lexicon_id	scope	surface_examples	default_English	source_class	confidence	events	pages	inheritance_context_rule
00d8ebe3c68294eeac39	PROSE_EXACT_CARD	chdal	with the foregoing mixture	APPLICATION_PHRASE	.16	1	f83r	CONTEXT_DEFAULT: page/register and field ecology select this low-confidence expansion.
0275fbf14e07935b0a45	PROSE_EXACT_CARD	okeey|qokeey	temper the working liquid and keep it lukewarm	TEMPER_LUKEWARM	.68	7	f81v|f82r|f83r	V18 six-card full-process consensus; one concrete default across occurrences.
03626ca94cb17800d767	PROSE_EXACT_CARD	sheedy	wash once; close the rubric	COMMITTED_TECHNICAL_INSTRUCTION	.16	1	f83r	CONTEXT_DEFAULT: page/register and field ecology select this low-confidence expansion.
04a3877f0fc81b7597c9	PROSE_EXACT_CARD	ldy	draw it off; close the rubric	COMMITTED_TECHNICAL_INSTRUCTION	.24	2	f82r|f83r	Fixed exact-card default across all selected occurrences.
07913ef9b1fb773cd325	PROSE_EXACT_CARD	okchedy|qokchedy	let it cool; close the rubric	COMMITTED_TECHNICAL_INSTRUCTION	.24	2	f81v|f83r	Fixed exact-card default across all selected occurrences.
087a47b5423438cd6b6a	PROSE_EXACT_CARD	chokcheo	drunk for stomach pain	HERBAL_PHRASE	.16	1	f56r	CONTEXT_DEFAULT: page/register and field ecology select this low-confidence expansion.
08bd5ca0c2ad137a056d	PROSE_EXACT_CARD	okey|qokey	warm water	APPLICATION_PHRASE	.24	2	f81v|f82r	Fixed exact-card default across all selected occurrences.
0ab57b7166de99db3a55	PROSE_EXACT_CARD	lchy	draw off the clear liquid	APPLICATION_CLAUSE_HEAD	.16	1	f82r	CONTEXT_DEFAULT: page/register and field ecology select this low-confidence expansion.
0bdc8b6db811b4e67a63	PROSE_EXACT_CARD	chary	and let it cool	APPLICATION_CLAUSE_END	.16	1	f83r	CONTEXT_DEFAULT: page/register and field ecology select this low-confidence expansion.
0ec6a45e2950e8e7061d	PROSE_EXACT_CARD	chodaly	the lower root	HERBAL_PHRASE	.16	1	f56r	CONTEXT_DEFAULT: page/register and field ecology select this low-confidence expansion.
0f15effeca7ab10bb026	PROSE_EXACT_CARD	lchedar	cool water	APPLICATION_PHRASE	.16	1	f82r	CONTEXT_DEFAULT: page/register and field ecology select this low-confidence expansion.
0f18de177ed7c878bf95	PROSE_EXACT_CARD	dl	the prepared oil	APPLICATION_PHRASE	.24	2	f81v	Fixed exact-card default across all selected occurrences.
10488b911aae52b3b334	PROSE_EXACT_CARD	otchor|qotchor	gathered before flowering	HERBAL_PHRASE	.24	2	f10r|f56r	Fixed exact-card default across all selected occurrences.
12efe866f335461823a6	PROSE_EXACT_CARD	chair	a reddish stem	HERBAL_PHRASE	.16	1	f10r	CONTEXT_DEFAULT: page/register and field ecology select this low-confidence expansion.
1322bc176443fc2a8a86	PROSE_EXACT_CARD	qokokchy	and dry it in shade	HERBAL_CLAUSE_END	.16	1	f56r	CONTEXT_DEFAULT: page/register and field ecology select this low-confidence expansion.
1496a731803a9f48d2e1	PROSE_EXACT_CARD	rol	before it cools	APPLICATION_PHRASE	.16	1	f81v	CONTEXT_DEFAULT: page/register and field ecology select this low-confidence expansion.
1645e612504fcef59ced	PROSE_EXACT_CARD	okain|qokain	add one measured portion to the vessel	MEASURED_ADDITION	.55	7	f81v|f82r|f83r	V17 recurrent-deck consensus; use one core expansion across all fixed-page occurrences.
1779decef17481ec2853	PROSE_EXACT_CARD	qotedaiin	the broad vessel	APPLICATION_PHRASE	.16	1	f83r	CONTEXT_DEFAULT: page/register and field ecology select this low-confidence expansion.
1b1ffdd869fb1429ad03	PROSE_EXACT_CARD	oldy	boil gently; close the rubric	COMMITTED_TECHNICAL_INSTRUCTION	.24	2	f55v|f83r	Fixed exact-card default across all selected occurrences.
1bfd786e6b8b63734a59	PROSE_EXACT_CARD	solkeey	place the person at the basin	APPLICATION_CLAUSE_HEAD	.16	1	f83r	CONTEXT_DEFAULT: page/register and field ecology select this low-confidence expansion.
204b04837409088c48f9	PROSE_EXACT_CARD	oltchy	kept in a covered jar	HERBAL_PHRASE	.16	1	f55v	CONTEXT_DEFAULT: page/register and field ecology select this low-confidence expansion.
21ed2873b71e57269c08	PROSE_EXACT_CARD	chckhal	for the stated duration	APPLICATION_CLAUSE_END	.16	1	f83r	CONTEXT_DEFAULT: page/register and field ecology select this low-confidence expansion.
22fb87a5a83e5c3fb510	PROSE_EXACT_CARD	kair	the returning flow	APPLICATION_PHRASE	.16	1	f81v	CONTEXT_DEFAULT: page/register and field ecology select this low-confidence expansion.
232195d6ff2f326322f7	PROSE_EXACT_CARD	qokol	let the mixture enter	APPLICATION_CLAUSE_HEAD	.16	1	f83r	CONTEXT_DEFAULT: page/register and field ecology select this low-confidence expansion.
259b2b3b0bf859882e2c	PROSE_EXACT_CARD	dchedy|schedy|tchedy	wash the used vessel or channel through once; end this instruction	APPARATUS_WASH_THROUGH_CLOSE	.61	4	f81v|f82r|f83r	V18 six-card full-process consensus; one concrete default across occurrences.
276a7c2d74d1143446f4	PROSE_EXACT_CARD	choky|oky|qoky	apply or use this portion	APPLICATION_ACTION	.61	10	f10r|f56r|f81v|f82r|f83r	V17 recurrent-deck consensus; use one core expansion across all fixed-page occurrences.
27d97af8c96eb056c2e6	PROSE_EXACT_CARD	oykchor	its flower appears	HERBAL_CLAUSE_HEAD	.16	1	f10r	CONTEXT_DEFAULT: page/register and field ecology select this low-confidence expansion.
28ffbc88b97772a75f1e	PROSE_EXACT_CARD	olchedy|qolchedy	set the mixed liquid aside in a covered receiving vessel; end this instruction	RESERVE_MIXED_LIQUID_CLOSE	.60	3	f81v|f82r|f83r	V18 six-card full-process consensus; one concrete default across occurrences.
29e0eb222ef2fb99523a	PROSE_EXACT_CARD	lar	close the lower outlet	APPLICATION_CLAUSE_HEAD	.16	1	f82r	CONTEXT_DEFAULT: page/register and field ecology select this low-confidence expansion.
2b7fa918d1b2f5c656e3	PROSE_EXACT_CARD	lo	close the lower outlet	APPLICATION_CLAUSE_HEAD	.16	1	f83r	CONTEXT_DEFAULT: page/register and field ecology select this low-confidence expansion.
2bc2ed2630dbdaaa6b59	PROSE_EXACT_CARD	dalchdy	retain the residue; close the rubric	COMMITTED_TECHNICAL_INSTRUCTION	.16	1	f83r	CONTEXT_DEFAULT: page/register and field ecology select this low-confidence expansion.
2c1a5fd92b9e3c762242	PROSE_EXACT_CARD	cheeky	while still warm	PORTABLE_TECHNICAL_PHRASE	.24	2	f55v|f83r	Fixed exact-card default across all selected occurrences.
2c82523794dcb7d2b343	PROSE_EXACT_CARD	oiiin|soiiin	until clear	APPLICATION_PHRASE	.24	2	f81v|f83r	Fixed exact-card default across all selected occurrences.
2cc054357a929df85f64	PROSE_EXACT_CARD	cho|sho	then take the following ingredient or plant part	NEXT_DOSSIER_DETAIL	.65	4	f56r	V18 six-card full-process consensus; one concrete default across occurrences.
2cc8bb3c2af19607888f	PROSE_EXACT_CARD	chckhy|shckhy	through the connected channels	CHANNEL_ROUTE	.52	4	f81v|f82r	V17 recurrent-deck consensus; use one core expansion across all fixed-page occurrences.
2d2e37ccb2dacc53ee5a	PROSE_EXACT_CARD	solkaiin	through a cloth	APPLICATION_PHRASE	.16	1	f82r	CONTEXT_DEFAULT: page/register and field ecology select this low-confidence expansion.
2e2027b1951d79911e24	PROSE_EXACT_CARD	tchody	leave the outlet open; close the rubric	COMMITTED_TECHNICAL_INSTRUCTION	.16	1	f11r	CONTEXT_DEFAULT: page/register and field ecology select this low-confidence expansion.
2e7e89e0bd12b999c280	PROSE_EXACT_CARD	lshedy	wash twice; close the rubric	COMMITTED_TECHNICAL_INSTRUCTION	.24	2	f81v	Fixed exact-card default across all selected occurrences.
2f1c5e56e8f0ff459065	PROSE_EXACT_CARD	aiin|chaiin|daiin|saiin|taiin	in the stated or usual measure	MEASURE_REFERENCE	.66	20	f10r|f11r|f55v|f56r|f81v|f82r|f83r	V17 recurrent-deck consensus; use one core expansion across all fixed-page occurrences.
308e8ea2d5d190c498e8	PROSE_EXACT_CARD	okal|qokal	mix the two portions together	COMBINE_PORTIONS	.54	6	f55v|f81v|f82r|f83r	V17 recurrent-deck consensus; use one core expansion across all fixed-page occurrences.
322281bd391aa621f568	PROSE_EXACT_CARD	okchol	applied while warm	HERBAL_PHRASE	.16	1	f11r	CONTEXT_DEFAULT: page/register and field ecology select this low-confidence expansion.
342c3f0777337648f4b3	PROSE_EXACT_CARD	cheedar	place the person at the basin	APPLICATION_CLAUSE_HEAD	.16	1	f83r	CONTEXT_DEFAULT: page/register and field ecology select this low-confidence expansion.
348e81ba084c5acdb32b	PROSE_EXACT_CARD	shecthedchy	apply at the marked place	APPLICATION_CLAUSE_HEAD	.16	1	f83r	CONTEXT_DEFAULT: page/register and field ecology select this low-confidence expansion.
3ae9a121ba0045b913e8	PROSE_EXACT_CARD	qokar	over the local place	APPLICATION_PHRASE	.16	1	f82r	CONTEXT_DEFAULT: page/register and field ecology select this low-confidence expansion.
3b70942557b3a40e8030	PROSE_EXACT_CARD	olkeedy|solkeedy	let the liquid settle; end this instruction	SETTLE_LIQUID_CLOSE	.52	3	f81v|f83r	V17 recurrent-deck consensus; use one core expansion across all fixed-page occurrences.
3e9c7f217843b588489d	PROSE_EXACT_CARD	raly	the first opening	APPLICATION_PHRASE	.16	1	f83r	CONTEXT_DEFAULT: page/register and field ecology select this low-confidence expansion.
403c1592f918c8f23b88	PROSE_EXACT_CARD	ykain	boiled gently	HERBAL_PHRASE	.16	1	f55v	CONTEXT_DEFAULT: page/register and field ecology select this low-confidence expansion.
409de02322e7b2ca0c62	PROSE_EXACT_CARD	kaiiin	a bitter taste	HERBAL_PHRASE	.16	1	f10r	CONTEXT_DEFAULT: page/register and field ecology select this low-confidence expansion.
428a5e3662aa57b4b256	PROSE_EXACT_CARD	schoal	shaded woodland	HERBAL_PHRASE	.16	1	f11r	CONTEXT_DEFAULT: page/register and field ecology select this low-confidence expansion.
42cdc187d5b9ffc60063	PROSE_EXACT_CARD	solkey	next open the upper channel	APPLICATION_CLAUSE_HEAD	.16	1	f83r	CONTEXT_DEFAULT: page/register and field ecology select this low-confidence expansion.
433713294b25b0a12f66	PROSE_EXACT_CARD	lchedal	the lower basin	APPLICATION_PHRASE	.16	1	f81v	CONTEXT_DEFAULT: page/register and field ecology select this low-confidence expansion.
43eb9aa12959b4d5cdc9	PROSE_EXACT_CARD	qekey	without boiling	APPLICATION_PHRASE	.16	1	f83r	CONTEXT_DEFAULT: page/register and field ecology select this low-confidence expansion.
497cbd9c7401810ff56b	PROSE_EXACT_CARD	otol	a handful	HERBAL_PHRASE	.16	1	f10r	CONTEXT_DEFAULT: page/register and field ecology select this low-confidence expansion.
4a7a6326ac95a8809302	PROSE_EXACT_CARD	qokaly	continue at the second conduit	APPLICATION_CLAUSE_HEAD	.16	1	f82r	CONTEXT_DEFAULT: page/register and field ecology select this low-confidence expansion.
4d4559019a961b834aa1	PROSE_EXACT_CARD	char|dar|sar	from the same prepared batch	SAME_PREPARED_BATCH_REFERENCE	.66	5	f10r|f81v|f82r|f83r	V18 six-card full-process consensus; one concrete default across occurrences.
4da0f0f7b5fc7ac20067	PROSE_EXACT_CARD	ral	and let it cool	APPLICATION_CLAUSE_END	.16	1	f81v	CONTEXT_DEFAULT: page/register and field ecology select this low-confidence expansion.
4de12cf322dfb76ded1e	PROSE_EXACT_CARD	otchedy|qotchedy	mix in equal shares; close the rubric	COMMITTED_TECHNICAL_INSTRUCTION	.24	2	f83r	Fixed exact-card default across all selected occurrences.
4eab1841ed655c20a348	PROSE_EXACT_CARD	sheckhal	a moderate quantity	APPLICATION_PHRASE	.16	1	f81v	CONTEXT_DEFAULT: page/register and field ecology select this low-confidence expansion.
53cd0637c6820ba5e91f	PROSE_EXACT_CARD	dain	through a cloth	APPLICATION_PHRASE	.24	2	f83r	Fixed exact-card default across all selected occurrences.
54d0e228ca346110af05	PROSE_EXACT_CARD	otaiin|sotaiin	for the same interval as before	DURATION_REFERENCE	.50	3	f82r|f83r	V17 recurrent-deck consensus; use one core expansion across all fixed-page occurrences.
54e32e9c1414b20640e9	PROSE_EXACT_CARD	sshkchdy	keep it warm; close the rubric	COMMITTED_TECHNICAL_INSTRUCTION	.16	1	f81v	CONTEXT_DEFAULT: page/register and field ecology select this low-confidence expansion.
577c03a928d674d420d7	PROSE_EXACT_CARD	shoyty	its flower appears	HERBAL_CLAUSE_HEAD	.16	1	f11r	CONTEXT_DEFAULT: page/register and field ecology select this low-confidence expansion.
5d5e0b288cf36864ed9d	PROSE_EXACT_CARD	oteey	the prepared oil	APPLICATION_PHRASE	.24	2	f82r	Fixed exact-card default across all selected occurrences.
5e8441397e7c0faf042b	PROSE_EXACT_CARD	chedchy	pour in the warmed water	APPLICATION_CLAUSE_HEAD	.16	1	f83r	CONTEXT_DEFAULT: page/register and field ecology select this low-confidence expansion.
5eff216ba51fbfb21f22	PROSE_EXACT_CARD	ls	the first opening	APPLICATION_PHRASE	.16	1	f82r	CONTEXT_DEFAULT: page/register and field ecology select this low-confidence expansion.
5fca8fc3dee57e1d8c1f	PROSE_EXACT_CARD	lcheey	the immersed part	APPLICATION_PHRASE	.16	1	f82r	CONTEXT_DEFAULT: page/register and field ecology select this low-confidence expansion.
601b77449028deed39de	PROSE_EXACT_CARD	otchdy	draw it off; close the rubric	COMMITTED_TECHNICAL_INSTRUCTION	.16	1	f83r	CONTEXT_DEFAULT: page/register and field ecology select this low-confidence expansion.
61a075bc54793c1c781f	PROSE_EXACT_CARD	sotodan	and use it fresh	HERBAL_CLAUSE_END	.16	1	f56r	CONTEXT_DEFAULT: page/register and field ecology select this low-confidence expansion.
62ff059766b21c7de083	PROSE_EXACT_CARD	otytchol	drunk for stomach pain	HERBAL_PHRASE	.16	1	f10r	CONTEXT_DEFAULT: page/register and field ecology select this low-confidence expansion.
65df3cd9e59060042d47	PROSE_EXACT_CARD	pchedy	draw it off; close the rubric	COMMITTED_TECHNICAL_INSTRUCTION	.16	1	f82r	CONTEXT_DEFAULT: page/register and field ecology select this low-confidence expansion.
65f320e75510b2f38182	PROSE_EXACT_CARD	dchey	the pictured simple is called local-name-65F32	HERBAL_CLAUSE_HEAD	.16	1	f10r	CONTEXT_DEFAULT: page/register and field ecology select this low-confidence expansion.
6afeb5c9ab9f6cbdea0d	PROSE_EXACT_CARD	orain	and use it fresh	HERBAL_CLAUSE_END	.16	1	f55v	CONTEXT_DEFAULT: page/register and field ecology select this low-confidence expansion.
6b89d6dd70635bc60fe0	PROSE_EXACT_CARD	qcthey|shcthey	under the same setting	APPLICATION_PHRASE	.24	2	f82r|f83r	Fixed exact-card default across all selected occurrences.
6f7ff8287eddf4da9fdb	PROSE_EXACT_CARD	chdy|chedy	stir until evenly mixed	MIXING_ACTION	.62	11	f55v|f81v|f83r	V17 recurrent-deck consensus; use one core expansion across all fixed-page occurrences.
7249edc4df3419c26999	PROSE_EXACT_CARD	ycheor	it is found in	HERBAL_CLAUSE_HEAD	.16	1	f10r	CONTEXT_DEFAULT: page/register and field ecology select this low-confidence expansion.
74c76d589d44120f647b	PROSE_EXACT_CARD	dsheol	apply at the marked place	APPLICATION_CLAUSE_HEAD	.16	1	f81v	CONTEXT_DEFAULT: page/register and field ecology select this low-confidence expansion.
75a523fcf039b006f97b	PROSE_EXACT_CARD	kchal	and dry it in shade	HERBAL_CLAUSE_END	.16	1	f56r	CONTEXT_DEFAULT: page/register and field ecology select this low-confidence expansion.
7811a7daff25d476e28d	PROSE_EXACT_CARD	olsaly	the lower basin	APPLICATION_PHRASE	.16	1	f83r	CONTEXT_DEFAULT: page/register and field ecology select this low-confidence expansion.
78b3b3140714da19090d	PROSE_EXACT_CARD	daldy	repeat at the second opening; close the rubric	COMMITTED_TECHNICAL_INSTRUCTION	.16	1	f82r	CONTEXT_DEFAULT: page/register and field ecology select this low-confidence expansion.
7a4bb8136330ee4e6e56	PROSE_EXACT_CARD	chor|or|shor|sor	the prepared decoction or working liquid	PREPARED_LIQUID	.53	7	f10r|f55v|f83r	V17 recurrent-deck consensus; use one core expansion across all fixed-page occurrences.
7d2404c835b10a2c06af	PROSE_EXACT_CARD	okair	next open the upper channel	APPLICATION_CLAUSE_HEAD	.16	1	f83r	CONTEXT_DEFAULT: page/register and field ecology select this low-confidence expansion.
7d25241b0e56c836372a	PROSE_EXACT_CARD	qokeedy	bathe or immerse in the tempered warm liquid; end this instruction	TEMPERED_IMMERSION_CLOSE	.52	10	f82r|f83r	V17 recurrent-deck consensus; use one core expansion across all fixed-page occurrences.
7db18b2f0fb7ed0fcfd3	PROSE_EXACT_CARD	qokedy	rinse the indicated place once; end this instruction	LOCAL_RINSE_CLOSE	.50	8	f81v|f83r	V17 recurrent-deck consensus; use one core expansion across all fixed-page occurrences.
7f68f60279efe6b28cd7	PROSE_EXACT_CARD	rshedy	drink the stated portion; close the rubric	COMMITTED_TECHNICAL_INSTRUCTION	.16	1	f82r	CONTEXT_DEFAULT: page/register and field ecology select this low-confidence expansion.
807591efc3d3f7ddbfab	PROSE_EXACT_CARD	cheoar	white wine	HERBAL_PHRASE	.16	1	f55v	CONTEXT_DEFAULT: page/register and field ecology select this low-confidence expansion.
80ebbbbf238eee9f0aef	PROSE_EXACT_CARD	chety|chty	until evenly joined	PORTABLE_TECHNICAL_PHRASE	.24	2	f10r|f83r	Fixed exact-card default across all selected occurrences.
834825c61d048a6b5628	PROSE_EXACT_CARD	chodaiin	and preserve it in oil	HERBAL_CLAUSE_END	.16	1	f10r	CONTEXT_DEFAULT: page/register and field ecology select this low-confidence expansion.
87411f84689b4f93a303	PROSE_EXACT_CARD	qokchdy	heat it once; end this instruction	HEAT_ONCE_CLOSE	.49	3	f81v|f83r	V17 recurrent-deck consensus; use one core expansion across all fixed-page occurrences.
883a6708116c342cb10b	PROSE_EXACT_CARD	skar	pour in the warmed water	APPLICATION_CLAUSE_HEAD	.16	1	f83r	CONTEXT_DEFAULT: page/register and field ecology select this low-confidence expansion.
893c570f3fa3fce99711	PROSE_EXACT_CARD	kchol	white wine	HERBAL_PHRASE	.16	1	f56r	CONTEXT_DEFAULT: page/register and field ecology select this low-confidence expansion.
8aedd154964a78e555d6	PROSE_EXACT_CARD	dairydy	use immediately; close the rubric	COMMITTED_TECHNICAL_INSTRUCTION	.16	1	f83r	CONTEXT_DEFAULT: page/register and field ecology select this low-confidence expansion.
8c97dfde96fbc78e3355	PROSE_EXACT_CARD	lol	until warm	APPLICATION_PHRASE	.16	1	f83r	CONTEXT_DEFAULT: page/register and field ecology select this low-confidence expansion.
90bcf0a9ec0ef56399e6	PROSE_EXACT_CARD	otal|qotal	toward the lower outlet	LOWER_OUTLET_DIRECTION	.57	3	f83r	V17 recurrent-deck consensus; use one core expansion across all fixed-page occurrences.
9247e38d29c79a0d2fa5	PROSE_EXACT_CARD	cheeety	after the first rinse	APPLICATION_PHRASE	.16	1	f83r	CONTEXT_DEFAULT: page/register and field ecology select this low-confidence expansion.
92e43836d82f98bf02d3	PROSE_EXACT_CARD	sheey	the first opening	APPLICATION_PHRASE	.16	1	f83r	CONTEXT_DEFAULT: page/register and field ecology select this low-confidence expansion.
93f69c38fdedee1598e9	PROSE_EXACT_CARD	qokeedal	the immersed part	APPLICATION_PHRASE	.16	1	f81v	CONTEXT_DEFAULT: page/register and field ecology select this low-confidence expansion.
94df4847b7b16c98394a	PROSE_EXACT_CARD	olkain|qolkain	the lower basin	APPLICATION_PHRASE	.24	2	f81v|f83r	Fixed exact-card default across all selected occurrences.
953ad19b79517fc8a211	PROSE_EXACT_CARD	tshol	gather it in spring	HERBAL_CLAUSE_HEAD	.16	1	f11r	CONTEXT_DEFAULT: page/register and field ecology select this low-confidence expansion.
95987d6f198d6d247511	PROSE_EXACT_CARD	cheeckhody	leave the outlet open; close the rubric	COMMITTED_TECHNICAL_INSTRUCTION	.16	1	f56r	CONTEXT_DEFAULT: page/register and field ecology select this low-confidence expansion.
97cc9ac109148723c472	PROSE_EXACT_CARD	ody	steep until clear; close the rubric	COMMITTED_TECHNICAL_INSTRUCTION	.16	1	f55v	CONTEXT_DEFAULT: page/register and field ecology select this low-confidence expansion.
97ddca78c9ebcc956d04	PROSE_EXACT_CARD	ldalor	at the indicated place	APPLICATION_CLAUSE_END	.16	1	f83r	CONTEXT_DEFAULT: page/register and field ecology select this low-confidence expansion.
98bdc4244c84cbef3321	PROSE_EXACT_CARD	rsheal	pour in the warmed water	APPLICATION_CLAUSE_HEAD	.16	1	f82r	CONTEXT_DEFAULT: page/register and field ecology select this low-confidence expansion.
9ad66e67803a12e745de	PROSE_EXACT_CARD	chokchy|okchy|qokchy	use the freshly prepared remedy	FRESH_PREPARATION	.52	3	f10r|f56r	V17 recurrent-deck consensus; use one core expansion across all fixed-page occurrences.
9bb7122b386ebbc6138f	PROSE_EXACT_CARD	keol	a pale flower	HERBAL_PHRASE	.16	1	f56r	CONTEXT_DEFAULT: page/register and field ecology select this low-confidence expansion.
9da1b6ac2c929daea697	PROSE_EXACT_CARD	chkain|kain	one measured portion	MEASURED_PORTION	.54	3	f81v|f83r	V17 recurrent-deck consensus; use one core expansion across all fixed-page occurrences.
a06244ef1f2b37ca44c1	PROSE_EXACT_CARD	teol	the first opening	APPLICATION_PHRASE	.16	1	f81v	CONTEXT_DEFAULT: page/register and field ecology select this low-confidence expansion.
a48efd6c4491a046ba78	PROSE_EXACT_CARD	qotchy	the pictured simple is called local-name-A48EF	HERBAL_CLAUSE_HEAD	.16	1	f11r	CONTEXT_DEFAULT: page/register and field ecology select this low-confidence expansion.
a6939862e33ece5a0483	PROSE_EXACT_CARD	etyd	and keep the root	HERBAL_CLAUSE_END	.16	1	f10r	CONTEXT_DEFAULT: page/register and field ecology select this low-confidence expansion.
a7af89ab31ce5e247395	PROSE_EXACT_CARD	ytey	then fill the vessel	APPLICATION_CLAUSE_HEAD	.16	1	f81v	CONTEXT_DEFAULT: page/register and field ecology select this low-confidence expansion.
a84fbe3ad380df345b97	PROSE_EXACT_CARD	chkeedy	immerse fully; close the rubric	COMMITTED_TECHNICAL_INSTRUCTION	.16	1	f83r	CONTEXT_DEFAULT: page/register and field ecology select this low-confidence expansion.
a8af08e69edab8e54f15	PROSE_EXACT_CARD	shfydaiin	strained through cloth	HERBAL_PHRASE	.16	1	f11r	CONTEXT_DEFAULT: page/register and field ecology select this low-confidence expansion.
a8f891de626fc00028e9	PROSE_EXACT_CARD	octheol	under the same setting	APPLICATION_PHRASE	.16	1	f82r	CONTEXT_DEFAULT: page/register and field ecology select this low-confidence expansion.
abb23e5e6936b4147f76	PROSE_EXACT_CARD	shedal	for one interval	APPLICATION_PHRASE	.24	2	f83r	Fixed exact-card default across all selected occurrences.
ad3581d3144f69a5912d	PROSE_EXACT_CARD	sh	its seed is	HERBAL_CLAUSE_HEAD	.16	1	f56r	CONTEXT_DEFAULT: page/register and field ecology select this low-confidence expansion.
af816c04e65874a0f2fa	PROSE_EXACT_CARD	qoctholy	boiled gently	HERBAL_PHRASE	.16	1	f10r	CONTEXT_DEFAULT: page/register and field ecology select this low-confidence expansion.
b154ff779abe5f196c80	PROSE_EXACT_CARD	schedair	draw off the clear liquid	APPLICATION_CLAUSE_HEAD	.16	1	f83r	CONTEXT_DEFAULT: page/register and field ecology select this low-confidence expansion.
b2812c8283c3a62438bd	PROSE_EXACT_CARD	kchy	used against swelling	HERBAL_PHRASE	.16	1	f11r	CONTEXT_DEFAULT: page/register and field ecology select this low-confidence expansion.
b38d70daefd663d74625	PROSE_EXACT_CARD	ly	then fill the vessel	APPLICATION_CLAUSE_HEAD	.16	1	f81v	CONTEXT_DEFAULT: page/register and field ecology select this low-confidence expansion.
b5df9126607030b95175	PROSE_EXACT_CARD	cheey|shey	until the liquid runs clear	CLARITY_GATE	.57	4	f11r|f82r|f83r	V17 recurrent-deck consensus; use one core expansion across all fixed-page occurrences.
b5fcea1eaed06b2f2291	PROSE_EXACT_CARD	okaiin|qokaiin	take up the next portion or instruction	NEXT_PORTION_HEAD	.68	9	f55v|f81v|f82r|f83r	V17 recurrent-deck consensus; use one core expansion across all fixed-page occurrences.
b6b654722e55729cc947	PROSE_EXACT_CARD	otar	then use the lower outlet	APPLICATION_CLAUSE_END	.16	1	f81v	CONTEXT_DEFAULT: page/register and field ecology select this low-confidence expansion.
b74e9e65637b7c8538dd	PROSE_EXACT_CARD	kchey	the dried leaf	HERBAL_PHRASE	.16	1	f56r	CONTEXT_DEFAULT: page/register and field ecology select this low-confidence expansion.
b921a237be883a820352	PROSE_EXACT_CARD	chey|chy|dy|shy|sy|y	this present portion	CURRENT_PORTION	.56	18	f10r|f11r|f55v|f81v|f82r|f83r	V17 recurrent-deck consensus; use one core expansion across all fixed-page occurrences.
b958a512ca6a3559e86e	PROSE_EXACT_CARD	lkedy	wash twice; close the rubric	COMMITTED_TECHNICAL_INSTRUCTION	.16	1	f83r	CONTEXT_DEFAULT: page/register and field ecology select this low-confidence expansion.
b9d7b6d68209a9019e7a	PROSE_EXACT_CARD	chochor	gather it in spring	HERBAL_CLAUSE_HEAD	.16	1	f56r	CONTEXT_DEFAULT: page/register and field ecology select this low-confidence expansion.
ba540da978ea132f6da5	PROSE_EXACT_CARD	pchedal	then fill the vessel	APPLICATION_CLAUSE_HEAD	.16	1	f83r	CONTEXT_DEFAULT: page/register and field ecology select this low-confidence expansion.
ba8142680851f24c9ff2	PROSE_EXACT_CARD	lched	and proceed to the next basin	APPLICATION_CLAUSE_END	.16	1	f82r	CONTEXT_DEFAULT: page/register and field ecology select this low-confidence expansion.
bc4f1f5c006c74a4d26d	PROSE_EXACT_CARD	cheedy|shedy|tedy	let it stand until ready; end this instruction	SETTLE_READY_CLOSE	.48	12	f81v|f82r|f83r	V17 recurrent-deck consensus; use one core expansion across all fixed-page occurrences.
bdad9f9ea8b80f141496	PROSE_EXACT_CARD	cfhy	gathered before flowering	HERBAL_PHRASE	.16	1	f11r	CONTEXT_DEFAULT: page/register and field ecology select this low-confidence expansion.
be0974b366c981dc1eef	PROSE_EXACT_CARD	lsho	begin the rinsing	APPLICATION_CLAUSE_HEAD	.16	1	f81v	CONTEXT_DEFAULT: page/register and field ecology select this low-confidence expansion.
c10aec6d4dd877ec8bd8	PROSE_EXACT_CARD	choy	shaded woodland	HERBAL_PHRASE	.16	1	f56r	CONTEXT_DEFAULT: page/register and field ecology select this low-confidence expansion.
c1913ec4ff84148da6d3	PROSE_EXACT_CARD	sheckhy	over the local place	APPLICATION_PHRASE	.16	1	f82r	CONTEXT_DEFAULT: page/register and field ecology select this low-confidence expansion.
c1db6b0a28d5cbb5d3d2	PROSE_EXACT_CARD	lcheckhedy	strain it clear; close the rubric	COMMITTED_TECHNICAL_INSTRUCTION	.16	1	f82r	CONTEXT_DEFAULT: page/register and field ecology select this low-confidence expansion.
c205570c49d4d93c23d3	PROSE_EXACT_CARD	qolky	the affected place	APPLICATION_PHRASE	.16	1	f81v	CONTEXT_DEFAULT: page/register and field ecology select this low-confidence expansion.
c45ebac60774620561e2	PROSE_EXACT_CARD	otedy	steep until clear; close the rubric	COMMITTED_TECHNICAL_INSTRUCTION	.24	2	f83r	Fixed exact-card default across all selected occurrences.
c71c72da4e09e0833392	PROSE_EXACT_CARD	kchoar	honey	HERBAL_PHRASE	.16	1	f56r	CONTEXT_DEFAULT: page/register and field ecology select this low-confidence expansion.
cb57b696b815fdef9cb7	PROSE_EXACT_CARD	shecthy	warm water	APPLICATION_PHRASE	.16	1	f83r	CONTEXT_DEFAULT: page/register and field ecology select this low-confidence expansion.
cbb42a4fe68068325d6b	PROSE_EXACT_CARD	dshedy	add clean water; close the rubric	COMMITTED_TECHNICAL_INSTRUCTION	.16	1	f82r	CONTEXT_DEFAULT: page/register and field ecology select this low-confidence expansion.
d225b7a7b95da7aee437	PROSE_EXACT_CARD	dchdy	strain it clear; close the rubric	COMMITTED_TECHNICAL_INSTRUCTION	.16	1	f81v	CONTEXT_DEFAULT: page/register and field ecology select this low-confidence expansion.
d25110e0d8488927278f	PROSE_EXACT_CARD	qokeeedy	immerse fully; close the rubric	COMMITTED_TECHNICAL_INSTRUCTION	.16	1	f82r	CONTEXT_DEFAULT: page/register and field ecology select this low-confidence expansion.
d4a31dbcf1ed6d9e5aa9	PROSE_EXACT_CARD	tshey	begin the rinsing	APPLICATION_CLAUSE_HEAD	.16	1	f82r	CONTEXT_DEFAULT: page/register and field ecology select this low-confidence expansion.
d665560c8ff80799a82c	PROSE_EXACT_CARD	dchol|schol	the pictured simple is called local-name-D6655	HERBAL_CLAUSE_HEAD	.24	2	f11r|f56r	Fixed exact-card default across all selected occurrences.
d68bc8de3bcee09db23c	PROSE_EXACT_CARD	shckhedy	strain it once through cloth; end this instruction	CLOTH_STRAIN_CLOSE	.54	3	f81v|f83r	V17 recurrent-deck consensus; use one core expansion across all fixed-page occurrences.
d72f71baff01cd0a0406	PROSE_EXACT_CARD	chldaiin	after settling	APPLICATION_PHRASE	.16	1	f83r	CONTEXT_DEFAULT: page/register and field ecology select this low-confidence expansion.
d784b2abcaf1a3703de2	PROSE_EXACT_CARD	chedain	begin the rinsing	APPLICATION_CLAUSE_HEAD	.16	1	f83r	CONTEXT_DEFAULT: page/register and field ecology select this low-confidence expansion.
d788d8d72d41b25a3c71	PROSE_EXACT_CARD	chealror	until the flow clears	APPLICATION_CLAUSE_END	.16	1	f83r	CONTEXT_DEFAULT: page/register and field ecology select this low-confidence expansion.
d904bf7b044dd3922781	PROSE_EXACT_CARD	cheky	over a gentle heat	GENTLE_HEAT	.55	3	f81v|f83r	V17 recurrent-deck consensus; use one core expansion across all fixed-page occurrences.
d929a14ec45749b2e805	PROSE_EXACT_CARD	ykan	white wine	HERBAL_PHRASE	.16	1	f55v	CONTEXT_DEFAULT: page/register and field ecology select this low-confidence expansion.
daa1347f456415fe8737	PROSE_EXACT_CARD	solshedy	keep it warm; close the rubric	COMMITTED_TECHNICAL_INSTRUCTION	.16	1	f82r	CONTEXT_DEFAULT: page/register and field ecology select this low-confidence expansion.
daf32e6db9e04413ce7f	PROSE_EXACT_CARD	okeeol	the broad vessel	APPLICATION_PHRASE	.16	1	f83r	CONTEXT_DEFAULT: page/register and field ecology select this low-confidence expansion.
db167f8e9b53eefb58f8	PROSE_EXACT_CARD	qokshedy	boil gently; close the rubric	COMMITTED_TECHNICAL_INSTRUCTION	.16	1	f83r	CONTEXT_DEFAULT: page/register and field ecology select this low-confidence expansion.
db729b598e89e11452e0	PROSE_EXACT_CARD	ches	in equal portions	APPLICATION_PHRASE	.16	1	f82r	CONTEXT_DEFAULT: page/register and field ecology select this low-confidence expansion.
dcda95c81a5460feb191	PROSE_EXACT_CARD	cheol|chol|ol|qol|sol|tol	with the foregoing preparation	PREPARATION_REFERENCE	.67	19	f10r|f81v|f83r	V17 recurrent-deck consensus; use one core expansion across all fixed-page occurrences.
dd0ecaf5e27d81befffc	PROSE_EXACT_CARD	al|chal|cheal|dal|sal|tal	at the place indicated by the drawing	PICTURE_LOCAL_REFERENCE	.58	10	f56r|f81v|f82r|f83r	V17 recurrent-deck consensus; use one core expansion across all fixed-page occurrences.
de7321bface5628e35d6	PROSE_EXACT_CARD	lchedy	let the spent liquid drain into the lower receiving vessel; end this instruction	DRAIN_TO_LOWER_RECEIVER_CLOSE	.71	8	f82r|f83r	V18 six-card full-process consensus; one concrete default across occurrences.
deb377381ceaf55ea310	PROSE_EXACT_CARD	cphy	strained through cloth	HERBAL_PHRASE	.16	1	f11r	CONTEXT_DEFAULT: page/register and field ecology select this low-confidence expansion.
dec401773c1f0347793d	PROSE_EXACT_CARD	cholor|olor	from the foregoing batch	PORTABLE_TECHNICAL_PHRASE	.24	2	f10r|f81v	Fixed exact-card default across all selected occurrences.
dedc383b600397a301ee	PROSE_EXACT_CARD	cthoor	kept in a covered jar	HERBAL_PHRASE	.16	1	f10r	CONTEXT_DEFAULT: page/register and field ecology select this low-confidence expansion.
df1098831679a8ad1b39	PROSE_EXACT_CARD	os	pounded to powder	HERBAL_PHRASE	.16	1	f10r	CONTEXT_DEFAULT: page/register and field ecology select this low-confidence expansion.
e026af581c99322fbd46	PROSE_EXACT_CARD	talam	wash once; close the rubric	COMMITTED_TECHNICAL_INSTRUCTION	.16	1	f55v	CONTEXT_DEFAULT: page/register and field ecology select this low-confidence expansion.
e0b630cb1b5df5e7105b	PROSE_EXACT_CARD	checthy|cthy|shcthy	when the preparation is ready	READINESS_CONDITION	.55	7	f10r|f11r|f83r	V17 recurrent-deck consensus; use one core expansion across all fixed-page occurrences.
e2eb77ca9d9e1a8ba29a	PROSE_EXACT_CARD	qolchey	then fill the vessel	APPLICATION_CLAUSE_HEAD	.16	1	f83r	CONTEXT_DEFAULT: page/register and field ecology select this low-confidence expansion.
e8a6105b5c3a6220b440	PROSE_EXACT_CARD	qotchol	applied while warm	HERBAL_PHRASE	.16	1	f10r	CONTEXT_DEFAULT: page/register and field ecology select this low-confidence expansion.
eb2e4bc143f623ee03ac	PROSE_EXACT_CARD	qokylddy	bind upon the place; close the rubric	COMMITTED_TECHNICAL_INSTRUCTION	.16	1	f83r	CONTEXT_DEFAULT: page/register and field ecology select this low-confidence expansion.
ecce30bc8dcc400bf2c8	PROSE_EXACT_CARD	qockhey	over the local place	APPLICATION_PHRASE	.16	1	f83r	CONTEXT_DEFAULT: page/register and field ecology select this low-confidence expansion.
f0db6d30cd34f4cb2a4d	PROSE_EXACT_CARD	chkeey	the broad vessel	APPLICATION_PHRASE	.16	1	f82r	CONTEXT_DEFAULT: page/register and field ecology select this low-confidence expansion.
f2af6326898fb5b490a4	PROSE_EXACT_CARD	lochedy	mix in equal shares; close the rubric	COMMITTED_TECHNICAL_INSTRUCTION	.16	1	f82r	CONTEXT_DEFAULT: page/register and field ecology select this low-confidence expansion.
f329f2051370174e9a38	PROSE_EXACT_CARD	lcheckhy	the second opening	APPLICATION_PHRASE	.16	1	f82r	CONTEXT_DEFAULT: page/register and field ecology select this low-confidence expansion.
f3c23f42baf625639e1e	PROSE_EXACT_CARD	cthaiin	the expressed juice	HERBAL_PHRASE	.16	1	f10r	CONTEXT_DEFAULT: page/register and field ecology select this low-confidence expansion.
f7dc90b2c31fd341f0a4	PROSE_EXACT_CARD	ykaiin	for its medicinal use	HERBAL_CLAUSE_HEAD	.16	1	f55v	CONTEXT_DEFAULT: page/register and field ecology select this low-confidence expansion.
faf321940aed922846a9	PROSE_EXACT_CARD	otchey	mark the following share	PORTABLE_CLAUSE_HEAD	.24	2	f56r|f83r	Fixed exact-card default across all selected occurrences.
fcc1deda9e24ec268eb0	PROSE_EXACT_CARD	daiiin	the second opening	APPLICATION_PHRASE	.16	1	f83r	CONTEXT_DEFAULT: page/register and field ecology select this low-confidence expansion.
ff178343c18e287ce3b7	PROSE_EXACT_CARD	qoteedy	bind upon the place; close the rubric	COMMITTED_TECHNICAL_INSTRUCTION	.24	2	f82r|f83r	Fixed exact-card default across all selected occurrences.
FORMULA_F3	PROSE_CONSTRUCTION	Y-AIIN-Y	both portions under the same stated standard	SHARED_STANDARD_CONSTRUCTION	.44	2	f10r|f83r	Exact three-card formula; inherited measure supplies the common standard.
ASTRO_f67r2_001_01	ASTRO_SPATIAL_TOKEN	ykshy	zodiac division 1: Aries	ZODIAC_DIVISION	.30	1	f67r2	Label role is inherited from the drawn twelvefold selector locus.
ASTRO_f67r2_001_02	ASTRO_SPATIAL_TOKEN	s	its ruling quality	ZODIAC_DIVISION	.30	1	f67r2	Label role is inherited from the drawn twelvefold selector locus.
ASTRO_f67r2_001_03	ASTRO_SPATIAL_TOKEN	aram	its application rule	ZODIAC_DIVISION	.30	1	f67r2	Label role is inherited from the drawn twelvefold selector locus.
ASTRO_f67r2_002_01	ASTRO_SPATIAL_TOKEN	ykecho	zodiac division 2: Taurus	ZODIAC_DIVISION	.30	1	f67r2	Label role is inherited from the drawn twelvefold selector locus.
ASTRO_f67r2_002_02	ASTRO_SPATIAL_TOKEN	ols	its ruling quality	ZODIAC_DIVISION	.30	1	f67r2	Label role is inherited from the drawn twelvefold selector locus.
ASTRO_f67r2_002_03	ASTRO_SPATIAL_TOKEN	eesydy	its application rule	ZODIAC_DIVISION	.30	1	f67r2	Label role is inherited from the drawn twelvefold selector locus.
ASTRO_f67r2_003_01	ASTRO_SPATIAL_TOKEN	ey	zodiac division 3: Gemini	ZODIAC_DIVISION	.30	1	f67r2	Label role is inherited from the drawn twelvefold selector locus.
ASTRO_f67r2_003_02	ASTRO_SPATIAL_TOKEN	shs	its ruling quality	ZODIAC_DIVISION	.30	1	f67r2	Label role is inherited from the drawn twelvefold selector locus.
ASTRO_f67r2_003_03	ASTRO_SPATIAL_TOKEN	okar	its application rule	ZODIAC_DIVISION	.30	1	f67r2	Label role is inherited from the drawn twelvefold selector locus.
ASTRO_f67r2_004_01	ASTRO_SPATIAL_TOKEN	shekchy	zodiac division 4: Cancer	ZODIAC_DIVISION	.30	1	f67r2	Label role is inherited from the drawn twelvefold selector locus.
ASTRO_f67r2_004_02	ASTRO_SPATIAL_TOKEN	sykos	its ruling quality	ZODIAC_DIVISION	.30	1	f67r2	Label role is inherited from the drawn twelvefold selector locus.
ASTRO_f67r2_005_01	ASTRO_SPATIAL_TOKEN	ykeody	zodiac division 5: Leo	ZODIAC_DIVISION	.30	1	f67r2	Label role is inherited from the drawn twelvefold selector locus.
ASTRO_f67r2_005_02	ASTRO_SPATIAL_TOKEN	okchy	its ruling quality	ZODIAC_DIVISION	.30	1	f67r2	Label role is inherited from the drawn twelvefold selector locus.
ASTRO_f67r2_006_01	ASTRO_SPATIAL_TOKEN	dchetay	zodiac division 6: Virgo	ZODIAC_DIVISION	.30	1	f67r2	Label role is inherited from the drawn twelvefold selector locus.
ASTRO_f67r2_007_01	ASTRO_SPATIAL_TOKEN	ykchy	zodiac division 7: Libra	ZODIAC_DIVISION	.30	1	f67r2	Label role is inherited from the drawn twelvefold selector locus.
ASTRO_f67r2_007_02	ASTRO_SPATIAL_TOKEN	kchey	its ruling quality	ZODIAC_DIVISION	.30	1	f67r2	Label role is inherited from the drawn twelvefold selector locus.
ASTRO_f67r2_007_03	ASTRO_SPATIAL_TOKEN	ykchys	its application rule	ZODIAC_DIVISION	.30	1	f67r2	Label role is inherited from the drawn twelvefold selector locus.
ASTRO_f67r2_008_01	ASTRO_SPATIAL_TOKEN	chkchdar	zodiac division 8: Scorpio	ZODIAC_DIVISION	.30	1	f67r2	Label role is inherited from the drawn twelvefold selector locus.
ASTRO_f67r2_009_01	ASTRO_SPATIAL_TOKEN	ykar	zodiac division 9: Sagittarius	ZODIAC_DIVISION	.30	1	f67r2	Label role is inherited from the drawn twelvefold selector locus.
ASTRO_f67r2_009_02	ASTRO_SPATIAL_TOKEN	ykaly	its ruling quality	ZODIAC_DIVISION	.30	1	f67r2	Label role is inherited from the drawn twelvefold selector locus.
ASTRO_f67r2_010_01	ASTRO_SPATIAL_TOKEN	lkshy	zodiac division 10: Capricorn	ZODIAC_DIVISION	.30	1	f67r2	Label role is inherited from the drawn twelvefold selector locus.
ASTRO_f67r2_010_02	ASTRO_SPATIAL_TOKEN	kchy	its ruling quality	ZODIAC_DIVISION	.30	1	f67r2	Label role is inherited from the drawn twelvefold selector locus.
ASTRO_f67r2_010_03	ASTRO_SPATIAL_TOKEN	okar	its application rule	ZODIAC_DIVISION	.30	1	f67r2	Label role is inherited from the drawn twelvefold selector locus.
ASTRO_f67r2_011_01	ASTRO_SPATIAL_TOKEN	chky	zodiac division 11: Aquarius	ZODIAC_DIVISION	.30	1	f67r2	Label role is inherited from the drawn twelvefold selector locus.
ASTRO_f67r2_011_02	ASTRO_SPATIAL_TOKEN	chykchs	its ruling quality	ZODIAC_DIVISION	.30	1	f67r2	Label role is inherited from the drawn twelvefold selector locus.
ASTRO_f67r2_011_03	ASTRO_SPATIAL_TOKEN	chy	its application rule	ZODIAC_DIVISION	.30	1	f67r2	Label role is inherited from the drawn twelvefold selector locus.
ASTRO_f67r2_012_01	ASTRO_SPATIAL_TOKEN	ykees	zodiac division 12: Pisces	ZODIAC_DIVISION	.30	1	f67r2	Label role is inherited from the drawn twelvefold selector locus.
ASTRO_f67r2_012_02	ASTRO_SPATIAL_TOKEN	ykchos	its ruling quality	ZODIAC_DIVISION	.30	1	f67r2	Label role is inherited from the drawn twelvefold selector locus.
ASTRO_f67r2_013_01	ASTRO_SPATIAL_TOKEN	opodchol	at night	SELECTOR_RULE_PROSE	.18	1	f67r2	CONTEXT_DEFAULT: running selector instruction, source order retained.
ASTRO_f67r2_013_02	ASTRO_SPATIAL_TOKEN	s	in the morning	SELECTOR_RULE_PROSE	.18	1	f67r2	CONTEXT_DEFAULT: running selector instruction, source order retained.
ASTRO_f67r2_013_03	ASTRO_SPATIAL_TOKEN	ain	for the sick person	SELECTOR_RULE_PROSE	.18	1	f67r2	CONTEXT_DEFAULT: running selector instruction, source order retained.
ASTRO_f67r2_013_04	ASTRO_SPATIAL_TOKEN	aldy	at the affected place	SELECTOR_RULE_PROSE	.18	1	f67r2	CONTEXT_DEFAULT: running selector instruction, source order retained.
ASTRO_f67r2_014_01	ASTRO_SPATIAL_TOKEN	soeey	in the morning	SELECTOR_RULE_PROSE	.18	1	f67r2	CONTEXT_DEFAULT: running selector instruction, source order retained.
ASTRO_f67r2_014_02	ASTRO_SPATIAL_TOKEN	doiin	for the sick person	SELECTOR_RULE_PROSE	.18	1	f67r2	CONTEXT_DEFAULT: running selector instruction, source order retained.
ASTRO_f67r2_014_03	ASTRO_SPATIAL_TOKEN	oldy	at the affected place	SELECTOR_RULE_PROSE	.18	1	f67r2	CONTEXT_DEFAULT: running selector instruction, source order retained.
ASTRO_f67r2_015_01	ASTRO_SPATIAL_TOKEN	dolchsody	sevenfold governor 1: Saturn	SEVENFOLD_GOVERNOR	.29	1	f67r2	Sevenfold label; conventional planet order is the R4 default wager.
ASTRO_f67r2_016_01	ASTRO_SPATIAL_TOKEN	odaeiin	at the affected place	SELECTOR_RULE_PROSE	.18	1	f67r2	CONTEXT_DEFAULT: running selector instruction, source order retained.
ASTRO_f67r2_016_02	ASTRO_SPATIAL_TOKEN	okoes	repeat once	SELECTOR_RULE_PROSE	.18	1	f67r2	CONTEXT_DEFAULT: running selector instruction, source order retained.
ASTRO_f67r2_016_03	ASTRO_SPATIAL_TOKEN	oekain	do not overheat	SELECTOR_RULE_PROSE	.18	1	f67r2	CONTEXT_DEFAULT: running selector instruction, source order retained.
ASTRO_f67r2_016_04	ASTRO_SPATIAL_TOKEN	y	let it settle	SELECTOR_RULE_PROSE	.18	1	f67r2	CONTEXT_DEFAULT: running selector instruction, source order retained.
ASTRO_f67r2_017_01	ASTRO_SPATIAL_TOKEN	otchey	repeat once	SELECTOR_RULE_PROSE	.18	1	f67r2	CONTEXT_DEFAULT: running selector instruction, source order retained.
ASTRO_f67r2_017_02	ASTRO_SPATIAL_TOKEN	soraiir	do not overheat	SELECTOR_RULE_PROSE	.18	1	f67r2	CONTEXT_DEFAULT: running selector instruction, source order retained.
ASTRO_f67r2_017_03	ASTRO_SPATIAL_TOKEN	dy	let it settle	SELECTOR_RULE_PROSE	.18	1	f67r2	CONTEXT_DEFAULT: running selector instruction, source order retained.
ASTRO_f67r2_018_01	ASTRO_SPATIAL_TOKEN	qopchy	do not overheat	SELECTOR_RULE_PROSE	.18	1	f67r2	CONTEXT_DEFAULT: running selector instruction, source order retained.
ASTRO_f67r2_018_02	ASTRO_SPATIAL_TOKEN	daiin	let it settle	SELECTOR_RULE_PROSE	.18	1	f67r2	CONTEXT_DEFAULT: running selector instruction, source order retained.
ASTRO_f67r2_018_03	ASTRO_SPATIAL_TOKEN	dal	then proceed	SELECTOR_RULE_PROSE	.18	1	f67r2	CONTEXT_DEFAULT: running selector instruction, source order retained.
ASTRO_f67r2_019_01	ASTRO_SPATIAL_TOKEN	ydchos	let it settle	SELECTOR_RULE_PROSE	.18	1	f67r2	CONTEXT_DEFAULT: running selector instruction, source order retained.
ASTRO_f67r2_019_02	ASTRO_SPATIAL_TOKEN	ain	then proceed	SELECTOR_RULE_PROSE	.18	1	f67r2	CONTEXT_DEFAULT: running selector instruction, source order retained.
ASTRO_f67r2_019_03	ASTRO_SPATIAL_TOKEN	ar	the favourable condition	SELECTOR_RULE_PROSE	.18	1	f67r2	CONTEXT_DEFAULT: running selector instruction, source order retained.
ASTRO_f67r2_019_04	ASTRO_SPATIAL_TOKEN	amy	the adverse condition	SELECTOR_RULE_PROSE	.18	1	f67r2	CONTEXT_DEFAULT: running selector instruction, source order retained.
ASTRO_f67r2_020_01	ASTRO_SPATIAL_TOKEN	chocfhy	then proceed	SELECTOR_RULE_PROSE	.18	1	f67r2	CONTEXT_DEFAULT: running selector instruction, source order retained.
ASTRO_f67r2_020_02	ASTRO_SPATIAL_TOKEN	saral	the favourable condition	SELECTOR_RULE_PROSE	.18	1	f67r2	CONTEXT_DEFAULT: running selector instruction, source order retained.
ASTRO_f67r2_021_01	ASTRO_SPATIAL_TOKEN	sain	the favourable condition	SELECTOR_RULE_PROSE	.18	1	f67r2	CONTEXT_DEFAULT: running selector instruction, source order retained.
ASTRO_f67r2_021_02	ASTRO_SPATIAL_TOKEN	am	the adverse condition	SELECTOR_RULE_PROSE	.18	1	f67r2	CONTEXT_DEFAULT: running selector instruction, source order retained.
ASTRO_f67r2_021_03	ASTRO_SPATIAL_TOKEN	ar	as written above	SELECTOR_RULE_PROSE	.18	1	f67r2	CONTEXT_DEFAULT: running selector instruction, source order retained.
ASTRO_f67r2_022_01	ASTRO_SPATIAL_TOKEN	okal	sevenfold governor 2: Jupiter	SEVENFOLD_GOVERNOR	.29	1	f67r2	Sevenfold label; conventional planet order is the R4 default wager.
ASTRO_f67r2_023_01	ASTRO_SPATIAL_TOKEN	oparchy	as written above	SELECTOR_RULE_PROSE	.18	1	f67r2	CONTEXT_DEFAULT: running selector instruction, source order retained.
ASTRO_f67r2_023_02	ASTRO_SPATIAL_TOKEN	salsain	choose	SELECTOR_RULE_PROSE	.18	1	f67r2	CONTEXT_DEFAULT: running selector instruction, source order retained.
ASTRO_f67r2_024_01	ASTRO_SPATIAL_TOKEN	sodar	choose	SELECTOR_RULE_PROSE	.18	1	f67r2	CONTEXT_DEFAULT: running selector instruction, source order retained.
ASTRO_f67r2_024_02	ASTRO_SPATIAL_TOKEN	ofar	the governing influence	SELECTOR_RULE_PROSE	.18	1	f67r2	CONTEXT_DEFAULT: running selector instruction, source order retained.
ASTRO_f67r2_024_03	ASTRO_SPATIAL_TOKEN	ar	for this division	SELECTOR_RULE_PROSE	.18	1	f67r2	CONTEXT_DEFAULT: running selector instruction, source order retained.
ASTRO_f67r2_025_01	ASTRO_SPATIAL_TOKEN	ydam	the governing influence	SELECTOR_RULE_PROSE	.18	1	f67r2	CONTEXT_DEFAULT: running selector instruction, source order retained.
ASTRO_f67r2_026_01	ASTRO_SPATIAL_TOKEN	yteoor	for this division	SELECTOR_RULE_PROSE	.18	1	f67r2	CONTEXT_DEFAULT: running selector instruction, source order retained.
ASTRO_f67r2_026_02	ASTRO_SPATIAL_TOKEN	yto	when the Moon enters	SELECTOR_RULE_PROSE	.18	1	f67r2	CONTEXT_DEFAULT: running selector instruction, source order retained.
ASTRO_f67r2_026_03	ASTRO_SPATIAL_TOKEN	ykor	use the indicated remedy	SELECTOR_RULE_PROSE	.18	1	f67r2	CONTEXT_DEFAULT: running selector instruction, source order retained.
ASTRO_f67r2_027_01	ASTRO_SPATIAL_TOKEN	okeo	when the Moon enters	SELECTOR_RULE_PROSE	.18	1	f67r2	CONTEXT_DEFAULT: running selector instruction, source order retained.
ASTRO_f67r2_027_02	ASTRO_SPATIAL_TOKEN	r	use the indicated remedy	SELECTOR_RULE_PROSE	.18	1	f67r2	CONTEXT_DEFAULT: running selector instruction, source order retained.
ASTRO_f67r2_027_03	ASTRO_SPATIAL_TOKEN	aiin	avoid bleeding	SELECTOR_RULE_PROSE	.18	1	f67r2	CONTEXT_DEFAULT: running selector instruction, source order retained.
ASTRO_f67r2_027_04	ASTRO_SPATIAL_TOKEN	am	favour washing	SELECTOR_RULE_PROSE	.18	1	f67r2	CONTEXT_DEFAULT: running selector instruction, source order retained.
ASTRO_f67r2_028_01	ASTRO_SPATIAL_TOKEN	okain	sevenfold governor 3: Mars	SEVENFOLD_GOVERNOR	.29	1	f67r2	Sevenfold label; conventional planet order is the R4 default wager.
ASTRO_f67r2_028_02	ASTRO_SPATIAL_TOKEN	am	sevenfold governor 3: Mars	SEVENFOLD_GOVERNOR	.29	1	f67r2	Sevenfold label; conventional planet order is the R4 default wager.
ASTRO_f67r2_029_01	ASTRO_SPATIAL_TOKEN	ytody	avoid bleeding	SELECTOR_RULE_PROSE	.18	1	f67r2	CONTEXT_DEFAULT: running selector instruction, source order retained.
ASTRO_f67r2_029_02	ASTRO_SPATIAL_TOKEN	saiin	favour washing	SELECTOR_RULE_PROSE	.18	1	f67r2	CONTEXT_DEFAULT: running selector instruction, source order retained.
ASTRO_f67r2_030_01	ASTRO_SPATIAL_TOKEN	ochol	favour washing	SELECTOR_RULE_PROSE	.18	1	f67r2	CONTEXT_DEFAULT: running selector instruction, source order retained.
ASTRO_f67r2_030_02	ASTRO_SPATIAL_TOKEN	olol	favour purging	SELECTOR_RULE_PROSE	.18	1	f67r2	CONTEXT_DEFAULT: running selector instruction, source order retained.
ASTRO_f67r2_031_01	ASTRO_SPATIAL_TOKEN	opcholdy	sevenfold governor 4: Sun	SEVENFOLD_GOVERNOR	.29	1	f67r2	Sevenfold label; conventional planet order is the R4 default wager.
ASTRO_f67r2_032_01	ASTRO_SPATIAL_TOKEN	dosar	apply while warm	SELECTOR_RULE_PROSE	.18	1	f67r2	CONTEXT_DEFAULT: running selector instruction, source order retained.
ASTRO_f67r2_032_02	ASTRO_SPATIAL_TOKEN	odas	wait until the next station	SELECTOR_RULE_PROSE	.18	1	f67r2	CONTEXT_DEFAULT: running selector instruction, source order retained.
ASTRO_f67r2_032_03	ASTRO_SPATIAL_TOKEN	air	with the usual measure	SELECTOR_RULE_PROSE	.18	1	f67r2	CONTEXT_DEFAULT: running selector instruction, source order retained.
ASTRO_f67r2_032_04	ASTRO_SPATIAL_TOKEN	alaiin	under the same governor	SELECTOR_RULE_PROSE	.18	1	f67r2	CONTEXT_DEFAULT: running selector instruction, source order retained.
ASTRO_f67r2_033_01	ASTRO_SPATIAL_TOKEN	dokan	wait until the next station	SELECTOR_RULE_PROSE	.18	1	f67r2	CONTEXT_DEFAULT: running selector instruction, source order retained.
ASTRO_f67r2_033_02	ASTRO_SPATIAL_TOKEN	oear	with the usual measure	SELECTOR_RULE_PROSE	.18	1	f67r2	CONTEXT_DEFAULT: running selector instruction, source order retained.
ASTRO_f67r2_033_03	ASTRO_SPATIAL_TOKEN	odal	under the same governor	SELECTOR_RULE_PROSE	.18	1	f67r2	CONTEXT_DEFAULT: running selector instruction, source order retained.
ASTRO_f67r2_034_01	ASTRO_SPATIAL_TOKEN	ofar	sevenfold governor 5: Venus	SEVENFOLD_GOVERNOR	.29	1	f67r2	Sevenfold label; conventional planet order is the R4 default wager.
ASTRO_f67r2_034_02	ASTRO_SPATIAL_TOKEN	oeoldan	sevenfold governor 5: Venus	SEVENFOLD_GOVERNOR	.29	1	f67r2	Sevenfold label; conventional planet order is the R4 default wager.
ASTRO_f67r2_035_01	ASTRO_SPATIAL_TOKEN	chol	under the same governor	SELECTOR_RULE_PROSE	.18	1	f67r2	CONTEXT_DEFAULT: running selector instruction, source order retained.
ASTRO_f67r2_035_02	ASTRO_SPATIAL_TOKEN	giin	at night	SELECTOR_RULE_PROSE	.18	1	f67r2	CONTEXT_DEFAULT: running selector instruction, source order retained.
ASTRO_f67r2_035_03	ASTRO_SPATIAL_TOKEN	okol	in the morning	SELECTOR_RULE_PROSE	.18	1	f67r2	CONTEXT_DEFAULT: running selector instruction, source order retained.
ASTRO_f67r2_036_01	ASTRO_SPATIAL_TOKEN	ytor	at night	SELECTOR_RULE_PROSE	.18	1	f67r2	CONTEXT_DEFAULT: running selector instruction, source order retained.
ASTRO_f67r2_036_02	ASTRO_SPATIAL_TOKEN	daiin	in the morning	SELECTOR_RULE_PROSE	.18	1	f67r2	CONTEXT_DEFAULT: running selector instruction, source order retained.
ASTRO_f67r2_036_03	ASTRO_SPATIAL_TOKEN	or	for the sick person	SELECTOR_RULE_PROSE	.18	1	f67r2	CONTEXT_DEFAULT: running selector instruction, source order retained.
ASTRO_f67r2_037_01	ASTRO_SPATIAL_TOKEN	ytoaiin	sevenfold governor 6: Mercury	SEVENFOLD_GOVERNOR	.29	1	f67r2	Sevenfold label; conventional planet order is the R4 default wager.
ASTRO_f67r2_038_01	ASTRO_SPATIAL_TOKEN	otoldos	for the sick person	SELECTOR_RULE_PROSE	.18	1	f67r2	CONTEXT_DEFAULT: running selector instruction, source order retained.
ASTRO_f67r2_038_02	ASTRO_SPATIAL_TOKEN	octhole	at the affected place	SELECTOR_RULE_PROSE	.18	1	f67r2	CONTEXT_DEFAULT: running selector instruction, source order retained.
ASTRO_f67r2_039_01	ASTRO_SPATIAL_TOKEN	sor	at the affected place	SELECTOR_RULE_PROSE	.18	1	f67r2	CONTEXT_DEFAULT: running selector instruction, source order retained.
ASTRO_f67r2_039_02	ASTRO_SPATIAL_TOKEN	chedaiin	repeat once	SELECTOR_RULE_PROSE	.18	1	f67r2	CONTEXT_DEFAULT: running selector instruction, source order retained.
ASTRO_f67r2_039_03	ASTRO_SPATIAL_TOKEN	dy	do not overheat	SELECTOR_RULE_PROSE	.18	1	f67r2	CONTEXT_DEFAULT: running selector instruction, source order retained.
ASTRO_f67r2_040_01	ASTRO_SPATIAL_TOKEN	yteos	repeat once	SELECTOR_RULE_PROSE	.18	1	f67r2	CONTEXT_DEFAULT: running selector instruction, source order retained.
ASTRO_f67r2_040_02	ASTRO_SPATIAL_TOKEN	oiin	do not overheat	SELECTOR_RULE_PROSE	.18	1	f67r2	CONTEXT_DEFAULT: running selector instruction, source order retained.
ASTRO_f67r2_040_03	ASTRO_SPATIAL_TOKEN	og	let it settle	SELECTOR_RULE_PROSE	.18	1	f67r2	CONTEXT_DEFAULT: running selector instruction, source order retained.
ASTRO_f67r2_041_01	ASTRO_SPATIAL_TOKEN	ytoeopchey	do not overheat	SELECTOR_RULE_PROSE	.18	1	f67r2	CONTEXT_DEFAULT: running selector instruction, source order retained.
ASTRO_f67r2_041_02	ASTRO_SPATIAL_TOKEN	chekody	let it settle	SELECTOR_RULE_PROSE	.18	1	f67r2	CONTEXT_DEFAULT: running selector instruction, source order retained.
ASTRO_f67r2_042_01	ASTRO_SPATIAL_TOKEN	sosho	let it settle	SELECTOR_RULE_PROSE	.18	1	f67r2	CONTEXT_DEFAULT: running selector instruction, source order retained.
ASTRO_f67r2_042_02	ASTRO_SPATIAL_TOKEN	chos	then proceed	SELECTOR_RULE_PROSE	.18	1	f67r2	CONTEXT_DEFAULT: running selector instruction, source order retained.
ASTRO_f67r2_042_03	ASTRO_SPATIAL_TOKEN	ockhy	the favourable condition	SELECTOR_RULE_PROSE	.18	1	f67r2	CONTEXT_DEFAULT: running selector instruction, source order retained.
ASTRO_f67r2_043_01	ASTRO_SPATIAL_TOKEN	daiin	then proceed	SELECTOR_RULE_PROSE	.18	1	f67r2	CONTEXT_DEFAULT: running selector instruction, source order retained.
ASTRO_f67r2_043_02	ASTRO_SPATIAL_TOKEN	aiin	the favourable condition	SELECTOR_RULE_PROSE	.18	1	f67r2	CONTEXT_DEFAULT: running selector instruction, source order retained.
ASTRO_f67r2_043_03	ASTRO_SPATIAL_TOKEN	os	the adverse condition	SELECTOR_RULE_PROSE	.18	1	f67r2	CONTEXT_DEFAULT: running selector instruction, source order retained.
ASTRO_f67r2_043_04	ASTRO_SPATIAL_TOKEN	qsg	as written above	SELECTOR_RULE_PROSE	.18	1	f67r2	CONTEXT_DEFAULT: running selector instruction, source order retained.
ASTRO_f67r2_044_01	ASTRO_SPATIAL_TOKEN	ofydy	the favourable condition	SELECTOR_RULE_PROSE	.18	1	f67r2	CONTEXT_DEFAULT: running selector instruction, source order retained.
ASTRO_f67r2_044_02	ASTRO_SPATIAL_TOKEN	sheody	the adverse condition	SELECTOR_RULE_PROSE	.18	1	f67r2	CONTEXT_DEFAULT: running selector instruction, source order retained.
ASTRO_f67r2_044_03	ASTRO_SPATIAL_TOKEN	aiin	as written above	SELECTOR_RULE_PROSE	.18	1	f67r2	CONTEXT_DEFAULT: running selector instruction, source order retained.
ASTRO_f67r2_045_01	ASTRO_SPATIAL_TOKEN	ycheody	the adverse condition	SELECTOR_RULE_PROSE	.18	1	f67r2	CONTEXT_DEFAULT: running selector instruction, source order retained.
ASTRO_f67r2_045_02	ASTRO_SPATIAL_TOKEN	es	as written above	SELECTOR_RULE_PROSE	.18	1	f67r2	CONTEXT_DEFAULT: running selector instruction, source order retained.
ASTRO_f67r2_045_03	ASTRO_SPATIAL_TOKEN	odaiiin	choose	SELECTOR_RULE_PROSE	.18	1	f67r2	CONTEXT_DEFAULT: running selector instruction, source order retained.
ASTRO_f67r2_046_01	ASTRO_SPATIAL_TOKEN	yekees	as written above	SELECTOR_RULE_PROSE	.18	1	f67r2	CONTEXT_DEFAULT: running selector instruction, source order retained.
ASTRO_f67r2_046_02	ASTRO_SPATIAL_TOKEN	oraly	choose	SELECTOR_RULE_PROSE	.18	1	f67r2	CONTEXT_DEFAULT: running selector instruction, source order retained.
ASTRO_f67r2_047_01	ASTRO_SPATIAL_TOKEN	yfain	sevenfold governor 7: Moon	SEVENFOLD_GOVERNOR	.29	1	f67r2	Sevenfold label; conventional planet order is the R4 default wager.
ASTRO_f67r2_048_01	ASTRO_SPATIAL_TOKEN	todaiin	the governing influence	SELECTOR_RULE_PROSE	.18	1	f67r2	CONTEXT_DEFAULT: running selector instruction, source order retained.
ASTRO_f67r2_048_02	ASTRO_SPATIAL_TOKEN	dain	for this division	SELECTOR_RULE_PROSE	.18	1	f67r2	CONTEXT_DEFAULT: running selector instruction, source order retained.
ASTRO_f67r2_048_03	ASTRO_SPATIAL_TOKEN	dy	when the Moon enters	SELECTOR_RULE_PROSE	.18	1	f67r2	CONTEXT_DEFAULT: running selector instruction, source order retained.
ASTRO_f67r2_049_01	ASTRO_SPATIAL_TOKEN	os	for this division	SELECTOR_RULE_PROSE	.18	1	f67r2	CONTEXT_DEFAULT: running selector instruction, source order retained.
ASTRO_f67r2_049_02	ASTRO_SPATIAL_TOKEN	choer	when the Moon enters	SELECTOR_RULE_PROSE	.18	1	f67r2	CONTEXT_DEFAULT: running selector instruction, source order retained.
ASTRO_f67r2_049_03	ASTRO_SPATIAL_TOKEN	aiin	use the indicated remedy	SELECTOR_RULE_PROSE	.18	1	f67r2	CONTEXT_DEFAULT: running selector instruction, source order retained.
ASTRO_f67r2_050_01	ASTRO_SPATIAL_TOKEN	choeea	when the Moon enters	SELECTOR_RULE_PROSE	.18	1	f67r2	CONTEXT_DEFAULT: running selector instruction, source order retained.
ASTRO_f67r2_050_02	ASTRO_SPATIAL_TOKEN	sal	use the indicated remedy	SELECTOR_RULE_PROSE	.18	1	f67r2	CONTEXT_DEFAULT: running selector instruction, source order retained.
ASTRO_f67r2_051_01	ASTRO_SPATIAL_TOKEN	dadaiin	use the indicated remedy	SELECTOR_RULE_PROSE	.18	1	f67r2	CONTEXT_DEFAULT: running selector instruction, source order retained.
ASTRO_f67r2_052_01	ASTRO_SPATIAL_TOKEN	qotoear	house 1: life and body	ASTROLOGICAL_HOUSE	.25	1	f67r2	Twelvefold secondary label expanded as an astrological house locus.
ASTRO_f67r2_053_01	ASTRO_SPATIAL_TOKEN	dchdar	house 2: goods and wealth	ASTROLOGICAL_HOUSE	.25	1	f67r2	Twelvefold secondary label expanded as an astrological house locus.
ASTRO_f67r2_054_01	ASTRO_SPATIAL_TOKEN	y	house 3: siblings and messages	ASTROLOGICAL_HOUSE	.25	1	f67r2	Twelvefold secondary label expanded as an astrological house locus.
ASTRO_f67r2_054_02	ASTRO_SPATIAL_TOKEN	saldal	its permitted application	ASTROLOGICAL_HOUSE	.25	1	f67r2	Twelvefold secondary label expanded as an astrological house locus.
ASTRO_f67r2_055_01	ASTRO_SPATIAL_TOKEN	ytodal	house 4: home and land	ASTROLOGICAL_HOUSE	.25	1	f67r2	Twelvefold secondary label expanded as an astrological house locus.
ASTRO_f67r2_056_01	ASTRO_SPATIAL_TOKEN	tol	house 5: children and pleasure	ASTROLOGICAL_HOUSE	.25	1	f67r2	Twelvefold secondary label expanded as an astrological house locus.
ASTRO_f67r2_056_02	ASTRO_SPATIAL_TOKEN	daiin	its permitted application	ASTROLOGICAL_HOUSE	.25	1	f67r2	Twelvefold secondary label expanded as an astrological house locus.
ASTRO_f67r2_057_01	ASTRO_SPATIAL_TOKEN	otar	house 6: illness and service	ASTROLOGICAL_HOUSE	.25	1	f67r2	Twelvefold secondary label expanded as an astrological house locus.
ASTRO_f67r2_057_02	ASTRO_SPATIAL_TOKEN	dy	its permitted application	ASTROLOGICAL_HOUSE	.25	1	f67r2	Twelvefold secondary label expanded as an astrological house locus.
ASTRO_f67r2_058_01	ASTRO_SPATIAL_TOKEN	cho	house 7: marriage and partners	ASTROLOGICAL_HOUSE	.25	1	f67r2	Twelvefold secondary label expanded as an astrological house locus.
ASTRO_f67r2_058_02	ASTRO_SPATIAL_TOKEN	dal	its permitted application	ASTROLOGICAL_HOUSE	.25	1	f67r2	Twelvefold secondary label expanded as an astrological house locus.
ASTRO_f67r2_058_03	ASTRO_SPATIAL_TOKEN	g	its warning	ASTROLOGICAL_HOUSE	.25	1	f67r2	Twelvefold secondary label expanded as an astrological house locus.
ASTRO_f67r2_059_01	ASTRO_SPATIAL_TOKEN	ytchodly	house 8: death and inheritance	ASTROLOGICAL_HOUSE	.25	1	f67r2	Twelvefold secondary label expanded as an astrological house locus.
ASTRO_f67r2_060_01	ASTRO_SPATIAL_TOKEN	octhys	house 9: journeys and learning	ASTROLOGICAL_HOUSE	.25	1	f67r2	Twelvefold secondary label expanded as an astrological house locus.
ASTRO_f67r2_061_01	ASTRO_SPATIAL_TOKEN	ytokar	house 10: office and dignity	ASTROLOGICAL_HOUSE	.25	1	f67r2	Twelvefold secondary label expanded as an astrological house locus.
ASTRO_f67r2_062_01	ASTRO_SPATIAL_TOKEN	otolor	house 11: friends and aid	ASTROLOGICAL_HOUSE	.25	1	f67r2	Twelvefold secondary label expanded as an astrological house locus.
ASTRO_f67r2_063_01	ASTRO_SPATIAL_TOKEN	okodar	house 12: confinement and hidden enemies	ASTROLOGICAL_HOUSE	.25	1	f67r2	Twelvefold secondary label expanded as an astrological house locus.
ASTRO_f67r2_064_01	ASTRO_SPATIAL_TOKEN	s	central condition sector 1: hot and dry	CENTRAL_CONDITION_SECTOR	.22	1	f67r2	Spatially owned eightfold central condition; no phonetic reading.
ASTRO_f67r2_064_02	ASTRO_SPATIAL_TOKEN	air	central condition sector 1: hot and dry	CENTRAL_CONDITION_SECTOR	.22	1	f67r2	Spatially owned eightfold central condition; no phonetic reading.
ASTRO_f67r2_065_01	ASTRO_SPATIAL_TOKEN	soear	central condition sector 2: warm and dry	CENTRAL_CONDITION_SECTOR	.22	1	f67r2	Spatially owned eightfold central condition; no phonetic reading.
ASTRO_f67r2_066_01	ASTRO_SPATIAL_TOKEN	cpheey	central condition sector 3: warm and moist	CENTRAL_CONDITION_SECTOR	.22	1	f67r2	Spatially owned eightfold central condition; no phonetic reading.
ASTRO_f67r2_067_01	ASTRO_SPATIAL_TOKEN	okodar	central condition sector 4: hot and moist	CENTRAL_CONDITION_SECTOR	.22	1	f67r2	Spatially owned eightfold central condition; no phonetic reading.
ASTRO_f67r2_068_01	ASTRO_SPATIAL_TOKEN	oepchod	central condition sector 5: cold and moist	CENTRAL_CONDITION_SECTOR	.22	1	f67r2	Spatially owned eightfold central condition; no phonetic reading.
ASTRO_f67r2_069_01	ASTRO_SPATIAL_TOKEN	s	central condition sector 6: cool and moist	CENTRAL_CONDITION_SECTOR	.22	1	f67r2	Spatially owned eightfold central condition; no phonetic reading.
ASTRO_f67r2_069_02	ASTRO_SPATIAL_TOKEN	ay	central condition sector 6: cool and moist	CENTRAL_CONDITION_SECTOR	.22	1	f67r2	Spatially owned eightfold central condition; no phonetic reading.
ASTRO_f67r2_070_01	ASTRO_SPATIAL_TOKEN	osar	central condition sector 7: cool and dry	CENTRAL_CONDITION_SECTOR	.22	1	f67r2	Spatially owned eightfold central condition; no phonetic reading.
ASTRO_f67r2_071_01	ASTRO_SPATIAL_TOKEN	oran	central condition sector 8: cold and dry	CENTRAL_CONDITION_SECTOR	.22	1	f67r2	Spatially owned eightfold central condition; no phonetic reading.
ASTRO_f67r2_072_01	ASTRO_SPATIAL_TOKEN	dar	for this division	SELECTOR_RULE_PROSE	.18	1	f67r2	CONTEXT_DEFAULT: running selector instruction, source order retained.
ASTRO_f67r2_072_02	ASTRO_SPATIAL_TOKEN	aldaiin	when the Moon enters	SELECTOR_RULE_PROSE	.18	1	f67r2	CONTEXT_DEFAULT: running selector instruction, source order retained.
ASTRO_f67r2_072_03	ASTRO_SPATIAL_TOKEN	ydaiin	use the indicated remedy	SELECTOR_RULE_PROSE	.18	1	f67r2	CONTEXT_DEFAULT: running selector instruction, source order retained.
ASTRO_f67r2_072_04	ASTRO_SPATIAL_TOKEN	qkoy	avoid bleeding	SELECTOR_RULE_PROSE	.18	1	f67r2	CONTEXT_DEFAULT: running selector instruction, source order retained.
ASTRO_f67r2_072_05	ASTRO_SPATIAL_TOKEN	ydaiin	favour washing	SELECTOR_RULE_PROSE	.18	1	f67r2	CONTEXT_DEFAULT: running selector instruction, source order retained.
ASTRO_f67r2_072_06	ASTRO_SPATIAL_TOKEN	qofair	favour purging	SELECTOR_RULE_PROSE	.18	1	f67r2	CONTEXT_DEFAULT: running selector instruction, source order retained.
ASTRO_f67r2_072_07	ASTRO_SPATIAL_TOKEN	ypair	apply while warm	SELECTOR_RULE_PROSE	.18	1	f67r2	CONTEXT_DEFAULT: running selector instruction, source order retained.
ASTRO_f67r2_072_08	ASTRO_SPATIAL_TOKEN	ykoaiin	wait until the next station	SELECTOR_RULE_PROSE	.18	1	f67r2	CONTEXT_DEFAULT: running selector instruction, source order retained.
ASTRO_f67r2_072_09	ASTRO_SPATIAL_TOKEN	ydoly	with the usual measure	SELECTOR_RULE_PROSE	.18	1	f67r2	CONTEXT_DEFAULT: running selector instruction, source order retained.
ASTRO_f67r2_072_10	ASTRO_SPATIAL_TOKEN	ytalchos	under the same governor	SELECTOR_RULE_PROSE	.18	1	f67r2	CONTEXT_DEFAULT: running selector instruction, source order retained.
ASTRO_f67r2_072_11	ASTRO_SPATIAL_TOKEN	oly	at night	SELECTOR_RULE_PROSE	.18	1	f67r2	CONTEXT_DEFAULT: running selector instruction, source order retained.
ASTRO_f67r2_072_12	ASTRO_SPATIAL_TOKEN	okey	in the morning	SELECTOR_RULE_PROSE	.18	1	f67r2	CONTEXT_DEFAULT: running selector instruction, source order retained.
ASTRO_f67r2_073_01	ASTRO_SPATIAL_TOKEN	sshey	when the Moon enters	SELECTOR_RULE_PROSE	.18	1	f67r2	CONTEXT_DEFAULT: running selector instruction, source order retained.
ASTRO_f67r2_073_02	ASTRO_SPATIAL_TOKEN	sy	use the indicated remedy	SELECTOR_RULE_PROSE	.18	1	f67r2	CONTEXT_DEFAULT: running selector instruction, source order retained.
ASTRO_f67r2_073_03	ASTRO_SPATIAL_TOKEN	shees	avoid bleeding	SELECTOR_RULE_PROSE	.18	1	f67r2	CONTEXT_DEFAULT: running selector instruction, source order retained.
ASTRO_f67r2_073_04	ASTRO_SPATIAL_TOKEN	qeykeey	favour washing	SELECTOR_RULE_PROSE	.18	1	f67r2	CONTEXT_DEFAULT: running selector instruction, source order retained.
ASTRO_f67r2_073_05	ASTRO_SPATIAL_TOKEN	ykchey	favour purging	SELECTOR_RULE_PROSE	.18	1	f67r2	CONTEXT_DEFAULT: running selector instruction, source order retained.
ASTRO_f67r2_073_06	ASTRO_SPATIAL_TOKEN	ykchey	apply while warm	SELECTOR_RULE_PROSE	.18	1	f67r2	CONTEXT_DEFAULT: running selector instruction, source order retained.
ASTRO_f67r2_073_07	ASTRO_SPATIAL_TOKEN	qokeochy	wait until the next station	SELECTOR_RULE_PROSE	.18	1	f67r2	CONTEXT_DEFAULT: running selector instruction, source order retained.
ASTRO_f67r2_073_08	ASTRO_SPATIAL_TOKEN	oaiin	with the usual measure	SELECTOR_RULE_PROSE	.18	1	f67r2	CONTEXT_DEFAULT: running selector instruction, source order retained.
ASTRO_f67r2_073_09	ASTRO_SPATIAL_TOKEN	okol	under the same governor	SELECTOR_RULE_PROSE	.18	1	f67r2	CONTEXT_DEFAULT: running selector instruction, source order retained.
ASTRO_f67r2_073_10	ASTRO_SPATIAL_TOKEN	ar	at night	SELECTOR_RULE_PROSE	.18	1	f67r2	CONTEXT_DEFAULT: running selector instruction, source order retained.
ASTRO_f67r2_073_11	ASTRO_SPATIAL_TOKEN	olar	in the morning	SELECTOR_RULE_PROSE	.18	1	f67r2	CONTEXT_DEFAULT: running selector instruction, source order retained.
ASTRO_f67r2_074_01	ASTRO_SPATIAL_TOKEN	yshey	use the indicated remedy	SELECTOR_RULE_PROSE	.18	1	f67r2	CONTEXT_DEFAULT: running selector instruction, source order retained.
ASTRO_f67r2_074_02	ASTRO_SPATIAL_TOKEN	qokeeody	avoid bleeding	SELECTOR_RULE_PROSE	.18	1	f67r2	CONTEXT_DEFAULT: running selector instruction, source order retained.
ASTRO_f67r2_074_03	ASTRO_SPATIAL_TOKEN	cheos	favour washing	SELECTOR_RULE_PROSE	.18	1	f67r2	CONTEXT_DEFAULT: running selector instruction, source order retained.
ASTRO_f67r2_074_04	ASTRO_SPATIAL_TOKEN	oeeos	favour purging	SELECTOR_RULE_PROSE	.18	1	f67r2	CONTEXT_DEFAULT: running selector instruction, source order retained.
ASTRO_f67r2_074_05	ASTRO_SPATIAL_TOKEN	qockhy	apply while warm	SELECTOR_RULE_PROSE	.18	1	f67r2	CONTEXT_DEFAULT: running selector instruction, source order retained.
ASTRO_f67r2_074_06	ASTRO_SPATIAL_TOKEN	chos	wait until the next station	SELECTOR_RULE_PROSE	.18	1	f67r2	CONTEXT_DEFAULT: running selector instruction, source order retained.
ASTRO_f67r2_074_07	ASTRO_SPATIAL_TOKEN	aiin	with the usual measure	SELECTOR_RULE_PROSE	.18	1	f67r2	CONTEXT_DEFAULT: running selector instruction, source order retained.
ASTRO_f67r2_074_08	ASTRO_SPATIAL_TOKEN	okeeody	under the same governor	SELECTOR_RULE_PROSE	.18	1	f67r2	CONTEXT_DEFAULT: running selector instruction, source order retained.
ASTRO_f67r2_074_09	ASTRO_SPATIAL_TOKEN	qokoaiin	at night	SELECTOR_RULE_PROSE	.18	1	f67r2	CONTEXT_DEFAULT: running selector instruction, source order retained.
ASTRO_f67r2_074_10	ASTRO_SPATIAL_TOKEN	odain	in the morning	SELECTOR_RULE_PROSE	.18	1	f67r2	CONTEXT_DEFAULT: running selector instruction, source order retained.
ASTRO_f67r2_074_11	ASTRO_SPATIAL_TOKEN	ar	for the sick person	SELECTOR_RULE_PROSE	.18	1	f67r2	CONTEXT_DEFAULT: running selector instruction, source order retained.
ASTRO_f67r2_074_12	ASTRO_SPATIAL_TOKEN	air	at the affected place	SELECTOR_RULE_PROSE	.18	1	f67r2	CONTEXT_DEFAULT: running selector instruction, source order retained.
ASTRO_f67r2_074_13	ASTRO_SPATIAL_TOKEN	ay	repeat once	SELECTOR_RULE_PROSE	.18	1	f67r2	CONTEXT_DEFAULT: running selector instruction, source order retained.
ASTRO_f68r1_001_01	ASTRO_SPATIAL_TOKEN	shokchy	identify	CATALOGUE_INSTRUCTION	.18	1	f68r1	CONTEXT_DEFAULT: catalogue instruction prose.
ASTRO_f68r1_001_02	ASTRO_SPATIAL_TOKEN	chteey	the lunar station	CATALOGUE_INSTRUCTION	.18	1	f68r1	CONTEXT_DEFAULT: catalogue instruction prose.
ASTRO_f68r1_001_03	ASTRO_SPATIAL_TOKEN	choteey	by its drawn place	CATALOGUE_INSTRUCTION	.18	1	f68r1	CONTEXT_DEFAULT: catalogue instruction prose.
ASTRO_f68r1_001_04	ASTRO_SPATIAL_TOKEN	cphol	and consult its rule	CATALOGUE_INSTRUCTION	.18	1	f68r1	CONTEXT_DEFAULT: catalogue instruction prose.
ASTRO_f68r1_001_05	ASTRO_SPATIAL_TOKEN	cheor	without changing the catalogue order	CATALOGUE_INSTRUCTION	.18	1	f68r1	CONTEXT_DEFAULT: catalogue instruction prose.
ASTRO_f68r1_001_06	ASTRO_SPATIAL_TOKEN	opcheeol	identify	CATALOGUE_INSTRUCTION	.18	1	f68r1	CONTEXT_DEFAULT: catalogue instruction prose.
ASTRO_f68r1_001_07	ASTRO_SPATIAL_TOKEN	otor	the lunar station	CATALOGUE_INSTRUCTION	.18	1	f68r1	CONTEXT_DEFAULT: catalogue instruction prose.
ASTRO_f68r1_001_08	ASTRO_SPATIAL_TOKEN	choctheeey	by its drawn place	CATALOGUE_INSTRUCTION	.18	1	f68r1	CONTEXT_DEFAULT: catalogue instruction prose.
ASTRO_f68r1_001_09	ASTRO_SPATIAL_TOKEN	okchoal	and consult its rule	CATALOGUE_INSTRUCTION	.18	1	f68r1	CONTEXT_DEFAULT: catalogue instruction prose.
ASTRO_f68r1_002_01	ASTRO_SPATIAL_TOKEN	tochso	the lunar station	CATALOGUE_INSTRUCTION	.18	1	f68r1	CONTEXT_DEFAULT: catalogue instruction prose.
ASTRO_f68r1_002_02	ASTRO_SPATIAL_TOKEN	otchl	by its drawn place	CATALOGUE_INSTRUCTION	.18	1	f68r1	CONTEXT_DEFAULT: catalogue instruction prose.
ASTRO_f68r1_002_03	ASTRO_SPATIAL_TOKEN	qokeeedy	and consult its rule	CATALOGUE_INSTRUCTION	.18	1	f68r1	CONTEXT_DEFAULT: catalogue instruction prose.
ASTRO_f68r1_002_04	ASTRO_SPATIAL_TOKEN	cheey	without changing the catalogue order	CATALOGUE_INSTRUCTION	.18	1	f68r1	CONTEXT_DEFAULT: catalogue instruction prose.
ASTRO_f68r1_002_05	ASTRO_SPATIAL_TOKEN	cheeteey	identify	CATALOGUE_INSTRUCTION	.18	1	f68r1	CONTEXT_DEFAULT: catalogue instruction prose.
ASTRO_f68r1_002_06	ASTRO_SPATIAL_TOKEN	yteody	the lunar station	CATALOGUE_INSTRUCTION	.18	1	f68r1	CONTEXT_DEFAULT: catalogue instruction prose.
ASTRO_f68r1_002_07	ASTRO_SPATIAL_TOKEN	chpor	by its drawn place	CATALOGUE_INSTRUCTION	.18	1	f68r1	CONTEXT_DEFAULT: catalogue instruction prose.
ASTRO_f68r1_002_08	ASTRO_SPATIAL_TOKEN	cheokorchey	and consult its rule	CATALOGUE_INSTRUCTION	.18	1	f68r1	CONTEXT_DEFAULT: catalogue instruction prose.
ASTRO_f68r1_002_09	ASTRO_SPATIAL_TOKEN	chod	without changing the catalogue order	CATALOGUE_INSTRUCTION	.18	1	f68r1	CONTEXT_DEFAULT: catalogue instruction prose.
ASTRO_f68r1_003_01	ASTRO_SPATIAL_TOKEN	ykor	by its drawn place	CATALOGUE_INSTRUCTION	.18	1	f68r1	CONTEXT_DEFAULT: catalogue instruction prose.
ASTRO_f68r1_003_02	ASTRO_SPATIAL_TOKEN	shey	and consult its rule	CATALOGUE_INSTRUCTION	.18	1	f68r1	CONTEXT_DEFAULT: catalogue instruction prose.
ASTRO_f68r1_003_03	ASTRO_SPATIAL_TOKEN	qocheey	without changing the catalogue order	CATALOGUE_INSTRUCTION	.18	1	f68r1	CONTEXT_DEFAULT: catalogue instruction prose.
ASTRO_f68r1_003_04	ASTRO_SPATIAL_TOKEN	chokal	identify	CATALOGUE_INSTRUCTION	.18	1	f68r1	CONTEXT_DEFAULT: catalogue instruction prose.
ASTRO_f68r1_003_05	ASTRO_SPATIAL_TOKEN	okeey	the lunar station	CATALOGUE_INSTRUCTION	.18	1	f68r1	CONTEXT_DEFAULT: catalogue instruction prose.
ASTRO_f68r1_003_06	ASTRO_SPATIAL_TOKEN	ror	by its drawn place	CATALOGUE_INSTRUCTION	.18	1	f68r1	CONTEXT_DEFAULT: catalogue instruction prose.
ASTRO_f68r1_003_07	ASTRO_SPATIAL_TOKEN	eckhear	and consult its rule	CATALOGUE_INSTRUCTION	.18	1	f68r1	CONTEXT_DEFAULT: catalogue instruction prose.
ASTRO_f68r1_003_08	ASTRO_SPATIAL_TOKEN	daram	without changing the catalogue order	CATALOGUE_INSTRUCTION	.18	1	f68r1	CONTEXT_DEFAULT: catalogue instruction prose.
ASTRO_f68r1_004_01	ASTRO_SPATIAL_TOKEN	dchor	and consult its rule	CATALOGUE_INSTRUCTION	.18	1	f68r1	CONTEXT_DEFAULT: catalogue instruction prose.
ASTRO_f68r1_004_02	ASTRO_SPATIAL_TOKEN	okaiiin	without changing the catalogue order	CATALOGUE_INSTRUCTION	.18	1	f68r1	CONTEXT_DEFAULT: catalogue instruction prose.
ASTRO_f68r1_005_01	ASTRO_SPATIAL_TOKEN	yky	without changing the catalogue order	CATALOGUE_INSTRUCTION	.18	1	f68r1	CONTEXT_DEFAULT: catalogue instruction prose.
ASTRO_f68r1_006_01	ASTRO_SPATIAL_TOKEN	dary	identify	CATALOGUE_INSTRUCTION	.18	1	f68r1	CONTEXT_DEFAULT: catalogue instruction prose.
ASTRO_f68r1_007_01	ASTRO_SPATIAL_TOKEN	chkchykoly	the lunar station	CATALOGUE_INSTRUCTION	.18	1	f68r1	CONTEXT_DEFAULT: catalogue instruction prose.
ASTRO_f68r1_008_01	ASTRO_SPATIAL_TOKEN	okodaly	the Moon governing the twenty-eight stations	CENTRAL_LUNAR_OWNER	.32	1	f68r1	Central owner, not the start of the surrounding catalogue.
ASTRO_f68r1_009_01	ASTRO_SPATIAL_TOKEN	odchecthy	noncentral lunar station at source locus f68r1.9	SPATIAL_LUNAR_STATION	.30	1	f68r1	Spatial catalogue identity only; explicitly no authorial cyclic start.
ASTRO_f68r1_010_01	ASTRO_SPATIAL_TOKEN	otcheody	noncentral lunar station at source locus f68r1.10	SPATIAL_LUNAR_STATION	.30	1	f68r1	Spatial catalogue identity only; explicitly no authorial cyclic start.
ASTRO_f68r1_011_01	ASTRO_SPATIAL_TOKEN	okoaly	noncentral lunar station at source locus f68r1.11	SPATIAL_LUNAR_STATION	.30	1	f68r1	Spatial catalogue identity only; explicitly no authorial cyclic start.
ASTRO_f68r1_012_01	ASTRO_SPATIAL_TOKEN	chocfhy	noncentral lunar station at source locus f68r1.12	SPATIAL_LUNAR_STATION	.30	1	f68r1	Spatial catalogue identity only; explicitly no authorial cyclic start.
ASTRO_f68r1_013_01	ASTRO_SPATIAL_TOKEN	octhey	noncentral lunar station at source locus f68r1.13	SPATIAL_LUNAR_STATION	.30	1	f68r1	Spatial catalogue identity only; explicitly no authorial cyclic start.
ASTRO_f68r1_014_01	ASTRO_SPATIAL_TOKEN	otshey	noncentral lunar station at source locus f68r1.14	SPATIAL_LUNAR_STATION	.30	1	f68r1	Spatial catalogue identity only; explicitly no authorial cyclic start.
ASTRO_f68r1_015_01	ASTRO_SPATIAL_TOKEN	otydy	noncentral lunar station at source locus f68r1.15	SPATIAL_LUNAR_STATION	.30	1	f68r1	Spatial catalogue identity only; explicitly no authorial cyclic start.
ASTRO_f68r1_016_01	ASTRO_SPATIAL_TOKEN	okear	noncentral lunar station at source locus f68r1.16	SPATIAL_LUNAR_STATION	.30	1	f68r1	Spatial catalogue identity only; explicitly no authorial cyclic start.
ASTRO_f68r1_017_01	ASTRO_SPATIAL_TOKEN	cphocthy	noncentral lunar station at source locus f68r1.17	SPATIAL_LUNAR_STATION	.30	1	f68r1	Spatial catalogue identity only; explicitly no authorial cyclic start.
ASTRO_f68r1_018_01	ASTRO_SPATIAL_TOKEN	ytchody	noncentral lunar station at source locus f68r1.18	SPATIAL_LUNAR_STATION	.30	1	f68r1	Spatial catalogue identity only; explicitly no authorial cyclic start.
ASTRO_f68r1_019_01	ASTRO_SPATIAL_TOKEN	otys	noncentral lunar station at source locus f68r1.19	SPATIAL_LUNAR_STATION	.30	1	f68r1	Spatial catalogue identity only; explicitly no authorial cyclic start.
ASTRO_f68r1_020_01	ASTRO_SPATIAL_TOKEN	olor	noncentral lunar station at source locus f68r1.20	SPATIAL_LUNAR_STATION	.30	1	f68r1	Spatial catalogue identity only; explicitly no authorial cyclic start.
ASTRO_f68r1_021_01	ASTRO_SPATIAL_TOKEN	ockhy	noncentral lunar station at source locus f68r1.21	SPATIAL_LUNAR_STATION	.30	1	f68r1	Spatial catalogue identity only; explicitly no authorial cyclic start.
ASTRO_f68r1_022_01	ASTRO_SPATIAL_TOKEN	ofcheor	noncentral lunar station at source locus f68r1.22	SPATIAL_LUNAR_STATION	.30	1	f68r1	Spatial catalogue identity only; explicitly no authorial cyclic start.
ASTRO_f68r1_023_01	ASTRO_SPATIAL_TOKEN	otchdy	noncentral lunar station at source locus f68r1.23	SPATIAL_LUNAR_STATION	.30	1	f68r1	Spatial catalogue identity only; explicitly no authorial cyclic start.
ASTRO_f68r1_024_01	ASTRO_SPATIAL_TOKEN	otykchs	noncentral lunar station at source locus f68r1.24	SPATIAL_LUNAR_STATION	.30	1	f68r1	Spatial catalogue identity only; explicitly no authorial cyclic start.
ASTRO_f68r1_025_01	ASTRO_SPATIAL_TOKEN	otol	noncentral lunar station at source locus f68r1.25	SPATIAL_LUNAR_STATION	.30	1	f68r1	Spatial catalogue identity only; explicitly no authorial cyclic start.
ASTRO_f68r1_026_01	ASTRO_SPATIAL_TOKEN	otor	noncentral lunar station at source locus f68r1.26	SPATIAL_LUNAR_STATION	.30	1	f68r1	Spatial catalogue identity only; explicitly no authorial cyclic start.
ASTRO_f68r1_027_01	ASTRO_SPATIAL_TOKEN	oiinar	noncentral lunar station at source locus f68r1.27	SPATIAL_LUNAR_STATION	.30	1	f68r1	Spatial catalogue identity only; explicitly no authorial cyclic start.
ASTRO_f68r1_028_01	ASTRO_SPATIAL_TOKEN	okoldy	noncentral lunar station at source locus f68r1.28	SPATIAL_LUNAR_STATION	.30	1	f68r1	Spatial catalogue identity only; explicitly no authorial cyclic start.
ASTRO_f68r1_029_01	ASTRO_SPATIAL_TOKEN	ykchdy	noncentral lunar station at source locus f68r1.29	SPATIAL_LUNAR_STATION	.30	1	f68r1	Spatial catalogue identity only; explicitly no authorial cyclic start.
ASTRO_f68r1_030_01	ASTRO_SPATIAL_TOKEN	oeeody	noncentral lunar station at source locus f68r1.30	SPATIAL_LUNAR_STATION	.30	1	f68r1	Spatial catalogue identity only; explicitly no authorial cyclic start.
ASTRO_f68r1_031_01	ASTRO_SPATIAL_TOKEN	ocphy	noncentral lunar station at source locus f68r1.31	SPATIAL_LUNAR_STATION	.30	1	f68r1	Spatial catalogue identity only; explicitly no authorial cyclic start.
ASTRO_f68r1_032_01	ASTRO_SPATIAL_TOKEN	okeeodal	noncentral lunar station at source locus f68r1.32	SPATIAL_LUNAR_STATION	.30	1	f68r1	Spatial catalogue identity only; explicitly no authorial cyclic start.
ASTRO_f68r1_033_01	ASTRO_SPATIAL_TOKEN	okshor	noncentral lunar station at source locus f68r1.33	SPATIAL_LUNAR_STATION	.30	1	f68r1	Spatial catalogue identity only; explicitly no authorial cyclic start.
ASTRO_f68r1_034_01	ASTRO_SPATIAL_TOKEN	osdaiin	noncentral lunar station at source locus f68r1.34	SPATIAL_LUNAR_STATION	.30	1	f68r1	Spatial catalogue identity only; explicitly no authorial cyclic start.
ASTRO_f68r1_035_01	ASTRO_SPATIAL_TOKEN	otochedy	noncentral lunar station at source locus f68r1.35	SPATIAL_LUNAR_STATION	.30	1	f68r1	Spatial catalogue identity only; explicitly no authorial cyclic start.
ASTRO_f68r1_036_01	ASTRO_SPATIAL_TOKEN	dolchedy	noncentral lunar station at source locus f68r1.36	SPATIAL_LUNAR_STATION	.30	1	f68r1	Spatial catalogue identity only; explicitly no authorial cyclic start.
ASTRO_f68r1_037_01	ASTRO_SPATIAL_TOKEN	oky	the Moon	CENTRAL_CATALOGUE_LEGEND	.25	1	f68r1	Five-part centre legend default.
ASTRO_f68r1_037_02	ASTRO_SPATIAL_TOKEN	okchdy	governs	CENTRAL_CATALOGUE_LEGEND	.25	1	f68r1	Five-part centre legend default.
ASTRO_f68r1_037_03	ASTRO_SPATIAL_TOKEN	okardy	the whole circuit	CENTRAL_CATALOGUE_LEGEND	.25	1	f68r1	Five-part centre legend default.
ASTRO_f68r1_037_04	ASTRO_SPATIAL_TOKEN	qear	of twenty-eight	CENTRAL_CATALOGUE_LEGEND	.25	1	f68r1	Five-part centre legend default.
ASTRO_f68r1_037_05	ASTRO_SPATIAL_TOKEN	oygy	lunar stations	CENTRAL_CATALOGUE_LEGEND	.25	1	f68r1	Five-part centre legend default.
ASTRO_f69v_001_01	ASTRO_SPATIAL_TOKEN	dair	apply the remedy	SCHEDULE_RULE_PROSE	.17	1	f69v	CONTEXT_DEFAULT: circular schedule prose; no word-sound claim.
ASTRO_f69v_001_02	ASTRO_SPATIAL_TOKEN	cheyky	if adverse, withhold it	SCHEDULE_RULE_PROSE	.17	1	f69v	CONTEXT_DEFAULT: circular schedule prose; no word-sound claim.
ASTRO_f69v_001_03	ASTRO_SPATIAL_TOKEN	otaza	keep the usual measure	SCHEDULE_RULE_PROSE	.17	1	f69v	CONTEXT_DEFAULT: circular schedule prose; no word-sound claim.
ASTRO_f69v_001_04	ASTRO_SPATIAL_TOKEN	sar	continue to the next station	SCHEDULE_RULE_PROSE	.17	1	f69v	CONTEXT_DEFAULT: circular schedule prose; no word-sound claim.
ASTRO_f69v_001_05	ASTRO_SPATIAL_TOKEN	ar	repeat only once	SCHEDULE_RULE_PROSE	.17	1	f69v	CONTEXT_DEFAULT: circular schedule prose; no word-sound claim.
ASTRO_f69v_001_06	ASTRO_SPATIAL_TOKEN	chykar	close the consultation	SCHEDULE_RULE_PROSE	.17	1	f69v	CONTEXT_DEFAULT: circular schedule prose; no word-sound claim.
ASTRO_f69v_001_07	ASTRO_SPATIAL_TOKEN	okoirsh	when the Moon reaches the station	SCHEDULE_RULE_PROSE	.17	1	f69v	CONTEXT_DEFAULT: circular schedule prose; no word-sound claim.
ASTRO_f69v_001_08	ASTRO_SPATIAL_TOKEN	ar	inspect the pictured schedule	SCHEDULE_RULE_PROSE	.17	1	f69v	CONTEXT_DEFAULT: circular schedule prose; no word-sound claim.
ASTRO_f69v_001_09	ASTRO_SPATIAL_TOKEN	chetody	if the condition is favourable	SCHEDULE_RULE_PROSE	.17	1	f69v	CONTEXT_DEFAULT: circular schedule prose; no word-sound claim.
ASTRO_f69v_001_10	ASTRO_SPATIAL_TOKEN	okeeos	apply the remedy	SCHEDULE_RULE_PROSE	.17	1	f69v	CONTEXT_DEFAULT: circular schedule prose; no word-sound claim.
ASTRO_f69v_001_11	ASTRO_SPATIAL_TOKEN	o	if adverse, withhold it	SCHEDULE_RULE_PROSE	.17	1	f69v	CONTEXT_DEFAULT: circular schedule prose; no word-sound claim.
ASTRO_f69v_001_12	ASTRO_SPATIAL_TOKEN	tey	keep the usual measure	SCHEDULE_RULE_PROSE	.17	1	f69v	CONTEXT_DEFAULT: circular schedule prose; no word-sound claim.
ASTRO_f69v_001_13	ASTRO_SPATIAL_TOKEN	otokeeey	continue to the next station	SCHEDULE_RULE_PROSE	.17	1	f69v	CONTEXT_DEFAULT: circular schedule prose; no word-sound claim.
ASTRO_f69v_001_14	ASTRO_SPATIAL_TOKEN	okeeody	repeat only once	SCHEDULE_RULE_PROSE	.17	1	f69v	CONTEXT_DEFAULT: circular schedule prose; no word-sound claim.
ASTRO_f69v_001_15	ASTRO_SPATIAL_TOKEN	okeey	close the consultation	SCHEDULE_RULE_PROSE	.17	1	f69v	CONTEXT_DEFAULT: circular schedule prose; no word-sound claim.
ASTRO_f69v_001_16	ASTRO_SPATIAL_TOKEN	doiir	when the Moon reaches the station	SCHEDULE_RULE_PROSE	.17	1	f69v	CONTEXT_DEFAULT: circular schedule prose; no word-sound claim.
ASTRO_f69v_001_17	ASTRO_SPATIAL_TOKEN	teeo	inspect the pictured schedule	SCHEDULE_RULE_PROSE	.17	1	f69v	CONTEXT_DEFAULT: circular schedule prose; no word-sound claim.
ASTRO_f69v_001_18	ASTRO_SPATIAL_TOKEN	y	if the condition is favourable	SCHEDULE_RULE_PROSE	.17	1	f69v	CONTEXT_DEFAULT: circular schedule prose; no word-sound claim.
ASTRO_f69v_001_19	ASTRO_SPATIAL_TOKEN	chey	apply the remedy	SCHEDULE_RULE_PROSE	.17	1	f69v	CONTEXT_DEFAULT: circular schedule prose; no word-sound claim.
ASTRO_f69v_001_20	ASTRO_SPATIAL_TOKEN	ot	if adverse, withhold it	SCHEDULE_RULE_PROSE	.17	1	f69v	CONTEXT_DEFAULT: circular schedule prose; no word-sound claim.
ASTRO_f69v_001_21	ASTRO_SPATIAL_TOKEN	y	keep the usual measure	SCHEDULE_RULE_PROSE	.17	1	f69v	CONTEXT_DEFAULT: circular schedule prose; no word-sound claim.
ASTRO_f69v_001_22	ASTRO_SPATIAL_TOKEN	okedy	continue to the next station	SCHEDULE_RULE_PROSE	.17	1	f69v	CONTEXT_DEFAULT: circular schedule prose; no word-sound claim.
ASTRO_f69v_001_23	ASTRO_SPATIAL_TOKEN	chsdy	repeat only once	SCHEDULE_RULE_PROSE	.17	1	f69v	CONTEXT_DEFAULT: circular schedule prose; no word-sound claim.
ASTRO_f69v_001_24	ASTRO_SPATIAL_TOKEN	okeod	close the consultation	SCHEDULE_RULE_PROSE	.17	1	f69v	CONTEXT_DEFAULT: circular schedule prose; no word-sound claim.
ASTRO_f69v_001_25	ASTRO_SPATIAL_TOKEN	y	when the Moon reaches the station	SCHEDULE_RULE_PROSE	.17	1	f69v	CONTEXT_DEFAULT: circular schedule prose; no word-sound claim.
ASTRO_f69v_001_26	ASTRO_SPATIAL_TOKEN	dy	inspect the pictured schedule	SCHEDULE_RULE_PROSE	.17	1	f69v	CONTEXT_DEFAULT: circular schedule prose; no word-sound claim.
ASTRO_f69v_001_27	ASTRO_SPATIAL_TOKEN	choaiin	if the condition is favourable	SCHEDULE_RULE_PROSE	.17	1	f69v	CONTEXT_DEFAULT: circular schedule prose; no word-sound claim.
ASTRO_f69v_001_28	ASTRO_SPATIAL_TOKEN	okar	apply the remedy	SCHEDULE_RULE_PROSE	.17	1	f69v	CONTEXT_DEFAULT: circular schedule prose; no word-sound claim.
ASTRO_f69v_001_29	ASTRO_SPATIAL_TOKEN	okar	if adverse, withhold it	SCHEDULE_RULE_PROSE	.17	1	f69v	CONTEXT_DEFAULT: circular schedule prose; no word-sound claim.
ASTRO_f69v_001_30	ASTRO_SPATIAL_TOKEN	chol	keep the usual measure	SCHEDULE_RULE_PROSE	.17	1	f69v	CONTEXT_DEFAULT: circular schedule prose; no word-sound claim.
ASTRO_f69v_001_31	ASTRO_SPATIAL_TOKEN	chees	continue to the next station	SCHEDULE_RULE_PROSE	.17	1	f69v	CONTEXT_DEFAULT: circular schedule prose; no word-sound claim.
ASTRO_f69v_001_32	ASTRO_SPATIAL_TOKEN	yto	repeat only once	SCHEDULE_RULE_PROSE	.17	1	f69v	CONTEXT_DEFAULT: circular schedule prose; no word-sound claim.
ASTRO_f69v_001_33	ASTRO_SPATIAL_TOKEN	odair	close the consultation	SCHEDULE_RULE_PROSE	.17	1	f69v	CONTEXT_DEFAULT: circular schedule prose; no word-sound claim.
ASTRO_f69v_001_34	ASTRO_SPATIAL_TOKEN	oty	when the Moon reaches the station	SCHEDULE_RULE_PROSE	.17	1	f69v	CONTEXT_DEFAULT: circular schedule prose; no word-sound claim.
ASTRO_f69v_001_35	ASTRO_SPATIAL_TOKEN	oteeo	inspect the pictured schedule	SCHEDULE_RULE_PROSE	.17	1	f69v	CONTEXT_DEFAULT: circular schedule prose; no word-sound claim.
ASTRO_f69v_001_36	ASTRO_SPATIAL_TOKEN	dar	if the condition is favourable	SCHEDULE_RULE_PROSE	.17	1	f69v	CONTEXT_DEFAULT: circular schedule prose; no word-sound claim.
ASTRO_f69v_001_37	ASTRO_SPATIAL_TOKEN	o	apply the remedy	SCHEDULE_RULE_PROSE	.17	1	f69v	CONTEXT_DEFAULT: circular schedule prose; no word-sound claim.
ASTRO_f69v_001_38	ASTRO_SPATIAL_TOKEN	eykeody	if adverse, withhold it	SCHEDULE_RULE_PROSE	.17	1	f69v	CONTEXT_DEFAULT: circular schedule prose; no word-sound claim.
ASTRO_f69v_001_39	ASTRO_SPATIAL_TOKEN	dchor	keep the usual measure	SCHEDULE_RULE_PROSE	.17	1	f69v	CONTEXT_DEFAULT: circular schedule prose; no word-sound claim.
ASTRO_f69v_001_40	ASTRO_SPATIAL_TOKEN	char	continue to the next station	SCHEDULE_RULE_PROSE	.17	1	f69v	CONTEXT_DEFAULT: circular schedule prose; no word-sound claim.
ASTRO_f69v_002_01	ASTRO_SPATIAL_TOKEN	yka	continue to the next station	SCHEDULE_RULE_PROSE	.17	1	f69v	CONTEXT_DEFAULT: circular schedule prose; no word-sound claim.
ASTRO_f69v_002_02	ASTRO_SPATIAL_TOKEN	chol	repeat only once	SCHEDULE_RULE_PROSE	.17	1	f69v	CONTEXT_DEFAULT: circular schedule prose; no word-sound claim.
ASTRO_f69v_002_03	ASTRO_SPATIAL_TOKEN	ykar	close the consultation	SCHEDULE_RULE_PROSE	.17	1	f69v	CONTEXT_DEFAULT: circular schedule prose; no word-sound claim.
ASTRO_f69v_002_04	ASTRO_SPATIAL_TOKEN	dal	when the Moon reaches the station	SCHEDULE_RULE_PROSE	.17	1	f69v	CONTEXT_DEFAULT: circular schedule prose; no word-sound claim.
ASTRO_f69v_002_05	ASTRO_SPATIAL_TOKEN	ykady	inspect the pictured schedule	SCHEDULE_RULE_PROSE	.17	1	f69v	CONTEXT_DEFAULT: circular schedule prose; no word-sound claim.
ASTRO_f69v_002_06	ASTRO_SPATIAL_TOKEN	iokeeor	if the condition is favourable	SCHEDULE_RULE_PROSE	.17	1	f69v	CONTEXT_DEFAULT: circular schedule prose; no word-sound claim.
ASTRO_f69v_002_07	ASTRO_SPATIAL_TOKEN	cheey	apply the remedy	SCHEDULE_RULE_PROSE	.17	1	f69v	CONTEXT_DEFAULT: circular schedule prose; no word-sound claim.
ASTRO_f69v_002_08	ASTRO_SPATIAL_TOKEN	choly	if adverse, withhold it	SCHEDULE_RULE_PROSE	.17	1	f69v	CONTEXT_DEFAULT: circular schedule prose; no word-sound claim.
ASTRO_f69v_002_09	ASTRO_SPATIAL_TOKEN	ykeeal	keep the usual measure	SCHEDULE_RULE_PROSE	.17	1	f69v	CONTEXT_DEFAULT: circular schedule prose; no word-sound claim.
ASTRO_f69v_002_10	ASTRO_SPATIAL_TOKEN	cheo	continue to the next station	SCHEDULE_RULE_PROSE	.17	1	f69v	CONTEXT_DEFAULT: circular schedule prose; no word-sound claim.
ASTRO_f69v_002_11	ASTRO_SPATIAL_TOKEN	oaram	repeat only once	SCHEDULE_RULE_PROSE	.17	1	f69v	CONTEXT_DEFAULT: circular schedule prose; no word-sound claim.
ASTRO_f69v_002_12	ASTRO_SPATIAL_TOKEN	ockhy	close the consultation	SCHEDULE_RULE_PROSE	.17	1	f69v	CONTEXT_DEFAULT: circular schedule prose; no word-sound claim.
ASTRO_f69v_002_13	ASTRO_SPATIAL_TOKEN	sheey	when the Moon reaches the station	SCHEDULE_RULE_PROSE	.17	1	f69v	CONTEXT_DEFAULT: circular schedule prose; no word-sound claim.
ASTRO_f69v_002_14	ASTRO_SPATIAL_TOKEN	aiin	inspect the pictured schedule	SCHEDULE_RULE_PROSE	.17	1	f69v	CONTEXT_DEFAULT: circular schedule prose; no word-sound claim.
ASTRO_f69v_002_15	ASTRO_SPATIAL_TOKEN	y	if the condition is favourable	SCHEDULE_RULE_PROSE	.17	1	f69v	CONTEXT_DEFAULT: circular schedule prose; no word-sound claim.
ASTRO_f69v_002_16	ASTRO_SPATIAL_TOKEN	daiial	apply the remedy	SCHEDULE_RULE_PROSE	.17	1	f69v	CONTEXT_DEFAULT: circular schedule prose; no word-sound claim.
ASTRO_f69v_002_17	ASTRO_SPATIAL_TOKEN	cheody	if adverse, withhold it	SCHEDULE_RULE_PROSE	.17	1	f69v	CONTEXT_DEFAULT: circular schedule prose; no word-sound claim.
ASTRO_f69v_002_18	ASTRO_SPATIAL_TOKEN	cheal	keep the usual measure	SCHEDULE_RULE_PROSE	.17	1	f69v	CONTEXT_DEFAULT: circular schedule prose; no word-sound claim.
ASTRO_f69v_002_19	ASTRO_SPATIAL_TOKEN	yetey	continue to the next station	SCHEDULE_RULE_PROSE	.17	1	f69v	CONTEXT_DEFAULT: circular schedule prose; no word-sound claim.
ASTRO_f69v_002_20	ASTRO_SPATIAL_TOKEN	chear	repeat only once	SCHEDULE_RULE_PROSE	.17	1	f69v	CONTEXT_DEFAULT: circular schedule prose; no word-sound claim.
ASTRO_f69v_002_21	ASTRO_SPATIAL_TOKEN	y	close the consultation	SCHEDULE_RULE_PROSE	.17	1	f69v	CONTEXT_DEFAULT: circular schedule prose; no word-sound claim.
ASTRO_f69v_002_22	ASTRO_SPATIAL_TOKEN	dy	when the Moon reaches the station	SCHEDULE_RULE_PROSE	.17	1	f69v	CONTEXT_DEFAULT: circular schedule prose; no word-sound claim.
ASTRO_f69v_002_23	ASTRO_SPATIAL_TOKEN	ykey	inspect the pictured schedule	SCHEDULE_RULE_PROSE	.17	1	f69v	CONTEXT_DEFAULT: circular schedule prose; no word-sound claim.
ASTRO_f69v_002_24	ASTRO_SPATIAL_TOKEN	ch	if the condition is favourable	SCHEDULE_RULE_PROSE	.17	1	f69v	CONTEXT_DEFAULT: circular schedule prose; no word-sound claim.
ASTRO_f69v_002_25	ASTRO_SPATIAL_TOKEN	y	apply the remedy	SCHEDULE_RULE_PROSE	.17	1	f69v	CONTEXT_DEFAULT: circular schedule prose; no word-sound claim.
ASTRO_f69v_002_26	ASTRO_SPATIAL_TOKEN	dy	if adverse, withhold it	SCHEDULE_RULE_PROSE	.17	1	f69v	CONTEXT_DEFAULT: circular schedule prose; no word-sound claim.
ASTRO_f69v_002_27	ASTRO_SPATIAL_TOKEN	chol	keep the usual measure	SCHEDULE_RULE_PROSE	.17	1	f69v	CONTEXT_DEFAULT: circular schedule prose; no word-sound claim.
ASTRO_f69v_002_28	ASTRO_SPATIAL_TOKEN	ykar	continue to the next station	SCHEDULE_RULE_PROSE	.17	1	f69v	CONTEXT_DEFAULT: circular schedule prose; no word-sound claim.
ASTRO_f69v_002_29	ASTRO_SPATIAL_TOKEN	ol	repeat only once	SCHEDULE_RULE_PROSE	.17	1	f69v	CONTEXT_DEFAULT: circular schedule prose; no word-sound claim.
ASTRO_f69v_002_30	ASTRO_SPATIAL_TOKEN	y	close the consultation	SCHEDULE_RULE_PROSE	.17	1	f69v	CONTEXT_DEFAULT: circular schedule prose; no word-sound claim.
ASTRO_f69v_002_31	ASTRO_SPATIAL_TOKEN	ykeeody	when the Moon reaches the station	SCHEDULE_RULE_PROSE	.17	1	f69v	CONTEXT_DEFAULT: circular schedule prose; no word-sound claim.
ASTRO_f69v_002_32	ASTRO_SPATIAL_TOKEN	chey	inspect the pictured schedule	SCHEDULE_RULE_PROSE	.17	1	f69v	CONTEXT_DEFAULT: circular schedule prose; no word-sound claim.
ASTRO_f69v_002_33	ASTRO_SPATIAL_TOKEN	dal	if the condition is favourable	SCHEDULE_RULE_PROSE	.17	1	f69v	CONTEXT_DEFAULT: circular schedule prose; no word-sound claim.
ASTRO_f69v_002_34	ASTRO_SPATIAL_TOKEN	ody	apply the remedy	SCHEDULE_RULE_PROSE	.17	1	f69v	CONTEXT_DEFAULT: circular schedule prose; no word-sound claim.
ASTRO_f69v_002_35	ASTRO_SPATIAL_TOKEN	airchy	if adverse, withhold it	SCHEDULE_RULE_PROSE	.17	1	f69v	CONTEXT_DEFAULT: circular schedule prose; no word-sound claim.
ASTRO_f69v_002_36	ASTRO_SPATIAL_TOKEN	choky	keep the usual measure	SCHEDULE_RULE_PROSE	.17	1	f69v	CONTEXT_DEFAULT: circular schedule prose; no word-sound claim.
ASTRO_f69v_002_37	ASTRO_SPATIAL_TOKEN	ychey	continue to the next station	SCHEDULE_RULE_PROSE	.17	1	f69v	CONTEXT_DEFAULT: circular schedule prose; no word-sound claim.
ASTRO_f69v_002_38	ASTRO_SPATIAL_TOKEN	chey	repeat only once	SCHEDULE_RULE_PROSE	.17	1	f69v	CONTEXT_DEFAULT: circular schedule prose; no word-sound claim.
ASTRO_f69v_003_01	ASTRO_SPATIAL_TOKEN	doair	when the Moon reaches the station	SCHEDULE_RULE_PROSE	.17	1	f69v	CONTEXT_DEFAULT: circular schedule prose; no word-sound claim.
ASTRO_f69v_003_02	ASTRO_SPATIAL_TOKEN	otaldal	inspect the pictured schedule	SCHEDULE_RULE_PROSE	.17	1	f69v	CONTEXT_DEFAULT: circular schedule prose; no word-sound claim.
ASTRO_f69v_003_03	ASTRO_SPATIAL_TOKEN	dair	if the condition is favourable	SCHEDULE_RULE_PROSE	.17	1	f69v	CONTEXT_DEFAULT: circular schedule prose; no word-sound claim.
ASTRO_f69v_003_04	ASTRO_SPATIAL_TOKEN	chdy	apply the remedy	SCHEDULE_RULE_PROSE	.17	1	f69v	CONTEXT_DEFAULT: circular schedule prose; no word-sound claim.
ASTRO_f69v_003_05	ASTRO_SPATIAL_TOKEN	otoar	if adverse, withhold it	SCHEDULE_RULE_PROSE	.17	1	f69v	CONTEXT_DEFAULT: circular schedule prose; no word-sound claim.
ASTRO_f69v_003_06	ASTRO_SPATIAL_TOKEN	ar	keep the usual measure	SCHEDULE_RULE_PROSE	.17	1	f69v	CONTEXT_DEFAULT: circular schedule prose; no word-sound claim.
ASTRO_f69v_003_07	ASTRO_SPATIAL_TOKEN	chy	continue to the next station	SCHEDULE_RULE_PROSE	.17	1	f69v	CONTEXT_DEFAULT: circular schedule prose; no word-sound claim.
ASTRO_f69v_003_08	ASTRO_SPATIAL_TOKEN	qoteor	repeat only once	SCHEDULE_RULE_PROSE	.17	1	f69v	CONTEXT_DEFAULT: circular schedule prose; no word-sound claim.
ASTRO_f69v_003_09	ASTRO_SPATIAL_TOKEN	cho	close the consultation	SCHEDULE_RULE_PROSE	.17	1	f69v	CONTEXT_DEFAULT: circular schedule prose; no word-sound claim.
ASTRO_f69v_003_10	ASTRO_SPATIAL_TOKEN	qotair	when the Moon reaches the station	SCHEDULE_RULE_PROSE	.17	1	f69v	CONTEXT_DEFAULT: circular schedule prose; no word-sound claim.
ASTRO_f69v_003_11	ASTRO_SPATIAL_TOKEN	chda	inspect the pictured schedule	SCHEDULE_RULE_PROSE	.17	1	f69v	CONTEXT_DEFAULT: circular schedule prose; no word-sound claim.
ASTRO_f69v_003_12	ASTRO_SPATIAL_TOKEN	oteeal	if the condition is favourable	SCHEDULE_RULE_PROSE	.17	1	f69v	CONTEXT_DEFAULT: circular schedule prose; no word-sound claim.
ASTRO_f69v_003_13	ASTRO_SPATIAL_TOKEN	cheor	apply the remedy	SCHEDULE_RULE_PROSE	.17	1	f69v	CONTEXT_DEFAULT: circular schedule prose; no word-sound claim.
ASTRO_f69v_003_14	ASTRO_SPATIAL_TOKEN	ar	if adverse, withhold it	SCHEDULE_RULE_PROSE	.17	1	f69v	CONTEXT_DEFAULT: circular schedule prose; no word-sound claim.
ASTRO_f69v_003_15	ASTRO_SPATIAL_TOKEN	air	keep the usual measure	SCHEDULE_RULE_PROSE	.17	1	f69v	CONTEXT_DEFAULT: circular schedule prose; no word-sound claim.
ASTRO_f69v_003_16	ASTRO_SPATIAL_TOKEN	oteody	continue to the next station	SCHEDULE_RULE_PROSE	.17	1	f69v	CONTEXT_DEFAULT: circular schedule prose; no word-sound claim.
ASTRO_f69v_003_17	ASTRO_SPATIAL_TOKEN	ytyd	repeat only once	SCHEDULE_RULE_PROSE	.17	1	f69v	CONTEXT_DEFAULT: circular schedule prose; no word-sound claim.
ASTRO_f69v_003_18	ASTRO_SPATIAL_TOKEN	a	close the consultation	SCHEDULE_RULE_PROSE	.17	1	f69v	CONTEXT_DEFAULT: circular schedule prose; no word-sound claim.
ASTRO_f69v_003_19	ASTRO_SPATIAL_TOKEN	dchy	when the Moon reaches the station	SCHEDULE_RULE_PROSE	.17	1	f69v	CONTEXT_DEFAULT: circular schedule prose; no word-sound claim.
ASTRO_f69v_003_20	ASTRO_SPATIAL_TOKEN	otoly	inspect the pictured schedule	SCHEDULE_RULE_PROSE	.17	1	f69v	CONTEXT_DEFAULT: circular schedule prose; no word-sound claim.
ASTRO_f69v_003_21	ASTRO_SPATIAL_TOKEN	okeodal	if the condition is favourable	SCHEDULE_RULE_PROSE	.17	1	f69v	CONTEXT_DEFAULT: circular schedule prose; no word-sound claim.
ASTRO_f69v_003_22	ASTRO_SPATIAL_TOKEN	oteoarar	apply the remedy	SCHEDULE_RULE_PROSE	.17	1	f69v	CONTEXT_DEFAULT: circular schedule prose; no word-sound claim.
ASTRO_f69v_003_23	ASTRO_SPATIAL_TOKEN	cheteeser	if adverse, withhold it	SCHEDULE_RULE_PROSE	.17	1	f69v	CONTEXT_DEFAULT: circular schedule prose; no word-sound claim.
ASTRO_f69v_003_24	ASTRO_SPATIAL_TOKEN	dair	keep the usual measure	SCHEDULE_RULE_PROSE	.17	1	f69v	CONTEXT_DEFAULT: circular schedule prose; no word-sound claim.
ASTRO_f69v_003_25	ASTRO_SPATIAL_TOKEN	chey	continue to the next station	SCHEDULE_RULE_PROSE	.17	1	f69v	CONTEXT_DEFAULT: circular schedule prose; no word-sound claim.
ASTRO_f69v_003_26	ASTRO_SPATIAL_TOKEN	okody	repeat only once	SCHEDULE_RULE_PROSE	.17	1	f69v	CONTEXT_DEFAULT: circular schedule prose; no word-sound claim.
ASTRO_f69v_003_27	ASTRO_SPATIAL_TOKEN	dal	close the consultation	SCHEDULE_RULE_PROSE	.17	1	f69v	CONTEXT_DEFAULT: circular schedule prose; no word-sound claim.
ASTRO_f69v_003_28	ASTRO_SPATIAL_TOKEN	oteey	when the Moon reaches the station	SCHEDULE_RULE_PROSE	.17	1	f69v	CONTEXT_DEFAULT: circular schedule prose; no word-sound claim.
ASTRO_f69v_003_29	ASTRO_SPATIAL_TOKEN	oteey	inspect the pictured schedule	SCHEDULE_RULE_PROSE	.17	1	f69v	CONTEXT_DEFAULT: circular schedule prose; no word-sound claim.
ASTRO_f69v_004_01	ASTRO_SPATIAL_TOKEN	okeey	schedule station 1: favour the named application	ORDERED_LUNAR_SCHEDULE_LOCUS	.27	1	f69v	Source locus order retained; alternation rendered as perform/withhold advice.
ASTRO_f69v_004_02	ASTRO_SPATIAL_TOKEN	sar	repeat the station rule	ORDERED_LUNAR_SCHEDULE_LOCUS	.27	1	f69v	Source locus order retained; alternation rendered as perform/withhold advice.
ASTRO_f69v_005_01	ASTRO_SPATIAL_TOKEN	okeo	schedule station 2: withhold the named application	ORDERED_LUNAR_SCHEDULE_LOCUS	.27	1	f69v	Source locus order retained; alternation rendered as perform/withhold advice.
ASTRO_f69v_005_02	ASTRO_SPATIAL_TOKEN	dy	repeat the station rule	ORDERED_LUNAR_SCHEDULE_LOCUS	.27	1	f69v	Source locus order retained; alternation rendered as perform/withhold advice.
ASTRO_f69v_006_01	ASTRO_SPATIAL_TOKEN	ochoyk	schedule station 3: favour the named application	ORDERED_LUNAR_SCHEDULE_LOCUS	.27	1	f69v	Source locus order retained; alternation rendered as perform/withhold advice.
ASTRO_f69v_007_01	ASTRO_SPATIAL_TOKEN	ykeey	schedule station 4: withhold the named application	ORDERED_LUNAR_SCHEDULE_LOCUS	.27	1	f69v	Source locus order retained; alternation rendered as perform/withhold advice.
ASTRO_f69v_008_01	ASTRO_SPATIAL_TOKEN	ytory	schedule station 5: favour the named application	ORDERED_LUNAR_SCHEDULE_LOCUS	.27	1	f69v	Source locus order retained; alternation rendered as perform/withhold advice.
ASTRO_f69v_009_01	ASTRO_SPATIAL_TOKEN	oeesy	schedule station 6: withhold the named application	ORDERED_LUNAR_SCHEDULE_LOCUS	.27	1	f69v	Source locus order retained; alternation rendered as perform/withhold advice.
ASTRO_f69v_010_01	ASTRO_SPATIAL_TOKEN	ytody	schedule station 7: favour the named application	ORDERED_LUNAR_SCHEDULE_LOCUS	.27	1	f69v	Source locus order retained; alternation rendered as perform/withhold advice.
ASTRO_f69v_011_01	ASTRO_SPATIAL_TOKEN	okody	schedule station 8: withhold the named application	ORDERED_LUNAR_SCHEDULE_LOCUS	.27	1	f69v	Source locus order retained; alternation rendered as perform/withhold advice.
ASTRO_f69v_012_01	ASTRO_SPATIAL_TOKEN	otody	schedule station 9: favour the named application	ORDERED_LUNAR_SCHEDULE_LOCUS	.27	1	f69v	Source locus order retained; alternation rendered as perform/withhold advice.
ASTRO_f69v_013_01	ASTRO_SPATIAL_TOKEN	okeal	schedule station 10: withhold the named application	ORDERED_LUNAR_SCHEDULE_LOCUS	.27	1	f69v	Source locus order retained; alternation rendered as perform/withhold advice.
ASTRO_f69v_014_01	ASTRO_SPATIAL_TOKEN	okeod	schedule station 11: favour the named application	ORDERED_LUNAR_SCHEDULE_LOCUS	.27	1	f69v	Source locus order retained; alternation rendered as perform/withhold advice.
ASTRO_f69v_015_01	ASTRO_SPATIAL_TOKEN	oteeys	schedule station 12: withhold the named application	ORDERED_LUNAR_SCHEDULE_LOCUS	.27	1	f69v	Source locus order retained; alternation rendered as perform/withhold advice.
ASTRO_f69v_016_01	ASTRO_SPATIAL_TOKEN	oteol	schedule station 13: favour the named application	ORDERED_LUNAR_SCHEDULE_LOCUS	.27	1	f69v	Source locus order retained; alternation rendered as perform/withhold advice.
ASTRO_f69v_017_01	ASTRO_SPATIAL_TOKEN	ykeydy	schedule station 14: withhold the named application	ORDERED_LUNAR_SCHEDULE_LOCUS	.27	1	f69v	Source locus order retained; alternation rendered as perform/withhold advice.
ASTRO_f69v_018_01	ASTRO_SPATIAL_TOKEN	okeod	schedule station 15: favour the named application	ORDERED_LUNAR_SCHEDULE_LOCUS	.27	1	f69v	Source locus order retained; alternation rendered as perform/withhold advice.
ASTRO_f69v_019_01	ASTRO_SPATIAL_TOKEN	saral	schedule station 16: withhold the named application	ORDERED_LUNAR_SCHEDULE_LOCUS	.27	1	f69v	Source locus order retained; alternation rendered as perform/withhold advice.
ASTRO_f69v_020_01	ASTRO_SPATIAL_TOKEN	saiir	schedule station 17: favour the named application	ORDERED_LUNAR_SCHEDULE_LOCUS	.27	1	f69v	Source locus order retained; alternation rendered as perform/withhold advice.
ASTRO_f69v_021_01	ASTRO_SPATIAL_TOKEN	okolar	schedule station 18: withhold the named application	ORDERED_LUNAR_SCHEDULE_LOCUS	.27	1	f69v	Source locus order retained; alternation rendered as perform/withhold advice.
ASTRO_f69v_022_01	ASTRO_SPATIAL_TOKEN	ykeody	schedule station 19: favour the named application	ORDERED_LUNAR_SCHEDULE_LOCUS	.27	1	f69v	Source locus order retained; alternation rendered as perform/withhold advice.
ASTRO_f69v_023_01	ASTRO_SPATIAL_TOKEN	sarydy	schedule station 20: withhold the named application	ORDERED_LUNAR_SCHEDULE_LOCUS	.27	1	f69v	Source locus order retained; alternation rendered as perform/withhold advice.
ASTRO_f69v_024_01	ASTRO_SPATIAL_TOKEN	otchy	schedule station 21: favour the named application	ORDERED_LUNAR_SCHEDULE_LOCUS	.27	1	f69v	Source locus order retained; alternation rendered as perform/withhold advice.
ASTRO_f69v_025_01	ASTRO_SPATIAL_TOKEN	okeey	schedule station 22: withhold the named application	ORDERED_LUNAR_SCHEDULE_LOCUS	.27	1	f69v	Source locus order retained; alternation rendered as perform/withhold advice.
ASTRO_f69v_025_02	ASTRO_SPATIAL_TOKEN	dy	repeat the station rule	ORDERED_LUNAR_SCHEDULE_LOCUS	.27	1	f69v	Source locus order retained; alternation rendered as perform/withhold advice.
ASTRO_f69v_026_01	ASTRO_SPATIAL_TOKEN	okey	schedule station 23: favour the named application	ORDERED_LUNAR_SCHEDULE_LOCUS	.27	1	f69v	Source locus order retained; alternation rendered as perform/withhold advice.
ASTRO_f69v_026_02	ASTRO_SPATIAL_TOKEN	d	repeat the station rule	ORDERED_LUNAR_SCHEDULE_LOCUS	.27	1	f69v	Source locus order retained; alternation rendered as perform/withhold advice.
ASTRO_f69v_027_01	ASTRO_SPATIAL_TOKEN	okeod	schedule station 24: withhold the named application	ORDERED_LUNAR_SCHEDULE_LOCUS	.27	1	f69v	Source locus order retained; alternation rendered as perform/withhold advice.
ASTRO_f69v_028_01	ASTRO_SPATIAL_TOKEN	okodchy	schedule station 25: favour the named application	ORDERED_LUNAR_SCHEDULE_LOCUS	.27	1	f69v	Source locus order retained; alternation rendered as perform/withhold advice.
ASTRO_f69v_029_01	ASTRO_SPATIAL_TOKEN	okeody	schedule station 26: withhold the named application	ORDERED_LUNAR_SCHEDULE_LOCUS	.27	1	f69v	Source locus order retained; alternation rendered as perform/withhold advice.
ASTRO_f69v_030_01	ASTRO_SPATIAL_TOKEN	okcheys	schedule station 27: favour the named application	ORDERED_LUNAR_SCHEDULE_LOCUS	.27	1	f69v	Source locus order retained; alternation rendered as perform/withhold advice.
ASTRO_f69v_031_01	ASTRO_SPATIAL_TOKEN	oar	schedule station 28: withhold the named application	ORDERED_LUNAR_SCHEDULE_LOCUS	.27	1	f69v	Source locus order retained; alternation rendered as perform/withhold advice.
ASTRO_f69v_031_02	ASTRO_SPATIAL_TOKEN	alys	repeat the station rule	ORDERED_LUNAR_SCHEDULE_LOCUS	.27	1	f69v	Source locus order retained; alternation rendered as perform/withhold advice.
