channel	candidate_id	visual_feature	formal_feature	feature_level	aliases	label	n_hard	contact_or_positive_n	gap_or_negative_n	feature_positive	positive_with_feature	negative_with_feature	effect_p_feature_given_positive_minus_negative	feature_value_summary	within_array_signed_effect	informative_arrays	conditional_mutual_information_bits_per_row	raw_mdl_gain_bits	selector_paid_mdl_gain_bits	exact_permutation_worlds	exact_signed_p	exact_cmi_p	conditional_library_max_signed_p	conditional_library_max_cmi_p	cyclic_rotation_worlds	cyclic_rotation_p	length_group_matched_worlds	length_group_matched_signed_p	per_array_contributions	leave_one_array_effects	leave_one_folio_effects	survives_leave_one_array_direction	survives_leave_one_folio_direction	edition_min_mask_jaccard	edition_signed_effects	uncertainty_dependence	obvious_confounds	notes	atlas_row
BFE_ENCLOSURE	964b21adf85c	INDIVIDUAL_BOUNDED_VS_OPEN_OR_COMMUNAL	(FAMILY_1GRAM:F)_OR_(FAMILY_3GRAM:BQA)	JOINT_DEPTH2		LIKELY_PAGE_CONFOUND	29	16	13	5	0	5	-0.38461538461538464	present=5	-1.0	1	0.16740527490597734	1.3319817595512866	-6.513508291393088	10	0.1	0.1	1.0	1.0	5	0.2	0	1.0	f77r:0.000000:0;f77v:0.000000:0;f80r:0.000000:0;f82r:0.000000:0;f82v:-1.000000:1;f83r:0.000000:0;f83v:0.000000:0	f77r:-1.000000:1;f77v:-1.000000:1;f80r:-1.000000:1;f82r:-1.000000:1;f82v:0.000000:0;f83r:-1.000000:1;f83v:-1.000000:1	f77:-1.000000:1;f80:-1.000000:1;f82:0.000000:0;f83:-1.000000:1	1	1		NOT_EVALUATED_POSTSELECTED_JOINT	NO_UNCERTAIN_ROWS	ONE_INFORMATIVE_ARRAY;ONE_POSITIVE_FOLIO;POSTSELECTED_COMBINATION;EDITION_ROBUSTNESS_NOT_EVALUATED;ZERO_POSITIVE_SUPPORT;POSSIBLE_LENGTH_CONFOUND	Postselected depth-2 exploratory combination.	1
BFE_ENCLOSURE	6fa88ceb07e3	INDIVIDUAL_BOUNDED_VS_OPEN_OR_COMMUNAL	(FAMILY_1GRAM:K)_OR_(FAMILY_2GRAM:BA)	JOINT_DEPTH2		LIKELY_PAGE_CONFOUND	29	16	13	19	13	6	0.35096153846153844	present=19	1.0	1	0.16740527490597734	-1.0603356632274732	-8.905825714171847	10	0.1	0.1	1.0	1.0	5	0.2	0	1.0	f77r:0.000000:0;f77v:0.000000:0;f80r:0.000000:0;f82r:0.000000:0;f82v:1.000000:1;f83r:0.000000:0;f83v:0.000000:0	f77r:1.000000:1;f77v:1.000000:1;f80r:1.000000:1;f82r:1.000000:1;f82v:0.000000:0;f83r:1.000000:1;f83v:1.000000:1	f77:1.000000:1;f80:1.000000:1;f82:0.000000:0;f83:1.000000:1	1	1		NOT_EVALUATED_POSTSELECTED_JOINT	NO_UNCERTAIN_ROWS	ONE_INFORMATIVE_ARRAY;POSTSELECTED_COMBINATION;EDITION_ROBUSTNESS_NOT_EVALUATED	Postselected depth-2 exploratory combination.	2
BFE_ENCLOSURE	53746ed2a968	INDIVIDUAL_BOUNDED_VS_OPEN_OR_COMMUNAL	(FAMILY_1GRAM:K)_OR_(FAMILY_SUFFIX_3:JBA)	JOINT_DEPTH2		LIKELY_PAGE_CONFOUND	29	16	13	12	10	2	0.47115384615384615	present=12	1.0	1	0.16740527490597734	-0.7260709530629121	-8.571561004007286	10	0.1	0.1	1.0	1.0	5	0.2	0	1.0	f77r:0.000000:0;f77v:0.000000:0;f80r:0.000000:0;f82r:0.000000:0;f82v:1.000000:1;f83r:0.000000:0;f83v:0.000000:0	f77r:1.000000:1;f77v:1.000000:1;f80r:1.000000:1;f82r:1.000000:1;f82v:0.000000:0;f83r:1.000000:1;f83v:1.000000:1	f77:1.000000:1;f80:1.000000:1;f82:0.000000:0;f83:1.000000:1	1	1		NOT_EVALUATED_POSTSELECTED_JOINT	NO_UNCERTAIN_ROWS	ONE_INFORMATIVE_ARRAY;POSTSELECTED_COMBINATION;EDITION_ROBUSTNESS_NOT_EVALUATED	Postselected depth-2 exploratory combination.	3
BFE_ENCLOSURE	e716d0358d4f	INDIVIDUAL_BOUNDED_VS_OPEN_OR_COMMUNAL	(FAMILY_1GRAM:K)_OR_(MEMBER_TOKEN_ZL3b:B1)	JOINT_DEPTH2		LIKELY_PAGE_CONFOUND	29	16	13	15	10	5	0.24038461538461536	present=15	1.0	1	0.16740527490597734	-2.0196936787301283	-9.865183729674502	10	0.1	0.1	1.0	1.0	5	0.2	0	1.0	f77r:0.000000:0;f77v:0.000000:0;f80r:0.000000:0;f82r:0.000000:0;f82v:1.000000:1;f83r:0.000000:0;f83v:0.000000:0	f77r:1.000000:1;f77v:1.000000:1;f80r:1.000000:1;f82r:1.000000:1;f82v:0.000000:0;f83r:1.000000:1;f83v:1.000000:1	f77:1.000000:1;f80:1.000000:1;f82:0.000000:0;f83:1.000000:1	1	1		NOT_EVALUATED_POSTSELECTED_JOINT	NO_UNCERTAIN_ROWS	ONE_INFORMATIVE_ARRAY;POSTSELECTED_COMBINATION;EDITION_ROBUSTNESS_NOT_EVALUATED	Postselected depth-2 exploratory combination.	4
BFE_ENCLOSURE	532111805a09	INDIVIDUAL_BOUNDED_VS_OPEN_OR_COMMUNAL	(FAMILY_2GRAM:BA)_OR_(FAMILY_SUFFIX_2:KA)	JOINT_DEPTH2		LIKELY_PAGE_CONFOUND	29	16	13	18	12	6	0.28846153846153844	present=18	1.0	1	0.16740527490597734	-0.47537316250631534	-8.32086321345069	10	0.1	0.1	1.0	1.0	5	0.2	0	1.0	f77r:0.000000:0;f77v:0.000000:0;f80r:0.000000:0;f82r:0.000000:0;f82v:1.000000:1;f83r:0.000000:0;f83v:0.000000:0	f77r:1.000000:1;f77v:1.000000:1;f80r:1.000000:1;f82r:1.000000:1;f82v:0.000000:0;f83r:1.000000:1;f83v:1.000000:1	f77:1.000000:1;f80:1.000000:1;f82:0.000000:0;f83:1.000000:1	1	1		NOT_EVALUATED_POSTSELECTED_JOINT	NO_UNCERTAIN_ROWS	ONE_INFORMATIVE_ARRAY;POSTSELECTED_COMBINATION;EDITION_ROBUSTNESS_NOT_EVALUATED	Postselected depth-2 exploratory combination.	5
BFE_ENCLOSURE	6c779c7c3fbc	INDIVIDUAL_BOUNDED_VS_OPEN_OR_COMMUNAL	(FAMILY_2GRAM:BA)_OR_(SYMBOL_COUNT_GE:6)	JOINT_DEPTH2		LIKELY_PAGE_CONFOUND	29	16	13	21	14	7	0.33653846153846156	present=21	1.0	1	0.16740527490597734	-0.21233875667252633	-8.0578288076169	10	0.1	0.1	1.0	1.0	5	0.2	0	1.0	f77r:0.000000:0;f77v:0.000000:0;f80r:0.000000:0;f82r:0.000000:0;f82v:1.000000:1;f83r:0.000000:0;f83v:0.000000:0	f77r:1.000000:1;f77v:1.000000:1;f80r:1.000000:1;f82r:1.000000:1;f82v:0.000000:0;f83r:1.000000:1;f83v:1.000000:1	f77:1.000000:1;f80:1.000000:1;f82:0.000000:0;f83:1.000000:1	1	1		NOT_EVALUATED_POSTSELECTED_JOINT	NO_UNCERTAIN_ROWS	ONE_INFORMATIVE_ARRAY;POSTSELECTED_COMBINATION;EDITION_ROBUSTNESS_NOT_EVALUATED	Postselected depth-2 exploratory combination.	6
BFE_ENCLOSURE	bc3638ba935a	INDIVIDUAL_BOUNDED_VS_OPEN_OR_COMMUNAL	(FAMILY_SUFFIX_1:A)_AND_(FAMILY_1GRAM:B)	JOINT_DEPTH2		LIKELY_PAGE_CONFOUND	29	16	13	16	9	7	0.024038461538461564	present=16	1.0	1	0.16740527490597734	-1.2827280845639244	-9.128218135508298	10	0.1	0.1	1.0	1.0	5	0.2	0	1.0	f77r:0.000000:0;f77v:0.000000:0;f80r:0.000000:0;f82r:0.000000:0;f82v:1.000000:1;f83r:0.000000:0;f83v:0.000000:0	f77r:1.000000:1;f77v:1.000000:1;f80r:1.000000:1;f82r:1.000000:1;f82v:0.000000:0;f83r:1.000000:1;f83v:1.000000:1	f77:1.000000:1;f80:1.000000:1;f82:0.000000:0;f83:1.000000:1	1	1		NOT_EVALUATED_POSTSELECTED_JOINT	NO_UNCERTAIN_ROWS	ONE_INFORMATIVE_ARRAY;POSTSELECTED_COMBINATION;EDITION_ROBUSTNESS_NOT_EVALUATED	Postselected depth-2 exploratory combination.	7
BFE_ENCLOSURE	c3ff358e9a99	INDIVIDUAL_BOUNDED_VS_OPEN_OR_COMMUNAL	(FAMILY_SUFFIX_1:A)_AND_(SYMBOL_COUNT_GE:5)	JOINT_DEPTH2		LIKELY_PAGE_CONFOUND	29	16	13	16	10	6	0.16346153846153844	present=16	1.0	1	0.16740527490597734	-1.2827280845639244	-9.128218135508298	10	0.1	0.1	1.0	1.0	5	0.2	0	1.0	f77r:0.000000:0;f77v:0.000000:0;f80r:0.000000:0;f82r:0.000000:0;f82v:1.000000:1;f83r:0.000000:0;f83v:0.000000:0	f77r:1.000000:1;f77v:1.000000:1;f80r:1.000000:1;f82r:1.000000:1;f82v:0.000000:0;f83r:1.000000:1;f83v:1.000000:1	f77:1.000000:1;f80:1.000000:1;f82:0.000000:0;f83:1.000000:1	1	1		NOT_EVALUATED_POSTSELECTED_JOINT	NO_UNCERTAIN_ROWS	ONE_INFORMATIVE_ARRAY;POSTSELECTED_COMBINATION;EDITION_ROBUSTNESS_NOT_EVALUATED	Postselected depth-2 exploratory combination.	8
BFE_ENCLOSURE	b0c5db52c75e	INDIVIDUAL_BOUNDED_VS_OPEN_OR_COMMUNAL	(FAMILY_SUFFIX_1:A)_OR_(FAMILY_1GRAM:J)	JOINT_DEPTH2		LIKELY_PAGE_CONFOUND	29	16	13	18	11	7	0.14903846153846156	present=18	1.0	1	0.16740527490597734	-1.1307249911188784	-8.976215042063252	10	0.1	0.1	1.0	1.0	5	0.2	0	1.0	f77r:0.000000:0;f77v:0.000000:0;f80r:0.000000:0;f82r:0.000000:0;f82v:1.000000:1;f83r:0.000000:0;f83v:0.000000:0	f77r:1.000000:1;f77v:1.000000:1;f80r:1.000000:1;f82r:1.000000:1;f82v:0.000000:0;f83r:1.000000:1;f83v:1.000000:1	f77:1.000000:1;f80:1.000000:1;f82:0.000000:0;f83:1.000000:1	1	1		NOT_EVALUATED_POSTSELECTED_JOINT	NO_UNCERTAIN_ROWS	ONE_INFORMATIVE_ARRAY;POSTSELECTED_COMBINATION;EDITION_ROBUSTNESS_NOT_EVALUATED	Postselected depth-2 exploratory combination.	9
BFE_ENCLOSURE	a7e0d693d184	INDIVIDUAL_BOUNDED_VS_OPEN_OR_COMMUNAL	(FAMILY_SUFFIX_1:A)_OR_(FAMILY_1GRAM:K)	JOINT_DEPTH2		LIKELY_PAGE_CONFOUND	29	16	13	20	13	7	0.27403846153846156	present=20	1.0	1	0.16740527490597734	-0.9083325697824272	-8.753822620726801	10	0.1	0.1	1.0	1.0	5	0.2	0	1.0	f77r:0.000000:0;f77v:0.000000:0;f80r:0.000000:0;f82r:0.000000:0;f82v:1.000000:1;f83r:0.000000:0;f83v:0.000000:0	f77r:1.000000:1;f77v:1.000000:1;f80r:1.000000:1;f82r:1.000000:1;f82v:0.000000:0;f83r:1.000000:1;f83v:1.000000:1	f77:1.000000:1;f80:1.000000:1;f82:0.000000:0;f83:1.000000:1	1	1		NOT_EVALUATED_POSTSELECTED_JOINT	NO_UNCERTAIN_ROWS	ONE_INFORMATIVE_ARRAY;POSTSELECTED_COMBINATION;EDITION_ROBUSTNESS_NOT_EVALUATED	Postselected depth-2 exploratory combination.	10
BFE_ENCLOSURE	759be3b677e4	INDIVIDUAL_BOUNDED_VS_OPEN_OR_COMMUNAL	(FAMILY_SUFFIX_1:A)_OR_(FAMILY_2GRAM:BA)	JOINT_DEPTH2		LIKELY_PAGE_CONFOUND	29	16	13	20	12	8	0.13461538461538458	present=20	1.0	1	0.16740527490597734	-0.21233875667252633	-8.0578288076169	10	0.1	0.1	1.0	1.0	5	0.2	0	1.0	f77r:0.000000:0;f77v:0.000000:0;f80r:0.000000:0;f82r:0.000000:0;f82v:1.000000:1;f83r:0.000000:0;f83v:0.000000:0	f77r:1.000000:1;f77v:1.000000:1;f80r:1.000000:1;f82r:1.000000:1;f82v:0.000000:0;f83r:1.000000:1;f83v:1.000000:1	f77:1.000000:1;f80:1.000000:1;f82:0.000000:0;f83:1.000000:1	1	1		NOT_EVALUATED_POSTSELECTED_JOINT	NO_UNCERTAIN_ROWS	ONE_INFORMATIVE_ARRAY;POSTSELECTED_COMBINATION;EDITION_ROBUSTNESS_NOT_EVALUATED	Postselected depth-2 exploratory combination.	11
BFE_ENCLOSURE	50606ed53da8	INDIVIDUAL_BOUNDED_VS_OPEN_OR_COMMUNAL	(FAMILY_SUFFIX_1:A)_OR_(SYMBOL_COUNT_GE:6)	JOINT_DEPTH2		LIKELY_PAGE_CONFOUND	29	16	13	21	14	7	0.33653846153846156	present=21	1.0	1	0.16740527490597734	-0.17136697561622327	-8.016857026560597	10	0.1	0.1	1.0	1.0	5	0.2	0	1.0	f77r:0.000000:0;f77v:0.000000:0;f80r:0.000000:0;f82r:0.000000:0;f82v:1.000000:1;f83r:0.000000:0;f83v:0.000000:0	f77r:1.000000:1;f77v:1.000000:1;f80r:1.000000:1;f82r:1.000000:1;f82v:0.000000:0;f83r:1.000000:1;f83v:1.000000:1	f77:1.000000:1;f80:1.000000:1;f82:0.000000:0;f83:1.000000:1	1	1		NOT_EVALUATED_POSTSELECTED_JOINT	NO_UNCERTAIN_ROWS	ONE_INFORMATIVE_ARRAY;POSTSELECTED_COMBINATION;EDITION_ROBUSTNESS_NOT_EVALUATED	Postselected depth-2 exploratory combination.	12
BFE_ENCLOSURE	d3d2498c8a6c	INDIVIDUAL_BOUNDED_VS_OPEN_OR_COMMUNAL	(FAMILY_SUFFIX_1:B)_OR_(FAMILY_1GRAM:F)	JOINT_DEPTH2		LIKELY_PAGE_CONFOUND	29	16	13	8	3	5	-0.19711538461538464	present=8	-1.0	1	0.16740527490597734	0.7063772743327874	-7.139112776611587	10	0.1	0.1	1.0	1.0	5	0.2	0	1.0	f77r:0.000000:0;f77v:0.000000:0;f80r:0.000000:0;f82r:0.000000:0;f82v:-1.000000:1;f83r:0.000000:0;f83v:0.000000:0	f77r:-1.000000:1;f77v:-1.000000:1;f80r:-1.000000:1;f82r:-1.000000:1;f82v:0.000000:0;f83r:-1.000000:1;f83v:-1.000000:1	f77:-1.000000:1;f80:-1.000000:1;f82:0.000000:0;f83:-1.000000:1	1	1		NOT_EVALUATED_POSTSELECTED_JOINT	NO_UNCERTAIN_ROWS	ONE_INFORMATIVE_ARRAY;POSTSELECTED_COMBINATION;EDITION_ROBUSTNESS_NOT_EVALUATED;POSSIBLE_LENGTH_CONFOUND	Postselected depth-2 exploratory combination.	13
BFE_ENCLOSURE	ef7a5647cf86	INDIVIDUAL_BOUNDED_VS_OPEN_OR_COMMUNAL	(FAMILY_SUFFIX_2:BA)_OR_(FAMILY_1GRAM:K)	JOINT_DEPTH2		LIKELY_PAGE_CONFOUND	29	16	13	16	11	5	0.30288461538461536	present=16	1.0	1	0.16740527490597734	-2.0196936787301283	-9.865183729674502	10	0.1	0.1	1.0	1.0	5	0.2	0	1.0	f77r:0.000000:0;f77v:0.000000:0;f80r:0.000000:0;f82r:0.000000:0;f82v:1.000000:1;f83r:0.000000:0;f83v:0.000000:0	f77r:1.000000:1;f77v:1.000000:1;f80r:1.000000:1;f82r:1.000000:1;f82v:0.000000:0;f83r:1.000000:1;f83v:1.000000:1	f77:1.000000:1;f80:1.000000:1;f82:0.000000:0;f83:1.000000:1	1	1		NOT_EVALUATED_POSTSELECTED_JOINT	NO_UNCERTAIN_ROWS	ONE_INFORMATIVE_ARRAY;POSTSELECTED_COMBINATION;EDITION_ROBUSTNESS_NOT_EVALUATED	Postselected depth-2 exploratory combination.	14
BFE_ENCLOSURE	17df47f9ef47	INDIVIDUAL_BOUNDED_VS_OPEN_OR_COMMUNAL	(FAMILY_SUFFIX_2:BA)_OR_(FAMILY_SUFFIX_2:KA)	JOINT_DEPTH2		LIKELY_PAGE_CONFOUND	29	16	13	13	8	5	0.11538461538461536	present=13	1.0	1	0.16740527490597734	-1.5867342714540165	-9.43222432239839	10	0.1	0.1	1.0	1.0	5	0.2	0	1.0	f77r:0.000000:0;f77v:0.000000:0;f80r:0.000000:0;f82r:0.000000:0;f82v:1.000000:1;f83r:0.000000:0;f83v:0.000000:0	f77r:1.000000:1;f77v:1.000000:1;f80r:1.000000:1;f82r:1.000000:1;f82v:0.000000:0;f83r:1.000000:1;f83v:1.000000:1	f77:1.000000:1;f80:1.000000:1;f82:0.000000:0;f83:1.000000:1	1	1		NOT_EVALUATED_POSTSELECTED_JOINT	NO_UNCERTAIN_ROWS	ONE_INFORMATIVE_ARRAY;POSTSELECTED_COMBINATION;EDITION_ROBUSTNESS_NOT_EVALUATED	Postselected depth-2 exploratory combination.	15
BFE_ENCLOSURE	4944299fff3b	INDIVIDUAL_BOUNDED_VS_OPEN_OR_COMMUNAL	(FAMILY_SUFFIX_2:BA)_OR_(SYMBOL_COUNT_GE:6)	JOINT_DEPTH2		LIKELY_PAGE_CONFOUND	29	16	13	20	14	6	0.41346153846153844	present=20	1.0	1	0.16740527490597734	-0.3233700690612693	-8.168860120005643	10	0.1	0.1	1.0	1.0	5	0.2	0	1.0	f77r:0.000000:0;f77v:0.000000:0;f80r:0.000000:0;f82r:0.000000:0;f82v:1.000000:1;f83r:0.000000:0;f83v:0.000000:0	f77r:1.000000:1;f77v:1.000000:1;f80r:1.000000:1;f82r:1.000000:1;f82v:0.000000:0;f83r:1.000000:1;f83v:1.000000:1	f77:1.000000:1;f80:1.000000:1;f82:0.000000:0;f83:1.000000:1	1	1		NOT_EVALUATED_POSTSELECTED_JOINT	NO_UNCERTAIN_ROWS	ONE_INFORMATIVE_ARRAY;POSTSELECTED_COMBINATION;EDITION_ROBUSTNESS_NOT_EVALUATED	Postselected depth-2 exploratory combination.	16
BFE_ENCLOSURE	01f1f946690d	INDIVIDUAL_BOUNDED_VS_OPEN_OR_COMMUNAL	(FAMILY_SUFFIX_3:QAB)_OR_(FAMILY_1GRAM:F)	JOINT_DEPTH2		LIKELY_PAGE_CONFOUND	29	16	13	4	0	4	-0.3076923076923077	present=4	-1.0	1	0.16740527490597734	2.139336681608892	-5.706153369335483	10	0.1	0.1	1.0	1.0	5	0.2	0	1.0	f77r:0.000000:0;f77v:0.000000:0;f80r:0.000000:0;f82r:0.000000:0;f82v:-1.000000:1;f83r:0.000000:0;f83v:0.000000:0	f77r:-1.000000:1;f77v:-1.000000:1;f80r:-1.000000:1;f82r:-1.000000:1;f82v:0.000000:0;f83r:-1.000000:1;f83v:-1.000000:1	f77:-1.000000:1;f80:-1.000000:1;f82:0.000000:0;f83:-1.000000:1	1	1		NOT_EVALUATED_POSTSELECTED_JOINT	NO_UNCERTAIN_ROWS	ONE_INFORMATIVE_ARRAY;ONE_POSITIVE_FOLIO;POSTSELECTED_COMBINATION;EDITION_ROBUSTNESS_NOT_EVALUATED;ZERO_POSITIVE_SUPPORT;POSSIBLE_LENGTH_CONFOUND	Postselected depth-2 exploratory combination.	17
BFE_ENCLOSURE	2cc959b66834	INDIVIDUAL_BOUNDED_VS_OPEN_OR_COMMUNAL	(MEMBER_TOKEN_RF1b:A2)_AND_(FAMILY_1GRAM:B)	JOINT_DEPTH2		LIKELY_PAGE_CONFOUND	29	16	13	13	6	7	-0.16346153846153844	present=13	1.0	1	0.16740527490597734	-0.5457624903977205	-8.391252541342094	10	0.1	0.1	1.0	1.0	5	0.2	0	1.0	f77r:0.000000:0;f77v:0.000000:0;f80r:0.000000:0;f82r:0.000000:0;f82v:1.000000:1;f83r:0.000000:0;f83v:0.000000:0	f77r:1.000000:1;f77v:1.000000:1;f80r:1.000000:1;f82r:1.000000:1;f82v:0.000000:0;f83r:1.000000:1;f83v:1.000000:1	f77:1.000000:1;f80:1.000000:1;f82:0.000000:0;f83:1.000000:1	1	1		NOT_EVALUATED_POSTSELECTED_JOINT	NO_UNCERTAIN_ROWS	ONE_INFORMATIVE_ARRAY;POSTSELECTED_COMBINATION;EDITION_ROBUSTNESS_NOT_EVALUATED	Postselected depth-2 exploratory combination.	18
BFE_ENCLOSURE	71292672419c	INDIVIDUAL_BOUNDED_VS_OPEN_OR_COMMUNAL	(MEMBER_TOKEN_RF1b:A2)_AND_(SYMBOL_COUNT_GE:5)	JOINT_DEPTH2		LIKELY_PAGE_CONFOUND	29	16	13	13	7	6	-0.024038461538461564	present=13	1.0	1	0.16740527490597734	-0.8497686772878126	-8.695258728232186	10	0.1	0.1	1.0	1.0	5	0.2	0	1.0	f77r:0.000000:0;f77v:0.000000:0;f80r:0.000000:0;f82r:0.000000:0;f82v:1.000000:1;f83r:0.000000:0;f83v:0.000000:0	f77r:1.000000:1;f77v:1.000000:1;f80r:1.000000:1;f82r:1.000000:1;f82v:0.000000:0;f83r:1.000000:1;f83v:1.000000:1	f77:1.000000:1;f80:1.000000:1;f82:0.000000:0;f83:1.000000:1	1	1		NOT_EVALUATED_POSTSELECTED_JOINT	NO_UNCERTAIN_ROWS	ONE_INFORMATIVE_ARRAY;POSTSELECTED_COMBINATION;EDITION_ROBUSTNESS_NOT_EVALUATED	Postselected depth-2 exploratory combination.	19
BFE_ENCLOSURE	14cf9538fe89	INDIVIDUAL_BOUNDED_VS_OPEN_OR_COMMUNAL	(MEMBER_TOKEN_RF1b:A2)_OR_(FAMILY_1GRAM:J)	JOINT_DEPTH2		LIKELY_PAGE_CONFOUND	29	16	13	15	8	7	-0.038461538461538436	present=15	1.0	1	0.16740527490597734	-1.4347311780089704	-9.280221228953344	10	0.1	0.1	1.0	1.0	5	0.2	0	1.0	f77r:0.000000:0;f77v:0.000000:0;f80r:0.000000:0;f82r:0.000000:0;f82v:1.000000:1;f83r:0.000000:0;f83v:0.000000:0	f77r:1.000000:1;f77v:1.000000:1;f80r:1.000000:1;f82r:1.000000:1;f82v:0.000000:0;f83r:1.000000:1;f83v:1.000000:1	f77:1.000000:1;f80:1.000000:1;f82:0.000000:0;f83:1.000000:1	1	1		NOT_EVALUATED_POSTSELECTED_JOINT	NO_UNCERTAIN_ROWS	ONE_INFORMATIVE_ARRAY;POSTSELECTED_COMBINATION;EDITION_ROBUSTNESS_NOT_EVALUATED	Postselected depth-2 exploratory combination.	20
BFE_ENCLOSURE	a3e5490c6140	INDIVIDUAL_BOUNDED_VS_OPEN_OR_COMMUNAL	(MEMBER_TOKEN_RF1b:A2)_OR_(SYMBOL_COUNT_GE:6)	JOINT_DEPTH2		LIKELY_PAGE_CONFOUND	29	16	13	19	12	7	0.21153846153846156	present=19	1.0	1	0.16740527490597734	-1.0603356632274732	-8.905825714171847	10	0.1	0.1	1.0	1.0	5	0.2	0	1.0	f77r:0.000000:0;f77v:0.000000:0;f80r:0.000000:0;f82r:0.000000:0;f82v:1.000000:1;f83r:0.000000:0;f83v:0.000000:0	f77r:1.000000:1;f77v:1.000000:1;f80r:1.000000:1;f82r:1.000000:1;f82v:0.000000:0;f83r:1.000000:1;f83v:1.000000:1	f77:1.000000:1;f80:1.000000:1;f82:0.000000:0;f83:1.000000:1	1	1		NOT_EVALUATED_POSTSELECTED_JOINT	NO_UNCERTAIN_ROWS	ONE_INFORMATIVE_ARRAY;POSTSELECTED_COMBINATION;EDITION_ROBUSTNESS_NOT_EVALUATED	Postselected depth-2 exploratory combination.	21
BFE_ENCLOSURE	78609e106295	INDIVIDUAL_BOUNDED_VS_OPEN_OR_COMMUNAL	(MEMBER_TOKEN_ZL3b:A2)_AND_(FAMILY_1GRAM:B)	JOINT_DEPTH2		LIKELY_PAGE_CONFOUND	29	16	13	14	7	7	-0.10096153846153844	present=14	1.0	1	0.16740527490597734	-0.6977655838427665	-8.54325563478714	10	0.1	0.1	1.0	1.0	5	0.2	0	1.0	f77r:0.000000:0;f77v:0.000000:0;f80r:0.000000:0;f82r:0.000000:0;f82v:1.000000:1;f83r:0.000000:0;f83v:0.000000:0	f77r:1.000000:1;f77v:1.000000:1;f80r:1.000000:1;f82r:1.000000:1;f82v:0.000000:0;f83r:1.000000:1;f83v:1.000000:1	f77:1.000000:1;f80:1.000000:1;f82:0.000000:0;f83:1.000000:1	1	1		NOT_EVALUATED_POSTSELECTED_JOINT	NO_UNCERTAIN_ROWS	ONE_INFORMATIVE_ARRAY;POSTSELECTED_COMBINATION;EDITION_ROBUSTNESS_NOT_EVALUATED	Postselected depth-2 exploratory combination.	22
BFE_ENCLOSURE	aac37fd74878	INDIVIDUAL_BOUNDED_VS_OPEN_OR_COMMUNAL	(MEMBER_TOKEN_ZL3b:A2)_AND_(SYMBOL_COUNT_GE:5)	JOINT_DEPTH2		LIKELY_PAGE_CONFOUND	29	16	13	14	8	6	0.038461538461538436	present=14	1.0	1	0.16740527490597734	-0.6977655838427665	-8.54325563478714	10	0.1	0.1	1.0	1.0	5	0.2	0	1.0	f77r:0.000000:0;f77v:0.000000:0;f80r:0.000000:0;f82r:0.000000:0;f82v:1.000000:1;f83r:0.000000:0;f83v:0.000000:0	f77r:1.000000:1;f77v:1.000000:1;f80r:1.000000:1;f82r:1.000000:1;f82v:0.000000:0;f83r:1.000000:1;f83v:1.000000:1	f77:1.000000:1;f80:1.000000:1;f82:0.000000:0;f83:1.000000:1	1	1		NOT_EVALUATED_POSTSELECTED_JOINT	NO_UNCERTAIN_ROWS	ONE_INFORMATIVE_ARRAY;POSTSELECTED_COMBINATION;EDITION_ROBUSTNESS_NOT_EVALUATED	Postselected depth-2 exploratory combination.	23
BFE_ENCLOSURE	ec5dca25949e	INDIVIDUAL_BOUNDED_VS_OPEN_OR_COMMUNAL	(MEMBER_TOKEN_ZL3b:A2)_OR_(FAMILY_1GRAM:J)	JOINT_DEPTH2		LIKELY_PAGE_CONFOUND	29	16	13	16	9	7	0.024038461538461564	present=16	1.0	1	0.16740527490597734	-1.2827280845639244	-9.128218135508298	10	0.1	0.1	1.0	1.0	5	0.2	0	1.0	f77r:0.000000:0;f77v:0.000000:0;f80r:0.000000:0;f82r:0.000000:0;f82v:1.000000:1;f83r:0.000000:0;f83v:0.000000:0	f77r:1.000000:1;f77v:1.000000:1;f80r:1.000000:1;f82r:1.000000:1;f82v:0.000000:0;f83r:1.000000:1;f83v:1.000000:1	f77:1.000000:1;f80:1.000000:1;f82:0.000000:0;f83:1.000000:1	1	1		NOT_EVALUATED_POSTSELECTED_JOINT	NO_UNCERTAIN_ROWS	ONE_INFORMATIVE_ARRAY;POSTSELECTED_COMBINATION;EDITION_ROBUSTNESS_NOT_EVALUATED	Postselected depth-2 exploratory combination.	24
BFE_ENCLOSURE	1af3fd7602af	INDIVIDUAL_BOUNDED_VS_OPEN_OR_COMMUNAL	(MEMBER_TOKEN_ZL3b:A2)_OR_(FAMILY_1GRAM:K)	JOINT_DEPTH2		LIKELY_PAGE_CONFOUND	29	16	13	18	11	7	0.14903846153846156	present=18	1.0	1	0.16740527490597734	-1.7156874918400362	-9.56117754278441	10	0.1	0.1	1.0	1.0	5	0.2	0	1.0	f77r:0.000000:0;f77v:0.000000:0;f80r:0.000000:0;f82r:0.000000:0;f82v:1.000000:1;f83r:0.000000:0;f83v:0.000000:0	f77r:1.000000:1;f77v:1.000000:1;f80r:1.000000:1;f82r:1.000000:1;f82v:0.000000:0;f83r:1.000000:1;f83v:1.000000:1	f77:1.000000:1;f80:1.000000:1;f82:0.000000:0;f83:1.000000:1	1	1		NOT_EVALUATED_POSTSELECTED_JOINT	NO_UNCERTAIN_ROWS	ONE_INFORMATIVE_ARRAY;POSTSELECTED_COMBINATION;EDITION_ROBUSTNESS_NOT_EVALUATED	Postselected depth-2 exploratory combination.	25
BFE_ENCLOSURE	870e647536aa	INDIVIDUAL_BOUNDED_VS_OPEN_OR_COMMUNAL	(MEMBER_TOKEN_ZL3b:A2)_OR_(FAMILY_SUFFIX_2:BA)	JOINT_DEPTH2		LIKELY_PAGE_CONFOUND	29	16	13	16	9	7	0.024038461538461564	present=16	1.0	1	0.16740527490597734	-1.2827280845639244	-9.128218135508298	10	0.1	0.1	1.0	1.0	5	0.2	0	1.0	f77r:0.000000:0;f77v:0.000000:0;f80r:0.000000:0;f82r:0.000000:0;f82v:1.000000:1;f83r:0.000000:0;f83v:0.000000:0	f77r:1.000000:1;f77v:1.000000:1;f80r:1.000000:1;f82r:1.000000:1;f82v:0.000000:0;f83r:1.000000:1;f83v:1.000000:1	f77:1.000000:1;f80:1.000000:1;f82:0.000000:0;f83:1.000000:1	1	1		NOT_EVALUATED_POSTSELECTED_JOINT	NO_UNCERTAIN_ROWS	ONE_INFORMATIVE_ARRAY;POSTSELECTED_COMBINATION;EDITION_ROBUSTNESS_NOT_EVALUATED	Postselected depth-2 exploratory combination.	26
BFE_ENCLOSURE	fe24b6981efa	INDIVIDUAL_BOUNDED_VS_OPEN_OR_COMMUNAL	(MEMBER_TOKEN_ZL3b:A2)_OR_(MEMBER_TOKEN_ZL3b:B1)	JOINT_DEPTH2		LIKELY_PAGE_CONFOUND	29	16	13	18	10	8	0.009615384615384581	present=18	1.0	1	0.16740527490597734	-1.0196936787301354	-8.86518372967451	10	0.1	0.1	1.0	1.0	5	0.2	0	1.0	f77r:0.000000:0;f77v:0.000000:0;f80r:0.000000:0;f82r:0.000000:0;f82v:1.000000:1;f83r:0.000000:0;f83v:0.000000:0	f77r:1.000000:1;f77v:1.000000:1;f80r:1.000000:1;f82r:1.000000:1;f82v:0.000000:0;f83r:1.000000:1;f83v:1.000000:1	f77:1.000000:1;f80:1.000000:1;f82:0.000000:0;f83:1.000000:1	1	1		NOT_EVALUATED_POSTSELECTED_JOINT	NO_UNCERTAIN_ROWS	ONE_INFORMATIVE_ARRAY;POSTSELECTED_COMBINATION;EDITION_ROBUSTNESS_NOT_EVALUATED	Postselected depth-2 exploratory combination.	27
BFE_ENCLOSURE	db5e81c0b2cb	INDIVIDUAL_BOUNDED_VS_OPEN_OR_COMMUNAL	(MEMBER_TOKEN_ZL3b:A2)_OR_(SYMBOL_COUNT_GE:6)	JOINT_DEPTH2		LIKELY_PAGE_CONFOUND	29	16	13	20	13	7	0.27403846153846156	present=20	1.0	1	0.16740527490597734	-0.9083325697824272	-8.753822620726801	10	0.1	0.1	1.0	1.0	5	0.2	0	1.0	f77r:0.000000:0;f77v:0.000000:0;f80r:0.000000:0;f82r:0.000000:0;f82v:1.000000:1;f83r:0.000000:0;f83v:0.000000:0	f77r:1.000000:1;f77v:1.000000:1;f80r:1.000000:1;f82r:1.000000:1;f82v:0.000000:0;f83r:1.000000:1;f83v:1.000000:1	f77:1.000000:1;f80:1.000000:1;f82:0.000000:0;f83:1.000000:1	1	1		NOT_EVALUATED_POSTSELECTED_JOINT	NO_UNCERTAIN_ROWS	ONE_INFORMATIVE_ARRAY;POSTSELECTED_COMBINATION;EDITION_ROBUSTNESS_NOT_EVALUATED	Postselected depth-2 exploratory combination.	28
BFE_ENCLOSURE	25701aedf57a	INDIVIDUAL_BOUNDED_VS_OPEN_OR_COMMUNAL	(MEMBER_TOKEN_ZL3b:B1)_OR_(FAMILY_SUFFIX_2:KA)	JOINT_DEPTH2		LIKELY_PAGE_CONFOUND	29	16	13	14	9	5	0.17788461538461536	present=14	1.0	1	0.16740527490597734	-1.4347311780089704	-9.280221228953344	10	0.1	0.1	1.0	1.0	5	0.2	0	1.0	f77r:0.000000:0;f77v:0.000000:0;f80r:0.000000:0;f82r:0.000000:0;f82v:1.000000:1;f83r:0.000000:0;f83v:0.000000:0	f77r:1.000000:1;f77v:1.000000:1;f80r:1.000000:1;f82r:1.000000:1;f82v:0.000000:0;f83r:1.000000:1;f83v:1.000000:1	f77:1.000000:1;f80:1.000000:1;f82:0.000000:0;f83:1.000000:1	1	1		NOT_EVALUATED_POSTSELECTED_JOINT	NO_UNCERTAIN_ROWS	ONE_INFORMATIVE_ARRAY;POSTSELECTED_COMBINATION;EDITION_ROBUSTNESS_NOT_EVALUATED	Postselected depth-2 exploratory combination.	29
BFE_ENCLOSURE	cd7199576a9c	INDIVIDUAL_BOUNDED_VS_OPEN_OR_COMMUNAL	(SYMBOL_COUNT_GE:6)_OR_(FAMILY_SUFFIX_3:JBA)	JOINT_DEPTH2		LIKELY_PAGE_CONFOUND	29	16	13	16	11	5	0.30288461538461536	present=16	1.0	1	0.16740527490597734	-1.8676905852850822	-9.713180636229456	10	0.1	0.1	1.0	1.0	5	0.2	0	1.0	f77r:0.000000:0;f77v:0.000000:0;f80r:0.000000:0;f82r:0.000000:0;f82v:1.000000:1;f83r:0.000000:0;f83v:0.000000:0	f77r:1.000000:1;f77v:1.000000:1;f80r:1.000000:1;f82r:1.000000:1;f82v:0.000000:0;f83r:1.000000:1;f83v:1.000000:1	f77:1.000000:1;f80:1.000000:1;f82:0.000000:0;f83:1.000000:1	1	1		NOT_EVALUATED_POSTSELECTED_JOINT	NO_UNCERTAIN_ROWS	ONE_INFORMATIVE_ARRAY;POSTSELECTED_COMBINATION;EDITION_ROBUSTNESS_NOT_EVALUATED	Postselected depth-2 exploratory combination.	30
BFE_ENCLOSURE	92a3e4f3dbfb	INDIVIDUAL_BOUNDED_VS_OPEN_OR_COMMUNAL	(SYMBOL_COUNT_GE:6)_OR_(MEMBER_TOKEN_ZL3b:B1)	JOINT_DEPTH2		LIKELY_PAGE_CONFOUND	29	16	13	20	13	7	0.27403846153846156	present=20	1.0	1	0.16740527490597734	-0.9493043508387302	-8.794794401783104	10	0.1	0.1	1.0	1.0	5	0.2	0	1.0	f77r:0.000000:0;f77v:0.000000:0;f80r:0.000000:0;f82r:0.000000:0;f82v:1.000000:1;f83r:0.000000:0;f83v:0.000000:0	f77r:1.000000:1;f77v:1.000000:1;f80r:1.000000:1;f82r:1.000000:1;f82v:0.000000:0;f83r:1.000000:1;f83v:1.000000:1	f77:1.000000:1;f80:1.000000:1;f82:0.000000:0;f83:1.000000:1	1	1		NOT_EVALUATED_POSTSELECTED_JOINT	NO_UNCERTAIN_ROWS	ONE_INFORMATIVE_ARRAY;POSTSELECTED_COMBINATION;EDITION_ROBUSTNESS_NOT_EVALUATED	Postselected depth-2 exploratory combination.	31
BFE_ENCLOSURE	eb2e9da6d446	INDIVIDUAL_BOUNDED_VS_OPEN_OR_COMMUNAL	FAMILY_SUFFIX_1:A	FAMILY_COMPONENT	FAMILY_SUFFIX_1:A	LIKELY_PAGE_CONFOUND	29	16	13	17	10	7	0.08653846153846156	present=17	1.0	1	0.16740527490597734	-1.1307249911188784	-8.976215042063252	10	0.1	0.1	1.0	1.0	5	0.2	0	1.0	f77r:0.000000:0;f77v:0.000000:0;f80r:0.000000:0;f82r:0.000000:0;f82v:1.000000:1;f83r:0.000000:0;f83v:0.000000:0	f77r:1.000000:1;f77v:1.000000:1;f80r:1.000000:1;f82r:1.000000:1;f82v:0.000000:0;f83r:1.000000:1;f83v:1.000000:1	f77:1.000000:1;f80:1.000000:1;f82:0.000000:0;f83:1.000000:1	1	1	1.0	ZL3b:1.000000;IT2a:1.000000;RF1b:1.000000	NO_UNCERTAIN_ROWS	ONE_INFORMATIVE_ARRAY		32
BFE_ENCLOSURE	9cc5d5738684	INDIVIDUAL_BOUNDED_VS_OPEN_OR_COMMUNAL	MEMBER_TOKEN_RF1b:A2	MEMBER_CODE	MEMBER_TOKEN_RF1b:A2	LIKELY_PAGE_CONFOUND	29	16	13	14	7	7	-0.10096153846153844	present=14	1.0	1	0.16740527490597734	-0.6977655838427665	-8.54325563478714	10	0.1	0.1	1.0	1.0	5	0.2	0	1.0	f77r:0.000000:0;f77v:0.000000:0;f80r:0.000000:0;f82r:0.000000:0;f82v:1.000000:1;f83r:0.000000:0;f83v:0.000000:0	f77r:1.000000:1;f77v:1.000000:1;f80r:1.000000:1;f82r:1.000000:1;f82v:0.000000:0;f83r:1.000000:1;f83v:1.000000:1	f77:1.000000:1;f80:1.000000:1;f82:0.000000:0;f83:1.000000:1	1	1	0.9333333333333333	ZL3b:1.000000;IT2a:1.000000;RF1b:1.000000	NO_UNCERTAIN_ROWS	ONE_INFORMATIVE_ARRAY	primary edition=RF1b	33
BFE_ENCLOSURE	0da010958132	INDIVIDUAL_BOUNDED_VS_OPEN_OR_COMMUNAL	MEMBER_TOKEN_ZL3b:A2	MEMBER_CODE	MEMBER_TOKEN_ZL3b:A2;MEMBER_TOKEN_IT2a:A2	LIKELY_PAGE_CONFOUND	29	16	13	15	8	7	-0.038461538461538436	present=15	1.0	1	0.16740527490597734	-0.5457624903977205	-8.391252541342094	10	0.1	0.1	1.0	1.0	5	0.2	0	1.0	f77r:0.000000:0;f77v:0.000000:0;f80r:0.000000:0;f82r:0.000000:0;f82v:1.000000:1;f83r:0.000000:0;f83v:0.000000:0	f77r:1.000000:1;f77v:1.000000:1;f80r:1.000000:1;f82r:1.000000:1;f82v:0.000000:0;f83r:1.000000:1;f83v:1.000000:1	f77:1.000000:1;f80:1.000000:1;f82:0.000000:0;f83:1.000000:1	1	1	0.9333333333333333	ZL3b:1.000000;IT2a:1.000000;RF1b:1.000000	NO_UNCERTAIN_ROWS	ONE_INFORMATIVE_ARRAY	primary edition=ZL3b	34
BFE_ENCLOSURE	1183b9f8864d	INDIVIDUAL_BOUNDED_VS_OPEN_OR_COMMUNAL	TOTAL_SYMBOL_COUNT	NUMERIC_CONSTRUCTION	TOTAL_SYMBOL_COUNT	LIKELY_PAGE_CONFOUND	29	16	13		5.875	5.230769230769231	0.6442307692307692	categories=4,5,6,7,8	1.166666666666667	1	0.09843975766459805	-8.377795386170977	-16.22328543711535	10	0.3	0.6	0.3	1.0	5	0.4	0	1.0	f77r:0.000000:0;f77v:0.000000:0;f80r:0.000000:0;f82r:0.000000:0;f82v:1.166667:1;f83r:0.000000:0;f83v:0.000000:0	f77r:1.166667:1;f77v:1.166667:1;f80r:1.166667:1;f82r:1.166667:1;f82v:0.000000:0;f83r:1.166667:1;f83v:1.166667:1	f77:1.166667:1;f80:1.166667:1;f82:0.000000:0;f83:1.166667:1	1	1	1.0	ZL3b:1.166667;IT2a:1.166667;RF1b:1.166667	NO_UNCERTAIN_ROWS	ONE_INFORMATIVE_ARRAY;FEATURE_IS_LENGTH	Numeric source-native family-symbol count.	35
BFE_ENCLOSURE	4b66ea3fa950	INDIVIDUAL_BOUNDED_VS_OPEN_OR_COMMUNAL	(FAMILY_1GRAM:B)_AND_(SYMBOL_COUNT_GE:5)	JOINT_DEPTH2		LIKELY_PAGE_CONFOUND	29	16	13	22	14	8	0.2596153846153846	present=22	0.5	1	0.05550484394609695	-2.3643418501175724	-10.209831901061946	10	0.4	0.4	1.0	1.0	5	0.4	0	1.0	f77r:0.000000:0;f77v:0.000000:0;f80r:0.000000:0;f82r:0.000000:0;f82v:0.500000:1;f83r:0.000000:0;f83v:0.000000:0	f77r:0.500000:1;f77v:0.500000:1;f80r:0.500000:1;f82r:0.500000:1;f82v:0.000000:0;f83r:0.500000:1;f83v:0.500000:1	f77:0.500000:1;f80:0.500000:1;f82:0.000000:0;f83:0.500000:1	1	1		NOT_EVALUATED_POSTSELECTED_JOINT	NO_UNCERTAIN_ROWS	ONE_INFORMATIVE_ARRAY;POSTSELECTED_COMBINATION;EDITION_ROBUSTNESS_NOT_EVALUATED	Postselected depth-2 exploratory combination.	36
BFE_ENCLOSURE	7d28d1ab984b	INDIVIDUAL_BOUNDED_VS_OPEN_OR_COMMUNAL	(FAMILY_1GRAM:K)_AND_(FAMILY_1GRAM:B)	JOINT_DEPTH2		LIKELY_PAGE_CONFOUND	29	16	13	8	7	1	0.3605769230769231	present=8	0.6666666666666666	1	0.07240915414171982	-2.895995954505228	-10.741486005449602	10	0.4	0.4	1.0	1.0	5	0.6	0	1.0	f77r:0.000000:0;f77v:0.000000:0;f80r:0.000000:0;f82r:0.000000:0;f82v:0.666667:1;f83r:0.000000:0;f83v:0.000000:0	f77r:0.666667:1;f77v:0.666667:1;f80r:0.666667:1;f82r:0.666667:1;f82v:0.000000:0;f83r:0.666667:1;f83v:0.666667:1	f77:0.666667:1;f80:0.666667:1;f82:0.000000:0;f83:0.666667:1	1	1		NOT_EVALUATED_POSTSELECTED_JOINT	NO_UNCERTAIN_ROWS	ONE_INFORMATIVE_ARRAY;POSTSELECTED_COMBINATION;EDITION_ROBUSTNESS_NOT_EVALUATED	Postselected depth-2 exploratory combination.	37
BFE_ENCLOSURE	4df776585f6e	INDIVIDUAL_BOUNDED_VS_OPEN_OR_COMMUNAL	(FAMILY_1GRAM:K)_AND_(MEMBER_TOKEN_ZL3b:Q1)	JOINT_DEPTH2		LIKELY_PAGE_CONFOUND	29	16	13	4	4	0	0.25	present=4	0.6666666666666666	1	0.07240915414171982	0.04064198449735201	-7.804848066447023	10	0.4	0.4	1.0	1.0	5	0.6	0	1.0	f77r:0.000000:0;f77v:0.000000:0;f80r:0.000000:0;f82r:0.000000:0;f82v:0.666667:1;f83r:0.000000:0;f83v:0.000000:0	f77r:0.666667:1;f77v:0.666667:1;f80r:0.666667:1;f82r:0.666667:1;f82v:0.000000:0;f83r:0.666667:1;f83v:0.666667:1	f77:0.666667:1;f80:0.666667:1;f82:0.000000:0;f83:0.666667:1	1	1		NOT_EVALUATED_POSTSELECTED_JOINT	NO_UNCERTAIN_ROWS	ONE_INFORMATIVE_ARRAY;POSTSELECTED_COMBINATION;EDITION_ROBUSTNESS_NOT_EVALUATED;ZERO_NEGATIVE_SUPPORT	Postselected depth-2 exploratory combination.	38
BFE_ENCLOSURE	f23776a8b810	INDIVIDUAL_BOUNDED_VS_OPEN_OR_COMMUNAL	(FAMILY_1GRAM:K)_AND_(SYMBOL_COUNT_GE:6)	JOINT_DEPTH2		LIKELY_PAGE_CONFOUND	29	16	13	6	6	0	0.375	present=6	0.6666666666666666	1	0.07240915414171982	-1.9366379390025728	-9.782127989946947	10	0.4	0.4	1.0	1.0	5	0.6	0	1.0	f77r:0.000000:0;f77v:0.000000:0;f80r:0.000000:0;f82r:0.000000:0;f82v:0.666667:1;f83r:0.000000:0;f83v:0.000000:0	f77r:0.666667:1;f77v:0.666667:1;f80r:0.666667:1;f82r:0.666667:1;f82v:0.000000:0;f83r:0.666667:1;f83v:0.666667:1	f77:0.666667:1;f80:0.666667:1;f82:0.000000:0;f83:0.666667:1	1	1		NOT_EVALUATED_POSTSELECTED_JOINT	NO_UNCERTAIN_ROWS	ONE_INFORMATIVE_ARRAY;POSTSELECTED_COMBINATION;EDITION_ROBUSTNESS_NOT_EVALUATED;ZERO_NEGATIVE_SUPPORT;POSSIBLE_LENGTH_CONFOUND	Postselected depth-2 exploratory combination.	39
BFE_ENCLOSURE	8fa2d4506cea	INDIVIDUAL_BOUNDED_VS_OPEN_OR_COMMUNAL	(FAMILY_1GRAM:K)_OR_(SYMBOL_COUNT_GE:6)	JOINT_DEPTH2		LIKELY_PAGE_CONFOUND	29	16	13	18	12	6	0.28846153846153844	present=18	0.6666666666666666	1	0.07240915414171982	-3.382263758114835	-11.227753809059209	10	0.4	0.4	1.0	1.0	5	0.6	0	1.0	f77r:0.000000:0;f77v:0.000000:0;f80r:0.000000:0;f82r:0.000000:0;f82v:0.666667:1;f83r:0.000000:0;f83v:0.000000:0	f77r:0.666667:1;f77v:0.666667:1;f80r:0.666667:1;f82r:0.666667:1;f82v:0.000000:0;f83r:0.666667:1;f83v:0.666667:1	f77:0.666667:1;f80:0.666667:1;f82:0.000000:0;f83:0.666667:1	1	1		NOT_EVALUATED_POSTSELECTED_JOINT	NO_UNCERTAIN_ROWS	ONE_INFORMATIVE_ARRAY;POSTSELECTED_COMBINATION;EDITION_ROBUSTNESS_NOT_EVALUATED	Postselected depth-2 exploratory combination.	40
BFE_ENCLOSURE	169d33140f79	INDIVIDUAL_BOUNDED_VS_OPEN_OR_COMMUNAL	(FAMILY_2GRAM:QA)_AND_(FAMILY_SUFFIX_1:B)	JOINT_DEPTH2		LIKELY_PAGE_CONFOUND	29	16	13	3	1	2	-0.09134615384615385	present=3	-0.5	1	0.05550484394609696	-0.7410817026384429	-8.586571753582817	10	0.4	0.4	1.0	1.0	5	0.4	0	1.0	f77r:0.000000:0;f77v:0.000000:0;f80r:0.000000:0;f82r:0.000000:0;f82v:-0.500000:1;f83r:0.000000:0;f83v:0.000000:0	f77r:-0.500000:1;f77v:-0.500000:1;f80r:-0.500000:1;f82r:-0.500000:1;f82v:0.000000:0;f83r:-0.500000:1;f83v:-0.500000:1	f77:-0.500000:1;f80:-0.500000:1;f82:0.000000:0;f83:-0.500000:1	1	1		NOT_EVALUATED_POSTSELECTED_JOINT	NO_UNCERTAIN_ROWS	ONE_INFORMATIVE_ARRAY;ONE_POSITIVE_FOLIO;POSTSELECTED_COMBINATION;EDITION_ROBUSTNESS_NOT_EVALUATED;POSSIBLE_LENGTH_CONFOUND	Postselected depth-2 exploratory combination.	41
BFE_ENCLOSURE	7ac791083ca1	INDIVIDUAL_BOUNDED_VS_OPEN_OR_COMMUNAL	(FAMILY_2GRAM:QA)_AND_(MEMBER_TOKEN_ZL3b:Q1)	JOINT_DEPTH2		LIKELY_PAGE_CONFOUND	29	16	13	14	4	10	-0.5192307692307693	present=14	-0.6666666666666667	1	0.07240915414171982	-2.5487664212549994	-10.394256472199373	10	0.4	0.4	1.0	1.0	5	0.6	0	1.0	f77r:0.000000:0;f77v:0.000000:0;f80r:0.000000:0;f82r:0.000000:0;f82v:-0.666667:1;f83r:0.000000:0;f83v:0.000000:0	f77r:-0.666667:1;f77v:-0.666667:1;f80r:-0.666667:1;f82r:-0.666667:1;f82v:0.000000:0;f83r:-0.666667:1;f83v:-0.666667:1	f77:-0.666667:1;f80:-0.666667:1;f82:0.000000:0;f83:-0.666667:1	1	1		NOT_EVALUATED_POSTSELECTED_JOINT	NO_UNCERTAIN_ROWS	ONE_INFORMATIVE_ARRAY;POSTSELECTED_COMBINATION;EDITION_ROBUSTNESS_NOT_EVALUATED	Postselected depth-2 exploratory combination.	42
BFE_ENCLOSURE	2dd8fba30b87	INDIVIDUAL_BOUNDED_VS_OPEN_OR_COMMUNAL	(FAMILY_2GRAM:QA)_OR_(FAMILY_SUFFIX_1:B)	JOINT_DEPTH2		LIKELY_PAGE_CONFOUND	29	16	13	20	8	12	-0.42307692307692313	present=20	-0.6666666666666667	1	0.07240915414171982	-2.1590303603390204	-10.004520411283394	10	0.4	0.4	1.0	1.0	5	0.6	0	1.0	f77r:0.000000:0;f77v:0.000000:0;f80r:0.000000:0;f82r:0.000000:0;f82v:-0.666667:1;f83r:0.000000:0;f83v:0.000000:0	f77r:-0.666667:1;f77v:-0.666667:1;f80r:-0.666667:1;f82r:-0.666667:1;f82v:0.000000:0;f83r:-0.666667:1;f83v:-0.666667:1	f77:-0.666667:1;f80:-0.666667:1;f82:0.000000:0;f83:-0.666667:1	1	1		NOT_EVALUATED_POSTSELECTED_JOINT	NO_UNCERTAIN_ROWS	ONE_INFORMATIVE_ARRAY;POSTSELECTED_COMBINATION;EDITION_ROBUSTNESS_NOT_EVALUATED	Postselected depth-2 exploratory combination.	43
BFE_ENCLOSURE	a1ef275bd118	INDIVIDUAL_BOUNDED_VS_OPEN_OR_COMMUNAL	(FAMILY_3GRAM:BQA)_AND_(SYMBOL_COUNT_GE:5)	JOINT_DEPTH2		LIKELY_PAGE_CONFOUND	29	16	13	2	0	2	-0.15384615384615385	present=2	-0.5	1	0.05550484394609696	-0.156119201917285	-8.001609252861659	10	0.4	0.4	1.0	1.0	5	0.4	0	1.0	f77r:0.000000:0;f77v:0.000000:0;f80r:0.000000:0;f82r:0.000000:0;f82v:-0.500000:1;f83r:0.000000:0;f83v:0.000000:0	f77r:-0.500000:1;f77v:-0.500000:1;f80r:-0.500000:1;f82r:-0.500000:1;f82v:0.000000:0;f83r:-0.500000:1;f83v:-0.500000:1	f77:-0.500000:1;f80:-0.500000:1;f82:0.000000:0;f83:-0.500000:1	1	1		NOT_EVALUATED_POSTSELECTED_JOINT	NO_UNCERTAIN_ROWS	ONE_INFORMATIVE_ARRAY;ONE_POSITIVE_FOLIO;POSTSELECTED_COMBINATION;EDITION_ROBUSTNESS_NOT_EVALUATED;ZERO_POSITIVE_SUPPORT;POSSIBLE_LENGTH_CONFOUND	Postselected depth-2 exploratory combination.	44
BFE_ENCLOSURE	c3b1b8a473de	INDIVIDUAL_BOUNDED_VS_OPEN_OR_COMMUNAL	(FAMILY_SUFFIX_1:A)_AND_(FAMILY_1GRAM:K)	JOINT_DEPTH2		LIKELY_PAGE_CONFOUND	29	16	13	6	5	1	0.23557692307692307	present=6	0.6666666666666666	1	0.07240915414171982	-1.5740678596178626	-9.419557910562236	10	0.4	0.4	1.0	1.0	5	0.6	0	1.0	f77r:0.000000:0;f77v:0.000000:0;f80r:0.000000:0;f82r:0.000000:0;f82v:0.666667:1;f83r:0.000000:0;f83v:0.000000:0	f77r:0.666667:1;f77v:0.666667:1;f80r:0.666667:1;f82r:0.666667:1;f82v:0.000000:0;f83r:0.666667:1;f83v:0.666667:1	f77:0.666667:1;f80:0.666667:1;f82:0.000000:0;f83:0.666667:1	1	1		NOT_EVALUATED_POSTSELECTED_JOINT	NO_UNCERTAIN_ROWS	ONE_INFORMATIVE_ARRAY;POSTSELECTED_COMBINATION;EDITION_ROBUSTNESS_NOT_EVALUATED	Postselected depth-2 exploratory combination.	45
BFE_ENCLOSURE	e14c3797e252	INDIVIDUAL_BOUNDED_VS_OPEN_OR_COMMUNAL	(FAMILY_SUFFIX_1:A)_AND_(FAMILY_2GRAM:BA)	JOINT_DEPTH2		LIKELY_PAGE_CONFOUND	29	16	13	13	8	5	0.11538461538461536	present=13	0.6666666666666666	1	0.07240915414171982	-3.756659272896332	-11.602149323840706	10	0.4	0.4	1.0	1.0	5	0.6	0	1.0	f77r:0.000000:0;f77v:0.000000:0;f80r:0.000000:0;f82r:0.000000:0;f82v:0.666667:1;f83r:0.000000:0;f83v:0.000000:0	f77r:0.666667:1;f77v:0.666667:1;f80r:0.666667:1;f82r:0.666667:1;f82v:0.000000:0;f83r:0.666667:1;f83v:0.666667:1	f77:0.666667:1;f80:0.666667:1;f82:0.000000:0;f83:0.666667:1	1	1		NOT_EVALUATED_POSTSELECTED_JOINT	NO_UNCERTAIN_ROWS	ONE_INFORMATIVE_ARRAY;POSTSELECTED_COMBINATION;EDITION_ROBUSTNESS_NOT_EVALUATED	Postselected depth-2 exploratory combination.	46
BFE_ENCLOSURE	ae7e27634ec8	INDIVIDUAL_BOUNDED_VS_OPEN_OR_COMMUNAL	(FAMILY_SUFFIX_1:A)_AND_(MEMBER_TOKEN_ZL3b:B1)	JOINT_DEPTH2		LIKELY_PAGE_CONFOUND	29	16	13	9	5	4	0.004807692307692291	present=9	0.6666666666666666	1	0.07240915414171982	-2.9086623663413818	-10.754152417285756	10	0.4	0.4	1.0	1.0	5	0.6	0	1.0	f77r:0.000000:0;f77v:0.000000:0;f80r:0.000000:0;f82r:0.000000:0;f82v:0.666667:1;f83r:0.000000:0;f83v:0.000000:0	f77r:0.666667:1;f77v:0.666667:1;f80r:0.666667:1;f82r:0.666667:1;f82v:0.000000:0;f83r:0.666667:1;f83v:0.666667:1	f77:0.666667:1;f80:0.666667:1;f82:0.000000:0;f83:0.666667:1	1	1		NOT_EVALUATED_POSTSELECTED_JOINT	NO_UNCERTAIN_ROWS	ONE_INFORMATIVE_ARRAY;POSTSELECTED_COMBINATION;EDITION_ROBUSTNESS_NOT_EVALUATED	Postselected depth-2 exploratory combination.	47
BFE_ENCLOSURE	321a7b910165	INDIVIDUAL_BOUNDED_VS_OPEN_OR_COMMUNAL	(FAMILY_SUFFIX_1:A)_AND_(MEMBER_TOKEN_ZL3b:Q1)	JOINT_DEPTH2		LIKELY_PAGE_CONFOUND	29	16	13	10	5	5	-0.07211538461538464	present=10	0.6666666666666666	1	0.07240915414171982	-2.797301257393677	-10.642791308338051	10	0.4	0.4	1.0	1.0	5	0.6	0	1.0	f77r:0.000000:0;f77v:0.000000:0;f80r:0.000000:0;f82r:0.000000:0;f82v:0.666667:1;f83r:0.000000:0;f83v:0.000000:0	f77r:0.666667:1;f77v:0.666667:1;f80r:0.666667:1;f82r:0.666667:1;f82v:0.000000:0;f83r:0.666667:1;f83v:0.666667:1	f77:0.666667:1;f80:0.666667:1;f82:0.000000:0;f83:0.666667:1	1	1		NOT_EVALUATED_POSTSELECTED_JOINT	NO_UNCERTAIN_ROWS	ONE_INFORMATIVE_ARRAY;POSTSELECTED_COMBINATION;EDITION_ROBUSTNESS_NOT_EVALUATED	Postselected depth-2 exploratory combination.	48
BFE_ENCLOSURE	ac2750b72cf2	INDIVIDUAL_BOUNDED_VS_OPEN_OR_COMMUNAL	(FAMILY_SUFFIX_1:A)_AND_(SYMBOL_COUNT_GE:6)	JOINT_DEPTH2		LIKELY_PAGE_CONFOUND	29	16	13	11	6	5	-0.009615384615384637	present=11	0.6666666666666666	1	0.07240915414171982	-3.0196936787301283	-10.865183729674502	10	0.4	0.4	1.0	1.0	5	0.6	0	1.0	f77r:0.000000:0;f77v:0.000000:0;f80r:0.000000:0;f82r:0.000000:0;f82v:0.666667:1;f83r:0.000000:0;f83v:0.000000:0	f77r:0.666667:1;f77v:0.666667:1;f80r:0.666667:1;f82r:0.666667:1;f82v:0.000000:0;f83r:0.666667:1;f83v:0.666667:1	f77:0.666667:1;f80:0.666667:1;f82:0.000000:0;f83:0.666667:1	1	1		NOT_EVALUATED_POSTSELECTED_JOINT	NO_UNCERTAIN_ROWS	ONE_INFORMATIVE_ARRAY;POSTSELECTED_COMBINATION;EDITION_ROBUSTNESS_NOT_EVALUATED;POSSIBLE_LENGTH_CONFOUND	Postselected depth-2 exploratory combination.	49
BFE_ENCLOSURE	18d8d120747b	INDIVIDUAL_BOUNDED_VS_OPEN_OR_COMMUNAL	(FAMILY_SUFFIX_1:A)_OR_(FAMILY_1GRAM:B)	JOINT_DEPTH2		LIKELY_PAGE_CONFOUND	29	16	13	25	15	10	0.16826923076923073	present=25	0.5	1	0.05550484394609695	-1.7708290460324996	-9.616319096976873	10	0.4	0.4	1.0	1.0	5	0.4	0	1.0	f77r:0.000000:0;f77v:0.000000:0;f80r:0.000000:0;f82r:0.000000:0;f82v:0.500000:1;f83r:0.000000:0;f83v:0.000000:0	f77r:0.500000:1;f77v:0.500000:1;f80r:0.500000:1;f82r:0.500000:1;f82v:0.000000:0;f83r:0.500000:1;f83v:0.500000:1	f77:0.500000:1;f80:0.500000:1;f82:0.000000:0;f83:0.500000:1	1	1		NOT_EVALUATED_POSTSELECTED_JOINT	NO_UNCERTAIN_ROWS	ONE_INFORMATIVE_ARRAY;POSTSELECTED_COMBINATION;EDITION_ROBUSTNESS_NOT_EVALUATED	Postselected depth-2 exploratory combination.	50
BFE_ENCLOSURE	835312c67ff6	INDIVIDUAL_BOUNDED_VS_OPEN_OR_COMMUNAL	(FAMILY_SUFFIX_1:A)_OR_(FAMILY_1GRAM:F)	JOINT_DEPTH2		LIKELY_PAGE_CONFOUND	29	16	13	18	10	8	0.009615384615384581	present=18	0.5	1	0.05550484394609696	-3.715687491840036	-11.56117754278441	10	0.4	0.4	1.0	1.0	5	0.4	0	1.0	f77r:0.000000:0;f77v:0.000000:0;f80r:0.000000:0;f82r:0.000000:0;f82v:0.500000:1;f83r:0.000000:0;f83v:0.000000:0	f77r:0.500000:1;f77v:0.500000:1;f80r:0.500000:1;f82r:0.500000:1;f82v:0.000000:0;f83r:0.500000:1;f83v:0.500000:1	f77:0.500000:1;f80:0.500000:1;f82:0.000000:0;f83:0.500000:1	1	1		NOT_EVALUATED_POSTSELECTED_JOINT	NO_UNCERTAIN_ROWS	ONE_INFORMATIVE_ARRAY;POSTSELECTED_COMBINATION;EDITION_ROBUSTNESS_NOT_EVALUATED	Postselected depth-2 exploratory combination.	51
BFE_ENCLOSURE	4a28bfbcfffd	INDIVIDUAL_BOUNDED_VS_OPEN_OR_COMMUNAL	(FAMILY_SUFFIX_1:A)_OR_(FAMILY_3GRAM:BQA)	JOINT_DEPTH2		LIKELY_PAGE_CONFOUND	29	16	13	18	10	8	0.009615384615384581	present=18	0.5	1	0.05550484394609695	-3.715687491840036	-11.56117754278441	10	0.4	0.4	1.0	1.0	5	0.4	0	1.0	f77r:0.000000:0;f77v:0.000000:0;f80r:0.000000:0;f82r:0.000000:0;f82v:0.500000:1;f83r:0.000000:0;f83v:0.000000:0	f77r:0.500000:1;f77v:0.500000:1;f80r:0.500000:1;f82r:0.500000:1;f82v:0.000000:0;f83r:0.500000:1;f83v:0.500000:1	f77:0.500000:1;f80:0.500000:1;f82:0.000000:0;f83:0.500000:1	1	1		NOT_EVALUATED_POSTSELECTED_JOINT	NO_UNCERTAIN_ROWS	ONE_INFORMATIVE_ARRAY;POSTSELECTED_COMBINATION;EDITION_ROBUSTNESS_NOT_EVALUATED	Postselected depth-2 exploratory combination.	52
BFE_ENCLOSURE	7d58c286742d	INDIVIDUAL_BOUNDED_VS_OPEN_OR_COMMUNAL	(FAMILY_SUFFIX_1:A)_OR_(FAMILY_SUFFIX_1:B)	JOINT_DEPTH2		LIKELY_PAGE_CONFOUND	29	16	13	23	13	10	0.043269230769230727	present=23	0.5	1	0.05550484394609695	-3.1631464688112665	-11.00863651975564	10	0.4	0.4	1.0	1.0	5	0.4	0	1.0	f77r:0.000000:0;f77v:0.000000:0;f80r:0.000000:0;f82r:0.000000:0;f82v:0.500000:1;f83r:0.000000:0;f83v:0.000000:0	f77r:0.500000:1;f77v:0.500000:1;f80r:0.500000:1;f82r:0.500000:1;f82v:0.000000:0;f83r:0.500000:1;f83v:0.500000:1	f77:0.500000:1;f80:0.500000:1;f82:0.000000:0;f83:0.500000:1	1	1		NOT_EVALUATED_POSTSELECTED_JOINT	NO_UNCERTAIN_ROWS	ONE_INFORMATIVE_ARRAY;POSTSELECTED_COMBINATION;EDITION_ROBUSTNESS_NOT_EVALUATED	Postselected depth-2 exploratory combination.	53
BFE_ENCLOSURE	c032fc1d5527	INDIVIDUAL_BOUNDED_VS_OPEN_OR_COMMUNAL	(FAMILY_SUFFIX_1:A)_OR_(FAMILY_SUFFIX_3:QAB)	JOINT_DEPTH2		LIKELY_PAGE_CONFOUND	29	16	13	19	10	9	-0.06730769230769229	present=19	0.5	1	0.05550484394609695	-3.6046561794512932	-11.450146230395667	10	0.4	0.4	1.0	1.0	5	0.4	0	1.0	f77r:0.000000:0;f77v:0.000000:0;f80r:0.000000:0;f82r:0.000000:0;f82v:0.500000:1;f83r:0.000000:0;f83v:0.000000:0	f77r:0.500000:1;f77v:0.500000:1;f80r:0.500000:1;f82r:0.500000:1;f82v:0.000000:0;f83r:0.500000:1;f83v:0.500000:1	f77:0.500000:1;f80:0.500000:1;f82:0.000000:0;f83:0.500000:1	1	1		NOT_EVALUATED_POSTSELECTED_JOINT	NO_UNCERTAIN_ROWS	ONE_INFORMATIVE_ARRAY;POSTSELECTED_COMBINATION;EDITION_ROBUSTNESS_NOT_EVALUATED	Postselected depth-2 exploratory combination.	54
BFE_ENCLOSURE	c80aaea5b70f	INDIVIDUAL_BOUNDED_VS_OPEN_OR_COMMUNAL	(FAMILY_SUFFIX_1:A)_OR_(SYMBOL_COUNT_GE:5)	JOINT_DEPTH2		LIKELY_PAGE_CONFOUND	29	16	13	24	15	9	0.2451923076923077	present=24	0.5	1	0.05550484394609695	-2.0603356632274803	-9.905825714171854	10	0.4	0.4	1.0	1.0	5	0.4	0	1.0	f77r:0.000000:0;f77v:0.000000:0;f80r:0.000000:0;f82r:0.000000:0;f82v:0.500000:1;f83r:0.000000:0;f83v:0.000000:0	f77r:0.500000:1;f77v:0.500000:1;f80r:0.500000:1;f82r:0.500000:1;f82v:0.000000:0;f83r:0.500000:1;f83v:0.500000:1	f77:0.500000:1;f80:0.500000:1;f82:0.000000:0;f83:0.500000:1	1	1		NOT_EVALUATED_POSTSELECTED_JOINT	NO_UNCERTAIN_ROWS	ONE_INFORMATIVE_ARRAY;POSTSELECTED_COMBINATION;EDITION_ROBUSTNESS_NOT_EVALUATED	Postselected depth-2 exploratory combination.	55
BFE_ENCLOSURE	e2dcc5ed0098	INDIVIDUAL_BOUNDED_VS_OPEN_OR_COMMUNAL	(FAMILY_SUFFIX_1:B)_AND_(SYMBOL_COUNT_GE:5)	JOINT_DEPTH2		LIKELY_PAGE_CONFOUND	29	16	13	5	3	2	0.033653846153846145	present=5	-0.5	1	0.05550484394609696	-1.4780472968046467	-9.32353734774902	10	0.4	0.4	1.0	1.0	5	0.4	0	1.0	f77r:0.000000:0;f77v:0.000000:0;f80r:0.000000:0;f82r:0.000000:0;f82v:-0.500000:1;f83r:0.000000:0;f83v:0.000000:0	f77r:-0.500000:1;f77v:-0.500000:1;f80r:-0.500000:1;f82r:-0.500000:1;f82v:0.000000:0;f83r:-0.500000:1;f83v:-0.500000:1	f77:-0.500000:1;f80:-0.500000:1;f82:0.000000:0;f83:-0.500000:1	1	1		NOT_EVALUATED_POSTSELECTED_JOINT	NO_UNCERTAIN_ROWS	ONE_INFORMATIVE_ARRAY;POSTSELECTED_COMBINATION;EDITION_ROBUSTNESS_NOT_EVALUATED;POSSIBLE_LENGTH_CONFOUND	Postselected depth-2 exploratory combination.	56
BFE_ENCLOSURE	404509e24bb6	INDIVIDUAL_BOUNDED_VS_OPEN_OR_COMMUNAL	(FAMILY_SUFFIX_1:B)_OR_(FAMILY_3GRAM:BQA)	JOINT_DEPTH2		LIKELY_PAGE_CONFOUND	29	16	13	8	3	5	-0.19711538461538464	present=8	-0.5	1	0.05550484394609696	-2.6859401484459795	-10.531430199390353	10	0.4	0.4	1.0	1.0	5	0.4	0	1.0	f77r:0.000000:0;f77v:0.000000:0;f80r:0.000000:0;f82r:0.000000:0;f82v:-0.500000:1;f83r:0.000000:0;f83v:0.000000:0	f77r:-0.500000:1;f77v:-0.500000:1;f80r:-0.500000:1;f82r:-0.500000:1;f82v:0.000000:0;f83r:-0.500000:1;f83v:-0.500000:1	f77:-0.500000:1;f80:-0.500000:1;f82:0.000000:0;f83:-0.500000:1	1	1		NOT_EVALUATED_POSTSELECTED_JOINT	NO_UNCERTAIN_ROWS	ONE_INFORMATIVE_ARRAY;POSTSELECTED_COMBINATION;EDITION_ROBUSTNESS_NOT_EVALUATED;POSSIBLE_LENGTH_CONFOUND	Postselected depth-2 exploratory combination.	57
BFE_ENCLOSURE	432af28db37d	INDIVIDUAL_BOUNDED_VS_OPEN_OR_COMMUNAL	(FAMILY_SUFFIX_1:B)_OR_(SYMBOL_COUNT_GE:5)	JOINT_DEPTH2		LIKELY_PAGE_CONFOUND	29	16	13	24	15	9	0.2451923076923077	present=24	0.5	1	0.05550484394609695	-1.9228321394775456	-9.76832219042192	10	0.4	0.4	1.0	1.0	5	0.4	0	1.0	f77r:0.000000:0;f77v:0.000000:0;f80r:0.000000:0;f82r:0.000000:0;f82v:0.500000:1;f83r:0.000000:0;f83v:0.000000:0	f77r:0.500000:1;f77v:0.500000:1;f80r:0.500000:1;f82r:0.500000:1;f82v:0.000000:0;f83r:0.500000:1;f83v:0.500000:1	f77:0.500000:1;f80:0.500000:1;f82:0.000000:0;f83:0.500000:1	1	1		NOT_EVALUATED_POSTSELECTED_JOINT	NO_UNCERTAIN_ROWS	ONE_INFORMATIVE_ARRAY;POSTSELECTED_COMBINATION;EDITION_ROBUSTNESS_NOT_EVALUATED	Postselected depth-2 exploratory combination.	58
BFE_ENCLOSURE	3d229f4d0c20	INDIVIDUAL_BOUNDED_VS_OPEN_OR_COMMUNAL	(FAMILY_SUFFIX_2:BA)_OR_(FAMILY_1GRAM:J)	JOINT_DEPTH2		LIKELY_PAGE_CONFOUND	29	16	13	12	7	5	0.05288461538461536	present=12	0.6666666666666666	1	0.07240915414171982	-3.756659272896332	-11.602149323840706	10	0.4	0.4	1.0	1.0	5	0.6	0	1.0	f77r:0.000000:0;f77v:0.000000:0;f80r:0.000000:0;f82r:0.000000:0;f82v:0.666667:1;f83r:0.000000:0;f83v:0.000000:0	f77r:0.666667:1;f77v:0.666667:1;f80r:0.666667:1;f82r:0.666667:1;f82v:0.000000:0;f83r:0.666667:1;f83v:0.666667:1	f77:0.666667:1;f80:0.666667:1;f82:0.000000:0;f83:0.666667:1	1	1		NOT_EVALUATED_POSTSELECTED_JOINT	NO_UNCERTAIN_ROWS	ONE_INFORMATIVE_ARRAY;POSTSELECTED_COMBINATION;EDITION_ROBUSTNESS_NOT_EVALUATED	Postselected depth-2 exploratory combination.	59
BFE_ENCLOSURE	f52b8d5cebe3	INDIVIDUAL_BOUNDED_VS_OPEN_OR_COMMUNAL	(FAMILY_SUFFIX_2:BA)_OR_(MEMBER_TOKEN_ZL3b:B1)	JOINT_DEPTH2		LIKELY_PAGE_CONFOUND	29	16	13	14	8	6	0.038461538461538436	present=14	0.6666666666666666	1	0.07240915414171982	-3.604656179451286	-11.45014623039566	10	0.4	0.4	1.0	1.0	5	0.6	0	1.0	f77r:0.000000:0;f77v:0.000000:0;f80r:0.000000:0;f82r:0.000000:0;f82v:0.666667:1;f83r:0.000000:0;f83v:0.000000:0	f77r:0.666667:1;f77v:0.666667:1;f80r:0.666667:1;f82r:0.666667:1;f82v:0.000000:0;f83r:0.666667:1;f83v:0.666667:1	f77:0.666667:1;f80:0.666667:1;f82:0.000000:0;f83:0.666667:1	1	1		NOT_EVALUATED_POSTSELECTED_JOINT	NO_UNCERTAIN_ROWS	ONE_INFORMATIVE_ARRAY;POSTSELECTED_COMBINATION;EDITION_ROBUSTNESS_NOT_EVALUATED	Postselected depth-2 exploratory combination.	60
BFE_ENCLOSURE	c213e4f65f30	INDIVIDUAL_BOUNDED_VS_OPEN_OR_COMMUNAL	(FAMILY_SUFFIX_2:KA)_OR_(FAMILY_1GRAM:J)	JOINT_DEPTH2		LIKELY_PAGE_CONFOUND	29	16	13	6	5	1	0.23557692307692307	present=6	0.6666666666666666	1	0.07240915414171982	-2.159030360339024	-10.004520411283398	10	0.4	0.4	1.0	1.0	5	0.2	0	1.0	f77r:0.000000:0;f77v:0.000000:0;f80r:0.000000:0;f82r:0.000000:0;f82v:0.666667:1;f83r:0.000000:0;f83v:0.000000:0	f77r:0.666667:1;f77v:0.666667:1;f80r:0.666667:1;f82r:0.666667:1;f82v:0.000000:0;f83r:0.666667:1;f83v:0.666667:1	f77:0.666667:1;f80:0.666667:1;f82:0.000000:0;f83:0.666667:1	1	1		NOT_EVALUATED_POSTSELECTED_JOINT	NO_UNCERTAIN_ROWS	ONE_INFORMATIVE_ARRAY;POSTSELECTED_COMBINATION;EDITION_ROBUSTNESS_NOT_EVALUATED	Postselected depth-2 exploratory combination.	61
BFE_ENCLOSURE	97da2c7e3ac5	INDIVIDUAL_BOUNDED_VS_OPEN_OR_COMMUNAL	(FAMILY_SUFFIX_2:KA)_OR_(FAMILY_SUFFIX_3:JBA)	JOINT_DEPTH2		LIKELY_PAGE_CONFOUND	29	16	13	5	4	1	0.17307692307692307	present=5	0.6666666666666666	1	0.07240915414171982	-1.4220647661728165	-9.26755481711719	10	0.4	0.4	1.0	1.0	5	0.2	0	1.0	f77r:0.000000:0;f77v:0.000000:0;f80r:0.000000:0;f82r:0.000000:0;f82v:0.666667:1;f83r:0.000000:0;f83v:0.000000:0	f77r:0.666667:1;f77v:0.666667:1;f80r:0.666667:1;f82r:0.666667:1;f82v:0.000000:0;f83r:0.666667:1;f83v:0.666667:1	f77:0.666667:1;f80:0.666667:1;f82:0.000000:0;f83:0.666667:1	1	1		NOT_EVALUATED_POSTSELECTED_JOINT	NO_UNCERTAIN_ROWS	ONE_INFORMATIVE_ARRAY;POSTSELECTED_COMBINATION;EDITION_ROBUSTNESS_NOT_EVALUATED	Postselected depth-2 exploratory combination.	62
BFE_ENCLOSURE	21b97757f966	INDIVIDUAL_BOUNDED_VS_OPEN_OR_COMMUNAL	(FAMILY_SUFFIX_3:JBA)_OR_(FAMILY_SUFFIX_3:KBA)	JOINT_DEPTH2		LIKELY_PAGE_CONFOUND	29	16	13	7	5	2	0.15865384615384615	present=7	0.6666666666666666	1	0.07240915414171982	-1.7260709530629086	-9.571561004007282	10	0.4	0.4	1.0	1.0	5	0.6	0	1.0	f77r:0.000000:0;f77v:0.000000:0;f80r:0.000000:0;f82r:0.000000:0;f82v:0.666667:1;f83r:0.000000:0;f83v:0.000000:0	f77r:0.666667:1;f77v:0.666667:1;f80r:0.666667:1;f82r:0.666667:1;f82v:0.000000:0;f83r:0.666667:1;f83v:0.666667:1	f77:0.666667:1;f80:0.666667:1;f82:0.000000:0;f83:0.666667:1	1	1		NOT_EVALUATED_POSTSELECTED_JOINT	NO_UNCERTAIN_ROWS	ONE_INFORMATIVE_ARRAY;POSTSELECTED_COMBINATION;EDITION_ROBUSTNESS_NOT_EVALUATED	Postselected depth-2 exploratory combination.	63
BFE_ENCLOSURE	b9beafeb3f68	INDIVIDUAL_BOUNDED_VS_OPEN_OR_COMMUNAL	(FAMILY_SUFFIX_3:KBA)_OR_(FAMILY_1GRAM:J)	JOINT_DEPTH2		LIKELY_PAGE_CONFOUND	29	16	13	8	6	2	0.22115384615384615	present=8	0.6666666666666666	1	0.07240915414171982	-2.463036547229116	-10.30852659817349	10	0.4	0.4	1.0	1.0	5	0.6	0	1.0	f77r:0.000000:0;f77v:0.000000:0;f80r:0.000000:0;f82r:0.000000:0;f82v:0.666667:1;f83r:0.000000:0;f83v:0.000000:0	f77r:0.666667:1;f77v:0.666667:1;f80r:0.666667:1;f82r:0.666667:1;f82v:0.000000:0;f83r:0.666667:1;f83v:0.666667:1	f77:0.666667:1;f80:0.666667:1;f82:0.000000:0;f83:0.666667:1	1	1		NOT_EVALUATED_POSTSELECTED_JOINT	NO_UNCERTAIN_ROWS	ONE_INFORMATIVE_ARRAY;POSTSELECTED_COMBINATION;EDITION_ROBUSTNESS_NOT_EVALUATED	Postselected depth-2 exploratory combination.	64
BFE_ENCLOSURE	bb70e5ea7f9e	INDIVIDUAL_BOUNDED_VS_OPEN_OR_COMMUNAL	(FAMILY_SUFFIX_3:QAB)_OR_(FAMILY_3GRAM:BQA)	JOINT_DEPTH2		LIKELY_PAGE_CONFOUND	29	16	13	4	0	4	-0.3076923076923077	present=4	-0.5	1	0.05550484394609696	-1.2529807411698712	-9.098470792114245	10	0.4	0.4	1.0	1.0	5	0.4	0	1.0	f77r:0.000000:0;f77v:0.000000:0;f80r:0.000000:0;f82r:0.000000:0;f82v:-0.500000:1;f83r:0.000000:0;f83v:0.000000:0	f77r:-0.500000:1;f77v:-0.500000:1;f80r:-0.500000:1;f82r:-0.500000:1;f82v:0.000000:0;f83r:-0.500000:1;f83v:-0.500000:1	f77:-0.500000:1;f80:-0.500000:1;f82:0.000000:0;f83:-0.500000:1	1	1		NOT_EVALUATED_POSTSELECTED_JOINT	NO_UNCERTAIN_ROWS	ONE_INFORMATIVE_ARRAY;ONE_POSITIVE_FOLIO;POSTSELECTED_COMBINATION;EDITION_ROBUSTNESS_NOT_EVALUATED;ZERO_POSITIVE_SUPPORT;POSSIBLE_LENGTH_CONFOUND	Postselected depth-2 exploratory combination.	65
BFE_ENCLOSURE	b23128d9a8f5	INDIVIDUAL_BOUNDED_VS_OPEN_OR_COMMUNAL	(MEMBER_TOKEN_RF1b:A2)_AND_(FAMILY_1GRAM:K)	JOINT_DEPTH2		LIKELY_PAGE_CONFOUND	29	16	13	5	4	1	0.17307692307692307	present=5	0.6666666666666666	1	0.07240915414171982	-1.4220647661728165	-9.26755481711719	10	0.4	0.4	1.0	1.0	5	0.6	0	1.0	f77r:0.000000:0;f77v:0.000000:0;f80r:0.000000:0;f82r:0.000000:0;f82v:0.666667:1;f83r:0.000000:0;f83v:0.000000:0	f77r:0.666667:1;f77v:0.666667:1;f80r:0.666667:1;f82r:0.666667:1;f82v:0.000000:0;f83r:0.666667:1;f83v:0.666667:1	f77:0.666667:1;f80:0.666667:1;f82:0.000000:0;f83:0.666667:1	1	1		NOT_EVALUATED_POSTSELECTED_JOINT	NO_UNCERTAIN_ROWS	ONE_INFORMATIVE_ARRAY;POSTSELECTED_COMBINATION;EDITION_ROBUSTNESS_NOT_EVALUATED	Postselected depth-2 exploratory combination.	66
BFE_ENCLOSURE	f4d78ca07602	INDIVIDUAL_BOUNDED_VS_OPEN_OR_COMMUNAL	(MEMBER_TOKEN_RF1b:A2)_AND_(FAMILY_2GRAM:BA)	JOINT_DEPTH2		LIKELY_PAGE_CONFOUND	29	16	13	10	5	5	-0.07211538461538464	present=10	0.6666666666666666	1	0.07240915414171982	-3.0196936787301247	-10.865183729674499	10	0.4	0.4	1.0	1.0	5	0.6	0	1.0	f77r:0.000000:0;f77v:0.000000:0;f80r:0.000000:0;f82r:0.000000:0;f82v:0.666667:1;f83r:0.000000:0;f83v:0.000000:0	f77r:0.666667:1;f77v:0.666667:1;f80r:0.666667:1;f82r:0.666667:1;f82v:0.000000:0;f83r:0.666667:1;f83v:0.666667:1	f77:0.666667:1;f80:0.666667:1;f82:0.000000:0;f83:0.666667:1	1	1		NOT_EVALUATED_POSTSELECTED_JOINT	NO_UNCERTAIN_ROWS	ONE_INFORMATIVE_ARRAY;POSTSELECTED_COMBINATION;EDITION_ROBUSTNESS_NOT_EVALUATED	Postselected depth-2 exploratory combination.	67
BFE_ENCLOSURE	e1cb63373257	INDIVIDUAL_BOUNDED_VS_OPEN_OR_COMMUNAL	(MEMBER_TOKEN_RF1b:A2)_AND_(FAMILY_SUFFIX_2:BA)	JOINT_DEPTH2		LIKELY_PAGE_CONFOUND	29	16	13	9	4	5	-0.13461538461538464	present=9	0.6666666666666666	1	0.07240915414171982	-2.2123387566725192	-10.057828807616893	10	0.4	0.4	1.0	1.0	5	0.6	0	1.0	f77r:0.000000:0;f77v:0.000000:0;f80r:0.000000:0;f82r:0.000000:0;f82v:0.666667:1;f83r:0.000000:0;f83v:0.000000:0	f77r:0.666667:1;f77v:0.666667:1;f80r:0.666667:1;f82r:0.666667:1;f82v:0.000000:0;f83r:0.666667:1;f83v:0.666667:1	f77:0.666667:1;f80:0.666667:1;f82:0.000000:0;f83:0.666667:1	1	1		NOT_EVALUATED_POSTSELECTED_JOINT	NO_UNCERTAIN_ROWS	ONE_INFORMATIVE_ARRAY;POSTSELECTED_COMBINATION;EDITION_ROBUSTNESS_NOT_EVALUATED	Postselected depth-2 exploratory combination.	68
BFE_ENCLOSURE	a4da03c1c53e	INDIVIDUAL_BOUNDED_VS_OPEN_OR_COMMUNAL	(MEMBER_TOKEN_RF1b:A2)_AND_(MEMBER_TOKEN_ZL3b:B1)	JOINT_DEPTH2		LIKELY_PAGE_CONFOUND	29	16	13	8	4	4	-0.05769230769230771	present=8	0.6666666666666666	1	0.07240915414171982	-2.1013074442837762	-9.94679749522815	10	0.4	0.4	1.0	1.0	5	0.6	0	1.0	f77r:0.000000:0;f77v:0.000000:0;f80r:0.000000:0;f82r:0.000000:0;f82v:0.666667:1;f83r:0.000000:0;f83v:0.000000:0	f77r:0.666667:1;f77v:0.666667:1;f80r:0.666667:1;f82r:0.666667:1;f82v:0.000000:0;f83r:0.666667:1;f83v:0.666667:1	f77:0.666667:1;f80:0.666667:1;f82:0.000000:0;f83:0.666667:1	1	1		NOT_EVALUATED_POSTSELECTED_JOINT	NO_UNCERTAIN_ROWS	ONE_INFORMATIVE_ARRAY;POSTSELECTED_COMBINATION;EDITION_ROBUSTNESS_NOT_EVALUATED	Postselected depth-2 exploratory combination.	69
BFE_ENCLOSURE	5494244e1d47	INDIVIDUAL_BOUNDED_VS_OPEN_OR_COMMUNAL	(MEMBER_TOKEN_RF1b:A2)_AND_(MEMBER_TOKEN_ZL3b:Q1)	JOINT_DEPTH2		LIKELY_PAGE_CONFOUND	29	16	13	8	3	5	-0.19711538461538464	present=8	0.6666666666666666	1	0.07240915414171982	-1.9083325697824272	-9.753822620726801	10	0.4	0.4	1.0	1.0	5	0.6	0	1.0	f77r:0.000000:0;f77v:0.000000:0;f80r:0.000000:0;f82r:0.000000:0;f82v:0.666667:1;f83r:0.000000:0;f83v:0.000000:0	f77r:0.666667:1;f77v:0.666667:1;f80r:0.666667:1;f82r:0.666667:1;f82v:0.000000:0;f83r:0.666667:1;f83v:0.666667:1	f77:0.666667:1;f80:0.666667:1;f82:0.000000:0;f83:0.666667:1	1	1		NOT_EVALUATED_POSTSELECTED_JOINT	NO_UNCERTAIN_ROWS	ONE_INFORMATIVE_ARRAY;POSTSELECTED_COMBINATION;EDITION_ROBUSTNESS_NOT_EVALUATED;POSSIBLE_LENGTH_CONFOUND	Postselected depth-2 exploratory combination.	70
BFE_ENCLOSURE	c56540b08cc7	INDIVIDUAL_BOUNDED_VS_OPEN_OR_COMMUNAL	(MEMBER_TOKEN_RF1b:A2)_OR_(FAMILY_1GRAM:F)	JOINT_DEPTH2		LIKELY_PAGE_CONFOUND	29	16	13	15	7	8	-0.17788461538461542	present=15	0.5	1	0.05550484394609696	-3.2827280845639244	-11.128218135508298	10	0.4	0.4	1.0	1.0	5	0.4	0	1.0	f77r:0.000000:0;f77v:0.000000:0;f80r:0.000000:0;f82r:0.000000:0;f82v:0.500000:1;f83r:0.000000:0;f83v:0.000000:0	f77r:0.500000:1;f77v:0.500000:1;f80r:0.500000:1;f82r:0.500000:1;f82v:0.000000:0;f83r:0.500000:1;f83v:0.500000:1	f77:0.500000:1;f80:0.500000:1;f82:0.000000:0;f83:0.500000:1	1	1		NOT_EVALUATED_POSTSELECTED_JOINT	NO_UNCERTAIN_ROWS	ONE_INFORMATIVE_ARRAY;POSTSELECTED_COMBINATION;EDITION_ROBUSTNESS_NOT_EVALUATED	Postselected depth-2 exploratory combination.	71
BFE_ENCLOSURE	bf055b513f6e	INDIVIDUAL_BOUNDED_VS_OPEN_OR_COMMUNAL	(MEMBER_TOKEN_RF1b:A2)_OR_(FAMILY_3GRAM:BQA)	JOINT_DEPTH2		LIKELY_PAGE_CONFOUND	29	16	13	15	7	8	-0.17788461538461542	present=15	0.5	1	0.05550484394609695	-3.2827280845639244	-11.128218135508298	10	0.4	0.4	1.0	1.0	5	0.4	0	1.0	f77r:0.000000:0;f77v:0.000000:0;f80r:0.000000:0;f82r:0.000000:0;f82v:0.500000:1;f83r:0.000000:0;f83v:0.000000:0	f77r:0.500000:1;f77v:0.500000:1;f80r:0.500000:1;f82r:0.500000:1;f82v:0.000000:0;f83r:0.500000:1;f83v:0.500000:1	f77:0.500000:1;f80:0.500000:1;f82:0.000000:0;f83:0.500000:1	1	1		NOT_EVALUATED_POSTSELECTED_JOINT	NO_UNCERTAIN_ROWS	ONE_INFORMATIVE_ARRAY;POSTSELECTED_COMBINATION;EDITION_ROBUSTNESS_NOT_EVALUATED	Postselected depth-2 exploratory combination.	72
BFE_ENCLOSURE	8fd37321bac1	INDIVIDUAL_BOUNDED_VS_OPEN_OR_COMMUNAL	(MEMBER_TOKEN_RF1b:A2)_OR_(FAMILY_SUFFIX_1:B)	JOINT_DEPTH2		LIKELY_PAGE_CONFOUND	29	16	13	20	10	10	-0.14423076923076927	present=20	0.5	1	0.05550484394609695	-4.204118249867562	-12.049608300811936	10	0.4	0.4	1.0	1.0	5	0.4	0	1.0	f77r:0.000000:0;f77v:0.000000:0;f80r:0.000000:0;f82r:0.000000:0;f82v:0.500000:1;f83r:0.000000:0;f83v:0.000000:0	f77r:0.500000:1;f77v:0.500000:1;f80r:0.500000:1;f82r:0.500000:1;f82v:0.000000:0;f83r:0.500000:1;f83v:0.500000:1	f77:0.500000:1;f80:0.500000:1;f82:0.000000:0;f83:0.500000:1	1	1		NOT_EVALUATED_POSTSELECTED_JOINT	NO_UNCERTAIN_ROWS	ONE_INFORMATIVE_ARRAY;POSTSELECTED_COMBINATION;EDITION_ROBUSTNESS_NOT_EVALUATED	Postselected depth-2 exploratory combination.	73
BFE_ENCLOSURE	2487ce9d0122	INDIVIDUAL_BOUNDED_VS_OPEN_OR_COMMUNAL	(MEMBER_TOKEN_RF1b:A2)_OR_(FAMILY_SUFFIX_3:QAB)	JOINT_DEPTH2		LIKELY_PAGE_CONFOUND	29	16	13	16	7	9	-0.2548076923076923	present=16	0.5	1	0.05550484394609695	-3.171696772175178	-11.017186823119552	10	0.4	0.4	1.0	1.0	5	0.4	0	1.0	f77r:0.000000:0;f77v:0.000000:0;f80r:0.000000:0;f82r:0.000000:0;f82v:0.500000:1;f83r:0.000000:0;f83v:0.000000:0	f77r:0.500000:1;f77v:0.500000:1;f80r:0.500000:1;f82r:0.500000:1;f82v:0.000000:0;f83r:0.500000:1;f83v:0.500000:1	f77:0.500000:1;f80:0.500000:1;f82:0.000000:0;f83:0.500000:1	1	1		NOT_EVALUATED_POSTSELECTED_JOINT	NO_UNCERTAIN_ROWS	ONE_INFORMATIVE_ARRAY;POSTSELECTED_COMBINATION;EDITION_ROBUSTNESS_NOT_EVALUATED	Postselected depth-2 exploratory combination.	74
BFE_ENCLOSURE	3efac529df95	INDIVIDUAL_BOUNDED_VS_OPEN_OR_COMMUNAL	(MEMBER_TOKEN_ZL3b:A2)_AND_(FAMILY_2GRAM:BA)	JOINT_DEPTH2		LIKELY_PAGE_CONFOUND	29	16	13	11	6	5	-0.009615384615384637	present=11	0.6666666666666666	1	0.07240915414171982	-3.1716967721751708	-11.017186823119545	10	0.4	0.4	1.0	1.0	5	0.6	0	1.0	f77r:0.000000:0;f77v:0.000000:0;f80r:0.000000:0;f82r:0.000000:0;f82v:0.666667:1;f83r:0.000000:0;f83v:0.000000:0	f77r:0.666667:1;f77v:0.666667:1;f80r:0.666667:1;f82r:0.666667:1;f82v:0.000000:0;f83r:0.666667:1;f83v:0.666667:1	f77:0.666667:1;f80:0.666667:1;f82:0.000000:0;f83:0.666667:1	1	1		NOT_EVALUATED_POSTSELECTED_JOINT	NO_UNCERTAIN_ROWS	ONE_INFORMATIVE_ARRAY;POSTSELECTED_COMBINATION;EDITION_ROBUSTNESS_NOT_EVALUATED	Postselected depth-2 exploratory combination.	75
BFE_ENCLOSURE	871a970698c4	INDIVIDUAL_BOUNDED_VS_OPEN_OR_COMMUNAL	(MEMBER_TOKEN_ZL3b:A2)_AND_(FAMILY_SUFFIX_2:BA)	JOINT_DEPTH2		LIKELY_PAGE_CONFOUND	29	16	13	10	5	5	-0.07211538461538464	present=10	0.6666666666666666	1	0.07240915414171982	-3.0196936787301247	-10.865183729674499	10	0.4	0.4	1.0	1.0	5	0.6	0	1.0	f77r:0.000000:0;f77v:0.000000:0;f80r:0.000000:0;f82r:0.000000:0;f82v:0.666667:1;f83r:0.000000:0;f83v:0.000000:0	f77r:0.666667:1;f77v:0.666667:1;f80r:0.666667:1;f82r:0.666667:1;f82v:0.000000:0;f83r:0.666667:1;f83v:0.666667:1	f77:0.666667:1;f80:0.666667:1;f82:0.000000:0;f83:0.666667:1	1	1		NOT_EVALUATED_POSTSELECTED_JOINT	NO_UNCERTAIN_ROWS	ONE_INFORMATIVE_ARRAY;POSTSELECTED_COMBINATION;EDITION_ROBUSTNESS_NOT_EVALUATED	Postselected depth-2 exploratory combination.	76
BFE_ENCLOSURE	c69d859164fe	INDIVIDUAL_BOUNDED_VS_OPEN_OR_COMMUNAL	(MEMBER_TOKEN_ZL3b:A2)_AND_(MEMBER_TOKEN_ZL3b:Q1)	JOINT_DEPTH2		LIKELY_PAGE_CONFOUND	29	16	13	9	4	5	-0.13461538461538464	present=9	0.6666666666666666	1	0.07240915414171982	-2.060335663227473	-9.905825714171847	10	0.4	0.4	1.0	1.0	5	0.6	0	1.0	f77r:0.000000:0;f77v:0.000000:0;f80r:0.000000:0;f82r:0.000000:0;f82v:0.666667:1;f83r:0.000000:0;f83v:0.000000:0	f77r:0.666667:1;f77v:0.666667:1;f80r:0.666667:1;f82r:0.666667:1;f82v:0.000000:0;f83r:0.666667:1;f83v:0.666667:1	f77:0.666667:1;f80:0.666667:1;f82:0.000000:0;f83:0.666667:1	1	1		NOT_EVALUATED_POSTSELECTED_JOINT	NO_UNCERTAIN_ROWS	ONE_INFORMATIVE_ARRAY;POSTSELECTED_COMBINATION;EDITION_ROBUSTNESS_NOT_EVALUATED	Postselected depth-2 exploratory combination.	77
BFE_ENCLOSURE	bd415a7678a6	INDIVIDUAL_BOUNDED_VS_OPEN_OR_COMMUNAL	(MEMBER_TOKEN_ZL3b:A2)_AND_(SYMBOL_COUNT_GE:6)	JOINT_DEPTH2		LIKELY_PAGE_CONFOUND	29	16	13	10	5	5	-0.07211538461538464	present=10	0.6666666666666666	1	0.07240915414171982	-2.8676905852850822	-10.713180636229456	10	0.4	0.4	1.0	1.0	5	0.6	0	1.0	f77r:0.000000:0;f77v:0.000000:0;f80r:0.000000:0;f82r:0.000000:0;f82v:0.666667:1;f83r:0.000000:0;f83v:0.000000:0	f77r:0.666667:1;f77v:0.666667:1;f80r:0.666667:1;f82r:0.666667:1;f82v:0.000000:0;f83r:0.666667:1;f83v:0.666667:1	f77:0.666667:1;f80:0.666667:1;f82:0.000000:0;f83:0.666667:1	1	1		NOT_EVALUATED_POSTSELECTED_JOINT	NO_UNCERTAIN_ROWS	ONE_INFORMATIVE_ARRAY;POSTSELECTED_COMBINATION;EDITION_ROBUSTNESS_NOT_EVALUATED;POSSIBLE_LENGTH_CONFOUND	Postselected depth-2 exploratory combination.	78
BFE_ENCLOSURE	28dee10c9903	INDIVIDUAL_BOUNDED_VS_OPEN_OR_COMMUNAL	(MEMBER_TOKEN_ZL3b:A2)_OR_(FAMILY_1GRAM:F)	JOINT_DEPTH2		LIKELY_PAGE_CONFOUND	29	16	13	16	8	8	-0.11538461538461542	present=16	0.5	1	0.05550484394609696	-3.1307249911188784	-10.976215042063252	10	0.4	0.4	1.0	1.0	5	0.4	0	1.0	f77r:0.000000:0;f77v:0.000000:0;f80r:0.000000:0;f82r:0.000000:0;f82v:0.500000:1;f83r:0.000000:0;f83v:0.000000:0	f77r:0.500000:1;f77v:0.500000:1;f80r:0.500000:1;f82r:0.500000:1;f82v:0.000000:0;f83r:0.500000:1;f83v:0.500000:1	f77:0.500000:1;f80:0.500000:1;f82:0.000000:0;f83:0.500000:1	1	1		NOT_EVALUATED_POSTSELECTED_JOINT	NO_UNCERTAIN_ROWS	ONE_INFORMATIVE_ARRAY;POSTSELECTED_COMBINATION;EDITION_ROBUSTNESS_NOT_EVALUATED	Postselected depth-2 exploratory combination.	79
BFE_ENCLOSURE	878daa03e8af	INDIVIDUAL_BOUNDED_VS_OPEN_OR_COMMUNAL	(MEMBER_TOKEN_ZL3b:A2)_OR_(FAMILY_3GRAM:BQA)	JOINT_DEPTH2		LIKELY_PAGE_CONFOUND	29	16	13	16	8	8	-0.11538461538461542	present=16	0.5	1	0.05550484394609695	-3.1307249911188784	-10.976215042063252	10	0.4	0.4	1.0	1.0	5	0.4	0	1.0	f77r:0.000000:0;f77v:0.000000:0;f80r:0.000000:0;f82r:0.000000:0;f82v:0.500000:1;f83r:0.000000:0;f83v:0.000000:0	f77r:0.500000:1;f77v:0.500000:1;f80r:0.500000:1;f82r:0.500000:1;f82v:0.000000:0;f83r:0.500000:1;f83v:0.500000:1	f77:0.500000:1;f80:0.500000:1;f82:0.000000:0;f83:0.500000:1	1	1		NOT_EVALUATED_POSTSELECTED_JOINT	NO_UNCERTAIN_ROWS	ONE_INFORMATIVE_ARRAY;POSTSELECTED_COMBINATION;EDITION_ROBUSTNESS_NOT_EVALUATED	Postselected depth-2 exploratory combination.	80
BFE_ENCLOSURE	2d2eb877fd3f	INDIVIDUAL_BOUNDED_VS_OPEN_OR_COMMUNAL	(MEMBER_TOKEN_ZL3b:A2)_OR_(FAMILY_SUFFIX_1:B)	JOINT_DEPTH2		LIKELY_PAGE_CONFOUND	29	16	13	21	11	10	-0.08173076923076927	present=21	0.5	1	0.05550484394609695	-4.052115156422516	-11.89760520736689	10	0.4	0.4	1.0	1.0	5	0.4	0	1.0	f77r:0.000000:0;f77v:0.000000:0;f80r:0.000000:0;f82r:0.000000:0;f82v:0.500000:1;f83r:0.000000:0;f83v:0.000000:0	f77r:0.500000:1;f77v:0.500000:1;f80r:0.500000:1;f82r:0.500000:1;f82v:0.000000:0;f83r:0.500000:1;f83v:0.500000:1	f77:0.500000:1;f80:0.500000:1;f82:0.000000:0;f83:0.500000:1	1	1		NOT_EVALUATED_POSTSELECTED_JOINT	NO_UNCERTAIN_ROWS	ONE_INFORMATIVE_ARRAY;POSTSELECTED_COMBINATION;EDITION_ROBUSTNESS_NOT_EVALUATED	Postselected depth-2 exploratory combination.	81
BFE_ENCLOSURE	027dc7051851	INDIVIDUAL_BOUNDED_VS_OPEN_OR_COMMUNAL	(MEMBER_TOKEN_ZL3b:A2)_OR_(FAMILY_SUFFIX_3:QAB)	JOINT_DEPTH2		LIKELY_PAGE_CONFOUND	29	16	13	17	8	9	-0.1923076923076923	present=17	0.5	1	0.05550484394609695	-3.019693678730132	-10.865183729674506	10	0.4	0.4	1.0	1.0	5	0.4	0	1.0	f77r:0.000000:0;f77v:0.000000:0;f80r:0.000000:0;f82r:0.000000:0;f82v:0.500000:1;f83r:0.000000:0;f83v:0.000000:0	f77r:0.500000:1;f77v:0.500000:1;f80r:0.500000:1;f82r:0.500000:1;f82v:0.000000:0;f83r:0.500000:1;f83v:0.500000:1	f77:0.500000:1;f80:0.500000:1;f82:0.000000:0;f83:0.500000:1	1	1		NOT_EVALUATED_POSTSELECTED_JOINT	NO_UNCERTAIN_ROWS	ONE_INFORMATIVE_ARRAY;POSTSELECTED_COMBINATION;EDITION_ROBUSTNESS_NOT_EVALUATED	Postselected depth-2 exploratory combination.	82
BFE_ENCLOSURE	ecb4f02bf68f	INDIVIDUAL_BOUNDED_VS_OPEN_OR_COMMUNAL	(SYMBOL_COUNT_GE:6)_AND_(FAMILY_1GRAM:B)	JOINT_DEPTH2		LIKELY_PAGE_CONFOUND	29	16	13	14	9	5	0.17788461538461536	present=14	0.6666666666666666	1	0.07240915414171982	-4.037615586727398	-11.883105637671772	10	0.4	0.4	1.0	1.0	5	0.6	0	1.0	f77r:0.000000:0;f77v:0.000000:0;f80r:0.000000:0;f82r:0.000000:0;f82v:0.666667:1;f83r:0.000000:0;f83v:0.000000:0	f77r:0.666667:1;f77v:0.666667:1;f80r:0.666667:1;f82r:0.666667:1;f82v:0.000000:0;f83r:0.666667:1;f83v:0.666667:1	f77:0.666667:1;f80:0.666667:1;f82:0.000000:0;f83:0.666667:1	1	1		NOT_EVALUATED_POSTSELECTED_JOINT	NO_UNCERTAIN_ROWS	ONE_INFORMATIVE_ARRAY;POSTSELECTED_COMBINATION;EDITION_ROBUSTNESS_NOT_EVALUATED;POSSIBLE_LENGTH_CONFOUND	Postselected depth-2 exploratory combination.	83
BFE_ENCLOSURE	64c46ac674ed	INDIVIDUAL_BOUNDED_VS_OPEN_OR_COMMUNAL	(SYMBOL_COUNT_GE:6)_AND_(MEMBER_TOKEN_ZL3b:Q1)	JOINT_DEPTH2		LIKELY_PAGE_CONFOUND	29	16	13	7	3	4	-0.12019230769230771	present=7	0.6666666666666666	1	0.07240915414171982	-1.100977647724818	-8.946467698669192	10	0.4	0.4	1.0	1.0	5	0.6	0	1.0	f77r:0.000000:0;f77v:0.000000:0;f80r:0.000000:0;f82r:0.000000:0;f82v:0.666667:1;f83r:0.000000:0;f83v:0.000000:0	f77r:0.666667:1;f77v:0.666667:1;f80r:0.666667:1;f82r:0.666667:1;f82v:0.000000:0;f83r:0.666667:1;f83v:0.666667:1	f77:0.666667:1;f80:0.666667:1;f82:0.000000:0;f83:0.666667:1	1	1		NOT_EVALUATED_POSTSELECTED_JOINT	NO_UNCERTAIN_ROWS	ONE_INFORMATIVE_ARRAY;POSTSELECTED_COMBINATION;EDITION_ROBUSTNESS_NOT_EVALUATED;POSSIBLE_LENGTH_CONFOUND	Postselected depth-2 exploratory combination.	84
BFE_ENCLOSURE	9557d4b16b25	INDIVIDUAL_BOUNDED_VS_OPEN_OR_COMMUNAL	FAMILY_1GRAM:B	FAMILY_COMPONENT	FAMILY_1GRAM:B	LIKELY_PAGE_CONFOUND	29	16	13	24	14	10	0.10576923076923073	present=24	0.5	1	0.05550484394609695	-1.9228321394775456	-9.76832219042192	10	0.4	0.4	1.0	1.0	5	0.4	0	1.0	f77r:0.000000:0;f77v:0.000000:0;f80r:0.000000:0;f82r:0.000000:0;f82v:0.500000:1;f83r:0.000000:0;f83v:0.000000:0	f77r:0.500000:1;f77v:0.500000:1;f80r:0.500000:1;f82r:0.500000:1;f82v:0.000000:0;f83r:0.500000:1;f83v:0.500000:1	f77:0.500000:1;f80:0.500000:1;f82:0.000000:0;f83:0.500000:1	1	1	1.0	ZL3b:0.500000;IT2a:0.500000;RF1b:0.500000	NO_UNCERTAIN_ROWS	ONE_INFORMATIVE_ARRAY		85
BFE_ENCLOSURE	ed8d53e3f208	INDIVIDUAL_BOUNDED_VS_OPEN_OR_COMMUNAL	FAMILY_1GRAM:F	FAMILY_COMPONENT	FAMILY_1GRAM:F;FAMILY_2GRAM:AF;FAMILY_3GRAM:QAF	LIKELY_PAGE_CONFOUND	29	16	13	2	0	2	-0.15384615384615385	present=2	-0.5	1	0.05550484394609695	-0.156119201917285	-8.001609252861659	10	0.4	0.4	1.0	1.0	5	0.4	0	1.0	f77r:0.000000:0;f77v:0.000000:0;f80r:0.000000:0;f82r:0.000000:0;f82v:-0.500000:1;f83r:0.000000:0;f83v:0.000000:0	f77r:-0.500000:1;f77v:-0.500000:1;f80r:-0.500000:1;f82r:-0.500000:1;f82v:0.000000:0;f83r:-0.500000:1;f83v:-0.500000:1	f77:-0.500000:1;f80:-0.500000:1;f82:0.000000:0;f83:-0.500000:1	1	1	1.0	ZL3b:-0.500000;IT2a:-0.500000;RF1b:-0.500000	NO_UNCERTAIN_ROWS	ONE_INFORMATIVE_ARRAY;ONE_POSITIVE_FOLIO;ZERO_POSITIVE_SUPPORT;POSSIBLE_LENGTH_CONFOUND		86
BFE_ENCLOSURE	2732755a9fc9	INDIVIDUAL_BOUNDED_VS_OPEN_OR_COMMUNAL	FAMILY_1GRAM:K	FAMILY_COMPONENT	FAMILY_1GRAM:K	LIKELY_PAGE_CONFOUND	29	16	13	9	8	1	0.4230769230769231	present=9	0.6666666666666666	1	0.07240915414171982	-3.047999047950274	-10.893489098894648	10	0.4	0.4	1.0	1.0	5	0.6	0	1.0	f77r:0.000000:0;f77v:0.000000:0;f80r:0.000000:0;f82r:0.000000:0;f82v:0.666667:1;f83r:0.000000:0;f83v:0.000000:0	f77r:0.666667:1;f77v:0.666667:1;f80r:0.666667:1;f82r:0.666667:1;f82v:0.000000:0;f83r:0.666667:1;f83v:0.666667:1	f77:0.666667:1;f80:0.666667:1;f82:0.000000:0;f83:0.666667:1	1	1	1.0	ZL3b:0.666667;IT2a:0.666667;RF1b:0.666667	NO_UNCERTAIN_ROWS	ONE_INFORMATIVE_ARRAY		87
BFE_ENCLOSURE	09e7d00890ff	INDIVIDUAL_BOUNDED_VS_OPEN_OR_COMMUNAL	FAMILY_2GRAM:BA	FAMILY_COMPONENT	FAMILY_2GRAM:BA	LIKELY_PAGE_CONFOUND	29	16	13	16	10	6	0.16346153846153844	present=16	0.6666666666666666	1	0.07240915414171982	-2.949304350838723	-10.794794401783097	10	0.4	0.4	1.0	1.0	5	0.6	0	1.0	f77r:0.000000:0;f77v:0.000000:0;f80r:0.000000:0;f82r:0.000000:0;f82v:0.666667:1;f83r:0.000000:0;f83v:0.000000:0	f77r:0.666667:1;f77v:0.666667:1;f80r:0.666667:1;f82r:0.666667:1;f82v:0.000000:0;f83r:0.666667:1;f83v:0.666667:1	f77:0.666667:1;f80:0.666667:1;f82:0.000000:0;f83:0.666667:1	1	1	1.0	ZL3b:0.666667;IT2a:0.666667;RF1b:0.666667	NO_UNCERTAIN_ROWS	ONE_INFORMATIVE_ARRAY		88
BFE_ENCLOSURE	c1f2b681f670	INDIVIDUAL_BOUNDED_VS_OPEN_OR_COMMUNAL	FAMILY_2GRAM:QA	FAMILY_COMPONENT	FAMILY_2GRAM:QA	LIKELY_PAGE_CONFOUND	29	16	13	17	6	11	-0.47115384615384615	present=17	-0.6666666666666667	1	0.07240915414171982	-3.7890807505887203	-11.634570801533094	10	0.4	0.4	1.0	1.0	5	0.6	0	1.0	f77r:0.000000:0;f77v:0.000000:0;f80r:0.000000:0;f82r:0.000000:0;f82v:-0.666667:1;f83r:0.000000:0;f83v:0.000000:0	f77r:-0.666667:1;f77v:-0.666667:1;f80r:-0.666667:1;f82r:-0.666667:1;f82v:0.000000:0;f83r:-0.666667:1;f83v:-0.666667:1	f77:-0.666667:1;f80:-0.666667:1;f82:0.000000:0;f83:-0.666667:1	1	1	1.0	ZL3b:-0.666667;IT2a:-0.666667;RF1b:-0.666667	NO_UNCERTAIN_ROWS	ONE_INFORMATIVE_ARRAY		89
BFE_ENCLOSURE	017e2aa28afc	INDIVIDUAL_BOUNDED_VS_OPEN_OR_COMMUNAL	FAMILY_3GRAM:BQA	FAMILY_COMPONENT	FAMILY_3GRAM:BQA	LIKELY_PAGE_CONFOUND	29	16	13	3	0	3	-0.23076923076923078	present=3	-0.5	1	0.05550484394609696	-0.9634741239748941	-8.808964174919268	10	0.4	0.4	1.0	1.0	5	0.4	0	1.0	f77r:0.000000:0;f77v:0.000000:0;f80r:0.000000:0;f82r:0.000000:0;f82v:-0.500000:1;f83r:0.000000:0;f83v:0.000000:0	f77r:-0.500000:1;f77v:-0.500000:1;f80r:-0.500000:1;f82r:-0.500000:1;f82v:0.000000:0;f83r:-0.500000:1;f83v:-0.500000:1	f77:-0.500000:1;f80:-0.500000:1;f82:0.000000:0;f83:-0.500000:1	1	1	1.0	ZL3b:-0.500000;IT2a:-0.500000;RF1b:-0.500000	NO_UNCERTAIN_ROWS	ONE_INFORMATIVE_ARRAY;ONE_POSITIVE_FOLIO;ZERO_POSITIVE_SUPPORT;POSSIBLE_LENGTH_CONFOUND		90
BFE_ENCLOSURE	553f6b220e49	INDIVIDUAL_BOUNDED_VS_OPEN_OR_COMMUNAL	FAMILY_SUFFIX_1:B	FAMILY_COMPONENT	FAMILY_SUFFIX_1:B;FAMILY_SUFFIX_2:AB	LIKELY_PAGE_CONFOUND	29	16	13	6	3	3	-0.04326923076923078	present=6	-0.5	1	0.05550484394609696	-1.7675539139996275	-9.613043964944001	10	0.4	0.4	1.0	1.0	5	0.4	0	1.0	f77r:0.000000:0;f77v:0.000000:0;f80r:0.000000:0;f82r:0.000000:0;f82v:-0.500000:1;f83r:0.000000:0;f83v:0.000000:0	f77r:-0.500000:1;f77v:-0.500000:1;f80r:-0.500000:1;f82r:-0.500000:1;f82v:0.000000:0;f83r:-0.500000:1;f83v:-0.500000:1	f77:-0.500000:1;f80:-0.500000:1;f82:0.000000:0;f83:-0.500000:1	1	1	1.0	ZL3b:-0.500000;IT2a:-0.500000;RF1b:-0.500000	NO_UNCERTAIN_ROWS	ONE_INFORMATIVE_ARRAY;POSSIBLE_LENGTH_CONFOUND		91
BFE_ENCLOSURE	22d1d4118bdd	INDIVIDUAL_BOUNDED_VS_OPEN_OR_COMMUNAL	FAMILY_SUFFIX_2:BA	FAMILY_COMPONENT	FAMILY_SUFFIX_2:BA	LIKELY_PAGE_CONFOUND	29	16	13	11	6	5	-0.009615384615384637	present=11	0.6666666666666666	1	0.07240915414171982	-3.756659272896332	-11.602149323840706	10	0.4	0.4	1.0	1.0	5	0.6	0	1.0	f77r:0.000000:0;f77v:0.000000:0;f80r:0.000000:0;f82r:0.000000:0;f82v:0.666667:1;f83r:0.000000:0;f83v:0.000000:0	f77r:0.666667:1;f77v:0.666667:1;f80r:0.666667:1;f82r:0.666667:1;f82v:0.000000:0;f83r:0.666667:1;f83v:0.666667:1	f77:0.666667:1;f80:0.666667:1;f82:0.000000:0;f83:0.666667:1	1	1	1.0	ZL3b:0.666667;IT2a:0.666667;RF1b:0.666667	NO_UNCERTAIN_ROWS	ONE_INFORMATIVE_ARRAY		92
BFE_ENCLOSURE	67c73f6ba58c	INDIVIDUAL_BOUNDED_VS_OPEN_OR_COMMUNAL	FAMILY_SUFFIX_3:QAB	FAMILY_COMPONENT	FAMILY_SUFFIX_3:QAB	LIKELY_PAGE_CONFOUND	29	16	13	2	0	2	-0.15384615384615385	present=2	-0.5	1	0.05550484394609696	-0.156119201917285	-8.001609252861659	10	0.4	0.4	1.0	1.0	5	0.4	0	1.0	f77r:0.000000:0;f77v:0.000000:0;f80r:0.000000:0;f82r:0.000000:0;f82v:-0.500000:1;f83r:0.000000:0;f83v:0.000000:0	f77r:-0.500000:1;f77v:-0.500000:1;f80r:-0.500000:1;f82r:-0.500000:1;f82v:0.000000:0;f83r:-0.500000:1;f83v:-0.500000:1	f77:-0.500000:1;f80:-0.500000:1;f82:0.000000:0;f83:-0.500000:1	1	1	1.0	ZL3b:-0.500000;IT2a:-0.500000;RF1b:-0.500000	NO_UNCERTAIN_ROWS	ONE_INFORMATIVE_ARRAY;ONE_POSITIVE_FOLIO;ZERO_POSITIVE_SUPPORT		93
BFE_ENCLOSURE	8ea5487b82fe	INDIVIDUAL_BOUNDED_VS_OPEN_OR_COMMUNAL	MEMBER_TOKEN_ZL3b:B1	MEMBER_CODE	MEMBER_TOKEN_ZL3b:B1;MEMBER_TOKEN_IT2a:B1	LIKELY_PAGE_CONFOUND	29	16	13	12	7	5	0.05288461538461536	present=12	0.6666666666666666	1	0.07240915414171982	-3.604656179451286	-11.45014623039566	10	0.4	0.4	1.0	1.0	5	0.6	0	1.0	f77r:0.000000:0;f77v:0.000000:0;f80r:0.000000:0;f82r:0.000000:0;f82v:0.666667:1;f83r:0.000000:0;f83v:0.000000:0	f77r:0.666667:1;f77v:0.666667:1;f80r:0.666667:1;f82r:0.666667:1;f82v:0.000000:0;f83r:0.666667:1;f83v:0.666667:1	f77:0.666667:1;f80:0.666667:1;f82:0.000000:0;f83:0.666667:1	1	1	0.6666666666666666	ZL3b:0.666667;IT2a:0.666667;RF1b:0.333333	NO_UNCERTAIN_ROWS	ONE_INFORMATIVE_ARRAY	primary edition=ZL3b	94
BFE_ENCLOSURE	6ec3207a69bc	INDIVIDUAL_BOUNDED_VS_OPEN_OR_COMMUNAL	SYMBOL_COUNT_GE:5	CONSTRUCTION	SYMBOL_COUNT_GE:5	LIKELY_PAGE_CONFOUND	29	16	13	23	15	8	0.3221153846153846	present=23	0.5	1	0.05550484394609695	-2.2123387566725263	-10.0578288076169	10	0.4	0.4	1.0	1.0	5	0.4	0	1.0	f77r:0.000000:0;f77v:0.000000:0;f80r:0.000000:0;f82r:0.000000:0;f82v:0.500000:1;f83r:0.000000:0;f83v:0.000000:0	f77r:0.500000:1;f77v:0.500000:1;f80r:0.500000:1;f82r:0.500000:1;f82v:0.000000:0;f83r:0.500000:1;f83v:0.500000:1	f77:0.500000:1;f80:0.500000:1;f82:0.000000:0;f83:0.500000:1	1	1	1.0	ZL3b:0.500000;IT2a:0.500000;RF1b:0.500000	NO_UNCERTAIN_ROWS	ONE_INFORMATIVE_ARRAY		95
BFE_ENCLOSURE	717070dd060e	INDIVIDUAL_BOUNDED_VS_OPEN_OR_COMMUNAL	SYMBOL_COUNT_GE:6	CONSTRUCTION	SYMBOL_COUNT_GE:6	LIKELY_PAGE_CONFOUND	29	16	13	15	10	5	0.24038461538461536	present=15	0.6666666666666666	1	0.07240915414171982	-4.189618680172444	-12.035108731116818	10	0.4	0.4	1.0	1.0	5	0.6	0	1.0	f77r:0.000000:0;f77v:0.000000:0;f80r:0.000000:0;f82r:0.000000:0;f82v:0.666667:1;f83r:0.000000:0;f83v:0.000000:0	f77r:0.666667:1;f77v:0.666667:1;f80r:0.666667:1;f82r:0.666667:1;f82v:0.000000:0;f83r:0.666667:1;f83v:0.666667:1	f77:0.666667:1;f80:0.666667:1;f82:0.000000:0;f83:0.666667:1	1	1	1.0	ZL3b:0.666667;IT2a:0.666667;RF1b:0.666667	NO_UNCERTAIN_ROWS	ONE_INFORMATIVE_ARRAY;POSSIBLE_LENGTH_CONFOUND		96
BFE_ENCLOSURE	6d4b53ab920a	INDIVIDUAL_BOUNDED_VS_OPEN_OR_COMMUNAL	(FAMILY_1GRAM:B)_AND_(MEMBER_TOKEN_ZL3b:Q1)	JOINT_DEPTH2		LIKELY_PAGE_CONFOUND	29	16	13	11	4	7	-0.28846153846153844	present=11	0.16666666666666663	1	0.003443636900340514	-4.119229352281046	-11.96471940322542	10	1.0	1.0	1.0	1.0	5	1.0	0	1.0	f77r:0.000000:0;f77v:0.000000:0;f80r:0.000000:0;f82r:0.000000:0;f82v:0.166667:1;f83r:0.000000:0;f83v:0.000000:0	f77r:0.166667:1;f77v:0.166667:1;f80r:0.166667:1;f82r:0.166667:1;f82v:0.000000:0;f83r:0.166667:1;f83v:0.166667:1	f77:0.166667:1;f80:0.166667:1;f82:0.000000:0;f83:0.166667:1	1	1		NOT_EVALUATED_POSTSELECTED_JOINT	NO_UNCERTAIN_ROWS	ONE_INFORMATIVE_ARRAY;POSTSELECTED_COMBINATION;EDITION_ROBUSTNESS_NOT_EVALUATED	Postselected depth-2 exploratory combination.	97
BFE_ENCLOSURE	0c8aede88364	INDIVIDUAL_BOUNDED_VS_OPEN_OR_COMMUNAL	(FAMILY_1GRAM:B)_OR_(FAMILY_1GRAM:F)	JOINT_DEPTH2		LIKELY_PAGE_CONFOUND	29	16	13	25	14	11	0.028846153846153855	present=25	0.0	1	0.0	-2.659797733643753	-10.505287784588127	10	1.0	1.0	1.0	1.0	5	1.0	0	1.0	f77r:0.000000:0;f77v:0.000000:0;f80r:0.000000:0;f82r:0.000000:0;f82v:0.000000:1;f83r:0.000000:0;f83v:0.000000:0	f77r:0.000000:1;f77v:0.000000:1;f80r:0.000000:1;f82r:0.000000:1;f82v:0.000000:0;f83r:0.000000:1;f83v:0.000000:1	f77:0.000000:1;f80:0.000000:1;f82:0.000000:0;f83:0.000000:1	1	1		NOT_EVALUATED_POSTSELECTED_JOINT	NO_UNCERTAIN_ROWS	ONE_INFORMATIVE_ARRAY;POSTSELECTED_COMBINATION;EDITION_ROBUSTNESS_NOT_EVALUATED	Postselected depth-2 exploratory combination.	98
BFE_ENCLOSURE	fe66c9cab885	INDIVIDUAL_BOUNDED_VS_OPEN_OR_COMMUNAL	(FAMILY_1GRAM:F)_OR_(FAMILY_1GRAM:J)	JOINT_DEPTH2		LIKELY_PAGE_CONFOUND	29	16	13	6	3	3	-0.04326923076923078	present=6	-0.16666666666666669	1	0.003443636900340514	-3.8297227350860688	-11.675212786030443	10	1.0	1.0	1.0	1.0	5	1.0	0	1.0	f77r:0.000000:0;f77v:0.000000:0;f80r:0.000000:0;f82r:0.000000:0;f82v:-0.166667:1;f83r:0.000000:0;f83v:0.000000:0	f77r:-0.166667:1;f77v:-0.166667:1;f80r:-0.166667:1;f82r:-0.166667:1;f82v:0.000000:0;f83r:-0.166667:1;f83v:-0.166667:1	f77:-0.166667:1;f80:-0.166667:1;f82:0.000000:0;f83:-0.166667:1	1	1		NOT_EVALUATED_POSTSELECTED_JOINT	NO_UNCERTAIN_ROWS	ONE_INFORMATIVE_ARRAY;POSTSELECTED_COMBINATION;EDITION_ROBUSTNESS_NOT_EVALUATED	Postselected depth-2 exploratory combination.	99
BFE_ENCLOSURE	4443c69e0344	INDIVIDUAL_BOUNDED_VS_OPEN_OR_COMMUNAL	(FAMILY_1GRAM:F)_OR_(FAMILY_SUFFIX_2:KA)	JOINT_DEPTH2		LIKELY_PAGE_CONFOUND	29	16	13	4	2	2	-0.028846153846153855	present=4	-0.16666666666666669	1	0.003443636900340514	-2.2854022188622523	-10.130892269806626	10	1.0	1.0	1.0	1.0	5	1.0	0	1.0	f77r:0.000000:0;f77v:0.000000:0;f80r:0.000000:0;f82r:0.000000:0;f82v:-0.166667:1;f83r:0.000000:0;f83v:0.000000:0	f77r:-0.166667:1;f77v:-0.166667:1;f80r:-0.166667:1;f82r:-0.166667:1;f82v:0.000000:0;f83r:-0.166667:1;f83v:-0.166667:1	f77:-0.166667:1;f80:-0.166667:1;f82:0.000000:0;f83:-0.166667:1	1	1		NOT_EVALUATED_POSTSELECTED_JOINT	NO_UNCERTAIN_ROWS	ONE_INFORMATIVE_ARRAY;POSTSELECTED_COMBINATION;EDITION_ROBUSTNESS_NOT_EVALUATED;POSSIBLE_LENGTH_CONFOUND	Postselected depth-2 exploratory combination.	100
BFE_ENCLOSURE	d55f8bdbba88	INDIVIDUAL_BOUNDED_VS_OPEN_OR_COMMUNAL	(FAMILY_1GRAM:F)_OR_(FAMILY_SUFFIX_3:JBA)	JOINT_DEPTH2		LIKELY_PAGE_CONFOUND	29	16	13	5	2	3	-0.10576923076923078	present=5	-0.16666666666666669	1	0.003443636900340514	-3.092757140919865	-10.938247191864239	10	1.0	1.0	1.0	1.0	5	1.0	0	1.0	f77r:0.000000:0;f77v:0.000000:0;f80r:0.000000:0;f82r:0.000000:0;f82v:-0.166667:1;f83r:0.000000:0;f83v:0.000000:0	f77r:-0.166667:1;f77v:-0.166667:1;f80r:-0.166667:1;f82r:-0.166667:1;f82v:0.000000:0;f83r:-0.166667:1;f83v:-0.166667:1	f77:-0.166667:1;f80:-0.166667:1;f82:0.000000:0;f83:-0.166667:1	1	1		NOT_EVALUATED_POSTSELECTED_JOINT	NO_UNCERTAIN_ROWS	ONE_INFORMATIVE_ARRAY;POSTSELECTED_COMBINATION;EDITION_ROBUSTNESS_NOT_EVALUATED	Postselected depth-2 exploratory combination.	101
BFE_ENCLOSURE	fa3c2b22d86b	INDIVIDUAL_BOUNDED_VS_OPEN_OR_COMMUNAL	(FAMILY_1GRAM:F)_OR_(FAMILY_SUFFIX_3:KBA)	JOINT_DEPTH2		LIKELY_PAGE_CONFOUND	29	16	13	6	3	3	-0.04326923076923078	present=6	-0.16666666666666669	1	0.003443636900340514	-3.9001120629774704	-11.745602113921844	10	1.0	1.0	1.0	1.0	5	1.0	0	1.0	f77r:0.000000:0;f77v:0.000000:0;f80r:0.000000:0;f82r:0.000000:0;f82v:-0.166667:1;f83r:0.000000:0;f83v:0.000000:0	f77r:-0.166667:1;f77v:-0.166667:1;f80r:-0.166667:1;f82r:-0.166667:1;f82v:0.000000:0;f83r:-0.166667:1;f83v:-0.166667:1	f77:-0.166667:1;f80:-0.166667:1;f82:0.000000:0;f83:-0.166667:1	1	1		NOT_EVALUATED_POSTSELECTED_JOINT	NO_UNCERTAIN_ROWS	ONE_INFORMATIVE_ARRAY;POSTSELECTED_COMBINATION;EDITION_ROBUSTNESS_NOT_EVALUATED	Postselected depth-2 exploratory combination.	102
BFE_ENCLOSURE	23b3d5a445be	INDIVIDUAL_BOUNDED_VS_OPEN_OR_COMMUNAL	(FAMILY_1GRAM:F)_OR_(SYMBOL_COUNT_GE:5)	JOINT_DEPTH2		LIKELY_PAGE_CONFOUND	29	16	13	24	15	9	0.2451923076923077	present=24	0.0	1	0.0	-2.9493043508387338	-10.794794401783108	10	1.0	1.0	1.0	1.0	5	1.0	0	1.0	f77r:0.000000:0;f77v:0.000000:0;f80r:0.000000:0;f82r:0.000000:0;f82v:0.000000:1;f83r:0.000000:0;f83v:0.000000:0	f77r:0.000000:1;f77v:0.000000:1;f80r:0.000000:1;f82r:0.000000:1;f82v:0.000000:0;f83r:0.000000:1;f83v:0.000000:1	f77:0.000000:1;f80:0.000000:1;f82:0.000000:0;f83:0.000000:1	1	1		NOT_EVALUATED_POSTSELECTED_JOINT	NO_UNCERTAIN_ROWS	ONE_INFORMATIVE_ARRAY;POSTSELECTED_COMBINATION;EDITION_ROBUSTNESS_NOT_EVALUATED	Postselected depth-2 exploratory combination.	103
BFE_ENCLOSURE	3a8918453ce2	INDIVIDUAL_BOUNDED_VS_OPEN_OR_COMMUNAL	(FAMILY_1GRAM:K)_AND_(FAMILY_2GRAM:BA)	JOINT_DEPTH2		LIKELY_PAGE_CONFOUND	29	16	13	6	5	1	0.23557692307692307	present=6	0.3333333333333333	1	0.029474240423218733	-3.31103345378407	-11.156523504728444	10	1.0	1.0	1.0	1.0	5	1.0	0	1.0	f77r:0.000000:0;f77v:0.000000:0;f80r:0.000000:0;f82r:0.000000:0;f82v:0.333333:1;f83r:0.000000:0;f83v:0.000000:0	f77r:0.333333:1;f77v:0.333333:1;f80r:0.333333:1;f82r:0.333333:1;f82v:0.000000:0;f83r:0.333333:1;f83v:0.333333:1	f77:0.333333:1;f80:0.333333:1;f82:0.000000:0;f83:0.333333:1	1	1		NOT_EVALUATED_POSTSELECTED_JOINT	NO_UNCERTAIN_ROWS	ONE_INFORMATIVE_ARRAY;POSTSELECTED_COMBINATION;EDITION_ROBUSTNESS_NOT_EVALUATED	Postselected depth-2 exploratory combination.	104
BFE_ENCLOSURE	de3283e7b0fe	INDIVIDUAL_BOUNDED_VS_OPEN_OR_COMMUNAL	(FAMILY_1GRAM:K)_AND_(FAMILY_SUFFIX_1:B)	JOINT_DEPTH2		LIKELY_PAGE_CONFOUND	29	16	13	2	2	0	0.125	present=2	0.0	1	0.0	-1.3219280948873617	-9.167418145831736	10	1.0	1.0	1.0	1.0	5	1.0	0	1.0	f77r:0.000000:0;f77v:0.000000:0;f80r:0.000000:0;f82r:0.000000:0;f82v:0.000000:1;f83r:0.000000:0;f83v:0.000000:0	f77r:0.000000:1;f77v:0.000000:1;f80r:0.000000:1;f82r:0.000000:1;f82v:0.000000:0;f83r:0.000000:1;f83v:0.000000:1	f77:0.000000:1;f80:0.000000:1;f82:0.000000:0;f83:0.000000:1	1	1		NOT_EVALUATED_POSTSELECTED_JOINT	NO_UNCERTAIN_ROWS	ONE_INFORMATIVE_ARRAY;POSTSELECTED_COMBINATION;EDITION_ROBUSTNESS_NOT_EVALUATED;ZERO_NEGATIVE_SUPPORT;POSSIBLE_LENGTH_CONFOUND	Postselected depth-2 exploratory combination.	105
BFE_ENCLOSURE	fe5b55c49a5a	INDIVIDUAL_BOUNDED_VS_OPEN_OR_COMMUNAL	(FAMILY_1GRAM:K)_OR_(FAMILY_1GRAM:F)	JOINT_DEPTH2		LIKELY_PAGE_CONFOUND	29	16	13	11	8	3	0.2692307692307692	present=11	0.16666666666666663	1	0.003443636900340514	-5.526046344754924	-13.371536395699298	10	1.0	1.0	1.0	1.0	5	1.0	0	1.0	f77r:0.000000:0;f77v:0.000000:0;f80r:0.000000:0;f82r:0.000000:0;f82v:0.166667:1;f83r:0.000000:0;f83v:0.000000:0	f77r:0.166667:1;f77v:0.166667:1;f80r:0.166667:1;f82r:0.166667:1;f82v:0.000000:0;f83r:0.166667:1;f83v:0.166667:1	f77:0.166667:1;f80:0.166667:1;f82:0.000000:0;f83:0.166667:1	1	1		NOT_EVALUATED_POSTSELECTED_JOINT	NO_UNCERTAIN_ROWS	ONE_INFORMATIVE_ARRAY;POSTSELECTED_COMBINATION;EDITION_ROBUSTNESS_NOT_EVALUATED	Postselected depth-2 exploratory combination.	106
BFE_ENCLOSURE	ac1887b7b9a8	INDIVIDUAL_BOUNDED_VS_OPEN_OR_COMMUNAL	(FAMILY_1GRAM:K)_OR_(FAMILY_3GRAM:BQA)	JOINT_DEPTH2		LIKELY_PAGE_CONFOUND	29	16	13	12	8	4	0.1923076923076923	present=12	0.16666666666666663	1	0.003443636900340514	-5.67804943819997	-13.523539489144344	10	1.0	1.0	1.0	1.0	5	1.0	0	1.0	f77r:0.000000:0;f77v:0.000000:0;f80r:0.000000:0;f82r:0.000000:0;f82v:0.166667:1;f83r:0.000000:0;f83v:0.000000:0	f77r:0.166667:1;f77v:0.166667:1;f80r:0.166667:1;f82r:0.166667:1;f82v:0.000000:0;f83r:0.166667:1;f83v:0.166667:1	f77:0.166667:1;f80:0.166667:1;f82:0.000000:0;f83:0.166667:1	1	1		NOT_EVALUATED_POSTSELECTED_JOINT	NO_UNCERTAIN_ROWS	ONE_INFORMATIVE_ARRAY;POSTSELECTED_COMBINATION;EDITION_ROBUSTNESS_NOT_EVALUATED	Postselected depth-2 exploratory combination.	107
BFE_ENCLOSURE	45f83f37b1a2	INDIVIDUAL_BOUNDED_VS_OPEN_OR_COMMUNAL	(FAMILY_1GRAM:K)_OR_(FAMILY_SUFFIX_1:B)	JOINT_DEPTH2		LIKELY_PAGE_CONFOUND	29	16	13	13	9	4	0.2548076923076923	present=13	0.16666666666666663	1	0.003443636900340514	-5.815552961949901	-13.661043012894275	10	1.0	1.0	1.0	1.0	5	1.0	0	1.0	f77r:0.000000:0;f77v:0.000000:0;f80r:0.000000:0;f82r:0.000000:0;f82v:0.166667:1;f83r:0.000000:0;f83v:0.000000:0	f77r:0.166667:1;f77v:0.166667:1;f80r:0.166667:1;f82r:0.166667:1;f82v:0.000000:0;f83r:0.166667:1;f83v:0.166667:1	f77:0.166667:1;f80:0.166667:1;f82:0.000000:0;f83:0.166667:1	1	1		NOT_EVALUATED_POSTSELECTED_JOINT	NO_UNCERTAIN_ROWS	ONE_INFORMATIVE_ARRAY;POSTSELECTED_COMBINATION;EDITION_ROBUSTNESS_NOT_EVALUATED	Postselected depth-2 exploratory combination.	108
BFE_ENCLOSURE	4b973b2a7cee	INDIVIDUAL_BOUNDED_VS_OPEN_OR_COMMUNAL	(FAMILY_1GRAM:K)_OR_(FAMILY_SUFFIX_3:QAB)	JOINT_DEPTH2		LIKELY_PAGE_CONFOUND	29	16	13	11	8	3	0.2692307692307692	present=11	0.16666666666666663	1	0.003443636900340514	-5.526046344754924	-13.371536395699298	10	1.0	1.0	1.0	1.0	5	1.0	0	1.0	f77r:0.000000:0;f77v:0.000000:0;f80r:0.000000:0;f82r:0.000000:0;f82v:0.166667:1;f83r:0.000000:0;f83v:0.000000:0	f77r:0.166667:1;f77v:0.166667:1;f80r:0.166667:1;f82r:0.166667:1;f82v:0.000000:0;f83r:0.166667:1;f83v:0.166667:1	f77:0.166667:1;f80:0.166667:1;f82:0.000000:0;f83:0.166667:1	1	1		NOT_EVALUATED_POSTSELECTED_JOINT	NO_UNCERTAIN_ROWS	ONE_INFORMATIVE_ARRAY;POSTSELECTED_COMBINATION;EDITION_ROBUSTNESS_NOT_EVALUATED	Postselected depth-2 exploratory combination.	109
BFE_ENCLOSURE	d2d6b96e483e	INDIVIDUAL_BOUNDED_VS_OPEN_OR_COMMUNAL	(FAMILY_1GRAM:K)_OR_(MEMBER_TOKEN_ZL3b:Q1)	JOINT_DEPTH2		LIKELY_PAGE_CONFOUND	29	16	13	21	10	11	-0.22115384615384615	present=21	-0.33333333333333337	1	0.029474240423218733	-4.789080750588717	-12.63457080153309	10	1.0	1.0	1.0	1.0	5	1.0	0	1.0	f77r:0.000000:0;f77v:0.000000:0;f80r:0.000000:0;f82r:0.000000:0;f82v:-0.333333:1;f83r:0.000000:0;f83v:0.000000:0	f77r:-0.333333:1;f77v:-0.333333:1;f80r:-0.333333:1;f82r:-0.333333:1;f82v:0.000000:0;f83r:-0.333333:1;f83v:-0.333333:1	f77:-0.333333:1;f80:-0.333333:1;f82:0.000000:0;f83:-0.333333:1	1	1		NOT_EVALUATED_POSTSELECTED_JOINT	NO_UNCERTAIN_ROWS	ONE_INFORMATIVE_ARRAY;POSTSELECTED_COMBINATION;EDITION_ROBUSTNESS_NOT_EVALUATED	Postselected depth-2 exploratory combination.	110
BFE_ENCLOSURE	6e8acad38797	INDIVIDUAL_BOUNDED_VS_OPEN_OR_COMMUNAL	(FAMILY_2GRAM:BA)_AND_(SYMBOL_COUNT_GE:6)	JOINT_DEPTH2		LIKELY_PAGE_CONFOUND	29	16	13	10	6	4	0.06730769230769229	present=10	0.3333333333333333	1	0.029474240423218733	-4.45265308600624	-12.298143136950614	10	1.0	1.0	1.0	1.0	5	1.0	0	1.0	f77r:0.000000:0;f77v:0.000000:0;f80r:0.000000:0;f82r:0.000000:0;f82v:0.333333:1;f83r:0.000000:0;f83v:0.000000:0	f77r:0.333333:1;f77v:0.333333:1;f80r:0.333333:1;f82r:0.333333:1;f82v:0.000000:0;f83r:0.333333:1;f83v:0.333333:1	f77:0.333333:1;f80:0.333333:1;f82:0.000000:0;f83:0.333333:1	1	1		NOT_EVALUATED_POSTSELECTED_JOINT	NO_UNCERTAIN_ROWS	ONE_INFORMATIVE_ARRAY;POSTSELECTED_COMBINATION;EDITION_ROBUSTNESS_NOT_EVALUATED;POSSIBLE_LENGTH_CONFOUND	Postselected depth-2 exploratory combination.	111
BFE_ENCLOSURE	1571cc867475	INDIVIDUAL_BOUNDED_VS_OPEN_OR_COMMUNAL	(FAMILY_2GRAM:BA)_OR_(FAMILY_1GRAM:F)	JOINT_DEPTH2		LIKELY_PAGE_CONFOUND	29	16	13	17	10	7	0.08653846153846156	present=17	0.16666666666666663	1	0.003443636900340514	-4.534266851559881	-12.379756902504255	10	1.0	1.0	1.0	1.0	5	1.0	0	1.0	f77r:0.000000:0;f77v:0.000000:0;f80r:0.000000:0;f82r:0.000000:0;f82v:0.166667:1;f83r:0.000000:0;f83v:0.000000:0	f77r:0.166667:1;f77v:0.166667:1;f80r:0.166667:1;f82r:0.166667:1;f82v:0.000000:0;f83r:0.166667:1;f83v:0.166667:1	f77:0.166667:1;f80:0.166667:1;f82:0.000000:0;f83:0.166667:1	1	1		NOT_EVALUATED_POSTSELECTED_JOINT	NO_UNCERTAIN_ROWS	ONE_INFORMATIVE_ARRAY;POSTSELECTED_COMBINATION;EDITION_ROBUSTNESS_NOT_EVALUATED	Postselected depth-2 exploratory combination.	112
BFE_ENCLOSURE	29f9db6aced0	INDIVIDUAL_BOUNDED_VS_OPEN_OR_COMMUNAL	(FAMILY_2GRAM:BA)_OR_(FAMILY_3GRAM:BQA)	JOINT_DEPTH2		LIKELY_PAGE_CONFOUND	29	16	13	19	10	9	-0.06730769230769229	present=19	0.16666666666666663	1	0.003443636900340514	-4.271232445726092	-12.116722496670466	10	1.0	1.0	1.0	1.0	5	1.0	0	1.0	f77r:0.000000:0;f77v:0.000000:0;f80r:0.000000:0;f82r:0.000000:0;f82v:0.166667:1;f83r:0.000000:0;f83v:0.000000:0	f77r:0.166667:1;f77v:0.166667:1;f80r:0.166667:1;f82r:0.166667:1;f82v:0.000000:0;f83r:0.166667:1;f83v:0.166667:1	f77:0.166667:1;f80:0.166667:1;f82:0.000000:0;f83:0.166667:1	1	1		NOT_EVALUATED_POSTSELECTED_JOINT	NO_UNCERTAIN_ROWS	ONE_INFORMATIVE_ARRAY;POSTSELECTED_COMBINATION;EDITION_ROBUSTNESS_NOT_EVALUATED	Postselected depth-2 exploratory combination.	113
BFE_ENCLOSURE	4041f82556e8	INDIVIDUAL_BOUNDED_VS_OPEN_OR_COMMUNAL	(FAMILY_2GRAM:BA)_OR_(FAMILY_SUFFIX_1:B)	JOINT_DEPTH2		LIKELY_PAGE_CONFOUND	29	16	13	20	12	8	0.13461538461538458	present=20	0.16666666666666663	1	0.003443636900340514	-4.271232445726092	-12.116722496670466	10	1.0	1.0	1.0	1.0	5	1.0	0	1.0	f77r:0.000000:0;f77v:0.000000:0;f80r:0.000000:0;f82r:0.000000:0;f82v:0.166667:1;f83r:0.000000:0;f83v:0.000000:0	f77r:0.166667:1;f77v:0.166667:1;f80r:0.166667:1;f82r:0.166667:1;f82v:0.000000:0;f83r:0.166667:1;f83v:0.166667:1	f77:0.166667:1;f80:0.166667:1;f82:0.000000:0;f83:0.166667:1	1	1		NOT_EVALUATED_POSTSELECTED_JOINT	NO_UNCERTAIN_ROWS	ONE_INFORMATIVE_ARRAY;POSTSELECTED_COMBINATION;EDITION_ROBUSTNESS_NOT_EVALUATED	Postselected depth-2 exploratory combination.	114
BFE_ENCLOSURE	75f9a95dc3dd	INDIVIDUAL_BOUNDED_VS_OPEN_OR_COMMUNAL	(FAMILY_2GRAM:BA)_OR_(FAMILY_SUFFIX_3:QAB)	JOINT_DEPTH2		LIKELY_PAGE_CONFOUND	29	16	13	18	10	8	0.009615384615384581	present=18	0.16666666666666663	1	0.003443636900340514	-4.423235539171138	-12.268725590115512	10	1.0	1.0	1.0	1.0	5	1.0	0	1.0	f77r:0.000000:0;f77v:0.000000:0;f80r:0.000000:0;f82r:0.000000:0;f82v:0.166667:1;f83r:0.000000:0;f83v:0.000000:0	f77r:0.166667:1;f77v:0.166667:1;f80r:0.166667:1;f82r:0.166667:1;f82v:0.000000:0;f83r:0.166667:1;f83v:0.166667:1	f77:0.166667:1;f80:0.166667:1;f82:0.000000:0;f83:0.166667:1	1	1		NOT_EVALUATED_POSTSELECTED_JOINT	NO_UNCERTAIN_ROWS	ONE_INFORMATIVE_ARRAY;POSTSELECTED_COMBINATION;EDITION_ROBUSTNESS_NOT_EVALUATED	Postselected depth-2 exploratory combination.	115
BFE_ENCLOSURE	6bd783a3e7fe	INDIVIDUAL_BOUNDED_VS_OPEN_OR_COMMUNAL	(FAMILY_2GRAM:BA)_OR_(MEMBER_TOKEN_ZL3b:Q1)	JOINT_DEPTH2		LIKELY_PAGE_CONFOUND	29	16	13	26	13	13	-0.1875	present=26	0.0	1	0.0	-0.7369655941662039	-8.582455645110578	10	1.0	1.0	1.0	1.0	5	1.0	0	1.0	f77r:0.000000:0;f77v:0.000000:0;f80r:0.000000:0;f82r:0.000000:0;f82v:0.000000:1;f83r:0.000000:0;f83v:0.000000:0	f77r:0.000000:1;f77v:0.000000:1;f80r:0.000000:1;f82r:0.000000:1;f82v:0.000000:0;f83r:0.000000:1;f83v:0.000000:1	f77:0.000000:1;f80:0.000000:1;f82:0.000000:0;f83:0.000000:1	1	1		NOT_EVALUATED_POSTSELECTED_JOINT	NO_UNCERTAIN_ROWS	ONE_INFORMATIVE_ARRAY;POSTSELECTED_COMBINATION;EDITION_ROBUSTNESS_NOT_EVALUATED	Postselected depth-2 exploratory combination.	116
BFE_ENCLOSURE	fc347a989db0	INDIVIDUAL_BOUNDED_VS_OPEN_OR_COMMUNAL	(FAMILY_2GRAM:QA)_AND_(FAMILY_1GRAM:B)	JOINT_DEPTH2		LIKELY_PAGE_CONFOUND	29	16	13	12	4	8	-0.3653846153846154	present=12	-0.16666666666666669	1	0.003443636900340514	-4.856194946447253	-12.701684997391627	10	1.0	1.0	1.0	1.0	5	1.0	0	1.0	f77r:0.000000:0;f77v:0.000000:0;f80r:0.000000:0;f82r:0.000000:0;f82v:-0.166667:1;f83r:0.000000:0;f83v:0.000000:0	f77r:-0.166667:1;f77v:-0.166667:1;f80r:-0.166667:1;f82r:-0.166667:1;f82v:0.000000:0;f83r:-0.166667:1;f83v:-0.166667:1	f77:-0.166667:1;f80:-0.166667:1;f82:0.000000:0;f83:-0.166667:1	1	1		NOT_EVALUATED_POSTSELECTED_JOINT	NO_UNCERTAIN_ROWS	ONE_INFORMATIVE_ARRAY;POSTSELECTED_COMBINATION;EDITION_ROBUSTNESS_NOT_EVALUATED	Postselected depth-2 exploratory combination.	117
BFE_ENCLOSURE	28b36939411a	INDIVIDUAL_BOUNDED_VS_OPEN_OR_COMMUNAL	(FAMILY_2GRAM:QA)_AND_(FAMILY_1GRAM:K)	JOINT_DEPTH2		LIKELY_PAGE_CONFOUND	29	16	13	3	3	0	0.1875	present=3	0.3333333333333333	1	0.029474240423218733	-1.3923174227787598	-9.237807473723134	10	1.0	1.0	1.0	1.0	5	1.0	0	1.0	f77r:0.000000:0;f77v:0.000000:0;f80r:0.000000:0;f82r:0.000000:0;f82v:0.333333:1;f83r:0.000000:0;f83v:0.000000:0	f77r:0.333333:1;f77v:0.333333:1;f80r:0.333333:1;f82r:0.333333:1;f82v:0.000000:0;f83r:0.333333:1;f83v:0.333333:1	f77:0.333333:1;f80:0.333333:1;f82:0.000000:0;f83:0.333333:1	1	1		NOT_EVALUATED_POSTSELECTED_JOINT	NO_UNCERTAIN_ROWS	ONE_INFORMATIVE_ARRAY;POSTSELECTED_COMBINATION;EDITION_ROBUSTNESS_NOT_EVALUATED;ZERO_NEGATIVE_SUPPORT;POSSIBLE_LENGTH_CONFOUND	Postselected depth-2 exploratory combination.	118
BFE_ENCLOSURE	a28945d79d01	INDIVIDUAL_BOUNDED_VS_OPEN_OR_COMMUNAL	(FAMILY_2GRAM:QA)_AND_(FAMILY_2GRAM:BA)	JOINT_DEPTH2		LIKELY_PAGE_CONFOUND	29	16	13	6	2	4	-0.1826923076923077	present=6	0.0	1	0.0	-3.645298163948638	-11.490788214893012	10	1.0	1.0	1.0	1.0	5	1.0	0	1.0	f77r:0.000000:0;f77v:0.000000:0;f80r:0.000000:0;f82r:0.000000:0;f82v:0.000000:1;f83r:0.000000:0;f83v:0.000000:0	f77r:0.000000:1;f77v:0.000000:1;f80r:0.000000:1;f82r:0.000000:1;f82v:0.000000:0;f83r:0.000000:1;f83v:0.000000:1	f77:0.000000:1;f80:0.000000:1;f82:0.000000:0;f83:0.000000:1	1	1		NOT_EVALUATED_POSTSELECTED_JOINT	NO_UNCERTAIN_ROWS	ONE_INFORMATIVE_ARRAY;ONE_POSITIVE_FOLIO;POSTSELECTED_COMBINATION;EDITION_ROBUSTNESS_NOT_EVALUATED	Postselected depth-2 exploratory combination.	119
BFE_ENCLOSURE	c16a3e82d81a	INDIVIDUAL_BOUNDED_VS_OPEN_OR_COMMUNAL	(FAMILY_2GRAM:QA)_AND_(FAMILY_SUFFIX_2:BA)	JOINT_DEPTH2		LIKELY_PAGE_CONFOUND	29	16	13	5	1	4	-0.2451923076923077	present=5	0.0	1	0.0	-2.837943241891029	-10.683433292835403	10	1.0	1.0	1.0	1.0	5	1.0	0	1.0	f77r:0.000000:0;f77v:0.000000:0;f80r:0.000000:0;f82r:0.000000:0;f82v:0.000000:1;f83r:0.000000:0;f83v:0.000000:0	f77r:0.000000:1;f77v:0.000000:1;f80r:0.000000:1;f82r:0.000000:1;f82v:0.000000:0;f83r:0.000000:1;f83v:0.000000:1	f77:0.000000:1;f80:0.000000:1;f82:0.000000:0;f83:0.000000:1	1	1		NOT_EVALUATED_POSTSELECTED_JOINT	NO_UNCERTAIN_ROWS	ONE_INFORMATIVE_ARRAY;ONE_POSITIVE_FOLIO;POSTSELECTED_COMBINATION;EDITION_ROBUSTNESS_NOT_EVALUATED	Postselected depth-2 exploratory combination.	120
BFE_ENCLOSURE	a141c38a80f6	INDIVIDUAL_BOUNDED_VS_OPEN_OR_COMMUNAL	(FAMILY_2GRAM:QA)_AND_(MEMBER_TOKEN_ZL3b:B1)	JOINT_DEPTH2		LIKELY_PAGE_CONFOUND	29	16	13	3	0	3	-0.23076923076923078	present=3	0.0	1	0.0	-1.9899463353360787	-9.835436386280453	10	1.0	1.0	1.0	1.0	5	1.0	0	1.0	f77r:0.000000:0;f77v:0.000000:0;f80r:0.000000:0;f82r:0.000000:0;f82v:0.000000:1;f83r:0.000000:0;f83v:0.000000:0	f77r:0.000000:1;f77v:0.000000:1;f80r:0.000000:1;f82r:0.000000:1;f82v:0.000000:0;f83r:0.000000:1;f83v:0.000000:1	f77:0.000000:1;f80:0.000000:1;f82:0.000000:0;f83:0.000000:1	1	1		NOT_EVALUATED_POSTSELECTED_JOINT	NO_UNCERTAIN_ROWS	ONE_INFORMATIVE_ARRAY;ONE_POSITIVE_FOLIO;POSTSELECTED_COMBINATION;EDITION_ROBUSTNESS_NOT_EVALUATED;ZERO_POSITIVE_SUPPORT;POSSIBLE_LENGTH_CONFOUND	Postselected depth-2 exploratory combination.	121
BFE_ENCLOSURE	77b904fcfe39	INDIVIDUAL_BOUNDED_VS_OPEN_OR_COMMUNAL	(FAMILY_2GRAM:QA)_AND_(SYMBOL_COUNT_GE:5)	JOINT_DEPTH2		LIKELY_PAGE_CONFOUND	29	16	13	11	5	6	-0.14903846153846156	present=11	-0.16666666666666669	1	0.003443636900340514	-5.622578087448556	-13.46806813839293	10	1.0	1.0	1.0	1.0	5	1.0	0	1.0	f77r:0.000000:0;f77v:0.000000:0;f80r:0.000000:0;f82r:0.000000:0;f82v:-0.166667:1;f83r:0.000000:0;f83v:0.000000:0	f77r:-0.166667:1;f77v:-0.166667:1;f80r:-0.166667:1;f82r:-0.166667:1;f82v:0.000000:0;f83r:-0.166667:1;f83v:-0.166667:1	f77:-0.166667:1;f80:-0.166667:1;f82:0.000000:0;f83:-0.166667:1	1	1		NOT_EVALUATED_POSTSELECTED_JOINT	NO_UNCERTAIN_ROWS	ONE_INFORMATIVE_ARRAY;POSTSELECTED_COMBINATION;EDITION_ROBUSTNESS_NOT_EVALUATED	Postselected depth-2 exploratory combination.	122
BFE_ENCLOSURE	98ec6b804161	INDIVIDUAL_BOUNDED_VS_OPEN_OR_COMMUNAL	(FAMILY_2GRAM:QA)_AND_(SYMBOL_COUNT_GE:6)	JOINT_DEPTH2		LIKELY_PAGE_CONFOUND	29	16	13	9	4	5	-0.13461538461538464	present=9	0.3333333333333333	1	0.029474240423218733	-4.300649992561194	-12.146140043505568	10	1.0	1.0	1.0	1.0	5	1.0	0	1.0	f77r:0.000000:0;f77v:0.000000:0;f80r:0.000000:0;f82r:0.000000:0;f82v:0.333333:1;f83r:0.000000:0;f83v:0.000000:0	f77r:0.333333:1;f77v:0.333333:1;f80r:0.333333:1;f82r:0.333333:1;f82v:0.000000:0;f83r:0.333333:1;f83v:0.333333:1	f77:0.333333:1;f80:0.333333:1;f82:0.000000:0;f83:0.333333:1	1	1		NOT_EVALUATED_POSTSELECTED_JOINT	NO_UNCERTAIN_ROWS	ONE_INFORMATIVE_ARRAY;POSTSELECTED_COMBINATION;EDITION_ROBUSTNESS_NOT_EVALUATED;POSSIBLE_LENGTH_CONFOUND	Postselected depth-2 exploratory combination.	123
BFE_ENCLOSURE	48548ef5a563	INDIVIDUAL_BOUNDED_VS_OPEN_OR_COMMUNAL	(FAMILY_2GRAM:QA)_OR_(FAMILY_1GRAM:J)	JOINT_DEPTH2		LIKELY_PAGE_CONFOUND	29	16	13	20	9	11	-0.28365384615384615	present=20	-0.33333333333333337	1	0.029474240423218733	-4.941083844033763	-12.786573894978137	10	1.0	1.0	1.0	1.0	5	1.0	0	1.0	f77r:0.000000:0;f77v:0.000000:0;f80r:0.000000:0;f82r:0.000000:0;f82v:-0.333333:1;f83r:0.000000:0;f83v:0.000000:0	f77r:-0.333333:1;f77v:-0.333333:1;f80r:-0.333333:1;f82r:-0.333333:1;f82v:0.000000:0;f83r:-0.333333:1;f83v:-0.333333:1	f77:-0.333333:1;f80:-0.333333:1;f82:0.000000:0;f83:-0.333333:1	1	1		NOT_EVALUATED_POSTSELECTED_JOINT	NO_UNCERTAIN_ROWS	ONE_INFORMATIVE_ARRAY;POSTSELECTED_COMBINATION;EDITION_ROBUSTNESS_NOT_EVALUATED	Postselected depth-2 exploratory combination.	124
BFE_ENCLOSURE	cc2e08db8657	INDIVIDUAL_BOUNDED_VS_OPEN_OR_COMMUNAL	(FAMILY_2GRAM:QA)_OR_(FAMILY_1GRAM:K)	JOINT_DEPTH2		LIKELY_PAGE_CONFOUND	29	16	13	23	11	12	-0.23557692307692313	present=23	-0.33333333333333337	1	0.029474240423218733	-3.829722735086065	-11.675212786030439	10	1.0	1.0	1.0	1.0	5	1.0	0	1.0	f77r:0.000000:0;f77v:0.000000:0;f80r:0.000000:0;f82r:0.000000:0;f82v:-0.333333:1;f83r:0.000000:0;f83v:0.000000:0	f77r:-0.333333:1;f77v:-0.333333:1;f80r:-0.333333:1;f82r:-0.333333:1;f82v:0.000000:0;f83r:-0.333333:1;f83v:-0.333333:1	f77:-0.333333:1;f80:-0.333333:1;f82:0.000000:0;f83:-0.333333:1	1	1		NOT_EVALUATED_POSTSELECTED_JOINT	NO_UNCERTAIN_ROWS	ONE_INFORMATIVE_ARRAY;POSTSELECTED_COMBINATION;EDITION_ROBUSTNESS_NOT_EVALUATED	Postselected depth-2 exploratory combination.	125
BFE_ENCLOSURE	f8b7f2bac935	INDIVIDUAL_BOUNDED_VS_OPEN_OR_COMMUNAL	(FAMILY_2GRAM:QA)_OR_(FAMILY_2GRAM:BA)	JOINT_DEPTH2		LIKELY_PAGE_CONFOUND	29	16	13	27	14	13	-0.125	present=27	0.0	1	0.0	-1.3219280948873617	-9.167418145831736	10	1.0	1.0	1.0	1.0	5	1.0	0	1.0	f77r:0.000000:0;f77v:0.000000:0;f80r:0.000000:0;f82r:0.000000:0;f82v:0.000000:1;f83r:0.000000:0;f83v:0.000000:0	f77r:0.000000:1;f77v:0.000000:1;f80r:0.000000:1;f82r:0.000000:1;f82v:0.000000:0;f83r:0.000000:1;f83v:0.000000:1	f77:0.000000:1;f80:0.000000:1;f82:0.000000:0;f83:0.000000:1	1	1		NOT_EVALUATED_POSTSELECTED_JOINT	NO_UNCERTAIN_ROWS	ONE_INFORMATIVE_ARRAY;POSTSELECTED_COMBINATION;EDITION_ROBUSTNESS_NOT_EVALUATED	Postselected depth-2 exploratory combination.	126
BFE_ENCLOSURE	de56ecfadbc6	INDIVIDUAL_BOUNDED_VS_OPEN_OR_COMMUNAL	(FAMILY_2GRAM:QA)_OR_(FAMILY_SUFFIX_2:BA)	JOINT_DEPTH2		LIKELY_PAGE_CONFOUND	29	16	13	23	11	12	-0.23557692307692313	present=23	0.0	1	0.0	-3.8297227350860688	-11.675212786030443	10	1.0	1.0	1.0	1.0	5	1.0	0	1.0	f77r:0.000000:0;f77v:0.000000:0;f80r:0.000000:0;f82r:0.000000:0;f82v:0.000000:1;f83r:0.000000:0;f83v:0.000000:0	f77r:0.000000:1;f77v:0.000000:1;f80r:0.000000:1;f82r:0.000000:1;f82v:0.000000:0;f83r:0.000000:1;f83v:0.000000:1	f77:0.000000:1;f80:0.000000:1;f82:0.000000:0;f83:0.000000:1	1	1		NOT_EVALUATED_POSTSELECTED_JOINT	NO_UNCERTAIN_ROWS	ONE_INFORMATIVE_ARRAY;POSTSELECTED_COMBINATION;EDITION_ROBUSTNESS_NOT_EVALUATED	Postselected depth-2 exploratory combination.	127
BFE_ENCLOSURE	d26c1e632e07	INDIVIDUAL_BOUNDED_VS_OPEN_OR_COMMUNAL	(FAMILY_2GRAM:QA)_OR_(FAMILY_SUFFIX_3:JBA)	JOINT_DEPTH2		LIKELY_PAGE_CONFOUND	29	16	13	19	8	11	-0.34615384615384615	present=19	-0.33333333333333337	1	0.029474240423218733	-4.941083844033763	-12.786573894978137	10	1.0	1.0	1.0	1.0	5	1.0	0	1.0	f77r:0.000000:0;f77v:0.000000:0;f80r:0.000000:0;f82r:0.000000:0;f82v:-0.333333:1;f83r:0.000000:0;f83v:0.000000:0	f77r:-0.333333:1;f77v:-0.333333:1;f80r:-0.333333:1;f82r:-0.333333:1;f82v:0.000000:0;f83r:-0.333333:1;f83v:-0.333333:1	f77:-0.333333:1;f80:-0.333333:1;f82:0.000000:0;f83:-0.333333:1	1	1		NOT_EVALUATED_POSTSELECTED_JOINT	NO_UNCERTAIN_ROWS	ONE_INFORMATIVE_ARRAY;POSTSELECTED_COMBINATION;EDITION_ROBUSTNESS_NOT_EVALUATED	Postselected depth-2 exploratory combination.	128
BFE_ENCLOSURE	4388228300c4	INDIVIDUAL_BOUNDED_VS_OPEN_OR_COMMUNAL	(FAMILY_2GRAM:QA)_OR_(FAMILY_SUFFIX_3:KBA)	JOINT_DEPTH2		LIKELY_PAGE_CONFOUND	29	16	13	21	9	12	-0.36057692307692313	present=21	-0.33333333333333337	1	0.029474240423218733	-3.9817258285311112	-11.827215879475485	10	1.0	1.0	1.0	1.0	5	1.0	0	1.0	f77r:0.000000:0;f77v:0.000000:0;f80r:0.000000:0;f82r:0.000000:0;f82v:-0.333333:1;f83r:0.000000:0;f83v:0.000000:0	f77r:-0.333333:1;f77v:-0.333333:1;f80r:-0.333333:1;f82r:-0.333333:1;f82v:0.000000:0;f83r:-0.333333:1;f83v:-0.333333:1	f77:-0.333333:1;f80:-0.333333:1;f82:0.000000:0;f83:-0.333333:1	1	1		NOT_EVALUATED_POSTSELECTED_JOINT	NO_UNCERTAIN_ROWS	ONE_INFORMATIVE_ARRAY;POSTSELECTED_COMBINATION;EDITION_ROBUSTNESS_NOT_EVALUATED	Postselected depth-2 exploratory combination.	129
BFE_ENCLOSURE	cfb5b6fcc711	INDIVIDUAL_BOUNDED_VS_OPEN_OR_COMMUNAL	(FAMILY_2GRAM:QA)_OR_(MEMBER_TOKEN_ZL3b:B1)	JOINT_DEPTH2		LIKELY_PAGE_CONFOUND	29	16	13	26	13	13	-0.1875	present=26	0.0	1	0.0	-2.1292830169449672	-9.974773067889341	10	1.0	1.0	1.0	1.0	5	1.0	0	1.0	f77r:0.000000:0;f77v:0.000000:0;f80r:0.000000:0;f82r:0.000000:0;f82v:0.000000:1;f83r:0.000000:0;f83v:0.000000:0	f77r:0.000000:1;f77v:0.000000:1;f80r:0.000000:1;f82r:0.000000:1;f82v:0.000000:0;f83r:0.000000:1;f83v:0.000000:1	f77:0.000000:1;f80:0.000000:1;f82:0.000000:0;f83:0.000000:1	1	1		NOT_EVALUATED_POSTSELECTED_JOINT	NO_UNCERTAIN_ROWS	ONE_INFORMATIVE_ARRAY;POSTSELECTED_COMBINATION;EDITION_ROBUSTNESS_NOT_EVALUATED	Postselected depth-2 exploratory combination.	130
BFE_ENCLOSURE	08ab14e15c8f	INDIVIDUAL_BOUNDED_VS_OPEN_OR_COMMUNAL	(FAMILY_2GRAM:QA)_OR_(MEMBER_TOKEN_ZL3b:Q1)	JOINT_DEPTH2		LIKELY_PAGE_CONFOUND	29	16	13	19	8	11	-0.34615384615384615	present=19	-0.33333333333333337	1	0.029474240423218733	-4.637077657143671	-12.482567708088045	10	1.0	1.0	1.0	1.0	5	1.0	0	1.0	f77r:0.000000:0;f77v:0.000000:0;f80r:0.000000:0;f82r:0.000000:0;f82v:-0.333333:1;f83r:0.000000:0;f83v:0.000000:0	f77r:-0.333333:1;f77v:-0.333333:1;f80r:-0.333333:1;f82r:-0.333333:1;f82v:0.000000:0;f83r:-0.333333:1;f83v:-0.333333:1	f77:-0.333333:1;f80:-0.333333:1;f82:0.000000:0;f83:-0.333333:1	1	1		NOT_EVALUATED_POSTSELECTED_JOINT	NO_UNCERTAIN_ROWS	ONE_INFORMATIVE_ARRAY;POSTSELECTED_COMBINATION;EDITION_ROBUSTNESS_NOT_EVALUATED	Postselected depth-2 exploratory combination.	131
BFE_ENCLOSURE	8d6a7aabc615	INDIVIDUAL_BOUNDED_VS_OPEN_OR_COMMUNAL	(FAMILY_2GRAM:QA)_OR_(SYMBOL_COUNT_GE:6)	JOINT_DEPTH2		LIKELY_PAGE_CONFOUND	29	16	13	23	12	11	-0.09615384615384615	present=23	-0.33333333333333337	1	0.029474240423218733	-3.9001120629774704	-11.745602113921844	10	1.0	1.0	1.0	1.0	5	1.0	0	1.0	f77r:0.000000:0;f77v:0.000000:0;f80r:0.000000:0;f82r:0.000000:0;f82v:-0.333333:1;f83r:0.000000:0;f83v:0.000000:0	f77r:-0.333333:1;f77v:-0.333333:1;f80r:-0.333333:1;f82r:-0.333333:1;f82v:0.000000:0;f83r:-0.333333:1;f83v:-0.333333:1	f77:-0.333333:1;f80:-0.333333:1;f82:0.000000:0;f83:-0.333333:1	1	1		NOT_EVALUATED_POSTSELECTED_JOINT	NO_UNCERTAIN_ROWS	ONE_INFORMATIVE_ARRAY;POSTSELECTED_COMBINATION;EDITION_ROBUSTNESS_NOT_EVALUATED	Postselected depth-2 exploratory combination.	132
BFE_ENCLOSURE	0dfc606ac846	INDIVIDUAL_BOUNDED_VS_OPEN_OR_COMMUNAL	(FAMILY_3GRAM:BQA)_OR_(FAMILY_1GRAM:J)	JOINT_DEPTH2		LIKELY_PAGE_CONFOUND	29	16	13	7	3	4	-0.12019230769230771	present=7	-0.16666666666666669	1	0.003443636900340514	-3.981725828531115	-11.827215879475489	10	1.0	1.0	1.0	1.0	5	1.0	0	1.0	f77r:0.000000:0;f77v:0.000000:0;f80r:0.000000:0;f82r:0.000000:0;f82v:-0.166667:1;f83r:0.000000:0;f83v:0.000000:0	f77r:-0.166667:1;f77v:-0.166667:1;f80r:-0.166667:1;f82r:-0.166667:1;f82v:0.000000:0;f83r:-0.166667:1;f83v:-0.166667:1	f77:-0.166667:1;f80:-0.166667:1;f82:0.000000:0;f83:-0.166667:1	1	1		NOT_EVALUATED_POSTSELECTED_JOINT	NO_UNCERTAIN_ROWS	ONE_INFORMATIVE_ARRAY;POSTSELECTED_COMBINATION;EDITION_ROBUSTNESS_NOT_EVALUATED	Postselected depth-2 exploratory combination.	133
BFE_ENCLOSURE	60ec0c149289	INDIVIDUAL_BOUNDED_VS_OPEN_OR_COMMUNAL	(FAMILY_3GRAM:BQA)_OR_(FAMILY_SUFFIX_2:KA)	JOINT_DEPTH2		LIKELY_PAGE_CONFOUND	29	16	13	5	2	3	-0.10576923076923078	present=5	-0.16666666666666669	1	0.003443636900340514	-3.0927571409198613	-10.938247191864235	10	1.0	1.0	1.0	1.0	5	1.0	0	1.0	f77r:0.000000:0;f77v:0.000000:0;f80r:0.000000:0;f82r:0.000000:0;f82v:-0.166667:1;f83r:0.000000:0;f83v:0.000000:0	f77r:-0.166667:1;f77v:-0.166667:1;f80r:-0.166667:1;f82r:-0.166667:1;f82v:0.000000:0;f83r:-0.166667:1;f83v:-0.166667:1	f77:-0.166667:1;f80:-0.166667:1;f82:0.000000:0;f83:-0.166667:1	1	1		NOT_EVALUATED_POSTSELECTED_JOINT	NO_UNCERTAIN_ROWS	ONE_INFORMATIVE_ARRAY;POSTSELECTED_COMBINATION;EDITION_ROBUSTNESS_NOT_EVALUATED;POSSIBLE_LENGTH_CONFOUND	Postselected depth-2 exploratory combination.	134
BFE_ENCLOSURE	a875576a27a6	INDIVIDUAL_BOUNDED_VS_OPEN_OR_COMMUNAL	(FAMILY_3GRAM:BQA)_OR_(FAMILY_SUFFIX_3:JBA)	JOINT_DEPTH2		LIKELY_PAGE_CONFOUND	29	16	13	6	2	4	-0.1826923076923077	present=6	-0.16666666666666669	1	0.003443636900340514	-3.244760234364911	-11.090250285309285	10	1.0	1.0	1.0	1.0	5	1.0	0	1.0	f77r:0.000000:0;f77v:0.000000:0;f80r:0.000000:0;f82r:0.000000:0;f82v:-0.166667:1;f83r:0.000000:0;f83v:0.000000:0	f77r:-0.166667:1;f77v:-0.166667:1;f80r:-0.166667:1;f82r:-0.166667:1;f82v:0.000000:0;f83r:-0.166667:1;f83v:-0.166667:1	f77:-0.166667:1;f80:-0.166667:1;f82:0.000000:0;f83:-0.166667:1	1	1		NOT_EVALUATED_POSTSELECTED_JOINT	NO_UNCERTAIN_ROWS	ONE_INFORMATIVE_ARRAY;POSTSELECTED_COMBINATION;EDITION_ROBUSTNESS_NOT_EVALUATED	Postselected depth-2 exploratory combination.	135
BFE_ENCLOSURE	3f411caf2351	INDIVIDUAL_BOUNDED_VS_OPEN_OR_COMMUNAL	(FAMILY_3GRAM:BQA)_OR_(FAMILY_SUFFIX_3:KBA)	JOINT_DEPTH2		LIKELY_PAGE_CONFOUND	29	16	13	7	3	4	-0.12019230769230771	present=7	-0.16666666666666669	1	0.003443636900340514	-4.052115156422516	-11.89760520736689	10	1.0	1.0	1.0	1.0	5	1.0	0	1.0	f77r:0.000000:0;f77v:0.000000:0;f80r:0.000000:0;f82r:0.000000:0;f82v:-0.166667:1;f83r:0.000000:0;f83v:0.000000:0	f77r:-0.166667:1;f77v:-0.166667:1;f80r:-0.166667:1;f82r:-0.166667:1;f82v:0.000000:0;f83r:-0.166667:1;f83v:-0.166667:1	f77:-0.166667:1;f80:-0.166667:1;f82:0.000000:0;f83:-0.166667:1	1	1		NOT_EVALUATED_POSTSELECTED_JOINT	NO_UNCERTAIN_ROWS	ONE_INFORMATIVE_ARRAY;POSTSELECTED_COMBINATION;EDITION_ROBUSTNESS_NOT_EVALUATED	Postselected depth-2 exploratory combination.	136
BFE_ENCLOSURE	bd3ffb069449	INDIVIDUAL_BOUNDED_VS_OPEN_OR_COMMUNAL	(FAMILY_SUFFIX_1:A)_AND_(FAMILY_2GRAM:QA)	JOINT_DEPTH2		LIKELY_PAGE_CONFOUND	29	16	13	10	4	6	-0.21153846153846156	present=10	0.3333333333333333	1	0.029474240423218733	-4.604656179451286	-12.45014623039566	10	1.0	1.0	1.0	1.0	5	1.0	0	1.0	f77r:0.000000:0;f77v:0.000000:0;f80r:0.000000:0;f82r:0.000000:0;f82v:0.333333:1;f83r:0.000000:0;f83v:0.000000:0	f77r:0.333333:1;f77v:0.333333:1;f80r:0.333333:1;f82r:0.333333:1;f82v:0.000000:0;f83r:0.333333:1;f83v:0.333333:1	f77:0.333333:1;f80:0.333333:1;f82:0.000000:0;f83:0.333333:1	1	1		NOT_EVALUATED_POSTSELECTED_JOINT	NO_UNCERTAIN_ROWS	ONE_INFORMATIVE_ARRAY;POSTSELECTED_COMBINATION;EDITION_ROBUSTNESS_NOT_EVALUATED	Postselected depth-2 exploratory combination.	137
BFE_ENCLOSURE	1f686d2bac33	INDIVIDUAL_BOUNDED_VS_OPEN_OR_COMMUNAL	(FAMILY_SUFFIX_1:A)_OR_(FAMILY_2GRAM:QA)	JOINT_DEPTH2		LIKELY_PAGE_CONFOUND	29	16	13	24	12	12	-0.17307692307692313	present=24	0.0	1	0.0	-3.0223678130284632	-10.867857863972837	10	1.0	1.0	1.0	1.0	5	1.0	0	1.0	f77r:0.000000:0;f77v:0.000000:0;f80r:0.000000:0;f82r:0.000000:0;f82v:0.000000:1;f83r:0.000000:0;f83v:0.000000:0	f77r:0.000000:1;f77v:0.000000:1;f80r:0.000000:1;f82r:0.000000:1;f82v:0.000000:0;f83r:0.000000:1;f83v:0.000000:1	f77:0.000000:1;f80:0.000000:1;f82:0.000000:0;f83:0.000000:1	1	1		NOT_EVALUATED_POSTSELECTED_JOINT	NO_UNCERTAIN_ROWS	ONE_INFORMATIVE_ARRAY;POSTSELECTED_COMBINATION;EDITION_ROBUSTNESS_NOT_EVALUATED	Postselected depth-2 exploratory combination.	138
BFE_ENCLOSURE	0b2b8af40101	INDIVIDUAL_BOUNDED_VS_OPEN_OR_COMMUNAL	(FAMILY_SUFFIX_1:A)_OR_(MEMBER_TOKEN_ZL3b:Q1)	JOINT_DEPTH2		LIKELY_PAGE_CONFOUND	29	16	13	23	11	12	-0.23557692307692313	present=23	0.0	1	0.0	-2.4374053123073054	-10.28289536325168	10	1.0	1.0	1.0	1.0	5	1.0	0	1.0	f77r:0.000000:0;f77v:0.000000:0;f80r:0.000000:0;f82r:0.000000:0;f82v:0.000000:1;f83r:0.000000:0;f83v:0.000000:0	f77r:0.000000:1;f77v:0.000000:1;f80r:0.000000:1;f82r:0.000000:1;f82v:0.000000:0;f83r:0.000000:1;f83v:0.000000:1	f77:0.000000:1;f80:0.000000:1;f82:0.000000:0;f83:0.000000:1	1	1		NOT_EVALUATED_POSTSELECTED_JOINT	NO_UNCERTAIN_ROWS	ONE_INFORMATIVE_ARRAY;POSTSELECTED_COMBINATION;EDITION_ROBUSTNESS_NOT_EVALUATED	Postselected depth-2 exploratory combination.	139
BFE_ENCLOSURE	4b5e313e9269	INDIVIDUAL_BOUNDED_VS_OPEN_OR_COMMUNAL	(FAMILY_SUFFIX_1:B)_OR_(FAMILY_SUFFIX_2:KA)	JOINT_DEPTH2		LIKELY_PAGE_CONFOUND	29	16	13	8	5	3	0.08173076923076922	present=8	-0.16666666666666669	1	0.003443636900340514	-3.8968369309445947	-11.742326981888969	10	1.0	1.0	1.0	1.0	5	1.0	0	1.0	f77r:0.000000:0;f77v:0.000000:0;f80r:0.000000:0;f82r:0.000000:0;f82v:-0.166667:1;f83r:0.000000:0;f83v:0.000000:0	f77r:-0.166667:1;f77v:-0.166667:1;f80r:-0.166667:1;f82r:-0.166667:1;f82v:0.000000:0;f83r:-0.166667:1;f83v:-0.166667:1	f77:-0.166667:1;f80:-0.166667:1;f82:0.000000:0;f83:-0.166667:1	1	1		NOT_EVALUATED_POSTSELECTED_JOINT	NO_UNCERTAIN_ROWS	ONE_INFORMATIVE_ARRAY;POSTSELECTED_COMBINATION;EDITION_ROBUSTNESS_NOT_EVALUATED;POSSIBLE_LENGTH_CONFOUND	Postselected depth-2 exploratory combination.	140
BFE_ENCLOSURE	565ea637feee	INDIVIDUAL_BOUNDED_VS_OPEN_OR_COMMUNAL	(FAMILY_SUFFIX_1:B)_OR_(FAMILY_SUFFIX_3:JBA)	JOINT_DEPTH2		LIKELY_PAGE_CONFOUND	29	16	13	9	5	4	0.004807692307692291	present=9	-0.16666666666666669	1	0.003443636900340514	-4.704191853002204	-12.549681903946578	10	1.0	1.0	1.0	1.0	5	1.0	0	1.0	f77r:0.000000:0;f77v:0.000000:0;f80r:0.000000:0;f82r:0.000000:0;f82v:-0.166667:1;f83r:0.000000:0;f83v:0.000000:0	f77r:-0.166667:1;f77v:-0.166667:1;f80r:-0.166667:1;f82r:-0.166667:1;f82v:0.000000:0;f83r:-0.166667:1;f83v:-0.166667:1	f77:-0.166667:1;f80:-0.166667:1;f82:0.000000:0;f83:-0.166667:1	1	1		NOT_EVALUATED_POSTSELECTED_JOINT	NO_UNCERTAIN_ROWS	ONE_INFORMATIVE_ARRAY;POSTSELECTED_COMBINATION;EDITION_ROBUSTNESS_NOT_EVALUATED	Postselected depth-2 exploratory combination.	141
BFE_ENCLOSURE	bce6a318c367	INDIVIDUAL_BOUNDED_VS_OPEN_OR_COMMUNAL	(FAMILY_SUFFIX_1:B)_OR_(FAMILY_SUFFIX_3:KBA)	JOINT_DEPTH2		LIKELY_PAGE_CONFOUND	29	16	13	10	6	4	0.06730769230769229	present=10	-0.16666666666666669	1	0.003443636900340514	-5.511546775059809	-13.357036826004183	10	1.0	1.0	1.0	1.0	5	1.0	0	1.0	f77r:0.000000:0;f77v:0.000000:0;f80r:0.000000:0;f82r:0.000000:0;f82v:-0.166667:1;f83r:0.000000:0;f83v:0.000000:0	f77r:-0.166667:1;f77v:-0.166667:1;f80r:-0.166667:1;f82r:-0.166667:1;f82v:0.000000:0;f83r:-0.166667:1;f83v:-0.166667:1	f77:-0.166667:1;f80:-0.166667:1;f82:0.000000:0;f83:-0.166667:1	1	1		NOT_EVALUATED_POSTSELECTED_JOINT	NO_UNCERTAIN_ROWS	ONE_INFORMATIVE_ARRAY;POSTSELECTED_COMBINATION;EDITION_ROBUSTNESS_NOT_EVALUATED	Postselected depth-2 exploratory combination.	142
BFE_ENCLOSURE	8546b6c8d0ea	INDIVIDUAL_BOUNDED_VS_OPEN_OR_COMMUNAL	(FAMILY_SUFFIX_1:B)_OR_(MEMBER_TOKEN_ZL3b:Q1)	JOINT_DEPTH2		LIKELY_PAGE_CONFOUND	29	16	13	20	9	11	-0.28365384615384615	present=20	-0.33333333333333337	1	0.029474240423218733	-2.351675438281415	-10.197165489225789	10	1.0	1.0	1.0	1.0	5	1.0	0	1.0	f77r:0.000000:0;f77v:0.000000:0;f80r:0.000000:0;f82r:0.000000:0;f82v:-0.333333:1;f83r:0.000000:0;f83v:0.000000:0	f77r:-0.333333:1;f77v:-0.333333:1;f80r:-0.333333:1;f82r:-0.333333:1;f82v:0.000000:0;f83r:-0.333333:1;f83v:-0.333333:1	f77:-0.333333:1;f80:-0.333333:1;f82:0.000000:0;f83:-0.333333:1	1	1		NOT_EVALUATED_POSTSELECTED_JOINT	NO_UNCERTAIN_ROWS	ONE_INFORMATIVE_ARRAY;POSTSELECTED_COMBINATION;EDITION_ROBUSTNESS_NOT_EVALUATED	Postselected depth-2 exploratory combination.	143
BFE_ENCLOSURE	b7c7717a5b47	INDIVIDUAL_BOUNDED_VS_OPEN_OR_COMMUNAL	(FAMILY_SUFFIX_2:BA)_AND_(MEMBER_TOKEN_ZL3b:Q1)	JOINT_DEPTH2		LIKELY_PAGE_CONFOUND	29	16	13	6	3	3	-0.04326923076923078	present=6	0.3333333333333333	1	0.029474240423218733	-2.837943241891022	-10.683433292835396	10	1.0	1.0	1.0	1.0	5	1.0	0	1.0	f77r:0.000000:0;f77v:0.000000:0;f80r:0.000000:0;f82r:0.000000:0;f82v:0.333333:1;f83r:0.000000:0;f83v:0.000000:0	f77r:0.333333:1;f77v:0.333333:1;f80r:0.333333:1;f82r:0.333333:1;f82v:0.000000:0;f83r:0.333333:1;f83v:0.333333:1	f77:0.333333:1;f80:0.333333:1;f82:0.000000:0;f83:0.333333:1	1	1		NOT_EVALUATED_POSTSELECTED_JOINT	NO_UNCERTAIN_ROWS	ONE_INFORMATIVE_ARRAY;POSTSELECTED_COMBINATION;EDITION_ROBUSTNESS_NOT_EVALUATED	Postselected depth-2 exploratory combination.	144
BFE_ENCLOSURE	4ded04550580	INDIVIDUAL_BOUNDED_VS_OPEN_OR_COMMUNAL	(FAMILY_SUFFIX_2:BA)_AND_(SYMBOL_COUNT_GE:6)	JOINT_DEPTH2		LIKELY_PAGE_CONFOUND	29	16	13	6	2	4	-0.1826923076923077	present=6	0.3333333333333333	1	0.029474240423218733	-2.908332569782427	-10.753822620726801	10	1.0	1.0	1.0	1.0	5	1.0	0	1.0	f77r:0.000000:0;f77v:0.000000:0;f80r:0.000000:0;f82r:0.000000:0;f82v:0.333333:1;f83r:0.000000:0;f83v:0.000000:0	f77r:0.333333:1;f77v:0.333333:1;f80r:0.333333:1;f82r:0.333333:1;f82v:0.000000:0;f83r:0.333333:1;f83v:0.333333:1	f77:0.333333:1;f80:0.333333:1;f82:0.000000:0;f83:0.333333:1	1	1		NOT_EVALUATED_POSTSELECTED_JOINT	NO_UNCERTAIN_ROWS	ONE_INFORMATIVE_ARRAY;POSTSELECTED_COMBINATION;EDITION_ROBUSTNESS_NOT_EVALUATED;POSSIBLE_LENGTH_CONFOUND	Postselected depth-2 exploratory combination.	145
BFE_ENCLOSURE	ab9619f143ae	INDIVIDUAL_BOUNDED_VS_OPEN_OR_COMMUNAL	(FAMILY_SUFFIX_2:BA)_OR_(FAMILY_1GRAM:F)	JOINT_DEPTH2		LIKELY_PAGE_CONFOUND	29	16	13	12	6	6	-0.08653846153846156	present=12	0.16666666666666663	1	0.003443636900340514	-5.34162177361749	-13.187111824561864	10	1.0	1.0	1.0	1.0	5	1.0	0	1.0	f77r:0.000000:0;f77v:0.000000:0;f80r:0.000000:0;f82r:0.000000:0;f82v:0.166667:1;f83r:0.000000:0;f83v:0.000000:0	f77r:0.166667:1;f77v:0.166667:1;f80r:0.166667:1;f82r:0.166667:1;f82v:0.000000:0;f83r:0.166667:1;f83v:0.166667:1	f77:0.166667:1;f80:0.166667:1;f82:0.000000:0;f83:0.166667:1	1	1		NOT_EVALUATED_POSTSELECTED_JOINT	NO_UNCERTAIN_ROWS	ONE_INFORMATIVE_ARRAY;POSTSELECTED_COMBINATION;EDITION_ROBUSTNESS_NOT_EVALUATED	Postselected depth-2 exploratory combination.	146
BFE_ENCLOSURE	c67eed0a7c69	INDIVIDUAL_BOUNDED_VS_OPEN_OR_COMMUNAL	(FAMILY_SUFFIX_2:BA)_OR_(FAMILY_3GRAM:BQA)	JOINT_DEPTH2		LIKELY_PAGE_CONFOUND	29	16	13	14	6	8	-0.24038461538461542	present=14	0.16666666666666663	1	0.003443636900340514	-5.189618680172444	-13.035108731116818	10	1.0	1.0	1.0	1.0	5	1.0	0	1.0	f77r:0.000000:0;f77v:0.000000:0;f80r:0.000000:0;f82r:0.000000:0;f82v:0.166667:1;f83r:0.000000:0;f83v:0.000000:0	f77r:0.166667:1;f77v:0.166667:1;f80r:0.166667:1;f82r:0.166667:1;f82v:0.000000:0;f83r:0.166667:1;f83v:0.166667:1	f77:0.166667:1;f80:0.166667:1;f82:0.000000:0;f83:0.166667:1	1	1		NOT_EVALUATED_POSTSELECTED_JOINT	NO_UNCERTAIN_ROWS	ONE_INFORMATIVE_ARRAY;POSTSELECTED_COMBINATION;EDITION_ROBUSTNESS_NOT_EVALUATED	Postselected depth-2 exploratory combination.	147
BFE_ENCLOSURE	5e5369c2c62a	INDIVIDUAL_BOUNDED_VS_OPEN_OR_COMMUNAL	(FAMILY_SUFFIX_2:BA)_OR_(FAMILY_SUFFIX_1:B)	JOINT_DEPTH2		LIKELY_PAGE_CONFOUND	29	16	13	17	9	8	-0.05288461538461542	present=17	0.16666666666666663	1	0.003443636900340514	-5.0785873677836975	-12.924077418728071	10	1.0	1.0	1.0	1.0	5	1.0	0	1.0	f77r:0.000000:0;f77v:0.000000:0;f80r:0.000000:0;f82r:0.000000:0;f82v:0.166667:1;f83r:0.000000:0;f83v:0.000000:0	f77r:0.166667:1;f77v:0.166667:1;f80r:0.166667:1;f82r:0.166667:1;f82v:0.000000:0;f83r:0.166667:1;f83v:0.166667:1	f77:0.166667:1;f80:0.166667:1;f82:0.000000:0;f83:0.166667:1	1	1		NOT_EVALUATED_POSTSELECTED_JOINT	NO_UNCERTAIN_ROWS	ONE_INFORMATIVE_ARRAY;POSTSELECTED_COMBINATION;EDITION_ROBUSTNESS_NOT_EVALUATED	Postselected depth-2 exploratory combination.	148
BFE_ENCLOSURE	89d539e9fb04	INDIVIDUAL_BOUNDED_VS_OPEN_OR_COMMUNAL	(FAMILY_SUFFIX_2:BA)_OR_(FAMILY_SUFFIX_3:QAB)	JOINT_DEPTH2		LIKELY_PAGE_CONFOUND	29	16	13	13	6	7	-0.16346153846153844	present=13	0.16666666666666663	1	0.003443636900340514	-5.34162177361749	-13.187111824561864	10	1.0	1.0	1.0	1.0	5	1.0	0	1.0	f77r:0.000000:0;f77v:0.000000:0;f80r:0.000000:0;f82r:0.000000:0;f82v:0.166667:1;f83r:0.000000:0;f83v:0.000000:0	f77r:0.166667:1;f77v:0.166667:1;f80r:0.166667:1;f82r:0.166667:1;f82v:0.000000:0;f83r:0.166667:1;f83v:0.166667:1	f77:0.166667:1;f80:0.166667:1;f82:0.000000:0;f83:0.166667:1	1	1		NOT_EVALUATED_POSTSELECTED_JOINT	NO_UNCERTAIN_ROWS	ONE_INFORMATIVE_ARRAY;POSTSELECTED_COMBINATION;EDITION_ROBUSTNESS_NOT_EVALUATED	Postselected depth-2 exploratory combination.	149
BFE_ENCLOSURE	74dd7caa197e	INDIVIDUAL_BOUNDED_VS_OPEN_OR_COMMUNAL	(FAMILY_SUFFIX_2:BA)_OR_(MEMBER_TOKEN_ZL3b:Q1)	JOINT_DEPTH2		LIKELY_PAGE_CONFOUND	29	16	13	21	9	12	-0.36057692307692313	present=21	0.0	1	0.0	-3.396763327809957	-11.24225337875433	10	1.0	1.0	1.0	1.0	5	1.0	0	1.0	f77r:0.000000:0;f77v:0.000000:0;f80r:0.000000:0;f82r:0.000000:0;f82v:0.000000:1;f83r:0.000000:0;f83v:0.000000:0	f77r:0.000000:1;f77v:0.000000:1;f80r:0.000000:1;f82r:0.000000:1;f82v:0.000000:0;f83r:0.000000:1;f83v:0.000000:1	f77:0.000000:1;f80:0.000000:1;f82:0.000000:0;f83:0.000000:1	1	1		NOT_EVALUATED_POSTSELECTED_JOINT	NO_UNCERTAIN_ROWS	ONE_INFORMATIVE_ARRAY;POSTSELECTED_COMBINATION;EDITION_ROBUSTNESS_NOT_EVALUATED	Postselected depth-2 exploratory combination.	150
BFE_ENCLOSURE	5df93c64a996	INDIVIDUAL_BOUNDED_VS_OPEN_OR_COMMUNAL	(FAMILY_SUFFIX_3:QAB)_OR_(FAMILY_1GRAM:J)	JOINT_DEPTH2		LIKELY_PAGE_CONFOUND	29	16	13	6	3	3	-0.04326923076923078	present=6	-0.16666666666666669	1	0.003443636900340514	-3.8297227350860688	-11.675212786030443	10	1.0	1.0	1.0	1.0	5	1.0	0	1.0	f77r:0.000000:0;f77v:0.000000:0;f80r:0.000000:0;f82r:0.000000:0;f82v:-0.166667:1;f83r:0.000000:0;f83v:0.000000:0	f77r:-0.166667:1;f77v:-0.166667:1;f80r:-0.166667:1;f82r:-0.166667:1;f82v:0.000000:0;f83r:-0.166667:1;f83v:-0.166667:1	f77:-0.166667:1;f80:-0.166667:1;f82:0.000000:0;f83:-0.166667:1	1	1		NOT_EVALUATED_POSTSELECTED_JOINT	NO_UNCERTAIN_ROWS	ONE_INFORMATIVE_ARRAY;POSTSELECTED_COMBINATION;EDITION_ROBUSTNESS_NOT_EVALUATED	Postselected depth-2 exploratory combination.	151
BFE_ENCLOSURE	64ef270ea0a1	INDIVIDUAL_BOUNDED_VS_OPEN_OR_COMMUNAL	(FAMILY_SUFFIX_3:QAB)_OR_(FAMILY_SUFFIX_2:KA)	JOINT_DEPTH2		LIKELY_PAGE_CONFOUND	29	16	13	4	2	2	-0.028846153846153855	present=4	-0.16666666666666669	1	0.003443636900340514	-2.2854022188622523	-10.130892269806626	10	1.0	1.0	1.0	1.0	5	1.0	0	1.0	f77r:0.000000:0;f77v:0.000000:0;f80r:0.000000:0;f82r:0.000000:0;f82v:-0.166667:1;f83r:0.000000:0;f83v:0.000000:0	f77r:-0.166667:1;f77v:-0.166667:1;f80r:-0.166667:1;f82r:-0.166667:1;f82v:0.000000:0;f83r:-0.166667:1;f83v:-0.166667:1	f77:-0.166667:1;f80:-0.166667:1;f82:0.000000:0;f83:-0.166667:1	1	1		NOT_EVALUATED_POSTSELECTED_JOINT	NO_UNCERTAIN_ROWS	ONE_INFORMATIVE_ARRAY;POSTSELECTED_COMBINATION;EDITION_ROBUSTNESS_NOT_EVALUATED;POSSIBLE_LENGTH_CONFOUND	Postselected depth-2 exploratory combination.	152
BFE_ENCLOSURE	f6f36b057d42	INDIVIDUAL_BOUNDED_VS_OPEN_OR_COMMUNAL	(FAMILY_SUFFIX_3:QAB)_OR_(FAMILY_SUFFIX_3:JBA)	JOINT_DEPTH2		LIKELY_PAGE_CONFOUND	29	16	13	5	2	3	-0.10576923076923078	present=5	-0.16666666666666669	1	0.003443636900340514	-3.092757140919865	-10.938247191864239	10	1.0	1.0	1.0	1.0	5	1.0	0	1.0	f77r:0.000000:0;f77v:0.000000:0;f80r:0.000000:0;f82r:0.000000:0;f82v:-0.166667:1;f83r:0.000000:0;f83v:0.000000:0	f77r:-0.166667:1;f77v:-0.166667:1;f80r:-0.166667:1;f82r:-0.166667:1;f82v:0.000000:0;f83r:-0.166667:1;f83v:-0.166667:1	f77:-0.166667:1;f80:-0.166667:1;f82:0.000000:0;f83:-0.166667:1	1	1		NOT_EVALUATED_POSTSELECTED_JOINT	NO_UNCERTAIN_ROWS	ONE_INFORMATIVE_ARRAY;POSTSELECTED_COMBINATION;EDITION_ROBUSTNESS_NOT_EVALUATED	Postselected depth-2 exploratory combination.	153
BFE_ENCLOSURE	7f747183d485	INDIVIDUAL_BOUNDED_VS_OPEN_OR_COMMUNAL	(FAMILY_SUFFIX_3:QAB)_OR_(FAMILY_SUFFIX_3:KBA)	JOINT_DEPTH2		LIKELY_PAGE_CONFOUND	29	16	13	6	3	3	-0.04326923076923078	present=6	-0.16666666666666669	1	0.003443636900340514	-3.9001120629774704	-11.745602113921844	10	1.0	1.0	1.0	1.0	5	1.0	0	1.0	f77r:0.000000:0;f77v:0.000000:0;f80r:0.000000:0;f82r:0.000000:0;f82v:-0.166667:1;f83r:0.000000:0;f83v:0.000000:0	f77r:-0.166667:1;f77v:-0.166667:1;f80r:-0.166667:1;f82r:-0.166667:1;f82v:0.000000:0;f83r:-0.166667:1;f83v:-0.166667:1	f77:-0.166667:1;f80:-0.166667:1;f82:0.000000:0;f83:-0.166667:1	1	1		NOT_EVALUATED_POSTSELECTED_JOINT	NO_UNCERTAIN_ROWS	ONE_INFORMATIVE_ARRAY;POSTSELECTED_COMBINATION;EDITION_ROBUSTNESS_NOT_EVALUATED	Postselected depth-2 exploratory combination.	154
BFE_ENCLOSURE	d92fe2f96475	INDIVIDUAL_BOUNDED_VS_OPEN_OR_COMMUNAL	(MEMBER_TOKEN_RF1b:A2)_AND_(FAMILY_SUFFIX_3:KBA)	JOINT_DEPTH2		LIKELY_PAGE_CONFOUND	29	16	13	3	2	1	0.04807692307692307	present=3	0.3333333333333333	1	0.029474240423218733	-1.614709844115211	-9.460199895059585	10	1.0	1.0	1.0	1.0	5	1.0	0	1.0	f77r:0.000000:0;f77v:0.000000:0;f80r:0.000000:0;f82r:0.000000:0;f82v:0.333333:1;f83r:0.000000:0;f83v:0.000000:0	f77r:0.333333:1;f77v:0.333333:1;f80r:0.333333:1;f82r:0.333333:1;f82v:0.000000:0;f83r:0.333333:1;f83v:0.333333:1	f77:0.333333:1;f80:0.333333:1;f82:0.000000:0;f83:0.333333:1	1	1		NOT_EVALUATED_POSTSELECTED_JOINT	NO_UNCERTAIN_ROWS	ONE_INFORMATIVE_ARRAY;POSTSELECTED_COMBINATION;EDITION_ROBUSTNESS_NOT_EVALUATED	Postselected depth-2 exploratory combination.	155
BFE_ENCLOSURE	5a126f57f57f	INDIVIDUAL_BOUNDED_VS_OPEN_OR_COMMUNAL	(MEMBER_TOKEN_RF1b:A2)_OR_(FAMILY_2GRAM:QA)	JOINT_DEPTH2		LIKELY_PAGE_CONFOUND	29	16	13	23	11	12	-0.23557692307692313	present=23	0.0	1	0.0	-3.8297227350860688	-11.675212786030443	10	1.0	1.0	1.0	1.0	5	1.0	0	1.0	f77r:0.000000:0;f77v:0.000000:0;f80r:0.000000:0;f82r:0.000000:0;f82v:0.000000:1;f83r:0.000000:0;f83v:0.000000:0	f77r:0.000000:1;f77v:0.000000:1;f80r:0.000000:1;f82r:0.000000:1;f82v:0.000000:0;f83r:0.000000:1;f83v:0.000000:1	f77:0.000000:1;f80:0.000000:1;f82:0.000000:0;f83:0.000000:1	1	1		NOT_EVALUATED_POSTSELECTED_JOINT	NO_UNCERTAIN_ROWS	ONE_INFORMATIVE_ARRAY;POSTSELECTED_COMBINATION;EDITION_ROBUSTNESS_NOT_EVALUATED	Postselected depth-2 exploratory combination.	156
BFE_ENCLOSURE	990e62a4e10b	INDIVIDUAL_BOUNDED_VS_OPEN_OR_COMMUNAL	(MEMBER_TOKEN_ZL3b:A2)_AND_(FAMILY_2GRAM:QA)	JOINT_DEPTH2		LIKELY_PAGE_CONFOUND	29	16	13	8	2	6	-0.33653846153846156	present=8	0.3333333333333333	1	0.029474240423218733	-3.060335663227473	-10.905825714171847	10	1.0	1.0	1.0	1.0	5	1.0	0	1.0	f77r:0.000000:0;f77v:0.000000:0;f80r:0.000000:0;f82r:0.000000:0;f82v:0.333333:1;f83r:0.000000:0;f83v:0.000000:0	f77r:0.333333:1;f77v:0.333333:1;f80r:0.333333:1;f82r:0.333333:1;f82v:0.000000:0;f83r:0.333333:1;f83v:0.333333:1	f77:0.333333:1;f80:0.333333:1;f82:0.000000:0;f83:0.333333:1	1	1		NOT_EVALUATED_POSTSELECTED_JOINT	NO_UNCERTAIN_ROWS	ONE_INFORMATIVE_ARRAY;POSTSELECTED_COMBINATION;EDITION_ROBUSTNESS_NOT_EVALUATED;POSSIBLE_LENGTH_CONFOUND	Postselected depth-2 exploratory combination.	157
BFE_ENCLOSURE	f5445ce5b592	INDIVIDUAL_BOUNDED_VS_OPEN_OR_COMMUNAL	(MEMBER_TOKEN_ZL3b:A2)_OR_(MEMBER_TOKEN_ZL3b:Q1)	JOINT_DEPTH2		LIKELY_PAGE_CONFOUND	29	16	13	22	10	12	-0.29807692307692313	present=22	0.0	1	0.0	-2.5894084057523514	-10.434898456696725	10	1.0	1.0	1.0	1.0	5	1.0	0	1.0	f77r:0.000000:0;f77v:0.000000:0;f80r:0.000000:0;f82r:0.000000:0;f82v:0.000000:1;f83r:0.000000:0;f83v:0.000000:0	f77r:0.000000:1;f77v:0.000000:1;f80r:0.000000:1;f82r:0.000000:1;f82v:0.000000:0;f83r:0.000000:1;f83v:0.000000:1	f77:0.000000:1;f80:0.000000:1;f82:0.000000:0;f83:0.000000:1	1	1		NOT_EVALUATED_POSTSELECTED_JOINT	NO_UNCERTAIN_ROWS	ONE_INFORMATIVE_ARRAY;POSTSELECTED_COMBINATION;EDITION_ROBUSTNESS_NOT_EVALUATED	Postselected depth-2 exploratory combination.	158
BFE_ENCLOSURE	7bdcf5847adf	INDIVIDUAL_BOUNDED_VS_OPEN_OR_COMMUNAL	(MEMBER_TOKEN_ZL3b:B1)_AND_(MEMBER_TOKEN_ZL3b:Q1)	JOINT_DEPTH2		LIKELY_PAGE_CONFOUND	29	16	13	4	2	2	-0.028846153846153855	present=4	0.3333333333333333	1	0.029474240423218733	-1.9899463353360751	-9.835436386280449	10	1.0	1.0	1.0	1.0	5	1.0	0	1.0	f77r:0.000000:0;f77v:0.000000:0;f80r:0.000000:0;f82r:0.000000:0;f82v:0.333333:1;f83r:0.000000:0;f83v:0.000000:0	f77r:0.333333:1;f77v:0.333333:1;f80r:0.333333:1;f82r:0.333333:1;f82v:0.000000:0;f83r:0.333333:1;f83v:0.333333:1	f77:0.333333:1;f80:0.333333:1;f82:0.000000:0;f83:0.333333:1	1	1		NOT_EVALUATED_POSTSELECTED_JOINT	NO_UNCERTAIN_ROWS	ONE_INFORMATIVE_ARRAY;POSTSELECTED_COMBINATION;EDITION_ROBUSTNESS_NOT_EVALUATED	Postselected depth-2 exploratory combination.	159
BFE_ENCLOSURE	e75c90f4fd79	INDIVIDUAL_BOUNDED_VS_OPEN_OR_COMMUNAL	(MEMBER_TOKEN_ZL3b:B1)_OR_(FAMILY_1GRAM:F)	JOINT_DEPTH2		LIKELY_PAGE_CONFOUND	29	16	13	13	7	6	-0.024038461538461564	present=13	0.16666666666666663	1	0.003443636900340514	-5.189618680172444	-13.035108731116818	10	1.0	1.0	1.0	1.0	5	1.0	0	1.0	f77r:0.000000:0;f77v:0.000000:0;f80r:0.000000:0;f82r:0.000000:0;f82v:0.166667:1;f83r:0.000000:0;f83v:0.000000:0	f77r:0.166667:1;f77v:0.166667:1;f80r:0.166667:1;f82r:0.166667:1;f82v:0.000000:0;f83r:0.166667:1;f83v:0.166667:1	f77:0.166667:1;f80:0.166667:1;f82:0.000000:0;f83:0.166667:1	1	1		NOT_EVALUATED_POSTSELECTED_JOINT	NO_UNCERTAIN_ROWS	ONE_INFORMATIVE_ARRAY;POSTSELECTED_COMBINATION;EDITION_ROBUSTNESS_NOT_EVALUATED	Postselected depth-2 exploratory combination.	160
BFE_ENCLOSURE	2fd07559e0fd	INDIVIDUAL_BOUNDED_VS_OPEN_OR_COMMUNAL	(MEMBER_TOKEN_ZL3b:B1)_OR_(FAMILY_3GRAM:BQA)	JOINT_DEPTH2		LIKELY_PAGE_CONFOUND	29	16	13	15	7	8	-0.17788461538461542	present=15	0.16666666666666663	1	0.003443636900340514	-5.037615586727398	-12.883105637671772	10	1.0	1.0	1.0	1.0	5	1.0	0	1.0	f77r:0.000000:0;f77v:0.000000:0;f80r:0.000000:0;f82r:0.000000:0;f82v:0.166667:1;f83r:0.000000:0;f83v:0.000000:0	f77r:0.166667:1;f77v:0.166667:1;f80r:0.166667:1;f82r:0.166667:1;f82v:0.000000:0;f83r:0.166667:1;f83v:0.166667:1	f77:0.166667:1;f80:0.166667:1;f82:0.000000:0;f83:0.166667:1	1	1		NOT_EVALUATED_POSTSELECTED_JOINT	NO_UNCERTAIN_ROWS	ONE_INFORMATIVE_ARRAY;POSTSELECTED_COMBINATION;EDITION_ROBUSTNESS_NOT_EVALUATED	Postselected depth-2 exploratory combination.	161
BFE_ENCLOSURE	9a3c9f35ed24	INDIVIDUAL_BOUNDED_VS_OPEN_OR_COMMUNAL	(MEMBER_TOKEN_ZL3b:B1)_OR_(FAMILY_SUFFIX_1:B)	JOINT_DEPTH2		LIKELY_PAGE_CONFOUND	29	16	13	16	9	7	0.024038461538461564	present=16	0.16666666666666663	1	0.003443636900340514	-5.774581180893602	-13.620071231837976	10	1.0	1.0	1.0	1.0	5	1.0	0	1.0	f77r:0.000000:0;f77v:0.000000:0;f80r:0.000000:0;f82r:0.000000:0;f82v:0.166667:1;f83r:0.000000:0;f83v:0.000000:0	f77r:0.166667:1;f77v:0.166667:1;f80r:0.166667:1;f82r:0.166667:1;f82v:0.000000:0;f83r:0.166667:1;f83v:0.166667:1	f77:0.166667:1;f80:0.166667:1;f82:0.000000:0;f83:0.166667:1	1	1		NOT_EVALUATED_POSTSELECTED_JOINT	NO_UNCERTAIN_ROWS	ONE_INFORMATIVE_ARRAY;POSTSELECTED_COMBINATION;EDITION_ROBUSTNESS_NOT_EVALUATED	Postselected depth-2 exploratory combination.	162
BFE_ENCLOSURE	7f9158ed6954	INDIVIDUAL_BOUNDED_VS_OPEN_OR_COMMUNAL	(MEMBER_TOKEN_ZL3b:B1)_OR_(FAMILY_SUFFIX_3:QAB)	JOINT_DEPTH2		LIKELY_PAGE_CONFOUND	29	16	13	14	7	7	-0.10096153846153844	present=14	0.16666666666666663	1	0.003443636900340514	-5.189618680172444	-13.035108731116818	10	1.0	1.0	1.0	1.0	5	1.0	0	1.0	f77r:0.000000:0;f77v:0.000000:0;f80r:0.000000:0;f82r:0.000000:0;f82v:0.166667:1;f83r:0.000000:0;f83v:0.000000:0	f77r:0.166667:1;f77v:0.166667:1;f80r:0.166667:1;f82r:0.166667:1;f82v:0.000000:0;f83r:0.166667:1;f83v:0.166667:1	f77:0.166667:1;f80:0.166667:1;f82:0.000000:0;f83:0.166667:1	1	1		NOT_EVALUATED_POSTSELECTED_JOINT	NO_UNCERTAIN_ROWS	ONE_INFORMATIVE_ARRAY;POSTSELECTED_COMBINATION;EDITION_ROBUSTNESS_NOT_EVALUATED	Postselected depth-2 exploratory combination.	163
BFE_ENCLOSURE	aa3c688d25d2	INDIVIDUAL_BOUNDED_VS_OPEN_OR_COMMUNAL	(MEMBER_TOKEN_ZL3b:B1)_OR_(MEMBER_TOKEN_ZL3b:Q1)	JOINT_DEPTH2		LIKELY_PAGE_CONFOUND	29	16	13	24	11	13	-0.3125	present=24	0.0	1	0.0	-2.3516754382814185	-10.197165489225792	10	1.0	1.0	1.0	1.0	5	1.0	0	1.0	f77r:0.000000:0;f77v:0.000000:0;f80r:0.000000:0;f82r:0.000000:0;f82v:0.000000:1;f83r:0.000000:0;f83v:0.000000:0	f77r:0.000000:1;f77v:0.000000:1;f80r:0.000000:1;f82r:0.000000:1;f82v:0.000000:0;f83r:0.000000:1;f83v:0.000000:1	f77:0.000000:1;f80:0.000000:1;f82:0.000000:0;f83:0.000000:1	1	1		NOT_EVALUATED_POSTSELECTED_JOINT	NO_UNCERTAIN_ROWS	ONE_INFORMATIVE_ARRAY;POSTSELECTED_COMBINATION;EDITION_ROBUSTNESS_NOT_EVALUATED	Postselected depth-2 exploratory combination.	164
BFE_ENCLOSURE	d49790992243	INDIVIDUAL_BOUNDED_VS_OPEN_OR_COMMUNAL	(MEMBER_TOKEN_ZL3b:Q1)_AND_(FAMILY_SUFFIX_3:KBA)	JOINT_DEPTH2		LIKELY_PAGE_CONFOUND	29	16	13	2	2	0	0.125	present=2	0.3333333333333333	1	0.029474240423218733	-0.807354922057602	-8.652844973001976	10	1.0	1.0	1.0	1.0	5	1.0	0	1.0	f77r:0.000000:0;f77v:0.000000:0;f80r:0.000000:0;f82r:0.000000:0;f82v:0.333333:1;f83r:0.000000:0;f83v:0.000000:0	f77r:0.333333:1;f77v:0.333333:1;f80r:0.333333:1;f82r:0.333333:1;f82v:0.000000:0;f83r:0.333333:1;f83v:0.333333:1	f77:0.333333:1;f80:0.333333:1;f82:0.000000:0;f83:0.333333:1	1	1		NOT_EVALUATED_POSTSELECTED_JOINT	NO_UNCERTAIN_ROWS	ONE_INFORMATIVE_ARRAY;POSTSELECTED_COMBINATION;EDITION_ROBUSTNESS_NOT_EVALUATED;ZERO_NEGATIVE_SUPPORT	Postselected depth-2 exploratory combination.	165
BFE_ENCLOSURE	0d3d79f8e4ae	INDIVIDUAL_BOUNDED_VS_OPEN_OR_COMMUNAL	(MEMBER_TOKEN_ZL3b:Q1)_OR_(FAMILY_1GRAM:J)	JOINT_DEPTH2		LIKELY_PAGE_CONFOUND	29	16	13	20	9	11	-0.28365384615384615	present=20	0.0	1	0.0	-4.05211515642252	-11.897605207366894	10	1.0	1.0	1.0	1.0	5	1.0	0	1.0	f77r:0.000000:0;f77v:0.000000:0;f80r:0.000000:0;f82r:0.000000:0;f82v:0.000000:1;f83r:0.000000:0;f83v:0.000000:0	f77r:0.000000:1;f77v:0.000000:1;f80r:0.000000:1;f82r:0.000000:1;f82v:0.000000:0;f83r:0.000000:1;f83v:0.000000:1	f77:0.000000:1;f80:0.000000:1;f82:0.000000:0;f83:0.000000:1	1	1		NOT_EVALUATED_POSTSELECTED_JOINT	NO_UNCERTAIN_ROWS	ONE_INFORMATIVE_ARRAY;POSTSELECTED_COMBINATION;EDITION_ROBUSTNESS_NOT_EVALUATED	Postselected depth-2 exploratory combination.	166
BFE_ENCLOSURE	25ab89f48c1b	INDIVIDUAL_BOUNDED_VS_OPEN_OR_COMMUNAL	(MEMBER_TOKEN_ZL3b:Q1)_OR_(FAMILY_SUFFIX_3:JBA)	JOINT_DEPTH2		LIKELY_PAGE_CONFOUND	29	16	13	19	8	11	-0.34615384615384615	present=19	0.0	1	0.0	-4.05211515642252	-11.897605207366894	10	1.0	1.0	1.0	1.0	5	1.0	0	1.0	f77r:0.000000:0;f77v:0.000000:0;f80r:0.000000:0;f82r:0.000000:0;f82v:0.000000:1;f83r:0.000000:0;f83v:0.000000:0	f77r:0.000000:1;f77v:0.000000:1;f80r:0.000000:1;f82r:0.000000:1;f82v:0.000000:0;f83r:0.000000:1;f83v:0.000000:1	f77:0.000000:1;f80:0.000000:1;f82:0.000000:0;f83:0.000000:1	1	1		NOT_EVALUATED_POSTSELECTED_JOINT	NO_UNCERTAIN_ROWS	ONE_INFORMATIVE_ARRAY;POSTSELECTED_COMBINATION;EDITION_ROBUSTNESS_NOT_EVALUATED	Postselected depth-2 exploratory combination.	167
BFE_ENCLOSURE	aa1df2549a05	INDIVIDUAL_BOUNDED_VS_OPEN_OR_COMMUNAL	(MEMBER_TOKEN_ZL3b:Q1)_OR_(FAMILY_SUFFIX_3:KBA)	JOINT_DEPTH2		LIKELY_PAGE_CONFOUND	29	16	13	18	7	11	-0.40865384615384615	present=18	-0.33333333333333337	1	0.029474240423218733	-4.052115156422513	-11.897605207366887	10	1.0	1.0	1.0	1.0	5	1.0	0	1.0	f77r:0.000000:0;f77v:0.000000:0;f80r:0.000000:0;f82r:0.000000:0;f82v:-0.333333:1;f83r:0.000000:0;f83v:0.000000:0	f77r:-0.333333:1;f77v:-0.333333:1;f80r:-0.333333:1;f82r:-0.333333:1;f82v:0.000000:0;f83r:-0.333333:1;f83v:-0.333333:1	f77:-0.333333:1;f80:-0.333333:1;f82:0.000000:0;f83:-0.333333:1	1	1		NOT_EVALUATED_POSTSELECTED_JOINT	NO_UNCERTAIN_ROWS	ONE_INFORMATIVE_ARRAY;POSTSELECTED_COMBINATION;EDITION_ROBUSTNESS_NOT_EVALUATED	Postselected depth-2 exploratory combination.	168
BFE_ENCLOSURE	90a5b524f5cf	INDIVIDUAL_BOUNDED_VS_OPEN_OR_COMMUNAL	(SYMBOL_COUNT_GE:5)_AND_(MEMBER_TOKEN_ZL3b:Q1)	JOINT_DEPTH2		LIKELY_PAGE_CONFOUND	29	16	13	10	5	5	-0.07211538461538464	present=10	0.16666666666666663	1	0.003443636900340514	-3.574908836057226	-11.4203988870016	10	1.0	1.0	1.0	1.0	5	1.0	0	1.0	f77r:0.000000:0;f77v:0.000000:0;f80r:0.000000:0;f82r:0.000000:0;f82v:0.166667:1;f83r:0.000000:0;f83v:0.000000:0	f77r:0.166667:1;f77v:0.166667:1;f80r:0.166667:1;f82r:0.166667:1;f82v:0.000000:0;f83r:0.166667:1;f83v:0.166667:1	f77:0.166667:1;f80:0.166667:1;f82:0.000000:0;f83:0.166667:1	1	1		NOT_EVALUATED_POSTSELECTED_JOINT	NO_UNCERTAIN_ROWS	ONE_INFORMATIVE_ARRAY;POSTSELECTED_COMBINATION;EDITION_ROBUSTNESS_NOT_EVALUATED	Postselected depth-2 exploratory combination.	169
BFE_ENCLOSURE	732942ca9842	INDIVIDUAL_BOUNDED_VS_OPEN_OR_COMMUNAL	(SYMBOL_COUNT_GE:6)_AND_(FAMILY_1GRAM:J)	JOINT_DEPTH2		LIKELY_PAGE_CONFOUND	29	16	13	3	2	1	0.04807692307692307	present=3	0.0	1	0.0	-2.351675438281422	-10.197165489225796	10	1.0	1.0	1.0	1.0	5	1.0	0	1.0	f77r:0.000000:0;f77v:0.000000:0;f80r:0.000000:0;f82r:0.000000:0;f82v:0.000000:1;f83r:0.000000:0;f83v:0.000000:0	f77r:0.000000:1;f77v:0.000000:1;f80r:0.000000:1;f82r:0.000000:1;f82v:0.000000:0;f83r:0.000000:1;f83v:0.000000:1	f77:0.000000:1;f80:0.000000:1;f82:0.000000:0;f83:0.000000:1	1	1		NOT_EVALUATED_POSTSELECTED_JOINT	NO_UNCERTAIN_ROWS	ONE_INFORMATIVE_ARRAY;ONE_POSITIVE_FOLIO;POSTSELECTED_COMBINATION;EDITION_ROBUSTNESS_NOT_EVALUATED;POSSIBLE_LENGTH_CONFOUND	Postselected depth-2 exploratory combination.	170
BFE_ENCLOSURE	e2644e373f0e	INDIVIDUAL_BOUNDED_VS_OPEN_OR_COMMUNAL	(SYMBOL_COUNT_GE:6)_AND_(FAMILY_SUFFIX_1:B)	JOINT_DEPTH2		LIKELY_PAGE_CONFOUND	29	16	13	3	3	0	0.1875	present=3	0.0	1	0.0	-1.3219280948873617	-9.167418145831736	10	1.0	1.0	1.0	1.0	5	1.0	0	1.0	f77r:0.000000:0;f77v:0.000000:0;f80r:0.000000:0;f82r:0.000000:0;f82v:0.000000:1;f83r:0.000000:0;f83v:0.000000:0	f77r:0.000000:1;f77v:0.000000:1;f80r:0.000000:1;f82r:0.000000:1;f82v:0.000000:0;f83r:0.000000:1;f83v:0.000000:1	f77:0.000000:1;f80:0.000000:1;f82:0.000000:0;f83:0.000000:1	1	1		NOT_EVALUATED_POSTSELECTED_JOINT	NO_UNCERTAIN_ROWS	ONE_INFORMATIVE_ARRAY;POSTSELECTED_COMBINATION;EDITION_ROBUSTNESS_NOT_EVALUATED;ZERO_NEGATIVE_SUPPORT;POSSIBLE_LENGTH_CONFOUND	Postselected depth-2 exploratory combination.	171
BFE_ENCLOSURE	7103fedb4b88	INDIVIDUAL_BOUNDED_VS_OPEN_OR_COMMUNAL	(SYMBOL_COUNT_GE:6)_AND_(FAMILY_SUFFIX_3:JBA)	JOINT_DEPTH2		LIKELY_PAGE_CONFOUND	29	16	13	2	1	1	-0.014423076923076927	present=2	0.0	1	0.0	-1.6147098441152146	-9.460199895059588	10	1.0	1.0	1.0	1.0	5	1.0	0	1.0	f77r:0.000000:0;f77v:0.000000:0;f80r:0.000000:0;f82r:0.000000:0;f82v:0.000000:1;f83r:0.000000:0;f83v:0.000000:0	f77r:0.000000:1;f77v:0.000000:1;f80r:0.000000:1;f82r:0.000000:1;f82v:0.000000:0;f83r:0.000000:1;f83v:0.000000:1	f77:0.000000:1;f80:0.000000:1;f82:0.000000:0;f83:0.000000:1	1	1		NOT_EVALUATED_POSTSELECTED_JOINT	NO_UNCERTAIN_ROWS	ONE_INFORMATIVE_ARRAY;ONE_POSITIVE_FOLIO;POSTSELECTED_COMBINATION;EDITION_ROBUSTNESS_NOT_EVALUATED;POSSIBLE_LENGTH_CONFOUND	Postselected depth-2 exploratory combination.	172
BFE_ENCLOSURE	b799e84caba0	INDIVIDUAL_BOUNDED_VS_OPEN_OR_COMMUNAL	(SYMBOL_COUNT_GE:6)_AND_(MEMBER_TOKEN_ZL3b:B1)	JOINT_DEPTH2		LIKELY_PAGE_CONFOUND	29	16	13	7	4	3	0.019230769230769218	present=7	0.3333333333333333	1	0.029474240423218733	-3.686269945004934	-11.531759995949308	10	1.0	1.0	1.0	1.0	5	1.0	0	1.0	f77r:0.000000:0;f77v:0.000000:0;f80r:0.000000:0;f82r:0.000000:0;f82v:0.333333:1;f83r:0.000000:0;f83v:0.000000:0	f77r:0.333333:1;f77v:0.333333:1;f80r:0.333333:1;f82r:0.333333:1;f82v:0.000000:0;f83r:0.333333:1;f83v:0.333333:1	f77:0.333333:1;f80:0.333333:1;f82:0.000000:0;f83:0.333333:1	1	1		NOT_EVALUATED_POSTSELECTED_JOINT	NO_UNCERTAIN_ROWS	ONE_INFORMATIVE_ARRAY;POSTSELECTED_COMBINATION;EDITION_ROBUSTNESS_NOT_EVALUATED;POSSIBLE_LENGTH_CONFOUND	Postselected depth-2 exploratory combination.	173
BFE_ENCLOSURE	c3a6198ea6d1	INDIVIDUAL_BOUNDED_VS_OPEN_OR_COMMUNAL	(SYMBOL_COUNT_GE:6)_OR_(FAMILY_1GRAM:F)	JOINT_DEPTH2		LIKELY_PAGE_CONFOUND	29	16	13	16	10	6	0.16346153846153844	present=16	0.16666666666666663	1	0.003443636900340514	-5.774581180893602	-13.620071231837976	10	1.0	1.0	1.0	1.0	5	1.0	0	1.0	f77r:0.000000:0;f77v:0.000000:0;f80r:0.000000:0;f82r:0.000000:0;f82v:0.166667:1;f83r:0.000000:0;f83v:0.000000:0	f77r:0.166667:1;f77v:0.166667:1;f80r:0.166667:1;f82r:0.166667:1;f82v:0.000000:0;f83r:0.166667:1;f83v:0.166667:1	f77:0.166667:1;f80:0.166667:1;f82:0.000000:0;f83:0.166667:1	1	1		NOT_EVALUATED_POSTSELECTED_JOINT	NO_UNCERTAIN_ROWS	ONE_INFORMATIVE_ARRAY;POSTSELECTED_COMBINATION;EDITION_ROBUSTNESS_NOT_EVALUATED;POSSIBLE_LENGTH_CONFOUND	Postselected depth-2 exploratory combination.	174
BFE_ENCLOSURE	295cdf017c94	INDIVIDUAL_BOUNDED_VS_OPEN_OR_COMMUNAL	(SYMBOL_COUNT_GE:6)_OR_(FAMILY_3GRAM:BQA)	JOINT_DEPTH2		LIKELY_PAGE_CONFOUND	29	16	13	17	10	7	0.08653846153846156	present=17	0.16666666666666663	1	0.003443636900340514	-5.926584274338648	-13.772074325283022	10	1.0	1.0	1.0	1.0	5	1.0	0	1.0	f77r:0.000000:0;f77v:0.000000:0;f80r:0.000000:0;f82r:0.000000:0;f82v:0.166667:1;f83r:0.000000:0;f83v:0.000000:0	f77r:0.166667:1;f77v:0.166667:1;f80r:0.166667:1;f82r:0.166667:1;f82v:0.000000:0;f83r:0.166667:1;f83v:0.166667:1	f77:0.166667:1;f80:0.166667:1;f82:0.000000:0;f83:0.166667:1	1	1		NOT_EVALUATED_POSTSELECTED_JOINT	NO_UNCERTAIN_ROWS	ONE_INFORMATIVE_ARRAY;POSTSELECTED_COMBINATION;EDITION_ROBUSTNESS_NOT_EVALUATED;POSSIBLE_LENGTH_CONFOUND	Postselected depth-2 exploratory combination.	175
BFE_ENCLOSURE	929c4308b0bc	INDIVIDUAL_BOUNDED_VS_OPEN_OR_COMMUNAL	(SYMBOL_COUNT_GE:6)_OR_(FAMILY_SUFFIX_1:B)	JOINT_DEPTH2		LIKELY_PAGE_CONFOUND	29	16	13	18	10	8	0.009615384615384581	present=18	0.16666666666666663	1	0.003443636900340514	-5.374043251309878	-13.219533302254252	10	1.0	1.0	1.0	1.0	5	1.0	0	1.0	f77r:0.000000:0;f77v:0.000000:0;f80r:0.000000:0;f82r:0.000000:0;f82v:0.166667:1;f83r:0.000000:0;f83v:0.000000:0	f77r:0.166667:1;f77v:0.166667:1;f80r:0.166667:1;f82r:0.166667:1;f82v:0.000000:0;f83r:0.166667:1;f83v:0.166667:1	f77:0.166667:1;f80:0.166667:1;f82:0.000000:0;f83:0.166667:1	1	1		NOT_EVALUATED_POSTSELECTED_JOINT	NO_UNCERTAIN_ROWS	ONE_INFORMATIVE_ARRAY;POSTSELECTED_COMBINATION;EDITION_ROBUSTNESS_NOT_EVALUATED;POSSIBLE_LENGTH_CONFOUND	Postselected depth-2 exploratory combination.	176
BFE_ENCLOSURE	ad33f29dd93f	INDIVIDUAL_BOUNDED_VS_OPEN_OR_COMMUNAL	(SYMBOL_COUNT_GE:6)_OR_(FAMILY_SUFFIX_3:QAB)	JOINT_DEPTH2		LIKELY_PAGE_CONFOUND	29	16	13	17	10	7	0.08653846153846156	present=17	0.16666666666666663	1	0.003443636900340514	-5.663549868504859	-13.509039919449233	10	1.0	1.0	1.0	1.0	5	1.0	0	1.0	f77r:0.000000:0;f77v:0.000000:0;f80r:0.000000:0;f82r:0.000000:0;f82v:0.166667:1;f83r:0.000000:0;f83v:0.000000:0	f77r:0.166667:1;f77v:0.166667:1;f80r:0.166667:1;f82r:0.166667:1;f82v:0.000000:0;f83r:0.166667:1;f83v:0.166667:1	f77:0.166667:1;f80:0.166667:1;f82:0.000000:0;f83:0.166667:1	1	1		NOT_EVALUATED_POSTSELECTED_JOINT	NO_UNCERTAIN_ROWS	ONE_INFORMATIVE_ARRAY;POSTSELECTED_COMBINATION;EDITION_ROBUSTNESS_NOT_EVALUATED;POSSIBLE_LENGTH_CONFOUND	Postselected depth-2 exploratory combination.	177
BFE_ENCLOSURE	8cc9abade5e3	INDIVIDUAL_BOUNDED_VS_OPEN_OR_COMMUNAL	(SYMBOL_COUNT_GE:6)_OR_(MEMBER_TOKEN_ZL3b:Q1)	JOINT_DEPTH2		LIKELY_PAGE_CONFOUND	29	16	13	24	13	11	-0.033653846153846145	present=24	-0.33333333333333337	1	0.029474240423218733	-3.092757140919865	-10.938247191864239	10	1.0	1.0	1.0	1.0	5	1.0	0	1.0	f77r:0.000000:0;f77v:0.000000:0;f80r:0.000000:0;f82r:0.000000:0;f82v:-0.333333:1;f83r:0.000000:0;f83v:0.000000:0	f77r:-0.333333:1;f77v:-0.333333:1;f80r:-0.333333:1;f82r:-0.333333:1;f82v:0.000000:0;f83r:-0.333333:1;f83v:-0.333333:1	f77:-0.333333:1;f80:-0.333333:1;f82:0.000000:0;f83:-0.333333:1	1	1		NOT_EVALUATED_POSTSELECTED_JOINT	NO_UNCERTAIN_ROWS	ONE_INFORMATIVE_ARRAY;POSTSELECTED_COMBINATION;EDITION_ROBUSTNESS_NOT_EVALUATED	Postselected depth-2 exploratory combination.	178
BFE_ENCLOSURE	ddee5c059e30	INDIVIDUAL_BOUNDED_VS_OPEN_OR_COMMUNAL	ALTERNATIVE_BEARING	UNCERTAINTY	ALTERNATIVE_BEARING	LIKELY_PAGE_CONFOUND	29	16	13	3	1	2	-0.09134615384615385	present=3	0.0	1	0.0	-1.919557007444677	-9.765047058389051	10	1.0	1.0	1.0	1.0	5	1.0	0	1.0	f77r:0.000000:0;f77v:0.000000:0;f80r:0.000000:0;f82r:0.000000:0;f82v:0.000000:1;f83r:0.000000:0;f83v:0.000000:0	f77r:0.000000:1;f77v:0.000000:1;f80r:0.000000:1;f82r:0.000000:1;f82v:0.000000:0;f83r:0.000000:1;f83v:0.000000:1	f77:0.000000:1;f80:0.000000:1;f82:0.000000:0;f83:0.000000:1	1	1	1.0	ZL3b:0.000000;IT2a:0.000000;RF1b:0.000000	NO_UNCERTAIN_ROWS	ONE_INFORMATIVE_ARRAY;ONE_POSITIVE_FOLIO;POSSIBLE_LENGTH_CONFOUND		179
BFE_ENCLOSURE	c6e866b7aaa6	INDIVIDUAL_BOUNDED_VS_OPEN_OR_COMMUNAL	FAMILY_1GRAM:C	FAMILY_COMPONENT	FAMILY_1GRAM:C	LIKELY_PAGE_CONFOUND	29	16	13	10	7	3	0.20673076923076922	present=10	0.0	1	0.0	-4.493624867062543	-12.339114918006917	10	1.0	1.0	1.0	1.0	5	1.0	0	1.0	f77r:0.000000:0;f77v:0.000000:0;f80r:0.000000:0;f82r:0.000000:0;f82v:0.000000:1;f83r:0.000000:0;f83v:0.000000:0	f77r:0.000000:1;f77v:0.000000:1;f80r:0.000000:1;f82r:0.000000:1;f82v:0.000000:0;f83r:0.000000:1;f83v:0.000000:1	f77:0.000000:1;f80:0.000000:1;f82:0.000000:0;f83:0.000000:1	1	1	1.0	ZL3b:0.000000;IT2a:0.000000;RF1b:0.000000	NO_UNCERTAIN_ROWS	ONE_INFORMATIVE_ARRAY		180
BFE_ENCLOSURE	4b1c06a2c93d	INDIVIDUAL_BOUNDED_VS_OPEN_OR_COMMUNAL	FAMILY_1GRAM:G	FAMILY_COMPONENT	FAMILY_1GRAM:G;FAMILY_2GRAM:AG;MEMBER_TOKEN_ZL3b:G1;MEMBER_TOKEN_IT2a:G1;MEMBER_TOKEN_RF1b:G1	LIKELY_PAGE_CONFOUND	29	16	13	3	3	0	0.1875	present=3	0.0	1	0.0	-2.1996723448363724	-10.045162395780746	10	1.0	1.0	1.0	1.0	5	1.0	0	1.0	f77r:0.000000:0;f77v:0.000000:0;f80r:0.000000:0;f82r:0.000000:0;f82v:0.000000:1;f83r:0.000000:0;f83v:0.000000:0	f77r:0.000000:1;f77v:0.000000:1;f80r:0.000000:1;f82r:0.000000:1;f82v:0.000000:0;f83r:0.000000:1;f83v:0.000000:1	f77:0.000000:1;f80:0.000000:1;f82:0.000000:0;f83:0.000000:1	1	1	1.0	ZL3b:0.000000;IT2a:0.000000;RF1b:0.000000	NO_UNCERTAIN_ROWS	ONE_INFORMATIVE_ARRAY;ZERO_NEGATIVE_SUPPORT		181
BFE_ENCLOSURE	15e05394af35	INDIVIDUAL_BOUNDED_VS_OPEN_OR_COMMUNAL	FAMILY_1GRAM:J	FAMILY_COMPONENT	FAMILY_1GRAM:J;FAMILY_2GRAM:JB;FAMILY_3GRAM:JBA;MEMBER_TOKEN_ZL3b:J1;MEMBER_TOKEN_IT2a:J1;MEMBER_TOKEN_RF1b:J1	LIKELY_PAGE_CONFOUND	29	16	13	4	3	1	0.11057692307692307	present=4	0.3333333333333333	1	0.029474240423218733	-2.3516754382814185	-10.197165489225792	10	1.0	1.0	1.0	1.0	5	1.0	0	1.0	f77r:0.000000:0;f77v:0.000000:0;f80r:0.000000:0;f82r:0.000000:0;f82v:0.333333:1;f83r:0.000000:0;f83v:0.000000:0	f77r:0.333333:1;f77v:0.333333:1;f80r:0.333333:1;f82r:0.333333:1;f82v:0.000000:0;f83r:0.333333:1;f83v:0.333333:1	f77:0.333333:1;f80:0.333333:1;f82:0.000000:0;f83:0.333333:1	1	1	1.0	ZL3b:0.333333;IT2a:0.333333;RF1b:0.333333	NO_UNCERTAIN_ROWS	ONE_INFORMATIVE_ARRAY		182
BFE_ENCLOSURE	c382176e8448	INDIVIDUAL_BOUNDED_VS_OPEN_OR_COMMUNAL	FAMILY_1GRAM:Q	FAMILY_COMPONENT	FAMILY_1GRAM:Q	LIKELY_PAGE_CONFOUND	29	16	13	22	11	11	-0.15865384615384615	present=22	0.0	1	0.0	-4.637077657143678	-12.482567708088052	10	1.0	1.0	1.0	1.0	5	1.0	0	1.0	f77r:0.000000:0;f77v:0.000000:0;f80r:0.000000:0;f82r:0.000000:0;f82v:0.000000:1;f83r:0.000000:0;f83v:0.000000:0	f77r:0.000000:1;f77v:0.000000:1;f80r:0.000000:1;f82r:0.000000:1;f82v:0.000000:0;f83r:0.000000:1;f83v:0.000000:1	f77:0.000000:1;f80:0.000000:1;f82:0.000000:0;f83:0.000000:1	1	1	1.0	ZL3b:0.000000;IT2a:0.000000;RF1b:0.000000	NO_UNCERTAIN_ROWS	ONE_INFORMATIVE_ARRAY		183
BFE_ENCLOSURE	c03d5d7e5f0c	INDIVIDUAL_BOUNDED_VS_OPEN_OR_COMMUNAL	FAMILY_2GRAM:AB	FAMILY_COMPONENT	FAMILY_2GRAM:AB	LIKELY_PAGE_CONFOUND	29	16	13	19	9	10	-0.20673076923076927	present=19	0.16666666666666663	1	0.003443636900340514	-3.9001120629774704	-11.745602113921844	10	1.0	1.0	1.0	1.0	5	1.0	0	1.0	f77r:0.000000:0;f77v:0.000000:0;f80r:0.000000:0;f82r:0.000000:0;f82v:0.166667:1;f83r:0.000000:0;f83v:0.000000:0	f77r:0.166667:1;f77v:0.166667:1;f80r:0.166667:1;f82r:0.166667:1;f82v:0.000000:0;f83r:0.166667:1;f83v:0.166667:1	f77:0.166667:1;f80:0.166667:1;f82:0.000000:0;f83:0.166667:1	1	1	1.0	ZL3b:0.166667;IT2a:0.166667;RF1b:0.166667	NO_UNCERTAIN_ROWS	ONE_INFORMATIVE_ARRAY		184
BFE_ENCLOSURE	7c64067a9763	INDIVIDUAL_BOUNDED_VS_OPEN_OR_COMMUNAL	FAMILY_2GRAM:AC	FAMILY_COMPONENT	FAMILY_2GRAM:AC;MEMBER_TOKEN_ZL3b:C1;MEMBER_TOKEN_IT2a:C1;MEMBER_TOKEN_RF1b:C1	LIKELY_PAGE_CONFOUND	29	16	13	8	6	2	0.22115384615384615	present=8	0.0	1	0.0	-4.789080750588724	-12.634570801533098	10	1.0	1.0	1.0	1.0	5	1.0	0	1.0	f77r:0.000000:0;f77v:0.000000:0;f80r:0.000000:0;f82r:0.000000:0;f82v:0.000000:1;f83r:0.000000:0;f83v:0.000000:0	f77r:0.000000:1;f77v:0.000000:1;f80r:0.000000:1;f82r:0.000000:1;f82v:0.000000:0;f83r:0.000000:1;f83v:0.000000:1	f77:0.000000:1;f80:0.000000:1;f82:0.000000:0;f83:0.000000:1	1	1	1.0	ZL3b:0.000000;IT2a:0.000000;RF1b:0.000000	NO_UNCERTAIN_ROWS	ONE_INFORMATIVE_ARRAY;POSSIBLE_LENGTH_CONFOUND		185
BFE_ENCLOSURE	955f394845b2	INDIVIDUAL_BOUNDED_VS_OPEN_OR_COMMUNAL	FAMILY_2GRAM:AQ	FAMILY_COMPONENT	FAMILY_2GRAM:AQ	LIKELY_PAGE_CONFOUND	29	16	13	18	9	9	-0.1298076923076923	present=18	0.16666666666666663	1	0.003443636900340514	-4.78908075058872	-12.634570801533094	10	1.0	1.0	1.0	1.0	5	1.0	0	1.0	f77r:0.000000:0;f77v:0.000000:0;f80r:0.000000:0;f82r:0.000000:0;f82v:0.166667:1;f83r:0.000000:0;f83v:0.000000:0	f77r:0.166667:1;f77v:0.166667:1;f80r:0.166667:1;f82r:0.166667:1;f82v:0.000000:0;f83r:0.166667:1;f83v:0.166667:1	f77:0.166667:1;f80:0.166667:1;f82:0.000000:0;f83:0.166667:1	1	1	0.9444444444444444	ZL3b:0.166667;IT2a:0.166667;RF1b:0.166667	NO_UNCERTAIN_ROWS	ONE_INFORMATIVE_ARRAY		186
BFE_ENCLOSURE	c08547302be9	INDIVIDUAL_BOUNDED_VS_OPEN_OR_COMMUNAL	FAMILY_2GRAM:BK	FAMILY_COMPONENT	FAMILY_2GRAM:BK;FAMILY_3GRAM:ABK	LIKELY_PAGE_CONFOUND	29	16	13	2	1	1	-0.014423076923076927	present=2	0.3333333333333333	1	0.029474240423218733	-0.8073549220576055	-8.65284497300198	10	1.0	1.0	1.0	1.0	5	1.0	0	1.0	f77r:0.000000:0;f77v:0.000000:0;f80r:0.000000:0;f82r:0.000000:0;f82v:0.333333:1;f83r:0.000000:0;f83v:0.000000:0	f77r:0.333333:1;f77v:0.333333:1;f80r:0.333333:1;f82r:0.333333:1;f82v:0.000000:0;f83r:0.333333:1;f83v:0.333333:1	f77:0.333333:1;f80:0.333333:1;f82:0.000000:0;f83:0.333333:1	1	1	1.0	ZL3b:0.333333;IT2a:0.333333;RF1b:0.333333	NO_UNCERTAIN_ROWS	ONE_INFORMATIVE_ARRAY;ONE_POSITIVE_FOLIO;POSSIBLE_LENGTH_CONFOUND		187
BFE_ENCLOSURE	a0695cf3d039	INDIVIDUAL_BOUNDED_VS_OPEN_OR_COMMUNAL	FAMILY_2GRAM:CA	FAMILY_COMPONENT	FAMILY_2GRAM:CA	LIKELY_PAGE_CONFOUND	29	16	13	5	4	1	0.17307692307692307	present=5	0.0	1	0.0	-2.437405312307302	-10.282895363251676	10	1.0	1.0	1.0	1.0	5	1.0	0	1.0	f77r:0.000000:0;f77v:0.000000:0;f80r:0.000000:0;f82r:0.000000:0;f82v:0.000000:1;f83r:0.000000:0;f83v:0.000000:0	f77r:0.000000:1;f77v:0.000000:1;f80r:0.000000:1;f82r:0.000000:1;f82v:0.000000:0;f83r:0.000000:1;f83v:0.000000:1	f77:0.000000:1;f80:0.000000:1;f82:0.000000:0;f83:0.000000:1	1	1	1.0	ZL3b:0.000000;IT2a:0.000000;RF1b:0.000000	NO_UNCERTAIN_ROWS	ONE_INFORMATIVE_ARRAY		188
BFE_ENCLOSURE	11bc4558964a	INDIVIDUAL_BOUNDED_VS_OPEN_OR_COMMUNAL	FAMILY_2GRAM:CK	FAMILY_COMPONENT	FAMILY_2GRAM:CK;FAMILY_3GRAM:ACK	LIKELY_PAGE_CONFOUND	29	16	13	3	3	0	0.1875	present=3	0.0	1	0.0	-2.3516754382814185	-10.197165489225792	10	1.0	1.0	1.0	1.0	5	1.0	0	1.0	f77r:0.000000:0;f77v:0.000000:0;f80r:0.000000:0;f82r:0.000000:0;f82v:0.000000:1;f83r:0.000000:0;f83v:0.000000:0	f77r:0.000000:1;f77v:0.000000:1;f80r:0.000000:1;f82r:0.000000:1;f82v:0.000000:0;f83r:0.000000:1;f83v:0.000000:1	f77:0.000000:1;f80:0.000000:1;f82:0.000000:0;f83:0.000000:1	1	1	1.0	ZL3b:0.000000;IT2a:0.000000;RF1b:0.000000	NO_UNCERTAIN_ROWS	ONE_INFORMATIVE_ARRAY;ZERO_NEGATIVE_SUPPORT;POSSIBLE_LENGTH_CONFOUND		189
BFE_ENCLOSURE	381cae5524ca	INDIVIDUAL_BOUNDED_VS_OPEN_OR_COMMUNAL	FAMILY_2GRAM:KB	FAMILY_COMPONENT	FAMILY_2GRAM:KB;FAMILY_3GRAM:KBA	LIKELY_PAGE_CONFOUND	29	16	13	5	4	1	0.17307692307692307	present=5	0.3333333333333333	1	0.029474240423218733	-2.5740678596178626	-10.419557910562236	10	1.0	1.0	1.0	1.0	5	1.0	0	1.0	f77r:0.000000:0;f77v:0.000000:0;f80r:0.000000:0;f82r:0.000000:0;f82v:0.333333:1;f83r:0.000000:0;f83v:0.000000:0	f77r:0.333333:1;f77v:0.333333:1;f80r:0.333333:1;f82r:0.333333:1;f82v:0.000000:0;f83r:0.333333:1;f83v:0.333333:1	f77:0.333333:1;f80:0.333333:1;f82:0.000000:0;f83:0.333333:1	1	1	1.0	ZL3b:0.333333;IT2a:0.333333;RF1b:0.333333	NO_UNCERTAIN_ROWS	ONE_INFORMATIVE_ARRAY		190
BFE_ENCLOSURE	62d3813e8c56	INDIVIDUAL_BOUNDED_VS_OPEN_OR_COMMUNAL	FAMILY_2GRAM:QJ	FAMILY_COMPONENT	FAMILY_2GRAM:QJ;FAMILY_3GRAM:AQJ;FAMILY_3GRAM:QJB	LIKELY_PAGE_CONFOUND	29	16	13	2	2	0	0.125	present=2	0.3333333333333333	1	0.029474240423218733	-0.8073549220576055	-8.65284497300198	10	1.0	1.0	1.0	1.0	5	1.0	0	1.0	f77r:0.000000:0;f77v:0.000000:0;f80r:0.000000:0;f82r:0.000000:0;f82v:0.333333:1;f83r:0.000000:0;f83v:0.000000:0	f77r:0.333333:1;f77v:0.333333:1;f80r:0.333333:1;f82r:0.333333:1;f82v:0.000000:0;f83r:0.333333:1;f83v:0.333333:1	f77:0.333333:1;f80:0.333333:1;f82:0.000000:0;f83:0.333333:1	1	1	1.0	ZL3b:0.333333;IT2a:0.333333;RF1b:0.333333	NO_UNCERTAIN_ROWS	ONE_INFORMATIVE_ARRAY;ZERO_NEGATIVE_SUPPORT		191
BFE_ENCLOSURE	dffbd81d05de	INDIVIDUAL_BOUNDED_VS_OPEN_OR_COMMUNAL	FAMILY_2GRAM:QK	FAMILY_COMPONENT	FAMILY_2GRAM:QK;FAMILY_3GRAM:QKB	LIKELY_PAGE_CONFOUND	29	16	13	3	3	0	0.1875	present=3	0.3333333333333333	1	0.029474240423218733	-1.614709844115211	-9.460199895059585	10	1.0	1.0	1.0	1.0	5	1.0	0	1.0	f77r:0.000000:0;f77v:0.000000:0;f80r:0.000000:0;f82r:0.000000:0;f82v:0.333333:1;f83r:0.000000:0;f83v:0.000000:0	f77r:0.333333:1;f77v:0.333333:1;f80r:0.333333:1;f82r:0.333333:1;f82v:0.000000:0;f83r:0.333333:1;f83v:0.333333:1	f77:0.333333:1;f80:0.333333:1;f82:0.000000:0;f83:0.333333:1	1	1	1.0	ZL3b:0.333333;IT2a:0.333333;RF1b:0.333333	NO_UNCERTAIN_ROWS	ONE_INFORMATIVE_ARRAY;ZERO_NEGATIVE_SUPPORT		192
BFE_ENCLOSURE	c9a7f2388837	INDIVIDUAL_BOUNDED_VS_OPEN_OR_COMMUNAL	FAMILY_3GRAM:ABA	FAMILY_COMPONENT	FAMILY_3GRAM:ABA	LIKELY_PAGE_CONFOUND	29	16	13	6	3	3	-0.04326923076923078	present=6	0.0	1	0.0	-3.6452981639486346	-11.490788214893009	10	1.0	1.0	1.0	1.0	5	1.0	0	1.0	f77r:0.000000:0;f77v:0.000000:0;f80r:0.000000:0;f82r:0.000000:0;f82v:0.000000:1;f83r:0.000000:0;f83v:0.000000:0	f77r:0.000000:1;f77v:0.000000:1;f80r:0.000000:1;f82r:0.000000:1;f82v:0.000000:0;f83r:0.000000:1;f83v:0.000000:1	f77:0.000000:1;f80:0.000000:1;f82:0.000000:0;f83:0.000000:1	1	1	1.0	ZL3b:0.000000;IT2a:0.000000;RF1b:0.000000	NO_UNCERTAIN_ROWS	ONE_INFORMATIVE_ARRAY		193
BFE_ENCLOSURE	c2f82d91281e	INDIVIDUAL_BOUNDED_VS_OPEN_OR_COMMUNAL	FAMILY_3GRAM:ACA	FAMILY_COMPONENT	FAMILY_3GRAM:ACA	LIKELY_PAGE_CONFOUND	29	16	13	3	3	0	0.1875	present=3	0.0	1	0.0	-2.1292830169449672	-9.974773067889341	10	1.0	1.0	1.0	1.0	5	1.0	0	1.0	f77r:0.000000:0;f77v:0.000000:0;f80r:0.000000:0;f82r:0.000000:0;f82v:0.000000:1;f83r:0.000000:0;f83v:0.000000:0	f77r:0.000000:1;f77v:0.000000:1;f80r:0.000000:1;f82r:0.000000:1;f82v:0.000000:0;f83r:0.000000:1;f83v:0.000000:1	f77:0.000000:1;f80:0.000000:1;f82:0.000000:0;f83:0.000000:1	1	1	1.0	ZL3b:0.000000;IT2a:0.000000;RF1b:0.000000	NO_UNCERTAIN_ROWS	ONE_INFORMATIVE_ARRAY;ZERO_NEGATIVE_SUPPORT;POSSIBLE_LENGTH_CONFOUND		194
BFE_ENCLOSURE	0abfc78e1995	INDIVIDUAL_BOUNDED_VS_OPEN_OR_COMMUNAL	FAMILY_3GRAM:AQA	FAMILY_COMPONENT	FAMILY_3GRAM:AQA	LIKELY_PAGE_CONFOUND	29	16	13	14	5	9	-0.3798076923076923	present=14	-0.16666666666666669	1	0.003443636900340514	-4.941083844033766	-12.78657389497814	10	1.0	1.0	1.0	1.0	5	1.0	0	1.0	f77r:0.000000:0;f77v:0.000000:0;f80r:0.000000:0;f82r:0.000000:0;f82v:-0.166667:1;f83r:0.000000:0;f83v:0.000000:0	f77r:-0.166667:1;f77v:-0.166667:1;f80r:-0.166667:1;f82r:-0.166667:1;f82v:0.000000:0;f83r:-0.166667:1;f83v:-0.166667:1	f77:-0.166667:1;f80:-0.166667:1;f82:0.000000:0;f83:-0.166667:1	1	1	0.9285714285714286	ZL3b:-0.166667;IT2a:-0.166667;RF1b:-0.166667	NO_UNCERTAIN_ROWS	ONE_INFORMATIVE_ARRAY		195
BFE_ENCLOSURE	d24f8ca7016b	INDIVIDUAL_BOUNDED_VS_OPEN_OR_COMMUNAL	FAMILY_3GRAM:BAB	FAMILY_COMPONENT	FAMILY_3GRAM:BAB	LIKELY_PAGE_CONFOUND	29	16	13	3	2	1	0.04807692307692307	present=3	0.0	1	0.0	-2.437405312307302	-10.282895363251676	10	1.0	1.0	1.0	1.0	5	1.0	0	1.0	f77r:0.000000:0;f77v:0.000000:0;f80r:0.000000:0;f82r:0.000000:0;f82v:0.000000:1;f83r:0.000000:0;f83v:0.000000:0	f77r:0.000000:1;f77v:0.000000:1;f80r:0.000000:1;f82r:0.000000:1;f82v:0.000000:0;f83r:0.000000:1;f83v:0.000000:1	f77:0.000000:1;f80:0.000000:1;f82:0.000000:0;f83:0.000000:1	1	1	1.0	ZL3b:0.000000;IT2a:0.000000;RF1b:0.000000	NO_UNCERTAIN_ROWS	ONE_INFORMATIVE_ARRAY;POSSIBLE_LENGTH_CONFOUND		196
BFE_ENCLOSURE	71a717f2e6f6	INDIVIDUAL_BOUNDED_VS_OPEN_OR_COMMUNAL	FAMILY_3GRAM:BAC	FAMILY_COMPONENT	FAMILY_3GRAM:BAC	LIKELY_PAGE_CONFOUND	29	16	13	2	2	0	0.125	present=2	0.0	1	0.0	-1.6147098441152146	-9.460199895059588	10	1.0	1.0	1.0	1.0	5	1.0	0	1.0	f77r:0.000000:0;f77v:0.000000:0;f80r:0.000000:0;f82r:0.000000:0;f82v:0.000000:1;f83r:0.000000:0;f83v:0.000000:0	f77r:0.000000:1;f77v:0.000000:1;f80r:0.000000:1;f82r:0.000000:1;f82v:0.000000:0;f83r:0.000000:1;f83v:0.000000:1	f77:0.000000:1;f80:0.000000:1;f82:0.000000:0;f83:0.000000:1	1	1	1.0	ZL3b:0.000000;IT2a:0.000000;RF1b:0.000000	NO_UNCERTAIN_ROWS	ONE_INFORMATIVE_ARRAY;ZERO_NEGATIVE_SUPPORT;POSSIBLE_LENGTH_CONFOUND		197
BFE_ENCLOSURE	a41afc752f4d	INDIVIDUAL_BOUNDED_VS_OPEN_OR_COMMUNAL	FAMILY_3GRAM:QAB	FAMILY_COMPONENT	FAMILY_3GRAM:QAB	LIKELY_PAGE_CONFOUND	29	16	13	8	3	5	-0.19711538461538464	present=8	-0.16666666666666669	1	0.003443636900340514	-4.2302606646697924	-12.075750715614166	10	1.0	1.0	1.0	1.0	5	1.0	0	1.0	f77r:0.000000:0;f77v:0.000000:0;f80r:0.000000:0;f82r:0.000000:0;f82v:-0.166667:1;f83r:0.000000:0;f83v:0.000000:0	f77r:-0.166667:1;f77v:-0.166667:1;f80r:-0.166667:1;f82r:-0.166667:1;f82v:0.000000:0;f83r:-0.166667:1;f83v:-0.166667:1	f77:-0.166667:1;f80:-0.166667:1;f82:0.000000:0;f83:-0.166667:1	1	1	1.0	ZL3b:-0.166667;IT2a:-0.166667;RF1b:-0.166667	NO_UNCERTAIN_ROWS	ONE_INFORMATIVE_ARRAY		198
BFE_ENCLOSURE	7dbba0aecfa4	INDIVIDUAL_BOUNDED_VS_OPEN_OR_COMMUNAL	FAMILY_3GRAM:QAC	FAMILY_COMPONENT	FAMILY_3GRAM:QAC	LIKELY_PAGE_CONFOUND	29	16	13	4	2	2	-0.028846153846153855	present=4	0.0	1	0.0	-3.092757140919865	-10.938247191864239	10	1.0	1.0	1.0	1.0	5	1.0	0	1.0	f77r:0.000000:0;f77v:0.000000:0;f80r:0.000000:0;f82r:0.000000:0;f82v:0.000000:1;f83r:0.000000:0;f83v:0.000000:0	f77r:0.000000:1;f77v:0.000000:1;f80r:0.000000:1;f82r:0.000000:1;f82v:0.000000:0;f83r:0.000000:1;f83v:0.000000:1	f77:0.000000:1;f80:0.000000:1;f82:0.000000:0;f83:0.000000:1	1	1	1.0	ZL3b:0.000000;IT2a:0.000000;RF1b:0.000000	NO_UNCERTAIN_ROWS	ONE_INFORMATIVE_ARRAY;ONE_POSITIVE_FOLIO;POSSIBLE_LENGTH_CONFOUND		199
BFE_ENCLOSURE	8dda7d600ffd	INDIVIDUAL_BOUNDED_VS_OPEN_OR_COMMUNAL	FAMILY_PREFIX_1:A	FAMILY_COMPONENT	FAMILY_PREFIX_1:A	LIKELY_PAGE_CONFOUND	29	16	13	23	12	11	-0.09615384615384615	present=23	0.0	1	0.0	-3.4638775236684864	-11.30936757461286	10	1.0	1.0	1.0	1.0	5	1.0	0	1.0	f77r:0.000000:0;f77v:0.000000:0;f80r:0.000000:0;f82r:0.000000:0;f82v:0.000000:1;f83r:0.000000:0;f83v:0.000000:0	f77r:0.000000:1;f77v:0.000000:1;f80r:0.000000:1;f82r:0.000000:1;f82v:0.000000:0;f83r:0.000000:1;f83v:0.000000:1	f77:0.000000:1;f80:0.000000:1;f82:0.000000:0;f83:0.000000:1	1	1	1.0	ZL3b:0.000000;IT2a:0.000000;RF1b:0.000000	NO_UNCERTAIN_ROWS	ONE_INFORMATIVE_ARRAY		200
BFE_ENCLOSURE	77c58725a561	INDIVIDUAL_BOUNDED_VS_OPEN_OR_COMMUNAL	FAMILY_PREFIX_1:B	FAMILY_COMPONENT	FAMILY_PREFIX_1:B;FAMILY_PREFIX_2:BA	LIKELY_PAGE_CONFOUND	29	16	13	3	2	1	0.04807692307692307	present=3	0.0	1	0.0	-1.8524428115861475	-9.697932862530521	10	1.0	1.0	1.0	1.0	5	1.0	0	1.0	f77r:0.000000:0;f77v:0.000000:0;f80r:0.000000:0;f82r:0.000000:0;f82v:0.000000:1;f83r:0.000000:0;f83v:0.000000:0	f77r:0.000000:1;f77v:0.000000:1;f80r:0.000000:1;f82r:0.000000:1;f82v:0.000000:0;f83r:0.000000:1;f83v:0.000000:1	f77:0.000000:1;f80:0.000000:1;f82:0.000000:0;f83:0.000000:1	1	1	1.0	ZL3b:0.000000;IT2a:0.000000;RF1b:0.000000	NO_UNCERTAIN_ROWS	ONE_INFORMATIVE_ARRAY;ONE_POSITIVE_FOLIO;POSSIBLE_LENGTH_CONFOUND		201
BFE_ENCLOSURE	96f844142260	INDIVIDUAL_BOUNDED_VS_OPEN_OR_COMMUNAL	FAMILY_PREFIX_1:C	FAMILY_COMPONENT	FAMILY_PREFIX_1:C;FAMILY_PREFIX_2:CA	LIKELY_PAGE_CONFOUND	29	16	13	2	1	1	-0.014423076923076927	present=2	0.0	1	0.0	-1.6300503902496963	-9.47554044119407	10	1.0	1.0	1.0	1.0	5	1.0	0	1.0	f77r:0.000000:0;f77v:0.000000:0;f80r:0.000000:0;f82r:0.000000:0;f82v:0.000000:1;f83r:0.000000:0;f83v:0.000000:0	f77r:0.000000:1;f77v:0.000000:1;f80r:0.000000:1;f82r:0.000000:1;f82v:0.000000:0;f83r:0.000000:1;f83v:0.000000:1	f77:0.000000:1;f80:0.000000:1;f82:0.000000:0;f83:0.000000:1	1	1	1.0	ZL3b:0.000000;IT2a:0.000000;RF1b:0.000000	NO_UNCERTAIN_ROWS	ONE_INFORMATIVE_ARRAY;ONE_POSITIVE_FOLIO;POSSIBLE_LENGTH_CONFOUND		202
BFE_ENCLOSURE	591ed935ebe8	INDIVIDUAL_BOUNDED_VS_OPEN_OR_COMMUNAL	FAMILY_PREFIX_2:AB	FAMILY_COMPONENT	FAMILY_PREFIX_2:AB	LIKELY_PAGE_CONFOUND	29	16	13	7	3	4	-0.12019230769230771	present=7	-0.16666666666666669	1	0.003443636900340514	-3.829722735086065	-11.675212786030439	10	1.0	1.0	1.0	1.0	5	1.0	0	1.0	f77r:0.000000:0;f77v:0.000000:0;f80r:0.000000:0;f82r:0.000000:0;f82v:-0.166667:1;f83r:0.000000:0;f83v:0.000000:0	f77r:-0.166667:1;f77v:-0.166667:1;f80r:-0.166667:1;f82r:-0.166667:1;f82v:0.000000:0;f83r:-0.166667:1;f83v:-0.166667:1	f77:-0.166667:1;f80:-0.166667:1;f82:0.000000:0;f83:-0.166667:1	1	1	1.0	ZL3b:-0.166667;IT2a:-0.166667;RF1b:-0.166667	NO_UNCERTAIN_ROWS	ONE_INFORMATIVE_ARRAY		203
BFE_ENCLOSURE	57e1a4277d41	INDIVIDUAL_BOUNDED_VS_OPEN_OR_COMMUNAL	FAMILY_PREFIX_2:AQ	FAMILY_COMPONENT	FAMILY_PREFIX_2:AQ	LIKELY_PAGE_CONFOUND	29	16	13	15	8	7	-0.038461538461538436	present=15	0.16666666666666663	1	0.003443636900340514	-5.34162177361749	-13.187111824561864	10	1.0	1.0	1.0	1.0	5	1.0	0	1.0	f77r:0.000000:0;f77v:0.000000:0;f80r:0.000000:0;f82r:0.000000:0;f82v:0.166667:1;f83r:0.000000:0;f83v:0.000000:0	f77r:0.166667:1;f77v:0.166667:1;f80r:0.166667:1;f82r:0.166667:1;f82v:0.000000:0;f83r:0.166667:1;f83v:0.166667:1	f77:0.166667:1;f80:0.166667:1;f82:0.000000:0;f83:0.166667:1	1	1	1.0	ZL3b:0.166667;IT2a:0.166667;RF1b:0.166667	NO_UNCERTAIN_ROWS	ONE_INFORMATIVE_ARRAY		204
BFE_ENCLOSURE	c5a8f2d2ea4d	INDIVIDUAL_BOUNDED_VS_OPEN_OR_COMMUNAL	FAMILY_PREFIX_3:ABQ	FAMILY_COMPONENT	FAMILY_PREFIX_3:ABQ;FAMILY_2GRAM:BQ;FAMILY_3GRAM:ABQ	LIKELY_PAGE_CONFOUND	29	16	13	4	1	3	-0.16826923076923078	present=4	-0.16666666666666669	1	0.003443636900340514	-2.285402218862256	-10.13089226980663	10	1.0	1.0	1.0	1.0	5	1.0	0	1.0	f77r:0.000000:0;f77v:0.000000:0;f80r:0.000000:0;f82r:0.000000:0;f82v:-0.166667:1;f83r:0.000000:0;f83v:0.000000:0	f77r:-0.166667:1;f77v:-0.166667:1;f80r:-0.166667:1;f82r:-0.166667:1;f82v:0.000000:0;f83r:-0.166667:1;f83v:-0.166667:1	f77:-0.166667:1;f80:-0.166667:1;f82:0.000000:0;f83:-0.166667:1	1	1	1.0	ZL3b:-0.166667;IT2a:-0.166667;RF1b:-0.166667	NO_UNCERTAIN_ROWS	ONE_INFORMATIVE_ARRAY;ONE_POSITIVE_FOLIO;POSSIBLE_LENGTH_CONFOUND		205
BFE_ENCLOSURE	809700f00f59	INDIVIDUAL_BOUNDED_VS_OPEN_OR_COMMUNAL	FAMILY_PREFIX_3:AQA	FAMILY_COMPONENT	FAMILY_PREFIX_3:AQA	LIKELY_PAGE_CONFOUND	29	16	13	12	5	7	-0.22596153846153844	present=12	-0.16666666666666669	1	0.003443636900340514	-5.34162177361749	-13.187111824561864	10	1.0	1.0	1.0	1.0	5	1.0	0	1.0	f77r:0.000000:0;f77v:0.000000:0;f80r:0.000000:0;f82r:0.000000:0;f82v:-0.166667:1;f83r:0.000000:0;f83v:0.000000:0	f77r:-0.166667:1;f77v:-0.166667:1;f80r:-0.166667:1;f82r:-0.166667:1;f82v:0.000000:0;f83r:-0.166667:1;f83v:-0.166667:1	f77:-0.166667:1;f80:-0.166667:1;f82:0.000000:0;f83:-0.166667:1	1	1	1.0	ZL3b:-0.166667;IT2a:-0.166667;RF1b:-0.166667	NO_UNCERTAIN_ROWS	ONE_INFORMATIVE_ARRAY		206
BFE_ENCLOSURE	f8e71a928249	INDIVIDUAL_BOUNDED_VS_OPEN_OR_COMMUNAL	FAMILY_PREFIX_3:AQK	FAMILY_COMPONENT	FAMILY_PREFIX_3:AQK;FAMILY_3GRAM:AQK;EXACT_FAMILY:AQKBA	LIKELY_PAGE_CONFOUND	29	16	13	2	2	0	0.125	present=2	0.0	1	0.0	-1.6147098441152146	-9.460199895059588	10	1.0	1.0	1.0	1.0	5	1.0	0	1.0	f77r:0.000000:0;f77v:0.000000:0;f80r:0.000000:0;f82r:0.000000:0;f82v:0.000000:1;f83r:0.000000:0;f83v:0.000000:0	f77r:0.000000:1;f77v:0.000000:1;f80r:0.000000:1;f82r:0.000000:1;f82v:0.000000:0;f83r:0.000000:1;f83v:0.000000:1	f77:0.000000:1;f80:0.000000:1;f82:0.000000:0;f83:0.000000:1	1	1	1.0	ZL3b:0.000000;IT2a:0.000000;RF1b:0.000000	NO_UNCERTAIN_ROWS	ONE_INFORMATIVE_ARRAY;ZERO_NEGATIVE_SUPPORT		207
BFE_ENCLOSURE	b24c2b70b325	INDIVIDUAL_BOUNDED_VS_OPEN_OR_COMMUNAL	FAMILY_SUFFIX_1:C	FAMILY_COMPONENT	FAMILY_SUFFIX_1:C;FAMILY_SUFFIX_2:AC	LIKELY_PAGE_CONFOUND	29	16	13	3	1	2	-0.09134615384615385	present=3	0.0	1	0.0	-2.507794640198707	-10.353284691143081	10	1.0	1.0	1.0	1.0	5	1.0	0	1.0	f77r:0.000000:0;f77v:0.000000:0;f80r:0.000000:0;f82r:0.000000:0;f82v:0.000000:1;f83r:0.000000:0;f83v:0.000000:0	f77r:0.000000:1;f77v:0.000000:1;f80r:0.000000:1;f82r:0.000000:1;f82v:0.000000:0;f83r:0.000000:1;f83v:0.000000:1	f77:0.000000:1;f80:0.000000:1;f82:0.000000:0;f83:0.000000:1	1	1	1.0	ZL3b:0.000000;IT2a:0.000000;RF1b:0.000000	NO_UNCERTAIN_ROWS	ONE_INFORMATIVE_ARRAY;ONE_POSITIVE_FOLIO;POSSIBLE_LENGTH_CONFOUND		208
BFE_ENCLOSURE	126f92fc0520	INDIVIDUAL_BOUNDED_VS_OPEN_OR_COMMUNAL	FAMILY_SUFFIX_1:G	FAMILY_COMPONENT	FAMILY_SUFFIX_1:G;FAMILY_SUFFIX_2:AG	LIKELY_PAGE_CONFOUND	29	16	13	2	2	0	0.125	present=2	0.0	1	0.0	-1.3923174227787634	-9.237807473723137	10	1.0	1.0	1.0	1.0	5	1.0	0	1.0	f77r:0.000000:0;f77v:0.000000:0;f80r:0.000000:0;f82r:0.000000:0;f82v:0.000000:1;f83r:0.000000:0;f83v:0.000000:0	f77r:0.000000:1;f77v:0.000000:1;f80r:0.000000:1;f82r:0.000000:1;f82v:0.000000:0;f83r:0.000000:1;f83v:0.000000:1	f77:0.000000:1;f80:0.000000:1;f82:0.000000:0;f83:0.000000:1	1	1	1.0	ZL3b:0.000000;IT2a:0.000000;RF1b:0.000000	NO_UNCERTAIN_ROWS	ONE_INFORMATIVE_ARRAY;ONE_POSITIVE_FOLIO;ZERO_NEGATIVE_SUPPORT		209
BFE_ENCLOSURE	1e4d609ff1eb	INDIVIDUAL_BOUNDED_VS_OPEN_OR_COMMUNAL	FAMILY_SUFFIX_2:KA	FAMILY_COMPONENT	FAMILY_SUFFIX_2:KA;FAMILY_2GRAM:KA	LIKELY_PAGE_CONFOUND	29	16	13	2	2	0	0.125	present=2	0.3333333333333333	1	0.029474240423218733	-0.807354922057602	-8.652844973001976	10	1.0	1.0	1.0	1.0	5	1.0	0	1.0	f77r:0.000000:0;f77v:0.000000:0;f80r:0.000000:0;f82r:0.000000:0;f82v:0.333333:1;f83r:0.000000:0;f83v:0.000000:0	f77r:0.333333:1;f77v:0.333333:1;f80r:0.333333:1;f82r:0.333333:1;f82v:0.000000:0;f83r:0.333333:1;f83v:0.333333:1	f77:0.333333:1;f80:0.333333:1;f82:0.000000:0;f83:0.333333:1	1	1	1.0	ZL3b:0.333333;IT2a:0.333333;RF1b:0.333333	NO_UNCERTAIN_ROWS	ONE_INFORMATIVE_ARRAY;ZERO_NEGATIVE_SUPPORT;POSSIBLE_LENGTH_CONFOUND		210
BFE_ENCLOSURE	9b3752921db3	INDIVIDUAL_BOUNDED_VS_OPEN_OR_COMMUNAL	FAMILY_SUFFIX_2:QA	FAMILY_COMPONENT	FAMILY_SUFFIX_2:QA	LIKELY_PAGE_CONFOUND	29	16	13	2	0	2	-0.15384615384615385	present=2	0.0	1	0.0	-1.7004397181411015	-9.545929769085475	10	1.0	1.0	1.0	1.0	5	1.0	0	1.0	f77r:0.000000:0;f77v:0.000000:0;f80r:0.000000:0;f82r:0.000000:0;f82v:0.000000:1;f83r:0.000000:0;f83v:0.000000:0	f77r:0.000000:1;f77v:0.000000:1;f80r:0.000000:1;f82r:0.000000:1;f82v:0.000000:0;f83r:0.000000:1;f83v:0.000000:1	f77:0.000000:1;f80:0.000000:1;f82:0.000000:0;f83:0.000000:1	1	1	1.0	ZL3b:0.000000;IT2a:0.000000;RF1b:0.000000	NO_UNCERTAIN_ROWS	ONE_INFORMATIVE_ARRAY;ONE_POSITIVE_FOLIO;ZERO_POSITIVE_SUPPORT;POSSIBLE_LENGTH_CONFOUND		211
BFE_ENCLOSURE	5914d04c2309	INDIVIDUAL_BOUNDED_VS_OPEN_OR_COMMUNAL	FAMILY_SUFFIX_3:ABA	FAMILY_COMPONENT	FAMILY_SUFFIX_3:ABA	LIKELY_PAGE_CONFOUND	29	16	13	3	1	2	-0.09134615384615385	present=3	0.0	1	0.0	-1.919557007444677	-9.765047058389051	10	1.0	1.0	1.0	1.0	5	1.0	0	1.0	f77r:0.000000:0;f77v:0.000000:0;f80r:0.000000:0;f82r:0.000000:0;f82v:0.000000:1;f83r:0.000000:0;f83v:0.000000:0	f77r:0.000000:1;f77v:0.000000:1;f80r:0.000000:1;f82r:0.000000:1;f82v:0.000000:0;f83r:0.000000:1;f83v:0.000000:1	f77:0.000000:1;f80:0.000000:1;f82:0.000000:0;f83:0.000000:1	1	1	1.0	ZL3b:0.000000;IT2a:0.000000;RF1b:0.000000	NO_UNCERTAIN_ROWS	ONE_INFORMATIVE_ARRAY;ONE_POSITIVE_FOLIO		212
BFE_ENCLOSURE	bfb0c417a659	INDIVIDUAL_BOUNDED_VS_OPEN_OR_COMMUNAL	FAMILY_SUFFIX_3:BAB	FAMILY_COMPONENT	FAMILY_SUFFIX_3:BAB	LIKELY_PAGE_CONFOUND	29	16	13	2	1	1	-0.014423076923076927	present=2	0.0	1	0.0	-1.6300503902496963	-9.47554044119407	10	1.0	1.0	1.0	1.0	5	1.0	0	1.0	f77r:0.000000:0;f77v:0.000000:0;f80r:0.000000:0;f82r:0.000000:0;f82v:0.000000:1;f83r:0.000000:0;f83v:0.000000:0	f77r:0.000000:1;f77v:0.000000:1;f80r:0.000000:1;f82r:0.000000:1;f82v:0.000000:0;f83r:0.000000:1;f83v:0.000000:1	f77:0.000000:1;f80:0.000000:1;f82:0.000000:0;f83:0.000000:1	1	1	1.0	ZL3b:0.000000;IT2a:0.000000;RF1b:0.000000	NO_UNCERTAIN_ROWS	ONE_INFORMATIVE_ARRAY;ONE_POSITIVE_FOLIO;POSSIBLE_LENGTH_CONFOUND		213
BFE_ENCLOSURE	c10dc3705afd	INDIVIDUAL_BOUNDED_VS_OPEN_OR_COMMUNAL	FAMILY_SUFFIX_3:CAB	FAMILY_COMPONENT	FAMILY_SUFFIX_3:CAB;FAMILY_3GRAM:CAB	LIKELY_PAGE_CONFOUND	29	16	13	2	2	0	0.125	present=2	0.0	1	0.0	-1.3219280948873617	-9.167418145831736	10	1.0	1.0	1.0	1.0	5	1.0	0	1.0	f77r:0.000000:0;f77v:0.000000:0;f80r:0.000000:0;f82r:0.000000:0;f82v:0.000000:1;f83r:0.000000:0;f83v:0.000000:0	f77r:0.000000:1;f77v:0.000000:1;f80r:0.000000:1;f82r:0.000000:1;f82v:0.000000:0;f83r:0.000000:1;f83v:0.000000:1	f77:0.000000:1;f80:0.000000:1;f82:0.000000:0;f83:0.000000:1	1	1	1.0	ZL3b:0.000000;IT2a:0.000000;RF1b:0.000000	NO_UNCERTAIN_ROWS	ONE_INFORMATIVE_ARRAY;ZERO_NEGATIVE_SUPPORT;POSSIBLE_LENGTH_CONFOUND		214
BFE_ENCLOSURE	0ab1f80cd15d	INDIVIDUAL_BOUNDED_VS_OPEN_OR_COMMUNAL	FAMILY_SUFFIX_3:JBA	FAMILY_COMPONENT	FAMILY_SUFFIX_3:JBA	LIKELY_PAGE_CONFOUND	29	16	13	3	2	1	0.04807692307692307	present=3	0.3333333333333333	1	0.029474240423218733	-1.614709844115211	-9.460199895059585	10	1.0	1.0	1.0	1.0	5	1.0	0	1.0	f77r:0.000000:0;f77v:0.000000:0;f80r:0.000000:0;f82r:0.000000:0;f82v:0.333333:1;f83r:0.000000:0;f83v:0.000000:0	f77r:0.333333:1;f77v:0.333333:1;f80r:0.333333:1;f82r:0.333333:1;f82v:0.000000:0;f83r:0.333333:1;f83v:0.333333:1	f77:0.333333:1;f80:0.333333:1;f82:0.000000:0;f83:0.333333:1	1	1	1.0	ZL3b:0.333333;IT2a:0.333333;RF1b:0.333333	NO_UNCERTAIN_ROWS	ONE_INFORMATIVE_ARRAY		215
BFE_ENCLOSURE	821dae5f14bc	INDIVIDUAL_BOUNDED_VS_OPEN_OR_COMMUNAL	FAMILY_SUFFIX_3:KBA	FAMILY_COMPONENT	FAMILY_SUFFIX_3:KBA	LIKELY_PAGE_CONFOUND	29	16	13	4	3	1	0.11057692307692307	present=4	0.3333333333333333	1	0.029474240423218733	-2.4220647661728165	-10.26755481711719	10	1.0	1.0	1.0	1.0	5	1.0	0	1.0	f77r:0.000000:0;f77v:0.000000:0;f80r:0.000000:0;f82r:0.000000:0;f82v:0.333333:1;f83r:0.000000:0;f83v:0.000000:0	f77r:0.333333:1;f77v:0.333333:1;f80r:0.333333:1;f82r:0.333333:1;f82v:0.000000:0;f83r:0.333333:1;f83v:0.333333:1	f77:0.333333:1;f80:0.333333:1;f82:0.000000:0;f83:0.333333:1	1	1	1.0	ZL3b:0.333333;IT2a:0.333333;RF1b:0.333333	NO_UNCERTAIN_ROWS	ONE_INFORMATIVE_ARRAY		216
BFE_ENCLOSURE	b3e6a99cbb33	INDIVIDUAL_BOUNDED_VS_OPEN_OR_COMMUNAL	FAMILY_SUFFIX_3:QAC	FAMILY_COMPONENT	FAMILY_SUFFIX_3:QAC;EXACT_FAMILY:AQAC	LIKELY_PAGE_CONFOUND	29	16	13	2	0	2	-0.15384615384615385	present=2	0.0	1	0.0	-1.7004397181411015	-9.545929769085475	10	1.0	1.0	1.0	1.0	5	1.0	0	1.0	f77r:0.000000:0;f77v:0.000000:0;f80r:0.000000:0;f82r:0.000000:0;f82v:0.000000:1;f83r:0.000000:0;f83v:0.000000:0	f77r:0.000000:1;f77v:0.000000:1;f80r:0.000000:1;f82r:0.000000:1;f82v:0.000000:0;f83r:0.000000:1;f83v:0.000000:1	f77:0.000000:1;f80:0.000000:1;f82:0.000000:0;f83:0.000000:1	1	1	1.0	ZL3b:0.000000;IT2a:0.000000;RF1b:0.000000	NO_UNCERTAIN_ROWS	ONE_INFORMATIVE_ARRAY;ONE_POSITIVE_FOLIO;ZERO_POSITIVE_SUPPORT		217
BFE_ENCLOSURE	17e57e5760b5	INDIVIDUAL_BOUNDED_VS_OPEN_OR_COMMUNAL	MEMBER_TOKEN_IT2a:A3	MEMBER_CODE	MEMBER_TOKEN_IT2a:A3	LIKELY_PAGE_CONFOUND	29	16	13	16	10	6	0.16346153846153844	present=16	-0.16666666666666669	1	0.003443636900340514	-5.18961868017244	-13.035108731116814	10	1.0	1.0	1.0	1.0	5	1.0	0	1.0	f77r:0.000000:0;f77v:0.000000:0;f80r:0.000000:0;f82r:0.000000:0;f82v:-0.166667:1;f83r:0.000000:0;f83v:0.000000:0	f77r:-0.166667:1;f77v:-0.166667:1;f80r:-0.166667:1;f82r:-0.166667:1;f82v:0.000000:0;f83r:-0.166667:1;f83v:-0.166667:1	f77:-0.166667:1;f80:-0.166667:1;f82:0.000000:0;f83:-0.166667:1	1	1	0.8823529411764706	ZL3b:-0.166667;IT2a:-0.166667;RF1b:-0.166667	NO_UNCERTAIN_ROWS	ONE_INFORMATIVE_ARRAY	primary edition=IT2a	218
BFE_ENCLOSURE	b4b58b1631bd	INDIVIDUAL_BOUNDED_VS_OPEN_OR_COMMUNAL	MEMBER_TOKEN_RF1b:A1	MEMBER_CODE	MEMBER_TOKEN_RF1b:A1	LIKELY_PAGE_CONFOUND	29	16	13	25	13	12	-0.11057692307692313	present=25	0.0	1	0.0	-3.1590303603390275	-11.004520411283401	10	1.0	1.0	1.0	1.0	5	1.0	0	1.0	f77r:0.000000:0;f77v:0.000000:0;f80r:0.000000:0;f82r:0.000000:0;f82v:0.000000:1;f83r:0.000000:0;f83v:0.000000:0	f77r:0.000000:1;f77v:0.000000:1;f80r:0.000000:1;f82r:0.000000:1;f82v:0.000000:0;f83r:0.000000:1;f83v:0.000000:1	f77:0.000000:1;f80:0.000000:1;f82:0.000000:0;f83:0.000000:1	1	1	0.8928571428571429	ZL3b:0.000000;IT2a:0.000000;RF1b:0.000000	NO_UNCERTAIN_ROWS	ONE_INFORMATIVE_ARRAY	primary edition=RF1b	219
BFE_ENCLOSURE	486352c6f025	INDIVIDUAL_BOUNDED_VS_OPEN_OR_COMMUNAL	MEMBER_TOKEN_RF1b:A3	MEMBER_CODE	MEMBER_TOKEN_RF1b:A3	LIKELY_PAGE_CONFOUND	29	16	13	15	10	5	0.24038461538461536	present=15	-0.16666666666666669	1	0.003443636900340514	-5.0785873677836975	-12.924077418728071	10	1.0	1.0	1.0	1.0	5	1.0	0	1.0	f77r:0.000000:0;f77v:0.000000:0;f80r:0.000000:0;f82r:0.000000:0;f82v:-0.166667:1;f83r:0.000000:0;f83v:0.000000:0	f77r:-0.166667:1;f77v:-0.166667:1;f80r:-0.166667:1;f82r:-0.166667:1;f82v:0.000000:0;f83r:-0.166667:1;f83v:-0.166667:1	f77:-0.166667:1;f80:-0.166667:1;f82:0.000000:0;f83:-0.166667:1	1	1	0.8823529411764706	ZL3b:-0.166667;IT2a:-0.166667;RF1b:-0.166667	NO_UNCERTAIN_ROWS	ONE_INFORMATIVE_ARRAY	primary edition=RF1b	220
BFE_ENCLOSURE	2634fa3791bf	INDIVIDUAL_BOUNDED_VS_OPEN_OR_COMMUNAL	MEMBER_TOKEN_RF1b:Aa	MEMBER_CODE	MEMBER_TOKEN_RF1b:Aa	LIKELY_PAGE_CONFOUND	29	16	13	5	2	3	-0.10576923076923078	present=5	0.0	1	0.0	-3.5342668515598916	-11.379756902504266	10	1.0	1.0	1.0	1.0	5	1.0	0	1.0	f77r:0.000000:0;f77v:0.000000:0;f80r:0.000000:0;f82r:0.000000:0;f82v:0.000000:1;f83r:0.000000:0;f83v:0.000000:0	f77r:0.000000:1;f77v:0.000000:1;f80r:0.000000:1;f82r:0.000000:1;f82v:0.000000:0;f83r:0.000000:1;f83v:0.000000:1	f77:0.000000:1;f80:0.000000:1;f82:0.000000:0;f83:0.000000:1	1	1	0.0	ZL3b:0.000000;IT2a:0.000000;RF1b:0.000000	NO_UNCERTAIN_ROWS	ONE_INFORMATIVE_ARRAY	primary edition=RF1b	221
BFE_ENCLOSURE	64b411c13bca	INDIVIDUAL_BOUNDED_VS_OPEN_OR_COMMUNAL	MEMBER_TOKEN_RF1b:B1	MEMBER_CODE	MEMBER_TOKEN_RF1b:B1	LIKELY_PAGE_CONFOUND	29	16	13	8	5	3	0.08173076923076922	present=8	0.3333333333333333	1	0.029474240423218733	-3.6046561794512897	-11.450146230395664	10	1.0	1.0	1.0	1.0	5	1.0	0	1.0	f77r:0.000000:0;f77v:0.000000:0;f80r:0.000000:0;f82r:0.000000:0;f82v:0.333333:1;f83r:0.000000:0;f83v:0.000000:0	f77r:0.333333:1;f77v:0.333333:1;f80r:0.333333:1;f82r:0.333333:1;f82v:0.000000:0;f83r:0.333333:1;f83v:0.333333:1	f77:0.333333:1;f80:0.333333:1;f82:0.000000:0;f83:0.333333:1	1	1	0.6666666666666666	ZL3b:0.666667;IT2a:0.666667;RF1b:0.333333	NO_UNCERTAIN_ROWS	ONE_INFORMATIVE_ARRAY	primary edition=RF1b	222
BFE_ENCLOSURE	ea8bf55d83d0	INDIVIDUAL_BOUNDED_VS_OPEN_OR_COMMUNAL	MEMBER_TOKEN_RF1b:Ba	MEMBER_CODE	MEMBER_TOKEN_RF1b:Ba	LIKELY_PAGE_CONFOUND	29	16	13	3	2	1	0.04807692307692307	present=3	0.3333333333333333	1	0.029474240423218733	-1.5443205162238094	-9.389810567168183	10	1.0	1.0	1.0	1.0	5	1.0	0	1.0	f77r:0.000000:0;f77v:0.000000:0;f80r:0.000000:0;f82r:0.000000:0;f82v:0.333333:1;f83r:0.000000:0;f83v:0.000000:0	f77r:0.333333:1;f77v:0.333333:1;f80r:0.333333:1;f82r:0.333333:1;f82v:0.000000:0;f83r:0.333333:1;f83v:0.333333:1	f77:0.333333:1;f80:0.333333:1;f82:0.000000:0;f83:0.333333:1	1	1	0.0	ZL3b:0.000000;IT2a:0.000000;RF1b:0.333333	NO_UNCERTAIN_ROWS	ONE_INFORMATIVE_ARRAY;POSSIBLE_LENGTH_CONFOUND	primary edition=RF1b	223
BFE_ENCLOSURE	0679d6bd2388	INDIVIDUAL_BOUNDED_VS_OPEN_OR_COMMUNAL	MEMBER_TOKEN_ZL3b:A3	MEMBER_CODE	MEMBER_TOKEN_ZL3b:A3	LIKELY_PAGE_CONFOUND	29	16	13	16	10	6	0.16346153846153844	present=16	-0.16666666666666669	1	0.003443636900340514	-5.18961868017244	-13.035108731116814	10	1.0	1.0	1.0	1.0	5	1.0	0	1.0	f77r:0.000000:0;f77v:0.000000:0;f80r:0.000000:0;f82r:0.000000:0;f82v:-0.166667:1;f83r:0.000000:0;f83v:0.000000:0	f77r:-0.166667:1;f77v:-0.166667:1;f80r:-0.166667:1;f82r:-0.166667:1;f82v:0.000000:0;f83r:-0.166667:1;f83v:-0.166667:1	f77:-0.166667:1;f80:-0.166667:1;f82:0.000000:0;f83:-0.166667:1	1	1	0.8823529411764706	ZL3b:-0.166667;IT2a:-0.166667;RF1b:-0.166667	NO_UNCERTAIN_ROWS	ONE_INFORMATIVE_ARRAY	primary edition=ZL3b	224
BFE_ENCLOSURE	5ed661434e83	INDIVIDUAL_BOUNDED_VS_OPEN_OR_COMMUNAL	MEMBER_TOKEN_ZL3b:B2	MEMBER_CODE	MEMBER_TOKEN_ZL3b:B2;MEMBER_TOKEN_IT2a:B2;MEMBER_TOKEN_RF1b:B2	LIKELY_PAGE_CONFOUND	29	16	13	18	9	9	-0.1298076923076923	present=18	0.16666666666666663	1	0.003443636900340514	-4.1896186801724475	-12.035108731116821	10	1.0	1.0	1.0	1.0	5	1.0	0	1.0	f77r:0.000000:0;f77v:0.000000:0;f80r:0.000000:0;f82r:0.000000:0;f82v:0.166667:1;f83r:0.000000:0;f83v:0.000000:0	f77r:0.166667:1;f77v:0.166667:1;f80r:0.166667:1;f82r:0.166667:1;f82v:0.000000:0;f83r:0.166667:1;f83v:0.166667:1	f77:0.166667:1;f80:0.166667:1;f82:0.000000:0;f83:0.166667:1	1	1	1.0	ZL3b:0.166667;IT2a:0.166667;RF1b:0.166667	NO_UNCERTAIN_ROWS	ONE_INFORMATIVE_ARRAY	primary edition=ZL3b	225
BFE_ENCLOSURE	da09f43bedac	INDIVIDUAL_BOUNDED_VS_OPEN_OR_COMMUNAL	MEMBER_TOKEN_ZL3b:C2	MEMBER_CODE	MEMBER_TOKEN_ZL3b:C2;MEMBER_TOKEN_IT2a:C2;MEMBER_TOKEN_RF1b:C2	LIKELY_PAGE_CONFOUND	29	16	13	3	2	1	0.04807692307692307	present=3	0.0	1	0.0	-2.215012890970854	-10.060502941915228	10	1.0	1.0	1.0	1.0	5	1.0	0	1.0	f77r:0.000000:0;f77v:0.000000:0;f80r:0.000000:0;f82r:0.000000:0;f82v:0.000000:1;f83r:0.000000:0;f83v:0.000000:0	f77r:0.000000:1;f77v:0.000000:1;f80r:0.000000:1;f82r:0.000000:1;f82v:0.000000:0;f83r:0.000000:1;f83v:0.000000:1	f77:0.000000:1;f80:0.000000:1;f82:0.000000:0;f83:0.000000:1	1	1	1.0	ZL3b:0.000000;IT2a:0.000000;RF1b:0.000000	NO_UNCERTAIN_ROWS	ONE_INFORMATIVE_ARRAY	primary edition=ZL3b	226
BFE_ENCLOSURE	a05d14623fb3	INDIVIDUAL_BOUNDED_VS_OPEN_OR_COMMUNAL	MEMBER_TOKEN_ZL3b:K1	MEMBER_CODE	MEMBER_TOKEN_ZL3b:K1;MEMBER_TOKEN_IT2a:K1;MEMBER_TOKEN_RF1b:K1	LIKELY_PAGE_CONFOUND	29	16	13	8	7	1	0.3605769230769231	present=8	0.3333333333333333	1	0.029474240423218733	-4.047999047950274	-11.893489098894648	10	1.0	1.0	1.0	1.0	5	1.0	0	1.0	f77r:0.000000:0;f77v:0.000000:0;f80r:0.000000:0;f82r:0.000000:0;f82v:0.333333:1;f83r:0.000000:0;f83v:0.000000:0	f77r:0.333333:1;f77v:0.333333:1;f80r:0.333333:1;f82r:0.333333:1;f82v:0.000000:0;f83r:0.333333:1;f83v:0.333333:1	f77:0.333333:1;f80:0.333333:1;f82:0.000000:0;f83:0.333333:1	1	1	1.0	ZL3b:0.333333;IT2a:0.333333;RF1b:0.333333	NO_UNCERTAIN_ROWS	ONE_INFORMATIVE_ARRAY	primary edition=ZL3b	227
BFE_ENCLOSURE	6d5349d1c389	INDIVIDUAL_BOUNDED_VS_OPEN_OR_COMMUNAL	MEMBER_TOKEN_ZL3b:Q1	MEMBER_CODE	MEMBER_TOKEN_ZL3b:Q1;MEMBER_TOKEN_IT2a:Q1;MEMBER_TOKEN_RF1b:Q1	LIKELY_PAGE_CONFOUND	29	16	13	16	6	10	-0.3942307692307693	present=16	-0.33333333333333337	1	0.029474240423218733	-3.3967633278099534	-11.242253378754327	10	1.0	1.0	1.0	1.0	5	1.0	0	1.0	f77r:0.000000:0;f77v:0.000000:0;f80r:0.000000:0;f82r:0.000000:0;f82v:-0.333333:1;f83r:0.000000:0;f83v:0.000000:0	f77r:-0.333333:1;f77v:-0.333333:1;f80r:-0.333333:1;f82r:-0.333333:1;f82v:0.000000:0;f83r:-0.333333:1;f83v:-0.333333:1	f77:-0.333333:1;f80:-0.333333:1;f82:0.000000:0;f83:-0.333333:1	1	1	1.0	ZL3b:-0.333333;IT2a:-0.333333;RF1b:-0.333333	NO_UNCERTAIN_ROWS	ONE_INFORMATIVE_ARRAY	primary edition=ZL3b	228
BFE_ENCLOSURE	4e9e22f228b4	INDIVIDUAL_BOUNDED_VS_OPEN_OR_COMMUNAL	MEMBER_TOKEN_ZL3b:Q2	MEMBER_CODE	MEMBER_TOKEN_ZL3b:Q2;MEMBER_TOKEN_IT2a:Q2;MEMBER_TOKEN_RF1b:Q2	LIKELY_PAGE_CONFOUND	29	16	13	6	5	1	0.23557692307692307	present=6	0.3333333333333333	1	0.029474240423218733	-2.199672344836369	-10.045162395780743	10	1.0	1.0	1.0	1.0	5	1.0	0	1.0	f77r:0.000000:0;f77v:0.000000:0;f80r:0.000000:0;f82r:0.000000:0;f82v:0.333333:1;f83r:0.000000:0;f83v:0.000000:0	f77r:0.333333:1;f77v:0.333333:1;f80r:0.333333:1;f82r:0.333333:1;f82v:0.000000:0;f83r:0.333333:1;f83v:0.333333:1	f77:0.333333:1;f80:0.333333:1;f82:0.000000:0;f83:0.333333:1	1	1	1.0	ZL3b:0.333333;IT2a:0.333333;RF1b:0.333333	NO_UNCERTAIN_ROWS	ONE_INFORMATIVE_ARRAY	primary edition=ZL3b	229
BFE_ENCLOSURE	a545d712de20	INDIVIDUAL_BOUNDED_VS_OPEN_OR_COMMUNAL	SYMBOL_COUNT_GE:7	CONSTRUCTION	SYMBOL_COUNT_GE:7	LIKELY_PAGE_CONFOUND	29	16	13	7	5	2	0.15865384615384615	present=7	0.0	1	0.0	-4.204118249867566	-12.04960830081194	10	1.0	1.0	1.0	1.0	5	1.0	0	1.0	f77r:0.000000:0;f77v:0.000000:0;f80r:0.000000:0;f82r:0.000000:0;f82v:0.000000:1;f83r:0.000000:0;f83v:0.000000:0	f77r:0.000000:1;f77v:0.000000:1;f80r:0.000000:1;f82r:0.000000:1;f82v:0.000000:0;f83r:0.000000:1;f83v:0.000000:1	f77:0.000000:1;f80:0.000000:1;f82:0.000000:0;f83:0.000000:1	1	1	1.0	ZL3b:0.000000;IT2a:0.000000;RF1b:0.000000	NO_UNCERTAIN_ROWS	ONE_INFORMATIVE_ARRAY;POSSIBLE_LENGTH_CONFOUND		230
CONTACT_GAP	b8d69538f3a7	CONTACT_VS_CLEAR_GAP	(FAMILY_1GRAM:K)_OR_(FAMILY_PREFIX_3:CAC)	JOINT_DEPTH2		WEAK	26	8	18	7	3	4	0.1527777777777778	present=7	0.6833333333333332	3	0.26552585029001885	2.7072182507721507	-5.150762744355421	2520	0.027777777777777776	0.05555555555555555	0.5067460317460317	0.8515873015873016	288	0.027777777777777776	3	0.3333333333333333	F100R_L2:0.800000:1;F100V_L1:0.000000:0;F89R2_L4:0.000000:0;F99V_L1:0.250000:1;F99V_L2:1.000000:1	F100R_L2:0.625000:2;F100V_L1:0.683333:3;F89R2_L4:0.683333:3;F99V_L1:0.900000:2;F99V_L2:0.525000:2	f100:0.625000:2;f89:0.683333:3;f99:0.800000:1	1	1		NOT_EVALUATED_POSTSELECTED_JOINT	AS_CONTACT:effect=0.683333,p=0.027778,worlds=2520;AS_CLEAR_GAP:effect=0.512500,p=0.027778,worlds=7560	POSTSELECTED_COMBINATION;EDITION_ROBUSTNESS_NOT_EVALUATED	Postselected depth-2 exploratory combination.	231
CONTACT_GAP	dbb8472e2736	CONTACT_VS_CLEAR_GAP	(FAMILY_2GRAM:KA)_OR_(FAMILY_PREFIX_3:CAC)	JOINT_DEPTH2		WEAK	26	8	18	6	3	3	0.20833333333333334	present=6	0.6833333333333332	3	0.26552585029001885	2.5552151573271047	-5.302765837800467	2520	0.027777777777777776	0.05555555555555555	0.5067460317460317	0.8515873015873016	288	0.027777777777777776	3	0.3333333333333333	F100R_L2:0.800000:1;F100V_L1:0.000000:0;F89R2_L4:0.000000:0;F99V_L1:0.250000:1;F99V_L2:1.000000:1	F100R_L2:0.625000:2;F100V_L1:0.683333:3;F89R2_L4:0.683333:3;F99V_L1:0.900000:2;F99V_L2:0.525000:2	f100:0.625000:2;f89:0.683333:3;f99:0.800000:1	1	1		NOT_EVALUATED_POSTSELECTED_JOINT	AS_CONTACT:effect=0.683333,p=0.027778,worlds=2520;AS_CLEAR_GAP:effect=0.512500,p=0.027778,worlds=7560	POSTSELECTED_COMBINATION;EDITION_ROBUSTNESS_NOT_EVALUATED	Postselected depth-2 exploratory combination.	232
CONTACT_GAP	245100cf8af8	CONTACT_VS_CLEAR_GAP	(MEMBER_TOKEN_ZL3b:A1)_OR_(MEMBER_TOKEN_ZL3b:B1)	JOINT_DEPTH2		WEAK	26	8	18	24	6	18	-0.25	present=24	-0.6666666666666666	3	0.30001034845308655	5.169925001442316	-2.688055993685256	2520	0.027777777777777776	0.027777777777777776	0.5416666666666666	0.6833333333333333	288	0.027777777777777776	3	0.3333333333333333	F100R_L2:-1.000000:1;F100V_L1:0.000000:0;F89R2_L4:0.000000:0;F99V_L1:0.000000:1;F99V_L2:-1.000000:1	F100R_L2:-0.500000:2;F100V_L1:-0.666667:3;F89R2_L4:-0.666667:3;F99V_L1:-1.000000:2;F99V_L2:-0.500000:2	f100:-0.500000:2;f89:-0.666667:3;f99:-1.000000:1	1	1		NOT_EVALUATED_POSTSELECTED_JOINT	AS_CONTACT:effect=-0.666667,p=0.027778,worlds=2520;AS_CLEAR_GAP:effect=-0.250000,p=0.444444,worlds=7560	POSTSELECTED_COMBINATION;EDITION_ROBUSTNESS_NOT_EVALUATED	Postselected depth-2 exploratory combination.	233
CONTACT_GAP	415d37410c79	CONTACT_VS_CLEAR_GAP	MEMBER_TOKEN_ZL3b:A1	MEMBER_CODE	MEMBER_TOKEN_ZL3b:A1;MEMBER_TOKEN_RF1b:A1	WEAK	26	8	18	22	5	17	-0.3194444444444444	present=22	-0.6833333333333332	3	0.26552585029001885	3.51457317282976	-4.343407822297812	2520	0.027777777777777776	0.05555555555555555	0.5067460317460317	0.8515873015873016	288	0.027777777777777776	3	1.0	F100R_L2:-1.000000:1;F100V_L1:0.000000:0;F89R2_L4:0.000000:0;F99V_L1:-0.250000:1;F99V_L2:-0.800000:1	F100R_L2:-0.525000:2;F100V_L1:-0.683333:3;F89R2_L4:-0.683333:3;F99V_L1:-0.900000:2;F99V_L2:-0.625000:2	f100:-0.525000:2;f89:-0.683333:3;f99:-1.000000:1	1	1	0.9565217391304348	ZL3b:-0.683333;IT2a:-0.350000;RF1b:-0.683333	AS_CONTACT:effect=-0.683333,p=0.027778,worlds=2520;AS_CLEAR_GAP:effect=-0.262500,p=0.361111,worlds=7560	NONE	primary edition=ZL3b	234
CONTACT_GAP	f895fb42ad4f	CONTACT_VS_CLEAR_GAP	(FAMILY_1GRAM:K)_OR_(FAMILY_SUFFIX_3:ACA)	JOINT_DEPTH2		WEAK	26	8	18	10	4	6	0.16666666666666669	present=10	0.6333333333333333	3	0.21290794435730173	1.1222557500509964	-6.735725245076575	2520	0.03571428571428571	0.14285714285714285	0.6623015873015873	0.9841269841269841	288	0.041666666666666664	3	0.3333333333333333	F100R_L2:0.800000:1;F100V_L1:0.000000:0;F89R2_L4:0.000000:0;F99V_L1:0.500000:1;F99V_L2:0.600000:1	F100R_L2:0.550000:2;F100V_L1:0.633333:3;F89R2_L4:0.633333:3;F99V_L1:0.700000:2;F99V_L2:0.650000:2	f100:0.550000:2;f89:0.633333:3;f99:0.800000:1	1	1		NOT_EVALUATED_POSTSELECTED_JOINT	AS_CONTACT:effect=0.633333,p=0.035714,worlds=2520;AS_CLEAR_GAP:effect=0.475000,p=0.035714,worlds=7560	POSTSELECTED_COMBINATION;EDITION_ROBUSTNESS_NOT_EVALUATED	Postselected depth-2 exploratory combination.	235
CONTACT_GAP	5f5c95786da2	CONTACT_VS_CLEAR_GAP	(FAMILY_2GRAM:KA)_OR_(FAMILY_SUFFIX_3:ACA)	JOINT_DEPTH2		WEAK	26	8	18	9	4	5	0.2222222222222222	present=9	0.6333333333333333	3	0.21290794435730173	0.9702526566059504	-6.8877283385216215	2520	0.03571428571428571	0.14285714285714285	0.6623015873015873	0.9841269841269841	288	0.041666666666666664	3	0.3333333333333333	F100R_L2:0.800000:1;F100V_L1:0.000000:0;F89R2_L4:0.000000:0;F99V_L1:0.500000:1;F99V_L2:0.600000:1	F100R_L2:0.550000:2;F100V_L1:0.633333:3;F89R2_L4:0.633333:3;F99V_L1:0.700000:2;F99V_L2:0.650000:2	f100:0.550000:2;f89:0.633333:3;f99:0.800000:1	1	1		NOT_EVALUATED_POSTSELECTED_JOINT	AS_CONTACT:effect=0.633333,p=0.035714,worlds=2520;AS_CLEAR_GAP:effect=0.475000,p=0.035714,worlds=7560	POSTSELECTED_COMBINATION;EDITION_ROBUSTNESS_NOT_EVALUATED	Postselected depth-2 exploratory combination.	236
CONTACT_GAP	da002e853f89	CONTACT_VS_CLEAR_GAP	(FAMILY_PREFIX_1:K)_OR_(FAMILY_PREFIX_3:CAC)	JOINT_DEPTH2		WEAK	26	8	18	4	2	2	0.1388888888888889	present=4	0.6	3	0.22308727153000962	2.5145731728297562	-5.343407822297816	2520	0.05555555555555555	0.05555555555555555	0.7607142857142857	0.9563492063492064	288	0.05555555555555555	3	0.3333333333333333	F100R_L2:0.800000:1;F100V_L1:0.000000:0;F89R2_L4:0.000000:0;F99V_L1:0.000000:1;F99V_L2:1.000000:1	F100R_L2:0.500000:2;F100V_L1:0.600000:3;F89R2_L4:0.600000:3;F99V_L1:0.900000:2;F99V_L2:0.400000:2	f100:0.500000:2;f89:0.600000:3;f99:0.800000:1	1	1		NOT_EVALUATED_POSTSELECTED_JOINT	AS_CONTACT:effect=0.600000,p=0.055556,worlds=2520;AS_CLEAR_GAP:effect=0.450000,p=0.055556,worlds=7560	POSTSELECTED_COMBINATION;EDITION_ROBUSTNESS_NOT_EVALUATED	Postselected depth-2 exploratory combination.	237
CONTACT_GAP	e253b99163b8	CONTACT_VS_CLEAR_GAP	(FAMILY_PREFIX_3:CAC)_OR_(SYMBOL_COUNT_GE:5)	JOINT_DEPTH2		WEAK	26	8	18	20	8	12	0.33333333333333337	present=20	0.3833333333333333	3	0.1940531368314147	1.7072182507721507	-6.150762744355421	2520	0.07142857142857142	0.14285714285714285	1.0	0.9880952380952381	288	0.08333333333333333	3	0.3333333333333333	F100R_L2:0.000000:1;F100V_L1:0.000000:0;F89R2_L4:0.000000:0;F99V_L1:0.750000:1;F99V_L2:0.400000:1	F100R_L2:0.575000:2;F100V_L1:0.383333:3;F89R2_L4:0.383333:3;F99V_L1:0.200000:2;F99V_L2:0.375000:2	f100:0.575000:2;f89:0.383333:3;f99:0.000000:1	1	1		NOT_EVALUATED_POSTSELECTED_JOINT	AS_CONTACT:effect=0.383333,p=0.071429,worlds=2520;AS_CLEAR_GAP:effect=0.287500,p=0.071429,worlds=7560	POSTSELECTED_COMBINATION;EDITION_ROBUSTNESS_NOT_EVALUATED	Postselected depth-2 exploratory combination.	238
CONTACT_GAP	c296f4b53c44	CONTACT_VS_CLEAR_GAP	(MEMBER_TOKEN_RF1b:A3)_AND_(MEMBER_TOKEN_ZL3b:A2)	JOINT_DEPTH2		WEAK	26	8	18	7	5	2	0.5138888888888888	present=7	0.45	3	0.21290794435730176	2.344648171387444	-5.513332823740128	2520	0.07142857142857142	0.14285714285714285	0.996031746031746	0.9841269841269841	288	0.0625	3	0.3333333333333333	F100R_L2:0.000000:1;F100V_L1:0.000000:0;F89R2_L4:0.000000:0;F99V_L1:0.750000:1;F99V_L2:0.600000:1	F100R_L2:0.675000:2;F100V_L1:0.450000:3;F89R2_L4:0.450000:3;F99V_L1:0.300000:2;F99V_L2:0.375000:2	f100:0.675000:2;f89:0.450000:3;f99:0.000000:1	1	1		NOT_EVALUATED_POSTSELECTED_JOINT	AS_CONTACT:effect=0.450000,p=0.071429,worlds=2520;AS_CLEAR_GAP:effect=0.212500,p=0.511905,worlds=7560	POSTSELECTED_COMBINATION;EDITION_ROBUSTNESS_NOT_EVALUATED	Postselected depth-2 exploratory combination.	239
CONTACT_GAP	73c2a48daa95	CONTACT_VS_CLEAR_GAP	(FAMILY_1GRAM:K)_AND_(SYMBOL_COUNT_GE:5)	JOINT_DEPTH2		WEAK	26	8	18	4	2	2	0.1388888888888889	present=4	0.4166666666666667	3	0.1924437529865525	1.8182495631608973	-6.039731431966675	2520	0.08333333333333333	0.16666666666666666	0.9992063492063492	1.0	288	0.08333333333333333	3	1.0	F100R_L2:1.000000:1;F100V_L1:0.000000:0;F89R2_L4:0.000000:0;F99V_L1:0.250000:1;F99V_L2:0.000000:1	F100R_L2:0.125000:2;F100V_L1:0.416667:3;F89R2_L4:0.416667:3;F99V_L1:0.500000:2;F99V_L2:0.625000:2	f100:0.125000:2;f89:0.416667:3;f99:1.000000:1	1	1		NOT_EVALUATED_POSTSELECTED_JOINT	AS_CONTACT:effect=0.416667,p=0.083333,worlds=2520;AS_CLEAR_GAP:effect=0.312500,p=0.083333,worlds=7560	POSTSELECTED_COMBINATION;EDITION_ROBUSTNESS_NOT_EVALUATED;POSSIBLE_LENGTH_CONFOUND	Postselected depth-2 exploratory combination.	240
CONTACT_GAP	747adc43d584	CONTACT_VS_CLEAR_GAP	(FAMILY_1GRAM:K)_AND_(SYMBOL_COUNT_GE:6)	JOINT_DEPTH2		WEAK	26	8	18	2	2	0	0.25	present=2	0.4166666666666667	3	0.1924437529865525	2.777607578663549	-5.080373416464023	2520	0.08333333333333333	0.16666666666666666	0.9992063492063492	1.0	288	0.08333333333333333	3	1.0	F100R_L2:1.000000:1;F100V_L1:0.000000:0;F89R2_L4:0.000000:0;F99V_L1:0.250000:1;F99V_L2:0.000000:1	F100R_L2:0.125000:2;F100V_L1:0.416667:3;F89R2_L4:0.416667:3;F99V_L1:0.500000:2;F99V_L2:0.625000:2	f100:0.125000:2;f89:0.416667:3;f99:1.000000:1	1	1		NOT_EVALUATED_POSTSELECTED_JOINT	AS_CONTACT:effect=0.416667,p=0.083333,worlds=2520;AS_CLEAR_GAP:effect=0.312500,p=0.083333,worlds=7560	POSTSELECTED_COMBINATION;EDITION_ROBUSTNESS_NOT_EVALUATED;ZERO_NEGATIVE_SUPPORT;POSSIBLE_LENGTH_CONFOUND	Postselected depth-2 exploratory combination.	241
CONTACT_GAP	d322bd6cc474	CONTACT_VS_CLEAR_GAP	(FAMILY_1GRAM:K)_OR_(MEMBER_TOKEN_ZL3b:A2)	JOINT_DEPTH2		WEAK	26	8	18	17	7	10	0.3194444444444444	present=17	0.5499999999999999	3	0.15956863866834697	0.27425884349604956	-7.583722151631522	2520	0.08333333333333333	0.3333333333333333	0.8654761904761905	1.0	288	0.08333333333333333	3	0.3333333333333333	F100R_L2:0.800000:1;F100V_L1:0.000000:0;F89R2_L4:0.000000:0;F99V_L1:0.250000:1;F99V_L2:0.600000:1	F100R_L2:0.425000:2;F100V_L1:0.550000:3;F89R2_L4:0.550000:3;F99V_L1:0.700000:2;F99V_L2:0.525000:2	f100:0.425000:2;f89:0.550000:3;f99:0.800000:1	1	1		NOT_EVALUATED_POSTSELECTED_JOINT	AS_CONTACT:effect=0.550000,p=0.083333,worlds=2520;AS_CLEAR_GAP:effect=0.287500,p=0.416667,worlds=7560	POSTSELECTED_COMBINATION;EDITION_ROBUSTNESS_NOT_EVALUATED	Postselected depth-2 exploratory combination.	242
CONTACT_GAP	8524c7180d1b	CONTACT_VS_CLEAR_GAP	(FAMILY_2GRAM:KA)_AND_(SYMBOL_COUNT_GE:5)	JOINT_DEPTH2		WEAK	26	8	18	3	2	1	0.19444444444444445	present=3	0.4166666666666667	3	0.1924437529865525	1.9702526566059433	-5.887728338521629	2520	0.08333333333333333	0.16666666666666666	0.9992063492063492	1.0	288	0.08333333333333333	3	1.0	F100R_L2:1.000000:1;F100V_L1:0.000000:0;F89R2_L4:0.000000:0;F99V_L1:0.250000:1;F99V_L2:0.000000:1	F100R_L2:0.125000:2;F100V_L1:0.416667:3;F89R2_L4:0.416667:3;F99V_L1:0.500000:2;F99V_L2:0.625000:2	f100:0.125000:2;f89:0.416667:3;f99:1.000000:1	1	1		NOT_EVALUATED_POSTSELECTED_JOINT	AS_CONTACT:effect=0.416667,p=0.083333,worlds=2520;AS_CLEAR_GAP:effect=0.312500,p=0.083333,worlds=7560	POSTSELECTED_COMBINATION;EDITION_ROBUSTNESS_NOT_EVALUATED;POSSIBLE_LENGTH_CONFOUND	Postselected depth-2 exploratory combination.	243
CONTACT_GAP	96a12370bb28	CONTACT_VS_CLEAR_GAP	(FAMILY_2GRAM:KA)_OR_(MEMBER_TOKEN_ZL3b:A2)	JOINT_DEPTH2		WEAK	26	8	18	16	7	9	0.375	present=16	0.5499999999999999	3	0.15956863866834697	-0.5330960785615559	-8.391077073689129	2520	0.08333333333333333	0.3333333333333333	0.8654761904761905	1.0	288	0.08333333333333333	3	0.3333333333333333	F100R_L2:0.800000:1;F100V_L1:0.000000:0;F89R2_L4:0.000000:0;F99V_L1:0.250000:1;F99V_L2:0.600000:1	F100R_L2:0.425000:2;F100V_L1:0.550000:3;F89R2_L4:0.550000:3;F99V_L1:0.700000:2;F99V_L2:0.525000:2	f100:0.425000:2;f89:0.550000:3;f99:0.800000:1	1	1		NOT_EVALUATED_POSTSELECTED_JOINT	AS_CONTACT:effect=0.550000,p=0.083333,worlds=2520;AS_CLEAR_GAP:effect=0.287500,p=0.416667,worlds=7560	POSTSELECTED_COMBINATION;EDITION_ROBUSTNESS_NOT_EVALUATED	Postselected depth-2 exploratory combination.	244
CONTACT_GAP	25bf28d133b7	CONTACT_VS_CLEAR_GAP	(FAMILY_PREFIX_1:K)_OR_(FAMILY_SUFFIX_3:ACA)	JOINT_DEPTH2		WEAK	26	8	18	7	3	4	0.1527777777777778	present=7	0.5499999999999999	3	0.15956863866834697	0.05186642215959836	-7.8061145729679735	2520	0.08333333333333333	0.3333333333333333	0.8654761904761905	1.0	288	0.08333333333333333	3	0.3333333333333333	F100R_L2:0.800000:1;F100V_L1:0.000000:0;F89R2_L4:0.000000:0;F99V_L1:0.250000:1;F99V_L2:0.600000:1	F100R_L2:0.425000:2;F100V_L1:0.550000:3;F89R2_L4:0.550000:3;F99V_L1:0.700000:2;F99V_L2:0.525000:2	f100:0.425000:2;f89:0.550000:3;f99:0.800000:1	1	1		NOT_EVALUATED_POSTSELECTED_JOINT	AS_CONTACT:effect=0.550000,p=0.083333,worlds=2520;AS_CLEAR_GAP:effect=0.412500,p=0.083333,worlds=7560	POSTSELECTED_COMBINATION;EDITION_ROBUSTNESS_NOT_EVALUATED	Postselected depth-2 exploratory combination.	245
CONTACT_GAP	dc4b2b30537b	CONTACT_VS_CLEAR_GAP	(FAMILY_PREFIX_1:K)_OR_(MEMBER_TOKEN_ZL3b:A2)	JOINT_DEPTH2		WEAK	26	8	18	15	7	8	0.4305555555555556	present=15	0.5499999999999999	3	0.15956863866834697	-0.685099172006602	-8.543080167134175	2520	0.08333333333333333	0.3333333333333333	0.8654761904761905	1.0	288	0.08333333333333333	3	0.3333333333333333	F100R_L2:0.800000:1;F100V_L1:0.000000:0;F89R2_L4:0.000000:0;F99V_L1:0.250000:1;F99V_L2:0.600000:1	F100R_L2:0.425000:2;F100V_L1:0.550000:3;F89R2_L4:0.550000:3;F99V_L1:0.700000:2;F99V_L2:0.525000:2	f100:0.425000:2;f89:0.550000:3;f99:0.800000:1	1	1		NOT_EVALUATED_POSTSELECTED_JOINT	AS_CONTACT:effect=0.550000,p=0.083333,worlds=2520;AS_CLEAR_GAP:effect=0.287500,p=0.416667,worlds=7560	POSTSELECTED_COMBINATION;EDITION_ROBUSTNESS_NOT_EVALUATED	Postselected depth-2 exploratory combination.	246
CONTACT_GAP	51853f4717d2	CONTACT_VS_CLEAR_GAP	FAMILY_1GRAM:K	FAMILY_COMPONENT	FAMILY_1GRAM:K;MEMBER_TOKEN_ZL3b:K1;MEMBER_TOKEN_IT2a:K1	WEAK	26	8	18	5	2	3	0.08333333333333334	present=5	0.4166666666666667	3	0.1924437529865525	1.9702526566059433	-5.887728338521629	2520	0.08333333333333333	0.16666666666666666	0.9992063492063492	1.0	288	0.08333333333333333	3	1.0	F100R_L2:1.000000:1;F100V_L1:0.000000:0;F89R2_L4:0.000000:0;F99V_L1:0.250000:1;F99V_L2:0.000000:1	F100R_L2:0.125000:2;F100V_L1:0.416667:3;F89R2_L4:0.416667:3;F99V_L1:0.500000:2;F99V_L2:0.625000:2	f100:0.125000:2;f89:0.416667:3;f99:1.000000:1	1	1	1.0	ZL3b:0.416667;IT2a:0.416667;RF1b:0.416667	AS_CONTACT:effect=0.416667,p=0.083333,worlds=2520;AS_CLEAR_GAP:effect=0.312500,p=0.083333,worlds=7560	POSSIBLE_LENGTH_CONFOUND		247
CONTACT_GAP	b32eed2f31a8	CONTACT_VS_CLEAR_GAP	FAMILY_2GRAM:KA	FAMILY_COMPONENT	FAMILY_2GRAM:KA	WEAK	26	8	18	4	2	2	0.1388888888888889	present=4	0.4166666666666667	3	0.1924437529865525	1.8182495631608973	-6.039731431966675	2520	0.08333333333333333	0.16666666666666666	0.9992063492063492	1.0	288	0.08333333333333333	3	1.0	F100R_L2:1.000000:1;F100V_L1:0.000000:0;F89R2_L4:0.000000:0;F99V_L1:0.250000:1;F99V_L2:0.000000:1	F100R_L2:0.125000:2;F100V_L1:0.416667:3;F89R2_L4:0.416667:3;F99V_L1:0.500000:2;F99V_L2:0.625000:2	f100:0.125000:2;f89:0.416667:3;f99:1.000000:1	1	1	1.0	ZL3b:0.416667;IT2a:0.416667;RF1b:0.416667	AS_CONTACT:effect=0.416667,p=0.083333,worlds=2520;AS_CLEAR_GAP:effect=0.312500,p=0.083333,worlds=7560	POSSIBLE_LENGTH_CONFOUND		248
CONTACT_GAP	dd9b3bd7eeb0	CONTACT_VS_CLEAR_GAP	(MEMBER_TOKEN_ZL3b:A1)_AND_(MEMBER_TOKEN_IT2a:B2)	JOINT_DEPTH2		WEAK	26	8	18	12	3	9	-0.125	present=12	-0.3833333333333333	3	0.19120567832576213	1.0227200765000752	-6.835260918627497	2520	0.09722222222222222	0.16666666666666666	1.0	1.0	288	0.14930555555555555	3	1.0	F100R_L2:-0.200000:1;F100V_L1:0.000000:0;F89R2_L4:0.000000:0;F99V_L1:-0.750000:1;F99V_L2:-0.200000:1	F100R_L2:-0.475000:2;F100V_L1:-0.383333:3;F89R2_L4:-0.383333:3;F99V_L1:-0.200000:2;F99V_L2:-0.475000:2	f100:-0.475000:2;f89:-0.383333:3;f99:-0.200000:1	1	1		NOT_EVALUATED_POSTSELECTED_JOINT	AS_CONTACT:effect=-0.383333,p=0.097222,worlds=2520;AS_CLEAR_GAP:effect=-0.037500,p=0.920635,worlds=7560	POSTSELECTED_COMBINATION;EDITION_ROBUSTNESS_NOT_EVALUATED	Postselected depth-2 exploratory combination.	249
CONTACT_GAP	2f57751e1d3a	CONTACT_VS_CLEAR_GAP	(SYMBOL_COUNT_GE:6)_OR_(FAMILY_PREFIX_3:CAC)	JOINT_DEPTH2		WEAK	26	8	18	10	6	4	0.5277777777777778	present=10	0.5499999999999999	3	0.13214388781461425	0.12225575005099998	-7.735725245076572	2520	0.10714285714285714	0.42857142857142855	0.8654761904761905	1.0	288	0.14583333333333334	3	0.3333333333333333	F100R_L2:0.800000:1;F100V_L1:0.000000:0;F89R2_L4:0.000000:0;F99V_L1:0.250000:1;F99V_L2:0.600000:1	F100R_L2:0.425000:2;F100V_L1:0.550000:3;F89R2_L4:0.550000:3;F99V_L1:0.700000:2;F99V_L2:0.525000:2	f100:0.425000:2;f89:0.550000:3;f99:0.800000:1	1	1		NOT_EVALUATED_POSTSELECTED_JOINT	AS_CONTACT:effect=0.550000,p=0.107143,worlds=2520;AS_CLEAR_GAP:effect=0.412500,p=0.107143,worlds=7560	POSTSELECTED_COMBINATION;EDITION_ROBUSTNESS_NOT_EVALUATED	Postselected depth-2 exploratory combination.	250
CONTACT_GAP	2010df0e9b1f	CONTACT_VS_CLEAR_GAP	(MEMBER_TOKEN_ZL3b:A1)_OR_(FAMILY_1GRAM:K)	JOINT_DEPTH2		WEAK	26	8	18	23	6	17	-0.19444444444444442	present=23	-0.35000000000000003	3	0.11552067606347555	0.9296106721086019	-6.92837032301897	2520	0.16666666666666666	0.3333333333333333	1.0	1.0	288	0.16666666666666666	3	1.0	F100R_L2:0.000000:1;F100V_L1:0.000000:0;F89R2_L4:0.000000:0;F99V_L1:-0.250000:1;F99V_L2:-0.800000:1	F100R_L2:-0.525000:2;F100V_L1:-0.350000:3;F89R2_L4:-0.350000:3;F99V_L1:-0.400000:2;F99V_L2:-0.125000:2	f100:-0.525000:2;f89:-0.350000:3;f99:0.000000:1	1	1		NOT_EVALUATED_POSTSELECTED_JOINT	AS_CONTACT:effect=-0.350000,p=0.166667,worlds=2520;AS_CLEAR_GAP:effect=-0.012500,p=1.000000,worlds=7560	POSTSELECTED_COMBINATION;EDITION_ROBUSTNESS_NOT_EVALUATED	Postselected depth-2 exploratory combination.	251
CONTACT_GAP	b0ee9f688727	CONTACT_VS_CLEAR_GAP	(FAMILY_SUFFIX_1:B)_OR_(MEMBER_TOKEN_ZL3b:B1)	JOINT_DEPTH2		WEAK	26	8	18	10	2	8	-0.19444444444444442	present=10	-0.43333333333333335	3	0.11328908028872722	-1.533096078561563	-9.391077073689136	2520	0.17142857142857143	0.5714285714285714	0.9976190476190476	1.0	288	0.22916666666666666	3	1.0	F100R_L2:-0.600000:1;F100V_L1:0.000000:0;F89R2_L4:0.000000:0;F99V_L1:-0.500000:1;F99V_L2:-0.200000:1	F100R_L2:-0.350000:2;F100V_L1:-0.433333:3;F89R2_L4:-0.433333:3;F99V_L1:-0.400000:2;F99V_L2:-0.550000:2	f100:-0.350000:2;f89:-0.433333:3;f99:-0.600000:1	1	1		NOT_EVALUATED_POSTSELECTED_JOINT	AS_CONTACT:effect=-0.433333,p=0.171429,worlds=2520;AS_CLEAR_GAP:effect=-0.450000,p=0.136111,worlds=7560	POSTSELECTED_COMBINATION;EDITION_ROBUSTNESS_NOT_EVALUATED;POSSIBLE_LENGTH_CONFOUND	Postselected depth-2 exploratory combination.	252
CONTACT_GAP	16e996e61a15	CONTACT_VS_CLEAR_GAP	(FAMILY_PREFIX_2:AC)_OR_(MEMBER_TOKEN_ZL3b:B1)	JOINT_DEPTH2		WEAK	26	8	18	9	1	8	-0.3194444444444444	present=9	-0.43333333333333335	3	0.10845457955515868	-1.2636354035683297	-9.121616398695902	2520	0.1984126984126984	0.5428571428571428	0.9976190476190476	1.0	288	0.25	3	1.0	F100R_L2:-0.400000:1;F100V_L1:0.000000:0;F89R2_L4:0.000000:0;F99V_L1:-0.500000:1;F99V_L2:-0.400000:1	F100R_L2:-0.450000:2;F100V_L1:-0.433333:3;F89R2_L4:-0.433333:3;F99V_L1:-0.400000:2;F99V_L2:-0.450000:2	f100:-0.450000:2;f89:-0.433333:3;f99:-0.400000:1	1	1		NOT_EVALUATED_POSTSELECTED_JOINT	AS_CONTACT:effect=-0.433333,p=0.198413,worlds=2520;AS_CLEAR_GAP:effect=-0.325000,p=0.198413,worlds=7560	ONE_POSITIVE_FOLIO;POSTSELECTED_COMBINATION;EDITION_ROBUSTNESS_NOT_EVALUATED;POSSIBLE_LENGTH_CONFOUND	Postselected depth-2 exploratory combination.	253
CONTACT_GAP	151814b86646	CONTACT_VS_CLEAR_GAP	(MEMBER_TOKEN_ZL3b:A2)_OR_(FAMILY_2GRAM:BC)	JOINT_DEPTH2		WEAK	26	8	18	16	7	9	0.375	present=16	0.4833333333333334	3	0.14071383114245994	-1.1001366712854441	-8.958117666413017	2520	0.2222222222222222	0.5555555555555556	0.9880952380952381	1.0	288	0.2222222222222222	3	0.3333333333333333	F100R_L2:0.800000:1;F100V_L1:0.000000:0;F89R2_L4:0.000000:0;F99V_L1:0.250000:1;F99V_L2:0.400000:1	F100R_L2:0.325000:2;F100V_L1:0.483333:3;F89R2_L4:0.483333:3;F99V_L1:0.600000:2;F99V_L2:0.525000:2	f100:0.325000:2;f89:0.483333:3;f99:0.800000:1	1	1		NOT_EVALUATED_POSTSELECTED_JOINT	AS_CONTACT:effect=0.483333,p=0.222222,worlds=2520;AS_CLEAR_GAP:effect=0.237500,p=0.388889,worlds=7560	POSTSELECTED_COMBINATION;EDITION_ROBUSTNESS_NOT_EVALUATED	Postselected depth-2 exploratory combination.	254
CONTACT_GAP	bf5efcc64452	CONTACT_VS_CLEAR_GAP	(SYMBOL_COUNT_GE:6)_OR_(FAMILY_SUFFIX_3:ACA)	JOINT_DEPTH2		WEAK	26	8	18	11	6	5	0.4722222222222222	present=11	0.4833333333333334	3	0.11328908028872721	-0.29278174922784217	-8.150762744355415	2520	0.2222222222222222	0.6190476190476191	0.9880952380952381	1.0	288	0.2222222222222222	3	0.3333333333333333	F100R_L2:0.800000:1;F100V_L1:0.000000:0;F89R2_L4:0.000000:0;F99V_L1:0.250000:1;F99V_L2:0.400000:1	F100R_L2:0.325000:2;F100V_L1:0.483333:3;F89R2_L4:0.483333:3;F99V_L1:0.600000:2;F99V_L2:0.525000:2	f100:0.325000:2;f89:0.483333:3;f99:0.800000:1	1	1		NOT_EVALUATED_POSTSELECTED_JOINT	AS_CONTACT:effect=0.483333,p=0.222222,worlds=2520;AS_CLEAR_GAP:effect=0.362500,p=0.222222,worlds=7560	POSTSELECTED_COMBINATION;EDITION_ROBUSTNESS_NOT_EVALUATED	Postselected depth-2 exploratory combination.	255
CONTACT_GAP	8cffb9ccd112	CONTACT_VS_CLEAR_GAP	(SYMBOL_COUNT_GE:6)_OR_(MEMBER_TOKEN_ZL3b:A2)	JOINT_DEPTH2		WEAK	26	8	18	16	8	8	0.5555555555555556	present=16	0.4833333333333334	3	0.14071383114245994	-0.3631710771192438	-8.221152072246817	2520	0.2222222222222222	0.5555555555555556	0.9880952380952381	1.0	288	0.2222222222222222	3	0.3333333333333333	F100R_L2:0.800000:1;F100V_L1:0.000000:0;F89R2_L4:0.000000:0;F99V_L1:0.250000:1;F99V_L2:0.400000:1	F100R_L2:0.325000:2;F100V_L1:0.483333:3;F89R2_L4:0.483333:3;F99V_L1:0.600000:2;F99V_L2:0.525000:2	f100:0.325000:2;f89:0.483333:3;f99:0.800000:1	1	1		NOT_EVALUATED_POSTSELECTED_JOINT	AS_CONTACT:effect=0.483333,p=0.222222,worlds=2520;AS_CLEAR_GAP:effect=0.362500,p=0.222222,worlds=7560	POSTSELECTED_COMBINATION;EDITION_ROBUSTNESS_NOT_EVALUATED	Postselected depth-2 exploratory combination.	256
CONTACT_GAP	19cc91c27988	CONTACT_VS_CLEAR_GAP	(FAMILY_PREFIX_1:A)_OR_(FAMILY_SUFFIX_1:B)	JOINT_DEPTH2		WEAK	26	8	18	17	5	12	-0.04166666666666663	present=17	-0.48333333333333334	3	0.13053450396975205	-0.9074915933430532	-8.765472588470626	2520	0.25	1.0	0.9880952380952381	1.0	288	0.25	3	1.0	F100R_L2:-0.600000:1;F100V_L1:0.000000:0;F89R2_L4:0.000000:0;F99V_L1:-0.250000:1;F99V_L2:-0.600000:1	F100R_L2:-0.425000:2;F100V_L1:-0.483333:3;F89R2_L4:-0.483333:3;F99V_L1:-0.600000:2;F99V_L2:-0.425000:2	f100:-0.425000:2;f89:-0.483333:3;f99:-0.600000:1	1	1		NOT_EVALUATED_POSTSELECTED_JOINT	AS_CONTACT:effect=-0.483333,p=0.250000,worlds=2520;AS_CLEAR_GAP:effect=-0.362500,p=0.250000,worlds=7560	POSTSELECTED_COMBINATION;EDITION_ROBUSTNESS_NOT_EVALUATED	Postselected depth-2 exploratory combination.	257
CONTACT_GAP	a46b245c73f5	CONTACT_VS_CLEAR_GAP	(FAMILY_PREFIX_1:A)_OR_(FAMILY_SUFFIX_2:AB)	JOINT_DEPTH2		WEAK	26	8	18	16	5	11	0.01388888888888884	present=16	-0.48333333333333334	3	0.13053450396975205	-0.7554884998980071	-8.61346949502558	2520	0.25	1.0	0.9880952380952381	1.0	288	0.25	3	1.0	F100R_L2:-0.600000:1;F100V_L1:0.000000:0;F89R2_L4:0.000000:0;F99V_L1:-0.250000:1;F99V_L2:-0.600000:1	F100R_L2:-0.425000:2;F100V_L1:-0.483333:3;F89R2_L4:-0.483333:3;F99V_L1:-0.600000:2;F99V_L2:-0.425000:2	f100:-0.425000:2;f89:-0.483333:3;f99:-0.600000:1	1	1		NOT_EVALUATED_POSTSELECTED_JOINT	AS_CONTACT:effect=-0.483333,p=0.250000,worlds=2520;AS_CLEAR_GAP:effect=-0.362500,p=0.250000,worlds=7560	POSTSELECTED_COMBINATION;EDITION_ROBUSTNESS_NOT_EVALUATED	Postselected depth-2 exploratory combination.	258
CONTACT_GAP	809e771e2950	CONTACT_VS_CLEAR_GAP	(FAMILY_PREFIX_3:CAC)_OR_(FAMILY_2GRAM:BC)	JOINT_DEPTH2		UNSTABLE	26	8	18	8	3	5	0.09722222222222221	present=8	0.45	3	0.1886027733669419	0.12225575005100353	-7.735725245076568	2520	0.1111111111111111	0.1111111111111111	0.996031746031746	1.0	288	0.1111111111111111	3	0.3333333333333333	F100R_L2:0.800000:1;F100V_L1:0.000000:0;F89R2_L4:0.000000:0;F99V_L1:-0.250000:1;F99V_L2:0.800000:1	F100R_L2:0.275000:2;F100V_L1:0.450000:3;F89R2_L4:0.450000:3;F99V_L1:0.800000:2;F99V_L2:0.275000:2	f100:0.275000:2;f89:0.450000:3;f99:0.800000:1	1	1		NOT_EVALUATED_POSTSELECTED_JOINT	AS_CONTACT:effect=0.450000,p=0.111111,worlds=2520;AS_CLEAR_GAP:effect=0.462500,p=0.148148,worlds=7560	POSTSELECTED_COMBINATION;EDITION_ROBUSTNESS_NOT_EVALUATED	Postselected depth-2 exploratory combination.	259
CONTACT_GAP	ccf73af45495	CONTACT_VS_CLEAR_GAP	(MEMBER_TOKEN_ZL3b:A1)_AND_(FAMILY_2GRAM:AB)	JOINT_DEPTH2		UNSTABLE	26	8	18	13	3	10	-0.18055555555555558	present=13	-0.45	3	0.2052259851180806	1.1222557500509929	-6.735725245076579	2520	0.11904761904761904	0.19047619047619047	0.996031746031746	0.9841269841269841	288	0.16666666666666666	3	1.0	F100R_L2:-0.400000:1;F100V_L1:0.000000:0;F89R2_L4:0.000000:0;F99V_L1:-0.750000:1;F99V_L2:-0.200000:1	F100R_L2:-0.475000:2;F100V_L1:-0.450000:3;F89R2_L4:-0.450000:3;F99V_L1:-0.300000:2;F99V_L2:-0.575000:2	f100:-0.475000:2;f89:-0.450000:3;f99:-0.400000:1	1	1		NOT_EVALUATED_POSTSELECTED_JOINT	AS_CONTACT:effect=-0.450000,p=0.119048,worlds=2520;AS_CLEAR_GAP:effect=-0.087500,p=0.809524,worlds=7560	POSTSELECTED_COMBINATION;EDITION_ROBUSTNESS_NOT_EVALUATED	Postselected depth-2 exploratory combination.	260
CONTACT_GAP	d78e9cd8b1aa	CONTACT_VS_CLEAR_GAP	(MEMBER_TOKEN_ZL3b:A1)_AND_(MEMBER_TOKEN_RF1b:A3)	JOINT_DEPTH2		UNSTABLE	26	8	18	13	4	9	0.0	present=13	-0.45	3	0.16117802251320917	0.9296106721086055	-6.928370323018966	2520	0.1349206349206349	0.23809523809523808	0.996031746031746	1.0	288	0.1527777777777778	3	1.0	F100R_L2:-0.800000:1;F100V_L1:0.000000:0;F89R2_L4:0.000000:0;F99V_L1:0.250000:1;F99V_L2:-0.800000:1	F100R_L2:-0.275000:2;F100V_L1:-0.450000:3;F89R2_L4:-0.450000:3;F99V_L1:-0.800000:2;F99V_L2:-0.275000:2	f100:-0.275000:2;f89:-0.450000:3;f99:-0.800000:1	1	1		NOT_EVALUATED_POSTSELECTED_JOINT	AS_CONTACT:effect=-0.450000,p=0.134921,worlds=2520;AS_CLEAR_GAP:effect=-0.087500,p=0.838624,worlds=7560	POSTSELECTED_COMBINATION;EDITION_ROBUSTNESS_NOT_EVALUATED	Postselected depth-2 exploratory combination.	261
CONTACT_GAP	41d73991a3e1	CONTACT_VS_CLEAR_GAP	(FAMILY_PREFIX_1:A)_AND_(MEMBER_TOKEN_ZL3b:B2)	JOINT_DEPTH2		UNSTABLE	26	8	18	8	3	5	0.09722222222222221	present=8	-0.31666666666666665	3	0.1800328300390962	2.4150374992788386	-5.442943495848733	2520	0.14285714285714285	0.14285714285714285	1.0	1.0	288	0.1875	3	1.0	F100R_L2:0.000000:1;F100V_L1:0.000000:0;F89R2_L4:0.000000:0;F99V_L1:-0.750000:1;F99V_L2:-0.200000:1	F100R_L2:-0.475000:2;F100V_L1:-0.316667:3;F89R2_L4:-0.316667:3;F99V_L1:-0.100000:2;F99V_L2:-0.375000:2	f100:-0.475000:2;f89:-0.316667:3;f99:0.000000:1	1	1		NOT_EVALUATED_POSTSELECTED_JOINT	AS_CONTACT:effect=-0.316667,p=0.142857,worlds=2520;AS_CLEAR_GAP:effect=0.012500,p=1.000000,worlds=7560	POSTSELECTED_COMBINATION;EDITION_ROBUSTNESS_NOT_EVALUATED	Postselected depth-2 exploratory combination.	262
CONTACT_GAP	aaaf31c7deb7	CONTACT_VS_CLEAR_GAP	(MEMBER_TOKEN_ZL3b:A1)_AND_(MEMBER_TOKEN_ZL3b:B2)	JOINT_DEPTH2		UNSTABLE	26	8	18	11	3	8	-0.06944444444444442	present=11	-0.31666666666666665	3	0.1800328300390962	1.607682577221233	-6.250298417906339	2520	0.14285714285714285	0.14285714285714285	1.0	1.0	288	0.1875	3	1.0	F100R_L2:0.000000:1;F100V_L1:0.000000:0;F89R2_L4:0.000000:0;F99V_L1:-0.750000:1;F99V_L2:-0.200000:1	F100R_L2:-0.475000:2;F100V_L1:-0.316667:3;F89R2_L4:-0.316667:3;F99V_L1:-0.100000:2;F99V_L2:-0.375000:2	f100:-0.475000:2;f89:-0.316667:3;f99:0.000000:1	1	1		NOT_EVALUATED_POSTSELECTED_JOINT	AS_CONTACT:effect=-0.316667,p=0.142857,worlds=2520;AS_CLEAR_GAP:effect=0.012500,p=1.000000,worlds=7560	POSTSELECTED_COMBINATION;EDITION_ROBUSTNESS_NOT_EVALUATED	Postselected depth-2 exploratory combination.	263
CONTACT_GAP	f48e97d92379	CONTACT_VS_CLEAR_GAP	(FAMILY_1GRAM:K)_AND_(MEMBER_TOKEN_ZL3b:B2)	JOINT_DEPTH2		UNSTABLE	26	8	18	3	1	2	0.013888888888888895	present=3	0.3333333333333333	3	0.15000517422654328	1.6256044852185028	-6.232376509909069	2520	0.16666666666666666	0.16666666666666666	1.0	1.0	288	0.16666666666666666	3	1.0	F100R_L2:1.000000:1;F100V_L1:0.000000:0;F89R2_L4:0.000000:0;F99V_L1:0.000000:1;F99V_L2:0.000000:1	F100R_L2:0.000000:2;F100V_L1:0.333333:3;F89R2_L4:0.333333:3;F99V_L1:0.500000:2;F99V_L2:0.500000:2	f100:0.000000:2;f89:0.333333:3;f99:1.000000:1	1	1		NOT_EVALUATED_POSTSELECTED_JOINT	AS_CONTACT:effect=0.333333,p=0.166667,worlds=2520;AS_CLEAR_GAP:effect=0.250000,p=0.166667,worlds=7560	ONE_POSITIVE_FOLIO;POSTSELECTED_COMBINATION;EDITION_ROBUSTNESS_NOT_EVALUATED;POSSIBLE_LENGTH_CONFOUND	Postselected depth-2 exploratory combination.	264
CONTACT_GAP	84f90da8a437	CONTACT_VS_CLEAR_GAP	FAMILY_PREFIX_1:K	FAMILY_COMPONENT	FAMILY_PREFIX_1:K;FAMILY_PREFIX_2:KA;FAMILY_PREFIX_3:KAB;FAMILY_3GRAM:KAB	UNSTABLE	26	8	18	2	1	1	0.06944444444444445	present=2	0.3333333333333333	3	0.15000517422654328	1.7776075786635488	-6.080373416464023	2520	0.16666666666666666	0.16666666666666666	1.0	1.0	288	0.16666666666666666	3	1.0	F100R_L2:1.000000:1;F100V_L1:0.000000:0;F89R2_L4:0.000000:0;F99V_L1:0.000000:1;F99V_L2:0.000000:1	F100R_L2:0.000000:2;F100V_L1:0.333333:3;F89R2_L4:0.333333:3;F99V_L1:0.500000:2;F99V_L2:0.500000:2	f100:0.000000:2;f89:0.333333:3;f99:1.000000:1	1	1	1.0	ZL3b:0.333333;IT2a:0.333333;RF1b:0.333333	AS_CONTACT:effect=0.333333,p=0.166667,worlds=2520;AS_CLEAR_GAP:effect=0.250000,p=0.166667,worlds=7560	ONE_POSITIVE_FOLIO;POSSIBLE_LENGTH_CONFOUND		265
CONTACT_GAP	01f010e00b60	CONTACT_VS_CLEAR_GAP	MEMBER_TOKEN_IT2a:A1	MEMBER_CODE	MEMBER_TOKEN_IT2a:A1	UNSTABLE	26	8	18	23	6	17	-0.19444444444444442	present=23	-0.35000000000000003	3	0.20361660127321837	2.1926450779423945	-5.665335917185177	2520	0.16666666666666666	0.3055555555555556	1.0	0.9841269841269841	288	0.16666666666666666	3	1.0	F100R_L2:-1.000000:1;F100V_L1:0.000000:0;F89R2_L4:0.000000:0;F99V_L1:-0.250000:1;F99V_L2:0.200000:1	F100R_L2:-0.025000:2;F100V_L1:-0.350000:3;F89R2_L4:-0.350000:3;F99V_L1:-0.400000:2;F99V_L2:-0.625000:2	f100:-0.025000:2;f89:-0.350000:3;f99:-1.000000:1	1	1	0.9565217391304348	ZL3b:-0.683333;IT2a:-0.350000;RF1b:-0.683333	AS_CONTACT:effect=-0.350000,p=0.166667,worlds=2520;AS_CLEAR_GAP:effect=-0.012500,p=1.000000,worlds=7560	NONE	primary edition=IT2a	266
CONTACT_GAP	4e1226af2bfd	CONTACT_VS_CLEAR_GAP	(MEMBER_TOKEN_ZL3b:A1)_AND_(SYMBOL_COUNT_GE:5)	JOINT_DEPTH2		UNSTABLE	26	8	18	17	5	12	-0.04166666666666663	present=17	-0.3666666666666667	3	0.25212140622860457	2.221791423601907	-5.636189571525665	2520	0.19047619047619047	0.10476190476190476	1.0	0.8936507936507937	288	0.1875	3	1.0	F100R_L2:-1.000000:1;F100V_L1:0.000000:0;F89R2_L4:0.000000:0;F99V_L1:0.500000:1;F99V_L2:-0.600000:1	F100R_L2:-0.050000:2;F100V_L1:-0.366667:3;F89R2_L4:-0.366667:3;F99V_L1:-0.800000:2;F99V_L2:-0.250000:2	f100:-0.050000:2;f89:-0.366667:3;f99:-1.000000:1	1	1		NOT_EVALUATED_POSTSELECTED_JOINT	AS_CONTACT:effect=-0.366667,p=0.190476,worlds=2520;AS_CLEAR_GAP:effect=-0.025000,p=1.000000,worlds=7560	POSTSELECTED_COMBINATION;EDITION_ROBUSTNESS_NOT_EVALUATED	Postselected depth-2 exploratory combination.	267
CONTACT_GAP	17f6b28cde7c	CONTACT_VS_CLEAR_GAP	(SYMBOL_COUNT_GE:6)_AND_(MEMBER_TOKEN_RF1b:A3)	JOINT_DEPTH2		UNSTABLE	26	8	18	7	5	2	0.5138888888888888	present=7	0.3666666666666667	3	0.27097621375449166	3.36257007938471	-4.495410915742862	2520	0.25793650793650796	0.07142857142857142	1.0	0.8063492063492064	288	0.2916666666666667	3	1.0	F100R_L2:1.000000:1;F100V_L1:0.000000:0;F89R2_L4:0.000000:0;F99V_L1:0.500000:1;F99V_L2:-0.400000:1	F100R_L2:0.050000:2;F100V_L1:0.366667:3;F89R2_L4:0.366667:3;F99V_L1:0.300000:2;F99V_L2:0.750000:2	f100:0.050000:2;f89:0.366667:3;f99:1.000000:1	1	1		NOT_EVALUATED_POSTSELECTED_JOINT	AS_CONTACT:effect=0.366667,p=0.257937,worlds=2520;AS_CLEAR_GAP:effect=0.275000,p=0.257937,worlds=7560	POSTSELECTED_COMBINATION;EDITION_ROBUSTNESS_NOT_EVALUATED;POSSIBLE_LENGTH_CONFOUND	Postselected depth-2 exploratory combination.	268
CONTACT_GAP	65f32089f0c8	CONTACT_VS_CLEAR_GAP	(MEMBER_TOKEN_ZL3b:A1)_OR_(FAMILY_SUFFIX_3:ACA)	JOINT_DEPTH2		UNSTABLE	26	8	18	24	7	17	-0.06944444444444442	present=24	-0.26666666666666666	3	0.16117802251320915	2.0000000000000036	-5.857980995127568	2520	0.3055555555555556	0.3055555555555556	1.0	1.0	288	0.3055555555555556	3	1.0	F100R_L2:-1.000000:1;F100V_L1:0.000000:0;F89R2_L4:0.000000:0;F99V_L1:0.000000:1;F99V_L2:0.200000:1	F100R_L2:0.100000:2;F100V_L1:-0.266667:3;F89R2_L4:-0.266667:3;F99V_L1:-0.400000:2;F99V_L2:-0.500000:2	f100:0.100000:2;f89:-0.266667:3;f99:-1.000000:1	0	0		NOT_EVALUATED_POSTSELECTED_JOINT	AS_CONTACT:effect=-0.266667,p=0.305556,worlds=2520;AS_CLEAR_GAP:effect=0.050000,p=0.537037,worlds=7560	POSTSELECTED_COMBINATION;EDITION_ROBUSTNESS_NOT_EVALUATED	Postselected depth-2 exploratory combination.	269
CONTACT_GAP	ced75859bc0e	CONTACT_VS_CLEAR_GAP	(SYMBOL_COUNT_GE:5)_AND_(FAMILY_2GRAM:BC)	JOINT_DEPTH2		UNSTABLE	26	8	18	4	2	2	0.1388888888888889	present=4	0.26666666666666666	3	0.16117802251320915	0.6076825772212366	-7.250298417906335	2520	0.3055555555555556	0.3055555555555556	1.0	1.0	288	0.3055555555555556	3	1.0	F100R_L2:1.000000:1;F100V_L1:0.000000:0;F89R2_L4:0.000000:0;F99V_L1:0.000000:1;F99V_L2:-0.200000:1	F100R_L2:-0.100000:2;F100V_L1:0.266667:3;F89R2_L4:0.266667:3;F99V_L1:0.400000:2;F99V_L2:0.500000:2	f100:-0.100000:2;f89:0.266667:3;f99:1.000000:1	0	0		NOT_EVALUATED_POSTSELECTED_JOINT	AS_CONTACT:effect=0.266667,p=0.305556,worlds=2520;AS_CLEAR_GAP:effect=0.325000,p=0.435185,worlds=7560	POSTSELECTED_COMBINATION;EDITION_ROBUSTNESS_NOT_EVALUATED;POSSIBLE_LENGTH_CONFOUND	Postselected depth-2 exploratory combination.	270
CONTACT_GAP	3abbc535aae1	CONTACT_VS_CLEAR_GAP	(SYMBOL_COUNT_GE:6)_AND_(FAMILY_2GRAM:BC)	JOINT_DEPTH2		UNSTABLE	26	8	18	3	2	1	0.19444444444444445	present=3	0.26666666666666666	3	0.16117802251320915	1.4150374992788421	-6.44294349584873	2520	0.3055555555555556	0.3055555555555556	1.0	1.0	288	0.3055555555555556	3	1.0	F100R_L2:1.000000:1;F100V_L1:0.000000:0;F89R2_L4:0.000000:0;F99V_L1:0.000000:1;F99V_L2:-0.200000:1	F100R_L2:-0.100000:2;F100V_L1:0.266667:3;F89R2_L4:0.266667:3;F99V_L1:0.400000:2;F99V_L2:0.500000:2	f100:-0.100000:2;f89:0.266667:3;f99:1.000000:1	0	0		NOT_EVALUATED_POSTSELECTED_JOINT	AS_CONTACT:effect=0.266667,p=0.305556,worlds=2520;AS_CLEAR_GAP:effect=0.325000,p=0.435185,worlds=7560	POSTSELECTED_COMBINATION;EDITION_ROBUSTNESS_NOT_EVALUATED;POSSIBLE_LENGTH_CONFOUND	Postselected depth-2 exploratory combination.	271
CONTACT_GAP	a87b8b4269c6	CONTACT_VS_CLEAR_GAP	FAMILY_PREFIX_3:CAC	FAMILY_COMPONENT	FAMILY_PREFIX_3:CAC	UNSTABLE	26	8	18	2	1	1	0.06944444444444445	present=2	0.26666666666666666	3	0.16117802251320917	2.0	-5.857980995127572	2520	0.3055555555555556	0.3055555555555556	1.0	1.0	288	0.3055555555555556	3	0.3333333333333333	F100R_L2:-0.200000:1;F100V_L1:0.000000:0;F89R2_L4:0.000000:0;F99V_L1:0.000000:1;F99V_L2:1.000000:1	F100R_L2:0.500000:2;F100V_L1:0.266667:3;F89R2_L4:0.266667:3;F99V_L1:0.400000:2;F99V_L2:-0.100000:2	f100:0.500000:2;f89:0.266667:3;f99:-0.200000:1	0	0	1.0	ZL3b:0.266667;IT2a:0.266667;RF1b:0.266667	AS_CONTACT:effect=0.266667,p=0.305556,worlds=2520;AS_CLEAR_GAP:effect=0.200000,p=0.305556,worlds=7560	ONE_POSITIVE_FOLIO		272
CONTACT_GAP	78e5cdce6c07	CONTACT_VS_CLEAR_GAP	(MEMBER_TOKEN_ZL3b:B2)_OR_(FAMILY_PREFIX_3:CAC)	JOINT_DEPTH2		UNSTABLE	26	8	18	14	5	9	0.125	present=14	0.2833333333333334	3	0.31502417635936303	3.666576266274806	-4.191404728852766	2520	0.36507936507936506	0.015873015873015872	1.0	0.6444444444444445	288	0.3888888888888889	3	0.3333333333333333	F100R_L2:0.800000:1;F100V_L1:0.000000:0;F89R2_L4:0.000000:0;F99V_L1:-0.750000:1;F99V_L2:0.800000:1	F100R_L2:0.025000:2;F100V_L1:0.283333:3;F89R2_L4:0.283333:3;F99V_L1:0.800000:2;F99V_L2:0.025000:2	f100:0.025000:2;f89:0.283333:3;f99:0.800000:1	1	1		NOT_EVALUATED_POSTSELECTED_JOINT	AS_CONTACT:effect=0.283333,p=0.365079,worlds=2520;AS_CLEAR_GAP:effect=0.462500,p=0.074074,worlds=7560	POSTSELECTED_COMBINATION;EDITION_ROBUSTNESS_NOT_EVALUATED	Postselected depth-2 exploratory combination.	273
CONTACT_GAP	b82ccf98f588	CONTACT_VS_CLEAR_GAP	(FAMILY_1GRAM:K)_OR_(FAMILY_2GRAM:BC)	JOINT_DEPTH2		UNSTABLE	26	8	18	9	3	6	0.041666666666666685	present=9	0.26666666666666666	3	0.16117802251320915	0.6076825772212331	-7.250298417906339	2520	0.3948412698412698	0.3055555555555556	1.0	1.0	288	0.4097222222222222	3	1.0	F100R_L2:1.000000:1;F100V_L1:0.000000:0;F89R2_L4:0.000000:0;F99V_L1:0.000000:1;F99V_L2:-0.200000:1	F100R_L2:-0.100000:2;F100V_L1:0.266667:3;F89R2_L4:0.266667:3;F99V_L1:0.400000:2;F99V_L2:0.500000:2	f100:-0.100000:2;f89:0.266667:3;f99:1.000000:1	0	0		NOT_EVALUATED_POSTSELECTED_JOINT	AS_CONTACT:effect=0.266667,p=0.394841,worlds=2520;AS_CLEAR_GAP:effect=0.325000,p=0.347884,worlds=7560	POSTSELECTED_COMBINATION;EDITION_ROBUSTNESS_NOT_EVALUATED;POSSIBLE_LENGTH_CONFOUND	Postselected depth-2 exploratory combination.	274
CONTACT_GAP	99421a3e8284	CONTACT_VS_CLEAR_GAP	(FAMILY_2GRAM:KA)_OR_(FAMILY_2GRAM:BC)	JOINT_DEPTH2		UNSTABLE	26	8	18	8	3	5	0.09722222222222221	present=8	0.26666666666666666	3	0.16117802251320915	-0.19967234483637597	-8.057653339963949	2520	0.3948412698412698	0.3055555555555556	1.0	1.0	288	0.4097222222222222	3	1.0	F100R_L2:1.000000:1;F100V_L1:0.000000:0;F89R2_L4:0.000000:0;F99V_L1:0.000000:1;F99V_L2:-0.200000:1	F100R_L2:-0.100000:2;F100V_L1:0.266667:3;F89R2_L4:0.266667:3;F99V_L1:0.400000:2;F99V_L2:0.500000:2	f100:-0.100000:2;f89:0.266667:3;f99:1.000000:1	0	0		NOT_EVALUATED_POSTSELECTED_JOINT	AS_CONTACT:effect=0.266667,p=0.394841,worlds=2520;AS_CLEAR_GAP:effect=0.325000,p=0.347884,worlds=7560	POSTSELECTED_COMBINATION;EDITION_ROBUSTNESS_NOT_EVALUATED;POSSIBLE_LENGTH_CONFOUND	Postselected depth-2 exploratory combination.	275
CONTACT_GAP	899c7150dd28	CONTACT_VS_CLEAR_GAP	(MEMBER_TOKEN_ZL3b:B2)_AND_(MEMBER_TOKEN_RF1b:A3)	JOINT_DEPTH2		UNSTABLE	26	8	18	6	4	2	0.3888888888888889	present=6	0.26666666666666666	3	0.16117802251320915	1.192645077942391	-6.665335917185181	2520	0.3948412698412698	0.3055555555555556	1.0	1.0	288	0.4097222222222222	3	1.0	F100R_L2:1.000000:1;F100V_L1:0.000000:0;F89R2_L4:0.000000:0;F99V_L1:0.000000:1;F99V_L2:-0.200000:1	F100R_L2:-0.100000:2;F100V_L1:0.266667:3;F89R2_L4:0.266667:3;F99V_L1:0.400000:2;F99V_L2:0.500000:2	f100:-0.100000:2;f89:0.266667:3;f99:1.000000:1	0	0		NOT_EVALUATED_POSTSELECTED_JOINT	AS_CONTACT:effect=0.266667,p=0.394841,worlds=2520;AS_CLEAR_GAP:effect=0.450000,p=0.085979,worlds=7560	POSTSELECTED_COMBINATION;EDITION_ROBUSTNESS_NOT_EVALUATED	Postselected depth-2 exploratory combination.	276
CONTACT_GAP	9bd07a83e256	CONTACT_VS_CLEAR_GAP	(MEMBER_TOKEN_ZL3b:B2)_AND_(SYMBOL_COUNT_GE:5)	JOINT_DEPTH2		UNSTABLE	26	8	18	8	4	4	0.2777777777777778	present=8	0.26666666666666666	3	0.16117802251320915	0.2332870624397394	-7.6246939326878325	2520	0.3948412698412698	0.3055555555555556	1.0	1.0	288	0.4097222222222222	3	1.0	F100R_L2:1.000000:1;F100V_L1:0.000000:0;F89R2_L4:0.000000:0;F99V_L1:0.000000:1;F99V_L2:-0.200000:1	F100R_L2:-0.100000:2;F100V_L1:0.266667:3;F89R2_L4:0.266667:3;F99V_L1:0.400000:2;F99V_L2:0.500000:2	f100:-0.100000:2;f89:0.266667:3;f99:1.000000:1	0	0		NOT_EVALUATED_POSTSELECTED_JOINT	AS_CONTACT:effect=0.266667,p=0.394841,worlds=2520;AS_CLEAR_GAP:effect=0.450000,p=0.085979,worlds=7560	POSTSELECTED_COMBINATION;EDITION_ROBUSTNESS_NOT_EVALUATED	Postselected depth-2 exploratory combination.	277
CONTACT_GAP	1ea0735edb35	CONTACT_VS_CLEAR_GAP	(MEMBER_TOKEN_ZL3b:B2)_OR_(FAMILY_SUFFIX_3:ACA)	JOINT_DEPTH2		UNSTABLE	26	8	18	17	6	11	0.13888888888888884	present=17	0.23333333333333336	3	0.1940531368314147	0.7072182507721543	-7.150762744355418	2520	0.4444444444444444	0.23809523809523808	1.0	0.9880952380952381	288	0.4444444444444444	3	0.3333333333333333	F100R_L2:0.800000:1;F100V_L1:0.000000:0;F89R2_L4:0.000000:0;F99V_L1:-0.500000:1;F99V_L2:0.400000:1	F100R_L2:-0.050000:2;F100V_L1:0.233333:3;F89R2_L4:0.233333:3;F99V_L1:0.600000:2;F99V_L2:0.150000:2	f100:-0.050000:2;f89:0.233333:3;f99:0.800000:1	0	0		NOT_EVALUATED_POSTSELECTED_JOINT	AS_CONTACT:effect=0.233333,p=0.444444,worlds=2520;AS_CLEAR_GAP:effect=0.425000,p=0.190476,worlds=7560	POSTSELECTED_COMBINATION;EDITION_ROBUSTNESS_NOT_EVALUATED	Postselected depth-2 exploratory combination.	278
CONTACT_GAP	5f5744db4f27	CONTACT_VS_CLEAR_GAP	(FAMILY_2GRAM:AB)_OR_(FAMILY_PREFIX_2:AC)	JOINT_DEPTH2		UNSTABLE	26	8	18	16	4	12	-0.16666666666666663	present=16	-0.25	3	0.21924629191039913	1.2217914236019105	-6.636189571525661	2520	0.49206349206349204	0.14285714285714285	1.0	0.9666666666666667	288	0.5277777777777778	3	1.0	F100R_L2:0.400000:1;F100V_L1:0.000000:0;F89R2_L4:0.000000:0;F99V_L1:-0.750000:1;F99V_L2:-0.400000:1	F100R_L2:-0.575000:2;F100V_L1:-0.250000:3;F89R2_L4:-0.250000:3;F99V_L1:0.000000:2;F99V_L2:-0.175000:2	f100:-0.575000:2;f89:-0.250000:3;f99:0.400000:1	1	0		NOT_EVALUATED_POSTSELECTED_JOINT	AS_CONTACT:effect=-0.250000,p=0.492063,worlds=2520;AS_CLEAR_GAP:effect=0.062500,p=0.957672,worlds=7560	POSTSELECTED_COMBINATION;EDITION_ROBUSTNESS_NOT_EVALUATED	Postselected depth-2 exploratory combination.	279
CONTACT_GAP	b1ce2cca5d16	CONTACT_VS_CLEAR_GAP	(FAMILY_PREFIX_3:CAC)_OR_(MEMBER_TOKEN_IT2a:B2)	JOINT_DEPTH2		UNSTABLE	26	8	18	15	5	10	0.06944444444444442	present=15	0.21666666666666667	3	0.2859900416607681	2.8592213442172003	-4.9987596509103716	2520	0.5119047619047619	0.047619047619047616	1.0	0.7698412698412699	288	0.5208333333333334	3	0.3333333333333333	F100R_L2:0.600000:1;F100V_L1:0.000000:0;F89R2_L4:0.000000:0;F99V_L1:-0.750000:1;F99V_L2:0.800000:1	F100R_L2:0.025000:2;F100V_L1:0.216667:3;F89R2_L4:0.216667:3;F99V_L1:0.700000:2;F99V_L2:-0.075000:2	f100:0.025000:2;f89:0.216667:3;f99:0.600000:1	0	1		NOT_EVALUATED_POSTSELECTED_JOINT	AS_CONTACT:effect=0.216667,p=0.511905,worlds=2520;AS_CLEAR_GAP:effect=0.412500,p=0.186508,worlds=7560	POSTSELECTED_COMBINATION;EDITION_ROBUSTNESS_NOT_EVALUATED	Postselected depth-2 exploratory combination.	280
CONTACT_GAP	404fd036d3b3	CONTACT_VS_CLEAR_GAP	(FAMILY_1GRAM:K)_OR_(SYMBOL_COUNT_GE:6)	JOINT_DEPTH2		UNSTABLE	26	8	18	11	5	6	0.2916666666666667	present=11	0.2833333333333333	3	0.19021215721180415	0.7478602352694956	-7.110120759858076	2520	0.5277777777777778	0.2857142857142857	1.0	1.0	288	0.5069444444444444	3	1.0	F100R_L2:1.000000:1;F100V_L1:0.000000:0;F89R2_L4:0.000000:0;F99V_L1:0.250000:1;F99V_L2:-0.400000:1	F100R_L2:-0.075000:2;F100V_L1:0.283333:3;F89R2_L4:0.283333:3;F99V_L1:0.300000:2;F99V_L2:0.625000:2	f100:-0.075000:2;f89:0.283333:3;f99:1.000000:1	0	0		NOT_EVALUATED_POSTSELECTED_JOINT	AS_CONTACT:effect=0.283333,p=0.527778,worlds=2520;AS_CLEAR_GAP:effect=0.212500,p=0.527778,worlds=7560	POSTSELECTED_COMBINATION;EDITION_ROBUSTNESS_NOT_EVALUATED;POSSIBLE_LENGTH_CONFOUND	Postselected depth-2 exploratory combination.	281
CONTACT_GAP	f12299aedda6	CONTACT_VS_CLEAR_GAP	(FAMILY_2GRAM:KA)_OR_(SYMBOL_COUNT_GE:6)	JOINT_DEPTH2		UNSTABLE	26	8	18	10	5	5	0.3472222222222222	present=10	0.2833333333333333	3	0.19021215721180415	0.5958571418244496	-7.262123853303122	2520	0.5277777777777778	0.2857142857142857	1.0	1.0	288	0.5069444444444444	3	1.0	F100R_L2:1.000000:1;F100V_L1:0.000000:0;F89R2_L4:0.000000:0;F99V_L1:0.250000:1;F99V_L2:-0.400000:1	F100R_L2:-0.075000:2;F100V_L1:0.283333:3;F89R2_L4:0.283333:3;F99V_L1:0.300000:2;F99V_L2:0.625000:2	f100:-0.075000:2;f89:0.283333:3;f99:1.000000:1	0	0		NOT_EVALUATED_POSTSELECTED_JOINT	AS_CONTACT:effect=0.283333,p=0.527778,worlds=2520;AS_CLEAR_GAP:effect=0.212500,p=0.527778,worlds=7560	POSTSELECTED_COMBINATION;EDITION_ROBUSTNESS_NOT_EVALUATED;POSSIBLE_LENGTH_CONFOUND	Postselected depth-2 exploratory combination.	282
CONTACT_GAP	60cceccd5f78	CONTACT_VS_CLEAR_GAP	(FAMILY_PREFIX_1:K)_OR_(SYMBOL_COUNT_GE:6)	JOINT_DEPTH2		UNSTABLE	26	8	18	9	5	4	0.4027777777777778	present=9	0.2833333333333333	3	0.19021215721180415	0.7478602352694956	-7.110120759858076	2520	0.5277777777777778	0.2857142857142857	1.0	1.0	288	0.5069444444444444	3	1.0	F100R_L2:1.000000:1;F100V_L1:0.000000:0;F89R2_L4:0.000000:0;F99V_L1:0.250000:1;F99V_L2:-0.400000:1	F100R_L2:-0.075000:2;F100V_L1:0.283333:3;F89R2_L4:0.283333:3;F99V_L1:0.300000:2;F99V_L2:0.625000:2	f100:-0.075000:2;f89:0.283333:3;f99:1.000000:1	0	0		NOT_EVALUATED_POSTSELECTED_JOINT	AS_CONTACT:effect=0.283333,p=0.527778,worlds=2520;AS_CLEAR_GAP:effect=0.212500,p=0.527778,worlds=7560	POSTSELECTED_COMBINATION;EDITION_ROBUSTNESS_NOT_EVALUATED;POSSIBLE_LENGTH_CONFOUND	Postselected depth-2 exploratory combination.	283
CONTACT_GAP	28e3876620d0	CONTACT_VS_CLEAR_GAP	SYMBOL_COUNT_GE:6	CONSTRUCTION	SYMBOL_COUNT_GE:6	UNSTABLE	26	8	18	8	5	3	0.45833333333333337	present=8	0.2833333333333333	3	0.19021215721180415	1.5552151573271047	-6.302765837800467	2520	0.5277777777777778	0.2857142857142857	1.0	1.0	288	0.5069444444444444	3	1.0	F100R_L2:1.000000:1;F100V_L1:0.000000:0;F89R2_L4:0.000000:0;F99V_L1:0.250000:1;F99V_L2:-0.400000:1	F100R_L2:-0.075000:2;F100V_L1:0.283333:3;F89R2_L4:0.283333:3;F99V_L1:0.300000:2;F99V_L2:0.625000:2	f100:-0.075000:2;f89:0.283333:3;f99:1.000000:1	0	0	1.0	ZL3b:0.283333;IT2a:0.283333;RF1b:0.283333	AS_CONTACT:effect=0.283333,p=0.527778,worlds=2520;AS_CLEAR_GAP:effect=0.212500,p=0.527778,worlds=7560	POSSIBLE_LENGTH_CONFOUND		284
CONTACT_GAP	cc3ac5e52858	CONTACT_VS_CLEAR_GAP	(MEMBER_TOKEN_IT2a:B2)_OR_(FAMILY_PREFIX_2:AC)	JOINT_DEPTH2		UNSTABLE	26	8	18	15	4	11	-0.11111111111111116	present=15	-0.18333333333333335	3	0.23810109943628616	1.6368289228807527	-6.221152072246819	2520	0.5476190476190477	0.14285714285714285	1.0	0.9174603174603174	288	0.5833333333333334	3	1.0	F100R_L2:0.600000:1;F100V_L1:0.000000:0;F89R2_L4:0.000000:0;F99V_L1:-0.750000:1;F99V_L2:-0.400000:1	F100R_L2:-0.575000:2;F100V_L1:-0.183333:3;F89R2_L4:-0.183333:3;F99V_L1:0.100000:2;F99V_L2:-0.075000:2	f100:-0.575000:2;f89:-0.183333:3;f99:0.600000:1	0	0		NOT_EVALUATED_POSTSELECTED_JOINT	AS_CONTACT:effect=-0.183333,p=0.547619,worlds=2520;AS_CLEAR_GAP:effect=0.112500,p=0.753968,worlds=7560	POSTSELECTED_COMBINATION;EDITION_ROBUSTNESS_NOT_EVALUATED	Postselected depth-2 exploratory combination.	285
CONTACT_GAP	74fc7e06c8e8	CONTACT_VS_CLEAR_GAP	(MEMBER_TOKEN_IT2a:B2)_OR_(FAMILY_SUFFIX_3:ACA)	JOINT_DEPTH2		UNSTABLE	26	8	18	18	6	12	0.08333333333333337	present=18	0.16666666666666666	3	0.16501900213281975	-0.10013667128545123	-7.958117666413023	2520	0.6071428571428571	0.42857142857142855	1.0	1.0	288	0.625	3	0.3333333333333333	F100R_L2:0.600000:1;F100V_L1:0.000000:0;F89R2_L4:0.000000:0;F99V_L1:-0.500000:1;F99V_L2:0.400000:1	F100R_L2:-0.050000:2;F100V_L1:0.166667:3;F89R2_L4:0.166667:3;F99V_L1:0.500000:2;F99V_L2:0.050000:2	f100:-0.050000:2;f89:0.166667:3;f99:0.600000:1	0	0		NOT_EVALUATED_POSTSELECTED_JOINT	AS_CONTACT:effect=0.166667,p=0.607143,worlds=2520;AS_CLEAR_GAP:effect=0.375000,p=0.198413,worlds=7560	POSTSELECTED_COMBINATION;EDITION_ROBUSTNESS_NOT_EVALUATED	Postselected depth-2 exploratory combination.	286
CONTACT_GAP	363297a98592	CONTACT_VS_CLEAR_GAP	MEMBER_TOKEN_IT2a:A3	MEMBER_CODE	MEMBER_TOKEN_IT2a:A3	UNSTABLE	26	8	18	15	5	10	0.06944444444444442	present=15	-0.18333333333333335	3	0.17619185041948565	1.455679483776187	-6.402301511351385	2520	0.6329365079365079	0.40476190476190477	1.0	1.0	288	0.7395833333333334	3	0.3333333333333333	F100R_L2:0.200000:1;F100V_L1:0.000000:0;F89R2_L4:0.000000:0;F99V_L1:0.250000:1;F99V_L2:-1.000000:1	F100R_L2:-0.375000:2;F100V_L1:-0.183333:3;F89R2_L4:-0.183333:3;F99V_L1:-0.400000:2;F99V_L2:0.225000:2	f100:-0.375000:2;f89:-0.183333:3;f99:0.200000:1	0	0	0.8823529411764706	ZL3b:0.150000;IT2a:-0.183333;RF1b:0.233333	AS_CONTACT:effect=-0.183333,p=0.632937,worlds=2520;AS_CLEAR_GAP:effect=-0.137500,p=0.632937,worlds=7560	NONE	primary edition=IT2a	287
CONTACT_GAP	2dfed94e6c8b	CONTACT_VS_CLEAR_GAP	(MEMBER_TOKEN_ZL3b:B2)_AND_(SYMBOL_COUNT_GE:6)	JOINT_DEPTH2		UNSTABLE	26	8	18	5	3	2	0.2638888888888889	present=5	0.18333333333333335	3	0.20361660127321835	2.1926450779423945	-5.665335917185177	2520	0.6527777777777778	0.3055555555555556	1.0	0.9841269841269841	288	0.6527777777777778	3	1.0	F100R_L2:1.000000:1;F100V_L1:0.000000:0;F89R2_L4:0.000000:0;F99V_L1:-0.250000:1;F99V_L2:-0.200000:1	F100R_L2:-0.225000:2;F100V_L1:0.183333:3;F89R2_L4:0.183333:3;F99V_L1:0.400000:2;F99V_L2:0.375000:2	f100:-0.225000:2;f89:0.183333:3;f99:1.000000:1	0	0		NOT_EVALUATED_POSTSELECTED_JOINT	AS_CONTACT:effect=0.183333,p=0.652778,worlds=2520;AS_CLEAR_GAP:effect=0.387500,p=0.111111,worlds=7560	POSTSELECTED_COMBINATION;EDITION_ROBUSTNESS_NOT_EVALUATED;POSSIBLE_LENGTH_CONFOUND	Postselected depth-2 exploratory combination.	288
CONTACT_GAP	e1a2a348f119	CONTACT_VS_CLEAR_GAP	FAMILY_2GRAM:BC	FAMILY_COMPONENT	FAMILY_2GRAM:BC;FAMILY_3GRAM:ABC	UNSTABLE	26	8	18	6	2	4	0.02777777777777779	present=6	0.18333333333333335	3	0.20361660127321835	0.6483245617185815	-7.20965643340899	2520	0.6527777777777778	0.3055555555555556	1.0	0.9841269841269841	288	0.6527777777777778	3	1.0	F100R_L2:1.000000:1;F100V_L1:0.000000:0;F89R2_L4:0.000000:0;F99V_L1:-0.250000:1;F99V_L2:-0.200000:1	F100R_L2:-0.225000:2;F100V_L1:0.183333:3;F89R2_L4:0.183333:3;F99V_L1:0.400000:2;F99V_L2:0.375000:2	f100:-0.225000:2;f89:0.183333:3;f99:1.000000:1	0	0	1.0	ZL3b:0.183333;IT2a:0.183333;RF1b:0.183333	AS_CONTACT:effect=0.183333,p=0.652778,worlds=2520;AS_CLEAR_GAP:effect=0.262500,p=0.439815,worlds=7560	POSSIBLE_LENGTH_CONFOUND		289
CONTACT_GAP	0629dafe4cec	CONTACT_VS_CLEAR_GAP	FAMILY_3GRAM:BCA	FAMILY_COMPONENT	FAMILY_3GRAM:BCA	UNSTABLE	26	8	18	5	2	3	0.08333333333333334	present=5	0.18333333333333335	3	0.20361660127321835	0.8003276551636276	-7.057653339963944	2520	0.6527777777777778	0.3055555555555556	1.0	0.9841269841269841	288	0.6527777777777778	3	1.0	F100R_L2:1.000000:1;F100V_L1:0.000000:0;F89R2_L4:0.000000:0;F99V_L1:-0.250000:1;F99V_L2:-0.200000:1	F100R_L2:-0.225000:2;F100V_L1:0.183333:3;F89R2_L4:0.183333:3;F99V_L1:0.400000:2;F99V_L2:0.375000:2	f100:-0.225000:2;f89:0.183333:3;f99:1.000000:1	0	0	1.0	ZL3b:0.183333;IT2a:0.183333;RF1b:0.183333	AS_CONTACT:effect=0.183333,p=0.652778,worlds=2520;AS_CLEAR_GAP:effect=0.262500,p=0.439815,worlds=7560	POSSIBLE_LENGTH_CONFOUND		290
CONTACT_GAP	0509c87dcb87	CONTACT_VS_CLEAR_GAP	(MEMBER_TOKEN_IT2a:B2)_OR_(MEMBER_TOKEN_ZL3b:B1)	JOINT_DEPTH2		UNSTABLE	26	8	18	16	5	11	0.01388888888888884	present=16	-0.10000000000000002	3	0.16501900213281975	-0.10013667128545123	-7.958117666413023	2520	0.7142857142857143	0.42857142857142855	1.0	1.0	288	0.75	3	1.0	F100R_L2:0.600000:1;F100V_L1:0.000000:0;F89R2_L4:0.000000:0;F99V_L1:-0.500000:1;F99V_L2:-0.400000:1	F100R_L2:-0.450000:2;F100V_L1:-0.100000:3;F89R2_L4:-0.100000:3;F99V_L1:0.100000:2;F99V_L2:0.050000:2	f100:-0.450000:2;f89:-0.100000:3;f99:0.600000:1	0	0		NOT_EVALUATED_POSTSELECTED_JOINT	AS_CONTACT:effect=-0.100000,p=0.714286,worlds=2520;AS_CLEAR_GAP:effect=0.175000,p=0.603175,worlds=7560	POSTSELECTED_COMBINATION;EDITION_ROBUSTNESS_NOT_EVALUATED	Postselected depth-2 exploratory combination.	291
CONTACT_GAP	a6fae6b3781b	CONTACT_VS_CLEAR_GAP	TOTAL_SYMBOL_COUNT	NUMERIC_CONSTRUCTION	TOTAL_SYMBOL_COUNT	UNSTABLE	26	8	18		5.75	4.888888888888889	0.8611111111111107	categories=4,5,6,7,8	0.2666666666666666	3	0.39578823290205056	2.5779352338271835	-5.280045761300388	2520	0.7142857142857143	0.05952380952380952	1.0	0.16825396825396827	288	0.71875	3	1.0	F100R_L2:1.000000:1;F100V_L1:0.000000:0;F89R2_L4:0.000000:0;F99V_L1:1.000000:1;F99V_L2:-1.200000:1	F100R_L2:-0.100000:2;F100V_L1:0.266667:3;F89R2_L4:0.266667:3;F99V_L1:-0.100000:2;F99V_L2:1.000000:2	f100:-0.100000:2;f89:0.266667:3;f99:1.000000:1	0	0	1.0	ZL3b:0.266667;IT2a:0.266667;RF1b:0.266667	AS_CONTACT:effect=0.266667,p=0.714286,worlds=2520;AS_CLEAR_GAP:effect=0.450000,p=0.416402,worlds=7560	FEATURE_IS_LENGTH	Numeric source-native family-symbol count.	292
CONTACT_GAP	2a4b9b744268	CONTACT_VS_CLEAR_GAP	(MEMBER_TOKEN_RF1b:A3)_AND_(SYMBOL_COUNT_GE:5)	JOINT_DEPTH2		UNSTABLE	26	8	18	13	6	7	0.3611111111111111	present=13	0.11666666666666665	3	0.22408079264396769	2.344648171387444	-5.513332823740128	2520	0.7559523809523809	0.14285714285714285	1.0	0.9563492063492064	288	0.875	3	1.0	F100R_L2:0.200000:1;F100V_L1:0.000000:0;F89R2_L4:0.000000:0;F99V_L1:0.750000:1;F99V_L2:-0.600000:1	F100R_L2:0.075000:2;F100V_L1:0.116667:3;F89R2_L4:0.116667:3;F99V_L1:-0.200000:2;F99V_L2:0.475000:2	f100:0.075000:2;f89:0.116667:3;f99:0.200000:1	0	1		NOT_EVALUATED_POSTSELECTED_JOINT	AS_CONTACT:effect=0.116667,p=0.755952,worlds=2520;AS_CLEAR_GAP:effect=0.087500,p=0.755952,worlds=7560	POSTSELECTED_COMBINATION;EDITION_ROBUSTNESS_NOT_EVALUATED	Postselected depth-2 exploratory combination.	293
CONTACT_GAP	90e55d33394a	CONTACT_VS_CLEAR_GAP	FAMILY_2GRAM:AB	FAMILY_COMPONENT	FAMILY_2GRAM:AB	UNSTABLE	26	8	18	14	4	10	-0.05555555555555558	present=14	-0.11666666666666668	3	0.22408079264396763	1.537293249329835	-6.320687745797737	2520	0.7559523809523809	0.14285714285714285	1.0	0.9563492063492064	288	0.7604166666666666	3	1.0	F100R_L2:0.600000:1;F100V_L1:0.000000:0;F89R2_L4:0.000000:0;F99V_L1:-0.750000:1;F99V_L2:-0.200000:1	F100R_L2:-0.475000:2;F100V_L1:-0.116667:3;F89R2_L4:-0.116667:3;F99V_L1:0.200000:2;F99V_L2:-0.075000:2	f100:-0.475000:2;f89:-0.116667:3;f99:0.600000:1	0	0	1.0	ZL3b:-0.116667;IT2a:-0.116667;RF1b:-0.116667	AS_CONTACT:effect=-0.116667,p=0.755952,worlds=2520;AS_CLEAR_GAP:effect=0.162500,p=0.561508,worlds=7560	NONE		294
CONTACT_GAP	5a63679f773c	CONTACT_VS_CLEAR_GAP	(SYMBOL_COUNT_GE:6)_OR_(FAMILY_2GRAM:BC)	JOINT_DEPTH2		UNSTABLE	26	8	18	11	5	6	0.2916666666666667	present=11	0.19999999999999998	3	0.17519832930552767	0.180819642545611	-7.677161352581961	2520	0.7706349206349207	0.19047619047619047	1.0	1.0	288	0.8125	3	1.0	F100R_L2:1.000000:1;F100V_L1:0.000000:0;F89R2_L4:0.000000:0;F99V_L1:0.000000:1;F99V_L2:-0.400000:1	F100R_L2:-0.200000:2;F100V_L1:0.200000:3;F89R2_L4:0.200000:3;F99V_L1:0.300000:2;F99V_L2:0.500000:2	f100:-0.200000:2;f89:0.200000:3;f99:1.000000:1	0	0		NOT_EVALUATED_POSTSELECTED_JOINT	AS_CONTACT:effect=0.200000,p=0.770635,worlds=2520;AS_CLEAR_GAP:effect=0.150000,p=0.770635,worlds=7560	POSTSELECTED_COMBINATION;EDITION_ROBUSTNESS_NOT_EVALUATED;POSSIBLE_LENGTH_CONFOUND	Postselected depth-2 exploratory combination.	295
CONTACT_GAP	b908e0275cf1	CONTACT_VS_CLEAR_GAP	(MEMBER_TOKEN_ZL3b:B2)_OR_(FAMILY_PREFIX_2:AC)	JOINT_DEPTH2		UNSTABLE	26	8	18	14	4	10	-0.05555555555555558	present=14	-0.11666666666666665	3	0.2671352341348811	2.444183844938358	-5.413797150189214	2520	0.7777777777777778	0.07936507936507936	1.0	0.8373015873015873	288	0.7777777777777778	3	1.0	F100R_L2:0.800000:1;F100V_L1:0.000000:0;F89R2_L4:0.000000:0;F99V_L1:-0.750000:1;F99V_L2:-0.400000:1	F100R_L2:-0.575000:2;F100V_L1:-0.116667:3;F89R2_L4:-0.116667:3;F99V_L1:0.200000:2;F99V_L2:0.025000:2	f100:-0.575000:2;f89:-0.116667:3;f99:0.800000:1	0	0		NOT_EVALUATED_POSTSELECTED_JOINT	AS_CONTACT:effect=-0.116667,p=0.777778,worlds=2520;AS_CLEAR_GAP:effect=0.162500,p=0.582011,worlds=7560	POSTSELECTED_COMBINATION;EDITION_ROBUSTNESS_NOT_EVALUATED	Postselected depth-2 exploratory combination.	296
CONTACT_GAP	f87f75a642fc	CONTACT_VS_CLEAR_GAP	(FAMILY_1GRAM:K)_OR_(MEMBER_TOKEN_ZL3b:B2)	JOINT_DEPTH2		UNSTABLE	26	8	18	14	5	9	0.125	present=14	0.09999999999999999	3	0.25695590696217313	3.2630344058337926	-4.594946589293779	2520	0.8511904761904762	0.14682539682539683	1.0	0.8865079365079365	288	0.8263888888888888	3	1.0	F100R_L2:1.000000:1;F100V_L1:0.000000:0;F89R2_L4:0.000000:0;F99V_L1:-0.500000:1;F99V_L2:-0.200000:1	F100R_L2:-0.350000:2;F100V_L1:0.100000:3;F89R2_L4:0.100000:3;F99V_L1:0.400000:2;F99V_L2:0.250000:2	f100:-0.350000:2;f89:0.100000:3;f99:1.000000:1	0	0		NOT_EVALUATED_POSTSELECTED_JOINT	AS_CONTACT:effect=0.100000,p=0.851190,worlds=2520;AS_CLEAR_GAP:effect=0.325000,p=0.215608,worlds=7560	POSTSELECTED_COMBINATION;EDITION_ROBUSTNESS_NOT_EVALUATED	Postselected depth-2 exploratory combination.	297
CONTACT_GAP	b599b80411a8	CONTACT_VS_CLEAR_GAP	(MEMBER_TOKEN_ZL3b:B1)_OR_(SYMBOL_COUNT_GE:5)	JOINT_DEPTH2		UNSTABLE	26	8	18	21	7	14	0.09722222222222221	present=21	-0.10000000000000002	3	0.1688599817524303	1.1926450779423945	-6.665335917185177	2520	0.8571428571428571	0.14285714285714285	1.0	1.0	288	0.9166666666666666	3	1.0	F100R_L2:0.000000:1;F100V_L1:0.000000:0;F89R2_L4:0.000000:0;F99V_L1:0.500000:1;F99V_L2:-0.800000:1	F100R_L2:-0.150000:2;F100V_L1:-0.100000:3;F89R2_L4:-0.100000:3;F99V_L1:-0.400000:2;F99V_L2:0.250000:2	f100:-0.150000:2;f89:-0.100000:3;f99:0.000000:1	0	1		NOT_EVALUATED_POSTSELECTED_JOINT	AS_CONTACT:effect=-0.100000,p=0.857143,worlds=2520;AS_CLEAR_GAP:effect=-0.075000,p=0.857143,worlds=7560	POSTSELECTED_COMBINATION;EDITION_ROBUSTNESS_NOT_EVALUATED	Postselected depth-2 exploratory combination.	298
CONTACT_GAP	fb80b36b64d7	CONTACT_VS_CLEAR_GAP	(FAMILY_1GRAM:K)_OR_(FAMILY_2GRAM:AB)	JOINT_DEPTH2		UNSTABLE	26	8	18	16	5	11	0.01388888888888884	present=16	-0.03333333333333335	3	0.15099869534050125	0.6076825772212366	-7.250298417906335	2520	1.0	0.5238095238095238	1.0	1.0	288	1.0	3	1.0	F100R_L2:0.600000:1;F100V_L1:0.000000:0;F89R2_L4:0.000000:0;F99V_L1:-0.500000:1;F99V_L2:-0.200000:1	F100R_L2:-0.350000:2;F100V_L1:-0.033333:3;F89R2_L4:-0.033333:3;F99V_L1:0.200000:2;F99V_L2:0.050000:2	f100:-0.350000:2;f89:-0.033333:3;f99:0.600000:1	0	0		NOT_EVALUATED_POSTSELECTED_JOINT	AS_CONTACT:effect=-0.033333,p=1.000000,worlds=2520;AS_CLEAR_GAP:effect=0.225000,p=0.456349,worlds=7560	POSTSELECTED_COMBINATION;EDITION_ROBUSTNESS_NOT_EVALUATED	Postselected depth-2 exploratory combination.	299
CONTACT_GAP	6c8c6a62a036	CONTACT_VS_CLEAR_GAP	(FAMILY_1GRAM:K)_OR_(FAMILY_PREFIX_1:A)	JOINT_DEPTH2		UNSTABLE	26	8	18	17	6	11	0.13888888888888884	present=17	-0.016666666666666646	3	0.15956863866834697	0.05186642215959836	-7.8061145729679735	2520	1.0	0.3333333333333333	1.0	1.0	288	1.0	3	1.0	F100R_L2:0.800000:1;F100V_L1:0.000000:0;F89R2_L4:0.000000:0;F99V_L1:-0.250000:1;F99V_L2:-0.600000:1	F100R_L2:-0.425000:2;F100V_L1:-0.016667:3;F89R2_L4:-0.016667:3;F99V_L1:0.100000:2;F99V_L2:0.275000:2	f100:-0.425000:2;f89:-0.016667:3;f99:0.800000:1	0	0		NOT_EVALUATED_POSTSELECTED_JOINT	AS_CONTACT:effect=-0.016667,p=1.000000,worlds=2520;AS_CLEAR_GAP:effect=-0.012500,p=1.000000,worlds=7560	POSTSELECTED_COMBINATION;EDITION_ROBUSTNESS_NOT_EVALUATED	Postselected depth-2 exploratory combination.	300
CONTACT_GAP	fbaae80f1bbb	CONTACT_VS_CLEAR_GAP	(FAMILY_1GRAM:K)_OR_(MEMBER_TOKEN_IT2a:B2)	JOINT_DEPTH2		UNSTABLE	26	8	18	15	5	10	0.06944444444444442	present=15	0.03333333333333335	3	0.18003283003909618	1.4150374992788457	-6.442943495848726	2520	1.0	0.2222222222222222	1.0	1.0	288	1.0	3	1.0	F100R_L2:0.800000:1;F100V_L1:0.000000:0;F89R2_L4:0.000000:0;F99V_L1:-0.500000:1;F99V_L2:-0.200000:1	F100R_L2:-0.350000:2;F100V_L1:0.033333:3;F89R2_L4:0.033333:3;F99V_L1:0.300000:2;F99V_L2:0.150000:2	f100:-0.350000:2;f89:0.033333:3;f99:0.800000:1	0	0		NOT_EVALUATED_POSTSELECTED_JOINT	AS_CONTACT:effect=0.033333,p=1.000000,worlds=2520;AS_CLEAR_GAP:effect=0.275000,p=0.468254,worlds=7560	POSTSELECTED_COMBINATION;EDITION_ROBUSTNESS_NOT_EVALUATED	Postselected depth-2 exploratory combination.	301
CONTACT_GAP	fe1db9895e6a	CONTACT_VS_CLEAR_GAP	(FAMILY_1GRAM:K)_OR_(SYMBOL_COUNT_GE:5)	JOINT_DEPTH2		UNSTABLE	26	8	18	20	7	13	0.1527777777777778	present=20	0.05000000000000001	3	0.21290794435730176	2.9296106721085984	-4.9283703230189735	2520	1.0	0.14285714285714285	1.0	0.9841269841269841	288	1.0	3	1.0	F100R_L2:0.000000:1;F100V_L1:0.000000:0;F89R2_L4:0.000000:0;F99V_L1:0.750000:1;F99V_L2:-0.600000:1	F100R_L2:0.075000:2;F100V_L1:0.050000:3;F89R2_L4:0.050000:3;F99V_L1:-0.300000:2;F99V_L2:0.375000:2	f100:0.075000:2;f89:0.050000:3;f99:0.000000:1	0	1		NOT_EVALUATED_POSTSELECTED_JOINT	AS_CONTACT:effect=0.050000,p=1.000000,worlds=2520;AS_CLEAR_GAP:effect=0.037500,p=1.000000,worlds=7560	POSTSELECTED_COMBINATION;EDITION_ROBUSTNESS_NOT_EVALUATED	Postselected depth-2 exploratory combination.	302
CONTACT_GAP	aefa94b12447	CONTACT_VS_CLEAR_GAP	(FAMILY_2GRAM:KA)_OR_(FAMILY_PREFIX_1:A)	JOINT_DEPTH2		UNSTABLE	26	8	18	16	6	10	0.19444444444444442	present=16	-0.016666666666666646	3	0.15956863866834697	-0.10013667128544768	-7.9581176664130195	2520	1.0	0.3333333333333333	1.0	1.0	288	1.0	3	1.0	F100R_L2:0.800000:1;F100V_L1:0.000000:0;F89R2_L4:0.000000:0;F99V_L1:-0.250000:1;F99V_L2:-0.600000:1	F100R_L2:-0.425000:2;F100V_L1:-0.016667:3;F89R2_L4:-0.016667:3;F99V_L1:0.100000:2;F99V_L2:0.275000:2	f100:-0.425000:2;f89:-0.016667:3;f99:0.800000:1	0	0		NOT_EVALUATED_POSTSELECTED_JOINT	AS_CONTACT:effect=-0.016667,p=1.000000,worlds=2520;AS_CLEAR_GAP:effect=-0.012500,p=1.000000,worlds=7560	POSTSELECTED_COMBINATION;EDITION_ROBUSTNESS_NOT_EVALUATED	Postselected depth-2 exploratory combination.	303
CONTACT_GAP	71cad51bd95a	CONTACT_VS_CLEAR_GAP	(FAMILY_PREFIX_1:A)_OR_(FAMILY_2GRAM:BC)	JOINT_DEPTH2		UNSTABLE	26	8	18	17	6	11	0.13888888888888884	present=17	-0.016666666666666646	3	0.15956863866834697	0.05186642215959836	-7.8061145729679735	2520	1.0	0.3333333333333333	1.0	1.0	288	1.0	3	1.0	F100R_L2:0.800000:1;F100V_L1:0.000000:0;F89R2_L4:0.000000:0;F99V_L1:-0.250000:1;F99V_L2:-0.600000:1	F100R_L2:-0.425000:2;F100V_L1:-0.016667:3;F89R2_L4:-0.016667:3;F99V_L1:0.100000:2;F99V_L2:0.275000:2	f100:-0.425000:2;f89:-0.016667:3;f99:0.800000:1	0	0		NOT_EVALUATED_POSTSELECTED_JOINT	AS_CONTACT:effect=-0.016667,p=1.000000,worlds=2520;AS_CLEAR_GAP:effect=-0.012500,p=1.000000,worlds=7560	POSTSELECTED_COMBINATION;EDITION_ROBUSTNESS_NOT_EVALUATED	Postselected depth-2 exploratory combination.	304
CONTACT_GAP	282f4f61aaff	CONTACT_VS_CLEAR_GAP	(FAMILY_PREFIX_1:A)_OR_(MEMBER_TOKEN_ZL3b:B2)	JOINT_DEPTH2		UNSTABLE	26	8	18	18	6	12	0.08333333333333337	present=18	-0.016666666666666646	3	0.15956863866834697	0.8592213442172074	-6.9987596509103644	2520	1.0	0.3333333333333333	1.0	1.0	288	1.0	3	1.0	F100R_L2:0.800000:1;F100V_L1:0.000000:0;F89R2_L4:0.000000:0;F99V_L1:-0.250000:1;F99V_L2:-0.600000:1	F100R_L2:-0.425000:2;F100V_L1:-0.016667:3;F89R2_L4:-0.016667:3;F99V_L1:0.100000:2;F99V_L2:0.275000:2	f100:-0.425000:2;f89:-0.016667:3;f99:0.800000:1	0	0		NOT_EVALUATED_POSTSELECTED_JOINT	AS_CONTACT:effect=-0.016667,p=1.000000,worlds=2520;AS_CLEAR_GAP:effect=-0.012500,p=1.000000,worlds=7560	POSTSELECTED_COMBINATION;EDITION_ROBUSTNESS_NOT_EVALUATED	Postselected depth-2 exploratory combination.	305
CONTACT_GAP	98f25a795098	CONTACT_VS_CLEAR_GAP	(FAMILY_PREFIX_2:AC)_OR_(FAMILY_2GRAM:BC)	JOINT_DEPTH2		UNSTABLE	26	8	18	9	2	7	-0.1388888888888889	present=9	-0.033333333333333326	3	0.19405313683141467	-0.029747343394046055	-7.887728338521618	2520	1.0	0.23809523809523808	1.0	0.9880952380952381	288	1.0	3	1.0	F100R_L2:0.800000:1;F100V_L1:0.000000:0;F89R2_L4:0.000000:0;F99V_L1:-0.500000:1;F99V_L2:-0.400000:1	F100R_L2:-0.450000:2;F100V_L1:-0.033333:3;F89R2_L4:-0.033333:3;F99V_L1:0.200000:2;F99V_L2:0.150000:2	f100:-0.450000:2;f89:-0.033333:3;f99:0.800000:1	0	0		NOT_EVALUATED_POSTSELECTED_JOINT	AS_CONTACT:effect=-0.033333,p=1.000000,worlds=2520;AS_CLEAR_GAP:effect=0.100000,p=0.727513,worlds=7560	POSTSELECTED_COMBINATION;EDITION_ROBUSTNESS_NOT_EVALUATED;POSSIBLE_LENGTH_CONFOUND	Postselected depth-2 exploratory combination.	306
CONTACT_GAP	8623b3af9278	CONTACT_VS_CLEAR_GAP	(FAMILY_PREFIX_3:CAC)_OR_(FAMILY_SUFFIX_1:B)	JOINT_DEPTH2		UNSTABLE	26	8	18	6	2	4	0.02777777777777779	present=6	0.11666666666666665	3	0.21763690806553687	0.8998633287145452	-6.958117666413027	2520	1.0	0.16666666666666666	1.0	0.9666666666666667	288	1.0	3	0.3333333333333333	F100R_L2:-0.400000:1;F100V_L1:0.000000:0;F89R2_L4:0.000000:0;F99V_L1:-0.250000:1;F99V_L2:1.000000:1	F100R_L2:0.375000:2;F100V_L1:0.116667:3;F89R2_L4:0.116667:3;F99V_L1:0.300000:2;F99V_L2:-0.325000:2	f100:0.375000:2;f89:0.116667:3;f99:-0.400000:1	0	0		NOT_EVALUATED_POSTSELECTED_JOINT	AS_CONTACT:effect=0.116667,p=1.000000,worlds=2520;AS_CLEAR_GAP:effect=-0.037500,p=1.000000,worlds=7560	POSTSELECTED_COMBINATION;EDITION_ROBUSTNESS_NOT_EVALUATED	Postselected depth-2 exploratory combination.	307
CONTACT_GAP	a9456bd688bc	CONTACT_VS_CLEAR_GAP	(FAMILY_PREFIX_3:CAC)_OR_(FAMILY_SUFFIX_2:AB)	JOINT_DEPTH2		UNSTABLE	26	8	18	5	2	3	0.08333333333333334	present=5	0.11666666666666665	3	0.21763690806553687	1.7072182507721543	-6.150762744355418	2520	1.0	0.16666666666666666	1.0	0.9666666666666667	288	1.0	3	0.3333333333333333	F100R_L2:-0.400000:1;F100V_L1:0.000000:0;F89R2_L4:0.000000:0;F99V_L1:-0.250000:1;F99V_L2:1.000000:1	F100R_L2:0.375000:2;F100V_L1:0.116667:3;F89R2_L4:0.116667:3;F99V_L1:0.300000:2;F99V_L2:-0.325000:2	f100:0.375000:2;f89:0.116667:3;f99:-0.400000:1	0	0		NOT_EVALUATED_POSTSELECTED_JOINT	AS_CONTACT:effect=0.116667,p=1.000000,worlds=2520;AS_CLEAR_GAP:effect=0.212500,p=0.490741,worlds=7560	POSTSELECTED_COMBINATION;EDITION_ROBUSTNESS_NOT_EVALUATED	Postselected depth-2 exploratory combination.	308
CONTACT_GAP	b1a895b11db8	CONTACT_VS_CLEAR_GAP	(FAMILY_SUFFIX_1:B)_OR_(FAMILY_2GRAM:BC)	JOINT_DEPTH2		UNSTABLE	26	8	18	11	3	8	-0.06944444444444442	present=11	-0.03333333333333335	3	0.15099869534050125	-0.19967234483636886	-8.057653339963942	2520	1.0	0.5238095238095238	1.0	1.0	288	1.0	3	1.0	F100R_L2:0.600000:1;F100V_L1:0.000000:0;F89R2_L4:0.000000:0;F99V_L1:-0.500000:1;F99V_L2:-0.200000:1	F100R_L2:-0.350000:2;F100V_L1:-0.033333:3;F89R2_L4:-0.033333:3;F99V_L1:0.200000:2;F99V_L2:0.050000:2	f100:-0.350000:2;f89:-0.033333:3;f99:0.600000:1	0	0		NOT_EVALUATED_POSTSELECTED_JOINT	AS_CONTACT:effect=-0.033333,p=1.000000,worlds=2520;AS_CLEAR_GAP:effect=-0.025000,p=1.000000,worlds=7560	POSTSELECTED_COMBINATION;EDITION_ROBUSTNESS_NOT_EVALUATED;POSSIBLE_LENGTH_CONFOUND	Postselected depth-2 exploratory combination.	309
CONTACT_GAP	6fc56beea865	CONTACT_VS_CLEAR_GAP	(FAMILY_SUFFIX_2:AB)_OR_(FAMILY_2GRAM:BC)	JOINT_DEPTH2		UNSTABLE	26	8	18	10	3	7	-0.013888888888888895	present=10	-0.03333333333333335	3	0.15099869534050125	-0.3516754382814149	-8.209656433408988	2520	1.0	0.5238095238095238	1.0	1.0	288	1.0	3	1.0	F100R_L2:0.600000:1;F100V_L1:0.000000:0;F89R2_L4:0.000000:0;F99V_L1:-0.500000:1;F99V_L2:-0.200000:1	F100R_L2:-0.350000:2;F100V_L1:-0.033333:3;F89R2_L4:-0.033333:3;F99V_L1:0.200000:2;F99V_L2:0.050000:2	f100:-0.350000:2;f89:-0.033333:3;f99:0.600000:1	0	0		NOT_EVALUATED_POSTSELECTED_JOINT	AS_CONTACT:effect=-0.033333,p=1.000000,worlds=2520;AS_CLEAR_GAP:effect=0.225000,p=0.456349,worlds=7560	POSTSELECTED_COMBINATION;EDITION_ROBUSTNESS_NOT_EVALUATED;POSSIBLE_LENGTH_CONFOUND	Postselected depth-2 exploratory combination.	310
CONTACT_GAP	7fa639a97f1f	CONTACT_VS_CLEAR_GAP	(MEMBER_TOKEN_ZL3b:A2)_AND_(SYMBOL_COUNT_GE:5)	JOINT_DEPTH2		UNSTABLE	26	8	18	10	5	5	0.3472222222222222	present=10	0.04999999999999999	3	0.20522598511808063	0.537293249329835	-7.320687745797737	2520	1.0	0.19047619047619047	1.0	0.9841269841269841	288	1.0	3	1.0	F100R_L2:-0.200000:1;F100V_L1:0.000000:0;F89R2_L4:0.000000:0;F99V_L1:0.750000:1;F99V_L2:-0.400000:1	F100R_L2:0.175000:2;F100V_L1:0.050000:3;F89R2_L4:0.050000:3;F99V_L1:-0.300000:2;F99V_L2:0.275000:2	f100:0.175000:2;f89:0.050000:3;f99:-0.200000:1	0	0		NOT_EVALUATED_POSTSELECTED_JOINT	AS_CONTACT:effect=0.050000,p=1.000000,worlds=2520;AS_CLEAR_GAP:effect=-0.087500,p=0.809524,worlds=7560	POSTSELECTED_COMBINATION;EDITION_ROBUSTNESS_NOT_EVALUATED	Postselected depth-2 exploratory combination.	311
CONTACT_GAP	91ad8f886839	CONTACT_VS_CLEAR_GAP	(MEMBER_TOKEN_ZL3b:B1)_OR_(FAMILY_2GRAM:BC)	JOINT_DEPTH2		UNSTABLE	26	8	18	12	3	9	-0.125	present=12	-0.033333333333333326	3	0.15634352177964064	-0.6262054829530364	-8.484186478080609	2520	1.0	0.28253968253968254	1.0	1.0	288	1.0	3	1.0	F100R_L2:0.800000:1;F100V_L1:0.000000:0;F89R2_L4:0.000000:0;F99V_L1:-0.500000:1;F99V_L2:-0.400000:1	F100R_L2:-0.450000:2;F100V_L1:-0.033333:3;F89R2_L4:-0.033333:3;F99V_L1:0.200000:2;F99V_L2:0.150000:2	f100:-0.450000:2;f89:-0.033333:3;f99:0.800000:1	0	0		NOT_EVALUATED_POSTSELECTED_JOINT	AS_CONTACT:effect=-0.033333,p=1.000000,worlds=2520;AS_CLEAR_GAP:effect=0.100000,p=0.733333,worlds=7560	POSTSELECTED_COMBINATION;EDITION_ROBUSTNESS_NOT_EVALUATED;POSSIBLE_LENGTH_CONFOUND	Postselected depth-2 exploratory combination.	312
CONTACT_GAP	2686afa7eb88	CONTACT_VS_CLEAR_GAP	(MEMBER_TOKEN_ZL3b:B2)_OR_(MEMBER_TOKEN_ZL3b:B1)	JOINT_DEPTH2		UNSTABLE	26	8	18	15	5	10	0.06944444444444442	present=15	-0.033333333333333326	3	0.1940531368314147	0.7072182507721543	-7.150762744355418	2520	1.0	0.23809523809523808	1.0	0.9880952380952381	288	1.0	3	1.0	F100R_L2:0.800000:1;F100V_L1:0.000000:0;F89R2_L4:0.000000:0;F99V_L1:-0.500000:1;F99V_L2:-0.400000:1	F100R_L2:-0.450000:2;F100V_L1:-0.033333:3;F89R2_L4:-0.033333:3;F99V_L1:0.200000:2;F99V_L2:0.150000:2	f100:-0.450000:2;f89:-0.033333:3;f99:0.800000:1	0	0		NOT_EVALUATED_POSTSELECTED_JOINT	AS_CONTACT:effect=-0.033333,p=1.000000,worlds=2520;AS_CLEAR_GAP:effect=0.225000,p=0.476190,worlds=7560	POSTSELECTED_COMBINATION;EDITION_ROBUSTNESS_NOT_EVALUATED	Postselected depth-2 exploratory combination.	313
CONTACT_GAP	d4cb88b49f88	CONTACT_VS_CLEAR_GAP	(MEMBER_TOKEN_ZL3b:B2)_OR_(SYMBOL_COUNT_GE:6)	JOINT_DEPTH2		UNSTABLE	26	8	18	15	6	9	0.25	present=15	0.11666666666666665	3	0.2176369080655369	1.484825829435703	-6.373155165691869	2520	1.0	0.16666666666666666	1.0	0.9666666666666667	288	1.0	3	1.0	F100R_L2:1.000000:1;F100V_L1:0.000000:0;F89R2_L4:0.000000:0;F99V_L1:-0.250000:1;F99V_L2:-0.400000:1	F100R_L2:-0.325000:2;F100V_L1:0.116667:3;F89R2_L4:0.116667:3;F99V_L1:0.300000:2;F99V_L2:0.375000:2	f100:-0.325000:2;f89:0.116667:3;f99:1.000000:1	0	0		NOT_EVALUATED_POSTSELECTED_JOINT	AS_CONTACT:effect=0.116667,p=1.000000,worlds=2520;AS_CLEAR_GAP:effect=0.087500,p=1.000000,worlds=7560	POSTSELECTED_COMBINATION;EDITION_ROBUSTNESS_NOT_EVALUATED	Postselected depth-2 exploratory combination.	314
CONTACT_GAP	3e87b578e5a5	CONTACT_VS_CLEAR_GAP	MEMBER_TOKEN_IT2a:B2	MEMBER_CODE	MEMBER_TOKEN_IT2a:B2	UNSTABLE	26	8	18	13	4	9	0.0	present=13	-0.04999999999999999	3	0.2531149273425626	2.3446481713874405	-5.513332823740131	2520	1.0	0.06349206349206349	1.0	0.8865079365079365	288	1.0	3	1.0	F100R_L2:0.800000:1;F100V_L1:0.000000:0;F89R2_L4:0.000000:0;F99V_L1:-0.750000:1;F99V_L2:-0.200000:1	F100R_L2:-0.475000:2;F100V_L1:-0.050000:3;F89R2_L4:-0.050000:3;F99V_L1:0.300000:2;F99V_L2:0.025000:2	f100:-0.475000:2;f89:-0.050000:3;f99:0.800000:1	0	0	0.9230769230769231	ZL3b:0.016667;IT2a:-0.050000;RF1b:0.016667	AS_CONTACT:effect=-0.050000,p=1.000000,worlds=2520;AS_CLEAR_GAP:effect=0.212500,p=0.558201,worlds=7560	NONE	primary edition=IT2a	315
CONTACT_GAP	f34c4319b39b	CONTACT_VS_CLEAR_GAP	MEMBER_TOKEN_ZL3b:B2	MEMBER_CODE	MEMBER_TOKEN_ZL3b:B2;MEMBER_TOKEN_RF1b:B2	UNSTABLE	26	8	18	12	4	8	0.05555555555555558	present=12	0.016666666666666663	3	0.3300380042656395	4.192645077942387	-3.6653359171851845	2520	1.0	0.04365079365079365	1.0	0.5468253968253968	288	1.0	3	1.0	F100R_L2:1.000000:1;F100V_L1:0.000000:0;F89R2_L4:0.000000:0;F99V_L1:-0.750000:1;F99V_L2:-0.200000:1	F100R_L2:-0.475000:2;F100V_L1:0.016667:3;F89R2_L4:0.016667:3;F99V_L1:0.400000:2;F99V_L2:0.125000:2	f100:-0.475000:2;f89:0.016667:3;f99:1.000000:1	0	0	0.9230769230769231	ZL3b:0.016667;IT2a:-0.050000;RF1b:0.016667	AS_CONTACT:effect=0.016667,p=1.000000,worlds=2520;AS_CLEAR_GAP:effect=0.262500,p=0.380291,worlds=7560	NONE	primary edition=ZL3b	316
CONTACT_GAP	45683f7f37ae	CONTACT_VS_CLEAR_GAP	SYMBOL_COUNT_GE:5	CONSTRUCTION	SYMBOL_COUNT_GE:5	UNSTABLE	26	8	18	19	7	12	0.20833333333333337	present=19	0.05000000000000001	3	0.21290794435730176	2.122255750050993	-5.735725245076579	2520	1.0	0.14285714285714285	1.0	0.9841269841269841	288	1.0	3	1.0	F100R_L2:0.000000:1;F100V_L1:0.000000:0;F89R2_L4:0.000000:0;F99V_L1:0.750000:1;F99V_L2:-0.600000:1	F100R_L2:0.075000:2;F100V_L1:0.050000:3;F89R2_L4:0.050000:3;F99V_L1:-0.300000:2;F99V_L2:0.375000:2	f100:0.075000:2;f89:0.050000:3;f99:0.000000:1	0	1	1.0	ZL3b:0.050000;IT2a:0.050000;RF1b:0.050000	AS_CONTACT:effect=0.050000,p=1.000000,worlds=2520;AS_CLEAR_GAP:effect=0.037500,p=1.000000,worlds=7560	NONE		317
CONTACT_GAP	d700c69b8188	CONTACT_VS_CLEAR_GAP	MULTI_GROUP	CONSTRUCTION	MULTI_GROUP;INTERNAL_DRAWING_INTERRUPTION	LIKELY_PAGE_CONFOUND	26	8	18	2	2	0	0.25	present=2	0.16666666666666666	3	0.09577788444896396	1.2630344058337926	-6.594946589293779	2520	0.42857142857142855	0.42857142857142855	1.0	1.0	288	0.5	3	1.0	F100R_L2:0.000000:1;F100V_L1:0.000000:0;F89R2_L4:0.000000:0;F99V_L1:0.500000:1;F99V_L2:0.000000:1	F100R_L2:0.250000:2;F100V_L1:0.166667:3;F89R2_L4:0.166667:3;F99V_L1:0.000000:2;F99V_L2:0.250000:2	f100:0.250000:2;f89:0.166667:3;f99:0.000000:1	1	1	1.0	ZL3b:0.166667;IT2a:0.166667;RF1b:0.166667	AS_CONTACT:effect=0.166667,p=0.428571,worlds=2520;AS_CLEAR_GAP:effect=0.125000,p=0.428571,worlds=7560	ONE_POSITIVE_FOLIO;DIRECT_VISUAL_TRANSCRIPTION_COUPLING;ZERO_NEGATIVE_SUPPORT;POSSIBLE_LENGTH_CONFOUND	Directly coupled to drawing interruption in this panel.	318
CONTACT_GAP	995473bdb8bb	CONTACT_VS_CLEAR_GAP	(FAMILY_PREFIX_2:AC)_OR_(FAMILY_SUFFIX_2:AB)	JOINT_DEPTH2		NO_SIGNAL	26	8	18	6	1	5	-0.1527777777777778	present=6	-0.35000000000000003	3	0.09765938965154652	-1.0476692513913157	-8.905650246518888	2520	0.2916666666666667	1.0	1.0	1.0	288	0.2916666666666667	3	1.0	F100R_L2:-0.600000:1;F100V_L1:0.000000:0;F89R2_L4:0.000000:0;F99V_L1:-0.250000:1;F99V_L2:-0.200000:1	F100R_L2:-0.225000:2;F100V_L1:-0.350000:3;F89R2_L4:-0.350000:3;F99V_L1:-0.400000:2;F99V_L2:-0.425000:2	f100:-0.225000:2;f89:-0.350000:3;f99:-0.600000:1	1	1		NOT_EVALUATED_POSTSELECTED_JOINT	AS_CONTACT:effect=-0.350000,p=0.291667,worlds=2520;AS_CLEAR_GAP:effect=-0.137500,p=0.763889,worlds=7560	ONE_POSITIVE_FOLIO;POSTSELECTED_COMBINATION;EDITION_ROBUSTNESS_NOT_EVALUATED;POSSIBLE_LENGTH_CONFOUND	Postselected depth-2 exploratory combination.	319
CONTACT_GAP	cc11b1a577ec	CONTACT_VS_CLEAR_GAP	(FAMILY_SUFFIX_1:B)_OR_(FAMILY_PREFIX_2:AC)	JOINT_DEPTH2		NO_SIGNAL	26	8	18	7	1	6	-0.20833333333333331	present=7	-0.35000000000000003	3	0.09765938965154652	-1.8550241734489248	-9.713005168576498	2520	0.2916666666666667	1.0	1.0	1.0	288	0.2916666666666667	3	1.0	F100R_L2:-0.600000:1;F100V_L1:0.000000:0;F89R2_L4:0.000000:0;F99V_L1:-0.250000:1;F99V_L2:-0.200000:1	F100R_L2:-0.225000:2;F100V_L1:-0.350000:3;F89R2_L4:-0.350000:3;F99V_L1:-0.400000:2;F99V_L2:-0.425000:2	f100:-0.225000:2;f89:-0.350000:3;f99:-0.600000:1	1	1		NOT_EVALUATED_POSTSELECTED_JOINT	AS_CONTACT:effect=-0.350000,p=0.291667,worlds=2520;AS_CLEAR_GAP:effect=-0.387500,p=0.250000,worlds=7560	ONE_POSITIVE_FOLIO;POSTSELECTED_COMBINATION;EDITION_ROBUSTNESS_NOT_EVALUATED;POSSIBLE_LENGTH_CONFOUND	Postselected depth-2 exploratory combination.	320
CONTACT_GAP	71c4bbb03c9b	CONTACT_VS_CLEAR_GAP	FAMILY_PREFIX_1:A	FAMILY_COMPONENT	FAMILY_PREFIX_1:A	NO_SIGNAL	26	8	18	14	5	9	0.125	present=14	-0.35000000000000003	3	0.09765938965154652	-1.270061672727767	-9.12804266785534	2520	0.2916666666666667	1.0	1.0	1.0	288	0.2916666666666667	3	1.0	F100R_L2:-0.200000:1;F100V_L1:0.000000:0;F89R2_L4:0.000000:0;F99V_L1:-0.250000:1;F99V_L2:-0.600000:1	F100R_L2:-0.425000:2;F100V_L1:-0.350000:3;F89R2_L4:-0.350000:3;F99V_L1:-0.400000:2;F99V_L2:-0.225000:2	f100:-0.425000:2;f89:-0.350000:3;f99:-0.200000:1	1	1	1.0	ZL3b:-0.350000;IT2a:-0.350000;RF1b:-0.350000	AS_CONTACT:effect=-0.350000,p=0.291667,worlds=2520;AS_CLEAR_GAP:effect=-0.262500,p=0.291667,worlds=7560	NONE		321
CONTACT_GAP	21fdc7849e96	CONTACT_VS_CLEAR_GAP	(MEMBER_TOKEN_ZL3b:A1)_AND_(MEMBER_TOKEN_ZL3b:B1)	JOINT_DEPTH2		NO_SIGNAL	26	8	18	4	0	4	-0.2222222222222222	present=4	-0.2333333333333333	3	0.10695073273562986	-0.12928301694497435	-7.987264012072546	2520	0.30952380952380953	0.5238095238095238	1.0	1.0	288	0.3333333333333333	3	1.0	F100R_L2:-0.200000:1;F100V_L1:0.000000:0;F89R2_L4:0.000000:0;F99V_L1:-0.500000:1;F99V_L2:0.000000:1	F100R_L2:-0.250000:2;F100V_L1:-0.233333:3;F89R2_L4:-0.233333:3;F99V_L1:-0.100000:2;F99V_L2:-0.350000:2	f100:-0.250000:2;f89:-0.233333:3;f99:-0.200000:1	1	1		NOT_EVALUATED_POSTSELECTED_JOINT	AS_CONTACT:effect=-0.233333,p=0.309524,worlds=2520;AS_CLEAR_GAP:effect=-0.175000,p=0.309524,worlds=7560	ONE_POSITIVE_FOLIO;POSTSELECTED_COMBINATION;EDITION_ROBUSTNESS_NOT_EVALUATED;ZERO_POSITIVE_SUPPORT;POSSIBLE_LENGTH_CONFOUND	Postselected depth-2 exploratory combination.	322
CONTACT_GAP	9406369a0aec	CONTACT_VS_CLEAR_GAP	(MEMBER_TOKEN_ZL3b:A1)_OR_(SYMBOL_COUNT_GE:6)	JOINT_DEPTH2		NO_SIGNAL	26	8	18	24	7	17	-0.06944444444444442	present=24	-0.26666666666666666	3	0.07308209730346635	0.736965594166211	-7.121015400961361	2520	0.3333333333333333	0.3333333333333333	1.0	1.0	288	0.3333333333333333	3	1.0	F100R_L2:0.000000:1;F100V_L1:0.000000:0;F89R2_L4:0.000000:0;F99V_L1:0.000000:1;F99V_L2:-0.800000:1	F100R_L2:-0.400000:2;F100V_L1:-0.266667:3;F89R2_L4:-0.266667:3;F99V_L1:-0.400000:2;F99V_L2:0.000000:2	f100:-0.400000:2;f89:-0.266667:3;f99:0.000000:1	1	1		NOT_EVALUATED_POSTSELECTED_JOINT	AS_CONTACT:effect=-0.266667,p=0.333333,worlds=2520;AS_CLEAR_GAP:effect=-0.200000,p=0.333333,worlds=7560	POSTSELECTED_COMBINATION;EDITION_ROBUSTNESS_NOT_EVALUATED	Postselected depth-2 exploratory combination.	323
CONTACT_GAP	046ffdc9a032	CONTACT_VS_CLEAR_GAP	(FAMILY_1GRAM:K)_OR_(MEMBER_TOKEN_RF1b:A3)	JOINT_DEPTH2		NO_SIGNAL	26	8	18	20	7	13	0.1527777777777778	present=20	0.2333333333333333	3	0.0692411176838558	-0.8777442499490107	-8.735725245076583	2520	0.3404761904761905	0.5714285714285714	1.0	1.0	288	0.4166666666666667	3	1.0	F100R_L2:0.200000:1;F100V_L1:0.000000:0;F89R2_L4:0.000000:0;F99V_L1:0.500000:1;F99V_L2:0.000000:1	F100R_L2:0.250000:2;F100V_L1:0.233333:3;F89R2_L4:0.233333:3;F99V_L1:0.100000:2;F99V_L2:0.350000:2	f100:0.250000:2;f89:0.233333:3;f99:0.200000:1	1	1		NOT_EVALUATED_POSTSELECTED_JOINT	AS_CONTACT:effect=0.233333,p=0.340476,worlds=2520;AS_CLEAR_GAP:effect=0.175000,p=0.340476,worlds=7560	POSTSELECTED_COMBINATION;EDITION_ROBUSTNESS_NOT_EVALUATED	Postselected depth-2 exploratory combination.	324
CONTACT_GAP	43e64aa50f14	CONTACT_VS_CLEAR_GAP	(FAMILY_2GRAM:KA)_OR_(MEMBER_TOKEN_RF1b:A3)	JOINT_DEPTH2		NO_SIGNAL	26	8	18	19	7	12	0.20833333333333337	present=19	0.2333333333333333	3	0.0692411176838558	-1.0297473433940567	-8.88772833852163	2520	0.3404761904761905	0.5714285714285714	1.0	1.0	288	0.4166666666666667	3	1.0	F100R_L2:0.200000:1;F100V_L1:0.000000:0;F89R2_L4:0.000000:0;F99V_L1:0.500000:1;F99V_L2:0.000000:1	F100R_L2:0.250000:2;F100V_L1:0.233333:3;F89R2_L4:0.233333:3;F99V_L1:0.100000:2;F99V_L2:0.350000:2	f100:0.250000:2;f89:0.233333:3;f99:0.200000:1	1	1		NOT_EVALUATED_POSTSELECTED_JOINT	AS_CONTACT:effect=0.233333,p=0.340476,worlds=2520;AS_CLEAR_GAP:effect=0.175000,p=0.340476,worlds=7560	POSTSELECTED_COMBINATION;EDITION_ROBUSTNESS_NOT_EVALUATED	Postselected depth-2 exploratory combination.	325
CONTACT_GAP	fe17a33f1c2b	CONTACT_VS_CLEAR_GAP	(FAMILY_PREFIX_1:K)_OR_(MEMBER_TOKEN_RF1b:A3)	JOINT_DEPTH2		NO_SIGNAL	26	8	18	18	7	11	0.26388888888888884	present=18	0.2333333333333333	3	0.0692411176838558	-0.8777442499490107	-8.735725245076583	2520	0.3404761904761905	0.5714285714285714	1.0	1.0	288	0.4166666666666667	3	1.0	F100R_L2:0.200000:1;F100V_L1:0.000000:0;F89R2_L4:0.000000:0;F99V_L1:0.500000:1;F99V_L2:0.000000:1	F100R_L2:0.250000:2;F100V_L1:0.233333:3;F89R2_L4:0.233333:3;F99V_L1:0.100000:2;F99V_L2:0.350000:2	f100:0.250000:2;f89:0.233333:3;f99:0.200000:1	1	1		NOT_EVALUATED_POSTSELECTED_JOINT	AS_CONTACT:effect=0.233333,p=0.340476,worlds=2520;AS_CLEAR_GAP:effect=0.175000,p=0.340476,worlds=7560	POSTSELECTED_COMBINATION;EDITION_ROBUSTNESS_NOT_EVALUATED	Postselected depth-2 exploratory combination.	326
CONTACT_GAP	8814bfa77c61	CONTACT_VS_CLEAR_GAP	(MEMBER_TOKEN_RF1b:A3)_OR_(FAMILY_SUFFIX_1:B)	JOINT_DEPTH2		NO_SIGNAL	26	8	18	18	7	11	0.26388888888888884	present=18	0.2333333333333333	3	0.0692411176838558	-0.8777442499490107	-8.735725245076583	2520	0.3404761904761905	0.5714285714285714	1.0	1.0	288	0.4166666666666667	3	1.0	F100R_L2:0.200000:1;F100V_L1:0.000000:0;F89R2_L4:0.000000:0;F99V_L1:0.500000:1;F99V_L2:0.000000:1	F100R_L2:0.250000:2;F100V_L1:0.233333:3;F89R2_L4:0.233333:3;F99V_L1:0.100000:2;F99V_L2:0.350000:2	f100:0.250000:2;f89:0.233333:3;f99:0.200000:1	1	1		NOT_EVALUATED_POSTSELECTED_JOINT	AS_CONTACT:effect=0.233333,p=0.340476,worlds=2520;AS_CLEAR_GAP:effect=0.175000,p=0.340476,worlds=7560	POSTSELECTED_COMBINATION;EDITION_ROBUSTNESS_NOT_EVALUATED	Postselected depth-2 exploratory combination.	327
CONTACT_GAP	42100ff6f14d	CONTACT_VS_CLEAR_GAP	MEMBER_TOKEN_RF1b:A3	MEMBER_CODE	MEMBER_TOKEN_RF1b:A3	NO_SIGNAL	26	8	18	17	7	10	0.3194444444444444	present=17	0.2333333333333333	3	0.0692411176838558	-0.07038932789139807	-7.92837032301897	2520	0.3404761904761905	0.5714285714285714	1.0	1.0	288	0.4166666666666667	3	1.0	F100R_L2:0.200000:1;F100V_L1:0.000000:0;F89R2_L4:0.000000:0;F99V_L1:0.500000:1;F99V_L2:0.000000:1	F100R_L2:0.250000:2;F100V_L1:0.233333:3;F89R2_L4:0.233333:3;F99V_L1:0.100000:2;F99V_L2:0.350000:2	f100:0.250000:2;f89:0.233333:3;f99:0.200000:1	1	1	0.8823529411764706	ZL3b:0.150000;IT2a:-0.183333;RF1b:0.233333	AS_CONTACT:effect=0.233333,p=0.340476,worlds=2520;AS_CLEAR_GAP:effect=0.175000,p=0.340476,worlds=7560	NONE	primary edition=RF1b	328
CONTACT_GAP	58b01912012c	CONTACT_VS_CLEAR_GAP	(FAMILY_SUFFIX_3:ACA)_OR_(FAMILY_2GRAM:BC)	JOINT_DEPTH2		NO_SIGNAL	26	8	18	11	4	7	0.1111111111111111	present=11	0.4000000000000001	3	0.09827525238245073	-2.1001366712854477	-9.95811766641302	2520	0.3492063492063492	0.746031746031746	1.0	1.0	288	0.3333333333333333	3	0.3333333333333333	F100R_L2:0.800000:1;F100V_L1:0.000000:0;F89R2_L4:0.000000:0;F99V_L1:0.000000:1;F99V_L2:0.400000:1	F100R_L2:0.200000:2;F100V_L1:0.400000:3;F89R2_L4:0.400000:3;F99V_L1:0.600000:2;F99V_L2:0.400000:2	f100:0.200000:2;f89:0.400000:3;f99:0.800000:1	1	1		NOT_EVALUATED_POSTSELECTED_JOINT	AS_CONTACT:effect=0.400000,p=0.349206,worlds=2520;AS_CLEAR_GAP:effect=0.425000,p=0.190476,worlds=7560	POSTSELECTED_COMBINATION;EDITION_ROBUSTNESS_NOT_EVALUATED	Postselected depth-2 exploratory combination.	329
CONTACT_GAP	3ca9176686e7	CONTACT_VS_CLEAR_GAP	(MEMBER_TOKEN_RF1b:A3)_OR_(SYMBOL_COUNT_GE:5)	JOINT_DEPTH2		NO_SIGNAL	26	8	18	23	8	15	0.16666666666666663	present=23	0.16666666666666666	3	0.09577788444896396	0.45567948377618706	-7.402301511351385	2520	0.42857142857142855	0.42857142857142855	1.0	1.0	288	0.5	3	1.0	F100R_L2:0.000000:1;F100V_L1:0.000000:0;F89R2_L4:0.000000:0;F99V_L1:0.500000:1;F99V_L2:0.000000:1	F100R_L2:0.250000:2;F100V_L1:0.166667:3;F89R2_L4:0.166667:3;F99V_L1:0.000000:2;F99V_L2:0.250000:2	f100:0.250000:2;f89:0.166667:3;f99:0.000000:1	1	1		NOT_EVALUATED_POSTSELECTED_JOINT	AS_CONTACT:effect=0.166667,p=0.428571,worlds=2520;AS_CLEAR_GAP:effect=0.125000,p=0.428571,worlds=7560	POSTSELECTED_COMBINATION;EDITION_ROBUSTNESS_NOT_EVALUATED	Postselected depth-2 exploratory combination.	330
CONTACT_GAP	8362f68d238d	CONTACT_VS_CLEAR_GAP	(MEMBER_TOKEN_ZL3b:B2)_AND_(MEMBER_TOKEN_ZL3b:B1)	JOINT_DEPTH2		NO_SIGNAL	26	8	18	3	0	3	-0.16666666666666666	present=3	-0.16666666666666666	3	0.09577788444896396	0.45567948377618706	-7.402301511351385	2520	0.42857142857142855	0.42857142857142855	1.0	1.0	288	0.5	3	1.0	F100R_L2:0.000000:1;F100V_L1:0.000000:0;F89R2_L4:0.000000:0;F99V_L1:-0.500000:1;F99V_L2:0.000000:1	F100R_L2:-0.250000:2;F100V_L1:-0.166667:3;F89R2_L4:-0.166667:3;F99V_L1:0.000000:2;F99V_L2:-0.250000:2	f100:-0.250000:2;f89:-0.166667:3;f99:0.000000:1	1	1		NOT_EVALUATED_POSTSELECTED_JOINT	AS_CONTACT:effect=-0.166667,p=0.428571,worlds=2520;AS_CLEAR_GAP:effect=-0.125000,p=0.428571,worlds=7560	ONE_POSITIVE_FOLIO;POSTSELECTED_COMBINATION;EDITION_ROBUSTNESS_NOT_EVALUATED;ZERO_POSITIVE_SUPPORT;POSSIBLE_LENGTH_CONFOUND	Postselected depth-2 exploratory combination.	331
CONTACT_GAP	40bdeabc0b6a	CONTACT_VS_CLEAR_GAP	FAMILY_PREFIX_2:AB	FAMILY_COMPONENT	FAMILY_PREFIX_2:AB	NO_SIGNAL	26	8	18	2	0	2	-0.1111111111111111	present=2	-0.16666666666666666	3	0.09577788444896396	1.2630344058337926	-6.594946589293779	2520	0.42857142857142855	0.42857142857142855	1.0	1.0	288	0.5	3	1.0	F100R_L2:0.000000:1;F100V_L1:0.000000:0;F89R2_L4:0.000000:0;F99V_L1:-0.500000:1;F99V_L2:0.000000:1	F100R_L2:-0.250000:2;F100V_L1:-0.166667:3;F89R2_L4:-0.166667:3;F99V_L1:0.000000:2;F99V_L2:-0.250000:2	f100:-0.250000:2;f89:-0.166667:3;f99:0.000000:1	1	1	1.0	ZL3b:-0.166667;IT2a:-0.166667;RF1b:-0.166667	AS_CONTACT:effect=-0.166667,p=0.428571,worlds=2520;AS_CLEAR_GAP:effect=-0.125000,p=0.428571,worlds=7560	ONE_POSITIVE_FOLIO;ZERO_POSITIVE_SUPPORT		332
CONTACT_GAP	c560c88bd9a8	CONTACT_VS_CLEAR_GAP	FAMILY_SUFFIX_3:BBA	FAMILY_COMPONENT	FAMILY_SUFFIX_3:BBA;FAMILY_2GRAM:BB;FAMILY_3GRAM:ABB;FAMILY_3GRAM:BBA	NO_SIGNAL	26	8	18	2	0	2	-0.1111111111111111	present=2	-0.16666666666666666	3	0.09577788444896396	1.2630344058337926	-6.594946589293779	2520	0.42857142857142855	0.42857142857142855	1.0	1.0	288	0.5	3	1.0	F100R_L2:0.000000:1;F100V_L1:0.000000:0;F89R2_L4:0.000000:0;F99V_L1:-0.500000:1;F99V_L2:0.000000:1	F100R_L2:-0.250000:2;F100V_L1:-0.166667:3;F89R2_L4:-0.166667:3;F99V_L1:0.000000:2;F99V_L2:-0.250000:2	f100:-0.250000:2;f89:-0.166667:3;f99:0.000000:1	1	1	1.0	ZL3b:-0.166667;IT2a:-0.166667;RF1b:-0.166667	AS_CONTACT:effect=-0.166667,p=0.428571,worlds=2520;AS_CLEAR_GAP:effect=-0.125000,p=0.428571,worlds=7560	ONE_POSITIVE_FOLIO;ZERO_POSITIVE_SUPPORT;POSSIBLE_LENGTH_CONFOUND		333
CONTACT_GAP	12fe84813388	CONTACT_VS_CLEAR_GAP	(FAMILY_PREFIX_1:A)_OR_(MEMBER_TOKEN_ZL3b:B1)	JOINT_DEPTH2		NO_SIGNAL	26	8	18	18	6	12	0.08333333333333337	present=18	-0.4000000000000001	3	0.09827525238245072	-0.7078192485066808	-8.565800243634254	2520	0.4444444444444444	0.5555555555555556	1.0	1.0	288	0.4444444444444444	3	1.0	F100R_L2:-0.400000:1;F100V_L1:0.000000:0;F89R2_L4:0.000000:0;F99V_L1:0.000000:1;F99V_L2:-0.800000:1	F100R_L2:-0.400000:2;F100V_L1:-0.400000:3;F89R2_L4:-0.400000:3;F99V_L1:-0.600000:2;F99V_L2:-0.200000:2	f100:-0.400000:2;f89:-0.400000:3;f99:-0.400000:1	1	1		NOT_EVALUATED_POSTSELECTED_JOINT	AS_CONTACT:effect=-0.400000,p=0.444444,worlds=2520;AS_CLEAR_GAP:effect=-0.300000,p=0.444444,worlds=7560	POSTSELECTED_COMBINATION;EDITION_ROBUSTNESS_NOT_EVALUATED	Postselected depth-2 exploratory combination.	334
CONTACT_GAP	f00e0b75f07a	CONTACT_VS_CLEAR_GAP	(MEMBER_TOKEN_ZL3b:B2)_OR_(MEMBER_TOKEN_ZL3b:A2)	JOINT_DEPTH2		NO_SIGNAL	26	8	18	19	8	11	0.38888888888888884	present=19	0.4000000000000001	3	0.09827525238245073	-0.5558161550616383	-8.413797150189211	2520	0.4444444444444444	0.5555555555555556	1.0	1.0	288	0.4444444444444444	3	0.3333333333333333	F100R_L2:0.800000:1;F100V_L1:0.000000:0;F89R2_L4:0.000000:0;F99V_L1:0.000000:1;F99V_L2:0.400000:1	F100R_L2:0.200000:2;F100V_L1:0.400000:3;F89R2_L4:0.400000:3;F99V_L1:0.600000:2;F99V_L2:0.400000:2	f100:0.200000:2;f89:0.400000:3;f99:0.800000:1	1	1		NOT_EVALUATED_POSTSELECTED_JOINT	AS_CONTACT:effect=0.400000,p=0.444444,worlds=2520;AS_CLEAR_GAP:effect=0.300000,p=0.444444,worlds=7560	POSTSELECTED_COMBINATION;EDITION_ROBUSTNESS_NOT_EVALUATED	Postselected depth-2 exploratory combination.	335
CONTACT_GAP	6c9ea1beb96a	CONTACT_VS_CLEAR_GAP	(MEMBER_TOKEN_ZL3b:B2)_AND_(MEMBER_TOKEN_ZL3b:A2)	JOINT_DEPTH2		NO_SIGNAL	26	8	18	6	2	4	0.02777777777777779	present=6	-0.16666666666666666	3	0.0580682693971899	-0.8777442499490107	-8.735725245076583	2520	0.4857142857142857	0.4857142857142857	1.0	1.0	288	0.375	3	1.0	F100R_L2:0.000000:1;F100V_L1:0.000000:0;F89R2_L4:0.000000:0;F99V_L1:-0.500000:1;F99V_L2:0.000000:1	F100R_L2:-0.250000:2;F100V_L1:-0.166667:3;F89R2_L4:-0.166667:3;F99V_L1:0.000000:2;F99V_L2:-0.250000:2	f100:-0.250000:2;f89:-0.166667:3;f99:0.000000:1	1	1		NOT_EVALUATED_POSTSELECTED_JOINT	AS_CONTACT:effect=-0.166667,p=0.485714,worlds=2520;AS_CLEAR_GAP:effect=0.000000,p=1.000000,worlds=7560	POSTSELECTED_COMBINATION;EDITION_ROBUSTNESS_NOT_EVALUATED	Postselected depth-2 exploratory combination.	336
CONTACT_GAP	d819cbd13417	CONTACT_VS_CLEAR_GAP	(FAMILY_SUFFIX_3:ACA)_AND_(MEMBER_TOKEN_ZL3b:A2)	JOINT_DEPTH2		NO_SIGNAL	26	8	18	4	2	2	0.1388888888888889	present=4	0.2833333333333333	3	0.08648654136488061	0.12225575005099643	-7.735725245076575	2520	0.5	1.0	1.0	1.0	288	0.5	3	0.3333333333333333	F100R_L2:0.000000:1;F100V_L1:0.000000:0;F89R2_L4:0.000000:0;F99V_L1:0.250000:1;F99V_L2:0.600000:1	F100R_L2:0.425000:2;F100V_L1:0.283333:3;F89R2_L4:0.283333:3;F99V_L1:0.300000:2;F99V_L2:0.125000:2	f100:0.425000:2;f89:0.283333:3;f99:0.000000:1	1	1		NOT_EVALUATED_POSTSELECTED_JOINT	AS_CONTACT:effect=0.283333,p=0.500000,worlds=2520;AS_CLEAR_GAP:effect=0.212500,p=0.500000,worlds=7560	ONE_POSITIVE_FOLIO;POSTSELECTED_COMBINATION;EDITION_ROBUSTNESS_NOT_EVALUATED	Postselected depth-2 exploratory combination.	337
CONTACT_GAP	4b7543192d05	CONTACT_VS_CLEAR_GAP	(MEMBER_TOKEN_IT2a:B2)_OR_(MEMBER_TOKEN_ZL3b:A2)	JOINT_DEPTH2		NO_SIGNAL	26	8	18	20	8	12	0.33333333333333337	present=20	0.3333333333333333	3	0.06924111768385581	-1.3631710771192438	-9.221152072246817	2520	0.5	1.0	1.0	1.0	288	0.5	3	0.3333333333333333	F100R_L2:0.600000:1;F100V_L1:0.000000:0;F89R2_L4:0.000000:0;F99V_L1:0.000000:1;F99V_L2:0.400000:1	F100R_L2:0.200000:2;F100V_L1:0.333333:3;F89R2_L4:0.333333:3;F99V_L1:0.500000:2;F99V_L2:0.300000:2	f100:0.200000:2;f89:0.333333:3;f99:0.600000:1	1	1		NOT_EVALUATED_POSTSELECTED_JOINT	AS_CONTACT:effect=0.333333,p=0.500000,worlds=2520;AS_CLEAR_GAP:effect=0.250000,p=0.500000,worlds=7560	POSTSELECTED_COMBINATION;EDITION_ROBUSTNESS_NOT_EVALUATED	Postselected depth-2 exploratory combination.	338
CONTACT_GAP	d6c496cfe9d0	CONTACT_VS_CLEAR_GAP	(MEMBER_TOKEN_ZL3b:A2)_OR_(SYMBOL_COUNT_GE:5)	JOINT_DEPTH2		NO_SIGNAL	26	8	18	22	8	14	0.2222222222222222	present=22	0.21666666666666667	3	0.06763173383899358	-1.1001366712854512	-8.958117666413024	2520	0.5	1.0	1.0	1.0	288	0.5	3	0.3333333333333333	F100R_L2:0.000000:1;F100V_L1:0.000000:0;F89R2_L4:0.000000:0;F99V_L1:0.250000:1;F99V_L2:0.400000:1	F100R_L2:0.325000:2;F100V_L1:0.216667:3;F89R2_L4:0.216667:3;F99V_L1:0.200000:2;F99V_L2:0.125000:2	f100:0.325000:2;f89:0.216667:3;f99:0.000000:1	1	1		NOT_EVALUATED_POSTSELECTED_JOINT	AS_CONTACT:effect=0.216667,p=0.500000,worlds=2520;AS_CLEAR_GAP:effect=0.162500,p=0.500000,worlds=7560	POSTSELECTED_COMBINATION;EDITION_ROBUSTNESS_NOT_EVALUATED	Postselected depth-2 exploratory combination.	339
CONTACT_GAP	4a0721b473f8	CONTACT_VS_CLEAR_GAP	FAMILY_SUFFIX_1:B	FAMILY_COMPONENT	FAMILY_SUFFIX_1:B	NO_SIGNAL	26	8	18	5	1	4	-0.09722222222222221	present=5	-0.21666666666666667	3	0.06763173383899358	-1.685099172006609	-9.543080167134182	2520	0.5	1.0	1.0	1.0	288	0.5	3	1.0	F100R_L2:-0.400000:1;F100V_L1:0.000000:0;F89R2_L4:0.000000:0;F99V_L1:-0.250000:1;F99V_L2:0.000000:1	F100R_L2:-0.125000:2;F100V_L1:-0.216667:3;F89R2_L4:-0.216667:3;F99V_L1:-0.200000:2;F99V_L2:-0.325000:2	f100:-0.125000:2;f89:-0.216667:3;f99:-0.400000:1	1	1	1.0	ZL3b:-0.216667;IT2a:-0.216667;RF1b:-0.216667	AS_CONTACT:effect=-0.216667,p=0.500000,worlds=2520;AS_CLEAR_GAP:effect=-0.287500,p=0.333333,worlds=7560	ONE_POSITIVE_FOLIO;POSSIBLE_LENGTH_CONFOUND		340
CONTACT_GAP	bf7161367881	CONTACT_VS_CLEAR_GAP	FAMILY_SUFFIX_2:AB	FAMILY_COMPONENT	FAMILY_SUFFIX_2:AB	NO_SIGNAL	26	8	18	4	1	3	-0.04166666666666666	present=4	-0.21666666666666667	3	0.06763173383899358	-0.8777442499490036	-8.735725245076576	2520	0.5	1.0	1.0	1.0	288	0.5	3	1.0	F100R_L2:-0.400000:1;F100V_L1:0.000000:0;F89R2_L4:0.000000:0;F99V_L1:-0.250000:1;F99V_L2:0.000000:1	F100R_L2:-0.125000:2;F100V_L1:-0.216667:3;F89R2_L4:-0.216667:3;F99V_L1:-0.200000:2;F99V_L2:-0.325000:2	f100:-0.125000:2;f89:-0.216667:3;f99:-0.400000:1	1	1	1.0	ZL3b:-0.216667;IT2a:-0.216667;RF1b:-0.216667	AS_CONTACT:effect=-0.216667,p=0.500000,worlds=2520;AS_CLEAR_GAP:effect=-0.037500,p=0.944444,worlds=7560	ONE_POSITIVE_FOLIO;POSSIBLE_LENGTH_CONFOUND		341
CONTACT_GAP	b654ef9042e8	CONTACT_VS_CLEAR_GAP	FAMILY_PREFIX_2:AC	FAMILY_COMPONENT	FAMILY_PREFIX_2:AC;FAMILY_PREFIX_3:ACA	NO_SIGNAL	26	8	18	3	0	3	-0.16666666666666666	present=3	-0.21666666666666667	3	0.064784275333341	-0.9772799234999177	-8.83526091862749	2520	0.5138888888888888	1.0	1.0	1.0	288	0.5138888888888888	3	1.0	F100R_L2:-0.200000:1;F100V_L1:0.000000:0;F89R2_L4:0.000000:0;F99V_L1:-0.250000:1;F99V_L2:-0.200000:1	F100R_L2:-0.225000:2;F100V_L1:-0.216667:3;F89R2_L4:-0.216667:3;F99V_L1:-0.200000:2;F99V_L2:-0.225000:2	f100:-0.225000:2;f89:-0.216667:3;f99:-0.200000:1	1	1	1.0	ZL3b:-0.216667;IT2a:-0.216667;RF1b:-0.216667	AS_CONTACT:effect=-0.216667,p=0.513889,worlds=2520;AS_CLEAR_GAP:effect=-0.162500,p=0.513889,worlds=7560	ONE_POSITIVE_FOLIO;ZERO_POSITIVE_SUPPORT		342
CONTACT_GAP	6013952b14ab	CONTACT_VS_CLEAR_GAP	MEMBER_TOKEN_ZL3b:B1	MEMBER_CODE	MEMBER_TOKEN_ZL3b:B1;MEMBER_TOKEN_IT2a:B1;MEMBER_TOKEN_RF1b:B1	NO_SIGNAL	26	8	18	6	1	5	-0.1527777777777778	present=6	-0.21666666666666667	3	0.03735952447960827	-2.521600439723734	-10.379581434851307	2520	0.5138888888888888	1.0	1.0	1.0	288	0.5659722222222222	3	1.0	F100R_L2:-0.200000:1;F100V_L1:0.000000:0;F89R2_L4:0.000000:0;F99V_L1:-0.250000:1;F99V_L2:-0.200000:1	F100R_L2:-0.225000:2;F100V_L1:-0.216667:3;F89R2_L4:-0.216667:3;F99V_L1:-0.200000:2;F99V_L2:-0.225000:2	f100:-0.225000:2;f89:-0.216667:3;f99:-0.200000:1	1	1	1.0	ZL3b:-0.216667;IT2a:-0.216667;RF1b:-0.216667	AS_CONTACT:effect=-0.216667,p=0.513889,worlds=2520;AS_CLEAR_GAP:effect=-0.162500,p=0.513889,worlds=7560	ONE_POSITIVE_FOLIO;POSSIBLE_LENGTH_CONFOUND	primary edition=ZL3b	343
CONTACT_GAP	88675e420325	CONTACT_VS_CLEAR_GAP	FAMILY_SUFFIX_3:ACA	FAMILY_COMPONENT	FAMILY_SUFFIX_3:ACA	NO_SIGNAL	26	8	18	5	2	3	0.08333333333333334	present=5	0.21666666666666665	3	0.09765938965154651	-0.4627067506701579	-8.32068774579773	2520	0.5416666666666666	1.0	1.0	1.0	288	0.5416666666666666	3	0.3333333333333333	F100R_L2:-0.200000:1;F100V_L1:0.000000:0;F89R2_L4:0.000000:0;F99V_L1:0.250000:1;F99V_L2:0.600000:1	F100R_L2:0.425000:2;F100V_L1:0.216667:3;F89R2_L4:0.216667:3;F99V_L1:0.200000:2;F99V_L2:0.025000:2	f100:0.425000:2;f89:0.216667:3;f99:-0.200000:1	1	0	1.0	ZL3b:0.216667;IT2a:0.216667;RF1b:0.216667	AS_CONTACT:effect=0.216667,p=0.541667,worlds=2520;AS_CLEAR_GAP:effect=0.162500,p=0.541667,worlds=7560	ONE_POSITIVE_FOLIO		344
CONTACT_GAP	a43efb12bac8	CONTACT_VS_CLEAR_GAP	MEMBER_TOKEN_ZL3b:A2	MEMBER_CODE	MEMBER_TOKEN_ZL3b:A2;MEMBER_TOKEN_IT2a:A2;MEMBER_TOKEN_RF1b:A2	NO_SIGNAL	26	8	18	13	6	7	0.3611111111111111	present=13	0.21666666666666665	3	0.09765938965154651	-1.8550241734489248	-9.713005168576498	2520	0.5416666666666666	1.0	1.0	1.0	288	0.5416666666666666	3	0.3333333333333333	F100R_L2:-0.200000:1;F100V_L1:0.000000:0;F89R2_L4:0.000000:0;F99V_L1:0.250000:1;F99V_L2:0.600000:1	F100R_L2:0.425000:2;F100V_L1:0.216667:3;F89R2_L4:0.216667:3;F99V_L1:0.200000:2;F99V_L2:0.025000:2	f100:0.425000:2;f89:0.216667:3;f99:-0.200000:1	1	0	1.0	ZL3b:0.216667;IT2a:0.216667;RF1b:0.216667	AS_CONTACT:effect=0.216667,p=0.541667,worlds=2520;AS_CLEAR_GAP:effect=0.037500,p=0.930556,worlds=7560	NONE	primary edition=ZL3b	345
CONTACT_GAP	b48bbe138fd0	CONTACT_VS_CLEAR_GAP	(FAMILY_2GRAM:AB)_OR_(MEMBER_TOKEN_ZL3b:A2)	JOINT_DEPTH2		NO_SIGNAL	26	8	18	21	8	13	0.2777777777777778	present=21	0.26666666666666666	3	0.05038631015796877	-1.7782085763980824	-9.636189571525655	2520	0.5555555555555556	1.0	1.0	1.0	288	0.5555555555555556	3	0.3333333333333333	F100R_L2:0.400000:1;F100V_L1:0.000000:0;F89R2_L4:0.000000:0;F99V_L1:0.000000:1;F99V_L2:0.400000:1	F100R_L2:0.200000:2;F100V_L1:0.266667:3;F89R2_L4:0.266667:3;F99V_L1:0.400000:2;F99V_L2:0.200000:2	f100:0.200000:2;f89:0.266667:3;f99:0.400000:1	1	1		NOT_EVALUATED_POSTSELECTED_JOINT	AS_CONTACT:effect=0.266667,p=0.555556,worlds=2520;AS_CLEAR_GAP:effect=0.200000,p=0.555556,worlds=7560	POSTSELECTED_COMBINATION;EDITION_ROBUSTNESS_NOT_EVALUATED	Postselected depth-2 exploratory combination.	346
CONTACT_GAP	c8f779739375	CONTACT_VS_CLEAR_GAP	FAMILY_PREFIX_2:AQ	FAMILY_COMPONENT	FAMILY_PREFIX_2:AQ;FAMILY_PREFIX_3:AQA	NO_SIGNAL	26	8	18	7	5	2	0.5138888888888888	present=7	0.09999999999999999	3	0.0692411176838558	-0.07038932789140162	-7.9283703230189735	2520	0.569047619047619	0.5714285714285714	1.0	1.0	288	0.5833333333333334	3	1.0	F100R_L2:0.000000:1;F100V_L1:0.000000:0;F89R2_L4:0.000000:0;F99V_L1:0.500000:1;F99V_L2:-0.200000:1	F100R_L2:0.150000:2;F100V_L1:0.100000:3;F89R2_L4:0.100000:3;F99V_L1:-0.100000:2;F99V_L2:0.250000:2	f100:0.150000:2;f89:0.100000:3;f99:0.000000:1	0	1	1.0	ZL3b:0.100000;IT2a:0.100000;RF1b:0.100000	AS_CONTACT:effect=0.100000,p=0.569048,worlds=2520;AS_CLEAR_GAP:effect=0.075000,p=0.569048,worlds=7560	NONE		347
CONTACT_GAP	f5b1d3886b06	CONTACT_VS_CLEAR_GAP	(FAMILY_PREFIX_1:A)_AND_(FAMILY_2GRAM:BC)	JOINT_DEPTH2		NO_SIGNAL	26	8	18	3	1	2	0.013888888888888895	present=3	-0.15	3	0.0536114270466751	-0.9772799234999177	-8.83526091862749	2520	0.5833333333333334	1.0	1.0	1.0	288	0.5833333333333334	3	1.0	F100R_L2:0.000000:1;F100V_L1:0.000000:0;F89R2_L4:0.000000:0;F99V_L1:-0.250000:1;F99V_L2:-0.200000:1	F100R_L2:-0.225000:2;F100V_L1:-0.150000:3;F89R2_L4:-0.150000:3;F99V_L1:-0.100000:2;F99V_L2:-0.125000:2	f100:-0.225000:2;f89:-0.150000:3;f99:0.000000:1	1	1		NOT_EVALUATED_POSTSELECTED_JOINT	AS_CONTACT:effect=-0.150000,p=0.583333,worlds=2520;AS_CLEAR_GAP:effect=0.012500,p=1.000000,worlds=7560	ONE_POSITIVE_FOLIO;POSTSELECTED_COMBINATION;EDITION_ROBUSTNESS_NOT_EVALUATED;POSSIBLE_LENGTH_CONFOUND	Postselected depth-2 exploratory combination.	348
CONTACT_GAP	144ccfc4f1d1	CONTACT_VS_CLEAR_GAP	(MEMBER_TOKEN_IT2a:B2)_AND_(FAMILY_SUFFIX_1:B)	JOINT_DEPTH2		NO_SIGNAL	26	8	18	4	1	3	-0.04166666666666666	present=4	-0.15	3	0.0536114270466751	-1.7846348455575267	-9.6426158406851	2520	0.5833333333333334	1.0	1.0	1.0	288	0.5833333333333334	3	1.0	F100R_L2:-0.200000:1;F100V_L1:0.000000:0;F89R2_L4:0.000000:0;F99V_L1:-0.250000:1;F99V_L2:0.000000:1	F100R_L2:-0.125000:2;F100V_L1:-0.150000:3;F89R2_L4:-0.150000:3;F99V_L1:-0.100000:2;F99V_L2:-0.225000:2	f100:-0.125000:2;f89:-0.150000:3;f99:-0.200000:1	1	1		NOT_EVALUATED_POSTSELECTED_JOINT	AS_CONTACT:effect=-0.150000,p=0.583333,worlds=2520;AS_CLEAR_GAP:effect=0.012500,p=1.000000,worlds=7560	ONE_POSITIVE_FOLIO;POSTSELECTED_COMBINATION;EDITION_ROBUSTNESS_NOT_EVALUATED;POSSIBLE_LENGTH_CONFOUND	Postselected depth-2 exploratory combination.	349
CONTACT_GAP	23831ae81420	CONTACT_VS_CLEAR_GAP	(MEMBER_TOKEN_IT2a:B2)_AND_(FAMILY_SUFFIX_2:AB)	JOINT_DEPTH2		NO_SIGNAL	26	8	18	3	1	2	0.013888888888888895	present=3	-0.15	3	0.0536114270466751	-0.9772799234999212	-8.835260918627494	2520	0.5833333333333334	1.0	1.0	1.0	288	0.5833333333333334	3	1.0	F100R_L2:-0.200000:1;F100V_L1:0.000000:0;F89R2_L4:0.000000:0;F99V_L1:-0.250000:1;F99V_L2:0.000000:1	F100R_L2:-0.125000:2;F100V_L1:-0.150000:3;F89R2_L4:-0.150000:3;F99V_L1:-0.100000:2;F99V_L2:-0.225000:2	f100:-0.125000:2;f89:-0.150000:3;f99:-0.200000:1	1	1		NOT_EVALUATED_POSTSELECTED_JOINT	AS_CONTACT:effect=-0.150000,p=0.583333,worlds=2520;AS_CLEAR_GAP:effect=0.012500,p=1.000000,worlds=7560	ONE_POSITIVE_FOLIO;POSTSELECTED_COMBINATION;EDITION_ROBUSTNESS_NOT_EVALUATED;POSSIBLE_LENGTH_CONFOUND	Postselected depth-2 exploratory combination.	350
CONTACT_GAP	b9135f92d4f5	CONTACT_VS_CLEAR_GAP	(MEMBER_TOKEN_ZL3b:A1)_AND_(FAMILY_2GRAM:BC)	JOINT_DEPTH2		NO_SIGNAL	26	8	18	5	1	4	-0.09722222222222221	present=5	-0.15	3	0.0536114270466751	-1.9366379390025728	-9.794618934130146	2520	0.5833333333333334	1.0	1.0	1.0	288	0.5833333333333334	3	1.0	F100R_L2:0.000000:1;F100V_L1:0.000000:0;F89R2_L4:0.000000:0;F99V_L1:-0.250000:1;F99V_L2:-0.200000:1	F100R_L2:-0.225000:2;F100V_L1:-0.150000:3;F89R2_L4:-0.150000:3;F99V_L1:-0.100000:2;F99V_L2:-0.125000:2	f100:-0.225000:2;f89:-0.150000:3;f99:0.000000:1	1	1		NOT_EVALUATED_POSTSELECTED_JOINT	AS_CONTACT:effect=-0.150000,p=0.583333,worlds=2520;AS_CLEAR_GAP:effect=0.012500,p=1.000000,worlds=7560	ONE_POSITIVE_FOLIO;POSTSELECTED_COMBINATION;EDITION_ROBUSTNESS_NOT_EVALUATED;POSSIBLE_LENGTH_CONFOUND	Postselected depth-2 exploratory combination.	351
CONTACT_GAP	e793f05e758a	CONTACT_VS_CLEAR_GAP	FAMILY_3GRAM:CAB	FAMILY_COMPONENT	FAMILY_3GRAM:CAB	NO_SIGNAL	26	8	18	4	1	3	-0.04166666666666666	present=4	-0.15	3	0.0536114270466751	-1.7846348455575267	-9.6426158406851	2520	0.5833333333333334	1.0	1.0	1.0	288	0.5833333333333334	3	1.0	F100R_L2:-0.200000:1;F100V_L1:0.000000:0;F89R2_L4:0.000000:0;F99V_L1:-0.250000:1;F99V_L2:0.000000:1	F100R_L2:-0.125000:2;F100V_L1:-0.150000:3;F89R2_L4:-0.150000:3;F99V_L1:-0.100000:2;F99V_L2:-0.225000:2	f100:-0.125000:2;f89:-0.150000:3;f99:-0.200000:1	1	1	1.0	ZL3b:-0.150000;IT2a:-0.150000;RF1b:-0.150000	AS_CONTACT:effect=-0.150000,p=0.583333,worlds=2520;AS_CLEAR_GAP:effect=0.012500,p=1.000000,worlds=7560	ONE_POSITIVE_FOLIO;POSSIBLE_LENGTH_CONFOUND		352
CONTACT_GAP	60d4c380051f	CONTACT_VS_CLEAR_GAP	FAMILY_SUFFIX_3:CAB	FAMILY_COMPONENT	FAMILY_SUFFIX_3:CAB	NO_SIGNAL	26	8	18	3	1	2	0.013888888888888895	present=3	-0.15	3	0.0536114270466751	-0.9772799234999212	-8.835260918627494	2520	0.5833333333333334	1.0	1.0	1.0	288	0.5833333333333334	3	1.0	F100R_L2:-0.200000:1;F100V_L1:0.000000:0;F89R2_L4:0.000000:0;F99V_L1:-0.250000:1;F99V_L2:0.000000:1	F100R_L2:-0.125000:2;F100V_L1:-0.150000:3;F89R2_L4:-0.150000:3;F99V_L1:-0.100000:2;F99V_L2:-0.225000:2	f100:-0.125000:2;f89:-0.150000:3;f99:-0.200000:1	1	1	1.0	ZL3b:-0.150000;IT2a:-0.150000;RF1b:-0.150000	AS_CONTACT:effect=-0.150000,p=0.583333,worlds=2520;AS_CLEAR_GAP:effect=0.012500,p=1.000000,worlds=7560	ONE_POSITIVE_FOLIO;POSSIBLE_LENGTH_CONFOUND		353
CONTACT_GAP	c399b3520155	CONTACT_VS_CLEAR_GAP	(MEMBER_TOKEN_RF1b:A3)_OR_(FAMILY_2GRAM:BC)	JOINT_DEPTH2		NO_SIGNAL	26	8	18	20	7	13	0.1527777777777778	present=20	0.15	3	0.026186676192942373	-2.088641032447626	-9.946622027575199	2520	0.6309523809523809	1.0	1.0	1.0	288	0.4583333333333333	3	1.0	F100R_L2:0.200000:1;F100V_L1:0.000000:0;F89R2_L4:0.000000:0;F99V_L1:0.250000:1;F99V_L2:0.000000:1	F100R_L2:0.125000:2;F100V_L1:0.150000:3;F89R2_L4:0.150000:3;F99V_L1:0.100000:2;F99V_L2:0.225000:2	f100:0.125000:2;f89:0.150000:3;f99:0.200000:1	1	1		NOT_EVALUATED_POSTSELECTED_JOINT	AS_CONTACT:effect=0.150000,p=0.630952,worlds=2520;AS_CLEAR_GAP:effect=0.112500,p=0.630952,worlds=7560	POSTSELECTED_COMBINATION;EDITION_ROBUSTNESS_NOT_EVALUATED	Postselected depth-2 exploratory combination.	354
CONTACT_GAP	0ea4203d0aa8	CONTACT_VS_CLEAR_GAP	(SYMBOL_COUNT_GE:6)_OR_(MEMBER_TOKEN_RF1b:A3)	JOINT_DEPTH2		NO_SIGNAL	26	8	18	18	7	11	0.26388888888888884	present=18	0.15	3	0.02618667619294236	-1.1292830169449672	-8.98726401207254	2520	0.6309523809523809	1.0	1.0	1.0	288	0.6666666666666666	3	1.0	F100R_L2:0.200000:1;F100V_L1:0.000000:0;F89R2_L4:0.000000:0;F99V_L1:0.250000:1;F99V_L2:0.000000:1	F100R_L2:0.125000:2;F100V_L1:0.150000:3;F89R2_L4:0.150000:3;F99V_L1:0.100000:2;F99V_L2:0.225000:2	f100:0.125000:2;f89:0.150000:3;f99:0.200000:1	1	1		NOT_EVALUATED_POSTSELECTED_JOINT	AS_CONTACT:effect=0.150000,p=0.630952,worlds=2520;AS_CLEAR_GAP:effect=0.112500,p=0.630952,worlds=7560	POSTSELECTED_COMBINATION;EDITION_ROBUSTNESS_NOT_EVALUATED	Postselected depth-2 exploratory combination.	355
CONTACT_GAP	8c8395c19273	CONTACT_VS_CLEAR_GAP	MEMBER_TOKEN_ZL3b:A3	MEMBER_CODE	MEMBER_TOKEN_ZL3b:A3	NO_SIGNAL	26	8	18	16	6	10	0.19444444444444442	present=16	0.15	3	0.02618667619294236	-1.1292830169449672	-8.98726401207254	2520	0.6309523809523809	1.0	1.0	1.0	288	0.7916666666666666	3	1.0	F100R_L2:0.200000:1;F100V_L1:0.000000:0;F89R2_L4:0.000000:0;F99V_L1:0.250000:1;F99V_L2:0.000000:1	F100R_L2:0.125000:2;F100V_L1:0.150000:3;F89R2_L4:0.150000:3;F99V_L1:0.100000:2;F99V_L2:0.225000:2	f100:0.125000:2;f89:0.150000:3;f99:0.200000:1	1	1	0.8823529411764706	ZL3b:0.150000;IT2a:-0.183333;RF1b:0.233333	AS_CONTACT:effect=0.150000,p=0.630952,worlds=2520;AS_CLEAR_GAP:effect=0.112500,p=0.630952,worlds=7560	NONE	primary edition=ZL3b	356
CONTACT_GAP	3cc2312ee7ac	CONTACT_VS_CLEAR_GAP	FAMILY_1GRAM:B	FAMILY_COMPONENT	FAMILY_1GRAM:B	NO_SIGNAL	26	8	18	17	5	12	-0.04166666666666663	present=17	-0.16666666666666666	3	0.14616419460693275	-0.5151741705642934	-8.373155165691866	2520	0.6825396825396826	0.49206349206349204	1.0	1.0	288	0.7222222222222222	3	1.0	F100R_L2:0.400000:1;F100V_L1:0.000000:0;F89R2_L4:0.000000:0;F99V_L1:-0.500000:1;F99V_L2:-0.400000:1	F100R_L2:-0.450000:2;F100V_L1:-0.166667:3;F89R2_L4:-0.166667:3;F99V_L1:0.000000:2;F99V_L2:-0.050000:2	f100:-0.450000:2;f89:-0.166667:3;f99:0.400000:1	1	0	1.0	ZL3b:-0.166667;IT2a:-0.166667;RF1b:-0.166667	AS_CONTACT:effect=-0.166667,p=0.682540,worlds=2520;AS_CLEAR_GAP:effect=-0.125000,p=0.682540,worlds=7560	NONE		357
CONTACT_GAP	b20f35ab9190	CONTACT_VS_CLEAR_GAP	MEMBER_TOKEN_IT2a:C1	MEMBER_CODE	MEMBER_TOKEN_IT2a:C1	NO_SIGNAL	26	8	18	11	4	7	0.1111111111111111	present=11	0.15	3	0.05137983127192676	-3.1590303603390204	-11.017011355466593	2520	0.7182539682539683	1.0	1.0	1.0	288	0.7361111111111112	3	0.3333333333333333	F100R_L2:-0.200000:1;F100V_L1:0.000000:0;F89R2_L4:0.000000:0;F99V_L1:0.250000:1;F99V_L2:0.400000:1	F100R_L2:0.325000:2;F100V_L1:0.150000:3;F89R2_L4:0.150000:3;F99V_L1:0.100000:2;F99V_L2:0.025000:2	f100:0.325000:2;f89:0.150000:3;f99:-0.200000:1	1	0	0.9090909090909091	ZL3b:0.150000;IT2a:0.150000;RF1b:0.150000	AS_CONTACT:effect=0.150000,p=0.718254,worlds=2520;AS_CLEAR_GAP:effect=-0.012500,p=1.000000,worlds=7560	NONE	primary edition=IT2a	358
CONTACT_GAP	793f156a2b6d	CONTACT_VS_CLEAR_GAP	MEMBER_TOKEN_RF1b:C1	MEMBER_CODE	MEMBER_TOKEN_RF1b:C1	NO_SIGNAL	26	8	18	10	4	6	0.16666666666666669	present=10	0.15	3	0.05137983127192676	-3.0070272668939744	-10.865008262021547	2520	0.7182539682539683	1.0	1.0	1.0	288	0.7361111111111112	3	0.3333333333333333	F100R_L2:-0.200000:1;F100V_L1:0.000000:0;F89R2_L4:0.000000:0;F99V_L1:0.250000:1;F99V_L2:0.400000:1	F100R_L2:0.325000:2;F100V_L1:0.150000:3;F89R2_L4:0.150000:3;F99V_L1:0.100000:2;F99V_L2:0.025000:2	f100:0.325000:2;f89:0.150000:3;f99:-0.200000:1	1	0	0.9090909090909091	ZL3b:0.150000;IT2a:0.150000;RF1b:0.150000	AS_CONTACT:effect=0.150000,p=0.718254,worlds=2520;AS_CLEAR_GAP:effect=0.237500,p=0.488095,worlds=7560	NONE	primary edition=RF1b	359
CONTACT_GAP	57874f43351d	CONTACT_VS_CLEAR_GAP	MEMBER_TOKEN_ZL3b:C1	MEMBER_CODE	MEMBER_TOKEN_ZL3b:C1	NO_SIGNAL	26	8	18	10	4	6	0.16666666666666669	present=10	0.15	3	0.05137983127192676	-3.0070272668939744	-10.865008262021547	2520	0.7182539682539683	1.0	1.0	1.0	288	0.7361111111111112	3	0.3333333333333333	F100R_L2:-0.200000:1;F100V_L1:0.000000:0;F89R2_L4:0.000000:0;F99V_L1:0.250000:1;F99V_L2:0.400000:1	F100R_L2:0.325000:2;F100V_L1:0.150000:3;F89R2_L4:0.150000:3;F99V_L1:0.100000:2;F99V_L2:0.025000:2	f100:0.325000:2;f89:0.150000:3;f99:-0.200000:1	1	0	0.9090909090909091	ZL3b:0.150000;IT2a:0.150000;RF1b:0.150000	AS_CONTACT:effect=0.150000,p=0.718254,worlds=2520;AS_CLEAR_GAP:effect=-0.012500,p=1.000000,worlds=7560	NONE	primary edition=ZL3b	360
CONTACT_GAP	7ba49b81ccf9	CONTACT_VS_CLEAR_GAP	(FAMILY_PREFIX_1:A)_AND_(MEMBER_TOKEN_RF1b:A3)	JOINT_DEPTH2		NO_SIGNAL	26	8	18	9	4	5	0.2222222222222222	present=9	-0.18333333333333335	3	0.07023463879781379	-1.1996723448363653	-9.057653339963938	2520	0.7202380952380952	1.0	1.0	1.0	288	0.6979166666666666	3	1.0	F100R_L2:-0.200000:1;F100V_L1:0.000000:0;F89R2_L4:0.000000:0;F99V_L1:0.250000:1;F99V_L2:-0.600000:1	F100R_L2:-0.175000:2;F100V_L1:-0.183333:3;F89R2_L4:-0.183333:3;F99V_L1:-0.400000:2;F99V_L2:0.025000:2	f100:-0.175000:2;f89:-0.183333:3;f99:-0.200000:1	0	1		NOT_EVALUATED_POSTSELECTED_JOINT	AS_CONTACT:effect=-0.183333,p=0.720238,worlds=2520;AS_CLEAR_GAP:effect=-0.137500,p=0.720238,worlds=7560	POSTSELECTED_COMBINATION;EDITION_ROBUSTNESS_NOT_EVALUATED	Postselected depth-2 exploratory combination.	361
CONTACT_GAP	4cbb8ffcce07	CONTACT_VS_CLEAR_GAP	(FAMILY_PREFIX_1:A)_OR_(FAMILY_2GRAM:AB)	JOINT_DEPTH2		NO_SIGNAL	26	8	18	20	6	14	-0.02777777777777779	present=20	-0.15	3	0.111679696443865	-0.36317107711924024	-8.221152072246813	2520	0.75	1.0	1.0	1.0	288	0.75	3	1.0	F100R_L2:0.400000:1;F100V_L1:0.000000:0;F89R2_L4:0.000000:0;F99V_L1:-0.250000:1;F99V_L2:-0.600000:1	F100R_L2:-0.425000:2;F100V_L1:-0.150000:3;F89R2_L4:-0.150000:3;F99V_L1:-0.100000:2;F99V_L2:0.075000:2	f100:-0.425000:2;f89:-0.150000:3;f99:0.400000:1	0	0		NOT_EVALUATED_POSTSELECTED_JOINT	AS_CONTACT:effect=-0.150000,p=0.750000,worlds=2520;AS_CLEAR_GAP:effect=-0.112500,p=0.750000,worlds=7560	POSTSELECTED_COMBINATION;EDITION_ROBUSTNESS_NOT_EVALUATED	Postselected depth-2 exploratory combination.	362
CONTACT_GAP	9698a3786ab8	CONTACT_VS_CLEAR_GAP	(FAMILY_PREFIX_3:CAC)_OR_(FAMILY_SUFFIX_3:ACA)	JOINT_DEPTH2		NO_SIGNAL	26	8	18	6	2	4	0.02777777777777779	present=6	0.15	3	0.111679696443865	-0.36317107711924024	-8.221152072246813	2520	0.75	1.0	1.0	1.0	288	0.75	3	0.3333333333333333	F100R_L2:-0.400000:1;F100V_L1:0.000000:0;F89R2_L4:0.000000:0;F99V_L1:0.250000:1;F99V_L2:0.600000:1	F100R_L2:0.425000:2;F100V_L1:0.150000:3;F89R2_L4:0.150000:3;F99V_L1:0.100000:2;F99V_L2:-0.075000:2	f100:0.425000:2;f89:0.150000:3;f99:-0.400000:1	0	0		NOT_EVALUATED_POSTSELECTED_JOINT	AS_CONTACT:effect=0.150000,p=0.750000,worlds=2520;AS_CLEAR_GAP:effect=0.112500,p=0.750000,worlds=7560	ONE_POSITIVE_FOLIO;POSTSELECTED_COMBINATION;EDITION_ROBUSTNESS_NOT_EVALUATED	Postselected depth-2 exploratory combination.	363
CONTACT_GAP	71503977cfa8	CONTACT_VS_CLEAR_GAP	(FAMILY_PREFIX_3:CAC)_OR_(MEMBER_TOKEN_ZL3b:A2)	JOINT_DEPTH2		NO_SIGNAL	26	8	18	14	6	8	0.3055555555555556	present=14	0.15	3	0.111679696443865	-1.7554884998980071	-9.61346949502558	2520	0.75	1.0	1.0	1.0	288	0.75	3	0.3333333333333333	F100R_L2:-0.400000:1;F100V_L1:0.000000:0;F89R2_L4:0.000000:0;F99V_L1:0.250000:1;F99V_L2:0.600000:1	F100R_L2:0.425000:2;F100V_L1:0.150000:3;F89R2_L4:0.150000:3;F99V_L1:0.100000:2;F99V_L2:-0.075000:2	f100:0.425000:2;f89:0.150000:3;f99:-0.400000:1	0	0		NOT_EVALUATED_POSTSELECTED_JOINT	AS_CONTACT:effect=0.150000,p=0.750000,worlds=2520;AS_CLEAR_GAP:effect=-0.012500,p=1.000000,worlds=7560	POSTSELECTED_COMBINATION;EDITION_ROBUSTNESS_NOT_EVALUATED	Postselected depth-2 exploratory combination.	364
CONTACT_GAP	8630fbda91ee	CONTACT_VS_CLEAR_GAP	(FAMILY_SUFFIX_3:ACA)_OR_(MEMBER_TOKEN_ZL3b:A2)	JOINT_DEPTH2		NO_SIGNAL	26	8	18	14	6	8	0.3055555555555556	present=14	0.15	3	0.111679696443865	-1.7554884998980071	-9.61346949502558	2520	0.75	1.0	1.0	1.0	288	0.75	3	0.3333333333333333	F100R_L2:-0.400000:1;F100V_L1:0.000000:0;F89R2_L4:0.000000:0;F99V_L1:0.250000:1;F99V_L2:0.600000:1	F100R_L2:0.425000:2;F100V_L1:0.150000:3;F89R2_L4:0.150000:3;F99V_L1:0.100000:2;F99V_L2:-0.075000:2	f100:0.425000:2;f89:0.150000:3;f99:-0.400000:1	0	0		NOT_EVALUATED_POSTSELECTED_JOINT	AS_CONTACT:effect=0.150000,p=0.750000,worlds=2520;AS_CLEAR_GAP:effect=-0.012500,p=1.000000,worlds=7560	POSTSELECTED_COMBINATION;EDITION_ROBUSTNESS_NOT_EVALUATED	Postselected depth-2 exploratory combination.	365
CONTACT_GAP	df468f737411	CONTACT_VS_CLEAR_GAP	(FAMILY_1GRAM:K)_OR_(MEMBER_TOKEN_ZL3b:B1)	JOINT_DEPTH2		NO_SIGNAL	26	8	18	10	3	7	-0.013888888888888895	present=10	0.20000000000000004	3	0.08425494559013225	-1.6147098441152075	-9.47269083924278	2520	0.7706349206349207	0.7142857142857143	1.0	1.0	288	0.8819444444444444	3	1.0	F100R_L2:0.800000:1;F100V_L1:0.000000:0;F89R2_L4:0.000000:0;F99V_L1:0.000000:1;F99V_L2:-0.200000:1	F100R_L2:-0.100000:2;F100V_L1:0.200000:3;F89R2_L4:0.200000:3;F99V_L1:0.300000:2;F99V_L2:0.400000:2	f100:-0.100000:2;f89:0.200000:3;f99:0.800000:1	0	0		NOT_EVALUATED_POSTSELECTED_JOINT	AS_CONTACT:effect=0.200000,p=0.770635,worlds=2520;AS_CLEAR_GAP:effect=0.150000,p=0.770635,worlds=7560	POSTSELECTED_COMBINATION;EDITION_ROBUSTNESS_NOT_EVALUATED;POSSIBLE_LENGTH_CONFOUND	Postselected depth-2 exploratory combination.	366
CONTACT_GAP	260524fef771	CONTACT_VS_CLEAR_GAP	FAMILY_1GRAM:C	FAMILY_COMPONENT	FAMILY_1GRAM:C	NO_SIGNAL	26	8	18	19	6	13	0.02777777777777779	present=19	0.1333333333333333	3	0.022345696573331793	-2.9366379390025728	-10.794618934130146	2520	0.7738095238095238	1.0	1.0	1.0	288	0.7916666666666666	3	1.0	F100R_L2:0.200000:1;F100V_L1:0.000000:0;F89R2_L4:0.000000:0;F99V_L1:0.000000:1;F99V_L2:0.200000:1	F100R_L2:0.100000:2;F100V_L1:0.133333:3;F89R2_L4:0.133333:3;F99V_L1:0.200000:2;F99V_L2:0.100000:2	f100:0.100000:2;f89:0.133333:3;f99:0.200000:1	1	1	1.0	ZL3b:0.133333;IT2a:0.133333;RF1b:0.133333	AS_CONTACT:effect=0.133333,p=0.773810,worlds=2520;AS_CLEAR_GAP:effect=0.100000,p=0.773810,worlds=7560	NONE		367
CONTACT_GAP	c89f1376edf2	CONTACT_VS_CLEAR_GAP	FAMILY_2GRAM:BA	FAMILY_COMPONENT	FAMILY_2GRAM:BA	NO_SIGNAL	26	8	18	7	3	4	0.1527777777777778	present=7	-0.13333333333333333	3	0.022345696573331793	-2.7142455176661215	-10.572226512793694	2520	0.7738095238095238	1.0	1.0	1.0	288	0.7569444444444444	3	1.0	F100R_L2:-0.200000:1;F100V_L1:0.000000:0;F89R2_L4:0.000000:0;F99V_L1:0.000000:1;F99V_L2:-0.200000:1	F100R_L2:-0.100000:2;F100V_L1:-0.133333:3;F89R2_L4:-0.133333:3;F99V_L1:-0.200000:2;F99V_L2:-0.100000:2	f100:-0.100000:2;f89:-0.133333:3;f99:-0.200000:1	1	1	1.0	ZL3b:-0.133333;IT2a:-0.133333;RF1b:-0.133333	AS_CONTACT:effect=-0.133333,p=0.773810,worlds=2520;AS_CLEAR_GAP:effect=0.025000,p=0.999868,worlds=7560	NONE		368
CONTACT_GAP	8115e6d72bd4	CONTACT_VS_CLEAR_GAP	(FAMILY_1GRAM:K)_OR_(FAMILY_SUFFIX_1:B)	JOINT_DEPTH2		NO_SIGNAL	26	8	18	9	3	6	0.041666666666666685	present=9	0.19999999999999998	3	0.04404796260487143	-2.2700616727277705	-10.128042667855343	2520	0.7857142857142857	1.0	1.0	1.0	288	0.75	3	1.0	F100R_L2:0.600000:1;F100V_L1:0.000000:0;F89R2_L4:0.000000:0;F99V_L1:0.000000:1;F99V_L2:0.000000:1	F100R_L2:0.000000:2;F100V_L1:0.200000:3;F89R2_L4:0.200000:3;F99V_L1:0.300000:2;F99V_L2:0.300000:2	f100:0.000000:2;f89:0.200000:3;f99:0.600000:1	1	1		NOT_EVALUATED_POSTSELECTED_JOINT	AS_CONTACT:effect=0.200000,p=0.785714,worlds=2520;AS_CLEAR_GAP:effect=0.025000,p=1.000000,worlds=7560	POSTSELECTED_COMBINATION;EDITION_ROBUSTNESS_NOT_EVALUATED;POSSIBLE_LENGTH_CONFOUND	Postselected depth-2 exploratory combination.	369
CONTACT_GAP	8139e4fe1f63	CONTACT_VS_CLEAR_GAP	(FAMILY_2GRAM:KA)_OR_(FAMILY_SUFFIX_2:AB)	JOINT_DEPTH2		NO_SIGNAL	26	8	18	8	3	5	0.09722222222222221	present=8	0.19999999999999998	3	0.04404796260487143	-2.4220647661728165	-10.28004576130039	2520	0.7857142857142857	1.0	1.0	1.0	288	0.75	3	1.0	F100R_L2:0.600000:1;F100V_L1:0.000000:0;F89R2_L4:0.000000:0;F99V_L1:0.000000:1;F99V_L2:0.000000:1	F100R_L2:0.000000:2;F100V_L1:0.200000:3;F89R2_L4:0.200000:3;F99V_L1:0.300000:2;F99V_L2:0.300000:2	f100:0.000000:2;f89:0.200000:3;f99:0.600000:1	1	1		NOT_EVALUATED_POSTSELECTED_JOINT	AS_CONTACT:effect=0.200000,p=0.785714,worlds=2520;AS_CLEAR_GAP:effect=0.275000,p=0.428571,worlds=7560	POSTSELECTED_COMBINATION;EDITION_ROBUSTNESS_NOT_EVALUATED;POSSIBLE_LENGTH_CONFOUND	Postselected depth-2 exploratory combination.	370
CONTACT_GAP	8cad4eb1040d	CONTACT_VS_CLEAR_GAP	(FAMILY_PREFIX_1:A)_AND_(MEMBER_TOKEN_ZL3b:A2)	JOINT_DEPTH2		NO_SIGNAL	26	8	18	9	4	5	0.2222222222222222	present=9	-0.13333333333333333	3	0.025193155078984383	-1.8777442499490071	-9.73572524507658	2520	0.7857142857142857	1.0	1.0	1.0	288	0.75	3	1.0	F100R_L2:0.000000:1;F100V_L1:0.000000:0;F89R2_L4:0.000000:0;F99V_L1:0.000000:1;F99V_L2:-0.400000:1	F100R_L2:-0.200000:2;F100V_L1:-0.133333:3;F89R2_L4:-0.133333:3;F99V_L1:-0.200000:2;F99V_L2:0.000000:2	f100:-0.200000:2;f89:-0.133333:3;f99:0.000000:1	1	1		NOT_EVALUATED_POSTSELECTED_JOINT	AS_CONTACT:effect=-0.133333,p=0.785714,worlds=2520;AS_CLEAR_GAP:effect=-0.225000,p=0.507937,worlds=7560	POSTSELECTED_COMBINATION;EDITION_ROBUSTNESS_NOT_EVALUATED	Postselected depth-2 exploratory combination.	371
CONTACT_GAP	96c0011be8a1	CONTACT_VS_CLEAR_GAP	(MEMBER_TOKEN_ZL3b:A1)_AND_(SYMBOL_COUNT_GE:6)	JOINT_DEPTH2		NO_SIGNAL	26	8	18	6	3	3	0.20833333333333334	present=6	-0.13333333333333333	3	0.025193155078984383	-1.2927817492278457	-9.150762744355418	2520	0.7857142857142857	1.0	1.0	1.0	288	0.875	3	1.0	F100R_L2:0.000000:1;F100V_L1:0.000000:0;F89R2_L4:0.000000:0;F99V_L1:0.000000:1;F99V_L2:-0.400000:1	F100R_L2:-0.200000:2;F100V_L1:-0.133333:3;F89R2_L4:-0.133333:3;F99V_L1:-0.200000:2;F99V_L2:0.000000:2	f100:-0.200000:2;f89:-0.133333:3;f99:0.000000:1	1	1		NOT_EVALUATED_POSTSELECTED_JOINT	AS_CONTACT:effect=-0.133333,p=0.785714,worlds=2520;AS_CLEAR_GAP:effect=0.150000,p=0.682540,worlds=7560	POSTSELECTED_COMBINATION;EDITION_ROBUSTNESS_NOT_EVALUATED;POSSIBLE_LENGTH_CONFOUND	Postselected depth-2 exploratory combination.	372
CONTACT_GAP	c381a7504686	CONTACT_VS_CLEAR_GAP	(FAMILY_1GRAM:K)_OR_(FAMILY_PREFIX_2:AC)	JOINT_DEPTH2		NO_SIGNAL	26	8	18	8	2	6	-0.08333333333333331	present=8	0.20000000000000004	3	0.08425494559013225	-1.462706750670165	-9.320687745797738	2520	0.7976190476190477	0.6825396825396826	1.0	1.0	288	0.7638888888888888	3	1.0	F100R_L2:0.800000:1;F100V_L1:0.000000:0;F89R2_L4:0.000000:0;F99V_L1:0.000000:1;F99V_L2:-0.200000:1	F100R_L2:-0.100000:2;F100V_L1:0.200000:3;F89R2_L4:0.200000:3;F99V_L1:0.300000:2;F99V_L2:0.400000:2	f100:-0.100000:2;f89:0.200000:3;f99:0.800000:1	0	0		NOT_EVALUATED_POSTSELECTED_JOINT	AS_CONTACT:effect=0.200000,p=0.797619,worlds=2520;AS_CLEAR_GAP:effect=0.150000,p=0.797619,worlds=7560	POSTSELECTED_COMBINATION;EDITION_ROBUSTNESS_NOT_EVALUATED;POSSIBLE_LENGTH_CONFOUND	Postselected depth-2 exploratory combination.	373
CONTACT_GAP	71f4fedae886	CONTACT_VS_CLEAR_GAP	(FAMILY_2GRAM:KA)_OR_(FAMILY_PREFIX_2:AC)	JOINT_DEPTH2		NO_SIGNAL	26	8	18	7	2	5	-0.02777777777777779	present=7	0.20000000000000004	3	0.08425494559013225	-1.614709844115211	-9.472690839242784	2520	0.7976190476190477	0.6825396825396826	1.0	1.0	288	0.7638888888888888	3	1.0	F100R_L2:0.800000:1;F100V_L1:0.000000:0;F89R2_L4:0.000000:0;F99V_L1:0.000000:1;F99V_L2:-0.200000:1	F100R_L2:-0.100000:2;F100V_L1:0.200000:3;F89R2_L4:0.200000:3;F99V_L1:0.300000:2;F99V_L2:0.400000:2	f100:-0.100000:2;f89:0.200000:3;f99:0.800000:1	0	0		NOT_EVALUATED_POSTSELECTED_JOINT	AS_CONTACT:effect=0.200000,p=0.797619,worlds=2520;AS_CLEAR_GAP:effect=0.150000,p=0.797619,worlds=7560	POSTSELECTED_COMBINATION;EDITION_ROBUSTNESS_NOT_EVALUATED;POSSIBLE_LENGTH_CONFOUND	Postselected depth-2 exploratory combination.	374
CONTACT_GAP	82e244b12475	CONTACT_VS_CLEAR_GAP	(MEMBER_TOKEN_IT2a:B2)_AND_(MEMBER_TOKEN_RF1b:A3)	JOINT_DEPTH2		NO_SIGNAL	26	8	18	7	4	3	0.33333333333333337	present=7	0.20000000000000004	3	0.08425494559013225	-0.6553518286125559	-8.513332823740129	2520	0.7976190476190477	0.6825396825396826	1.0	1.0	288	0.7638888888888888	3	1.0	F100R_L2:0.800000:1;F100V_L1:0.000000:0;F89R2_L4:0.000000:0;F99V_L1:0.000000:1;F99V_L2:-0.200000:1	F100R_L2:-0.100000:2;F100V_L1:0.200000:3;F89R2_L4:0.200000:3;F99V_L1:0.300000:2;F99V_L2:0.400000:2	f100:-0.100000:2;f89:0.200000:3;f99:0.800000:1	0	0		NOT_EVALUATED_POSTSELECTED_JOINT	AS_CONTACT:effect=0.200000,p=0.797619,worlds=2520;AS_CLEAR_GAP:effect=0.400000,p=0.207672,worlds=7560	POSTSELECTED_COMBINATION;EDITION_ROBUSTNESS_NOT_EVALUATED	Postselected depth-2 exploratory combination.	375
CONTACT_GAP	379b753fe569	CONTACT_VS_CLEAR_GAP	(MEMBER_TOKEN_IT2a:B2)_AND_(SYMBOL_COUNT_GE:5)	JOINT_DEPTH2		NO_SIGNAL	26	8	18	9	4	5	0.2222222222222222	present=9	0.20000000000000004	3	0.08425494559013225	-1.614709844115211	-9.472690839242784	2520	0.7976190476190477	0.6825396825396826	1.0	1.0	288	0.7638888888888888	3	1.0	F100R_L2:0.800000:1;F100V_L1:0.000000:0;F89R2_L4:0.000000:0;F99V_L1:0.000000:1;F99V_L2:-0.200000:1	F100R_L2:-0.100000:2;F100V_L1:0.200000:3;F89R2_L4:0.200000:3;F99V_L1:0.300000:2;F99V_L2:0.400000:2	f100:-0.100000:2;f89:0.200000:3;f99:0.800000:1	0	0		NOT_EVALUATED_POSTSELECTED_JOINT	AS_CONTACT:effect=0.200000,p=0.797619,worlds=2520;AS_CLEAR_GAP:effect=0.400000,p=0.207672,worlds=7560	POSTSELECTED_COMBINATION;EDITION_ROBUSTNESS_NOT_EVALUATED	Postselected depth-2 exploratory combination.	376
CONTACT_GAP	4052190a479c	CONTACT_VS_CLEAR_GAP	(MEMBER_TOKEN_ZL3b:A1)_AND_(MEMBER_TOKEN_ZL3b:A2)	JOINT_DEPTH2		NO_SIGNAL	26	8	18	11	4	7	0.1111111111111111	present=11	-0.20000000000000004	3	0.03636600336565028	-3.2700616727277705	-11.128042667855343	2520	0.7976190476190477	1.0	1.0	1.0	288	0.7638888888888888	3	1.0	F100R_L2:-0.200000:1;F100V_L1:0.000000:0;F89R2_L4:0.000000:0;F99V_L1:0.000000:1;F99V_L2:-0.400000:1	F100R_L2:-0.200000:2;F100V_L1:-0.200000:3;F89R2_L4:-0.200000:3;F99V_L1:-0.300000:2;F99V_L2:-0.100000:2	f100:-0.200000:2;f89:-0.200000:3;f99:-0.200000:1	1	1		NOT_EVALUATED_POSTSELECTED_JOINT	AS_CONTACT:effect=-0.200000,p=0.797619,worlds=2520;AS_CLEAR_GAP:effect=-0.025000,p=1.000000,worlds=7560	POSTSELECTED_COMBINATION;EDITION_ROBUSTNESS_NOT_EVALUATED	Postselected depth-2 exploratory combination.	377
CONTACT_GAP	a8c02bc4dc4d	CONTACT_VS_CLEAR_GAP	MEMBER_TOKEN_RF1b:C2	MEMBER_CODE	MEMBER_TOKEN_RF1b:C2	NO_SIGNAL	26	8	18	14	4	10	-0.05555555555555558	present=14	0.19999999999999998	3	0.03636600336565028	-3.4220647661728165	-11.28004576130039	2520	0.7976190476190477	1.0	1.0	1.0	288	0.7638888888888888	3	1.0	F100R_L2:0.400000:1;F100V_L1:0.000000:0;F89R2_L4:0.000000:0;F99V_L1:0.000000:1;F99V_L2:0.200000:1	F100R_L2:0.100000:2;F100V_L1:0.200000:3;F89R2_L4:0.200000:3;F99V_L1:0.300000:2;F99V_L2:0.200000:2	f100:0.100000:2;f89:0.200000:3;f99:0.400000:1	1	1	0.8666666666666667	ZL3b:0.116667;IT2a:0.050000;RF1b:0.200000	AS_CONTACT:effect=0.200000,p=0.797619,worlds=2520;AS_CLEAR_GAP:effect=0.025000,p=1.000000,worlds=7560	NONE	primary edition=RF1b	378
CONTACT_GAP	08cd2d08bb8d	CONTACT_VS_CLEAR_GAP	(FAMILY_2GRAM:AB)_AND_(SYMBOL_COUNT_GE:5)	JOINT_DEPTH2		NO_SIGNAL	26	8	18	10	4	6	0.16666666666666669	present=10	0.13333333333333333	3	0.055220810891537325	-2.4220647661728165	-10.28004576130039	2520	0.8035714285714286	1.0	1.0	1.0	288	0.7708333333333334	3	1.0	F100R_L2:0.600000:1;F100V_L1:0.000000:0;F89R2_L4:0.000000:0;F99V_L1:0.000000:1;F99V_L2:-0.200000:1	F100R_L2:-0.100000:2;F100V_L1:0.133333:3;F89R2_L4:0.133333:3;F99V_L1:0.200000:2;F99V_L2:0.300000:2	f100:-0.100000:2;f89:0.133333:3;f99:0.600000:1	0	0		NOT_EVALUATED_POSTSELECTED_JOINT	AS_CONTACT:effect=0.133333,p=0.803571,worlds=2520;AS_CLEAR_GAP:effect=0.350000,p=0.230159,worlds=7560	POSTSELECTED_COMBINATION;EDITION_ROBUSTNESS_NOT_EVALUATED	Postselected depth-2 exploratory combination.	379
CONTACT_GAP	d7f5c3e18e5d	CONTACT_VS_CLEAR_GAP	(FAMILY_PREFIX_2:AC)_OR_(FAMILY_SUFFIX_3:ACA)	JOINT_DEPTH2		NO_SIGNAL	26	8	18	6	2	4	0.02777777777777779	present=6	0.13333333333333333	3	0.05522081089153731	-1.4627067506701614	-9.320687745797734	2520	0.8035714285714286	1.0	1.0	1.0	288	0.7708333333333334	3	0.3333333333333333	F100R_L2:-0.200000:1;F100V_L1:0.000000:0;F89R2_L4:0.000000:0;F99V_L1:0.000000:1;F99V_L2:0.600000:1	F100R_L2:0.300000:2;F100V_L1:0.133333:3;F89R2_L4:0.133333:3;F99V_L1:0.200000:2;F99V_L2:-0.100000:2	f100:0.300000:2;f89:0.133333:3;f99:-0.200000:1	0	0		NOT_EVALUATED_POSTSELECTED_JOINT	AS_CONTACT:effect=0.133333,p=0.803571,worlds=2520;AS_CLEAR_GAP:effect=0.100000,p=0.803571,worlds=7560	ONE_POSITIVE_FOLIO;POSTSELECTED_COMBINATION;EDITION_ROBUSTNESS_NOT_EVALUATED	Postselected depth-2 exploratory combination.	380
CONTACT_GAP	50fe75843b12	CONTACT_VS_CLEAR_GAP	(MEMBER_TOKEN_IT2a:A1)_AND_(MEMBER_TOKEN_ZL3b:A2)	JOINT_DEPTH2		NO_SIGNAL	26	8	18	12	5	7	0.2361111111111111	present=12	0.13333333333333333	3	0.05522081089153731	-2.8550241734489283	-10.713005168576501	2520	0.8035714285714286	1.0	1.0	1.0	288	0.7708333333333334	3	0.3333333333333333	F100R_L2:-0.200000:1;F100V_L1:0.000000:0;F89R2_L4:0.000000:0;F99V_L1:0.000000:1;F99V_L2:0.600000:1	F100R_L2:0.300000:2;F100V_L1:0.133333:3;F89R2_L4:0.133333:3;F99V_L1:0.200000:2;F99V_L2:-0.100000:2	f100:0.300000:2;f89:0.133333:3;f99:-0.200000:1	0	0		NOT_EVALUATED_POSTSELECTED_JOINT	AS_CONTACT:effect=0.133333,p=0.803571,worlds=2520;AS_CLEAR_GAP:effect=0.225000,p=0.498016,worlds=7560	POSTSELECTED_COMBINATION;EDITION_ROBUSTNESS_NOT_EVALUATED	Postselected depth-2 exploratory combination.	381
CONTACT_GAP	160a478ce2ec	CONTACT_VS_CLEAR_GAP	(MEMBER_TOKEN_RF1b:A3)_AND_(FAMILY_2GRAM:AB)	JOINT_DEPTH2		NO_SIGNAL	26	8	18	8	4	4	0.2777777777777778	present=8	0.13333333333333333	3	0.055220810891537325	-1.4627067506701614	-9.320687745797734	2520	0.8035714285714286	1.0	1.0	1.0	288	0.7708333333333334	3	1.0	F100R_L2:0.600000:1;F100V_L1:0.000000:0;F89R2_L4:0.000000:0;F99V_L1:0.000000:1;F99V_L2:-0.200000:1	F100R_L2:-0.100000:2;F100V_L1:0.133333:3;F89R2_L4:0.133333:3;F99V_L1:0.200000:2;F99V_L2:0.300000:2	f100:-0.100000:2;f89:0.133333:3;f99:0.600000:1	0	0		NOT_EVALUATED_POSTSELECTED_JOINT	AS_CONTACT:effect=0.133333,p=0.803571,worlds=2520;AS_CLEAR_GAP:effect=0.350000,p=0.230159,worlds=7560	POSTSELECTED_COMBINATION;EDITION_ROBUSTNESS_NOT_EVALUATED	Postselected depth-2 exploratory combination.	382
CONTACT_GAP	c5785555e1fd	CONTACT_VS_CLEAR_GAP	FAMILY_SUFFIX_2:CA	FAMILY_COMPONENT	FAMILY_SUFFIX_2:CA	NO_SIGNAL	26	8	18	8	3	5	0.09722222222222221	present=8	0.13333333333333333	3	0.05522081089153731	-2.855024173448925	-10.713005168576498	2520	0.8035714285714286	1.0	1.0	1.0	288	0.7708333333333334	3	0.3333333333333333	F100R_L2:-0.200000:1;F100V_L1:0.000000:0;F89R2_L4:0.000000:0;F99V_L1:0.000000:1;F99V_L2:0.600000:1	F100R_L2:0.300000:2;F100V_L1:0.133333:3;F89R2_L4:0.133333:3;F99V_L1:0.200000:2;F99V_L2:-0.100000:2	f100:0.300000:2;f89:0.133333:3;f99:-0.200000:1	0	0	1.0	ZL3b:0.133333;IT2a:0.133333;RF1b:0.133333	AS_CONTACT:effect=0.133333,p=0.803571,worlds=2520;AS_CLEAR_GAP:effect=0.225000,p=0.498016,worlds=7560	NONE		383
CONTACT_GAP	c39b6883c115	CONTACT_VS_CLEAR_GAP	(FAMILY_PREFIX_1:A)_AND_(SYMBOL_COUNT_GE:5)	JOINT_DEPTH2		NO_SIGNAL	26	8	18	11	5	6	0.2916666666666667	present=11	-0.09999999999999999	3	0.11328908028872722	-0.9481335778404052	-8.806114572967978	2520	0.8797619047619047	0.5714285714285714	1.0	1.0	288	0.875	3	1.0	F100R_L2:-0.200000:1;F100V_L1:0.000000:0;F89R2_L4:0.000000:0;F99V_L1:0.500000:1;F99V_L2:-0.600000:1	F100R_L2:-0.050000:2;F100V_L1:-0.100000:3;F89R2_L4:-0.100000:3;F99V_L1:-0.400000:2;F99V_L2:0.150000:2	f100:-0.050000:2;f89:-0.100000:3;f99:-0.200000:1	0	1		NOT_EVALUATED_POSTSELECTED_JOINT	AS_CONTACT:effect=-0.100000,p=0.879762,worlds=2520;AS_CLEAR_GAP:effect=-0.075000,p=0.879762,worlds=7560	POSTSELECTED_COMBINATION;EDITION_ROBUSTNESS_NOT_EVALUATED	Postselected depth-2 exploratory combination.	384
CONTACT_GAP	9ef1bba9f90f	CONTACT_VS_CLEAR_GAP	(FAMILY_2GRAM:AB)_OR_(FAMILY_SUFFIX_3:ACA)	JOINT_DEPTH2		NO_SIGNAL	26	8	18	19	6	13	0.02777777777777779	present=19	0.10000000000000002	3	0.14616419460693275	-0.5151741705642934	-8.373155165691866	2520	0.9047619047619048	0.49206349206349204	1.0	1.0	288	0.8888888888888888	3	0.3333333333333333	F100R_L2:0.400000:1;F100V_L1:0.000000:0;F89R2_L4:0.000000:0;F99V_L1:-0.500000:1;F99V_L2:0.400000:1	F100R_L2:-0.050000:2;F100V_L1:0.100000:3;F89R2_L4:0.100000:3;F99V_L1:0.400000:2;F99V_L2:-0.050000:2	f100:-0.050000:2;f89:0.100000:3;f99:0.400000:1	0	0		NOT_EVALUATED_POSTSELECTED_JOINT	AS_CONTACT:effect=0.100000,p=0.904762,worlds=2520;AS_CLEAR_GAP:effect=0.325000,p=0.285714,worlds=7560	POSTSELECTED_COMBINATION;EDITION_ROBUSTNESS_NOT_EVALUATED	Postselected depth-2 exploratory combination.	385
CONTACT_GAP	f7dfbe0e1294	CONTACT_VS_CLEAR_GAP	(FAMILY_PREFIX_1:K)_OR_(MEMBER_TOKEN_ZL3b:B1)	JOINT_DEPTH2		NO_SIGNAL	26	8	18	8	2	6	-0.08333333333333331	present=8	0.11666666666666668	3	0.09926877349640872	-1.351675438281415	-9.209656433408988	2520	0.9325396825396826	0.5238095238095238	1.0	1.0	288	0.9305555555555556	3	1.0	F100R_L2:0.800000:1;F100V_L1:0.000000:0;F89R2_L4:0.000000:0;F99V_L1:-0.250000:1;F99V_L2:-0.200000:1	F100R_L2:-0.225000:2;F100V_L1:0.116667:3;F89R2_L4:0.116667:3;F99V_L1:0.300000:2;F99V_L2:0.275000:2	f100:-0.225000:2;f89:0.116667:3;f99:0.800000:1	0	0		NOT_EVALUATED_POSTSELECTED_JOINT	AS_CONTACT:effect=0.116667,p=0.932540,worlds=2520;AS_CLEAR_GAP:effect=0.087500,p=0.932540,worlds=7560	POSTSELECTED_COMBINATION;EDITION_ROBUSTNESS_NOT_EVALUATED;POSSIBLE_LENGTH_CONFOUND	Postselected depth-2 exploratory combination.	386
CONTACT_GAP	3e39f85e2d58	CONTACT_VS_CLEAR_GAP	(MEMBER_TOKEN_IT2a:A1)_AND_(MEMBER_TOKEN_RF1b:A3)	JOINT_DEPTH2		NO_SIGNAL	26	8	18	14	5	9	0.125	present=14	-0.1166666666666667	3	0.09926877349640872	-0.3923174227787598	-8.250298417906333	2520	0.9325396825396826	0.5238095238095238	1.0	1.0	288	0.8819444444444444	3	1.0	F100R_L2:-0.800000:1;F100V_L1:0.000000:0;F89R2_L4:0.000000:0;F99V_L1:0.250000:1;F99V_L2:0.200000:1	F100R_L2:0.225000:2;F100V_L1:-0.116667:3;F89R2_L4:-0.116667:3;F99V_L1:-0.300000:2;F99V_L2:-0.275000:2	f100:0.225000:2;f89:-0.116667:3;f99:-0.800000:1	0	0		NOT_EVALUATED_POSTSELECTED_JOINT	AS_CONTACT:effect=-0.116667,p=0.932540,worlds=2520;AS_CLEAR_GAP:effect=0.162500,p=0.589947,worlds=7560	POSTSELECTED_COMBINATION;EDITION_ROBUSTNESS_NOT_EVALUATED	Postselected depth-2 exploratory combination.	387
CONTACT_GAP	0d50b0536e54	CONTACT_VS_CLEAR_GAP	(FAMILY_PREFIX_3:CAC)_OR_(MEMBER_TOKEN_ZL3b:B1)	JOINT_DEPTH2		NO_SIGNAL	26	8	18	8	2	6	-0.08333333333333331	present=8	0.05000000000000001	3	0.1132890802887272	-1.1001366712854512	-8.958117666413024	2520	0.9682539682539683	0.6190476190476191	1.0	1.0	288	0.9444444444444444	3	1.0	F100R_L2:-0.400000:1;F100V_L1:0.000000:0;F89R2_L4:0.000000:0;F99V_L1:-0.250000:1;F99V_L2:0.800000:1	F100R_L2:0.275000:2;F100V_L1:0.050000:3;F89R2_L4:0.050000:3;F99V_L1:0.200000:2;F99V_L2:-0.325000:2	f100:0.275000:2;f89:0.050000:3;f99:-0.400000:1	0	0		NOT_EVALUATED_POSTSELECTED_JOINT	AS_CONTACT:effect=0.050000,p=0.968254,worlds=2520;AS_CLEAR_GAP:effect=0.037500,p=0.968254,worlds=7560	ONE_POSITIVE_FOLIO;POSTSELECTED_COMBINATION;EDITION_ROBUSTNESS_NOT_EVALUATED	Postselected depth-2 exploratory combination.	388
CONTACT_GAP	87581cf760bc	CONTACT_VS_CLEAR_GAP	FAMILY_2GRAM:CA	FAMILY_COMPONENT	FAMILY_2GRAM:CA	NO_SIGNAL	26	8	18	16	5	11	0.01388888888888884	present=16	0.04999999999999997	3	0.037359524479608254	-2.521600439723734	-10.379581434851307	2520	0.9801587301587301	1.0	1.0	1.0	288	0.9652777777777778	3	1.0	F100R_L2:0.200000:1;F100V_L1:0.000000:0;F89R2_L4:0.000000:0;F99V_L1:-0.250000:1;F99V_L2:0.200000:1	F100R_L2:-0.025000:2;F100V_L1:0.050000:3;F89R2_L4:0.050000:3;F99V_L1:0.200000:2;F99V_L2:-0.025000:2	f100:-0.025000:2;f89:0.050000:3;f99:0.200000:1	0	0	1.0	ZL3b:0.050000;IT2a:0.050000;RF1b:0.050000	AS_CONTACT:effect=0.050000,p=0.980159,worlds=2520;AS_CLEAR_GAP:effect=0.287500,p=0.330688,worlds=7560	NONE		389
CONTACT_GAP	4bfdbd343078	CONTACT_VS_CLEAR_GAP	(SYMBOL_COUNT_GE:6)_OR_(FAMILY_PREFIX_2:AC)	JOINT_DEPTH2		NO_SIGNAL	26	8	18	11	5	6	0.2916666666666667	present=11	0.0666666666666667	3	0.11713005990833777	-0.2927817492278386	-8.150762744355411	2520	0.9952380952380953	0.6571428571428571	1.0	1.0	288	1.0	3	1.0	F100R_L2:0.800000:1;F100V_L1:0.000000:0;F89R2_L4:0.000000:0;F99V_L1:0.000000:1;F99V_L2:-0.600000:1	F100R_L2:-0.300000:2;F100V_L1:0.066667:3;F89R2_L4:0.066667:3;F99V_L1:0.100000:2;F99V_L2:0.400000:2	f100:-0.300000:2;f89:0.066667:3;f99:0.800000:1	0	0		NOT_EVALUATED_POSTSELECTED_JOINT	AS_CONTACT:effect=0.066667,p=0.995238,worlds=2520;AS_CLEAR_GAP:effect=0.050000,p=0.995238,worlds=7560	POSTSELECTED_COMBINATION;EDITION_ROBUSTNESS_NOT_EVALUATED;POSSIBLE_LENGTH_CONFOUND	Postselected depth-2 exploratory combination.	390
CONTACT_GAP	e33b03d31692	CONTACT_VS_CLEAR_GAP	(SYMBOL_COUNT_GE:6)_OR_(FAMILY_SUFFIX_1:B)	JOINT_DEPTH2		NO_SIGNAL	26	8	18	12	5	7	0.2361111111111111	present=12	0.06666666666666665	3	0.06924111768385581	-2.3225290926218953	-10.180510087749468	2520	0.9952380952380953	1.0	1.0	1.0	288	1.0	3	1.0	F100R_L2:0.600000:1;F100V_L1:0.000000:0;F89R2_L4:0.000000:0;F99V_L1:0.000000:1;F99V_L2:-0.400000:1	F100R_L2:-0.200000:2;F100V_L1:0.066667:3;F89R2_L4:0.066667:3;F99V_L1:0.100000:2;F99V_L2:0.300000:2	f100:-0.200000:2;f89:0.066667:3;f99:0.600000:1	0	0		NOT_EVALUATED_POSTSELECTED_JOINT	AS_CONTACT:effect=0.066667,p=0.995238,worlds=2520;AS_CLEAR_GAP:effect=0.050000,p=0.995238,worlds=7560	POSTSELECTED_COMBINATION;EDITION_ROBUSTNESS_NOT_EVALUATED;POSSIBLE_LENGTH_CONFOUND	Postselected depth-2 exploratory combination.	391
CONTACT_GAP	c1ef23a604bf	CONTACT_VS_CLEAR_GAP	(SYMBOL_COUNT_GE:6)_OR_(FAMILY_SUFFIX_2:AB)	JOINT_DEPTH2		NO_SIGNAL	26	8	18	11	5	6	0.2916666666666667	present=11	0.06666666666666665	3	0.06924111768385581	-1.5151741705642898	-9.373155165691863	2520	0.9952380952380953	1.0	1.0	1.0	288	1.0	3	1.0	F100R_L2:0.600000:1;F100V_L1:0.000000:0;F89R2_L4:0.000000:0;F99V_L1:0.000000:1;F99V_L2:-0.400000:1	F100R_L2:-0.200000:2;F100V_L1:0.066667:3;F89R2_L4:0.066667:3;F99V_L1:0.100000:2;F99V_L2:0.300000:2	f100:-0.200000:2;f89:0.066667:3;f99:0.600000:1	0	0		NOT_EVALUATED_POSTSELECTED_JOINT	AS_CONTACT:effect=0.066667,p=0.995238,worlds=2520;AS_CLEAR_GAP:effect=0.050000,p=0.995238,worlds=7560	POSTSELECTED_COMBINATION;EDITION_ROBUSTNESS_NOT_EVALUATED;POSSIBLE_LENGTH_CONFOUND	Postselected depth-2 exploratory combination.	392
CONTACT_GAP	ff8e52ce2a33	CONTACT_VS_CLEAR_GAP	(SYMBOL_COUNT_GE:6)_OR_(MEMBER_TOKEN_ZL3b:B1)	JOINT_DEPTH2		NO_SIGNAL	26	8	18	12	5	7	0.2361111111111111	present=12	0.0666666666666667	3	0.11713005990833777	-1.1001366712854477	-8.95811766641302	2520	0.9952380952380953	0.6571428571428571	1.0	1.0	288	1.0	3	1.0	F100R_L2:0.800000:1;F100V_L1:0.000000:0;F89R2_L4:0.000000:0;F99V_L1:0.000000:1;F99V_L2:-0.600000:1	F100R_L2:-0.300000:2;F100V_L1:0.066667:3;F89R2_L4:0.066667:3;F99V_L1:0.100000:2;F99V_L2:0.400000:2	f100:-0.300000:2;f89:0.066667:3;f99:0.800000:1	0	0		NOT_EVALUATED_POSTSELECTED_JOINT	AS_CONTACT:effect=0.066667,p=0.995238,worlds=2520;AS_CLEAR_GAP:effect=0.050000,p=0.995238,worlds=7560	POSTSELECTED_COMBINATION;EDITION_ROBUSTNESS_NOT_EVALUATED;POSSIBLE_LENGTH_CONFOUND	Postselected depth-2 exploratory combination.	393
CONTACT_GAP	8a7c3c5849bb	CONTACT_VS_CLEAR_GAP	(FAMILY_1GRAM:K)_AND_(FAMILY_PREFIX_1:A)	JOINT_DEPTH2		NO_SIGNAL	26	8	18	2	1	1	0.06944444444444445	present=2	0.08333333333333333	3	0.0424385787600092	-0.614709844115211	-8.472690839242784	2520	1.0	1.0	1.0	1.0	288	1.0	3	1.0	F100R_L2:0.000000:1;F100V_L1:0.000000:0;F89R2_L4:0.000000:0;F99V_L1:0.250000:1;F99V_L2:0.000000:1	F100R_L2:0.125000:2;F100V_L1:0.083333:3;F89R2_L4:0.083333:3;F99V_L1:0.000000:2;F99V_L2:0.125000:2	f100:0.125000:2;f89:0.083333:3;f99:0.000000:1	1	1		NOT_EVALUATED_POSTSELECTED_JOINT	AS_CONTACT:effect=0.083333,p=1.000000,worlds=2520;AS_CLEAR_GAP:effect=0.062500,p=1.000000,worlds=7560	ONE_POSITIVE_FOLIO;POSTSELECTED_COMBINATION;EDITION_ROBUSTNESS_NOT_EVALUATED;POSSIBLE_LENGTH_CONFOUND	Postselected depth-2 exploratory combination.	394
CONTACT_GAP	76ef1d83e83f	CONTACT_VS_CLEAR_GAP	(FAMILY_1GRAM:K)_OR_(MEMBER_TOKEN_IT2a:A1)	JOINT_DEPTH2		NO_SIGNAL	26	8	18	24	7	17	-0.06944444444444442	present=24	-0.01666666666666668	3	0.0536114270466751	-0.39231742277876336	-8.250298417906336	2520	1.0	1.0	1.0	1.0	288	1.0	3	1.0	F100R_L2:0.000000:1;F100V_L1:0.000000:0;F89R2_L4:0.000000:0;F99V_L1:-0.250000:1;F99V_L2:0.200000:1	F100R_L2:-0.025000:2;F100V_L1:-0.016667:3;F89R2_L4:-0.016667:3;F99V_L1:0.100000:2;F99V_L2:-0.125000:2	f100:-0.025000:2;f89:-0.016667:3;f99:0.000000:1	0	1		NOT_EVALUATED_POSTSELECTED_JOINT	AS_CONTACT:effect=-0.016667,p=1.000000,worlds=2520;AS_CLEAR_GAP:effect=0.237500,p=0.388889,worlds=7560	POSTSELECTED_COMBINATION;EDITION_ROBUSTNESS_NOT_EVALUATED	Postselected depth-2 exploratory combination.	395
CONTACT_GAP	414b8d3ef764	CONTACT_VS_CLEAR_GAP	(FAMILY_PREFIX_1:A)_AND_(FAMILY_SUFFIX_1:B)	JOINT_DEPTH2		NO_SIGNAL	26	8	18	2	1	1	0.06944444444444445	present=2	-0.08333333333333333	3	0.0424385787600092	-0.3923174227787598	-8.250298417906333	2520	1.0	1.0	1.0	1.0	288	1.0	3	1.0	F100R_L2:0.000000:1;F100V_L1:0.000000:0;F89R2_L4:0.000000:0;F99V_L1:-0.250000:1;F99V_L2:0.000000:1	F100R_L2:-0.125000:2;F100V_L1:-0.083333:3;F89R2_L4:-0.083333:3;F99V_L1:0.000000:2;F99V_L2:-0.125000:2	f100:-0.125000:2;f89:-0.083333:3;f99:0.000000:1	1	1		NOT_EVALUATED_POSTSELECTED_JOINT	AS_CONTACT:effect=-0.083333,p=1.000000,worlds=2520;AS_CLEAR_GAP:effect=-0.187500,p=0.666667,worlds=7560	ONE_POSITIVE_FOLIO;POSTSELECTED_COMBINATION;EDITION_ROBUSTNESS_NOT_EVALUATED;POSSIBLE_LENGTH_CONFOUND	Postselected depth-2 exploratory combination.	396
CONTACT_GAP	a4379779013b	CONTACT_VS_CLEAR_GAP	(FAMILY_PREFIX_1:A)_OR_(FAMILY_PREFIX_3:CAC)	JOINT_DEPTH2		NO_SIGNAL	26	8	18	16	6	10	0.19444444444444442	present=16	-0.08333333333333333	3	0.09282488891797797	-1.5855634984556914	-9.443544493583264	2520	1.0	1.0	1.0	1.0	288	1.0	3	0.3333333333333333	F100R_L2:-0.400000:1;F100V_L1:0.000000:0;F89R2_L4:0.000000:0;F99V_L1:-0.250000:1;F99V_L2:0.400000:1	F100R_L2:0.075000:2;F100V_L1:-0.083333:3;F89R2_L4:-0.083333:3;F99V_L1:0.000000:2;F99V_L2:-0.325000:2	f100:0.075000:2;f89:-0.083333:3;f99:-0.400000:1	0	0		NOT_EVALUATED_POSTSELECTED_JOINT	AS_CONTACT:effect=-0.083333,p=1.000000,worlds=2520;AS_CLEAR_GAP:effect=-0.062500,p=1.000000,worlds=7560	POSTSELECTED_COMBINATION;EDITION_ROBUSTNESS_NOT_EVALUATED	Postselected depth-2 exploratory combination.	397
CONTACT_GAP	e01c46a0b9e2	CONTACT_VS_CLEAR_GAP	(FAMILY_PREFIX_1:A)_OR_(FAMILY_SUFFIX_3:ACA)	JOINT_DEPTH2		NO_SIGNAL	26	8	18	16	7	9	0.375	present=16	0.06666666666666667	3	0.03636600336565028	-1.877744249949	-9.735725245076573	2520	1.0	1.0	1.0	1.0	288	1.0	3	0.3333333333333333	F100R_L2:-0.200000:1;F100V_L1:0.000000:0;F89R2_L4:0.000000:0;F99V_L1:0.000000:1;F99V_L2:0.400000:1	F100R_L2:0.200000:2;F100V_L1:0.066667:3;F89R2_L4:0.066667:3;F99V_L1:0.100000:2;F99V_L2:-0.100000:2	f100:0.200000:2;f89:0.066667:3;f99:-0.200000:1	0	0		NOT_EVALUATED_POSTSELECTED_JOINT	AS_CONTACT:effect=0.066667,p=1.000000,worlds=2520;AS_CLEAR_GAP:effect=0.050000,p=1.000000,worlds=7560	POSTSELECTED_COMBINATION;EDITION_ROBUSTNESS_NOT_EVALUATED	Postselected depth-2 exploratory combination.	398
CONTACT_GAP	4a88fc2c1df2	CONTACT_VS_CLEAR_GAP	(FAMILY_PREFIX_1:A)_OR_(MEMBER_TOKEN_IT2a:B2)	JOINT_DEPTH2		NO_SIGNAL	26	8	18	19	6	13	0.02777777777777779	present=19	-0.08333333333333333	3	0.13053450396975202	0.05186642215959836	-7.8061145729679735	2520	1.0	1.0	1.0	1.0	288	1.0	3	1.0	F100R_L2:0.600000:1;F100V_L1:0.000000:0;F89R2_L4:0.000000:0;F99V_L1:-0.250000:1;F99V_L2:-0.600000:1	F100R_L2:-0.425000:2;F100V_L1:-0.083333:3;F89R2_L4:-0.083333:3;F99V_L1:0.000000:2;F99V_L2:0.175000:2	f100:-0.425000:2;f89:-0.083333:3;f99:0.600000:1	0	0		NOT_EVALUATED_POSTSELECTED_JOINT	AS_CONTACT:effect=-0.083333,p=1.000000,worlds=2520;AS_CLEAR_GAP:effect=-0.062500,p=1.000000,worlds=7560	POSTSELECTED_COMBINATION;EDITION_ROBUSTNESS_NOT_EVALUATED	Postselected depth-2 exploratory combination.	399
CONTACT_GAP	06ad1a7c2cbf	CONTACT_VS_CLEAR_GAP	(FAMILY_PREFIX_1:A)_OR_(MEMBER_TOKEN_RF1b:A3)	JOINT_DEPTH2		NO_SIGNAL	26	8	18	22	8	14	0.2222222222222222	present=22	0.06666666666666665	3	0.011172848286665897	-1.3923174227787598	-9.250298417906333	2520	1.0	1.0	1.0	1.0	288	1.0	3	1.0	F100R_L2:0.200000:1;F100V_L1:0.000000:0;F89R2_L4:0.000000:0;F99V_L1:0.000000:1;F99V_L2:0.000000:1	F100R_L2:0.000000:2;F100V_L1:0.066667:3;F89R2_L4:0.066667:3;F99V_L1:0.100000:2;F99V_L2:0.100000:2	f100:0.000000:2;f89:0.066667:3;f99:0.200000:1	1	1		NOT_EVALUATED_POSTSELECTED_JOINT	AS_CONTACT:effect=0.066667,p=1.000000,worlds=2520;AS_CLEAR_GAP:effect=0.050000,p=1.000000,worlds=7560	POSTSELECTED_COMBINATION;EDITION_ROBUSTNESS_NOT_EVALUATED	Postselected depth-2 exploratory combination.	400
CONTACT_GAP	4ec053c9ab26	CONTACT_VS_CLEAR_GAP	(FAMILY_PREFIX_1:A)_OR_(MEMBER_TOKEN_ZL3b:A2)	JOINT_DEPTH2		NO_SIGNAL	26	8	18	18	7	11	0.26388888888888884	present=18	0.0	3	0.05038631015796877	-1.9302116698431284	-9.788192664970701	2520	1.0	1.0	1.0	1.0	288	1.0	3	0.3333333333333333	F100R_L2:-0.400000:1;F100V_L1:0.000000:0;F89R2_L4:0.000000:0;F99V_L1:0.000000:1;F99V_L2:0.400000:1	F100R_L2:0.200000:2;F100V_L1:0.000000:3;F89R2_L4:0.000000:3;F99V_L1:0.000000:2;F99V_L2:-0.200000:2	f100:0.200000:2;f89:0.000000:3;f99:-0.400000:1	0	0		NOT_EVALUATED_POSTSELECTED_JOINT	AS_CONTACT:effect=0.000000,p=1.000000,worlds=2520;AS_CLEAR_GAP:effect=0.000000,p=1.000000,worlds=7560	POSTSELECTED_COMBINATION;EDITION_ROBUSTNESS_NOT_EVALUATED	Postselected depth-2 exploratory combination.	401
CONTACT_GAP	7d3b9b1c0019	CONTACT_VS_CLEAR_GAP	(FAMILY_PREFIX_1:A)_OR_(SYMBOL_COUNT_GE:5)	JOINT_DEPTH2		NO_SIGNAL	26	8	18	22	7	15	0.04166666666666663	present=22	-0.19999999999999998	3	0.04404796260487141	-0.8777442499490036	-8.735725245076576	2520	1.0	1.0	1.0	1.0	288	1.0	3	1.0	F100R_L2:0.000000:1;F100V_L1:0.000000:0;F89R2_L4:0.000000:0;F99V_L1:0.000000:1;F99V_L2:-0.600000:1	F100R_L2:-0.300000:2;F100V_L1:-0.200000:3;F89R2_L4:-0.200000:3;F99V_L1:-0.300000:2;F99V_L2:0.000000:2	f100:-0.300000:2;f89:-0.200000:3;f99:0.000000:1	1	1		NOT_EVALUATED_POSTSELECTED_JOINT	AS_CONTACT:effect=-0.200000,p=1.000000,worlds=2520;AS_CLEAR_GAP:effect=-0.150000,p=1.000000,worlds=7560	POSTSELECTED_COMBINATION;EDITION_ROBUSTNESS_NOT_EVALUATED	Postselected depth-2 exploratory combination.	402
CONTACT_GAP	2ff13ec9fdbc	CONTACT_VS_CLEAR_GAP	(FAMILY_PREFIX_1:A)_OR_(SYMBOL_COUNT_GE:6)	JOINT_DEPTH2		NO_SIGNAL	26	8	18	16	7	9	0.375	present=16	0.0666666666666667	3	0.11713005990833777	-0.14077865578279614	-7.998759650910368	2520	1.0	0.3333333333333333	1.0	1.0	288	1.0	3	1.0	F100R_L2:0.800000:1;F100V_L1:0.000000:0;F89R2_L4:0.000000:0;F99V_L1:0.000000:1;F99V_L2:-0.600000:1	F100R_L2:-0.300000:2;F100V_L1:0.066667:3;F89R2_L4:0.066667:3;F99V_L1:0.100000:2;F99V_L2:0.400000:2	f100:-0.300000:2;f89:0.066667:3;f99:0.800000:1	0	0		NOT_EVALUATED_POSTSELECTED_JOINT	AS_CONTACT:effect=0.066667,p=1.000000,worlds=2520;AS_CLEAR_GAP:effect=0.050000,p=1.000000,worlds=7560	POSTSELECTED_COMBINATION;EDITION_ROBUSTNESS_NOT_EVALUATED	Postselected depth-2 exploratory combination.	403
CONTACT_GAP	02c5d2424f4a	CONTACT_VS_CLEAR_GAP	(FAMILY_PREFIX_1:K)_OR_(FAMILY_PREFIX_2:AC)	JOINT_DEPTH2		NO_SIGNAL	26	8	18	5	1	4	-0.09722222222222221	present=5	0.11666666666666668	3	0.12669352435014145	-0.4627067506701614	-8.320687745797734	2520	1.0	0.4444444444444444	1.0	1.0	288	1.0	3	1.0	F100R_L2:0.800000:1;F100V_L1:0.000000:0;F89R2_L4:0.000000:0;F99V_L1:-0.250000:1;F99V_L2:-0.200000:1	F100R_L2:-0.225000:2;F100V_L1:0.116667:3;F89R2_L4:0.116667:3;F99V_L1:0.300000:2;F99V_L2:0.275000:2	f100:-0.225000:2;f89:0.116667:3;f99:0.800000:1	0	0		NOT_EVALUATED_POSTSELECTED_JOINT	AS_CONTACT:effect=0.116667,p=1.000000,worlds=2520;AS_CLEAR_GAP:effect=0.087500,p=1.000000,worlds=7560	ONE_POSITIVE_FOLIO;POSTSELECTED_COMBINATION;EDITION_ROBUSTNESS_NOT_EVALUATED;POSSIBLE_LENGTH_CONFOUND	Postselected depth-2 exploratory combination.	404
CONTACT_GAP	93a589b8ad7c	CONTACT_VS_CLEAR_GAP	(FAMILY_PREFIX_1:K)_OR_(FAMILY_SUFFIX_1:B)	JOINT_DEPTH2		NO_SIGNAL	26	8	18	7	2	5	-0.02777777777777779	present=7	0.11666666666666665	3	0.08648654136488063	-1.4220647661728165	-9.28004576130039	2520	1.0	1.0	1.0	1.0	288	1.0	3	1.0	F100R_L2:0.600000:1;F100V_L1:0.000000:0;F89R2_L4:0.000000:0;F99V_L1:-0.250000:1;F99V_L2:0.000000:1	F100R_L2:-0.125000:2;F100V_L1:0.116667:3;F89R2_L4:0.116667:3;F99V_L1:0.300000:2;F99V_L2:0.175000:2	f100:-0.125000:2;f89:0.116667:3;f99:0.600000:1	0	0		NOT_EVALUATED_POSTSELECTED_JOINT	AS_CONTACT:effect=0.116667,p=1.000000,worlds=2520;AS_CLEAR_GAP:effect=-0.037500,p=1.000000,worlds=7560	POSTSELECTED_COMBINATION;EDITION_ROBUSTNESS_NOT_EVALUATED;POSSIBLE_LENGTH_CONFOUND	Postselected depth-2 exploratory combination.	405
CONTACT_GAP	48d0a806b46a	CONTACT_VS_CLEAR_GAP	(FAMILY_PREFIX_1:K)_OR_(FAMILY_SUFFIX_2:AB)	JOINT_DEPTH2		NO_SIGNAL	26	8	18	6	2	4	0.02777777777777779	present=6	0.11666666666666665	3	0.08648654136488063	-1.2700616727277705	-9.128042667855343	2520	1.0	1.0	1.0	1.0	288	1.0	3	1.0	F100R_L2:0.600000:1;F100V_L1:0.000000:0;F89R2_L4:0.000000:0;F99V_L1:-0.250000:1;F99V_L2:0.000000:1	F100R_L2:-0.125000:2;F100V_L1:0.116667:3;F89R2_L4:0.116667:3;F99V_L1:0.300000:2;F99V_L2:0.175000:2	f100:-0.125000:2;f89:0.116667:3;f99:0.600000:1	0	0		NOT_EVALUATED_POSTSELECTED_JOINT	AS_CONTACT:effect=0.116667,p=1.000000,worlds=2520;AS_CLEAR_GAP:effect=0.212500,p=0.500000,worlds=7560	POSTSELECTED_COMBINATION;EDITION_ROBUSTNESS_NOT_EVALUATED;POSSIBLE_LENGTH_CONFOUND	Postselected depth-2 exploratory combination.	406
CONTACT_GAP	b49047247ee2	CONTACT_VS_CLEAR_GAP	(FAMILY_PREFIX_2:AC)_OR_(MEMBER_TOKEN_ZL3b:A2)	JOINT_DEPTH2		NO_SIGNAL	26	8	18	15	6	9	0.25	present=15	0.06666666666666665	3	0.0692411176838558	-1.948133577840398	-9.80611457296797	2520	1.0	1.0	1.0	1.0	288	1.0	3	0.3333333333333333	F100R_L2:-0.400000:1;F100V_L1:0.000000:0;F89R2_L4:0.000000:0;F99V_L1:0.000000:1;F99V_L2:0.600000:1	F100R_L2:0.300000:2;F100V_L1:0.066667:3;F89R2_L4:0.066667:3;F99V_L1:0.100000:2;F99V_L2:-0.200000:2	f100:0.300000:2;f89:0.066667:3;f99:-0.400000:1	0	0		NOT_EVALUATED_POSTSELECTED_JOINT	AS_CONTACT:effect=0.066667,p=1.000000,worlds=2520;AS_CLEAR_GAP:effect=-0.075000,p=0.888889,worlds=7560	POSTSELECTED_COMBINATION;EDITION_ROBUSTNESS_NOT_EVALUATED	Postselected depth-2 exploratory combination.	407
CONTACT_GAP	c5ad921c2315	CONTACT_VS_CLEAR_GAP	(FAMILY_PREFIX_3:CAC)_OR_(FAMILY_PREFIX_2:AC)	JOINT_DEPTH2		NO_SIGNAL	26	8	18	5	1	4	-0.09722222222222221	present=5	0.05000000000000001	3	0.14071383114245992	0.44418384493836527	-7.413797150189207	2520	1.0	0.5555555555555556	1.0	1.0	288	1.0	3	0.3333333333333333	F100R_L2:-0.400000:1;F100V_L1:0.000000:0;F89R2_L4:0.000000:0;F99V_L1:-0.250000:1;F99V_L2:0.800000:1	F100R_L2:0.275000:2;F100V_L1:0.050000:3;F89R2_L4:0.050000:3;F99V_L1:0.200000:2;F99V_L2:-0.325000:2	f100:0.275000:2;f89:0.050000:3;f99:-0.400000:1	0	0		NOT_EVALUATED_POSTSELECTED_JOINT	AS_CONTACT:effect=0.050000,p=1.000000,worlds=2520;AS_CLEAR_GAP:effect=0.037500,p=1.000000,worlds=7560	ONE_POSITIVE_FOLIO;POSTSELECTED_COMBINATION;EDITION_ROBUSTNESS_NOT_EVALUATED	Postselected depth-2 exploratory combination.	408
CONTACT_GAP	6fed396a0040	CONTACT_VS_CLEAR_GAP	(FAMILY_SUFFIX_1:B)_AND_(SYMBOL_COUNT_GE:5)	JOINT_DEPTH2		NO_SIGNAL	26	8	18	4	1	3	-0.04166666666666666	present=4	-0.13333333333333333	3	0.025193155078984383	-1.8777442499490036	-9.735725245076576	2520	1.0	1.0	1.0	1.0	288	1.0	3	1.0	F100R_L2:-0.400000:1;F100V_L1:0.000000:0;F89R2_L4:0.000000:0;F99V_L1:0.000000:1;F99V_L2:0.000000:1	F100R_L2:0.000000:2;F100V_L1:-0.133333:3;F89R2_L4:-0.133333:3;F99V_L1:-0.200000:2;F99V_L2:-0.200000:2	f100:0.000000:2;f89:-0.133333:3;f99:-0.400000:1	1	1		NOT_EVALUATED_POSTSELECTED_JOINT	AS_CONTACT:effect=-0.133333,p=1.000000,worlds=2520;AS_CLEAR_GAP:effect=-0.225000,p=0.555556,worlds=7560	ONE_POSITIVE_FOLIO;POSTSELECTED_COMBINATION;EDITION_ROBUSTNESS_NOT_EVALUATED;POSSIBLE_LENGTH_CONFOUND	Postselected depth-2 exploratory combination.	409
CONTACT_GAP	87f2b13b91c9	CONTACT_VS_CLEAR_GAP	(FAMILY_SUFFIX_1:B)_OR_(FAMILY_SUFFIX_3:ACA)	JOINT_DEPTH2		NO_SIGNAL	26	8	18	10	3	7	-0.013888888888888895	present=10	0.0	3	0.08809592520974284	-2.3404510006191686	-10.198431995746741	2520	1.0	1.0	1.0	1.0	288	1.0	3	0.3333333333333333	F100R_L2:-0.600000:1;F100V_L1:0.000000:0;F89R2_L4:0.000000:0;F99V_L1:0.000000:1;F99V_L2:0.600000:1	F100R_L2:0.300000:2;F100V_L1:0.000000:3;F89R2_L4:0.000000:3;F99V_L1:0.000000:2;F99V_L2:-0.300000:2	f100:0.300000:2;f89:0.000000:3;f99:-0.600000:1	0	0		NOT_EVALUATED_POSTSELECTED_JOINT	AS_CONTACT:effect=0.000000,p=1.000000,worlds=2520;AS_CLEAR_GAP:effect=-0.125000,p=0.827381,worlds=7560	POSTSELECTED_COMBINATION;EDITION_ROBUSTNESS_NOT_EVALUATED	Postselected depth-2 exploratory combination.	410
CONTACT_GAP	9b2c236f2053	CONTACT_VS_CLEAR_GAP	(FAMILY_SUFFIX_1:B)_OR_(MEMBER_TOKEN_ZL3b:A2)	JOINT_DEPTH2		NO_SIGNAL	26	8	18	18	7	11	0.26388888888888884	present=18	0.0	3	0.08809592520974283	-1.1001366712854477	-8.95811766641302	2520	1.0	1.0	1.0	1.0	288	1.0	3	0.3333333333333333	F100R_L2:-0.600000:1;F100V_L1:0.000000:0;F89R2_L4:0.000000:0;F99V_L1:0.000000:1;F99V_L2:0.600000:1	F100R_L2:0.300000:2;F100V_L1:0.000000:3;F89R2_L4:0.000000:3;F99V_L1:0.000000:2;F99V_L2:-0.300000:2	f100:0.300000:2;f89:0.000000:3;f99:-0.600000:1	0	0		NOT_EVALUATED_POSTSELECTED_JOINT	AS_CONTACT:effect=0.000000,p=1.000000,worlds=2520;AS_CLEAR_GAP:effect=0.000000,p=1.000000,worlds=7560	POSTSELECTED_COMBINATION;EDITION_ROBUSTNESS_NOT_EVALUATED	Postselected depth-2 exploratory combination.	411
CONTACT_GAP	0a1b00ad18f4	CONTACT_VS_CLEAR_GAP	(FAMILY_SUFFIX_1:B)_OR_(SYMBOL_COUNT_GE:5)	JOINT_DEPTH2		NO_SIGNAL	26	8	18	20	7	13	0.1527777777777778	present=20	-0.033333333333333326	3	0.13982584705383538	0.385290155884789	-7.472690839242783	2520	1.0	0.42857142857142855	1.0	1.0	288	1.0	3	1.0	F100R_L2:0.000000:1;F100V_L1:0.000000:0;F89R2_L4:0.000000:0;F99V_L1:0.500000:1;F99V_L2:-0.600000:1	F100R_L2:-0.050000:2;F100V_L1:-0.033333:3;F89R2_L4:-0.033333:3;F99V_L1:-0.300000:2;F99V_L2:0.250000:2	f100:-0.050000:2;f89:-0.033333:3;f99:0.000000:1	0	1		NOT_EVALUATED_POSTSELECTED_JOINT	AS_CONTACT:effect=-0.033333,p=1.000000,worlds=2520;AS_CLEAR_GAP:effect=-0.025000,p=1.000000,worlds=7560	POSTSELECTED_COMBINATION;EDITION_ROBUSTNESS_NOT_EVALUATED	Postselected depth-2 exploratory combination.	412
CONTACT_GAP	81d73d8ac5d5	CONTACT_VS_CLEAR_GAP	(FAMILY_SUFFIX_2:AB)_AND_(SYMBOL_COUNT_GE:5)	JOINT_DEPTH2		NO_SIGNAL	26	8	18	3	1	2	0.013888888888888895	present=3	-0.13333333333333333	3	0.025193155078984383	-1.070389327891391	-8.928370323018964	2520	1.0	1.0	1.0	1.0	288	1.0	3	1.0	F100R_L2:-0.400000:1;F100V_L1:0.000000:0;F89R2_L4:0.000000:0;F99V_L1:0.000000:1;F99V_L2:0.000000:1	F100R_L2:0.000000:2;F100V_L1:-0.133333:3;F89R2_L4:-0.133333:3;F99V_L1:-0.200000:2;F99V_L2:-0.200000:2	f100:0.000000:2;f89:-0.133333:3;f99:-0.400000:1	1	1		NOT_EVALUATED_POSTSELECTED_JOINT	AS_CONTACT:effect=-0.133333,p=1.000000,worlds=2520;AS_CLEAR_GAP:effect=0.025000,p=1.000000,worlds=7560	ONE_POSITIVE_FOLIO;POSTSELECTED_COMBINATION;EDITION_ROBUSTNESS_NOT_EVALUATED;POSSIBLE_LENGTH_CONFOUND	Postselected depth-2 exploratory combination.	413
CONTACT_GAP	146af2f9409a	CONTACT_VS_CLEAR_GAP	(FAMILY_SUFFIX_2:AB)_OR_(FAMILY_SUFFIX_3:ACA)	JOINT_DEPTH2		NO_SIGNAL	26	8	18	9	3	6	0.041666666666666685	present=9	0.0	3	0.08809592520974284	-1.5330960785615595	-9.391077073689132	2520	1.0	1.0	1.0	1.0	288	1.0	3	0.3333333333333333	F100R_L2:-0.600000:1;F100V_L1:0.000000:0;F89R2_L4:0.000000:0;F99V_L1:0.000000:1;F99V_L2:0.600000:1	F100R_L2:0.300000:2;F100V_L1:0.000000:3;F89R2_L4:0.000000:3;F99V_L1:0.000000:2;F99V_L2:-0.300000:2	f100:0.300000:2;f89:0.000000:3;f99:-0.600000:1	0	0		NOT_EVALUATED_POSTSELECTED_JOINT	AS_CONTACT:effect=0.000000,p=1.000000,worlds=2520;AS_CLEAR_GAP:effect=0.125000,p=0.827381,worlds=7560	POSTSELECTED_COMBINATION;EDITION_ROBUSTNESS_NOT_EVALUATED	Postselected depth-2 exploratory combination.	414
CONTACT_GAP	f5674a0d91b6	CONTACT_VS_CLEAR_GAP	(FAMILY_SUFFIX_2:AB)_OR_(MEMBER_TOKEN_ZL3b:A2)	JOINT_DEPTH2		NO_SIGNAL	26	8	18	17	7	10	0.3194444444444444	present=17	0.0	3	0.08809592520974283	-0.9481335778404016	-8.806114572967974	2520	1.0	1.0	1.0	1.0	288	1.0	3	0.3333333333333333	F100R_L2:-0.600000:1;F100V_L1:0.000000:0;F89R2_L4:0.000000:0;F99V_L1:0.000000:1;F99V_L2:0.600000:1	F100R_L2:0.300000:2;F100V_L1:0.000000:3;F89R2_L4:0.000000:3;F99V_L1:0.000000:2;F99V_L2:-0.300000:2	f100:0.300000:2;f89:0.000000:3;f99:-0.600000:1	0	0		NOT_EVALUATED_POSTSELECTED_JOINT	AS_CONTACT:effect=0.000000,p=1.000000,worlds=2520;AS_CLEAR_GAP:effect=0.000000,p=1.000000,worlds=7560	POSTSELECTED_COMBINATION;EDITION_ROBUSTNESS_NOT_EVALUATED	Postselected depth-2 exploratory combination.	415
CONTACT_GAP	0f30a957ceeb	CONTACT_VS_CLEAR_GAP	(FAMILY_SUFFIX_3:ACA)_AND_(SYMBOL_COUNT_GE:5)	JOINT_DEPTH2		NO_SIGNAL	26	8	18	4	1	3	-0.04166666666666666	present=4	-0.11666666666666668	3	0.07880458212565948	-0.877744249949	-8.735725245076573	2520	1.0	1.0	1.0	1.0	288	1.0	3	1.0	F100R_L2:-0.200000:1;F100V_L1:0.000000:0;F89R2_L4:0.000000:0;F99V_L1:0.250000:1;F99V_L2:-0.400000:1	F100R_L2:-0.075000:2;F100V_L1:-0.116667:3;F89R2_L4:-0.116667:3;F99V_L1:-0.300000:2;F99V_L2:0.025000:2	f100:-0.075000:2;f89:-0.116667:3;f99:-0.200000:1	0	1		NOT_EVALUATED_POSTSELECTED_JOINT	AS_CONTACT:effect=-0.116667,p=1.000000,worlds=2520;AS_CLEAR_GAP:effect=-0.087500,p=1.000000,worlds=7560	ONE_POSITIVE_FOLIO;POSTSELECTED_COMBINATION;EDITION_ROBUSTNESS_NOT_EVALUATED;POSSIBLE_LENGTH_CONFOUND	Postselected depth-2 exploratory combination.	416
CONTACT_GAP	02e096f08901	CONTACT_VS_CLEAR_GAP	(MEMBER_TOKEN_IT2a:A1)_AND_(FAMILY_SUFFIX_3:ACA)	JOINT_DEPTH2		NO_SIGNAL	26	8	18	4	1	3	-0.04166666666666666	present=4	0.13333333333333333	3	0.05522081089153731	-0.6553518286125524	-8.513332823740125	2520	1.0	1.0	1.0	1.0	288	1.0	3	0.3333333333333333	F100R_L2:-0.200000:1;F100V_L1:0.000000:0;F89R2_L4:0.000000:0;F99V_L1:0.000000:1;F99V_L2:0.600000:1	F100R_L2:0.300000:2;F100V_L1:0.133333:3;F89R2_L4:0.133333:3;F99V_L1:0.200000:2;F99V_L2:-0.100000:2	f100:0.300000:2;f89:0.133333:3;f99:-0.200000:1	0	0		NOT_EVALUATED_POSTSELECTED_JOINT	AS_CONTACT:effect=0.133333,p=1.000000,worlds=2520;AS_CLEAR_GAP:effect=0.100000,p=1.000000,worlds=7560	ONE_POSITIVE_FOLIO;POSTSELECTED_COMBINATION;EDITION_ROBUSTNESS_NOT_EVALUATED	Postselected depth-2 exploratory combination.	417
CONTACT_GAP	c96ad858dac4	CONTACT_VS_CLEAR_GAP	(MEMBER_TOKEN_RF1b:A3)_OR_(MEMBER_TOKEN_ZL3b:A2)	JOINT_DEPTH2		NO_SIGNAL	26	8	18	23	8	15	0.16666666666666663	present=23	0.0	3	0.0	-0.8073549220576055	-8.665335917185178	2520	1.0	1.0	1.0	1.0	288	1.0	3	1.0	F100R_L2:0.000000:1;F100V_L1:0.000000:0;F89R2_L4:0.000000:0;F99V_L1:0.000000:1;F99V_L2:0.000000:1	F100R_L2:0.000000:2;F100V_L1:0.000000:3;F89R2_L4:0.000000:3;F99V_L1:0.000000:2;F99V_L2:0.000000:2	f100:0.000000:2;f89:0.000000:3;f99:0.000000:1	1	1		NOT_EVALUATED_POSTSELECTED_JOINT	AS_CONTACT:effect=0.000000,p=1.000000,worlds=2520;AS_CLEAR_GAP:effect=0.000000,p=1.000000,worlds=7560	POSTSELECTED_COMBINATION;EDITION_ROBUSTNESS_NOT_EVALUATED	Postselected depth-2 exploratory combination.	418
CONTACT_GAP	62e316fbd66c	CONTACT_VS_CLEAR_GAP	(MEMBER_TOKEN_RF1b:A3)_OR_(MEMBER_TOKEN_ZL3b:B1)	JOINT_DEPTH2		NO_SIGNAL	26	8	18	20	7	13	0.1527777777777778	present=20	0.06666666666666665	3	0.011172848286665897	-2.1996723448363724	-10.057653339963945	2520	1.0	1.0	1.0	1.0	288	1.0	3	1.0	F100R_L2:0.200000:1;F100V_L1:0.000000:0;F89R2_L4:0.000000:0;F99V_L1:0.000000:1;F99V_L2:0.000000:1	F100R_L2:0.000000:2;F100V_L1:0.066667:3;F89R2_L4:0.066667:3;F99V_L1:0.100000:2;F99V_L2:0.100000:2	f100:0.000000:2;f89:0.066667:3;f99:0.200000:1	1	1		NOT_EVALUATED_POSTSELECTED_JOINT	AS_CONTACT:effect=0.066667,p=1.000000,worlds=2520;AS_CLEAR_GAP:effect=0.050000,p=1.000000,worlds=7560	POSTSELECTED_COMBINATION;EDITION_ROBUSTNESS_NOT_EVALUATED	Postselected depth-2 exploratory combination.	419
CONTACT_GAP	9bb84ba080fa	CONTACT_VS_CLEAR_GAP	(MEMBER_TOKEN_ZL3b:A1)_AND_(FAMILY_2GRAM:KA)	JOINT_DEPTH2		NO_SIGNAL	26	8	18	3	1	2	0.013888888888888895	present=3	0.08333333333333333	3	0.0424385787600092	-0.766712937560257	-8.62469393268783	2520	1.0	1.0	1.0	1.0	288	1.0	3	1.0	F100R_L2:0.000000:1;F100V_L1:0.000000:0;F89R2_L4:0.000000:0;F99V_L1:0.250000:1;F99V_L2:0.000000:1	F100R_L2:0.125000:2;F100V_L1:0.083333:3;F89R2_L4:0.083333:3;F99V_L1:0.000000:2;F99V_L2:0.125000:2	f100:0.125000:2;f89:0.083333:3;f99:0.000000:1	1	1		NOT_EVALUATED_POSTSELECTED_JOINT	AS_CONTACT:effect=0.083333,p=1.000000,worlds=2520;AS_CLEAR_GAP:effect=0.062500,p=1.000000,worlds=7560	ONE_POSITIVE_FOLIO;POSTSELECTED_COMBINATION;EDITION_ROBUSTNESS_NOT_EVALUATED;POSSIBLE_LENGTH_CONFOUND	Postselected depth-2 exploratory combination.	420
CONTACT_GAP	a885dea959fc	CONTACT_VS_CLEAR_GAP	(MEMBER_TOKEN_ZL3b:A1)_AND_(FAMILY_SUFFIX_3:ACA)	JOINT_DEPTH2		NO_SIGNAL	26	8	18	3	0	3	-0.16666666666666666	present=3	-0.20000000000000004	3	0.03636600336565028	-1.0703893278913945	-8.928370323018967	2520	1.0	1.0	1.0	1.0	288	1.0	3	1.0	F100R_L2:-0.200000:1;F100V_L1:0.000000:0;F89R2_L4:0.000000:0;F99V_L1:0.000000:1;F99V_L2:-0.400000:1	F100R_L2:-0.200000:2;F100V_L1:-0.200000:3;F89R2_L4:-0.200000:3;F99V_L1:-0.300000:2;F99V_L2:-0.100000:2	f100:-0.200000:2;f89:-0.200000:3;f99:-0.200000:1	1	1		NOT_EVALUATED_POSTSELECTED_JOINT	AS_CONTACT:effect=-0.200000,p=1.000000,worlds=2520;AS_CLEAR_GAP:effect=-0.150000,p=1.000000,worlds=7560	ONE_POSITIVE_FOLIO;POSTSELECTED_COMBINATION;EDITION_ROBUSTNESS_NOT_EVALUATED;ZERO_POSITIVE_SUPPORT;POSSIBLE_LENGTH_CONFOUND	Postselected depth-2 exploratory combination.	421
CONTACT_GAP	d68e537933de	CONTACT_VS_CLEAR_GAP	(MEMBER_TOKEN_ZL3b:B1)_AND_(MEMBER_TOKEN_ZL3b:A2)	JOINT_DEPTH2		NO_SIGNAL	26	8	18	3	1	2	0.013888888888888895	present=3	-0.08333333333333333	3	0.01501382790627646	-0.544320516223813	-8.402301511351386	2520	1.0	1.0	1.0	1.0	288	1.0	3	1.0	F100R_L2:0.000000:1;F100V_L1:0.000000:0;F89R2_L4:0.000000:0;F99V_L1:-0.250000:1;F99V_L2:0.000000:1	F100R_L2:-0.125000:2;F100V_L1:-0.083333:3;F89R2_L4:-0.083333:3;F99V_L1:0.000000:2;F99V_L2:-0.125000:2	f100:-0.125000:2;f89:-0.083333:3;f99:0.000000:1	1	1		NOT_EVALUATED_POSTSELECTED_JOINT	AS_CONTACT:effect=-0.083333,p=1.000000,worlds=2520;AS_CLEAR_GAP:effect=-0.062500,p=1.000000,worlds=7560	ONE_POSITIVE_FOLIO;POSTSELECTED_COMBINATION;EDITION_ROBUSTNESS_NOT_EVALUATED;POSSIBLE_LENGTH_CONFOUND	Postselected depth-2 exploratory combination.	422
CONTACT_GAP	4cd90a136bb9	CONTACT_VS_CLEAR_GAP	(MEMBER_TOKEN_ZL3b:B1)_AND_(SYMBOL_COUNT_GE:5)	JOINT_DEPTH2		NO_SIGNAL	26	8	18	4	1	3	-0.04166666666666666	present=4	-0.06666666666666667	3	0.011172848286665897	-2.1996723448363724	-10.057653339963945	2520	1.0	1.0	1.0	1.0	288	1.0	3	1.0	F100R_L2:-0.200000:1;F100V_L1:0.000000:0;F89R2_L4:0.000000:0;F99V_L1:0.000000:1;F99V_L2:0.000000:1	F100R_L2:0.000000:2;F100V_L1:-0.066667:3;F89R2_L4:-0.066667:3;F99V_L1:-0.100000:2;F99V_L2:-0.100000:2	f100:0.000000:2;f89:-0.066667:3;f99:-0.200000:1	1	1		NOT_EVALUATED_POSTSELECTED_JOINT	AS_CONTACT:effect=-0.066667,p=1.000000,worlds=2520;AS_CLEAR_GAP:effect=-0.050000,p=1.000000,worlds=7560	ONE_POSITIVE_FOLIO;POSTSELECTED_COMBINATION;EDITION_ROBUSTNESS_NOT_EVALUATED;POSSIBLE_LENGTH_CONFOUND	Postselected depth-2 exploratory combination.	423
CONTACT_GAP	02fdd9a5df08	CONTACT_VS_CLEAR_GAP	(MEMBER_TOKEN_ZL3b:B1)_OR_(FAMILY_SUFFIX_3:ACA)	JOINT_DEPTH2		NO_SIGNAL	26	8	18	10	2	8	-0.19444444444444442	present=10	-0.08333333333333333	3	0.06540013806424523	-2.322529092621899	-10.180510087749472	2520	1.0	1.0	1.0	1.0	288	1.0	3	1.0	F100R_L2:-0.400000:1;F100V_L1:0.000000:0;F89R2_L4:0.000000:0;F99V_L1:-0.250000:1;F99V_L2:0.400000:1	F100R_L2:0.075000:2;F100V_L1:-0.083333:3;F89R2_L4:-0.083333:3;F99V_L1:0.000000:2;F99V_L2:-0.325000:2	f100:0.075000:2;f89:-0.083333:3;f99:-0.400000:1	0	0		NOT_EVALUATED_POSTSELECTED_JOINT	AS_CONTACT:effect=-0.083333,p=1.000000,worlds=2520;AS_CLEAR_GAP:effect=-0.062500,p=1.000000,worlds=7560	ONE_POSITIVE_FOLIO;POSTSELECTED_COMBINATION;EDITION_ROBUSTNESS_NOT_EVALUATED	Postselected depth-2 exploratory combination.	424
CONTACT_GAP	12e2901f2d93	CONTACT_VS_CLEAR_GAP	(MEMBER_TOKEN_ZL3b:B1)_OR_(MEMBER_TOKEN_ZL3b:A2)	JOINT_DEPTH2		NO_SIGNAL	26	8	18	16	6	10	0.19444444444444442	present=16	0.08333333333333333	3	0.09282488891797797	-2.3225290926218953	-10.180510087749468	2520	1.0	1.0	1.0	1.0	288	1.0	3	1.0	F100R_L2:-0.400000:1;F100V_L1:0.000000:0;F89R2_L4:0.000000:0;F99V_L1:0.250000:1;F99V_L2:0.400000:1	F100R_L2:0.325000:2;F100V_L1:0.083333:3;F89R2_L4:0.083333:3;F99V_L1:0.000000:2;F99V_L2:-0.075000:2	f100:0.325000:2;f89:0.083333:3;f99:-0.400000:1	0	0		NOT_EVALUATED_POSTSELECTED_JOINT	AS_CONTACT:effect=0.083333,p=1.000000,worlds=2520;AS_CLEAR_GAP:effect=-0.062500,p=0.962963,worlds=7560	POSTSELECTED_COMBINATION;EDITION_ROBUSTNESS_NOT_EVALUATED	Postselected depth-2 exploratory combination.	425
CONTACT_GAP	344e64626295	CONTACT_VS_CLEAR_GAP	(MEMBER_TOKEN_ZL3b:B2)_AND_(FAMILY_SUFFIX_1:B)	JOINT_DEPTH2		NO_SIGNAL	26	8	18	3	1	2	0.013888888888888895	present=3	-0.08333333333333333	3	0.0424385787600092	-1.1996723448363724	-9.057653339963945	2520	1.0	1.0	1.0	1.0	288	1.0	3	1.0	F100R_L2:0.000000:1;F100V_L1:0.000000:0;F89R2_L4:0.000000:0;F99V_L1:-0.250000:1;F99V_L2:0.000000:1	F100R_L2:-0.125000:2;F100V_L1:-0.083333:3;F89R2_L4:-0.083333:3;F99V_L1:0.000000:2;F99V_L2:-0.125000:2	f100:-0.125000:2;f89:-0.083333:3;f99:0.000000:1	1	1		NOT_EVALUATED_POSTSELECTED_JOINT	AS_CONTACT:effect=-0.083333,p=1.000000,worlds=2520;AS_CLEAR_GAP:effect=0.062500,p=1.000000,worlds=7560	ONE_POSITIVE_FOLIO;POSTSELECTED_COMBINATION;EDITION_ROBUSTNESS_NOT_EVALUATED;POSSIBLE_LENGTH_CONFOUND	Postselected depth-2 exploratory combination.	426
CONTACT_GAP	49f2aac4cbd9	CONTACT_VS_CLEAR_GAP	(MEMBER_TOKEN_ZL3b:B2)_OR_(MEMBER_TOKEN_RF1b:A3)	JOINT_DEPTH2		NO_SIGNAL	26	8	18	23	7	16	-0.01388888888888884	present=23	-0.01666666666666668	3	0.0536114270466751	-1.1996723448363724	-9.057653339963945	2520	1.0	1.0	1.0	1.0	288	1.0	3	1.0	F100R_L2:0.200000:1;F100V_L1:0.000000:0;F89R2_L4:0.000000:0;F99V_L1:-0.250000:1;F99V_L2:0.000000:1	F100R_L2:-0.125000:2;F100V_L1:-0.016667:3;F89R2_L4:-0.016667:3;F99V_L1:0.100000:2;F99V_L2:-0.025000:2	f100:-0.125000:2;f89:-0.016667:3;f99:0.200000:1	0	0		NOT_EVALUATED_POSTSELECTED_JOINT	AS_CONTACT:effect=-0.016667,p=1.000000,worlds=2520;AS_CLEAR_GAP:effect=-0.012500,p=1.000000,worlds=7560	POSTSELECTED_COMBINATION;EDITION_ROBUSTNESS_NOT_EVALUATED	Postselected depth-2 exploratory combination.	427
CONTACT_GAP	cbcb0f030506	CONTACT_VS_CLEAR_GAP	(MEMBER_TOKEN_ZL3b:B2)_OR_(SYMBOL_COUNT_GE:5)	JOINT_DEPTH2		NO_SIGNAL	26	8	18	23	7	16	-0.01388888888888884	present=23	-0.19999999999999998	3	0.04404796260487141	-0.07038932789139452	-7.928370323018966	2520	1.0	1.0	1.0	1.0	288	1.0	3	1.0	F100R_L2:0.000000:1;F100V_L1:0.000000:0;F89R2_L4:0.000000:0;F99V_L1:0.000000:1;F99V_L2:-0.600000:1	F100R_L2:-0.300000:2;F100V_L1:-0.200000:3;F89R2_L4:-0.200000:3;F99V_L1:-0.300000:2;F99V_L2:0.000000:2	f100:-0.300000:2;f89:-0.200000:3;f99:0.000000:1	1	1		NOT_EVALUATED_POSTSELECTED_JOINT	AS_CONTACT:effect=-0.200000,p=1.000000,worlds=2520;AS_CLEAR_GAP:effect=-0.150000,p=1.000000,worlds=7560	POSTSELECTED_COMBINATION;EDITION_ROBUSTNESS_NOT_EVALUATED	Postselected depth-2 exploratory combination.	428
CONTACT_GAP	222294540812	CONTACT_VS_CLEAR_GAP	(SYMBOL_COUNT_GE:5)_OR_(FAMILY_2GRAM:BC)	JOINT_DEPTH2		NO_SIGNAL	26	8	18	21	7	14	0.09722222222222221	present=21	-0.033333333333333326	3	0.13982584705383538	1.1926450779423945	-6.665335917185177	2520	1.0	0.42857142857142855	1.0	1.0	288	1.0	3	1.0	F100R_L2:0.000000:1;F100V_L1:0.000000:0;F89R2_L4:0.000000:0;F99V_L1:0.500000:1;F99V_L2:-0.600000:1	F100R_L2:-0.050000:2;F100V_L1:-0.033333:3;F89R2_L4:-0.033333:3;F99V_L1:-0.300000:2;F99V_L2:0.250000:2	f100:-0.050000:2;f89:-0.033333:3;f99:0.000000:1	0	1		NOT_EVALUATED_POSTSELECTED_JOINT	AS_CONTACT:effect=-0.033333,p=1.000000,worlds=2520;AS_CLEAR_GAP:effect=-0.025000,p=1.000000,worlds=7560	POSTSELECTED_COMBINATION;EDITION_ROBUSTNESS_NOT_EVALUATED	Postselected depth-2 exploratory combination.	429
CONTACT_GAP	e51cf4596189	CONTACT_VS_CLEAR_GAP	(SYMBOL_COUNT_GE:6)_AND_(FAMILY_SUFFIX_3:ACA)	JOINT_DEPTH2		NO_SIGNAL	26	8	18	2	1	1	0.06944444444444445	present=2	0.016666666666666663	3	0.0536114270466751	-0.39231742277876336	-8.250298417906336	2520	1.0	1.0	1.0	1.0	288	1.0	3	1.0	F100R_L2:0.000000:1;F100V_L1:0.000000:0;F89R2_L4:0.000000:0;F99V_L1:0.250000:1;F99V_L2:-0.200000:1	F100R_L2:0.025000:2;F100V_L1:0.016667:3;F89R2_L4:0.016667:3;F99V_L1:-0.100000:2;F99V_L2:0.125000:2	f100:0.025000:2;f89:0.016667:3;f99:0.000000:1	0	1		NOT_EVALUATED_POSTSELECTED_JOINT	AS_CONTACT:effect=0.016667,p=1.000000,worlds=2520;AS_CLEAR_GAP:effect=0.012500,p=1.000000,worlds=7560	ONE_POSITIVE_FOLIO;POSTSELECTED_COMBINATION;EDITION_ROBUSTNESS_NOT_EVALUATED;POSSIBLE_LENGTH_CONFOUND	Postselected depth-2 exploratory combination.	430
CONTACT_GAP	7487796659b0	CONTACT_VS_CLEAR_GAP	(SYMBOL_COUNT_GE:6)_AND_(MEMBER_TOKEN_ZL3b:A2)	JOINT_DEPTH2		NO_SIGNAL	26	8	18	5	3	2	0.2638888888888889	present=5	0.016666666666666663	3	0.026186676192942356	-1.7142455176661286	-9.572226512793701	2520	1.0	1.0	1.0	1.0	288	1.0	3	1.0	F100R_L2:0.000000:1;F100V_L1:0.000000:0;F89R2_L4:0.000000:0;F99V_L1:0.250000:1;F99V_L2:-0.200000:1	F100R_L2:0.025000:2;F100V_L1:0.016667:3;F89R2_L4:0.016667:3;F99V_L1:-0.100000:2;F99V_L2:0.125000:2	f100:0.025000:2;f89:0.016667:3;f99:0.000000:1	0	1		NOT_EVALUATED_POSTSELECTED_JOINT	AS_CONTACT:effect=0.016667,p=1.000000,worlds=2520;AS_CLEAR_GAP:effect=-0.112500,p=0.884921,worlds=7560	POSTSELECTED_COMBINATION;EDITION_ROBUSTNESS_NOT_EVALUATED;POSSIBLE_LENGTH_CONFOUND	Postselected depth-2 exploratory combination.	431
CONTACT_GAP	cb028d8b863d	CONTACT_VS_CLEAR_GAP	(SYMBOL_COUNT_GE:6)_AND_(MEMBER_TOKEN_ZL3b:B1)	JOINT_DEPTH2		NO_SIGNAL	26	8	18	2	1	1	0.06944444444444445	present=2	0.0	3	0.0	-0.8073549220576055	-8.665335917185178	2520	1.0	1.0	1.0	1.0	288	1.0	3	1.0	F100R_L2:0.000000:1;F100V_L1:0.000000:0;F89R2_L4:0.000000:0;F99V_L1:0.000000:1;F99V_L2:0.000000:1	F100R_L2:0.000000:2;F100V_L1:0.000000:3;F89R2_L4:0.000000:3;F99V_L1:0.000000:2;F99V_L2:0.000000:2	f100:0.000000:2;f89:0.000000:3;f99:0.000000:1	1	1		NOT_EVALUATED_POSTSELECTED_JOINT	AS_CONTACT:effect=0.000000,p=1.000000,worlds=2520;AS_CLEAR_GAP:effect=0.000000,p=1.000000,worlds=7560	ONE_POSITIVE_FOLIO;POSTSELECTED_COMBINATION;EDITION_ROBUSTNESS_NOT_EVALUATED;POSSIBLE_LENGTH_CONFOUND	Postselected depth-2 exploratory combination.	432
CONTACT_GAP	c61a2bf62d42	CONTACT_VS_CLEAR_GAP	(SYMBOL_COUNT_GE:6)_OR_(FAMILY_2GRAM:AB)	JOINT_DEPTH2		NO_SIGNAL	26	8	18	17	6	11	0.13888888888888884	present=17	-0.01666666666666668	3	0.11167969644386501	-1.1705259991768493	-9.028506994304422	2520	1.0	1.0	1.0	1.0	288	1.0	3	1.0	F100R_L2:0.600000:1;F100V_L1:0.000000:0;F89R2_L4:0.000000:0;F99V_L1:-0.250000:1;F99V_L2:-0.400000:1	F100R_L2:-0.325000:2;F100V_L1:-0.016667:3;F89R2_L4:-0.016667:3;F99V_L1:0.100000:2;F99V_L2:0.175000:2	f100:-0.325000:2;f89:-0.016667:3;f99:0.600000:1	0	0		NOT_EVALUATED_POSTSELECTED_JOINT	AS_CONTACT:effect=-0.016667,p=1.000000,worlds=2520;AS_CLEAR_GAP:effect=-0.012500,p=1.000000,worlds=7560	POSTSELECTED_COMBINATION;EDITION_ROBUSTNESS_NOT_EVALUATED	Postselected depth-2 exploratory combination.	433
CONTACT_GAP	3079e64f1712	CONTACT_VS_CLEAR_GAP	(SYMBOL_COUNT_GE:6)_OR_(MEMBER_TOKEN_IT2a:B2)	JOINT_DEPTH2		NO_SIGNAL	26	8	18	16	6	10	0.19444444444444442	present=16	0.05000000000000001	3	0.14071383114245992	-0.3631710771192438	-8.221152072246817	2520	1.0	0.5555555555555556	1.0	1.0	288	1.0	3	1.0	F100R_L2:0.800000:1;F100V_L1:0.000000:0;F89R2_L4:0.000000:0;F99V_L1:-0.250000:1;F99V_L2:-0.400000:1	F100R_L2:-0.325000:2;F100V_L1:0.050000:3;F89R2_L4:0.050000:3;F99V_L1:0.200000:2;F99V_L2:0.275000:2	f100:-0.325000:2;f89:0.050000:3;f99:0.800000:1	0	0		NOT_EVALUATED_POSTSELECTED_JOINT	AS_CONTACT:effect=0.050000,p=1.000000,worlds=2520;AS_CLEAR_GAP:effect=0.037500,p=1.000000,worlds=7560	POSTSELECTED_COMBINATION;EDITION_ROBUSTNESS_NOT_EVALUATED	Postselected depth-2 exploratory combination.	434
CONTACT_GAP	42611584b235	CONTACT_VS_CLEAR_GAP	EXACT_FAMILY:ACACA	EXACT_FAMILY	EXACT_FAMILY:ACACA	NO_SIGNAL	26	8	18	2	0	2	-0.1111111111111111	present=2	-0.13333333333333333	3	0.022345696573331793	-1.1699250014423122	-9.027905996569885	2520	1.0	1.0	1.0	1.0	288	1.0	3	1.0	F100R_L2:-0.200000:1;F100V_L1:0.000000:0;F89R2_L4:0.000000:0;F99V_L1:0.000000:1;F99V_L2:-0.200000:1	F100R_L2:-0.100000:2;F100V_L1:-0.133333:3;F89R2_L4:-0.133333:3;F99V_L1:-0.200000:2;F99V_L2:-0.100000:2	f100:-0.100000:2;f89:-0.133333:3;f99:-0.200000:1	1	1	1.0	ZL3b:-0.133333;IT2a:-0.133333;RF1b:-0.133333	AS_CONTACT:effect=-0.133333,p=1.000000,worlds=2520;AS_CLEAR_GAP:effect=-0.100000,p=1.000000,worlds=7560	ONE_POSITIVE_FOLIO;ZERO_POSITIVE_SUPPORT		435
CONTACT_GAP	19db67f208de	CONTACT_VS_CLEAR_GAP	FAMILY_1GRAM:J	FAMILY_COMPONENT	FAMILY_1GRAM:J;MEMBER_TOKEN_IT2a:J1;MEMBER_TOKEN_RF1b:J1	NO_SIGNAL	26	8	18	1	0	1	-0.05555555555555555	present=1	-0.06666666666666667	3	0.011172848286665897	-0.5849625007211543	-8.442943495848727	2520	1.0	1.0	1.0	1.0	288	1.0	3	1.0	F100R_L2:0.000000:1;F100V_L1:0.000000:0;F89R2_L4:0.000000:0;F99V_L1:0.000000:1;F99V_L2:-0.200000:1	F100R_L2:-0.100000:2;F100V_L1:-0.066667:3;F89R2_L4:-0.066667:3;F99V_L1:-0.100000:2;F99V_L2:0.000000:2	f100:-0.100000:2;f89:-0.066667:3;f99:0.000000:1	1	1	1.0	ZL3b:-0.066667;IT2a:-0.066667;RF1b:-0.066667	AS_CONTACT:effect=-0.066667,p=1.000000,worlds=2520;AS_CLEAR_GAP:effect=-0.300000,p=0.388889,worlds=7560	ONE_POSITIVE_FOLIO;ZERO_POSITIVE_SUPPORT		436
CONTACT_GAP	9c2dd80c239e	CONTACT_VS_CLEAR_GAP	FAMILY_1GRAM:P	FAMILY_COMPONENT	FAMILY_1GRAM:P;FAMILY_2GRAM:AP	NO_SIGNAL	26	8	18	2	0	2	-0.1111111111111111	present=2	-0.06666666666666667	3	0.011172848286665897	-1.3923174227787598	-9.250298417906333	2520	1.0	1.0	1.0	1.0	288	1.0	3	1.0	F100R_L2:-0.200000:1;F100V_L1:0.000000:0;F89R2_L4:0.000000:0;F99V_L1:0.000000:1;F99V_L2:0.000000:1	F100R_L2:0.000000:2;F100V_L1:-0.066667:3;F89R2_L4:-0.066667:3;F99V_L1:-0.100000:2;F99V_L2:-0.100000:2	f100:0.000000:2;f89:-0.066667:3;f99:-0.200000:1	1	1	1.0	ZL3b:-0.066667;IT2a:-0.066667;RF1b:-0.066667	AS_CONTACT:effect=-0.066667,p=1.000000,worlds=2520;AS_CLEAR_GAP:effect=-0.050000,p=1.000000,worlds=7560	ONE_POSITIVE_FOLIO;ZERO_POSITIVE_SUPPORT		437
CONTACT_GAP	601399992601	CONTACT_VS_CLEAR_GAP	FAMILY_1GRAM:Q	FAMILY_COMPONENT	FAMILY_1GRAM:Q;FAMILY_2GRAM:QA	NO_SIGNAL	26	8	18	10	5	5	0.3472222222222222	present=10	-0.03333333333333335	3	0.09443427276284017	-1.3631710771192473	-9.22115207224682	2520	1.0	0.5714285714285714	1.0	1.0	288	1.0	3	1.0	F100R_L2:-0.400000:1;F100V_L1:0.000000:0;F89R2_L4:0.000000:0;F99V_L1:0.500000:1;F99V_L2:-0.200000:1	F100R_L2:0.150000:2;F100V_L1:-0.033333:3;F89R2_L4:-0.033333:3;F99V_L1:-0.300000:2;F99V_L2:0.050000:2	f100:0.150000:2;f89:-0.033333:3;f99:-0.400000:1	0	0	1.0	ZL3b:-0.033333;IT2a:-0.033333;RF1b:-0.033333	AS_CONTACT:effect=-0.033333,p=1.000000,worlds=2520;AS_CLEAR_GAP:effect=-0.025000,p=1.000000,worlds=7560	NONE		438
CONTACT_GAP	ff956609c5ab	CONTACT_VS_CLEAR_GAP	FAMILY_2GRAM:AC	FAMILY_COMPONENT	FAMILY_2GRAM:AC	NO_SIGNAL	26	8	18	11	4	7	0.1111111111111111	present=11	0.08333333333333333	3	0.06540013806424523	-2.9074915933430567	-10.76547258847063	2520	1.0	1.0	1.0	1.0	288	1.0	3	0.3333333333333333	F100R_L2:-0.400000:1;F100V_L1:0.000000:0;F89R2_L4:0.000000:0;F99V_L1:0.250000:1;F99V_L2:0.400000:1	F100R_L2:0.325000:2;F100V_L1:0.083333:3;F89R2_L4:0.083333:3;F99V_L1:0.000000:2;F99V_L2:-0.075000:2	f100:0.325000:2;f89:0.083333:3;f99:-0.400000:1	0	0	1.0	ZL3b:0.083333;IT2a:0.083333;RF1b:0.083333	AS_CONTACT:effect=0.083333,p=1.000000,worlds=2520;AS_CLEAR_GAP:effect=-0.062500,p=0.957672,worlds=7560	NONE		439
CONTACT_GAP	1565be8851d2	CONTACT_VS_CLEAR_GAP	FAMILY_2GRAM:AQ	FAMILY_COMPONENT	FAMILY_2GRAM:AQ;FAMILY_3GRAM:AQA	NO_SIGNAL	26	8	18	8	5	3	0.45833333333333337	present=8	0.033333333333333326	3	0.0804139659705217	-0.6553518286125559	-8.513332823740129	2520	1.0	0.6428571428571429	1.0	1.0	288	1.0	3	1.0	F100R_L2:-0.200000:1;F100V_L1:0.000000:0;F89R2_L4:0.000000:0;F99V_L1:0.500000:1;F99V_L2:-0.200000:1	F100R_L2:0.150000:2;F100V_L1:0.033333:3;F89R2_L4:0.033333:3;F99V_L1:-0.200000:2;F99V_L2:0.150000:2	f100:0.150000:2;f89:0.033333:3;f99:-0.200000:1	0	0	1.0	ZL3b:0.033333;IT2a:0.033333;RF1b:0.033333	AS_CONTACT:effect=0.033333,p=1.000000,worlds=2520;AS_CLEAR_GAP:effect=0.025000,p=1.000000,worlds=7560	NONE		440
CONTACT_GAP	3b1cae5e7c74	CONTACT_VS_CLEAR_GAP	FAMILY_3GRAM:ABA	FAMILY_COMPONENT	FAMILY_3GRAM:ABA	NO_SIGNAL	26	8	18	2	2	0	0.25	present=2	0.08333333333333333	3	0.0424385787600092	-0.3923174227787598	-8.250298417906333	2520	1.0	1.0	1.0	1.0	288	1.0	3	1.0	F100R_L2:0.000000:1;F100V_L1:0.000000:0;F89R2_L4:0.000000:0;F99V_L1:0.250000:1;F99V_L2:0.000000:1	F100R_L2:0.125000:2;F100V_L1:0.083333:3;F89R2_L4:0.083333:3;F99V_L1:0.000000:2;F99V_L2:0.125000:2	f100:0.125000:2;f89:0.083333:3;f99:0.000000:1	1	1	1.0	ZL3b:0.083333;IT2a:0.083333;RF1b:0.083333	AS_CONTACT:effect=0.083333,p=1.000000,worlds=2520;AS_CLEAR_GAP:effect=0.187500,p=0.666667,worlds=7560	ZERO_NEGATIVE_SUPPORT		441
CONTACT_GAP	8cd74e437944	CONTACT_VS_CLEAR_GAP	FAMILY_3GRAM:ACA	FAMILY_COMPONENT	FAMILY_3GRAM:ACA	NO_SIGNAL	26	8	18	8	3	5	0.09722222222222221	present=8	0.06666666666666665	3	0.0692411176838558	-1.9481335778404016	-9.806114572967974	2520	1.0	1.0	1.0	1.0	288	1.0	3	0.3333333333333333	F100R_L2:-0.400000:1;F100V_L1:0.000000:0;F89R2_L4:0.000000:0;F99V_L1:0.000000:1;F99V_L2:0.600000:1	F100R_L2:0.300000:2;F100V_L1:0.066667:3;F89R2_L4:0.066667:3;F99V_L1:0.100000:2;F99V_L2:-0.200000:2	f100:0.300000:2;f89:0.066667:3;f99:-0.400000:1	0	0	1.0	ZL3b:0.066667;IT2a:0.066667;RF1b:0.066667	AS_CONTACT:effect=0.066667,p=1.000000,worlds=2520;AS_CLEAR_GAP:effect=0.175000,p=0.674603,worlds=7560	NONE		442
CONTACT_GAP	5e04b3d64803	CONTACT_VS_CLEAR_GAP	FAMILY_3GRAM:BAC	FAMILY_COMPONENT	FAMILY_3GRAM:BAC	NO_SIGNAL	26	8	18	2	2	0	0.25	present=2	0.08333333333333333	3	0.0424385787600092	-0.3923174227787598	-8.250298417906333	2520	1.0	1.0	1.0	1.0	288	1.0	3	1.0	F100R_L2:0.000000:1;F100V_L1:0.000000:0;F89R2_L4:0.000000:0;F99V_L1:0.250000:1;F99V_L2:0.000000:1	F100R_L2:0.125000:2;F100V_L1:0.083333:3;F89R2_L4:0.083333:3;F99V_L1:0.000000:2;F99V_L2:0.125000:2	f100:0.125000:2;f89:0.083333:3;f99:0.000000:1	1	1	1.0	ZL3b:0.083333;IT2a:0.083333;RF1b:0.083333	AS_CONTACT:effect=0.083333,p=1.000000,worlds=2520;AS_CLEAR_GAP:effect=0.187500,p=0.666667,worlds=7560	ZERO_NEGATIVE_SUPPORT;POSSIBLE_LENGTH_CONFOUND		443
CONTACT_GAP	273d683dbd54	CONTACT_VS_CLEAR_GAP	FAMILY_3GRAM:CAC	FAMILY_COMPONENT	FAMILY_3GRAM:CAC	NO_SIGNAL	26	8	18	6	1	5	-0.1527777777777778	present=6	0.0	3	0.05038631015796877	-0.9708536543404769	-8.82883464946805	2520	1.0	1.0	1.0	1.0	288	1.0	3	0.3333333333333333	F100R_L2:-0.400000:1;F100V_L1:0.000000:0;F89R2_L4:0.000000:0;F99V_L1:0.000000:1;F99V_L2:0.400000:1	F100R_L2:0.200000:2;F100V_L1:0.000000:3;F89R2_L4:0.000000:3;F99V_L1:0.000000:2;F99V_L2:-0.200000:2	f100:0.200000:2;f89:0.000000:3;f99:-0.400000:1	0	0	1.0	ZL3b:0.000000;IT2a:0.000000;RF1b:0.000000	AS_CONTACT:effect=0.000000,p=1.000000,worlds=2520;AS_CLEAR_GAP:effect=0.000000,p=1.000000,worlds=7560	ONE_POSITIVE_FOLIO		444
CONTACT_GAP	ce1582a3c585	CONTACT_VS_CLEAR_GAP	FAMILY_3GRAM:QAB	FAMILY_COMPONENT	FAMILY_3GRAM:QAB	NO_SIGNAL	26	8	18	6	3	3	0.20833333333333334	present=6	-0.06666666666666667	3	0.011172848286665897	-2.1996723448363724	-10.057653339963945	2520	1.0	1.0	1.0	1.0	288	1.0	3	1.0	F100R_L2:0.000000:1;F100V_L1:0.000000:0;F89R2_L4:0.000000:0;F99V_L1:0.000000:1;F99V_L2:-0.200000:1	F100R_L2:-0.100000:2;F100V_L1:-0.066667:3;F89R2_L4:-0.066667:3;F99V_L1:-0.100000:2;F99V_L2:0.000000:2	f100:-0.100000:2;f89:-0.066667:3;f99:0.000000:1	1	1	1.0	ZL3b:-0.066667;IT2a:-0.066667;RF1b:-0.066667	AS_CONTACT:effect=-0.066667,p=1.000000,worlds=2520;AS_CLEAR_GAP:effect=0.200000,p=0.416667,worlds=7560	NONE		445
CONTACT_GAP	0ed39772624f	CONTACT_VS_CLEAR_GAP	FAMILY_3GRAM:QAC	FAMILY_COMPONENT	FAMILY_3GRAM:QAC	NO_SIGNAL	26	8	18	1	1	0	0.125	present=1	0.08333333333333333	3	0.0424385787600092	0.1926450779423945	-7.665335917185177	2520	1.0	1.0	1.0	1.0	288	1.0	3	1.0	F100R_L2:0.000000:1;F100V_L1:0.000000:0;F89R2_L4:0.000000:0;F99V_L1:0.250000:1;F99V_L2:0.000000:1	F100R_L2:0.125000:2;F100V_L1:0.083333:3;F89R2_L4:0.083333:3;F99V_L1:0.000000:2;F99V_L2:0.125000:2	f100:0.125000:2;f89:0.083333:3;f99:0.000000:1	1	1	1.0	ZL3b:0.083333;IT2a:0.083333;RF1b:0.083333	AS_CONTACT:effect=0.083333,p=1.000000,worlds=2520;AS_CLEAR_GAP:effect=-0.187500,p=0.666667,worlds=7560	ONE_POSITIVE_FOLIO;ZERO_NEGATIVE_SUPPORT;POSSIBLE_LENGTH_CONFOUND		446
CONTACT_GAP	829f506f57f4	CONTACT_VS_CLEAR_GAP	FAMILY_PREFIX_1:B	FAMILY_COMPONENT	FAMILY_PREFIX_1:B;FAMILY_PREFIX_2:BA	NO_SIGNAL	26	8	18	3	1	2	0.013888888888888895	present=3	-0.05000000000000001	3	0.064784275333341	-0.9772799234999177	-8.83526091862749	2520	1.0	1.0	1.0	1.0	288	1.0	3	1.0	F100R_L2:-0.200000:1;F100V_L1:0.000000:0;F89R2_L4:0.000000:0;F99V_L1:0.250000:1;F99V_L2:-0.200000:1	F100R_L2:0.025000:2;F100V_L1:-0.050000:3;F89R2_L4:-0.050000:3;F99V_L1:-0.200000:2;F99V_L2:0.025000:2	f100:0.025000:2;f89:-0.050000:3;f99:-0.200000:1	0	0	1.0	ZL3b:-0.050000;IT2a:-0.050000;RF1b:-0.050000	AS_CONTACT:effect=-0.050000,p=1.000000,worlds=2520;AS_CLEAR_GAP:effect=-0.037500,p=1.000000,worlds=7560	ONE_POSITIVE_FOLIO;POSSIBLE_LENGTH_CONFOUND		447
CONTACT_GAP	6c34eb4d26f4	CONTACT_VS_CLEAR_GAP	FAMILY_PREFIX_1:C	FAMILY_COMPONENT	FAMILY_PREFIX_1:C;FAMILY_PREFIX_2:CA	NO_SIGNAL	26	8	18	6	1	5	-0.1527777777777778	present=6	0.0666666666666667	3	0.11713005990833775	-0.14077865578279614	-7.998759650910368	2520	1.0	0.3333333333333333	1.0	1.0	288	1.0	3	1.0	F100R_L2:-0.600000:1;F100V_L1:0.000000:0;F89R2_L4:0.000000:0;F99V_L1:0.000000:1;F99V_L2:0.800000:1	F100R_L2:0.400000:2;F100V_L1:0.066667:3;F89R2_L4:0.066667:3;F99V_L1:0.100000:2;F99V_L2:-0.300000:2	f100:0.400000:2;f89:0.066667:3;f99:-0.600000:1	0	0	1.0	ZL3b:0.066667;IT2a:0.066667;RF1b:0.066667	AS_CONTACT:effect=0.066667,p=1.000000,worlds=2520;AS_CLEAR_GAP:effect=0.050000,p=1.000000,worlds=7560	ONE_POSITIVE_FOLIO		448
CONTACT_GAP	c8b58442efe0	CONTACT_VS_CLEAR_GAP	FAMILY_SUFFIX_1:A	FAMILY_COMPONENT	FAMILY_SUFFIX_1:A	NO_SIGNAL	26	8	18	15	6	9	0.25	present=15	0.08333333333333333	3	0.09282488891797797	-2.1705259991768493	-10.028506994304422	2520	1.0	1.0	1.0	1.0	288	1.0	3	1.0	F100R_L2:-0.400000:1;F100V_L1:0.000000:0;F89R2_L4:0.000000:0;F99V_L1:0.250000:1;F99V_L2:0.400000:1	F100R_L2:0.325000:2;F100V_L1:0.083333:3;F89R2_L4:0.083333:3;F99V_L1:0.000000:2;F99V_L2:-0.075000:2	f100:0.325000:2;f89:0.083333:3;f99:-0.400000:1	0	0	1.0	ZL3b:0.083333;IT2a:0.083333;RF1b:0.083333	AS_CONTACT:effect=0.083333,p=1.000000,worlds=2520;AS_CLEAR_GAP:effect=0.187500,p=0.666667,worlds=7560	NONE		449
CONTACT_GAP	e71e04f2cb53	CONTACT_VS_CLEAR_GAP	FAMILY_SUFFIX_1:C	FAMILY_COMPONENT	FAMILY_SUFFIX_1:C	NO_SIGNAL	26	8	18	3	0	3	-0.16666666666666666	present=3	-0.06666666666666667	3	0.011172848286665897	-1.5443205162238094	-9.402301511351382	2520	1.0	1.0	1.0	1.0	288	1.0	3	1.0	F100R_L2:0.000000:1;F100V_L1:0.000000:0;F89R2_L4:0.000000:0;F99V_L1:0.000000:1;F99V_L2:-0.200000:1	F100R_L2:-0.100000:2;F100V_L1:-0.066667:3;F89R2_L4:-0.066667:3;F99V_L1:-0.100000:2;F99V_L2:0.000000:2	f100:-0.100000:2;f89:-0.066667:3;f99:0.000000:1	1	1	1.0	ZL3b:-0.066667;IT2a:-0.066667;RF1b:-0.066667	AS_CONTACT:effect=-0.066667,p=1.000000,worlds=2520;AS_CLEAR_GAP:effect=-0.050000,p=1.000000,worlds=7560	ONE_POSITIVE_FOLIO;ZERO_POSITIVE_SUPPORT;POSSIBLE_LENGTH_CONFOUND		450
CONTACT_GAP	87204c895d64	CONTACT_VS_CLEAR_GAP	FAMILY_SUFFIX_2:AC	FAMILY_COMPONENT	FAMILY_SUFFIX_2:AC	NO_SIGNAL	26	8	18	2	0	2	-0.1111111111111111	present=2	-0.06666666666666667	3	0.011172848286665897	-1.3923174227787634	-9.250298417906336	2520	1.0	1.0	1.0	1.0	288	1.0	3	1.0	F100R_L2:0.000000:1;F100V_L1:0.000000:0;F89R2_L4:0.000000:0;F99V_L1:0.000000:1;F99V_L2:-0.200000:1	F100R_L2:-0.100000:2;F100V_L1:-0.066667:3;F89R2_L4:-0.066667:3;F99V_L1:-0.100000:2;F99V_L2:0.000000:2	f100:-0.100000:2;f89:-0.066667:3;f99:0.000000:1	1	1	1.0	ZL3b:-0.066667;IT2a:-0.066667;RF1b:-0.066667	AS_CONTACT:effect=-0.066667,p=1.000000,worlds=2520;AS_CLEAR_GAP:effect=-0.050000,p=1.000000,worlds=7560	ONE_POSITIVE_FOLIO;ZERO_POSITIVE_SUPPORT;POSSIBLE_LENGTH_CONFOUND		451
CONTACT_GAP	7b9826bb836d	CONTACT_VS_CLEAR_GAP	FAMILY_SUFFIX_2:BA	FAMILY_COMPONENT	FAMILY_SUFFIX_2:BA	NO_SIGNAL	26	8	18	3	1	2	0.013888888888888895	present=3	-0.08333333333333333	3	0.01501382790627646	-0.544320516223813	-8.402301511351386	2520	1.0	1.0	1.0	1.0	288	1.0	3	1.0	F100R_L2:0.000000:1;F100V_L1:0.000000:0;F89R2_L4:0.000000:0;F99V_L1:-0.250000:1;F99V_L2:0.000000:1	F100R_L2:-0.125000:2;F100V_L1:-0.083333:3;F89R2_L4:-0.083333:3;F99V_L1:0.000000:2;F99V_L2:-0.125000:2	f100:-0.125000:2;f89:-0.083333:3;f99:0.000000:1	1	1	1.0	ZL3b:-0.083333;IT2a:-0.083333;RF1b:-0.083333	AS_CONTACT:effect=-0.083333,p=1.000000,worlds=2520;AS_CLEAR_GAP:effect=-0.062500,p=1.000000,worlds=7560	ONE_POSITIVE_FOLIO		452
CONTACT_GAP	265a79cf73db	CONTACT_VS_CLEAR_GAP	FAMILY_SUFFIX_2:QA	FAMILY_COMPONENT	FAMILY_SUFFIX_2:QA	NO_SIGNAL	26	8	18	2	1	1	0.06944444444444445	present=2	0.016666666666666663	3	0.0536114270466751	-0.3923174227787598	-8.250298417906333	2520	1.0	1.0	1.0	1.0	288	1.0	3	1.0	F100R_L2:-0.200000:1;F100V_L1:0.000000:0;F89R2_L4:0.000000:0;F99V_L1:0.250000:1;F99V_L2:0.000000:1	F100R_L2:0.125000:2;F100V_L1:0.016667:3;F89R2_L4:0.016667:3;F99V_L1:-0.100000:2;F99V_L2:0.025000:2	f100:0.125000:2;f89:0.016667:3;f99:-0.200000:1	0	0	1.0	ZL3b:0.016667;IT2a:0.016667;RF1b:0.016667	AS_CONTACT:effect=0.016667,p=1.000000,worlds=2520;AS_CLEAR_GAP:effect=0.012500,p=1.000000,worlds=7560	ONE_POSITIVE_FOLIO		453
CONTACT_GAP	1291231cb0c0	CONTACT_VS_CLEAR_GAP	FAMILY_SUFFIX_3:BCA	FAMILY_COMPONENT	FAMILY_SUFFIX_3:BCA	NO_SIGNAL	26	8	18	3	1	2	0.013888888888888895	present=3	-0.08333333333333333	3	0.0424385787600092	-1.1996723448363724	-9.057653339963945	2520	1.0	1.0	1.0	1.0	288	1.0	3	1.0	F100R_L2:0.000000:1;F100V_L1:0.000000:0;F89R2_L4:0.000000:0;F99V_L1:-0.250000:1;F99V_L2:0.000000:1	F100R_L2:-0.125000:2;F100V_L1:-0.083333:3;F89R2_L4:-0.083333:3;F99V_L1:0.000000:2;F99V_L2:-0.125000:2	f100:-0.125000:2;f89:-0.083333:3;f99:0.000000:1	1	1	1.0	ZL3b:-0.083333;IT2a:-0.083333;RF1b:-0.083333	AS_CONTACT:effect=-0.083333,p=1.000000,worlds=2520;AS_CLEAR_GAP:effect=0.062500,p=1.000000,worlds=7560	ONE_POSITIVE_FOLIO;POSSIBLE_LENGTH_CONFOUND		454
CONTACT_GAP	88dc9df08d00	CONTACT_VS_CLEAR_GAP	MEMBER_TOKEN_IT2a:B3	MEMBER_CODE	MEMBER_TOKEN_IT2a:B3;MEMBER_TOKEN_RF1b:B3	NO_SIGNAL	26	8	18	1	0	1	-0.05555555555555555	present=1	-0.06666666666666667	3	0.011172848286665897	-0.5849625007211543	-8.442943495848727	2520	1.0	1.0	1.0	1.0	288	1.0	3	1.0	F100R_L2:-0.200000:1;F100V_L1:0.000000:0;F89R2_L4:0.000000:0;F99V_L1:0.000000:1;F99V_L2:0.000000:1	F100R_L2:0.000000:2;F100V_L1:-0.066667:3;F89R2_L4:-0.066667:3;F99V_L1:-0.100000:2;F99V_L2:-0.100000:2	f100:0.000000:2;f89:-0.066667:3;f99:-0.200000:1	1	1	0.5	ZL3b:-0.133333;IT2a:-0.066667;RF1b:-0.066667	AS_CONTACT:effect=-0.066667,p=1.000000,worlds=2520;AS_CLEAR_GAP:effect=-0.300000,p=0.388889,worlds=7560	ONE_POSITIVE_FOLIO;ZERO_POSITIVE_SUPPORT	primary edition=IT2a	455
CONTACT_GAP	20964197c3b2	CONTACT_VS_CLEAR_GAP	MEMBER_TOKEN_IT2a:C2	MEMBER_CODE	MEMBER_TOKEN_IT2a:C2	NO_SIGNAL	26	8	18	14	3	11	-0.23611111111111116	present=14	0.04999999999999997	3	0.064784275333341	-2.5216004397237306	-10.379581434851303	2520	1.0	1.0	1.0	1.0	288	1.0	3	1.0	F100R_L2:0.200000:1;F100V_L1:0.000000:0;F89R2_L4:0.000000:0;F99V_L1:-0.250000:1;F99V_L2:0.200000:1	F100R_L2:-0.025000:2;F100V_L1:0.050000:3;F89R2_L4:0.050000:3;F99V_L1:0.200000:2;F99V_L2:-0.025000:2	f100:-0.025000:2;f89:0.050000:3;f99:0.200000:1	0	0	0.8666666666666667	ZL3b:0.116667;IT2a:0.050000;RF1b:0.200000	AS_CONTACT:effect=0.050000,p=1.000000,worlds=2520;AS_CLEAR_GAP:effect=0.162500,p=0.699074,worlds=7560	NONE	primary edition=IT2a	456
CONTACT_GAP	01c7abead84f	CONTACT_VS_CLEAR_GAP	MEMBER_TOKEN_RF1b:K1	MEMBER_CODE	MEMBER_TOKEN_RF1b:K1	NO_SIGNAL	26	8	18	4	1	3	-0.04166666666666666	present=4	0.08333333333333333	3	0.0424385787600092	-0.614709844115211	-8.472690839242784	2520	1.0	1.0	1.0	1.0	288	1.0	3	1.0	F100R_L2:0.000000:1;F100V_L1:0.000000:0;F89R2_L4:0.000000:0;F99V_L1:0.250000:1;F99V_L2:0.000000:1	F100R_L2:0.125000:2;F100V_L1:0.083333:3;F89R2_L4:0.083333:3;F99V_L1:0.000000:2;F99V_L2:0.125000:2	f100:0.125000:2;f89:0.083333:3;f99:0.000000:1	1	1	0.8	ZL3b:0.416667;IT2a:0.416667;RF1b:0.083333	AS_CONTACT:effect=0.083333,p=1.000000,worlds=2520;AS_CLEAR_GAP:effect=0.062500,p=1.000000,worlds=7560	ONE_POSITIVE_FOLIO;POSSIBLE_LENGTH_CONFOUND	primary edition=RF1b	457
CONTACT_GAP	913c7ce51e18	CONTACT_VS_CLEAR_GAP	MEMBER_TOKEN_ZL3b:B3	MEMBER_CODE	MEMBER_TOKEN_ZL3b:B3	NO_SIGNAL	26	8	18	2	0	2	-0.1111111111111111	present=2	-0.13333333333333333	3	0.025193155078984383	-0.48542682717023666	-8.34340782229781	2520	1.0	1.0	1.0	1.0	288	1.0	3	1.0	F100R_L2:-0.400000:1;F100V_L1:0.000000:0;F89R2_L4:0.000000:0;F99V_L1:0.000000:1;F99V_L2:0.000000:1	F100R_L2:0.000000:2;F100V_L1:-0.133333:3;F89R2_L4:-0.133333:3;F99V_L1:-0.200000:2;F99V_L2:-0.200000:2	f100:0.000000:2;f89:-0.133333:3;f99:-0.400000:1	1	1	0.5	ZL3b:-0.133333;IT2a:-0.066667;RF1b:-0.066667	AS_CONTACT:effect=-0.133333,p=1.000000,worlds=2520;AS_CLEAR_GAP:effect=-0.350000,p=0.222222,worlds=7560	ONE_POSITIVE_FOLIO;ZERO_POSITIVE_SUPPORT	primary edition=ZL3b	458
CONTACT_GAP	4eca64c0e4fc	CONTACT_VS_CLEAR_GAP	MEMBER_TOKEN_ZL3b:C2	MEMBER_CODE	MEMBER_TOKEN_ZL3b:C2	NO_SIGNAL	26	8	18	13	3	10	-0.18055555555555558	present=13	0.11666666666666665	3	0.07880458212565947	-2.422064766172813	-10.280045761300386	2520	1.0	1.0	1.0	1.0	288	1.0	3	1.0	F100R_L2:0.400000:1;F100V_L1:0.000000:0;F89R2_L4:0.000000:0;F99V_L1:-0.250000:1;F99V_L2:0.200000:1	F100R_L2:-0.025000:2;F100V_L1:0.116667:3;F89R2_L4:0.116667:3;F99V_L1:0.300000:2;F99V_L2:0.075000:2	f100:-0.025000:2;f89:0.116667:3;f99:0.400000:1	0	0	0.8666666666666667	ZL3b:0.116667;IT2a:0.050000;RF1b:0.200000	AS_CONTACT:effect=0.116667,p=1.000000,worlds=2520;AS_CLEAR_GAP:effect=0.212500,p=0.555556,worlds=7560	NONE	primary edition=ZL3b	459
CONTACT_GAP	c35704883129	CONTACT_VS_CLEAR_GAP	MEMBER_TOKEN_ZL3b:Q1	MEMBER_CODE	MEMBER_TOKEN_ZL3b:Q1;MEMBER_TOKEN_IT2a:Q1;MEMBER_TOKEN_RF1b:Q1	NO_SIGNAL	26	8	18	2	1	1	0.06944444444444445	present=2	0.016666666666666663	3	0.0536114270466751	-0.3923174227787598	-8.250298417906333	2520	1.0	1.0	1.0	1.0	288	1.0	3	1.0	F100R_L2:-0.200000:1;F100V_L1:0.000000:0;F89R2_L4:0.000000:0;F99V_L1:0.250000:1;F99V_L2:0.000000:1	F100R_L2:0.125000:2;F100V_L1:0.016667:3;F89R2_L4:0.016667:3;F99V_L1:-0.100000:2;F99V_L2:0.025000:2	f100:0.125000:2;f89:0.016667:3;f99:-0.200000:1	0	0	1.0	ZL3b:0.016667;IT2a:0.016667;RF1b:0.016667	AS_CONTACT:effect=0.016667,p=1.000000,worlds=2520;AS_CLEAR_GAP:effect=0.012500,p=1.000000,worlds=7560	ONE_POSITIVE_FOLIO	primary edition=ZL3b	460
CONTACT_GAP	3a15c72feedf	CONTACT_VS_CLEAR_GAP	MEMBER_TOKEN_ZL3b:Q2	MEMBER_CODE	MEMBER_TOKEN_ZL3b:Q2;MEMBER_TOKEN_IT2a:Q2;MEMBER_TOKEN_RF1b:Q2	NO_SIGNAL	26	8	18	9	5	4	0.4027777777777778	present=9	0.033333333333333326	3	0.0804139659705217	-1.462706750670165	-9.320687745797738	2520	1.0	0.6428571428571429	1.0	1.0	288	1.0	3	1.0	F100R_L2:-0.200000:1;F100V_L1:0.000000:0;F89R2_L4:0.000000:0;F99V_L1:0.500000:1;F99V_L2:-0.200000:1	F100R_L2:0.150000:2;F100V_L1:0.033333:3;F89R2_L4:0.033333:3;F99V_L1:-0.200000:2;F99V_L2:0.150000:2	f100:0.150000:2;f89:0.033333:3;f99:-0.200000:1	0	0	1.0	ZL3b:0.033333;IT2a:0.033333;RF1b:0.033333	AS_CONTACT:effect=0.033333,p=1.000000,worlds=2520;AS_CLEAR_GAP:effect=0.025000,p=1.000000,worlds=7560	NONE	primary edition=ZL3b	461
CONTACT_GAP	27001e56c04b	CONTACT_VS_CLEAR_GAP	SYMBOL_COUNT_GE:7	CONSTRUCTION	SYMBOL_COUNT_GE:7	NO_SIGNAL	26	8	18	2	1	1	0.06944444444444445	present=2	-0.06666666666666667	3	0.011172848286665897	-1.1699250014423122	-9.027905996569885	2520	1.0	1.0	1.0	1.0	288	1.0	3	1.0	F100R_L2:0.000000:1;F100V_L1:0.000000:0;F89R2_L4:0.000000:0;F99V_L1:0.000000:1;F99V_L2:-0.200000:1	F100R_L2:-0.100000:2;F100V_L1:-0.066667:3;F89R2_L4:-0.066667:3;F99V_L1:-0.100000:2;F99V_L2:0.000000:2	f100:-0.100000:2;f89:-0.066667:3;f99:0.000000:1	1	1	1.0	ZL3b:-0.066667;IT2a:-0.066667;RF1b:-0.066667	AS_CONTACT:effect=-0.066667,p=1.000000,worlds=2520;AS_CLEAR_GAP:effect=0.075000,p=0.944444,worlds=7560	ONE_POSITIVE_FOLIO;POSSIBLE_LENGTH_CONFOUND		462
F80_INTEGER_VS_HALFSTEP	74552361def4	HALF_STEP_VS_INTEGER	(FAMILY_1GRAM:B)_AND_(MEMBER_TOKEN_ZL3b:A2)	JOINT_DEPTH2		LIKELY_PAGE_CONFOUND	8	4	4	4	0	4	-1.0	present=4	-1.0	1	1.0	6.129283016944967	0.24663996758312567	70	0.02857142857142857	0.02857142857142857	0.7428571428571429	0.4857142857142857	8	0.125	0	1.0	F80_TOP_TEXT_POSITIONS:-1.000000:1	F80_TOP_TEXT_POSITIONS:0.000000:0	f80:0.000000:0	1	1		NOT_EVALUATED_POSTSELECTED_JOINT	NO_UNCERTAIN_ROWS	ONE_INFORMATIVE_ARRAY;ONE_POSITIVE_FOLIO;POSTSELECTED_COMBINATION;EDITION_ROBUSTNESS_NOT_EVALUATED;ZERO_POSITIVE_SUPPORT;POSSIBLE_LENGTH_CONFOUND	Postselected depth-2 exploratory combination.	463
F80_INTEGER_VS_HALFSTEP	ba6a7a6bccc6	HALF_STEP_VS_INTEGER	(FAMILY_1GRAM:C)_OR_(FAMILY_SUFFIX_3:ABA)	JOINT_DEPTH2		LIKELY_PAGE_CONFOUND	8	4	4	5	4	1	0.75	present=5	0.75	1	0.5487949406953986	2.9999999999999947	-2.882643049361847	70	0.14285714285714285	0.14285714285714285	0.9142857142857143	0.9142857142857143	8	0.125	0	1.0	F80_TOP_TEXT_POSITIONS:0.750000:1	F80_TOP_TEXT_POSITIONS:0.000000:0	f80:0.000000:0	1	1		NOT_EVALUATED_POSTSELECTED_JOINT	NO_UNCERTAIN_ROWS	ONE_INFORMATIVE_ARRAY;ONE_POSITIVE_FOLIO;POSTSELECTED_COMBINATION;EDITION_ROBUSTNESS_NOT_EVALUATED	Postselected depth-2 exploratory combination.	464
F80_INTEGER_VS_HALFSTEP	de9fc8356857	HALF_STEP_VS_INTEGER	(FAMILY_PREFIX_2:AB)_OR_(MEMBER_TOKEN_IT2a:A3)	JOINT_DEPTH2		LIKELY_PAGE_CONFOUND	8	4	4	5	1	4	-0.75	present=5	-0.75	1	0.5487949406953987	2.9999999999999947	-2.882643049361847	70	0.14285714285714285	0.14285714285714285	0.9142857142857143	0.9142857142857143	8	0.125	0	1.0	F80_TOP_TEXT_POSITIONS:-0.750000:1	F80_TOP_TEXT_POSITIONS:0.000000:0	f80:0.000000:0	1	1		NOT_EVALUATED_POSTSELECTED_JOINT	NO_UNCERTAIN_ROWS	ONE_INFORMATIVE_ARRAY;ONE_POSITIVE_FOLIO;POSTSELECTED_COMBINATION;EDITION_ROBUSTNESS_NOT_EVALUATED	Postselected depth-2 exploratory combination.	465
F80_INTEGER_VS_HALFSTEP	3dd36b35ec8d	HALF_STEP_VS_INTEGER	(FAMILY_PREFIX_2:AB)_OR_(MEMBER_TOKEN_ZL3b:B1)	JOINT_DEPTH2		LIKELY_PAGE_CONFOUND	8	4	4	3	0	3	-0.75	present=3	-0.75	1	0.5487949406953986	2.9999999999999947	-2.882643049361847	70	0.14285714285714285	0.14285714285714285	0.9142857142857143	0.9142857142857143	8	0.125	0	1.0	F80_TOP_TEXT_POSITIONS:-0.750000:1	F80_TOP_TEXT_POSITIONS:0.000000:0	f80:0.000000:0	1	1		NOT_EVALUATED_POSTSELECTED_JOINT	NO_UNCERTAIN_ROWS	ONE_INFORMATIVE_ARRAY;ONE_POSITIVE_FOLIO;POSTSELECTED_COMBINATION;EDITION_ROBUSTNESS_NOT_EVALUATED;ZERO_POSITIVE_SUPPORT;POSSIBLE_LENGTH_CONFOUND	Postselected depth-2 exploratory combination.	466
F80_INTEGER_VS_HALFSTEP	d5593fda9efd	HALF_STEP_VS_INTEGER	(MEMBER_TOKEN_ZL3b:A2)_AND_(FAMILY_SUFFIX_2:BA)	JOINT_DEPTH2		LIKELY_PAGE_CONFOUND	8	4	4	3	0	3	-0.75	present=3	-0.75	1	0.5487949406953987	2.9999999999999947	-2.882643049361847	70	0.14285714285714285	0.14285714285714285	0.9142857142857143	0.9142857142857143	8	0.125	0	1.0	F80_TOP_TEXT_POSITIONS:-0.750000:1	F80_TOP_TEXT_POSITIONS:0.000000:0	f80:0.000000:0	1	1		NOT_EVALUATED_POSTSELECTED_JOINT	NO_UNCERTAIN_ROWS	ONE_INFORMATIVE_ARRAY;ONE_POSITIVE_FOLIO;POSTSELECTED_COMBINATION;EDITION_ROBUSTNESS_NOT_EVALUATED;ZERO_POSITIVE_SUPPORT;POSSIBLE_LENGTH_CONFOUND	Postselected depth-2 exploratory combination.	467
F80_INTEGER_VS_HALFSTEP	b1c7887a5b39	HALF_STEP_VS_INTEGER	FAMILY_1GRAM:B	FAMILY_COMPONENT	FAMILY_1GRAM:B;FAMILY_2GRAM:AB;MEMBER_TOKEN_ZL3b:B2;MEMBER_TOKEN_IT2a:B2;MEMBER_TOKEN_RF1b:B2	LIKELY_PAGE_CONFOUND	8	4	4	5	1	4	-0.75	present=5	-0.75	1	0.5487949406953986	2.9999999999999947	-2.882643049361847	70	0.14285714285714285	0.14285714285714285	0.9142857142857143	0.9142857142857143	8	0.25	0	1.0	F80_TOP_TEXT_POSITIONS:-0.750000:1	F80_TOP_TEXT_POSITIONS:0.000000:0	f80:0.000000:0	1	1	1.0	ZL3b:-0.750000;IT2a:-0.750000;RF1b:-0.750000	NO_UNCERTAIN_ROWS	ONE_INFORMATIVE_ARRAY;ONE_POSITIVE_FOLIO		468
F80_INTEGER_VS_HALFSTEP	0e82d13f7697	HALF_STEP_VS_INTEGER	FAMILY_1GRAM:C	FAMILY_COMPONENT	FAMILY_1GRAM:C;FAMILY_2GRAM:AC;MEMBER_TOKEN_ZL3b:C1;MEMBER_TOKEN_IT2a:C1;MEMBER_TOKEN_RF1b:C1	LIKELY_PAGE_CONFOUND	8	4	4	3	3	0	0.75	present=3	0.75	1	0.5487949406953986	2.9999999999999947	-2.882643049361847	70	0.14285714285714285	0.14285714285714285	0.9142857142857143	0.9142857142857143	8	0.25	0	1.0	F80_TOP_TEXT_POSITIONS:0.750000:1	F80_TOP_TEXT_POSITIONS:0.000000:0	f80:0.000000:0	1	1	1.0	ZL3b:0.750000;IT2a:0.750000;RF1b:0.750000	NO_UNCERTAIN_ROWS	ONE_INFORMATIVE_ARRAY;ONE_POSITIVE_FOLIO;ZERO_NEGATIVE_SUPPORT		469
F80_INTEGER_VS_HALFSTEP	ffcd4ed89c31	HALF_STEP_VS_INTEGER	MEMBER_TOKEN_ZL3b:A2	MEMBER_CODE	MEMBER_TOKEN_ZL3b:A2;MEMBER_TOKEN_IT2a:A2;MEMBER_TOKEN_RF1b:A2	LIKELY_PAGE_CONFOUND	8	4	4	5	1	4	-0.75	present=5	-0.75	1	0.5487949406953987	2.9999999999999947	-2.882643049361847	70	0.14285714285714285	0.14285714285714285	0.9142857142857143	0.9142857142857143	8	0.125	0	1.0	F80_TOP_TEXT_POSITIONS:-0.750000:1	F80_TOP_TEXT_POSITIONS:0.000000:0	f80:0.000000:0	1	1	1.0	ZL3b:-0.750000;IT2a:-0.750000;RF1b:-0.750000	NO_UNCERTAIN_ROWS	ONE_INFORMATIVE_ARRAY;ONE_POSITIVE_FOLIO	primary edition=ZL3b	470
F80_INTEGER_VS_HALFSTEP	81b6843e04b0	HALF_STEP_VS_INTEGER	(FAMILY_1GRAM:B)_AND_(MEMBER_TOKEN_IT2a:A3)	JOINT_DEPTH2		LIKELY_PAGE_CONFOUND	8	4	4	2	0	2	-0.5	present=2	-0.5	1	0.31127812445913283	1.2630344058337908	-4.619608643528051	70	0.42857142857142855	0.42857142857142855	1.0	1.0	8	0.5	0	1.0	F80_TOP_TEXT_POSITIONS:-0.500000:1	F80_TOP_TEXT_POSITIONS:0.000000:0	f80:0.000000:0	1	1		NOT_EVALUATED_POSTSELECTED_JOINT	NO_UNCERTAIN_ROWS	ONE_INFORMATIVE_ARRAY;ONE_POSITIVE_FOLIO;POSTSELECTED_COMBINATION;EDITION_ROBUSTNESS_NOT_EVALUATED;ZERO_POSITIVE_SUPPORT;POSSIBLE_LENGTH_CONFOUND	Postselected depth-2 exploratory combination.	471
F80_INTEGER_VS_HALFSTEP	93f29def9f3b	HALF_STEP_VS_INTEGER	(FAMILY_1GRAM:B)_OR_(MEMBER_TOKEN_IT2a:A3)	JOINT_DEPTH2		LIKELY_PAGE_CONFOUND	8	4	4	6	2	4	-0.5	present=6	-0.5	1	0.31127812445913283	1.2630344058337908	-4.619608643528051	70	0.42857142857142855	0.42857142857142855	1.0	1.0	8	0.5	0	1.0	F80_TOP_TEXT_POSITIONS:-0.500000:1	F80_TOP_TEXT_POSITIONS:0.000000:0	f80:0.000000:0	1	1		NOT_EVALUATED_POSTSELECTED_JOINT	NO_UNCERTAIN_ROWS	ONE_INFORMATIVE_ARRAY;ONE_POSITIVE_FOLIO;POSTSELECTED_COMBINATION;EDITION_ROBUSTNESS_NOT_EVALUATED	Postselected depth-2 exploratory combination.	472
F80_INTEGER_VS_HALFSTEP	ba55cbd43f8b	HALF_STEP_VS_INTEGER	(FAMILY_1GRAM:C)_OR_(FAMILY_PREFIX_2:AQ)	JOINT_DEPTH2		LIKELY_PAGE_CONFOUND	8	4	4	6	4	2	0.5	present=6	0.5	1	0.31127812445913283	1.2630344058337908	-4.619608643528051	70	0.42857142857142855	0.42857142857142855	1.0	1.0	8	0.5	0	1.0	F80_TOP_TEXT_POSITIONS:0.500000:1	F80_TOP_TEXT_POSITIONS:0.000000:0	f80:0.000000:0	1	1		NOT_EVALUATED_POSTSELECTED_JOINT	NO_UNCERTAIN_ROWS	ONE_INFORMATIVE_ARRAY;ONE_POSITIVE_FOLIO;POSTSELECTED_COMBINATION;EDITION_ROBUSTNESS_NOT_EVALUATED	Postselected depth-2 exploratory combination.	473
F80_INTEGER_VS_HALFSTEP	eff480e0feef	HALF_STEP_VS_INTEGER	(FAMILY_1GRAM:C)_OR_(MEMBER_TOKEN_ZL3b:Q1)	JOINT_DEPTH2		LIKELY_PAGE_CONFOUND	8	4	4	6	4	2	0.5	present=6	0.5	1	0.31127812445913283	1.2630344058337908	-4.619608643528051	70	0.42857142857142855	0.42857142857142855	1.0	1.0	8	0.25	0	1.0	F80_TOP_TEXT_POSITIONS:0.500000:1	F80_TOP_TEXT_POSITIONS:0.000000:0	f80:0.000000:0	1	1		NOT_EVALUATED_POSTSELECTED_JOINT	NO_UNCERTAIN_ROWS	ONE_INFORMATIVE_ARRAY;ONE_POSITIVE_FOLIO;POSTSELECTED_COMBINATION;EDITION_ROBUSTNESS_NOT_EVALUATED	Postselected depth-2 exploratory combination.	474
F80_INTEGER_VS_HALFSTEP	e2ccc97e8dd7	HALF_STEP_VS_INTEGER	(MEMBER_TOKEN_ZL3b:A2)_OR_(FAMILY_3GRAM:QAC)	JOINT_DEPTH2		LIKELY_PAGE_CONFOUND	8	4	4	6	2	4	-0.5	present=6	-0.5	1	0.3112781244591328	1.2630344058337908	-4.619608643528051	70	0.42857142857142855	0.42857142857142855	1.0	1.0	8	0.25	0	1.0	F80_TOP_TEXT_POSITIONS:-0.500000:1	F80_TOP_TEXT_POSITIONS:0.000000:0	f80:0.000000:0	1	1		NOT_EVALUATED_POSTSELECTED_JOINT	NO_UNCERTAIN_ROWS	ONE_INFORMATIVE_ARRAY;ONE_POSITIVE_FOLIO;POSTSELECTED_COMBINATION;EDITION_ROBUSTNESS_NOT_EVALUATED	Postselected depth-2 exploratory combination.	475
F80_INTEGER_VS_HALFSTEP	9b17714810c8	HALF_STEP_VS_INTEGER	FAMILY_3GRAM:QAC	FAMILY_COMPONENT	FAMILY_3GRAM:QAC	LIKELY_PAGE_CONFOUND	8	4	4	2	2	0	0.5	present=2	0.5	1	0.31127812445913283	1.2630344058337908	-4.619608643528051	70	0.42857142857142855	0.42857142857142855	1.0	1.0	8	0.5	0	1.0	F80_TOP_TEXT_POSITIONS:0.500000:1	F80_TOP_TEXT_POSITIONS:0.000000:0	f80:0.000000:0	1	1	1.0	ZL3b:0.500000;IT2a:0.500000;RF1b:0.500000	NO_UNCERTAIN_ROWS	ONE_INFORMATIVE_ARRAY;ONE_POSITIVE_FOLIO;ZERO_NEGATIVE_SUPPORT		476
F80_INTEGER_VS_HALFSTEP	1a63765c9bcb	HALF_STEP_VS_INTEGER	FAMILY_PREFIX_2:AB	FAMILY_COMPONENT	FAMILY_PREFIX_2:AB	LIKELY_PAGE_CONFOUND	8	4	4	2	0	2	-0.5	present=2	-0.5	1	0.31127812445913283	1.2630344058337908	-4.619608643528051	70	0.42857142857142855	0.42857142857142855	1.0	1.0	8	0.5	0	1.0	F80_TOP_TEXT_POSITIONS:-0.500000:1	F80_TOP_TEXT_POSITIONS:0.000000:0	f80:0.000000:0	1	1	1.0	ZL3b:-0.500000;IT2a:-0.500000;RF1b:-0.500000	NO_UNCERTAIN_ROWS	ONE_INFORMATIVE_ARRAY;ONE_POSITIVE_FOLIO;ZERO_POSITIVE_SUPPORT		477
F80_INTEGER_VS_HALFSTEP	7ea51b435fa6	HALF_STEP_VS_INTEGER	FAMILY_SUFFIX_1:A	FAMILY_COMPONENT	FAMILY_SUFFIX_1:A	LIKELY_PAGE_CONFOUND	8	4	4	6	2	4	-0.5	present=6	-0.5	1	0.31127812445913283	1.2630344058337908	-4.619608643528051	70	0.42857142857142855	0.42857142857142855	1.0	1.0	8	0.5	0	1.0	F80_TOP_TEXT_POSITIONS:-0.500000:1	F80_TOP_TEXT_POSITIONS:0.000000:0	f80:0.000000:0	1	1	1.0	ZL3b:-0.500000;IT2a:-0.500000;RF1b:-0.500000	NO_UNCERTAIN_ROWS	ONE_INFORMATIVE_ARRAY;ONE_POSITIVE_FOLIO		478
F80_INTEGER_VS_HALFSTEP	219824e8f01a	HALF_STEP_VS_INTEGER	FAMILY_SUFFIX_1:C	FAMILY_COMPONENT	FAMILY_SUFFIX_1:C;FAMILY_SUFFIX_2:AC	LIKELY_PAGE_CONFOUND	8	4	4	2	2	0	0.5	present=2	0.5	1	0.31127812445913283	1.2630344058337908	-4.619608643528051	70	0.42857142857142855	0.42857142857142855	1.0	1.0	8	0.5	0	1.0	F80_TOP_TEXT_POSITIONS:0.500000:1	F80_TOP_TEXT_POSITIONS:0.000000:0	f80:0.000000:0	1	1	1.0	ZL3b:0.500000;IT2a:0.500000;RF1b:0.500000	NO_UNCERTAIN_ROWS	ONE_INFORMATIVE_ARRAY;ONE_POSITIVE_FOLIO;ZERO_NEGATIVE_SUPPORT		479
F80_INTEGER_VS_HALFSTEP	a5d82890e205	HALF_STEP_VS_INTEGER	MEMBER_TOKEN_ZL3b:B1	MEMBER_CODE	MEMBER_TOKEN_ZL3b:B1;MEMBER_TOKEN_IT2a:B1	LIKELY_PAGE_CONFOUND	8	4	4	2	0	2	-0.5	present=2	-0.5	1	0.31127812445913283	1.2630344058337908	-4.619608643528051	70	0.42857142857142855	0.42857142857142855	1.0	1.0	8	0.25	0	1.0	F80_TOP_TEXT_POSITIONS:-0.500000:1	F80_TOP_TEXT_POSITIONS:0.000000:0	f80:0.000000:0	1	1	0.5	ZL3b:-0.500000;IT2a:-0.500000;RF1b:-0.250000	NO_UNCERTAIN_ROWS	ONE_INFORMATIVE_ARRAY;ONE_POSITIVE_FOLIO;ZERO_POSITIVE_SUPPORT;POSSIBLE_LENGTH_CONFOUND	primary edition=ZL3b	480
F80_INTEGER_VS_HALFSTEP	4a4792f9cefc	HALF_STEP_VS_INTEGER	(FAMILY_1GRAM:B)_AND_(FAMILY_1GRAM:Q)	JOINT_DEPTH2		LIKELY_PAGE_CONFOUND	8	4	4	4	1	3	-0.5	present=4	-0.5	1	0.18872187554086717	0.5145731728297545	-5.368069876532087	70	0.4857142857142857	0.4857142857142857	1.0	1.0	8	1.0	0	1.0	F80_TOP_TEXT_POSITIONS:-0.500000:1	F80_TOP_TEXT_POSITIONS:0.000000:0	f80:0.000000:0	1	1		NOT_EVALUATED_POSTSELECTED_JOINT	NO_UNCERTAIN_ROWS	ONE_INFORMATIVE_ARRAY;ONE_POSITIVE_FOLIO;POSTSELECTED_COMBINATION;EDITION_ROBUSTNESS_NOT_EVALUATED	Postselected depth-2 exploratory combination.	481
F80_INTEGER_VS_HALFSTEP	b039d5423948	HALF_STEP_VS_INTEGER	(FAMILY_3GRAM:QAC)_OR_(FAMILY_SUFFIX_3:ABA)	JOINT_DEPTH2		LIKELY_PAGE_CONFOUND	8	4	4	4	3	1	0.5	present=4	0.5	1	0.18872187554086717	0.5145731728297545	-5.368069876532087	70	0.4857142857142857	0.4857142857142857	1.0	1.0	8	0.5	0	1.0	F80_TOP_TEXT_POSITIONS:0.500000:1	F80_TOP_TEXT_POSITIONS:0.000000:0	f80:0.000000:0	1	1		NOT_EVALUATED_POSTSELECTED_JOINT	NO_UNCERTAIN_ROWS	ONE_INFORMATIVE_ARRAY;ONE_POSITIVE_FOLIO;POSTSELECTED_COMBINATION;EDITION_ROBUSTNESS_NOT_EVALUATED	Postselected depth-2 exploratory combination.	482
F80_INTEGER_VS_HALFSTEP	ec18754240ea	HALF_STEP_VS_INTEGER	(FAMILY_PREFIX_2:AB)_OR_(FAMILY_SUFFIX_3:ABA)	JOINT_DEPTH2		LIKELY_PAGE_CONFOUND	8	4	4	4	1	3	-0.5	present=4	-0.5	1	0.18872187554086717	0.5145731728297545	-5.368069876532087	70	0.4857142857142857	0.4857142857142857	1.0	1.0	8	0.375	0	1.0	F80_TOP_TEXT_POSITIONS:-0.500000:1	F80_TOP_TEXT_POSITIONS:0.000000:0	f80:0.000000:0	1	1		NOT_EVALUATED_POSTSELECTED_JOINT	NO_UNCERTAIN_ROWS	ONE_INFORMATIVE_ARRAY;ONE_POSITIVE_FOLIO;POSTSELECTED_COMBINATION;EDITION_ROBUSTNESS_NOT_EVALUATED	Postselected depth-2 exploratory combination.	483
F80_INTEGER_VS_HALFSTEP	565af2b03310	HALF_STEP_VS_INTEGER	(FAMILY_SUFFIX_1:C)_OR_(FAMILY_SUFFIX_3:ABA)	JOINT_DEPTH2		LIKELY_PAGE_CONFOUND	8	4	4	4	3	1	0.5	present=4	0.5	1	0.18872187554086717	0.5145731728297545	-5.368069876532087	70	0.4857142857142857	0.4857142857142857	1.0	1.0	8	0.5	0	1.0	F80_TOP_TEXT_POSITIONS:0.500000:1	F80_TOP_TEXT_POSITIONS:0.000000:0	f80:0.000000:0	1	1		NOT_EVALUATED_POSTSELECTED_JOINT	NO_UNCERTAIN_ROWS	ONE_INFORMATIVE_ARRAY;ONE_POSITIVE_FOLIO;POSTSELECTED_COMBINATION;EDITION_ROBUSTNESS_NOT_EVALUATED	Postselected depth-2 exploratory combination.	484
F80_INTEGER_VS_HALFSTEP	a9e8c32799ee	HALF_STEP_VS_INTEGER	(MEMBER_TOKEN_ZL3b:A2)_AND_(FAMILY_1GRAM:Q)	JOINT_DEPTH2		LIKELY_PAGE_CONFOUND	8	4	4	4	1	3	-0.5	present=4	-0.5	1	0.18872187554086717	0.5145731728297545	-5.368069876532087	70	0.4857142857142857	0.4857142857142857	1.0	1.0	8	0.5	0	1.0	F80_TOP_TEXT_POSITIONS:-0.500000:1	F80_TOP_TEXT_POSITIONS:0.000000:0	f80:0.000000:0	1	1		NOT_EVALUATED_POSTSELECTED_JOINT	NO_UNCERTAIN_ROWS	ONE_INFORMATIVE_ARRAY;ONE_POSITIVE_FOLIO;POSTSELECTED_COMBINATION;EDITION_ROBUSTNESS_NOT_EVALUATED	Postselected depth-2 exploratory combination.	485
F80_INTEGER_VS_HALFSTEP	83fa3cfd8eba	HALF_STEP_VS_INTEGER	(MEMBER_TOKEN_ZL3b:A2)_AND_(SYMBOL_COUNT_GE:5)	JOINT_DEPTH2		LIKELY_PAGE_CONFOUND	8	4	4	4	1	3	-0.5	present=4	-0.5	1	0.18872187554086717	0.5145731728297545	-5.368069876532087	70	0.4857142857142857	0.4857142857142857	1.0	1.0	8	0.5	0	1.0	F80_TOP_TEXT_POSITIONS:-0.500000:1	F80_TOP_TEXT_POSITIONS:0.000000:0	f80:0.000000:0	1	1		NOT_EVALUATED_POSTSELECTED_JOINT	NO_UNCERTAIN_ROWS	ONE_INFORMATIVE_ARRAY;ONE_POSITIVE_FOLIO;POSTSELECTED_COMBINATION;EDITION_ROBUSTNESS_NOT_EVALUATED	Postselected depth-2 exploratory combination.	486
F80_INTEGER_VS_HALFSTEP	afeabd0788d2	HALF_STEP_VS_INTEGER	(MEMBER_TOKEN_ZL3b:B1)_OR_(MEMBER_TOKEN_IT2a:A3)	JOINT_DEPTH2		LIKELY_PAGE_CONFOUND	8	4	4	4	1	3	-0.5	present=4	-0.5	1	0.18872187554086717	0.5145731728297545	-5.368069876532087	70	0.4857142857142857	0.4857142857142857	1.0	1.0	8	0.5	0	1.0	F80_TOP_TEXT_POSITIONS:-0.500000:1	F80_TOP_TEXT_POSITIONS:0.000000:0	f80:0.000000:0	1	1		NOT_EVALUATED_POSTSELECTED_JOINT	NO_UNCERTAIN_ROWS	ONE_INFORMATIVE_ARRAY;ONE_POSITIVE_FOLIO;POSTSELECTED_COMBINATION;EDITION_ROBUSTNESS_NOT_EVALUATED	Postselected depth-2 exploratory combination.	487
F80_INTEGER_VS_HALFSTEP	9b3c70d6b69e	HALF_STEP_VS_INTEGER	FAMILY_SUFFIX_2:BA	FAMILY_COMPONENT	FAMILY_SUFFIX_2:BA;FAMILY_2GRAM:BA	LIKELY_PAGE_CONFOUND	8	4	4	4	1	3	-0.5	present=4	-0.5	1	0.18872187554086717	0.5145731728297545	-5.368069876532087	70	0.4857142857142857	0.4857142857142857	1.0	1.0	8	0.5	0	1.0	F80_TOP_TEXT_POSITIONS:-0.500000:1	F80_TOP_TEXT_POSITIONS:0.000000:0	f80:0.000000:0	1	1	1.0	ZL3b:-0.500000;IT2a:-0.500000;RF1b:-0.500000	NO_UNCERTAIN_ROWS	ONE_INFORMATIVE_ARRAY;ONE_POSITIVE_FOLIO		488
F80_INTEGER_VS_HALFSTEP	870f048468e0	HALF_STEP_VS_INTEGER	TOTAL_SYMBOL_COUNT	NUMERIC_CONSTRUCTION	TOTAL_SYMBOL_COUNT	LIKELY_PAGE_CONFOUND	8	4	4		4.5	5.5	-1.0	categories=4,5,8	-1.0	1	0.15563906222956642	-0.5443205162238112	-6.426963565585653	70	0.6285714285714286	1.0	0.7428571428571429	1.0	8	0.625	0	1.0	F80_TOP_TEXT_POSITIONS:-1.000000:1	F80_TOP_TEXT_POSITIONS:0.000000:0	f80:0.000000:0	1	1	1.0	ZL3b:-1.000000;IT2a:-1.000000;RF1b:-1.000000	NO_UNCERTAIN_ROWS	ONE_INFORMATIVE_ARRAY;ONE_POSITIVE_FOLIO;FEATURE_IS_LENGTH	Numeric source-native family-symbol count.	489
F80_INTEGER_VS_HALFSTEP	5a4e52ad287c	HALF_STEP_VS_INTEGER	(FAMILY_1GRAM:B)_AND_(MEMBER_TOKEN_ZL3b:Q1)	JOINT_DEPTH2		LIKELY_PAGE_CONFOUND	8	4	4	3	1	2	-0.25	present=3	-0.25	1	0.0487949406953985	-0.5443205162238147	-6.426963565585656	70	1.0	1.0	1.0	1.0	8	1.0	0	1.0	F80_TOP_TEXT_POSITIONS:-0.250000:1	F80_TOP_TEXT_POSITIONS:0.000000:0	f80:0.000000:0	1	1		NOT_EVALUATED_POSTSELECTED_JOINT	NO_UNCERTAIN_ROWS	ONE_INFORMATIVE_ARRAY;ONE_POSITIVE_FOLIO;POSTSELECTED_COMBINATION;EDITION_ROBUSTNESS_NOT_EVALUATED	Postselected depth-2 exploratory combination.	490
F80_INTEGER_VS_HALFSTEP	f4e7a1fdfb41	HALF_STEP_VS_INTEGER	(FAMILY_1GRAM:C)_OR_(FAMILY_PREFIX_2:AB)	JOINT_DEPTH2		LIKELY_PAGE_CONFOUND	8	4	4	5	3	2	0.25	present=5	0.25	1	0.0487949406953985	-0.5443205162238147	-6.426963565585656	70	1.0	1.0	1.0	1.0	8	1.0	0	1.0	F80_TOP_TEXT_POSITIONS:0.250000:1	F80_TOP_TEXT_POSITIONS:0.000000:0	f80:0.000000:0	1	1		NOT_EVALUATED_POSTSELECTED_JOINT	NO_UNCERTAIN_ROWS	ONE_INFORMATIVE_ARRAY;ONE_POSITIVE_FOLIO;POSTSELECTED_COMBINATION;EDITION_ROBUSTNESS_NOT_EVALUATED	Postselected depth-2 exploratory combination.	491
F80_INTEGER_VS_HALFSTEP	f364d764772e	HALF_STEP_VS_INTEGER	(FAMILY_1GRAM:C)_OR_(MEMBER_TOKEN_IT2a:A3)	JOINT_DEPTH2		LIKELY_PAGE_CONFOUND	8	4	4	5	3	2	0.25	present=5	0.25	1	0.0487949406953985	-0.5443205162238147	-6.426963565585656	70	1.0	1.0	1.0	1.0	8	1.0	0	1.0	F80_TOP_TEXT_POSITIONS:0.250000:1	F80_TOP_TEXT_POSITIONS:0.000000:0	f80:0.000000:0	1	1		NOT_EVALUATED_POSTSELECTED_JOINT	NO_UNCERTAIN_ROWS	ONE_INFORMATIVE_ARRAY;ONE_POSITIVE_FOLIO;POSTSELECTED_COMBINATION;EDITION_ROBUSTNESS_NOT_EVALUATED	Postselected depth-2 exploratory combination.	492
F80_INTEGER_VS_HALFSTEP	aa44380699fa	HALF_STEP_VS_INTEGER	(FAMILY_1GRAM:C)_OR_(MEMBER_TOKEN_ZL3b:B1)	JOINT_DEPTH2		LIKELY_PAGE_CONFOUND	8	4	4	5	3	2	0.25	present=5	0.25	1	0.0487949406953985	-0.5443205162238147	-6.426963565585656	70	1.0	1.0	1.0	1.0	8	1.0	0	1.0	F80_TOP_TEXT_POSITIONS:0.250000:1	F80_TOP_TEXT_POSITIONS:0.000000:0	f80:0.000000:0	1	1		NOT_EVALUATED_POSTSELECTED_JOINT	NO_UNCERTAIN_ROWS	ONE_INFORMATIVE_ARRAY;ONE_POSITIVE_FOLIO;POSTSELECTED_COMBINATION;EDITION_ROBUSTNESS_NOT_EVALUATED	Postselected depth-2 exploratory combination.	493
F80_INTEGER_VS_HALFSTEP	e107709e1db3	HALF_STEP_VS_INTEGER	(FAMILY_3GRAM:QAB)_OR_(MEMBER_TOKEN_IT2a:A3)	JOINT_DEPTH2		LIKELY_PAGE_CONFOUND	8	4	4	4	2	2	0.0	present=4	0.0	1	0.0	-0.9593580155026533	-6.842001064864495	70	1.0	1.0	1.0	1.0	8	1.0	0	1.0	F80_TOP_TEXT_POSITIONS:0.000000:1	F80_TOP_TEXT_POSITIONS:0.000000:0	f80:0.000000:0	1	1		NOT_EVALUATED_POSTSELECTED_JOINT	NO_UNCERTAIN_ROWS	ONE_INFORMATIVE_ARRAY;ONE_POSITIVE_FOLIO;POSTSELECTED_COMBINATION;EDITION_ROBUSTNESS_NOT_EVALUATED	Postselected depth-2 exploratory combination.	494
F80_INTEGER_VS_HALFSTEP	8c7e54a05014	HALF_STEP_VS_INTEGER	(FAMILY_3GRAM:QAC)_OR_(MEMBER_TOKEN_ZL3b:B1)	JOINT_DEPTH2		LIKELY_PAGE_CONFOUND	8	4	4	4	2	2	0.0	present=4	0.0	1	0.0	-0.9593580155026533	-6.842001064864495	70	1.0	1.0	1.0	1.0	8	1.0	0	1.0	F80_TOP_TEXT_POSITIONS:0.000000:1	F80_TOP_TEXT_POSITIONS:0.000000:0	f80:0.000000:0	1	1		NOT_EVALUATED_POSTSELECTED_JOINT	NO_UNCERTAIN_ROWS	ONE_INFORMATIVE_ARRAY;ONE_POSITIVE_FOLIO;POSTSELECTED_COMBINATION;EDITION_ROBUSTNESS_NOT_EVALUATED	Postselected depth-2 exploratory combination.	495
F80_INTEGER_VS_HALFSTEP	71dfef3df74c	HALF_STEP_VS_INTEGER	(FAMILY_PREFIX_2:AB)_OR_(FAMILY_3GRAM:QAC)	JOINT_DEPTH2		LIKELY_PAGE_CONFOUND	8	4	4	4	2	2	0.0	present=4	0.0	1	0.0	-0.9593580155026533	-6.842001064864495	70	1.0	1.0	1.0	1.0	8	1.0	0	1.0	F80_TOP_TEXT_POSITIONS:0.000000:1	F80_TOP_TEXT_POSITIONS:0.000000:0	f80:0.000000:0	1	1		NOT_EVALUATED_POSTSELECTED_JOINT	NO_UNCERTAIN_ROWS	ONE_INFORMATIVE_ARRAY;ONE_POSITIVE_FOLIO;POSTSELECTED_COMBINATION;EDITION_ROBUSTNESS_NOT_EVALUATED	Postselected depth-2 exploratory combination.	496
F80_INTEGER_VS_HALFSTEP	931bcdd25ecc	HALF_STEP_VS_INTEGER	(FAMILY_PREFIX_2:AB)_OR_(MEMBER_TOKEN_ZL3b:Q1)	JOINT_DEPTH2		LIKELY_PAGE_CONFOUND	8	4	4	6	3	3	0.0	present=6	0.0	1	0.0	-0.8073549220576108	-6.689997971419452	70	1.0	1.0	1.0	1.0	8	1.0	0	1.0	F80_TOP_TEXT_POSITIONS:0.000000:1	F80_TOP_TEXT_POSITIONS:0.000000:0	f80:0.000000:0	1	1		NOT_EVALUATED_POSTSELECTED_JOINT	NO_UNCERTAIN_ROWS	ONE_INFORMATIVE_ARRAY;ONE_POSITIVE_FOLIO;POSTSELECTED_COMBINATION;EDITION_ROBUSTNESS_NOT_EVALUATED	Postselected depth-2 exploratory combination.	497
F80_INTEGER_VS_HALFSTEP	7b0b794db83e	HALF_STEP_VS_INTEGER	(FAMILY_SUFFIX_1:A)_AND_(FAMILY_1GRAM:Q)	JOINT_DEPTH2		LIKELY_PAGE_CONFOUND	8	4	4	5	2	3	-0.25	present=5	-0.25	1	0.0487949406953985	-0.5443205162238147	-6.426963565585656	70	1.0	1.0	1.0	1.0	8	1.0	0	1.0	F80_TOP_TEXT_POSITIONS:-0.250000:1	F80_TOP_TEXT_POSITIONS:0.000000:0	f80:0.000000:0	1	1		NOT_EVALUATED_POSTSELECTED_JOINT	NO_UNCERTAIN_ROWS	ONE_INFORMATIVE_ARRAY;ONE_POSITIVE_FOLIO;POSTSELECTED_COMBINATION;EDITION_ROBUSTNESS_NOT_EVALUATED	Postselected depth-2 exploratory combination.	498
F80_INTEGER_VS_HALFSTEP	a3d081d84f88	HALF_STEP_VS_INTEGER	(FAMILY_SUFFIX_1:A)_AND_(FAMILY_PREFIX_2:AQ)	JOINT_DEPTH2		LIKELY_PAGE_CONFOUND	8	4	4	4	2	2	0.0	present=4	0.0	1	0.0	-0.9593580155026533	-6.842001064864495	70	1.0	1.0	1.0	1.0	8	1.0	0	1.0	F80_TOP_TEXT_POSITIONS:0.000000:1	F80_TOP_TEXT_POSITIONS:0.000000:0	f80:0.000000:0	1	1		NOT_EVALUATED_POSTSELECTED_JOINT	NO_UNCERTAIN_ROWS	ONE_INFORMATIVE_ARRAY;ONE_POSITIVE_FOLIO;POSTSELECTED_COMBINATION;EDITION_ROBUSTNESS_NOT_EVALUATED	Postselected depth-2 exploratory combination.	499
F80_INTEGER_VS_HALFSTEP	f6ca73b5387f	HALF_STEP_VS_INTEGER	(FAMILY_SUFFIX_1:A)_AND_(MEMBER_TOKEN_ZL3b:Q1)	JOINT_DEPTH2		LIKELY_PAGE_CONFOUND	8	4	4	4	2	2	0.0	present=4	0.0	1	0.0	-0.9593580155026533	-6.842001064864495	70	1.0	1.0	1.0	1.0	8	1.0	0	1.0	F80_TOP_TEXT_POSITIONS:0.000000:1	F80_TOP_TEXT_POSITIONS:0.000000:0	f80:0.000000:0	1	1		NOT_EVALUATED_POSTSELECTED_JOINT	NO_UNCERTAIN_ROWS	ONE_INFORMATIVE_ARRAY;ONE_POSITIVE_FOLIO;POSTSELECTED_COMBINATION;EDITION_ROBUSTNESS_NOT_EVALUATED	Postselected depth-2 exploratory combination.	500
F80_INTEGER_VS_HALFSTEP	2bc42578dc60	HALF_STEP_VS_INTEGER	(FAMILY_SUFFIX_1:C)_OR_(FAMILY_3GRAM:QAB)	JOINT_DEPTH2		LIKELY_PAGE_CONFOUND	8	4	4	5	3	2	0.25	present=5	0.25	1	0.0487949406953985	-0.5443205162238147	-6.426963565585656	70	1.0	1.0	1.0	1.0	8	1.0	0	1.0	F80_TOP_TEXT_POSITIONS:0.250000:1	F80_TOP_TEXT_POSITIONS:0.000000:0	f80:0.000000:0	1	1		NOT_EVALUATED_POSTSELECTED_JOINT	NO_UNCERTAIN_ROWS	ONE_INFORMATIVE_ARRAY;ONE_POSITIVE_FOLIO;POSTSELECTED_COMBINATION;EDITION_ROBUSTNESS_NOT_EVALUATED	Postselected depth-2 exploratory combination.	501
F80_INTEGER_VS_HALFSTEP	de109473dd5e	HALF_STEP_VS_INTEGER	(FAMILY_SUFFIX_1:C)_OR_(FAMILY_PREFIX_2:AB)	JOINT_DEPTH2		LIKELY_PAGE_CONFOUND	8	4	4	4	2	2	0.0	present=4	0.0	1	0.0	-0.9593580155026533	-6.842001064864495	70	1.0	1.0	1.0	1.0	8	1.0	0	1.0	F80_TOP_TEXT_POSITIONS:0.000000:1	F80_TOP_TEXT_POSITIONS:0.000000:0	f80:0.000000:0	1	1		NOT_EVALUATED_POSTSELECTED_JOINT	NO_UNCERTAIN_ROWS	ONE_INFORMATIVE_ARRAY;ONE_POSITIVE_FOLIO;POSTSELECTED_COMBINATION;EDITION_ROBUSTNESS_NOT_EVALUATED	Postselected depth-2 exploratory combination.	502
F80_INTEGER_VS_HALFSTEP	4883f4eaec96	HALF_STEP_VS_INTEGER	(FAMILY_SUFFIX_1:C)_OR_(FAMILY_SUFFIX_2:BA)	JOINT_DEPTH2		LIKELY_PAGE_CONFOUND	8	4	4	6	3	3	0.0	present=6	0.0	1	0.0	-0.8073549220576108	-6.689997971419452	70	1.0	1.0	1.0	1.0	8	1.0	0	1.0	F80_TOP_TEXT_POSITIONS:0.000000:1	F80_TOP_TEXT_POSITIONS:0.000000:0	f80:0.000000:0	1	1		NOT_EVALUATED_POSTSELECTED_JOINT	NO_UNCERTAIN_ROWS	ONE_INFORMATIVE_ARRAY;ONE_POSITIVE_FOLIO;POSTSELECTED_COMBINATION;EDITION_ROBUSTNESS_NOT_EVALUATED	Postselected depth-2 exploratory combination.	503
F80_INTEGER_VS_HALFSTEP	2049beb48a28	HALF_STEP_VS_INTEGER	(FAMILY_SUFFIX_1:C)_OR_(MEMBER_TOKEN_IT2a:A3)	JOINT_DEPTH2		LIKELY_PAGE_CONFOUND	8	4	4	4	2	2	0.0	present=4	0.0	1	0.0	-0.9593580155026533	-6.842001064864495	70	1.0	1.0	1.0	1.0	8	1.0	0	1.0	F80_TOP_TEXT_POSITIONS:0.000000:1	F80_TOP_TEXT_POSITIONS:0.000000:0	f80:0.000000:0	1	1		NOT_EVALUATED_POSTSELECTED_JOINT	NO_UNCERTAIN_ROWS	ONE_INFORMATIVE_ARRAY;ONE_POSITIVE_FOLIO;POSTSELECTED_COMBINATION;EDITION_ROBUSTNESS_NOT_EVALUATED	Postselected depth-2 exploratory combination.	504
F80_INTEGER_VS_HALFSTEP	74b6436c219c	HALF_STEP_VS_INTEGER	(FAMILY_SUFFIX_1:C)_OR_(MEMBER_TOKEN_ZL3b:B1)	JOINT_DEPTH2		LIKELY_PAGE_CONFOUND	8	4	4	4	2	2	0.0	present=4	0.0	1	0.0	-0.9593580155026533	-6.842001064864495	70	1.0	1.0	1.0	1.0	8	1.0	0	1.0	F80_TOP_TEXT_POSITIONS:0.000000:1	F80_TOP_TEXT_POSITIONS:0.000000:0	f80:0.000000:0	1	1		NOT_EVALUATED_POSTSELECTED_JOINT	NO_UNCERTAIN_ROWS	ONE_INFORMATIVE_ARRAY;ONE_POSITIVE_FOLIO;POSTSELECTED_COMBINATION;EDITION_ROBUSTNESS_NOT_EVALUATED	Postselected depth-2 exploratory combination.	505
F80_INTEGER_VS_HALFSTEP	2b6d676797e9	HALF_STEP_VS_INTEGER	(FAMILY_SUFFIX_2:BA)_OR_(FAMILY_3GRAM:QAC)	JOINT_DEPTH2		LIKELY_PAGE_CONFOUND	8	4	4	6	3	3	0.0	present=6	0.0	1	0.0	-0.8073549220576108	-6.689997971419452	70	1.0	1.0	1.0	1.0	8	1.0	0	1.0	F80_TOP_TEXT_POSITIONS:0.000000:1	F80_TOP_TEXT_POSITIONS:0.000000:0	f80:0.000000:0	1	1		NOT_EVALUATED_POSTSELECTED_JOINT	NO_UNCERTAIN_ROWS	ONE_INFORMATIVE_ARRAY;ONE_POSITIVE_FOLIO;POSTSELECTED_COMBINATION;EDITION_ROBUSTNESS_NOT_EVALUATED	Postselected depth-2 exploratory combination.	506
F80_INTEGER_VS_HALFSTEP	779ac5110619	HALF_STEP_VS_INTEGER	(FAMILY_SUFFIX_2:BA)_OR_(MEMBER_TOKEN_IT2a:A3)	JOINT_DEPTH2		LIKELY_PAGE_CONFOUND	8	4	4	5	2	3	-0.25	present=5	-0.25	1	0.0487949406953985	-0.5443205162238147	-6.426963565585656	70	1.0	1.0	1.0	1.0	8	1.0	0	1.0	F80_TOP_TEXT_POSITIONS:-0.250000:1	F80_TOP_TEXT_POSITIONS:0.000000:0	f80:0.000000:0	1	1		NOT_EVALUATED_POSTSELECTED_JOINT	NO_UNCERTAIN_ROWS	ONE_INFORMATIVE_ARRAY;ONE_POSITIVE_FOLIO;POSTSELECTED_COMBINATION;EDITION_ROBUSTNESS_NOT_EVALUATED	Postselected depth-2 exploratory combination.	507
F80_INTEGER_VS_HALFSTEP	ea0fef659f21	HALF_STEP_VS_INTEGER	(MEMBER_TOKEN_ZL3b:A2)_AND_(FAMILY_PREFIX_2:AQ)	JOINT_DEPTH2		LIKELY_PAGE_CONFOUND	8	4	4	3	1	2	-0.25	present=3	-0.25	1	0.0487949406953985	-0.5443205162238147	-6.426963565585656	70	1.0	1.0	1.0	1.0	8	1.0	0	1.0	F80_TOP_TEXT_POSITIONS:-0.250000:1	F80_TOP_TEXT_POSITIONS:0.000000:0	f80:0.000000:0	1	1		NOT_EVALUATED_POSTSELECTED_JOINT	NO_UNCERTAIN_ROWS	ONE_INFORMATIVE_ARRAY;ONE_POSITIVE_FOLIO;POSTSELECTED_COMBINATION;EDITION_ROBUSTNESS_NOT_EVALUATED	Postselected depth-2 exploratory combination.	508
F80_INTEGER_VS_HALFSTEP	5b8ac6aaf7ea	HALF_STEP_VS_INTEGER	(MEMBER_TOKEN_ZL3b:A2)_AND_(MEMBER_TOKEN_ZL3b:Q1)	JOINT_DEPTH2		LIKELY_PAGE_CONFOUND	8	4	4	3	1	2	-0.25	present=3	-0.25	1	0.0487949406953985	-0.5443205162238147	-6.426963565585656	70	1.0	1.0	1.0	1.0	8	1.0	0	1.0	F80_TOP_TEXT_POSITIONS:-0.250000:1	F80_TOP_TEXT_POSITIONS:0.000000:0	f80:0.000000:0	1	1		NOT_EVALUATED_POSTSELECTED_JOINT	NO_UNCERTAIN_ROWS	ONE_INFORMATIVE_ARRAY;ONE_POSITIVE_FOLIO;POSTSELECTED_COMBINATION;EDITION_ROBUSTNESS_NOT_EVALUATED	Postselected depth-2 exploratory combination.	509
F80_INTEGER_VS_HALFSTEP	8cf9f955af50	HALF_STEP_VS_INTEGER	(MEMBER_TOKEN_ZL3b:B1)_OR_(MEMBER_TOKEN_ZL3b:A3)	JOINT_DEPTH2		LIKELY_PAGE_CONFOUND	8	4	4	5	2	3	-0.25	present=5	-0.25	1	0.0487949406953985	-0.5443205162238147	-6.426963565585656	70	1.0	1.0	1.0	1.0	8	1.0	0	1.0	F80_TOP_TEXT_POSITIONS:-0.250000:1	F80_TOP_TEXT_POSITIONS:0.000000:0	f80:0.000000:0	1	1		NOT_EVALUATED_POSTSELECTED_JOINT	NO_UNCERTAIN_ROWS	ONE_INFORMATIVE_ARRAY;ONE_POSITIVE_FOLIO;POSTSELECTED_COMBINATION;EDITION_ROBUSTNESS_NOT_EVALUATED	Postselected depth-2 exploratory combination.	510
F80_INTEGER_VS_HALFSTEP	42a6d84a3f5c	HALF_STEP_VS_INTEGER	(MEMBER_TOKEN_ZL3b:Q1)_AND_(MEMBER_TOKEN_IT2a:A3)	JOINT_DEPTH2		LIKELY_PAGE_CONFOUND	8	4	4	2	1	1	0.0	present=2	0.0	1	0.0	-0.8073549220576108	-6.689997971419452	70	1.0	1.0	1.0	1.0	8	1.0	0	1.0	F80_TOP_TEXT_POSITIONS:0.000000:1	F80_TOP_TEXT_POSITIONS:0.000000:0	f80:0.000000:0	1	1		NOT_EVALUATED_POSTSELECTED_JOINT	NO_UNCERTAIN_ROWS	ONE_INFORMATIVE_ARRAY;ONE_POSITIVE_FOLIO;POSTSELECTED_COMBINATION;EDITION_ROBUSTNESS_NOT_EVALUATED	Postselected depth-2 exploratory combination.	511
F80_INTEGER_VS_HALFSTEP	05c597a2ec1c	HALF_STEP_VS_INTEGER	(MEMBER_TOKEN_ZL3b:Q1)_AND_(MEMBER_TOKEN_ZL3b:A3)	JOINT_DEPTH2		LIKELY_PAGE_CONFOUND	8	4	4	3	2	1	0.25	present=3	0.25	1	0.0487949406953985	-0.5443205162238147	-6.426963565585656	70	1.0	1.0	1.0	1.0	8	1.0	0	1.0	F80_TOP_TEXT_POSITIONS:0.250000:1	F80_TOP_TEXT_POSITIONS:0.000000:0	f80:0.000000:0	1	1		NOT_EVALUATED_POSTSELECTED_JOINT	NO_UNCERTAIN_ROWS	ONE_INFORMATIVE_ARRAY;ONE_POSITIVE_FOLIO;POSTSELECTED_COMBINATION;EDITION_ROBUSTNESS_NOT_EVALUATED	Postselected depth-2 exploratory combination.	512
F80_INTEGER_VS_HALFSTEP	6190341649ab	HALF_STEP_VS_INTEGER	(SYMBOL_COUNT_GE:5)_AND_(MEMBER_TOKEN_ZL3b:Q1)	JOINT_DEPTH2		LIKELY_PAGE_CONFOUND	8	4	4	3	2	1	0.25	present=3	0.25	1	0.0487949406953985	-0.5443205162238147	-6.426963565585656	70	1.0	1.0	1.0	1.0	8	1.0	0	1.0	F80_TOP_TEXT_POSITIONS:0.250000:1	F80_TOP_TEXT_POSITIONS:0.000000:0	f80:0.000000:0	1	1		NOT_EVALUATED_POSTSELECTED_JOINT	NO_UNCERTAIN_ROWS	ONE_INFORMATIVE_ARRAY;ONE_POSITIVE_FOLIO;POSTSELECTED_COMBINATION;EDITION_ROBUSTNESS_NOT_EVALUATED	Postselected depth-2 exploratory combination.	513
F80_INTEGER_VS_HALFSTEP	d1f4a27692e9	HALF_STEP_VS_INTEGER	FAMILY_1GRAM:Q	FAMILY_COMPONENT	FAMILY_1GRAM:Q;FAMILY_2GRAM:QA	LIKELY_PAGE_CONFOUND	8	4	4	6	3	3	0.0	present=6	0.0	1	0.0	-0.8073549220576108	-6.689997971419452	70	1.0	1.0	1.0	1.0	8	1.0	0	1.0	F80_TOP_TEXT_POSITIONS:0.000000:1	F80_TOP_TEXT_POSITIONS:0.000000:0	f80:0.000000:0	1	1	1.0	ZL3b:0.000000;IT2a:0.000000;RF1b:0.000000	NO_UNCERTAIN_ROWS	ONE_INFORMATIVE_ARRAY;ONE_POSITIVE_FOLIO		514
F80_INTEGER_VS_HALFSTEP	b4337f43fba0	HALF_STEP_VS_INTEGER	FAMILY_3GRAM:QAB	FAMILY_COMPONENT	FAMILY_3GRAM:QAB	LIKELY_PAGE_CONFOUND	8	4	4	3	1	2	-0.25	present=3	-0.25	1	0.0487949406953985	-0.5443205162238147	-6.426963565585656	70	1.0	1.0	1.0	1.0	8	1.0	0	1.0	F80_TOP_TEXT_POSITIONS:-0.250000:1	F80_TOP_TEXT_POSITIONS:0.000000:0	f80:0.000000:0	1	1	1.0	ZL3b:-0.250000;IT2a:-0.250000;RF1b:-0.250000	NO_UNCERTAIN_ROWS	ONE_INFORMATIVE_ARRAY;ONE_POSITIVE_FOLIO		515
F80_INTEGER_VS_HALFSTEP	a69020f48d33	HALF_STEP_VS_INTEGER	FAMILY_PREFIX_2:AQ	FAMILY_COMPONENT	FAMILY_PREFIX_2:AQ;FAMILY_PREFIX_3:AQA;FAMILY_2GRAM:AQ;FAMILY_3GRAM:AQA	LIKELY_PAGE_CONFOUND	8	4	4	5	3	2	0.25	present=5	0.25	1	0.0487949406953985	-0.5443205162238147	-6.426963565585656	70	1.0	1.0	1.0	1.0	8	1.0	0	1.0	F80_TOP_TEXT_POSITIONS:0.250000:1	F80_TOP_TEXT_POSITIONS:0.000000:0	f80:0.000000:0	1	1	1.0	ZL3b:0.250000;IT2a:0.250000;RF1b:0.250000	NO_UNCERTAIN_ROWS	ONE_INFORMATIVE_ARRAY;ONE_POSITIVE_FOLIO		516
F80_INTEGER_VS_HALFSTEP	d2c8e4aa9e92	HALF_STEP_VS_INTEGER	FAMILY_SUFFIX_3:ABA	FAMILY_COMPONENT	FAMILY_SUFFIX_3:ABA;FAMILY_3GRAM:ABA;EXACT_FAMILY:AQABA	LIKELY_PAGE_CONFOUND	8	4	4	2	1	1	0.0	present=2	0.0	1	0.0	-0.8073549220576108	-6.689997971419452	70	1.0	1.0	1.0	1.0	8	1.0	0	1.0	F80_TOP_TEXT_POSITIONS:0.000000:1	F80_TOP_TEXT_POSITIONS:0.000000:0	f80:0.000000:0	1	1	1.0	ZL3b:0.000000;IT2a:0.000000;RF1b:0.000000	NO_UNCERTAIN_ROWS	ONE_INFORMATIVE_ARRAY;ONE_POSITIVE_FOLIO		517
F80_INTEGER_VS_HALFSTEP	c775bb5d201b	HALF_STEP_VS_INTEGER	MEMBER_TOKEN_IT2a:A3	MEMBER_CODE	MEMBER_TOKEN_IT2a:A3;MEMBER_TOKEN_RF1b:A3	LIKELY_PAGE_CONFOUND	8	4	4	3	1	2	-0.25	present=3	-0.25	1	0.0487949406953985	-0.5443205162238147	-6.426963565585656	70	1.0	1.0	1.0	1.0	8	1.0	0	1.0	F80_TOP_TEXT_POSITIONS:-0.250000:1	F80_TOP_TEXT_POSITIONS:0.000000:0	f80:0.000000:0	1	1	0.75	ZL3b:0.000000;IT2a:-0.250000;RF1b:-0.250000	NO_UNCERTAIN_ROWS	ONE_INFORMATIVE_ARRAY;ONE_POSITIVE_FOLIO	primary edition=IT2a	518
F80_INTEGER_VS_HALFSTEP	d5f604012957	HALF_STEP_VS_INTEGER	MEMBER_TOKEN_ZL3b:A3	MEMBER_CODE	MEMBER_TOKEN_ZL3b:A3	LIKELY_PAGE_CONFOUND	8	4	4	4	2	2	0.0	present=4	0.0	1	0.0	-0.9593580155026533	-6.842001064864495	70	1.0	1.0	1.0	1.0	8	1.0	0	1.0	F80_TOP_TEXT_POSITIONS:0.000000:1	F80_TOP_TEXT_POSITIONS:0.000000:0	f80:0.000000:0	1	1	0.75	ZL3b:0.000000;IT2a:-0.250000;RF1b:-0.250000	NO_UNCERTAIN_ROWS	ONE_INFORMATIVE_ARRAY;ONE_POSITIVE_FOLIO	primary edition=ZL3b	519
F80_INTEGER_VS_HALFSTEP	ce7376fed070	HALF_STEP_VS_INTEGER	MEMBER_TOKEN_ZL3b:Q1	MEMBER_CODE	MEMBER_TOKEN_ZL3b:Q1;MEMBER_TOKEN_IT2a:Q1;MEMBER_TOKEN_RF1b:Q1	LIKELY_PAGE_CONFOUND	8	4	4	5	3	2	0.25	present=5	0.25	1	0.0487949406953985	-0.5443205162238147	-6.426963565585656	70	1.0	1.0	1.0	1.0	8	1.0	0	1.0	F80_TOP_TEXT_POSITIONS:0.250000:1	F80_TOP_TEXT_POSITIONS:0.000000:0	f80:0.000000:0	1	1	1.0	ZL3b:0.250000;IT2a:0.250000;RF1b:0.250000	NO_UNCERTAIN_ROWS	ONE_INFORMATIVE_ARRAY;ONE_POSITIVE_FOLIO	primary edition=ZL3b	520
F80_INTEGER_VS_HALFSTEP	fddaea1ba539	HALF_STEP_VS_INTEGER	SYMBOL_COUNT_GE:5	CONSTRUCTION	SYMBOL_COUNT_GE:5	LIKELY_PAGE_CONFOUND	8	4	4	5	2	3	-0.25	present=5	-0.25	1	0.0487949406953985	-0.5443205162238147	-6.426963565585656	70	1.0	1.0	1.0	1.0	8	1.0	0	1.0	F80_TOP_TEXT_POSITIONS:-0.250000:1	F80_TOP_TEXT_POSITIONS:0.000000:0	f80:0.000000:0	1	1	1.0	ZL3b:-0.250000;IT2a:-0.250000;RF1b:-0.250000	NO_UNCERTAIN_ROWS	ONE_INFORMATIVE_ARRAY;ONE_POSITIVE_FOLIO		521
F82_APPARATUS_VS_FIGURE	464c78d55373	APPARATUS_POSITION_VS_FIGURE_POSITION	(FAMILY_3GRAM:ACA)_AND_(MEMBER_TOKEN_ZL3b:B1)	JOINT_DEPTH2		LIKELY_PAGE_CONFOUND	13	3	10	3	3	0	1.0	present=3	1.0	1	0.7793498372920851	8.159871336778387	0.820021333893763	286	0.0034965034965034965	0.0034965034965034965	0.3006993006993007	0.11188811188811189	13	0.07692307692307693	0	1.0	f82r:1.000000:1	f82r:0.000000:0	f82:0.000000:0	1	1		NOT_EVALUATED_POSTSELECTED_JOINT	NO_UNCERTAIN_ROWS	ONE_INFORMATIVE_ARRAY;ONE_POSITIVE_FOLIO;POSTSELECTED_COMBINATION;EDITION_ROBUSTNESS_NOT_EVALUATED;ZERO_NEGATIVE_SUPPORT	Postselected depth-2 exploratory combination.	522
F82_APPARATUS_VS_FIGURE	432dd951a4a4	APPARATUS_POSITION_VS_FIGURE_POSITION	(FAMILY_1GRAM:Q)_OR_(FAMILY_3GRAM:ABA)	JOINT_DEPTH2		LIKELY_PAGE_CONFOUND	13	3	10	9	0	9	-0.9	present=9	-0.9	1	0.5297257989969673	5.233871918222168	-2.105978084662456	286	0.013986013986013986	0.013986013986013986	0.5384615384615384	0.3951048951048951	13	0.07692307692307693	0	1.0	f82r:-0.900000:1	f82r:0.000000:0	f82:0.000000:0	1	1		NOT_EVALUATED_POSTSELECTED_JOINT	NO_UNCERTAIN_ROWS	ONE_INFORMATIVE_ARRAY;ONE_POSITIVE_FOLIO;POSTSELECTED_COMBINATION;EDITION_ROBUSTNESS_NOT_EVALUATED;ZERO_POSITIVE_SUPPORT;POSSIBLE_LENGTH_CONFOUND	Postselected depth-2 exploratory combination.	523
F82_APPARATUS_VS_FIGURE	1a8fe0f40203	APPARATUS_POSITION_VS_FIGURE_POSITION	(FAMILY_2GRAM:AC)_AND_(MEMBER_TOKEN_IT2a:A3)	JOINT_DEPTH2		LIKELY_PAGE_CONFOUND	13	3	10	4	3	1	0.9	present=4	0.9	1	0.5297257989969673	5.233871918222168	-2.105978084662456	286	0.013986013986013986	0.013986013986013986	0.5384615384615384	0.3951048951048951	13	0.07692307692307693	0	1.0	f82r:0.900000:1	f82r:0.000000:0	f82:0.000000:0	1	1		NOT_EVALUATED_POSTSELECTED_JOINT	NO_UNCERTAIN_ROWS	ONE_INFORMATIVE_ARRAY;ONE_POSITIVE_FOLIO;POSTSELECTED_COMBINATION;EDITION_ROBUSTNESS_NOT_EVALUATED	Postselected depth-2 exploratory combination.	524
F82_APPARATUS_VS_FIGURE	4aa329d86ffb	APPARATUS_POSITION_VS_FIGURE_POSITION	(FAMILY_2GRAM:AC)_AND_(MEMBER_TOKEN_ZL3b:A3)	JOINT_DEPTH2		LIKELY_PAGE_CONFOUND	13	3	10	4	3	1	0.9	present=4	0.9	1	0.5297257989969673	5.233871918222168	-2.105978084662456	286	0.013986013986013986	0.013986013986013986	0.5384615384615384	0.3951048951048951	13	0.07692307692307693	0	1.0	f82r:0.900000:1	f82r:0.000000:0	f82:0.000000:0	1	1		NOT_EVALUATED_POSTSELECTED_JOINT	NO_UNCERTAIN_ROWS	ONE_INFORMATIVE_ARRAY;ONE_POSITIVE_FOLIO;POSTSELECTED_COMBINATION;EDITION_ROBUSTNESS_NOT_EVALUATED	Postselected depth-2 exploratory combination.	525
F82_APPARATUS_VS_FIGURE	36d4c8cc5191	APPARATUS_POSITION_VS_FIGURE_POSITION	(FAMILY_2GRAM:CA)_AND_(FAMILY_2GRAM:BA)	JOINT_DEPTH2		LIKELY_PAGE_CONFOUND	13	3	10	4	3	1	0.9	present=4	0.9	1	0.5297257989969673	5.233871918222168	-2.105978084662456	286	0.013986013986013986	0.013986013986013986	0.5384615384615384	0.3951048951048951	13	0.07692307692307693	0	1.0	f82r:0.900000:1	f82r:0.000000:0	f82:0.000000:0	1	1		NOT_EVALUATED_POSTSELECTED_JOINT	NO_UNCERTAIN_ROWS	ONE_INFORMATIVE_ARRAY;ONE_POSITIVE_FOLIO;POSTSELECTED_COMBINATION;EDITION_ROBUSTNESS_NOT_EVALUATED	Postselected depth-2 exploratory combination.	526
F82_APPARATUS_VS_FIGURE	0c9e90a21056	APPARATUS_POSITION_VS_FIGURE_POSITION	(FAMILY_3GRAM:CAB)_OR_(FAMILY_PREFIX_1:B)	JOINT_DEPTH2		LIKELY_PAGE_CONFOUND	13	3	10	4	3	1	0.9	present=4	0.9	1	0.5297257989969673	5.233871918222168	-2.105978084662456	286	0.013986013986013986	0.013986013986013986	0.5384615384615384	0.3951048951048951	13	0.07692307692307693	0	1.0	f82r:0.900000:1	f82r:0.000000:0	f82:0.000000:0	1	1		NOT_EVALUATED_POSTSELECTED_JOINT	NO_UNCERTAIN_ROWS	ONE_INFORMATIVE_ARRAY;ONE_POSITIVE_FOLIO;POSTSELECTED_COMBINATION;EDITION_ROBUSTNESS_NOT_EVALUATED	Postselected depth-2 exploratory combination.	527
F82_APPARATUS_VS_FIGURE	0acdc8666c9d	APPARATUS_POSITION_VS_FIGURE_POSITION	(MEMBER_TOKEN_ZL3b:B1)_AND_(MEMBER_TOKEN_RF1b:A3)	JOINT_DEPTH2		LIKELY_PAGE_CONFOUND	13	3	10	4	3	1	0.9	present=4	0.9	1	0.5297257989969673	5.233871918222168	-2.105978084662456	286	0.013986013986013986	0.013986013986013986	0.5384615384615384	0.3951048951048951	13	0.07692307692307693	0	1.0	f82r:0.900000:1	f82r:0.000000:0	f82:0.000000:0	1	1		NOT_EVALUATED_POSTSELECTED_JOINT	NO_UNCERTAIN_ROWS	ONE_INFORMATIVE_ARRAY;ONE_POSITIVE_FOLIO;POSTSELECTED_COMBINATION;EDITION_ROBUSTNESS_NOT_EVALUATED	Postselected depth-2 exploratory combination.	528
F82_APPARATUS_VS_FIGURE	65289bb29690	APPARATUS_POSITION_VS_FIGURE_POSITION	FAMILY_3GRAM:ACA	FAMILY_COMPONENT	FAMILY_3GRAM:ACA	LIKELY_PAGE_CONFOUND	13	3	10	4	3	1	0.9	present=4	0.9	1	0.5297257989969673	5.233871918222168	-2.105978084662456	286	0.013986013986013986	0.013986013986013986	0.5384615384615384	0.3951048951048951	13	0.07692307692307693	0	1.0	f82r:0.900000:1	f82r:0.000000:0	f82:0.000000:0	1	1	1.0	ZL3b:0.900000;IT2a:0.900000;RF1b:0.900000	NO_UNCERTAIN_ROWS	ONE_INFORMATIVE_ARRAY;ONE_POSITIVE_FOLIO		529
F82_APPARATUS_VS_FIGURE	895a9c451bfd	APPARATUS_POSITION_VS_FIGURE_POSITION	(FAMILY_2GRAM:AC)_AND_(SYMBOL_COUNT_GE:5)	JOINT_DEPTH2		LIKELY_PAGE_CONFOUND	13	3	10	5	3	2	0.8	present=5	0.8	1	0.4059073009633664	3.579368484247933	-3.7604815186366913	286	0.03496503496503497	0.03496503496503497	0.6993006993006993	0.8391608391608392	13	0.07692307692307693	0	1.0	f82r:0.800000:1	f82r:0.000000:0	f82:0.000000:0	1	1		NOT_EVALUATED_POSTSELECTED_JOINT	NO_UNCERTAIN_ROWS	ONE_INFORMATIVE_ARRAY;ONE_POSITIVE_FOLIO;POSTSELECTED_COMBINATION;EDITION_ROBUSTNESS_NOT_EVALUATED	Postselected depth-2 exploratory combination.	530
F82_APPARATUS_VS_FIGURE	8aab3cbaed0e	APPARATUS_POSITION_VS_FIGURE_POSITION	(FAMILY_2GRAM:QA)_OR_(FAMILY_3GRAM:ABA)	JOINT_DEPTH2		LIKELY_PAGE_CONFOUND	13	3	10	8	0	8	-0.8	present=8	-0.8	1	0.4059073009633664	3.579368484247933	-3.7604815186366913	286	0.03496503496503497	0.03496503496503497	0.6993006993006993	0.8391608391608392	13	0.07692307692307693	0	1.0	f82r:-0.800000:1	f82r:0.000000:0	f82:0.000000:0	1	1		NOT_EVALUATED_POSTSELECTED_JOINT	NO_UNCERTAIN_ROWS	ONE_INFORMATIVE_ARRAY;ONE_POSITIVE_FOLIO;POSTSELECTED_COMBINATION;EDITION_ROBUSTNESS_NOT_EVALUATED;ZERO_POSITIVE_SUPPORT;POSSIBLE_LENGTH_CONFOUND	Postselected depth-2 exploratory combination.	531
F82_APPARATUS_VS_FIGURE	eaa5bd7cc13b	APPARATUS_POSITION_VS_FIGURE_POSITION	(FAMILY_3GRAM:ACA)_OR_(FAMILY_PREFIX_1:B)	JOINT_DEPTH2		LIKELY_PAGE_CONFOUND	13	3	10	5	3	2	0.8	present=5	0.8	1	0.4059073009633664	3.579368484247933	-3.7604815186366913	286	0.03496503496503497	0.03496503496503497	0.6993006993006993	0.8391608391608392	13	0.15384615384615385	0	1.0	f82r:0.800000:1	f82r:0.000000:0	f82:0.000000:0	1	1		NOT_EVALUATED_POSTSELECTED_JOINT	NO_UNCERTAIN_ROWS	ONE_INFORMATIVE_ARRAY;ONE_POSITIVE_FOLIO;POSTSELECTED_COMBINATION;EDITION_ROBUSTNESS_NOT_EVALUATED	Postselected depth-2 exploratory combination.	532
F82_APPARATUS_VS_FIGURE	2c2ec653acf9	APPARATUS_POSITION_VS_FIGURE_POSITION	(FAMILY_PREFIX_2:AQ)_OR_(FAMILY_3GRAM:ABA)	JOINT_DEPTH2		LIKELY_PAGE_CONFOUND	13	3	10	8	0	8	-0.8	present=8	-0.8	1	0.4059073009633664	3.579368484247933	-3.7604815186366913	286	0.03496503496503497	0.03496503496503497	0.6993006993006993	0.8391608391608392	13	0.07692307692307693	0	1.0	f82r:-0.800000:1	f82r:0.000000:0	f82:0.000000:0	1	1		NOT_EVALUATED_POSTSELECTED_JOINT	NO_UNCERTAIN_ROWS	ONE_INFORMATIVE_ARRAY;ONE_POSITIVE_FOLIO;POSTSELECTED_COMBINATION;EDITION_ROBUSTNESS_NOT_EVALUATED;ZERO_POSITIVE_SUPPORT;POSSIBLE_LENGTH_CONFOUND	Postselected depth-2 exploratory combination.	533
F82_APPARATUS_VS_FIGURE	1d009705034e	APPARATUS_POSITION_VS_FIGURE_POSITION	(FAMILY_PREFIX_3:BAC)_OR_(MEMBER_TOKEN_RF1b:B1)	JOINT_DEPTH2		LIKELY_PAGE_CONFOUND	13	3	10	5	3	2	0.8	present=5	0.8	1	0.4059073009633664	3.579368484247933	-3.7604815186366913	286	0.03496503496503497	0.03496503496503497	0.6993006993006993	0.8391608391608392	13	0.07692307692307693	0	1.0	f82r:0.800000:1	f82r:0.000000:0	f82:0.000000:0	1	1		NOT_EVALUATED_POSTSELECTED_JOINT	NO_UNCERTAIN_ROWS	ONE_INFORMATIVE_ARRAY;ONE_POSITIVE_FOLIO;POSTSELECTED_COMBINATION;EDITION_ROBUSTNESS_NOT_EVALUATED	Postselected depth-2 exploratory combination.	534
F82_APPARATUS_VS_FIGURE	76d1b0530238	APPARATUS_POSITION_VS_FIGURE_POSITION	(MEMBER_TOKEN_RF1b:A3)_AND_(FAMILY_2GRAM:BA)	JOINT_DEPTH2		LIKELY_PAGE_CONFOUND	13	3	10	5	3	2	0.8	present=5	0.8	1	0.4059073009633664	3.579368484247933	-3.7604815186366913	286	0.03496503496503497	0.03496503496503497	0.6993006993006993	0.8391608391608392	13	0.07692307692307693	0	1.0	f82r:0.800000:1	f82r:0.000000:0	f82:0.000000:0	1	1		NOT_EVALUATED_POSTSELECTED_JOINT	NO_UNCERTAIN_ROWS	ONE_INFORMATIVE_ARRAY;ONE_POSITIVE_FOLIO;POSTSELECTED_COMBINATION;EDITION_ROBUSTNESS_NOT_EVALUATED	Postselected depth-2 exploratory combination.	535
F82_APPARATUS_VS_FIGURE	279cd5fef3c6	APPARATUS_POSITION_VS_FIGURE_POSITION	(MEMBER_TOKEN_ZL3b:B1)_AND_(MEMBER_TOKEN_ZL3b:A3)	JOINT_DEPTH2		LIKELY_PAGE_CONFOUND	13	3	10	5	3	2	0.8	present=5	0.8	1	0.4059073009633664	3.579368484247933	-3.7604815186366913	286	0.03496503496503497	0.03496503496503497	0.6993006993006993	0.8391608391608392	13	0.07692307692307693	0	1.0	f82r:0.800000:1	f82r:0.000000:0	f82:0.000000:0	1	1		NOT_EVALUATED_POSTSELECTED_JOINT	NO_UNCERTAIN_ROWS	ONE_INFORMATIVE_ARRAY;ONE_POSITIVE_FOLIO;POSTSELECTED_COMBINATION;EDITION_ROBUSTNESS_NOT_EVALUATED	Postselected depth-2 exploratory combination.	536
F82_APPARATUS_VS_FIGURE	cfd3794473fa	APPARATUS_POSITION_VS_FIGURE_POSITION	FAMILY_2GRAM:CA	FAMILY_COMPONENT	FAMILY_2GRAM:CA	LIKELY_PAGE_CONFOUND	13	3	10	5	3	2	0.8	present=5	0.8	1	0.4059073009633664	3.579368484247933	-3.7604815186366913	286	0.03496503496503497	0.03496503496503497	0.6993006993006993	0.8391608391608392	13	0.07692307692307693	0	1.0	f82r:0.800000:1	f82r:0.000000:0	f82:0.000000:0	1	1	1.0	ZL3b:0.800000;IT2a:0.800000;RF1b:0.800000	NO_UNCERTAIN_ROWS	ONE_INFORMATIVE_ARRAY;ONE_POSITIVE_FOLIO		537
F82_APPARATUS_VS_FIGURE	d4b6fef9d3e0	APPARATUS_POSITION_VS_FIGURE_POSITION	FAMILY_3GRAM:CAB	FAMILY_COMPONENT	FAMILY_3GRAM:CAB	LIKELY_PAGE_CONFOUND	13	3	10	2	2	0	0.6666666666666666	present=2	0.6666666666666666	1	0.40746777143542	3.963474123974885	-3.376375878909739	286	0.038461538461538464	0.038461538461538464	0.9545454545454546	0.7832167832167832	13	0.07692307692307693	0	1.0	f82r:0.666667:1	f82r:0.000000:0	f82:0.000000:0	1	1	1.0	ZL3b:0.666667;IT2a:0.666667;RF1b:0.666667	NO_UNCERTAIN_ROWS	ONE_INFORMATIVE_ARRAY;ONE_POSITIVE_FOLIO;ZERO_NEGATIVE_SUPPORT		538
F82_APPARATUS_VS_FIGURE	8c8abacc75aa	APPARATUS_POSITION_VS_FIGURE_POSITION	FAMILY_PREFIX_3:BAC	FAMILY_COMPONENT	FAMILY_PREFIX_3:BAC;FAMILY_3GRAM:BAC	LIKELY_PAGE_CONFOUND	13	3	10	2	2	0	0.6666666666666666	present=2	0.6666666666666666	1	0.40746777143542	3.963474123974885	-3.376375878909739	286	0.038461538461538464	0.038461538461538464	0.9545454545454546	0.7832167832167832	13	0.07692307692307693	0	1.0	f82r:0.666667:1	f82r:0.000000:0	f82:0.000000:0	1	1	1.0	ZL3b:0.666667;IT2a:0.666667;RF1b:0.666667	NO_UNCERTAIN_ROWS	ONE_INFORMATIVE_ARRAY;ONE_POSITIVE_FOLIO;ZERO_NEGATIVE_SUPPORT		539
F82_APPARATUS_VS_FIGURE	e7e65e9ff783	APPARATUS_POSITION_VS_FIGURE_POSITION	(FAMILY_1GRAM:C)_AND_(SYMBOL_COUNT_GE:5)	JOINT_DEPTH2		LIKELY_PAGE_CONFOUND	13	3	10	6	3	3	0.7	present=6	0.7	1	0.3178113757536236	2.4094434828056173	-4.930406520079007	286	0.06993006993006994	0.06993006993006994	0.8986013986013986	0.9405594405594405	13	0.15384615384615385	0	1.0	f82r:0.700000:1	f82r:0.000000:0	f82:0.000000:0	1	1		NOT_EVALUATED_POSTSELECTED_JOINT	NO_UNCERTAIN_ROWS	ONE_INFORMATIVE_ARRAY;ONE_POSITIVE_FOLIO;POSTSELECTED_COMBINATION;EDITION_ROBUSTNESS_NOT_EVALUATED	Postselected depth-2 exploratory combination.	540
F82_APPARATUS_VS_FIGURE	77f9cffd6a8e	APPARATUS_POSITION_VS_FIGURE_POSITION	(FAMILY_2GRAM:BA)_AND_(MEMBER_TOKEN_ZL3b:A3)	JOINT_DEPTH2		LIKELY_PAGE_CONFOUND	13	3	10	6	3	3	0.7	present=6	0.7	1	0.3178113757536236	2.4094434828056173	-4.930406520079007	286	0.06993006993006994	0.06993006993006994	0.8986013986013986	0.9405594405594405	13	0.07692307692307693	0	1.0	f82r:0.700000:1	f82r:0.000000:0	f82:0.000000:0	1	1		NOT_EVALUATED_POSTSELECTED_JOINT	NO_UNCERTAIN_ROWS	ONE_INFORMATIVE_ARRAY;ONE_POSITIVE_FOLIO;POSTSELECTED_COMBINATION;EDITION_ROBUSTNESS_NOT_EVALUATED	Postselected depth-2 exploratory combination.	541
F82_APPARATUS_VS_FIGURE	1b28151dbeb0	APPARATUS_POSITION_VS_FIGURE_POSITION	(FAMILY_2GRAM:CA)_OR_(FAMILY_PREFIX_1:B)	JOINT_DEPTH2		LIKELY_PAGE_CONFOUND	13	3	10	6	3	3	0.7	present=6	0.7	1	0.3178113757536236	2.4094434828056173	-4.930406520079007	286	0.06993006993006994	0.06993006993006994	0.8986013986013986	0.9405594405594405	13	0.15384615384615385	0	1.0	f82r:0.700000:1	f82r:0.000000:0	f82:0.000000:0	1	1		NOT_EVALUATED_POSTSELECTED_JOINT	NO_UNCERTAIN_ROWS	ONE_INFORMATIVE_ARRAY;ONE_POSITIVE_FOLIO;POSTSELECTED_COMBINATION;EDITION_ROBUSTNESS_NOT_EVALUATED	Postselected depth-2 exploratory combination.	542
F82_APPARATUS_VS_FIGURE	d63bd0992229	APPARATUS_POSITION_VS_FIGURE_POSITION	(FAMILY_3GRAM:ACA)_OR_(MEMBER_TOKEN_RF1b:B1)	JOINT_DEPTH2		LIKELY_PAGE_CONFOUND	13	3	10	6	3	3	0.7	present=6	0.7	1	0.3178113757536236	2.4094434828056173	-4.930406520079007	286	0.06993006993006994	0.06993006993006994	0.8986013986013986	0.9405594405594405	13	0.23076923076923078	0	1.0	f82r:0.700000:1	f82r:0.000000:0	f82:0.000000:0	1	1		NOT_EVALUATED_POSTSELECTED_JOINT	NO_UNCERTAIN_ROWS	ONE_INFORMATIVE_ARRAY;ONE_POSITIVE_FOLIO;POSTSELECTED_COMBINATION;EDITION_ROBUSTNESS_NOT_EVALUATED	Postselected depth-2 exploratory combination.	543
F82_APPARATUS_VS_FIGURE	137499ab7ab5	APPARATUS_POSITION_VS_FIGURE_POSITION	(FAMILY_PREFIX_3:AQA)_OR_(FAMILY_3GRAM:ABA)	JOINT_DEPTH2		LIKELY_PAGE_CONFOUND	13	3	10	7	0	7	-0.7	present=7	-0.7	1	0.3178113757536236	2.4094434828056173	-4.930406520079007	286	0.06993006993006994	0.06993006993006994	0.8986013986013986	0.9405594405594405	13	0.07692307692307693	0	1.0	f82r:-0.700000:1	f82r:0.000000:0	f82:0.000000:0	1	1		NOT_EVALUATED_POSTSELECTED_JOINT	NO_UNCERTAIN_ROWS	ONE_INFORMATIVE_ARRAY;ONE_POSITIVE_FOLIO;POSTSELECTED_COMBINATION;EDITION_ROBUSTNESS_NOT_EVALUATED;ZERO_POSITIVE_SUPPORT;POSSIBLE_LENGTH_CONFOUND	Postselected depth-2 exploratory combination.	544
F82_APPARATUS_VS_FIGURE	286eec52b9ea	APPARATUS_POSITION_VS_FIGURE_POSITION	(MEMBER_TOKEN_ZL3b:A3)_AND_(SYMBOL_COUNT_GE:5)	JOINT_DEPTH2		LIKELY_PAGE_CONFOUND	13	3	10	6	3	3	0.7	present=6	0.7	1	0.3178113757536236	2.4094434828056173	-4.930406520079007	286	0.06993006993006994	0.06993006993006994	0.8986013986013986	0.9405594405594405	13	0.07692307692307693	0	1.0	f82r:0.700000:1	f82r:0.000000:0	f82:0.000000:0	1	1		NOT_EVALUATED_POSTSELECTED_JOINT	NO_UNCERTAIN_ROWS	ONE_INFORMATIVE_ARRAY;ONE_POSITIVE_FOLIO;POSTSELECTED_COMBINATION;EDITION_ROBUSTNESS_NOT_EVALUATED	Postselected depth-2 exploratory combination.	545
F82_APPARATUS_VS_FIGURE	724fbfcad1c1	APPARATUS_POSITION_VS_FIGURE_POSITION	FAMILY_1GRAM:Q	FAMILY_COMPONENT	FAMILY_1GRAM:Q;FAMILY_2GRAM:AQ;MEMBER_TOKEN_ZL3b:Q1;MEMBER_TOKEN_IT2a:Q1;MEMBER_TOKEN_RF1b:Q1	LIKELY_PAGE_CONFOUND	13	3	10	7	0	7	-0.7	present=7	-0.7	1	0.3178113757536236	2.4094434828056173	-4.930406520079007	286	0.06993006993006994	0.06993006993006994	0.8986013986013986	0.9405594405594405	13	0.15384615384615385	0	1.0	f82r:-0.700000:1	f82r:0.000000:0	f82:0.000000:0	1	1	1.0	ZL3b:-0.700000;IT2a:-0.700000;RF1b:-0.700000	NO_UNCERTAIN_ROWS	ONE_INFORMATIVE_ARRAY;ONE_POSITIVE_FOLIO;ZERO_POSITIVE_SUPPORT;POSSIBLE_LENGTH_CONFOUND		546
F82_APPARATUS_VS_FIGURE	4a6565f99f02	APPARATUS_POSITION_VS_FIGURE_POSITION	FAMILY_2GRAM:AC	FAMILY_COMPONENT	FAMILY_2GRAM:AC;MEMBER_TOKEN_ZL3b:C1;MEMBER_TOKEN_IT2a:C1;MEMBER_TOKEN_RF1b:C1	LIKELY_PAGE_CONFOUND	13	3	10	6	3	3	0.7	present=6	0.7	1	0.3178113757536236	2.4094434828056173	-4.930406520079007	286	0.06993006993006994	0.06993006993006994	0.8986013986013986	0.9405594405594405	13	0.07692307692307693	0	1.0	f82r:0.700000:1	f82r:0.000000:0	f82:0.000000:0	1	1	1.0	ZL3b:0.700000;IT2a:0.700000;RF1b:0.700000	NO_UNCERTAIN_ROWS	ONE_INFORMATIVE_ARRAY;ONE_POSITIVE_FOLIO		547
F82_APPARATUS_VS_FIGURE	00b204c67875	APPARATUS_POSITION_VS_FIGURE_POSITION	MEMBER_TOKEN_RF1b:A3	MEMBER_CODE	MEMBER_TOKEN_RF1b:A3	LIKELY_PAGE_CONFOUND	13	3	10	6	3	3	0.7	present=6	0.7	1	0.3178113757536236	2.4094434828056173	-4.930406520079007	286	0.06993006993006994	0.06993006993006994	0.8986013986013986	0.9405594405594405	13	0.15384615384615385	0	1.0	f82r:0.700000:1	f82r:0.000000:0	f82:0.000000:0	1	1	0.6666666666666666	ZL3b:0.500000;IT2a:0.600000;RF1b:0.700000	NO_UNCERTAIN_ROWS	ONE_INFORMATIVE_ARRAY;ONE_POSITIVE_FOLIO	primary edition=RF1b	548
F82_APPARATUS_VS_FIGURE	c8cdd412d843	APPARATUS_POSITION_VS_FIGURE_POSITION	MEMBER_TOKEN_ZL3b:B1	MEMBER_CODE	MEMBER_TOKEN_ZL3b:B1;MEMBER_TOKEN_IT2a:B1	LIKELY_PAGE_CONFOUND	13	3	10	6	3	3	0.7	present=6	0.7	1	0.3178113757536236	2.4094434828056173	-4.930406520079007	286	0.06993006993006994	0.06993006993006994	0.8986013986013986	0.9405594405594405	13	0.07692307692307693	0	1.0	f82r:0.700000:1	f82r:0.000000:0	f82:0.000000:0	1	1	0.6666666666666666	ZL3b:0.700000;IT2a:0.700000;RF1b:0.466667	NO_UNCERTAIN_ROWS	ONE_INFORMATIVE_ARRAY;ONE_POSITIVE_FOLIO	primary edition=ZL3b	549
F82_APPARATUS_VS_FIGURE	ed3cf1cafd11	APPARATUS_POSITION_VS_FIGURE_POSITION	(FAMILY_3GRAM:ABA)_OR_(FAMILY_PREFIX_1:A)	JOINT_DEPTH2		LIKELY_PAGE_CONFOUND	13	3	10	10	1	9	-0.5666666666666667	present=10	-0.5666666666666667	1	0.20666957282621728	1.590015728447442	-5.749834274437182	286	0.10839160839160839	0.10839160839160839	1.0	1.0	13	0.23076923076923078	0	1.0	f82r:-0.566667:1	f82r:0.000000:0	f82:0.000000:0	1	1		NOT_EVALUATED_POSTSELECTED_JOINT	NO_UNCERTAIN_ROWS	ONE_INFORMATIVE_ARRAY;ONE_POSITIVE_FOLIO;POSTSELECTED_COMBINATION;EDITION_ROBUSTNESS_NOT_EVALUATED;POSSIBLE_LENGTH_CONFOUND	Postselected depth-2 exploratory combination.	550
F82_APPARATUS_VS_FIGURE	953e0af9a4d0	APPARATUS_POSITION_VS_FIGURE_POSITION	(MEMBER_TOKEN_ZL3b:A3)_AND_(MEMBER_TOKEN_RF1b:B1)	JOINT_DEPTH2		LIKELY_PAGE_CONFOUND	13	3	10	3	2	1	0.5666666666666667	present=3	0.5666666666666667	1	0.20666957282621728	1.590015728447442	-5.749834274437182	286	0.10839160839160839	0.10839160839160839	1.0	1.0	13	0.15384615384615385	0	1.0	f82r:0.566667:1	f82r:0.000000:0	f82:0.000000:0	1	1		NOT_EVALUATED_POSTSELECTED_JOINT	NO_UNCERTAIN_ROWS	ONE_INFORMATIVE_ARRAY;ONE_POSITIVE_FOLIO;POSTSELECTED_COMBINATION;EDITION_ROBUSTNESS_NOT_EVALUATED	Postselected depth-2 exploratory combination.	551
F82_APPARATUS_VS_FIGURE	a6366f29ba77	APPARATUS_POSITION_VS_FIGURE_POSITION	FAMILY_PREFIX_1:B	FAMILY_COMPONENT	FAMILY_PREFIX_1:B;FAMILY_PREFIX_2:BA	LIKELY_PAGE_CONFOUND	13	3	10	3	2	1	0.5666666666666667	present=3	0.5666666666666667	1	0.20666957282621728	1.590015728447442	-5.749834274437182	286	0.10839160839160839	0.10839160839160839	1.0	1.0	13	0.23076923076923078	0	1.0	f82r:0.566667:1	f82r:0.000000:0	f82:0.000000:0	1	1	1.0	ZL3b:0.566667;IT2a:0.566667;RF1b:0.566667	NO_UNCERTAIN_ROWS	ONE_INFORMATIVE_ARRAY;ONE_POSITIVE_FOLIO		552
F82_APPARATUS_VS_FIGURE	911bc205e9a5	APPARATUS_POSITION_VS_FIGURE_POSITION	(FAMILY_1GRAM:Q)_AND_(FAMILY_PREFIX_1:A)	JOINT_DEPTH2		LIKELY_PAGE_CONFOUND	13	3	10	6	0	6	-0.6	present=6	-0.6	1	0.2488423794274882	1.5163586867221266	-5.823491316162498	286	0.19230769230769232	0.19230769230769232	0.986013986013986	0.9790209790209791	13	0.3076923076923077	0	1.0	f82r:-0.600000:1	f82r:0.000000:0	f82:0.000000:0	1	1		NOT_EVALUATED_POSTSELECTED_JOINT	NO_UNCERTAIN_ROWS	ONE_INFORMATIVE_ARRAY;ONE_POSITIVE_FOLIO;POSTSELECTED_COMBINATION;EDITION_ROBUSTNESS_NOT_EVALUATED;ZERO_POSITIVE_SUPPORT;POSSIBLE_LENGTH_CONFOUND	Postselected depth-2 exploratory combination.	553
F82_APPARATUS_VS_FIGURE	61b894de361b	APPARATUS_POSITION_VS_FIGURE_POSITION	(FAMILY_2GRAM:AC)_OR_(FAMILY_PREFIX_1:B)	JOINT_DEPTH2		LIKELY_PAGE_CONFOUND	13	3	10	7	3	4	0.6	present=7	0.6	1	0.24884237942748821	1.5163586867221266	-5.823491316162498	286	0.19230769230769232	0.19230769230769232	0.986013986013986	0.9790209790209791	13	0.38461538461538464	0	1.0	f82r:0.600000:1	f82r:0.000000:0	f82:0.000000:0	1	1		NOT_EVALUATED_POSTSELECTED_JOINT	NO_UNCERTAIN_ROWS	ONE_INFORMATIVE_ARRAY;ONE_POSITIVE_FOLIO;POSTSELECTED_COMBINATION;EDITION_ROBUSTNESS_NOT_EVALUATED	Postselected depth-2 exploratory combination.	554
F82_APPARATUS_VS_FIGURE	c019ce73ff3a	APPARATUS_POSITION_VS_FIGURE_POSITION	(FAMILY_2GRAM:BA)_AND_(SYMBOL_COUNT_GE:5)	JOINT_DEPTH2		LIKELY_PAGE_CONFOUND	13	3	10	7	3	4	0.6	present=7	0.6	1	0.2488423794274882	1.5163586867221266	-5.823491316162498	286	0.19230769230769232	0.19230769230769232	0.986013986013986	0.9790209790209791	13	0.15384615384615385	0	1.0	f82r:0.600000:1	f82r:0.000000:0	f82:0.000000:0	1	1		NOT_EVALUATED_POSTSELECTED_JOINT	NO_UNCERTAIN_ROWS	ONE_INFORMATIVE_ARRAY;ONE_POSITIVE_FOLIO;POSTSELECTED_COMBINATION;EDITION_ROBUSTNESS_NOT_EVALUATED	Postselected depth-2 exploratory combination.	555
F82_APPARATUS_VS_FIGURE	26d5ef2a8330	APPARATUS_POSITION_VS_FIGURE_POSITION	(FAMILY_2GRAM:CA)_OR_(MEMBER_TOKEN_RF1b:B1)	JOINT_DEPTH2		LIKELY_PAGE_CONFOUND	13	3	10	7	3	4	0.6	present=7	0.6	1	0.2488423794274882	1.5163586867221266	-5.823491316162498	286	0.19230769230769232	0.19230769230769232	0.986013986013986	0.9790209790209791	13	0.38461538461538464	0	1.0	f82r:0.600000:1	f82r:0.000000:0	f82:0.000000:0	1	1		NOT_EVALUATED_POSTSELECTED_JOINT	NO_UNCERTAIN_ROWS	ONE_INFORMATIVE_ARRAY;ONE_POSITIVE_FOLIO;POSTSELECTED_COMBINATION;EDITION_ROBUSTNESS_NOT_EVALUATED	Postselected depth-2 exploratory combination.	556
F82_APPARATUS_VS_FIGURE	c15908fcb334	APPARATUS_POSITION_VS_FIGURE_POSITION	(FAMILY_3GRAM:ACA)_OR_(MEMBER_TOKEN_RF1b:A3)	JOINT_DEPTH2		LIKELY_PAGE_CONFOUND	13	3	10	7	3	4	0.6	present=7	0.6	1	0.2488423794274882	1.5163586867221266	-5.823491316162498	286	0.19230769230769232	0.19230769230769232	0.986013986013986	0.9790209790209791	13	0.23076923076923078	0	1.0	f82r:0.600000:1	f82r:0.000000:0	f82:0.000000:0	1	1		NOT_EVALUATED_POSTSELECTED_JOINT	NO_UNCERTAIN_ROWS	ONE_INFORMATIVE_ARRAY;ONE_POSITIVE_FOLIO;POSTSELECTED_COMBINATION;EDITION_ROBUSTNESS_NOT_EVALUATED	Postselected depth-2 exploratory combination.	557
F82_APPARATUS_VS_FIGURE	7fc85e7a75bd	APPARATUS_POSITION_VS_FIGURE_POSITION	(FAMILY_3GRAM:ACA)_OR_(MEMBER_TOKEN_ZL3b:B1)	JOINT_DEPTH2		LIKELY_PAGE_CONFOUND	13	3	10	7	3	4	0.6	present=7	0.6	1	0.2488423794274882	1.5163586867221266	-5.823491316162498	286	0.19230769230769232	0.19230769230769232	0.986013986013986	0.9790209790209791	13	0.3076923076923077	0	1.0	f82r:0.600000:1	f82r:0.000000:0	f82:0.000000:0	1	1		NOT_EVALUATED_POSTSELECTED_JOINT	NO_UNCERTAIN_ROWS	ONE_INFORMATIVE_ARRAY;ONE_POSITIVE_FOLIO;POSTSELECTED_COMBINATION;EDITION_ROBUSTNESS_NOT_EVALUATED	Postselected depth-2 exploratory combination.	558
F82_APPARATUS_VS_FIGURE	9bec0eff1bd4	APPARATUS_POSITION_VS_FIGURE_POSITION	(MEMBER_TOKEN_RF1b:A3)_OR_(FAMILY_PREFIX_1:B)	JOINT_DEPTH2		LIKELY_PAGE_CONFOUND	13	3	10	7	3	4	0.6	present=7	0.6	1	0.2488423794274882	1.5163586867221266	-5.823491316162498	286	0.19230769230769232	0.19230769230769232	0.986013986013986	0.9790209790209791	13	0.3076923076923077	0	1.0	f82r:0.600000:1	f82r:0.000000:0	f82:0.000000:0	1	1		NOT_EVALUATED_POSTSELECTED_JOINT	NO_UNCERTAIN_ROWS	ONE_INFORMATIVE_ARRAY;ONE_POSITIVE_FOLIO;POSTSELECTED_COMBINATION;EDITION_ROBUSTNESS_NOT_EVALUATED	Postselected depth-2 exploratory combination.	559
F82_APPARATUS_VS_FIGURE	16c3b48cf043	APPARATUS_POSITION_VS_FIGURE_POSITION	FAMILY_1GRAM:C	FAMILY_COMPONENT	FAMILY_1GRAM:C	LIKELY_PAGE_CONFOUND	13	3	10	7	3	4	0.6	present=7	0.6	1	0.24884237942748821	1.5163586867221266	-5.823491316162498	286	0.19230769230769232	0.19230769230769232	0.986013986013986	0.9790209790209791	13	0.23076923076923078	0	1.0	f82r:0.600000:1	f82r:0.000000:0	f82:0.000000:0	1	1	1.0	ZL3b:0.600000;IT2a:0.600000;RF1b:0.600000	NO_UNCERTAIN_ROWS	ONE_INFORMATIVE_ARRAY;ONE_POSITIVE_FOLIO		560
F82_APPARATUS_VS_FIGURE	6cbde8d60413	APPARATUS_POSITION_VS_FIGURE_POSITION	FAMILY_2GRAM:QA	FAMILY_COMPONENT	FAMILY_2GRAM:QA;FAMILY_3GRAM:AQA	LIKELY_PAGE_CONFOUND	13	3	10	6	0	6	-0.6	present=6	-0.6	1	0.2488423794274882	1.5163586867221266	-5.823491316162498	286	0.19230769230769232	0.19230769230769232	0.986013986013986	0.9790209790209791	13	0.38461538461538464	0	1.0	f82r:-0.600000:1	f82r:0.000000:0	f82:0.000000:0	1	1	1.0	ZL3b:-0.600000;IT2a:-0.600000;RF1b:-0.600000	NO_UNCERTAIN_ROWS	ONE_INFORMATIVE_ARRAY;ONE_POSITIVE_FOLIO;ZERO_POSITIVE_SUPPORT;POSSIBLE_LENGTH_CONFOUND		561
F82_APPARATUS_VS_FIGURE	01360fa5184e	APPARATUS_POSITION_VS_FIGURE_POSITION	MEMBER_TOKEN_IT2a:A3	MEMBER_CODE	MEMBER_TOKEN_IT2a:A3	LIKELY_PAGE_CONFOUND	13	3	10	7	3	4	0.6	present=7	0.6	1	0.24884237942748821	1.5163586867221266	-5.823491316162498	286	0.19230769230769232	0.19230769230769232	0.986013986013986	0.9790209790209791	13	0.3076923076923077	0	1.0	f82r:0.600000:1	f82r:0.000000:0	f82:0.000000:0	1	1	0.6666666666666666	ZL3b:0.500000;IT2a:0.600000;RF1b:0.700000	NO_UNCERTAIN_ROWS	ONE_INFORMATIVE_ARRAY;ONE_POSITIVE_FOLIO	primary edition=IT2a	562
F82_APPARATUS_VS_FIGURE	a1244c6cde39	APPARATUS_POSITION_VS_FIGURE_POSITION	(FAMILY_1GRAM:Q)_OR_(FAMILY_PREFIX_1:A)	JOINT_DEPTH2		LIKELY_PAGE_CONFOUND	13	3	10	9	1	8	-0.46666666666666673	present=9	-0.46666666666666673	1	0.12324791321663796	0.40944348280562615	-6.930406520078998	286	0.20279720279720279	0.4965034965034965	1.0	1.0	13	0.3076923076923077	0	1.0	f82r:-0.466667:1	f82r:0.000000:0	f82:0.000000:0	1	1		NOT_EVALUATED_POSTSELECTED_JOINT	NO_UNCERTAIN_ROWS	ONE_INFORMATIVE_ARRAY;ONE_POSITIVE_FOLIO;POSTSELECTED_COMBINATION;EDITION_ROBUSTNESS_NOT_EVALUATED;POSSIBLE_LENGTH_CONFOUND	Postselected depth-2 exploratory combination.	563
F82_APPARATUS_VS_FIGURE	dc7acac5e151	APPARATUS_POSITION_VS_FIGURE_POSITION	MEMBER_TOKEN_RF1b:B1	MEMBER_CODE	MEMBER_TOKEN_RF1b:B1	LIKELY_PAGE_CONFOUND	13	3	10	4	2	2	0.4666666666666666	present=4	0.4666666666666666	1	0.12324791321663794	0.40944348280562615	-6.930406520078998	286	0.20279720279720279	0.4965034965034965	1.0	1.0	13	0.3076923076923077	0	1.0	f82r:0.466667:1	f82r:0.000000:0	f82:0.000000:0	1	1	0.6666666666666666	ZL3b:0.700000;IT2a:0.700000;RF1b:0.466667	NO_UNCERTAIN_ROWS	ONE_INFORMATIVE_ARRAY;ONE_POSITIVE_FOLIO	primary edition=RF1b	564
F82_APPARATUS_VS_FIGURE	cd5b81daff95	APPARATUS_POSITION_VS_FIGURE_POSITION	(FAMILY_1GRAM:C)_OR_(FAMILY_PREFIX_1:B)	JOINT_DEPTH2		LIKELY_PAGE_CONFOUND	13	3	10	8	3	5	0.5	present=8	0.5	1	0.19200583549210665	0.8118145702483037	-6.528035432636321	286	0.23076923076923078	0.23076923076923078	1.0	1.0	13	0.38461538461538464	0	1.0	f82r:0.500000:1	f82r:0.000000:0	f82:0.000000:0	1	1		NOT_EVALUATED_POSTSELECTED_JOINT	NO_UNCERTAIN_ROWS	ONE_INFORMATIVE_ARRAY;ONE_POSITIVE_FOLIO;POSTSELECTED_COMBINATION;EDITION_ROBUSTNESS_NOT_EVALUATED	Postselected depth-2 exploratory combination.	565
F82_APPARATUS_VS_FIGURE	da4c13835971	APPARATUS_POSITION_VS_FIGURE_POSITION	(FAMILY_1GRAM:Q)_AND_(SYMBOL_COUNT_GE:5)	JOINT_DEPTH2		LIKELY_PAGE_CONFOUND	13	3	10	5	0	5	-0.5	present=5	-0.5	1	0.19200583549210665	0.8118145702483037	-6.528035432636321	286	0.23076923076923078	0.23076923076923078	1.0	1.0	13	0.3076923076923077	0	1.0	f82r:-0.500000:1	f82r:0.000000:0	f82:0.000000:0	1	1		NOT_EVALUATED_POSTSELECTED_JOINT	NO_UNCERTAIN_ROWS	ONE_INFORMATIVE_ARRAY;ONE_POSITIVE_FOLIO;POSTSELECTED_COMBINATION;EDITION_ROBUSTNESS_NOT_EVALUATED;ZERO_POSITIVE_SUPPORT;POSSIBLE_LENGTH_CONFOUND	Postselected depth-2 exploratory combination.	566
F82_APPARATUS_VS_FIGURE	d623b72d4f94	APPARATUS_POSITION_VS_FIGURE_POSITION	(FAMILY_2GRAM:AC)_OR_(MEMBER_TOKEN_RF1b:B1)	JOINT_DEPTH2		LIKELY_PAGE_CONFOUND	13	3	10	8	3	5	0.5	present=8	0.5	1	0.19200583549210665	0.8118145702483037	-6.528035432636321	286	0.23076923076923078	0.23076923076923078	1.0	1.0	13	0.46153846153846156	0	1.0	f82r:0.500000:1	f82r:0.000000:0	f82:0.000000:0	1	1		NOT_EVALUATED_POSTSELECTED_JOINT	NO_UNCERTAIN_ROWS	ONE_INFORMATIVE_ARRAY;ONE_POSITIVE_FOLIO;POSTSELECTED_COMBINATION;EDITION_ROBUSTNESS_NOT_EVALUATED	Postselected depth-2 exploratory combination.	567
F82_APPARATUS_VS_FIGURE	5a8ee8468529	APPARATUS_POSITION_VS_FIGURE_POSITION	(FAMILY_2GRAM:CA)_OR_(MEMBER_TOKEN_RF1b:A3)	JOINT_DEPTH2		LIKELY_PAGE_CONFOUND	13	3	10	8	3	5	0.5	present=8	0.5	1	0.19200583549210665	0.8118145702483037	-6.528035432636321	286	0.23076923076923078	0.23076923076923078	1.0	1.0	13	0.23076923076923078	0	1.0	f82r:0.500000:1	f82r:0.000000:0	f82:0.000000:0	1	1		NOT_EVALUATED_POSTSELECTED_JOINT	NO_UNCERTAIN_ROWS	ONE_INFORMATIVE_ARRAY;ONE_POSITIVE_FOLIO;POSTSELECTED_COMBINATION;EDITION_ROBUSTNESS_NOT_EVALUATED	Postselected depth-2 exploratory combination.	568
F82_APPARATUS_VS_FIGURE	52b91fb19b13	APPARATUS_POSITION_VS_FIGURE_POSITION	(FAMILY_2GRAM:CA)_OR_(MEMBER_TOKEN_ZL3b:B1)	JOINT_DEPTH2		LIKELY_PAGE_CONFOUND	13	3	10	8	3	5	0.5	present=8	0.5	1	0.19200583549210665	0.8118145702483037	-6.528035432636321	286	0.23076923076923078	0.23076923076923078	1.0	1.0	13	0.3076923076923077	0	1.0	f82r:0.500000:1	f82r:0.000000:0	f82:0.000000:0	1	1		NOT_EVALUATED_POSTSELECTED_JOINT	NO_UNCERTAIN_ROWS	ONE_INFORMATIVE_ARRAY;ONE_POSITIVE_FOLIO;POSTSELECTED_COMBINATION;EDITION_ROBUSTNESS_NOT_EVALUATED	Postselected depth-2 exploratory combination.	569
F82_APPARATUS_VS_FIGURE	f4c6f06251bd	APPARATUS_POSITION_VS_FIGURE_POSITION	(FAMILY_2GRAM:QA)_AND_(FAMILY_PREFIX_1:A)	JOINT_DEPTH2		LIKELY_PAGE_CONFOUND	13	3	10	5	0	5	-0.5	present=5	-0.5	1	0.19200583549210665	0.8118145702483037	-6.528035432636321	286	0.23076923076923078	0.23076923076923078	1.0	1.0	13	0.38461538461538464	0	1.0	f82r:-0.500000:1	f82r:0.000000:0	f82:0.000000:0	1	1		NOT_EVALUATED_POSTSELECTED_JOINT	NO_UNCERTAIN_ROWS	ONE_INFORMATIVE_ARRAY;ONE_POSITIVE_FOLIO;POSTSELECTED_COMBINATION;EDITION_ROBUSTNESS_NOT_EVALUATED;ZERO_POSITIVE_SUPPORT;POSSIBLE_LENGTH_CONFOUND	Postselected depth-2 exploratory combination.	570
F82_APPARATUS_VS_FIGURE	3245a49105dd	APPARATUS_POSITION_VS_FIGURE_POSITION	(FAMILY_3GRAM:ACA)_OR_(FAMILY_3GRAM:ABA)	JOINT_DEPTH2		LIKELY_PAGE_CONFOUND	13	3	10	8	3	5	0.5	present=8	0.5	1	0.19200583549210665	0.8118145702483037	-6.528035432636321	286	0.23076923076923078	0.23076923076923078	1.0	1.0	13	0.23076923076923078	0	1.0	f82r:0.500000:1	f82r:0.000000:0	f82:0.000000:0	1	1		NOT_EVALUATED_POSTSELECTED_JOINT	NO_UNCERTAIN_ROWS	ONE_INFORMATIVE_ARRAY;ONE_POSITIVE_FOLIO;POSTSELECTED_COMBINATION;EDITION_ROBUSTNESS_NOT_EVALUATED	Postselected depth-2 exploratory combination.	571
F82_APPARATUS_VS_FIGURE	b7b475551597	APPARATUS_POSITION_VS_FIGURE_POSITION	(FAMILY_3GRAM:ACA)_OR_(FAMILY_PREFIX_3:AQA)	JOINT_DEPTH2		LIKELY_PAGE_CONFOUND	13	3	10	8	3	5	0.5	present=8	0.5	1	0.19200583549210665	0.8118145702483037	-6.528035432636321	286	0.23076923076923078	0.23076923076923078	1.0	1.0	13	0.23076923076923078	0	1.0	f82r:0.500000:1	f82r:0.000000:0	f82:0.000000:0	1	1		NOT_EVALUATED_POSTSELECTED_JOINT	NO_UNCERTAIN_ROWS	ONE_INFORMATIVE_ARRAY;ONE_POSITIVE_FOLIO;POSTSELECTED_COMBINATION;EDITION_ROBUSTNESS_NOT_EVALUATED	Postselected depth-2 exploratory combination.	572
F82_APPARATUS_VS_FIGURE	dcde1acfd42f	APPARATUS_POSITION_VS_FIGURE_POSITION	(FAMILY_3GRAM:ACA)_OR_(MEMBER_TOKEN_IT2a:A3)	JOINT_DEPTH2		LIKELY_PAGE_CONFOUND	13	3	10	8	3	5	0.5	present=8	0.5	1	0.19200583549210665	0.8118145702483037	-6.528035432636321	286	0.23076923076923078	0.23076923076923078	1.0	1.0	13	0.23076923076923078	0	1.0	f82r:0.500000:1	f82r:0.000000:0	f82:0.000000:0	1	1		NOT_EVALUATED_POSTSELECTED_JOINT	NO_UNCERTAIN_ROWS	ONE_INFORMATIVE_ARRAY;ONE_POSITIVE_FOLIO;POSTSELECTED_COMBINATION;EDITION_ROBUSTNESS_NOT_EVALUATED	Postselected depth-2 exploratory combination.	573
F82_APPARATUS_VS_FIGURE	c6d617f04cf7	APPARATUS_POSITION_VS_FIGURE_POSITION	(MEMBER_TOKEN_IT2a:A3)_OR_(FAMILY_PREFIX_1:B)	JOINT_DEPTH2		LIKELY_PAGE_CONFOUND	13	3	10	8	3	5	0.5	present=8	0.5	1	0.19200583549210665	0.8118145702483037	-6.528035432636321	286	0.23076923076923078	0.23076923076923078	1.0	1.0	13	0.3076923076923077	0	1.0	f82r:0.500000:1	f82r:0.000000:0	f82:0.000000:0	1	1		NOT_EVALUATED_POSTSELECTED_JOINT	NO_UNCERTAIN_ROWS	ONE_INFORMATIVE_ARRAY;ONE_POSITIVE_FOLIO;POSTSELECTED_COMBINATION;EDITION_ROBUSTNESS_NOT_EVALUATED	Postselected depth-2 exploratory combination.	574
F82_APPARATUS_VS_FIGURE	f630b40c110b	APPARATUS_POSITION_VS_FIGURE_POSITION	(MEMBER_TOKEN_RF1b:A3)_OR_(FAMILY_3GRAM:ABA)	JOINT_DEPTH2		LIKELY_PAGE_CONFOUND	13	3	10	8	3	5	0.5	present=8	0.5	1	0.19200583549210665	0.8118145702483037	-6.528035432636321	286	0.23076923076923078	0.23076923076923078	1.0	1.0	13	0.23076923076923078	0	1.0	f82r:0.500000:1	f82r:0.000000:0	f82:0.000000:0	1	1		NOT_EVALUATED_POSTSELECTED_JOINT	NO_UNCERTAIN_ROWS	ONE_INFORMATIVE_ARRAY;ONE_POSITIVE_FOLIO;POSTSELECTED_COMBINATION;EDITION_ROBUSTNESS_NOT_EVALUATED	Postselected depth-2 exploratory combination.	575
F82_APPARATUS_VS_FIGURE	2c1e589c6fc4	APPARATUS_POSITION_VS_FIGURE_POSITION	(MEMBER_TOKEN_RF1b:A3)_OR_(FAMILY_PREFIX_3:AQA)	JOINT_DEPTH2		LIKELY_PAGE_CONFOUND	13	3	10	8	3	5	0.5	present=8	0.5	1	0.19200583549210665	0.8118145702483037	-6.528035432636321	286	0.23076923076923078	0.23076923076923078	1.0	1.0	13	0.3076923076923077	0	1.0	f82r:0.500000:1	f82r:0.000000:0	f82:0.000000:0	1	1		NOT_EVALUATED_POSTSELECTED_JOINT	NO_UNCERTAIN_ROWS	ONE_INFORMATIVE_ARRAY;ONE_POSITIVE_FOLIO;POSTSELECTED_COMBINATION;EDITION_ROBUSTNESS_NOT_EVALUATED	Postselected depth-2 exploratory combination.	576
F82_APPARATUS_VS_FIGURE	2350d1a8d9ce	APPARATUS_POSITION_VS_FIGURE_POSITION	(MEMBER_TOKEN_ZL3b:B1)_OR_(FAMILY_PREFIX_3:AQA)	JOINT_DEPTH2		LIKELY_PAGE_CONFOUND	13	3	10	8	3	5	0.5	present=8	0.5	1	0.19200583549210665	0.8118145702483037	-6.528035432636321	286	0.23076923076923078	0.23076923076923078	1.0	1.0	13	0.23076923076923078	0	1.0	f82r:0.500000:1	f82r:0.000000:0	f82:0.000000:0	1	1		NOT_EVALUATED_POSTSELECTED_JOINT	NO_UNCERTAIN_ROWS	ONE_INFORMATIVE_ARRAY;ONE_POSITIVE_FOLIO;POSTSELECTED_COMBINATION;EDITION_ROBUSTNESS_NOT_EVALUATED	Postselected depth-2 exploratory combination.	577
F82_APPARATUS_VS_FIGURE	739e134757b4	APPARATUS_POSITION_VS_FIGURE_POSITION	(MEMBER_TOKEN_ZL3b:B1)_OR_(MEMBER_TOKEN_RF1b:A3)	JOINT_DEPTH2		LIKELY_PAGE_CONFOUND	13	3	10	8	3	5	0.5	present=8	0.5	1	0.19200583549210665	0.8118145702483037	-6.528035432636321	286	0.23076923076923078	0.23076923076923078	1.0	1.0	13	0.23076923076923078	0	1.0	f82r:0.500000:1	f82r:0.000000:0	f82:0.000000:0	1	1		NOT_EVALUATED_POSTSELECTED_JOINT	NO_UNCERTAIN_ROWS	ONE_INFORMATIVE_ARRAY;ONE_POSITIVE_FOLIO;POSTSELECTED_COMBINATION;EDITION_ROBUSTNESS_NOT_EVALUATED	Postselected depth-2 exploratory combination.	578
F82_APPARATUS_VS_FIGURE	d4cc7ddd9e60	APPARATUS_POSITION_VS_FIGURE_POSITION	FAMILY_2GRAM:BA	FAMILY_COMPONENT	FAMILY_2GRAM:BA	LIKELY_PAGE_CONFOUND	13	3	10	8	3	5	0.5	present=8	0.5	1	0.19200583549210665	0.8118145702483037	-6.528035432636321	286	0.23076923076923078	0.23076923076923078	1.0	1.0	13	0.15384615384615385	0	1.0	f82r:0.500000:1	f82r:0.000000:0	f82:0.000000:0	1	1	1.0	ZL3b:0.500000;IT2a:0.500000;RF1b:0.500000	NO_UNCERTAIN_ROWS	ONE_INFORMATIVE_ARRAY;ONE_POSITIVE_FOLIO		579
F82_APPARATUS_VS_FIGURE	6b20b996e319	APPARATUS_POSITION_VS_FIGURE_POSITION	FAMILY_PREFIX_2:AQ	FAMILY_COMPONENT	FAMILY_PREFIX_2:AQ	LIKELY_PAGE_CONFOUND	13	3	10	5	0	5	-0.5	present=5	-0.5	1	0.19200583549210665	0.8118145702483037	-6.528035432636321	286	0.23076923076923078	0.23076923076923078	1.0	1.0	13	0.38461538461538464	0	1.0	f82r:-0.500000:1	f82r:0.000000:0	f82:0.000000:0	1	1	1.0	ZL3b:-0.500000;IT2a:-0.500000;RF1b:-0.500000	NO_UNCERTAIN_ROWS	ONE_INFORMATIVE_ARRAY;ONE_POSITIVE_FOLIO;ZERO_POSITIVE_SUPPORT;POSSIBLE_LENGTH_CONFOUND		580
F82_APPARATUS_VS_FIGURE	15f2575e304d	APPARATUS_POSITION_VS_FIGURE_POSITION	MEMBER_TOKEN_ZL3b:A3	MEMBER_CODE	MEMBER_TOKEN_ZL3b:A3	LIKELY_PAGE_CONFOUND	13	3	10	8	3	5	0.5	present=8	0.5	1	0.19200583549210665	0.8118145702483037	-6.528035432636321	286	0.23076923076923078	0.23076923076923078	1.0	1.0	13	0.15384615384615385	0	1.0	f82r:0.500000:1	f82r:0.000000:0	f82:0.000000:0	1	1	0.6666666666666666	ZL3b:0.500000;IT2a:0.600000;RF1b:0.700000	NO_UNCERTAIN_ROWS	ONE_INFORMATIVE_ARRAY;ONE_POSITIVE_FOLIO	primary edition=ZL3b	581
F82_APPARATUS_VS_FIGURE	390956ff7553	APPARATUS_POSITION_VS_FIGURE_POSITION	TOTAL_SYMBOL_COUNT	NUMERIC_CONSTRUCTION	TOTAL_SYMBOL_COUNT	LIKELY_PAGE_CONFOUND	13	3	10		6.0	5.3	0.7000000000000002	categories=4,5,6,7	0.7000000000000002	1	0.13592460832283276	-1.5280354326363241	-8.867885435520948	286	0.36713286713286714	0.8426573426573427	0.8986013986013986	1.0	13	0.3076923076923077	0	1.0	f82r:0.700000:1	f82r:0.000000:0	f82:0.000000:0	1	1	1.0	ZL3b:0.700000;IT2a:0.700000;RF1b:0.700000	NO_UNCERTAIN_ROWS	ONE_INFORMATIVE_ARRAY;ONE_POSITIVE_FOLIO;FEATURE_IS_LENGTH	Numeric source-native family-symbol count.	582
F82_APPARATUS_VS_FIGURE	eed04b96944b	APPARATUS_POSITION_VS_FIGURE_POSITION	(FAMILY_PREFIX_1:B)_AND_(MEMBER_TOKEN_RF1b:B1)	JOINT_DEPTH2		LIKELY_PAGE_CONFOUND	13	3	10	2	1	1	0.2333333333333333	present=2	0.2333333333333333	1	0.046701930212896016	-0.2844533894687	-7.624303392353324	286	0.4230769230769231	1.0	1.0	1.0	13	0.38461538461538464	0	1.0	f82r:0.233333:1	f82r:0.000000:0	f82:0.000000:0	1	1		NOT_EVALUATED_POSTSELECTED_JOINT	NO_UNCERTAIN_ROWS	ONE_INFORMATIVE_ARRAY;ONE_POSITIVE_FOLIO;POSTSELECTED_COMBINATION;EDITION_ROBUSTNESS_NOT_EVALUATED	Postselected depth-2 exploratory combination.	583
F82_APPARATUS_VS_FIGURE	4b37a28fadc4	APPARATUS_POSITION_VS_FIGURE_POSITION	(MEMBER_TOKEN_RF1b:B1)_AND_(FAMILY_PREFIX_1:A)	JOINT_DEPTH2		LIKELY_PAGE_CONFOUND	13	3	10	2	1	1	0.2333333333333333	present=2	0.2333333333333333	1	0.046701930212896016	-0.2844533894687	-7.624303392353324	286	0.4230769230769231	1.0	1.0	1.0	13	0.46153846153846156	0	1.0	f82r:0.233333:1	f82r:0.000000:0	f82:0.000000:0	1	1		NOT_EVALUATED_POSTSELECTED_JOINT	NO_UNCERTAIN_ROWS	ONE_INFORMATIVE_ARRAY;ONE_POSITIVE_FOLIO;POSTSELECTED_COMBINATION;EDITION_ROBUSTNESS_NOT_EVALUATED;POSSIBLE_LENGTH_CONFOUND	Postselected depth-2 exploratory combination.	584
F82_APPARATUS_VS_FIGURE	df99c1464283	APPARATUS_POSITION_VS_FIGURE_POSITION	FAMILY_1GRAM:F	FAMILY_COMPONENT	FAMILY_1GRAM:F;FAMILY_2GRAM:AF;SYMBOL_COUNT_GE:7;MEMBER_TOKEN_ZL3b:F3;MEMBER_TOKEN_RF1b:F3	LIKELY_PAGE_CONFOUND	13	3	10	2	1	1	0.2333333333333333	present=2	0.2333333333333333	1	0.046701930212896016	-0.2844533894687	-7.624303392353324	286	0.4230769230769231	1.0	1.0	1.0	13	0.46153846153846156	0	1.0	f82r:0.233333:1	f82r:0.000000:0	f82:0.000000:0	1	1	1.0	ZL3b:0.233333;IT2a:0.233333;RF1b:0.233333	NO_UNCERTAIN_ROWS	ONE_INFORMATIVE_ARRAY;ONE_POSITIVE_FOLIO;POSSIBLE_LENGTH_CONFOUND		585
F82_APPARATUS_VS_FIGURE	4eec068352be	APPARATUS_POSITION_VS_FIGURE_POSITION	FAMILY_3GRAM:CAC	FAMILY_COMPONENT	FAMILY_3GRAM:CAC	LIKELY_PAGE_CONFOUND	13	3	10	2	1	1	0.2333333333333333	present=2	0.2333333333333333	1	0.046701930212896016	-0.2844533894687	-7.624303392353324	286	0.4230769230769231	1.0	1.0	1.0	13	0.38461538461538464	0	1.0	f82r:0.233333:1	f82r:0.000000:0	f82:0.000000:0	1	1	1.0	ZL3b:0.233333;IT2a:0.233333;RF1b:0.233333	NO_UNCERTAIN_ROWS	ONE_INFORMATIVE_ARRAY;ONE_POSITIVE_FOLIO;POSSIBLE_LENGTH_CONFOUND		586
F82_APPARATUS_VS_FIGURE	20ac363673a7	APPARATUS_POSITION_VS_FIGURE_POSITION	MEMBER_TOKEN_RF1b:B5	MEMBER_CODE	MEMBER_TOKEN_RF1b:B5	LIKELY_PAGE_CONFOUND	13	3	10	2	1	1	0.2333333333333333	present=2	0.2333333333333333	1	0.046701930212896016	-0.2844533894687	-7.624303392353324	286	0.4230769230769231	1.0	1.0	1.0	13	0.46153846153846156	0	1.0	f82r:0.233333:1	f82r:0.000000:0	f82:0.000000:0	1	1	0.0	ZL3b:0.000000;IT2a:0.000000;RF1b:0.233333	NO_UNCERTAIN_ROWS	ONE_INFORMATIVE_ARRAY;ONE_POSITIVE_FOLIO;POSSIBLE_LENGTH_CONFOUND	primary edition=RF1b	587
F82_APPARATUS_VS_FIGURE	8ac1373cecb9	APPARATUS_POSITION_VS_FIGURE_POSITION	(FAMILY_1GRAM:C)_OR_(MEMBER_TOKEN_RF1b:B1)	JOINT_DEPTH2		LIKELY_PAGE_CONFOUND	13	3	10	9	3	6	0.4	present=9	0.4	1	0.14360656756205392	0.2533242808883376	-7.086525721996287	286	0.4965034965034965	0.3076923076923077	1.0	1.0	13	0.7692307692307693	0	1.0	f82r:0.400000:1	f82r:0.000000:0	f82:0.000000:0	1	1		NOT_EVALUATED_POSTSELECTED_JOINT	NO_UNCERTAIN_ROWS	ONE_INFORMATIVE_ARRAY;ONE_POSITIVE_FOLIO;POSTSELECTED_COMBINATION;EDITION_ROBUSTNESS_NOT_EVALUATED	Postselected depth-2 exploratory combination.	588
F82_APPARATUS_VS_FIGURE	4b367c893004	APPARATUS_POSITION_VS_FIGURE_POSITION	(FAMILY_1GRAM:Q)_AND_(MEMBER_TOKEN_ZL3b:A3)	JOINT_DEPTH2		LIKELY_PAGE_CONFOUND	13	3	10	4	0	4	-0.4	present=4	-0.4	1	0.14360656756205392	0.2533242808883376	-7.086525721996287	286	0.4965034965034965	0.3076923076923077	1.0	1.0	13	0.5384615384615384	0	1.0	f82r:-0.400000:1	f82r:0.000000:0	f82:0.000000:0	1	1		NOT_EVALUATED_POSTSELECTED_JOINT	NO_UNCERTAIN_ROWS	ONE_INFORMATIVE_ARRAY;ONE_POSITIVE_FOLIO;POSTSELECTED_COMBINATION;EDITION_ROBUSTNESS_NOT_EVALUATED;ZERO_POSITIVE_SUPPORT;POSSIBLE_LENGTH_CONFOUND	Postselected depth-2 exploratory combination.	589
F82_APPARATUS_VS_FIGURE	8f0c6a17b382	APPARATUS_POSITION_VS_FIGURE_POSITION	(FAMILY_2GRAM:AC)_OR_(MEMBER_TOKEN_RF1b:A3)	JOINT_DEPTH2		LIKELY_PAGE_CONFOUND	13	3	10	9	3	6	0.4	present=9	0.4	1	0.14360656756205392	0.2533242808883376	-7.086525721996287	286	0.4965034965034965	0.3076923076923077	1.0	1.0	13	0.38461538461538464	0	1.0	f82r:0.400000:1	f82r:0.000000:0	f82:0.000000:0	1	1		NOT_EVALUATED_POSTSELECTED_JOINT	NO_UNCERTAIN_ROWS	ONE_INFORMATIVE_ARRAY;ONE_POSITIVE_FOLIO;POSTSELECTED_COMBINATION;EDITION_ROBUSTNESS_NOT_EVALUATED	Postselected depth-2 exploratory combination.	590
F82_APPARATUS_VS_FIGURE	ec19f420f60e	APPARATUS_POSITION_VS_FIGURE_POSITION	(FAMILY_2GRAM:AC)_OR_(MEMBER_TOKEN_ZL3b:B1)	JOINT_DEPTH2		LIKELY_PAGE_CONFOUND	13	3	10	9	3	6	0.4	present=9	0.4	1	0.14360656756205392	0.2533242808883376	-7.086525721996287	286	0.4965034965034965	0.3076923076923077	1.0	1.0	13	0.6923076923076923	0	1.0	f82r:0.400000:1	f82r:0.000000:0	f82:0.000000:0	1	1		NOT_EVALUATED_POSTSELECTED_JOINT	NO_UNCERTAIN_ROWS	ONE_INFORMATIVE_ARRAY;ONE_POSITIVE_FOLIO;POSTSELECTED_COMBINATION;EDITION_ROBUSTNESS_NOT_EVALUATED	Postselected depth-2 exploratory combination.	591
F82_APPARATUS_VS_FIGURE	f3e82b28a270	APPARATUS_POSITION_VS_FIGURE_POSITION	(FAMILY_2GRAM:CA)_OR_(FAMILY_PREFIX_3:AQA)	JOINT_DEPTH2		LIKELY_PAGE_CONFOUND	13	3	10	9	3	6	0.4	present=9	0.4	1	0.14360656756205392	0.2533242808883376	-7.086525721996287	286	0.4965034965034965	0.3076923076923077	1.0	1.0	13	0.5384615384615384	0	1.0	f82r:0.400000:1	f82r:0.000000:0	f82:0.000000:0	1	1		NOT_EVALUATED_POSTSELECTED_JOINT	NO_UNCERTAIN_ROWS	ONE_INFORMATIVE_ARRAY;ONE_POSITIVE_FOLIO;POSTSELECTED_COMBINATION;EDITION_ROBUSTNESS_NOT_EVALUATED	Postselected depth-2 exploratory combination.	592
F82_APPARATUS_VS_FIGURE	2536c8626fea	APPARATUS_POSITION_VS_FIGURE_POSITION	(FAMILY_2GRAM:CA)_OR_(MEMBER_TOKEN_IT2a:A3)	JOINT_DEPTH2		LIKELY_PAGE_CONFOUND	13	3	10	9	3	6	0.4	present=9	0.4	1	0.14360656756205392	0.2533242808883376	-7.086525721996287	286	0.4965034965034965	0.3076923076923077	1.0	1.0	13	0.5384615384615384	0	1.0	f82r:0.400000:1	f82r:0.000000:0	f82:0.000000:0	1	1		NOT_EVALUATED_POSTSELECTED_JOINT	NO_UNCERTAIN_ROWS	ONE_INFORMATIVE_ARRAY;ONE_POSITIVE_FOLIO;POSTSELECTED_COMBINATION;EDITION_ROBUSTNESS_NOT_EVALUATED	Postselected depth-2 exploratory combination.	593
F82_APPARATUS_VS_FIGURE	bb0bee3283af	APPARATUS_POSITION_VS_FIGURE_POSITION	(FAMILY_2GRAM:QA)_AND_(SYMBOL_COUNT_GE:5)	JOINT_DEPTH2		LIKELY_PAGE_CONFOUND	13	3	10	4	0	4	-0.4	present=4	-0.4	1	0.14360656756205392	0.2533242808883376	-7.086525721996287	286	0.4965034965034965	0.3076923076923077	1.0	1.0	13	0.46153846153846156	0	1.0	f82r:-0.400000:1	f82r:0.000000:0	f82:0.000000:0	1	1		NOT_EVALUATED_POSTSELECTED_JOINT	NO_UNCERTAIN_ROWS	ONE_INFORMATIVE_ARRAY;ONE_POSITIVE_FOLIO;POSTSELECTED_COMBINATION;EDITION_ROBUSTNESS_NOT_EVALUATED;ZERO_POSITIVE_SUPPORT;POSSIBLE_LENGTH_CONFOUND	Postselected depth-2 exploratory combination.	594
F82_APPARATUS_VS_FIGURE	ccf9cbd858be	APPARATUS_POSITION_VS_FIGURE_POSITION	(FAMILY_3GRAM:ACA)_OR_(FAMILY_2GRAM:BA)	JOINT_DEPTH2		LIKELY_PAGE_CONFOUND	13	3	10	9	3	6	0.4	present=9	0.4	1	0.1436065675620539	0.2533242808883376	-7.086525721996287	286	0.4965034965034965	0.3076923076923077	1.0	1.0	13	0.5384615384615384	0	1.0	f82r:0.400000:1	f82r:0.000000:0	f82:0.000000:0	1	1		NOT_EVALUATED_POSTSELECTED_JOINT	NO_UNCERTAIN_ROWS	ONE_INFORMATIVE_ARRAY;ONE_POSITIVE_FOLIO;POSTSELECTED_COMBINATION;EDITION_ROBUSTNESS_NOT_EVALUATED	Postselected depth-2 exploratory combination.	595
F82_APPARATUS_VS_FIGURE	8fc890495137	APPARATUS_POSITION_VS_FIGURE_POSITION	(FAMILY_3GRAM:ACA)_OR_(FAMILY_PREFIX_2:AQ)	JOINT_DEPTH2		LIKELY_PAGE_CONFOUND	13	3	10	9	3	6	0.4	present=9	0.4	1	0.14360656756205392	0.2533242808883376	-7.086525721996287	286	0.4965034965034965	0.3076923076923077	1.0	1.0	13	0.5384615384615384	0	1.0	f82r:0.400000:1	f82r:0.000000:0	f82:0.000000:0	1	1		NOT_EVALUATED_POSTSELECTED_JOINT	NO_UNCERTAIN_ROWS	ONE_INFORMATIVE_ARRAY;ONE_POSITIVE_FOLIO;POSTSELECTED_COMBINATION;EDITION_ROBUSTNESS_NOT_EVALUATED	Postselected depth-2 exploratory combination.	596
F82_APPARATUS_VS_FIGURE	51c26cf48ede	APPARATUS_POSITION_VS_FIGURE_POSITION	(FAMILY_3GRAM:ACA)_OR_(MEMBER_TOKEN_ZL3b:A3)	JOINT_DEPTH2		LIKELY_PAGE_CONFOUND	13	3	10	9	3	6	0.4	present=9	0.4	1	0.1436065675620539	0.2533242808883376	-7.086525721996287	286	0.4965034965034965	0.3076923076923077	1.0	1.0	13	0.38461538461538464	0	1.0	f82r:0.400000:1	f82r:0.000000:0	f82:0.000000:0	1	1		NOT_EVALUATED_POSTSELECTED_JOINT	NO_UNCERTAIN_ROWS	ONE_INFORMATIVE_ARRAY;ONE_POSITIVE_FOLIO;POSTSELECTED_COMBINATION;EDITION_ROBUSTNESS_NOT_EVALUATED	Postselected depth-2 exploratory combination.	597
F82_APPARATUS_VS_FIGURE	483f26b810d2	APPARATUS_POSITION_VS_FIGURE_POSITION	(MEMBER_TOKEN_IT2a:A3)_OR_(FAMILY_3GRAM:ABA)	JOINT_DEPTH2		LIKELY_PAGE_CONFOUND	13	3	10	9	3	6	0.4	present=9	0.4	1	0.14360656756205392	0.2533242808883376	-7.086525721996287	286	0.4965034965034965	0.3076923076923077	1.0	1.0	13	0.5384615384615384	0	1.0	f82r:0.400000:1	f82r:0.000000:0	f82:0.000000:0	1	1		NOT_EVALUATED_POSTSELECTED_JOINT	NO_UNCERTAIN_ROWS	ONE_INFORMATIVE_ARRAY;ONE_POSITIVE_FOLIO;POSTSELECTED_COMBINATION;EDITION_ROBUSTNESS_NOT_EVALUATED	Postselected depth-2 exploratory combination.	598
F82_APPARATUS_VS_FIGURE	4222bd8fe448	APPARATUS_POSITION_VS_FIGURE_POSITION	(MEMBER_TOKEN_RF1b:A3)_OR_(FAMILY_2GRAM:BA)	JOINT_DEPTH2		LIKELY_PAGE_CONFOUND	13	3	10	9	3	6	0.4	present=9	0.4	1	0.1436065675620539	0.2533242808883376	-7.086525721996287	286	0.4965034965034965	0.3076923076923077	1.0	1.0	13	0.38461538461538464	0	1.0	f82r:0.400000:1	f82r:0.000000:0	f82:0.000000:0	1	1		NOT_EVALUATED_POSTSELECTED_JOINT	NO_UNCERTAIN_ROWS	ONE_INFORMATIVE_ARRAY;ONE_POSITIVE_FOLIO;POSTSELECTED_COMBINATION;EDITION_ROBUSTNESS_NOT_EVALUATED	Postselected depth-2 exploratory combination.	599
F82_APPARATUS_VS_FIGURE	331fbce3bd34	APPARATUS_POSITION_VS_FIGURE_POSITION	(MEMBER_TOKEN_RF1b:A3)_OR_(FAMILY_PREFIX_2:AQ)	JOINT_DEPTH2		LIKELY_PAGE_CONFOUND	13	3	10	9	3	6	0.4	present=9	0.4	1	0.14360656756205392	0.2533242808883376	-7.086525721996287	286	0.4965034965034965	0.3076923076923077	1.0	1.0	13	0.5384615384615384	0	1.0	f82r:0.400000:1	f82r:0.000000:0	f82:0.000000:0	1	1		NOT_EVALUATED_POSTSELECTED_JOINT	NO_UNCERTAIN_ROWS	ONE_INFORMATIVE_ARRAY;ONE_POSITIVE_FOLIO;POSTSELECTED_COMBINATION;EDITION_ROBUSTNESS_NOT_EVALUATED	Postselected depth-2 exploratory combination.	600
F82_APPARATUS_VS_FIGURE	99b31d75a67d	APPARATUS_POSITION_VS_FIGURE_POSITION	(MEMBER_TOKEN_ZL3b:B1)_OR_(FAMILY_PREFIX_2:AQ)	JOINT_DEPTH2		LIKELY_PAGE_CONFOUND	13	3	10	9	3	6	0.4	present=9	0.4	1	0.14360656756205392	0.2533242808883376	-7.086525721996287	286	0.4965034965034965	0.3076923076923077	1.0	1.0	13	0.5384615384615384	0	1.0	f82r:0.400000:1	f82r:0.000000:0	f82:0.000000:0	1	1		NOT_EVALUATED_POSTSELECTED_JOINT	NO_UNCERTAIN_ROWS	ONE_INFORMATIVE_ARRAY;ONE_POSITIVE_FOLIO;POSTSELECTED_COMBINATION;EDITION_ROBUSTNESS_NOT_EVALUATED	Postselected depth-2 exploratory combination.	601
F82_APPARATUS_VS_FIGURE	6498fafbc717	APPARATUS_POSITION_VS_FIGURE_POSITION	(MEMBER_TOKEN_ZL3b:B1)_OR_(MEMBER_TOKEN_IT2a:A3)	JOINT_DEPTH2		LIKELY_PAGE_CONFOUND	13	3	10	9	3	6	0.4	present=9	0.4	1	0.14360656756205392	0.2533242808883376	-7.086525721996287	286	0.4965034965034965	0.3076923076923077	1.0	1.0	13	0.3076923076923077	0	1.0	f82r:0.400000:1	f82r:0.000000:0	f82:0.000000:0	1	1		NOT_EVALUATED_POSTSELECTED_JOINT	NO_UNCERTAIN_ROWS	ONE_INFORMATIVE_ARRAY;ONE_POSITIVE_FOLIO;POSTSELECTED_COMBINATION;EDITION_ROBUSTNESS_NOT_EVALUATED	Postselected depth-2 exploratory combination.	602
F82_APPARATUS_VS_FIGURE	2d2a9a6721f4	APPARATUS_POSITION_VS_FIGURE_POSITION	(MEMBER_TOKEN_ZL3b:B1)_OR_(MEMBER_TOKEN_ZL3b:A3)	JOINT_DEPTH2		LIKELY_PAGE_CONFOUND	13	3	10	9	3	6	0.4	present=9	0.4	1	0.1436065675620539	0.2533242808883376	-7.086525721996287	286	0.4965034965034965	0.3076923076923077	1.0	1.0	13	0.38461538461538464	0	1.0	f82r:0.400000:1	f82r:0.000000:0	f82:0.000000:0	1	1		NOT_EVALUATED_POSTSELECTED_JOINT	NO_UNCERTAIN_ROWS	ONE_INFORMATIVE_ARRAY;ONE_POSITIVE_FOLIO;POSTSELECTED_COMBINATION;EDITION_ROBUSTNESS_NOT_EVALUATED	Postselected depth-2 exploratory combination.	603
F82_APPARATUS_VS_FIGURE	ae7fd3a06311	APPARATUS_POSITION_VS_FIGURE_POSITION	FAMILY_3GRAM:ABA	FAMILY_COMPONENT	FAMILY_3GRAM:ABA	LIKELY_PAGE_CONFOUND	13	3	10	4	0	4	-0.4	present=4	-0.4	1	0.14360656756205392	0.2533242808883376	-7.086525721996287	286	0.4965034965034965	0.3076923076923077	1.0	1.0	13	0.5384615384615384	0	1.0	f82r:-0.400000:1	f82r:0.000000:0	f82:0.000000:0	1	1	1.0	ZL3b:-0.400000;IT2a:-0.400000;RF1b:-0.400000	NO_UNCERTAIN_ROWS	ONE_INFORMATIVE_ARRAY;ONE_POSITIVE_FOLIO;ZERO_POSITIVE_SUPPORT;POSSIBLE_LENGTH_CONFOUND		604
F82_APPARATUS_VS_FIGURE	0cd346b5cfac	APPARATUS_POSITION_VS_FIGURE_POSITION	FAMILY_PREFIX_3:AQA	FAMILY_COMPONENT	FAMILY_PREFIX_3:AQA	LIKELY_PAGE_CONFOUND	13	3	10	4	0	4	-0.4	present=4	-0.4	1	0.1436065675620539	0.2533242808883376	-7.086525721996287	286	0.4965034965034965	0.3076923076923077	1.0	1.0	13	0.6153846153846154	0	1.0	f82r:-0.400000:1	f82r:0.000000:0	f82:0.000000:0	1	1	1.0	ZL3b:-0.400000;IT2a:-0.400000;RF1b:-0.400000	NO_UNCERTAIN_ROWS	ONE_INFORMATIVE_ARRAY;ONE_POSITIVE_FOLIO;ZERO_POSITIVE_SUPPORT;POSSIBLE_LENGTH_CONFOUND		605
F82_APPARATUS_VS_FIGURE	9e959bd8041a	APPARATUS_POSITION_VS_FIGURE_POSITION	FAMILY_PREFIX_1:A	FAMILY_COMPONENT	FAMILY_PREFIX_1:A	LIKELY_PAGE_CONFOUND	13	3	10	8	1	7	-0.36666666666666664	present=8	-0.36666666666666664	1	0.07140610514823009	-0.32752211136058484	-7.667372114245209	286	0.5104895104895105	0.5104895104895105	1.0	1.0	13	0.6923076923076923	0	1.0	f82r:-0.366667:1	f82r:0.000000:0	f82:0.000000:0	1	1	1.0	ZL3b:-0.366667;IT2a:-0.366667;RF1b:-0.366667	NO_UNCERTAIN_ROWS	ONE_INFORMATIVE_ARRAY;ONE_POSITIVE_FOLIO;POSSIBLE_LENGTH_CONFOUND		606
F82_APPARATUS_VS_FIGURE	dbbbe49efb42	APPARATUS_POSITION_VS_FIGURE_POSITION	(FAMILY_1GRAM:Q)_AND_(FAMILY_1GRAM:C)	JOINT_DEPTH2		LIKELY_PAGE_CONFOUND	13	3	10	3	0	3	-0.3	present=3	-0.3	1	0.10143376096078312	-0.1755190179155388	-7.515369020800163	286	0.527972027972028	0.527972027972028	1.0	1.0	13	0.7692307692307693	0	1.0	f82r:-0.300000:1	f82r:0.000000:0	f82:0.000000:0	1	1		NOT_EVALUATED_POSTSELECTED_JOINT	NO_UNCERTAIN_ROWS	ONE_INFORMATIVE_ARRAY;ONE_POSITIVE_FOLIO;POSTSELECTED_COMBINATION;EDITION_ROBUSTNESS_NOT_EVALUATED;ZERO_POSITIVE_SUPPORT;POSSIBLE_LENGTH_CONFOUND	Postselected depth-2 exploratory combination.	607
F82_APPARATUS_VS_FIGURE	e3085169f639	APPARATUS_POSITION_VS_FIGURE_POSITION	(FAMILY_1GRAM:Q)_AND_(MEMBER_TOKEN_IT2a:A3)	JOINT_DEPTH2		LIKELY_PAGE_CONFOUND	13	3	10	3	0	3	-0.3	present=3	-0.3	1	0.10143376096078312	-0.1755190179155388	-7.515369020800163	286	0.527972027972028	0.527972027972028	1.0	1.0	13	0.5384615384615384	0	1.0	f82r:-0.300000:1	f82r:0.000000:0	f82:0.000000:0	1	1		NOT_EVALUATED_POSTSELECTED_JOINT	NO_UNCERTAIN_ROWS	ONE_INFORMATIVE_ARRAY;ONE_POSITIVE_FOLIO;POSTSELECTED_COMBINATION;EDITION_ROBUSTNESS_NOT_EVALUATED;ZERO_POSITIVE_SUPPORT;POSSIBLE_LENGTH_CONFOUND	Postselected depth-2 exploratory combination.	608
F82_APPARATUS_VS_FIGURE	ef6205315a31	APPARATUS_POSITION_VS_FIGURE_POSITION	(FAMILY_2GRAM:AC)_OR_(FAMILY_3GRAM:ABA)	JOINT_DEPTH2		LIKELY_PAGE_CONFOUND	13	3	10	10	3	7	0.30000000000000004	present=10	0.30000000000000004	1	0.10143376096078312	-0.1755190179155388	-7.515369020800163	286	0.527972027972028	0.527972027972028	1.0	1.0	13	0.46153846153846156	0	1.0	f82r:0.300000:1	f82r:0.000000:0	f82:0.000000:0	1	1		NOT_EVALUATED_POSTSELECTED_JOINT	NO_UNCERTAIN_ROWS	ONE_INFORMATIVE_ARRAY;ONE_POSITIVE_FOLIO;POSTSELECTED_COMBINATION;EDITION_ROBUSTNESS_NOT_EVALUATED	Postselected depth-2 exploratory combination.	609
F82_APPARATUS_VS_FIGURE	ac881476e7c2	APPARATUS_POSITION_VS_FIGURE_POSITION	(FAMILY_2GRAM:AC)_OR_(MEMBER_TOKEN_ZL3b:A3)	JOINT_DEPTH2		LIKELY_PAGE_CONFOUND	13	3	10	10	3	7	0.30000000000000004	present=10	0.30000000000000004	1	0.10143376096078312	-0.1755190179155388	-7.515369020800163	286	0.527972027972028	0.527972027972028	1.0	1.0	13	0.46153846153846156	0	1.0	f82r:0.300000:1	f82r:0.000000:0	f82:0.000000:0	1	1		NOT_EVALUATED_POSTSELECTED_JOINT	NO_UNCERTAIN_ROWS	ONE_INFORMATIVE_ARRAY;ONE_POSITIVE_FOLIO;POSTSELECTED_COMBINATION;EDITION_ROBUSTNESS_NOT_EVALUATED	Postselected depth-2 exploratory combination.	610
F82_APPARATUS_VS_FIGURE	3bedc73d9f2d	APPARATUS_POSITION_VS_FIGURE_POSITION	(FAMILY_2GRAM:BA)_OR_(MEMBER_TOKEN_ZL3b:A3)	JOINT_DEPTH2		LIKELY_PAGE_CONFOUND	13	3	10	10	3	7	0.30000000000000004	present=10	0.30000000000000004	1	0.10143376096078312	-0.1755190179155388	-7.515369020800163	286	0.527972027972028	0.527972027972028	1.0	1.0	13	0.3076923076923077	0	1.0	f82r:0.300000:1	f82r:0.000000:0	f82:0.000000:0	1	1		NOT_EVALUATED_POSTSELECTED_JOINT	NO_UNCERTAIN_ROWS	ONE_INFORMATIVE_ARRAY;ONE_POSITIVE_FOLIO;POSTSELECTED_COMBINATION;EDITION_ROBUSTNESS_NOT_EVALUATED	Postselected depth-2 exploratory combination.	611
F82_APPARATUS_VS_FIGURE	e9198b64eaab	APPARATUS_POSITION_VS_FIGURE_POSITION	(FAMILY_2GRAM:CA)_OR_(FAMILY_PREFIX_2:AQ)	JOINT_DEPTH2		LIKELY_PAGE_CONFOUND	13	3	10	10	3	7	0.30000000000000004	present=10	0.30000000000000004	1	0.10143376096078312	-0.1755190179155388	-7.515369020800163	286	0.527972027972028	0.527972027972028	1.0	1.0	13	0.6153846153846154	0	1.0	f82r:0.300000:1	f82r:0.000000:0	f82:0.000000:0	1	1		NOT_EVALUATED_POSTSELECTED_JOINT	NO_UNCERTAIN_ROWS	ONE_INFORMATIVE_ARRAY;ONE_POSITIVE_FOLIO;POSTSELECTED_COMBINATION;EDITION_ROBUSTNESS_NOT_EVALUATED	Postselected depth-2 exploratory combination.	612
F82_APPARATUS_VS_FIGURE	fc3deeb44f63	APPARATUS_POSITION_VS_FIGURE_POSITION	(FAMILY_2GRAM:CA)_OR_(MEMBER_TOKEN_ZL3b:A3)	JOINT_DEPTH2		LIKELY_PAGE_CONFOUND	13	3	10	10	3	7	0.30000000000000004	present=10	0.30000000000000004	1	0.10143376096078312	-0.1755190179155388	-7.515369020800163	286	0.527972027972028	0.527972027972028	1.0	1.0	13	0.46153846153846156	0	1.0	f82r:0.300000:1	f82r:0.000000:0	f82:0.000000:0	1	1		NOT_EVALUATED_POSTSELECTED_JOINT	NO_UNCERTAIN_ROWS	ONE_INFORMATIVE_ARRAY;ONE_POSITIVE_FOLIO;POSTSELECTED_COMBINATION;EDITION_ROBUSTNESS_NOT_EVALUATED	Postselected depth-2 exploratory combination.	613
F82_APPARATUS_VS_FIGURE	5a4c48398c3d	APPARATUS_POSITION_VS_FIGURE_POSITION	(FAMILY_2GRAM:QA)_AND_(MEMBER_TOKEN_ZL3b:A3)	JOINT_DEPTH2		LIKELY_PAGE_CONFOUND	13	3	10	3	0	3	-0.3	present=3	-0.3	1	0.10143376096078312	-0.1755190179155388	-7.515369020800163	286	0.527972027972028	0.527972027972028	1.0	1.0	13	0.6153846153846154	0	1.0	f82r:-0.300000:1	f82r:0.000000:0	f82:0.000000:0	1	1		NOT_EVALUATED_POSTSELECTED_JOINT	NO_UNCERTAIN_ROWS	ONE_INFORMATIVE_ARRAY;ONE_POSITIVE_FOLIO;POSTSELECTED_COMBINATION;EDITION_ROBUSTNESS_NOT_EVALUATED;ZERO_POSITIVE_SUPPORT;POSSIBLE_LENGTH_CONFOUND	Postselected depth-2 exploratory combination.	614
F82_APPARATUS_VS_FIGURE	c90e7fb9bd4e	APPARATUS_POSITION_VS_FIGURE_POSITION	(FAMILY_3GRAM:ABA)_AND_(SYMBOL_COUNT_GE:5)	JOINT_DEPTH2		LIKELY_PAGE_CONFOUND	13	3	10	3	0	3	-0.3	present=3	-0.3	1	0.10143376096078312	-0.1755190179155388	-7.515369020800163	286	0.527972027972028	0.527972027972028	1.0	1.0	13	0.46153846153846156	0	1.0	f82r:-0.300000:1	f82r:0.000000:0	f82:0.000000:0	1	1		NOT_EVALUATED_POSTSELECTED_JOINT	NO_UNCERTAIN_ROWS	ONE_INFORMATIVE_ARRAY;ONE_POSITIVE_FOLIO;POSTSELECTED_COMBINATION;EDITION_ROBUSTNESS_NOT_EVALUATED;ZERO_POSITIVE_SUPPORT;POSSIBLE_LENGTH_CONFOUND	Postselected depth-2 exploratory combination.	615
F82_APPARATUS_VS_FIGURE	35b9be69a551	APPARATUS_POSITION_VS_FIGURE_POSITION	(FAMILY_3GRAM:ACA)_OR_(FAMILY_2GRAM:QA)	JOINT_DEPTH2		LIKELY_PAGE_CONFOUND	13	3	10	10	3	7	0.30000000000000004	present=10	0.30000000000000004	1	0.10143376096078312	-0.1755190179155388	-7.515369020800163	286	0.527972027972028	0.527972027972028	1.0	1.0	13	0.46153846153846156	0	1.0	f82r:0.300000:1	f82r:0.000000:0	f82:0.000000:0	1	1		NOT_EVALUATED_POSTSELECTED_JOINT	NO_UNCERTAIN_ROWS	ONE_INFORMATIVE_ARRAY;ONE_POSITIVE_FOLIO;POSTSELECTED_COMBINATION;EDITION_ROBUSTNESS_NOT_EVALUATED	Postselected depth-2 exploratory combination.	616
F82_APPARATUS_VS_FIGURE	102087f03def	APPARATUS_POSITION_VS_FIGURE_POSITION	(FAMILY_PREFIX_2:AQ)_AND_(SYMBOL_COUNT_GE:5)	JOINT_DEPTH2		LIKELY_PAGE_CONFOUND	13	3	10	3	0	3	-0.3	present=3	-0.3	1	0.10143376096078312	-0.1755190179155388	-7.515369020800163	286	0.527972027972028	0.527972027972028	1.0	1.0	13	0.6153846153846154	0	1.0	f82r:-0.300000:1	f82r:0.000000:0	f82:0.000000:0	1	1		NOT_EVALUATED_POSTSELECTED_JOINT	NO_UNCERTAIN_ROWS	ONE_INFORMATIVE_ARRAY;ONE_POSITIVE_FOLIO;POSTSELECTED_COMBINATION;EDITION_ROBUSTNESS_NOT_EVALUATED;ZERO_POSITIVE_SUPPORT;POSSIBLE_LENGTH_CONFOUND	Postselected depth-2 exploratory combination.	617
F82_APPARATUS_VS_FIGURE	968a751558b7	APPARATUS_POSITION_VS_FIGURE_POSITION	(MEMBER_TOKEN_IT2a:A3)_OR_(FAMILY_2GRAM:BA)	JOINT_DEPTH2		LIKELY_PAGE_CONFOUND	13	3	10	10	3	7	0.30000000000000004	present=10	0.30000000000000004	1	0.10143376096078312	-0.1755190179155388	-7.515369020800163	286	0.527972027972028	0.527972027972028	1.0	1.0	13	0.46153846153846156	0	1.0	f82r:0.300000:1	f82r:0.000000:0	f82:0.000000:0	1	1		NOT_EVALUATED_POSTSELECTED_JOINT	NO_UNCERTAIN_ROWS	ONE_INFORMATIVE_ARRAY;ONE_POSITIVE_FOLIO;POSTSELECTED_COMBINATION;EDITION_ROBUSTNESS_NOT_EVALUATED	Postselected depth-2 exploratory combination.	618
F82_APPARATUS_VS_FIGURE	d3bec90594c8	APPARATUS_POSITION_VS_FIGURE_POSITION	(MEMBER_TOKEN_RF1b:A3)_OR_(FAMILY_1GRAM:C)	JOINT_DEPTH2		LIKELY_PAGE_CONFOUND	13	3	10	10	3	7	0.30000000000000004	present=10	0.30000000000000004	1	0.10143376096078312	-0.1755190179155388	-7.515369020800163	286	0.527972027972028	0.527972027972028	1.0	1.0	13	0.46153846153846156	0	1.0	f82r:0.300000:1	f82r:0.000000:0	f82:0.000000:0	1	1		NOT_EVALUATED_POSTSELECTED_JOINT	NO_UNCERTAIN_ROWS	ONE_INFORMATIVE_ARRAY;ONE_POSITIVE_FOLIO;POSTSELECTED_COMBINATION;EDITION_ROBUSTNESS_NOT_EVALUATED	Postselected depth-2 exploratory combination.	619
F82_APPARATUS_VS_FIGURE	fca7d1b580a7	APPARATUS_POSITION_VS_FIGURE_POSITION	(MEMBER_TOKEN_RF1b:A3)_OR_(FAMILY_2GRAM:QA)	JOINT_DEPTH2		LIKELY_PAGE_CONFOUND	13	3	10	10	3	7	0.30000000000000004	present=10	0.30000000000000004	1	0.10143376096078312	-0.1755190179155388	-7.515369020800163	286	0.527972027972028	0.527972027972028	1.0	1.0	13	0.7692307692307693	0	1.0	f82r:0.300000:1	f82r:0.000000:0	f82:0.000000:0	1	1		NOT_EVALUATED_POSTSELECTED_JOINT	NO_UNCERTAIN_ROWS	ONE_INFORMATIVE_ARRAY;ONE_POSITIVE_FOLIO;POSTSELECTED_COMBINATION;EDITION_ROBUSTNESS_NOT_EVALUATED	Postselected depth-2 exploratory combination.	620
F82_APPARATUS_VS_FIGURE	10afb3584a99	APPARATUS_POSITION_VS_FIGURE_POSITION	(MEMBER_TOKEN_RF1b:A3)_OR_(FAMILY_PREFIX_1:A)	JOINT_DEPTH2		LIKELY_PAGE_CONFOUND	13	3	10	10	3	7	0.30000000000000004	present=10	0.30000000000000004	1	0.10143376096078312	-0.1755190179155388	-7.515369020800163	286	0.527972027972028	0.527972027972028	1.0	1.0	13	0.6153846153846154	0	1.0	f82r:0.300000:1	f82r:0.000000:0	f82:0.000000:0	1	1		NOT_EVALUATED_POSTSELECTED_JOINT	NO_UNCERTAIN_ROWS	ONE_INFORMATIVE_ARRAY;ONE_POSITIVE_FOLIO;POSTSELECTED_COMBINATION;EDITION_ROBUSTNESS_NOT_EVALUATED	Postselected depth-2 exploratory combination.	621
F82_APPARATUS_VS_FIGURE	56ab03f4f8f6	APPARATUS_POSITION_VS_FIGURE_POSITION	(MEMBER_TOKEN_ZL3b:B1)_OR_(FAMILY_1GRAM:C)	JOINT_DEPTH2		LIKELY_PAGE_CONFOUND	13	3	10	10	3	7	0.30000000000000004	present=10	0.30000000000000004	1	0.10143376096078312	-0.1755190179155388	-7.515369020800163	286	0.527972027972028	0.527972027972028	1.0	1.0	13	0.7692307692307693	0	1.0	f82r:0.300000:1	f82r:0.000000:0	f82:0.000000:0	1	1		NOT_EVALUATED_POSTSELECTED_JOINT	NO_UNCERTAIN_ROWS	ONE_INFORMATIVE_ARRAY;ONE_POSITIVE_FOLIO;POSTSELECTED_COMBINATION;EDITION_ROBUSTNESS_NOT_EVALUATED	Postselected depth-2 exploratory combination.	622
F82_APPARATUS_VS_FIGURE	c814e6f896ca	APPARATUS_POSITION_VS_FIGURE_POSITION	(MEMBER_TOKEN_ZL3b:B1)_OR_(FAMILY_2GRAM:QA)	JOINT_DEPTH2		LIKELY_PAGE_CONFOUND	13	3	10	10	3	7	0.30000000000000004	present=10	0.30000000000000004	1	0.10143376096078312	-0.1755190179155388	-7.515369020800163	286	0.527972027972028	0.527972027972028	1.0	1.0	13	0.46153846153846156	0	1.0	f82r:0.300000:1	f82r:0.000000:0	f82:0.000000:0	1	1		NOT_EVALUATED_POSTSELECTED_JOINT	NO_UNCERTAIN_ROWS	ONE_INFORMATIVE_ARRAY;ONE_POSITIVE_FOLIO;POSTSELECTED_COMBINATION;EDITION_ROBUSTNESS_NOT_EVALUATED	Postselected depth-2 exploratory combination.	623
F82_APPARATUS_VS_FIGURE	5630dfaf3011	APPARATUS_POSITION_VS_FIGURE_POSITION	FAMILY_3GRAM:QAB	FAMILY_COMPONENT	FAMILY_3GRAM:QAB	LIKELY_PAGE_CONFOUND	13	3	10	3	0	3	-0.3	present=3	-0.3	1	0.10143376096078312	-0.1755190179155388	-7.515369020800163	286	0.527972027972028	0.527972027972028	1.0	1.0	13	0.46153846153846156	0	1.0	f82r:-0.300000:1	f82r:0.000000:0	f82:0.000000:0	1	1	1.0	ZL3b:-0.300000;IT2a:-0.300000;RF1b:-0.300000	NO_UNCERTAIN_ROWS	ONE_INFORMATIVE_ARRAY;ONE_POSITIVE_FOLIO;ZERO_POSITIVE_SUPPORT;POSSIBLE_LENGTH_CONFOUND		624
F82_APPARATUS_VS_FIGURE	37f2bf9e266e	APPARATUS_POSITION_VS_FIGURE_POSITION	FAMILY_SUFFIX_2:BA	FAMILY_COMPONENT	FAMILY_SUFFIX_2:BA	LIKELY_PAGE_CONFOUND	13	3	10	3	0	3	-0.3	present=3	-0.3	1	0.10143376096078312	-0.1755190179155388	-7.515369020800163	286	0.527972027972028	0.527972027972028	1.0	1.0	13	0.5384615384615384	0	1.0	f82r:-0.300000:1	f82r:0.000000:0	f82:0.000000:0	1	1	1.0	ZL3b:-0.300000;IT2a:-0.300000;RF1b:-0.300000	NO_UNCERTAIN_ROWS	ONE_INFORMATIVE_ARRAY;ONE_POSITIVE_FOLIO;ZERO_POSITIVE_SUPPORT;POSSIBLE_LENGTH_CONFOUND		625
F82_APPARATUS_VS_FIGURE	e5ad1954d0d0	APPARATUS_POSITION_VS_FIGURE_POSITION	SYMBOL_COUNT_GE:5	CONSTRUCTION	SYMBOL_COUNT_GE:5	LIKELY_PAGE_CONFOUND	13	3	10	10	3	7	0.30000000000000004	present=10	0.30000000000000004	1	0.10143376096078312	-0.1755190179155388	-7.515369020800163	286	0.527972027972028	0.527972027972028	1.0	1.0	13	0.7692307692307693	0	1.0	f82r:0.300000:1	f82r:0.000000:0	f82:0.000000:0	1	1	1.0	ZL3b:0.300000;IT2a:0.300000;RF1b:0.300000	NO_UNCERTAIN_ROWS	ONE_INFORMATIVE_ARRAY;ONE_POSITIVE_FOLIO		626
F82_APPARATUS_VS_FIGURE	9ab5e2fd64cf	APPARATUS_POSITION_VS_FIGURE_POSITION	(FAMILY_3GRAM:CAB)_OR_(FAMILY_3GRAM:ABA)	JOINT_DEPTH2		LIKELY_PAGE_CONFOUND	13	3	10	6	2	4	0.2666666666666666	present=6	0.2666666666666666	1	0.03692795618414446	-0.8055694081652351	-8.14541941104986	286	0.5594405594405595	0.5594405594405595	1.0	1.0	13	0.6923076923076923	0	1.0	f82r:0.266667:1	f82r:0.000000:0	f82:0.000000:0	1	1		NOT_EVALUATED_POSTSELECTED_JOINT	NO_UNCERTAIN_ROWS	ONE_INFORMATIVE_ARRAY;ONE_POSITIVE_FOLIO;POSTSELECTED_COMBINATION;EDITION_ROBUSTNESS_NOT_EVALUATED	Postselected depth-2 exploratory combination.	627
F82_APPARATUS_VS_FIGURE	3e9d0ea90b59	APPARATUS_POSITION_VS_FIGURE_POSITION	(FAMILY_3GRAM:CAB)_OR_(FAMILY_PREFIX_3:AQA)	JOINT_DEPTH2		LIKELY_PAGE_CONFOUND	13	3	10	6	2	4	0.2666666666666666	present=6	0.2666666666666666	1	0.03692795618414446	-0.8055694081652351	-8.14541941104986	286	0.5594405594405595	0.5594405594405595	1.0	1.0	13	0.6153846153846154	0	1.0	f82r:0.266667:1	f82r:0.000000:0	f82:0.000000:0	1	1		NOT_EVALUATED_POSTSELECTED_JOINT	NO_UNCERTAIN_ROWS	ONE_INFORMATIVE_ARRAY;ONE_POSITIVE_FOLIO;POSTSELECTED_COMBINATION;EDITION_ROBUSTNESS_NOT_EVALUATED	Postselected depth-2 exploratory combination.	628
F82_APPARATUS_VS_FIGURE	7ad8cc5a1055	APPARATUS_POSITION_VS_FIGURE_POSITION	(FAMILY_PREFIX_3:BAC)_OR_(FAMILY_3GRAM:ABA)	JOINT_DEPTH2		LIKELY_PAGE_CONFOUND	13	3	10	6	2	4	0.2666666666666666	present=6	0.2666666666666666	1	0.03692795618414446	-0.8055694081652351	-8.14541941104986	286	0.5594405594405595	0.5594405594405595	1.0	1.0	13	0.5384615384615384	0	1.0	f82r:0.266667:1	f82r:0.000000:0	f82:0.000000:0	1	1		NOT_EVALUATED_POSTSELECTED_JOINT	NO_UNCERTAIN_ROWS	ONE_INFORMATIVE_ARRAY;ONE_POSITIVE_FOLIO;POSTSELECTED_COMBINATION;EDITION_ROBUSTNESS_NOT_EVALUATED	Postselected depth-2 exploratory combination.	629
F82_APPARATUS_VS_FIGURE	23c06a3ad259	APPARATUS_POSITION_VS_FIGURE_POSITION	(FAMILY_PREFIX_3:BAC)_OR_(FAMILY_PREFIX_3:AQA)	JOINT_DEPTH2		LIKELY_PAGE_CONFOUND	13	3	10	6	2	4	0.2666666666666666	present=6	0.2666666666666666	1	0.03692795618414446	-0.8055694081652351	-8.14541941104986	286	0.5594405594405595	0.5594405594405595	1.0	1.0	13	0.6153846153846154	0	1.0	f82r:0.266667:1	f82r:0.000000:0	f82:0.000000:0	1	1		NOT_EVALUATED_POSTSELECTED_JOINT	NO_UNCERTAIN_ROWS	ONE_INFORMATIVE_ARRAY;ONE_POSITIVE_FOLIO;POSTSELECTED_COMBINATION;EDITION_ROBUSTNESS_NOT_EVALUATED	Postselected depth-2 exploratory combination.	630
F82_APPARATUS_VS_FIGURE	b3c316bcd3f2	APPARATUS_POSITION_VS_FIGURE_POSITION	(FAMILY_1GRAM:C)_AND_(FAMILY_2GRAM:QA)	JOINT_DEPTH2		LIKELY_PAGE_CONFOUND	13	3	10	2	0	2	-0.2	present=2	-0.2	1	0.06405289091925422	-0.46502563511051953	-7.804875637995144	286	1.0	0.6153846153846154	1.0	1.0	13	1.0	0	1.0	f82r:-0.200000:1	f82r:0.000000:0	f82:0.000000:0	1	1		NOT_EVALUATED_POSTSELECTED_JOINT	NO_UNCERTAIN_ROWS	ONE_INFORMATIVE_ARRAY;ONE_POSITIVE_FOLIO;POSTSELECTED_COMBINATION;EDITION_ROBUSTNESS_NOT_EVALUATED;ZERO_POSITIVE_SUPPORT;POSSIBLE_LENGTH_CONFOUND	Postselected depth-2 exploratory combination.	631
F82_APPARATUS_VS_FIGURE	231783791ca3	APPARATUS_POSITION_VS_FIGURE_POSITION	(FAMILY_1GRAM:C)_OR_(MEMBER_TOKEN_ZL3b:A3)	JOINT_DEPTH2		LIKELY_PAGE_CONFOUND	13	3	10	11	3	8	0.19999999999999996	present=11	0.19999999999999996	1	0.06405289091925422	-0.46502563511051953	-7.804875637995144	286	1.0	0.6153846153846154	1.0	1.0	13	1.0	0	1.0	f82r:0.200000:1	f82r:0.000000:0	f82:0.000000:0	1	1		NOT_EVALUATED_POSTSELECTED_JOINT	NO_UNCERTAIN_ROWS	ONE_INFORMATIVE_ARRAY;ONE_POSITIVE_FOLIO;POSTSELECTED_COMBINATION;EDITION_ROBUSTNESS_NOT_EVALUATED	Postselected depth-2 exploratory combination.	632
F82_APPARATUS_VS_FIGURE	d93fbdccfa15	APPARATUS_POSITION_VS_FIGURE_POSITION	(FAMILY_1GRAM:Q)_AND_(MEMBER_TOKEN_RF1b:A3)	JOINT_DEPTH2		LIKELY_PAGE_CONFOUND	13	3	10	2	0	2	-0.2	present=2	-0.2	1	0.06405289091925422	-0.46502563511051953	-7.804875637995144	286	1.0	0.6153846153846154	1.0	1.0	13	1.0	0	1.0	f82r:-0.200000:1	f82r:0.000000:0	f82:0.000000:0	1	1		NOT_EVALUATED_POSTSELECTED_JOINT	NO_UNCERTAIN_ROWS	ONE_INFORMATIVE_ARRAY;ONE_POSITIVE_FOLIO;POSTSELECTED_COMBINATION;EDITION_ROBUSTNESS_NOT_EVALUATED;ZERO_POSITIVE_SUPPORT;POSSIBLE_LENGTH_CONFOUND	Postselected depth-2 exploratory combination.	633
F82_APPARATUS_VS_FIGURE	ba59f5836849	APPARATUS_POSITION_VS_FIGURE_POSITION	(FAMILY_1GRAM:Q)_AND_(MEMBER_TOKEN_ZL3b:B1)	JOINT_DEPTH2		LIKELY_PAGE_CONFOUND	13	3	10	2	0	2	-0.2	present=2	-0.2	1	0.06405289091925422	-0.46502563511051953	-7.804875637995144	286	1.0	0.6153846153846154	1.0	1.0	13	1.0	0	1.0	f82r:-0.200000:1	f82r:0.000000:0	f82:0.000000:0	1	1		NOT_EVALUATED_POSTSELECTED_JOINT	NO_UNCERTAIN_ROWS	ONE_INFORMATIVE_ARRAY;ONE_POSITIVE_FOLIO;POSTSELECTED_COMBINATION;EDITION_ROBUSTNESS_NOT_EVALUATED;ZERO_POSITIVE_SUPPORT;POSSIBLE_LENGTH_CONFOUND	Postselected depth-2 exploratory combination.	634
F82_APPARATUS_VS_FIGURE	ab332204fac5	APPARATUS_POSITION_VS_FIGURE_POSITION	(FAMILY_1GRAM:Q)_OR_(FAMILY_3GRAM:CAB)	JOINT_DEPTH2		LIKELY_PAGE_CONFOUND	13	3	10	9	2	7	-0.033333333333333326	present=9	-0.033333333333333326	1	0.0006611406448454871	-1.1755190179155335	-8.515369020800158	286	1.0	1.0	1.0	1.0	13	1.0	0	1.0	f82r:-0.033333:1	f82r:0.000000:0	f82:0.000000:0	1	1		NOT_EVALUATED_POSTSELECTED_JOINT	NO_UNCERTAIN_ROWS	ONE_INFORMATIVE_ARRAY;ONE_POSITIVE_FOLIO;POSTSELECTED_COMBINATION;EDITION_ROBUSTNESS_NOT_EVALUATED	Postselected depth-2 exploratory combination.	635
F82_APPARATUS_VS_FIGURE	d3c9f44d580a	APPARATUS_POSITION_VS_FIGURE_POSITION	(FAMILY_1GRAM:Q)_OR_(FAMILY_PREFIX_1:B)	JOINT_DEPTH2		LIKELY_PAGE_CONFOUND	13	3	10	10	2	8	-0.13333333333333341	present=10	-0.13333333333333341	1	0.012106110289231892	-0.9124846120817427	-8.252334614966367	286	1.0	1.0	1.0	1.0	13	1.0	0	1.0	f82r:-0.133333:1	f82r:0.000000:0	f82:0.000000:0	1	1		NOT_EVALUATED_POSTSELECTED_JOINT	NO_UNCERTAIN_ROWS	ONE_INFORMATIVE_ARRAY;ONE_POSITIVE_FOLIO;POSTSELECTED_COMBINATION;EDITION_ROBUSTNESS_NOT_EVALUATED	Postselected depth-2 exploratory combination.	636
F82_APPARATUS_VS_FIGURE	72a00afc21b6	APPARATUS_POSITION_VS_FIGURE_POSITION	(FAMILY_1GRAM:Q)_OR_(FAMILY_PREFIX_3:BAC)	JOINT_DEPTH2		LIKELY_PAGE_CONFOUND	13	3	10	9	2	7	-0.033333333333333326	present=9	-0.033333333333333326	1	0.0006611406448454888	-1.1755190179155335	-8.515369020800158	286	1.0	1.0	1.0	1.0	13	1.0	0	1.0	f82r:-0.033333:1	f82r:0.000000:0	f82:0.000000:0	1	1		NOT_EVALUATED_POSTSELECTED_JOINT	NO_UNCERTAIN_ROWS	ONE_INFORMATIVE_ARRAY;ONE_POSITIVE_FOLIO;POSTSELECTED_COMBINATION;EDITION_ROBUSTNESS_NOT_EVALUATED	Postselected depth-2 exploratory combination.	637
F82_APPARATUS_VS_FIGURE	983fbbaa0926	APPARATUS_POSITION_VS_FIGURE_POSITION	(FAMILY_1GRAM:Q)_OR_(MEMBER_TOKEN_RF1b:A3)	JOINT_DEPTH2		LIKELY_PAGE_CONFOUND	13	3	10	11	3	8	0.19999999999999996	present=11	0.19999999999999996	1	0.06405289091925422	-0.46502563511051953	-7.804875637995144	286	1.0	0.6153846153846154	1.0	1.0	13	1.0	0	1.0	f82r:0.200000:1	f82r:0.000000:0	f82:0.000000:0	1	1		NOT_EVALUATED_POSTSELECTED_JOINT	NO_UNCERTAIN_ROWS	ONE_INFORMATIVE_ARRAY;ONE_POSITIVE_FOLIO;POSTSELECTED_COMBINATION;EDITION_ROBUSTNESS_NOT_EVALUATED	Postselected depth-2 exploratory combination.	638
F82_APPARATUS_VS_FIGURE	fcccf19975db	APPARATUS_POSITION_VS_FIGURE_POSITION	(FAMILY_1GRAM:Q)_OR_(MEMBER_TOKEN_RF1b:B1)	JOINT_DEPTH2		LIKELY_PAGE_CONFOUND	13	3	10	10	2	8	-0.13333333333333341	present=10	-0.13333333333333341	1	0.012106110289231899	-0.9124846120817427	-8.252334614966367	286	1.0	1.0	1.0	1.0	13	1.0	0	1.0	f82r:-0.133333:1	f82r:0.000000:0	f82:0.000000:0	1	1		NOT_EVALUATED_POSTSELECTED_JOINT	NO_UNCERTAIN_ROWS	ONE_INFORMATIVE_ARRAY;ONE_POSITIVE_FOLIO;POSTSELECTED_COMBINATION;EDITION_ROBUSTNESS_NOT_EVALUATED	Postselected depth-2 exploratory combination.	639
F82_APPARATUS_VS_FIGURE	4395acdb7280	APPARATUS_POSITION_VS_FIGURE_POSITION	(FAMILY_1GRAM:Q)_OR_(MEMBER_TOKEN_ZL3b:B1)	JOINT_DEPTH2		LIKELY_PAGE_CONFOUND	13	3	10	11	3	8	0.19999999999999996	present=11	0.19999999999999996	1	0.06405289091925422	-0.46502563511051953	-7.804875637995144	286	1.0	0.6153846153846154	1.0	1.0	13	1.0	0	1.0	f82r:0.200000:1	f82r:0.000000:0	f82:0.000000:0	1	1		NOT_EVALUATED_POSTSELECTED_JOINT	NO_UNCERTAIN_ROWS	ONE_INFORMATIVE_ARRAY;ONE_POSITIVE_FOLIO;POSTSELECTED_COMBINATION;EDITION_ROBUSTNESS_NOT_EVALUATED	Postselected depth-2 exploratory combination.	640
F82_APPARATUS_VS_FIGURE	ae597021dc9c	APPARATUS_POSITION_VS_FIGURE_POSITION	(FAMILY_2GRAM:AC)_AND_(FAMILY_PREFIX_1:A)	JOINT_DEPTH2		LIKELY_PAGE_CONFOUND	13	3	10	3	1	2	0.1333333333333333	present=3	0.1333333333333333	1	0.012106110289231899	-0.9124846120817427	-8.252334614966367	286	1.0	1.0	1.0	1.0	13	1.0	0	1.0	f82r:0.133333:1	f82r:0.000000:0	f82:0.000000:0	1	1		NOT_EVALUATED_POSTSELECTED_JOINT	NO_UNCERTAIN_ROWS	ONE_INFORMATIVE_ARRAY;ONE_POSITIVE_FOLIO;POSTSELECTED_COMBINATION;EDITION_ROBUSTNESS_NOT_EVALUATED;POSSIBLE_LENGTH_CONFOUND	Postselected depth-2 exploratory combination.	641
F82_APPARATUS_VS_FIGURE	d3dfece35b7e	APPARATUS_POSITION_VS_FIGURE_POSITION	(FAMILY_2GRAM:AC)_OR_(FAMILY_2GRAM:BA)	JOINT_DEPTH2		LIKELY_PAGE_CONFOUND	13	3	10	11	3	8	0.19999999999999996	present=11	0.19999999999999996	1	0.06405289091925422	-0.46502563511051953	-7.804875637995144	286	1.0	0.6153846153846154	1.0	1.0	13	1.0	0	1.0	f82r:0.200000:1	f82r:0.000000:0	f82:0.000000:0	1	1		NOT_EVALUATED_POSTSELECTED_JOINT	NO_UNCERTAIN_ROWS	ONE_INFORMATIVE_ARRAY;ONE_POSITIVE_FOLIO;POSTSELECTED_COMBINATION;EDITION_ROBUSTNESS_NOT_EVALUATED	Postselected depth-2 exploratory combination.	642
F82_APPARATUS_VS_FIGURE	6c1329cd8c25	APPARATUS_POSITION_VS_FIGURE_POSITION	(FAMILY_2GRAM:AC)_OR_(SYMBOL_COUNT_GE:5)	JOINT_DEPTH2		LIKELY_PAGE_CONFOUND	13	3	10	11	3	8	0.19999999999999996	present=11	0.19999999999999996	1	0.06405289091925422	-0.46502563511051953	-7.804875637995144	286	1.0	0.6153846153846154	1.0	1.0	13	1.0	0	1.0	f82r:0.200000:1	f82r:0.000000:0	f82:0.000000:0	1	1		NOT_EVALUATED_POSTSELECTED_JOINT	NO_UNCERTAIN_ROWS	ONE_INFORMATIVE_ARRAY;ONE_POSITIVE_FOLIO;POSTSELECTED_COMBINATION;EDITION_ROBUSTNESS_NOT_EVALUATED	Postselected depth-2 exploratory combination.	643
F82_APPARATUS_VS_FIGURE	1e7a2647275c	APPARATUS_POSITION_VS_FIGURE_POSITION	(FAMILY_2GRAM:BA)_AND_(FAMILY_PREFIX_1:A)	JOINT_DEPTH2		LIKELY_PAGE_CONFOUND	13	3	10	4	1	3	0.033333333333333326	present=4	0.033333333333333326	1	0.0006611406448454888	-1.1755190179155335	-8.515369020800158	286	1.0	1.0	1.0	1.0	13	1.0	0	1.0	f82r:0.033333:1	f82r:0.000000:0	f82:0.000000:0	1	1		NOT_EVALUATED_POSTSELECTED_JOINT	NO_UNCERTAIN_ROWS	ONE_INFORMATIVE_ARRAY;ONE_POSITIVE_FOLIO;POSTSELECTED_COMBINATION;EDITION_ROBUSTNESS_NOT_EVALUATED;POSSIBLE_LENGTH_CONFOUND	Postselected depth-2 exploratory combination.	644
F82_APPARATUS_VS_FIGURE	3fde2b34e8b2	APPARATUS_POSITION_VS_FIGURE_POSITION	(FAMILY_2GRAM:BA)_OR_(SYMBOL_COUNT_GE:5)	JOINT_DEPTH2		LIKELY_PAGE_CONFOUND	13	3	10	11	3	8	0.19999999999999996	present=11	0.19999999999999996	1	0.06405289091925422	-0.46502563511051953	-7.804875637995144	286	1.0	0.6153846153846154	1.0	1.0	13	1.0	0	1.0	f82r:0.200000:1	f82r:0.000000:0	f82:0.000000:0	1	1		NOT_EVALUATED_POSTSELECTED_JOINT	NO_UNCERTAIN_ROWS	ONE_INFORMATIVE_ARRAY;ONE_POSITIVE_FOLIO;POSTSELECTED_COMBINATION;EDITION_ROBUSTNESS_NOT_EVALUATED	Postselected depth-2 exploratory combination.	645
F82_APPARATUS_VS_FIGURE	1bc42ce55e86	APPARATUS_POSITION_VS_FIGURE_POSITION	(FAMILY_2GRAM:QA)_OR_(FAMILY_2GRAM:BA)	JOINT_DEPTH2		LIKELY_PAGE_CONFOUND	13	3	10	11	3	8	0.19999999999999996	present=11	0.19999999999999996	1	0.06405289091925422	-0.46502563511051953	-7.804875637995144	286	1.0	0.6153846153846154	1.0	1.0	13	1.0	0	1.0	f82r:0.200000:1	f82r:0.000000:0	f82:0.000000:0	1	1		NOT_EVALUATED_POSTSELECTED_JOINT	NO_UNCERTAIN_ROWS	ONE_INFORMATIVE_ARRAY;ONE_POSITIVE_FOLIO;POSTSELECTED_COMBINATION;EDITION_ROBUSTNESS_NOT_EVALUATED	Postselected depth-2 exploratory combination.	646
F82_APPARATUS_VS_FIGURE	41213e4d709e	APPARATUS_POSITION_VS_FIGURE_POSITION	(FAMILY_2GRAM:QA)_OR_(FAMILY_PREFIX_1:B)	JOINT_DEPTH2		LIKELY_PAGE_CONFOUND	13	3	10	9	2	7	-0.033333333333333326	present=9	-0.033333333333333326	1	0.0006611406448454888	-1.1755190179155335	-8.515369020800158	286	1.0	1.0	1.0	1.0	13	1.0	0	1.0	f82r:-0.033333:1	f82r:0.000000:0	f82:0.000000:0	1	1		NOT_EVALUATED_POSTSELECTED_JOINT	NO_UNCERTAIN_ROWS	ONE_INFORMATIVE_ARRAY;ONE_POSITIVE_FOLIO;POSTSELECTED_COMBINATION;EDITION_ROBUSTNESS_NOT_EVALUATED	Postselected depth-2 exploratory combination.	647
F82_APPARATUS_VS_FIGURE	bd34b3a0f326	APPARATUS_POSITION_VS_FIGURE_POSITION	(FAMILY_2GRAM:QA)_OR_(MEMBER_TOKEN_RF1b:B1)	JOINT_DEPTH2		LIKELY_PAGE_CONFOUND	13	3	10	9	2	7	-0.033333333333333326	present=9	-0.033333333333333326	1	0.0006611406448454871	-1.1755190179155335	-8.515369020800158	286	1.0	1.0	1.0	1.0	13	1.0	0	1.0	f82r:-0.033333:1	f82r:0.000000:0	f82:0.000000:0	1	1		NOT_EVALUATED_POSTSELECTED_JOINT	NO_UNCERTAIN_ROWS	ONE_INFORMATIVE_ARRAY;ONE_POSITIVE_FOLIO;POSTSELECTED_COMBINATION;EDITION_ROBUSTNESS_NOT_EVALUATED	Postselected depth-2 exploratory combination.	648
F82_APPARATUS_VS_FIGURE	55b3c00bf621	APPARATUS_POSITION_VS_FIGURE_POSITION	(FAMILY_3GRAM:ACA)_OR_(FAMILY_1GRAM:Q)	JOINT_DEPTH2		LIKELY_PAGE_CONFOUND	13	3	10	11	3	8	0.19999999999999996	present=11	0.19999999999999996	1	0.06405289091925422	-0.46502563511051953	-7.804875637995144	286	1.0	0.6153846153846154	1.0	1.0	13	1.0	0	1.0	f82r:0.200000:1	f82r:0.000000:0	f82:0.000000:0	1	1		NOT_EVALUATED_POSTSELECTED_JOINT	NO_UNCERTAIN_ROWS	ONE_INFORMATIVE_ARRAY;ONE_POSITIVE_FOLIO;POSTSELECTED_COMBINATION;EDITION_ROBUSTNESS_NOT_EVALUATED	Postselected depth-2 exploratory combination.	649
F82_APPARATUS_VS_FIGURE	83ee18c41668	APPARATUS_POSITION_VS_FIGURE_POSITION	(FAMILY_3GRAM:ACA)_OR_(FAMILY_PREFIX_1:A)	JOINT_DEPTH2		LIKELY_PAGE_CONFOUND	13	3	10	11	3	8	0.19999999999999996	present=11	0.19999999999999996	1	0.06405289091925422	-0.46502563511051953	-7.804875637995144	286	1.0	0.6153846153846154	1.0	1.0	13	1.0	0	1.0	f82r:0.200000:1	f82r:0.000000:0	f82:0.000000:0	1	1		NOT_EVALUATED_POSTSELECTED_JOINT	NO_UNCERTAIN_ROWS	ONE_INFORMATIVE_ARRAY;ONE_POSITIVE_FOLIO;POSTSELECTED_COMBINATION;EDITION_ROBUSTNESS_NOT_EVALUATED	Postselected depth-2 exploratory combination.	650
F82_APPARATUS_VS_FIGURE	0a2d449670a0	APPARATUS_POSITION_VS_FIGURE_POSITION	(FAMILY_3GRAM:CAB)_OR_(FAMILY_2GRAM:QA)	JOINT_DEPTH2		LIKELY_PAGE_CONFOUND	13	3	10	8	2	6	0.06666666666666665	present=8	0.06666666666666665	1	0.002437108822094712	-1.2206069074440773	-8.560456910328702	286	1.0	1.0	1.0	1.0	13	1.0	0	1.0	f82r:0.066667:1	f82r:0.000000:0	f82:0.000000:0	1	1		NOT_EVALUATED_POSTSELECTED_JOINT	NO_UNCERTAIN_ROWS	ONE_INFORMATIVE_ARRAY;ONE_POSITIVE_FOLIO;POSTSELECTED_COMBINATION;EDITION_ROBUSTNESS_NOT_EVALUATED	Postselected depth-2 exploratory combination.	651
F82_APPARATUS_VS_FIGURE	92977eb83e47	APPARATUS_POSITION_VS_FIGURE_POSITION	(FAMILY_3GRAM:CAB)_OR_(FAMILY_PREFIX_1:A)	JOINT_DEPTH2		LIKELY_PAGE_CONFOUND	13	3	10	9	2	7	-0.033333333333333326	present=9	-0.033333333333333326	1	0.0006611406448454871	-1.1755190179155335	-8.515369020800158	286	1.0	1.0	1.0	1.0	13	1.0	0	1.0	f82r:-0.033333:1	f82r:0.000000:0	f82:0.000000:0	1	1		NOT_EVALUATED_POSTSELECTED_JOINT	NO_UNCERTAIN_ROWS	ONE_INFORMATIVE_ARRAY;ONE_POSITIVE_FOLIO;POSTSELECTED_COMBINATION;EDITION_ROBUSTNESS_NOT_EVALUATED	Postselected depth-2 exploratory combination.	652
F82_APPARATUS_VS_FIGURE	3922278e766a	APPARATUS_POSITION_VS_FIGURE_POSITION	(FAMILY_3GRAM:CAB)_OR_(FAMILY_PREFIX_2:AQ)	JOINT_DEPTH2		LIKELY_PAGE_CONFOUND	13	3	10	7	2	5	0.16666666666666663	present=7	0.16666666666666663	1	0.014582259610812581	-1.0950760253602176	-8.434926028244842	286	1.0	1.0	1.0	1.0	13	1.0	0	1.0	f82r:0.166667:1	f82r:0.000000:0	f82:0.000000:0	1	1		NOT_EVALUATED_POSTSELECTED_JOINT	NO_UNCERTAIN_ROWS	ONE_INFORMATIVE_ARRAY;ONE_POSITIVE_FOLIO;POSTSELECTED_COMBINATION;EDITION_ROBUSTNESS_NOT_EVALUATED	Postselected depth-2 exploratory combination.	653
F82_APPARATUS_VS_FIGURE	274ab09956f7	APPARATUS_POSITION_VS_FIGURE_POSITION	(FAMILY_PREFIX_1:A)_AND_(SYMBOL_COUNT_GE:5)	JOINT_DEPTH2		LIKELY_PAGE_CONFOUND	13	3	10	5	1	4	-0.06666666666666671	present=5	-0.06666666666666671	1	0.0024371088220947086	-1.2206069074440773	-8.560456910328702	286	1.0	1.0	1.0	1.0	13	1.0	0	1.0	f82r:-0.066667:1	f82r:0.000000:0	f82:0.000000:0	1	1		NOT_EVALUATED_POSTSELECTED_JOINT	NO_UNCERTAIN_ROWS	ONE_INFORMATIVE_ARRAY;ONE_POSITIVE_FOLIO;POSTSELECTED_COMBINATION;EDITION_ROBUSTNESS_NOT_EVALUATED;POSSIBLE_LENGTH_CONFOUND	Postselected depth-2 exploratory combination.	654
F82_APPARATUS_VS_FIGURE	9edc5fe6dd8a	APPARATUS_POSITION_VS_FIGURE_POSITION	(FAMILY_PREFIX_1:B)_OR_(FAMILY_PREFIX_2:AQ)	JOINT_DEPTH2		LIKELY_PAGE_CONFOUND	13	3	10	8	2	6	0.06666666666666665	present=8	0.06666666666666665	1	0.0024371088220947086	-1.2206069074440773	-8.560456910328702	286	1.0	1.0	1.0	1.0	13	1.0	0	1.0	f82r:0.066667:1	f82r:0.000000:0	f82:0.000000:0	1	1		NOT_EVALUATED_POSTSELECTED_JOINT	NO_UNCERTAIN_ROWS	ONE_INFORMATIVE_ARRAY;ONE_POSITIVE_FOLIO;POSTSELECTED_COMBINATION;EDITION_ROBUSTNESS_NOT_EVALUATED	Postselected depth-2 exploratory combination.	655
F82_APPARATUS_VS_FIGURE	3acd72903b47	APPARATUS_POSITION_VS_FIGURE_POSITION	(FAMILY_PREFIX_1:B)_OR_(FAMILY_PREFIX_3:AQA)	JOINT_DEPTH2		LIKELY_PAGE_CONFOUND	13	3	10	7	2	5	0.16666666666666663	present=7	0.16666666666666663	1	0.014582259610812581	-1.0950760253602176	-8.434926028244842	286	1.0	1.0	1.0	1.0	13	1.0	0	1.0	f82r:0.166667:1	f82r:0.000000:0	f82:0.000000:0	1	1		NOT_EVALUATED_POSTSELECTED_JOINT	NO_UNCERTAIN_ROWS	ONE_INFORMATIVE_ARRAY;ONE_POSITIVE_FOLIO;POSTSELECTED_COMBINATION;EDITION_ROBUSTNESS_NOT_EVALUATED	Postselected depth-2 exploratory combination.	656
F82_APPARATUS_VS_FIGURE	b2816149e3b2	APPARATUS_POSITION_VS_FIGURE_POSITION	(FAMILY_PREFIX_2:AQ)_OR_(FAMILY_2GRAM:BA)	JOINT_DEPTH2		LIKELY_PAGE_CONFOUND	13	3	10	11	3	8	0.19999999999999996	present=11	0.19999999999999996	1	0.06405289091925422	-0.46502563511051953	-7.804875637995144	286	1.0	0.6153846153846154	1.0	1.0	13	1.0	0	1.0	f82r:0.200000:1	f82r:0.000000:0	f82:0.000000:0	1	1		NOT_EVALUATED_POSTSELECTED_JOINT	NO_UNCERTAIN_ROWS	ONE_INFORMATIVE_ARRAY;ONE_POSITIVE_FOLIO;POSTSELECTED_COMBINATION;EDITION_ROBUSTNESS_NOT_EVALUATED	Postselected depth-2 exploratory combination.	657
F82_APPARATUS_VS_FIGURE	b4fecadf4b4a	APPARATUS_POSITION_VS_FIGURE_POSITION	(FAMILY_PREFIX_2:AQ)_OR_(MEMBER_TOKEN_RF1b:B1)	JOINT_DEPTH2		LIKELY_PAGE_CONFOUND	13	3	10	8	2	6	0.06666666666666665	present=8	0.06666666666666665	1	0.002437108822094712	-1.2206069074440773	-8.560456910328702	286	1.0	1.0	1.0	1.0	13	1.0	0	1.0	f82r:0.066667:1	f82r:0.000000:0	f82:0.000000:0	1	1		NOT_EVALUATED_POSTSELECTED_JOINT	NO_UNCERTAIN_ROWS	ONE_INFORMATIVE_ARRAY;ONE_POSITIVE_FOLIO;POSTSELECTED_COMBINATION;EDITION_ROBUSTNESS_NOT_EVALUATED	Postselected depth-2 exploratory combination.	658
F82_APPARATUS_VS_FIGURE	c0860d483745	APPARATUS_POSITION_VS_FIGURE_POSITION	(FAMILY_PREFIX_3:BAC)_OR_(FAMILY_2GRAM:QA)	JOINT_DEPTH2		LIKELY_PAGE_CONFOUND	13	3	10	8	2	6	0.06666666666666665	present=8	0.06666666666666665	1	0.0024371088220947086	-1.2206069074440773	-8.560456910328702	286	1.0	1.0	1.0	1.0	13	1.0	0	1.0	f82r:0.066667:1	f82r:0.000000:0	f82:0.000000:0	1	1		NOT_EVALUATED_POSTSELECTED_JOINT	NO_UNCERTAIN_ROWS	ONE_INFORMATIVE_ARRAY;ONE_POSITIVE_FOLIO;POSTSELECTED_COMBINATION;EDITION_ROBUSTNESS_NOT_EVALUATED	Postselected depth-2 exploratory combination.	659
F82_APPARATUS_VS_FIGURE	1e4e0120299c	APPARATUS_POSITION_VS_FIGURE_POSITION	(FAMILY_PREFIX_3:BAC)_OR_(FAMILY_PREFIX_2:AQ)	JOINT_DEPTH2		LIKELY_PAGE_CONFOUND	13	3	10	7	2	5	0.16666666666666663	present=7	0.16666666666666663	1	0.014582259610812581	-1.0950760253602176	-8.434926028244842	286	1.0	1.0	1.0	1.0	13	1.0	0	1.0	f82r:0.166667:1	f82r:0.000000:0	f82:0.000000:0	1	1		NOT_EVALUATED_POSTSELECTED_JOINT	NO_UNCERTAIN_ROWS	ONE_INFORMATIVE_ARRAY;ONE_POSITIVE_FOLIO;POSTSELECTED_COMBINATION;EDITION_ROBUSTNESS_NOT_EVALUATED	Postselected depth-2 exploratory combination.	660
F82_APPARATUS_VS_FIGURE	490448f529c0	APPARATUS_POSITION_VS_FIGURE_POSITION	(MEMBER_TOKEN_IT2a:A3)_AND_(FAMILY_PREFIX_1:A)	JOINT_DEPTH2		LIKELY_PAGE_CONFOUND	13	3	10	5	1	4	-0.06666666666666671	present=5	-0.06666666666666671	1	0.002437108822094712	-1.2206069074440773	-8.560456910328702	286	1.0	1.0	1.0	1.0	13	1.0	0	1.0	f82r:-0.066667:1	f82r:0.000000:0	f82:0.000000:0	1	1		NOT_EVALUATED_POSTSELECTED_JOINT	NO_UNCERTAIN_ROWS	ONE_INFORMATIVE_ARRAY;ONE_POSITIVE_FOLIO;POSTSELECTED_COMBINATION;EDITION_ROBUSTNESS_NOT_EVALUATED;POSSIBLE_LENGTH_CONFOUND	Postselected depth-2 exploratory combination.	661
F82_APPARATUS_VS_FIGURE	424922da9525	APPARATUS_POSITION_VS_FIGURE_POSITION	(MEMBER_TOKEN_RF1b:A3)_AND_(FAMILY_3GRAM:ABA)	JOINT_DEPTH2		LIKELY_PAGE_CONFOUND	13	3	10	2	0	2	-0.2	present=2	-0.2	1	0.06405289091925422	-0.46502563511051953	-7.804875637995144	286	1.0	0.6153846153846154	1.0	1.0	13	1.0	0	1.0	f82r:-0.200000:1	f82r:0.000000:0	f82:0.000000:0	1	1		NOT_EVALUATED_POSTSELECTED_JOINT	NO_UNCERTAIN_ROWS	ONE_INFORMATIVE_ARRAY;ONE_POSITIVE_FOLIO;POSTSELECTED_COMBINATION;EDITION_ROBUSTNESS_NOT_EVALUATED;ZERO_POSITIVE_SUPPORT;POSSIBLE_LENGTH_CONFOUND	Postselected depth-2 exploratory combination.	662
F82_APPARATUS_VS_FIGURE	6c8b55416da1	APPARATUS_POSITION_VS_FIGURE_POSITION	(MEMBER_TOKEN_RF1b:A3)_AND_(FAMILY_PREFIX_1:A)	JOINT_DEPTH2		LIKELY_PAGE_CONFOUND	13	3	10	4	1	3	0.033333333333333326	present=4	0.033333333333333326	1	0.0006611406448454888	-1.1755190179155335	-8.515369020800158	286	1.0	1.0	1.0	1.0	13	1.0	0	1.0	f82r:0.033333:1	f82r:0.000000:0	f82:0.000000:0	1	1		NOT_EVALUATED_POSTSELECTED_JOINT	NO_UNCERTAIN_ROWS	ONE_INFORMATIVE_ARRAY;ONE_POSITIVE_FOLIO;POSTSELECTED_COMBINATION;EDITION_ROBUSTNESS_NOT_EVALUATED;POSSIBLE_LENGTH_CONFOUND	Postselected depth-2 exploratory combination.	663
F82_APPARATUS_VS_FIGURE	3bc5abf18cdc	APPARATUS_POSITION_VS_FIGURE_POSITION	(MEMBER_TOKEN_RF1b:B1)_OR_(FAMILY_3GRAM:ABA)	JOINT_DEPTH2		LIKELY_PAGE_CONFOUND	13	3	10	7	2	5	0.16666666666666663	present=7	0.16666666666666663	1	0.014582259610812581	-1.0950760253602176	-8.434926028244842	286	1.0	1.0	1.0	1.0	13	1.0	0	1.0	f82r:0.166667:1	f82r:0.000000:0	f82:0.000000:0	1	1		NOT_EVALUATED_POSTSELECTED_JOINT	NO_UNCERTAIN_ROWS	ONE_INFORMATIVE_ARRAY;ONE_POSITIVE_FOLIO;POSTSELECTED_COMBINATION;EDITION_ROBUSTNESS_NOT_EVALUATED	Postselected depth-2 exploratory combination.	664
F82_APPARATUS_VS_FIGURE	1f2e5507a693	APPARATUS_POSITION_VS_FIGURE_POSITION	(MEMBER_TOKEN_RF1b:B1)_OR_(FAMILY_PREFIX_1:A)	JOINT_DEPTH2		LIKELY_PAGE_CONFOUND	13	3	10	10	2	8	-0.13333333333333341	present=10	-0.13333333333333341	1	0.012106110289231899	-0.9124846120817427	-8.252334614966367	286	1.0	1.0	1.0	1.0	13	1.0	0	1.0	f82r:-0.133333:1	f82r:0.000000:0	f82:0.000000:0	1	1		NOT_EVALUATED_POSTSELECTED_JOINT	NO_UNCERTAIN_ROWS	ONE_INFORMATIVE_ARRAY;ONE_POSITIVE_FOLIO;POSTSELECTED_COMBINATION;EDITION_ROBUSTNESS_NOT_EVALUATED	Postselected depth-2 exploratory combination.	665
F82_APPARATUS_VS_FIGURE	33e489510194	APPARATUS_POSITION_VS_FIGURE_POSITION	(MEMBER_TOKEN_RF1b:B1)_OR_(FAMILY_PREFIX_3:AQA)	JOINT_DEPTH2		LIKELY_PAGE_CONFOUND	13	3	10	7	2	5	0.16666666666666663	present=7	0.16666666666666663	1	0.014582259610812581	-1.0950760253602176	-8.434926028244842	286	1.0	1.0	1.0	1.0	13	1.0	0	1.0	f82r:0.166667:1	f82r:0.000000:0	f82:0.000000:0	1	1		NOT_EVALUATED_POSTSELECTED_JOINT	NO_UNCERTAIN_ROWS	ONE_INFORMATIVE_ARRAY;ONE_POSITIVE_FOLIO;POSTSELECTED_COMBINATION;EDITION_ROBUSTNESS_NOT_EVALUATED	Postselected depth-2 exploratory combination.	666
F82_APPARATUS_VS_FIGURE	04e452002492	APPARATUS_POSITION_VS_FIGURE_POSITION	(MEMBER_TOKEN_ZL3b:A3)_AND_(FAMILY_PREFIX_1:A)	JOINT_DEPTH2		LIKELY_PAGE_CONFOUND	13	3	10	6	1	5	-0.16666666666666669	present=6	-0.16666666666666669	1	0.014582259610812581	-1.0950760253602176	-8.434926028244842	286	1.0	1.0	1.0	1.0	13	1.0	0	1.0	f82r:-0.166667:1	f82r:0.000000:0	f82:0.000000:0	1	1		NOT_EVALUATED_POSTSELECTED_JOINT	NO_UNCERTAIN_ROWS	ONE_INFORMATIVE_ARRAY;ONE_POSITIVE_FOLIO;POSTSELECTED_COMBINATION;EDITION_ROBUSTNESS_NOT_EVALUATED;POSSIBLE_LENGTH_CONFOUND	Postselected depth-2 exploratory combination.	667
F82_APPARATUS_VS_FIGURE	5ad3511616aa	APPARATUS_POSITION_VS_FIGURE_POSITION	(MEMBER_TOKEN_ZL3b:B1)_AND_(FAMILY_3GRAM:ABA)	JOINT_DEPTH2		LIKELY_PAGE_CONFOUND	13	3	10	2	0	2	-0.2	present=2	-0.2	1	0.06405289091925422	-0.46502563511051953	-7.804875637995144	286	1.0	0.6153846153846154	1.0	1.0	13	1.0	0	1.0	f82r:-0.200000:1	f82r:0.000000:0	f82:0.000000:0	1	1		NOT_EVALUATED_POSTSELECTED_JOINT	NO_UNCERTAIN_ROWS	ONE_INFORMATIVE_ARRAY;ONE_POSITIVE_FOLIO;POSTSELECTED_COMBINATION;EDITION_ROBUSTNESS_NOT_EVALUATED;ZERO_POSITIVE_SUPPORT;POSSIBLE_LENGTH_CONFOUND	Postselected depth-2 exploratory combination.	668
F82_APPARATUS_VS_FIGURE	b9715b80410a	APPARATUS_POSITION_VS_FIGURE_POSITION	(MEMBER_TOKEN_ZL3b:B1)_AND_(FAMILY_PREFIX_1:A)	JOINT_DEPTH2		LIKELY_PAGE_CONFOUND	13	3	10	3	1	2	0.1333333333333333	present=3	0.1333333333333333	1	0.012106110289231892	-0.9124846120817427	-8.252334614966367	286	1.0	1.0	1.0	1.0	13	1.0	0	1.0	f82r:0.133333:1	f82r:0.000000:0	f82:0.000000:0	1	1		NOT_EVALUATED_POSTSELECTED_JOINT	NO_UNCERTAIN_ROWS	ONE_INFORMATIVE_ARRAY;ONE_POSITIVE_FOLIO;POSTSELECTED_COMBINATION;EDITION_ROBUSTNESS_NOT_EVALUATED;POSSIBLE_LENGTH_CONFOUND	Postselected depth-2 exploratory combination.	669
F82_APPARATUS_VS_FIGURE	99edc5c03936	APPARATUS_POSITION_VS_FIGURE_POSITION	(MEMBER_TOKEN_ZL3b:B1)_OR_(FAMILY_PREFIX_1:A)	JOINT_DEPTH2		LIKELY_PAGE_CONFOUND	13	3	10	11	3	8	0.19999999999999996	present=11	0.19999999999999996	1	0.06405289091925422	-0.46502563511051953	-7.804875637995144	286	1.0	0.6153846153846154	1.0	1.0	13	1.0	0	1.0	f82r:0.200000:1	f82r:0.000000:0	f82:0.000000:0	1	1		NOT_EVALUATED_POSTSELECTED_JOINT	NO_UNCERTAIN_ROWS	ONE_INFORMATIVE_ARRAY;ONE_POSITIVE_FOLIO;POSTSELECTED_COMBINATION;EDITION_ROBUSTNESS_NOT_EVALUATED	Postselected depth-2 exploratory combination.	670
F82_APPARATUS_VS_FIGURE	60289d7bffbe	APPARATUS_POSITION_VS_FIGURE_POSITION	ALTERNATIVE_BEARING	UNCERTAINTY	ALTERNATIVE_BEARING	LIKELY_PAGE_CONFOUND	13	3	10	3	1	2	0.1333333333333333	present=3	0.1333333333333333	1	0.012106110289231892	-0.9124846120817427	-8.252334614966367	286	1.0	1.0	1.0	1.0	13	1.0	0	1.0	f82r:0.133333:1	f82r:0.000000:0	f82:0.000000:0	1	1	1.0	ZL3b:0.133333;IT2a:0.133333;RF1b:0.133333	NO_UNCERTAIN_ROWS	ONE_INFORMATIVE_ARRAY;ONE_POSITIVE_FOLIO;POSSIBLE_LENGTH_CONFOUND		671
F82_APPARATUS_VS_FIGURE	c387e3f7ea6e	APPARATUS_POSITION_VS_FIGURE_POSITION	FAMILY_1GRAM:B	FAMILY_COMPONENT	FAMILY_1GRAM:B	LIKELY_PAGE_CONFOUND	13	3	10	11	3	8	0.19999999999999996	present=11	0.19999999999999996	1	0.06405289091925422	-0.46502563511051953	-7.804875637995144	286	1.0	0.6153846153846154	1.0	1.0	13	1.0	0	1.0	f82r:0.200000:1	f82r:0.000000:0	f82:0.000000:0	1	1	1.0	ZL3b:0.200000;IT2a:0.200000;RF1b:0.200000	NO_UNCERTAIN_ROWS	ONE_INFORMATIVE_ARRAY;ONE_POSITIVE_FOLIO		672
F82_APPARATUS_VS_FIGURE	e33db36f076a	APPARATUS_POSITION_VS_FIGURE_POSITION	FAMILY_2GRAM:AB	FAMILY_COMPONENT	FAMILY_2GRAM:AB	LIKELY_PAGE_CONFOUND	13	3	10	9	2	7	-0.033333333333333326	present=9	-0.033333333333333326	1	0.0006611406448454853	-1.1755190179155335	-8.515369020800158	286	1.0	1.0	1.0	1.0	13	1.0	0	1.0	f82r:-0.033333:1	f82r:0.000000:0	f82:0.000000:0	1	1	1.0	ZL3b:-0.033333;IT2a:-0.033333;RF1b:-0.033333	NO_UNCERTAIN_ROWS	ONE_INFORMATIVE_ARRAY;ONE_POSITIVE_FOLIO		673
F82_APPARATUS_VS_FIGURE	2e39e5a68ab1	APPARATUS_POSITION_VS_FIGURE_POSITION	FAMILY_PREFIX_1:C	FAMILY_COMPONENT	FAMILY_PREFIX_1:C;FAMILY_PREFIX_2:CA;MEMBER_TOKEN_ZL3b:C2;MEMBER_TOKEN_IT2a:C2;MEMBER_TOKEN_RF1b:C2	LIKELY_PAGE_CONFOUND	13	3	10	2	0	2	-0.2	present=2	-0.2	1	0.06405289091925422	-0.46502563511051953	-7.804875637995144	286	1.0	0.6153846153846154	1.0	1.0	13	1.0	0	1.0	f82r:-0.200000:1	f82r:0.000000:0	f82:0.000000:0	1	1	1.0	ZL3b:-0.200000;IT2a:-0.200000;RF1b:-0.200000	NO_UNCERTAIN_ROWS	ONE_INFORMATIVE_ARRAY;ONE_POSITIVE_FOLIO;ZERO_POSITIVE_SUPPORT;POSSIBLE_LENGTH_CONFOUND		674
F82_APPARATUS_VS_FIGURE	bbb2a73cc40f	APPARATUS_POSITION_VS_FIGURE_POSITION	FAMILY_PREFIX_2:AB	FAMILY_COMPONENT	FAMILY_PREFIX_2:AB	LIKELY_PAGE_CONFOUND	13	3	10	2	0	2	-0.2	present=2	-0.2	1	0.06405289091925422	-0.46502563511051953	-7.804875637995144	286	1.0	0.6153846153846154	1.0	1.0	13	1.0	0	1.0	f82r:-0.200000:1	f82r:0.000000:0	f82:0.000000:0	1	1	1.0	ZL3b:-0.200000;IT2a:-0.200000;RF1b:-0.200000	NO_UNCERTAIN_ROWS	ONE_INFORMATIVE_ARRAY;ONE_POSITIVE_FOLIO;ZERO_POSITIVE_SUPPORT;POSSIBLE_LENGTH_CONFOUND		675
F82_APPARATUS_VS_FIGURE	db813ba559fa	APPARATUS_POSITION_VS_FIGURE_POSITION	FAMILY_SUFFIX_1:A	FAMILY_COMPONENT	FAMILY_SUFFIX_1:A;MEMBER_TOKEN_ZL3b:A2;MEMBER_TOKEN_IT2a:A2;MEMBER_TOKEN_RF1b:A2	LIKELY_PAGE_CONFOUND	13	3	10	5	1	4	-0.06666666666666671	present=5	-0.06666666666666671	1	0.002437108822094712	-1.2206069074440773	-8.560456910328702	286	1.0	1.0	1.0	1.0	13	1.0	0	1.0	f82r:-0.066667:1	f82r:0.000000:0	f82:0.000000:0	1	1	1.0	ZL3b:-0.066667;IT2a:-0.066667;RF1b:-0.066667	NO_UNCERTAIN_ROWS	ONE_INFORMATIVE_ARRAY;ONE_POSITIVE_FOLIO;POSSIBLE_LENGTH_CONFOUND		676
F82_APPARATUS_VS_FIGURE	73f121b47674	APPARATUS_POSITION_VS_FIGURE_POSITION	FAMILY_SUFFIX_1:B	FAMILY_COMPONENT	FAMILY_SUFFIX_1:B	LIKELY_PAGE_CONFOUND	13	3	10	4	1	3	0.033333333333333326	present=4	0.033333333333333326	1	0.0006611406448454871	-1.1755190179155335	-8.515369020800158	286	1.0	1.0	1.0	1.0	13	1.0	0	1.0	f82r:0.033333:1	f82r:0.000000:0	f82:0.000000:0	1	1	1.0	ZL3b:0.033333;IT2a:0.033333;RF1b:0.033333	NO_UNCERTAIN_ROWS	ONE_INFORMATIVE_ARRAY;ONE_POSITIVE_FOLIO		677
F82_APPARATUS_VS_FIGURE	9708f4e50940	APPARATUS_POSITION_VS_FIGURE_POSITION	FAMILY_SUFFIX_1:C	FAMILY_COMPONENT	FAMILY_SUFFIX_1:C;FAMILY_SUFFIX_2:AC	LIKELY_PAGE_CONFOUND	13	3	10	2	0	2	-0.2	present=2	-0.2	1	0.06405289091925422	-0.46502563511051953	-7.804875637995144	286	1.0	0.6153846153846154	1.0	1.0	13	1.0	0	1.0	f82r:-0.200000:1	f82r:0.000000:0	f82:0.000000:0	1	1	1.0	ZL3b:-0.200000;IT2a:-0.200000;RF1b:-0.200000	NO_UNCERTAIN_ROWS	ONE_INFORMATIVE_ARRAY;ONE_POSITIVE_FOLIO;ZERO_POSITIVE_SUPPORT		678
F82_APPARATUS_VS_FIGURE	c9f1748264ce	APPARATUS_POSITION_VS_FIGURE_POSITION	FAMILY_SUFFIX_2:AB	FAMILY_COMPONENT	FAMILY_SUFFIX_2:AB	LIKELY_PAGE_CONFOUND	13	3	10	3	1	2	0.1333333333333333	present=3	0.1333333333333333	1	0.012106110289231899	-0.9124846120817427	-8.252334614966367	286	1.0	1.0	1.0	1.0	13	1.0	0	1.0	f82r:0.133333:1	f82r:0.000000:0	f82:0.000000:0	1	1	1.0	ZL3b:0.133333;IT2a:0.133333;RF1b:0.133333	NO_UNCERTAIN_ROWS	ONE_INFORMATIVE_ARRAY;ONE_POSITIVE_FOLIO		679
F82_APPARATUS_VS_FIGURE	d8e3cd07a1cd	APPARATUS_POSITION_VS_FIGURE_POSITION	FAMILY_SUFFIX_3:ABA	FAMILY_COMPONENT	FAMILY_SUFFIX_3:ABA	LIKELY_PAGE_CONFOUND	13	3	10	2	0	2	-0.2	present=2	-0.2	1	0.06405289091925422	-0.46502563511051953	-7.804875637995144	286	1.0	0.6153846153846154	1.0	1.0	13	1.0	0	1.0	f82r:-0.200000:1	f82r:0.000000:0	f82:0.000000:0	1	1	1.0	ZL3b:-0.200000;IT2a:-0.200000;RF1b:-0.200000	NO_UNCERTAIN_ROWS	ONE_INFORMATIVE_ARRAY;ONE_POSITIVE_FOLIO;ZERO_POSITIVE_SUPPORT;POSSIBLE_LENGTH_CONFOUND		680
F82_APPARATUS_VS_FIGURE	9b07bbd4b41e	APPARATUS_POSITION_VS_FIGURE_POSITION	MEMBER_TOKEN_RF1b:Aa	MEMBER_CODE	MEMBER_TOKEN_RF1b:Aa	LIKELY_PAGE_CONFOUND	13	3	10	2	0	2	-0.2	present=2	-0.2	1	0.06405289091925422	-0.46502563511051953	-7.804875637995144	286	1.0	0.6153846153846154	1.0	1.0	13	1.0	0	1.0	f82r:-0.200000:1	f82r:0.000000:0	f82:0.000000:0	1	1	0.0	ZL3b:0.000000;IT2a:0.000000;RF1b:-0.200000	NO_UNCERTAIN_ROWS	ONE_INFORMATIVE_ARRAY;ONE_POSITIVE_FOLIO;ZERO_POSITIVE_SUPPORT;POSSIBLE_LENGTH_CONFOUND	primary edition=RF1b	681
F82_APPARATUS_VS_FIGURE	6fec4b436859	APPARATUS_POSITION_VS_FIGURE_POSITION	MEMBER_TOKEN_ZL3b:B2	MEMBER_CODE	MEMBER_TOKEN_ZL3b:B2;MEMBER_TOKEN_IT2a:B2;MEMBER_TOKEN_RF1b:B2	LIKELY_PAGE_CONFOUND	13	3	10	9	2	7	-0.033333333333333326	present=9	-0.033333333333333326	1	0.0006611406448454853	-1.1755190179155335	-8.515369020800158	286	1.0	1.0	1.0	1.0	13	1.0	0	1.0	f82r:-0.033333:1	f82r:0.000000:0	f82:0.000000:0	1	1	1.0	ZL3b:-0.033333;IT2a:-0.033333;RF1b:-0.033333	NO_UNCERTAIN_ROWS	ONE_INFORMATIVE_ARRAY;ONE_POSITIVE_FOLIO	primary edition=ZL3b	682
F82_APPARATUS_VS_FIGURE	b41729fc8e7b	APPARATUS_POSITION_VS_FIGURE_POSITION	SYMBOL_COUNT_GE:6	CONSTRUCTION	SYMBOL_COUNT_GE:6	LIKELY_PAGE_CONFOUND	13	3	10	7	2	5	0.16666666666666663	present=7	0.16666666666666663	1	0.014582259610812581	-1.0950760253602176	-8.434926028244842	286	1.0	1.0	1.0	1.0	13	1.0	0	1.0	f82r:0.166667:1	f82r:0.000000:0	f82:0.000000:0	1	1	1.0	ZL3b:0.166667;IT2a:0.166667;RF1b:0.166667	NO_UNCERTAIN_ROWS	ONE_INFORMATIVE_ARRAY;ONE_POSITIVE_FOLIO;POSSIBLE_LENGTH_CONFOUND		683
F82_TOP_VS_BOTTOM_ROW	a32e8d85e647	TOP_VS_BOTTOM	FAMILY_PREFIX_3:AQA	FAMILY_COMPONENT	FAMILY_PREFIX_3:AQA	LIKELY_PAGE_CONFOUND	10	4	6	4	4	0	1.0	present=4	1.0	1	0.9709505944546687	7.71424551766612	0.7484612330040328	210	0.004761904761904762	0.004761904761904762	0.2761904761904762	0.18095238095238095	10	0.1	0	1.0	f82r:1.000000:1	f82r:0.000000:0	f82:0.000000:0	1	1	1.0	ZL3b:1.000000;IT2a:1.000000;RF1b:1.000000	NO_UNCERTAIN_ROWS	ONE_INFORMATIVE_ARRAY;ONE_POSITIVE_FOLIO;ZERO_NEGATIVE_SUPPORT		684
F82_TOP_VS_BOTTOM_ROW	1e6e9b298163	TOP_VS_BOTTOM	(FAMILY_PREFIX_3:AQA)_AND_(MEMBER_TOKEN_IT2a:A3)	JOINT_DEPTH2		LIKELY_PAGE_CONFOUND	10	4	6	3	3	0	0.75	present=3	0.75	1	0.5567796494470395	4.09953567355091	-2.8662486111111773	210	0.03333333333333333	0.03333333333333333	0.8666666666666667	0.819047619047619	10	0.1	0	1.0	f82r:0.750000:1	f82r:0.000000:0	f82:0.000000:0	1	1		NOT_EVALUATED_POSTSELECTED_JOINT	NO_UNCERTAIN_ROWS	ONE_INFORMATIVE_ARRAY;ONE_POSITIVE_FOLIO;POSTSELECTED_COMBINATION;EDITION_ROBUSTNESS_NOT_EVALUATED;ZERO_NEGATIVE_SUPPORT	Postselected depth-2 exploratory combination.	685
F82_TOP_VS_BOTTOM_ROW	8eb6f7e030ee	TOP_VS_BOTTOM	(FAMILY_PREFIX_3:AQA)_AND_(MEMBER_TOKEN_ZL3b:A3)	JOINT_DEPTH2		LIKELY_PAGE_CONFOUND	10	4	6	3	3	0	0.75	present=3	0.75	1	0.5567796494470395	4.09953567355091	-2.8662486111111773	210	0.03333333333333333	0.03333333333333333	0.8666666666666667	0.819047619047619	10	0.2	0	1.0	f82r:0.750000:1	f82r:0.000000:0	f82:0.000000:0	1	1		NOT_EVALUATED_POSTSELECTED_JOINT	NO_UNCERTAIN_ROWS	ONE_INFORMATIVE_ARRAY;ONE_POSITIVE_FOLIO;POSTSELECTED_COMBINATION;EDITION_ROBUSTNESS_NOT_EVALUATED;ZERO_NEGATIVE_SUPPORT	Postselected depth-2 exploratory combination.	686
F82_TOP_VS_BOTTOM_ROW	051f3110ff93	TOP_VS_BOTTOM	(FAMILY_2GRAM:QA)_AND_(FAMILY_PREFIX_1:A)	JOINT_DEPTH2		LIKELY_PAGE_CONFOUND	10	4	6	5	4	1	0.8333333333333334	present=5	0.8333333333333334	1	0.6099865470109875	4.517848304862618	-2.4479359797994693	210	0.047619047619047616	0.047619047619047616	0.7095238095238096	0.6761904761904762	10	0.2	0	1.0	f82r:0.833333:1	f82r:0.000000:0	f82:0.000000:0	1	1		NOT_EVALUATED_POSTSELECTED_JOINT	NO_UNCERTAIN_ROWS	ONE_INFORMATIVE_ARRAY;ONE_POSITIVE_FOLIO;POSTSELECTED_COMBINATION;EDITION_ROBUSTNESS_NOT_EVALUATED	Postselected depth-2 exploratory combination.	687
F82_TOP_VS_BOTTOM_ROW	6fdadb3bb38d	TOP_VS_BOTTOM	(FAMILY_PREFIX_3:AQA)_OR_(FAMILY_SUFFIX_2:BA)	JOINT_DEPTH2		LIKELY_PAGE_CONFOUND	10	4	6	5	4	1	0.8333333333333334	present=5	0.8333333333333334	1	0.6099865470109875	4.517848304862618	-2.4479359797994693	210	0.047619047619047616	0.047619047619047616	0.7095238095238096	0.6761904761904762	10	0.1	0	1.0	f82r:0.833333:1	f82r:0.000000:0	f82:0.000000:0	1	1		NOT_EVALUATED_POSTSELECTED_JOINT	NO_UNCERTAIN_ROWS	ONE_INFORMATIVE_ARRAY;ONE_POSITIVE_FOLIO;POSTSELECTED_COMBINATION;EDITION_ROBUSTNESS_NOT_EVALUATED	Postselected depth-2 exploratory combination.	688
F82_TOP_VS_BOTTOM_ROW	2c65f4635848	TOP_VS_BOTTOM	(FAMILY_PREFIX_3:AQA)_OR_(MEMBER_TOKEN_IT2a:A3)	JOINT_DEPTH2		LIKELY_PAGE_CONFOUND	10	4	6	5	4	1	0.8333333333333334	present=5	0.8333333333333334	1	0.6099865470109875	4.517848304862618	-2.4479359797994693	210	0.047619047619047616	0.047619047619047616	0.7095238095238096	0.6761904761904762	10	0.2	0	1.0	f82r:0.833333:1	f82r:0.000000:0	f82:0.000000:0	1	1		NOT_EVALUATED_POSTSELECTED_JOINT	NO_UNCERTAIN_ROWS	ONE_INFORMATIVE_ARRAY;ONE_POSITIVE_FOLIO;POSTSELECTED_COMBINATION;EDITION_ROBUSTNESS_NOT_EVALUATED	Postselected depth-2 exploratory combination.	689
F82_TOP_VS_BOTTOM_ROW	1ffeb78dad81	TOP_VS_BOTTOM	(FAMILY_PREFIX_3:AQA)_OR_(MEMBER_TOKEN_ZL3b:B1)	JOINT_DEPTH2		LIKELY_PAGE_CONFOUND	10	4	6	5	4	1	0.8333333333333334	present=5	0.8333333333333334	1	0.6099865470109875	4.517848304862618	-2.4479359797994693	210	0.047619047619047616	0.047619047619047616	0.7095238095238096	0.6761904761904762	10	0.1	0	1.0	f82r:0.833333:1	f82r:0.000000:0	f82:0.000000:0	1	1		NOT_EVALUATED_POSTSELECTED_JOINT	NO_UNCERTAIN_ROWS	ONE_INFORMATIVE_ARRAY;ONE_POSITIVE_FOLIO;POSTSELECTED_COMBINATION;EDITION_ROBUSTNESS_NOT_EVALUATED	Postselected depth-2 exploratory combination.	690
F82_TOP_VS_BOTTOM_ROW	4708d1854888	TOP_VS_BOTTOM	FAMILY_PREFIX_2:AQ	FAMILY_COMPONENT	FAMILY_PREFIX_2:AQ	LIKELY_PAGE_CONFOUND	10	4	6	5	4	1	0.8333333333333334	present=5	0.8333333333333334	1	0.6099865470109875	4.517848304862618	-2.4479359797994693	210	0.047619047619047616	0.047619047619047616	0.7095238095238096	0.6761904761904762	10	0.4	0	1.0	f82r:0.833333:1	f82r:0.000000:0	f82:0.000000:0	1	1	1.0	ZL3b:0.833333;IT2a:0.833333;RF1b:0.833333	NO_UNCERTAIN_ROWS	ONE_INFORMATIVE_ARRAY;ONE_POSITIVE_FOLIO		691
F82_TOP_VS_BOTTOM_ROW	41e419fdab3a	TOP_VS_BOTTOM	(FAMILY_PREFIX_1:A)_AND_(FAMILY_1GRAM:Q)	JOINT_DEPTH2		LIKELY_PAGE_CONFOUND	10	4	6	6	4	2	0.6666666666666667	present=6	0.6666666666666667	1	0.41997309402197497	2.669851398307671	-4.295932886354416	210	0.0761904761904762	0.0761904761904762	0.9666666666666667	0.9523809523809523	10	0.2	0	1.0	f82r:0.666667:1	f82r:0.000000:0	f82:0.000000:0	1	1		NOT_EVALUATED_POSTSELECTED_JOINT	NO_UNCERTAIN_ROWS	ONE_INFORMATIVE_ARRAY;ONE_POSITIVE_FOLIO;POSTSELECTED_COMBINATION;EDITION_ROBUSTNESS_NOT_EVALUATED	Postselected depth-2 exploratory combination.	692
F82_TOP_VS_BOTTOM_ROW	b56096a45aa2	TOP_VS_BOTTOM	(FAMILY_PREFIX_1:C)_OR_(FAMILY_PREFIX_2:AB)	JOINT_DEPTH2		LIKELY_PAGE_CONFOUND	10	4	6	4	0	4	-0.6666666666666666	present=4	-0.6666666666666666	1	0.41997309402197497	2.669851398307671	-4.295932886354416	210	0.0761904761904762	0.0761904761904762	0.9666666666666667	0.9523809523809523	10	0.2	0	1.0	f82r:-0.666667:1	f82r:0.000000:0	f82:0.000000:0	1	1		NOT_EVALUATED_POSTSELECTED_JOINT	NO_UNCERTAIN_ROWS	ONE_INFORMATIVE_ARRAY;ONE_POSITIVE_FOLIO;POSTSELECTED_COMBINATION;EDITION_ROBUSTNESS_NOT_EVALUATED;ZERO_POSITIVE_SUPPORT;POSSIBLE_LENGTH_CONFOUND	Postselected depth-2 exploratory combination.	693
F82_TOP_VS_BOTTOM_ROW	2bb3aebb8ccd	TOP_VS_BOTTOM	(FAMILY_PREFIX_2:AQ)_OR_(FAMILY_SUFFIX_2:BA)	JOINT_DEPTH2		LIKELY_PAGE_CONFOUND	10	4	6	6	4	2	0.6666666666666667	present=6	0.6666666666666667	1	0.41997309402197497	2.669851398307671	-4.295932886354416	210	0.0761904761904762	0.0761904761904762	0.9666666666666667	0.9523809523809523	10	0.2	0	1.0	f82r:0.666667:1	f82r:0.000000:0	f82:0.000000:0	1	1		NOT_EVALUATED_POSTSELECTED_JOINT	NO_UNCERTAIN_ROWS	ONE_INFORMATIVE_ARRAY;ONE_POSITIVE_FOLIO;POSTSELECTED_COMBINATION;EDITION_ROBUSTNESS_NOT_EVALUATED	Postselected depth-2 exploratory combination.	694
F82_TOP_VS_BOTTOM_ROW	b618b29f3164	TOP_VS_BOTTOM	(FAMILY_PREFIX_2:AQ)_OR_(MEMBER_TOKEN_ZL3b:B1)	JOINT_DEPTH2		LIKELY_PAGE_CONFOUND	10	4	6	6	4	2	0.6666666666666667	present=6	0.6666666666666667	1	0.41997309402197497	2.669851398307671	-4.295932886354416	210	0.0761904761904762	0.0761904761904762	0.9666666666666667	0.9523809523809523	10	0.2	0	1.0	f82r:0.666667:1	f82r:0.000000:0	f82:0.000000:0	1	1		NOT_EVALUATED_POSTSELECTED_JOINT	NO_UNCERTAIN_ROWS	ONE_INFORMATIVE_ARRAY;ONE_POSITIVE_FOLIO;POSTSELECTED_COMBINATION;EDITION_ROBUSTNESS_NOT_EVALUATED	Postselected depth-2 exploratory combination.	695
F82_TOP_VS_BOTTOM_ROW	4e3b99159100	TOP_VS_BOTTOM	(FAMILY_PREFIX_3:AQA)_OR_(FAMILY_PREFIX_1:C)	JOINT_DEPTH2		LIKELY_PAGE_CONFOUND	10	4	6	6	4	2	0.6666666666666667	present=6	0.6666666666666667	1	0.41997309402197497	2.669851398307671	-4.295932886354416	210	0.0761904761904762	0.0761904761904762	0.9666666666666667	0.9523809523809523	10	0.2	0	1.0	f82r:0.666667:1	f82r:0.000000:0	f82:0.000000:0	1	1		NOT_EVALUATED_POSTSELECTED_JOINT	NO_UNCERTAIN_ROWS	ONE_INFORMATIVE_ARRAY;ONE_POSITIVE_FOLIO;POSTSELECTED_COMBINATION;EDITION_ROBUSTNESS_NOT_EVALUATED	Postselected depth-2 exploratory combination.	696
F82_TOP_VS_BOTTOM_ROW	8f5e17fbd4f6	TOP_VS_BOTTOM	(FAMILY_PREFIX_3:AQA)_OR_(FAMILY_PREFIX_2:AB)	JOINT_DEPTH2		LIKELY_PAGE_CONFOUND	10	4	6	6	4	2	0.6666666666666667	present=6	0.6666666666666667	1	0.41997309402197497	2.669851398307671	-4.295932886354416	210	0.0761904761904762	0.0761904761904762	0.9666666666666667	0.9523809523809523	10	0.1	0	1.0	f82r:0.666667:1	f82r:0.000000:0	f82:0.000000:0	1	1		NOT_EVALUATED_POSTSELECTED_JOINT	NO_UNCERTAIN_ROWS	ONE_INFORMATIVE_ARRAY;ONE_POSITIVE_FOLIO;POSTSELECTED_COMBINATION;EDITION_ROBUSTNESS_NOT_EVALUATED	Postselected depth-2 exploratory combination.	697
F82_TOP_VS_BOTTOM_ROW	8b4e302c96ca	TOP_VS_BOTTOM	(FAMILY_PREFIX_3:AQA)_OR_(MEMBER_TOKEN_ZL3b:A3)	JOINT_DEPTH2		LIKELY_PAGE_CONFOUND	10	4	6	6	4	2	0.6666666666666667	present=6	0.6666666666666667	1	0.41997309402197497	2.669851398307671	-4.295932886354416	210	0.0761904761904762	0.0761904761904762	0.9666666666666667	0.9523809523809523	10	0.4	0	1.0	f82r:0.666667:1	f82r:0.000000:0	f82:0.000000:0	1	1		NOT_EVALUATED_POSTSELECTED_JOINT	NO_UNCERTAIN_ROWS	ONE_INFORMATIVE_ARRAY;ONE_POSITIVE_FOLIO;POSTSELECTED_COMBINATION;EDITION_ROBUSTNESS_NOT_EVALUATED	Postselected depth-2 exploratory combination.	698
F82_TOP_VS_BOTTOM_ROW	408a2916e5a2	TOP_VS_BOTTOM	(MEMBER_TOKEN_IT2a:A3)_OR_(FAMILY_SUFFIX_2:BA)	JOINT_DEPTH2		LIKELY_PAGE_CONFOUND	10	4	6	6	4	2	0.6666666666666667	present=6	0.6666666666666667	1	0.41997309402197497	2.669851398307671	-4.295932886354416	210	0.0761904761904762	0.0761904761904762	0.9666666666666667	0.9523809523809523	10	0.1	0	1.0	f82r:0.666667:1	f82r:0.000000:0	f82:0.000000:0	1	1		NOT_EVALUATED_POSTSELECTED_JOINT	NO_UNCERTAIN_ROWS	ONE_INFORMATIVE_ARRAY;ONE_POSITIVE_FOLIO;POSTSELECTED_COMBINATION;EDITION_ROBUSTNESS_NOT_EVALUATED	Postselected depth-2 exploratory combination.	699
F82_TOP_VS_BOTTOM_ROW	941f3b862c77	TOP_VS_BOTTOM	(MEMBER_TOKEN_IT2a:A3)_OR_(MEMBER_TOKEN_ZL3b:B1)	JOINT_DEPTH2		LIKELY_PAGE_CONFOUND	10	4	6	6	4	2	0.6666666666666667	present=6	0.6666666666666667	1	0.41997309402197497	2.669851398307671	-4.295932886354416	210	0.0761904761904762	0.0761904761904762	0.9666666666666667	0.9523809523809523	10	0.1	0	1.0	f82r:0.666667:1	f82r:0.000000:0	f82:0.000000:0	1	1		NOT_EVALUATED_POSTSELECTED_JOINT	NO_UNCERTAIN_ROWS	ONE_INFORMATIVE_ARRAY;ONE_POSITIVE_FOLIO;POSTSELECTED_COMBINATION;EDITION_ROBUSTNESS_NOT_EVALUATED	Postselected depth-2 exploratory combination.	700
F82_TOP_VS_BOTTOM_ROW	13a550de153f	TOP_VS_BOTTOM	FAMILY_2GRAM:QA	FAMILY_COMPONENT	FAMILY_2GRAM:QA;FAMILY_3GRAM:AQA	LIKELY_PAGE_CONFOUND	10	4	6	6	4	2	0.6666666666666667	present=6	0.6666666666666667	1	0.41997309402197497	2.669851398307671	-4.295932886354416	210	0.0761904761904762	0.0761904761904762	0.9666666666666667	0.9523809523809523	10	0.1	0	1.0	f82r:0.666667:1	f82r:0.000000:0	f82:0.000000:0	1	1	1.0	ZL3b:0.666667;IT2a:0.666667;RF1b:0.666667	NO_UNCERTAIN_ROWS	ONE_INFORMATIVE_ARRAY;ONE_POSITIVE_FOLIO		701
F82_TOP_VS_BOTTOM_ROW	a3e19dbcd321	TOP_VS_BOTTOM	(FAMILY_PREFIX_3:AQA)_AND_(FAMILY_3GRAM:QAB)	JOINT_DEPTH2		LIKELY_PAGE_CONFOUND	10	4	6	2	2	0	0.5	present=2	0.5	1	0.32192809488736235	1.9475325801058627	-5.018251704556224	210	0.13333333333333333	0.13333333333333333	1.0	0.9952380952380953	10	0.3	0	1.0	f82r:0.500000:1	f82r:0.000000:0	f82:0.000000:0	1	1		NOT_EVALUATED_POSTSELECTED_JOINT	NO_UNCERTAIN_ROWS	ONE_INFORMATIVE_ARRAY;ONE_POSITIVE_FOLIO;POSTSELECTED_COMBINATION;EDITION_ROBUSTNESS_NOT_EVALUATED;ZERO_NEGATIVE_SUPPORT	Postselected depth-2 exploratory combination.	702
F82_TOP_VS_BOTTOM_ROW	09522525a0b0	TOP_VS_BOTTOM	(FAMILY_PREFIX_3:AQA)_AND_(FAMILY_SUFFIX_2:BA)	JOINT_DEPTH2		LIKELY_PAGE_CONFOUND	10	4	6	2	2	0	0.5	present=2	0.5	1	0.32192809488736235	1.9475325801058627	-5.018251704556224	210	0.13333333333333333	0.13333333333333333	1.0	0.9952380952380953	10	0.3	0	1.0	f82r:0.500000:1	f82r:0.000000:0	f82:0.000000:0	1	1		NOT_EVALUATED_POSTSELECTED_JOINT	NO_UNCERTAIN_ROWS	ONE_INFORMATIVE_ARRAY;ONE_POSITIVE_FOLIO;POSTSELECTED_COMBINATION;EDITION_ROBUSTNESS_NOT_EVALUATED;ZERO_NEGATIVE_SUPPORT;POSSIBLE_LENGTH_CONFOUND	Postselected depth-2 exploratory combination.	703
F82_TOP_VS_BOTTOM_ROW	854ff608459b	TOP_VS_BOTTOM	(FAMILY_PREFIX_3:AQA)_AND_(MEMBER_TOKEN_RF1b:A3)	JOINT_DEPTH2		LIKELY_PAGE_CONFOUND	10	4	6	2	2	0	0.5	present=2	0.5	1	0.32192809488736235	1.9475325801058627	-5.018251704556224	210	0.13333333333333333	0.13333333333333333	1.0	0.9952380952380953	10	0.2	0	1.0	f82r:0.500000:1	f82r:0.000000:0	f82:0.000000:0	1	1		NOT_EVALUATED_POSTSELECTED_JOINT	NO_UNCERTAIN_ROWS	ONE_INFORMATIVE_ARRAY;ONE_POSITIVE_FOLIO;POSTSELECTED_COMBINATION;EDITION_ROBUSTNESS_NOT_EVALUATED;ZERO_NEGATIVE_SUPPORT	Postselected depth-2 exploratory combination.	704
F82_TOP_VS_BOTTOM_ROW	3f969362fa16	TOP_VS_BOTTOM	(SYMBOL_COUNT_GE:5)_OR_(FAMILY_PREFIX_2:AB)	JOINT_DEPTH2		LIKELY_PAGE_CONFOUND	10	4	6	8	2	6	-0.5	present=8	-0.5	1	0.32192809488736235	1.9475325801058627	-5.018251704556224	210	0.13333333333333333	0.13333333333333333	1.0	0.9952380952380953	10	0.3	0	1.0	f82r:-0.500000:1	f82r:0.000000:0	f82:0.000000:0	1	1		NOT_EVALUATED_POSTSELECTED_JOINT	NO_UNCERTAIN_ROWS	ONE_INFORMATIVE_ARRAY;ONE_POSITIVE_FOLIO;POSTSELECTED_COMBINATION;EDITION_ROBUSTNESS_NOT_EVALUATED;POSSIBLE_LENGTH_CONFOUND	Postselected depth-2 exploratory combination.	705
F82_TOP_VS_BOTTOM_ROW	44894e533df0	TOP_VS_BOTTOM	(FAMILY_PREFIX_2:AB)_OR_(FAMILY_1GRAM:C)	JOINT_DEPTH2		LIKELY_PAGE_CONFOUND	10	4	6	6	1	5	-0.5833333333333334	present=6	-0.5833333333333334	1	0.2564258916820029	1.4474589769712196	-5.518325307690867	210	0.19047619047619047	0.19047619047619047	0.9952380952380953	1.0	10	0.2	0	1.0	f82r:-0.583333:1	f82r:0.000000:0	f82:0.000000:0	1	1		NOT_EVALUATED_POSTSELECTED_JOINT	NO_UNCERTAIN_ROWS	ONE_INFORMATIVE_ARRAY;ONE_POSITIVE_FOLIO;POSTSELECTED_COMBINATION;EDITION_ROBUSTNESS_NOT_EVALUATED	Postselected depth-2 exploratory combination.	706
F82_TOP_VS_BOTTOM_ROW	02a502c5fdce	TOP_VS_BOTTOM	(FAMILY_PREFIX_2:AQ)_AND_(MEMBER_TOKEN_ZL3b:A3)	JOINT_DEPTH2		LIKELY_PAGE_CONFOUND	10	4	6	4	3	1	0.5833333333333334	present=4	0.5833333333333334	1	0.2564258916820029	1.4474589769712196	-5.518325307690867	210	0.19047619047619047	0.19047619047619047	0.9952380952380953	1.0	10	0.5	0	1.0	f82r:0.583333:1	f82r:0.000000:0	f82:0.000000:0	1	1		NOT_EVALUATED_POSTSELECTED_JOINT	NO_UNCERTAIN_ROWS	ONE_INFORMATIVE_ARRAY;ONE_POSITIVE_FOLIO;POSTSELECTED_COMBINATION;EDITION_ROBUSTNESS_NOT_EVALUATED	Postselected depth-2 exploratory combination.	707
F82_TOP_VS_BOTTOM_ROW	50b8f9687941	TOP_VS_BOTTOM	(FAMILY_SUFFIX_2:BA)_OR_(FAMILY_3GRAM:QAB)	JOINT_DEPTH2		LIKELY_PAGE_CONFOUND	10	4	6	4	3	1	0.5833333333333334	present=4	0.5833333333333334	1	0.2564258916820029	1.4474589769712196	-5.518325307690867	210	0.19047619047619047	0.19047619047619047	0.9952380952380953	1.0	10	0.3	0	1.0	f82r:0.583333:1	f82r:0.000000:0	f82:0.000000:0	1	1		NOT_EVALUATED_POSTSELECTED_JOINT	NO_UNCERTAIN_ROWS	ONE_INFORMATIVE_ARRAY;ONE_POSITIVE_FOLIO;POSTSELECTED_COMBINATION;EDITION_ROBUSTNESS_NOT_EVALUATED	Postselected depth-2 exploratory combination.	708
F82_TOP_VS_BOTTOM_ROW	dcd12469f56c	TOP_VS_BOTTOM	(MEMBER_TOKEN_ZL3b:A3)_AND_(FAMILY_1GRAM:B)	JOINT_DEPTH2		LIKELY_PAGE_CONFOUND	10	4	6	4	3	1	0.5833333333333334	present=4	0.5833333333333334	1	0.2564258916820029	1.4474589769712196	-5.518325307690867	210	0.19047619047619047	0.19047619047619047	0.9952380952380953	1.0	10	0.3	0	1.0	f82r:0.583333:1	f82r:0.000000:0	f82:0.000000:0	1	1		NOT_EVALUATED_POSTSELECTED_JOINT	NO_UNCERTAIN_ROWS	ONE_INFORMATIVE_ARRAY;ONE_POSITIVE_FOLIO;POSTSELECTED_COMBINATION;EDITION_ROBUSTNESS_NOT_EVALUATED	Postselected depth-2 exploratory combination.	709
F82_TOP_VS_BOTTOM_ROW	8238c60f3e15	TOP_VS_BOTTOM	MEMBER_TOKEN_IT2a:A3	MEMBER_CODE	MEMBER_TOKEN_IT2a:A3	LIKELY_PAGE_CONFOUND	10	4	6	4	3	1	0.5833333333333334	present=4	0.5833333333333334	1	0.2564258916820029	1.4474589769712196	-5.518325307690867	210	0.19047619047619047	0.19047619047619047	0.9952380952380953	1.0	10	0.3	0	1.0	f82r:0.583333:1	f82r:0.000000:0	f82:0.000000:0	1	1	0.5	ZL3b:0.416667;IT2a:0.583333;RF1b:0.333333	NO_UNCERTAIN_ROWS	ONE_INFORMATIVE_ARRAY;ONE_POSITIVE_FOLIO	primary edition=IT2a	710
F82_TOP_VS_BOTTOM_ROW	3e464195f1c7	TOP_VS_BOTTOM	(FAMILY_2GRAM:QA)_OR_(FAMILY_PREFIX_1:C)	JOINT_DEPTH2		LIKELY_PAGE_CONFOUND	10	4	6	7	4	3	0.5	present=7	0.5	1	0.28129089923069267	1.3770696490798233	-5.588714635582264	210	0.2	0.2	1.0	1.0	10	0.6	0	1.0	f82r:0.500000:1	f82r:0.000000:0	f82:0.000000:0	1	1		NOT_EVALUATED_POSTSELECTED_JOINT	NO_UNCERTAIN_ROWS	ONE_INFORMATIVE_ARRAY;ONE_POSITIVE_FOLIO;POSTSELECTED_COMBINATION;EDITION_ROBUSTNESS_NOT_EVALUATED	Postselected depth-2 exploratory combination.	711
F82_TOP_VS_BOTTOM_ROW	bd610dc8215e	TOP_VS_BOTTOM	(FAMILY_2GRAM:QA)_OR_(MEMBER_TOKEN_IT2a:A3)	JOINT_DEPTH2		LIKELY_PAGE_CONFOUND	10	4	6	7	4	3	0.5	present=7	0.5	1	0.28129089923069267	1.3770696490798233	-5.588714635582264	210	0.2	0.2	1.0	1.0	10	0.1	0	1.0	f82r:0.500000:1	f82r:0.000000:0	f82:0.000000:0	1	1		NOT_EVALUATED_POSTSELECTED_JOINT	NO_UNCERTAIN_ROWS	ONE_INFORMATIVE_ARRAY;ONE_POSITIVE_FOLIO;POSTSELECTED_COMBINATION;EDITION_ROBUSTNESS_NOT_EVALUATED	Postselected depth-2 exploratory combination.	712
F82_TOP_VS_BOTTOM_ROW	7ea25f94d2d8	TOP_VS_BOTTOM	(FAMILY_2GRAM:QA)_OR_(MEMBER_TOKEN_ZL3b:B1)	JOINT_DEPTH2		LIKELY_PAGE_CONFOUND	10	4	6	7	4	3	0.5	present=7	0.5	1	0.28129089923069267	1.3770696490798233	-5.588714635582264	210	0.2	0.2	1.0	1.0	10	0.1	0	1.0	f82r:0.500000:1	f82r:0.000000:0	f82:0.000000:0	1	1		NOT_EVALUATED_POSTSELECTED_JOINT	NO_UNCERTAIN_ROWS	ONE_INFORMATIVE_ARRAY;ONE_POSITIVE_FOLIO;POSTSELECTED_COMBINATION;EDITION_ROBUSTNESS_NOT_EVALUATED	Postselected depth-2 exploratory combination.	713
F82_TOP_VS_BOTTOM_ROW	0555cf96b54a	TOP_VS_BOTTOM	(FAMILY_PREFIX_3:AQA)_OR_(FAMILY_1GRAM:C)	JOINT_DEPTH2		LIKELY_PAGE_CONFOUND	10	4	6	7	4	3	0.5	present=7	0.5	1	0.28129089923069267	1.3770696490798233	-5.588714635582264	210	0.2	0.2	1.0	1.0	10	0.4	0	1.0	f82r:0.500000:1	f82r:0.000000:0	f82:0.000000:0	1	1		NOT_EVALUATED_POSTSELECTED_JOINT	NO_UNCERTAIN_ROWS	ONE_INFORMATIVE_ARRAY;ONE_POSITIVE_FOLIO;POSTSELECTED_COMBINATION;EDITION_ROBUSTNESS_NOT_EVALUATED	Postselected depth-2 exploratory combination.	714
F82_TOP_VS_BOTTOM_ROW	79ba54bdf77a	TOP_VS_BOTTOM	(FAMILY_PREFIX_3:AQA)_OR_(FAMILY_3GRAM:ABA)	JOINT_DEPTH2		LIKELY_PAGE_CONFOUND	10	4	6	7	4	3	0.5	present=7	0.5	1	0.28129089923069267	1.3770696490798233	-5.588714635582264	210	0.2	0.2	1.0	1.0	10	0.1	0	1.0	f82r:0.500000:1	f82r:0.000000:0	f82:0.000000:0	1	1		NOT_EVALUATED_POSTSELECTED_JOINT	NO_UNCERTAIN_ROWS	ONE_INFORMATIVE_ARRAY;ONE_POSITIVE_FOLIO;POSTSELECTED_COMBINATION;EDITION_ROBUSTNESS_NOT_EVALUATED	Postselected depth-2 exploratory combination.	715
F82_TOP_VS_BOTTOM_ROW	a56dc585b389	TOP_VS_BOTTOM	(MEMBER_TOKEN_ZL3b:B2)_AND_(FAMILY_3GRAM:ABA)	JOINT_DEPTH2		LIKELY_PAGE_CONFOUND	10	4	6	3	0	3	-0.5	present=3	-0.5	1	0.28129089923069267	1.3770696490798233	-5.588714635582264	210	0.2	0.2	1.0	1.0	10	0.6	0	1.0	f82r:-0.500000:1	f82r:0.000000:0	f82:0.000000:0	1	1		NOT_EVALUATED_POSTSELECTED_JOINT	NO_UNCERTAIN_ROWS	ONE_INFORMATIVE_ARRAY;ONE_POSITIVE_FOLIO;POSTSELECTED_COMBINATION;EDITION_ROBUSTNESS_NOT_EVALUATED;ZERO_POSITIVE_SUPPORT;POSSIBLE_LENGTH_CONFOUND	Postselected depth-2 exploratory combination.	716
F82_TOP_VS_BOTTOM_ROW	f371b2b253d3	TOP_VS_BOTTOM	(SYMBOL_COUNT_GE:5)_AND_(FAMILY_1GRAM:C)	JOINT_DEPTH2		LIKELY_PAGE_CONFOUND	10	4	6	3	0	3	-0.5	present=3	-0.5	1	0.28129089923069267	1.3770696490798233	-5.588714635582264	210	0.2	0.2	1.0	1.0	10	0.1	0	1.0	f82r:-0.500000:1	f82r:0.000000:0	f82:0.000000:0	1	1		NOT_EVALUATED_POSTSELECTED_JOINT	NO_UNCERTAIN_ROWS	ONE_INFORMATIVE_ARRAY;ONE_POSITIVE_FOLIO;POSTSELECTED_COMBINATION;EDITION_ROBUSTNESS_NOT_EVALUATED;ZERO_POSITIVE_SUPPORT;POSSIBLE_LENGTH_CONFOUND	Postselected depth-2 exploratory combination.	717
F82_TOP_VS_BOTTOM_ROW	7b0d2a333aa6	TOP_VS_BOTTOM	FAMILY_1GRAM:Q	FAMILY_COMPONENT	FAMILY_1GRAM:Q;FAMILY_2GRAM:AQ;MEMBER_TOKEN_ZL3b:Q1;MEMBER_TOKEN_IT2a:Q1;MEMBER_TOKEN_RF1b:Q1	LIKELY_PAGE_CONFOUND	10	4	6	7	4	3	0.5	present=7	0.5	1	0.28129089923069267	1.3770696490798233	-5.588714635582264	210	0.2	0.2	1.0	1.0	10	0.2	0	1.0	f82r:0.500000:1	f82r:0.000000:0	f82:0.000000:0	1	1	1.0	ZL3b:0.500000;IT2a:0.500000;RF1b:0.500000	NO_UNCERTAIN_ROWS	ONE_INFORMATIVE_ARRAY;ONE_POSITIVE_FOLIO		718
F82_TOP_VS_BOTTOM_ROW	b0d51887356e	TOP_VS_BOTTOM	FAMILY_PREFIX_1:A	FAMILY_COMPONENT	FAMILY_PREFIX_1:A	LIKELY_PAGE_CONFOUND	10	4	6	7	4	3	0.5	present=7	0.5	1	0.28129089923069267	1.3770696490798233	-5.588714635582264	210	0.2	0.2	1.0	1.0	10	0.4	0	1.0	f82r:0.500000:1	f82r:0.000000:0	f82:0.000000:0	1	1	1.0	ZL3b:0.500000;IT2a:0.500000;RF1b:0.500000	NO_UNCERTAIN_ROWS	ONE_INFORMATIVE_ARRAY;ONE_POSITIVE_FOLIO		719
F82_TOP_VS_BOTTOM_ROW	0150a3da4167	TOP_VS_BOTTOM	(FAMILY_1GRAM:Q)_OR_(MEMBER_TOKEN_ZL3b:B1)	JOINT_DEPTH2		LIKELY_PAGE_CONFOUND	10	4	6	8	4	4	0.33333333333333337	present=8	0.33333333333333337	1	0.17095059445466865	0.44745897697122494	-6.518325307690862	210	0.4666666666666667	0.4666666666666667	1.0	1.0	10	0.2	0	1.0	f82r:0.333333:1	f82r:0.000000:0	f82:0.000000:0	1	1		NOT_EVALUATED_POSTSELECTED_JOINT	NO_UNCERTAIN_ROWS	ONE_INFORMATIVE_ARRAY;ONE_POSITIVE_FOLIO;POSTSELECTED_COMBINATION;EDITION_ROBUSTNESS_NOT_EVALUATED	Postselected depth-2 exploratory combination.	720
F82_TOP_VS_BOTTOM_ROW	3da851e18bcc	TOP_VS_BOTTOM	(FAMILY_2GRAM:QA)_OR_(FAMILY_1GRAM:C)	JOINT_DEPTH2		LIKELY_PAGE_CONFOUND	10	4	6	8	4	4	0.33333333333333337	present=8	0.33333333333333337	1	0.17095059445466865	0.44745897697122494	-6.518325307690862	210	0.4666666666666667	0.4666666666666667	1.0	1.0	10	0.8	0	1.0	f82r:0.333333:1	f82r:0.000000:0	f82:0.000000:0	1	1		NOT_EVALUATED_POSTSELECTED_JOINT	NO_UNCERTAIN_ROWS	ONE_INFORMATIVE_ARRAY;ONE_POSITIVE_FOLIO;POSTSELECTED_COMBINATION;EDITION_ROBUSTNESS_NOT_EVALUATED	Postselected depth-2 exploratory combination.	721
F82_TOP_VS_BOTTOM_ROW	4a7aa5e81b18	TOP_VS_BOTTOM	(FAMILY_2GRAM:QA)_OR_(FAMILY_PREFIX_1:A)	JOINT_DEPTH2		LIKELY_PAGE_CONFOUND	10	4	6	8	4	4	0.33333333333333337	present=8	0.33333333333333337	1	0.17095059445466865	0.44745897697122494	-6.518325307690862	210	0.4666666666666667	0.4666666666666667	1.0	1.0	10	0.4	0	1.0	f82r:0.333333:1	f82r:0.000000:0	f82:0.000000:0	1	1		NOT_EVALUATED_POSTSELECTED_JOINT	NO_UNCERTAIN_ROWS	ONE_INFORMATIVE_ARRAY;ONE_POSITIVE_FOLIO;POSTSELECTED_COMBINATION;EDITION_ROBUSTNESS_NOT_EVALUATED	Postselected depth-2 exploratory combination.	722
F82_TOP_VS_BOTTOM_ROW	9792406d736d	TOP_VS_BOTTOM	(FAMILY_PREFIX_1:A)_OR_(MEMBER_TOKEN_ZL3b:B1)	JOINT_DEPTH2		LIKELY_PAGE_CONFOUND	10	4	6	8	4	4	0.33333333333333337	present=8	0.33333333333333337	1	0.17095059445466865	0.44745897697122494	-6.518325307690862	210	0.4666666666666667	0.4666666666666667	1.0	1.0	10	0.6	0	1.0	f82r:0.333333:1	f82r:0.000000:0	f82:0.000000:0	1	1		NOT_EVALUATED_POSTSELECTED_JOINT	NO_UNCERTAIN_ROWS	ONE_INFORMATIVE_ARRAY;ONE_POSITIVE_FOLIO;POSTSELECTED_COMBINATION;EDITION_ROBUSTNESS_NOT_EVALUATED	Postselected depth-2 exploratory combination.	723
F82_TOP_VS_BOTTOM_ROW	e67605ac1abe	TOP_VS_BOTTOM	(FAMILY_PREFIX_2:AQ)_OR_(FAMILY_3GRAM:ABA)	JOINT_DEPTH2		LIKELY_PAGE_CONFOUND	10	4	6	8	4	4	0.33333333333333337	present=8	0.33333333333333337	1	0.17095059445466865	0.44745897697122494	-6.518325307690862	210	0.4666666666666667	0.4666666666666667	1.0	1.0	10	0.8	0	1.0	f82r:0.333333:1	f82r:0.000000:0	f82:0.000000:0	1	1		NOT_EVALUATED_POSTSELECTED_JOINT	NO_UNCERTAIN_ROWS	ONE_INFORMATIVE_ARRAY;ONE_POSITIVE_FOLIO;POSTSELECTED_COMBINATION;EDITION_ROBUSTNESS_NOT_EVALUATED	Postselected depth-2 exploratory combination.	724
F82_TOP_VS_BOTTOM_ROW	0c3b09d98ad8	TOP_VS_BOTTOM	(FAMILY_PREFIX_3:AQA)_OR_(FAMILY_2GRAM:AB)	JOINT_DEPTH2		LIKELY_PAGE_CONFOUND	10	4	6	8	4	4	0.33333333333333337	present=8	0.33333333333333337	1	0.17095059445466865	0.44745897697122494	-6.518325307690862	210	0.4666666666666667	0.4666666666666667	1.0	1.0	10	0.2	0	1.0	f82r:0.333333:1	f82r:0.000000:0	f82:0.000000:0	1	1		NOT_EVALUATED_POSTSELECTED_JOINT	NO_UNCERTAIN_ROWS	ONE_INFORMATIVE_ARRAY;ONE_POSITIVE_FOLIO;POSTSELECTED_COMBINATION;EDITION_ROBUSTNESS_NOT_EVALUATED	Postselected depth-2 exploratory combination.	725
F82_TOP_VS_BOTTOM_ROW	c83b0a92ded1	TOP_VS_BOTTOM	(MEMBER_TOKEN_ZL3b:A3)_OR_(FAMILY_1GRAM:C)	JOINT_DEPTH2		LIKELY_PAGE_CONFOUND	10	4	6	8	4	4	0.33333333333333337	present=8	0.33333333333333337	1	0.17095059445466865	0.44745897697122494	-6.518325307690862	210	0.4666666666666667	0.4666666666666667	1.0	1.0	10	0.6	0	1.0	f82r:0.333333:1	f82r:0.000000:0	f82:0.000000:0	1	1		NOT_EVALUATED_POSTSELECTED_JOINT	NO_UNCERTAIN_ROWS	ONE_INFORMATIVE_ARRAY;ONE_POSITIVE_FOLIO;POSTSELECTED_COMBINATION;EDITION_ROBUSTNESS_NOT_EVALUATED	Postselected depth-2 exploratory combination.	726
F82_TOP_VS_BOTTOM_ROW	10b0652ef94b	TOP_VS_BOTTOM	FAMILY_PREFIX_1:C	FAMILY_COMPONENT	FAMILY_PREFIX_1:C;FAMILY_PREFIX_2:CA;FAMILY_2GRAM:CA;MEMBER_TOKEN_ZL3b:C2;MEMBER_TOKEN_IT2a:C2;MEMBER_TOKEN_RF1b:C2	LIKELY_PAGE_CONFOUND	10	4	6	2	0	2	-0.3333333333333333	present=2	-0.3333333333333333	1	0.17095059445466865	0.44745897697122494	-6.518325307690862	210	0.4666666666666667	0.4666666666666667	1.0	1.0	10	0.6	0	1.0	f82r:-0.333333:1	f82r:0.000000:0	f82:0.000000:0	1	1	1.0	ZL3b:-0.333333;IT2a:-0.333333;RF1b:-0.333333	NO_UNCERTAIN_ROWS	ONE_INFORMATIVE_ARRAY;ONE_POSITIVE_FOLIO;ZERO_POSITIVE_SUPPORT;POSSIBLE_LENGTH_CONFOUND		727
F82_TOP_VS_BOTTOM_ROW	05ff6ec21fa6	TOP_VS_BOTTOM	FAMILY_PREFIX_2:AB	FAMILY_COMPONENT	FAMILY_PREFIX_2:AB	LIKELY_PAGE_CONFOUND	10	4	6	2	0	2	-0.3333333333333333	present=2	-0.3333333333333333	1	0.17095059445466865	0.44745897697122494	-6.518325307690862	210	0.4666666666666667	0.4666666666666667	1.0	1.0	10	0.4	0	1.0	f82r:-0.333333:1	f82r:0.000000:0	f82:0.000000:0	1	1	1.0	ZL3b:-0.333333;IT2a:-0.333333;RF1b:-0.333333	NO_UNCERTAIN_ROWS	ONE_INFORMATIVE_ARRAY;ONE_POSITIVE_FOLIO;ZERO_POSITIVE_SUPPORT;POSSIBLE_LENGTH_CONFOUND		728
F82_TOP_VS_BOTTOM_ROW	9d5945cde821	TOP_VS_BOTTOM	(FAMILY_1GRAM:C)_OR_(FAMILY_3GRAM:ABA)	JOINT_DEPTH2		LIKELY_PAGE_CONFOUND	10	4	6	7	2	5	-0.33333333333333337	present=7	-0.33333333333333337	1	0.09127744624168008	-0.096861539252588	-7.062645823914675	210	0.5	0.5	1.0	1.0	10	0.6	0	1.0	f82r:-0.333333:1	f82r:0.000000:0	f82:0.000000:0	1	1		NOT_EVALUATED_POSTSELECTED_JOINT	NO_UNCERTAIN_ROWS	ONE_INFORMATIVE_ARRAY;ONE_POSITIVE_FOLIO;POSTSELECTED_COMBINATION;EDITION_ROBUSTNESS_NOT_EVALUATED	Postselected depth-2 exploratory combination.	729
F82_TOP_VS_BOTTOM_ROW	c4d39e2dfcb4	TOP_VS_BOTTOM	(FAMILY_PREFIX_1:A)_AND_(FAMILY_SUFFIX_1:A)	JOINT_DEPTH2		LIKELY_PAGE_CONFOUND	10	4	6	3	2	1	0.33333333333333337	present=3	0.33333333333333337	1	0.09127744624168008	-0.096861539252588	-7.062645823914675	210	0.5	0.5	1.0	1.0	10	0.7	0	1.0	f82r:0.333333:1	f82r:0.000000:0	f82:0.000000:0	1	1		NOT_EVALUATED_POSTSELECTED_JOINT	NO_UNCERTAIN_ROWS	ONE_INFORMATIVE_ARRAY;ONE_POSITIVE_FOLIO;POSTSELECTED_COMBINATION;EDITION_ROBUSTNESS_NOT_EVALUATED;POSSIBLE_LENGTH_CONFOUND	Postselected depth-2 exploratory combination.	730
F82_TOP_VS_BOTTOM_ROW	7ee7be440833	TOP_VS_BOTTOM	(FAMILY_PREFIX_2:AQ)_AND_(SYMBOL_COUNT_GE:5)	JOINT_DEPTH2		LIKELY_PAGE_CONFOUND	10	4	6	3	2	1	0.33333333333333337	present=3	0.33333333333333337	1	0.09127744624168008	-0.096861539252588	-7.062645823914675	210	0.5	0.5	1.0	1.0	10	0.6	0	1.0	f82r:0.333333:1	f82r:0.000000:0	f82:0.000000:0	1	1		NOT_EVALUATED_POSTSELECTED_JOINT	NO_UNCERTAIN_ROWS	ONE_INFORMATIVE_ARRAY;ONE_POSITIVE_FOLIO;POSTSELECTED_COMBINATION;EDITION_ROBUSTNESS_NOT_EVALUATED;POSSIBLE_LENGTH_CONFOUND	Postselected depth-2 exploratory combination.	731
F82_TOP_VS_BOTTOM_ROW	4d02bd02ebd3	TOP_VS_BOTTOM	(MEMBER_TOKEN_ZL3b:A3)_AND_(MEMBER_TOKEN_ZL3b:B2)	JOINT_DEPTH2		LIKELY_PAGE_CONFOUND	10	4	6	3	2	1	0.33333333333333337	present=3	0.33333333333333337	1	0.09127744624168008	-0.096861539252588	-7.062645823914675	210	0.5	0.5	1.0	1.0	10	0.6	0	1.0	f82r:0.333333:1	f82r:0.000000:0	f82:0.000000:0	1	1		NOT_EVALUATED_POSTSELECTED_JOINT	NO_UNCERTAIN_ROWS	ONE_INFORMATIVE_ARRAY;ONE_POSITIVE_FOLIO;POSTSELECTED_COMBINATION;EDITION_ROBUSTNESS_NOT_EVALUATED	Postselected depth-2 exploratory combination.	732
F82_TOP_VS_BOTTOM_ROW	fc3226a91d3b	TOP_VS_BOTTOM	FAMILY_3GRAM:QAB	FAMILY_COMPONENT	FAMILY_3GRAM:QAB	LIKELY_PAGE_CONFOUND	10	4	6	3	2	1	0.33333333333333337	present=3	0.33333333333333337	1	0.09127744624168008	-0.096861539252588	-7.062645823914675	210	0.5	0.5	1.0	1.0	10	0.4	0	1.0	f82r:0.333333:1	f82r:0.000000:0	f82:0.000000:0	1	1	1.0	ZL3b:0.333333;IT2a:0.333333;RF1b:0.333333	NO_UNCERTAIN_ROWS	ONE_INFORMATIVE_ARRAY;ONE_POSITIVE_FOLIO		733
F82_TOP_VS_BOTTOM_ROW	9391572ab6d5	TOP_VS_BOTTOM	FAMILY_SUFFIX_2:BA	FAMILY_COMPONENT	FAMILY_SUFFIX_2:BA	LIKELY_PAGE_CONFOUND	10	4	6	3	2	1	0.33333333333333337	present=3	0.33333333333333337	1	0.09127744624168008	-0.096861539252588	-7.062645823914675	210	0.5	0.5	1.0	1.0	10	0.6	0	1.0	f82r:0.333333:1	f82r:0.000000:0	f82:0.000000:0	1	1	1.0	ZL3b:0.333333;IT2a:0.333333;RF1b:0.333333	NO_UNCERTAIN_ROWS	ONE_INFORMATIVE_ARRAY;ONE_POSITIVE_FOLIO;POSSIBLE_LENGTH_CONFOUND		734
F82_TOP_VS_BOTTOM_ROW	2e603e7beaf1	TOP_VS_BOTTOM	MEMBER_TOKEN_RF1b:A3	MEMBER_CODE	MEMBER_TOKEN_RF1b:A3	LIKELY_PAGE_CONFOUND	10	4	6	3	2	1	0.33333333333333337	present=3	0.33333333333333337	1	0.09127744624168008	-0.096861539252588	-7.062645823914675	210	0.5	0.5	1.0	1.0	10	0.4	0	1.0	f82r:0.333333:1	f82r:0.000000:0	f82:0.000000:0	1	1	0.5	ZL3b:0.416667;IT2a:0.583333;RF1b:0.333333	NO_UNCERTAIN_ROWS	ONE_INFORMATIVE_ARRAY;ONE_POSITIVE_FOLIO	primary edition=RF1b	735
F82_TOP_VS_BOTTOM_ROW	6263eb44ac6d	TOP_VS_BOTTOM	MEMBER_TOKEN_ZL3b:B1	MEMBER_CODE	MEMBER_TOKEN_ZL3b:B1;MEMBER_TOKEN_IT2a:B1	LIKELY_PAGE_CONFOUND	10	4	6	3	2	1	0.33333333333333337	present=3	0.33333333333333337	1	0.09127744624168008	-0.096861539252588	-7.062645823914675	210	0.5	0.5	1.0	1.0	10	0.4	0	1.0	f82r:0.333333:1	f82r:0.000000:0	f82:0.000000:0	1	1	0.6666666666666666	ZL3b:0.333333;IT2a:0.333333;RF1b:0.083333	NO_UNCERTAIN_ROWS	ONE_INFORMATIVE_ARRAY;ONE_POSITIVE_FOLIO;POSSIBLE_LENGTH_CONFOUND	primary edition=ZL3b	736
F82_TOP_VS_BOTTOM_ROW	abc1632cc210	TOP_VS_BOTTOM	MEMBER_TOKEN_ZL3b:B2	MEMBER_CODE	MEMBER_TOKEN_ZL3b:B2;MEMBER_TOKEN_IT2a:B2;MEMBER_TOKEN_RF1b:B2	LIKELY_PAGE_CONFOUND	10	4	6	7	2	5	-0.33333333333333337	present=7	-0.33333333333333337	1	0.09127744624168008	-0.096861539252588	-7.062645823914675	210	0.5	0.5	1.0	1.0	10	0.6	0	1.0	f82r:-0.333333:1	f82r:0.000000:0	f82:0.000000:0	1	1	1.0	ZL3b:-0.333333;IT2a:-0.333333;RF1b:-0.333333	NO_UNCERTAIN_ROWS	ONE_INFORMATIVE_ARRAY;ONE_POSITIVE_FOLIO	primary edition=ZL3b	737
F82_TOP_VS_BOTTOM_ROW	38916f89a2db	TOP_VS_BOTTOM	SYMBOL_COUNT_GE:5	CONSTRUCTION	SYMBOL_COUNT_GE:5	LIKELY_PAGE_CONFOUND	10	4	6	7	2	5	-0.33333333333333337	present=7	-0.33333333333333337	1	0.09127744624168008	-0.096861539252588	-7.062645823914675	210	0.5	0.5	1.0	1.0	10	0.7	0	1.0	f82r:-0.333333:1	f82r:0.000000:0	f82:0.000000:0	1	1	1.0	ZL3b:-0.333333;IT2a:-0.333333;RF1b:-0.333333	NO_UNCERTAIN_ROWS	ONE_INFORMATIVE_ARRAY;ONE_POSITIVE_FOLIO;POSSIBLE_LENGTH_CONFOUND		738
F82_TOP_VS_BOTTOM_ROW	13de8a50d7b9	TOP_VS_BOTTOM	(FAMILY_2GRAM:QA)_AND_(FAMILY_1GRAM:B)	JOINT_DEPTH2		LIKELY_PAGE_CONFOUND	10	4	6	5	3	2	0.4166666666666667	present=5	0.4166666666666667	1	0.1245112497836531	0.1255308820838561	-6.840253402578231	210	0.5238095238095238	0.5238095238095238	1.0	1.0	10	0.7	0	1.0	f82r:0.416667:1	f82r:0.000000:0	f82:0.000000:0	1	1		NOT_EVALUATED_POSTSELECTED_JOINT	NO_UNCERTAIN_ROWS	ONE_INFORMATIVE_ARRAY;ONE_POSITIVE_FOLIO;POSTSELECTED_COMBINATION;EDITION_ROBUSTNESS_NOT_EVALUATED	Postselected depth-2 exploratory combination.	739
F82_TOP_VS_BOTTOM_ROW	86283bede197	TOP_VS_BOTTOM	(FAMILY_3GRAM:QAB)_OR_(MEMBER_TOKEN_ZL3b:B1)	JOINT_DEPTH2		LIKELY_PAGE_CONFOUND	10	4	6	5	3	2	0.4166666666666667	present=5	0.4166666666666667	1	0.1245112497836531	0.1255308820838561	-6.840253402578231	210	0.5238095238095238	0.5238095238095238	1.0	1.0	10	0.4	0	1.0	f82r:0.416667:1	f82r:0.000000:0	f82:0.000000:0	1	1		NOT_EVALUATED_POSTSELECTED_JOINT	NO_UNCERTAIN_ROWS	ONE_INFORMATIVE_ARRAY;ONE_POSITIVE_FOLIO;POSTSELECTED_COMBINATION;EDITION_ROBUSTNESS_NOT_EVALUATED	Postselected depth-2 exploratory combination.	740
F82_TOP_VS_BOTTOM_ROW	ade7e300938f	TOP_VS_BOTTOM	(FAMILY_PREFIX_1:A)_AND_(FAMILY_1GRAM:B)	JOINT_DEPTH2		LIKELY_PAGE_CONFOUND	10	4	6	5	3	2	0.4166666666666667	present=5	0.4166666666666667	1	0.1245112497836531	0.1255308820838561	-6.840253402578231	210	0.5238095238095238	0.5238095238095238	1.0	1.0	10	0.6	0	1.0	f82r:0.416667:1	f82r:0.000000:0	f82:0.000000:0	1	1		NOT_EVALUATED_POSTSELECTED_JOINT	NO_UNCERTAIN_ROWS	ONE_INFORMATIVE_ARRAY;ONE_POSITIVE_FOLIO;POSTSELECTED_COMBINATION;EDITION_ROBUSTNESS_NOT_EVALUATED	Postselected depth-2 exploratory combination.	741
F82_TOP_VS_BOTTOM_ROW	d8eabcccbd99	TOP_VS_BOTTOM	(FAMILY_PREFIX_1:C)_OR_(FAMILY_3GRAM:ABA)	JOINT_DEPTH2		LIKELY_PAGE_CONFOUND	10	4	6	5	1	4	-0.41666666666666663	present=5	-0.41666666666666663	1	0.1245112497836531	0.1255308820838561	-6.840253402578231	210	0.5238095238095238	0.5238095238095238	1.0	1.0	10	0.7	0	1.0	f82r:-0.416667:1	f82r:0.000000:0	f82:0.000000:0	1	1		NOT_EVALUATED_POSTSELECTED_JOINT	NO_UNCERTAIN_ROWS	ONE_INFORMATIVE_ARRAY;ONE_POSITIVE_FOLIO;POSTSELECTED_COMBINATION;EDITION_ROBUSTNESS_NOT_EVALUATED;POSSIBLE_LENGTH_CONFOUND	Postselected depth-2 exploratory combination.	742
F82_TOP_VS_BOTTOM_ROW	75a993159ae8	TOP_VS_BOTTOM	(FAMILY_PREFIX_2:AB)_OR_(FAMILY_3GRAM:ABA)	JOINT_DEPTH2		LIKELY_PAGE_CONFOUND	10	4	6	5	1	4	-0.41666666666666663	present=5	-0.41666666666666663	1	0.1245112497836531	0.1255308820838561	-6.840253402578231	210	0.5238095238095238	0.5238095238095238	1.0	1.0	10	0.8	0	1.0	f82r:-0.416667:1	f82r:0.000000:0	f82:0.000000:0	1	1		NOT_EVALUATED_POSTSELECTED_JOINT	NO_UNCERTAIN_ROWS	ONE_INFORMATIVE_ARRAY;ONE_POSITIVE_FOLIO;POSTSELECTED_COMBINATION;EDITION_ROBUSTNESS_NOT_EVALUATED;POSSIBLE_LENGTH_CONFOUND	Postselected depth-2 exploratory combination.	743
F82_TOP_VS_BOTTOM_ROW	e88d2532edd6	TOP_VS_BOTTOM	(FAMILY_SUFFIX_2:BA)_OR_(MEMBER_TOKEN_RF1b:A3)	JOINT_DEPTH2		LIKELY_PAGE_CONFOUND	10	4	6	5	3	2	0.4166666666666667	present=5	0.4166666666666667	1	0.1245112497836531	0.1255308820838561	-6.840253402578231	210	0.5238095238095238	0.5238095238095238	1.0	1.0	10	0.4	0	1.0	f82r:0.416667:1	f82r:0.000000:0	f82:0.000000:0	1	1		NOT_EVALUATED_POSTSELECTED_JOINT	NO_UNCERTAIN_ROWS	ONE_INFORMATIVE_ARRAY;ONE_POSITIVE_FOLIO;POSTSELECTED_COMBINATION;EDITION_ROBUSTNESS_NOT_EVALUATED	Postselected depth-2 exploratory combination.	744
F82_TOP_VS_BOTTOM_ROW	d03d08ad92f9	TOP_VS_BOTTOM	(MEMBER_TOKEN_IT2a:A3)_OR_(FAMILY_PREFIX_2:AB)	JOINT_DEPTH2		LIKELY_PAGE_CONFOUND	10	4	6	5	3	2	0.4166666666666667	present=5	0.4166666666666667	1	0.1245112497836531	0.1255308820838561	-6.840253402578231	210	0.5238095238095238	0.5238095238095238	1.0	1.0	10	0.4	0	1.0	f82r:0.416667:1	f82r:0.000000:0	f82:0.000000:0	1	1		NOT_EVALUATED_POSTSELECTED_JOINT	NO_UNCERTAIN_ROWS	ONE_INFORMATIVE_ARRAY;ONE_POSITIVE_FOLIO;POSTSELECTED_COMBINATION;EDITION_ROBUSTNESS_NOT_EVALUATED	Postselected depth-2 exploratory combination.	745
F82_TOP_VS_BOTTOM_ROW	428561a17a8e	TOP_VS_BOTTOM	(MEMBER_TOKEN_ZL3b:B1)_OR_(MEMBER_TOKEN_RF1b:A3)	JOINT_DEPTH2		LIKELY_PAGE_CONFOUND	10	4	6	5	3	2	0.4166666666666667	present=5	0.4166666666666667	1	0.1245112497836531	0.1255308820838561	-6.840253402578231	210	0.5238095238095238	0.5238095238095238	1.0	1.0	10	0.4	0	1.0	f82r:0.416667:1	f82r:0.000000:0	f82:0.000000:0	1	1		NOT_EVALUATED_POSTSELECTED_JOINT	NO_UNCERTAIN_ROWS	ONE_INFORMATIVE_ARRAY;ONE_POSITIVE_FOLIO;POSTSELECTED_COMBINATION;EDITION_ROBUSTNESS_NOT_EVALUATED	Postselected depth-2 exploratory combination.	746
F82_TOP_VS_BOTTOM_ROW	38aea96689d8	TOP_VS_BOTTOM	(SYMBOL_COUNT_GE:5)_AND_(MEMBER_TOKEN_ZL3b:B2)	JOINT_DEPTH2		LIKELY_PAGE_CONFOUND	10	4	6	5	1	4	-0.41666666666666663	present=5	-0.41666666666666663	1	0.1245112497836531	0.1255308820838561	-6.840253402578231	210	0.5238095238095238	0.5238095238095238	1.0	1.0	10	0.8	0	1.0	f82r:-0.416667:1	f82r:0.000000:0	f82:0.000000:0	1	1		NOT_EVALUATED_POSTSELECTED_JOINT	NO_UNCERTAIN_ROWS	ONE_INFORMATIVE_ARRAY;ONE_POSITIVE_FOLIO;POSTSELECTED_COMBINATION;EDITION_ROBUSTNESS_NOT_EVALUATED;POSSIBLE_LENGTH_CONFOUND	Postselected depth-2 exploratory combination.	747
F82_TOP_VS_BOTTOM_ROW	60a62d978189	TOP_VS_BOTTOM	MEMBER_TOKEN_ZL3b:A3	MEMBER_CODE	MEMBER_TOKEN_ZL3b:A3	LIKELY_PAGE_CONFOUND	10	4	6	5	3	2	0.4166666666666667	present=5	0.4166666666666667	1	0.1245112497836531	0.1255308820838561	-6.840253402578231	210	0.5238095238095238	0.5238095238095238	1.0	1.0	10	0.7	0	1.0	f82r:0.416667:1	f82r:0.000000:0	f82:0.000000:0	1	1	0.5	ZL3b:0.416667;IT2a:0.583333;RF1b:0.333333	NO_UNCERTAIN_ROWS	ONE_INFORMATIVE_ARRAY;ONE_POSITIVE_FOLIO	primary edition=ZL3b	748
F82_TOP_VS_BOTTOM_ROW	ebefaada0749	TOP_VS_BOTTOM	(FAMILY_3GRAM:QAB)_OR_(FAMILY_1GRAM:C)	JOINT_DEPTH2		LIKELY_PAGE_CONFOUND	10	4	6	6	3	3	0.25	present=6	0.25	1	0.0464393446710155	-0.6229303509201802	-7.588714635582267	210	0.5714285714285714	0.5714285714285714	1.0	1.0	10	0.5	0	1.0	f82r:0.250000:1	f82r:0.000000:0	f82:0.000000:0	1	1		NOT_EVALUATED_POSTSELECTED_JOINT	NO_UNCERTAIN_ROWS	ONE_INFORMATIVE_ARRAY;ONE_POSITIVE_FOLIO;POSTSELECTED_COMBINATION;EDITION_ROBUSTNESS_NOT_EVALUATED	Postselected depth-2 exploratory combination.	749
F82_TOP_VS_BOTTOM_ROW	3bcf10276717	TOP_VS_BOTTOM	(FAMILY_3GRAM:QAB)_OR_(FAMILY_3GRAM:ABA)	JOINT_DEPTH2		LIKELY_PAGE_CONFOUND	10	4	6	6	3	3	0.25	present=6	0.25	1	0.0464393446710155	-0.6229303509201802	-7.588714635582267	210	0.5714285714285714	0.5714285714285714	1.0	1.0	10	0.4	0	1.0	f82r:0.250000:1	f82r:0.000000:0	f82:0.000000:0	1	1		NOT_EVALUATED_POSTSELECTED_JOINT	NO_UNCERTAIN_ROWS	ONE_INFORMATIVE_ARRAY;ONE_POSITIVE_FOLIO;POSTSELECTED_COMBINATION;EDITION_ROBUSTNESS_NOT_EVALUATED	Postselected depth-2 exploratory combination.	750
F82_TOP_VS_BOTTOM_ROW	96283d98fc17	TOP_VS_BOTTOM	(FAMILY_SUFFIX_2:BA)_OR_(FAMILY_1GRAM:C)	JOINT_DEPTH2		LIKELY_PAGE_CONFOUND	10	4	6	6	3	3	0.25	present=6	0.25	1	0.0464393446710155	-0.6229303509201802	-7.588714635582267	210	0.5714285714285714	0.5714285714285714	1.0	1.0	10	0.6	0	1.0	f82r:0.250000:1	f82r:0.000000:0	f82:0.000000:0	1	1		NOT_EVALUATED_POSTSELECTED_JOINT	NO_UNCERTAIN_ROWS	ONE_INFORMATIVE_ARRAY;ONE_POSITIVE_FOLIO;POSTSELECTED_COMBINATION;EDITION_ROBUSTNESS_NOT_EVALUATED	Postselected depth-2 exploratory combination.	751
F82_TOP_VS_BOTTOM_ROW	0f0ea6931d09	TOP_VS_BOTTOM	(MEMBER_TOKEN_IT2a:A3)_OR_(FAMILY_3GRAM:ABA)	JOINT_DEPTH2		LIKELY_PAGE_CONFOUND	10	4	6	6	3	3	0.25	present=6	0.25	1	0.0464393446710155	-0.6229303509201802	-7.588714635582267	210	0.5714285714285714	0.5714285714285714	1.0	1.0	10	0.6	0	1.0	f82r:0.250000:1	f82r:0.000000:0	f82:0.000000:0	1	1		NOT_EVALUATED_POSTSELECTED_JOINT	NO_UNCERTAIN_ROWS	ONE_INFORMATIVE_ARRAY;ONE_POSITIVE_FOLIO;POSTSELECTED_COMBINATION;EDITION_ROBUSTNESS_NOT_EVALUATED	Postselected depth-2 exploratory combination.	752
F82_TOP_VS_BOTTOM_ROW	7d8257b6a2bc	TOP_VS_BOTTOM	(MEMBER_TOKEN_IT2a:A3)_OR_(FAMILY_PREFIX_1:C)	JOINT_DEPTH2		LIKELY_PAGE_CONFOUND	10	4	6	6	3	3	0.25	present=6	0.25	1	0.0464393446710155	-0.6229303509201802	-7.588714635582267	210	0.5714285714285714	0.5714285714285714	1.0	1.0	10	0.4	0	1.0	f82r:0.250000:1	f82r:0.000000:0	f82:0.000000:0	1	1		NOT_EVALUATED_POSTSELECTED_JOINT	NO_UNCERTAIN_ROWS	ONE_INFORMATIVE_ARRAY;ONE_POSITIVE_FOLIO;POSTSELECTED_COMBINATION;EDITION_ROBUSTNESS_NOT_EVALUATED	Postselected depth-2 exploratory combination.	753
F82_TOP_VS_BOTTOM_ROW	eba10d49293d	TOP_VS_BOTTOM	(MEMBER_TOKEN_RF1b:A3)_OR_(FAMILY_SUFFIX_1:A)	JOINT_DEPTH2		LIKELY_PAGE_CONFOUND	10	4	6	6	3	3	0.25	present=6	0.25	1	0.0464393446710155	-0.6229303509201802	-7.588714635582267	210	0.5714285714285714	0.5714285714285714	1.0	1.0	10	0.6	0	1.0	f82r:0.250000:1	f82r:0.000000:0	f82:0.000000:0	1	1		NOT_EVALUATED_POSTSELECTED_JOINT	NO_UNCERTAIN_ROWS	ONE_INFORMATIVE_ARRAY;ONE_POSITIVE_FOLIO;POSTSELECTED_COMBINATION;EDITION_ROBUSTNESS_NOT_EVALUATED	Postselected depth-2 exploratory combination.	754
F82_TOP_VS_BOTTOM_ROW	53ae6b9ae8d8	TOP_VS_BOTTOM	(MEMBER_TOKEN_ZL3b:A3)_OR_(FAMILY_PREFIX_2:AB)	JOINT_DEPTH2		LIKELY_PAGE_CONFOUND	10	4	6	6	3	3	0.25	present=6	0.25	1	0.0464393446710155	-0.6229303509201802	-7.588714635582267	210	0.5714285714285714	0.5714285714285714	1.0	1.0	10	0.6	0	1.0	f82r:0.250000:1	f82r:0.000000:0	f82:0.000000:0	1	1		NOT_EVALUATED_POSTSELECTED_JOINT	NO_UNCERTAIN_ROWS	ONE_INFORMATIVE_ARRAY;ONE_POSITIVE_FOLIO;POSTSELECTED_COMBINATION;EDITION_ROBUSTNESS_NOT_EVALUATED	Postselected depth-2 exploratory combination.	755
F82_TOP_VS_BOTTOM_ROW	3e752e09f0c0	TOP_VS_BOTTOM	(MEMBER_TOKEN_ZL3b:A3)_OR_(FAMILY_SUFFIX_2:BA)	JOINT_DEPTH2		LIKELY_PAGE_CONFOUND	10	4	6	6	3	3	0.25	present=6	0.25	1	0.0464393446710155	-0.6229303509201802	-7.588714635582267	210	0.5714285714285714	0.5714285714285714	1.0	1.0	10	0.6	0	1.0	f82r:0.250000:1	f82r:0.000000:0	f82:0.000000:0	1	1		NOT_EVALUATED_POSTSELECTED_JOINT	NO_UNCERTAIN_ROWS	ONE_INFORMATIVE_ARRAY;ONE_POSITIVE_FOLIO;POSTSELECTED_COMBINATION;EDITION_ROBUSTNESS_NOT_EVALUATED	Postselected depth-2 exploratory combination.	756
F82_TOP_VS_BOTTOM_ROW	ef9ef964e52c	TOP_VS_BOTTOM	(MEMBER_TOKEN_ZL3b:A3)_OR_(MEMBER_TOKEN_ZL3b:B1)	JOINT_DEPTH2		LIKELY_PAGE_CONFOUND	10	4	6	6	3	3	0.25	present=6	0.25	1	0.0464393446710155	-0.6229303509201802	-7.588714635582267	210	0.5714285714285714	0.5714285714285714	1.0	1.0	10	0.8	0	1.0	f82r:0.250000:1	f82r:0.000000:0	f82:0.000000:0	1	1		NOT_EVALUATED_POSTSELECTED_JOINT	NO_UNCERTAIN_ROWS	ONE_INFORMATIVE_ARRAY;ONE_POSITIVE_FOLIO;POSTSELECTED_COMBINATION;EDITION_ROBUSTNESS_NOT_EVALUATED	Postselected depth-2 exploratory combination.	757
F82_TOP_VS_BOTTOM_ROW	aa83bbd0217a	TOP_VS_BOTTOM	FAMILY_1GRAM:C	FAMILY_COMPONENT	FAMILY_1GRAM:C	LIKELY_PAGE_CONFOUND	10	4	6	4	1	3	-0.25	present=4	-0.25	1	0.0464393446710155	-0.6229303509201802	-7.588714635582267	210	0.5714285714285714	0.5714285714285714	1.0	1.0	10	0.4	0	1.0	f82r:-0.250000:1	f82r:0.000000:0	f82:0.000000:0	1	1	1.0	ZL3b:-0.250000;IT2a:-0.250000;RF1b:-0.250000	NO_UNCERTAIN_ROWS	ONE_INFORMATIVE_ARRAY;ONE_POSITIVE_FOLIO		758
F82_TOP_VS_BOTTOM_ROW	ee58a475c131	TOP_VS_BOTTOM	FAMILY_3GRAM:ABA	FAMILY_COMPONENT	FAMILY_3GRAM:ABA	LIKELY_PAGE_CONFOUND	10	4	6	4	1	3	-0.25	present=4	-0.25	1	0.0464393446710155	-0.6229303509201802	-7.588714635582267	210	0.5714285714285714	0.5714285714285714	1.0	1.0	10	0.7	0	1.0	f82r:-0.250000:1	f82r:0.000000:0	f82:0.000000:0	1	1	1.0	ZL3b:-0.250000;IT2a:-0.250000;RF1b:-0.250000	NO_UNCERTAIN_ROWS	ONE_INFORMATIVE_ARRAY;ONE_POSITIVE_FOLIO;POSSIBLE_LENGTH_CONFOUND		759
F82_TOP_VS_BOTTOM_ROW	ada724a40cdf	TOP_VS_BOTTOM	(FAMILY_1GRAM:C)_OR_(FAMILY_SUFFIX_1:A)	JOINT_DEPTH2		LIKELY_PAGE_CONFOUND	10	4	6	7	3	4	0.08333333333333337	present=7	0.08333333333333337	1	0.005802149014345729	-0.9448584458075384	-7.910642730469625	210	1.0	1.0	1.0	1.0	10	1.0	0	1.0	f82r:0.083333:1	f82r:0.000000:0	f82:0.000000:0	1	1		NOT_EVALUATED_POSTSELECTED_JOINT	NO_UNCERTAIN_ROWS	ONE_INFORMATIVE_ARRAY;ONE_POSITIVE_FOLIO;POSTSELECTED_COMBINATION;EDITION_ROBUSTNESS_NOT_EVALUATED	Postselected depth-2 exploratory combination.	760
F82_TOP_VS_BOTTOM_ROW	4d0b439a457b	TOP_VS_BOTTOM	(FAMILY_1GRAM:Q)_AND_(FAMILY_1GRAM:C)	JOINT_DEPTH2		LIKELY_PAGE_CONFOUND	10	4	6	3	1	2	-0.08333333333333331	present=3	-0.08333333333333331	1	0.005802149014345729	-0.9448584458075384	-7.910642730469625	210	1.0	1.0	1.0	1.0	10	1.0	0	1.0	f82r:-0.083333:1	f82r:0.000000:0	f82:0.000000:0	1	1		NOT_EVALUATED_POSTSELECTED_JOINT	NO_UNCERTAIN_ROWS	ONE_INFORMATIVE_ARRAY;ONE_POSITIVE_FOLIO;POSTSELECTED_COMBINATION;EDITION_ROBUSTNESS_NOT_EVALUATED	Postselected depth-2 exploratory combination.	761
F82_TOP_VS_BOTTOM_ROW	66e150bd9be4	TOP_VS_BOTTOM	(FAMILY_1GRAM:Q)_AND_(SYMBOL_COUNT_GE:5)	JOINT_DEPTH2		LIKELY_PAGE_CONFOUND	10	4	6	5	2	3	0.0	present=5	0.0	1	0.0	-1.0968615392525916	-8.062645823914679	210	1.0	1.0	1.0	1.0	10	1.0	0	1.0	f82r:0.000000:1	f82r:0.000000:0	f82:0.000000:0	1	1		NOT_EVALUATED_POSTSELECTED_JOINT	NO_UNCERTAIN_ROWS	ONE_INFORMATIVE_ARRAY;ONE_POSITIVE_FOLIO;POSTSELECTED_COMBINATION;EDITION_ROBUSTNESS_NOT_EVALUATED;POSSIBLE_LENGTH_CONFOUND	Postselected depth-2 exploratory combination.	762
F82_TOP_VS_BOTTOM_ROW	f30bf7dc1acf	TOP_VS_BOTTOM	(FAMILY_2GRAM:QA)_AND_(FAMILY_1GRAM:C)	JOINT_DEPTH2		LIKELY_PAGE_CONFOUND	10	4	6	2	1	1	0.08333333333333334	present=2	0.08333333333333334	1	0.0074033921146967226	-0.7749334443652263	-7.740717729027313	210	1.0	1.0	1.0	1.0	10	1.0	0	1.0	f82r:0.083333:1	f82r:0.000000:0	f82:0.000000:0	1	1		NOT_EVALUATED_POSTSELECTED_JOINT	NO_UNCERTAIN_ROWS	ONE_INFORMATIVE_ARRAY;ONE_POSITIVE_FOLIO;POSTSELECTED_COMBINATION;EDITION_ROBUSTNESS_NOT_EVALUATED	Postselected depth-2 exploratory combination.	763
F82_TOP_VS_BOTTOM_ROW	246a94678171	TOP_VS_BOTTOM	(FAMILY_2GRAM:QA)_AND_(MEMBER_TOKEN_ZL3b:B2)	JOINT_DEPTH2		LIKELY_PAGE_CONFOUND	10	4	6	4	2	2	0.16666666666666669	present=4	0.16666666666666669	1	0.01997309402197498	-0.8744691179161403	-7.840253402578227	210	1.0	1.0	1.0	1.0	10	1.0	0	1.0	f82r:0.166667:1	f82r:0.000000:0	f82:0.000000:0	1	1		NOT_EVALUATED_POSTSELECTED_JOINT	NO_UNCERTAIN_ROWS	ONE_INFORMATIVE_ARRAY;ONE_POSITIVE_FOLIO;POSTSELECTED_COMBINATION;EDITION_ROBUSTNESS_NOT_EVALUATED	Postselected depth-2 exploratory combination.	764
F82_TOP_VS_BOTTOM_ROW	aea9cc12b612	TOP_VS_BOTTOM	(FAMILY_3GRAM:ABA)_OR_(FAMILY_SUFFIX_1:A)	JOINT_DEPTH2		LIKELY_PAGE_CONFOUND	10	4	6	6	2	4	-0.16666666666666663	present=6	-0.16666666666666663	1	0.019973094021974974	-0.8744691179161403	-7.840253402578227	210	1.0	1.0	1.0	1.0	10	1.0	0	1.0	f82r:-0.166667:1	f82r:0.000000:0	f82:0.000000:0	1	1		NOT_EVALUATED_POSTSELECTED_JOINT	NO_UNCERTAIN_ROWS	ONE_INFORMATIVE_ARRAY;ONE_POSITIVE_FOLIO;POSTSELECTED_COMBINATION;EDITION_ROBUSTNESS_NOT_EVALUATED;POSSIBLE_LENGTH_CONFOUND	Postselected depth-2 exploratory combination.	765
F82_TOP_VS_BOTTOM_ROW	955a20ab7476	TOP_VS_BOTTOM	(FAMILY_3GRAM:QAB)_OR_(FAMILY_PREFIX_1:C)	JOINT_DEPTH2		LIKELY_PAGE_CONFOUND	10	4	6	4	2	2	0.16666666666666669	present=4	0.16666666666666669	1	0.019973094021974974	-0.8744691179161403	-7.840253402578227	210	1.0	1.0	1.0	1.0	10	1.0	0	1.0	f82r:0.166667:1	f82r:0.000000:0	f82:0.000000:0	1	1		NOT_EVALUATED_POSTSELECTED_JOINT	NO_UNCERTAIN_ROWS	ONE_INFORMATIVE_ARRAY;ONE_POSITIVE_FOLIO;POSTSELECTED_COMBINATION;EDITION_ROBUSTNESS_NOT_EVALUATED	Postselected depth-2 exploratory combination.	766
F82_TOP_VS_BOTTOM_ROW	3b96e8228cc7	TOP_VS_BOTTOM	(FAMILY_3GRAM:QAB)_OR_(FAMILY_PREFIX_2:AB)	JOINT_DEPTH2		LIKELY_PAGE_CONFOUND	10	4	6	5	2	3	0.0	present=5	0.0	1	0.0	-1.0968615392525916	-8.062645823914679	210	1.0	1.0	1.0	1.0	10	1.0	0	1.0	f82r:0.000000:1	f82r:0.000000:0	f82:0.000000:0	1	1		NOT_EVALUATED_POSTSELECTED_JOINT	NO_UNCERTAIN_ROWS	ONE_INFORMATIVE_ARRAY;ONE_POSITIVE_FOLIO;POSTSELECTED_COMBINATION;EDITION_ROBUSTNESS_NOT_EVALUATED	Postselected depth-2 exploratory combination.	767
F82_TOP_VS_BOTTOM_ROW	1208e29a8c20	TOP_VS_BOTTOM	(FAMILY_3GRAM:QAB)_OR_(SYMBOL_COUNT_GE:5)	JOINT_DEPTH2		LIKELY_PAGE_CONFOUND	10	4	6	8	3	5	-0.08333333333333337	present=8	-0.08333333333333337	1	0.0074033921146967226	-0.7749334443652263	-7.740717729027313	210	1.0	1.0	1.0	1.0	10	1.0	0	1.0	f82r:-0.083333:1	f82r:0.000000:0	f82:0.000000:0	1	1		NOT_EVALUATED_POSTSELECTED_JOINT	NO_UNCERTAIN_ROWS	ONE_INFORMATIVE_ARRAY;ONE_POSITIVE_FOLIO;POSTSELECTED_COMBINATION;EDITION_ROBUSTNESS_NOT_EVALUATED	Postselected depth-2 exploratory combination.	768
F82_TOP_VS_BOTTOM_ROW	126f9cabca54	TOP_VS_BOTTOM	(FAMILY_PREFIX_1:A)_AND_(MEMBER_TOKEN_ZL3b:B2)	JOINT_DEPTH2		LIKELY_PAGE_CONFOUND	10	4	6	4	2	2	0.16666666666666669	present=4	0.16666666666666669	1	0.01997309402197498	-0.8744691179161403	-7.840253402578227	210	1.0	1.0	1.0	1.0	10	1.0	0	1.0	f82r:0.166667:1	f82r:0.000000:0	f82:0.000000:0	1	1		NOT_EVALUATED_POSTSELECTED_JOINT	NO_UNCERTAIN_ROWS	ONE_INFORMATIVE_ARRAY;ONE_POSITIVE_FOLIO;POSTSELECTED_COMBINATION;EDITION_ROBUSTNESS_NOT_EVALUATED	Postselected depth-2 exploratory combination.	769
F82_TOP_VS_BOTTOM_ROW	b1c110a7b7f6	TOP_VS_BOTTOM	(FAMILY_PREFIX_1:A)_AND_(SYMBOL_COUNT_GE:5)	JOINT_DEPTH2		LIKELY_PAGE_CONFOUND	10	4	6	4	2	2	0.16666666666666669	present=4	0.16666666666666669	1	0.01997309402197498	-0.8744691179161403	-7.840253402578227	210	1.0	1.0	1.0	1.0	10	1.0	0	1.0	f82r:0.166667:1	f82r:0.000000:0	f82:0.000000:0	1	1		NOT_EVALUATED_POSTSELECTED_JOINT	NO_UNCERTAIN_ROWS	ONE_INFORMATIVE_ARRAY;ONE_POSITIVE_FOLIO;POSTSELECTED_COMBINATION;EDITION_ROBUSTNESS_NOT_EVALUATED;POSSIBLE_LENGTH_CONFOUND	Postselected depth-2 exploratory combination.	770
F82_TOP_VS_BOTTOM_ROW	87efe5b989bc	TOP_VS_BOTTOM	(FAMILY_SUFFIX_2:BA)_AND_(FAMILY_3GRAM:QAB)	JOINT_DEPTH2		LIKELY_PAGE_CONFOUND	10	4	6	2	1	1	0.08333333333333334	present=2	0.08333333333333334	1	0.0074033921146967226	-0.7749334443652263	-7.740717729027313	210	1.0	1.0	1.0	1.0	10	1.0	0	1.0	f82r:0.083333:1	f82r:0.000000:0	f82:0.000000:0	1	1		NOT_EVALUATED_POSTSELECTED_JOINT	NO_UNCERTAIN_ROWS	ONE_INFORMATIVE_ARRAY;ONE_POSITIVE_FOLIO;POSTSELECTED_COMBINATION;EDITION_ROBUSTNESS_NOT_EVALUATED;POSSIBLE_LENGTH_CONFOUND	Postselected depth-2 exploratory combination.	771
F82_TOP_VS_BOTTOM_ROW	e66a4952c4c5	TOP_VS_BOTTOM	(FAMILY_SUFFIX_2:BA)_OR_(FAMILY_PREFIX_1:C)	JOINT_DEPTH2		LIKELY_PAGE_CONFOUND	10	4	6	4	2	2	0.16666666666666669	present=4	0.16666666666666669	1	0.019973094021974974	-0.8744691179161403	-7.840253402578227	210	1.0	1.0	1.0	1.0	10	1.0	0	1.0	f82r:0.166667:1	f82r:0.000000:0	f82:0.000000:0	1	1		NOT_EVALUATED_POSTSELECTED_JOINT	NO_UNCERTAIN_ROWS	ONE_INFORMATIVE_ARRAY;ONE_POSITIVE_FOLIO;POSTSELECTED_COMBINATION;EDITION_ROBUSTNESS_NOT_EVALUATED;POSSIBLE_LENGTH_CONFOUND	Postselected depth-2 exploratory combination.	772
F82_TOP_VS_BOTTOM_ROW	b8965481e793	TOP_VS_BOTTOM	(FAMILY_SUFFIX_2:BA)_OR_(FAMILY_PREFIX_2:AB)	JOINT_DEPTH2		LIKELY_PAGE_CONFOUND	10	4	6	5	2	3	0.0	present=5	0.0	1	0.0	-1.0968615392525916	-8.062645823914679	210	1.0	1.0	1.0	1.0	10	1.0	0	1.0	f82r:0.000000:1	f82r:0.000000:0	f82:0.000000:0	1	1		NOT_EVALUATED_POSTSELECTED_JOINT	NO_UNCERTAIN_ROWS	ONE_INFORMATIVE_ARRAY;ONE_POSITIVE_FOLIO;POSTSELECTED_COMBINATION;EDITION_ROBUSTNESS_NOT_EVALUATED;POSSIBLE_LENGTH_CONFOUND	Postselected depth-2 exploratory combination.	773
F82_TOP_VS_BOTTOM_ROW	a42293b01f4b	TOP_VS_BOTTOM	(FAMILY_SUFFIX_2:BA)_OR_(MEMBER_TOKEN_ZL3b:B1)	JOINT_DEPTH2		LIKELY_PAGE_CONFOUND	10	4	6	4	2	2	0.16666666666666669	present=4	0.16666666666666669	1	0.01997309402197498	-0.8744691179161403	-7.840253402578227	210	1.0	1.0	1.0	1.0	10	1.0	0	1.0	f82r:0.166667:1	f82r:0.000000:0	f82:0.000000:0	1	1		NOT_EVALUATED_POSTSELECTED_JOINT	NO_UNCERTAIN_ROWS	ONE_INFORMATIVE_ARRAY;ONE_POSITIVE_FOLIO;POSTSELECTED_COMBINATION;EDITION_ROBUSTNESS_NOT_EVALUATED;POSSIBLE_LENGTH_CONFOUND	Postselected depth-2 exploratory combination.	774
F82_TOP_VS_BOTTOM_ROW	e815fbbb6693	TOP_VS_BOTTOM	(MEMBER_TOKEN_IT2a:A3)_AND_(FAMILY_3GRAM:ABA)	JOINT_DEPTH2		LIKELY_PAGE_CONFOUND	10	4	6	2	1	1	0.08333333333333334	present=2	0.08333333333333334	1	0.0074033921146967226	-0.7749334443652263	-7.740717729027313	210	1.0	1.0	1.0	1.0	10	1.0	0	1.0	f82r:0.083333:1	f82r:0.000000:0	f82:0.000000:0	1	1		NOT_EVALUATED_POSTSELECTED_JOINT	NO_UNCERTAIN_ROWS	ONE_INFORMATIVE_ARRAY;ONE_POSITIVE_FOLIO;POSTSELECTED_COMBINATION;EDITION_ROBUSTNESS_NOT_EVALUATED;POSSIBLE_LENGTH_CONFOUND	Postselected depth-2 exploratory combination.	775
F82_TOP_VS_BOTTOM_ROW	f7b28da6022b	TOP_VS_BOTTOM	(MEMBER_TOKEN_IT2a:A3)_AND_(MEMBER_TOKEN_ZL3b:B2)	JOINT_DEPTH2		LIKELY_PAGE_CONFOUND	10	4	6	2	1	1	0.08333333333333334	present=2	0.08333333333333334	1	0.0074033921146967226	-0.7749334443652263	-7.740717729027313	210	1.0	1.0	1.0	1.0	10	1.0	0	1.0	f82r:0.083333:1	f82r:0.000000:0	f82:0.000000:0	1	1		NOT_EVALUATED_POSTSELECTED_JOINT	NO_UNCERTAIN_ROWS	ONE_INFORMATIVE_ARRAY;ONE_POSITIVE_FOLIO;POSTSELECTED_COMBINATION;EDITION_ROBUSTNESS_NOT_EVALUATED	Postselected depth-2 exploratory combination.	776
F82_TOP_VS_BOTTOM_ROW	3315b628d7c2	TOP_VS_BOTTOM	(MEMBER_TOKEN_IT2a:A3)_OR_(FAMILY_1GRAM:C)	JOINT_DEPTH2		LIKELY_PAGE_CONFOUND	10	4	6	7	3	4	0.08333333333333337	present=7	0.08333333333333337	1	0.005802149014345729	-0.9448584458075384	-7.910642730469625	210	1.0	1.0	1.0	1.0	10	1.0	0	1.0	f82r:0.083333:1	f82r:0.000000:0	f82:0.000000:0	1	1		NOT_EVALUATED_POSTSELECTED_JOINT	NO_UNCERTAIN_ROWS	ONE_INFORMATIVE_ARRAY;ONE_POSITIVE_FOLIO;POSTSELECTED_COMBINATION;EDITION_ROBUSTNESS_NOT_EVALUATED	Postselected depth-2 exploratory combination.	777
F82_TOP_VS_BOTTOM_ROW	020381078525	TOP_VS_BOTTOM	(MEMBER_TOKEN_RF1b:A3)_OR_(FAMILY_3GRAM:ABA)	JOINT_DEPTH2		LIKELY_PAGE_CONFOUND	10	4	6	5	2	3	0.0	present=5	0.0	1	0.0	-1.0968615392525916	-8.062645823914679	210	1.0	1.0	1.0	1.0	10	1.0	0	1.0	f82r:0.000000:1	f82r:0.000000:0	f82:0.000000:0	1	1		NOT_EVALUATED_POSTSELECTED_JOINT	NO_UNCERTAIN_ROWS	ONE_INFORMATIVE_ARRAY;ONE_POSITIVE_FOLIO;POSTSELECTED_COMBINATION;EDITION_ROBUSTNESS_NOT_EVALUATED	Postselected depth-2 exploratory combination.	778
F82_TOP_VS_BOTTOM_ROW	93074009be72	TOP_VS_BOTTOM	(MEMBER_TOKEN_RF1b:A3)_OR_(FAMILY_PREFIX_1:C)	JOINT_DEPTH2		LIKELY_PAGE_CONFOUND	10	4	6	5	2	3	0.0	present=5	0.0	1	0.0	-1.0968615392525916	-8.062645823914679	210	1.0	1.0	1.0	1.0	10	1.0	0	1.0	f82r:0.000000:1	f82r:0.000000:0	f82:0.000000:0	1	1		NOT_EVALUATED_POSTSELECTED_JOINT	NO_UNCERTAIN_ROWS	ONE_INFORMATIVE_ARRAY;ONE_POSITIVE_FOLIO;POSTSELECTED_COMBINATION;EDITION_ROBUSTNESS_NOT_EVALUATED	Postselected depth-2 exploratory combination.	779
F82_TOP_VS_BOTTOM_ROW	1d3f4be0f75c	TOP_VS_BOTTOM	(MEMBER_TOKEN_RF1b:A3)_OR_(FAMILY_PREFIX_2:AB)	JOINT_DEPTH2		LIKELY_PAGE_CONFOUND	10	4	6	4	2	2	0.16666666666666669	present=4	0.16666666666666669	1	0.01997309402197498	-0.8744691179161403	-7.840253402578227	210	1.0	1.0	1.0	1.0	10	1.0	0	1.0	f82r:0.166667:1	f82r:0.000000:0	f82:0.000000:0	1	1		NOT_EVALUATED_POSTSELECTED_JOINT	NO_UNCERTAIN_ROWS	ONE_INFORMATIVE_ARRAY;ONE_POSITIVE_FOLIO;POSTSELECTED_COMBINATION;EDITION_ROBUSTNESS_NOT_EVALUATED	Postselected depth-2 exploratory combination.	780
F82_TOP_VS_BOTTOM_ROW	5be97b1419a2	TOP_VS_BOTTOM	(MEMBER_TOKEN_ZL3b:A3)_OR_(FAMILY_2GRAM:AB)	JOINT_DEPTH2		LIKELY_PAGE_CONFOUND	10	4	6	8	3	5	-0.08333333333333337	present=8	-0.08333333333333337	1	0.0074033921146967226	-0.7749334443652263	-7.740717729027313	210	1.0	1.0	1.0	1.0	10	1.0	0	1.0	f82r:-0.083333:1	f82r:0.000000:0	f82:0.000000:0	1	1		NOT_EVALUATED_POSTSELECTED_JOINT	NO_UNCERTAIN_ROWS	ONE_INFORMATIVE_ARRAY;ONE_POSITIVE_FOLIO;POSTSELECTED_COMBINATION;EDITION_ROBUSTNESS_NOT_EVALUATED	Postselected depth-2 exploratory combination.	781
F82_TOP_VS_BOTTOM_ROW	edb4750bc86c	TOP_VS_BOTTOM	(MEMBER_TOKEN_ZL3b:A3)_OR_(FAMILY_3GRAM:ABA)	JOINT_DEPTH2		LIKELY_PAGE_CONFOUND	10	4	6	7	3	4	0.08333333333333337	present=7	0.08333333333333337	1	0.0058021490143457255	-0.9448584458075384	-7.910642730469625	210	1.0	1.0	1.0	1.0	10	1.0	0	1.0	f82r:0.083333:1	f82r:0.000000:0	f82:0.000000:0	1	1		NOT_EVALUATED_POSTSELECTED_JOINT	NO_UNCERTAIN_ROWS	ONE_INFORMATIVE_ARRAY;ONE_POSITIVE_FOLIO;POSTSELECTED_COMBINATION;EDITION_ROBUSTNESS_NOT_EVALUATED	Postselected depth-2 exploratory combination.	782
F82_TOP_VS_BOTTOM_ROW	2c69e2165dac	TOP_VS_BOTTOM	(MEMBER_TOKEN_ZL3b:A3)_OR_(FAMILY_PREFIX_1:C)	JOINT_DEPTH2		LIKELY_PAGE_CONFOUND	10	4	6	7	3	4	0.08333333333333337	present=7	0.08333333333333337	1	0.005802149014345729	-0.9448584458075384	-7.910642730469625	210	1.0	1.0	1.0	1.0	10	1.0	0	1.0	f82r:0.083333:1	f82r:0.000000:0	f82:0.000000:0	1	1		NOT_EVALUATED_POSTSELECTED_JOINT	NO_UNCERTAIN_ROWS	ONE_INFORMATIVE_ARRAY;ONE_POSITIVE_FOLIO;POSTSELECTED_COMBINATION;EDITION_ROBUSTNESS_NOT_EVALUATED	Postselected depth-2 exploratory combination.	783
F82_TOP_VS_BOTTOM_ROW	ad4230f64911	TOP_VS_BOTTOM	(MEMBER_TOKEN_ZL3b:A3)_OR_(FAMILY_SUFFIX_1:A)	JOINT_DEPTH2		LIKELY_PAGE_CONFOUND	10	4	6	7	3	4	0.08333333333333337	present=7	0.08333333333333337	1	0.0058021490143457255	-0.9448584458075384	-7.910642730469625	210	1.0	1.0	1.0	1.0	10	1.0	0	1.0	f82r:0.083333:1	f82r:0.000000:0	f82:0.000000:0	1	1		NOT_EVALUATED_POSTSELECTED_JOINT	NO_UNCERTAIN_ROWS	ONE_INFORMATIVE_ARRAY;ONE_POSITIVE_FOLIO;POSTSELECTED_COMBINATION;EDITION_ROBUSTNESS_NOT_EVALUATED	Postselected depth-2 exploratory combination.	784
F82_TOP_VS_BOTTOM_ROW	adc0e2fa90bf	TOP_VS_BOTTOM	(MEMBER_TOKEN_ZL3b:B1)_AND_(FAMILY_3GRAM:ABA)	JOINT_DEPTH2		LIKELY_PAGE_CONFOUND	10	4	6	2	1	1	0.08333333333333334	present=2	0.08333333333333334	1	0.0074033921146967226	-0.7749334443652263	-7.740717729027313	210	1.0	1.0	1.0	1.0	10	1.0	0	1.0	f82r:0.083333:1	f82r:0.000000:0	f82:0.000000:0	1	1		NOT_EVALUATED_POSTSELECTED_JOINT	NO_UNCERTAIN_ROWS	ONE_INFORMATIVE_ARRAY;ONE_POSITIVE_FOLIO;POSTSELECTED_COMBINATION;EDITION_ROBUSTNESS_NOT_EVALUATED;POSSIBLE_LENGTH_CONFOUND	Postselected depth-2 exploratory combination.	785
F82_TOP_VS_BOTTOM_ROW	1b004627f1e6	TOP_VS_BOTTOM	(MEMBER_TOKEN_ZL3b:B1)_OR_(FAMILY_1GRAM:C)	JOINT_DEPTH2		LIKELY_PAGE_CONFOUND	10	4	6	7	3	4	0.08333333333333337	present=7	0.08333333333333337	1	0.005802149014345729	-0.9448584458075384	-7.910642730469625	210	1.0	1.0	1.0	1.0	10	1.0	0	1.0	f82r:0.083333:1	f82r:0.000000:0	f82:0.000000:0	1	1		NOT_EVALUATED_POSTSELECTED_JOINT	NO_UNCERTAIN_ROWS	ONE_INFORMATIVE_ARRAY;ONE_POSITIVE_FOLIO;POSTSELECTED_COMBINATION;EDITION_ROBUSTNESS_NOT_EVALUATED	Postselected depth-2 exploratory combination.	786
F82_TOP_VS_BOTTOM_ROW	492d0616a37e	TOP_VS_BOTTOM	(MEMBER_TOKEN_ZL3b:B1)_OR_(FAMILY_PREFIX_1:C)	JOINT_DEPTH2		LIKELY_PAGE_CONFOUND	10	4	6	5	2	3	0.0	present=5	0.0	1	0.0	-1.0968615392525916	-8.062645823914679	210	1.0	1.0	1.0	1.0	10	1.0	0	1.0	f82r:0.000000:1	f82r:0.000000:0	f82:0.000000:0	1	1		NOT_EVALUATED_POSTSELECTED_JOINT	NO_UNCERTAIN_ROWS	ONE_INFORMATIVE_ARRAY;ONE_POSITIVE_FOLIO;POSTSELECTED_COMBINATION;EDITION_ROBUSTNESS_NOT_EVALUATED;POSSIBLE_LENGTH_CONFOUND	Postselected depth-2 exploratory combination.	787
F82_TOP_VS_BOTTOM_ROW	d6c9d35e9833	TOP_VS_BOTTOM	(MEMBER_TOKEN_ZL3b:B1)_OR_(FAMILY_PREFIX_2:AB)	JOINT_DEPTH2		LIKELY_PAGE_CONFOUND	10	4	6	5	2	3	0.0	present=5	0.0	1	0.0	-1.0968615392525916	-8.062645823914679	210	1.0	1.0	1.0	1.0	10	1.0	0	1.0	f82r:0.000000:1	f82r:0.000000:0	f82:0.000000:0	1	1		NOT_EVALUATED_POSTSELECTED_JOINT	NO_UNCERTAIN_ROWS	ONE_INFORMATIVE_ARRAY;ONE_POSITIVE_FOLIO;POSTSELECTED_COMBINATION;EDITION_ROBUSTNESS_NOT_EVALUATED;POSSIBLE_LENGTH_CONFOUND	Postselected depth-2 exploratory combination.	788
F82_TOP_VS_BOTTOM_ROW	3f7e9c0ec3e2	TOP_VS_BOTTOM	(MEMBER_TOKEN_ZL3b:B2)_AND_(FAMILY_2GRAM:AB)	JOINT_DEPTH2		LIKELY_PAGE_CONFOUND	10	4	6	6	2	4	-0.16666666666666663	present=6	-0.16666666666666663	1	0.019973094021974974	-0.8744691179161403	-7.840253402578227	210	1.0	1.0	1.0	1.0	10	1.0	0	1.0	f82r:-0.166667:1	f82r:0.000000:0	f82:0.000000:0	1	1		NOT_EVALUATED_POSTSELECTED_JOINT	NO_UNCERTAIN_ROWS	ONE_INFORMATIVE_ARRAY;ONE_POSITIVE_FOLIO;POSTSELECTED_COMBINATION;EDITION_ROBUSTNESS_NOT_EVALUATED	Postselected depth-2 exploratory combination.	789
F82_TOP_VS_BOTTOM_ROW	14c062fc8a79	TOP_VS_BOTTOM	(MEMBER_TOKEN_ZL3b:B2)_AND_(FAMILY_SUFFIX_1:A)	JOINT_DEPTH2		LIKELY_PAGE_CONFOUND	10	4	6	3	1	2	-0.08333333333333331	present=3	-0.08333333333333331	1	0.005802149014345729	-0.9448584458075384	-7.910642730469625	210	1.0	1.0	1.0	1.0	10	1.0	0	1.0	f82r:-0.083333:1	f82r:0.000000:0	f82:0.000000:0	1	1		NOT_EVALUATED_POSTSELECTED_JOINT	NO_UNCERTAIN_ROWS	ONE_INFORMATIVE_ARRAY;ONE_POSITIVE_FOLIO;POSTSELECTED_COMBINATION;EDITION_ROBUSTNESS_NOT_EVALUATED;POSSIBLE_LENGTH_CONFOUND	Postselected depth-2 exploratory combination.	790
F82_TOP_VS_BOTTOM_ROW	bfe795fc8c70	TOP_VS_BOTTOM	(SYMBOL_COUNT_GE:5)_AND_(FAMILY_1GRAM:B)	JOINT_DEPTH2		LIKELY_PAGE_CONFOUND	10	4	6	6	2	4	-0.16666666666666663	present=6	-0.16666666666666663	1	0.01997309402197498	-0.8744691179161403	-7.840253402578227	210	1.0	1.0	1.0	1.0	10	1.0	0	1.0	f82r:-0.166667:1	f82r:0.000000:0	f82:0.000000:0	1	1		NOT_EVALUATED_POSTSELECTED_JOINT	NO_UNCERTAIN_ROWS	ONE_INFORMATIVE_ARRAY;ONE_POSITIVE_FOLIO;POSTSELECTED_COMBINATION;EDITION_ROBUSTNESS_NOT_EVALUATED;POSSIBLE_LENGTH_CONFOUND	Postselected depth-2 exploratory combination.	791
F82_TOP_VS_BOTTOM_ROW	67813a56f255	TOP_VS_BOTTOM	(SYMBOL_COUNT_GE:5)_AND_(FAMILY_2GRAM:AB)	JOINT_DEPTH2		LIKELY_PAGE_CONFOUND	10	4	6	5	2	3	0.0	present=5	0.0	1	0.0	-1.0968615392525916	-8.062645823914679	210	1.0	1.0	1.0	1.0	10	1.0	0	1.0	f82r:0.000000:1	f82r:0.000000:0	f82:0.000000:0	1	1		NOT_EVALUATED_POSTSELECTED_JOINT	NO_UNCERTAIN_ROWS	ONE_INFORMATIVE_ARRAY;ONE_POSITIVE_FOLIO;POSTSELECTED_COMBINATION;EDITION_ROBUSTNESS_NOT_EVALUATED;POSSIBLE_LENGTH_CONFOUND	Postselected depth-2 exploratory combination.	792
F82_TOP_VS_BOTTOM_ROW	4e0ea4ae66d5	TOP_VS_BOTTOM	(SYMBOL_COUNT_GE:5)_AND_(FAMILY_3GRAM:ABA)	JOINT_DEPTH2		LIKELY_PAGE_CONFOUND	10	4	6	3	1	2	-0.08333333333333331	present=3	-0.08333333333333331	1	0.005802149014345729	-0.9448584458075384	-7.910642730469625	210	1.0	1.0	1.0	1.0	10	1.0	0	1.0	f82r:-0.083333:1	f82r:0.000000:0	f82:0.000000:0	1	1		NOT_EVALUATED_POSTSELECTED_JOINT	NO_UNCERTAIN_ROWS	ONE_INFORMATIVE_ARRAY;ONE_POSITIVE_FOLIO;POSTSELECTED_COMBINATION;EDITION_ROBUSTNESS_NOT_EVALUATED;POSSIBLE_LENGTH_CONFOUND	Postselected depth-2 exploratory combination.	793
F82_TOP_VS_BOTTOM_ROW	d3686dc0f61e	TOP_VS_BOTTOM	(SYMBOL_COUNT_GE:5)_OR_(FAMILY_1GRAM:C)	JOINT_DEPTH2		LIKELY_PAGE_CONFOUND	10	4	6	8	3	5	-0.08333333333333337	present=8	-0.08333333333333337	1	0.0074033921146967226	-0.7749334443652263	-7.740717729027313	210	1.0	1.0	1.0	1.0	10	1.0	0	1.0	f82r:-0.083333:1	f82r:0.000000:0	f82:0.000000:0	1	1		NOT_EVALUATED_POSTSELECTED_JOINT	NO_UNCERTAIN_ROWS	ONE_INFORMATIVE_ARRAY;ONE_POSITIVE_FOLIO;POSTSELECTED_COMBINATION;EDITION_ROBUSTNESS_NOT_EVALUATED	Postselected depth-2 exploratory combination.	794
F82_TOP_VS_BOTTOM_ROW	9a3b197146a9	TOP_VS_BOTTOM	ALTERNATIVE_BEARING	UNCERTAINTY	ALTERNATIVE_BEARING	LIKELY_PAGE_CONFOUND	10	4	6	2	1	1	0.08333333333333334	present=2	0.08333333333333334	1	0.0074033921146967226	-0.7749334443652263	-7.740717729027313	210	1.0	1.0	1.0	1.0	10	1.0	0	1.0	f82r:0.083333:1	f82r:0.000000:0	f82:0.000000:0	1	1	1.0	ZL3b:0.083333;IT2a:0.083333;RF1b:0.083333	NO_UNCERTAIN_ROWS	ONE_INFORMATIVE_ARRAY;ONE_POSITIVE_FOLIO;POSSIBLE_LENGTH_CONFOUND		795
F82_TOP_VS_BOTTOM_ROW	653adf0fb78e	TOP_VS_BOTTOM	FAMILY_1GRAM:B	FAMILY_COMPONENT	FAMILY_1GRAM:B	LIKELY_PAGE_CONFOUND	10	4	6	8	3	5	-0.08333333333333337	present=8	-0.08333333333333337	1	0.0074033921146967226	-0.7749334443652263	-7.740717729027313	210	1.0	1.0	1.0	1.0	10	1.0	0	1.0	f82r:-0.083333:1	f82r:0.000000:0	f82:0.000000:0	1	1	1.0	ZL3b:-0.083333;IT2a:-0.083333;RF1b:-0.083333	NO_UNCERTAIN_ROWS	ONE_INFORMATIVE_ARRAY;ONE_POSITIVE_FOLIO		796
F82_TOP_VS_BOTTOM_ROW	eb43402c7388	TOP_VS_BOTTOM	FAMILY_2GRAM:AB	FAMILY_COMPONENT	FAMILY_2GRAM:AB	LIKELY_PAGE_CONFOUND	10	4	6	7	3	4	0.08333333333333337	present=7	0.08333333333333337	1	0.0058021490143457255	-0.9448584458075384	-7.910642730469625	210	1.0	1.0	1.0	1.0	10	1.0	0	1.0	f82r:0.083333:1	f82r:0.000000:0	f82:0.000000:0	1	1	1.0	ZL3b:0.083333;IT2a:0.083333;RF1b:0.083333	NO_UNCERTAIN_ROWS	ONE_INFORMATIVE_ARRAY;ONE_POSITIVE_FOLIO		797
F82_TOP_VS_BOTTOM_ROW	5ac74ab50734	TOP_VS_BOTTOM	FAMILY_2GRAM:AC	FAMILY_COMPONENT	FAMILY_2GRAM:AC;MEMBER_TOKEN_ZL3b:C1;MEMBER_TOKEN_IT2a:C1;MEMBER_TOKEN_RF1b:C1	LIKELY_PAGE_CONFOUND	10	4	6	3	1	2	-0.08333333333333331	present=3	-0.08333333333333331	1	0.0058021490143457255	-0.9448584458075384	-7.910642730469625	210	1.0	1.0	1.0	1.0	10	1.0	0	1.0	f82r:-0.083333:1	f82r:0.000000:0	f82:0.000000:0	1	1	1.0	ZL3b:-0.083333;IT2a:-0.083333;RF1b:-0.083333	NO_UNCERTAIN_ROWS	ONE_INFORMATIVE_ARRAY;ONE_POSITIVE_FOLIO		798
F82_TOP_VS_BOTTOM_ROW	a87900f098ca	TOP_VS_BOTTOM	FAMILY_2GRAM:BA	FAMILY_COMPONENT	FAMILY_2GRAM:BA	LIKELY_PAGE_CONFOUND	10	4	6	5	2	3	0.0	present=5	0.0	1	0.0	-1.0968615392525916	-8.062645823914679	210	1.0	1.0	1.0	1.0	10	1.0	0	1.0	f82r:0.000000:1	f82r:0.000000:0	f82:0.000000:0	1	1	1.0	ZL3b:0.000000;IT2a:0.000000;RF1b:0.000000	NO_UNCERTAIN_ROWS	ONE_INFORMATIVE_ARRAY;ONE_POSITIVE_FOLIO;POSSIBLE_LENGTH_CONFOUND		799
F82_TOP_VS_BOTTOM_ROW	a8cf3586dfd6	TOP_VS_BOTTOM	FAMILY_SUFFIX_1:A	FAMILY_COMPONENT	FAMILY_SUFFIX_1:A;MEMBER_TOKEN_ZL3b:A2;MEMBER_TOKEN_IT2a:A2;MEMBER_TOKEN_RF1b:A2	LIKELY_PAGE_CONFOUND	10	4	6	4	2	2	0.16666666666666669	present=4	0.16666666666666669	1	0.01997309402197498	-0.8744691179161403	-7.840253402578227	210	1.0	1.0	1.0	1.0	10	1.0	0	1.0	f82r:0.166667:1	f82r:0.000000:0	f82:0.000000:0	1	1	1.0	ZL3b:0.166667;IT2a:0.166667;RF1b:0.166667	NO_UNCERTAIN_ROWS	ONE_INFORMATIVE_ARRAY;ONE_POSITIVE_FOLIO;POSSIBLE_LENGTH_CONFOUND		800
F82_TOP_VS_BOTTOM_ROW	9964a0af9591	TOP_VS_BOTTOM	FAMILY_SUFFIX_1:B	FAMILY_COMPONENT	FAMILY_SUFFIX_1:B	LIKELY_PAGE_CONFOUND	10	4	6	3	1	2	-0.08333333333333331	present=3	-0.08333333333333331	1	0.0058021490143457255	-0.9448584458075384	-7.910642730469625	210	1.0	1.0	1.0	1.0	10	1.0	0	1.0	f82r:-0.083333:1	f82r:0.000000:0	f82:0.000000:0	1	1	1.0	ZL3b:-0.083333;IT2a:-0.083333;RF1b:-0.083333	NO_UNCERTAIN_ROWS	ONE_INFORMATIVE_ARRAY;ONE_POSITIVE_FOLIO		801
F82_TOP_VS_BOTTOM_ROW	17a68aed126e	TOP_VS_BOTTOM	FAMILY_SUFFIX_1:C	FAMILY_COMPONENT	FAMILY_SUFFIX_1:C;FAMILY_SUFFIX_2:AC	LIKELY_PAGE_CONFOUND	10	4	6	2	1	1	0.08333333333333334	present=2	0.08333333333333334	1	0.0074033921146967226	-0.7749334443652263	-7.740717729027313	210	1.0	1.0	1.0	1.0	10	1.0	0	1.0	f82r:0.083333:1	f82r:0.000000:0	f82:0.000000:0	1	1	1.0	ZL3b:0.083333;IT2a:0.083333;RF1b:0.083333	NO_UNCERTAIN_ROWS	ONE_INFORMATIVE_ARRAY;ONE_POSITIVE_FOLIO		802
F82_TOP_VS_BOTTOM_ROW	33a6f21a4ff7	TOP_VS_BOTTOM	FAMILY_SUFFIX_2:AB	FAMILY_COMPONENT	FAMILY_SUFFIX_2:AB	LIKELY_PAGE_CONFOUND	10	4	6	2	1	1	0.08333333333333334	present=2	0.08333333333333334	1	0.0074033921146967226	-0.7749334443652263	-7.740717729027313	210	1.0	1.0	1.0	1.0	10	1.0	0	1.0	f82r:0.083333:1	f82r:0.000000:0	f82:0.000000:0	1	1	1.0	ZL3b:0.083333;IT2a:0.083333;RF1b:0.083333	NO_UNCERTAIN_ROWS	ONE_INFORMATIVE_ARRAY;ONE_POSITIVE_FOLIO		803
F82_TOP_VS_BOTTOM_ROW	6f1c9b356b57	TOP_VS_BOTTOM	FAMILY_SUFFIX_3:ABA	FAMILY_COMPONENT	FAMILY_SUFFIX_3:ABA	LIKELY_PAGE_CONFOUND	10	4	6	2	1	1	0.08333333333333334	present=2	0.08333333333333334	1	0.0074033921146967226	-0.7749334443652263	-7.740717729027313	210	1.0	1.0	1.0	1.0	10	1.0	0	1.0	f82r:0.083333:1	f82r:0.000000:0	f82:0.000000:0	1	1	1.0	ZL3b:0.083333;IT2a:0.083333;RF1b:0.083333	NO_UNCERTAIN_ROWS	ONE_INFORMATIVE_ARRAY;ONE_POSITIVE_FOLIO;POSSIBLE_LENGTH_CONFOUND		804
F82_TOP_VS_BOTTOM_ROW	61a1042f7dcf	TOP_VS_BOTTOM	MEMBER_TOKEN_RF1b:Aa	MEMBER_CODE	MEMBER_TOKEN_RF1b:Aa	LIKELY_PAGE_CONFOUND	10	4	6	2	1	1	0.08333333333333334	present=2	0.08333333333333334	1	0.0074033921146967226	-0.7749334443652263	-7.740717729027313	210	1.0	1.0	1.0	1.0	10	1.0	0	1.0	f82r:0.083333:1	f82r:0.000000:0	f82:0.000000:0	1	1	0.0	ZL3b:0.000000;IT2a:0.000000;RF1b:0.083333	NO_UNCERTAIN_ROWS	ONE_INFORMATIVE_ARRAY;ONE_POSITIVE_FOLIO	primary edition=RF1b	805
F82_TOP_VS_BOTTOM_ROW	7683087820fa	TOP_VS_BOTTOM	MEMBER_TOKEN_RF1b:B1	MEMBER_CODE	MEMBER_TOKEN_RF1b:B1	LIKELY_PAGE_CONFOUND	10	4	6	2	1	1	0.08333333333333334	present=2	0.08333333333333334	1	0.0074033921146967226	-0.7749334443652263	-7.740717729027313	210	1.0	1.0	1.0	1.0	10	1.0	0	1.0	f82r:0.083333:1	f82r:0.000000:0	f82:0.000000:0	1	1	0.6666666666666666	ZL3b:0.333333;IT2a:0.333333;RF1b:0.083333	NO_UNCERTAIN_ROWS	ONE_INFORMATIVE_ARRAY;ONE_POSITIVE_FOLIO;POSSIBLE_LENGTH_CONFOUND	primary edition=RF1b	806
F82_TOP_VS_BOTTOM_ROW	e7749eae093e	TOP_VS_BOTTOM	SYMBOL_COUNT_GE:6	CONSTRUCTION	SYMBOL_COUNT_GE:6	LIKELY_PAGE_CONFOUND	10	4	6	5	2	3	0.0	present=5	0.0	1	0.0	-1.0968615392525916	-8.062645823914679	210	1.0	1.0	1.0	1.0	10	1.0	0	1.0	f82r:0.000000:1	f82r:0.000000:0	f82:0.000000:0	1	1	1.0	ZL3b:0.000000;IT2a:0.000000;RF1b:0.000000	NO_UNCERTAIN_ROWS	ONE_INFORMATIVE_ARRAY;ONE_POSITIVE_FOLIO;POSSIBLE_LENGTH_CONFOUND		807
F82_TOP_VS_BOTTOM_ROW	695d1d2eb9df	TOP_VS_BOTTOM	TOTAL_SYMBOL_COUNT	NUMERIC_CONSTRUCTION	TOTAL_SYMBOL_COUNT	LIKELY_PAGE_CONFOUND	10	4	6		5.25	5.333333333333333	-0.08333333333333304	categories=4,5,6,7	-0.08333333333333304	1	0.3709505944546687	0.6401040549136177	-6.325680229748469	210	1.0	0.42857142857142855	1.0	0.9714285714285714	10	1.0	0	1.0	f82r:-0.083333:1	f82r:0.000000:0	f82:0.000000:0	1	1	1.0	ZL3b:-0.083333;IT2a:-0.083333;RF1b:-0.083333	NO_UNCERTAIN_ROWS	ONE_INFORMATIVE_ARRAY;ONE_POSITIVE_FOLIO;FEATURE_IS_LENGTH	Numeric source-native family-symbol count.	808
