control_id	k	split	held_value	model	scored_events	bits	top1
AUGSBURG_ACCOUNTS_1402_1424	4	HELD_PHYSICAL_FOLIO	F:AUGSBURG_ACCOUNTS_1402_1424:F00	POSITION_CONTEXT	320	97.627667509074	300
AUGSBURG_ACCOUNTS_1402_1424	4	HELD_PHYSICAL_FOLIO	F:AUGSBURG_ACCOUNTS_1402_1424:F00	OTHER_POSITION_HOST_BAG	320	105.932565091109	300
AUGSBURG_ACCOUNTS_1402_1424	4	HELD_PHYSICAL_FOLIO	F:AUGSBURG_ACCOUNTS_1402_1424:F00	LATENT_HOST_CLASS	320	117.495281721997	300
AUGSBURG_ACCOUNTS_1402_1424	4	HELD_PHYSICAL_FOLIO	F:AUGSBURG_ACCOUNTS_1402_1424:F01	POSITION_CONTEXT	287	84.035541328961	274
AUGSBURG_ACCOUNTS_1402_1424	4	HELD_PHYSICAL_FOLIO	F:AUGSBURG_ACCOUNTS_1402_1424:F01	OTHER_POSITION_HOST_BAG	287	77.132277472693	274
AUGSBURG_ACCOUNTS_1402_1424	4	HELD_PHYSICAL_FOLIO	F:AUGSBURG_ACCOUNTS_1402_1424:F01	LATENT_HOST_CLASS	287	98.627805181731	274
AUGSBURG_ACCOUNTS_1402_1424	4	HELD_PHYSICAL_FOLIO	F:AUGSBURG_ACCOUNTS_1402_1424:F02	POSITION_CONTEXT	305	112.022899361181	285
AUGSBURG_ACCOUNTS_1402_1424	4	HELD_PHYSICAL_FOLIO	F:AUGSBURG_ACCOUNTS_1402_1424:F02	OTHER_POSITION_HOST_BAG	305	117.464691909120	285
AUGSBURG_ACCOUNTS_1402_1424	4	HELD_PHYSICAL_FOLIO	F:AUGSBURG_ACCOUNTS_1402_1424:F02	LATENT_HOST_CLASS	305	135.340171191715	285
AUGSBURG_ACCOUNTS_1402_1424	4	HELD_PHYSICAL_FOLIO	F:AUGSBURG_ACCOUNTS_1402_1424:F03	POSITION_CONTEXT	258	80.840607784693	242
AUGSBURG_ACCOUNTS_1402_1424	4	HELD_PHYSICAL_FOLIO	F:AUGSBURG_ACCOUNTS_1402_1424:F03	OTHER_POSITION_HOST_BAG	258	88.200112549830	242
AUGSBURG_ACCOUNTS_1402_1424	4	HELD_PHYSICAL_FOLIO	F:AUGSBURG_ACCOUNTS_1402_1424:F03	LATENT_HOST_CLASS	258	102.954068571909	242
AUGSBURG_ACCOUNTS_1402_1424	4	HELD_PHYSICAL_FOLIO	F:AUGSBURG_ACCOUNTS_1402_1424:F04	POSITION_CONTEXT	354	104.055533775447	335
AUGSBURG_ACCOUNTS_1402_1424	4	HELD_PHYSICAL_FOLIO	F:AUGSBURG_ACCOUNTS_1402_1424:F04	OTHER_POSITION_HOST_BAG	354	107.579900027276	335
AUGSBURG_ACCOUNTS_1402_1424	4	HELD_PHYSICAL_FOLIO	F:AUGSBURG_ACCOUNTS_1402_1424:F04	LATENT_HOST_CLASS	354	130.456317761122	335
AUGSBURG_ACCOUNTS_1402_1424	4	HELD_PHYSICAL_FOLIO	F:AUGSBURG_ACCOUNTS_1402_1424:F05	POSITION_CONTEXT	344	81.020894133111	329
AUGSBURG_ACCOUNTS_1402_1424	4	HELD_PHYSICAL_FOLIO	F:AUGSBURG_ACCOUNTS_1402_1424:F05	OTHER_POSITION_HOST_BAG	344	79.265397581911	329
AUGSBURG_ACCOUNTS_1402_1424	4	HELD_PHYSICAL_FOLIO	F:AUGSBURG_ACCOUNTS_1402_1424:F05	LATENT_HOST_CLASS	344	100.280222201680	329
AUGSBURG_ACCOUNTS_1402_1424	4	HELD_PHYSICAL_FOLIO	F:AUGSBURG_ACCOUNTS_1402_1424:F06	POSITION_CONTEXT	287	45.434280556044	280
AUGSBURG_ACCOUNTS_1402_1424	4	HELD_PHYSICAL_FOLIO	F:AUGSBURG_ACCOUNTS_1402_1424:F06	OTHER_POSITION_HOST_BAG	287	46.340605738078	280
AUGSBURG_ACCOUNTS_1402_1424	4	HELD_PHYSICAL_FOLIO	F:AUGSBURG_ACCOUNTS_1402_1424:F06	LATENT_HOST_CLASS	287	60.732188082677	280
AUGSBURG_ACCOUNTS_1402_1424	4	HELD_PHYSICAL_FOLIO	F:AUGSBURG_ACCOUNTS_1402_1424:F07	POSITION_CONTEXT	375	110.092084313274	357
AUGSBURG_ACCOUNTS_1402_1424	4	HELD_PHYSICAL_FOLIO	F:AUGSBURG_ACCOUNTS_1402_1424:F07	OTHER_POSITION_HOST_BAG	375	109.642855915154	357
AUGSBURG_ACCOUNTS_1402_1424	4	HELD_PHYSICAL_FOLIO	F:AUGSBURG_ACCOUNTS_1402_1424:F07	LATENT_HOST_CLASS	375	131.885135558432	357
AUGSBURG_ACCOUNTS_1402_1424	4	HELD_PHYSICAL_FOLIO	F:AUGSBURG_ACCOUNTS_1402_1424:F08	POSITION_CONTEXT	438	122.178832752940	411
AUGSBURG_ACCOUNTS_1402_1424	4	HELD_PHYSICAL_FOLIO	F:AUGSBURG_ACCOUNTS_1402_1424:F08	OTHER_POSITION_HOST_BAG	438	145.070062719636	411
AUGSBURG_ACCOUNTS_1402_1424	4	HELD_PHYSICAL_FOLIO	F:AUGSBURG_ACCOUNTS_1402_1424:F08	LATENT_HOST_CLASS	438	166.396523520562	411
AUGSBURG_ACCOUNTS_1402_1424	4	HELD_PHYSICAL_FOLIO	F:AUGSBURG_ACCOUNTS_1402_1424:F09	POSITION_CONTEXT	396	111.457169790535	376
AUGSBURG_ACCOUNTS_1402_1424	4	HELD_PHYSICAL_FOLIO	F:AUGSBURG_ACCOUNTS_1402_1424:F09	OTHER_POSITION_HOST_BAG	396	112.040515875166	376
AUGSBURG_ACCOUNTS_1402_1424	4	HELD_PHYSICAL_FOLIO	F:AUGSBURG_ACCOUNTS_1402_1424:F09	LATENT_HOST_CLASS	396	130.980742626680	376
AUGSBURG_ACCOUNTS_1402_1424	4	HELD_PHYSICAL_FOLIO	F:AUGSBURG_ACCOUNTS_1402_1424:F10	POSITION_CONTEXT	328	123.653676893504	302
AUGSBURG_ACCOUNTS_1402_1424	4	HELD_PHYSICAL_FOLIO	F:AUGSBURG_ACCOUNTS_1402_1424:F10	OTHER_POSITION_HOST_BAG	328	139.808968278030	302
AUGSBURG_ACCOUNTS_1402_1424	4	HELD_PHYSICAL_FOLIO	F:AUGSBURG_ACCOUNTS_1402_1424:F10	LATENT_HOST_CLASS	328	157.144277038646	302
AUGSBURG_ACCOUNTS_1402_1424	4	HELD_PHYSICAL_FOLIO	F:AUGSBURG_ACCOUNTS_1402_1424:F11	POSITION_CONTEXT	272	62.540212973253	261
AUGSBURG_ACCOUNTS_1402_1424	4	HELD_PHYSICAL_FOLIO	F:AUGSBURG_ACCOUNTS_1402_1424:F11	OTHER_POSITION_HOST_BAG	272	62.568081741857	261
AUGSBURG_ACCOUNTS_1402_1424	4	HELD_PHYSICAL_FOLIO	F:AUGSBURG_ACCOUNTS_1402_1424:F11	LATENT_HOST_CLASS	272	79.713138067933	261
ARBITRARY_LOCAL_CODEBOOK	4	HELD_PHYSICAL_FOLIO	F:ARBITRARY_LOCAL_CODEBOOK:CONTROL_P:R1:S1:F0009	POSITION_CONTEXT	30	22.634711416322	27
ARBITRARY_LOCAL_CODEBOOK	4	HELD_PHYSICAL_FOLIO	F:ARBITRARY_LOCAL_CODEBOOK:CONTROL_P:R1:S1:F0009	OTHER_POSITION_HOST_BAG	30	16.200155884483	27
ARBITRARY_LOCAL_CODEBOOK	4	HELD_PHYSICAL_FOLIO	F:ARBITRARY_LOCAL_CODEBOOK:CONTROL_P:R1:S1:F0009	LATENT_HOST_CLASS	30	20.004312422846	27
ARBITRARY_LOCAL_CODEBOOK	4	HELD_PHYSICAL_FOLIO	F:ARBITRARY_LOCAL_CODEBOOK:CONTROL_P:R1:S1:F0010	POSITION_CONTEXT	22	31.678616790377	16
ARBITRARY_LOCAL_CODEBOOK	4	HELD_PHYSICAL_FOLIO	F:ARBITRARY_LOCAL_CODEBOOK:CONTROL_P:R1:S1:F0010	OTHER_POSITION_HOST_BAG	22	23.085619000856	16
ARBITRARY_LOCAL_CODEBOOK	4	HELD_PHYSICAL_FOLIO	F:ARBITRARY_LOCAL_CODEBOOK:CONTROL_P:R1:S1:F0010	LATENT_HOST_CLASS	22	27.013939393810	16
ARBITRARY_LOCAL_CODEBOOK	4	HELD_PHYSICAL_FOLIO	F:ARBITRARY_LOCAL_CODEBOOK:CONTROL_P:R1:S1:F0011	POSITION_CONTEXT	12	9.503277356825	10
ARBITRARY_LOCAL_CODEBOOK	4	HELD_PHYSICAL_FOLIO	F:ARBITRARY_LOCAL_CODEBOOK:CONTROL_P:R1:S1:F0011	OTHER_POSITION_HOST_BAG	12	9.837007861887	10
ARBITRARY_LOCAL_CODEBOOK	4	HELD_PHYSICAL_FOLIO	F:ARBITRARY_LOCAL_CODEBOOK:CONTROL_P:R1:S1:F0011	LATENT_HOST_CLASS	12	9.566969614586	10
ARBITRARY_LOCAL_CODEBOOK	4	HELD_PHYSICAL_FOLIO	F:ARBITRARY_LOCAL_CODEBOOK:CONTROL_P:R1:S1:F0012	POSITION_CONTEXT	9	12.883695634532	7
ARBITRARY_LOCAL_CODEBOOK	4	HELD_PHYSICAL_FOLIO	F:ARBITRARY_LOCAL_CODEBOOK:CONTROL_P:R1:S1:F0012	OTHER_POSITION_HOST_BAG	9	11.717951068502	7
ARBITRARY_LOCAL_CODEBOOK	4	HELD_PHYSICAL_FOLIO	F:ARBITRARY_LOCAL_CODEBOOK:CONTROL_P:R1:S1:F0012	LATENT_HOST_CLASS	9	11.614757496603	7
ARBITRARY_LOCAL_CODEBOOK	4	HELD_PHYSICAL_FOLIO	F:ARBITRARY_LOCAL_CODEBOOK:CONTROL_P:R1:S1:F0013	POSITION_CONTEXT	8	13.158484079997	6
ARBITRARY_LOCAL_CODEBOOK	4	HELD_PHYSICAL_FOLIO	F:ARBITRARY_LOCAL_CODEBOOK:CONTROL_P:R1:S1:F0013	OTHER_POSITION_HOST_BAG	8	13.851685357388	6
ARBITRARY_LOCAL_CODEBOOK	4	HELD_PHYSICAL_FOLIO	F:ARBITRARY_LOCAL_CODEBOOK:CONTROL_P:R1:S1:F0013	LATENT_HOST_CLASS	8	10.780116928212	6
ARBITRARY_LOCAL_CODEBOOK	4	HELD_PHYSICAL_FOLIO	F:ARBITRARY_LOCAL_CODEBOOK:CONTROL_P:R1:S1:F0014	POSITION_CONTEXT	15	19.929561989282	11
ARBITRARY_LOCAL_CODEBOOK	4	HELD_PHYSICAL_FOLIO	F:ARBITRARY_LOCAL_CODEBOOK:CONTROL_P:R1:S1:F0014	OTHER_POSITION_HOST_BAG	15	14.978600747854	11
ARBITRARY_LOCAL_CODEBOOK	4	HELD_PHYSICAL_FOLIO	F:ARBITRARY_LOCAL_CODEBOOK:CONTROL_P:R1:S1:F0014	LATENT_HOST_CLASS	15	18.801551083139	11
ARBITRARY_LOCAL_CODEBOOK	4	HELD_PHYSICAL_FOLIO	F:ARBITRARY_LOCAL_CODEBOOK:CONTROL_P:R1:S1:F0015	POSITION_CONTEXT	16	13.708374774692	13
ARBITRARY_LOCAL_CODEBOOK	4	HELD_PHYSICAL_FOLIO	F:ARBITRARY_LOCAL_CODEBOOK:CONTROL_P:R1:S1:F0015	OTHER_POSITION_HOST_BAG	16	15.465797706618	13
ARBITRARY_LOCAL_CODEBOOK	4	HELD_PHYSICAL_FOLIO	F:ARBITRARY_LOCAL_CODEBOOK:CONTROL_P:R1:S1:F0015	LATENT_HOST_CLASS	16	14.269682703001	13
ARBITRARY_LOCAL_CODEBOOK	4	HELD_PHYSICAL_FOLIO	F:ARBITRARY_LOCAL_CODEBOOK:CONTROL_P:R1:S1:F0016	POSITION_CONTEXT	12	21.001767341704	10
ARBITRARY_LOCAL_CODEBOOK	4	HELD_PHYSICAL_FOLIO	F:ARBITRARY_LOCAL_CODEBOOK:CONTROL_P:R1:S1:F0016	OTHER_POSITION_HOST_BAG	12	9.127013498683	10
ARBITRARY_LOCAL_CODEBOOK	4	HELD_PHYSICAL_FOLIO	F:ARBITRARY_LOCAL_CODEBOOK:CONTROL_P:R1:S1:F0016	LATENT_HOST_CLASS	12	15.224244345042	10
ARBITRARY_LOCAL_CODEBOOK	4	HELD_PHYSICAL_FOLIO	F:ARBITRARY_LOCAL_CODEBOOK:CONTROL_P:R1:S1:F0017	POSITION_CONTEXT	5	9.935340733509	4
ARBITRARY_LOCAL_CODEBOOK	4	HELD_PHYSICAL_FOLIO	F:ARBITRARY_LOCAL_CODEBOOK:CONTROL_P:R1:S1:F0017	OTHER_POSITION_HOST_BAG	5	5.747080725933	4
ARBITRARY_LOCAL_CODEBOOK	4	HELD_PHYSICAL_FOLIO	F:ARBITRARY_LOCAL_CODEBOOK:CONTROL_P:R1:S1:F0017	LATENT_HOST_CLASS	5	9.031732807587	4
ARBITRARY_LOCAL_CODEBOOK	4	HELD_PHYSICAL_FOLIO	F:ARBITRARY_LOCAL_CODEBOOK:CONTROL_P:R1:S1:F0018	POSITION_CONTEXT	18	19.789376015978	13
ARBITRARY_LOCAL_CODEBOOK	4	HELD_PHYSICAL_FOLIO	F:ARBITRARY_LOCAL_CODEBOOK:CONTROL_P:R1:S1:F0018	OTHER_POSITION_HOST_BAG	18	20.431745928899	13
ARBITRARY_LOCAL_CODEBOOK	4	HELD_PHYSICAL_FOLIO	F:ARBITRARY_LOCAL_CODEBOOK:CONTROL_P:R1:S1:F0018	LATENT_HOST_CLASS	18	21.222363331490	13
ARBITRARY_LOCAL_CODEBOOK	4	HELD_PHYSICAL_FOLIO	F:ARBITRARY_LOCAL_CODEBOOK:CONTROL_P:R1:S1:F0019	POSITION_CONTEXT	7	4.000434545984	6
ARBITRARY_LOCAL_CODEBOOK	4	HELD_PHYSICAL_FOLIO	F:ARBITRARY_LOCAL_CODEBOOK:CONTROL_P:R1:S1:F0019	OTHER_POSITION_HOST_BAG	7	3.612133769670	6
ARBITRARY_LOCAL_CODEBOOK	4	HELD_PHYSICAL_FOLIO	F:ARBITRARY_LOCAL_CODEBOOK:CONTROL_P:R1:S1:F0019	LATENT_HOST_CLASS	7	3.989144534239	6
ARBITRARY_LOCAL_CODEBOOK	4	HELD_PHYSICAL_FOLIO	F:ARBITRARY_LOCAL_CODEBOOK:CONTROL_P:R1:S1:F0029	POSITION_CONTEXT	17	17.179736432098	13
ARBITRARY_LOCAL_CODEBOOK	4	HELD_PHYSICAL_FOLIO	F:ARBITRARY_LOCAL_CODEBOOK:CONTROL_P:R1:S1:F0029	OTHER_POSITION_HOST_BAG	17	12.897171500117	13
ARBITRARY_LOCAL_CODEBOOK	4	HELD_PHYSICAL_FOLIO	F:ARBITRARY_LOCAL_CODEBOOK:CONTROL_P:R1:S1:F0029	LATENT_HOST_CLASS	17	15.260740164230	13
ARBITRARY_LOCAL_CODEBOOK	4	HELD_PHYSICAL_FOLIO	F:ARBITRARY_LOCAL_CODEBOOK:CONTROL_P:R1:S1:F0030	POSITION_CONTEXT	12	11.451939785398	9
ARBITRARY_LOCAL_CODEBOOK	4	HELD_PHYSICAL_FOLIO	F:ARBITRARY_LOCAL_CODEBOOK:CONTROL_P:R1:S1:F0030	OTHER_POSITION_HOST_BAG	12	9.883720847210	9
ARBITRARY_LOCAL_CODEBOOK	4	HELD_PHYSICAL_FOLIO	F:ARBITRARY_LOCAL_CODEBOOK:CONTROL_P:R1:S1:F0030	LATENT_HOST_CLASS	12	12.676755904774	9
ARBITRARY_LOCAL_CODEBOOK	4	HELD_PHYSICAL_FOLIO	F:ARBITRARY_LOCAL_CODEBOOK:CONTROL_P:R1:S1:F0031	POSITION_CONTEXT	18	23.089756348404	14
ARBITRARY_LOCAL_CODEBOOK	4	HELD_PHYSICAL_FOLIO	F:ARBITRARY_LOCAL_CODEBOOK:CONTROL_P:R1:S1:F0031	OTHER_POSITION_HOST_BAG	18	24.454996589835	14
ARBITRARY_LOCAL_CODEBOOK	4	HELD_PHYSICAL_FOLIO	F:ARBITRARY_LOCAL_CODEBOOK:CONTROL_P:R1:S1:F0031	LATENT_HOST_CLASS	18	20.622027488225	14
ARBITRARY_LOCAL_CODEBOOK	4	HELD_PHYSICAL_FOLIO	F:ARBITRARY_LOCAL_CODEBOOK:CONTROL_P:R1:S1:F0032	POSITION_CONTEXT	10	13.122077181992	7
ARBITRARY_LOCAL_CODEBOOK	4	HELD_PHYSICAL_FOLIO	F:ARBITRARY_LOCAL_CODEBOOK:CONTROL_P:R1:S1:F0032	OTHER_POSITION_HOST_BAG	10	12.470423565443	7
ARBITRARY_LOCAL_CODEBOOK	4	HELD_PHYSICAL_FOLIO	F:ARBITRARY_LOCAL_CODEBOOK:CONTROL_P:R1:S1:F0032	LATENT_HOST_CLASS	10	13.254151260770	7
ARBITRARY_LOCAL_CODEBOOK	4	HELD_PHYSICAL_FOLIO	F:ARBITRARY_LOCAL_CODEBOOK:CONTROL_P:R1:S1:F0033	POSITION_CONTEXT	1	0.143397302877	1
ARBITRARY_LOCAL_CODEBOOK	4	HELD_PHYSICAL_FOLIO	F:ARBITRARY_LOCAL_CODEBOOK:CONTROL_P:R1:S1:F0033	OTHER_POSITION_HOST_BAG	1	0.130887867057	1
ARBITRARY_LOCAL_CODEBOOK	4	HELD_PHYSICAL_FOLIO	F:ARBITRARY_LOCAL_CODEBOOK:CONTROL_P:R1:S1:F0033	LATENT_HOST_CLASS	1	0.142107875203	1
ARBITRARY_LOCAL_CODEBOOK	4	HELD_PHYSICAL_FOLIO	F:ARBITRARY_LOCAL_CODEBOOK:CONTROL_P:R1:S1:F0034	POSITION_CONTEXT	16	29.067987353469	13
ARBITRARY_LOCAL_CODEBOOK	4	HELD_PHYSICAL_FOLIO	F:ARBITRARY_LOCAL_CODEBOOK:CONTROL_P:R1:S1:F0034	OTHER_POSITION_HOST_BAG	16	29.951430582116	13
ARBITRARY_LOCAL_CODEBOOK	4	HELD_PHYSICAL_FOLIO	F:ARBITRARY_LOCAL_CODEBOOK:CONTROL_P:R1:S1:F0034	LATENT_HOST_CLASS	16	25.515600131069	13
ARBITRARY_LOCAL_CODEBOOK	4	HELD_PHYSICAL_FOLIO	F:ARBITRARY_LOCAL_CODEBOOK:CONTROL_P:R1:S1:F0035	POSITION_CONTEXT	20	20.319743336735	17
ARBITRARY_LOCAL_CODEBOOK	4	HELD_PHYSICAL_FOLIO	F:ARBITRARY_LOCAL_CODEBOOK:CONTROL_P:R1:S1:F0035	OTHER_POSITION_HOST_BAG	20	22.135440193556	17
ARBITRARY_LOCAL_CODEBOOK	4	HELD_PHYSICAL_FOLIO	F:ARBITRARY_LOCAL_CODEBOOK:CONTROL_P:R1:S1:F0035	LATENT_HOST_CLASS	20	21.405396329990	17
ARBITRARY_LOCAL_CODEBOOK	4	HELD_PHYSICAL_FOLIO	F:ARBITRARY_LOCAL_CODEBOOK:CONTROL_P:R1:S1:F0036	POSITION_CONTEXT	23	7.783073535927	22
ARBITRARY_LOCAL_CODEBOOK	4	HELD_PHYSICAL_FOLIO	F:ARBITRARY_LOCAL_CODEBOOK:CONTROL_P:R1:S1:F0036	OTHER_POSITION_HOST_BAG	23	9.498794594653	22
ARBITRARY_LOCAL_CODEBOOK	4	HELD_PHYSICAL_FOLIO	F:ARBITRARY_LOCAL_CODEBOOK:CONTROL_P:R1:S1:F0036	LATENT_HOST_CLASS	23	8.630661603654	22
ARBITRARY_LOCAL_CODEBOOK	4	HELD_PHYSICAL_FOLIO	F:ARBITRARY_LOCAL_CODEBOOK:CONTROL_P:R1:S1:F0037	POSITION_CONTEXT	22	23.636412338162	17
ARBITRARY_LOCAL_CODEBOOK	4	HELD_PHYSICAL_FOLIO	F:ARBITRARY_LOCAL_CODEBOOK:CONTROL_P:R1:S1:F0037	OTHER_POSITION_HOST_BAG	22	25.827975608807	17
ARBITRARY_LOCAL_CODEBOOK	4	HELD_PHYSICAL_FOLIO	F:ARBITRARY_LOCAL_CODEBOOK:CONTROL_P:R1:S1:F0037	LATENT_HOST_CLASS	22	28.808187720835	17
ARBITRARY_LOCAL_CODEBOOK	4	HELD_PHYSICAL_FOLIO	F:ARBITRARY_LOCAL_CODEBOOK:CONTROL_P:R1:S1:F0038	POSITION_CONTEXT	8	1.404047668319	8
ARBITRARY_LOCAL_CODEBOOK	4	HELD_PHYSICAL_FOLIO	F:ARBITRARY_LOCAL_CODEBOOK:CONTROL_P:R1:S1:F0038	OTHER_POSITION_HOST_BAG	8	1.806581525463	8
ARBITRARY_LOCAL_CODEBOOK	4	HELD_PHYSICAL_FOLIO	F:ARBITRARY_LOCAL_CODEBOOK:CONTROL_P:R1:S1:F0038	LATENT_HOST_CLASS	8	1.422994833358	8
ARBITRARY_LOCAL_CODEBOOK	4	HELD_PHYSICAL_FOLIO	F:ARBITRARY_LOCAL_CODEBOOK:CONTROL_P:R1:S1:F0039	POSITION_CONTEXT	17	35.732375897157	11
ARBITRARY_LOCAL_CODEBOOK	4	HELD_PHYSICAL_FOLIO	F:ARBITRARY_LOCAL_CODEBOOK:CONTROL_P:R1:S1:F0039	OTHER_POSITION_HOST_BAG	17	38.979483115060	11
ARBITRARY_LOCAL_CODEBOOK	4	HELD_PHYSICAL_FOLIO	F:ARBITRARY_LOCAL_CODEBOOK:CONTROL_P:R1:S1:F0039	LATENT_HOST_CLASS	17	37.862870273096	11
ARBITRARY_LOCAL_CODEBOOK	4	HELD_PHYSICAL_FOLIO	F:ARBITRARY_LOCAL_CODEBOOK:CONTROL_P:R1:S1:F0040	POSITION_CONTEXT	10	4.113127483271	9
ARBITRARY_LOCAL_CODEBOOK	4	HELD_PHYSICAL_FOLIO	F:ARBITRARY_LOCAL_CODEBOOK:CONTROL_P:R1:S1:F0040	OTHER_POSITION_HOST_BAG	10	3.416015162554	9
ARBITRARY_LOCAL_CODEBOOK	4	HELD_PHYSICAL_FOLIO	F:ARBITRARY_LOCAL_CODEBOOK:CONTROL_P:R1:S1:F0040	LATENT_HOST_CLASS	10	3.964995672571	9
ARBITRARY_LOCAL_CODEBOOK	4	HELD_PHYSICAL_FOLIO	F:ARBITRARY_LOCAL_CODEBOOK:CONTROL_P:R1:S1:F0064	POSITION_CONTEXT	25	29.617077572512	21
ARBITRARY_LOCAL_CODEBOOK	4	HELD_PHYSICAL_FOLIO	F:ARBITRARY_LOCAL_CODEBOOK:CONTROL_P:R1:S1:F0064	OTHER_POSITION_HOST_BAG	25	30.332773381132	21
ARBITRARY_LOCAL_CODEBOOK	4	HELD_PHYSICAL_FOLIO	F:ARBITRARY_LOCAL_CODEBOOK:CONTROL_P:R1:S1:F0064	LATENT_HOST_CLASS	25	25.406633204281	21
ARBITRARY_LOCAL_CODEBOOK	4	HELD_PHYSICAL_FOLIO	F:ARBITRARY_LOCAL_CODEBOOK:CONTROL_P:R1:S1:F0065	POSITION_CONTEXT	6	1.213073352359	6
ARBITRARY_LOCAL_CODEBOOK	4	HELD_PHYSICAL_FOLIO	F:ARBITRARY_LOCAL_CODEBOOK:CONTROL_P:R1:S1:F0065	OTHER_POSITION_HOST_BAG	6	1.604404600790	6
ARBITRARY_LOCAL_CODEBOOK	4	HELD_PHYSICAL_FOLIO	F:ARBITRARY_LOCAL_CODEBOOK:CONTROL_P:R1:S1:F0065	LATENT_HOST_CLASS	6	1.542216664198	6
ARBITRARY_LOCAL_CODEBOOK	4	HELD_PHYSICAL_FOLIO	F:ARBITRARY_LOCAL_CODEBOOK:CONTROL_P:R1:S1:F0066	POSITION_CONTEXT	8	3.919748132107	7
ARBITRARY_LOCAL_CODEBOOK	4	HELD_PHYSICAL_FOLIO	F:ARBITRARY_LOCAL_CODEBOOK:CONTROL_P:R1:S1:F0066	OTHER_POSITION_HOST_BAG	8	3.950764860908	7
ARBITRARY_LOCAL_CODEBOOK	4	HELD_PHYSICAL_FOLIO	F:ARBITRARY_LOCAL_CODEBOOK:CONTROL_P:R1:S1:F0066	LATENT_HOST_CLASS	8	4.369150528202	7
ARBITRARY_LOCAL_CODEBOOK	4	HELD_PHYSICAL_FOLIO	F:ARBITRARY_LOCAL_CODEBOOK:CONTROL_P:R1:S1:F0067	POSITION_CONTEXT	9	1.923902727803	9
ARBITRARY_LOCAL_CODEBOOK	4	HELD_PHYSICAL_FOLIO	F:ARBITRARY_LOCAL_CODEBOOK:CONTROL_P:R1:S1:F0067	OTHER_POSITION_HOST_BAG	9	2.314267518575	9
ARBITRARY_LOCAL_CODEBOOK	4	HELD_PHYSICAL_FOLIO	F:ARBITRARY_LOCAL_CODEBOOK:CONTROL_P:R1:S1:F0067	LATENT_HOST_CLASS	9	1.869993535442	9
ARBITRARY_LOCAL_CODEBOOK	4	HELD_PHYSICAL_FOLIO	F:ARBITRARY_LOCAL_CODEBOOK:CONTROL_P:R1:S1:F0068	POSITION_CONTEXT	14	19.193457834858	11
ARBITRARY_LOCAL_CODEBOOK	4	HELD_PHYSICAL_FOLIO	F:ARBITRARY_LOCAL_CODEBOOK:CONTROL_P:R1:S1:F0068	OTHER_POSITION_HOST_BAG	14	17.367876754354	11
ARBITRARY_LOCAL_CODEBOOK	4	HELD_PHYSICAL_FOLIO	F:ARBITRARY_LOCAL_CODEBOOK:CONTROL_P:R1:S1:F0068	LATENT_HOST_CLASS	14	17.994742181119	11
ARBITRARY_LOCAL_CODEBOOK	4	HELD_PHYSICAL_FOLIO	F:ARBITRARY_LOCAL_CODEBOOK:CONTROL_P:R1:S1:F0069	POSITION_CONTEXT	22	13.978532648872	19
ARBITRARY_LOCAL_CODEBOOK	4	HELD_PHYSICAL_FOLIO	F:ARBITRARY_LOCAL_CODEBOOK:CONTROL_P:R1:S1:F0069	OTHER_POSITION_HOST_BAG	22	14.829010998054	19
ARBITRARY_LOCAL_CODEBOOK	4	HELD_PHYSICAL_FOLIO	F:ARBITRARY_LOCAL_CODEBOOK:CONTROL_P:R1:S1:F0069	LATENT_HOST_CLASS	22	14.260088611333	19
ARBITRARY_LOCAL_CODEBOOK	4	HELD_PHYSICAL_FOLIO	F:ARBITRARY_LOCAL_CODEBOOK:CONTROL_P:R1:S1:F0070	POSITION_CONTEXT	11	1.687263144439	11
ARBITRARY_LOCAL_CODEBOOK	4	HELD_PHYSICAL_FOLIO	F:ARBITRARY_LOCAL_CODEBOOK:CONTROL_P:R1:S1:F0070	OTHER_POSITION_HOST_BAG	11	2.320881319187	11
ARBITRARY_LOCAL_CODEBOOK	4	HELD_PHYSICAL_FOLIO	F:ARBITRARY_LOCAL_CODEBOOK:CONTROL_P:R1:S1:F0070	LATENT_HOST_CLASS	11	1.891624838507	11
ARBITRARY_LOCAL_CODEBOOK	4	HELD_PHYSICAL_FOLIO	F:ARBITRARY_LOCAL_CODEBOOK:CONTROL_P:R1:S1:F0071	POSITION_CONTEXT	22	17.276677459026	19
ARBITRARY_LOCAL_CODEBOOK	4	HELD_PHYSICAL_FOLIO	F:ARBITRARY_LOCAL_CODEBOOK:CONTROL_P:R1:S1:F0071	OTHER_POSITION_HOST_BAG	22	16.320956698777	19
ARBITRARY_LOCAL_CODEBOOK	4	HELD_PHYSICAL_FOLIO	F:ARBITRARY_LOCAL_CODEBOOK:CONTROL_P:R1:S1:F0071	LATENT_HOST_CLASS	22	16.514521272742	19
ARBITRARY_LOCAL_CODEBOOK	4	HELD_PHYSICAL_FOLIO	F:ARBITRARY_LOCAL_CODEBOOK:CONTROL_P:R1:S1:F0072	POSITION_CONTEXT	16	37.737446924384	10
ARBITRARY_LOCAL_CODEBOOK	4	HELD_PHYSICAL_FOLIO	F:ARBITRARY_LOCAL_CODEBOOK:CONTROL_P:R1:S1:F0072	OTHER_POSITION_HOST_BAG	16	35.112012645353	10
ARBITRARY_LOCAL_CODEBOOK	4	HELD_PHYSICAL_FOLIO	F:ARBITRARY_LOCAL_CODEBOOK:CONTROL_P:R1:S1:F0072	LATENT_HOST_CLASS	16	36.038070628400	10
ARBITRARY_LOCAL_CODEBOOK	4	HELD_PHYSICAL_FOLIO	F:ARBITRARY_LOCAL_CODEBOOK:CONTROL_P:R1:S1:F0073	POSITION_CONTEXT	37	21.185402987380	35
ARBITRARY_LOCAL_CODEBOOK	4	HELD_PHYSICAL_FOLIO	F:ARBITRARY_LOCAL_CODEBOOK:CONTROL_P:R1:S1:F0073	OTHER_POSITION_HOST_BAG	37	17.253202245679	35
ARBITRARY_LOCAL_CODEBOOK	4	HELD_PHYSICAL_FOLIO	F:ARBITRARY_LOCAL_CODEBOOK:CONTROL_P:R1:S1:F0073	LATENT_HOST_CLASS	37	18.238651124943	35
ARBITRARY_LOCAL_CODEBOOK	4	HELD_PHYSICAL_FOLIO	F:ARBITRARY_LOCAL_CODEBOOK:CONTROL_P:R1:S1:F0074	POSITION_CONTEXT	19	16.616213245378	17
ARBITRARY_LOCAL_CODEBOOK	4	HELD_PHYSICAL_FOLIO	F:ARBITRARY_LOCAL_CODEBOOK:CONTROL_P:R1:S1:F0074	OTHER_POSITION_HOST_BAG	19	17.894125493095	17
ARBITRARY_LOCAL_CODEBOOK	4	HELD_PHYSICAL_FOLIO	F:ARBITRARY_LOCAL_CODEBOOK:CONTROL_P:R1:S1:F0074	LATENT_HOST_CLASS	19	16.108364756065	17
ARBITRARY_LOCAL_CODEBOOK	4	HELD_PHYSICAL_FOLIO	F:ARBITRARY_LOCAL_CODEBOOK:CONTROL_P:R1:S2:F0000	POSITION_CONTEXT	2	4.434150621574	1
ARBITRARY_LOCAL_CODEBOOK	4	HELD_PHYSICAL_FOLIO	F:ARBITRARY_LOCAL_CODEBOOK:CONTROL_P:R1:S2:F0000	OTHER_POSITION_HOST_BAG	2	5.541718328362	1
ARBITRARY_LOCAL_CODEBOOK	4	HELD_PHYSICAL_FOLIO	F:ARBITRARY_LOCAL_CODEBOOK:CONTROL_P:R1:S2:F0000	LATENT_HOST_CLASS	2	4.363740691296	1
ARBITRARY_LOCAL_CODEBOOK	4	HELD_PHYSICAL_FOLIO	F:ARBITRARY_LOCAL_CODEBOOK:CONTROL_P:R1:S2:F0001	POSITION_CONTEXT	21	16.899477388201	19
ARBITRARY_LOCAL_CODEBOOK	4	HELD_PHYSICAL_FOLIO	F:ARBITRARY_LOCAL_CODEBOOK:CONTROL_P:R1:S2:F0001	OTHER_POSITION_HOST_BAG	21	18.144908783127	19
ARBITRARY_LOCAL_CODEBOOK	4	HELD_PHYSICAL_FOLIO	F:ARBITRARY_LOCAL_CODEBOOK:CONTROL_P:R1:S2:F0001	LATENT_HOST_CLASS	21	17.200545936783	19
ARBITRARY_LOCAL_CODEBOOK	4	HELD_PHYSICAL_FOLIO	F:ARBITRARY_LOCAL_CODEBOOK:CONTROL_P:R1:S2:F0002	POSITION_CONTEXT	19	28.232989349165	13
ARBITRARY_LOCAL_CODEBOOK	4	HELD_PHYSICAL_FOLIO	F:ARBITRARY_LOCAL_CODEBOOK:CONTROL_P:R1:S2:F0002	OTHER_POSITION_HOST_BAG	19	26.198272672760	13
ARBITRARY_LOCAL_CODEBOOK	4	HELD_PHYSICAL_FOLIO	F:ARBITRARY_LOCAL_CODEBOOK:CONTROL_P:R1:S2:F0002	LATENT_HOST_CLASS	19	27.583624523729	13
ARBITRARY_LOCAL_CODEBOOK	4	HELD_PHYSICAL_FOLIO	F:ARBITRARY_LOCAL_CODEBOOK:CONTROL_P:R1:S2:F0003	POSITION_CONTEXT	3	0.556634669293	3
ARBITRARY_LOCAL_CODEBOOK	4	HELD_PHYSICAL_FOLIO	F:ARBITRARY_LOCAL_CODEBOOK:CONTROL_P:R1:S2:F0003	OTHER_POSITION_HOST_BAG	3	0.562484071401	3
ARBITRARY_LOCAL_CODEBOOK	4	HELD_PHYSICAL_FOLIO	F:ARBITRARY_LOCAL_CODEBOOK:CONTROL_P:R1:S2:F0003	LATENT_HOST_CLASS	3	0.650511381935	3
ARBITRARY_LOCAL_CODEBOOK	4	HELD_PHYSICAL_FOLIO	F:ARBITRARY_LOCAL_CODEBOOK:CONTROL_P:R1:S2:F0004	POSITION_CONTEXT	14	2.629274570413	14
ARBITRARY_LOCAL_CODEBOOK	4	HELD_PHYSICAL_FOLIO	F:ARBITRARY_LOCAL_CODEBOOK:CONTROL_P:R1:S2:F0004	OTHER_POSITION_HOST_BAG	14	3.094587049482	14
ARBITRARY_LOCAL_CODEBOOK	4	HELD_PHYSICAL_FOLIO	F:ARBITRARY_LOCAL_CODEBOOK:CONTROL_P:R1:S2:F0004	LATENT_HOST_CLASS	14	3.068227231087	14
ARBITRARY_LOCAL_CODEBOOK	4	HELD_PHYSICAL_FOLIO	F:ARBITRARY_LOCAL_CODEBOOK:CONTROL_P:R1:S2:F0005	POSITION_CONTEXT	11	16.946005529093	9
ARBITRARY_LOCAL_CODEBOOK	4	HELD_PHYSICAL_FOLIO	F:ARBITRARY_LOCAL_CODEBOOK:CONTROL_P:R1:S2:F0005	OTHER_POSITION_HOST_BAG	11	9.677943580216	9
ARBITRARY_LOCAL_CODEBOOK	4	HELD_PHYSICAL_FOLIO	F:ARBITRARY_LOCAL_CODEBOOK:CONTROL_P:R1:S2:F0005	LATENT_HOST_CLASS	11	14.237294280517	9
ARBITRARY_LOCAL_CODEBOOK	4	HELD_PHYSICAL_FOLIO	F:ARBITRARY_LOCAL_CODEBOOK:CONTROL_P:R1:S2:F0006	POSITION_CONTEXT	5	4.370588639794	4
ARBITRARY_LOCAL_CODEBOOK	4	HELD_PHYSICAL_FOLIO	F:ARBITRARY_LOCAL_CODEBOOK:CONTROL_P:R1:S2:F0006	OTHER_POSITION_HOST_BAG	5	4.022135846362	4
ARBITRARY_LOCAL_CODEBOOK	4	HELD_PHYSICAL_FOLIO	F:ARBITRARY_LOCAL_CODEBOOK:CONTROL_P:R1:S2:F0006	LATENT_HOST_CLASS	5	4.230897659553	4
ARBITRARY_LOCAL_CODEBOOK	4	HELD_PHYSICAL_FOLIO	F:ARBITRARY_LOCAL_CODEBOOK:CONTROL_P:R1:S2:F0007	POSITION_CONTEXT	20	22.498741121692	17
ARBITRARY_LOCAL_CODEBOOK	4	HELD_PHYSICAL_FOLIO	F:ARBITRARY_LOCAL_CODEBOOK:CONTROL_P:R1:S2:F0007	OTHER_POSITION_HOST_BAG	20	22.573953899103	17
ARBITRARY_LOCAL_CODEBOOK	4	HELD_PHYSICAL_FOLIO	F:ARBITRARY_LOCAL_CODEBOOK:CONTROL_P:R1:S2:F0007	LATENT_HOST_CLASS	20	18.197424264340	17
ARBITRARY_LOCAL_CODEBOOK	4	HELD_PHYSICAL_FOLIO	F:ARBITRARY_LOCAL_CODEBOOK:CONTROL_P:R1:S2:F0008	POSITION_CONTEXT	9	7.867113806433	7
ARBITRARY_LOCAL_CODEBOOK	4	HELD_PHYSICAL_FOLIO	F:ARBITRARY_LOCAL_CODEBOOK:CONTROL_P:R1:S2:F0008	OTHER_POSITION_HOST_BAG	9	5.550214347403	7
ARBITRARY_LOCAL_CODEBOOK	4	HELD_PHYSICAL_FOLIO	F:ARBITRARY_LOCAL_CODEBOOK:CONTROL_P:R1:S2:F0008	LATENT_HOST_CLASS	9	7.513617199304	7
ARBITRARY_LOCAL_CODEBOOK	4	HELD_PHYSICAL_FOLIO	F:ARBITRARY_LOCAL_CODEBOOK:CONTROL_P:R1:S2:F0052	POSITION_CONTEXT	21	10.869060118000	19
ARBITRARY_LOCAL_CODEBOOK	4	HELD_PHYSICAL_FOLIO	F:ARBITRARY_LOCAL_CODEBOOK:CONTROL_P:R1:S2:F0052	OTHER_POSITION_HOST_BAG	21	9.564267110997	19
ARBITRARY_LOCAL_CODEBOOK	4	HELD_PHYSICAL_FOLIO	F:ARBITRARY_LOCAL_CODEBOOK:CONTROL_P:R1:S2:F0052	LATENT_HOST_CLASS	21	11.247863196143	19
ARBITRARY_LOCAL_CODEBOOK	4	HELD_PHYSICAL_FOLIO	F:ARBITRARY_LOCAL_CODEBOOK:CONTROL_P:R1:S2:F0053	POSITION_CONTEXT	6	4.032300257782	5
ARBITRARY_LOCAL_CODEBOOK	4	HELD_PHYSICAL_FOLIO	F:ARBITRARY_LOCAL_CODEBOOK:CONTROL_P:R1:S2:F0053	OTHER_POSITION_HOST_BAG	6	3.696583229882	5
ARBITRARY_LOCAL_CODEBOOK	4	HELD_PHYSICAL_FOLIO	F:ARBITRARY_LOCAL_CODEBOOK:CONTROL_P:R1:S2:F0053	LATENT_HOST_CLASS	6	4.462029475785	5
ARBITRARY_LOCAL_CODEBOOK	4	HELD_PHYSICAL_FOLIO	F:ARBITRARY_LOCAL_CODEBOOK:CONTROL_P:R1:S2:F0054	POSITION_CONTEXT	9	9.080236914001	7
ARBITRARY_LOCAL_CODEBOOK	4	HELD_PHYSICAL_FOLIO	F:ARBITRARY_LOCAL_CODEBOOK:CONTROL_P:R1:S2:F0054	OTHER_POSITION_HOST_BAG	9	8.049179928671	7
ARBITRARY_LOCAL_CODEBOOK	4	HELD_PHYSICAL_FOLIO	F:ARBITRARY_LOCAL_CODEBOOK:CONTROL_P:R1:S2:F0054	LATENT_HOST_CLASS	9	9.174378766389	7
ARBITRARY_LOCAL_CODEBOOK	4	HELD_PHYSICAL_FOLIO	F:ARBITRARY_LOCAL_CODEBOOK:CONTROL_P:R1:S2:F0055	POSITION_CONTEXT	11	10.005693506933	9
ARBITRARY_LOCAL_CODEBOOK	4	HELD_PHYSICAL_FOLIO	F:ARBITRARY_LOCAL_CODEBOOK:CONTROL_P:R1:S2:F0055	OTHER_POSITION_HOST_BAG	11	10.849096902836	9
ARBITRARY_LOCAL_CODEBOOK	4	HELD_PHYSICAL_FOLIO	F:ARBITRARY_LOCAL_CODEBOOK:CONTROL_P:R1:S2:F0055	LATENT_HOST_CLASS	11	9.393334173181	9
ARBITRARY_LOCAL_CODEBOOK	4	HELD_PHYSICAL_FOLIO	F:ARBITRARY_LOCAL_CODEBOOK:CONTROL_P:R1:S2:F0056	POSITION_CONTEXT	24	19.658114225064	20
ARBITRARY_LOCAL_CODEBOOK	4	HELD_PHYSICAL_FOLIO	F:ARBITRARY_LOCAL_CODEBOOK:CONTROL_P:R1:S2:F0056	OTHER_POSITION_HOST_BAG	24	18.622147348519	20
ARBITRARY_LOCAL_CODEBOOK	4	HELD_PHYSICAL_FOLIO	F:ARBITRARY_LOCAL_CODEBOOK:CONTROL_P:R1:S2:F0056	LATENT_HOST_CLASS	24	17.916412191004	20
ARBITRARY_LOCAL_CODEBOOK	4	HELD_PHYSICAL_FOLIO	F:ARBITRARY_LOCAL_CODEBOOK:CONTROL_P:R1:S2:F0057	POSITION_CONTEXT	23	17.673153614125	19
ARBITRARY_LOCAL_CODEBOOK	4	HELD_PHYSICAL_FOLIO	F:ARBITRARY_LOCAL_CODEBOOK:CONTROL_P:R1:S2:F0057	OTHER_POSITION_HOST_BAG	23	17.593270047721	19
ARBITRARY_LOCAL_CODEBOOK	4	HELD_PHYSICAL_FOLIO	F:ARBITRARY_LOCAL_CODEBOOK:CONTROL_P:R1:S2:F0057	LATENT_HOST_CLASS	23	20.606284946996	19
ARBITRARY_LOCAL_CODEBOOK	4	HELD_PHYSICAL_FOLIO	F:ARBITRARY_LOCAL_CODEBOOK:CONTROL_P:R1:S2:F0058	POSITION_CONTEXT	29	22.103968306063	26
ARBITRARY_LOCAL_CODEBOOK	4	HELD_PHYSICAL_FOLIO	F:ARBITRARY_LOCAL_CODEBOOK:CONTROL_P:R1:S2:F0058	OTHER_POSITION_HOST_BAG	29	19.089653717733	26
ARBITRARY_LOCAL_CODEBOOK	4	HELD_PHYSICAL_FOLIO	F:ARBITRARY_LOCAL_CODEBOOK:CONTROL_P:R1:S2:F0058	LATENT_HOST_CLASS	29	19.640007955823	26
ARBITRARY_LOCAL_CODEBOOK	4	HELD_PHYSICAL_FOLIO	F:ARBITRARY_LOCAL_CODEBOOK:CONTROL_P:R1:S2:F0059	POSITION_CONTEXT	15	5.926289574808	14
ARBITRARY_LOCAL_CODEBOOK	4	HELD_PHYSICAL_FOLIO	F:ARBITRARY_LOCAL_CODEBOOK:CONTROL_P:R1:S2:F0059	OTHER_POSITION_HOST_BAG	15	6.998636533807	14
ARBITRARY_LOCAL_CODEBOOK	4	HELD_PHYSICAL_FOLIO	F:ARBITRARY_LOCAL_CODEBOOK:CONTROL_P:R1:S2:F0059	LATENT_HOST_CLASS	15	6.859187066226	14
ARBITRARY_LOCAL_CODEBOOK	4	HELD_PHYSICAL_FOLIO	F:ARBITRARY_LOCAL_CODEBOOK:CONTROL_P:R1:S2:F0060	POSITION_CONTEXT	15	26.692881728568	10
ARBITRARY_LOCAL_CODEBOOK	4	HELD_PHYSICAL_FOLIO	F:ARBITRARY_LOCAL_CODEBOOK:CONTROL_P:R1:S2:F0060	OTHER_POSITION_HOST_BAG	15	24.376181435741	10
ARBITRARY_LOCAL_CODEBOOK	4	HELD_PHYSICAL_FOLIO	F:ARBITRARY_LOCAL_CODEBOOK:CONTROL_P:R1:S2:F0060	LATENT_HOST_CLASS	15	27.365103806075	10
ARBITRARY_LOCAL_CODEBOOK	4	HELD_PHYSICAL_FOLIO	F:ARBITRARY_LOCAL_CODEBOOK:CONTROL_P:R1:S2:F0061	POSITION_CONTEXT	19	36.326853209422	12
ARBITRARY_LOCAL_CODEBOOK	4	HELD_PHYSICAL_FOLIO	F:ARBITRARY_LOCAL_CODEBOOK:CONTROL_P:R1:S2:F0061	OTHER_POSITION_HOST_BAG	19	30.377649231231	12
ARBITRARY_LOCAL_CODEBOOK	4	HELD_PHYSICAL_FOLIO	F:ARBITRARY_LOCAL_CODEBOOK:CONTROL_P:R1:S2:F0061	LATENT_HOST_CLASS	19	35.284620574169	12
ARBITRARY_LOCAL_CODEBOOK	4	HELD_PHYSICAL_FOLIO	F:ARBITRARY_LOCAL_CODEBOOK:CONTROL_P:R1:S2:F0062	POSITION_CONTEXT	20	21.093905494727	15
ARBITRARY_LOCAL_CODEBOOK	4	HELD_PHYSICAL_FOLIO	F:ARBITRARY_LOCAL_CODEBOOK:CONTROL_P:R1:S2:F0062	OTHER_POSITION_HOST_BAG	20	19.416257029966	15
ARBITRARY_LOCAL_CODEBOOK	4	HELD_PHYSICAL_FOLIO	F:ARBITRARY_LOCAL_CODEBOOK:CONTROL_P:R1:S2:F0062	LATENT_HOST_CLASS	20	18.860510231947	15
ARBITRARY_LOCAL_CODEBOOK	4	HELD_PHYSICAL_FOLIO	F:ARBITRARY_LOCAL_CODEBOOK:CONTROL_P:R1:S2:F0063	POSITION_CONTEXT	9	20.687997639685	6
ARBITRARY_LOCAL_CODEBOOK	4	HELD_PHYSICAL_FOLIO	F:ARBITRARY_LOCAL_CODEBOOK:CONTROL_P:R1:S2:F0063	OTHER_POSITION_HOST_BAG	9	23.145237848436	6
ARBITRARY_LOCAL_CODEBOOK	4	HELD_PHYSICAL_FOLIO	F:ARBITRARY_LOCAL_CODEBOOK:CONTROL_P:R1:S2:F0063	LATENT_HOST_CLASS	9	21.358553583395	6
ARBITRARY_LOCAL_CODEBOOK	4	HELD_PHYSICAL_FOLIO	F:ARBITRARY_LOCAL_CODEBOOK:CONTROL_P:R2:S1:F0020	POSITION_CONTEXT	29	21.682924619331	24
ARBITRARY_LOCAL_CODEBOOK	4	HELD_PHYSICAL_FOLIO	F:ARBITRARY_LOCAL_CODEBOOK:CONTROL_P:R2:S1:F0020	OTHER_POSITION_HOST_BAG	29	22.540954098817	24
ARBITRARY_LOCAL_CODEBOOK	4	HELD_PHYSICAL_FOLIO	F:ARBITRARY_LOCAL_CODEBOOK:CONTROL_P:R2:S1:F0020	LATENT_HOST_CLASS	29	23.181194271684	24
ARBITRARY_LOCAL_CODEBOOK	4	HELD_PHYSICAL_FOLIO	F:ARBITRARY_LOCAL_CODEBOOK:CONTROL_P:R2:S1:F0021	POSITION_CONTEXT	19	20.504761535781	16
ARBITRARY_LOCAL_CODEBOOK	4	HELD_PHYSICAL_FOLIO	F:ARBITRARY_LOCAL_CODEBOOK:CONTROL_P:R2:S1:F0021	OTHER_POSITION_HOST_BAG	19	13.744608711274	16
ARBITRARY_LOCAL_CODEBOOK	4	HELD_PHYSICAL_FOLIO	F:ARBITRARY_LOCAL_CODEBOOK:CONTROL_P:R2:S1:F0021	LATENT_HOST_CLASS	19	19.121534743972	16
ARBITRARY_LOCAL_CODEBOOK	4	HELD_PHYSICAL_FOLIO	F:ARBITRARY_LOCAL_CODEBOOK:CONTROL_P:R2:S1:F0022	POSITION_CONTEXT	4	0.643929739950	4
ARBITRARY_LOCAL_CODEBOOK	4	HELD_PHYSICAL_FOLIO	F:ARBITRARY_LOCAL_CODEBOOK:CONTROL_P:R2:S1:F0022	OTHER_POSITION_HOST_BAG	4	0.615748979692	4
ARBITRARY_LOCAL_CODEBOOK	4	HELD_PHYSICAL_FOLIO	F:ARBITRARY_LOCAL_CODEBOOK:CONTROL_P:R2:S1:F0022	LATENT_HOST_CLASS	4	0.625653441406	4
ARBITRARY_LOCAL_CODEBOOK	4	HELD_PHYSICAL_FOLIO	F:ARBITRARY_LOCAL_CODEBOOK:CONTROL_P:R2:S1:F0023	POSITION_CONTEXT	14	17.853285969065	11
ARBITRARY_LOCAL_CODEBOOK	4	HELD_PHYSICAL_FOLIO	F:ARBITRARY_LOCAL_CODEBOOK:CONTROL_P:R2:S1:F0023	OTHER_POSITION_HOST_BAG	14	17.693824133645	11
ARBITRARY_LOCAL_CODEBOOK	4	HELD_PHYSICAL_FOLIO	F:ARBITRARY_LOCAL_CODEBOOK:CONTROL_P:R2:S1:F0023	LATENT_HOST_CLASS	14	17.120237833591	11
ARBITRARY_LOCAL_CODEBOOK	4	HELD_PHYSICAL_FOLIO	F:ARBITRARY_LOCAL_CODEBOOK:CONTROL_P:R2:S1:F0024	POSITION_CONTEXT	4	12.566183938835	2
ARBITRARY_LOCAL_CODEBOOK	4	HELD_PHYSICAL_FOLIO	F:ARBITRARY_LOCAL_CODEBOOK:CONTROL_P:R2:S1:F0024	OTHER_POSITION_HOST_BAG	4	13.410707500753	2
ARBITRARY_LOCAL_CODEBOOK	4	HELD_PHYSICAL_FOLIO	F:ARBITRARY_LOCAL_CODEBOOK:CONTROL_P:R2:S1:F0024	LATENT_HOST_CLASS	4	10.414755995950	2
ARBITRARY_LOCAL_CODEBOOK	4	HELD_PHYSICAL_FOLIO	F:ARBITRARY_LOCAL_CODEBOOK:CONTROL_P:R2:S1:F0025	POSITION_CONTEXT	20	15.573423086837	16
ARBITRARY_LOCAL_CODEBOOK	4	HELD_PHYSICAL_FOLIO	F:ARBITRARY_LOCAL_CODEBOOK:CONTROL_P:R2:S1:F0025	OTHER_POSITION_HOST_BAG	20	15.396521244168	16
ARBITRARY_LOCAL_CODEBOOK	4	HELD_PHYSICAL_FOLIO	F:ARBITRARY_LOCAL_CODEBOOK:CONTROL_P:R2:S1:F0025	LATENT_HOST_CLASS	20	16.194710181369	16
ARBITRARY_LOCAL_CODEBOOK	4	HELD_PHYSICAL_FOLIO	F:ARBITRARY_LOCAL_CODEBOOK:CONTROL_P:R2:S1:F0026	POSITION_CONTEXT	11	10.261745507713	9
ARBITRARY_LOCAL_CODEBOOK	4	HELD_PHYSICAL_FOLIO	F:ARBITRARY_LOCAL_CODEBOOK:CONTROL_P:R2:S1:F0026	OTHER_POSITION_HOST_BAG	11	6.111122312911	9
ARBITRARY_LOCAL_CODEBOOK	4	HELD_PHYSICAL_FOLIO	F:ARBITRARY_LOCAL_CODEBOOK:CONTROL_P:R2:S1:F0026	LATENT_HOST_CLASS	11	9.021828936433	9
ARBITRARY_LOCAL_CODEBOOK	4	HELD_PHYSICAL_FOLIO	F:ARBITRARY_LOCAL_CODEBOOK:CONTROL_P:R2:S1:F0027	POSITION_CONTEXT	16	28.341850495325	10
ARBITRARY_LOCAL_CODEBOOK	4	HELD_PHYSICAL_FOLIO	F:ARBITRARY_LOCAL_CODEBOOK:CONTROL_P:R2:S1:F0027	OTHER_POSITION_HOST_BAG	16	22.402771869951	10
ARBITRARY_LOCAL_CODEBOOK	4	HELD_PHYSICAL_FOLIO	F:ARBITRARY_LOCAL_CODEBOOK:CONTROL_P:R2:S1:F0027	LATENT_HOST_CLASS	16	25.268348341783	10
ARBITRARY_LOCAL_CODEBOOK	4	HELD_PHYSICAL_FOLIO	F:ARBITRARY_LOCAL_CODEBOOK:CONTROL_P:R2:S1:F0028	POSITION_CONTEXT	32	34.796579155499	28
ARBITRARY_LOCAL_CODEBOOK	4	HELD_PHYSICAL_FOLIO	F:ARBITRARY_LOCAL_CODEBOOK:CONTROL_P:R2:S1:F0028	OTHER_POSITION_HOST_BAG	32	38.014108631307	28
ARBITRARY_LOCAL_CODEBOOK	4	HELD_PHYSICAL_FOLIO	F:ARBITRARY_LOCAL_CODEBOOK:CONTROL_P:R2:S1:F0028	LATENT_HOST_CLASS	32	29.402554922292	28
ARBITRARY_LOCAL_CODEBOOK	4	HELD_PHYSICAL_FOLIO	F:ARBITRARY_LOCAL_CODEBOOK:CONTROL_P:R2:S1:F0124	POSITION_CONTEXT	17	14.561385434072	13
ARBITRARY_LOCAL_CODEBOOK	4	HELD_PHYSICAL_FOLIO	F:ARBITRARY_LOCAL_CODEBOOK:CONTROL_P:R2:S1:F0124	OTHER_POSITION_HOST_BAG	17	13.861534844341	13
ARBITRARY_LOCAL_CODEBOOK	4	HELD_PHYSICAL_FOLIO	F:ARBITRARY_LOCAL_CODEBOOK:CONTROL_P:R2:S1:F0124	LATENT_HOST_CLASS	17	16.103810101410	13
ARBITRARY_LOCAL_CODEBOOK	4	HELD_PHYSICAL_FOLIO	F:ARBITRARY_LOCAL_CODEBOOK:CONTROL_P:R2:S1:F0125	POSITION_CONTEXT	20	12.317014757877	17
ARBITRARY_LOCAL_CODEBOOK	4	HELD_PHYSICAL_FOLIO	F:ARBITRARY_LOCAL_CODEBOOK:CONTROL_P:R2:S1:F0125	OTHER_POSITION_HOST_BAG	20	11.284588801308	17
ARBITRARY_LOCAL_CODEBOOK	4	HELD_PHYSICAL_FOLIO	F:ARBITRARY_LOCAL_CODEBOOK:CONTROL_P:R2:S1:F0125	LATENT_HOST_CLASS	20	13.063395452261	17
ARBITRARY_LOCAL_CODEBOOK	4	HELD_PHYSICAL_FOLIO	F:ARBITRARY_LOCAL_CODEBOOK:CONTROL_P:R2:S1:F0126	POSITION_CONTEXT	18	17.638909710376	14
ARBITRARY_LOCAL_CODEBOOK	4	HELD_PHYSICAL_FOLIO	F:ARBITRARY_LOCAL_CODEBOOK:CONTROL_P:R2:S1:F0126	OTHER_POSITION_HOST_BAG	18	20.076510914932	14
ARBITRARY_LOCAL_CODEBOOK	4	HELD_PHYSICAL_FOLIO	F:ARBITRARY_LOCAL_CODEBOOK:CONTROL_P:R2:S1:F0126	LATENT_HOST_CLASS	18	20.877403380395	14
ARBITRARY_LOCAL_CODEBOOK	4	HELD_PHYSICAL_FOLIO	F:ARBITRARY_LOCAL_CODEBOOK:CONTROL_P:R2:S1:F0127	POSITION_CONTEXT	21	35.486779247514	16
ARBITRARY_LOCAL_CODEBOOK	4	HELD_PHYSICAL_FOLIO	F:ARBITRARY_LOCAL_CODEBOOK:CONTROL_P:R2:S1:F0127	OTHER_POSITION_HOST_BAG	21	37.857992365111	16
ARBITRARY_LOCAL_CODEBOOK	4	HELD_PHYSICAL_FOLIO	F:ARBITRARY_LOCAL_CODEBOOK:CONTROL_P:R2:S1:F0127	LATENT_HOST_CLASS	21	34.310785094608	16
ARBITRARY_LOCAL_CODEBOOK	4	HELD_PHYSICAL_FOLIO	F:ARBITRARY_LOCAL_CODEBOOK:CONTROL_P:R2:S1:F0128	POSITION_CONTEXT	19	16.579031996970	16
ARBITRARY_LOCAL_CODEBOOK	4	HELD_PHYSICAL_FOLIO	F:ARBITRARY_LOCAL_CODEBOOK:CONTROL_P:R2:S1:F0128	OTHER_POSITION_HOST_BAG	19	16.924118293313	16
ARBITRARY_LOCAL_CODEBOOK	4	HELD_PHYSICAL_FOLIO	F:ARBITRARY_LOCAL_CODEBOOK:CONTROL_P:R2:S1:F0128	LATENT_HOST_CLASS	19	16.531659347647	16
ARBITRARY_LOCAL_CODEBOOK	4	HELD_PHYSICAL_FOLIO	F:ARBITRARY_LOCAL_CODEBOOK:CONTROL_P:R2:S1:F0129	POSITION_CONTEXT	7	24.567790578930	2
ARBITRARY_LOCAL_CODEBOOK	4	HELD_PHYSICAL_FOLIO	F:ARBITRARY_LOCAL_CODEBOOK:CONTROL_P:R2:S1:F0129	OTHER_POSITION_HOST_BAG	7	23.617899905485	2
ARBITRARY_LOCAL_CODEBOOK	4	HELD_PHYSICAL_FOLIO	F:ARBITRARY_LOCAL_CODEBOOK:CONTROL_P:R2:S1:F0129	LATENT_HOST_CLASS	7	23.872706479983	2
ARBITRARY_LOCAL_CODEBOOK	4	HELD_PHYSICAL_FOLIO	F:ARBITRARY_LOCAL_CODEBOOK:CONTROL_P:R2:S1:F0130	POSITION_CONTEXT	27	33.874804265602	21
ARBITRARY_LOCAL_CODEBOOK	4	HELD_PHYSICAL_FOLIO	F:ARBITRARY_LOCAL_CODEBOOK:CONTROL_P:R2:S1:F0130	OTHER_POSITION_HOST_BAG	27	35.294866888902	21
ARBITRARY_LOCAL_CODEBOOK	4	HELD_PHYSICAL_FOLIO	F:ARBITRARY_LOCAL_CODEBOOK:CONTROL_P:R2:S1:F0130	LATENT_HOST_CLASS	27	36.398130009765	21
ARBITRARY_LOCAL_CODEBOOK	4	HELD_PHYSICAL_FOLIO	F:ARBITRARY_LOCAL_CODEBOOK:CONTROL_P:R2:S1:F0131	POSITION_CONTEXT	13	7.861537357321	11
ARBITRARY_LOCAL_CODEBOOK	4	HELD_PHYSICAL_FOLIO	F:ARBITRARY_LOCAL_CODEBOOK:CONTROL_P:R2:S1:F0131	OTHER_POSITION_HOST_BAG	13	7.769980928140	11
ARBITRARY_LOCAL_CODEBOOK	4	HELD_PHYSICAL_FOLIO	F:ARBITRARY_LOCAL_CODEBOOK:CONTROL_P:R2:S1:F0131	LATENT_HOST_CLASS	13	6.518333863944	11
ARBITRARY_LOCAL_CODEBOOK	4	HELD_PHYSICAL_FOLIO	F:ARBITRARY_LOCAL_CODEBOOK:CONTROL_P:R2:S2:F0041	POSITION_CONTEXT	14	11.731606897527	11
ARBITRARY_LOCAL_CODEBOOK	4	HELD_PHYSICAL_FOLIO	F:ARBITRARY_LOCAL_CODEBOOK:CONTROL_P:R2:S2:F0041	OTHER_POSITION_HOST_BAG	14	12.379336940595	11
ARBITRARY_LOCAL_CODEBOOK	4	HELD_PHYSICAL_FOLIO	F:ARBITRARY_LOCAL_CODEBOOK:CONTROL_P:R2:S2:F0041	LATENT_HOST_CLASS	14	11.720110906522	11
ARBITRARY_LOCAL_CODEBOOK	4	HELD_PHYSICAL_FOLIO	F:ARBITRARY_LOCAL_CODEBOOK:CONTROL_P:R2:S2:F0042	POSITION_CONTEXT	15	21.566822259745	11
ARBITRARY_LOCAL_CODEBOOK	4	HELD_PHYSICAL_FOLIO	F:ARBITRARY_LOCAL_CODEBOOK:CONTROL_P:R2:S2:F0042	OTHER_POSITION_HOST_BAG	15	15.891788595267	11
ARBITRARY_LOCAL_CODEBOOK	4	HELD_PHYSICAL_FOLIO	F:ARBITRARY_LOCAL_CODEBOOK:CONTROL_P:R2:S2:F0042	LATENT_HOST_CLASS	15	20.904521516054	11
ARBITRARY_LOCAL_CODEBOOK	4	HELD_PHYSICAL_FOLIO	F:ARBITRARY_LOCAL_CODEBOOK:CONTROL_P:R2:S2:F0043	POSITION_CONTEXT	19	23.236490547062	15
ARBITRARY_LOCAL_CODEBOOK	4	HELD_PHYSICAL_FOLIO	F:ARBITRARY_LOCAL_CODEBOOK:CONTROL_P:R2:S2:F0043	OTHER_POSITION_HOST_BAG	19	23.570875616153	15
ARBITRARY_LOCAL_CODEBOOK	4	HELD_PHYSICAL_FOLIO	F:ARBITRARY_LOCAL_CODEBOOK:CONTROL_P:R2:S2:F0043	LATENT_HOST_CLASS	19	21.496655025463	15
ARBITRARY_LOCAL_CODEBOOK	4	HELD_PHYSICAL_FOLIO	F:ARBITRARY_LOCAL_CODEBOOK:CONTROL_P:R2:S2:F0044	POSITION_CONTEXT	12	13.098932308264	8
ARBITRARY_LOCAL_CODEBOOK	4	HELD_PHYSICAL_FOLIO	F:ARBITRARY_LOCAL_CODEBOOK:CONTROL_P:R2:S2:F0044	OTHER_POSITION_HOST_BAG	12	13.414658859600	8
ARBITRARY_LOCAL_CODEBOOK	4	HELD_PHYSICAL_FOLIO	F:ARBITRARY_LOCAL_CODEBOOK:CONTROL_P:R2:S2:F0044	LATENT_HOST_CLASS	12	15.859735045764	8
ARBITRARY_LOCAL_CODEBOOK	4	HELD_PHYSICAL_FOLIO	F:ARBITRARY_LOCAL_CODEBOOK:CONTROL_P:R2:S2:F0045	POSITION_CONTEXT	13	17.562599087413	11
ARBITRARY_LOCAL_CODEBOOK	4	HELD_PHYSICAL_FOLIO	F:ARBITRARY_LOCAL_CODEBOOK:CONTROL_P:R2:S2:F0045	OTHER_POSITION_HOST_BAG	13	17.632417832639	11
ARBITRARY_LOCAL_CODEBOOK	4	HELD_PHYSICAL_FOLIO	F:ARBITRARY_LOCAL_CODEBOOK:CONTROL_P:R2:S2:F0045	LATENT_HOST_CLASS	13	15.222317732414	11
ARBITRARY_LOCAL_CODEBOOK	4	HELD_PHYSICAL_FOLIO	F:ARBITRARY_LOCAL_CODEBOOK:CONTROL_P:R2:S2:F0046	POSITION_CONTEXT	21	12.069823896061	19
ARBITRARY_LOCAL_CODEBOOK	4	HELD_PHYSICAL_FOLIO	F:ARBITRARY_LOCAL_CODEBOOK:CONTROL_P:R2:S2:F0046	OTHER_POSITION_HOST_BAG	21	14.196499762932	19
ARBITRARY_LOCAL_CODEBOOK	4	HELD_PHYSICAL_FOLIO	F:ARBITRARY_LOCAL_CODEBOOK:CONTROL_P:R2:S2:F0046	LATENT_HOST_CLASS	21	13.575596798967	19
ARBITRARY_LOCAL_CODEBOOK	4	HELD_PHYSICAL_FOLIO	F:ARBITRARY_LOCAL_CODEBOOK:CONTROL_P:R2:S2:F0047	POSITION_CONTEXT	12	12.576560423342	9
ARBITRARY_LOCAL_CODEBOOK	4	HELD_PHYSICAL_FOLIO	F:ARBITRARY_LOCAL_CODEBOOK:CONTROL_P:R2:S2:F0047	OTHER_POSITION_HOST_BAG	12	13.061517086969	9
ARBITRARY_LOCAL_CODEBOOK	4	HELD_PHYSICAL_FOLIO	F:ARBITRARY_LOCAL_CODEBOOK:CONTROL_P:R2:S2:F0047	LATENT_HOST_CLASS	12	13.176521953401	9
ARBITRARY_LOCAL_CODEBOOK	4	HELD_PHYSICAL_FOLIO	F:ARBITRARY_LOCAL_CODEBOOK:CONTROL_P:R2:S2:F0048	POSITION_CONTEXT	30	34.182388240885	22
ARBITRARY_LOCAL_CODEBOOK	4	HELD_PHYSICAL_FOLIO	F:ARBITRARY_LOCAL_CODEBOOK:CONTROL_P:R2:S2:F0048	OTHER_POSITION_HOST_BAG	30	35.386223353859	22
ARBITRARY_LOCAL_CODEBOOK	4	HELD_PHYSICAL_FOLIO	F:ARBITRARY_LOCAL_CODEBOOK:CONTROL_P:R2:S2:F0048	LATENT_HOST_CLASS	30	39.654700540991	22
ARBITRARY_LOCAL_CODEBOOK	4	HELD_PHYSICAL_FOLIO	F:ARBITRARY_LOCAL_CODEBOOK:CONTROL_P:R2:S2:F0049	POSITION_CONTEXT	21	21.384237214634	18
ARBITRARY_LOCAL_CODEBOOK	4	HELD_PHYSICAL_FOLIO	F:ARBITRARY_LOCAL_CODEBOOK:CONTROL_P:R2:S2:F0049	OTHER_POSITION_HOST_BAG	21	25.499844448829	18
ARBITRARY_LOCAL_CODEBOOK	4	HELD_PHYSICAL_FOLIO	F:ARBITRARY_LOCAL_CODEBOOK:CONTROL_P:R2:S2:F0049	LATENT_HOST_CLASS	21	23.342876458094	18
ARBITRARY_LOCAL_CODEBOOK	4	HELD_PHYSICAL_FOLIO	F:ARBITRARY_LOCAL_CODEBOOK:CONTROL_P:R2:S2:F0050	POSITION_CONTEXT	4	0.711202511579	4
ARBITRARY_LOCAL_CODEBOOK	4	HELD_PHYSICAL_FOLIO	F:ARBITRARY_LOCAL_CODEBOOK:CONTROL_P:R2:S2:F0050	OTHER_POSITION_HOST_BAG	4	0.642711873486	4
ARBITRARY_LOCAL_CODEBOOK	4	HELD_PHYSICAL_FOLIO	F:ARBITRARY_LOCAL_CODEBOOK:CONTROL_P:R2:S2:F0050	LATENT_HOST_CLASS	4	0.788488432342	4
ARBITRARY_LOCAL_CODEBOOK	4	HELD_PHYSICAL_FOLIO	F:ARBITRARY_LOCAL_CODEBOOK:CONTROL_P:R2:S2:F0051	POSITION_CONTEXT	14	15.739212029497	11
ARBITRARY_LOCAL_CODEBOOK	4	HELD_PHYSICAL_FOLIO	F:ARBITRARY_LOCAL_CODEBOOK:CONTROL_P:R2:S2:F0051	OTHER_POSITION_HOST_BAG	14	16.363745400075	11
ARBITRARY_LOCAL_CODEBOOK	4	HELD_PHYSICAL_FOLIO	F:ARBITRARY_LOCAL_CODEBOOK:CONTROL_P:R2:S2:F0051	LATENT_HOST_CLASS	14	16.445551912432	11
ARBITRARY_LOCAL_CODEBOOK	4	HELD_PHYSICAL_FOLIO	F:ARBITRARY_LOCAL_CODEBOOK:CONTROL_P:R2:S2:F0089	POSITION_CONTEXT	12	5.821877375648	11
ARBITRARY_LOCAL_CODEBOOK	4	HELD_PHYSICAL_FOLIO	F:ARBITRARY_LOCAL_CODEBOOK:CONTROL_P:R2:S2:F0089	OTHER_POSITION_HOST_BAG	12	5.305867472690	11
ARBITRARY_LOCAL_CODEBOOK	4	HELD_PHYSICAL_FOLIO	F:ARBITRARY_LOCAL_CODEBOOK:CONTROL_P:R2:S2:F0089	LATENT_HOST_CLASS	12	6.745086086236	11
ARBITRARY_LOCAL_CODEBOOK	4	HELD_PHYSICAL_FOLIO	F:ARBITRARY_LOCAL_CODEBOOK:CONTROL_P:R2:S2:F0090	POSITION_CONTEXT	13	2.839396357065	13
ARBITRARY_LOCAL_CODEBOOK	4	HELD_PHYSICAL_FOLIO	F:ARBITRARY_LOCAL_CODEBOOK:CONTROL_P:R2:S2:F0090	OTHER_POSITION_HOST_BAG	13	3.346820870417	13
ARBITRARY_LOCAL_CODEBOOK	4	HELD_PHYSICAL_FOLIO	F:ARBITRARY_LOCAL_CODEBOOK:CONTROL_P:R2:S2:F0090	LATENT_HOST_CLASS	13	2.769811373222	13
ARBITRARY_LOCAL_CODEBOOK	4	HELD_PHYSICAL_FOLIO	F:ARBITRARY_LOCAL_CODEBOOK:CONTROL_P:R2:S2:F0091	POSITION_CONTEXT	11	5.261054960862	10
ARBITRARY_LOCAL_CODEBOOK	4	HELD_PHYSICAL_FOLIO	F:ARBITRARY_LOCAL_CODEBOOK:CONTROL_P:R2:S2:F0091	OTHER_POSITION_HOST_BAG	11	5.553210838504	10
ARBITRARY_LOCAL_CODEBOOK	4	HELD_PHYSICAL_FOLIO	F:ARBITRARY_LOCAL_CODEBOOK:CONTROL_P:R2:S2:F0091	LATENT_HOST_CLASS	11	5.607378831151	10
ARBITRARY_LOCAL_CODEBOOK	4	HELD_PHYSICAL_FOLIO	F:ARBITRARY_LOCAL_CODEBOOK:CONTROL_P:R2:S2:F0092	POSITION_CONTEXT	7	4.355937024679	6
ARBITRARY_LOCAL_CODEBOOK	4	HELD_PHYSICAL_FOLIO	F:ARBITRARY_LOCAL_CODEBOOK:CONTROL_P:R2:S2:F0092	OTHER_POSITION_HOST_BAG	7	3.247292888506	6
ARBITRARY_LOCAL_CODEBOOK	4	HELD_PHYSICAL_FOLIO	F:ARBITRARY_LOCAL_CODEBOOK:CONTROL_P:R2:S2:F0092	LATENT_HOST_CLASS	7	4.251677920715	6
ARBITRARY_LOCAL_CODEBOOK	4	HELD_PHYSICAL_FOLIO	F:ARBITRARY_LOCAL_CODEBOOK:CONTROL_P:R2:S2:F0093	POSITION_CONTEXT	18	25.417691505435	14
ARBITRARY_LOCAL_CODEBOOK	4	HELD_PHYSICAL_FOLIO	F:ARBITRARY_LOCAL_CODEBOOK:CONTROL_P:R2:S2:F0093	OTHER_POSITION_HOST_BAG	18	25.908500116813	14
ARBITRARY_LOCAL_CODEBOOK	4	HELD_PHYSICAL_FOLIO	F:ARBITRARY_LOCAL_CODEBOOK:CONTROL_P:R2:S2:F0093	LATENT_HOST_CLASS	18	25.362910131881	14
ARBITRARY_LOCAL_CODEBOOK	4	HELD_PHYSICAL_FOLIO	F:ARBITRARY_LOCAL_CODEBOOK:CONTROL_P:R2:S2:F0094	POSITION_CONTEXT	10	18.614027490652	7
ARBITRARY_LOCAL_CODEBOOK	4	HELD_PHYSICAL_FOLIO	F:ARBITRARY_LOCAL_CODEBOOK:CONTROL_P:R2:S2:F0094	OTHER_POSITION_HOST_BAG	10	18.072678213115	7
ARBITRARY_LOCAL_CODEBOOK	4	HELD_PHYSICAL_FOLIO	F:ARBITRARY_LOCAL_CODEBOOK:CONTROL_P:R2:S2:F0094	LATENT_HOST_CLASS	10	18.795384038610	7
ARBITRARY_LOCAL_CODEBOOK	4	HELD_PHYSICAL_FOLIO	F:ARBITRARY_LOCAL_CODEBOOK:CONTROL_P:R2:S2:F0095	POSITION_CONTEXT	12	5.312273839483	11
ARBITRARY_LOCAL_CODEBOOK	4	HELD_PHYSICAL_FOLIO	F:ARBITRARY_LOCAL_CODEBOOK:CONTROL_P:R2:S2:F0095	OTHER_POSITION_HOST_BAG	12	4.920049914371	11
ARBITRARY_LOCAL_CODEBOOK	4	HELD_PHYSICAL_FOLIO	F:ARBITRARY_LOCAL_CODEBOOK:CONTROL_P:R2:S2:F0095	LATENT_HOST_CLASS	12	5.010421898182	11
ARBITRARY_LOCAL_CODEBOOK	4	HELD_PHYSICAL_FOLIO	F:ARBITRARY_LOCAL_CODEBOOK:CONTROL_P:R2:S2:F0096	POSITION_CONTEXT	30	31.498900975278	24
ARBITRARY_LOCAL_CODEBOOK	4	HELD_PHYSICAL_FOLIO	F:ARBITRARY_LOCAL_CODEBOOK:CONTROL_P:R2:S2:F0096	OTHER_POSITION_HOST_BAG	30	31.588260739437	24
ARBITRARY_LOCAL_CODEBOOK	4	HELD_PHYSICAL_FOLIO	F:ARBITRARY_LOCAL_CODEBOOK:CONTROL_P:R2:S2:F0096	LATENT_HOST_CLASS	30	31.315525762998	24
ARBITRARY_LOCAL_CODEBOOK	4	HELD_PHYSICAL_FOLIO	F:ARBITRARY_LOCAL_CODEBOOK:CONTROL_P:R2:S2:F0097	POSITION_CONTEXT	39	22.926221349742	34
ARBITRARY_LOCAL_CODEBOOK	4	HELD_PHYSICAL_FOLIO	F:ARBITRARY_LOCAL_CODEBOOK:CONTROL_P:R2:S2:F0097	OTHER_POSITION_HOST_BAG	39	20.614249472059	34
ARBITRARY_LOCAL_CODEBOOK	4	HELD_PHYSICAL_FOLIO	F:ARBITRARY_LOCAL_CODEBOOK:CONTROL_P:R2:S2:F0097	LATENT_HOST_CLASS	39	22.577604792434	34
ARBITRARY_LOCAL_CODEBOOK	4	HELD_PHYSICAL_FOLIO	F:ARBITRARY_LOCAL_CODEBOOK:CONTROL_P:R2:S2:F0107	POSITION_CONTEXT	14	10.442172164409	11
ARBITRARY_LOCAL_CODEBOOK	4	HELD_PHYSICAL_FOLIO	F:ARBITRARY_LOCAL_CODEBOOK:CONTROL_P:R2:S2:F0107	OTHER_POSITION_HOST_BAG	14	11.977441952764	11
ARBITRARY_LOCAL_CODEBOOK	4	HELD_PHYSICAL_FOLIO	F:ARBITRARY_LOCAL_CODEBOOK:CONTROL_P:R2:S2:F0107	LATENT_HOST_CLASS	14	11.540547945541	11
ARBITRARY_LOCAL_CODEBOOK	4	HELD_PHYSICAL_FOLIO	F:ARBITRARY_LOCAL_CODEBOOK:CONTROL_P:R2:S2:F0108	POSITION_CONTEXT	32	33.439052821633	26
ARBITRARY_LOCAL_CODEBOOK	4	HELD_PHYSICAL_FOLIO	F:ARBITRARY_LOCAL_CODEBOOK:CONTROL_P:R2:S2:F0108	OTHER_POSITION_HOST_BAG	32	32.704124684850	26
ARBITRARY_LOCAL_CODEBOOK	4	HELD_PHYSICAL_FOLIO	F:ARBITRARY_LOCAL_CODEBOOK:CONTROL_P:R2:S2:F0108	LATENT_HOST_CLASS	32	31.892875060869	26
ARBITRARY_LOCAL_CODEBOOK	4	HELD_PHYSICAL_FOLIO	F:ARBITRARY_LOCAL_CODEBOOK:CONTROL_P:R2:S2:F0109	POSITION_CONTEXT	18	14.034289431721	15
ARBITRARY_LOCAL_CODEBOOK	4	HELD_PHYSICAL_FOLIO	F:ARBITRARY_LOCAL_CODEBOOK:CONTROL_P:R2:S2:F0109	OTHER_POSITION_HOST_BAG	18	15.053597169220	15
ARBITRARY_LOCAL_CODEBOOK	4	HELD_PHYSICAL_FOLIO	F:ARBITRARY_LOCAL_CODEBOOK:CONTROL_P:R2:S2:F0109	LATENT_HOST_CLASS	18	14.541748267906	15
ARBITRARY_LOCAL_CODEBOOK	4	HELD_PHYSICAL_FOLIO	F:ARBITRARY_LOCAL_CODEBOOK:CONTROL_P:R2:S2:F0110	POSITION_CONTEXT	35	28.113849855758	30
ARBITRARY_LOCAL_CODEBOOK	4	HELD_PHYSICAL_FOLIO	F:ARBITRARY_LOCAL_CODEBOOK:CONTROL_P:R2:S2:F0110	OTHER_POSITION_HOST_BAG	35	30.415432148944	30
ARBITRARY_LOCAL_CODEBOOK	4	HELD_PHYSICAL_FOLIO	F:ARBITRARY_LOCAL_CODEBOOK:CONTROL_P:R2:S2:F0110	LATENT_HOST_CLASS	35	28.815947270162	30
ARBITRARY_LOCAL_CODEBOOK	4	HELD_PHYSICAL_FOLIO	F:ARBITRARY_LOCAL_CODEBOOK:CONTROL_P:R2:S2:F0111	POSITION_CONTEXT	24	24.345820701244	18
ARBITRARY_LOCAL_CODEBOOK	4	HELD_PHYSICAL_FOLIO	F:ARBITRARY_LOCAL_CODEBOOK:CONTROL_P:R2:S2:F0111	OTHER_POSITION_HOST_BAG	24	21.791594135464	18
ARBITRARY_LOCAL_CODEBOOK	4	HELD_PHYSICAL_FOLIO	F:ARBITRARY_LOCAL_CODEBOOK:CONTROL_P:R2:S2:F0111	LATENT_HOST_CLASS	24	26.528110394523	18
ARBITRARY_LOCAL_CODEBOOK	4	HELD_PHYSICAL_FOLIO	F:ARBITRARY_LOCAL_CODEBOOK:CONTROL_P:R2:S2:F0112	POSITION_CONTEXT	19	8.017661138997	18
ARBITRARY_LOCAL_CODEBOOK	4	HELD_PHYSICAL_FOLIO	F:ARBITRARY_LOCAL_CODEBOOK:CONTROL_P:R2:S2:F0112	OTHER_POSITION_HOST_BAG	19	6.694342464663	18
ARBITRARY_LOCAL_CODEBOOK	4	HELD_PHYSICAL_FOLIO	F:ARBITRARY_LOCAL_CODEBOOK:CONTROL_P:R2:S2:F0112	LATENT_HOST_CLASS	19	7.331332986761	18
ARBITRARY_LOCAL_CODEBOOK	4	HELD_PHYSICAL_FOLIO	F:ARBITRARY_LOCAL_CODEBOOK:CONTROL_P:R2:S2:F0113	POSITION_CONTEXT	14	7.913910184898	12
ARBITRARY_LOCAL_CODEBOOK	4	HELD_PHYSICAL_FOLIO	F:ARBITRARY_LOCAL_CODEBOOK:CONTROL_P:R2:S2:F0113	OTHER_POSITION_HOST_BAG	14	8.237694445971	12
ARBITRARY_LOCAL_CODEBOOK	4	HELD_PHYSICAL_FOLIO	F:ARBITRARY_LOCAL_CODEBOOK:CONTROL_P:R2:S2:F0113	LATENT_HOST_CLASS	14	8.709974141183	12
ARBITRARY_LOCAL_CODEBOOK	4	HELD_PHYSICAL_FOLIO	F:ARBITRARY_LOCAL_CODEBOOK:CONTROL_P:R2:S2:F0114	POSITION_CONTEXT	17	8.633089046366	15
ARBITRARY_LOCAL_CODEBOOK	4	HELD_PHYSICAL_FOLIO	F:ARBITRARY_LOCAL_CODEBOOK:CONTROL_P:R2:S2:F0114	OTHER_POSITION_HOST_BAG	17	7.959833654482	15
ARBITRARY_LOCAL_CODEBOOK	4	HELD_PHYSICAL_FOLIO	F:ARBITRARY_LOCAL_CODEBOOK:CONTROL_P:R2:S2:F0114	LATENT_HOST_CLASS	17	9.645072850600	15
ARBITRARY_LOCAL_CODEBOOK	4	HELD_PHYSICAL_FOLIO	F:ARBITRARY_LOCAL_CODEBOOK:CONTROL_P:R2:S2:F0115	POSITION_CONTEXT	13	11.075486118203	10
ARBITRARY_LOCAL_CODEBOOK	4	HELD_PHYSICAL_FOLIO	F:ARBITRARY_LOCAL_CODEBOOK:CONTROL_P:R2:S2:F0115	OTHER_POSITION_HOST_BAG	13	11.755765033508	10
ARBITRARY_LOCAL_CODEBOOK	4	HELD_PHYSICAL_FOLIO	F:ARBITRARY_LOCAL_CODEBOOK:CONTROL_P:R2:S2:F0115	LATENT_HOST_CLASS	13	12.230909656053	10
ARBITRARY_LOCAL_CODEBOOK	4	HELD_PHYSICAL_FOLIO	F:ARBITRARY_LOCAL_CODEBOOK:CONTROL_P:R2:S2:F0116	POSITION_CONTEXT	15	5.634554327001	14
ARBITRARY_LOCAL_CODEBOOK	4	HELD_PHYSICAL_FOLIO	F:ARBITRARY_LOCAL_CODEBOOK:CONTROL_P:R2:S2:F0116	OTHER_POSITION_HOST_BAG	15	5.390521156459	14
ARBITRARY_LOCAL_CODEBOOK	4	HELD_PHYSICAL_FOLIO	F:ARBITRARY_LOCAL_CODEBOOK:CONTROL_P:R2:S2:F0116	LATENT_HOST_CLASS	15	5.892322296147	14
ARBITRARY_LOCAL_CODEBOOK	4	HELD_PHYSICAL_FOLIO	F:ARBITRARY_LOCAL_CODEBOOK:CONTROL_P:R2:S2:F0117	POSITION_CONTEXT	30	19.314684190808	27
ARBITRARY_LOCAL_CODEBOOK	4	HELD_PHYSICAL_FOLIO	F:ARBITRARY_LOCAL_CODEBOOK:CONTROL_P:R2:S2:F0117	OTHER_POSITION_HOST_BAG	30	22.336358050468	27
ARBITRARY_LOCAL_CODEBOOK	4	HELD_PHYSICAL_FOLIO	F:ARBITRARY_LOCAL_CODEBOOK:CONTROL_P:R2:S2:F0117	LATENT_HOST_CLASS	30	21.540300391912	27
ARBITRARY_LOCAL_CODEBOOK	4	HELD_PHYSICAL_FOLIO	F:ARBITRARY_LOCAL_CODEBOOK:CONTROL_P:R2:S2:F0118	POSITION_CONTEXT	9	4.318043738074	8
ARBITRARY_LOCAL_CODEBOOK	4	HELD_PHYSICAL_FOLIO	F:ARBITRARY_LOCAL_CODEBOOK:CONTROL_P:R2:S2:F0118	OTHER_POSITION_HOST_BAG	9	5.587473023687	8
ARBITRARY_LOCAL_CODEBOOK	4	HELD_PHYSICAL_FOLIO	F:ARBITRARY_LOCAL_CODEBOOK:CONTROL_P:R2:S2:F0118	LATENT_HOST_CLASS	9	4.754605079592	8
ARBITRARY_LOCAL_CODEBOOK	4	HELD_PHYSICAL_FOLIO	F:ARBITRARY_LOCAL_CODEBOOK:CONTROL_P:R2:S2:F0119	POSITION_CONTEXT	28	13.239409670288	25
ARBITRARY_LOCAL_CODEBOOK	4	HELD_PHYSICAL_FOLIO	F:ARBITRARY_LOCAL_CODEBOOK:CONTROL_P:R2:S2:F0119	OTHER_POSITION_HOST_BAG	28	11.462134138982	25
ARBITRARY_LOCAL_CODEBOOK	4	HELD_PHYSICAL_FOLIO	F:ARBITRARY_LOCAL_CODEBOOK:CONTROL_P:R2:S2:F0119	LATENT_HOST_CLASS	28	14.238467023533	25
ARBITRARY_LOCAL_CODEBOOK	4	HELD_PHYSICAL_FOLIO	F:ARBITRARY_LOCAL_CODEBOOK:CONTROL_P:R2:S2:F0120	POSITION_CONTEXT	49	47.826548701457	38
ARBITRARY_LOCAL_CODEBOOK	4	HELD_PHYSICAL_FOLIO	F:ARBITRARY_LOCAL_CODEBOOK:CONTROL_P:R2:S2:F0120	OTHER_POSITION_HOST_BAG	49	44.373021519782	38
ARBITRARY_LOCAL_CODEBOOK	4	HELD_PHYSICAL_FOLIO	F:ARBITRARY_LOCAL_CODEBOOK:CONTROL_P:R2:S2:F0120	LATENT_HOST_CLASS	49	47.316766699029	38
ARBITRARY_LOCAL_CODEBOOK	4	HELD_PHYSICAL_FOLIO	F:ARBITRARY_LOCAL_CODEBOOK:CONTROL_P:R2:S2:F0121	POSITION_CONTEXT	33	26.907188823922	29
ARBITRARY_LOCAL_CODEBOOK	4	HELD_PHYSICAL_FOLIO	F:ARBITRARY_LOCAL_CODEBOOK:CONTROL_P:R2:S2:F0121	OTHER_POSITION_HOST_BAG	33	28.291550608792	29
ARBITRARY_LOCAL_CODEBOOK	4	HELD_PHYSICAL_FOLIO	F:ARBITRARY_LOCAL_CODEBOOK:CONTROL_P:R2:S2:F0121	LATENT_HOST_CLASS	33	24.248870676335	29
ARBITRARY_LOCAL_CODEBOOK	4	HELD_PHYSICAL_FOLIO	F:ARBITRARY_LOCAL_CODEBOOK:CONTROL_P:R2:S2:F0122	POSITION_CONTEXT	25	23.269237586089	19
ARBITRARY_LOCAL_CODEBOOK	4	HELD_PHYSICAL_FOLIO	F:ARBITRARY_LOCAL_CODEBOOK:CONTROL_P:R2:S2:F0122	OTHER_POSITION_HOST_BAG	25	23.161043372637	19
ARBITRARY_LOCAL_CODEBOOK	4	HELD_PHYSICAL_FOLIO	F:ARBITRARY_LOCAL_CODEBOOK:CONTROL_P:R2:S2:F0122	LATENT_HOST_CLASS	25	28.066658427558	19
ARBITRARY_LOCAL_CODEBOOK	4	HELD_PHYSICAL_FOLIO	F:ARBITRARY_LOCAL_CODEBOOK:CONTROL_P:R2:S2:F0123	POSITION_CONTEXT	17	12.730218127425	14
ARBITRARY_LOCAL_CODEBOOK	4	HELD_PHYSICAL_FOLIO	F:ARBITRARY_LOCAL_CODEBOOK:CONTROL_P:R2:S2:F0123	OTHER_POSITION_HOST_BAG	17	14.087861160026	14
ARBITRARY_LOCAL_CODEBOOK	4	HELD_PHYSICAL_FOLIO	F:ARBITRARY_LOCAL_CODEBOOK:CONTROL_P:R2:S2:F0123	LATENT_HOST_CLASS	17	14.415295004399	14
ARBITRARY_LOCAL_CODEBOOK	4	HELD_PHYSICAL_FOLIO	F:ARBITRARY_LOCAL_CODEBOOK:CONTROL_P:R2:S2:F0132	POSITION_CONTEXT	33	42.863416314137	27
ARBITRARY_LOCAL_CODEBOOK	4	HELD_PHYSICAL_FOLIO	F:ARBITRARY_LOCAL_CODEBOOK:CONTROL_P:R2:S2:F0132	OTHER_POSITION_HOST_BAG	33	32.431444308286	27
ARBITRARY_LOCAL_CODEBOOK	4	HELD_PHYSICAL_FOLIO	F:ARBITRARY_LOCAL_CODEBOOK:CONTROL_P:R2:S2:F0132	LATENT_HOST_CLASS	33	38.801518199004	27
ARBITRARY_LOCAL_CODEBOOK	4	HELD_PHYSICAL_FOLIO	F:ARBITRARY_LOCAL_CODEBOOK:CONTROL_P:R2:S2:F0133	POSITION_CONTEXT	10	6.668082297920	9
ARBITRARY_LOCAL_CODEBOOK	4	HELD_PHYSICAL_FOLIO	F:ARBITRARY_LOCAL_CODEBOOK:CONTROL_P:R2:S2:F0133	OTHER_POSITION_HOST_BAG	10	5.657958308874	9
ARBITRARY_LOCAL_CODEBOOK	4	HELD_PHYSICAL_FOLIO	F:ARBITRARY_LOCAL_CODEBOOK:CONTROL_P:R2:S2:F0133	LATENT_HOST_CLASS	10	6.665139566021	9
ARBITRARY_LOCAL_CODEBOOK	4	HELD_PHYSICAL_FOLIO	F:ARBITRARY_LOCAL_CODEBOOK:CONTROL_P:R2:S2:F0134	POSITION_CONTEXT	22	19.617598173500	17
ARBITRARY_LOCAL_CODEBOOK	4	HELD_PHYSICAL_FOLIO	F:ARBITRARY_LOCAL_CODEBOOK:CONTROL_P:R2:S2:F0134	OTHER_POSITION_HOST_BAG	22	20.343974208672	17
ARBITRARY_LOCAL_CODEBOOK	4	HELD_PHYSICAL_FOLIO	F:ARBITRARY_LOCAL_CODEBOOK:CONTROL_P:R2:S2:F0134	LATENT_HOST_CLASS	22	22.466939207393	17
ARBITRARY_LOCAL_CODEBOOK	4	HELD_PHYSICAL_FOLIO	F:ARBITRARY_LOCAL_CODEBOOK:CONTROL_P:R3:S1:F0079	POSITION_CONTEXT	10	16.404887436268	7
ARBITRARY_LOCAL_CODEBOOK	4	HELD_PHYSICAL_FOLIO	F:ARBITRARY_LOCAL_CODEBOOK:CONTROL_P:R3:S1:F0079	OTHER_POSITION_HOST_BAG	10	16.074634044195	7
ARBITRARY_LOCAL_CODEBOOK	4	HELD_PHYSICAL_FOLIO	F:ARBITRARY_LOCAL_CODEBOOK:CONTROL_P:R3:S1:F0079	LATENT_HOST_CLASS	10	15.565991422114	7
ARBITRARY_LOCAL_CODEBOOK	4	HELD_PHYSICAL_FOLIO	F:ARBITRARY_LOCAL_CODEBOOK:CONTROL_P:R3:S1:F0080	POSITION_CONTEXT	14	5.436765083130	13
ARBITRARY_LOCAL_CODEBOOK	4	HELD_PHYSICAL_FOLIO	F:ARBITRARY_LOCAL_CODEBOOK:CONTROL_P:R3:S1:F0080	OTHER_POSITION_HOST_BAG	14	5.069077463237	13
ARBITRARY_LOCAL_CODEBOOK	4	HELD_PHYSICAL_FOLIO	F:ARBITRARY_LOCAL_CODEBOOK:CONTROL_P:R3:S1:F0080	LATENT_HOST_CLASS	14	5.928391195327	13
ARBITRARY_LOCAL_CODEBOOK	4	HELD_PHYSICAL_FOLIO	F:ARBITRARY_LOCAL_CODEBOOK:CONTROL_P:R3:S1:F0081	POSITION_CONTEXT	16	8.436218516492	14
ARBITRARY_LOCAL_CODEBOOK	4	HELD_PHYSICAL_FOLIO	F:ARBITRARY_LOCAL_CODEBOOK:CONTROL_P:R3:S1:F0081	OTHER_POSITION_HOST_BAG	16	8.425155626611	14
ARBITRARY_LOCAL_CODEBOOK	4	HELD_PHYSICAL_FOLIO	F:ARBITRARY_LOCAL_CODEBOOK:CONTROL_P:R3:S1:F0081	LATENT_HOST_CLASS	16	9.481180715919	14
ARBITRARY_LOCAL_CODEBOOK	4	HELD_PHYSICAL_FOLIO	F:ARBITRARY_LOCAL_CODEBOOK:CONTROL_P:R3:S1:F0082	POSITION_CONTEXT	11	13.078397187979	7
ARBITRARY_LOCAL_CODEBOOK	4	HELD_PHYSICAL_FOLIO	F:ARBITRARY_LOCAL_CODEBOOK:CONTROL_P:R3:S1:F0082	OTHER_POSITION_HOST_BAG	11	14.324453436606	7
ARBITRARY_LOCAL_CODEBOOK	4	HELD_PHYSICAL_FOLIO	F:ARBITRARY_LOCAL_CODEBOOK:CONTROL_P:R3:S1:F0082	LATENT_HOST_CLASS	11	13.840608447331	7
ARBITRARY_LOCAL_CODEBOOK	4	HELD_PHYSICAL_FOLIO	F:ARBITRARY_LOCAL_CODEBOOK:CONTROL_P:R3:S1:F0135	POSITION_CONTEXT	20	18.218675117219	17
ARBITRARY_LOCAL_CODEBOOK	4	HELD_PHYSICAL_FOLIO	F:ARBITRARY_LOCAL_CODEBOOK:CONTROL_P:R3:S1:F0135	OTHER_POSITION_HOST_BAG	20	19.797776457365	17
ARBITRARY_LOCAL_CODEBOOK	4	HELD_PHYSICAL_FOLIO	F:ARBITRARY_LOCAL_CODEBOOK:CONTROL_P:R3:S1:F0135	LATENT_HOST_CLASS	20	18.466452101146	17
ARBITRARY_LOCAL_CODEBOOK	4	HELD_PHYSICAL_FOLIO	F:ARBITRARY_LOCAL_CODEBOOK:CONTROL_P:R3:S1:F0136	POSITION_CONTEXT	22	15.348465493389	19
ARBITRARY_LOCAL_CODEBOOK	4	HELD_PHYSICAL_FOLIO	F:ARBITRARY_LOCAL_CODEBOOK:CONTROL_P:R3:S1:F0136	OTHER_POSITION_HOST_BAG	22	14.332925375829	19
ARBITRARY_LOCAL_CODEBOOK	4	HELD_PHYSICAL_FOLIO	F:ARBITRARY_LOCAL_CODEBOOK:CONTROL_P:R3:S1:F0136	LATENT_HOST_CLASS	22	16.368701747207	19
ARBITRARY_LOCAL_CODEBOOK	4	HELD_PHYSICAL_FOLIO	F:ARBITRARY_LOCAL_CODEBOOK:CONTROL_P:R3:S1:F0137	POSITION_CONTEXT	8	1.384126501615	8
ARBITRARY_LOCAL_CODEBOOK	4	HELD_PHYSICAL_FOLIO	F:ARBITRARY_LOCAL_CODEBOOK:CONTROL_P:R3:S1:F0137	OTHER_POSITION_HOST_BAG	8	2.137280202356	8
ARBITRARY_LOCAL_CODEBOOK	4	HELD_PHYSICAL_FOLIO	F:ARBITRARY_LOCAL_CODEBOOK:CONTROL_P:R3:S1:F0137	LATENT_HOST_CLASS	8	1.790305145511	8
ARBITRARY_LOCAL_CODEBOOK	4	HELD_PHYSICAL_FOLIO	F:ARBITRARY_LOCAL_CODEBOOK:CONTROL_P:R3:S1:F0163	POSITION_CONTEXT	19	15.272304537692	15
ARBITRARY_LOCAL_CODEBOOK	4	HELD_PHYSICAL_FOLIO	F:ARBITRARY_LOCAL_CODEBOOK:CONTROL_P:R3:S1:F0163	OTHER_POSITION_HOST_BAG	19	14.009323548665	15
ARBITRARY_LOCAL_CODEBOOK	4	HELD_PHYSICAL_FOLIO	F:ARBITRARY_LOCAL_CODEBOOK:CONTROL_P:R3:S1:F0163	LATENT_HOST_CLASS	19	18.142601852153	15
ARBITRARY_LOCAL_CODEBOOK	4	HELD_PHYSICAL_FOLIO	F:ARBITRARY_LOCAL_CODEBOOK:CONTROL_P:R3:S1:F0164	POSITION_CONTEXT	24	22.530071644852	22
ARBITRARY_LOCAL_CODEBOOK	4	HELD_PHYSICAL_FOLIO	F:ARBITRARY_LOCAL_CODEBOOK:CONTROL_P:R3:S1:F0164	OTHER_POSITION_HOST_BAG	24	24.485043397004	22
ARBITRARY_LOCAL_CODEBOOK	4	HELD_PHYSICAL_FOLIO	F:ARBITRARY_LOCAL_CODEBOOK:CONTROL_P:R3:S1:F0164	LATENT_HOST_CLASS	24	22.679657938992	22
ARBITRARY_LOCAL_CODEBOOK	4	HELD_PHYSICAL_FOLIO	F:ARBITRARY_LOCAL_CODEBOOK:CONTROL_P:R3:S1:F0165	POSITION_CONTEXT	13	23.234591833364	9
ARBITRARY_LOCAL_CODEBOOK	4	HELD_PHYSICAL_FOLIO	F:ARBITRARY_LOCAL_CODEBOOK:CONTROL_P:R3:S1:F0165	OTHER_POSITION_HOST_BAG	13	22.118385520926	9
ARBITRARY_LOCAL_CODEBOOK	4	HELD_PHYSICAL_FOLIO	F:ARBITRARY_LOCAL_CODEBOOK:CONTROL_P:R3:S1:F0165	LATENT_HOST_CLASS	13	21.712345004788	9
ARBITRARY_LOCAL_CODEBOOK	4	HELD_PHYSICAL_FOLIO	F:ARBITRARY_LOCAL_CODEBOOK:CONTROL_P:R3:S1:F0166	POSITION_CONTEXT	13	22.365877857967	9
ARBITRARY_LOCAL_CODEBOOK	4	HELD_PHYSICAL_FOLIO	F:ARBITRARY_LOCAL_CODEBOOK:CONTROL_P:R3:S1:F0166	OTHER_POSITION_HOST_BAG	13	23.029289923255	9
ARBITRARY_LOCAL_CODEBOOK	4	HELD_PHYSICAL_FOLIO	F:ARBITRARY_LOCAL_CODEBOOK:CONTROL_P:R3:S1:F0166	LATENT_HOST_CLASS	13	24.449847579719	9
ARBITRARY_LOCAL_CODEBOOK	4	HELD_PHYSICAL_FOLIO	F:ARBITRARY_LOCAL_CODEBOOK:CONTROL_P:R3:S1:F0167	POSITION_CONTEXT	14	10.013690536199	11
ARBITRARY_LOCAL_CODEBOOK	4	HELD_PHYSICAL_FOLIO	F:ARBITRARY_LOCAL_CODEBOOK:CONTROL_P:R3:S1:F0167	OTHER_POSITION_HOST_BAG	14	10.275518391006	11
ARBITRARY_LOCAL_CODEBOOK	4	HELD_PHYSICAL_FOLIO	F:ARBITRARY_LOCAL_CODEBOOK:CONTROL_P:R3:S1:F0167	LATENT_HOST_CLASS	14	12.155066598429	11
ARBITRARY_LOCAL_CODEBOOK	4	HELD_PHYSICAL_FOLIO	F:ARBITRARY_LOCAL_CODEBOOK:CONTROL_P:R3:S1:F0168	POSITION_CONTEXT	8	14.722435478336	6
ARBITRARY_LOCAL_CODEBOOK	4	HELD_PHYSICAL_FOLIO	F:ARBITRARY_LOCAL_CODEBOOK:CONTROL_P:R3:S1:F0168	OTHER_POSITION_HOST_BAG	8	14.633643313856	6
ARBITRARY_LOCAL_CODEBOOK	4	HELD_PHYSICAL_FOLIO	F:ARBITRARY_LOCAL_CODEBOOK:CONTROL_P:R3:S1:F0168	LATENT_HOST_CLASS	8	14.615247326686	6
ARBITRARY_LOCAL_CODEBOOK	4	HELD_PHYSICAL_FOLIO	F:ARBITRARY_LOCAL_CODEBOOK:CONTROL_P:R3:S1:F0171	POSITION_CONTEXT	9	5.324358656469	8
ARBITRARY_LOCAL_CODEBOOK	4	HELD_PHYSICAL_FOLIO	F:ARBITRARY_LOCAL_CODEBOOK:CONTROL_P:R3:S1:F0171	OTHER_POSITION_HOST_BAG	9	3.683280240506	8
ARBITRARY_LOCAL_CODEBOOK	4	HELD_PHYSICAL_FOLIO	F:ARBITRARY_LOCAL_CODEBOOK:CONTROL_P:R3:S1:F0171	LATENT_HOST_CLASS	9	4.698618278796	8
ARBITRARY_LOCAL_CODEBOOK	4	HELD_PHYSICAL_FOLIO	F:ARBITRARY_LOCAL_CODEBOOK:CONTROL_P:R3:S1:F0172	POSITION_CONTEXT	25	27.548286713141	20
ARBITRARY_LOCAL_CODEBOOK	4	HELD_PHYSICAL_FOLIO	F:ARBITRARY_LOCAL_CODEBOOK:CONTROL_P:R3:S1:F0172	OTHER_POSITION_HOST_BAG	25	23.780696397522	20
ARBITRARY_LOCAL_CODEBOOK	4	HELD_PHYSICAL_FOLIO	F:ARBITRARY_LOCAL_CODEBOOK:CONTROL_P:R3:S1:F0172	LATENT_HOST_CLASS	25	25.325542395168	20
ARBITRARY_LOCAL_CODEBOOK	4	HELD_PHYSICAL_FOLIO	F:ARBITRARY_LOCAL_CODEBOOK:CONTROL_P:R3:S1:F0173	POSITION_CONTEXT	1	0.097112459624	1
ARBITRARY_LOCAL_CODEBOOK	4	HELD_PHYSICAL_FOLIO	F:ARBITRARY_LOCAL_CODEBOOK:CONTROL_P:R3:S1:F0173	OTHER_POSITION_HOST_BAG	1	0.081739955392	1
ARBITRARY_LOCAL_CODEBOOK	4	HELD_PHYSICAL_FOLIO	F:ARBITRARY_LOCAL_CODEBOOK:CONTROL_P:R3:S1:F0173	LATENT_HOST_CLASS	1	0.105276287359	1
ARBITRARY_LOCAL_CODEBOOK	4	HELD_PHYSICAL_FOLIO	F:ARBITRARY_LOCAL_CODEBOOK:CONTROL_P:R3:S2:F0075	POSITION_CONTEXT	21	17.512297453069	19
ARBITRARY_LOCAL_CODEBOOK	4	HELD_PHYSICAL_FOLIO	F:ARBITRARY_LOCAL_CODEBOOK:CONTROL_P:R3:S2:F0075	OTHER_POSITION_HOST_BAG	21	19.209619423170	19
ARBITRARY_LOCAL_CODEBOOK	4	HELD_PHYSICAL_FOLIO	F:ARBITRARY_LOCAL_CODEBOOK:CONTROL_P:R3:S2:F0075	LATENT_HOST_CLASS	21	16.671676983596	19
ARBITRARY_LOCAL_CODEBOOK	4	HELD_PHYSICAL_FOLIO	F:ARBITRARY_LOCAL_CODEBOOK:CONTROL_P:R3:S2:F0076	POSITION_CONTEXT	16	2.510811593316	16
ARBITRARY_LOCAL_CODEBOOK	4	HELD_PHYSICAL_FOLIO	F:ARBITRARY_LOCAL_CODEBOOK:CONTROL_P:R3:S2:F0076	OTHER_POSITION_HOST_BAG	16	2.766261994560	16
ARBITRARY_LOCAL_CODEBOOK	4	HELD_PHYSICAL_FOLIO	F:ARBITRARY_LOCAL_CODEBOOK:CONTROL_P:R3:S2:F0076	LATENT_HOST_CLASS	16	2.881368358036	16
ARBITRARY_LOCAL_CODEBOOK	4	HELD_PHYSICAL_FOLIO	F:ARBITRARY_LOCAL_CODEBOOK:CONTROL_P:R3:S2:F0083	POSITION_CONTEXT	17	2.997853642385	17
ARBITRARY_LOCAL_CODEBOOK	4	HELD_PHYSICAL_FOLIO	F:ARBITRARY_LOCAL_CODEBOOK:CONTROL_P:R3:S2:F0083	OTHER_POSITION_HOST_BAG	17	4.565253208131	17
ARBITRARY_LOCAL_CODEBOOK	4	HELD_PHYSICAL_FOLIO	F:ARBITRARY_LOCAL_CODEBOOK:CONTROL_P:R3:S2:F0083	LATENT_HOST_CLASS	17	3.804172831118	17
ARBITRARY_LOCAL_CODEBOOK	4	HELD_PHYSICAL_FOLIO	F:ARBITRARY_LOCAL_CODEBOOK:CONTROL_P:R3:S2:F0084	POSITION_CONTEXT	23	7.768789870504	22
ARBITRARY_LOCAL_CODEBOOK	4	HELD_PHYSICAL_FOLIO	F:ARBITRARY_LOCAL_CODEBOOK:CONTROL_P:R3:S2:F0084	OTHER_POSITION_HOST_BAG	23	8.995894462533	22
ARBITRARY_LOCAL_CODEBOOK	4	HELD_PHYSICAL_FOLIO	F:ARBITRARY_LOCAL_CODEBOOK:CONTROL_P:R3:S2:F0084	LATENT_HOST_CLASS	23	8.448810317960	22
ARBITRARY_LOCAL_CODEBOOK	4	HELD_PHYSICAL_FOLIO	F:ARBITRARY_LOCAL_CODEBOOK:CONTROL_P:R3:S2:F0085	POSITION_CONTEXT	19	6.862815148160	18
ARBITRARY_LOCAL_CODEBOOK	4	HELD_PHYSICAL_FOLIO	F:ARBITRARY_LOCAL_CODEBOOK:CONTROL_P:R3:S2:F0085	OTHER_POSITION_HOST_BAG	19	7.551840300663	18
ARBITRARY_LOCAL_CODEBOOK	4	HELD_PHYSICAL_FOLIO	F:ARBITRARY_LOCAL_CODEBOOK:CONTROL_P:R3:S2:F0085	LATENT_HOST_CLASS	19	8.023231407704	18
ARBITRARY_LOCAL_CODEBOOK	4	HELD_PHYSICAL_FOLIO	F:ARBITRARY_LOCAL_CODEBOOK:CONTROL_P:R3:S2:F0086	POSITION_CONTEXT	18	6.342240900617	17
ARBITRARY_LOCAL_CODEBOOK	4	HELD_PHYSICAL_FOLIO	F:ARBITRARY_LOCAL_CODEBOOK:CONTROL_P:R3:S2:F0086	OTHER_POSITION_HOST_BAG	18	5.988083175938	17
ARBITRARY_LOCAL_CODEBOOK	4	HELD_PHYSICAL_FOLIO	F:ARBITRARY_LOCAL_CODEBOOK:CONTROL_P:R3:S2:F0086	LATENT_HOST_CLASS	18	6.503657485222	17
ARBITRARY_LOCAL_CODEBOOK	4	HELD_PHYSICAL_FOLIO	F:ARBITRARY_LOCAL_CODEBOOK:CONTROL_P:R3:S2:F0098	POSITION_CONTEXT	15	21.213964827168	11
ARBITRARY_LOCAL_CODEBOOK	4	HELD_PHYSICAL_FOLIO	F:ARBITRARY_LOCAL_CODEBOOK:CONTROL_P:R3:S2:F0098	OTHER_POSITION_HOST_BAG	15	19.379931960535	11
ARBITRARY_LOCAL_CODEBOOK	4	HELD_PHYSICAL_FOLIO	F:ARBITRARY_LOCAL_CODEBOOK:CONTROL_P:R3:S2:F0098	LATENT_HOST_CLASS	15	20.351330335931	11
ARBITRARY_LOCAL_CODEBOOK	4	HELD_PHYSICAL_FOLIO	F:ARBITRARY_LOCAL_CODEBOOK:CONTROL_P:R3:S2:F0099	POSITION_CONTEXT	23	18.133633852330	19
ARBITRARY_LOCAL_CODEBOOK	4	HELD_PHYSICAL_FOLIO	F:ARBITRARY_LOCAL_CODEBOOK:CONTROL_P:R3:S2:F0099	OTHER_POSITION_HOST_BAG	23	17.588130220451	19
ARBITRARY_LOCAL_CODEBOOK	4	HELD_PHYSICAL_FOLIO	F:ARBITRARY_LOCAL_CODEBOOK:CONTROL_P:R3:S2:F0099	LATENT_HOST_CLASS	23	19.283010915761	19
ARBITRARY_LOCAL_CODEBOOK	4	HELD_PHYSICAL_FOLIO	F:ARBITRARY_LOCAL_CODEBOOK:CONTROL_P:R3:S2:F0100	POSITION_CONTEXT	15	8.978312647345	13
ARBITRARY_LOCAL_CODEBOOK	4	HELD_PHYSICAL_FOLIO	F:ARBITRARY_LOCAL_CODEBOOK:CONTROL_P:R3:S2:F0100	OTHER_POSITION_HOST_BAG	15	9.808422677987	13
ARBITRARY_LOCAL_CODEBOOK	4	HELD_PHYSICAL_FOLIO	F:ARBITRARY_LOCAL_CODEBOOK:CONTROL_P:R3:S2:F0100	LATENT_HOST_CLASS	15	9.152561555520	13
ARBITRARY_LOCAL_CODEBOOK	4	HELD_PHYSICAL_FOLIO	F:ARBITRARY_LOCAL_CODEBOOK:CONTROL_P:R3:S2:F0101	POSITION_CONTEXT	15	5.542678600484	14
ARBITRARY_LOCAL_CODEBOOK	4	HELD_PHYSICAL_FOLIO	F:ARBITRARY_LOCAL_CODEBOOK:CONTROL_P:R3:S2:F0101	OTHER_POSITION_HOST_BAG	15	4.674102696581	14
ARBITRARY_LOCAL_CODEBOOK	4	HELD_PHYSICAL_FOLIO	F:ARBITRARY_LOCAL_CODEBOOK:CONTROL_P:R3:S2:F0101	LATENT_HOST_CLASS	15	5.123751975616	14
ARBITRARY_LOCAL_CODEBOOK	4	HELD_PHYSICAL_FOLIO	F:ARBITRARY_LOCAL_CODEBOOK:CONTROL_P:R3:S2:F0102	POSITION_CONTEXT	22	34.968981071952	16
ARBITRARY_LOCAL_CODEBOOK	4	HELD_PHYSICAL_FOLIO	F:ARBITRARY_LOCAL_CODEBOOK:CONTROL_P:R3:S2:F0102	OTHER_POSITION_HOST_BAG	22	36.924529639863	16
ARBITRARY_LOCAL_CODEBOOK	4	HELD_PHYSICAL_FOLIO	F:ARBITRARY_LOCAL_CODEBOOK:CONTROL_P:R3:S2:F0102	LATENT_HOST_CLASS	22	31.242492131651	16
ARBITRARY_LOCAL_CODEBOOK	4	HELD_PHYSICAL_FOLIO	F:ARBITRARY_LOCAL_CODEBOOK:CONTROL_P:R3:S2:F0103	POSITION_CONTEXT	15	14.028231973525	12
ARBITRARY_LOCAL_CODEBOOK	4	HELD_PHYSICAL_FOLIO	F:ARBITRARY_LOCAL_CODEBOOK:CONTROL_P:R3:S2:F0103	OTHER_POSITION_HOST_BAG	15	11.955042140096	12
ARBITRARY_LOCAL_CODEBOOK	4	HELD_PHYSICAL_FOLIO	F:ARBITRARY_LOCAL_CODEBOOK:CONTROL_P:R3:S2:F0103	LATENT_HOST_CLASS	15	13.904094922586	12
ARBITRARY_LOCAL_CODEBOOK	4	HELD_PHYSICAL_FOLIO	F:ARBITRARY_LOCAL_CODEBOOK:CONTROL_P:R3:S2:F0104	POSITION_CONTEXT	10	14.652957049667	7
ARBITRARY_LOCAL_CODEBOOK	4	HELD_PHYSICAL_FOLIO	F:ARBITRARY_LOCAL_CODEBOOK:CONTROL_P:R3:S2:F0104	OTHER_POSITION_HOST_BAG	10	15.515975235412	7
ARBITRARY_LOCAL_CODEBOOK	4	HELD_PHYSICAL_FOLIO	F:ARBITRARY_LOCAL_CODEBOOK:CONTROL_P:R3:S2:F0104	LATENT_HOST_CLASS	10	16.160780116251	7
ARBITRARY_LOCAL_CODEBOOK	4	HELD_PHYSICAL_FOLIO	F:ARBITRARY_LOCAL_CODEBOOK:CONTROL_P:R3:S2:F0105	POSITION_CONTEXT	12	17.392199802713	10
ARBITRARY_LOCAL_CODEBOOK	4	HELD_PHYSICAL_FOLIO	F:ARBITRARY_LOCAL_CODEBOOK:CONTROL_P:R3:S2:F0105	OTHER_POSITION_HOST_BAG	12	18.270752200955	10
ARBITRARY_LOCAL_CODEBOOK	4	HELD_PHYSICAL_FOLIO	F:ARBITRARY_LOCAL_CODEBOOK:CONTROL_P:R3:S2:F0105	LATENT_HOST_CLASS	12	12.971619500374	10
ARBITRARY_LOCAL_CODEBOOK	4	HELD_PHYSICAL_FOLIO	F:ARBITRARY_LOCAL_CODEBOOK:CONTROL_P:R3:S2:F0106	POSITION_CONTEXT	30	32.721686914259	24
ARBITRARY_LOCAL_CODEBOOK	4	HELD_PHYSICAL_FOLIO	F:ARBITRARY_LOCAL_CODEBOOK:CONTROL_P:R3:S2:F0106	OTHER_POSITION_HOST_BAG	30	31.639287475613	24
ARBITRARY_LOCAL_CODEBOOK	4	HELD_PHYSICAL_FOLIO	F:ARBITRARY_LOCAL_CODEBOOK:CONTROL_P:R3:S2:F0106	LATENT_HOST_CLASS	30	36.988968999957	24
ARBITRARY_LOCAL_CODEBOOK	4	HELD_PHYSICAL_FOLIO	F:ARBITRARY_LOCAL_CODEBOOK:CONTROL_P:R3:S2:F0169	POSITION_CONTEXT	20	16.815715760609	16
ARBITRARY_LOCAL_CODEBOOK	4	HELD_PHYSICAL_FOLIO	F:ARBITRARY_LOCAL_CODEBOOK:CONTROL_P:R3:S2:F0169	OTHER_POSITION_HOST_BAG	20	16.966952579867	16
ARBITRARY_LOCAL_CODEBOOK	4	HELD_PHYSICAL_FOLIO	F:ARBITRARY_LOCAL_CODEBOOK:CONTROL_P:R3:S2:F0169	LATENT_HOST_CLASS	20	17.247901480756	16
ARBITRARY_LOCAL_CODEBOOK	4	HELD_PHYSICAL_FOLIO	F:ARBITRARY_LOCAL_CODEBOOK:CONTROL_P:R3:S2:F0170	POSITION_CONTEXT	11	2.030206314920	11
ARBITRARY_LOCAL_CODEBOOK	4	HELD_PHYSICAL_FOLIO	F:ARBITRARY_LOCAL_CODEBOOK:CONTROL_P:R3:S2:F0170	OTHER_POSITION_HOST_BAG	11	2.937770320650	11
ARBITRARY_LOCAL_CODEBOOK	4	HELD_PHYSICAL_FOLIO	F:ARBITRARY_LOCAL_CODEBOOK:CONTROL_P:R3:S2:F0170	LATENT_HOST_CLASS	11	2.865249185819	11
ARBITRARY_LOCAL_CODEBOOK	4	HELD_PHYSICAL_FOLIO	F:ARBITRARY_LOCAL_CODEBOOK:CONTROL_P:R3:S2:F0174	POSITION_CONTEXT	5	0.681782181884	5
ARBITRARY_LOCAL_CODEBOOK	4	HELD_PHYSICAL_FOLIO	F:ARBITRARY_LOCAL_CODEBOOK:CONTROL_P:R3:S2:F0174	OTHER_POSITION_HOST_BAG	5	0.858526117161	5
ARBITRARY_LOCAL_CODEBOOK	4	HELD_PHYSICAL_FOLIO	F:ARBITRARY_LOCAL_CODEBOOK:CONTROL_P:R3:S2:F0174	LATENT_HOST_CLASS	5	0.950248898382	5
ARBITRARY_LOCAL_CODEBOOK	4	HELD_PHYSICAL_FOLIO	F:ARBITRARY_LOCAL_CODEBOOK:CONTROL_P:R3:S2:F0175	POSITION_CONTEXT	20	44.571424337106	14
ARBITRARY_LOCAL_CODEBOOK	4	HELD_PHYSICAL_FOLIO	F:ARBITRARY_LOCAL_CODEBOOK:CONTROL_P:R3:S2:F0175	OTHER_POSITION_HOST_BAG	20	39.330412243000	14
ARBITRARY_LOCAL_CODEBOOK	4	HELD_PHYSICAL_FOLIO	F:ARBITRARY_LOCAL_CODEBOOK:CONTROL_P:R3:S2:F0175	LATENT_HOST_CLASS	20	38.749433322651	14
ARBITRARY_LOCAL_CODEBOOK	4	HELD_PHYSICAL_FOLIO	F:ARBITRARY_LOCAL_CODEBOOK:CONTROL_P:R4:S1:F0087	POSITION_CONTEXT	26	6.329338841336	25
ARBITRARY_LOCAL_CODEBOOK	4	HELD_PHYSICAL_FOLIO	F:ARBITRARY_LOCAL_CODEBOOK:CONTROL_P:R4:S1:F0087	OTHER_POSITION_HOST_BAG	26	6.931613294157	25
ARBITRARY_LOCAL_CODEBOOK	4	HELD_PHYSICAL_FOLIO	F:ARBITRARY_LOCAL_CODEBOOK:CONTROL_P:R4:S1:F0087	LATENT_HOST_CLASS	26	7.456393907388	25
ARBITRARY_LOCAL_CODEBOOK	4	HELD_PHYSICAL_FOLIO	F:ARBITRARY_LOCAL_CODEBOOK:CONTROL_P:R4:S1:F0088	POSITION_CONTEXT	11	2.233709064524	11
ARBITRARY_LOCAL_CODEBOOK	4	HELD_PHYSICAL_FOLIO	F:ARBITRARY_LOCAL_CODEBOOK:CONTROL_P:R4:S1:F0088	OTHER_POSITION_HOST_BAG	11	2.683027485568	11
ARBITRARY_LOCAL_CODEBOOK	4	HELD_PHYSICAL_FOLIO	F:ARBITRARY_LOCAL_CODEBOOK:CONTROL_P:R4:S1:F0088	LATENT_HOST_CLASS	11	2.674187738420	11
ARBITRARY_LOCAL_CODEBOOK	4	HELD_PHYSICAL_FOLIO	F:ARBITRARY_LOCAL_CODEBOOK:CONTROL_P:R4:S1:F0138	POSITION_CONTEXT	16	20.361139449273	13
ARBITRARY_LOCAL_CODEBOOK	4	HELD_PHYSICAL_FOLIO	F:ARBITRARY_LOCAL_CODEBOOK:CONTROL_P:R4:S1:F0138	OTHER_POSITION_HOST_BAG	16	21.551569524066	13
ARBITRARY_LOCAL_CODEBOOK	4	HELD_PHYSICAL_FOLIO	F:ARBITRARY_LOCAL_CODEBOOK:CONTROL_P:R4:S1:F0138	LATENT_HOST_CLASS	16	16.790663402761	13
ARBITRARY_LOCAL_CODEBOOK	4	HELD_PHYSICAL_FOLIO	F:ARBITRARY_LOCAL_CODEBOOK:CONTROL_P:R4:S1:F0139	POSITION_CONTEXT	9	4.453596227286	8
ARBITRARY_LOCAL_CODEBOOK	4	HELD_PHYSICAL_FOLIO	F:ARBITRARY_LOCAL_CODEBOOK:CONTROL_P:R4:S1:F0139	OTHER_POSITION_HOST_BAG	9	4.836092981594	8
ARBITRARY_LOCAL_CODEBOOK	4	HELD_PHYSICAL_FOLIO	F:ARBITRARY_LOCAL_CODEBOOK:CONTROL_P:R4:S1:F0139	LATENT_HOST_CLASS	9	4.486929222974	8
ARBITRARY_LOCAL_CODEBOOK	4	HELD_PHYSICAL_FOLIO	F:ARBITRARY_LOCAL_CODEBOOK:CONTROL_P:R4:S1:F0140	POSITION_CONTEXT	6	9.426545460459	3
ARBITRARY_LOCAL_CODEBOOK	4	HELD_PHYSICAL_FOLIO	F:ARBITRARY_LOCAL_CODEBOOK:CONTROL_P:R4:S1:F0140	OTHER_POSITION_HOST_BAG	6	7.430469849614	3
ARBITRARY_LOCAL_CODEBOOK	4	HELD_PHYSICAL_FOLIO	F:ARBITRARY_LOCAL_CODEBOOK:CONTROL_P:R4:S1:F0140	LATENT_HOST_CLASS	6	10.671146662865	3
ARBITRARY_LOCAL_CODEBOOK	4	HELD_PHYSICAL_FOLIO	F:ARBITRARY_LOCAL_CODEBOOK:CONTROL_P:R4:S1:F0141	POSITION_CONTEXT	18	20.791159836508	14
ARBITRARY_LOCAL_CODEBOOK	4	HELD_PHYSICAL_FOLIO	F:ARBITRARY_LOCAL_CODEBOOK:CONTROL_P:R4:S1:F0141	OTHER_POSITION_HOST_BAG	18	19.781746385407	14
ARBITRARY_LOCAL_CODEBOOK	4	HELD_PHYSICAL_FOLIO	F:ARBITRARY_LOCAL_CODEBOOK:CONTROL_P:R4:S1:F0141	LATENT_HOST_CLASS	18	21.043370299693	14
ARBITRARY_LOCAL_CODEBOOK	4	HELD_PHYSICAL_FOLIO	F:ARBITRARY_LOCAL_CODEBOOK:CONTROL_P:R4:S1:F0142	POSITION_CONTEXT	16	22.441209933618	11
ARBITRARY_LOCAL_CODEBOOK	4	HELD_PHYSICAL_FOLIO	F:ARBITRARY_LOCAL_CODEBOOK:CONTROL_P:R4:S1:F0142	OTHER_POSITION_HOST_BAG	16	16.941061735747	11
ARBITRARY_LOCAL_CODEBOOK	4	HELD_PHYSICAL_FOLIO	F:ARBITRARY_LOCAL_CODEBOOK:CONTROL_P:R4:S1:F0142	LATENT_HOST_CLASS	16	17.765011902345	11
ARBITRARY_LOCAL_CODEBOOK	4	HELD_PHYSICAL_FOLIO	F:ARBITRARY_LOCAL_CODEBOOK:CONTROL_P:R4:S1:F0143	POSITION_CONTEXT	26	43.683228821720	20
ARBITRARY_LOCAL_CODEBOOK	4	HELD_PHYSICAL_FOLIO	F:ARBITRARY_LOCAL_CODEBOOK:CONTROL_P:R4:S1:F0143	OTHER_POSITION_HOST_BAG	26	50.544510101414	20
ARBITRARY_LOCAL_CODEBOOK	4	HELD_PHYSICAL_FOLIO	F:ARBITRARY_LOCAL_CODEBOOK:CONTROL_P:R4:S1:F0143	LATENT_HOST_CLASS	26	42.408979808512	20
ARBITRARY_LOCAL_CODEBOOK	4	HELD_PHYSICAL_FOLIO	F:ARBITRARY_LOCAL_CODEBOOK:CONTROL_P:R4:S1:F0144	POSITION_CONTEXT	19	24.231802971963	14
ARBITRARY_LOCAL_CODEBOOK	4	HELD_PHYSICAL_FOLIO	F:ARBITRARY_LOCAL_CODEBOOK:CONTROL_P:R4:S1:F0144	OTHER_POSITION_HOST_BAG	19	22.418734780450	14
ARBITRARY_LOCAL_CODEBOOK	4	HELD_PHYSICAL_FOLIO	F:ARBITRARY_LOCAL_CODEBOOK:CONTROL_P:R4:S1:F0144	LATENT_HOST_CLASS	19	24.344940545970	14
ARBITRARY_LOCAL_CODEBOOK	4	HELD_PHYSICAL_FOLIO	F:ARBITRARY_LOCAL_CODEBOOK:CONTROL_P:R4:S1:F0145	POSITION_CONTEXT	8	4.227327929017	7
ARBITRARY_LOCAL_CODEBOOK	4	HELD_PHYSICAL_FOLIO	F:ARBITRARY_LOCAL_CODEBOOK:CONTROL_P:R4:S1:F0145	OTHER_POSITION_HOST_BAG	8	4.549246888256	7
ARBITRARY_LOCAL_CODEBOOK	4	HELD_PHYSICAL_FOLIO	F:ARBITRARY_LOCAL_CODEBOOK:CONTROL_P:R4:S1:F0145	LATENT_HOST_CLASS	8	4.569901754479	7
ARBITRARY_LOCAL_CODEBOOK	4	HELD_PHYSICAL_FOLIO	F:ARBITRARY_LOCAL_CODEBOOK:CONTROL_P:R4:S1:F0146	POSITION_CONTEXT	14	11.748986943878	11
ARBITRARY_LOCAL_CODEBOOK	4	HELD_PHYSICAL_FOLIO	F:ARBITRARY_LOCAL_CODEBOOK:CONTROL_P:R4:S1:F0146	OTHER_POSITION_HOST_BAG	14	11.495443621804	11
ARBITRARY_LOCAL_CODEBOOK	4	HELD_PHYSICAL_FOLIO	F:ARBITRARY_LOCAL_CODEBOOK:CONTROL_P:R4:S1:F0146	LATENT_HOST_CLASS	14	12.894202483273	11
ARBITRARY_LOCAL_CODEBOOK	4	HELD_PHYSICAL_FOLIO	F:ARBITRARY_LOCAL_CODEBOOK:CONTROL_P:R4:S1:F0147	POSITION_CONTEXT	21	12.953916270559	18
ARBITRARY_LOCAL_CODEBOOK	4	HELD_PHYSICAL_FOLIO	F:ARBITRARY_LOCAL_CODEBOOK:CONTROL_P:R4:S1:F0147	OTHER_POSITION_HOST_BAG	21	12.011544284252	18
ARBITRARY_LOCAL_CODEBOOK	4	HELD_PHYSICAL_FOLIO	F:ARBITRARY_LOCAL_CODEBOOK:CONTROL_P:R4:S1:F0147	LATENT_HOST_CLASS	21	14.390703519882	18
ARBITRARY_LOCAL_CODEBOOK	4	HELD_PHYSICAL_FOLIO	F:ARBITRARY_LOCAL_CODEBOOK:CONTROL_P:R4:S1:F0148	POSITION_CONTEXT	18	21.484908576216	14
ARBITRARY_LOCAL_CODEBOOK	4	HELD_PHYSICAL_FOLIO	F:ARBITRARY_LOCAL_CODEBOOK:CONTROL_P:R4:S1:F0148	OTHER_POSITION_HOST_BAG	18	21.863533365599	14
ARBITRARY_LOCAL_CODEBOOK	4	HELD_PHYSICAL_FOLIO	F:ARBITRARY_LOCAL_CODEBOOK:CONTROL_P:R4:S1:F0148	LATENT_HOST_CLASS	18	22.589127911532	14
ARBITRARY_LOCAL_CODEBOOK	4	HELD_PHYSICAL_FOLIO	F:ARBITRARY_LOCAL_CODEBOOK:CONTROL_P:R4:S1:F0149	POSITION_CONTEXT	7	1.908161482993	7
ARBITRARY_LOCAL_CODEBOOK	4	HELD_PHYSICAL_FOLIO	F:ARBITRARY_LOCAL_CODEBOOK:CONTROL_P:R4:S1:F0149	OTHER_POSITION_HOST_BAG	7	2.374556205871	7
ARBITRARY_LOCAL_CODEBOOK	4	HELD_PHYSICAL_FOLIO	F:ARBITRARY_LOCAL_CODEBOOK:CONTROL_P:R4:S1:F0149	LATENT_HOST_CLASS	7	2.023017648966	7
ARBITRARY_LOCAL_CODEBOOK	4	HELD_PHYSICAL_FOLIO	F:ARBITRARY_LOCAL_CODEBOOK:CONTROL_P:R4:S2:F0077	POSITION_CONTEXT	22	12.323810769282	19
ARBITRARY_LOCAL_CODEBOOK	4	HELD_PHYSICAL_FOLIO	F:ARBITRARY_LOCAL_CODEBOOK:CONTROL_P:R4:S2:F0077	OTHER_POSITION_HOST_BAG	22	13.828162147501	19
ARBITRARY_LOCAL_CODEBOOK	4	HELD_PHYSICAL_FOLIO	F:ARBITRARY_LOCAL_CODEBOOK:CONTROL_P:R4:S2:F0077	LATENT_HOST_CLASS	22	15.416748064339	19
ARBITRARY_LOCAL_CODEBOOK	4	HELD_PHYSICAL_FOLIO	F:ARBITRARY_LOCAL_CODEBOOK:CONTROL_P:R4:S2:F0078	POSITION_CONTEXT	29	39.630723882744	21
ARBITRARY_LOCAL_CODEBOOK	4	HELD_PHYSICAL_FOLIO	F:ARBITRARY_LOCAL_CODEBOOK:CONTROL_P:R4:S2:F0078	OTHER_POSITION_HOST_BAG	29	39.322945693957	21
ARBITRARY_LOCAL_CODEBOOK	4	HELD_PHYSICAL_FOLIO	F:ARBITRARY_LOCAL_CODEBOOK:CONTROL_P:R4:S2:F0078	LATENT_HOST_CLASS	29	37.950635301183	21
ARBITRARY_LOCAL_CODEBOOK	4	HELD_PHYSICAL_FOLIO	F:ARBITRARY_LOCAL_CODEBOOK:CONTROL_P:R4:S2:F0150	POSITION_CONTEXT	6	10.748186642261	4
ARBITRARY_LOCAL_CODEBOOK	4	HELD_PHYSICAL_FOLIO	F:ARBITRARY_LOCAL_CODEBOOK:CONTROL_P:R4:S2:F0150	OTHER_POSITION_HOST_BAG	6	11.222695651206	4
ARBITRARY_LOCAL_CODEBOOK	4	HELD_PHYSICAL_FOLIO	F:ARBITRARY_LOCAL_CODEBOOK:CONTROL_P:R4:S2:F0150	LATENT_HOST_CLASS	6	10.944180986359	4
ARBITRARY_LOCAL_CODEBOOK	4	HELD_PHYSICAL_FOLIO	F:ARBITRARY_LOCAL_CODEBOOK:CONTROL_P:R4:S2:F0151	POSITION_CONTEXT	11	4.008745448486	10
ARBITRARY_LOCAL_CODEBOOK	4	HELD_PHYSICAL_FOLIO	F:ARBITRARY_LOCAL_CODEBOOK:CONTROL_P:R4:S2:F0151	OTHER_POSITION_HOST_BAG	11	5.276348200884	10
ARBITRARY_LOCAL_CODEBOOK	4	HELD_PHYSICAL_FOLIO	F:ARBITRARY_LOCAL_CODEBOOK:CONTROL_P:R4:S2:F0151	LATENT_HOST_CLASS	11	5.686714106460	10
ARBITRARY_LOCAL_CODEBOOK	4	HELD_PHYSICAL_FOLIO	F:ARBITRARY_LOCAL_CODEBOOK:CONTROL_P:R4:S2:F0152	POSITION_CONTEXT	15	14.329494159366	13
ARBITRARY_LOCAL_CODEBOOK	4	HELD_PHYSICAL_FOLIO	F:ARBITRARY_LOCAL_CODEBOOK:CONTROL_P:R4:S2:F0152	OTHER_POSITION_HOST_BAG	15	16.981260010374	13
ARBITRARY_LOCAL_CODEBOOK	4	HELD_PHYSICAL_FOLIO	F:ARBITRARY_LOCAL_CODEBOOK:CONTROL_P:R4:S2:F0152	LATENT_HOST_CLASS	15	12.588666826522	13
ARBITRARY_LOCAL_CODEBOOK	4	HELD_PHYSICAL_FOLIO	F:ARBITRARY_LOCAL_CODEBOOK:CONTROL_P:R4:S2:F0153	POSITION_CONTEXT	40	42.874490736638	32
ARBITRARY_LOCAL_CODEBOOK	4	HELD_PHYSICAL_FOLIO	F:ARBITRARY_LOCAL_CODEBOOK:CONTROL_P:R4:S2:F0153	OTHER_POSITION_HOST_BAG	40	37.675265748367	32
ARBITRARY_LOCAL_CODEBOOK	4	HELD_PHYSICAL_FOLIO	F:ARBITRARY_LOCAL_CODEBOOK:CONTROL_P:R4:S2:F0153	LATENT_HOST_CLASS	40	43.349012606458	32
ARBITRARY_LOCAL_CODEBOOK	4	HELD_PHYSICAL_FOLIO	F:ARBITRARY_LOCAL_CODEBOOK:CONTROL_P:R4:S2:F0154	POSITION_CONTEXT	20	9.436673009649	18
ARBITRARY_LOCAL_CODEBOOK	4	HELD_PHYSICAL_FOLIO	F:ARBITRARY_LOCAL_CODEBOOK:CONTROL_P:R4:S2:F0154	OTHER_POSITION_HOST_BAG	20	9.889330400125	18
ARBITRARY_LOCAL_CODEBOOK	4	HELD_PHYSICAL_FOLIO	F:ARBITRARY_LOCAL_CODEBOOK:CONTROL_P:R4:S2:F0154	LATENT_HOST_CLASS	20	10.014583625749	18
ARBITRARY_LOCAL_CODEBOOK	4	HELD_PHYSICAL_FOLIO	F:ARBITRARY_LOCAL_CODEBOOK:CONTROL_P:R4:S2:F0155	POSITION_CONTEXT	8	3.782335977482	7
ARBITRARY_LOCAL_CODEBOOK	4	HELD_PHYSICAL_FOLIO	F:ARBITRARY_LOCAL_CODEBOOK:CONTROL_P:R4:S2:F0155	OTHER_POSITION_HOST_BAG	8	4.953077227840	7
ARBITRARY_LOCAL_CODEBOOK	4	HELD_PHYSICAL_FOLIO	F:ARBITRARY_LOCAL_CODEBOOK:CONTROL_P:R4:S2:F0155	LATENT_HOST_CLASS	8	4.804795711792	7
ARBITRARY_LOCAL_CODEBOOK	4	HELD_PHYSICAL_FOLIO	F:ARBITRARY_LOCAL_CODEBOOK:CONTROL_P:R4:S2:F0156	POSITION_CONTEXT	19	11.500049061855	16
ARBITRARY_LOCAL_CODEBOOK	4	HELD_PHYSICAL_FOLIO	F:ARBITRARY_LOCAL_CODEBOOK:CONTROL_P:R4:S2:F0156	OTHER_POSITION_HOST_BAG	19	10.216913321095	16
ARBITRARY_LOCAL_CODEBOOK	4	HELD_PHYSICAL_FOLIO	F:ARBITRARY_LOCAL_CODEBOOK:CONTROL_P:R4:S2:F0156	LATENT_HOST_CLASS	19	12.535321803886	16
ARBITRARY_LOCAL_CODEBOOK	4	HELD_PHYSICAL_FOLIO	F:ARBITRARY_LOCAL_CODEBOOK:CONTROL_P:R4:S2:F0157	POSITION_CONTEXT	44	30.341350152472	37
ARBITRARY_LOCAL_CODEBOOK	4	HELD_PHYSICAL_FOLIO	F:ARBITRARY_LOCAL_CODEBOOK:CONTROL_P:R4:S2:F0157	OTHER_POSITION_HOST_BAG	44	29.327778770781	37
ARBITRARY_LOCAL_CODEBOOK	4	HELD_PHYSICAL_FOLIO	F:ARBITRARY_LOCAL_CODEBOOK:CONTROL_P:R4:S2:F0157	LATENT_HOST_CLASS	44	31.234015311397	37
ARBITRARY_LOCAL_CODEBOOK	4	HELD_PHYSICAL_FOLIO	F:ARBITRARY_LOCAL_CODEBOOK:CONTROL_P:R4:S2:F0158	POSITION_CONTEXT	33	26.381066493741	28
ARBITRARY_LOCAL_CODEBOOK	4	HELD_PHYSICAL_FOLIO	F:ARBITRARY_LOCAL_CODEBOOK:CONTROL_P:R4:S2:F0158	OTHER_POSITION_HOST_BAG	33	27.835894339061	28
ARBITRARY_LOCAL_CODEBOOK	4	HELD_PHYSICAL_FOLIO	F:ARBITRARY_LOCAL_CODEBOOK:CONTROL_P:R4:S2:F0158	LATENT_HOST_CLASS	33	27.161244549258	28
ARBITRARY_LOCAL_CODEBOOK	4	HELD_PHYSICAL_FOLIO	F:ARBITRARY_LOCAL_CODEBOOK:CONTROL_P:R4:S2:F0159	POSITION_CONTEXT	14	9.438458491560	12
ARBITRARY_LOCAL_CODEBOOK	4	HELD_PHYSICAL_FOLIO	F:ARBITRARY_LOCAL_CODEBOOK:CONTROL_P:R4:S2:F0159	OTHER_POSITION_HOST_BAG	14	10.038144123326	12
ARBITRARY_LOCAL_CODEBOOK	4	HELD_PHYSICAL_FOLIO	F:ARBITRARY_LOCAL_CODEBOOK:CONTROL_P:R4:S2:F0159	LATENT_HOST_CLASS	14	10.165369938819	12
ARBITRARY_LOCAL_CODEBOOK	4	HELD_PHYSICAL_FOLIO	F:ARBITRARY_LOCAL_CODEBOOK:CONTROL_P:R4:S2:F0160	POSITION_CONTEXT	14	16.039393851349	10
ARBITRARY_LOCAL_CODEBOOK	4	HELD_PHYSICAL_FOLIO	F:ARBITRARY_LOCAL_CODEBOOK:CONTROL_P:R4:S2:F0160	OTHER_POSITION_HOST_BAG	14	15.500556481433	10
ARBITRARY_LOCAL_CODEBOOK	4	HELD_PHYSICAL_FOLIO	F:ARBITRARY_LOCAL_CODEBOOK:CONTROL_P:R4:S2:F0160	LATENT_HOST_CLASS	14	16.593663341487	10
ARBITRARY_LOCAL_CODEBOOK	4	HELD_PHYSICAL_FOLIO	F:ARBITRARY_LOCAL_CODEBOOK:CONTROL_P:R4:S2:F0161	POSITION_CONTEXT	13	10.324751982534	10
ARBITRARY_LOCAL_CODEBOOK	4	HELD_PHYSICAL_FOLIO	F:ARBITRARY_LOCAL_CODEBOOK:CONTROL_P:R4:S2:F0161	OTHER_POSITION_HOST_BAG	13	10.065270160110	10
ARBITRARY_LOCAL_CODEBOOK	4	HELD_PHYSICAL_FOLIO	F:ARBITRARY_LOCAL_CODEBOOK:CONTROL_P:R4:S2:F0161	LATENT_HOST_CLASS	13	12.238049086633	10
ARBITRARY_LOCAL_CODEBOOK	4	HELD_PHYSICAL_FOLIO	F:ARBITRARY_LOCAL_CODEBOOK:CONTROL_P:R4:S2:F0162	POSITION_CONTEXT	22	3.965682153766	22
ARBITRARY_LOCAL_CODEBOOK	4	HELD_PHYSICAL_FOLIO	F:ARBITRARY_LOCAL_CODEBOOK:CONTROL_P:R4:S2:F0162	OTHER_POSITION_HOST_BAG	22	6.241405201073	22
ARBITRARY_LOCAL_CODEBOOK	4	HELD_PHYSICAL_FOLIO	F:ARBITRARY_LOCAL_CODEBOOK:CONTROL_P:R4:S2:F0162	LATENT_HOST_CLASS	22	4.805475199007	22
COMPOSITIONAL_TECHNICAL_NOTATION	4	HELD_PHYSICAL_FOLIO	F:COMPOSITIONAL_TECHNICAL_NOTATION:CONTROL_Q:R1:S1:F0009	POSITION_CONTEXT	25	43.244174611378	17
COMPOSITIONAL_TECHNICAL_NOTATION	4	HELD_PHYSICAL_FOLIO	F:COMPOSITIONAL_TECHNICAL_NOTATION:CONTROL_Q:R1:S1:F0009	OTHER_POSITION_HOST_BAG	25	50.418896958279	13
COMPOSITIONAL_TECHNICAL_NOTATION	4	HELD_PHYSICAL_FOLIO	F:COMPOSITIONAL_TECHNICAL_NOTATION:CONTROL_Q:R1:S1:F0009	LATENT_HOST_CLASS	25	43.816386449650	16
COMPOSITIONAL_TECHNICAL_NOTATION	4	HELD_PHYSICAL_FOLIO	F:COMPOSITIONAL_TECHNICAL_NOTATION:CONTROL_Q:R1:S1:F0010	POSITION_CONTEXT	17	29.257250968446	11
COMPOSITIONAL_TECHNICAL_NOTATION	4	HELD_PHYSICAL_FOLIO	F:COMPOSITIONAL_TECHNICAL_NOTATION:CONTROL_Q:R1:S1:F0010	OTHER_POSITION_HOST_BAG	17	32.987141208719	11
COMPOSITIONAL_TECHNICAL_NOTATION	4	HELD_PHYSICAL_FOLIO	F:COMPOSITIONAL_TECHNICAL_NOTATION:CONTROL_Q:R1:S1:F0010	LATENT_HOST_CLASS	17	28.857395222056	11
COMPOSITIONAL_TECHNICAL_NOTATION	4	HELD_PHYSICAL_FOLIO	F:COMPOSITIONAL_TECHNICAL_NOTATION:CONTROL_Q:R1:S1:F0011	POSITION_CONTEXT	16	30.966348422170	10
COMPOSITIONAL_TECHNICAL_NOTATION	4	HELD_PHYSICAL_FOLIO	F:COMPOSITIONAL_TECHNICAL_NOTATION:CONTROL_Q:R1:S1:F0011	OTHER_POSITION_HOST_BAG	16	33.802758384688	8
COMPOSITIONAL_TECHNICAL_NOTATION	4	HELD_PHYSICAL_FOLIO	F:COMPOSITIONAL_TECHNICAL_NOTATION:CONTROL_Q:R1:S1:F0011	LATENT_HOST_CLASS	16	30.101941182777	8
COMPOSITIONAL_TECHNICAL_NOTATION	4	HELD_PHYSICAL_FOLIO	F:COMPOSITIONAL_TECHNICAL_NOTATION:CONTROL_Q:R1:S1:F0012	POSITION_CONTEXT	7	8.756683052691	6
COMPOSITIONAL_TECHNICAL_NOTATION	4	HELD_PHYSICAL_FOLIO	F:COMPOSITIONAL_TECHNICAL_NOTATION:CONTROL_Q:R1:S1:F0012	OTHER_POSITION_HOST_BAG	7	12.925645228513	6
COMPOSITIONAL_TECHNICAL_NOTATION	4	HELD_PHYSICAL_FOLIO	F:COMPOSITIONAL_TECHNICAL_NOTATION:CONTROL_Q:R1:S1:F0012	LATENT_HOST_CLASS	7	8.723904817307	6
COMPOSITIONAL_TECHNICAL_NOTATION	4	HELD_PHYSICAL_FOLIO	F:COMPOSITIONAL_TECHNICAL_NOTATION:CONTROL_Q:R1:S1:F0013	POSITION_CONTEXT	17	23.278395453119	13
COMPOSITIONAL_TECHNICAL_NOTATION	4	HELD_PHYSICAL_FOLIO	F:COMPOSITIONAL_TECHNICAL_NOTATION:CONTROL_Q:R1:S1:F0013	OTHER_POSITION_HOST_BAG	17	22.155503076644	11
COMPOSITIONAL_TECHNICAL_NOTATION	4	HELD_PHYSICAL_FOLIO	F:COMPOSITIONAL_TECHNICAL_NOTATION:CONTROL_Q:R1:S1:F0013	LATENT_HOST_CLASS	17	18.666509183369	14
COMPOSITIONAL_TECHNICAL_NOTATION	4	HELD_PHYSICAL_FOLIO	F:COMPOSITIONAL_TECHNICAL_NOTATION:CONTROL_Q:R1:S1:F0014	POSITION_CONTEXT	12	17.480026199397	8
COMPOSITIONAL_TECHNICAL_NOTATION	4	HELD_PHYSICAL_FOLIO	F:COMPOSITIONAL_TECHNICAL_NOTATION:CONTROL_Q:R1:S1:F0014	OTHER_POSITION_HOST_BAG	12	19.151099956850	8
COMPOSITIONAL_TECHNICAL_NOTATION	4	HELD_PHYSICAL_FOLIO	F:COMPOSITIONAL_TECHNICAL_NOTATION:CONTROL_Q:R1:S1:F0014	LATENT_HOST_CLASS	12	18.701069066539	8
COMPOSITIONAL_TECHNICAL_NOTATION	4	HELD_PHYSICAL_FOLIO	F:COMPOSITIONAL_TECHNICAL_NOTATION:CONTROL_Q:R1:S1:F0015	POSITION_CONTEXT	12	21.951884631814	6
COMPOSITIONAL_TECHNICAL_NOTATION	4	HELD_PHYSICAL_FOLIO	F:COMPOSITIONAL_TECHNICAL_NOTATION:CONTROL_Q:R1:S1:F0015	OTHER_POSITION_HOST_BAG	12	26.015943557603	5
COMPOSITIONAL_TECHNICAL_NOTATION	4	HELD_PHYSICAL_FOLIO	F:COMPOSITIONAL_TECHNICAL_NOTATION:CONTROL_Q:R1:S1:F0015	LATENT_HOST_CLASS	12	23.724796836246	5
COMPOSITIONAL_TECHNICAL_NOTATION	4	HELD_PHYSICAL_FOLIO	F:COMPOSITIONAL_TECHNICAL_NOTATION:CONTROL_Q:R1:S1:F0016	POSITION_CONTEXT	8	10.377519456951	7
COMPOSITIONAL_TECHNICAL_NOTATION	4	HELD_PHYSICAL_FOLIO	F:COMPOSITIONAL_TECHNICAL_NOTATION:CONTROL_Q:R1:S1:F0016	OTHER_POSITION_HOST_BAG	8	14.394046517742	4
COMPOSITIONAL_TECHNICAL_NOTATION	4	HELD_PHYSICAL_FOLIO	F:COMPOSITIONAL_TECHNICAL_NOTATION:CONTROL_Q:R1:S1:F0016	LATENT_HOST_CLASS	8	13.578124302796	5
COMPOSITIONAL_TECHNICAL_NOTATION	4	HELD_PHYSICAL_FOLIO	F:COMPOSITIONAL_TECHNICAL_NOTATION:CONTROL_Q:R1:S1:F0017	POSITION_CONTEXT	15	22.684426971221	8
COMPOSITIONAL_TECHNICAL_NOTATION	4	HELD_PHYSICAL_FOLIO	F:COMPOSITIONAL_TECHNICAL_NOTATION:CONTROL_Q:R1:S1:F0017	OTHER_POSITION_HOST_BAG	15	19.961208796660	10
COMPOSITIONAL_TECHNICAL_NOTATION	4	HELD_PHYSICAL_FOLIO	F:COMPOSITIONAL_TECHNICAL_NOTATION:CONTROL_Q:R1:S1:F0017	LATENT_HOST_CLASS	15	26.642292812437	9
COMPOSITIONAL_TECHNICAL_NOTATION	4	HELD_PHYSICAL_FOLIO	F:COMPOSITIONAL_TECHNICAL_NOTATION:CONTROL_Q:R1:S1:F0018	POSITION_CONTEXT	28	47.914430967387	20
COMPOSITIONAL_TECHNICAL_NOTATION	4	HELD_PHYSICAL_FOLIO	F:COMPOSITIONAL_TECHNICAL_NOTATION:CONTROL_Q:R1:S1:F0018	OTHER_POSITION_HOST_BAG	28	51.361025790454	17
COMPOSITIONAL_TECHNICAL_NOTATION	4	HELD_PHYSICAL_FOLIO	F:COMPOSITIONAL_TECHNICAL_NOTATION:CONTROL_Q:R1:S1:F0018	LATENT_HOST_CLASS	28	48.486248230877	19
COMPOSITIONAL_TECHNICAL_NOTATION	4	HELD_PHYSICAL_FOLIO	F:COMPOSITIONAL_TECHNICAL_NOTATION:CONTROL_Q:R1:S1:F0019	POSITION_CONTEXT	0	0.000000000000	0
COMPOSITIONAL_TECHNICAL_NOTATION	4	HELD_PHYSICAL_FOLIO	F:COMPOSITIONAL_TECHNICAL_NOTATION:CONTROL_Q:R1:S1:F0019	OTHER_POSITION_HOST_BAG	0	0.000000000000	0
COMPOSITIONAL_TECHNICAL_NOTATION	4	HELD_PHYSICAL_FOLIO	F:COMPOSITIONAL_TECHNICAL_NOTATION:CONTROL_Q:R1:S1:F0019	LATENT_HOST_CLASS	0	0.000000000000	0
COMPOSITIONAL_TECHNICAL_NOTATION	4	HELD_PHYSICAL_FOLIO	F:COMPOSITIONAL_TECHNICAL_NOTATION:CONTROL_Q:R1:S1:F0029	POSITION_CONTEXT	17	32.401807312522	10
COMPOSITIONAL_TECHNICAL_NOTATION	4	HELD_PHYSICAL_FOLIO	F:COMPOSITIONAL_TECHNICAL_NOTATION:CONTROL_Q:R1:S1:F0029	OTHER_POSITION_HOST_BAG	17	33.302982751403	11
COMPOSITIONAL_TECHNICAL_NOTATION	4	HELD_PHYSICAL_FOLIO	F:COMPOSITIONAL_TECHNICAL_NOTATION:CONTROL_Q:R1:S1:F0029	LATENT_HOST_CLASS	17	30.721566850694	11
COMPOSITIONAL_TECHNICAL_NOTATION	4	HELD_PHYSICAL_FOLIO	F:COMPOSITIONAL_TECHNICAL_NOTATION:CONTROL_Q:R1:S1:F0030	POSITION_CONTEXT	7	13.609900369213	4
COMPOSITIONAL_TECHNICAL_NOTATION	4	HELD_PHYSICAL_FOLIO	F:COMPOSITIONAL_TECHNICAL_NOTATION:CONTROL_Q:R1:S1:F0030	OTHER_POSITION_HOST_BAG	7	14.683945693105	2
COMPOSITIONAL_TECHNICAL_NOTATION	4	HELD_PHYSICAL_FOLIO	F:COMPOSITIONAL_TECHNICAL_NOTATION:CONTROL_Q:R1:S1:F0030	LATENT_HOST_CLASS	7	16.282368585138	3
COMPOSITIONAL_TECHNICAL_NOTATION	4	HELD_PHYSICAL_FOLIO	F:COMPOSITIONAL_TECHNICAL_NOTATION:CONTROL_Q:R1:S1:F0031	POSITION_CONTEXT	16	28.930468847487	10
COMPOSITIONAL_TECHNICAL_NOTATION	4	HELD_PHYSICAL_FOLIO	F:COMPOSITIONAL_TECHNICAL_NOTATION:CONTROL_Q:R1:S1:F0031	OTHER_POSITION_HOST_BAG	16	30.034349576429	8
COMPOSITIONAL_TECHNICAL_NOTATION	4	HELD_PHYSICAL_FOLIO	F:COMPOSITIONAL_TECHNICAL_NOTATION:CONTROL_Q:R1:S1:F0031	LATENT_HOST_CLASS	16	31.283948413527	8
COMPOSITIONAL_TECHNICAL_NOTATION	4	HELD_PHYSICAL_FOLIO	F:COMPOSITIONAL_TECHNICAL_NOTATION:CONTROL_Q:R1:S1:F0032	POSITION_CONTEXT	14	32.808106005922	7
COMPOSITIONAL_TECHNICAL_NOTATION	4	HELD_PHYSICAL_FOLIO	F:COMPOSITIONAL_TECHNICAL_NOTATION:CONTROL_Q:R1:S1:F0032	OTHER_POSITION_HOST_BAG	14	28.980422310823	7
COMPOSITIONAL_TECHNICAL_NOTATION	4	HELD_PHYSICAL_FOLIO	F:COMPOSITIONAL_TECHNICAL_NOTATION:CONTROL_Q:R1:S1:F0032	LATENT_HOST_CLASS	14	27.119315470492	7
COMPOSITIONAL_TECHNICAL_NOTATION	4	HELD_PHYSICAL_FOLIO	F:COMPOSITIONAL_TECHNICAL_NOTATION:CONTROL_Q:R1:S1:F0033	POSITION_CONTEXT	2	1.636852431297	2
COMPOSITIONAL_TECHNICAL_NOTATION	4	HELD_PHYSICAL_FOLIO	F:COMPOSITIONAL_TECHNICAL_NOTATION:CONTROL_Q:R1:S1:F0033	OTHER_POSITION_HOST_BAG	2	1.875167477914	2
COMPOSITIONAL_TECHNICAL_NOTATION	4	HELD_PHYSICAL_FOLIO	F:COMPOSITIONAL_TECHNICAL_NOTATION:CONTROL_Q:R1:S1:F0033	LATENT_HOST_CLASS	2	1.419115591229	2
COMPOSITIONAL_TECHNICAL_NOTATION	4	HELD_PHYSICAL_FOLIO	F:COMPOSITIONAL_TECHNICAL_NOTATION:CONTROL_Q:R1:S1:F0034	POSITION_CONTEXT	12	16.716132182903	8
COMPOSITIONAL_TECHNICAL_NOTATION	4	HELD_PHYSICAL_FOLIO	F:COMPOSITIONAL_TECHNICAL_NOTATION:CONTROL_Q:R1:S1:F0034	OTHER_POSITION_HOST_BAG	12	18.143958183732	7
COMPOSITIONAL_TECHNICAL_NOTATION	4	HELD_PHYSICAL_FOLIO	F:COMPOSITIONAL_TECHNICAL_NOTATION:CONTROL_Q:R1:S1:F0034	LATENT_HOST_CLASS	12	18.702486596211	8
COMPOSITIONAL_TECHNICAL_NOTATION	4	HELD_PHYSICAL_FOLIO	F:COMPOSITIONAL_TECHNICAL_NOTATION:CONTROL_Q:R1:S1:F0035	POSITION_CONTEXT	28	43.220018425624	18
COMPOSITIONAL_TECHNICAL_NOTATION	4	HELD_PHYSICAL_FOLIO	F:COMPOSITIONAL_TECHNICAL_NOTATION:CONTROL_Q:R1:S1:F0035	OTHER_POSITION_HOST_BAG	28	54.223593467575	17
COMPOSITIONAL_TECHNICAL_NOTATION	4	HELD_PHYSICAL_FOLIO	F:COMPOSITIONAL_TECHNICAL_NOTATION:CONTROL_Q:R1:S1:F0035	LATENT_HOST_CLASS	28	48.326228596346	18
COMPOSITIONAL_TECHNICAL_NOTATION	4	HELD_PHYSICAL_FOLIO	F:COMPOSITIONAL_TECHNICAL_NOTATION:CONTROL_Q:R1:S1:F0036	POSITION_CONTEXT	32	57.186776935588	22
COMPOSITIONAL_TECHNICAL_NOTATION	4	HELD_PHYSICAL_FOLIO	F:COMPOSITIONAL_TECHNICAL_NOTATION:CONTROL_Q:R1:S1:F0036	OTHER_POSITION_HOST_BAG	32	78.917524694012	19
COMPOSITIONAL_TECHNICAL_NOTATION	4	HELD_PHYSICAL_FOLIO	F:COMPOSITIONAL_TECHNICAL_NOTATION:CONTROL_Q:R1:S1:F0036	LATENT_HOST_CLASS	32	51.736303678667	23
COMPOSITIONAL_TECHNICAL_NOTATION	4	HELD_PHYSICAL_FOLIO	F:COMPOSITIONAL_TECHNICAL_NOTATION:CONTROL_Q:R1:S1:F0037	POSITION_CONTEXT	27	34.751957149460	22
COMPOSITIONAL_TECHNICAL_NOTATION	4	HELD_PHYSICAL_FOLIO	F:COMPOSITIONAL_TECHNICAL_NOTATION:CONTROL_Q:R1:S1:F0037	OTHER_POSITION_HOST_BAG	27	37.822866399726	21
COMPOSITIONAL_TECHNICAL_NOTATION	4	HELD_PHYSICAL_FOLIO	F:COMPOSITIONAL_TECHNICAL_NOTATION:CONTROL_Q:R1:S1:F0037	LATENT_HOST_CLASS	27	33.801974349680	22
COMPOSITIONAL_TECHNICAL_NOTATION	4	HELD_PHYSICAL_FOLIO	F:COMPOSITIONAL_TECHNICAL_NOTATION:CONTROL_Q:R1:S1:F0038	POSITION_CONTEXT	20	34.273291281717	11
COMPOSITIONAL_TECHNICAL_NOTATION	4	HELD_PHYSICAL_FOLIO	F:COMPOSITIONAL_TECHNICAL_NOTATION:CONTROL_Q:R1:S1:F0038	OTHER_POSITION_HOST_BAG	20	40.312691073200	10
COMPOSITIONAL_TECHNICAL_NOTATION	4	HELD_PHYSICAL_FOLIO	F:COMPOSITIONAL_TECHNICAL_NOTATION:CONTROL_Q:R1:S1:F0038	LATENT_HOST_CLASS	20	35.011329815434	11
COMPOSITIONAL_TECHNICAL_NOTATION	4	HELD_PHYSICAL_FOLIO	F:COMPOSITIONAL_TECHNICAL_NOTATION:CONTROL_Q:R1:S1:F0039	POSITION_CONTEXT	30	83.128749018534	9
COMPOSITIONAL_TECHNICAL_NOTATION	4	HELD_PHYSICAL_FOLIO	F:COMPOSITIONAL_TECHNICAL_NOTATION:CONTROL_Q:R1:S1:F0039	OTHER_POSITION_HOST_BAG	30	72.515385309720	8
COMPOSITIONAL_TECHNICAL_NOTATION	4	HELD_PHYSICAL_FOLIO	F:COMPOSITIONAL_TECHNICAL_NOTATION:CONTROL_Q:R1:S1:F0039	LATENT_HOST_CLASS	30	80.467150071251	8
COMPOSITIONAL_TECHNICAL_NOTATION	4	HELD_PHYSICAL_FOLIO	F:COMPOSITIONAL_TECHNICAL_NOTATION:CONTROL_Q:R1:S1:F0040	POSITION_CONTEXT	8	10.814875369788	5
COMPOSITIONAL_TECHNICAL_NOTATION	4	HELD_PHYSICAL_FOLIO	F:COMPOSITIONAL_TECHNICAL_NOTATION:CONTROL_Q:R1:S1:F0040	OTHER_POSITION_HOST_BAG	8	10.312692216966	5
COMPOSITIONAL_TECHNICAL_NOTATION	4	HELD_PHYSICAL_FOLIO	F:COMPOSITIONAL_TECHNICAL_NOTATION:CONTROL_Q:R1:S1:F0040	LATENT_HOST_CLASS	8	12.149606388276	5
COMPOSITIONAL_TECHNICAL_NOTATION	4	HELD_PHYSICAL_FOLIO	F:COMPOSITIONAL_TECHNICAL_NOTATION:CONTROL_Q:R1:S1:F0064	POSITION_CONTEXT	23	65.446283232652	6
COMPOSITIONAL_TECHNICAL_NOTATION	4	HELD_PHYSICAL_FOLIO	F:COMPOSITIONAL_TECHNICAL_NOTATION:CONTROL_Q:R1:S1:F0064	OTHER_POSITION_HOST_BAG	23	71.430595926825	6
COMPOSITIONAL_TECHNICAL_NOTATION	4	HELD_PHYSICAL_FOLIO	F:COMPOSITIONAL_TECHNICAL_NOTATION:CONTROL_Q:R1:S1:F0064	LATENT_HOST_CLASS	23	64.378343865678	6
COMPOSITIONAL_TECHNICAL_NOTATION	4	HELD_PHYSICAL_FOLIO	F:COMPOSITIONAL_TECHNICAL_NOTATION:CONTROL_Q:R1:S1:F0065	POSITION_CONTEXT	21	49.589792118664	7
COMPOSITIONAL_TECHNICAL_NOTATION	4	HELD_PHYSICAL_FOLIO	F:COMPOSITIONAL_TECHNICAL_NOTATION:CONTROL_Q:R1:S1:F0065	OTHER_POSITION_HOST_BAG	21	46.343814441599	7
COMPOSITIONAL_TECHNICAL_NOTATION	4	HELD_PHYSICAL_FOLIO	F:COMPOSITIONAL_TECHNICAL_NOTATION:CONTROL_Q:R1:S1:F0065	LATENT_HOST_CLASS	21	48.230171399853	9
COMPOSITIONAL_TECHNICAL_NOTATION	4	HELD_PHYSICAL_FOLIO	F:COMPOSITIONAL_TECHNICAL_NOTATION:CONTROL_Q:R1:S1:F0066	POSITION_CONTEXT	16	53.288458166533	4
COMPOSITIONAL_TECHNICAL_NOTATION	4	HELD_PHYSICAL_FOLIO	F:COMPOSITIONAL_TECHNICAL_NOTATION:CONTROL_Q:R1:S1:F0066	OTHER_POSITION_HOST_BAG	16	49.792973632458	6
COMPOSITIONAL_TECHNICAL_NOTATION	4	HELD_PHYSICAL_FOLIO	F:COMPOSITIONAL_TECHNICAL_NOTATION:CONTROL_Q:R1:S1:F0066	LATENT_HOST_CLASS	16	45.735576412858	4
COMPOSITIONAL_TECHNICAL_NOTATION	4	HELD_PHYSICAL_FOLIO	F:COMPOSITIONAL_TECHNICAL_NOTATION:CONTROL_Q:R1:S1:F0067	POSITION_CONTEXT	18	38.543148551798	7
COMPOSITIONAL_TECHNICAL_NOTATION	4	HELD_PHYSICAL_FOLIO	F:COMPOSITIONAL_TECHNICAL_NOTATION:CONTROL_Q:R1:S1:F0067	OTHER_POSITION_HOST_BAG	18	43.299259676771	5
COMPOSITIONAL_TECHNICAL_NOTATION	4	HELD_PHYSICAL_FOLIO	F:COMPOSITIONAL_TECHNICAL_NOTATION:CONTROL_Q:R1:S1:F0067	LATENT_HOST_CLASS	18	43.180444071882	8
COMPOSITIONAL_TECHNICAL_NOTATION	4	HELD_PHYSICAL_FOLIO	F:COMPOSITIONAL_TECHNICAL_NOTATION:CONTROL_Q:R1:S1:F0068	POSITION_CONTEXT	25	56.948488885239	11
COMPOSITIONAL_TECHNICAL_NOTATION	4	HELD_PHYSICAL_FOLIO	F:COMPOSITIONAL_TECHNICAL_NOTATION:CONTROL_Q:R1:S1:F0068	OTHER_POSITION_HOST_BAG	25	50.764435026578	10
COMPOSITIONAL_TECHNICAL_NOTATION	4	HELD_PHYSICAL_FOLIO	F:COMPOSITIONAL_TECHNICAL_NOTATION:CONTROL_Q:R1:S1:F0068	LATENT_HOST_CLASS	25	60.404746107940	10
COMPOSITIONAL_TECHNICAL_NOTATION	4	HELD_PHYSICAL_FOLIO	F:COMPOSITIONAL_TECHNICAL_NOTATION:CONTROL_Q:R1:S1:F0069	POSITION_CONTEXT	19	47.165294351473	8
COMPOSITIONAL_TECHNICAL_NOTATION	4	HELD_PHYSICAL_FOLIO	F:COMPOSITIONAL_TECHNICAL_NOTATION:CONTROL_Q:R1:S1:F0069	OTHER_POSITION_HOST_BAG	19	44.842981764297	6
COMPOSITIONAL_TECHNICAL_NOTATION	4	HELD_PHYSICAL_FOLIO	F:COMPOSITIONAL_TECHNICAL_NOTATION:CONTROL_Q:R1:S1:F0069	LATENT_HOST_CLASS	19	50.111303327039	5
COMPOSITIONAL_TECHNICAL_NOTATION	4	HELD_PHYSICAL_FOLIO	F:COMPOSITIONAL_TECHNICAL_NOTATION:CONTROL_Q:R1:S1:F0070	POSITION_CONTEXT	19	30.727130941902	9
COMPOSITIONAL_TECHNICAL_NOTATION	4	HELD_PHYSICAL_FOLIO	F:COMPOSITIONAL_TECHNICAL_NOTATION:CONTROL_Q:R1:S1:F0070	OTHER_POSITION_HOST_BAG	19	29.898327458282	10
COMPOSITIONAL_TECHNICAL_NOTATION	4	HELD_PHYSICAL_FOLIO	F:COMPOSITIONAL_TECHNICAL_NOTATION:CONTROL_Q:R1:S1:F0070	LATENT_HOST_CLASS	19	36.347482048663	9
COMPOSITIONAL_TECHNICAL_NOTATION	4	HELD_PHYSICAL_FOLIO	F:COMPOSITIONAL_TECHNICAL_NOTATION:CONTROL_Q:R1:S1:F0071	POSITION_CONTEXT	20	43.794858424938	8
COMPOSITIONAL_TECHNICAL_NOTATION	4	HELD_PHYSICAL_FOLIO	F:COMPOSITIONAL_TECHNICAL_NOTATION:CONTROL_Q:R1:S1:F0071	OTHER_POSITION_HOST_BAG	20	45.996289968851	10
COMPOSITIONAL_TECHNICAL_NOTATION	4	HELD_PHYSICAL_FOLIO	F:COMPOSITIONAL_TECHNICAL_NOTATION:CONTROL_Q:R1:S1:F0071	LATENT_HOST_CLASS	20	47.634198165020	8
COMPOSITIONAL_TECHNICAL_NOTATION	4	HELD_PHYSICAL_FOLIO	F:COMPOSITIONAL_TECHNICAL_NOTATION:CONTROL_Q:R1:S1:F0072	POSITION_CONTEXT	22	46.385236387016	11
COMPOSITIONAL_TECHNICAL_NOTATION	4	HELD_PHYSICAL_FOLIO	F:COMPOSITIONAL_TECHNICAL_NOTATION:CONTROL_Q:R1:S1:F0072	OTHER_POSITION_HOST_BAG	22	48.305857710616	9
COMPOSITIONAL_TECHNICAL_NOTATION	4	HELD_PHYSICAL_FOLIO	F:COMPOSITIONAL_TECHNICAL_NOTATION:CONTROL_Q:R1:S1:F0072	LATENT_HOST_CLASS	22	50.000508837998	9
COMPOSITIONAL_TECHNICAL_NOTATION	4	HELD_PHYSICAL_FOLIO	F:COMPOSITIONAL_TECHNICAL_NOTATION:CONTROL_Q:R1:S1:F0073	POSITION_CONTEXT	47	104.964387899453	21
COMPOSITIONAL_TECHNICAL_NOTATION	4	HELD_PHYSICAL_FOLIO	F:COMPOSITIONAL_TECHNICAL_NOTATION:CONTROL_Q:R1:S1:F0073	OTHER_POSITION_HOST_BAG	47	105.824560206095	19
COMPOSITIONAL_TECHNICAL_NOTATION	4	HELD_PHYSICAL_FOLIO	F:COMPOSITIONAL_TECHNICAL_NOTATION:CONTROL_Q:R1:S1:F0073	LATENT_HOST_CLASS	47	107.647127860533	19
COMPOSITIONAL_TECHNICAL_NOTATION	4	HELD_PHYSICAL_FOLIO	F:COMPOSITIONAL_TECHNICAL_NOTATION:CONTROL_Q:R1:S1:F0074	POSITION_CONTEXT	15	33.036982150788	6
COMPOSITIONAL_TECHNICAL_NOTATION	4	HELD_PHYSICAL_FOLIO	F:COMPOSITIONAL_TECHNICAL_NOTATION:CONTROL_Q:R1:S1:F0074	OTHER_POSITION_HOST_BAG	15	43.328853988659	5
COMPOSITIONAL_TECHNICAL_NOTATION	4	HELD_PHYSICAL_FOLIO	F:COMPOSITIONAL_TECHNICAL_NOTATION:CONTROL_Q:R1:S1:F0074	LATENT_HOST_CLASS	15	37.182742909910	6
COMPOSITIONAL_TECHNICAL_NOTATION	4	HELD_PHYSICAL_FOLIO	F:COMPOSITIONAL_TECHNICAL_NOTATION:CONTROL_Q:R1:S2:F0000	POSITION_CONTEXT	4	8.663723839832	1
COMPOSITIONAL_TECHNICAL_NOTATION	4	HELD_PHYSICAL_FOLIO	F:COMPOSITIONAL_TECHNICAL_NOTATION:CONTROL_Q:R1:S2:F0000	OTHER_POSITION_HOST_BAG	4	8.975108881047	1
COMPOSITIONAL_TECHNICAL_NOTATION	4	HELD_PHYSICAL_FOLIO	F:COMPOSITIONAL_TECHNICAL_NOTATION:CONTROL_Q:R1:S2:F0000	LATENT_HOST_CLASS	4	11.444611957824	1
COMPOSITIONAL_TECHNICAL_NOTATION	4	HELD_PHYSICAL_FOLIO	F:COMPOSITIONAL_TECHNICAL_NOTATION:CONTROL_Q:R1:S2:F0001	POSITION_CONTEXT	30	63.512275305697	16
COMPOSITIONAL_TECHNICAL_NOTATION	4	HELD_PHYSICAL_FOLIO	F:COMPOSITIONAL_TECHNICAL_NOTATION:CONTROL_Q:R1:S2:F0001	OTHER_POSITION_HOST_BAG	30	74.705098741009	16
COMPOSITIONAL_TECHNICAL_NOTATION	4	HELD_PHYSICAL_FOLIO	F:COMPOSITIONAL_TECHNICAL_NOTATION:CONTROL_Q:R1:S2:F0001	LATENT_HOST_CLASS	30	61.245308892256	18
COMPOSITIONAL_TECHNICAL_NOTATION	4	HELD_PHYSICAL_FOLIO	F:COMPOSITIONAL_TECHNICAL_NOTATION:CONTROL_Q:R1:S2:F0002	POSITION_CONTEXT	16	43.382851942736	4
COMPOSITIONAL_TECHNICAL_NOTATION	4	HELD_PHYSICAL_FOLIO	F:COMPOSITIONAL_TECHNICAL_NOTATION:CONTROL_Q:R1:S2:F0002	OTHER_POSITION_HOST_BAG	16	43.513465264441	4
COMPOSITIONAL_TECHNICAL_NOTATION	4	HELD_PHYSICAL_FOLIO	F:COMPOSITIONAL_TECHNICAL_NOTATION:CONTROL_Q:R1:S2:F0002	LATENT_HOST_CLASS	16	43.757304835385	4
COMPOSITIONAL_TECHNICAL_NOTATION	4	HELD_PHYSICAL_FOLIO	F:COMPOSITIONAL_TECHNICAL_NOTATION:CONTROL_Q:R1:S2:F0003	POSITION_CONTEXT	12	17.149277633373	7
COMPOSITIONAL_TECHNICAL_NOTATION	4	HELD_PHYSICAL_FOLIO	F:COMPOSITIONAL_TECHNICAL_NOTATION:CONTROL_Q:R1:S2:F0003	OTHER_POSITION_HOST_BAG	12	18.656624723947	7
COMPOSITIONAL_TECHNICAL_NOTATION	4	HELD_PHYSICAL_FOLIO	F:COMPOSITIONAL_TECHNICAL_NOTATION:CONTROL_Q:R1:S2:F0003	LATENT_HOST_CLASS	12	17.662402672366	9
COMPOSITIONAL_TECHNICAL_NOTATION	4	HELD_PHYSICAL_FOLIO	F:COMPOSITIONAL_TECHNICAL_NOTATION:CONTROL_Q:R1:S2:F0004	POSITION_CONTEXT	10	12.058632413382	7
COMPOSITIONAL_TECHNICAL_NOTATION	4	HELD_PHYSICAL_FOLIO	F:COMPOSITIONAL_TECHNICAL_NOTATION:CONTROL_Q:R1:S2:F0004	OTHER_POSITION_HOST_BAG	10	14.948205242905	6
COMPOSITIONAL_TECHNICAL_NOTATION	4	HELD_PHYSICAL_FOLIO	F:COMPOSITIONAL_TECHNICAL_NOTATION:CONTROL_Q:R1:S2:F0004	LATENT_HOST_CLASS	10	13.568308235224	8
COMPOSITIONAL_TECHNICAL_NOTATION	4	HELD_PHYSICAL_FOLIO	F:COMPOSITIONAL_TECHNICAL_NOTATION:CONTROL_Q:R1:S2:F0005	POSITION_CONTEXT	14	25.907491104627	8
COMPOSITIONAL_TECHNICAL_NOTATION	4	HELD_PHYSICAL_FOLIO	F:COMPOSITIONAL_TECHNICAL_NOTATION:CONTROL_Q:R1:S2:F0005	OTHER_POSITION_HOST_BAG	14	29.642064857952	7
COMPOSITIONAL_TECHNICAL_NOTATION	4	HELD_PHYSICAL_FOLIO	F:COMPOSITIONAL_TECHNICAL_NOTATION:CONTROL_Q:R1:S2:F0005	LATENT_HOST_CLASS	14	29.146367385706	8
COMPOSITIONAL_TECHNICAL_NOTATION	4	HELD_PHYSICAL_FOLIO	F:COMPOSITIONAL_TECHNICAL_NOTATION:CONTROL_Q:R1:S2:F0006	POSITION_CONTEXT	13	26.073374870995	6
COMPOSITIONAL_TECHNICAL_NOTATION	4	HELD_PHYSICAL_FOLIO	F:COMPOSITIONAL_TECHNICAL_NOTATION:CONTROL_Q:R1:S2:F0006	OTHER_POSITION_HOST_BAG	13	27.111603930667	4
COMPOSITIONAL_TECHNICAL_NOTATION	4	HELD_PHYSICAL_FOLIO	F:COMPOSITIONAL_TECHNICAL_NOTATION:CONTROL_Q:R1:S2:F0006	LATENT_HOST_CLASS	13	26.268161041411	7
COMPOSITIONAL_TECHNICAL_NOTATION	4	HELD_PHYSICAL_FOLIO	F:COMPOSITIONAL_TECHNICAL_NOTATION:CONTROL_Q:R1:S2:F0007	POSITION_CONTEXT	14	21.841520418665	9
COMPOSITIONAL_TECHNICAL_NOTATION	4	HELD_PHYSICAL_FOLIO	F:COMPOSITIONAL_TECHNICAL_NOTATION:CONTROL_Q:R1:S2:F0007	OTHER_POSITION_HOST_BAG	14	22.581321381184	7
COMPOSITIONAL_TECHNICAL_NOTATION	4	HELD_PHYSICAL_FOLIO	F:COMPOSITIONAL_TECHNICAL_NOTATION:CONTROL_Q:R1:S2:F0007	LATENT_HOST_CLASS	14	26.406269335390	7
COMPOSITIONAL_TECHNICAL_NOTATION	4	HELD_PHYSICAL_FOLIO	F:COMPOSITIONAL_TECHNICAL_NOTATION:CONTROL_Q:R1:S2:F0008	POSITION_CONTEXT	9	13.850249584029	6
COMPOSITIONAL_TECHNICAL_NOTATION	4	HELD_PHYSICAL_FOLIO	F:COMPOSITIONAL_TECHNICAL_NOTATION:CONTROL_Q:R1:S2:F0008	OTHER_POSITION_HOST_BAG	9	12.923249910028	5
COMPOSITIONAL_TECHNICAL_NOTATION	4	HELD_PHYSICAL_FOLIO	F:COMPOSITIONAL_TECHNICAL_NOTATION:CONTROL_Q:R1:S2:F0008	LATENT_HOST_CLASS	9	14.149443251916	6
COMPOSITIONAL_TECHNICAL_NOTATION	4	HELD_PHYSICAL_FOLIO	F:COMPOSITIONAL_TECHNICAL_NOTATION:CONTROL_Q:R1:S2:F0052	POSITION_CONTEXT	19	33.944019659250	11
COMPOSITIONAL_TECHNICAL_NOTATION	4	HELD_PHYSICAL_FOLIO	F:COMPOSITIONAL_TECHNICAL_NOTATION:CONTROL_Q:R1:S2:F0052	OTHER_POSITION_HOST_BAG	19	40.239838336696	10
COMPOSITIONAL_TECHNICAL_NOTATION	4	HELD_PHYSICAL_FOLIO	F:COMPOSITIONAL_TECHNICAL_NOTATION:CONTROL_Q:R1:S2:F0052	LATENT_HOST_CLASS	19	36.120424258915	11
COMPOSITIONAL_TECHNICAL_NOTATION	4	HELD_PHYSICAL_FOLIO	F:COMPOSITIONAL_TECHNICAL_NOTATION:CONTROL_Q:R1:S2:F0053	POSITION_CONTEXT	12	28.939730916508	3
COMPOSITIONAL_TECHNICAL_NOTATION	4	HELD_PHYSICAL_FOLIO	F:COMPOSITIONAL_TECHNICAL_NOTATION:CONTROL_Q:R1:S2:F0053	OTHER_POSITION_HOST_BAG	12	29.197793114775	4
COMPOSITIONAL_TECHNICAL_NOTATION	4	HELD_PHYSICAL_FOLIO	F:COMPOSITIONAL_TECHNICAL_NOTATION:CONTROL_Q:R1:S2:F0053	LATENT_HOST_CLASS	12	31.493960938189	4
COMPOSITIONAL_TECHNICAL_NOTATION	4	HELD_PHYSICAL_FOLIO	F:COMPOSITIONAL_TECHNICAL_NOTATION:CONTROL_Q:R1:S2:F0054	POSITION_CONTEXT	17	40.488690418602	7
COMPOSITIONAL_TECHNICAL_NOTATION	4	HELD_PHYSICAL_FOLIO	F:COMPOSITIONAL_TECHNICAL_NOTATION:CONTROL_Q:R1:S2:F0054	OTHER_POSITION_HOST_BAG	17	44.121146427052	8
COMPOSITIONAL_TECHNICAL_NOTATION	4	HELD_PHYSICAL_FOLIO	F:COMPOSITIONAL_TECHNICAL_NOTATION:CONTROL_Q:R1:S2:F0054	LATENT_HOST_CLASS	17	37.974637676161	7
COMPOSITIONAL_TECHNICAL_NOTATION	4	HELD_PHYSICAL_FOLIO	F:COMPOSITIONAL_TECHNICAL_NOTATION:CONTROL_Q:R1:S2:F0055	POSITION_CONTEXT	18	47.907737081477	7
COMPOSITIONAL_TECHNICAL_NOTATION	4	HELD_PHYSICAL_FOLIO	F:COMPOSITIONAL_TECHNICAL_NOTATION:CONTROL_Q:R1:S2:F0055	OTHER_POSITION_HOST_BAG	18	46.291279832533	5
COMPOSITIONAL_TECHNICAL_NOTATION	4	HELD_PHYSICAL_FOLIO	F:COMPOSITIONAL_TECHNICAL_NOTATION:CONTROL_Q:R1:S2:F0055	LATENT_HOST_CLASS	18	44.969026526334	7
COMPOSITIONAL_TECHNICAL_NOTATION	4	HELD_PHYSICAL_FOLIO	F:COMPOSITIONAL_TECHNICAL_NOTATION:CONTROL_Q:R1:S2:F0056	POSITION_CONTEXT	25	46.950116090884	12
COMPOSITIONAL_TECHNICAL_NOTATION	4	HELD_PHYSICAL_FOLIO	F:COMPOSITIONAL_TECHNICAL_NOTATION:CONTROL_Q:R1:S2:F0056	OTHER_POSITION_HOST_BAG	25	57.481933644662	15
COMPOSITIONAL_TECHNICAL_NOTATION	4	HELD_PHYSICAL_FOLIO	F:COMPOSITIONAL_TECHNICAL_NOTATION:CONTROL_Q:R1:S2:F0056	LATENT_HOST_CLASS	25	48.754495960973	15
COMPOSITIONAL_TECHNICAL_NOTATION	4	HELD_PHYSICAL_FOLIO	F:COMPOSITIONAL_TECHNICAL_NOTATION:CONTROL_Q:R1:S2:F0057	POSITION_CONTEXT	24	50.833755979615	11
COMPOSITIONAL_TECHNICAL_NOTATION	4	HELD_PHYSICAL_FOLIO	F:COMPOSITIONAL_TECHNICAL_NOTATION:CONTROL_Q:R1:S2:F0057	OTHER_POSITION_HOST_BAG	24	58.904482686076	12
COMPOSITIONAL_TECHNICAL_NOTATION	4	HELD_PHYSICAL_FOLIO	F:COMPOSITIONAL_TECHNICAL_NOTATION:CONTROL_Q:R1:S2:F0057	LATENT_HOST_CLASS	24	52.644842217609	11
COMPOSITIONAL_TECHNICAL_NOTATION	4	HELD_PHYSICAL_FOLIO	F:COMPOSITIONAL_TECHNICAL_NOTATION:CONTROL_Q:R1:S2:F0058	POSITION_CONTEXT	30	56.754770313405	16
COMPOSITIONAL_TECHNICAL_NOTATION	4	HELD_PHYSICAL_FOLIO	F:COMPOSITIONAL_TECHNICAL_NOTATION:CONTROL_Q:R1:S2:F0058	OTHER_POSITION_HOST_BAG	30	57.693485478691	14
COMPOSITIONAL_TECHNICAL_NOTATION	4	HELD_PHYSICAL_FOLIO	F:COMPOSITIONAL_TECHNICAL_NOTATION:CONTROL_Q:R1:S2:F0058	LATENT_HOST_CLASS	30	62.948714631130	15
COMPOSITIONAL_TECHNICAL_NOTATION	4	HELD_PHYSICAL_FOLIO	F:COMPOSITIONAL_TECHNICAL_NOTATION:CONTROL_Q:R1:S2:F0059	POSITION_CONTEXT	16	34.781538808211	7
COMPOSITIONAL_TECHNICAL_NOTATION	4	HELD_PHYSICAL_FOLIO	F:COMPOSITIONAL_TECHNICAL_NOTATION:CONTROL_Q:R1:S2:F0059	OTHER_POSITION_HOST_BAG	16	32.873048242715	7
COMPOSITIONAL_TECHNICAL_NOTATION	4	HELD_PHYSICAL_FOLIO	F:COMPOSITIONAL_TECHNICAL_NOTATION:CONTROL_Q:R1:S2:F0059	LATENT_HOST_CLASS	16	37.689324887006	6
COMPOSITIONAL_TECHNICAL_NOTATION	4	HELD_PHYSICAL_FOLIO	F:COMPOSITIONAL_TECHNICAL_NOTATION:CONTROL_Q:R1:S2:F0060	POSITION_CONTEXT	19	39.695419076239	7
COMPOSITIONAL_TECHNICAL_NOTATION	4	HELD_PHYSICAL_FOLIO	F:COMPOSITIONAL_TECHNICAL_NOTATION:CONTROL_Q:R1:S2:F0060	OTHER_POSITION_HOST_BAG	19	38.241486860428	10
COMPOSITIONAL_TECHNICAL_NOTATION	4	HELD_PHYSICAL_FOLIO	F:COMPOSITIONAL_TECHNICAL_NOTATION:CONTROL_Q:R1:S2:F0060	LATENT_HOST_CLASS	19	40.937198007674	9
COMPOSITIONAL_TECHNICAL_NOTATION	4	HELD_PHYSICAL_FOLIO	F:COMPOSITIONAL_TECHNICAL_NOTATION:CONTROL_Q:R1:S2:F0061	POSITION_CONTEXT	31	72.412696310727	13
COMPOSITIONAL_TECHNICAL_NOTATION	4	HELD_PHYSICAL_FOLIO	F:COMPOSITIONAL_TECHNICAL_NOTATION:CONTROL_Q:R1:S2:F0061	OTHER_POSITION_HOST_BAG	31	70.668323770037	15
COMPOSITIONAL_TECHNICAL_NOTATION	4	HELD_PHYSICAL_FOLIO	F:COMPOSITIONAL_TECHNICAL_NOTATION:CONTROL_Q:R1:S2:F0061	LATENT_HOST_CLASS	31	71.058569414838	14
COMPOSITIONAL_TECHNICAL_NOTATION	4	HELD_PHYSICAL_FOLIO	F:COMPOSITIONAL_TECHNICAL_NOTATION:CONTROL_Q:R1:S2:F0062	POSITION_CONTEXT	17	39.060799575944	7
COMPOSITIONAL_TECHNICAL_NOTATION	4	HELD_PHYSICAL_FOLIO	F:COMPOSITIONAL_TECHNICAL_NOTATION:CONTROL_Q:R1:S2:F0062	OTHER_POSITION_HOST_BAG	17	37.642536959309	6
COMPOSITIONAL_TECHNICAL_NOTATION	4	HELD_PHYSICAL_FOLIO	F:COMPOSITIONAL_TECHNICAL_NOTATION:CONTROL_Q:R1:S2:F0062	LATENT_HOST_CLASS	17	39.340365192005	7
COMPOSITIONAL_TECHNICAL_NOTATION	4	HELD_PHYSICAL_FOLIO	F:COMPOSITIONAL_TECHNICAL_NOTATION:CONTROL_Q:R1:S2:F0063	POSITION_CONTEXT	11	32.931008763085	1
COMPOSITIONAL_TECHNICAL_NOTATION	4	HELD_PHYSICAL_FOLIO	F:COMPOSITIONAL_TECHNICAL_NOTATION:CONTROL_Q:R1:S2:F0063	OTHER_POSITION_HOST_BAG	11	33.035887738021	1
COMPOSITIONAL_TECHNICAL_NOTATION	4	HELD_PHYSICAL_FOLIO	F:COMPOSITIONAL_TECHNICAL_NOTATION:CONTROL_Q:R1:S2:F0063	LATENT_HOST_CLASS	11	36.093655662451	1
COMPOSITIONAL_TECHNICAL_NOTATION	4	HELD_PHYSICAL_FOLIO	F:COMPOSITIONAL_TECHNICAL_NOTATION:CONTROL_Q:R2:S1:F0020	POSITION_CONTEXT	27	44.203454918246	17
COMPOSITIONAL_TECHNICAL_NOTATION	4	HELD_PHYSICAL_FOLIO	F:COMPOSITIONAL_TECHNICAL_NOTATION:CONTROL_Q:R2:S1:F0020	OTHER_POSITION_HOST_BAG	27	42.526851126474	15
COMPOSITIONAL_TECHNICAL_NOTATION	4	HELD_PHYSICAL_FOLIO	F:COMPOSITIONAL_TECHNICAL_NOTATION:CONTROL_Q:R2:S1:F0020	LATENT_HOST_CLASS	27	42.394100810041	17
COMPOSITIONAL_TECHNICAL_NOTATION	4	HELD_PHYSICAL_FOLIO	F:COMPOSITIONAL_TECHNICAL_NOTATION:CONTROL_Q:R2:S1:F0021	POSITION_CONTEXT	22	44.930128604315	11
COMPOSITIONAL_TECHNICAL_NOTATION	4	HELD_PHYSICAL_FOLIO	F:COMPOSITIONAL_TECHNICAL_NOTATION:CONTROL_Q:R2:S1:F0021	OTHER_POSITION_HOST_BAG	22	42.138449640905	11
COMPOSITIONAL_TECHNICAL_NOTATION	4	HELD_PHYSICAL_FOLIO	F:COMPOSITIONAL_TECHNICAL_NOTATION:CONTROL_Q:R2:S1:F0021	LATENT_HOST_CLASS	22	44.634357264168	11
COMPOSITIONAL_TECHNICAL_NOTATION	4	HELD_PHYSICAL_FOLIO	F:COMPOSITIONAL_TECHNICAL_NOTATION:CONTROL_Q:R2:S1:F0022	POSITION_CONTEXT	4	4.180070353698	3
COMPOSITIONAL_TECHNICAL_NOTATION	4	HELD_PHYSICAL_FOLIO	F:COMPOSITIONAL_TECHNICAL_NOTATION:CONTROL_Q:R2:S1:F0022	OTHER_POSITION_HOST_BAG	4	3.346136500184	3
COMPOSITIONAL_TECHNICAL_NOTATION	4	HELD_PHYSICAL_FOLIO	F:COMPOSITIONAL_TECHNICAL_NOTATION:CONTROL_Q:R2:S1:F0022	LATENT_HOST_CLASS	4	4.185467527398	3
COMPOSITIONAL_TECHNICAL_NOTATION	4	HELD_PHYSICAL_FOLIO	F:COMPOSITIONAL_TECHNICAL_NOTATION:CONTROL_Q:R2:S1:F0023	POSITION_CONTEXT	12	15.944259525439	8
COMPOSITIONAL_TECHNICAL_NOTATION	4	HELD_PHYSICAL_FOLIO	F:COMPOSITIONAL_TECHNICAL_NOTATION:CONTROL_Q:R2:S1:F0023	OTHER_POSITION_HOST_BAG	12	13.672594681152	8
COMPOSITIONAL_TECHNICAL_NOTATION	4	HELD_PHYSICAL_FOLIO	F:COMPOSITIONAL_TECHNICAL_NOTATION:CONTROL_Q:R2:S1:F0023	LATENT_HOST_CLASS	12	16.981153208119	8
COMPOSITIONAL_TECHNICAL_NOTATION	4	HELD_PHYSICAL_FOLIO	F:COMPOSITIONAL_TECHNICAL_NOTATION:CONTROL_Q:R2:S1:F0024	POSITION_CONTEXT	15	27.979076461776	9
COMPOSITIONAL_TECHNICAL_NOTATION	4	HELD_PHYSICAL_FOLIO	F:COMPOSITIONAL_TECHNICAL_NOTATION:CONTROL_Q:R2:S1:F0024	OTHER_POSITION_HOST_BAG	15	25.196148378530	6
COMPOSITIONAL_TECHNICAL_NOTATION	4	HELD_PHYSICAL_FOLIO	F:COMPOSITIONAL_TECHNICAL_NOTATION:CONTROL_Q:R2:S1:F0024	LATENT_HOST_CLASS	15	24.308467169577	9
COMPOSITIONAL_TECHNICAL_NOTATION	4	HELD_PHYSICAL_FOLIO	F:COMPOSITIONAL_TECHNICAL_NOTATION:CONTROL_Q:R2:S1:F0025	POSITION_CONTEXT	19	35.319352985160	10
COMPOSITIONAL_TECHNICAL_NOTATION	4	HELD_PHYSICAL_FOLIO	F:COMPOSITIONAL_TECHNICAL_NOTATION:CONTROL_Q:R2:S1:F0025	OTHER_POSITION_HOST_BAG	19	36.183338931986	9
COMPOSITIONAL_TECHNICAL_NOTATION	4	HELD_PHYSICAL_FOLIO	F:COMPOSITIONAL_TECHNICAL_NOTATION:CONTROL_Q:R2:S1:F0025	LATENT_HOST_CLASS	19	34.774994700023	11
COMPOSITIONAL_TECHNICAL_NOTATION	4	HELD_PHYSICAL_FOLIO	F:COMPOSITIONAL_TECHNICAL_NOTATION:CONTROL_Q:R2:S1:F0026	POSITION_CONTEXT	11	18.871524759133	8
COMPOSITIONAL_TECHNICAL_NOTATION	4	HELD_PHYSICAL_FOLIO	F:COMPOSITIONAL_TECHNICAL_NOTATION:CONTROL_Q:R2:S1:F0026	OTHER_POSITION_HOST_BAG	11	20.829973023868	8
COMPOSITIONAL_TECHNICAL_NOTATION	4	HELD_PHYSICAL_FOLIO	F:COMPOSITIONAL_TECHNICAL_NOTATION:CONTROL_Q:R2:S1:F0026	LATENT_HOST_CLASS	11	19.809658419493	8
COMPOSITIONAL_TECHNICAL_NOTATION	4	HELD_PHYSICAL_FOLIO	F:COMPOSITIONAL_TECHNICAL_NOTATION:CONTROL_Q:R2:S1:F0027	POSITION_CONTEXT	10	21.812692906542	5
COMPOSITIONAL_TECHNICAL_NOTATION	4	HELD_PHYSICAL_FOLIO	F:COMPOSITIONAL_TECHNICAL_NOTATION:CONTROL_Q:R2:S1:F0027	OTHER_POSITION_HOST_BAG	10	23.043864238314	4
COMPOSITIONAL_TECHNICAL_NOTATION	4	HELD_PHYSICAL_FOLIO	F:COMPOSITIONAL_TECHNICAL_NOTATION:CONTROL_Q:R2:S1:F0027	LATENT_HOST_CLASS	10	21.508225692896	5
COMPOSITIONAL_TECHNICAL_NOTATION	4	HELD_PHYSICAL_FOLIO	F:COMPOSITIONAL_TECHNICAL_NOTATION:CONTROL_Q:R2:S1:F0028	POSITION_CONTEXT	30	52.642609043034	18
COMPOSITIONAL_TECHNICAL_NOTATION	4	HELD_PHYSICAL_FOLIO	F:COMPOSITIONAL_TECHNICAL_NOTATION:CONTROL_Q:R2:S1:F0028	OTHER_POSITION_HOST_BAG	30	52.494492110524	19
COMPOSITIONAL_TECHNICAL_NOTATION	4	HELD_PHYSICAL_FOLIO	F:COMPOSITIONAL_TECHNICAL_NOTATION:CONTROL_Q:R2:S1:F0028	LATENT_HOST_CLASS	30	55.892042187828	18
COMPOSITIONAL_TECHNICAL_NOTATION	4	HELD_PHYSICAL_FOLIO	F:COMPOSITIONAL_TECHNICAL_NOTATION:CONTROL_Q:R2:S1:F0124	POSITION_CONTEXT	30	52.809482082822	18
COMPOSITIONAL_TECHNICAL_NOTATION	4	HELD_PHYSICAL_FOLIO	F:COMPOSITIONAL_TECHNICAL_NOTATION:CONTROL_Q:R2:S1:F0124	OTHER_POSITION_HOST_BAG	30	58.493728203164	18
COMPOSITIONAL_TECHNICAL_NOTATION	4	HELD_PHYSICAL_FOLIO	F:COMPOSITIONAL_TECHNICAL_NOTATION:CONTROL_Q:R2:S1:F0124	LATENT_HOST_CLASS	30	55.321561488396	18
COMPOSITIONAL_TECHNICAL_NOTATION	4	HELD_PHYSICAL_FOLIO	F:COMPOSITIONAL_TECHNICAL_NOTATION:CONTROL_Q:R2:S1:F0125	POSITION_CONTEXT	14	38.223801822423	5
COMPOSITIONAL_TECHNICAL_NOTATION	4	HELD_PHYSICAL_FOLIO	F:COMPOSITIONAL_TECHNICAL_NOTATION:CONTROL_Q:R2:S1:F0125	OTHER_POSITION_HOST_BAG	14	40.944764848572	5
COMPOSITIONAL_TECHNICAL_NOTATION	4	HELD_PHYSICAL_FOLIO	F:COMPOSITIONAL_TECHNICAL_NOTATION:CONTROL_Q:R2:S1:F0125	LATENT_HOST_CLASS	14	36.669694336402	5
COMPOSITIONAL_TECHNICAL_NOTATION	4	HELD_PHYSICAL_FOLIO	F:COMPOSITIONAL_TECHNICAL_NOTATION:CONTROL_Q:R2:S1:F0126	POSITION_CONTEXT	24	26.761287067015	18
COMPOSITIONAL_TECHNICAL_NOTATION	4	HELD_PHYSICAL_FOLIO	F:COMPOSITIONAL_TECHNICAL_NOTATION:CONTROL_Q:R2:S1:F0126	OTHER_POSITION_HOST_BAG	24	34.730656705360	16
COMPOSITIONAL_TECHNICAL_NOTATION	4	HELD_PHYSICAL_FOLIO	F:COMPOSITIONAL_TECHNICAL_NOTATION:CONTROL_Q:R2:S1:F0126	LATENT_HOST_CLASS	24	33.921592606984	18
COMPOSITIONAL_TECHNICAL_NOTATION	4	HELD_PHYSICAL_FOLIO	F:COMPOSITIONAL_TECHNICAL_NOTATION:CONTROL_Q:R2:S1:F0127	POSITION_CONTEXT	31	43.733161793432	21
COMPOSITIONAL_TECHNICAL_NOTATION	4	HELD_PHYSICAL_FOLIO	F:COMPOSITIONAL_TECHNICAL_NOTATION:CONTROL_Q:R2:S1:F0127	OTHER_POSITION_HOST_BAG	31	56.151897760309	18
COMPOSITIONAL_TECHNICAL_NOTATION	4	HELD_PHYSICAL_FOLIO	F:COMPOSITIONAL_TECHNICAL_NOTATION:CONTROL_Q:R2:S1:F0127	LATENT_HOST_CLASS	31	50.711281488440	21
COMPOSITIONAL_TECHNICAL_NOTATION	4	HELD_PHYSICAL_FOLIO	F:COMPOSITIONAL_TECHNICAL_NOTATION:CONTROL_Q:R2:S1:F0128	POSITION_CONTEXT	33	54.627356788380	20
COMPOSITIONAL_TECHNICAL_NOTATION	4	HELD_PHYSICAL_FOLIO	F:COMPOSITIONAL_TECHNICAL_NOTATION:CONTROL_Q:R2:S1:F0128	OTHER_POSITION_HOST_BAG	33	69.148066673943	20
COMPOSITIONAL_TECHNICAL_NOTATION	4	HELD_PHYSICAL_FOLIO	F:COMPOSITIONAL_TECHNICAL_NOTATION:CONTROL_Q:R2:S1:F0128	LATENT_HOST_CLASS	33	58.265721742704	22
COMPOSITIONAL_TECHNICAL_NOTATION	4	HELD_PHYSICAL_FOLIO	F:COMPOSITIONAL_TECHNICAL_NOTATION:CONTROL_Q:R2:S1:F0129	POSITION_CONTEXT	13	27.719762450642	6
COMPOSITIONAL_TECHNICAL_NOTATION	4	HELD_PHYSICAL_FOLIO	F:COMPOSITIONAL_TECHNICAL_NOTATION:CONTROL_Q:R2:S1:F0129	OTHER_POSITION_HOST_BAG	13	29.105332725826	6
COMPOSITIONAL_TECHNICAL_NOTATION	4	HELD_PHYSICAL_FOLIO	F:COMPOSITIONAL_TECHNICAL_NOTATION:CONTROL_Q:R2:S1:F0129	LATENT_HOST_CLASS	13	28.227479813086	6
COMPOSITIONAL_TECHNICAL_NOTATION	4	HELD_PHYSICAL_FOLIO	F:COMPOSITIONAL_TECHNICAL_NOTATION:CONTROL_Q:R2:S1:F0130	POSITION_CONTEXT	26	54.501304362282	11
COMPOSITIONAL_TECHNICAL_NOTATION	4	HELD_PHYSICAL_FOLIO	F:COMPOSITIONAL_TECHNICAL_NOTATION:CONTROL_Q:R2:S1:F0130	OTHER_POSITION_HOST_BAG	26	64.516973184242	9
COMPOSITIONAL_TECHNICAL_NOTATION	4	HELD_PHYSICAL_FOLIO	F:COMPOSITIONAL_TECHNICAL_NOTATION:CONTROL_Q:R2:S1:F0130	LATENT_HOST_CLASS	26	58.442217525524	11
COMPOSITIONAL_TECHNICAL_NOTATION	4	HELD_PHYSICAL_FOLIO	F:COMPOSITIONAL_TECHNICAL_NOTATION:CONTROL_Q:R2:S1:F0131	POSITION_CONTEXT	16	35.542168662326	6
COMPOSITIONAL_TECHNICAL_NOTATION	4	HELD_PHYSICAL_FOLIO	F:COMPOSITIONAL_TECHNICAL_NOTATION:CONTROL_Q:R2:S1:F0131	OTHER_POSITION_HOST_BAG	16	35.252480116227	6
COMPOSITIONAL_TECHNICAL_NOTATION	4	HELD_PHYSICAL_FOLIO	F:COMPOSITIONAL_TECHNICAL_NOTATION:CONTROL_Q:R2:S1:F0131	LATENT_HOST_CLASS	16	36.025441611404	7
COMPOSITIONAL_TECHNICAL_NOTATION	4	HELD_PHYSICAL_FOLIO	F:COMPOSITIONAL_TECHNICAL_NOTATION:CONTROL_Q:R2:S2:F0041	POSITION_CONTEXT	5	11.208169435148	3
COMPOSITIONAL_TECHNICAL_NOTATION	4	HELD_PHYSICAL_FOLIO	F:COMPOSITIONAL_TECHNICAL_NOTATION:CONTROL_Q:R2:S2:F0041	OTHER_POSITION_HOST_BAG	5	10.915381594952	2
COMPOSITIONAL_TECHNICAL_NOTATION	4	HELD_PHYSICAL_FOLIO	F:COMPOSITIONAL_TECHNICAL_NOTATION:CONTROL_Q:R2:S2:F0041	LATENT_HOST_CLASS	5	9.539284095710	3
COMPOSITIONAL_TECHNICAL_NOTATION	4	HELD_PHYSICAL_FOLIO	F:COMPOSITIONAL_TECHNICAL_NOTATION:CONTROL_Q:R2:S2:F0042	POSITION_CONTEXT	19	37.937869854485	9
COMPOSITIONAL_TECHNICAL_NOTATION	4	HELD_PHYSICAL_FOLIO	F:COMPOSITIONAL_TECHNICAL_NOTATION:CONTROL_Q:R2:S2:F0042	OTHER_POSITION_HOST_BAG	19	40.000962170415	8
COMPOSITIONAL_TECHNICAL_NOTATION	4	HELD_PHYSICAL_FOLIO	F:COMPOSITIONAL_TECHNICAL_NOTATION:CONTROL_Q:R2:S2:F0042	LATENT_HOST_CLASS	19	37.870141311976	9
COMPOSITIONAL_TECHNICAL_NOTATION	4	HELD_PHYSICAL_FOLIO	F:COMPOSITIONAL_TECHNICAL_NOTATION:CONTROL_Q:R2:S2:F0043	POSITION_CONTEXT	27	44.206014299792	15
COMPOSITIONAL_TECHNICAL_NOTATION	4	HELD_PHYSICAL_FOLIO	F:COMPOSITIONAL_TECHNICAL_NOTATION:CONTROL_Q:R2:S2:F0043	OTHER_POSITION_HOST_BAG	27	46.165591472817	16
COMPOSITIONAL_TECHNICAL_NOTATION	4	HELD_PHYSICAL_FOLIO	F:COMPOSITIONAL_TECHNICAL_NOTATION:CONTROL_Q:R2:S2:F0043	LATENT_HOST_CLASS	27	45.195354398982	15
COMPOSITIONAL_TECHNICAL_NOTATION	4	HELD_PHYSICAL_FOLIO	F:COMPOSITIONAL_TECHNICAL_NOTATION:CONTROL_Q:R2:S2:F0044	POSITION_CONTEXT	17	25.363018814783	13
COMPOSITIONAL_TECHNICAL_NOTATION	4	HELD_PHYSICAL_FOLIO	F:COMPOSITIONAL_TECHNICAL_NOTATION:CONTROL_Q:R2:S2:F0044	OTHER_POSITION_HOST_BAG	17	27.876814433156	12
COMPOSITIONAL_TECHNICAL_NOTATION	4	HELD_PHYSICAL_FOLIO	F:COMPOSITIONAL_TECHNICAL_NOTATION:CONTROL_Q:R2:S2:F0044	LATENT_HOST_CLASS	17	23.969707949070	14
COMPOSITIONAL_TECHNICAL_NOTATION	4	HELD_PHYSICAL_FOLIO	F:COMPOSITIONAL_TECHNICAL_NOTATION:CONTROL_Q:R2:S2:F0045	POSITION_CONTEXT	12	17.652717075856	7
COMPOSITIONAL_TECHNICAL_NOTATION	4	HELD_PHYSICAL_FOLIO	F:COMPOSITIONAL_TECHNICAL_NOTATION:CONTROL_Q:R2:S2:F0045	OTHER_POSITION_HOST_BAG	12	25.010000465933	7
COMPOSITIONAL_TECHNICAL_NOTATION	4	HELD_PHYSICAL_FOLIO	F:COMPOSITIONAL_TECHNICAL_NOTATION:CONTROL_Q:R2:S2:F0045	LATENT_HOST_CLASS	12	22.187868443428	7
COMPOSITIONAL_TECHNICAL_NOTATION	4	HELD_PHYSICAL_FOLIO	F:COMPOSITIONAL_TECHNICAL_NOTATION:CONTROL_Q:R2:S2:F0046	POSITION_CONTEXT	20	18.201799873301	16
COMPOSITIONAL_TECHNICAL_NOTATION	4	HELD_PHYSICAL_FOLIO	F:COMPOSITIONAL_TECHNICAL_NOTATION:CONTROL_Q:R2:S2:F0046	OTHER_POSITION_HOST_BAG	20	26.378106985510	16
COMPOSITIONAL_TECHNICAL_NOTATION	4	HELD_PHYSICAL_FOLIO	F:COMPOSITIONAL_TECHNICAL_NOTATION:CONTROL_Q:R2:S2:F0046	LATENT_HOST_CLASS	20	21.876758877539	16
COMPOSITIONAL_TECHNICAL_NOTATION	4	HELD_PHYSICAL_FOLIO	F:COMPOSITIONAL_TECHNICAL_NOTATION:CONTROL_Q:R2:S2:F0047	POSITION_CONTEXT	20	34.631488279811	12
COMPOSITIONAL_TECHNICAL_NOTATION	4	HELD_PHYSICAL_FOLIO	F:COMPOSITIONAL_TECHNICAL_NOTATION:CONTROL_Q:R2:S2:F0047	OTHER_POSITION_HOST_BAG	20	48.882626300525	11
COMPOSITIONAL_TECHNICAL_NOTATION	4	HELD_PHYSICAL_FOLIO	F:COMPOSITIONAL_TECHNICAL_NOTATION:CONTROL_Q:R2:S2:F0047	LATENT_HOST_CLASS	20	38.797278058132	12
COMPOSITIONAL_TECHNICAL_NOTATION	4	HELD_PHYSICAL_FOLIO	F:COMPOSITIONAL_TECHNICAL_NOTATION:CONTROL_Q:R2:S2:F0048	POSITION_CONTEXT	24	33.616654571302	16
COMPOSITIONAL_TECHNICAL_NOTATION	4	HELD_PHYSICAL_FOLIO	F:COMPOSITIONAL_TECHNICAL_NOTATION:CONTROL_Q:R2:S2:F0048	OTHER_POSITION_HOST_BAG	24	41.163178585404	17
COMPOSITIONAL_TECHNICAL_NOTATION	4	HELD_PHYSICAL_FOLIO	F:COMPOSITIONAL_TECHNICAL_NOTATION:CONTROL_Q:R2:S2:F0048	LATENT_HOST_CLASS	24	37.107681782931	16
COMPOSITIONAL_TECHNICAL_NOTATION	4	HELD_PHYSICAL_FOLIO	F:COMPOSITIONAL_TECHNICAL_NOTATION:CONTROL_Q:R2:S2:F0049	POSITION_CONTEXT	26	52.302882839623	13
COMPOSITIONAL_TECHNICAL_NOTATION	4	HELD_PHYSICAL_FOLIO	F:COMPOSITIONAL_TECHNICAL_NOTATION:CONTROL_Q:R2:S2:F0049	OTHER_POSITION_HOST_BAG	26	59.624516231330	13
COMPOSITIONAL_TECHNICAL_NOTATION	4	HELD_PHYSICAL_FOLIO	F:COMPOSITIONAL_TECHNICAL_NOTATION:CONTROL_Q:R2:S2:F0049	LATENT_HOST_CLASS	26	58.636262424007	13
COMPOSITIONAL_TECHNICAL_NOTATION	4	HELD_PHYSICAL_FOLIO	F:COMPOSITIONAL_TECHNICAL_NOTATION:CONTROL_Q:R2:S2:F0050	POSITION_CONTEXT	3	7.655140165342	2
COMPOSITIONAL_TECHNICAL_NOTATION	4	HELD_PHYSICAL_FOLIO	F:COMPOSITIONAL_TECHNICAL_NOTATION:CONTROL_Q:R2:S2:F0050	OTHER_POSITION_HOST_BAG	3	7.500890673091	2
COMPOSITIONAL_TECHNICAL_NOTATION	4	HELD_PHYSICAL_FOLIO	F:COMPOSITIONAL_TECHNICAL_NOTATION:CONTROL_Q:R2:S2:F0050	LATENT_HOST_CLASS	3	6.080312161911	2
COMPOSITIONAL_TECHNICAL_NOTATION	4	HELD_PHYSICAL_FOLIO	F:COMPOSITIONAL_TECHNICAL_NOTATION:CONTROL_Q:R2:S2:F0051	POSITION_CONTEXT	20	34.527677356817	13
COMPOSITIONAL_TECHNICAL_NOTATION	4	HELD_PHYSICAL_FOLIO	F:COMPOSITIONAL_TECHNICAL_NOTATION:CONTROL_Q:R2:S2:F0051	OTHER_POSITION_HOST_BAG	20	39.323650500124	13
COMPOSITIONAL_TECHNICAL_NOTATION	4	HELD_PHYSICAL_FOLIO	F:COMPOSITIONAL_TECHNICAL_NOTATION:CONTROL_Q:R2:S2:F0051	LATENT_HOST_CLASS	20	31.185828441398	13
COMPOSITIONAL_TECHNICAL_NOTATION	4	HELD_PHYSICAL_FOLIO	F:COMPOSITIONAL_TECHNICAL_NOTATION:CONTROL_Q:R2:S2:F0089	POSITION_CONTEXT	19	20.028450258232	17
COMPOSITIONAL_TECHNICAL_NOTATION	4	HELD_PHYSICAL_FOLIO	F:COMPOSITIONAL_TECHNICAL_NOTATION:CONTROL_Q:R2:S2:F0089	OTHER_POSITION_HOST_BAG	19	28.801410583977	17
COMPOSITIONAL_TECHNICAL_NOTATION	4	HELD_PHYSICAL_FOLIO	F:COMPOSITIONAL_TECHNICAL_NOTATION:CONTROL_Q:R2:S2:F0089	LATENT_HOST_CLASS	19	19.771745233833	18
COMPOSITIONAL_TECHNICAL_NOTATION	4	HELD_PHYSICAL_FOLIO	F:COMPOSITIONAL_TECHNICAL_NOTATION:CONTROL_Q:R2:S2:F0090	POSITION_CONTEXT	16	20.370351793284	11
COMPOSITIONAL_TECHNICAL_NOTATION	4	HELD_PHYSICAL_FOLIO	F:COMPOSITIONAL_TECHNICAL_NOTATION:CONTROL_Q:R2:S2:F0090	OTHER_POSITION_HOST_BAG	16	26.044424344460	11
COMPOSITIONAL_TECHNICAL_NOTATION	4	HELD_PHYSICAL_FOLIO	F:COMPOSITIONAL_TECHNICAL_NOTATION:CONTROL_Q:R2:S2:F0090	LATENT_HOST_CLASS	16	22.552516736900	12
COMPOSITIONAL_TECHNICAL_NOTATION	4	HELD_PHYSICAL_FOLIO	F:COMPOSITIONAL_TECHNICAL_NOTATION:CONTROL_Q:R2:S2:F0091	POSITION_CONTEXT	9	10.421009193433	7
COMPOSITIONAL_TECHNICAL_NOTATION	4	HELD_PHYSICAL_FOLIO	F:COMPOSITIONAL_TECHNICAL_NOTATION:CONTROL_Q:R2:S2:F0091	OTHER_POSITION_HOST_BAG	9	12.618963880112	7
COMPOSITIONAL_TECHNICAL_NOTATION	4	HELD_PHYSICAL_FOLIO	F:COMPOSITIONAL_TECHNICAL_NOTATION:CONTROL_Q:R2:S2:F0091	LATENT_HOST_CLASS	9	13.548019086442	7
COMPOSITIONAL_TECHNICAL_NOTATION	4	HELD_PHYSICAL_FOLIO	F:COMPOSITIONAL_TECHNICAL_NOTATION:CONTROL_Q:R2:S2:F0092	POSITION_CONTEXT	13	36.880546661796	7
COMPOSITIONAL_TECHNICAL_NOTATION	4	HELD_PHYSICAL_FOLIO	F:COMPOSITIONAL_TECHNICAL_NOTATION:CONTROL_Q:R2:S2:F0092	OTHER_POSITION_HOST_BAG	13	30.876669407870	5
COMPOSITIONAL_TECHNICAL_NOTATION	4	HELD_PHYSICAL_FOLIO	F:COMPOSITIONAL_TECHNICAL_NOTATION:CONTROL_Q:R2:S2:F0092	LATENT_HOST_CLASS	13	27.805224143153	7
COMPOSITIONAL_TECHNICAL_NOTATION	4	HELD_PHYSICAL_FOLIO	F:COMPOSITIONAL_TECHNICAL_NOTATION:CONTROL_Q:R2:S2:F0093	POSITION_CONTEXT	13	20.659943813327	8
COMPOSITIONAL_TECHNICAL_NOTATION	4	HELD_PHYSICAL_FOLIO	F:COMPOSITIONAL_TECHNICAL_NOTATION:CONTROL_Q:R2:S2:F0093	OTHER_POSITION_HOST_BAG	13	23.951813387080	7
COMPOSITIONAL_TECHNICAL_NOTATION	4	HELD_PHYSICAL_FOLIO	F:COMPOSITIONAL_TECHNICAL_NOTATION:CONTROL_Q:R2:S2:F0093	LATENT_HOST_CLASS	13	21.213367408175	8
COMPOSITIONAL_TECHNICAL_NOTATION	4	HELD_PHYSICAL_FOLIO	F:COMPOSITIONAL_TECHNICAL_NOTATION:CONTROL_Q:R2:S2:F0094	POSITION_CONTEXT	5	6.703761092479	4
COMPOSITIONAL_TECHNICAL_NOTATION	4	HELD_PHYSICAL_FOLIO	F:COMPOSITIONAL_TECHNICAL_NOTATION:CONTROL_Q:R2:S2:F0094	OTHER_POSITION_HOST_BAG	5	4.953625717485	4
COMPOSITIONAL_TECHNICAL_NOTATION	4	HELD_PHYSICAL_FOLIO	F:COMPOSITIONAL_TECHNICAL_NOTATION:CONTROL_Q:R2:S2:F0094	LATENT_HOST_CLASS	5	4.976559397393	4
COMPOSITIONAL_TECHNICAL_NOTATION	4	HELD_PHYSICAL_FOLIO	F:COMPOSITIONAL_TECHNICAL_NOTATION:CONTROL_Q:R2:S2:F0095	POSITION_CONTEXT	17	30.817322846980	9
COMPOSITIONAL_TECHNICAL_NOTATION	4	HELD_PHYSICAL_FOLIO	F:COMPOSITIONAL_TECHNICAL_NOTATION:CONTROL_Q:R2:S2:F0095	OTHER_POSITION_HOST_BAG	17	29.651532735947	9
COMPOSITIONAL_TECHNICAL_NOTATION	4	HELD_PHYSICAL_FOLIO	F:COMPOSITIONAL_TECHNICAL_NOTATION:CONTROL_Q:R2:S2:F0095	LATENT_HOST_CLASS	17	29.895018791379	9
COMPOSITIONAL_TECHNICAL_NOTATION	4	HELD_PHYSICAL_FOLIO	F:COMPOSITIONAL_TECHNICAL_NOTATION:CONTROL_Q:R2:S2:F0096	POSITION_CONTEXT	35	59.873075629025	22
COMPOSITIONAL_TECHNICAL_NOTATION	4	HELD_PHYSICAL_FOLIO	F:COMPOSITIONAL_TECHNICAL_NOTATION:CONTROL_Q:R2:S2:F0096	OTHER_POSITION_HOST_BAG	35	61.157617751232	21
COMPOSITIONAL_TECHNICAL_NOTATION	4	HELD_PHYSICAL_FOLIO	F:COMPOSITIONAL_TECHNICAL_NOTATION:CONTROL_Q:R2:S2:F0096	LATENT_HOST_CLASS	35	60.963230908897	23
COMPOSITIONAL_TECHNICAL_NOTATION	4	HELD_PHYSICAL_FOLIO	F:COMPOSITIONAL_TECHNICAL_NOTATION:CONTROL_Q:R2:S2:F0097	POSITION_CONTEXT	45	79.245063291084	26
COMPOSITIONAL_TECHNICAL_NOTATION	4	HELD_PHYSICAL_FOLIO	F:COMPOSITIONAL_TECHNICAL_NOTATION:CONTROL_Q:R2:S2:F0097	OTHER_POSITION_HOST_BAG	45	87.262506490440	26
COMPOSITIONAL_TECHNICAL_NOTATION	4	HELD_PHYSICAL_FOLIO	F:COMPOSITIONAL_TECHNICAL_NOTATION:CONTROL_Q:R2:S2:F0097	LATENT_HOST_CLASS	45	81.231721273268	27
COMPOSITIONAL_TECHNICAL_NOTATION	4	HELD_PHYSICAL_FOLIO	F:COMPOSITIONAL_TECHNICAL_NOTATION:CONTROL_Q:R2:S2:F0107	POSITION_CONTEXT	19	38.794028962401	13
COMPOSITIONAL_TECHNICAL_NOTATION	4	HELD_PHYSICAL_FOLIO	F:COMPOSITIONAL_TECHNICAL_NOTATION:CONTROL_Q:R2:S2:F0107	OTHER_POSITION_HOST_BAG	19	38.720027673519	13
COMPOSITIONAL_TECHNICAL_NOTATION	4	HELD_PHYSICAL_FOLIO	F:COMPOSITIONAL_TECHNICAL_NOTATION:CONTROL_Q:R2:S2:F0107	LATENT_HOST_CLASS	19	33.933549217082	13
COMPOSITIONAL_TECHNICAL_NOTATION	4	HELD_PHYSICAL_FOLIO	F:COMPOSITIONAL_TECHNICAL_NOTATION:CONTROL_Q:R2:S2:F0108	POSITION_CONTEXT	38	69.644242733553	23
COMPOSITIONAL_TECHNICAL_NOTATION	4	HELD_PHYSICAL_FOLIO	F:COMPOSITIONAL_TECHNICAL_NOTATION:CONTROL_Q:R2:S2:F0108	OTHER_POSITION_HOST_BAG	38	78.542844719371	20
COMPOSITIONAL_TECHNICAL_NOTATION	4	HELD_PHYSICAL_FOLIO	F:COMPOSITIONAL_TECHNICAL_NOTATION:CONTROL_Q:R2:S2:F0108	LATENT_HOST_CLASS	38	71.982493314853	23
COMPOSITIONAL_TECHNICAL_NOTATION	4	HELD_PHYSICAL_FOLIO	F:COMPOSITIONAL_TECHNICAL_NOTATION:CONTROL_Q:R2:S2:F0109	POSITION_CONTEXT	18	37.581667907716	10
COMPOSITIONAL_TECHNICAL_NOTATION	4	HELD_PHYSICAL_FOLIO	F:COMPOSITIONAL_TECHNICAL_NOTATION:CONTROL_Q:R2:S2:F0109	OTHER_POSITION_HOST_BAG	18	37.467307196815	9
COMPOSITIONAL_TECHNICAL_NOTATION	4	HELD_PHYSICAL_FOLIO	F:COMPOSITIONAL_TECHNICAL_NOTATION:CONTROL_Q:R2:S2:F0109	LATENT_HOST_CLASS	18	36.114780008770	11
COMPOSITIONAL_TECHNICAL_NOTATION	4	HELD_PHYSICAL_FOLIO	F:COMPOSITIONAL_TECHNICAL_NOTATION:CONTROL_Q:R2:S2:F0110	POSITION_CONTEXT	45	80.889958959776	25
COMPOSITIONAL_TECHNICAL_NOTATION	4	HELD_PHYSICAL_FOLIO	F:COMPOSITIONAL_TECHNICAL_NOTATION:CONTROL_Q:R2:S2:F0110	OTHER_POSITION_HOST_BAG	45	86.744104058856	31
COMPOSITIONAL_TECHNICAL_NOTATION	4	HELD_PHYSICAL_FOLIO	F:COMPOSITIONAL_TECHNICAL_NOTATION:CONTROL_Q:R2:S2:F0110	LATENT_HOST_CLASS	45	86.603659569136	25
COMPOSITIONAL_TECHNICAL_NOTATION	4	HELD_PHYSICAL_FOLIO	F:COMPOSITIONAL_TECHNICAL_NOTATION:CONTROL_Q:R2:S2:F0111	POSITION_CONTEXT	26	47.938793979968	16
COMPOSITIONAL_TECHNICAL_NOTATION	4	HELD_PHYSICAL_FOLIO	F:COMPOSITIONAL_TECHNICAL_NOTATION:CONTROL_Q:R2:S2:F0111	OTHER_POSITION_HOST_BAG	26	54.022398059666	14
COMPOSITIONAL_TECHNICAL_NOTATION	4	HELD_PHYSICAL_FOLIO	F:COMPOSITIONAL_TECHNICAL_NOTATION:CONTROL_Q:R2:S2:F0111	LATENT_HOST_CLASS	26	48.629353165737	16
COMPOSITIONAL_TECHNICAL_NOTATION	4	HELD_PHYSICAL_FOLIO	F:COMPOSITIONAL_TECHNICAL_NOTATION:CONTROL_Q:R2:S2:F0112	POSITION_CONTEXT	12	20.856283546110	6
COMPOSITIONAL_TECHNICAL_NOTATION	4	HELD_PHYSICAL_FOLIO	F:COMPOSITIONAL_TECHNICAL_NOTATION:CONTROL_Q:R2:S2:F0112	OTHER_POSITION_HOST_BAG	12	23.352025947305	6
COMPOSITIONAL_TECHNICAL_NOTATION	4	HELD_PHYSICAL_FOLIO	F:COMPOSITIONAL_TECHNICAL_NOTATION:CONTROL_Q:R2:S2:F0112	LATENT_HOST_CLASS	12	24.239111051389	6
COMPOSITIONAL_TECHNICAL_NOTATION	4	HELD_PHYSICAL_FOLIO	F:COMPOSITIONAL_TECHNICAL_NOTATION:CONTROL_Q:R2:S2:F0113	POSITION_CONTEXT	13	22.400177527804	7
COMPOSITIONAL_TECHNICAL_NOTATION	4	HELD_PHYSICAL_FOLIO	F:COMPOSITIONAL_TECHNICAL_NOTATION:CONTROL_Q:R2:S2:F0113	OTHER_POSITION_HOST_BAG	13	27.666437285695	7
COMPOSITIONAL_TECHNICAL_NOTATION	4	HELD_PHYSICAL_FOLIO	F:COMPOSITIONAL_TECHNICAL_NOTATION:CONTROL_Q:R2:S2:F0113	LATENT_HOST_CLASS	13	26.081089697471	7
COMPOSITIONAL_TECHNICAL_NOTATION	4	HELD_PHYSICAL_FOLIO	F:COMPOSITIONAL_TECHNICAL_NOTATION:CONTROL_Q:R2:S2:F0114	POSITION_CONTEXT	26	47.415571032144	13
COMPOSITIONAL_TECHNICAL_NOTATION	4	HELD_PHYSICAL_FOLIO	F:COMPOSITIONAL_TECHNICAL_NOTATION:CONTROL_Q:R2:S2:F0114	OTHER_POSITION_HOST_BAG	26	47.621078554921	15
COMPOSITIONAL_TECHNICAL_NOTATION	4	HELD_PHYSICAL_FOLIO	F:COMPOSITIONAL_TECHNICAL_NOTATION:CONTROL_Q:R2:S2:F0114	LATENT_HOST_CLASS	26	51.994992163873	13
COMPOSITIONAL_TECHNICAL_NOTATION	4	HELD_PHYSICAL_FOLIO	F:COMPOSITIONAL_TECHNICAL_NOTATION:CONTROL_Q:R2:S2:F0115	POSITION_CONTEXT	17	31.668423017410	10
COMPOSITIONAL_TECHNICAL_NOTATION	4	HELD_PHYSICAL_FOLIO	F:COMPOSITIONAL_TECHNICAL_NOTATION:CONTROL_Q:R2:S2:F0115	OTHER_POSITION_HOST_BAG	17	34.207374715985	10
COMPOSITIONAL_TECHNICAL_NOTATION	4	HELD_PHYSICAL_FOLIO	F:COMPOSITIONAL_TECHNICAL_NOTATION:CONTROL_Q:R2:S2:F0115	LATENT_HOST_CLASS	17	33.549737569557	10
COMPOSITIONAL_TECHNICAL_NOTATION	4	HELD_PHYSICAL_FOLIO	F:COMPOSITIONAL_TECHNICAL_NOTATION:CONTROL_Q:R2:S2:F0116	POSITION_CONTEXT	20	49.882675627255	9
COMPOSITIONAL_TECHNICAL_NOTATION	4	HELD_PHYSICAL_FOLIO	F:COMPOSITIONAL_TECHNICAL_NOTATION:CONTROL_Q:R2:S2:F0116	OTHER_POSITION_HOST_BAG	20	56.018933185385	9
COMPOSITIONAL_TECHNICAL_NOTATION	4	HELD_PHYSICAL_FOLIO	F:COMPOSITIONAL_TECHNICAL_NOTATION:CONTROL_Q:R2:S2:F0116	LATENT_HOST_CLASS	20	44.162723106787	9
COMPOSITIONAL_TECHNICAL_NOTATION	4	HELD_PHYSICAL_FOLIO	F:COMPOSITIONAL_TECHNICAL_NOTATION:CONTROL_Q:R2:S2:F0117	POSITION_CONTEXT	20	42.624580599104	10
COMPOSITIONAL_TECHNICAL_NOTATION	4	HELD_PHYSICAL_FOLIO	F:COMPOSITIONAL_TECHNICAL_NOTATION:CONTROL_Q:R2:S2:F0117	OTHER_POSITION_HOST_BAG	20	43.517810504272	9
COMPOSITIONAL_TECHNICAL_NOTATION	4	HELD_PHYSICAL_FOLIO	F:COMPOSITIONAL_TECHNICAL_NOTATION:CONTROL_Q:R2:S2:F0117	LATENT_HOST_CLASS	20	42.739662367900	10
COMPOSITIONAL_TECHNICAL_NOTATION	4	HELD_PHYSICAL_FOLIO	F:COMPOSITIONAL_TECHNICAL_NOTATION:CONTROL_Q:R2:S2:F0118	POSITION_CONTEXT	9	19.210928075887	4
COMPOSITIONAL_TECHNICAL_NOTATION	4	HELD_PHYSICAL_FOLIO	F:COMPOSITIONAL_TECHNICAL_NOTATION:CONTROL_Q:R2:S2:F0118	OTHER_POSITION_HOST_BAG	9	17.979462985825	5
COMPOSITIONAL_TECHNICAL_NOTATION	4	HELD_PHYSICAL_FOLIO	F:COMPOSITIONAL_TECHNICAL_NOTATION:CONTROL_Q:R2:S2:F0118	LATENT_HOST_CLASS	9	17.747545229813	5
COMPOSITIONAL_TECHNICAL_NOTATION	4	HELD_PHYSICAL_FOLIO	F:COMPOSITIONAL_TECHNICAL_NOTATION:CONTROL_Q:R2:S2:F0119	POSITION_CONTEXT	30	66.419337354308	13
COMPOSITIONAL_TECHNICAL_NOTATION	4	HELD_PHYSICAL_FOLIO	F:COMPOSITIONAL_TECHNICAL_NOTATION:CONTROL_Q:R2:S2:F0119	OTHER_POSITION_HOST_BAG	30	78.012608859371	16
COMPOSITIONAL_TECHNICAL_NOTATION	4	HELD_PHYSICAL_FOLIO	F:COMPOSITIONAL_TECHNICAL_NOTATION:CONTROL_Q:R2:S2:F0119	LATENT_HOST_CLASS	30	65.953235681470	14
COMPOSITIONAL_TECHNICAL_NOTATION	4	HELD_PHYSICAL_FOLIO	F:COMPOSITIONAL_TECHNICAL_NOTATION:CONTROL_Q:R2:S2:F0120	POSITION_CONTEXT	27	70.856455241987	13
COMPOSITIONAL_TECHNICAL_NOTATION	4	HELD_PHYSICAL_FOLIO	F:COMPOSITIONAL_TECHNICAL_NOTATION:CONTROL_Q:R2:S2:F0120	OTHER_POSITION_HOST_BAG	27	72.037024993783	13
COMPOSITIONAL_TECHNICAL_NOTATION	4	HELD_PHYSICAL_FOLIO	F:COMPOSITIONAL_TECHNICAL_NOTATION:CONTROL_Q:R2:S2:F0120	LATENT_HOST_CLASS	27	59.292815625586	13
COMPOSITIONAL_TECHNICAL_NOTATION	4	HELD_PHYSICAL_FOLIO	F:COMPOSITIONAL_TECHNICAL_NOTATION:CONTROL_Q:R2:S2:F0121	POSITION_CONTEXT	36	90.397981687870	11
COMPOSITIONAL_TECHNICAL_NOTATION	4	HELD_PHYSICAL_FOLIO	F:COMPOSITIONAL_TECHNICAL_NOTATION:CONTROL_Q:R2:S2:F0121	OTHER_POSITION_HOST_BAG	36	103.318317613988	13
COMPOSITIONAL_TECHNICAL_NOTATION	4	HELD_PHYSICAL_FOLIO	F:COMPOSITIONAL_TECHNICAL_NOTATION:CONTROL_Q:R2:S2:F0121	LATENT_HOST_CLASS	36	89.543678226137	12
COMPOSITIONAL_TECHNICAL_NOTATION	4	HELD_PHYSICAL_FOLIO	F:COMPOSITIONAL_TECHNICAL_NOTATION:CONTROL_Q:R2:S2:F0122	POSITION_CONTEXT	16	25.293729840533	10
COMPOSITIONAL_TECHNICAL_NOTATION	4	HELD_PHYSICAL_FOLIO	F:COMPOSITIONAL_TECHNICAL_NOTATION:CONTROL_Q:R2:S2:F0122	OTHER_POSITION_HOST_BAG	16	30.187469221717	10
COMPOSITIONAL_TECHNICAL_NOTATION	4	HELD_PHYSICAL_FOLIO	F:COMPOSITIONAL_TECHNICAL_NOTATION:CONTROL_Q:R2:S2:F0122	LATENT_HOST_CLASS	16	29.390775677107	10
COMPOSITIONAL_TECHNICAL_NOTATION	4	HELD_PHYSICAL_FOLIO	F:COMPOSITIONAL_TECHNICAL_NOTATION:CONTROL_Q:R2:S2:F0123	POSITION_CONTEXT	9	18.754902354239	6
COMPOSITIONAL_TECHNICAL_NOTATION	4	HELD_PHYSICAL_FOLIO	F:COMPOSITIONAL_TECHNICAL_NOTATION:CONTROL_Q:R2:S2:F0123	OTHER_POSITION_HOST_BAG	9	20.567152356437	4
COMPOSITIONAL_TECHNICAL_NOTATION	4	HELD_PHYSICAL_FOLIO	F:COMPOSITIONAL_TECHNICAL_NOTATION:CONTROL_Q:R2:S2:F0123	LATENT_HOST_CLASS	9	17.107190999352	6
COMPOSITIONAL_TECHNICAL_NOTATION	4	HELD_PHYSICAL_FOLIO	F:COMPOSITIONAL_TECHNICAL_NOTATION:CONTROL_Q:R2:S2:F0132	POSITION_CONTEXT	27	64.097452468672	12
COMPOSITIONAL_TECHNICAL_NOTATION	4	HELD_PHYSICAL_FOLIO	F:COMPOSITIONAL_TECHNICAL_NOTATION:CONTROL_Q:R2:S2:F0132	OTHER_POSITION_HOST_BAG	27	59.965512093175	14
COMPOSITIONAL_TECHNICAL_NOTATION	4	HELD_PHYSICAL_FOLIO	F:COMPOSITIONAL_TECHNICAL_NOTATION:CONTROL_Q:R2:S2:F0132	LATENT_HOST_CLASS	27	60.687626999629	12
COMPOSITIONAL_TECHNICAL_NOTATION	4	HELD_PHYSICAL_FOLIO	F:COMPOSITIONAL_TECHNICAL_NOTATION:CONTROL_Q:R2:S2:F0133	POSITION_CONTEXT	18	32.564156920659	8
COMPOSITIONAL_TECHNICAL_NOTATION	4	HELD_PHYSICAL_FOLIO	F:COMPOSITIONAL_TECHNICAL_NOTATION:CONTROL_Q:R2:S2:F0133	OTHER_POSITION_HOST_BAG	18	37.088391066904	8
COMPOSITIONAL_TECHNICAL_NOTATION	4	HELD_PHYSICAL_FOLIO	F:COMPOSITIONAL_TECHNICAL_NOTATION:CONTROL_Q:R2:S2:F0133	LATENT_HOST_CLASS	18	37.997042931683	9
COMPOSITIONAL_TECHNICAL_NOTATION	4	HELD_PHYSICAL_FOLIO	F:COMPOSITIONAL_TECHNICAL_NOTATION:CONTROL_Q:R2:S2:F0134	POSITION_CONTEXT	30	66.223784221517	12
COMPOSITIONAL_TECHNICAL_NOTATION	4	HELD_PHYSICAL_FOLIO	F:COMPOSITIONAL_TECHNICAL_NOTATION:CONTROL_Q:R2:S2:F0134	OTHER_POSITION_HOST_BAG	30	70.147947506242	12
COMPOSITIONAL_TECHNICAL_NOTATION	4	HELD_PHYSICAL_FOLIO	F:COMPOSITIONAL_TECHNICAL_NOTATION:CONTROL_Q:R2:S2:F0134	LATENT_HOST_CLASS	30	70.777793985474	12
COMPOSITIONAL_TECHNICAL_NOTATION	4	HELD_PHYSICAL_FOLIO	F:COMPOSITIONAL_TECHNICAL_NOTATION:CONTROL_Q:R3:S1:F0079	POSITION_CONTEXT	13	41.863070879855	4
COMPOSITIONAL_TECHNICAL_NOTATION	4	HELD_PHYSICAL_FOLIO	F:COMPOSITIONAL_TECHNICAL_NOTATION:CONTROL_Q:R3:S1:F0079	OTHER_POSITION_HOST_BAG	13	43.141704216855	6
COMPOSITIONAL_TECHNICAL_NOTATION	4	HELD_PHYSICAL_FOLIO	F:COMPOSITIONAL_TECHNICAL_NOTATION:CONTROL_Q:R3:S1:F0079	LATENT_HOST_CLASS	13	34.900891234717	5
COMPOSITIONAL_TECHNICAL_NOTATION	4	HELD_PHYSICAL_FOLIO	F:COMPOSITIONAL_TECHNICAL_NOTATION:CONTROL_Q:R3:S1:F0080	POSITION_CONTEXT	16	55.249091690461	6
COMPOSITIONAL_TECHNICAL_NOTATION	4	HELD_PHYSICAL_FOLIO	F:COMPOSITIONAL_TECHNICAL_NOTATION:CONTROL_Q:R3:S1:F0080	OTHER_POSITION_HOST_BAG	16	45.196844560906	6
COMPOSITIONAL_TECHNICAL_NOTATION	4	HELD_PHYSICAL_FOLIO	F:COMPOSITIONAL_TECHNICAL_NOTATION:CONTROL_Q:R3:S1:F0080	LATENT_HOST_CLASS	16	43.189320056425	6
COMPOSITIONAL_TECHNICAL_NOTATION	4	HELD_PHYSICAL_FOLIO	F:COMPOSITIONAL_TECHNICAL_NOTATION:CONTROL_Q:R3:S1:F0081	POSITION_CONTEXT	28	83.240542444843	10
COMPOSITIONAL_TECHNICAL_NOTATION	4	HELD_PHYSICAL_FOLIO	F:COMPOSITIONAL_TECHNICAL_NOTATION:CONTROL_Q:R3:S1:F0081	OTHER_POSITION_HOST_BAG	28	78.369281518814	10
COMPOSITIONAL_TECHNICAL_NOTATION	4	HELD_PHYSICAL_FOLIO	F:COMPOSITIONAL_TECHNICAL_NOTATION:CONTROL_Q:R3:S1:F0081	LATENT_HOST_CLASS	28	72.681412672897	11
COMPOSITIONAL_TECHNICAL_NOTATION	4	HELD_PHYSICAL_FOLIO	F:COMPOSITIONAL_TECHNICAL_NOTATION:CONTROL_Q:R3:S1:F0082	POSITION_CONTEXT	15	40.233525491108	3
COMPOSITIONAL_TECHNICAL_NOTATION	4	HELD_PHYSICAL_FOLIO	F:COMPOSITIONAL_TECHNICAL_NOTATION:CONTROL_Q:R3:S1:F0082	OTHER_POSITION_HOST_BAG	15	42.248592399109	4
COMPOSITIONAL_TECHNICAL_NOTATION	4	HELD_PHYSICAL_FOLIO	F:COMPOSITIONAL_TECHNICAL_NOTATION:CONTROL_Q:R3:S1:F0082	LATENT_HOST_CLASS	15	43.667103121199	3
COMPOSITIONAL_TECHNICAL_NOTATION	4	HELD_PHYSICAL_FOLIO	F:COMPOSITIONAL_TECHNICAL_NOTATION:CONTROL_Q:R3:S1:F0135	POSITION_CONTEXT	24	42.271862631129	13
COMPOSITIONAL_TECHNICAL_NOTATION	4	HELD_PHYSICAL_FOLIO	F:COMPOSITIONAL_TECHNICAL_NOTATION:CONTROL_Q:R3:S1:F0135	OTHER_POSITION_HOST_BAG	24	40.749093807024	14
COMPOSITIONAL_TECHNICAL_NOTATION	4	HELD_PHYSICAL_FOLIO	F:COMPOSITIONAL_TECHNICAL_NOTATION:CONTROL_Q:R3:S1:F0135	LATENT_HOST_CLASS	24	42.376844169157	14
COMPOSITIONAL_TECHNICAL_NOTATION	4	HELD_PHYSICAL_FOLIO	F:COMPOSITIONAL_TECHNICAL_NOTATION:CONTROL_Q:R3:S1:F0136	POSITION_CONTEXT	27	44.755319659993	17
COMPOSITIONAL_TECHNICAL_NOTATION	4	HELD_PHYSICAL_FOLIO	F:COMPOSITIONAL_TECHNICAL_NOTATION:CONTROL_Q:R3:S1:F0136	OTHER_POSITION_HOST_BAG	27	50.974528947781	16
COMPOSITIONAL_TECHNICAL_NOTATION	4	HELD_PHYSICAL_FOLIO	F:COMPOSITIONAL_TECHNICAL_NOTATION:CONTROL_Q:R3:S1:F0136	LATENT_HOST_CLASS	27	44.135273912364	17
COMPOSITIONAL_TECHNICAL_NOTATION	4	HELD_PHYSICAL_FOLIO	F:COMPOSITIONAL_TECHNICAL_NOTATION:CONTROL_Q:R3:S1:F0137	POSITION_CONTEXT	10	20.708285703148	5
COMPOSITIONAL_TECHNICAL_NOTATION	4	HELD_PHYSICAL_FOLIO	F:COMPOSITIONAL_TECHNICAL_NOTATION:CONTROL_Q:R3:S1:F0137	OTHER_POSITION_HOST_BAG	10	24.006032246518	5
COMPOSITIONAL_TECHNICAL_NOTATION	4	HELD_PHYSICAL_FOLIO	F:COMPOSITIONAL_TECHNICAL_NOTATION:CONTROL_Q:R3:S1:F0137	LATENT_HOST_CLASS	10	20.790543085340	5
COMPOSITIONAL_TECHNICAL_NOTATION	4	HELD_PHYSICAL_FOLIO	F:COMPOSITIONAL_TECHNICAL_NOTATION:CONTROL_Q:R3:S1:F0163	POSITION_CONTEXT	22	57.943751478844	10
COMPOSITIONAL_TECHNICAL_NOTATION	4	HELD_PHYSICAL_FOLIO	F:COMPOSITIONAL_TECHNICAL_NOTATION:CONTROL_Q:R3:S1:F0163	OTHER_POSITION_HOST_BAG	22	57.908938063012	9
COMPOSITIONAL_TECHNICAL_NOTATION	4	HELD_PHYSICAL_FOLIO	F:COMPOSITIONAL_TECHNICAL_NOTATION:CONTROL_Q:R3:S1:F0163	LATENT_HOST_CLASS	22	51.128574606310	10
COMPOSITIONAL_TECHNICAL_NOTATION	4	HELD_PHYSICAL_FOLIO	F:COMPOSITIONAL_TECHNICAL_NOTATION:CONTROL_Q:R3:S1:F0164	POSITION_CONTEXT	12	25.829082224188	4
COMPOSITIONAL_TECHNICAL_NOTATION	4	HELD_PHYSICAL_FOLIO	F:COMPOSITIONAL_TECHNICAL_NOTATION:CONTROL_Q:R3:S1:F0164	OTHER_POSITION_HOST_BAG	12	25.998325878966	1
COMPOSITIONAL_TECHNICAL_NOTATION	4	HELD_PHYSICAL_FOLIO	F:COMPOSITIONAL_TECHNICAL_NOTATION:CONTROL_Q:R3:S1:F0164	LATENT_HOST_CLASS	12	28.138559632349	4
COMPOSITIONAL_TECHNICAL_NOTATION	4	HELD_PHYSICAL_FOLIO	F:COMPOSITIONAL_TECHNICAL_NOTATION:CONTROL_Q:R3:S1:F0165	POSITION_CONTEXT	1	3.469763096990	0
COMPOSITIONAL_TECHNICAL_NOTATION	4	HELD_PHYSICAL_FOLIO	F:COMPOSITIONAL_TECHNICAL_NOTATION:CONTROL_Q:R3:S1:F0165	OTHER_POSITION_HOST_BAG	1	2.701297854426	0
COMPOSITIONAL_TECHNICAL_NOTATION	4	HELD_PHYSICAL_FOLIO	F:COMPOSITIONAL_TECHNICAL_NOTATION:CONTROL_Q:R3:S1:F0165	LATENT_HOST_CLASS	1	3.352430044568	0
COMPOSITIONAL_TECHNICAL_NOTATION	4	HELD_PHYSICAL_FOLIO	F:COMPOSITIONAL_TECHNICAL_NOTATION:CONTROL_Q:R3:S1:F0166	POSITION_CONTEXT	6	11.627023368824	3
COMPOSITIONAL_TECHNICAL_NOTATION	4	HELD_PHYSICAL_FOLIO	F:COMPOSITIONAL_TECHNICAL_NOTATION:CONTROL_Q:R3:S1:F0166	OTHER_POSITION_HOST_BAG	6	18.960867307758	1
COMPOSITIONAL_TECHNICAL_NOTATION	4	HELD_PHYSICAL_FOLIO	F:COMPOSITIONAL_TECHNICAL_NOTATION:CONTROL_Q:R3:S1:F0166	LATENT_HOST_CLASS	6	12.652356226853	3
COMPOSITIONAL_TECHNICAL_NOTATION	4	HELD_PHYSICAL_FOLIO	F:COMPOSITIONAL_TECHNICAL_NOTATION:CONTROL_Q:R3:S1:F0167	POSITION_CONTEXT	21	55.273555231099	6
COMPOSITIONAL_TECHNICAL_NOTATION	4	HELD_PHYSICAL_FOLIO	F:COMPOSITIONAL_TECHNICAL_NOTATION:CONTROL_Q:R3:S1:F0167	OTHER_POSITION_HOST_BAG	21	60.965134606968	7
COMPOSITIONAL_TECHNICAL_NOTATION	4	HELD_PHYSICAL_FOLIO	F:COMPOSITIONAL_TECHNICAL_NOTATION:CONTROL_Q:R3:S1:F0167	LATENT_HOST_CLASS	21	56.713486274423	6
COMPOSITIONAL_TECHNICAL_NOTATION	4	HELD_PHYSICAL_FOLIO	F:COMPOSITIONAL_TECHNICAL_NOTATION:CONTROL_Q:R3:S1:F0168	POSITION_CONTEXT	11	17.501001283919	7
COMPOSITIONAL_TECHNICAL_NOTATION	4	HELD_PHYSICAL_FOLIO	F:COMPOSITIONAL_TECHNICAL_NOTATION:CONTROL_Q:R3:S1:F0168	OTHER_POSITION_HOST_BAG	11	19.978073760891	7
COMPOSITIONAL_TECHNICAL_NOTATION	4	HELD_PHYSICAL_FOLIO	F:COMPOSITIONAL_TECHNICAL_NOTATION:CONTROL_Q:R3:S1:F0168	LATENT_HOST_CLASS	11	16.826846261218	8
COMPOSITIONAL_TECHNICAL_NOTATION	4	HELD_PHYSICAL_FOLIO	F:COMPOSITIONAL_TECHNICAL_NOTATION:CONTROL_Q:R3:S1:F0171	POSITION_CONTEXT	15	41.335950446144	4
COMPOSITIONAL_TECHNICAL_NOTATION	4	HELD_PHYSICAL_FOLIO	F:COMPOSITIONAL_TECHNICAL_NOTATION:CONTROL_Q:R3:S1:F0171	OTHER_POSITION_HOST_BAG	15	33.183340050699	6
COMPOSITIONAL_TECHNICAL_NOTATION	4	HELD_PHYSICAL_FOLIO	F:COMPOSITIONAL_TECHNICAL_NOTATION:CONTROL_Q:R3:S1:F0171	LATENT_HOST_CLASS	15	40.009408460438	4
COMPOSITIONAL_TECHNICAL_NOTATION	4	HELD_PHYSICAL_FOLIO	F:COMPOSITIONAL_TECHNICAL_NOTATION:CONTROL_Q:R3:S1:F0172	POSITION_CONTEXT	10	23.995499785571	4
COMPOSITIONAL_TECHNICAL_NOTATION	4	HELD_PHYSICAL_FOLIO	F:COMPOSITIONAL_TECHNICAL_NOTATION:CONTROL_Q:R3:S1:F0172	OTHER_POSITION_HOST_BAG	10	20.035633497122	4
COMPOSITIONAL_TECHNICAL_NOTATION	4	HELD_PHYSICAL_FOLIO	F:COMPOSITIONAL_TECHNICAL_NOTATION:CONTROL_Q:R3:S1:F0172	LATENT_HOST_CLASS	10	23.393686397836	4
COMPOSITIONAL_TECHNICAL_NOTATION	4	HELD_PHYSICAL_FOLIO	F:COMPOSITIONAL_TECHNICAL_NOTATION:CONTROL_Q:R3:S1:F0173	POSITION_CONTEXT	6	12.875581565263	2
COMPOSITIONAL_TECHNICAL_NOTATION	4	HELD_PHYSICAL_FOLIO	F:COMPOSITIONAL_TECHNICAL_NOTATION:CONTROL_Q:R3:S1:F0173	OTHER_POSITION_HOST_BAG	6	10.795790203521	2
COMPOSITIONAL_TECHNICAL_NOTATION	4	HELD_PHYSICAL_FOLIO	F:COMPOSITIONAL_TECHNICAL_NOTATION:CONTROL_Q:R3:S1:F0173	LATENT_HOST_CLASS	6	13.559733765587	2
COMPOSITIONAL_TECHNICAL_NOTATION	4	HELD_PHYSICAL_FOLIO	F:COMPOSITIONAL_TECHNICAL_NOTATION:CONTROL_Q:R3:S2:F0075	POSITION_CONTEXT	27	60.613551734868	14
COMPOSITIONAL_TECHNICAL_NOTATION	4	HELD_PHYSICAL_FOLIO	F:COMPOSITIONAL_TECHNICAL_NOTATION:CONTROL_Q:R3:S2:F0075	OTHER_POSITION_HOST_BAG	27	71.970245528904	14
COMPOSITIONAL_TECHNICAL_NOTATION	4	HELD_PHYSICAL_FOLIO	F:COMPOSITIONAL_TECHNICAL_NOTATION:CONTROL_Q:R3:S2:F0075	LATENT_HOST_CLASS	27	58.066320443794	14
COMPOSITIONAL_TECHNICAL_NOTATION	4	HELD_PHYSICAL_FOLIO	F:COMPOSITIONAL_TECHNICAL_NOTATION:CONTROL_Q:R3:S2:F0076	POSITION_CONTEXT	3	6.712610792318	2
COMPOSITIONAL_TECHNICAL_NOTATION	4	HELD_PHYSICAL_FOLIO	F:COMPOSITIONAL_TECHNICAL_NOTATION:CONTROL_Q:R3:S2:F0076	OTHER_POSITION_HOST_BAG	3	7.584257851737	2
COMPOSITIONAL_TECHNICAL_NOTATION	4	HELD_PHYSICAL_FOLIO	F:COMPOSITIONAL_TECHNICAL_NOTATION:CONTROL_Q:R3:S2:F0076	LATENT_HOST_CLASS	3	5.640364715582	2
COMPOSITIONAL_TECHNICAL_NOTATION	4	HELD_PHYSICAL_FOLIO	F:COMPOSITIONAL_TECHNICAL_NOTATION:CONTROL_Q:R3:S2:F0083	POSITION_CONTEXT	28	46.260799269372	13
COMPOSITIONAL_TECHNICAL_NOTATION	4	HELD_PHYSICAL_FOLIO	F:COMPOSITIONAL_TECHNICAL_NOTATION:CONTROL_Q:R3:S2:F0083	OTHER_POSITION_HOST_BAG	28	51.880814177763	15
COMPOSITIONAL_TECHNICAL_NOTATION	4	HELD_PHYSICAL_FOLIO	F:COMPOSITIONAL_TECHNICAL_NOTATION:CONTROL_Q:R3:S2:F0083	LATENT_HOST_CLASS	28	58.782408627669	13
COMPOSITIONAL_TECHNICAL_NOTATION	4	HELD_PHYSICAL_FOLIO	F:COMPOSITIONAL_TECHNICAL_NOTATION:CONTROL_Q:R3:S2:F0084	POSITION_CONTEXT	22	44.454442929080	11
COMPOSITIONAL_TECHNICAL_NOTATION	4	HELD_PHYSICAL_FOLIO	F:COMPOSITIONAL_TECHNICAL_NOTATION:CONTROL_Q:R3:S2:F0084	OTHER_POSITION_HOST_BAG	22	47.313012059288	12
COMPOSITIONAL_TECHNICAL_NOTATION	4	HELD_PHYSICAL_FOLIO	F:COMPOSITIONAL_TECHNICAL_NOTATION:CONTROL_Q:R3:S2:F0084	LATENT_HOST_CLASS	22	41.996215491693	11
COMPOSITIONAL_TECHNICAL_NOTATION	4	HELD_PHYSICAL_FOLIO	F:COMPOSITIONAL_TECHNICAL_NOTATION:CONTROL_Q:R3:S2:F0085	POSITION_CONTEXT	20	38.099827356381	14
COMPOSITIONAL_TECHNICAL_NOTATION	4	HELD_PHYSICAL_FOLIO	F:COMPOSITIONAL_TECHNICAL_NOTATION:CONTROL_Q:R3:S2:F0085	OTHER_POSITION_HOST_BAG	20	40.811325253133	13
COMPOSITIONAL_TECHNICAL_NOTATION	4	HELD_PHYSICAL_FOLIO	F:COMPOSITIONAL_TECHNICAL_NOTATION:CONTROL_Q:R3:S2:F0085	LATENT_HOST_CLASS	20	28.721601504635	14
COMPOSITIONAL_TECHNICAL_NOTATION	4	HELD_PHYSICAL_FOLIO	F:COMPOSITIONAL_TECHNICAL_NOTATION:CONTROL_Q:R3:S2:F0086	POSITION_CONTEXT	17	41.509970409416	8
COMPOSITIONAL_TECHNICAL_NOTATION	4	HELD_PHYSICAL_FOLIO	F:COMPOSITIONAL_TECHNICAL_NOTATION:CONTROL_Q:R3:S2:F0086	OTHER_POSITION_HOST_BAG	17	37.650620150143	9
COMPOSITIONAL_TECHNICAL_NOTATION	4	HELD_PHYSICAL_FOLIO	F:COMPOSITIONAL_TECHNICAL_NOTATION:CONTROL_Q:R3:S2:F0086	LATENT_HOST_CLASS	17	35.235606384249	8
COMPOSITIONAL_TECHNICAL_NOTATION	4	HELD_PHYSICAL_FOLIO	F:COMPOSITIONAL_TECHNICAL_NOTATION:CONTROL_Q:R3:S2:F0098	POSITION_CONTEXT	13	10.473649576693	13
COMPOSITIONAL_TECHNICAL_NOTATION	4	HELD_PHYSICAL_FOLIO	F:COMPOSITIONAL_TECHNICAL_NOTATION:CONTROL_Q:R3:S2:F0098	OTHER_POSITION_HOST_BAG	13	13.042015443839	13
COMPOSITIONAL_TECHNICAL_NOTATION	4	HELD_PHYSICAL_FOLIO	F:COMPOSITIONAL_TECHNICAL_NOTATION:CONTROL_Q:R3:S2:F0098	LATENT_HOST_CLASS	13	11.911432996386	13
COMPOSITIONAL_TECHNICAL_NOTATION	4	HELD_PHYSICAL_FOLIO	F:COMPOSITIONAL_TECHNICAL_NOTATION:CONTROL_Q:R3:S2:F0099	POSITION_CONTEXT	21	37.655585413767	13
COMPOSITIONAL_TECHNICAL_NOTATION	4	HELD_PHYSICAL_FOLIO	F:COMPOSITIONAL_TECHNICAL_NOTATION:CONTROL_Q:R3:S2:F0099	OTHER_POSITION_HOST_BAG	21	49.096214342134	13
COMPOSITIONAL_TECHNICAL_NOTATION	4	HELD_PHYSICAL_FOLIO	F:COMPOSITIONAL_TECHNICAL_NOTATION:CONTROL_Q:R3:S2:F0099	LATENT_HOST_CLASS	21	37.963724250935	13
COMPOSITIONAL_TECHNICAL_NOTATION	4	HELD_PHYSICAL_FOLIO	F:COMPOSITIONAL_TECHNICAL_NOTATION:CONTROL_Q:R3:S2:F0100	POSITION_CONTEXT	14	30.204652796182	6
COMPOSITIONAL_TECHNICAL_NOTATION	4	HELD_PHYSICAL_FOLIO	F:COMPOSITIONAL_TECHNICAL_NOTATION:CONTROL_Q:R3:S2:F0100	OTHER_POSITION_HOST_BAG	14	30.778003956297	7
COMPOSITIONAL_TECHNICAL_NOTATION	4	HELD_PHYSICAL_FOLIO	F:COMPOSITIONAL_TECHNICAL_NOTATION:CONTROL_Q:R3:S2:F0100	LATENT_HOST_CLASS	14	30.753308662845	6
COMPOSITIONAL_TECHNICAL_NOTATION	4	HELD_PHYSICAL_FOLIO	F:COMPOSITIONAL_TECHNICAL_NOTATION:CONTROL_Q:R3:S2:F0101	POSITION_CONTEXT	6	6.556730069474	5
COMPOSITIONAL_TECHNICAL_NOTATION	4	HELD_PHYSICAL_FOLIO	F:COMPOSITIONAL_TECHNICAL_NOTATION:CONTROL_Q:R3:S2:F0101	OTHER_POSITION_HOST_BAG	6	8.060407012241	5
COMPOSITIONAL_TECHNICAL_NOTATION	4	HELD_PHYSICAL_FOLIO	F:COMPOSITIONAL_TECHNICAL_NOTATION:CONTROL_Q:R3:S2:F0101	LATENT_HOST_CLASS	6	5.870522315576	5
COMPOSITIONAL_TECHNICAL_NOTATION	4	HELD_PHYSICAL_FOLIO	F:COMPOSITIONAL_TECHNICAL_NOTATION:CONTROL_Q:R3:S2:F0102	POSITION_CONTEXT	29	53.985730125710	20
COMPOSITIONAL_TECHNICAL_NOTATION	4	HELD_PHYSICAL_FOLIO	F:COMPOSITIONAL_TECHNICAL_NOTATION:CONTROL_Q:R3:S2:F0102	OTHER_POSITION_HOST_BAG	29	59.711366986501	19
COMPOSITIONAL_TECHNICAL_NOTATION	4	HELD_PHYSICAL_FOLIO	F:COMPOSITIONAL_TECHNICAL_NOTATION:CONTROL_Q:R3:S2:F0102	LATENT_HOST_CLASS	29	49.674174881272	20
COMPOSITIONAL_TECHNICAL_NOTATION	4	HELD_PHYSICAL_FOLIO	F:COMPOSITIONAL_TECHNICAL_NOTATION:CONTROL_Q:R3:S2:F0103	POSITION_CONTEXT	24	53.135637204805	14
COMPOSITIONAL_TECHNICAL_NOTATION	4	HELD_PHYSICAL_FOLIO	F:COMPOSITIONAL_TECHNICAL_NOTATION:CONTROL_Q:R3:S2:F0103	OTHER_POSITION_HOST_BAG	24	52.355942882791	15
COMPOSITIONAL_TECHNICAL_NOTATION	4	HELD_PHYSICAL_FOLIO	F:COMPOSITIONAL_TECHNICAL_NOTATION:CONTROL_Q:R3:S2:F0103	LATENT_HOST_CLASS	24	43.613335343701	14
COMPOSITIONAL_TECHNICAL_NOTATION	4	HELD_PHYSICAL_FOLIO	F:COMPOSITIONAL_TECHNICAL_NOTATION:CONTROL_Q:R3:S2:F0104	POSITION_CONTEXT	19	27.716329767435	14
COMPOSITIONAL_TECHNICAL_NOTATION	4	HELD_PHYSICAL_FOLIO	F:COMPOSITIONAL_TECHNICAL_NOTATION:CONTROL_Q:R3:S2:F0104	OTHER_POSITION_HOST_BAG	19	29.133545799239	12
COMPOSITIONAL_TECHNICAL_NOTATION	4	HELD_PHYSICAL_FOLIO	F:COMPOSITIONAL_TECHNICAL_NOTATION:CONTROL_Q:R3:S2:F0104	LATENT_HOST_CLASS	19	27.835687597782	14
COMPOSITIONAL_TECHNICAL_NOTATION	4	HELD_PHYSICAL_FOLIO	F:COMPOSITIONAL_TECHNICAL_NOTATION:CONTROL_Q:R3:S2:F0105	POSITION_CONTEXT	19	36.383123315936	10
COMPOSITIONAL_TECHNICAL_NOTATION	4	HELD_PHYSICAL_FOLIO	F:COMPOSITIONAL_TECHNICAL_NOTATION:CONTROL_Q:R3:S2:F0105	OTHER_POSITION_HOST_BAG	19	42.025789748195	11
COMPOSITIONAL_TECHNICAL_NOTATION	4	HELD_PHYSICAL_FOLIO	F:COMPOSITIONAL_TECHNICAL_NOTATION:CONTROL_Q:R3:S2:F0105	LATENT_HOST_CLASS	19	35.142210283072	11
COMPOSITIONAL_TECHNICAL_NOTATION	4	HELD_PHYSICAL_FOLIO	F:COMPOSITIONAL_TECHNICAL_NOTATION:CONTROL_Q:R3:S2:F0106	POSITION_CONTEXT	33	74.824000938022	16
COMPOSITIONAL_TECHNICAL_NOTATION	4	HELD_PHYSICAL_FOLIO	F:COMPOSITIONAL_TECHNICAL_NOTATION:CONTROL_Q:R3:S2:F0106	OTHER_POSITION_HOST_BAG	33	72.295861365093	16
COMPOSITIONAL_TECHNICAL_NOTATION	4	HELD_PHYSICAL_FOLIO	F:COMPOSITIONAL_TECHNICAL_NOTATION:CONTROL_Q:R3:S2:F0106	LATENT_HOST_CLASS	33	74.718958348198	16
COMPOSITIONAL_TECHNICAL_NOTATION	4	HELD_PHYSICAL_FOLIO	F:COMPOSITIONAL_TECHNICAL_NOTATION:CONTROL_Q:R3:S2:F0169	POSITION_CONTEXT	24	51.398587914061	11
COMPOSITIONAL_TECHNICAL_NOTATION	4	HELD_PHYSICAL_FOLIO	F:COMPOSITIONAL_TECHNICAL_NOTATION:CONTROL_Q:R3:S2:F0169	OTHER_POSITION_HOST_BAG	24	55.134747910964	10
COMPOSITIONAL_TECHNICAL_NOTATION	4	HELD_PHYSICAL_FOLIO	F:COMPOSITIONAL_TECHNICAL_NOTATION:CONTROL_Q:R3:S2:F0169	LATENT_HOST_CLASS	24	51.449869725663	12
COMPOSITIONAL_TECHNICAL_NOTATION	4	HELD_PHYSICAL_FOLIO	F:COMPOSITIONAL_TECHNICAL_NOTATION:CONTROL_Q:R3:S2:F0170	POSITION_CONTEXT	17	29.601866222392	9
COMPOSITIONAL_TECHNICAL_NOTATION	4	HELD_PHYSICAL_FOLIO	F:COMPOSITIONAL_TECHNICAL_NOTATION:CONTROL_Q:R3:S2:F0170	OTHER_POSITION_HOST_BAG	17	30.848791812095	10
COMPOSITIONAL_TECHNICAL_NOTATION	4	HELD_PHYSICAL_FOLIO	F:COMPOSITIONAL_TECHNICAL_NOTATION:CONTROL_Q:R3:S2:F0170	LATENT_HOST_CLASS	17	33.963420529538	9
COMPOSITIONAL_TECHNICAL_NOTATION	4	HELD_PHYSICAL_FOLIO	F:COMPOSITIONAL_TECHNICAL_NOTATION:CONTROL_Q:R3:S2:F0174	POSITION_CONTEXT	7	14.898505505057	3
COMPOSITIONAL_TECHNICAL_NOTATION	4	HELD_PHYSICAL_FOLIO	F:COMPOSITIONAL_TECHNICAL_NOTATION:CONTROL_Q:R3:S2:F0174	OTHER_POSITION_HOST_BAG	7	15.890287940708	2
COMPOSITIONAL_TECHNICAL_NOTATION	4	HELD_PHYSICAL_FOLIO	F:COMPOSITIONAL_TECHNICAL_NOTATION:CONTROL_Q:R3:S2:F0174	LATENT_HOST_CLASS	7	15.561542682564	3
COMPOSITIONAL_TECHNICAL_NOTATION	4	HELD_PHYSICAL_FOLIO	F:COMPOSITIONAL_TECHNICAL_NOTATION:CONTROL_Q:R3:S2:F0175	POSITION_CONTEXT	19	50.626276141288	6
COMPOSITIONAL_TECHNICAL_NOTATION	4	HELD_PHYSICAL_FOLIO	F:COMPOSITIONAL_TECHNICAL_NOTATION:CONTROL_Q:R3:S2:F0175	OTHER_POSITION_HOST_BAG	19	52.417061148869	6
COMPOSITIONAL_TECHNICAL_NOTATION	4	HELD_PHYSICAL_FOLIO	F:COMPOSITIONAL_TECHNICAL_NOTATION:CONTROL_Q:R3:S2:F0175	LATENT_HOST_CLASS	19	50.494910103904	6
COMPOSITIONAL_TECHNICAL_NOTATION	4	HELD_PHYSICAL_FOLIO	F:COMPOSITIONAL_TECHNICAL_NOTATION:CONTROL_Q:R4:S1:F0087	POSITION_CONTEXT	21	20.073006934822	18
COMPOSITIONAL_TECHNICAL_NOTATION	4	HELD_PHYSICAL_FOLIO	F:COMPOSITIONAL_TECHNICAL_NOTATION:CONTROL_Q:R4:S1:F0087	OTHER_POSITION_HOST_BAG	21	23.070638435236	15
COMPOSITIONAL_TECHNICAL_NOTATION	4	HELD_PHYSICAL_FOLIO	F:COMPOSITIONAL_TECHNICAL_NOTATION:CONTROL_Q:R4:S1:F0087	LATENT_HOST_CLASS	21	21.146956550111	18
COMPOSITIONAL_TECHNICAL_NOTATION	4	HELD_PHYSICAL_FOLIO	F:COMPOSITIONAL_TECHNICAL_NOTATION:CONTROL_Q:R4:S1:F0088	POSITION_CONTEXT	6	12.282269078585	3
COMPOSITIONAL_TECHNICAL_NOTATION	4	HELD_PHYSICAL_FOLIO	F:COMPOSITIONAL_TECHNICAL_NOTATION:CONTROL_Q:R4:S1:F0088	OTHER_POSITION_HOST_BAG	6	8.444869483109	4
COMPOSITIONAL_TECHNICAL_NOTATION	4	HELD_PHYSICAL_FOLIO	F:COMPOSITIONAL_TECHNICAL_NOTATION:CONTROL_Q:R4:S1:F0088	LATENT_HOST_CLASS	6	11.852183060130	3
COMPOSITIONAL_TECHNICAL_NOTATION	4	HELD_PHYSICAL_FOLIO	F:COMPOSITIONAL_TECHNICAL_NOTATION:CONTROL_Q:R4:S1:F0138	POSITION_CONTEXT	22	62.574203060185	9
COMPOSITIONAL_TECHNICAL_NOTATION	4	HELD_PHYSICAL_FOLIO	F:COMPOSITIONAL_TECHNICAL_NOTATION:CONTROL_Q:R4:S1:F0138	OTHER_POSITION_HOST_BAG	22	59.022006885078	9
COMPOSITIONAL_TECHNICAL_NOTATION	4	HELD_PHYSICAL_FOLIO	F:COMPOSITIONAL_TECHNICAL_NOTATION:CONTROL_Q:R4:S1:F0138	LATENT_HOST_CLASS	22	58.044632866860	9
COMPOSITIONAL_TECHNICAL_NOTATION	4	HELD_PHYSICAL_FOLIO	F:COMPOSITIONAL_TECHNICAL_NOTATION:CONTROL_Q:R4:S1:F0139	POSITION_CONTEXT	21	56.894817831819	8
COMPOSITIONAL_TECHNICAL_NOTATION	4	HELD_PHYSICAL_FOLIO	F:COMPOSITIONAL_TECHNICAL_NOTATION:CONTROL_Q:R4:S1:F0139	OTHER_POSITION_HOST_BAG	21	57.826992318581	8
COMPOSITIONAL_TECHNICAL_NOTATION	4	HELD_PHYSICAL_FOLIO	F:COMPOSITIONAL_TECHNICAL_NOTATION:CONTROL_Q:R4:S1:F0139	LATENT_HOST_CLASS	21	53.143070451990	8
COMPOSITIONAL_TECHNICAL_NOTATION	4	HELD_PHYSICAL_FOLIO	F:COMPOSITIONAL_TECHNICAL_NOTATION:CONTROL_Q:R4:S1:F0140	POSITION_CONTEXT	6	13.135686159149	2
COMPOSITIONAL_TECHNICAL_NOTATION	4	HELD_PHYSICAL_FOLIO	F:COMPOSITIONAL_TECHNICAL_NOTATION:CONTROL_Q:R4:S1:F0140	OTHER_POSITION_HOST_BAG	6	14.514895517664	2
COMPOSITIONAL_TECHNICAL_NOTATION	4	HELD_PHYSICAL_FOLIO	F:COMPOSITIONAL_TECHNICAL_NOTATION:CONTROL_Q:R4:S1:F0140	LATENT_HOST_CLASS	6	15.621384363872	2
COMPOSITIONAL_TECHNICAL_NOTATION	4	HELD_PHYSICAL_FOLIO	F:COMPOSITIONAL_TECHNICAL_NOTATION:CONTROL_Q:R4:S1:F0141	POSITION_CONTEXT	20	51.256278137522	8
COMPOSITIONAL_TECHNICAL_NOTATION	4	HELD_PHYSICAL_FOLIO	F:COMPOSITIONAL_TECHNICAL_NOTATION:CONTROL_Q:R4:S1:F0141	OTHER_POSITION_HOST_BAG	20	49.971720131706	6
COMPOSITIONAL_TECHNICAL_NOTATION	4	HELD_PHYSICAL_FOLIO	F:COMPOSITIONAL_TECHNICAL_NOTATION:CONTROL_Q:R4:S1:F0141	LATENT_HOST_CLASS	20	50.705718073891	8
COMPOSITIONAL_TECHNICAL_NOTATION	4	HELD_PHYSICAL_FOLIO	F:COMPOSITIONAL_TECHNICAL_NOTATION:CONTROL_Q:R4:S1:F0142	POSITION_CONTEXT	12	24.696088206162	7
COMPOSITIONAL_TECHNICAL_NOTATION	4	HELD_PHYSICAL_FOLIO	F:COMPOSITIONAL_TECHNICAL_NOTATION:CONTROL_Q:R4:S1:F0142	OTHER_POSITION_HOST_BAG	12	23.976842234347	6
COMPOSITIONAL_TECHNICAL_NOTATION	4	HELD_PHYSICAL_FOLIO	F:COMPOSITIONAL_TECHNICAL_NOTATION:CONTROL_Q:R4:S1:F0142	LATENT_HOST_CLASS	12	22.059214968524	7
COMPOSITIONAL_TECHNICAL_NOTATION	4	HELD_PHYSICAL_FOLIO	F:COMPOSITIONAL_TECHNICAL_NOTATION:CONTROL_Q:R4:S1:F0143	POSITION_CONTEXT	32	71.217794639284	15
COMPOSITIONAL_TECHNICAL_NOTATION	4	HELD_PHYSICAL_FOLIO	F:COMPOSITIONAL_TECHNICAL_NOTATION:CONTROL_Q:R4:S1:F0143	OTHER_POSITION_HOST_BAG	32	75.993161350107	14
COMPOSITIONAL_TECHNICAL_NOTATION	4	HELD_PHYSICAL_FOLIO	F:COMPOSITIONAL_TECHNICAL_NOTATION:CONTROL_Q:R4:S1:F0143	LATENT_HOST_CLASS	32	70.234202302443	15
COMPOSITIONAL_TECHNICAL_NOTATION	4	HELD_PHYSICAL_FOLIO	F:COMPOSITIONAL_TECHNICAL_NOTATION:CONTROL_Q:R4:S1:F0144	POSITION_CONTEXT	34	86.346612891833	16
COMPOSITIONAL_TECHNICAL_NOTATION	4	HELD_PHYSICAL_FOLIO	F:COMPOSITIONAL_TECHNICAL_NOTATION:CONTROL_Q:R4:S1:F0144	OTHER_POSITION_HOST_BAG	34	86.809216022844	14
COMPOSITIONAL_TECHNICAL_NOTATION	4	HELD_PHYSICAL_FOLIO	F:COMPOSITIONAL_TECHNICAL_NOTATION:CONTROL_Q:R4:S1:F0144	LATENT_HOST_CLASS	34	76.307407520719	16
COMPOSITIONAL_TECHNICAL_NOTATION	4	HELD_PHYSICAL_FOLIO	F:COMPOSITIONAL_TECHNICAL_NOTATION:CONTROL_Q:R4:S1:F0146	POSITION_CONTEXT	21	44.745994765832	10
COMPOSITIONAL_TECHNICAL_NOTATION	4	HELD_PHYSICAL_FOLIO	F:COMPOSITIONAL_TECHNICAL_NOTATION:CONTROL_Q:R4:S1:F0146	OTHER_POSITION_HOST_BAG	21	53.377770303998	8
COMPOSITIONAL_TECHNICAL_NOTATION	4	HELD_PHYSICAL_FOLIO	F:COMPOSITIONAL_TECHNICAL_NOTATION:CONTROL_Q:R4:S1:F0146	LATENT_HOST_CLASS	21	44.879386830998	10
COMPOSITIONAL_TECHNICAL_NOTATION	4	HELD_PHYSICAL_FOLIO	F:COMPOSITIONAL_TECHNICAL_NOTATION:CONTROL_Q:R4:S1:F0147	POSITION_CONTEXT	25	63.558270324777	8
COMPOSITIONAL_TECHNICAL_NOTATION	4	HELD_PHYSICAL_FOLIO	F:COMPOSITIONAL_TECHNICAL_NOTATION:CONTROL_Q:R4:S1:F0147	OTHER_POSITION_HOST_BAG	25	59.517483039406	6
COMPOSITIONAL_TECHNICAL_NOTATION	4	HELD_PHYSICAL_FOLIO	F:COMPOSITIONAL_TECHNICAL_NOTATION:CONTROL_Q:R4:S1:F0147	LATENT_HOST_CLASS	25	62.442026218832	8
COMPOSITIONAL_TECHNICAL_NOTATION	4	HELD_PHYSICAL_FOLIO	F:COMPOSITIONAL_TECHNICAL_NOTATION:CONTROL_Q:R4:S1:F0148	POSITION_CONTEXT	20	37.100951377007	12
COMPOSITIONAL_TECHNICAL_NOTATION	4	HELD_PHYSICAL_FOLIO	F:COMPOSITIONAL_TECHNICAL_NOTATION:CONTROL_Q:R4:S1:F0148	OTHER_POSITION_HOST_BAG	20	36.092449812037	12
COMPOSITIONAL_TECHNICAL_NOTATION	4	HELD_PHYSICAL_FOLIO	F:COMPOSITIONAL_TECHNICAL_NOTATION:CONTROL_Q:R4:S1:F0148	LATENT_HOST_CLASS	20	33.601052993080	12
COMPOSITIONAL_TECHNICAL_NOTATION	4	HELD_PHYSICAL_FOLIO	F:COMPOSITIONAL_TECHNICAL_NOTATION:CONTROL_Q:R4:S1:F0149	POSITION_CONTEXT	20	36.526253625961	11
COMPOSITIONAL_TECHNICAL_NOTATION	4	HELD_PHYSICAL_FOLIO	F:COMPOSITIONAL_TECHNICAL_NOTATION:CONTROL_Q:R4:S1:F0149	OTHER_POSITION_HOST_BAG	20	44.193141563280	10
COMPOSITIONAL_TECHNICAL_NOTATION	4	HELD_PHYSICAL_FOLIO	F:COMPOSITIONAL_TECHNICAL_NOTATION:CONTROL_Q:R4:S1:F0149	LATENT_HOST_CLASS	20	37.931755408667	11
COMPOSITIONAL_TECHNICAL_NOTATION	4	HELD_PHYSICAL_FOLIO	F:COMPOSITIONAL_TECHNICAL_NOTATION:CONTROL_Q:R4:S2:F0077	POSITION_CONTEXT	12	31.077982433398	7
COMPOSITIONAL_TECHNICAL_NOTATION	4	HELD_PHYSICAL_FOLIO	F:COMPOSITIONAL_TECHNICAL_NOTATION:CONTROL_Q:R4:S2:F0077	OTHER_POSITION_HOST_BAG	12	25.507807678202	6
COMPOSITIONAL_TECHNICAL_NOTATION	4	HELD_PHYSICAL_FOLIO	F:COMPOSITIONAL_TECHNICAL_NOTATION:CONTROL_Q:R4:S2:F0077	LATENT_HOST_CLASS	12	24.288500537330	7
COMPOSITIONAL_TECHNICAL_NOTATION	4	HELD_PHYSICAL_FOLIO	F:COMPOSITIONAL_TECHNICAL_NOTATION:CONTROL_Q:R4:S2:F0078	POSITION_CONTEXT	25	79.471763367191	8
COMPOSITIONAL_TECHNICAL_NOTATION	4	HELD_PHYSICAL_FOLIO	F:COMPOSITIONAL_TECHNICAL_NOTATION:CONTROL_Q:R4:S2:F0078	OTHER_POSITION_HOST_BAG	25	66.879893578550	8
COMPOSITIONAL_TECHNICAL_NOTATION	4	HELD_PHYSICAL_FOLIO	F:COMPOSITIONAL_TECHNICAL_NOTATION:CONTROL_Q:R4:S2:F0078	LATENT_HOST_CLASS	25	66.653983055747	9
COMPOSITIONAL_TECHNICAL_NOTATION	4	HELD_PHYSICAL_FOLIO	F:COMPOSITIONAL_TECHNICAL_NOTATION:CONTROL_Q:R4:S2:F0150	POSITION_CONTEXT	16	35.442861201359	9
COMPOSITIONAL_TECHNICAL_NOTATION	4	HELD_PHYSICAL_FOLIO	F:COMPOSITIONAL_TECHNICAL_NOTATION:CONTROL_Q:R4:S2:F0150	OTHER_POSITION_HOST_BAG	16	34.452650357417	9
COMPOSITIONAL_TECHNICAL_NOTATION	4	HELD_PHYSICAL_FOLIO	F:COMPOSITIONAL_TECHNICAL_NOTATION:CONTROL_Q:R4:S2:F0150	LATENT_HOST_CLASS	16	29.412805117570	11
COMPOSITIONAL_TECHNICAL_NOTATION	4	HELD_PHYSICAL_FOLIO	F:COMPOSITIONAL_TECHNICAL_NOTATION:CONTROL_Q:R4:S2:F0151	POSITION_CONTEXT	7	10.840135099144	4
COMPOSITIONAL_TECHNICAL_NOTATION	4	HELD_PHYSICAL_FOLIO	F:COMPOSITIONAL_TECHNICAL_NOTATION:CONTROL_Q:R4:S2:F0151	OTHER_POSITION_HOST_BAG	7	9.845148842149	5
COMPOSITIONAL_TECHNICAL_NOTATION	4	HELD_PHYSICAL_FOLIO	F:COMPOSITIONAL_TECHNICAL_NOTATION:CONTROL_Q:R4:S2:F0151	LATENT_HOST_CLASS	7	11.917874302579	4
COMPOSITIONAL_TECHNICAL_NOTATION	4	HELD_PHYSICAL_FOLIO	F:COMPOSITIONAL_TECHNICAL_NOTATION:CONTROL_Q:R4:S2:F0152	POSITION_CONTEXT	10	14.930645577548	7
COMPOSITIONAL_TECHNICAL_NOTATION	4	HELD_PHYSICAL_FOLIO	F:COMPOSITIONAL_TECHNICAL_NOTATION:CONTROL_Q:R4:S2:F0152	OTHER_POSITION_HOST_BAG	10	16.346744654691	6
COMPOSITIONAL_TECHNICAL_NOTATION	4	HELD_PHYSICAL_FOLIO	F:COMPOSITIONAL_TECHNICAL_NOTATION:CONTROL_Q:R4:S2:F0152	LATENT_HOST_CLASS	10	15.358345326411	7
COMPOSITIONAL_TECHNICAL_NOTATION	4	HELD_PHYSICAL_FOLIO	F:COMPOSITIONAL_TECHNICAL_NOTATION:CONTROL_Q:R4:S2:F0153	POSITION_CONTEXT	38	87.797005224237	22
COMPOSITIONAL_TECHNICAL_NOTATION	4	HELD_PHYSICAL_FOLIO	F:COMPOSITIONAL_TECHNICAL_NOTATION:CONTROL_Q:R4:S2:F0153	OTHER_POSITION_HOST_BAG	38	99.466441635507	18
COMPOSITIONAL_TECHNICAL_NOTATION	4	HELD_PHYSICAL_FOLIO	F:COMPOSITIONAL_TECHNICAL_NOTATION:CONTROL_Q:R4:S2:F0153	LATENT_HOST_CLASS	38	85.814324227949	22
COMPOSITIONAL_TECHNICAL_NOTATION	4	HELD_PHYSICAL_FOLIO	F:COMPOSITIONAL_TECHNICAL_NOTATION:CONTROL_Q:R4:S2:F0154	POSITION_CONTEXT	19	45.808111532784	9
COMPOSITIONAL_TECHNICAL_NOTATION	4	HELD_PHYSICAL_FOLIO	F:COMPOSITIONAL_TECHNICAL_NOTATION:CONTROL_Q:R4:S2:F0154	OTHER_POSITION_HOST_BAG	19	43.158211009389	9
COMPOSITIONAL_TECHNICAL_NOTATION	4	HELD_PHYSICAL_FOLIO	F:COMPOSITIONAL_TECHNICAL_NOTATION:CONTROL_Q:R4:S2:F0154	LATENT_HOST_CLASS	19	42.232430379123	9
COMPOSITIONAL_TECHNICAL_NOTATION	4	HELD_PHYSICAL_FOLIO	F:COMPOSITIONAL_TECHNICAL_NOTATION:CONTROL_Q:R4:S2:F0155	POSITION_CONTEXT	22	48.212752481250	10
COMPOSITIONAL_TECHNICAL_NOTATION	4	HELD_PHYSICAL_FOLIO	F:COMPOSITIONAL_TECHNICAL_NOTATION:CONTROL_Q:R4:S2:F0155	OTHER_POSITION_HOST_BAG	22	61.627283641153	9
COMPOSITIONAL_TECHNICAL_NOTATION	4	HELD_PHYSICAL_FOLIO	F:COMPOSITIONAL_TECHNICAL_NOTATION:CONTROL_Q:R4:S2:F0155	LATENT_HOST_CLASS	22	52.627793390537	10
COMPOSITIONAL_TECHNICAL_NOTATION	4	HELD_PHYSICAL_FOLIO	F:COMPOSITIONAL_TECHNICAL_NOTATION:CONTROL_Q:R4:S2:F0156	POSITION_CONTEXT	14	32.919211436160	7
COMPOSITIONAL_TECHNICAL_NOTATION	4	HELD_PHYSICAL_FOLIO	F:COMPOSITIONAL_TECHNICAL_NOTATION:CONTROL_Q:R4:S2:F0156	OTHER_POSITION_HOST_BAG	14	34.060728114354	6
COMPOSITIONAL_TECHNICAL_NOTATION	4	HELD_PHYSICAL_FOLIO	F:COMPOSITIONAL_TECHNICAL_NOTATION:CONTROL_Q:R4:S2:F0156	LATENT_HOST_CLASS	14	31.319856569528	7
COMPOSITIONAL_TECHNICAL_NOTATION	4	HELD_PHYSICAL_FOLIO	F:COMPOSITIONAL_TECHNICAL_NOTATION:CONTROL_Q:R4:S2:F0157	POSITION_CONTEXT	28	46.315109358658	18
COMPOSITIONAL_TECHNICAL_NOTATION	4	HELD_PHYSICAL_FOLIO	F:COMPOSITIONAL_TECHNICAL_NOTATION:CONTROL_Q:R4:S2:F0157	OTHER_POSITION_HOST_BAG	28	52.575132907821	17
COMPOSITIONAL_TECHNICAL_NOTATION	4	HELD_PHYSICAL_FOLIO	F:COMPOSITIONAL_TECHNICAL_NOTATION:CONTROL_Q:R4:S2:F0157	LATENT_HOST_CLASS	28	49.453514991734	18
COMPOSITIONAL_TECHNICAL_NOTATION	4	HELD_PHYSICAL_FOLIO	F:COMPOSITIONAL_TECHNICAL_NOTATION:CONTROL_Q:R4:S2:F0158	POSITION_CONTEXT	30	67.483466223092	15
COMPOSITIONAL_TECHNICAL_NOTATION	4	HELD_PHYSICAL_FOLIO	F:COMPOSITIONAL_TECHNICAL_NOTATION:CONTROL_Q:R4:S2:F0158	OTHER_POSITION_HOST_BAG	30	67.363206591748	15
COMPOSITIONAL_TECHNICAL_NOTATION	4	HELD_PHYSICAL_FOLIO	F:COMPOSITIONAL_TECHNICAL_NOTATION:CONTROL_Q:R4:S2:F0158	LATENT_HOST_CLASS	30	62.606203037350	17
COMPOSITIONAL_TECHNICAL_NOTATION	4	HELD_PHYSICAL_FOLIO	F:COMPOSITIONAL_TECHNICAL_NOTATION:CONTROL_Q:R4:S2:F0159	POSITION_CONTEXT	13	31.700634647236	7
COMPOSITIONAL_TECHNICAL_NOTATION	4	HELD_PHYSICAL_FOLIO	F:COMPOSITIONAL_TECHNICAL_NOTATION:CONTROL_Q:R4:S2:F0159	OTHER_POSITION_HOST_BAG	13	29.182077752046	7
COMPOSITIONAL_TECHNICAL_NOTATION	4	HELD_PHYSICAL_FOLIO	F:COMPOSITIONAL_TECHNICAL_NOTATION:CONTROL_Q:R4:S2:F0159	LATENT_HOST_CLASS	13	28.199641560054	7
COMPOSITIONAL_TECHNICAL_NOTATION	4	HELD_PHYSICAL_FOLIO	F:COMPOSITIONAL_TECHNICAL_NOTATION:CONTROL_Q:R4:S2:F0160	POSITION_CONTEXT	15	33.816347254421	7
COMPOSITIONAL_TECHNICAL_NOTATION	4	HELD_PHYSICAL_FOLIO	F:COMPOSITIONAL_TECHNICAL_NOTATION:CONTROL_Q:R4:S2:F0160	OTHER_POSITION_HOST_BAG	15	33.891960845453	6
COMPOSITIONAL_TECHNICAL_NOTATION	4	HELD_PHYSICAL_FOLIO	F:COMPOSITIONAL_TECHNICAL_NOTATION:CONTROL_Q:R4:S2:F0160	LATENT_HOST_CLASS	15	31.039417303689	7
COMPOSITIONAL_TECHNICAL_NOTATION	4	HELD_PHYSICAL_FOLIO	F:COMPOSITIONAL_TECHNICAL_NOTATION:CONTROL_Q:R4:S2:F0161	POSITION_CONTEXT	18	31.603916034257	11
COMPOSITIONAL_TECHNICAL_NOTATION	4	HELD_PHYSICAL_FOLIO	F:COMPOSITIONAL_TECHNICAL_NOTATION:CONTROL_Q:R4:S2:F0161	OTHER_POSITION_HOST_BAG	18	33.562373633666	11
COMPOSITIONAL_TECHNICAL_NOTATION	4	HELD_PHYSICAL_FOLIO	F:COMPOSITIONAL_TECHNICAL_NOTATION:CONTROL_Q:R4:S2:F0161	LATENT_HOST_CLASS	18	31.392011991410	11
COMPOSITIONAL_TECHNICAL_NOTATION	4	HELD_PHYSICAL_FOLIO	F:COMPOSITIONAL_TECHNICAL_NOTATION:CONTROL_Q:R4:S2:F0162	POSITION_CONTEXT	29	41.115350308401	21
COMPOSITIONAL_TECHNICAL_NOTATION	4	HELD_PHYSICAL_FOLIO	F:COMPOSITIONAL_TECHNICAL_NOTATION:CONTROL_Q:R4:S2:F0162	OTHER_POSITION_HOST_BAG	29	47.062107273321	18
COMPOSITIONAL_TECHNICAL_NOTATION	4	HELD_PHYSICAL_FOLIO	F:COMPOSITIONAL_TECHNICAL_NOTATION:CONTROL_Q:R4:S2:F0162	LATENT_HOST_CLASS	29	45.167684628902	21
HYBRID_SHORTHAND	4	HELD_PHYSICAL_FOLIO	F:HYBRID_SHORTHAND:CONTROL_R:R1:S1:F0009	POSITION_CONTEXT	29	40.013244884620	21
HYBRID_SHORTHAND	4	HELD_PHYSICAL_FOLIO	F:HYBRID_SHORTHAND:CONTROL_R:R1:S1:F0009	OTHER_POSITION_HOST_BAG	29	47.223361226595	21
HYBRID_SHORTHAND	4	HELD_PHYSICAL_FOLIO	F:HYBRID_SHORTHAND:CONTROL_R:R1:S1:F0009	LATENT_HOST_CLASS	29	42.040356543726	22
HYBRID_SHORTHAND	4	HELD_PHYSICAL_FOLIO	F:HYBRID_SHORTHAND:CONTROL_R:R1:S1:F0010	POSITION_CONTEXT	15	16.505241120604	11
HYBRID_SHORTHAND	4	HELD_PHYSICAL_FOLIO	F:HYBRID_SHORTHAND:CONTROL_R:R1:S1:F0010	OTHER_POSITION_HOST_BAG	15	19.601508660817	11
HYBRID_SHORTHAND	4	HELD_PHYSICAL_FOLIO	F:HYBRID_SHORTHAND:CONTROL_R:R1:S1:F0010	LATENT_HOST_CLASS	15	17.764632774816	11
HYBRID_SHORTHAND	4	HELD_PHYSICAL_FOLIO	F:HYBRID_SHORTHAND:CONTROL_R:R1:S1:F0011	POSITION_CONTEXT	14	28.937762920465	10
HYBRID_SHORTHAND	4	HELD_PHYSICAL_FOLIO	F:HYBRID_SHORTHAND:CONTROL_R:R1:S1:F0011	OTHER_POSITION_HOST_BAG	14	27.909602479374	10
HYBRID_SHORTHAND	4	HELD_PHYSICAL_FOLIO	F:HYBRID_SHORTHAND:CONTROL_R:R1:S1:F0011	LATENT_HOST_CLASS	14	21.238817587747	10
HYBRID_SHORTHAND	4	HELD_PHYSICAL_FOLIO	F:HYBRID_SHORTHAND:CONTROL_R:R1:S1:F0012	POSITION_CONTEXT	9	4.909066925847	8
HYBRID_SHORTHAND	4	HELD_PHYSICAL_FOLIO	F:HYBRID_SHORTHAND:CONTROL_R:R1:S1:F0012	OTHER_POSITION_HOST_BAG	9	6.922863266108	8
HYBRID_SHORTHAND	4	HELD_PHYSICAL_FOLIO	F:HYBRID_SHORTHAND:CONTROL_R:R1:S1:F0012	LATENT_HOST_CLASS	9	5.132327894829	8
HYBRID_SHORTHAND	4	HELD_PHYSICAL_FOLIO	F:HYBRID_SHORTHAND:CONTROL_R:R1:S1:F0013	POSITION_CONTEXT	11	15.543627830313	7
HYBRID_SHORTHAND	4	HELD_PHYSICAL_FOLIO	F:HYBRID_SHORTHAND:CONTROL_R:R1:S1:F0013	OTHER_POSITION_HOST_BAG	11	22.612022166855	7
HYBRID_SHORTHAND	4	HELD_PHYSICAL_FOLIO	F:HYBRID_SHORTHAND:CONTROL_R:R1:S1:F0013	LATENT_HOST_CLASS	11	16.794961757669	8
HYBRID_SHORTHAND	4	HELD_PHYSICAL_FOLIO	F:HYBRID_SHORTHAND:CONTROL_R:R1:S1:F0014	POSITION_CONTEXT	12	29.375335300088	6
HYBRID_SHORTHAND	4	HELD_PHYSICAL_FOLIO	F:HYBRID_SHORTHAND:CONTROL_R:R1:S1:F0014	OTHER_POSITION_HOST_BAG	12	29.822106145462	6
HYBRID_SHORTHAND	4	HELD_PHYSICAL_FOLIO	F:HYBRID_SHORTHAND:CONTROL_R:R1:S1:F0014	LATENT_HOST_CLASS	12	29.166815882605	7
HYBRID_SHORTHAND	4	HELD_PHYSICAL_FOLIO	F:HYBRID_SHORTHAND:CONTROL_R:R1:S1:F0015	POSITION_CONTEXT	15	22.765909806219	11
HYBRID_SHORTHAND	4	HELD_PHYSICAL_FOLIO	F:HYBRID_SHORTHAND:CONTROL_R:R1:S1:F0015	OTHER_POSITION_HOST_BAG	15	27.342884833612	11
HYBRID_SHORTHAND	4	HELD_PHYSICAL_FOLIO	F:HYBRID_SHORTHAND:CONTROL_R:R1:S1:F0015	LATENT_HOST_CLASS	15	22.372158134222	11
HYBRID_SHORTHAND	4	HELD_PHYSICAL_FOLIO	F:HYBRID_SHORTHAND:CONTROL_R:R1:S1:F0016	POSITION_CONTEXT	12	9.705187373108	11
HYBRID_SHORTHAND	4	HELD_PHYSICAL_FOLIO	F:HYBRID_SHORTHAND:CONTROL_R:R1:S1:F0016	OTHER_POSITION_HOST_BAG	12	9.460107698076	11
HYBRID_SHORTHAND	4	HELD_PHYSICAL_FOLIO	F:HYBRID_SHORTHAND:CONTROL_R:R1:S1:F0016	LATENT_HOST_CLASS	12	8.276155529990	11
HYBRID_SHORTHAND	4	HELD_PHYSICAL_FOLIO	F:HYBRID_SHORTHAND:CONTROL_R:R1:S1:F0017	POSITION_CONTEXT	13	11.700975113895	11
HYBRID_SHORTHAND	4	HELD_PHYSICAL_FOLIO	F:HYBRID_SHORTHAND:CONTROL_R:R1:S1:F0017	OTHER_POSITION_HOST_BAG	13	11.067830321278	11
HYBRID_SHORTHAND	4	HELD_PHYSICAL_FOLIO	F:HYBRID_SHORTHAND:CONTROL_R:R1:S1:F0017	LATENT_HOST_CLASS	13	11.881220001889	11
HYBRID_SHORTHAND	4	HELD_PHYSICAL_FOLIO	F:HYBRID_SHORTHAND:CONTROL_R:R1:S1:F0018	POSITION_CONTEXT	14	16.252562691207	11
HYBRID_SHORTHAND	4	HELD_PHYSICAL_FOLIO	F:HYBRID_SHORTHAND:CONTROL_R:R1:S1:F0018	OTHER_POSITION_HOST_BAG	14	17.285680971231	11
HYBRID_SHORTHAND	4	HELD_PHYSICAL_FOLIO	F:HYBRID_SHORTHAND:CONTROL_R:R1:S1:F0018	LATENT_HOST_CLASS	14	17.118934503197	11
HYBRID_SHORTHAND	4	HELD_PHYSICAL_FOLIO	F:HYBRID_SHORTHAND:CONTROL_R:R1:S1:F0019	POSITION_CONTEXT	14	12.440851964217	11
HYBRID_SHORTHAND	4	HELD_PHYSICAL_FOLIO	F:HYBRID_SHORTHAND:CONTROL_R:R1:S1:F0019	OTHER_POSITION_HOST_BAG	14	17.562222478553	11
HYBRID_SHORTHAND	4	HELD_PHYSICAL_FOLIO	F:HYBRID_SHORTHAND:CONTROL_R:R1:S1:F0019	LATENT_HOST_CLASS	14	13.119944699170	12
HYBRID_SHORTHAND	4	HELD_PHYSICAL_FOLIO	F:HYBRID_SHORTHAND:CONTROL_R:R1:S1:F0029	POSITION_CONTEXT	13	16.957361049563	8
HYBRID_SHORTHAND	4	HELD_PHYSICAL_FOLIO	F:HYBRID_SHORTHAND:CONTROL_R:R1:S1:F0029	OTHER_POSITION_HOST_BAG	13	23.039912839159	8
HYBRID_SHORTHAND	4	HELD_PHYSICAL_FOLIO	F:HYBRID_SHORTHAND:CONTROL_R:R1:S1:F0029	LATENT_HOST_CLASS	13	19.227123947833	9
HYBRID_SHORTHAND	4	HELD_PHYSICAL_FOLIO	F:HYBRID_SHORTHAND:CONTROL_R:R1:S1:F0030	POSITION_CONTEXT	2	4.773271209044	1
HYBRID_SHORTHAND	4	HELD_PHYSICAL_FOLIO	F:HYBRID_SHORTHAND:CONTROL_R:R1:S1:F0030	OTHER_POSITION_HOST_BAG	2	6.415548365243	1
HYBRID_SHORTHAND	4	HELD_PHYSICAL_FOLIO	F:HYBRID_SHORTHAND:CONTROL_R:R1:S1:F0030	LATENT_HOST_CLASS	2	4.014206685453	1
HYBRID_SHORTHAND	4	HELD_PHYSICAL_FOLIO	F:HYBRID_SHORTHAND:CONTROL_R:R1:S1:F0031	POSITION_CONTEXT	12	24.870410141579	7
HYBRID_SHORTHAND	4	HELD_PHYSICAL_FOLIO	F:HYBRID_SHORTHAND:CONTROL_R:R1:S1:F0031	OTHER_POSITION_HOST_BAG	12	20.079723194860	7
HYBRID_SHORTHAND	4	HELD_PHYSICAL_FOLIO	F:HYBRID_SHORTHAND:CONTROL_R:R1:S1:F0031	LATENT_HOST_CLASS	12	22.285937978691	7
HYBRID_SHORTHAND	4	HELD_PHYSICAL_FOLIO	F:HYBRID_SHORTHAND:CONTROL_R:R1:S1:F0032	POSITION_CONTEXT	8	11.149191672183	6
HYBRID_SHORTHAND	4	HELD_PHYSICAL_FOLIO	F:HYBRID_SHORTHAND:CONTROL_R:R1:S1:F0032	OTHER_POSITION_HOST_BAG	8	14.805049136003	6
HYBRID_SHORTHAND	4	HELD_PHYSICAL_FOLIO	F:HYBRID_SHORTHAND:CONTROL_R:R1:S1:F0032	LATENT_HOST_CLASS	8	11.520752858087	6
HYBRID_SHORTHAND	4	HELD_PHYSICAL_FOLIO	F:HYBRID_SHORTHAND:CONTROL_R:R1:S1:F0033	POSITION_CONTEXT	8	11.680200455496	5
HYBRID_SHORTHAND	4	HELD_PHYSICAL_FOLIO	F:HYBRID_SHORTHAND:CONTROL_R:R1:S1:F0033	OTHER_POSITION_HOST_BAG	8	11.375567722559	5
HYBRID_SHORTHAND	4	HELD_PHYSICAL_FOLIO	F:HYBRID_SHORTHAND:CONTROL_R:R1:S1:F0033	LATENT_HOST_CLASS	8	12.705535817126	5
HYBRID_SHORTHAND	4	HELD_PHYSICAL_FOLIO	F:HYBRID_SHORTHAND:CONTROL_R:R1:S1:F0034	POSITION_CONTEXT	10	17.746569574189	8
HYBRID_SHORTHAND	4	HELD_PHYSICAL_FOLIO	F:HYBRID_SHORTHAND:CONTROL_R:R1:S1:F0034	OTHER_POSITION_HOST_BAG	10	14.129127456588	8
HYBRID_SHORTHAND	4	HELD_PHYSICAL_FOLIO	F:HYBRID_SHORTHAND:CONTROL_R:R1:S1:F0034	LATENT_HOST_CLASS	10	13.762132838966	8
HYBRID_SHORTHAND	4	HELD_PHYSICAL_FOLIO	F:HYBRID_SHORTHAND:CONTROL_R:R1:S1:F0035	POSITION_CONTEXT	12	15.233387413456	9
HYBRID_SHORTHAND	4	HELD_PHYSICAL_FOLIO	F:HYBRID_SHORTHAND:CONTROL_R:R1:S1:F0035	OTHER_POSITION_HOST_BAG	12	20.546918745294	9
HYBRID_SHORTHAND	4	HELD_PHYSICAL_FOLIO	F:HYBRID_SHORTHAND:CONTROL_R:R1:S1:F0035	LATENT_HOST_CLASS	12	19.121612274876	9
HYBRID_SHORTHAND	4	HELD_PHYSICAL_FOLIO	F:HYBRID_SHORTHAND:CONTROL_R:R1:S1:F0036	POSITION_CONTEXT	30	41.952222342479	19
HYBRID_SHORTHAND	4	HELD_PHYSICAL_FOLIO	F:HYBRID_SHORTHAND:CONTROL_R:R1:S1:F0036	OTHER_POSITION_HOST_BAG	30	57.347801813922	19
HYBRID_SHORTHAND	4	HELD_PHYSICAL_FOLIO	F:HYBRID_SHORTHAND:CONTROL_R:R1:S1:F0036	LATENT_HOST_CLASS	30	54.400257059227	18
HYBRID_SHORTHAND	4	HELD_PHYSICAL_FOLIO	F:HYBRID_SHORTHAND:CONTROL_R:R1:S1:F0037	POSITION_CONTEXT	18	27.790058700367	11
HYBRID_SHORTHAND	4	HELD_PHYSICAL_FOLIO	F:HYBRID_SHORTHAND:CONTROL_R:R1:S1:F0037	OTHER_POSITION_HOST_BAG	18	33.815403219376	11
HYBRID_SHORTHAND	4	HELD_PHYSICAL_FOLIO	F:HYBRID_SHORTHAND:CONTROL_R:R1:S1:F0037	LATENT_HOST_CLASS	18	34.234243325571	11
HYBRID_SHORTHAND	4	HELD_PHYSICAL_FOLIO	F:HYBRID_SHORTHAND:CONTROL_R:R1:S1:F0038	POSITION_CONTEXT	10	10.435146645386	8
HYBRID_SHORTHAND	4	HELD_PHYSICAL_FOLIO	F:HYBRID_SHORTHAND:CONTROL_R:R1:S1:F0038	OTHER_POSITION_HOST_BAG	10	16.560275562839	8
HYBRID_SHORTHAND	4	HELD_PHYSICAL_FOLIO	F:HYBRID_SHORTHAND:CONTROL_R:R1:S1:F0038	LATENT_HOST_CLASS	10	10.964134992788	8
HYBRID_SHORTHAND	4	HELD_PHYSICAL_FOLIO	F:HYBRID_SHORTHAND:CONTROL_R:R1:S1:F0039	POSITION_CONTEXT	29	40.016060360463	20
HYBRID_SHORTHAND	4	HELD_PHYSICAL_FOLIO	F:HYBRID_SHORTHAND:CONTROL_R:R1:S1:F0039	OTHER_POSITION_HOST_BAG	29	45.519736146933	20
HYBRID_SHORTHAND	4	HELD_PHYSICAL_FOLIO	F:HYBRID_SHORTHAND:CONTROL_R:R1:S1:F0039	LATENT_HOST_CLASS	29	39.109187089696	22
HYBRID_SHORTHAND	4	HELD_PHYSICAL_FOLIO	F:HYBRID_SHORTHAND:CONTROL_R:R1:S1:F0040	POSITION_CONTEXT	12	14.812724286584	10
HYBRID_SHORTHAND	4	HELD_PHYSICAL_FOLIO	F:HYBRID_SHORTHAND:CONTROL_R:R1:S1:F0040	OTHER_POSITION_HOST_BAG	12	18.746068835838	10
HYBRID_SHORTHAND	4	HELD_PHYSICAL_FOLIO	F:HYBRID_SHORTHAND:CONTROL_R:R1:S1:F0040	LATENT_HOST_CLASS	12	13.692130001401	10
HYBRID_SHORTHAND	4	HELD_PHYSICAL_FOLIO	F:HYBRID_SHORTHAND:CONTROL_R:R1:S1:F0064	POSITION_CONTEXT	24	43.666171864888	15
HYBRID_SHORTHAND	4	HELD_PHYSICAL_FOLIO	F:HYBRID_SHORTHAND:CONTROL_R:R1:S1:F0064	OTHER_POSITION_HOST_BAG	24	50.186371506399	15
HYBRID_SHORTHAND	4	HELD_PHYSICAL_FOLIO	F:HYBRID_SHORTHAND:CONTROL_R:R1:S1:F0064	LATENT_HOST_CLASS	24	41.102035205280	16
HYBRID_SHORTHAND	4	HELD_PHYSICAL_FOLIO	F:HYBRID_SHORTHAND:CONTROL_R:R1:S1:F0065	POSITION_CONTEXT	14	12.139494401456	12
HYBRID_SHORTHAND	4	HELD_PHYSICAL_FOLIO	F:HYBRID_SHORTHAND:CONTROL_R:R1:S1:F0065	OTHER_POSITION_HOST_BAG	14	16.423160393700	12
HYBRID_SHORTHAND	4	HELD_PHYSICAL_FOLIO	F:HYBRID_SHORTHAND:CONTROL_R:R1:S1:F0065	LATENT_HOST_CLASS	14	16.716120535706	12
HYBRID_SHORTHAND	4	HELD_PHYSICAL_FOLIO	F:HYBRID_SHORTHAND:CONTROL_R:R1:S1:F0066	POSITION_CONTEXT	8	13.414231923368	5
HYBRID_SHORTHAND	4	HELD_PHYSICAL_FOLIO	F:HYBRID_SHORTHAND:CONTROL_R:R1:S1:F0066	OTHER_POSITION_HOST_BAG	8	15.779857569563	5
HYBRID_SHORTHAND	4	HELD_PHYSICAL_FOLIO	F:HYBRID_SHORTHAND:CONTROL_R:R1:S1:F0066	LATENT_HOST_CLASS	8	16.228372506071	5
HYBRID_SHORTHAND	4	HELD_PHYSICAL_FOLIO	F:HYBRID_SHORTHAND:CONTROL_R:R1:S1:F0067	POSITION_CONTEXT	6	6.996593522157	4
HYBRID_SHORTHAND	4	HELD_PHYSICAL_FOLIO	F:HYBRID_SHORTHAND:CONTROL_R:R1:S1:F0067	OTHER_POSITION_HOST_BAG	6	7.703615093275	4
HYBRID_SHORTHAND	4	HELD_PHYSICAL_FOLIO	F:HYBRID_SHORTHAND:CONTROL_R:R1:S1:F0067	LATENT_HOST_CLASS	6	7.208256523329	4
HYBRID_SHORTHAND	4	HELD_PHYSICAL_FOLIO	F:HYBRID_SHORTHAND:CONTROL_R:R1:S1:F0068	POSITION_CONTEXT	20	52.787497418998	8
HYBRID_SHORTHAND	4	HELD_PHYSICAL_FOLIO	F:HYBRID_SHORTHAND:CONTROL_R:R1:S1:F0068	OTHER_POSITION_HOST_BAG	20	63.337951721178	8
HYBRID_SHORTHAND	4	HELD_PHYSICAL_FOLIO	F:HYBRID_SHORTHAND:CONTROL_R:R1:S1:F0068	LATENT_HOST_CLASS	20	50.164056623979	9
HYBRID_SHORTHAND	4	HELD_PHYSICAL_FOLIO	F:HYBRID_SHORTHAND:CONTROL_R:R1:S1:F0069	POSITION_CONTEXT	26	42.444276416672	15
HYBRID_SHORTHAND	4	HELD_PHYSICAL_FOLIO	F:HYBRID_SHORTHAND:CONTROL_R:R1:S1:F0069	OTHER_POSITION_HOST_BAG	26	50.486903791277	15
HYBRID_SHORTHAND	4	HELD_PHYSICAL_FOLIO	F:HYBRID_SHORTHAND:CONTROL_R:R1:S1:F0069	LATENT_HOST_CLASS	26	48.869532635090	15
HYBRID_SHORTHAND	4	HELD_PHYSICAL_FOLIO	F:HYBRID_SHORTHAND:CONTROL_R:R1:S1:F0070	POSITION_CONTEXT	11	11.844847492725	8
HYBRID_SHORTHAND	4	HELD_PHYSICAL_FOLIO	F:HYBRID_SHORTHAND:CONTROL_R:R1:S1:F0070	OTHER_POSITION_HOST_BAG	11	13.560823732177	8
HYBRID_SHORTHAND	4	HELD_PHYSICAL_FOLIO	F:HYBRID_SHORTHAND:CONTROL_R:R1:S1:F0070	LATENT_HOST_CLASS	11	17.374920839313	8
HYBRID_SHORTHAND	4	HELD_PHYSICAL_FOLIO	F:HYBRID_SHORTHAND:CONTROL_R:R1:S1:F0071	POSITION_CONTEXT	16	26.687736516128	12
HYBRID_SHORTHAND	4	HELD_PHYSICAL_FOLIO	F:HYBRID_SHORTHAND:CONTROL_R:R1:S1:F0071	OTHER_POSITION_HOST_BAG	16	29.706694176193	12
HYBRID_SHORTHAND	4	HELD_PHYSICAL_FOLIO	F:HYBRID_SHORTHAND:CONTROL_R:R1:S1:F0071	LATENT_HOST_CLASS	16	26.432159848148	13
HYBRID_SHORTHAND	4	HELD_PHYSICAL_FOLIO	F:HYBRID_SHORTHAND:CONTROL_R:R1:S1:F0072	POSITION_CONTEXT	17	39.253519621965	9
HYBRID_SHORTHAND	4	HELD_PHYSICAL_FOLIO	F:HYBRID_SHORTHAND:CONTROL_R:R1:S1:F0072	OTHER_POSITION_HOST_BAG	17	44.601317047706	9
HYBRID_SHORTHAND	4	HELD_PHYSICAL_FOLIO	F:HYBRID_SHORTHAND:CONTROL_R:R1:S1:F0072	LATENT_HOST_CLASS	17	37.660791556225	9
HYBRID_SHORTHAND	4	HELD_PHYSICAL_FOLIO	F:HYBRID_SHORTHAND:CONTROL_R:R1:S1:F0073	POSITION_CONTEXT	42	68.744438766599	27
HYBRID_SHORTHAND	4	HELD_PHYSICAL_FOLIO	F:HYBRID_SHORTHAND:CONTROL_R:R1:S1:F0073	OTHER_POSITION_HOST_BAG	42	75.553035586939	27
HYBRID_SHORTHAND	4	HELD_PHYSICAL_FOLIO	F:HYBRID_SHORTHAND:CONTROL_R:R1:S1:F0073	LATENT_HOST_CLASS	42	79.107445053630	27
HYBRID_SHORTHAND	4	HELD_PHYSICAL_FOLIO	F:HYBRID_SHORTHAND:CONTROL_R:R1:S1:F0074	POSITION_CONTEXT	12	8.931754387308	9
HYBRID_SHORTHAND	4	HELD_PHYSICAL_FOLIO	F:HYBRID_SHORTHAND:CONTROL_R:R1:S1:F0074	OTHER_POSITION_HOST_BAG	12	20.043890251711	9
HYBRID_SHORTHAND	4	HELD_PHYSICAL_FOLIO	F:HYBRID_SHORTHAND:CONTROL_R:R1:S1:F0074	LATENT_HOST_CLASS	12	13.371569936589	10
HYBRID_SHORTHAND	4	HELD_PHYSICAL_FOLIO	F:HYBRID_SHORTHAND:CONTROL_R:R1:S2:F0000	POSITION_CONTEXT	2	3.432201742738	1
HYBRID_SHORTHAND	4	HELD_PHYSICAL_FOLIO	F:HYBRID_SHORTHAND:CONTROL_R:R1:S2:F0000	OTHER_POSITION_HOST_BAG	2	4.251427990946	1
HYBRID_SHORTHAND	4	HELD_PHYSICAL_FOLIO	F:HYBRID_SHORTHAND:CONTROL_R:R1:S2:F0000	LATENT_HOST_CLASS	2	3.987625601577	1
HYBRID_SHORTHAND	4	HELD_PHYSICAL_FOLIO	F:HYBRID_SHORTHAND:CONTROL_R:R1:S2:F0001	POSITION_CONTEXT	30	74.785531055614	19
HYBRID_SHORTHAND	4	HELD_PHYSICAL_FOLIO	F:HYBRID_SHORTHAND:CONTROL_R:R1:S2:F0001	OTHER_POSITION_HOST_BAG	30	70.295584000462	19
HYBRID_SHORTHAND	4	HELD_PHYSICAL_FOLIO	F:HYBRID_SHORTHAND:CONTROL_R:R1:S2:F0001	LATENT_HOST_CLASS	30	61.128951313315	20
HYBRID_SHORTHAND	4	HELD_PHYSICAL_FOLIO	F:HYBRID_SHORTHAND:CONTROL_R:R1:S2:F0002	POSITION_CONTEXT	14	35.567422264965	8
HYBRID_SHORTHAND	4	HELD_PHYSICAL_FOLIO	F:HYBRID_SHORTHAND:CONTROL_R:R1:S2:F0002	OTHER_POSITION_HOST_BAG	14	36.667245448628	8
HYBRID_SHORTHAND	4	HELD_PHYSICAL_FOLIO	F:HYBRID_SHORTHAND:CONTROL_R:R1:S2:F0002	LATENT_HOST_CLASS	14	26.427950632681	8
HYBRID_SHORTHAND	4	HELD_PHYSICAL_FOLIO	F:HYBRID_SHORTHAND:CONTROL_R:R1:S2:F0003	POSITION_CONTEXT	14	40.325028718808	7
HYBRID_SHORTHAND	4	HELD_PHYSICAL_FOLIO	F:HYBRID_SHORTHAND:CONTROL_R:R1:S2:F0003	OTHER_POSITION_HOST_BAG	14	38.609595408221	7
HYBRID_SHORTHAND	4	HELD_PHYSICAL_FOLIO	F:HYBRID_SHORTHAND:CONTROL_R:R1:S2:F0003	LATENT_HOST_CLASS	14	34.238983749182	7
HYBRID_SHORTHAND	4	HELD_PHYSICAL_FOLIO	F:HYBRID_SHORTHAND:CONTROL_R:R1:S2:F0004	POSITION_CONTEXT	15	21.038155604352	10
HYBRID_SHORTHAND	4	HELD_PHYSICAL_FOLIO	F:HYBRID_SHORTHAND:CONTROL_R:R1:S2:F0004	OTHER_POSITION_HOST_BAG	15	20.191836751681	10
HYBRID_SHORTHAND	4	HELD_PHYSICAL_FOLIO	F:HYBRID_SHORTHAND:CONTROL_R:R1:S2:F0004	LATENT_HOST_CLASS	15	20.988160351390	10
HYBRID_SHORTHAND	4	HELD_PHYSICAL_FOLIO	F:HYBRID_SHORTHAND:CONTROL_R:R1:S2:F0005	POSITION_CONTEXT	18	40.217322359217	10
HYBRID_SHORTHAND	4	HELD_PHYSICAL_FOLIO	F:HYBRID_SHORTHAND:CONTROL_R:R1:S2:F0005	OTHER_POSITION_HOST_BAG	18	44.206278946874	10
HYBRID_SHORTHAND	4	HELD_PHYSICAL_FOLIO	F:HYBRID_SHORTHAND:CONTROL_R:R1:S2:F0005	LATENT_HOST_CLASS	18	44.822700900840	10
HYBRID_SHORTHAND	4	HELD_PHYSICAL_FOLIO	F:HYBRID_SHORTHAND:CONTROL_R:R1:S2:F0006	POSITION_CONTEXT	14	36.674475546857	8
HYBRID_SHORTHAND	4	HELD_PHYSICAL_FOLIO	F:HYBRID_SHORTHAND:CONTROL_R:R1:S2:F0006	OTHER_POSITION_HOST_BAG	14	43.446661165026	8
HYBRID_SHORTHAND	4	HELD_PHYSICAL_FOLIO	F:HYBRID_SHORTHAND:CONTROL_R:R1:S2:F0006	LATENT_HOST_CLASS	14	30.241405106669	8
HYBRID_SHORTHAND	4	HELD_PHYSICAL_FOLIO	F:HYBRID_SHORTHAND:CONTROL_R:R1:S2:F0007	POSITION_CONTEXT	24	36.652334127619	16
HYBRID_SHORTHAND	4	HELD_PHYSICAL_FOLIO	F:HYBRID_SHORTHAND:CONTROL_R:R1:S2:F0007	OTHER_POSITION_HOST_BAG	24	41.545797451087	16
HYBRID_SHORTHAND	4	HELD_PHYSICAL_FOLIO	F:HYBRID_SHORTHAND:CONTROL_R:R1:S2:F0007	LATENT_HOST_CLASS	24	39.689917721018	17
HYBRID_SHORTHAND	4	HELD_PHYSICAL_FOLIO	F:HYBRID_SHORTHAND:CONTROL_R:R1:S2:F0008	POSITION_CONTEXT	16	24.574530636021	11
HYBRID_SHORTHAND	4	HELD_PHYSICAL_FOLIO	F:HYBRID_SHORTHAND:CONTROL_R:R1:S2:F0008	OTHER_POSITION_HOST_BAG	16	29.113859049262	11
HYBRID_SHORTHAND	4	HELD_PHYSICAL_FOLIO	F:HYBRID_SHORTHAND:CONTROL_R:R1:S2:F0008	LATENT_HOST_CLASS	16	22.005687908701	12
HYBRID_SHORTHAND	4	HELD_PHYSICAL_FOLIO	F:HYBRID_SHORTHAND:CONTROL_R:R1:S2:F0052	POSITION_CONTEXT	22	19.219311551735	18
HYBRID_SHORTHAND	4	HELD_PHYSICAL_FOLIO	F:HYBRID_SHORTHAND:CONTROL_R:R1:S2:F0052	OTHER_POSITION_HOST_BAG	22	26.262002258972	18
HYBRID_SHORTHAND	4	HELD_PHYSICAL_FOLIO	F:HYBRID_SHORTHAND:CONTROL_R:R1:S2:F0052	LATENT_HOST_CLASS	22	21.563672179256	18
HYBRID_SHORTHAND	4	HELD_PHYSICAL_FOLIO	F:HYBRID_SHORTHAND:CONTROL_R:R1:S2:F0053	POSITION_CONTEXT	22	61.909808369656	9
HYBRID_SHORTHAND	4	HELD_PHYSICAL_FOLIO	F:HYBRID_SHORTHAND:CONTROL_R:R1:S2:F0053	OTHER_POSITION_HOST_BAG	22	59.298004183040	9
HYBRID_SHORTHAND	4	HELD_PHYSICAL_FOLIO	F:HYBRID_SHORTHAND:CONTROL_R:R1:S2:F0053	LATENT_HOST_CLASS	22	59.993956819670	9
HYBRID_SHORTHAND	4	HELD_PHYSICAL_FOLIO	F:HYBRID_SHORTHAND:CONTROL_R:R1:S2:F0054	POSITION_CONTEXT	17	46.926206185475	7
HYBRID_SHORTHAND	4	HELD_PHYSICAL_FOLIO	F:HYBRID_SHORTHAND:CONTROL_R:R1:S2:F0054	OTHER_POSITION_HOST_BAG	17	45.870226849365	7
HYBRID_SHORTHAND	4	HELD_PHYSICAL_FOLIO	F:HYBRID_SHORTHAND:CONTROL_R:R1:S2:F0054	LATENT_HOST_CLASS	17	44.450684929520	7
HYBRID_SHORTHAND	4	HELD_PHYSICAL_FOLIO	F:HYBRID_SHORTHAND:CONTROL_R:R1:S2:F0055	POSITION_CONTEXT	10	25.911977248993	4
HYBRID_SHORTHAND	4	HELD_PHYSICAL_FOLIO	F:HYBRID_SHORTHAND:CONTROL_R:R1:S2:F0055	OTHER_POSITION_HOST_BAG	10	32.034044131583	4
HYBRID_SHORTHAND	4	HELD_PHYSICAL_FOLIO	F:HYBRID_SHORTHAND:CONTROL_R:R1:S2:F0055	LATENT_HOST_CLASS	10	24.534551829664	5
HYBRID_SHORTHAND	4	HELD_PHYSICAL_FOLIO	F:HYBRID_SHORTHAND:CONTROL_R:R1:S2:F0056	POSITION_CONTEXT	29	46.129396207026	20
HYBRID_SHORTHAND	4	HELD_PHYSICAL_FOLIO	F:HYBRID_SHORTHAND:CONTROL_R:R1:S2:F0056	OTHER_POSITION_HOST_BAG	29	55.830616367997	20
HYBRID_SHORTHAND	4	HELD_PHYSICAL_FOLIO	F:HYBRID_SHORTHAND:CONTROL_R:R1:S2:F0056	LATENT_HOST_CLASS	29	44.684780836574	21
HYBRID_SHORTHAND	4	HELD_PHYSICAL_FOLIO	F:HYBRID_SHORTHAND:CONTROL_R:R1:S2:F0057	POSITION_CONTEXT	37	69.087353631041	22
HYBRID_SHORTHAND	4	HELD_PHYSICAL_FOLIO	F:HYBRID_SHORTHAND:CONTROL_R:R1:S2:F0057	OTHER_POSITION_HOST_BAG	37	78.607455875493	22
HYBRID_SHORTHAND	4	HELD_PHYSICAL_FOLIO	F:HYBRID_SHORTHAND:CONTROL_R:R1:S2:F0057	LATENT_HOST_CLASS	37	67.613818219598	22
HYBRID_SHORTHAND	4	HELD_PHYSICAL_FOLIO	F:HYBRID_SHORTHAND:CONTROL_R:R1:S2:F0058	POSITION_CONTEXT	28	56.554728802558	16
HYBRID_SHORTHAND	4	HELD_PHYSICAL_FOLIO	F:HYBRID_SHORTHAND:CONTROL_R:R1:S2:F0058	OTHER_POSITION_HOST_BAG	28	59.158079197964	16
HYBRID_SHORTHAND	4	HELD_PHYSICAL_FOLIO	F:HYBRID_SHORTHAND:CONTROL_R:R1:S2:F0058	LATENT_HOST_CLASS	28	63.999658759601	16
HYBRID_SHORTHAND	4	HELD_PHYSICAL_FOLIO	F:HYBRID_SHORTHAND:CONTROL_R:R1:S2:F0059	POSITION_CONTEXT	23	39.678125407581	15
HYBRID_SHORTHAND	4	HELD_PHYSICAL_FOLIO	F:HYBRID_SHORTHAND:CONTROL_R:R1:S2:F0059	OTHER_POSITION_HOST_BAG	23	45.536211189004	15
HYBRID_SHORTHAND	4	HELD_PHYSICAL_FOLIO	F:HYBRID_SHORTHAND:CONTROL_R:R1:S2:F0059	LATENT_HOST_CLASS	23	46.897404020406	15
HYBRID_SHORTHAND	4	HELD_PHYSICAL_FOLIO	F:HYBRID_SHORTHAND:CONTROL_R:R1:S2:F0060	POSITION_CONTEXT	15	25.143380938423	10
HYBRID_SHORTHAND	4	HELD_PHYSICAL_FOLIO	F:HYBRID_SHORTHAND:CONTROL_R:R1:S2:F0060	OTHER_POSITION_HOST_BAG	15	23.790045534127	10
HYBRID_SHORTHAND	4	HELD_PHYSICAL_FOLIO	F:HYBRID_SHORTHAND:CONTROL_R:R1:S2:F0060	LATENT_HOST_CLASS	15	26.137503434876	10
HYBRID_SHORTHAND	4	HELD_PHYSICAL_FOLIO	F:HYBRID_SHORTHAND:CONTROL_R:R1:S2:F0061	POSITION_CONTEXT	17	37.827106051055	11
HYBRID_SHORTHAND	4	HELD_PHYSICAL_FOLIO	F:HYBRID_SHORTHAND:CONTROL_R:R1:S2:F0061	OTHER_POSITION_HOST_BAG	17	44.900944930073	11
HYBRID_SHORTHAND	4	HELD_PHYSICAL_FOLIO	F:HYBRID_SHORTHAND:CONTROL_R:R1:S2:F0061	LATENT_HOST_CLASS	17	36.442614622443	12
HYBRID_SHORTHAND	4	HELD_PHYSICAL_FOLIO	F:HYBRID_SHORTHAND:CONTROL_R:R1:S2:F0062	POSITION_CONTEXT	24	55.753791970387	10
HYBRID_SHORTHAND	4	HELD_PHYSICAL_FOLIO	F:HYBRID_SHORTHAND:CONTROL_R:R1:S2:F0062	OTHER_POSITION_HOST_BAG	24	50.521119145280	10
HYBRID_SHORTHAND	4	HELD_PHYSICAL_FOLIO	F:HYBRID_SHORTHAND:CONTROL_R:R1:S2:F0062	LATENT_HOST_CLASS	24	60.594402027586	10
HYBRID_SHORTHAND	4	HELD_PHYSICAL_FOLIO	F:HYBRID_SHORTHAND:CONTROL_R:R1:S2:F0063	POSITION_CONTEXT	3	10.789916738959	2
HYBRID_SHORTHAND	4	HELD_PHYSICAL_FOLIO	F:HYBRID_SHORTHAND:CONTROL_R:R1:S2:F0063	OTHER_POSITION_HOST_BAG	3	11.312845280816	2
HYBRID_SHORTHAND	4	HELD_PHYSICAL_FOLIO	F:HYBRID_SHORTHAND:CONTROL_R:R1:S2:F0063	LATENT_HOST_CLASS	3	10.031183645844	2
HYBRID_SHORTHAND	4	HELD_PHYSICAL_FOLIO	F:HYBRID_SHORTHAND:CONTROL_R:R2:S1:F0020	POSITION_CONTEXT	31	42.012940661236	20
HYBRID_SHORTHAND	4	HELD_PHYSICAL_FOLIO	F:HYBRID_SHORTHAND:CONTROL_R:R2:S1:F0020	OTHER_POSITION_HOST_BAG	31	48.935568804306	20
HYBRID_SHORTHAND	4	HELD_PHYSICAL_FOLIO	F:HYBRID_SHORTHAND:CONTROL_R:R2:S1:F0020	LATENT_HOST_CLASS	31	47.819744406297	21
HYBRID_SHORTHAND	4	HELD_PHYSICAL_FOLIO	F:HYBRID_SHORTHAND:CONTROL_R:R2:S1:F0021	POSITION_CONTEXT	16	18.352491823384	13
HYBRID_SHORTHAND	4	HELD_PHYSICAL_FOLIO	F:HYBRID_SHORTHAND:CONTROL_R:R2:S1:F0021	OTHER_POSITION_HOST_BAG	16	18.391377275447	13
HYBRID_SHORTHAND	4	HELD_PHYSICAL_FOLIO	F:HYBRID_SHORTHAND:CONTROL_R:R2:S1:F0021	LATENT_HOST_CLASS	16	22.882197618778	12
HYBRID_SHORTHAND	4	HELD_PHYSICAL_FOLIO	F:HYBRID_SHORTHAND:CONTROL_R:R2:S1:F0022	POSITION_CONTEXT	6	6.442473608095	5
HYBRID_SHORTHAND	4	HELD_PHYSICAL_FOLIO	F:HYBRID_SHORTHAND:CONTROL_R:R2:S1:F0022	OTHER_POSITION_HOST_BAG	6	7.029133281153	5
HYBRID_SHORTHAND	4	HELD_PHYSICAL_FOLIO	F:HYBRID_SHORTHAND:CONTROL_R:R2:S1:F0022	LATENT_HOST_CLASS	6	6.186760587424	5
HYBRID_SHORTHAND	4	HELD_PHYSICAL_FOLIO	F:HYBRID_SHORTHAND:CONTROL_R:R2:S1:F0023	POSITION_CONTEXT	15	27.785647646107	9
HYBRID_SHORTHAND	4	HELD_PHYSICAL_FOLIO	F:HYBRID_SHORTHAND:CONTROL_R:R2:S1:F0023	OTHER_POSITION_HOST_BAG	15	31.037215655587	9
HYBRID_SHORTHAND	4	HELD_PHYSICAL_FOLIO	F:HYBRID_SHORTHAND:CONTROL_R:R2:S1:F0023	LATENT_HOST_CLASS	15	26.406310638692	10
HYBRID_SHORTHAND	4	HELD_PHYSICAL_FOLIO	F:HYBRID_SHORTHAND:CONTROL_R:R2:S1:F0024	POSITION_CONTEXT	10	10.021635497324	8
HYBRID_SHORTHAND	4	HELD_PHYSICAL_FOLIO	F:HYBRID_SHORTHAND:CONTROL_R:R2:S1:F0024	OTHER_POSITION_HOST_BAG	10	11.128685327561	8
HYBRID_SHORTHAND	4	HELD_PHYSICAL_FOLIO	F:HYBRID_SHORTHAND:CONTROL_R:R2:S1:F0024	LATENT_HOST_CLASS	10	11.877042297254	8
HYBRID_SHORTHAND	4	HELD_PHYSICAL_FOLIO	F:HYBRID_SHORTHAND:CONTROL_R:R2:S1:F0025	POSITION_CONTEXT	22	31.493900279825	17
HYBRID_SHORTHAND	4	HELD_PHYSICAL_FOLIO	F:HYBRID_SHORTHAND:CONTROL_R:R2:S1:F0025	OTHER_POSITION_HOST_BAG	22	29.670045339544	17
HYBRID_SHORTHAND	4	HELD_PHYSICAL_FOLIO	F:HYBRID_SHORTHAND:CONTROL_R:R2:S1:F0025	LATENT_HOST_CLASS	22	28.940206887268	17
HYBRID_SHORTHAND	4	HELD_PHYSICAL_FOLIO	F:HYBRID_SHORTHAND:CONTROL_R:R2:S1:F0026	POSITION_CONTEXT	12	19.835950862786	9
HYBRID_SHORTHAND	4	HELD_PHYSICAL_FOLIO	F:HYBRID_SHORTHAND:CONTROL_R:R2:S1:F0026	OTHER_POSITION_HOST_BAG	12	21.468118368116	9
HYBRID_SHORTHAND	4	HELD_PHYSICAL_FOLIO	F:HYBRID_SHORTHAND:CONTROL_R:R2:S1:F0026	LATENT_HOST_CLASS	12	20.083668294962	9
HYBRID_SHORTHAND	4	HELD_PHYSICAL_FOLIO	F:HYBRID_SHORTHAND:CONTROL_R:R2:S1:F0027	POSITION_CONTEXT	16	18.872354038622	13
HYBRID_SHORTHAND	4	HELD_PHYSICAL_FOLIO	F:HYBRID_SHORTHAND:CONTROL_R:R2:S1:F0027	OTHER_POSITION_HOST_BAG	16	19.935720109702	13
HYBRID_SHORTHAND	4	HELD_PHYSICAL_FOLIO	F:HYBRID_SHORTHAND:CONTROL_R:R2:S1:F0027	LATENT_HOST_CLASS	16	13.995217161947	13
HYBRID_SHORTHAND	4	HELD_PHYSICAL_FOLIO	F:HYBRID_SHORTHAND:CONTROL_R:R2:S1:F0028	POSITION_CONTEXT	28	52.894041833666	18
HYBRID_SHORTHAND	4	HELD_PHYSICAL_FOLIO	F:HYBRID_SHORTHAND:CONTROL_R:R2:S1:F0028	OTHER_POSITION_HOST_BAG	28	52.107778731804	18
HYBRID_SHORTHAND	4	HELD_PHYSICAL_FOLIO	F:HYBRID_SHORTHAND:CONTROL_R:R2:S1:F0028	LATENT_HOST_CLASS	28	48.508616715358	19
HYBRID_SHORTHAND	4	HELD_PHYSICAL_FOLIO	F:HYBRID_SHORTHAND:CONTROL_R:R2:S1:F0124	POSITION_CONTEXT	18	33.359780874308	9
HYBRID_SHORTHAND	4	HELD_PHYSICAL_FOLIO	F:HYBRID_SHORTHAND:CONTROL_R:R2:S1:F0124	OTHER_POSITION_HOST_BAG	18	43.898223081583	9
HYBRID_SHORTHAND	4	HELD_PHYSICAL_FOLIO	F:HYBRID_SHORTHAND:CONTROL_R:R2:S1:F0124	LATENT_HOST_CLASS	18	38.123133094787	9
HYBRID_SHORTHAND	4	HELD_PHYSICAL_FOLIO	F:HYBRID_SHORTHAND:CONTROL_R:R2:S1:F0125	POSITION_CONTEXT	28	41.891452599058	18
HYBRID_SHORTHAND	4	HELD_PHYSICAL_FOLIO	F:HYBRID_SHORTHAND:CONTROL_R:R2:S1:F0125	OTHER_POSITION_HOST_BAG	28	40.139942950751	18
HYBRID_SHORTHAND	4	HELD_PHYSICAL_FOLIO	F:HYBRID_SHORTHAND:CONTROL_R:R2:S1:F0125	LATENT_HOST_CLASS	28	47.319017270595	18
HYBRID_SHORTHAND	4	HELD_PHYSICAL_FOLIO	F:HYBRID_SHORTHAND:CONTROL_R:R2:S1:F0126	POSITION_CONTEXT	27	41.524400786670	17
HYBRID_SHORTHAND	4	HELD_PHYSICAL_FOLIO	F:HYBRID_SHORTHAND:CONTROL_R:R2:S1:F0126	OTHER_POSITION_HOST_BAG	27	62.821309065958	17
HYBRID_SHORTHAND	4	HELD_PHYSICAL_FOLIO	F:HYBRID_SHORTHAND:CONTROL_R:R2:S1:F0126	LATENT_HOST_CLASS	27	47.344589253640	19
HYBRID_SHORTHAND	4	HELD_PHYSICAL_FOLIO	F:HYBRID_SHORTHAND:CONTROL_R:R2:S1:F0127	POSITION_CONTEXT	30	63.301653557331	16
HYBRID_SHORTHAND	4	HELD_PHYSICAL_FOLIO	F:HYBRID_SHORTHAND:CONTROL_R:R2:S1:F0127	OTHER_POSITION_HOST_BAG	30	74.133612441269	16
HYBRID_SHORTHAND	4	HELD_PHYSICAL_FOLIO	F:HYBRID_SHORTHAND:CONTROL_R:R2:S1:F0127	LATENT_HOST_CLASS	30	66.682253857876	16
HYBRID_SHORTHAND	4	HELD_PHYSICAL_FOLIO	F:HYBRID_SHORTHAND:CONTROL_R:R2:S1:F0128	POSITION_CONTEXT	21	40.595232221232	14
HYBRID_SHORTHAND	4	HELD_PHYSICAL_FOLIO	F:HYBRID_SHORTHAND:CONTROL_R:R2:S1:F0128	OTHER_POSITION_HOST_BAG	21	48.316487008820	14
HYBRID_SHORTHAND	4	HELD_PHYSICAL_FOLIO	F:HYBRID_SHORTHAND:CONTROL_R:R2:S1:F0128	LATENT_HOST_CLASS	21	36.206515965142	14
HYBRID_SHORTHAND	4	HELD_PHYSICAL_FOLIO	F:HYBRID_SHORTHAND:CONTROL_R:R2:S1:F0129	POSITION_CONTEXT	9	16.568741770078	2
HYBRID_SHORTHAND	4	HELD_PHYSICAL_FOLIO	F:HYBRID_SHORTHAND:CONTROL_R:R2:S1:F0129	OTHER_POSITION_HOST_BAG	9	19.919241895294	2
HYBRID_SHORTHAND	4	HELD_PHYSICAL_FOLIO	F:HYBRID_SHORTHAND:CONTROL_R:R2:S1:F0129	LATENT_HOST_CLASS	9	25.800459503918	2
HYBRID_SHORTHAND	4	HELD_PHYSICAL_FOLIO	F:HYBRID_SHORTHAND:CONTROL_R:R2:S1:F0130	POSITION_CONTEXT	28	60.071930783107	16
HYBRID_SHORTHAND	4	HELD_PHYSICAL_FOLIO	F:HYBRID_SHORTHAND:CONTROL_R:R2:S1:F0130	OTHER_POSITION_HOST_BAG	28	54.173172275889	16
HYBRID_SHORTHAND	4	HELD_PHYSICAL_FOLIO	F:HYBRID_SHORTHAND:CONTROL_R:R2:S1:F0130	LATENT_HOST_CLASS	28	53.433788564019	17
HYBRID_SHORTHAND	4	HELD_PHYSICAL_FOLIO	F:HYBRID_SHORTHAND:CONTROL_R:R2:S1:F0131	POSITION_CONTEXT	22	52.629338353000	12
HYBRID_SHORTHAND	4	HELD_PHYSICAL_FOLIO	F:HYBRID_SHORTHAND:CONTROL_R:R2:S1:F0131	OTHER_POSITION_HOST_BAG	22	60.592736503019	12
HYBRID_SHORTHAND	4	HELD_PHYSICAL_FOLIO	F:HYBRID_SHORTHAND:CONTROL_R:R2:S1:F0131	LATENT_HOST_CLASS	22	50.415574773551	12
HYBRID_SHORTHAND	4	HELD_PHYSICAL_FOLIO	F:HYBRID_SHORTHAND:CONTROL_R:R2:S2:F0041	POSITION_CONTEXT	5	8.961776511802	3
HYBRID_SHORTHAND	4	HELD_PHYSICAL_FOLIO	F:HYBRID_SHORTHAND:CONTROL_R:R2:S2:F0041	OTHER_POSITION_HOST_BAG	5	8.628621151737	3
HYBRID_SHORTHAND	4	HELD_PHYSICAL_FOLIO	F:HYBRID_SHORTHAND:CONTROL_R:R2:S2:F0041	LATENT_HOST_CLASS	5	8.542877293796	3
HYBRID_SHORTHAND	4	HELD_PHYSICAL_FOLIO	F:HYBRID_SHORTHAND:CONTROL_R:R2:S2:F0042	POSITION_CONTEXT	28	41.275387084326	21
HYBRID_SHORTHAND	4	HELD_PHYSICAL_FOLIO	F:HYBRID_SHORTHAND:CONTROL_R:R2:S2:F0042	OTHER_POSITION_HOST_BAG	28	42.897766188991	21
HYBRID_SHORTHAND	4	HELD_PHYSICAL_FOLIO	F:HYBRID_SHORTHAND:CONTROL_R:R2:S2:F0042	LATENT_HOST_CLASS	28	42.140722480500	20
HYBRID_SHORTHAND	4	HELD_PHYSICAL_FOLIO	F:HYBRID_SHORTHAND:CONTROL_R:R2:S2:F0043	POSITION_CONTEXT	20	45.217717011001	8
HYBRID_SHORTHAND	4	HELD_PHYSICAL_FOLIO	F:HYBRID_SHORTHAND:CONTROL_R:R2:S2:F0043	OTHER_POSITION_HOST_BAG	20	59.755473773653	8
HYBRID_SHORTHAND	4	HELD_PHYSICAL_FOLIO	F:HYBRID_SHORTHAND:CONTROL_R:R2:S2:F0043	LATENT_HOST_CLASS	20	44.786106044996	11
HYBRID_SHORTHAND	4	HELD_PHYSICAL_FOLIO	F:HYBRID_SHORTHAND:CONTROL_R:R2:S2:F0044	POSITION_CONTEXT	24	44.005219442213	12
HYBRID_SHORTHAND	4	HELD_PHYSICAL_FOLIO	F:HYBRID_SHORTHAND:CONTROL_R:R2:S2:F0044	OTHER_POSITION_HOST_BAG	24	48.124356206469	12
HYBRID_SHORTHAND	4	HELD_PHYSICAL_FOLIO	F:HYBRID_SHORTHAND:CONTROL_R:R2:S2:F0044	LATENT_HOST_CLASS	24	48.009700153517	12
HYBRID_SHORTHAND	4	HELD_PHYSICAL_FOLIO	F:HYBRID_SHORTHAND:CONTROL_R:R2:S2:F0045	POSITION_CONTEXT	11	21.575076484262	7
HYBRID_SHORTHAND	4	HELD_PHYSICAL_FOLIO	F:HYBRID_SHORTHAND:CONTROL_R:R2:S2:F0045	OTHER_POSITION_HOST_BAG	11	24.330898148566	7
HYBRID_SHORTHAND	4	HELD_PHYSICAL_FOLIO	F:HYBRID_SHORTHAND:CONTROL_R:R2:S2:F0045	LATENT_HOST_CLASS	11	21.047461871183	7
HYBRID_SHORTHAND	4	HELD_PHYSICAL_FOLIO	F:HYBRID_SHORTHAND:CONTROL_R:R2:S2:F0046	POSITION_CONTEXT	12	13.698869286318	9
HYBRID_SHORTHAND	4	HELD_PHYSICAL_FOLIO	F:HYBRID_SHORTHAND:CONTROL_R:R2:S2:F0046	OTHER_POSITION_HOST_BAG	12	26.595207076763	9
HYBRID_SHORTHAND	4	HELD_PHYSICAL_FOLIO	F:HYBRID_SHORTHAND:CONTROL_R:R2:S2:F0046	LATENT_HOST_CLASS	12	16.935520824536	10
HYBRID_SHORTHAND	4	HELD_PHYSICAL_FOLIO	F:HYBRID_SHORTHAND:CONTROL_R:R2:S2:F0047	POSITION_CONTEXT	15	15.212793088510	12
HYBRID_SHORTHAND	4	HELD_PHYSICAL_FOLIO	F:HYBRID_SHORTHAND:CONTROL_R:R2:S2:F0047	OTHER_POSITION_HOST_BAG	15	21.309208816030	12
HYBRID_SHORTHAND	4	HELD_PHYSICAL_FOLIO	F:HYBRID_SHORTHAND:CONTROL_R:R2:S2:F0047	LATENT_HOST_CLASS	15	17.626926732916	12
HYBRID_SHORTHAND	4	HELD_PHYSICAL_FOLIO	F:HYBRID_SHORTHAND:CONTROL_R:R2:S2:F0048	POSITION_CONTEXT	22	40.326653592535	11
HYBRID_SHORTHAND	4	HELD_PHYSICAL_FOLIO	F:HYBRID_SHORTHAND:CONTROL_R:R2:S2:F0048	OTHER_POSITION_HOST_BAG	22	42.410148305919	11
HYBRID_SHORTHAND	4	HELD_PHYSICAL_FOLIO	F:HYBRID_SHORTHAND:CONTROL_R:R2:S2:F0048	LATENT_HOST_CLASS	22	45.526929857919	11
HYBRID_SHORTHAND	4	HELD_PHYSICAL_FOLIO	F:HYBRID_SHORTHAND:CONTROL_R:R2:S2:F0049	POSITION_CONTEXT	28	43.764443965200	19
HYBRID_SHORTHAND	4	HELD_PHYSICAL_FOLIO	F:HYBRID_SHORTHAND:CONTROL_R:R2:S2:F0049	OTHER_POSITION_HOST_BAG	28	47.216731049521	19
HYBRID_SHORTHAND	4	HELD_PHYSICAL_FOLIO	F:HYBRID_SHORTHAND:CONTROL_R:R2:S2:F0049	LATENT_HOST_CLASS	28	41.568857776117	19
HYBRID_SHORTHAND	4	HELD_PHYSICAL_FOLIO	F:HYBRID_SHORTHAND:CONTROL_R:R2:S2:F0050	POSITION_CONTEXT	11	17.206047031016	7
HYBRID_SHORTHAND	4	HELD_PHYSICAL_FOLIO	F:HYBRID_SHORTHAND:CONTROL_R:R2:S2:F0050	OTHER_POSITION_HOST_BAG	11	15.018566376605	7
HYBRID_SHORTHAND	4	HELD_PHYSICAL_FOLIO	F:HYBRID_SHORTHAND:CONTROL_R:R2:S2:F0050	LATENT_HOST_CLASS	11	18.187474145246	7
HYBRID_SHORTHAND	4	HELD_PHYSICAL_FOLIO	F:HYBRID_SHORTHAND:CONTROL_R:R2:S2:F0051	POSITION_CONTEXT	26	32.929143890839	18
HYBRID_SHORTHAND	4	HELD_PHYSICAL_FOLIO	F:HYBRID_SHORTHAND:CONTROL_R:R2:S2:F0051	OTHER_POSITION_HOST_BAG	26	35.641922987791	18
HYBRID_SHORTHAND	4	HELD_PHYSICAL_FOLIO	F:HYBRID_SHORTHAND:CONTROL_R:R2:S2:F0051	LATENT_HOST_CLASS	26	33.801996477270	19
HYBRID_SHORTHAND	4	HELD_PHYSICAL_FOLIO	F:HYBRID_SHORTHAND:CONTROL_R:R2:S2:F0089	POSITION_CONTEXT	15	13.576549267226	12
HYBRID_SHORTHAND	4	HELD_PHYSICAL_FOLIO	F:HYBRID_SHORTHAND:CONTROL_R:R2:S2:F0089	OTHER_POSITION_HOST_BAG	15	20.040274033649	12
HYBRID_SHORTHAND	4	HELD_PHYSICAL_FOLIO	F:HYBRID_SHORTHAND:CONTROL_R:R2:S2:F0089	LATENT_HOST_CLASS	15	15.838288362826	13
HYBRID_SHORTHAND	4	HELD_PHYSICAL_FOLIO	F:HYBRID_SHORTHAND:CONTROL_R:R2:S2:F0090	POSITION_CONTEXT	12	14.296399665762	10
HYBRID_SHORTHAND	4	HELD_PHYSICAL_FOLIO	F:HYBRID_SHORTHAND:CONTROL_R:R2:S2:F0090	OTHER_POSITION_HOST_BAG	12	14.269266855871	9
HYBRID_SHORTHAND	4	HELD_PHYSICAL_FOLIO	F:HYBRID_SHORTHAND:CONTROL_R:R2:S2:F0090	LATENT_HOST_CLASS	12	16.096018938327	10
HYBRID_SHORTHAND	4	HELD_PHYSICAL_FOLIO	F:HYBRID_SHORTHAND:CONTROL_R:R2:S2:F0091	POSITION_CONTEXT	20	40.740397277054	14
HYBRID_SHORTHAND	4	HELD_PHYSICAL_FOLIO	F:HYBRID_SHORTHAND:CONTROL_R:R2:S2:F0091	OTHER_POSITION_HOST_BAG	20	39.690550447953	13
HYBRID_SHORTHAND	4	HELD_PHYSICAL_FOLIO	F:HYBRID_SHORTHAND:CONTROL_R:R2:S2:F0091	LATENT_HOST_CLASS	20	33.470371123022	14
HYBRID_SHORTHAND	4	HELD_PHYSICAL_FOLIO	F:HYBRID_SHORTHAND:CONTROL_R:R2:S2:F0092	POSITION_CONTEXT	6	9.702023645878	4
HYBRID_SHORTHAND	4	HELD_PHYSICAL_FOLIO	F:HYBRID_SHORTHAND:CONTROL_R:R2:S2:F0092	OTHER_POSITION_HOST_BAG	6	10.469547721524	4
HYBRID_SHORTHAND	4	HELD_PHYSICAL_FOLIO	F:HYBRID_SHORTHAND:CONTROL_R:R2:S2:F0092	LATENT_HOST_CLASS	6	10.769264693698	4
HYBRID_SHORTHAND	4	HELD_PHYSICAL_FOLIO	F:HYBRID_SHORTHAND:CONTROL_R:R2:S2:F0093	POSITION_CONTEXT	12	21.671303991833	5
HYBRID_SHORTHAND	4	HELD_PHYSICAL_FOLIO	F:HYBRID_SHORTHAND:CONTROL_R:R2:S2:F0093	OTHER_POSITION_HOST_BAG	12	32.488248825194	5
HYBRID_SHORTHAND	4	HELD_PHYSICAL_FOLIO	F:HYBRID_SHORTHAND:CONTROL_R:R2:S2:F0093	LATENT_HOST_CLASS	12	26.174463691380	6
HYBRID_SHORTHAND	4	HELD_PHYSICAL_FOLIO	F:HYBRID_SHORTHAND:CONTROL_R:R2:S2:F0094	POSITION_CONTEXT	6	6.443338913846	5
HYBRID_SHORTHAND	4	HELD_PHYSICAL_FOLIO	F:HYBRID_SHORTHAND:CONTROL_R:R2:S2:F0094	OTHER_POSITION_HOST_BAG	6	6.409798207260	5
HYBRID_SHORTHAND	4	HELD_PHYSICAL_FOLIO	F:HYBRID_SHORTHAND:CONTROL_R:R2:S2:F0094	LATENT_HOST_CLASS	6	7.581809330149	5
HYBRID_SHORTHAND	4	HELD_PHYSICAL_FOLIO	F:HYBRID_SHORTHAND:CONTROL_R:R2:S2:F0095	POSITION_CONTEXT	11	24.420314012996	6
HYBRID_SHORTHAND	4	HELD_PHYSICAL_FOLIO	F:HYBRID_SHORTHAND:CONTROL_R:R2:S2:F0095	OTHER_POSITION_HOST_BAG	11	26.169528193874	6
HYBRID_SHORTHAND	4	HELD_PHYSICAL_FOLIO	F:HYBRID_SHORTHAND:CONTROL_R:R2:S2:F0095	LATENT_HOST_CLASS	11	25.161040155355	6
HYBRID_SHORTHAND	4	HELD_PHYSICAL_FOLIO	F:HYBRID_SHORTHAND:CONTROL_R:R2:S2:F0096	POSITION_CONTEXT	39	76.052614074368	23
HYBRID_SHORTHAND	4	HELD_PHYSICAL_FOLIO	F:HYBRID_SHORTHAND:CONTROL_R:R2:S2:F0096	OTHER_POSITION_HOST_BAG	39	76.309702791078	23
HYBRID_SHORTHAND	4	HELD_PHYSICAL_FOLIO	F:HYBRID_SHORTHAND:CONTROL_R:R2:S2:F0096	LATENT_HOST_CLASS	39	80.946769521060	23
HYBRID_SHORTHAND	4	HELD_PHYSICAL_FOLIO	F:HYBRID_SHORTHAND:CONTROL_R:R2:S2:F0097	POSITION_CONTEXT	29	41.484465141381	18
HYBRID_SHORTHAND	4	HELD_PHYSICAL_FOLIO	F:HYBRID_SHORTHAND:CONTROL_R:R2:S2:F0097	OTHER_POSITION_HOST_BAG	29	51.293551702995	18
HYBRID_SHORTHAND	4	HELD_PHYSICAL_FOLIO	F:HYBRID_SHORTHAND:CONTROL_R:R2:S2:F0097	LATENT_HOST_CLASS	29	50.852843099526	18
HYBRID_SHORTHAND	4	HELD_PHYSICAL_FOLIO	F:HYBRID_SHORTHAND:CONTROL_R:R2:S2:F0107	POSITION_CONTEXT	21	37.312722521077	11
HYBRID_SHORTHAND	4	HELD_PHYSICAL_FOLIO	F:HYBRID_SHORTHAND:CONTROL_R:R2:S2:F0107	OTHER_POSITION_HOST_BAG	21	40.043492261000	11
HYBRID_SHORTHAND	4	HELD_PHYSICAL_FOLIO	F:HYBRID_SHORTHAND:CONTROL_R:R2:S2:F0107	LATENT_HOST_CLASS	21	41.496798426656	11
HYBRID_SHORTHAND	4	HELD_PHYSICAL_FOLIO	F:HYBRID_SHORTHAND:CONTROL_R:R2:S2:F0108	POSITION_CONTEXT	30	51.895738818860	17
HYBRID_SHORTHAND	4	HELD_PHYSICAL_FOLIO	F:HYBRID_SHORTHAND:CONTROL_R:R2:S2:F0108	OTHER_POSITION_HOST_BAG	30	60.679538005875	17
HYBRID_SHORTHAND	4	HELD_PHYSICAL_FOLIO	F:HYBRID_SHORTHAND:CONTROL_R:R2:S2:F0108	LATENT_HOST_CLASS	30	57.998038451906	17
HYBRID_SHORTHAND	4	HELD_PHYSICAL_FOLIO	F:HYBRID_SHORTHAND:CONTROL_R:R2:S2:F0109	POSITION_CONTEXT	15	37.454590853668	7
HYBRID_SHORTHAND	4	HELD_PHYSICAL_FOLIO	F:HYBRID_SHORTHAND:CONTROL_R:R2:S2:F0109	OTHER_POSITION_HOST_BAG	15	53.542718891604	7
HYBRID_SHORTHAND	4	HELD_PHYSICAL_FOLIO	F:HYBRID_SHORTHAND:CONTROL_R:R2:S2:F0109	LATENT_HOST_CLASS	15	33.174847723569	7
HYBRID_SHORTHAND	4	HELD_PHYSICAL_FOLIO	F:HYBRID_SHORTHAND:CONTROL_R:R2:S2:F0110	POSITION_CONTEXT	28	62.146163327472	15
HYBRID_SHORTHAND	4	HELD_PHYSICAL_FOLIO	F:HYBRID_SHORTHAND:CONTROL_R:R2:S2:F0110	OTHER_POSITION_HOST_BAG	28	60.467885197873	15
HYBRID_SHORTHAND	4	HELD_PHYSICAL_FOLIO	F:HYBRID_SHORTHAND:CONTROL_R:R2:S2:F0110	LATENT_HOST_CLASS	28	67.262859069357	15
HYBRID_SHORTHAND	4	HELD_PHYSICAL_FOLIO	F:HYBRID_SHORTHAND:CONTROL_R:R2:S2:F0111	POSITION_CONTEXT	21	45.120816544679	9
HYBRID_SHORTHAND	4	HELD_PHYSICAL_FOLIO	F:HYBRID_SHORTHAND:CONTROL_R:R2:S2:F0111	OTHER_POSITION_HOST_BAG	21	49.315562340698	9
HYBRID_SHORTHAND	4	HELD_PHYSICAL_FOLIO	F:HYBRID_SHORTHAND:CONTROL_R:R2:S2:F0111	LATENT_HOST_CLASS	21	51.277373960323	9
HYBRID_SHORTHAND	4	HELD_PHYSICAL_FOLIO	F:HYBRID_SHORTHAND:CONTROL_R:R2:S2:F0112	POSITION_CONTEXT	9	11.928482991658	6
HYBRID_SHORTHAND	4	HELD_PHYSICAL_FOLIO	F:HYBRID_SHORTHAND:CONTROL_R:R2:S2:F0112	OTHER_POSITION_HOST_BAG	9	18.359250219807	6
HYBRID_SHORTHAND	4	HELD_PHYSICAL_FOLIO	F:HYBRID_SHORTHAND:CONTROL_R:R2:S2:F0112	LATENT_HOST_CLASS	9	14.674704244164	7
HYBRID_SHORTHAND	4	HELD_PHYSICAL_FOLIO	F:HYBRID_SHORTHAND:CONTROL_R:R2:S2:F0113	POSITION_CONTEXT	10	18.326283352736	6
HYBRID_SHORTHAND	4	HELD_PHYSICAL_FOLIO	F:HYBRID_SHORTHAND:CONTROL_R:R2:S2:F0113	OTHER_POSITION_HOST_BAG	10	16.842993577732	6
HYBRID_SHORTHAND	4	HELD_PHYSICAL_FOLIO	F:HYBRID_SHORTHAND:CONTROL_R:R2:S2:F0113	LATENT_HOST_CLASS	10	24.197157633154	6
HYBRID_SHORTHAND	4	HELD_PHYSICAL_FOLIO	F:HYBRID_SHORTHAND:CONTROL_R:R2:S2:F0114	POSITION_CONTEXT	17	33.857081834267	9
HYBRID_SHORTHAND	4	HELD_PHYSICAL_FOLIO	F:HYBRID_SHORTHAND:CONTROL_R:R2:S2:F0114	OTHER_POSITION_HOST_BAG	17	41.337559436613	9
HYBRID_SHORTHAND	4	HELD_PHYSICAL_FOLIO	F:HYBRID_SHORTHAND:CONTROL_R:R2:S2:F0114	LATENT_HOST_CLASS	17	35.393512222982	10
HYBRID_SHORTHAND	4	HELD_PHYSICAL_FOLIO	F:HYBRID_SHORTHAND:CONTROL_R:R2:S2:F0115	POSITION_CONTEXT	14	24.039917644673	10
HYBRID_SHORTHAND	4	HELD_PHYSICAL_FOLIO	F:HYBRID_SHORTHAND:CONTROL_R:R2:S2:F0115	OTHER_POSITION_HOST_BAG	14	35.228125059265	10
HYBRID_SHORTHAND	4	HELD_PHYSICAL_FOLIO	F:HYBRID_SHORTHAND:CONTROL_R:R2:S2:F0115	LATENT_HOST_CLASS	14	22.513039105181	11
HYBRID_SHORTHAND	4	HELD_PHYSICAL_FOLIO	F:HYBRID_SHORTHAND:CONTROL_R:R2:S2:F0116	POSITION_CONTEXT	20	29.680299777556	13
HYBRID_SHORTHAND	4	HELD_PHYSICAL_FOLIO	F:HYBRID_SHORTHAND:CONTROL_R:R2:S2:F0116	OTHER_POSITION_HOST_BAG	20	30.982767804095	13
HYBRID_SHORTHAND	4	HELD_PHYSICAL_FOLIO	F:HYBRID_SHORTHAND:CONTROL_R:R2:S2:F0116	LATENT_HOST_CLASS	20	31.800506934111	13
HYBRID_SHORTHAND	4	HELD_PHYSICAL_FOLIO	F:HYBRID_SHORTHAND:CONTROL_R:R2:S2:F0117	POSITION_CONTEXT	15	24.075662720547	11
HYBRID_SHORTHAND	4	HELD_PHYSICAL_FOLIO	F:HYBRID_SHORTHAND:CONTROL_R:R2:S2:F0117	OTHER_POSITION_HOST_BAG	15	23.922907757774	11
HYBRID_SHORTHAND	4	HELD_PHYSICAL_FOLIO	F:HYBRID_SHORTHAND:CONTROL_R:R2:S2:F0117	LATENT_HOST_CLASS	15	22.108013818891	11
HYBRID_SHORTHAND	4	HELD_PHYSICAL_FOLIO	F:HYBRID_SHORTHAND:CONTROL_R:R2:S2:F0118	POSITION_CONTEXT	8	12.819812864265	5
HYBRID_SHORTHAND	4	HELD_PHYSICAL_FOLIO	F:HYBRID_SHORTHAND:CONTROL_R:R2:S2:F0118	OTHER_POSITION_HOST_BAG	8	19.902557264512	5
HYBRID_SHORTHAND	4	HELD_PHYSICAL_FOLIO	F:HYBRID_SHORTHAND:CONTROL_R:R2:S2:F0118	LATENT_HOST_CLASS	8	14.546961969962	6
HYBRID_SHORTHAND	4	HELD_PHYSICAL_FOLIO	F:HYBRID_SHORTHAND:CONTROL_R:R2:S2:F0119	POSITION_CONTEXT	23	52.827275478164	13
HYBRID_SHORTHAND	4	HELD_PHYSICAL_FOLIO	F:HYBRID_SHORTHAND:CONTROL_R:R2:S2:F0119	OTHER_POSITION_HOST_BAG	23	49.667302435768	13
HYBRID_SHORTHAND	4	HELD_PHYSICAL_FOLIO	F:HYBRID_SHORTHAND:CONTROL_R:R2:S2:F0119	LATENT_HOST_CLASS	23	51.718132534657	13
HYBRID_SHORTHAND	4	HELD_PHYSICAL_FOLIO	F:HYBRID_SHORTHAND:CONTROL_R:R2:S2:F0120	POSITION_CONTEXT	41	77.168994172137	23
HYBRID_SHORTHAND	4	HELD_PHYSICAL_FOLIO	F:HYBRID_SHORTHAND:CONTROL_R:R2:S2:F0120	OTHER_POSITION_HOST_BAG	41	91.854496882295	23
HYBRID_SHORTHAND	4	HELD_PHYSICAL_FOLIO	F:HYBRID_SHORTHAND:CONTROL_R:R2:S2:F0120	LATENT_HOST_CLASS	41	84.664937817739	24
HYBRID_SHORTHAND	4	HELD_PHYSICAL_FOLIO	F:HYBRID_SHORTHAND:CONTROL_R:R2:S2:F0121	POSITION_CONTEXT	33	59.444990990067	19
HYBRID_SHORTHAND	4	HELD_PHYSICAL_FOLIO	F:HYBRID_SHORTHAND:CONTROL_R:R2:S2:F0121	OTHER_POSITION_HOST_BAG	33	61.573824358250	19
HYBRID_SHORTHAND	4	HELD_PHYSICAL_FOLIO	F:HYBRID_SHORTHAND:CONTROL_R:R2:S2:F0121	LATENT_HOST_CLASS	33	62.338876456234	18
HYBRID_SHORTHAND	4	HELD_PHYSICAL_FOLIO	F:HYBRID_SHORTHAND:CONTROL_R:R2:S2:F0122	POSITION_CONTEXT	14	22.879350523258	9
HYBRID_SHORTHAND	4	HELD_PHYSICAL_FOLIO	F:HYBRID_SHORTHAND:CONTROL_R:R2:S2:F0122	OTHER_POSITION_HOST_BAG	14	21.314148091126	9
HYBRID_SHORTHAND	4	HELD_PHYSICAL_FOLIO	F:HYBRID_SHORTHAND:CONTROL_R:R2:S2:F0122	LATENT_HOST_CLASS	14	23.921085235677	9
HYBRID_SHORTHAND	4	HELD_PHYSICAL_FOLIO	F:HYBRID_SHORTHAND:CONTROL_R:R2:S2:F0123	POSITION_CONTEXT	16	26.483992195307	10
HYBRID_SHORTHAND	4	HELD_PHYSICAL_FOLIO	F:HYBRID_SHORTHAND:CONTROL_R:R2:S2:F0123	OTHER_POSITION_HOST_BAG	16	38.712704963497	10
HYBRID_SHORTHAND	4	HELD_PHYSICAL_FOLIO	F:HYBRID_SHORTHAND:CONTROL_R:R2:S2:F0123	LATENT_HOST_CLASS	16	28.805346648414	11
HYBRID_SHORTHAND	4	HELD_PHYSICAL_FOLIO	F:HYBRID_SHORTHAND:CONTROL_R:R2:S2:F0132	POSITION_CONTEXT	23	43.792398053512	16
HYBRID_SHORTHAND	4	HELD_PHYSICAL_FOLIO	F:HYBRID_SHORTHAND:CONTROL_R:R2:S2:F0132	OTHER_POSITION_HOST_BAG	23	44.775211716887	16
HYBRID_SHORTHAND	4	HELD_PHYSICAL_FOLIO	F:HYBRID_SHORTHAND:CONTROL_R:R2:S2:F0132	LATENT_HOST_CLASS	23	43.698977655038	16
HYBRID_SHORTHAND	4	HELD_PHYSICAL_FOLIO	F:HYBRID_SHORTHAND:CONTROL_R:R2:S2:F0133	POSITION_CONTEXT	14	20.611722253299	10
HYBRID_SHORTHAND	4	HELD_PHYSICAL_FOLIO	F:HYBRID_SHORTHAND:CONTROL_R:R2:S2:F0133	OTHER_POSITION_HOST_BAG	14	22.753141147832	10
HYBRID_SHORTHAND	4	HELD_PHYSICAL_FOLIO	F:HYBRID_SHORTHAND:CONTROL_R:R2:S2:F0133	LATENT_HOST_CLASS	14	23.687316576022	10
HYBRID_SHORTHAND	4	HELD_PHYSICAL_FOLIO	F:HYBRID_SHORTHAND:CONTROL_R:R2:S2:F0134	POSITION_CONTEXT	34	57.520488329467	18
HYBRID_SHORTHAND	4	HELD_PHYSICAL_FOLIO	F:HYBRID_SHORTHAND:CONTROL_R:R2:S2:F0134	OTHER_POSITION_HOST_BAG	34	91.974843280754	18
HYBRID_SHORTHAND	4	HELD_PHYSICAL_FOLIO	F:HYBRID_SHORTHAND:CONTROL_R:R2:S2:F0134	LATENT_HOST_CLASS	34	65.835595796367	20
HYBRID_SHORTHAND	4	HELD_PHYSICAL_FOLIO	F:HYBRID_SHORTHAND:CONTROL_R:R3:S1:F0079	POSITION_CONTEXT	8	30.129143558155	4
HYBRID_SHORTHAND	4	HELD_PHYSICAL_FOLIO	F:HYBRID_SHORTHAND:CONTROL_R:R3:S1:F0079	OTHER_POSITION_HOST_BAG	8	21.597484288064	4
HYBRID_SHORTHAND	4	HELD_PHYSICAL_FOLIO	F:HYBRID_SHORTHAND:CONTROL_R:R3:S1:F0079	LATENT_HOST_CLASS	8	19.853598377646	4
HYBRID_SHORTHAND	4	HELD_PHYSICAL_FOLIO	F:HYBRID_SHORTHAND:CONTROL_R:R3:S1:F0080	POSITION_CONTEXT	20	45.448198193605	12
HYBRID_SHORTHAND	4	HELD_PHYSICAL_FOLIO	F:HYBRID_SHORTHAND:CONTROL_R:R3:S1:F0080	OTHER_POSITION_HOST_BAG	20	50.513822731829	12
HYBRID_SHORTHAND	4	HELD_PHYSICAL_FOLIO	F:HYBRID_SHORTHAND:CONTROL_R:R3:S1:F0080	LATENT_HOST_CLASS	20	38.039515372468	12
HYBRID_SHORTHAND	4	HELD_PHYSICAL_FOLIO	F:HYBRID_SHORTHAND:CONTROL_R:R3:S1:F0081	POSITION_CONTEXT	14	54.898608355610	3
HYBRID_SHORTHAND	4	HELD_PHYSICAL_FOLIO	F:HYBRID_SHORTHAND:CONTROL_R:R3:S1:F0081	OTHER_POSITION_HOST_BAG	14	45.952343236838	3
HYBRID_SHORTHAND	4	HELD_PHYSICAL_FOLIO	F:HYBRID_SHORTHAND:CONTROL_R:R3:S1:F0081	LATENT_HOST_CLASS	14	50.319223390097	3
HYBRID_SHORTHAND	4	HELD_PHYSICAL_FOLIO	F:HYBRID_SHORTHAND:CONTROL_R:R3:S1:F0082	POSITION_CONTEXT	15	33.479756417302	8
HYBRID_SHORTHAND	4	HELD_PHYSICAL_FOLIO	F:HYBRID_SHORTHAND:CONTROL_R:R3:S1:F0082	OTHER_POSITION_HOST_BAG	15	33.558036247356	8
HYBRID_SHORTHAND	4	HELD_PHYSICAL_FOLIO	F:HYBRID_SHORTHAND:CONTROL_R:R3:S1:F0082	LATENT_HOST_CLASS	15	32.476121440738	8
HYBRID_SHORTHAND	4	HELD_PHYSICAL_FOLIO	F:HYBRID_SHORTHAND:CONTROL_R:R3:S1:F0135	POSITION_CONTEXT	16	33.448657574421	9
HYBRID_SHORTHAND	4	HELD_PHYSICAL_FOLIO	F:HYBRID_SHORTHAND:CONTROL_R:R3:S1:F0135	OTHER_POSITION_HOST_BAG	16	28.200771068411	9
HYBRID_SHORTHAND	4	HELD_PHYSICAL_FOLIO	F:HYBRID_SHORTHAND:CONTROL_R:R3:S1:F0135	LATENT_HOST_CLASS	16	30.687607794432	9
HYBRID_SHORTHAND	4	HELD_PHYSICAL_FOLIO	F:HYBRID_SHORTHAND:CONTROL_R:R3:S1:F0136	POSITION_CONTEXT	29	55.019821550528	20
HYBRID_SHORTHAND	4	HELD_PHYSICAL_FOLIO	F:HYBRID_SHORTHAND:CONTROL_R:R3:S1:F0136	OTHER_POSITION_HOST_BAG	29	76.491514013726	20
HYBRID_SHORTHAND	4	HELD_PHYSICAL_FOLIO	F:HYBRID_SHORTHAND:CONTROL_R:R3:S1:F0136	LATENT_HOST_CLASS	29	45.512044710169	20
HYBRID_SHORTHAND	4	HELD_PHYSICAL_FOLIO	F:HYBRID_SHORTHAND:CONTROL_R:R3:S1:F0137	POSITION_CONTEXT	17	30.236979399042	10
HYBRID_SHORTHAND	4	HELD_PHYSICAL_FOLIO	F:HYBRID_SHORTHAND:CONTROL_R:R3:S1:F0137	OTHER_POSITION_HOST_BAG	17	40.683927963777	10
HYBRID_SHORTHAND	4	HELD_PHYSICAL_FOLIO	F:HYBRID_SHORTHAND:CONTROL_R:R3:S1:F0137	LATENT_HOST_CLASS	17	29.789272038087	11
HYBRID_SHORTHAND	4	HELD_PHYSICAL_FOLIO	F:HYBRID_SHORTHAND:CONTROL_R:R3:S1:F0163	POSITION_CONTEXT	17	37.477714980938	9
HYBRID_SHORTHAND	4	HELD_PHYSICAL_FOLIO	F:HYBRID_SHORTHAND:CONTROL_R:R3:S1:F0163	OTHER_POSITION_HOST_BAG	17	43.319114161925	9
HYBRID_SHORTHAND	4	HELD_PHYSICAL_FOLIO	F:HYBRID_SHORTHAND:CONTROL_R:R3:S1:F0163	LATENT_HOST_CLASS	17	34.214273020989	9
HYBRID_SHORTHAND	4	HELD_PHYSICAL_FOLIO	F:HYBRID_SHORTHAND:CONTROL_R:R3:S1:F0164	POSITION_CONTEXT	16	11.460649324647	14
HYBRID_SHORTHAND	4	HELD_PHYSICAL_FOLIO	F:HYBRID_SHORTHAND:CONTROL_R:R3:S1:F0164	OTHER_POSITION_HOST_BAG	16	18.115506393520	14
HYBRID_SHORTHAND	4	HELD_PHYSICAL_FOLIO	F:HYBRID_SHORTHAND:CONTROL_R:R3:S1:F0164	LATENT_HOST_CLASS	16	17.284586359300	14
HYBRID_SHORTHAND	4	HELD_PHYSICAL_FOLIO	F:HYBRID_SHORTHAND:CONTROL_R:R3:S1:F0165	POSITION_CONTEXT	13	27.246357358454	7
HYBRID_SHORTHAND	4	HELD_PHYSICAL_FOLIO	F:HYBRID_SHORTHAND:CONTROL_R:R3:S1:F0165	OTHER_POSITION_HOST_BAG	13	30.726971922824	7
HYBRID_SHORTHAND	4	HELD_PHYSICAL_FOLIO	F:HYBRID_SHORTHAND:CONTROL_R:R3:S1:F0165	LATENT_HOST_CLASS	13	25.980387722401	8
HYBRID_SHORTHAND	4	HELD_PHYSICAL_FOLIO	F:HYBRID_SHORTHAND:CONTROL_R:R3:S1:F0166	POSITION_CONTEXT	13	36.794675820210	5
HYBRID_SHORTHAND	4	HELD_PHYSICAL_FOLIO	F:HYBRID_SHORTHAND:CONTROL_R:R3:S1:F0166	OTHER_POSITION_HOST_BAG	13	40.830887355994	5
HYBRID_SHORTHAND	4	HELD_PHYSICAL_FOLIO	F:HYBRID_SHORTHAND:CONTROL_R:R3:S1:F0166	LATENT_HOST_CLASS	13	33.689587724957	6
HYBRID_SHORTHAND	4	HELD_PHYSICAL_FOLIO	F:HYBRID_SHORTHAND:CONTROL_R:R3:S1:F0167	POSITION_CONTEXT	21	47.138882994033	11
HYBRID_SHORTHAND	4	HELD_PHYSICAL_FOLIO	F:HYBRID_SHORTHAND:CONTROL_R:R3:S1:F0167	OTHER_POSITION_HOST_BAG	21	59.348890773676	11
HYBRID_SHORTHAND	4	HELD_PHYSICAL_FOLIO	F:HYBRID_SHORTHAND:CONTROL_R:R3:S1:F0167	LATENT_HOST_CLASS	21	37.560898989165	12
HYBRID_SHORTHAND	4	HELD_PHYSICAL_FOLIO	F:HYBRID_SHORTHAND:CONTROL_R:R3:S1:F0168	POSITION_CONTEXT	17	25.660251827092	11
HYBRID_SHORTHAND	4	HELD_PHYSICAL_FOLIO	F:HYBRID_SHORTHAND:CONTROL_R:R3:S1:F0168	OTHER_POSITION_HOST_BAG	17	30.765598881515	11
HYBRID_SHORTHAND	4	HELD_PHYSICAL_FOLIO	F:HYBRID_SHORTHAND:CONTROL_R:R3:S1:F0168	LATENT_HOST_CLASS	17	26.629845831311	11
HYBRID_SHORTHAND	4	HELD_PHYSICAL_FOLIO	F:HYBRID_SHORTHAND:CONTROL_R:R3:S1:F0171	POSITION_CONTEXT	9	12.814315544228	6
HYBRID_SHORTHAND	4	HELD_PHYSICAL_FOLIO	F:HYBRID_SHORTHAND:CONTROL_R:R3:S1:F0171	OTHER_POSITION_HOST_BAG	9	16.304692079211	6
HYBRID_SHORTHAND	4	HELD_PHYSICAL_FOLIO	F:HYBRID_SHORTHAND:CONTROL_R:R3:S1:F0171	LATENT_HOST_CLASS	9	13.455591360985	6
HYBRID_SHORTHAND	4	HELD_PHYSICAL_FOLIO	F:HYBRID_SHORTHAND:CONTROL_R:R3:S1:F0172	POSITION_CONTEXT	15	34.265916859505	8
HYBRID_SHORTHAND	4	HELD_PHYSICAL_FOLIO	F:HYBRID_SHORTHAND:CONTROL_R:R3:S1:F0172	OTHER_POSITION_HOST_BAG	15	43.613027725671	8
HYBRID_SHORTHAND	4	HELD_PHYSICAL_FOLIO	F:HYBRID_SHORTHAND:CONTROL_R:R3:S1:F0172	LATENT_HOST_CLASS	15	33.475955470404	8
HYBRID_SHORTHAND	4	HELD_PHYSICAL_FOLIO	F:HYBRID_SHORTHAND:CONTROL_R:R3:S1:F0173	POSITION_CONTEXT	6	7.645128332575	4
HYBRID_SHORTHAND	4	HELD_PHYSICAL_FOLIO	F:HYBRID_SHORTHAND:CONTROL_R:R3:S1:F0173	OTHER_POSITION_HOST_BAG	6	8.216565851329	4
HYBRID_SHORTHAND	4	HELD_PHYSICAL_FOLIO	F:HYBRID_SHORTHAND:CONTROL_R:R3:S1:F0173	LATENT_HOST_CLASS	6	9.034936170495	4
HYBRID_SHORTHAND	4	HELD_PHYSICAL_FOLIO	F:HYBRID_SHORTHAND:CONTROL_R:R3:S2:F0075	POSITION_CONTEXT	22	29.388355084558	17
HYBRID_SHORTHAND	4	HELD_PHYSICAL_FOLIO	F:HYBRID_SHORTHAND:CONTROL_R:R3:S2:F0075	OTHER_POSITION_HOST_BAG	22	27.331016014139	17
HYBRID_SHORTHAND	4	HELD_PHYSICAL_FOLIO	F:HYBRID_SHORTHAND:CONTROL_R:R3:S2:F0075	LATENT_HOST_CLASS	22	33.744789957640	17
HYBRID_SHORTHAND	4	HELD_PHYSICAL_FOLIO	F:HYBRID_SHORTHAND:CONTROL_R:R3:S2:F0076	POSITION_CONTEXT	12	11.936279107043	9
HYBRID_SHORTHAND	4	HELD_PHYSICAL_FOLIO	F:HYBRID_SHORTHAND:CONTROL_R:R3:S2:F0076	OTHER_POSITION_HOST_BAG	12	14.187665270332	9
HYBRID_SHORTHAND	4	HELD_PHYSICAL_FOLIO	F:HYBRID_SHORTHAND:CONTROL_R:R3:S2:F0076	LATENT_HOST_CLASS	12	14.685542501094	9
HYBRID_SHORTHAND	4	HELD_PHYSICAL_FOLIO	F:HYBRID_SHORTHAND:CONTROL_R:R3:S2:F0083	POSITION_CONTEXT	12	27.752987951654	5
HYBRID_SHORTHAND	4	HELD_PHYSICAL_FOLIO	F:HYBRID_SHORTHAND:CONTROL_R:R3:S2:F0083	OTHER_POSITION_HOST_BAG	12	21.395840135705	5
HYBRID_SHORTHAND	4	HELD_PHYSICAL_FOLIO	F:HYBRID_SHORTHAND:CONTROL_R:R3:S2:F0083	LATENT_HOST_CLASS	12	31.017144641308	5
HYBRID_SHORTHAND	4	HELD_PHYSICAL_FOLIO	F:HYBRID_SHORTHAND:CONTROL_R:R3:S2:F0084	POSITION_CONTEXT	18	39.801651211801	11
HYBRID_SHORTHAND	4	HELD_PHYSICAL_FOLIO	F:HYBRID_SHORTHAND:CONTROL_R:R3:S2:F0084	OTHER_POSITION_HOST_BAG	18	39.185158587441	11
HYBRID_SHORTHAND	4	HELD_PHYSICAL_FOLIO	F:HYBRID_SHORTHAND:CONTROL_R:R3:S2:F0084	LATENT_HOST_CLASS	18	34.326079119641	11
HYBRID_SHORTHAND	4	HELD_PHYSICAL_FOLIO	F:HYBRID_SHORTHAND:CONTROL_R:R3:S2:F0085	POSITION_CONTEXT	11	13.747365727208	9
HYBRID_SHORTHAND	4	HELD_PHYSICAL_FOLIO	F:HYBRID_SHORTHAND:CONTROL_R:R3:S2:F0085	OTHER_POSITION_HOST_BAG	11	10.611130967991	9
HYBRID_SHORTHAND	4	HELD_PHYSICAL_FOLIO	F:HYBRID_SHORTHAND:CONTROL_R:R3:S2:F0085	LATENT_HOST_CLASS	11	17.070659703398	9
HYBRID_SHORTHAND	4	HELD_PHYSICAL_FOLIO	F:HYBRID_SHORTHAND:CONTROL_R:R3:S2:F0086	POSITION_CONTEXT	16	34.016307266353	9
HYBRID_SHORTHAND	4	HELD_PHYSICAL_FOLIO	F:HYBRID_SHORTHAND:CONTROL_R:R3:S2:F0086	OTHER_POSITION_HOST_BAG	16	37.406131076232	9
HYBRID_SHORTHAND	4	HELD_PHYSICAL_FOLIO	F:HYBRID_SHORTHAND:CONTROL_R:R3:S2:F0086	LATENT_HOST_CLASS	16	35.379131177095	9
HYBRID_SHORTHAND	4	HELD_PHYSICAL_FOLIO	F:HYBRID_SHORTHAND:CONTROL_R:R3:S2:F0098	POSITION_CONTEXT	13	10.668706452706	11
HYBRID_SHORTHAND	4	HELD_PHYSICAL_FOLIO	F:HYBRID_SHORTHAND:CONTROL_R:R3:S2:F0098	OTHER_POSITION_HOST_BAG	13	11.826545622735	11
HYBRID_SHORTHAND	4	HELD_PHYSICAL_FOLIO	F:HYBRID_SHORTHAND:CONTROL_R:R3:S2:F0098	LATENT_HOST_CLASS	13	13.936816478049	11
HYBRID_SHORTHAND	4	HELD_PHYSICAL_FOLIO	F:HYBRID_SHORTHAND:CONTROL_R:R3:S2:F0099	POSITION_CONTEXT	27	40.261428167611	19
HYBRID_SHORTHAND	4	HELD_PHYSICAL_FOLIO	F:HYBRID_SHORTHAND:CONTROL_R:R3:S2:F0099	OTHER_POSITION_HOST_BAG	27	40.306934759082	19
HYBRID_SHORTHAND	4	HELD_PHYSICAL_FOLIO	F:HYBRID_SHORTHAND:CONTROL_R:R3:S2:F0099	LATENT_HOST_CLASS	27	40.223057003155	19
HYBRID_SHORTHAND	4	HELD_PHYSICAL_FOLIO	F:HYBRID_SHORTHAND:CONTROL_R:R3:S2:F0100	POSITION_CONTEXT	22	37.748853417076	14
HYBRID_SHORTHAND	4	HELD_PHYSICAL_FOLIO	F:HYBRID_SHORTHAND:CONTROL_R:R3:S2:F0100	OTHER_POSITION_HOST_BAG	22	43.852658219529	14
HYBRID_SHORTHAND	4	HELD_PHYSICAL_FOLIO	F:HYBRID_SHORTHAND:CONTROL_R:R3:S2:F0100	LATENT_HOST_CLASS	22	39.181419171758	14
HYBRID_SHORTHAND	4	HELD_PHYSICAL_FOLIO	F:HYBRID_SHORTHAND:CONTROL_R:R3:S2:F0101	POSITION_CONTEXT	13	13.012204069496	11
HYBRID_SHORTHAND	4	HELD_PHYSICAL_FOLIO	F:HYBRID_SHORTHAND:CONTROL_R:R3:S2:F0101	OTHER_POSITION_HOST_BAG	13	18.734790936677	11
HYBRID_SHORTHAND	4	HELD_PHYSICAL_FOLIO	F:HYBRID_SHORTHAND:CONTROL_R:R3:S2:F0101	LATENT_HOST_CLASS	13	15.146214719981	11
HYBRID_SHORTHAND	4	HELD_PHYSICAL_FOLIO	F:HYBRID_SHORTHAND:CONTROL_R:R3:S2:F0102	POSITION_CONTEXT	13	24.033641754646	7
HYBRID_SHORTHAND	4	HELD_PHYSICAL_FOLIO	F:HYBRID_SHORTHAND:CONTROL_R:R3:S2:F0102	OTHER_POSITION_HOST_BAG	13	27.917653950875	7
HYBRID_SHORTHAND	4	HELD_PHYSICAL_FOLIO	F:HYBRID_SHORTHAND:CONTROL_R:R3:S2:F0102	LATENT_HOST_CLASS	13	27.770036547488	7
HYBRID_SHORTHAND	4	HELD_PHYSICAL_FOLIO	F:HYBRID_SHORTHAND:CONTROL_R:R3:S2:F0103	POSITION_CONTEXT	33	93.512791914727	17
HYBRID_SHORTHAND	4	HELD_PHYSICAL_FOLIO	F:HYBRID_SHORTHAND:CONTROL_R:R3:S2:F0103	OTHER_POSITION_HOST_BAG	33	92.059450070012	17
HYBRID_SHORTHAND	4	HELD_PHYSICAL_FOLIO	F:HYBRID_SHORTHAND:CONTROL_R:R3:S2:F0103	LATENT_HOST_CLASS	33	87.077918848865	17
HYBRID_SHORTHAND	4	HELD_PHYSICAL_FOLIO	F:HYBRID_SHORTHAND:CONTROL_R:R3:S2:F0104	POSITION_CONTEXT	14	25.520289569602	8
HYBRID_SHORTHAND	4	HELD_PHYSICAL_FOLIO	F:HYBRID_SHORTHAND:CONTROL_R:R3:S2:F0104	OTHER_POSITION_HOST_BAG	14	21.853430280195	8
HYBRID_SHORTHAND	4	HELD_PHYSICAL_FOLIO	F:HYBRID_SHORTHAND:CONTROL_R:R3:S2:F0104	LATENT_HOST_CLASS	14	30.858361858117	7
HYBRID_SHORTHAND	4	HELD_PHYSICAL_FOLIO	F:HYBRID_SHORTHAND:CONTROL_R:R3:S2:F0105	POSITION_CONTEXT	16	42.773067404181	9
HYBRID_SHORTHAND	4	HELD_PHYSICAL_FOLIO	F:HYBRID_SHORTHAND:CONTROL_R:R3:S2:F0105	OTHER_POSITION_HOST_BAG	16	43.345006886365	9
HYBRID_SHORTHAND	4	HELD_PHYSICAL_FOLIO	F:HYBRID_SHORTHAND:CONTROL_R:R3:S2:F0105	LATENT_HOST_CLASS	16	33.769922086319	9
HYBRID_SHORTHAND	4	HELD_PHYSICAL_FOLIO	F:HYBRID_SHORTHAND:CONTROL_R:R3:S2:F0106	POSITION_CONTEXT	15	28.335656862357	9
HYBRID_SHORTHAND	4	HELD_PHYSICAL_FOLIO	F:HYBRID_SHORTHAND:CONTROL_R:R3:S2:F0106	OTHER_POSITION_HOST_BAG	15	23.778115258828	9
HYBRID_SHORTHAND	4	HELD_PHYSICAL_FOLIO	F:HYBRID_SHORTHAND:CONTROL_R:R3:S2:F0106	LATENT_HOST_CLASS	15	30.599365656670	9
HYBRID_SHORTHAND	4	HELD_PHYSICAL_FOLIO	F:HYBRID_SHORTHAND:CONTROL_R:R3:S2:F0169	POSITION_CONTEXT	24	57.736903093754	12
HYBRID_SHORTHAND	4	HELD_PHYSICAL_FOLIO	F:HYBRID_SHORTHAND:CONTROL_R:R3:S2:F0169	OTHER_POSITION_HOST_BAG	24	70.326219923990	12
HYBRID_SHORTHAND	4	HELD_PHYSICAL_FOLIO	F:HYBRID_SHORTHAND:CONTROL_R:R3:S2:F0169	LATENT_HOST_CLASS	24	55.454454878471	12
HYBRID_SHORTHAND	4	HELD_PHYSICAL_FOLIO	F:HYBRID_SHORTHAND:CONTROL_R:R3:S2:F0170	POSITION_CONTEXT	17	28.261640463230	11
HYBRID_SHORTHAND	4	HELD_PHYSICAL_FOLIO	F:HYBRID_SHORTHAND:CONTROL_R:R3:S2:F0170	OTHER_POSITION_HOST_BAG	17	33.445371517487	11
HYBRID_SHORTHAND	4	HELD_PHYSICAL_FOLIO	F:HYBRID_SHORTHAND:CONTROL_R:R3:S2:F0170	LATENT_HOST_CLASS	17	32.430703745138	11
HYBRID_SHORTHAND	4	HELD_PHYSICAL_FOLIO	F:HYBRID_SHORTHAND:CONTROL_R:R3:S2:F0174	POSITION_CONTEXT	7	12.355981425163	5
HYBRID_SHORTHAND	4	HELD_PHYSICAL_FOLIO	F:HYBRID_SHORTHAND:CONTROL_R:R3:S2:F0174	OTHER_POSITION_HOST_BAG	7	7.927246988429	5
HYBRID_SHORTHAND	4	HELD_PHYSICAL_FOLIO	F:HYBRID_SHORTHAND:CONTROL_R:R3:S2:F0174	LATENT_HOST_CLASS	7	13.861543121775	4
HYBRID_SHORTHAND	4	HELD_PHYSICAL_FOLIO	F:HYBRID_SHORTHAND:CONTROL_R:R3:S2:F0175	POSITION_CONTEXT	18	39.251548935573	11
HYBRID_SHORTHAND	4	HELD_PHYSICAL_FOLIO	F:HYBRID_SHORTHAND:CONTROL_R:R3:S2:F0175	OTHER_POSITION_HOST_BAG	18	51.339831205832	11
HYBRID_SHORTHAND	4	HELD_PHYSICAL_FOLIO	F:HYBRID_SHORTHAND:CONTROL_R:R3:S2:F0175	LATENT_HOST_CLASS	18	35.565416678776	12
HYBRID_SHORTHAND	4	HELD_PHYSICAL_FOLIO	F:HYBRID_SHORTHAND:CONTROL_R:R4:S1:F0087	POSITION_CONTEXT	26	62.875184462880	17
HYBRID_SHORTHAND	4	HELD_PHYSICAL_FOLIO	F:HYBRID_SHORTHAND:CONTROL_R:R4:S1:F0087	OTHER_POSITION_HOST_BAG	26	53.272860014687	17
HYBRID_SHORTHAND	4	HELD_PHYSICAL_FOLIO	F:HYBRID_SHORTHAND:CONTROL_R:R4:S1:F0087	LATENT_HOST_CLASS	26	53.947143703205	17
HYBRID_SHORTHAND	4	HELD_PHYSICAL_FOLIO	F:HYBRID_SHORTHAND:CONTROL_R:R4:S1:F0088	POSITION_CONTEXT	8	24.647535451214	4
HYBRID_SHORTHAND	4	HELD_PHYSICAL_FOLIO	F:HYBRID_SHORTHAND:CONTROL_R:R4:S1:F0088	OTHER_POSITION_HOST_BAG	8	23.068395133278	4
HYBRID_SHORTHAND	4	HELD_PHYSICAL_FOLIO	F:HYBRID_SHORTHAND:CONTROL_R:R4:S1:F0088	LATENT_HOST_CLASS	8	22.678255284464	4
HYBRID_SHORTHAND	4	HELD_PHYSICAL_FOLIO	F:HYBRID_SHORTHAND:CONTROL_R:R4:S1:F0138	POSITION_CONTEXT	18	39.687138725223	8
HYBRID_SHORTHAND	4	HELD_PHYSICAL_FOLIO	F:HYBRID_SHORTHAND:CONTROL_R:R4:S1:F0138	OTHER_POSITION_HOST_BAG	18	47.487915454659	8
HYBRID_SHORTHAND	4	HELD_PHYSICAL_FOLIO	F:HYBRID_SHORTHAND:CONTROL_R:R4:S1:F0138	LATENT_HOST_CLASS	18	41.061586297051	9
HYBRID_SHORTHAND	4	HELD_PHYSICAL_FOLIO	F:HYBRID_SHORTHAND:CONTROL_R:R4:S1:F0139	POSITION_CONTEXT	22	52.680317890941	13
HYBRID_SHORTHAND	4	HELD_PHYSICAL_FOLIO	F:HYBRID_SHORTHAND:CONTROL_R:R4:S1:F0139	OTHER_POSITION_HOST_BAG	22	69.205220920591	13
HYBRID_SHORTHAND	4	HELD_PHYSICAL_FOLIO	F:HYBRID_SHORTHAND:CONTROL_R:R4:S1:F0139	LATENT_HOST_CLASS	22	42.008401014325	15
HYBRID_SHORTHAND	4	HELD_PHYSICAL_FOLIO	F:HYBRID_SHORTHAND:CONTROL_R:R4:S1:F0140	POSITION_CONTEXT	10	16.136353130729	6
HYBRID_SHORTHAND	4	HELD_PHYSICAL_FOLIO	F:HYBRID_SHORTHAND:CONTROL_R:R4:S1:F0140	OTHER_POSITION_HOST_BAG	10	29.924632116394	6
HYBRID_SHORTHAND	4	HELD_PHYSICAL_FOLIO	F:HYBRID_SHORTHAND:CONTROL_R:R4:S1:F0140	LATENT_HOST_CLASS	10	16.841774408994	8
HYBRID_SHORTHAND	4	HELD_PHYSICAL_FOLIO	F:HYBRID_SHORTHAND:CONTROL_R:R4:S1:F0141	POSITION_CONTEXT	17	34.304759768321	8
HYBRID_SHORTHAND	4	HELD_PHYSICAL_FOLIO	F:HYBRID_SHORTHAND:CONTROL_R:R4:S1:F0141	OTHER_POSITION_HOST_BAG	17	41.361456463404	8
HYBRID_SHORTHAND	4	HELD_PHYSICAL_FOLIO	F:HYBRID_SHORTHAND:CONTROL_R:R4:S1:F0141	LATENT_HOST_CLASS	17	34.600843072257	9
HYBRID_SHORTHAND	4	HELD_PHYSICAL_FOLIO	F:HYBRID_SHORTHAND:CONTROL_R:R4:S1:F0142	POSITION_CONTEXT	19	32.956927910934	10
HYBRID_SHORTHAND	4	HELD_PHYSICAL_FOLIO	F:HYBRID_SHORTHAND:CONTROL_R:R4:S1:F0142	OTHER_POSITION_HOST_BAG	19	45.294427982834	10
HYBRID_SHORTHAND	4	HELD_PHYSICAL_FOLIO	F:HYBRID_SHORTHAND:CONTROL_R:R4:S1:F0142	LATENT_HOST_CLASS	19	33.381720471301	10
HYBRID_SHORTHAND	4	HELD_PHYSICAL_FOLIO	F:HYBRID_SHORTHAND:CONTROL_R:R4:S1:F0143	POSITION_CONTEXT	20	35.231822307130	14
HYBRID_SHORTHAND	4	HELD_PHYSICAL_FOLIO	F:HYBRID_SHORTHAND:CONTROL_R:R4:S1:F0143	OTHER_POSITION_HOST_BAG	20	42.579893279817	14
HYBRID_SHORTHAND	4	HELD_PHYSICAL_FOLIO	F:HYBRID_SHORTHAND:CONTROL_R:R4:S1:F0143	LATENT_HOST_CLASS	20	32.499731045335	14
HYBRID_SHORTHAND	4	HELD_PHYSICAL_FOLIO	F:HYBRID_SHORTHAND:CONTROL_R:R4:S1:F0144	POSITION_CONTEXT	32	58.598121448071	17
HYBRID_SHORTHAND	4	HELD_PHYSICAL_FOLIO	F:HYBRID_SHORTHAND:CONTROL_R:R4:S1:F0144	OTHER_POSITION_HOST_BAG	32	70.307667135124	17
HYBRID_SHORTHAND	4	HELD_PHYSICAL_FOLIO	F:HYBRID_SHORTHAND:CONTROL_R:R4:S1:F0144	LATENT_HOST_CLASS	32	53.795355649395	19
HYBRID_SHORTHAND	4	HELD_PHYSICAL_FOLIO	F:HYBRID_SHORTHAND:CONTROL_R:R4:S1:F0145	POSITION_CONTEXT	7	11.482259890933	3
HYBRID_SHORTHAND	4	HELD_PHYSICAL_FOLIO	F:HYBRID_SHORTHAND:CONTROL_R:R4:S1:F0145	OTHER_POSITION_HOST_BAG	7	14.486190419141	3
HYBRID_SHORTHAND	4	HELD_PHYSICAL_FOLIO	F:HYBRID_SHORTHAND:CONTROL_R:R4:S1:F0145	LATENT_HOST_CLASS	7	13.573472547402	3
HYBRID_SHORTHAND	4	HELD_PHYSICAL_FOLIO	F:HYBRID_SHORTHAND:CONTROL_R:R4:S1:F0146	POSITION_CONTEXT	21	23.339788754844	16
HYBRID_SHORTHAND	4	HELD_PHYSICAL_FOLIO	F:HYBRID_SHORTHAND:CONTROL_R:R4:S1:F0146	OTHER_POSITION_HOST_BAG	21	29.173792137224	16
HYBRID_SHORTHAND	4	HELD_PHYSICAL_FOLIO	F:HYBRID_SHORTHAND:CONTROL_R:R4:S1:F0146	LATENT_HOST_CLASS	21	31.552406415660	15
HYBRID_SHORTHAND	4	HELD_PHYSICAL_FOLIO	F:HYBRID_SHORTHAND:CONTROL_R:R4:S1:F0147	POSITION_CONTEXT	22	31.557834649950	17
HYBRID_SHORTHAND	4	HELD_PHYSICAL_FOLIO	F:HYBRID_SHORTHAND:CONTROL_R:R4:S1:F0147	OTHER_POSITION_HOST_BAG	22	40.371495997230	17
HYBRID_SHORTHAND	4	HELD_PHYSICAL_FOLIO	F:HYBRID_SHORTHAND:CONTROL_R:R4:S1:F0147	LATENT_HOST_CLASS	22	35.753782684900	17
HYBRID_SHORTHAND	4	HELD_PHYSICAL_FOLIO	F:HYBRID_SHORTHAND:CONTROL_R:R4:S1:F0148	POSITION_CONTEXT	21	39.600296108057	10
HYBRID_SHORTHAND	4	HELD_PHYSICAL_FOLIO	F:HYBRID_SHORTHAND:CONTROL_R:R4:S1:F0148	OTHER_POSITION_HOST_BAG	21	49.148884080201	10
HYBRID_SHORTHAND	4	HELD_PHYSICAL_FOLIO	F:HYBRID_SHORTHAND:CONTROL_R:R4:S1:F0148	LATENT_HOST_CLASS	21	42.481758304267	12
HYBRID_SHORTHAND	4	HELD_PHYSICAL_FOLIO	F:HYBRID_SHORTHAND:CONTROL_R:R4:S1:F0149	POSITION_CONTEXT	8	9.791786730144	6
HYBRID_SHORTHAND	4	HELD_PHYSICAL_FOLIO	F:HYBRID_SHORTHAND:CONTROL_R:R4:S1:F0149	OTHER_POSITION_HOST_BAG	8	12.053974152973	6
HYBRID_SHORTHAND	4	HELD_PHYSICAL_FOLIO	F:HYBRID_SHORTHAND:CONTROL_R:R4:S1:F0149	LATENT_HOST_CLASS	8	11.035481196353	6
HYBRID_SHORTHAND	4	HELD_PHYSICAL_FOLIO	F:HYBRID_SHORTHAND:CONTROL_R:R4:S2:F0077	POSITION_CONTEXT	16	21.694349199969	12
HYBRID_SHORTHAND	4	HELD_PHYSICAL_FOLIO	F:HYBRID_SHORTHAND:CONTROL_R:R4:S2:F0077	OTHER_POSITION_HOST_BAG	16	27.469431661188	12
HYBRID_SHORTHAND	4	HELD_PHYSICAL_FOLIO	F:HYBRID_SHORTHAND:CONTROL_R:R4:S2:F0077	LATENT_HOST_CLASS	16	25.806499386444	12
HYBRID_SHORTHAND	4	HELD_PHYSICAL_FOLIO	F:HYBRID_SHORTHAND:CONTROL_R:R4:S2:F0078	POSITION_CONTEXT	27	36.789607976668	18
HYBRID_SHORTHAND	4	HELD_PHYSICAL_FOLIO	F:HYBRID_SHORTHAND:CONTROL_R:R4:S2:F0078	OTHER_POSITION_HOST_BAG	27	43.989260603544	18
HYBRID_SHORTHAND	4	HELD_PHYSICAL_FOLIO	F:HYBRID_SHORTHAND:CONTROL_R:R4:S2:F0078	LATENT_HOST_CLASS	27	43.547422437657	18
HYBRID_SHORTHAND	4	HELD_PHYSICAL_FOLIO	F:HYBRID_SHORTHAND:CONTROL_R:R4:S2:F0150	POSITION_CONTEXT	18	17.086356679278	14
HYBRID_SHORTHAND	4	HELD_PHYSICAL_FOLIO	F:HYBRID_SHORTHAND:CONTROL_R:R4:S2:F0150	OTHER_POSITION_HOST_BAG	18	22.559169035239	14
HYBRID_SHORTHAND	4	HELD_PHYSICAL_FOLIO	F:HYBRID_SHORTHAND:CONTROL_R:R4:S2:F0150	LATENT_HOST_CLASS	18	21.523355109672	14
HYBRID_SHORTHAND	4	HELD_PHYSICAL_FOLIO	F:HYBRID_SHORTHAND:CONTROL_R:R4:S2:F0151	POSITION_CONTEXT	12	19.421864397326	8
HYBRID_SHORTHAND	4	HELD_PHYSICAL_FOLIO	F:HYBRID_SHORTHAND:CONTROL_R:R4:S2:F0151	OTHER_POSITION_HOST_BAG	12	24.520661612064	8
HYBRID_SHORTHAND	4	HELD_PHYSICAL_FOLIO	F:HYBRID_SHORTHAND:CONTROL_R:R4:S2:F0151	LATENT_HOST_CLASS	12	19.006144754601	7
HYBRID_SHORTHAND	4	HELD_PHYSICAL_FOLIO	F:HYBRID_SHORTHAND:CONTROL_R:R4:S2:F0152	POSITION_CONTEXT	24	54.951294168767	10
HYBRID_SHORTHAND	4	HELD_PHYSICAL_FOLIO	F:HYBRID_SHORTHAND:CONTROL_R:R4:S2:F0152	OTHER_POSITION_HOST_BAG	24	60.589440785277	10
HYBRID_SHORTHAND	4	HELD_PHYSICAL_FOLIO	F:HYBRID_SHORTHAND:CONTROL_R:R4:S2:F0152	LATENT_HOST_CLASS	24	61.204799556061	9
HYBRID_SHORTHAND	4	HELD_PHYSICAL_FOLIO	F:HYBRID_SHORTHAND:CONTROL_R:R4:S2:F0153	POSITION_CONTEXT	47	88.549767877036	30
HYBRID_SHORTHAND	4	HELD_PHYSICAL_FOLIO	F:HYBRID_SHORTHAND:CONTROL_R:R4:S2:F0153	OTHER_POSITION_HOST_BAG	47	111.389916340088	30
HYBRID_SHORTHAND	4	HELD_PHYSICAL_FOLIO	F:HYBRID_SHORTHAND:CONTROL_R:R4:S2:F0153	LATENT_HOST_CLASS	47	95.842552032387	30
HYBRID_SHORTHAND	4	HELD_PHYSICAL_FOLIO	F:HYBRID_SHORTHAND:CONTROL_R:R4:S2:F0154	POSITION_CONTEXT	25	39.738886350164	17
HYBRID_SHORTHAND	4	HELD_PHYSICAL_FOLIO	F:HYBRID_SHORTHAND:CONTROL_R:R4:S2:F0154	OTHER_POSITION_HOST_BAG	25	60.530910642208	17
HYBRID_SHORTHAND	4	HELD_PHYSICAL_FOLIO	F:HYBRID_SHORTHAND:CONTROL_R:R4:S2:F0154	LATENT_HOST_CLASS	25	40.738315768599	18
HYBRID_SHORTHAND	4	HELD_PHYSICAL_FOLIO	F:HYBRID_SHORTHAND:CONTROL_R:R4:S2:F0155	POSITION_CONTEXT	26	36.714799631571	19
HYBRID_SHORTHAND	4	HELD_PHYSICAL_FOLIO	F:HYBRID_SHORTHAND:CONTROL_R:R4:S2:F0155	OTHER_POSITION_HOST_BAG	26	46.899489421732	19
HYBRID_SHORTHAND	4	HELD_PHYSICAL_FOLIO	F:HYBRID_SHORTHAND:CONTROL_R:R4:S2:F0155	LATENT_HOST_CLASS	26	40.974400591788	19
HYBRID_SHORTHAND	4	HELD_PHYSICAL_FOLIO	F:HYBRID_SHORTHAND:CONTROL_R:R4:S2:F0156	POSITION_CONTEXT	14	33.203278802851	6
HYBRID_SHORTHAND	4	HELD_PHYSICAL_FOLIO	F:HYBRID_SHORTHAND:CONTROL_R:R4:S2:F0156	OTHER_POSITION_HOST_BAG	14	40.735560390536	6
HYBRID_SHORTHAND	4	HELD_PHYSICAL_FOLIO	F:HYBRID_SHORTHAND:CONTROL_R:R4:S2:F0156	LATENT_HOST_CLASS	14	35.826862964270	7
HYBRID_SHORTHAND	4	HELD_PHYSICAL_FOLIO	F:HYBRID_SHORTHAND:CONTROL_R:R4:S2:F0157	POSITION_CONTEXT	49	82.592893010627	28
HYBRID_SHORTHAND	4	HELD_PHYSICAL_FOLIO	F:HYBRID_SHORTHAND:CONTROL_R:R4:S2:F0157	OTHER_POSITION_HOST_BAG	49	90.767235705825	28
HYBRID_SHORTHAND	4	HELD_PHYSICAL_FOLIO	F:HYBRID_SHORTHAND:CONTROL_R:R4:S2:F0157	LATENT_HOST_CLASS	49	90.120817972212	28
HYBRID_SHORTHAND	4	HELD_PHYSICAL_FOLIO	F:HYBRID_SHORTHAND:CONTROL_R:R4:S2:F0158	POSITION_CONTEXT	36	66.838229463321	20
HYBRID_SHORTHAND	4	HELD_PHYSICAL_FOLIO	F:HYBRID_SHORTHAND:CONTROL_R:R4:S2:F0158	OTHER_POSITION_HOST_BAG	36	79.486661346848	20
HYBRID_SHORTHAND	4	HELD_PHYSICAL_FOLIO	F:HYBRID_SHORTHAND:CONTROL_R:R4:S2:F0158	LATENT_HOST_CLASS	36	72.569821860491	20
HYBRID_SHORTHAND	4	HELD_PHYSICAL_FOLIO	F:HYBRID_SHORTHAND:CONTROL_R:R4:S2:F0159	POSITION_CONTEXT	17	30.128105547588	10
HYBRID_SHORTHAND	4	HELD_PHYSICAL_FOLIO	F:HYBRID_SHORTHAND:CONTROL_R:R4:S2:F0159	OTHER_POSITION_HOST_BAG	17	35.748457987565	10
HYBRID_SHORTHAND	4	HELD_PHYSICAL_FOLIO	F:HYBRID_SHORTHAND:CONTROL_R:R4:S2:F0159	LATENT_HOST_CLASS	17	33.173767536859	10
HYBRID_SHORTHAND	4	HELD_PHYSICAL_FOLIO	F:HYBRID_SHORTHAND:CONTROL_R:R4:S2:F0160	POSITION_CONTEXT	12	25.450735274960	8
HYBRID_SHORTHAND	4	HELD_PHYSICAL_FOLIO	F:HYBRID_SHORTHAND:CONTROL_R:R4:S2:F0160	OTHER_POSITION_HOST_BAG	12	32.701434321023	8
HYBRID_SHORTHAND	4	HELD_PHYSICAL_FOLIO	F:HYBRID_SHORTHAND:CONTROL_R:R4:S2:F0160	LATENT_HOST_CLASS	12	22.236997094163	7
HYBRID_SHORTHAND	4	HELD_PHYSICAL_FOLIO	F:HYBRID_SHORTHAND:CONTROL_R:R4:S2:F0161	POSITION_CONTEXT	13	27.124790839209	6
HYBRID_SHORTHAND	4	HELD_PHYSICAL_FOLIO	F:HYBRID_SHORTHAND:CONTROL_R:R4:S2:F0161	OTHER_POSITION_HOST_BAG	13	30.071356279640	6
HYBRID_SHORTHAND	4	HELD_PHYSICAL_FOLIO	F:HYBRID_SHORTHAND:CONTROL_R:R4:S2:F0161	LATENT_HOST_CLASS	13	29.630571265597	6
HYBRID_SHORTHAND	4	HELD_PHYSICAL_FOLIO	F:HYBRID_SHORTHAND:CONTROL_R:R4:S2:F0162	POSITION_CONTEXT	21	31.605962351559	14
HYBRID_SHORTHAND	4	HELD_PHYSICAL_FOLIO	F:HYBRID_SHORTHAND:CONTROL_R:R4:S2:F0162	OTHER_POSITION_HOST_BAG	21	38.159598678143	14
HYBRID_SHORTHAND	4	HELD_PHYSICAL_FOLIO	F:HYBRID_SHORTHAND:CONTROL_R:R4:S2:F0162	LATENT_HOST_CLASS	21	36.672859226614	14
LATIN_SCHOLASTIC_GRAPHEMATIC	4	HELD_PHYSICAL_FOLIO	F:LATIN_SCHOLASTIC_GRAPHEMATIC:F01	POSITION_CONTEXT	0	0.000000000000	0
LATIN_SCHOLASTIC_GRAPHEMATIC	4	HELD_PHYSICAL_FOLIO	F:LATIN_SCHOLASTIC_GRAPHEMATIC:F01	OTHER_POSITION_HOST_BAG	0	0.000000000000	0
LATIN_SCHOLASTIC_GRAPHEMATIC	4	HELD_PHYSICAL_FOLIO	F:LATIN_SCHOLASTIC_GRAPHEMATIC:F01	LATENT_HOST_CLASS	0	0.000000000000	0
LATIN_SCHOLASTIC_GRAPHEMATIC	4	HELD_PHYSICAL_FOLIO	F:LATIN_SCHOLASTIC_GRAPHEMATIC:F02	POSITION_CONTEXT	0	0.000000000000	0
LATIN_SCHOLASTIC_GRAPHEMATIC	4	HELD_PHYSICAL_FOLIO	F:LATIN_SCHOLASTIC_GRAPHEMATIC:F02	OTHER_POSITION_HOST_BAG	0	0.000000000000	0
LATIN_SCHOLASTIC_GRAPHEMATIC	4	HELD_PHYSICAL_FOLIO	F:LATIN_SCHOLASTIC_GRAPHEMATIC:F02	LATENT_HOST_CLASS	0	0.000000000000	0
LATIN_SCHOLASTIC_GRAPHEMATIC	4	HELD_PHYSICAL_FOLIO	F:LATIN_SCHOLASTIC_GRAPHEMATIC:F03	POSITION_CONTEXT	0	0.000000000000	0
LATIN_SCHOLASTIC_GRAPHEMATIC	4	HELD_PHYSICAL_FOLIO	F:LATIN_SCHOLASTIC_GRAPHEMATIC:F03	OTHER_POSITION_HOST_BAG	0	0.000000000000	0
LATIN_SCHOLASTIC_GRAPHEMATIC	4	HELD_PHYSICAL_FOLIO	F:LATIN_SCHOLASTIC_GRAPHEMATIC:F03	LATENT_HOST_CLASS	0	0.000000000000	0
LATIN_SCHOLASTIC_GRAPHEMATIC	4	HELD_PHYSICAL_FOLIO	F:LATIN_SCHOLASTIC_GRAPHEMATIC:F04	POSITION_CONTEXT	0	0.000000000000	0
LATIN_SCHOLASTIC_GRAPHEMATIC	4	HELD_PHYSICAL_FOLIO	F:LATIN_SCHOLASTIC_GRAPHEMATIC:F04	OTHER_POSITION_HOST_BAG	0	0.000000000000	0
LATIN_SCHOLASTIC_GRAPHEMATIC	4	HELD_PHYSICAL_FOLIO	F:LATIN_SCHOLASTIC_GRAPHEMATIC:F04	LATENT_HOST_CLASS	0	0.000000000000	0
LATIN_SCHOLASTIC_GRAPHEMATIC	4	HELD_PHYSICAL_FOLIO	F:LATIN_SCHOLASTIC_GRAPHEMATIC:F05	POSITION_CONTEXT	0	0.000000000000	0
LATIN_SCHOLASTIC_GRAPHEMATIC	4	HELD_PHYSICAL_FOLIO	F:LATIN_SCHOLASTIC_GRAPHEMATIC:F05	OTHER_POSITION_HOST_BAG	0	0.000000000000	0
LATIN_SCHOLASTIC_GRAPHEMATIC	4	HELD_PHYSICAL_FOLIO	F:LATIN_SCHOLASTIC_GRAPHEMATIC:F05	LATENT_HOST_CLASS	0	0.000000000000	0
LATIN_SCHOLASTIC_GRAPHEMATIC	4	HELD_PHYSICAL_FOLIO	F:LATIN_SCHOLASTIC_GRAPHEMATIC:F06	POSITION_CONTEXT	0	0.000000000000	0
LATIN_SCHOLASTIC_GRAPHEMATIC	4	HELD_PHYSICAL_FOLIO	F:LATIN_SCHOLASTIC_GRAPHEMATIC:F06	OTHER_POSITION_HOST_BAG	0	0.000000000000	0
LATIN_SCHOLASTIC_GRAPHEMATIC	4	HELD_PHYSICAL_FOLIO	F:LATIN_SCHOLASTIC_GRAPHEMATIC:F06	LATENT_HOST_CLASS	0	0.000000000000	0
LATIN_MEDICAL_GRAPHEMATIC	4	HELD_PHYSICAL_FOLIO	F:LATIN_MEDICAL_GRAPHEMATIC:F01	POSITION_CONTEXT	147	322.708814739445	79
LATIN_MEDICAL_GRAPHEMATIC	4	HELD_PHYSICAL_FOLIO	F:LATIN_MEDICAL_GRAPHEMATIC:F01	OTHER_POSITION_HOST_BAG	147	319.644313745237	83
LATIN_MEDICAL_GRAPHEMATIC	4	HELD_PHYSICAL_FOLIO	F:LATIN_MEDICAL_GRAPHEMATIC:F01	LATENT_HOST_CLASS	147	316.869419363070	79
LATIN_MEDICAL_GRAPHEMATIC	4	HELD_PHYSICAL_FOLIO	F:LATIN_MEDICAL_GRAPHEMATIC:F02	POSITION_CONTEXT	66	159.395775733447	27
LATIN_MEDICAL_GRAPHEMATIC	4	HELD_PHYSICAL_FOLIO	F:LATIN_MEDICAL_GRAPHEMATIC:F02	OTHER_POSITION_HOST_BAG	66	160.479703374106	27
LATIN_MEDICAL_GRAPHEMATIC	4	HELD_PHYSICAL_FOLIO	F:LATIN_MEDICAL_GRAPHEMATIC:F02	LATENT_HOST_CLASS	66	161.125852838880	27
LATIN_MEDICAL_GRAPHEMATIC	4	HELD_PHYSICAL_FOLIO	F:LATIN_MEDICAL_GRAPHEMATIC:F05	POSITION_CONTEXT	82	248.267211594679	24
LATIN_MEDICAL_GRAPHEMATIC	4	HELD_PHYSICAL_FOLIO	F:LATIN_MEDICAL_GRAPHEMATIC:F05	OTHER_POSITION_HOST_BAG	82	250.194862981739	24
LATIN_MEDICAL_GRAPHEMATIC	4	HELD_PHYSICAL_FOLIO	F:LATIN_MEDICAL_GRAPHEMATIC:F05	LATENT_HOST_CLASS	82	239.836171886243	24
LATIN_MEDICAL_GRAPHEMATIC	4	HELD_PHYSICAL_FOLIO	F:LATIN_MEDICAL_GRAPHEMATIC:F06	POSITION_CONTEXT	23	59.946192708802	12
LATIN_MEDICAL_GRAPHEMATIC	4	HELD_PHYSICAL_FOLIO	F:LATIN_MEDICAL_GRAPHEMATIC:F06	OTHER_POSITION_HOST_BAG	23	60.292453098843	11
LATIN_MEDICAL_GRAPHEMATIC	4	HELD_PHYSICAL_FOLIO	F:LATIN_MEDICAL_GRAPHEMATIC:F06	LATENT_HOST_CLASS	23	55.017575592450	12
LATIN_MEDICAL_GRAPHEMATIC	4	HELD_PHYSICAL_FOLIO	F:LATIN_MEDICAL_GRAPHEMATIC:F07	POSITION_CONTEXT	64	176.214054935503	31
LATIN_MEDICAL_GRAPHEMATIC	4	HELD_PHYSICAL_FOLIO	F:LATIN_MEDICAL_GRAPHEMATIC:F07	OTHER_POSITION_HOST_BAG	64	179.480375015279	21
LATIN_MEDICAL_GRAPHEMATIC	4	HELD_PHYSICAL_FOLIO	F:LATIN_MEDICAL_GRAPHEMATIC:F07	LATENT_HOST_CLASS	64	172.459428908615	31
LATIN_MEDICAL_GRAPHEMATIC	4	HELD_PHYSICAL_FOLIO	F:LATIN_MEDICAL_GRAPHEMATIC:F08	POSITION_CONTEXT	45	101.798211633470	27
LATIN_MEDICAL_GRAPHEMATIC	4	HELD_PHYSICAL_FOLIO	F:LATIN_MEDICAL_GRAPHEMATIC:F08	OTHER_POSITION_HOST_BAG	45	101.113145535650	27
LATIN_MEDICAL_GRAPHEMATIC	4	HELD_PHYSICAL_FOLIO	F:LATIN_MEDICAL_GRAPHEMATIC:F08	LATENT_HOST_CLASS	45	101.641350817032	27
LATIN_MEDICAL_GRAPHEMATIC	4	HELD_PHYSICAL_FOLIO	F:LATIN_MEDICAL_GRAPHEMATIC:F09	POSITION_CONTEXT	61	122.054585216001	36
LATIN_MEDICAL_GRAPHEMATIC	4	HELD_PHYSICAL_FOLIO	F:LATIN_MEDICAL_GRAPHEMATIC:F09	OTHER_POSITION_HOST_BAG	61	122.061645483771	33
LATIN_MEDICAL_GRAPHEMATIC	4	HELD_PHYSICAL_FOLIO	F:LATIN_MEDICAL_GRAPHEMATIC:F09	LATENT_HOST_CLASS	61	123.916092453459	36
LATIN_MEDICAL_GRAPHEMATIC	4	HELD_PHYSICAL_FOLIO	F:LATIN_MEDICAL_GRAPHEMATIC:F10	POSITION_CONTEXT	72	183.103493648251	32
LATIN_MEDICAL_GRAPHEMATIC	4	HELD_PHYSICAL_FOLIO	F:LATIN_MEDICAL_GRAPHEMATIC:F10	OTHER_POSITION_HOST_BAG	72	184.579825620104	32
LATIN_MEDICAL_GRAPHEMATIC	4	HELD_PHYSICAL_FOLIO	F:LATIN_MEDICAL_GRAPHEMATIC:F10	LATENT_HOST_CLASS	72	181.196996638163	32
LATIN_MEDICAL_GRAPHEMATIC	4	HELD_PHYSICAL_FOLIO	F:LATIN_MEDICAL_GRAPHEMATIC:F11	POSITION_CONTEXT	87	172.345979228297	42
LATIN_MEDICAL_GRAPHEMATIC	4	HELD_PHYSICAL_FOLIO	F:LATIN_MEDICAL_GRAPHEMATIC:F11	OTHER_POSITION_HOST_BAG	87	164.766514177689	42
LATIN_MEDICAL_GRAPHEMATIC	4	HELD_PHYSICAL_FOLIO	F:LATIN_MEDICAL_GRAPHEMATIC:F11	LATENT_HOST_CLASS	87	174.017116286632	42
LATIN_MEDICAL_GRAPHEMATIC	4	HELD_PHYSICAL_FOLIO	F:LATIN_MEDICAL_GRAPHEMATIC:F12	POSITION_CONTEXT	0	0.000000000000	0
LATIN_MEDICAL_GRAPHEMATIC	4	HELD_PHYSICAL_FOLIO	F:LATIN_MEDICAL_GRAPHEMATIC:F12	OTHER_POSITION_HOST_BAG	0	0.000000000000	0
LATIN_MEDICAL_GRAPHEMATIC	4	HELD_PHYSICAL_FOLIO	F:LATIN_MEDICAL_GRAPHEMATIC:F12	LATENT_HOST_CLASS	0	0.000000000000	0
LATIN_15C_GRAPHEMATIC	4	HELD_PHYSICAL_FOLIO	F:LATIN_15C_GRAPHEMATIC:F01	POSITION_CONTEXT	85	149.900035514714	51
LATIN_15C_GRAPHEMATIC	4	HELD_PHYSICAL_FOLIO	F:LATIN_15C_GRAPHEMATIC:F01	OTHER_POSITION_HOST_BAG	85	152.306367748325	53
LATIN_15C_GRAPHEMATIC	4	HELD_PHYSICAL_FOLIO	F:LATIN_15C_GRAPHEMATIC:F01	LATENT_HOST_CLASS	85	151.769162599860	51
LATIN_15C_GRAPHEMATIC	4	HELD_PHYSICAL_FOLIO	F:LATIN_15C_GRAPHEMATIC:F02	POSITION_CONTEXT	115	160.918390470110	82
LATIN_15C_GRAPHEMATIC	4	HELD_PHYSICAL_FOLIO	F:LATIN_15C_GRAPHEMATIC:F02	OTHER_POSITION_HOST_BAG	115	162.184221958914	80
LATIN_15C_GRAPHEMATIC	4	HELD_PHYSICAL_FOLIO	F:LATIN_15C_GRAPHEMATIC:F02	LATENT_HOST_CLASS	115	165.826183321041	82
LATIN_15C_GRAPHEMATIC	4	HELD_PHYSICAL_FOLIO	F:LATIN_15C_GRAPHEMATIC:F03	POSITION_CONTEXT	20	31.365971930776	13
LATIN_15C_GRAPHEMATIC	4	HELD_PHYSICAL_FOLIO	F:LATIN_15C_GRAPHEMATIC:F03	OTHER_POSITION_HOST_BAG	20	30.801779530400	13
LATIN_15C_GRAPHEMATIC	4	HELD_PHYSICAL_FOLIO	F:LATIN_15C_GRAPHEMATIC:F03	LATENT_HOST_CLASS	20	29.687992026004	14
LATIN_15C_GRAPHEMATIC	4	HELD_PHYSICAL_FOLIO	F:LATIN_15C_GRAPHEMATIC:F04	POSITION_CONTEXT	104	191.509512888120	62
LATIN_15C_GRAPHEMATIC	4	HELD_PHYSICAL_FOLIO	F:LATIN_15C_GRAPHEMATIC:F04	OTHER_POSITION_HOST_BAG	104	190.930593464924	59
LATIN_15C_GRAPHEMATIC	4	HELD_PHYSICAL_FOLIO	F:LATIN_15C_GRAPHEMATIC:F04	LATENT_HOST_CLASS	104	193.685038357787	62
LATIN_15C_GRAPHEMATIC	4	HELD_PHYSICAL_FOLIO	F:LATIN_15C_GRAPHEMATIC:F05	POSITION_CONTEXT	111	193.834884321368	74
LATIN_15C_GRAPHEMATIC	4	HELD_PHYSICAL_FOLIO	F:LATIN_15C_GRAPHEMATIC:F05	OTHER_POSITION_HOST_BAG	111	188.212897719467	75
LATIN_15C_GRAPHEMATIC	4	HELD_PHYSICAL_FOLIO	F:LATIN_15C_GRAPHEMATIC:F05	LATENT_HOST_CLASS	111	181.116716400282	74
LATIN_15C_GRAPHEMATIC	4	HELD_PHYSICAL_FOLIO	F:LATIN_15C_GRAPHEMATIC:F06	POSITION_CONTEXT	122	215.865602547412	70
LATIN_15C_GRAPHEMATIC	4	HELD_PHYSICAL_FOLIO	F:LATIN_15C_GRAPHEMATIC:F06	OTHER_POSITION_HOST_BAG	122	223.071768761275	72
LATIN_15C_GRAPHEMATIC	4	HELD_PHYSICAL_FOLIO	F:LATIN_15C_GRAPHEMATIC:F06	LATENT_HOST_CLASS	122	218.815745227200	70
LATIN_15C_GRAPHEMATIC	4	HELD_PHYSICAL_FOLIO	F:LATIN_15C_GRAPHEMATIC:F07	POSITION_CONTEXT	122	166.999487190339	87
LATIN_15C_GRAPHEMATIC	4	HELD_PHYSICAL_FOLIO	F:LATIN_15C_GRAPHEMATIC:F07	OTHER_POSITION_HOST_BAG	122	176.781346221089	85
LATIN_15C_GRAPHEMATIC	4	HELD_PHYSICAL_FOLIO	F:LATIN_15C_GRAPHEMATIC:F07	LATENT_HOST_CLASS	122	177.970982999759	87
LATIN_15C_GRAPHEMATIC	4	HELD_PHYSICAL_FOLIO	F:LATIN_15C_GRAPHEMATIC:F08	POSITION_CONTEXT	94	175.120401509398	53
LATIN_15C_GRAPHEMATIC	4	HELD_PHYSICAL_FOLIO	F:LATIN_15C_GRAPHEMATIC:F08	OTHER_POSITION_HOST_BAG	94	174.620927049212	55
LATIN_15C_GRAPHEMATIC	4	HELD_PHYSICAL_FOLIO	F:LATIN_15C_GRAPHEMATIC:F08	LATENT_HOST_CLASS	94	173.224961416121	53
LATIN_15C_GRAPHEMATIC	4	HELD_PHYSICAL_FOLIO	F:LATIN_15C_GRAPHEMATIC:F09	POSITION_CONTEXT	163	259.677445899425	105
LATIN_15C_GRAPHEMATIC	4	HELD_PHYSICAL_FOLIO	F:LATIN_15C_GRAPHEMATIC:F09	OTHER_POSITION_HOST_BAG	163	263.565110577498	106
LATIN_15C_GRAPHEMATIC	4	HELD_PHYSICAL_FOLIO	F:LATIN_15C_GRAPHEMATIC:F09	LATENT_HOST_CLASS	163	264.199815043221	93
LATIN_15C_GRAPHEMATIC	4	HELD_PHYSICAL_FOLIO	F:LATIN_15C_GRAPHEMATIC:F10	POSITION_CONTEXT	80	135.729331722982	53
LATIN_15C_GRAPHEMATIC	4	HELD_PHYSICAL_FOLIO	F:LATIN_15C_GRAPHEMATIC:F10	OTHER_POSITION_HOST_BAG	80	134.952405355093	53
LATIN_15C_GRAPHEMATIC	4	HELD_PHYSICAL_FOLIO	F:LATIN_15C_GRAPHEMATIC:F10	LATENT_HOST_CLASS	80	127.914947502018	53
LATIN_15C_GRAPHEMATIC	4	HELD_PHYSICAL_FOLIO	F:LATIN_15C_GRAPHEMATIC:F11	POSITION_CONTEXT	100	170.567222901344	58
LATIN_15C_GRAPHEMATIC	4	HELD_PHYSICAL_FOLIO	F:LATIN_15C_GRAPHEMATIC:F11	OTHER_POSITION_HOST_BAG	100	168.235581572782	60
LATIN_15C_GRAPHEMATIC	4	HELD_PHYSICAL_FOLIO	F:LATIN_15C_GRAPHEMATIC:F11	LATENT_HOST_CLASS	100	172.594835961170	58
LATIN_15C_GRAPHEMATIC	4	HELD_PHYSICAL_FOLIO	F:LATIN_15C_GRAPHEMATIC:F12	POSITION_CONTEXT	115	198.594264960411	69
LATIN_15C_GRAPHEMATIC	4	HELD_PHYSICAL_FOLIO	F:LATIN_15C_GRAPHEMATIC:F12	OTHER_POSITION_HOST_BAG	115	191.141811824148	71
LATIN_15C_GRAPHEMATIC	4	HELD_PHYSICAL_FOLIO	F:LATIN_15C_GRAPHEMATIC:F12	LATENT_HOST_CLASS	115	196.939425920885	70
VOYNICH_REFERENCE	4	HELD_PHYSICAL_FOLIO	f1	POSITION_CONTEXT	12	34.646350995947	3
VOYNICH_REFERENCE	4	HELD_PHYSICAL_FOLIO	f1	OTHER_POSITION_HOST_BAG	12	26.125077081558	7
VOYNICH_REFERENCE	4	HELD_PHYSICAL_FOLIO	f1	LATENT_HOST_CLASS	12	36.321721462721	3
VOYNICH_REFERENCE	4	HELD_PHYSICAL_FOLIO	f10	POSITION_CONTEXT	48	91.999791938104	28
VOYNICH_REFERENCE	4	HELD_PHYSICAL_FOLIO	f10	OTHER_POSITION_HOST_BAG	48	110.186190439918	20
VOYNICH_REFERENCE	4	HELD_PHYSICAL_FOLIO	f10	LATENT_HOST_CLASS	48	126.098958298859	11
VOYNICH_REFERENCE	4	HELD_PHYSICAL_FOLIO	f100	POSITION_CONTEXT	21	62.420423792752	5
VOYNICH_REFERENCE	4	HELD_PHYSICAL_FOLIO	f100	OTHER_POSITION_HOST_BAG	21	53.866753053141	9
VOYNICH_REFERENCE	4	HELD_PHYSICAL_FOLIO	f100	LATENT_HOST_CLASS	21	66.470875916465	5
VOYNICH_REFERENCE	4	HELD_PHYSICAL_FOLIO	f102	POSITION_CONTEXT	34	86.296555204877	13
VOYNICH_REFERENCE	4	HELD_PHYSICAL_FOLIO	f102	OTHER_POSITION_HOST_BAG	34	81.395523417604	15
VOYNICH_REFERENCE	4	HELD_PHYSICAL_FOLIO	f102	LATENT_HOST_CLASS	34	90.158638353217	12
VOYNICH_REFERENCE	4	HELD_PHYSICAL_FOLIO	f103	POSITION_CONTEXT	174	299.977761037712	107
VOYNICH_REFERENCE	4	HELD_PHYSICAL_FOLIO	f103	OTHER_POSITION_HOST_BAG	174	293.721883118304	106
VOYNICH_REFERENCE	4	HELD_PHYSICAL_FOLIO	f103	LATENT_HOST_CLASS	174	370.680099444082	84
VOYNICH_REFERENCE	4	HELD_PHYSICAL_FOLIO	f104	POSITION_CONTEXT	129	271.496714476091	48
VOYNICH_REFERENCE	4	HELD_PHYSICAL_FOLIO	f104	OTHER_POSITION_HOST_BAG	129	282.848344751876	46
VOYNICH_REFERENCE	4	HELD_PHYSICAL_FOLIO	f104	LATENT_HOST_CLASS	129	308.733286922064	51
VOYNICH_REFERENCE	4	HELD_PHYSICAL_FOLIO	f105	POSITION_CONTEXT	140	248.006385060644	91
VOYNICH_REFERENCE	4	HELD_PHYSICAL_FOLIO	f105	OTHER_POSITION_HOST_BAG	140	249.219366046482	79
VOYNICH_REFERENCE	4	HELD_PHYSICAL_FOLIO	f105	LATENT_HOST_CLASS	140	288.263012696376	84
VOYNICH_REFERENCE	4	HELD_PHYSICAL_FOLIO	f106	POSITION_CONTEXT	158	318.451144560289	79
VOYNICH_REFERENCE	4	HELD_PHYSICAL_FOLIO	f106	OTHER_POSITION_HOST_BAG	158	346.871561451878	66
VOYNICH_REFERENCE	4	HELD_PHYSICAL_FOLIO	f106	LATENT_HOST_CLASS	158	362.519568288328	71
VOYNICH_REFERENCE	4	HELD_PHYSICAL_FOLIO	f107	POSITION_CONTEXT	210	378.835637689855	116
VOYNICH_REFERENCE	4	HELD_PHYSICAL_FOLIO	f107	OTHER_POSITION_HOST_BAG	210	385.749922424642	123
VOYNICH_REFERENCE	4	HELD_PHYSICAL_FOLIO	f107	LATENT_HOST_CLASS	210	459.079484314133	95
VOYNICH_REFERENCE	4	HELD_PHYSICAL_FOLIO	f108	POSITION_CONTEXT	232	417.420817837697	133
VOYNICH_REFERENCE	4	HELD_PHYSICAL_FOLIO	f108	OTHER_POSITION_HOST_BAG	232	429.745631836732	124
VOYNICH_REFERENCE	4	HELD_PHYSICAL_FOLIO	f108	LATENT_HOST_CLASS	232	522.791619547084	98
VOYNICH_REFERENCE	4	HELD_PHYSICAL_FOLIO	f11	POSITION_CONTEXT	21	45.255916523058	10
VOYNICH_REFERENCE	4	HELD_PHYSICAL_FOLIO	f11	OTHER_POSITION_HOST_BAG	21	51.129439630376	9
VOYNICH_REFERENCE	4	HELD_PHYSICAL_FOLIO	f11	LATENT_HOST_CLASS	21	53.912691088975	7
VOYNICH_REFERENCE	4	HELD_PHYSICAL_FOLIO	f111	POSITION_CONTEXT	253	463.232526930202	132
VOYNICH_REFERENCE	4	HELD_PHYSICAL_FOLIO	f111	OTHER_POSITION_HOST_BAG	253	462.269060916008	139
VOYNICH_REFERENCE	4	HELD_PHYSICAL_FOLIO	f111	LATENT_HOST_CLASS	253	579.853621082156	94
VOYNICH_REFERENCE	4	HELD_PHYSICAL_FOLIO	f112	POSITION_CONTEXT	197	380.153584583068	99
VOYNICH_REFERENCE	4	HELD_PHYSICAL_FOLIO	f112	OTHER_POSITION_HOST_BAG	197	426.365635038755	80
VOYNICH_REFERENCE	4	HELD_PHYSICAL_FOLIO	f112	LATENT_HOST_CLASS	197	461.397291370047	88
VOYNICH_REFERENCE	4	HELD_PHYSICAL_FOLIO	f113	POSITION_CONTEXT	155	276.295517886063	92
VOYNICH_REFERENCE	4	HELD_PHYSICAL_FOLIO	f113	OTHER_POSITION_HOST_BAG	155	310.920041311879	77
VOYNICH_REFERENCE	4	HELD_PHYSICAL_FOLIO	f113	LATENT_HOST_CLASS	155	304.554034493012	92
VOYNICH_REFERENCE	4	HELD_PHYSICAL_FOLIO	f114	POSITION_CONTEXT	235	500.603723258201	95
VOYNICH_REFERENCE	4	HELD_PHYSICAL_FOLIO	f114	OTHER_POSITION_HOST_BAG	235	498.368493394980	106
VOYNICH_REFERENCE	4	HELD_PHYSICAL_FOLIO	f114	LATENT_HOST_CLASS	235	584.516706934298	82
VOYNICH_REFERENCE	4	HELD_PHYSICAL_FOLIO	f115	POSITION_CONTEXT	160	362.512473676970	66
VOYNICH_REFERENCE	4	HELD_PHYSICAL_FOLIO	f115	OTHER_POSITION_HOST_BAG	160	325.420939403036	74
VOYNICH_REFERENCE	4	HELD_PHYSICAL_FOLIO	f115	LATENT_HOST_CLASS	160	384.447833644745	64
VOYNICH_REFERENCE	4	HELD_PHYSICAL_FOLIO	f116	POSITION_CONTEXT	46	83.653619156733	20
VOYNICH_REFERENCE	4	HELD_PHYSICAL_FOLIO	f116	OTHER_POSITION_HOST_BAG	46	77.384540722223	30
VOYNICH_REFERENCE	4	HELD_PHYSICAL_FOLIO	f116	LATENT_HOST_CLASS	46	111.845038260263	13
VOYNICH_REFERENCE	4	HELD_PHYSICAL_FOLIO	f13	POSITION_CONTEXT	20	36.020937257150	13
VOYNICH_REFERENCE	4	HELD_PHYSICAL_FOLIO	f13	OTHER_POSITION_HOST_BAG	20	37.334023504888	14
VOYNICH_REFERENCE	4	HELD_PHYSICAL_FOLIO	f13	LATENT_HOST_CLASS	20	37.296793123795	10
VOYNICH_REFERENCE	4	HELD_PHYSICAL_FOLIO	f14	POSITION_CONTEXT	34	56.276425086758	23
VOYNICH_REFERENCE	4	HELD_PHYSICAL_FOLIO	f14	OTHER_POSITION_HOST_BAG	34	59.861940439629	21
VOYNICH_REFERENCE	4	HELD_PHYSICAL_FOLIO	f14	LATENT_HOST_CLASS	34	77.453208727076	13
VOYNICH_REFERENCE	4	HELD_PHYSICAL_FOLIO	f15	POSITION_CONTEXT	87	179.333565857880	49
VOYNICH_REFERENCE	4	HELD_PHYSICAL_FOLIO	f15	OTHER_POSITION_HOST_BAG	87	196.879997174034	38
VOYNICH_REFERENCE	4	HELD_PHYSICAL_FOLIO	f15	LATENT_HOST_CLASS	87	221.000312959905	30
VOYNICH_REFERENCE	4	HELD_PHYSICAL_FOLIO	f16	POSITION_CONTEXT	48	109.533182014122	25
VOYNICH_REFERENCE	4	HELD_PHYSICAL_FOLIO	f16	OTHER_POSITION_HOST_BAG	48	122.166137234320	18
VOYNICH_REFERENCE	4	HELD_PHYSICAL_FOLIO	f16	LATENT_HOST_CLASS	48	125.366699655123	15
VOYNICH_REFERENCE	4	HELD_PHYSICAL_FOLIO	f17	POSITION_CONTEXT	47	98.783717139452	23
VOYNICH_REFERENCE	4	HELD_PHYSICAL_FOLIO	f17	OTHER_POSITION_HOST_BAG	47	105.281704742816	22
VOYNICH_REFERENCE	4	HELD_PHYSICAL_FOLIO	f17	LATENT_HOST_CLASS	47	114.049040591615	18
VOYNICH_REFERENCE	4	HELD_PHYSICAL_FOLIO	f18	POSITION_CONTEXT	62	124.531006551345	33
VOYNICH_REFERENCE	4	HELD_PHYSICAL_FOLIO	f18	OTHER_POSITION_HOST_BAG	62	126.272739901645	35
VOYNICH_REFERENCE	4	HELD_PHYSICAL_FOLIO	f18	LATENT_HOST_CLASS	62	143.843305706169	26
VOYNICH_REFERENCE	4	HELD_PHYSICAL_FOLIO	f19	POSITION_CONTEXT	56	112.493691949460	31
VOYNICH_REFERENCE	4	HELD_PHYSICAL_FOLIO	f19	OTHER_POSITION_HOST_BAG	56	109.201545222047	29
VOYNICH_REFERENCE	4	HELD_PHYSICAL_FOLIO	f19	LATENT_HOST_CLASS	56	139.463592068156	16
VOYNICH_REFERENCE	4	HELD_PHYSICAL_FOLIO	f2	POSITION_CONTEXT	71	154.114184460916	34
VOYNICH_REFERENCE	4	HELD_PHYSICAL_FOLIO	f2	OTHER_POSITION_HOST_BAG	71	173.056089894640	24
VOYNICH_REFERENCE	4	HELD_PHYSICAL_FOLIO	f2	LATENT_HOST_CLASS	71	188.437696144326	17
VOYNICH_REFERENCE	4	HELD_PHYSICAL_FOLIO	f20	POSITION_CONTEXT	59	142.969630090042	27
VOYNICH_REFERENCE	4	HELD_PHYSICAL_FOLIO	f20	OTHER_POSITION_HOST_BAG	59	151.387160960074	26
VOYNICH_REFERENCE	4	HELD_PHYSICAL_FOLIO	f20	LATENT_HOST_CLASS	59	175.454687813697	11
VOYNICH_REFERENCE	4	HELD_PHYSICAL_FOLIO	f21	POSITION_CONTEXT	52	102.060860739729	31
VOYNICH_REFERENCE	4	HELD_PHYSICAL_FOLIO	f21	OTHER_POSITION_HOST_BAG	52	108.416542448701	22
VOYNICH_REFERENCE	4	HELD_PHYSICAL_FOLIO	f21	LATENT_HOST_CLASS	52	148.494153664929	8
VOYNICH_REFERENCE	4	HELD_PHYSICAL_FOLIO	f22	POSITION_CONTEXT	62	119.591652761764	34
VOYNICH_REFERENCE	4	HELD_PHYSICAL_FOLIO	f22	OTHER_POSITION_HOST_BAG	62	119.329229984991	35
VOYNICH_REFERENCE	4	HELD_PHYSICAL_FOLIO	f22	LATENT_HOST_CLASS	62	150.260517722906	25
VOYNICH_REFERENCE	4	HELD_PHYSICAL_FOLIO	f23	POSITION_CONTEXT	46	97.737594266113	23
VOYNICH_REFERENCE	4	HELD_PHYSICAL_FOLIO	f23	OTHER_POSITION_HOST_BAG	46	93.285999077025	23
VOYNICH_REFERENCE	4	HELD_PHYSICAL_FOLIO	f23	LATENT_HOST_CLASS	46	108.901982501998	17
VOYNICH_REFERENCE	4	HELD_PHYSICAL_FOLIO	f24	POSITION_CONTEXT	45	92.168186333649	22
VOYNICH_REFERENCE	4	HELD_PHYSICAL_FOLIO	f24	OTHER_POSITION_HOST_BAG	45	96.641477528188	18
VOYNICH_REFERENCE	4	HELD_PHYSICAL_FOLIO	f24	LATENT_HOST_CLASS	45	104.833370535659	17
VOYNICH_REFERENCE	4	HELD_PHYSICAL_FOLIO	f25	POSITION_CONTEXT	25	38.721723580819	15
VOYNICH_REFERENCE	4	HELD_PHYSICAL_FOLIO	f25	OTHER_POSITION_HOST_BAG	25	42.464254529740	12
VOYNICH_REFERENCE	4	HELD_PHYSICAL_FOLIO	f25	LATENT_HOST_CLASS	25	54.642820126247	8
VOYNICH_REFERENCE	4	HELD_PHYSICAL_FOLIO	f26	POSITION_CONTEXT	34	71.500753952731	23
VOYNICH_REFERENCE	4	HELD_PHYSICAL_FOLIO	f26	OTHER_POSITION_HOST_BAG	34	63.032492581372	19
VOYNICH_REFERENCE	4	HELD_PHYSICAL_FOLIO	f26	LATENT_HOST_CLASS	34	83.214161759152	16
VOYNICH_REFERENCE	4	HELD_PHYSICAL_FOLIO	f27	POSITION_CONTEXT	32	77.231632242325	14
VOYNICH_REFERENCE	4	HELD_PHYSICAL_FOLIO	f27	OTHER_POSITION_HOST_BAG	32	85.393690856376	13
VOYNICH_REFERENCE	4	HELD_PHYSICAL_FOLIO	f27	LATENT_HOST_CLASS	32	88.032598097348	8
VOYNICH_REFERENCE	4	HELD_PHYSICAL_FOLIO	f28	POSITION_CONTEXT	65	142.086106906143	29
VOYNICH_REFERENCE	4	HELD_PHYSICAL_FOLIO	f28	OTHER_POSITION_HOST_BAG	65	142.423791790727	25
VOYNICH_REFERENCE	4	HELD_PHYSICAL_FOLIO	f28	LATENT_HOST_CLASS	65	168.423611442619	17
VOYNICH_REFERENCE	4	HELD_PHYSICAL_FOLIO	f29	POSITION_CONTEXT	38	97.650785199999	12
VOYNICH_REFERENCE	4	HELD_PHYSICAL_FOLIO	f29	OTHER_POSITION_HOST_BAG	38	101.533543236524	14
VOYNICH_REFERENCE	4	HELD_PHYSICAL_FOLIO	f29	LATENT_HOST_CLASS	38	110.318484300067	6
VOYNICH_REFERENCE	4	HELD_PHYSICAL_FOLIO	f3	POSITION_CONTEXT	58	119.803381520823	27
VOYNICH_REFERENCE	4	HELD_PHYSICAL_FOLIO	f3	OTHER_POSITION_HOST_BAG	58	126.020253462452	27
VOYNICH_REFERENCE	4	HELD_PHYSICAL_FOLIO	f3	LATENT_HOST_CLASS	58	145.455201607514	21
VOYNICH_REFERENCE	4	HELD_PHYSICAL_FOLIO	f30	POSITION_CONTEXT	53	108.555037321281	29
VOYNICH_REFERENCE	4	HELD_PHYSICAL_FOLIO	f30	OTHER_POSITION_HOST_BAG	53	119.220912594326	25
VOYNICH_REFERENCE	4	HELD_PHYSICAL_FOLIO	f30	LATENT_HOST_CLASS	53	138.312106973720	13
VOYNICH_REFERENCE	4	HELD_PHYSICAL_FOLIO	f31	POSITION_CONTEXT	23	62.042567119022	7
VOYNICH_REFERENCE	4	HELD_PHYSICAL_FOLIO	f31	OTHER_POSITION_HOST_BAG	23	55.903176721998	7
VOYNICH_REFERENCE	4	HELD_PHYSICAL_FOLIO	f31	LATENT_HOST_CLASS	23	65.300676163082	8
VOYNICH_REFERENCE	4	HELD_PHYSICAL_FOLIO	f32	POSITION_CONTEXT	54	112.129586302246	29
VOYNICH_REFERENCE	4	HELD_PHYSICAL_FOLIO	f32	OTHER_POSITION_HOST_BAG	54	108.474679458691	33
VOYNICH_REFERENCE	4	HELD_PHYSICAL_FOLIO	f32	LATENT_HOST_CLASS	54	142.646848256374	13
VOYNICH_REFERENCE	4	HELD_PHYSICAL_FOLIO	f33	POSITION_CONTEXT	22	41.274777859592	14
VOYNICH_REFERENCE	4	HELD_PHYSICAL_FOLIO	f33	OTHER_POSITION_HOST_BAG	22	47.085143883767	8
VOYNICH_REFERENCE	4	HELD_PHYSICAL_FOLIO	f33	LATENT_HOST_CLASS	22	44.100496199310	13
VOYNICH_REFERENCE	4	HELD_PHYSICAL_FOLIO	f34	POSITION_CONTEXT	71	158.040603551745	35
VOYNICH_REFERENCE	4	HELD_PHYSICAL_FOLIO	f34	OTHER_POSITION_HOST_BAG	71	140.768901858637	35
VOYNICH_REFERENCE	4	HELD_PHYSICAL_FOLIO	f34	LATENT_HOST_CLASS	71	168.320482813151	30
VOYNICH_REFERENCE	4	HELD_PHYSICAL_FOLIO	f35	POSITION_CONTEXT	81	190.061655519002	33
VOYNICH_REFERENCE	4	HELD_PHYSICAL_FOLIO	f35	OTHER_POSITION_HOST_BAG	81	193.353506153971	32
VOYNICH_REFERENCE	4	HELD_PHYSICAL_FOLIO	f35	LATENT_HOST_CLASS	81	207.888061616289	23
VOYNICH_REFERENCE	4	HELD_PHYSICAL_FOLIO	f36	POSITION_CONTEXT	43	78.086300512939	25
VOYNICH_REFERENCE	4	HELD_PHYSICAL_FOLIO	f36	OTHER_POSITION_HOST_BAG	43	78.184257272089	22
VOYNICH_REFERENCE	4	HELD_PHYSICAL_FOLIO	f36	LATENT_HOST_CLASS	43	97.987154851049	17
VOYNICH_REFERENCE	4	HELD_PHYSICAL_FOLIO	f37	POSITION_CONTEXT	42	89.650495205526	19
VOYNICH_REFERENCE	4	HELD_PHYSICAL_FOLIO	f37	OTHER_POSITION_HOST_BAG	42	99.367555445406	21
VOYNICH_REFERENCE	4	HELD_PHYSICAL_FOLIO	f37	LATENT_HOST_CLASS	42	116.784449230829	11
VOYNICH_REFERENCE	4	HELD_PHYSICAL_FOLIO	f38	POSITION_CONTEXT	36	70.437314201116	21
VOYNICH_REFERENCE	4	HELD_PHYSICAL_FOLIO	f38	OTHER_POSITION_HOST_BAG	36	78.746973404234	20
VOYNICH_REFERENCE	4	HELD_PHYSICAL_FOLIO	f38	LATENT_HOST_CLASS	36	93.876807439494	10
VOYNICH_REFERENCE	4	HELD_PHYSICAL_FOLIO	f39	POSITION_CONTEXT	39	82.273722425002	19
VOYNICH_REFERENCE	4	HELD_PHYSICAL_FOLIO	f39	OTHER_POSITION_HOST_BAG	39	74.576205868938	19
VOYNICH_REFERENCE	4	HELD_PHYSICAL_FOLIO	f39	LATENT_HOST_CLASS	39	94.093887399585	17
VOYNICH_REFERENCE	4	HELD_PHYSICAL_FOLIO	f4	POSITION_CONTEXT	43	87.706503800933	23
VOYNICH_REFERENCE	4	HELD_PHYSICAL_FOLIO	f4	OTHER_POSITION_HOST_BAG	43	102.607633614572	17
VOYNICH_REFERENCE	4	HELD_PHYSICAL_FOLIO	f4	LATENT_HOST_CLASS	43	106.369111608726	14
VOYNICH_REFERENCE	4	HELD_PHYSICAL_FOLIO	f40	POSITION_CONTEXT	55	113.658700181291	35
VOYNICH_REFERENCE	4	HELD_PHYSICAL_FOLIO	f40	OTHER_POSITION_HOST_BAG	55	106.342878642231	34
VOYNICH_REFERENCE	4	HELD_PHYSICAL_FOLIO	f40	LATENT_HOST_CLASS	55	118.521164220544	34
VOYNICH_REFERENCE	4	HELD_PHYSICAL_FOLIO	f41	POSITION_CONTEXT	9	22.168186389632	4
VOYNICH_REFERENCE	4	HELD_PHYSICAL_FOLIO	f41	OTHER_POSITION_HOST_BAG	9	21.068596090384	4
VOYNICH_REFERENCE	4	HELD_PHYSICAL_FOLIO	f41	LATENT_HOST_CLASS	9	23.084831593573	5
VOYNICH_REFERENCE	4	HELD_PHYSICAL_FOLIO	f42	POSITION_CONTEXT	70	152.030074905942	36
VOYNICH_REFERENCE	4	HELD_PHYSICAL_FOLIO	f42	OTHER_POSITION_HOST_BAG	70	185.568519434835	30
VOYNICH_REFERENCE	4	HELD_PHYSICAL_FOLIO	f42	LATENT_HOST_CLASS	70	200.262260885302	16
VOYNICH_REFERENCE	4	HELD_PHYSICAL_FOLIO	f43	POSITION_CONTEXT	49	118.338192473911	22
VOYNICH_REFERENCE	4	HELD_PHYSICAL_FOLIO	f43	OTHER_POSITION_HOST_BAG	49	103.493995155539	23
VOYNICH_REFERENCE	4	HELD_PHYSICAL_FOLIO	f43	LATENT_HOST_CLASS	49	124.674557528324	21
VOYNICH_REFERENCE	4	HELD_PHYSICAL_FOLIO	f44	POSITION_CONTEXT	22	51.042729345212	11
VOYNICH_REFERENCE	4	HELD_PHYSICAL_FOLIO	f44	OTHER_POSITION_HOST_BAG	22	41.432765910821	13
VOYNICH_REFERENCE	4	HELD_PHYSICAL_FOLIO	f44	LATENT_HOST_CLASS	22	52.205875562671	9
VOYNICH_REFERENCE	4	HELD_PHYSICAL_FOLIO	f45	POSITION_CONTEXT	51	106.586959353864	30
VOYNICH_REFERENCE	4	HELD_PHYSICAL_FOLIO	f45	OTHER_POSITION_HOST_BAG	51	102.101492800668	24
VOYNICH_REFERENCE	4	HELD_PHYSICAL_FOLIO	f45	LATENT_HOST_CLASS	51	117.403894917730	22
VOYNICH_REFERENCE	4	HELD_PHYSICAL_FOLIO	f46	POSITION_CONTEXT	42	101.374087966762	16
VOYNICH_REFERENCE	4	HELD_PHYSICAL_FOLIO	f46	OTHER_POSITION_HOST_BAG	42	85.946166259679	17
VOYNICH_REFERENCE	4	HELD_PHYSICAL_FOLIO	f46	LATENT_HOST_CLASS	42	109.028152709467	16
VOYNICH_REFERENCE	4	HELD_PHYSICAL_FOLIO	f47	POSITION_CONTEXT	70	183.033358457056	27
VOYNICH_REFERENCE	4	HELD_PHYSICAL_FOLIO	f47	OTHER_POSITION_HOST_BAG	70	194.803404757822	19
VOYNICH_REFERENCE	4	HELD_PHYSICAL_FOLIO	f47	LATENT_HOST_CLASS	70	203.188730901458	17
VOYNICH_REFERENCE	4	HELD_PHYSICAL_FOLIO	f48	POSITION_CONTEXT	49	115.040076870317	27
VOYNICH_REFERENCE	4	HELD_PHYSICAL_FOLIO	f48	OTHER_POSITION_HOST_BAG	49	101.144140098796	28
VOYNICH_REFERENCE	4	HELD_PHYSICAL_FOLIO	f48	LATENT_HOST_CLASS	49	113.889464331796	25
VOYNICH_REFERENCE	4	HELD_PHYSICAL_FOLIO	f49	POSITION_CONTEXT	68	159.544198115635	24
VOYNICH_REFERENCE	4	HELD_PHYSICAL_FOLIO	f49	OTHER_POSITION_HOST_BAG	68	159.009021337559	21
VOYNICH_REFERENCE	4	HELD_PHYSICAL_FOLIO	f49	LATENT_HOST_CLASS	68	189.514490861002	12
VOYNICH_REFERENCE	4	HELD_PHYSICAL_FOLIO	f5	POSITION_CONTEXT	19	39.292201102836	10
VOYNICH_REFERENCE	4	HELD_PHYSICAL_FOLIO	f5	OTHER_POSITION_HOST_BAG	19	43.324865128792	10
VOYNICH_REFERENCE	4	HELD_PHYSICAL_FOLIO	f5	LATENT_HOST_CLASS	19	52.925997824399	4
VOYNICH_REFERENCE	4	HELD_PHYSICAL_FOLIO	f50	POSITION_CONTEXT	51	111.002238437258	25
VOYNICH_REFERENCE	4	HELD_PHYSICAL_FOLIO	f50	OTHER_POSITION_HOST_BAG	51	101.695105104574	23
VOYNICH_REFERENCE	4	HELD_PHYSICAL_FOLIO	f50	LATENT_HOST_CLASS	51	109.759206328733	27
VOYNICH_REFERENCE	4	HELD_PHYSICAL_FOLIO	f51	POSITION_CONTEXT	47	108.298327141490	21
VOYNICH_REFERENCE	4	HELD_PHYSICAL_FOLIO	f51	OTHER_POSITION_HOST_BAG	47	87.873971272822	25
VOYNICH_REFERENCE	4	HELD_PHYSICAL_FOLIO	f51	LATENT_HOST_CLASS	47	119.040209767015	15
VOYNICH_REFERENCE	4	HELD_PHYSICAL_FOLIO	f52	POSITION_CONTEXT	36	68.514623711837	22
VOYNICH_REFERENCE	4	HELD_PHYSICAL_FOLIO	f52	OTHER_POSITION_HOST_BAG	36	72.890226610639	15
VOYNICH_REFERENCE	4	HELD_PHYSICAL_FOLIO	f52	LATENT_HOST_CLASS	36	72.632444111122	19
VOYNICH_REFERENCE	4	HELD_PHYSICAL_FOLIO	f53	POSITION_CONTEXT	12	20.759294773987	8
VOYNICH_REFERENCE	4	HELD_PHYSICAL_FOLIO	f53	OTHER_POSITION_HOST_BAG	12	24.912304866597	6
VOYNICH_REFERENCE	4	HELD_PHYSICAL_FOLIO	f53	LATENT_HOST_CLASS	12	26.325193173460	5
VOYNICH_REFERENCE	4	HELD_PHYSICAL_FOLIO	f54	POSITION_CONTEXT	12	20.047110535925	8
VOYNICH_REFERENCE	4	HELD_PHYSICAL_FOLIO	f54	OTHER_POSITION_HOST_BAG	12	25.841721700138	4
VOYNICH_REFERENCE	4	HELD_PHYSICAL_FOLIO	f54	LATENT_HOST_CLASS	12	24.252931307910	5
VOYNICH_REFERENCE	4	HELD_PHYSICAL_FOLIO	f55	POSITION_CONTEXT	32	60.854102369050	20
VOYNICH_REFERENCE	4	HELD_PHYSICAL_FOLIO	f55	OTHER_POSITION_HOST_BAG	32	60.494816873113	17
VOYNICH_REFERENCE	4	HELD_PHYSICAL_FOLIO	f55	LATENT_HOST_CLASS	32	65.424295430233	20
VOYNICH_REFERENCE	4	HELD_PHYSICAL_FOLIO	f56	POSITION_CONTEXT	58	122.090624140520	31
VOYNICH_REFERENCE	4	HELD_PHYSICAL_FOLIO	f56	OTHER_POSITION_HOST_BAG	58	134.883836900465	24
VOYNICH_REFERENCE	4	HELD_PHYSICAL_FOLIO	f56	LATENT_HOST_CLASS	58	153.183784916963	15
VOYNICH_REFERENCE	4	HELD_PHYSICAL_FOLIO	f58	POSITION_CONTEXT	134	341.784504422372	55
VOYNICH_REFERENCE	4	HELD_PHYSICAL_FOLIO	f58	OTHER_POSITION_HOST_BAG	134	306.087261220931	57
VOYNICH_REFERENCE	4	HELD_PHYSICAL_FOLIO	f58	LATENT_HOST_CLASS	134	336.193610975362	53
VOYNICH_REFERENCE	4	HELD_PHYSICAL_FOLIO	f6	POSITION_CONTEXT	52	71.301864786242	40
VOYNICH_REFERENCE	4	HELD_PHYSICAL_FOLIO	f6	OTHER_POSITION_HOST_BAG	52	84.592276229514	29
VOYNICH_REFERENCE	4	HELD_PHYSICAL_FOLIO	f6	LATENT_HOST_CLASS	52	101.950261186750	25
VOYNICH_REFERENCE	4	HELD_PHYSICAL_FOLIO	f66	POSITION_CONTEXT	65	174.649858600110	18
VOYNICH_REFERENCE	4	HELD_PHYSICAL_FOLIO	f66	OTHER_POSITION_HOST_BAG	65	134.921674117321	30
VOYNICH_REFERENCE	4	HELD_PHYSICAL_FOLIO	f66	LATENT_HOST_CLASS	65	172.381229955742	21
VOYNICH_REFERENCE	4	HELD_PHYSICAL_FOLIO	f7	POSITION_CONTEXT	41	74.724015199240	23
VOYNICH_REFERENCE	4	HELD_PHYSICAL_FOLIO	f7	OTHER_POSITION_HOST_BAG	41	70.904834057427	22
VOYNICH_REFERENCE	4	HELD_PHYSICAL_FOLIO	f7	LATENT_HOST_CLASS	41	103.395063647742	11
VOYNICH_REFERENCE	4	HELD_PHYSICAL_FOLIO	f75	POSITION_CONTEXT	154	240.437643991641	101
VOYNICH_REFERENCE	4	HELD_PHYSICAL_FOLIO	f75	OTHER_POSITION_HOST_BAG	154	243.778277440301	105
VOYNICH_REFERENCE	4	HELD_PHYSICAL_FOLIO	f75	LATENT_HOST_CLASS	154	332.206619457512	70
VOYNICH_REFERENCE	4	HELD_PHYSICAL_FOLIO	f76	POSITION_CONTEXT	190	397.927254953770	79
VOYNICH_REFERENCE	4	HELD_PHYSICAL_FOLIO	f76	OTHER_POSITION_HOST_BAG	190	385.357603964169	96
VOYNICH_REFERENCE	4	HELD_PHYSICAL_FOLIO	f76	LATENT_HOST_CLASS	190	491.584835336071	55
VOYNICH_REFERENCE	4	HELD_PHYSICAL_FOLIO	f77	POSITION_CONTEXT	211	382.528546322886	110
VOYNICH_REFERENCE	4	HELD_PHYSICAL_FOLIO	f77	OTHER_POSITION_HOST_BAG	211	368.286852944179	125
VOYNICH_REFERENCE	4	HELD_PHYSICAL_FOLIO	f77	LATENT_HOST_CLASS	211	521.954570376620	69
VOYNICH_REFERENCE	4	HELD_PHYSICAL_FOLIO	f78	POSITION_CONTEXT	183	314.804220415003	100
VOYNICH_REFERENCE	4	HELD_PHYSICAL_FOLIO	f78	OTHER_POSITION_HOST_BAG	183	300.051617474747	119
VOYNICH_REFERENCE	4	HELD_PHYSICAL_FOLIO	f78	LATENT_HOST_CLASS	183	413.964977213335	77
VOYNICH_REFERENCE	4	HELD_PHYSICAL_FOLIO	f79	POSITION_CONTEXT	238	411.563000785553	137
VOYNICH_REFERENCE	4	HELD_PHYSICAL_FOLIO	f79	OTHER_POSITION_HOST_BAG	238	423.334503980876	141
VOYNICH_REFERENCE	4	HELD_PHYSICAL_FOLIO	f79	LATENT_HOST_CLASS	238	508.035427200330	109
VOYNICH_REFERENCE	4	HELD_PHYSICAL_FOLIO	f8	POSITION_CONTEXT	40	74.508528595883	25
VOYNICH_REFERENCE	4	HELD_PHYSICAL_FOLIO	f8	OTHER_POSITION_HOST_BAG	40	84.310222809994	20
VOYNICH_REFERENCE	4	HELD_PHYSICAL_FOLIO	f8	LATENT_HOST_CLASS	40	98.816135550942	16
VOYNICH_REFERENCE	4	HELD_PHYSICAL_FOLIO	f80	POSITION_CONTEXT	217	376.581202897245	132
VOYNICH_REFERENCE	4	HELD_PHYSICAL_FOLIO	f80	OTHER_POSITION_HOST_BAG	217	366.048356482189	142
VOYNICH_REFERENCE	4	HELD_PHYSICAL_FOLIO	f80	LATENT_HOST_CLASS	217	477.563205474321	100
VOYNICH_REFERENCE	4	HELD_PHYSICAL_FOLIO	f81	POSITION_CONTEXT	140	252.383726126882	77
VOYNICH_REFERENCE	4	HELD_PHYSICAL_FOLIO	f81	OTHER_POSITION_HOST_BAG	140	243.910536337570	89
VOYNICH_REFERENCE	4	HELD_PHYSICAL_FOLIO	f81	LATENT_HOST_CLASS	140	308.268510697077	71
VOYNICH_REFERENCE	4	HELD_PHYSICAL_FOLIO	f82	POSITION_CONTEXT	147	235.072739447449	89
VOYNICH_REFERENCE	4	HELD_PHYSICAL_FOLIO	f82	OTHER_POSITION_HOST_BAG	147	225.964337705973	97
VOYNICH_REFERENCE	4	HELD_PHYSICAL_FOLIO	f82	LATENT_HOST_CLASS	147	326.148359070828	60
VOYNICH_REFERENCE	4	HELD_PHYSICAL_FOLIO	f83	POSITION_CONTEXT	244	483.796545854444	122
VOYNICH_REFERENCE	4	HELD_PHYSICAL_FOLIO	f83	OTHER_POSITION_HOST_BAG	244	485.702663328470	136
VOYNICH_REFERENCE	4	HELD_PHYSICAL_FOLIO	f83	LATENT_HOST_CLASS	244	653.114969474557	71
VOYNICH_REFERENCE	4	HELD_PHYSICAL_FOLIO	f85	POSITION_CONTEXT	80	211.361407502261	29
VOYNICH_REFERENCE	4	HELD_PHYSICAL_FOLIO	f85	OTHER_POSITION_HOST_BAG	80	174.656856265663	38
VOYNICH_REFERENCE	4	HELD_PHYSICAL_FOLIO	f85	LATENT_HOST_CLASS	80	217.618591527440	28
VOYNICH_REFERENCE	4	HELD_PHYSICAL_FOLIO	f86	POSITION_CONTEXT	241	533.562651801548	129
VOYNICH_REFERENCE	4	HELD_PHYSICAL_FOLIO	f86	OTHER_POSITION_HOST_BAG	241	484.369728998943	126
VOYNICH_REFERENCE	4	HELD_PHYSICAL_FOLIO	f86	LATENT_HOST_CLASS	241	538.806190373163	129
VOYNICH_REFERENCE	4	HELD_PHYSICAL_FOLIO	f87	POSITION_CONTEXT	24	57.239770358048	9
VOYNICH_REFERENCE	4	HELD_PHYSICAL_FOLIO	f87	OTHER_POSITION_HOST_BAG	24	60.321414253689	8
VOYNICH_REFERENCE	4	HELD_PHYSICAL_FOLIO	f87	LATENT_HOST_CLASS	24	66.428359556392	8
VOYNICH_REFERENCE	4	HELD_PHYSICAL_FOLIO	f88	POSITION_CONTEXT	58	145.245878947124	20
VOYNICH_REFERENCE	4	HELD_PHYSICAL_FOLIO	f88	OTHER_POSITION_HOST_BAG	58	142.065792462012	20
VOYNICH_REFERENCE	4	HELD_PHYSICAL_FOLIO	f88	LATENT_HOST_CLASS	58	156.847124500968	21
VOYNICH_REFERENCE	4	HELD_PHYSICAL_FOLIO	f89	POSITION_CONTEXT	53	130.762811591076	18
VOYNICH_REFERENCE	4	HELD_PHYSICAL_FOLIO	f89	OTHER_POSITION_HOST_BAG	53	110.632536737924	27
VOYNICH_REFERENCE	4	HELD_PHYSICAL_FOLIO	f89	LATENT_HOST_CLASS	53	142.076055361431	16
VOYNICH_REFERENCE	4	HELD_PHYSICAL_FOLIO	f9	POSITION_CONTEXT	61	112.554992925494	35
VOYNICH_REFERENCE	4	HELD_PHYSICAL_FOLIO	f9	OTHER_POSITION_HOST_BAG	61	123.191061503374	26
VOYNICH_REFERENCE	4	HELD_PHYSICAL_FOLIO	f9	LATENT_HOST_CLASS	61	145.969114012971	23
VOYNICH_REFERENCE	4	HELD_PHYSICAL_FOLIO	f90	POSITION_CONTEXT	15	30.836291880965	8
VOYNICH_REFERENCE	4	HELD_PHYSICAL_FOLIO	f90	OTHER_POSITION_HOST_BAG	15	25.671742050710	10
VOYNICH_REFERENCE	4	HELD_PHYSICAL_FOLIO	f90	LATENT_HOST_CLASS	15	32.612981965490	5
VOYNICH_REFERENCE	4	HELD_PHYSICAL_FOLIO	f93	POSITION_CONTEXT	63	139.292461289140	25
VOYNICH_REFERENCE	4	HELD_PHYSICAL_FOLIO	f93	OTHER_POSITION_HOST_BAG	63	133.961065617402	30
VOYNICH_REFERENCE	4	HELD_PHYSICAL_FOLIO	f93	LATENT_HOST_CLASS	63	153.541515421903	21
VOYNICH_REFERENCE	4	HELD_PHYSICAL_FOLIO	f94	POSITION_CONTEXT	40	77.011051411992	24
VOYNICH_REFERENCE	4	HELD_PHYSICAL_FOLIO	f94	OTHER_POSITION_HOST_BAG	40	76.524674489374	18
VOYNICH_REFERENCE	4	HELD_PHYSICAL_FOLIO	f94	LATENT_HOST_CLASS	40	88.247183393865	19
VOYNICH_REFERENCE	4	HELD_PHYSICAL_FOLIO	f95	POSITION_CONTEXT	134	306.025848725960	62
VOYNICH_REFERENCE	4	HELD_PHYSICAL_FOLIO	f95	OTHER_POSITION_HOST_BAG	134	275.122732973094	63
VOYNICH_REFERENCE	4	HELD_PHYSICAL_FOLIO	f95	LATENT_HOST_CLASS	134	319.142640392327	60
VOYNICH_REFERENCE	4	HELD_PHYSICAL_FOLIO	f96	POSITION_CONTEXT	44	118.704788111163	18
VOYNICH_REFERENCE	4	HELD_PHYSICAL_FOLIO	f96	OTHER_POSITION_HOST_BAG	44	110.494005563243	21
VOYNICH_REFERENCE	4	HELD_PHYSICAL_FOLIO	f96	LATENT_HOST_CLASS	44	115.037554409886	14
VOYNICH_REFERENCE	4	HELD_PHYSICAL_FOLIO	f99	POSITION_CONTEXT	53	109.076879699049	32
VOYNICH_REFERENCE	4	HELD_PHYSICAL_FOLIO	f99	OTHER_POSITION_HOST_BAG	53	92.644008760146	32
VOYNICH_REFERENCE	4	HELD_PHYSICAL_FOLIO	f99	LATENT_HOST_CLASS	53	115.715801728800	26
