unified_id	section	page	record_or_locus	case_ids	surface	local_identity	semantic_component_parse	workshop_role_de	owner_or_namespace_de	case_material_or_label_policy_de	architecture_role	learning_mode	required_for_case	orientation	cross_page_key
PROSE:E001	PROSE_CASE	f10r	H1	C1	dchey	PROC001	CH+E+Y	ABNEHMEN · KURZ · ARBEITSPOSTEN	abgebildete breit gezähnte radialblütige Pflanze	waessriger Grundauszug der H1-Bildpflanze	CASE_PREPARATION_OR_APPLICATION_COMMAND	39_WORD_COMPOSITION_OR_173_LEARNED_CARD	YES	NOT_APPLICABLE	NONE
PROSE:E002	PROSE_CASE	f10r	H1	C1	cthoor	PROC002	CTH+O+OR	BEREIT · ARBEITSGANG · ANSATZ	abgebildete breit gezähnte radialblütige Pflanze	waessriger Grundauszug der H1-Bildpflanze	CASE_PREPARATION_OR_APPLICATION_COMMAND	39_WORD_COMPOSITION_OR_173_LEARNED_CARD	YES	NOT_APPLICABLE	NONE
PROSE:E003	PROSE_CASE	f10r	H1	C1	char	PROC003	AR	VORRAT	abgebildete breit gezähnte radialblütige Pflanze	waessriger Grundauszug der H1-Bildpflanze	CASE_PREPARATION_OR_APPLICATION_COMMAND	39_WORD_COMPOSITION_OR_173_LEARNED_CARD	YES	NOT_APPLICABLE	NONE
PROSE:E004	PROSE_CASE	f10r	H1	C1	chty	PROC004	T+Y	EINTRAGEN · ARBEITSPOSTEN	abgebildete breit gezähnte radialblütige Pflanze	waessriger Grundauszug der H1-Bildpflanze	CASE_PREPARATION_OR_APPLICATION_COMMAND	39_WORD_COMPOSITION_OR_173_LEARNED_CARD	YES	NOT_APPLICABLE	NONE
PROSE:E005	PROSE_CASE	f10r	H1	C1	os	PROC005	OS	ARBEITSFACH	abgebildete breit gezähnte radialblütige Pflanze	waessriger Grundauszug der H1-Bildpflanze	CASE_PREPARATION_OR_APPLICATION_COMMAND	39_WORD_COMPOSITION_OR_173_LEARNED_CARD	YES	NOT_APPLICABLE	NONE
PROSE:E006	PROSE_CASE	f10r	H1	C1	chair	PROC006	CH+AIR	ABNEHMEN · FLUESSIGKEITSLAUF	abgebildete breit gezähnte radialblütige Pflanze	waessriger Grundauszug der H1-Bildpflanze	CASE_PREPARATION_OR_APPLICATION_COMMAND	39_WORD_COMPOSITION_OR_173_LEARNED_CARD	YES	NOT_APPLICABLE	NONE
PROSE:E007	PROSE_CASE	f10r	H1	C1	otytchol	PROC007	OT+Y+T+CH+OL	DANACH [ARBEITSPOSTEN EINTRAGEN · ABNEHMEN] FORTSETZEN	abgebildete breit gezähnte radialblütige Pflanze	waessriger Grundauszug der H1-Bildpflanze	CASE_PREPARATION_OR_APPLICATION_COMMAND	39_WORD_COMPOSITION_OR_173_LEARNED_CARD	YES	NOT_APPLICABLE	NONE
PROSE:E008	PROSE_CASE	f10r	H1	C1	oky	PROC008	OK+Y	ANSETZEN · ARBEITSPOSTEN	abgebildete breit gezähnte radialblütige Pflanze	waessriger Grundauszug der H1-Bildpflanze	CASE_PREPARATION_OR_APPLICATION_COMMAND	39_WORD_COMPOSITION_OR_173_LEARNED_CARD	YES	NOT_APPLICABLE	NONE
PROSE:E009	PROSE_CASE	f10r	H1	C1	daiin	PROC009	AIIN	SOLLMASS	abgebildete breit gezähnte radialblütige Pflanze	waessriger Grundauszug der H1-Bildpflanze	CASE_PREPARATION_OR_APPLICATION_COMMAND	39_WORD_COMPOSITION_OR_173_LEARNED_CARD	YES	NOT_APPLICABLE	NONE
PROSE:E010	PROSE_CASE	f10r	H1	C1	etyd	PROC010	E+T+Y	KURZ · EINTRAGEN · ARBEITSPOSTEN	abgebildete breit gezähnte radialblütige Pflanze	waessriger Grundauszug der H1-Bildpflanze	CASE_PREPARATION_OR_APPLICATION_COMMAND	39_WORD_COMPOSITION_OR_173_LEARNED_CARD	YES	NOT_APPLICABLE	NONE
PROSE:E011	PROSE_CASE	f10r	H1	C1	qokchy	PROC011	OK+Y	ANSETZEN · ARBEITSPOSTEN	abgebildete breit gezähnte radialblütige Pflanze	waessriger Grundauszug der H1-Bildpflanze	CASE_PREPARATION_OR_APPLICATION_COMMAND	39_WORD_COMPOSITION_OR_173_LEARNED_CARD	YES	NOT_APPLICABLE	NONE
PROSE:E012	PROSE_CASE	f10r	H1	C1	qotchol	PROC012	OT+CH+OL	DANACH · ABNEHMEN · FORTSETZEN	abgebildete breit gezähnte radialblütige Pflanze	waessriger Grundauszug der H1-Bildpflanze	CASE_PREPARATION_OR_APPLICATION_COMMAND	39_WORD_COMPOSITION_OR_173_LEARNED_CARD	YES	NOT_APPLICABLE	NONE
PROSE:E013	PROSE_CASE	f10r	H1	C1	chol	PROC013	OL	FORTSETZEN	abgebildete breit gezähnte radialblütige Pflanze	waessriger Grundauszug der H1-Bildpflanze	CASE_PREPARATION_OR_APPLICATION_COMMAND	39_WORD_COMPOSITION_OR_173_LEARNED_CARD	YES	NOT_APPLICABLE	NONE
PROSE:E014	PROSE_CASE	f10r	H1	C1	cthy	PROC014	CTH+Y	BEREIT · ARBEITSPOSTEN	abgebildete breit gezähnte radialblütige Pflanze	waessriger Grundauszug der H1-Bildpflanze	CASE_PREPARATION_OR_APPLICATION_COMMAND	39_WORD_COMPOSITION_OR_173_LEARNED_CARD	YES	NOT_APPLICABLE	NONE
PROSE:E015	PROSE_CASE	f10r	H2	C2	ycheor	PROC015	Y+CH+E+OR	ARBEITSPOSTEN · ABNEHMEN · KURZ · ANSATZ	abgebildete breit gezähnte radialblütige Pflanze	staerkerer Nach- oder Spuelauszug der H2-Bildpflanze	CASE_PREPARATION_OR_APPLICATION_COMMAND	39_WORD_COMPOSITION_OR_173_LEARNED_CARD	YES	NOT_APPLICABLE	NONE
PROSE:E016	PROSE_CASE	f10r	H2	C2	cthy	PROC014	CTH+Y	BEREIT · ARBEITSPOSTEN	abgebildete breit gezähnte radialblütige Pflanze	staerkerer Nach- oder Spuelauszug der H2-Bildpflanze	CASE_PREPARATION_OR_APPLICATION_COMMAND	39_WORD_COMPOSITION_OR_173_LEARNED_CARD	YES	NOT_APPLICABLE	NONE
PROSE:E017	PROSE_CASE	f10r	H2	C2	chor	PROC016	OR	ANSATZ	abgebildete breit gezähnte radialblütige Pflanze	staerkerer Nach- oder Spuelauszug der H2-Bildpflanze	CASE_PREPARATION_OR_APPLICATION_COMMAND	39_WORD_COMPOSITION_OR_173_LEARNED_CARD	YES	NOT_APPLICABLE	NONE
PROSE:E018	PROSE_CASE	f10r	H2	C2	cthaiin	PROC017	CTH+AIIN	BEREIT · SOLLMASS	abgebildete breit gezähnte radialblütige Pflanze	staerkerer Nach- oder Spuelauszug der H2-Bildpflanze	CASE_PREPARATION_OR_APPLICATION_COMMAND	39_WORD_COMPOSITION_OR_173_LEARNED_CARD	YES	NOT_APPLICABLE	NONE
PROSE:E019	PROSE_CASE	f10r	H2	C2	qoctholy	PROC018	O+CTH+OL+Y	ARBEITSGANG · BEREIT · FORTSETZEN · ARBEITSPOSTEN	abgebildete breit gezähnte radialblütige Pflanze	staerkerer Nach- oder Spuelauszug der H2-Bildpflanze	CASE_PREPARATION_OR_APPLICATION_COMMAND	39_WORD_COMPOSITION_OR_173_LEARNED_CARD	YES	NOT_APPLICABLE	NONE
PROSE:E020	PROSE_CASE	f10r	H2	C2	dy	PROC019	Y	ARBEITSPOSTEN	abgebildete breit gezähnte radialblütige Pflanze	staerkerer Nach- oder Spuelauszug der H2-Bildpflanze	CASE_PREPARATION_OR_APPLICATION_COMMAND	39_WORD_COMPOSITION_OR_173_LEARNED_CARD	YES	NOT_APPLICABLE	NONE
PROSE:E021	PROSE_CASE	f10r	H2	C2	chy	PROC019	Y	ARBEITSPOSTEN	abgebildete breit gezähnte radialblütige Pflanze	staerkerer Nach- oder Spuelauszug der H2-Bildpflanze	CASE_PREPARATION_OR_APPLICATION_COMMAND	39_WORD_COMPOSITION_OR_173_LEARNED_CARD	YES	NOT_APPLICABLE	NONE
PROSE:E022	PROSE_CASE	f10r	H2	C2	taiin	PROC009	AIIN	SOLLMASS	abgebildete breit gezähnte radialblütige Pflanze	staerkerer Nach- oder Spuelauszug der H2-Bildpflanze	CASE_PREPARATION_OR_APPLICATION_COMMAND	39_WORD_COMPOSITION_OR_173_LEARNED_CARD	YES	NOT_APPLICABLE	NONE
PROSE:E023	PROSE_CASE	f10r	H2	C2	shy	PROC019	Y	ARBEITSPOSTEN	abgebildete breit gezähnte radialblütige Pflanze	staerkerer Nach- oder Spuelauszug der H2-Bildpflanze	CASE_PREPARATION_OR_APPLICATION_COMMAND	39_WORD_COMPOSITION_OR_173_LEARNED_CARD	YES	NOT_APPLICABLE	NONE
PROSE:E024	PROSE_CASE	f10r	H2	C2	qotchor	PROC020	OT+CH+OR	DANACH · ABNEHMEN · ANSATZ	abgebildete breit gezähnte radialblütige Pflanze	staerkerer Nach- oder Spuelauszug der H2-Bildpflanze	CASE_PREPARATION_OR_APPLICATION_COMMAND	39_WORD_COMPOSITION_OR_173_LEARNED_CARD	YES	NOT_APPLICABLE	NONE
PROSE:E025	PROSE_CASE	f10r	H2	C2	chor	PROC016	OR	ANSATZ	abgebildete breit gezähnte radialblütige Pflanze	staerkerer Nach- oder Spuelauszug der H2-Bildpflanze	CASE_PREPARATION_OR_APPLICATION_COMMAND	39_WORD_COMPOSITION_OR_173_LEARNED_CARD	YES	NOT_APPLICABLE	NONE
PROSE:E026	PROSE_CASE	f10r	H2	C2	otol	PROC021	OT+OL	DANACH · FORTSETZEN	abgebildete breit gezähnte radialblütige Pflanze	staerkerer Nach- oder Spuelauszug der H2-Bildpflanze	CASE_PREPARATION_OR_APPLICATION_COMMAND	39_WORD_COMPOSITION_OR_173_LEARNED_CARD	YES	NOT_APPLICABLE	NONE
PROSE:E027	PROSE_CASE	f10r	H2	C2	chol	PROC013	OL	FORTSETZEN	abgebildete breit gezähnte radialblütige Pflanze	staerkerer Nach- oder Spuelauszug der H2-Bildpflanze	CASE_PREPARATION_OR_APPLICATION_COMMAND	39_WORD_COMPOSITION_OR_173_LEARNED_CARD	YES	NOT_APPLICABLE	NONE
PROSE:E028	PROSE_CASE	f10r	H2	C2	cholor	PROC022	OL+OR	FORTSETZEN · ANSATZ	abgebildete breit gezähnte radialblütige Pflanze	staerkerer Nach- oder Spuelauszug der H2-Bildpflanze	CASE_PREPARATION_OR_APPLICATION_COMMAND	39_WORD_COMPOSITION_OR_173_LEARNED_CARD	YES	NOT_APPLICABLE	NONE
PROSE:E029	PROSE_CASE	f10r	H2	C2	chol	PROC013	OL	FORTSETZEN	abgebildete breit gezähnte radialblütige Pflanze	staerkerer Nach- oder Spuelauszug der H2-Bildpflanze	CASE_PREPARATION_OR_APPLICATION_COMMAND	39_WORD_COMPOSITION_OR_173_LEARNED_CARD	YES	NOT_APPLICABLE	NONE
PROSE:E030	PROSE_CASE	f10r	H2	C2	daiin	PROC009	AIIN	SOLLMASS	abgebildete breit gezähnte radialblütige Pflanze	staerkerer Nach- oder Spuelauszug der H2-Bildpflanze	CASE_PREPARATION_OR_APPLICATION_COMMAND	39_WORD_COMPOSITION_OR_173_LEARNED_CARD	YES	NOT_APPLICABLE	NONE
PROSE:E031	PROSE_CASE	f10r	H2	C2	dar	PROC003	AR	VORRAT	abgebildete breit gezähnte radialblütige Pflanze	staerkerer Nach- oder Spuelauszug der H2-Bildpflanze	CASE_PREPARATION_OR_APPLICATION_COMMAND	39_WORD_COMPOSITION_OR_173_LEARNED_CARD	YES	NOT_APPLICABLE	NONE
PROSE:E032	PROSE_CASE	f10r	H2	C2	oykchor	PROC023	O+Y+K+OR	ARBEITSGANG · ARBEITSPOSTEN · ZUDOSIEREN · ANSATZ	abgebildete breit gezähnte radialblütige Pflanze	staerkerer Nach- oder Spuelauszug der H2-Bildpflanze	CASE_PREPARATION_OR_APPLICATION_COMMAND	39_WORD_COMPOSITION_OR_173_LEARNED_CARD	YES	NOT_APPLICABLE	NONE
PROSE:E033	PROSE_CASE	f10r	H2	C2	shor	PROC016	OR	ANSATZ	abgebildete breit gezähnte radialblütige Pflanze	staerkerer Nach- oder Spuelauszug der H2-Bildpflanze	CASE_PREPARATION_OR_APPLICATION_COMMAND	39_WORD_COMPOSITION_OR_173_LEARNED_CARD	YES	NOT_APPLICABLE	NONE
PROSE:E034	PROSE_CASE	f10r	H2	C2	chor	PROC016	OR	ANSATZ	abgebildete breit gezähnte radialblütige Pflanze	staerkerer Nach- oder Spuelauszug der H2-Bildpflanze	CASE_PREPARATION_OR_APPLICATION_COMMAND	39_WORD_COMPOSITION_OR_173_LEARNED_CARD	YES	NOT_APPLICABLE	NONE
PROSE:E035	PROSE_CASE	f10r	H2	C2	chy	PROC019	Y	ARBEITSPOSTEN	abgebildete breit gezähnte radialblütige Pflanze	staerkerer Nach- oder Spuelauszug der H2-Bildpflanze	CASE_PREPARATION_OR_APPLICATION_COMMAND	39_WORD_COMPOSITION_OR_173_LEARNED_CARD	YES	NOT_APPLICABLE	NONE
PROSE:E036	PROSE_CASE	f10r	H2	C2	kaiiin	PROC024	K+IIN	ZUDOSIEREN · ARBEITSSTUFE	abgebildete breit gezähnte radialblütige Pflanze	staerkerer Nach- oder Spuelauszug der H2-Bildpflanze	CASE_PREPARATION_OR_APPLICATION_COMMAND	39_WORD_COMPOSITION_OR_173_LEARNED_CARD	YES	NOT_APPLICABLE	NONE
PROSE:E037	PROSE_CASE	f10r	H2	C2	dy	PROC019	Y	ARBEITSPOSTEN	abgebildete breit gezähnte radialblütige Pflanze	staerkerer Nach- oder Spuelauszug der H2-Bildpflanze	CASE_PREPARATION_OR_APPLICATION_COMMAND	39_WORD_COMPOSITION_OR_173_LEARNED_CARD	YES	NOT_APPLICABLE	NONE
PROSE:E038	PROSE_CASE	f10r	H2	C2	chodaiin	PROC025	CH+O+AIIN	ABNEHMEN · ARBEITSGANG · SOLLMASS	abgebildete breit gezähnte radialblütige Pflanze	staerkerer Nach- oder Spuelauszug der H2-Bildpflanze	CASE_PREPARATION_OR_APPLICATION_COMMAND	39_WORD_COMPOSITION_OR_173_LEARNED_CARD	YES	NOT_APPLICABLE	NONE
PROSE:E039	PROSE_CASE	f11r	H3	C3	tshol	PROC026	T+SH+OL	EINTRAGEN · HALTEN · FORTSETZEN	abgebildete dicht blau blühende Kronenpflanze	Bluetenauszug der H3-Bildpflanze	CASE_PREPARATION_OR_APPLICATION_COMMAND	39_WORD_COMPOSITION_OR_173_LEARNED_CARD	YES	NOT_APPLICABLE	NONE
PROSE:E040	PROSE_CASE	f11r	H3	C3	schoal	PROC027	SH+O+AL	HALTEN · ARBEITSGANG · ZIELSTELLE	abgebildete dicht blau blühende Kronenpflanze	Bluetenauszug der H3-Bildpflanze	CASE_PREPARATION_OR_APPLICATION_COMMAND	39_WORD_COMPOSITION_OR_173_LEARNED_CARD	YES	NOT_APPLICABLE	NONE
PROSE:E041	PROSE_CASE	f11r	H3	C3	cfhy	PROC028	CFH+Y	AUSWRINGEN · ARBEITSPOSTEN	abgebildete dicht blau blühende Kronenpflanze	Bluetenauszug der H3-Bildpflanze	CASE_PREPARATION_OR_APPLICATION_COMMAND	39_WORD_COMPOSITION_OR_173_LEARNED_CARD	YES	NOT_APPLICABLE	NONE
PROSE:E042	PROSE_CASE	f11r	H3	C3	shfydaiin	PROC029	SH+Y+AIIN	HALTEN · ARBEITSPOSTEN · SOLLMASS	abgebildete dicht blau blühende Kronenpflanze	Bluetenauszug der H3-Bildpflanze	CASE_PREPARATION_OR_APPLICATION_COMMAND	39_WORD_COMPOSITION_OR_173_LEARNED_CARD	YES	NOT_APPLICABLE	NONE
PROSE:E043	PROSE_CASE	f11r	H3	C3	cphy	PROC030	P+Y	EINFUELLEN · ARBEITSPOSTEN	abgebildete dicht blau blühende Kronenpflanze	Bluetenauszug der H3-Bildpflanze	CASE_PREPARATION_OR_APPLICATION_COMMAND	39_WORD_COMPOSITION_OR_173_LEARNED_CARD	YES	NOT_APPLICABLE	NONE
PROSE:E044	PROSE_CASE	f11r	H3	C3	shey	PROC031	SH+EE+Y	HALTEN · LANG · ARBEITSPOSTEN	abgebildete dicht blau blühende Kronenpflanze	Bluetenauszug der H3-Bildpflanze	CASE_PREPARATION_OR_APPLICATION_COMMAND	39_WORD_COMPOSITION_OR_173_LEARNED_CARD	YES	NOT_APPLICABLE	NONE
PROSE:E045	PROSE_CASE	f11r	H3	C3	tchody	PROC032	T+CH+O+DY	EINTRAGEN · ABNEHMEN · ARBEITSGANG; SCHLUSS	abgebildete dicht blau blühende Kronenpflanze	Bluetenauszug der H3-Bildpflanze	CASE_PREPARATION_OR_APPLICATION_COMMAND	39_WORD_COMPOSITION_OR_173_LEARNED_CARD	YES	NOT_APPLICABLE	NONE
PROSE:E046	PROSE_CASE	f11r	H3	C3	shoyty	PROC033	SH+O+Y+T+Y	ARBEITSPOSTEN HALTEN · IM ARBEITSGANG EINTRAGEN · ARBEITSPOSTEN	abgebildete dicht blau blühende Kronenpflanze	Bluetenauszug der H3-Bildpflanze	CASE_PREPARATION_OR_APPLICATION_COMMAND	39_WORD_COMPOSITION_OR_173_LEARNED_CARD	YES	NOT_APPLICABLE	NONE
PROSE:E047	PROSE_CASE	f11r	H3	C3	dchol	PROC034	RESUME_CARD	WIEDERAUFNEHMEN	abgebildete dicht blau blühende Kronenpflanze	Bluetenauszug der H3-Bildpflanze	CASE_PREPARATION_OR_APPLICATION_COMMAND	39_WORD_COMPOSITION_OR_173_LEARNED_CARD	YES	NOT_APPLICABLE	NONE
PROSE:E048	PROSE_CASE	f11r	H3	C3	chy	PROC019	Y	ARBEITSPOSTEN	abgebildete dicht blau blühende Kronenpflanze	Bluetenauszug der H3-Bildpflanze	CASE_PREPARATION_OR_APPLICATION_COMMAND	39_WORD_COMPOSITION_OR_173_LEARNED_CARD	YES	NOT_APPLICABLE	NONE
PROSE:E049	PROSE_CASE	f11r	H3	C3	kchy	PROC035	K+Y	ZUDOSIEREN · ARBEITSPOSTEN	abgebildete dicht blau blühende Kronenpflanze	Bluetenauszug der H3-Bildpflanze	CASE_PREPARATION_OR_APPLICATION_COMMAND	39_WORD_COMPOSITION_OR_173_LEARNED_CARD	YES	NOT_APPLICABLE	NONE
PROSE:E050	PROSE_CASE	f11r	H3	C3	dy	PROC019	Y	ARBEITSPOSTEN	abgebildete dicht blau blühende Kronenpflanze	Bluetenauszug der H3-Bildpflanze	CASE_PREPARATION_OR_APPLICATION_COMMAND	39_WORD_COMPOSITION_OR_173_LEARNED_CARD	YES	NOT_APPLICABLE	NONE
PROSE:E051	PROSE_CASE	f11r	H3	C3	daiin	PROC009	AIIN	SOLLMASS	abgebildete dicht blau blühende Kronenpflanze	Bluetenauszug der H3-Bildpflanze	CASE_PREPARATION_OR_APPLICATION_COMMAND	39_WORD_COMPOSITION_OR_173_LEARNED_CARD	YES	NOT_APPLICABLE	NONE
PROSE:E052	PROSE_CASE	f11r	H3	C3	qotchy	PROC036	OT+Y	DANACH · ARBEITSPOSTEN	abgebildete dicht blau blühende Kronenpflanze	Bluetenauszug der H3-Bildpflanze	CASE_PREPARATION_OR_APPLICATION_COMMAND	39_WORD_COMPOSITION_OR_173_LEARNED_CARD	YES	NOT_APPLICABLE	NONE
PROSE:E053	PROSE_CASE	f11r	H3	C3	okchol	PROC037	OK+OL	ANSETZEN · FORTSETZEN	abgebildete dicht blau blühende Kronenpflanze	Bluetenauszug der H3-Bildpflanze	CASE_PREPARATION_OR_APPLICATION_COMMAND	39_WORD_COMPOSITION_OR_173_LEARNED_CARD	YES	NOT_APPLICABLE	NONE
PROSE:E054	PROSE_CASE	f11r	H3	C3	cthy	PROC014	CTH+Y	BEREIT · ARBEITSPOSTEN	abgebildete dicht blau blühende Kronenpflanze	Bluetenauszug der H3-Bildpflanze	CASE_PREPARATION_OR_APPLICATION_COMMAND	39_WORD_COMPOSITION_OR_173_LEARNED_CARD	YES	NOT_APPLICABLE	NONE
PROSE:E055	PROSE_CASE	f11r	H3	C3	dy	PROC019	Y	ARBEITSPOSTEN	abgebildete dicht blau blühende Kronenpflanze	Bluetenauszug der H3-Bildpflanze	CASE_PREPARATION_OR_APPLICATION_COMMAND	39_WORD_COMPOSITION_OR_173_LEARNED_CARD	YES	NOT_APPLICABLE	NONE
PROSE:E056	PROSE_CASE	f55v	H4	C4	qokaiin	PROC038	OK+AIIN	ANSETZEN · SOLLMASS	abgebildete breitblättrige rispige Pflanze	temperierte Pflanzenauflage oder Waschportion der H4-Bildpflanze	CASE_PREPARATION_OR_APPLICATION_COMMAND	39_WORD_COMPOSITION_OR_173_LEARNED_CARD	YES	NOT_APPLICABLE	NONE
PROSE:E057	PROSE_CASE	f55v	H4	C4	chaiin	PROC009	AIIN	SOLLMASS	abgebildete breitblättrige rispige Pflanze	temperierte Pflanzenauflage oder Waschportion der H4-Bildpflanze	CASE_PREPARATION_OR_APPLICATION_COMMAND	39_WORD_COMPOSITION_OR_173_LEARNED_CARD	YES	NOT_APPLICABLE	NONE
PROSE:E058	PROSE_CASE	f55v	H4	C4	ykain	PROC039	Y+K+AIN	ARBEITSPOSTEN · ZUDOSIEREN · PORTION	abgebildete breitblättrige rispige Pflanze	temperierte Pflanzenauflage oder Waschportion der H4-Bildpflanze	CASE_PREPARATION_OR_APPLICATION_COMMAND	39_WORD_COMPOSITION_OR_173_LEARNED_CARD	YES	NOT_APPLICABLE	NONE
PROSE:E059	PROSE_CASE	f55v	H4	C4	ykan	PROC040	Y+K+AN	ARBEITSPOSTEN · ZUDOSIEREN · NACHPORTION	abgebildete breitblättrige rispige Pflanze	temperierte Pflanzenauflage oder Waschportion der H4-Bildpflanze	CASE_PREPARATION_OR_APPLICATION_COMMAND	39_WORD_COMPOSITION_OR_173_LEARNED_CARD	YES	NOT_APPLICABLE	NONE
PROSE:E060	PROSE_CASE	f55v	H4	C4	ody	PROC041	O+DY	ARBEITSGANG; SCHLUSS	abgebildete breitblättrige rispige Pflanze	temperierte Pflanzenauflage oder Waschportion der H4-Bildpflanze	CASE_PREPARATION_OR_APPLICATION_COMMAND	39_WORD_COMPOSITION_OR_173_LEARNED_CARD	YES	NOT_APPLICABLE	NONE
PROSE:E061	PROSE_CASE	f55v	H4	C4	daiin	PROC009	AIIN	SOLLMASS	abgebildete breitblättrige rispige Pflanze	temperierte Pflanzenauflage oder Waschportion der H4-Bildpflanze	CASE_PREPARATION_OR_APPLICATION_COMMAND	39_WORD_COMPOSITION_OR_173_LEARNED_CARD	YES	NOT_APPLICABLE	NONE
PROSE:E062	PROSE_CASE	f55v	H4	C4	chedy	PROC042	CHD+Y	UMSETZEN · ARBEITSPOSTEN	abgebildete breitblättrige rispige Pflanze	temperierte Pflanzenauflage oder Waschportion der H4-Bildpflanze	CASE_PREPARATION_OR_APPLICATION_COMMAND	39_WORD_COMPOSITION_OR_173_LEARNED_CARD	YES	NOT_APPLICABLE	NONE
PROSE:E063	PROSE_CASE	f55v	H4	C4	talam	PROC043	TALAM	VERWAHREN	abgebildete breitblättrige rispige Pflanze	temperierte Pflanzenauflage oder Waschportion der H4-Bildpflanze	CASE_PREPARATION_OR_APPLICATION_COMMAND	39_WORD_COMPOSITION_OR_173_LEARNED_CARD	YES	NOT_APPLICABLE	NONE
PROSE:E064	PROSE_CASE	f55v	H4	C4	ykaiin	PROC044	Y+K+AIIN	ARBEITSPOSTEN · ZUDOSIEREN · SOLLMASS	abgebildete breitblättrige rispige Pflanze	temperierte Pflanzenauflage oder Waschportion der H4-Bildpflanze	CASE_PREPARATION_OR_APPLICATION_COMMAND	39_WORD_COMPOSITION_OR_173_LEARNED_CARD	YES	NOT_APPLICABLE	NONE
PROSE:E065	PROSE_CASE	f55v	H4	C4	cheoar	PROC045	CH+E+O+AR	ABNEHMEN · KURZ · ARBEITSGANG · VORRAT	abgebildete breitblättrige rispige Pflanze	temperierte Pflanzenauflage oder Waschportion der H4-Bildpflanze	CASE_PREPARATION_OR_APPLICATION_COMMAND	39_WORD_COMPOSITION_OR_173_LEARNED_CARD	YES	NOT_APPLICABLE	NONE
PROSE:E066	PROSE_CASE	f55v	H4	C4	cheeky	PROC046	CHK+EE+Y	WAERMEN · LANG · ARBEITSPOSTEN	abgebildete breitblättrige rispige Pflanze	temperierte Pflanzenauflage oder Waschportion der H4-Bildpflanze	CASE_PREPARATION_OR_APPLICATION_COMMAND	39_WORD_COMPOSITION_OR_173_LEARNED_CARD	YES	NOT_APPLICABLE	NONE
PROSE:E067	PROSE_CASE	f55v	H4	C4	oldy	PROC047	OL+DY	FORTSETZEN; SCHLUSS	abgebildete breitblättrige rispige Pflanze	temperierte Pflanzenauflage oder Waschportion der H4-Bildpflanze	CASE_PREPARATION_OR_APPLICATION_COMMAND	39_WORD_COMPOSITION_OR_173_LEARNED_CARD	YES	NOT_APPLICABLE	NONE
PROSE:E068	PROSE_CASE	f55v	H4	C4	aiin	PROC009	AIIN	SOLLMASS	abgebildete breitblättrige rispige Pflanze	temperierte Pflanzenauflage oder Waschportion der H4-Bildpflanze	CASE_PREPARATION_OR_APPLICATION_COMMAND	39_WORD_COMPOSITION_OR_173_LEARNED_CARD	YES	NOT_APPLICABLE	NONE
PROSE:E069	PROSE_CASE	f55v	H4	C4	okal	PROC048	OK+AL	ANSETZEN · ZIELSTELLE	abgebildete breitblättrige rispige Pflanze	temperierte Pflanzenauflage oder Waschportion der H4-Bildpflanze	CASE_PREPARATION_OR_APPLICATION_COMMAND	39_WORD_COMPOSITION_OR_173_LEARNED_CARD	YES	NOT_APPLICABLE	NONE
PROSE:E070	PROSE_CASE	f55v	H4	C4	oltchy	PROC049	OL+T+Y	FORTSETZEN · EINTRAGEN · ARBEITSPOSTEN	abgebildete breitblättrige rispige Pflanze	temperierte Pflanzenauflage oder Waschportion der H4-Bildpflanze	CASE_PREPARATION_OR_APPLICATION_COMMAND	39_WORD_COMPOSITION_OR_173_LEARNED_CARD	YES	NOT_APPLICABLE	NONE
PROSE:E071	PROSE_CASE	f55v	H4	C4	or	PROC016	OR	ANSATZ	abgebildete breitblättrige rispige Pflanze	temperierte Pflanzenauflage oder Waschportion der H4-Bildpflanze	CASE_PREPARATION_OR_APPLICATION_COMMAND	39_WORD_COMPOSITION_OR_173_LEARNED_CARD	YES	NOT_APPLICABLE	NONE
PROSE:E072	PROSE_CASE	f55v	H4	C4	y	PROC019	Y	ARBEITSPOSTEN	abgebildete breitblättrige rispige Pflanze	temperierte Pflanzenauflage oder Waschportion der H4-Bildpflanze	CASE_PREPARATION_OR_APPLICATION_COMMAND	39_WORD_COMPOSITION_OR_173_LEARNED_CARD	YES	NOT_APPLICABLE	NONE
PROSE:E073	PROSE_CASE	f55v	H4	C4	orain	PROC050	OR+AIN	ANSATZ · PORTION	abgebildete breitblättrige rispige Pflanze	temperierte Pflanzenauflage oder Waschportion der H4-Bildpflanze	CASE_PREPARATION_OR_APPLICATION_COMMAND	39_WORD_COMPOSITION_OR_173_LEARNED_CARD	YES	NOT_APPLICABLE	NONE
PROSE:E074	PROSE_CASE	f56r	H5	C5	chochor	PROC051	HO+CH+OR	ZUTAT · ABNEHMEN · ANSATZ	abgebildete mehrköpfige stachelige Pflanze	konzentrierter Pflanzenauszug der H5-Bildpflanze	CASE_PREPARATION_OR_APPLICATION_COMMAND	39_WORD_COMPOSITION_OR_173_LEARNED_CARD	YES	NOT_APPLICABLE	NONE
PROSE:E075	PROSE_CASE	f56r	H5	C5	cho	PROC052	HO	ZUTAT	abgebildete mehrköpfige stachelige Pflanze	konzentrierter Pflanzenauszug der H5-Bildpflanze	CASE_PREPARATION_OR_APPLICATION_COMMAND	39_WORD_COMPOSITION_OR_173_LEARNED_CARD	YES	NOT_APPLICABLE	NONE
PROSE:E076	PROSE_CASE	f56r	H5	C5	chodaly	PROC053	HO+AL+Y	ZUTAT · ZIELSTELLE · ARBEITSPOSTEN	abgebildete mehrköpfige stachelige Pflanze	konzentrierter Pflanzenauszug der H5-Bildpflanze	CASE_PREPARATION_OR_APPLICATION_COMMAND	39_WORD_COMPOSITION_OR_173_LEARNED_CARD	YES	NOT_APPLICABLE	NONE
PROSE:E077	PROSE_CASE	f56r	H5	C5	daiin	PROC009	AIIN	SOLLMASS	abgebildete mehrköpfige stachelige Pflanze	konzentrierter Pflanzenauszug der H5-Bildpflanze	CASE_PREPARATION_OR_APPLICATION_COMMAND	39_WORD_COMPOSITION_OR_173_LEARNED_CARD	YES	NOT_APPLICABLE	NONE
PROSE:E078	PROSE_CASE	f56r	H5	C5	sho	PROC052	HO	ZUTAT	abgebildete mehrköpfige stachelige Pflanze	konzentrierter Pflanzenauszug der H5-Bildpflanze	CASE_PREPARATION_OR_APPLICATION_COMMAND	39_WORD_COMPOSITION_OR_173_LEARNED_CARD	YES	NOT_APPLICABLE	NONE
PROSE:E079	PROSE_CASE	f56r	H5	C5	kchol	PROC054	K+OL	ZUDOSIEREN · FORTSETZEN	abgebildete mehrköpfige stachelige Pflanze	konzentrierter Pflanzenauszug der H5-Bildpflanze	CASE_PREPARATION_OR_APPLICATION_COMMAND	39_WORD_COMPOSITION_OR_173_LEARNED_CARD	YES	NOT_APPLICABLE	NONE
PROSE:E080	PROSE_CASE	f56r	H5	C5	otchor	PROC020	OT+CH+OR	DANACH · ABNEHMEN · ANSATZ	abgebildete mehrköpfige stachelige Pflanze	konzentrierter Pflanzenauszug der H5-Bildpflanze	CASE_PREPARATION_OR_APPLICATION_COMMAND	39_WORD_COMPOSITION_OR_173_LEARNED_CARD	YES	NOT_APPLICABLE	NONE
PROSE:E081	PROSE_CASE	f56r	H5	C5	choky	PROC008	OK+Y	ANSETZEN · ARBEITSPOSTEN	abgebildete mehrköpfige stachelige Pflanze	konzentrierter Pflanzenauszug der H5-Bildpflanze	CASE_PREPARATION_OR_APPLICATION_COMMAND	39_WORD_COMPOSITION_OR_173_LEARNED_CARD	YES	NOT_APPLICABLE	NONE
PROSE:E082	PROSE_CASE	f56r	H5	C5	dal	PROC055	AL	ZIELSTELLE	abgebildete mehrköpfige stachelige Pflanze	konzentrierter Pflanzenauszug der H5-Bildpflanze	CASE_PREPARATION_OR_APPLICATION_COMMAND	39_WORD_COMPOSITION_OR_173_LEARNED_CARD	YES	NOT_APPLICABLE	NONE
PROSE:E083	PROSE_CASE	f56r	H5	C5	schol	PROC034	RESUME_CARD	WIEDERAUFNEHMEN	abgebildete mehrköpfige stachelige Pflanze	konzentrierter Pflanzenauszug der H5-Bildpflanze	CASE_PREPARATION_OR_APPLICATION_COMMAND	39_WORD_COMPOSITION_OR_173_LEARNED_CARD	YES	NOT_APPLICABLE	NONE
PROSE:E084	PROSE_CASE	f56r	H5	C5	choy	PROC056	HO+Y	ZUTAT · ARBEITSPOSTEN	abgebildete mehrköpfige stachelige Pflanze	konzentrierter Pflanzenauszug der H5-Bildpflanze	CASE_PREPARATION_OR_APPLICATION_COMMAND	39_WORD_COMPOSITION_OR_173_LEARNED_CARD	YES	NOT_APPLICABLE	NONE
PROSE:E085	PROSE_CASE	f56r	H5	C5	choky	PROC008	OK+Y	ANSETZEN · ARBEITSPOSTEN	abgebildete mehrköpfige stachelige Pflanze	konzentrierter Pflanzenauszug der H5-Bildpflanze	CASE_PREPARATION_OR_APPLICATION_COMMAND	39_WORD_COMPOSITION_OR_173_LEARNED_CARD	YES	NOT_APPLICABLE	NONE
PROSE:E086	PROSE_CASE	f56r	H5	C5	cheeckhody	PROC057	CH+EE+CKH+O+DY	ABNEHMEN · LANG · DURCHLASSKANAL · ARBEITSGANG; SCHLUSS	abgebildete mehrköpfige stachelige Pflanze	konzentrierter Pflanzenauszug der H5-Bildpflanze	CASE_PREPARATION_OR_APPLICATION_COMMAND	39_WORD_COMPOSITION_OR_173_LEARNED_CARD	YES	NOT_APPLICABLE	NONE
PROSE:E087	PROSE_CASE	f56r	H5	C5	sh	PROC058	SH	HALTEN	abgebildete mehrköpfige stachelige Pflanze	konzentrierter Pflanzenauszug der H5-Bildpflanze	CASE_PREPARATION_OR_APPLICATION_COMMAND	39_WORD_COMPOSITION_OR_173_LEARNED_CARD	YES	NOT_APPLICABLE	NONE
PROSE:E088	PROSE_CASE	f56r	H5	C5	cho	PROC052	HO	ZUTAT	abgebildete mehrköpfige stachelige Pflanze	konzentrierter Pflanzenauszug der H5-Bildpflanze	CASE_PREPARATION_OR_APPLICATION_COMMAND	39_WORD_COMPOSITION_OR_173_LEARNED_CARD	YES	NOT_APPLICABLE	NONE
PROSE:E089	PROSE_CASE	f56r	H5	C5	kchey	PROC059	K+E+Y	ZUDOSIEREN · KURZ · ARBEITSPOSTEN	abgebildete mehrköpfige stachelige Pflanze	konzentrierter Pflanzenauszug der H5-Bildpflanze	CASE_PREPARATION_OR_APPLICATION_COMMAND	39_WORD_COMPOSITION_OR_173_LEARNED_CARD	YES	NOT_APPLICABLE	NONE
PROSE:E090	PROSE_CASE	f56r	H5	C5	qokokchy	PROC060	OK+OK+Y	ANSETZEN · ANSETZEN · ARBEITSPOSTEN	abgebildete mehrköpfige stachelige Pflanze	konzentrierter Pflanzenauszug der H5-Bildpflanze	CASE_PREPARATION_OR_APPLICATION_COMMAND	39_WORD_COMPOSITION_OR_173_LEARNED_CARD	YES	NOT_APPLICABLE	NONE
PROSE:E091	PROSE_CASE	f56r	H5	C5	okchy	PROC011	OK+Y	ANSETZEN · ARBEITSPOSTEN	abgebildete mehrköpfige stachelige Pflanze	konzentrierter Pflanzenauszug der H5-Bildpflanze	CASE_PREPARATION_OR_APPLICATION_COMMAND	39_WORD_COMPOSITION_OR_173_LEARNED_CARD	YES	NOT_APPLICABLE	NONE
PROSE:E092	PROSE_CASE	f56r	H5	C5	chokcheo	PROC061	OK+CH+E+O	ANSETZEN · ABNEHMEN · KURZ · ARBEITSGANG	abgebildete mehrköpfige stachelige Pflanze	konzentrierter Pflanzenauszug der H5-Bildpflanze	CASE_PREPARATION_OR_APPLICATION_COMMAND	39_WORD_COMPOSITION_OR_173_LEARNED_CARD	YES	NOT_APPLICABLE	NONE
PROSE:E093	PROSE_CASE	f56r	H5	C5	kchal	PROC062	K+AL	ZUDOSIEREN · ZIELSTELLE	abgebildete mehrköpfige stachelige Pflanze	konzentrierter Pflanzenauszug der H5-Bildpflanze	CASE_PREPARATION_OR_APPLICATION_COMMAND	39_WORD_COMPOSITION_OR_173_LEARNED_CARD	YES	NOT_APPLICABLE	NONE
PROSE:E094	PROSE_CASE	f56r	H5	C5	sho	PROC052	HO	ZUTAT	abgebildete mehrköpfige stachelige Pflanze	konzentrierter Pflanzenauszug der H5-Bildpflanze	CASE_PREPARATION_OR_APPLICATION_COMMAND	39_WORD_COMPOSITION_OR_173_LEARNED_CARD	YES	NOT_APPLICABLE	NONE
PROSE:E095	PROSE_CASE	f56r	H5	C5	chokchy	PROC011	OK+Y	ANSETZEN · ARBEITSPOSTEN	abgebildete mehrköpfige stachelige Pflanze	konzentrierter Pflanzenauszug der H5-Bildpflanze	CASE_PREPARATION_OR_APPLICATION_COMMAND	39_WORD_COMPOSITION_OR_173_LEARNED_CARD	YES	NOT_APPLICABLE	NONE
PROSE:E096	PROSE_CASE	f56r	H5	C5	kchoar	PROC063	K+HO+AR	ZUDOSIEREN · ZUTAT · VORRAT	abgebildete mehrköpfige stachelige Pflanze	konzentrierter Pflanzenauszug der H5-Bildpflanze	CASE_PREPARATION_OR_APPLICATION_COMMAND	39_WORD_COMPOSITION_OR_173_LEARNED_CARD	YES	NOT_APPLICABLE	NONE
PROSE:E097	PROSE_CASE	f56r	H5	C5	sotodan	PROC064	OT+O+AIN	DANACH · ARBEITSGANG · PORTION	abgebildete mehrköpfige stachelige Pflanze	konzentrierter Pflanzenauszug der H5-Bildpflanze	CASE_PREPARATION_OR_APPLICATION_COMMAND	39_WORD_COMPOSITION_OR_173_LEARNED_CARD	YES	NOT_APPLICABLE	NONE
PROSE:E098	PROSE_CASE	f56r	H5	C5	otchey	PROC065	OT+Y	DANACH · ARBEITSPOSTEN	abgebildete mehrköpfige stachelige Pflanze	konzentrierter Pflanzenauszug der H5-Bildpflanze	CASE_PREPARATION_OR_APPLICATION_COMMAND	39_WORD_COMPOSITION_OR_173_LEARNED_CARD	YES	NOT_APPLICABLE	NONE
PROSE:E099	PROSE_CASE	f56r	H5	C5	keol	PROC066	K+E+OL	ZUDOSIEREN · KURZ · FORTSETZEN	abgebildete mehrköpfige stachelige Pflanze	konzentrierter Pflanzenauszug der H5-Bildpflanze	CASE_PREPARATION_OR_APPLICATION_COMMAND	39_WORD_COMPOSITION_OR_173_LEARNED_CARD	YES	NOT_APPLICABLE	NONE
PROSE:E100	PROSE_CASE	f56r	H5	C5	daiin	PROC009	AIIN	SOLLMASS	abgebildete mehrköpfige stachelige Pflanze	konzentrierter Pflanzenauszug der H5-Bildpflanze	CASE_PREPARATION_OR_APPLICATION_COMMAND	39_WORD_COMPOSITION_OR_173_LEARNED_CARD	YES	NOT_APPLICABLE	NONE
PROSE:E101	PROSE_CASE	f81v	B1	C1	qokedy	PROC067	OK+E+DY	ANSETZEN · KURZ; SCHLUSS	gemeinsame zweireihige Figuren-/Beckenstation	waessriger Grundauszug der H1-Bildpflanze	CASE_PREPARATION_OR_APPLICATION_COMMAND	39_WORD_COMPOSITION_OR_173_LEARNED_CARD	YES	NOT_APPLICABLE	NONE
PROSE:E102	PROSE_CASE	f81v	B1	C1	okaiin	PROC038	OK+AIIN	ANSETZEN · SOLLMASS	gemeinsame zweireihige Figuren-/Beckenstation	waessriger Grundauszug der H1-Bildpflanze	CASE_PREPARATION_OR_APPLICATION_COMMAND	39_WORD_COMPOSITION_OR_173_LEARNED_CARD	YES	NOT_APPLICABLE	NONE
PROSE:E103	PROSE_CASE	f81v	B1	C1	kair	PROC068	K+AIR	ZUDOSIEREN · FLUESSIGKEITSLAUF	gemeinsame zweireihige Figuren-/Beckenstation	waessriger Grundauszug der H1-Bildpflanze	CASE_PREPARATION_OR_APPLICATION_COMMAND	39_WORD_COMPOSITION_OR_173_LEARNED_CARD	YES	NOT_APPLICABLE	NONE
PROSE:E104	PROSE_CASE	f81v	B1	C1	okal	PROC048	OK+AL	ANSETZEN · ZIELSTELLE	gemeinsame zweireihige Figuren-/Beckenstation	waessriger Grundauszug der H1-Bildpflanze	CASE_PREPARATION_OR_APPLICATION_COMMAND	39_WORD_COMPOSITION_OR_173_LEARNED_CARD	YES	NOT_APPLICABLE	NONE
PROSE:E105	PROSE_CASE	f81v	B1	C1	sar	PROC003	AR	VORRAT	gemeinsame zweireihige Figuren-/Beckenstation	waessriger Grundauszug der H1-Bildpflanze	CASE_PREPARATION_OR_APPLICATION_COMMAND	39_WORD_COMPOSITION_OR_173_LEARNED_CARD	YES	NOT_APPLICABLE	NONE
PROSE:E106	PROSE_CASE	f81v	B1	C1	ol	PROC013	OL	FORTSETZEN	gemeinsame zweireihige Figuren-/Beckenstation	waessriger Grundauszug der H1-Bildpflanze	CASE_PREPARATION_OR_APPLICATION_COMMAND	39_WORD_COMPOSITION_OR_173_LEARNED_CARD	YES	NOT_APPLICABLE	NONE
PROSE:E107	PROSE_CASE	f81v	B1	C1	kain	PROC069	K+AIN	ZUDOSIEREN · PORTION	gemeinsame zweireihige Figuren-/Beckenstation	waessriger Grundauszug der H1-Bildpflanze	CASE_PREPARATION_OR_APPLICATION_COMMAND	39_WORD_COMPOSITION_OR_173_LEARNED_CARD	YES	NOT_APPLICABLE	NONE
PROSE:E108	PROSE_CASE	f81v	B1	C1	olkain	PROC070	OL+K+AIN	FORTSETZEN · ZUDOSIEREN · PORTION	gemeinsame zweireihige Figuren-/Beckenstation	waessriger Grundauszug der H1-Bildpflanze	CASE_PREPARATION_OR_APPLICATION_COMMAND	39_WORD_COMPOSITION_OR_173_LEARNED_CARD	YES	NOT_APPLICABLE	NONE
PROSE:E109	PROSE_CASE	f81v	B1	C1	al	PROC055	AL	ZIELSTELLE	gemeinsame zweireihige Figuren-/Beckenstation	waessriger Grundauszug der H1-Bildpflanze	CASE_PREPARATION_OR_APPLICATION_COMMAND	39_WORD_COMPOSITION_OR_173_LEARNED_CARD	YES	NOT_APPLICABLE	NONE
PROSE:E110	PROSE_CASE	f81v	B1	C1	ol	PROC013	OL	FORTSETZEN	gemeinsame zweireihige Figuren-/Beckenstation	waessriger Grundauszug der H1-Bildpflanze	CASE_PREPARATION_OR_APPLICATION_COMMAND	39_WORD_COMPOSITION_OR_173_LEARNED_CARD	YES	NOT_APPLICABLE	NONE
PROSE:E111	PROSE_CASE	f81v	B1	C1	rol	PROC071	R+OL	KUEHLEN · FORTSETZEN	gemeinsame zweireihige Figuren-/Beckenstation	waessriger Grundauszug der H1-Bildpflanze	CASE_PREPARATION_OR_APPLICATION_COMMAND	39_WORD_COMPOSITION_OR_173_LEARNED_CARD	YES	NOT_APPLICABLE	NONE
PROSE:E112	PROSE_CASE	f81v	B1	C1	dl	PROC072	L	WEITERLEITEN	gemeinsame zweireihige Figuren-/Beckenstation	waessriger Grundauszug der H1-Bildpflanze	CASE_PREPARATION_OR_APPLICATION_COMMAND	39_WORD_COMPOSITION_OR_173_LEARNED_CARD	YES	NOT_APPLICABLE	NONE
PROSE:E113	PROSE_CASE	f81v	B1	C1	olor	PROC022	OL+OR	FORTSETZEN · ANSATZ	gemeinsame zweireihige Figuren-/Beckenstation	waessriger Grundauszug der H1-Bildpflanze	CASE_PREPARATION_OR_APPLICATION_COMMAND	39_WORD_COMPOSITION_OR_173_LEARNED_CARD	YES	NOT_APPLICABLE	NONE
PROSE:E114	PROSE_CASE	f81v	B1	C1	ol	PROC013	OL	FORTSETZEN	gemeinsame zweireihige Figuren-/Beckenstation	waessriger Grundauszug der H1-Bildpflanze	CASE_PREPARATION_OR_APPLICATION_COMMAND	39_WORD_COMPOSITION_OR_173_LEARNED_CARD	YES	NOT_APPLICABLE	NONE
PROSE:E115	PROSE_CASE	f81v	B1	C1	sheckhal	PROC073	SH+E+CKH+AL	HALTEN · KURZ · DURCHLASSKANAL · ZIELSTELLE	gemeinsame zweireihige Figuren-/Beckenstation	waessriger Grundauszug der H1-Bildpflanze	CASE_PREPARATION_OR_APPLICATION_COMMAND	39_WORD_COMPOSITION_OR_173_LEARNED_CARD	YES	NOT_APPLICABLE	NONE
PROSE:E116	PROSE_CASE	f81v	B1	C1	daiin	PROC009	AIIN	SOLLMASS	gemeinsame zweireihige Figuren-/Beckenstation	waessriger Grundauszug der H1-Bildpflanze	CASE_PREPARATION_OR_APPLICATION_COMMAND	39_WORD_COMPOSITION_OR_173_LEARNED_CARD	YES	NOT_APPLICABLE	NONE
PROSE:E117	PROSE_CASE	f81v	B1	C1	qokeedal	PROC074	OK+EE+AL	ANSETZEN · LANG · ZIELSTELLE	gemeinsame zweireihige Figuren-/Beckenstation	waessriger Grundauszug der H1-Bildpflanze	CASE_PREPARATION_OR_APPLICATION_COMMAND	39_WORD_COMPOSITION_OR_173_LEARNED_CARD	YES	NOT_APPLICABLE	NONE
PROSE:E118	PROSE_CASE	f81v	B1	C1	daiin	PROC009	AIIN	SOLLMASS	gemeinsame zweireihige Figuren-/Beckenstation	waessriger Grundauszug der H1-Bildpflanze	CASE_PREPARATION_OR_APPLICATION_COMMAND	39_WORD_COMPOSITION_OR_173_LEARNED_CARD	YES	NOT_APPLICABLE	NONE
PROSE:E119	PROSE_CASE	f81v	B1	C1	chckhy	PROC075	CKH+Y	DURCHLASSKANAL · ARBEITSPOSTEN	gemeinsame zweireihige Figuren-/Beckenstation	waessriger Grundauszug der H1-Bildpflanze	CASE_PREPARATION_OR_APPLICATION_COMMAND	39_WORD_COMPOSITION_OR_173_LEARNED_CARD	YES	NOT_APPLICABLE	NONE
PROSE:E120	PROSE_CASE	f81v	B1	C1	schedy	PROC076	CHD+DY	UMSETZEN; SCHLUSS	gemeinsame zweireihige Figuren-/Beckenstation	waessriger Grundauszug der H1-Bildpflanze	CASE_PREPARATION_OR_APPLICATION_COMMAND	39_WORD_COMPOSITION_OR_173_LEARNED_CARD	YES	NOT_APPLICABLE	NONE
PROSE:E121	PROSE_CASE	f81v	B1	C1	qol	PROC013	OL	FORTSETZEN	gemeinsame zweireihige Figuren-/Beckenstation	waessriger Grundauszug der H1-Bildpflanze	CASE_PREPARATION_OR_APPLICATION_COMMAND	39_WORD_COMPOSITION_OR_173_LEARNED_CARD	YES	NOT_APPLICABLE	NONE
PROSE:E122	PROSE_CASE	f81v	B1	C1	sshkchdy	PROC077	SH+K+CHD+DY	HALTEN · ZUDOSIEREN · UMSETZEN; SCHLUSS	gemeinsame zweireihige Figuren-/Beckenstation	waessriger Grundauszug der H1-Bildpflanze	CASE_PREPARATION_OR_APPLICATION_COMMAND	39_WORD_COMPOSITION_OR_173_LEARNED_CARD	YES	NOT_APPLICABLE	NONE
PROSE:E123	PROSE_CASE	f81v	B1	C1	chedy	PROC042	CHD+Y	UMSETZEN · ARBEITSPOSTEN	gemeinsame zweireihige Figuren-/Beckenstation	waessriger Grundauszug der H1-Bildpflanze	CASE_PREPARATION_OR_APPLICATION_COMMAND	39_WORD_COMPOSITION_OR_173_LEARNED_CARD	YES	NOT_APPLICABLE	NONE
PROSE:E124	PROSE_CASE	f81v	B1	C1	ol	PROC013	OL	FORTSETZEN	gemeinsame zweireihige Figuren-/Beckenstation	waessriger Grundauszug der H1-Bildpflanze	CASE_PREPARATION_OR_APPLICATION_COMMAND	39_WORD_COMPOSITION_OR_173_LEARNED_CARD	YES	NOT_APPLICABLE	NONE
PROSE:E125	PROSE_CASE	f81v	B1	C1	shedy	PROC078	SHED+DY	ABSETZEN; SCHLUSS	gemeinsame zweireihige Figuren-/Beckenstation	waessriger Grundauszug der H1-Bildpflanze	CASE_PREPARATION_OR_APPLICATION_COMMAND	39_WORD_COMPOSITION_OR_173_LEARNED_CARD	YES	NOT_APPLICABLE	NONE
PROSE:E126	PROSE_CASE	f81v	B1	C1	qolchedy	PROC079	OL+CHD+DY	FORTSETZEN · UMSETZEN; SCHLUSS	gemeinsame zweireihige Figuren-/Beckenstation	waessriger Grundauszug der H1-Bildpflanze	CASE_PREPARATION_OR_APPLICATION_COMMAND	39_WORD_COMPOSITION_OR_173_LEARNED_CARD	YES	NOT_APPLICABLE	NONE
PROSE:E127	PROSE_CASE	f81v	B1	C1	qokain	PROC080	OK+AIN	ANSETZEN · PORTION	gemeinsame zweireihige Figuren-/Beckenstation	waessriger Grundauszug der H1-Bildpflanze	CASE_PREPARATION_OR_APPLICATION_COMMAND	39_WORD_COMPOSITION_OR_173_LEARNED_CARD	YES	NOT_APPLICABLE	NONE
PROSE:E128	PROSE_CASE	f81v	B1	C1	shckhy	PROC075	CKH+Y	DURCHLASSKANAL · ARBEITSPOSTEN	gemeinsame zweireihige Figuren-/Beckenstation	waessriger Grundauszug der H1-Bildpflanze	CASE_PREPARATION_OR_APPLICATION_COMMAND	39_WORD_COMPOSITION_OR_173_LEARNED_CARD	YES	NOT_APPLICABLE	NONE
PROSE:E129	PROSE_CASE	f81v	B1	C1	dl	PROC072	L	WEITERLEITEN	gemeinsame zweireihige Figuren-/Beckenstation	waessriger Grundauszug der H1-Bildpflanze	CASE_PREPARATION_OR_APPLICATION_COMMAND	39_WORD_COMPOSITION_OR_173_LEARNED_CARD	YES	NOT_APPLICABLE	NONE
PROSE:E130	PROSE_CASE	f81v	B1	C1	ral	PROC081	R+AL	KUEHLEN · ZIELSTELLE	gemeinsame zweireihige Figuren-/Beckenstation	waessriger Grundauszug der H1-Bildpflanze	CASE_PREPARATION_OR_APPLICATION_COMMAND	39_WORD_COMPOSITION_OR_173_LEARNED_CARD	YES	NOT_APPLICABLE	NONE
PROSE:E131	PROSE_CASE	f81v	B1	C1	qokchdy	PROC082	OK+CHD+DY	ANSETZEN · UMSETZEN; SCHLUSS	gemeinsame zweireihige Figuren-/Beckenstation	waessriger Grundauszug der H1-Bildpflanze	CASE_PREPARATION_OR_APPLICATION_COMMAND	39_WORD_COMPOSITION_OR_173_LEARNED_CARD	YES	NOT_APPLICABLE	NONE
PROSE:E132	PROSE_CASE	f81v	B1	C1	chey	PROC019	Y	ARBEITSPOSTEN	gemeinsame zweireihige Figuren-/Beckenstation	waessriger Grundauszug der H1-Bildpflanze	CASE_PREPARATION_OR_APPLICATION_COMMAND	39_WORD_COMPOSITION_OR_173_LEARNED_CARD	YES	NOT_APPLICABLE	NONE
PROSE:E133	PROSE_CASE	f81v	B1	C1	ol	PROC013	OL	FORTSETZEN	gemeinsame zweireihige Figuren-/Beckenstation	waessriger Grundauszug der H1-Bildpflanze	CASE_PREPARATION_OR_APPLICATION_COMMAND	39_WORD_COMPOSITION_OR_173_LEARNED_CARD	YES	NOT_APPLICABLE	NONE
PROSE:E134	PROSE_CASE	f81v	B1	C1	cheky	PROC083	CHK+E+Y	WAERMEN · KURZ · ARBEITSPOSTEN	gemeinsame zweireihige Figuren-/Beckenstation	waessriger Grundauszug der H1-Bildpflanze	CASE_PREPARATION_OR_APPLICATION_COMMAND	39_WORD_COMPOSITION_OR_173_LEARNED_CARD	YES	NOT_APPLICABLE	NONE
PROSE:E135	PROSE_CASE	f81v	B1	C1	ol	PROC013	OL	FORTSETZEN	gemeinsame zweireihige Figuren-/Beckenstation	waessriger Grundauszug der H1-Bildpflanze	CASE_PREPARATION_OR_APPLICATION_COMMAND	39_WORD_COMPOSITION_OR_173_LEARNED_CARD	YES	NOT_APPLICABLE	NONE
PROSE:E136	PROSE_CASE	f81v	B1	C1	shedy	PROC078	SHED+DY	ABSETZEN; SCHLUSS	gemeinsame zweireihige Figuren-/Beckenstation	waessriger Grundauszug der H1-Bildpflanze	CASE_PREPARATION_OR_APPLICATION_COMMAND	39_WORD_COMPOSITION_OR_173_LEARNED_CARD	YES	NOT_APPLICABLE	NONE
PROSE:E137	PROSE_CASE	f81v	B1	C1	qokedy	PROC067	OK+E+DY	ANSETZEN · KURZ; SCHLUSS	gemeinsame zweireihige Figuren-/Beckenstation	waessriger Grundauszug der H1-Bildpflanze	CASE_PREPARATION_OR_APPLICATION_COMMAND	39_WORD_COMPOSITION_OR_173_LEARNED_CARD	YES	NOT_APPLICABLE	NONE
PROSE:E138	PROSE_CASE	f81v	B1	C1	qokedy	PROC067	OK+E+DY	ANSETZEN · KURZ; SCHLUSS	gemeinsame zweireihige Figuren-/Beckenstation	waessriger Grundauszug der H1-Bildpflanze	CASE_PREPARATION_OR_APPLICATION_COMMAND	39_WORD_COMPOSITION_OR_173_LEARNED_CARD	YES	NOT_APPLICABLE	NONE
PROSE:E139	PROSE_CASE	f81v	B1	C1	chckhy	PROC075	CKH+Y	DURCHLASSKANAL · ARBEITSPOSTEN	gemeinsame zweireihige Figuren-/Beckenstation	waessriger Grundauszug der H1-Bildpflanze	CASE_PREPARATION_OR_APPLICATION_COMMAND	39_WORD_COMPOSITION_OR_173_LEARNED_CARD	YES	NOT_APPLICABLE	NONE
PROSE:E140	PROSE_CASE	f81v	B1	C1	qoky	PROC008	OK+Y	ANSETZEN · ARBEITSPOSTEN	gemeinsame zweireihige Figuren-/Beckenstation	waessriger Grundauszug der H1-Bildpflanze	CASE_PREPARATION_OR_APPLICATION_COMMAND	39_WORD_COMPOSITION_OR_173_LEARNED_CARD	YES	NOT_APPLICABLE	NONE
PROSE:E141	PROSE_CASE	f81v	B1	C1	lsho	PROC084	LSH+O	WASCHEN · ARBEITSGANG	gemeinsame zweireihige Figuren-/Beckenstation	waessriger Grundauszug der H1-Bildpflanze	CASE_PREPARATION_OR_APPLICATION_COMMAND	39_WORD_COMPOSITION_OR_173_LEARNED_CARD	YES	NOT_APPLICABLE	NONE
PROSE:E142	PROSE_CASE	f81v	B1	C1	qokey	PROC085	OK+E+Y	ANSETZEN · KURZ · ARBEITSPOSTEN	gemeinsame zweireihige Figuren-/Beckenstation	waessriger Grundauszug der H1-Bildpflanze	CASE_PREPARATION_OR_APPLICATION_COMMAND	39_WORD_COMPOSITION_OR_173_LEARNED_CARD	YES	NOT_APPLICABLE	NONE
PROSE:E143	PROSE_CASE	f81v	B1	C1	lshedy	PROC086	LSH+E+DY	WASCHEN · KURZ; SCHLUSS	gemeinsame zweireihige Figuren-/Beckenstation	waessriger Grundauszug der H1-Bildpflanze	CASE_PREPARATION_OR_APPLICATION_COMMAND	39_WORD_COMPOSITION_OR_173_LEARNED_CARD	YES	NOT_APPLICABLE	NONE
PROSE:E144	PROSE_CASE	f81v	B1	C1	lshedy	PROC086	LSH+E+DY	WASCHEN · KURZ; SCHLUSS	gemeinsame zweireihige Figuren-/Beckenstation	waessriger Grundauszug der H1-Bildpflanze	CASE_PREPARATION_OR_APPLICATION_COMMAND	39_WORD_COMPOSITION_OR_173_LEARNED_CARD	YES	NOT_APPLICABLE	NONE
PROSE:E145	PROSE_CASE	f81v	B1	C1	chedy	PROC042	CHD+Y	UMSETZEN · ARBEITSPOSTEN	gemeinsame zweireihige Figuren-/Beckenstation	waessriger Grundauszug der H1-Bildpflanze	CASE_PREPARATION_OR_APPLICATION_COMMAND	39_WORD_COMPOSITION_OR_173_LEARNED_CARD	YES	NOT_APPLICABLE	NONE
PROSE:E146	PROSE_CASE	f81v	B1	C1	qolky	PROC087	SOLK+Y	AUFFANGEN · ARBEITSPOSTEN	gemeinsame zweireihige Figuren-/Beckenstation	waessriger Grundauszug der H1-Bildpflanze	CASE_PREPARATION_OR_APPLICATION_COMMAND	39_WORD_COMPOSITION_OR_173_LEARNED_CARD	YES	NOT_APPLICABLE	NONE
PROSE:E147	PROSE_CASE	f81v	B1	C1	lchedal	PROC088	L+CHD+AL	WEITERLEITEN · UMSETZEN · ZIELSTELLE	gemeinsame zweireihige Figuren-/Beckenstation	waessriger Grundauszug der H1-Bildpflanze	CASE_PREPARATION_OR_APPLICATION_COMMAND	39_WORD_COMPOSITION_OR_173_LEARNED_CARD	YES	NOT_APPLICABLE	NONE
PROSE:E148	PROSE_CASE	f81v	B1	C1	qol	PROC013	OL	FORTSETZEN	gemeinsame zweireihige Figuren-/Beckenstation	waessriger Grundauszug der H1-Bildpflanze	CASE_PREPARATION_OR_APPLICATION_COMMAND	39_WORD_COMPOSITION_OR_173_LEARNED_CARD	YES	NOT_APPLICABLE	NONE
PROSE:E149	PROSE_CASE	f81v	B1	C1	otar	PROC089	OT+AR	DANACH · VORRAT	gemeinsame zweireihige Figuren-/Beckenstation	waessriger Grundauszug der H1-Bildpflanze	CASE_PREPARATION_OR_APPLICATION_COMMAND	39_WORD_COMPOSITION_OR_173_LEARNED_CARD	YES	NOT_APPLICABLE	NONE
PROSE:E150	PROSE_CASE	f81v	B1	C1	ytey	PROC090	T+E+Y	EINTRAGEN · KURZ · ARBEITSPOSTEN	gemeinsame zweireihige Figuren-/Beckenstation	waessriger Grundauszug der H1-Bildpflanze	CASE_PREPARATION_OR_APPLICATION_COMMAND	39_WORD_COMPOSITION_OR_173_LEARNED_CARD	YES	NOT_APPLICABLE	NONE
PROSE:E151	PROSE_CASE	f81v	B1	C1	okchedy	PROC091	OK+CHD+DY	ANSETZEN · UMSETZEN; SCHLUSS	gemeinsame zweireihige Figuren-/Beckenstation	waessriger Grundauszug der H1-Bildpflanze	CASE_PREPARATION_OR_APPLICATION_COMMAND	39_WORD_COMPOSITION_OR_173_LEARNED_CARD	YES	NOT_APPLICABLE	NONE
PROSE:E152	PROSE_CASE	f81v	B1	C1	qokal	PROC048	OK+AL	ANSETZEN · ZIELSTELLE	gemeinsame zweireihige Figuren-/Beckenstation	waessriger Grundauszug der H1-Bildpflanze	CASE_PREPARATION_OR_APPLICATION_COMMAND	39_WORD_COMPOSITION_OR_173_LEARNED_CARD	YES	NOT_APPLICABLE	NONE
PROSE:E153	PROSE_CASE	f81v	B1	C1	okeey	PROC092	OK+EE+Y	ANSETZEN · LANG · ARBEITSPOSTEN	gemeinsame zweireihige Figuren-/Beckenstation	waessriger Grundauszug der H1-Bildpflanze	CASE_PREPARATION_OR_APPLICATION_COMMAND	39_WORD_COMPOSITION_OR_173_LEARNED_CARD	YES	NOT_APPLICABLE	NONE
PROSE:E154	PROSE_CASE	f81v	B1	C1	qol	PROC013	OL	FORTSETZEN	gemeinsame zweireihige Figuren-/Beckenstation	waessriger Grundauszug der H1-Bildpflanze	CASE_PREPARATION_OR_APPLICATION_COMMAND	39_WORD_COMPOSITION_OR_173_LEARNED_CARD	YES	NOT_APPLICABLE	NONE
PROSE:E155	PROSE_CASE	f81v	B1	C1	cheedy	PROC078	SHED+DY	ABSETZEN; SCHLUSS	gemeinsame zweireihige Figuren-/Beckenstation	waessriger Grundauszug der H1-Bildpflanze	CASE_PREPARATION_OR_APPLICATION_COMMAND	39_WORD_COMPOSITION_OR_173_LEARNED_CARD	YES	NOT_APPLICABLE	NONE
PROSE:E156	PROSE_CASE	f81v	B1	C1	sal	PROC055	AL	ZIELSTELLE	gemeinsame zweireihige Figuren-/Beckenstation	waessriger Grundauszug der H1-Bildpflanze	CASE_PREPARATION_OR_APPLICATION_COMMAND	39_WORD_COMPOSITION_OR_173_LEARNED_CARD	YES	NOT_APPLICABLE	NONE
PROSE:E157	PROSE_CASE	f81v	B1	C1	teol	PROC093	E+OL	KURZ · FORTSETZEN	gemeinsame zweireihige Figuren-/Beckenstation	waessriger Grundauszug der H1-Bildpflanze	CASE_PREPARATION_OR_APPLICATION_COMMAND	39_WORD_COMPOSITION_OR_173_LEARNED_CARD	YES	NOT_APPLICABLE	NONE
PROSE:E158	PROSE_CASE	f81v	B1	C1	dchdy	PROC094	CHD+DY	UMSETZEN; SCHLUSS	gemeinsame zweireihige Figuren-/Beckenstation	waessriger Grundauszug der H1-Bildpflanze	CASE_PREPARATION_OR_APPLICATION_COMMAND	39_WORD_COMPOSITION_OR_173_LEARNED_CARD	YES	NOT_APPLICABLE	NONE
PROSE:E159	PROSE_CASE	f81v	B1	C1	ly	PROC095	L+Y	WEITERLEITEN · ARBEITSPOSTEN	gemeinsame zweireihige Figuren-/Beckenstation	waessriger Grundauszug der H1-Bildpflanze	CASE_PREPARATION_OR_APPLICATION_COMMAND	39_WORD_COMPOSITION_OR_173_LEARNED_CARD	YES	NOT_APPLICABLE	NONE
PROSE:E160	PROSE_CASE	f81v	B1	C1	dsheol	PROC096	SH+E+OL	HALTEN · KURZ · FORTSETZEN	gemeinsame zweireihige Figuren-/Beckenstation	waessriger Grundauszug der H1-Bildpflanze	CASE_PREPARATION_OR_APPLICATION_COMMAND	39_WORD_COMPOSITION_OR_173_LEARNED_CARD	YES	NOT_APPLICABLE	NONE
PROSE:E161	PROSE_CASE	f81v	B1	C1	oiiin	PROC097	O+IIN	ARBEITSGANG · ARBEITSSTUFE	gemeinsame zweireihige Figuren-/Beckenstation	waessriger Grundauszug der H1-Bildpflanze	CASE_PREPARATION_OR_APPLICATION_COMMAND	39_WORD_COMPOSITION_OR_173_LEARNED_CARD	YES	NOT_APPLICABLE	NONE
PROSE:E162	PROSE_CASE	f81v	B1	C1	olkeedy	PROC098	SOLK+EE+DY	AUFFANGEN · LANG; SCHLUSS	gemeinsame zweireihige Figuren-/Beckenstation	waessriger Grundauszug der H1-Bildpflanze	CASE_PREPARATION_OR_APPLICATION_COMMAND	39_WORD_COMPOSITION_OR_173_LEARNED_CARD	YES	NOT_APPLICABLE	NONE
PROSE:E163	PROSE_CASE	f81v	B1	C1	tedy	PROC078	SHED+DY	ABSETZEN; SCHLUSS	gemeinsame zweireihige Figuren-/Beckenstation	waessriger Grundauszug der H1-Bildpflanze	CASE_PREPARATION_OR_APPLICATION_COMMAND	39_WORD_COMPOSITION_OR_173_LEARNED_CARD	YES	NOT_APPLICABLE	NONE
PROSE:E164	PROSE_CASE	f81v	B1	C1	cheky	PROC083	CHK+E+Y	WAERMEN · KURZ · ARBEITSPOSTEN	gemeinsame zweireihige Figuren-/Beckenstation	waessriger Grundauszug der H1-Bildpflanze	CASE_PREPARATION_OR_APPLICATION_COMMAND	39_WORD_COMPOSITION_OR_173_LEARNED_CARD	YES	NOT_APPLICABLE	NONE
PROSE:E165	PROSE_CASE	f81v	B1	C1	shckhedy	PROC099	SH+CKH+E+DY	HALTEN · DURCHLASSKANAL · KURZ; SCHLUSS	gemeinsame zweireihige Figuren-/Beckenstation	waessriger Grundauszug der H1-Bildpflanze	CASE_PREPARATION_OR_APPLICATION_COMMAND	39_WORD_COMPOSITION_OR_173_LEARNED_CARD	YES	NOT_APPLICABLE	NONE
PROSE:E166	PROSE_CASE	f81v	B1	C1	chal	PROC055	AL	ZIELSTELLE	gemeinsame zweireihige Figuren-/Beckenstation	waessriger Grundauszug der H1-Bildpflanze	CASE_PREPARATION_OR_APPLICATION_COMMAND	39_WORD_COMPOSITION_OR_173_LEARNED_CARD	YES	NOT_APPLICABLE	NONE
PROSE:E167	PROSE_CASE	f82r	B2	C2	dchedy	PROC076	CHD+DY	UMSETZEN; SCHLUSS	oberes Beckenpaar mit Zylinder	staerkerer Nach- oder Spuelauszug der H2-Bildpflanze	CASE_PREPARATION_OR_APPLICATION_COMMAND	39_WORD_COMPOSITION_OR_173_LEARNED_CARD	YES	NOT_APPLICABLE	NONE
PROSE:E168	PROSE_CASE	f82r	B2	C2	qolchedy	PROC079	OL+CHD+DY	FORTSETZEN · UMSETZEN; SCHLUSS	oberes Beckenpaar mit Zylinder	staerkerer Nach- oder Spuelauszug der H2-Bildpflanze	CASE_PREPARATION_OR_APPLICATION_COMMAND	39_WORD_COMPOSITION_OR_173_LEARNED_CARD	YES	NOT_APPLICABLE	NONE
PROSE:E169	PROSE_CASE	f82r	B2	C2	qokain	PROC080	OK+AIN	ANSETZEN · PORTION	oberes Beckenpaar mit Zylinder	staerkerer Nach- oder Spuelauszug der H2-Bildpflanze	CASE_PREPARATION_OR_APPLICATION_COMMAND	39_WORD_COMPOSITION_OR_173_LEARNED_CARD	YES	NOT_APPLICABLE	NONE
PROSE:E170	PROSE_CASE	f82r	B2	C2	dy	PROC019	Y	ARBEITSPOSTEN	oberes Beckenpaar mit Zylinder	staerkerer Nach- oder Spuelauszug der H2-Bildpflanze	CASE_PREPARATION_OR_APPLICATION_COMMAND	39_WORD_COMPOSITION_OR_173_LEARNED_CARD	YES	NOT_APPLICABLE	NONE
PROSE:E171	PROSE_CASE	f82r	B2	C2	qokeedy	PROC100	OK+EE+DY	ANSETZEN · LANG; SCHLUSS	oberes Beckenpaar mit Zylinder	staerkerer Nach- oder Spuelauszug der H2-Bildpflanze	CASE_PREPARATION_OR_APPLICATION_COMMAND	39_WORD_COMPOSITION_OR_173_LEARNED_CARD	YES	NOT_APPLICABLE	NONE
PROSE:E172	PROSE_CASE	f82r	B2	C2	qokal	PROC048	OK+AL	ANSETZEN · ZIELSTELLE	oberes Beckenpaar mit Zylinder	staerkerer Nach- oder Spuelauszug der H2-Bildpflanze	CASE_PREPARATION_OR_APPLICATION_COMMAND	39_WORD_COMPOSITION_OR_173_LEARNED_CARD	YES	NOT_APPLICABLE	NONE
PROSE:E173	PROSE_CASE	f82r	B2	C2	lcheckhy	PROC101	L+CKH+Y	WEITERLEITEN · DURCHLASSKANAL · ARBEITSPOSTEN	oberes Beckenpaar mit Zylinder	staerkerer Nach- oder Spuelauszug der H2-Bildpflanze	CASE_PREPARATION_OR_APPLICATION_COMMAND	39_WORD_COMPOSITION_OR_173_LEARNED_CARD	YES	NOT_APPLICABLE	NONE
PROSE:E174	PROSE_CASE	f82r	B2	C2	lched	PROC102	L+CHD	WEITERLEITEN · UMSETZEN	oberes Beckenpaar mit Zylinder	staerkerer Nach- oder Spuelauszug der H2-Bildpflanze	CASE_PREPARATION_OR_APPLICATION_COMMAND	39_WORD_COMPOSITION_OR_173_LEARNED_CARD	YES	NOT_APPLICABLE	NONE
PROSE:E175	PROSE_CASE	f82r	B2	C2	qokeey	PROC092	OK+EE+Y	ANSETZEN · LANG · ARBEITSPOSTEN	oberes Beckenpaar mit Zylinder	staerkerer Nach- oder Spuelauszug der H2-Bildpflanze	CASE_PREPARATION_OR_APPLICATION_COMMAND	39_WORD_COMPOSITION_OR_173_LEARNED_CARD	YES	NOT_APPLICABLE	NONE
PROSE:E176	PROSE_CASE	f82r	B2	C2	lcheckhedy	PROC103	L+CKH+E+DY	WEITERLEITEN · DURCHLASSKANAL · KURZ; SCHLUSS	oberes Beckenpaar mit Zylinder	staerkerer Nach- oder Spuelauszug der H2-Bildpflanze	CASE_PREPARATION_OR_APPLICATION_COMMAND	39_WORD_COMPOSITION_OR_173_LEARNED_CARD	YES	NOT_APPLICABLE	NONE
PROSE:E177	PROSE_CASE	f82r	B2	C2	qokaly	PROC104	OK+AL+Y	ANSETZEN · ZIELSTELLE · ARBEITSPOSTEN	oberes Beckenpaar mit Zylinder	staerkerer Nach- oder Spuelauszug der H2-Bildpflanze	CASE_PREPARATION_OR_APPLICATION_COMMAND	39_WORD_COMPOSITION_OR_173_LEARNED_CARD	YES	NOT_APPLICABLE	NONE
PROSE:E178	PROSE_CASE	f82r	B2	C2	solkaiin	PROC105	SOLK+AIIN	AUFFANGEN · SOLLMASS	oberes Beckenpaar mit Zylinder	staerkerer Nach- oder Spuelauszug der H2-Bildpflanze	CASE_PREPARATION_OR_APPLICATION_COMMAND	39_WORD_COMPOSITION_OR_173_LEARNED_CARD	YES	NOT_APPLICABLE	NONE
PROSE:E179	PROSE_CASE	f82r	B2	C2	chckhy	PROC075	CKH+Y	DURCHLASSKANAL · ARBEITSPOSTEN	oberes Beckenpaar mit Zylinder	staerkerer Nach- oder Spuelauszug der H2-Bildpflanze	CASE_PREPARATION_OR_APPLICATION_COMMAND	39_WORD_COMPOSITION_OR_173_LEARNED_CARD	YES	NOT_APPLICABLE	NONE
PROSE:E180	PROSE_CASE	f82r	B2	C2	qokaiin	PROC038	OK+AIIN	ANSETZEN · SOLLMASS	oberes Beckenpaar mit Zylinder	staerkerer Nach- oder Spuelauszug der H2-Bildpflanze	CASE_PREPARATION_OR_APPLICATION_COMMAND	39_WORD_COMPOSITION_OR_173_LEARNED_CARD	YES	NOT_APPLICABLE	NONE
PROSE:E181	PROSE_CASE	f82r	B2	C2	qokaiin	PROC038	OK+AIIN	ANSETZEN · SOLLMASS	oberes Beckenpaar mit Zylinder	staerkerer Nach- oder Spuelauszug der H2-Bildpflanze	CASE_PREPARATION_OR_APPLICATION_COMMAND	39_WORD_COMPOSITION_OR_173_LEARNED_CARD	YES	NOT_APPLICABLE	NONE
PROSE:E182	PROSE_CASE	f82r	B2	C2	octheol	PROC106	O+CTH+E+OL	ARBEITSGANG · BEREIT · KURZ · FORTSETZEN	oberes Beckenpaar mit Zylinder	staerkerer Nach- oder Spuelauszug der H2-Bildpflanze	CASE_PREPARATION_OR_APPLICATION_COMMAND	39_WORD_COMPOSITION_OR_173_LEARNED_CARD	YES	NOT_APPLICABLE	NONE
PROSE:E183	PROSE_CASE	f82r	B2	C2	chkeey	PROC107	CHK+EE+Y	WAERMEN · LANG · ARBEITSPOSTEN	oberes Beckenpaar mit Zylinder	staerkerer Nach- oder Spuelauszug der H2-Bildpflanze	CASE_PREPARATION_OR_APPLICATION_COMMAND	39_WORD_COMPOSITION_OR_173_LEARNED_CARD	YES	NOT_APPLICABLE	NONE
PROSE:E184	PROSE_CASE	f82r	B2	C2	ldy	PROC108	L+DY	WEITERLEITEN; SCHLUSS	oberes Beckenpaar mit Zylinder	staerkerer Nach- oder Spuelauszug der H2-Bildpflanze	CASE_PREPARATION_OR_APPLICATION_COMMAND	39_WORD_COMPOSITION_OR_173_LEARNED_CARD	YES	NOT_APPLICABLE	NONE
PROSE:E185	PROSE_CASE	f82r	B2	C2	oteey	PROC109	OT+EE+Y	DANACH · LANG · ARBEITSPOSTEN	oberes Beckenpaar mit Zylinder	staerkerer Nach- oder Spuelauszug der H2-Bildpflanze	CASE_PREPARATION_OR_APPLICATION_COMMAND	39_WORD_COMPOSITION_OR_173_LEARNED_CARD	YES	NOT_APPLICABLE	NONE
PROSE:E186	PROSE_CASE	f82r	B2	C2	qokal	PROC048	OK+AL	ANSETZEN · ZIELSTELLE	oberes Beckenpaar mit Zylinder	staerkerer Nach- oder Spuelauszug der H2-Bildpflanze	CASE_PREPARATION_OR_APPLICATION_COMMAND	39_WORD_COMPOSITION_OR_173_LEARNED_CARD	YES	NOT_APPLICABLE	NONE
PROSE:E187	PROSE_CASE	f82r	B2	C2	sheckhy	PROC110	SH+E+CKH+Y	HALTEN · KURZ · DURCHLASSKANAL · ARBEITSPOSTEN	oberes Beckenpaar mit Zylinder	staerkerer Nach- oder Spuelauszug der H2-Bildpflanze	CASE_PREPARATION_OR_APPLICATION_COMMAND	39_WORD_COMPOSITION_OR_173_LEARNED_CARD	YES	NOT_APPLICABLE	NONE
PROSE:E188	PROSE_CASE	f82r	B2	C2	qoky	PROC008	OK+Y	ANSETZEN · ARBEITSPOSTEN	oberes Beckenpaar mit Zylinder	staerkerer Nach- oder Spuelauszug der H2-Bildpflanze	CASE_PREPARATION_OR_APPLICATION_COMMAND	39_WORD_COMPOSITION_OR_173_LEARNED_CARD	YES	NOT_APPLICABLE	NONE
PROSE:E189	PROSE_CASE	f82r	B2	C2	dshedy	PROC111	SH+E+DY	HALTEN · KURZ; SCHLUSS	mittleres linkes Handgerät mit Inline-Knoten	staerkerer Nach- oder Spuelauszug der H2-Bildpflanze	CASE_PREPARATION_OR_APPLICATION_COMMAND	39_WORD_COMPOSITION_OR_173_LEARNED_CARD	YES	NOT_APPLICABLE	NONE
PROSE:E190	PROSE_CASE	f82r	B2	C2	sotaiin	PROC112	OT+AIIN	DANACH · SOLLMASS	mittleres linkes Handgerät mit Inline-Knoten	staerkerer Nach- oder Spuelauszug der H2-Bildpflanze	CASE_PREPARATION_OR_APPLICATION_COMMAND	39_WORD_COMPOSITION_OR_173_LEARNED_CARD	YES	NOT_APPLICABLE	NONE
PROSE:E191	PROSE_CASE	f82r	B2	C2	qokar	PROC113	OK+AR	ANSETZEN · VORRAT	mittleres linkes Handgerät mit Inline-Knoten	staerkerer Nach- oder Spuelauszug der H2-Bildpflanze	CASE_PREPARATION_OR_APPLICATION_COMMAND	39_WORD_COMPOSITION_OR_173_LEARNED_CARD	YES	NOT_APPLICABLE	NONE
PROSE:E192	PROSE_CASE	f82r	B2	C2	shedy	PROC078	SHED+DY	ABSETZEN; SCHLUSS	mittleres linkes Handgerät mit Inline-Knoten	staerkerer Nach- oder Spuelauszug der H2-Bildpflanze	CASE_PREPARATION_OR_APPLICATION_COMMAND	39_WORD_COMPOSITION_OR_173_LEARNED_CARD	YES	NOT_APPLICABLE	NONE
PROSE:E193	PROSE_CASE	f82r	B2	C2	solshedy	PROC114	OL+SH+E+DY	FORTSETZEN · HALTEN · KURZ; SCHLUSS	mittleres linkes Handgerät mit Inline-Knoten	staerkerer Nach- oder Spuelauszug der H2-Bildpflanze	CASE_PREPARATION_OR_APPLICATION_COMMAND	39_WORD_COMPOSITION_OR_173_LEARNED_CARD	YES	NOT_APPLICABLE	NONE
PROSE:E194	PROSE_CASE	f82r	B2	C2	qokeey	PROC092	OK+EE+Y	ANSETZEN · LANG · ARBEITSPOSTEN	mittleres linkes Handgerät mit Inline-Knoten	staerkerer Nach- oder Spuelauszug der H2-Bildpflanze	CASE_PREPARATION_OR_APPLICATION_COMMAND	39_WORD_COMPOSITION_OR_173_LEARNED_CARD	YES	NOT_APPLICABLE	NONE
PROSE:E195	PROSE_CASE	f82r	B2	C2	qoky	PROC008	OK+Y	ANSETZEN · ARBEITSPOSTEN	mittleres linkes Handgerät mit Inline-Knoten	staerkerer Nach- oder Spuelauszug der H2-Bildpflanze	CASE_PREPARATION_OR_APPLICATION_COMMAND	39_WORD_COMPOSITION_OR_173_LEARNED_CARD	YES	NOT_APPLICABLE	NONE
PROSE:E196	PROSE_CASE	f82r	B2	C2	ls	PROC115	OL	FORTSETZEN	mittleres linkes Handgerät mit Inline-Knoten	staerkerer Nach- oder Spuelauszug der H2-Bildpflanze	CASE_PREPARATION_OR_APPLICATION_COMMAND	39_WORD_COMPOSITION_OR_173_LEARNED_CARD	YES	NOT_APPLICABLE	NONE
PROSE:E197	PROSE_CASE	f82r	B2	C2	cheey	PROC031	SH+EE+Y	HALTEN · LANG · ARBEITSPOSTEN	mittleres linkes Handgerät mit Inline-Knoten	staerkerer Nach- oder Spuelauszug der H2-Bildpflanze	CASE_PREPARATION_OR_APPLICATION_COMMAND	39_WORD_COMPOSITION_OR_173_LEARNED_CARD	YES	NOT_APPLICABLE	NONE
PROSE:E198	PROSE_CASE	f82r	B2	C2	okain	PROC080	OK+AIN	ANSETZEN · PORTION	mittlere rechte unklare Station	staerkerer Nach- oder Spuelauszug der H2-Bildpflanze	CASE_PREPARATION_OR_APPLICATION_COMMAND	39_WORD_COMPOSITION_OR_173_LEARNED_CARD	YES	NOT_APPLICABLE	NONE
PROSE:E199	PROSE_CASE	f82r	B2	C2	char	PROC003	AR	VORRAT	mittlere rechte unklare Station	staerkerer Nach- oder Spuelauszug der H2-Bildpflanze	CASE_PREPARATION_OR_APPLICATION_COMMAND	39_WORD_COMPOSITION_OR_173_LEARNED_CARD	YES	NOT_APPLICABLE	NONE
PROSE:E200	PROSE_CASE	f82r	B2	C2	okain	PROC080	OK+AIN	ANSETZEN · PORTION	mittlere rechte unklare Station	staerkerer Nach- oder Spuelauszug der H2-Bildpflanze	CASE_PREPARATION_OR_APPLICATION_COMMAND	39_WORD_COMPOSITION_OR_173_LEARNED_CARD	YES	NOT_APPLICABLE	NONE
PROSE:E201	PROSE_CASE	f82r	B2	C2	qokeedy	PROC100	OK+EE+DY	ANSETZEN · LANG; SCHLUSS	mittlere rechte unklare Station	staerkerer Nach- oder Spuelauszug der H2-Bildpflanze	CASE_PREPARATION_OR_APPLICATION_COMMAND	39_WORD_COMPOSITION_OR_173_LEARNED_CARD	YES	NOT_APPLICABLE	NONE
PROSE:E202	PROSE_CASE	f82r	B2	C2	lchy	PROC116	L+CH+Y	WEITERLEITEN · ABNEHMEN · ARBEITSPOSTEN	mittlere rechte unklare Station	staerkerer Nach- oder Spuelauszug der H2-Bildpflanze	CASE_PREPARATION_OR_APPLICATION_COMMAND	39_WORD_COMPOSITION_OR_173_LEARNED_CARD	YES	NOT_APPLICABLE	NONE
PROSE:E203	PROSE_CASE	f82r	B2	C2	cheey	PROC031	SH+EE+Y	HALTEN · LANG · ARBEITSPOSTEN	mittlere rechte unklare Station	staerkerer Nach- oder Spuelauszug der H2-Bildpflanze	CASE_PREPARATION_OR_APPLICATION_COMMAND	39_WORD_COMPOSITION_OR_173_LEARNED_CARD	YES	NOT_APPLICABLE	NONE
PROSE:E204	PROSE_CASE	f82r	B2	C2	qcthey	PROC117	CTH+E+Y	BEREIT · KURZ · ARBEITSPOSTEN	mittlere rechte unklare Station	staerkerer Nach- oder Spuelauszug der H2-Bildpflanze	CASE_PREPARATION_OR_APPLICATION_COMMAND	39_WORD_COMPOSITION_OR_173_LEARNED_CARD	YES	NOT_APPLICABLE	NONE
PROSE:E205	PROSE_CASE	f82r	B2	C2	qokeey	PROC092	OK+EE+Y	ANSETZEN · LANG · ARBEITSPOSTEN	mittlere rechte unklare Station	staerkerer Nach- oder Spuelauszug der H2-Bildpflanze	CASE_PREPARATION_OR_APPLICATION_COMMAND	39_WORD_COMPOSITION_OR_173_LEARNED_CARD	YES	NOT_APPLICABLE	NONE
PROSE:E206	PROSE_CASE	f82r	B2	C2	lcheey	PROC118	L+EE+Y	WEITERLEITEN · LANG · ARBEITSPOSTEN	mittlere rechte unklare Station	staerkerer Nach- oder Spuelauszug der H2-Bildpflanze	CASE_PREPARATION_OR_APPLICATION_COMMAND	39_WORD_COMPOSITION_OR_173_LEARNED_CARD	YES	NOT_APPLICABLE	NONE
PROSE:E207	PROSE_CASE	f82r	B2	C2	daiin	PROC009	AIIN	SOLLMASS	mittlere rechte unklare Station	staerkerer Nach- oder Spuelauszug der H2-Bildpflanze	CASE_PREPARATION_OR_APPLICATION_COMMAND	39_WORD_COMPOSITION_OR_173_LEARNED_CARD	YES	NOT_APPLICABLE	NONE
PROSE:E208	PROSE_CASE	f82r	B2	C2	chey	PROC019	Y	ARBEITSPOSTEN	mittlere rechte unklare Station	staerkerer Nach- oder Spuelauszug der H2-Bildpflanze	CASE_PREPARATION_OR_APPLICATION_COMMAND	39_WORD_COMPOSITION_OR_173_LEARNED_CARD	YES	NOT_APPLICABLE	NONE
PROSE:E209	PROSE_CASE	f82r	B2	C2	qokeeedy	PROC119	OK+EEE+DY	ANSETZEN · VOLL; SCHLUSS	mittlere rechte unklare Station	staerkerer Nach- oder Spuelauszug der H2-Bildpflanze	CASE_PREPARATION_OR_APPLICATION_COMMAND	39_WORD_COMPOSITION_OR_173_LEARNED_CARD	YES	NOT_APPLICABLE	NONE
PROSE:E210	PROSE_CASE	f82r	B2	C2	lchedy	PROC120	L+CHD+DY	WEITERLEITEN · UMSETZEN; SCHLUSS	unteres grünes Mehrfigurenbecken	staerkerer Nach- oder Spuelauszug der H2-Bildpflanze	CASE_PREPARATION_OR_APPLICATION_COMMAND	39_WORD_COMPOSITION_OR_173_LEARNED_CARD	YES	NOT_APPLICABLE	NONE
PROSE:E211	PROSE_CASE	f82r	B2	C2	lar	PROC121	L+AR	WEITERLEITEN · VORRAT	unteres grünes Mehrfigurenbecken	staerkerer Nach- oder Spuelauszug der H2-Bildpflanze	CASE_PREPARATION_OR_APPLICATION_COMMAND	39_WORD_COMPOSITION_OR_173_LEARNED_CARD	YES	NOT_APPLICABLE	NONE
PROSE:E212	PROSE_CASE	f82r	B2	C2	tshey	PROC122	SH+E+Y	HALTEN · KURZ · ARBEITSPOSTEN	kleine Randstationen des unteren Beckens	staerkerer Nach- oder Spuelauszug der H2-Bildpflanze	CASE_PREPARATION_OR_APPLICATION_COMMAND	39_WORD_COMPOSITION_OR_173_LEARNED_CARD	YES	NOT_APPLICABLE	NONE
PROSE:E213	PROSE_CASE	f82r	B2	C2	qokeedy	PROC100	OK+EE+DY	ANSETZEN · LANG; SCHLUSS	kleine Randstationen des unteren Beckens	staerkerer Nach- oder Spuelauszug der H2-Bildpflanze	CASE_PREPARATION_OR_APPLICATION_COMMAND	39_WORD_COMPOSITION_OR_173_LEARNED_CARD	YES	NOT_APPLICABLE	NONE
PROSE:E214	PROSE_CASE	f82r	B2	C2	cheal	PROC055	AL	ZIELSTELLE	kleine Randstationen des unteren Beckens	staerkerer Nach- oder Spuelauszug der H2-Bildpflanze	CASE_PREPARATION_OR_APPLICATION_COMMAND	39_WORD_COMPOSITION_OR_173_LEARNED_CARD	YES	NOT_APPLICABLE	NONE
PROSE:E215	PROSE_CASE	f82r	B2	C2	lchedar	PROC123	L+CHD+AR	WEITERLEITEN · UMSETZEN · VORRAT	kleine Randstationen des unteren Beckens	staerkerer Nach- oder Spuelauszug der H2-Bildpflanze	CASE_PREPARATION_OR_APPLICATION_COMMAND	39_WORD_COMPOSITION_OR_173_LEARNED_CARD	YES	NOT_APPLICABLE	NONE
PROSE:E216	PROSE_CASE	f82r	B2	C2	ches	PROC124	CH+E+S	ABNEHMEN · KURZ · TEILEN	kleine Randstationen des unteren Beckens	staerkerer Nach- oder Spuelauszug der H2-Bildpflanze	CASE_PREPARATION_OR_APPLICATION_COMMAND	39_WORD_COMPOSITION_OR_173_LEARNED_CARD	YES	NOT_APPLICABLE	NONE
PROSE:E217	PROSE_CASE	f82r	B2	C2	aiin	PROC009	AIIN	SOLLMASS	kleine Randstationen des unteren Beckens	staerkerer Nach- oder Spuelauszug der H2-Bildpflanze	CASE_PREPARATION_OR_APPLICATION_COMMAND	39_WORD_COMPOSITION_OR_173_LEARNED_CARD	YES	NOT_APPLICABLE	NONE
PROSE:E218	PROSE_CASE	f82r	B2	C2	oteey	PROC109	OT+EE+Y	DANACH · LANG · ARBEITSPOSTEN	kleine Randstationen des unteren Beckens	staerkerer Nach- oder Spuelauszug der H2-Bildpflanze	CASE_PREPARATION_OR_APPLICATION_COMMAND	39_WORD_COMPOSITION_OR_173_LEARNED_CARD	YES	NOT_APPLICABLE	NONE
PROSE:E219	PROSE_CASE	f82r	B2	C2	qokaiin	PROC038	OK+AIIN	ANSETZEN · SOLLMASS	kleine Randstationen des unteren Beckens	staerkerer Nach- oder Spuelauszug der H2-Bildpflanze	CASE_PREPARATION_OR_APPLICATION_COMMAND	39_WORD_COMPOSITION_OR_173_LEARNED_CARD	YES	NOT_APPLICABLE	NONE
PROSE:E220	PROSE_CASE	f82r	B2	C2	okey	PROC085	OK+E+Y	ANSETZEN · KURZ · ARBEITSPOSTEN	kleine Randstationen des unteren Beckens	staerkerer Nach- oder Spuelauszug der H2-Bildpflanze	CASE_PREPARATION_OR_APPLICATION_COMMAND	39_WORD_COMPOSITION_OR_173_LEARNED_CARD	YES	NOT_APPLICABLE	NONE
PROSE:E221	PROSE_CASE	f82r	B2	C2	pchedy	PROC125	P+CHD+DY	EINFUELLEN · UMSETZEN; SCHLUSS	kleine Randstationen des unteren Beckens	staerkerer Nach- oder Spuelauszug der H2-Bildpflanze	CASE_PREPARATION_OR_APPLICATION_COMMAND	39_WORD_COMPOSITION_OR_173_LEARNED_CARD	YES	NOT_APPLICABLE	NONE
PROSE:E222	PROSE_CASE	f82r	B2	C2	rsheal	PROC126	R+SH+E+AL	KUEHLEN · HALTEN · KURZ · ZIELSTELLE	kleine Randstationen des unteren Beckens	staerkerer Nach- oder Spuelauszug der H2-Bildpflanze	CASE_PREPARATION_OR_APPLICATION_COMMAND	39_WORD_COMPOSITION_OR_173_LEARNED_CARD	YES	NOT_APPLICABLE	NONE
PROSE:E223	PROSE_CASE	f82r	B2	C2	daldy	PROC127	AL+DY	ZIELSTELLE; SCHLUSS	kleine Randstationen des unteren Beckens	staerkerer Nach- oder Spuelauszug der H2-Bildpflanze	CASE_PREPARATION_OR_APPLICATION_COMMAND	39_WORD_COMPOSITION_OR_173_LEARNED_CARD	YES	NOT_APPLICABLE	NONE
PROSE:E224	PROSE_CASE	f82r	B2	C2	qokeedy	PROC100	OK+EE+DY	ANSETZEN · LANG; SCHLUSS	kleine Randstationen des unteren Beckens	staerkerer Nach- oder Spuelauszug der H2-Bildpflanze	CASE_PREPARATION_OR_APPLICATION_COMMAND	39_WORD_COMPOSITION_OR_173_LEARNED_CARD	YES	NOT_APPLICABLE	NONE
PROSE:E225	PROSE_CASE	f82r	B2	C2	rshedy	PROC128	R+SHED+DY	KUEHLEN · ABSETZEN; SCHLUSS	kleine Randstationen des unteren Beckens	staerkerer Nach- oder Spuelauszug der H2-Bildpflanze	CASE_PREPARATION_OR_APPLICATION_COMMAND	39_WORD_COMPOSITION_OR_173_LEARNED_CARD	YES	NOT_APPLICABLE	NONE
PROSE:E226	PROSE_CASE	f82r	B2	C2	qoteedy	PROC129	OT+EE+DY	DANACH · LANG; SCHLUSS	kleine Randstationen des unteren Beckens	staerkerer Nach- oder Spuelauszug der H2-Bildpflanze	CASE_PREPARATION_OR_APPLICATION_COMMAND	39_WORD_COMPOSITION_OR_173_LEARNED_CARD	YES	NOT_APPLICABLE	NONE
PROSE:E227	PROSE_CASE	f82r	B2	C2	qokeedy	PROC100	OK+EE+DY	ANSETZEN · LANG; SCHLUSS	kleine Randstationen des unteren Beckens	staerkerer Nach- oder Spuelauszug der H2-Bildpflanze	CASE_PREPARATION_OR_APPLICATION_COMMAND	39_WORD_COMPOSITION_OR_173_LEARNED_CARD	YES	NOT_APPLICABLE	NONE
PROSE:E228	PROSE_CASE	f82r	B2	C2	lochedy	PROC130	L+O+CHD+DY	WEITERLEITEN · ARBEITSGANG · UMSETZEN; SCHLUSS	kleine Randstationen des unteren Beckens	staerkerer Nach- oder Spuelauszug der H2-Bildpflanze	CASE_PREPARATION_OR_APPLICATION_COMMAND	39_WORD_COMPOSITION_OR_173_LEARNED_CARD	YES	NOT_APPLICABLE	NONE
PROSE:E229	PROSE_CASE	f83r	B3	C3	olkeedy	PROC098	SOLK+EE+DY	AUFFANGEN · LANG; SCHLUSS	obere offene Fächerstation am Rand	Bluetenauszug der H3-Bildpflanze	CASE_PREPARATION_OR_APPLICATION_COMMAND	39_WORD_COMPOSITION_OR_173_LEARNED_CARD	YES	NOT_APPLICABLE	NONE
PROSE:E230	PROSE_CASE	f83r	B3	C3	qotal	PROC131	OT+AL	DANACH · ZIELSTELLE	obere offene Fächerstation am Rand	Bluetenauszug der H3-Bildpflanze	CASE_PREPARATION_OR_APPLICATION_COMMAND	39_WORD_COMPOSITION_OR_173_LEARNED_CARD	YES	NOT_APPLICABLE	NONE
PROSE:E231	PROSE_CASE	f83r	B3	C3	chkeedy	PROC132	CHK+EE+DY	WAERMEN · LANG; SCHLUSS	obere offene Fächerstation am Rand	Bluetenauszug der H3-Bildpflanze	CASE_PREPARATION_OR_APPLICATION_COMMAND	39_WORD_COMPOSITION_OR_173_LEARNED_CARD	YES	NOT_APPLICABLE	NONE
PROSE:E232	PROSE_CASE	f83r	B3	C3	chey	PROC019	Y	ARBEITSPOSTEN	obere offene Fächerstation am Rand	Bluetenauszug der H3-Bildpflanze	CASE_PREPARATION_OR_APPLICATION_COMMAND	39_WORD_COMPOSITION_OR_173_LEARNED_CARD	YES	NOT_APPLICABLE	NONE
PROSE:E233	PROSE_CASE	f83r	B3	C3	daiin	PROC009	AIIN	SOLLMASS	obere offene Fächerstation am Rand	Bluetenauszug der H3-Bildpflanze	CASE_PREPARATION_OR_APPLICATION_COMMAND	39_WORD_COMPOSITION_OR_173_LEARNED_CARD	YES	NOT_APPLICABLE	NONE
PROSE:E234	PROSE_CASE	f83r	B3	C3	chey	PROC019	Y	ARBEITSPOSTEN	obere offene Fächerstation am Rand	Bluetenauszug der H3-Bildpflanze	CASE_PREPARATION_OR_APPLICATION_COMMAND	39_WORD_COMPOSITION_OR_173_LEARNED_CARD	YES	NOT_APPLICABLE	NONE
PROSE:E235	PROSE_CASE	f83r	B3	C3	lchedy	PROC120	L+CHD+DY	WEITERLEITEN · UMSETZEN; SCHLUSS	obere offene Fächerstation am Rand	Bluetenauszug der H3-Bildpflanze	CASE_PREPARATION_OR_APPLICATION_COMMAND	39_WORD_COMPOSITION_OR_173_LEARNED_CARD	YES	NOT_APPLICABLE	NONE
PROSE:E236	PROSE_CASE	f83r	B3	C3	qokaiin	PROC038	OK+AIIN	ANSETZEN · SOLLMASS	obere offene Fächerstation am Rand	Bluetenauszug der H3-Bildpflanze	CASE_PREPARATION_OR_APPLICATION_COMMAND	39_WORD_COMPOSITION_OR_173_LEARNED_CARD	YES	NOT_APPLICABLE	NONE
PROSE:E237	PROSE_CASE	f83r	B3	C3	qotal	PROC131	OT+AL	DANACH · ZIELSTELLE	obere offene Fächerstation am Rand	Bluetenauszug der H3-Bildpflanze	CASE_PREPARATION_OR_APPLICATION_COMMAND	39_WORD_COMPOSITION_OR_173_LEARNED_CARD	YES	NOT_APPLICABLE	NONE
PROSE:E238	PROSE_CASE	f83r	B3	C3	dar	PROC003	AR	VORRAT	obere offene Fächerstation am Rand	Bluetenauszug der H3-Bildpflanze	CASE_PREPARATION_OR_APPLICATION_COMMAND	39_WORD_COMPOSITION_OR_173_LEARNED_CARD	YES	NOT_APPLICABLE	NONE
PROSE:E239	PROSE_CASE	f83r	B3	C3	schedy	PROC076	CHD+DY	UMSETZEN; SCHLUSS	mittlere Randfigur im runden Gefäß	Bluetenauszug der H3-Bildpflanze	CASE_PREPARATION_OR_APPLICATION_COMMAND	39_WORD_COMPOSITION_OR_173_LEARNED_CARD	YES	NOT_APPLICABLE	NONE
PROSE:E240	PROSE_CASE	f83r	B3	C3	chedchy	PROC133	CHD+Y	UMSETZEN · ARBEITSPOSTEN	mittlere Randfigur im runden Gefäß	Bluetenauszug der H3-Bildpflanze	CASE_PREPARATION_OR_APPLICATION_COMMAND	39_WORD_COMPOSITION_OR_173_LEARNED_CARD	YES	NOT_APPLICABLE	NONE
PROSE:E241	PROSE_CASE	f83r	B3	C3	qokal	PROC048	OK+AL	ANSETZEN · ZIELSTELLE	mittlere Randfigur im runden Gefäß	Bluetenauszug der H3-Bildpflanze	CASE_PREPARATION_OR_APPLICATION_COMMAND	39_WORD_COMPOSITION_OR_173_LEARNED_CARD	YES	NOT_APPLICABLE	NONE
PROSE:E242	PROSE_CASE	f83r	B3	C3	olchedy	PROC079	OL+CHD+DY	FORTSETZEN · UMSETZEN; SCHLUSS	mittlere Randfigur im runden Gefäß	Bluetenauszug der H3-Bildpflanze	CASE_PREPARATION_OR_APPLICATION_COMMAND	39_WORD_COMPOSITION_OR_173_LEARNED_CARD	YES	NOT_APPLICABLE	NONE
PROSE:E243	PROSE_CASE	f83r	B3	C3	qokaiin	PROC038	OK+AIIN	ANSETZEN · SOLLMASS	mittlere Randfigur im runden Gefäß	Bluetenauszug der H3-Bildpflanze	CASE_PREPARATION_OR_APPLICATION_COMMAND	39_WORD_COMPOSITION_OR_173_LEARNED_CARD	YES	NOT_APPLICABLE	NONE
PROSE:E244	PROSE_CASE	f83r	B3	C3	chedy	PROC042	CHD+Y	UMSETZEN · ARBEITSPOSTEN	mittlere Randfigur im runden Gefäß	Bluetenauszug der H3-Bildpflanze	CASE_PREPARATION_OR_APPLICATION_COMMAND	39_WORD_COMPOSITION_OR_173_LEARNED_CARD	YES	NOT_APPLICABLE	NONE
PROSE:E245	PROSE_CASE	f83r	B3	C3	qokeedy	PROC100	OK+EE+DY	ANSETZEN · LANG; SCHLUSS	mittlere Randfigur im runden Gefäß	Bluetenauszug der H3-Bildpflanze	CASE_PREPARATION_OR_APPLICATION_COMMAND	39_WORD_COMPOSITION_OR_173_LEARNED_CARD	YES	NOT_APPLICABLE	NONE
PROSE:E246	PROSE_CASE	f83r	B3	C3	lchedy	PROC120	L+CHD+DY	WEITERLEITEN · UMSETZEN; SCHLUSS	mittlere Randfigur im runden Gefäß	Bluetenauszug der H3-Bildpflanze	CASE_PREPARATION_OR_APPLICATION_COMMAND	39_WORD_COMPOSITION_OR_173_LEARNED_CARD	YES	NOT_APPLICABLE	NONE
PROSE:E247	PROSE_CASE	f83r	B3	C3	qoky	PROC008	OK+Y	ANSETZEN · ARBEITSPOSTEN	mittlere Randfigur im runden Gefäß	Bluetenauszug der H3-Bildpflanze	CASE_PREPARATION_OR_APPLICATION_COMMAND	39_WORD_COMPOSITION_OR_173_LEARNED_CARD	YES	NOT_APPLICABLE	NONE
PROSE:E248	PROSE_CASE	f83r	B3	C3	pchedal	PROC134	P+CHD+AL	EINFUELLEN · UMSETZEN · ZIELSTELLE	untere Randfigur im korbartigen Gefäß	Bluetenauszug der H3-Bildpflanze	CASE_PREPARATION_OR_APPLICATION_COMMAND	39_WORD_COMPOSITION_OR_173_LEARNED_CARD	YES	NOT_APPLICABLE	NONE
PROSE:E249	PROSE_CASE	f83r	B3	C3	otedy	PROC135	OT+E+DY	DANACH · KURZ; SCHLUSS	untere Randfigur im korbartigen Gefäß	Bluetenauszug der H3-Bildpflanze	CASE_PREPARATION_OR_APPLICATION_COMMAND	39_WORD_COMPOSITION_OR_173_LEARNED_CARD	YES	NOT_APPLICABLE	NONE
PROSE:E250	PROSE_CASE	f83r	B3	C3	shecthedchy	PROC136	SH+E+CTH+CHD+Y	HALTEN · KURZ · BIS BEREIT; UMSETZEN · ARBEITSPOSTEN	untere Randfigur im korbartigen Gefäß	Bluetenauszug der H3-Bildpflanze	CASE_PREPARATION_OR_APPLICATION_COMMAND	39_WORD_COMPOSITION_OR_173_LEARNED_CARD	YES	NOT_APPLICABLE	NONE
PROSE:E251	PROSE_CASE	f83r	B3	C3	qoky	PROC008	OK+Y	ANSETZEN · ARBEITSPOSTEN	untere Randfigur im korbartigen Gefäß	Bluetenauszug der H3-Bildpflanze	CASE_PREPARATION_OR_APPLICATION_COMMAND	39_WORD_COMPOSITION_OR_173_LEARNED_CARD	YES	NOT_APPLICABLE	NONE
PROSE:E252	PROSE_CASE	f83r	B3	C3	chedy	PROC042	CHD+Y	UMSETZEN · ARBEITSPOSTEN	untere Randfigur im korbartigen Gefäß	Bluetenauszug der H3-Bildpflanze	CASE_PREPARATION_OR_APPLICATION_COMMAND	39_WORD_COMPOSITION_OR_173_LEARNED_CARD	YES	NOT_APPLICABLE	NONE
PROSE:E253	PROSE_CASE	f83r	B3	C3	chary	PROC137	AR+Y	VORRAT · ARBEITSPOSTEN	untere Randfigur im korbartigen Gefäß	Bluetenauszug der H3-Bildpflanze	CASE_PREPARATION_OR_APPLICATION_COMMAND	39_WORD_COMPOSITION_OR_173_LEARNED_CARD	YES	NOT_APPLICABLE	NONE
PROSE:E254	PROSE_CASE	f83r	B3	C3	sor	PROC016	OR	ANSATZ	untere Randfigur im korbartigen Gefäß	Bluetenauszug der H3-Bildpflanze	CASE_PREPARATION_OR_APPLICATION_COMMAND	39_WORD_COMPOSITION_OR_173_LEARNED_CARD	YES	NOT_APPLICABLE	NONE
PROSE:E255	PROSE_CASE	f83r	B3	C3	shedy	PROC078	SHED+DY	ABSETZEN; SCHLUSS	untere Randfigur im korbartigen Gefäß	Bluetenauszug der H3-Bildpflanze	CASE_PREPARATION_OR_APPLICATION_COMMAND	39_WORD_COMPOSITION_OR_173_LEARNED_CARD	YES	NOT_APPLICABLE	NONE
PROSE:E256	PROSE_CASE	f83r	B3	C3	qokaiin	PROC038	OK+AIIN	ANSETZEN · SOLLMASS	untere Randfigur im korbartigen Gefäß	Bluetenauszug der H3-Bildpflanze	CASE_PREPARATION_OR_APPLICATION_COMMAND	39_WORD_COMPOSITION_OR_173_LEARNED_CARD	YES	NOT_APPLICABLE	NONE
PROSE:E257	PROSE_CASE	f83r	B3	C3	chkain	PROC069	K+AIN	ZUDOSIEREN · PORTION	untere Randfigur im korbartigen Gefäß	Bluetenauszug der H3-Bildpflanze	CASE_PREPARATION_OR_APPLICATION_COMMAND	39_WORD_COMPOSITION_OR_173_LEARNED_CARD	YES	NOT_APPLICABLE	NONE
PROSE:E258	PROSE_CASE	f83r	B3	C3	shcthey	PROC117	CTH+E+Y	BEREIT · KURZ · ARBEITSPOSTEN	untere Randfigur im korbartigen Gefäß	Bluetenauszug der H3-Bildpflanze	CASE_PREPARATION_OR_APPLICATION_COMMAND	39_WORD_COMPOSITION_OR_173_LEARNED_CARD	YES	NOT_APPLICABLE	NONE
PROSE:E259	PROSE_CASE	f83r	B3	C3	qokedy	PROC067	OK+E+DY	ANSETZEN · KURZ; SCHLUSS	untere Randfigur im korbartigen Gefäß	Bluetenauszug der H3-Bildpflanze	CASE_PREPARATION_OR_APPLICATION_COMMAND	39_WORD_COMPOSITION_OR_173_LEARNED_CARD	YES	NOT_APPLICABLE	NONE
PROSE:E260	PROSE_CASE	f83r	B3	C3	okair	PROC138	OK+AIR	ANSETZEN · FLUESSIGKEITSLAUF	untere Randfigur im korbartigen Gefäß	Bluetenauszug der H3-Bildpflanze	CASE_PREPARATION_OR_APPLICATION_COMMAND	39_WORD_COMPOSITION_OR_173_LEARNED_CARD	YES	NOT_APPLICABLE	NONE
PROSE:E261	PROSE_CASE	f83r	B3	C3	sheedy	PROC139	SH+EE+DY	HALTEN · LANG; SCHLUSS	untere Randfigur im korbartigen Gefäß	Bluetenauszug der H3-Bildpflanze	CASE_PREPARATION_OR_APPLICATION_COMMAND	39_WORD_COMPOSITION_OR_173_LEARNED_CARD	YES	NOT_APPLICABLE	NONE
PROSE:E262	PROSE_CASE	f83r	B3	C3	lchedy	PROC120	L+CHD+DY	WEITERLEITEN · UMSETZEN; SCHLUSS	untere Randfigur im korbartigen Gefäß	Bluetenauszug der H3-Bildpflanze	CASE_PREPARATION_OR_APPLICATION_COMMAND	39_WORD_COMPOSITION_OR_173_LEARNED_CARD	YES	NOT_APPLICABLE	NONE
PROSE:E263	PROSE_CASE	f83r	B3	C3	lo	PROC140	L+O	WEITERLEITEN · ARBEITSGANG	untere Randfigur im korbartigen Gefäß	Bluetenauszug der H3-Bildpflanze	CASE_PREPARATION_OR_APPLICATION_COMMAND	39_WORD_COMPOSITION_OR_173_LEARNED_CARD	YES	NOT_APPLICABLE	NONE
PROSE:E264	PROSE_CASE	f83r	B3	C3	qokchedy	PROC091	OK+CHD+DY	ANSETZEN · UMSETZEN; SCHLUSS	untere Randfigur im korbartigen Gefäß	Bluetenauszug der H3-Bildpflanze	CASE_PREPARATION_OR_APPLICATION_COMMAND	39_WORD_COMPOSITION_OR_173_LEARNED_CARD	YES	NOT_APPLICABLE	NONE
PROSE:E265	PROSE_CASE	f83r	B3	C3	qokeedy	PROC100	OK+EE+DY	ANSETZEN · LANG; SCHLUSS	unverbundener Zwischenbereich	Bluetenauszug der H3-Bildpflanze	CASE_PREPARATION_OR_APPLICATION_COMMAND	39_WORD_COMPOSITION_OR_173_LEARNED_CARD	YES	NOT_APPLICABLE	NONE
PROSE:E266	PROSE_CASE	f83r	B3	C3	shedy	PROC078	SHED+DY	ABSETZEN; SCHLUSS	unverbundener Zwischenbereich	Bluetenauszug der H3-Bildpflanze	CASE_PREPARATION_OR_APPLICATION_COMMAND	39_WORD_COMPOSITION_OR_173_LEARNED_CARD	YES	NOT_APPLICABLE	NONE
PROSE:E267	PROSE_CASE	f83r	B3	C3	qokshedy	PROC141	OK+SH+E+DY	ANSETZEN · HALTEN · KURZ; SCHLUSS	unverbundener Zwischenbereich	Bluetenauszug der H3-Bildpflanze	CASE_PREPARATION_OR_APPLICATION_COMMAND	39_WORD_COMPOSITION_OR_173_LEARNED_CARD	YES	NOT_APPLICABLE	NONE
PROSE:E268	PROSE_CASE	f83r	B3	C3	dal	PROC055	AL	ZIELSTELLE	unverbundener Zwischenbereich	Bluetenauszug der H3-Bildpflanze	CASE_PREPARATION_OR_APPLICATION_COMMAND	39_WORD_COMPOSITION_OR_173_LEARNED_CARD	YES	NOT_APPLICABLE	NONE
PROSE:E269	PROSE_CASE	f83r	B3	C3	lchedy	PROC120	L+CHD+DY	WEITERLEITEN · UMSETZEN; SCHLUSS	unverbundener Zwischenbereich	Bluetenauszug der H3-Bildpflanze	CASE_PREPARATION_OR_APPLICATION_COMMAND	39_WORD_COMPOSITION_OR_173_LEARNED_CARD	YES	NOT_APPLICABLE	NONE
PROSE:E270	PROSE_CASE	f83r	B3	C3	qokaiin	PROC038	OK+AIIN	ANSETZEN · SOLLMASS	unverbundener Zwischenbereich	Bluetenauszug der H3-Bildpflanze	CASE_PREPARATION_OR_APPLICATION_COMMAND	39_WORD_COMPOSITION_OR_173_LEARNED_CARD	YES	NOT_APPLICABLE	NONE
PROSE:E271	PROSE_CASE	f83r	B3	C3	shcthy	PROC014	CTH+Y	BEREIT · ARBEITSPOSTEN	unverbundener Zwischenbereich	Bluetenauszug der H3-Bildpflanze	CASE_PREPARATION_OR_APPLICATION_COMMAND	39_WORD_COMPOSITION_OR_173_LEARNED_CARD	YES	NOT_APPLICABLE	NONE
PROSE:E272	PROSE_CASE	f83r	B3	C3	dal	PROC055	AL	ZIELSTELLE	unverbundener Zwischenbereich	Bluetenauszug der H3-Bildpflanze	CASE_PREPARATION_OR_APPLICATION_COMMAND	39_WORD_COMPOSITION_OR_173_LEARNED_CARD	YES	NOT_APPLICABLE	NONE
PROSE:E273	PROSE_CASE	f83r	B3	C3	sy	PROC019	Y	ARBEITSPOSTEN	unverbundener Zwischenbereich	Bluetenauszug der H3-Bildpflanze	CASE_PREPARATION_OR_APPLICATION_COMMAND	39_WORD_COMPOSITION_OR_173_LEARNED_CARD	YES	NOT_APPLICABLE	NONE
PROSE:E274	PROSE_CASE	f83r	B3	C3	saiin	PROC009	AIIN	SOLLMASS	unverbundener Zwischenbereich	Bluetenauszug der H3-Bildpflanze	CASE_PREPARATION_OR_APPLICATION_COMMAND	39_WORD_COMPOSITION_OR_173_LEARNED_CARD	YES	NOT_APPLICABLE	NONE
PROSE:E275	PROSE_CASE	f83r	B3	C3	shedal	PROC142	SHED+AL	ABSETZEN · ZIELSTELLE	unverbundener Zwischenbereich	Bluetenauszug der H3-Bildpflanze	CASE_PREPARATION_OR_APPLICATION_COMMAND	39_WORD_COMPOSITION_OR_173_LEARNED_CARD	YES	NOT_APPLICABLE	NONE
PROSE:E276	PROSE_CASE	f83r	B3	C3	shecthy	PROC143	SH+E+CTH+Y	HALTEN · KURZ · BEREIT · ARBEITSPOSTEN	unverbundener Zwischenbereich	Bluetenauszug der H3-Bildpflanze	CASE_PREPARATION_OR_APPLICATION_COMMAND	39_WORD_COMPOSITION_OR_173_LEARNED_CARD	YES	NOT_APPLICABLE	NONE
PROSE:E277	PROSE_CASE	f83r	B3	C3	chey	PROC019	Y	ARBEITSPOSTEN	unverbundener Zwischenbereich	Bluetenauszug der H3-Bildpflanze	CASE_PREPARATION_OR_APPLICATION_COMMAND	39_WORD_COMPOSITION_OR_173_LEARNED_CARD	YES	NOT_APPLICABLE	NONE
PROSE:E278	PROSE_CASE	f83r	B3	C3	tal	PROC055	AL	ZIELSTELLE	unverbundener Zwischenbereich	Bluetenauszug der H3-Bildpflanze	CASE_PREPARATION_OR_APPLICATION_COMMAND	39_WORD_COMPOSITION_OR_173_LEARNED_CARD	YES	NOT_APPLICABLE	NONE
PROSE:E279	PROSE_CASE	f83r	B3	C3	shcthy	PROC014	CTH+Y	BEREIT · ARBEITSPOSTEN	unverbundener Zwischenbereich	Bluetenauszug der H3-Bildpflanze	CASE_PREPARATION_OR_APPLICATION_COMMAND	39_WORD_COMPOSITION_OR_173_LEARNED_CARD	YES	NOT_APPLICABLE	NONE
PROSE:E280	PROSE_CASE	f83r	B3	C3	dalchdy	PROC144	AL+CHD+DY	ZIELSTELLE · UMSETZEN; SCHLUSS	unverbundener Zwischenbereich	Bluetenauszug der H3-Bildpflanze	CASE_PREPARATION_OR_APPLICATION_COMMAND	39_WORD_COMPOSITION_OR_173_LEARNED_CARD	YES	NOT_APPLICABLE	NONE
PROSE:E281	PROSE_CASE	f83r	B3	C3	qotchedy	PROC145	OT+CHD+DY	DANACH · UMSETZEN; SCHLUSS	unverbundener Zwischenbereich	Bluetenauszug der H3-Bildpflanze	CASE_PREPARATION_OR_APPLICATION_COMMAND	39_WORD_COMPOSITION_OR_173_LEARNED_CARD	YES	NOT_APPLICABLE	NONE
PROSE:E282	PROSE_CASE	f83r	B3	C3	lchedy	PROC120	L+CHD+DY	WEITERLEITEN · UMSETZEN; SCHLUSS	unverbundener Zwischenbereich	Bluetenauszug der H3-Bildpflanze	CASE_PREPARATION_OR_APPLICATION_COMMAND	39_WORD_COMPOSITION_OR_173_LEARNED_CARD	YES	NOT_APPLICABLE	NONE
PROSE:E283	PROSE_CASE	f83r	B3	C3	tchedy	PROC076	CHD+DY	UMSETZEN; SCHLUSS	unverbundener Zwischenbereich	Bluetenauszug der H3-Bildpflanze	CASE_PREPARATION_OR_APPLICATION_COMMAND	39_WORD_COMPOSITION_OR_173_LEARNED_CARD	YES	NOT_APPLICABLE	NONE
PROSE:E284	PROSE_CASE	f83r	B3	C3	qokchdy	PROC082	OK+CHD+DY	ANSETZEN · UMSETZEN; SCHLUSS	unverbundener Zwischenbereich	Bluetenauszug der H3-Bildpflanze	CASE_PREPARATION_OR_APPLICATION_COMMAND	39_WORD_COMPOSITION_OR_173_LEARNED_CARD	YES	NOT_APPLICABLE	NONE
PROSE:E285	PROSE_CASE	f83r	B3	C3	cheedar	PROC146	EE+AR	LANG · VORRAT	unverbundener Zwischenbereich	Bluetenauszug der H3-Bildpflanze	CASE_PREPARATION_OR_APPLICATION_COMMAND	39_WORD_COMPOSITION_OR_173_LEARNED_CARD	YES	NOT_APPLICABLE	NONE
PROSE:E286	PROSE_CASE	f83r	B3	C3	chldaiin	PROC147	L+AIIN	WEITERLEITEN · SOLLMASS	unverbundener Zwischenbereich	Bluetenauszug der H3-Bildpflanze	CASE_PREPARATION_OR_APPLICATION_COMMAND	39_WORD_COMPOSITION_OR_173_LEARNED_CARD	YES	NOT_APPLICABLE	NONE
PROSE:E287	PROSE_CASE	f83r	B3	C3	chedy	PROC042	CHD+Y	UMSETZEN · ARBEITSPOSTEN	unverbundener Zwischenbereich	Bluetenauszug der H3-Bildpflanze	CASE_PREPARATION_OR_APPLICATION_COMMAND	39_WORD_COMPOSITION_OR_173_LEARNED_CARD	YES	NOT_APPLICABLE	NONE
PROSE:E288	PROSE_CASE	f83r	B3	C3	qokain	PROC080	OK+AIN	ANSETZEN · PORTION	unverbundener Zwischenbereich	Bluetenauszug der H3-Bildpflanze	CASE_PREPARATION_OR_APPLICATION_COMMAND	39_WORD_COMPOSITION_OR_173_LEARNED_CARD	YES	NOT_APPLICABLE	NONE
PROSE:E289	PROSE_CASE	f83r	B3	C3	checthy	PROC014	CTH+Y	BEREIT · ARBEITSPOSTEN	unverbundener Zwischenbereich	Bluetenauszug der H3-Bildpflanze	CASE_PREPARATION_OR_APPLICATION_COMMAND	39_WORD_COMPOSITION_OR_173_LEARNED_CARD	YES	NOT_APPLICABLE	NONE
PROSE:E290	PROSE_CASE	f83r	B3	C3	chealror	PROC148	AL+R+OR	ZIELSTELLE · KUEHLEN · ANSATZ	unverbundener Zwischenbereich	Bluetenauszug der H3-Bildpflanze	CASE_PREPARATION_OR_APPLICATION_COMMAND	39_WORD_COMPOSITION_OR_173_LEARNED_CARD	YES	NOT_APPLICABLE	NONE
PROSE:E291	PROSE_CASE	f83r	B3	C3	solkeedy	PROC098	SOLK+EE+DY	AUFFANGEN · LANG; SCHLUSS	unverbundener Zwischenbereich	Bluetenauszug der H3-Bildpflanze	CASE_PREPARATION_OR_APPLICATION_COMMAND	39_WORD_COMPOSITION_OR_173_LEARNED_CARD	YES	NOT_APPLICABLE	NONE
PROSE:E292	PROSE_CASE	f83r	B3	C3	qoteedy	PROC129	OT+EE+DY	DANACH · LANG; SCHLUSS	sichtbares Figurenpaar mit gemeinsamem Bogen in B3	Bluetenauszug der H3-Bildpflanze	CASE_PREPARATION_OR_APPLICATION_COMMAND	39_WORD_COMPOSITION_OR_173_LEARNED_CARD	YES	NOT_APPLICABLE	NONE
PROSE:E293	PROSE_CASE	f83r	B3	C3	qokeey	PROC092	OK+EE+Y	ANSETZEN · LANG · ARBEITSPOSTEN	sichtbares Figurenpaar mit gemeinsamem Bogen in B3	Bluetenauszug der H3-Bildpflanze	CASE_PREPARATION_OR_APPLICATION_COMMAND	39_WORD_COMPOSITION_OR_173_LEARNED_CARD	YES	NOT_APPLICABLE	NONE
PROSE:E294	PROSE_CASE	f83r	B3	C3	qokedy	PROC067	OK+E+DY	ANSETZEN · KURZ; SCHLUSS	sichtbares Figurenpaar mit gemeinsamem Bogen in B3	Bluetenauszug der H3-Bildpflanze	CASE_PREPARATION_OR_APPLICATION_COMMAND	39_WORD_COMPOSITION_OR_173_LEARNED_CARD	YES	NOT_APPLICABLE	NONE
PROSE:E295	PROSE_CASE	f83r	B3	C3	sol	PROC013	OL	FORTSETZEN	sichtbares Figurenpaar mit gemeinsamem Bogen in B3	Bluetenauszug der H3-Bildpflanze	CASE_PREPARATION_OR_APPLICATION_COMMAND	39_WORD_COMPOSITION_OR_173_LEARNED_CARD	YES	NOT_APPLICABLE	NONE
PROSE:E296	PROSE_CASE	f83r	B3	C3	cheeety	PROC149	EEE+T+Y	VOLL · EINTRAGEN · ARBEITSPOSTEN	sichtbares Figurenpaar mit gemeinsamem Bogen in B3	Bluetenauszug der H3-Bildpflanze	CASE_PREPARATION_OR_APPLICATION_COMMAND	39_WORD_COMPOSITION_OR_173_LEARNED_CARD	YES	NOT_APPLICABLE	NONE
PROSE:E297	PROSE_CASE	f83r	B3	C3	qokedy	PROC067	OK+E+DY	ANSETZEN · KURZ; SCHLUSS	sichtbares Figurenpaar mit gemeinsamem Bogen in B3	Bluetenauszug der H3-Bildpflanze	CASE_PREPARATION_OR_APPLICATION_COMMAND	39_WORD_COMPOSITION_OR_173_LEARNED_CARD	YES	NOT_APPLICABLE	NONE
PROSE:E298	PROSE_CASE	f83r	B3	C3	qoky	PROC008	OK+Y	ANSETZEN · ARBEITSPOSTEN	sichtbares Figurenpaar mit gemeinsamem Bogen in B3	Bluetenauszug der H3-Bildpflanze	CASE_PREPARATION_OR_APPLICATION_COMMAND	39_WORD_COMPOSITION_OR_173_LEARNED_CARD	YES	NOT_APPLICABLE	NONE
PROSE:E299	PROSE_CASE	f83r	B3	C3	saiin	PROC009	AIIN	SOLLMASS	sichtbares Figurenpaar mit gemeinsamem Bogen in B3	Bluetenauszug der H3-Bildpflanze	CASE_PREPARATION_OR_APPLICATION_COMMAND	39_WORD_COMPOSITION_OR_173_LEARNED_CARD	YES	NOT_APPLICABLE	NONE
PROSE:E300	PROSE_CASE	f83r	B3	C3	schedair	PROC150	CHD+AIR	UMSETZEN · FLUESSIGKEITSLAUF	sichtbares Figurenpaar mit gemeinsamem Bogen in B3	Bluetenauszug der H3-Bildpflanze	CASE_PREPARATION_OR_APPLICATION_COMMAND	39_WORD_COMPOSITION_OR_173_LEARNED_CARD	YES	NOT_APPLICABLE	NONE
PROSE:E301	PROSE_CASE	f83r	B3	C3	otchedy	PROC145	OT+CHD+DY	DANACH · UMSETZEN; SCHLUSS	sichtbares Figurenpaar mit gemeinsamem Bogen in B3	Bluetenauszug der H3-Bildpflanze	CASE_PREPARATION_OR_APPLICATION_COMMAND	39_WORD_COMPOSITION_OR_173_LEARNED_CARD	YES	NOT_APPLICABLE	NONE
PROSE:E302	PROSE_CASE	f83r	B3	C3	qokeedy	PROC100	OK+EE+DY	ANSETZEN · LANG; SCHLUSS	sichtbares Figurenpaar mit gemeinsamem Bogen in B3	Bluetenauszug der H3-Bildpflanze	CASE_PREPARATION_OR_APPLICATION_COMMAND	39_WORD_COMPOSITION_OR_173_LEARNED_CARD	YES	NOT_APPLICABLE	NONE
PROSE:E303	PROSE_CASE	f83r	B3	C3	chedain	PROC151	CHD+AIN	UMSETZEN · PORTION	sichtbares Figurenpaar mit gemeinsamem Bogen in B3	Bluetenauszug der H3-Bildpflanze	CASE_PREPARATION_OR_APPLICATION_COMMAND	39_WORD_COMPOSITION_OR_173_LEARNED_CARD	YES	NOT_APPLICABLE	NONE
PROSE:E304	PROSE_CASE	f83r	B3	C3	chedy	PROC042	CHD+Y	UMSETZEN · ARBEITSPOSTEN	sichtbares Figurenpaar mit gemeinsamem Bogen in B3	Bluetenauszug der H3-Bildpflanze	CASE_PREPARATION_OR_APPLICATION_COMMAND	39_WORD_COMPOSITION_OR_173_LEARNED_CARD	YES	NOT_APPLICABLE	NONE
PROSE:E305	PROSE_CASE	f83r	B3	C3	qotedaiin	PROC152	OT+E+AIIN	DANACH · KURZ · SOLLMASS	sichtbares Figurenpaar mit gemeinsamem Bogen in B3	Bluetenauszug der H3-Bildpflanze	CASE_PREPARATION_OR_APPLICATION_COMMAND	39_WORD_COMPOSITION_OR_173_LEARNED_CARD	YES	NOT_APPLICABLE	NONE
PROSE:E306	PROSE_CASE	f83r	B3	C3	otaiin	PROC112	OT+AIIN	DANACH · SOLLMASS	sichtbares Figurenpaar mit gemeinsamem Bogen in B3	Bluetenauszug der H3-Bildpflanze	CASE_PREPARATION_OR_APPLICATION_COMMAND	39_WORD_COMPOSITION_OR_173_LEARNED_CARD	YES	NOT_APPLICABLE	NONE
PROSE:E307	PROSE_CASE	f83r	B3	C3	otedy	PROC135	OT+E+DY	DANACH · KURZ; SCHLUSS	sichtbares Figurenpaar mit gemeinsamem Bogen in B3	Bluetenauszug der H3-Bildpflanze	CASE_PREPARATION_OR_APPLICATION_COMMAND	39_WORD_COMPOSITION_OR_173_LEARNED_CARD	YES	NOT_APPLICABLE	NONE
PROSE:E308	PROSE_CASE	f83r	B3	C3	ldy	PROC108	L+DY	WEITERLEITEN; SCHLUSS	sichtbares Figurenpaar mit gemeinsamem Bogen in B3	Bluetenauszug der H3-Bildpflanze	CASE_PREPARATION_OR_APPLICATION_COMMAND	39_WORD_COMPOSITION_OR_173_LEARNED_CARD	YES	NOT_APPLICABLE	NONE
PROSE:E309	PROSE_CASE	f83r	B3	C3	soiiin	PROC097	O+IIN	ARBEITSGANG · ARBEITSSTUFE	sichtbares Figurenpaar mit gemeinsamem Bogen in B3	Bluetenauszug der H3-Bildpflanze	CASE_PREPARATION_OR_APPLICATION_COMMAND	39_WORD_COMPOSITION_OR_173_LEARNED_CARD	YES	NOT_APPLICABLE	NONE
PROSE:E310	PROSE_CASE	f83r	B3	C3	checthy	PROC014	CTH+Y	BEREIT · ARBEITSPOSTEN	sichtbares Figurenpaar mit gemeinsamem Bogen in B3	Bluetenauszug der H3-Bildpflanze	CASE_PREPARATION_OR_APPLICATION_COMMAND	39_WORD_COMPOSITION_OR_173_LEARNED_CARD	YES	NOT_APPLICABLE	NONE
PROSE:E311	PROSE_CASE	f83r	B3	C3	chety	PROC004	T+Y	EINTRAGEN · ARBEITSPOSTEN	sichtbares Figurenpaar mit gemeinsamem Bogen in B3	Bluetenauszug der H3-Bildpflanze	CASE_PREPARATION_OR_APPLICATION_COMMAND	39_WORD_COMPOSITION_OR_173_LEARNED_CARD	YES	NOT_APPLICABLE	NONE
PROSE:E312	PROSE_CASE	f83r	B3	C3	otaiin	PROC112	OT+AIIN	DANACH · SOLLMASS	sichtbares Figurenpaar mit gemeinsamem Bogen in B3	Bluetenauszug der H3-Bildpflanze	CASE_PREPARATION_OR_APPLICATION_COMMAND	39_WORD_COMPOSITION_OR_173_LEARNED_CARD	YES	NOT_APPLICABLE	NONE
PROSE:E313	PROSE_CASE	f83r	B3	C3	olsaly	PROC153	OL+AL+Y	FORTSETZEN · ZIELSTELLE · ARBEITSPOSTEN	sichtbares Figurenpaar mit gemeinsamem Bogen in B3	Bluetenauszug der H3-Bildpflanze	CASE_PREPARATION_OR_APPLICATION_COMMAND	39_WORD_COMPOSITION_OR_173_LEARNED_CARD	YES	NOT_APPLICABLE	NONE
PROSE:E314	PROSE_CASE	f83r	B3	C3	shedy	PROC078	SHED+DY	ABSETZEN; SCHLUSS	sichtbares Figurenpaar mit gemeinsamem Bogen in B3	Bluetenauszug der H3-Bildpflanze	CASE_PREPARATION_OR_APPLICATION_COMMAND	39_WORD_COMPOSITION_OR_173_LEARNED_CARD	YES	NOT_APPLICABLE	NONE
PROSE:E315	PROSE_CASE	f83r	B4	C4	qokeedy	PROC100	OK+EE+DY	ANSETZEN · LANG; SCHLUSS	sichtbares Figurenpaar mit gemeinsamem Bogen in B4	temperierte Pflanzenauflage oder Waschportion der H4-Bildpflanze	CASE_PREPARATION_OR_APPLICATION_COMMAND	39_WORD_COMPOSITION_OR_173_LEARNED_CARD	YES	NOT_APPLICABLE	NONE
PROSE:E316	PROSE_CASE	f83r	B4	C4	qolchey	PROC154	OL+Y	FORTSETZEN · ARBEITSPOSTEN	sichtbares Figurenpaar mit gemeinsamem Bogen in B4	temperierte Pflanzenauflage oder Waschportion der H4-Bildpflanze	CASE_PREPARATION_OR_APPLICATION_COMMAND	39_WORD_COMPOSITION_OR_173_LEARNED_CARD	YES	NOT_APPLICABLE	NONE
PROSE:E317	PROSE_CASE	f83r	B4	C4	qokeey	PROC092	OK+EE+Y	ANSETZEN · LANG · ARBEITSPOSTEN	sichtbares Figurenpaar mit gemeinsamem Bogen in B4	temperierte Pflanzenauflage oder Waschportion der H4-Bildpflanze	CASE_PREPARATION_OR_APPLICATION_COMMAND	39_WORD_COMPOSITION_OR_173_LEARNED_CARD	YES	NOT_APPLICABLE	NONE
PROSE:E318	PROSE_CASE	f83r	B4	C4	qokedy	PROC067	OK+E+DY	ANSETZEN · KURZ; SCHLUSS	sichtbares Figurenpaar mit gemeinsamem Bogen in B4	temperierte Pflanzenauflage oder Waschportion der H4-Bildpflanze	CASE_PREPARATION_OR_APPLICATION_COMMAND	39_WORD_COMPOSITION_OR_173_LEARNED_CARD	YES	NOT_APPLICABLE	NONE
PROSE:E319	PROSE_CASE	f83r	B4	C4	chedy	PROC042	CHD+Y	UMSETZEN · ARBEITSPOSTEN	sichtbares Figurenpaar mit gemeinsamem Bogen in B4	temperierte Pflanzenauflage oder Waschportion der H4-Bildpflanze	CASE_PREPARATION_OR_APPLICATION_COMMAND	39_WORD_COMPOSITION_OR_173_LEARNED_CARD	YES	NOT_APPLICABLE	NONE
PROSE:E320	PROSE_CASE	f83r	B4	C4	otal	PROC131	OT+AL	DANACH · ZIELSTELLE	sichtbares Figurenpaar mit gemeinsamem Bogen in B4	temperierte Pflanzenauflage oder Waschportion der H4-Bildpflanze	CASE_PREPARATION_OR_APPLICATION_COMMAND	39_WORD_COMPOSITION_OR_173_LEARNED_CARD	YES	NOT_APPLICABLE	NONE
PROSE:E321	PROSE_CASE	f83r	B4	C4	otchey	PROC065	OT+Y	DANACH · ARBEITSPOSTEN	sichtbares Figurenpaar mit gemeinsamem Bogen in B4	temperierte Pflanzenauflage oder Waschportion der H4-Bildpflanze	CASE_PREPARATION_OR_APPLICATION_COMMAND	39_WORD_COMPOSITION_OR_173_LEARNED_CARD	YES	NOT_APPLICABLE	NONE
PROSE:E322	PROSE_CASE	f83r	B4	C4	qokeey	PROC092	OK+EE+Y	ANSETZEN · LANG · ARBEITSPOSTEN	sichtbares Figurenpaar mit gemeinsamem Bogen in B4	temperierte Pflanzenauflage oder Waschportion der H4-Bildpflanze	CASE_PREPARATION_OR_APPLICATION_COMMAND	39_WORD_COMPOSITION_OR_173_LEARNED_CARD	YES	NOT_APPLICABLE	NONE
PROSE:E323	PROSE_CASE	f83r	B4	C4	qoky	PROC008	OK+Y	ANSETZEN · ARBEITSPOSTEN	sichtbares Figurenpaar mit gemeinsamem Bogen in B4	temperierte Pflanzenauflage oder Waschportion der H4-Bildpflanze	CASE_PREPARATION_OR_APPLICATION_COMMAND	39_WORD_COMPOSITION_OR_173_LEARNED_CARD	YES	NOT_APPLICABLE	NONE
PROSE:E324	PROSE_CASE	f83r	B4	C4	tol	PROC013	OL	FORTSETZEN	sichtbares Figurenpaar mit gemeinsamem Bogen in B4	temperierte Pflanzenauflage oder Waschportion der H4-Bildpflanze	CASE_PREPARATION_OR_APPLICATION_COMMAND	39_WORD_COMPOSITION_OR_173_LEARNED_CARD	YES	NOT_APPLICABLE	NONE
PROSE:E325	PROSE_CASE	f83r	B4	C4	shedy	PROC078	SHED+DY	ABSETZEN; SCHLUSS	sichtbares Figurenpaar mit gemeinsamem Bogen in B4	temperierte Pflanzenauflage oder Waschportion der H4-Bildpflanze	CASE_PREPARATION_OR_APPLICATION_COMMAND	39_WORD_COMPOSITION_OR_173_LEARNED_CARD	YES	NOT_APPLICABLE	NONE
PROSE:E326	PROSE_CASE	f83r	B4	C4	qokylddy	PROC155	OK+Y+LD+DY	ANSETZEN · ARBEITSPOSTEN · BEFESTIGEN; SCHLUSS	sichtbares Figurenpaar mit gemeinsamem Bogen in B4	temperierte Pflanzenauflage oder Waschportion der H4-Bildpflanze	CASE_PREPARATION_OR_APPLICATION_COMMAND	39_WORD_COMPOSITION_OR_173_LEARNED_CARD	YES	NOT_APPLICABLE	NONE
PROSE:E327	PROSE_CASE	f83r	B4	C4	dain	PROC156	AIN	PORTION	sichtbares Figurenpaar mit gemeinsamem Bogen in B4	temperierte Pflanzenauflage oder Waschportion der H4-Bildpflanze	CASE_PREPARATION_OR_APPLICATION_COMMAND	39_WORD_COMPOSITION_OR_173_LEARNED_CARD	YES	NOT_APPLICABLE	NONE
PROSE:E328	PROSE_CASE	f83r	B4	C4	chedy	PROC042	CHD+Y	UMSETZEN · ARBEITSPOSTEN	sichtbares Figurenpaar mit gemeinsamem Bogen in B4	temperierte Pflanzenauflage oder Waschportion der H4-Bildpflanze	CASE_PREPARATION_OR_APPLICATION_COMMAND	39_WORD_COMPOSITION_OR_173_LEARNED_CARD	YES	NOT_APPLICABLE	NONE
PROSE:E329	PROSE_CASE	f83r	B4	C4	qokeedy	PROC100	OK+EE+DY	ANSETZEN · LANG; SCHLUSS	sichtbares Figurenpaar mit gemeinsamem Bogen in B4	temperierte Pflanzenauflage oder Waschportion der H4-Bildpflanze	CASE_PREPARATION_OR_APPLICATION_COMMAND	39_WORD_COMPOSITION_OR_173_LEARNED_CARD	YES	NOT_APPLICABLE	NONE
PROSE:E330	PROSE_CASE	f83r	B4	C4	shckhedy	PROC099	SH+CKH+E+DY	HALTEN · DURCHLASSKANAL · KURZ; SCHLUSS	sichtbares Figurenpaar mit gemeinsamem Bogen in B4	temperierte Pflanzenauflage oder Waschportion der H4-Bildpflanze	CASE_PREPARATION_OR_APPLICATION_COMMAND	39_WORD_COMPOSITION_OR_173_LEARNED_CARD	YES	NOT_APPLICABLE	NONE
PROSE:E331	PROSE_CASE	f83r	B4	C4	shckhedy	PROC099	SH+CKH+E+DY	HALTEN · DURCHLASSKANAL · KURZ; SCHLUSS	sichtbares Figurenpaar mit gemeinsamem Bogen in B4	temperierte Pflanzenauflage oder Waschportion der H4-Bildpflanze	CASE_PREPARATION_OR_APPLICATION_COMMAND	39_WORD_COMPOSITION_OR_173_LEARNED_CARD	YES	NOT_APPLICABLE	NONE
PROSE:E332	PROSE_CASE	f83r	B4	C4	saiin	PROC009	AIIN	SOLLMASS	sichtbares Figurenpaar mit gemeinsamem Bogen in B4	temperierte Pflanzenauflage oder Waschportion der H4-Bildpflanze	CASE_PREPARATION_OR_APPLICATION_COMMAND	39_WORD_COMPOSITION_OR_173_LEARNED_CARD	YES	NOT_APPLICABLE	NONE
PROSE:E333	PROSE_CASE	f83r	B4	C4	cheeky	PROC046	CHK+EE+Y	WAERMEN · LANG · ARBEITSPOSTEN	sichtbares Figurenpaar mit gemeinsamem Bogen in B4	temperierte Pflanzenauflage oder Waschportion der H4-Bildpflanze	CASE_PREPARATION_OR_APPLICATION_COMMAND	39_WORD_COMPOSITION_OR_173_LEARNED_CARD	YES	NOT_APPLICABLE	NONE
PROSE:E334	PROSE_CASE	f83r	B4	C4	sheey	PROC157	SH+EE+Y	HALTEN · LANG · ARBEITSPOSTEN	sichtbares Figurenpaar mit gemeinsamem Bogen in B4	temperierte Pflanzenauflage oder Waschportion der H4-Bildpflanze	CASE_PREPARATION_OR_APPLICATION_COMMAND	39_WORD_COMPOSITION_OR_173_LEARNED_CARD	YES	NOT_APPLICABLE	NONE
PROSE:E335	PROSE_CASE	f83r	B4	C4	qokedy	PROC067	OK+E+DY	ANSETZEN · KURZ; SCHLUSS	sichtbares Figurenpaar mit gemeinsamem Bogen in B4	temperierte Pflanzenauflage oder Waschportion der H4-Bildpflanze	CASE_PREPARATION_OR_APPLICATION_COMMAND	39_WORD_COMPOSITION_OR_173_LEARNED_CARD	YES	NOT_APPLICABLE	NONE
PROSE:E336	PROSE_CASE	f83r	B4	C4	shedy	PROC078	SHED+DY	ABSETZEN; SCHLUSS	sichtbares Figurenpaar mit gemeinsamem Bogen in B4	temperierte Pflanzenauflage oder Waschportion der H4-Bildpflanze	CASE_PREPARATION_OR_APPLICATION_COMMAND	39_WORD_COMPOSITION_OR_173_LEARNED_CARD	YES	NOT_APPLICABLE	NONE
PROSE:E337	PROSE_CASE	f83r	B4	C4	oldy	PROC047	OL+DY	FORTSETZEN; SCHLUSS	sichtbares Figurenpaar mit gemeinsamem Bogen in B4	temperierte Pflanzenauflage oder Waschportion der H4-Bildpflanze	CASE_PREPARATION_OR_APPLICATION_COMMAND	39_WORD_COMPOSITION_OR_173_LEARNED_CARD	YES	NOT_APPLICABLE	NONE
PROSE:E338	PROSE_CASE	f83r	B4	C4	saiin	PROC009	AIIN	SOLLMASS	linke Hauptstation mit offenem Fransenlauf	temperierte Pflanzenauflage oder Waschportion der H4-Bildpflanze	CASE_PREPARATION_OR_APPLICATION_COMMAND	39_WORD_COMPOSITION_OR_173_LEARNED_CARD	YES	NOT_APPLICABLE	NONE
PROSE:E339	PROSE_CASE	f83r	B4	C4	cheky	PROC083	CHK+E+Y	WAERMEN · KURZ · ARBEITSPOSTEN	linke Hauptstation mit offenem Fransenlauf	temperierte Pflanzenauflage oder Waschportion der H4-Bildpflanze	CASE_PREPARATION_OR_APPLICATION_COMMAND	39_WORD_COMPOSITION_OR_173_LEARNED_CARD	YES	NOT_APPLICABLE	NONE
PROSE:E340	PROSE_CASE	f83r	B4	C4	okeeol	PROC158	OK+EE+OL	ANSETZEN · LANG · FORTSETZEN	linke Hauptstation mit offenem Fransenlauf	temperierte Pflanzenauflage oder Waschportion der H4-Bildpflanze	CASE_PREPARATION_OR_APPLICATION_COMMAND	39_WORD_COMPOSITION_OR_173_LEARNED_CARD	YES	NOT_APPLICABLE	NONE
PROSE:E341	PROSE_CASE	f83r	B4	C4	okain	PROC080	OK+AIN	ANSETZEN · PORTION	linke Hauptstation mit offenem Fransenlauf	temperierte Pflanzenauflage oder Waschportion der H4-Bildpflanze	CASE_PREPARATION_OR_APPLICATION_COMMAND	39_WORD_COMPOSITION_OR_173_LEARNED_CARD	YES	NOT_APPLICABLE	NONE
PROSE:E342	PROSE_CASE	f83r	B4	C4	chdy	PROC042	CHD+Y	UMSETZEN · ARBEITSPOSTEN	linke Hauptstation mit offenem Fransenlauf	temperierte Pflanzenauflage oder Waschportion der H4-Bildpflanze	CASE_PREPARATION_OR_APPLICATION_COMMAND	39_WORD_COMPOSITION_OR_173_LEARNED_CARD	YES	NOT_APPLICABLE	NONE
PROSE:E343	PROSE_CASE	f83r	B4	C4	sol	PROC013	OL	FORTSETZEN	linke Hauptstation mit offenem Fransenlauf	temperierte Pflanzenauflage oder Waschportion der H4-Bildpflanze	CASE_PREPARATION_OR_APPLICATION_COMMAND	39_WORD_COMPOSITION_OR_173_LEARNED_CARD	YES	NOT_APPLICABLE	NONE
PROSE:E344	PROSE_CASE	f83r	B4	C4	lkedy	PROC159	L+K+E+DY	WEITERLEITEN · ZUDOSIEREN · KURZ; SCHLUSS	linke Hauptstation mit offenem Fransenlauf	temperierte Pflanzenauflage oder Waschportion der H4-Bildpflanze	CASE_PREPARATION_OR_APPLICATION_COMMAND	39_WORD_COMPOSITION_OR_173_LEARNED_CARD	YES	NOT_APPLICABLE	NONE
PROSE:E345	PROSE_CASE	f83r	B4	C4	lchedy	PROC120	L+CHD+DY	WEITERLEITEN · UMSETZEN; SCHLUSS	linke Hauptstation mit offenem Fransenlauf	temperierte Pflanzenauflage oder Waschportion der H4-Bildpflanze	CASE_PREPARATION_OR_APPLICATION_COMMAND	39_WORD_COMPOSITION_OR_173_LEARNED_CARD	YES	NOT_APPLICABLE	NONE
PROSE:E346	PROSE_CASE	f83r	B4	C4	qokol	PROC160	OK+OL	ANSETZEN · FORTSETZEN	linke Hauptstation mit offenem Fransenlauf	temperierte Pflanzenauflage oder Waschportion der H4-Bildpflanze	CASE_PREPARATION_OR_APPLICATION_COMMAND	39_WORD_COMPOSITION_OR_173_LEARNED_CARD	YES	NOT_APPLICABLE	NONE
PROSE:E347	PROSE_CASE	f83r	B4	C4	shedy	PROC078	SHED+DY	ABSETZEN; SCHLUSS	linke Hauptstation mit offenem Fransenlauf	temperierte Pflanzenauflage oder Waschportion der H4-Bildpflanze	CASE_PREPARATION_OR_APPLICATION_COMMAND	39_WORD_COMPOSITION_OR_173_LEARNED_CARD	YES	NOT_APPLICABLE	NONE
PROSE:E348	PROSE_CASE	f83r	B4	C4	or	PROC016	OR	ANSATZ	linke Hauptstation mit offenem Fransenlauf	temperierte Pflanzenauflage oder Waschportion der H4-Bildpflanze	CASE_PREPARATION_OR_APPLICATION_COMMAND	39_WORD_COMPOSITION_OR_173_LEARNED_CARD	YES	NOT_APPLICABLE	NONE
PROSE:E349	PROSE_CASE	f83r	B4	C4	chey	PROC019	Y	ARBEITSPOSTEN	linke Hauptstation mit offenem Fransenlauf	temperierte Pflanzenauflage oder Waschportion der H4-Bildpflanze	CASE_PREPARATION_OR_APPLICATION_COMMAND	39_WORD_COMPOSITION_OR_173_LEARNED_CARD	YES	NOT_APPLICABLE	NONE
PROSE:E350	PROSE_CASE	f83r	B4	C4	qockhey	PROC161	O+CKH+E+Y	ARBEITSGANG · DURCHLASSKANAL · KURZ · ARBEITSPOSTEN	linke Hauptstation mit offenem Fransenlauf	temperierte Pflanzenauflage oder Waschportion der H4-Bildpflanze	CASE_PREPARATION_OR_APPLICATION_COMMAND	39_WORD_COMPOSITION_OR_173_LEARNED_CARD	YES	NOT_APPLICABLE	NONE
PROSE:E351	PROSE_CASE	f83r	B4	C4	dairydy	PROC162	AIR+Y+DY	FLUESSIGKEITSLAUF · ARBEITSPOSTEN; SCHLUSS	linke Hauptstation mit offenem Fransenlauf	temperierte Pflanzenauflage oder Waschportion der H4-Bildpflanze	CASE_PREPARATION_OR_APPLICATION_COMMAND	39_WORD_COMPOSITION_OR_173_LEARNED_CARD	YES	NOT_APPLICABLE	NONE
PROSE:E352	PROSE_CASE	f83r	B4	C4	qokain	PROC080	OK+AIN	ANSETZEN · PORTION	linke Hauptstation mit offenem Fransenlauf	temperierte Pflanzenauflage oder Waschportion der H4-Bildpflanze	CASE_PREPARATION_OR_APPLICATION_COMMAND	39_WORD_COMPOSITION_OR_173_LEARNED_CARD	YES	NOT_APPLICABLE	NONE
PROSE:E353	PROSE_CASE	f83r	B4	C4	shey	PROC031	SH+EE+Y	HALTEN · LANG · ARBEITSPOSTEN	linke Hauptstation mit offenem Fransenlauf	temperierte Pflanzenauflage oder Waschportion der H4-Bildpflanze	CASE_PREPARATION_OR_APPLICATION_COMMAND	39_WORD_COMPOSITION_OR_173_LEARNED_CARD	YES	NOT_APPLICABLE	NONE
PROSE:E354	PROSE_CASE	f83r	B4	C4	kain	PROC069	K+AIN	ZUDOSIEREN · PORTION	linke Hauptstation mit offenem Fransenlauf	temperierte Pflanzenauflage oder Waschportion der H4-Bildpflanze	CASE_PREPARATION_OR_APPLICATION_COMMAND	39_WORD_COMPOSITION_OR_173_LEARNED_CARD	YES	NOT_APPLICABLE	NONE
PROSE:E355	PROSE_CASE	f83r	B4	C4	chckhal	PROC163	CH+CKH+AL	ABNEHMEN · DURCHLASSKANAL · ZIELSTELLE	linke Hauptstation mit offenem Fransenlauf	temperierte Pflanzenauflage oder Waschportion der H4-Bildpflanze	CASE_PREPARATION_OR_APPLICATION_COMMAND	39_WORD_COMPOSITION_OR_173_LEARNED_CARD	YES	NOT_APPLICABLE	NONE
PROSE:E356	PROSE_CASE	f83r	B4	C4	solkey	PROC164	SOLK+E+Y	AUFFANGEN · KURZ · ARBEITSPOSTEN	linke Hauptstation mit offenem Fransenlauf	temperierte Pflanzenauflage oder Waschportion der H4-Bildpflanze	CASE_PREPARATION_OR_APPLICATION_COMMAND	39_WORD_COMPOSITION_OR_173_LEARNED_CARD	YES	NOT_APPLICABLE	NONE
PROSE:E357	PROSE_CASE	f83r	B4	C4	lchedy	PROC120	L+CHD+DY	WEITERLEITEN · UMSETZEN; SCHLUSS	linke Hauptstation mit offenem Fransenlauf	temperierte Pflanzenauflage oder Waschportion der H4-Bildpflanze	CASE_PREPARATION_OR_APPLICATION_COMMAND	39_WORD_COMPOSITION_OR_173_LEARNED_CARD	YES	NOT_APPLICABLE	NONE
PROSE:E358	PROSE_CASE	f83r	B4	C4	qolkain	PROC070	OL+K+AIN	FORTSETZEN · ZUDOSIEREN · PORTION	rechte Hauptstation mit S-Lauf und Mehrarmknoten	temperierte Pflanzenauflage oder Waschportion der H4-Bildpflanze	CASE_PREPARATION_OR_APPLICATION_COMMAND	39_WORD_COMPOSITION_OR_173_LEARNED_CARD	YES	NOT_APPLICABLE	NONE
PROSE:E359	PROSE_CASE	f83r	B4	C4	dal	PROC055	AL	ZIELSTELLE	rechte Hauptstation mit S-Lauf und Mehrarmknoten	temperierte Pflanzenauflage oder Waschportion der H4-Bildpflanze	CASE_PREPARATION_OR_APPLICATION_COMMAND	39_WORD_COMPOSITION_OR_173_LEARNED_CARD	YES	NOT_APPLICABLE	NONE
PROSE:E360	PROSE_CASE	f83r	B4	C4	skar	PROC165	K+AR	ZUDOSIEREN · VORRAT	rechte Hauptstation mit S-Lauf und Mehrarmknoten	temperierte Pflanzenauflage oder Waschportion der H4-Bildpflanze	CASE_PREPARATION_OR_APPLICATION_COMMAND	39_WORD_COMPOSITION_OR_173_LEARNED_CARD	YES	NOT_APPLICABLE	NONE
PROSE:E361	PROSE_CASE	f83r	B4	C4	shedy	PROC078	SHED+DY	ABSETZEN; SCHLUSS	rechte Hauptstation mit S-Lauf und Mehrarmknoten	temperierte Pflanzenauflage oder Waschportion der H4-Bildpflanze	CASE_PREPARATION_OR_APPLICATION_COMMAND	39_WORD_COMPOSITION_OR_173_LEARNED_CARD	YES	NOT_APPLICABLE	NONE
PROSE:E362	PROSE_CASE	f83r	B5	C5	otchdy	PROC166	OT+CHD+DY	DANACH · UMSETZEN; SCHLUSS	linke Fransenstation im B5-Nachtrag	konzentrierter Pflanzenauszug der H5-Bildpflanze	CASE_PREPARATION_OR_APPLICATION_COMMAND	39_WORD_COMPOSITION_OR_173_LEARNED_CARD	YES	NOT_APPLICABLE	NONE
PROSE:E363	PROSE_CASE	f83r	B5	C5	qokchdy	PROC082	OK+CHD+DY	ANSETZEN · UMSETZEN; SCHLUSS	linke Fransenstation im B5-Nachtrag	konzentrierter Pflanzenauszug der H5-Bildpflanze	CASE_PREPARATION_OR_APPLICATION_COMMAND	39_WORD_COMPOSITION_OR_173_LEARNED_CARD	YES	NOT_APPLICABLE	NONE
PROSE:E364	PROSE_CASE	f83r	B5	C5	shedal	PROC142	SHED+AL	ABSETZEN · ZIELSTELLE	linke Fransenstation im B5-Nachtrag	konzentrierter Pflanzenauszug der H5-Bildpflanze	CASE_PREPARATION_OR_APPLICATION_COMMAND	39_WORD_COMPOSITION_OR_173_LEARNED_CARD	YES	NOT_APPLICABLE	NONE
PROSE:E365	PROSE_CASE	f83r	B5	C5	dal	PROC055	AL	ZIELSTELLE	linke Fransenstation im B5-Nachtrag	konzentrierter Pflanzenauszug der H5-Bildpflanze	CASE_PREPARATION_OR_APPLICATION_COMMAND	39_WORD_COMPOSITION_OR_173_LEARNED_CARD	YES	NOT_APPLICABLE	NONE
PROSE:E366	PROSE_CASE	f83r	B5	C5	cheol	PROC013	OL	FORTSETZEN	linke Fransenstation im B5-Nachtrag	konzentrierter Pflanzenauszug der H5-Bildpflanze	CASE_PREPARATION_OR_APPLICATION_COMMAND	39_WORD_COMPOSITION_OR_173_LEARNED_CARD	YES	NOT_APPLICABLE	NONE
PROSE:E367	PROSE_CASE	f83r	B5	C5	lol	PROC167	L+OL	WEITERLEITEN · FORTSETZEN	linke Fransenstation im B5-Nachtrag	konzentrierter Pflanzenauszug der H5-Bildpflanze	CASE_PREPARATION_OR_APPLICATION_COMMAND	39_WORD_COMPOSITION_OR_173_LEARNED_CARD	YES	NOT_APPLICABLE	NONE
PROSE:E368	PROSE_CASE	f83r	B5	C5	chdal	PROC168	CHD+AL	UMSETZEN · ZIELSTELLE	linke Fransenstation im B5-Nachtrag	konzentrierter Pflanzenauszug der H5-Bildpflanze	CASE_PREPARATION_OR_APPLICATION_COMMAND	39_WORD_COMPOSITION_OR_173_LEARNED_CARD	YES	NOT_APPLICABLE	NONE
PROSE:E369	PROSE_CASE	f83r	B5	C5	aiin	PROC009	AIIN	SOLLMASS	linke Fransenstation im B5-Nachtrag	konzentrierter Pflanzenauszug der H5-Bildpflanze	CASE_PREPARATION_OR_APPLICATION_COMMAND	39_WORD_COMPOSITION_OR_173_LEARNED_CARD	YES	NOT_APPLICABLE	NONE
PROSE:E370	PROSE_CASE	f83r	B5	C5	sol	PROC013	OL	FORTSETZEN	linke Fransenstation im B5-Nachtrag	konzentrierter Pflanzenauszug der H5-Bildpflanze	CASE_PREPARATION_OR_APPLICATION_COMMAND	39_WORD_COMPOSITION_OR_173_LEARNED_CARD	YES	NOT_APPLICABLE	NONE
PROSE:E371	PROSE_CASE	f83r	B5	C5	daiiin	PROC169	DA+IIN	ZWEITMARKER · ARBEITSSTUFE	linke Fransenstation im B5-Nachtrag	konzentrierter Pflanzenauszug der H5-Bildpflanze	CASE_PREPARATION_OR_APPLICATION_COMMAND	39_WORD_COMPOSITION_OR_173_LEARNED_CARD	YES	NOT_APPLICABLE	NONE
PROSE:E372	PROSE_CASE	f83r	B5	C5	chedy	PROC042	CHD+Y	UMSETZEN · ARBEITSPOSTEN	linke Fransenstation im B5-Nachtrag	konzentrierter Pflanzenauszug der H5-Bildpflanze	CASE_PREPARATION_OR_APPLICATION_COMMAND	39_WORD_COMPOSITION_OR_173_LEARNED_CARD	YES	NOT_APPLICABLE	NONE
PROSE:E373	PROSE_CASE	f83r	B6	C6	solkeey	PROC170	SOLK+EE+Y	AUFFANGEN · LANG · ARBEITSPOSTEN	rechter S-Lauf im B6-Nachtrag	uebernommener Werkstattvorrat ohne eigene Herbal-Seite	CASE_PREPARATION_OR_APPLICATION_COMMAND	39_WORD_COMPOSITION_OR_173_LEARNED_CARD	YES	NOT_APPLICABLE	NONE
PROSE:E374	PROSE_CASE	f83r	B6	C6	qekey	PROC171	E+K+E+Y	KURZ · ZUDOSIEREN · KURZ · ARBEITSPOSTEN	rechter S-Lauf im B6-Nachtrag	uebernommener Werkstattvorrat ohne eigene Herbal-Seite	CASE_PREPARATION_OR_APPLICATION_COMMAND	39_WORD_COMPOSITION_OR_173_LEARNED_CARD	YES	NOT_APPLICABLE	NONE
PROSE:E375	PROSE_CASE	f83r	B6	C6	raly	PROC172	R+AL+Y	KUEHLEN · ZIELSTELLE · ARBEITSPOSTEN	rechter S-Lauf im B6-Nachtrag	uebernommener Werkstattvorrat ohne eigene Herbal-Seite	CASE_PREPARATION_OR_APPLICATION_COMMAND	39_WORD_COMPOSITION_OR_173_LEARNED_CARD	YES	NOT_APPLICABLE	NONE
PROSE:E376	PROSE_CASE	f83r	B6	C6	ol	PROC013	OL	FORTSETZEN	rechter S-Lauf im B6-Nachtrag	uebernommener Werkstattvorrat ohne eigene Herbal-Seite	CASE_PREPARATION_OR_APPLICATION_COMMAND	39_WORD_COMPOSITION_OR_173_LEARNED_CARD	YES	NOT_APPLICABLE	NONE
PROSE:E377	PROSE_CASE	f83r	B6	C6	daiin	PROC009	AIIN	SOLLMASS	rechter S-Lauf im B6-Nachtrag	uebernommener Werkstattvorrat ohne eigene Herbal-Seite	CASE_PREPARATION_OR_APPLICATION_COMMAND	39_WORD_COMPOSITION_OR_173_LEARNED_CARD	YES	NOT_APPLICABLE	NONE
PROSE:E378	PROSE_CASE	f83r	B6	C6	ol	PROC013	OL	FORTSETZEN	rechter S-Lauf im B6-Nachtrag	uebernommener Werkstattvorrat ohne eigene Herbal-Seite	CASE_PREPARATION_OR_APPLICATION_COMMAND	39_WORD_COMPOSITION_OR_173_LEARNED_CARD	YES	NOT_APPLICABLE	NONE
PROSE:E379	PROSE_CASE	f83r	B6	C6	dain	PROC156	AIN	PORTION	rechter S-Lauf im B6-Nachtrag	uebernommener Werkstattvorrat ohne eigene Herbal-Seite	CASE_PREPARATION_OR_APPLICATION_COMMAND	39_WORD_COMPOSITION_OR_173_LEARNED_CARD	YES	NOT_APPLICABLE	NONE
PROSE:E380	PROSE_CASE	f83r	B6	C6	chey	PROC019	Y	ARBEITSPOSTEN	rechter S-Lauf im B6-Nachtrag	uebernommener Werkstattvorrat ohne eigene Herbal-Seite	CASE_PREPARATION_OR_APPLICATION_COMMAND	39_WORD_COMPOSITION_OR_173_LEARNED_CARD	YES	NOT_APPLICABLE	NONE
PROSE:E381	PROSE_CASE	f83r	B6	C6	ldalor	PROC173	L+AL+OR	WEITERLEITEN · ZIELSTELLE · ANSATZ	rechter S-Lauf im B6-Nachtrag	uebernommener Werkstattvorrat ohne eigene Herbal-Seite	CASE_PREPARATION_OR_APPLICATION_COMMAND	39_WORD_COMPOSITION_OR_173_LEARNED_CARD	YES	NOT_APPLICABLE	NONE
ASTRO:A1:G001	ASTRO_OPTIONAL_LABEL	f67r2	f67r2.1	C1|C2	ykshy	A1:G001	NOT_APPLICABLE_TO_ASTRO_LOCAL_LABEL	lokale Himmels-, Wahl- oder Adressmarke als Ganzes kopieren	F67_RIGHT_WHEEL_NS	WHOLE_LOCAL_LABEL__NO_WORD_DECOMPOSITION	OPTIONAL_CONDITION_OR_ADDRESS_LABEL	COPY_COMPLETE_LOCAL_LABEL	NO	NONE	NONE
ASTRO:A1:G002	ASTRO_OPTIONAL_LABEL	f67r2	f67r2.1	C1|C2	s	A1:G002	NOT_APPLICABLE_TO_ASTRO_LOCAL_LABEL	lokale Himmels-, Wahl- oder Adressmarke als Ganzes kopieren	F67_RIGHT_WHEEL_NS	WHOLE_LOCAL_LABEL__NO_WORD_DECOMPOSITION	OPTIONAL_CONDITION_OR_ADDRESS_LABEL	COPY_COMPLETE_LOCAL_LABEL	NO	NONE	NONE
ASTRO:A1:G003	ASTRO_OPTIONAL_LABEL	f67r2	f67r2.1	C1|C2	aram	A1:G003	NOT_APPLICABLE_TO_ASTRO_LOCAL_LABEL	lokale Himmels-, Wahl- oder Adressmarke als Ganzes kopieren	F67_RIGHT_WHEEL_NS	WHOLE_LOCAL_LABEL__NO_WORD_DECOMPOSITION	OPTIONAL_CONDITION_OR_ADDRESS_LABEL	COPY_COMPLETE_LOCAL_LABEL	NO	NONE	NONE
ASTRO:A1:G004	ASTRO_OPTIONAL_LABEL	f67r2	f67r2.2	C1|C2	ykecho	A1:G004	NOT_APPLICABLE_TO_ASTRO_LOCAL_LABEL	lokale Himmels-, Wahl- oder Adressmarke als Ganzes kopieren	F67_RIGHT_WHEEL_NS	WHOLE_LOCAL_LABEL__NO_WORD_DECOMPOSITION	OPTIONAL_CONDITION_OR_ADDRESS_LABEL	COPY_COMPLETE_LOCAL_LABEL	NO	NONE	NONE
ASTRO:A1:G005	ASTRO_OPTIONAL_LABEL	f67r2	f67r2.2	C1|C2	ols	A1:G005	NOT_APPLICABLE_TO_ASTRO_LOCAL_LABEL	lokale Himmels-, Wahl- oder Adressmarke als Ganzes kopieren	F67_RIGHT_WHEEL_NS	WHOLE_LOCAL_LABEL__NO_WORD_DECOMPOSITION	OPTIONAL_CONDITION_OR_ADDRESS_LABEL	COPY_COMPLETE_LOCAL_LABEL	NO	NONE	NONE
ASTRO:A1:G006	ASTRO_OPTIONAL_LABEL	f67r2	f67r2.2	C1|C2	eesydy	A1:G006	NOT_APPLICABLE_TO_ASTRO_LOCAL_LABEL	lokale Himmels-, Wahl- oder Adressmarke als Ganzes kopieren	F67_RIGHT_WHEEL_NS	WHOLE_LOCAL_LABEL__NO_WORD_DECOMPOSITION	OPTIONAL_CONDITION_OR_ADDRESS_LABEL	COPY_COMPLETE_LOCAL_LABEL	NO	NONE	NONE
ASTRO:A1:G007	ASTRO_OPTIONAL_LABEL	f67r2	f67r2.3	C1|C2	ey	A1:G007	NOT_APPLICABLE_TO_ASTRO_LOCAL_LABEL	lokale Himmels-, Wahl- oder Adressmarke als Ganzes kopieren	F67_RIGHT_WHEEL_NS	WHOLE_LOCAL_LABEL__NO_WORD_DECOMPOSITION	OPTIONAL_CONDITION_OR_ADDRESS_LABEL	COPY_COMPLETE_LOCAL_LABEL	NO	NONE	NONE
ASTRO:A1:G008	ASTRO_OPTIONAL_LABEL	f67r2	f67r2.3	C1|C2	shs	A1:G008	NOT_APPLICABLE_TO_ASTRO_LOCAL_LABEL	lokale Himmels-, Wahl- oder Adressmarke als Ganzes kopieren	F67_RIGHT_WHEEL_NS	WHOLE_LOCAL_LABEL__NO_WORD_DECOMPOSITION	OPTIONAL_CONDITION_OR_ADDRESS_LABEL	COPY_COMPLETE_LOCAL_LABEL	NO	NONE	NONE
ASTRO:A1:G009	ASTRO_OPTIONAL_LABEL	f67r2	f67r2.3	C1|C2	okar	A1:G009	NOT_APPLICABLE_TO_ASTRO_LOCAL_LABEL	lokale Himmels-, Wahl- oder Adressmarke als Ganzes kopieren	F67_RIGHT_WHEEL_NS	WHOLE_LOCAL_LABEL__NO_WORD_DECOMPOSITION	OPTIONAL_CONDITION_OR_ADDRESS_LABEL	COPY_COMPLETE_LOCAL_LABEL	NO	NONE	NONE
ASTRO:A1:G010	ASTRO_OPTIONAL_LABEL	f67r2	f67r2.4	C1|C2	shekchy	A1:G010	NOT_APPLICABLE_TO_ASTRO_LOCAL_LABEL	lokale Himmels-, Wahl- oder Adressmarke als Ganzes kopieren	F67_RIGHT_WHEEL_NS	WHOLE_LOCAL_LABEL__NO_WORD_DECOMPOSITION	OPTIONAL_CONDITION_OR_ADDRESS_LABEL	COPY_COMPLETE_LOCAL_LABEL	NO	NONE	NONE
ASTRO:A1:G011	ASTRO_OPTIONAL_LABEL	f67r2	f67r2.4	C1|C2	sykos	A1:G011	NOT_APPLICABLE_TO_ASTRO_LOCAL_LABEL	lokale Himmels-, Wahl- oder Adressmarke als Ganzes kopieren	F67_RIGHT_WHEEL_NS	WHOLE_LOCAL_LABEL__NO_WORD_DECOMPOSITION	OPTIONAL_CONDITION_OR_ADDRESS_LABEL	COPY_COMPLETE_LOCAL_LABEL	NO	NONE	NONE
ASTRO:A1:G012	ASTRO_OPTIONAL_LABEL	f67r2	f67r2.5	C1|C2	ykeody	A1:G012	NOT_APPLICABLE_TO_ASTRO_LOCAL_LABEL	lokale Himmels-, Wahl- oder Adressmarke als Ganzes kopieren	F67_RIGHT_WHEEL_NS	WHOLE_LOCAL_LABEL__NO_WORD_DECOMPOSITION	OPTIONAL_CONDITION_OR_ADDRESS_LABEL	COPY_COMPLETE_LOCAL_LABEL	NO	NONE	NONE
ASTRO:A1:G013	ASTRO_OPTIONAL_LABEL	f67r2	f67r2.5	C1|C2	okchy	A1:G013	NOT_APPLICABLE_TO_ASTRO_LOCAL_LABEL	lokale Himmels-, Wahl- oder Adressmarke als Ganzes kopieren	F67_RIGHT_WHEEL_NS	WHOLE_LOCAL_LABEL__NO_WORD_DECOMPOSITION	OPTIONAL_CONDITION_OR_ADDRESS_LABEL	COPY_COMPLETE_LOCAL_LABEL	NO	NONE	NONE
ASTRO:A1:G014	ASTRO_OPTIONAL_LABEL	f67r2	f67r2.6	C1|C2	dchetay	A1:G014	NOT_APPLICABLE_TO_ASTRO_LOCAL_LABEL	lokale Himmels-, Wahl- oder Adressmarke als Ganzes kopieren	F67_RIGHT_WHEEL_NS	WHOLE_LOCAL_LABEL__NO_WORD_DECOMPOSITION	OPTIONAL_CONDITION_OR_ADDRESS_LABEL	COPY_COMPLETE_LOCAL_LABEL	NO	NONE	NONE
ASTRO:A1:G015	ASTRO_OPTIONAL_LABEL	f67r2	f67r2.7	C1|C2	ykchy	A1:G015	NOT_APPLICABLE_TO_ASTRO_LOCAL_LABEL	lokale Himmels-, Wahl- oder Adressmarke als Ganzes kopieren	F67_RIGHT_WHEEL_NS	WHOLE_LOCAL_LABEL__NO_WORD_DECOMPOSITION	OPTIONAL_CONDITION_OR_ADDRESS_LABEL	COPY_COMPLETE_LOCAL_LABEL	NO	NONE	NONE
ASTRO:A1:G016	ASTRO_OPTIONAL_LABEL	f67r2	f67r2.7	C1|C2	kchey	A1:G016	NOT_APPLICABLE_TO_ASTRO_LOCAL_LABEL	lokale Himmels-, Wahl- oder Adressmarke als Ganzes kopieren	F67_RIGHT_WHEEL_NS	WHOLE_LOCAL_LABEL__NO_WORD_DECOMPOSITION	OPTIONAL_CONDITION_OR_ADDRESS_LABEL	COPY_COMPLETE_LOCAL_LABEL	NO	NONE	NONE
ASTRO:A1:G017	ASTRO_OPTIONAL_LABEL	f67r2	f67r2.7	C1|C2	ykchys	A1:G017	NOT_APPLICABLE_TO_ASTRO_LOCAL_LABEL	lokale Himmels-, Wahl- oder Adressmarke als Ganzes kopieren	F67_RIGHT_WHEEL_NS	WHOLE_LOCAL_LABEL__NO_WORD_DECOMPOSITION	OPTIONAL_CONDITION_OR_ADDRESS_LABEL	COPY_COMPLETE_LOCAL_LABEL	NO	NONE	NONE
ASTRO:A1:G018	ASTRO_OPTIONAL_LABEL	f67r2	f67r2.8	C1|C2	chkchdar	A1:G018	NOT_APPLICABLE_TO_ASTRO_LOCAL_LABEL	lokale Himmels-, Wahl- oder Adressmarke als Ganzes kopieren	F67_RIGHT_WHEEL_NS	WHOLE_LOCAL_LABEL__NO_WORD_DECOMPOSITION	OPTIONAL_CONDITION_OR_ADDRESS_LABEL	COPY_COMPLETE_LOCAL_LABEL	NO	NONE	NONE
ASTRO:A1:G019	ASTRO_OPTIONAL_LABEL	f67r2	f67r2.9	C1|C2	ykar	A1:G019	NOT_APPLICABLE_TO_ASTRO_LOCAL_LABEL	lokale Himmels-, Wahl- oder Adressmarke als Ganzes kopieren	F67_RIGHT_WHEEL_NS	WHOLE_LOCAL_LABEL__NO_WORD_DECOMPOSITION	OPTIONAL_CONDITION_OR_ADDRESS_LABEL	COPY_COMPLETE_LOCAL_LABEL	NO	NONE	NONE
ASTRO:A1:G020	ASTRO_OPTIONAL_LABEL	f67r2	f67r2.9	C1|C2	ykaly	A1:G020	NOT_APPLICABLE_TO_ASTRO_LOCAL_LABEL	lokale Himmels-, Wahl- oder Adressmarke als Ganzes kopieren	F67_RIGHT_WHEEL_NS	WHOLE_LOCAL_LABEL__NO_WORD_DECOMPOSITION	OPTIONAL_CONDITION_OR_ADDRESS_LABEL	COPY_COMPLETE_LOCAL_LABEL	NO	NONE	NONE
ASTRO:A1:G021	ASTRO_OPTIONAL_LABEL	f67r2	f67r2.10	C1|C2	lkshy	A1:G021	NOT_APPLICABLE_TO_ASTRO_LOCAL_LABEL	lokale Himmels-, Wahl- oder Adressmarke als Ganzes kopieren	F67_RIGHT_WHEEL_NS	WHOLE_LOCAL_LABEL__NO_WORD_DECOMPOSITION	OPTIONAL_CONDITION_OR_ADDRESS_LABEL	COPY_COMPLETE_LOCAL_LABEL	NO	NONE	NONE
ASTRO:A1:G022	ASTRO_OPTIONAL_LABEL	f67r2	f67r2.10	C1|C2	kchy	A1:G022	NOT_APPLICABLE_TO_ASTRO_LOCAL_LABEL	lokale Himmels-, Wahl- oder Adressmarke als Ganzes kopieren	F67_RIGHT_WHEEL_NS	WHOLE_LOCAL_LABEL__NO_WORD_DECOMPOSITION	OPTIONAL_CONDITION_OR_ADDRESS_LABEL	COPY_COMPLETE_LOCAL_LABEL	NO	NONE	NONE
ASTRO:A1:G023	ASTRO_OPTIONAL_LABEL	f67r2	f67r2.10	C1|C2	okar	A1:G023	NOT_APPLICABLE_TO_ASTRO_LOCAL_LABEL	lokale Himmels-, Wahl- oder Adressmarke als Ganzes kopieren	F67_RIGHT_WHEEL_NS	WHOLE_LOCAL_LABEL__NO_WORD_DECOMPOSITION	OPTIONAL_CONDITION_OR_ADDRESS_LABEL	COPY_COMPLETE_LOCAL_LABEL	NO	NONE	NONE
ASTRO:A1:G024	ASTRO_OPTIONAL_LABEL	f67r2	f67r2.11	C1|C2	chky	A1:G024	NOT_APPLICABLE_TO_ASTRO_LOCAL_LABEL	lokale Himmels-, Wahl- oder Adressmarke als Ganzes kopieren	F67_RIGHT_WHEEL_NS	WHOLE_LOCAL_LABEL__NO_WORD_DECOMPOSITION	OPTIONAL_CONDITION_OR_ADDRESS_LABEL	COPY_COMPLETE_LOCAL_LABEL	NO	NONE	NONE
ASTRO:A1:G025	ASTRO_OPTIONAL_LABEL	f67r2	f67r2.11	C1|C2	chykchs	A1:G025	NOT_APPLICABLE_TO_ASTRO_LOCAL_LABEL	lokale Himmels-, Wahl- oder Adressmarke als Ganzes kopieren	F67_RIGHT_WHEEL_NS	WHOLE_LOCAL_LABEL__NO_WORD_DECOMPOSITION	OPTIONAL_CONDITION_OR_ADDRESS_LABEL	COPY_COMPLETE_LOCAL_LABEL	NO	NONE	NONE
ASTRO:A1:G026	ASTRO_OPTIONAL_LABEL	f67r2	f67r2.11	C1|C2	chy	A1:G026	NOT_APPLICABLE_TO_ASTRO_LOCAL_LABEL	lokale Himmels-, Wahl- oder Adressmarke als Ganzes kopieren	F67_RIGHT_WHEEL_NS	WHOLE_LOCAL_LABEL__NO_WORD_DECOMPOSITION	OPTIONAL_CONDITION_OR_ADDRESS_LABEL	COPY_COMPLETE_LOCAL_LABEL	NO	NONE	NONE
ASTRO:A1:G027	ASTRO_OPTIONAL_LABEL	f67r2	f67r2.12	C1|C2	ykees	A1:G027	NOT_APPLICABLE_TO_ASTRO_LOCAL_LABEL	lokale Himmels-, Wahl- oder Adressmarke als Ganzes kopieren	F67_RIGHT_WHEEL_NS	WHOLE_LOCAL_LABEL__NO_WORD_DECOMPOSITION	OPTIONAL_CONDITION_OR_ADDRESS_LABEL	COPY_COMPLETE_LOCAL_LABEL	NO	NONE	NONE
ASTRO:A1:G028	ASTRO_OPTIONAL_LABEL	f67r2	f67r2.12	C1|C2	ykchos	A1:G028	NOT_APPLICABLE_TO_ASTRO_LOCAL_LABEL	lokale Himmels-, Wahl- oder Adressmarke als Ganzes kopieren	F67_RIGHT_WHEEL_NS	WHOLE_LOCAL_LABEL__NO_WORD_DECOMPOSITION	OPTIONAL_CONDITION_OR_ADDRESS_LABEL	COPY_COMPLETE_LOCAL_LABEL	NO	NONE	NONE
ASTRO:A1:G029	ASTRO_OPTIONAL_LABEL	f67r2	f67r2.13	C1|C2	opodchol	A1:G029	NOT_APPLICABLE_TO_ASTRO_LOCAL_LABEL	lokale Himmels-, Wahl- oder Adressmarke als Ganzes kopieren	F67_RIGHT_WHEEL_NS	WHOLE_LOCAL_LABEL__NO_WORD_DECOMPOSITION	OPTIONAL_CONDITION_OR_ADDRESS_LABEL	COPY_COMPLETE_LOCAL_LABEL	NO	NONE	NONE
ASTRO:A1:G030	ASTRO_OPTIONAL_LABEL	f67r2	f67r2.13	C1|C2	s	A1:G030	NOT_APPLICABLE_TO_ASTRO_LOCAL_LABEL	lokale Himmels-, Wahl- oder Adressmarke als Ganzes kopieren	F67_RIGHT_WHEEL_NS	WHOLE_LOCAL_LABEL__NO_WORD_DECOMPOSITION	OPTIONAL_CONDITION_OR_ADDRESS_LABEL	COPY_COMPLETE_LOCAL_LABEL	NO	NONE	NONE
ASTRO:A1:G031	ASTRO_OPTIONAL_LABEL	f67r2	f67r2.13	C1|C2	ain	A1:G031	NOT_APPLICABLE_TO_ASTRO_LOCAL_LABEL	lokale Himmels-, Wahl- oder Adressmarke als Ganzes kopieren	F67_RIGHT_WHEEL_NS	WHOLE_LOCAL_LABEL__NO_WORD_DECOMPOSITION	OPTIONAL_CONDITION_OR_ADDRESS_LABEL	COPY_COMPLETE_LOCAL_LABEL	NO	NONE	NONE
ASTRO:A1:G032	ASTRO_OPTIONAL_LABEL	f67r2	f67r2.13	C1|C2	aldy	A1:G032	NOT_APPLICABLE_TO_ASTRO_LOCAL_LABEL	lokale Himmels-, Wahl- oder Adressmarke als Ganzes kopieren	F67_RIGHT_WHEEL_NS	WHOLE_LOCAL_LABEL__NO_WORD_DECOMPOSITION	OPTIONAL_CONDITION_OR_ADDRESS_LABEL	COPY_COMPLETE_LOCAL_LABEL	NO	NONE	NONE
ASTRO:A1:G033	ASTRO_OPTIONAL_LABEL	f67r2	f67r2.14	C1|C2	soeey	A1:G033	NOT_APPLICABLE_TO_ASTRO_LOCAL_LABEL	lokale Himmels-, Wahl- oder Adressmarke als Ganzes kopieren	F67_RIGHT_WHEEL_NS	WHOLE_LOCAL_LABEL__NO_WORD_DECOMPOSITION	OPTIONAL_CONDITION_OR_ADDRESS_LABEL	COPY_COMPLETE_LOCAL_LABEL	NO	NONE	NONE
ASTRO:A1:G034	ASTRO_OPTIONAL_LABEL	f67r2	f67r2.14	C1|C2	doiin	A1:G034	NOT_APPLICABLE_TO_ASTRO_LOCAL_LABEL	lokale Himmels-, Wahl- oder Adressmarke als Ganzes kopieren	F67_RIGHT_WHEEL_NS	WHOLE_LOCAL_LABEL__NO_WORD_DECOMPOSITION	OPTIONAL_CONDITION_OR_ADDRESS_LABEL	COPY_COMPLETE_LOCAL_LABEL	NO	NONE	NONE
ASTRO:A1:G035	ASTRO_OPTIONAL_LABEL	f67r2	f67r2.14	C1|C2	oldy	A1:G035	NOT_APPLICABLE_TO_ASTRO_LOCAL_LABEL	lokale Himmels-, Wahl- oder Adressmarke als Ganzes kopieren	F67_RIGHT_WHEEL_NS	WHOLE_LOCAL_LABEL__NO_WORD_DECOMPOSITION	OPTIONAL_CONDITION_OR_ADDRESS_LABEL	COPY_COMPLETE_LOCAL_LABEL	NO	NONE	NONE
ASTRO:A1:G036	ASTRO_OPTIONAL_LABEL	f67r2	f67r2.15	C4|C5	dolchsody	A1:G036	NOT_APPLICABLE_TO_ASTRO_LOCAL_LABEL	lokale Himmels-, Wahl- oder Adressmarke als Ganzes kopieren	F67_LEFT_WHEEL_NS	WHOLE_LOCAL_LABEL__NO_WORD_DECOMPOSITION	OPTIONAL_CONDITION_OR_ADDRESS_LABEL	COPY_COMPLETE_LOCAL_LABEL	NO	NONE	NONE
ASTRO:A1:G037	ASTRO_OPTIONAL_LABEL	f67r2	f67r2.16	C4|C5	odaeiin	A1:G037	NOT_APPLICABLE_TO_ASTRO_LOCAL_LABEL	lokale Himmels-, Wahl- oder Adressmarke als Ganzes kopieren	F67_LEFT_WHEEL_NS	WHOLE_LOCAL_LABEL__NO_WORD_DECOMPOSITION	OPTIONAL_CONDITION_OR_ADDRESS_LABEL	COPY_COMPLETE_LOCAL_LABEL	NO	NONE	NONE
ASTRO:A1:G038	ASTRO_OPTIONAL_LABEL	f67r2	f67r2.16	C4|C5	okoes	A1:G038	NOT_APPLICABLE_TO_ASTRO_LOCAL_LABEL	lokale Himmels-, Wahl- oder Adressmarke als Ganzes kopieren	F67_LEFT_WHEEL_NS	WHOLE_LOCAL_LABEL__NO_WORD_DECOMPOSITION	OPTIONAL_CONDITION_OR_ADDRESS_LABEL	COPY_COMPLETE_LOCAL_LABEL	NO	NONE	NONE
ASTRO:A1:G039	ASTRO_OPTIONAL_LABEL	f67r2	f67r2.16	C4|C5	oekain	A1:G039	NOT_APPLICABLE_TO_ASTRO_LOCAL_LABEL	lokale Himmels-, Wahl- oder Adressmarke als Ganzes kopieren	F67_LEFT_WHEEL_NS	WHOLE_LOCAL_LABEL__NO_WORD_DECOMPOSITION	OPTIONAL_CONDITION_OR_ADDRESS_LABEL	COPY_COMPLETE_LOCAL_LABEL	NO	NONE	NONE
ASTRO:A1:G040	ASTRO_OPTIONAL_LABEL	f67r2	f67r2.16	C4|C5	y	A1:G040	NOT_APPLICABLE_TO_ASTRO_LOCAL_LABEL	lokale Himmels-, Wahl- oder Adressmarke als Ganzes kopieren	F67_LEFT_WHEEL_NS	WHOLE_LOCAL_LABEL__NO_WORD_DECOMPOSITION	OPTIONAL_CONDITION_OR_ADDRESS_LABEL	COPY_COMPLETE_LOCAL_LABEL	NO	NONE	NONE
ASTRO:A1:G041	ASTRO_OPTIONAL_LABEL	f67r2	f67r2.17	C4|C5	otchey	A1:G041	NOT_APPLICABLE_TO_ASTRO_LOCAL_LABEL	lokale Himmels-, Wahl- oder Adressmarke als Ganzes kopieren	F67_LEFT_WHEEL_NS	WHOLE_LOCAL_LABEL__NO_WORD_DECOMPOSITION	OPTIONAL_CONDITION_OR_ADDRESS_LABEL	COPY_COMPLETE_LOCAL_LABEL	NO	NONE	NONE
ASTRO:A1:G042	ASTRO_OPTIONAL_LABEL	f67r2	f67r2.17	C4|C5	soraiir	A1:G042	NOT_APPLICABLE_TO_ASTRO_LOCAL_LABEL	lokale Himmels-, Wahl- oder Adressmarke als Ganzes kopieren	F67_LEFT_WHEEL_NS	WHOLE_LOCAL_LABEL__NO_WORD_DECOMPOSITION	OPTIONAL_CONDITION_OR_ADDRESS_LABEL	COPY_COMPLETE_LOCAL_LABEL	NO	NONE	NONE
ASTRO:A1:G043	ASTRO_OPTIONAL_LABEL	f67r2	f67r2.17	C4|C5	dy	A1:G043	NOT_APPLICABLE_TO_ASTRO_LOCAL_LABEL	lokale Himmels-, Wahl- oder Adressmarke als Ganzes kopieren	F67_LEFT_WHEEL_NS	WHOLE_LOCAL_LABEL__NO_WORD_DECOMPOSITION	OPTIONAL_CONDITION_OR_ADDRESS_LABEL	COPY_COMPLETE_LOCAL_LABEL	NO	NONE	NONE
ASTRO:A1:G044	ASTRO_OPTIONAL_LABEL	f67r2	f67r2.18	C4|C5	qopchy	A1:G044	NOT_APPLICABLE_TO_ASTRO_LOCAL_LABEL	lokale Himmels-, Wahl- oder Adressmarke als Ganzes kopieren	F67_LEFT_WHEEL_NS	WHOLE_LOCAL_LABEL__NO_WORD_DECOMPOSITION	OPTIONAL_CONDITION_OR_ADDRESS_LABEL	COPY_COMPLETE_LOCAL_LABEL	NO	NONE	NONE
ASTRO:A1:G045	ASTRO_OPTIONAL_LABEL	f67r2	f67r2.18	C4|C5	daiin	A1:G045	NOT_APPLICABLE_TO_ASTRO_LOCAL_LABEL	lokale Himmels-, Wahl- oder Adressmarke als Ganzes kopieren	F67_LEFT_WHEEL_NS	WHOLE_LOCAL_LABEL__NO_WORD_DECOMPOSITION	OPTIONAL_CONDITION_OR_ADDRESS_LABEL	COPY_COMPLETE_LOCAL_LABEL	NO	NONE	NONE
ASTRO:A1:G046	ASTRO_OPTIONAL_LABEL	f67r2	f67r2.18	C4|C5	dal	A1:G046	NOT_APPLICABLE_TO_ASTRO_LOCAL_LABEL	lokale Himmels-, Wahl- oder Adressmarke als Ganzes kopieren	F67_LEFT_WHEEL_NS	WHOLE_LOCAL_LABEL__NO_WORD_DECOMPOSITION	OPTIONAL_CONDITION_OR_ADDRESS_LABEL	COPY_COMPLETE_LOCAL_LABEL	NO	NONE	NONE
ASTRO:A1:G047	ASTRO_OPTIONAL_LABEL	f67r2	f67r2.19	C4|C5	ydchos	A1:G047	NOT_APPLICABLE_TO_ASTRO_LOCAL_LABEL	lokale Himmels-, Wahl- oder Adressmarke als Ganzes kopieren	F67_LEFT_WHEEL_NS	WHOLE_LOCAL_LABEL__NO_WORD_DECOMPOSITION	OPTIONAL_CONDITION_OR_ADDRESS_LABEL	COPY_COMPLETE_LOCAL_LABEL	NO	NONE	NONE
ASTRO:A1:G048	ASTRO_OPTIONAL_LABEL	f67r2	f67r2.19	C4|C5	ain	A1:G048	NOT_APPLICABLE_TO_ASTRO_LOCAL_LABEL	lokale Himmels-, Wahl- oder Adressmarke als Ganzes kopieren	F67_LEFT_WHEEL_NS	WHOLE_LOCAL_LABEL__NO_WORD_DECOMPOSITION	OPTIONAL_CONDITION_OR_ADDRESS_LABEL	COPY_COMPLETE_LOCAL_LABEL	NO	NONE	NONE
ASTRO:A1:G049	ASTRO_OPTIONAL_LABEL	f67r2	f67r2.19	C4|C5	ar	A1:G049	NOT_APPLICABLE_TO_ASTRO_LOCAL_LABEL	lokale Himmels-, Wahl- oder Adressmarke als Ganzes kopieren	F67_LEFT_WHEEL_NS	WHOLE_LOCAL_LABEL__NO_WORD_DECOMPOSITION	OPTIONAL_CONDITION_OR_ADDRESS_LABEL	COPY_COMPLETE_LOCAL_LABEL	NO	NONE	NONE
ASTRO:A1:G050	ASTRO_OPTIONAL_LABEL	f67r2	f67r2.19	C4|C5	amy	A1:G050	NOT_APPLICABLE_TO_ASTRO_LOCAL_LABEL	lokale Himmels-, Wahl- oder Adressmarke als Ganzes kopieren	F67_LEFT_WHEEL_NS	WHOLE_LOCAL_LABEL__NO_WORD_DECOMPOSITION	OPTIONAL_CONDITION_OR_ADDRESS_LABEL	COPY_COMPLETE_LOCAL_LABEL	NO	NONE	NONE
ASTRO:A1:G051	ASTRO_OPTIONAL_LABEL	f67r2	f67r2.20	C4|C5	chocfhy	A1:G051	NOT_APPLICABLE_TO_ASTRO_LOCAL_LABEL	lokale Himmels-, Wahl- oder Adressmarke als Ganzes kopieren	F67_LEFT_WHEEL_NS	WHOLE_LOCAL_LABEL__NO_WORD_DECOMPOSITION	OPTIONAL_CONDITION_OR_ADDRESS_LABEL	COPY_COMPLETE_LOCAL_LABEL	NO	NONE	NONE
ASTRO:A1:G052	ASTRO_OPTIONAL_LABEL	f67r2	f67r2.20	C4|C5	saral	A1:G052	NOT_APPLICABLE_TO_ASTRO_LOCAL_LABEL	lokale Himmels-, Wahl- oder Adressmarke als Ganzes kopieren	F67_LEFT_WHEEL_NS	WHOLE_LOCAL_LABEL__NO_WORD_DECOMPOSITION	OPTIONAL_CONDITION_OR_ADDRESS_LABEL	COPY_COMPLETE_LOCAL_LABEL	NO	NONE	NONE
ASTRO:A1:G053	ASTRO_OPTIONAL_LABEL	f67r2	f67r2.21	C4|C5	sain	A1:G053	NOT_APPLICABLE_TO_ASTRO_LOCAL_LABEL	lokale Himmels-, Wahl- oder Adressmarke als Ganzes kopieren	F67_LEFT_WHEEL_NS	WHOLE_LOCAL_LABEL__NO_WORD_DECOMPOSITION	OPTIONAL_CONDITION_OR_ADDRESS_LABEL	COPY_COMPLETE_LOCAL_LABEL	NO	NONE	NONE
ASTRO:A1:G054	ASTRO_OPTIONAL_LABEL	f67r2	f67r2.21	C4|C5	am	A1:G054	NOT_APPLICABLE_TO_ASTRO_LOCAL_LABEL	lokale Himmels-, Wahl- oder Adressmarke als Ganzes kopieren	F67_LEFT_WHEEL_NS	WHOLE_LOCAL_LABEL__NO_WORD_DECOMPOSITION	OPTIONAL_CONDITION_OR_ADDRESS_LABEL	COPY_COMPLETE_LOCAL_LABEL	NO	NONE	NONE
ASTRO:A1:G055	ASTRO_OPTIONAL_LABEL	f67r2	f67r2.21	C4|C5	ar	A1:G055	NOT_APPLICABLE_TO_ASTRO_LOCAL_LABEL	lokale Himmels-, Wahl- oder Adressmarke als Ganzes kopieren	F67_LEFT_WHEEL_NS	WHOLE_LOCAL_LABEL__NO_WORD_DECOMPOSITION	OPTIONAL_CONDITION_OR_ADDRESS_LABEL	COPY_COMPLETE_LOCAL_LABEL	NO	NONE	NONE
ASTRO:A1:G056	ASTRO_OPTIONAL_LABEL	f67r2	f67r2.22	C4|C5	okal	A1:G056	NOT_APPLICABLE_TO_ASTRO_LOCAL_LABEL	lokale Himmels-, Wahl- oder Adressmarke als Ganzes kopieren	F67_LEFT_WHEEL_NS	WHOLE_LOCAL_LABEL__NO_WORD_DECOMPOSITION	OPTIONAL_CONDITION_OR_ADDRESS_LABEL	COPY_COMPLETE_LOCAL_LABEL	NO	NONE	NONE
ASTRO:A1:G057	ASTRO_OPTIONAL_LABEL	f67r2	f67r2.23	C4|C5	oparchy	A1:G057	NOT_APPLICABLE_TO_ASTRO_LOCAL_LABEL	lokale Himmels-, Wahl- oder Adressmarke als Ganzes kopieren	F67_LEFT_WHEEL_NS	WHOLE_LOCAL_LABEL__NO_WORD_DECOMPOSITION	OPTIONAL_CONDITION_OR_ADDRESS_LABEL	COPY_COMPLETE_LOCAL_LABEL	NO	NONE	NONE
ASTRO:A1:G058	ASTRO_OPTIONAL_LABEL	f67r2	f67r2.23	C4|C5	salsain	A1:G058	NOT_APPLICABLE_TO_ASTRO_LOCAL_LABEL	lokale Himmels-, Wahl- oder Adressmarke als Ganzes kopieren	F67_LEFT_WHEEL_NS	WHOLE_LOCAL_LABEL__NO_WORD_DECOMPOSITION	OPTIONAL_CONDITION_OR_ADDRESS_LABEL	COPY_COMPLETE_LOCAL_LABEL	NO	NONE	NONE
ASTRO:A1:G059	ASTRO_OPTIONAL_LABEL	f67r2	f67r2.24	C4|C5	sodar	A1:G059	NOT_APPLICABLE_TO_ASTRO_LOCAL_LABEL	lokale Himmels-, Wahl- oder Adressmarke als Ganzes kopieren	F67_LEFT_WHEEL_NS	WHOLE_LOCAL_LABEL__NO_WORD_DECOMPOSITION	OPTIONAL_CONDITION_OR_ADDRESS_LABEL	COPY_COMPLETE_LOCAL_LABEL	NO	NONE	NONE
ASTRO:A1:G060	ASTRO_OPTIONAL_LABEL	f67r2	f67r2.24	C4|C5	ofar	A1:G060	NOT_APPLICABLE_TO_ASTRO_LOCAL_LABEL	lokale Himmels-, Wahl- oder Adressmarke als Ganzes kopieren	F67_LEFT_WHEEL_NS	WHOLE_LOCAL_LABEL__NO_WORD_DECOMPOSITION	OPTIONAL_CONDITION_OR_ADDRESS_LABEL	COPY_COMPLETE_LOCAL_LABEL	NO	NONE	NONE
ASTRO:A1:G061	ASTRO_OPTIONAL_LABEL	f67r2	f67r2.24	C4|C5	ar	A1:G061	NOT_APPLICABLE_TO_ASTRO_LOCAL_LABEL	lokale Himmels-, Wahl- oder Adressmarke als Ganzes kopieren	F67_LEFT_WHEEL_NS	WHOLE_LOCAL_LABEL__NO_WORD_DECOMPOSITION	OPTIONAL_CONDITION_OR_ADDRESS_LABEL	COPY_COMPLETE_LOCAL_LABEL	NO	NONE	NONE
ASTRO:A1:G062	ASTRO_OPTIONAL_LABEL	f67r2	f67r2.25	C4|C5	ydam	A1:G062	NOT_APPLICABLE_TO_ASTRO_LOCAL_LABEL	lokale Himmels-, Wahl- oder Adressmarke als Ganzes kopieren	F67_LEFT_WHEEL_NS	WHOLE_LOCAL_LABEL__NO_WORD_DECOMPOSITION	OPTIONAL_CONDITION_OR_ADDRESS_LABEL	COPY_COMPLETE_LOCAL_LABEL	NO	NONE	NONE
ASTRO:A1:G063	ASTRO_OPTIONAL_LABEL	f67r2	f67r2.26	C4|C5	yteoor	A1:G063	NOT_APPLICABLE_TO_ASTRO_LOCAL_LABEL	lokale Himmels-, Wahl- oder Adressmarke als Ganzes kopieren	F67_LEFT_WHEEL_NS	WHOLE_LOCAL_LABEL__NO_WORD_DECOMPOSITION	OPTIONAL_CONDITION_OR_ADDRESS_LABEL	COPY_COMPLETE_LOCAL_LABEL	NO	NONE	NONE
ASTRO:A1:G064	ASTRO_OPTIONAL_LABEL	f67r2	f67r2.26	C4|C5	yto	A1:G064	NOT_APPLICABLE_TO_ASTRO_LOCAL_LABEL	lokale Himmels-, Wahl- oder Adressmarke als Ganzes kopieren	F67_LEFT_WHEEL_NS	WHOLE_LOCAL_LABEL__NO_WORD_DECOMPOSITION	OPTIONAL_CONDITION_OR_ADDRESS_LABEL	COPY_COMPLETE_LOCAL_LABEL	NO	NONE	NONE
ASTRO:A1:G065	ASTRO_OPTIONAL_LABEL	f67r2	f67r2.26	C4|C5	ykor	A1:G065	NOT_APPLICABLE_TO_ASTRO_LOCAL_LABEL	lokale Himmels-, Wahl- oder Adressmarke als Ganzes kopieren	F67_LEFT_WHEEL_NS	WHOLE_LOCAL_LABEL__NO_WORD_DECOMPOSITION	OPTIONAL_CONDITION_OR_ADDRESS_LABEL	COPY_COMPLETE_LOCAL_LABEL	NO	NONE	NONE
ASTRO:A1:G066	ASTRO_OPTIONAL_LABEL	f67r2	f67r2.27	C4|C5	okeo	A1:G066	NOT_APPLICABLE_TO_ASTRO_LOCAL_LABEL	lokale Himmels-, Wahl- oder Adressmarke als Ganzes kopieren	F67_LEFT_WHEEL_NS	WHOLE_LOCAL_LABEL__NO_WORD_DECOMPOSITION	OPTIONAL_CONDITION_OR_ADDRESS_LABEL	COPY_COMPLETE_LOCAL_LABEL	NO	NONE	NONE
ASTRO:A1:G067	ASTRO_OPTIONAL_LABEL	f67r2	f67r2.27	C4|C5	r	A1:G067	NOT_APPLICABLE_TO_ASTRO_LOCAL_LABEL	lokale Himmels-, Wahl- oder Adressmarke als Ganzes kopieren	F67_LEFT_WHEEL_NS	WHOLE_LOCAL_LABEL__NO_WORD_DECOMPOSITION	OPTIONAL_CONDITION_OR_ADDRESS_LABEL	COPY_COMPLETE_LOCAL_LABEL	NO	NONE	NONE
ASTRO:A1:G068	ASTRO_OPTIONAL_LABEL	f67r2	f67r2.27	C4|C5	aiin	A1:G068	NOT_APPLICABLE_TO_ASTRO_LOCAL_LABEL	lokale Himmels-, Wahl- oder Adressmarke als Ganzes kopieren	F67_LEFT_WHEEL_NS	WHOLE_LOCAL_LABEL__NO_WORD_DECOMPOSITION	OPTIONAL_CONDITION_OR_ADDRESS_LABEL	COPY_COMPLETE_LOCAL_LABEL	NO	NONE	NONE
ASTRO:A1:G069	ASTRO_OPTIONAL_LABEL	f67r2	f67r2.27	C4|C5	am	A1:G069	NOT_APPLICABLE_TO_ASTRO_LOCAL_LABEL	lokale Himmels-, Wahl- oder Adressmarke als Ganzes kopieren	F67_LEFT_WHEEL_NS	WHOLE_LOCAL_LABEL__NO_WORD_DECOMPOSITION	OPTIONAL_CONDITION_OR_ADDRESS_LABEL	COPY_COMPLETE_LOCAL_LABEL	NO	NONE	NONE
ASTRO:A1:G070	ASTRO_OPTIONAL_LABEL	f67r2	f67r2.28	C4|C5	okain	A1:G070	NOT_APPLICABLE_TO_ASTRO_LOCAL_LABEL	lokale Himmels-, Wahl- oder Adressmarke als Ganzes kopieren	F67_LEFT_WHEEL_NS	WHOLE_LOCAL_LABEL__NO_WORD_DECOMPOSITION	OPTIONAL_CONDITION_OR_ADDRESS_LABEL	COPY_COMPLETE_LOCAL_LABEL	NO	NONE	NONE
ASTRO:A1:G071	ASTRO_OPTIONAL_LABEL	f67r2	f67r2.28	C4|C5	am	A1:G071	NOT_APPLICABLE_TO_ASTRO_LOCAL_LABEL	lokale Himmels-, Wahl- oder Adressmarke als Ganzes kopieren	F67_LEFT_WHEEL_NS	WHOLE_LOCAL_LABEL__NO_WORD_DECOMPOSITION	OPTIONAL_CONDITION_OR_ADDRESS_LABEL	COPY_COMPLETE_LOCAL_LABEL	NO	NONE	NONE
ASTRO:A1:G072	ASTRO_OPTIONAL_LABEL	f67r2	f67r2.29	C4|C5	ytody	A1:G072	NOT_APPLICABLE_TO_ASTRO_LOCAL_LABEL	lokale Himmels-, Wahl- oder Adressmarke als Ganzes kopieren	F67_LEFT_WHEEL_NS	WHOLE_LOCAL_LABEL__NO_WORD_DECOMPOSITION	OPTIONAL_CONDITION_OR_ADDRESS_LABEL	COPY_COMPLETE_LOCAL_LABEL	NO	NONE	NONE
ASTRO:A1:G073	ASTRO_OPTIONAL_LABEL	f67r2	f67r2.29	C4|C5	saiin	A1:G073	NOT_APPLICABLE_TO_ASTRO_LOCAL_LABEL	lokale Himmels-, Wahl- oder Adressmarke als Ganzes kopieren	F67_LEFT_WHEEL_NS	WHOLE_LOCAL_LABEL__NO_WORD_DECOMPOSITION	OPTIONAL_CONDITION_OR_ADDRESS_LABEL	COPY_COMPLETE_LOCAL_LABEL	NO	NONE	NONE
ASTRO:A1:G074	ASTRO_OPTIONAL_LABEL	f67r2	f67r2.30	C4|C5	ochol	A1:G074	NOT_APPLICABLE_TO_ASTRO_LOCAL_LABEL	lokale Himmels-, Wahl- oder Adressmarke als Ganzes kopieren	F67_LEFT_WHEEL_NS	WHOLE_LOCAL_LABEL__NO_WORD_DECOMPOSITION	OPTIONAL_CONDITION_OR_ADDRESS_LABEL	COPY_COMPLETE_LOCAL_LABEL	NO	NONE	NONE
ASTRO:A1:G075	ASTRO_OPTIONAL_LABEL	f67r2	f67r2.30	C4|C5	olol	A1:G075	NOT_APPLICABLE_TO_ASTRO_LOCAL_LABEL	lokale Himmels-, Wahl- oder Adressmarke als Ganzes kopieren	F67_LEFT_WHEEL_NS	WHOLE_LOCAL_LABEL__NO_WORD_DECOMPOSITION	OPTIONAL_CONDITION_OR_ADDRESS_LABEL	COPY_COMPLETE_LOCAL_LABEL	NO	NONE	NONE
ASTRO:A1:G076	ASTRO_OPTIONAL_LABEL	f67r2	f67r2.31	C4|C5	opcholdy	A1:G076	NOT_APPLICABLE_TO_ASTRO_LOCAL_LABEL	lokale Himmels-, Wahl- oder Adressmarke als Ganzes kopieren	F67_LEFT_WHEEL_NS	WHOLE_LOCAL_LABEL__NO_WORD_DECOMPOSITION	OPTIONAL_CONDITION_OR_ADDRESS_LABEL	COPY_COMPLETE_LOCAL_LABEL	NO	NONE	NONE
ASTRO:A1:G077	ASTRO_OPTIONAL_LABEL	f67r2	f67r2.32	C4|C5	dosar	A1:G077	NOT_APPLICABLE_TO_ASTRO_LOCAL_LABEL	lokale Himmels-, Wahl- oder Adressmarke als Ganzes kopieren	F67_LEFT_WHEEL_NS	WHOLE_LOCAL_LABEL__NO_WORD_DECOMPOSITION	OPTIONAL_CONDITION_OR_ADDRESS_LABEL	COPY_COMPLETE_LOCAL_LABEL	NO	NONE	NONE
ASTRO:A1:G078	ASTRO_OPTIONAL_LABEL	f67r2	f67r2.32	C4|C5	odas	A1:G078	NOT_APPLICABLE_TO_ASTRO_LOCAL_LABEL	lokale Himmels-, Wahl- oder Adressmarke als Ganzes kopieren	F67_LEFT_WHEEL_NS	WHOLE_LOCAL_LABEL__NO_WORD_DECOMPOSITION	OPTIONAL_CONDITION_OR_ADDRESS_LABEL	COPY_COMPLETE_LOCAL_LABEL	NO	NONE	NONE
ASTRO:A1:G079	ASTRO_OPTIONAL_LABEL	f67r2	f67r2.32	C4|C5	air	A1:G079	NOT_APPLICABLE_TO_ASTRO_LOCAL_LABEL	lokale Himmels-, Wahl- oder Adressmarke als Ganzes kopieren	F67_LEFT_WHEEL_NS	WHOLE_LOCAL_LABEL__NO_WORD_DECOMPOSITION	OPTIONAL_CONDITION_OR_ADDRESS_LABEL	COPY_COMPLETE_LOCAL_LABEL	NO	NONE	NONE
ASTRO:A1:G080	ASTRO_OPTIONAL_LABEL	f67r2	f67r2.32	C4|C5	alaiin	A1:G080	NOT_APPLICABLE_TO_ASTRO_LOCAL_LABEL	lokale Himmels-, Wahl- oder Adressmarke als Ganzes kopieren	F67_LEFT_WHEEL_NS	WHOLE_LOCAL_LABEL__NO_WORD_DECOMPOSITION	OPTIONAL_CONDITION_OR_ADDRESS_LABEL	COPY_COMPLETE_LOCAL_LABEL	NO	NONE	NONE
ASTRO:A1:G081	ASTRO_OPTIONAL_LABEL	f67r2	f67r2.33	C4|C5	dokan	A1:G081	NOT_APPLICABLE_TO_ASTRO_LOCAL_LABEL	lokale Himmels-, Wahl- oder Adressmarke als Ganzes kopieren	F67_LEFT_WHEEL_NS	WHOLE_LOCAL_LABEL__NO_WORD_DECOMPOSITION	OPTIONAL_CONDITION_OR_ADDRESS_LABEL	COPY_COMPLETE_LOCAL_LABEL	NO	NONE	NONE
ASTRO:A1:G082	ASTRO_OPTIONAL_LABEL	f67r2	f67r2.33	C4|C5	oear	A1:G082	NOT_APPLICABLE_TO_ASTRO_LOCAL_LABEL	lokale Himmels-, Wahl- oder Adressmarke als Ganzes kopieren	F67_LEFT_WHEEL_NS	WHOLE_LOCAL_LABEL__NO_WORD_DECOMPOSITION	OPTIONAL_CONDITION_OR_ADDRESS_LABEL	COPY_COMPLETE_LOCAL_LABEL	NO	NONE	NONE
ASTRO:A1:G083	ASTRO_OPTIONAL_LABEL	f67r2	f67r2.33	C4|C5	odal	A1:G083	NOT_APPLICABLE_TO_ASTRO_LOCAL_LABEL	lokale Himmels-, Wahl- oder Adressmarke als Ganzes kopieren	F67_LEFT_WHEEL_NS	WHOLE_LOCAL_LABEL__NO_WORD_DECOMPOSITION	OPTIONAL_CONDITION_OR_ADDRESS_LABEL	COPY_COMPLETE_LOCAL_LABEL	NO	NONE	NONE
ASTRO:A1:G084	ASTRO_OPTIONAL_LABEL	f67r2	f67r2.34	C4|C5	ofar	A1:G084	NOT_APPLICABLE_TO_ASTRO_LOCAL_LABEL	lokale Himmels-, Wahl- oder Adressmarke als Ganzes kopieren	F67_LEFT_WHEEL_NS	WHOLE_LOCAL_LABEL__NO_WORD_DECOMPOSITION	OPTIONAL_CONDITION_OR_ADDRESS_LABEL	COPY_COMPLETE_LOCAL_LABEL	NO	NONE	NONE
ASTRO:A1:G085	ASTRO_OPTIONAL_LABEL	f67r2	f67r2.34	C4|C5	oeoldan	A1:G085	NOT_APPLICABLE_TO_ASTRO_LOCAL_LABEL	lokale Himmels-, Wahl- oder Adressmarke als Ganzes kopieren	F67_LEFT_WHEEL_NS	WHOLE_LOCAL_LABEL__NO_WORD_DECOMPOSITION	OPTIONAL_CONDITION_OR_ADDRESS_LABEL	COPY_COMPLETE_LOCAL_LABEL	NO	NONE	NONE
ASTRO:A1:G086	ASTRO_OPTIONAL_LABEL	f67r2	f67r2.35	C4|C5	chol	A1:G086	NOT_APPLICABLE_TO_ASTRO_LOCAL_LABEL	lokale Himmels-, Wahl- oder Adressmarke als Ganzes kopieren	F67_LEFT_WHEEL_NS	WHOLE_LOCAL_LABEL__NO_WORD_DECOMPOSITION	OPTIONAL_CONDITION_OR_ADDRESS_LABEL	COPY_COMPLETE_LOCAL_LABEL	NO	NONE	NONE
ASTRO:A1:G087	ASTRO_OPTIONAL_LABEL	f67r2	f67r2.35	C4|C5	giin	A1:G087	NOT_APPLICABLE_TO_ASTRO_LOCAL_LABEL	lokale Himmels-, Wahl- oder Adressmarke als Ganzes kopieren	F67_LEFT_WHEEL_NS	WHOLE_LOCAL_LABEL__NO_WORD_DECOMPOSITION	OPTIONAL_CONDITION_OR_ADDRESS_LABEL	COPY_COMPLETE_LOCAL_LABEL	NO	NONE	NONE
ASTRO:A1:G088	ASTRO_OPTIONAL_LABEL	f67r2	f67r2.35	C4|C5	okol	A1:G088	NOT_APPLICABLE_TO_ASTRO_LOCAL_LABEL	lokale Himmels-, Wahl- oder Adressmarke als Ganzes kopieren	F67_LEFT_WHEEL_NS	WHOLE_LOCAL_LABEL__NO_WORD_DECOMPOSITION	OPTIONAL_CONDITION_OR_ADDRESS_LABEL	COPY_COMPLETE_LOCAL_LABEL	NO	NONE	NONE
ASTRO:A1:G089	ASTRO_OPTIONAL_LABEL	f67r2	f67r2.36	C4|C5	ytor	A1:G089	NOT_APPLICABLE_TO_ASTRO_LOCAL_LABEL	lokale Himmels-, Wahl- oder Adressmarke als Ganzes kopieren	F67_LEFT_WHEEL_NS	WHOLE_LOCAL_LABEL__NO_WORD_DECOMPOSITION	OPTIONAL_CONDITION_OR_ADDRESS_LABEL	COPY_COMPLETE_LOCAL_LABEL	NO	NONE	NONE
ASTRO:A1:G090	ASTRO_OPTIONAL_LABEL	f67r2	f67r2.36	C4|C5	daiin	A1:G090	NOT_APPLICABLE_TO_ASTRO_LOCAL_LABEL	lokale Himmels-, Wahl- oder Adressmarke als Ganzes kopieren	F67_LEFT_WHEEL_NS	WHOLE_LOCAL_LABEL__NO_WORD_DECOMPOSITION	OPTIONAL_CONDITION_OR_ADDRESS_LABEL	COPY_COMPLETE_LOCAL_LABEL	NO	NONE	NONE
ASTRO:A1:G091	ASTRO_OPTIONAL_LABEL	f67r2	f67r2.36	C4|C5	or	A1:G091	NOT_APPLICABLE_TO_ASTRO_LOCAL_LABEL	lokale Himmels-, Wahl- oder Adressmarke als Ganzes kopieren	F67_LEFT_WHEEL_NS	WHOLE_LOCAL_LABEL__NO_WORD_DECOMPOSITION	OPTIONAL_CONDITION_OR_ADDRESS_LABEL	COPY_COMPLETE_LOCAL_LABEL	NO	NONE	NONE
ASTRO:A1:G092	ASTRO_OPTIONAL_LABEL	f67r2	f67r2.37	C4|C5	ytoaiin	A1:G092	NOT_APPLICABLE_TO_ASTRO_LOCAL_LABEL	lokale Himmels-, Wahl- oder Adressmarke als Ganzes kopieren	F67_LEFT_WHEEL_NS	WHOLE_LOCAL_LABEL__NO_WORD_DECOMPOSITION	OPTIONAL_CONDITION_OR_ADDRESS_LABEL	COPY_COMPLETE_LOCAL_LABEL	NO	NONE	NONE
ASTRO:A1:G093	ASTRO_OPTIONAL_LABEL	f67r2	f67r2.38	C4|C5	otoldos	A1:G093	NOT_APPLICABLE_TO_ASTRO_LOCAL_LABEL	lokale Himmels-, Wahl- oder Adressmarke als Ganzes kopieren	F67_LEFT_WHEEL_NS	WHOLE_LOCAL_LABEL__NO_WORD_DECOMPOSITION	OPTIONAL_CONDITION_OR_ADDRESS_LABEL	COPY_COMPLETE_LOCAL_LABEL	NO	NONE	NONE
ASTRO:A1:G094	ASTRO_OPTIONAL_LABEL	f67r2	f67r2.38	C4|C5	octhole	A1:G094	NOT_APPLICABLE_TO_ASTRO_LOCAL_LABEL	lokale Himmels-, Wahl- oder Adressmarke als Ganzes kopieren	F67_LEFT_WHEEL_NS	WHOLE_LOCAL_LABEL__NO_WORD_DECOMPOSITION	OPTIONAL_CONDITION_OR_ADDRESS_LABEL	COPY_COMPLETE_LOCAL_LABEL	NO	NONE	NONE
ASTRO:A1:G095	ASTRO_OPTIONAL_LABEL	f67r2	f67r2.39	C4|C5	sor	A1:G095	NOT_APPLICABLE_TO_ASTRO_LOCAL_LABEL	lokale Himmels-, Wahl- oder Adressmarke als Ganzes kopieren	F67_LEFT_WHEEL_NS	WHOLE_LOCAL_LABEL__NO_WORD_DECOMPOSITION	OPTIONAL_CONDITION_OR_ADDRESS_LABEL	COPY_COMPLETE_LOCAL_LABEL	NO	NONE	NONE
ASTRO:A1:G096	ASTRO_OPTIONAL_LABEL	f67r2	f67r2.39	C4|C5	chedaiin	A1:G096	NOT_APPLICABLE_TO_ASTRO_LOCAL_LABEL	lokale Himmels-, Wahl- oder Adressmarke als Ganzes kopieren	F67_LEFT_WHEEL_NS	WHOLE_LOCAL_LABEL__NO_WORD_DECOMPOSITION	OPTIONAL_CONDITION_OR_ADDRESS_LABEL	COPY_COMPLETE_LOCAL_LABEL	NO	NONE	NONE
ASTRO:A1:G097	ASTRO_OPTIONAL_LABEL	f67r2	f67r2.39	C4|C5	dy	A1:G097	NOT_APPLICABLE_TO_ASTRO_LOCAL_LABEL	lokale Himmels-, Wahl- oder Adressmarke als Ganzes kopieren	F67_LEFT_WHEEL_NS	WHOLE_LOCAL_LABEL__NO_WORD_DECOMPOSITION	OPTIONAL_CONDITION_OR_ADDRESS_LABEL	COPY_COMPLETE_LOCAL_LABEL	NO	NONE	NONE
ASTRO:A1:G098	ASTRO_OPTIONAL_LABEL	f67r2	f67r2.40	C4|C5	yteos	A1:G098	NOT_APPLICABLE_TO_ASTRO_LOCAL_LABEL	lokale Himmels-, Wahl- oder Adressmarke als Ganzes kopieren	F67_LEFT_WHEEL_NS	WHOLE_LOCAL_LABEL__NO_WORD_DECOMPOSITION	OPTIONAL_CONDITION_OR_ADDRESS_LABEL	COPY_COMPLETE_LOCAL_LABEL	NO	NONE	NONE
ASTRO:A1:G099	ASTRO_OPTIONAL_LABEL	f67r2	f67r2.40	C4|C5	oiin	A1:G099	NOT_APPLICABLE_TO_ASTRO_LOCAL_LABEL	lokale Himmels-, Wahl- oder Adressmarke als Ganzes kopieren	F67_LEFT_WHEEL_NS	WHOLE_LOCAL_LABEL__NO_WORD_DECOMPOSITION	OPTIONAL_CONDITION_OR_ADDRESS_LABEL	COPY_COMPLETE_LOCAL_LABEL	NO	NONE	NONE
ASTRO:A1:G100	ASTRO_OPTIONAL_LABEL	f67r2	f67r2.40	C4|C5	og	A1:G100	NOT_APPLICABLE_TO_ASTRO_LOCAL_LABEL	lokale Himmels-, Wahl- oder Adressmarke als Ganzes kopieren	F67_LEFT_WHEEL_NS	WHOLE_LOCAL_LABEL__NO_WORD_DECOMPOSITION	OPTIONAL_CONDITION_OR_ADDRESS_LABEL	COPY_COMPLETE_LOCAL_LABEL	NO	NONE	NONE
ASTRO:A1:G101	ASTRO_OPTIONAL_LABEL	f67r2	f67r2.41	C4|C5	ytoeopchey	A1:G101	NOT_APPLICABLE_TO_ASTRO_LOCAL_LABEL	lokale Himmels-, Wahl- oder Adressmarke als Ganzes kopieren	F67_LEFT_WHEEL_NS	WHOLE_LOCAL_LABEL__NO_WORD_DECOMPOSITION	OPTIONAL_CONDITION_OR_ADDRESS_LABEL	COPY_COMPLETE_LOCAL_LABEL	NO	NONE	NONE
ASTRO:A1:G102	ASTRO_OPTIONAL_LABEL	f67r2	f67r2.41	C4|C5	chekody	A1:G102	NOT_APPLICABLE_TO_ASTRO_LOCAL_LABEL	lokale Himmels-, Wahl- oder Adressmarke als Ganzes kopieren	F67_LEFT_WHEEL_NS	WHOLE_LOCAL_LABEL__NO_WORD_DECOMPOSITION	OPTIONAL_CONDITION_OR_ADDRESS_LABEL	COPY_COMPLETE_LOCAL_LABEL	NO	NONE	NONE
ASTRO:A1:G103	ASTRO_OPTIONAL_LABEL	f67r2	f67r2.42	C4|C5	sosho	A1:G103	NOT_APPLICABLE_TO_ASTRO_LOCAL_LABEL	lokale Himmels-, Wahl- oder Adressmarke als Ganzes kopieren	F67_LEFT_WHEEL_NS	WHOLE_LOCAL_LABEL__NO_WORD_DECOMPOSITION	OPTIONAL_CONDITION_OR_ADDRESS_LABEL	COPY_COMPLETE_LOCAL_LABEL	NO	NONE	NONE
ASTRO:A1:G104	ASTRO_OPTIONAL_LABEL	f67r2	f67r2.42	C4|C5	chos	A1:G104	NOT_APPLICABLE_TO_ASTRO_LOCAL_LABEL	lokale Himmels-, Wahl- oder Adressmarke als Ganzes kopieren	F67_LEFT_WHEEL_NS	WHOLE_LOCAL_LABEL__NO_WORD_DECOMPOSITION	OPTIONAL_CONDITION_OR_ADDRESS_LABEL	COPY_COMPLETE_LOCAL_LABEL	NO	NONE	NONE
ASTRO:A1:G105	ASTRO_OPTIONAL_LABEL	f67r2	f67r2.42	C4|C5	ockhy	A1:G105	NOT_APPLICABLE_TO_ASTRO_LOCAL_LABEL	lokale Himmels-, Wahl- oder Adressmarke als Ganzes kopieren	F67_LEFT_WHEEL_NS	WHOLE_LOCAL_LABEL__NO_WORD_DECOMPOSITION	OPTIONAL_CONDITION_OR_ADDRESS_LABEL	COPY_COMPLETE_LOCAL_LABEL	NO	NONE	NONE
ASTRO:A1:G106	ASTRO_OPTIONAL_LABEL	f67r2	f67r2.43	C4|C5	daiin	A1:G106	NOT_APPLICABLE_TO_ASTRO_LOCAL_LABEL	lokale Himmels-, Wahl- oder Adressmarke als Ganzes kopieren	F67_LEFT_WHEEL_NS	WHOLE_LOCAL_LABEL__NO_WORD_DECOMPOSITION	OPTIONAL_CONDITION_OR_ADDRESS_LABEL	COPY_COMPLETE_LOCAL_LABEL	NO	NONE	NONE
ASTRO:A1:G107	ASTRO_OPTIONAL_LABEL	f67r2	f67r2.43	C4|C5	aiin	A1:G107	NOT_APPLICABLE_TO_ASTRO_LOCAL_LABEL	lokale Himmels-, Wahl- oder Adressmarke als Ganzes kopieren	F67_LEFT_WHEEL_NS	WHOLE_LOCAL_LABEL__NO_WORD_DECOMPOSITION	OPTIONAL_CONDITION_OR_ADDRESS_LABEL	COPY_COMPLETE_LOCAL_LABEL	NO	NONE	NONE
ASTRO:A1:G108	ASTRO_OPTIONAL_LABEL	f67r2	f67r2.43	C4|C5	os	A1:G108	NOT_APPLICABLE_TO_ASTRO_LOCAL_LABEL	lokale Himmels-, Wahl- oder Adressmarke als Ganzes kopieren	F67_LEFT_WHEEL_NS	WHOLE_LOCAL_LABEL__NO_WORD_DECOMPOSITION	OPTIONAL_CONDITION_OR_ADDRESS_LABEL	COPY_COMPLETE_LOCAL_LABEL	NO	NONE	NONE
ASTRO:A1:G109	ASTRO_OPTIONAL_LABEL	f67r2	f67r2.43	C4|C5	qsg	A1:G109	NOT_APPLICABLE_TO_ASTRO_LOCAL_LABEL	lokale Himmels-, Wahl- oder Adressmarke als Ganzes kopieren	F67_LEFT_WHEEL_NS	WHOLE_LOCAL_LABEL__NO_WORD_DECOMPOSITION	OPTIONAL_CONDITION_OR_ADDRESS_LABEL	COPY_COMPLETE_LOCAL_LABEL	NO	NONE	NONE
ASTRO:A1:G110	ASTRO_OPTIONAL_LABEL	f67r2	f67r2.44	C4|C5	ofydy	A1:G110	NOT_APPLICABLE_TO_ASTRO_LOCAL_LABEL	lokale Himmels-, Wahl- oder Adressmarke als Ganzes kopieren	F67_LEFT_WHEEL_NS	WHOLE_LOCAL_LABEL__NO_WORD_DECOMPOSITION	OPTIONAL_CONDITION_OR_ADDRESS_LABEL	COPY_COMPLETE_LOCAL_LABEL	NO	NONE	NONE
ASTRO:A1:G111	ASTRO_OPTIONAL_LABEL	f67r2	f67r2.44	C4|C5	sheody	A1:G111	NOT_APPLICABLE_TO_ASTRO_LOCAL_LABEL	lokale Himmels-, Wahl- oder Adressmarke als Ganzes kopieren	F67_LEFT_WHEEL_NS	WHOLE_LOCAL_LABEL__NO_WORD_DECOMPOSITION	OPTIONAL_CONDITION_OR_ADDRESS_LABEL	COPY_COMPLETE_LOCAL_LABEL	NO	NONE	NONE
ASTRO:A1:G112	ASTRO_OPTIONAL_LABEL	f67r2	f67r2.44	C4|C5	aiin	A1:G112	NOT_APPLICABLE_TO_ASTRO_LOCAL_LABEL	lokale Himmels-, Wahl- oder Adressmarke als Ganzes kopieren	F67_LEFT_WHEEL_NS	WHOLE_LOCAL_LABEL__NO_WORD_DECOMPOSITION	OPTIONAL_CONDITION_OR_ADDRESS_LABEL	COPY_COMPLETE_LOCAL_LABEL	NO	NONE	NONE
ASTRO:A1:G113	ASTRO_OPTIONAL_LABEL	f67r2	f67r2.45	C4|C5	ycheody	A1:G113	NOT_APPLICABLE_TO_ASTRO_LOCAL_LABEL	lokale Himmels-, Wahl- oder Adressmarke als Ganzes kopieren	F67_LEFT_WHEEL_NS	WHOLE_LOCAL_LABEL__NO_WORD_DECOMPOSITION	OPTIONAL_CONDITION_OR_ADDRESS_LABEL	COPY_COMPLETE_LOCAL_LABEL	NO	NONE	NONE
ASTRO:A1:G114	ASTRO_OPTIONAL_LABEL	f67r2	f67r2.45	C4|C5	es	A1:G114	NOT_APPLICABLE_TO_ASTRO_LOCAL_LABEL	lokale Himmels-, Wahl- oder Adressmarke als Ganzes kopieren	F67_LEFT_WHEEL_NS	WHOLE_LOCAL_LABEL__NO_WORD_DECOMPOSITION	OPTIONAL_CONDITION_OR_ADDRESS_LABEL	COPY_COMPLETE_LOCAL_LABEL	NO	NONE	NONE
ASTRO:A1:G115	ASTRO_OPTIONAL_LABEL	f67r2	f67r2.45	C4|C5	odaiiin	A1:G115	NOT_APPLICABLE_TO_ASTRO_LOCAL_LABEL	lokale Himmels-, Wahl- oder Adressmarke als Ganzes kopieren	F67_LEFT_WHEEL_NS	WHOLE_LOCAL_LABEL__NO_WORD_DECOMPOSITION	OPTIONAL_CONDITION_OR_ADDRESS_LABEL	COPY_COMPLETE_LOCAL_LABEL	NO	NONE	NONE
ASTRO:A1:G116	ASTRO_OPTIONAL_LABEL	f67r2	f67r2.46	C4|C5	yekees	A1:G116	NOT_APPLICABLE_TO_ASTRO_LOCAL_LABEL	lokale Himmels-, Wahl- oder Adressmarke als Ganzes kopieren	F67_LEFT_WHEEL_NS	WHOLE_LOCAL_LABEL__NO_WORD_DECOMPOSITION	OPTIONAL_CONDITION_OR_ADDRESS_LABEL	COPY_COMPLETE_LOCAL_LABEL	NO	NONE	NONE
ASTRO:A1:G117	ASTRO_OPTIONAL_LABEL	f67r2	f67r2.46	C4|C5	oraly	A1:G117	NOT_APPLICABLE_TO_ASTRO_LOCAL_LABEL	lokale Himmels-, Wahl- oder Adressmarke als Ganzes kopieren	F67_LEFT_WHEEL_NS	WHOLE_LOCAL_LABEL__NO_WORD_DECOMPOSITION	OPTIONAL_CONDITION_OR_ADDRESS_LABEL	COPY_COMPLETE_LOCAL_LABEL	NO	NONE	NONE
ASTRO:A1:G118	ASTRO_OPTIONAL_LABEL	f67r2	f67r2.47	C4|C5	yfain	A1:G118	NOT_APPLICABLE_TO_ASTRO_LOCAL_LABEL	lokale Himmels-, Wahl- oder Adressmarke als Ganzes kopieren	F67_LEFT_WHEEL_NS	WHOLE_LOCAL_LABEL__NO_WORD_DECOMPOSITION	OPTIONAL_CONDITION_OR_ADDRESS_LABEL	COPY_COMPLETE_LOCAL_LABEL	NO	NONE	NONE
ASTRO:A1:G119	ASTRO_OPTIONAL_LABEL	f67r2	f67r2.48	C4|C5	todaiin	A1:G119	NOT_APPLICABLE_TO_ASTRO_LOCAL_LABEL	lokale Himmels-, Wahl- oder Adressmarke als Ganzes kopieren	F67_LEFT_WHEEL_NS	WHOLE_LOCAL_LABEL__NO_WORD_DECOMPOSITION	OPTIONAL_CONDITION_OR_ADDRESS_LABEL	COPY_COMPLETE_LOCAL_LABEL	NO	NONE	NONE
ASTRO:A1:G120	ASTRO_OPTIONAL_LABEL	f67r2	f67r2.48	C4|C5	dain	A1:G120	NOT_APPLICABLE_TO_ASTRO_LOCAL_LABEL	lokale Himmels-, Wahl- oder Adressmarke als Ganzes kopieren	F67_LEFT_WHEEL_NS	WHOLE_LOCAL_LABEL__NO_WORD_DECOMPOSITION	OPTIONAL_CONDITION_OR_ADDRESS_LABEL	COPY_COMPLETE_LOCAL_LABEL	NO	NONE	NONE
ASTRO:A1:G121	ASTRO_OPTIONAL_LABEL	f67r2	f67r2.48	C4|C5	dy	A1:G121	NOT_APPLICABLE_TO_ASTRO_LOCAL_LABEL	lokale Himmels-, Wahl- oder Adressmarke als Ganzes kopieren	F67_LEFT_WHEEL_NS	WHOLE_LOCAL_LABEL__NO_WORD_DECOMPOSITION	OPTIONAL_CONDITION_OR_ADDRESS_LABEL	COPY_COMPLETE_LOCAL_LABEL	NO	NONE	NONE
ASTRO:A1:G122	ASTRO_OPTIONAL_LABEL	f67r2	f67r2.49	C4|C5	os	A1:G122	NOT_APPLICABLE_TO_ASTRO_LOCAL_LABEL	lokale Himmels-, Wahl- oder Adressmarke als Ganzes kopieren	F67_LEFT_WHEEL_NS	WHOLE_LOCAL_LABEL__NO_WORD_DECOMPOSITION	OPTIONAL_CONDITION_OR_ADDRESS_LABEL	COPY_COMPLETE_LOCAL_LABEL	NO	NONE	NONE
ASTRO:A1:G123	ASTRO_OPTIONAL_LABEL	f67r2	f67r2.49	C4|C5	choer	A1:G123	NOT_APPLICABLE_TO_ASTRO_LOCAL_LABEL	lokale Himmels-, Wahl- oder Adressmarke als Ganzes kopieren	F67_LEFT_WHEEL_NS	WHOLE_LOCAL_LABEL__NO_WORD_DECOMPOSITION	OPTIONAL_CONDITION_OR_ADDRESS_LABEL	COPY_COMPLETE_LOCAL_LABEL	NO	NONE	NONE
ASTRO:A1:G124	ASTRO_OPTIONAL_LABEL	f67r2	f67r2.49	C4|C5	aiin	A1:G124	NOT_APPLICABLE_TO_ASTRO_LOCAL_LABEL	lokale Himmels-, Wahl- oder Adressmarke als Ganzes kopieren	F67_LEFT_WHEEL_NS	WHOLE_LOCAL_LABEL__NO_WORD_DECOMPOSITION	OPTIONAL_CONDITION_OR_ADDRESS_LABEL	COPY_COMPLETE_LOCAL_LABEL	NO	NONE	NONE
ASTRO:A1:G125	ASTRO_OPTIONAL_LABEL	f67r2	f67r2.50	C4|C5	choeea	A1:G125	NOT_APPLICABLE_TO_ASTRO_LOCAL_LABEL	lokale Himmels-, Wahl- oder Adressmarke als Ganzes kopieren	F67_LEFT_WHEEL_NS	WHOLE_LOCAL_LABEL__NO_WORD_DECOMPOSITION	OPTIONAL_CONDITION_OR_ADDRESS_LABEL	COPY_COMPLETE_LOCAL_LABEL	NO	NONE	NONE
ASTRO:A1:G126	ASTRO_OPTIONAL_LABEL	f67r2	f67r2.50	C4|C5	sal	A1:G126	NOT_APPLICABLE_TO_ASTRO_LOCAL_LABEL	lokale Himmels-, Wahl- oder Adressmarke als Ganzes kopieren	F67_LEFT_WHEEL_NS	WHOLE_LOCAL_LABEL__NO_WORD_DECOMPOSITION	OPTIONAL_CONDITION_OR_ADDRESS_LABEL	COPY_COMPLETE_LOCAL_LABEL	NO	NONE	NONE
ASTRO:A1:G127	ASTRO_OPTIONAL_LABEL	f67r2	f67r2.51	C4|C5	dadaiin	A1:G127	NOT_APPLICABLE_TO_ASTRO_LOCAL_LABEL	lokale Himmels-, Wahl- oder Adressmarke als Ganzes kopieren	F67_LEFT_WHEEL_NS	WHOLE_LOCAL_LABEL__NO_WORD_DECOMPOSITION	OPTIONAL_CONDITION_OR_ADDRESS_LABEL	COPY_COMPLETE_LOCAL_LABEL	NO	NONE	NONE
ASTRO:A1:G128	ASTRO_OPTIONAL_LABEL	f67r2	f67r2.52	C4|C5	qotoear	A1:G128	NOT_APPLICABLE_TO_ASTRO_LOCAL_LABEL	lokale Himmels-, Wahl- oder Adressmarke als Ganzes kopieren	F67_LEFT_WHEEL_NS	WHOLE_LOCAL_LABEL__NO_WORD_DECOMPOSITION	OPTIONAL_CONDITION_OR_ADDRESS_LABEL	COPY_COMPLETE_LOCAL_LABEL	NO	NONE	NONE
ASTRO:A1:G129	ASTRO_OPTIONAL_LABEL	f67r2	f67r2.53	C4|C5	dchdar	A1:G129	NOT_APPLICABLE_TO_ASTRO_LOCAL_LABEL	lokale Himmels-, Wahl- oder Adressmarke als Ganzes kopieren	F67_LEFT_WHEEL_NS	WHOLE_LOCAL_LABEL__NO_WORD_DECOMPOSITION	OPTIONAL_CONDITION_OR_ADDRESS_LABEL	COPY_COMPLETE_LOCAL_LABEL	NO	NONE	NONE
ASTRO:A1:G130	ASTRO_OPTIONAL_LABEL	f67r2	f67r2.54	C4|C5	y	A1:G130	NOT_APPLICABLE_TO_ASTRO_LOCAL_LABEL	lokale Himmels-, Wahl- oder Adressmarke als Ganzes kopieren	F67_LEFT_WHEEL_NS	WHOLE_LOCAL_LABEL__NO_WORD_DECOMPOSITION	OPTIONAL_CONDITION_OR_ADDRESS_LABEL	COPY_COMPLETE_LOCAL_LABEL	NO	NONE	NONE
ASTRO:A1:G131	ASTRO_OPTIONAL_LABEL	f67r2	f67r2.54	C4|C5	saldal	A1:G131	NOT_APPLICABLE_TO_ASTRO_LOCAL_LABEL	lokale Himmels-, Wahl- oder Adressmarke als Ganzes kopieren	F67_LEFT_WHEEL_NS	WHOLE_LOCAL_LABEL__NO_WORD_DECOMPOSITION	OPTIONAL_CONDITION_OR_ADDRESS_LABEL	COPY_COMPLETE_LOCAL_LABEL	NO	NONE	NONE
ASTRO:A1:G132	ASTRO_OPTIONAL_LABEL	f67r2	f67r2.55	C4|C5	ytodal	A1:G132	NOT_APPLICABLE_TO_ASTRO_LOCAL_LABEL	lokale Himmels-, Wahl- oder Adressmarke als Ganzes kopieren	F67_LEFT_WHEEL_NS	WHOLE_LOCAL_LABEL__NO_WORD_DECOMPOSITION	OPTIONAL_CONDITION_OR_ADDRESS_LABEL	COPY_COMPLETE_LOCAL_LABEL	NO	NONE	NONE
ASTRO:A1:G133	ASTRO_OPTIONAL_LABEL	f67r2	f67r2.56	C4|C5	tol	A1:G133	NOT_APPLICABLE_TO_ASTRO_LOCAL_LABEL	lokale Himmels-, Wahl- oder Adressmarke als Ganzes kopieren	F67_LEFT_WHEEL_NS	WHOLE_LOCAL_LABEL__NO_WORD_DECOMPOSITION	OPTIONAL_CONDITION_OR_ADDRESS_LABEL	COPY_COMPLETE_LOCAL_LABEL	NO	NONE	NONE
ASTRO:A1:G134	ASTRO_OPTIONAL_LABEL	f67r2	f67r2.56	C4|C5	daiin	A1:G134	NOT_APPLICABLE_TO_ASTRO_LOCAL_LABEL	lokale Himmels-, Wahl- oder Adressmarke als Ganzes kopieren	F67_LEFT_WHEEL_NS	WHOLE_LOCAL_LABEL__NO_WORD_DECOMPOSITION	OPTIONAL_CONDITION_OR_ADDRESS_LABEL	COPY_COMPLETE_LOCAL_LABEL	NO	NONE	NONE
ASTRO:A1:G135	ASTRO_OPTIONAL_LABEL	f67r2	f67r2.57	C4|C5	otar	A1:G135	NOT_APPLICABLE_TO_ASTRO_LOCAL_LABEL	lokale Himmels-, Wahl- oder Adressmarke als Ganzes kopieren	F67_LEFT_WHEEL_NS	WHOLE_LOCAL_LABEL__NO_WORD_DECOMPOSITION	OPTIONAL_CONDITION_OR_ADDRESS_LABEL	COPY_COMPLETE_LOCAL_LABEL	NO	NONE	NONE
ASTRO:A1:G136	ASTRO_OPTIONAL_LABEL	f67r2	f67r2.57	C4|C5	dy	A1:G136	NOT_APPLICABLE_TO_ASTRO_LOCAL_LABEL	lokale Himmels-, Wahl- oder Adressmarke als Ganzes kopieren	F67_LEFT_WHEEL_NS	WHOLE_LOCAL_LABEL__NO_WORD_DECOMPOSITION	OPTIONAL_CONDITION_OR_ADDRESS_LABEL	COPY_COMPLETE_LOCAL_LABEL	NO	NONE	NONE
ASTRO:A1:G137	ASTRO_OPTIONAL_LABEL	f67r2	f67r2.58	C4|C5	cho	A1:G137	NOT_APPLICABLE_TO_ASTRO_LOCAL_LABEL	lokale Himmels-, Wahl- oder Adressmarke als Ganzes kopieren	F67_LEFT_WHEEL_NS	WHOLE_LOCAL_LABEL__NO_WORD_DECOMPOSITION	OPTIONAL_CONDITION_OR_ADDRESS_LABEL	COPY_COMPLETE_LOCAL_LABEL	NO	NONE	NONE
ASTRO:A1:G138	ASTRO_OPTIONAL_LABEL	f67r2	f67r2.58	C4|C5	dal	A1:G138	NOT_APPLICABLE_TO_ASTRO_LOCAL_LABEL	lokale Himmels-, Wahl- oder Adressmarke als Ganzes kopieren	F67_LEFT_WHEEL_NS	WHOLE_LOCAL_LABEL__NO_WORD_DECOMPOSITION	OPTIONAL_CONDITION_OR_ADDRESS_LABEL	COPY_COMPLETE_LOCAL_LABEL	NO	NONE	NONE
ASTRO:A1:G139	ASTRO_OPTIONAL_LABEL	f67r2	f67r2.58	C4|C5	g	A1:G139	NOT_APPLICABLE_TO_ASTRO_LOCAL_LABEL	lokale Himmels-, Wahl- oder Adressmarke als Ganzes kopieren	F67_LEFT_WHEEL_NS	WHOLE_LOCAL_LABEL__NO_WORD_DECOMPOSITION	OPTIONAL_CONDITION_OR_ADDRESS_LABEL	COPY_COMPLETE_LOCAL_LABEL	NO	NONE	NONE
ASTRO:A1:G140	ASTRO_OPTIONAL_LABEL	f67r2	f67r2.59	C4|C5	ytchodly	A1:G140	NOT_APPLICABLE_TO_ASTRO_LOCAL_LABEL	lokale Himmels-, Wahl- oder Adressmarke als Ganzes kopieren	F67_LEFT_WHEEL_NS	WHOLE_LOCAL_LABEL__NO_WORD_DECOMPOSITION	OPTIONAL_CONDITION_OR_ADDRESS_LABEL	COPY_COMPLETE_LOCAL_LABEL	NO	NONE	NONE
ASTRO:A1:G141	ASTRO_OPTIONAL_LABEL	f67r2	f67r2.60	C4|C5	octhys	A1:G141	NOT_APPLICABLE_TO_ASTRO_LOCAL_LABEL	lokale Himmels-, Wahl- oder Adressmarke als Ganzes kopieren	F67_LEFT_WHEEL_NS	WHOLE_LOCAL_LABEL__NO_WORD_DECOMPOSITION	OPTIONAL_CONDITION_OR_ADDRESS_LABEL	COPY_COMPLETE_LOCAL_LABEL	NO	NONE	NONE
ASTRO:A1:G142	ASTRO_OPTIONAL_LABEL	f67r2	f67r2.61	C4|C5	ytokar	A1:G142	NOT_APPLICABLE_TO_ASTRO_LOCAL_LABEL	lokale Himmels-, Wahl- oder Adressmarke als Ganzes kopieren	F67_LEFT_WHEEL_NS	WHOLE_LOCAL_LABEL__NO_WORD_DECOMPOSITION	OPTIONAL_CONDITION_OR_ADDRESS_LABEL	COPY_COMPLETE_LOCAL_LABEL	NO	NONE	NONE
ASTRO:A1:G143	ASTRO_OPTIONAL_LABEL	f67r2	f67r2.62	C4|C5	otolor	A1:G143	NOT_APPLICABLE_TO_ASTRO_LOCAL_LABEL	lokale Himmels-, Wahl- oder Adressmarke als Ganzes kopieren	F67_LEFT_WHEEL_NS	WHOLE_LOCAL_LABEL__NO_WORD_DECOMPOSITION	OPTIONAL_CONDITION_OR_ADDRESS_LABEL	COPY_COMPLETE_LOCAL_LABEL	NO	NONE	NONE
ASTRO:A1:G144	ASTRO_OPTIONAL_LABEL	f67r2	f67r2.63	C4|C5	okodar	A1:G144	NOT_APPLICABLE_TO_ASTRO_LOCAL_LABEL	lokale Himmels-, Wahl- oder Adressmarke als Ganzes kopieren	F67_LEFT_WHEEL_NS	WHOLE_LOCAL_LABEL__NO_WORD_DECOMPOSITION	OPTIONAL_CONDITION_OR_ADDRESS_LABEL	COPY_COMPLETE_LOCAL_LABEL	NO	NONE	NONE
ASTRO:A1:G145	ASTRO_OPTIONAL_LABEL	f67r2	f67r2.64	C1|C2	s	A1:G145	NOT_APPLICABLE_TO_ASTRO_LOCAL_LABEL	lokale Himmels-, Wahl- oder Adressmarke als Ganzes kopieren	F67_RIGHT_WHEEL_NS	WHOLE_LOCAL_LABEL__NO_WORD_DECOMPOSITION	OPTIONAL_CONDITION_OR_ADDRESS_LABEL	COPY_COMPLETE_LOCAL_LABEL	NO	NONE	NONE
ASTRO:A1:G146	ASTRO_OPTIONAL_LABEL	f67r2	f67r2.64	C1|C2	air	A1:G146	NOT_APPLICABLE_TO_ASTRO_LOCAL_LABEL	lokale Himmels-, Wahl- oder Adressmarke als Ganzes kopieren	F67_RIGHT_WHEEL_NS	WHOLE_LOCAL_LABEL__NO_WORD_DECOMPOSITION	OPTIONAL_CONDITION_OR_ADDRESS_LABEL	COPY_COMPLETE_LOCAL_LABEL	NO	NONE	NONE
ASTRO:A1:G147	ASTRO_OPTIONAL_LABEL	f67r2	f67r2.65	C1|C2	soear	A1:G147	NOT_APPLICABLE_TO_ASTRO_LOCAL_LABEL	lokale Himmels-, Wahl- oder Adressmarke als Ganzes kopieren	F67_RIGHT_WHEEL_NS	WHOLE_LOCAL_LABEL__NO_WORD_DECOMPOSITION	OPTIONAL_CONDITION_OR_ADDRESS_LABEL	COPY_COMPLETE_LOCAL_LABEL	NO	NONE	NONE
ASTRO:A1:G148	ASTRO_OPTIONAL_LABEL	f67r2	f67r2.66	C1|C2	cpheey	A1:G148	NOT_APPLICABLE_TO_ASTRO_LOCAL_LABEL	lokale Himmels-, Wahl- oder Adressmarke als Ganzes kopieren	F67_RIGHT_WHEEL_NS	WHOLE_LOCAL_LABEL__NO_WORD_DECOMPOSITION	OPTIONAL_CONDITION_OR_ADDRESS_LABEL	COPY_COMPLETE_LOCAL_LABEL	NO	NONE	NONE
ASTRO:A1:G149	ASTRO_OPTIONAL_LABEL	f67r2	f67r2.67	C1|C2	okodar	A1:G149	NOT_APPLICABLE_TO_ASTRO_LOCAL_LABEL	lokale Himmels-, Wahl- oder Adressmarke als Ganzes kopieren	F67_RIGHT_WHEEL_NS	WHOLE_LOCAL_LABEL__NO_WORD_DECOMPOSITION	OPTIONAL_CONDITION_OR_ADDRESS_LABEL	COPY_COMPLETE_LOCAL_LABEL	NO	NONE	NONE
ASTRO:A1:G150	ASTRO_OPTIONAL_LABEL	f67r2	f67r2.68	C1|C2	oepchod	A1:G150	NOT_APPLICABLE_TO_ASTRO_LOCAL_LABEL	lokale Himmels-, Wahl- oder Adressmarke als Ganzes kopieren	F67_RIGHT_WHEEL_NS	WHOLE_LOCAL_LABEL__NO_WORD_DECOMPOSITION	OPTIONAL_CONDITION_OR_ADDRESS_LABEL	COPY_COMPLETE_LOCAL_LABEL	NO	NONE	NONE
ASTRO:A1:G151	ASTRO_OPTIONAL_LABEL	f67r2	f67r2.69	C1|C2	s	A1:G151	NOT_APPLICABLE_TO_ASTRO_LOCAL_LABEL	lokale Himmels-, Wahl- oder Adressmarke als Ganzes kopieren	F67_RIGHT_WHEEL_NS	WHOLE_LOCAL_LABEL__NO_WORD_DECOMPOSITION	OPTIONAL_CONDITION_OR_ADDRESS_LABEL	COPY_COMPLETE_LOCAL_LABEL	NO	NONE	NONE
ASTRO:A1:G152	ASTRO_OPTIONAL_LABEL	f67r2	f67r2.69	C1|C2	ay	A1:G152	NOT_APPLICABLE_TO_ASTRO_LOCAL_LABEL	lokale Himmels-, Wahl- oder Adressmarke als Ganzes kopieren	F67_RIGHT_WHEEL_NS	WHOLE_LOCAL_LABEL__NO_WORD_DECOMPOSITION	OPTIONAL_CONDITION_OR_ADDRESS_LABEL	COPY_COMPLETE_LOCAL_LABEL	NO	NONE	NONE
ASTRO:A1:G153	ASTRO_OPTIONAL_LABEL	f67r2	f67r2.70	C1|C2	osar	A1:G153	NOT_APPLICABLE_TO_ASTRO_LOCAL_LABEL	lokale Himmels-, Wahl- oder Adressmarke als Ganzes kopieren	F67_RIGHT_WHEEL_NS	WHOLE_LOCAL_LABEL__NO_WORD_DECOMPOSITION	OPTIONAL_CONDITION_OR_ADDRESS_LABEL	COPY_COMPLETE_LOCAL_LABEL	NO	NONE	NONE
ASTRO:A1:G154	ASTRO_OPTIONAL_LABEL	f67r2	f67r2.71	C1|C2	oran	A1:G154	NOT_APPLICABLE_TO_ASTRO_LOCAL_LABEL	lokale Himmels-, Wahl- oder Adressmarke als Ganzes kopieren	F67_RIGHT_WHEEL_NS	WHOLE_LOCAL_LABEL__NO_WORD_DECOMPOSITION	OPTIONAL_CONDITION_OR_ADDRESS_LABEL	COPY_COMPLETE_LOCAL_LABEL	NO	NONE	NONE
ASTRO:A1:G155	ASTRO_OPTIONAL_LABEL	f67r2	f67r2.72	C4|C5	dar	A1:G155	NOT_APPLICABLE_TO_ASTRO_LOCAL_LABEL	lokale Himmels-, Wahl- oder Adressmarke als Ganzes kopieren	F67_LEFT_WHEEL_NS	WHOLE_LOCAL_LABEL__NO_WORD_DECOMPOSITION	OPTIONAL_CONDITION_OR_ADDRESS_LABEL	COPY_COMPLETE_LOCAL_LABEL	NO	NONE	NONE
ASTRO:A1:G156	ASTRO_OPTIONAL_LABEL	f67r2	f67r2.72	C4|C5	aldaiin	A1:G156	NOT_APPLICABLE_TO_ASTRO_LOCAL_LABEL	lokale Himmels-, Wahl- oder Adressmarke als Ganzes kopieren	F67_LEFT_WHEEL_NS	WHOLE_LOCAL_LABEL__NO_WORD_DECOMPOSITION	OPTIONAL_CONDITION_OR_ADDRESS_LABEL	COPY_COMPLETE_LOCAL_LABEL	NO	NONE	NONE
ASTRO:A1:G157	ASTRO_OPTIONAL_LABEL	f67r2	f67r2.72	C4|C5	ydaiin	A1:G157	NOT_APPLICABLE_TO_ASTRO_LOCAL_LABEL	lokale Himmels-, Wahl- oder Adressmarke als Ganzes kopieren	F67_LEFT_WHEEL_NS	WHOLE_LOCAL_LABEL__NO_WORD_DECOMPOSITION	OPTIONAL_CONDITION_OR_ADDRESS_LABEL	COPY_COMPLETE_LOCAL_LABEL	NO	NONE	NONE
ASTRO:A1:G158	ASTRO_OPTIONAL_LABEL	f67r2	f67r2.72	C4|C5	qkoy	A1:G158	NOT_APPLICABLE_TO_ASTRO_LOCAL_LABEL	lokale Himmels-, Wahl- oder Adressmarke als Ganzes kopieren	F67_LEFT_WHEEL_NS	WHOLE_LOCAL_LABEL__NO_WORD_DECOMPOSITION	OPTIONAL_CONDITION_OR_ADDRESS_LABEL	COPY_COMPLETE_LOCAL_LABEL	NO	NONE	NONE
ASTRO:A1:G159	ASTRO_OPTIONAL_LABEL	f67r2	f67r2.72	C4|C5	ydaiin	A1:G159	NOT_APPLICABLE_TO_ASTRO_LOCAL_LABEL	lokale Himmels-, Wahl- oder Adressmarke als Ganzes kopieren	F67_LEFT_WHEEL_NS	WHOLE_LOCAL_LABEL__NO_WORD_DECOMPOSITION	OPTIONAL_CONDITION_OR_ADDRESS_LABEL	COPY_COMPLETE_LOCAL_LABEL	NO	NONE	NONE
ASTRO:A1:G160	ASTRO_OPTIONAL_LABEL	f67r2	f67r2.72	C4|C5	qofair	A1:G160	NOT_APPLICABLE_TO_ASTRO_LOCAL_LABEL	lokale Himmels-, Wahl- oder Adressmarke als Ganzes kopieren	F67_LEFT_WHEEL_NS	WHOLE_LOCAL_LABEL__NO_WORD_DECOMPOSITION	OPTIONAL_CONDITION_OR_ADDRESS_LABEL	COPY_COMPLETE_LOCAL_LABEL	NO	NONE	NONE
ASTRO:A1:G161	ASTRO_OPTIONAL_LABEL	f67r2	f67r2.72	C4|C5	ypair	A1:G161	NOT_APPLICABLE_TO_ASTRO_LOCAL_LABEL	lokale Himmels-, Wahl- oder Adressmarke als Ganzes kopieren	F67_LEFT_WHEEL_NS	WHOLE_LOCAL_LABEL__NO_WORD_DECOMPOSITION	OPTIONAL_CONDITION_OR_ADDRESS_LABEL	COPY_COMPLETE_LOCAL_LABEL	NO	NONE	NONE
ASTRO:A1:G162	ASTRO_OPTIONAL_LABEL	f67r2	f67r2.72	C4|C5	ykoaiin	A1:G162	NOT_APPLICABLE_TO_ASTRO_LOCAL_LABEL	lokale Himmels-, Wahl- oder Adressmarke als Ganzes kopieren	F67_LEFT_WHEEL_NS	WHOLE_LOCAL_LABEL__NO_WORD_DECOMPOSITION	OPTIONAL_CONDITION_OR_ADDRESS_LABEL	COPY_COMPLETE_LOCAL_LABEL	NO	NONE	NONE
ASTRO:A1:G163	ASTRO_OPTIONAL_LABEL	f67r2	f67r2.72	C4|C5	ydoly	A1:G163	NOT_APPLICABLE_TO_ASTRO_LOCAL_LABEL	lokale Himmels-, Wahl- oder Adressmarke als Ganzes kopieren	F67_LEFT_WHEEL_NS	WHOLE_LOCAL_LABEL__NO_WORD_DECOMPOSITION	OPTIONAL_CONDITION_OR_ADDRESS_LABEL	COPY_COMPLETE_LOCAL_LABEL	NO	NONE	NONE
ASTRO:A1:G164	ASTRO_OPTIONAL_LABEL	f67r2	f67r2.72	C4|C5	ytalchos	A1:G164	NOT_APPLICABLE_TO_ASTRO_LOCAL_LABEL	lokale Himmels-, Wahl- oder Adressmarke als Ganzes kopieren	F67_LEFT_WHEEL_NS	WHOLE_LOCAL_LABEL__NO_WORD_DECOMPOSITION	OPTIONAL_CONDITION_OR_ADDRESS_LABEL	COPY_COMPLETE_LOCAL_LABEL	NO	NONE	NONE
ASTRO:A1:G165	ASTRO_OPTIONAL_LABEL	f67r2	f67r2.72	C4|C5	oly	A1:G165	NOT_APPLICABLE_TO_ASTRO_LOCAL_LABEL	lokale Himmels-, Wahl- oder Adressmarke als Ganzes kopieren	F67_LEFT_WHEEL_NS	WHOLE_LOCAL_LABEL__NO_WORD_DECOMPOSITION	OPTIONAL_CONDITION_OR_ADDRESS_LABEL	COPY_COMPLETE_LOCAL_LABEL	NO	NONE	NONE
ASTRO:A1:G166	ASTRO_OPTIONAL_LABEL	f67r2	f67r2.72	C4|C5	okey	A1:G166	NOT_APPLICABLE_TO_ASTRO_LOCAL_LABEL	lokale Himmels-, Wahl- oder Adressmarke als Ganzes kopieren	F67_LEFT_WHEEL_NS	WHOLE_LOCAL_LABEL__NO_WORD_DECOMPOSITION	OPTIONAL_CONDITION_OR_ADDRESS_LABEL	COPY_COMPLETE_LOCAL_LABEL	NO	NONE	NONE
ASTRO:A1:G167	ASTRO_OPTIONAL_LABEL	f67r2	f67r2.73	C1|C2	sshey	A1:G167	NOT_APPLICABLE_TO_ASTRO_LOCAL_LABEL	lokale Himmels-, Wahl- oder Adressmarke als Ganzes kopieren	F67_RIGHT_WHEEL_NS	WHOLE_LOCAL_LABEL__NO_WORD_DECOMPOSITION	OPTIONAL_CONDITION_OR_ADDRESS_LABEL	COPY_COMPLETE_LOCAL_LABEL	NO	NONE	NONE
ASTRO:A1:G168	ASTRO_OPTIONAL_LABEL	f67r2	f67r2.73	C1|C2	sy	A1:G168	NOT_APPLICABLE_TO_ASTRO_LOCAL_LABEL	lokale Himmels-, Wahl- oder Adressmarke als Ganzes kopieren	F67_RIGHT_WHEEL_NS	WHOLE_LOCAL_LABEL__NO_WORD_DECOMPOSITION	OPTIONAL_CONDITION_OR_ADDRESS_LABEL	COPY_COMPLETE_LOCAL_LABEL	NO	NONE	NONE
ASTRO:A1:G169	ASTRO_OPTIONAL_LABEL	f67r2	f67r2.73	C1|C2	shees	A1:G169	NOT_APPLICABLE_TO_ASTRO_LOCAL_LABEL	lokale Himmels-, Wahl- oder Adressmarke als Ganzes kopieren	F67_RIGHT_WHEEL_NS	WHOLE_LOCAL_LABEL__NO_WORD_DECOMPOSITION	OPTIONAL_CONDITION_OR_ADDRESS_LABEL	COPY_COMPLETE_LOCAL_LABEL	NO	NONE	NONE
ASTRO:A1:G170	ASTRO_OPTIONAL_LABEL	f67r2	f67r2.73	C1|C2	qeykeey	A1:G170	NOT_APPLICABLE_TO_ASTRO_LOCAL_LABEL	lokale Himmels-, Wahl- oder Adressmarke als Ganzes kopieren	F67_RIGHT_WHEEL_NS	WHOLE_LOCAL_LABEL__NO_WORD_DECOMPOSITION	OPTIONAL_CONDITION_OR_ADDRESS_LABEL	COPY_COMPLETE_LOCAL_LABEL	NO	NONE	NONE
ASTRO:A1:G171	ASTRO_OPTIONAL_LABEL	f67r2	f67r2.73	C1|C2	ykchey	A1:G171	NOT_APPLICABLE_TO_ASTRO_LOCAL_LABEL	lokale Himmels-, Wahl- oder Adressmarke als Ganzes kopieren	F67_RIGHT_WHEEL_NS	WHOLE_LOCAL_LABEL__NO_WORD_DECOMPOSITION	OPTIONAL_CONDITION_OR_ADDRESS_LABEL	COPY_COMPLETE_LOCAL_LABEL	NO	NONE	NONE
ASTRO:A1:G172	ASTRO_OPTIONAL_LABEL	f67r2	f67r2.73	C1|C2	ykchey	A1:G172	NOT_APPLICABLE_TO_ASTRO_LOCAL_LABEL	lokale Himmels-, Wahl- oder Adressmarke als Ganzes kopieren	F67_RIGHT_WHEEL_NS	WHOLE_LOCAL_LABEL__NO_WORD_DECOMPOSITION	OPTIONAL_CONDITION_OR_ADDRESS_LABEL	COPY_COMPLETE_LOCAL_LABEL	NO	NONE	NONE
ASTRO:A1:G173	ASTRO_OPTIONAL_LABEL	f67r2	f67r2.73	C1|C2	qokeochy	A1:G173	NOT_APPLICABLE_TO_ASTRO_LOCAL_LABEL	lokale Himmels-, Wahl- oder Adressmarke als Ganzes kopieren	F67_RIGHT_WHEEL_NS	WHOLE_LOCAL_LABEL__NO_WORD_DECOMPOSITION	OPTIONAL_CONDITION_OR_ADDRESS_LABEL	COPY_COMPLETE_LOCAL_LABEL	NO	NONE	NONE
ASTRO:A1:G174	ASTRO_OPTIONAL_LABEL	f67r2	f67r2.73	C1|C2	oaiin	A1:G174	NOT_APPLICABLE_TO_ASTRO_LOCAL_LABEL	lokale Himmels-, Wahl- oder Adressmarke als Ganzes kopieren	F67_RIGHT_WHEEL_NS	WHOLE_LOCAL_LABEL__NO_WORD_DECOMPOSITION	OPTIONAL_CONDITION_OR_ADDRESS_LABEL	COPY_COMPLETE_LOCAL_LABEL	NO	NONE	NONE
ASTRO:A1:G175	ASTRO_OPTIONAL_LABEL	f67r2	f67r2.73	C1|C2	okol	A1:G175	NOT_APPLICABLE_TO_ASTRO_LOCAL_LABEL	lokale Himmels-, Wahl- oder Adressmarke als Ganzes kopieren	F67_RIGHT_WHEEL_NS	WHOLE_LOCAL_LABEL__NO_WORD_DECOMPOSITION	OPTIONAL_CONDITION_OR_ADDRESS_LABEL	COPY_COMPLETE_LOCAL_LABEL	NO	NONE	NONE
ASTRO:A1:G176	ASTRO_OPTIONAL_LABEL	f67r2	f67r2.73	C1|C2	ar	A1:G176	NOT_APPLICABLE_TO_ASTRO_LOCAL_LABEL	lokale Himmels-, Wahl- oder Adressmarke als Ganzes kopieren	F67_RIGHT_WHEEL_NS	WHOLE_LOCAL_LABEL__NO_WORD_DECOMPOSITION	OPTIONAL_CONDITION_OR_ADDRESS_LABEL	COPY_COMPLETE_LOCAL_LABEL	NO	NONE	NONE
ASTRO:A1:G177	ASTRO_OPTIONAL_LABEL	f67r2	f67r2.73	C1|C2	olar	A1:G177	NOT_APPLICABLE_TO_ASTRO_LOCAL_LABEL	lokale Himmels-, Wahl- oder Adressmarke als Ganzes kopieren	F67_RIGHT_WHEEL_NS	WHOLE_LOCAL_LABEL__NO_WORD_DECOMPOSITION	OPTIONAL_CONDITION_OR_ADDRESS_LABEL	COPY_COMPLETE_LOCAL_LABEL	NO	NONE	NONE
ASTRO:A1:G178	ASTRO_OPTIONAL_LABEL	f67r2	f67r2.74	C1|C2|C3|C4|C5|C6	yshey	A1:G178	NOT_APPLICABLE_TO_ASTRO_LOCAL_LABEL	lokale Himmels-, Wahl- oder Adressmarke als Ganzes kopieren	F67_PAIRED_LEGEND_QUARANTINE_NS	WHOLE_LOCAL_LABEL__NO_WORD_DECOMPOSITION	OPTIONAL_CONDITION_OR_ADDRESS_LABEL	COPY_COMPLETE_LOCAL_LABEL	NO	NONE	NONE
ASTRO:A1:G179	ASTRO_OPTIONAL_LABEL	f67r2	f67r2.74	C1|C2|C3|C4|C5|C6	qokeeody	A1:G179	NOT_APPLICABLE_TO_ASTRO_LOCAL_LABEL	lokale Himmels-, Wahl- oder Adressmarke als Ganzes kopieren	F67_PAIRED_LEGEND_QUARANTINE_NS	WHOLE_LOCAL_LABEL__NO_WORD_DECOMPOSITION	OPTIONAL_CONDITION_OR_ADDRESS_LABEL	COPY_COMPLETE_LOCAL_LABEL	NO	NONE	NONE
ASTRO:A1:G180	ASTRO_OPTIONAL_LABEL	f67r2	f67r2.74	C1|C2|C3|C4|C5|C6	cheos	A1:G180	NOT_APPLICABLE_TO_ASTRO_LOCAL_LABEL	lokale Himmels-, Wahl- oder Adressmarke als Ganzes kopieren	F67_PAIRED_LEGEND_QUARANTINE_NS	WHOLE_LOCAL_LABEL__NO_WORD_DECOMPOSITION	OPTIONAL_CONDITION_OR_ADDRESS_LABEL	COPY_COMPLETE_LOCAL_LABEL	NO	NONE	NONE
ASTRO:A1:G181	ASTRO_OPTIONAL_LABEL	f67r2	f67r2.74	C1|C2|C3|C4|C5|C6	oeeos	A1:G181	NOT_APPLICABLE_TO_ASTRO_LOCAL_LABEL	lokale Himmels-, Wahl- oder Adressmarke als Ganzes kopieren	F67_PAIRED_LEGEND_QUARANTINE_NS	WHOLE_LOCAL_LABEL__NO_WORD_DECOMPOSITION	OPTIONAL_CONDITION_OR_ADDRESS_LABEL	COPY_COMPLETE_LOCAL_LABEL	NO	NONE	NONE
ASTRO:A1:G182	ASTRO_OPTIONAL_LABEL	f67r2	f67r2.74	C1|C2|C3|C4|C5|C6	qockhy	A1:G182	NOT_APPLICABLE_TO_ASTRO_LOCAL_LABEL	lokale Himmels-, Wahl- oder Adressmarke als Ganzes kopieren	F67_PAIRED_LEGEND_QUARANTINE_NS	WHOLE_LOCAL_LABEL__NO_WORD_DECOMPOSITION	OPTIONAL_CONDITION_OR_ADDRESS_LABEL	COPY_COMPLETE_LOCAL_LABEL	NO	NONE	NONE
ASTRO:A1:G183	ASTRO_OPTIONAL_LABEL	f67r2	f67r2.74	C1|C2|C3|C4|C5|C6	chos	A1:G183	NOT_APPLICABLE_TO_ASTRO_LOCAL_LABEL	lokale Himmels-, Wahl- oder Adressmarke als Ganzes kopieren	F67_PAIRED_LEGEND_QUARANTINE_NS	WHOLE_LOCAL_LABEL__NO_WORD_DECOMPOSITION	OPTIONAL_CONDITION_OR_ADDRESS_LABEL	COPY_COMPLETE_LOCAL_LABEL	NO	NONE	NONE
ASTRO:A1:G184	ASTRO_OPTIONAL_LABEL	f67r2	f67r2.74	C1|C2|C3|C4|C5|C6	aiin	A1:G184	NOT_APPLICABLE_TO_ASTRO_LOCAL_LABEL	lokale Himmels-, Wahl- oder Adressmarke als Ganzes kopieren	F67_PAIRED_LEGEND_QUARANTINE_NS	WHOLE_LOCAL_LABEL__NO_WORD_DECOMPOSITION	OPTIONAL_CONDITION_OR_ADDRESS_LABEL	COPY_COMPLETE_LOCAL_LABEL	NO	NONE	NONE
ASTRO:A1:G185	ASTRO_OPTIONAL_LABEL	f67r2	f67r2.74	C1|C2|C3|C4|C5|C6	okeeody	A1:G185	NOT_APPLICABLE_TO_ASTRO_LOCAL_LABEL	lokale Himmels-, Wahl- oder Adressmarke als Ganzes kopieren	F67_PAIRED_LEGEND_QUARANTINE_NS	WHOLE_LOCAL_LABEL__NO_WORD_DECOMPOSITION	OPTIONAL_CONDITION_OR_ADDRESS_LABEL	COPY_COMPLETE_LOCAL_LABEL	NO	NONE	NONE
ASTRO:A1:G186	ASTRO_OPTIONAL_LABEL	f67r2	f67r2.74	C1|C2|C3|C4|C5|C6	qokoaiin	A1:G186	NOT_APPLICABLE_TO_ASTRO_LOCAL_LABEL	lokale Himmels-, Wahl- oder Adressmarke als Ganzes kopieren	F67_PAIRED_LEGEND_QUARANTINE_NS	WHOLE_LOCAL_LABEL__NO_WORD_DECOMPOSITION	OPTIONAL_CONDITION_OR_ADDRESS_LABEL	COPY_COMPLETE_LOCAL_LABEL	NO	NONE	NONE
ASTRO:A1:G187	ASTRO_OPTIONAL_LABEL	f67r2	f67r2.74	C1|C2|C3|C4|C5|C6	odain	A1:G187	NOT_APPLICABLE_TO_ASTRO_LOCAL_LABEL	lokale Himmels-, Wahl- oder Adressmarke als Ganzes kopieren	F67_PAIRED_LEGEND_QUARANTINE_NS	WHOLE_LOCAL_LABEL__NO_WORD_DECOMPOSITION	OPTIONAL_CONDITION_OR_ADDRESS_LABEL	COPY_COMPLETE_LOCAL_LABEL	NO	NONE	NONE
ASTRO:A1:G188	ASTRO_OPTIONAL_LABEL	f67r2	f67r2.74	C1|C2|C3|C4|C5|C6	ar	A1:G188	NOT_APPLICABLE_TO_ASTRO_LOCAL_LABEL	lokale Himmels-, Wahl- oder Adressmarke als Ganzes kopieren	F67_PAIRED_LEGEND_QUARANTINE_NS	WHOLE_LOCAL_LABEL__NO_WORD_DECOMPOSITION	OPTIONAL_CONDITION_OR_ADDRESS_LABEL	COPY_COMPLETE_LOCAL_LABEL	NO	NONE	NONE
ASTRO:A1:G189	ASTRO_OPTIONAL_LABEL	f67r2	f67r2.74	C1|C2|C3|C4|C5|C6	air	A1:G189	NOT_APPLICABLE_TO_ASTRO_LOCAL_LABEL	lokale Himmels-, Wahl- oder Adressmarke als Ganzes kopieren	F67_PAIRED_LEGEND_QUARANTINE_NS	WHOLE_LOCAL_LABEL__NO_WORD_DECOMPOSITION	OPTIONAL_CONDITION_OR_ADDRESS_LABEL	COPY_COMPLETE_LOCAL_LABEL	NO	NONE	NONE
ASTRO:A1:G190	ASTRO_OPTIONAL_LABEL	f67r2	f67r2.74	C1|C2|C3|C4|C5|C6	ay	A1:G190	NOT_APPLICABLE_TO_ASTRO_LOCAL_LABEL	lokale Himmels-, Wahl- oder Adressmarke als Ganzes kopieren	F67_PAIRED_LEGEND_QUARANTINE_NS	WHOLE_LOCAL_LABEL__NO_WORD_DECOMPOSITION	OPTIONAL_CONDITION_OR_ADDRESS_LABEL	COPY_COMPLETE_LOCAL_LABEL	NO	NONE	NONE
ASTRO:A2:G001	ASTRO_OPTIONAL_LABEL	f68r1	f68r1.1	C3	shokchy	A2:G001	NOT_APPLICABLE_TO_ASTRO_LOCAL_LABEL	lokale Himmels-, Wahl- oder Adressmarke als Ganzes kopieren	F68_LEFT_PANEL_HEADER_NS	WHOLE_LOCAL_LABEL__NO_WORD_DECOMPOSITION	OPTIONAL_CONDITION_OR_ADDRESS_LABEL	COPY_COMPLETE_LOCAL_LABEL	NO	NONE	NONE
ASTRO:A2:G002	ASTRO_OPTIONAL_LABEL	f68r1	f68r1.1	C3	chteey	A2:G002	NOT_APPLICABLE_TO_ASTRO_LOCAL_LABEL	lokale Himmels-, Wahl- oder Adressmarke als Ganzes kopieren	F68_LEFT_PANEL_HEADER_NS	WHOLE_LOCAL_LABEL__NO_WORD_DECOMPOSITION	OPTIONAL_CONDITION_OR_ADDRESS_LABEL	COPY_COMPLETE_LOCAL_LABEL	NO	NONE	NONE
ASTRO:A2:G003	ASTRO_OPTIONAL_LABEL	f68r1	f68r1.1	C3	choteey	A2:G003	NOT_APPLICABLE_TO_ASTRO_LOCAL_LABEL	lokale Himmels-, Wahl- oder Adressmarke als Ganzes kopieren	F68_LEFT_PANEL_HEADER_NS	WHOLE_LOCAL_LABEL__NO_WORD_DECOMPOSITION	OPTIONAL_CONDITION_OR_ADDRESS_LABEL	COPY_COMPLETE_LOCAL_LABEL	NO	NONE	NONE
ASTRO:A2:G004	ASTRO_OPTIONAL_LABEL	f68r1	f68r1.1	C3	cphol	A2:G004	NOT_APPLICABLE_TO_ASTRO_LOCAL_LABEL	lokale Himmels-, Wahl- oder Adressmarke als Ganzes kopieren	F68_LEFT_PANEL_HEADER_NS	WHOLE_LOCAL_LABEL__NO_WORD_DECOMPOSITION	OPTIONAL_CONDITION_OR_ADDRESS_LABEL	COPY_COMPLETE_LOCAL_LABEL	NO	NONE	NONE
ASTRO:A2:G005	ASTRO_OPTIONAL_LABEL	f68r1	f68r1.1	C3	cheor	A2:G005	NOT_APPLICABLE_TO_ASTRO_LOCAL_LABEL	lokale Himmels-, Wahl- oder Adressmarke als Ganzes kopieren	F68_LEFT_PANEL_HEADER_NS	WHOLE_LOCAL_LABEL__NO_WORD_DECOMPOSITION	OPTIONAL_CONDITION_OR_ADDRESS_LABEL	COPY_COMPLETE_LOCAL_LABEL	NO	NONE	NONE
ASTRO:A2:G006	ASTRO_OPTIONAL_LABEL	f68r1	f68r1.1	C3	opcheeol	A2:G006	NOT_APPLICABLE_TO_ASTRO_LOCAL_LABEL	lokale Himmels-, Wahl- oder Adressmarke als Ganzes kopieren	F68_LEFT_PANEL_HEADER_NS	WHOLE_LOCAL_LABEL__NO_WORD_DECOMPOSITION	OPTIONAL_CONDITION_OR_ADDRESS_LABEL	COPY_COMPLETE_LOCAL_LABEL	NO	NONE	NONE
ASTRO:A2:G007	ASTRO_OPTIONAL_LABEL	f68r1	f68r1.1	C3	otor	A2:G007	NOT_APPLICABLE_TO_ASTRO_LOCAL_LABEL	lokale Himmels-, Wahl- oder Adressmarke als Ganzes kopieren	F68_LEFT_PANEL_HEADER_NS	WHOLE_LOCAL_LABEL__NO_WORD_DECOMPOSITION	OPTIONAL_CONDITION_OR_ADDRESS_LABEL	COPY_COMPLETE_LOCAL_LABEL	NO	NONE	NONE
ASTRO:A2:G008	ASTRO_OPTIONAL_LABEL	f68r1	f68r1.1	C3	choctheeey	A2:G008	NOT_APPLICABLE_TO_ASTRO_LOCAL_LABEL	lokale Himmels-, Wahl- oder Adressmarke als Ganzes kopieren	F68_LEFT_PANEL_HEADER_NS	WHOLE_LOCAL_LABEL__NO_WORD_DECOMPOSITION	OPTIONAL_CONDITION_OR_ADDRESS_LABEL	COPY_COMPLETE_LOCAL_LABEL	NO	NONE	NONE
ASTRO:A2:G009	ASTRO_OPTIONAL_LABEL	f68r1	f68r1.1	C3	okchoal	A2:G009	NOT_APPLICABLE_TO_ASTRO_LOCAL_LABEL	lokale Himmels-, Wahl- oder Adressmarke als Ganzes kopieren	F68_LEFT_PANEL_HEADER_NS	WHOLE_LOCAL_LABEL__NO_WORD_DECOMPOSITION	OPTIONAL_CONDITION_OR_ADDRESS_LABEL	COPY_COMPLETE_LOCAL_LABEL	NO	NONE	NONE
ASTRO:A2:G010	ASTRO_OPTIONAL_LABEL	f68r1	f68r1.2	C3	tochso	A2:G010	NOT_APPLICABLE_TO_ASTRO_LOCAL_LABEL	lokale Himmels-, Wahl- oder Adressmarke als Ganzes kopieren	F68_MIDDLE_PANEL_HEADER_NS	WHOLE_LOCAL_LABEL__NO_WORD_DECOMPOSITION	OPTIONAL_CONDITION_OR_ADDRESS_LABEL	COPY_COMPLETE_LOCAL_LABEL	NO	NONE	NONE
ASTRO:A2:G011	ASTRO_OPTIONAL_LABEL	f68r1	f68r1.2	C3	otchl	A2:G011	NOT_APPLICABLE_TO_ASTRO_LOCAL_LABEL	lokale Himmels-, Wahl- oder Adressmarke als Ganzes kopieren	F68_MIDDLE_PANEL_HEADER_NS	WHOLE_LOCAL_LABEL__NO_WORD_DECOMPOSITION	OPTIONAL_CONDITION_OR_ADDRESS_LABEL	COPY_COMPLETE_LOCAL_LABEL	NO	NONE	NONE
ASTRO:A2:G012	ASTRO_OPTIONAL_LABEL	f68r1	f68r1.2	C3	qokeeedy	A2:G012	NOT_APPLICABLE_TO_ASTRO_LOCAL_LABEL	lokale Himmels-, Wahl- oder Adressmarke als Ganzes kopieren	F68_MIDDLE_PANEL_HEADER_NS	WHOLE_LOCAL_LABEL__NO_WORD_DECOMPOSITION	OPTIONAL_CONDITION_OR_ADDRESS_LABEL	COPY_COMPLETE_LOCAL_LABEL	NO	NONE	NONE
ASTRO:A2:G013	ASTRO_OPTIONAL_LABEL	f68r1	f68r1.2	C3	cheey	A2:G013	NOT_APPLICABLE_TO_ASTRO_LOCAL_LABEL	lokale Himmels-, Wahl- oder Adressmarke als Ganzes kopieren	F68_MIDDLE_PANEL_HEADER_NS	WHOLE_LOCAL_LABEL__NO_WORD_DECOMPOSITION	OPTIONAL_CONDITION_OR_ADDRESS_LABEL	COPY_COMPLETE_LOCAL_LABEL	NO	NONE	NONE
ASTRO:A2:G014	ASTRO_OPTIONAL_LABEL	f68r1	f68r1.2	C3	cheeteey	A2:G014	NOT_APPLICABLE_TO_ASTRO_LOCAL_LABEL	lokale Himmels-, Wahl- oder Adressmarke als Ganzes kopieren	F68_MIDDLE_PANEL_HEADER_NS	WHOLE_LOCAL_LABEL__NO_WORD_DECOMPOSITION	OPTIONAL_CONDITION_OR_ADDRESS_LABEL	COPY_COMPLETE_LOCAL_LABEL	NO	NONE	NONE
ASTRO:A2:G015	ASTRO_OPTIONAL_LABEL	f68r1	f68r1.2	C3	yteody	A2:G015	NOT_APPLICABLE_TO_ASTRO_LOCAL_LABEL	lokale Himmels-, Wahl- oder Adressmarke als Ganzes kopieren	F68_MIDDLE_PANEL_HEADER_NS	WHOLE_LOCAL_LABEL__NO_WORD_DECOMPOSITION	OPTIONAL_CONDITION_OR_ADDRESS_LABEL	COPY_COMPLETE_LOCAL_LABEL	NO	NONE	NONE
ASTRO:A2:G016	ASTRO_OPTIONAL_LABEL	f68r1	f68r1.2	C3	chpor	A2:G016	NOT_APPLICABLE_TO_ASTRO_LOCAL_LABEL	lokale Himmels-, Wahl- oder Adressmarke als Ganzes kopieren	F68_MIDDLE_PANEL_HEADER_NS	WHOLE_LOCAL_LABEL__NO_WORD_DECOMPOSITION	OPTIONAL_CONDITION_OR_ADDRESS_LABEL	COPY_COMPLETE_LOCAL_LABEL	NO	NONE	NONE
ASTRO:A2:G017	ASTRO_OPTIONAL_LABEL	f68r1	f68r1.2	C3	cheokorchey	A2:G017	NOT_APPLICABLE_TO_ASTRO_LOCAL_LABEL	lokale Himmels-, Wahl- oder Adressmarke als Ganzes kopieren	F68_MIDDLE_PANEL_HEADER_NS	WHOLE_LOCAL_LABEL__NO_WORD_DECOMPOSITION	OPTIONAL_CONDITION_OR_ADDRESS_LABEL	COPY_COMPLETE_LOCAL_LABEL	NO	NONE	NONE
ASTRO:A2:G018	ASTRO_OPTIONAL_LABEL	f68r1	f68r1.2	C3	chod	A2:G018	NOT_APPLICABLE_TO_ASTRO_LOCAL_LABEL	lokale Himmels-, Wahl- oder Adressmarke als Ganzes kopieren	F68_MIDDLE_PANEL_HEADER_NS	WHOLE_LOCAL_LABEL__NO_WORD_DECOMPOSITION	OPTIONAL_CONDITION_OR_ADDRESS_LABEL	COPY_COMPLETE_LOCAL_LABEL	NO	NONE	NONE
ASTRO:A2:G019	ASTRO_OPTIONAL_LABEL	f68r1	f68r1.3	C3	ykor	A2:G019	NOT_APPLICABLE_TO_ASTRO_LOCAL_LABEL	lokale Himmels-, Wahl- oder Adressmarke als Ganzes kopieren	F68_RIGHT_PANEL_HEADER_NS	WHOLE_LOCAL_LABEL__NO_WORD_DECOMPOSITION	OPTIONAL_CONDITION_OR_ADDRESS_LABEL	COPY_COMPLETE_LOCAL_LABEL	NO	NONE	NONE
ASTRO:A2:G020	ASTRO_OPTIONAL_LABEL	f68r1	f68r1.3	C3	shey	A2:G020	NOT_APPLICABLE_TO_ASTRO_LOCAL_LABEL	lokale Himmels-, Wahl- oder Adressmarke als Ganzes kopieren	F68_RIGHT_PANEL_HEADER_NS	WHOLE_LOCAL_LABEL__NO_WORD_DECOMPOSITION	OPTIONAL_CONDITION_OR_ADDRESS_LABEL	COPY_COMPLETE_LOCAL_LABEL	NO	NONE	NONE
ASTRO:A2:G021	ASTRO_OPTIONAL_LABEL	f68r1	f68r1.3	C3	qocheey	A2:G021	NOT_APPLICABLE_TO_ASTRO_LOCAL_LABEL	lokale Himmels-, Wahl- oder Adressmarke als Ganzes kopieren	F68_RIGHT_PANEL_HEADER_NS	WHOLE_LOCAL_LABEL__NO_WORD_DECOMPOSITION	OPTIONAL_CONDITION_OR_ADDRESS_LABEL	COPY_COMPLETE_LOCAL_LABEL	NO	NONE	NONE
ASTRO:A2:G022	ASTRO_OPTIONAL_LABEL	f68r1	f68r1.3	C3	chokal	A2:G022	NOT_APPLICABLE_TO_ASTRO_LOCAL_LABEL	lokale Himmels-, Wahl- oder Adressmarke als Ganzes kopieren	F68_RIGHT_PANEL_HEADER_NS	WHOLE_LOCAL_LABEL__NO_WORD_DECOMPOSITION	OPTIONAL_CONDITION_OR_ADDRESS_LABEL	COPY_COMPLETE_LOCAL_LABEL	NO	NONE	NONE
ASTRO:A2:G023	ASTRO_OPTIONAL_LABEL	f68r1	f68r1.3	C3	okeey	A2:G023	NOT_APPLICABLE_TO_ASTRO_LOCAL_LABEL	lokale Himmels-, Wahl- oder Adressmarke als Ganzes kopieren	F68_RIGHT_PANEL_HEADER_NS	WHOLE_LOCAL_LABEL__NO_WORD_DECOMPOSITION	OPTIONAL_CONDITION_OR_ADDRESS_LABEL	COPY_COMPLETE_LOCAL_LABEL	NO	NONE	NONE
ASTRO:A2:G024	ASTRO_OPTIONAL_LABEL	f68r1	f68r1.3	C3	ror	A2:G024	NOT_APPLICABLE_TO_ASTRO_LOCAL_LABEL	lokale Himmels-, Wahl- oder Adressmarke als Ganzes kopieren	F68_RIGHT_PANEL_HEADER_NS	WHOLE_LOCAL_LABEL__NO_WORD_DECOMPOSITION	OPTIONAL_CONDITION_OR_ADDRESS_LABEL	COPY_COMPLETE_LOCAL_LABEL	NO	NONE	NONE
ASTRO:A2:G025	ASTRO_OPTIONAL_LABEL	f68r1	f68r1.3	C3	eckhear	A2:G025	NOT_APPLICABLE_TO_ASTRO_LOCAL_LABEL	lokale Himmels-, Wahl- oder Adressmarke als Ganzes kopieren	F68_RIGHT_PANEL_HEADER_NS	WHOLE_LOCAL_LABEL__NO_WORD_DECOMPOSITION	OPTIONAL_CONDITION_OR_ADDRESS_LABEL	COPY_COMPLETE_LOCAL_LABEL	NO	NONE	NONE
ASTRO:A2:G026	ASTRO_OPTIONAL_LABEL	f68r1	f68r1.3	C3	daram	A2:G026	NOT_APPLICABLE_TO_ASTRO_LOCAL_LABEL	lokale Himmels-, Wahl- oder Adressmarke als Ganzes kopieren	F68_RIGHT_PANEL_HEADER_NS	WHOLE_LOCAL_LABEL__NO_WORD_DECOMPOSITION	OPTIONAL_CONDITION_OR_ADDRESS_LABEL	COPY_COMPLETE_LOCAL_LABEL	NO	NONE	NONE
ASTRO:A2:G027	ASTRO_OPTIONAL_LABEL	f68r1	f68r1.4	C3	dchor	A2:G027	NOT_APPLICABLE_TO_ASTRO_LOCAL_LABEL	lokale Himmels-, Wahl- oder Adressmarke als Ganzes kopieren	F68_MULTIPANEL_HEADER_QUARANTINE_NS	WHOLE_LOCAL_LABEL__NO_WORD_DECOMPOSITION	OPTIONAL_CONDITION_OR_ADDRESS_LABEL	COPY_COMPLETE_LOCAL_LABEL	NO	NONE	NONE
ASTRO:A2:G028	ASTRO_OPTIONAL_LABEL	f68r1	f68r1.4	C3	okaiiin	A2:G028	NOT_APPLICABLE_TO_ASTRO_LOCAL_LABEL	lokale Himmels-, Wahl- oder Adressmarke als Ganzes kopieren	F68_MULTIPANEL_HEADER_QUARANTINE_NS	WHOLE_LOCAL_LABEL__NO_WORD_DECOMPOSITION	OPTIONAL_CONDITION_OR_ADDRESS_LABEL	COPY_COMPLETE_LOCAL_LABEL	NO	NONE	NONE
ASTRO:A2:G029	ASTRO_OPTIONAL_LABEL	f68r1	f68r1.5	C3	yky	A2:G029	NOT_APPLICABLE_TO_ASTRO_LOCAL_LABEL	lokale Himmels-, Wahl- oder Adressmarke als Ganzes kopieren	F68_MULTIPANEL_HEADER_QUARANTINE_NS	WHOLE_LOCAL_LABEL__NO_WORD_DECOMPOSITION	OPTIONAL_CONDITION_OR_ADDRESS_LABEL	COPY_COMPLETE_LOCAL_LABEL	NO	NONE	NONE
ASTRO:A2:G030	ASTRO_OPTIONAL_LABEL	f68r1	f68r1.6	C3	dary	A2:G030	NOT_APPLICABLE_TO_ASTRO_LOCAL_LABEL	lokale Himmels-, Wahl- oder Adressmarke als Ganzes kopieren	F68_MULTIPANEL_HEADER_QUARANTINE_NS	WHOLE_LOCAL_LABEL__NO_WORD_DECOMPOSITION	OPTIONAL_CONDITION_OR_ADDRESS_LABEL	COPY_COMPLETE_LOCAL_LABEL	NO	NONE	NONE
ASTRO:A2:G031	ASTRO_OPTIONAL_LABEL	f68r1	f68r1.7	C3	chkchykoly	A2:G031	NOT_APPLICABLE_TO_ASTRO_LOCAL_LABEL	lokale Himmels-, Wahl- oder Adressmarke als Ganzes kopieren	F68_MULTIPANEL_HEADER_QUARANTINE_NS	WHOLE_LOCAL_LABEL__NO_WORD_DECOMPOSITION	OPTIONAL_CONDITION_OR_ADDRESS_LABEL	COPY_COMPLETE_LOCAL_LABEL	NO	NONE	NONE
ASTRO:A2:G032	ASTRO_OPTIONAL_LABEL	f68r1	f68r1.8	C3	okodaly	A2:G032	NOT_APPLICABLE_TO_ASTRO_LOCAL_LABEL	lokale Himmels-, Wahl- oder Adressmarke als Ganzes kopieren	F68_CENTRE_KEY_QUARANTINE_NS	WHOLE_LOCAL_LABEL__NO_WORD_DECOMPOSITION	OPTIONAL_CONDITION_OR_ADDRESS_LABEL	COPY_COMPLETE_LOCAL_LABEL	NO	NONE	NONE
ASTRO:A2:G033	ASTRO_OPTIONAL_LABEL	f68r1	f68r1.9	C3	odchecthy	A2:G033	NOT_APPLICABLE_TO_ASTRO_LOCAL_LABEL	lokale Himmels-, Wahl- oder Adressmarke als Ganzes kopieren	F68_LOCAL_STAR_SLOT_NS	WHOLE_LOCAL_LABEL__NO_WORD_DECOMPOSITION	OPTIONAL_CONDITION_OR_ADDRESS_LABEL	COPY_COMPLETE_LOCAL_LABEL	NO	NONE	NONE
ASTRO:A2:G034	ASTRO_OPTIONAL_LABEL	f68r1	f68r1.10	C3	otcheody	A2:G034	NOT_APPLICABLE_TO_ASTRO_LOCAL_LABEL	lokale Himmels-, Wahl- oder Adressmarke als Ganzes kopieren	F68_LOCAL_STAR_SLOT_NS	WHOLE_LOCAL_LABEL__NO_WORD_DECOMPOSITION	OPTIONAL_CONDITION_OR_ADDRESS_LABEL	COPY_COMPLETE_LOCAL_LABEL	NO	NONE	NONE
ASTRO:A2:G035	ASTRO_OPTIONAL_LABEL	f68r1	f68r1.11	C3	okoaly	A2:G035	NOT_APPLICABLE_TO_ASTRO_LOCAL_LABEL	lokale Himmels-, Wahl- oder Adressmarke als Ganzes kopieren	F68_LOCAL_STAR_SLOT_NS	WHOLE_LOCAL_LABEL__NO_WORD_DECOMPOSITION	OPTIONAL_CONDITION_OR_ADDRESS_LABEL	COPY_COMPLETE_LOCAL_LABEL	NO	NONE	NONE
ASTRO:A2:G036	ASTRO_OPTIONAL_LABEL	f68r1	f68r1.12	C3	chocfhy	A2:G036	NOT_APPLICABLE_TO_ASTRO_LOCAL_LABEL	lokale Himmels-, Wahl- oder Adressmarke als Ganzes kopieren	F68_LOCAL_STAR_SLOT_NS	WHOLE_LOCAL_LABEL__NO_WORD_DECOMPOSITION	OPTIONAL_CONDITION_OR_ADDRESS_LABEL	COPY_COMPLETE_LOCAL_LABEL	NO	NONE	NONE
ASTRO:A2:G037	ASTRO_OPTIONAL_LABEL	f68r1	f68r1.13	C3	octhey	A2:G037	NOT_APPLICABLE_TO_ASTRO_LOCAL_LABEL	lokale Himmels-, Wahl- oder Adressmarke als Ganzes kopieren	F68_LOCAL_STAR_SLOT_NS	WHOLE_LOCAL_LABEL__NO_WORD_DECOMPOSITION	OPTIONAL_CONDITION_OR_ADDRESS_LABEL	COPY_COMPLETE_LOCAL_LABEL	NO	NONE	NONE
ASTRO:A2:G038	ASTRO_OPTIONAL_LABEL	f68r1	f68r1.14	C3	otshey	A2:G038	NOT_APPLICABLE_TO_ASTRO_LOCAL_LABEL	lokale Himmels-, Wahl- oder Adressmarke als Ganzes kopieren	F68_LOCAL_STAR_SLOT_NS	WHOLE_LOCAL_LABEL__NO_WORD_DECOMPOSITION	OPTIONAL_CONDITION_OR_ADDRESS_LABEL	COPY_COMPLETE_LOCAL_LABEL	NO	NONE	NONE
ASTRO:A2:G039	ASTRO_OPTIONAL_LABEL	f68r1	f68r1.15	C3	otydy	A2:G039	NOT_APPLICABLE_TO_ASTRO_LOCAL_LABEL	lokale Himmels-, Wahl- oder Adressmarke als Ganzes kopieren	F68_LOCAL_STAR_SLOT_NS	WHOLE_LOCAL_LABEL__NO_WORD_DECOMPOSITION	OPTIONAL_CONDITION_OR_ADDRESS_LABEL	COPY_COMPLETE_LOCAL_LABEL	NO	NONE	NONE
ASTRO:A2:G040	ASTRO_OPTIONAL_LABEL	f68r1	f68r1.16	C3	okear	A2:G040	NOT_APPLICABLE_TO_ASTRO_LOCAL_LABEL	lokale Himmels-, Wahl- oder Adressmarke als Ganzes kopieren	F68_LOCAL_STAR_SLOT_NS	WHOLE_LOCAL_LABEL__NO_WORD_DECOMPOSITION	OPTIONAL_CONDITION_OR_ADDRESS_LABEL	COPY_COMPLETE_LOCAL_LABEL	NO	NONE	NONE
ASTRO:A2:G041	ASTRO_OPTIONAL_LABEL	f68r1	f68r1.17	C3	cphocthy	A2:G041	NOT_APPLICABLE_TO_ASTRO_LOCAL_LABEL	lokale Himmels-, Wahl- oder Adressmarke als Ganzes kopieren	F68_LOCAL_STAR_SLOT_NS	WHOLE_LOCAL_LABEL__NO_WORD_DECOMPOSITION	OPTIONAL_CONDITION_OR_ADDRESS_LABEL	COPY_COMPLETE_LOCAL_LABEL	NO	NONE	NONE
ASTRO:A2:G042	ASTRO_OPTIONAL_LABEL	f68r1	f68r1.18	C3	ytchody	A2:G042	NOT_APPLICABLE_TO_ASTRO_LOCAL_LABEL	lokale Himmels-, Wahl- oder Adressmarke als Ganzes kopieren	F68_LOCAL_STAR_SLOT_NS	WHOLE_LOCAL_LABEL__NO_WORD_DECOMPOSITION	OPTIONAL_CONDITION_OR_ADDRESS_LABEL	COPY_COMPLETE_LOCAL_LABEL	NO	NONE	NONE
ASTRO:A2:G043	ASTRO_OPTIONAL_LABEL	f68r1	f68r1.19	C3	otys	A2:G043	NOT_APPLICABLE_TO_ASTRO_LOCAL_LABEL	lokale Himmels-, Wahl- oder Adressmarke als Ganzes kopieren	F68_LOCAL_STAR_SLOT_NS	WHOLE_LOCAL_LABEL__NO_WORD_DECOMPOSITION	OPTIONAL_CONDITION_OR_ADDRESS_LABEL	COPY_COMPLETE_LOCAL_LABEL	NO	NONE	NONE
ASTRO:A2:G044	ASTRO_OPTIONAL_LABEL	f68r1	f68r1.20	C3	olor	A2:G044	NOT_APPLICABLE_TO_ASTRO_LOCAL_LABEL	lokale Himmels-, Wahl- oder Adressmarke als Ganzes kopieren	F68_LOCAL_STAR_SLOT_NS	WHOLE_LOCAL_LABEL__NO_WORD_DECOMPOSITION	OPTIONAL_CONDITION_OR_ADDRESS_LABEL	COPY_COMPLETE_LOCAL_LABEL	NO	NONE	NONE
ASTRO:A2:G045	ASTRO_OPTIONAL_LABEL	f68r1	f68r1.21	C3	ockhy	A2:G045	NOT_APPLICABLE_TO_ASTRO_LOCAL_LABEL	lokale Himmels-, Wahl- oder Adressmarke als Ganzes kopieren	F68_LOCAL_STAR_SLOT_NS	WHOLE_LOCAL_LABEL__NO_WORD_DECOMPOSITION	OPTIONAL_CONDITION_OR_ADDRESS_LABEL	COPY_COMPLETE_LOCAL_LABEL	NO	NONE	NONE
ASTRO:A2:G046	ASTRO_OPTIONAL_LABEL	f68r1	f68r1.22	C3	ofcheor	A2:G046	NOT_APPLICABLE_TO_ASTRO_LOCAL_LABEL	lokale Himmels-, Wahl- oder Adressmarke als Ganzes kopieren	F68_LOCAL_STAR_SLOT_NS	WHOLE_LOCAL_LABEL__NO_WORD_DECOMPOSITION	OPTIONAL_CONDITION_OR_ADDRESS_LABEL	COPY_COMPLETE_LOCAL_LABEL	NO	NONE	NONE
ASTRO:A2:G047	ASTRO_OPTIONAL_LABEL	f68r1	f68r1.23	C3	otchdy	A2:G047	NOT_APPLICABLE_TO_ASTRO_LOCAL_LABEL	lokale Himmels-, Wahl- oder Adressmarke als Ganzes kopieren	F68_LOCAL_STAR_SLOT_NS	WHOLE_LOCAL_LABEL__NO_WORD_DECOMPOSITION	OPTIONAL_CONDITION_OR_ADDRESS_LABEL	COPY_COMPLETE_LOCAL_LABEL	NO	NONE	NONE
ASTRO:A2:G048	ASTRO_OPTIONAL_LABEL	f68r1	f68r1.24	C3	otykchs	A2:G048	NOT_APPLICABLE_TO_ASTRO_LOCAL_LABEL	lokale Himmels-, Wahl- oder Adressmarke als Ganzes kopieren	F68_LOCAL_STAR_SLOT_NS	WHOLE_LOCAL_LABEL__NO_WORD_DECOMPOSITION	OPTIONAL_CONDITION_OR_ADDRESS_LABEL	COPY_COMPLETE_LOCAL_LABEL	NO	NONE	NONE
ASTRO:A2:G049	ASTRO_OPTIONAL_LABEL	f68r1	f68r1.25	C3	otol	A2:G049	NOT_APPLICABLE_TO_ASTRO_LOCAL_LABEL	lokale Himmels-, Wahl- oder Adressmarke als Ganzes kopieren	F68_LOCAL_STAR_SLOT_NS	WHOLE_LOCAL_LABEL__NO_WORD_DECOMPOSITION	OPTIONAL_CONDITION_OR_ADDRESS_LABEL	COPY_COMPLETE_LOCAL_LABEL	NO	NONE	NONE
ASTRO:A2:G050	ASTRO_OPTIONAL_LABEL	f68r1	f68r1.26	C3	otor	A2:G050	NOT_APPLICABLE_TO_ASTRO_LOCAL_LABEL	lokale Himmels-, Wahl- oder Adressmarke als Ganzes kopieren	F68_LOCAL_STAR_SLOT_NS	WHOLE_LOCAL_LABEL__NO_WORD_DECOMPOSITION	OPTIONAL_CONDITION_OR_ADDRESS_LABEL	COPY_COMPLETE_LOCAL_LABEL	NO	NONE	NONE
ASTRO:A2:G051	ASTRO_OPTIONAL_LABEL	f68r1	f68r1.27	C3	oiinar	A2:G051	NOT_APPLICABLE_TO_ASTRO_LOCAL_LABEL	lokale Himmels-, Wahl- oder Adressmarke als Ganzes kopieren	F68_LOCAL_STAR_SLOT_NS	WHOLE_LOCAL_LABEL__NO_WORD_DECOMPOSITION	OPTIONAL_CONDITION_OR_ADDRESS_LABEL	COPY_COMPLETE_LOCAL_LABEL	NO	NONE	NONE
ASTRO:A2:G052	ASTRO_OPTIONAL_LABEL	f68r1	f68r1.28	C3	okoldy	A2:G052	NOT_APPLICABLE_TO_ASTRO_LOCAL_LABEL	lokale Himmels-, Wahl- oder Adressmarke als Ganzes kopieren	F68_LOCAL_STAR_SLOT_NS	WHOLE_LOCAL_LABEL__NO_WORD_DECOMPOSITION	OPTIONAL_CONDITION_OR_ADDRESS_LABEL	COPY_COMPLETE_LOCAL_LABEL	NO	NONE	NONE
ASTRO:A2:G053	ASTRO_OPTIONAL_LABEL	f68r1	f68r1.29	C3	ykchdy	A2:G053	NOT_APPLICABLE_TO_ASTRO_LOCAL_LABEL	lokale Himmels-, Wahl- oder Adressmarke als Ganzes kopieren	F68_LOCAL_STAR_SLOT_NS	WHOLE_LOCAL_LABEL__NO_WORD_DECOMPOSITION	OPTIONAL_CONDITION_OR_ADDRESS_LABEL	COPY_COMPLETE_LOCAL_LABEL	NO	NONE	NONE
ASTRO:A2:G054	ASTRO_OPTIONAL_LABEL	f68r1	f68r1.30	C3	oeeody	A2:G054	NOT_APPLICABLE_TO_ASTRO_LOCAL_LABEL	lokale Himmels-, Wahl- oder Adressmarke als Ganzes kopieren	F68_LOCAL_STAR_SLOT_NS	WHOLE_LOCAL_LABEL__NO_WORD_DECOMPOSITION	OPTIONAL_CONDITION_OR_ADDRESS_LABEL	COPY_COMPLETE_LOCAL_LABEL	NO	NONE	NONE
ASTRO:A2:G055	ASTRO_OPTIONAL_LABEL	f68r1	f68r1.31	C3	ocphy	A2:G055	NOT_APPLICABLE_TO_ASTRO_LOCAL_LABEL	lokale Himmels-, Wahl- oder Adressmarke als Ganzes kopieren	F68_LOCAL_STAR_SLOT_NS	WHOLE_LOCAL_LABEL__NO_WORD_DECOMPOSITION	OPTIONAL_CONDITION_OR_ADDRESS_LABEL	COPY_COMPLETE_LOCAL_LABEL	NO	NONE	NONE
ASTRO:A2:G056	ASTRO_OPTIONAL_LABEL	f68r1	f68r1.32	C3	okeeodal	A2:G056	NOT_APPLICABLE_TO_ASTRO_LOCAL_LABEL	lokale Himmels-, Wahl- oder Adressmarke als Ganzes kopieren	F68_LOCAL_STAR_SLOT_NS	WHOLE_LOCAL_LABEL__NO_WORD_DECOMPOSITION	OPTIONAL_CONDITION_OR_ADDRESS_LABEL	COPY_COMPLETE_LOCAL_LABEL	NO	NONE	NONE
ASTRO:A2:G057	ASTRO_OPTIONAL_LABEL	f68r1	f68r1.33	C3	okshor	A2:G057	NOT_APPLICABLE_TO_ASTRO_LOCAL_LABEL	lokale Himmels-, Wahl- oder Adressmarke als Ganzes kopieren	F68_LOCAL_STAR_SLOT_NS	WHOLE_LOCAL_LABEL__NO_WORD_DECOMPOSITION	OPTIONAL_CONDITION_OR_ADDRESS_LABEL	COPY_COMPLETE_LOCAL_LABEL	NO	NONE	NONE
ASTRO:A2:G058	ASTRO_OPTIONAL_LABEL	f68r1	f68r1.34	C3	osdaiin	A2:G058	NOT_APPLICABLE_TO_ASTRO_LOCAL_LABEL	lokale Himmels-, Wahl- oder Adressmarke als Ganzes kopieren	F68_LOCAL_STAR_SLOT_NS	WHOLE_LOCAL_LABEL__NO_WORD_DECOMPOSITION	OPTIONAL_CONDITION_OR_ADDRESS_LABEL	COPY_COMPLETE_LOCAL_LABEL	NO	NONE	NONE
ASTRO:A2:G059	ASTRO_OPTIONAL_LABEL	f68r1	f68r1.35	C3	otochedy	A2:G059	NOT_APPLICABLE_TO_ASTRO_LOCAL_LABEL	lokale Himmels-, Wahl- oder Adressmarke als Ganzes kopieren	F68_LOCAL_STAR_SLOT_NS	WHOLE_LOCAL_LABEL__NO_WORD_DECOMPOSITION	OPTIONAL_CONDITION_OR_ADDRESS_LABEL	COPY_COMPLETE_LOCAL_LABEL	NO	NONE	NONE
ASTRO:A2:G060	ASTRO_OPTIONAL_LABEL	f68r1	f68r1.36	C3	dolchedy	A2:G060	NOT_APPLICABLE_TO_ASTRO_LOCAL_LABEL	lokale Himmels-, Wahl- oder Adressmarke als Ganzes kopieren	F68_LOCAL_STAR_SLOT_NS	WHOLE_LOCAL_LABEL__NO_WORD_DECOMPOSITION	OPTIONAL_CONDITION_OR_ADDRESS_LABEL	COPY_COMPLETE_LOCAL_LABEL	NO	NONE	NONE
ASTRO:A2:G061	ASTRO_OPTIONAL_LABEL	f68r1	f68r1.37	C3	oky	A2:G061	NOT_APPLICABLE_TO_ASTRO_LOCAL_LABEL	lokale Himmels-, Wahl- oder Adressmarke als Ganzes kopieren	F68_CENTRAL_LEGEND_QUARANTINE_NS	WHOLE_LOCAL_LABEL__NO_WORD_DECOMPOSITION	OPTIONAL_CONDITION_OR_ADDRESS_LABEL	COPY_COMPLETE_LOCAL_LABEL	NO	NONE	NONE
ASTRO:A2:G062	ASTRO_OPTIONAL_LABEL	f68r1	f68r1.37	C3	okchdy	A2:G062	NOT_APPLICABLE_TO_ASTRO_LOCAL_LABEL	lokale Himmels-, Wahl- oder Adressmarke als Ganzes kopieren	F68_CENTRAL_LEGEND_QUARANTINE_NS	WHOLE_LOCAL_LABEL__NO_WORD_DECOMPOSITION	OPTIONAL_CONDITION_OR_ADDRESS_LABEL	COPY_COMPLETE_LOCAL_LABEL	NO	NONE	NONE
ASTRO:A2:G063	ASTRO_OPTIONAL_LABEL	f68r1	f68r1.37	C3	okardy	A2:G063	NOT_APPLICABLE_TO_ASTRO_LOCAL_LABEL	lokale Himmels-, Wahl- oder Adressmarke als Ganzes kopieren	F68_CENTRAL_LEGEND_QUARANTINE_NS	WHOLE_LOCAL_LABEL__NO_WORD_DECOMPOSITION	OPTIONAL_CONDITION_OR_ADDRESS_LABEL	COPY_COMPLETE_LOCAL_LABEL	NO	NONE	NONE
ASTRO:A2:G064	ASTRO_OPTIONAL_LABEL	f68r1	f68r1.37	C3	qear	A2:G064	NOT_APPLICABLE_TO_ASTRO_LOCAL_LABEL	lokale Himmels-, Wahl- oder Adressmarke als Ganzes kopieren	F68_CENTRAL_LEGEND_QUARANTINE_NS	WHOLE_LOCAL_LABEL__NO_WORD_DECOMPOSITION	OPTIONAL_CONDITION_OR_ADDRESS_LABEL	COPY_COMPLETE_LOCAL_LABEL	NO	NONE	NONE
ASTRO:A2:G065	ASTRO_OPTIONAL_LABEL	f68r1	f68r1.37	C3	oygy	A2:G065	NOT_APPLICABLE_TO_ASTRO_LOCAL_LABEL	lokale Himmels-, Wahl- oder Adressmarke als Ganzes kopieren	F68_CENTRAL_LEGEND_QUARANTINE_NS	WHOLE_LOCAL_LABEL__NO_WORD_DECOMPOSITION	OPTIONAL_CONDITION_OR_ADDRESS_LABEL	COPY_COMPLETE_LOCAL_LABEL	NO	NONE	NONE
ASTRO:A3:G001	ASTRO_OPTIONAL_LABEL	f69v	f69v.1	C1|C2|C5|C6	dair	A3:G001	NOT_APPLICABLE_TO_ASTRO_LOCAL_LABEL	lokale Himmels-, Wahl- oder Adressmarke als Ganzes kopieren	F69_LEFT_WHEEL_NS	WHOLE_LOCAL_LABEL__NO_WORD_DECOMPOSITION	OPTIONAL_CONDITION_OR_ADDRESS_LABEL	COPY_COMPLETE_LOCAL_LABEL	NO	NONE	NONE
ASTRO:A3:G002	ASTRO_OPTIONAL_LABEL	f69v	f69v.1	C1|C2|C5|C6	cheyky	A3:G002	NOT_APPLICABLE_TO_ASTRO_LOCAL_LABEL	lokale Himmels-, Wahl- oder Adressmarke als Ganzes kopieren	F69_LEFT_WHEEL_NS	WHOLE_LOCAL_LABEL__NO_WORD_DECOMPOSITION	OPTIONAL_CONDITION_OR_ADDRESS_LABEL	COPY_COMPLETE_LOCAL_LABEL	NO	NONE	NONE
ASTRO:A3:G003	ASTRO_OPTIONAL_LABEL	f69v	f69v.1	C1|C2|C5|C6	otaza	A3:G003	NOT_APPLICABLE_TO_ASTRO_LOCAL_LABEL	lokale Himmels-, Wahl- oder Adressmarke als Ganzes kopieren	F69_LEFT_WHEEL_NS	WHOLE_LOCAL_LABEL__NO_WORD_DECOMPOSITION	OPTIONAL_CONDITION_OR_ADDRESS_LABEL	COPY_COMPLETE_LOCAL_LABEL	NO	NONE	NONE
ASTRO:A3:G004	ASTRO_OPTIONAL_LABEL	f69v	f69v.1	C1|C2|C5|C6	sar	A3:G004	NOT_APPLICABLE_TO_ASTRO_LOCAL_LABEL	lokale Himmels-, Wahl- oder Adressmarke als Ganzes kopieren	F69_LEFT_WHEEL_NS	WHOLE_LOCAL_LABEL__NO_WORD_DECOMPOSITION	OPTIONAL_CONDITION_OR_ADDRESS_LABEL	COPY_COMPLETE_LOCAL_LABEL	NO	NONE	NONE
ASTRO:A3:G005	ASTRO_OPTIONAL_LABEL	f69v	f69v.1	C1|C2|C5|C6	ar	A3:G005	NOT_APPLICABLE_TO_ASTRO_LOCAL_LABEL	lokale Himmels-, Wahl- oder Adressmarke als Ganzes kopieren	F69_LEFT_WHEEL_NS	WHOLE_LOCAL_LABEL__NO_WORD_DECOMPOSITION	OPTIONAL_CONDITION_OR_ADDRESS_LABEL	COPY_COMPLETE_LOCAL_LABEL	NO	NONE	NONE
ASTRO:A3:G006	ASTRO_OPTIONAL_LABEL	f69v	f69v.1	C1|C2|C5|C6	chykar	A3:G006	NOT_APPLICABLE_TO_ASTRO_LOCAL_LABEL	lokale Himmels-, Wahl- oder Adressmarke als Ganzes kopieren	F69_LEFT_WHEEL_NS	WHOLE_LOCAL_LABEL__NO_WORD_DECOMPOSITION	OPTIONAL_CONDITION_OR_ADDRESS_LABEL	COPY_COMPLETE_LOCAL_LABEL	NO	NONE	NONE
ASTRO:A3:G007	ASTRO_OPTIONAL_LABEL	f69v	f69v.1	C1|C2|C5|C6	okoirsh	A3:G007	NOT_APPLICABLE_TO_ASTRO_LOCAL_LABEL	lokale Himmels-, Wahl- oder Adressmarke als Ganzes kopieren	F69_LEFT_WHEEL_NS	WHOLE_LOCAL_LABEL__NO_WORD_DECOMPOSITION	OPTIONAL_CONDITION_OR_ADDRESS_LABEL	COPY_COMPLETE_LOCAL_LABEL	NO	NONE	NONE
ASTRO:A3:G008	ASTRO_OPTIONAL_LABEL	f69v	f69v.1	C1|C2|C5|C6	ar	A3:G008	NOT_APPLICABLE_TO_ASTRO_LOCAL_LABEL	lokale Himmels-, Wahl- oder Adressmarke als Ganzes kopieren	F69_LEFT_WHEEL_NS	WHOLE_LOCAL_LABEL__NO_WORD_DECOMPOSITION	OPTIONAL_CONDITION_OR_ADDRESS_LABEL	COPY_COMPLETE_LOCAL_LABEL	NO	NONE	NONE
ASTRO:A3:G009	ASTRO_OPTIONAL_LABEL	f69v	f69v.1	C1|C2|C5|C6	chetody	A3:G009	NOT_APPLICABLE_TO_ASTRO_LOCAL_LABEL	lokale Himmels-, Wahl- oder Adressmarke als Ganzes kopieren	F69_LEFT_WHEEL_NS	WHOLE_LOCAL_LABEL__NO_WORD_DECOMPOSITION	OPTIONAL_CONDITION_OR_ADDRESS_LABEL	COPY_COMPLETE_LOCAL_LABEL	NO	NONE	NONE
ASTRO:A3:G010	ASTRO_OPTIONAL_LABEL	f69v	f69v.1	C1|C2|C5|C6	okeeos	A3:G010	NOT_APPLICABLE_TO_ASTRO_LOCAL_LABEL	lokale Himmels-, Wahl- oder Adressmarke als Ganzes kopieren	F69_LEFT_WHEEL_NS	WHOLE_LOCAL_LABEL__NO_WORD_DECOMPOSITION	OPTIONAL_CONDITION_OR_ADDRESS_LABEL	COPY_COMPLETE_LOCAL_LABEL	NO	NONE	NONE
ASTRO:A3:G011	ASTRO_OPTIONAL_LABEL	f69v	f69v.1	C1|C2|C5|C6	o	A3:G011	NOT_APPLICABLE_TO_ASTRO_LOCAL_LABEL	lokale Himmels-, Wahl- oder Adressmarke als Ganzes kopieren	F69_LEFT_WHEEL_NS	WHOLE_LOCAL_LABEL__NO_WORD_DECOMPOSITION	OPTIONAL_CONDITION_OR_ADDRESS_LABEL	COPY_COMPLETE_LOCAL_LABEL	NO	NONE	NONE
ASTRO:A3:G012	ASTRO_OPTIONAL_LABEL	f69v	f69v.1	C1|C2|C5|C6	tey	A3:G012	NOT_APPLICABLE_TO_ASTRO_LOCAL_LABEL	lokale Himmels-, Wahl- oder Adressmarke als Ganzes kopieren	F69_LEFT_WHEEL_NS	WHOLE_LOCAL_LABEL__NO_WORD_DECOMPOSITION	OPTIONAL_CONDITION_OR_ADDRESS_LABEL	COPY_COMPLETE_LOCAL_LABEL	NO	NONE	NONE
ASTRO:A3:G013	ASTRO_OPTIONAL_LABEL	f69v	f69v.1	C1|C2|C5|C6	otokeeey	A3:G013	NOT_APPLICABLE_TO_ASTRO_LOCAL_LABEL	lokale Himmels-, Wahl- oder Adressmarke als Ganzes kopieren	F69_LEFT_WHEEL_NS	WHOLE_LOCAL_LABEL__NO_WORD_DECOMPOSITION	OPTIONAL_CONDITION_OR_ADDRESS_LABEL	COPY_COMPLETE_LOCAL_LABEL	NO	NONE	NONE
ASTRO:A3:G014	ASTRO_OPTIONAL_LABEL	f69v	f69v.1	C1|C2|C5|C6	okeeody	A3:G014	NOT_APPLICABLE_TO_ASTRO_LOCAL_LABEL	lokale Himmels-, Wahl- oder Adressmarke als Ganzes kopieren	F69_LEFT_WHEEL_NS	WHOLE_LOCAL_LABEL__NO_WORD_DECOMPOSITION	OPTIONAL_CONDITION_OR_ADDRESS_LABEL	COPY_COMPLETE_LOCAL_LABEL	NO	NONE	NONE
ASTRO:A3:G015	ASTRO_OPTIONAL_LABEL	f69v	f69v.1	C1|C2|C5|C6	okeey	A3:G015	NOT_APPLICABLE_TO_ASTRO_LOCAL_LABEL	lokale Himmels-, Wahl- oder Adressmarke als Ganzes kopieren	F69_LEFT_WHEEL_NS	WHOLE_LOCAL_LABEL__NO_WORD_DECOMPOSITION	OPTIONAL_CONDITION_OR_ADDRESS_LABEL	COPY_COMPLETE_LOCAL_LABEL	NO	NONE	NONE
ASTRO:A3:G016	ASTRO_OPTIONAL_LABEL	f69v	f69v.1	C1|C2|C5|C6	doiir	A3:G016	NOT_APPLICABLE_TO_ASTRO_LOCAL_LABEL	lokale Himmels-, Wahl- oder Adressmarke als Ganzes kopieren	F69_LEFT_WHEEL_NS	WHOLE_LOCAL_LABEL__NO_WORD_DECOMPOSITION	OPTIONAL_CONDITION_OR_ADDRESS_LABEL	COPY_COMPLETE_LOCAL_LABEL	NO	NONE	NONE
ASTRO:A3:G017	ASTRO_OPTIONAL_LABEL	f69v	f69v.1	C1|C2|C5|C6	teeo	A3:G017	NOT_APPLICABLE_TO_ASTRO_LOCAL_LABEL	lokale Himmels-, Wahl- oder Adressmarke als Ganzes kopieren	F69_LEFT_WHEEL_NS	WHOLE_LOCAL_LABEL__NO_WORD_DECOMPOSITION	OPTIONAL_CONDITION_OR_ADDRESS_LABEL	COPY_COMPLETE_LOCAL_LABEL	NO	NONE	NONE
ASTRO:A3:G018	ASTRO_OPTIONAL_LABEL	f69v	f69v.1	C1|C2|C5|C6	y	A3:G018	NOT_APPLICABLE_TO_ASTRO_LOCAL_LABEL	lokale Himmels-, Wahl- oder Adressmarke als Ganzes kopieren	F69_LEFT_WHEEL_NS	WHOLE_LOCAL_LABEL__NO_WORD_DECOMPOSITION	OPTIONAL_CONDITION_OR_ADDRESS_LABEL	COPY_COMPLETE_LOCAL_LABEL	NO	NONE	NONE
ASTRO:A3:G019	ASTRO_OPTIONAL_LABEL	f69v	f69v.1	C1|C2|C5|C6	chey	A3:G019	NOT_APPLICABLE_TO_ASTRO_LOCAL_LABEL	lokale Himmels-, Wahl- oder Adressmarke als Ganzes kopieren	F69_LEFT_WHEEL_NS	WHOLE_LOCAL_LABEL__NO_WORD_DECOMPOSITION	OPTIONAL_CONDITION_OR_ADDRESS_LABEL	COPY_COMPLETE_LOCAL_LABEL	NO	NONE	NONE
ASTRO:A3:G020	ASTRO_OPTIONAL_LABEL	f69v	f69v.1	C1|C2|C5|C6	ot	A3:G020	NOT_APPLICABLE_TO_ASTRO_LOCAL_LABEL	lokale Himmels-, Wahl- oder Adressmarke als Ganzes kopieren	F69_LEFT_WHEEL_NS	WHOLE_LOCAL_LABEL__NO_WORD_DECOMPOSITION	OPTIONAL_CONDITION_OR_ADDRESS_LABEL	COPY_COMPLETE_LOCAL_LABEL	NO	NONE	NONE
ASTRO:A3:G021	ASTRO_OPTIONAL_LABEL	f69v	f69v.1	C1|C2|C5|C6	y	A3:G021	NOT_APPLICABLE_TO_ASTRO_LOCAL_LABEL	lokale Himmels-, Wahl- oder Adressmarke als Ganzes kopieren	F69_LEFT_WHEEL_NS	WHOLE_LOCAL_LABEL__NO_WORD_DECOMPOSITION	OPTIONAL_CONDITION_OR_ADDRESS_LABEL	COPY_COMPLETE_LOCAL_LABEL	NO	NONE	NONE
ASTRO:A3:G022	ASTRO_OPTIONAL_LABEL	f69v	f69v.1	C1|C2|C5|C6	okedy	A3:G022	NOT_APPLICABLE_TO_ASTRO_LOCAL_LABEL	lokale Himmels-, Wahl- oder Adressmarke als Ganzes kopieren	F69_LEFT_WHEEL_NS	WHOLE_LOCAL_LABEL__NO_WORD_DECOMPOSITION	OPTIONAL_CONDITION_OR_ADDRESS_LABEL	COPY_COMPLETE_LOCAL_LABEL	NO	NONE	NONE
ASTRO:A3:G023	ASTRO_OPTIONAL_LABEL	f69v	f69v.1	C1|C2|C5|C6	chsdy	A3:G023	NOT_APPLICABLE_TO_ASTRO_LOCAL_LABEL	lokale Himmels-, Wahl- oder Adressmarke als Ganzes kopieren	F69_LEFT_WHEEL_NS	WHOLE_LOCAL_LABEL__NO_WORD_DECOMPOSITION	OPTIONAL_CONDITION_OR_ADDRESS_LABEL	COPY_COMPLETE_LOCAL_LABEL	NO	NONE	NONE
ASTRO:A3:G024	ASTRO_OPTIONAL_LABEL	f69v	f69v.1	C1|C2|C5|C6	okeod	A3:G024	NOT_APPLICABLE_TO_ASTRO_LOCAL_LABEL	lokale Himmels-, Wahl- oder Adressmarke als Ganzes kopieren	F69_LEFT_WHEEL_NS	WHOLE_LOCAL_LABEL__NO_WORD_DECOMPOSITION	OPTIONAL_CONDITION_OR_ADDRESS_LABEL	COPY_COMPLETE_LOCAL_LABEL	NO	NONE	NONE
ASTRO:A3:G025	ASTRO_OPTIONAL_LABEL	f69v	f69v.1	C1|C2|C5|C6	y	A3:G025	NOT_APPLICABLE_TO_ASTRO_LOCAL_LABEL	lokale Himmels-, Wahl- oder Adressmarke als Ganzes kopieren	F69_LEFT_WHEEL_NS	WHOLE_LOCAL_LABEL__NO_WORD_DECOMPOSITION	OPTIONAL_CONDITION_OR_ADDRESS_LABEL	COPY_COMPLETE_LOCAL_LABEL	NO	NONE	NONE
ASTRO:A3:G026	ASTRO_OPTIONAL_LABEL	f69v	f69v.1	C1|C2|C5|C6	dy	A3:G026	NOT_APPLICABLE_TO_ASTRO_LOCAL_LABEL	lokale Himmels-, Wahl- oder Adressmarke als Ganzes kopieren	F69_LEFT_WHEEL_NS	WHOLE_LOCAL_LABEL__NO_WORD_DECOMPOSITION	OPTIONAL_CONDITION_OR_ADDRESS_LABEL	COPY_COMPLETE_LOCAL_LABEL	NO	NONE	NONE
ASTRO:A3:G027	ASTRO_OPTIONAL_LABEL	f69v	f69v.1	C1|C2|C5|C6	choaiin	A3:G027	NOT_APPLICABLE_TO_ASTRO_LOCAL_LABEL	lokale Himmels-, Wahl- oder Adressmarke als Ganzes kopieren	F69_LEFT_WHEEL_NS	WHOLE_LOCAL_LABEL__NO_WORD_DECOMPOSITION	OPTIONAL_CONDITION_OR_ADDRESS_LABEL	COPY_COMPLETE_LOCAL_LABEL	NO	NONE	NONE
ASTRO:A3:G028	ASTRO_OPTIONAL_LABEL	f69v	f69v.1	C1|C2|C5|C6	okar	A3:G028	NOT_APPLICABLE_TO_ASTRO_LOCAL_LABEL	lokale Himmels-, Wahl- oder Adressmarke als Ganzes kopieren	F69_LEFT_WHEEL_NS	WHOLE_LOCAL_LABEL__NO_WORD_DECOMPOSITION	OPTIONAL_CONDITION_OR_ADDRESS_LABEL	COPY_COMPLETE_LOCAL_LABEL	NO	NONE	NONE
ASTRO:A3:G029	ASTRO_OPTIONAL_LABEL	f69v	f69v.1	C1|C2|C5|C6	okar	A3:G029	NOT_APPLICABLE_TO_ASTRO_LOCAL_LABEL	lokale Himmels-, Wahl- oder Adressmarke als Ganzes kopieren	F69_LEFT_WHEEL_NS	WHOLE_LOCAL_LABEL__NO_WORD_DECOMPOSITION	OPTIONAL_CONDITION_OR_ADDRESS_LABEL	COPY_COMPLETE_LOCAL_LABEL	NO	NONE	NONE
ASTRO:A3:G030	ASTRO_OPTIONAL_LABEL	f69v	f69v.1	C1|C2|C5|C6	chol	A3:G030	NOT_APPLICABLE_TO_ASTRO_LOCAL_LABEL	lokale Himmels-, Wahl- oder Adressmarke als Ganzes kopieren	F69_LEFT_WHEEL_NS	WHOLE_LOCAL_LABEL__NO_WORD_DECOMPOSITION	OPTIONAL_CONDITION_OR_ADDRESS_LABEL	COPY_COMPLETE_LOCAL_LABEL	NO	NONE	NONE
ASTRO:A3:G031	ASTRO_OPTIONAL_LABEL	f69v	f69v.1	C1|C2|C5|C6	chees	A3:G031	NOT_APPLICABLE_TO_ASTRO_LOCAL_LABEL	lokale Himmels-, Wahl- oder Adressmarke als Ganzes kopieren	F69_LEFT_WHEEL_NS	WHOLE_LOCAL_LABEL__NO_WORD_DECOMPOSITION	OPTIONAL_CONDITION_OR_ADDRESS_LABEL	COPY_COMPLETE_LOCAL_LABEL	NO	NONE	NONE
ASTRO:A3:G032	ASTRO_OPTIONAL_LABEL	f69v	f69v.1	C1|C2|C5|C6	yto	A3:G032	NOT_APPLICABLE_TO_ASTRO_LOCAL_LABEL	lokale Himmels-, Wahl- oder Adressmarke als Ganzes kopieren	F69_LEFT_WHEEL_NS	WHOLE_LOCAL_LABEL__NO_WORD_DECOMPOSITION	OPTIONAL_CONDITION_OR_ADDRESS_LABEL	COPY_COMPLETE_LOCAL_LABEL	NO	NONE	NONE
ASTRO:A3:G033	ASTRO_OPTIONAL_LABEL	f69v	f69v.1	C1|C2|C5|C6	odair	A3:G033	NOT_APPLICABLE_TO_ASTRO_LOCAL_LABEL	lokale Himmels-, Wahl- oder Adressmarke als Ganzes kopieren	F69_LEFT_WHEEL_NS	WHOLE_LOCAL_LABEL__NO_WORD_DECOMPOSITION	OPTIONAL_CONDITION_OR_ADDRESS_LABEL	COPY_COMPLETE_LOCAL_LABEL	NO	NONE	NONE
ASTRO:A3:G034	ASTRO_OPTIONAL_LABEL	f69v	f69v.1	C1|C2|C5|C6	oty	A3:G034	NOT_APPLICABLE_TO_ASTRO_LOCAL_LABEL	lokale Himmels-, Wahl- oder Adressmarke als Ganzes kopieren	F69_LEFT_WHEEL_NS	WHOLE_LOCAL_LABEL__NO_WORD_DECOMPOSITION	OPTIONAL_CONDITION_OR_ADDRESS_LABEL	COPY_COMPLETE_LOCAL_LABEL	NO	NONE	NONE
ASTRO:A3:G035	ASTRO_OPTIONAL_LABEL	f69v	f69v.1	C1|C2|C5|C6	oteeo	A3:G035	NOT_APPLICABLE_TO_ASTRO_LOCAL_LABEL	lokale Himmels-, Wahl- oder Adressmarke als Ganzes kopieren	F69_LEFT_WHEEL_NS	WHOLE_LOCAL_LABEL__NO_WORD_DECOMPOSITION	OPTIONAL_CONDITION_OR_ADDRESS_LABEL	COPY_COMPLETE_LOCAL_LABEL	NO	NONE	NONE
ASTRO:A3:G036	ASTRO_OPTIONAL_LABEL	f69v	f69v.1	C1|C2|C5|C6	dar	A3:G036	NOT_APPLICABLE_TO_ASTRO_LOCAL_LABEL	lokale Himmels-, Wahl- oder Adressmarke als Ganzes kopieren	F69_LEFT_WHEEL_NS	WHOLE_LOCAL_LABEL__NO_WORD_DECOMPOSITION	OPTIONAL_CONDITION_OR_ADDRESS_LABEL	COPY_COMPLETE_LOCAL_LABEL	NO	NONE	NONE
ASTRO:A3:G037	ASTRO_OPTIONAL_LABEL	f69v	f69v.1	C1|C2|C5|C6	o	A3:G037	NOT_APPLICABLE_TO_ASTRO_LOCAL_LABEL	lokale Himmels-, Wahl- oder Adressmarke als Ganzes kopieren	F69_LEFT_WHEEL_NS	WHOLE_LOCAL_LABEL__NO_WORD_DECOMPOSITION	OPTIONAL_CONDITION_OR_ADDRESS_LABEL	COPY_COMPLETE_LOCAL_LABEL	NO	NONE	NONE
ASTRO:A3:G038	ASTRO_OPTIONAL_LABEL	f69v	f69v.1	C1|C2|C5|C6	eykeody	A3:G038	NOT_APPLICABLE_TO_ASTRO_LOCAL_LABEL	lokale Himmels-, Wahl- oder Adressmarke als Ganzes kopieren	F69_LEFT_WHEEL_NS	WHOLE_LOCAL_LABEL__NO_WORD_DECOMPOSITION	OPTIONAL_CONDITION_OR_ADDRESS_LABEL	COPY_COMPLETE_LOCAL_LABEL	NO	NONE	NONE
ASTRO:A3:G039	ASTRO_OPTIONAL_LABEL	f69v	f69v.1	C1|C2|C5|C6	dchor	A3:G039	NOT_APPLICABLE_TO_ASTRO_LOCAL_LABEL	lokale Himmels-, Wahl- oder Adressmarke als Ganzes kopieren	F69_LEFT_WHEEL_NS	WHOLE_LOCAL_LABEL__NO_WORD_DECOMPOSITION	OPTIONAL_CONDITION_OR_ADDRESS_LABEL	COPY_COMPLETE_LOCAL_LABEL	NO	NONE	NONE
ASTRO:A3:G040	ASTRO_OPTIONAL_LABEL	f69v	f69v.1	C1|C2|C5|C6	char	A3:G040	NOT_APPLICABLE_TO_ASTRO_LOCAL_LABEL	lokale Himmels-, Wahl- oder Adressmarke als Ganzes kopieren	F69_LEFT_WHEEL_NS	WHOLE_LOCAL_LABEL__NO_WORD_DECOMPOSITION	OPTIONAL_CONDITION_OR_ADDRESS_LABEL	COPY_COMPLETE_LOCAL_LABEL	NO	NONE	NONE
ASTRO:A3:G041	ASTRO_OPTIONAL_LABEL	f69v	f69v.2	C1|C3|C6	yka	A3:G041	NOT_APPLICABLE_TO_ASTRO_LOCAL_LABEL	lokale Himmels-, Wahl- oder Adressmarke als Ganzes kopieren	F69_MIDDLE_WHEEL_NS	WHOLE_LOCAL_LABEL__NO_WORD_DECOMPOSITION	OPTIONAL_CONDITION_OR_ADDRESS_LABEL	COPY_COMPLETE_LOCAL_LABEL	NO	NONE	NONE
ASTRO:A3:G042	ASTRO_OPTIONAL_LABEL	f69v	f69v.2	C1|C3|C6	chol	A3:G042	NOT_APPLICABLE_TO_ASTRO_LOCAL_LABEL	lokale Himmels-, Wahl- oder Adressmarke als Ganzes kopieren	F69_MIDDLE_WHEEL_NS	WHOLE_LOCAL_LABEL__NO_WORD_DECOMPOSITION	OPTIONAL_CONDITION_OR_ADDRESS_LABEL	COPY_COMPLETE_LOCAL_LABEL	NO	NONE	NONE
ASTRO:A3:G043	ASTRO_OPTIONAL_LABEL	f69v	f69v.2	C1|C3|C6	ykar	A3:G043	NOT_APPLICABLE_TO_ASTRO_LOCAL_LABEL	lokale Himmels-, Wahl- oder Adressmarke als Ganzes kopieren	F69_MIDDLE_WHEEL_NS	WHOLE_LOCAL_LABEL__NO_WORD_DECOMPOSITION	OPTIONAL_CONDITION_OR_ADDRESS_LABEL	COPY_COMPLETE_LOCAL_LABEL	NO	NONE	NONE
ASTRO:A3:G044	ASTRO_OPTIONAL_LABEL	f69v	f69v.2	C1|C3|C6	dal	A3:G044	NOT_APPLICABLE_TO_ASTRO_LOCAL_LABEL	lokale Himmels-, Wahl- oder Adressmarke als Ganzes kopieren	F69_MIDDLE_WHEEL_NS	WHOLE_LOCAL_LABEL__NO_WORD_DECOMPOSITION	OPTIONAL_CONDITION_OR_ADDRESS_LABEL	COPY_COMPLETE_LOCAL_LABEL	NO	NONE	NONE
ASTRO:A3:G045	ASTRO_OPTIONAL_LABEL	f69v	f69v.2	C1|C3|C6	ykady	A3:G045	NOT_APPLICABLE_TO_ASTRO_LOCAL_LABEL	lokale Himmels-, Wahl- oder Adressmarke als Ganzes kopieren	F69_MIDDLE_WHEEL_NS	WHOLE_LOCAL_LABEL__NO_WORD_DECOMPOSITION	OPTIONAL_CONDITION_OR_ADDRESS_LABEL	COPY_COMPLETE_LOCAL_LABEL	NO	NONE	NONE
ASTRO:A3:G046	ASTRO_OPTIONAL_LABEL	f69v	f69v.2	C1|C3|C6	iokeeor	A3:G046	NOT_APPLICABLE_TO_ASTRO_LOCAL_LABEL	lokale Himmels-, Wahl- oder Adressmarke als Ganzes kopieren	F69_MIDDLE_WHEEL_NS	WHOLE_LOCAL_LABEL__NO_WORD_DECOMPOSITION	OPTIONAL_CONDITION_OR_ADDRESS_LABEL	COPY_COMPLETE_LOCAL_LABEL	NO	NONE	NONE
ASTRO:A3:G047	ASTRO_OPTIONAL_LABEL	f69v	f69v.2	C1|C3|C6	cheey	A3:G047	NOT_APPLICABLE_TO_ASTRO_LOCAL_LABEL	lokale Himmels-, Wahl- oder Adressmarke als Ganzes kopieren	F69_MIDDLE_WHEEL_NS	WHOLE_LOCAL_LABEL__NO_WORD_DECOMPOSITION	OPTIONAL_CONDITION_OR_ADDRESS_LABEL	COPY_COMPLETE_LOCAL_LABEL	NO	NONE	NONE
ASTRO:A3:G048	ASTRO_OPTIONAL_LABEL	f69v	f69v.2	C1|C3|C6	choly	A3:G048	NOT_APPLICABLE_TO_ASTRO_LOCAL_LABEL	lokale Himmels-, Wahl- oder Adressmarke als Ganzes kopieren	F69_MIDDLE_WHEEL_NS	WHOLE_LOCAL_LABEL__NO_WORD_DECOMPOSITION	OPTIONAL_CONDITION_OR_ADDRESS_LABEL	COPY_COMPLETE_LOCAL_LABEL	NO	NONE	NONE
ASTRO:A3:G049	ASTRO_OPTIONAL_LABEL	f69v	f69v.2	C1|C3|C6	ykeeal	A3:G049	NOT_APPLICABLE_TO_ASTRO_LOCAL_LABEL	lokale Himmels-, Wahl- oder Adressmarke als Ganzes kopieren	F69_MIDDLE_WHEEL_NS	WHOLE_LOCAL_LABEL__NO_WORD_DECOMPOSITION	OPTIONAL_CONDITION_OR_ADDRESS_LABEL	COPY_COMPLETE_LOCAL_LABEL	NO	NONE	NONE
ASTRO:A3:G050	ASTRO_OPTIONAL_LABEL	f69v	f69v.2	C1|C3|C6	cheo	A3:G050	NOT_APPLICABLE_TO_ASTRO_LOCAL_LABEL	lokale Himmels-, Wahl- oder Adressmarke als Ganzes kopieren	F69_MIDDLE_WHEEL_NS	WHOLE_LOCAL_LABEL__NO_WORD_DECOMPOSITION	OPTIONAL_CONDITION_OR_ADDRESS_LABEL	COPY_COMPLETE_LOCAL_LABEL	NO	NONE	NONE
ASTRO:A3:G051	ASTRO_OPTIONAL_LABEL	f69v	f69v.2	C1|C3|C6	oaram	A3:G051	NOT_APPLICABLE_TO_ASTRO_LOCAL_LABEL	lokale Himmels-, Wahl- oder Adressmarke als Ganzes kopieren	F69_MIDDLE_WHEEL_NS	WHOLE_LOCAL_LABEL__NO_WORD_DECOMPOSITION	OPTIONAL_CONDITION_OR_ADDRESS_LABEL	COPY_COMPLETE_LOCAL_LABEL	NO	NONE	NONE
ASTRO:A3:G052	ASTRO_OPTIONAL_LABEL	f69v	f69v.2	C1|C3|C6	ockhy	A3:G052	NOT_APPLICABLE_TO_ASTRO_LOCAL_LABEL	lokale Himmels-, Wahl- oder Adressmarke als Ganzes kopieren	F69_MIDDLE_WHEEL_NS	WHOLE_LOCAL_LABEL__NO_WORD_DECOMPOSITION	OPTIONAL_CONDITION_OR_ADDRESS_LABEL	COPY_COMPLETE_LOCAL_LABEL	NO	NONE	NONE
ASTRO:A3:G053	ASTRO_OPTIONAL_LABEL	f69v	f69v.2	C1|C3|C6	sheey	A3:G053	NOT_APPLICABLE_TO_ASTRO_LOCAL_LABEL	lokale Himmels-, Wahl- oder Adressmarke als Ganzes kopieren	F69_MIDDLE_WHEEL_NS	WHOLE_LOCAL_LABEL__NO_WORD_DECOMPOSITION	OPTIONAL_CONDITION_OR_ADDRESS_LABEL	COPY_COMPLETE_LOCAL_LABEL	NO	NONE	NONE
ASTRO:A3:G054	ASTRO_OPTIONAL_LABEL	f69v	f69v.2	C1|C3|C6	aiin	A3:G054	NOT_APPLICABLE_TO_ASTRO_LOCAL_LABEL	lokale Himmels-, Wahl- oder Adressmarke als Ganzes kopieren	F69_MIDDLE_WHEEL_NS	WHOLE_LOCAL_LABEL__NO_WORD_DECOMPOSITION	OPTIONAL_CONDITION_OR_ADDRESS_LABEL	COPY_COMPLETE_LOCAL_LABEL	NO	NONE	NONE
ASTRO:A3:G055	ASTRO_OPTIONAL_LABEL	f69v	f69v.2	C1|C3|C6	y	A3:G055	NOT_APPLICABLE_TO_ASTRO_LOCAL_LABEL	lokale Himmels-, Wahl- oder Adressmarke als Ganzes kopieren	F69_MIDDLE_WHEEL_NS	WHOLE_LOCAL_LABEL__NO_WORD_DECOMPOSITION	OPTIONAL_CONDITION_OR_ADDRESS_LABEL	COPY_COMPLETE_LOCAL_LABEL	NO	NONE	NONE
ASTRO:A3:G056	ASTRO_OPTIONAL_LABEL	f69v	f69v.2	C1|C3|C6	daiial	A3:G056	NOT_APPLICABLE_TO_ASTRO_LOCAL_LABEL	lokale Himmels-, Wahl- oder Adressmarke als Ganzes kopieren	F69_MIDDLE_WHEEL_NS	WHOLE_LOCAL_LABEL__NO_WORD_DECOMPOSITION	OPTIONAL_CONDITION_OR_ADDRESS_LABEL	COPY_COMPLETE_LOCAL_LABEL	NO	NONE	NONE
ASTRO:A3:G057	ASTRO_OPTIONAL_LABEL	f69v	f69v.2	C1|C3|C6	cheody	A3:G057	NOT_APPLICABLE_TO_ASTRO_LOCAL_LABEL	lokale Himmels-, Wahl- oder Adressmarke als Ganzes kopieren	F69_MIDDLE_WHEEL_NS	WHOLE_LOCAL_LABEL__NO_WORD_DECOMPOSITION	OPTIONAL_CONDITION_OR_ADDRESS_LABEL	COPY_COMPLETE_LOCAL_LABEL	NO	NONE	NONE
ASTRO:A3:G058	ASTRO_OPTIONAL_LABEL	f69v	f69v.2	C1|C3|C6	cheal	A3:G058	NOT_APPLICABLE_TO_ASTRO_LOCAL_LABEL	lokale Himmels-, Wahl- oder Adressmarke als Ganzes kopieren	F69_MIDDLE_WHEEL_NS	WHOLE_LOCAL_LABEL__NO_WORD_DECOMPOSITION	OPTIONAL_CONDITION_OR_ADDRESS_LABEL	COPY_COMPLETE_LOCAL_LABEL	NO	NONE	NONE
ASTRO:A3:G059	ASTRO_OPTIONAL_LABEL	f69v	f69v.2	C1|C3|C6	yetey	A3:G059	NOT_APPLICABLE_TO_ASTRO_LOCAL_LABEL	lokale Himmels-, Wahl- oder Adressmarke als Ganzes kopieren	F69_MIDDLE_WHEEL_NS	WHOLE_LOCAL_LABEL__NO_WORD_DECOMPOSITION	OPTIONAL_CONDITION_OR_ADDRESS_LABEL	COPY_COMPLETE_LOCAL_LABEL	NO	NONE	NONE
ASTRO:A3:G060	ASTRO_OPTIONAL_LABEL	f69v	f69v.2	C1|C3|C6	chear	A3:G060	NOT_APPLICABLE_TO_ASTRO_LOCAL_LABEL	lokale Himmels-, Wahl- oder Adressmarke als Ganzes kopieren	F69_MIDDLE_WHEEL_NS	WHOLE_LOCAL_LABEL__NO_WORD_DECOMPOSITION	OPTIONAL_CONDITION_OR_ADDRESS_LABEL	COPY_COMPLETE_LOCAL_LABEL	NO	NONE	NONE
ASTRO:A3:G061	ASTRO_OPTIONAL_LABEL	f69v	f69v.2	C1|C3|C6	y	A3:G061	NOT_APPLICABLE_TO_ASTRO_LOCAL_LABEL	lokale Himmels-, Wahl- oder Adressmarke als Ganzes kopieren	F69_MIDDLE_WHEEL_NS	WHOLE_LOCAL_LABEL__NO_WORD_DECOMPOSITION	OPTIONAL_CONDITION_OR_ADDRESS_LABEL	COPY_COMPLETE_LOCAL_LABEL	NO	NONE	NONE
ASTRO:A3:G062	ASTRO_OPTIONAL_LABEL	f69v	f69v.2	C1|C3|C6	dy	A3:G062	NOT_APPLICABLE_TO_ASTRO_LOCAL_LABEL	lokale Himmels-, Wahl- oder Adressmarke als Ganzes kopieren	F69_MIDDLE_WHEEL_NS	WHOLE_LOCAL_LABEL__NO_WORD_DECOMPOSITION	OPTIONAL_CONDITION_OR_ADDRESS_LABEL	COPY_COMPLETE_LOCAL_LABEL	NO	NONE	NONE
ASTRO:A3:G063	ASTRO_OPTIONAL_LABEL	f69v	f69v.2	C1|C3|C6	ykey	A3:G063	NOT_APPLICABLE_TO_ASTRO_LOCAL_LABEL	lokale Himmels-, Wahl- oder Adressmarke als Ganzes kopieren	F69_MIDDLE_WHEEL_NS	WHOLE_LOCAL_LABEL__NO_WORD_DECOMPOSITION	OPTIONAL_CONDITION_OR_ADDRESS_LABEL	COPY_COMPLETE_LOCAL_LABEL	NO	NONE	NONE
ASTRO:A3:G064	ASTRO_OPTIONAL_LABEL	f69v	f69v.2	C1|C3|C6	ch	A3:G064	NOT_APPLICABLE_TO_ASTRO_LOCAL_LABEL	lokale Himmels-, Wahl- oder Adressmarke als Ganzes kopieren	F69_MIDDLE_WHEEL_NS	WHOLE_LOCAL_LABEL__NO_WORD_DECOMPOSITION	OPTIONAL_CONDITION_OR_ADDRESS_LABEL	COPY_COMPLETE_LOCAL_LABEL	NO	NONE	NONE
ASTRO:A3:G065	ASTRO_OPTIONAL_LABEL	f69v	f69v.2	C1|C3|C6	y	A3:G065	NOT_APPLICABLE_TO_ASTRO_LOCAL_LABEL	lokale Himmels-, Wahl- oder Adressmarke als Ganzes kopieren	F69_MIDDLE_WHEEL_NS	WHOLE_LOCAL_LABEL__NO_WORD_DECOMPOSITION	OPTIONAL_CONDITION_OR_ADDRESS_LABEL	COPY_COMPLETE_LOCAL_LABEL	NO	NONE	NONE
ASTRO:A3:G066	ASTRO_OPTIONAL_LABEL	f69v	f69v.2	C1|C3|C6	dy	A3:G066	NOT_APPLICABLE_TO_ASTRO_LOCAL_LABEL	lokale Himmels-, Wahl- oder Adressmarke als Ganzes kopieren	F69_MIDDLE_WHEEL_NS	WHOLE_LOCAL_LABEL__NO_WORD_DECOMPOSITION	OPTIONAL_CONDITION_OR_ADDRESS_LABEL	COPY_COMPLETE_LOCAL_LABEL	NO	NONE	NONE
ASTRO:A3:G067	ASTRO_OPTIONAL_LABEL	f69v	f69v.2	C1|C3|C6	chol	A3:G067	NOT_APPLICABLE_TO_ASTRO_LOCAL_LABEL	lokale Himmels-, Wahl- oder Adressmarke als Ganzes kopieren	F69_MIDDLE_WHEEL_NS	WHOLE_LOCAL_LABEL__NO_WORD_DECOMPOSITION	OPTIONAL_CONDITION_OR_ADDRESS_LABEL	COPY_COMPLETE_LOCAL_LABEL	NO	NONE	NONE
ASTRO:A3:G068	ASTRO_OPTIONAL_LABEL	f69v	f69v.2	C1|C3|C6	ykar	A3:G068	NOT_APPLICABLE_TO_ASTRO_LOCAL_LABEL	lokale Himmels-, Wahl- oder Adressmarke als Ganzes kopieren	F69_MIDDLE_WHEEL_NS	WHOLE_LOCAL_LABEL__NO_WORD_DECOMPOSITION	OPTIONAL_CONDITION_OR_ADDRESS_LABEL	COPY_COMPLETE_LOCAL_LABEL	NO	NONE	NONE
ASTRO:A3:G069	ASTRO_OPTIONAL_LABEL	f69v	f69v.2	C1|C3|C6	ol	A3:G069	NOT_APPLICABLE_TO_ASTRO_LOCAL_LABEL	lokale Himmels-, Wahl- oder Adressmarke als Ganzes kopieren	F69_MIDDLE_WHEEL_NS	WHOLE_LOCAL_LABEL__NO_WORD_DECOMPOSITION	OPTIONAL_CONDITION_OR_ADDRESS_LABEL	COPY_COMPLETE_LOCAL_LABEL	NO	NONE	NONE
ASTRO:A3:G070	ASTRO_OPTIONAL_LABEL	f69v	f69v.2	C1|C3|C6	y	A3:G070	NOT_APPLICABLE_TO_ASTRO_LOCAL_LABEL	lokale Himmels-, Wahl- oder Adressmarke als Ganzes kopieren	F69_MIDDLE_WHEEL_NS	WHOLE_LOCAL_LABEL__NO_WORD_DECOMPOSITION	OPTIONAL_CONDITION_OR_ADDRESS_LABEL	COPY_COMPLETE_LOCAL_LABEL	NO	NONE	NONE
ASTRO:A3:G071	ASTRO_OPTIONAL_LABEL	f69v	f69v.2	C1|C3|C6	ykeeody	A3:G071	NOT_APPLICABLE_TO_ASTRO_LOCAL_LABEL	lokale Himmels-, Wahl- oder Adressmarke als Ganzes kopieren	F69_MIDDLE_WHEEL_NS	WHOLE_LOCAL_LABEL__NO_WORD_DECOMPOSITION	OPTIONAL_CONDITION_OR_ADDRESS_LABEL	COPY_COMPLETE_LOCAL_LABEL	NO	NONE	NONE
ASTRO:A3:G072	ASTRO_OPTIONAL_LABEL	f69v	f69v.2	C1|C3|C6	chey	A3:G072	NOT_APPLICABLE_TO_ASTRO_LOCAL_LABEL	lokale Himmels-, Wahl- oder Adressmarke als Ganzes kopieren	F69_MIDDLE_WHEEL_NS	WHOLE_LOCAL_LABEL__NO_WORD_DECOMPOSITION	OPTIONAL_CONDITION_OR_ADDRESS_LABEL	COPY_COMPLETE_LOCAL_LABEL	NO	NONE	NONE
ASTRO:A3:G073	ASTRO_OPTIONAL_LABEL	f69v	f69v.2	C1|C3|C6	dal	A3:G073	NOT_APPLICABLE_TO_ASTRO_LOCAL_LABEL	lokale Himmels-, Wahl- oder Adressmarke als Ganzes kopieren	F69_MIDDLE_WHEEL_NS	WHOLE_LOCAL_LABEL__NO_WORD_DECOMPOSITION	OPTIONAL_CONDITION_OR_ADDRESS_LABEL	COPY_COMPLETE_LOCAL_LABEL	NO	NONE	NONE
ASTRO:A3:G074	ASTRO_OPTIONAL_LABEL	f69v	f69v.2	C1|C3|C6	ody	A3:G074	NOT_APPLICABLE_TO_ASTRO_LOCAL_LABEL	lokale Himmels-, Wahl- oder Adressmarke als Ganzes kopieren	F69_MIDDLE_WHEEL_NS	WHOLE_LOCAL_LABEL__NO_WORD_DECOMPOSITION	OPTIONAL_CONDITION_OR_ADDRESS_LABEL	COPY_COMPLETE_LOCAL_LABEL	NO	NONE	NONE
ASTRO:A3:G075	ASTRO_OPTIONAL_LABEL	f69v	f69v.2	C1|C3|C6	airchy	A3:G075	NOT_APPLICABLE_TO_ASTRO_LOCAL_LABEL	lokale Himmels-, Wahl- oder Adressmarke als Ganzes kopieren	F69_MIDDLE_WHEEL_NS	WHOLE_LOCAL_LABEL__NO_WORD_DECOMPOSITION	OPTIONAL_CONDITION_OR_ADDRESS_LABEL	COPY_COMPLETE_LOCAL_LABEL	NO	NONE	NONE
ASTRO:A3:G076	ASTRO_OPTIONAL_LABEL	f69v	f69v.2	C1|C3|C6	choky	A3:G076	NOT_APPLICABLE_TO_ASTRO_LOCAL_LABEL	lokale Himmels-, Wahl- oder Adressmarke als Ganzes kopieren	F69_MIDDLE_WHEEL_NS	WHOLE_LOCAL_LABEL__NO_WORD_DECOMPOSITION	OPTIONAL_CONDITION_OR_ADDRESS_LABEL	COPY_COMPLETE_LOCAL_LABEL	NO	NONE	NONE
ASTRO:A3:G077	ASTRO_OPTIONAL_LABEL	f69v	f69v.2	C1|C3|C6	ychey	A3:G077	NOT_APPLICABLE_TO_ASTRO_LOCAL_LABEL	lokale Himmels-, Wahl- oder Adressmarke als Ganzes kopieren	F69_MIDDLE_WHEEL_NS	WHOLE_LOCAL_LABEL__NO_WORD_DECOMPOSITION	OPTIONAL_CONDITION_OR_ADDRESS_LABEL	COPY_COMPLETE_LOCAL_LABEL	NO	NONE	NONE
ASTRO:A3:G078	ASTRO_OPTIONAL_LABEL	f69v	f69v.2	C1|C3|C6	chey	A3:G078	NOT_APPLICABLE_TO_ASTRO_LOCAL_LABEL	lokale Himmels-, Wahl- oder Adressmarke als Ganzes kopieren	F69_MIDDLE_WHEEL_NS	WHOLE_LOCAL_LABEL__NO_WORD_DECOMPOSITION	OPTIONAL_CONDITION_OR_ADDRESS_LABEL	COPY_COMPLETE_LOCAL_LABEL	NO	NONE	NONE
ASTRO:A3:G079	ASTRO_OPTIONAL_LABEL	f69v	f69v.3	C4	doair	A3:G079	NOT_APPLICABLE_TO_ASTRO_LOCAL_LABEL	lokale Himmels-, Wahl- oder Adressmarke als Ganzes kopieren	F69_RIGHT_WHEEL_NS	WHOLE_LOCAL_LABEL__NO_WORD_DECOMPOSITION	OPTIONAL_CONDITION_OR_ADDRESS_LABEL	COPY_COMPLETE_LOCAL_LABEL	NO	NONE	NONE
ASTRO:A3:G080	ASTRO_OPTIONAL_LABEL	f69v	f69v.3	C4	otaldal	A3:G080	NOT_APPLICABLE_TO_ASTRO_LOCAL_LABEL	lokale Himmels-, Wahl- oder Adressmarke als Ganzes kopieren	F69_RIGHT_WHEEL_NS	WHOLE_LOCAL_LABEL__NO_WORD_DECOMPOSITION	OPTIONAL_CONDITION_OR_ADDRESS_LABEL	COPY_COMPLETE_LOCAL_LABEL	NO	NONE	NONE
ASTRO:A3:G081	ASTRO_OPTIONAL_LABEL	f69v	f69v.3	C4	dair	A3:G081	NOT_APPLICABLE_TO_ASTRO_LOCAL_LABEL	lokale Himmels-, Wahl- oder Adressmarke als Ganzes kopieren	F69_RIGHT_WHEEL_NS	WHOLE_LOCAL_LABEL__NO_WORD_DECOMPOSITION	OPTIONAL_CONDITION_OR_ADDRESS_LABEL	COPY_COMPLETE_LOCAL_LABEL	NO	NONE	NONE
ASTRO:A3:G082	ASTRO_OPTIONAL_LABEL	f69v	f69v.3	C4	chdy	A3:G082	NOT_APPLICABLE_TO_ASTRO_LOCAL_LABEL	lokale Himmels-, Wahl- oder Adressmarke als Ganzes kopieren	F69_RIGHT_WHEEL_NS	WHOLE_LOCAL_LABEL__NO_WORD_DECOMPOSITION	OPTIONAL_CONDITION_OR_ADDRESS_LABEL	COPY_COMPLETE_LOCAL_LABEL	NO	NONE	NONE
ASTRO:A3:G083	ASTRO_OPTIONAL_LABEL	f69v	f69v.3	C4	otoar	A3:G083	NOT_APPLICABLE_TO_ASTRO_LOCAL_LABEL	lokale Himmels-, Wahl- oder Adressmarke als Ganzes kopieren	F69_RIGHT_WHEEL_NS	WHOLE_LOCAL_LABEL__NO_WORD_DECOMPOSITION	OPTIONAL_CONDITION_OR_ADDRESS_LABEL	COPY_COMPLETE_LOCAL_LABEL	NO	NONE	NONE
ASTRO:A3:G084	ASTRO_OPTIONAL_LABEL	f69v	f69v.3	C4	ar	A3:G084	NOT_APPLICABLE_TO_ASTRO_LOCAL_LABEL	lokale Himmels-, Wahl- oder Adressmarke als Ganzes kopieren	F69_RIGHT_WHEEL_NS	WHOLE_LOCAL_LABEL__NO_WORD_DECOMPOSITION	OPTIONAL_CONDITION_OR_ADDRESS_LABEL	COPY_COMPLETE_LOCAL_LABEL	NO	NONE	NONE
ASTRO:A3:G085	ASTRO_OPTIONAL_LABEL	f69v	f69v.3	C4	chy	A3:G085	NOT_APPLICABLE_TO_ASTRO_LOCAL_LABEL	lokale Himmels-, Wahl- oder Adressmarke als Ganzes kopieren	F69_RIGHT_WHEEL_NS	WHOLE_LOCAL_LABEL__NO_WORD_DECOMPOSITION	OPTIONAL_CONDITION_OR_ADDRESS_LABEL	COPY_COMPLETE_LOCAL_LABEL	NO	NONE	NONE
ASTRO:A3:G086	ASTRO_OPTIONAL_LABEL	f69v	f69v.3	C4	qoteor	A3:G086	NOT_APPLICABLE_TO_ASTRO_LOCAL_LABEL	lokale Himmels-, Wahl- oder Adressmarke als Ganzes kopieren	F69_RIGHT_WHEEL_NS	WHOLE_LOCAL_LABEL__NO_WORD_DECOMPOSITION	OPTIONAL_CONDITION_OR_ADDRESS_LABEL	COPY_COMPLETE_LOCAL_LABEL	NO	NONE	NONE
ASTRO:A3:G087	ASTRO_OPTIONAL_LABEL	f69v	f69v.3	C4	cho	A3:G087	NOT_APPLICABLE_TO_ASTRO_LOCAL_LABEL	lokale Himmels-, Wahl- oder Adressmarke als Ganzes kopieren	F69_RIGHT_WHEEL_NS	WHOLE_LOCAL_LABEL__NO_WORD_DECOMPOSITION	OPTIONAL_CONDITION_OR_ADDRESS_LABEL	COPY_COMPLETE_LOCAL_LABEL	NO	NONE	NONE
ASTRO:A3:G088	ASTRO_OPTIONAL_LABEL	f69v	f69v.3	C4	qotair	A3:G088	NOT_APPLICABLE_TO_ASTRO_LOCAL_LABEL	lokale Himmels-, Wahl- oder Adressmarke als Ganzes kopieren	F69_RIGHT_WHEEL_NS	WHOLE_LOCAL_LABEL__NO_WORD_DECOMPOSITION	OPTIONAL_CONDITION_OR_ADDRESS_LABEL	COPY_COMPLETE_LOCAL_LABEL	NO	NONE	NONE
ASTRO:A3:G089	ASTRO_OPTIONAL_LABEL	f69v	f69v.3	C4	chda	A3:G089	NOT_APPLICABLE_TO_ASTRO_LOCAL_LABEL	lokale Himmels-, Wahl- oder Adressmarke als Ganzes kopieren	F69_RIGHT_WHEEL_NS	WHOLE_LOCAL_LABEL__NO_WORD_DECOMPOSITION	OPTIONAL_CONDITION_OR_ADDRESS_LABEL	COPY_COMPLETE_LOCAL_LABEL	NO	NONE	NONE
ASTRO:A3:G090	ASTRO_OPTIONAL_LABEL	f69v	f69v.3	C4	oteeal	A3:G090	NOT_APPLICABLE_TO_ASTRO_LOCAL_LABEL	lokale Himmels-, Wahl- oder Adressmarke als Ganzes kopieren	F69_RIGHT_WHEEL_NS	WHOLE_LOCAL_LABEL__NO_WORD_DECOMPOSITION	OPTIONAL_CONDITION_OR_ADDRESS_LABEL	COPY_COMPLETE_LOCAL_LABEL	NO	NONE	NONE
ASTRO:A3:G091	ASTRO_OPTIONAL_LABEL	f69v	f69v.3	C4	cheor	A3:G091	NOT_APPLICABLE_TO_ASTRO_LOCAL_LABEL	lokale Himmels-, Wahl- oder Adressmarke als Ganzes kopieren	F69_RIGHT_WHEEL_NS	WHOLE_LOCAL_LABEL__NO_WORD_DECOMPOSITION	OPTIONAL_CONDITION_OR_ADDRESS_LABEL	COPY_COMPLETE_LOCAL_LABEL	NO	NONE	NONE
ASTRO:A3:G092	ASTRO_OPTIONAL_LABEL	f69v	f69v.3	C4	ar	A3:G092	NOT_APPLICABLE_TO_ASTRO_LOCAL_LABEL	lokale Himmels-, Wahl- oder Adressmarke als Ganzes kopieren	F69_RIGHT_WHEEL_NS	WHOLE_LOCAL_LABEL__NO_WORD_DECOMPOSITION	OPTIONAL_CONDITION_OR_ADDRESS_LABEL	COPY_COMPLETE_LOCAL_LABEL	NO	NONE	NONE
ASTRO:A3:G093	ASTRO_OPTIONAL_LABEL	f69v	f69v.3	C4	air	A3:G093	NOT_APPLICABLE_TO_ASTRO_LOCAL_LABEL	lokale Himmels-, Wahl- oder Adressmarke als Ganzes kopieren	F69_RIGHT_WHEEL_NS	WHOLE_LOCAL_LABEL__NO_WORD_DECOMPOSITION	OPTIONAL_CONDITION_OR_ADDRESS_LABEL	COPY_COMPLETE_LOCAL_LABEL	NO	NONE	NONE
ASTRO:A3:G094	ASTRO_OPTIONAL_LABEL	f69v	f69v.3	C4	oteody	A3:G094	NOT_APPLICABLE_TO_ASTRO_LOCAL_LABEL	lokale Himmels-, Wahl- oder Adressmarke als Ganzes kopieren	F69_RIGHT_WHEEL_NS	WHOLE_LOCAL_LABEL__NO_WORD_DECOMPOSITION	OPTIONAL_CONDITION_OR_ADDRESS_LABEL	COPY_COMPLETE_LOCAL_LABEL	NO	NONE	NONE
ASTRO:A3:G095	ASTRO_OPTIONAL_LABEL	f69v	f69v.3	C4	ytyd	A3:G095	NOT_APPLICABLE_TO_ASTRO_LOCAL_LABEL	lokale Himmels-, Wahl- oder Adressmarke als Ganzes kopieren	F69_RIGHT_WHEEL_NS	WHOLE_LOCAL_LABEL__NO_WORD_DECOMPOSITION	OPTIONAL_CONDITION_OR_ADDRESS_LABEL	COPY_COMPLETE_LOCAL_LABEL	NO	NONE	NONE
ASTRO:A3:G096	ASTRO_OPTIONAL_LABEL	f69v	f69v.3	C4	a	A3:G096	NOT_APPLICABLE_TO_ASTRO_LOCAL_LABEL	lokale Himmels-, Wahl- oder Adressmarke als Ganzes kopieren	F69_RIGHT_WHEEL_NS	WHOLE_LOCAL_LABEL__NO_WORD_DECOMPOSITION	OPTIONAL_CONDITION_OR_ADDRESS_LABEL	COPY_COMPLETE_LOCAL_LABEL	NO	NONE	NONE
ASTRO:A3:G097	ASTRO_OPTIONAL_LABEL	f69v	f69v.3	C4	dchy	A3:G097	NOT_APPLICABLE_TO_ASTRO_LOCAL_LABEL	lokale Himmels-, Wahl- oder Adressmarke als Ganzes kopieren	F69_RIGHT_WHEEL_NS	WHOLE_LOCAL_LABEL__NO_WORD_DECOMPOSITION	OPTIONAL_CONDITION_OR_ADDRESS_LABEL	COPY_COMPLETE_LOCAL_LABEL	NO	NONE	NONE
ASTRO:A3:G098	ASTRO_OPTIONAL_LABEL	f69v	f69v.3	C4	otoly	A3:G098	NOT_APPLICABLE_TO_ASTRO_LOCAL_LABEL	lokale Himmels-, Wahl- oder Adressmarke als Ganzes kopieren	F69_RIGHT_WHEEL_NS	WHOLE_LOCAL_LABEL__NO_WORD_DECOMPOSITION	OPTIONAL_CONDITION_OR_ADDRESS_LABEL	COPY_COMPLETE_LOCAL_LABEL	NO	NONE	NONE
ASTRO:A3:G099	ASTRO_OPTIONAL_LABEL	f69v	f69v.3	C4	okeodal	A3:G099	NOT_APPLICABLE_TO_ASTRO_LOCAL_LABEL	lokale Himmels-, Wahl- oder Adressmarke als Ganzes kopieren	F69_RIGHT_WHEEL_NS	WHOLE_LOCAL_LABEL__NO_WORD_DECOMPOSITION	OPTIONAL_CONDITION_OR_ADDRESS_LABEL	COPY_COMPLETE_LOCAL_LABEL	NO	NONE	NONE
ASTRO:A3:G100	ASTRO_OPTIONAL_LABEL	f69v	f69v.3	C4	oteoarar	A3:G100	NOT_APPLICABLE_TO_ASTRO_LOCAL_LABEL	lokale Himmels-, Wahl- oder Adressmarke als Ganzes kopieren	F69_RIGHT_WHEEL_NS	WHOLE_LOCAL_LABEL__NO_WORD_DECOMPOSITION	OPTIONAL_CONDITION_OR_ADDRESS_LABEL	COPY_COMPLETE_LOCAL_LABEL	NO	NONE	NONE
ASTRO:A3:G101	ASTRO_OPTIONAL_LABEL	f69v	f69v.3	C4	cheteeser	A3:G101	NOT_APPLICABLE_TO_ASTRO_LOCAL_LABEL	lokale Himmels-, Wahl- oder Adressmarke als Ganzes kopieren	F69_RIGHT_WHEEL_NS	WHOLE_LOCAL_LABEL__NO_WORD_DECOMPOSITION	OPTIONAL_CONDITION_OR_ADDRESS_LABEL	COPY_COMPLETE_LOCAL_LABEL	NO	NONE	NONE
ASTRO:A3:G102	ASTRO_OPTIONAL_LABEL	f69v	f69v.3	C4	dair	A3:G102	NOT_APPLICABLE_TO_ASTRO_LOCAL_LABEL	lokale Himmels-, Wahl- oder Adressmarke als Ganzes kopieren	F69_RIGHT_WHEEL_NS	WHOLE_LOCAL_LABEL__NO_WORD_DECOMPOSITION	OPTIONAL_CONDITION_OR_ADDRESS_LABEL	COPY_COMPLETE_LOCAL_LABEL	NO	NONE	NONE
ASTRO:A3:G103	ASTRO_OPTIONAL_LABEL	f69v	f69v.3	C4	chey	A3:G103	NOT_APPLICABLE_TO_ASTRO_LOCAL_LABEL	lokale Himmels-, Wahl- oder Adressmarke als Ganzes kopieren	F69_RIGHT_WHEEL_NS	WHOLE_LOCAL_LABEL__NO_WORD_DECOMPOSITION	OPTIONAL_CONDITION_OR_ADDRESS_LABEL	COPY_COMPLETE_LOCAL_LABEL	NO	NONE	NONE
ASTRO:A3:G104	ASTRO_OPTIONAL_LABEL	f69v	f69v.3	C4	okody	A3:G104	NOT_APPLICABLE_TO_ASTRO_LOCAL_LABEL	lokale Himmels-, Wahl- oder Adressmarke als Ganzes kopieren	F69_RIGHT_WHEEL_NS	WHOLE_LOCAL_LABEL__NO_WORD_DECOMPOSITION	OPTIONAL_CONDITION_OR_ADDRESS_LABEL	COPY_COMPLETE_LOCAL_LABEL	NO	NONE	NONE
ASTRO:A3:G105	ASTRO_OPTIONAL_LABEL	f69v	f69v.3	C4	dal	A3:G105	NOT_APPLICABLE_TO_ASTRO_LOCAL_LABEL	lokale Himmels-, Wahl- oder Adressmarke als Ganzes kopieren	F69_RIGHT_WHEEL_NS	WHOLE_LOCAL_LABEL__NO_WORD_DECOMPOSITION	OPTIONAL_CONDITION_OR_ADDRESS_LABEL	COPY_COMPLETE_LOCAL_LABEL	NO	NONE	NONE
ASTRO:A3:G106	ASTRO_OPTIONAL_LABEL	f69v	f69v.3	C4	oteey	A3:G106	NOT_APPLICABLE_TO_ASTRO_LOCAL_LABEL	lokale Himmels-, Wahl- oder Adressmarke als Ganzes kopieren	F69_RIGHT_WHEEL_NS	WHOLE_LOCAL_LABEL__NO_WORD_DECOMPOSITION	OPTIONAL_CONDITION_OR_ADDRESS_LABEL	COPY_COMPLETE_LOCAL_LABEL	NO	NONE	NONE
ASTRO:A3:G107	ASTRO_OPTIONAL_LABEL	f69v	f69v.3	C4	oteey	A3:G107	NOT_APPLICABLE_TO_ASTRO_LOCAL_LABEL	lokale Himmels-, Wahl- oder Adressmarke als Ganzes kopieren	F69_RIGHT_WHEEL_NS	WHOLE_LOCAL_LABEL__NO_WORD_DECOMPOSITION	OPTIONAL_CONDITION_OR_ADDRESS_LABEL	COPY_COMPLETE_LOCAL_LABEL	NO	NONE	NONE
ASTRO:A3:G108	ASTRO_OPTIONAL_LABEL	f69v	f69v.4	C1|C2|C5|C6	okeey	A3:G108	NOT_APPLICABLE_TO_ASTRO_LOCAL_LABEL	lokale Himmels-, Wahl- oder Adressmarke als Ganzes kopieren	F69_LEFT_WHEEL_NS	WHOLE_LOCAL_LABEL__NO_WORD_DECOMPOSITION	OPTIONAL_CONDITION_OR_ADDRESS_LABEL	COPY_COMPLETE_LOCAL_LABEL	NO	NONE	NONE
ASTRO:A3:G109	ASTRO_OPTIONAL_LABEL	f69v	f69v.4	C1|C2|C5|C6	sar	A3:G109	NOT_APPLICABLE_TO_ASTRO_LOCAL_LABEL	lokale Himmels-, Wahl- oder Adressmarke als Ganzes kopieren	F69_LEFT_WHEEL_NS	WHOLE_LOCAL_LABEL__NO_WORD_DECOMPOSITION	OPTIONAL_CONDITION_OR_ADDRESS_LABEL	COPY_COMPLETE_LOCAL_LABEL	NO	NONE	NONE
ASTRO:A3:G110	ASTRO_OPTIONAL_LABEL	f69v	f69v.5	C1|C2|C5|C6	okeo	A3:G110	NOT_APPLICABLE_TO_ASTRO_LOCAL_LABEL	lokale Himmels-, Wahl- oder Adressmarke als Ganzes kopieren	F69_LEFT_WHEEL_NS	WHOLE_LOCAL_LABEL__NO_WORD_DECOMPOSITION	OPTIONAL_CONDITION_OR_ADDRESS_LABEL	COPY_COMPLETE_LOCAL_LABEL	NO	NONE	NONE
ASTRO:A3:G111	ASTRO_OPTIONAL_LABEL	f69v	f69v.5	C1|C2|C5|C6	dy	A3:G111	NOT_APPLICABLE_TO_ASTRO_LOCAL_LABEL	lokale Himmels-, Wahl- oder Adressmarke als Ganzes kopieren	F69_LEFT_WHEEL_NS	WHOLE_LOCAL_LABEL__NO_WORD_DECOMPOSITION	OPTIONAL_CONDITION_OR_ADDRESS_LABEL	COPY_COMPLETE_LOCAL_LABEL	NO	NONE	NONE
ASTRO:A3:G112	ASTRO_OPTIONAL_LABEL	f69v	f69v.6	C1|C2|C5|C6	ochoyk	A3:G112	NOT_APPLICABLE_TO_ASTRO_LOCAL_LABEL	lokale Himmels-, Wahl- oder Adressmarke als Ganzes kopieren	F69_LEFT_WHEEL_NS	WHOLE_LOCAL_LABEL__NO_WORD_DECOMPOSITION	OPTIONAL_CONDITION_OR_ADDRESS_LABEL	COPY_COMPLETE_LOCAL_LABEL	NO	NONE	NONE
ASTRO:A3:G113	ASTRO_OPTIONAL_LABEL	f69v	f69v.7	C1|C2|C5|C6	ykeey	A3:G113	NOT_APPLICABLE_TO_ASTRO_LOCAL_LABEL	lokale Himmels-, Wahl- oder Adressmarke als Ganzes kopieren	F69_LEFT_WHEEL_NS	WHOLE_LOCAL_LABEL__NO_WORD_DECOMPOSITION	OPTIONAL_CONDITION_OR_ADDRESS_LABEL	COPY_COMPLETE_LOCAL_LABEL	NO	NONE	NONE
ASTRO:A3:G114	ASTRO_OPTIONAL_LABEL	f69v	f69v.8	C1|C2|C5|C6	ytory	A3:G114	NOT_APPLICABLE_TO_ASTRO_LOCAL_LABEL	lokale Himmels-, Wahl- oder Adressmarke als Ganzes kopieren	F69_LEFT_WHEEL_NS	WHOLE_LOCAL_LABEL__NO_WORD_DECOMPOSITION	OPTIONAL_CONDITION_OR_ADDRESS_LABEL	COPY_COMPLETE_LOCAL_LABEL	NO	NONE	NONE
ASTRO:A3:G115	ASTRO_OPTIONAL_LABEL	f69v	f69v.9	C1|C2|C5|C6	oeesy	A3:G115	NOT_APPLICABLE_TO_ASTRO_LOCAL_LABEL	lokale Himmels-, Wahl- oder Adressmarke als Ganzes kopieren	F69_LEFT_WHEEL_NS	WHOLE_LOCAL_LABEL__NO_WORD_DECOMPOSITION	OPTIONAL_CONDITION_OR_ADDRESS_LABEL	COPY_COMPLETE_LOCAL_LABEL	NO	NONE	NONE
ASTRO:A3:G116	ASTRO_OPTIONAL_LABEL	f69v	f69v.10	C1|C2|C5|C6	ytody	A3:G116	NOT_APPLICABLE_TO_ASTRO_LOCAL_LABEL	lokale Himmels-, Wahl- oder Adressmarke als Ganzes kopieren	F69_LEFT_WHEEL_NS	WHOLE_LOCAL_LABEL__NO_WORD_DECOMPOSITION	OPTIONAL_CONDITION_OR_ADDRESS_LABEL	COPY_COMPLETE_LOCAL_LABEL	NO	NONE	NONE
ASTRO:A3:G117	ASTRO_OPTIONAL_LABEL	f69v	f69v.11	C1|C2|C5|C6	okody	A3:G117	NOT_APPLICABLE_TO_ASTRO_LOCAL_LABEL	lokale Himmels-, Wahl- oder Adressmarke als Ganzes kopieren	F69_LEFT_WHEEL_NS	WHOLE_LOCAL_LABEL__NO_WORD_DECOMPOSITION	OPTIONAL_CONDITION_OR_ADDRESS_LABEL	COPY_COMPLETE_LOCAL_LABEL	NO	NONE	NONE
ASTRO:A3:G118	ASTRO_OPTIONAL_LABEL	f69v	f69v.12	C1|C2|C5|C6	otody	A3:G118	NOT_APPLICABLE_TO_ASTRO_LOCAL_LABEL	lokale Himmels-, Wahl- oder Adressmarke als Ganzes kopieren	F69_LEFT_WHEEL_NS	WHOLE_LOCAL_LABEL__NO_WORD_DECOMPOSITION	OPTIONAL_CONDITION_OR_ADDRESS_LABEL	COPY_COMPLETE_LOCAL_LABEL	NO	NONE	NONE
ASTRO:A3:G119	ASTRO_OPTIONAL_LABEL	f69v	f69v.13	C1|C2|C5|C6	okeal	A3:G119	NOT_APPLICABLE_TO_ASTRO_LOCAL_LABEL	lokale Himmels-, Wahl- oder Adressmarke als Ganzes kopieren	F69_LEFT_WHEEL_NS	WHOLE_LOCAL_LABEL__NO_WORD_DECOMPOSITION	OPTIONAL_CONDITION_OR_ADDRESS_LABEL	COPY_COMPLETE_LOCAL_LABEL	NO	NONE	NONE
ASTRO:A3:G120	ASTRO_OPTIONAL_LABEL	f69v	f69v.14	C1|C2|C5|C6	okeod	A3:G120	NOT_APPLICABLE_TO_ASTRO_LOCAL_LABEL	lokale Himmels-, Wahl- oder Adressmarke als Ganzes kopieren	F69_LEFT_WHEEL_NS	WHOLE_LOCAL_LABEL__NO_WORD_DECOMPOSITION	OPTIONAL_CONDITION_OR_ADDRESS_LABEL	COPY_COMPLETE_LOCAL_LABEL	NO	NONE	NONE
ASTRO:A3:G121	ASTRO_OPTIONAL_LABEL	f69v	f69v.15	C1|C2|C5|C6	oteeys	A3:G121	NOT_APPLICABLE_TO_ASTRO_LOCAL_LABEL	lokale Himmels-, Wahl- oder Adressmarke als Ganzes kopieren	F69_LEFT_WHEEL_NS	WHOLE_LOCAL_LABEL__NO_WORD_DECOMPOSITION	OPTIONAL_CONDITION_OR_ADDRESS_LABEL	COPY_COMPLETE_LOCAL_LABEL	NO	NONE	NONE
ASTRO:A3:G122	ASTRO_OPTIONAL_LABEL	f69v	f69v.16	C1|C2|C5|C6	oteol	A3:G122	NOT_APPLICABLE_TO_ASTRO_LOCAL_LABEL	lokale Himmels-, Wahl- oder Adressmarke als Ganzes kopieren	F69_LEFT_WHEEL_NS	WHOLE_LOCAL_LABEL__NO_WORD_DECOMPOSITION	OPTIONAL_CONDITION_OR_ADDRESS_LABEL	COPY_COMPLETE_LOCAL_LABEL	NO	NONE	NONE
ASTRO:A3:G123	ASTRO_OPTIONAL_LABEL	f69v	f69v.17	C1|C2|C5|C6	ykeydy	A3:G123	NOT_APPLICABLE_TO_ASTRO_LOCAL_LABEL	lokale Himmels-, Wahl- oder Adressmarke als Ganzes kopieren	F69_LEFT_WHEEL_NS	WHOLE_LOCAL_LABEL__NO_WORD_DECOMPOSITION	OPTIONAL_CONDITION_OR_ADDRESS_LABEL	COPY_COMPLETE_LOCAL_LABEL	NO	NONE	NONE
ASTRO:A3:G124	ASTRO_OPTIONAL_LABEL	f69v	f69v.18	C1|C2|C5|C6	okeod	A3:G124	NOT_APPLICABLE_TO_ASTRO_LOCAL_LABEL	lokale Himmels-, Wahl- oder Adressmarke als Ganzes kopieren	F69_LEFT_WHEEL_NS	WHOLE_LOCAL_LABEL__NO_WORD_DECOMPOSITION	OPTIONAL_CONDITION_OR_ADDRESS_LABEL	COPY_COMPLETE_LOCAL_LABEL	NO	NONE	NONE
ASTRO:A3:G125	ASTRO_OPTIONAL_LABEL	f69v	f69v.19	C1|C2|C5|C6	saral	A3:G125	NOT_APPLICABLE_TO_ASTRO_LOCAL_LABEL	lokale Himmels-, Wahl- oder Adressmarke als Ganzes kopieren	F69_LEFT_WHEEL_NS	WHOLE_LOCAL_LABEL__NO_WORD_DECOMPOSITION	OPTIONAL_CONDITION_OR_ADDRESS_LABEL	COPY_COMPLETE_LOCAL_LABEL	NO	NONE	NONE
ASTRO:A3:G126	ASTRO_OPTIONAL_LABEL	f69v	f69v.20	C1|C2|C5|C6	saiir	A3:G126	NOT_APPLICABLE_TO_ASTRO_LOCAL_LABEL	lokale Himmels-, Wahl- oder Adressmarke als Ganzes kopieren	F69_LEFT_WHEEL_NS	WHOLE_LOCAL_LABEL__NO_WORD_DECOMPOSITION	OPTIONAL_CONDITION_OR_ADDRESS_LABEL	COPY_COMPLETE_LOCAL_LABEL	NO	NONE	NONE
ASTRO:A3:G127	ASTRO_OPTIONAL_LABEL	f69v	f69v.21	C1|C2|C5|C6	okolar	A3:G127	NOT_APPLICABLE_TO_ASTRO_LOCAL_LABEL	lokale Himmels-, Wahl- oder Adressmarke als Ganzes kopieren	F69_LEFT_WHEEL_NS	WHOLE_LOCAL_LABEL__NO_WORD_DECOMPOSITION	OPTIONAL_CONDITION_OR_ADDRESS_LABEL	COPY_COMPLETE_LOCAL_LABEL	NO	NONE	NONE
ASTRO:A3:G128	ASTRO_OPTIONAL_LABEL	f69v	f69v.22	C1|C2|C5|C6	ykeody	A3:G128	NOT_APPLICABLE_TO_ASTRO_LOCAL_LABEL	lokale Himmels-, Wahl- oder Adressmarke als Ganzes kopieren	F69_LEFT_WHEEL_NS	WHOLE_LOCAL_LABEL__NO_WORD_DECOMPOSITION	OPTIONAL_CONDITION_OR_ADDRESS_LABEL	COPY_COMPLETE_LOCAL_LABEL	NO	NONE	NONE
ASTRO:A3:G129	ASTRO_OPTIONAL_LABEL	f69v	f69v.23	C1|C2|C5|C6	sarydy	A3:G129	NOT_APPLICABLE_TO_ASTRO_LOCAL_LABEL	lokale Himmels-, Wahl- oder Adressmarke als Ganzes kopieren	F69_LEFT_WHEEL_NS	WHOLE_LOCAL_LABEL__NO_WORD_DECOMPOSITION	OPTIONAL_CONDITION_OR_ADDRESS_LABEL	COPY_COMPLETE_LOCAL_LABEL	NO	NONE	NONE
ASTRO:A3:G130	ASTRO_OPTIONAL_LABEL	f69v	f69v.24	C1|C2|C5|C6	otchy	A3:G130	NOT_APPLICABLE_TO_ASTRO_LOCAL_LABEL	lokale Himmels-, Wahl- oder Adressmarke als Ganzes kopieren	F69_LEFT_WHEEL_NS	WHOLE_LOCAL_LABEL__NO_WORD_DECOMPOSITION	OPTIONAL_CONDITION_OR_ADDRESS_LABEL	COPY_COMPLETE_LOCAL_LABEL	NO	NONE	NONE
ASTRO:A3:G131	ASTRO_OPTIONAL_LABEL	f69v	f69v.25	C1|C2|C5|C6	okeey	A3:G131	NOT_APPLICABLE_TO_ASTRO_LOCAL_LABEL	lokale Himmels-, Wahl- oder Adressmarke als Ganzes kopieren	F69_LEFT_WHEEL_NS	WHOLE_LOCAL_LABEL__NO_WORD_DECOMPOSITION	OPTIONAL_CONDITION_OR_ADDRESS_LABEL	COPY_COMPLETE_LOCAL_LABEL	NO	NONE	NONE
ASTRO:A3:G132	ASTRO_OPTIONAL_LABEL	f69v	f69v.25	C1|C2|C5|C6	dy	A3:G132	NOT_APPLICABLE_TO_ASTRO_LOCAL_LABEL	lokale Himmels-, Wahl- oder Adressmarke als Ganzes kopieren	F69_LEFT_WHEEL_NS	WHOLE_LOCAL_LABEL__NO_WORD_DECOMPOSITION	OPTIONAL_CONDITION_OR_ADDRESS_LABEL	COPY_COMPLETE_LOCAL_LABEL	NO	NONE	NONE
ASTRO:A3:G133	ASTRO_OPTIONAL_LABEL	f69v	f69v.26	C1|C2|C5|C6	okey	A3:G133	NOT_APPLICABLE_TO_ASTRO_LOCAL_LABEL	lokale Himmels-, Wahl- oder Adressmarke als Ganzes kopieren	F69_LEFT_WHEEL_NS	WHOLE_LOCAL_LABEL__NO_WORD_DECOMPOSITION	OPTIONAL_CONDITION_OR_ADDRESS_LABEL	COPY_COMPLETE_LOCAL_LABEL	NO	NONE	NONE
ASTRO:A3:G134	ASTRO_OPTIONAL_LABEL	f69v	f69v.26	C1|C2|C5|C6	d	A3:G134	NOT_APPLICABLE_TO_ASTRO_LOCAL_LABEL	lokale Himmels-, Wahl- oder Adressmarke als Ganzes kopieren	F69_LEFT_WHEEL_NS	WHOLE_LOCAL_LABEL__NO_WORD_DECOMPOSITION	OPTIONAL_CONDITION_OR_ADDRESS_LABEL	COPY_COMPLETE_LOCAL_LABEL	NO	NONE	NONE
ASTRO:A3:G135	ASTRO_OPTIONAL_LABEL	f69v	f69v.27	C1|C2|C5|C6	okeod	A3:G135	NOT_APPLICABLE_TO_ASTRO_LOCAL_LABEL	lokale Himmels-, Wahl- oder Adressmarke als Ganzes kopieren	F69_LEFT_WHEEL_NS	WHOLE_LOCAL_LABEL__NO_WORD_DECOMPOSITION	OPTIONAL_CONDITION_OR_ADDRESS_LABEL	COPY_COMPLETE_LOCAL_LABEL	NO	NONE	NONE
ASTRO:A3:G136	ASTRO_OPTIONAL_LABEL	f69v	f69v.28	C1|C2|C5|C6	okodchy	A3:G136	NOT_APPLICABLE_TO_ASTRO_LOCAL_LABEL	lokale Himmels-, Wahl- oder Adressmarke als Ganzes kopieren	F69_LEFT_WHEEL_NS	WHOLE_LOCAL_LABEL__NO_WORD_DECOMPOSITION	OPTIONAL_CONDITION_OR_ADDRESS_LABEL	COPY_COMPLETE_LOCAL_LABEL	NO	NONE	NONE
ASTRO:A3:G137	ASTRO_OPTIONAL_LABEL	f69v	f69v.29	C1|C2|C5|C6	okeody	A3:G137	NOT_APPLICABLE_TO_ASTRO_LOCAL_LABEL	lokale Himmels-, Wahl- oder Adressmarke als Ganzes kopieren	F69_LEFT_WHEEL_NS	WHOLE_LOCAL_LABEL__NO_WORD_DECOMPOSITION	OPTIONAL_CONDITION_OR_ADDRESS_LABEL	COPY_COMPLETE_LOCAL_LABEL	NO	NONE	NONE
ASTRO:A3:G138	ASTRO_OPTIONAL_LABEL	f69v	f69v.30	C1|C2|C5|C6	okcheys	A3:G138	NOT_APPLICABLE_TO_ASTRO_LOCAL_LABEL	lokale Himmels-, Wahl- oder Adressmarke als Ganzes kopieren	F69_LEFT_WHEEL_NS	WHOLE_LOCAL_LABEL__NO_WORD_DECOMPOSITION	OPTIONAL_CONDITION_OR_ADDRESS_LABEL	COPY_COMPLETE_LOCAL_LABEL	NO	NONE	NONE
ASTRO:A3:G139	ASTRO_OPTIONAL_LABEL	f69v	f69v.31	C1|C2|C5|C6	oar	A3:G139	NOT_APPLICABLE_TO_ASTRO_LOCAL_LABEL	lokale Himmels-, Wahl- oder Adressmarke als Ganzes kopieren	F69_LEFT_WHEEL_NS	WHOLE_LOCAL_LABEL__NO_WORD_DECOMPOSITION	OPTIONAL_CONDITION_OR_ADDRESS_LABEL	COPY_COMPLETE_LOCAL_LABEL	NO	NONE	NONE
ASTRO:A3:G140	ASTRO_OPTIONAL_LABEL	f69v	f69v.31	C1|C2|C5|C6	alys	A3:G140	NOT_APPLICABLE_TO_ASTRO_LOCAL_LABEL	lokale Himmels-, Wahl- oder Adressmarke als Ganzes kopieren	F69_LEFT_WHEEL_NS	WHOLE_LOCAL_LABEL__NO_WORD_DECOMPOSITION	OPTIONAL_CONDITION_OR_ADDRESS_LABEL	COPY_COMPLETE_LOCAL_LABEL	NO	NONE	NONE
