unified_id	section	page	unit_id	locus_or_field	statement_or_namespace	visible_owner	visible_surface	portable_core_de	local_expansion_de	source_layer	terminal_status
P001	PROSE	f10r	H1	F001	H1-S001	WHOLE_BROAD_TOOTHED_RADIAL_FLOWERED_HERB	dchey	Wurzel	Wurzel	UNCHANGED_PORTABLE_VALUE	NONCLOSE
P002	PROSE	f10r	H1	F001	H1-S001	WHOLE_BROAD_TOOTHED_RADIAL_FLOWERED_HERB	cthoor	Vorbereitung	Vorbereitung	UNCHANGED_PORTABLE_VALUE	NONCLOSE
P003	PROSE	f10r	H1	F001	H1-S001	WHOLE_BROAD_TOOTHED_RADIAL_FLOWERED_HERB	char	davon	davon	UNCHANGED_PORTABLE_VALUE	NONCLOSE
P004	PROSE	f10r	H1	F001	H1-S001	WHOLE_BROAD_TOOTHED_RADIAL_FLOWERED_HERB	chty	Teil	Teil	UNCHANGED_PORTABLE_VALUE	NONCLOSE
P005	PROSE	f10r	H1	F001	H1-S001	WHOLE_BROAD_TOOTHED_RADIAL_FLOWERED_HERB	os	AUFNAHMEFELD_ODER_UMSCHLUSS	Aufnahmegefäß	PORTABLE_CORE_REVISED__LOCAL_READING_RETAINED	NONCLOSE
P006	PROSE	f10r	H1	F001	H1-S001	WHOLE_BROAD_TOOTHED_RADIAL_FLOWERED_HERB	chair	Zuguss	Zuguss	UNCHANGED_PORTABLE_VALUE	NONCLOSE
P007	PROSE	f10r	H1	F001	H1-S001	WHOLE_BROAD_TOOTHED_RADIAL_FLOWERED_HERB	otytchol	Folgeteil	Folgeteil	UNCHANGED_PORTABLE_VALUE	NONCLOSE
P008	PROSE	f10r	H1	F001	H1-S001	WHOLE_BROAD_TOOTHED_RADIAL_FLOWERED_HERB	oky	einsetzen	einsetzen	UNCHANGED_PORTABLE_VALUE	NONCLOSE
P009	PROSE	f10r	H1	F001	H1-S001	WHOLE_BROAD_TOOTHED_RADIAL_FLOWERED_HERB	daiin	Sollwert	Sollwert	UNCHANGED_PORTABLE_VALUE	NONCLOSE
P010	PROSE	f10r	H1	F001	H1-S001	WHOLE_BROAD_TOOTHED_RADIAL_FLOWERED_HERB	etyd	kleiner Rest	kleiner Rest	UNCHANGED_PORTABLE_VALUE	NONCLOSE
P011	PROSE	f10r	H1	F002	H1-S002	WHOLE_BROAD_TOOTHED_RADIAL_FLOWERED_HERB	qokchy	weiterbearbeiten	weiterbearbeiten	UNCHANGED_PORTABLE_VALUE	NONCLOSE
P012	PROSE	f10r	H1	F002	H1-S002	WHOLE_BROAD_TOOTHED_RADIAL_FLOWERED_HERB	qotchol	Folgegang	Folgegang	UNCHANGED_PORTABLE_VALUE	NONCLOSE
P013	PROSE	f10r	H1	F002	H1-S002	WHOLE_BROAD_TOOTHED_RADIAL_FLOWERED_HERB	chol	weiter	weiter	UNCHANGED_PORTABLE_VALUE	NONCLOSE
P014	PROSE	f10r	H1	F002	H1-S002	WHOLE_BROAD_TOOTHED_RADIAL_FLOWERED_HERB	cthy	bereit	bereit	UNCHANGED_PORTABLE_VALUE	NONCLOSE
P015	PROSE	f10r	H2	F003	H2-S001	WHOLE_BROAD_TOOTHED_RADIAL_FLOWERED_HERB	ycheor	Auszugsansatz	Auszugsansatz	UNCHANGED_PORTABLE_VALUE	NONCLOSE
P016	PROSE	f10r	H2	F003	H2-S001	WHOLE_BROAD_TOOTHED_RADIAL_FLOWERED_HERB	cthy	bereit	bereit	UNCHANGED_PORTABLE_VALUE	NONCLOSE
P017	PROSE	f10r	H2	F003	H2-S001	WHOLE_BROAD_TOOTHED_RADIAL_FLOWERED_HERB	chor	Ansatz	Ansatz	UNCHANGED_PORTABLE_VALUE	NONCLOSE
P018	PROSE	f10r	H2	F003	H2-S001	WHOLE_BROAD_TOOTHED_RADIAL_FLOWERED_HERB	cthaiin	Sollvorbereitung	Sollvorbereitung	UNCHANGED_PORTABLE_VALUE	NONCLOSE
P019	PROSE	f10r	H2	F003	H2-S001	WHOLE_BROAD_TOOTHED_RADIAL_FLOWERED_HERB	qoctholy	bereiter Folgeposten	bereiter Folgeposten	UNCHANGED_PORTABLE_VALUE	NONCLOSE
P020	PROSE	f10r	H2	F003	H2-S001	WHOLE_BROAD_TOOTHED_RADIAL_FLOWERED_HERB	dy	dies	dies	UNCHANGED_PORTABLE_VALUE	NONCLOSE
P021	PROSE	f10r	H2	F003	H2-S001	WHOLE_BROAD_TOOTHED_RADIAL_FLOWERED_HERB	chy	dies	dies	UNCHANGED_PORTABLE_VALUE	NONCLOSE
P022	PROSE	f10r	H2	F003	H2-S001	WHOLE_BROAD_TOOTHED_RADIAL_FLOWERED_HERB	taiin	Sollwert	Sollwert	UNCHANGED_PORTABLE_VALUE	NONCLOSE
P023	PROSE	f10r	H2	F003	H2-S001	WHOLE_BROAD_TOOTHED_RADIAL_FLOWERED_HERB	shy	dies	dies	UNCHANGED_PORTABLE_VALUE	NONCLOSE
P024	PROSE	f10r	H2	F004	H2-S002	WHOLE_BROAD_TOOTHED_RADIAL_FLOWERED_HERB	qotchor	Folgeansatz	Folgeansatz	UNCHANGED_PORTABLE_VALUE	NONCLOSE
P025	PROSE	f10r	H2	F004	H2-S002	WHOLE_BROAD_TOOTHED_RADIAL_FLOWERED_HERB	chor	Ansatz	Ansatz	UNCHANGED_PORTABLE_VALUE	NONCLOSE
P026	PROSE	f10r	H2	F004	H2-S002	WHOLE_BROAD_TOOTHED_RADIAL_FLOWERED_HERB	otol	Fortgang	Fortgang	UNCHANGED_PORTABLE_VALUE	NONCLOSE
P027	PROSE	f10r	H2	F004	H2-S002	WHOLE_BROAD_TOOTHED_RADIAL_FLOWERED_HERB	chol	weiter	weiter	UNCHANGED_PORTABLE_VALUE	NONCLOSE
P028	PROSE	f10r	H2	F004	H2-S002	WHOLE_BROAD_TOOTHED_RADIAL_FLOWERED_HERB	cholor	derselbe Ansatz	derselbe Ansatz	UNCHANGED_PORTABLE_VALUE	NONCLOSE
P029	PROSE	f10r	H2	F004	H2-S002	WHOLE_BROAD_TOOTHED_RADIAL_FLOWERED_HERB	chol	weiter	weiter	UNCHANGED_PORTABLE_VALUE	NONCLOSE
P030	PROSE	f10r	H2	F004	H2-S002	WHOLE_BROAD_TOOTHED_RADIAL_FLOWERED_HERB	daiin	Sollwert	Sollwert	UNCHANGED_PORTABLE_VALUE	NONCLOSE
P031	PROSE	f10r	H2	F004	H2-S002	WHOLE_BROAD_TOOTHED_RADIAL_FLOWERED_HERB	dar	davon	davon	UNCHANGED_PORTABLE_VALUE	NONCLOSE
P032	PROSE	f10r	H2	F005	H2-S003	WHOLE_BROAD_TOOTHED_RADIAL_FLOWERED_HERB	oykchor	Zubereitungsgefäß	Zubereitungsgefäß	UNCHANGED_PORTABLE_VALUE	NONCLOSE
P033	PROSE	f10r	H2	F005	H2-S003	WHOLE_BROAD_TOOTHED_RADIAL_FLOWERED_HERB	shor	Ansatz	Ansatz	UNCHANGED_PORTABLE_VALUE	NONCLOSE
P034	PROSE	f10r	H2	F005	H2-S003	WHOLE_BROAD_TOOTHED_RADIAL_FLOWERED_HERB	chor	Ansatz	Ansatz	UNCHANGED_PORTABLE_VALUE	NONCLOSE
P035	PROSE	f10r	H2	F005	H2-S003	WHOLE_BROAD_TOOTHED_RADIAL_FLOWERED_HERB	chy	dies	dies	UNCHANGED_PORTABLE_VALUE	NONCLOSE
P036	PROSE	f10r	H2	F005	H2-S003	WHOLE_BROAD_TOOTHED_RADIAL_FLOWERED_HERB	kaiiin	Bearbeitungsstufe	Bearbeitungsstufe	UNCHANGED_PORTABLE_VALUE	NONCLOSE
P037	PROSE	f10r	H2	F005	H2-S003	WHOLE_BROAD_TOOTHED_RADIAL_FLOWERED_HERB	dy	dies	dies	UNCHANGED_PORTABLE_VALUE	NONCLOSE
P038	PROSE	f10r	H2	F005	H2-S003	WHOLE_BROAD_TOOTHED_RADIAL_FLOWERED_HERB	chodaiin	Zugabemaß	Zugabemaß	UNCHANGED_PORTABLE_VALUE	NONCLOSE
P039	PROSE	f11r	H3	F006	H3-S001	WHOLE_DENSE_BLUE_FLOWERED_CROWN_PLANT	tshol	Kochgut	Kochgut	UNCHANGED_PORTABLE_VALUE	NONCLOSE
P040	PROSE	f11r	H3	F006	H3-S001	WHOLE_DENSE_BLUE_FLOWERED_CROWN_PLANT	schoal	Sudansatz	Sudansatz	UNCHANGED_PORTABLE_VALUE	NONCLOSE
P041	PROSE	f11r	H3	F006	H3-S001	WHOLE_DENSE_BLUE_FLOWERED_CROWN_PLANT	cfhy	auswringen	auswringen	UNCHANGED_PORTABLE_VALUE	NONCLOSE
P042	PROSE	f11r	H3	F006	H3-S001	WHOLE_DENSE_BLUE_FLOWERED_CROWN_PLANT	shfydaiin	Stehzeit	Stehzeit	UNCHANGED_PORTABLE_VALUE	NONCLOSE
P043	PROSE	f11r	H3	F006	H3-S001	WHOLE_DENSE_BLUE_FLOWERED_CROWN_PLANT	cphy	nachseihen	nachseihen	UNCHANGED_PORTABLE_VALUE	NONCLOSE
P044	PROSE	f11r	H3	F006	H3-S001	WHOLE_DENSE_BLUE_FLOWERED_CROWN_PLANT	shey	Freigabewert	Freigabewert	UNCHANGED_PORTABLE_VALUE	NONCLOSE
P045	PROSE	f11r	H3	F006	H3-S001	WHOLE_DENSE_BLUE_FLOWERED_CROWN_PLANT	tchody	kalt stellen; Schluss	kalt stellen; Schluss	UNCHANGED_PORTABLE_VALUE	TERMINAL
P046	PROSE	f11r	H3	F007	H3-S002	WHOLE_DENSE_BLUE_FLOWERED_CROWN_PLANT	shoyty	Zugabeteil	Zugabeteil	UNCHANGED_PORTABLE_VALUE	NONCLOSE
P047	PROSE	f11r	H3	F008	H3-S003	WHOLE_DENSE_BLUE_FLOWERED_CROWN_PLANT	dchol	vom vorigen	vom vorigen	UNCHANGED_PORTABLE_VALUE	NONCLOSE
P048	PROSE	f11r	H3	F008	H3-S003	WHOLE_DENSE_BLUE_FLOWERED_CROWN_PLANT	chy	dies	dies	UNCHANGED_PORTABLE_VALUE	NONCLOSE
P049	PROSE	f11r	H3	F008	H3-S003	WHOLE_DENSE_BLUE_FLOWERED_CROWN_PLANT	kchy	Bearbeiten	Bearbeiten	UNCHANGED_PORTABLE_VALUE	NONCLOSE
P050	PROSE	f11r	H3	F008	H3-S003	WHOLE_DENSE_BLUE_FLOWERED_CROWN_PLANT	dy	dies	dies	UNCHANGED_PORTABLE_VALUE	NONCLOSE
P051	PROSE	f11r	H3	F008	H3-S003	WHOLE_DENSE_BLUE_FLOWERED_CROWN_PLANT	daiin	Sollwert	Sollwert	UNCHANGED_PORTABLE_VALUE	NONCLOSE
P052	PROSE	f11r	H3	F009	H3-S004	WHOLE_DENSE_BLUE_FLOWERED_CROWN_PLANT	qotchy	nächster Posten	nächster Posten	UNCHANGED_PORTABLE_VALUE	NONCLOSE
P053	PROSE	f11r	H3	F009	H3-S004	WHOLE_DENSE_BLUE_FLOWERED_CROWN_PLANT	okchol	weiter einsetzen	weiter einsetzen	UNCHANGED_PORTABLE_VALUE	NONCLOSE
P054	PROSE	f11r	H3	F009	H3-S004	WHOLE_DENSE_BLUE_FLOWERED_CROWN_PLANT	cthy	bereit	bereit	UNCHANGED_PORTABLE_VALUE	NONCLOSE
P055	PROSE	f11r	H3	F009	H3-S004	WHOLE_DENSE_BLUE_FLOWERED_CROWN_PLANT	dy	dies	dies	UNCHANGED_PORTABLE_VALUE	NONCLOSE
P056	PROSE	f55v	H4	F010	H4-S001	WHOLE_BROAD_LEAF_PANICLED_PLANT_WITH_MNEMONIC_ROOT	qokaiin	bemessen	bemessen	UNCHANGED_PORTABLE_VALUE	NONCLOSE
P057	PROSE	f55v	H4	F010	H4-S001	WHOLE_BROAD_LEAF_PANICLED_PLANT_WITH_MNEMONIC_ROOT	chaiin	Sollwert	Sollwert	UNCHANGED_PORTABLE_VALUE	NONCLOSE
P058	PROSE	f55v	H4	F010	H4-S001	WHOLE_BROAD_LEAF_PANICLED_PLANT_WITH_MNEMONIC_ROOT	ykain	erste Portion	erste Portion	UNCHANGED_PORTABLE_VALUE	NONCLOSE
P059	PROSE	f55v	H4	F010	H4-S001	WHOLE_BROAD_LEAF_PANICLED_PLANT_WITH_MNEMONIC_ROOT	ykan	zweite Portion	zweite Portion	UNCHANGED_PORTABLE_VALUE	NONCLOSE
P060	PROSE	f55v	H4	F010	H4-S001	WHOLE_BROAD_LEAF_PANICLED_PLANT_WITH_MNEMONIC_ROOT	ody	ZURUECKNEHMEN__SCHLUSS	aus der Wärme nehmen und abkühlen; Schluss	PORTABLE_CORE_REVISED__LOCAL_READING_RETAINED	TERMINAL
P061	PROSE	f55v	H4	F011	H4-S002	WHOLE_BROAD_LEAF_PANICLED_PLANT_WITH_MNEMONIC_ROOT	daiin	Sollwert	Sollwert	UNCHANGED_PORTABLE_VALUE	NONCLOSE
P062	PROSE	f55v	H4	F011	H4-S002	WHOLE_BROAD_LEAF_PANICLED_PLANT_WITH_MNEMONIC_ROOT	chedy	überführen	überführen	UNCHANGED_PORTABLE_VALUE	NONCLOSE
P063	PROSE	f55v	H4	F011	H4-S002	WHOLE_BROAD_LEAF_PANICLED_PLANT_WITH_MNEMONIC_ROOT	talam	Verwahrort	Verwahrort	UNCHANGED_PORTABLE_VALUE	TERMINAL
P064	PROSE	f55v	H4	F012	H4-S003	WHOLE_BROAD_LEAF_PANICLED_PLANT_WITH_MNEMONIC_ROOT	ykaiin	Sollportion	Sollportion	UNCHANGED_PORTABLE_VALUE	NONCLOSE
P065	PROSE	f55v	H4	F012	H4-S003	WHOLE_BROAD_LEAF_PANICLED_PLANT_WITH_MNEMONIC_ROOT	cheoar	Quellauszug	Quellauszug	UNCHANGED_PORTABLE_VALUE	NONCLOSE
P066	PROSE	f55v	H4	F012	H4-S003	WHOLE_BROAD_LEAF_PANICLED_PLANT_WITH_MNEMONIC_ROOT	cheeky	länger bearbeiten	länger bearbeiten	UNCHANGED_PORTABLE_VALUE	NONCLOSE
P067	PROSE	f55v	H4	F012	H4-S003	WHOLE_BROAD_LEAF_PANICLED_PLANT_WITH_MNEMONIC_ROOT	oldy	fertig	fertig	UNCHANGED_PORTABLE_VALUE	TERMINAL
P068	PROSE	f55v	H4	F013	H4-S004	WHOLE_BROAD_LEAF_PANICLED_PLANT_WITH_MNEMONIC_ROOT	aiin	Sollwert	Sollwert	UNCHANGED_PORTABLE_VALUE	NONCLOSE
P069	PROSE	f55v	H4	F013	H4-S004	WHOLE_BROAD_LEAF_PANICLED_PLANT_WITH_MNEMONIC_ROOT	okal	dorthin einsetzen	dorthin einsetzen	UNCHANGED_PORTABLE_VALUE	NONCLOSE
P070	PROSE	f55v	H4	F013	H4-S004	WHOLE_BROAD_LEAF_PANICLED_PLANT_WITH_MNEMONIC_ROOT	oltchy	Folgebereitung	Folgebereitung	UNCHANGED_PORTABLE_VALUE	NONCLOSE
P071	PROSE	f55v	H4	F013	H4-S004	WHOLE_BROAD_LEAF_PANICLED_PLANT_WITH_MNEMONIC_ROOT	or	Ansatz	Ansatz	UNCHANGED_PORTABLE_VALUE	NONCLOSE
P072	PROSE	f55v	H4	F013	H4-S004	WHOLE_BROAD_LEAF_PANICLED_PLANT_WITH_MNEMONIC_ROOT	y	dies	dies	UNCHANGED_PORTABLE_VALUE	NONCLOSE
P073	PROSE	f55v	H4	F013	H4-S004	WHOLE_BROAD_LEAF_PANICLED_PLANT_WITH_MNEMONIC_ROOT	orain	Bereitungsanteil	Bereitungsanteil	UNCHANGED_PORTABLE_VALUE	NONCLOSE
P074	PROSE	f56r	H5	F014	H5-S001	WHOLE_MULTIHEAD_SPINY_OR_EMBLEMATIC_HERB	chochor	Zugabeansatz	Zugabeansatz	UNCHANGED_PORTABLE_VALUE	NONCLOSE
P075	PROSE	f56r	H5	F014	H5-S001	WHOLE_MULTIHEAD_SPINY_OR_EMBLEMATIC_HERB	cho	EINGABE_ODER_BEDINGUNG	weitere Zutat	PORTABLE_CORE_REVISED__LOCAL_READING_RETAINED	NONCLOSE
P076	PROSE	f56r	H5	F014	H5-S001	WHOLE_MULTIHEAD_SPINY_OR_EMBLEMATIC_HERB	chodaly	Zielzugabe	Zielzugabe	UNCHANGED_PORTABLE_VALUE	NONCLOSE
P077	PROSE	f56r	H5	F014	H5-S001	WHOLE_MULTIHEAD_SPINY_OR_EMBLEMATIC_HERB	daiin	Sollwert	Sollwert	UNCHANGED_PORTABLE_VALUE	NONCLOSE
P078	PROSE	f56r	H5	F015	H5-S001	WHOLE_MULTIHEAD_SPINY_OR_EMBLEMATIC_HERB	sho	EINGABE_ODER_BEDINGUNG	weitere Zutat	PORTABLE_CORE_REVISED__LOCAL_READING_RETAINED	NONCLOSE
P079	PROSE	f56r	H5	F015	H5-S001	WHOLE_MULTIHEAD_SPINY_OR_EMBLEMATIC_HERB	kchol	weiter bearbeiten	weiter bearbeiten	UNCHANGED_PORTABLE_VALUE	NONCLOSE
P080	PROSE	f56r	H5	F015	H5-S001	WHOLE_MULTIHEAD_SPINY_OR_EMBLEMATIC_HERB	otchor	Folgeansatz	Folgeansatz	UNCHANGED_PORTABLE_VALUE	NONCLOSE
P081	PROSE	f56r	H5	F015	H5-S001	WHOLE_MULTIHEAD_SPINY_OR_EMBLEMATIC_HERB	choky	einsetzen	einsetzen	UNCHANGED_PORTABLE_VALUE	NONCLOSE
P082	PROSE	f56r	H5	F015	H5-S001	WHOLE_MULTIHEAD_SPINY_OR_EMBLEMATIC_HERB	dal	dorthin	dorthin	UNCHANGED_PORTABLE_VALUE	NONCLOSE
P083	PROSE	f56r	H5	F016	H5-S002	WHOLE_MULTIHEAD_SPINY_OR_EMBLEMATIC_HERB	schol	vom vorigen	vom vorigen	UNCHANGED_PORTABLE_VALUE	NONCLOSE
P084	PROSE	f56r	H5	F016	H5-S002	WHOLE_MULTIHEAD_SPINY_OR_EMBLEMATIC_HERB	choy	Zugabeposten	Zugabeposten	UNCHANGED_PORTABLE_VALUE	NONCLOSE
P085	PROSE	f56r	H5	F016	H5-S002	WHOLE_MULTIHEAD_SPINY_OR_EMBLEMATIC_HERB	choky	einsetzen	einsetzen	UNCHANGED_PORTABLE_VALUE	NONCLOSE
P086	PROSE	f56r	H5	F016	H5-S002	WHOLE_MULTIHEAD_SPINY_OR_EMBLEMATIC_HERB	cheeckhody	auftragen; Schluss	auftragen; Schluss	UNCHANGED_PORTABLE_VALUE	TERMINAL
P087	PROSE	f56r	H5	F017	H5-S003	WHOLE_MULTIHEAD_SPINY_OR_EMBLEMATIC_HERB	sh	Stängel	Stängel	UNCHANGED_PORTABLE_VALUE	NONCLOSE
P088	PROSE	f56r	H5	F017	H5-S003	WHOLE_MULTIHEAD_SPINY_OR_EMBLEMATIC_HERB	cho	EINGABE_ODER_BEDINGUNG	weitere Zutat	PORTABLE_CORE_REVISED__LOCAL_READING_RETAINED	NONCLOSE
P089	PROSE	f56r	H5	F017	H5-S003	WHOLE_MULTIHEAD_SPINY_OR_EMBLEMATIC_HERB	kchey	Kurzbearbeitung	Kurzbearbeitung	UNCHANGED_PORTABLE_VALUE	NONCLOSE
P090	PROSE	f56r	H5	F017	H5-S003	WHOLE_MULTIHEAD_SPINY_OR_EMBLEMATIC_HERB	qokokchy	erneut einsetzen	erneut einsetzen	UNCHANGED_PORTABLE_VALUE	NONCLOSE
P091	PROSE	f56r	H5	F018	H5-S004	WHOLE_MULTIHEAD_SPINY_OR_EMBLEMATIC_HERB	okchy	weiterbearbeiten	weiterbearbeiten	UNCHANGED_PORTABLE_VALUE	NONCLOSE
P092	PROSE	f56r	H5	F018	H5-S004	WHOLE_MULTIHEAD_SPINY_OR_EMBLEMATIC_HERB	chokcheo	Auszug einsetzen	Auszug einsetzen	UNCHANGED_PORTABLE_VALUE	NONCLOSE
P093	PROSE	f56r	H5	F018	H5-S004	WHOLE_MULTIHEAD_SPINY_OR_EMBLEMATIC_HERB	kchal	Zielbearbeitung	Zielbearbeitung	UNCHANGED_PORTABLE_VALUE	NONCLOSE
P094	PROSE	f56r	H5	F019	H5-S005	WHOLE_MULTIHEAD_SPINY_OR_EMBLEMATIC_HERB	sho	EINGABE_ODER_BEDINGUNG	weitere Zutat	PORTABLE_CORE_REVISED__LOCAL_READING_RETAINED	NONCLOSE
P095	PROSE	f56r	H5	F019	H5-S005	WHOLE_MULTIHEAD_SPINY_OR_EMBLEMATIC_HERB	chokchy	weiterbearbeiten	weiterbearbeiten	UNCHANGED_PORTABLE_VALUE	NONCLOSE
P096	PROSE	f56r	H5	F019	H5-S005	WHOLE_MULTIHEAD_SPINY_OR_EMBLEMATIC_HERB	kchoar	bearbeiteter Quellauszug	bearbeiteter Quellauszug	UNCHANGED_PORTABLE_VALUE	NONCLOSE
P097	PROSE	f56r	H5	F019	H5-S005	WHOLE_MULTIHEAD_SPINY_OR_EMBLEMATIC_HERB	sotodan	Folgeanwendung	Folgeanwendung	UNCHANGED_PORTABLE_VALUE	NONCLOSE
P098	PROSE	f56r	H5	F020	H5-S006	WHOLE_MULTIHEAD_SPINY_OR_EMBLEMATIC_HERB	otchey	das nächste	das nächste	UNCHANGED_PORTABLE_VALUE	NONCLOSE
P099	PROSE	f56r	H5	F020	H5-S006	WHOLE_MULTIHEAD_SPINY_OR_EMBLEMATIC_HERB	keol	kurz weiterbearbeiten	kurz weiterbearbeiten	UNCHANGED_PORTABLE_VALUE	NONCLOSE
P100	PROSE	f56r	H5	F020	H5-S006	WHOLE_MULTIHEAD_SPINY_OR_EMBLEMATIC_HERB	daiin	Sollwert	Sollwert	UNCHANGED_PORTABLE_VALUE	NONCLOSE
P101	PROSE	f81v	B1	F021	B1-S001	gemeinsames zweireihiges Figuren-/Beckenfeld	qokedy	kurz einwirken; Schluss	kurz einwirken; Schluss	UNCHANGED_PORTABLE_VALUE	TERMINAL
P102	PROSE	f81v	B1	F022	B1-S002	gemeinsames zweireihiges Figuren-/Beckenfeld	okaiin	bemessen	bemessen	UNCHANGED_PORTABLE_VALUE	NONCLOSE
P103	PROSE	f81v	B1	F022	B1-S002	gemeinsames zweireihiges Figuren-/Beckenfeld	kair	Beckenlauf	Beckenlauf	UNCHANGED_PORTABLE_VALUE	NONCLOSE
P104	PROSE	f81v	B1	F022	B1-S002	gemeinsames zweireihiges Figuren-/Beckenfeld	okal	dorthin einsetzen	dorthin einsetzen	UNCHANGED_PORTABLE_VALUE	NONCLOSE
P105	PROSE	f81v	B1	F022	B1-S002	gemeinsames zweireihiges Figuren-/Beckenfeld	sar	davon	davon	UNCHANGED_PORTABLE_VALUE	NONCLOSE
P106	PROSE	f81v	B1	F022	B1-S002	gemeinsames zweireihiges Figuren-/Beckenfeld	ol	weiter	weiter	UNCHANGED_PORTABLE_VALUE	NONCLOSE
P107	PROSE	f81v	B1	F022	B1-S002	gemeinsames zweireihiges Figuren-/Beckenfeld	kain	Portion	Portion	UNCHANGED_PORTABLE_VALUE	NONCLOSE
P108	PROSE	f81v	B1	F022	B1-S002	gemeinsames zweireihiges Figuren-/Beckenfeld	olkain	weiterer Anteil	weiterer Anteil	UNCHANGED_PORTABLE_VALUE	NONCLOSE
P109	PROSE	f81v	B1	F022	B1-S002	gemeinsames zweireihiges Figuren-/Beckenfeld	al	dorthin	dorthin	UNCHANGED_PORTABLE_VALUE	NONCLOSE
P110	PROSE	f81v	B1	F022	B1-S002	gemeinsames zweireihiges Figuren-/Beckenfeld	ol	weiter	weiter	UNCHANGED_PORTABLE_VALUE	NONCLOSE
P111	PROSE	f81v	B1	F022	B1-S002	gemeinsames zweireihiges Figuren-/Beckenfeld	rol	Anschluss	Anschluss	UNCHANGED_PORTABLE_VALUE	NONCLOSE
P112	PROSE	f81v	B1	F022	B1-S002	gemeinsames zweireihiges Figuren-/Beckenfeld	dl	Zusatz	Zusatz	UNCHANGED_PORTABLE_VALUE	NONCLOSE
P113	PROSE	f81v	B1	F023	B1-S002	gemeinsames zweireihiges Figuren-/Beckenfeld	olor	derselbe Ansatz	derselbe Ansatz	UNCHANGED_PORTABLE_VALUE	NONCLOSE
P114	PROSE	f81v	B1	F023	B1-S002	gemeinsames zweireihiges Figuren-/Beckenfeld	ol	weiter	weiter	UNCHANGED_PORTABLE_VALUE	NONCLOSE
P115	PROSE	f81v	B1	F023	B1-S002	gemeinsames zweireihiges Figuren-/Beckenfeld	sheckhal	Kurze Zielpassage	Kurze Zielpassage	UNCHANGED_PORTABLE_VALUE	NONCLOSE
P116	PROSE	f81v	B1	F023	B1-S002	gemeinsames zweireihiges Figuren-/Beckenfeld	daiin	Sollwert	Sollwert	UNCHANGED_PORTABLE_VALUE	NONCLOSE
P117	PROSE	f81v	B1	F023	B1-S002	gemeinsames zweireihiges Figuren-/Beckenfeld	qokeedal	Langer Zieleinsatz	Langer Zieleinsatz	UNCHANGED_PORTABLE_VALUE	NONCLOSE
P118	PROSE	f81v	B1	F023	B1-S002	gemeinsames zweireihiges Figuren-/Beckenfeld	daiin	Sollwert	Sollwert	UNCHANGED_PORTABLE_VALUE	NONCLOSE
P119	PROSE	f81v	B1	F023	B1-S002	gemeinsames zweireihiges Figuren-/Beckenfeld	chckhy	durchleiten	durchleiten	UNCHANGED_PORTABLE_VALUE	NONCLOSE
P120	PROSE	f81v	B1	F023	B1-S002	gemeinsames zweireihiges Figuren-/Beckenfeld	schedy	überführen; Schluss	überführen; Schluss	UNCHANGED_PORTABLE_VALUE	TERMINAL
P121	PROSE	f81v	B1	F024	B1-S003	gemeinsames zweireihiges Figuren-/Beckenfeld	qol	weiter	weiter	UNCHANGED_PORTABLE_VALUE	NONCLOSE
P122	PROSE	f81v	B1	F025	B1-S003	gemeinsames zweireihiges Figuren-/Beckenfeld	sshkchdy	Haltetransfer; Schluss	Haltetransfer; Schluss	UNCHANGED_PORTABLE_VALUE	TERMINAL
P123	PROSE	f81v	B1	F026	B1-S004	gemeinsames zweireihiges Figuren-/Beckenfeld	chedy	überführen	überführen	UNCHANGED_PORTABLE_VALUE	NONCLOSE
P124	PROSE	f81v	B1	F026	B1-S004	gemeinsames zweireihiges Figuren-/Beckenfeld	ol	weiter	weiter	UNCHANGED_PORTABLE_VALUE	NONCLOSE
P125	PROSE	f81v	B1	F026	B1-S004	gemeinsames zweireihiges Figuren-/Beckenfeld	shedy	kurz absetzen; Schluss	kurz absetzen; Schluss	UNCHANGED_PORTABLE_VALUE	TERMINAL
P126	PROSE	f81v	B1	F027	B1-S005	gemeinsames zweireihiges Figuren-/Beckenfeld	qolchedy	weiterführen; Schluss	weiterführen; Schluss	UNCHANGED_PORTABLE_VALUE	TERMINAL
P127	PROSE	f81v	B1	F028	B1-S006	gemeinsames zweireihiges Figuren-/Beckenfeld	qokain	Anteil zugeben	Anteil zugeben	UNCHANGED_PORTABLE_VALUE	NONCLOSE
P128	PROSE	f81v	B1	F028	B1-S006	gemeinsames zweireihiges Figuren-/Beckenfeld	shckhy	durchleiten	durchleiten	UNCHANGED_PORTABLE_VALUE	NONCLOSE
P129	PROSE	f81v	B1	F028	B1-S006	gemeinsames zweireihiges Figuren-/Beckenfeld	dl	Zusatz	Zusatz	UNCHANGED_PORTABLE_VALUE	NONCLOSE
P130	PROSE	f81v	B1	F028	B1-S006	gemeinsames zweireihiges Figuren-/Beckenfeld	ral	Zielmarke	Zielmarke	UNCHANGED_PORTABLE_VALUE	NONCLOSE
P131	PROSE	f81v	B1	F029	B1-S007	gemeinsames zweireihiges Figuren-/Beckenfeld	qokchdy	einführen; Schluss	einführen; Schluss	UNCHANGED_PORTABLE_VALUE	TERMINAL
P132	PROSE	f81v	B1	F030	B1-S008	gemeinsames zweireihiges Figuren-/Beckenfeld	chey	dies	dies	UNCHANGED_PORTABLE_VALUE	NONCLOSE
P133	PROSE	f81v	B1	F030	B1-S008	gemeinsames zweireihiges Figuren-/Beckenfeld	ol	weiter	weiter	UNCHANGED_PORTABLE_VALUE	NONCLOSE
P134	PROSE	f81v	B1	F030	B1-S008	gemeinsames zweireihiges Figuren-/Beckenfeld	cheky	kurz wärmen	kurz wärmen	UNCHANGED_PORTABLE_VALUE	NONCLOSE
P135	PROSE	f81v	B1	F030	B1-S008	gemeinsames zweireihiges Figuren-/Beckenfeld	ol	weiter	weiter	UNCHANGED_PORTABLE_VALUE	NONCLOSE
P136	PROSE	f81v	B1	F030	B1-S008	gemeinsames zweireihiges Figuren-/Beckenfeld	shedy	kurz absetzen; Schluss	kurz absetzen; Schluss	UNCHANGED_PORTABLE_VALUE	TERMINAL
P137	PROSE	f81v	B1	F031	B1-S009	gemeinsames zweireihiges Figuren-/Beckenfeld	qokedy	kurz einwirken; Schluss	kurz einwirken; Schluss	UNCHANGED_PORTABLE_VALUE	TERMINAL
P138	PROSE	f81v	B1	F032	B1-S010	gemeinsames zweireihiges Figuren-/Beckenfeld	qokedy	kurz einwirken; Schluss	kurz einwirken; Schluss	UNCHANGED_PORTABLE_VALUE	TERMINAL
P139	PROSE	f81v	B1	F033	B1-S011	gemeinsames zweireihiges Figuren-/Beckenfeld	chckhy	durchleiten	durchleiten	UNCHANGED_PORTABLE_VALUE	NONCLOSE
P140	PROSE	f81v	B1	F033	B1-S011	gemeinsames zweireihiges Figuren-/Beckenfeld	qoky	einsetzen	einsetzen	UNCHANGED_PORTABLE_VALUE	NONCLOSE
P141	PROSE	f81v	B1	F034	B1-S012	gemeinsames zweireihiges Figuren-/Beckenfeld	lsho	Waschgang	Waschgang	UNCHANGED_PORTABLE_VALUE	NONCLOSE
P142	PROSE	f81v	B1	F034	B1-S012	gemeinsames zweireihiges Figuren-/Beckenfeld	qokey	KURZ_SETZEN	kurz einwirken lassen	PORTABLE_CORE_REVISED__LOCAL_READING_RETAINED	NONCLOSE
P143	PROSE	f81v	B1	F034	B1-S012	gemeinsames zweireihiges Figuren-/Beckenfeld	lshedy	Waschgang; Schluss	Waschgang; Schluss	UNCHANGED_PORTABLE_VALUE	TERMINAL
P144	PROSE	f81v	B1	F035	B1-S013	gemeinsames zweireihiges Figuren-/Beckenfeld	lshedy	Waschgang; Schluss	Waschgang; Schluss	UNCHANGED_PORTABLE_VALUE	TERMINAL
P145	PROSE	f81v	B1	F036	B1-S014	gemeinsames zweireihiges Figuren-/Beckenfeld	chedy	überführen	überführen	UNCHANGED_PORTABLE_VALUE	NONCLOSE
P146	PROSE	f81v	B1	F036	B1-S014	gemeinsames zweireihiges Figuren-/Beckenfeld	qolky	Weiterweg	Weiterweg	UNCHANGED_PORTABLE_VALUE	NONCLOSE
P147	PROSE	f81v	B1	F036	B1-S014	gemeinsames zweireihiges Figuren-/Beckenfeld	lchedal	Zielabführung	Zielabführung	UNCHANGED_PORTABLE_VALUE	NONCLOSE
P148	PROSE	f81v	B1	F036	B1-S014	gemeinsames zweireihiges Figuren-/Beckenfeld	qol	weiter	weiter	UNCHANGED_PORTABLE_VALUE	NONCLOSE
P149	PROSE	f81v	B1	F036	B1-S014	gemeinsames zweireihiges Figuren-/Beckenfeld	otar	Folgequelle	Folgequelle	UNCHANGED_PORTABLE_VALUE	NONCLOSE
P150	PROSE	f81v	B1	F037	B1-S015	gemeinsames zweireihiges Figuren-/Beckenfeld	ytey	Kurzteil	Kurzteil	UNCHANGED_PORTABLE_VALUE	NONCLOSE
P151	PROSE	f81v	B1	F037	B1-S015	gemeinsames zweireihiges Figuren-/Beckenfeld	okchedy	einführen; Schluss	einführen; Schluss	UNCHANGED_PORTABLE_VALUE	TERMINAL
P152	PROSE	f81v	B1	F038	B1-S016	gemeinsames zweireihiges Figuren-/Beckenfeld	qokal	dorthin einsetzen	dorthin einsetzen	UNCHANGED_PORTABLE_VALUE	NONCLOSE
P153	PROSE	f81v	B1	F038	B1-S016	gemeinsames zweireihiges Figuren-/Beckenfeld	okeey	LAENGER_SETZEN_ODER_HALTEN	länger einwirken lassen	PORTABLE_CORE_REVISED__LOCAL_READING_RETAINED	NONCLOSE
P154	PROSE	f81v	B1	F038	B1-S016	gemeinsames zweireihiges Figuren-/Beckenfeld	qol	weiter	weiter	UNCHANGED_PORTABLE_VALUE	NONCLOSE
P155	PROSE	f81v	B1	F038	B1-S016	gemeinsames zweireihiges Figuren-/Beckenfeld	cheedy	kurz absetzen; Schluss	kurz absetzen; Schluss	UNCHANGED_PORTABLE_VALUE	TERMINAL
P156	PROSE	f81v	B1	F039	B1-S017	gemeinsames zweireihiges Figuren-/Beckenfeld	sal	dorthin	dorthin	UNCHANGED_PORTABLE_VALUE	NONCLOSE
P157	PROSE	f81v	B1	F039	B1-S017	gemeinsames zweireihiges Figuren-/Beckenfeld	teol	kurz weiterführen	kurz weiterführen	UNCHANGED_PORTABLE_VALUE	NONCLOSE
P158	PROSE	f81v	B1	F039	B1-S017	gemeinsames zweireihiges Figuren-/Beckenfeld	dchdy	Transfer; Schluss	Transfer; Schluss	UNCHANGED_PORTABLE_VALUE	TERMINAL
P159	PROSE	f81v	B1	F040	B1-S018	gemeinsames zweireihiges Figuren-/Beckenfeld	ly	Auffanggefäß	Auffanggefäß	UNCHANGED_PORTABLE_VALUE	NONCLOSE
P160	PROSE	f81v	B1	F041	B1-S018	gemeinsames zweireihiges Figuren-/Beckenfeld	dsheol	Kurzhalt	Kurzhalt	UNCHANGED_PORTABLE_VALUE	NONCLOSE
P161	PROSE	f81v	B1	F041	B1-S018	gemeinsames zweireihiges Figuren-/Beckenfeld	oiiin	Arbeitsstufe	Arbeitsstufe	UNCHANGED_PORTABLE_VALUE	NONCLOSE
P162	PROSE	f81v	B1	F041	B1-S018	gemeinsames zweireihiges Figuren-/Beckenfeld	olkeedy	lange sammeln; Schluss	lange sammeln; Schluss	UNCHANGED_PORTABLE_VALUE	TERMINAL
P163	PROSE	f81v	B1	F042	B1-S019	gemeinsames zweireihiges Figuren-/Beckenfeld	tedy	kurz absetzen; Schluss	kurz absetzen; Schluss	UNCHANGED_PORTABLE_VALUE	TERMINAL
P164	PROSE	f81v	B1	F043	B1-S020	gemeinsames zweireihiges Figuren-/Beckenfeld	cheky	kurz wärmen	kurz wärmen	UNCHANGED_PORTABLE_VALUE	NONCLOSE
P165	PROSE	f81v	B1	F043	B1-S020	gemeinsames zweireihiges Figuren-/Beckenfeld	shckhedy	durchlassen; Schluss	durchlassen; Schluss	UNCHANGED_PORTABLE_VALUE	TERMINAL
P166	PROSE	f81v	B1	F044	B1-S021	gemeinsames zweireihiges Figuren-/Beckenfeld	chal	dorthin	dorthin	UNCHANGED_PORTABLE_VALUE	NONCLOSE
P167	PROSE	f82r	B2	F045	B2-S001	obere Paarbecken-/Zylinderstation	dchedy	überführen; Schluss	überführen; Schluss	UNCHANGED_PORTABLE_VALUE	TERMINAL
P168	PROSE	f82r	B2	F046	B2-S002	obere Paarbecken-/Zylinderstation	qolchedy	weiterführen; Schluss	weiterführen; Schluss	UNCHANGED_PORTABLE_VALUE	TERMINAL
P169	PROSE	f82r	B2	F047	B2-S003	obere Paarbecken-/Zylinderstation	qokain	Anteil zugeben	Anteil zugeben	UNCHANGED_PORTABLE_VALUE	NONCLOSE
P170	PROSE	f82r	B2	F047	B2-S003	obere Paarbecken-/Zylinderstation	dy	dies	dies	UNCHANGED_PORTABLE_VALUE	NONCLOSE
P171	PROSE	f82r	B2	F047	B2-S003	obere Paarbecken-/Zylinderstation	qokeedy	lange einwirken; Schluss	lange einwirken; Schluss	UNCHANGED_PORTABLE_VALUE	TERMINAL
P172	PROSE	f82r	B2	F048	B2-S004	obere Paarbecken-/Zylinderstation	qokal	dorthin einsetzen	dorthin einsetzen	UNCHANGED_PORTABLE_VALUE	NONCLOSE
P173	PROSE	f82r	B2	F048	B2-S004	obere Paarbecken-/Zylinderstation	lcheckhy	Abführpassage	Abführpassage	UNCHANGED_PORTABLE_VALUE	NONCLOSE
P174	PROSE	f82r	B2	F048	B2-S004	obere Paarbecken-/Zylinderstation	lched	Abführung	Abführung	UNCHANGED_PORTABLE_VALUE	NONCLOSE
P175	PROSE	f82r	B2	F049	B2-S004	obere Paarbecken-/Zylinderstation	qokeey	LAENGER_SETZEN_ODER_HALTEN	länger einwirken lassen	PORTABLE_CORE_REVISED__LOCAL_READING_RETAINED	NONCLOSE
P176	PROSE	f82r	B2	F049	B2-S004	obere Paarbecken-/Zylinderstation	lcheckhedy	Trennabzug; Schluss	Trennabzug; Schluss	UNCHANGED_PORTABLE_VALUE	TERMINAL
P177	PROSE	f82r	B2	F050	B2-S005	obere Paarbecken-/Zylinderstation	qokaly	Zieleinsatz	Zieleinsatz	UNCHANGED_PORTABLE_VALUE	NONCLOSE
P178	PROSE	f82r	B2	F050	B2-S005	obere Paarbecken-/Zylinderstation	solkaiin	Sollsammlung	Sollsammlung	UNCHANGED_PORTABLE_VALUE	NONCLOSE
P179	PROSE	f82r	B2	F050	B2-S005	obere Paarbecken-/Zylinderstation	chckhy	durchleiten	durchleiten	UNCHANGED_PORTABLE_VALUE	NONCLOSE
P180	PROSE	f82r	B2	F050	B2-S005	obere Paarbecken-/Zylinderstation	qokaiin	bemessen	bemessen	UNCHANGED_PORTABLE_VALUE	NONCLOSE
P181	PROSE	f82r	B2	F051	B2-S005	obere Paarbecken-/Zylinderstation	qokaiin	bemessen	bemessen	UNCHANGED_PORTABLE_VALUE	NONCLOSE
P182	PROSE	f82r	B2	F051	B2-S005	obere Paarbecken-/Zylinderstation	octheol	Fortsetzung vorbereiten	Fortsetzung vorbereiten	UNCHANGED_PORTABLE_VALUE	NONCLOSE
P183	PROSE	f82r	B2	F051	B2-S005	obere Paarbecken-/Zylinderstation	chkeey	Langwärmen	Langwärmen	UNCHANGED_PORTABLE_VALUE	NONCLOSE
P184	PROSE	f82r	B2	F051	B2-S005	obere Paarbecken-/Zylinderstation	ldy	abziehen; Schluss	abziehen; Schluss	UNCHANGED_PORTABLE_VALUE	TERMINAL
P185	PROSE	f82r	B2	F052	B2-S006	obere Paarbecken-/Zylinderstation	oteey	Langfolge	Langfolge	UNCHANGED_PORTABLE_VALUE	NONCLOSE
P186	PROSE	f82r	B2	F052	B2-S006	obere Paarbecken-/Zylinderstation	qokal	dorthin einsetzen	dorthin einsetzen	UNCHANGED_PORTABLE_VALUE	NONCLOSE
P187	PROSE	f82r	B2	F052	B2-S006	obere Paarbecken-/Zylinderstation	sheckhy	Kurzpassage	Kurzpassage	UNCHANGED_PORTABLE_VALUE	NONCLOSE
P188	PROSE	f82r	B2	F052	B2-S006	obere Paarbecken-/Zylinderstation	qoky	einsetzen	einsetzen	UNCHANGED_PORTABLE_VALUE	NONCLOSE
P189	PROSE	f82r	B2	F053	B2-S007	mittlere linke Geräte-/Inline-Knotenstation	dshedy	Frischwasser zugeben; Schluss	Frischwasser zugeben; Schluss	UNCHANGED_PORTABLE_VALUE	TERMINAL
P190	PROSE	f82r	B2	F054	B2-S008	mittlere linke Geräte-/Inline-Knotenstation	sotaiin	Folgemaß	Folgemaß	UNCHANGED_PORTABLE_VALUE	NONCLOSE
P191	PROSE	f82r	B2	F054	B2-S008	mittlere linke Geräte-/Inline-Knotenstation	qokar	Quelleinsatz	Quelleinsatz	UNCHANGED_PORTABLE_VALUE	NONCLOSE
P192	PROSE	f82r	B2	F054	B2-S008	mittlere linke Geräte-/Inline-Knotenstation	shedy	kurz absetzen; Schluss	kurz absetzen; Schluss	UNCHANGED_PORTABLE_VALUE	TERMINAL
P193	PROSE	f82r	B2	F055	B2-S009	mittlere linke Geräte-/Inline-Knotenstation	solshedy	Folgeabsetzen; Schluss	Folgeabsetzen; Schluss	UNCHANGED_PORTABLE_VALUE	TERMINAL
P194	PROSE	f82r	B2	F056	B2-S010	mittlere linke Geräte-/Inline-Knotenstation	qokeey	LAENGER_SETZEN_ODER_HALTEN	länger einwirken lassen	PORTABLE_CORE_REVISED__LOCAL_READING_RETAINED	NONCLOSE
P195	PROSE	f82r	B2	F056	B2-S010	mittlere linke Geräte-/Inline-Knotenstation	qoky	einsetzen	einsetzen	UNCHANGED_PORTABLE_VALUE	NONCLOSE
P196	PROSE	f82r	B2	F056	B2-S010	mittlere linke Geräte-/Inline-Knotenstation	ls	Auslass	Auslass	UNCHANGED_PORTABLE_VALUE	NONCLOSE
P197	PROSE	f82r	B2	F056	B2-S010	mittlere linke Geräte-/Inline-Knotenstation	cheey	Freigabewert	Freigabewert	UNCHANGED_PORTABLE_VALUE	NONCLOSE
P198	PROSE	f82r	B2	F057	B2-S011	ungelöste mittlere rechte Linie-/Liegepodeststation	okain	Anteil zugeben	Anteil zugeben	UNCHANGED_PORTABLE_VALUE	NONCLOSE
P199	PROSE	f82r	B2	F057	B2-S011	ungelöste mittlere rechte Linie-/Liegepodeststation	char	davon	davon	UNCHANGED_PORTABLE_VALUE	NONCLOSE
P200	PROSE	f82r	B2	F057	B2-S011	ungelöste mittlere rechte Linie-/Liegepodeststation	okain	Anteil zugeben	Anteil zugeben	UNCHANGED_PORTABLE_VALUE	NONCLOSE
P201	PROSE	f82r	B2	F057	B2-S011	ungelöste mittlere rechte Linie-/Liegepodeststation	qokeedy	lange einwirken; Schluss	lange einwirken; Schluss	UNCHANGED_PORTABLE_VALUE	TERMINAL
P202	PROSE	f82r	B2	F058	B2-S012	ungelöste mittlere rechte Linie-/Liegepodeststation	lchy	Abführgut	Abführgut	UNCHANGED_PORTABLE_VALUE	NONCLOSE
P203	PROSE	f82r	B2	F059	B2-S012	unteres grünes Mehrfigurenfeld	cheey	Freigabewert	Freigabewert	UNCHANGED_PORTABLE_VALUE	NONCLOSE
P204	PROSE	f82r	B2	F059	B2-S012	unteres grünes Mehrfigurenfeld	qcthey	kurz vorbereiten	kurz vorbereiten	UNCHANGED_PORTABLE_VALUE	NONCLOSE
P205	PROSE	f82r	B2	F059	B2-S012	unteres grünes Mehrfigurenfeld	qokeey	LAENGER_SETZEN_ODER_HALTEN	länger einwirken lassen	PORTABLE_CORE_REVISED__LOCAL_READING_RETAINED	NONCLOSE
P206	PROSE	f82r	B2	F059	B2-S012	unteres grünes Mehrfigurenfeld	lcheey	Klarabzug	Klarabzug	UNCHANGED_PORTABLE_VALUE	NONCLOSE
P207	PROSE	f82r	B2	F059	B2-S012	unteres grünes Mehrfigurenfeld	daiin	Sollwert	Sollwert	UNCHANGED_PORTABLE_VALUE	NONCLOSE
P208	PROSE	f82r	B2	F059	B2-S012	unteres grünes Mehrfigurenfeld	chey	dies	dies	UNCHANGED_PORTABLE_VALUE	NONCLOSE
P209	PROSE	f82r	B2	F059	B2-S012	unteres grünes Mehrfigurenfeld	qokeeedy	Volleinsatz; Schluss	Volleinsatz; Schluss	UNCHANGED_PORTABLE_VALUE	TERMINAL
P210	PROSE	f82r	B2	F060	B2-S013	unteres grünes Mehrfigurenfeld	lchedy	abführen; Schluss	abführen; Schluss	UNCHANGED_PORTABLE_VALUE	TERMINAL
P211	PROSE	f82r	B2	F061	B2-S014	unteres grünes Mehrfigurenfeld	lar	Quellabzug	Quellabzug	UNCHANGED_PORTABLE_VALUE	NONCLOSE
P212	PROSE	f82r	B2	F062	B2-S015	lokale Randstationen des unteren Feldes	tshey	Folgeklarlauf	Folgeklarlauf	UNCHANGED_PORTABLE_VALUE	NONCLOSE
P213	PROSE	f82r	B2	F062	B2-S015	lokale Randstationen des unteren Feldes	qokeedy	lange einwirken; Schluss	lange einwirken; Schluss	UNCHANGED_PORTABLE_VALUE	TERMINAL
P214	PROSE	f82r	B2	F063	B2-S016	lokale Randstationen des unteren Feldes	cheal	dorthin	dorthin	UNCHANGED_PORTABLE_VALUE	NONCLOSE
P215	PROSE	f82r	B2	F063	B2-S016	lokale Randstationen des unteren Feldes	lchedar	Quellabführung	Quellabführung	UNCHANGED_PORTABLE_VALUE	NONCLOSE
P216	PROSE	f82r	B2	F063	B2-S016	lokale Randstationen des unteren Feldes	ches	teilen	teilen	UNCHANGED_PORTABLE_VALUE	NONCLOSE
P217	PROSE	f82r	B2	F063	B2-S016	lokale Randstationen des unteren Feldes	aiin	Sollwert	Sollwert	UNCHANGED_PORTABLE_VALUE	NONCLOSE
P218	PROSE	f82r	B2	F063	B2-S016	lokale Randstationen des unteren Feldes	oteey	Langfolge	Langfolge	UNCHANGED_PORTABLE_VALUE	NONCLOSE
P219	PROSE	f82r	B2	F063	B2-S016	lokale Randstationen des unteren Feldes	qokaiin	bemessen	bemessen	UNCHANGED_PORTABLE_VALUE	NONCLOSE
P220	PROSE	f82r	B2	F063	B2-S016	lokale Randstationen des unteren Feldes	okey	KURZ_SETZEN	kurz einwirken lassen	PORTABLE_CORE_REVISED__LOCAL_READING_RETAINED	NONCLOSE
P221	PROSE	f82r	B2	F064	B2-S016	lokale Randstationen des unteren Feldes	pchedy	Zuführung; Schluss	Zuführung; Schluss	UNCHANGED_PORTABLE_VALUE	TERMINAL
P222	PROSE	f82r	B2	F065	B2-S017	lokale Randstationen des unteren Feldes	rsheal	Kurzhalt am Ziel	Kurzhalt am Ziel	UNCHANGED_PORTABLE_VALUE	NONCLOSE
P223	PROSE	f82r	B2	F065	B2-S017	lokale Randstationen des unteren Feldes	daldy	Zielschluss	Zielschluss	UNCHANGED_PORTABLE_VALUE	TERMINAL
P224	PROSE	f82r	B2	F066	B2-S018	lokale Randstationen des unteren Feldes	qokeedy	lange einwirken; Schluss	lange einwirken; Schluss	UNCHANGED_PORTABLE_VALUE	TERMINAL
P225	PROSE	f82r	B2	F067	B2-S019	lokale Randstationen des unteren Feldes	rshedy	Vollwaschung; Schluss	Vollwaschung; Schluss	UNCHANGED_PORTABLE_VALUE	TERMINAL
P226	PROSE	f82r	B2	F068	B2-S020	lokale Randstationen des unteren Feldes	qoteedy	lange Folgestufe; Schluss	lange Folgestufe; Schluss	UNCHANGED_PORTABLE_VALUE	TERMINAL
P227	PROSE	f82r	B2	F069	B2-S021	lokale Randstationen des unteren Feldes	qokeedy	lange einwirken; Schluss	lange einwirken; Schluss	UNCHANGED_PORTABLE_VALUE	TERMINAL
P228	PROSE	f82r	B2	F070	B2-S022	lokale Randstationen des unteren Feldes	lochedy	Abführung; Schluss	Abführung; Schluss	UNCHANGED_PORTABLE_VALUE	TERMINAL
P229	PROSE	f83r	B3	F071	B3-S001	obere offene Fächer-Randstation	olkeedy	lange sammeln; Schluss	lange sammeln; Schluss	UNCHANGED_PORTABLE_VALUE	TERMINAL
P230	PROSE	f83r	B3	F072	B3-S002	obere offene Fächer-Randstation	qotal	danach dorthin	danach dorthin	UNCHANGED_PORTABLE_VALUE	NONCLOSE
P231	PROSE	f83r	B3	F072	B3-S002	obere offene Fächer-Randstation	chkeedy	Langwärmen; Schluss	Langwärmen; Schluss	UNCHANGED_PORTABLE_VALUE	TERMINAL
P232	PROSE	f83r	B3	F073	B3-S003	obere offene Fächer-Randstation	chey	dies	dies	UNCHANGED_PORTABLE_VALUE	NONCLOSE
P233	PROSE	f83r	B3	F073	B3-S003	obere offene Fächer-Randstation	daiin	Sollwert	Sollwert	UNCHANGED_PORTABLE_VALUE	NONCLOSE
P234	PROSE	f83r	B3	F073	B3-S003	obere offene Fächer-Randstation	chey	dies	dies	UNCHANGED_PORTABLE_VALUE	NONCLOSE
P235	PROSE	f83r	B3	F073	B3-S003	obere offene Fächer-Randstation	lchedy	abführen; Schluss	abführen; Schluss	UNCHANGED_PORTABLE_VALUE	TERMINAL
P236	PROSE	f83r	B3	F074	B3-S004	obere offene Fächer-Randstation	qokaiin	bemessen	bemessen	UNCHANGED_PORTABLE_VALUE	NONCLOSE
P237	PROSE	f83r	B3	F074	B3-S004	obere offene Fächer-Randstation	qotal	danach dorthin	danach dorthin	UNCHANGED_PORTABLE_VALUE	NONCLOSE
P238	PROSE	f83r	B3	F074	B3-S004	obere offene Fächer-Randstation	dar	davon	davon	UNCHANGED_PORTABLE_VALUE	NONCLOSE
P239	PROSE	f83r	B3	F075	B3-S005	mittlere runde Gefäß-Randstation	schedy	überführen; Schluss	überführen; Schluss	UNCHANGED_PORTABLE_VALUE	TERMINAL
P240	PROSE	f83r	B3	F076	B3-S006	mittlere runde Gefäß-Randstation	chedchy	Postentransfer	Postentransfer	UNCHANGED_PORTABLE_VALUE	NONCLOSE
P241	PROSE	f83r	B3	F076	B3-S006	mittlere runde Gefäß-Randstation	qokal	dorthin einsetzen	dorthin einsetzen	UNCHANGED_PORTABLE_VALUE	NONCLOSE
P242	PROSE	f83r	B3	F076	B3-S006	mittlere runde Gefäß-Randstation	olchedy	weiterführen; Schluss	weiterführen; Schluss	UNCHANGED_PORTABLE_VALUE	TERMINAL
P243	PROSE	f83r	B3	F077	B3-S007	mittlere runde Gefäß-Randstation	qokaiin	bemessen	bemessen	UNCHANGED_PORTABLE_VALUE	NONCLOSE
P244	PROSE	f83r	B3	F077	B3-S007	mittlere runde Gefäß-Randstation	chedy	überführen	überführen	UNCHANGED_PORTABLE_VALUE	NONCLOSE
P245	PROSE	f83r	B3	F077	B3-S007	mittlere runde Gefäß-Randstation	qokeedy	lange einwirken; Schluss	lange einwirken; Schluss	UNCHANGED_PORTABLE_VALUE	TERMINAL
P246	PROSE	f83r	B3	F078	B3-S008	mittlere runde Gefäß-Randstation	lchedy	abführen; Schluss	abführen; Schluss	UNCHANGED_PORTABLE_VALUE	TERMINAL
P247	PROSE	f83r	B3	F079	B3-S009	mittlere runde Gefäß-Randstation	qoky	einsetzen	einsetzen	UNCHANGED_PORTABLE_VALUE	NONCLOSE
P248	PROSE	f83r	B3	F080	B3-S010	untere korbartige Gefäß-Randstation	pchedal	Zielzuführung	Zielzuführung	UNCHANGED_PORTABLE_VALUE	NONCLOSE
P249	PROSE	f83r	B3	F080	B3-S010	untere korbartige Gefäß-Randstation	otedy	Kurzfolge; Schluss	Kurzfolge; Schluss	UNCHANGED_PORTABLE_VALUE	TERMINAL
P250	PROSE	f83r	B3	F081	B3-S011	untere korbartige Gefäß-Randstation	shecthedchy	Vorbereitungstransfer	Vorbereitungstransfer	UNCHANGED_PORTABLE_VALUE	NONCLOSE
P251	PROSE	f83r	B3	F081	B3-S011	untere korbartige Gefäß-Randstation	qoky	einsetzen	einsetzen	UNCHANGED_PORTABLE_VALUE	NONCLOSE
P252	PROSE	f83r	B3	F081	B3-S011	untere korbartige Gefäß-Randstation	chedy	überführen	überführen	UNCHANGED_PORTABLE_VALUE	NONCLOSE
P253	PROSE	f83r	B3	F081	B3-S011	untere korbartige Gefäß-Randstation	chary	Quellposten	Quellposten	UNCHANGED_PORTABLE_VALUE	NONCLOSE
P254	PROSE	f83r	B3	F082	B3-S012	untere korbartige Gefäß-Randstation	sor	Ansatz	Ansatz	UNCHANGED_PORTABLE_VALUE	NONCLOSE
P255	PROSE	f83r	B3	F082	B3-S012	untere korbartige Gefäß-Randstation	shedy	kurz absetzen; Schluss	kurz absetzen; Schluss	UNCHANGED_PORTABLE_VALUE	TERMINAL
P256	PROSE	f83r	B3	F083	B3-S013	untere korbartige Gefäß-Randstation	qokaiin	bemessen	bemessen	UNCHANGED_PORTABLE_VALUE	NONCLOSE
P257	PROSE	f83r	B3	F083	B3-S013	untere korbartige Gefäß-Randstation	chkain	Portion	Portion	UNCHANGED_PORTABLE_VALUE	NONCLOSE
P258	PROSE	f83r	B3	F083	B3-S013	untere korbartige Gefäß-Randstation	shcthey	kurz vorbereiten	kurz vorbereiten	UNCHANGED_PORTABLE_VALUE	NONCLOSE
P259	PROSE	f83r	B3	F083	B3-S013	untere korbartige Gefäß-Randstation	qokedy	kurz einwirken; Schluss	kurz einwirken; Schluss	UNCHANGED_PORTABLE_VALUE	TERMINAL
P260	PROSE	f83r	B3	F084	B3-S014	untere korbartige Gefäß-Randstation	okair	Laufeinsatz	Laufeinsatz	UNCHANGED_PORTABLE_VALUE	NONCLOSE
P261	PROSE	f83r	B3	F084	B3-S014	untere korbartige Gefäß-Randstation	sheedy	Langabsetzen; Schluss	Langabsetzen; Schluss	UNCHANGED_PORTABLE_VALUE	TERMINAL
P262	PROSE	f83r	B3	F085	B3-S015	untere korbartige Gefäß-Randstation	lchedy	abführen; Schluss	abführen; Schluss	UNCHANGED_PORTABLE_VALUE	TERMINAL
P263	PROSE	f83r	B3	F086	B3-S016	untere korbartige Gefäß-Randstation	lo	Abzug	Abzug	UNCHANGED_PORTABLE_VALUE	NONCLOSE
P264	PROSE	f83r	B3	F087	B3-S016	ungelöster Zwischenposten zwischen Randstapel und Hauptpaar	qokchedy	einführen; Schluss	einführen; Schluss	UNCHANGED_PORTABLE_VALUE	TERMINAL
P265	PROSE	f83r	B3	F088	B3-S017	ungelöster Zwischenposten zwischen Randstapel und Hauptpaar	qokeedy	lange einwirken; Schluss	lange einwirken; Schluss	UNCHANGED_PORTABLE_VALUE	TERMINAL
P266	PROSE	f83r	B3	F089	B3-S018	ungelöster Zwischenposten zwischen Randstapel und Hauptpaar	shedy	kurz absetzen; Schluss	kurz absetzen; Schluss	UNCHANGED_PORTABLE_VALUE	TERMINAL
P267	PROSE	f83r	B3	F090	B3-S019	ungelöster Zwischenposten zwischen Randstapel und Hauptpaar	qokshedy	Einsatzabsetzen; Schluss	Einsatzabsetzen; Schluss	UNCHANGED_PORTABLE_VALUE	TERMINAL
P268	PROSE	f83r	B3	F091	B3-S020	ungelöster Zwischenposten zwischen Randstapel und Hauptpaar	dal	dorthin	dorthin	UNCHANGED_PORTABLE_VALUE	NONCLOSE
P269	PROSE	f83r	B3	F091	B3-S020	ungelöster Zwischenposten zwischen Randstapel und Hauptpaar	lchedy	abführen; Schluss	abführen; Schluss	UNCHANGED_PORTABLE_VALUE	TERMINAL
P270	PROSE	f83r	B3	F092	B3-S021	ungelöster Zwischenposten zwischen Randstapel und Hauptpaar	qokaiin	bemessen	bemessen	UNCHANGED_PORTABLE_VALUE	NONCLOSE
P271	PROSE	f83r	B3	F092	B3-S021	ungelöster Zwischenposten zwischen Randstapel und Hauptpaar	shcthy	bereit	bereit	UNCHANGED_PORTABLE_VALUE	NONCLOSE
P272	PROSE	f83r	B3	F092	B3-S021	ungelöster Zwischenposten zwischen Randstapel und Hauptpaar	dal	dorthin	dorthin	UNCHANGED_PORTABLE_VALUE	NONCLOSE
P273	PROSE	f83r	B3	F092	B3-S021	ungelöster Zwischenposten zwischen Randstapel und Hauptpaar	sy	dies	dies	UNCHANGED_PORTABLE_VALUE	NONCLOSE
P274	PROSE	f83r	B3	F093	B3-S021	ungelöster Zwischenposten zwischen Randstapel und Hauptpaar	saiin	Sollwert	Sollwert	UNCHANGED_PORTABLE_VALUE	NONCLOSE
P275	PROSE	f83r	B3	F093	B3-S021	ungelöster Zwischenposten zwischen Randstapel und Hauptpaar	shedal	am Ziel absetzen	am Ziel absetzen	UNCHANGED_PORTABLE_VALUE	NONCLOSE
P276	PROSE	f83r	B3	F093	B3-S021	ungelöster Zwischenposten zwischen Randstapel und Hauptpaar	shecthy	Kurzvorbereitung	Kurzvorbereitung	UNCHANGED_PORTABLE_VALUE	NONCLOSE
P277	PROSE	f83r	B3	F093	B3-S021	ungelöster Zwischenposten zwischen Randstapel und Hauptpaar	chey	dies	dies	UNCHANGED_PORTABLE_VALUE	NONCLOSE
P278	PROSE	f83r	B3	F093	B3-S021	ungelöster Zwischenposten zwischen Randstapel und Hauptpaar	tal	dorthin	dorthin	UNCHANGED_PORTABLE_VALUE	NONCLOSE
P279	PROSE	f83r	B3	F093	B3-S021	ungelöster Zwischenposten zwischen Randstapel und Hauptpaar	shcthy	bereit	bereit	UNCHANGED_PORTABLE_VALUE	NONCLOSE
P280	PROSE	f83r	B3	F093	B3-S021	ungelöster Zwischenposten zwischen Randstapel und Hauptpaar	dalchdy	Zieltransfer; Schluss	Zieltransfer; Schluss	UNCHANGED_PORTABLE_VALUE	TERMINAL
P281	PROSE	f83r	B3	F094	B3-S022	ungelöster Zwischenposten zwischen Randstapel und Hauptpaar	qotchedy	Folgetransfer; Schluss	Folgetransfer; Schluss	UNCHANGED_PORTABLE_VALUE	TERMINAL
P282	PROSE	f83r	B3	F095	B3-S023	ungelöster Zwischenposten zwischen Randstapel und Hauptpaar	lchedy	abführen; Schluss	abführen; Schluss	UNCHANGED_PORTABLE_VALUE	TERMINAL
P283	PROSE	f83r	B3	F096	B3-S024	ungelöster Zwischenposten zwischen Randstapel und Hauptpaar	tchedy	überführen; Schluss	überführen; Schluss	UNCHANGED_PORTABLE_VALUE	TERMINAL
P284	PROSE	f83r	B3	F097	B3-S025	ungelöster Zwischenposten zwischen Randstapel und Hauptpaar	qokchdy	einführen; Schluss	einführen; Schluss	UNCHANGED_PORTABLE_VALUE	TERMINAL
P285	PROSE	f83r	B3	F098	B3-S026	ungelöster Zwischenposten zwischen Randstapel und Hauptpaar	cheedar	Quelltransfer	Quelltransfer	UNCHANGED_PORTABLE_VALUE	NONCLOSE
P286	PROSE	f83r	B3	F098	B3-S026	ungelöster Zwischenposten zwischen Randstapel und Hauptpaar	chldaiin	Sollabsetzung	Sollabsetzung	UNCHANGED_PORTABLE_VALUE	NONCLOSE
P287	PROSE	f83r	B3	F098	B3-S026	ungelöster Zwischenposten zwischen Randstapel und Hauptpaar	chedy	überführen	überführen	UNCHANGED_PORTABLE_VALUE	NONCLOSE
P288	PROSE	f83r	B3	F098	B3-S026	ungelöster Zwischenposten zwischen Randstapel und Hauptpaar	qokain	Anteil zugeben	Anteil zugeben	UNCHANGED_PORTABLE_VALUE	NONCLOSE
P289	PROSE	f83r	B3	F098	B3-S026	ungelöster Zwischenposten zwischen Randstapel und Hauptpaar	checthy	bereit	bereit	UNCHANGED_PORTABLE_VALUE	NONCLOSE
P290	PROSE	f83r	B3	F098	B3-S026	ungelöster Zwischenposten zwischen Randstapel und Hauptpaar	chealror	Zielbereitung	Zielbereitung	UNCHANGED_PORTABLE_VALUE	NONCLOSE
P291	PROSE	f83r	B3	F099	B3-S026	Hauptpaar am sichtbaren ungerichteten Bogen	solkeedy	lange sammeln; Schluss	lange sammeln; Schluss	UNCHANGED_PORTABLE_VALUE	TERMINAL
P292	PROSE	f83r	B3	F100	B3-S027	Hauptpaar am sichtbaren ungerichteten Bogen	qoteedy	lange Folgestufe; Schluss	lange Folgestufe; Schluss	UNCHANGED_PORTABLE_VALUE	TERMINAL
P293	PROSE	f83r	B3	F101	B3-S028	Hauptpaar am sichtbaren ungerichteten Bogen	qokeey	LAENGER_SETZEN_ODER_HALTEN	länger einwirken lassen	PORTABLE_CORE_REVISED__LOCAL_READING_RETAINED	NONCLOSE
P294	PROSE	f83r	B3	F101	B3-S028	Hauptpaar am sichtbaren ungerichteten Bogen	qokedy	kurz einwirken; Schluss	kurz einwirken; Schluss	UNCHANGED_PORTABLE_VALUE	TERMINAL
P295	PROSE	f83r	B3	F102	B3-S029	Hauptpaar am sichtbaren ungerichteten Bogen	sol	weiter	weiter	UNCHANGED_PORTABLE_VALUE	NONCLOSE
P296	PROSE	f83r	B3	F102	B3-S029	Hauptpaar am sichtbaren ungerichteten Bogen	cheeety	Vollteil	Vollteil	UNCHANGED_PORTABLE_VALUE	NONCLOSE
P297	PROSE	f83r	B3	F102	B3-S029	Hauptpaar am sichtbaren ungerichteten Bogen	qokedy	kurz einwirken; Schluss	kurz einwirken; Schluss	UNCHANGED_PORTABLE_VALUE	TERMINAL
P298	PROSE	f83r	B3	F103	B3-S030	Hauptpaar am sichtbaren ungerichteten Bogen	qoky	einsetzen	einsetzen	UNCHANGED_PORTABLE_VALUE	NONCLOSE
P299	PROSE	f83r	B3	F103	B3-S030	Hauptpaar am sichtbaren ungerichteten Bogen	saiin	Sollwert	Sollwert	UNCHANGED_PORTABLE_VALUE	NONCLOSE
P300	PROSE	f83r	B3	F104	B3-S030	Hauptpaar am sichtbaren ungerichteten Bogen	schedair	Weiterlauf	Weiterlauf	UNCHANGED_PORTABLE_VALUE	NONCLOSE
P301	PROSE	f83r	B3	F104	B3-S030	Hauptpaar am sichtbaren ungerichteten Bogen	otchedy	Folgetransfer; Schluss	Folgetransfer; Schluss	UNCHANGED_PORTABLE_VALUE	TERMINAL
P302	PROSE	f83r	B3	F105	B3-S031	Hauptpaar am sichtbaren ungerichteten Bogen	qokeedy	lange einwirken; Schluss	lange einwirken; Schluss	UNCHANGED_PORTABLE_VALUE	TERMINAL
P303	PROSE	f83r	B3	F106	B3-S032	Hauptpaar am sichtbaren ungerichteten Bogen	chedain	Anteilstransfer	Anteilstransfer	UNCHANGED_PORTABLE_VALUE	NONCLOSE
P304	PROSE	f83r	B3	F106	B3-S032	Hauptpaar am sichtbaren ungerichteten Bogen	chedy	überführen	überführen	UNCHANGED_PORTABLE_VALUE	NONCLOSE
P305	PROSE	f83r	B3	F106	B3-S032	Hauptpaar am sichtbaren ungerichteten Bogen	qotedaiin	Kurzsoll	Kurzsoll	UNCHANGED_PORTABLE_VALUE	NONCLOSE
P306	PROSE	f83r	B3	F106	B3-S032	Hauptpaar am sichtbaren ungerichteten Bogen	otaiin	Folgemaß	Folgemaß	UNCHANGED_PORTABLE_VALUE	NONCLOSE
P307	PROSE	f83r	B3	F106	B3-S032	Hauptpaar am sichtbaren ungerichteten Bogen	otedy	Kurzfolge; Schluss	Kurzfolge; Schluss	UNCHANGED_PORTABLE_VALUE	TERMINAL
P308	PROSE	f83r	B3	F107	B3-S033	Hauptpaar am sichtbaren ungerichteten Bogen	ldy	abziehen; Schluss	abziehen; Schluss	UNCHANGED_PORTABLE_VALUE	TERMINAL
P309	PROSE	f83r	B3	F108	B3-S034	Hauptpaar am sichtbaren ungerichteten Bogen	soiiin	Arbeitsstufe	Arbeitsstufe	UNCHANGED_PORTABLE_VALUE	NONCLOSE
P310	PROSE	f83r	B3	F108	B3-S034	Hauptpaar am sichtbaren ungerichteten Bogen	checthy	bereit	bereit	UNCHANGED_PORTABLE_VALUE	NONCLOSE
P311	PROSE	f83r	B3	F108	B3-S034	Hauptpaar am sichtbaren ungerichteten Bogen	chety	Teil	Teil	UNCHANGED_PORTABLE_VALUE	NONCLOSE
P312	PROSE	f83r	B3	F108	B3-S034	Hauptpaar am sichtbaren ungerichteten Bogen	otaiin	Folgemaß	Folgemaß	UNCHANGED_PORTABLE_VALUE	NONCLOSE
P313	PROSE	f83r	B3	F108	B3-S034	Hauptpaar am sichtbaren ungerichteten Bogen	olsaly	Zwischenziel	Zwischenziel	UNCHANGED_PORTABLE_VALUE	NONCLOSE
P314	PROSE	f83r	B3	F108	B3-S034	Hauptpaar am sichtbaren ungerichteten Bogen	shedy	kurz absetzen; Schluss	kurz absetzen; Schluss	UNCHANGED_PORTABLE_VALUE	TERMINAL
P315	PROSE	f83r	B4	F109	B4-S001	Hauptpaar am sichtbaren ungerichteten Bogen	qokeedy	lange einwirken; Schluss	lange einwirken; Schluss	UNCHANGED_PORTABLE_VALUE	TERMINAL
P316	PROSE	f83r	B4	F110	B4-S002	Hauptpaar am sichtbaren ungerichteten Bogen	qolchey	Weiterposten	Weiterposten	UNCHANGED_PORTABLE_VALUE	NONCLOSE
P317	PROSE	f83r	B4	F110	B4-S002	Hauptpaar am sichtbaren ungerichteten Bogen	qokeey	LAENGER_SETZEN_ODER_HALTEN	länger einwirken lassen	PORTABLE_CORE_REVISED__LOCAL_READING_RETAINED	NONCLOSE
P318	PROSE	f83r	B4	F110	B4-S002	Hauptpaar am sichtbaren ungerichteten Bogen	qokedy	kurz einwirken; Schluss	kurz einwirken; Schluss	UNCHANGED_PORTABLE_VALUE	TERMINAL
P319	PROSE	f83r	B4	F111	B4-S003	Hauptpaar am sichtbaren ungerichteten Bogen	chedy	überführen	überführen	UNCHANGED_PORTABLE_VALUE	NONCLOSE
P320	PROSE	f83r	B4	F111	B4-S003	Hauptpaar am sichtbaren ungerichteten Bogen	otal	danach dorthin	danach dorthin	UNCHANGED_PORTABLE_VALUE	NONCLOSE
P321	PROSE	f83r	B4	F112	B4-S003	Hauptpaar am sichtbaren ungerichteten Bogen	otchey	das nächste	das nächste	UNCHANGED_PORTABLE_VALUE	NONCLOSE
P322	PROSE	f83r	B4	F112	B4-S003	Hauptpaar am sichtbaren ungerichteten Bogen	qokeey	LAENGER_SETZEN_ODER_HALTEN	länger einwirken lassen	PORTABLE_CORE_REVISED__LOCAL_READING_RETAINED	NONCLOSE
P323	PROSE	f83r	B4	F112	B4-S003	Hauptpaar am sichtbaren ungerichteten Bogen	qoky	einsetzen	einsetzen	UNCHANGED_PORTABLE_VALUE	NONCLOSE
P324	PROSE	f83r	B4	F112	B4-S003	Hauptpaar am sichtbaren ungerichteten Bogen	tol	weiter	weiter	UNCHANGED_PORTABLE_VALUE	NONCLOSE
P325	PROSE	f83r	B4	F112	B4-S003	Hauptpaar am sichtbaren ungerichteten Bogen	shedy	kurz absetzen; Schluss	kurz absetzen; Schluss	UNCHANGED_PORTABLE_VALUE	TERMINAL
P326	PROSE	f83r	B4	F113	B4-S004	Hauptpaar am sichtbaren ungerichteten Bogen	qokylddy	befestigen; Schluss	befestigen; Schluss	UNCHANGED_PORTABLE_VALUE	TERMINAL
P327	PROSE	f83r	B4	F114	B4-S005	Hauptpaar am sichtbaren ungerichteten Bogen	dain	Einlage	Einlage	UNCHANGED_PORTABLE_VALUE	NONCLOSE
P328	PROSE	f83r	B4	F114	B4-S005	Hauptpaar am sichtbaren ungerichteten Bogen	chedy	überführen	überführen	UNCHANGED_PORTABLE_VALUE	NONCLOSE
P329	PROSE	f83r	B4	F114	B4-S005	Hauptpaar am sichtbaren ungerichteten Bogen	qokeedy	lange einwirken; Schluss	lange einwirken; Schluss	UNCHANGED_PORTABLE_VALUE	TERMINAL
P330	PROSE	f83r	B4	F115	B4-S006	Hauptpaar am sichtbaren ungerichteten Bogen	shckhedy	durchlassen; Schluss	durchlassen; Schluss	UNCHANGED_PORTABLE_VALUE	TERMINAL
P331	PROSE	f83r	B4	F116	B4-S007	Hauptpaar am sichtbaren ungerichteten Bogen	shckhedy	durchlassen; Schluss	durchlassen; Schluss	UNCHANGED_PORTABLE_VALUE	TERMINAL
P332	PROSE	f83r	B4	F117	B4-S008	Hauptpaar am sichtbaren ungerichteten Bogen	saiin	Sollwert	Sollwert	UNCHANGED_PORTABLE_VALUE	NONCLOSE
P333	PROSE	f83r	B4	F117	B4-S008	Hauptpaar am sichtbaren ungerichteten Bogen	cheeky	länger bearbeiten	länger bearbeiten	UNCHANGED_PORTABLE_VALUE	NONCLOSE
P334	PROSE	f83r	B4	F117	B4-S008	Hauptpaar am sichtbaren ungerichteten Bogen	sheey	Langhalt	Langhalt	UNCHANGED_PORTABLE_VALUE	NONCLOSE
P335	PROSE	f83r	B4	F117	B4-S008	Hauptpaar am sichtbaren ungerichteten Bogen	qokedy	kurz einwirken; Schluss	kurz einwirken; Schluss	UNCHANGED_PORTABLE_VALUE	TERMINAL
P336	PROSE	f83r	B4	F118	B4-S009	Hauptpaar am sichtbaren ungerichteten Bogen	shedy	kurz absetzen; Schluss	kurz absetzen; Schluss	UNCHANGED_PORTABLE_VALUE	TERMINAL
P337	PROSE	f83r	B4	F119	B4-S010	Hauptpaar am sichtbaren ungerichteten Bogen	oldy	fertig	fertig	UNCHANGED_PORTABLE_VALUE	TERMINAL
P338	PROSE	f83r	B4	F120	B4-S011	linke offene Fransen-/Unterlaufstation	saiin	Sollwert	Sollwert	UNCHANGED_PORTABLE_VALUE	NONCLOSE
P339	PROSE	f83r	B4	F120	B4-S011	linke offene Fransen-/Unterlaufstation	cheky	kurz wärmen	kurz wärmen	UNCHANGED_PORTABLE_VALUE	NONCLOSE
P340	PROSE	f83r	B4	F120	B4-S011	linke offene Fransen-/Unterlaufstation	okeeol	Langfortsetzung	Langfortsetzung	UNCHANGED_PORTABLE_VALUE	NONCLOSE
P341	PROSE	f83r	B4	F120	B4-S011	linke offene Fransen-/Unterlaufstation	okain	Anteil zugeben	Anteil zugeben	UNCHANGED_PORTABLE_VALUE	NONCLOSE
P342	PROSE	f83r	B4	F120	B4-S011	linke offene Fransen-/Unterlaufstation	chdy	überführen	überführen	UNCHANGED_PORTABLE_VALUE	NONCLOSE
P343	PROSE	f83r	B4	F121	B4-S011	linke offene Fransen-/Unterlaufstation	sol	weiter	weiter	UNCHANGED_PORTABLE_VALUE	NONCLOSE
P344	PROSE	f83r	B4	F121	B4-S011	linke offene Fransen-/Unterlaufstation	lkedy	Kurzabzug; Schluss	Kurzabzug; Schluss	UNCHANGED_PORTABLE_VALUE	TERMINAL
P345	PROSE	f83r	B4	F122	B4-S012	linke offene Fransen-/Unterlaufstation	lchedy	abführen; Schluss	abführen; Schluss	UNCHANGED_PORTABLE_VALUE	TERMINAL
P346	PROSE	f83r	B4	F123	B4-S013	linke offene Fransen-/Unterlaufstation	qokol	Weiter einsetzen	Weiter einsetzen	UNCHANGED_PORTABLE_VALUE	NONCLOSE
P347	PROSE	f83r	B4	F123	B4-S013	linke offene Fransen-/Unterlaufstation	shedy	kurz absetzen; Schluss	kurz absetzen; Schluss	UNCHANGED_PORTABLE_VALUE	TERMINAL
P348	PROSE	f83r	B4	F124	B4-S014	linke offene Fransen-/Unterlaufstation	or	Ansatz	Ansatz	UNCHANGED_PORTABLE_VALUE	NONCLOSE
P349	PROSE	f83r	B4	F124	B4-S014	linke offene Fransen-/Unterlaufstation	chey	dies	dies	UNCHANGED_PORTABLE_VALUE	NONCLOSE
P350	PROSE	f83r	B4	F124	B4-S014	linke offene Fransen-/Unterlaufstation	qockhey	Kurzdurchgang	Kurzdurchgang	UNCHANGED_PORTABLE_VALUE	NONCLOSE
P351	PROSE	f83r	B4	F124	B4-S014	linke offene Fransen-/Unterlaufstation	dairydy	Laufschluss	Laufschluss	UNCHANGED_PORTABLE_VALUE	TERMINAL
P352	PROSE	f83r	B4	F125	B4-S015	linke offene Fransen-/Unterlaufstation	qokain	Anteil zugeben	Anteil zugeben	UNCHANGED_PORTABLE_VALUE	NONCLOSE
P353	PROSE	f83r	B4	F125	B4-S015	linke offene Fransen-/Unterlaufstation	shey	Freigabewert	Freigabewert	UNCHANGED_PORTABLE_VALUE	NONCLOSE
P354	PROSE	f83r	B4	F125	B4-S015	linke offene Fransen-/Unterlaufstation	kain	Portion	Portion	UNCHANGED_PORTABLE_VALUE	NONCLOSE
P355	PROSE	f83r	B4	F125	B4-S015	linke offene Fransen-/Unterlaufstation	chckhal	Zielpassage	Zielpassage	UNCHANGED_PORTABLE_VALUE	NONCLOSE
P356	PROSE	f83r	B4	F126	B4-S015	rechte S-Lauf-/Mehrarmknotenstation	solkey	Kurzsammlung	Kurzsammlung	UNCHANGED_PORTABLE_VALUE	NONCLOSE
P357	PROSE	f83r	B4	F126	B4-S015	rechte S-Lauf-/Mehrarmknotenstation	lchedy	abführen; Schluss	abführen; Schluss	UNCHANGED_PORTABLE_VALUE	TERMINAL
P358	PROSE	f83r	B4	F127	B4-S016	rechte S-Lauf-/Mehrarmknotenstation	qolkain	weiterer Anteil	weiterer Anteil	UNCHANGED_PORTABLE_VALUE	NONCLOSE
P359	PROSE	f83r	B4	F127	B4-S016	rechte S-Lauf-/Mehrarmknotenstation	dal	dorthin	dorthin	UNCHANGED_PORTABLE_VALUE	NONCLOSE
P360	PROSE	f83r	B4	F128	B4-S016	rechte S-Lauf-/Mehrarmknotenstation	skar	Quellausguss	Quellausguss	UNCHANGED_PORTABLE_VALUE	NONCLOSE
P361	PROSE	f83r	B4	F128	B4-S016	rechte S-Lauf-/Mehrarmknotenstation	shedy	kurz absetzen; Schluss	kurz absetzen; Schluss	UNCHANGED_PORTABLE_VALUE	TERMINAL
P362	PROSE	f83r	B5	F129	B5-S001	linker offener Fransen-Endposten	otchdy	Nachtransfer; Schluss	Nachtransfer; Schluss	UNCHANGED_PORTABLE_VALUE	TERMINAL
P363	PROSE	f83r	B5	F130	B5-S002	linker offener Fransen-Endposten	qokchdy	einführen; Schluss	einführen; Schluss	UNCHANGED_PORTABLE_VALUE	TERMINAL
P364	PROSE	f83r	B5	F131	B5-S003	linker offener Fransen-Endposten	shedal	am Ziel absetzen	am Ziel absetzen	UNCHANGED_PORTABLE_VALUE	NONCLOSE
P365	PROSE	f83r	B5	F132	B5-S003	linker offener Fransen-Endposten	dal	dorthin	dorthin	UNCHANGED_PORTABLE_VALUE	NONCLOSE
P366	PROSE	f83r	B5	F132	B5-S003	linker offener Fransen-Endposten	cheol	weiter	weiter	UNCHANGED_PORTABLE_VALUE	NONCLOSE
P367	PROSE	f83r	B5	F132	B5-S003	linker offener Fransen-Endposten	lol	Weiterabzug	Weiterabzug	UNCHANGED_PORTABLE_VALUE	NONCLOSE
P368	PROSE	f83r	B5	F132	B5-S003	linker offener Fransen-Endposten	chdal	Zieltransfer	Zieltransfer	UNCHANGED_PORTABLE_VALUE	NONCLOSE
P369	PROSE	f83r	B5	F132	B5-S003	linker offener Fransen-Endposten	aiin	Sollwert	Sollwert	UNCHANGED_PORTABLE_VALUE	NONCLOSE
P370	PROSE	f83r	B5	F133	B5-S003	linker offener Fransen-Endposten	sol	weiter	weiter	UNCHANGED_PORTABLE_VALUE	NONCLOSE
P371	PROSE	f83r	B5	F133	B5-S003	linker offener Fransen-Endposten	daiiin	Endstufe	Endstufe	UNCHANGED_PORTABLE_VALUE	NONCLOSE
P372	PROSE	f83r	B5	F133	B5-S003	linker offener Fransen-Endposten	chedy	überführen	überführen	UNCHANGED_PORTABLE_VALUE	NONCLOSE
P373	PROSE	f83r	B6	F134	B6-S001	rechter S-Lauf-/Mehrarm-Endposten	solkeey	Langsammlung	Langsammlung	UNCHANGED_PORTABLE_VALUE	NONCLOSE
P374	PROSE	f83r	B6	F134	B6-S001	rechter S-Lauf-/Mehrarm-Endposten	qekey	kurz bearbeiten	kurz bearbeiten	UNCHANGED_PORTABLE_VALUE	NONCLOSE
P375	PROSE	f83r	B6	F134	B6-S001	rechter S-Lauf-/Mehrarm-Endposten	raly	Endposten	Endposten	UNCHANGED_PORTABLE_VALUE	NONCLOSE
P376	PROSE	f83r	B6	F134	B6-S001	rechter S-Lauf-/Mehrarm-Endposten	ol	weiter	weiter	UNCHANGED_PORTABLE_VALUE	NONCLOSE
P377	PROSE	f83r	B6	F135	B6-S001	rechter S-Lauf-/Mehrarm-Endposten	daiin	Sollwert	Sollwert	UNCHANGED_PORTABLE_VALUE	NONCLOSE
P378	PROSE	f83r	B6	F135	B6-S001	rechter S-Lauf-/Mehrarm-Endposten	ol	weiter	weiter	UNCHANGED_PORTABLE_VALUE	NONCLOSE
P379	PROSE	f83r	B6	F135	B6-S001	rechter S-Lauf-/Mehrarm-Endposten	dain	Einlage	Einlage	UNCHANGED_PORTABLE_VALUE	NONCLOSE
P380	PROSE	f83r	B6	F135	B6-S001	rechter S-Lauf-/Mehrarm-Endposten	chey	dies	dies	UNCHANGED_PORTABLE_VALUE	NONCLOSE
P381	PROSE	f83r	B6	F135	B6-S001	rechter S-Lauf-/Mehrarm-Endposten	ldalor	Endziel	Endziel	UNCHANGED_PORTABLE_VALUE	NONCLOSE
A001	ASTRO	f67r2	ZWEI_GETRENNTE_HIMMELSRAEDER_MIT_LOKALEN_RING_UND_FELDPLAETZEN	f67r2.1	F67_RIGHT_WHEEL_NS	A1_RIGHT_SECTOR_SLOT_01	ykshy	LOCAL_LABEL	Sektorplatz A1_RIGHT_SECTOR_SLOT_01: Position oder Bedingung halten; lokaler Namensrest yk/y.	ASTRO_LOCAL_LABEL_SIGN	DIAGRAM_LABEL
A002	ASTRO	f67r2	ZWEI_GETRENNTE_HIMMELSRAEDER_MIT_LOKALEN_RING_UND_FELDPLAETZEN	f67r2.1	F67_RIGHT_WHEEL_NS	A1_RIGHT_SECTOR_SLOT_01	s	LOCAL_LABEL	A1_RIGHT_SECTOR_SLOT_01: Nebenwert.	ASTRO_LOCAL_LABEL_SIGN	DIAGRAM_LABEL
A003	ASTRO	f67r2	ZWEI_GETRENNTE_HIMMELSRAEDER_MIT_LOKALEN_RING_UND_FELDPLAETZEN	f67r2.1	F67_RIGHT_WHEEL_NS	A1_RIGHT_SECTOR_SLOT_01	aram	LOCAL_LABEL	Sektorplatz A1_RIGHT_SECTOR_SLOT_01: Ausgangssektor, Ursprung oder Bezugswert; lokaler Namensrest am.	ASTRO_LOCAL_LABEL_SIGN	DIAGRAM_LABEL
A004	ASTRO	f67r2	ZWEI_GETRENNTE_HIMMELSRAEDER_MIT_LOKALEN_RING_UND_FELDPLAETZEN	f67r2.2	F67_RIGHT_WHEEL_NS	A1_RIGHT_SECTOR_SLOT_02	ykecho	LOCAL_LABEL	Sektorplatz A1_RIGHT_SECTOR_SLOT_02: Himmelsobjekt oder Eingangsbedingung; lokaler Namensrest ykec.	ASTRO_LOCAL_LABEL_SIGN	DIAGRAM_LABEL
A005	ASTRO	f67r2	ZWEI_GETRENNTE_HIMMELSRAEDER_MIT_LOKALEN_RING_UND_FELDPLAETZEN	f67r2.2	F67_RIGHT_WHEEL_NS	A1_RIGHT_SECTOR_SLOT_02	ols	LOCAL_LABEL	Sektorplatz A1_RIGHT_SECTOR_SLOT_02: im selben Ring, Band oder Satz fortsetzen; lokaler Namensrest s.	ASTRO_LOCAL_LABEL_SIGN	DIAGRAM_LABEL
A006	ASTRO	f67r2	ZWEI_GETRENNTE_HIMMELSRAEDER_MIT_LOKALEN_RING_UND_FELDPLAETZEN	f67r2.2	F67_RIGHT_WHEEL_NS	A1_RIGHT_SECTOR_SLOT_02	eesydy	LOCAL_LABEL	Sektorplatz A1_RIGHT_SECTOR_SLOT_02: lange oder volle Diagrammstufe; lokaler Namensrest sydy.	ASTRO_LOCAL_LABEL_SIGN	DIAGRAM_LABEL
A007	ASTRO	f67r2	ZWEI_GETRENNTE_HIMMELSRAEDER_MIT_LOKALEN_RING_UND_FELDPLAETZEN	f67r2.3	F67_RIGHT_WHEEL_NS	A1_RIGHT_SECTOR_SLOT_03	ey	LOCAL_LABEL	A1_RIGHT_SECTOR_SLOT_03: aktueller Auswahlwert.	ASTRO_LOCAL_LABEL_SIGN	DIAGRAM_LABEL
A008	ASTRO	f67r2	ZWEI_GETRENNTE_HIMMELSRAEDER_MIT_LOKALEN_RING_UND_FELDPLAETZEN	f67r2.3	F67_RIGHT_WHEEL_NS	A1_RIGHT_SECTOR_SLOT_03	shs	LOCAL_LABEL	Sektorplatz A1_RIGHT_SECTOR_SLOT_03: Position oder Bedingung halten; lokaler Namensrest s.	ASTRO_LOCAL_LABEL_SIGN	DIAGRAM_LABEL
A009	ASTRO	f67r2	ZWEI_GETRENNTE_HIMMELSRAEDER_MIT_LOKALEN_RING_UND_FELDPLAETZEN	f67r2.3	F67_RIGHT_WHEEL_NS	A1_RIGHT_SECTOR_SLOT_03	okar	LOCAL_LABEL	Sektorplatz A1_RIGHT_SECTOR_SLOT_03: Diagrammposten setzen oder aktivieren + Ausgangssektor, Ursprung oder Bezugswert.	ASTRO_LOCAL_LABEL_SIGN	DIAGRAM_LABEL
A010	ASTRO	f67r2	ZWEI_GETRENNTE_HIMMELSRAEDER_MIT_LOKALEN_RING_UND_FELDPLAETZEN	f67r2.4	F67_RIGHT_WHEEL_NS	A1_RIGHT_SECTOR_SLOT_04	shekchy	LOCAL_LABEL	Sektorplatz A1_RIGHT_SECTOR_SLOT_04: Position oder Bedingung halten + Diagrammplatz berechnen oder bearbeiten; lokaler Namensrest e/y.	ASTRO_LOCAL_LABEL_SIGN	DIAGRAM_LABEL
A011	ASTRO	f67r2	ZWEI_GETRENNTE_HIMMELSRAEDER_MIT_LOKALEN_RING_UND_FELDPLAETZEN	f67r2.4	F67_RIGHT_WHEEL_NS	A1_RIGHT_SECTOR_SLOT_04	sykos	LOCAL_LABEL	A1_RIGHT_SECTOR_SLOT_04: sekundäre Grundklasse.	ASTRO_LOCAL_LABEL_SIGN	DIAGRAM_LABEL
A012	ASTRO	f67r2	ZWEI_GETRENNTE_HIMMELSRAEDER_MIT_LOKALEN_RING_UND_FELDPLAETZEN	f67r2.5	F67_RIGHT_WHEEL_NS	A1_RIGHT_SECTOR_SLOT_05	ykeody	LOCAL_LABEL	A1_RIGHT_SECTOR_SLOT_05: Klassenplatz fest eingetragen.	ASTRO_LOCAL_LABEL_SIGN	DIAGRAM_LABEL
A013	ASTRO	f67r2	ZWEI_GETRENNTE_HIMMELSRAEDER_MIT_LOKALEN_RING_UND_FELDPLAETZEN	f67r2.5	F67_RIGHT_WHEEL_NS	A1_RIGHT_SECTOR_SLOT_05	okchy	POSTEN_SETZEN	Sektorplatz A1_RIGHT_SECTOR_SLOT_05: diesen Diagrammposten setzen.	KNOWN_PROSE_CARD_IN_ASTRO	DIAGRAM_LABEL
A014	ASTRO	f67r2	ZWEI_GETRENNTE_HIMMELSRAEDER_MIT_LOKALEN_RING_UND_FELDPLAETZEN	f67r2.6	F67_RIGHT_WHEEL_NS	A1_RIGHT_SECTOR_SLOT_06	dchetay	LOCAL_LABEL	A1_RIGHT_SECTOR_SLOT_06: fester Hauptphasenwert.	ASTRO_LOCAL_LABEL_SIGN	DIAGRAM_LABEL
A015	ASTRO	f67r2	ZWEI_GETRENNTE_HIMMELSRAEDER_MIT_LOKALEN_RING_UND_FELDPLAETZEN	f67r2.7	F67_RIGHT_WHEEL_NS	A1_RIGHT_SECTOR_SLOT_07	ykchy	LOCAL_LABEL	Sektorplatz A1_RIGHT_SECTOR_SLOT_07: Diagrammplatz berechnen oder bearbeiten; lokaler Namensrest y/y.	ASTRO_LOCAL_LABEL_SIGN	DIAGRAM_LABEL
A016	ASTRO	f67r2	ZWEI_GETRENNTE_HIMMELSRAEDER_MIT_LOKALEN_RING_UND_FELDPLAETZEN	f67r2.7	F67_RIGHT_WHEEL_NS	A1_RIGHT_SECTOR_SLOT_07	kchey	PLATZ_KURZ_BEARBEITEN	Sektorplatz A1_RIGHT_SECTOR_SLOT_07: diesen Diagrammplatz kurz bearbeiten.	KNOWN_PROSE_CARD_IN_ASTRO	DIAGRAM_LABEL
A017	ASTRO	f67r2	ZWEI_GETRENNTE_HIMMELSRAEDER_MIT_LOKALEN_RING_UND_FELDPLAETZEN	f67r2.7	F67_RIGHT_WHEEL_NS	A1_RIGHT_SECTOR_SLOT_07	ykchys	LOCAL_LABEL	Sektorplatz A1_RIGHT_SECTOR_SLOT_07: Diagrammplatz berechnen oder bearbeiten; lokaler Namensrest y/ys.	ASTRO_LOCAL_LABEL_SIGN	DIAGRAM_LABEL
A018	ASTRO	f67r2	ZWEI_GETRENNTE_HIMMELSRAEDER_MIT_LOKALEN_RING_UND_FELDPLAETZEN	f67r2.8	F67_RIGHT_WHEEL_NS	A1_RIGHT_SECTOR_SLOT_08	chkchdar	LOCAL_LABEL	Sektorplatz A1_RIGHT_SECTOR_SLOT_08: Grad oder Diagrammzustand justieren + Wert oder Platzbezug uebertragen + Ausgangssektor, Ursprung oder Bezugswert.	ASTRO_LOCAL_LABEL_SIGN	DIAGRAM_LABEL
A019	ASTRO	f67r2	ZWEI_GETRENNTE_HIMMELSRAEDER_MIT_LOKALEN_RING_UND_FELDPLAETZEN	f67r2.9	F67_RIGHT_WHEEL_NS	A1_RIGHT_SECTOR_SLOT_09	ykar	LOCAL_LABEL	Sektorplatz A1_RIGHT_SECTOR_SLOT_09: Ausgangssektor, Ursprung oder Bezugswert; lokaler Namensrest yk.	ASTRO_LOCAL_LABEL_SIGN	DIAGRAM_LABEL
A020	ASTRO	f67r2	ZWEI_GETRENNTE_HIMMELSRAEDER_MIT_LOKALEN_RING_UND_FELDPLAETZEN	f67r2.9	F67_RIGHT_WHEEL_NS	A1_RIGHT_SECTOR_SLOT_09	ykaly	LOCAL_LABEL	Sektorplatz A1_RIGHT_SECTOR_SLOT_09: Zielsektor, Zielstern oder Zielfeld; lokaler Namensrest yk/y.	ASTRO_LOCAL_LABEL_SIGN	DIAGRAM_LABEL
A021	ASTRO	f67r2	ZWEI_GETRENNTE_HIMMELSRAEDER_MIT_LOKALEN_RING_UND_FELDPLAETZEN	f67r2.10	F67_RIGHT_WHEEL_NS	A1_RIGHT_SECTOR_SLOT_10	lkshy	LOCAL_LABEL	Sektorplatz A1_RIGHT_SECTOR_SLOT_10: Position oder Bedingung halten; lokaler Namensrest lk/y.	ASTRO_LOCAL_LABEL_SIGN	DIAGRAM_LABEL
A022	ASTRO	f67r2	ZWEI_GETRENNTE_HIMMELSRAEDER_MIT_LOKALEN_RING_UND_FELDPLAETZEN	f67r2.10	F67_RIGHT_WHEEL_NS	A1_RIGHT_SECTOR_SLOT_10	kchy	PLATZ_BEARBEITEN	Sektorplatz A1_RIGHT_SECTOR_SLOT_10: diesen Diagrammplatz bearbeiten.	KNOWN_PROSE_CARD_IN_ASTRO	DIAGRAM_LABEL
A023	ASTRO	f67r2	ZWEI_GETRENNTE_HIMMELSRAEDER_MIT_LOKALEN_RING_UND_FELDPLAETZEN	f67r2.10	F67_RIGHT_WHEEL_NS	A1_RIGHT_SECTOR_SLOT_10	okar	LOCAL_LABEL	Sektorplatz A1_RIGHT_SECTOR_SLOT_10: Diagrammposten setzen oder aktivieren + Ausgangssektor, Ursprung oder Bezugswert.	ASTRO_LOCAL_LABEL_SIGN	DIAGRAM_LABEL
A024	ASTRO	f67r2	ZWEI_GETRENNTE_HIMMELSRAEDER_MIT_LOKALEN_RING_UND_FELDPLAETZEN	f67r2.11	F67_RIGHT_WHEEL_NS	A1_RIGHT_SECTOR_SLOT_11	chky	LOCAL_LABEL	Sektorplatz A1_RIGHT_SECTOR_SLOT_11: Grad oder Diagrammzustand justieren; lokaler Namensrest y.	ASTRO_LOCAL_LABEL_SIGN	DIAGRAM_LABEL
A025	ASTRO	f67r2	ZWEI_GETRENNTE_HIMMELSRAEDER_MIT_LOKALEN_RING_UND_FELDPLAETZEN	f67r2.11	F67_RIGHT_WHEEL_NS	A1_RIGHT_SECTOR_SLOT_11	chykchs	LOCAL_LABEL	Sektorplatz A1_RIGHT_SECTOR_SLOT_11: Diagrammplatz berechnen oder bearbeiten; lokaler Namensrest chy/s.	ASTRO_LOCAL_LABEL_SIGN	DIAGRAM_LABEL
A026	ASTRO	f67r2	ZWEI_GETRENNTE_HIMMELSRAEDER_MIT_LOKALEN_RING_UND_FELDPLAETZEN	f67r2.11	F67_RIGHT_WHEEL_NS	A1_RIGHT_SECTOR_SLOT_11	chy	dies	Sektorplatz A1_RIGHT_SECTOR_SLOT_11: dieser lokale Diagrammposten.	THREE_REGISTER_COMMON_CORE	DIAGRAM_LABEL
A027	ASTRO	f67r2	ZWEI_GETRENNTE_HIMMELSRAEDER_MIT_LOKALEN_RING_UND_FELDPLAETZEN	f67r2.12	F67_RIGHT_WHEEL_NS	A1_RIGHT_SECTOR_SLOT_12	ykees	LOCAL_LABEL	Sektorplatz A1_RIGHT_SECTOR_SLOT_12: lange oder volle Diagrammstufe; lokaler Namensrest yk/s.	ASTRO_LOCAL_LABEL_SIGN	DIAGRAM_LABEL
A028	ASTRO	f67r2	ZWEI_GETRENNTE_HIMMELSRAEDER_MIT_LOKALEN_RING_UND_FELDPLAETZEN	f67r2.12	F67_RIGHT_WHEEL_NS	A1_RIGHT_SECTOR_SLOT_12	ykchos	LOCAL_LABEL	Sektorplatz A1_RIGHT_SECTOR_SLOT_12: Diagrammplatz berechnen oder bearbeiten; lokaler Namensrest y/os.	ASTRO_LOCAL_LABEL_SIGN	DIAGRAM_LABEL
A029	ASTRO	f67r2	ZWEI_GETRENNTE_HIMMELSRAEDER_MIT_LOKALEN_RING_UND_FELDPLAETZEN	f67r2.13	F67_RIGHT_WHEEL_NS	A1_RIGHT_RING_BAND_01	opodchol	LOCAL_LABEL	Ring- oder Bandstelle A1_RIGHT_RING_BAND_01: im selben Ring, Band oder Satz fortsetzen; lokaler Namensrest opodch.	ASTRO_LOCAL_LABEL_SIGN	DIAGRAM_LABEL
A030	ASTRO	f67r2	ZWEI_GETRENNTE_HIMMELSRAEDER_MIT_LOKALEN_RING_UND_FELDPLAETZEN	f67r2.13	F67_RIGHT_WHEEL_NS	A1_RIGHT_RING_BAND_01	s	LOCAL_LABEL	A1_RIGHT_RING_BAND_01: Nebenwert.	ASTRO_LOCAL_LABEL_SIGN	DIAGRAM_LABEL
A031	ASTRO	f67r2	ZWEI_GETRENNTE_HIMMELSRAEDER_MIT_LOKALEN_RING_UND_FELDPLAETZEN	f67r2.13	F67_RIGHT_WHEEL_NS	A1_RIGHT_RING_BAND_01	ain	LOCAL_LABEL	Ring- oder Bandstelle A1_RIGHT_RING_BAND_01: gezaehlter Teil oder Unterabschnitt.	ASTRO_LOCAL_LABEL_SIGN	DIAGRAM_LABEL
A032	ASTRO	f67r2	ZWEI_GETRENNTE_HIMMELSRAEDER_MIT_LOKALEN_RING_UND_FELDPLAETZEN	f67r2.13	F67_RIGHT_WHEEL_NS	A1_RIGHT_RING_BAND_01	aldy	LOCAL_LABEL	Ring- oder Bandstelle A1_RIGHT_RING_BAND_01: Zielsektor, Zielstern oder Zielfeld; lokaler Namensrest dy.	ASTRO_LOCAL_LABEL_SIGN	DIAGRAM_LABEL
A033	ASTRO	f67r2	ZWEI_GETRENNTE_HIMMELSRAEDER_MIT_LOKALEN_RING_UND_FELDPLAETZEN	f67r2.14	F67_RIGHT_WHEEL_NS	A1_RIGHT_RING_BAND_02	soeey	LOCAL_LABEL	Ring- oder Bandstelle A1_RIGHT_RING_BAND_02: lange oder volle Diagrammstufe; lokaler Namensrest so/y.	ASTRO_LOCAL_LABEL_SIGN	DIAGRAM_LABEL
A034	ASTRO	f67r2	ZWEI_GETRENNTE_HIMMELSRAEDER_MIT_LOKALEN_RING_UND_FELDPLAETZEN	f67r2.14	F67_RIGHT_WHEEL_NS	A1_RIGHT_RING_BAND_02	doiin	LOCAL_LABEL	Ring- oder Bandstelle A1_RIGHT_RING_BAND_02: Grad- oder Bedingungsstufe; lokaler Namensrest do.	ASTRO_LOCAL_LABEL_SIGN	DIAGRAM_LABEL
A035	ASTRO	f67r2	ZWEI_GETRENNTE_HIMMELSRAEDER_MIT_LOKALEN_RING_UND_FELDPLAETZEN	f67r2.14	F67_RIGHT_WHEEL_NS	A1_RIGHT_RING_BAND_02	oldy	fertig	Ring- oder Bandstelle A1_RIGHT_RING_BAND_02: fortsetzen und den Eintrag schliessen.	THREE_REGISTER_COMMON_CORE	DIAGRAM_LABEL
A036	ASTRO	f67r2	ZWEI_GETRENNTE_HIMMELSRAEDER_MIT_LOKALEN_RING_UND_FELDPLAETZEN	f67r2.15	F67_LEFT_WHEEL_NS	A1_LEFT_LOCAL_FIELD_15	dolchsody	LOCAL_LABEL	Sternplatz A1_LEFT_LOCAL_FIELD_15: im selben Ring, Band oder Satz fortsetzen; lokaler Namensrest d/chsody.	ASTRO_LOCAL_LABEL_SIGN	DIAGRAM_LABEL
A037	ASTRO	f67r2	ZWEI_GETRENNTE_HIMMELSRAEDER_MIT_LOKALEN_RING_UND_FELDPLAETZEN	f67r2.16	F67_LEFT_WHEEL_NS	A1_LEFT_LOCAL_FIELD_16	odaeiin	LOCAL_LABEL	Sternplatz A1_LEFT_LOCAL_FIELD_16: Grad- oder Bedingungsstufe; lokaler Namensrest odae.	ASTRO_LOCAL_LABEL_SIGN	DIAGRAM_LABEL
A038	ASTRO	f67r2	ZWEI_GETRENNTE_HIMMELSRAEDER_MIT_LOKALEN_RING_UND_FELDPLAETZEN	f67r2.16	F67_LEFT_WHEEL_NS	A1_LEFT_LOCAL_FIELD_16	okoes	LOCAL_LABEL	Sternplatz A1_LEFT_LOCAL_FIELD_16: Diagrammposten setzen oder aktivieren; lokaler Namensrest oes.	ASTRO_LOCAL_LABEL_SIGN	DIAGRAM_LABEL
A039	ASTRO	f67r2	ZWEI_GETRENNTE_HIMMELSRAEDER_MIT_LOKALEN_RING_UND_FELDPLAETZEN	f67r2.16	F67_LEFT_WHEEL_NS	A1_LEFT_LOCAL_FIELD_16	oekain	LOCAL_LABEL	Sternplatz A1_LEFT_LOCAL_FIELD_16: gezaehlter Teil oder Unterabschnitt; lokaler Namensrest oek.	ASTRO_LOCAL_LABEL_SIGN	DIAGRAM_LABEL
A040	ASTRO	f67r2	ZWEI_GETRENNTE_HIMMELSRAEDER_MIT_LOKALEN_RING_UND_FELDPLAETZEN	f67r2.16	F67_LEFT_WHEEL_NS	A1_LEFT_LOCAL_FIELD_16	y	dies	Sternplatz A1_LEFT_LOCAL_FIELD_16: dieser lokale Diagrammposten.	THREE_REGISTER_COMMON_CORE	DIAGRAM_LABEL
A041	ASTRO	f67r2	ZWEI_GETRENNTE_HIMMELSRAEDER_MIT_LOKALEN_RING_UND_FELDPLAETZEN	f67r2.17	F67_LEFT_WHEEL_NS	A1_LEFT_LOCAL_FIELD_17	otchey	das nächste	Sternplatz A1_LEFT_LOCAL_FIELD_17: naechster Diagrammposten.	THREE_REGISTER_COMMON_CORE	DIAGRAM_LABEL
A042	ASTRO	f67r2	ZWEI_GETRENNTE_HIMMELSRAEDER_MIT_LOKALEN_RING_UND_FELDPLAETZEN	f67r2.17	F67_LEFT_WHEEL_NS	A1_LEFT_LOCAL_FIELD_17	soraiir	LOCAL_LABEL	Sternplatz A1_LEFT_LOCAL_FIELD_17: Bedingungs-, Tabellen- oder Wahlansatz; lokaler Namensrest s/aiir.	ASTRO_LOCAL_LABEL_SIGN	DIAGRAM_LABEL
A043	ASTRO	f67r2	ZWEI_GETRENNTE_HIMMELSRAEDER_MIT_LOKALEN_RING_UND_FELDPLAETZEN	f67r2.17	F67_LEFT_WHEEL_NS	A1_LEFT_LOCAL_FIELD_17	dy	dies	Sternplatz A1_LEFT_LOCAL_FIELD_17: dieser lokale Diagrammposten.	THREE_REGISTER_COMMON_CORE	DIAGRAM_LABEL
A044	ASTRO	f67r2	ZWEI_GETRENNTE_HIMMELSRAEDER_MIT_LOKALEN_RING_UND_FELDPLAETZEN	f67r2.18	F67_LEFT_WHEEL_NS	A1_LEFT_LOCAL_FIELD_18	qopchy	LOCAL_LABEL	A1_LEFT_LOCAL_FIELD_18: neuer Paarbezug.	ASTRO_LOCAL_LABEL_SIGN	DIAGRAM_LABEL
A045	ASTRO	f67r2	ZWEI_GETRENNTE_HIMMELSRAEDER_MIT_LOKALEN_RING_UND_FELDPLAETZEN	f67r2.18	F67_LEFT_WHEEL_NS	A1_LEFT_LOCAL_FIELD_18	daiin	Sollwert	Sternplatz A1_LEFT_LOCAL_FIELD_18: Sollwert oder Grad des bezeichneten Himmelsplatzes.	THREE_REGISTER_COMMON_CORE	DIAGRAM_LABEL
A046	ASTRO	f67r2	ZWEI_GETRENNTE_HIMMELSRAEDER_MIT_LOKALEN_RING_UND_FELDPLAETZEN	f67r2.18	F67_LEFT_WHEEL_NS	A1_LEFT_LOCAL_FIELD_18	dal	dorthin	Sternplatz A1_LEFT_LOCAL_FIELD_18: zum bezeichneten Zielplatz.	THREE_REGISTER_COMMON_CORE	DIAGRAM_LABEL
A047	ASTRO	f67r2	ZWEI_GETRENNTE_HIMMELSRAEDER_MIT_LOKALEN_RING_UND_FELDPLAETZEN	f67r2.19	F67_LEFT_WHEEL_NS	A1_LEFT_LOCAL_FIELD_19	ydchos	LOCAL_LABEL	Sternplatz A1_LEFT_LOCAL_FIELD_19: Himmelsobjekt oder Eingangsbedingung; lokaler Namensrest ydc/s.	ASTRO_LOCAL_LABEL_SIGN	DIAGRAM_LABEL
A048	ASTRO	f67r2	ZWEI_GETRENNTE_HIMMELSRAEDER_MIT_LOKALEN_RING_UND_FELDPLAETZEN	f67r2.19	F67_LEFT_WHEEL_NS	A1_LEFT_LOCAL_FIELD_19	ain	LOCAL_LABEL	Sternplatz A1_LEFT_LOCAL_FIELD_19: gezaehlter Teil oder Unterabschnitt.	ASTRO_LOCAL_LABEL_SIGN	DIAGRAM_LABEL
A049	ASTRO	f67r2	ZWEI_GETRENNTE_HIMMELSRAEDER_MIT_LOKALEN_RING_UND_FELDPLAETZEN	f67r2.19	F67_LEFT_WHEEL_NS	A1_LEFT_LOCAL_FIELD_19	ar	LOCAL_LABEL	Sternplatz A1_LEFT_LOCAL_FIELD_19: Ausgangssektor, Ursprung oder Bezugswert.	ASTRO_LOCAL_LABEL_SIGN	DIAGRAM_LABEL
A050	ASTRO	f67r2	ZWEI_GETRENNTE_HIMMELSRAEDER_MIT_LOKALEN_RING_UND_FELDPLAETZEN	f67r2.19	F67_LEFT_WHEEL_NS	A1_LEFT_LOCAL_FIELD_19	amy	LOCAL_LABEL	A1_LEFT_LOCAL_FIELD_19: aktueller Aspektwert.	ASTRO_LOCAL_LABEL_SIGN	DIAGRAM_LABEL
A051	ASTRO	f67r2	ZWEI_GETRENNTE_HIMMELSRAEDER_MIT_LOKALEN_RING_UND_FELDPLAETZEN	f67r2.20	F67_LEFT_WHEEL_NS	A1_LEFT_LOCAL_FIELD_20	chocfhy	LOCAL_LABEL	Sternplatz A1_LEFT_LOCAL_FIELD_20: Himmelsobjekt oder Eingangsbedingung; lokaler Namensrest c/cfhy.	ASTRO_LOCAL_LABEL_SIGN	DIAGRAM_LABEL
A052	ASTRO	f67r2	ZWEI_GETRENNTE_HIMMELSRAEDER_MIT_LOKALEN_RING_UND_FELDPLAETZEN	f67r2.20	F67_LEFT_WHEEL_NS	A1_LEFT_LOCAL_FIELD_20	saral	LOCAL_LABEL	Sternplatz A1_LEFT_LOCAL_FIELD_20: Ausgangssektor, Ursprung oder Bezugswert + Zielsektor, Zielstern oder Zielfeld; lokaler Namensrest s.	ASTRO_LOCAL_LABEL_SIGN	DIAGRAM_LABEL
A053	ASTRO	f67r2	ZWEI_GETRENNTE_HIMMELSRAEDER_MIT_LOKALEN_RING_UND_FELDPLAETZEN	f67r2.21	F67_LEFT_WHEEL_NS	A1_LEFT_LOCAL_FIELD_21	sain	LOCAL_LABEL	Sternplatz A1_LEFT_LOCAL_FIELD_21: gezaehlter Teil oder Unterabschnitt; lokaler Namensrest s.	ASTRO_LOCAL_LABEL_SIGN	DIAGRAM_LABEL
A054	ASTRO	f67r2	ZWEI_GETRENNTE_HIMMELSRAEDER_MIT_LOKALEN_RING_UND_FELDPLAETZEN	f67r2.21	F67_LEFT_WHEEL_NS	A1_LEFT_LOCAL_FIELD_21	am	LOCAL_LABEL	A1_LEFT_LOCAL_FIELD_21: Aspektwert.	ASTRO_LOCAL_LABEL_SIGN	DIAGRAM_LABEL
A055	ASTRO	f67r2	ZWEI_GETRENNTE_HIMMELSRAEDER_MIT_LOKALEN_RING_UND_FELDPLAETZEN	f67r2.21	F67_LEFT_WHEEL_NS	A1_LEFT_LOCAL_FIELD_21	ar	LOCAL_LABEL	Sternplatz A1_LEFT_LOCAL_FIELD_21: Ausgangssektor, Ursprung oder Bezugswert.	ASTRO_LOCAL_LABEL_SIGN	DIAGRAM_LABEL
A056	ASTRO	f67r2	ZWEI_GETRENNTE_HIMMELSRAEDER_MIT_LOKALEN_RING_UND_FELDPLAETZEN	f67r2.22	F67_LEFT_WHEEL_NS	A1_LEFT_LOCAL_FIELD_22	okal	dorthin einsetzen	Sternplatz A1_LEFT_LOCAL_FIELD_22: am Zielplatz setzen.	THREE_REGISTER_COMMON_CORE	DIAGRAM_LABEL
A057	ASTRO	f67r2	ZWEI_GETRENNTE_HIMMELSRAEDER_MIT_LOKALEN_RING_UND_FELDPLAETZEN	f67r2.23	F67_LEFT_WHEEL_NS	A1_LEFT_LOCAL_FIELD_23	oparchy	LOCAL_LABEL	Sternplatz A1_LEFT_LOCAL_FIELD_23: Ausgangssektor, Ursprung oder Bezugswert; lokaler Namensrest op/chy.	ASTRO_LOCAL_LABEL_SIGN	DIAGRAM_LABEL
A058	ASTRO	f67r2	ZWEI_GETRENNTE_HIMMELSRAEDER_MIT_LOKALEN_RING_UND_FELDPLAETZEN	f67r2.23	F67_LEFT_WHEEL_NS	A1_LEFT_LOCAL_FIELD_23	salsain	LOCAL_LABEL	Sternplatz A1_LEFT_LOCAL_FIELD_23: Zielsektor, Zielstern oder Zielfeld + gezaehlter Teil oder Unterabschnitt; lokaler Namensrest s/s.	ASTRO_LOCAL_LABEL_SIGN	DIAGRAM_LABEL
A059	ASTRO	f67r2	ZWEI_GETRENNTE_HIMMELSRAEDER_MIT_LOKALEN_RING_UND_FELDPLAETZEN	f67r2.24	F67_LEFT_WHEEL_NS	A1_LEFT_LOCAL_FIELD_24	sodar	LOCAL_LABEL	Sternplatz A1_LEFT_LOCAL_FIELD_24: Ausgangssektor, Ursprung oder Bezugswert; lokaler Namensrest sod.	ASTRO_LOCAL_LABEL_SIGN	DIAGRAM_LABEL
A060	ASTRO	f67r2	ZWEI_GETRENNTE_HIMMELSRAEDER_MIT_LOKALEN_RING_UND_FELDPLAETZEN	f67r2.24	F67_LEFT_WHEEL_NS	A1_LEFT_LOCAL_FIELD_24	ofar	LOCAL_LABEL	Sternplatz A1_LEFT_LOCAL_FIELD_24: Ausgangssektor, Ursprung oder Bezugswert; lokaler Namensrest of.	ASTRO_LOCAL_LABEL_SIGN	DIAGRAM_LABEL
A061	ASTRO	f67r2	ZWEI_GETRENNTE_HIMMELSRAEDER_MIT_LOKALEN_RING_UND_FELDPLAETZEN	f67r2.24	F67_LEFT_WHEEL_NS	A1_LEFT_LOCAL_FIELD_24	ar	LOCAL_LABEL	Sternplatz A1_LEFT_LOCAL_FIELD_24: Ausgangssektor, Ursprung oder Bezugswert.	ASTRO_LOCAL_LABEL_SIGN	DIAGRAM_LABEL
A062	ASTRO	f67r2	ZWEI_GETRENNTE_HIMMELSRAEDER_MIT_LOKALEN_RING_UND_FELDPLAETZEN	f67r2.25	F67_LEFT_WHEEL_NS	A1_LEFT_LOCAL_FIELD_25	ydam	LOCAL_LABEL	A1_LEFT_LOCAL_FIELD_25: festgelegter Aspektwert.	ASTRO_LOCAL_LABEL_SIGN	DIAGRAM_LABEL
A063	ASTRO	f67r2	ZWEI_GETRENNTE_HIMMELSRAEDER_MIT_LOKALEN_RING_UND_FELDPLAETZEN	f67r2.26	F67_LEFT_WHEEL_NS	A1_LEFT_LOCAL_FIELD_26	yteoor	LOCAL_LABEL	Sternplatz A1_LEFT_LOCAL_FIELD_26: Bedingungs-, Tabellen- oder Wahlansatz; lokaler Namensrest yteo.	ASTRO_LOCAL_LABEL_SIGN	DIAGRAM_LABEL
A064	ASTRO	f67r2	ZWEI_GETRENNTE_HIMMELSRAEDER_MIT_LOKALEN_RING_UND_FELDPLAETZEN	f67r2.26	F67_LEFT_WHEEL_NS	A1_LEFT_LOCAL_FIELD_26	yto	LOCAL_LABEL	A1_LEFT_LOCAL_FIELD_26: aktueller Platz.	ASTRO_LOCAL_LABEL_SIGN	DIAGRAM_LABEL
A065	ASTRO	f67r2	ZWEI_GETRENNTE_HIMMELSRAEDER_MIT_LOKALEN_RING_UND_FELDPLAETZEN	f67r2.26	F67_LEFT_WHEEL_NS	A1_LEFT_LOCAL_FIELD_26	ykor	LOCAL_LABEL	Sternplatz A1_LEFT_LOCAL_FIELD_26: Bedingungs-, Tabellen- oder Wahlansatz; lokaler Namensrest yk.	ASTRO_LOCAL_LABEL_SIGN	DIAGRAM_LABEL
A066	ASTRO	f67r2	ZWEI_GETRENNTE_HIMMELSRAEDER_MIT_LOKALEN_RING_UND_FELDPLAETZEN	f67r2.27	F67_LEFT_WHEEL_NS	A1_LEFT_LOCAL_FIELD_27	okeo	LOCAL_LABEL	Sternplatz A1_LEFT_LOCAL_FIELD_27: Diagrammposten setzen oder aktivieren; lokaler Namensrest eo.	ASTRO_LOCAL_LABEL_SIGN	DIAGRAM_LABEL
A067	ASTRO	f67r2	ZWEI_GETRENNTE_HIMMELSRAEDER_MIT_LOKALEN_RING_UND_FELDPLAETZEN	f67r2.27	F67_LEFT_WHEEL_NS	A1_LEFT_LOCAL_FIELD_27	r	LOCAL_LABEL	A1_LEFT_LOCAL_FIELD_27: Bezugswert.	ASTRO_LOCAL_LABEL_SIGN	DIAGRAM_LABEL
A068	ASTRO	f67r2	ZWEI_GETRENNTE_HIMMELSRAEDER_MIT_LOKALEN_RING_UND_FELDPLAETZEN	f67r2.27	F67_LEFT_WHEEL_NS	A1_LEFT_LOCAL_FIELD_27	aiin	Sollwert	Sternplatz A1_LEFT_LOCAL_FIELD_27: Sollwert oder Grad des bezeichneten Himmelsplatzes.	THREE_REGISTER_COMMON_CORE	DIAGRAM_LABEL
A069	ASTRO	f67r2	ZWEI_GETRENNTE_HIMMELSRAEDER_MIT_LOKALEN_RING_UND_FELDPLAETZEN	f67r2.27	F67_LEFT_WHEEL_NS	A1_LEFT_LOCAL_FIELD_27	am	LOCAL_LABEL	A1_LEFT_LOCAL_FIELD_27: Aspektwert.	ASTRO_LOCAL_LABEL_SIGN	DIAGRAM_LABEL
A070	ASTRO	f67r2	ZWEI_GETRENNTE_HIMMELSRAEDER_MIT_LOKALEN_RING_UND_FELDPLAETZEN	f67r2.28	F67_LEFT_WHEEL_NS	A1_LEFT_LOCAL_FIELD_28	okain	TEILWERT_ZUGEBEN	Sternplatz A1_LEFT_LOCAL_FIELD_28: einen gezaehlten Teilwert zugeben.	KNOWN_PROSE_CARD_IN_ASTRO	DIAGRAM_LABEL
A071	ASTRO	f67r2	ZWEI_GETRENNTE_HIMMELSRAEDER_MIT_LOKALEN_RING_UND_FELDPLAETZEN	f67r2.28	F67_LEFT_WHEEL_NS	A1_LEFT_LOCAL_FIELD_28	am	LOCAL_LABEL	A1_LEFT_LOCAL_FIELD_28: Aspektwert.	ASTRO_LOCAL_LABEL_SIGN	DIAGRAM_LABEL
A072	ASTRO	f67r2	ZWEI_GETRENNTE_HIMMELSRAEDER_MIT_LOKALEN_RING_UND_FELDPLAETZEN	f67r2.29	F67_LEFT_WHEEL_NS	A1_LEFT_LOCAL_FIELD_29	ytody	LOCAL_LABEL	A1_LEFT_LOCAL_FIELD_29: Platz fest eingetragen.	ASTRO_LOCAL_LABEL_SIGN	DIAGRAM_LABEL
A073	ASTRO	f67r2	ZWEI_GETRENNTE_HIMMELSRAEDER_MIT_LOKALEN_RING_UND_FELDPLAETZEN	f67r2.29	F67_LEFT_WHEEL_NS	A1_LEFT_LOCAL_FIELD_29	saiin	Sollwert	Sternplatz A1_LEFT_LOCAL_FIELD_29: Sollwert oder Grad des bezeichneten Himmelsplatzes.	THREE_REGISTER_COMMON_CORE	DIAGRAM_LABEL
A074	ASTRO	f67r2	ZWEI_GETRENNTE_HIMMELSRAEDER_MIT_LOKALEN_RING_UND_FELDPLAETZEN	f67r2.30	F67_LEFT_WHEEL_NS	A1_LEFT_LOCAL_FIELD_30	ochol	LOCAL_LABEL	Sternplatz A1_LEFT_LOCAL_FIELD_30: im selben Ring, Band oder Satz fortsetzen; lokaler Namensrest och.	ASTRO_LOCAL_LABEL_SIGN	DIAGRAM_LABEL
A075	ASTRO	f67r2	ZWEI_GETRENNTE_HIMMELSRAEDER_MIT_LOKALEN_RING_UND_FELDPLAETZEN	f67r2.30	F67_LEFT_WHEEL_NS	A1_LEFT_LOCAL_FIELD_30	olol	LOCAL_LABEL	Sternplatz A1_LEFT_LOCAL_FIELD_30: im selben Ring, Band oder Satz fortsetzen + im selben Ring, Band oder Satz fortsetzen.	ASTRO_LOCAL_LABEL_SIGN	DIAGRAM_LABEL
A076	ASTRO	f67r2	ZWEI_GETRENNTE_HIMMELSRAEDER_MIT_LOKALEN_RING_UND_FELDPLAETZEN	f67r2.31	F67_LEFT_WHEEL_NS	A1_LEFT_LOCAL_FIELD_31	opcholdy	LOCAL_LABEL	Sternplatz A1_LEFT_LOCAL_FIELD_31: im selben Ring, Band oder Satz fortsetzen; lokaler Namensrest opch/dy.	ASTRO_LOCAL_LABEL_SIGN	DIAGRAM_LABEL
A077	ASTRO	f67r2	ZWEI_GETRENNTE_HIMMELSRAEDER_MIT_LOKALEN_RING_UND_FELDPLAETZEN	f67r2.32	F67_LEFT_WHEEL_NS	A1_LEFT_LOCAL_FIELD_32	dosar	LOCAL_LABEL	Sternplatz A1_LEFT_LOCAL_FIELD_32: Ausgangssektor, Ursprung oder Bezugswert; lokaler Namensrest dos.	ASTRO_LOCAL_LABEL_SIGN	DIAGRAM_LABEL
A078	ASTRO	f67r2	ZWEI_GETRENNTE_HIMMELSRAEDER_MIT_LOKALEN_RING_UND_FELDPLAETZEN	f67r2.32	F67_LEFT_WHEEL_NS	A1_LEFT_LOCAL_FIELD_32	odas	LOCAL_LABEL	A1_LEFT_LOCAL_FIELD_32: fester Nebenwert.	ASTRO_LOCAL_LABEL_SIGN	DIAGRAM_LABEL
A079	ASTRO	f67r2	ZWEI_GETRENNTE_HIMMELSRAEDER_MIT_LOKALEN_RING_UND_FELDPLAETZEN	f67r2.32	F67_LEFT_WHEEL_NS	A1_LEFT_LOCAL_FIELD_32	air	LOCAL_LABEL	Sternplatz A1_LEFT_LOCAL_FIELD_32: Himmels-, Ring- oder Zeigerlauf.	ASTRO_LOCAL_LABEL_SIGN	DIAGRAM_LABEL
A080	ASTRO	f67r2	ZWEI_GETRENNTE_HIMMELSRAEDER_MIT_LOKALEN_RING_UND_FELDPLAETZEN	f67r2.32	F67_LEFT_WHEEL_NS	A1_LEFT_LOCAL_FIELD_32	alaiin	LOCAL_LABEL	Sternplatz A1_LEFT_LOCAL_FIELD_32: Zielsektor, Zielstern oder Zielfeld + Sollwert oder Grad eines Diagrammplatzes.	ASTRO_LOCAL_LABEL_SIGN	DIAGRAM_LABEL
A081	ASTRO	f67r2	ZWEI_GETRENNTE_HIMMELSRAEDER_MIT_LOKALEN_RING_UND_FELDPLAETZEN	f67r2.33	F67_LEFT_WHEEL_NS	A1_LEFT_LOCAL_FIELD_33	dokan	LOCAL_LABEL	Sternplatz A1_LEFT_LOCAL_FIELD_33: Diagrammposten setzen oder aktivieren; lokaler Namensrest d/an.	ASTRO_LOCAL_LABEL_SIGN	DIAGRAM_LABEL
A082	ASTRO	f67r2	ZWEI_GETRENNTE_HIMMELSRAEDER_MIT_LOKALEN_RING_UND_FELDPLAETZEN	f67r2.33	F67_LEFT_WHEEL_NS	A1_LEFT_LOCAL_FIELD_33	oear	LOCAL_LABEL	Sternplatz A1_LEFT_LOCAL_FIELD_33: Ausgangssektor, Ursprung oder Bezugswert; lokaler Namensrest oe.	ASTRO_LOCAL_LABEL_SIGN	DIAGRAM_LABEL
A083	ASTRO	f67r2	ZWEI_GETRENNTE_HIMMELSRAEDER_MIT_LOKALEN_RING_UND_FELDPLAETZEN	f67r2.33	F67_LEFT_WHEEL_NS	A1_LEFT_LOCAL_FIELD_33	odal	LOCAL_LABEL	Sternplatz A1_LEFT_LOCAL_FIELD_33: Zielsektor, Zielstern oder Zielfeld; lokaler Namensrest od.	ASTRO_LOCAL_LABEL_SIGN	DIAGRAM_LABEL
A084	ASTRO	f67r2	ZWEI_GETRENNTE_HIMMELSRAEDER_MIT_LOKALEN_RING_UND_FELDPLAETZEN	f67r2.34	F67_LEFT_WHEEL_NS	A1_LEFT_LOCAL_FIELD_34	ofar	LOCAL_LABEL	Sternplatz A1_LEFT_LOCAL_FIELD_34: Ausgangssektor, Ursprung oder Bezugswert; lokaler Namensrest of.	ASTRO_LOCAL_LABEL_SIGN	DIAGRAM_LABEL
A085	ASTRO	f67r2	ZWEI_GETRENNTE_HIMMELSRAEDER_MIT_LOKALEN_RING_UND_FELDPLAETZEN	f67r2.34	F67_LEFT_WHEEL_NS	A1_LEFT_LOCAL_FIELD_34	oeoldan	LOCAL_LABEL	Sternplatz A1_LEFT_LOCAL_FIELD_34: im selben Ring, Band oder Satz fortsetzen + Bedingung oder Tabellenwert anwenden; lokaler Namensrest oe.	ASTRO_LOCAL_LABEL_SIGN	DIAGRAM_LABEL
A086	ASTRO	f67r2	ZWEI_GETRENNTE_HIMMELSRAEDER_MIT_LOKALEN_RING_UND_FELDPLAETZEN	f67r2.35	F67_LEFT_WHEEL_NS	A1_LEFT_LOCAL_FIELD_35	chol	weiter	Sternplatz A1_LEFT_LOCAL_FIELD_35: im selben Ring oder Band fortsetzen.	THREE_REGISTER_COMMON_CORE	DIAGRAM_LABEL
A087	ASTRO	f67r2	ZWEI_GETRENNTE_HIMMELSRAEDER_MIT_LOKALEN_RING_UND_FELDPLAETZEN	f67r2.35	F67_LEFT_WHEEL_NS	A1_LEFT_LOCAL_FIELD_35	giin	LOCAL_LABEL	Sternplatz A1_LEFT_LOCAL_FIELD_35: Grad- oder Bedingungsstufe; lokaler Namensrest g.	ASTRO_LOCAL_LABEL_SIGN	DIAGRAM_LABEL
A088	ASTRO	f67r2	ZWEI_GETRENNTE_HIMMELSRAEDER_MIT_LOKALEN_RING_UND_FELDPLAETZEN	f67r2.35	F67_LEFT_WHEEL_NS	A1_LEFT_LOCAL_FIELD_35	okol	LOCAL_LABEL	Sternplatz A1_LEFT_LOCAL_FIELD_35: Diagrammposten setzen oder aktivieren + im selben Ring, Band oder Satz fortsetzen.	ASTRO_LOCAL_LABEL_SIGN	DIAGRAM_LABEL
A089	ASTRO	f67r2	ZWEI_GETRENNTE_HIMMELSRAEDER_MIT_LOKALEN_RING_UND_FELDPLAETZEN	f67r2.36	F67_LEFT_WHEEL_NS	A1_LEFT_LOCAL_FIELD_36	ytor	LOCAL_LABEL	Sternplatz A1_LEFT_LOCAL_FIELD_36: Bedingungs-, Tabellen- oder Wahlansatz; lokaler Namensrest yt.	ASTRO_LOCAL_LABEL_SIGN	DIAGRAM_LABEL
A090	ASTRO	f67r2	ZWEI_GETRENNTE_HIMMELSRAEDER_MIT_LOKALEN_RING_UND_FELDPLAETZEN	f67r2.36	F67_LEFT_WHEEL_NS	A1_LEFT_LOCAL_FIELD_36	daiin	Sollwert	Sternplatz A1_LEFT_LOCAL_FIELD_36: Sollwert oder Grad des bezeichneten Himmelsplatzes.	THREE_REGISTER_COMMON_CORE	DIAGRAM_LABEL
A091	ASTRO	f67r2	ZWEI_GETRENNTE_HIMMELSRAEDER_MIT_LOKALEN_RING_UND_FELDPLAETZEN	f67r2.36	F67_LEFT_WHEEL_NS	A1_LEFT_LOCAL_FIELD_36	or	Ansatz	Sternplatz A1_LEFT_LOCAL_FIELD_36: Bedingungs- oder Tabellensatz.	THREE_REGISTER_COMMON_CORE	DIAGRAM_LABEL
A092	ASTRO	f67r2	ZWEI_GETRENNTE_HIMMELSRAEDER_MIT_LOKALEN_RING_UND_FELDPLAETZEN	f67r2.37	F67_LEFT_WHEEL_NS	A1_LEFT_LOCAL_FIELD_37	ytoaiin	LOCAL_LABEL	Sternplatz A1_LEFT_LOCAL_FIELD_37: Sollwert oder Grad eines Diagrammplatzes; lokaler Namensrest yto.	ASTRO_LOCAL_LABEL_SIGN	DIAGRAM_LABEL
A093	ASTRO	f67r2	ZWEI_GETRENNTE_HIMMELSRAEDER_MIT_LOKALEN_RING_UND_FELDPLAETZEN	f67r2.38	F67_LEFT_WHEEL_NS	A1_LEFT_LOCAL_FIELD_38	otoldos	LOCAL_LABEL	Sternplatz A1_LEFT_LOCAL_FIELD_38: naechster Platz oder folgende Bedingung + im selben Ring, Band oder Satz fortsetzen; lokaler Namensrest dos.	ASTRO_LOCAL_LABEL_SIGN	DIAGRAM_LABEL
A094	ASTRO	f67r2	ZWEI_GETRENNTE_HIMMELSRAEDER_MIT_LOKALEN_RING_UND_FELDPLAETZEN	f67r2.38	F67_LEFT_WHEEL_NS	A1_LEFT_LOCAL_FIELD_38	octhole	LOCAL_LABEL	Sternplatz A1_LEFT_LOCAL_FIELD_38: im selben Ring, Band oder Satz fortsetzen; lokaler Namensrest octh/e.	ASTRO_LOCAL_LABEL_SIGN	DIAGRAM_LABEL
A095	ASTRO	f67r2	ZWEI_GETRENNTE_HIMMELSRAEDER_MIT_LOKALEN_RING_UND_FELDPLAETZEN	f67r2.39	F67_LEFT_WHEEL_NS	A1_LEFT_LOCAL_FIELD_39	sor	Ansatz	Sternplatz A1_LEFT_LOCAL_FIELD_39: Bedingungs- oder Tabellensatz.	THREE_REGISTER_COMMON_CORE	DIAGRAM_LABEL
A096	ASTRO	f67r2	ZWEI_GETRENNTE_HIMMELSRAEDER_MIT_LOKALEN_RING_UND_FELDPLAETZEN	f67r2.39	F67_LEFT_WHEEL_NS	A1_LEFT_LOCAL_FIELD_39	chedaiin	LOCAL_LABEL	Sternplatz A1_LEFT_LOCAL_FIELD_39: Wert oder Platzbezug uebertragen + Sollwert oder Grad eines Diagrammplatzes.	ASTRO_LOCAL_LABEL_SIGN	DIAGRAM_LABEL
A097	ASTRO	f67r2	ZWEI_GETRENNTE_HIMMELSRAEDER_MIT_LOKALEN_RING_UND_FELDPLAETZEN	f67r2.39	F67_LEFT_WHEEL_NS	A1_LEFT_LOCAL_FIELD_39	dy	dies	Sternplatz A1_LEFT_LOCAL_FIELD_39: dieser lokale Diagrammposten.	THREE_REGISTER_COMMON_CORE	DIAGRAM_LABEL
A098	ASTRO	f67r2	ZWEI_GETRENNTE_HIMMELSRAEDER_MIT_LOKALEN_RING_UND_FELDPLAETZEN	f67r2.40	F67_LEFT_WHEEL_NS	A1_LEFT_LOCAL_FIELD_40	yteos	LOCAL_LABEL	A1_LEFT_LOCAL_FIELD_40: sekundärer Phasenplatz.	ASTRO_LOCAL_LABEL_SIGN	DIAGRAM_LABEL
A099	ASTRO	f67r2	ZWEI_GETRENNTE_HIMMELSRAEDER_MIT_LOKALEN_RING_UND_FELDPLAETZEN	f67r2.40	F67_LEFT_WHEEL_NS	A1_LEFT_LOCAL_FIELD_40	oiin	LOCAL_LABEL	Sternplatz A1_LEFT_LOCAL_FIELD_40: Grad- oder Bedingungsstufe; lokaler Namensrest o.	ASTRO_LOCAL_LABEL_SIGN	DIAGRAM_LABEL
A100	ASTRO	f67r2	ZWEI_GETRENNTE_HIMMELSRAEDER_MIT_LOKALEN_RING_UND_FELDPLAETZEN	f67r2.40	F67_LEFT_WHEEL_NS	A1_LEFT_LOCAL_FIELD_40	og	LOCAL_LABEL	A1_LEFT_LOCAL_FIELD_40: Grundgrad.	ASTRO_LOCAL_LABEL_SIGN	DIAGRAM_LABEL
A101	ASTRO	f67r2	ZWEI_GETRENNTE_HIMMELSRAEDER_MIT_LOKALEN_RING_UND_FELDPLAETZEN	f67r2.41	F67_LEFT_WHEEL_NS	A1_LEFT_LOCAL_FIELD_41	ytoeopchey	LOCAL_LABEL	A1_LEFT_LOCAL_FIELD_41: Vergleichswert dieses Platzes.	ASTRO_LOCAL_LABEL_SIGN	DIAGRAM_LABEL
A102	ASTRO	f67r2	ZWEI_GETRENNTE_HIMMELSRAEDER_MIT_LOKALEN_RING_UND_FELDPLAETZEN	f67r2.41	F67_LEFT_WHEEL_NS	A1_LEFT_LOCAL_FIELD_41	chekody	LOCAL_LABEL	A1_LEFT_LOCAL_FIELD_41: abgeleiteter Klassenwert.	ASTRO_LOCAL_LABEL_SIGN	DIAGRAM_LABEL
A103	ASTRO	f67r2	ZWEI_GETRENNTE_HIMMELSRAEDER_MIT_LOKALEN_RING_UND_FELDPLAETZEN	f67r2.42	F67_LEFT_WHEEL_NS	A1_LEFT_LOCAL_FIELD_42	sosho	LOCAL_LABEL	Sternplatz A1_LEFT_LOCAL_FIELD_42: Himmelsobjekt oder Eingangsbedingung; lokaler Namensrest sos.	ASTRO_LOCAL_LABEL_SIGN	DIAGRAM_LABEL
A104	ASTRO	f67r2	ZWEI_GETRENNTE_HIMMELSRAEDER_MIT_LOKALEN_RING_UND_FELDPLAETZEN	f67r2.42	F67_LEFT_WHEEL_NS	A1_LEFT_LOCAL_FIELD_42	chos	LOCAL_LABEL	Sternplatz A1_LEFT_LOCAL_FIELD_42: Himmelsobjekt oder Eingangsbedingung; lokaler Namensrest c/s.	ASTRO_LOCAL_LABEL_SIGN	DIAGRAM_LABEL
A105	ASTRO	f67r2	ZWEI_GETRENNTE_HIMMELSRAEDER_MIT_LOKALEN_RING_UND_FELDPLAETZEN	f67r2.42	F67_LEFT_WHEEL_NS	A1_LEFT_LOCAL_FIELD_42	ockhy	LOCAL_LABEL	Sternplatz A1_LEFT_LOCAL_FIELD_42: durch Sektor, Ring oder Pruefweg fuehren; lokaler Namensrest o/y.	ASTRO_LOCAL_LABEL_SIGN	DIAGRAM_LABEL
A106	ASTRO	f67r2	ZWEI_GETRENNTE_HIMMELSRAEDER_MIT_LOKALEN_RING_UND_FELDPLAETZEN	f67r2.43	F67_LEFT_WHEEL_NS	A1_LEFT_LOCAL_FIELD_43	daiin	Sollwert	Sternplatz A1_LEFT_LOCAL_FIELD_43: Sollwert oder Grad des bezeichneten Himmelsplatzes.	THREE_REGISTER_COMMON_CORE	DIAGRAM_LABEL
A107	ASTRO	f67r2	ZWEI_GETRENNTE_HIMMELSRAEDER_MIT_LOKALEN_RING_UND_FELDPLAETZEN	f67r2.43	F67_LEFT_WHEEL_NS	A1_LEFT_LOCAL_FIELD_43	aiin	Sollwert	Sternplatz A1_LEFT_LOCAL_FIELD_43: Sollwert oder Grad des bezeichneten Himmelsplatzes.	THREE_REGISTER_COMMON_CORE	DIAGRAM_LABEL
A108	ASTRO	f67r2	ZWEI_GETRENNTE_HIMMELSRAEDER_MIT_LOKALEN_RING_UND_FELDPLAETZEN	f67r2.43	F67_LEFT_WHEEL_NS	A1_LEFT_LOCAL_FIELD_43	os	AUFNAHMEFELD_ODER_UMSCHLUSS	Sternplatz A1_LEFT_LOCAL_FIELD_43: umschliessendes Diagrammfeld.	KNOWN_PROSE_CARD_IN_ASTRO	DIAGRAM_LABEL
A109	ASTRO	f67r2	ZWEI_GETRENNTE_HIMMELSRAEDER_MIT_LOKALEN_RING_UND_FELDPLAETZEN	f67r2.43	F67_LEFT_WHEEL_NS	A1_LEFT_LOCAL_FIELD_43	qsg	LOCAL_LABEL	A1_LEFT_LOCAL_FIELD_43: neuer Nebengrad.	ASTRO_LOCAL_LABEL_SIGN	DIAGRAM_LABEL
A110	ASTRO	f67r2	ZWEI_GETRENNTE_HIMMELSRAEDER_MIT_LOKALEN_RING_UND_FELDPLAETZEN	f67r2.44	F67_LEFT_WHEEL_NS	A1_LEFT_LOCAL_FIELD_44	ofydy	LOCAL_LABEL	A1_LEFT_LOCAL_FIELD_44: fester Grundlichtwert.	ASTRO_LOCAL_LABEL_SIGN	DIAGRAM_LABEL
A111	ASTRO	f67r2	ZWEI_GETRENNTE_HIMMELSRAEDER_MIT_LOKALEN_RING_UND_FELDPLAETZEN	f67r2.44	F67_LEFT_WHEEL_NS	A1_LEFT_LOCAL_FIELD_44	sheody	LOCAL_LABEL	Sternplatz A1_LEFT_LOCAL_FIELD_44: Position oder Bedingung halten; lokaler Namensrest eody.	ASTRO_LOCAL_LABEL_SIGN	DIAGRAM_LABEL
A112	ASTRO	f67r2	ZWEI_GETRENNTE_HIMMELSRAEDER_MIT_LOKALEN_RING_UND_FELDPLAETZEN	f67r2.44	F67_LEFT_WHEEL_NS	A1_LEFT_LOCAL_FIELD_44	aiin	Sollwert	Sternplatz A1_LEFT_LOCAL_FIELD_44: Sollwert oder Grad des bezeichneten Himmelsplatzes.	THREE_REGISTER_COMMON_CORE	DIAGRAM_LABEL
A113	ASTRO	f67r2	ZWEI_GETRENNTE_HIMMELSRAEDER_MIT_LOKALEN_RING_UND_FELDPLAETZEN	f67r2.45	F67_LEFT_WHEEL_NS	A1_LEFT_LOCAL_FIELD_45	ycheody	LOCAL_LABEL	A1_LEFT_LOCAL_FIELD_45: aktueller Ablesewert fest.	ASTRO_LOCAL_LABEL_SIGN	DIAGRAM_LABEL
A114	ASTRO	f67r2	ZWEI_GETRENNTE_HIMMELSRAEDER_MIT_LOKALEN_RING_UND_FELDPLAETZEN	f67r2.45	F67_LEFT_WHEEL_NS	A1_LEFT_LOCAL_FIELD_45	es	LOCAL_LABEL	A1_LEFT_LOCAL_FIELD_45: ausgewählter Nebenwert.	ASTRO_LOCAL_LABEL_SIGN	DIAGRAM_LABEL
A115	ASTRO	f67r2	ZWEI_GETRENNTE_HIMMELSRAEDER_MIT_LOKALEN_RING_UND_FELDPLAETZEN	f67r2.45	F67_LEFT_WHEEL_NS	A1_LEFT_LOCAL_FIELD_45	odaiiin	LOCAL_LABEL	Sternplatz A1_LEFT_LOCAL_FIELD_45: Grad- oder Bedingungsstufe; lokaler Namensrest odai.	ASTRO_LOCAL_LABEL_SIGN	DIAGRAM_LABEL
A116	ASTRO	f67r2	ZWEI_GETRENNTE_HIMMELSRAEDER_MIT_LOKALEN_RING_UND_FELDPLAETZEN	f67r2.46	F67_LEFT_WHEEL_NS	A1_LEFT_LOCAL_FIELD_46	yekees	LOCAL_LABEL	Sternplatz A1_LEFT_LOCAL_FIELD_46: lange oder volle Diagrammstufe; lokaler Namensrest yek/s.	ASTRO_LOCAL_LABEL_SIGN	DIAGRAM_LABEL
A117	ASTRO	f67r2	ZWEI_GETRENNTE_HIMMELSRAEDER_MIT_LOKALEN_RING_UND_FELDPLAETZEN	f67r2.46	F67_LEFT_WHEEL_NS	A1_LEFT_LOCAL_FIELD_46	oraly	LOCAL_LABEL	Sternplatz A1_LEFT_LOCAL_FIELD_46: Bedingungs-, Tabellen- oder Wahlansatz + Zielsektor, Zielstern oder Zielfeld; lokaler Namensrest y.	ASTRO_LOCAL_LABEL_SIGN	DIAGRAM_LABEL
A118	ASTRO	f67r2	ZWEI_GETRENNTE_HIMMELSRAEDER_MIT_LOKALEN_RING_UND_FELDPLAETZEN	f67r2.47	F67_LEFT_WHEEL_NS	A1_LEFT_LOCAL_FIELD_47	yfain	LOCAL_LABEL	Sternplatz A1_LEFT_LOCAL_FIELD_47: gezaehlter Teil oder Unterabschnitt; lokaler Namensrest yf.	ASTRO_LOCAL_LABEL_SIGN	DIAGRAM_LABEL
A119	ASTRO	f67r2	ZWEI_GETRENNTE_HIMMELSRAEDER_MIT_LOKALEN_RING_UND_FELDPLAETZEN	f67r2.48	F67_LEFT_WHEEL_NS	A1_LEFT_LOCAL_FIELD_48	todaiin	LOCAL_LABEL	Sternplatz A1_LEFT_LOCAL_FIELD_48: Sollwert oder Grad eines Diagrammplatzes; lokaler Namensrest tod.	ASTRO_LOCAL_LABEL_SIGN	DIAGRAM_LABEL
A120	ASTRO	f67r2	ZWEI_GETRENNTE_HIMMELSRAEDER_MIT_LOKALEN_RING_UND_FELDPLAETZEN	f67r2.48	F67_LEFT_WHEEL_NS	A1_LEFT_LOCAL_FIELD_48	dain	ABDECK_ODER_TRAEGERFELD	Sternplatz A1_LEFT_LOCAL_FIELD_48: Band-, Schleier- oder Abdecktraeger.	KNOWN_PROSE_CARD_IN_ASTRO	DIAGRAM_LABEL
A121	ASTRO	f67r2	ZWEI_GETRENNTE_HIMMELSRAEDER_MIT_LOKALEN_RING_UND_FELDPLAETZEN	f67r2.48	F67_LEFT_WHEEL_NS	A1_LEFT_LOCAL_FIELD_48	dy	dies	Sternplatz A1_LEFT_LOCAL_FIELD_48: dieser lokale Diagrammposten.	THREE_REGISTER_COMMON_CORE	DIAGRAM_LABEL
A122	ASTRO	f67r2	ZWEI_GETRENNTE_HIMMELSRAEDER_MIT_LOKALEN_RING_UND_FELDPLAETZEN	f67r2.49	F67_LEFT_WHEEL_NS	A1_LEFT_LOCAL_FIELD_49	os	AUFNAHMEFELD_ODER_UMSCHLUSS	Sternplatz A1_LEFT_LOCAL_FIELD_49: umschliessendes Diagrammfeld.	KNOWN_PROSE_CARD_IN_ASTRO	DIAGRAM_LABEL
A123	ASTRO	f67r2	ZWEI_GETRENNTE_HIMMELSRAEDER_MIT_LOKALEN_RING_UND_FELDPLAETZEN	f67r2.49	F67_LEFT_WHEEL_NS	A1_LEFT_LOCAL_FIELD_49	choer	LOCAL_LABEL	Sternplatz A1_LEFT_LOCAL_FIELD_49: Himmelsobjekt oder Eingangsbedingung; lokaler Namensrest c/er.	ASTRO_LOCAL_LABEL_SIGN	DIAGRAM_LABEL
A124	ASTRO	f67r2	ZWEI_GETRENNTE_HIMMELSRAEDER_MIT_LOKALEN_RING_UND_FELDPLAETZEN	f67r2.49	F67_LEFT_WHEEL_NS	A1_LEFT_LOCAL_FIELD_49	aiin	Sollwert	Sternplatz A1_LEFT_LOCAL_FIELD_49: Sollwert oder Grad des bezeichneten Himmelsplatzes.	THREE_REGISTER_COMMON_CORE	DIAGRAM_LABEL
A125	ASTRO	f67r2	ZWEI_GETRENNTE_HIMMELSRAEDER_MIT_LOKALEN_RING_UND_FELDPLAETZEN	f67r2.50	F67_LEFT_WHEEL_NS	A1_LEFT_LOCAL_FIELD_50	choeea	LOCAL_LABEL	Sternplatz A1_LEFT_LOCAL_FIELD_50: Himmelsobjekt oder Eingangsbedingung + lange oder volle Diagrammstufe; lokaler Namensrest c/a.	ASTRO_LOCAL_LABEL_SIGN	DIAGRAM_LABEL
A126	ASTRO	f67r2	ZWEI_GETRENNTE_HIMMELSRAEDER_MIT_LOKALEN_RING_UND_FELDPLAETZEN	f67r2.50	F67_LEFT_WHEEL_NS	A1_LEFT_LOCAL_FIELD_50	sal	dorthin	Sternplatz A1_LEFT_LOCAL_FIELD_50: zum bezeichneten Zielplatz.	THREE_REGISTER_COMMON_CORE	DIAGRAM_LABEL
A127	ASTRO	f67r2	ZWEI_GETRENNTE_HIMMELSRAEDER_MIT_LOKALEN_RING_UND_FELDPLAETZEN	f67r2.51	F67_LEFT_WHEEL_NS	A1_LEFT_LOCAL_FIELD_51	dadaiin	LOCAL_LABEL	Sternplatz A1_LEFT_LOCAL_FIELD_51: Sollwert oder Grad eines Diagrammplatzes; lokaler Namensrest dad.	ASTRO_LOCAL_LABEL_SIGN	DIAGRAM_LABEL
A128	ASTRO	f67r2	ZWEI_GETRENNTE_HIMMELSRAEDER_MIT_LOKALEN_RING_UND_FELDPLAETZEN	f67r2.52	F67_LEFT_WHEEL_NS	A1_LEFT_OUTER_STAR_STATION_01	qotoear	LOCAL_LABEL	Sternplatz A1_LEFT_OUTER_STAR_STATION_01: naechster Platz oder folgende Bedingung + Ausgangssektor, Ursprung oder Bezugswert; lokaler Namensrest q/oe.	ASTRO_LOCAL_LABEL_SIGN	DIAGRAM_LABEL
A129	ASTRO	f67r2	ZWEI_GETRENNTE_HIMMELSRAEDER_MIT_LOKALEN_RING_UND_FELDPLAETZEN	f67r2.53	F67_LEFT_WHEEL_NS	A1_LEFT_OUTER_STAR_STATION_02	dchdar	LOCAL_LABEL	Sternplatz A1_LEFT_OUTER_STAR_STATION_02: Wert oder Platzbezug uebertragen + Ausgangssektor, Ursprung oder Bezugswert; lokaler Namensrest d.	ASTRO_LOCAL_LABEL_SIGN	DIAGRAM_LABEL
A130	ASTRO	f67r2	ZWEI_GETRENNTE_HIMMELSRAEDER_MIT_LOKALEN_RING_UND_FELDPLAETZEN	f67r2.54	F67_LEFT_WHEEL_NS	A1_LEFT_OUTER_STAR_STATION_03	y	dies	Sternplatz A1_LEFT_OUTER_STAR_STATION_03: dieser lokale Diagrammposten.	THREE_REGISTER_COMMON_CORE	DIAGRAM_LABEL
A131	ASTRO	f67r2	ZWEI_GETRENNTE_HIMMELSRAEDER_MIT_LOKALEN_RING_UND_FELDPLAETZEN	f67r2.54	F67_LEFT_WHEEL_NS	A1_LEFT_OUTER_STAR_STATION_03	saldal	LOCAL_LABEL	Sternplatz A1_LEFT_OUTER_STAR_STATION_03: Zielsektor, Zielstern oder Zielfeld + Zielsektor, Zielstern oder Zielfeld; lokaler Namensrest s/d.	ASTRO_LOCAL_LABEL_SIGN	DIAGRAM_LABEL
A132	ASTRO	f67r2	ZWEI_GETRENNTE_HIMMELSRAEDER_MIT_LOKALEN_RING_UND_FELDPLAETZEN	f67r2.55	F67_LEFT_WHEEL_NS	A1_LEFT_OUTER_STAR_STATION_04	ytodal	LOCAL_LABEL	Sternplatz A1_LEFT_OUTER_STAR_STATION_04: Zielsektor, Zielstern oder Zielfeld; lokaler Namensrest ytod.	ASTRO_LOCAL_LABEL_SIGN	DIAGRAM_LABEL
A133	ASTRO	f67r2	ZWEI_GETRENNTE_HIMMELSRAEDER_MIT_LOKALEN_RING_UND_FELDPLAETZEN	f67r2.56	F67_LEFT_WHEEL_NS	A1_LEFT_OUTER_STAR_STATION_05	tol	weiter	Sternplatz A1_LEFT_OUTER_STAR_STATION_05: im selben Ring oder Band fortsetzen.	THREE_REGISTER_COMMON_CORE	DIAGRAM_LABEL
A134	ASTRO	f67r2	ZWEI_GETRENNTE_HIMMELSRAEDER_MIT_LOKALEN_RING_UND_FELDPLAETZEN	f67r2.56	F67_LEFT_WHEEL_NS	A1_LEFT_OUTER_STAR_STATION_05	daiin	Sollwert	Sternplatz A1_LEFT_OUTER_STAR_STATION_05: Sollwert oder Grad des bezeichneten Himmelsplatzes.	THREE_REGISTER_COMMON_CORE	DIAGRAM_LABEL
A135	ASTRO	f67r2	ZWEI_GETRENNTE_HIMMELSRAEDER_MIT_LOKALEN_RING_UND_FELDPLAETZEN	f67r2.57	F67_LEFT_WHEEL_NS	A1_LEFT_OUTER_STAR_STATION_06	otar	DANACH_VOM_AUSGANGSPLATZ	Sternplatz A1_LEFT_OUTER_STAR_STATION_06: danach vom bezeichneten Ausgangsplatz.	KNOWN_PROSE_CARD_IN_ASTRO	DIAGRAM_LABEL
A136	ASTRO	f67r2	ZWEI_GETRENNTE_HIMMELSRAEDER_MIT_LOKALEN_RING_UND_FELDPLAETZEN	f67r2.57	F67_LEFT_WHEEL_NS	A1_LEFT_OUTER_STAR_STATION_06	dy	dies	Sternplatz A1_LEFT_OUTER_STAR_STATION_06: dieser lokale Diagrammposten.	THREE_REGISTER_COMMON_CORE	DIAGRAM_LABEL
A137	ASTRO	f67r2	ZWEI_GETRENNTE_HIMMELSRAEDER_MIT_LOKALEN_RING_UND_FELDPLAETZEN	f67r2.58	F67_LEFT_WHEEL_NS	A1_LEFT_OUTER_STAR_STATION_07	cho	EINGANGSBEDINGUNG	Sternplatz A1_LEFT_OUTER_STAR_STATION_07: Eingangsobjekt oder Eingangsbedingung.	KNOWN_PROSE_CARD_IN_ASTRO	DIAGRAM_LABEL
A138	ASTRO	f67r2	ZWEI_GETRENNTE_HIMMELSRAEDER_MIT_LOKALEN_RING_UND_FELDPLAETZEN	f67r2.58	F67_LEFT_WHEEL_NS	A1_LEFT_OUTER_STAR_STATION_07	dal	dorthin	Sternplatz A1_LEFT_OUTER_STAR_STATION_07: zum bezeichneten Zielplatz.	THREE_REGISTER_COMMON_CORE	DIAGRAM_LABEL
A139	ASTRO	f67r2	ZWEI_GETRENNTE_HIMMELSRAEDER_MIT_LOKALEN_RING_UND_FELDPLAETZEN	f67r2.58	F67_LEFT_WHEEL_NS	A1_LEFT_OUTER_STAR_STATION_07	g	LOCAL_LABEL	A1_LEFT_OUTER_STAR_STATION_07: Gradwert.	ASTRO_LOCAL_LABEL_SIGN	DIAGRAM_LABEL
A140	ASTRO	f67r2	ZWEI_GETRENNTE_HIMMELSRAEDER_MIT_LOKALEN_RING_UND_FELDPLAETZEN	f67r2.59	F67_LEFT_WHEEL_NS	A1_LEFT_OUTER_STAR_STATION_08	ytchodly	LOCAL_LABEL	Sternplatz A1_LEFT_OUTER_STAR_STATION_08: Himmelsobjekt oder Eingangsbedingung; lokaler Namensrest ytc/dly.	ASTRO_LOCAL_LABEL_SIGN	DIAGRAM_LABEL
A141	ASTRO	f67r2	ZWEI_GETRENNTE_HIMMELSRAEDER_MIT_LOKALEN_RING_UND_FELDPLAETZEN	f67r2.60	F67_LEFT_WHEEL_NS	A1_LEFT_OUTER_STAR_STATION_09	octhys	LOCAL_LABEL	A1_LEFT_OUTER_STAR_STATION_09: sekundäre Grundbedingung.	ASTRO_LOCAL_LABEL_SIGN	DIAGRAM_LABEL
A142	ASTRO	f67r2	ZWEI_GETRENNTE_HIMMELSRAEDER_MIT_LOKALEN_RING_UND_FELDPLAETZEN	f67r2.61	F67_LEFT_WHEEL_NS	A1_LEFT_OUTER_STAR_STATION_10	ytokar	LOCAL_LABEL	Sternplatz A1_LEFT_OUTER_STAR_STATION_10: Diagrammposten setzen oder aktivieren + Ausgangssektor, Ursprung oder Bezugswert; lokaler Namensrest yt.	ASTRO_LOCAL_LABEL_SIGN	DIAGRAM_LABEL
A143	ASTRO	f67r2	ZWEI_GETRENNTE_HIMMELSRAEDER_MIT_LOKALEN_RING_UND_FELDPLAETZEN	f67r2.62	F67_LEFT_WHEEL_NS	A1_LEFT_OUTER_STAR_STATION_11	otolor	LOCAL_LABEL	Sternplatz A1_LEFT_OUTER_STAR_STATION_11: naechster Platz oder folgende Bedingung + im selben Ring, Band oder Satz fortsetzen + Bedingungs-, Tabellen- oder Wahlansatz.	ASTRO_LOCAL_LABEL_SIGN	DIAGRAM_LABEL
A144	ASTRO	f67r2	ZWEI_GETRENNTE_HIMMELSRAEDER_MIT_LOKALEN_RING_UND_FELDPLAETZEN	f67r2.63	F67_LEFT_WHEEL_NS	A1_LEFT_OUTER_STAR_STATION_12	okodar	LOCAL_LABEL	Sternplatz A1_LEFT_OUTER_STAR_STATION_12: Diagrammposten setzen oder aktivieren + Ausgangssektor, Ursprung oder Bezugswert; lokaler Namensrest od.	ASTRO_LOCAL_LABEL_SIGN	DIAGRAM_LABEL
A145	ASTRO	f67r2	ZWEI_GETRENNTE_HIMMELSRAEDER_MIT_LOKALEN_RING_UND_FELDPLAETZEN	f67r2.64	F67_RIGHT_WHEEL_NS	A1_RIGHT_PHASE_STATION_01	s	LOCAL_LABEL	A1_RIGHT_PHASE_STATION_01: Nebenwert.	ASTRO_LOCAL_LABEL_SIGN	DIAGRAM_LABEL
A146	ASTRO	f67r2	ZWEI_GETRENNTE_HIMMELSRAEDER_MIT_LOKALEN_RING_UND_FELDPLAETZEN	f67r2.64	F67_RIGHT_WHEEL_NS	A1_RIGHT_PHASE_STATION_01	air	LOCAL_LABEL	Radstelle A1_RIGHT_PHASE_STATION_01: Himmels-, Ring- oder Zeigerlauf.	ASTRO_LOCAL_LABEL_SIGN	DIAGRAM_LABEL
A147	ASTRO	f67r2	ZWEI_GETRENNTE_HIMMELSRAEDER_MIT_LOKALEN_RING_UND_FELDPLAETZEN	f67r2.65	F67_RIGHT_WHEEL_NS	A1_RIGHT_PHASE_STATION_02	soear	LOCAL_LABEL	Radstelle A1_RIGHT_PHASE_STATION_02: Ausgangssektor, Ursprung oder Bezugswert; lokaler Namensrest soe.	ASTRO_LOCAL_LABEL_SIGN	DIAGRAM_LABEL
A148	ASTRO	f67r2	ZWEI_GETRENNTE_HIMMELSRAEDER_MIT_LOKALEN_RING_UND_FELDPLAETZEN	f67r2.66	F67_RIGHT_WHEEL_NS	A1_RIGHT_PHASE_STATION_03	cpheey	LOCAL_LABEL	Radstelle A1_RIGHT_PHASE_STATION_03: lange oder volle Diagrammstufe; lokaler Namensrest cph/y.	ASTRO_LOCAL_LABEL_SIGN	DIAGRAM_LABEL
A149	ASTRO	f67r2	ZWEI_GETRENNTE_HIMMELSRAEDER_MIT_LOKALEN_RING_UND_FELDPLAETZEN	f67r2.67	F67_RIGHT_WHEEL_NS	A1_RIGHT_PHASE_STATION_04	okodar	LOCAL_LABEL	Radstelle A1_RIGHT_PHASE_STATION_04: Diagrammposten setzen oder aktivieren + Ausgangssektor, Ursprung oder Bezugswert; lokaler Namensrest od.	ASTRO_LOCAL_LABEL_SIGN	DIAGRAM_LABEL
A150	ASTRO	f67r2	ZWEI_GETRENNTE_HIMMELSRAEDER_MIT_LOKALEN_RING_UND_FELDPLAETZEN	f67r2.68	F67_RIGHT_WHEEL_NS	A1_RIGHT_PHASE_STATION_05	oepchod	LOCAL_LABEL	Radstelle A1_RIGHT_PHASE_STATION_05: Himmelsobjekt oder Eingangsbedingung; lokaler Namensrest oepc/d.	ASTRO_LOCAL_LABEL_SIGN	DIAGRAM_LABEL
A151	ASTRO	f67r2	ZWEI_GETRENNTE_HIMMELSRAEDER_MIT_LOKALEN_RING_UND_FELDPLAETZEN	f67r2.69	F67_RIGHT_WHEEL_NS	A1_RIGHT_PHASE_STATION_06	s	LOCAL_LABEL	A1_RIGHT_PHASE_STATION_06: Nebenwert.	ASTRO_LOCAL_LABEL_SIGN	DIAGRAM_LABEL
A152	ASTRO	f67r2	ZWEI_GETRENNTE_HIMMELSRAEDER_MIT_LOKALEN_RING_UND_FELDPLAETZEN	f67r2.69	F67_RIGHT_WHEEL_NS	A1_RIGHT_PHASE_STATION_06	ay	LOCAL_LABEL	A1_RIGHT_PHASE_STATION_06: aktueller Hauptwert.	ASTRO_LOCAL_LABEL_SIGN	DIAGRAM_LABEL
A153	ASTRO	f67r2	ZWEI_GETRENNTE_HIMMELSRAEDER_MIT_LOKALEN_RING_UND_FELDPLAETZEN	f67r2.70	F67_RIGHT_WHEEL_NS	A1_RIGHT_PHASE_STATION_07	osar	LOCAL_LABEL	Radstelle A1_RIGHT_PHASE_STATION_07: Ausgangssektor, Ursprung oder Bezugswert; lokaler Namensrest os.	ASTRO_LOCAL_LABEL_SIGN	DIAGRAM_LABEL
A154	ASTRO	f67r2	ZWEI_GETRENNTE_HIMMELSRAEDER_MIT_LOKALEN_RING_UND_FELDPLAETZEN	f67r2.71	F67_RIGHT_WHEEL_NS	A1_RIGHT_PHASE_STATION_08	oran	LOCAL_LABEL	Radstelle A1_RIGHT_PHASE_STATION_08: Bedingungs-, Tabellen- oder Wahlansatz; lokaler Namensrest an.	ASTRO_LOCAL_LABEL_SIGN	DIAGRAM_LABEL
A155	ASTRO	f67r2	ZWEI_GETRENNTE_HIMMELSRAEDER_MIT_LOKALEN_RING_UND_FELDPLAETZEN	f67r2.72	F67_LEFT_WHEEL_NS	A1_LEFT_OUTER_RING_TEXT	dar	davon	Ring- oder Bandstelle A1_LEFT_OUTER_RING_TEXT: vom bezeichneten Ausgangsplatz.	THREE_REGISTER_COMMON_CORE	DIAGRAM_LABEL
A156	ASTRO	f67r2	ZWEI_GETRENNTE_HIMMELSRAEDER_MIT_LOKALEN_RING_UND_FELDPLAETZEN	f67r2.72	F67_LEFT_WHEEL_NS	A1_LEFT_OUTER_RING_TEXT	aldaiin	LOCAL_LABEL	Ring- oder Bandstelle A1_LEFT_OUTER_RING_TEXT: Zielsektor, Zielstern oder Zielfeld + Sollwert oder Grad eines Diagrammplatzes; lokaler Namensrest d.	ASTRO_LOCAL_LABEL_SIGN	DIAGRAM_LABEL
A157	ASTRO	f67r2	ZWEI_GETRENNTE_HIMMELSRAEDER_MIT_LOKALEN_RING_UND_FELDPLAETZEN	f67r2.72	F67_LEFT_WHEEL_NS	A1_LEFT_OUTER_RING_TEXT	ydaiin	LOCAL_LABEL	Ring- oder Bandstelle A1_LEFT_OUTER_RING_TEXT: Sollwert oder Grad eines Diagrammplatzes; lokaler Namensrest yd.	ASTRO_LOCAL_LABEL_SIGN	DIAGRAM_LABEL
A158	ASTRO	f67r2	ZWEI_GETRENNTE_HIMMELSRAEDER_MIT_LOKALEN_RING_UND_FELDPLAETZEN	f67r2.72	F67_LEFT_WHEEL_NS	A1_LEFT_OUTER_RING_TEXT	qkoy	LOCAL_LABEL	A1_LEFT_OUTER_RING_TEXT: neue Grundklasse.	ASTRO_LOCAL_LABEL_SIGN	DIAGRAM_LABEL
A159	ASTRO	f67r2	ZWEI_GETRENNTE_HIMMELSRAEDER_MIT_LOKALEN_RING_UND_FELDPLAETZEN	f67r2.72	F67_LEFT_WHEEL_NS	A1_LEFT_OUTER_RING_TEXT	ydaiin	LOCAL_LABEL	Ring- oder Bandstelle A1_LEFT_OUTER_RING_TEXT: Sollwert oder Grad eines Diagrammplatzes; lokaler Namensrest yd.	ASTRO_LOCAL_LABEL_SIGN	DIAGRAM_LABEL
A160	ASTRO	f67r2	ZWEI_GETRENNTE_HIMMELSRAEDER_MIT_LOKALEN_RING_UND_FELDPLAETZEN	f67r2.72	F67_LEFT_WHEEL_NS	A1_LEFT_OUTER_RING_TEXT	qofair	LOCAL_LABEL	Ring- oder Bandstelle A1_LEFT_OUTER_RING_TEXT: Himmels-, Ring- oder Zeigerlauf; lokaler Namensrest qof.	ASTRO_LOCAL_LABEL_SIGN	DIAGRAM_LABEL
A161	ASTRO	f67r2	ZWEI_GETRENNTE_HIMMELSRAEDER_MIT_LOKALEN_RING_UND_FELDPLAETZEN	f67r2.72	F67_LEFT_WHEEL_NS	A1_LEFT_OUTER_RING_TEXT	ypair	LOCAL_LABEL	Ring- oder Bandstelle A1_LEFT_OUTER_RING_TEXT: Himmels-, Ring- oder Zeigerlauf; lokaler Namensrest yp.	ASTRO_LOCAL_LABEL_SIGN	DIAGRAM_LABEL
A162	ASTRO	f67r2	ZWEI_GETRENNTE_HIMMELSRAEDER_MIT_LOKALEN_RING_UND_FELDPLAETZEN	f67r2.72	F67_LEFT_WHEEL_NS	A1_LEFT_OUTER_RING_TEXT	ykoaiin	LOCAL_LABEL	Ring- oder Bandstelle A1_LEFT_OUTER_RING_TEXT: Sollwert oder Grad eines Diagrammplatzes; lokaler Namensrest yko.	ASTRO_LOCAL_LABEL_SIGN	DIAGRAM_LABEL
A163	ASTRO	f67r2	ZWEI_GETRENNTE_HIMMELSRAEDER_MIT_LOKALEN_RING_UND_FELDPLAETZEN	f67r2.72	F67_LEFT_WHEEL_NS	A1_LEFT_OUTER_RING_TEXT	ydoly	LOCAL_LABEL	Ring- oder Bandstelle A1_LEFT_OUTER_RING_TEXT: im selben Ring, Band oder Satz fortsetzen; lokaler Namensrest yd/y.	ASTRO_LOCAL_LABEL_SIGN	DIAGRAM_LABEL
A164	ASTRO	f67r2	ZWEI_GETRENNTE_HIMMELSRAEDER_MIT_LOKALEN_RING_UND_FELDPLAETZEN	f67r2.72	F67_LEFT_WHEEL_NS	A1_LEFT_OUTER_RING_TEXT	ytalchos	LOCAL_LABEL	Ring- oder Bandstelle A1_LEFT_OUTER_RING_TEXT: Zielsektor, Zielstern oder Zielfeld + Himmelsobjekt oder Eingangsbedingung; lokaler Namensrest yt/c/s.	ASTRO_LOCAL_LABEL_SIGN	DIAGRAM_LABEL
A165	ASTRO	f67r2	ZWEI_GETRENNTE_HIMMELSRAEDER_MIT_LOKALEN_RING_UND_FELDPLAETZEN	f67r2.72	F67_LEFT_WHEEL_NS	A1_LEFT_OUTER_RING_TEXT	oly	LOCAL_LABEL	Ring- oder Bandstelle A1_LEFT_OUTER_RING_TEXT: im selben Ring, Band oder Satz fortsetzen; lokaler Namensrest y.	ASTRO_LOCAL_LABEL_SIGN	DIAGRAM_LABEL
A166	ASTRO	f67r2	ZWEI_GETRENNTE_HIMMELSRAEDER_MIT_LOKALEN_RING_UND_FELDPLAETZEN	f67r2.72	F67_LEFT_WHEEL_NS	A1_LEFT_OUTER_RING_TEXT	okey	KURZSTUFE_SETZEN	Ring- oder Bandstelle A1_LEFT_OUTER_RING_TEXT: in kurzer Stufe setzen.	KNOWN_PROSE_CARD_IN_ASTRO	DIAGRAM_LABEL
A167	ASTRO	f67r2	ZWEI_GETRENNTE_HIMMELSRAEDER_MIT_LOKALEN_RING_UND_FELDPLAETZEN	f67r2.73	F67_RIGHT_WHEEL_NS	A1_RIGHT_OUTER_RING_TEXT	sshey	LOCAL_LABEL	Ring- oder Bandstelle A1_RIGHT_OUTER_RING_TEXT: abgelesener oder freigegebener Wert; lokaler Namensrest s.	ASTRO_LOCAL_LABEL_SIGN	DIAGRAM_LABEL
A168	ASTRO	f67r2	ZWEI_GETRENNTE_HIMMELSRAEDER_MIT_LOKALEN_RING_UND_FELDPLAETZEN	f67r2.73	F67_RIGHT_WHEEL_NS	A1_RIGHT_OUTER_RING_TEXT	sy	dies	Ring- oder Bandstelle A1_RIGHT_OUTER_RING_TEXT: dieser lokale Diagrammposten.	THREE_REGISTER_COMMON_CORE	DIAGRAM_LABEL
A169	ASTRO	f67r2	ZWEI_GETRENNTE_HIMMELSRAEDER_MIT_LOKALEN_RING_UND_FELDPLAETZEN	f67r2.73	F67_RIGHT_WHEEL_NS	A1_RIGHT_OUTER_RING_TEXT	shees	LOCAL_LABEL	Ring- oder Bandstelle A1_RIGHT_OUTER_RING_TEXT: Position oder Bedingung halten + lange oder volle Diagrammstufe; lokaler Namensrest s.	ASTRO_LOCAL_LABEL_SIGN	DIAGRAM_LABEL
A170	ASTRO	f67r2	ZWEI_GETRENNTE_HIMMELSRAEDER_MIT_LOKALEN_RING_UND_FELDPLAETZEN	f67r2.73	F67_RIGHT_WHEEL_NS	A1_RIGHT_OUTER_RING_TEXT	qeykeey	LOCAL_LABEL	Ring- oder Bandstelle A1_RIGHT_OUTER_RING_TEXT: lange oder volle Diagrammstufe; lokaler Namensrest qeyk/y.	ASTRO_LOCAL_LABEL_SIGN	DIAGRAM_LABEL
A171	ASTRO	f67r2	ZWEI_GETRENNTE_HIMMELSRAEDER_MIT_LOKALEN_RING_UND_FELDPLAETZEN	f67r2.73	F67_RIGHT_WHEEL_NS	A1_RIGHT_OUTER_RING_TEXT	ykchey	LOCAL_LABEL	Ring- oder Bandstelle A1_RIGHT_OUTER_RING_TEXT: Diagrammplatz berechnen oder bearbeiten; lokaler Namensrest y/ey.	ASTRO_LOCAL_LABEL_SIGN	DIAGRAM_LABEL
A172	ASTRO	f67r2	ZWEI_GETRENNTE_HIMMELSRAEDER_MIT_LOKALEN_RING_UND_FELDPLAETZEN	f67r2.73	F67_RIGHT_WHEEL_NS	A1_RIGHT_OUTER_RING_TEXT	ykchey	LOCAL_LABEL	Ring- oder Bandstelle A1_RIGHT_OUTER_RING_TEXT: Diagrammplatz berechnen oder bearbeiten; lokaler Namensrest y/ey.	ASTRO_LOCAL_LABEL_SIGN	DIAGRAM_LABEL
A173	ASTRO	f67r2	ZWEI_GETRENNTE_HIMMELSRAEDER_MIT_LOKALEN_RING_UND_FELDPLAETZEN	f67r2.73	F67_RIGHT_WHEEL_NS	A1_RIGHT_OUTER_RING_TEXT	qokeochy	LOCAL_LABEL	Ring- oder Bandstelle A1_RIGHT_OUTER_RING_TEXT: Diagrammposten setzen oder aktivieren; lokaler Namensrest q/eochy.	ASTRO_LOCAL_LABEL_SIGN	DIAGRAM_LABEL
A174	ASTRO	f67r2	ZWEI_GETRENNTE_HIMMELSRAEDER_MIT_LOKALEN_RING_UND_FELDPLAETZEN	f67r2.73	F67_RIGHT_WHEEL_NS	A1_RIGHT_OUTER_RING_TEXT	oaiin	LOCAL_LABEL	Ring- oder Bandstelle A1_RIGHT_OUTER_RING_TEXT: Sollwert oder Grad eines Diagrammplatzes; lokaler Namensrest o.	ASTRO_LOCAL_LABEL_SIGN	DIAGRAM_LABEL
A175	ASTRO	f67r2	ZWEI_GETRENNTE_HIMMELSRAEDER_MIT_LOKALEN_RING_UND_FELDPLAETZEN	f67r2.73	F67_RIGHT_WHEEL_NS	A1_RIGHT_OUTER_RING_TEXT	okol	LOCAL_LABEL	Ring- oder Bandstelle A1_RIGHT_OUTER_RING_TEXT: Diagrammposten setzen oder aktivieren + im selben Ring, Band oder Satz fortsetzen.	ASTRO_LOCAL_LABEL_SIGN	DIAGRAM_LABEL
A176	ASTRO	f67r2	ZWEI_GETRENNTE_HIMMELSRAEDER_MIT_LOKALEN_RING_UND_FELDPLAETZEN	f67r2.73	F67_RIGHT_WHEEL_NS	A1_RIGHT_OUTER_RING_TEXT	ar	LOCAL_LABEL	Ring- oder Bandstelle A1_RIGHT_OUTER_RING_TEXT: Ausgangssektor, Ursprung oder Bezugswert.	ASTRO_LOCAL_LABEL_SIGN	DIAGRAM_LABEL
A177	ASTRO	f67r2	ZWEI_GETRENNTE_HIMMELSRAEDER_MIT_LOKALEN_RING_UND_FELDPLAETZEN	f67r2.73	F67_RIGHT_WHEEL_NS	A1_RIGHT_OUTER_RING_TEXT	olar	LOCAL_LABEL	Ring- oder Bandstelle A1_RIGHT_OUTER_RING_TEXT: im selben Ring, Band oder Satz fortsetzen + Ausgangssektor, Ursprung oder Bezugswert.	ASTRO_LOCAL_LABEL_SIGN	DIAGRAM_LABEL
A178	ASTRO	f67r2	ZWEI_GETRENNTE_HIMMELSRAEDER_MIT_LOKALEN_RING_UND_FELDPLAETZEN	f67r2.74	F67_PAIRED_LEGEND_QUARANTINE_NS	A1_PAIRED_WHEEL_LEGEND_UNRESOLVED	yshey	LOCAL_LABEL	Legendenstelle A1_PAIRED_WHEEL_LEGEND_UNRESOLVED: abgelesener oder freigegebener Wert; lokaler Namensrest y.	ASTRO_LOCAL_LABEL_SIGN	DIAGRAM_LABEL
A179	ASTRO	f67r2	ZWEI_GETRENNTE_HIMMELSRAEDER_MIT_LOKALEN_RING_UND_FELDPLAETZEN	f67r2.74	F67_PAIRED_LEGEND_QUARANTINE_NS	A1_PAIRED_WHEEL_LEGEND_UNRESOLVED	qokeeody	LOCAL_LABEL	Legendenstelle A1_PAIRED_WHEEL_LEGEND_UNRESOLVED: Diagrammposten setzen oder aktivieren + lange oder volle Diagrammstufe; lokaler Namensrest q/ody.	ASTRO_LOCAL_LABEL_SIGN	DIAGRAM_LABEL
A180	ASTRO	f67r2	ZWEI_GETRENNTE_HIMMELSRAEDER_MIT_LOKALEN_RING_UND_FELDPLAETZEN	f67r2.74	F67_PAIRED_LEGEND_QUARANTINE_NS	A1_PAIRED_WHEEL_LEGEND_UNRESOLVED	cheos	LOCAL_LABEL	A1_PAIRED_WHEEL_LEGEND_UNRESOLVED: sekundärer Ablesewert.	ASTRO_LOCAL_LABEL_SIGN	DIAGRAM_LABEL
A181	ASTRO	f67r2	ZWEI_GETRENNTE_HIMMELSRAEDER_MIT_LOKALEN_RING_UND_FELDPLAETZEN	f67r2.74	F67_PAIRED_LEGEND_QUARANTINE_NS	A1_PAIRED_WHEEL_LEGEND_UNRESOLVED	oeeos	LOCAL_LABEL	Legendenstelle A1_PAIRED_WHEEL_LEGEND_UNRESOLVED: lange oder volle Diagrammstufe; lokaler Namensrest o/os.	ASTRO_LOCAL_LABEL_SIGN	DIAGRAM_LABEL
A182	ASTRO	f67r2	ZWEI_GETRENNTE_HIMMELSRAEDER_MIT_LOKALEN_RING_UND_FELDPLAETZEN	f67r2.74	F67_PAIRED_LEGEND_QUARANTINE_NS	A1_PAIRED_WHEEL_LEGEND_UNRESOLVED	qockhy	LOCAL_LABEL	Legendenstelle A1_PAIRED_WHEEL_LEGEND_UNRESOLVED: durch Sektor, Ring oder Pruefweg fuehren; lokaler Namensrest qo/y.	ASTRO_LOCAL_LABEL_SIGN	DIAGRAM_LABEL
A183	ASTRO	f67r2	ZWEI_GETRENNTE_HIMMELSRAEDER_MIT_LOKALEN_RING_UND_FELDPLAETZEN	f67r2.74	F67_PAIRED_LEGEND_QUARANTINE_NS	A1_PAIRED_WHEEL_LEGEND_UNRESOLVED	chos	LOCAL_LABEL	Legendenstelle A1_PAIRED_WHEEL_LEGEND_UNRESOLVED: Himmelsobjekt oder Eingangsbedingung; lokaler Namensrest c/s.	ASTRO_LOCAL_LABEL_SIGN	DIAGRAM_LABEL
A184	ASTRO	f67r2	ZWEI_GETRENNTE_HIMMELSRAEDER_MIT_LOKALEN_RING_UND_FELDPLAETZEN	f67r2.74	F67_PAIRED_LEGEND_QUARANTINE_NS	A1_PAIRED_WHEEL_LEGEND_UNRESOLVED	aiin	Sollwert	Legendenstelle A1_PAIRED_WHEEL_LEGEND_UNRESOLVED: Sollwert oder Grad des bezeichneten Himmelsplatzes.	THREE_REGISTER_COMMON_CORE	DIAGRAM_LABEL
A185	ASTRO	f67r2	ZWEI_GETRENNTE_HIMMELSRAEDER_MIT_LOKALEN_RING_UND_FELDPLAETZEN	f67r2.74	F67_PAIRED_LEGEND_QUARANTINE_NS	A1_PAIRED_WHEEL_LEGEND_UNRESOLVED	okeeody	LOCAL_LABEL	Legendenstelle A1_PAIRED_WHEEL_LEGEND_UNRESOLVED: Diagrammposten setzen oder aktivieren + lange oder volle Diagrammstufe; lokaler Namensrest ody.	ASTRO_LOCAL_LABEL_SIGN	DIAGRAM_LABEL
A186	ASTRO	f67r2	ZWEI_GETRENNTE_HIMMELSRAEDER_MIT_LOKALEN_RING_UND_FELDPLAETZEN	f67r2.74	F67_PAIRED_LEGEND_QUARANTINE_NS	A1_PAIRED_WHEEL_LEGEND_UNRESOLVED	qokoaiin	LOCAL_LABEL	Legendenstelle A1_PAIRED_WHEEL_LEGEND_UNRESOLVED: Diagrammposten setzen oder aktivieren + Sollwert oder Grad eines Diagrammplatzes; lokaler Namensrest q/o.	ASTRO_LOCAL_LABEL_SIGN	DIAGRAM_LABEL
A187	ASTRO	f67r2	ZWEI_GETRENNTE_HIMMELSRAEDER_MIT_LOKALEN_RING_UND_FELDPLAETZEN	f67r2.74	F67_PAIRED_LEGEND_QUARANTINE_NS	A1_PAIRED_WHEEL_LEGEND_UNRESOLVED	odain	LOCAL_LABEL	Legendenstelle A1_PAIRED_WHEEL_LEGEND_UNRESOLVED: gezaehlter Teil oder Unterabschnitt; lokaler Namensrest od.	ASTRO_LOCAL_LABEL_SIGN	DIAGRAM_LABEL
A188	ASTRO	f67r2	ZWEI_GETRENNTE_HIMMELSRAEDER_MIT_LOKALEN_RING_UND_FELDPLAETZEN	f67r2.74	F67_PAIRED_LEGEND_QUARANTINE_NS	A1_PAIRED_WHEEL_LEGEND_UNRESOLVED	ar	LOCAL_LABEL	Legendenstelle A1_PAIRED_WHEEL_LEGEND_UNRESOLVED: Ausgangssektor, Ursprung oder Bezugswert.	ASTRO_LOCAL_LABEL_SIGN	DIAGRAM_LABEL
A189	ASTRO	f67r2	ZWEI_GETRENNTE_HIMMELSRAEDER_MIT_LOKALEN_RING_UND_FELDPLAETZEN	f67r2.74	F67_PAIRED_LEGEND_QUARANTINE_NS	A1_PAIRED_WHEEL_LEGEND_UNRESOLVED	air	LOCAL_LABEL	Legendenstelle A1_PAIRED_WHEEL_LEGEND_UNRESOLVED: Himmels-, Ring- oder Zeigerlauf.	ASTRO_LOCAL_LABEL_SIGN	DIAGRAM_LABEL
A190	ASTRO	f67r2	ZWEI_GETRENNTE_HIMMELSRAEDER_MIT_LOKALEN_RING_UND_FELDPLAETZEN	f67r2.74	F67_PAIRED_LEGEND_QUARANTINE_NS	A1_PAIRED_WHEEL_LEGEND_UNRESOLVED	ay	LOCAL_LABEL	A1_PAIRED_WHEEL_LEGEND_UNRESOLVED: aktueller Hauptwert.	ASTRO_LOCAL_LABEL_SIGN	DIAGRAM_LABEL
A191	ASTRO	f68r1	MEHRPANEEL_STERNATLAS_MIT_28_LOKALEN_STERNPLAETZEN	f68r1.1	F68_LEFT_PANEL_HEADER_NS	A2_LEFT_PANEL_HEADER	shokchy	LOCAL_LABEL	Sternplatz A2_LEFT_PANEL_HEADER: Himmelsobjekt oder Eingangsbedingung + Diagrammplatz berechnen oder bearbeiten; lokaler Namensrest s/y.	ASTRO_LOCAL_LABEL_SIGN	DIAGRAM_LABEL
A192	ASTRO	f68r1	MEHRPANEEL_STERNATLAS_MIT_28_LOKALEN_STERNPLAETZEN	f68r1.1	F68_LEFT_PANEL_HEADER_NS	A2_LEFT_PANEL_HEADER	chteey	LOCAL_LABEL	Sternplatz A2_LEFT_PANEL_HEADER: lange oder volle Diagrammstufe; lokaler Namensrest cht/y.	ASTRO_LOCAL_LABEL_SIGN	DIAGRAM_LABEL
A193	ASTRO	f68r1	MEHRPANEEL_STERNATLAS_MIT_28_LOKALEN_STERNPLAETZEN	f68r1.1	F68_LEFT_PANEL_HEADER_NS	A2_LEFT_PANEL_HEADER	choteey	LOCAL_LABEL	Sternplatz A2_LEFT_PANEL_HEADER: naechster Platz oder folgende Bedingung + lange oder volle Diagrammstufe; lokaler Namensrest ch/y.	ASTRO_LOCAL_LABEL_SIGN	DIAGRAM_LABEL
A194	ASTRO	f68r1	MEHRPANEEL_STERNATLAS_MIT_28_LOKALEN_STERNPLAETZEN	f68r1.1	F68_LEFT_PANEL_HEADER_NS	A2_LEFT_PANEL_HEADER	cphol	LOCAL_LABEL	Sternplatz A2_LEFT_PANEL_HEADER: im selben Ring, Band oder Satz fortsetzen; lokaler Namensrest cph.	ASTRO_LOCAL_LABEL_SIGN	DIAGRAM_LABEL
A195	ASTRO	f68r1	MEHRPANEEL_STERNATLAS_MIT_28_LOKALEN_STERNPLAETZEN	f68r1.1	F68_LEFT_PANEL_HEADER_NS	A2_LEFT_PANEL_HEADER	cheor	LOCAL_LABEL	Sternplatz A2_LEFT_PANEL_HEADER: Bedingungs-, Tabellen- oder Wahlansatz; lokaler Namensrest che.	ASTRO_LOCAL_LABEL_SIGN	DIAGRAM_LABEL
A196	ASTRO	f68r1	MEHRPANEEL_STERNATLAS_MIT_28_LOKALEN_STERNPLAETZEN	f68r1.1	F68_LEFT_PANEL_HEADER_NS	A2_LEFT_PANEL_HEADER	opcheeol	LOCAL_LABEL	Sternplatz A2_LEFT_PANEL_HEADER: lange oder volle Diagrammstufe + im selben Ring, Band oder Satz fortsetzen; lokaler Namensrest opch.	ASTRO_LOCAL_LABEL_SIGN	DIAGRAM_LABEL
A197	ASTRO	f68r1	MEHRPANEEL_STERNATLAS_MIT_28_LOKALEN_STERNPLAETZEN	f68r1.1	F68_LEFT_PANEL_HEADER_NS	A2_LEFT_PANEL_HEADER	otor	LOCAL_LABEL	Sternplatz A2_LEFT_PANEL_HEADER: naechster Platz oder folgende Bedingung + Bedingungs-, Tabellen- oder Wahlansatz.	ASTRO_LOCAL_LABEL_SIGN	DIAGRAM_LABEL
A198	ASTRO	f68r1	MEHRPANEEL_STERNATLAS_MIT_28_LOKALEN_STERNPLAETZEN	f68r1.1	F68_LEFT_PANEL_HEADER_NS	A2_LEFT_PANEL_HEADER	choctheeey	LOCAL_LABEL	Sternplatz A2_LEFT_PANEL_HEADER: Himmelsobjekt oder Eingangsbedingung + lange oder volle Diagrammstufe; lokaler Namensrest c/cth/y.	ASTRO_LOCAL_LABEL_SIGN	DIAGRAM_LABEL
A199	ASTRO	f68r1	MEHRPANEEL_STERNATLAS_MIT_28_LOKALEN_STERNPLAETZEN	f68r1.1	F68_LEFT_PANEL_HEADER_NS	A2_LEFT_PANEL_HEADER	okchoal	LOCAL_LABEL	Sternplatz A2_LEFT_PANEL_HEADER: Diagrammposten setzen oder aktivieren + Himmelsobjekt oder Eingangsbedingung + Zielsektor, Zielstern oder Zielfeld; lokaler Namensrest c.	ASTRO_LOCAL_LABEL_SIGN	DIAGRAM_LABEL
A200	ASTRO	f68r1	MEHRPANEEL_STERNATLAS_MIT_28_LOKALEN_STERNPLAETZEN	f68r1.2	F68_MIDDLE_PANEL_HEADER_NS	A2_MIDDLE_PANEL_HEADER	tochso	LOCAL_LABEL	A2_MIDDLE_PANEL_HEADER: Grundzustand dieses Platzes.	ASTRO_LOCAL_LABEL_SIGN	DIAGRAM_LABEL
A201	ASTRO	f68r1	MEHRPANEEL_STERNATLAS_MIT_28_LOKALEN_STERNPLAETZEN	f68r1.2	F68_MIDDLE_PANEL_HEADER_NS	A2_MIDDLE_PANEL_HEADER	otchl	LOCAL_LABEL	Sternplatz A2_MIDDLE_PANEL_HEADER: naechster Platz oder folgende Bedingung; lokaler Namensrest chl.	ASTRO_LOCAL_LABEL_SIGN	DIAGRAM_LABEL
A202	ASTRO	f68r1	MEHRPANEEL_STERNATLAS_MIT_28_LOKALEN_STERNPLAETZEN	f68r1.2	F68_MIDDLE_PANEL_HEADER_NS	A2_MIDDLE_PANEL_HEADER	qokeeedy	VOLLSTAENDIG_SETZEN__SCHLUSS	Sternplatz A2_MIDDLE_PANEL_HEADER: vollstaendig setzen und den Eintrag schliessen.	KNOWN_PROSE_CARD_IN_ASTRO	DIAGRAM_LABEL
A203	ASTRO	f68r1	MEHRPANEEL_STERNATLAS_MIT_28_LOKALEN_STERNPLAETZEN	f68r1.2	F68_MIDDLE_PANEL_HEADER_NS	A2_MIDDLE_PANEL_HEADER	cheey	Freigabewert	Sternplatz A2_MIDDLE_PANEL_HEADER: abgelesener oder freigegebener Diagrammwert.	THREE_REGISTER_COMMON_CORE	DIAGRAM_LABEL
A204	ASTRO	f68r1	MEHRPANEEL_STERNATLAS_MIT_28_LOKALEN_STERNPLAETZEN	f68r1.2	F68_MIDDLE_PANEL_HEADER_NS	A2_MIDDLE_PANEL_HEADER	cheeteey	LOCAL_LABEL	Sternplatz A2_MIDDLE_PANEL_HEADER: lange oder volle Diagrammstufe + lange oder volle Diagrammstufe; lokaler Namensrest ch/t/y.	ASTRO_LOCAL_LABEL_SIGN	DIAGRAM_LABEL
A205	ASTRO	f68r1	MEHRPANEEL_STERNATLAS_MIT_28_LOKALEN_STERNPLAETZEN	f68r1.2	F68_MIDDLE_PANEL_HEADER_NS	A2_MIDDLE_PANEL_HEADER	yteody	LOCAL_LABEL	A2_MIDDLE_PANEL_HEADER: Phasenplatz fest eingetragen.	ASTRO_LOCAL_LABEL_SIGN	DIAGRAM_LABEL
A206	ASTRO	f68r1	MEHRPANEEL_STERNATLAS_MIT_28_LOKALEN_STERNPLAETZEN	f68r1.2	F68_MIDDLE_PANEL_HEADER_NS	A2_MIDDLE_PANEL_HEADER	chpor	LOCAL_LABEL	Sternplatz A2_MIDDLE_PANEL_HEADER: Bedingungs-, Tabellen- oder Wahlansatz; lokaler Namensrest chp.	ASTRO_LOCAL_LABEL_SIGN	DIAGRAM_LABEL
A207	ASTRO	f68r1	MEHRPANEEL_STERNATLAS_MIT_28_LOKALEN_STERNPLAETZEN	f68r1.2	F68_MIDDLE_PANEL_HEADER_NS	A2_MIDDLE_PANEL_HEADER	cheokorchey	LOCAL_LABEL	Sternplatz A2_MIDDLE_PANEL_HEADER: Diagrammposten setzen oder aktivieren + Bedingungs-, Tabellen- oder Wahlansatz; lokaler Namensrest che/chey.	ASTRO_LOCAL_LABEL_SIGN	DIAGRAM_LABEL
A208	ASTRO	f68r1	MEHRPANEEL_STERNATLAS_MIT_28_LOKALEN_STERNPLAETZEN	f68r1.2	F68_MIDDLE_PANEL_HEADER_NS	A2_MIDDLE_PANEL_HEADER	chod	LOCAL_LABEL	Sternplatz A2_MIDDLE_PANEL_HEADER: Himmelsobjekt oder Eingangsbedingung; lokaler Namensrest c/d.	ASTRO_LOCAL_LABEL_SIGN	DIAGRAM_LABEL
A209	ASTRO	f68r1	MEHRPANEEL_STERNATLAS_MIT_28_LOKALEN_STERNPLAETZEN	f68r1.3	F68_RIGHT_PANEL_HEADER_NS	A2_RIGHT_PANEL_HEADER	ykor	LOCAL_LABEL	Sektorplatz A2_RIGHT_PANEL_HEADER: Bedingungs-, Tabellen- oder Wahlansatz; lokaler Namensrest yk.	ASTRO_LOCAL_LABEL_SIGN	DIAGRAM_LABEL
A210	ASTRO	f68r1	MEHRPANEEL_STERNATLAS_MIT_28_LOKALEN_STERNPLAETZEN	f68r1.3	F68_RIGHT_PANEL_HEADER_NS	A2_RIGHT_PANEL_HEADER	shey	Freigabewert	Sektorplatz A2_RIGHT_PANEL_HEADER: abgelesener oder freigegebener Diagrammwert.	THREE_REGISTER_COMMON_CORE	DIAGRAM_LABEL
A211	ASTRO	f68r1	MEHRPANEEL_STERNATLAS_MIT_28_LOKALEN_STERNPLAETZEN	f68r1.3	F68_RIGHT_PANEL_HEADER_NS	A2_RIGHT_PANEL_HEADER	qocheey	LOCAL_LABEL	Sektorplatz A2_RIGHT_PANEL_HEADER: abgelesener oder freigegebener Wert; lokaler Namensrest qo.	ASTRO_LOCAL_LABEL_SIGN	DIAGRAM_LABEL
A212	ASTRO	f68r1	MEHRPANEEL_STERNATLAS_MIT_28_LOKALEN_STERNPLAETZEN	f68r1.3	F68_RIGHT_PANEL_HEADER_NS	A2_RIGHT_PANEL_HEADER	chokal	LOCAL_LABEL	Sektorplatz A2_RIGHT_PANEL_HEADER: Diagrammposten setzen oder aktivieren + Zielsektor, Zielstern oder Zielfeld; lokaler Namensrest ch.	ASTRO_LOCAL_LABEL_SIGN	DIAGRAM_LABEL
A213	ASTRO	f68r1	MEHRPANEEL_STERNATLAS_MIT_28_LOKALEN_STERNPLAETZEN	f68r1.3	F68_RIGHT_PANEL_HEADER_NS	A2_RIGHT_PANEL_HEADER	okeey	LANGSTUFE_SETZEN	Sektorplatz A2_RIGHT_PANEL_HEADER: in langer Stufe setzen.	KNOWN_PROSE_CARD_IN_ASTRO	DIAGRAM_LABEL
A214	ASTRO	f68r1	MEHRPANEEL_STERNATLAS_MIT_28_LOKALEN_STERNPLAETZEN	f68r1.3	F68_RIGHT_PANEL_HEADER_NS	A2_RIGHT_PANEL_HEADER	ror	LOCAL_LABEL	Sektorplatz A2_RIGHT_PANEL_HEADER: Bedingungs-, Tabellen- oder Wahlansatz; lokaler Namensrest r.	ASTRO_LOCAL_LABEL_SIGN	DIAGRAM_LABEL
A215	ASTRO	f68r1	MEHRPANEEL_STERNATLAS_MIT_28_LOKALEN_STERNPLAETZEN	f68r1.3	F68_RIGHT_PANEL_HEADER_NS	A2_RIGHT_PANEL_HEADER	eckhear	LOCAL_LABEL	Sektorplatz A2_RIGHT_PANEL_HEADER: durch Sektor, Ring oder Pruefweg fuehren + Ausgangssektor, Ursprung oder Bezugswert; lokaler Namensrest e.	ASTRO_LOCAL_LABEL_SIGN	DIAGRAM_LABEL
A216	ASTRO	f68r1	MEHRPANEEL_STERNATLAS_MIT_28_LOKALEN_STERNPLAETZEN	f68r1.3	F68_RIGHT_PANEL_HEADER_NS	A2_RIGHT_PANEL_HEADER	daram	LOCAL_LABEL	Sektorplatz A2_RIGHT_PANEL_HEADER: Ausgangssektor, Ursprung oder Bezugswert; lokaler Namensrest d/am.	ASTRO_LOCAL_LABEL_SIGN	DIAGRAM_LABEL
A217	ASTRO	f68r1	MEHRPANEEL_STERNATLAS_MIT_28_LOKALEN_STERNPLAETZEN	f68r1.4	F68_MULTIPANEL_HEADER_QUARANTINE_NS	A2_MULTIPANEL_HEADER_FRAGMENT_04	dchor	LOCAL_LABEL	Tafelkopf A2_MULTIPANEL_HEADER_FRAGMENT_04: Bedingungs-, Tabellen- oder Wahlansatz; lokaler Namensrest dch.	ASTRO_LOCAL_LABEL_SIGN	DIAGRAM_LABEL
A218	ASTRO	f68r1	MEHRPANEEL_STERNATLAS_MIT_28_LOKALEN_STERNPLAETZEN	f68r1.4	F68_MULTIPANEL_HEADER_QUARANTINE_NS	A2_MULTIPANEL_HEADER_FRAGMENT_04	okaiiin	LOCAL_LABEL	Tafelkopf A2_MULTIPANEL_HEADER_FRAGMENT_04: Diagrammposten setzen oder aktivieren + Grad- oder Bedingungsstufe; lokaler Namensrest ai.	ASTRO_LOCAL_LABEL_SIGN	DIAGRAM_LABEL
A219	ASTRO	f68r1	MEHRPANEEL_STERNATLAS_MIT_28_LOKALEN_STERNPLAETZEN	f68r1.5	F68_MULTIPANEL_HEADER_QUARANTINE_NS	A2_MULTIPANEL_HEADER_FRAGMENT_05	yky	LOCAL_LABEL	A2_MULTIPANEL_HEADER_FRAGMENT_05: aktuelles Haus.	ASTRO_LOCAL_LABEL_SIGN	DIAGRAM_LABEL
A220	ASTRO	f68r1	MEHRPANEEL_STERNATLAS_MIT_28_LOKALEN_STERNPLAETZEN	f68r1.6	F68_MULTIPANEL_HEADER_QUARANTINE_NS	A2_MULTIPANEL_HEADER_FRAGMENT_06	dary	LOCAL_LABEL	Tafelkopf A2_MULTIPANEL_HEADER_FRAGMENT_06: Ausgangssektor, Ursprung oder Bezugswert; lokaler Namensrest d/y.	ASTRO_LOCAL_LABEL_SIGN	DIAGRAM_LABEL
A221	ASTRO	f68r1	MEHRPANEEL_STERNATLAS_MIT_28_LOKALEN_STERNPLAETZEN	f68r1.7	F68_MULTIPANEL_HEADER_QUARANTINE_NS	A2_MULTIPANEL_HEADER_FRAGMENT_07	chkchykoly	LOCAL_LABEL	Tafelkopf A2_MULTIPANEL_HEADER_FRAGMENT_07: Diagrammplatz berechnen oder bearbeiten + im selben Ring, Band oder Satz fortsetzen; lokaler Namensrest ch/yk/y.	ASTRO_LOCAL_LABEL_SIGN	DIAGRAM_LABEL
A222	ASTRO	f68r1	MEHRPANEEL_STERNATLAS_MIT_28_LOKALEN_STERNPLAETZEN	f68r1.8	F68_CENTRE_KEY_QUARANTINE_NS	A2_CENTRE_KEY_UNRESOLVED	okodaly	LOCAL_LABEL	Zentrumsmarke A2_CENTRE_KEY_UNRESOLVED: Diagrammposten setzen oder aktivieren + Zielsektor, Zielstern oder Zielfeld; lokaler Namensrest od/y.	ASTRO_LOCAL_LABEL_SIGN	DIAGRAM_LABEL
A223	ASTRO	f68r1	MEHRPANEEL_STERNATLAS_MIT_28_LOKALEN_STERNPLAETZEN	f68r1.9	F68_LOCAL_STAR_SLOT_NS	A2_STAR_STATION_01	odchecthy	LOCAL_LABEL	A2_STAR_STATION_01: feste abgeleitete Bedingung.	ASTRO_LOCAL_LABEL_SIGN	DIAGRAM_LABEL
A224	ASTRO	f68r1	MEHRPANEEL_STERNATLAS_MIT_28_LOKALEN_STERNPLAETZEN	f68r1.10	F68_LOCAL_STAR_SLOT_NS	A2_STAR_STATION_02	otcheody	LOCAL_LABEL	Sternplatz A2_STAR_STATION_02: naechster Platz oder folgende Bedingung; lokaler Namensrest cheody.	ASTRO_LOCAL_LABEL_SIGN	DIAGRAM_LABEL
A225	ASTRO	f68r1	MEHRPANEEL_STERNATLAS_MIT_28_LOKALEN_STERNPLAETZEN	f68r1.11	F68_LOCAL_STAR_SLOT_NS	A2_STAR_STATION_03	okoaly	LOCAL_LABEL	Sternplatz A2_STAR_STATION_03: Diagrammposten setzen oder aktivieren + Zielsektor, Zielstern oder Zielfeld; lokaler Namensrest o/y.	ASTRO_LOCAL_LABEL_SIGN	DIAGRAM_LABEL
A226	ASTRO	f68r1	MEHRPANEEL_STERNATLAS_MIT_28_LOKALEN_STERNPLAETZEN	f68r1.12	F68_LOCAL_STAR_SLOT_NS	A2_STAR_STATION_04	chocfhy	LOCAL_LABEL	Sternplatz A2_STAR_STATION_04: Himmelsobjekt oder Eingangsbedingung; lokaler Namensrest c/cfhy.	ASTRO_LOCAL_LABEL_SIGN	DIAGRAM_LABEL
A227	ASTRO	f68r1	MEHRPANEEL_STERNATLAS_MIT_28_LOKALEN_STERNPLAETZEN	f68r1.13	F68_LOCAL_STAR_SLOT_NS	A2_STAR_STATION_05	octhey	LOCAL_LABEL	A2_STAR_STATION_05: ausgewählte Grundbedingung.	ASTRO_LOCAL_LABEL_SIGN	DIAGRAM_LABEL
A228	ASTRO	f68r1	MEHRPANEEL_STERNATLAS_MIT_28_LOKALEN_STERNPLAETZEN	f68r1.14	F68_LOCAL_STAR_SLOT_NS	A2_STAR_STATION_06	otshey	LOCAL_LABEL	Sternplatz A2_STAR_STATION_06: naechster Platz oder folgende Bedingung + abgelesener oder freigegebener Wert.	ASTRO_LOCAL_LABEL_SIGN	DIAGRAM_LABEL
A229	ASTRO	f68r1	MEHRPANEEL_STERNATLAS_MIT_28_LOKALEN_STERNPLAETZEN	f68r1.15	F68_LOCAL_STAR_SLOT_NS	A2_STAR_STATION_07	otydy	LOCAL_LABEL	Sternplatz A2_STAR_STATION_07: Teilsektor oder Untereintrag; lokaler Namensrest o/dy.	ASTRO_LOCAL_LABEL_SIGN	DIAGRAM_LABEL
A230	ASTRO	f68r1	MEHRPANEEL_STERNATLAS_MIT_28_LOKALEN_STERNPLAETZEN	f68r1.16	F68_LOCAL_STAR_SLOT_NS	A2_STAR_STATION_08	okear	LOCAL_LABEL	Sternplatz A2_STAR_STATION_08: Diagrammposten setzen oder aktivieren + Ausgangssektor, Ursprung oder Bezugswert; lokaler Namensrest e.	ASTRO_LOCAL_LABEL_SIGN	DIAGRAM_LABEL
A231	ASTRO	f68r1	MEHRPANEEL_STERNATLAS_MIT_28_LOKALEN_STERNPLAETZEN	f68r1.17	F68_LOCAL_STAR_SLOT_NS	A2_STAR_STATION_09	cphocthy	LOCAL_LABEL	Sternplatz A2_STAR_STATION_09: Himmelsobjekt oder Eingangsbedingung; lokaler Namensrest cp/cthy.	ASTRO_LOCAL_LABEL_SIGN	DIAGRAM_LABEL
A232	ASTRO	f68r1	MEHRPANEEL_STERNATLAS_MIT_28_LOKALEN_STERNPLAETZEN	f68r1.18	F68_LOCAL_STAR_SLOT_NS	A2_STAR_STATION_10	ytchody	LOCAL_LABEL	Sternplatz A2_STAR_STATION_10: Himmelsobjekt oder Eingangsbedingung; lokaler Namensrest ytc/dy.	ASTRO_LOCAL_LABEL_SIGN	DIAGRAM_LABEL
A233	ASTRO	f68r1	MEHRPANEEL_STERNATLAS_MIT_28_LOKALEN_STERNPLAETZEN	f68r1.19	F68_LOCAL_STAR_SLOT_NS	A2_STAR_STATION_11	otys	LOCAL_LABEL	Sternplatz A2_STAR_STATION_11: Teilsektor oder Untereintrag; lokaler Namensrest o/s.	ASTRO_LOCAL_LABEL_SIGN	DIAGRAM_LABEL
A234	ASTRO	f68r1	MEHRPANEEL_STERNATLAS_MIT_28_LOKALEN_STERNPLAETZEN	f68r1.20	F68_LOCAL_STAR_SLOT_NS	A2_STAR_STATION_12	olor	derselbe Ansatz	Sternplatz A2_STAR_STATION_12: fortgesetzter Bedingungs- oder Tabellensatz.	THREE_REGISTER_COMMON_CORE	DIAGRAM_LABEL
A235	ASTRO	f68r1	MEHRPANEEL_STERNATLAS_MIT_28_LOKALEN_STERNPLAETZEN	f68r1.21	F68_LOCAL_STAR_SLOT_NS	A2_STAR_STATION_13	ockhy	LOCAL_LABEL	Sternplatz A2_STAR_STATION_13: durch Sektor, Ring oder Pruefweg fuehren; lokaler Namensrest o/y.	ASTRO_LOCAL_LABEL_SIGN	DIAGRAM_LABEL
A236	ASTRO	f68r1	MEHRPANEEL_STERNATLAS_MIT_28_LOKALEN_STERNPLAETZEN	f68r1.22	F68_LOCAL_STAR_SLOT_NS	A2_STAR_STATION_14	ofcheor	LOCAL_LABEL	Sternplatz A2_STAR_STATION_14: Bedingungs-, Tabellen- oder Wahlansatz; lokaler Namensrest ofche.	ASTRO_LOCAL_LABEL_SIGN	DIAGRAM_LABEL
A237	ASTRO	f68r1	MEHRPANEEL_STERNATLAS_MIT_28_LOKALEN_STERNPLAETZEN	f68r1.23	F68_LOCAL_STAR_SLOT_NS	A2_STAR_STATION_15	otchdy	FOLGEPLATZ_UEBERTRAGEN__SCHLUSS	Sternplatz A2_STAR_STATION_15: den folgenden Platz uebertragen und den Eintrag schliessen.	KNOWN_PROSE_CARD_IN_ASTRO	DIAGRAM_LABEL
A238	ASTRO	f68r1	MEHRPANEEL_STERNATLAS_MIT_28_LOKALEN_STERNPLAETZEN	f68r1.24	F68_LOCAL_STAR_SLOT_NS	A2_STAR_STATION_16	otykchs	LOCAL_LABEL	Sternplatz A2_STAR_STATION_16: Teilsektor oder Untereintrag + Diagrammplatz berechnen oder bearbeiten; lokaler Namensrest o/s.	ASTRO_LOCAL_LABEL_SIGN	DIAGRAM_LABEL
A239	ASTRO	f68r1	MEHRPANEEL_STERNATLAS_MIT_28_LOKALEN_STERNPLAETZEN	f68r1.25	F68_LOCAL_STAR_SLOT_NS	A2_STAR_STATION_17	otol	DANACH_FORTSETZEN	Sternplatz A2_STAR_STATION_17: danach im selben Ring oder Band fortsetzen.	KNOWN_PROSE_CARD_IN_ASTRO	DIAGRAM_LABEL
A240	ASTRO	f68r1	MEHRPANEEL_STERNATLAS_MIT_28_LOKALEN_STERNPLAETZEN	f68r1.26	F68_LOCAL_STAR_SLOT_NS	A2_STAR_STATION_18	otor	LOCAL_LABEL	Sternplatz A2_STAR_STATION_18: naechster Platz oder folgende Bedingung + Bedingungs-, Tabellen- oder Wahlansatz.	ASTRO_LOCAL_LABEL_SIGN	DIAGRAM_LABEL
A241	ASTRO	f68r1	MEHRPANEEL_STERNATLAS_MIT_28_LOKALEN_STERNPLAETZEN	f68r1.27	F68_LOCAL_STAR_SLOT_NS	A2_STAR_STATION_19	oiinar	LOCAL_LABEL	Sternplatz A2_STAR_STATION_19: Grad- oder Bedingungsstufe + Ausgangssektor, Ursprung oder Bezugswert; lokaler Namensrest o.	ASTRO_LOCAL_LABEL_SIGN	DIAGRAM_LABEL
A242	ASTRO	f68r1	MEHRPANEEL_STERNATLAS_MIT_28_LOKALEN_STERNPLAETZEN	f68r1.28	F68_LOCAL_STAR_SLOT_NS	A2_STAR_STATION_20	okoldy	LOCAL_LABEL	Sternplatz A2_STAR_STATION_20: Diagrammposten setzen oder aktivieren + im selben Ring, Band oder Satz fortsetzen; lokaler Namensrest dy.	ASTRO_LOCAL_LABEL_SIGN	DIAGRAM_LABEL
A243	ASTRO	f68r1	MEHRPANEEL_STERNATLAS_MIT_28_LOKALEN_STERNPLAETZEN	f68r1.29	F68_LOCAL_STAR_SLOT_NS	A2_STAR_STATION_21	ykchdy	LOCAL_LABEL	Sternplatz A2_STAR_STATION_21: Wert oder Platzbezug uebertragen; lokaler Namensrest yk/y.	ASTRO_LOCAL_LABEL_SIGN	DIAGRAM_LABEL
A244	ASTRO	f68r1	MEHRPANEEL_STERNATLAS_MIT_28_LOKALEN_STERNPLAETZEN	f68r1.30	F68_LOCAL_STAR_SLOT_NS	A2_STAR_STATION_22	oeeody	LOCAL_LABEL	Sternplatz A2_STAR_STATION_22: lange oder volle Diagrammstufe; lokaler Namensrest o/ody.	ASTRO_LOCAL_LABEL_SIGN	DIAGRAM_LABEL
A245	ASTRO	f68r1	MEHRPANEEL_STERNATLAS_MIT_28_LOKALEN_STERNPLAETZEN	f68r1.31	F68_LOCAL_STAR_SLOT_NS	A2_STAR_STATION_23	ocphy	LOCAL_LABEL	A2_STAR_STATION_23: Grundauswahl.	ASTRO_LOCAL_LABEL_SIGN	DIAGRAM_LABEL
A246	ASTRO	f68r1	MEHRPANEEL_STERNATLAS_MIT_28_LOKALEN_STERNPLAETZEN	f68r1.32	F68_LOCAL_STAR_SLOT_NS	A2_STAR_STATION_24	okeeodal	LOCAL_LABEL	Sternplatz A2_STAR_STATION_24: Diagrammposten setzen oder aktivieren + lange oder volle Diagrammstufe + Zielsektor, Zielstern oder Zielfeld; lokaler Namensrest od.	ASTRO_LOCAL_LABEL_SIGN	DIAGRAM_LABEL
A247	ASTRO	f68r1	MEHRPANEEL_STERNATLAS_MIT_28_LOKALEN_STERNPLAETZEN	f68r1.33	F68_LOCAL_STAR_SLOT_NS	A2_STAR_STATION_25	okshor	LOCAL_LABEL	Sternplatz A2_STAR_STATION_25: Diagrammposten setzen oder aktivieren + Position oder Bedingung halten + Bedingungs-, Tabellen- oder Wahlansatz.	ASTRO_LOCAL_LABEL_SIGN	DIAGRAM_LABEL
A248	ASTRO	f68r1	MEHRPANEEL_STERNATLAS_MIT_28_LOKALEN_STERNPLAETZEN	f68r1.34	F68_LOCAL_STAR_SLOT_NS	A2_STAR_STATION_26	osdaiin	LOCAL_LABEL	Sternplatz A2_STAR_STATION_26: Sollwert oder Grad eines Diagrammplatzes; lokaler Namensrest osd.	ASTRO_LOCAL_LABEL_SIGN	DIAGRAM_LABEL
A249	ASTRO	f68r1	MEHRPANEEL_STERNATLAS_MIT_28_LOKALEN_STERNPLAETZEN	f68r1.35	F68_LOCAL_STAR_SLOT_NS	A2_STAR_STATION_27	otochedy	LOCAL_LABEL	Sternplatz A2_STAR_STATION_27: naechster Platz oder folgende Bedingung + Wert oder Platzbezug uebertragen; lokaler Namensrest o/y.	ASTRO_LOCAL_LABEL_SIGN	DIAGRAM_LABEL
A250	ASTRO	f68r1	MEHRPANEEL_STERNATLAS_MIT_28_LOKALEN_STERNPLAETZEN	f68r1.36	F68_LOCAL_STAR_SLOT_NS	A2_STAR_STATION_28	dolchedy	LOCAL_LABEL	Sternplatz A2_STAR_STATION_28: im selben Ring, Band oder Satz fortsetzen + Wert oder Platzbezug uebertragen; lokaler Namensrest d/y.	ASTRO_LOCAL_LABEL_SIGN	DIAGRAM_LABEL
A251	ASTRO	f68r1	MEHRPANEEL_STERNATLAS_MIT_28_LOKALEN_STERNPLAETZEN	f68r1.37	F68_CENTRAL_LEGEND_QUARANTINE_NS	A2_CENTRAL_LEGEND_UNRESOLVED	oky	einsetzen	Legendenstelle A2_CENTRAL_LEGEND_UNRESOLVED: diesen Diagrammposten setzen.	THREE_REGISTER_COMMON_CORE	DIAGRAM_LABEL
A252	ASTRO	f68r1	MEHRPANEEL_STERNATLAS_MIT_28_LOKALEN_STERNPLAETZEN	f68r1.37	F68_CENTRAL_LEGEND_QUARANTINE_NS	A2_CENTRAL_LEGEND_UNRESOLVED	okchdy	LOCAL_LABEL	Legendenstelle A2_CENTRAL_LEGEND_UNRESOLVED: Diagrammposten setzen oder aktivieren + Wert oder Platzbezug uebertragen; lokaler Namensrest y.	ASTRO_LOCAL_LABEL_SIGN	DIAGRAM_LABEL
A253	ASTRO	f68r1	MEHRPANEEL_STERNATLAS_MIT_28_LOKALEN_STERNPLAETZEN	f68r1.37	F68_CENTRAL_LEGEND_QUARANTINE_NS	A2_CENTRAL_LEGEND_UNRESOLVED	okardy	LOCAL_LABEL	Legendenstelle A2_CENTRAL_LEGEND_UNRESOLVED: Diagrammposten setzen oder aktivieren + Ausgangssektor, Ursprung oder Bezugswert; lokaler Namensrest dy.	ASTRO_LOCAL_LABEL_SIGN	DIAGRAM_LABEL
A254	ASTRO	f68r1	MEHRPANEEL_STERNATLAS_MIT_28_LOKALEN_STERNPLAETZEN	f68r1.37	F68_CENTRAL_LEGEND_QUARANTINE_NS	A2_CENTRAL_LEGEND_UNRESOLVED	qear	LOCAL_LABEL	Legendenstelle A2_CENTRAL_LEGEND_UNRESOLVED: Ausgangssektor, Ursprung oder Bezugswert; lokaler Namensrest qe.	ASTRO_LOCAL_LABEL_SIGN	DIAGRAM_LABEL
A255	ASTRO	f68r1	MEHRPANEEL_STERNATLAS_MIT_28_LOKALEN_STERNPLAETZEN	f68r1.37	F68_CENTRAL_LEGEND_QUARANTINE_NS	A2_CENTRAL_LEGEND_UNRESOLVED	oygy	LOCAL_LABEL	A2_CENTRAL_LEGEND_UNRESOLVED: aktueller Grundgrad.	ASTRO_LOCAL_LABEL_SIGN	DIAGRAM_LABEL
A256	ASTRO	f69v	DREI_GETRENNTE_HETEROGENE_RAEDER_MIT_28_LOKALEN_LINKEN_PLAETZEN	f69v.1	F69_LEFT_WHEEL_NS	A3_LEFT_WHEEL_RING_TEXT	dair	LOCAL_LABEL	Radstelle A3_LEFT_WHEEL_RING_TEXT: Himmels-, Ring- oder Zeigerlauf; lokaler Namensrest d.	ASTRO_LOCAL_LABEL_SIGN	DIAGRAM_LABEL
A257	ASTRO	f69v	DREI_GETRENNTE_HETEROGENE_RAEDER_MIT_28_LOKALEN_LINKEN_PLAETZEN	f69v.1	F69_LEFT_WHEEL_NS	A3_LEFT_WHEEL_RING_TEXT	cheyky	LOCAL_LABEL	A3_LEFT_WHEEL_RING_TEXT: Ablesung dieses Hauses.	ASTRO_LOCAL_LABEL_SIGN	DIAGRAM_LABEL
A258	ASTRO	f69v	DREI_GETRENNTE_HETEROGENE_RAEDER_MIT_28_LOKALEN_LINKEN_PLAETZEN	f69v.1	F69_LEFT_WHEEL_NS	A3_LEFT_WHEEL_RING_TEXT	otaza	LOCAL_LABEL	Radstelle A3_LEFT_WHEEL_RING_TEXT: naechster Platz oder folgende Bedingung; lokaler Namensrest aza.	ASTRO_LOCAL_LABEL_SIGN	DIAGRAM_LABEL
A259	ASTRO	f69v	DREI_GETRENNTE_HETEROGENE_RAEDER_MIT_28_LOKALEN_LINKEN_PLAETZEN	f69v.1	F69_LEFT_WHEEL_NS	A3_LEFT_WHEEL_RING_TEXT	sar	davon	Radstelle A3_LEFT_WHEEL_RING_TEXT: vom bezeichneten Ausgangsplatz.	THREE_REGISTER_COMMON_CORE	DIAGRAM_LABEL
A260	ASTRO	f69v	DREI_GETRENNTE_HETEROGENE_RAEDER_MIT_28_LOKALEN_LINKEN_PLAETZEN	f69v.1	F69_LEFT_WHEEL_NS	A3_LEFT_WHEEL_RING_TEXT	ar	LOCAL_LABEL	Radstelle A3_LEFT_WHEEL_RING_TEXT: Ausgangssektor, Ursprung oder Bezugswert.	ASTRO_LOCAL_LABEL_SIGN	DIAGRAM_LABEL
A261	ASTRO	f69v	DREI_GETRENNTE_HETEROGENE_RAEDER_MIT_28_LOKALEN_LINKEN_PLAETZEN	f69v.1	F69_LEFT_WHEEL_NS	A3_LEFT_WHEEL_RING_TEXT	chykar	LOCAL_LABEL	Radstelle A3_LEFT_WHEEL_RING_TEXT: Ausgangssektor, Ursprung oder Bezugswert; lokaler Namensrest chyk.	ASTRO_LOCAL_LABEL_SIGN	DIAGRAM_LABEL
A262	ASTRO	f69v	DREI_GETRENNTE_HETEROGENE_RAEDER_MIT_28_LOKALEN_LINKEN_PLAETZEN	f69v.1	F69_LEFT_WHEEL_NS	A3_LEFT_WHEEL_RING_TEXT	okoirsh	LOCAL_LABEL	Radstelle A3_LEFT_WHEEL_RING_TEXT: Diagrammposten setzen oder aktivieren + Position oder Bedingung halten; lokaler Namensrest oir.	ASTRO_LOCAL_LABEL_SIGN	DIAGRAM_LABEL
A263	ASTRO	f69v	DREI_GETRENNTE_HETEROGENE_RAEDER_MIT_28_LOKALEN_LINKEN_PLAETZEN	f69v.1	F69_LEFT_WHEEL_NS	A3_LEFT_WHEEL_RING_TEXT	ar	LOCAL_LABEL	Radstelle A3_LEFT_WHEEL_RING_TEXT: Ausgangssektor, Ursprung oder Bezugswert.	ASTRO_LOCAL_LABEL_SIGN	DIAGRAM_LABEL
A264	ASTRO	f69v	DREI_GETRENNTE_HETEROGENE_RAEDER_MIT_28_LOKALEN_LINKEN_PLAETZEN	f69v.1	F69_LEFT_WHEEL_NS	A3_LEFT_WHEEL_RING_TEXT	chetody	LOCAL_LABEL	A3_LEFT_WHEEL_RING_TEXT: abgeleiteter Platzwert.	ASTRO_LOCAL_LABEL_SIGN	DIAGRAM_LABEL
A265	ASTRO	f69v	DREI_GETRENNTE_HETEROGENE_RAEDER_MIT_28_LOKALEN_LINKEN_PLAETZEN	f69v.1	F69_LEFT_WHEEL_NS	A3_LEFT_WHEEL_RING_TEXT	okeeos	LOCAL_LABEL	Radstelle A3_LEFT_WHEEL_RING_TEXT: Diagrammposten setzen oder aktivieren + lange oder volle Diagrammstufe; lokaler Namensrest os.	ASTRO_LOCAL_LABEL_SIGN	DIAGRAM_LABEL
A266	ASTRO	f69v	DREI_GETRENNTE_HETEROGENE_RAEDER_MIT_28_LOKALEN_LINKEN_PLAETZEN	f69v.1	F69_LEFT_WHEEL_NS	A3_LEFT_WHEEL_RING_TEXT	o	LOCAL_LABEL	A3_LEFT_WHEEL_RING_TEXT: Grundwert.	ASTRO_LOCAL_LABEL_SIGN	DIAGRAM_LABEL
A267	ASTRO	f69v	DREI_GETRENNTE_HETEROGENE_RAEDER_MIT_28_LOKALEN_LINKEN_PLAETZEN	f69v.1	F69_LEFT_WHEEL_NS	A3_LEFT_WHEEL_RING_TEXT	tey	LOCAL_LABEL	A3_LEFT_WHEEL_RING_TEXT: aktueller Phasenwert.	ASTRO_LOCAL_LABEL_SIGN	DIAGRAM_LABEL
A268	ASTRO	f69v	DREI_GETRENNTE_HETEROGENE_RAEDER_MIT_28_LOKALEN_LINKEN_PLAETZEN	f69v.1	F69_LEFT_WHEEL_NS	A3_LEFT_WHEEL_RING_TEXT	otokeeey	LOCAL_LABEL	Radstelle A3_LEFT_WHEEL_RING_TEXT: naechster Platz oder folgende Bedingung + Diagrammposten setzen oder aktivieren + lange oder volle Diagrammstufe; lokaler Namensrest y.	ASTRO_LOCAL_LABEL_SIGN	DIAGRAM_LABEL
A269	ASTRO	f69v	DREI_GETRENNTE_HETEROGENE_RAEDER_MIT_28_LOKALEN_LINKEN_PLAETZEN	f69v.1	F69_LEFT_WHEEL_NS	A3_LEFT_WHEEL_RING_TEXT	okeeody	LOCAL_LABEL	Radstelle A3_LEFT_WHEEL_RING_TEXT: Diagrammposten setzen oder aktivieren + lange oder volle Diagrammstufe; lokaler Namensrest ody.	ASTRO_LOCAL_LABEL_SIGN	DIAGRAM_LABEL
A270	ASTRO	f69v	DREI_GETRENNTE_HETEROGENE_RAEDER_MIT_28_LOKALEN_LINKEN_PLAETZEN	f69v.1	F69_LEFT_WHEEL_NS	A3_LEFT_WHEEL_RING_TEXT	okeey	LANGSTUFE_SETZEN	Radstelle A3_LEFT_WHEEL_RING_TEXT: in langer Stufe setzen.	KNOWN_PROSE_CARD_IN_ASTRO	DIAGRAM_LABEL
A271	ASTRO	f69v	DREI_GETRENNTE_HETEROGENE_RAEDER_MIT_28_LOKALEN_LINKEN_PLAETZEN	f69v.1	F69_LEFT_WHEEL_NS	A3_LEFT_WHEEL_RING_TEXT	doiir	LOCAL_LABEL	A3_LEFT_WHEEL_RING_TEXT: fester Grundindex.	ASTRO_LOCAL_LABEL_SIGN	DIAGRAM_LABEL
A272	ASTRO	f69v	DREI_GETRENNTE_HETEROGENE_RAEDER_MIT_28_LOKALEN_LINKEN_PLAETZEN	f69v.1	F69_LEFT_WHEEL_NS	A3_LEFT_WHEEL_RING_TEXT	teeo	LOCAL_LABEL	Radstelle A3_LEFT_WHEEL_RING_TEXT: lange oder volle Diagrammstufe; lokaler Namensrest t/o.	ASTRO_LOCAL_LABEL_SIGN	DIAGRAM_LABEL
A273	ASTRO	f69v	DREI_GETRENNTE_HETEROGENE_RAEDER_MIT_28_LOKALEN_LINKEN_PLAETZEN	f69v.1	F69_LEFT_WHEEL_NS	A3_LEFT_WHEEL_RING_TEXT	y	dies	Radstelle A3_LEFT_WHEEL_RING_TEXT: dieser lokale Diagrammposten.	THREE_REGISTER_COMMON_CORE	DIAGRAM_LABEL
A274	ASTRO	f69v	DREI_GETRENNTE_HETEROGENE_RAEDER_MIT_28_LOKALEN_LINKEN_PLAETZEN	f69v.1	F69_LEFT_WHEEL_NS	A3_LEFT_WHEEL_RING_TEXT	chey	dies	Radstelle A3_LEFT_WHEEL_RING_TEXT: dieser lokale Diagrammposten.	THREE_REGISTER_COMMON_CORE	DIAGRAM_LABEL
A275	ASTRO	f69v	DREI_GETRENNTE_HETEROGENE_RAEDER_MIT_28_LOKALEN_LINKEN_PLAETZEN	f69v.1	F69_LEFT_WHEEL_NS	A3_LEFT_WHEEL_RING_TEXT	ot	LOCAL_LABEL	Radstelle A3_LEFT_WHEEL_RING_TEXT: naechster Platz oder folgende Bedingung.	ASTRO_LOCAL_LABEL_SIGN	DIAGRAM_LABEL
A276	ASTRO	f69v	DREI_GETRENNTE_HETEROGENE_RAEDER_MIT_28_LOKALEN_LINKEN_PLAETZEN	f69v.1	F69_LEFT_WHEEL_NS	A3_LEFT_WHEEL_RING_TEXT	y	dies	Radstelle A3_LEFT_WHEEL_RING_TEXT: dieser lokale Diagrammposten.	THREE_REGISTER_COMMON_CORE	DIAGRAM_LABEL
A277	ASTRO	f69v	DREI_GETRENNTE_HETEROGENE_RAEDER_MIT_28_LOKALEN_LINKEN_PLAETZEN	f69v.1	F69_LEFT_WHEEL_NS	A3_LEFT_WHEEL_RING_TEXT	okedy	LOCAL_LABEL	Radstelle A3_LEFT_WHEEL_RING_TEXT: Diagrammposten setzen oder aktivieren; lokaler Namensrest edy.	ASTRO_LOCAL_LABEL_SIGN	DIAGRAM_LABEL
A278	ASTRO	f69v	DREI_GETRENNTE_HETEROGENE_RAEDER_MIT_28_LOKALEN_LINKEN_PLAETZEN	f69v.1	F69_LEFT_WHEEL_NS	A3_LEFT_WHEEL_RING_TEXT	chsdy	LOCAL_LABEL	A3_LEFT_WHEEL_RING_TEXT: sekundärer Zustand fest.	ASTRO_LOCAL_LABEL_SIGN	DIAGRAM_LABEL
A279	ASTRO	f69v	DREI_GETRENNTE_HETEROGENE_RAEDER_MIT_28_LOKALEN_LINKEN_PLAETZEN	f69v.1	F69_LEFT_WHEEL_NS	A3_LEFT_WHEEL_RING_TEXT	okeod	LOCAL_LABEL	Radstelle A3_LEFT_WHEEL_RING_TEXT: Diagrammposten setzen oder aktivieren; lokaler Namensrest eod.	ASTRO_LOCAL_LABEL_SIGN	DIAGRAM_LABEL
A280	ASTRO	f69v	DREI_GETRENNTE_HETEROGENE_RAEDER_MIT_28_LOKALEN_LINKEN_PLAETZEN	f69v.1	F69_LEFT_WHEEL_NS	A3_LEFT_WHEEL_RING_TEXT	y	dies	Radstelle A3_LEFT_WHEEL_RING_TEXT: dieser lokale Diagrammposten.	THREE_REGISTER_COMMON_CORE	DIAGRAM_LABEL
A281	ASTRO	f69v	DREI_GETRENNTE_HETEROGENE_RAEDER_MIT_28_LOKALEN_LINKEN_PLAETZEN	f69v.1	F69_LEFT_WHEEL_NS	A3_LEFT_WHEEL_RING_TEXT	dy	dies	Radstelle A3_LEFT_WHEEL_RING_TEXT: dieser lokale Diagrammposten.	THREE_REGISTER_COMMON_CORE	DIAGRAM_LABEL
A282	ASTRO	f69v	DREI_GETRENNTE_HETEROGENE_RAEDER_MIT_28_LOKALEN_LINKEN_PLAETZEN	f69v.1	F69_LEFT_WHEEL_NS	A3_LEFT_WHEEL_RING_TEXT	choaiin	LOCAL_LABEL	Radstelle A3_LEFT_WHEEL_RING_TEXT: Himmelsobjekt oder Eingangsbedingung + Sollwert oder Grad eines Diagrammplatzes; lokaler Namensrest c.	ASTRO_LOCAL_LABEL_SIGN	DIAGRAM_LABEL
A283	ASTRO	f69v	DREI_GETRENNTE_HETEROGENE_RAEDER_MIT_28_LOKALEN_LINKEN_PLAETZEN	f69v.1	F69_LEFT_WHEEL_NS	A3_LEFT_WHEEL_RING_TEXT	okar	LOCAL_LABEL	Radstelle A3_LEFT_WHEEL_RING_TEXT: Diagrammposten setzen oder aktivieren + Ausgangssektor, Ursprung oder Bezugswert.	ASTRO_LOCAL_LABEL_SIGN	DIAGRAM_LABEL
A284	ASTRO	f69v	DREI_GETRENNTE_HETEROGENE_RAEDER_MIT_28_LOKALEN_LINKEN_PLAETZEN	f69v.1	F69_LEFT_WHEEL_NS	A3_LEFT_WHEEL_RING_TEXT	okar	LOCAL_LABEL	Radstelle A3_LEFT_WHEEL_RING_TEXT: Diagrammposten setzen oder aktivieren + Ausgangssektor, Ursprung oder Bezugswert.	ASTRO_LOCAL_LABEL_SIGN	DIAGRAM_LABEL
A285	ASTRO	f69v	DREI_GETRENNTE_HETEROGENE_RAEDER_MIT_28_LOKALEN_LINKEN_PLAETZEN	f69v.1	F69_LEFT_WHEEL_NS	A3_LEFT_WHEEL_RING_TEXT	chol	weiter	Radstelle A3_LEFT_WHEEL_RING_TEXT: im selben Ring oder Band fortsetzen.	THREE_REGISTER_COMMON_CORE	DIAGRAM_LABEL
A286	ASTRO	f69v	DREI_GETRENNTE_HETEROGENE_RAEDER_MIT_28_LOKALEN_LINKEN_PLAETZEN	f69v.1	F69_LEFT_WHEEL_NS	A3_LEFT_WHEEL_RING_TEXT	chees	LOCAL_LABEL	Radstelle A3_LEFT_WHEEL_RING_TEXT: lange oder volle Diagrammstufe; lokaler Namensrest ch/s.	ASTRO_LOCAL_LABEL_SIGN	DIAGRAM_LABEL
A287	ASTRO	f69v	DREI_GETRENNTE_HETEROGENE_RAEDER_MIT_28_LOKALEN_LINKEN_PLAETZEN	f69v.1	F69_LEFT_WHEEL_NS	A3_LEFT_WHEEL_RING_TEXT	yto	LOCAL_LABEL	A3_LEFT_WHEEL_RING_TEXT: aktueller Platz.	ASTRO_LOCAL_LABEL_SIGN	DIAGRAM_LABEL
A288	ASTRO	f69v	DREI_GETRENNTE_HETEROGENE_RAEDER_MIT_28_LOKALEN_LINKEN_PLAETZEN	f69v.1	F69_LEFT_WHEEL_NS	A3_LEFT_WHEEL_RING_TEXT	odair	LOCAL_LABEL	Radstelle A3_LEFT_WHEEL_RING_TEXT: Himmels-, Ring- oder Zeigerlauf; lokaler Namensrest od.	ASTRO_LOCAL_LABEL_SIGN	DIAGRAM_LABEL
A289	ASTRO	f69v	DREI_GETRENNTE_HETEROGENE_RAEDER_MIT_28_LOKALEN_LINKEN_PLAETZEN	f69v.1	F69_LEFT_WHEEL_NS	A3_LEFT_WHEEL_RING_TEXT	oty	LOCAL_LABEL	Radstelle A3_LEFT_WHEEL_RING_TEXT: Teilsektor oder Untereintrag; lokaler Namensrest o.	ASTRO_LOCAL_LABEL_SIGN	DIAGRAM_LABEL
A290	ASTRO	f69v	DREI_GETRENNTE_HETEROGENE_RAEDER_MIT_28_LOKALEN_LINKEN_PLAETZEN	f69v.1	F69_LEFT_WHEEL_NS	A3_LEFT_WHEEL_RING_TEXT	oteeo	LOCAL_LABEL	Radstelle A3_LEFT_WHEEL_RING_TEXT: naechster Platz oder folgende Bedingung + lange oder volle Diagrammstufe; lokaler Namensrest o.	ASTRO_LOCAL_LABEL_SIGN	DIAGRAM_LABEL
A291	ASTRO	f69v	DREI_GETRENNTE_HETEROGENE_RAEDER_MIT_28_LOKALEN_LINKEN_PLAETZEN	f69v.1	F69_LEFT_WHEEL_NS	A3_LEFT_WHEEL_RING_TEXT	dar	davon	Radstelle A3_LEFT_WHEEL_RING_TEXT: vom bezeichneten Ausgangsplatz.	THREE_REGISTER_COMMON_CORE	DIAGRAM_LABEL
A292	ASTRO	f69v	DREI_GETRENNTE_HETEROGENE_RAEDER_MIT_28_LOKALEN_LINKEN_PLAETZEN	f69v.1	F69_LEFT_WHEEL_NS	A3_LEFT_WHEEL_RING_TEXT	o	LOCAL_LABEL	A3_LEFT_WHEEL_RING_TEXT: Grundwert.	ASTRO_LOCAL_LABEL_SIGN	DIAGRAM_LABEL
A293	ASTRO	f69v	DREI_GETRENNTE_HETEROGENE_RAEDER_MIT_28_LOKALEN_LINKEN_PLAETZEN	f69v.1	F69_LEFT_WHEEL_NS	A3_LEFT_WHEEL_RING_TEXT	eykeody	LOCAL_LABEL	A3_LEFT_WHEEL_RING_TEXT: ausgewählter Klassenplatz.	ASTRO_LOCAL_LABEL_SIGN	DIAGRAM_LABEL
A294	ASTRO	f69v	DREI_GETRENNTE_HETEROGENE_RAEDER_MIT_28_LOKALEN_LINKEN_PLAETZEN	f69v.1	F69_LEFT_WHEEL_NS	A3_LEFT_WHEEL_RING_TEXT	dchor	LOCAL_LABEL	Radstelle A3_LEFT_WHEEL_RING_TEXT: Bedingungs-, Tabellen- oder Wahlansatz; lokaler Namensrest dch.	ASTRO_LOCAL_LABEL_SIGN	DIAGRAM_LABEL
A295	ASTRO	f69v	DREI_GETRENNTE_HETEROGENE_RAEDER_MIT_28_LOKALEN_LINKEN_PLAETZEN	f69v.1	F69_LEFT_WHEEL_NS	A3_LEFT_WHEEL_RING_TEXT	char	davon	Radstelle A3_LEFT_WHEEL_RING_TEXT: vom bezeichneten Ausgangsplatz.	THREE_REGISTER_COMMON_CORE	DIAGRAM_LABEL
A296	ASTRO	f69v	DREI_GETRENNTE_HETEROGENE_RAEDER_MIT_28_LOKALEN_LINKEN_PLAETZEN	f69v.2	F69_MIDDLE_WHEEL_NS	A3_MIDDLE_WHEEL_RING_TEXT	yka	LOCAL_LABEL	A3_MIDDLE_WHEEL_RING_TEXT: aktuelle Qualität.	ASTRO_LOCAL_LABEL_SIGN	DIAGRAM_LABEL
A297	ASTRO	f69v	DREI_GETRENNTE_HETEROGENE_RAEDER_MIT_28_LOKALEN_LINKEN_PLAETZEN	f69v.2	F69_MIDDLE_WHEEL_NS	A3_MIDDLE_WHEEL_RING_TEXT	chol	weiter	lokaler Himmels- oder Kalenderplatz A3_MIDDLE_WHEEL_RING_TEXT: im selben Ring oder Band fortsetzen.	THREE_REGISTER_COMMON_CORE	DIAGRAM_LABEL
A298	ASTRO	f69v	DREI_GETRENNTE_HETEROGENE_RAEDER_MIT_28_LOKALEN_LINKEN_PLAETZEN	f69v.2	F69_MIDDLE_WHEEL_NS	A3_MIDDLE_WHEEL_RING_TEXT	ykar	LOCAL_LABEL	lokaler Himmels- oder Kalenderplatz A3_MIDDLE_WHEEL_RING_TEXT: Ausgangssektor, Ursprung oder Bezugswert; lokaler Namensrest yk.	ASTRO_LOCAL_LABEL_SIGN	DIAGRAM_LABEL
A299	ASTRO	f69v	DREI_GETRENNTE_HETEROGENE_RAEDER_MIT_28_LOKALEN_LINKEN_PLAETZEN	f69v.2	F69_MIDDLE_WHEEL_NS	A3_MIDDLE_WHEEL_RING_TEXT	dal	dorthin	lokaler Himmels- oder Kalenderplatz A3_MIDDLE_WHEEL_RING_TEXT: zum bezeichneten Zielplatz.	THREE_REGISTER_COMMON_CORE	DIAGRAM_LABEL
A300	ASTRO	f69v	DREI_GETRENNTE_HETEROGENE_RAEDER_MIT_28_LOKALEN_LINKEN_PLAETZEN	f69v.2	F69_MIDDLE_WHEEL_NS	A3_MIDDLE_WHEEL_RING_TEXT	ykady	LOCAL_LABEL	A3_MIDDLE_WHEEL_RING_TEXT: aktuelle Qualität fest.	ASTRO_LOCAL_LABEL_SIGN	DIAGRAM_LABEL
A301	ASTRO	f69v	DREI_GETRENNTE_HETEROGENE_RAEDER_MIT_28_LOKALEN_LINKEN_PLAETZEN	f69v.2	F69_MIDDLE_WHEEL_NS	A3_MIDDLE_WHEEL_RING_TEXT	iokeeor	LOCAL_LABEL	lokaler Himmels- oder Kalenderplatz A3_MIDDLE_WHEEL_RING_TEXT: Diagrammposten setzen oder aktivieren + lange oder volle Diagrammstufe + Bedingungs-, Tabellen- oder Wahlansatz; lokaler Namensrest i.	ASTRO_LOCAL_LABEL_SIGN	DIAGRAM_LABEL
A302	ASTRO	f69v	DREI_GETRENNTE_HETEROGENE_RAEDER_MIT_28_LOKALEN_LINKEN_PLAETZEN	f69v.2	F69_MIDDLE_WHEEL_NS	A3_MIDDLE_WHEEL_RING_TEXT	cheey	Freigabewert	lokaler Himmels- oder Kalenderplatz A3_MIDDLE_WHEEL_RING_TEXT: abgelesener oder freigegebener Diagrammwert.	THREE_REGISTER_COMMON_CORE	DIAGRAM_LABEL
A303	ASTRO	f69v	DREI_GETRENNTE_HETEROGENE_RAEDER_MIT_28_LOKALEN_LINKEN_PLAETZEN	f69v.2	F69_MIDDLE_WHEEL_NS	A3_MIDDLE_WHEEL_RING_TEXT	choly	LOCAL_LABEL	lokaler Himmels- oder Kalenderplatz A3_MIDDLE_WHEEL_RING_TEXT: im selben Ring, Band oder Satz fortsetzen; lokaler Namensrest ch/y.	ASTRO_LOCAL_LABEL_SIGN	DIAGRAM_LABEL
A304	ASTRO	f69v	DREI_GETRENNTE_HETEROGENE_RAEDER_MIT_28_LOKALEN_LINKEN_PLAETZEN	f69v.2	F69_MIDDLE_WHEEL_NS	A3_MIDDLE_WHEEL_RING_TEXT	ykeeal	LOCAL_LABEL	lokaler Himmels- oder Kalenderplatz A3_MIDDLE_WHEEL_RING_TEXT: lange oder volle Diagrammstufe + Zielsektor, Zielstern oder Zielfeld; lokaler Namensrest yk.	ASTRO_LOCAL_LABEL_SIGN	DIAGRAM_LABEL
A305	ASTRO	f69v	DREI_GETRENNTE_HETEROGENE_RAEDER_MIT_28_LOKALEN_LINKEN_PLAETZEN	f69v.2	F69_MIDDLE_WHEEL_NS	A3_MIDDLE_WHEEL_RING_TEXT	cheo	LOCAL_LABEL	A3_MIDDLE_WHEEL_RING_TEXT: Ablesewert.	ASTRO_LOCAL_LABEL_SIGN	DIAGRAM_LABEL
A306	ASTRO	f69v	DREI_GETRENNTE_HETEROGENE_RAEDER_MIT_28_LOKALEN_LINKEN_PLAETZEN	f69v.2	F69_MIDDLE_WHEEL_NS	A3_MIDDLE_WHEEL_RING_TEXT	oaram	LOCAL_LABEL	lokaler Himmels- oder Kalenderplatz A3_MIDDLE_WHEEL_RING_TEXT: Ausgangssektor, Ursprung oder Bezugswert; lokaler Namensrest o/am.	ASTRO_LOCAL_LABEL_SIGN	DIAGRAM_LABEL
A307	ASTRO	f69v	DREI_GETRENNTE_HETEROGENE_RAEDER_MIT_28_LOKALEN_LINKEN_PLAETZEN	f69v.2	F69_MIDDLE_WHEEL_NS	A3_MIDDLE_WHEEL_RING_TEXT	ockhy	LOCAL_LABEL	lokaler Himmels- oder Kalenderplatz A3_MIDDLE_WHEEL_RING_TEXT: durch Sektor, Ring oder Pruefweg fuehren; lokaler Namensrest o/y.	ASTRO_LOCAL_LABEL_SIGN	DIAGRAM_LABEL
A308	ASTRO	f69v	DREI_GETRENNTE_HETEROGENE_RAEDER_MIT_28_LOKALEN_LINKEN_PLAETZEN	f69v.2	F69_MIDDLE_WHEEL_NS	A3_MIDDLE_WHEEL_RING_TEXT	sheey	POSITION_LAENGER_HALTEN	lokaler Himmels- oder Kalenderplatz A3_MIDDLE_WHEEL_RING_TEXT: diese Position laenger halten.	KNOWN_PROSE_CARD_IN_ASTRO	DIAGRAM_LABEL
A309	ASTRO	f69v	DREI_GETRENNTE_HETEROGENE_RAEDER_MIT_28_LOKALEN_LINKEN_PLAETZEN	f69v.2	F69_MIDDLE_WHEEL_NS	A3_MIDDLE_WHEEL_RING_TEXT	aiin	Sollwert	lokaler Himmels- oder Kalenderplatz A3_MIDDLE_WHEEL_RING_TEXT: Sollwert oder Grad des bezeichneten Himmelsplatzes.	THREE_REGISTER_COMMON_CORE	DIAGRAM_LABEL
A310	ASTRO	f69v	DREI_GETRENNTE_HETEROGENE_RAEDER_MIT_28_LOKALEN_LINKEN_PLAETZEN	f69v.2	F69_MIDDLE_WHEEL_NS	A3_MIDDLE_WHEEL_RING_TEXT	y	dies	lokaler Himmels- oder Kalenderplatz A3_MIDDLE_WHEEL_RING_TEXT: dieser lokale Diagrammposten.	THREE_REGISTER_COMMON_CORE	DIAGRAM_LABEL
A311	ASTRO	f69v	DREI_GETRENNTE_HETEROGENE_RAEDER_MIT_28_LOKALEN_LINKEN_PLAETZEN	f69v.2	F69_MIDDLE_WHEEL_NS	A3_MIDDLE_WHEEL_RING_TEXT	daiial	LOCAL_LABEL	lokaler Himmels- oder Kalenderplatz A3_MIDDLE_WHEEL_RING_TEXT: Zielsektor, Zielstern oder Zielfeld; lokaler Namensrest daii.	ASTRO_LOCAL_LABEL_SIGN	DIAGRAM_LABEL
A312	ASTRO	f69v	DREI_GETRENNTE_HETEROGENE_RAEDER_MIT_28_LOKALEN_LINKEN_PLAETZEN	f69v.2	F69_MIDDLE_WHEEL_NS	A3_MIDDLE_WHEEL_RING_TEXT	cheody	LOCAL_LABEL	A3_MIDDLE_WHEEL_RING_TEXT: Ablesewert fest.	ASTRO_LOCAL_LABEL_SIGN	DIAGRAM_LABEL
A313	ASTRO	f69v	DREI_GETRENNTE_HETEROGENE_RAEDER_MIT_28_LOKALEN_LINKEN_PLAETZEN	f69v.2	F69_MIDDLE_WHEEL_NS	A3_MIDDLE_WHEEL_RING_TEXT	cheal	dorthin	lokaler Himmels- oder Kalenderplatz A3_MIDDLE_WHEEL_RING_TEXT: zum bezeichneten Zielplatz.	THREE_REGISTER_COMMON_CORE	DIAGRAM_LABEL
A314	ASTRO	f69v	DREI_GETRENNTE_HETEROGENE_RAEDER_MIT_28_LOKALEN_LINKEN_PLAETZEN	f69v.2	F69_MIDDLE_WHEEL_NS	A3_MIDDLE_WHEEL_RING_TEXT	yetey	LOCAL_LABEL	A3_MIDDLE_WHEEL_RING_TEXT: ausgewählter Phasenwert.	ASTRO_LOCAL_LABEL_SIGN	DIAGRAM_LABEL
A315	ASTRO	f69v	DREI_GETRENNTE_HETEROGENE_RAEDER_MIT_28_LOKALEN_LINKEN_PLAETZEN	f69v.2	F69_MIDDLE_WHEEL_NS	A3_MIDDLE_WHEEL_RING_TEXT	chear	LOCAL_LABEL	lokaler Himmels- oder Kalenderplatz A3_MIDDLE_WHEEL_RING_TEXT: Ausgangssektor, Ursprung oder Bezugswert; lokaler Namensrest che.	ASTRO_LOCAL_LABEL_SIGN	DIAGRAM_LABEL
A316	ASTRO	f69v	DREI_GETRENNTE_HETEROGENE_RAEDER_MIT_28_LOKALEN_LINKEN_PLAETZEN	f69v.2	F69_MIDDLE_WHEEL_NS	A3_MIDDLE_WHEEL_RING_TEXT	y	dies	lokaler Himmels- oder Kalenderplatz A3_MIDDLE_WHEEL_RING_TEXT: dieser lokale Diagrammposten.	THREE_REGISTER_COMMON_CORE	DIAGRAM_LABEL
A317	ASTRO	f69v	DREI_GETRENNTE_HETEROGENE_RAEDER_MIT_28_LOKALEN_LINKEN_PLAETZEN	f69v.2	F69_MIDDLE_WHEEL_NS	A3_MIDDLE_WHEEL_RING_TEXT	dy	dies	lokaler Himmels- oder Kalenderplatz A3_MIDDLE_WHEEL_RING_TEXT: dieser lokale Diagrammposten.	THREE_REGISTER_COMMON_CORE	DIAGRAM_LABEL
A318	ASTRO	f69v	DREI_GETRENNTE_HETEROGENE_RAEDER_MIT_28_LOKALEN_LINKEN_PLAETZEN	f69v.2	F69_MIDDLE_WHEEL_NS	A3_MIDDLE_WHEEL_RING_TEXT	ykey	LOCAL_LABEL	A3_MIDDLE_WHEEL_RING_TEXT: aktuelle Klasse.	ASTRO_LOCAL_LABEL_SIGN	DIAGRAM_LABEL
A319	ASTRO	f69v	DREI_GETRENNTE_HETEROGENE_RAEDER_MIT_28_LOKALEN_LINKEN_PLAETZEN	f69v.2	F69_MIDDLE_WHEEL_NS	A3_MIDDLE_WHEEL_RING_TEXT	ch	LOCAL_LABEL	A3_MIDDLE_WHEEL_RING_TEXT: Zustand.	ASTRO_LOCAL_LABEL_SIGN	DIAGRAM_LABEL
A320	ASTRO	f69v	DREI_GETRENNTE_HETEROGENE_RAEDER_MIT_28_LOKALEN_LINKEN_PLAETZEN	f69v.2	F69_MIDDLE_WHEEL_NS	A3_MIDDLE_WHEEL_RING_TEXT	y	dies	lokaler Himmels- oder Kalenderplatz A3_MIDDLE_WHEEL_RING_TEXT: dieser lokale Diagrammposten.	THREE_REGISTER_COMMON_CORE	DIAGRAM_LABEL
A321	ASTRO	f69v	DREI_GETRENNTE_HETEROGENE_RAEDER_MIT_28_LOKALEN_LINKEN_PLAETZEN	f69v.2	F69_MIDDLE_WHEEL_NS	A3_MIDDLE_WHEEL_RING_TEXT	dy	dies	lokaler Himmels- oder Kalenderplatz A3_MIDDLE_WHEEL_RING_TEXT: dieser lokale Diagrammposten.	THREE_REGISTER_COMMON_CORE	DIAGRAM_LABEL
A322	ASTRO	f69v	DREI_GETRENNTE_HETEROGENE_RAEDER_MIT_28_LOKALEN_LINKEN_PLAETZEN	f69v.2	F69_MIDDLE_WHEEL_NS	A3_MIDDLE_WHEEL_RING_TEXT	chol	weiter	lokaler Himmels- oder Kalenderplatz A3_MIDDLE_WHEEL_RING_TEXT: im selben Ring oder Band fortsetzen.	THREE_REGISTER_COMMON_CORE	DIAGRAM_LABEL
A323	ASTRO	f69v	DREI_GETRENNTE_HETEROGENE_RAEDER_MIT_28_LOKALEN_LINKEN_PLAETZEN	f69v.2	F69_MIDDLE_WHEEL_NS	A3_MIDDLE_WHEEL_RING_TEXT	ykar	LOCAL_LABEL	lokaler Himmels- oder Kalenderplatz A3_MIDDLE_WHEEL_RING_TEXT: Ausgangssektor, Ursprung oder Bezugswert; lokaler Namensrest yk.	ASTRO_LOCAL_LABEL_SIGN	DIAGRAM_LABEL
A324	ASTRO	f69v	DREI_GETRENNTE_HETEROGENE_RAEDER_MIT_28_LOKALEN_LINKEN_PLAETZEN	f69v.2	F69_MIDDLE_WHEEL_NS	A3_MIDDLE_WHEEL_RING_TEXT	ol	weiter	lokaler Himmels- oder Kalenderplatz A3_MIDDLE_WHEEL_RING_TEXT: im selben Ring oder Band fortsetzen.	THREE_REGISTER_COMMON_CORE	DIAGRAM_LABEL
A325	ASTRO	f69v	DREI_GETRENNTE_HETEROGENE_RAEDER_MIT_28_LOKALEN_LINKEN_PLAETZEN	f69v.2	F69_MIDDLE_WHEEL_NS	A3_MIDDLE_WHEEL_RING_TEXT	y	dies	lokaler Himmels- oder Kalenderplatz A3_MIDDLE_WHEEL_RING_TEXT: dieser lokale Diagrammposten.	THREE_REGISTER_COMMON_CORE	DIAGRAM_LABEL
A326	ASTRO	f69v	DREI_GETRENNTE_HETEROGENE_RAEDER_MIT_28_LOKALEN_LINKEN_PLAETZEN	f69v.2	F69_MIDDLE_WHEEL_NS	A3_MIDDLE_WHEEL_RING_TEXT	ykeeody	LOCAL_LABEL	lokaler Himmels- oder Kalenderplatz A3_MIDDLE_WHEEL_RING_TEXT: lange oder volle Diagrammstufe; lokaler Namensrest yk/ody.	ASTRO_LOCAL_LABEL_SIGN	DIAGRAM_LABEL
A327	ASTRO	f69v	DREI_GETRENNTE_HETEROGENE_RAEDER_MIT_28_LOKALEN_LINKEN_PLAETZEN	f69v.2	F69_MIDDLE_WHEEL_NS	A3_MIDDLE_WHEEL_RING_TEXT	chey	dies	lokaler Himmels- oder Kalenderplatz A3_MIDDLE_WHEEL_RING_TEXT: dieser lokale Diagrammposten.	THREE_REGISTER_COMMON_CORE	DIAGRAM_LABEL
A328	ASTRO	f69v	DREI_GETRENNTE_HETEROGENE_RAEDER_MIT_28_LOKALEN_LINKEN_PLAETZEN	f69v.2	F69_MIDDLE_WHEEL_NS	A3_MIDDLE_WHEEL_RING_TEXT	dal	dorthin	lokaler Himmels- oder Kalenderplatz A3_MIDDLE_WHEEL_RING_TEXT: zum bezeichneten Zielplatz.	THREE_REGISTER_COMMON_CORE	DIAGRAM_LABEL
A329	ASTRO	f69v	DREI_GETRENNTE_HETEROGENE_RAEDER_MIT_28_LOKALEN_LINKEN_PLAETZEN	f69v.2	F69_MIDDLE_WHEEL_NS	A3_MIDDLE_WHEEL_RING_TEXT	ody	POSTEN_ZURUECKNEHMEN__SCHLUSS	lokaler Himmels- oder Kalenderplatz A3_MIDDLE_WHEEL_RING_TEXT: diesen Diagrammposten zuruecknehmen.	KNOWN_PROSE_CARD_IN_ASTRO	DIAGRAM_LABEL
A330	ASTRO	f69v	DREI_GETRENNTE_HETEROGENE_RAEDER_MIT_28_LOKALEN_LINKEN_PLAETZEN	f69v.2	F69_MIDDLE_WHEEL_NS	A3_MIDDLE_WHEEL_RING_TEXT	airchy	LOCAL_LABEL	lokaler Himmels- oder Kalenderplatz A3_MIDDLE_WHEEL_RING_TEXT: Himmels-, Ring- oder Zeigerlauf; lokaler Namensrest chy.	ASTRO_LOCAL_LABEL_SIGN	DIAGRAM_LABEL
A331	ASTRO	f69v	DREI_GETRENNTE_HETEROGENE_RAEDER_MIT_28_LOKALEN_LINKEN_PLAETZEN	f69v.2	F69_MIDDLE_WHEEL_NS	A3_MIDDLE_WHEEL_RING_TEXT	choky	einsetzen	lokaler Himmels- oder Kalenderplatz A3_MIDDLE_WHEEL_RING_TEXT: diesen Diagrammposten setzen.	THREE_REGISTER_COMMON_CORE	DIAGRAM_LABEL
A332	ASTRO	f69v	DREI_GETRENNTE_HETEROGENE_RAEDER_MIT_28_LOKALEN_LINKEN_PLAETZEN	f69v.2	F69_MIDDLE_WHEEL_NS	A3_MIDDLE_WHEEL_RING_TEXT	ychey	LOCAL_LABEL	A3_MIDDLE_WHEEL_RING_TEXT: aktueller Ablesewert.	ASTRO_LOCAL_LABEL_SIGN	DIAGRAM_LABEL
A333	ASTRO	f69v	DREI_GETRENNTE_HETEROGENE_RAEDER_MIT_28_LOKALEN_LINKEN_PLAETZEN	f69v.2	F69_MIDDLE_WHEEL_NS	A3_MIDDLE_WHEEL_RING_TEXT	chey	dies	lokaler Himmels- oder Kalenderplatz A3_MIDDLE_WHEEL_RING_TEXT: dieser lokale Diagrammposten.	THREE_REGISTER_COMMON_CORE	DIAGRAM_LABEL
A334	ASTRO	f69v	DREI_GETRENNTE_HETEROGENE_RAEDER_MIT_28_LOKALEN_LINKEN_PLAETZEN	f69v.3	F69_RIGHT_WHEEL_NS	A3_RIGHT_WHEEL_RING_TEXT	doair	LOCAL_LABEL	lokaler Himmels- oder Kalenderplatz A3_RIGHT_WHEEL_RING_TEXT: Himmels-, Ring- oder Zeigerlauf; lokaler Namensrest do.	ASTRO_LOCAL_LABEL_SIGN	DIAGRAM_LABEL
A335	ASTRO	f69v	DREI_GETRENNTE_HETEROGENE_RAEDER_MIT_28_LOKALEN_LINKEN_PLAETZEN	f69v.3	F69_RIGHT_WHEEL_NS	A3_RIGHT_WHEEL_RING_TEXT	otaldal	LOCAL_LABEL	lokaler Himmels- oder Kalenderplatz A3_RIGHT_WHEEL_RING_TEXT: naechster Platz oder folgende Bedingung + Zielsektor, Zielstern oder Zielfeld + Zielsektor, Zielstern oder Zielfeld; lokaler Namensrest d.	ASTRO_LOCAL_LABEL_SIGN	DIAGRAM_LABEL
A336	ASTRO	f69v	DREI_GETRENNTE_HETEROGENE_RAEDER_MIT_28_LOKALEN_LINKEN_PLAETZEN	f69v.3	F69_RIGHT_WHEEL_NS	A3_RIGHT_WHEEL_RING_TEXT	dair	LOCAL_LABEL	lokaler Himmels- oder Kalenderplatz A3_RIGHT_WHEEL_RING_TEXT: Himmels-, Ring- oder Zeigerlauf; lokaler Namensrest d.	ASTRO_LOCAL_LABEL_SIGN	DIAGRAM_LABEL
A337	ASTRO	f69v	DREI_GETRENNTE_HETEROGENE_RAEDER_MIT_28_LOKALEN_LINKEN_PLAETZEN	f69v.3	F69_RIGHT_WHEEL_NS	A3_RIGHT_WHEEL_RING_TEXT	chdy	überführen	lokaler Himmels- oder Kalenderplatz A3_RIGHT_WHEEL_RING_TEXT: auf den bezeichneten Diagrammplatz uebertragen.	THREE_REGISTER_COMMON_CORE	DIAGRAM_LABEL
A338	ASTRO	f69v	DREI_GETRENNTE_HETEROGENE_RAEDER_MIT_28_LOKALEN_LINKEN_PLAETZEN	f69v.3	F69_RIGHT_WHEEL_NS	A3_RIGHT_WHEEL_RING_TEXT	otoar	LOCAL_LABEL	lokaler Himmels- oder Kalenderplatz A3_RIGHT_WHEEL_RING_TEXT: naechster Platz oder folgende Bedingung + Ausgangssektor, Ursprung oder Bezugswert; lokaler Namensrest o.	ASTRO_LOCAL_LABEL_SIGN	DIAGRAM_LABEL
A339	ASTRO	f69v	DREI_GETRENNTE_HETEROGENE_RAEDER_MIT_28_LOKALEN_LINKEN_PLAETZEN	f69v.3	F69_RIGHT_WHEEL_NS	A3_RIGHT_WHEEL_RING_TEXT	ar	LOCAL_LABEL	lokaler Himmels- oder Kalenderplatz A3_RIGHT_WHEEL_RING_TEXT: Ausgangssektor, Ursprung oder Bezugswert.	ASTRO_LOCAL_LABEL_SIGN	DIAGRAM_LABEL
A340	ASTRO	f69v	DREI_GETRENNTE_HETEROGENE_RAEDER_MIT_28_LOKALEN_LINKEN_PLAETZEN	f69v.3	F69_RIGHT_WHEEL_NS	A3_RIGHT_WHEEL_RING_TEXT	chy	dies	lokaler Himmels- oder Kalenderplatz A3_RIGHT_WHEEL_RING_TEXT: dieser lokale Diagrammposten.	THREE_REGISTER_COMMON_CORE	DIAGRAM_LABEL
A341	ASTRO	f69v	DREI_GETRENNTE_HETEROGENE_RAEDER_MIT_28_LOKALEN_LINKEN_PLAETZEN	f69v.3	F69_RIGHT_WHEEL_NS	A3_RIGHT_WHEEL_RING_TEXT	qoteor	LOCAL_LABEL	lokaler Himmels- oder Kalenderplatz A3_RIGHT_WHEEL_RING_TEXT: naechster Platz oder folgende Bedingung + Bedingungs-, Tabellen- oder Wahlansatz; lokaler Namensrest q/e.	ASTRO_LOCAL_LABEL_SIGN	DIAGRAM_LABEL
A342	ASTRO	f69v	DREI_GETRENNTE_HETEROGENE_RAEDER_MIT_28_LOKALEN_LINKEN_PLAETZEN	f69v.3	F69_RIGHT_WHEEL_NS	A3_RIGHT_WHEEL_RING_TEXT	cho	EINGANGSBEDINGUNG	lokaler Himmels- oder Kalenderplatz A3_RIGHT_WHEEL_RING_TEXT: Eingangsobjekt oder Eingangsbedingung.	KNOWN_PROSE_CARD_IN_ASTRO	DIAGRAM_LABEL
A343	ASTRO	f69v	DREI_GETRENNTE_HETEROGENE_RAEDER_MIT_28_LOKALEN_LINKEN_PLAETZEN	f69v.3	F69_RIGHT_WHEEL_NS	A3_RIGHT_WHEEL_RING_TEXT	qotair	LOCAL_LABEL	lokaler Himmels- oder Kalenderplatz A3_RIGHT_WHEEL_RING_TEXT: naechster Platz oder folgende Bedingung + Himmels-, Ring- oder Zeigerlauf; lokaler Namensrest q.	ASTRO_LOCAL_LABEL_SIGN	DIAGRAM_LABEL
A344	ASTRO	f69v	DREI_GETRENNTE_HETEROGENE_RAEDER_MIT_28_LOKALEN_LINKEN_PLAETZEN	f69v.3	F69_RIGHT_WHEEL_NS	A3_RIGHT_WHEEL_RING_TEXT	chda	LOCAL_LABEL	lokaler Himmels- oder Kalenderplatz A3_RIGHT_WHEEL_RING_TEXT: Wert oder Platzbezug uebertragen; lokaler Namensrest a.	ASTRO_LOCAL_LABEL_SIGN	DIAGRAM_LABEL
A345	ASTRO	f69v	DREI_GETRENNTE_HETEROGENE_RAEDER_MIT_28_LOKALEN_LINKEN_PLAETZEN	f69v.3	F69_RIGHT_WHEEL_NS	A3_RIGHT_WHEEL_RING_TEXT	oteeal	LOCAL_LABEL	lokaler Himmels- oder Kalenderplatz A3_RIGHT_WHEEL_RING_TEXT: naechster Platz oder folgende Bedingung + lange oder volle Diagrammstufe + Zielsektor, Zielstern oder Zielfeld.	ASTRO_LOCAL_LABEL_SIGN	DIAGRAM_LABEL
A346	ASTRO	f69v	DREI_GETRENNTE_HETEROGENE_RAEDER_MIT_28_LOKALEN_LINKEN_PLAETZEN	f69v.3	F69_RIGHT_WHEEL_NS	A3_RIGHT_WHEEL_RING_TEXT	cheor	LOCAL_LABEL	lokaler Himmels- oder Kalenderplatz A3_RIGHT_WHEEL_RING_TEXT: Bedingungs-, Tabellen- oder Wahlansatz; lokaler Namensrest che.	ASTRO_LOCAL_LABEL_SIGN	DIAGRAM_LABEL
A347	ASTRO	f69v	DREI_GETRENNTE_HETEROGENE_RAEDER_MIT_28_LOKALEN_LINKEN_PLAETZEN	f69v.3	F69_RIGHT_WHEEL_NS	A3_RIGHT_WHEEL_RING_TEXT	ar	LOCAL_LABEL	lokaler Himmels- oder Kalenderplatz A3_RIGHT_WHEEL_RING_TEXT: Ausgangssektor, Ursprung oder Bezugswert.	ASTRO_LOCAL_LABEL_SIGN	DIAGRAM_LABEL
A348	ASTRO	f69v	DREI_GETRENNTE_HETEROGENE_RAEDER_MIT_28_LOKALEN_LINKEN_PLAETZEN	f69v.3	F69_RIGHT_WHEEL_NS	A3_RIGHT_WHEEL_RING_TEXT	air	LOCAL_LABEL	lokaler Himmels- oder Kalenderplatz A3_RIGHT_WHEEL_RING_TEXT: Himmels-, Ring- oder Zeigerlauf.	ASTRO_LOCAL_LABEL_SIGN	DIAGRAM_LABEL
A349	ASTRO	f69v	DREI_GETRENNTE_HETEROGENE_RAEDER_MIT_28_LOKALEN_LINKEN_PLAETZEN	f69v.3	F69_RIGHT_WHEEL_NS	A3_RIGHT_WHEEL_RING_TEXT	oteody	LOCAL_LABEL	lokaler Himmels- oder Kalenderplatz A3_RIGHT_WHEEL_RING_TEXT: naechster Platz oder folgende Bedingung; lokaler Namensrest eody.	ASTRO_LOCAL_LABEL_SIGN	DIAGRAM_LABEL
A350	ASTRO	f69v	DREI_GETRENNTE_HETEROGENE_RAEDER_MIT_28_LOKALEN_LINKEN_PLAETZEN	f69v.3	F69_RIGHT_WHEEL_NS	A3_RIGHT_WHEEL_RING_TEXT	ytyd	LOCAL_LABEL	lokaler Himmels- oder Kalenderplatz A3_RIGHT_WHEEL_RING_TEXT: Teilsektor oder Untereintrag; lokaler Namensrest y/d.	ASTRO_LOCAL_LABEL_SIGN	DIAGRAM_LABEL
A351	ASTRO	f69v	DREI_GETRENNTE_HETEROGENE_RAEDER_MIT_28_LOKALEN_LINKEN_PLAETZEN	f69v.3	F69_RIGHT_WHEEL_NS	A3_RIGHT_WHEEL_RING_TEXT	a	LOCAL_LABEL	A3_RIGHT_WHEEL_RING_TEXT: Hauptwert.	ASTRO_LOCAL_LABEL_SIGN	DIAGRAM_LABEL
A352	ASTRO	f69v	DREI_GETRENNTE_HETEROGENE_RAEDER_MIT_28_LOKALEN_LINKEN_PLAETZEN	f69v.3	F69_RIGHT_WHEEL_NS	A3_RIGHT_WHEEL_RING_TEXT	dchy	LOCAL_LABEL	A3_RIGHT_WHEEL_RING_TEXT: fester Zustand.	ASTRO_LOCAL_LABEL_SIGN	DIAGRAM_LABEL
A353	ASTRO	f69v	DREI_GETRENNTE_HETEROGENE_RAEDER_MIT_28_LOKALEN_LINKEN_PLAETZEN	f69v.3	F69_RIGHT_WHEEL_NS	A3_RIGHT_WHEEL_RING_TEXT	otoly	LOCAL_LABEL	lokaler Himmels- oder Kalenderplatz A3_RIGHT_WHEEL_RING_TEXT: naechster Platz oder folgende Bedingung + im selben Ring, Band oder Satz fortsetzen; lokaler Namensrest y.	ASTRO_LOCAL_LABEL_SIGN	DIAGRAM_LABEL
A354	ASTRO	f69v	DREI_GETRENNTE_HETEROGENE_RAEDER_MIT_28_LOKALEN_LINKEN_PLAETZEN	f69v.3	F69_RIGHT_WHEEL_NS	A3_RIGHT_WHEEL_RING_TEXT	okeodal	LOCAL_LABEL	lokaler Himmels- oder Kalenderplatz A3_RIGHT_WHEEL_RING_TEXT: Diagrammposten setzen oder aktivieren + Zielsektor, Zielstern oder Zielfeld; lokaler Namensrest eod.	ASTRO_LOCAL_LABEL_SIGN	DIAGRAM_LABEL
A355	ASTRO	f69v	DREI_GETRENNTE_HETEROGENE_RAEDER_MIT_28_LOKALEN_LINKEN_PLAETZEN	f69v.3	F69_RIGHT_WHEEL_NS	A3_RIGHT_WHEEL_RING_TEXT	oteoarar	LOCAL_LABEL	lokaler Himmels- oder Kalenderplatz A3_RIGHT_WHEEL_RING_TEXT: naechster Platz oder folgende Bedingung + Ausgangssektor, Ursprung oder Bezugswert + Ausgangssektor, Ursprung oder Bezugswert; lokaler Namensrest eo.	ASTRO_LOCAL_LABEL_SIGN	DIAGRAM_LABEL
A356	ASTRO	f69v	DREI_GETRENNTE_HETEROGENE_RAEDER_MIT_28_LOKALEN_LINKEN_PLAETZEN	f69v.3	F69_RIGHT_WHEEL_NS	A3_RIGHT_WHEEL_RING_TEXT	cheteeser	LOCAL_LABEL	lokaler Himmels- oder Kalenderplatz A3_RIGHT_WHEEL_RING_TEXT: lange oder volle Diagrammstufe; lokaler Namensrest chet/ser.	ASTRO_LOCAL_LABEL_SIGN	DIAGRAM_LABEL
A357	ASTRO	f69v	DREI_GETRENNTE_HETEROGENE_RAEDER_MIT_28_LOKALEN_LINKEN_PLAETZEN	f69v.3	F69_RIGHT_WHEEL_NS	A3_RIGHT_WHEEL_RING_TEXT	dair	LOCAL_LABEL	lokaler Himmels- oder Kalenderplatz A3_RIGHT_WHEEL_RING_TEXT: Himmels-, Ring- oder Zeigerlauf; lokaler Namensrest d.	ASTRO_LOCAL_LABEL_SIGN	DIAGRAM_LABEL
A358	ASTRO	f69v	DREI_GETRENNTE_HETEROGENE_RAEDER_MIT_28_LOKALEN_LINKEN_PLAETZEN	f69v.3	F69_RIGHT_WHEEL_NS	A3_RIGHT_WHEEL_RING_TEXT	chey	dies	lokaler Himmels- oder Kalenderplatz A3_RIGHT_WHEEL_RING_TEXT: dieser lokale Diagrammposten.	THREE_REGISTER_COMMON_CORE	DIAGRAM_LABEL
A359	ASTRO	f69v	DREI_GETRENNTE_HETEROGENE_RAEDER_MIT_28_LOKALEN_LINKEN_PLAETZEN	f69v.3	F69_RIGHT_WHEEL_NS	A3_RIGHT_WHEEL_RING_TEXT	okody	LOCAL_LABEL	lokaler Himmels- oder Kalenderplatz A3_RIGHT_WHEEL_RING_TEXT: Diagrammposten setzen oder aktivieren; lokaler Namensrest ody.	ASTRO_LOCAL_LABEL_SIGN	DIAGRAM_LABEL
A360	ASTRO	f69v	DREI_GETRENNTE_HETEROGENE_RAEDER_MIT_28_LOKALEN_LINKEN_PLAETZEN	f69v.3	F69_RIGHT_WHEEL_NS	A3_RIGHT_WHEEL_RING_TEXT	dal	dorthin	lokaler Himmels- oder Kalenderplatz A3_RIGHT_WHEEL_RING_TEXT: zum bezeichneten Zielplatz.	THREE_REGISTER_COMMON_CORE	DIAGRAM_LABEL
A361	ASTRO	f69v	DREI_GETRENNTE_HETEROGENE_RAEDER_MIT_28_LOKALEN_LINKEN_PLAETZEN	f69v.3	F69_RIGHT_WHEEL_NS	A3_RIGHT_WHEEL_RING_TEXT	oteey	NAECHSTER_LANGSTUFENPOSTEN	lokaler Himmels- oder Kalenderplatz A3_RIGHT_WHEEL_RING_TEXT: naechster Diagrammposten in langer Stufe.	KNOWN_PROSE_CARD_IN_ASTRO	DIAGRAM_LABEL
A362	ASTRO	f69v	DREI_GETRENNTE_HETEROGENE_RAEDER_MIT_28_LOKALEN_LINKEN_PLAETZEN	f69v.3	F69_RIGHT_WHEEL_NS	A3_RIGHT_WHEEL_RING_TEXT	oteey	NAECHSTER_LANGSTUFENPOSTEN	lokaler Himmels- oder Kalenderplatz A3_RIGHT_WHEEL_RING_TEXT: naechster Diagrammposten in langer Stufe.	KNOWN_PROSE_CARD_IN_ASTRO	DIAGRAM_LABEL
A363	ASTRO	f69v	DREI_GETRENNTE_HETEROGENE_RAEDER_MIT_28_LOKALEN_LINKEN_PLAETZEN	f69v.4	F69_LEFT_WHEEL_NS	A3_LEFT_RADIAL_SLOT_01	okeey	LANGSTUFE_SETZEN	Radstelle A3_LEFT_RADIAL_SLOT_01: in langer Stufe setzen.	KNOWN_PROSE_CARD_IN_ASTRO	DIAGRAM_LABEL
A364	ASTRO	f69v	DREI_GETRENNTE_HETEROGENE_RAEDER_MIT_28_LOKALEN_LINKEN_PLAETZEN	f69v.4	F69_LEFT_WHEEL_NS	A3_LEFT_RADIAL_SLOT_01	sar	davon	Radstelle A3_LEFT_RADIAL_SLOT_01: vom bezeichneten Ausgangsplatz.	THREE_REGISTER_COMMON_CORE	DIAGRAM_LABEL
A365	ASTRO	f69v	DREI_GETRENNTE_HETEROGENE_RAEDER_MIT_28_LOKALEN_LINKEN_PLAETZEN	f69v.5	F69_LEFT_WHEEL_NS	A3_LEFT_RADIAL_SLOT_02	okeo	LOCAL_LABEL	Radstelle A3_LEFT_RADIAL_SLOT_02: Diagrammposten setzen oder aktivieren; lokaler Namensrest eo.	ASTRO_LOCAL_LABEL_SIGN	DIAGRAM_LABEL
A366	ASTRO	f69v	DREI_GETRENNTE_HETEROGENE_RAEDER_MIT_28_LOKALEN_LINKEN_PLAETZEN	f69v.5	F69_LEFT_WHEEL_NS	A3_LEFT_RADIAL_SLOT_02	dy	dies	Radstelle A3_LEFT_RADIAL_SLOT_02: dieser lokale Diagrammposten.	THREE_REGISTER_COMMON_CORE	DIAGRAM_LABEL
A367	ASTRO	f69v	DREI_GETRENNTE_HETEROGENE_RAEDER_MIT_28_LOKALEN_LINKEN_PLAETZEN	f69v.6	F69_LEFT_WHEEL_NS	A3_LEFT_RADIAL_SLOT_03	ochoyk	LOCAL_LABEL	Radstelle A3_LEFT_RADIAL_SLOT_03: Himmelsobjekt oder Eingangsbedingung; lokaler Namensrest oc/yk.	ASTRO_LOCAL_LABEL_SIGN	DIAGRAM_LABEL
A368	ASTRO	f69v	DREI_GETRENNTE_HETEROGENE_RAEDER_MIT_28_LOKALEN_LINKEN_PLAETZEN	f69v.7	F69_LEFT_WHEEL_NS	A3_LEFT_RADIAL_SLOT_04	ykeey	LOCAL_LABEL	Radstelle A3_LEFT_RADIAL_SLOT_04: lange oder volle Diagrammstufe; lokaler Namensrest yk/y.	ASTRO_LOCAL_LABEL_SIGN	DIAGRAM_LABEL
A369	ASTRO	f69v	DREI_GETRENNTE_HETEROGENE_RAEDER_MIT_28_LOKALEN_LINKEN_PLAETZEN	f69v.8	F69_LEFT_WHEEL_NS	A3_LEFT_RADIAL_SLOT_05	ytory	LOCAL_LABEL	Radstelle A3_LEFT_RADIAL_SLOT_05: Bedingungs-, Tabellen- oder Wahlansatz; lokaler Namensrest yt/y.	ASTRO_LOCAL_LABEL_SIGN	DIAGRAM_LABEL
A370	ASTRO	f69v	DREI_GETRENNTE_HETEROGENE_RAEDER_MIT_28_LOKALEN_LINKEN_PLAETZEN	f69v.9	F69_LEFT_WHEEL_NS	A3_LEFT_RADIAL_SLOT_06	oeesy	LOCAL_LABEL	Radstelle A3_LEFT_RADIAL_SLOT_06: lange oder volle Diagrammstufe; lokaler Namensrest o/sy.	ASTRO_LOCAL_LABEL_SIGN	DIAGRAM_LABEL
A371	ASTRO	f69v	DREI_GETRENNTE_HETEROGENE_RAEDER_MIT_28_LOKALEN_LINKEN_PLAETZEN	f69v.10	F69_LEFT_WHEEL_NS	A3_LEFT_RADIAL_SLOT_07	ytody	LOCAL_LABEL	A3_LEFT_RADIAL_SLOT_07: Platz fest eingetragen.	ASTRO_LOCAL_LABEL_SIGN	DIAGRAM_LABEL
A372	ASTRO	f69v	DREI_GETRENNTE_HETEROGENE_RAEDER_MIT_28_LOKALEN_LINKEN_PLAETZEN	f69v.11	F69_LEFT_WHEEL_NS	A3_LEFT_RADIAL_SLOT_08	okody	LOCAL_LABEL	Radstelle A3_LEFT_RADIAL_SLOT_08: Diagrammposten setzen oder aktivieren; lokaler Namensrest ody.	ASTRO_LOCAL_LABEL_SIGN	DIAGRAM_LABEL
A373	ASTRO	f69v	DREI_GETRENNTE_HETEROGENE_RAEDER_MIT_28_LOKALEN_LINKEN_PLAETZEN	f69v.12	F69_LEFT_WHEEL_NS	A3_LEFT_RADIAL_SLOT_09	otody	LOCAL_LABEL	Radstelle A3_LEFT_RADIAL_SLOT_09: naechster Platz oder folgende Bedingung; lokaler Namensrest ody.	ASTRO_LOCAL_LABEL_SIGN	DIAGRAM_LABEL
A374	ASTRO	f69v	DREI_GETRENNTE_HETEROGENE_RAEDER_MIT_28_LOKALEN_LINKEN_PLAETZEN	f69v.13	F69_LEFT_WHEEL_NS	A3_LEFT_RADIAL_SLOT_10	okeal	LOCAL_LABEL	Radstelle A3_LEFT_RADIAL_SLOT_10: Diagrammposten setzen oder aktivieren + Zielsektor, Zielstern oder Zielfeld; lokaler Namensrest e.	ASTRO_LOCAL_LABEL_SIGN	DIAGRAM_LABEL
A375	ASTRO	f69v	DREI_GETRENNTE_HETEROGENE_RAEDER_MIT_28_LOKALEN_LINKEN_PLAETZEN	f69v.14	F69_LEFT_WHEEL_NS	A3_LEFT_RADIAL_SLOT_11	okeod	LOCAL_LABEL	Radstelle A3_LEFT_RADIAL_SLOT_11: Diagrammposten setzen oder aktivieren; lokaler Namensrest eod.	ASTRO_LOCAL_LABEL_SIGN	DIAGRAM_LABEL
A376	ASTRO	f69v	DREI_GETRENNTE_HETEROGENE_RAEDER_MIT_28_LOKALEN_LINKEN_PLAETZEN	f69v.15	F69_LEFT_WHEEL_NS	A3_LEFT_RADIAL_SLOT_12	oteeys	LOCAL_LABEL	Radstelle A3_LEFT_RADIAL_SLOT_12: naechster Platz oder folgende Bedingung + lange oder volle Diagrammstufe; lokaler Namensrest ys.	ASTRO_LOCAL_LABEL_SIGN	DIAGRAM_LABEL
A377	ASTRO	f69v	DREI_GETRENNTE_HETEROGENE_RAEDER_MIT_28_LOKALEN_LINKEN_PLAETZEN	f69v.16	F69_LEFT_WHEEL_NS	A3_LEFT_RADIAL_SLOT_13	oteol	LOCAL_LABEL	Radstelle A3_LEFT_RADIAL_SLOT_13: naechster Platz oder folgende Bedingung + im selben Ring, Band oder Satz fortsetzen; lokaler Namensrest e.	ASTRO_LOCAL_LABEL_SIGN	DIAGRAM_LABEL
A378	ASTRO	f69v	DREI_GETRENNTE_HETEROGENE_RAEDER_MIT_28_LOKALEN_LINKEN_PLAETZEN	f69v.17	F69_LEFT_WHEEL_NS	A3_LEFT_RADIAL_SLOT_14	ykeydy	LOCAL_LABEL	A3_LEFT_RADIAL_SLOT_14: aktuelle Klasse fest.	ASTRO_LOCAL_LABEL_SIGN	DIAGRAM_LABEL
A379	ASTRO	f69v	DREI_GETRENNTE_HETEROGENE_RAEDER_MIT_28_LOKALEN_LINKEN_PLAETZEN	f69v.18	F69_LEFT_WHEEL_NS	A3_LEFT_RADIAL_SLOT_15	okeod	LOCAL_LABEL	Radstelle A3_LEFT_RADIAL_SLOT_15: Diagrammposten setzen oder aktivieren; lokaler Namensrest eod.	ASTRO_LOCAL_LABEL_SIGN	DIAGRAM_LABEL
A380	ASTRO	f69v	DREI_GETRENNTE_HETEROGENE_RAEDER_MIT_28_LOKALEN_LINKEN_PLAETZEN	f69v.19	F69_LEFT_WHEEL_NS	A3_LEFT_RADIAL_SLOT_16	saral	LOCAL_LABEL	Radstelle A3_LEFT_RADIAL_SLOT_16: Ausgangssektor, Ursprung oder Bezugswert + Zielsektor, Zielstern oder Zielfeld; lokaler Namensrest s.	ASTRO_LOCAL_LABEL_SIGN	DIAGRAM_LABEL
A381	ASTRO	f69v	DREI_GETRENNTE_HETEROGENE_RAEDER_MIT_28_LOKALEN_LINKEN_PLAETZEN	f69v.20	F69_LEFT_WHEEL_NS	A3_LEFT_RADIAL_SLOT_17	saiir	LOCAL_LABEL	A3_LEFT_RADIAL_SLOT_17: sekundärer Hauptindex.	ASTRO_LOCAL_LABEL_SIGN	DIAGRAM_LABEL
A382	ASTRO	f69v	DREI_GETRENNTE_HETEROGENE_RAEDER_MIT_28_LOKALEN_LINKEN_PLAETZEN	f69v.21	F69_LEFT_WHEEL_NS	A3_LEFT_RADIAL_SLOT_18	okolar	LOCAL_LABEL	Radstelle A3_LEFT_RADIAL_SLOT_18: Diagrammposten setzen oder aktivieren + im selben Ring, Band oder Satz fortsetzen + Ausgangssektor, Ursprung oder Bezugswert.	ASTRO_LOCAL_LABEL_SIGN	DIAGRAM_LABEL
A383	ASTRO	f69v	DREI_GETRENNTE_HETEROGENE_RAEDER_MIT_28_LOKALEN_LINKEN_PLAETZEN	f69v.22	F69_LEFT_WHEEL_NS	A3_LEFT_RADIAL_SLOT_19	ykeody	LOCAL_LABEL	A3_LEFT_RADIAL_SLOT_19: Klassenplatz fest eingetragen.	ASTRO_LOCAL_LABEL_SIGN	DIAGRAM_LABEL
A384	ASTRO	f69v	DREI_GETRENNTE_HETEROGENE_RAEDER_MIT_28_LOKALEN_LINKEN_PLAETZEN	f69v.23	F69_LEFT_WHEEL_NS	A3_LEFT_RADIAL_SLOT_20	sarydy	LOCAL_LABEL	Radstelle A3_LEFT_RADIAL_SLOT_20: Ausgangssektor, Ursprung oder Bezugswert; lokaler Namensrest s/ydy.	ASTRO_LOCAL_LABEL_SIGN	DIAGRAM_LABEL
A385	ASTRO	f69v	DREI_GETRENNTE_HETEROGENE_RAEDER_MIT_28_LOKALEN_LINKEN_PLAETZEN	f69v.24	F69_LEFT_WHEEL_NS	A3_LEFT_RADIAL_SLOT_21	otchy	LOCAL_LABEL	Radstelle A3_LEFT_RADIAL_SLOT_21: naechster Platz oder folgende Bedingung; lokaler Namensrest chy.	ASTRO_LOCAL_LABEL_SIGN	DIAGRAM_LABEL
A386	ASTRO	f69v	DREI_GETRENNTE_HETEROGENE_RAEDER_MIT_28_LOKALEN_LINKEN_PLAETZEN	f69v.25	F69_LEFT_WHEEL_NS	A3_LEFT_RADIAL_SLOT_22	okeey	LANGSTUFE_SETZEN	Radstelle A3_LEFT_RADIAL_SLOT_22: in langer Stufe setzen.	KNOWN_PROSE_CARD_IN_ASTRO	DIAGRAM_LABEL
A387	ASTRO	f69v	DREI_GETRENNTE_HETEROGENE_RAEDER_MIT_28_LOKALEN_LINKEN_PLAETZEN	f69v.25	F69_LEFT_WHEEL_NS	A3_LEFT_RADIAL_SLOT_22	dy	dies	Radstelle A3_LEFT_RADIAL_SLOT_22: dieser lokale Diagrammposten.	THREE_REGISTER_COMMON_CORE	DIAGRAM_LABEL
A388	ASTRO	f69v	DREI_GETRENNTE_HETEROGENE_RAEDER_MIT_28_LOKALEN_LINKEN_PLAETZEN	f69v.26	F69_LEFT_WHEEL_NS	A3_LEFT_RADIAL_SLOT_23	okey	KURZSTUFE_SETZEN	Radstelle A3_LEFT_RADIAL_SLOT_23: in kurzer Stufe setzen.	KNOWN_PROSE_CARD_IN_ASTRO	DIAGRAM_LABEL
A389	ASTRO	f69v	DREI_GETRENNTE_HETEROGENE_RAEDER_MIT_28_LOKALEN_LINKEN_PLAETZEN	f69v.26	F69_LEFT_WHEEL_NS	A3_LEFT_RADIAL_SLOT_23	d	LOCAL_LABEL	A3_LEFT_RADIAL_SLOT_23: Festwert.	ASTRO_LOCAL_LABEL_SIGN	DIAGRAM_LABEL
A390	ASTRO	f69v	DREI_GETRENNTE_HETEROGENE_RAEDER_MIT_28_LOKALEN_LINKEN_PLAETZEN	f69v.27	F69_LEFT_WHEEL_NS	A3_LEFT_RADIAL_SLOT_24	okeod	LOCAL_LABEL	Radstelle A3_LEFT_RADIAL_SLOT_24: Diagrammposten setzen oder aktivieren; lokaler Namensrest eod.	ASTRO_LOCAL_LABEL_SIGN	DIAGRAM_LABEL
A391	ASTRO	f69v	DREI_GETRENNTE_HETEROGENE_RAEDER_MIT_28_LOKALEN_LINKEN_PLAETZEN	f69v.28	F69_LEFT_WHEEL_NS	A3_LEFT_RADIAL_SLOT_25	okodchy	LOCAL_LABEL	Radstelle A3_LEFT_RADIAL_SLOT_25: Diagrammposten setzen oder aktivieren; lokaler Namensrest odchy.	ASTRO_LOCAL_LABEL_SIGN	DIAGRAM_LABEL
A392	ASTRO	f69v	DREI_GETRENNTE_HETEROGENE_RAEDER_MIT_28_LOKALEN_LINKEN_PLAETZEN	f69v.29	F69_LEFT_WHEEL_NS	A3_LEFT_RADIAL_SLOT_26	okeody	LOCAL_LABEL	Radstelle A3_LEFT_RADIAL_SLOT_26: Diagrammposten setzen oder aktivieren; lokaler Namensrest eody.	ASTRO_LOCAL_LABEL_SIGN	DIAGRAM_LABEL
A393	ASTRO	f69v	DREI_GETRENNTE_HETEROGENE_RAEDER_MIT_28_LOKALEN_LINKEN_PLAETZEN	f69v.30	F69_LEFT_WHEEL_NS	A3_LEFT_RADIAL_SLOT_27	okcheys	LOCAL_LABEL	Radstelle A3_LEFT_RADIAL_SLOT_27: Diagrammplatz berechnen oder bearbeiten; lokaler Namensrest o/eys.	ASTRO_LOCAL_LABEL_SIGN	DIAGRAM_LABEL
A394	ASTRO	f69v	DREI_GETRENNTE_HETEROGENE_RAEDER_MIT_28_LOKALEN_LINKEN_PLAETZEN	f69v.31	F69_LEFT_WHEEL_NS	A3_LEFT_RADIAL_SLOT_28	oar	LOCAL_LABEL	Radstelle A3_LEFT_RADIAL_SLOT_28: Ausgangssektor, Ursprung oder Bezugswert; lokaler Namensrest o.	ASTRO_LOCAL_LABEL_SIGN	DIAGRAM_LABEL
A395	ASTRO	f69v	DREI_GETRENNTE_HETEROGENE_RAEDER_MIT_28_LOKALEN_LINKEN_PLAETZEN	f69v.31	F69_LEFT_WHEEL_NS	A3_LEFT_RADIAL_SLOT_28	alys	LOCAL_LABEL	Radstelle A3_LEFT_RADIAL_SLOT_28: Zielsektor, Zielstern oder Zielfeld; lokaler Namensrest ys.	ASTRO_LOCAL_LABEL_SIGN	DIAGRAM_LABEL
