language	condition	coupling	member	unit	category	output	train_occurrences	held_occurrences
latin	uncoupled	0.0	0	ol	D	ii	1825	712
latin	uncoupled	0.0	0	y	S	ere	1554	554
latin	uncoupled	0.0	0	C	D	cc	1445	711
latin	uncoupled	0.0	0	ar	S	it	1423	766
latin	uncoupled	0.0	0	or	S	is	1322	535
latin	uncoupled	0.0	0	s	S	in	1322	486
latin	uncoupled	0.0	0	aN	S	ent	1169	556
latin	uncoupled	0.0	0	d	S	ar	1144	597
latin	uncoupled	0.0	0	o	D	ee	1126	609
latin	uncoupled	0.0	0	ok	S	qu	1084	625
latin	uncoupled	0.0	0	ot	S	er	1033	689
latin	uncoupled	0.0	0	k	D	ss	1025	478
latin	uncoupled	0.0	0	al	S	em	915	476
latin	uncoupled	0.0	0	S	S	an	910	439
latin	uncoupled	0.0	0	t	S	st	883	359
latin	uncoupled	0.0	0	Ce	S	di	866	609
latin	uncoupled	0.0	0	qok	S	su	862	444
latin	uncoupled	0.0	0	daN	W	omnibus	844	387
latin	uncoupled	0.0	0	Cedy	S	que	732	448
latin	uncoupled	0.0	0	qot	S	tr	727	353
latin	uncoupled	0.0	0	e	N		699	453
latin	uncoupled	0.0	0	Cy	S	at	671	212
latin	uncoupled	0.0	0	E	N		669	497
latin	uncoupled	0.0	0	l	S	ne	666	524
latin	uncoupled	0.0	0	ody	S	us	608	272
latin	uncoupled	0.0	0	dy	S	re	603	204
latin	uncoupled	0.0	0	aI	S	am	597	414
latin	uncoupled	0.0	0	p	S	de	572	338
latin	uncoupled	0.0	0	Se	S	vi	570	260
latin	uncoupled	0.0	0	Col	S	se	522	188
latin	uncoupled	0.0	0	Cey	S	et	521	264
latin	uncoupled	0.0	0	Ey	S	um	505	370
latin	uncoupled	0.0	0	ey	S	ae	498	259
latin	uncoupled	0.0	0	Edy	S	os	469	312
latin	uncoupled	0.0	0	edy	L	i	446	253
latin	uncoupled	0.0	0	od	S	ti	445	222
latin	uncoupled	0.0	0	Sedy	L	a	418	173
latin	uncoupled	0.0	0	am	L	i	408	242
latin	uncoupled	0.0	0	olk	S	un	402	152
latin	uncoupled	0.0	0	yk	L	s	396	149
latin	uncoupled	0.0	0	Cor	L	a	376	100
latin	uncoupled	0.0	0	yt	L	s	375	90
latin	uncoupled	0.0	0	r	L	m	374	250
latin	uncoupled	0.0	0	qo	L	a	371	233
latin	uncoupled	0.0	0	Co	S	si	364	121
latin	uncoupled	0.0	0	dal	L	c	362	174
latin	uncoupled	0.0	0	T	S	pr	344	121
latin	uncoupled	0.0	0	dar	L	a	341	227
latin	uncoupled	0.0	0	Cdy	L	a	331	167
latin	uncoupled	0.0	0	a	N		278	128
latin	uncoupled	0.0	0	Ky	L	c	273	120
latin	uncoupled	0.0	0	ai	S	ci	264	143
latin	uncoupled	0.0	0	air	L	i	254	210
latin	uncoupled	0.0	0	Ty	L	t	251	74
latin	uncoupled	0.0	0	K	S	li	250	98
latin	uncoupled	0.0	0	Sey	L	a	236	148
latin	uncoupled	0.0	0	N	L	t	222	88
latin	uncoupled	0.0	0	f	N		220	104
latin	uncoupled	0.0	0	ky	L	s	204	69
latin	uncoupled	0.0	0	So	L	e	201	76
latin	uncoupled	0.0	0	qokaI	W	caesar	201	74
latin	uncoupled	0.0	0	i	S	tu	199	118
latin	uncoupled	0.0	0	op	L	e	198	110
latin	uncoupled	0.0	0	Sol	W	propter	195	51
latin	uncoupled	0.0	0	qokaN	W	quod	190	72
latin	uncoupled	0.0	0	qokEdy	W	atque	189	105
latin	uncoupled	0.0	0	qokal	W	quibus	187	41
latin	uncoupled	0.0	0	qokedy	W	castris	185	62
latin	uncoupled	0.0	0	CE	L	i	178	98
latin	uncoupled	0.0	0	Sy	L	e	173	68
latin	uncoupled	0.0	0	eol	L	i	173	75
latin	uncoupled	0.0	0	q	L	e	173	71
latin	uncoupled	0.0	0	CEy	L	t	171	113
latin	uncoupled	0.0	0	Ceol	L	c	167	77
latin	uncoupled	0.0	0	daI	W	exercitum	165	148
latin	uncoupled	0.0	0	os	L	e	164	86
latin	uncoupled	0.0	0	qol	L	c	158	45
latin	uncoupled	0.0	0	lk	L	s	156	249
latin	uncoupled	0.0	0	qokEy	W	neque	149	134
latin	uncoupled	0.0	0	okaN	W	proelio	144	92
latin	uncoupled	0.0	0	okal	W	eorum	143	52
latin	uncoupled	0.0	0	m	L	t	138	80
latin	uncoupled	0.0	0	otal	L	p	130	48
latin	uncoupled	0.0	0	oky	L	c	129	44
latin	uncoupled	0.0	0	oty	L	c	127	48
latin	uncoupled	0.0	0	P	L	s	107	66
latin	uncoupled	0.0	0	n	L	i	86	37
latin	uncoupled	0.0	0	g	L	e	73	38
latin	uncoupled	0.0	0	F	L	v	35	13
latin	uncoupled	0.0	0	I	L	t	18	9
latin	uncoupled	0.0	0	x	L	l	14	11
latin	uncoupled	0.0	0	b	L	s	12	3
latin	uncoupled	0.0	0	j	N		7	3
latin	uncoupled	0.0	0	u	L	d	5	3
latin	uncoupled	0.0	0	c	L	m	4	1
latin	uncoupled	0.0	0	h	N		2	1
latin	uncoupled	0.0	0	z	N		2	1
latin	uncoupled	0.0	0	v	L	h	1	0
latin	uncoupled	0.0	1	ol	D	ii	1825	712
latin	uncoupled	0.0	1	y	S	ere	1554	554
latin	uncoupled	0.0	1	C	D	cc	1445	711
latin	uncoupled	0.0	1	ar	S	is	1423	766
latin	uncoupled	0.0	1	or	S	que	1322	535
latin	uncoupled	0.0	1	s	S	in	1322	486
latin	uncoupled	0.0	1	aN	S	ent	1169	556
latin	uncoupled	0.0	1	d	S	re	1144	597
latin	uncoupled	0.0	1	o	D	ee	1126	609
latin	uncoupled	0.0	1	ok	S	su	1084	625
latin	uncoupled	0.0	1	ot	S	qu	1033	689
latin	uncoupled	0.0	1	k	D	ss	1025	478
latin	uncoupled	0.0	1	al	S	us	915	476
latin	uncoupled	0.0	1	S	S	di	910	439
latin	uncoupled	0.0	1	t	S	tr	883	359
latin	uncoupled	0.0	1	Ce	S	at	866	609
latin	uncoupled	0.0	1	qok	S	de	862	444
latin	uncoupled	0.0	1	daN	W	omnibus	844	387
latin	uncoupled	0.0	1	Cedy	S	et	732	448
latin	uncoupled	0.0	1	qot	S	it	727	353
latin	uncoupled	0.0	1	e	N		699	453
latin	uncoupled	0.0	1	Cy	S	os	671	212
latin	uncoupled	0.0	1	E	N		669	497
latin	uncoupled	0.0	1	l	S	pr	666	524
latin	uncoupled	0.0	1	ody	S	am	608	272
latin	uncoupled	0.0	1	dy	S	ne	603	204
latin	uncoupled	0.0	1	aI	S	ae	597	414
latin	uncoupled	0.0	1	p	S	er	572	338
latin	uncoupled	0.0	1	Se	S	vi	570	260
latin	uncoupled	0.0	1	Col	S	se	522	188
latin	uncoupled	0.0	1	Cey	S	si	521	264
latin	uncoupled	0.0	1	Ey	S	um	505	370
latin	uncoupled	0.0	1	ey	S	nt	498	259
latin	uncoupled	0.0	1	Edy	S	es	469	312
latin	uncoupled	0.0	1	edy	L	i	446	253
latin	uncoupled	0.0	1	od	S	ti	445	222
latin	uncoupled	0.0	1	Sedy	L	a	418	173
latin	uncoupled	0.0	1	am	L	i	408	242
latin	uncoupled	0.0	1	olk	S	st	402	152
latin	uncoupled	0.0	1	yk	L	s	396	149
latin	uncoupled	0.0	1	Cor	L	a	376	100
latin	uncoupled	0.0	1	yt	L	s	375	90
latin	uncoupled	0.0	1	r	L	s	374	250
latin	uncoupled	0.0	1	qo	L	s	371	233
latin	uncoupled	0.0	1	Co	S	an	364	121
latin	uncoupled	0.0	1	dal	L	a	362	174
latin	uncoupled	0.0	1	T	S	li	344	121
latin	uncoupled	0.0	1	dar	L	a	341	227
latin	uncoupled	0.0	1	Cdy	L	e	331	167
latin	uncoupled	0.0	1	a	N		278	128
latin	uncoupled	0.0	1	Ky	L	c	273	120
latin	uncoupled	0.0	1	ai	S	ci	264	143
latin	uncoupled	0.0	1	air	L	i	254	210
latin	uncoupled	0.0	1	Ty	L	t	251	74
latin	uncoupled	0.0	1	K	S	cu	250	98
latin	uncoupled	0.0	1	Sey	L	a	236	148
latin	uncoupled	0.0	1	N	L	t	222	88
latin	uncoupled	0.0	1	f	N		220	104
latin	uncoupled	0.0	1	ky	L	t	204	69
latin	uncoupled	0.0	1	So	L	e	201	76
latin	uncoupled	0.0	1	qokaI	W	quod	201	74
latin	uncoupled	0.0	1	i	S	te	199	118
latin	uncoupled	0.0	1	op	L	s	198	110
latin	uncoupled	0.0	1	Sol	W	exercitum	195	51
latin	uncoupled	0.0	1	qokaN	W	caesar	190	72
latin	uncoupled	0.0	1	qokEdy	W	atque	189	105
latin	uncoupled	0.0	1	qokal	W	castris	187	41
latin	uncoupled	0.0	1	qokedy	W	eorum	185	62
latin	uncoupled	0.0	1	CE	L	e	178	98
latin	uncoupled	0.0	1	Sy	L	e	173	68
latin	uncoupled	0.0	1	eol	L	i	173	75
latin	uncoupled	0.0	1	q	L	e	173	71
latin	uncoupled	0.0	1	CEy	L	a	171	113
latin	uncoupled	0.0	1	Ceol	L	c	167	77
latin	uncoupled	0.0	1	daI	W	propter	165	148
latin	uncoupled	0.0	1	os	L	i	164	86
latin	uncoupled	0.0	1	qol	L	c	158	45
latin	uncoupled	0.0	1	lk	L	s	156	249
latin	uncoupled	0.0	1	qokEy	W	neque	149	134
latin	uncoupled	0.0	1	okaN	W	quibus	144	92
latin	uncoupled	0.0	1	okal	W	proelio	143	52
latin	uncoupled	0.0	1	m	L	t	138	80
latin	uncoupled	0.0	1	otal	L	c	130	48
latin	uncoupled	0.0	1	oky	L	c	129	44
latin	uncoupled	0.0	1	oty	L	c	127	48
latin	uncoupled	0.0	1	P	L	i	107	66
latin	uncoupled	0.0	1	n	L	t	86	37
latin	uncoupled	0.0	1	g	L	m	73	38
latin	uncoupled	0.0	1	F	L	v	35	13
latin	uncoupled	0.0	1	I	L	t	18	9
latin	uncoupled	0.0	1	x	L	l	14	11
latin	uncoupled	0.0	1	b	L	o	12	3
latin	uncoupled	0.0	1	j	N		7	3
latin	uncoupled	0.0	1	u	L	d	5	3
latin	uncoupled	0.0	1	c	L	m	4	1
latin	uncoupled	0.0	1	h	N		2	1
latin	uncoupled	0.0	1	z	N		2	1
latin	uncoupled	0.0	1	v	L	e	1	0
latin	uncoupled	0.0	2	ol	D	ii	1825	712
latin	uncoupled	0.0	2	y	S	que	1554	554
latin	uncoupled	0.0	2	C	D	cc	1445	711
latin	uncoupled	0.0	2	ar	S	is	1423	766
latin	uncoupled	0.0	2	or	S	ne	1322	535
latin	uncoupled	0.0	2	s	S	in	1322	486
latin	uncoupled	0.0	2	aN	S	ere	1169	556
latin	uncoupled	0.0	2	d	S	vi	1144	597
latin	uncoupled	0.0	2	o	D	ee	1126	609
latin	uncoupled	0.0	2	ok	S	qu	1084	625
latin	uncoupled	0.0	2	ot	S	su	1033	689
latin	uncoupled	0.0	2	k	D	ss	1025	478
latin	uncoupled	0.0	2	al	S	us	915	476
latin	uncoupled	0.0	2	S	S	de	910	439
latin	uncoupled	0.0	2	t	S	an	883	359
latin	uncoupled	0.0	2	Ce	S	di	866	609
latin	uncoupled	0.0	2	qok	S	tr	862	444
latin	uncoupled	0.0	2	daN	W	omnibus	844	387
latin	uncoupled	0.0	2	Cedy	S	et	732	448
latin	uncoupled	0.0	2	qot	S	it	727	353
latin	uncoupled	0.0	2	e	N		699	453
latin	uncoupled	0.0	2	Cy	S	um	671	212
latin	uncoupled	0.0	2	E	N		669	497
latin	uncoupled	0.0	2	l	S	co	666	524
latin	uncoupled	0.0	2	ody	S	ent	608	272
latin	uncoupled	0.0	2	dy	S	re	603	204
latin	uncoupled	0.0	2	aI	S	ae	597	414
latin	uncoupled	0.0	2	p	S	er	572	338
latin	uncoupled	0.0	2	Se	S	iu	570	260
latin	uncoupled	0.0	2	Col	S	se	522	188
latin	uncoupled	0.0	2	Cey	S	at	521	264
latin	uncoupled	0.0	2	Ey	S	nt	505	370
latin	uncoupled	0.0	2	ey	S	am	498	259
latin	uncoupled	0.0	2	Edy	S	os	469	312
latin	uncoupled	0.0	2	edy	L	i	446	253
latin	uncoupled	0.0	2	od	S	ti	445	222
latin	uncoupled	0.0	2	Sedy	L	a	418	173
latin	uncoupled	0.0	2	am	L	i	408	242
latin	uncoupled	0.0	2	olk	S	pr	402	152
latin	uncoupled	0.0	2	yk	L	i	396	149
latin	uncoupled	0.0	2	Cor	L	a	376	100
latin	uncoupled	0.0	2	yt	L	s	375	90
latin	uncoupled	0.0	2	r	L	s	374	250
latin	uncoupled	0.0	2	qo	L	p	371	233
latin	uncoupled	0.0	2	Co	S	si	364	121
latin	uncoupled	0.0	2	dal	L	a	362	174
latin	uncoupled	0.0	2	T	S	mi	344	121
latin	uncoupled	0.0	2	dar	L	a	341	227
latin	uncoupled	0.0	2	Cdy	L	a	331	167
latin	uncoupled	0.0	2	a	N		278	128
latin	uncoupled	0.0	2	Ky	L	c	273	120
latin	uncoupled	0.0	2	ai	S	te	264	143
latin	uncoupled	0.0	2	air	L	i	254	210
latin	uncoupled	0.0	2	Ty	L	t	251	74
latin	uncoupled	0.0	2	K	S	li	250	98
latin	uncoupled	0.0	2	Sey	L	a	236	148
latin	uncoupled	0.0	2	N	L	m	222	88
latin	uncoupled	0.0	2	f	N		220	104
latin	uncoupled	0.0	2	ky	L	s	204	69
latin	uncoupled	0.0	2	So	L	e	201	76
latin	uncoupled	0.0	2	qokaI	W	caesar	201	74
latin	uncoupled	0.0	2	i	S	ri	199	118
latin	uncoupled	0.0	2	op	L	d	198	110
latin	uncoupled	0.0	2	Sol	W	castris	195	51
latin	uncoupled	0.0	2	qokaN	W	atque	190	72
latin	uncoupled	0.0	2	qokEdy	W	omnes	189	105
latin	uncoupled	0.0	2	qokal	W	neque	187	41
latin	uncoupled	0.0	2	qokedy	W	quod	185	62
latin	uncoupled	0.0	2	CE	L	i	178	98
latin	uncoupled	0.0	2	Sy	L	e	173	68
latin	uncoupled	0.0	2	eol	L	i	173	75
latin	uncoupled	0.0	2	q	L	e	173	71
latin	uncoupled	0.0	2	CEy	L	m	171	113
latin	uncoupled	0.0	2	Ceol	L	e	167	77
latin	uncoupled	0.0	2	daI	W	proelio	165	148
latin	uncoupled	0.0	2	os	L	s	164	86
latin	uncoupled	0.0	2	qol	L	c	158	45
latin	uncoupled	0.0	2	lk	L	c	156	249
latin	uncoupled	0.0	2	qokEy	W	eorum	149	134
latin	uncoupled	0.0	2	okaN	W	quibus	144	92
latin	uncoupled	0.0	2	okal	W	propter	143	52
latin	uncoupled	0.0	2	m	L	t	138	80
latin	uncoupled	0.0	2	otal	L	e	130	48
latin	uncoupled	0.0	2	oky	L	c	129	44
latin	uncoupled	0.0	2	oty	L	c	127	48
latin	uncoupled	0.0	2	P	L	s	107	66
latin	uncoupled	0.0	2	n	L	s	86	37
latin	uncoupled	0.0	2	g	L	t	73	38
latin	uncoupled	0.0	2	F	L	e	35	13
latin	uncoupled	0.0	2	I	L	t	18	9
latin	uncoupled	0.0	2	x	L	m	14	11
latin	uncoupled	0.0	2	b	L	c	12	3
latin	uncoupled	0.0	2	j	N		7	3
latin	uncoupled	0.0	2	u	L	d	5	3
latin	uncoupled	0.0	2	c	L	p	4	1
latin	uncoupled	0.0	2	h	N		2	1
latin	uncoupled	0.0	2	z	N		2	1
latin	uncoupled	0.0	2	v	L	o	1	0
latin	uncoupled	0.0	3	ol	D	ii	1825	712
latin	uncoupled	0.0	3	y	S	que	1554	554
latin	uncoupled	0.0	3	C	D	cc	1445	711
latin	uncoupled	0.0	3	ar	S	is	1423	766
latin	uncoupled	0.0	3	or	S	ere	1322	535
latin	uncoupled	0.0	3	s	S	re	1322	486
latin	uncoupled	0.0	3	aN	S	ent	1169	556
latin	uncoupled	0.0	3	d	S	an	1144	597
latin	uncoupled	0.0	3	o	D	ee	1126	609
latin	uncoupled	0.0	3	ok	S	su	1084	625
latin	uncoupled	0.0	3	ot	S	qu	1033	689
latin	uncoupled	0.0	3	k	D	ss	1025	478
latin	uncoupled	0.0	3	al	S	us	915	476
latin	uncoupled	0.0	3	S	S	in	910	439
latin	uncoupled	0.0	3	t	S	vi	883	359
latin	uncoupled	0.0	3	Ce	S	di	866	609
latin	uncoupled	0.0	3	qok	S	pr	862	444
latin	uncoupled	0.0	3	daN	W	omnibus	844	387
latin	uncoupled	0.0	3	Cedy	S	et	732	448
latin	uncoupled	0.0	3	qot	S	tr	727	353
latin	uncoupled	0.0	3	e	N		699	453
latin	uncoupled	0.0	3	Cy	S	at	671	212
latin	uncoupled	0.0	3	E	N		669	497
latin	uncoupled	0.0	3	l	S	it	666	524
latin	uncoupled	0.0	3	ody	S	es	608	272
latin	uncoupled	0.0	3	dy	S	si	603	204
latin	uncoupled	0.0	3	aI	S	am	597	414
latin	uncoupled	0.0	3	p	S	ar	572	338
latin	uncoupled	0.0	3	Se	S	de	570	260
latin	uncoupled	0.0	3	Col	S	se	522	188
latin	uncoupled	0.0	3	Cey	S	ne	521	264
latin	uncoupled	0.0	3	Ey	S	um	505	370
latin	uncoupled	0.0	3	ey	S	ae	498	259
latin	uncoupled	0.0	3	Edy	S	os	469	312
latin	uncoupled	0.0	3	edy	L	i	446	253
latin	uncoupled	0.0	3	od	S	ci	445	222
latin	uncoupled	0.0	3	Sedy	L	a	418	173
latin	uncoupled	0.0	3	am	L	i	408	242
latin	uncoupled	0.0	3	olk	S	er	402	152
latin	uncoupled	0.0	3	yk	L	s	396	149
latin	uncoupled	0.0	3	Cor	L	a	376	100
latin	uncoupled	0.0	3	yt	L	s	375	90
latin	uncoupled	0.0	3	r	L	m	374	250
latin	uncoupled	0.0	3	qo	L	e	371	233
latin	uncoupled	0.0	3	Co	S	te	364	121
latin	uncoupled	0.0	3	dal	L	a	362	174
latin	uncoupled	0.0	3	T	S	li	344	121
latin	uncoupled	0.0	3	dar	L	a	341	227
latin	uncoupled	0.0	3	Cdy	L	a	331	167
latin	uncoupled	0.0	3	a	N		278	128
latin	uncoupled	0.0	3	Ky	L	t	273	120
latin	uncoupled	0.0	3	ai	S	tu	264	143
latin	uncoupled	0.0	3	air	L	i	254	210
latin	uncoupled	0.0	3	Ty	L	t	251	74
latin	uncoupled	0.0	3	K	S	st	250	98
latin	uncoupled	0.0	3	Sey	L	a	236	148
latin	uncoupled	0.0	3	N	L	m	222	88
latin	uncoupled	0.0	3	f	N		220	104
latin	uncoupled	0.0	3	ky	L	s	204	69
latin	uncoupled	0.0	3	So	L	e	201	76
latin	uncoupled	0.0	3	qokaI	W	caesar	201	74
latin	uncoupled	0.0	3	i	S	ra	199	118
latin	uncoupled	0.0	3	op	L	d	198	110
latin	uncoupled	0.0	3	Sol	W	exercitum	195	51
latin	uncoupled	0.0	3	qokaN	W	atque	190	72
latin	uncoupled	0.0	3	qokEdy	W	quod	189	105
latin	uncoupled	0.0	3	qokal	W	castris	187	41
latin	uncoupled	0.0	3	qokedy	W	quibus	185	62
latin	uncoupled	0.0	3	CE	L	i	178	98
latin	uncoupled	0.0	3	Sy	L	e	173	68
latin	uncoupled	0.0	3	eol	L	i	173	75
latin	uncoupled	0.0	3	q	L	c	173	71
latin	uncoupled	0.0	3	CEy	L	m	171	113
latin	uncoupled	0.0	3	Ceol	L	c	167	77
latin	uncoupled	0.0	3	daI	W	propter	165	148
latin	uncoupled	0.0	3	os	L	s	164	86
latin	uncoupled	0.0	3	qol	L	c	158	45
latin	uncoupled	0.0	3	lk	L	s	156	249
latin	uncoupled	0.0	3	qokEy	W	neque	149	134
latin	uncoupled	0.0	3	okaN	W	eorum	144	92
latin	uncoupled	0.0	3	okal	W	proelio	143	52
latin	uncoupled	0.0	3	m	L	m	138	80
latin	uncoupled	0.0	3	otal	L	e	130	48
latin	uncoupled	0.0	3	oky	L	c	129	44
latin	uncoupled	0.0	3	oty	L	c	127	48
latin	uncoupled	0.0	3	P	L	s	107	66
latin	uncoupled	0.0	3	n	L	t	86	37
latin	uncoupled	0.0	3	g	L	i	73	38
latin	uncoupled	0.0	3	F	L	e	35	13
latin	uncoupled	0.0	3	I	L	t	18	9
latin	uncoupled	0.0	3	x	L	m	14	11
latin	uncoupled	0.0	3	b	L	e	12	3
latin	uncoupled	0.0	3	j	N		7	3
latin	uncoupled	0.0	3	u	L	t	5	3
latin	uncoupled	0.0	3	c	L	q	4	1
latin	uncoupled	0.0	3	h	N		2	1
latin	uncoupled	0.0	3	z	N		2	1
latin	uncoupled	0.0	3	v	L	g	1	0
latin	uncoupled	0.0	4	ol	D	ii	1825	712
latin	uncoupled	0.0	4	y	S	ere	1554	554
latin	uncoupled	0.0	4	C	D	cc	1445	711
latin	uncoupled	0.0	4	ar	S	is	1423	766
latin	uncoupled	0.0	4	or	S	que	1322	535
latin	uncoupled	0.0	4	s	S	de	1322	486
latin	uncoupled	0.0	4	aN	S	re	1169	556
latin	uncoupled	0.0	4	d	S	no	1144	597
latin	uncoupled	0.0	4	o	D	ee	1126	609
latin	uncoupled	0.0	4	ok	S	su	1084	625
latin	uncoupled	0.0	4	ot	S	vi	1033	689
latin	uncoupled	0.0	4	k	D	xx	1025	478
latin	uncoupled	0.0	4	al	S	it	915	476
latin	uncoupled	0.0	4	S	S	es	910	439
latin	uncoupled	0.0	4	t	S	di	883	359
latin	uncoupled	0.0	4	Ce	S	an	866	609
latin	uncoupled	0.0	4	qok	S	tr	862	444
latin	uncoupled	0.0	4	daN	W	omnibus	844	387
latin	uncoupled	0.0	4	Cedy	S	et	732	448
latin	uncoupled	0.0	4	qot	S	qu	727	353
latin	uncoupled	0.0	4	e	N		699	453
latin	uncoupled	0.0	4	Cy	S	am	671	212
latin	uncoupled	0.0	4	E	N		669	497
latin	uncoupled	0.0	4	l	S	pr	666	524
latin	uncoupled	0.0	4	ody	S	ent	608	272
latin	uncoupled	0.0	4	dy	S	se	603	204
latin	uncoupled	0.0	4	aI	S	nt	597	414
latin	uncoupled	0.0	4	p	S	er	572	338
latin	uncoupled	0.0	4	Se	S	si	570	260
latin	uncoupled	0.0	4	Col	S	in	522	188
latin	uncoupled	0.0	4	Cey	S	ne	521	264
latin	uncoupled	0.0	4	Ey	S	os	505	370
latin	uncoupled	0.0	4	ey	S	um	498	259
latin	uncoupled	0.0	4	Edy	S	ae	469	312
latin	uncoupled	0.0	4	edy	L	i	446	253
latin	uncoupled	0.0	4	od	S	tu	445	222
latin	uncoupled	0.0	4	Sedy	L	a	418	173
latin	uncoupled	0.0	4	am	L	s	408	242
latin	uncoupled	0.0	4	olk	S	cu	402	152
latin	uncoupled	0.0	4	yk	L	e	396	149
latin	uncoupled	0.0	4	Cor	L	a	376	100
latin	uncoupled	0.0	4	yt	L	i	375	90
latin	uncoupled	0.0	4	r	L	a	374	250
latin	uncoupled	0.0	4	qo	L	p	371	233
latin	uncoupled	0.0	4	Co	S	at	364	121
latin	uncoupled	0.0	4	dal	L	a	362	174
latin	uncoupled	0.0	4	T	S	us	344	121
latin	uncoupled	0.0	4	dar	L	a	341	227
latin	uncoupled	0.0	4	Cdy	L	e	331	167
latin	uncoupled	0.0	4	a	N		278	128
latin	uncoupled	0.0	4	Ky	L	t	273	120
latin	uncoupled	0.0	4	ai	S	st	264	143
latin	uncoupled	0.0	4	air	L	s	254	210
latin	uncoupled	0.0	4	Ty	L	t	251	74
latin	uncoupled	0.0	4	K	S	ar	250	98
latin	uncoupled	0.0	4	Sey	L	a	236	148
latin	uncoupled	0.0	4	N	L	i	222	88
latin	uncoupled	0.0	4	f	N		220	104
latin	uncoupled	0.0	4	ky	L	t	204	69
latin	uncoupled	0.0	4	So	L	e	201	76
latin	uncoupled	0.0	4	qokaI	W	caesar	201	74
latin	uncoupled	0.0	4	i	S	im	199	118
latin	uncoupled	0.0	4	op	L	d	198	110
latin	uncoupled	0.0	4	Sol	W	exercitum	195	51
latin	uncoupled	0.0	4	qokaN	W	quibus	190	72
latin	uncoupled	0.0	4	qokEdy	W	quod	189	105
latin	uncoupled	0.0	4	qokal	W	castris	187	41
latin	uncoupled	0.0	4	qokedy	W	atque	185	62
latin	uncoupled	0.0	4	CE	L	e	178	98
latin	uncoupled	0.0	4	Sy	L	m	173	68
latin	uncoupled	0.0	4	eol	L	i	173	75
latin	uncoupled	0.0	4	q	L	s	173	71
latin	uncoupled	0.0	4	CEy	L	c	171	113
latin	uncoupled	0.0	4	Ceol	L	e	167	77
latin	uncoupled	0.0	4	daI	W	propter	165	148
latin	uncoupled	0.0	4	os	L	i	164	86
latin	uncoupled	0.0	4	qol	L	c	158	45
latin	uncoupled	0.0	4	lk	L	i	156	249
latin	uncoupled	0.0	4	qokEy	W	neque	149	134
latin	uncoupled	0.0	4	okaN	W	eorum	144	92
latin	uncoupled	0.0	4	okal	W	proelio	143	52
latin	uncoupled	0.0	4	m	L	e	138	80
latin	uncoupled	0.0	4	otal	L	c	130	48
latin	uncoupled	0.0	4	oky	L	c	129	44
latin	uncoupled	0.0	4	oty	L	c	127	48
latin	uncoupled	0.0	4	P	L	t	107	66
latin	uncoupled	0.0	4	n	L	s	86	37
latin	uncoupled	0.0	4	g	L	s	73	38
latin	uncoupled	0.0	4	F	L	t	35	13
latin	uncoupled	0.0	4	I	L	t	18	9
latin	uncoupled	0.0	4	x	L	d	14	11
latin	uncoupled	0.0	4	b	L	o	12	3
latin	uncoupled	0.0	4	j	N		7	3
latin	uncoupled	0.0	4	u	L	s	5	3
latin	uncoupled	0.0	4	c	L	x	4	1
latin	uncoupled	0.0	4	h	N		2	1
latin	uncoupled	0.0	4	z	N		2	1
latin	uncoupled	0.0	4	v	L	m	1	0
latin	uncoupled	0.0	5	ol	D	ii	1825	712
latin	uncoupled	0.0	5	y	S	que	1554	554
latin	uncoupled	0.0	5	C	D	xx	1445	711
latin	uncoupled	0.0	5	ar	S	is	1423	766
latin	uncoupled	0.0	5	or	S	ent	1322	535
latin	uncoupled	0.0	5	s	S	in	1322	486
latin	uncoupled	0.0	5	aN	S	ere	1169	556
latin	uncoupled	0.0	5	d	S	re	1144	597
latin	uncoupled	0.0	5	o	D	ee	1126	609
latin	uncoupled	0.0	5	ok	S	tr	1084	625
latin	uncoupled	0.0	5	ot	S	su	1033	689
latin	uncoupled	0.0	5	k	D	cc	1025	478
latin	uncoupled	0.0	5	al	S	it	915	476
latin	uncoupled	0.0	5	S	S	di	910	439
latin	uncoupled	0.0	5	t	S	st	883	359
latin	uncoupled	0.0	5	Ce	S	ar	866	609
latin	uncoupled	0.0	5	qok	S	pr	862	444
latin	uncoupled	0.0	5	daN	W	omnibus	844	387
latin	uncoupled	0.0	5	Cedy	S	et	732	448
latin	uncoupled	0.0	5	qot	S	qu	727	353
latin	uncoupled	0.0	5	e	N		699	453
latin	uncoupled	0.0	5	Cy	S	ae	671	212
latin	uncoupled	0.0	5	E	N		669	497
latin	uncoupled	0.0	5	l	S	de	666	524
latin	uncoupled	0.0	5	ody	S	us	608	272
latin	uncoupled	0.0	5	dy	S	ne	603	204
latin	uncoupled	0.0	5	aI	S	em	597	414
latin	uncoupled	0.0	5	p	S	er	572	338
latin	uncoupled	0.0	5	Se	S	vi	570	260
latin	uncoupled	0.0	5	Col	S	se	522	188
latin	uncoupled	0.0	5	Cey	S	si	521	264
latin	uncoupled	0.0	5	Ey	S	um	505	370
latin	uncoupled	0.0	5	ey	S	os	498	259
latin	uncoupled	0.0	5	Edy	S	am	469	312
latin	uncoupled	0.0	5	edy	L	i	446	253
latin	uncoupled	0.0	5	od	S	at	445	222
latin	uncoupled	0.0	5	Sedy	L	a	418	173
latin	uncoupled	0.0	5	am	L	i	408	242
latin	uncoupled	0.0	5	olk	S	un	402	152
latin	uncoupled	0.0	5	yk	L	s	396	149
latin	uncoupled	0.0	5	Cor	L	a	376	100
latin	uncoupled	0.0	5	yt	L	s	375	90
latin	uncoupled	0.0	5	r	L	c	374	250
latin	uncoupled	0.0	5	qo	L	s	371	233
latin	uncoupled	0.0	5	Co	S	ca	364	121
latin	uncoupled	0.0	5	dal	L	a	362	174
latin	uncoupled	0.0	5	T	S	an	344	121
latin	uncoupled	0.0	5	dar	L	a	341	227
latin	uncoupled	0.0	5	Cdy	L	a	331	167
latin	uncoupled	0.0	5	a	N		278	128
latin	uncoupled	0.0	5	Ky	L	e	273	120
latin	uncoupled	0.0	5	ai	S	ra	264	143
latin	uncoupled	0.0	5	air	L	i	254	210
latin	uncoupled	0.0	5	Ty	L	e	251	74
latin	uncoupled	0.0	5	K	S	ti	250	98
latin	uncoupled	0.0	5	Sey	L	a	236	148
latin	uncoupled	0.0	5	N	L	t	222	88
latin	uncoupled	0.0	5	f	N		220	104
latin	uncoupled	0.0	5	ky	L	i	204	69
latin	uncoupled	0.0	5	So	L	e	201	76
latin	uncoupled	0.0	5	qokaI	W	quibus	201	74
latin	uncoupled	0.0	5	i	S	ui	199	118
latin	uncoupled	0.0	5	op	L	c	198	110
latin	uncoupled	0.0	5	Sol	W	exercitum	195	51
latin	uncoupled	0.0	5	qokaN	W	quod	190	72
latin	uncoupled	0.0	5	qokEdy	W	atque	189	105
latin	uncoupled	0.0	5	qokal	W	castris	187	41
latin	uncoupled	0.0	5	qokedy	W	caesar	185	62
latin	uncoupled	0.0	5	CE	L	s	178	98
latin	uncoupled	0.0	5	Sy	L	e	173	68
latin	uncoupled	0.0	5	eol	L	i	173	75
latin	uncoupled	0.0	5	q	L	s	173	71
latin	uncoupled	0.0	5	CEy	L	c	171	113
latin	uncoupled	0.0	5	Ceol	L	c	167	77
latin	uncoupled	0.0	5	daI	W	propter	165	148
latin	uncoupled	0.0	5	os	L	i	164	86
latin	uncoupled	0.0	5	qol	L	c	158	45
latin	uncoupled	0.0	5	lk	L	n	156	249
latin	uncoupled	0.0	5	qokEy	W	neque	149	134
latin	uncoupled	0.0	5	okaN	W	eorum	144	92
latin	uncoupled	0.0	5	okal	W	proelio	143	52
latin	uncoupled	0.0	5	m	L	t	138	80
latin	uncoupled	0.0	5	otal	L	c	130	48
latin	uncoupled	0.0	5	oky	L	x	129	44
latin	uncoupled	0.0	5	oty	L	x	127	48
latin	uncoupled	0.0	5	P	L	s	107	66
latin	uncoupled	0.0	5	n	L	t	86	37
latin	uncoupled	0.0	5	g	L	m	73	38
latin	uncoupled	0.0	5	F	L	e	35	13
latin	uncoupled	0.0	5	I	L	t	18	9
latin	uncoupled	0.0	5	x	L	m	14	11
latin	uncoupled	0.0	5	b	L	e	12	3
latin	uncoupled	0.0	5	j	N		7	3
latin	uncoupled	0.0	5	u	L	t	5	3
latin	uncoupled	0.0	5	c	L	l	4	1
latin	uncoupled	0.0	5	h	N		2	1
latin	uncoupled	0.0	5	z	N		2	1
latin	uncoupled	0.0	5	v	L	v	1	0
latin	coupled	0.1	0	ol	D	ii	1825	712
latin	coupled	0.1	0	y	S	ere	1554	554
latin	coupled	0.1	0	C	D	cc	1445	711
latin	coupled	0.1	0	ar	S	it	1423	766
latin	coupled	0.1	0	or	S	is	1322	535
latin	coupled	0.1	0	s	S	in	1322	486
latin	coupled	0.1	0	aN	S	ent	1169	556
latin	coupled	0.1	0	d	S	ar	1144	597
latin	coupled	0.1	0	o	D	ee	1126	609
latin	coupled	0.1	0	ok	S	su	1084	625
latin	coupled	0.1	0	ot	S	qu	1033	689
latin	coupled	0.1	0	k	D	ss	1025	478
latin	coupled	0.1	0	al	S	us	915	476
latin	coupled	0.1	0	S	S	di	910	439
latin	coupled	0.1	0	t	S	an	883	359
latin	coupled	0.1	0	Ce	S	no	866	609
latin	coupled	0.1	0	qok	S	pr	862	444
latin	coupled	0.1	0	daN	W	omnibus	844	387
latin	coupled	0.1	0	Cedy	S	que	732	448
latin	coupled	0.1	0	qot	S	er	727	353
latin	coupled	0.1	0	e	N		699	453
latin	coupled	0.1	0	Cy	S	at	671	212
latin	coupled	0.1	0	E	N		669	497
latin	coupled	0.1	0	l	S	ne	666	524
latin	coupled	0.1	0	ody	S	es	608	272
latin	coupled	0.1	0	dy	S	re	603	204
latin	coupled	0.1	0	aI	S	os	597	414
latin	coupled	0.1	0	p	S	de	572	338
latin	coupled	0.1	0	Se	S	vi	570	260
latin	coupled	0.1	0	Col	S	se	522	188
latin	coupled	0.1	0	Cey	S	et	521	264
latin	coupled	0.1	0	Ey	S	um	505	370
latin	coupled	0.1	0	ey	S	ae	498	259
latin	coupled	0.1	0	Edy	S	am	469	312
latin	coupled	0.1	0	edy	L	i	446	253
latin	coupled	0.1	0	od	S	st	445	222
latin	coupled	0.1	0	Sedy	L	a	418	173
latin	coupled	0.1	0	am	L	i	408	242
latin	coupled	0.1	0	olk	S	un	402	152
latin	coupled	0.1	0	yk	L	s	396	149
latin	coupled	0.1	0	Cor	L	a	376	100
latin	coupled	0.1	0	yt	L	s	375	90
latin	coupled	0.1	0	r	L	m	374	250
latin	coupled	0.1	0	qo	L	a	371	233
latin	coupled	0.1	0	Co	S	si	364	121
latin	coupled	0.1	0	dal	L	c	362	174
latin	coupled	0.1	0	T	S	tr	344	121
latin	coupled	0.1	0	dar	L	a	341	227
latin	coupled	0.1	0	Cdy	L	a	331	167
latin	coupled	0.1	0	a	N		278	128
latin	coupled	0.1	0	Ky	L	c	273	120
latin	coupled	0.1	0	ai	S	ci	264	143
latin	coupled	0.1	0	air	L	i	254	210
latin	coupled	0.1	0	Ty	L	t	251	74
latin	coupled	0.1	0	K	S	li	250	98
latin	coupled	0.1	0	Sey	L	a	236	148
latin	coupled	0.1	0	N	L	t	222	88
latin	coupled	0.1	0	f	N		220	104
latin	coupled	0.1	0	ky	L	s	204	69
latin	coupled	0.1	0	So	L	e	201	76
latin	coupled	0.1	0	qokaI	W	caesar	201	74
latin	coupled	0.1	0	i	S	ti	199	118
latin	coupled	0.1	0	op	L	e	198	110
latin	coupled	0.1	0	Sol	W	exercitum	195	51
latin	coupled	0.1	0	qokaN	W	quod	190	72
latin	coupled	0.1	0	qokEdy	W	atque	189	105
latin	coupled	0.1	0	qokal	W	castris	187	41
latin	coupled	0.1	0	qokedy	W	quibus	185	62
latin	coupled	0.1	0	CE	L	i	178	98
latin	coupled	0.1	0	Sy	L	e	173	68
latin	coupled	0.1	0	eol	L	i	173	75
latin	coupled	0.1	0	q	L	e	173	71
latin	coupled	0.1	0	CEy	L	c	171	113
latin	coupled	0.1	0	Ceol	L	c	167	77
latin	coupled	0.1	0	daI	W	propter	165	148
latin	coupled	0.1	0	os	L	s	164	86
latin	coupled	0.1	0	qol	L	c	158	45
latin	coupled	0.1	0	lk	L	s	156	249
latin	coupled	0.1	0	qokEy	W	neque	149	134
latin	coupled	0.1	0	okaN	W	eorum	144	92
latin	coupled	0.1	0	okal	W	proelio	143	52
latin	coupled	0.1	0	m	L	t	138	80
latin	coupled	0.1	0	otal	L	l	130	48
latin	coupled	0.1	0	oky	L	l	129	44
latin	coupled	0.1	0	oty	L	c	127	48
latin	coupled	0.1	0	P	L	s	107	66
latin	coupled	0.1	0	n	L	e	86	37
latin	coupled	0.1	0	g	L	i	73	38
latin	coupled	0.1	0	F	L	e	35	13
latin	coupled	0.1	0	I	L	t	18	9
latin	coupled	0.1	0	x	L	l	14	11
latin	coupled	0.1	0	b	L	n	12	3
latin	coupled	0.1	0	j	N		7	3
latin	coupled	0.1	0	u	L	d	5	3
latin	coupled	0.1	0	c	L	l	4	1
latin	coupled	0.1	0	h	N		2	1
latin	coupled	0.1	0	z	N		2	1
latin	coupled	0.1	0	v	L	m	1	0
latin	coupled	0.1	1	ol	D	ii	1825	712
latin	coupled	0.1	1	y	S	ere	1554	554
latin	coupled	0.1	1	C	D	cc	1445	711
latin	coupled	0.1	1	ar	S	is	1423	766
latin	coupled	0.1	1	or	S	que	1322	535
latin	coupled	0.1	1	s	S	in	1322	486
latin	coupled	0.1	1	aN	S	ent	1169	556
latin	coupled	0.1	1	d	S	re	1144	597
latin	coupled	0.1	1	o	D	ee	1126	609
latin	coupled	0.1	1	ok	S	su	1084	625
latin	coupled	0.1	1	ot	S	qu	1033	689
latin	coupled	0.1	1	k	D	ss	1025	478
latin	coupled	0.1	1	al	S	us	915	476
latin	coupled	0.1	1	S	S	di	910	439
latin	coupled	0.1	1	t	S	tr	883	359
latin	coupled	0.1	1	Ce	S	at	866	609
latin	coupled	0.1	1	qok	S	pr	862	444
latin	coupled	0.1	1	daN	W	omnibus	844	387
latin	coupled	0.1	1	Cedy	S	et	732	448
latin	coupled	0.1	1	qot	S	it	727	353
latin	coupled	0.1	1	e	N		699	453
latin	coupled	0.1	1	Cy	S	ae	671	212
latin	coupled	0.1	1	E	N		669	497
latin	coupled	0.1	1	l	S	de	666	524
latin	coupled	0.1	1	ody	S	os	608	272
latin	coupled	0.1	1	dy	S	ne	603	204
latin	coupled	0.1	1	aI	S	am	597	414
latin	coupled	0.1	1	p	S	er	572	338
latin	coupled	0.1	1	Se	S	vi	570	260
latin	coupled	0.1	1	Col	S	se	522	188
latin	coupled	0.1	1	Cey	S	si	521	264
latin	coupled	0.1	1	Ey	S	um	505	370
latin	coupled	0.1	1	ey	S	nt	498	259
latin	coupled	0.1	1	Edy	S	em	469	312
latin	coupled	0.1	1	edy	L	i	446	253
latin	coupled	0.1	1	od	S	ti	445	222
latin	coupled	0.1	1	Sedy	L	a	418	173
latin	coupled	0.1	1	am	L	i	408	242
latin	coupled	0.1	1	olk	S	un	402	152
latin	coupled	0.1	1	yk	L	s	396	149
latin	coupled	0.1	1	Cor	L	a	376	100
latin	coupled	0.1	1	yt	L	s	375	90
latin	coupled	0.1	1	r	L	s	374	250
latin	coupled	0.1	1	qo	L	s	371	233
latin	coupled	0.1	1	Co	S	an	364	121
latin	coupled	0.1	1	dal	L	a	362	174
latin	coupled	0.1	1	T	S	cu	344	121
latin	coupled	0.1	1	dar	L	a	341	227
latin	coupled	0.1	1	Cdy	L	e	331	167
latin	coupled	0.1	1	a	N		278	128
latin	coupled	0.1	1	Ky	L	c	273	120
latin	coupled	0.1	1	ai	S	ci	264	143
latin	coupled	0.1	1	air	L	i	254	210
latin	coupled	0.1	1	Ty	L	t	251	74
latin	coupled	0.1	1	K	S	ta	250	98
latin	coupled	0.1	1	Sey	L	a	236	148
latin	coupled	0.1	1	N	L	t	222	88
latin	coupled	0.1	1	f	N		220	104
latin	coupled	0.1	1	ky	L	t	204	69
latin	coupled	0.1	1	So	L	e	201	76
latin	coupled	0.1	1	qokaI	W	caesar	201	74
latin	coupled	0.1	1	i	S	te	199	118
latin	coupled	0.1	1	op	L	c	198	110
latin	coupled	0.1	1	Sol	W	exercitum	195	51
latin	coupled	0.1	1	qokaN	W	quod	190	72
latin	coupled	0.1	1	qokEdy	W	atque	189	105
latin	coupled	0.1	1	qokal	W	castris	187	41
latin	coupled	0.1	1	qokedy	W	quibus	185	62
latin	coupled	0.1	1	CE	L	e	178	98
latin	coupled	0.1	1	Sy	L	e	173	68
latin	coupled	0.1	1	eol	L	i	173	75
latin	coupled	0.1	1	q	L	e	173	71
latin	coupled	0.1	1	CEy	L	a	171	113
latin	coupled	0.1	1	Ceol	L	l	167	77
latin	coupled	0.1	1	daI	W	propter	165	148
latin	coupled	0.1	1	os	L	i	164	86
latin	coupled	0.1	1	qol	L	c	158	45
latin	coupled	0.1	1	lk	L	s	156	249
latin	coupled	0.1	1	qokEy	W	neque	149	134
latin	coupled	0.1	1	okaN	W	eorum	144	92
latin	coupled	0.1	1	okal	W	proelio	143	52
latin	coupled	0.1	1	m	L	t	138	80
latin	coupled	0.1	1	otal	L	c	130	48
latin	coupled	0.1	1	oky	L	c	129	44
latin	coupled	0.1	1	oty	L	c	127	48
latin	coupled	0.1	1	P	L	i	107	66
latin	coupled	0.1	1	n	L	s	86	37
latin	coupled	0.1	1	g	L	t	73	38
latin	coupled	0.1	1	F	L	e	35	13
latin	coupled	0.1	1	I	L	t	18	9
latin	coupled	0.1	1	x	L	l	14	11
latin	coupled	0.1	1	b	L	o	12	3
latin	coupled	0.1	1	j	N		7	3
latin	coupled	0.1	1	u	L	d	5	3
latin	coupled	0.1	1	c	L	l	4	1
latin	coupled	0.1	1	h	N		2	1
latin	coupled	0.1	1	z	N		2	1
latin	coupled	0.1	1	v	L	m	1	0
latin	coupled	0.1	2	ol	D	ii	1825	712
latin	coupled	0.1	2	y	S	que	1554	554
latin	coupled	0.1	2	C	D	cc	1445	711
latin	coupled	0.1	2	ar	S	is	1423	766
latin	coupled	0.1	2	or	S	ne	1322	535
latin	coupled	0.1	2	s	S	in	1322	486
latin	coupled	0.1	2	aN	S	ere	1169	556
latin	coupled	0.1	2	d	S	vi	1144	597
latin	coupled	0.1	2	o	D	ee	1126	609
latin	coupled	0.1	2	ok	S	su	1084	625
latin	coupled	0.1	2	ot	S	qu	1033	689
latin	coupled	0.1	2	k	D	ss	1025	478
latin	coupled	0.1	2	al	S	us	915	476
latin	coupled	0.1	2	S	S	de	910	439
latin	coupled	0.1	2	t	S	an	883	359
latin	coupled	0.1	2	Ce	S	di	866	609
latin	coupled	0.1	2	qok	S	tr	862	444
latin	coupled	0.1	2	daN	W	omnibus	844	387
latin	coupled	0.1	2	Cedy	S	et	732	448
latin	coupled	0.1	2	qot	S	it	727	353
latin	coupled	0.1	2	e	N		699	453
latin	coupled	0.1	2	Cy	S	am	671	212
latin	coupled	0.1	2	E	N		669	497
latin	coupled	0.1	2	l	S	co	666	524
latin	coupled	0.1	2	ody	S	ent	608	272
latin	coupled	0.1	2	dy	S	re	603	204
latin	coupled	0.1	2	aI	S	um	597	414
latin	coupled	0.1	2	p	S	er	572	338
latin	coupled	0.1	2	Se	S	mi	570	260
latin	coupled	0.1	2	Col	S	se	522	188
latin	coupled	0.1	2	Cey	S	at	521	264
latin	coupled	0.1	2	Ey	S	nt	505	370
latin	coupled	0.1	2	ey	S	ae	498	259
latin	coupled	0.1	2	Edy	S	os	469	312
latin	coupled	0.1	2	edy	L	i	446	253
latin	coupled	0.1	2	od	S	ti	445	222
latin	coupled	0.1	2	Sedy	L	a	418	173
latin	coupled	0.1	2	am	L	i	408	242
latin	coupled	0.1	2	olk	S	un	402	152
latin	coupled	0.1	2	yk	L	i	396	149
latin	coupled	0.1	2	Cor	L	a	376	100
latin	coupled	0.1	2	yt	L	s	375	90
latin	coupled	0.1	2	r	L	a	374	250
latin	coupled	0.1	2	qo	L	s	371	233
latin	coupled	0.1	2	Co	S	si	364	121
latin	coupled	0.1	2	dal	L	a	362	174
latin	coupled	0.1	2	T	S	cu	344	121
latin	coupled	0.1	2	dar	L	a	341	227
latin	coupled	0.1	2	Cdy	L	a	331	167
latin	coupled	0.1	2	a	N		278	128
latin	coupled	0.1	2	Ky	L	c	273	120
latin	coupled	0.1	2	ai	S	ra	264	143
latin	coupled	0.1	2	air	L	i	254	210
latin	coupled	0.1	2	Ty	L	t	251	74
latin	coupled	0.1	2	K	S	li	250	98
latin	coupled	0.1	2	Sey	L	m	236	148
latin	coupled	0.1	2	N	L	t	222	88
latin	coupled	0.1	2	f	N		220	104
latin	coupled	0.1	2	ky	L	s	204	69
latin	coupled	0.1	2	So	L	e	201	76
latin	coupled	0.1	2	qokaI	W	caesar	201	74
latin	coupled	0.1	2	i	S	ri	199	118
latin	coupled	0.1	2	op	L	c	198	110
latin	coupled	0.1	2	Sol	W	exercitum	195	51
latin	coupled	0.1	2	qokaN	W	quod	190	72
latin	coupled	0.1	2	qokEdy	W	atque	189	105
latin	coupled	0.1	2	qokal	W	castris	187	41
latin	coupled	0.1	2	qokedy	W	quibus	185	62
latin	coupled	0.1	2	CE	L	e	178	98
latin	coupled	0.1	2	Sy	L	e	173	68
latin	coupled	0.1	2	eol	L	i	173	75
latin	coupled	0.1	2	q	L	e	173	71
latin	coupled	0.1	2	CEy	L	m	171	113
latin	coupled	0.1	2	Ceol	L	e	167	77
latin	coupled	0.1	2	daI	W	propter	165	148
latin	coupled	0.1	2	os	L	s	164	86
latin	coupled	0.1	2	qol	L	l	158	45
latin	coupled	0.1	2	lk	L	c	156	249
latin	coupled	0.1	2	qokEy	W	neque	149	134
latin	coupled	0.1	2	okaN	W	eorum	144	92
latin	coupled	0.1	2	okal	W	proelio	143	52
latin	coupled	0.1	2	m	L	t	138	80
latin	coupled	0.1	2	otal	L	c	130	48
latin	coupled	0.1	2	oky	L	c	129	44
latin	coupled	0.1	2	oty	L	c	127	48
latin	coupled	0.1	2	P	L	i	107	66
latin	coupled	0.1	2	n	L	s	86	37
latin	coupled	0.1	2	g	L	t	73	38
latin	coupled	0.1	2	F	L	e	35	13
latin	coupled	0.1	2	I	L	t	18	9
latin	coupled	0.1	2	x	L	m	14	11
latin	coupled	0.1	2	b	L	n	12	3
latin	coupled	0.1	2	j	N		7	3
latin	coupled	0.1	2	u	L	d	5	3
latin	coupled	0.1	2	c	L	l	4	1
latin	coupled	0.1	2	h	N		2	1
latin	coupled	0.1	2	z	N		2	1
latin	coupled	0.1	2	v	L	m	1	0
latin	coupled	0.1	3	ol	D	ii	1825	712
latin	coupled	0.1	3	y	S	que	1554	554
latin	coupled	0.1	3	C	D	cc	1445	711
latin	coupled	0.1	3	ar	S	is	1423	766
latin	coupled	0.1	3	or	S	ere	1322	535
latin	coupled	0.1	3	s	S	re	1322	486
latin	coupled	0.1	3	aN	S	ent	1169	556
latin	coupled	0.1	3	d	S	it	1144	597
latin	coupled	0.1	3	o	D	ee	1126	609
latin	coupled	0.1	3	ok	S	su	1084	625
latin	coupled	0.1	3	ot	S	qu	1033	689
latin	coupled	0.1	3	k	D	ss	1025	478
latin	coupled	0.1	3	al	S	us	915	476
latin	coupled	0.1	3	S	S	in	910	439
latin	coupled	0.1	3	t	S	an	883	359
latin	coupled	0.1	3	Ce	S	di	866	609
latin	coupled	0.1	3	qok	S	pr	862	444
latin	coupled	0.1	3	daN	W	omnibus	844	387
latin	coupled	0.1	3	Cedy	S	et	732	448
latin	coupled	0.1	3	qot	S	tr	727	353
latin	coupled	0.1	3	e	N		699	453
latin	coupled	0.1	3	Cy	S	at	671	212
latin	coupled	0.1	3	E	N		669	497
latin	coupled	0.1	3	l	S	de	666	524
latin	coupled	0.1	3	ody	S	es	608	272
latin	coupled	0.1	3	dy	S	si	603	204
latin	coupled	0.1	3	aI	S	am	597	414
latin	coupled	0.1	3	p	S	ar	572	338
latin	coupled	0.1	3	Se	S	vi	570	260
latin	coupled	0.1	3	Col	S	se	522	188
latin	coupled	0.1	3	Cey	S	ne	521	264
latin	coupled	0.1	3	Ey	S	um	505	370
latin	coupled	0.1	3	ey	S	ae	498	259
latin	coupled	0.1	3	Edy	S	os	469	312
latin	coupled	0.1	3	edy	L	i	446	253
latin	coupled	0.1	3	od	S	ci	445	222
latin	coupled	0.1	3	Sedy	L	a	418	173
latin	coupled	0.1	3	am	L	i	408	242
latin	coupled	0.1	3	olk	S	er	402	152
latin	coupled	0.1	3	yk	L	s	396	149
latin	coupled	0.1	3	Cor	L	a	376	100
latin	coupled	0.1	3	yt	L	s	375	90
latin	coupled	0.1	3	r	L	s	374	250
latin	coupled	0.1	3	qo	L	e	371	233
latin	coupled	0.1	3	Co	S	ma	364	121
latin	coupled	0.1	3	dal	L	a	362	174
latin	coupled	0.1	3	T	S	li	344	121
latin	coupled	0.1	3	dar	L	a	341	227
latin	coupled	0.1	3	Cdy	L	a	331	167
latin	coupled	0.1	3	a	N		278	128
latin	coupled	0.1	3	Ky	L	t	273	120
latin	coupled	0.1	3	ai	S	ra	264	143
latin	coupled	0.1	3	air	L	i	254	210
latin	coupled	0.1	3	Ty	L	t	251	74
latin	coupled	0.1	3	K	S	st	250	98
latin	coupled	0.1	3	Sey	L	a	236	148
latin	coupled	0.1	3	N	L	t	222	88
latin	coupled	0.1	3	f	N		220	104
latin	coupled	0.1	3	ky	L	s	204	69
latin	coupled	0.1	3	So	L	e	201	76
latin	coupled	0.1	3	qokaI	W	caesar	201	74
latin	coupled	0.1	3	i	S	ti	199	118
latin	coupled	0.1	3	op	L	c	198	110
latin	coupled	0.1	3	Sol	W	exercitum	195	51
latin	coupled	0.1	3	qokaN	W	quod	190	72
latin	coupled	0.1	3	qokEdy	W	atque	189	105
latin	coupled	0.1	3	qokal	W	castris	187	41
latin	coupled	0.1	3	qokedy	W	quibus	185	62
latin	coupled	0.1	3	CE	L	i	178	98
latin	coupled	0.1	3	Sy	L	e	173	68
latin	coupled	0.1	3	eol	L	i	173	75
latin	coupled	0.1	3	q	L	c	173	71
latin	coupled	0.1	3	CEy	L	c	171	113
latin	coupled	0.1	3	Ceol	L	c	167	77
latin	coupled	0.1	3	daI	W	propter	165	148
latin	coupled	0.1	3	os	L	i	164	86
latin	coupled	0.1	3	qol	L	c	158	45
latin	coupled	0.1	3	lk	L	s	156	249
latin	coupled	0.1	3	qokEy	W	neque	149	134
latin	coupled	0.1	3	okaN	W	eorum	144	92
latin	coupled	0.1	3	okal	W	proelio	143	52
latin	coupled	0.1	3	m	L	t	138	80
latin	coupled	0.1	3	otal	L	e	130	48
latin	coupled	0.1	3	oky	L	c	129	44
latin	coupled	0.1	3	oty	L	l	127	48
latin	coupled	0.1	3	P	L	s	107	66
latin	coupled	0.1	3	n	L	t	86	37
latin	coupled	0.1	3	g	L	t	73	38
latin	coupled	0.1	3	F	L	e	35	13
latin	coupled	0.1	3	I	L	u	18	9
latin	coupled	0.1	3	x	L	e	14	11
latin	coupled	0.1	3	b	L	n	12	3
latin	coupled	0.1	3	j	N		7	3
latin	coupled	0.1	3	u	L	d	5	3
latin	coupled	0.1	3	c	L	l	4	1
latin	coupled	0.1	3	h	N		2	1
latin	coupled	0.1	3	z	N		2	1
latin	coupled	0.1	3	v	L	m	1	0
latin	coupled	0.1	4	ol	D	ii	1825	712
latin	coupled	0.1	4	y	S	ere	1554	554
latin	coupled	0.1	4	C	D	cc	1445	711
latin	coupled	0.1	4	ar	S	is	1423	766
latin	coupled	0.1	4	or	S	que	1322	535
latin	coupled	0.1	4	s	S	in	1322	486
latin	coupled	0.1	4	aN	S	re	1169	556
latin	coupled	0.1	4	d	S	no	1144	597
latin	coupled	0.1	4	o	D	ee	1126	609
latin	coupled	0.1	4	ok	S	su	1084	625
latin	coupled	0.1	4	ot	S	vi	1033	689
latin	coupled	0.1	4	k	D	xx	1025	478
latin	coupled	0.1	4	al	S	it	915	476
latin	coupled	0.1	4	S	S	at	910	439
latin	coupled	0.1	4	t	S	tr	883	359
latin	coupled	0.1	4	Ce	S	an	866	609
latin	coupled	0.1	4	qok	S	di	862	444
latin	coupled	0.1	4	daN	W	omnibus	844	387
latin	coupled	0.1	4	Cedy	S	et	732	448
latin	coupled	0.1	4	qot	S	qu	727	353
latin	coupled	0.1	4	e	N		699	453
latin	coupled	0.1	4	Cy	S	es	671	212
latin	coupled	0.1	4	E	N		669	497
latin	coupled	0.1	4	l	S	pr	666	524
latin	coupled	0.1	4	ody	S	ent	608	272
latin	coupled	0.1	4	dy	S	si	603	204
latin	coupled	0.1	4	aI	S	ae	597	414
latin	coupled	0.1	4	p	S	er	572	338
latin	coupled	0.1	4	Se	S	de	570	260
latin	coupled	0.1	4	Col	S	se	522	188
latin	coupled	0.1	4	Cey	S	ne	521	264
latin	coupled	0.1	4	Ey	S	os	505	370
latin	coupled	0.1	4	ey	S	um	498	259
latin	coupled	0.1	4	Edy	S	am	469	312
latin	coupled	0.1	4	edy	L	i	446	253
latin	coupled	0.1	4	od	S	ti	445	222
latin	coupled	0.1	4	Sedy	L	a	418	173
latin	coupled	0.1	4	am	L	s	408	242
latin	coupled	0.1	4	olk	S	un	402	152
latin	coupled	0.1	4	yk	L	e	396	149
latin	coupled	0.1	4	Cor	L	a	376	100
latin	coupled	0.1	4	yt	L	i	375	90
latin	coupled	0.1	4	r	L	a	374	250
latin	coupled	0.1	4	qo	L	p	371	233
latin	coupled	0.1	4	Co	S	ra	364	121
latin	coupled	0.1	4	dal	L	a	362	174
latin	coupled	0.1	4	T	S	us	344	121
latin	coupled	0.1	4	dar	L	a	341	227
latin	coupled	0.1	4	Cdy	L	e	331	167
latin	coupled	0.1	4	a	N		278	128
latin	coupled	0.1	4	Ky	L	t	273	120
latin	coupled	0.1	4	ai	S	st	264	143
latin	coupled	0.1	4	air	L	s	254	210
latin	coupled	0.1	4	Ty	L	t	251	74
latin	coupled	0.1	4	K	S	li	250	98
latin	coupled	0.1	4	Sey	L	a	236	148
latin	coupled	0.1	4	N	L	i	222	88
latin	coupled	0.1	4	f	N		220	104
latin	coupled	0.1	4	ky	L	t	204	69
latin	coupled	0.1	4	So	L	e	201	76
latin	coupled	0.1	4	qokaI	W	caesar	201	74
latin	coupled	0.1	4	i	S	im	199	118
latin	coupled	0.1	4	op	L	d	198	110
latin	coupled	0.1	4	Sol	W	exercitum	195	51
latin	coupled	0.1	4	qokaN	W	quod	190	72
latin	coupled	0.1	4	qokEdy	W	atque	189	105
latin	coupled	0.1	4	qokal	W	castris	187	41
latin	coupled	0.1	4	qokedy	W	quibus	185	62
latin	coupled	0.1	4	CE	L	e	178	98
latin	coupled	0.1	4	Sy	L	m	173	68
latin	coupled	0.1	4	eol	L	i	173	75
latin	coupled	0.1	4	q	L	e	173	71
latin	coupled	0.1	4	CEy	L	c	171	113
latin	coupled	0.1	4	Ceol	L	c	167	77
latin	coupled	0.1	4	daI	W	propter	165	148
latin	coupled	0.1	4	os	L	i	164	86
latin	coupled	0.1	4	qol	L	c	158	45
latin	coupled	0.1	4	lk	L	i	156	249
latin	coupled	0.1	4	qokEy	W	neque	149	134
latin	coupled	0.1	4	okaN	W	eorum	144	92
latin	coupled	0.1	4	okal	W	proelio	143	52
latin	coupled	0.1	4	m	L	t	138	80
latin	coupled	0.1	4	otal	L	c	130	48
latin	coupled	0.1	4	oky	L	c	129	44
latin	coupled	0.1	4	oty	L	c	127	48
latin	coupled	0.1	4	P	L	t	107	66
latin	coupled	0.1	4	n	L	s	86	37
latin	coupled	0.1	4	g	L	s	73	38
latin	coupled	0.1	4	F	L	p	35	13
latin	coupled	0.1	4	I	L	t	18	9
latin	coupled	0.1	4	x	L	e	14	11
latin	coupled	0.1	4	b	L	o	12	3
latin	coupled	0.1	4	j	N		7	3
latin	coupled	0.1	4	u	L	d	5	3
latin	coupled	0.1	4	c	L	l	4	1
latin	coupled	0.1	4	h	N		2	1
latin	coupled	0.1	4	z	N		2	1
latin	coupled	0.1	4	v	L	m	1	0
latin	coupled	0.1	5	ol	D	ii	1825	712
latin	coupled	0.1	5	y	S	que	1554	554
latin	coupled	0.1	5	C	D	cc	1445	711
latin	coupled	0.1	5	ar	S	is	1423	766
latin	coupled	0.1	5	or	S	ent	1322	535
latin	coupled	0.1	5	s	S	in	1322	486
latin	coupled	0.1	5	aN	S	ere	1169	556
latin	coupled	0.1	5	d	S	re	1144	597
latin	coupled	0.1	5	o	D	ee	1126	609
latin	coupled	0.1	5	ok	S	qu	1084	625
latin	coupled	0.1	5	ot	S	su	1033	689
latin	coupled	0.1	5	k	D	xx	1025	478
latin	coupled	0.1	5	al	S	us	915	476
latin	coupled	0.1	5	S	S	di	910	439
latin	coupled	0.1	5	t	S	an	883	359
latin	coupled	0.1	5	Ce	S	ar	866	609
latin	coupled	0.1	5	qok	S	pr	862	444
latin	coupled	0.1	5	daN	W	omnibus	844	387
latin	coupled	0.1	5	Cedy	S	et	732	448
latin	coupled	0.1	5	qot	S	tr	727	353
latin	coupled	0.1	5	e	N		699	453
latin	coupled	0.1	5	Cy	S	it	671	212
latin	coupled	0.1	5	E	N		669	497
latin	coupled	0.1	5	l	S	de	666	524
latin	coupled	0.1	5	ody	S	es	608	272
latin	coupled	0.1	5	dy	S	ne	603	204
latin	coupled	0.1	5	aI	S	os	597	414
latin	coupled	0.1	5	p	S	er	572	338
latin	coupled	0.1	5	Se	S	vi	570	260
latin	coupled	0.1	5	Col	S	se	522	188
latin	coupled	0.1	5	Cey	S	si	521	264
latin	coupled	0.1	5	Ey	S	um	505	370
latin	coupled	0.1	5	ey	S	ae	498	259
latin	coupled	0.1	5	Edy	S	am	469	312
latin	coupled	0.1	5	edy	L	i	446	253
latin	coupled	0.1	5	od	S	at	445	222
latin	coupled	0.1	5	Sedy	L	a	418	173
latin	coupled	0.1	5	am	L	i	408	242
latin	coupled	0.1	5	olk	S	un	402	152
latin	coupled	0.1	5	yk	L	s	396	149
latin	coupled	0.1	5	Cor	L	a	376	100
latin	coupled	0.1	5	yt	L	s	375	90
latin	coupled	0.1	5	r	L	c	374	250
latin	coupled	0.1	5	qo	L	s	371	233
latin	coupled	0.1	5	Co	S	ca	364	121
latin	coupled	0.1	5	dal	L	a	362	174
latin	coupled	0.1	5	T	S	st	344	121
latin	coupled	0.1	5	dar	L	a	341	227
latin	coupled	0.1	5	Cdy	L	a	331	167
latin	coupled	0.1	5	a	N		278	128
latin	coupled	0.1	5	Ky	L	e	273	120
latin	coupled	0.1	5	ai	S	ra	264	143
latin	coupled	0.1	5	air	L	i	254	210
latin	coupled	0.1	5	Ty	L	t	251	74
latin	coupled	0.1	5	K	S	ti	250	98
latin	coupled	0.1	5	Sey	L	a	236	148
latin	coupled	0.1	5	N	L	t	222	88
latin	coupled	0.1	5	f	N		220	104
latin	coupled	0.1	5	ky	L	i	204	69
latin	coupled	0.1	5	So	L	e	201	76
latin	coupled	0.1	5	qokaI	W	caesar	201	74
latin	coupled	0.1	5	i	S	ui	199	118
latin	coupled	0.1	5	op	L	c	198	110
latin	coupled	0.1	5	Sol	W	exercitum	195	51
latin	coupled	0.1	5	qokaN	W	quod	190	72
latin	coupled	0.1	5	qokEdy	W	atque	189	105
latin	coupled	0.1	5	qokal	W	castris	187	41
latin	coupled	0.1	5	qokedy	W	quibus	185	62
latin	coupled	0.1	5	CE	L	s	178	98
latin	coupled	0.1	5	Sy	L	e	173	68
latin	coupled	0.1	5	eol	L	i	173	75
latin	coupled	0.1	5	q	L	s	173	71
latin	coupled	0.1	5	CEy	L	c	171	113
latin	coupled	0.1	5	Ceol	L	c	167	77
latin	coupled	0.1	5	daI	W	propter	165	148
latin	coupled	0.1	5	os	L	i	164	86
latin	coupled	0.1	5	qol	L	c	158	45
latin	coupled	0.1	5	lk	L	s	156	249
latin	coupled	0.1	5	qokEy	W	neque	149	134
latin	coupled	0.1	5	okaN	W	eorum	144	92
latin	coupled	0.1	5	okal	W	proelio	143	52
latin	coupled	0.1	5	m	L	t	138	80
latin	coupled	0.1	5	otal	L	c	130	48
latin	coupled	0.1	5	oky	L	x	129	44
latin	coupled	0.1	5	oty	L	x	127	48
latin	coupled	0.1	5	P	L	m	107	66
latin	coupled	0.1	5	n	L	t	86	37
latin	coupled	0.1	5	g	L	t	73	38
latin	coupled	0.1	5	F	L	e	35	13
latin	coupled	0.1	5	I	L	t	18	9
latin	coupled	0.1	5	x	L	e	14	11
latin	coupled	0.1	5	b	L	e	12	3
latin	coupled	0.1	5	j	N		7	3
latin	coupled	0.1	5	u	L	d	5	3
latin	coupled	0.1	5	c	L	l	4	1
latin	coupled	0.1	5	h	N		2	1
latin	coupled	0.1	5	z	N		2	1
latin	coupled	0.1	5	v	L	m	1	0
old_italian	uncoupled	0.0	0	ol	D	ii	1825	712
old_italian	uncoupled	0.0	0	y	S	per	1554	554
old_italian	uncoupled	0.0	0	C	D	nn	1445	711
old_italian	uncoupled	0.0	0	ar	S	ne	1423	766
old_italian	uncoupled	0.0	0	or	S	di	1322	535
old_italian	uncoupled	0.0	0	s	S	se	1322	486
old_italian	uncoupled	0.0	0	aN	S	te	1169	556
old_italian	uncoupled	0.0	0	d	S	no	1144	597
old_italian	uncoupled	0.0	0	o	D	tt	1126	609
old_italian	uncoupled	0.0	0	ok	S	pe	1084	625
old_italian	uncoupled	0.0	0	ot	S	ma	1033	689
old_italian	uncoupled	0.0	0	k	D	ee	1025	478
old_italian	uncoupled	0.0	0	al	S	me	915	476
old_italian	uncoupled	0.0	0	S	S	in	910	439
old_italian	uncoupled	0.0	0	t	S	ca	883	359
old_italian	uncoupled	0.0	0	Ce	S	ci	866	609
old_italian	uncoupled	0.0	0	qok	S	so	862	444
old_italian	uncoupled	0.0	0	daN	W	quando	844	387
old_italian	uncoupled	0.0	0	Cedy	S	che	732	448
old_italian	uncoupled	0.0	0	qot	S	co	727	353
old_italian	uncoupled	0.0	0	e	N		699	453
old_italian	uncoupled	0.0	0	Cy	S	le	671	212
old_italian	uncoupled	0.0	0	E	N		669	497
old_italian	uncoupled	0.0	0	l	S	al	666	524
old_italian	uncoupled	0.0	0	ody	S	to	608	272
old_italian	uncoupled	0.0	0	dy	S	si	603	204
old_italian	uncoupled	0.0	0	aI	S	re	597	414
old_italian	uncoupled	0.0	0	p	S	an	572	338
old_italian	uncoupled	0.0	0	Se	S	vi	570	260
old_italian	uncoupled	0.0	0	Col	S	la	522	188
old_italian	uncoupled	0.0	0	Cey	S	li	521	264
old_italian	uncoupled	0.0	0	Ey	S	na	505	370
old_italian	uncoupled	0.0	0	ey	S	ro	498	259
old_italian	uncoupled	0.0	0	Edy	S	ta	469	312
old_italian	uncoupled	0.0	0	edy	L	r	446	253
old_italian	uncoupled	0.0	0	od	S	ti	445	222
old_italian	uncoupled	0.0	0	Sedy	L	e	418	173
old_italian	uncoupled	0.0	0	am	L	l	408	242
old_italian	uncoupled	0.0	0	olk	S	da	402	152
old_italian	uncoupled	0.0	0	yk	L	a	396	149
old_italian	uncoupled	0.0	0	Cor	L	l	376	100
old_italian	uncoupled	0.0	0	yt	L	a	375	90
old_italian	uncoupled	0.0	0	r	L	a	374	250
old_italian	uncoupled	0.0	0	qo	L	s	371	233
old_italian	uncoupled	0.0	0	Co	S	mi	364	121
old_italian	uncoupled	0.0	0	dal	L	a	362	174
old_italian	uncoupled	0.0	0	T	S	ve	344	121
old_italian	uncoupled	0.0	0	dar	L	e	341	227
old_italian	uncoupled	0.0	0	Cdy	L	l	331	167
old_italian	uncoupled	0.0	0	a	N		278	128
old_italian	uncoupled	0.0	0	Ky	L	o	273	120
old_italian	uncoupled	0.0	0	ai	S	st	264	143
old_italian	uncoupled	0.0	0	air	L	n	254	210
old_italian	uncoupled	0.0	0	Ty	L	a	251	74
old_italian	uncoupled	0.0	0	K	S	ar	250	98
old_italian	uncoupled	0.0	0	Sey	L	e	236	148
old_italian	uncoupled	0.0	0	N	L	o	222	88
old_italian	uncoupled	0.0	0	f	N		220	104
old_italian	uncoupled	0.0	0	ky	L	o	204	69
old_italian	uncoupled	0.0	0	So	L	l	201	76
old_italian	uncoupled	0.0	0	qokaI	W	che	201	74
old_italian	uncoupled	0.0	0	i	S	en	199	118
old_italian	uncoupled	0.0	0	op	L	a	198	110
old_italian	uncoupled	0.0	0	Sol	W	altro	195	51
old_italian	uncoupled	0.0	0	qokaN	W	non	190	72
old_italian	uncoupled	0.0	0	qokEdy	W	quella	189	105
old_italian	uncoupled	0.0	0	qokal	W	come	187	41
old_italian	uncoupled	0.0	0	qokedy	W	disse	185	62
old_italian	uncoupled	0.0	0	CE	L	i	178	98
old_italian	uncoupled	0.0	0	Sy	L	l	173	68
old_italian	uncoupled	0.0	0	eol	L	r	173	75
old_italian	uncoupled	0.0	0	q	L	i	173	71
old_italian	uncoupled	0.0	0	CEy	L	e	171	113
old_italian	uncoupled	0.0	0	Ceol	L	e	167	77
old_italian	uncoupled	0.0	0	daI	W	perche	165	148
old_italian	uncoupled	0.0	0	os	L	o	164	86
old_italian	uncoupled	0.0	0	qol	L	l	158	45
old_italian	uncoupled	0.0	0	lk	L	i	156	249
old_italian	uncoupled	0.0	0	qokEy	W	per	149	134
old_italian	uncoupled	0.0	0	okaN	W	tutto	144	92
old_italian	uncoupled	0.0	0	okal	W	la	143	52
old_italian	uncoupled	0.0	0	m	L	o	138	80
old_italian	uncoupled	0.0	0	otal	L	s	130	48
old_italian	uncoupled	0.0	0	oky	L	i	129	44
old_italian	uncoupled	0.0	0	oty	L	e	127	48
old_italian	uncoupled	0.0	0	P	L	o	107	66
old_italian	uncoupled	0.0	0	n	L	n	86	37
old_italian	uncoupled	0.0	0	g	L	n	73	38
old_italian	uncoupled	0.0	0	F	L	s	35	13
old_italian	uncoupled	0.0	0	I	L	i	18	9
old_italian	uncoupled	0.0	0	x	L	i	14	11
old_italian	uncoupled	0.0	0	b	L	n	12	3
old_italian	uncoupled	0.0	0	j	N		7	3
old_italian	uncoupled	0.0	0	u	L	s	5	3
old_italian	uncoupled	0.0	0	c	L	s	4	1
old_italian	uncoupled	0.0	0	h	N		2	1
old_italian	uncoupled	0.0	0	z	N		2	1
old_italian	uncoupled	0.0	0	v	L	y	1	0
old_italian	uncoupled	0.0	1	ol	D	ii	1825	712
old_italian	uncoupled	0.0	1	y	S	si	1554	554
old_italian	uncoupled	0.0	1	C	D	nn	1445	711
old_italian	uncoupled	0.0	1	ar	S	se	1423	766
old_italian	uncoupled	0.0	1	or	S	te	1322	535
old_italian	uncoupled	0.0	1	s	S	per	1322	486
old_italian	uncoupled	0.0	1	aN	S	ti	1169	556
old_italian	uncoupled	0.0	1	d	S	de	1144	597
old_italian	uncoupled	0.0	1	o	D	ee	1126	609
old_italian	uncoupled	0.0	1	ok	S	co	1084	625
old_italian	uncoupled	0.0	1	ot	S	ma	1033	689
old_italian	uncoupled	0.0	1	k	D	aa	1025	478
old_italian	uncoupled	0.0	1	al	S	ne	915	476
old_italian	uncoupled	0.0	1	S	S	er	910	439
old_italian	uncoupled	0.0	1	t	S	al	883	359
old_italian	uncoupled	0.0	1	Ce	S	or	866	609
old_italian	uncoupled	0.0	1	qok	S	di	862	444
old_italian	uncoupled	0.0	1	daN	W	quando	844	387
old_italian	uncoupled	0.0	1	Cedy	S	che	732	448
old_italian	uncoupled	0.0	1	qot	S	po	727	353
old_italian	uncoupled	0.0	1	e	N		699	453
old_italian	uncoupled	0.0	1	Cy	S	le	671	212
old_italian	uncoupled	0.0	1	E	N		669	497
old_italian	uncoupled	0.0	1	l	S	ri	666	524
old_italian	uncoupled	0.0	1	ody	S	ta	608	272
old_italian	uncoupled	0.0	1	dy	S	mi	603	204
old_italian	uncoupled	0.0	1	aI	S	no	597	414
old_italian	uncoupled	0.0	1	p	S	an	572	338
old_italian	uncoupled	0.0	1	Se	S	vi	570	260
old_italian	uncoupled	0.0	1	Col	S	la	522	188
old_italian	uncoupled	0.0	1	Cey	S	li	521	264
old_italian	uncoupled	0.0	1	Ey	S	ra	505	370
old_italian	uncoupled	0.0	1	ey	S	re	498	259
old_italian	uncoupled	0.0	1	Edy	S	to	469	312
old_italian	uncoupled	0.0	1	edy	L	i	446	253
old_italian	uncoupled	0.0	1	od	S	mo	445	222
old_italian	uncoupled	0.0	1	Sedy	L	e	418	173
old_italian	uncoupled	0.0	1	am	L	i	408	242
old_italian	uncoupled	0.0	1	olk	S	ca	402	152
old_italian	uncoupled	0.0	1	yk	L	e	396	149
old_italian	uncoupled	0.0	1	Cor	L	e	376	100
old_italian	uncoupled	0.0	1	yt	L	s	375	90
old_italian	uncoupled	0.0	1	r	L	e	374	250
old_italian	uncoupled	0.0	1	qo	L	s	371	233
old_italian	uncoupled	0.0	1	Co	S	ci	364	121
old_italian	uncoupled	0.0	1	dal	L	a	362	174
old_italian	uncoupled	0.0	1	T	S	me	344	121
old_italian	uncoupled	0.0	1	dar	L	e	341	227
old_italian	uncoupled	0.0	1	Cdy	L	l	331	167
old_italian	uncoupled	0.0	1	a	N		278	128
old_italian	uncoupled	0.0	1	Ky	L	a	273	120
old_italian	uncoupled	0.0	1	ai	S	st	264	143
old_italian	uncoupled	0.0	1	air	L	i	254	210
old_italian	uncoupled	0.0	1	Ty	L	a	251	74
old_italian	uncoupled	0.0	1	K	S	ar	250	98
old_italian	uncoupled	0.0	1	Sey	L	l	236	148
old_italian	uncoupled	0.0	1	N	L	o	222	88
old_italian	uncoupled	0.0	1	f	N		220	104
old_italian	uncoupled	0.0	1	ky	L	a	204	69
old_italian	uncoupled	0.0	1	So	L	l	201	76
old_italian	uncoupled	0.0	1	qokaI	W	non	201	74
old_italian	uncoupled	0.0	1	i	S	es	199	118
old_italian	uncoupled	0.0	1	op	L	s	198	110
old_italian	uncoupled	0.0	1	Sol	W	perche	195	51
old_italian	uncoupled	0.0	1	qokaN	W	che	190	72
old_italian	uncoupled	0.0	1	qokEdy	W	disse	189	105
old_italian	uncoupled	0.0	1	qokal	W	quella	187	41
old_italian	uncoupled	0.0	1	qokedy	W	per	185	62
old_italian	uncoupled	0.0	1	CE	L	s	178	98
old_italian	uncoupled	0.0	1	Sy	L	l	173	68
old_italian	uncoupled	0.0	1	eol	L	n	173	75
old_italian	uncoupled	0.0	1	q	L	s	173	71
old_italian	uncoupled	0.0	1	CEy	L	l	171	113
old_italian	uncoupled	0.0	1	Ceol	L	e	167	77
old_italian	uncoupled	0.0	1	daI	W	altro	165	148
old_italian	uncoupled	0.0	1	os	L	i	164	86
old_italian	uncoupled	0.0	1	qol	L	a	158	45
old_italian	uncoupled	0.0	1	lk	L	s	156	249
old_italian	uncoupled	0.0	1	qokEy	W	come	149	134
old_italian	uncoupled	0.0	1	okaN	W	tutto	144	92
old_italian	uncoupled	0.0	1	okal	W	quel	143	52
old_italian	uncoupled	0.0	1	m	L	o	138	80
old_italian	uncoupled	0.0	1	otal	L	l	130	48
old_italian	uncoupled	0.0	1	oky	L	i	129	44
old_italian	uncoupled	0.0	1	oty	L	a	127	48
old_italian	uncoupled	0.0	1	P	L	i	107	66
old_italian	uncoupled	0.0	1	n	L	o	86	37
old_italian	uncoupled	0.0	1	g	L	o	73	38
old_italian	uncoupled	0.0	1	F	L	o	35	13
old_italian	uncoupled	0.0	1	I	L	t	18	9
old_italian	uncoupled	0.0	1	x	L	n	14	11
old_italian	uncoupled	0.0	1	b	L	o	12	3
old_italian	uncoupled	0.0	1	j	N		7	3
old_italian	uncoupled	0.0	1	u	L	r	5	3
old_italian	uncoupled	0.0	1	c	L	d	4	1
old_italian	uncoupled	0.0	1	h	N		2	1
old_italian	uncoupled	0.0	1	z	N		2	1
old_italian	uncoupled	0.0	1	v	L	n	1	0
old_italian	uncoupled	0.0	2	ol	D	ii	1825	712
old_italian	uncoupled	0.0	2	y	S	te	1554	554
old_italian	uncoupled	0.0	2	C	D	nn	1445	711
old_italian	uncoupled	0.0	2	ar	S	la	1423	766
old_italian	uncoupled	0.0	2	or	S	se	1322	535
old_italian	uncoupled	0.0	2	s	S	ma	1322	486
old_italian	uncoupled	0.0	2	aN	S	ne	1169	556
old_italian	uncoupled	0.0	2	d	S	per	1144	597
old_italian	uncoupled	0.0	2	o	D	ee	1126	609
old_italian	uncoupled	0.0	2	ok	S	ca	1084	625
old_italian	uncoupled	0.0	2	ot	S	so	1033	689
old_italian	uncoupled	0.0	2	k	D	aa	1025	478
old_italian	uncoupled	0.0	2	al	S	re	915	476
old_italian	uncoupled	0.0	2	S	S	in	910	439
old_italian	uncoupled	0.0	2	t	S	ta	883	359
old_italian	uncoupled	0.0	2	Ce	S	or	866	609
old_italian	uncoupled	0.0	2	qok	S	co	862	444
old_italian	uncoupled	0.0	2	daN	W	quando	844	387
old_italian	uncoupled	0.0	2	Cedy	S	le	732	448
old_italian	uncoupled	0.0	2	qot	S	po	727	353
old_italian	uncoupled	0.0	2	e	N		699	453
old_italian	uncoupled	0.0	2	Cy	S	si	671	212
old_italian	uncoupled	0.0	2	E	N		669	497
old_italian	uncoupled	0.0	2	l	S	de	666	524
old_italian	uncoupled	0.0	2	ody	S	ti	608	272
old_italian	uncoupled	0.0	2	dy	S	di	603	204
old_italian	uncoupled	0.0	2	aI	S	no	597	414
old_italian	uncoupled	0.0	2	p	S	al	572	338
old_italian	uncoupled	0.0	2	Se	S	vi	570	260
old_italian	uncoupled	0.0	2	Col	S	che	522	188
old_italian	uncoupled	0.0	2	Cey	S	li	521	264
old_italian	uncoupled	0.0	2	Ey	S	na	505	370
old_italian	uncoupled	0.0	2	ey	S	ra	498	259
old_italian	uncoupled	0.0	2	Edy	S	to	469	312
old_italian	uncoupled	0.0	2	edy	L	l	446	253
old_italian	uncoupled	0.0	2	od	S	ar	445	222
old_italian	uncoupled	0.0	2	Sedy	L	l	418	173
old_italian	uncoupled	0.0	2	am	L	i	408	242
old_italian	uncoupled	0.0	2	olk	S	mo	402	152
old_italian	uncoupled	0.0	2	yk	L	a	396	149
old_italian	uncoupled	0.0	2	Cor	L	l	376	100
old_italian	uncoupled	0.0	2	yt	L	a	375	90
old_italian	uncoupled	0.0	2	r	L	i	374	250
old_italian	uncoupled	0.0	2	qo	L	s	371	233
old_italian	uncoupled	0.0	2	Co	S	ci	364	121
old_italian	uncoupled	0.0	2	dal	L	a	362	174
old_italian	uncoupled	0.0	2	T	S	mi	344	121
old_italian	uncoupled	0.0	2	dar	L	e	341	227
old_italian	uncoupled	0.0	2	Cdy	L	l	331	167
old_italian	uncoupled	0.0	2	a	N		278	128
old_italian	uncoupled	0.0	2	Ky	L	a	273	120
old_italian	uncoupled	0.0	2	ai	S	st	264	143
old_italian	uncoupled	0.0	2	air	L	i	254	210
old_italian	uncoupled	0.0	2	Ty	L	a	251	74
old_italian	uncoupled	0.0	2	K	S	pi	250	98
old_italian	uncoupled	0.0	2	Sey	L	l	236	148
old_italian	uncoupled	0.0	2	N	L	o	222	88
old_italian	uncoupled	0.0	2	f	N		220	104
old_italian	uncoupled	0.0	2	ky	L	i	204	69
old_italian	uncoupled	0.0	2	So	L	l	201	76
old_italian	uncoupled	0.0	2	qokaI	W	che	201	74
old_italian	uncoupled	0.0	2	i	S	es	199	118
old_italian	uncoupled	0.0	2	op	L	a	198	110
old_italian	uncoupled	0.0	2	Sol	W	quella	195	51
old_italian	uncoupled	0.0	2	qokaN	W	non	190	72
old_italian	uncoupled	0.0	2	qokEdy	W	la	189	105
old_italian	uncoupled	0.0	2	qokal	W	tutto	187	41
old_italian	uncoupled	0.0	2	qokedy	W	per	185	62
old_italian	uncoupled	0.0	2	CE	L	s	178	98
old_italian	uncoupled	0.0	2	Sy	L	i	173	68
old_italian	uncoupled	0.0	2	eol	L	n	173	75
old_italian	uncoupled	0.0	2	q	L	s	173	71
old_italian	uncoupled	0.0	2	CEy	L	e	171	113
old_italian	uncoupled	0.0	2	Ceol	L	e	167	77
old_italian	uncoupled	0.0	2	daI	W	altro	165	148
old_italian	uncoupled	0.0	2	os	L	e	164	86
old_italian	uncoupled	0.0	2	qol	L	e	158	45
old_italian	uncoupled	0.0	2	lk	L	i	156	249
old_italian	uncoupled	0.0	2	qokEy	W	come	149	134
old_italian	uncoupled	0.0	2	okaN	W	disse	144	92
old_italian	uncoupled	0.0	2	okal	W	perche	143	52
old_italian	uncoupled	0.0	2	m	L	o	138	80
old_italian	uncoupled	0.0	2	otal	L	e	130	48
old_italian	uncoupled	0.0	2	oky	L	o	129	44
old_italian	uncoupled	0.0	2	oty	L	o	127	48
old_italian	uncoupled	0.0	2	P	L	s	107	66
old_italian	uncoupled	0.0	2	n	L	o	86	37
old_italian	uncoupled	0.0	2	g	L	o	73	38
old_italian	uncoupled	0.0	2	F	L	s	35	13
old_italian	uncoupled	0.0	2	I	L	u	18	9
old_italian	uncoupled	0.0	2	x	L	s	14	11
old_italian	uncoupled	0.0	2	b	L	n	12	3
old_italian	uncoupled	0.0	2	j	N		7	3
old_italian	uncoupled	0.0	2	u	L	d	5	3
old_italian	uncoupled	0.0	2	c	L	d	4	1
old_italian	uncoupled	0.0	2	h	N		2	1
old_italian	uncoupled	0.0	2	z	N		2	1
old_italian	uncoupled	0.0	2	v	L	n	1	0
old_italian	uncoupled	0.0	3	ol	D	ii	1825	712
old_italian	uncoupled	0.0	3	y	S	te	1554	554
old_italian	uncoupled	0.0	3	C	D	nn	1445	711
old_italian	uncoupled	0.0	3	ar	S	di	1423	766
old_italian	uncoupled	0.0	3	or	S	si	1322	535
old_italian	uncoupled	0.0	3	s	S	ma	1322	486
old_italian	uncoupled	0.0	3	aN	S	ti	1169	556
old_italian	uncoupled	0.0	3	d	S	no	1144	597
old_italian	uncoupled	0.0	3	o	D	ee	1126	609
old_italian	uncoupled	0.0	3	ok	S	per	1084	625
old_italian	uncoupled	0.0	3	ot	S	vi	1033	689
old_italian	uncoupled	0.0	3	k	D	aa	1025	478
old_italian	uncoupled	0.0	3	al	S	le	915	476
old_italian	uncoupled	0.0	3	S	S	co	910	439
old_italian	uncoupled	0.0	3	t	S	re	883	359
old_italian	uncoupled	0.0	3	Ce	S	so	866	609
old_italian	uncoupled	0.0	3	qok	S	in	862	444
old_italian	uncoupled	0.0	3	daN	W	quando	844	387
old_italian	uncoupled	0.0	3	Cedy	S	che	732	448
old_italian	uncoupled	0.0	3	qot	S	po	727	353
old_italian	uncoupled	0.0	3	e	N		699	453
old_italian	uncoupled	0.0	3	Cy	S	se	671	212
old_italian	uncoupled	0.0	3	E	N		669	497
old_italian	uncoupled	0.0	3	l	S	ar	666	524
old_italian	uncoupled	0.0	3	ody	S	na	608	272
old_italian	uncoupled	0.0	3	dy	S	me	603	204
old_italian	uncoupled	0.0	3	aI	S	de	597	414
old_italian	uncoupled	0.0	3	p	S	ri	572	338
old_italian	uncoupled	0.0	3	Se	S	mi	570	260
old_italian	uncoupled	0.0	3	Col	S	la	522	188
old_italian	uncoupled	0.0	3	Cey	S	ne	521	264
old_italian	uncoupled	0.0	3	Ey	S	ta	505	370
old_italian	uncoupled	0.0	3	ey	S	to	498	259
old_italian	uncoupled	0.0	3	Edy	S	ia	469	312
old_italian	uncoupled	0.0	3	edy	L	i	446	253
old_italian	uncoupled	0.0	3	od	S	ca	445	222
old_italian	uncoupled	0.0	3	Sedy	L	e	418	173
old_italian	uncoupled	0.0	3	am	L	i	408	242
old_italian	uncoupled	0.0	3	olk	S	an	402	152
old_italian	uncoupled	0.0	3	yk	L	s	396	149
old_italian	uncoupled	0.0	3	Cor	L	e	376	100
old_italian	uncoupled	0.0	3	yt	L	s	375	90
old_italian	uncoupled	0.0	3	r	L	e	374	250
old_italian	uncoupled	0.0	3	qo	L	a	371	233
old_italian	uncoupled	0.0	3	Co	S	ci	364	121
old_italian	uncoupled	0.0	3	dal	L	a	362	174
old_italian	uncoupled	0.0	3	T	S	al	344	121
old_italian	uncoupled	0.0	3	dar	L	e	341	227
old_italian	uncoupled	0.0	3	Cdy	L	e	331	167
old_italian	uncoupled	0.0	3	a	N		278	128
old_italian	uncoupled	0.0	3	Ky	L	a	273	120
old_italian	uncoupled	0.0	3	ai	S	st	264	143
old_italian	uncoupled	0.0	3	air	L	i	254	210
old_italian	uncoupled	0.0	3	Ty	L	a	251	74
old_italian	uncoupled	0.0	3	K	S	ra	250	98
old_italian	uncoupled	0.0	3	Sey	L	e	236	148
old_italian	uncoupled	0.0	3	N	L	a	222	88
old_italian	uncoupled	0.0	3	f	N		220	104
old_italian	uncoupled	0.0	3	ky	L	n	204	69
old_italian	uncoupled	0.0	3	So	L	l	201	76
old_italian	uncoupled	0.0	3	qokaI	W	che	201	74
old_italian	uncoupled	0.0	3	i	S	es	199	118
old_italian	uncoupled	0.0	3	op	L	s	198	110
old_italian	uncoupled	0.0	3	Sol	W	altro	195	51
old_italian	uncoupled	0.0	3	qokaN	W	non	190	72
old_italian	uncoupled	0.0	3	qokEdy	W	quella	189	105
old_italian	uncoupled	0.0	3	qokal	W	perche	187	41
old_italian	uncoupled	0.0	3	qokedy	W	disse	185	62
old_italian	uncoupled	0.0	3	CE	L	i	178	98
old_italian	uncoupled	0.0	3	Sy	L	i	173	68
old_italian	uncoupled	0.0	3	eol	L	i	173	75
old_italian	uncoupled	0.0	3	q	L	s	173	71
old_italian	uncoupled	0.0	3	CEy	L	l	171	113
old_italian	uncoupled	0.0	3	Ceol	L	l	167	77
old_italian	uncoupled	0.0	3	daI	W	tutto	165	148
old_italian	uncoupled	0.0	3	os	L	n	164	86
old_italian	uncoupled	0.0	3	qol	L	a	158	45
old_italian	uncoupled	0.0	3	lk	L	s	156	249
old_italian	uncoupled	0.0	3	qokEy	W	per	149	134
old_italian	uncoupled	0.0	3	okaN	W	come	144	92
old_italian	uncoupled	0.0	3	okal	W	altra	143	52
old_italian	uncoupled	0.0	3	m	L	o	138	80
old_italian	uncoupled	0.0	3	otal	L	l	130	48
old_italian	uncoupled	0.0	3	oky	L	l	129	44
old_italian	uncoupled	0.0	3	oty	L	l	127	48
old_italian	uncoupled	0.0	3	P	L	s	107	66
old_italian	uncoupled	0.0	3	n	L	n	86	37
old_italian	uncoupled	0.0	3	g	L	n	73	38
old_italian	uncoupled	0.0	3	F	L	n	35	13
old_italian	uncoupled	0.0	3	I	L	d	18	9
old_italian	uncoupled	0.0	3	x	L	o	14	11
old_italian	uncoupled	0.0	3	b	L	o	12	3
old_italian	uncoupled	0.0	3	j	N		7	3
old_italian	uncoupled	0.0	3	u	L	n	5	3
old_italian	uncoupled	0.0	3	c	L	d	4	1
old_italian	uncoupled	0.0	3	h	N		2	1
old_italian	uncoupled	0.0	3	z	N		2	1
old_italian	uncoupled	0.0	3	v	L	o	1	0
old_italian	uncoupled	0.0	4	ol	D	ii	1825	712
old_italian	uncoupled	0.0	4	y	S	di	1554	554
old_italian	uncoupled	0.0	4	C	D	nn	1445	711
old_italian	uncoupled	0.0	4	ar	S	ne	1423	766
old_italian	uncoupled	0.0	4	or	S	ti	1322	535
old_italian	uncoupled	0.0	4	s	S	per	1322	486
old_italian	uncoupled	0.0	4	aN	S	che	1169	556
old_italian	uncoupled	0.0	4	d	S	no	1144	597
old_italian	uncoupled	0.0	4	o	D	ee	1126	609
old_italian	uncoupled	0.0	4	ok	S	ma	1084	625
old_italian	uncoupled	0.0	4	ot	S	po	1033	689
old_italian	uncoupled	0.0	4	k	D	aa	1025	478
old_italian	uncoupled	0.0	4	al	S	mi	915	476
old_italian	uncoupled	0.0	4	S	S	in	910	439
old_italian	uncoupled	0.0	4	t	S	ta	883	359
old_italian	uncoupled	0.0	4	Ce	S	an	866	609
old_italian	uncoupled	0.0	4	qok	S	vi	862	444
old_italian	uncoupled	0.0	4	daN	W	quando	844	387
old_italian	uncoupled	0.0	4	Cedy	S	le	732	448
old_italian	uncoupled	0.0	4	qot	S	co	727	353
old_italian	uncoupled	0.0	4	e	N		699	453
old_italian	uncoupled	0.0	4	Cy	S	si	671	212
old_italian	uncoupled	0.0	4	E	N		669	497
old_italian	uncoupled	0.0	4	l	S	al	666	524
old_italian	uncoupled	0.0	4	ody	S	to	608	272
old_italian	uncoupled	0.0	4	dy	S	se	603	204
old_italian	uncoupled	0.0	4	aI	S	re	597	414
old_italian	uncoupled	0.0	4	p	S	pi	572	338
old_italian	uncoupled	0.0	4	Se	S	ch	570	260
old_italian	uncoupled	0.0	4	Col	S	la	522	188
old_italian	uncoupled	0.0	4	Cey	S	li	521	264
old_italian	uncoupled	0.0	4	Ey	S	na	505	370
old_italian	uncoupled	0.0	4	ey	S	so	498	259
old_italian	uncoupled	0.0	4	Edy	S	te	469	312
old_italian	uncoupled	0.0	4	edy	L	i	446	253
old_italian	uncoupled	0.0	4	od	S	ci	445	222
old_italian	uncoupled	0.0	4	Sedy	L	e	418	173
old_italian	uncoupled	0.0	4	am	L	i	408	242
old_italian	uncoupled	0.0	4	olk	S	ca	402	152
old_italian	uncoupled	0.0	4	yk	L	a	396	149
old_italian	uncoupled	0.0	4	Cor	L	l	376	100
old_italian	uncoupled	0.0	4	yt	L	a	375	90
old_italian	uncoupled	0.0	4	r	L	a	374	250
old_italian	uncoupled	0.0	4	qo	L	s	371	233
old_italian	uncoupled	0.0	4	Co	S	de	364	121
old_italian	uncoupled	0.0	4	dal	L	e	362	174
old_italian	uncoupled	0.0	4	T	S	ri	344	121
old_italian	uncoupled	0.0	4	dar	L	e	341	227
old_italian	uncoupled	0.0	4	Cdy	L	l	331	167
old_italian	uncoupled	0.0	4	a	N		278	128
old_italian	uncoupled	0.0	4	Ky	L	i	273	120
old_italian	uncoupled	0.0	4	ai	S	st	264	143
old_italian	uncoupled	0.0	4	air	L	i	254	210
old_italian	uncoupled	0.0	4	Ty	L	e	251	74
old_italian	uncoupled	0.0	4	K	S	es	250	98
old_italian	uncoupled	0.0	4	Sey	L	e	236	148
old_italian	uncoupled	0.0	4	N	L	o	222	88
old_italian	uncoupled	0.0	4	f	N		220	104
old_italian	uncoupled	0.0	4	ky	L	i	204	69
old_italian	uncoupled	0.0	4	So	L	l	201	76
old_italian	uncoupled	0.0	4	qokaI	W	che	201	74
old_italian	uncoupled	0.0	4	i	S	er	199	118
old_italian	uncoupled	0.0	4	op	L	a	198	110
old_italian	uncoupled	0.0	4	Sol	W	perche	195	51
old_italian	uncoupled	0.0	4	qokaN	W	non	190	72
old_italian	uncoupled	0.0	4	qokEdy	W	altro	189	105
old_italian	uncoupled	0.0	4	qokal	W	quella	187	41
old_italian	uncoupled	0.0	4	qokedy	W	disse	185	62
old_italian	uncoupled	0.0	4	CE	L	s	178	98
old_italian	uncoupled	0.0	4	Sy	L	l	173	68
old_italian	uncoupled	0.0	4	eol	L	l	173	75
old_italian	uncoupled	0.0	4	q	L	s	173	71
old_italian	uncoupled	0.0	4	CEy	L	l	171	113
old_italian	uncoupled	0.0	4	Ceol	L	e	167	77
old_italian	uncoupled	0.0	4	daI	W	tutto	165	148
old_italian	uncoupled	0.0	4	os	L	i	164	86
old_italian	uncoupled	0.0	4	qol	L	a	158	45
old_italian	uncoupled	0.0	4	lk	L	s	156	249
old_italian	uncoupled	0.0	4	qokEy	W	per	149	134
old_italian	uncoupled	0.0	4	okaN	W	quel	144	92
old_italian	uncoupled	0.0	4	okal	W	come	143	52
old_italian	uncoupled	0.0	4	m	L	o	138	80
old_italian	uncoupled	0.0	4	otal	L	s	130	48
old_italian	uncoupled	0.0	4	oky	L	o	129	44
old_italian	uncoupled	0.0	4	oty	L	a	127	48
old_italian	uncoupled	0.0	4	P	L	s	107	66
old_italian	uncoupled	0.0	4	n	L	n	86	37
old_italian	uncoupled	0.0	4	g	L	o	73	38
old_italian	uncoupled	0.0	4	F	L	o	35	13
old_italian	uncoupled	0.0	4	I	L	o	18	9
old_italian	uncoupled	0.0	4	x	L	u	14	11
old_italian	uncoupled	0.0	4	b	L	d	12	3
old_italian	uncoupled	0.0	4	j	N		7	3
old_italian	uncoupled	0.0	4	u	L	r	5	3
old_italian	uncoupled	0.0	4	c	L	n	4	1
old_italian	uncoupled	0.0	4	h	N		2	1
old_italian	uncoupled	0.0	4	z	N		2	1
old_italian	uncoupled	0.0	4	v	L	n	1	0
old_italian	uncoupled	0.0	5	ol	D	ii	1825	712
old_italian	uncoupled	0.0	5	y	S	de	1554	554
old_italian	uncoupled	0.0	5	C	D	nn	1445	711
old_italian	uncoupled	0.0	5	ar	S	si	1423	766
old_italian	uncoupled	0.0	5	or	S	te	1322	535
old_italian	uncoupled	0.0	5	s	S	di	1322	486
old_italian	uncoupled	0.0	5	aN	S	ne	1169	556
old_italian	uncoupled	0.0	5	d	S	ma	1144	597
old_italian	uncoupled	0.0	5	o	D	ee	1126	609
old_italian	uncoupled	0.0	5	ok	S	pe	1084	625
old_italian	uncoupled	0.0	5	ot	S	po	1033	689
old_italian	uncoupled	0.0	5	k	D	aa	1025	478
old_italian	uncoupled	0.0	5	al	S	me	915	476
old_italian	uncoupled	0.0	5	S	S	ar	910	439
old_italian	uncoupled	0.0	5	t	S	ca	883	359
old_italian	uncoupled	0.0	5	Ce	S	ri	866	609
old_italian	uncoupled	0.0	5	qok	S	per	862	444
old_italian	uncoupled	0.0	5	daN	W	quando	844	387
old_italian	uncoupled	0.0	5	Cedy	S	che	732	448
old_italian	uncoupled	0.0	5	qot	S	co	727	353
old_italian	uncoupled	0.0	5	e	N		699	453
old_italian	uncoupled	0.0	5	Cy	S	se	671	212
old_italian	uncoupled	0.0	5	E	N		669	497
old_italian	uncoupled	0.0	5	l	S	al	666	524
old_italian	uncoupled	0.0	5	ody	S	ti	608	272
old_italian	uncoupled	0.0	5	dy	S	mi	603	204
old_italian	uncoupled	0.0	5	aI	S	re	597	414
old_italian	uncoupled	0.0	5	p	S	mo	572	338
old_italian	uncoupled	0.0	5	Se	S	vi	570	260
old_italian	uncoupled	0.0	5	Col	S	la	522	188
old_italian	uncoupled	0.0	5	Cey	S	le	521	264
old_italian	uncoupled	0.0	5	Ey	S	ra	505	370
old_italian	uncoupled	0.0	5	ey	S	so	498	259
old_italian	uncoupled	0.0	5	Edy	S	ro	469	312
old_italian	uncoupled	0.0	5	edy	L	r	446	253
old_italian	uncoupled	0.0	5	od	S	ta	445	222
old_italian	uncoupled	0.0	5	Sedy	L	l	418	173
old_italian	uncoupled	0.0	5	am	L	i	408	242
old_italian	uncoupled	0.0	5	olk	S	ve	402	152
old_italian	uncoupled	0.0	5	yk	L	e	396	149
old_italian	uncoupled	0.0	5	Cor	L	l	376	100
old_italian	uncoupled	0.0	5	yt	L	e	375	90
old_italian	uncoupled	0.0	5	r	L	a	374	250
old_italian	uncoupled	0.0	5	qo	L	a	371	233
old_italian	uncoupled	0.0	5	Co	S	in	364	121
old_italian	uncoupled	0.0	5	dal	L	a	362	174
old_italian	uncoupled	0.0	5	T	S	no	344	121
old_italian	uncoupled	0.0	5	dar	L	e	341	227
old_italian	uncoupled	0.0	5	Cdy	L	i	331	167
old_italian	uncoupled	0.0	5	a	N		278	128
old_italian	uncoupled	0.0	5	Ky	L	a	273	120
old_italian	uncoupled	0.0	5	ai	S	ci	264	143
old_italian	uncoupled	0.0	5	air	L	l	254	210
old_italian	uncoupled	0.0	5	Ty	L	a	251	74
old_italian	uncoupled	0.0	5	K	S	na	250	98
old_italian	uncoupled	0.0	5	Sey	L	l	236	148
old_italian	uncoupled	0.0	5	N	L	a	222	88
old_italian	uncoupled	0.0	5	f	N		220	104
old_italian	uncoupled	0.0	5	ky	L	o	204	69
old_italian	uncoupled	0.0	5	So	L	l	201	76
old_italian	uncoupled	0.0	5	qokaI	W	come	201	74
old_italian	uncoupled	0.0	5	i	S	tt	199	118
old_italian	uncoupled	0.0	5	op	L	s	198	110
old_italian	uncoupled	0.0	5	Sol	W	quella	195	51
old_italian	uncoupled	0.0	5	qokaN	W	non	190	72
old_italian	uncoupled	0.0	5	qokEdy	W	disse	189	105
old_italian	uncoupled	0.0	5	qokal	W	perche	187	41
old_italian	uncoupled	0.0	5	qokedy	W	che	185	62
old_italian	uncoupled	0.0	5	CE	L	s	178	98
old_italian	uncoupled	0.0	5	Sy	L	i	173	68
old_italian	uncoupled	0.0	5	eol	L	r	173	75
old_italian	uncoupled	0.0	5	q	L	s	173	71
old_italian	uncoupled	0.0	5	CEy	L	i	171	113
old_italian	uncoupled	0.0	5	Ceol	L	l	167	77
old_italian	uncoupled	0.0	5	daI	W	altro	165	148
old_italian	uncoupled	0.0	5	os	L	o	164	86
old_italian	uncoupled	0.0	5	qol	L	e	158	45
old_italian	uncoupled	0.0	5	lk	L	o	156	249
old_italian	uncoupled	0.0	5	qokEy	W	per	149	134
old_italian	uncoupled	0.0	5	okaN	W	tutto	144	92
old_italian	uncoupled	0.0	5	okal	W	altra	143	52
old_italian	uncoupled	0.0	5	m	L	o	138	80
old_italian	uncoupled	0.0	5	otal	L	e	130	48
old_italian	uncoupled	0.0	5	oky	L	o	129	44
old_italian	uncoupled	0.0	5	oty	L	e	127	48
old_italian	uncoupled	0.0	5	P	L	i	107	66
old_italian	uncoupled	0.0	5	n	L	i	86	37
old_italian	uncoupled	0.0	5	g	L	o	73	38
old_italian	uncoupled	0.0	5	F	L	u	35	13
old_italian	uncoupled	0.0	5	I	L	r	18	9
old_italian	uncoupled	0.0	5	x	L	s	14	11
old_italian	uncoupled	0.0	5	b	L	u	12	3
old_italian	uncoupled	0.0	5	j	N		7	3
old_italian	uncoupled	0.0	5	u	L	r	5	3
old_italian	uncoupled	0.0	5	c	L	s	4	1
old_italian	uncoupled	0.0	5	h	N		2	1
old_italian	uncoupled	0.0	5	z	N		2	1
old_italian	uncoupled	0.0	5	v	L	s	1	0
old_italian	coupled	0.1	0	ol	D	ii	1825	712
old_italian	coupled	0.1	0	y	S	per	1554	554
old_italian	coupled	0.1	0	C	D	nn	1445	711
old_italian	coupled	0.1	0	ar	S	ne	1423	766
old_italian	coupled	0.1	0	or	S	se	1322	535
old_italian	coupled	0.1	0	s	S	di	1322	486
old_italian	coupled	0.1	0	aN	S	te	1169	556
old_italian	coupled	0.1	0	d	S	ma	1144	597
old_italian	coupled	0.1	0	o	D	ee	1126	609
old_italian	coupled	0.1	0	ok	S	pe	1084	625
old_italian	coupled	0.1	0	ot	S	po	1033	689
old_italian	coupled	0.1	0	k	D	aa	1025	478
old_italian	coupled	0.1	0	al	S	me	915	476
old_italian	coupled	0.1	0	S	S	in	910	439
old_italian	coupled	0.1	0	t	S	ca	883	359
old_italian	coupled	0.1	0	Ce	S	mi	866	609
old_italian	coupled	0.1	0	qok	S	so	862	444
old_italian	coupled	0.1	0	daN	W	quando	844	387
old_italian	coupled	0.1	0	Cedy	S	che	732	448
old_italian	coupled	0.1	0	qot	S	co	727	353
old_italian	coupled	0.1	0	e	N		699	453
old_italian	coupled	0.1	0	Cy	S	le	671	212
old_italian	coupled	0.1	0	E	N		669	497
old_italian	coupled	0.1	0	l	S	al	666	524
old_italian	coupled	0.1	0	ody	S	no	608	272
old_italian	coupled	0.1	0	dy	S	si	603	204
old_italian	coupled	0.1	0	aI	S	re	597	414
old_italian	coupled	0.1	0	p	S	ta	572	338
old_italian	coupled	0.1	0	Se	S	ci	570	260
old_italian	coupled	0.1	0	Col	S	la	522	188
old_italian	coupled	0.1	0	Cey	S	li	521	264
old_italian	coupled	0.1	0	Ey	S	na	505	370
old_italian	coupled	0.1	0	ey	S	ro	498	259
old_italian	coupled	0.1	0	Edy	S	to	469	312
old_italian	coupled	0.1	0	edy	L	r	446	253
old_italian	coupled	0.1	0	od	S	ra	445	222
old_italian	coupled	0.1	0	Sedy	L	e	418	173
old_italian	coupled	0.1	0	am	L	i	408	242
old_italian	coupled	0.1	0	olk	S	mo	402	152
old_italian	coupled	0.1	0	yk	L	a	396	149
old_italian	coupled	0.1	0	Cor	L	l	376	100
old_italian	coupled	0.1	0	yt	L	i	375	90
old_italian	coupled	0.1	0	r	L	a	374	250
old_italian	coupled	0.1	0	qo	L	s	371	233
old_italian	coupled	0.1	0	Co	S	vi	364	121
old_italian	coupled	0.1	0	dal	L	a	362	174
old_italian	coupled	0.1	0	T	S	ve	344	121
old_italian	coupled	0.1	0	dar	L	e	341	227
old_italian	coupled	0.1	0	Cdy	L	l	331	167
old_italian	coupled	0.1	0	a	N		278	128
old_italian	coupled	0.1	0	Ky	L	o	273	120
old_italian	coupled	0.1	0	ai	S	ri	264	143
old_italian	coupled	0.1	0	air	L	i	254	210
old_italian	coupled	0.1	0	Ty	L	a	251	74
old_italian	coupled	0.1	0	K	S	ar	250	98
old_italian	coupled	0.1	0	Sey	L	l	236	148
old_italian	coupled	0.1	0	N	L	a	222	88
old_italian	coupled	0.1	0	f	N		220	104
old_italian	coupled	0.1	0	ky	L	o	204	69
old_italian	coupled	0.1	0	So	L	l	201	76
old_italian	coupled	0.1	0	qokaI	W	che	201	74
old_italian	coupled	0.1	0	i	S	en	199	118
old_italian	coupled	0.1	0	op	L	a	198	110
old_italian	coupled	0.1	0	Sol	W	altro	195	51
old_italian	coupled	0.1	0	qokaN	W	non	190	72
old_italian	coupled	0.1	0	qokEdy	W	quella	189	105
old_italian	coupled	0.1	0	qokal	W	tutto	187	41
old_italian	coupled	0.1	0	qokedy	W	disse	185	62
old_italian	coupled	0.1	0	CE	L	i	178	98
old_italian	coupled	0.1	0	Sy	L	l	173	68
old_italian	coupled	0.1	0	eol	L	r	173	75
old_italian	coupled	0.1	0	q	L	o	173	71
old_italian	coupled	0.1	0	CEy	L	l	171	113
old_italian	coupled	0.1	0	Ceol	L	e	167	77
old_italian	coupled	0.1	0	daI	W	perche	165	148
old_italian	coupled	0.1	0	os	L	i	164	86
old_italian	coupled	0.1	0	qol	L	e	158	45
old_italian	coupled	0.1	0	lk	L	o	156	249
old_italian	coupled	0.1	0	qokEy	W	per	149	134
old_italian	coupled	0.1	0	okaN	W	come	144	92
old_italian	coupled	0.1	0	okal	W	altra	143	52
old_italian	coupled	0.1	0	m	L	o	138	80
old_italian	coupled	0.1	0	otal	L	s	130	48
old_italian	coupled	0.1	0	oky	L	e	129	44
old_italian	coupled	0.1	0	oty	L	e	127	48
old_italian	coupled	0.1	0	P	L	o	107	66
old_italian	coupled	0.1	0	n	L	i	86	37
old_italian	coupled	0.1	0	g	L	n	73	38
old_italian	coupled	0.1	0	F	L	s	35	13
old_italian	coupled	0.1	0	I	L	u	18	9
old_italian	coupled	0.1	0	x	L	s	14	11
old_italian	coupled	0.1	0	b	L	n	12	3
old_italian	coupled	0.1	0	j	N		7	3
old_italian	coupled	0.1	0	u	L	r	5	3
old_italian	coupled	0.1	0	c	L	n	4	1
old_italian	coupled	0.1	0	h	N		2	1
old_italian	coupled	0.1	0	z	N		2	1
old_italian	coupled	0.1	0	v	L	n	1	0
old_italian	coupled	0.1	1	ol	D	ii	1825	712
old_italian	coupled	0.1	1	y	S	si	1554	554
old_italian	coupled	0.1	1	C	D	nn	1445	711
old_italian	coupled	0.1	1	ar	S	ne	1423	766
old_italian	coupled	0.1	1	or	S	se	1322	535
old_italian	coupled	0.1	1	s	S	per	1322	486
old_italian	coupled	0.1	1	aN	S	te	1169	556
old_italian	coupled	0.1	1	d	S	de	1144	597
old_italian	coupled	0.1	1	o	D	ee	1126	609
old_italian	coupled	0.1	1	ok	S	ma	1084	625
old_italian	coupled	0.1	1	ot	S	po	1033	689
old_italian	coupled	0.1	1	k	D	aa	1025	478
old_italian	coupled	0.1	1	al	S	ta	915	476
old_italian	coupled	0.1	1	S	S	mi	910	439
old_italian	coupled	0.1	1	t	S	al	883	359
old_italian	coupled	0.1	1	Ce	S	er	866	609
old_italian	coupled	0.1	1	qok	S	di	862	444
old_italian	coupled	0.1	1	daN	W	quando	844	387
old_italian	coupled	0.1	1	Cedy	S	che	732	448
old_italian	coupled	0.1	1	qot	S	co	727	353
old_italian	coupled	0.1	1	e	N		699	453
old_italian	coupled	0.1	1	Cy	S	le	671	212
old_italian	coupled	0.1	1	E	N		669	497
old_italian	coupled	0.1	1	l	S	ri	666	524
old_italian	coupled	0.1	1	ody	S	ti	608	272
old_italian	coupled	0.1	1	dy	S	me	603	204
old_italian	coupled	0.1	1	aI	S	no	597	414
old_italian	coupled	0.1	1	p	S	an	572	338
old_italian	coupled	0.1	1	Se	S	vi	570	260
old_italian	coupled	0.1	1	Col	S	la	522	188
old_italian	coupled	0.1	1	Cey	S	li	521	264
old_italian	coupled	0.1	1	Ey	S	ra	505	370
old_italian	coupled	0.1	1	ey	S	to	498	259
old_italian	coupled	0.1	1	Edy	S	re	469	312
old_italian	coupled	0.1	1	edy	L	i	446	253
old_italian	coupled	0.1	1	od	S	ca	445	222
old_italian	coupled	0.1	1	Sedy	L	e	418	173
old_italian	coupled	0.1	1	am	L	i	408	242
old_italian	coupled	0.1	1	olk	S	ar	402	152
old_italian	coupled	0.1	1	yk	L	e	396	149
old_italian	coupled	0.1	1	Cor	L	e	376	100
old_italian	coupled	0.1	1	yt	L	a	375	90
old_italian	coupled	0.1	1	r	L	s	374	250
old_italian	coupled	0.1	1	qo	L	s	371	233
old_italian	coupled	0.1	1	Co	S	ci	364	121
old_italian	coupled	0.1	1	dal	L	e	362	174
old_italian	coupled	0.1	1	T	S	in	344	121
old_italian	coupled	0.1	1	dar	L	e	341	227
old_italian	coupled	0.1	1	Cdy	L	l	331	167
old_italian	coupled	0.1	1	a	N		278	128
old_italian	coupled	0.1	1	Ky	L	a	273	120
old_italian	coupled	0.1	1	ai	S	st	264	143
old_italian	coupled	0.1	1	air	L	i	254	210
old_italian	coupled	0.1	1	Ty	L	a	251	74
old_italian	coupled	0.1	1	K	S	na	250	98
old_italian	coupled	0.1	1	Sey	L	l	236	148
old_italian	coupled	0.1	1	N	L	o	222	88
old_italian	coupled	0.1	1	f	N		220	104
old_italian	coupled	0.1	1	ky	L	a	204	69
old_italian	coupled	0.1	1	So	L	l	201	76
old_italian	coupled	0.1	1	qokaI	W	che	201	74
old_italian	coupled	0.1	1	i	S	is	199	118
old_italian	coupled	0.1	1	op	L	s	198	110
old_italian	coupled	0.1	1	Sol	W	altro	195	51
old_italian	coupled	0.1	1	qokaN	W	non	190	72
old_italian	coupled	0.1	1	qokEdy	W	quella	189	105
old_italian	coupled	0.1	1	qokal	W	tutto	187	41
old_italian	coupled	0.1	1	qokedy	W	disse	185	62
old_italian	coupled	0.1	1	CE	L	s	178	98
old_italian	coupled	0.1	1	Sy	L	l	173	68
old_italian	coupled	0.1	1	eol	L	r	173	75
old_italian	coupled	0.1	1	q	L	s	173	71
old_italian	coupled	0.1	1	CEy	L	l	171	113
old_italian	coupled	0.1	1	Ceol	L	e	167	77
old_italian	coupled	0.1	1	daI	W	perche	165	148
old_italian	coupled	0.1	1	os	L	i	164	86
old_italian	coupled	0.1	1	qol	L	a	158	45
old_italian	coupled	0.1	1	lk	L	s	156	249
old_italian	coupled	0.1	1	qokEy	W	per	149	134
old_italian	coupled	0.1	1	okaN	W	come	144	92
old_italian	coupled	0.1	1	okal	W	altra	143	52
old_italian	coupled	0.1	1	m	L	o	138	80
old_italian	coupled	0.1	1	otal	L	l	130	48
old_italian	coupled	0.1	1	oky	L	o	129	44
old_italian	coupled	0.1	1	oty	L	a	127	48
old_italian	coupled	0.1	1	P	L	i	107	66
old_italian	coupled	0.1	1	n	L	i	86	37
old_italian	coupled	0.1	1	g	L	o	73	38
old_italian	coupled	0.1	1	F	L	o	35	13
old_italian	coupled	0.1	1	I	L	u	18	9
old_italian	coupled	0.1	1	x	L	n	14	11
old_italian	coupled	0.1	1	b	L	n	12	3
old_italian	coupled	0.1	1	j	N		7	3
old_italian	coupled	0.1	1	u	L	r	5	3
old_italian	coupled	0.1	1	c	L	n	4	1
old_italian	coupled	0.1	1	h	N		2	1
old_italian	coupled	0.1	1	z	N		2	1
old_italian	coupled	0.1	1	v	L	n	1	0
old_italian	coupled	0.1	2	ol	D	ii	1825	712
old_italian	coupled	0.1	2	y	S	te	1554	554
old_italian	coupled	0.1	2	C	D	nn	1445	711
old_italian	coupled	0.1	2	ar	S	le	1423	766
old_italian	coupled	0.1	2	or	S	di	1322	535
old_italian	coupled	0.1	2	s	S	ma	1322	486
old_italian	coupled	0.1	2	aN	S	ne	1169	556
old_italian	coupled	0.1	2	d	S	per	1144	597
old_italian	coupled	0.1	2	o	D	ee	1126	609
old_italian	coupled	0.1	2	ok	S	ta	1084	625
old_italian	coupled	0.1	2	ot	S	so	1033	689
old_italian	coupled	0.1	2	k	D	aa	1025	478
old_italian	coupled	0.1	2	al	S	re	915	476
old_italian	coupled	0.1	2	S	S	in	910	439
old_italian	coupled	0.1	2	t	S	ca	883	359
old_italian	coupled	0.1	2	Ce	S	ri	866	609
old_italian	coupled	0.1	2	qok	S	co	862	444
old_italian	coupled	0.1	2	daN	W	quando	844	387
old_italian	coupled	0.1	2	Cedy	S	la	732	448
old_italian	coupled	0.1	2	qot	S	po	727	353
old_italian	coupled	0.1	2	e	N		699	453
old_italian	coupled	0.1	2	Cy	S	si	671	212
old_italian	coupled	0.1	2	E	N		669	497
old_italian	coupled	0.1	2	l	S	de	666	524
old_italian	coupled	0.1	2	ody	S	ti	608	272
old_italian	coupled	0.1	2	dy	S	se	603	204
old_italian	coupled	0.1	2	aI	S	no	597	414
old_italian	coupled	0.1	2	p	S	al	572	338
old_italian	coupled	0.1	2	Se	S	vi	570	260
old_italian	coupled	0.1	2	Col	S	che	522	188
old_italian	coupled	0.1	2	Cey	S	li	521	264
old_italian	coupled	0.1	2	Ey	S	na	505	370
old_italian	coupled	0.1	2	ey	S	ra	498	259
old_italian	coupled	0.1	2	Edy	S	to	469	312
old_italian	coupled	0.1	2	edy	L	l	446	253
old_italian	coupled	0.1	2	od	S	ve	445	222
old_italian	coupled	0.1	2	Sedy	L	l	418	173
old_italian	coupled	0.1	2	am	L	i	408	242
old_italian	coupled	0.1	2	olk	S	mo	402	152
old_italian	coupled	0.1	2	yk	L	a	396	149
old_italian	coupled	0.1	2	Cor	L	e	376	100
old_italian	coupled	0.1	2	yt	L	a	375	90
old_italian	coupled	0.1	2	r	L	i	374	250
old_italian	coupled	0.1	2	qo	L	s	371	233
old_italian	coupled	0.1	2	Co	S	ci	364	121
old_italian	coupled	0.1	2	dal	L	e	362	174
old_italian	coupled	0.1	2	T	S	pe	344	121
old_italian	coupled	0.1	2	dar	L	e	341	227
old_italian	coupled	0.1	2	Cdy	L	l	331	167
old_italian	coupled	0.1	2	a	N		278	128
old_italian	coupled	0.1	2	Ky	L	a	273	120
old_italian	coupled	0.1	2	ai	S	st	264	143
old_italian	coupled	0.1	2	air	L	i	254	210
old_italian	coupled	0.1	2	Ty	L	a	251	74
old_italian	coupled	0.1	2	K	S	ar	250	98
old_italian	coupled	0.1	2	Sey	L	l	236	148
old_italian	coupled	0.1	2	N	L	i	222	88
old_italian	coupled	0.1	2	f	N		220	104
old_italian	coupled	0.1	2	ky	L	i	204	69
old_italian	coupled	0.1	2	So	L	l	201	76
old_italian	coupled	0.1	2	qokaI	W	che	201	74
old_italian	coupled	0.1	2	i	S	es	199	118
old_italian	coupled	0.1	2	op	L	a	198	110
old_italian	coupled	0.1	2	Sol	W	altro	195	51
old_italian	coupled	0.1	2	qokaN	W	non	190	72
old_italian	coupled	0.1	2	qokEdy	W	la	189	105
old_italian	coupled	0.1	2	qokal	W	tutto	187	41
old_italian	coupled	0.1	2	qokedy	W	disse	185	62
old_italian	coupled	0.1	2	CE	L	s	178	98
old_italian	coupled	0.1	2	Sy	L	l	173	68
old_italian	coupled	0.1	2	eol	L	r	173	75
old_italian	coupled	0.1	2	q	L	s	173	71
old_italian	coupled	0.1	2	CEy	L	e	171	113
old_italian	coupled	0.1	2	Ceol	L	e	167	77
old_italian	coupled	0.1	2	daI	W	perche	165	148
old_italian	coupled	0.1	2	os	L	i	164	86
old_italian	coupled	0.1	2	qol	L	a	158	45
old_italian	coupled	0.1	2	lk	L	o	156	249
old_italian	coupled	0.1	2	qokEy	W	per	149	134
old_italian	coupled	0.1	2	okaN	W	come	144	92
old_italian	coupled	0.1	2	okal	W	quella	143	52
old_italian	coupled	0.1	2	m	L	o	138	80
old_italian	coupled	0.1	2	otal	L	e	130	48
old_italian	coupled	0.1	2	oky	L	o	129	44
old_italian	coupled	0.1	2	oty	L	o	127	48
old_italian	coupled	0.1	2	P	L	s	107	66
old_italian	coupled	0.1	2	n	L	o	86	37
old_italian	coupled	0.1	2	g	L	o	73	38
old_italian	coupled	0.1	2	F	L	s	35	13
old_italian	coupled	0.1	2	I	L	u	18	9
old_italian	coupled	0.1	2	x	L	s	14	11
old_italian	coupled	0.1	2	b	L	n	12	3
old_italian	coupled	0.1	2	j	N		7	3
old_italian	coupled	0.1	2	u	L	r	5	3
old_italian	coupled	0.1	2	c	L	n	4	1
old_italian	coupled	0.1	2	h	N		2	1
old_italian	coupled	0.1	2	z	N		2	1
old_italian	coupled	0.1	2	v	L	n	1	0
old_italian	coupled	0.1	3	ol	D	ii	1825	712
old_italian	coupled	0.1	3	y	S	te	1554	554
old_italian	coupled	0.1	3	C	D	nn	1445	711
old_italian	coupled	0.1	3	ar	S	di	1423	766
old_italian	coupled	0.1	3	or	S	si	1322	535
old_italian	coupled	0.1	3	s	S	ma	1322	486
old_italian	coupled	0.1	3	aN	S	ne	1169	556
old_italian	coupled	0.1	3	d	S	no	1144	597
old_italian	coupled	0.1	3	o	D	ee	1126	609
old_italian	coupled	0.1	3	ok	S	per	1084	625
old_italian	coupled	0.1	3	ot	S	vi	1033	689
old_italian	coupled	0.1	3	k	D	aa	1025	478
old_italian	coupled	0.1	3	al	S	le	915	476
old_italian	coupled	0.1	3	S	S	co	910	439
old_italian	coupled	0.1	3	t	S	re	883	359
old_italian	coupled	0.1	3	Ce	S	so	866	609
old_italian	coupled	0.1	3	qok	S	in	862	444
old_italian	coupled	0.1	3	daN	W	quando	844	387
old_italian	coupled	0.1	3	Cedy	S	che	732	448
old_italian	coupled	0.1	3	qot	S	po	727	353
old_italian	coupled	0.1	3	e	N		699	453
old_italian	coupled	0.1	3	Cy	S	se	671	212
old_italian	coupled	0.1	3	E	N		669	497
old_italian	coupled	0.1	3	l	S	ar	666	524
old_italian	coupled	0.1	3	ody	S	na	608	272
old_italian	coupled	0.1	3	dy	S	me	603	204
old_italian	coupled	0.1	3	aI	S	ti	597	414
old_italian	coupled	0.1	3	p	S	ri	572	338
old_italian	coupled	0.1	3	Se	S	mi	570	260
old_italian	coupled	0.1	3	Col	S	la	522	188
old_italian	coupled	0.1	3	Cey	S	de	521	264
old_italian	coupled	0.1	3	Ey	S	ta	505	370
old_italian	coupled	0.1	3	ey	S	to	498	259
old_italian	coupled	0.1	3	Edy	S	ia	469	312
old_italian	coupled	0.1	3	edy	L	i	446	253
old_italian	coupled	0.1	3	od	S	ca	445	222
old_italian	coupled	0.1	3	Sedy	L	e	418	173
old_italian	coupled	0.1	3	am	L	i	408	242
old_italian	coupled	0.1	3	olk	S	an	402	152
old_italian	coupled	0.1	3	yk	L	s	396	149
old_italian	coupled	0.1	3	Cor	L	e	376	100
old_italian	coupled	0.1	3	yt	L	s	375	90
old_italian	coupled	0.1	3	r	L	a	374	250
old_italian	coupled	0.1	3	qo	L	a	371	233
old_italian	coupled	0.1	3	Co	S	ci	364	121
old_italian	coupled	0.1	3	dal	L	e	362	174
old_italian	coupled	0.1	3	T	S	al	344	121
old_italian	coupled	0.1	3	dar	L	e	341	227
old_italian	coupled	0.1	3	Cdy	L	e	331	167
old_italian	coupled	0.1	3	a	N		278	128
old_italian	coupled	0.1	3	Ky	L	a	273	120
old_italian	coupled	0.1	3	ai	S	st	264	143
old_italian	coupled	0.1	3	air	L	i	254	210
old_italian	coupled	0.1	3	Ty	L	a	251	74
old_italian	coupled	0.1	3	K	S	ra	250	98
old_italian	coupled	0.1	3	Sey	L	l	236	148
old_italian	coupled	0.1	3	N	L	a	222	88
old_italian	coupled	0.1	3	f	N		220	104
old_italian	coupled	0.1	3	ky	L	n	204	69
old_italian	coupled	0.1	3	So	L	l	201	76
old_italian	coupled	0.1	3	qokaI	W	che	201	74
old_italian	coupled	0.1	3	i	S	en	199	118
old_italian	coupled	0.1	3	op	L	s	198	110
old_italian	coupled	0.1	3	Sol	W	altro	195	51
old_italian	coupled	0.1	3	qokaN	W	non	190	72
old_italian	coupled	0.1	3	qokEdy	W	quella	189	105
old_italian	coupled	0.1	3	qokal	W	tutto	187	41
old_italian	coupled	0.1	3	qokedy	W	disse	185	62
old_italian	coupled	0.1	3	CE	L	i	178	98
old_italian	coupled	0.1	3	Sy	L	l	173	68
old_italian	coupled	0.1	3	eol	L	i	173	75
old_italian	coupled	0.1	3	q	L	s	173	71
old_italian	coupled	0.1	3	CEy	L	l	171	113
old_italian	coupled	0.1	3	Ceol	L	e	167	77
old_italian	coupled	0.1	3	daI	W	perche	165	148
old_italian	coupled	0.1	3	os	L	n	164	86
old_italian	coupled	0.1	3	qol	L	a	158	45
old_italian	coupled	0.1	3	lk	L	s	156	249
old_italian	coupled	0.1	3	qokEy	W	per	149	134
old_italian	coupled	0.1	3	okaN	W	come	144	92
old_italian	coupled	0.1	3	okal	W	altra	143	52
old_italian	coupled	0.1	3	m	L	o	138	80
old_italian	coupled	0.1	3	otal	L	l	130	48
old_italian	coupled	0.1	3	oky	L	o	129	44
old_italian	coupled	0.1	3	oty	L	l	127	48
old_italian	coupled	0.1	3	P	L	n	107	66
old_italian	coupled	0.1	3	n	L	i	86	37
old_italian	coupled	0.1	3	g	L	o	73	38
old_italian	coupled	0.1	3	F	L	s	35	13
old_italian	coupled	0.1	3	I	L	u	18	9
old_italian	coupled	0.1	3	x	L	o	14	11
old_italian	coupled	0.1	3	b	L	n	12	3
old_italian	coupled	0.1	3	j	N		7	3
old_italian	coupled	0.1	3	u	L	r	5	3
old_italian	coupled	0.1	3	c	L	n	4	1
old_italian	coupled	0.1	3	h	N		2	1
old_italian	coupled	0.1	3	z	N		2	1
old_italian	coupled	0.1	3	v	L	n	1	0
old_italian	coupled	0.1	4	ol	D	ii	1825	712
old_italian	coupled	0.1	4	y	S	di	1554	554
old_italian	coupled	0.1	4	C	D	nn	1445	711
old_italian	coupled	0.1	4	ar	S	ne	1423	766
old_italian	coupled	0.1	4	or	S	ti	1322	535
old_italian	coupled	0.1	4	s	S	per	1322	486
old_italian	coupled	0.1	4	aN	S	che	1169	556
old_italian	coupled	0.1	4	d	S	no	1144	597
old_italian	coupled	0.1	4	o	D	ee	1126	609
old_italian	coupled	0.1	4	ok	S	ma	1084	625
old_italian	coupled	0.1	4	ot	S	po	1033	689
old_italian	coupled	0.1	4	k	D	aa	1025	478
old_italian	coupled	0.1	4	al	S	me	915	476
old_italian	coupled	0.1	4	S	S	in	910	439
old_italian	coupled	0.1	4	t	S	ta	883	359
old_italian	coupled	0.1	4	Ce	S	ri	866	609
old_italian	coupled	0.1	4	qok	S	vi	862	444
old_italian	coupled	0.1	4	daN	W	quando	844	387
old_italian	coupled	0.1	4	Cedy	S	le	732	448
old_italian	coupled	0.1	4	qot	S	co	727	353
old_italian	coupled	0.1	4	e	N		699	453
old_italian	coupled	0.1	4	Cy	S	si	671	212
old_italian	coupled	0.1	4	E	N		669	497
old_italian	coupled	0.1	4	l	S	al	666	524
old_italian	coupled	0.1	4	ody	S	to	608	272
old_italian	coupled	0.1	4	dy	S	se	603	204
old_italian	coupled	0.1	4	aI	S	re	597	414
old_italian	coupled	0.1	4	p	S	pe	572	338
old_italian	coupled	0.1	4	Se	S	ci	570	260
old_italian	coupled	0.1	4	Col	S	la	522	188
old_italian	coupled	0.1	4	Cey	S	li	521	264
old_italian	coupled	0.1	4	Ey	S	na	505	370
old_italian	coupled	0.1	4	ey	S	da	498	259
old_italian	coupled	0.1	4	Edy	S	te	469	312
old_italian	coupled	0.1	4	edy	L	i	446	253
old_italian	coupled	0.1	4	od	S	ca	445	222
old_italian	coupled	0.1	4	Sedy	L	e	418	173
old_italian	coupled	0.1	4	am	L	i	408	242
old_italian	coupled	0.1	4	olk	S	de	402	152
old_italian	coupled	0.1	4	yk	L	a	396	149
old_italian	coupled	0.1	4	Cor	L	l	376	100
old_italian	coupled	0.1	4	yt	L	a	375	90
old_italian	coupled	0.1	4	r	L	a	374	250
old_italian	coupled	0.1	4	qo	L	s	371	233
old_italian	coupled	0.1	4	Co	S	mi	364	121
old_italian	coupled	0.1	4	dal	L	e	362	174
old_italian	coupled	0.1	4	T	S	an	344	121
old_italian	coupled	0.1	4	dar	L	e	341	227
old_italian	coupled	0.1	4	Cdy	L	l	331	167
old_italian	coupled	0.1	4	a	N		278	128
old_italian	coupled	0.1	4	Ky	L	a	273	120
old_italian	coupled	0.1	4	ai	S	st	264	143
old_italian	coupled	0.1	4	air	L	i	254	210
old_italian	coupled	0.1	4	Ty	L	a	251	74
old_italian	coupled	0.1	4	K	S	ar	250	98
old_italian	coupled	0.1	4	Sey	L	l	236	148
old_italian	coupled	0.1	4	N	L	o	222	88
old_italian	coupled	0.1	4	f	N		220	104
old_italian	coupled	0.1	4	ky	L	i	204	69
old_italian	coupled	0.1	4	So	L	l	201	76
old_italian	coupled	0.1	4	qokaI	W	che	201	74
old_italian	coupled	0.1	4	i	S	en	199	118
old_italian	coupled	0.1	4	op	L	a	198	110
old_italian	coupled	0.1	4	Sol	W	altro	195	51
old_italian	coupled	0.1	4	qokaN	W	non	190	72
old_italian	coupled	0.1	4	qokEdy	W	quella	189	105
old_italian	coupled	0.1	4	qokal	W	tutto	187	41
old_italian	coupled	0.1	4	qokedy	W	disse	185	62
old_italian	coupled	0.1	4	CE	L	s	178	98
old_italian	coupled	0.1	4	Sy	L	l	173	68
old_italian	coupled	0.1	4	eol	L	r	173	75
old_italian	coupled	0.1	4	q	L	s	173	71
old_italian	coupled	0.1	4	CEy	L	l	171	113
old_italian	coupled	0.1	4	Ceol	L	e	167	77
old_italian	coupled	0.1	4	daI	W	perche	165	148
old_italian	coupled	0.1	4	os	L	i	164	86
old_italian	coupled	0.1	4	qol	L	e	158	45
old_italian	coupled	0.1	4	lk	L	s	156	249
old_italian	coupled	0.1	4	qokEy	W	per	149	134
old_italian	coupled	0.1	4	okaN	W	come	144	92
old_italian	coupled	0.1	4	okal	W	altra	143	52
old_italian	coupled	0.1	4	m	L	o	138	80
old_italian	coupled	0.1	4	otal	L	i	130	48
old_italian	coupled	0.1	4	oky	L	o	129	44
old_italian	coupled	0.1	4	oty	L	e	127	48
old_italian	coupled	0.1	4	P	L	s	107	66
old_italian	coupled	0.1	4	n	L	n	86	37
old_italian	coupled	0.1	4	g	L	o	73	38
old_italian	coupled	0.1	4	F	L	s	35	13
old_italian	coupled	0.1	4	I	L	u	18	9
old_italian	coupled	0.1	4	x	L	o	14	11
old_italian	coupled	0.1	4	b	L	n	12	3
old_italian	coupled	0.1	4	j	N		7	3
old_italian	coupled	0.1	4	u	L	r	5	3
old_italian	coupled	0.1	4	c	L	n	4	1
old_italian	coupled	0.1	4	h	N		2	1
old_italian	coupled	0.1	4	z	N		2	1
old_italian	coupled	0.1	4	v	L	n	1	0
old_italian	coupled	0.1	5	ol	D	ii	1825	712
old_italian	coupled	0.1	5	y	S	no	1554	554
old_italian	coupled	0.1	5	C	D	nn	1445	711
old_italian	coupled	0.1	5	ar	S	si	1423	766
old_italian	coupled	0.1	5	or	S	te	1322	535
old_italian	coupled	0.1	5	s	S	di	1322	486
old_italian	coupled	0.1	5	aN	S	ne	1169	556
old_italian	coupled	0.1	5	d	S	ma	1144	597
old_italian	coupled	0.1	5	o	D	ee	1126	609
old_italian	coupled	0.1	5	ok	S	pe	1084	625
old_italian	coupled	0.1	5	ot	S	po	1033	689
old_italian	coupled	0.1	5	k	D	aa	1025	478
old_italian	coupled	0.1	5	al	S	me	915	476
old_italian	coupled	0.1	5	S	S	ar	910	439
old_italian	coupled	0.1	5	t	S	ca	883	359
old_italian	coupled	0.1	5	Ce	S	ri	866	609
old_italian	coupled	0.1	5	qok	S	per	862	444
old_italian	coupled	0.1	5	daN	W	quando	844	387
old_italian	coupled	0.1	5	Cedy	S	che	732	448
old_italian	coupled	0.1	5	qot	S	co	727	353
old_italian	coupled	0.1	5	e	N		699	453
old_italian	coupled	0.1	5	Cy	S	se	671	212
old_italian	coupled	0.1	5	E	N		669	497
old_italian	coupled	0.1	5	l	S	al	666	524
old_italian	coupled	0.1	5	ody	S	ti	608	272
old_italian	coupled	0.1	5	dy	S	mi	603	204
old_italian	coupled	0.1	5	aI	S	re	597	414
old_italian	coupled	0.1	5	p	S	ve	572	338
old_italian	coupled	0.1	5	Se	S	vi	570	260
old_italian	coupled	0.1	5	Col	S	la	522	188
old_italian	coupled	0.1	5	Cey	S	li	521	264
old_italian	coupled	0.1	5	Ey	S	ra	505	370
old_italian	coupled	0.1	5	ey	S	to	498	259
old_italian	coupled	0.1	5	Edy	S	ro	469	312
old_italian	coupled	0.1	5	edy	L	r	446	253
old_italian	coupled	0.1	5	od	S	ta	445	222
old_italian	coupled	0.1	5	Sedy	L	e	418	173
old_italian	coupled	0.1	5	am	L	i	408	242
old_italian	coupled	0.1	5	olk	S	mo	402	152
old_italian	coupled	0.1	5	yk	L	e	396	149
old_italian	coupled	0.1	5	Cor	L	l	376	100
old_italian	coupled	0.1	5	yt	L	a	375	90
old_italian	coupled	0.1	5	r	L	a	374	250
old_italian	coupled	0.1	5	qo	L	a	371	233
old_italian	coupled	0.1	5	Co	S	in	364	121
old_italian	coupled	0.1	5	dal	L	e	362	174
old_italian	coupled	0.1	5	T	S	da	344	121
old_italian	coupled	0.1	5	dar	L	e	341	227
old_italian	coupled	0.1	5	Cdy	L	i	331	167
old_italian	coupled	0.1	5	a	N		278	128
old_italian	coupled	0.1	5	Ky	L	a	273	120
old_italian	coupled	0.1	5	ai	S	ci	264	143
old_italian	coupled	0.1	5	air	L	l	254	210
old_italian	coupled	0.1	5	Ty	L	a	251	74
old_italian	coupled	0.1	5	K	S	na	250	98
old_italian	coupled	0.1	5	Sey	L	l	236	148
old_italian	coupled	0.1	5	N	L	a	222	88
old_italian	coupled	0.1	5	f	N		220	104
old_italian	coupled	0.1	5	ky	L	o	204	69
old_italian	coupled	0.1	5	So	L	l	201	76
old_italian	coupled	0.1	5	qokaI	W	che	201	74
old_italian	coupled	0.1	5	i	S	tt	199	118
old_italian	coupled	0.1	5	op	L	s	198	110
old_italian	coupled	0.1	5	Sol	W	altro	195	51
old_italian	coupled	0.1	5	qokaN	W	non	190	72
old_italian	coupled	0.1	5	qokEdy	W	quella	189	105
old_italian	coupled	0.1	5	qokal	W	tutto	187	41
old_italian	coupled	0.1	5	qokedy	W	disse	185	62
old_italian	coupled	0.1	5	CE	L	s	178	98
old_italian	coupled	0.1	5	Sy	L	i	173	68
old_italian	coupled	0.1	5	eol	L	r	173	75
old_italian	coupled	0.1	5	q	L	s	173	71
old_italian	coupled	0.1	5	CEy	L	l	171	113
old_italian	coupled	0.1	5	Ceol	L	i	167	77
old_italian	coupled	0.1	5	daI	W	perche	165	148
old_italian	coupled	0.1	5	os	L	o	164	86
old_italian	coupled	0.1	5	qol	L	e	158	45
old_italian	coupled	0.1	5	lk	L	o	156	249
old_italian	coupled	0.1	5	qokEy	W	per	149	134
old_italian	coupled	0.1	5	okaN	W	come	144	92
old_italian	coupled	0.1	5	okal	W	altra	143	52
old_italian	coupled	0.1	5	m	L	o	138	80
old_italian	coupled	0.1	5	otal	L	l	130	48
old_italian	coupled	0.1	5	oky	L	o	129	44
old_italian	coupled	0.1	5	oty	L	e	127	48
old_italian	coupled	0.1	5	P	L	i	107	66
old_italian	coupled	0.1	5	n	L	i	86	37
old_italian	coupled	0.1	5	g	L	o	73	38
old_italian	coupled	0.1	5	F	L	s	35	13
old_italian	coupled	0.1	5	I	L	u	18	9
old_italian	coupled	0.1	5	x	L	s	14	11
old_italian	coupled	0.1	5	b	L	n	12	3
old_italian	coupled	0.1	5	j	N		7	3
old_italian	coupled	0.1	5	u	L	r	5	3
old_italian	coupled	0.1	5	c	L	n	4	1
old_italian	coupled	0.1	5	h	N		2	1
old_italian	coupled	0.1	5	z	N		2	1
old_italian	coupled	0.1	5	v	L	n	1	0
middle_high_german	uncoupled	0.0	0	ol	D	ee	1825	712
middle_high_german	uncoupled	0.0	0	y	S	der	1554	554
middle_high_german	uncoupled	0.0	0	C	D	uu	1445	711
middle_high_german	uncoupled	0.0	0	ar	S	ere	1423	766
middle_high_german	uncoupled	0.0	0	or	S	den	1322	535
middle_high_german	uncoupled	0.0	0	s	S	uue	1322	486
middle_high_german	uncoupled	0.0	0	aN	S	in	1169	556
middle_high_german	uncoupled	0.0	0	d	S	ein	1144	597
middle_high_german	uncoupled	0.0	0	o	D	nn	1126	609
middle_high_german	uncoupled	0.0	0	ok	S	uua	1084	625
middle_high_german	uncoupled	0.0	0	ot	S	ma	1033	689
middle_high_german	uncoupled	0.0	0	k	D	ii	1025	478
middle_high_german	uncoupled	0.0	0	al	S	re	915	476
middle_high_german	uncoupled	0.0	0	S	S	en	910	439
middle_high_german	uncoupled	0.0	0	t	S	si	883	359
middle_high_german	uncoupled	0.0	0	Ce	S	ge	866	609
middle_high_german	uncoupled	0.0	0	qok	S	uui	862	444
middle_high_german	uncoupled	0.0	0	daN	W	sprach	844	387
middle_high_german	uncoupled	0.0	0	Cedy	S	und	732	448
middle_high_german	uncoupled	0.0	0	qot	S	be	727	353
middle_high_german	uncoupled	0.0	0	e	N		699	453
middle_high_german	uncoupled	0.0	0	Cy	S	ze	671	212
middle_high_german	uncoupled	0.0	0	E	N		669	497
middle_high_german	uncoupled	0.0	0	l	S	er	666	524
middle_high_german	uncoupled	0.0	0	ody	S	ie	608	272
middle_high_german	uncoupled	0.0	0	dy	S	de	603	204
middle_high_german	uncoupled	0.0	0	aI	S	nde	597	414
middle_high_german	uncoupled	0.0	0	p	S	uu	572	338
middle_high_german	uncoupled	0.0	0	Se	S	sch	570	260
middle_high_german	uncoupled	0.0	0	Col	S	daz	522	188
middle_high_german	uncoupled	0.0	0	Cey	S	ich	521	264
middle_high_german	uncoupled	0.0	0	Ey	S	te	505	370
middle_high_german	uncoupled	0.0	0	ey	S	che	498	259
middle_high_german	uncoupled	0.0	0	Edy	S	it	469	312
middle_high_german	uncoupled	0.0	0	edy	L	n	446	253
middle_high_german	uncoupled	0.0	0	od	S	ir	445	222
middle_high_german	uncoupled	0.0	0	Sedy	L	e	418	173
middle_high_german	uncoupled	0.0	0	am	L	t	408	242
middle_high_german	uncoupled	0.0	0	olk	S	he	402	152
middle_high_german	uncoupled	0.0	0	yk	L	s	396	149
middle_high_german	uncoupled	0.0	0	Cor	L	e	376	100
middle_high_german	uncoupled	0.0	0	yt	L	s	375	90
middle_high_german	uncoupled	0.0	0	r	L	e	374	250
middle_high_german	uncoupled	0.0	0	qo	L	s	371	233
middle_high_german	uncoupled	0.0	0	Co	S	an	364	121
middle_high_german	uncoupled	0.0	0	dal	L	i	362	174
middle_high_german	uncoupled	0.0	0	T	S	mi	344	121
middle_high_german	uncoupled	0.0	0	dar	L	e	341	227
middle_high_german	uncoupled	0.0	0	Cdy	L	e	331	167
middle_high_german	uncoupled	0.0	0	a	N		278	128
middle_high_german	uncoupled	0.0	0	Ky	L	a	273	120
middle_high_german	uncoupled	0.0	0	ai	S	li	264	143
middle_high_german	uncoupled	0.0	0	air	L	t	254	210
middle_high_german	uncoupled	0.0	0	Ty	L	a	251	74
middle_high_german	uncoupled	0.0	0	K	S	ei	250	98
middle_high_german	uncoupled	0.0	0	Sey	L	e	236	148
middle_high_german	uncoupled	0.0	0	N	L	n	222	88
middle_high_german	uncoupled	0.0	0	f	N		220	104
middle_high_german	uncoupled	0.0	0	ky	L	n	204	69
middle_high_german	uncoupled	0.0	0	So	L	i	201	76
middle_high_german	uncoupled	0.0	0	qokaI	W	uuaere	201	74
middle_high_german	uncoupled	0.0	0	i	S	ch	199	118
middle_high_german	uncoupled	0.0	0	op	L	i	198	110
middle_high_german	uncoupled	0.0	0	Sol	W	ritter	195	51
middle_high_german	uncoupled	0.0	0	qokaN	W	der	190	72
middle_high_german	uncoupled	0.0	0	qokEdy	W	daz	189	105
middle_high_german	uncoupled	0.0	0	qokal	W	uuas	187	41
middle_high_german	uncoupled	0.0	0	qokedy	W	niht	185	62
middle_high_german	uncoupled	0.0	0	CE	L	i	178	98
middle_high_german	uncoupled	0.0	0	Sy	L	n	173	68
middle_high_german	uncoupled	0.0	0	eol	L	n	173	75
middle_high_german	uncoupled	0.0	0	q	L	d	173	71
middle_high_german	uncoupled	0.0	0	CEy	L	n	171	113
middle_high_german	uncoupled	0.0	0	Ceol	L	s	167	77
middle_high_german	uncoupled	0.0	0	daI	W	vrouuuen	165	148
middle_high_german	uncoupled	0.0	0	os	L	r	164	86
middle_high_german	uncoupled	0.0	0	qol	L	s	158	45
middle_high_german	uncoupled	0.0	0	lk	L	s	156	249
middle_high_german	uncoupled	0.0	0	qokEy	W	und	149	134
middle_high_german	uncoupled	0.0	0	okaN	W	uuan	144	92
middle_high_german	uncoupled	0.0	0	okal	W	unde	143	52
middle_high_german	uncoupled	0.0	0	m	L	t	138	80
middle_high_german	uncoupled	0.0	0	otal	L	a	130	48
middle_high_german	uncoupled	0.0	0	oky	L	a	129	44
middle_high_german	uncoupled	0.0	0	oty	L	a	127	48
middle_high_german	uncoupled	0.0	0	P	L	i	107	66
middle_high_german	uncoupled	0.0	0	n	L	t	86	37
middle_high_german	uncoupled	0.0	0	g	L	t	73	38
middle_high_german	uncoupled	0.0	0	F	L	i	35	13
middle_high_german	uncoupled	0.0	0	I	L	r	18	9
middle_high_german	uncoupled	0.0	0	x	L	a	14	11
middle_high_german	uncoupled	0.0	0	b	L	r	12	3
middle_high_german	uncoupled	0.0	0	j	N		7	3
middle_high_german	uncoupled	0.0	0	u	L	z	5	3
middle_high_german	uncoupled	0.0	0	c	L	u	4	1
middle_high_german	uncoupled	0.0	0	h	N		2	1
middle_high_german	uncoupled	0.0	0	z	N		2	1
middle_high_german	uncoupled	0.0	0	v	L	x	1	0
middle_high_german	uncoupled	0.0	1	ol	D	ee	1825	712
middle_high_german	uncoupled	0.0	1	y	S	er	1554	554
middle_high_german	uncoupled	0.0	1	C	D	uu	1445	711
middle_high_german	uncoupled	0.0	1	ar	S	in	1423	766
middle_high_german	uncoupled	0.0	1	or	S	der	1322	535
middle_high_german	uncoupled	0.0	1	s	S	uue	1322	486
middle_high_german	uncoupled	0.0	1	aN	S	ich	1169	556
middle_high_german	uncoupled	0.0	1	d	S	uui	1144	597
middle_high_german	uncoupled	0.0	1	o	D	nn	1126	609
middle_high_german	uncoupled	0.0	1	ok	S	ge	1084	625
middle_high_german	uncoupled	0.0	1	ot	S	be	1033	689
middle_high_german	uncoupled	0.0	1	k	D	ii	1025	478
middle_high_german	uncoupled	0.0	1	al	S	ein	915	476
middle_high_german	uncoupled	0.0	1	S	S	si	910	439
middle_high_german	uncoupled	0.0	1	t	S	sch	883	359
middle_high_german	uncoupled	0.0	1	Ce	S	un	866	609
middle_high_german	uncoupled	0.0	1	qok	S	uua	862	444
middle_high_german	uncoupled	0.0	1	daN	W	sprach	844	387
middle_high_german	uncoupled	0.0	1	Cedy	S	den	732	448
middle_high_german	uncoupled	0.0	1	qot	S	uu	727	353
middle_high_german	uncoupled	0.0	1	e	N		699	453
middle_high_german	uncoupled	0.0	1	Cy	S	ere	671	212
middle_high_german	uncoupled	0.0	1	E	N		669	497
middle_high_german	uncoupled	0.0	1	l	S	en	666	524
middle_high_german	uncoupled	0.0	1	ody	S	ie	608	272
middle_high_german	uncoupled	0.0	1	dy	S	iu	603	204
middle_high_german	uncoupled	0.0	1	aI	S	te	597	414
middle_high_german	uncoupled	0.0	1	p	S	st	572	338
middle_high_german	uncoupled	0.0	1	Se	S	an	570	260
middle_high_german	uncoupled	0.0	1	Col	S	daz	522	188
middle_high_german	uncoupled	0.0	1	Cey	S	und	521	264
middle_high_german	uncoupled	0.0	1	Ey	S	che	505	370
middle_high_german	uncoupled	0.0	1	ey	S	nde	498	259
middle_high_german	uncoupled	0.0	1	Edy	S	it	469	312
middle_high_german	uncoupled	0.0	1	edy	L	t	446	253
middle_high_german	uncoupled	0.0	1	od	S	ei	445	222
middle_high_german	uncoupled	0.0	1	Sedy	L	e	418	173
middle_high_german	uncoupled	0.0	1	am	L	e	408	242
middle_high_german	uncoupled	0.0	1	olk	S	he	402	152
middle_high_german	uncoupled	0.0	1	yk	L	s	396	149
middle_high_german	uncoupled	0.0	1	Cor	L	e	376	100
middle_high_german	uncoupled	0.0	1	yt	L	s	375	90
middle_high_german	uncoupled	0.0	1	r	L	e	374	250
middle_high_german	uncoupled	0.0	1	qo	L	i	371	233
middle_high_german	uncoupled	0.0	1	Co	S	ze	364	121
middle_high_german	uncoupled	0.0	1	dal	L	e	362	174
middle_high_german	uncoupled	0.0	1	T	S	mi	344	121
middle_high_german	uncoupled	0.0	1	dar	L	e	341	227
middle_high_german	uncoupled	0.0	1	Cdy	L	n	331	167
middle_high_german	uncoupled	0.0	1	a	N		278	128
middle_high_german	uncoupled	0.0	1	Ky	L	a	273	120
middle_high_german	uncoupled	0.0	1	ai	S	de	264	143
middle_high_german	uncoupled	0.0	1	air	L	r	254	210
middle_high_german	uncoupled	0.0	1	Ty	L	a	251	74
middle_high_german	uncoupled	0.0	1	K	S	ha	250	98
middle_high_german	uncoupled	0.0	1	Sey	L	n	236	148
middle_high_german	uncoupled	0.0	1	N	L	r	222	88
middle_high_german	uncoupled	0.0	1	f	N		220	104
middle_high_german	uncoupled	0.0	1	ky	L	t	204	69
middle_high_german	uncoupled	0.0	1	So	L	i	201	76
middle_high_german	uncoupled	0.0	1	qokaI	W	der	201	74
middle_high_german	uncoupled	0.0	1	i	S	nt	199	118
middle_high_german	uncoupled	0.0	1	op	L	s	198	110
middle_high_german	uncoupled	0.0	1	Sol	W	vrouuuen	195	51
middle_high_german	uncoupled	0.0	1	qokaN	W	daz	190	72
middle_high_german	uncoupled	0.0	1	qokEdy	W	niht	189	105
middle_high_german	uncoupled	0.0	1	qokal	W	uuaere	187	41
middle_high_german	uncoupled	0.0	1	qokedy	W	und	185	62
middle_high_german	uncoupled	0.0	1	CE	L	i	178	98
middle_high_german	uncoupled	0.0	1	Sy	L	n	173	68
middle_high_german	uncoupled	0.0	1	eol	L	n	173	75
middle_high_german	uncoupled	0.0	1	q	L	i	173	71
middle_high_german	uncoupled	0.0	1	CEy	L	s	171	113
middle_high_german	uncoupled	0.0	1	Ceol	L	s	167	77
middle_high_german	uncoupled	0.0	1	daI	W	ritter	165	148
middle_high_german	uncoupled	0.0	1	os	L	t	164	86
middle_high_german	uncoupled	0.0	1	qol	L	i	158	45
middle_high_german	uncoupled	0.0	1	lk	L	s	156	249
middle_high_german	uncoupled	0.0	1	qokEy	W	uuas	149	134
middle_high_german	uncoupled	0.0	1	okaN	W	uuan	144	92
middle_high_german	uncoupled	0.0	1	okal	W	durch	143	52
middle_high_german	uncoupled	0.0	1	m	L	n	138	80
middle_high_german	uncoupled	0.0	1	otal	L	d	130	48
middle_high_german	uncoupled	0.0	1	oky	L	a	129	44
middle_high_german	uncoupled	0.0	1	oty	L	a	127	48
middle_high_german	uncoupled	0.0	1	P	L	d	107	66
middle_high_german	uncoupled	0.0	1	n	L	n	86	37
middle_high_german	uncoupled	0.0	1	g	L	r	73	38
middle_high_german	uncoupled	0.0	1	F	L	d	35	13
middle_high_german	uncoupled	0.0	1	I	L	u	18	9
middle_high_german	uncoupled	0.0	1	x	L	a	14	11
middle_high_german	uncoupled	0.0	1	b	L	r	12	3
middle_high_german	uncoupled	0.0	1	j	N		7	3
middle_high_german	uncoupled	0.0	1	u	L	r	5	3
middle_high_german	uncoupled	0.0	1	c	L	t	4	1
middle_high_german	uncoupled	0.0	1	h	N		2	1
middle_high_german	uncoupled	0.0	1	z	N		2	1
middle_high_german	uncoupled	0.0	1	v	L	o	1	0
middle_high_german	uncoupled	0.0	2	ol	D	ee	1825	712
middle_high_german	uncoupled	0.0	2	y	S	ere	1554	554
middle_high_german	uncoupled	0.0	2	C	D	uu	1445	711
middle_high_german	uncoupled	0.0	2	ar	S	de	1423	766
middle_high_german	uncoupled	0.0	2	or	S	der	1322	535
middle_high_german	uncoupled	0.0	2	s	S	er	1322	486
middle_high_german	uncoupled	0.0	2	aN	S	den	1169	556
middle_high_german	uncoupled	0.0	2	d	S	sch	1144	597
middle_high_german	uncoupled	0.0	2	o	D	ii	1126	609
middle_high_german	uncoupled	0.0	2	ok	S	uue	1084	625
middle_high_german	uncoupled	0.0	2	ot	S	uui	1033	689
middle_high_german	uncoupled	0.0	2	k	D	aa	1025	478
middle_high_german	uncoupled	0.0	2	al	S	ie	915	476
middle_high_german	uncoupled	0.0	2	S	S	en	910	439
middle_high_german	uncoupled	0.0	2	t	S	be	883	359
middle_high_german	uncoupled	0.0	2	Ce	S	un	866	609
middle_high_german	uncoupled	0.0	2	qok	S	uua	862	444
middle_high_german	uncoupled	0.0	2	daN	W	sprach	844	387
middle_high_german	uncoupled	0.0	2	Cedy	S	ir	732	448
middle_high_german	uncoupled	0.0	2	qot	S	ge	727	353
middle_high_german	uncoupled	0.0	2	e	N		699	453
middle_high_german	uncoupled	0.0	2	Cy	S	ze	671	212
middle_high_german	uncoupled	0.0	2	E	N		669	497
middle_high_german	uncoupled	0.0	2	l	S	und	666	524
middle_high_german	uncoupled	0.0	2	ody	S	te	608	272
middle_high_german	uncoupled	0.0	2	dy	S	ich	603	204
middle_high_german	uncoupled	0.0	2	aI	S	ne	597	414
middle_high_german	uncoupled	0.0	2	p	S	uu	572	338
middle_high_german	uncoupled	0.0	2	Se	S	ein	570	260
middle_high_german	uncoupled	0.0	2	Col	S	daz	522	188
middle_high_german	uncoupled	0.0	2	Cey	S	in	521	264
middle_high_german	uncoupled	0.0	2	Ey	S	st	505	370
middle_high_german	uncoupled	0.0	2	ey	S	ch	498	259
middle_high_german	uncoupled	0.0	2	Edy	S	nde	469	312
middle_high_german	uncoupled	0.0	2	edy	L	n	446	253
middle_high_german	uncoupled	0.0	2	od	S	an	445	222
middle_high_german	uncoupled	0.0	2	Sedy	L	e	418	173
middle_high_german	uncoupled	0.0	2	am	L	r	408	242
middle_high_german	uncoupled	0.0	2	olk	S	ei	402	152
middle_high_german	uncoupled	0.0	2	yk	L	i	396	149
middle_high_german	uncoupled	0.0	2	Cor	L	e	376	100
middle_high_german	uncoupled	0.0	2	yt	L	i	375	90
middle_high_german	uncoupled	0.0	2	r	L	e	374	250
middle_high_german	uncoupled	0.0	2	qo	L	i	371	233
middle_high_german	uncoupled	0.0	2	Co	S	si	364	121
middle_high_german	uncoupled	0.0	2	dal	L	e	362	174
middle_high_german	uncoupled	0.0	2	T	S	mi	344	121
middle_high_german	uncoupled	0.0	2	dar	L	e	341	227
middle_high_german	uncoupled	0.0	2	Cdy	L	e	331	167
middle_high_german	uncoupled	0.0	2	a	N		278	128
middle_high_german	uncoupled	0.0	2	Ky	L	a	273	120
middle_high_german	uncoupled	0.0	2	ai	S	re	264	143
middle_high_german	uncoupled	0.0	2	air	L	n	254	210
middle_high_german	uncoupled	0.0	2	Ty	L	a	251	74
middle_high_german	uncoupled	0.0	2	K	S	li	250	98
middle_high_german	uncoupled	0.0	2	Sey	L	n	236	148
middle_high_german	uncoupled	0.0	2	N	L	n	222	88
middle_high_german	uncoupled	0.0	2	f	N		220	104
middle_high_german	uncoupled	0.0	2	ky	L	s	204	69
middle_high_german	uncoupled	0.0	2	So	L	s	201	76
middle_high_german	uncoupled	0.0	2	qokaI	W	daz	201	74
middle_high_german	uncoupled	0.0	2	i	S	it	199	118
middle_high_german	uncoupled	0.0	2	op	L	m	198	110
middle_high_german	uncoupled	0.0	2	Sol	W	uuaere	195	51
middle_high_german	uncoupled	0.0	2	qokaN	W	niht	190	72
middle_high_german	uncoupled	0.0	2	qokEdy	W	und	189	105
middle_high_german	uncoupled	0.0	2	qokal	W	unde	187	41
middle_high_german	uncoupled	0.0	2	qokedy	W	der	185	62
middle_high_german	uncoupled	0.0	2	CE	L	i	178	98
middle_high_german	uncoupled	0.0	2	Sy	L	r	173	68
middle_high_german	uncoupled	0.0	2	eol	L	n	173	75
middle_high_german	uncoupled	0.0	2	q	L	m	173	71
middle_high_german	uncoupled	0.0	2	CEy	L	t	171	113
middle_high_german	uncoupled	0.0	2	Ceol	L	s	167	77
middle_high_german	uncoupled	0.0	2	daI	W	vrouuuen	165	148
middle_high_german	uncoupled	0.0	2	os	L	s	164	86
middle_high_german	uncoupled	0.0	2	qol	L	s	158	45
middle_high_german	uncoupled	0.0	2	lk	L	i	156	249
middle_high_german	uncoupled	0.0	2	qokEy	W	uuan	149	134
middle_high_german	uncoupled	0.0	2	okaN	W	uuas	144	92
middle_high_german	uncoupled	0.0	2	okal	W	ritter	143	52
middle_high_german	uncoupled	0.0	2	m	L	n	138	80
middle_high_german	uncoupled	0.0	2	otal	L	a	130	48
middle_high_german	uncoupled	0.0	2	oky	L	a	129	44
middle_high_german	uncoupled	0.0	2	oty	L	a	127	48
middle_high_german	uncoupled	0.0	2	P	L	i	107	66
middle_high_german	uncoupled	0.0	2	n	L	s	86	37
middle_high_german	uncoupled	0.0	2	g	L	t	73	38
middle_high_german	uncoupled	0.0	2	F	L	a	35	13
middle_high_german	uncoupled	0.0	2	I	L	r	18	9
middle_high_german	uncoupled	0.0	2	x	L	o	14	11
middle_high_german	uncoupled	0.0	2	b	L	r	12	3
middle_high_german	uncoupled	0.0	2	j	N		7	3
middle_high_german	uncoupled	0.0	2	u	L	r	5	3
middle_high_german	uncoupled	0.0	2	c	L	t	4	1
middle_high_german	uncoupled	0.0	2	h	N		2	1
middle_high_german	uncoupled	0.0	2	z	N		2	1
middle_high_german	uncoupled	0.0	2	v	L	o	1	0
middle_high_german	uncoupled	0.0	3	ol	D	ee	1825	712
middle_high_german	uncoupled	0.0	3	y	S	der	1554	554
middle_high_german	uncoupled	0.0	3	C	D	uu	1445	711
middle_high_german	uncoupled	0.0	3	ar	S	ere	1423	766
middle_high_german	uncoupled	0.0	3	or	S	er	1322	535
middle_high_german	uncoupled	0.0	3	s	S	uue	1322	486
middle_high_german	uncoupled	0.0	3	aN	S	ich	1169	556
middle_high_german	uncoupled	0.0	3	d	S	ge	1144	597
middle_high_german	uncoupled	0.0	3	o	D	ii	1126	609
middle_high_german	uncoupled	0.0	3	ok	S	ein	1084	625
middle_high_german	uncoupled	0.0	3	ot	S	und	1033	689
middle_high_german	uncoupled	0.0	3	k	D	nn	1025	478
middle_high_german	uncoupled	0.0	3	al	S	in	915	476
middle_high_german	uncoupled	0.0	3	S	S	uu	910	439
middle_high_german	uncoupled	0.0	3	t	S	en	883	359
middle_high_german	uncoupled	0.0	3	Ce	S	sch	866	609
middle_high_german	uncoupled	0.0	3	qok	S	uua	862	444
middle_high_german	uncoupled	0.0	3	daN	W	sprach	844	387
middle_high_german	uncoupled	0.0	3	Cedy	S	den	732	448
middle_high_german	uncoupled	0.0	3	qot	S	uui	727	353
middle_high_german	uncoupled	0.0	3	e	N		699	453
middle_high_german	uncoupled	0.0	3	Cy	S	de	671	212
middle_high_german	uncoupled	0.0	3	E	N		669	497
middle_high_german	uncoupled	0.0	3	l	S	un	666	524
middle_high_german	uncoupled	0.0	3	ody	S	ie	608	272
middle_high_german	uncoupled	0.0	3	dy	S	an	603	204
middle_high_german	uncoupled	0.0	3	aI	S	te	597	414
middle_high_german	uncoupled	0.0	3	p	S	ni	572	338
middle_high_german	uncoupled	0.0	3	Se	S	si	570	260
middle_high_german	uncoupled	0.0	3	Col	S	daz	522	188
middle_high_german	uncoupled	0.0	3	Cey	S	ir	521	264
middle_high_german	uncoupled	0.0	3	Ey	S	em	505	370
middle_high_german	uncoupled	0.0	3	ey	S	ne	498	259
middle_high_german	uncoupled	0.0	3	Edy	S	et	469	312
middle_high_german	uncoupled	0.0	3	edy	L	e	446	253
middle_high_german	uncoupled	0.0	3	od	S	es	445	222
middle_high_german	uncoupled	0.0	3	Sedy	L	e	418	173
middle_high_german	uncoupled	0.0	3	am	L	t	408	242
middle_high_german	uncoupled	0.0	3	olk	S	ri	402	152
middle_high_german	uncoupled	0.0	3	yk	L	s	396	149
middle_high_german	uncoupled	0.0	3	Cor	L	e	376	100
middle_high_german	uncoupled	0.0	3	yt	L	s	375	90
middle_high_german	uncoupled	0.0	3	r	L	s	374	250
middle_high_german	uncoupled	0.0	3	qo	L	e	371	233
middle_high_german	uncoupled	0.0	3	Co	S	ze	364	121
middle_high_german	uncoupled	0.0	3	dal	L	e	362	174
middle_high_german	uncoupled	0.0	3	T	S	di	344	121
middle_high_german	uncoupled	0.0	3	dar	L	e	341	227
middle_high_german	uncoupled	0.0	3	Cdy	L	t	331	167
middle_high_german	uncoupled	0.0	3	a	N		278	128
middle_high_german	uncoupled	0.0	3	Ky	L	a	273	120
middle_high_german	uncoupled	0.0	3	ai	S	ma	264	143
middle_high_german	uncoupled	0.0	3	air	L	n	254	210
middle_high_german	uncoupled	0.0	3	Ty	L	a	251	74
middle_high_german	uncoupled	0.0	3	K	S	ar	250	98
middle_high_german	uncoupled	0.0	3	Sey	L	t	236	148
middle_high_german	uncoupled	0.0	3	N	L	n	222	88
middle_high_german	uncoupled	0.0	3	f	N		220	104
middle_high_german	uncoupled	0.0	3	ky	L	n	204	69
middle_high_german	uncoupled	0.0	3	So	L	i	201	76
middle_high_german	uncoupled	0.0	3	qokaI	W	daz	201	74
middle_high_german	uncoupled	0.0	3	i	S	che	199	118
middle_high_german	uncoupled	0.0	3	op	L	s	198	110
middle_high_german	uncoupled	0.0	3	Sol	W	vrouuuen	195	51
middle_high_german	uncoupled	0.0	3	qokaN	W	niht	190	72
middle_high_german	uncoupled	0.0	3	qokEdy	W	der	189	105
middle_high_german	uncoupled	0.0	3	qokal	W	uuaere	187	41
middle_high_german	uncoupled	0.0	3	qokedy	W	uuas	185	62
middle_high_german	uncoupled	0.0	3	CE	L	i	178	98
middle_high_german	uncoupled	0.0	3	Sy	L	t	173	68
middle_high_german	uncoupled	0.0	3	eol	L	t	173	75
middle_high_german	uncoupled	0.0	3	q	L	d	173	71
middle_high_german	uncoupled	0.0	3	CEy	L	t	171	113
middle_high_german	uncoupled	0.0	3	Ceol	L	s	167	77
middle_high_german	uncoupled	0.0	3	daI	W	ritter	165	148
middle_high_german	uncoupled	0.0	3	os	L	r	164	86
middle_high_german	uncoupled	0.0	3	qol	L	m	158	45
middle_high_german	uncoupled	0.0	3	lk	L	s	156	249
middle_high_german	uncoupled	0.0	3	qokEy	W	und	149	134
middle_high_german	uncoupled	0.0	3	okaN	W	uuan	144	92
middle_high_german	uncoupled	0.0	3	okal	W	durch	143	52
middle_high_german	uncoupled	0.0	3	m	L	n	138	80
middle_high_german	uncoupled	0.0	3	otal	L	i	130	48
middle_high_german	uncoupled	0.0	3	oky	L	a	129	44
middle_high_german	uncoupled	0.0	3	oty	L	a	127	48
middle_high_german	uncoupled	0.0	3	P	L	i	107	66
middle_high_german	uncoupled	0.0	3	n	L	n	86	37
middle_high_german	uncoupled	0.0	3	g	L	n	73	38
middle_high_german	uncoupled	0.0	3	F	L	i	35	13
middle_high_german	uncoupled	0.0	3	I	L	a	18	9
middle_high_german	uncoupled	0.0	3	x	L	d	14	11
middle_high_german	uncoupled	0.0	3	b	L	r	12	3
middle_high_german	uncoupled	0.0	3	j	N		7	3
middle_high_german	uncoupled	0.0	3	u	L	r	5	3
middle_high_german	uncoupled	0.0	3	c	L	z	4	1
middle_high_german	uncoupled	0.0	3	h	N		2	1
middle_high_german	uncoupled	0.0	3	z	N		2	1
middle_high_german	uncoupled	0.0	3	v	L	d	1	0
middle_high_german	uncoupled	0.0	4	ol	D	ee	1825	712
middle_high_german	uncoupled	0.0	4	y	S	der	1554	554
middle_high_german	uncoupled	0.0	4	C	D	uu	1445	711
middle_high_german	uncoupled	0.0	4	ar	S	uue	1423	766
middle_high_german	uncoupled	0.0	4	or	S	ere	1322	535
middle_high_german	uncoupled	0.0	4	s	S	und	1322	486
middle_high_german	uncoupled	0.0	4	aN	S	in	1169	556
middle_high_german	uncoupled	0.0	4	d	S	de	1144	597
middle_high_german	uncoupled	0.0	4	o	D	ii	1126	609
middle_high_german	uncoupled	0.0	4	ok	S	er	1084	625
middle_high_german	uncoupled	0.0	4	ot	S	sch	1033	689
middle_high_german	uncoupled	0.0	4	k	D	nn	1025	478
middle_high_german	uncoupled	0.0	4	al	S	ie	915	476
middle_high_german	uncoupled	0.0	4	S	S	uua	910	439
middle_high_german	uncoupled	0.0	4	t	S	be	883	359
middle_high_german	uncoupled	0.0	4	Ce	S	uui	866	609
middle_high_german	uncoupled	0.0	4	qok	S	ge	862	444
middle_high_german	uncoupled	0.0	4	daN	W	sprach	844	387
middle_high_german	uncoupled	0.0	4	Cedy	S	den	732	448
middle_high_german	uncoupled	0.0	4	qot	S	uu	727	353
middle_high_german	uncoupled	0.0	4	e	N		699	453
middle_high_german	uncoupled	0.0	4	Cy	S	ich	671	212
middle_high_german	uncoupled	0.0	4	E	N		669	497
middle_high_german	uncoupled	0.0	4	l	S	an	666	524
middle_high_german	uncoupled	0.0	4	ody	S	nde	608	272
middle_high_german	uncoupled	0.0	4	dy	S	ze	603	204
middle_high_german	uncoupled	0.0	4	aI	S	et	597	414
middle_high_german	uncoupled	0.0	4	p	S	un	572	338
middle_high_german	uncoupled	0.0	4	Se	S	ha	570	260
middle_high_german	uncoupled	0.0	4	Col	S	daz	522	188
middle_high_german	uncoupled	0.0	4	Cey	S	ein	521	264
middle_high_german	uncoupled	0.0	4	Ey	S	te	505	370
middle_high_german	uncoupled	0.0	4	ey	S	re	498	259
middle_high_german	uncoupled	0.0	4	Edy	S	en	469	312
middle_high_german	uncoupled	0.0	4	edy	L	a	446	253
middle_high_german	uncoupled	0.0	4	od	S	ar	445	222
middle_high_german	uncoupled	0.0	4	Sedy	L	e	418	173
middle_high_german	uncoupled	0.0	4	am	L	r	408	242
middle_high_german	uncoupled	0.0	4	olk	S	ri	402	152
middle_high_german	uncoupled	0.0	4	yk	L	s	396	149
middle_high_german	uncoupled	0.0	4	Cor	L	e	376	100
middle_high_german	uncoupled	0.0	4	yt	L	s	375	90
middle_high_german	uncoupled	0.0	4	r	L	e	374	250
middle_high_german	uncoupled	0.0	4	qo	L	s	371	233
middle_high_german	uncoupled	0.0	4	Co	S	si	364	121
middle_high_german	uncoupled	0.0	4	dal	L	e	362	174
middle_high_german	uncoupled	0.0	4	T	S	ma	344	121
middle_high_german	uncoupled	0.0	4	dar	L	e	341	227
middle_high_german	uncoupled	0.0	4	Cdy	L	r	331	167
middle_high_german	uncoupled	0.0	4	a	N		278	128
middle_high_german	uncoupled	0.0	4	Ky	L	a	273	120
middle_high_german	uncoupled	0.0	4	ai	S	he	264	143
middle_high_german	uncoupled	0.0	4	air	L	n	254	210
middle_high_german	uncoupled	0.0	4	Ty	L	a	251	74
middle_high_german	uncoupled	0.0	4	K	S	ir	250	98
middle_high_german	uncoupled	0.0	4	Sey	L	e	236	148
middle_high_german	uncoupled	0.0	4	N	L	n	222	88
middle_high_german	uncoupled	0.0	4	f	N		220	104
middle_high_german	uncoupled	0.0	4	ky	L	n	204	69
middle_high_german	uncoupled	0.0	4	So	L	i	201	76
middle_high_german	uncoupled	0.0	4	qokaI	W	daz	201	74
middle_high_german	uncoupled	0.0	4	i	S	it	199	118
middle_high_german	uncoupled	0.0	4	op	L	i	198	110
middle_high_german	uncoupled	0.0	4	Sol	W	vrouuuen	195	51
middle_high_german	uncoupled	0.0	4	qokaN	W	uuas	190	72
middle_high_german	uncoupled	0.0	4	qokEdy	W	der	189	105
middle_high_german	uncoupled	0.0	4	qokal	W	uuaere	187	41
middle_high_german	uncoupled	0.0	4	qokedy	W	niht	185	62
middle_high_german	uncoupled	0.0	4	CE	L	i	178	98
middle_high_german	uncoupled	0.0	4	Sy	L	s	173	68
middle_high_german	uncoupled	0.0	4	eol	L	t	173	75
middle_high_german	uncoupled	0.0	4	q	L	d	173	71
middle_high_german	uncoupled	0.0	4	CEy	L	n	171	113
middle_high_german	uncoupled	0.0	4	Ceol	L	s	167	77
middle_high_german	uncoupled	0.0	4	daI	W	ritter	165	148
middle_high_german	uncoupled	0.0	4	os	L	n	164	86
middle_high_german	uncoupled	0.0	4	qol	L	i	158	45
middle_high_german	uncoupled	0.0	4	lk	L	s	156	249
middle_high_german	uncoupled	0.0	4	qokEy	W	und	149	134
middle_high_german	uncoupled	0.0	4	okaN	W	unde	144	92
middle_high_german	uncoupled	0.0	4	okal	W	uuan	143	52
middle_high_german	uncoupled	0.0	4	m	L	n	138	80
middle_high_german	uncoupled	0.0	4	otal	L	a	130	48
middle_high_german	uncoupled	0.0	4	oky	L	a	129	44
middle_high_german	uncoupled	0.0	4	oty	L	a	127	48
middle_high_german	uncoupled	0.0	4	P	L	i	107	66
middle_high_german	uncoupled	0.0	4	n	L	r	86	37
middle_high_german	uncoupled	0.0	4	g	L	t	73	38
middle_high_german	uncoupled	0.0	4	F	L	i	35	13
middle_high_german	uncoupled	0.0	4	I	L	r	18	9
middle_high_german	uncoupled	0.0	4	x	L	z	14	11
middle_high_german	uncoupled	0.0	4	b	L	r	12	3
middle_high_german	uncoupled	0.0	4	j	N		7	3
middle_high_german	uncoupled	0.0	4	u	L	r	5	3
middle_high_german	uncoupled	0.0	4	c	L	u	4	1
middle_high_german	uncoupled	0.0	4	h	N		2	1
middle_high_german	uncoupled	0.0	4	z	N		2	1
middle_high_german	uncoupled	0.0	4	v	L	m	1	0
middle_high_german	uncoupled	0.0	5	ol	D	ee	1825	712
middle_high_german	uncoupled	0.0	5	y	S	ere	1554	554
middle_high_german	uncoupled	0.0	5	C	D	uu	1445	711
middle_high_german	uncoupled	0.0	5	ar	S	er	1423	766
middle_high_german	uncoupled	0.0	5	or	S	der	1322	535
middle_high_german	uncoupled	0.0	5	s	S	uue	1322	486
middle_high_german	uncoupled	0.0	5	aN	S	in	1169	556
middle_high_german	uncoupled	0.0	5	d	S	en	1144	597
middle_high_german	uncoupled	0.0	5	o	D	ii	1126	609
middle_high_german	uncoupled	0.0	5	ok	S	ein	1084	625
middle_high_german	uncoupled	0.0	5	ot	S	sch	1033	689
middle_high_german	uncoupled	0.0	5	k	D	nn	1025	478
middle_high_german	uncoupled	0.0	5	al	S	und	915	476
middle_high_german	uncoupled	0.0	5	S	S	si	910	439
middle_high_german	uncoupled	0.0	5	t	S	st	883	359
middle_high_german	uncoupled	0.0	5	Ce	S	uui	866	609
middle_high_german	uncoupled	0.0	5	qok	S	uua	862	444
middle_high_german	uncoupled	0.0	5	daN	W	sprach	844	387
middle_high_german	uncoupled	0.0	5	Cedy	S	ich	732	448
middle_high_german	uncoupled	0.0	5	qot	S	uu	727	353
middle_high_german	uncoupled	0.0	5	e	N		699	453
middle_high_german	uncoupled	0.0	5	Cy	S	an	671	212
middle_high_german	uncoupled	0.0	5	E	N		669	497
middle_high_german	uncoupled	0.0	5	l	S	ge	666	524
middle_high_german	uncoupled	0.0	5	ody	S	nde	608	272
middle_high_german	uncoupled	0.0	5	dy	S	den	603	204
middle_high_german	uncoupled	0.0	5	aI	S	te	597	414
middle_high_german	uncoupled	0.0	5	p	S	le	572	338
middle_high_german	uncoupled	0.0	5	Se	S	di	570	260
middle_high_german	uncoupled	0.0	5	Col	S	daz	522	188
middle_high_german	uncoupled	0.0	5	Cey	S	ir	521	264
middle_high_german	uncoupled	0.0	5	Ey	S	che	505	370
middle_high_german	uncoupled	0.0	5	ey	S	et	498	259
middle_high_german	uncoupled	0.0	5	Edy	S	ie	469	312
middle_high_german	uncoupled	0.0	5	edy	L	e	446	253
middle_high_german	uncoupled	0.0	5	od	S	es	445	222
middle_high_german	uncoupled	0.0	5	Sedy	L	e	418	173
middle_high_german	uncoupled	0.0	5	am	L	t	408	242
middle_high_german	uncoupled	0.0	5	olk	S	ri	402	152
middle_high_german	uncoupled	0.0	5	yk	L	s	396	149
middle_high_german	uncoupled	0.0	5	Cor	L	e	376	100
middle_high_german	uncoupled	0.0	5	yt	L	s	375	90
middle_high_german	uncoupled	0.0	5	r	L	s	374	250
middle_high_german	uncoupled	0.0	5	qo	L	s	371	233
middle_high_german	uncoupled	0.0	5	Co	S	ze	364	121
middle_high_german	uncoupled	0.0	5	dal	L	e	362	174
middle_high_german	uncoupled	0.0	5	T	S	li	344	121
middle_high_german	uncoupled	0.0	5	dar	L	e	341	227
middle_high_german	uncoupled	0.0	5	Cdy	L	e	331	167
middle_high_german	uncoupled	0.0	5	a	N		278	128
middle_high_german	uncoupled	0.0	5	Ky	L	a	273	120
middle_high_german	uncoupled	0.0	5	ai	S	ha	264	143
middle_high_german	uncoupled	0.0	5	air	L	t	254	210
middle_high_german	uncoupled	0.0	5	Ty	L	a	251	74
middle_high_german	uncoupled	0.0	5	K	S	ei	250	98
middle_high_german	uncoupled	0.0	5	Sey	L	t	236	148
middle_high_german	uncoupled	0.0	5	N	L	n	222	88
middle_high_german	uncoupled	0.0	5	f	N		220	104
middle_high_german	uncoupled	0.0	5	ky	L	n	204	69
middle_high_german	uncoupled	0.0	5	So	L	i	201	76
middle_high_german	uncoupled	0.0	5	qokaI	W	uuas	201	74
middle_high_german	uncoupled	0.0	5	i	S	se	199	118
middle_high_german	uncoupled	0.0	5	op	L	m	198	110
middle_high_german	uncoupled	0.0	5	Sol	W	vrouuuen	195	51
middle_high_german	uncoupled	0.0	5	qokaN	W	niht	190	72
middle_high_german	uncoupled	0.0	5	qokEdy	W	der	189	105
middle_high_german	uncoupled	0.0	5	qokal	W	uuaere	187	41
middle_high_german	uncoupled	0.0	5	qokedy	W	daz	185	62
middle_high_german	uncoupled	0.0	5	CE	L	i	178	98
middle_high_german	uncoupled	0.0	5	Sy	L	i	173	68
middle_high_german	uncoupled	0.0	5	eol	L	t	173	75
middle_high_german	uncoupled	0.0	5	q	L	g	173	71
middle_high_german	uncoupled	0.0	5	CEy	L	s	171	113
middle_high_german	uncoupled	0.0	5	Ceol	L	i	167	77
middle_high_german	uncoupled	0.0	5	daI	W	ritter	165	148
middle_high_german	uncoupled	0.0	5	os	L	r	164	86
middle_high_german	uncoupled	0.0	5	qol	L	m	158	45
middle_high_german	uncoupled	0.0	5	lk	L	s	156	249
middle_high_german	uncoupled	0.0	5	qokEy	W	und	149	134
middle_high_german	uncoupled	0.0	5	okaN	W	uuan	144	92
middle_high_german	uncoupled	0.0	5	okal	W	durch	143	52
middle_high_german	uncoupled	0.0	5	m	L	n	138	80
middle_high_german	uncoupled	0.0	5	otal	L	i	130	48
middle_high_german	uncoupled	0.0	5	oky	L	a	129	44
middle_high_german	uncoupled	0.0	5	oty	L	a	127	48
middle_high_german	uncoupled	0.0	5	P	L	i	107	66
middle_high_german	uncoupled	0.0	5	n	L	t	86	37
middle_high_german	uncoupled	0.0	5	g	L	t	73	38
middle_high_german	uncoupled	0.0	5	F	L	d	35	13
middle_high_german	uncoupled	0.0	5	I	L	n	18	9
middle_high_german	uncoupled	0.0	5	x	L	a	14	11
middle_high_german	uncoupled	0.0	5	b	L	n	12	3
middle_high_german	uncoupled	0.0	5	j	N		7	3
middle_high_german	uncoupled	0.0	5	u	L	r	5	3
middle_high_german	uncoupled	0.0	5	c	L	a	4	1
middle_high_german	uncoupled	0.0	5	h	N		2	1
middle_high_german	uncoupled	0.0	5	z	N		2	1
middle_high_german	uncoupled	0.0	5	v	L	o	1	0
middle_high_german	coupled	0.1	0	ol	D	ee	1825	712
middle_high_german	coupled	0.1	0	y	S	der	1554	554
middle_high_german	coupled	0.1	0	C	D	uu	1445	711
middle_high_german	coupled	0.1	0	ar	S	ere	1423	766
middle_high_german	coupled	0.1	0	or	S	den	1322	535
middle_high_german	coupled	0.1	0	s	S	uue	1322	486
middle_high_german	coupled	0.1	0	aN	S	in	1169	556
middle_high_german	coupled	0.1	0	d	S	ein	1144	597
middle_high_german	coupled	0.1	0	o	D	nn	1126	609
middle_high_german	coupled	0.1	0	ok	S	uua	1084	625
middle_high_german	coupled	0.1	0	ot	S	si	1033	689
middle_high_german	coupled	0.1	0	k	D	ii	1025	478
middle_high_german	coupled	0.1	0	al	S	re	915	476
middle_high_german	coupled	0.1	0	S	S	en	910	439
middle_high_german	coupled	0.1	0	t	S	mi	883	359
middle_high_german	coupled	0.1	0	Ce	S	ge	866	609
middle_high_german	coupled	0.1	0	qok	S	uui	862	444
middle_high_german	coupled	0.1	0	daN	W	sprach	844	387
middle_high_german	coupled	0.1	0	Cedy	S	ich	732	448
middle_high_german	coupled	0.1	0	qot	S	be	727	353
middle_high_german	coupled	0.1	0	e	N		699	453
middle_high_german	coupled	0.1	0	Cy	S	de	671	212
middle_high_german	coupled	0.1	0	E	N		669	497
middle_high_german	coupled	0.1	0	l	S	er	666	524
middle_high_german	coupled	0.1	0	ody	S	ie	608	272
middle_high_german	coupled	0.1	0	dy	S	ze	603	204
middle_high_german	coupled	0.1	0	aI	S	nde	597	414
middle_high_german	coupled	0.1	0	p	S	un	572	338
middle_high_german	coupled	0.1	0	Se	S	sch	570	260
middle_high_german	coupled	0.1	0	Col	S	daz	522	188
middle_high_german	coupled	0.1	0	Cey	S	und	521	264
middle_high_german	coupled	0.1	0	Ey	S	te	505	370
middle_high_german	coupled	0.1	0	ey	S	ch	498	259
middle_high_german	coupled	0.1	0	Edy	S	it	469	312
middle_high_german	coupled	0.1	0	edy	L	n	446	253
middle_high_german	coupled	0.1	0	od	S	iu	445	222
middle_high_german	coupled	0.1	0	Sedy	L	e	418	173
middle_high_german	coupled	0.1	0	am	L	t	408	242
middle_high_german	coupled	0.1	0	olk	S	he	402	152
middle_high_german	coupled	0.1	0	yk	L	e	396	149
middle_high_german	coupled	0.1	0	Cor	L	e	376	100
middle_high_german	coupled	0.1	0	yt	L	s	375	90
middle_high_german	coupled	0.1	0	r	L	e	374	250
middle_high_german	coupled	0.1	0	qo	L	s	371	233
middle_high_german	coupled	0.1	0	Co	S	ir	364	121
middle_high_german	coupled	0.1	0	dal	L	i	362	174
middle_high_german	coupled	0.1	0	T	S	ma	344	121
middle_high_german	coupled	0.1	0	dar	L	e	341	227
middle_high_german	coupled	0.1	0	Cdy	L	t	331	167
middle_high_german	coupled	0.1	0	a	N		278	128
middle_high_german	coupled	0.1	0	Ky	L	a	273	120
middle_high_german	coupled	0.1	0	ai	S	le	264	143
middle_high_german	coupled	0.1	0	air	L	s	254	210
middle_high_german	coupled	0.1	0	Ty	L	a	251	74
middle_high_german	coupled	0.1	0	K	S	ei	250	98
middle_high_german	coupled	0.1	0	Sey	L	e	236	148
middle_high_german	coupled	0.1	0	N	L	n	222	88
middle_high_german	coupled	0.1	0	f	N		220	104
middle_high_german	coupled	0.1	0	ky	L	n	204	69
middle_high_german	coupled	0.1	0	So	L	i	201	76
middle_high_german	coupled	0.1	0	qokaI	W	daz	201	74
middle_high_german	coupled	0.1	0	i	S	ue	199	118
middle_high_german	coupled	0.1	0	op	L	s	198	110
middle_high_german	coupled	0.1	0	Sol	W	vrouuuen	195	51
middle_high_german	coupled	0.1	0	qokaN	W	und	190	72
middle_high_german	coupled	0.1	0	qokEdy	W	der	189	105
middle_high_german	coupled	0.1	0	qokal	W	uuaere	187	41
middle_high_german	coupled	0.1	0	qokedy	W	niht	185	62
middle_high_german	coupled	0.1	0	CE	L	i	178	98
middle_high_german	coupled	0.1	0	Sy	L	r	173	68
middle_high_german	coupled	0.1	0	eol	L	n	173	75
middle_high_german	coupled	0.1	0	q	L	d	173	71
middle_high_german	coupled	0.1	0	CEy	L	n	171	113
middle_high_german	coupled	0.1	0	Ceol	L	s	167	77
middle_high_german	coupled	0.1	0	daI	W	ritter	165	148
middle_high_german	coupled	0.1	0	os	L	n	164	86
middle_high_german	coupled	0.1	0	qol	L	i	158	45
middle_high_german	coupled	0.1	0	lk	L	s	156	249
middle_high_german	coupled	0.1	0	qokEy	W	uuan	149	134
middle_high_german	coupled	0.1	0	okaN	W	unde	144	92
middle_high_german	coupled	0.1	0	okal	W	uuas	143	52
middle_high_german	coupled	0.1	0	m	L	t	138	80
middle_high_german	coupled	0.1	0	otal	L	a	130	48
middle_high_german	coupled	0.1	0	oky	L	a	129	44
middle_high_german	coupled	0.1	0	oty	L	a	127	48
middle_high_german	coupled	0.1	0	P	L	i	107	66
middle_high_german	coupled	0.1	0	n	L	t	86	37
middle_high_german	coupled	0.1	0	g	L	t	73	38
middle_high_german	coupled	0.1	0	F	L	i	35	13
middle_high_german	coupled	0.1	0	I	L	r	18	9
middle_high_german	coupled	0.1	0	x	L	a	14	11
middle_high_german	coupled	0.1	0	b	L	r	12	3
middle_high_german	coupled	0.1	0	j	N		7	3
middle_high_german	coupled	0.1	0	u	L	r	5	3
middle_high_german	coupled	0.1	0	c	L	u	4	1
middle_high_german	coupled	0.1	0	h	N		2	1
middle_high_german	coupled	0.1	0	z	N		2	1
middle_high_german	coupled	0.1	0	v	L	o	1	0
middle_high_german	coupled	0.1	1	ol	D	ee	1825	712
middle_high_german	coupled	0.1	1	y	S	er	1554	554
middle_high_german	coupled	0.1	1	C	D	uu	1445	711
middle_high_german	coupled	0.1	1	ar	S	in	1423	766
middle_high_german	coupled	0.1	1	or	S	der	1322	535
middle_high_german	coupled	0.1	1	s	S	uue	1322	486
middle_high_german	coupled	0.1	1	aN	S	ich	1169	556
middle_high_german	coupled	0.1	1	d	S	uui	1144	597
middle_high_german	coupled	0.1	1	o	D	ii	1126	609
middle_high_german	coupled	0.1	1	ok	S	be	1084	625
middle_high_german	coupled	0.1	1	ot	S	ge	1033	689
middle_high_german	coupled	0.1	1	k	D	aa	1025	478
middle_high_german	coupled	0.1	1	al	S	ein	915	476
middle_high_german	coupled	0.1	1	S	S	si	910	439
middle_high_german	coupled	0.1	1	t	S	sch	883	359
middle_high_german	coupled	0.1	1	Ce	S	en	866	609
middle_high_german	coupled	0.1	1	qok	S	uua	862	444
middle_high_german	coupled	0.1	1	daN	W	sprach	844	387
middle_high_german	coupled	0.1	1	Cedy	S	den	732	448
middle_high_german	coupled	0.1	1	qot	S	uu	727	353
middle_high_german	coupled	0.1	1	e	N		699	453
middle_high_german	coupled	0.1	1	Cy	S	ere	671	212
middle_high_german	coupled	0.1	1	E	N		669	497
middle_high_german	coupled	0.1	1	l	S	an	666	524
middle_high_german	coupled	0.1	1	ody	S	ie	608	272
middle_high_german	coupled	0.1	1	dy	S	ze	603	204
middle_high_german	coupled	0.1	1	aI	S	te	597	414
middle_high_german	coupled	0.1	1	p	S	st	572	338
middle_high_german	coupled	0.1	1	Se	S	un	570	260
middle_high_german	coupled	0.1	1	Col	S	daz	522	188
middle_high_german	coupled	0.1	1	Cey	S	und	521	264
middle_high_german	coupled	0.1	1	Ey	S	che	505	370
middle_high_german	coupled	0.1	1	ey	S	nde	498	259
middle_high_german	coupled	0.1	1	Edy	S	it	469	312
middle_high_german	coupled	0.1	1	edy	L	t	446	253
middle_high_german	coupled	0.1	1	od	S	es	445	222
middle_high_german	coupled	0.1	1	Sedy	L	e	418	173
middle_high_german	coupled	0.1	1	am	L	e	408	242
middle_high_german	coupled	0.1	1	olk	S	ri	402	152
middle_high_german	coupled	0.1	1	yk	L	s	396	149
middle_high_german	coupled	0.1	1	Cor	L	e	376	100
middle_high_german	coupled	0.1	1	yt	L	s	375	90
middle_high_german	coupled	0.1	1	r	L	e	374	250
middle_high_german	coupled	0.1	1	qo	L	i	371	233
middle_high_german	coupled	0.1	1	Co	S	ir	364	121
middle_high_german	coupled	0.1	1	dal	L	e	362	174
middle_high_german	coupled	0.1	1	T	S	li	344	121
middle_high_german	coupled	0.1	1	dar	L	e	341	227
middle_high_german	coupled	0.1	1	Cdy	L	n	331	167
middle_high_german	coupled	0.1	1	a	N		278	128
middle_high_german	coupled	0.1	1	Ky	L	a	273	120
middle_high_german	coupled	0.1	1	ai	S	de	264	143
middle_high_german	coupled	0.1	1	air	L	n	254	210
middle_high_german	coupled	0.1	1	Ty	L	a	251	74
middle_high_german	coupled	0.1	1	K	S	ha	250	98
middle_high_german	coupled	0.1	1	Sey	L	n	236	148
middle_high_german	coupled	0.1	1	N	L	n	222	88
middle_high_german	coupled	0.1	1	f	N		220	104
middle_high_german	coupled	0.1	1	ky	L	t	204	69
middle_high_german	coupled	0.1	1	So	L	i	201	76
middle_high_german	coupled	0.1	1	qokaI	W	daz	201	74
middle_high_german	coupled	0.1	1	i	S	ue	199	118
middle_high_german	coupled	0.1	1	op	L	s	198	110
middle_high_german	coupled	0.1	1	Sol	W	vrouuuen	195	51
middle_high_german	coupled	0.1	1	qokaN	W	und	190	72
middle_high_german	coupled	0.1	1	qokEdy	W	der	189	105
middle_high_german	coupled	0.1	1	qokal	W	uuaere	187	41
middle_high_german	coupled	0.1	1	qokedy	W	niht	185	62
middle_high_german	coupled	0.1	1	CE	L	i	178	98
middle_high_german	coupled	0.1	1	Sy	L	r	173	68
middle_high_german	coupled	0.1	1	eol	L	r	173	75
middle_high_german	coupled	0.1	1	q	L	d	173	71
middle_high_german	coupled	0.1	1	CEy	L	n	171	113
middle_high_german	coupled	0.1	1	Ceol	L	a	167	77
middle_high_german	coupled	0.1	1	daI	W	ritter	165	148
middle_high_german	coupled	0.1	1	os	L	s	164	86
middle_high_german	coupled	0.1	1	qol	L	i	158	45
middle_high_german	coupled	0.1	1	lk	L	s	156	249
middle_high_german	coupled	0.1	1	qokEy	W	uuan	149	134
middle_high_german	coupled	0.1	1	okaN	W	unde	144	92
middle_high_german	coupled	0.1	1	okal	W	uuas	143	52
middle_high_german	coupled	0.1	1	m	L	n	138	80
middle_high_german	coupled	0.1	1	otal	L	i	130	48
middle_high_german	coupled	0.1	1	oky	L	a	129	44
middle_high_german	coupled	0.1	1	oty	L	a	127	48
middle_high_german	coupled	0.1	1	P	L	i	107	66
middle_high_german	coupled	0.1	1	n	L	t	86	37
middle_high_german	coupled	0.1	1	g	L	r	73	38
middle_high_german	coupled	0.1	1	F	L	d	35	13
middle_high_german	coupled	0.1	1	I	L	r	18	9
middle_high_german	coupled	0.1	1	x	L	a	14	11
middle_high_german	coupled	0.1	1	b	L	r	12	3
middle_high_german	coupled	0.1	1	j	N		7	3
middle_high_german	coupled	0.1	1	u	L	r	5	3
middle_high_german	coupled	0.1	1	c	L	u	4	1
middle_high_german	coupled	0.1	1	h	N		2	1
middle_high_german	coupled	0.1	1	z	N		2	1
middle_high_german	coupled	0.1	1	v	L	o	1	0
middle_high_german	coupled	0.1	2	ol	D	ee	1825	712
middle_high_german	coupled	0.1	2	y	S	ere	1554	554
middle_high_german	coupled	0.1	2	C	D	uu	1445	711
middle_high_german	coupled	0.1	2	ar	S	de	1423	766
middle_high_german	coupled	0.1	2	or	S	der	1322	535
middle_high_german	coupled	0.1	2	s	S	er	1322	486
middle_high_german	coupled	0.1	2	aN	S	den	1169	556
middle_high_german	coupled	0.1	2	d	S	sch	1144	597
middle_high_german	coupled	0.1	2	o	D	ii	1126	609
middle_high_german	coupled	0.1	2	ok	S	uue	1084	625
middle_high_german	coupled	0.1	2	ot	S	uui	1033	689
middle_high_german	coupled	0.1	2	k	D	aa	1025	478
middle_high_german	coupled	0.1	2	al	S	re	915	476
middle_high_german	coupled	0.1	2	S	S	en	910	439
middle_high_german	coupled	0.1	2	t	S	be	883	359
middle_high_german	coupled	0.1	2	Ce	S	un	866	609
middle_high_german	coupled	0.1	2	qok	S	uua	862	444
middle_high_german	coupled	0.1	2	daN	W	sprach	844	387
middle_high_german	coupled	0.1	2	Cedy	S	und	732	448
middle_high_german	coupled	0.1	2	qot	S	ge	727	353
middle_high_german	coupled	0.1	2	e	N		699	453
middle_high_german	coupled	0.1	2	Cy	S	in	671	212
middle_high_german	coupled	0.1	2	E	N		669	497
middle_high_german	coupled	0.1	2	l	S	ein	666	524
middle_high_german	coupled	0.1	2	ody	S	nde	608	272
middle_high_german	coupled	0.1	2	dy	S	ich	603	204
middle_high_german	coupled	0.1	2	aI	S	te	597	414
middle_high_german	coupled	0.1	2	p	S	uu	572	338
middle_high_german	coupled	0.1	2	Se	S	si	570	260
middle_high_german	coupled	0.1	2	Col	S	daz	522	188
middle_high_german	coupled	0.1	2	Cey	S	ir	521	264
middle_high_german	coupled	0.1	2	Ey	S	che	505	370
middle_high_german	coupled	0.1	2	ey	S	ch	498	259
middle_high_german	coupled	0.1	2	Edy	S	st	469	312
middle_high_german	coupled	0.1	2	edy	L	n	446	253
middle_high_german	coupled	0.1	2	od	S	ie	445	222
middle_high_german	coupled	0.1	2	Sedy	L	e	418	173
middle_high_german	coupled	0.1	2	am	L	r	408	242
middle_high_german	coupled	0.1	2	olk	S	mi	402	152
middle_high_german	coupled	0.1	2	yk	L	i	396	149
middle_high_german	coupled	0.1	2	Cor	L	e	376	100
middle_high_german	coupled	0.1	2	yt	L	i	375	90
middle_high_german	coupled	0.1	2	r	L	e	374	250
middle_high_german	coupled	0.1	2	qo	L	i	371	233
middle_high_german	coupled	0.1	2	Co	S	ze	364	121
middle_high_german	coupled	0.1	2	dal	L	e	362	174
middle_high_german	coupled	0.1	2	T	S	li	344	121
middle_high_german	coupled	0.1	2	dar	L	e	341	227
middle_high_german	coupled	0.1	2	Cdy	L	e	331	167
middle_high_german	coupled	0.1	2	a	N		278	128
middle_high_german	coupled	0.1	2	Ky	L	a	273	120
middle_high_german	coupled	0.1	2	ai	S	ei	264	143
middle_high_german	coupled	0.1	2	air	L	n	254	210
middle_high_german	coupled	0.1	2	Ty	L	a	251	74
middle_high_german	coupled	0.1	2	K	S	ma	250	98
middle_high_german	coupled	0.1	2	Sey	L	n	236	148
middle_high_german	coupled	0.1	2	N	L	n	222	88
middle_high_german	coupled	0.1	2	f	N		220	104
middle_high_german	coupled	0.1	2	ky	L	s	204	69
middle_high_german	coupled	0.1	2	So	L	i	201	76
middle_high_german	coupled	0.1	2	qokaI	W	daz	201	74
middle_high_german	coupled	0.1	2	i	S	ue	199	118
middle_high_german	coupled	0.1	2	op	L	m	198	110
middle_high_german	coupled	0.1	2	Sol	W	vrouuuen	195	51
middle_high_german	coupled	0.1	2	qokaN	W	und	190	72
middle_high_german	coupled	0.1	2	qokEdy	W	der	189	105
middle_high_german	coupled	0.1	2	qokal	W	uuaere	187	41
middle_high_german	coupled	0.1	2	qokedy	W	niht	185	62
middle_high_german	coupled	0.1	2	CE	L	i	178	98
middle_high_german	coupled	0.1	2	Sy	L	r	173	68
middle_high_german	coupled	0.1	2	eol	L	r	173	75
middle_high_german	coupled	0.1	2	q	L	d	173	71
middle_high_german	coupled	0.1	2	CEy	L	t	171	113
middle_high_german	coupled	0.1	2	Ceol	L	a	167	77
middle_high_german	coupled	0.1	2	daI	W	ritter	165	148
middle_high_german	coupled	0.1	2	os	L	n	164	86
middle_high_german	coupled	0.1	2	qol	L	s	158	45
middle_high_german	coupled	0.1	2	lk	L	i	156	249
middle_high_german	coupled	0.1	2	qokEy	W	uuan	149	134
middle_high_german	coupled	0.1	2	okaN	W	unde	144	92
middle_high_german	coupled	0.1	2	okal	W	uuas	143	52
middle_high_german	coupled	0.1	2	m	L	n	138	80
middle_high_german	coupled	0.1	2	otal	L	a	130	48
middle_high_german	coupled	0.1	2	oky	L	a	129	44
middle_high_german	coupled	0.1	2	oty	L	a	127	48
middle_high_german	coupled	0.1	2	P	L	t	107	66
middle_high_german	coupled	0.1	2	n	L	t	86	37
middle_high_german	coupled	0.1	2	g	L	r	73	38
middle_high_german	coupled	0.1	2	F	L	s	35	13
middle_high_german	coupled	0.1	2	I	L	r	18	9
middle_high_german	coupled	0.1	2	x	L	o	14	11
middle_high_german	coupled	0.1	2	b	L	r	12	3
middle_high_german	coupled	0.1	2	j	N		7	3
middle_high_german	coupled	0.1	2	u	L	z	5	3
middle_high_german	coupled	0.1	2	c	L	u	4	1
middle_high_german	coupled	0.1	2	h	N		2	1
middle_high_german	coupled	0.1	2	z	N		2	1
middle_high_german	coupled	0.1	2	v	L	o	1	0
middle_high_german	coupled	0.1	3	ol	D	ee	1825	712
middle_high_german	coupled	0.1	3	y	S	der	1554	554
middle_high_german	coupled	0.1	3	C	D	uu	1445	711
middle_high_german	coupled	0.1	3	ar	S	den	1423	766
middle_high_german	coupled	0.1	3	or	S	ere	1322	535
middle_high_german	coupled	0.1	3	s	S	uue	1322	486
middle_high_german	coupled	0.1	3	aN	S	in	1169	556
middle_high_german	coupled	0.1	3	d	S	ge	1144	597
middle_high_german	coupled	0.1	3	o	D	ii	1126	609
middle_high_german	coupled	0.1	3	ok	S	uui	1084	625
middle_high_german	coupled	0.1	3	ot	S	sch	1033	689
middle_high_german	coupled	0.1	3	k	D	nn	1025	478
middle_high_german	coupled	0.1	3	al	S	er	915	476
middle_high_german	coupled	0.1	3	S	S	uu	910	439
middle_high_german	coupled	0.1	3	t	S	en	883	359
middle_high_german	coupled	0.1	3	Ce	S	uua	866	609
middle_high_german	coupled	0.1	3	qok	S	un	862	444
middle_high_german	coupled	0.1	3	daN	W	sprach	844	387
middle_high_german	coupled	0.1	3	Cedy	S	ich	732	448
middle_high_german	coupled	0.1	3	qot	S	ein	727	353
middle_high_german	coupled	0.1	3	e	N		699	453
middle_high_german	coupled	0.1	3	Cy	S	es	671	212
middle_high_german	coupled	0.1	3	E	N		669	497
middle_high_german	coupled	0.1	3	l	S	und	666	524
middle_high_german	coupled	0.1	3	ody	S	nde	608	272
middle_high_german	coupled	0.1	3	dy	S	an	603	204
middle_high_german	coupled	0.1	3	aI	S	te	597	414
middle_high_german	coupled	0.1	3	p	S	be	572	338
middle_high_german	coupled	0.1	3	Se	S	si	570	260
middle_high_german	coupled	0.1	3	Col	S	daz	522	188
middle_high_german	coupled	0.1	3	Cey	S	ir	521	264
middle_high_german	coupled	0.1	3	Ey	S	el	505	370
middle_high_german	coupled	0.1	3	ey	S	de	498	259
middle_high_german	coupled	0.1	3	Edy	S	et	469	312
middle_high_german	coupled	0.1	3	edy	L	e	446	253
middle_high_german	coupled	0.1	3	od	S	ar	445	222
middle_high_german	coupled	0.1	3	Sedy	L	e	418	173
middle_high_german	coupled	0.1	3	am	L	t	408	242
middle_high_german	coupled	0.1	3	olk	S	ri	402	152
middle_high_german	coupled	0.1	3	yk	L	s	396	149
middle_high_german	coupled	0.1	3	Cor	L	e	376	100
middle_high_german	coupled	0.1	3	yt	L	s	375	90
middle_high_german	coupled	0.1	3	r	L	s	374	250
middle_high_german	coupled	0.1	3	qo	L	e	371	233
middle_high_german	coupled	0.1	3	Co	S	ze	364	121
middle_high_german	coupled	0.1	3	dal	L	e	362	174
middle_high_german	coupled	0.1	3	T	S	ni	344	121
middle_high_german	coupled	0.1	3	dar	L	e	341	227
middle_high_german	coupled	0.1	3	Cdy	L	t	331	167
middle_high_german	coupled	0.1	3	a	N		278	128
middle_high_german	coupled	0.1	3	Ky	L	a	273	120
middle_high_german	coupled	0.1	3	ai	S	ne	264	143
middle_high_german	coupled	0.1	3	air	L	n	254	210
middle_high_german	coupled	0.1	3	Ty	L	a	251	74
middle_high_german	coupled	0.1	3	K	S	ie	250	98
middle_high_german	coupled	0.1	3	Sey	L	t	236	148
middle_high_german	coupled	0.1	3	N	L	n	222	88
middle_high_german	coupled	0.1	3	f	N		220	104
middle_high_german	coupled	0.1	3	ky	L	n	204	69
middle_high_german	coupled	0.1	3	So	L	i	201	76
middle_high_german	coupled	0.1	3	qokaI	W	daz	201	74
middle_high_german	coupled	0.1	3	i	S	ue	199	118
middle_high_german	coupled	0.1	3	op	L	s	198	110
middle_high_german	coupled	0.1	3	Sol	W	vrouuuen	195	51
middle_high_german	coupled	0.1	3	qokaN	W	und	190	72
middle_high_german	coupled	0.1	3	qokEdy	W	der	189	105
middle_high_german	coupled	0.1	3	qokal	W	uuaere	187	41
middle_high_german	coupled	0.1	3	qokedy	W	niht	185	62
middle_high_german	coupled	0.1	3	CE	L	i	178	98
middle_high_german	coupled	0.1	3	Sy	L	r	173	68
middle_high_german	coupled	0.1	3	eol	L	r	173	75
middle_high_german	coupled	0.1	3	q	L	d	173	71
middle_high_german	coupled	0.1	3	CEy	L	n	171	113
middle_high_german	coupled	0.1	3	Ceol	L	s	167	77
middle_high_german	coupled	0.1	3	daI	W	ritter	165	148
middle_high_german	coupled	0.1	3	os	L	n	164	86
middle_high_german	coupled	0.1	3	qol	L	m	158	45
middle_high_german	coupled	0.1	3	lk	L	s	156	249
middle_high_german	coupled	0.1	3	qokEy	W	uuan	149	134
middle_high_german	coupled	0.1	3	okaN	W	unde	144	92
middle_high_german	coupled	0.1	3	okal	W	uuas	143	52
middle_high_german	coupled	0.1	3	m	L	n	138	80
middle_high_german	coupled	0.1	3	otal	L	i	130	48
middle_high_german	coupled	0.1	3	oky	L	a	129	44
middle_high_german	coupled	0.1	3	oty	L	a	127	48
middle_high_german	coupled	0.1	3	P	L	i	107	66
middle_high_german	coupled	0.1	3	n	L	t	86	37
middle_high_german	coupled	0.1	3	g	L	r	73	38
middle_high_german	coupled	0.1	3	F	L	i	35	13
middle_high_german	coupled	0.1	3	I	L	r	18	9
middle_high_german	coupled	0.1	3	x	L	a	14	11
middle_high_german	coupled	0.1	3	b	L	r	12	3
middle_high_german	coupled	0.1	3	j	N		7	3
middle_high_german	coupled	0.1	3	u	L	r	5	3
middle_high_german	coupled	0.1	3	c	L	u	4	1
middle_high_german	coupled	0.1	3	h	N		2	1
middle_high_german	coupled	0.1	3	z	N		2	1
middle_high_german	coupled	0.1	3	v	L	o	1	0
middle_high_german	coupled	0.1	4	ol	D	ee	1825	712
middle_high_german	coupled	0.1	4	y	S	der	1554	554
middle_high_german	coupled	0.1	4	C	D	uu	1445	711
middle_high_german	coupled	0.1	4	ar	S	uue	1423	766
middle_high_german	coupled	0.1	4	or	S	ere	1322	535
middle_high_german	coupled	0.1	4	s	S	und	1322	486
middle_high_german	coupled	0.1	4	aN	S	in	1169	556
middle_high_german	coupled	0.1	4	d	S	de	1144	597
middle_high_german	coupled	0.1	4	o	D	ii	1126	609
middle_high_german	coupled	0.1	4	ok	S	er	1084	625
middle_high_german	coupled	0.1	4	ot	S	sch	1033	689
middle_high_german	coupled	0.1	4	k	D	nn	1025	478
middle_high_german	coupled	0.1	4	al	S	ie	915	476
middle_high_german	coupled	0.1	4	S	S	uua	910	439
middle_high_german	coupled	0.1	4	t	S	be	883	359
middle_high_german	coupled	0.1	4	Ce	S	uui	866	609
middle_high_german	coupled	0.1	4	qok	S	ge	862	444
middle_high_german	coupled	0.1	4	daN	W	sprach	844	387
middle_high_german	coupled	0.1	4	Cedy	S	den	732	448
middle_high_german	coupled	0.1	4	qot	S	uu	727	353
middle_high_german	coupled	0.1	4	e	N		699	453
middle_high_german	coupled	0.1	4	Cy	S	ich	671	212
middle_high_german	coupled	0.1	4	E	N		669	497
middle_high_german	coupled	0.1	4	l	S	an	666	524
middle_high_german	coupled	0.1	4	ody	S	nde	608	272
middle_high_german	coupled	0.1	4	dy	S	ze	603	204
middle_high_german	coupled	0.1	4	aI	S	et	597	414
middle_high_german	coupled	0.1	4	p	S	un	572	338
middle_high_german	coupled	0.1	4	Se	S	ha	570	260
middle_high_german	coupled	0.1	4	Col	S	daz	522	188
middle_high_german	coupled	0.1	4	Cey	S	ein	521	264
middle_high_german	coupled	0.1	4	Ey	S	te	505	370
middle_high_german	coupled	0.1	4	ey	S	re	498	259
middle_high_german	coupled	0.1	4	Edy	S	en	469	312
middle_high_german	coupled	0.1	4	edy	L	o	446	253
middle_high_german	coupled	0.1	4	od	S	es	445	222
middle_high_german	coupled	0.1	4	Sedy	L	e	418	173
middle_high_german	coupled	0.1	4	am	L	r	408	242
middle_high_german	coupled	0.1	4	olk	S	ri	402	152
middle_high_german	coupled	0.1	4	yk	L	s	396	149
middle_high_german	coupled	0.1	4	Cor	L	e	376	100
middle_high_german	coupled	0.1	4	yt	L	s	375	90
middle_high_german	coupled	0.1	4	r	L	e	374	250
middle_high_german	coupled	0.1	4	qo	L	s	371	233
middle_high_german	coupled	0.1	4	Co	S	si	364	121
middle_high_german	coupled	0.1	4	dal	L	e	362	174
middle_high_german	coupled	0.1	4	T	S	ma	344	121
middle_high_german	coupled	0.1	4	dar	L	e	341	227
middle_high_german	coupled	0.1	4	Cdy	L	r	331	167
middle_high_german	coupled	0.1	4	a	N		278	128
middle_high_german	coupled	0.1	4	Ky	L	a	273	120
middle_high_german	coupled	0.1	4	ai	S	he	264	143
middle_high_german	coupled	0.1	4	air	L	n	254	210
middle_high_german	coupled	0.1	4	Ty	L	a	251	74
middle_high_german	coupled	0.1	4	K	S	ir	250	98
middle_high_german	coupled	0.1	4	Sey	L	e	236	148
middle_high_german	coupled	0.1	4	N	L	n	222	88
middle_high_german	coupled	0.1	4	f	N		220	104
middle_high_german	coupled	0.1	4	ky	L	n	204	69
middle_high_german	coupled	0.1	4	So	L	i	201	76
middle_high_german	coupled	0.1	4	qokaI	W	daz	201	74
middle_high_german	coupled	0.1	4	i	S	ue	199	118
middle_high_german	coupled	0.1	4	op	L	i	198	110
middle_high_german	coupled	0.1	4	Sol	W	vrouuuen	195	51
middle_high_german	coupled	0.1	4	qokaN	W	und	190	72
middle_high_german	coupled	0.1	4	qokEdy	W	der	189	105
middle_high_german	coupled	0.1	4	qokal	W	uuaere	187	41
middle_high_german	coupled	0.1	4	qokedy	W	niht	185	62
middle_high_german	coupled	0.1	4	CE	L	i	178	98
middle_high_german	coupled	0.1	4	Sy	L	s	173	68
middle_high_german	coupled	0.1	4	eol	L	s	173	75
middle_high_german	coupled	0.1	4	q	L	d	173	71
middle_high_german	coupled	0.1	4	CEy	L	n	171	113
middle_high_german	coupled	0.1	4	Ceol	L	a	167	77
middle_high_german	coupled	0.1	4	daI	W	ritter	165	148
middle_high_german	coupled	0.1	4	os	L	n	164	86
middle_high_german	coupled	0.1	4	qol	L	i	158	45
middle_high_german	coupled	0.1	4	lk	L	s	156	249
middle_high_german	coupled	0.1	4	qokEy	W	uuan	149	134
middle_high_german	coupled	0.1	4	okaN	W	unde	144	92
middle_high_german	coupled	0.1	4	okal	W	uuas	143	52
middle_high_german	coupled	0.1	4	m	L	n	138	80
middle_high_german	coupled	0.1	4	otal	L	a	130	48
middle_high_german	coupled	0.1	4	oky	L	a	129	44
middle_high_german	coupled	0.1	4	oty	L	a	127	48
middle_high_german	coupled	0.1	4	P	L	i	107	66
middle_high_german	coupled	0.1	4	n	L	r	86	37
middle_high_german	coupled	0.1	4	g	L	r	73	38
middle_high_german	coupled	0.1	4	F	L	i	35	13
middle_high_german	coupled	0.1	4	I	L	r	18	9
middle_high_german	coupled	0.1	4	x	L	z	14	11
middle_high_german	coupled	0.1	4	b	L	r	12	3
middle_high_german	coupled	0.1	4	j	N		7	3
middle_high_german	coupled	0.1	4	u	L	t	5	3
middle_high_german	coupled	0.1	4	c	L	u	4	1
middle_high_german	coupled	0.1	4	h	N		2	1
middle_high_german	coupled	0.1	4	z	N		2	1
middle_high_german	coupled	0.1	4	v	L	o	1	0
middle_high_german	coupled	0.1	5	ol	D	ee	1825	712
middle_high_german	coupled	0.1	5	y	S	er	1554	554
middle_high_german	coupled	0.1	5	C	D	uu	1445	711
middle_high_german	coupled	0.1	5	ar	S	ere	1423	766
middle_high_german	coupled	0.1	5	or	S	der	1322	535
middle_high_german	coupled	0.1	5	s	S	uue	1322	486
middle_high_german	coupled	0.1	5	aN	S	in	1169	556
middle_high_german	coupled	0.1	5	d	S	en	1144	597
middle_high_german	coupled	0.1	5	o	D	ii	1126	609
middle_high_german	coupled	0.1	5	ok	S	uua	1084	625
middle_high_german	coupled	0.1	5	ot	S	sch	1033	689
middle_high_german	coupled	0.1	5	k	D	nn	1025	478
middle_high_german	coupled	0.1	5	al	S	und	915	476
middle_high_german	coupled	0.1	5	S	S	si	910	439
middle_high_german	coupled	0.1	5	t	S	st	883	359
middle_high_german	coupled	0.1	5	Ce	S	uui	866	609
middle_high_german	coupled	0.1	5	qok	S	ein	862	444
middle_high_german	coupled	0.1	5	daN	W	sprach	844	387
middle_high_german	coupled	0.1	5	Cedy	S	ich	732	448
middle_high_german	coupled	0.1	5	qot	S	uu	727	353
middle_high_german	coupled	0.1	5	e	N		699	453
middle_high_german	coupled	0.1	5	Cy	S	ie	671	212
middle_high_german	coupled	0.1	5	E	N		669	497
middle_high_german	coupled	0.1	5	l	S	ge	666	524
middle_high_german	coupled	0.1	5	ody	S	nde	608	272
middle_high_german	coupled	0.1	5	dy	S	den	603	204
middle_high_german	coupled	0.1	5	aI	S	te	597	414
middle_high_german	coupled	0.1	5	p	S	un	572	338
middle_high_german	coupled	0.1	5	Se	S	di	570	260
middle_high_german	coupled	0.1	5	Col	S	daz	522	188
middle_high_german	coupled	0.1	5	Cey	S	ir	521	264
middle_high_german	coupled	0.1	5	Ey	S	che	505	370
middle_high_german	coupled	0.1	5	ey	S	et	498	259
middle_high_german	coupled	0.1	5	Edy	S	ch	469	312
middle_high_german	coupled	0.1	5	edy	L	e	446	253
middle_high_german	coupled	0.1	5	od	S	es	445	222
middle_high_german	coupled	0.1	5	Sedy	L	e	418	173
middle_high_german	coupled	0.1	5	am	L	t	408	242
middle_high_german	coupled	0.1	5	olk	S	ri	402	152
middle_high_german	coupled	0.1	5	yk	L	s	396	149
middle_high_german	coupled	0.1	5	Cor	L	e	376	100
middle_high_german	coupled	0.1	5	yt	L	s	375	90
middle_high_german	coupled	0.1	5	r	L	s	374	250
middle_high_german	coupled	0.1	5	qo	L	s	371	233
middle_high_german	coupled	0.1	5	Co	S	ze	364	121
middle_high_german	coupled	0.1	5	dal	L	e	362	174
middle_high_german	coupled	0.1	5	T	S	li	344	121
middle_high_german	coupled	0.1	5	dar	L	e	341	227
middle_high_german	coupled	0.1	5	Cdy	L	e	331	167
middle_high_german	coupled	0.1	5	a	N		278	128
middle_high_german	coupled	0.1	5	Ky	L	a	273	120
middle_high_german	coupled	0.1	5	ai	S	de	264	143
middle_high_german	coupled	0.1	5	air	L	t	254	210
middle_high_german	coupled	0.1	5	Ty	L	a	251	74
middle_high_german	coupled	0.1	5	K	S	an	250	98
middle_high_german	coupled	0.1	5	Sey	L	t	236	148
middle_high_german	coupled	0.1	5	N	L	n	222	88
middle_high_german	coupled	0.1	5	f	N		220	104
middle_high_german	coupled	0.1	5	ky	L	n	204	69
middle_high_german	coupled	0.1	5	So	L	i	201	76
middle_high_german	coupled	0.1	5	qokaI	W	daz	201	74
middle_high_german	coupled	0.1	5	i	S	ue	199	118
middle_high_german	coupled	0.1	5	op	L	s	198	110
middle_high_german	coupled	0.1	5	Sol	W	vrouuuen	195	51
middle_high_german	coupled	0.1	5	qokaN	W	und	190	72
middle_high_german	coupled	0.1	5	qokEdy	W	der	189	105
middle_high_german	coupled	0.1	5	qokal	W	uuaere	187	41
middle_high_german	coupled	0.1	5	qokedy	W	niht	185	62
middle_high_german	coupled	0.1	5	CE	L	i	178	98
middle_high_german	coupled	0.1	5	Sy	L	r	173	68
middle_high_german	coupled	0.1	5	eol	L	t	173	75
middle_high_german	coupled	0.1	5	q	L	i	173	71
middle_high_german	coupled	0.1	5	CEy	L	n	171	113
middle_high_german	coupled	0.1	5	Ceol	L	a	167	77
middle_high_german	coupled	0.1	5	daI	W	ritter	165	148
middle_high_german	coupled	0.1	5	os	L	r	164	86
middle_high_german	coupled	0.1	5	qol	L	m	158	45
middle_high_german	coupled	0.1	5	lk	L	s	156	249
middle_high_german	coupled	0.1	5	qokEy	W	uuan	149	134
middle_high_german	coupled	0.1	5	okaN	W	unde	144	92
middle_high_german	coupled	0.1	5	okal	W	uuas	143	52
middle_high_german	coupled	0.1	5	m	L	n	138	80
middle_high_german	coupled	0.1	5	otal	L	i	130	48
middle_high_german	coupled	0.1	5	oky	L	a	129	44
middle_high_german	coupled	0.1	5	oty	L	a	127	48
middle_high_german	coupled	0.1	5	P	L	i	107	66
middle_high_german	coupled	0.1	5	n	L	t	86	37
middle_high_german	coupled	0.1	5	g	L	r	73	38
middle_high_german	coupled	0.1	5	F	L	i	35	13
middle_high_german	coupled	0.1	5	I	L	r	18	9
middle_high_german	coupled	0.1	5	x	L	a	14	11
middle_high_german	coupled	0.1	5	b	L	r	12	3
middle_high_german	coupled	0.1	5	j	N		7	3
middle_high_german	coupled	0.1	5	u	L	r	5	3
middle_high_german	coupled	0.1	5	c	L	u	4	1
middle_high_german	coupled	0.1	5	h	N		2	1
middle_high_german	coupled	0.1	5	z	N		2	1
middle_high_german	coupled	0.1	5	v	L	o	1	0
