source_group_id	edition	locus	page	grammar_scope	kind	source_group_index	source_group_count	left_separator	right_separator	ivtff_group_raw	clean_ascii_fragments	clean_ascii_fragment_count	legacy_surface_positions_1based	retained_fragment_positions_1based	omitted_fragment_positions_1based	retained_fragments	omitted_fragments	legacy_mapping_status	formal_impact_class
ZL3b|f103r.6|G012	ZL3b	f103r.6	f103r	CONFIRMED_PROSE	P	12	14	DEFINITE_SPACE	DEFINITE_SPACE	???		0						ZERO_ASCII_FRAGMENT	SOURCE_GROUP_ABSENT_FROM_LEGACY_ASCII
ZL3b|f104v.39|G015	ZL3b	f104v.39	f104v	CONFIRMED_PROSE	P	15	17	UNCERTAIN_SMALL_SPACE	UNCERTAIN_SMALL_SPACE	@206;		0						ZERO_ASCII_FRAGMENT	SOURCE_GROUP_ABSENT_FROM_LEGACY_ASCII
ZL3b|f105r.17|G011	ZL3b	f105r.17	f105r	CONFIRMED_PROSE	P	11	11	DEFINITE_SPACE	LINE_END	q@145;ky	q ky	2	11,12	11	12	q	ky	MULTI_ASCII_FRAGMENT	MULTI_FRAGMENT_MIXED_RETAINED_OMITTED
ZL3b|f111v.15|G014	ZL3b	f111v.15	f111v	CONFIRMED_PROSE	P	14	16	DEFINITE_SPACE	DEFINITE_SPACE	[?:l]		0						ZERO_ASCII_FRAGMENT	SOURCE_GROUP_ABSENT_FROM_LEGACY_ASCII
ZL3b|f112v.47|G001	ZL3b	f112v.47	f112v	CONFIRMED_PROSE	P	1	9	LINE_START	DEFINITE_SPACE	[?:e]		0						ZERO_ASCII_FRAGMENT	SOURCE_GROUP_ABSENT_FROM_LEGACY_ASCII
ZL3b|f113r.1|G001	ZL3b	f113r.1	f113r	CONFIRMED_PROSE	P	1	11	LINE_START	DEFINITE_SPACE	pches@186;chy	pches chy	2	1,2	1,2		pches chy		MULTI_ASCII_FRAGMENT	MULTI_FRAGMENT_ALL_RETAINED
ZL3b|f114r.1|G008	ZL3b	f114r.1	f114r	CONFIRMED_PROSE	P	8	9	DEFINITE_SPACE	DEFINITE_SPACE	o@188;aiin	o aiin	2	8,9	8,9		o aiin		MULTI_ASCII_FRAGMENT	MULTI_FRAGMENT_ALL_RETAINED
ZL3b|f15v.7|G004	ZL3b	f15v.7	f15v	CONFIRMED_PROSE	P	4	9	DEFINITE_SPACE	DEFINITE_SPACE	[?:s]		0						ZERO_ASCII_FRAGMENT	SOURCE_GROUP_ABSENT_FROM_LEGACY_ASCII
ZL3b|f19r.2|G010	ZL3b	f19r.2	f19r	CONFIRMED_PROSE	P	10	11	DEFINITE_SPACE	DEFINITE_SPACE	@241;		0						ZERO_ASCII_FRAGMENT	SOURCE_GROUP_ABSENT_FROM_LEGACY_ASCII
ZL3b|f19r.5|G005	ZL3b	f19r.5	f19r	CONFIRMED_PROSE	P	5	5	DEFINITE_SPACE	LINE_END	@243;		0						ZERO_ASCII_FRAGMENT	SOURCE_GROUP_ABSENT_FROM_LEGACY_ASCII
ZL3b|f1r.7|G002	ZL3b	f1r.7	f1r	CONFIRMED_PROSE	P	2	9	DEFINITE_SPACE	DEFINITE_SPACE	{c'y}		0						ZERO_ASCII_FRAGMENT	SOURCE_GROUP_ABSENT_FROM_LEGACY_ASCII
ZL3b|f20r.5|G007	ZL3b	f20r.5	f20r	CONFIRMED_PROSE	P	7	7	DEFINITE_SPACE	LINE_END	@243;		0						ZERO_ASCII_FRAGMENT	SOURCE_GROUP_ABSENT_FROM_LEGACY_ASCII
ZL3b|f22r.7|G004	ZL3b	f22r.7	f22r	CONFIRMED_PROSE	P	4	9	DEFINITE_SPACE	DEFINITE_SPACE	{c'@162;@136;}		0						ZERO_ASCII_FRAGMENT	SOURCE_GROUP_ABSENT_FROM_LEGACY_ASCII
ZL3b|f22r.8|G008	ZL3b	f22r.8	f22r	CONFIRMED_PROSE	P	8	9	DRAWING_INTERRUPTION	DEFINITE_SPACE	do[@203;:l]iin	do iin	2	8,9	8,9		do iin		MULTI_ASCII_FRAGMENT	MULTI_FRAGMENT_ALL_RETAINED
ZL3b|f24r.7|G001	ZL3b	f24r.7	f24r	CONFIRMED_PROSE	P	1	6	LINE_START	DEFINITE_SPACE	q@145;kar	q kar	2	1,2	1,2		q kar		MULTI_ASCII_FRAGMENT	MULTI_FRAGMENT_ALL_RETAINED
ZL3b|f24v.1|G010	ZL3b	f24v.1	f24v	CONFIRMED_PROSE	P	10	10	UNCERTAIN_SMALL_SPACE	LINE_END	o@146;am	o am	2	10,11	10,11		o am		MULTI_ASCII_FRAGMENT	MULTI_FRAGMENT_ALL_RETAINED
ZL3b|f25v.6|G007	ZL3b	f25v.6	f25v	CONFIRMED_PROSE	P	7	10	DEFINITE_SPACE	DEFINITE_SPACE	@147;		0						ZERO_ASCII_FRAGMENT	SOURCE_GROUP_ABSENT_FROM_LEGACY_ASCII
ZL3b|f28v.9|G004	ZL3b	f28v.9	f28v	CONFIRMED_PROSE	P	4	6	DEFINITE_SPACE	DEFINITE_SPACE	[{c'}:s]		0						ZERO_ASCII_FRAGMENT	SOURCE_GROUP_ABSENT_FROM_LEGACY_ASCII
ZL3b|f29v.10|G004	ZL3b	f29v.10	f29v	CONFIRMED_PROSE	P	4	6	DRAWING_INTERRUPTION	DRAWING_INTERRUPTION	[{cti}:cth]		0						ZERO_ASCII_FRAGMENT	SOURCE_GROUP_ABSENT_FROM_LEGACY_ASCII
ZL3b|f2r.2|G006	ZL3b	f2r.2	f2r	CONFIRMED_PROSE	P	6	6	DEFINITE_SPACE	LINE_END	{cto}		0						ZERO_ASCII_FRAGMENT	SOURCE_GROUP_ABSENT_FROM_LEGACY_ASCII
ZL3b|f33v.1|G010	ZL3b	f33v.1	f33v	CONFIRMED_PROSE	P	10	10	DEFINITE_SPACE	LINE_END	{cs}		0						ZERO_ASCII_FRAGMENT	SOURCE_GROUP_ABSENT_FROM_LEGACY_ASCII
ZL3b|f35v.7|G005	ZL3b	f35v.7	f35v	CONFIRMED_PROSE	P	5	7	DEFINITE_SPACE	UNCERTAIN_SMALL_SPACE	{co}		0						ZERO_ASCII_FRAGMENT	SOURCE_GROUP_ABSENT_FROM_LEGACY_ASCII
ZL3b|f36r.1|G001	ZL3b	f36r.1	f36r	CONFIRMED_PROSE	P	1	8	LINE_START	DEFINITE_SPACE	pcha@151;dan	pcha dan	2	1,2	1,2		pcha dan		MULTI_ASCII_FRAGMENT	MULTI_FRAGMENT_ALL_RETAINED
ZL3b|f36r.4|G005	ZL3b	f36r.4	f36r	CONFIRMED_PROSE	P	5	9	DRAWING_INTERRUPTION	DRAWING_INTERRUPTION	{c'y}		0						ZERO_ASCII_FRAGMENT	SOURCE_GROUP_ABSENT_FROM_LEGACY_ASCII
ZL3b|f38v.7|G005	ZL3b	f38v.7	f38v	CONFIRMED_PROSE	P	5	9	DEFINITE_SPACE	DEFINITE_SPACE	@153;		0						ZERO_ASCII_FRAGMENT	SOURCE_GROUP_ABSENT_FROM_LEGACY_ASCII
ZL3b|f40r.10|G005	ZL3b	f40r.10	f40r	CONFIRMED_PROSE	P	5	9	DEFINITE_SPACE	DEFINITE_SPACE	ka@154;ar	ka ar	2	5,6	5,6		ka ar		MULTI_ASCII_FRAGMENT	MULTI_FRAGMENT_ALL_RETAINED
ZL3b|f42r.19|G006	ZL3b	f42r.19	f42r	CONFIRMED_PROSE	P	6	8	UNCERTAIN_SMALL_SPACE	UNCERTAIN_SMALL_SPACE	{cty}		0						ZERO_ASCII_FRAGMENT	SOURCE_GROUP_ABSENT_FROM_LEGACY_ASCII
ZL3b|f42v.1|G002	ZL3b	f42v.1	f42v	CONFIRMED_PROSE	P	2	9	DEFINITE_SPACE	DEFINITE_SPACE	{cto}		0						ZERO_ASCII_FRAGMENT	SOURCE_GROUP_ABSENT_FROM_LEGACY_ASCII
ZL3b|f49v.11|G001	ZL3b	f49v.11	f49v	DIAGNOSTIC_NONPROSE	L	1	1	LINE_START	LINE_END	@140;		0						ZERO_ASCII_FRAGMENT	SOURCE_GROUP_ABSENT_FROM_LEGACY_ASCII
ZL3b|f49v.21|G001	ZL3b	f49v.21	f49v	DIAGNOSTIC_NONPROSE	L	1	1	LINE_START	LINE_END	@192;		0						ZERO_ASCII_FRAGMENT	SOURCE_GROUP_ABSENT_FROM_LEGACY_ASCII
ZL3b|f49v.27|G001	ZL3b	f49v.27	f49v	DIAGNOSTIC_NONPROSE	L	1	1	LINE_START	LINE_END	@140;		0						ZERO_ASCII_FRAGMENT	SOURCE_GROUP_ABSENT_FROM_LEGACY_ASCII
ZL3b|f49v.29|G001	ZL3b	f49v.29	f49v	DIAGNOSTIC_NONPROSE	L	1	1	LINE_START	LINE_END	@164;		0						ZERO_ASCII_FRAGMENT	SOURCE_GROUP_ABSENT_FROM_LEGACY_ASCII
ZL3b|f49v.35|G001	ZL3b	f49v.35	f49v	DIAGNOSTIC_NONPROSE	L	1	1	LINE_START	LINE_END	@192;		0						ZERO_ASCII_FRAGMENT	SOURCE_GROUP_ABSENT_FROM_LEGACY_ASCII
ZL3b|f49v.41|G001	ZL3b	f49v.41	f49v	DIAGNOSTIC_NONPROSE	L	1	1	LINE_START	LINE_END	@140;		0						ZERO_ASCII_FRAGMENT	SOURCE_GROUP_ABSENT_FROM_LEGACY_ASCII
ZL3b|f49v.46|G003	ZL3b	f49v.46	f49v	CONFIRMED_PROSE	P	3	9	DEFINITE_SPACE	DEFINITE_SPACE	@243;		0						ZERO_ASCII_FRAGMENT	SOURCE_GROUP_ABSENT_FROM_LEGACY_ASCII
ZL3b|f4v.5|G003	ZL3b	f4v.5	f4v	CONFIRMED_PROSE	P	3	7	DEFINITE_SPACE	DEFINITE_SPACE	{cto}		0						ZERO_ASCII_FRAGMENT	SOURCE_GROUP_ABSENT_FROM_LEGACY_ASCII
ZL3b|f53r.8|G006	ZL3b	f53r.8	f53r	CONFIRMED_PROSE	P	6	10	DEFINITE_SPACE	DRAWING_INTERRUPTION	{cto}		0						ZERO_ASCII_FRAGMENT	SOURCE_GROUP_ABSENT_FROM_LEGACY_ASCII
ZL3b|f55r.6|G004	ZL3b	f55r.6	f55r	CONFIRMED_PROSE	P	4	7	DEFINITE_SPACE	DEFINITE_SPACE	ke@166;y	ke y	2	4,5	4	5	ke	y	MULTI_ASCII_FRAGMENT	MULTI_FRAGMENT_MIXED_RETAINED_OMITTED
ZL3b|f55v.8|G007	ZL3b	f55v.8	f55v	CONFIRMED_PROSE	P	7	10	UNCERTAIN_SMALL_SPACE	DEFINITE_SPACE	cho@194;ar	cho ar	2	7,8	7,8		cho ar		MULTI_ASCII_FRAGMENT	MULTI_FRAGMENT_ALL_RETAINED
ZL3b|f56r.1|G001	ZL3b	f56r.1	f56r	CONFIRMED_PROSE	P	1	8	LINE_START	DEFINITE_SPACE	o@167;chal	o chal	2	1,2	1,2		o chal		MULTI_ASCII_FRAGMENT	MULTI_FRAGMENT_ALL_RETAINED
ZL3b|f56r.1|G002	ZL3b	f56r.1	f56r	CONFIRMED_PROSE	P	2	8	DEFINITE_SPACE	DEFINITE_SPACE	chchs@168;y	chchs y	2	3,4	3	4	chchs	y	MULTI_ASCII_FRAGMENT	MULTI_FRAGMENT_MIXED_RETAINED_OMITTED
ZL3b|f57v.3|G013	ZL3b	f57v.3	f57v	DIAGNOSTIC_NONPROSE	C	13	68	DEFINITE_SPACE	DEFINITE_SPACE	@170;		0						ZERO_ASCII_FRAGMENT	SOURCE_GROUP_ABSENT_FROM_LEGACY_ASCII
ZL3b|f57v.3|G014	ZL3b	f57v.3	f57v	DIAGNOSTIC_NONPROSE	C	14	68	DEFINITE_SPACE	DEFINITE_SPACE	@171;		0						ZERO_ASCII_FRAGMENT	SOURCE_GROUP_ABSENT_FROM_LEGACY_ASCII
ZL3b|f57v.3|G017	ZL3b	f57v.3	f57v	DIAGNOSTIC_NONPROSE	C	17	68	DEFINITE_SPACE	DEFINITE_SPACE	@172;		0						ZERO_ASCII_FRAGMENT	SOURCE_GROUP_ABSENT_FROM_LEGACY_ASCII
ZL3b|f57v.3|G030	ZL3b	f57v.3	f57v	DIAGNOSTIC_NONPROSE	C	30	68	DEFINITE_SPACE	DEFINITE_SPACE	@170;		0						ZERO_ASCII_FRAGMENT	SOURCE_GROUP_ABSENT_FROM_LEGACY_ASCII
ZL3b|f57v.3|G031	ZL3b	f57v.3	f57v	DIAGNOSTIC_NONPROSE	C	31	68	DEFINITE_SPACE	DEFINITE_SPACE	@171;		0						ZERO_ASCII_FRAGMENT	SOURCE_GROUP_ABSENT_FROM_LEGACY_ASCII
ZL3b|f57v.3|G034	ZL3b	f57v.3	f57v	DIAGNOSTIC_NONPROSE	C	34	68	DEFINITE_SPACE	DEFINITE_SPACE	@172;		0						ZERO_ASCII_FRAGMENT	SOURCE_GROUP_ABSENT_FROM_LEGACY_ASCII
ZL3b|f57v.3|G047	ZL3b	f57v.3	f57v	DIAGNOSTIC_NONPROSE	C	47	68	DEFINITE_SPACE	DEFINITE_SPACE	@170;		0						ZERO_ASCII_FRAGMENT	SOURCE_GROUP_ABSENT_FROM_LEGACY_ASCII
ZL3b|f57v.3|G048	ZL3b	f57v.3	f57v	DIAGNOSTIC_NONPROSE	C	48	68	DEFINITE_SPACE	DEFINITE_SPACE	@171;		0						ZERO_ASCII_FRAGMENT	SOURCE_GROUP_ABSENT_FROM_LEGACY_ASCII
ZL3b|f57v.3|G051	ZL3b	f57v.3	f57v	DIAGNOSTIC_NONPROSE	C	51	68	DEFINITE_SPACE	DEFINITE_SPACE	@172;		0						ZERO_ASCII_FRAGMENT	SOURCE_GROUP_ABSENT_FROM_LEGACY_ASCII
ZL3b|f57v.3|G064	ZL3b	f57v.3	f57v	DIAGNOSTIC_NONPROSE	C	64	68	DEFINITE_SPACE	DEFINITE_SPACE	@170;		0						ZERO_ASCII_FRAGMENT	SOURCE_GROUP_ABSENT_FROM_LEGACY_ASCII
ZL3b|f57v.3|G065	ZL3b	f57v.3	f57v	DIAGNOSTIC_NONPROSE	C	65	68	DEFINITE_SPACE	DEFINITE_SPACE	@171;		0						ZERO_ASCII_FRAGMENT	SOURCE_GROUP_ABSENT_FROM_LEGACY_ASCII
ZL3b|f57v.3|G068	ZL3b	f57v.3	f57v	DIAGNOSTIC_NONPROSE	C	68	68	DEFINITE_SPACE	LINE_END	@172;		0						ZERO_ASCII_FRAGMENT	SOURCE_GROUP_ABSENT_FROM_LEGACY_ASCII
ZL3b|f57v.4|G023	ZL3b	f57v.4	f57v	DIAGNOSTIC_NONPROSE	C	23	31	DEFINITE_SPACE	DEFINITE_SPACE	{ch'}		0						ZERO_ASCII_FRAGMENT	SOURCE_GROUP_ABSENT_FROM_LEGACY_ASCII
ZL3b|f57v.4|G026	ZL3b	f57v.4	f57v	DIAGNOSTIC_NONPROSE	C	26	31	DEFINITE_SPACE	DEFINITE_SPACE	@172;		0						ZERO_ASCII_FRAGMENT	SOURCE_GROUP_ABSENT_FROM_LEGACY_ASCII
ZL3b|f57v.5|G008	ZL3b	f57v.5	f57v	DIAGNOSTIC_NONPROSE	C	8	35	DEFINITE_SPACE	DEFINITE_SPACE	@170;		0						ZERO_ASCII_FRAGMENT	SOURCE_GROUP_ABSENT_FROM_LEGACY_ASCII
ZL3b|f57v.5|G018	ZL3b	f57v.5	f57v	DIAGNOSTIC_NONPROSE	C	18	35	DEFINITE_SPACE	UNCERTAIN_SMALL_SPACE	@171;		0						ZERO_ASCII_FRAGMENT	SOURCE_GROUP_ABSENT_FROM_LEGACY_ASCII
ZL3b|f5v.2|G002	ZL3b	f5v.2	f5v	CONFIRMED_PROSE	P	2	8	DEFINITE_SPACE	DEFINITE_SPACE	{c'y}		0						ZERO_ASCII_FRAGMENT	SOURCE_GROUP_ABSENT_FROM_LEGACY_ASCII
ZL3b|f66r.24|G001	ZL3b	f66r.24	f66r	DIAGNOSTIC_NONPROSE	L	1	1	LINE_START	LINE_END	@169;		0						ZERO_ASCII_FRAGMENT	SOURCE_GROUP_ABSENT_FROM_LEGACY_ASCII
ZL3b|f66r.38|G001	ZL3b	f66r.38	f66r	DIAGNOSTIC_NONPROSE	L	1	1	LINE_START	LINE_END	@172;<!cf f57v?>		0						ZERO_ASCII_FRAGMENT	SOURCE_GROUP_ABSENT_FROM_LEGACY_ASCII
ZL3b|f66r.42|G001	ZL3b	f66r.42	f66r	DIAGNOSTIC_NONPROSE	L	1	1	LINE_START	LINE_END	@195;		0						ZERO_ASCII_FRAGMENT	SOURCE_GROUP_ABSENT_FROM_LEGACY_ASCII
ZL3b|f66r.62|G007	ZL3b	f66r.62	f66r	CONFIRMED_PROSE	P	7	9	UNCERTAIN_SMALL_SPACE	UNCERTAIN_SMALL_SPACE	{i'h}		0						ZERO_ASCII_FRAGMENT	SOURCE_GROUP_ABSENT_FROM_LEGACY_ASCII
ZL3b|f68r2.31|G012	ZL3b	f68r2.31	f68r2	DIAGNOSTIC_NONPROSE	C	12	12	DEFINITE_SPACE	LINE_END	@231;@232;@233;@234;		0						ZERO_ASCII_FRAGMENT	SOURCE_GROUP_ABSENT_FROM_LEGACY_ASCII
ZL3b|f68r2.7|G001	ZL3b	f68r2.7	f68r2	DIAGNOSTIC_NONPROSE	L	1	1	LINE_START	LINE_END	o@167;olch{c@133;h}y	o olchy	2	1,2	1,2		o olchy		MULTI_ASCII_FRAGMENT	MULTI_FRAGMENT_ALL_RETAINED
ZL3b|f69v.3|G004	ZL3b	f69v.3	f69v	DIAGNOSTIC_NONPROSE	C	4	31	DEFINITE_SPACE	DEFINITE_SPACE	@240;		0						ZERO_ASCII_FRAGMENT	SOURCE_GROUP_ABSENT_FROM_LEGACY_ASCII
ZL3b|f69v.3|G008	ZL3b	f69v.3	f69v	DIAGNOSTIC_NONPROSE	C	8	31	UNCERTAIN_SMALL_SPACE	UNCERTAIN_SMALL_SPACE	@240;		0						ZERO_ASCII_FRAGMENT	SOURCE_GROUP_ABSENT_FROM_LEGACY_ASCII
ZL3b|f6v.5|G002	ZL3b	f6v.5	f6v	CONFIRMED_PROSE	P	2	7	DEFINITE_SPACE	UNCERTAIN_SMALL_SPACE	{c'ha}		0						ZERO_ASCII_FRAGMENT	SOURCE_GROUP_ABSENT_FROM_LEGACY_ASCII
ZL3b|f70v2.21|G001	ZL3b	f70v2.21	f70v2	DIAGNOSTIC_NONPROSE	C	1	32	LINE_START	DEFINITE_SPACE	daii@197;amdy	daii amdy	2	1,2	1,2		daii amdy		MULTI_ASCII_FRAGMENT	MULTI_FRAGMENT_ALL_RETAINED
ZL3b|f72r3.1|G015	ZL3b	f72r3.1	f72r3	DIAGNOSTIC_NONPROSE	C	15	48	DEFINITE_SPACE	DEFINITE_SPACE	???		0						ZERO_ASCII_FRAGMENT	SOURCE_GROUP_ABSENT_FROM_LEGACY_ASCII
ZL3b|f72r3.26|G004	ZL3b	f72r3.26	f72r3	DIAGNOSTIC_NONPROSE	C	4	26	UNCERTAIN_SMALL_SPACE	DEFINITE_SPACE	che@212;shees	che shees	2	4,5	4,5		che shees		MULTI_ASCII_FRAGMENT	MULTI_FRAGMENT_ALL_RETAINED
ZL3b|f72r3.6|G001	ZL3b	f72r3.6	f72r3	DIAGNOSTIC_NONPROSE	L	1	1	LINE_START	LINE_END	oto@192;aiin	oto aiin	2	1,2	1,2		oto aiin		MULTI_ASCII_FRAGMENT	MULTI_FRAGMENT_ALL_RETAINED
ZL3b|f72v2.21|G001	ZL3b	f72v2.21	f72v2	DIAGNOSTIC_NONPROSE	L	1	1	LINE_START	LINE_END	okaiin[:y]	okaiin y	2	1,2	1	2	okaiin	y	MULTI_ASCII_FRAGMENT	MULTI_FRAGMENT_MIXED_RETAINED_OMITTED
ZL3b|f72v3.1|G037	ZL3b	f72v3.1	f72v3	DIAGNOSTIC_NONPROSE	C	37	41	DEFINITE_SPACE	DEFINITE_SPACE	???		0						ZERO_ASCII_FRAGMENT	SOURCE_GROUP_ABSENT_FROM_LEGACY_ASCII
ZL3b|f75v.16|G005	ZL3b	f75v.16	f75v	CONFIRMED_PROSE	P	5	10	DEFINITE_SPACE	DRAWING_INTERRUPTION	?		0						ZERO_ASCII_FRAGMENT	SOURCE_GROUP_ABSENT_FROM_LEGACY_ASCII
ZL3b|f76r.50|G002	ZL3b	f76r.50	f76r	CONFIRMED_PROSE	P	2	9	DEFINITE_SPACE	DEFINITE_SPACE	@174;		0						ZERO_ASCII_FRAGMENT	SOURCE_GROUP_ABSENT_FROM_LEGACY_ASCII
ZL3b|f78v.10|G006	ZL3b	f78v.10	f78v	CONFIRMED_PROSE	P	6	8	DEFINITE_SPACE	DEFINITE_SPACE	qoke[@166;:ee]dy	qoke dy	2	6,7	6	7	qoke	dy	MULTI_ASCII_FRAGMENT	MULTI_FRAGMENT_MIXED_RETAINED_OMITTED
ZL3b|f82v.24|G009	ZL3b	f82v.24	f82v	CONFIRMED_PROSE	P	9	9	UNCERTAIN_SMALL_SPACE	LINE_END	l@152;l	l l	2	9,10	9,10		l l		MULTI_ASCII_FRAGMENT	MULTI_FRAGMENT_ALL_RETAINED
ZL3b|f82v.31|G009	ZL3b	f82v.31	f82v	CONFIRMED_PROSE	P	9	10	UNCERTAIN_SMALL_SPACE	UNCERTAIN_SMALL_SPACE	{i'h}		0						ZERO_ASCII_FRAGMENT	SOURCE_GROUP_ABSENT_FROM_LEGACY_ASCII
ZL3b|f86v6.10|G010	ZL3b	f86v6.10	f86v6	CONFIRMED_PROSE	P	10	10	DEFINITE_SPACE	LINE_END	o@185;y	o y	2	10,11	10	11	o	y	MULTI_ASCII_FRAGMENT	MULTI_FRAGMENT_MIXED_RETAINED_OMITTED
ZL3b|f89r2.9|G001	ZL3b	f89r2.9	f89r2	DIAGNOSTIC_NONPROSE	L	1	1	LINE_START	LINE_END	otold[:y]	otold y	2	1,2	1	2	otold	y	MULTI_ASCII_FRAGMENT	MULTI_FRAGMENT_MIXED_RETAINED_OMITTED
ZL3b|f89v2.21|G005	ZL3b	f89v2.21	f89v2	CONFIRMED_PROSE	P	5	14	DEFINITE_SPACE	DEFINITE_SPACE	chockh[:y]	chockh y	2	5,6	5	6	chockh	y	MULTI_ASCII_FRAGMENT	MULTI_FRAGMENT_MIXED_RETAINED_OMITTED
ZL3b|f8r.18|G004	ZL3b	f8r.18	f8r	CONFIRMED_PROSE	P	4	8	DEFINITE_SPACE	DRAWING_INTERRUPTION	{cl}		0						ZERO_ASCII_FRAGMENT	SOURCE_GROUP_ABSENT_FROM_LEGACY_ASCII
ZL3b|f93v.4|G008	ZL3b	f93v.4	f93v	CONFIRMED_PROSE	P	8	10	DRAWING_INTERRUPTION	DRAWING_INTERRUPTION	{cty}		0						ZERO_ASCII_FRAGMENT	SOURCE_GROUP_ABSENT_FROM_LEGACY_ASCII
ZL3b|fRos.133|G009	ZL3b	fRos.133	fros	DIAGNOSTIC_NONPROSE	C	9	30	DEFINITE_SPACE	DEFINITE_SPACE	???<!long gap>		0						ZERO_ASCII_FRAGMENT	SOURCE_GROUP_ABSENT_FROM_LEGACY_ASCII
ZL3b|fRos.134|G001	ZL3b	fRos.134	fros	DIAGNOSTIC_NONPROSE	L	1	1	LINE_START	LINE_END	o@214;alda	o alda	2	1,2	1,2		o alda		MULTI_ASCII_FRAGMENT	MULTI_FRAGMENT_ALL_RETAINED
ZL3b|fRos.33|G002	ZL3b	fRos.33	fros	DIAGNOSTIC_NONPROSE	L	2	2	DEFINITE_SPACE	LINE_END	o@213;ol{c@133;h}y	o oly	2	2,3	2,3		o oly		MULTI_ASCII_FRAGMENT	MULTI_FRAGMENT_ALL_RETAINED
IT2a|f101v.23|G018	IT2a	f101v.23	f101v	CONFIRMED_PROSE	P	18	26	DEFINITE_SPACE	DEFINITE_SPACE	?		0						ZERO_ASCII_FRAGMENT	SOURCE_GROUP_ABSENT_FROM_LEGACY_ASCII
IT2a|f116r.43|G002	IT2a	f116r.43	f116r	CONFIRMED_PROSE	P	2	13	DEFINITE_SPACE	DEFINITE_SPACE	??		0						ZERO_ASCII_FRAGMENT	SOURCE_GROUP_ABSENT_FROM_LEGACY_ASCII
IT2a|f1r.11|G001	IT2a	f1r.11	f1r	CONFIRMED_PROSE	P	1	9	LINE_START	DEFINITE_SPACE	?		0						ZERO_ASCII_FRAGMENT	SOURCE_GROUP_ABSENT_FROM_LEGACY_ASCII
IT2a|f1r.7|G001	IT2a	f1r.7	f1r	CONFIRMED_PROSE	P	1	11	LINE_START	DEFINITE_SPACE	?		0						ZERO_ASCII_FRAGMENT	SOURCE_GROUP_ABSENT_FROM_LEGACY_ASCII
IT2a|f38v.7|G005	IT2a	f38v.7	f38v	CONFIRMED_PROSE	P	5	9	DEFINITE_SPACE	DEFINITE_SPACE	?		0						ZERO_ASCII_FRAGMENT	SOURCE_GROUP_ABSENT_FROM_LEGACY_ASCII
IT2a|f49v.11|G001	IT2a	f49v.11	f49v	DIAGNOSTIC_NONPROSE	L	1	1	LINE_START	LINE_END	?		0						ZERO_ASCII_FRAGMENT	SOURCE_GROUP_ABSENT_FROM_LEGACY_ASCII
IT2a|f49v.21|G001	IT2a	f49v.21	f49v	DIAGNOSTIC_NONPROSE	L	1	1	LINE_START	LINE_END	?		0						ZERO_ASCII_FRAGMENT	SOURCE_GROUP_ABSENT_FROM_LEGACY_ASCII
IT2a|f49v.27|G001	IT2a	f49v.27	f49v	DIAGNOSTIC_NONPROSE	L	1	1	LINE_START	LINE_END	?		0						ZERO_ASCII_FRAGMENT	SOURCE_GROUP_ABSENT_FROM_LEGACY_ASCII
IT2a|f49v.29|G001	IT2a	f49v.29	f49v	DIAGNOSTIC_NONPROSE	L	1	1	LINE_START	LINE_END	?		0						ZERO_ASCII_FRAGMENT	SOURCE_GROUP_ABSENT_FROM_LEGACY_ASCII
IT2a|f49v.35|G001	IT2a	f49v.35	f49v	DIAGNOSTIC_NONPROSE	L	1	1	LINE_START	LINE_END	?		0						ZERO_ASCII_FRAGMENT	SOURCE_GROUP_ABSENT_FROM_LEGACY_ASCII
IT2a|f49v.41|G001	IT2a	f49v.41	f49v	DIAGNOSTIC_NONPROSE	L	1	1	LINE_START	LINE_END	?		0						ZERO_ASCII_FRAGMENT	SOURCE_GROUP_ABSENT_FROM_LEGACY_ASCII
IT2a|f57v.3|G010	IT2a	f57v.3	f57v	DIAGNOSTIC_NONPROSE	C	10	69	DRAWING_INTERRUPTION	DRAWING_INTERRUPTION	?		0						ZERO_ASCII_FRAGMENT	SOURCE_GROUP_ABSENT_FROM_LEGACY_ASCII
IT2a|f57v.3|G013	IT2a	f57v.3	f57v	DIAGNOSTIC_NONPROSE	C	13	69	DRAWING_INTERRUPTION	DRAWING_INTERRUPTION	?		0						ZERO_ASCII_FRAGMENT	SOURCE_GROUP_ABSENT_FROM_LEGACY_ASCII
IT2a|f57v.3|G014	IT2a	f57v.3	f57v	DIAGNOSTIC_NONPROSE	C	14	69	DRAWING_INTERRUPTION	DRAWING_INTERRUPTION	?		0						ZERO_ASCII_FRAGMENT	SOURCE_GROUP_ABSENT_FROM_LEGACY_ASCII
IT2a|f57v.3|G017	IT2a	f57v.3	f57v	DIAGNOSTIC_NONPROSE	C	17	69	DRAWING_INTERRUPTION	DRAWING_INTERRUPTION	?		0						ZERO_ASCII_FRAGMENT	SOURCE_GROUP_ABSENT_FROM_LEGACY_ASCII
IT2a|f57v.3|G027	IT2a	f57v.3	f57v	DIAGNOSTIC_NONPROSE	C	27	69	DRAWING_INTERRUPTION	DRAWING_INTERRUPTION	?		0						ZERO_ASCII_FRAGMENT	SOURCE_GROUP_ABSENT_FROM_LEGACY_ASCII
IT2a|f57v.3|G030	IT2a	f57v.3	f57v	DIAGNOSTIC_NONPROSE	C	30	69	DRAWING_INTERRUPTION	DRAWING_INTERRUPTION	?		0						ZERO_ASCII_FRAGMENT	SOURCE_GROUP_ABSENT_FROM_LEGACY_ASCII
IT2a|f57v.3|G031	IT2a	f57v.3	f57v	DIAGNOSTIC_NONPROSE	C	31	69	DRAWING_INTERRUPTION	DRAWING_INTERRUPTION	?		0						ZERO_ASCII_FRAGMENT	SOURCE_GROUP_ABSENT_FROM_LEGACY_ASCII
IT2a|f57v.3|G034	IT2a	f57v.3	f57v	DIAGNOSTIC_NONPROSE	C	34	69	DRAWING_INTERRUPTION	DRAWING_INTERRUPTION	?		0						ZERO_ASCII_FRAGMENT	SOURCE_GROUP_ABSENT_FROM_LEGACY_ASCII
IT2a|f57v.3|G044	IT2a	f57v.3	f57v	DIAGNOSTIC_NONPROSE	C	44	69	DRAWING_INTERRUPTION	DRAWING_INTERRUPTION	?		0						ZERO_ASCII_FRAGMENT	SOURCE_GROUP_ABSENT_FROM_LEGACY_ASCII
IT2a|f57v.3|G047	IT2a	f57v.3	f57v	DIAGNOSTIC_NONPROSE	C	47	69	DRAWING_INTERRUPTION	DRAWING_INTERRUPTION	?		0						ZERO_ASCII_FRAGMENT	SOURCE_GROUP_ABSENT_FROM_LEGACY_ASCII
IT2a|f57v.3|G048	IT2a	f57v.3	f57v	DIAGNOSTIC_NONPROSE	C	48	69	DRAWING_INTERRUPTION	DRAWING_INTERRUPTION	?		0						ZERO_ASCII_FRAGMENT	SOURCE_GROUP_ABSENT_FROM_LEGACY_ASCII
IT2a|f57v.3|G051	IT2a	f57v.3	f57v	DIAGNOSTIC_NONPROSE	C	51	69	DRAWING_INTERRUPTION	DRAWING_INTERRUPTION	?		0						ZERO_ASCII_FRAGMENT	SOURCE_GROUP_ABSENT_FROM_LEGACY_ASCII
IT2a|f57v.3|G061	IT2a	f57v.3	f57v	DIAGNOSTIC_NONPROSE	C	61	69	DRAWING_INTERRUPTION	DRAWING_INTERRUPTION	?		0						ZERO_ASCII_FRAGMENT	SOURCE_GROUP_ABSENT_FROM_LEGACY_ASCII
IT2a|f57v.3|G064	IT2a	f57v.3	f57v	DIAGNOSTIC_NONPROSE	C	64	69	DRAWING_INTERRUPTION	DRAWING_INTERRUPTION	?		0						ZERO_ASCII_FRAGMENT	SOURCE_GROUP_ABSENT_FROM_LEGACY_ASCII
IT2a|f57v.3|G065	IT2a	f57v.3	f57v	DIAGNOSTIC_NONPROSE	C	65	69	DRAWING_INTERRUPTION	DRAWING_INTERRUPTION	?		0						ZERO_ASCII_FRAGMENT	SOURCE_GROUP_ABSENT_FROM_LEGACY_ASCII
IT2a|f57v.4|G026	IT2a	f57v.4	f57v	DIAGNOSTIC_NONPROSE	C	26	31	DEFINITE_SPACE	DEFINITE_SPACE	?		0						ZERO_ASCII_FRAGMENT	SOURCE_GROUP_ABSENT_FROM_LEGACY_ASCII
IT2a|f57v.5|G008	IT2a	f57v.5	f57v	DIAGNOSTIC_NONPROSE	C	8	33	DEFINITE_SPACE	DEFINITE_SPACE	?		0						ZERO_ASCII_FRAGMENT	SOURCE_GROUP_ABSENT_FROM_LEGACY_ASCII
IT2a|f57v.5|G018	IT2a	f57v.5	f57v	DIAGNOSTIC_NONPROSE	C	18	33	DEFINITE_SPACE	DEFINITE_SPACE	?		0						ZERO_ASCII_FRAGMENT	SOURCE_GROUP_ABSENT_FROM_LEGACY_ASCII
IT2a|f57v.5|G022	IT2a	f57v.5	f57v	DIAGNOSTIC_NONPROSE	C	22	33	DEFINITE_SPACE	DEFINITE_SPACE	?		0						ZERO_ASCII_FRAGMENT	SOURCE_GROUP_ABSENT_FROM_LEGACY_ASCII
IT2a|f66r.24|G001	IT2a	f66r.24	f66r	DIAGNOSTIC_NONPROSE	L	1	1	LINE_START	LINE_END	?		0						ZERO_ASCII_FRAGMENT	SOURCE_GROUP_ABSENT_FROM_LEGACY_ASCII
IT2a|f66r.42|G001	IT2a	f66r.42	f66r	DIAGNOSTIC_NONPROSE	L	1	1	LINE_START	LINE_END	?		0						ZERO_ASCII_FRAGMENT	SOURCE_GROUP_ABSENT_FROM_LEGACY_ASCII
IT2a|f71v.1|G017	IT2a	f71v.1	f71v	DIAGNOSTIC_NONPROSE	C	17	38	DEFINITE_SPACE	DEFINITE_SPACE	???		0						ZERO_ASCII_FRAGMENT	SOURCE_GROUP_ABSENT_FROM_LEGACY_ASCII
RF1b|f100r.12|G005	RF1b	f100r.12	f100r	CONFIRMED_PROSE	P	5	9	DEFINITE_SPACE	DEFINITE_SPACE	{c@132;h}da@168;oto	da oto	2	5,6	5,6		da oto		MULTI_ASCII_FRAGMENT	MULTI_FRAGMENT_ALL_RETAINED
RF1b|f100r.13|G006	RF1b	f100r.13	f100r	CONFIRMED_PROSE	P	6	8	DEFINITE_SPACE	DEFINITE_SPACE	s@221;rarydaiin	s rarydaiin	2	6,7	6,7		s rarydaiin		MULTI_ASCII_FRAGMENT	MULTI_FRAGMENT_ALL_RETAINED
RF1b|f100r.15|G007	RF1b	f100r.15	f100r	CONFIRMED_PROSE	P	7	7	DEFINITE_SPACE	LINE_END	d@221;rea	d rea	2	7,8	7,8		d rea		MULTI_ASCII_FRAGMENT	MULTI_FRAGMENT_ALL_RETAINED
RF1b|f100r.7|G001	RF1b	f100r.7	f100r	DIAGNOSTIC_NONPROSE	L	1	1	LINE_START	LINE_END	ee@221;lsain	ee lsain	2	1,2	1,2		ee lsain		MULTI_ASCII_FRAGMENT	MULTI_FRAGMENT_ALL_RETAINED
RF1b|f100v.13|G002	RF1b	f100v.13	f100v	DIAGNOSTIC_NONPROSE	L	2	2	DEFINITE_SPACE	LINE_END	cth@221;ral	cth ral	2	2,3	2,3		cth ral		MULTI_ASCII_FRAGMENT	MULTI_FRAGMENT_ALL_RETAINED
RF1b|f100v.20|G005	RF1b	f100v.20	f100v	CONFIRMED_PROSE	P	5	8	DEFINITE_SPACE	DEFINITE_SPACE	s@221;raloaly	s raloaly	2	5,6	5,6		s raloaly		MULTI_ASCII_FRAGMENT	MULTI_FRAGMENT_ALL_RETAINED
RF1b|f101r.1|G010	RF1b	f101r.1	f101r	CONFIRMED_PROSE	P	10	23	DEFINITE_SPACE	DEFINITE_SPACE	che@221;r	che r	2	10,11	10,11		che r		MULTI_ASCII_FRAGMENT	MULTI_FRAGMENT_ALL_RETAINED
RF1b|f101r.2|G016	RF1b	f101r.2	f101r	CONFIRMED_PROSE	P	16	24	DEFINITE_SPACE	DEFINITE_SPACE	qokch@221;l	qokch l	2	16,17	16,17		qokch l		MULTI_ASCII_FRAGMENT	MULTI_FRAGMENT_ALL_RETAINED
RF1b|f101r.3|G003	RF1b	f101r.3	f101r	CONFIRMED_PROSE	P	3	26	DEFINITE_SPACE	DEFINITE_SPACE	@243;		0						ZERO_ASCII_FRAGMENT	SOURCE_GROUP_ABSENT_FROM_LEGACY_ASCII
RF1b|f101r.3|G018	RF1b	f101r.3	f101r	CONFIRMED_PROSE	P	18	26	DEFINITE_SPACE	DEFINITE_SPACE	qot@221;iir	qot iir	2	17,18	17,18		qot iir		MULTI_ASCII_FRAGMENT	MULTI_FRAGMENT_ALL_RETAINED
RF1b|f101r.6|G007	RF1b	f101r.6	f101r	CONFIRMED_PROSE	P	7	17	DEFINITE_SPACE	DEFINITE_SPACE	che@221;s	che s	2	7,8	7,8		che s		MULTI_ASCII_FRAGMENT	MULTI_FRAGMENT_ALL_RETAINED
RF1b|f101r.7|G006	RF1b	f101r.7	f101r	CONFIRMED_PROSE	P	6	20	DEFINITE_SPACE	DEFINITE_SPACE	ot@221;iin	ot iin	2	6,7	6,7		ot iin		MULTI_ASCII_FRAGMENT	MULTI_FRAGMENT_ALL_RETAINED
RF1b|f101r.7|G013	RF1b	f101r.7	f101r	CONFIRMED_PROSE	P	13	20	DEFINITE_SPACE	DEFINITE_SPACE	sheo@221;r	sheo r	2	14,15	14,15		sheo r		MULTI_ASCII_FRAGMENT	MULTI_FRAGMENT_ALL_RETAINED
RF1b|f101r.9|G002	RF1b	f101r.9	f101r	CONFIRMED_PROSE	P	2	25	DEFINITE_SPACE	DEFINITE_SPACE	oke@221;l	oke l	2	2,3	2,3		oke l		MULTI_ASCII_FRAGMENT	MULTI_FRAGMENT_ALL_RETAINED
RF1b|f101r.9|G021	RF1b	f101r.9	f101r	CONFIRMED_PROSE	P	21	25	DEFINITE_SPACE	DEFINITE_SPACE	@222;		0						ZERO_ASCII_FRAGMENT	SOURCE_GROUP_ABSENT_FROM_LEGACY_ASCII
RF1b|f101v.2|G001	RF1b	f101v.2	f101v	DIAGNOSTIC_NONPROSE	L	1	1	LINE_START	LINE_END	otal@152;y	otal y	2	1,2	1	2	otal	y	MULTI_ASCII_FRAGMENT	MULTI_FRAGMENT_MIXED_RETAINED_OMITTED
RF1b|f101v.20|G007	RF1b	f101v.20	f101v	CONFIRMED_PROSE	P	7	27	DEFINITE_SPACE	DEFINITE_SPACE	ch@221;r	ch r	2	7,8	7,8		ch r		MULTI_ASCII_FRAGMENT	MULTI_FRAGMENT_ALL_RETAINED
RF1b|f101v.20|G023	RF1b	f101v.20	f101v	CONFIRMED_PROSE	P	23	27	DRAWING_INTERRUPTION	DRAWING_INTERRUPTION	okeeo@152;y	okeeo y	2	24,25	24	25	okeeo	y	MULTI_ASCII_FRAGMENT	MULTI_FRAGMENT_MIXED_RETAINED_OMITTED
RF1b|f101v.21|G005	RF1b	f101v.21	f101v	CONFIRMED_PROSE	P	5	15	DEFINITE_SPACE	DEFINITE_SPACE	{ykh}o@152;y	o y	2	5,6	5	6	o	y	MULTI_ASCII_FRAGMENT	MULTI_FRAGMENT_MIXED_RETAINED_OMITTED
RF1b|f101v.22|G015	RF1b	f101v.22	f101v	CONFIRMED_PROSE	P	15	26	UNCERTAIN_SMALL_SPACE	UNCERTAIN_SMALL_SPACE	???		0						ZERO_ASCII_FRAGMENT	SOURCE_GROUP_ABSENT_FROM_LEGACY_ASCII
RF1b|f101v.23|G017	RF1b	f101v.23	f101v	CONFIRMED_PROSE	P	17	26	DEFINITE_SPACE	DEFINITE_SPACE	ol@152;aiin	ol aiin	2	17,18	17,18		ol aiin		MULTI_ASCII_FRAGMENT	MULTI_FRAGMENT_ALL_RETAINED
RF1b|f101v.23|G025	RF1b	f101v.23	f101v	CONFIRMED_PROSE	P	25	26	DEFINITE_SPACE	DEFINITE_SPACE	chol@152;y	chol y	2	26,27	26	27	chol	y	MULTI_ASCII_FRAGMENT	MULTI_FRAGMENT_MIXED_RETAINED_OMITTED
RF1b|f101v.24|G001	RF1b	f101v.24	f101v	CONFIRMED_PROSE	P	1	19	LINE_START	DEFINITE_SPACE	teee@221;l	teee l	2	1,2	1,2		teee l		MULTI_ASCII_FRAGMENT	MULTI_FRAGMENT_ALL_RETAINED
RF1b|f101v.25|G018	RF1b	f101v.25	f101v	CONFIRMED_PROSE	P	18	22	DEFINITE_SPACE	DEFINITE_SPACE	etee@221;s	etee s	2	18,19	18,19		etee s		MULTI_ASCII_FRAGMENT	MULTI_FRAGMENT_ALL_RETAINED
RF1b|f101v.26|G011	RF1b	f101v.26	f101v	CONFIRMED_PROSE	P	11	25	DEFINITE_SPACE	UNCERTAIN_SMALL_SPACE	???		0						ZERO_ASCII_FRAGMENT	SOURCE_GROUP_ABSENT_FROM_LEGACY_ASCII
RF1b|f101v.26|G019	RF1b	f101v.26	f101v	CONFIRMED_PROSE	P	19	25	DEFINITE_SPACE	DEFINITE_SPACE	o@152;y	o y	2	18,19	18	19	o	y	MULTI_ASCII_FRAGMENT	MULTI_FRAGMENT_MIXED_RETAINED_OMITTED
RF1b|f101v.27|G001	RF1b	f101v.27	f101v	CONFIRMED_PROSE	P	1	21	LINE_START	DEFINITE_SPACE	s@221;l	s l	2	1,2	1,2		s l		MULTI_ASCII_FRAGMENT	MULTI_FRAGMENT_ALL_RETAINED
RF1b|f101v.28|G010	RF1b	f101v.28	f101v	CONFIRMED_PROSE	P	10	10	DEFINITE_SPACE	LINE_END	qk@221;r	qk r	2	10,11	10,11		qk r		MULTI_ASCII_FRAGMENT	MULTI_FRAGMENT_ALL_RETAINED
RF1b|f101v.3|G001	RF1b	f101v.3	f101v	DIAGNOSTIC_NONPROSE	L	1	1	LINE_START	LINE_END	ot@221;l	ot l	2	1,2	1,2		ot l		MULTI_ASCII_FRAGMENT	MULTI_FRAGMENT_ALL_RETAINED
RF1b|f102r1.10|G002	RF1b	f102r1.10	f102r1	CONFIRMED_PROSE	P	2	9	DEFINITE_SPACE	DEFINITE_SPACE	shol@152;y	shol y	2	2,3	2	3	shol	y	MULTI_ASCII_FRAGMENT	MULTI_FRAGMENT_MIXED_RETAINED_OMITTED
RF1b|f102r1.13|G006	RF1b	f102r1.13	f102r1	CONFIRMED_PROSE	P	6	7	DEFINITE_SPACE	DEFINITE_SPACE	qoke@221;l	qoke l	2	6,7	6,7		qoke l		MULTI_ASCII_FRAGMENT	MULTI_FRAGMENT_ALL_RETAINED
RF1b|f102r1.14|G004	RF1b	f102r1.14	f102r1	CONFIRMED_PROSE	P	4	11	DEFINITE_SPACE	DEFINITE_SPACE	d@221;or	d or	2	4,5	4,5		d or		MULTI_ASCII_FRAGMENT	MULTI_FRAGMENT_ALL_RETAINED
RF1b|f102r1.15|G006	RF1b	f102r1.15	f102r1	CONFIRMED_PROSE	P	6	9	DEFINITE_SPACE	DEFINITE_SPACE	qokeo@152;y	qokeo y	2	6,7	6	7	qokeo	y	MULTI_ASCII_FRAGMENT	MULTI_FRAGMENT_MIXED_RETAINED_OMITTED
RF1b|f102r1.17|G001	RF1b	f102r1.17	f102r1	CONFIRMED_PROSE	P	1	6	LINE_START	DEFINITE_SPACE	y@152;ar	y ar	2	1,2	2	1	ar	y	MULTI_ASCII_FRAGMENT	MULTI_FRAGMENT_MIXED_RETAINED_OMITTED
RF1b|f102r1.9|G006	RF1b	f102r1.9	f102r1	CONFIRMED_PROSE	P	6	7	DEFINITE_SPACE	DEFINITE_SPACE	qoksh@152;y	qoksh y	2	6,7	6	7	qoksh	y	MULTI_ASCII_FRAGMENT	MULTI_FRAGMENT_MIXED_RETAINED_OMITTED
RF1b|f102r2.12|G010	RF1b	f102r2.12	f102r2	CONFIRMED_PROSE	P	10	10	DEFINITE_SPACE	LINE_END	okeo@152;y	okeo y	2	10,11	10	11	okeo	y	MULTI_ASCII_FRAGMENT	MULTI_FRAGMENT_MIXED_RETAINED_OMITTED
RF1b|f102r2.13|G001	RF1b	f102r2.13	f102r2	DIAGNOSTIC_NONPROSE	L	1	1	LINE_START	LINE_END	doeekes@221;g	doeekes g	2	1,2	1	2	doeekes	g	MULTI_ASCII_FRAGMENT	MULTI_FRAGMENT_MIXED_RETAINED_OMITTED
RF1b|f102r2.15|G001	RF1b	f102r2.15	f102r2	DIAGNOSTIC_NONPROSE	L	1	1	LINE_START	LINE_END	ra???@152;ch	ra ch	2	1,2	1,2		ra ch		MULTI_ASCII_FRAGMENT	MULTI_FRAGMENT_ALL_RETAINED
RF1b|f102r2.19|G002	RF1b	f102r2.19	f102r2	CONFIRMED_PROSE	P	2	10	DEFINITE_SPACE	DEFINITE_SPACE	oke@221;l	oke l	2	2,3	2,3		oke l		MULTI_ASCII_FRAGMENT	MULTI_FRAGMENT_ALL_RETAINED
RF1b|f102r2.19|G007	RF1b	f102r2.19	f102r2	CONFIRMED_PROSE	P	7	10	DEFINITE_SPACE	DEFINITE_SPACE	q@221;key	q key	2	8,9	8,9		q key		MULTI_ASCII_FRAGMENT	MULTI_FRAGMENT_ALL_RETAINED
RF1b|f102r2.19|G010	RF1b	f102r2.19	f102r2	CONFIRMED_PROSE	P	10	10	DEFINITE_SPACE	LINE_END	cho@152;y	cho y	2	12,13	12	13	cho	y	MULTI_ASCII_FRAGMENT	MULTI_FRAGMENT_MIXED_RETAINED_OMITTED
RF1b|f102r2.3|G006	RF1b	f102r2.3	f102r2	CONFIRMED_PROSE	P	6	8	DEFINITE_SPACE	DEFINITE_SPACE	qok@221;l	qok l	2	6,7	6,7		qok l		MULTI_ASCII_FRAGMENT	MULTI_FRAGMENT_ALL_RETAINED
RF1b|f102r2.9|G007	RF1b	f102r2.9	f102r2	CONFIRMED_PROSE	P	7	10	DEFINITE_SPACE	DEFINITE_SPACE	ckhe@221;l	ckhe l	2	7,8	7,8		ckhe l		MULTI_ASCII_FRAGMENT	MULTI_FRAGMENT_ALL_RETAINED
RF1b|f102v1.11|G008	RF1b	f102v1.11	f102v1	CONFIRMED_PROSE	P	8	11	DEFINITE_SPACE	DEFINITE_SPACE	k@221;lcheey	k lcheey	2	8,9	8,9		k lcheey		MULTI_ASCII_FRAGMENT	MULTI_FRAGMENT_ALL_RETAINED
RF1b|f102v1.21|G001	RF1b	f102v1.21	f102v1	CONFIRMED_PROSE	P	1	9	LINE_START	DEFINITE_SPACE	qoeeo@152;y	qoeeo y	2	1,2	1	2	qoeeo	y	MULTI_ASCII_FRAGMENT	MULTI_FRAGMENT_MIXED_RETAINED_OMITTED
RF1b|f102v1.21|G003	RF1b	f102v1.21	f102v1	CONFIRMED_PROSE	P	3	9	DEFINITE_SPACE	DEFINITE_SPACE	okeo@152;y	okeo y	2	4,5	4	5	okeo	y	MULTI_ASCII_FRAGMENT	MULTI_FRAGMENT_MIXED_RETAINED_OMITTED
RF1b|f102v1.21|G007	RF1b	f102v1.21	f102v1	CONFIRMED_PROSE	P	7	9	UNCERTAIN_SMALL_SPACE	DEFINITE_SPACE	d@221;iin	d iin	2	9,10	9,10		d iin		MULTI_ASCII_FRAGMENT	MULTI_FRAGMENT_ALL_RETAINED
RF1b|f102v1.5|G001	RF1b	f102v1.5	f102v1	DIAGNOSTIC_NONPROSE	L	1	1	LINE_START	LINE_END	yp@221;ry	yp ry	2	1,2	2	1	ry	yp	MULTI_ASCII_FRAGMENT	MULTI_FRAGMENT_MIXED_RETAINED_OMITTED
RF1b|f102v1.7|G001	RF1b	f102v1.7	f102v1	CONFIRMED_PROSE	P	1	8	LINE_START	DEFINITE_SPACE	p@221;aiin	p aiin	2	1,2	2	1	aiin	p	MULTI_ASCII_FRAGMENT	MULTI_FRAGMENT_MIXED_RETAINED_OMITTED
RF1b|f102v2.10|G001	RF1b	f102v2.10	f102v2	DIAGNOSTIC_NONPROSE	L	1	1	LINE_START	LINE_END	oko@152;y	oko y	2	1,2	1	2	oko	y	MULTI_ASCII_FRAGMENT	MULTI_FRAGMENT_MIXED_RETAINED_OMITTED
RF1b|f102v2.17|G001	RF1b	f102v2.17	f102v2	CONFIRMED_PROSE	P	1	7	LINE_START	DEFINITE_SPACE	po@152;eesheo	po eesheo	2	1,2	1,2		po eesheo		MULTI_ASCII_FRAGMENT	MULTI_FRAGMENT_ALL_RETAINED
RF1b|f102v2.18|G008	RF1b	f102v2.18	f102v2	CONFIRMED_PROSE	P	8	8	DEFINITE_SPACE	LINE_END	@221;		0						ZERO_ASCII_FRAGMENT	SOURCE_GROUP_ABSENT_FROM_LEGACY_ASCII
RF1b|f102v2.20|G005	RF1b	f102v2.20	f102v2	CONFIRMED_PROSE	P	5	12	DEFINITE_SPACE	DEFINITE_SPACE	qokeo@152;y	qokeo y	2	5,6	5	6	qokeo	y	MULTI_ASCII_FRAGMENT	MULTI_FRAGMENT_MIXED_RETAINED_OMITTED
RF1b|f102v2.20|G011	RF1b	f102v2.20	f102v2	CONFIRMED_PROSE	P	11	12	DEFINITE_SPACE	DEFINITE_SPACE	to@152;y	to y	2	12,13	12	13	to	y	MULTI_ASCII_FRAGMENT	MULTI_FRAGMENT_MIXED_RETAINED_OMITTED
RF1b|f102v2.22|G001	RF1b	f102v2.22	f102v2	CONFIRMED_PROSE	P	1	14	LINE_START	DEFINITE_SPACE	d@221;in	d in	2	1,2	1,2		d in		MULTI_ASCII_FRAGMENT	MULTI_FRAGMENT_ALL_RETAINED
RF1b|f102v2.30|G003	RF1b	f102v2.30	f102v2	CONFIRMED_PROSE	P	3	8	DEFINITE_SPACE	DEFINITE_SPACE	pche@221;@152;y	pche y	2	3,4	3	4	pche	y	MULTI_ASCII_FRAGMENT	MULTI_FRAGMENT_MIXED_RETAINED_OMITTED
RF1b|f102v2.30|G008	RF1b	f102v2.30	f102v2	CONFIRMED_PROSE	P	8	8	DEFINITE_SPACE	LINE_END	dee@221;r	dee r	2	9,10	9,10		dee r		MULTI_ASCII_FRAGMENT	MULTI_FRAGMENT_ALL_RETAINED
RF1b|f102v2.31|G006	RF1b	f102v2.31	f102v2	CONFIRMED_PROSE	P	6	9	DEFINITE_SPACE	DEFINITE_SPACE	oee@221;r	oee r	2	6,7	6,7		oee r		MULTI_ASCII_FRAGMENT	MULTI_FRAGMENT_ALL_RETAINED
RF1b|f102v2.32|G003	RF1b	f102v2.32	f102v2	CONFIRMED_PROSE	P	3	12	DEFINITE_SPACE	DEFINITE_SPACE	sho@221;r	sho r	2	3,4	3,4		sho r		MULTI_ASCII_FRAGMENT	MULTI_FRAGMENT_ALL_RETAINED
RF1b|f102v2.35|G007	RF1b	f102v2.35	f102v2	CONFIRMED_PROSE	P	7	9	DEFINITE_SPACE	DEFINITE_SPACE	che@221;teody	che teody	2	7,8	7,8		che teody		MULTI_ASCII_FRAGMENT	MULTI_FRAGMENT_ALL_RETAINED
RF1b|f102v2.36|G004	RF1b	f102v2.36	f102v2	CONFIRMED_PROSE	P	4	9	DEFINITE_SPACE	DEFINITE_SPACE	s@221;r	s r	2	4,5	4,5		s r		MULTI_ASCII_FRAGMENT	MULTI_FRAGMENT_ALL_RETAINED
RF1b|f103r.12|G006	RF1b	f103r.12	f103r	CONFIRMED_PROSE	P	6	9	DEFINITE_SPACE	DEFINITE_SPACE	kee@152;y	kee y	2	6,7	6	7	kee	y	MULTI_ASCII_FRAGMENT	MULTI_FRAGMENT_MIXED_RETAINED_OMITTED
RF1b|f103r.12|G009	RF1b	f103r.12	f103r	CONFIRMED_PROSE	P	9	9	DEFINITE_SPACE	LINE_END	ote@152;y	ote y	2	10,11	10	11	ote	y	MULTI_ASCII_FRAGMENT	MULTI_FRAGMENT_MIXED_RETAINED_OMITTED
RF1b|f103r.13|G010	RF1b	f103r.13	f103r	CONFIRMED_PROSE	P	10	11	DEFINITE_SPACE	DEFINITE_SPACE	tsh@152;y	tsh y	2	10,11	10	11	tsh	y	MULTI_ASCII_FRAGMENT	MULTI_FRAGMENT_MIXED_RETAINED_OMITTED
RF1b|f103r.14|G003	RF1b	f103r.14	f103r	CONFIRMED_PROSE	P	3	13	DEFINITE_SPACE	DEFINITE_SPACE	che@152;y	che y	2	3,4	3	4	che	y	MULTI_ASCII_FRAGMENT	MULTI_FRAGMENT_MIXED_RETAINED_OMITTED
RF1b|f103r.15|G001	RF1b	f103r.15	f103r	CONFIRMED_PROSE	P	1	5	LINE_START	DEFINITE_SPACE	qote@152;y	qote y	2	1,2	1	2	qote	y	MULTI_ASCII_FRAGMENT	MULTI_FRAGMENT_MIXED_RETAINED_OMITTED
RF1b|f103r.17|G003	RF1b	f103r.17	f103r	CONFIRMED_PROSE	P	3	9	DEFINITE_SPACE	DEFINITE_SPACE	qokeykee@152;y	qokeykee y	2	3,4	3	4	qokeykee	y	MULTI_ASCII_FRAGMENT	MULTI_FRAGMENT_MIXED_RETAINED_OMITTED
RF1b|f103r.18|G001	RF1b	f103r.18	f103r	CONFIRMED_PROSE	P	1	9	LINE_START	DEFINITE_SPACE	polche@152;y	polche y	2	1,2	1	2	polche	y	MULTI_ASCII_FRAGMENT	MULTI_FRAGMENT_MIXED_RETAINED_OMITTED
RF1b|f103r.18|G005	RF1b	f103r.18	f103r	CONFIRMED_PROSE	P	5	9	DEFINITE_SPACE	DEFINITE_SPACE	oteeylshe@152;y	oteeylshe y	2	6,7	6	7	oteeylshe	y	MULTI_ASCII_FRAGMENT	MULTI_FRAGMENT_MIXED_RETAINED_OMITTED
RF1b|f103r.2|G005	RF1b	f103r.2	f103r	CONFIRMED_PROSE	P	5	15	DEFINITE_SPACE	DEFINITE_SPACE	opche@152;y	opche y	2	5,6	5	6	opche	y	MULTI_ASCII_FRAGMENT	MULTI_FRAGMENT_MIXED_RETAINED_OMITTED
RF1b|f103r.2|G015	RF1b	f103r.2	f103r	CONFIRMED_PROSE	P	15	15	DEFINITE_SPACE	LINE_END	che@152;y	che y	2	16,17	16	17	che	y	MULTI_ASCII_FRAGMENT	MULTI_FRAGMENT_MIXED_RETAINED_OMITTED
RF1b|f103r.21|G002	RF1b	f103r.21	f103r	CONFIRMED_PROSE	P	2	12	DEFINITE_SPACE	DEFINITE_SPACE	soke@152;y	soke y	2	2,3	2	3	soke	y	MULTI_ASCII_FRAGMENT	MULTI_FRAGMENT_MIXED_RETAINED_OMITTED
RF1b|f103r.21|G009	RF1b	f103r.21	f103r	CONFIRMED_PROSE	P	9	12	DEFINITE_SPACE	DEFINITE_SPACE	pche@152;y	pche y	2	10,11	10	11	pche	y	MULTI_ASCII_FRAGMENT	MULTI_FRAGMENT_MIXED_RETAINED_OMITTED
RF1b|f103r.21|G011	RF1b	f103r.21	f103r	CONFIRMED_PROSE	P	11	12	DEFINITE_SPACE	DEFINITE_SPACE	qokee@152;y	qokee y	2	13,14	13	14	qokee	y	MULTI_ASCII_FRAGMENT	MULTI_FRAGMENT_MIXED_RETAINED_OMITTED
RF1b|f103r.22|G003	RF1b	f103r.22	f103r	CONFIRMED_PROSE	P	3	12	DEFINITE_SPACE	DEFINITE_SPACE	shckho@152;y	shckho y	2	3,4	3	4	shckho	y	MULTI_ASCII_FRAGMENT	MULTI_FRAGMENT_MIXED_RETAINED_OMITTED
RF1b|f103r.22|G006	RF1b	f103r.22	f103r	CONFIRMED_PROSE	P	6	12	DEFINITE_SPACE	DEFINITE_SPACE	she@152;y	she y	2	7,8	7	8	she	y	MULTI_ASCII_FRAGMENT	MULTI_FRAGMENT_MIXED_RETAINED_OMITTED
RF1b|f103r.3|G005	RF1b	f103r.3	f103r	CONFIRMED_PROSE	P	5	14	DEFINITE_SPACE	DEFINITE_SPACE	che@152;y	che y	2	5,6	5	6	che	y	MULTI_ASCII_FRAGMENT	MULTI_FRAGMENT_MIXED_RETAINED_OMITTED
RF1b|f103r.32|G003	RF1b	f103r.32	f103r	CONFIRMED_PROSE	P	3	8	DEFINITE_SPACE	DEFINITE_SPACE	qoke@152;y	qoke y	2	3,4	3	4	qoke	y	MULTI_ASCII_FRAGMENT	MULTI_FRAGMENT_MIXED_RETAINED_OMITTED
RF1b|f103r.32|G006	RF1b	f103r.32	f103r	CONFIRMED_PROSE	P	6	8	DEFINITE_SPACE	DEFINITE_SPACE	ote@152;y	ote y	2	7,8	7	8	ote	y	MULTI_ASCII_FRAGMENT	MULTI_FRAGMENT_MIXED_RETAINED_OMITTED
RF1b|f103r.33|G008	RF1b	f103r.33	f103r	CONFIRMED_PROSE	P	8	11	DEFINITE_SPACE	DEFINITE_SPACE	she@152;y	she y	2	8,9	8	9	she	y	MULTI_ASCII_FRAGMENT	MULTI_FRAGMENT_MIXED_RETAINED_OMITTED
RF1b|f103r.33|G011	RF1b	f103r.33	f103r	CONFIRMED_PROSE	P	11	11	DEFINITE_SPACE	LINE_END	she@152;y	she y	2	12,13	12	13	she	y	MULTI_ASCII_FRAGMENT	MULTI_FRAGMENT_MIXED_RETAINED_OMITTED
RF1b|f103r.35|G009	RF1b	f103r.35	f103r	CONFIRMED_PROSE	P	9	10	DEFINITE_SPACE	DEFINITE_SPACE	ykee@152;y	ykee y	2	9,10	9	10	ykee	y	MULTI_ASCII_FRAGMENT	MULTI_FRAGMENT_MIXED_RETAINED_OMITTED
RF1b|f103r.38|G001	RF1b	f103r.38	f103r	CONFIRMED_PROSE	P	1	10	LINE_START	DEFINITE_SPACE	oteche@152;y	oteche y	2	1,2	1	2	oteche	y	MULTI_ASCII_FRAGMENT	MULTI_FRAGMENT_MIXED_RETAINED_OMITTED
RF1b|f103r.39|G005	RF1b	f103r.39	f103r	CONFIRMED_PROSE	P	5	6	DEFINITE_SPACE	DEFINITE_SPACE	she@152;y	she y	2	5,6	5	6	she	y	MULTI_ASCII_FRAGMENT	MULTI_FRAGMENT_MIXED_RETAINED_OMITTED
RF1b|f103r.40|G002	RF1b	f103r.40	f103r	CONFIRMED_PROSE	P	2	11	DEFINITE_SPACE	DEFINITE_SPACE	shee@221;l	shee l	2	2,3	2,3		shee l		MULTI_ASCII_FRAGMENT	MULTI_FRAGMENT_ALL_RETAINED
RF1b|f103r.40|G008	RF1b	f103r.40	f103r	CONFIRMED_PROSE	P	8	11	DEFINITE_SPACE	DEFINITE_SPACE	ote@152;y	ote y	2	9,10	9	10	ote	y	MULTI_ASCII_FRAGMENT	MULTI_FRAGMENT_MIXED_RETAINED_OMITTED
RF1b|f103r.41|G008	RF1b	f103r.41	f103r	CONFIRMED_PROSE	P	8	10	DEFINITE_SPACE	DEFINITE_SPACE	qokee@152;y	qokee y	2	8,9	8	9	qokee	y	MULTI_ASCII_FRAGMENT	MULTI_FRAGMENT_MIXED_RETAINED_OMITTED
RF1b|f103r.43|G008	RF1b	f103r.43	f103r	CONFIRMED_PROSE	P	8	11	DEFINITE_SPACE	DEFINITE_SPACE	shee@152;y	shee y	2	8,9	8	9	shee	y	MULTI_ASCII_FRAGMENT	MULTI_FRAGMENT_MIXED_RETAINED_OMITTED
RF1b|f103r.45|G002	RF1b	f103r.45	f103r	CONFIRMED_PROSE	P	2	9	DEFINITE_SPACE	DEFINITE_SPACE	qokee@152;y	qokee y	2	2,3	2	3	qokee	y	MULTI_ASCII_FRAGMENT	MULTI_FRAGMENT_MIXED_RETAINED_OMITTED
RF1b|f103r.45|G005	RF1b	f103r.45	f103r	CONFIRMED_PROSE	P	5	9	DEFINITE_SPACE	DEFINITE_SPACE	che@152;y	che y	2	6,7	6	7	che	y	MULTI_ASCII_FRAGMENT	MULTI_FRAGMENT_MIXED_RETAINED_OMITTED
RF1b|f103r.45|G006	RF1b	f103r.45	f103r	CONFIRMED_PROSE	P	6	9	DEFINITE_SPACE	DEFINITE_SPACE	qotee@152;y	qotee y	2	8,9	8	9	qotee	y	MULTI_ASCII_FRAGMENT	MULTI_FRAGMENT_MIXED_RETAINED_OMITTED
RF1b|f103r.46|G009	RF1b	f103r.46	f103r	CONFIRMED_PROSE	P	9	10	DEFINITE_SPACE	DEFINITE_SPACE	l@221;iin	l iin	2	9,10	9,10		l iin		MULTI_ASCII_FRAGMENT	MULTI_FRAGMENT_ALL_RETAINED
RF1b|f103r.46|G010	RF1b	f103r.46	f103r	CONFIRMED_PROSE	P	10	10	DEFINITE_SPACE	LINE_END	che@152;an	che an	2	11,12	11,12		che an		MULTI_ASCII_FRAGMENT	MULTI_FRAGMENT_ALL_RETAINED
RF1b|f103r.48|G002	RF1b	f103r.48	f103r	CONFIRMED_PROSE	P	2	9	DEFINITE_SPACE	DEFINITE_SPACE	lshe@152;y	lshe y	2	2,3	2	3	lshe	y	MULTI_ASCII_FRAGMENT	MULTI_FRAGMENT_MIXED_RETAINED_OMITTED
RF1b|f103r.48|G007	RF1b	f103r.48	f103r	CONFIRMED_PROSE	P	7	9	DEFINITE_SPACE	DEFINITE_SPACE	opcheal@221;l	opcheal l	2	8,9	8,9		opcheal l		MULTI_ASCII_FRAGMENT	MULTI_FRAGMENT_ALL_RETAINED
RF1b|f103r.49|G007	RF1b	f103r.49	f103r	CONFIRMED_PROSE	P	7	13	DEFINITE_SPACE	DEFINITE_SPACE	she@221;l	she l	2	7,8	7,8		she l		MULTI_ASCII_FRAGMENT	MULTI_FRAGMENT_ALL_RETAINED
RF1b|f103r.49|G008	RF1b	f103r.49	f103r	CONFIRMED_PROSE	P	8	13	DEFINITE_SPACE	DEFINITE_SPACE	qokee@152;y	qokee y	2	9,10	9	10	qokee	y	MULTI_ASCII_FRAGMENT	MULTI_FRAGMENT_MIXED_RETAINED_OMITTED
RF1b|f103r.52|G001	RF1b	f103r.52	f103r	CONFIRMED_PROSE	P	1	9	LINE_START	DEFINITE_SPACE	pche@152;al	pche al	2	1,2	1,2		pche al		MULTI_ASCII_FRAGMENT	MULTI_FRAGMENT_ALL_RETAINED
RF1b|f103r.53|G002	RF1b	f103r.53	f103r	CONFIRMED_PROSE	P	2	10	DEFINITE_SPACE	DEFINITE_SPACE	qoke@152;y	qoke y	2	2,3	2	3	qoke	y	MULTI_ASCII_FRAGMENT	MULTI_FRAGMENT_MIXED_RETAINED_OMITTED
RF1b|f103r.53|G009	RF1b	f103r.53	f103r	CONFIRMED_PROSE	P	9	10	DEFINITE_SPACE	DEFINITE_SPACE	lche@152;y	lche y	2	10,11	10	11	lche	y	MULTI_ASCII_FRAGMENT	MULTI_FRAGMENT_MIXED_RETAINED_OMITTED
RF1b|f103r.6|G012	RF1b	f103r.6	f103r	CONFIRMED_PROSE	P	12	14	DEFINITE_SPACE	DEFINITE_SPACE	???		0						ZERO_ASCII_FRAGMENT	SOURCE_GROUP_ABSENT_FROM_LEGACY_ASCII
RF1b|f103r.8|G003	RF1b	f103r.8	f103r	CONFIRMED_PROSE	P	3	13	DEFINITE_SPACE	DEFINITE_SPACE	che@152;y	che y	2	3,4	3	4	che	y	MULTI_ASCII_FRAGMENT	MULTI_FRAGMENT_MIXED_RETAINED_OMITTED
RF1b|f103r.9|G010	RF1b	f103r.9	f103r	CONFIRMED_PROSE	P	10	14	DEFINITE_SPACE	DEFINITE_SPACE	she@152;y	she y	2	10,11	10	11	she	y	MULTI_ASCII_FRAGMENT	MULTI_FRAGMENT_MIXED_RETAINED_OMITTED
RF1b|f103v.10|G005	RF1b	f103v.10	f103v	CONFIRMED_PROSE	P	5	12	DEFINITE_SPACE	DEFINITE_SPACE	l@221;iin	l iin	2	5,6	5,6		l iin		MULTI_ASCII_FRAGMENT	MULTI_FRAGMENT_ALL_RETAINED
RF1b|f103v.10|G007	RF1b	f103v.10	f103v	CONFIRMED_PROSE	P	7	12	DEFINITE_SPACE	DEFINITE_SPACE	ote@152;y	ote y	2	8,9	8	9	ote	y	MULTI_ASCII_FRAGMENT	MULTI_FRAGMENT_MIXED_RETAINED_OMITTED
RF1b|f103v.10|G010	RF1b	f103v.10	f103v	CONFIRMED_PROSE	P	10	12	DEFINITE_SPACE	DEFINITE_SPACE	she@221;r	she r	2	12,13	12,13		she r		MULTI_ASCII_FRAGMENT	MULTI_FRAGMENT_ALL_RETAINED
RF1b|f103v.12|G002	RF1b	f103v.12	f103v	CONFIRMED_PROSE	P	2	12	DEFINITE_SPACE	DEFINITE_SPACE	she@221;l	she l	2	2,3	2,3		she l		MULTI_ASCII_FRAGMENT	MULTI_FRAGMENT_ALL_RETAINED
RF1b|f103v.16|G001	RF1b	f103v.16	f103v	CONFIRMED_PROSE	P	1	7	LINE_START	DEFINITE_SPACE	d@221;iin	d iin	2	1,2	1,2		d iin		MULTI_ASCII_FRAGMENT	MULTI_FRAGMENT_ALL_RETAINED
RF1b|f103v.16|G007	RF1b	f103v.16	f103v	CONFIRMED_PROSE	P	7	7	DEFINITE_SPACE	LINE_END	olke@152;y	olke y	2	8,9	8	9	olke	y	MULTI_ASCII_FRAGMENT	MULTI_FRAGMENT_MIXED_RETAINED_OMITTED
RF1b|f103v.17|G005	RF1b	f103v.17	f103v	CONFIRMED_PROSE	P	5	11	DEFINITE_SPACE	DEFINITE_SPACE	lke@152;y	lke y	2	5,6	5	6	lke	y	MULTI_ASCII_FRAGMENT	MULTI_FRAGMENT_MIXED_RETAINED_OMITTED
RF1b|f103v.17|G011	RF1b	f103v.17	f103v	CONFIRMED_PROSE	P	11	11	DEFINITE_SPACE	LINE_END	opche@152;y	opche y	2	12,13	12	13	opche	y	MULTI_ASCII_FRAGMENT	MULTI_FRAGMENT_MIXED_RETAINED_OMITTED
RF1b|f103v.2|G004	RF1b	f103v.2	f103v	CONFIRMED_PROSE	P	4	11	DEFINITE_SPACE	DEFINITE_SPACE	she@152;y	she y	2	4,5	4	5	she	y	MULTI_ASCII_FRAGMENT	MULTI_FRAGMENT_MIXED_RETAINED_OMITTED
RF1b|f103v.20|G005	RF1b	f103v.20	f103v	CONFIRMED_PROSE	P	5	11	DEFINITE_SPACE	DEFINITE_SPACE	sh@221;{ikh}y	sh y	2	5,6	5	6	sh	y	MULTI_ASCII_FRAGMENT	MULTI_FRAGMENT_MIXED_RETAINED_OMITTED
RF1b|f103v.22|G006	RF1b	f103v.22	f103v	CONFIRMED_PROSE	P	6	9	DEFINITE_SPACE	DEFINITE_SPACE	oleee@152;y	oleee y	2	6,7	6	7	oleee	y	MULTI_ASCII_FRAGMENT	MULTI_FRAGMENT_MIXED_RETAINED_OMITTED
RF1b|f103v.28|G008	RF1b	f103v.28	f103v	CONFIRMED_PROSE	P	8	9	DEFINITE_SPACE	DEFINITE_SPACE	okee@152;y	okee y	2	8,9	8	9	okee	y	MULTI_ASCII_FRAGMENT	MULTI_FRAGMENT_MIXED_RETAINED_OMITTED
RF1b|f103v.3|G009	RF1b	f103v.3	f103v	CONFIRMED_PROSE	P	9	12	DEFINITE_SPACE	DEFINITE_SPACE	sh@152;y	sh y	2	9,10	9	10	sh	y	MULTI_ASCII_FRAGMENT	MULTI_FRAGMENT_MIXED_RETAINED_OMITTED
RF1b|f103v.34|G010	RF1b	f103v.34	f103v	CONFIRMED_PROSE	P	10	10	DEFINITE_SPACE	LINE_END	lch@152;y	lch y	2	10,11	10	11	lch	y	MULTI_ASCII_FRAGMENT	MULTI_FRAGMENT_MIXED_RETAINED_OMITTED
RF1b|f103v.43|G007	RF1b	f103v.43	f103v	CONFIRMED_PROSE	P	7	8	DEFINITE_SPACE	DEFINITE_SPACE	lkee@152;y	lkee y	2	7,8	7	8	lkee	y	MULTI_ASCII_FRAGMENT	MULTI_FRAGMENT_MIXED_RETAINED_OMITTED
RF1b|f103v.6|G010	RF1b	f103v.6	f103v	CONFIRMED_PROSE	P	10	11	DEFINITE_SPACE	DEFINITE_SPACE	che@152;y	che y	2	10,11	10	11	che	y	MULTI_ASCII_FRAGMENT	MULTI_FRAGMENT_MIXED_RETAINED_OMITTED
RF1b|f103v.7|G012	RF1b	f103v.7	f103v	CONFIRMED_PROSE	P	12	12	DEFINITE_SPACE	LINE_END	che@152;ydy	che ydy	2	12,13	12	13	che	ydy	MULTI_ASCII_FRAGMENT	MULTI_FRAGMENT_MIXED_RETAINED_OMITTED
RF1b|f103v.8|G005	RF1b	f103v.8	f103v	CONFIRMED_PROSE	P	5	6	DEFINITE_SPACE	DEFINITE_SPACE	chek@221;al	chek al	2	5,6	5,6		chek al		MULTI_ASCII_FRAGMENT	MULTI_FRAGMENT_ALL_RETAINED
RF1b|f103v.9|G002	RF1b	f103v.9	f103v	CONFIRMED_PROSE	P	2	10	DEFINITE_SPACE	DEFINITE_SPACE	shorch@152;y	shorch y	2	2,3	2	3	shorch	y	MULTI_ASCII_FRAGMENT	MULTI_FRAGMENT_MIXED_RETAINED_OMITTED
RF1b|f104r.1|G007	RF1b	f104r.1	f104r	CONFIRMED_PROSE	P	7	10	DEFINITE_SPACE	DEFINITE_SPACE	she@152;aiin	she aiin	2	7,8	7,8		she aiin		MULTI_ASCII_FRAGMENT	MULTI_FRAGMENT_ALL_RETAINED
RF1b|f104r.12|G009	RF1b	f104r.12	f104r	CONFIRMED_PROSE	P	9	11	DEFINITE_SPACE	DEFINITE_SPACE	qot@221;r	qot r	2	9,10	9,10		qot r		MULTI_ASCII_FRAGMENT	MULTI_FRAGMENT_ALL_RETAINED
RF1b|f104r.13|G010	RF1b	f104r.13	f104r	CONFIRMED_PROSE	P	10	11	DEFINITE_SPACE	DEFINITE_SPACE	qo@152;am	qo am	2	10,11	10,11		qo am		MULTI_ASCII_FRAGMENT	MULTI_FRAGMENT_ALL_RETAINED
RF1b|f104r.15|G001	RF1b	f104r.15	f104r	CONFIRMED_PROSE	P	1	9	LINE_START	DEFINITE_SPACE	s@221;r	s r	2	1,2	1,2		s r		MULTI_ASCII_FRAGMENT	MULTI_FRAGMENT_ALL_RETAINED
RF1b|f104r.15|G002	RF1b	f104r.15	f104r	CONFIRMED_PROSE	P	2	9	DEFINITE_SPACE	DEFINITE_SPACE	cho@152;aiin	cho aiin	2	3,4	3,4		cho aiin		MULTI_ASCII_FRAGMENT	MULTI_FRAGMENT_ALL_RETAINED
RF1b|f104r.17|G006	RF1b	f104r.17	f104r	CONFIRMED_PROSE	P	6	10	DEFINITE_SPACE	DEFINITE_SPACE	qoke@152;y	qoke y	2	6,7	6	7	qoke	y	MULTI_ASCII_FRAGMENT	MULTI_FRAGMENT_MIXED_RETAINED_OMITTED
RF1b|f104r.2|G005	RF1b	f104r.2	f104r	CONFIRMED_PROSE	P	5	13	DEFINITE_SPACE	DEFINITE_SPACE	cheo@152;ar	cheo ar	2	5,6	5,6		cheo ar		MULTI_ASCII_FRAGMENT	MULTI_FRAGMENT_ALL_RETAINED
RF1b|f104r.22|G005	RF1b	f104r.22	f104r	CONFIRMED_PROSE	P	5	12	DEFINITE_SPACE	DEFINITE_SPACE	kche@152;y	kche y	2	5,6	5	6	kche	y	MULTI_ASCII_FRAGMENT	MULTI_FRAGMENT_MIXED_RETAINED_OMITTED
RF1b|f104r.23|G007	RF1b	f104r.23	f104r	CONFIRMED_PROSE	P	7	12	DEFINITE_SPACE	DEFINITE_SPACE	cholkeeo@152;y	cholkeeo y	2	7,8	7	8	cholkeeo	y	MULTI_ASCII_FRAGMENT	MULTI_FRAGMENT_MIXED_RETAINED_OMITTED
RF1b|f104r.24|G010	RF1b	f104r.24	f104r	CONFIRMED_PROSE	P	10	11	DEFINITE_SPACE	DEFINITE_SPACE	keee@152;y	keee y	2	10,11	10	11	keee	y	MULTI_ASCII_FRAGMENT	MULTI_FRAGMENT_MIXED_RETAINED_OMITTED
RF1b|f104r.3|G003	RF1b	f104r.3	f104r	CONFIRMED_PROSE	P	3	13	DEFINITE_SPACE	DEFINITE_SPACE	cthe@152;y	cthe y	2	3,4	3	4	cthe	y	MULTI_ASCII_FRAGMENT	MULTI_FRAGMENT_MIXED_RETAINED_OMITTED
RF1b|f104r.32|G009	RF1b	f104r.32	f104r	CONFIRMED_PROSE	P	9	11	DEFINITE_SPACE	DEFINITE_SPACE	cheo@152;ain	cheo ain	2	9,10	9,10		cheo ain		MULTI_ASCII_FRAGMENT	MULTI_FRAGMENT_ALL_RETAINED
RF1b|f104r.34|G003	RF1b	f104r.34	f104r	CONFIRMED_PROSE	P	3	11	DEFINITE_SPACE	DEFINITE_SPACE	qokeshe@152;y	qokeshe y	2	3,4	3	4	qokeshe	y	MULTI_ASCII_FRAGMENT	MULTI_FRAGMENT_MIXED_RETAINED_OMITTED
RF1b|f104r.36|G005	RF1b	f104r.36	f104r	CONFIRMED_PROSE	P	5	10	DEFINITE_SPACE	DEFINITE_SPACE	qotshe@221;d	qotshe d	2	5,6	5,6		qotshe d		MULTI_ASCII_FRAGMENT	MULTI_FRAGMENT_ALL_RETAINED
RF1b|f104r.39|G004	RF1b	f104r.39	f104r	CONFIRMED_PROSE	P	4	11	DEFINITE_SPACE	DEFINITE_SPACE	alkch@152;y	alkch y	2	4,5	4	5	alkch	y	MULTI_ASCII_FRAGMENT	MULTI_FRAGMENT_MIXED_RETAINED_OMITTED
RF1b|f104r.4|G003	RF1b	f104r.4	f104r	CONFIRMED_PROSE	P	3	7	DEFINITE_SPACE	DEFINITE_SPACE	qokee@152;y	qokee y	2	3,4	3	4	qokee	y	MULTI_ASCII_FRAGMENT	MULTI_FRAGMENT_MIXED_RETAINED_OMITTED
RF1b|f104r.43|G003	RF1b	f104r.43	f104r	CONFIRMED_PROSE	P	3	11	DEFINITE_SPACE	DEFINITE_SPACE	qo@176;che@152;y	qo che y	3	3,4,5	3,4	5	qo che	y	MULTI_ASCII_FRAGMENT	MULTI_FRAGMENT_MIXED_RETAINED_OMITTED
RF1b|f104r.43|G004	RF1b	f104r.43	f104r	CONFIRMED_PROSE	P	4	11	DEFINITE_SPACE	DEFINITE_SPACE	y@176;chdy	y chdy	2	6,7	7	6	chdy	y	MULTI_ASCII_FRAGMENT	MULTI_FRAGMENT_MIXED_RETAINED_OMITTED
RF1b|f104r.44|G008	RF1b	f104r.44	f104r	CONFIRMED_PROSE	P	8	10	DEFINITE_SPACE	DEFINITE_SPACE	qok@221;iin	qok iin	2	8,9	8,9		qok iin		MULTI_ASCII_FRAGMENT	MULTI_FRAGMENT_ALL_RETAINED
RF1b|f104r.5|G003	RF1b	f104r.5	f104r	CONFIRMED_PROSE	P	3	12	DEFINITE_SPACE	DEFINITE_SPACE	qoshe@152;y	qoshe y	2	3,4	3	4	qoshe	y	MULTI_ASCII_FRAGMENT	MULTI_FRAGMENT_MIXED_RETAINED_OMITTED
RF1b|f104r.5|G011	RF1b	f104r.5	f104r	CONFIRMED_PROSE	P	11	12	DEFINITE_SPACE	DEFINITE_SPACE	opch@152;y	opch y	2	12,13	12	13	opch	y	MULTI_ASCII_FRAGMENT	MULTI_FRAGMENT_MIXED_RETAINED_OMITTED
RF1b|f104r.6|G001	RF1b	f104r.6	f104r	CONFIRMED_PROSE	P	1	11	LINE_START	DEFINITE_SPACE	ycheeo@152;y	ycheeo y	2	1,2	1	2	ycheeo	y	MULTI_ASCII_FRAGMENT	MULTI_FRAGMENT_MIXED_RETAINED_OMITTED
RF1b|f104r.6|G007	RF1b	f104r.6	f104r	CONFIRMED_PROSE	P	7	11	DEFINITE_SPACE	DEFINITE_SPACE	qokee@152;y	qokee y	2	8,9	8	9	qokee	y	MULTI_ASCII_FRAGMENT	MULTI_FRAGMENT_MIXED_RETAINED_OMITTED
RF1b|f104r.6|G009	RF1b	f104r.6	f104r	CONFIRMED_PROSE	P	9	11	DEFINITE_SPACE	DEFINITE_SPACE	otch@152;y	otch y	2	11,12	11	12	otch	y	MULTI_ASCII_FRAGMENT	MULTI_FRAGMENT_MIXED_RETAINED_OMITTED
RF1b|f104r.8|G005	RF1b	f104r.8	f104r	CONFIRMED_PROSE	P	5	11	DEFINITE_SPACE	DEFINITE_SPACE	che@152;al	che al	2	5,6	5,6		che al		MULTI_ASCII_FRAGMENT	MULTI_FRAGMENT_ALL_RETAINED
RF1b|f104v.1|G001	RF1b	f104v.1	f104v	CONFIRMED_PROSE	P	1	13	LINE_START	DEFINITE_SPACE	pchd@221;iin	pchd iin	2	1,2	1,2		pchd iin		MULTI_ASCII_FRAGMENT	MULTI_FRAGMENT_ALL_RETAINED
RF1b|f104v.12|G006	RF1b	f104v.12	f104v	CONFIRMED_PROSE	P	6	13	DEFINITE_SPACE	DEFINITE_SPACE	otee@152;y	otee y	2	6,7	6	7	otee	y	MULTI_ASCII_FRAGMENT	MULTI_FRAGMENT_MIXED_RETAINED_OMITTED
RF1b|f104v.13|G006	RF1b	f104v.13	f104v	CONFIRMED_PROSE	P	6	11	DEFINITE_SPACE	DEFINITE_SPACE	che@152;ar	che ar	2	6,7	6,7		che ar		MULTI_ASCII_FRAGMENT	MULTI_FRAGMENT_ALL_RETAINED
RF1b|f104v.15|G001	RF1b	f104v.15	f104v	CONFIRMED_PROSE	P	1	11	LINE_START	DEFINITE_SPACE	t@221;lkshe@222;	t lkshe	2	1,2	1,2		t lkshe		MULTI_ASCII_FRAGMENT	MULTI_FRAGMENT_ALL_RETAINED
RF1b|f104v.17|G006	RF1b	f104v.17	f104v	CONFIRMED_PROSE	P	6	12	DEFINITE_SPACE	DEFINITE_SPACE	chol@176;chy	chol chy	2	6,7	6,7		chol chy		MULTI_ASCII_FRAGMENT	MULTI_FRAGMENT_ALL_RETAINED
RF1b|f104v.2|G001	RF1b	f104v.2	f104v	CONFIRMED_PROSE	P	1	12	LINE_START	DEFINITE_SPACE	yche@152;aiin	yche aiin	2	1,2	1,2		yche aiin		MULTI_ASCII_FRAGMENT	MULTI_FRAGMENT_ALL_RETAINED
RF1b|f104v.2|G006	RF1b	f104v.2	f104v	CONFIRMED_PROSE	P	6	12	DEFINITE_SPACE	DEFINITE_SPACE	qokam@152;y	qokam y	2	7,8	7	8	qokam	y	MULTI_ASCII_FRAGMENT	MULTI_FRAGMENT_MIXED_RETAINED_OMITTED
RF1b|f104v.22|G004	RF1b	f104v.22	f104v	CONFIRMED_PROSE	P	4	11	DEFINITE_SPACE	DEFINITE_SPACE	qokche@152;y	qokche y	2	4,5	4	5	qokche	y	MULTI_ASCII_FRAGMENT	MULTI_FRAGMENT_MIXED_RETAINED_OMITTED
RF1b|f104v.23|G011	RF1b	f104v.23	f104v	CONFIRMED_PROSE	P	11	12	UNCERTAIN_SMALL_SPACE	UNCERTAIN_SMALL_SPACE	@208;		0						ZERO_ASCII_FRAGMENT	SOURCE_GROUP_ABSENT_FROM_LEGACY_ASCII
RF1b|f104v.24|G002	RF1b	f104v.24	f104v	CONFIRMED_PROSE	P	2	13	DEFINITE_SPACE	DEFINITE_SPACE	che@221;r	che r	2	2,3	2,3		che r		MULTI_ASCII_FRAGMENT	MULTI_FRAGMENT_ALL_RETAINED
RF1b|f104v.35|G008	RF1b	f104v.35	f104v	CONFIRMED_PROSE	P	8	10	DEFINITE_SPACE	DEFINITE_SPACE	qo@176;e@152;y	qo e y	3	8,9,10	8,9	10	qo e	y	MULTI_ASCII_FRAGMENT	MULTI_FRAGMENT_MIXED_RETAINED_OMITTED
RF1b|f104v.39|G002	RF1b	f104v.39	f104v	CONFIRMED_PROSE	P	2	17	DEFINITE_SPACE	UNCERTAIN_SMALL_SPACE	@206;		0						ZERO_ASCII_FRAGMENT	SOURCE_GROUP_ABSENT_FROM_LEGACY_ASCII
RF1b|f104v.39|G015	RF1b	f104v.39	f104v	CONFIRMED_PROSE	P	15	17	DEFINITE_SPACE	DEFINITE_SPACE	@206;		0						ZERO_ASCII_FRAGMENT	SOURCE_GROUP_ABSENT_FROM_LEGACY_ASCII
RF1b|f104v.4|G011	RF1b	f104v.4	f104v	CONFIRMED_PROSE	P	11	11	DEFINITE_SPACE	LINE_END	qokee@152;y	qokee y	2	11,12	11	12	qokee	y	MULTI_ASCII_FRAGMENT	MULTI_FRAGMENT_MIXED_RETAINED_OMITTED
RF1b|f104v.40|G006	RF1b	f104v.40	f104v	CONFIRMED_PROSE	P	6	7	DEFINITE_SPACE	DEFINITE_SPACE	orche@152;y	orche y	2	6,7	6	7	orche	y	MULTI_ASCII_FRAGMENT	MULTI_FRAGMENT_MIXED_RETAINED_OMITTED
RF1b|f104v.41|G003	RF1b	f104v.41	f104v	CONFIRMED_PROSE	P	3	9	DEFINITE_SPACE	DEFINITE_SPACE	otcheeolkee@152;a	otcheeolkee a	2	3,4	3,4		otcheeolkee a		MULTI_ASCII_FRAGMENT	MULTI_FRAGMENT_ALL_RETAINED
RF1b|f104v.41|G006	RF1b	f104v.41	f104v	CONFIRMED_PROSE	P	6	9	DEFINITE_SPACE	DEFINITE_SPACE	chee@152;y	chee y	2	7,8	7	8	chee	y	MULTI_ASCII_FRAGMENT	MULTI_FRAGMENT_MIXED_RETAINED_OMITTED
RF1b|f104v.5|G002	RF1b	f104v.5	f104v	CONFIRMED_PROSE	P	2	6	DEFINITE_SPACE	DEFINITE_SPACE	ch@152;eey	ch eey	2	2,3	2,3		ch eey		MULTI_ASCII_FRAGMENT	MULTI_FRAGMENT_ALL_RETAINED
RF1b|f104v.6|G009	RF1b	f104v.6	f104v	CONFIRMED_PROSE	P	9	13	DEFINITE_SPACE	DEFINITE_SPACE	qo@176;ain	qo ain	2	9,10	9,10		qo ain		MULTI_ASCII_FRAGMENT	MULTI_FRAGMENT_ALL_RETAINED
RF1b|f104v.6|G012	RF1b	f104v.6	f104v	CONFIRMED_PROSE	P	12	13	DEFINITE_SPACE	DEFINITE_SPACE	opche@152;y	opche y	2	13,14	13	14	opche	y	MULTI_ASCII_FRAGMENT	MULTI_FRAGMENT_MIXED_RETAINED_OMITTED
RF1b|f104v.8|G002	RF1b	f104v.8	f104v	CONFIRMED_PROSE	P	2	13	DEFINITE_SPACE	DEFINITE_SPACE	cheeo@152;y	cheeo y	2	2,3	2	3	cheeo	y	MULTI_ASCII_FRAGMENT	MULTI_FRAGMENT_MIXED_RETAINED_OMITTED
RF1b|f104v.8|G006	RF1b	f104v.8	f104v	CONFIRMED_PROSE	P	6	13	DEFINITE_SPACE	DEFINITE_SPACE	ykee@152;y	ykee y	2	7,8	7	8	ykee	y	MULTI_ASCII_FRAGMENT	MULTI_FRAGMENT_MIXED_RETAINED_OMITTED
RF1b|f104v.9|G006	RF1b	f104v.9	f104v	CONFIRMED_PROSE	P	6	12	DEFINITE_SPACE	DEFINITE_SPACE	che@221;r	che r	2	6,7	6,7		che r		MULTI_ASCII_FRAGMENT	MULTI_FRAGMENT_ALL_RETAINED
RF1b|f105r.12|G010	RF1b	f105r.12	f105r	CONFIRMED_PROSE	P	10	11	DEFINITE_SPACE	DEFINITE_SPACE	yke@152;y	yke y	2	10,11	10	11	yke	y	MULTI_ASCII_FRAGMENT	MULTI_FRAGMENT_MIXED_RETAINED_OMITTED
RF1b|f105r.13|G002	RF1b	f105r.13	f105r	CONFIRMED_PROSE	P	2	10	DEFINITE_SPACE	DEFINITE_SPACE	qok@152;y	qok y	2	2,3	2	3	qok	y	MULTI_ASCII_FRAGMENT	MULTI_FRAGMENT_MIXED_RETAINED_OMITTED
RF1b|f105r.13|G003	RF1b	f105r.13	f105r	CONFIRMED_PROSE	P	3	10	DEFINITE_SPACE	DEFINITE_SPACE	che@152;y	che y	2	4,5	4	5	che	y	MULTI_ASCII_FRAGMENT	MULTI_FRAGMENT_MIXED_RETAINED_OMITTED
RF1b|f105r.14|G002	RF1b	f105r.14	f105r	CONFIRMED_PROSE	P	2	11	DEFINITE_SPACE	DEFINITE_SPACE	qoeee@152;y	qoeee y	2	2,3	2	3	qoeee	y	MULTI_ASCII_FRAGMENT	MULTI_FRAGMENT_MIXED_RETAINED_OMITTED
RF1b|f105r.17|G001	RF1b	f105r.17	f105r	CONFIRMED_PROSE	P	1	11	LINE_START	DEFINITE_SPACE	ltee@152;y	ltee y	2	1,2	1	2	ltee	y	MULTI_ASCII_FRAGMENT	MULTI_FRAGMENT_MIXED_RETAINED_OMITTED
RF1b|f105r.17|G011	RF1b	f105r.17	f105r	CONFIRMED_PROSE	P	11	11	DEFINITE_SPACE	LINE_END	q@145;ky	q ky	2	12,13	12	13	q	ky	MULTI_ASCII_FRAGMENT	MULTI_FRAGMENT_MIXED_RETAINED_OMITTED
RF1b|f105r.18|G007	RF1b	f105r.18	f105r	CONFIRMED_PROSE	P	7	12	DEFINITE_SPACE	DEFINITE_SPACE	ch@152;aiin	ch aiin	2	7,8	7,8		ch aiin		MULTI_ASCII_FRAGMENT	MULTI_FRAGMENT_ALL_RETAINED
RF1b|f105r.19|G005	RF1b	f105r.19	f105r	CONFIRMED_PROSE	P	5	11	DEFINITE_SPACE	DEFINITE_SPACE	che@152;y	che y	2	5,6	5	6	che	y	MULTI_ASCII_FRAGMENT	MULTI_FRAGMENT_MIXED_RETAINED_OMITTED
RF1b|f105r.2|G005	RF1b	f105r.2	f105r	CONFIRMED_PROSE	P	5	13	DEFINITE_SPACE	DEFINITE_SPACE	otch@152;y	otch y	2	5,6	5	6	otch	y	MULTI_ASCII_FRAGMENT	MULTI_FRAGMENT_MIXED_RETAINED_OMITTED
RF1b|f105r.20|G009	RF1b	f105r.20	f105r	CONFIRMED_PROSE	P	9	14	DEFINITE_SPACE	DEFINITE_SPACE	o@152;ar	o ar	2	9,10	9,10		o ar		MULTI_ASCII_FRAGMENT	MULTI_FRAGMENT_ALL_RETAINED
RF1b|f105r.20|G011	RF1b	f105r.20	f105r	CONFIRMED_PROSE	P	11	14	DEFINITE_SPACE	DEFINITE_SPACE	airo@152;y	airo y	2	12,13	12	13	airo	y	MULTI_ASCII_FRAGMENT	MULTI_FRAGMENT_MIXED_RETAINED_OMITTED
RF1b|f105r.21|G009	RF1b	f105r.21	f105r	CONFIRMED_PROSE	P	9	11	DEFINITE_SPACE	DEFINITE_SPACE	che@152;y	che y	2	9,10	9	10	che	y	MULTI_ASCII_FRAGMENT	MULTI_FRAGMENT_MIXED_RETAINED_OMITTED
RF1b|f105r.26|G011	RF1b	f105r.26	f105r	CONFIRMED_PROSE	P	11	13	DEFINITE_SPACE	DEFINITE_SPACE	chde@152;y	chde y	2	11,12	11	12	chde	y	MULTI_ASCII_FRAGMENT	MULTI_FRAGMENT_MIXED_RETAINED_OMITTED
RF1b|f105r.29|G003	RF1b	f105r.29	f105r	CONFIRMED_PROSE	P	3	12	DEFINITE_SPACE	DEFINITE_SPACE	olkee@152;y	olkee y	2	3,4	3	4	olkee	y	MULTI_ASCII_FRAGMENT	MULTI_FRAGMENT_MIXED_RETAINED_OMITTED
RF1b|f105r.3|G009	RF1b	f105r.3	f105r	CONFIRMED_PROSE	P	9	12	DEFINITE_SPACE	DEFINITE_SPACE	ote@152;y	ote y	2	9,10	9	10	ote	y	MULTI_ASCII_FRAGMENT	MULTI_FRAGMENT_MIXED_RETAINED_OMITTED
RF1b|f105r.3|G010	RF1b	f105r.3	f105r	CONFIRMED_PROSE	P	10	12	DEFINITE_SPACE	DEFINITE_SPACE	qokee@152;y	qokee y	2	11,12	11	12	qokee	y	MULTI_ASCII_FRAGMENT	MULTI_FRAGMENT_MIXED_RETAINED_OMITTED
RF1b|f105r.31|G009	RF1b	f105r.31	f105r	CONFIRMED_PROSE	P	9	13	DEFINITE_SPACE	DEFINITE_SPACE	lk@221;r	lk r	2	9,10	9,10		lk r		MULTI_ASCII_FRAGMENT	MULTI_FRAGMENT_ALL_RETAINED
RF1b|f105r.31|G010	RF1b	f105r.31	f105r	CONFIRMED_PROSE	P	10	13	DEFINITE_SPACE	DEFINITE_SPACE	che@152;y	che y	2	11,12	11	12	che	y	MULTI_ASCII_FRAGMENT	MULTI_FRAGMENT_MIXED_RETAINED_OMITTED
RF1b|f105r.31|G013	RF1b	f105r.31	f105r	CONFIRMED_PROSE	P	13	13	DEFINITE_SPACE	LINE_END	fcho@176;y	fcho y	2	15,16	15	16	fcho	y	MULTI_ASCII_FRAGMENT	MULTI_FRAGMENT_MIXED_RETAINED_OMITTED
RF1b|f105r.34|G005	RF1b	f105r.34	f105r	CONFIRMED_PROSE	P	5	11	DEFINITE_SPACE	DEFINITE_SPACE	o@152;aiin	o aiin	2	5,6	5,6		o aiin		MULTI_ASCII_FRAGMENT	MULTI_FRAGMENT_ALL_RETAINED
RF1b|f105r.5|G008	RF1b	f105r.5	f105r	CONFIRMED_PROSE	P	8	9	DEFINITE_SPACE	DEFINITE_SPACE	otch@152;y	otch y	2	8,9	8	9	otch	y	MULTI_ASCII_FRAGMENT	MULTI_FRAGMENT_MIXED_RETAINED_OMITTED
RF1b|f105r.6|G003	RF1b	f105r.6	f105r	CONFIRMED_PROSE	P	3	10	DEFINITE_SPACE	DEFINITE_SPACE	she@152;eee@222;	she eee	2	3,4	3,4		she eee		MULTI_ASCII_FRAGMENT	MULTI_FRAGMENT_ALL_RETAINED
RF1b|f105r.8|G007	RF1b	f105r.8	f105r	CONFIRMED_PROSE	P	7	11	DEFINITE_SPACE	DEFINITE_SPACE	qokee@152;y	qokee y	2	7,8	7	8	qokee	y	MULTI_ASCII_FRAGMENT	MULTI_FRAGMENT_MIXED_RETAINED_OMITTED
RF1b|f105r.8|G010	RF1b	f105r.8	f105r	CONFIRMED_PROSE	P	10	11	DEFINITE_SPACE	DEFINITE_SPACE	lche@152;y	lche y	2	11,12	11	12	lche	y	MULTI_ASCII_FRAGMENT	MULTI_FRAGMENT_MIXED_RETAINED_OMITTED
RF1b|f105r.9|G002	RF1b	f105r.9	f105r	CONFIRMED_PROSE	P	2	4	DEFINITE_SPACE	DEFINITE_SPACE	okee@221;dy	okee dy	2	2,3	2	3	okee	dy	MULTI_ASCII_FRAGMENT	MULTI_FRAGMENT_MIXED_RETAINED_OMITTED
RF1b|f105v.1|G004	RF1b	f105v.1	f105v	CONFIRMED_PROSE	P	4	9	DEFINITE_SPACE	DEFINITE_SPACE	y@176;aiin	y aiin	2	4,5	5	4	aiin	y	MULTI_ASCII_FRAGMENT	MULTI_FRAGMENT_MIXED_RETAINED_OMITTED
RF1b|f105v.13|G003	RF1b	f105v.13	f105v	CONFIRMED_PROSE	P	3	8	DEFINITE_SPACE	DEFINITE_SPACE	qokch@152;y	qokch y	2	3,4	3	4	qokch	y	MULTI_ASCII_FRAGMENT	MULTI_FRAGMENT_MIXED_RETAINED_OMITTED
RF1b|f105v.20|G011	RF1b	f105v.20	f105v	CONFIRMED_PROSE	P	11	12	UNCERTAIN_SMALL_SPACE	DEFINITE_SPACE	o@152;l	o l	2	11,12	11,12		o l		MULTI_ASCII_FRAGMENT	MULTI_FRAGMENT_ALL_RETAINED
RF1b|f105v.26|G002	RF1b	f105v.26	f105v	CONFIRMED_PROSE	P	2	12	DEFINITE_SPACE	DEFINITE_SPACE	sheeo@152;ees	sheeo ees	2	2,3	2,3		sheeo ees		MULTI_ASCII_FRAGMENT	MULTI_FRAGMENT_ALL_RETAINED
RF1b|f105v.3|G005	RF1b	f105v.3	f105v	CONFIRMED_PROSE	P	5	11	DEFINITE_SPACE	DEFINITE_SPACE	qot@221;l	qot l	2	5,6	5,6		qot l		MULTI_ASCII_FRAGMENT	MULTI_FRAGMENT_ALL_RETAINED
RF1b|f105v.30|G007	RF1b	f105v.30	f105v	CONFIRMED_PROSE	P	7	12	DEFINITE_SPACE	DEFINITE_SPACE	okee@152;y	okee y	2	7,8	7	8	okee	y	MULTI_ASCII_FRAGMENT	MULTI_FRAGMENT_MIXED_RETAINED_OMITTED
RF1b|f105v.38|G004	RF1b	f105v.38	f105v	CONFIRMED_PROSE	P	4	4	DEFINITE_SPACE	LINE_END	o@176;shey	o shey	2	4,5	4,5		o shey		MULTI_ASCII_FRAGMENT	MULTI_FRAGMENT_ALL_RETAINED
RF1b|f105v.7|G007	RF1b	f105v.7	f105v	CONFIRMED_PROSE	P	7	7	DEFINITE_SPACE	LINE_END	lche@152;r	lche r	2	7,8	7,8		lche r		MULTI_ASCII_FRAGMENT	MULTI_FRAGMENT_ALL_RETAINED
RF1b|f105v.8|G001	RF1b	f105v.8	f105v	CONFIRMED_PROSE	P	1	12	LINE_START	DEFINITE_SPACE	f@221;dal	f dal	2	1,2	2	1	dal	f	MULTI_ASCII_FRAGMENT	MULTI_FRAGMENT_MIXED_RETAINED_OMITTED
RF1b|f106r.10|G005	RF1b	f106r.10	f106r	CONFIRMED_PROSE	P	5	9	DEFINITE_SPACE	DEFINITE_SPACE	qoke@152;y	qoke y	2	5,6	5	6	qoke	y	MULTI_ASCII_FRAGMENT	MULTI_FRAGMENT_MIXED_RETAINED_OMITTED
RF1b|f106r.10|G007	RF1b	f106r.10	f106r	CONFIRMED_PROSE	P	7	9	DEFINITE_SPACE	DEFINITE_SPACE	qoke@152;y	qoke y	2	8,9	8	9	qoke	y	MULTI_ASCII_FRAGMENT	MULTI_FRAGMENT_MIXED_RETAINED_OMITTED
RF1b|f106r.10|G008	RF1b	f106r.10	f106r	CONFIRMED_PROSE	P	8	9	DEFINITE_SPACE	DEFINITE_SPACE	ote@152;y	ote y	2	10,11	10	11	ote	y	MULTI_ASCII_FRAGMENT	MULTI_FRAGMENT_MIXED_RETAINED_OMITTED
RF1b|f106r.16|G007	RF1b	f106r.16	f106r	CONFIRMED_PROSE	P	7	12	DEFINITE_SPACE	DEFINITE_SPACE	lkeee@221;dy	lkeee dy	2	7,8	7	8	lkeee	dy	MULTI_ASCII_FRAGMENT	MULTI_FRAGMENT_MIXED_RETAINED_OMITTED
RF1b|f106r.17|G004	RF1b	f106r.17	f106r	CONFIRMED_PROSE	P	4	7	DEFINITE_SPACE	DEFINITE_SPACE	qoke@152;ain	qoke ain	2	4,5	4,5		qoke ain		MULTI_ASCII_FRAGMENT	MULTI_FRAGMENT_ALL_RETAINED
RF1b|f106r.2|G007	RF1b	f106r.2	f106r	CONFIRMED_PROSE	P	7	12	DEFINITE_SPACE	DEFINITE_SPACE	qotee@152;y	qotee y	2	7,8	7	8	qotee	y	MULTI_ASCII_FRAGMENT	MULTI_FRAGMENT_MIXED_RETAINED_OMITTED
RF1b|f106r.21|G002	RF1b	f106r.21	f106r	CONFIRMED_PROSE	P	2	6	DEFINITE_SPACE	DEFINITE_SPACE	qokche@152;y	qokche y	2	2,3	2	3	qokche	y	MULTI_ASCII_FRAGMENT	MULTI_FRAGMENT_MIXED_RETAINED_OMITTED
RF1b|f106r.24|G010	RF1b	f106r.24	f106r	CONFIRMED_PROSE	P	10	10	DEFINITE_SPACE	LINE_END	chkche@152;aram	chkche aram	2	10,11	10,11		chkche aram		MULTI_ASCII_FRAGMENT	MULTI_FRAGMENT_ALL_RETAINED
RF1b|f106r.30|G004	RF1b	f106r.30	f106r	CONFIRMED_PROSE	P	4	10	DEFINITE_SPACE	DEFINITE_SPACE	r@221;r	r r	2	4,5	4,5		r r		MULTI_ASCII_FRAGMENT	MULTI_FRAGMENT_ALL_RETAINED
RF1b|f106r.32|G001	RF1b	f106r.32	f106r	CONFIRMED_PROSE	P	1	9	LINE_START	DEFINITE_SPACE	p@221;ral	p ral	2	1,2	2	1	ral	p	MULTI_ASCII_FRAGMENT	MULTI_FRAGMENT_MIXED_RETAINED_OMITTED
RF1b|f106r.32|G005	RF1b	f106r.32	f106r	CONFIRMED_PROSE	P	5	9	DEFINITE_SPACE	DEFINITE_SPACE	olteee@152;y	olteee y	2	6,7	6	7	olteee	y	MULTI_ASCII_FRAGMENT	MULTI_FRAGMENT_MIXED_RETAINED_OMITTED
RF1b|f106r.36|G008	RF1b	f106r.36	f106r	CONFIRMED_PROSE	P	8	10	DEFINITE_SPACE	DEFINITE_SPACE	sh@152;y	sh y	2	8,9	8	9	sh	y	MULTI_ASCII_FRAGMENT	MULTI_FRAGMENT_MIXED_RETAINED_OMITTED
RF1b|f106r.37|G001	RF1b	f106r.37	f106r	CONFIRMED_PROSE	P	1	3	LINE_START	DEFINITE_SPACE	tcho@152;aiin	tcho aiin	2	1,2	1,2		tcho aiin		MULTI_ASCII_FRAGMENT	MULTI_FRAGMENT_ALL_RETAINED
RF1b|f106r.38|G003	RF1b	f106r.38	f106r	CONFIRMED_PROSE	P	3	9	DEFINITE_SPACE	DEFINITE_SPACE	shoteeo@152;y	shoteeo y	2	3,4	3	4	shoteeo	y	MULTI_ASCII_FRAGMENT	MULTI_FRAGMENT_MIXED_RETAINED_OMITTED
RF1b|f106r.38|G007	RF1b	f106r.38	f106r	CONFIRMED_PROSE	P	7	9	DEFINITE_SPACE	DEFINITE_SPACE	opch@152;y	opch y	2	8,9	8	9	opch	y	MULTI_ASCII_FRAGMENT	MULTI_FRAGMENT_MIXED_RETAINED_OMITTED
RF1b|f106r.39|G007	RF1b	f106r.39	f106r	CONFIRMED_PROSE	P	7	11	DEFINITE_SPACE	DEFINITE_SPACE	chek@221;l	chek l	2	7,8	7,8		chek l		MULTI_ASCII_FRAGMENT	MULTI_FRAGMENT_ALL_RETAINED
RF1b|f106r.4|G006	RF1b	f106r.4	f106r	CONFIRMED_PROSE	P	6	10	DEFINITE_SPACE	DEFINITE_SPACE	qopch@152;y	qopch y	2	6,7	6	7	qopch	y	MULTI_ASCII_FRAGMENT	MULTI_FRAGMENT_MIXED_RETAINED_OMITTED
RF1b|f106r.40|G007	RF1b	f106r.40	f106r	CONFIRMED_PROSE	P	7	11	DEFINITE_SPACE	DEFINITE_SPACE	she@152;y	she y	2	7,8	7	8	she	y	MULTI_ASCII_FRAGMENT	MULTI_FRAGMENT_MIXED_RETAINED_OMITTED
RF1b|f106r.40|G011	RF1b	f106r.40	f106r	CONFIRMED_PROSE	P	11	11	DEFINITE_SPACE	LINE_END	chdal@152;y	chdal y	2	12,13	12	13	chdal	y	MULTI_ASCII_FRAGMENT	MULTI_FRAGMENT_MIXED_RETAINED_OMITTED
RF1b|f106r.41|G002	RF1b	f106r.41	f106r	CONFIRMED_PROSE	P	2	5	DEFINITE_SPACE	DEFINITE_SPACE	she@152;y	she y	2	2,3	2	3	she	y	MULTI_ASCII_FRAGMENT	MULTI_FRAGMENT_MIXED_RETAINED_OMITTED
RF1b|f106r.41|G004	RF1b	f106r.41	f106r	CONFIRMED_PROSE	P	4	5	DEFINITE_SPACE	DEFINITE_SPACE	che@221;l	che l	2	5,6	5,6		che l		MULTI_ASCII_FRAGMENT	MULTI_FRAGMENT_ALL_RETAINED
RF1b|f106r.42|G004	RF1b	f106r.42	f106r	CONFIRMED_PROSE	P	4	9	DEFINITE_SPACE	DEFINITE_SPACE	okee'che@152;y	okeeche y	2	4,5	4	5	okeeche	y	MULTI_ASCII_FRAGMENT	MULTI_FRAGMENT_MIXED_RETAINED_OMITTED
RF1b|f106r.43|G002	RF1b	f106r.43	f106r	CONFIRMED_PROSE	P	2	11	DEFINITE_SPACE	DEFINITE_SPACE	she@221;l	she l	2	2,3	2,3		she l		MULTI_ASCII_FRAGMENT	MULTI_FRAGMENT_ALL_RETAINED
RF1b|f106r.43|G004	RF1b	f106r.43	f106r	CONFIRMED_PROSE	P	4	11	DEFINITE_SPACE	DEFINITE_SPACE	ote@152;y	ote y	2	5,6	5	6	ote	y	MULTI_ASCII_FRAGMENT	MULTI_FRAGMENT_MIXED_RETAINED_OMITTED
RF1b|f106r.45|G006	RF1b	f106r.45	f106r	CONFIRMED_PROSE	P	6	9	DEFINITE_SPACE	DEFINITE_SPACE	ch@152;alkair	ch alkair	2	6,7	6,7		ch alkair		MULTI_ASCII_FRAGMENT	MULTI_FRAGMENT_ALL_RETAINED
RF1b|f106r.46|G002	RF1b	f106r.46	f106r	CONFIRMED_PROSE	P	2	9	DEFINITE_SPACE	DEFINITE_SPACE	sh@221;daiin	sh daiin	2	2,3	2,3		sh daiin		MULTI_ASCII_FRAGMENT	MULTI_FRAGMENT_ALL_RETAINED
RF1b|f106r.46|G003	RF1b	f106r.46	f106r	CONFIRMED_PROSE	P	3	9	DEFINITE_SPACE	DEFINITE_SPACE	ote@152;y	ote y	2	4,5	4	5	ote	y	MULTI_ASCII_FRAGMENT	MULTI_FRAGMENT_MIXED_RETAINED_OMITTED
RF1b|f106r.6|G011	RF1b	f106r.6	f106r	CONFIRMED_PROSE	P	11	13	UNCERTAIN_SMALL_SPACE	DEFINITE_SPACE	che@152;y	che y	2	11,12	11	12	che	y	MULTI_ASCII_FRAGMENT	MULTI_FRAGMENT_MIXED_RETAINED_OMITTED
RF1b|f106r.7|G006	RF1b	f106r.7	f106r	CONFIRMED_PROSE	P	6	7	DEFINITE_SPACE	DEFINITE_SPACE	qok@221;r	qok r	2	6,7	6,7		qok r		MULTI_ASCII_FRAGMENT	MULTI_FRAGMENT_ALL_RETAINED
RF1b|f106r.8|G011	RF1b	f106r.8	f106r	CONFIRMED_PROSE	P	11	11	DEFINITE_SPACE	LINE_END	o@176;eedaim	o eedaim	2	11,12	11,12		o eedaim		MULTI_ASCII_FRAGMENT	MULTI_FRAGMENT_ALL_RETAINED
RF1b|f106v.10|G004	RF1b	f106v.10	f106v	CONFIRMED_PROSE	P	4	7	DEFINITE_SPACE	DEFINITE_SPACE	qo@152;aiin	qo aiin	2	4,5	4,5		qo aiin		MULTI_ASCII_FRAGMENT	MULTI_FRAGMENT_ALL_RETAINED
RF1b|f106v.11|G004	RF1b	f106v.11	f106v	CONFIRMED_PROSE	P	4	12	DEFINITE_SPACE	DEFINITE_SPACE	oteeo@152;y	oteeo y	2	4,5	4	5	oteeo	y	MULTI_ASCII_FRAGMENT	MULTI_FRAGMENT_MIXED_RETAINED_OMITTED
RF1b|f106v.11|G005	RF1b	f106v.11	f106v	CONFIRMED_PROSE	P	5	12	DEFINITE_SPACE	DEFINITE_SPACE	kshe@152;y	kshe y	2	6,7	6	7	kshe	y	MULTI_ASCII_FRAGMENT	MULTI_FRAGMENT_MIXED_RETAINED_OMITTED
RF1b|f106v.11|G008	RF1b	f106v.11	f106v	CONFIRMED_PROSE	P	8	12	DEFINITE_SPACE	DEFINITE_SPACE	she@152;y	she y	2	10,11	10	11	she	y	MULTI_ASCII_FRAGMENT	MULTI_FRAGMENT_MIXED_RETAINED_OMITTED
RF1b|f106v.12|G005	RF1b	f106v.12	f106v	CONFIRMED_PROSE	P	5	11	UNCERTAIN_SMALL_SPACE	DEFINITE_SPACE	ch@152;y	ch y	2	5,6	5	6	ch	y	MULTI_ASCII_FRAGMENT	MULTI_FRAGMENT_MIXED_RETAINED_OMITTED
RF1b|f106v.14|G001	RF1b	f106v.14	f106v	CONFIRMED_PROSE	P	1	8	LINE_START	DEFINITE_SPACE	sche@152;y	sche y	2	1,2	1	2	sche	y	MULTI_ASCII_FRAGMENT	MULTI_FRAGMENT_MIXED_RETAINED_OMITTED
RF1b|f106v.14|G006	RF1b	f106v.14	f106v	CONFIRMED_PROSE	P	6	8	DEFINITE_SPACE	DEFINITE_SPACE	che@152;y	che y	2	7,8	7	8	che	y	MULTI_ASCII_FRAGMENT	MULTI_FRAGMENT_MIXED_RETAINED_OMITTED
RF1b|f106v.15|G002	RF1b	f106v.15	f106v	CONFIRMED_PROSE	P	2	9	DEFINITE_SPACE	DEFINITE_SPACE	she@152;y	she y	2	2,3	2	3	she	y	MULTI_ASCII_FRAGMENT	MULTI_FRAGMENT_MIXED_RETAINED_OMITTED
RF1b|f106v.15|G003	RF1b	f106v.15	f106v	CONFIRMED_PROSE	P	3	9	DEFINITE_SPACE	DEFINITE_SPACE	qofch@152;y	qofch y	2	4,5	4	5	qofch	y	MULTI_ASCII_FRAGMENT	MULTI_FRAGMENT_MIXED_RETAINED_OMITTED
RF1b|f106v.15|G007	RF1b	f106v.15	f106v	CONFIRMED_PROSE	P	7	9	DEFINITE_SPACE	DEFINITE_SPACE	qokch@152;y	qokch y	2	9,10	9	10	qokch	y	MULTI_ASCII_FRAGMENT	MULTI_FRAGMENT_MIXED_RETAINED_OMITTED
RF1b|f106v.16|G006	RF1b	f106v.16	f106v	CONFIRMED_PROSE	P	6	11	DEFINITE_SPACE	DEFINITE_SPACE	qotch@152;y	qotch y	2	6,7	6	7	qotch	y	MULTI_ASCII_FRAGMENT	MULTI_FRAGMENT_MIXED_RETAINED_OMITTED
RF1b|f106v.16|G008	RF1b	f106v.16	f106v	CONFIRMED_PROSE	P	8	11	DEFINITE_SPACE	DEFINITE_SPACE	she@152;y	she y	2	9,10	9	10	she	y	MULTI_ASCII_FRAGMENT	MULTI_FRAGMENT_MIXED_RETAINED_OMITTED
RF1b|f106v.16|G010	RF1b	f106v.16	f106v	CONFIRMED_PROSE	P	10	11	DEFINITE_SPACE	DEFINITE_SPACE	che@152;y	che y	2	12,13	12	13	che	y	MULTI_ASCII_FRAGMENT	MULTI_FRAGMENT_MIXED_RETAINED_OMITTED
RF1b|f106v.17|G002	RF1b	f106v.17	f106v	CONFIRMED_PROSE	P	2	5	DEFINITE_SPACE	DEFINITE_SPACE	she@221;dar	she dar	2	2,3	2,3		she dar		MULTI_ASCII_FRAGMENT	MULTI_FRAGMENT_ALL_RETAINED
RF1b|f106v.19|G005	RF1b	f106v.19	f106v	CONFIRMED_PROSE	P	5	10	DEFINITE_SPACE	DEFINITE_SPACE	che@152;y	che y	2	5,6	5	6	che	y	MULTI_ASCII_FRAGMENT	MULTI_FRAGMENT_MIXED_RETAINED_OMITTED
RF1b|f106v.2|G003	RF1b	f106v.2	f106v	CONFIRMED_PROSE	P	3	13	DEFINITE_SPACE	DEFINITE_SPACE	sheeo@152;ar	sheeo ar	2	3,4	3,4		sheeo ar		MULTI_ASCII_FRAGMENT	MULTI_FRAGMENT_ALL_RETAINED
RF1b|f106v.22|G006	RF1b	f106v.22	f106v	CONFIRMED_PROSE	P	6	9	DEFINITE_SPACE	DEFINITE_SPACE	she@152;y	she y	2	6,7	6	7	she	y	MULTI_ASCII_FRAGMENT	MULTI_FRAGMENT_MIXED_RETAINED_OMITTED
RF1b|f106v.22|G008	RF1b	f106v.22	f106v	CONFIRMED_PROSE	P	8	9	DEFINITE_SPACE	DEFINITE_SPACE	qopshe@152;y	qopshe y	2	9,10	9	10	qopshe	y	MULTI_ASCII_FRAGMENT	MULTI_FRAGMENT_MIXED_RETAINED_OMITTED
RF1b|f106v.23|G008	RF1b	f106v.23	f106v	CONFIRMED_PROSE	P	8	13	DEFINITE_SPACE	DEFINITE_SPACE	che@152;y	che y	2	8,9	8	9	che	y	MULTI_ASCII_FRAGMENT	MULTI_FRAGMENT_MIXED_RETAINED_OMITTED
RF1b|f106v.24|G002	RF1b	f106v.24	f106v	CONFIRMED_PROSE	P	2	10	DEFINITE_SPACE	DEFINITE_SPACE	s@221;lshedy	s lshedy	2	2,3	2,3		s lshedy		MULTI_ASCII_FRAGMENT	MULTI_FRAGMENT_ALL_RETAINED
RF1b|f106v.24|G006	RF1b	f106v.24	f106v	CONFIRMED_PROSE	P	6	10	DEFINITE_SPACE	DEFINITE_SPACE	ch@152;al	ch al	2	7,8	7,8		ch al		MULTI_ASCII_FRAGMENT	MULTI_FRAGMENT_ALL_RETAINED
RF1b|f106v.24|G008	RF1b	f106v.24	f106v	CONFIRMED_PROSE	P	8	10	DEFINITE_SPACE	DEFINITE_SPACE	o@152;l	o l	2	10,11	10,11		o l		MULTI_ASCII_FRAGMENT	MULTI_FRAGMENT_ALL_RETAINED
RF1b|f106v.26|G003	RF1b	f106v.26	f106v	CONFIRMED_PROSE	P	3	13	DEFINITE_SPACE	DEFINITE_SPACE	ksh@152;ain	ksh ain	2	3,4	3,4		ksh ain		MULTI_ASCII_FRAGMENT	MULTI_FRAGMENT_ALL_RETAINED
RF1b|f106v.26|G007	RF1b	f106v.26	f106v	CONFIRMED_PROSE	P	7	13	UNCERTAIN_SMALL_SPACE	DEFINITE_SPACE	che@152;y	che y	2	8,9	8	9	che	y	MULTI_ASCII_FRAGMENT	MULTI_FRAGMENT_MIXED_RETAINED_OMITTED
RF1b|f106v.28|G002	RF1b	f106v.28	f106v	CONFIRMED_PROSE	P	2	10	DEFINITE_SPACE	DEFINITE_SPACE	olkee@152;y	olkee y	2	2,3	2	3	olkee	y	MULTI_ASCII_FRAGMENT	MULTI_FRAGMENT_MIXED_RETAINED_OMITTED
RF1b|f106v.29|G003	RF1b	f106v.29	f106v	CONFIRMED_PROSE	P	3	11	DEFINITE_SPACE	DEFINITE_SPACE	che@152;y	che y	2	3,4	3	4	che	y	MULTI_ASCII_FRAGMENT	MULTI_FRAGMENT_MIXED_RETAINED_OMITTED
RF1b|f106v.30|G006	RF1b	f106v.30	f106v	CONFIRMED_PROSE	P	6	10	DEFINITE_SPACE	DEFINITE_SPACE	otee@152;y	otee y	2	6,7	6	7	otee	y	MULTI_ASCII_FRAGMENT	MULTI_FRAGMENT_MIXED_RETAINED_OMITTED
RF1b|f106v.32|G010	RF1b	f106v.32	f106v	CONFIRMED_PROSE	P	10	11	DEFINITE_SPACE	DEFINITE_SPACE	ypo@152;aiin	ypo aiin	2	10,11	10,11		ypo aiin		MULTI_ASCII_FRAGMENT	MULTI_FRAGMENT_ALL_RETAINED
RF1b|f106v.37|G008	RF1b	f106v.37	f106v	CONFIRMED_PROSE	P	8	11	DEFINITE_SPACE	DEFINITE_SPACE	ote@152;ar	ote ar	2	8,9	8,9		ote ar		MULTI_ASCII_FRAGMENT	MULTI_FRAGMENT_ALL_RETAINED
RF1b|f106v.37|G010	RF1b	f106v.37	f106v	CONFIRMED_PROSE	P	10	11	DEFINITE_SPACE	DEFINITE_SPACE	fche@152;y	fche y	2	11,12	11	12	fche	y	MULTI_ASCII_FRAGMENT	MULTI_FRAGMENT_MIXED_RETAINED_OMITTED
RF1b|f106v.4|G007	RF1b	f106v.4	f106v	CONFIRMED_PROSE	P	7	8	DEFINITE_SPACE	DEFINITE_SPACE	ch@152;am	ch am	2	7,8	7,8		ch am		MULTI_ASCII_FRAGMENT	MULTI_FRAGMENT_ALL_RETAINED
RF1b|f106v.40|G009	RF1b	f106v.40	f106v	CONFIRMED_PROSE	P	9	13	DEFINITE_SPACE	DEFINITE_SPACE	opche@152;y	opche y	2	9,10	9	10	opche	y	MULTI_ASCII_FRAGMENT	MULTI_FRAGMENT_MIXED_RETAINED_OMITTED
RF1b|f106v.40|G011	RF1b	f106v.40	f106v	CONFIRMED_PROSE	P	11	13	DEFINITE_SPACE	DEFINITE_SPACE	@176;olche@152;y	olche y	2	12,13	12	13	olche	y	MULTI_ASCII_FRAGMENT	MULTI_FRAGMENT_MIXED_RETAINED_OMITTED
RF1b|f106v.40|G012	RF1b	f106v.40	f106v	CONFIRMED_PROSE	P	12	13	DEFINITE_SPACE	DEFINITE_SPACE	tcheo@152;ar	tcheo ar	2	14,15	14,15		tcheo ar		MULTI_ASCII_FRAGMENT	MULTI_FRAGMENT_ALL_RETAINED
RF1b|f106v.40|G013	RF1b	f106v.40	f106v	CONFIRMED_PROSE	P	13	13	DEFINITE_SPACE	LINE_END	po@152;kos	po kos	2	16,17	16,17		po kos		MULTI_ASCII_FRAGMENT	MULTI_FRAGMENT_ALL_RETAINED
RF1b|f106v.41|G009	RF1b	f106v.41	f106v	CONFIRMED_PROSE	P	9	10	DEFINITE_SPACE	DEFINITE_SPACE	qotee@152;y	qotee y	2	9,10	9	10	qotee	y	MULTI_ASCII_FRAGMENT	MULTI_FRAGMENT_MIXED_RETAINED_OMITTED
RF1b|f106v.42|G004	RF1b	f106v.42	f106v	CONFIRMED_PROSE	P	4	12	DEFINITE_SPACE	DEFINITE_SPACE	qotee@152;y	qotee y	2	4,5	4	5	qotee	y	MULTI_ASCII_FRAGMENT	MULTI_FRAGMENT_MIXED_RETAINED_OMITTED
RF1b|f106v.42|G007	RF1b	f106v.42	f106v	CONFIRMED_PROSE	P	7	12	DEFINITE_SPACE	DEFINITE_SPACE	ote@152;y	ote y	2	8,9	8	9	ote	y	MULTI_ASCII_FRAGMENT	MULTI_FRAGMENT_MIXED_RETAINED_OMITTED
RF1b|f106v.42|G011	RF1b	f106v.42	f106v	CONFIRMED_PROSE	P	11	12	DEFINITE_SPACE	DEFINITE_SPACE	kee@152;y	kee y	2	13,14	13	14	kee	y	MULTI_ASCII_FRAGMENT	MULTI_FRAGMENT_MIXED_RETAINED_OMITTED
RF1b|f106v.44|G008	RF1b	f106v.44	f106v	CONFIRMED_PROSE	P	8	11	DEFINITE_SPACE	DEFINITE_SPACE	che@152;ar	che ar	2	8,9	8,9		che ar		MULTI_ASCII_FRAGMENT	MULTI_FRAGMENT_ALL_RETAINED
RF1b|f106v.5|G004	RF1b	f106v.5	f106v	CONFIRMED_PROSE	P	4	12	DEFINITE_SPACE	DEFINITE_SPACE	shypche@152;y	shypche y	2	4,5	4	5	shypche	y	MULTI_ASCII_FRAGMENT	MULTI_FRAGMENT_MIXED_RETAINED_OMITTED
RF1b|f106v.6|G003	RF1b	f106v.6	f106v	CONFIRMED_PROSE	P	3	10	DEFINITE_SPACE	DEFINITE_SPACE	kche@152;y	kche y	2	3,4	3	4	kche	y	MULTI_ASCII_FRAGMENT	MULTI_FRAGMENT_MIXED_RETAINED_OMITTED
RF1b|f106v.7|G002	RF1b	f106v.7	f106v	CONFIRMED_PROSE	P	2	13	DEFINITE_SPACE	DEFINITE_SPACE	she@221;lsho	she lsho	2	2,3	2,3		she lsho		MULTI_ASCII_FRAGMENT	MULTI_FRAGMENT_ALL_RETAINED
RF1b|f106v.9|G001	RF1b	f106v.9	f106v	CONFIRMED_PROSE	P	1	10	LINE_START	DEFINITE_SPACE	tsho@152;aiin	tsho aiin	2	1,2	1,2		tsho aiin		MULTI_ASCII_FRAGMENT	MULTI_FRAGMENT_ALL_RETAINED
RF1b|f107r.1|G002	RF1b	f107r.1	f107r	CONFIRMED_PROSE	P	2	10	DEFINITE_SPACE	DEFINITE_SPACE	she@221;lor	she lor	2	2,3	2,3		she lor		MULTI_ASCII_FRAGMENT	MULTI_FRAGMENT_ALL_RETAINED
RF1b|f107r.10|G001	RF1b	f107r.10	f107r	CONFIRMED_PROSE	P	1	11	LINE_START	DEFINITE_SPACE	ytee@152;y	ytee y	2	1,2	1	2	ytee	y	MULTI_ASCII_FRAGMENT	MULTI_FRAGMENT_MIXED_RETAINED_OMITTED
RF1b|f107r.10|G002	RF1b	f107r.10	f107r	CONFIRMED_PROSE	P	2	11	DEFINITE_SPACE	DEFINITE_SPACE	qokee@152;y	qokee y	2	3,4	3	4	qokee	y	MULTI_ASCII_FRAGMENT	MULTI_FRAGMENT_MIXED_RETAINED_OMITTED
RF1b|f107r.13|G007	RF1b	f107r.13	f107r	CONFIRMED_PROSE	P	7	10	DEFINITE_SPACE	DEFINITE_SPACE	pshe@152;aiin	pshe aiin	2	7,8	7,8		pshe aiin		MULTI_ASCII_FRAGMENT	MULTI_FRAGMENT_ALL_RETAINED
RF1b|f107r.13|G009	RF1b	f107r.13	f107r	CONFIRMED_PROSE	P	9	10	DEFINITE_SPACE	DEFINITE_SPACE	she@152;y	she y	2	10,11	10	11	she	y	MULTI_ASCII_FRAGMENT	MULTI_FRAGMENT_MIXED_RETAINED_OMITTED
RF1b|f107r.14|G002	RF1b	f107r.14	f107r	CONFIRMED_PROSE	P	2	12	DEFINITE_SPACE	DEFINITE_SPACE	lshe@152;y	lshe y	2	2,3	2	3	lshe	y	MULTI_ASCII_FRAGMENT	MULTI_FRAGMENT_MIXED_RETAINED_OMITTED
RF1b|f107r.16|G002	RF1b	f107r.16	f107r	CONFIRMED_PROSE	P	2	9	DEFINITE_SPACE	DEFINITE_SPACE	olkee@152;y	olkee y	2	2,3	2	3	olkee	y	MULTI_ASCII_FRAGMENT	MULTI_FRAGMENT_MIXED_RETAINED_OMITTED
RF1b|f107r.18|G006	RF1b	f107r.18	f107r	CONFIRMED_PROSE	P	6	11	DEFINITE_SPACE	DEFINITE_SPACE	f@221;l	f l	2	6,7	7	6	l	f	MULTI_ASCII_FRAGMENT	MULTI_FRAGMENT_MIXED_RETAINED_OMITTED
RF1b|f107r.19|G012	RF1b	f107r.19	f107r	CONFIRMED_PROSE	P	12	12	DEFINITE_SPACE	LINE_END	al@152;y	al y	2	12,13	12	13	al	y	MULTI_ASCII_FRAGMENT	MULTI_FRAGMENT_MIXED_RETAINED_OMITTED
RF1b|f107r.2|G004	RF1b	f107r.2	f107r	CONFIRMED_PROSE	P	4	13	DEFINITE_SPACE	DEFINITE_SPACE	she@152;y	she y	2	4,5	4	5	she	y	MULTI_ASCII_FRAGMENT	MULTI_FRAGMENT_MIXED_RETAINED_OMITTED
RF1b|f107r.22|G001	RF1b	f107r.22	f107r	CONFIRMED_PROSE	P	1	11	LINE_START	DEFINITE_SPACE	ykshe@221;l	ykshe l	2	1,2	1,2		ykshe l		MULTI_ASCII_FRAGMENT	MULTI_FRAGMENT_ALL_RETAINED
RF1b|f107r.23|G003	RF1b	f107r.23	f107r	CONFIRMED_PROSE	P	3	3	DEFINITE_SPACE	LINE_END	cho@152;aiin	cho aiin	2	3,4	3,4		cho aiin		MULTI_ASCII_FRAGMENT	MULTI_FRAGMENT_ALL_RETAINED
RF1b|f107r.25|G004	RF1b	f107r.25	f107r	CONFIRMED_PROSE	P	4	11	DEFINITE_SPACE	DEFINITE_SPACE	che@152;y	che y	2	4,5	4	5	che	y	MULTI_ASCII_FRAGMENT	MULTI_FRAGMENT_MIXED_RETAINED_OMITTED
RF1b|f107r.27|G006	RF1b	f107r.27	f107r	CONFIRMED_PROSE	P	6	11	DEFINITE_SPACE	DEFINITE_SPACE	ofche@152;y	ofche y	2	6,7	6	7	ofche	y	MULTI_ASCII_FRAGMENT	MULTI_FRAGMENT_MIXED_RETAINED_OMITTED
RF1b|f107r.27|G007	RF1b	f107r.27	f107r	CONFIRMED_PROSE	P	7	11	DEFINITE_SPACE	DEFINITE_SPACE	qofche@152;y	qofche y	2	8,9	8	9	qofche	y	MULTI_ASCII_FRAGMENT	MULTI_FRAGMENT_MIXED_RETAINED_OMITTED
RF1b|f107r.30|G002	RF1b	f107r.30	f107r	CONFIRMED_PROSE	P	2	11	DEFINITE_SPACE	DEFINITE_SPACE	aiickhee@152;y	aiickhee y	2	2,3	2	3	aiickhee	y	MULTI_ASCII_FRAGMENT	MULTI_FRAGMENT_MIXED_RETAINED_OMITTED
RF1b|f107r.31|G003	RF1b	f107r.31	f107r	CONFIRMED_PROSE	P	3	14	DEFINITE_SPACE	DEFINITE_SPACE	ch@152;y	ch y	2	3,4	3	4	ch	y	MULTI_ASCII_FRAGMENT	MULTI_FRAGMENT_MIXED_RETAINED_OMITTED
RF1b|f107r.31|G010	RF1b	f107r.31	f107r	CONFIRMED_PROSE	P	10	14	DEFINITE_SPACE	DEFINITE_SPACE	ch@152;y	ch y	2	11,12	11	12	ch	y	MULTI_ASCII_FRAGMENT	MULTI_FRAGMENT_MIXED_RETAINED_OMITTED
RF1b|f107r.35|G004	RF1b	f107r.35	f107r	CONFIRMED_PROSE	P	4	11	DEFINITE_SPACE	DEFINITE_SPACE	lche@152;y	lche y	2	4,5	4	5	lche	y	MULTI_ASCII_FRAGMENT	MULTI_FRAGMENT_MIXED_RETAINED_OMITTED
RF1b|f107r.35|G011	RF1b	f107r.35	f107r	CONFIRMED_PROSE	P	11	11	DEFINITE_SPACE	LINE_END	kal@152;aim	kal aim	2	12,13	12,13		kal aim		MULTI_ASCII_FRAGMENT	MULTI_FRAGMENT_ALL_RETAINED
RF1b|f107r.5|G002	RF1b	f107r.5	f107r	CONFIRMED_PROSE	P	2	10	DEFINITE_SPACE	DEFINITE_SPACE	te@152;y	te y	2	2,3	2	3	te	y	MULTI_ASCII_FRAGMENT	MULTI_FRAGMENT_MIXED_RETAINED_OMITTED
RF1b|f107r.5|G008	RF1b	f107r.5	f107r	CONFIRMED_PROSE	P	8	10	DEFINITE_SPACE	DEFINITE_SPACE	chokche@152;y	chokche y	2	9,10	9	10	chokche	y	MULTI_ASCII_FRAGMENT	MULTI_FRAGMENT_MIXED_RETAINED_OMITTED
RF1b|f107r.6|G002	RF1b	f107r.6	f107r	CONFIRMED_PROSE	P	2	10	DEFINITE_SPACE	DEFINITE_SPACE	qokee@152;y	qokee y	2	2,3	2	3	qokee	y	MULTI_ASCII_FRAGMENT	MULTI_FRAGMENT_MIXED_RETAINED_OMITTED
RF1b|f107r.6|G003	RF1b	f107r.6	f107r	CONFIRMED_PROSE	P	3	10	DEFINITE_SPACE	DEFINITE_SPACE	chotche@152;y	chotche y	2	4,5	4	5	chotche	y	MULTI_ASCII_FRAGMENT	MULTI_FRAGMENT_MIXED_RETAINED_OMITTED
RF1b|f107r.6|G007	RF1b	f107r.6	f107r	CONFIRMED_PROSE	P	7	10	DEFINITE_SPACE	DEFINITE_SPACE	che@152;aiin	che aiin	2	9,10	9,10		che aiin		MULTI_ASCII_FRAGMENT	MULTI_FRAGMENT_ALL_RETAINED
RF1b|f107r.8|G005	RF1b	f107r.8	f107r	CONFIRMED_PROSE	P	5	10	DEFINITE_SPACE	DEFINITE_SPACE	qoke@152;y	qoke y	2	5,6	5	6	qoke	y	MULTI_ASCII_FRAGMENT	MULTI_FRAGMENT_MIXED_RETAINED_OMITTED
RF1b|f107r.9|G001	RF1b	f107r.9	f107r	CONFIRMED_PROSE	P	1	11	LINE_START	DEFINITE_SPACE	ok@221;iin	ok iin	2	1,2	1,2		ok iin		MULTI_ASCII_FRAGMENT	MULTI_FRAGMENT_ALL_RETAINED
RF1b|f107v.1|G001	RF1b	f107v.1	f107v	CONFIRMED_PROSE	P	1	11	LINE_START	DEFINITE_SPACE	kais@221;r	kais r	2	1,2	1,2		kais r		MULTI_ASCII_FRAGMENT	MULTI_FRAGMENT_ALL_RETAINED
RF1b|f107v.1|G005	RF1b	f107v.1	f107v	CONFIRMED_PROSE	P	5	11	DEFINITE_SPACE	DEFINITE_SPACE	oto@152;y	oto y	2	6,7	6	7	oto	y	MULTI_ASCII_FRAGMENT	MULTI_FRAGMENT_MIXED_RETAINED_OMITTED
RF1b|f107v.11|G003	RF1b	f107v.11	f107v	CONFIRMED_PROSE	P	3	10	DEFINITE_SPACE	DEFINITE_SPACE	she@152;y	she y	2	3,4	3	4	she	y	MULTI_ASCII_FRAGMENT	MULTI_FRAGMENT_MIXED_RETAINED_OMITTED
RF1b|f107v.12|G006	RF1b	f107v.12	f107v	CONFIRMED_PROSE	P	6	11	DEFINITE_SPACE	DEFINITE_SPACE	she@152;y	she y	2	6,7	6	7	she	y	MULTI_ASCII_FRAGMENT	MULTI_FRAGMENT_MIXED_RETAINED_OMITTED
RF1b|f107v.13|G003	RF1b	f107v.13	f107v	CONFIRMED_PROSE	P	3	10	DEFINITE_SPACE	DEFINITE_SPACE	ockheo@152;y	ockheo y	2	3,4	3	4	ockheo	y	MULTI_ASCII_FRAGMENT	MULTI_FRAGMENT_MIXED_RETAINED_OMITTED
RF1b|f107v.14|G009	RF1b	f107v.14	f107v	CONFIRMED_PROSE	P	9	10	DEFINITE_SPACE	DEFINITE_SPACE	okch@152;y	okch y	2	9,10	9	10	okch	y	MULTI_ASCII_FRAGMENT	MULTI_FRAGMENT_MIXED_RETAINED_OMITTED
RF1b|f107v.16|G008	RF1b	f107v.16	f107v	CONFIRMED_PROSE	P	8	10	DEFINITE_SPACE	DEFINITE_SPACE	t@221;lk@221;l	t lk l	3	8,9,10	8,9,10		t lk l		MULTI_ASCII_FRAGMENT	MULTI_FRAGMENT_ALL_RETAINED
RF1b|f107v.18|G003	RF1b	f107v.18	f107v	CONFIRMED_PROSE	P	3	10	DEFINITE_SPACE	DEFINITE_SPACE	qekch@152;y	qekch y	2	3,4	3	4	qekch	y	MULTI_ASCII_FRAGMENT	MULTI_FRAGMENT_MIXED_RETAINED_OMITTED
RF1b|f107v.20|G008	RF1b	f107v.20	f107v	CONFIRMED_PROSE	P	8	10	DEFINITE_SPACE	DEFINITE_SPACE	qopche@152;y	qopche y	2	8,9	8	9	qopche	y	MULTI_ASCII_FRAGMENT	MULTI_FRAGMENT_MIXED_RETAINED_OMITTED
RF1b|f107v.21|G005	RF1b	f107v.21	f107v	CONFIRMED_PROSE	P	5	12	DEFINITE_SPACE	DEFINITE_SPACE	kche@152;y	kche y	2	5,6	5	6	kche	y	MULTI_ASCII_FRAGMENT	MULTI_FRAGMENT_MIXED_RETAINED_OMITTED
RF1b|f107v.22|G006	RF1b	f107v.22	f107v	CONFIRMED_PROSE	P	6	6	DEFINITE_SPACE	LINE_END	ch@152;ar	ch ar	2	6,7	6,7		ch ar		MULTI_ASCII_FRAGMENT	MULTI_FRAGMENT_ALL_RETAINED
RF1b|f107v.26|G004	RF1b	f107v.26	f107v	CONFIRMED_PROSE	P	4	9	DEFINITE_SPACE	DEFINITE_SPACE	cheo@152;y	cheo y	2	4,5	4	5	cheo	y	MULTI_ASCII_FRAGMENT	MULTI_FRAGMENT_MIXED_RETAINED_OMITTED
RF1b|f107v.29|G001	RF1b	f107v.29	f107v	CONFIRMED_PROSE	P	1	9	LINE_START	DEFINITE_SPACE	tolkeee@152;y	tolkeee y	2	1,2	1	2	tolkeee	y	MULTI_ASCII_FRAGMENT	MULTI_FRAGMENT_MIXED_RETAINED_OMITTED
RF1b|f107v.29|G005	RF1b	f107v.29	f107v	CONFIRMED_PROSE	P	5	9	DEFINITE_SPACE	DEFINITE_SPACE	qokche@152;y	qokche y	2	6,7	6	7	qokche	y	MULTI_ASCII_FRAGMENT	MULTI_FRAGMENT_MIXED_RETAINED_OMITTED
RF1b|f107v.31|G004	RF1b	f107v.31	f107v	CONFIRMED_PROSE	P	4	8	DEFINITE_SPACE	DEFINITE_SPACE	che@152;y	che y	2	4,5	4	5	che	y	MULTI_ASCII_FRAGMENT	MULTI_FRAGMENT_MIXED_RETAINED_OMITTED
RF1b|f107v.31|G006	RF1b	f107v.31	f107v	CONFIRMED_PROSE	P	6	8	DEFINITE_SPACE	DEFINITE_SPACE	okeo@152;y	okeo y	2	7,8	7	8	okeo	y	MULTI_ASCII_FRAGMENT	MULTI_FRAGMENT_MIXED_RETAINED_OMITTED
RF1b|f107v.33|G011	RF1b	f107v.33	f107v	CONFIRMED_PROSE	P	11	11	DEFINITE_SPACE	LINE_END	al@152;y	al y	2	11,12	11	12	al	y	MULTI_ASCII_FRAGMENT	MULTI_FRAGMENT_MIXED_RETAINED_OMITTED
RF1b|f107v.35|G001	RF1b	f107v.35	f107v	CONFIRMED_PROSE	P	1	10	LINE_START	DEFINITE_SPACE	polche@152;y	polche y	2	1,2	1	2	polche	y	MULTI_ASCII_FRAGMENT	MULTI_FRAGMENT_MIXED_RETAINED_OMITTED
RF1b|f107v.35|G009	RF1b	f107v.35	f107v	CONFIRMED_PROSE	P	9	10	DEFINITE_SPACE	DEFINITE_SPACE	qokee@152;y	qokee y	2	10,11	10	11	qokee	y	MULTI_ASCII_FRAGMENT	MULTI_FRAGMENT_MIXED_RETAINED_OMITTED
RF1b|f107v.36|G001	RF1b	f107v.36	f107v	CONFIRMED_PROSE	P	1	10	LINE_START	DEFINITE_SPACE	t@221;l	t l	2	1,2	1,2		t l		MULTI_ASCII_FRAGMENT	MULTI_FRAGMENT_ALL_RETAINED
RF1b|f107v.36|G006	RF1b	f107v.36	f107v	CONFIRMED_PROSE	P	6	10	DEFINITE_SPACE	DEFINITE_SPACE	olkee@152;y	olkee y	2	7,8	7	8	olkee	y	MULTI_ASCII_FRAGMENT	MULTI_FRAGMENT_MIXED_RETAINED_OMITTED
RF1b|f107v.36|G007	RF1b	f107v.36	f107v	CONFIRMED_PROSE	P	7	10	DEFINITE_SPACE	DEFINITE_SPACE	o@176;ar	o ar	2	9,10	9,10		o ar		MULTI_ASCII_FRAGMENT	MULTI_FRAGMENT_ALL_RETAINED
RF1b|f107v.37|G009	RF1b	f107v.37	f107v	CONFIRMED_PROSE	P	9	9	DEFINITE_SPACE	LINE_END	ot@221;ry	ot ry	2	9,10	9,10		ot ry		MULTI_ASCII_FRAGMENT	MULTI_FRAGMENT_ALL_RETAINED
RF1b|f107v.39|G008	RF1b	f107v.39	f107v	CONFIRMED_PROSE	P	8	9	DEFINITE_SPACE	DEFINITE_SPACE	o@152;aiin	o aiin	2	8,9	8,9		o aiin		MULTI_ASCII_FRAGMENT	MULTI_FRAGMENT_ALL_RETAINED
RF1b|f107v.41|G010	RF1b	f107v.41	f107v	CONFIRMED_PROSE	P	10	12	DEFINITE_SPACE	DEFINITE_SPACE	lkee@152;y	lkee y	2	10,11	10	11	lkee	y	MULTI_ASCII_FRAGMENT	MULTI_FRAGMENT_MIXED_RETAINED_OMITTED
RF1b|f107v.45|G001	RF1b	f107v.45	f107v	CONFIRMED_PROSE	P	1	10	LINE_START	DEFINITE_SPACE	p@221;rain	p rain	2	1,2	2	1	rain	p	MULTI_ASCII_FRAGMENT	MULTI_FRAGMENT_MIXED_RETAINED_OMITTED
RF1b|f107v.45|G003	RF1b	f107v.45	f107v	CONFIRMED_PROSE	P	3	10	DEFINITE_SPACE	DEFINITE_SPACE	okech@152;y	okech y	2	4,5	4	5	okech	y	MULTI_ASCII_FRAGMENT	MULTI_FRAGMENT_MIXED_RETAINED_OMITTED
RF1b|f107v.45|G006	RF1b	f107v.45	f107v	CONFIRMED_PROSE	P	6	10	DEFINITE_SPACE	DEFINITE_SPACE	she@152;y	she y	2	8,9	8	9	she	y	MULTI_ASCII_FRAGMENT	MULTI_FRAGMENT_MIXED_RETAINED_OMITTED
RF1b|f107v.46|G007	RF1b	f107v.46	f107v	CONFIRMED_PROSE	P	7	10	DEFINITE_SPACE	DEFINITE_SPACE	ke@152;y	ke y	2	7,8	7	8	ke	y	MULTI_ASCII_FRAGMENT	MULTI_FRAGMENT_MIXED_RETAINED_OMITTED
RF1b|f107v.48|G001	RF1b	f107v.48	f107v	CONFIRMED_PROSE	P	1	10	LINE_START	DEFINITE_SPACE	otee@152;y	otee y	2	1,2	1	2	otee	y	MULTI_ASCII_FRAGMENT	MULTI_FRAGMENT_MIXED_RETAINED_OMITTED
RF1b|f107v.5|G002	RF1b	f107v.5	f107v	CONFIRMED_PROSE	P	2	11	DEFINITE_SPACE	DEFINITE_SPACE	sheockhe@152;y	sheockhe y	2	2,3	2	3	sheockhe	y	MULTI_ASCII_FRAGMENT	MULTI_FRAGMENT_MIXED_RETAINED_OMITTED
RF1b|f107v.5|G005	RF1b	f107v.5	f107v	CONFIRMED_PROSE	P	5	11	DEFINITE_SPACE	DEFINITE_SPACE	otech@152;y	otech y	2	6,7	6	7	otech	y	MULTI_ASCII_FRAGMENT	MULTI_FRAGMENT_MIXED_RETAINED_OMITTED
RF1b|f107v.5|G007	RF1b	f107v.5	f107v	CONFIRMED_PROSE	P	7	11	DEFINITE_SPACE	DEFINITE_SPACE	te@152;aiin	te aiin	2	9,10	9,10		te aiin		MULTI_ASCII_FRAGMENT	MULTI_FRAGMENT_ALL_RETAINED
RF1b|f107v.6|G011	RF1b	f107v.6	f107v	CONFIRMED_PROSE	P	11	11	DEFINITE_SPACE	LINE_END	qokal@152;y	qokal y	2	11,12	11	12	qokal	y	MULTI_ASCII_FRAGMENT	MULTI_FRAGMENT_MIXED_RETAINED_OMITTED
RF1b|f107v.9|G004	RF1b	f107v.9	f107v	CONFIRMED_PROSE	P	4	8	DEFINITE_SPACE	DEFINITE_SPACE	qoke@152;y	qoke y	2	4,5	4	5	qoke	y	MULTI_ASCII_FRAGMENT	MULTI_FRAGMENT_MIXED_RETAINED_OMITTED
RF1b|f108r.1|G001	RF1b	f108r.1	f108r	CONFIRMED_PROSE	P	1	11	LINE_START	DEFINITE_SPACE	teodee@221;r	teodee r	2	1,2	1,2		teodee r		MULTI_ASCII_FRAGMENT	MULTI_FRAGMENT_ALL_RETAINED
RF1b|f108r.13|G004	RF1b	f108r.13	f108r	CONFIRMED_PROSE	P	4	4	DEFINITE_SPACE	LINE_END	ailo@152;aiin	ailo aiin	2	4,5	4,5		ailo aiin		MULTI_ASCII_FRAGMENT	MULTI_FRAGMENT_ALL_RETAINED
RF1b|f108r.14|G003	RF1b	f108r.14	f108r	CONFIRMED_PROSE	P	3	11	DEFINITE_SPACE	DEFINITE_SPACE	qok@221;r	qok r	2	3,4	3,4		qok r		MULTI_ASCII_FRAGMENT	MULTI_FRAGMENT_ALL_RETAINED
RF1b|f108r.14|G004	RF1b	f108r.14	f108r	CONFIRMED_PROSE	P	4	11	DEFINITE_SPACE	DEFINITE_SPACE	she@152;y	she y	2	5,6	5	6	she	y	MULTI_ASCII_FRAGMENT	MULTI_FRAGMENT_MIXED_RETAINED_OMITTED
RF1b|f108r.15|G005	RF1b	f108r.15	f108r	CONFIRMED_PROSE	P	5	10	DEFINITE_SPACE	DEFINITE_SPACE	che@152;y	che y	2	5,6	5	6	che	y	MULTI_ASCII_FRAGMENT	MULTI_FRAGMENT_MIXED_RETAINED_OMITTED
RF1b|f108r.15|G006	RF1b	f108r.15	f108r	CONFIRMED_PROSE	P	6	10	DEFINITE_SPACE	DEFINITE_SPACE	okche@152;y	okche y	2	7,8	7	8	okche	y	MULTI_ASCII_FRAGMENT	MULTI_FRAGMENT_MIXED_RETAINED_OMITTED
RF1b|f108r.16|G001	RF1b	f108r.16	f108r	CONFIRMED_PROSE	P	1	6	LINE_START	DEFINITE_SPACE	s@221;{ith}y	s y	2	1,2	1	2	s	y	MULTI_ASCII_FRAGMENT	MULTI_FRAGMENT_MIXED_RETAINED_OMITTED
RF1b|f108r.17|G007	RF1b	f108r.17	f108r	CONFIRMED_PROSE	P	7	10	DEFINITE_SPACE	DEFINITE_SPACE	l@221;iin	l iin	2	7,8	7,8		l iin		MULTI_ASCII_FRAGMENT	MULTI_FRAGMENT_ALL_RETAINED
RF1b|f108r.18|G001	RF1b	f108r.18	f108r	CONFIRMED_PROSE	P	1	11	LINE_START	DEFINITE_SPACE	okee@152;y	okee y	2	1,2	1	2	okee	y	MULTI_ASCII_FRAGMENT	MULTI_FRAGMENT_MIXED_RETAINED_OMITTED
RF1b|f108r.18|G007	RF1b	f108r.18	f108r	CONFIRMED_PROSE	P	7	11	DEFINITE_SPACE	DEFINITE_SPACE	qoke@152;y	qoke y	2	8,9	8	9	qoke	y	MULTI_ASCII_FRAGMENT	MULTI_FRAGMENT_MIXED_RETAINED_OMITTED
RF1b|f108r.18|G008	RF1b	f108r.18	f108r	CONFIRMED_PROSE	P	8	11	DEFINITE_SPACE	DEFINITE_SPACE	lke@152;y	lke y	2	10,11	10	11	lke	y	MULTI_ASCII_FRAGMENT	MULTI_FRAGMENT_MIXED_RETAINED_OMITTED
RF1b|f108r.18|G011	RF1b	f108r.18	f108r	CONFIRMED_PROSE	P	11	11	DEFINITE_SPACE	LINE_END	che@152;ly	che ly	2	14,15	14,15		che ly		MULTI_ASCII_FRAGMENT	MULTI_FRAGMENT_ALL_RETAINED
RF1b|f108r.19|G002	RF1b	f108r.19	f108r	CONFIRMED_PROSE	P	2	10	DEFINITE_SPACE	DEFINITE_SPACE	okee@152;ar	okee ar	2	2,3	2,3		okee ar		MULTI_ASCII_FRAGMENT	MULTI_FRAGMENT_ALL_RETAINED
RF1b|f108r.21|G002	RF1b	f108r.21	f108r	CONFIRMED_PROSE	P	2	9	DEFINITE_SPACE	DEFINITE_SPACE	qoee@152;y	qoee y	2	2,3	2	3	qoee	y	MULTI_ASCII_FRAGMENT	MULTI_FRAGMENT_MIXED_RETAINED_OMITTED
RF1b|f108r.21|G006	RF1b	f108r.21	f108r	CONFIRMED_PROSE	P	6	9	DEFINITE_SPACE	DEFINITE_SPACE	qote@152;y	qote y	2	7,8	7	8	qote	y	MULTI_ASCII_FRAGMENT	MULTI_FRAGMENT_MIXED_RETAINED_OMITTED
RF1b|f108r.24|G005	RF1b	f108r.24	f108r	CONFIRMED_PROSE	P	5	12	DEFINITE_SPACE	DEFINITE_SPACE	qote@152;y	qote y	2	5,6	5	6	qote	y	MULTI_ASCII_FRAGMENT	MULTI_FRAGMENT_MIXED_RETAINED_OMITTED
RF1b|f108r.25|G008	RF1b	f108r.25	f108r	CONFIRMED_PROSE	P	8	13	DEFINITE_SPACE	DEFINITE_SPACE	alke@152;y	alke y	2	8,9	8	9	alke	y	MULTI_ASCII_FRAGMENT	MULTI_FRAGMENT_MIXED_RETAINED_OMITTED
RF1b|f108r.26|G003	RF1b	f108r.26	f108r	CONFIRMED_PROSE	P	3	11	DEFINITE_SPACE	DEFINITE_SPACE	che@152;y	che y	2	3,4	3	4	che	y	MULTI_ASCII_FRAGMENT	MULTI_FRAGMENT_MIXED_RETAINED_OMITTED
RF1b|f108r.26|G004	RF1b	f108r.26	f108r	CONFIRMED_PROSE	P	4	11	DEFINITE_SPACE	DEFINITE_SPACE	qo@176;eedy	qo eedy	2	5,6	5,6		qo eedy		MULTI_ASCII_FRAGMENT	MULTI_FRAGMENT_ALL_RETAINED
RF1b|f108r.27|G010	RF1b	f108r.27	f108r	CONFIRMED_PROSE	P	10	11	DEFINITE_SPACE	DEFINITE_SPACE	oke@152;am	oke am	2	10,11	10,11		oke am		MULTI_ASCII_FRAGMENT	MULTI_FRAGMENT_ALL_RETAINED
RF1b|f108r.29|G005	RF1b	f108r.29	f108r	CONFIRMED_PROSE	P	5	9	DEFINITE_SPACE	DEFINITE_SPACE	tee@152;y	tee y	2	5,6	5	6	tee	y	MULTI_ASCII_FRAGMENT	MULTI_FRAGMENT_MIXED_RETAINED_OMITTED
RF1b|f108r.29|G007	RF1b	f108r.29	f108r	CONFIRMED_PROSE	P	7	9	DEFINITE_SPACE	DEFINITE_SPACE	ote@152;y	ote y	2	8,9	8	9	ote	y	MULTI_ASCII_FRAGMENT	MULTI_FRAGMENT_MIXED_RETAINED_OMITTED
RF1b|f108r.3|G008	RF1b	f108r.3	f108r	CONFIRMED_PROSE	P	8	11	DEFINITE_SPACE	DEFINITE_SPACE	oke@152;al	oke al	2	8,9	8,9		oke al		MULTI_ASCII_FRAGMENT	MULTI_FRAGMENT_ALL_RETAINED
RF1b|f108r.30|G006	RF1b	f108r.30	f108r	CONFIRMED_PROSE	P	6	8	DEFINITE_SPACE	DEFINITE_SPACE	okche@152;y	okche y	2	6,7	6	7	okche	y	MULTI_ASCII_FRAGMENT	MULTI_FRAGMENT_MIXED_RETAINED_OMITTED
RF1b|f108r.31|G008	RF1b	f108r.31	f108r	CONFIRMED_PROSE	P	8	10	DEFINITE_SPACE	DEFINITE_SPACE	qoke@152;y	qoke y	2	8,9	8	9	qoke	y	MULTI_ASCII_FRAGMENT	MULTI_FRAGMENT_MIXED_RETAINED_OMITTED
RF1b|f108r.32|G005	RF1b	f108r.32	f108r	CONFIRMED_PROSE	P	5	12	DEFINITE_SPACE	DEFINITE_SPACE	ote@152;y	ote y	2	5,6	5	6	ote	y	MULTI_ASCII_FRAGMENT	MULTI_FRAGMENT_MIXED_RETAINED_OMITTED
RF1b|f108r.33|G008	RF1b	f108r.33	f108r	CONFIRMED_PROSE	P	8	10	DEFINITE_SPACE	DEFINITE_SPACE	o@176;edy	o edy	2	8,9	8,9		o edy		MULTI_ASCII_FRAGMENT	MULTI_FRAGMENT_ALL_RETAINED
RF1b|f108r.38|G003	RF1b	f108r.38	f108r	CONFIRMED_PROSE	P	3	6	DEFINITE_SPACE	DEFINITE_SPACE	qokee@152;y	qokee y	2	3,4	3	4	qokee	y	MULTI_ASCII_FRAGMENT	MULTI_FRAGMENT_MIXED_RETAINED_OMITTED
RF1b|f108r.38|G004	RF1b	f108r.38	f108r	CONFIRMED_PROSE	P	4	6	DEFINITE_SPACE	DEFINITE_SPACE	ote@152;y	ote y	2	5,6	5	6	ote	y	MULTI_ASCII_FRAGMENT	MULTI_FRAGMENT_MIXED_RETAINED_OMITTED
RF1b|f108r.39|G010	RF1b	f108r.39	f108r	CONFIRMED_PROSE	P	10	12	DEFINITE_SPACE	DEFINITE_SPACE	qote@152;y	qote y	2	10,11	10	11	qote	y	MULTI_ASCII_FRAGMENT	MULTI_FRAGMENT_MIXED_RETAINED_OMITTED
RF1b|f108r.39|G011	RF1b	f108r.39	f108r	CONFIRMED_PROSE	P	11	12	DEFINITE_SPACE	DEFINITE_SPACE	otee@152;y	otee y	2	12,13	12	13	otee	y	MULTI_ASCII_FRAGMENT	MULTI_FRAGMENT_MIXED_RETAINED_OMITTED
RF1b|f108r.39|G012	RF1b	f108r.39	f108r	CONFIRMED_PROSE	P	12	12	DEFINITE_SPACE	LINE_END	oke@152;y	oke y	2	14,15	14	15	oke	y	MULTI_ASCII_FRAGMENT	MULTI_FRAGMENT_MIXED_RETAINED_OMITTED
RF1b|f108r.42|G006	RF1b	f108r.42	f108r	CONFIRMED_PROSE	P	6	10	DEFINITE_SPACE	DEFINITE_SPACE	che@152;y	che y	2	6,7	6	7	che	y	MULTI_ASCII_FRAGMENT	MULTI_FRAGMENT_MIXED_RETAINED_OMITTED
RF1b|f108r.42|G010	RF1b	f108r.42	f108r	CONFIRMED_PROSE	P	10	10	DEFINITE_SPACE	LINE_END	o@221;lals	o lals	2	11,12	11,12		o lals		MULTI_ASCII_FRAGMENT	MULTI_FRAGMENT_ALL_RETAINED
RF1b|f108r.43|G004	RF1b	f108r.43	f108r	CONFIRMED_PROSE	P	4	12	DEFINITE_SPACE	DEFINITE_SPACE	qoke@152;y	qoke y	2	4,5	4	5	qoke	y	MULTI_ASCII_FRAGMENT	MULTI_FRAGMENT_MIXED_RETAINED_OMITTED
RF1b|f108r.45|G007	RF1b	f108r.45	f108r	CONFIRMED_PROSE	P	7	11	DEFINITE_SPACE	DEFINITE_SPACE	qoke@152;y	qoke y	2	7,8	7	8	qoke	y	MULTI_ASCII_FRAGMENT	MULTI_FRAGMENT_MIXED_RETAINED_OMITTED
RF1b|f108r.46|G006	RF1b	f108r.46	f108r	CONFIRMED_PROSE	P	6	11	DEFINITE_SPACE	DEFINITE_SPACE	oke@152;y	oke y	2	6,7	6	7	oke	y	MULTI_ASCII_FRAGMENT	MULTI_FRAGMENT_MIXED_RETAINED_OMITTED
RF1b|f108r.47|G006	RF1b	f108r.47	f108r	CONFIRMED_PROSE	P	6	11	DEFINITE_SPACE	DEFINITE_SPACE	lkch@152;y	lkch y	2	6,7	6	7	lkch	y	MULTI_ASCII_FRAGMENT	MULTI_FRAGMENT_MIXED_RETAINED_OMITTED
RF1b|f108r.47|G007	RF1b	f108r.47	f108r	CONFIRMED_PROSE	P	7	11	DEFINITE_SPACE	DEFINITE_SPACE	otee@152;y	otee y	2	8,9	8	9	otee	y	MULTI_ASCII_FRAGMENT	MULTI_FRAGMENT_MIXED_RETAINED_OMITTED
RF1b|f108r.48|G009	RF1b	f108r.48	f108r	CONFIRMED_PROSE	P	9	12	DEFINITE_SPACE	DEFINITE_SPACE	qoke@152;y	qoke y	2	9,10	9	10	qoke	y	MULTI_ASCII_FRAGMENT	MULTI_FRAGMENT_MIXED_RETAINED_OMITTED
RF1b|f108r.48|G010	RF1b	f108r.48	f108r	CONFIRMED_PROSE	P	10	12	DEFINITE_SPACE	DEFINITE_SPACE	qokee@152;y	qokee y	2	11,12	11	12	qokee	y	MULTI_ASCII_FRAGMENT	MULTI_FRAGMENT_MIXED_RETAINED_OMITTED
RF1b|f108r.49|G002	RF1b	f108r.49	f108r	CONFIRMED_PROSE	P	2	10	DEFINITE_SPACE	DEFINITE_SPACE	lche@152;y	lche y	2	2,3	2	3	lche	y	MULTI_ASCII_FRAGMENT	MULTI_FRAGMENT_MIXED_RETAINED_OMITTED
RF1b|f108r.49|G004	RF1b	f108r.49	f108r	CONFIRMED_PROSE	P	4	10	DEFINITE_SPACE	DEFINITE_SPACE	qokee@152;y	qokee y	2	5,6	5	6	qokee	y	MULTI_ASCII_FRAGMENT	MULTI_FRAGMENT_MIXED_RETAINED_OMITTED
RF1b|f108r.49|G009	RF1b	f108r.49	f108r	CONFIRMED_PROSE	P	9	10	DEFINITE_SPACE	DEFINITE_SPACE	lke@152;y	lke y	2	11,12	11	12	lke	y	MULTI_ASCII_FRAGMENT	MULTI_FRAGMENT_MIXED_RETAINED_OMITTED
RF1b|f108r.49|G010	RF1b	f108r.49	f108r	CONFIRMED_PROSE	P	10	10	DEFINITE_SPACE	LINE_END	lke@152;y	lke y	2	13,14	13	14	lke	y	MULTI_ASCII_FRAGMENT	MULTI_FRAGMENT_MIXED_RETAINED_OMITTED
RF1b|f108r.50|G001	RF1b	f108r.50	f108r	CONFIRMED_PROSE	P	1	9	LINE_START	DEFINITE_SPACE	qokee@152;ylche@152;y	qokee ylche y	3	1,2,3	1,2	3	qokee ylche	y	MULTI_ASCII_FRAGMENT	MULTI_FRAGMENT_MIXED_RETAINED_OMITTED
RF1b|f108r.7|G004	RF1b	f108r.7	f108r	CONFIRMED_PROSE	P	4	11	DEFINITE_SPACE	DEFINITE_SPACE	che@152;y	che y	2	4,5	4	5	che	y	MULTI_ASCII_FRAGMENT	MULTI_FRAGMENT_MIXED_RETAINED_OMITTED
RF1b|f108v.13|G011	RF1b	f108v.13	f108v	CONFIRMED_PROSE	P	11	11	DEFINITE_SPACE	LINE_END	al@152;ar	al ar	2	11,12	11,12		al ar		MULTI_ASCII_FRAGMENT	MULTI_FRAGMENT_ALL_RETAINED
RF1b|f108v.14|G009	RF1b	f108v.14	f108v	CONFIRMED_PROSE	P	9	9	DEFINITE_SPACE	LINE_END	che@152;y	che y	2	9,10	9	10	che	y	MULTI_ASCII_FRAGMENT	MULTI_FRAGMENT_MIXED_RETAINED_OMITTED
RF1b|f108v.2|G003	RF1b	f108v.2	f108v	CONFIRMED_PROSE	P	3	11	DEFINITE_SPACE	DEFINITE_SPACE	qoke@152;y	qoke y	2	3,4	3	4	qoke	y	MULTI_ASCII_FRAGMENT	MULTI_FRAGMENT_MIXED_RETAINED_OMITTED
RF1b|f108v.2|G009	RF1b	f108v.2	f108v	CONFIRMED_PROSE	P	9	11	DEFINITE_SPACE	DEFINITE_SPACE	qokee@152;ar	qokee ar	2	10,11	10,11		qokee ar		MULTI_ASCII_FRAGMENT	MULTI_FRAGMENT_ALL_RETAINED
RF1b|f108v.20|G004	RF1b	f108v.20	f108v	CONFIRMED_PROSE	P	4	11	DEFINITE_SPACE	DEFINITE_SPACE	lote@152;aiin	lote aiin	2	4,5	4,5		lote aiin		MULTI_ASCII_FRAGMENT	MULTI_FRAGMENT_ALL_RETAINED
RF1b|f108v.21|G005	RF1b	f108v.21	f108v	CONFIRMED_PROSE	P	5	11	DEFINITE_SPACE	DEFINITE_SPACE	che@152;ar	che ar	2	5,6	5,6		che ar		MULTI_ASCII_FRAGMENT	MULTI_FRAGMENT_ALL_RETAINED
RF1b|f108v.21|G007	RF1b	f108v.21	f108v	CONFIRMED_PROSE	P	7	11	DEFINITE_SPACE	DEFINITE_SPACE	qote@152;y	qote y	2	8,9	8	9	qote	y	MULTI_ASCII_FRAGMENT	MULTI_FRAGMENT_MIXED_RETAINED_OMITTED
RF1b|f108v.21|G008	RF1b	f108v.21	f108v	CONFIRMED_PROSE	P	8	11	DEFINITE_SPACE	DEFINITE_SPACE	ote@152;y	ote y	2	10,11	10	11	ote	y	MULTI_ASCII_FRAGMENT	MULTI_FRAGMENT_MIXED_RETAINED_OMITTED
RF1b|f108v.22|G008	RF1b	f108v.22	f108v	CONFIRMED_PROSE	P	8	11	DEFINITE_SPACE	DEFINITE_SPACE	cheee@152;aiin	cheee aiin	2	8,9	8,9		cheee aiin		MULTI_ASCII_FRAGMENT	MULTI_FRAGMENT_ALL_RETAINED
RF1b|f108v.26|G004	RF1b	f108v.26	f108v	CONFIRMED_PROSE	P	4	14	DEFINITE_SPACE	DEFINITE_SPACE	she@152;y	she y	2	4,5	4	5	she	y	MULTI_ASCII_FRAGMENT	MULTI_FRAGMENT_MIXED_RETAINED_OMITTED
RF1b|f108v.28|G001	RF1b	f108v.28	f108v	CONFIRMED_PROSE	P	1	13	LINE_START	DEFINITE_SPACE	p@221;roraiin	p roraiin	2	1,2	2	1	roraiin	p	MULTI_ASCII_FRAGMENT	MULTI_FRAGMENT_MIXED_RETAINED_OMITTED
RF1b|f108v.28|G008	RF1b	f108v.28	f108v	CONFIRMED_PROSE	P	8	13	DEFINITE_SPACE	DEFINITE_SPACE	lkeee@152;y	lkeee y	2	9,10	9	10	lkeee	y	MULTI_ASCII_FRAGMENT	MULTI_FRAGMENT_MIXED_RETAINED_OMITTED
RF1b|f108v.3|G007	RF1b	f108v.3	f108v	CONFIRMED_PROSE	P	7	10	DEFINITE_SPACE	DEFINITE_SPACE	qokeche@152;y	qokeche y	2	7,8	7	8	qokeche	y	MULTI_ASCII_FRAGMENT	MULTI_FRAGMENT_MIXED_RETAINED_OMITTED
RF1b|f108v.3|G008	RF1b	f108v.3	f108v	CONFIRMED_PROSE	P	8	10	DEFINITE_SPACE	DEFINITE_SPACE	ote@152;eiin	ote eiin	2	9,10	9,10		ote eiin		MULTI_ASCII_FRAGMENT	MULTI_FRAGMENT_ALL_RETAINED
RF1b|f108v.30|G005	RF1b	f108v.30	f108v	CONFIRMED_PROSE	P	5	11	DEFINITE_SPACE	DEFINITE_SPACE	qote@152;y	qote y	2	5,6	5	6	qote	y	MULTI_ASCII_FRAGMENT	MULTI_FRAGMENT_MIXED_RETAINED_OMITTED
RF1b|f108v.31|G005	RF1b	f108v.31	f108v	CONFIRMED_PROSE	P	5	11	DEFINITE_SPACE	DEFINITE_SPACE	qoke@152;ain	qoke ain	2	5,6	5,6		qoke ain		MULTI_ASCII_FRAGMENT	MULTI_FRAGMENT_ALL_RETAINED
RF1b|f108v.31|G010	RF1b	f108v.31	f108v	CONFIRMED_PROSE	P	10	11	DEFINITE_SPACE	DEFINITE_SPACE	okee@221;r	okee r	2	11,12	11,12		okee r		MULTI_ASCII_FRAGMENT	MULTI_FRAGMENT_ALL_RETAINED
RF1b|f108v.32|G003	RF1b	f108v.32	f108v	CONFIRMED_PROSE	P	3	10	DEFINITE_SPACE	DEFINITE_SPACE	qoke@152;ar	qoke ar	2	3,4	3,4		qoke ar		MULTI_ASCII_FRAGMENT	MULTI_FRAGMENT_ALL_RETAINED
RF1b|f108v.33|G008	RF1b	f108v.33	f108v	CONFIRMED_PROSE	P	8	11	DEFINITE_SPACE	DEFINITE_SPACE	qoke@152;y	qoke y	2	8,9	8	9	qoke	y	MULTI_ASCII_FRAGMENT	MULTI_FRAGMENT_MIXED_RETAINED_OMITTED
RF1b|f108v.33|G011	RF1b	f108v.33	f108v	CONFIRMED_PROSE	P	11	11	DEFINITE_SPACE	LINE_END	qokee@152;arol@152;y	qokee arol y	3	12,13,14	12,13	14	qokee arol	y	MULTI_ASCII_FRAGMENT	MULTI_FRAGMENT_MIXED_RETAINED_OMITTED
RF1b|f108v.34|G008	RF1b	f108v.34	f108v	CONFIRMED_PROSE	P	8	10	DEFINITE_SPACE	DEFINITE_SPACE	lke@152;y	lke y	2	8,9	8	9	lke	y	MULTI_ASCII_FRAGMENT	MULTI_FRAGMENT_MIXED_RETAINED_OMITTED
RF1b|f108v.35|G009	RF1b	f108v.35	f108v	CONFIRMED_PROSE	P	9	11	DEFINITE_SPACE	DEFINITE_SPACE	qokee@152;y	qokee y	2	9,10	9	10	qokee	y	MULTI_ASCII_FRAGMENT	MULTI_FRAGMENT_MIXED_RETAINED_OMITTED
RF1b|f108v.35|G011	RF1b	f108v.35	f108v	CONFIRMED_PROSE	P	11	11	DEFINITE_SPACE	LINE_END	lche@152;am	lche am	2	12,13	12,13		lche am		MULTI_ASCII_FRAGMENT	MULTI_FRAGMENT_ALL_RETAINED
RF1b|f108v.36|G012	RF1b	f108v.36	f108v	CONFIRMED_PROSE	P	12	14	UNCERTAIN_SMALL_SPACE	DEFINITE_SPACE	kee@152;y	kee y	2	12,13	12	13	kee	y	MULTI_ASCII_FRAGMENT	MULTI_FRAGMENT_MIXED_RETAINED_OMITTED
RF1b|f108v.37|G009	RF1b	f108v.37	f108v	CONFIRMED_PROSE	P	9	11	DEFINITE_SPACE	DEFINITE_SPACE	she@152;y	she y	2	9,10	9	10	she	y	MULTI_ASCII_FRAGMENT	MULTI_FRAGMENT_MIXED_RETAINED_OMITTED
RF1b|f108v.38|G002	RF1b	f108v.38	f108v	CONFIRMED_PROSE	P	2	10	DEFINITE_SPACE	DEFINITE_SPACE	qokee@152;y	qokee y	2	2,3	2	3	qokee	y	MULTI_ASCII_FRAGMENT	MULTI_FRAGMENT_MIXED_RETAINED_OMITTED
RF1b|f108v.38|G009	RF1b	f108v.38	f108v	CONFIRMED_PROSE	P	9	10	DEFINITE_SPACE	DEFINITE_SPACE	qotee@152;y	qotee y	2	10,11	10	11	qotee	y	MULTI_ASCII_FRAGMENT	MULTI_FRAGMENT_MIXED_RETAINED_OMITTED
RF1b|f108v.39|G003	RF1b	f108v.39	f108v	CONFIRMED_PROSE	P	3	13	DEFINITE_SPACE	DEFINITE_SPACE	lke@152;ain	lke ain	2	3,4	3,4		lke ain		MULTI_ASCII_FRAGMENT	MULTI_FRAGMENT_ALL_RETAINED
RF1b|f108v.4|G004	RF1b	f108v.4	f108v	CONFIRMED_PROSE	P	4	9	DEFINITE_SPACE	DEFINITE_SPACE	qotee@152;y	qotee y	2	4,5	4	5	qotee	y	MULTI_ASCII_FRAGMENT	MULTI_FRAGMENT_MIXED_RETAINED_OMITTED
RF1b|f108v.4|G009	RF1b	f108v.4	f108v	CONFIRMED_PROSE	P	9	9	DEFINITE_SPACE	LINE_END	kee@152;y	kee y	2	10,11	10	11	kee	y	MULTI_ASCII_FRAGMENT	MULTI_FRAGMENT_MIXED_RETAINED_OMITTED
RF1b|f108v.40|G003	RF1b	f108v.40	f108v	CONFIRMED_PROSE	P	3	10	DEFINITE_SPACE	DEFINITE_SPACE	qokee@152;y	qokee y	2	3,4	3	4	qokee	y	MULTI_ASCII_FRAGMENT	MULTI_FRAGMENT_MIXED_RETAINED_OMITTED
RF1b|f108v.42|G009	RF1b	f108v.42	f108v	CONFIRMED_PROSE	P	9	10	DEFINITE_SPACE	DEFINITE_SPACE	qokee@152;y	qokee y	2	9,10	9	10	qokee	y	MULTI_ASCII_FRAGMENT	MULTI_FRAGMENT_MIXED_RETAINED_OMITTED
RF1b|f108v.47|G003	RF1b	f108v.47	f108v	CONFIRMED_PROSE	P	3	10	DEFINITE_SPACE	DEFINITE_SPACE	she@152;ain	she ain	2	3,4	3,4		she ain		MULTI_ASCII_FRAGMENT	MULTI_FRAGMENT_ALL_RETAINED
RF1b|f108v.47|G006	RF1b	f108v.47	f108v	CONFIRMED_PROSE	P	6	10	DEFINITE_SPACE	DEFINITE_SPACE	okee@152;al	okee al	2	7,8	7,8		okee al		MULTI_ASCII_FRAGMENT	MULTI_FRAGMENT_ALL_RETAINED
RF1b|f108v.47|G009	RF1b	f108v.47	f108v	CONFIRMED_PROSE	P	9	10	DEFINITE_SPACE	DEFINITE_SPACE	lche@152;y	lche y	2	11,12	11	12	lche	y	MULTI_ASCII_FRAGMENT	MULTI_FRAGMENT_MIXED_RETAINED_OMITTED
RF1b|f108v.47|G010	RF1b	f108v.47	f108v	CONFIRMED_PROSE	P	10	10	DEFINITE_SPACE	LINE_END	lche@152;y	lche y	2	13,14	13	14	lche	y	MULTI_ASCII_FRAGMENT	MULTI_FRAGMENT_MIXED_RETAINED_OMITTED
RF1b|f108v.48|G013	RF1b	f108v.48	f108v	CONFIRMED_PROSE	P	13	13	DEFINITE_SPACE	LINE_END	kee@152;y	kee y	2	13,14	13	14	kee	y	MULTI_ASCII_FRAGMENT	MULTI_FRAGMENT_MIXED_RETAINED_OMITTED
RF1b|f108v.49|G008	RF1b	f108v.49	f108v	CONFIRMED_PROSE	P	8	12	DEFINITE_SPACE	DEFINITE_SPACE	qokee@152;y	qokee y	2	8,9	8	9	qokee	y	MULTI_ASCII_FRAGMENT	MULTI_FRAGMENT_MIXED_RETAINED_OMITTED
RF1b|f108v.49|G010	RF1b	f108v.49	f108v	CONFIRMED_PROSE	P	10	12	DEFINITE_SPACE	DEFINITE_SPACE	checkhe@152;y	checkhe y	2	11,12	11	12	checkhe	y	MULTI_ASCII_FRAGMENT	MULTI_FRAGMENT_MIXED_RETAINED_OMITTED
RF1b|f108v.5|G002	RF1b	f108v.5	f108v	CONFIRMED_PROSE	P	2	11	DEFINITE_SPACE	DEFINITE_SPACE	oke@152;ain	oke ain	2	2,3	2,3		oke ain		MULTI_ASCII_FRAGMENT	MULTI_FRAGMENT_ALL_RETAINED
RF1b|f108v.52|G004	RF1b	f108v.52	f108v	CONFIRMED_PROSE	P	4	11	DEFINITE_SPACE	DEFINITE_SPACE	qokee@152;y	qokee y	2	4,5	4	5	qokee	y	MULTI_ASCII_FRAGMENT	MULTI_FRAGMENT_MIXED_RETAINED_OMITTED
RF1b|f108v.52|G005	RF1b	f108v.52	f108v	CONFIRMED_PROSE	P	5	11	DEFINITE_SPACE	DEFINITE_SPACE	che@152;y	che y	2	6,7	6	7	che	y	MULTI_ASCII_FRAGMENT	MULTI_FRAGMENT_MIXED_RETAINED_OMITTED
RF1b|f108v.6|G006	RF1b	f108v.6	f108v	CONFIRMED_PROSE	P	6	10	DEFINITE_SPACE	DEFINITE_SPACE	qokee@152;y	qokee y	2	6,7	6	7	qokee	y	MULTI_ASCII_FRAGMENT	MULTI_FRAGMENT_MIXED_RETAINED_OMITTED
RF1b|f108v.8|G002	RF1b	f108v.8	f108v	CONFIRMED_PROSE	P	2	11	DEFINITE_SPACE	DEFINITE_SPACE	okee@152;y	okee y	2	2,3	2	3	okee	y	MULTI_ASCII_FRAGMENT	MULTI_FRAGMENT_MIXED_RETAINED_OMITTED
RF1b|f108v.8|G006	RF1b	f108v.8	f108v	CONFIRMED_PROSE	P	6	11	DEFINITE_SPACE	DEFINITE_SPACE	okee@152;y	okee y	2	7,8	7	8	okee	y	MULTI_ASCII_FRAGMENT	MULTI_FRAGMENT_MIXED_RETAINED_OMITTED
RF1b|f108v.9|G009	RF1b	f108v.9	f108v	CONFIRMED_PROSE	P	9	12	DEFINITE_SPACE	DEFINITE_SPACE	lkee@152;y	lkee y	2	9,10	9	10	lkee	y	MULTI_ASCII_FRAGMENT	MULTI_FRAGMENT_MIXED_RETAINED_OMITTED
RF1b|f108v.9|G012	RF1b	f108v.9	f108v	CONFIRMED_PROSE	P	12	12	DEFINITE_SPACE	LINE_END	cth@152;y	cth y	2	13,14	13	14	cth	y	MULTI_ASCII_FRAGMENT	MULTI_FRAGMENT_MIXED_RETAINED_OMITTED
RF1b|f10r.10|G001	RF1b	f10r.10	f10r	CONFIRMED_PROSE	P	1	6	LINE_START	DEFINITE_SPACE	oqot@221;r	oqot r	2	1,2	1,2		oqot r		MULTI_ASCII_FRAGMENT	MULTI_FRAGMENT_ALL_RETAINED
RF1b|f111r.1|G004	RF1b	f111r.1	f111r	CONFIRMED_PROSE	P	4	11	DEFINITE_SPACE	DEFINITE_SPACE	chepche@152;y	chepche y	2	4,5	4	5	chepche	y	MULTI_ASCII_FRAGMENT	MULTI_FRAGMENT_MIXED_RETAINED_OMITTED
RF1b|f111r.10|G003	RF1b	f111r.10	f111r	CONFIRMED_PROSE	P	3	12	DEFINITE_SPACE	DEFINITE_SPACE	she@152;y	she y	2	3,4	3	4	she	y	MULTI_ASCII_FRAGMENT	MULTI_FRAGMENT_MIXED_RETAINED_OMITTED
RF1b|f111r.10|G009	RF1b	f111r.10	f111r	CONFIRMED_PROSE	P	9	12	DEFINITE_SPACE	DEFINITE_SPACE	che@152;y	che y	2	10,11	10	11	che	y	MULTI_ASCII_FRAGMENT	MULTI_FRAGMENT_MIXED_RETAINED_OMITTED
RF1b|f111r.11|G004	RF1b	f111r.11	f111r	CONFIRMED_PROSE	P	4	12	DEFINITE_SPACE	DEFINITE_SPACE	chee@152;y	chee y	2	4,5	4	5	chee	y	MULTI_ASCII_FRAGMENT	MULTI_FRAGMENT_MIXED_RETAINED_OMITTED
RF1b|f111r.12|G005	RF1b	f111r.12	f111r	CONFIRMED_PROSE	P	5	11	DEFINITE_SPACE	DEFINITE_SPACE	lkee@152;y	lkee y	2	5,6	5	6	lkee	y	MULTI_ASCII_FRAGMENT	MULTI_FRAGMENT_MIXED_RETAINED_OMITTED
RF1b|f111r.12|G010	RF1b	f111r.12	f111r	CONFIRMED_PROSE	P	10	11	DEFINITE_SPACE	DEFINITE_SPACE	she@152;am	she am	2	11,12	11,12		she am		MULTI_ASCII_FRAGMENT	MULTI_FRAGMENT_ALL_RETAINED
RF1b|f111r.13|G004	RF1b	f111r.13	f111r	CONFIRMED_PROSE	P	4	14	DEFINITE_SPACE	DEFINITE_SPACE	olkeee@152;y	olkeee y	2	4,5	4	5	olkeee	y	MULTI_ASCII_FRAGMENT	MULTI_FRAGMENT_MIXED_RETAINED_OMITTED
RF1b|f111r.14|G001	RF1b	f111r.14	f111r	CONFIRMED_PROSE	P	1	12	LINE_START	DEFINITE_SPACE	dche@152;ar	dche ar	2	1,2	1,2		dche ar		MULTI_ASCII_FRAGMENT	MULTI_FRAGMENT_ALL_RETAINED
RF1b|f111r.15|G007	RF1b	f111r.15	f111r	CONFIRMED_PROSE	P	7	13	DEFINITE_SPACE	DEFINITE_SPACE	otee@152;y	otee y	2	7,8	7	8	otee	y	MULTI_ASCII_FRAGMENT	MULTI_FRAGMENT_MIXED_RETAINED_OMITTED
RF1b|f111r.15|G011	RF1b	f111r.15	f111r	CONFIRMED_PROSE	P	11	13	DEFINITE_SPACE	DEFINITE_SPACE	ote@152;ar	ote ar	2	12,13	12,13		ote ar		MULTI_ASCII_FRAGMENT	MULTI_FRAGMENT_ALL_RETAINED
RF1b|f111r.16|G011	RF1b	f111r.16	f111r	CONFIRMED_PROSE	P	11	11	DEFINITE_SPACE	LINE_END	kee@152;y	kee y	2	11,12	11	12	kee	y	MULTI_ASCII_FRAGMENT	MULTI_FRAGMENT_MIXED_RETAINED_OMITTED
RF1b|f111r.18|G011	RF1b	f111r.18	f111r	CONFIRMED_PROSE	P	11	12	DEFINITE_SPACE	DEFINITE_SPACE	lokee@152;y	lokee y	2	11,12	11	12	lokee	y	MULTI_ASCII_FRAGMENT	MULTI_FRAGMENT_MIXED_RETAINED_OMITTED
RF1b|f111r.20|G003	RF1b	f111r.20	f111r	CONFIRMED_PROSE	P	3	13	DEFINITE_SPACE	DEFINITE_SPACE	lche@152;y	lche y	2	3,4	3	4	lche	y	MULTI_ASCII_FRAGMENT	MULTI_FRAGMENT_MIXED_RETAINED_OMITTED
RF1b|f111r.20|G005	RF1b	f111r.20	f111r	CONFIRMED_PROSE	P	5	13	DEFINITE_SPACE	DEFINITE_SPACE	che@152;ey	che ey	2	6,7	6,7		che ey		MULTI_ASCII_FRAGMENT	MULTI_FRAGMENT_ALL_RETAINED
RF1b|f111r.21|G008	RF1b	f111r.21	f111r	CONFIRMED_PROSE	P	8	14	DEFINITE_SPACE	DEFINITE_SPACE	cheyk@221;dee@152;y	cheyk dee y	3	8,9,10	8,9	10	cheyk dee	y	MULTI_ASCII_FRAGMENT	MULTI_FRAGMENT_MIXED_RETAINED_OMITTED
RF1b|f111r.22|G001	RF1b	f111r.22	f111r	CONFIRMED_PROSE	P	1	14	LINE_START	DEFINITE_SPACE	ssheolkee@152;y	ssheolkee y	2	1,2	1	2	ssheolkee	y	MULTI_ASCII_FRAGMENT	MULTI_FRAGMENT_MIXED_RETAINED_OMITTED
RF1b|f111r.22|G010	RF1b	f111r.22	f111r	CONFIRMED_PROSE	P	10	14	DEFINITE_SPACE	DEFINITE_SPACE	qoke@221;r	qoke r	2	11,12	11,12		qoke r		MULTI_ASCII_FRAGMENT	MULTI_FRAGMENT_ALL_RETAINED
RF1b|f111r.23|G006	RF1b	f111r.23	f111r	CONFIRMED_PROSE	P	6	10	DEFINITE_SPACE	DEFINITE_SPACE	qoke@152;y	qoke y	2	6,7	6	7	qoke	y	MULTI_ASCII_FRAGMENT	MULTI_FRAGMENT_MIXED_RETAINED_OMITTED
RF1b|f111r.23|G009	RF1b	f111r.23	f111r	CONFIRMED_PROSE	P	9	10	DEFINITE_SPACE	DEFINITE_SPACE	okeche@152;y	okeche y	2	10,11	10	11	okeche	y	MULTI_ASCII_FRAGMENT	MULTI_FRAGMENT_MIXED_RETAINED_OMITTED
RF1b|f111r.25|G003	RF1b	f111r.25	f111r	CONFIRMED_PROSE	P	3	14	DEFINITE_SPACE	DEFINITE_SPACE	okee@152;y	okee y	2	3,4	3	4	okee	y	MULTI_ASCII_FRAGMENT	MULTI_FRAGMENT_MIXED_RETAINED_OMITTED
RF1b|f111r.25|G008	RF1b	f111r.25	f111r	CONFIRMED_PROSE	P	8	14	DEFINITE_SPACE	DEFINITE_SPACE	che@152;ar	che ar	2	9,10	9,10		che ar		MULTI_ASCII_FRAGMENT	MULTI_FRAGMENT_ALL_RETAINED
RF1b|f111r.26|G004	RF1b	f111r.26	f111r	CONFIRMED_PROSE	P	4	13	DEFINITE_SPACE	DEFINITE_SPACE	oteo@152;aiin	oteo aiin	2	4,5	4,5		oteo aiin		MULTI_ASCII_FRAGMENT	MULTI_FRAGMENT_ALL_RETAINED
RF1b|f111r.26|G005	RF1b	f111r.26	f111r	CONFIRMED_PROSE	P	5	13	DEFINITE_SPACE	DEFINITE_SPACE	che@152;y	che y	2	6,7	6	7	che	y	MULTI_ASCII_FRAGMENT	MULTI_FRAGMENT_MIXED_RETAINED_OMITTED
RF1b|f111r.26|G006	RF1b	f111r.26	f111r	CONFIRMED_PROSE	P	6	13	DEFINITE_SPACE	DEFINITE_SPACE	ote@152;ar	ote ar	2	8,9	8,9		ote ar		MULTI_ASCII_FRAGMENT	MULTI_FRAGMENT_ALL_RETAINED
RF1b|f111r.26|G008	RF1b	f111r.26	f111r	CONFIRMED_PROSE	P	8	13	DEFINITE_SPACE	DEFINITE_SPACE	she@152;ain	she ain	2	11,12	11,12		she ain		MULTI_ASCII_FRAGMENT	MULTI_FRAGMENT_ALL_RETAINED
RF1b|f111r.26|G010	RF1b	f111r.26	f111r	CONFIRMED_PROSE	P	10	13	DEFINITE_SPACE	DEFINITE_SPACE	che@152;y	che y	2	14,15	14	15	che	y	MULTI_ASCII_FRAGMENT	MULTI_FRAGMENT_MIXED_RETAINED_OMITTED
RF1b|f111r.27|G004	RF1b	f111r.27	f111r	CONFIRMED_PROSE	P	4	12	DEFINITE_SPACE	DEFINITE_SPACE	qokeo@152;y	qokeo y	2	4,5	4	5	qokeo	y	MULTI_ASCII_FRAGMENT	MULTI_FRAGMENT_MIXED_RETAINED_OMITTED
RF1b|f111r.27|G006	RF1b	f111r.27	f111r	CONFIRMED_PROSE	P	6	12	DEFINITE_SPACE	DEFINITE_SPACE	lkee@152;y	lkee y	2	7,8	7	8	lkee	y	MULTI_ASCII_FRAGMENT	MULTI_FRAGMENT_MIXED_RETAINED_OMITTED
RF1b|f111r.27|G010	RF1b	f111r.27	f111r	CONFIRMED_PROSE	P	10	12	DEFINITE_SPACE	DEFINITE_SPACE	che@152;ar	che ar	2	12,13	12,13		che ar		MULTI_ASCII_FRAGMENT	MULTI_FRAGMENT_ALL_RETAINED
RF1b|f111r.27|G011	RF1b	f111r.27	f111r	CONFIRMED_PROSE	P	11	12	DEFINITE_SPACE	DEFINITE_SPACE	che@152;yteedain	che yteedain	2	14,15	14,15		che yteedain		MULTI_ASCII_FRAGMENT	MULTI_FRAGMENT_ALL_RETAINED
RF1b|f111r.29|G010	RF1b	f111r.29	f111r	CONFIRMED_PROSE	P	10	13	DEFINITE_SPACE	DEFINITE_SPACE	qokee@152;y	qokee y	2	10,11	10	11	qokee	y	MULTI_ASCII_FRAGMENT	MULTI_FRAGMENT_MIXED_RETAINED_OMITTED
RF1b|f111r.29|G011	RF1b	f111r.29	f111r	CONFIRMED_PROSE	P	11	13	DEFINITE_SPACE	DEFINITE_SPACE	qoke@152;y	qoke y	2	12,13	12	13	qoke	y	MULTI_ASCII_FRAGMENT	MULTI_FRAGMENT_MIXED_RETAINED_OMITTED
RF1b|f111r.29|G012	RF1b	f111r.29	f111r	CONFIRMED_PROSE	P	12	13	DEFINITE_SPACE	DEFINITE_SPACE	qotee@152;y	qotee y	2	14,15	14	15	qotee	y	MULTI_ASCII_FRAGMENT	MULTI_FRAGMENT_MIXED_RETAINED_OMITTED
RF1b|f111r.30|G001	RF1b	f111r.30	f111r	CONFIRMED_PROSE	P	1	11	LINE_START	DEFINITE_SPACE	qockhe@152;y	qockhe y	2	1,2	1	2	qockhe	y	MULTI_ASCII_FRAGMENT	MULTI_FRAGMENT_MIXED_RETAINED_OMITTED
RF1b|f111r.31|G005	RF1b	f111r.31	f111r	CONFIRMED_PROSE	P	5	9	DEFINITE_SPACE	DEFINITE_SPACE	shteo@152;y	shteo y	2	5,6	5	6	shteo	y	MULTI_ASCII_FRAGMENT	MULTI_FRAGMENT_MIXED_RETAINED_OMITTED
RF1b|f111r.31|G007	RF1b	f111r.31	f111r	CONFIRMED_PROSE	P	7	9	DEFINITE_SPACE	DEFINITE_SPACE	qokee@152;y	qokee y	2	8,9	8	9	qokee	y	MULTI_ASCII_FRAGMENT	MULTI_FRAGMENT_MIXED_RETAINED_OMITTED
RF1b|f111r.32|G008	RF1b	f111r.32	f111r	CONFIRMED_PROSE	P	8	10	DEFINITE_SPACE	DEFINITE_SPACE	cholkeee@152;y	cholkeee y	2	8,9	8	9	cholkeee	y	MULTI_ASCII_FRAGMENT	MULTI_FRAGMENT_MIXED_RETAINED_OMITTED
RF1b|f111r.32|G009	RF1b	f111r.32	f111r	CONFIRMED_PROSE	P	9	10	DEFINITE_SPACE	DEFINITE_SPACE	lchech@152;y	lchech y	2	10,11	10	11	lchech	y	MULTI_ASCII_FRAGMENT	MULTI_FRAGMENT_MIXED_RETAINED_OMITTED
RF1b|f111r.33|G011	RF1b	f111r.33	f111r	CONFIRMED_PROSE	P	11	13	DEFINITE_SPACE	DEFINITE_SPACE	eeo@152;y	eeo y	2	11,12	11	12	eeo	y	MULTI_ASCII_FRAGMENT	MULTI_FRAGMENT_MIXED_RETAINED_OMITTED
RF1b|f111r.33|G012	RF1b	f111r.33	f111r	CONFIRMED_PROSE	P	12	13	DEFINITE_SPACE	DEFINITE_SPACE	qokee@152;y	qokee y	2	13,14	13	14	qokee	y	MULTI_ASCII_FRAGMENT	MULTI_FRAGMENT_MIXED_RETAINED_OMITTED
RF1b|f111r.34|G012	RF1b	f111r.34	f111r	CONFIRMED_PROSE	P	12	13	DEFINITE_SPACE	UNCERTAIN_SMALL_SPACE	tee@152;y	tee y	2	12,13	12	13	tee	y	MULTI_ASCII_FRAGMENT	MULTI_FRAGMENT_MIXED_RETAINED_OMITTED
RF1b|f111r.35|G001	RF1b	f111r.35	f111r	CONFIRMED_PROSE	P	1	5	LINE_START	DEFINITE_SPACE	yche@152;l	yche l	2	1,2	1,2		yche l		MULTI_ASCII_FRAGMENT	MULTI_FRAGMENT_ALL_RETAINED
RF1b|f111r.36|G002	RF1b	f111r.36	f111r	CONFIRMED_PROSE	P	2	9	DEFINITE_SPACE	DEFINITE_SPACE	she@152;al	she al	2	2,3	2,3		she al		MULTI_ASCII_FRAGMENT	MULTI_FRAGMENT_ALL_RETAINED
RF1b|f111r.36|G003	RF1b	f111r.36	f111r	CONFIRMED_PROSE	P	3	9	DEFINITE_SPACE	DEFINITE_SPACE	pche@152;y	pche y	2	4,5	4	5	pche	y	MULTI_ASCII_FRAGMENT	MULTI_FRAGMENT_MIXED_RETAINED_OMITTED
RF1b|f111r.36|G005	RF1b	f111r.36	f111r	CONFIRMED_PROSE	P	5	9	DEFINITE_SPACE	DEFINITE_SPACE	pyke@221;r	pyke r	2	7,8	7,8		pyke r		MULTI_ASCII_FRAGMENT	MULTI_FRAGMENT_ALL_RETAINED
RF1b|f111r.37|G005	RF1b	f111r.37	f111r	CONFIRMED_PROSE	P	5	13	DEFINITE_SPACE	DEFINITE_SPACE	lkeee@152;y	lkeee y	2	5,6	5	6	lkeee	y	MULTI_ASCII_FRAGMENT	MULTI_FRAGMENT_MIXED_RETAINED_OMITTED
RF1b|f111r.37|G008	RF1b	f111r.37	f111r	CONFIRMED_PROSE	P	8	13	DEFINITE_SPACE	DEFINITE_SPACE	kee@152;y	kee y	2	9,10	9	10	kee	y	MULTI_ASCII_FRAGMENT	MULTI_FRAGMENT_MIXED_RETAINED_OMITTED
RF1b|f111r.37|G009	RF1b	f111r.37	f111r	CONFIRMED_PROSE	P	9	13	DEFINITE_SPACE	DEFINITE_SPACE	lke@152;y	lke y	2	11,12	11	12	lke	y	MULTI_ASCII_FRAGMENT	MULTI_FRAGMENT_MIXED_RETAINED_OMITTED
RF1b|f111r.38|G007	RF1b	f111r.38	f111r	CONFIRMED_PROSE	P	7	11	DEFINITE_SPACE	DEFINITE_SPACE	che@152;ain	che ain	2	7,8	7,8		che ain		MULTI_ASCII_FRAGMENT	MULTI_FRAGMENT_ALL_RETAINED
RF1b|f111r.38|G008	RF1b	f111r.38	f111r	CONFIRMED_PROSE	P	8	11	DEFINITE_SPACE	DEFINITE_SPACE	ote@152;y	ote y	2	9,10	9	10	ote	y	MULTI_ASCII_FRAGMENT	MULTI_FRAGMENT_MIXED_RETAINED_OMITTED
RF1b|f111r.39|G008	RF1b	f111r.39	f111r	CONFIRMED_PROSE	P	8	10	DEFINITE_SPACE	DEFINITE_SPACE	che@152;y	che y	2	8,9	8	9	che	y	MULTI_ASCII_FRAGMENT	MULTI_FRAGMENT_MIXED_RETAINED_OMITTED
RF1b|f111r.4|G005	RF1b	f111r.4	f111r	CONFIRMED_PROSE	P	5	13	DEFINITE_SPACE	DEFINITE_SPACE	oke@152;al	oke al	2	5,6	5,6		oke al		MULTI_ASCII_FRAGMENT	MULTI_FRAGMENT_ALL_RETAINED
RF1b|f111r.4|G006	RF1b	f111r.4	f111r	CONFIRMED_PROSE	P	6	13	DEFINITE_SPACE	DEFINITE_SPACE	che@152;y	che y	2	7,8	7	8	che	y	MULTI_ASCII_FRAGMENT	MULTI_FRAGMENT_MIXED_RETAINED_OMITTED
RF1b|f111r.40|G006	RF1b	f111r.40	f111r	CONFIRMED_PROSE	P	6	11	DEFINITE_SPACE	DEFINITE_SPACE	qokeoke@152;y	qokeoke y	2	6,7	6	7	qokeoke	y	MULTI_ASCII_FRAGMENT	MULTI_FRAGMENT_MIXED_RETAINED_OMITTED
RF1b|f111r.41|G006	RF1b	f111r.41	f111r	CONFIRMED_PROSE	P	6	10	DEFINITE_SPACE	DEFINITE_SPACE	oke@152;y	oke y	2	6,7	6	7	oke	y	MULTI_ASCII_FRAGMENT	MULTI_FRAGMENT_MIXED_RETAINED_OMITTED
RF1b|f111r.42|G007	RF1b	f111r.42	f111r	CONFIRMED_PROSE	P	7	12	DEFINITE_SPACE	DEFINITE_SPACE	che@152;y	che y	2	7,8	7	8	che	y	MULTI_ASCII_FRAGMENT	MULTI_FRAGMENT_MIXED_RETAINED_OMITTED
RF1b|f111r.42|G009	RF1b	f111r.42	f111r	CONFIRMED_PROSE	P	9	12	DEFINITE_SPACE	DEFINITE_SPACE	chedyte@221;kain	chedyte kain	2	10,11	10,11		chedyte kain		MULTI_ASCII_FRAGMENT	MULTI_FRAGMENT_ALL_RETAINED
RF1b|f111r.43|G001	RF1b	f111r.43	f111r	CONFIRMED_PROSE	P	1	5	LINE_START	DEFINITE_SPACE	okee@152;y	okee y	2	1,2	1	2	okee	y	MULTI_ASCII_FRAGMENT	MULTI_FRAGMENT_MIXED_RETAINED_OMITTED
RF1b|f111r.43|G005	RF1b	f111r.43	f111r	CONFIRMED_PROSE	P	5	5	DEFINITE_SPACE	LINE_END	che@152;y	che y	2	6,7	6	7	che	y	MULTI_ASCII_FRAGMENT	MULTI_FRAGMENT_MIXED_RETAINED_OMITTED
RF1b|f111r.44|G001	RF1b	f111r.44	f111r	CONFIRMED_PROSE	P	1	11	LINE_START	DEFINITE_SPACE	pche@152;ar	pche ar	2	1,2	1,2		pche ar		MULTI_ASCII_FRAGMENT	MULTI_FRAGMENT_ALL_RETAINED
RF1b|f111r.44|G003	RF1b	f111r.44	f111r	CONFIRMED_PROSE	P	3	11	DEFINITE_SPACE	DEFINITE_SPACE	lkee@152;ain	lkee ain	2	4,5	4,5		lkee ain		MULTI_ASCII_FRAGMENT	MULTI_FRAGMENT_ALL_RETAINED
RF1b|f111r.44|G006	RF1b	f111r.44	f111r	CONFIRMED_PROSE	P	6	11	DEFINITE_SPACE	DEFINITE_SPACE	teolke@152;ain	teolke ain	2	8,9	8,9		teolke ain		MULTI_ASCII_FRAGMENT	MULTI_FRAGMENT_ALL_RETAINED
RF1b|f111r.47|G001	RF1b	f111r.47	f111r	CONFIRMED_PROSE	P	1	9	LINE_START	DEFINITE_SPACE	shee@152;y	shee y	2	1,2	1	2	shee	y	MULTI_ASCII_FRAGMENT	MULTI_FRAGMENT_MIXED_RETAINED_OMITTED
RF1b|f111r.47|G004	RF1b	f111r.47	f111r	CONFIRMED_PROSE	P	4	9	DEFINITE_SPACE	DEFINITE_SPACE	qotee@152;y	qotee y	2	5,6	5	6	qotee	y	MULTI_ASCII_FRAGMENT	MULTI_FRAGMENT_MIXED_RETAINED_OMITTED
RF1b|f111r.47|G009	RF1b	f111r.47	f111r	CONFIRMED_PROSE	P	9	9	DEFINITE_SPACE	LINE_END	che@152;y	che y	2	11,12	11	12	che	y	MULTI_ASCII_FRAGMENT	MULTI_FRAGMENT_MIXED_RETAINED_OMITTED
RF1b|f111r.48|G002	RF1b	f111r.48	f111r	CONFIRMED_PROSE	P	2	10	DEFINITE_SPACE	DEFINITE_SPACE	lkee@152;y	lkee y	2	2,3	2	3	lkee	y	MULTI_ASCII_FRAGMENT	MULTI_FRAGMENT_MIXED_RETAINED_OMITTED
RF1b|f111r.48|G005	RF1b	f111r.48	f111r	CONFIRMED_PROSE	P	5	10	DEFINITE_SPACE	DEFINITE_SPACE	qokee@152;y	qokee y	2	6,7	6	7	qokee	y	MULTI_ASCII_FRAGMENT	MULTI_FRAGMENT_MIXED_RETAINED_OMITTED
RF1b|f111r.49|G007	RF1b	f111r.49	f111r	CONFIRMED_PROSE	P	7	12	DEFINITE_SPACE	DEFINITE_SPACE	kee@221;r	kee r	2	7,8	7,8		kee r		MULTI_ASCII_FRAGMENT	MULTI_FRAGMENT_ALL_RETAINED
RF1b|f111r.50|G003	RF1b	f111r.50	f111r	CONFIRMED_PROSE	P	3	11	DEFINITE_SPACE	DEFINITE_SPACE	che@152;y	che y	2	3,4	3	4	che	y	MULTI_ASCII_FRAGMENT	MULTI_FRAGMENT_MIXED_RETAINED_OMITTED
RF1b|f111r.51|G011	RF1b	f111r.51	f111r	CONFIRMED_PROSE	P	11	13	DEFINITE_SPACE	DEFINITE_SPACE	lkee@152;y	lkee y	2	11,12	11	12	lkee	y	MULTI_ASCII_FRAGMENT	MULTI_FRAGMENT_MIXED_RETAINED_OMITTED
RF1b|f111r.54|G004	RF1b	f111r.54	f111r	CONFIRMED_PROSE	P	4	6	DEFINITE_SPACE	DEFINITE_SPACE	qo@176;al	qo al	2	4,5	4,5		qo al		MULTI_ASCII_FRAGMENT	MULTI_FRAGMENT_ALL_RETAINED
RF1b|f111r.6|G002	RF1b	f111r.6	f111r	CONFIRMED_PROSE	P	2	13	DEFINITE_SPACE	DEFINITE_SPACE	she@152;y	she y	2	2,3	2	3	she	y	MULTI_ASCII_FRAGMENT	MULTI_FRAGMENT_MIXED_RETAINED_OMITTED
RF1b|f111r.6|G008	RF1b	f111r.6	f111r	CONFIRMED_PROSE	P	8	13	DEFINITE_SPACE	DEFINITE_SPACE	qokee@152;y	qokee y	2	9,10	9	10	qokee	y	MULTI_ASCII_FRAGMENT	MULTI_FRAGMENT_MIXED_RETAINED_OMITTED
RF1b|f111r.6|G009	RF1b	f111r.6	f111r	CONFIRMED_PROSE	P	9	13	DEFINITE_SPACE	DEFINITE_SPACE	tee@152;y	tee y	2	11,12	11	12	tee	y	MULTI_ASCII_FRAGMENT	MULTI_FRAGMENT_MIXED_RETAINED_OMITTED
RF1b|f111r.6|G010	RF1b	f111r.6	f111r	CONFIRMED_PROSE	P	10	13	DEFINITE_SPACE	DEFINITE_SPACE	ch@152;y	ch y	2	13,14	13	14	ch	y	MULTI_ASCII_FRAGMENT	MULTI_FRAGMENT_MIXED_RETAINED_OMITTED
RF1b|f111r.6|G012	RF1b	f111r.6	f111r	CONFIRMED_PROSE	P	12	13	DEFINITE_SPACE	DEFINITE_SPACE	qotche@152;y	qotche y	2	16,17	16	17	qotche	y	MULTI_ASCII_FRAGMENT	MULTI_FRAGMENT_MIXED_RETAINED_OMITTED
RF1b|f111r.8|G007	RF1b	f111r.8	f111r	CONFIRMED_PROSE	P	7	12	DEFINITE_SPACE	DEFINITE_SPACE	qoke@152;y	qoke y	2	7,8	7	8	qoke	y	MULTI_ASCII_FRAGMENT	MULTI_FRAGMENT_MIXED_RETAINED_OMITTED
RF1b|f111r.9|G007	RF1b	f111r.9	f111r	CONFIRMED_PROSE	P	7	13	DEFINITE_SPACE	DEFINITE_SPACE	okeee@152;y	okeee y	2	7,8	7	8	okeee	y	MULTI_ASCII_FRAGMENT	MULTI_FRAGMENT_MIXED_RETAINED_OMITTED
RF1b|f111r.9|G009	RF1b	f111r.9	f111r	CONFIRMED_PROSE	P	9	13	DEFINITE_SPACE	DEFINITE_SPACE	che@152;y	che y	2	10,11	10	11	che	y	MULTI_ASCII_FRAGMENT	MULTI_FRAGMENT_MIXED_RETAINED_OMITTED
RF1b|f111v.1|G004	RF1b	f111v.1	f111v	CONFIRMED_PROSE	P	4	9	DEFINITE_SPACE	DEFINITE_SPACE	opcheo@152;air	opcheo air	2	4,5	4,5		opcheo air		MULTI_ASCII_FRAGMENT	MULTI_FRAGMENT_ALL_RETAINED
RF1b|f111v.10|G001	RF1b	f111v.10	f111v	CONFIRMED_PROSE	P	1	14	LINE_START	DEFINITE_SPACE	s@221;iin	s iin	2	1,2	1,2		s iin		MULTI_ASCII_FRAGMENT	MULTI_FRAGMENT_ALL_RETAINED
RF1b|f111v.11|G004	RF1b	f111v.11	f111v	CONFIRMED_PROSE	P	4	10	DEFINITE_SPACE	DEFINITE_SPACE	shee@221;r	shee r	2	4,5	4,5		shee r		MULTI_ASCII_FRAGMENT	MULTI_FRAGMENT_ALL_RETAINED
RF1b|f111v.11|G008	RF1b	f111v.11	f111v	CONFIRMED_PROSE	P	8	10	DEFINITE_SPACE	DEFINITE_SPACE	che@152;kain	che kain	2	9,10	9,10		che kain		MULTI_ASCII_FRAGMENT	MULTI_FRAGMENT_ALL_RETAINED
RF1b|f111v.13|G005	RF1b	f111v.13	f111v	CONFIRMED_PROSE	P	5	12	DEFINITE_SPACE	DEFINITE_SPACE	ke@152;y	ke y	2	5,6	5	6	ke	y	MULTI_ASCII_FRAGMENT	MULTI_FRAGMENT_MIXED_RETAINED_OMITTED
RF1b|f111v.13|G009	RF1b	f111v.13	f111v	CONFIRMED_PROSE	P	9	12	DEFINITE_SPACE	DEFINITE_SPACE	lch@152;al	lch al	2	10,11	10,11		lch al		MULTI_ASCII_FRAGMENT	MULTI_FRAGMENT_ALL_RETAINED
RF1b|f111v.13|G010	RF1b	f111v.13	f111v	CONFIRMED_PROSE	P	10	12	DEFINITE_SPACE	DEFINITE_SPACE	te@152;y	te y	2	12,13	12	13	te	y	MULTI_ASCII_FRAGMENT	MULTI_FRAGMENT_MIXED_RETAINED_OMITTED
RF1b|f111v.14|G012	RF1b	f111v.14	f111v	CONFIRMED_PROSE	P	12	12	DEFINITE_SPACE	LINE_END	lal@152;m	lal m	2	12,13	12	13	lal	m	MULTI_ASCII_FRAGMENT	MULTI_FRAGMENT_MIXED_RETAINED_OMITTED
RF1b|f111v.15|G008	RF1b	f111v.15	f111v	CONFIRMED_PROSE	P	8	15	DEFINITE_SPACE	DEFINITE_SPACE	che@152;y	che y	2	8,9	8	9	che	y	MULTI_ASCII_FRAGMENT	MULTI_FRAGMENT_MIXED_RETAINED_OMITTED
RF1b|f111v.15|G010	RF1b	f111v.15	f111v	CONFIRMED_PROSE	P	10	15	DEFINITE_SPACE	DEFINITE_SPACE	lche@152;y	lche y	2	11,12	11	12	lche	y	MULTI_ASCII_FRAGMENT	MULTI_FRAGMENT_MIXED_RETAINED_OMITTED
RF1b|f111v.16|G009	RF1b	f111v.16	f111v	CONFIRMED_PROSE	P	9	13	DEFINITE_SPACE	DEFINITE_SPACE	she@152;y	she y	2	9,10	9	10	she	y	MULTI_ASCII_FRAGMENT	MULTI_FRAGMENT_MIXED_RETAINED_OMITTED
RF1b|f111v.2|G001	RF1b	f111v.2	f111v	CONFIRMED_PROSE	P	1	11	LINE_START	DEFINITE_SPACE	shee@176;eey	shee eey	2	1,2	1,2		shee eey		MULTI_ASCII_FRAGMENT	MULTI_FRAGMENT_ALL_RETAINED
RF1b|f111v.2|G006	RF1b	f111v.2	f111v	CONFIRMED_PROSE	P	6	11	DEFINITE_SPACE	DEFINITE_SPACE	qoke@221;l	qoke l	2	7,8	7,8		qoke l		MULTI_ASCII_FRAGMENT	MULTI_FRAGMENT_ALL_RETAINED
RF1b|f111v.2|G007	RF1b	f111v.2	f111v	CONFIRMED_PROSE	P	7	11	DEFINITE_SPACE	DEFINITE_SPACE	oteche@152;y	oteche y	2	9,10	9	10	oteche	y	MULTI_ASCII_FRAGMENT	MULTI_FRAGMENT_MIXED_RETAINED_OMITTED
RF1b|f111v.2|G010	RF1b	f111v.2	f111v	CONFIRMED_PROSE	P	10	11	DEFINITE_SPACE	DEFINITE_SPACE	qoke@152;am	qoke am	2	13,14	13,14		qoke am		MULTI_ASCII_FRAGMENT	MULTI_FRAGMENT_ALL_RETAINED
RF1b|f111v.20|G006	RF1b	f111v.20	f111v	CONFIRMED_PROSE	P	6	11	DEFINITE_SPACE	DEFINITE_SPACE	che@152;y	che y	2	6,7	6	7	che	y	MULTI_ASCII_FRAGMENT	MULTI_FRAGMENT_MIXED_RETAINED_OMITTED
RF1b|f111v.22|G005	RF1b	f111v.22	f111v	CONFIRMED_PROSE	P	5	12	DEFINITE_SPACE	DEFINITE_SPACE	che@152;y	che y	2	5,6	5	6	che	y	MULTI_ASCII_FRAGMENT	MULTI_FRAGMENT_MIXED_RETAINED_OMITTED
RF1b|f111v.25|G004	RF1b	f111v.25	f111v	CONFIRMED_PROSE	P	4	4	DEFINITE_SPACE	LINE_END	ch@152;iy	ch iy	2	4,5	4,5		ch iy		MULTI_ASCII_FRAGMENT	MULTI_FRAGMENT_ALL_RETAINED
RF1b|f111v.26|G006	RF1b	f111v.26	f111v	CONFIRMED_PROSE	P	6	10	DEFINITE_SPACE	DEFINITE_SPACE	kee@152;y	kee y	2	6,7	6	7	kee	y	MULTI_ASCII_FRAGMENT	MULTI_FRAGMENT_MIXED_RETAINED_OMITTED
RF1b|f111v.29|G001	RF1b	f111v.29	f111v	CONFIRMED_PROSE	P	1	10	LINE_START	DEFINITE_SPACE	p@221;lkiin	p lkiin	2	1,2	2	1	lkiin	p	MULTI_ASCII_FRAGMENT	MULTI_FRAGMENT_MIXED_RETAINED_OMITTED
RF1b|f111v.3|G004	RF1b	f111v.3	f111v	CONFIRMED_PROSE	P	4	12	DEFINITE_SPACE	DEFINITE_SPACE	ote@152;y	ote y	2	4,5	4	5	ote	y	MULTI_ASCII_FRAGMENT	MULTI_FRAGMENT_MIXED_RETAINED_OMITTED
RF1b|f111v.3|G006	RF1b	f111v.3	f111v	CONFIRMED_PROSE	P	6	12	DEFINITE_SPACE	DEFINITE_SPACE	che@152;y	che y	2	7,8	7	8	che	y	MULTI_ASCII_FRAGMENT	MULTI_FRAGMENT_MIXED_RETAINED_OMITTED
RF1b|f111v.35|G008	RF1b	f111v.35	f111v	CONFIRMED_PROSE	P	8	12	DEFINITE_SPACE	DEFINITE_SPACE	she@152;y	she y	2	8,9	8	9	she	y	MULTI_ASCII_FRAGMENT	MULTI_FRAGMENT_MIXED_RETAINED_OMITTED
RF1b|f111v.37|G011	RF1b	f111v.37	f111v	CONFIRMED_PROSE	P	11	13	DEFINITE_SPACE	DEFINITE_SPACE	ltee@152;y	ltee y	2	11,12	11	12	ltee	y	MULTI_ASCII_FRAGMENT	MULTI_FRAGMENT_MIXED_RETAINED_OMITTED
RF1b|f111v.38|G008	RF1b	f111v.38	f111v	CONFIRMED_PROSE	P	8	11	DEFINITE_SPACE	DEFINITE_SPACE	che@152;y	che y	2	8,9	8	9	che	y	MULTI_ASCII_FRAGMENT	MULTI_FRAGMENT_MIXED_RETAINED_OMITTED
RF1b|f111v.39|G006	RF1b	f111v.39	f111v	CONFIRMED_PROSE	P	6	11	DEFINITE_SPACE	DEFINITE_SPACE	che@152;y	che y	2	6,7	6	7	che	y	MULTI_ASCII_FRAGMENT	MULTI_FRAGMENT_MIXED_RETAINED_OMITTED
RF1b|f111v.4|G003	RF1b	f111v.4	f111v	CONFIRMED_PROSE	P	3	11	DEFINITE_SPACE	DEFINITE_SPACE	choke@152;air	choke air	2	3,4	3,4		choke air		MULTI_ASCII_FRAGMENT	MULTI_FRAGMENT_ALL_RETAINED
RF1b|f111v.4|G007	RF1b	f111v.4	f111v	CONFIRMED_PROSE	P	7	11	DEFINITE_SPACE	DEFINITE_SPACE	qoke@152;ar	qoke ar	2	8,9	8,9		qoke ar		MULTI_ASCII_FRAGMENT	MULTI_FRAGMENT_ALL_RETAINED
RF1b|f111v.4|G009	RF1b	f111v.4	f111v	CONFIRMED_PROSE	P	9	11	DEFINITE_SPACE	DEFINITE_SPACE	oke@152;y	oke y	2	11,12	11	12	oke	y	MULTI_ASCII_FRAGMENT	MULTI_FRAGMENT_MIXED_RETAINED_OMITTED
RF1b|f111v.42|G006	RF1b	f111v.42	f111v	CONFIRMED_PROSE	P	6	11	DEFINITE_SPACE	DEFINITE_SPACE	chee@152;y	chee y	2	6,7	6	7	chee	y	MULTI_ASCII_FRAGMENT	MULTI_FRAGMENT_MIXED_RETAINED_OMITTED
RF1b|f111v.42|G008	RF1b	f111v.42	f111v	CONFIRMED_PROSE	P	8	11	DEFINITE_SPACE	DEFINITE_SPACE	che@152;y	che y	2	9,10	9	10	che	y	MULTI_ASCII_FRAGMENT	MULTI_FRAGMENT_MIXED_RETAINED_OMITTED
RF1b|f111v.42|G009	RF1b	f111v.42	f111v	CONFIRMED_PROSE	P	9	11	DEFINITE_SPACE	DEFINITE_SPACE	che@152;y	che y	2	11,12	11	12	che	y	MULTI_ASCII_FRAGMENT	MULTI_FRAGMENT_MIXED_RETAINED_OMITTED
RF1b|f111v.45|G007	RF1b	f111v.45	f111v	CONFIRMED_PROSE	P	7	10	DEFINITE_SPACE	DEFINITE_SPACE	o@176;shey	o shey	2	7,8	7,8		o shey		MULTI_ASCII_FRAGMENT	MULTI_FRAGMENT_ALL_RETAINED
RF1b|f111v.48|G009	RF1b	f111v.48	f111v	CONFIRMED_PROSE	P	9	11	DEFINITE_SPACE	DEFINITE_SPACE	akche@152;y	akche y	2	9,10	9	10	akche	y	MULTI_ASCII_FRAGMENT	MULTI_FRAGMENT_MIXED_RETAINED_OMITTED
RF1b|f111v.5|G011	RF1b	f111v.5	f111v	CONFIRMED_PROSE	P	11	12	DEFINITE_SPACE	DEFINITE_SPACE	qote@152;al	qote al	2	11,12	11,12		qote al		MULTI_ASCII_FRAGMENT	MULTI_FRAGMENT_ALL_RETAINED
RF1b|f111v.6|G013	RF1b	f111v.6	f111v	CONFIRMED_PROSE	P	13	13	DEFINITE_SPACE	LINE_END	alkeed@222;m	alkeed m	2	13,14	13	14	alkeed	m	MULTI_ASCII_FRAGMENT	MULTI_FRAGMENT_MIXED_RETAINED_OMITTED
RF1b|f111v.7|G007	RF1b	f111v.7	f111v	CONFIRMED_PROSE	P	7	11	DEFINITE_SPACE	DEFINITE_SPACE	lchee@152;y	lchee y	2	7,8	7	8	lchee	y	MULTI_ASCII_FRAGMENT	MULTI_FRAGMENT_MIXED_RETAINED_OMITTED
RF1b|f111v.7|G010	RF1b	f111v.7	f111v	CONFIRMED_PROSE	P	10	11	DEFINITE_SPACE	DEFINITE_SPACE	che@152;ain	che ain	2	11,12	11,12		che ain		MULTI_ASCII_FRAGMENT	MULTI_FRAGMENT_ALL_RETAINED
RF1b|f111v.8|G012	RF1b	f111v.8	f111v	CONFIRMED_PROSE	P	12	13	DEFINITE_SPACE	DEFINITE_SPACE	che@152;ar	che ar	2	12,13	12,13		che ar		MULTI_ASCII_FRAGMENT	MULTI_FRAGMENT_ALL_RETAINED
RF1b|f111v.9|G002	RF1b	f111v.9	f111v	CONFIRMED_PROSE	P	2	12	DEFINITE_SPACE	DEFINITE_SPACE	she@152;al	she al	2	2,3	2,3		she al		MULTI_ASCII_FRAGMENT	MULTI_FRAGMENT_ALL_RETAINED
RF1b|f112r.11|G007	RF1b	f112r.11	f112r	CONFIRMED_PROSE	P	7	8	DEFINITE_SPACE	DEFINITE_SPACE	qoke@152;y	qoke y	2	7,8	7	8	qoke	y	MULTI_ASCII_FRAGMENT	MULTI_FRAGMENT_MIXED_RETAINED_OMITTED
RF1b|f112r.12|G001	RF1b	f112r.12	f112r	CONFIRMED_PROSE	P	1	9	LINE_START	DEFINITE_SPACE	dche@152;y	dche y	2	1,2	1	2	dche	y	MULTI_ASCII_FRAGMENT	MULTI_FRAGMENT_MIXED_RETAINED_OMITTED
RF1b|f112r.12|G003	RF1b	f112r.12	f112r	CONFIRMED_PROSE	P	3	9	DEFINITE_SPACE	DEFINITE_SPACE	otche@152;y	otche y	2	4,5	4	5	otche	y	MULTI_ASCII_FRAGMENT	MULTI_FRAGMENT_MIXED_RETAINED_OMITTED
RF1b|f112r.12|G007	RF1b	f112r.12	f112r	CONFIRMED_PROSE	P	7	9	DEFINITE_SPACE	DEFINITE_SPACE	otee@152;y	otee y	2	9,10	9	10	otee	y	MULTI_ASCII_FRAGMENT	MULTI_FRAGMENT_MIXED_RETAINED_OMITTED
RF1b|f112r.13|G003	RF1b	f112r.13	f112r	CONFIRMED_PROSE	P	3	10	DEFINITE_SPACE	DEFINITE_SPACE	ch@152;y	ch y	2	3,4	3	4	ch	y	MULTI_ASCII_FRAGMENT	MULTI_FRAGMENT_MIXED_RETAINED_OMITTED
RF1b|f112r.15|G002	RF1b	f112r.15	f112r	CONFIRMED_PROSE	P	2	8	DEFINITE_SPACE	DEFINITE_SPACE	alch@221;r	alch r	2	2,3	2,3		alch r		MULTI_ASCII_FRAGMENT	MULTI_FRAGMENT_ALL_RETAINED
RF1b|f112r.15|G005	RF1b	f112r.15	f112r	CONFIRMED_PROSE	P	5	8	DEFINITE_SPACE	DEFINITE_SPACE	qokee@152;y	qokee y	2	6,7	6	7	qokee	y	MULTI_ASCII_FRAGMENT	MULTI_FRAGMENT_MIXED_RETAINED_OMITTED
RF1b|f112r.15|G006	RF1b	f112r.15	f112r	CONFIRMED_PROSE	P	6	8	DEFINITE_SPACE	DEFINITE_SPACE	oke@152;y	oke y	2	8,9	8	9	oke	y	MULTI_ASCII_FRAGMENT	MULTI_FRAGMENT_MIXED_RETAINED_OMITTED
RF1b|f112r.15|G008	RF1b	f112r.15	f112r	CONFIRMED_PROSE	P	8	8	DEFINITE_SPACE	LINE_END	op@221;mdy	op mdy	2	11,12	11	12	op	mdy	MULTI_ASCII_FRAGMENT	MULTI_FRAGMENT_MIXED_RETAINED_OMITTED
RF1b|f112r.16|G002	RF1b	f112r.16	f112r	CONFIRMED_PROSE	P	2	9	DEFINITE_SPACE	DEFINITE_SPACE	she@242;dy	she dy	2	2,3	2	3	she	dy	MULTI_ASCII_FRAGMENT	MULTI_FRAGMENT_MIXED_RETAINED_OMITTED
RF1b|f112r.16|G006	RF1b	f112r.16	f112r	CONFIRMED_PROSE	P	6	9	DEFINITE_SPACE	DEFINITE_SPACE	qoke@152;ain	qoke ain	2	7,8	7,8		qoke ain		MULTI_ASCII_FRAGMENT	MULTI_FRAGMENT_ALL_RETAINED
RF1b|f112r.21|G005	RF1b	f112r.21	f112r	CONFIRMED_PROSE	P	5	9	DEFINITE_SPACE	DEFINITE_SPACE	qotee@152;y	qotee y	2	5,6	5	6	qotee	y	MULTI_ASCII_FRAGMENT	MULTI_FRAGMENT_MIXED_RETAINED_OMITTED
RF1b|f112r.22|G003	RF1b	f112r.22	f112r	CONFIRMED_PROSE	P	3	3	DEFINITE_SPACE	LINE_END	q@221;iral	q iral	2	3,4	3,4		q iral		MULTI_ASCII_FRAGMENT	MULTI_FRAGMENT_ALL_RETAINED
RF1b|f112r.24|G005	RF1b	f112r.24	f112r	CONFIRMED_PROSE	P	5	9	DEFINITE_SPACE	DEFINITE_SPACE	lke@152;y	lke y	2	5,6	5	6	lke	y	MULTI_ASCII_FRAGMENT	MULTI_FRAGMENT_MIXED_RETAINED_OMITTED
RF1b|f112r.27|G001	RF1b	f112r.27	f112r	CONFIRMED_PROSE	P	1	8	LINE_START	DEFINITE_SPACE	pcholkee@152;y	pcholkee y	2	1,2	1	2	pcholkee	y	MULTI_ASCII_FRAGMENT	MULTI_FRAGMENT_MIXED_RETAINED_OMITTED
RF1b|f112r.28|G003	RF1b	f112r.28	f112r	CONFIRMED_PROSE	P	3	9	DEFINITE_SPACE	DEFINITE_SPACE	qokee@152;y	qokee y	2	3,4	3	4	qokee	y	MULTI_ASCII_FRAGMENT	MULTI_FRAGMENT_MIXED_RETAINED_OMITTED
RF1b|f112r.29|G003	RF1b	f112r.29	f112r	CONFIRMED_PROSE	P	3	10	DEFINITE_SPACE	DEFINITE_SPACE	olshe@152;y	olshe y	2	3,4	3	4	olshe	y	MULTI_ASCII_FRAGMENT	MULTI_FRAGMENT_MIXED_RETAINED_OMITTED
RF1b|f112r.3|G005	RF1b	f112r.3	f112r	CONFIRMED_PROSE	P	5	8	DEFINITE_SPACE	DEFINITE_SPACE	otee@152;y	otee y	2	5,6	5	6	otee	y	MULTI_ASCII_FRAGMENT	MULTI_FRAGMENT_MIXED_RETAINED_OMITTED
RF1b|f112r.32|G007	RF1b	f112r.32	f112r	CONFIRMED_PROSE	P	7	13	DEFINITE_SPACE	DEFINITE_SPACE	alshe@152;y	alshe y	2	7,8	7	8	alshe	y	MULTI_ASCII_FRAGMENT	MULTI_FRAGMENT_MIXED_RETAINED_OMITTED
RF1b|f112r.35|G003	RF1b	f112r.35	f112r	CONFIRMED_PROSE	P	3	11	DEFINITE_SPACE	DEFINITE_SPACE	qopch@152;y	qopch y	2	3,4	3	4	qopch	y	MULTI_ASCII_FRAGMENT	MULTI_FRAGMENT_MIXED_RETAINED_OMITTED
RF1b|f112r.37|G007	RF1b	f112r.37	f112r	CONFIRMED_PROSE	P	7	10	DEFINITE_SPACE	DEFINITE_SPACE	kee@152;ar	kee ar	2	7,8	7,8		kee ar		MULTI_ASCII_FRAGMENT	MULTI_FRAGMENT_ALL_RETAINED
RF1b|f112r.37|G009	RF1b	f112r.37	f112r	CONFIRMED_PROSE	P	9	10	DEFINITE_SPACE	DEFINITE_SPACE	shke@221;r	shke r	2	10,11	10,11		shke r		MULTI_ASCII_FRAGMENT	MULTI_FRAGMENT_ALL_RETAINED
RF1b|f112r.39|G001	RF1b	f112r.39	f112r	CONFIRMED_PROSE	P	1	9	LINE_START	DEFINITE_SPACE	palkee@152;y	palkee y	2	1,2	1	2	palkee	y	MULTI_ASCII_FRAGMENT	MULTI_FRAGMENT_MIXED_RETAINED_OMITTED
RF1b|f112r.4|G001	RF1b	f112r.4	f112r	CONFIRMED_PROSE	P	1	7	LINE_START	DEFINITE_SPACE	qokee@152;y	qokee y	2	1,2	1	2	qokee	y	MULTI_ASCII_FRAGMENT	MULTI_FRAGMENT_MIXED_RETAINED_OMITTED
RF1b|f112r.4|G005	RF1b	f112r.4	f112r	CONFIRMED_PROSE	P	5	7	DEFINITE_SPACE	DEFINITE_SPACE	che@152;y	che y	2	6,7	6	7	che	y	MULTI_ASCII_FRAGMENT	MULTI_FRAGMENT_MIXED_RETAINED_OMITTED
RF1b|f112r.42|G001	RF1b	f112r.42	f112r	CONFIRMED_PROSE	P	1	10	LINE_START	DEFINITE_SPACE	p@221;lar	p lar	2	1,2	2	1	lar	p	MULTI_ASCII_FRAGMENT	MULTI_FRAGMENT_MIXED_RETAINED_OMITTED
RF1b|f112r.42|G007	RF1b	f112r.42	f112r	CONFIRMED_PROSE	P	7	10	DEFINITE_SPACE	DEFINITE_SPACE	ch@221;dy	ch dy	2	8,9	8	9	ch	dy	MULTI_ASCII_FRAGMENT	MULTI_FRAGMENT_MIXED_RETAINED_OMITTED
RF1b|f112r.42|G010	RF1b	f112r.42	f112r	CONFIRMED_PROSE	P	10	10	UNCERTAIN_SMALL_SPACE	LINE_END	yte@221;p	yte p	2	12,13	12	13	yte	p	MULTI_ASCII_FRAGMENT	MULTI_FRAGMENT_MIXED_RETAINED_OMITTED
RF1b|f112r.44|G003	RF1b	f112r.44	f112r	CONFIRMED_PROSE	P	3	10	DEFINITE_SPACE	DEFINITE_SPACE	qok@221;ekeeey	qok ekeeey	2	3,4	3,4		qok ekeeey		MULTI_ASCII_FRAGMENT	MULTI_FRAGMENT_ALL_RETAINED
RF1b|f112r.7|G004	RF1b	f112r.7	f112r	CONFIRMED_PROSE	P	4	7	DEFINITE_SPACE	DEFINITE_SPACE	l@221;eey	l eey	2	4,5	4,5		l eey		MULTI_ASCII_FRAGMENT	MULTI_FRAGMENT_ALL_RETAINED
RF1b|f112r.7|G007	RF1b	f112r.7	f112r	CONFIRMED_PROSE	P	7	7	DEFINITE_SPACE	LINE_END	otee@152;yram	otee yram	2	8,9	8,9		otee yram		MULTI_ASCII_FRAGMENT	MULTI_FRAGMENT_ALL_RETAINED
RF1b|f112r.8|G002	RF1b	f112r.8	f112r	CONFIRMED_PROSE	P	2	8	DEFINITE_SPACE	DEFINITE_SPACE	etee@152;y	etee y	2	2,3	2	3	etee	y	MULTI_ASCII_FRAGMENT	MULTI_FRAGMENT_MIXED_RETAINED_OMITTED
RF1b|f112r.9|G007	RF1b	f112r.9	f112r	CONFIRMED_PROSE	P	7	9	DEFINITE_SPACE	DEFINITE_SPACE	tee@152;y	tee y	2	7,8	7	8	tee	y	MULTI_ASCII_FRAGMENT	MULTI_FRAGMENT_MIXED_RETAINED_OMITTED
RF1b|f112v.10|G003	RF1b	f112v.10	f112v	CONFIRMED_PROSE	P	3	4	DEFINITE_SPACE	DEFINITE_SPACE	otche@152;y	otche y	2	3,4	3	4	otche	y	MULTI_ASCII_FRAGMENT	MULTI_FRAGMENT_MIXED_RETAINED_OMITTED
RF1b|f112v.10|G004	RF1b	f112v.10	f112v	CONFIRMED_PROSE	P	4	4	DEFINITE_SPACE	LINE_END	@221;r@221;r	r r	2	5,6	5,6		r r		MULTI_ASCII_FRAGMENT	MULTI_FRAGMENT_ALL_RETAINED
RF1b|f112v.11|G003	RF1b	f112v.11	f112v	CONFIRMED_PROSE	P	3	10	DEFINITE_SPACE	DEFINITE_SPACE	o@152;eedy	o eedy	2	3,4	3,4		o eedy		MULTI_ASCII_FRAGMENT	MULTI_FRAGMENT_ALL_RETAINED
RF1b|f112v.12|G006	RF1b	f112v.12	f112v	CONFIRMED_PROSE	P	6	9	DEFINITE_SPACE	DEFINITE_SPACE	qokee@152;y	qokee y	2	6,7	6	7	qokee	y	MULTI_ASCII_FRAGMENT	MULTI_FRAGMENT_MIXED_RETAINED_OMITTED
RF1b|f112v.13|G003	RF1b	f112v.13	f112v	CONFIRMED_PROSE	P	3	9	DEFINITE_SPACE	DEFINITE_SPACE	otche@152;y	otche y	2	3,4	3	4	otche	y	MULTI_ASCII_FRAGMENT	MULTI_FRAGMENT_MIXED_RETAINED_OMITTED
RF1b|f112v.13|G004	RF1b	f112v.13	f112v	CONFIRMED_PROSE	P	4	9	DEFINITE_SPACE	DEFINITE_SPACE	che@152;y	che y	2	5,6	5	6	che	y	MULTI_ASCII_FRAGMENT	MULTI_FRAGMENT_MIXED_RETAINED_OMITTED
RF1b|f112v.13|G006	RF1b	f112v.13	f112v	CONFIRMED_PROSE	P	6	9	DEFINITE_SPACE	DEFINITE_SPACE	che@152;al	che al	2	8,9	8,9		che al		MULTI_ASCII_FRAGMENT	MULTI_FRAGMENT_ALL_RETAINED
RF1b|f112v.14|G004	RF1b	f112v.14	f112v	CONFIRMED_PROSE	P	4	7	DEFINITE_SPACE	DEFINITE_SPACE	ykee@152;ain	ykee ain	2	4,5	4,5		ykee ain		MULTI_ASCII_FRAGMENT	MULTI_FRAGMENT_ALL_RETAINED
RF1b|f112v.14|G005	RF1b	f112v.14	f112v	CONFIRMED_PROSE	P	5	7	DEFINITE_SPACE	DEFINITE_SPACE	qokee@152;y	qokee y	2	6,7	6	7	qokee	y	MULTI_ASCII_FRAGMENT	MULTI_FRAGMENT_MIXED_RETAINED_OMITTED
RF1b|f112v.14|G006	RF1b	f112v.14	f112v	CONFIRMED_PROSE	P	6	7	DEFINITE_SPACE	DEFINITE_SPACE	che@152;aiin	che aiin	2	8,9	8,9		che aiin		MULTI_ASCII_FRAGMENT	MULTI_FRAGMENT_ALL_RETAINED
RF1b|f112v.15|G002	RF1b	f112v.15	f112v	CONFIRMED_PROSE	P	2	9	DEFINITE_SPACE	DEFINITE_SPACE	otee@152;y	otee y	2	2,3	2	3	otee	y	MULTI_ASCII_FRAGMENT	MULTI_FRAGMENT_MIXED_RETAINED_OMITTED
RF1b|f112v.15|G004	RF1b	f112v.15	f112v	CONFIRMED_PROSE	P	4	9	DEFINITE_SPACE	DEFINITE_SPACE	olkee@152;y	olkee y	2	5,6	5	6	olkee	y	MULTI_ASCII_FRAGMENT	MULTI_FRAGMENT_MIXED_RETAINED_OMITTED
RF1b|f112v.15|G007	RF1b	f112v.15	f112v	CONFIRMED_PROSE	P	7	9	DEFINITE_SPACE	DEFINITE_SPACE	qoke@152;ar	qoke ar	2	9,10	9,10		qoke ar		MULTI_ASCII_FRAGMENT	MULTI_FRAGMENT_ALL_RETAINED
RF1b|f112v.17|G003	RF1b	f112v.17	f112v	CONFIRMED_PROSE	P	3	8	DEFINITE_SPACE	DEFINITE_SPACE	che@152;y	che y	2	3,4	3	4	che	y	MULTI_ASCII_FRAGMENT	MULTI_FRAGMENT_MIXED_RETAINED_OMITTED
RF1b|f112v.20|G007	RF1b	f112v.20	f112v	CONFIRMED_PROSE	P	7	8	DEFINITE_SPACE	DEFINITE_SPACE	chocthe@152;y	chocthe y	2	7,8	7	8	chocthe	y	MULTI_ASCII_FRAGMENT	MULTI_FRAGMENT_MIXED_RETAINED_OMITTED
RF1b|f112v.21|G003	RF1b	f112v.21	f112v	CONFIRMED_PROSE	P	3	10	DEFINITE_SPACE	DEFINITE_SPACE	che@221;l	che l	2	3,4	3,4		che l		MULTI_ASCII_FRAGMENT	MULTI_FRAGMENT_ALL_RETAINED
RF1b|f112v.21|G004	RF1b	f112v.21	f112v	CONFIRMED_PROSE	P	4	10	DEFINITE_SPACE	DEFINITE_SPACE	qoee@152;y	qoee y	2	5,6	5	6	qoee	y	MULTI_ASCII_FRAGMENT	MULTI_FRAGMENT_MIXED_RETAINED_OMITTED
RF1b|f112v.21|G006	RF1b	f112v.21	f112v	CONFIRMED_PROSE	P	6	10	DEFINITE_SPACE	DEFINITE_SPACE	kee@152;y	kee y	2	8,9	8	9	kee	y	MULTI_ASCII_FRAGMENT	MULTI_FRAGMENT_MIXED_RETAINED_OMITTED
RF1b|f112v.21|G008	RF1b	f112v.21	f112v	CONFIRMED_PROSE	P	8	10	DEFINITE_SPACE	DEFINITE_SPACE	she@152;y	she y	2	11,12	11	12	she	y	MULTI_ASCII_FRAGMENT	MULTI_FRAGMENT_MIXED_RETAINED_OMITTED
RF1b|f112v.22|G004	RF1b	f112v.22	f112v	CONFIRMED_PROSE	P	4	6	DEFINITE_SPACE	DEFINITE_SPACE	che@152;y	che y	2	4,5	4	5	che	y	MULTI_ASCII_FRAGMENT	MULTI_FRAGMENT_MIXED_RETAINED_OMITTED
RF1b|f112v.23|G001	RF1b	f112v.23	f112v	CONFIRMED_PROSE	P	1	8	LINE_START	DEFINITE_SPACE	ycheolkee@221;r	ycheolkee r	2	1,2	1,2		ycheolkee r		MULTI_ASCII_FRAGMENT	MULTI_FRAGMENT_ALL_RETAINED
RF1b|f112v.24|G001	RF1b	f112v.24	f112v	CONFIRMED_PROSE	P	1	9	LINE_START	DEFINITE_SPACE	s@221;iin	s iin	2	1,2	1,2		s iin		MULTI_ASCII_FRAGMENT	MULTI_FRAGMENT_ALL_RETAINED
RF1b|f112v.24|G004	RF1b	f112v.24	f112v	CONFIRMED_PROSE	P	4	9	DEFINITE_SPACE	DEFINITE_SPACE	otche@152;y	otche y	2	5,6	5	6	otche	y	MULTI_ASCII_FRAGMENT	MULTI_FRAGMENT_MIXED_RETAINED_OMITTED
RF1b|f112v.24|G005	RF1b	f112v.24	f112v	CONFIRMED_PROSE	P	5	9	DEFINITE_SPACE	DEFINITE_SPACE	qokee@152;y	qokee y	2	7,8	7	8	qokee	y	MULTI_ASCII_FRAGMENT	MULTI_FRAGMENT_MIXED_RETAINED_OMITTED
RF1b|f112v.24|G006	RF1b	f112v.24	f112v	CONFIRMED_PROSE	P	6	9	DEFINITE_SPACE	DEFINITE_SPACE	eee@152;eed	eee eed	2	9,10	9,10		eee eed		MULTI_ASCII_FRAGMENT	MULTI_FRAGMENT_ALL_RETAINED
RF1b|f112v.25|G009	RF1b	f112v.25	f112v	CONFIRMED_PROSE	P	9	10	DEFINITE_SPACE	DEFINITE_SPACE	eee@152;y	eee y	2	9,10	9	10	eee	y	MULTI_ASCII_FRAGMENT	MULTI_FRAGMENT_MIXED_RETAINED_OMITTED
RF1b|f112v.26|G001	RF1b	f112v.26	f112v	CONFIRMED_PROSE	P	1	7	LINE_START	DEFINITE_SPACE	yche@152;al	yche al	2	1,2	1,2		yche al		MULTI_ASCII_FRAGMENT	MULTI_FRAGMENT_ALL_RETAINED
RF1b|f112v.26|G006	RF1b	f112v.26	f112v	CONFIRMED_PROSE	P	6	7	DEFINITE_SPACE	DEFINITE_SPACE	qote@221;sam	qote sam	2	7,8	7,8		qote sam		MULTI_ASCII_FRAGMENT	MULTI_FRAGMENT_ALL_RETAINED
RF1b|f112v.28|G004	RF1b	f112v.28	f112v	CONFIRMED_PROSE	P	4	11	DEFINITE_SPACE	DEFINITE_SPACE	che@221;l	che l	2	4,5	4,5		che l		MULTI_ASCII_FRAGMENT	MULTI_FRAGMENT_ALL_RETAINED
RF1b|f112v.28|G005	RF1b	f112v.28	f112v	CONFIRMED_PROSE	P	5	11	DEFINITE_SPACE	DEFINITE_SPACE	keeeo@152;y	keeeo y	2	6,7	6	7	keeeo	y	MULTI_ASCII_FRAGMENT	MULTI_FRAGMENT_MIXED_RETAINED_OMITTED
RF1b|f112v.3|G001	RF1b	f112v.3	f112v	CONFIRMED_PROSE	P	1	10	LINE_START	DEFINITE_SPACE	qokee@221;r	qokee r	2	1,2	1,2		qokee r		MULTI_ASCII_FRAGMENT	MULTI_FRAGMENT_ALL_RETAINED
RF1b|f112v.30|G003	RF1b	f112v.30	f112v	CONFIRMED_PROSE	P	3	9	DEFINITE_SPACE	DEFINITE_SPACE	okee@152;ey	okee ey	2	3,4	3,4		okee ey		MULTI_ASCII_FRAGMENT	MULTI_FRAGMENT_ALL_RETAINED
RF1b|f112v.31|G005	RF1b	f112v.31	f112v	CONFIRMED_PROSE	P	5	5	DEFINITE_SPACE	LINE_END	ar@221;r	ar r	2	5,6	5,6		ar r		MULTI_ASCII_FRAGMENT	MULTI_FRAGMENT_ALL_RETAINED
RF1b|f112v.33|G007	RF1b	f112v.33	f112v	CONFIRMED_PROSE	P	7	10	DEFINITE_SPACE	DEFINITE_SPACE	okeee@152;y	okeee y	2	7,8	7	8	okeee	y	MULTI_ASCII_FRAGMENT	MULTI_FRAGMENT_MIXED_RETAINED_OMITTED
RF1b|f112v.34|G005	RF1b	f112v.34	f112v	CONFIRMED_PROSE	P	5	8	DEFINITE_SPACE	DEFINITE_SPACE	qokee@152;y	qokee y	2	5,6	5	6	qokee	y	MULTI_ASCII_FRAGMENT	MULTI_FRAGMENT_MIXED_RETAINED_OMITTED
RF1b|f112v.36|G009	RF1b	f112v.36	f112v	CONFIRMED_PROSE	P	9	10	DEFINITE_SPACE	DEFINITE_SPACE	qote@152;y	qote y	2	9,10	9	10	qote	y	MULTI_ASCII_FRAGMENT	MULTI_FRAGMENT_MIXED_RETAINED_OMITTED
RF1b|f112v.38|G006	RF1b	f112v.38	f112v	CONFIRMED_PROSE	P	6	12	DEFINITE_SPACE	DEFINITE_SPACE	che@152;y	che y	2	6,7	6	7	che	y	MULTI_ASCII_FRAGMENT	MULTI_FRAGMENT_MIXED_RETAINED_OMITTED
RF1b|f112v.4|G003	RF1b	f112v.4	f112v	CONFIRMED_PROSE	P	3	9	DEFINITE_SPACE	DEFINITE_SPACE	oeeeo@152;y	oeeeo y	2	3,4	3	4	oeeeo	y	MULTI_ASCII_FRAGMENT	MULTI_FRAGMENT_MIXED_RETAINED_OMITTED
RF1b|f112v.4|G008	RF1b	f112v.4	f112v	CONFIRMED_PROSE	P	8	9	DEFINITE_SPACE	DEFINITE_SPACE	qo@176;y	qo y	2	9,10	9	10	qo	y	MULTI_ASCII_FRAGMENT	MULTI_FRAGMENT_MIXED_RETAINED_OMITTED
RF1b|f112v.44|G007	RF1b	f112v.44	f112v	CONFIRMED_PROSE	P	7	9	DEFINITE_SPACE	DEFINITE_SPACE	ote@152;ar	ote ar	2	7,8	7,8		ote ar		MULTI_ASCII_FRAGMENT	MULTI_FRAGMENT_ALL_RETAINED
RF1b|f112v.45|G005	RF1b	f112v.45	f112v	CONFIRMED_PROSE	P	5	11	DEFINITE_SPACE	DEFINITE_SPACE	tche@152;y	tche y	2	5,6	5	6	tche	y	MULTI_ASCII_FRAGMENT	MULTI_FRAGMENT_MIXED_RETAINED_OMITTED
RF1b|f112v.45|G011	RF1b	f112v.45	f112v	CONFIRMED_PROSE	P	11	11	DEFINITE_SPACE	LINE_END	kam@152;am	kam am	2	12,13	12,13		kam am		MULTI_ASCII_FRAGMENT	MULTI_FRAGMENT_ALL_RETAINED
RF1b|f112v.46|G011	RF1b	f112v.46	f112v	CONFIRMED_PROSE	P	11	11	DEFINITE_SPACE	LINE_END	@152;al@152;y	al y	2	11,12	11	12	al	y	MULTI_ASCII_FRAGMENT	MULTI_FRAGMENT_MIXED_RETAINED_OMITTED
RF1b|f112v.5|G009	RF1b	f112v.5	f112v	CONFIRMED_PROSE	P	9	9	DEFINITE_SPACE	LINE_END	cheeol@152;y	cheeol y	2	9,10	9	10	cheeol	y	MULTI_ASCII_FRAGMENT	MULTI_FRAGMENT_MIXED_RETAINED_OMITTED
RF1b|f112v.6|G005	RF1b	f112v.6	f112v	CONFIRMED_PROSE	P	5	6	DEFINITE_SPACE	DEFINITE_SPACE	okeee@152;y	okeee y	2	5,6	5	6	okeee	y	MULTI_ASCII_FRAGMENT	MULTI_FRAGMENT_MIXED_RETAINED_OMITTED
RF1b|f112v.7|G001	RF1b	f112v.7	f112v	CONFIRMED_PROSE	P	1	8	LINE_START	DEFINITE_SPACE	pche@221;keey	pche keey	2	1,2	1,2		pche keey		MULTI_ASCII_FRAGMENT	MULTI_FRAGMENT_ALL_RETAINED
RF1b|f112v.7|G003	RF1b	f112v.7	f112v	CONFIRMED_PROSE	P	3	8	DEFINITE_SPACE	DEFINITE_SPACE	qotee@152;y	qotee y	2	4,5	4	5	qotee	y	MULTI_ASCII_FRAGMENT	MULTI_FRAGMENT_MIXED_RETAINED_OMITTED
RF1b|f113r.1|G003	RF1b	f113r.1	f113r	CONFIRMED_PROSE	P	3	11	DEFINITE_SPACE	DEFINITE_SPACE	fch@152;y	fch y	2	3,4	3	4	fch	y	MULTI_ASCII_FRAGMENT	MULTI_FRAGMENT_MIXED_RETAINED_OMITTED
RF1b|f113r.10|G001	RF1b	f113r.10	f113r	CONFIRMED_PROSE	P	1	12	LINE_START	DEFINITE_SPACE	pcheo@152;y	pcheo y	2	1,2	1	2	pcheo	y	MULTI_ASCII_FRAGMENT	MULTI_FRAGMENT_MIXED_RETAINED_OMITTED
RF1b|f113r.13|G008	RF1b	f113r.13	f113r	CONFIRMED_PROSE	P	8	12	DEFINITE_SPACE	DEFINITE_SPACE	lkche@152;y	lkche y	2	8,9	8	9	lkche	y	MULTI_ASCII_FRAGMENT	MULTI_FRAGMENT_MIXED_RETAINED_OMITTED
RF1b|f113r.14|G010	RF1b	f113r.14	f113r	CONFIRMED_PROSE	P	10	13	DEFINITE_SPACE	DEFINITE_SPACE	kche@152;y	kche y	2	10,11	10	11	kche	y	MULTI_ASCII_FRAGMENT	MULTI_FRAGMENT_MIXED_RETAINED_OMITTED
RF1b|f113r.16|G004	RF1b	f113r.16	f113r	CONFIRMED_PROSE	P	4	11	DEFINITE_SPACE	DEFINITE_SPACE	sh@152;y	sh y	2	4,5	4	5	sh	y	MULTI_ASCII_FRAGMENT	MULTI_FRAGMENT_MIXED_RETAINED_OMITTED
RF1b|f113r.17|G007	RF1b	f113r.17	f113r	CONFIRMED_PROSE	P	7	13	DEFINITE_SPACE	DEFINITE_SPACE	che@152;aiin	che aiin	2	7,8	7,8		che aiin		MULTI_ASCII_FRAGMENT	MULTI_FRAGMENT_ALL_RETAINED
RF1b|f113r.18|G010	RF1b	f113r.18	f113r	CONFIRMED_PROSE	P	10	12	DEFINITE_SPACE	DEFINITE_SPACE	okee@152;y	okee y	2	10,11	10	11	okee	y	MULTI_ASCII_FRAGMENT	MULTI_FRAGMENT_MIXED_RETAINED_OMITTED
RF1b|f113r.18|G012	RF1b	f113r.18	f113r	CONFIRMED_PROSE	P	12	12	DEFINITE_SPACE	LINE_END	rche@152;y	rche y	2	13,14	13	14	rche	y	MULTI_ASCII_FRAGMENT	MULTI_FRAGMENT_MIXED_RETAINED_OMITTED
RF1b|f113r.2|G003	RF1b	f113r.2	f113r	CONFIRMED_PROSE	P	3	14	DEFINITE_SPACE	DEFINITE_SPACE	oteeo@152;y	oteeo y	2	3,4	3	4	oteeo	y	MULTI_ASCII_FRAGMENT	MULTI_FRAGMENT_MIXED_RETAINED_OMITTED
RF1b|f113r.2|G013	RF1b	f113r.2	f113r	CONFIRMED_PROSE	P	13	14	DEFINITE_SPACE	UNCERTAIN_SMALL_SPACE	yk@221;lair	yk lair	2	14,15	14,15		yk lair		MULTI_ASCII_FRAGMENT	MULTI_FRAGMENT_ALL_RETAINED
RF1b|f113r.20|G001	RF1b	f113r.20	f113r	CONFIRMED_PROSE	P	1	10	LINE_START	DEFINITE_SPACE	ksh@221;raiin	ksh raiin	2	1,2	1,2		ksh raiin		MULTI_ASCII_FRAGMENT	MULTI_FRAGMENT_ALL_RETAINED
RF1b|f113r.21|G010	RF1b	f113r.21	f113r	CONFIRMED_PROSE	P	10	10	DEFINITE_SPACE	LINE_END	okeo@152;y	okeo y	2	10,11	10	11	okeo	y	MULTI_ASCII_FRAGMENT	MULTI_FRAGMENT_MIXED_RETAINED_OMITTED
RF1b|f113r.23|G010	RF1b	f113r.23	f113r	CONFIRMED_PROSE	P	10	11	DEFINITE_SPACE	DEFINITE_SPACE	lkche@152;y	lkche y	2	10,11	10	11	lkche	y	MULTI_ASCII_FRAGMENT	MULTI_FRAGMENT_MIXED_RETAINED_OMITTED
RF1b|f113r.25|G006	RF1b	f113r.25	f113r	CONFIRMED_PROSE	P	6	10	DEFINITE_SPACE	DEFINITE_SPACE	chpchsh@152;y	chpchsh y	2	6,7	6	7	chpchsh	y	MULTI_ASCII_FRAGMENT	MULTI_FRAGMENT_MIXED_RETAINED_OMITTED
RF1b|f113r.26|G006	RF1b	f113r.26	f113r	CONFIRMED_PROSE	P	6	9	DEFINITE_SPACE	DEFINITE_SPACE	charlkeeo@152;y	charlkeeo y	2	6,7	6	7	charlkeeo	y	MULTI_ASCII_FRAGMENT	MULTI_FRAGMENT_MIXED_RETAINED_OMITTED
RF1b|f113r.28|G011	RF1b	f113r.28	f113r	CONFIRMED_PROSE	P	11	12	DEFINITE_SPACE	DEFINITE_SPACE	cheoke@152;y	cheoke y	2	11,12	11	12	cheoke	y	MULTI_ASCII_FRAGMENT	MULTI_FRAGMENT_MIXED_RETAINED_OMITTED
RF1b|f113r.28|G012	RF1b	f113r.28	f113r	CONFIRMED_PROSE	P	12	12	DEFINITE_SPACE	LINE_END	lo@152;ar	lo ar	2	13,14	13,14		lo ar		MULTI_ASCII_FRAGMENT	MULTI_FRAGMENT_ALL_RETAINED
RF1b|f113r.31|G011	RF1b	f113r.31	f113r	CONFIRMED_PROSE	P	11	12	DEFINITE_SPACE	DEFINITE_SPACE	ch@221;kain	ch kain	2	11,12	11,12		ch kain		MULTI_ASCII_FRAGMENT	MULTI_FRAGMENT_ALL_RETAINED
RF1b|f113r.32|G004	RF1b	f113r.32	f113r	CONFIRMED_PROSE	P	4	11	DEFINITE_SPACE	DEFINITE_SPACE	okshe@152;y	okshe y	2	4,5	4	5	okshe	y	MULTI_ASCII_FRAGMENT	MULTI_FRAGMENT_MIXED_RETAINED_OMITTED
RF1b|f113r.32|G010	RF1b	f113r.32	f113r	CONFIRMED_PROSE	P	10	11	DEFINITE_SPACE	DEFINITE_SPACE	che@152;y	che y	2	11,12	11	12	che	y	MULTI_ASCII_FRAGMENT	MULTI_FRAGMENT_MIXED_RETAINED_OMITTED
RF1b|f113r.34|G002	RF1b	f113r.34	f113r	CONFIRMED_PROSE	P	2	10	DEFINITE_SPACE	DEFINITE_SPACE	lsh@152;aiin	lsh aiin	2	2,3	2,3		lsh aiin		MULTI_ASCII_FRAGMENT	MULTI_FRAGMENT_ALL_RETAINED
RF1b|f113r.34|G006	RF1b	f113r.34	f113r	CONFIRMED_PROSE	P	6	10	DEFINITE_SPACE	DEFINITE_SPACE	sh@176;air	sh air	2	7,8	7,8		sh air		MULTI_ASCII_FRAGMENT	MULTI_FRAGMENT_ALL_RETAINED
RF1b|f113r.36|G002	RF1b	f113r.36	f113r	CONFIRMED_PROSE	P	2	3	DEFINITE_SPACE	DEFINITE_SPACE	she@221;dy	she dy	2	2,3	2	3	she	dy	MULTI_ASCII_FRAGMENT	MULTI_FRAGMENT_MIXED_RETAINED_OMITTED
RF1b|f113r.4|G005	RF1b	f113r.4	f113r	CONFIRMED_PROSE	P	5	12	DEFINITE_SPACE	DEFINITE_SPACE	qokche@152;y	qokche y	2	5,6	5	6	qokche	y	MULTI_ASCII_FRAGMENT	MULTI_FRAGMENT_MIXED_RETAINED_OMITTED
RF1b|f113r.41|G010	RF1b	f113r.41	f113r	CONFIRMED_PROSE	P	10	10	DEFINITE_SPACE	LINE_END	okeeo@152;y	okeeo y	2	10,11	10	11	okeeo	y	MULTI_ASCII_FRAGMENT	MULTI_FRAGMENT_MIXED_RETAINED_OMITTED
RF1b|f113r.42|G008	RF1b	f113r.42	f113r	CONFIRMED_PROSE	P	8	10	DEFINITE_SPACE	DEFINITE_SPACE	qokche@152;y	qokche y	2	8,9	8	9	qokche	y	MULTI_ASCII_FRAGMENT	MULTI_FRAGMENT_MIXED_RETAINED_OMITTED
RF1b|f113r.43|G014	RF1b	f113r.43	f113r	CONFIRMED_PROSE	P	14	14	DEFINITE_SPACE	LINE_END	che@152;am	che am	2	14,15	14,15		che am		MULTI_ASCII_FRAGMENT	MULTI_FRAGMENT_ALL_RETAINED
RF1b|f113r.44|G002	RF1b	f113r.44	f113r	CONFIRMED_PROSE	P	2	4	DEFINITE_SPACE	DEFINITE_SPACE	lke@152;y	lke y	2	2,3	2	3	lke	y	MULTI_ASCII_FRAGMENT	MULTI_FRAGMENT_MIXED_RETAINED_OMITTED
RF1b|f113r.44|G003	RF1b	f113r.44	f113r	CONFIRMED_PROSE	P	3	4	DEFINITE_SPACE	DEFINITE_SPACE	che@152;y	che y	2	4,5	4	5	che	y	MULTI_ASCII_FRAGMENT	MULTI_FRAGMENT_MIXED_RETAINED_OMITTED
RF1b|f113r.45|G007	RF1b	f113r.45	f113r	CONFIRMED_PROSE	P	7	11	DEFINITE_SPACE	DEFINITE_SPACE	she@152;y	she y	2	7,8	7	8	she	y	MULTI_ASCII_FRAGMENT	MULTI_FRAGMENT_MIXED_RETAINED_OMITTED
RF1b|f113r.45|G008	RF1b	f113r.45	f113r	CONFIRMED_PROSE	P	8	11	DEFINITE_SPACE	DEFINITE_SPACE	qot@221;r	qot r	2	9,10	9,10		qot r		MULTI_ASCII_FRAGMENT	MULTI_FRAGMENT_ALL_RETAINED
RF1b|f113r.45|G011	RF1b	f113r.45	f113r	CONFIRMED_PROSE	P	11	11	DEFINITE_SPACE	LINE_END	te@152;y	te y	2	13,14	13	14	te	y	MULTI_ASCII_FRAGMENT	MULTI_FRAGMENT_MIXED_RETAINED_OMITTED
RF1b|f113r.46|G002	RF1b	f113r.46	f113r	CONFIRMED_PROSE	P	2	9	DEFINITE_SPACE	DEFINITE_SPACE	cheokee@221;s	cheokee s	2	2,3	2,3		cheokee s		MULTI_ASCII_FRAGMENT	MULTI_FRAGMENT_ALL_RETAINED
RF1b|f113r.47|G004	RF1b	f113r.47	f113r	CONFIRMED_PROSE	P	4	12	DEFINITE_SPACE	DEFINITE_SPACE	cholkee@152;y	cholkee y	2	4,5	4	5	cholkee	y	MULTI_ASCII_FRAGMENT	MULTI_FRAGMENT_MIXED_RETAINED_OMITTED
RF1b|f113r.47|G006	RF1b	f113r.47	f113r	CONFIRMED_PROSE	P	6	12	DEFINITE_SPACE	DEFINITE_SPACE	che@152;al	che al	2	7,8	7,8		che al		MULTI_ASCII_FRAGMENT	MULTI_FRAGMENT_ALL_RETAINED
RF1b|f113r.48|G001	RF1b	f113r.48	f113r	CONFIRMED_PROSE	P	1	9	LINE_START	DEFINITE_SPACE	tchoar@221;rshy	tchoar rshy	2	1,2	1,2		tchoar rshy		MULTI_ASCII_FRAGMENT	MULTI_FRAGMENT_ALL_RETAINED
RF1b|f113r.5|G011	RF1b	f113r.5	f113r	CONFIRMED_PROSE	P	11	12	DEFINITE_SPACE	DEFINITE_SPACE	che@152;y	che y	2	11,12	11	12	che	y	MULTI_ASCII_FRAGMENT	MULTI_FRAGMENT_MIXED_RETAINED_OMITTED
RF1b|f113r.5|G012	RF1b	f113r.5	f113r	CONFIRMED_PROSE	P	12	12	DEFINITE_SPACE	LINE_END	che@152;y	che y	2	13,14	13	14	che	y	MULTI_ASCII_FRAGMENT	MULTI_FRAGMENT_MIXED_RETAINED_OMITTED
RF1b|f113v.10|G003	RF1b	f113v.10	f113v	CONFIRMED_PROSE	P	3	14	DEFINITE_SPACE	DEFINITE_SPACE	ote@152;yar	ote yar	2	3,4	3,4		ote yar		MULTI_ASCII_FRAGMENT	MULTI_FRAGMENT_ALL_RETAINED
RF1b|f113v.10|G006	RF1b	f113v.10	f113v	CONFIRMED_PROSE	P	6	14	DEFINITE_SPACE	DEFINITE_SPACE	ke@152;y	ke y	2	7,8	7	8	ke	y	MULTI_ASCII_FRAGMENT	MULTI_FRAGMENT_MIXED_RETAINED_OMITTED
RF1b|f113v.10|G007	RF1b	f113v.10	f113v	CONFIRMED_PROSE	P	7	14	DEFINITE_SPACE	DEFINITE_SPACE	qokee@152;y	qokee y	2	9,10	9	10	qokee	y	MULTI_ASCII_FRAGMENT	MULTI_FRAGMENT_MIXED_RETAINED_OMITTED
RF1b|f113v.11|G005	RF1b	f113v.11	f113v	CONFIRMED_PROSE	P	5	12	DEFINITE_SPACE	DEFINITE_SPACE	ot@221;l	ot l	2	5,6	5,6		ot l		MULTI_ASCII_FRAGMENT	MULTI_FRAGMENT_ALL_RETAINED
RF1b|f113v.13|G009	RF1b	f113v.13	f113v	CONFIRMED_PROSE	P	9	12	DEFINITE_SPACE	DEFINITE_SPACE	qotee@152;ar	qotee ar	2	9,10	9,10		qotee ar		MULTI_ASCII_FRAGMENT	MULTI_FRAGMENT_ALL_RETAINED
RF1b|f113v.14|G008	RF1b	f113v.14	f113v	CONFIRMED_PROSE	P	8	12	DEFINITE_SPACE	DEFINITE_SPACE	olche@152;y	olche y	2	8,9	8	9	olche	y	MULTI_ASCII_FRAGMENT	MULTI_FRAGMENT_MIXED_RETAINED_OMITTED
RF1b|f113v.15|G006	RF1b	f113v.15	f113v	CONFIRMED_PROSE	P	6	11	DEFINITE_SPACE	DEFINITE_SPACE	tch@152;y	tch y	2	6,7	6	7	tch	y	MULTI_ASCII_FRAGMENT	MULTI_FRAGMENT_MIXED_RETAINED_OMITTED
RF1b|f113v.16|G005	RF1b	f113v.16	f113v	CONFIRMED_PROSE	P	5	11	DEFINITE_SPACE	DEFINITE_SPACE	ch@152;eiin	ch eiin	2	5,6	5,6		ch eiin		MULTI_ASCII_FRAGMENT	MULTI_FRAGMENT_ALL_RETAINED
RF1b|f113v.16|G008	RF1b	f113v.16	f113v	CONFIRMED_PROSE	P	8	11	DEFINITE_SPACE	DEFINITE_SPACE	okalche@152;y	okalche y	2	9,10	9	10	okalche	y	MULTI_ASCII_FRAGMENT	MULTI_FRAGMENT_MIXED_RETAINED_OMITTED
RF1b|f113v.17|G002	RF1b	f113v.17	f113v	CONFIRMED_PROSE	P	2	8	DEFINITE_SPACE	DEFINITE_SPACE	she@152;y	she y	2	2,3	2	3	she	y	MULTI_ASCII_FRAGMENT	MULTI_FRAGMENT_MIXED_RETAINED_OMITTED
RF1b|f113v.18|G003	RF1b	f113v.18	f113v	CONFIRMED_PROSE	P	3	10	DEFINITE_SPACE	DEFINITE_SPACE	otshe@152;y	otshe y	2	3,4	3	4	otshe	y	MULTI_ASCII_FRAGMENT	MULTI_FRAGMENT_MIXED_RETAINED_OMITTED
RF1b|f113v.18|G008	RF1b	f113v.18	f113v	CONFIRMED_PROSE	P	8	10	DEFINITE_SPACE	DEFINITE_SPACE	lkesh@152;y	lkesh y	2	9,10	9	10	lkesh	y	MULTI_ASCII_FRAGMENT	MULTI_FRAGMENT_MIXED_RETAINED_OMITTED
RF1b|f113v.18|G009	RF1b	f113v.18	f113v	CONFIRMED_PROSE	P	9	10	DEFINITE_SPACE	DEFINITE_SPACE	fchocth@221;r	fchocth r	2	11,12	11,12		fchocth r		MULTI_ASCII_FRAGMENT	MULTI_FRAGMENT_ALL_RETAINED
RF1b|f113v.23|G006	RF1b	f113v.23	f113v	CONFIRMED_PROSE	P	6	13	DEFINITE_SPACE	DEFINITE_SPACE	ch@221;kair	ch kair	2	6,7	6,7		ch kair		MULTI_ASCII_FRAGMENT	MULTI_FRAGMENT_ALL_RETAINED
RF1b|f113v.28|G009	RF1b	f113v.28	f113v	CONFIRMED_PROSE	P	9	11	DEFINITE_SPACE	DEFINITE_SPACE	okalch@152;y	okalch y	2	9,10	9	10	okalch	y	MULTI_ASCII_FRAGMENT	MULTI_FRAGMENT_MIXED_RETAINED_OMITTED
RF1b|f113v.33|G001	RF1b	f113v.33	f113v	CONFIRMED_PROSE	P	1	10	LINE_START	DEFINITE_SPACE	p@221;lsairy	p lsairy	2	1,2	2	1	lsairy	p	MULTI_ASCII_FRAGMENT	MULTI_FRAGMENT_MIXED_RETAINED_OMITTED
RF1b|f113v.35|G004	RF1b	f113v.35	f113v	CONFIRMED_PROSE	P	4	5	DEFINITE_SPACE	DEFINITE_SPACE	che@152;y	che y	2	4,5	4	5	che	y	MULTI_ASCII_FRAGMENT	MULTI_FRAGMENT_MIXED_RETAINED_OMITTED
RF1b|f113v.36|G006	RF1b	f113v.36	f113v	CONFIRMED_PROSE	P	6	9	DEFINITE_SPACE	DEFINITE_SPACE	qokee@152;y	qokee y	2	6,7	6	7	qokee	y	MULTI_ASCII_FRAGMENT	MULTI_FRAGMENT_MIXED_RETAINED_OMITTED
RF1b|f113v.38|G006	RF1b	f113v.38	f113v	CONFIRMED_PROSE	P	6	10	DEFINITE_SPACE	DEFINITE_SPACE	shee@152;y	shee y	2	6,7	6	7	shee	y	MULTI_ASCII_FRAGMENT	MULTI_FRAGMENT_MIXED_RETAINED_OMITTED
RF1b|f113v.4|G004	RF1b	f113v.4	f113v	CONFIRMED_PROSE	P	4	11	DEFINITE_SPACE	DEFINITE_SPACE	rche@152;y	rche y	2	4,5	4	5	rche	y	MULTI_ASCII_FRAGMENT	MULTI_FRAGMENT_MIXED_RETAINED_OMITTED
RF1b|f113v.4|G007	RF1b	f113v.4	f113v	CONFIRMED_PROSE	P	7	11	DEFINITE_SPACE	DEFINITE_SPACE	op@221;raiin	op raiin	2	8,9	8,9		op raiin		MULTI_ASCII_FRAGMENT	MULTI_FRAGMENT_ALL_RETAINED
RF1b|f113v.42|G009	RF1b	f113v.42	f113v	CONFIRMED_PROSE	P	9	13	DEFINITE_SPACE	DEFINITE_SPACE	fche@152;y	fche y	2	9,10	9	10	fche	y	MULTI_ASCII_FRAGMENT	MULTI_FRAGMENT_MIXED_RETAINED_OMITTED
RF1b|f113v.45|G009	RF1b	f113v.45	f113v	CONFIRMED_PROSE	P	9	11	DEFINITE_SPACE	DEFINITE_SPACE	qokch@152;y	qokch y	2	9,10	9	10	qokch	y	MULTI_ASCII_FRAGMENT	MULTI_FRAGMENT_MIXED_RETAINED_OMITTED
RF1b|f113v.47|G010	RF1b	f113v.47	f113v	CONFIRMED_PROSE	P	10	10	DEFINITE_SPACE	LINE_END	qopche@152;yldy	qopche yldy	2	10,11	10,11		qopche yldy		MULTI_ASCII_FRAGMENT	MULTI_FRAGMENT_ALL_RETAINED
RF1b|f113v.48|G005	RF1b	f113v.48	f113v	CONFIRMED_PROSE	P	5	12	DEFINITE_SPACE	DEFINITE_SPACE	lshee@152;y	lshee y	2	5,6	5	6	lshee	y	MULTI_ASCII_FRAGMENT	MULTI_FRAGMENT_MIXED_RETAINED_OMITTED
RF1b|f113v.48|G007	RF1b	f113v.48	f113v	CONFIRMED_PROSE	P	7	12	DEFINITE_SPACE	DEFINITE_SPACE	che@152;y	che y	2	8,9	8	9	che	y	MULTI_ASCII_FRAGMENT	MULTI_FRAGMENT_MIXED_RETAINED_OMITTED
RF1b|f113v.48|G009	RF1b	f113v.48	f113v	CONFIRMED_PROSE	P	9	12	DEFINITE_SPACE	DEFINITE_SPACE	qokeee@152;y	qokeee y	2	11,12	11	12	qokeee	y	MULTI_ASCII_FRAGMENT	MULTI_FRAGMENT_MIXED_RETAINED_OMITTED
RF1b|f113v.49|G003	RF1b	f113v.49	f113v	CONFIRMED_PROSE	P	3	10	DEFINITE_SPACE	DEFINITE_SPACE	otee@152;y	otee y	2	3,4	3	4	otee	y	MULTI_ASCII_FRAGMENT	MULTI_FRAGMENT_MIXED_RETAINED_OMITTED
RF1b|f113v.49|G010	RF1b	f113v.49	f113v	CONFIRMED_PROSE	P	10	10	DEFINITE_SPACE	LINE_END	kee@152;y	kee y	2	11,12	11	12	kee	y	MULTI_ASCII_FRAGMENT	MULTI_FRAGMENT_MIXED_RETAINED_OMITTED
RF1b|f113v.5|G003	RF1b	f113v.5	f113v	CONFIRMED_PROSE	P	3	14	DEFINITE_SPACE	DEFINITE_SPACE	ote@152;y	ote y	2	3,4	3	4	ote	y	MULTI_ASCII_FRAGMENT	MULTI_FRAGMENT_MIXED_RETAINED_OMITTED
RF1b|f113v.5|G008	RF1b	f113v.5	f113v	CONFIRMED_PROSE	P	8	14	DEFINITE_SPACE	DEFINITE_SPACE	otee@152;y	otee y	2	9,10	9	10	otee	y	MULTI_ASCII_FRAGMENT	MULTI_FRAGMENT_MIXED_RETAINED_OMITTED
RF1b|f113v.5|G009	RF1b	f113v.5	f113v	CONFIRMED_PROSE	P	9	14	DEFINITE_SPACE	DEFINITE_SPACE	qokee@152;y	qokee y	2	11,12	11	12	qokee	y	MULTI_ASCII_FRAGMENT	MULTI_FRAGMENT_MIXED_RETAINED_OMITTED
RF1b|f113v.5|G010	RF1b	f113v.5	f113v	CONFIRMED_PROSE	P	10	14	DEFINITE_SPACE	DEFINITE_SPACE	oted@221;r	oted r	2	13,14	13,14		oted r		MULTI_ASCII_FRAGMENT	MULTI_FRAGMENT_ALL_RETAINED
RF1b|f113v.7|G007	RF1b	f113v.7	f113v	CONFIRMED_PROSE	P	7	12	DEFINITE_SPACE	DEFINITE_SPACE	opche@152;y	opche y	2	7,8	7	8	opche	y	MULTI_ASCII_FRAGMENT	MULTI_FRAGMENT_MIXED_RETAINED_OMITTED
RF1b|f114r.1|G008	RF1b	f114r.1	f114r	CONFIRMED_PROSE	P	8	9	DEFINITE_SPACE	DEFINITE_SPACE	o@167;aiin	o aiin	2	8,9	8,9		o aiin		MULTI_ASCII_FRAGMENT	MULTI_FRAGMENT_ALL_RETAINED
RF1b|f114r.12|G011	RF1b	f114r.12	f114r	CONFIRMED_PROSE	P	11	12	DEFINITE_SPACE	DEFINITE_SPACE	otche@152;air	otche air	2	11,12	11,12		otche air		MULTI_ASCII_FRAGMENT	MULTI_FRAGMENT_ALL_RETAINED
RF1b|f114r.16|G012	RF1b	f114r.16	f114r	CONFIRMED_PROSE	P	12	14	DEFINITE_SPACE	DEFINITE_SPACE	chek@221;r	chek r	2	12,13	12,13		chek r		MULTI_ASCII_FRAGMENT	MULTI_FRAGMENT_ALL_RETAINED
RF1b|f114r.19|G008	RF1b	f114r.19	f114r	CONFIRMED_PROSE	P	8	12	DEFINITE_SPACE	DEFINITE_SPACE	ofche@152;aiin	ofche aiin	2	8,9	8,9		ofche aiin		MULTI_ASCII_FRAGMENT	MULTI_FRAGMENT_ALL_RETAINED
RF1b|f114r.2|G004	RF1b	f114r.2	f114r	CONFIRMED_PROSE	P	4	11	DEFINITE_SPACE	DEFINITE_SPACE	@221;ke@152;y	ke y	2	4,5	4	5	ke	y	MULTI_ASCII_FRAGMENT	MULTI_FRAGMENT_MIXED_RETAINED_OMITTED
RF1b|f114r.29|G001	RF1b	f114r.29	f114r	CONFIRMED_PROSE	P	1	13	LINE_START	DEFINITE_SPACE	ch@221;l	ch l	2	1,2	1,2		ch l		MULTI_ASCII_FRAGMENT	MULTI_FRAGMENT_ALL_RETAINED
RF1b|f114r.33|G013	RF1b	f114r.33	f114r	CONFIRMED_PROSE	P	13	13	DEFINITE_SPACE	LINE_END	che@152;y	che y	2	13,14	13	14	che	y	MULTI_ASCII_FRAGMENT	MULTI_FRAGMENT_MIXED_RETAINED_OMITTED
RF1b|f114r.37|G004	RF1b	f114r.37	f114r	CONFIRMED_PROSE	P	4	13	DEFINITE_SPACE	DEFINITE_SPACE	otshe@152;y	otshe y	2	4,5	4	5	otshe	y	MULTI_ASCII_FRAGMENT	MULTI_FRAGMENT_MIXED_RETAINED_OMITTED
RF1b|f114r.40|G001	RF1b	f114r.40	f114r	CONFIRMED_PROSE	P	1	10	LINE_START	DEFINITE_SPACE	ytee@152;y	ytee y	2	1,2	1	2	ytee	y	MULTI_ASCII_FRAGMENT	MULTI_FRAGMENT_MIXED_RETAINED_OMITTED
RF1b|f114r.40|G003	RF1b	f114r.40	f114r	CONFIRMED_PROSE	P	3	10	DEFINITE_SPACE	DEFINITE_SPACE	qoe@152;aiin	qoe aiin	2	4,5	4,5		qoe aiin		MULTI_ASCII_FRAGMENT	MULTI_FRAGMENT_ALL_RETAINED
RF1b|f114r.40|G010	RF1b	f114r.40	f114r	CONFIRMED_PROSE	P	10	10	DEFINITE_SPACE	LINE_END	otch@152;y	otch y	2	12,13	12	13	otch	y	MULTI_ASCII_FRAGMENT	MULTI_FRAGMENT_MIXED_RETAINED_OMITTED
RF1b|f114r.43|G001	RF1b	f114r.43	f114r	CONFIRMED_PROSE	P	1	11	LINE_START	DEFINITE_SPACE	ychee@152;y	ychee y	2	1,2	1	2	ychee	y	MULTI_ASCII_FRAGMENT	MULTI_FRAGMENT_MIXED_RETAINED_OMITTED
RF1b|f114r.43|G007	RF1b	f114r.43	f114r	CONFIRMED_PROSE	P	7	11	DEFINITE_SPACE	DEFINITE_SPACE	te@152;y	te y	2	8,9	8	9	te	y	MULTI_ASCII_FRAGMENT	MULTI_FRAGMENT_MIXED_RETAINED_OMITTED
RF1b|f114r.44|G002	RF1b	f114r.44	f114r	CONFIRMED_PROSE	P	2	12	DEFINITE_SPACE	DEFINITE_SPACE	che@152;y	che y	2	2,3	2	3	che	y	MULTI_ASCII_FRAGMENT	MULTI_FRAGMENT_MIXED_RETAINED_OMITTED
RF1b|f114r.5|G001	RF1b	f114r.5	f114r	CONFIRMED_PROSE	P	1	12	LINE_START	DEFINITE_SPACE	l@221;iin	l iin	2	1,2	1,2		l iin		MULTI_ASCII_FRAGMENT	MULTI_FRAGMENT_ALL_RETAINED
RF1b|f114v.11|G004	RF1b	f114v.11	f114v	CONFIRMED_PROSE	P	4	10	DEFINITE_SPACE	DEFINITE_SPACE	qote@152;y	qote y	2	4,5	4	5	qote	y	MULTI_ASCII_FRAGMENT	MULTI_FRAGMENT_MIXED_RETAINED_OMITTED
RF1b|f114v.12|G001	RF1b	f114v.12	f114v	CONFIRMED_PROSE	P	1	12	LINE_START	DEFINITE_SPACE	oche@152;y	oche y	2	1,2	1	2	oche	y	MULTI_ASCII_FRAGMENT	MULTI_FRAGMENT_MIXED_RETAINED_OMITTED
RF1b|f114v.14|G003	RF1b	f114v.14	f114v	CONFIRMED_PROSE	P	3	9	DEFINITE_SPACE	DEFINITE_SPACE	ckh@221;r	ckh r	2	3,4	3,4		ckh r		MULTI_ASCII_FRAGMENT	MULTI_FRAGMENT_ALL_RETAINED
RF1b|f114v.15|G002	RF1b	f114v.15	f114v	CONFIRMED_PROSE	P	2	11	DEFINITE_SPACE	DEFINITE_SPACE	che@152;y	che y	2	2,3	2	3	che	y	MULTI_ASCII_FRAGMENT	MULTI_FRAGMENT_MIXED_RETAINED_OMITTED
RF1b|f114v.2|G002	RF1b	f114v.2	f114v	CONFIRMED_PROSE	P	2	11	DEFINITE_SPACE	DEFINITE_SPACE	qoteo@152;y	qoteo y	2	2,3	2	3	qoteo	y	MULTI_ASCII_FRAGMENT	MULTI_FRAGMENT_MIXED_RETAINED_OMITTED
RF1b|f114v.2|G009	RF1b	f114v.2	f114v	CONFIRMED_PROSE	P	9	11	DEFINITE_SPACE	DEFINITE_SPACE	she@152;y	she y	2	10,11	10	11	she	y	MULTI_ASCII_FRAGMENT	MULTI_FRAGMENT_MIXED_RETAINED_OMITTED
RF1b|f114v.21|G005	RF1b	f114v.21	f114v	CONFIRMED_PROSE	P	5	10	DEFINITE_SPACE	DEFINITE_SPACE	qoke@152;y	qoke y	2	5,6	5	6	qoke	y	MULTI_ASCII_FRAGMENT	MULTI_FRAGMENT_MIXED_RETAINED_OMITTED
RF1b|f114v.22|G006	RF1b	f114v.22	f114v	CONFIRMED_PROSE	P	6	8	DEFINITE_SPACE	DEFINITE_SPACE	olke@152;y	olke y	2	6,7	6	7	olke	y	MULTI_ASCII_FRAGMENT	MULTI_FRAGMENT_MIXED_RETAINED_OMITTED
RF1b|f114v.22|G008	RF1b	f114v.22	f114v	CONFIRMED_PROSE	P	8	8	DEFINITE_SPACE	LINE_END	yke@152;ckhy	yke ckhy	2	9,10	9,10		yke ckhy		MULTI_ASCII_FRAGMENT	MULTI_FRAGMENT_ALL_RETAINED
RF1b|f114v.23|G003	RF1b	f114v.23	f114v	CONFIRMED_PROSE	P	3	8	DEFINITE_SPACE	DEFINITE_SPACE	o@176;aiin	o aiin	2	3,4	3,4		o aiin		MULTI_ASCII_FRAGMENT	MULTI_FRAGMENT_ALL_RETAINED
RF1b|f114v.25|G003	RF1b	f114v.25	f114v	CONFIRMED_PROSE	P	3	6	DEFINITE_SPACE	DEFINITE_SPACE	otche@152;y	otche y	2	3,4	3	4	otche	y	MULTI_ASCII_FRAGMENT	MULTI_FRAGMENT_MIXED_RETAINED_OMITTED
RF1b|f114v.26|G006	RF1b	f114v.26	f114v	CONFIRMED_PROSE	P	6	9	DEFINITE_SPACE	DEFINITE_SPACE	qot@221;lcheo	qot lcheo	2	6,7	6,7		qot lcheo		MULTI_ASCII_FRAGMENT	MULTI_FRAGMENT_ALL_RETAINED
RF1b|f114v.29|G005	RF1b	f114v.29	f114v	CONFIRMED_PROSE	P	5	10	DEFINITE_SPACE	DEFINITE_SPACE	che@152;y	che y	2	5,6	5	6	che	y	MULTI_ASCII_FRAGMENT	MULTI_FRAGMENT_MIXED_RETAINED_OMITTED
RF1b|f114v.3|G003	RF1b	f114v.3	f114v	CONFIRMED_PROSE	P	3	12	DEFINITE_SPACE	DEFINITE_SPACE	o@152;ain	o ain	2	3,4	3,4		o ain		MULTI_ASCII_FRAGMENT	MULTI_FRAGMENT_ALL_RETAINED
RF1b|f114v.3|G011	RF1b	f114v.3	f114v	CONFIRMED_PROSE	P	11	12	DEFINITE_SPACE	DEFINITE_SPACE	lch@152;aiin	lch aiin	2	12,13	12,13		lch aiin		MULTI_ASCII_FRAGMENT	MULTI_FRAGMENT_ALL_RETAINED
RF1b|f114v.33|G009	RF1b	f114v.33	f114v	CONFIRMED_PROSE	P	9	10	DEFINITE_SPACE	DEFINITE_SPACE	qo@176;eeo	qo eeo	2	9,10	9,10		qo eeo		MULTI_ASCII_FRAGMENT	MULTI_FRAGMENT_ALL_RETAINED
RF1b|f114v.34|G006	RF1b	f114v.34	f114v	CONFIRMED_PROSE	P	6	10	DEFINITE_SPACE	DEFINITE_SPACE	qote@152;al	qote al	2	6,7	6,7		qote al		MULTI_ASCII_FRAGMENT	MULTI_FRAGMENT_ALL_RETAINED
RF1b|f114v.37|G003	RF1b	f114v.37	f114v	CONFIRMED_PROSE	P	3	10	DEFINITE_SPACE	DEFINITE_SPACE	cheo@152;aiiin	cheo aiiin	2	3,4	3,4		cheo aiiin		MULTI_ASCII_FRAGMENT	MULTI_FRAGMENT_ALL_RETAINED
RF1b|f114v.4|G001	RF1b	f114v.4	f114v	CONFIRMED_PROSE	P	1	10	LINE_START	DEFINITE_SPACE	qoke@152;y	qoke y	2	1,2	1	2	qoke	y	MULTI_ASCII_FRAGMENT	MULTI_FRAGMENT_MIXED_RETAINED_OMITTED
RF1b|f114v.4|G009	RF1b	f114v.4	f114v	CONFIRMED_PROSE	P	9	10	DEFINITE_SPACE	DEFINITE_SPACE	che@152;aiin	che aiin	2	10,11	10,11		che aiin		MULTI_ASCII_FRAGMENT	MULTI_FRAGMENT_ALL_RETAINED
RF1b|f114v.40|G010	RF1b	f114v.40	f114v	CONFIRMED_PROSE	P	10	11	DEFINITE_SPACE	DEFINITE_SPACE	teee@152;y	teee y	2	10,11	10	11	teee	y	MULTI_ASCII_FRAGMENT	MULTI_FRAGMENT_MIXED_RETAINED_OMITTED
RF1b|f114v.7|G003	RF1b	f114v.7	f114v	CONFIRMED_PROSE	P	3	11	DEFINITE_SPACE	DEFINITE_SPACE	chee@152;ar	chee ar	2	3,4	3,4		chee ar		MULTI_ASCII_FRAGMENT	MULTI_FRAGMENT_ALL_RETAINED
RF1b|f114v.7|G007	RF1b	f114v.7	f114v	CONFIRMED_PROSE	P	7	11	DEFINITE_SPACE	DEFINITE_SPACE	che@152;ky	che ky	2	8,9	8	9	che	ky	MULTI_ASCII_FRAGMENT	MULTI_FRAGMENT_MIXED_RETAINED_OMITTED
RF1b|f114v.7|G008	RF1b	f114v.7	f114v	CONFIRMED_PROSE	P	8	11	DEFINITE_SPACE	DEFINITE_SPACE	che@152;aiin	che aiin	2	10,11	10,11		che aiin		MULTI_ASCII_FRAGMENT	MULTI_FRAGMENT_ALL_RETAINED
RF1b|f114v.8|G005	RF1b	f114v.8	f114v	CONFIRMED_PROSE	P	5	9	DEFINITE_SPACE	DEFINITE_SPACE	qoke@152;y	qoke y	2	5,6	5	6	qoke	y	MULTI_ASCII_FRAGMENT	MULTI_FRAGMENT_MIXED_RETAINED_OMITTED
RF1b|f115r.1|G001	RF1b	f115r.1	f115r	CONFIRMED_PROSE	P	1	10	LINE_START	DEFINITE_SPACE	<@H=2>f{c'hh}@152;ar	f ar	2	1,2	2	1	ar	f	MULTI_ASCII_FRAGMENT	MULTI_FRAGMENT_MIXED_RETAINED_OMITTED
RF1b|f115r.1|G004	RF1b	f115r.1	f115r	CONFIRMED_PROSE	P	4	10	DEFINITE_SPACE	DEFINITE_SPACE	ote@152;y	ote y	2	5,6	5	6	ote	y	MULTI_ASCII_FRAGMENT	MULTI_FRAGMENT_MIXED_RETAINED_OMITTED
RF1b|f115r.1|G006	RF1b	f115r.1	f115r	CONFIRMED_PROSE	P	6	10	DEFINITE_SPACE	DEFINITE_SPACE	teee@152;y	teee y	2	8,9	8	9	teee	y	MULTI_ASCII_FRAGMENT	MULTI_FRAGMENT_MIXED_RETAINED_OMITTED
RF1b|f115r.1|G008	RF1b	f115r.1	f115r	CONFIRMED_PROSE	P	8	10	DEFINITE_SPACE	DEFINITE_SPACE	oeche@152;y	oeche y	2	11,12	11	12	oeche	y	MULTI_ASCII_FRAGMENT	MULTI_FRAGMENT_MIXED_RETAINED_OMITTED
RF1b|f115r.1|G009	RF1b	f115r.1	f115r	CONFIRMED_PROSE	P	9	10	DEFINITE_SPACE	DEFINITE_SPACE	otee@152;y	otee y	2	13,14	13	14	otee	y	MULTI_ASCII_FRAGMENT	MULTI_FRAGMENT_MIXED_RETAINED_OMITTED
RF1b|f115r.11|G006	RF1b	f115r.11	f115r	CONFIRMED_PROSE	P	6	12	DEFINITE_SPACE	DEFINITE_SPACE	qokchee@152;y	qokchee y	2	6,7	6	7	qokchee	y	MULTI_ASCII_FRAGMENT	MULTI_FRAGMENT_MIXED_RETAINED_OMITTED
RF1b|f115r.12|G004	RF1b	f115r.12	f115r	CONFIRMED_PROSE	P	4	8	DEFINITE_SPACE	DEFINITE_SPACE	qo@152;aiin	qo aiin	2	4,5	4,5		qo aiin		MULTI_ASCII_FRAGMENT	MULTI_FRAGMENT_ALL_RETAINED
RF1b|f115r.16|G004	RF1b	f115r.16	f115r	CONFIRMED_PROSE	P	4	11	DEFINITE_SPACE	DEFINITE_SPACE	olte@152;y	olte y	2	4,5	4	5	olte	y	MULTI_ASCII_FRAGMENT	MULTI_FRAGMENT_MIXED_RETAINED_OMITTED
RF1b|f115r.2|G010	RF1b	f115r.2	f115r	CONFIRMED_PROSE	P	10	11	DEFINITE_SPACE	DEFINITE_SPACE	kcheo@152;y	kcheo y	2	10,11	10	11	kcheo	y	MULTI_ASCII_FRAGMENT	MULTI_FRAGMENT_MIXED_RETAINED_OMITTED
RF1b|f115r.22|G006	RF1b	f115r.22	f115r	CONFIRMED_PROSE	P	6	12	DEFINITE_SPACE	DEFINITE_SPACE	o@176;chdar	o chdar	2	6,7	6,7		o chdar		MULTI_ASCII_FRAGMENT	MULTI_FRAGMENT_ALL_RETAINED
RF1b|f115r.22|G008	RF1b	f115r.22	f115r	CONFIRMED_PROSE	P	8	12	DEFINITE_SPACE	DEFINITE_SPACE	chee@152;y	chee y	2	9,10	9	10	chee	y	MULTI_ASCII_FRAGMENT	MULTI_FRAGMENT_MIXED_RETAINED_OMITTED
RF1b|f115r.23|G011	RF1b	f115r.23	f115r	CONFIRMED_PROSE	P	11	13	DEFINITE_SPACE	DEFINITE_SPACE	che@152;y	che y	2	11,12	11	12	che	y	MULTI_ASCII_FRAGMENT	MULTI_FRAGMENT_MIXED_RETAINED_OMITTED
RF1b|f115r.26|G007	RF1b	f115r.26	f115r	CONFIRMED_PROSE	P	7	12	DEFINITE_SPACE	DEFINITE_SPACE	chotch@152;y	chotch y	2	7,8	7	8	chotch	y	MULTI_ASCII_FRAGMENT	MULTI_FRAGMENT_MIXED_RETAINED_OMITTED
RF1b|f115r.27|G008	RF1b	f115r.27	f115r	CONFIRMED_PROSE	P	8	13	UNCERTAIN_SMALL_SPACE	DEFINITE_SPACE	she@152;y	she y	2	8,9	8	9	she	y	MULTI_ASCII_FRAGMENT	MULTI_FRAGMENT_MIXED_RETAINED_OMITTED
RF1b|f115r.28|G005	RF1b	f115r.28	f115r	CONFIRMED_PROSE	P	5	7	DEFINITE_SPACE	DEFINITE_SPACE	cheo@152;y	cheo y	2	5,6	5	6	cheo	y	MULTI_ASCII_FRAGMENT	MULTI_FRAGMENT_MIXED_RETAINED_OMITTED
RF1b|f115r.3|G002	RF1b	f115r.3	f115r	CONFIRMED_PROSE	P	2	10	DEFINITE_SPACE	DEFINITE_SPACE	che@221;l	che l	2	2,3	2,3		che l		MULTI_ASCII_FRAGMENT	MULTI_FRAGMENT_ALL_RETAINED
RF1b|f115r.3|G006	RF1b	f115r.3	f115r	CONFIRMED_PROSE	P	6	10	DEFINITE_SPACE	DEFINITE_SPACE	che@152;y	che y	2	7,8	7	8	che	y	MULTI_ASCII_FRAGMENT	MULTI_FRAGMENT_MIXED_RETAINED_OMITTED
RF1b|f115r.33|G008	RF1b	f115r.33	f115r	CONFIRMED_PROSE	P	8	10	DEFINITE_SPACE	DEFINITE_SPACE	lkee@152;y	lkee y	2	8,9	8	9	lkee	y	MULTI_ASCII_FRAGMENT	MULTI_FRAGMENT_MIXED_RETAINED_OMITTED
RF1b|f115r.36|G008	RF1b	f115r.36	f115r	CONFIRMED_PROSE	P	8	8	DEFINITE_SPACE	LINE_END	oran@221;l	oran l	2	8,9	8,9		oran l		MULTI_ASCII_FRAGMENT	MULTI_FRAGMENT_ALL_RETAINED
RF1b|f115r.38|G011	RF1b	f115r.38	f115r	CONFIRMED_PROSE	P	11	12	DEFINITE_SPACE	DEFINITE_SPACE	she@152;y	she y	2	11,12	11	12	she	y	MULTI_ASCII_FRAGMENT	MULTI_FRAGMENT_MIXED_RETAINED_OMITTED
RF1b|f115r.39|G005	RF1b	f115r.39	f115r	CONFIRMED_PROSE	P	5	5	DEFINITE_SPACE	LINE_END	qok@221;r	qok r	2	5,6	5,6		qok r		MULTI_ASCII_FRAGMENT	MULTI_FRAGMENT_ALL_RETAINED
RF1b|f115r.4|G003	RF1b	f115r.4	f115r	CONFIRMED_PROSE	P	3	11	DEFINITE_SPACE	DEFINITE_SPACE	olkeech@152;y	olkeech y	2	3,4	3	4	olkeech	y	MULTI_ASCII_FRAGMENT	MULTI_FRAGMENT_MIXED_RETAINED_OMITTED
RF1b|f115r.4|G007	RF1b	f115r.4	f115r	CONFIRMED_PROSE	P	7	11	DEFINITE_SPACE	DEFINITE_SPACE	orche@152;ar	orche ar	2	8,9	8,9		orche ar		MULTI_ASCII_FRAGMENT	MULTI_FRAGMENT_ALL_RETAINED
RF1b|f115r.42|G005	RF1b	f115r.42	f115r	CONFIRMED_PROSE	P	5	10	DEFINITE_SPACE	DEFINITE_SPACE	lch@152;y	lch y	2	5,6	5	6	lch	y	MULTI_ASCII_FRAGMENT	MULTI_FRAGMENT_MIXED_RETAINED_OMITTED
RF1b|f115r.5|G010	RF1b	f115r.5	f115r	CONFIRMED_PROSE	P	10	11	DEFINITE_SPACE	DEFINITE_SPACE	qotche@152;y	qotche y	2	10,11	10	11	qotche	y	MULTI_ASCII_FRAGMENT	MULTI_FRAGMENT_MIXED_RETAINED_OMITTED
RF1b|f115r.6|G002	RF1b	f115r.6	f115r	CONFIRMED_PROSE	P	2	12	DEFINITE_SPACE	DEFINITE_SPACE	ckh@152;y	ckh y	2	2,3	2	3	ckh	y	MULTI_ASCII_FRAGMENT	MULTI_FRAGMENT_MIXED_RETAINED_OMITTED
RF1b|f115r.6|G008	RF1b	f115r.6	f115r	CONFIRMED_PROSE	P	8	12	DEFINITE_SPACE	DEFINITE_SPACE	che@152;ar	che ar	2	9,10	9,10		che ar		MULTI_ASCII_FRAGMENT	MULTI_FRAGMENT_ALL_RETAINED
RF1b|f115r.6|G009	RF1b	f115r.6	f115r	CONFIRMED_PROSE	P	9	12	DEFINITE_SPACE	DEFINITE_SPACE	cho@152;y	cho y	2	11,12	11	12	cho	y	MULTI_ASCII_FRAGMENT	MULTI_FRAGMENT_MIXED_RETAINED_OMITTED
RF1b|f115v.12|G002	RF1b	f115v.12	f115v	CONFIRMED_PROSE	P	2	4	DEFINITE_SPACE	DEFINITE_SPACE	lche@152;y	lche y	2	2,3	2	3	lche	y	MULTI_ASCII_FRAGMENT	MULTI_FRAGMENT_MIXED_RETAINED_OMITTED
RF1b|f115v.16|G012	RF1b	f115v.16	f115v	CONFIRMED_PROSE	P	12	13	DEFINITE_SPACE	DEFINITE_SPACE	rokee@152;y	rokee y	2	12,13	12	13	rokee	y	MULTI_ASCII_FRAGMENT	MULTI_FRAGMENT_MIXED_RETAINED_OMITTED
RF1b|f115v.18|G007	RF1b	f115v.18	f115v	CONFIRMED_PROSE	P	7	8	DEFINITE_SPACE	DEFINITE_SPACE	qotolche@152;y	qotolche y	2	7,8	7	8	qotolche	y	MULTI_ASCII_FRAGMENT	MULTI_FRAGMENT_MIXED_RETAINED_OMITTED
RF1b|f115v.2|G004	RF1b	f115v.2	f115v	CONFIRMED_PROSE	P	4	10	DEFINITE_SPACE	DEFINITE_SPACE	qo@176;ar	qo ar	2	4,5	4,5		qo ar		MULTI_ASCII_FRAGMENT	MULTI_FRAGMENT_ALL_RETAINED
RF1b|f115v.22|G003	RF1b	f115v.22	f115v	CONFIRMED_PROSE	P	3	9	DEFINITE_SPACE	DEFINITE_SPACE	qokee@152;y	qokee y	2	3,4	3	4	qokee	y	MULTI_ASCII_FRAGMENT	MULTI_FRAGMENT_MIXED_RETAINED_OMITTED
RF1b|f115v.22|G005	RF1b	f115v.22	f115v	CONFIRMED_PROSE	P	5	9	DEFINITE_SPACE	DEFINITE_SPACE	ote@152;ain	ote ain	2	6,7	6,7		ote ain		MULTI_ASCII_FRAGMENT	MULTI_FRAGMENT_ALL_RETAINED
RF1b|f115v.23|G004	RF1b	f115v.23	f115v	CONFIRMED_PROSE	P	4	6	DEFINITE_SPACE	DEFINITE_SPACE	ote@152;y	ote y	2	4,5	4	5	ote	y	MULTI_ASCII_FRAGMENT	MULTI_FRAGMENT_MIXED_RETAINED_OMITTED
RF1b|f115v.24|G004	RF1b	f115v.24	f115v	CONFIRMED_PROSE	P	4	9	DEFINITE_SPACE	DEFINITE_SPACE	s@221;in	s in	2	4,5	4,5		s in		MULTI_ASCII_FRAGMENT	MULTI_FRAGMENT_ALL_RETAINED
RF1b|f115v.25|G009	RF1b	f115v.25	f115v	CONFIRMED_PROSE	P	9	10	DEFINITE_SPACE	DEFINITE_SPACE	qokee@152;y	qokee y	2	9,10	9	10	qokee	y	MULTI_ASCII_FRAGMENT	MULTI_FRAGMENT_MIXED_RETAINED_OMITTED
RF1b|f115v.26|G006	RF1b	f115v.26	f115v	CONFIRMED_PROSE	P	6	11	DEFINITE_SPACE	DEFINITE_SPACE	choke@152;y	choke y	2	6,7	6	7	choke	y	MULTI_ASCII_FRAGMENT	MULTI_FRAGMENT_MIXED_RETAINED_OMITTED
RF1b|f115v.26|G009	RF1b	f115v.26	f115v	CONFIRMED_PROSE	P	9	11	DEFINITE_SPACE	DEFINITE_SPACE	qolkee@152;y	qolkee y	2	10,11	10	11	qolkee	y	MULTI_ASCII_FRAGMENT	MULTI_FRAGMENT_MIXED_RETAINED_OMITTED
RF1b|f115v.3|G002	RF1b	f115v.3	f115v	CONFIRMED_PROSE	P	2	9	DEFINITE_SPACE	DEFINITE_SPACE	qotche@152;y	qotche y	2	2,3	2	3	qotche	y	MULTI_ASCII_FRAGMENT	MULTI_FRAGMENT_MIXED_RETAINED_OMITTED
RF1b|f115v.3|G003	RF1b	f115v.3	f115v	CONFIRMED_PROSE	P	3	9	DEFINITE_SPACE	DEFINITE_SPACE	qokshe@152;y	qokshe y	2	4,5	4	5	qokshe	y	MULTI_ASCII_FRAGMENT	MULTI_FRAGMENT_MIXED_RETAINED_OMITTED
RF1b|f115v.3|G007	RF1b	f115v.3	f115v	CONFIRMED_PROSE	P	7	9	DEFINITE_SPACE	DEFINITE_SPACE	lke@152;ain	lke ain	2	9,10	9,10		lke ain		MULTI_ASCII_FRAGMENT	MULTI_FRAGMENT_ALL_RETAINED
RF1b|f115v.3|G009	RF1b	f115v.3	f115v	CONFIRMED_PROSE	P	9	9	DEFINITE_SPACE	LINE_END	okche@152;am	okche am	2	12,13	12,13		okche am		MULTI_ASCII_FRAGMENT	MULTI_FRAGMENT_ALL_RETAINED
RF1b|f115v.31|G001	RF1b	f115v.31	f115v	CONFIRMED_PROSE	P	1	10	LINE_START	DEFINITE_SPACE	pch@152;air	pch air	2	1,2	1,2		pch air		MULTI_ASCII_FRAGMENT	MULTI_FRAGMENT_ALL_RETAINED
RF1b|f115v.32|G006	RF1b	f115v.32	f115v	CONFIRMED_PROSE	P	6	9	DEFINITE_SPACE	DEFINITE_SPACE	chd@152;y	chd y	2	6,7	6	7	chd	y	MULTI_ASCII_FRAGMENT	MULTI_FRAGMENT_MIXED_RETAINED_OMITTED
RF1b|f115v.34|G008	RF1b	f115v.34	f115v	CONFIRMED_PROSE	P	8	10	DEFINITE_SPACE	DEFINITE_SPACE	she@152;y	she y	2	8,9	8	9	she	y	MULTI_ASCII_FRAGMENT	MULTI_FRAGMENT_MIXED_RETAINED_OMITTED
RF1b|f115v.37|G006	RF1b	f115v.37	f115v	CONFIRMED_PROSE	P	6	8	DEFINITE_SPACE	DEFINITE_SPACE	ltch@152;y	ltch y	2	6,7	6	7	ltch	y	MULTI_ASCII_FRAGMENT	MULTI_FRAGMENT_MIXED_RETAINED_OMITTED
RF1b|f115v.39|G004	RF1b	f115v.39	f115v	CONFIRMED_PROSE	P	4	9	DEFINITE_SPACE	DEFINITE_SPACE	qoke@152;y	qoke y	2	4,5	4	5	qoke	y	MULTI_ASCII_FRAGMENT	MULTI_FRAGMENT_MIXED_RETAINED_OMITTED
RF1b|f115v.4|G002	RF1b	f115v.4	f115v	CONFIRMED_PROSE	P	2	10	DEFINITE_SPACE	DEFINITE_SPACE	lkche@152;y	lkche y	2	2,3	2	3	lkche	y	MULTI_ASCII_FRAGMENT	MULTI_FRAGMENT_MIXED_RETAINED_OMITTED
RF1b|f115v.4|G007	RF1b	f115v.4	f115v	CONFIRMED_PROSE	P	7	10	DEFINITE_SPACE	DEFINITE_SPACE	ytche@152;y	ytche y	2	8,9	8	9	ytche	y	MULTI_ASCII_FRAGMENT	MULTI_FRAGMENT_MIXED_RETAINED_OMITTED
RF1b|f115v.42|G007	RF1b	f115v.42	f115v	CONFIRMED_PROSE	P	7	11	DEFINITE_SPACE	DEFINITE_SPACE	lkch@152;y	lkch y	2	7,8	7	8	lkch	y	MULTI_ASCII_FRAGMENT	MULTI_FRAGMENT_MIXED_RETAINED_OMITTED
RF1b|f115v.43|G003	RF1b	f115v.43	f115v	CONFIRMED_PROSE	P	3	9	DEFINITE_SPACE	DEFINITE_SPACE	qotch@152;al	qotch al	2	3,4	3,4		qotch al		MULTI_ASCII_FRAGMENT	MULTI_FRAGMENT_ALL_RETAINED
RF1b|f115v.45|G003	RF1b	f115v.45	f115v	CONFIRMED_PROSE	P	3	6	DEFINITE_SPACE	DEFINITE_SPACE	cho@152;y	cho y	2	3,4	3	4	cho	y	MULTI_ASCII_FRAGMENT	MULTI_FRAGMENT_MIXED_RETAINED_OMITTED
RF1b|f115v.7|G005	RF1b	f115v.7	f115v	CONFIRMED_PROSE	P	5	10	DEFINITE_SPACE	DEFINITE_SPACE	she@152;y	she y	2	5,6	5	6	she	y	MULTI_ASCII_FRAGMENT	MULTI_FRAGMENT_MIXED_RETAINED_OMITTED
RF1b|f115v.7|G009	RF1b	f115v.7	f115v	CONFIRMED_PROSE	P	9	10	DEFINITE_SPACE	DEFINITE_SPACE	olkche@152;y	olkche y	2	10,11	10	11	olkche	y	MULTI_ASCII_FRAGMENT	MULTI_FRAGMENT_MIXED_RETAINED_OMITTED
RF1b|f116r.10|G004	RF1b	f116r.10	f116r	CONFIRMED_PROSE	P	4	13	DEFINITE_SPACE	DEFINITE_SPACE	d@221;r	d r	2	4,5	4,5		d r		MULTI_ASCII_FRAGMENT	MULTI_FRAGMENT_ALL_RETAINED
RF1b|f116r.11|G007	RF1b	f116r.11	f116r	CONFIRMED_PROSE	P	7	11	DEFINITE_SPACE	DEFINITE_SPACE	oke@152;y	oke y	2	7,8	7	8	oke	y	MULTI_ASCII_FRAGMENT	MULTI_FRAGMENT_MIXED_RETAINED_OMITTED
RF1b|f116r.11|G009	RF1b	f116r.11	f116r	CONFIRMED_PROSE	P	9	11	DEFINITE_SPACE	DEFINITE_SPACE	olche@152;y	olche y	2	10,11	10	11	olche	y	MULTI_ASCII_FRAGMENT	MULTI_FRAGMENT_MIXED_RETAINED_OMITTED
RF1b|f116r.13|G008	RF1b	f116r.13	f116r	CONFIRMED_PROSE	P	8	11	DEFINITE_SPACE	DEFINITE_SPACE	qotee@152;y	qotee y	2	8,9	8	9	qotee	y	MULTI_ASCII_FRAGMENT	MULTI_FRAGMENT_MIXED_RETAINED_OMITTED
RF1b|f116r.15|G002	RF1b	f116r.15	f116r	CONFIRMED_PROSE	P	2	12	DEFINITE_SPACE	DEFINITE_SPACE	ote@152;al	ote al	2	2,3	2,3		ote al		MULTI_ASCII_FRAGMENT	MULTI_FRAGMENT_ALL_RETAINED
RF1b|f116r.16|G002	RF1b	f116r.16	f116r	CONFIRMED_PROSE	P	2	12	DEFINITE_SPACE	DEFINITE_SPACE	che@152;y	che y	2	2,3	2	3	che	y	MULTI_ASCII_FRAGMENT	MULTI_FRAGMENT_MIXED_RETAINED_OMITTED
RF1b|f116r.16|G003	RF1b	f116r.16	f116r	CONFIRMED_PROSE	P	3	12	DEFINITE_SPACE	DEFINITE_SPACE	{ch'}ee@152;y	ee y	2	4,5	4	5	ee	y	MULTI_ASCII_FRAGMENT	MULTI_FRAGMENT_MIXED_RETAINED_OMITTED
RF1b|f116r.18|G009	RF1b	f116r.18	f116r	CONFIRMED_PROSE	P	9	13	DEFINITE_SPACE	DEFINITE_SPACE	ot@221;in	ot in	2	9,10	9,10		ot in		MULTI_ASCII_FRAGMENT	MULTI_FRAGMENT_ALL_RETAINED
RF1b|f116r.19|G007	RF1b	f116r.19	f116r	CONFIRMED_PROSE	P	7	12	DEFINITE_SPACE	DEFINITE_SPACE	ar@221;dy	ar dy	2	7,8	7	8	ar	dy	MULTI_ASCII_FRAGMENT	MULTI_FRAGMENT_MIXED_RETAINED_OMITTED
RF1b|f116r.22|G002	RF1b	f116r.22	f116r	CONFIRMED_PROSE	P	2	12	DEFINITE_SPACE	DEFINITE_SPACE	she@152;y	she y	2	2,3	2	3	she	y	MULTI_ASCII_FRAGMENT	MULTI_FRAGMENT_MIXED_RETAINED_OMITTED
RF1b|f116r.23|G006	RF1b	f116r.23	f116r	CONFIRMED_PROSE	P	6	13	DEFINITE_SPACE	DEFINITE_SPACE	she@152;y	she y	2	6,7	6	7	she	y	MULTI_ASCII_FRAGMENT	MULTI_FRAGMENT_MIXED_RETAINED_OMITTED
RF1b|f116r.24|G001	RF1b	f116r.24	f116r	CONFIRMED_PROSE	P	1	11	LINE_START	DEFINITE_SPACE	qoke@152;y	qoke y	2	1,2	1	2	qoke	y	MULTI_ASCII_FRAGMENT	MULTI_FRAGMENT_MIXED_RETAINED_OMITTED
RF1b|f116r.26|G007	RF1b	f116r.26	f116r	CONFIRMED_PROSE	P	7	10	DEFINITE_SPACE	DEFINITE_SPACE	chee@152;y	chee y	2	7,8	7	8	chee	y	MULTI_ASCII_FRAGMENT	MULTI_FRAGMENT_MIXED_RETAINED_OMITTED
RF1b|f116r.35|G007	RF1b	f116r.35	f116r	CONFIRMED_PROSE	P	7	10	DEFINITE_SPACE	DEFINITE_SPACE	r@221;iin	r iin	2	7,8	7,8		r iin		MULTI_ASCII_FRAGMENT	MULTI_FRAGMENT_ALL_RETAINED
RF1b|f116r.4|G005	RF1b	f116r.4	f116r	CONFIRMED_PROSE	P	5	13	DEFINITE_SPACE	DEFINITE_SPACE	l@221;iin	l iin	2	5,6	5,6		l iin		MULTI_ASCII_FRAGMENT	MULTI_FRAGMENT_ALL_RETAINED
RF1b|f116r.4|G008	RF1b	f116r.4	f116r	CONFIRMED_PROSE	P	8	13	DEFINITE_SPACE	DEFINITE_SPACE	che@152;y	che y	2	9,10	9	10	che	y	MULTI_ASCII_FRAGMENT	MULTI_FRAGMENT_MIXED_RETAINED_OMITTED
RF1b|f116r.46|G011	RF1b	f116r.46	f116r	CONFIRMED_PROSE	P	11	11	DEFINITE_SPACE	LINE_END	oty@152;y	oty y	2	11,12	11	12	oty	y	MULTI_ASCII_FRAGMENT	MULTI_FRAGMENT_MIXED_RETAINED_OMITTED
RF1b|f116r.49|G001	RF1b	f116r.49	f116r	CONFIRMED_PROSE	P	1	12	LINE_START	DEFINITE_SPACE	s@221;s@221;r	s s r	3	1,2,3	1,2,3		s s r		MULTI_ASCII_FRAGMENT	MULTI_FRAGMENT_ALL_RETAINED
RF1b|f116r.5|G007	RF1b	f116r.5	f116r	CONFIRMED_PROSE	P	7	13	DEFINITE_SPACE	DEFINITE_SPACE	otee@152;y	otee y	2	7,8	7	8	otee	y	MULTI_ASCII_FRAGMENT	MULTI_FRAGMENT_MIXED_RETAINED_OMITTED
RF1b|f116r.50|G001	RF1b	f116r.50	f116r	CONFIRMED_PROSE	P	1	7	LINE_START	DEFINITE_SPACE	s@221;dal	s dal	2	1,2	1,2		s dal		MULTI_ASCII_FRAGMENT	MULTI_FRAGMENT_ALL_RETAINED
RF1b|f116r.6|G001	RF1b	f116r.6	f116r	CONFIRMED_PROSE	P	1	9	LINE_START	DEFINITE_SPACE	s@221;in	s in	2	1,2	1,2		s in		MULTI_ASCII_FRAGMENT	MULTI_FRAGMENT_ALL_RETAINED
RF1b|f116r.9|G005	RF1b	f116r.9	f116r	CONFIRMED_PROSE	P	5	5	DEFINITE_SPACE	LINE_END	okee@222;lkaiin	okee lkaiin	2	5,6	5,6		okee lkaiin		MULTI_ASCII_FRAGMENT	MULTI_FRAGMENT_ALL_RETAINED
RF1b|f11r.1|G004	RF1b	f11r.1	f11r	CONFIRMED_PROSE	P	4	8	DEFINITE_SPACE	DEFINITE_SPACE	shf@222;daiin	shf daiin	2	4,5	4,5		shf daiin		MULTI_ASCII_FRAGMENT	MULTI_FRAGMENT_ALL_RETAINED
RF1b|f13v.9|G006	RF1b	f13v.9	f13v	CONFIRMED_PROSE	P	6	8	DEFINITE_SPACE	DRAWING_INTERRUPTION	chot@221;l	chot l	2	6,7	6,7		chot l		MULTI_ASCII_FRAGMENT	MULTI_FRAGMENT_ALL_RETAINED
RF1b|f14r.4|G001	RF1b	f14r.4	f14r	CONFIRMED_PROSE	P	1	5	LINE_START	DEFINITE_SPACE	ochkch@221;r	ochkch r	2	1,2	1,2		ochkch r		MULTI_ASCII_FRAGMENT	MULTI_FRAGMENT_ALL_RETAINED
RF1b|f15v.1|G005	RF1b	f15v.1	f15v	CONFIRMED_PROSE	P	5	5	DEFINITE_SPACE	LINE_END	opchor@152;y	opchor y	2	5,6	5	6	opchor	y	MULTI_ASCII_FRAGMENT	MULTI_FRAGMENT_MIXED_RETAINED_OMITTED
RF1b|f16v.1|G001	RF1b	f16v.1	f16v	CONFIRMED_PROSE	P	1	5	LINE_START	DEFINITE_SPACE	pchr@221;iin	pchr iin	2	1,2	1,2		pchr iin		MULTI_ASCII_FRAGMENT	MULTI_FRAGMENT_ALL_RETAINED
RF1b|f16v.6|G002	RF1b	f16v.6	f16v	CONFIRMED_PROSE	P	2	6	DEFINITE_SPACE	DEFINITE_SPACE	chk@221;r	chk r	2	2,3	2,3		chk r		MULTI_ASCII_FRAGMENT	MULTI_FRAGMENT_ALL_RETAINED
RF1b|f16v.6|G004	RF1b	f16v.6	f16v	CONFIRMED_PROSE	P	4	6	DEFINITE_SPACE	DEFINITE_SPACE	chk@221;r	chk r	2	5,6	5,6		chk r		MULTI_ASCII_FRAGMENT	MULTI_FRAGMENT_ALL_RETAINED
RF1b|f17r.10|G005	RF1b	f17r.10	f17r	CONFIRMED_PROSE	P	5	6	DEFINITE_SPACE	DEFINITE_SPACE	@221;		0						ZERO_ASCII_FRAGMENT	SOURCE_GROUP_ABSENT_FROM_LEGACY_ASCII
RF1b|f17r.2|G002	RF1b	f17r.2	f17r	CONFIRMED_PROSE	P	2	9	DEFINITE_SPACE	DEFINITE_SPACE	ch@221;ky	ch ky	2	2,3	2	3	ch	ky	MULTI_ASCII_FRAGMENT	MULTI_FRAGMENT_MIXED_RETAINED_OMITTED
RF1b|f17r.7|G005	RF1b	f17r.7	f17r	CONFIRMED_PROSE	P	5	6	DRAWING_INTERRUPTION	DRAWING_INTERRUPTION	@152;{c'a}		0						ZERO_ASCII_FRAGMENT	SOURCE_GROUP_ABSENT_FROM_LEGACY_ASCII
RF1b|f17v.17|G006	RF1b	f17v.17	f17v	CONFIRMED_PROSE	P	6	6	DEFINITE_SPACE	LINE_END	cth@221;r	cth r	2	6,7	6,7		cth r		MULTI_ASCII_FRAGMENT	MULTI_FRAGMENT_ALL_RETAINED
RF1b|f17v.3|G002	RF1b	f17v.3	f17v	CONFIRMED_PROSE	P	2	6	DEFINITE_SPACE	DEFINITE_SPACE	o@152;aiin	o aiin	2	2,3	2,3		o aiin		MULTI_ASCII_FRAGMENT	MULTI_FRAGMENT_ALL_RETAINED
RF1b|f18r.1|G008	RF1b	f18r.1	f18r	CONFIRMED_PROSE	P	8	9	DRAWING_INTERRUPTION	DEFINITE_SPACE	ockh@221;r	ockh r	2	8,9	8,9		ockh r		MULTI_ASCII_FRAGMENT	MULTI_FRAGMENT_ALL_RETAINED
RF1b|f18r.8|G003	RF1b	f18r.8	f18r	CONFIRMED_PROSE	P	3	6	DEFINITE_SPACE	DEFINITE_SPACE	ol@221;dy	ol dy	2	3,4	3	4	ol	dy	MULTI_ASCII_FRAGMENT	MULTI_FRAGMENT_MIXED_RETAINED_OMITTED
RF1b|f18v.4|G005	RF1b	f18v.4	f18v	CONFIRMED_PROSE	P	5	6	DEFINITE_SPACE	DEFINITE_SPACE	y@152;l	y l	2	5,6	6	5	l	y	MULTI_ASCII_FRAGMENT	MULTI_FRAGMENT_MIXED_RETAINED_OMITTED
RF1b|f19r.5|G005	RF1b	f19r.5	f19r	CONFIRMED_PROSE	P	5	5	DEFINITE_SPACE	LINE_END	@243;		0						ZERO_ASCII_FRAGMENT	SOURCE_GROUP_ABSENT_FROM_LEGACY_ASCII
RF1b|f19v.10|G005	RF1b	f19v.10	f19v	CONFIRMED_PROSE	P	5	6	DEFINITE_SPACE	DEFINITE_SPACE	@222;		0						ZERO_ASCII_FRAGMENT	SOURCE_GROUP_ABSENT_FROM_LEGACY_ASCII
RF1b|f19v.11|G002	RF1b	f19v.11	f19v	CONFIRMED_PROSE	P	2	6	DEFINITE_SPACE	DEFINITE_SPACE	d@221;r	d r	2	2,3	2,3		d r		MULTI_ASCII_FRAGMENT	MULTI_FRAGMENT_ALL_RETAINED
RF1b|f1r.13|G008	RF1b	f1r.13	f1r	CONFIRMED_PROSE	P	8	9	DEFINITE_SPACE	DEFINITE_SPACE	ol@152;ain	ol ain	2	8,9	8,9		ol ain		MULTI_ASCII_FRAGMENT	MULTI_FRAGMENT_ALL_RETAINED
RF1b|f1r.13|G009	RF1b	f1r.13	f1r	CONFIRMED_PROSE	P	9	9	DEFINITE_SPACE	LINE_END	@152;		0						ZERO_ASCII_FRAGMENT	SOURCE_GROUP_ABSENT_FROM_LEGACY_ASCII
RF1b|f1r.25|G008	RF1b	f1r.25	f1r	CONFIRMED_PROSE	P	8	9	DEFINITE_SPACE	DEFINITE_SPACE	k@221;@152;chy	k chy	2	8,9	8,9		k chy		MULTI_ASCII_FRAGMENT	MULTI_FRAGMENT_ALL_RETAINED
RF1b|f1r.7|G002	RF1b	f1r.7	f1r	CONFIRMED_PROSE	P	2	9	DEFINITE_SPACE	DEFINITE_SPACE	{c'y}		0						ZERO_ASCII_FRAGMENT	SOURCE_GROUP_ABSENT_FROM_LEGACY_ASCII
RF1b|f20r.1|G007	RF1b	f20r.1	f20r	CONFIRMED_PROSE	P	7	7	DEFINITE_SPACE	LINE_END	ch@221;iin	ch iin	2	7,8	7,8		ch iin		MULTI_ASCII_FRAGMENT	MULTI_FRAGMENT_ALL_RETAINED
RF1b|f20r.2|G007	RF1b	f20r.2	f20r	CONFIRMED_PROSE	P	7	7	DEFINITE_SPACE	LINE_END	cho@152;chy	cho chy	2	7,8	7,8		cho chy		MULTI_ASCII_FRAGMENT	MULTI_FRAGMENT_ALL_RETAINED
RF1b|f20r.5|G007	RF1b	f20r.5	f20r	CONFIRMED_PROSE	P	7	7	DEFINITE_SPACE	LINE_END	@243;		0						ZERO_ASCII_FRAGMENT	SOURCE_GROUP_ABSENT_FROM_LEGACY_ASCII
RF1b|f20v.6|G007	RF1b	f20v.6	f20v	CONFIRMED_PROSE	P	7	8	DEFINITE_SPACE	UNCERTAIN_SMALL_SPACE	ch@221;r	ch r	2	7,8	7,8		ch r		MULTI_ASCII_FRAGMENT	MULTI_FRAGMENT_ALL_RETAINED
RF1b|f21r.6|G009	RF1b	f21r.6	f21r	CONFIRMED_PROSE	P	9	9	DEFINITE_SPACE	LINE_END	d@221;dy	d dy	2	9,10	9	10	d	dy	MULTI_ASCII_FRAGMENT	MULTI_FRAGMENT_MIXED_RETAINED_OMITTED
RF1b|f21r.7|G004	RF1b	f21r.7	f21r	CONFIRMED_PROSE	P	4	6	DEFINITE_SPACE	DEFINITE_SPACE	chokea@152;y	chokea y	2	4,5	4	5	chokea	y	MULTI_ASCII_FRAGMENT	MULTI_FRAGMENT_MIXED_RETAINED_OMITTED
RF1b|f22r.13|G002	RF1b	f22r.13	f22r	CONFIRMED_PROSE	P	2	4	DEFINITE_SPACE	DEFINITE_SPACE	d@222;dain	d dain	2	2,3	2,3		d dain		MULTI_ASCII_FRAGMENT	MULTI_FRAGMENT_ALL_RETAINED
RF1b|f22r.7|G004	RF1b	f22r.7	f22r	CONFIRMED_PROSE	P	4	9	DEFINITE_SPACE	DEFINITE_SPACE	{c'@162;@136;}		0						ZERO_ASCII_FRAGMENT	SOURCE_GROUP_ABSENT_FROM_LEGACY_ASCII
RF1b|f22r.8|G008	RF1b	f22r.8	f22r	CONFIRMED_PROSE	P	8	9	DRAWING_INTERRUPTION	DEFINITE_SPACE	do@203;iin	do iin	2	8,9	8,9		do iin		MULTI_ASCII_FRAGMENT	MULTI_FRAGMENT_ALL_RETAINED
RF1b|f23r.1|G006	RF1b	f23r.1	f23r	CONFIRMED_PROSE	P	6	10	DEFINITE_SPACE	DEFINITE_SPACE	opy@221;iin	opy iin	2	6,7	6,7		opy iin		MULTI_ASCII_FRAGMENT	MULTI_FRAGMENT_ALL_RETAINED
RF1b|f23r.5|G003	RF1b	f23r.5	f23r	CONFIRMED_PROSE	P	3	11	DEFINITE_SPACE	DEFINITE_SPACE	yt@221;m	yt m	2	3,4	3	4	yt	m	MULTI_ASCII_FRAGMENT	MULTI_FRAGMENT_MIXED_RETAINED_OMITTED
RF1b|f23r.9|G004	RF1b	f23r.9	f23r	CONFIRMED_PROSE	P	4	11	DRAWING_INTERRUPTION	DEFINITE_SPACE	d@221;l	d l	2	4,5	4,5		d l		MULTI_ASCII_FRAGMENT	MULTI_FRAGMENT_ALL_RETAINED
RF1b|f23r.9|G005	RF1b	f23r.9	f23r	CONFIRMED_PROSE	P	5	11	DEFINITE_SPACE	UNCERTAIN_SMALL_SPACE	@152;		0						ZERO_ASCII_FRAGMENT	SOURCE_GROUP_ABSENT_FROM_LEGACY_ASCII
RF1b|f23v.3|G007	RF1b	f23v.3	f23v	CONFIRMED_PROSE	P	7	9	DEFINITE_SPACE	DRAWING_INTERRUPTION	okee@221;r	okee r	2	7,8	7,8		okee r		MULTI_ASCII_FRAGMENT	MULTI_FRAGMENT_ALL_RETAINED
RF1b|f23v.4|G003	RF1b	f23v.4	f23v	CONFIRMED_PROSE	P	3	6	DEFINITE_SPACE	DEFINITE_SPACE	sh@221;lol	sh lol	2	3,4	3,4		sh lol		MULTI_ASCII_FRAGMENT	MULTI_FRAGMENT_ALL_RETAINED
RF1b|f24r.10|G001	RF1b	f24r.10	f24r	CONFIRMED_PROSE	P	1	7	LINE_START	DEFINITE_SPACE	q@145;@221;r	q r	2	1,2	1,2		q r		MULTI_ASCII_FRAGMENT	MULTI_FRAGMENT_ALL_RETAINED
RF1b|f24r.11|G004	RF1b	f24r.11	f24r	CONFIRMED_PROSE	P	4	5	DEFINITE_SPACE	DEFINITE_SPACE	che@221;r	che r	2	4,5	4,5		che r		MULTI_ASCII_FRAGMENT	MULTI_FRAGMENT_ALL_RETAINED
RF1b|f24r.2|G004	RF1b	f24r.2	f24r	CONFIRMED_PROSE	P	4	5	DEFINITE_SPACE	DEFINITE_SPACE	okai{ikh}@221;l	okai l	2	4,5	4,5		okai l		MULTI_ASCII_FRAGMENT	MULTI_FRAGMENT_ALL_RETAINED
RF1b|f24r.7|G001	RF1b	f24r.7	f24r	CONFIRMED_PROSE	P	1	6	LINE_START	DEFINITE_SPACE	q@145;kar	q kar	2	1,2	1,2		q kar		MULTI_ASCII_FRAGMENT	MULTI_FRAGMENT_ALL_RETAINED
RF1b|f24v.1|G008	RF1b	f24v.1	f24v	CONFIRMED_PROSE	P	8	8	DEFINITE_SPACE	LINE_END	okok@221;m	okok m	2	8,9	8	9	okok	m	MULTI_ASCII_FRAGMENT	MULTI_FRAGMENT_MIXED_RETAINED_OMITTED
RF1b|f24v.5|G001	RF1b	f24v.5	f24v	CONFIRMED_PROSE	P	1	4	LINE_START	DEFINITE_SPACE	oe@221;r	oe r	2	1,2	1,2		oe r		MULTI_ASCII_FRAGMENT	MULTI_FRAGMENT_ALL_RETAINED
RF1b|f24v.5|G002	RF1b	f24v.5	f24v	CONFIRMED_PROSE	P	2	4	DEFINITE_SPACE	DEFINITE_SPACE	or@221;iin	or iin	2	3,4	3,4		or iin		MULTI_ASCII_FRAGMENT	MULTI_FRAGMENT_ALL_RETAINED
RF1b|f25v.3|G001	RF1b	f25v.3	f25v	CONFIRMED_PROSE	P	1	7	LINE_START	DEFINITE_SPACE	o@243;cho	o cho	2	1,2	1,2		o cho		MULTI_ASCII_FRAGMENT	MULTI_FRAGMENT_ALL_RETAINED
RF1b|f25v.6|G002	RF1b	f25v.6	f25v	CONFIRMED_PROSE	P	2	10	DEFINITE_SPACE	DEFINITE_SPACE	@243;		0						ZERO_ASCII_FRAGMENT	SOURCE_GROUP_ABSENT_FROM_LEGACY_ASCII
RF1b|f25v.6|G007	RF1b	f25v.6	f25v	CONFIRMED_PROSE	P	7	10	DEFINITE_SPACE	DEFINITE_SPACE	@147;		0						ZERO_ASCII_FRAGMENT	SOURCE_GROUP_ABSENT_FROM_LEGACY_ASCII
RF1b|f26r.2|G005	RF1b	f26r.2	f26r	CONFIRMED_PROSE	P	5	9	DEFINITE_SPACE	DEFINITE_SPACE	che@152;y	che y	2	5,6	5	6	che	y	MULTI_ASCII_FRAGMENT	MULTI_FRAGMENT_MIXED_RETAINED_OMITTED
RF1b|f26r.2|G008	RF1b	f26r.2	f26r	CONFIRMED_PROSE	P	8	9	DRAWING_INTERRUPTION	DEFINITE_SPACE	checthe@152;y	checthe y	2	9,10	9	10	checthe	y	MULTI_ASCII_FRAGMENT	MULTI_FRAGMENT_MIXED_RETAINED_OMITTED
RF1b|f26r.3|G005	RF1b	f26r.3	f26r	CONFIRMED_PROSE	P	5	11	DRAWING_INTERRUPTION	DEFINITE_SPACE	ykee@152;y	ykee y	2	5,6	5	6	ykee	y	MULTI_ASCII_FRAGMENT	MULTI_FRAGMENT_MIXED_RETAINED_OMITTED
RF1b|f26r.4|G005	RF1b	f26r.4	f26r	CONFIRMED_PROSE	P	5	10	DRAWING_INTERRUPTION	DEFINITE_SPACE	yte@152;y	yte y	2	5,6	5	6	yte	y	MULTI_ASCII_FRAGMENT	MULTI_FRAGMENT_MIXED_RETAINED_OMITTED
RF1b|f26r.4|G006	RF1b	f26r.4	f26r	CONFIRMED_PROSE	P	6	10	DEFINITE_SPACE	DRAWING_INTERRUPTION	cheke@152;y	cheke y	2	7,8	7	8	cheke	y	MULTI_ASCII_FRAGMENT	MULTI_FRAGMENT_MIXED_RETAINED_OMITTED
RF1b|f26r.5|G003	RF1b	f26r.5	f26r	CONFIRMED_PROSE	P	3	10	DEFINITE_SPACE	DEFINITE_SPACE	ch@152;y	ch y	2	3,4	3	4	ch	y	MULTI_ASCII_FRAGMENT	MULTI_FRAGMENT_MIXED_RETAINED_OMITTED
RF1b|f26r.5|G009	RF1b	f26r.5	f26r	CONFIRMED_PROSE	P	9	10	DEFINITE_SPACE	DEFINITE_SPACE	qoke@152;y	qoke y	2	10,11	10	11	qoke	y	MULTI_ASCII_FRAGMENT	MULTI_FRAGMENT_MIXED_RETAINED_OMITTED
RF1b|f26r.6|G001	RF1b	f26r.6	f26r	CONFIRMED_PROSE	P	1	2	LINE_START	DEFINITE_SPACE	@206;che@152;y	che y	2	1,2	1	2	che	y	MULTI_ASCII_FRAGMENT	MULTI_FRAGMENT_MIXED_RETAINED_OMITTED
RF1b|f26r.6|G002	RF1b	f26r.6	f26r	CONFIRMED_PROSE	P	2	2	DEFINITE_SPACE	LINE_END	qoke@152;y	qoke y	2	3,4	3	4	qoke	y	MULTI_ASCII_FRAGMENT	MULTI_FRAGMENT_MIXED_RETAINED_OMITTED
RF1b|f26r.8|G002	RF1b	f26r.8	f26r	CONFIRMED_PROSE	P	2	10	DEFINITE_SPACE	DEFINITE_SPACE	she@152;y	she y	2	2,3	2	3	she	y	MULTI_ASCII_FRAGMENT	MULTI_FRAGMENT_MIXED_RETAINED_OMITTED
RF1b|f26r.8|G004	RF1b	f26r.8	f26r	CONFIRMED_PROSE	P	4	10	DEFINITE_SPACE	DEFINITE_SPACE	qotee@152;ar	qotee ar	2	5,6	5,6		qotee ar		MULTI_ASCII_FRAGMENT	MULTI_FRAGMENT_ALL_RETAINED
RF1b|f26r.8|G008	RF1b	f26r.8	f26r	CONFIRMED_PROSE	P	8	10	DRAWING_INTERRUPTION	DEFINITE_SPACE	yte@152;y	yte y	2	10,11	10	11	yte	y	MULTI_ASCII_FRAGMENT	MULTI_FRAGMENT_MIXED_RETAINED_OMITTED
RF1b|f26r.8|G009	RF1b	f26r.8	f26r	CONFIRMED_PROSE	P	9	10	DEFINITE_SPACE	DEFINITE_SPACE	qokee@152;y	qokee y	2	12,13	12	13	qokee	y	MULTI_ASCII_FRAGMENT	MULTI_FRAGMENT_MIXED_RETAINED_OMITTED
RF1b|f26r.8|G010	RF1b	f26r.8	f26r	CONFIRMED_PROSE	P	10	10	DEFINITE_SPACE	LINE_END	qoke@152;y	qoke y	2	14,15	14	15	qoke	y	MULTI_ASCII_FRAGMENT	MULTI_FRAGMENT_MIXED_RETAINED_OMITTED
RF1b|f26v.1|G010	RF1b	f26v.1	f26v	CONFIRMED_PROSE	P	10	10	DEFINITE_SPACE	LINE_END	sh@152;y	sh y	2	10,11	10	11	sh	y	MULTI_ASCII_FRAGMENT	MULTI_FRAGMENT_MIXED_RETAINED_OMITTED
RF1b|f26v.3|G006	RF1b	f26v.3	f26v	CONFIRMED_PROSE	P	6	12	DEFINITE_SPACE	DEFINITE_SPACE	ote@152;y	ote y	2	6,7	6	7	ote	y	MULTI_ASCII_FRAGMENT	MULTI_FRAGMENT_MIXED_RETAINED_OMITTED
RF1b|f26v.4|G002	RF1b	f26v.4	f26v	CONFIRMED_PROSE	P	2	10	DEFINITE_SPACE	DEFINITE_SPACE	qoke@152;y	qoke y	2	2,3	2	3	qoke	y	MULTI_ASCII_FRAGMENT	MULTI_FRAGMENT_MIXED_RETAINED_OMITTED
RF1b|f26v.4|G004	RF1b	f26v.4	f26v	CONFIRMED_PROSE	P	4	10	DEFINITE_SPACE	DEFINITE_SPACE	sal@152;y	sal y	2	5,6	5	6	sal	y	MULTI_ASCII_FRAGMENT	MULTI_FRAGMENT_MIXED_RETAINED_OMITTED
RF1b|f26v.6|G003	RF1b	f26v.6	f26v	CONFIRMED_PROSE	P	3	12	DEFINITE_SPACE	DEFINITE_SPACE	she@152;y	she y	2	3,4	3	4	she	y	MULTI_ASCII_FRAGMENT	MULTI_FRAGMENT_MIXED_RETAINED_OMITTED
RF1b|f26v.6|G012	RF1b	f26v.6	f26v	CONFIRMED_PROSE	P	12	12	DEFINITE_SPACE	LINE_END	ytee@152;y	ytee y	2	13,14	13	14	ytee	y	MULTI_ASCII_FRAGMENT	MULTI_FRAGMENT_MIXED_RETAINED_OMITTED
RF1b|f27r.6|G006	RF1b	f27r.6	f27r	CONFIRMED_PROSE	P	6	6	DEFINITE_SPACE	LINE_END	kchal@152;y	kchal y	2	6,7	6	7	kchal	y	MULTI_ASCII_FRAGMENT	MULTI_FRAGMENT_MIXED_RETAINED_OMITTED
RF1b|f27v.1|G009	RF1b	f27v.1	f27v	CONFIRMED_PROSE	P	9	9	DEFINITE_SPACE	LINE_END	kcho@243;chor	kcho chor	2	9,10	9,10		kcho chor		MULTI_ASCII_FRAGMENT	MULTI_FRAGMENT_ALL_RETAINED
RF1b|f28v.1|G004	RF1b	f28v.1	f28v	CONFIRMED_PROSE	P	4	8	DEFINITE_SPACE	DEFINITE_SPACE	psh@221;iiin	psh iiin	2	4,5	4,5		psh iiin		MULTI_ASCII_FRAGMENT	MULTI_FRAGMENT_ALL_RETAINED
RF1b|f29r.9|G005	RF1b	f29r.9	f29r	CONFIRMED_PROSE	P	5	6	DEFINITE_SPACE	DEFINITE_SPACE	che@221;d	che d	2	5,6	5,6		che d		MULTI_ASCII_FRAGMENT	MULTI_FRAGMENT_ALL_RETAINED
RF1b|f29v.3|G005	RF1b	f29v.3	f29v	CONFIRMED_PROSE	P	5	11	DEFINITE_SPACE	DEFINITE_SPACE	o@152;aiin	o aiin	2	5,6	5,6		o aiin		MULTI_ASCII_FRAGMENT	MULTI_FRAGMENT_ALL_RETAINED
RF1b|f29v.9|G008	RF1b	f29v.9	f29v	CONFIRMED_PROSE	P	8	8	DRAWING_INTERRUPTION	LINE_END	o@221;iin	o iin	2	8,9	8,9		o iin		MULTI_ASCII_FRAGMENT	MULTI_FRAGMENT_ALL_RETAINED
RF1b|f2r.2|G006	RF1b	f2r.2	f2r	CONFIRMED_PROSE	P	6	6	DEFINITE_SPACE	LINE_END	{cto}		0						ZERO_ASCII_FRAGMENT	SOURCE_GROUP_ABSENT_FROM_LEGACY_ASCII
RF1b|f2v.2|G001	RF1b	f2v.2	f2v	CONFIRMED_PROSE	P	1	8	LINE_START	DEFINITE_SPACE	kch@221;kchy	kch kchy	2	1,2	1,2		kch kchy		MULTI_ASCII_FRAGMENT	MULTI_FRAGMENT_ALL_RETAINED
RF1b|f30r.13|G003	RF1b	f30r.13	f30r	CONFIRMED_PROSE	P	3	4	DEFINITE_SPACE	DEFINITE_SPACE	che@221;r	che r	2	3,4	3,4		che r		MULTI_ASCII_FRAGMENT	MULTI_FRAGMENT_ALL_RETAINED
RF1b|f30r.2|G009	RF1b	f30r.2	f30r	CONFIRMED_PROSE	P	9	10	DEFINITE_SPACE	DEFINITE_SPACE	kee@221;dol	kee dol	2	9,10	9,10		kee dol		MULTI_ASCII_FRAGMENT	MULTI_FRAGMENT_ALL_RETAINED
RF1b|f30v.11|G004	RF1b	f30v.11	f30v	CONFIRMED_PROSE	P	4	4	DEFINITE_SPACE	LINE_END	kch@221;dy	kch dy	2	4,5	4	5	kch	dy	MULTI_ASCII_FRAGMENT	MULTI_FRAGMENT_MIXED_RETAINED_OMITTED
RF1b|f30v.2|G010	RF1b	f30v.2	f30v	CONFIRMED_PROSE	P	10	10	DEFINITE_SPACE	LINE_END	cthol@152;y	cthol y	2	10,11	10	11	cthol	y	MULTI_ASCII_FRAGMENT	MULTI_FRAGMENT_MIXED_RETAINED_OMITTED
RF1b|f30v.8|G001	RF1b	f30v.8	f30v	CONFIRMED_PROSE	P	1	4	LINE_START	DEFINITE_SPACE	o@222;shy	o shy	2	1,2	1,2		o shy		MULTI_ASCII_FRAGMENT	MULTI_FRAGMENT_ALL_RETAINED
RF1b|f31r.10|G003	RF1b	f31r.10	f31r	CONFIRMED_PROSE	P	3	8	DEFINITE_SPACE	DEFINITE_SPACE	oke@152;y	oke y	2	3,4	3	4	oke	y	MULTI_ASCII_FRAGMENT	MULTI_FRAGMENT_MIXED_RETAINED_OMITTED
RF1b|f31r.10|G008	RF1b	f31r.10	f31r	CONFIRMED_PROSE	P	8	8	DEFINITE_SPACE	LINE_END	she@152;shey	she shey	2	9,10	9,10		she shey		MULTI_ASCII_FRAGMENT	MULTI_FRAGMENT_ALL_RETAINED
RF1b|f31r.14|G001	RF1b	f31r.14	f31r	CONFIRMED_PROSE	P	1	5	LINE_START	DEFINITE_SPACE	s@221;iis	s iis	2	1,2	1,2		s iis		MULTI_ASCII_FRAGMENT	MULTI_FRAGMENT_ALL_RETAINED
RF1b|f31r.6|G005	RF1b	f31r.6	f31r	CONFIRMED_PROSE	P	5	7	DEFINITE_SPACE	DEFINITE_SPACE	ched@221;r	ched r	2	5,6	5,6		ched r		MULTI_ASCII_FRAGMENT	MULTI_FRAGMENT_ALL_RETAINED
RF1b|f31r.7|G001	RF1b	f31r.7	f31r	CONFIRMED_PROSE	P	1	9	LINE_START	DEFINITE_SPACE	ykee@152;ar	ykee ar	2	1,2	1,2		ykee ar		MULTI_ASCII_FRAGMENT	MULTI_FRAGMENT_ALL_RETAINED
RF1b|f31r.8|G001	RF1b	f31r.8	f31r	CONFIRMED_PROSE	P	1	7	LINE_START	DEFINITE_SPACE	she@152;y	she y	2	1,2	1	2	she	y	MULTI_ASCII_FRAGMENT	MULTI_FRAGMENT_MIXED_RETAINED_OMITTED
RF1b|f31v.11|G008	RF1b	f31v.11	f31v	CONFIRMED_PROSE	P	8	8	DEFINITE_SPACE	LINE_END	che@221;m	che m	2	8,9	8	9	che	m	MULTI_ASCII_FRAGMENT	MULTI_FRAGMENT_MIXED_RETAINED_OMITTED
RF1b|f31v.2|G009	RF1b	f31v.2	f31v	CONFIRMED_PROSE	P	9	10	DEFINITE_SPACE	DEFINITE_SPACE	cheo@152;y	cheo y	2	9,10	9	10	cheo	y	MULTI_ASCII_FRAGMENT	MULTI_FRAGMENT_MIXED_RETAINED_OMITTED
RF1b|f31v.3|G003	RF1b	f31v.3	f31v	CONFIRMED_PROSE	P	3	11	DEFINITE_SPACE	DEFINITE_SPACE	she@152;ol	she ol	2	3,4	3,4		she ol		MULTI_ASCII_FRAGMENT	MULTI_FRAGMENT_ALL_RETAINED
RF1b|f31v.3|G011	RF1b	f31v.3	f31v	CONFIRMED_PROSE	P	11	11	DEFINITE_SPACE	LINE_END	lke@152;y	lke y	2	12,13	12	13	lke	y	MULTI_ASCII_FRAGMENT	MULTI_FRAGMENT_MIXED_RETAINED_OMITTED
RF1b|f31v.4|G003	RF1b	f31v.4	f31v	CONFIRMED_PROSE	P	3	10	DEFINITE_SPACE	DEFINITE_SPACE	qoke@152;y	qoke y	2	3,4	3	4	qoke	y	MULTI_ASCII_FRAGMENT	MULTI_FRAGMENT_MIXED_RETAINED_OMITTED
RF1b|f31v.4|G005	RF1b	f31v.4	f31v	CONFIRMED_PROSE	P	5	10	DEFINITE_SPACE	DEFINITE_SPACE	che@152;ar	che ar	2	6,7	6,7		che ar		MULTI_ASCII_FRAGMENT	MULTI_FRAGMENT_ALL_RETAINED
RF1b|f31v.4|G009	RF1b	f31v.4	f31v	CONFIRMED_PROSE	P	9	10	DEFINITE_SPACE	DEFINITE_SPACE	okee@152;y	okee y	2	11,12	11	12	okee	y	MULTI_ASCII_FRAGMENT	MULTI_FRAGMENT_MIXED_RETAINED_OMITTED
RF1b|f31v.7|G001	RF1b	f31v.7	f31v	CONFIRMED_PROSE	P	1	10	LINE_START	DEFINITE_SPACE	olkee@152;am	olkee am	2	1,2	1,2		olkee am		MULTI_ASCII_FRAGMENT	MULTI_FRAGMENT_ALL_RETAINED
RF1b|f32v.1|G004	RF1b	f32v.1	f32v	CONFIRMED_PROSE	P	4	6	DEFINITE_SPACE	DRAWING_INTERRUPTION	daiio@221;m	daiio m	2	4,5	4	5	daiio	m	MULTI_ASCII_FRAGMENT	MULTI_FRAGMENT_MIXED_RETAINED_OMITTED
RF1b|f32v.1|G006	RF1b	f32v.1	f32v	CONFIRMED_PROSE	P	6	6	DEFINITE_SPACE	LINE_END	chofcho@152;y	chofcho y	2	7,8	7	8	chofcho	y	MULTI_ASCII_FRAGMENT	MULTI_FRAGMENT_MIXED_RETAINED_OMITTED
RF1b|f32v.8|G007	RF1b	f32v.8	f32v	CONFIRMED_PROSE	P	7	8	DEFINITE_SPACE	DRAWING_INTERRUPTION	@152;		0						ZERO_ASCII_FRAGMENT	SOURCE_GROUP_ABSENT_FROM_LEGACY_ASCII
RF1b|f33r.1|G002	RF1b	f33r.1	f33r	CONFIRMED_PROSE	P	2	9	DEFINITE_SPACE	DEFINITE_SPACE	sh@152;or	sh or	2	2,3	2,3		sh or		MULTI_ASCII_FRAGMENT	MULTI_FRAGMENT_ALL_RETAINED
RF1b|f33r.1|G004	RF1b	f33r.1	f33r	CONFIRMED_PROSE	P	4	9	DEFINITE_SPACE	DEFINITE_SPACE	cpho@152;y	cpho y	2	5,6	5	6	cpho	y	MULTI_ASCII_FRAGMENT	MULTI_FRAGMENT_MIXED_RETAINED_OMITTED
RF1b|f33r.1|G007	RF1b	f33r.1	f33r	CONFIRMED_PROSE	P	7	9	DEFINITE_SPACE	DEFINITE_SPACE	otche@152;y	otche y	2	9,10	9	10	otche	y	MULTI_ASCII_FRAGMENT	MULTI_FRAGMENT_MIXED_RETAINED_OMITTED
RF1b|f33r.1|G008	RF1b	f33r.1	f33r	CONFIRMED_PROSE	P	8	9	DEFINITE_SPACE	DEFINITE_SPACE	lfch@152;y	lfch y	2	11,12	11	12	lfch	y	MULTI_ASCII_FRAGMENT	MULTI_FRAGMENT_MIXED_RETAINED_OMITTED
RF1b|f33r.2|G007	RF1b	f33r.2	f33r	CONFIRMED_PROSE	P	7	10	DEFINITE_SPACE	DEFINITE_SPACE	ol@152;ar	ol ar	2	7,8	7,8		ol ar		MULTI_ASCII_FRAGMENT	MULTI_FRAGMENT_ALL_RETAINED
RF1b|f33r.2|G010	RF1b	f33r.2	f33r	CONFIRMED_PROSE	P	10	10	DEFINITE_SPACE	LINE_END	otar@152;ag	otar ag	2	11,12	11,12		otar ag		MULTI_ASCII_FRAGMENT	MULTI_FRAGMENT_ALL_RETAINED
RF1b|f33r.3|G007	RF1b	f33r.3	f33r	CONFIRMED_PROSE	P	7	11	DEFINITE_SPACE	DEFINITE_SPACE	chech@152;aiin	chech aiin	2	7,8	7,8		chech aiin		MULTI_ASCII_FRAGMENT	MULTI_FRAGMENT_ALL_RETAINED
RF1b|f33r.5|G010	RF1b	f33r.5	f33r	CONFIRMED_PROSE	P	10	13	DEFINITE_SPACE	DEFINITE_SPACE	ch@152;al	ch al	2	10,11	10,11		ch al		MULTI_ASCII_FRAGMENT	MULTI_FRAGMENT_ALL_RETAINED
RF1b|f33r.6|G003	RF1b	f33r.6	f33r	CONFIRMED_PROSE	P	3	8	DEFINITE_SPACE	DEFINITE_SPACE	kche@152;ydy	kche ydy	2	3,4	3	4	kche	ydy	MULTI_ASCII_FRAGMENT	MULTI_FRAGMENT_MIXED_RETAINED_OMITTED
RF1b|f33v.1|G008	RF1b	f33v.1	f33v	CONFIRMED_PROSE	P	8	8	DEFINITE_SPACE	LINE_END	{ch'}		0						ZERO_ASCII_FRAGMENT	SOURCE_GROUP_ABSENT_FROM_LEGACY_ASCII
RF1b|f33v.10|G007	RF1b	f33v.10	f33v	CONFIRMED_PROSE	P	7	8	DEFINITE_SPACE	DEFINITE_SPACE	okee@152;y	okee y	2	7,8	7	8	okee	y	MULTI_ASCII_FRAGMENT	MULTI_FRAGMENT_MIXED_RETAINED_OMITTED
RF1b|f33v.3|G003	RF1b	f33v.3	f33v	CONFIRMED_PROSE	P	3	10	DEFINITE_SPACE	DRAWING_INTERRUPTION	@152;@222;		0						ZERO_ASCII_FRAGMENT	SOURCE_GROUP_ABSENT_FROM_LEGACY_ASCII
RF1b|f33v.3|G005	RF1b	f33v.3	f33v	CONFIRMED_PROSE	P	5	10	DRAWING_INTERRUPTION	DEFINITE_SPACE	ckh@152;y	ckh y	2	4,5	4	5	ckh	y	MULTI_ASCII_FRAGMENT	MULTI_FRAGMENT_MIXED_RETAINED_OMITTED
RF1b|f33v.4|G007	RF1b	f33v.4	f33v	CONFIRMED_PROSE	P	7	10	DEFINITE_SPACE	DRAWING_INTERRUPTION	che@152;y	che y	2	7,8	7	8	che	y	MULTI_ASCII_FRAGMENT	MULTI_FRAGMENT_MIXED_RETAINED_OMITTED
RF1b|f33v.4|G008	RF1b	f33v.4	f33v	CONFIRMED_PROSE	P	8	10	DRAWING_INTERRUPTION	DEFINITE_SPACE	yke@152;y	yke y	2	9,10	9	10	yke	y	MULTI_ASCII_FRAGMENT	MULTI_FRAGMENT_MIXED_RETAINED_OMITTED
RF1b|f33v.4|G009	RF1b	f33v.4	f33v	CONFIRMED_PROSE	P	9	10	DEFINITE_SPACE	DEFINITE_SPACE	do@152;l	do l	2	11,12	11,12		do l		MULTI_ASCII_FRAGMENT	MULTI_FRAGMENT_ALL_RETAINED
RF1b|f33v.6|G006	RF1b	f33v.6	f33v	CONFIRMED_PROSE	P	6	9	DEFINITE_SPACE	DEFINITE_SPACE	ch@152;y	ch y	2	6,7	6	7	ch	y	MULTI_ASCII_FRAGMENT	MULTI_FRAGMENT_MIXED_RETAINED_OMITTED
RF1b|f33v.6|G007	RF1b	f33v.6	f33v	CONFIRMED_PROSE	P	7	9	DEFINITE_SPACE	DRAWING_INTERRUPTION	ol@152;y	ol y	2	8,9	8	9	ol	y	MULTI_ASCII_FRAGMENT	MULTI_FRAGMENT_MIXED_RETAINED_OMITTED
RF1b|f33v.6|G009	RF1b	f33v.6	f33v	CONFIRMED_PROSE	P	9	9	DEFINITE_SPACE	LINE_END	ch@152;y	ch y	2	11,12	11	12	ch	y	MULTI_ASCII_FRAGMENT	MULTI_FRAGMENT_MIXED_RETAINED_OMITTED
RF1b|f33v.7|G009	RF1b	f33v.7	f33v	CONFIRMED_PROSE	P	9	10	DRAWING_INTERRUPTION	DEFINITE_SPACE	ch@152;yshdy	ch yshdy	2	9,10	9,10		ch yshdy		MULTI_ASCII_FRAGMENT	MULTI_FRAGMENT_ALL_RETAINED
RF1b|f33v.8|G004	RF1b	f33v.8	f33v	CONFIRMED_PROSE	P	4	14	DEFINITE_SPACE	DEFINITE_SPACE	kee@152;y	kee y	2	4,5	4	5	kee	y	MULTI_ASCII_FRAGMENT	MULTI_FRAGMENT_MIXED_RETAINED_OMITTED
RF1b|f33v.8|G006	RF1b	f33v.8	f33v	CONFIRMED_PROSE	P	6	14	DEFINITE_SPACE	DEFINITE_SPACE	ok@221;r	ok r	2	7,8	7,8		ok r		MULTI_ASCII_FRAGMENT	MULTI_FRAGMENT_ALL_RETAINED
RF1b|f34r.1|G005	RF1b	f34r.1	f34r	CONFIRMED_PROSE	P	5	9	DEFINITE_SPACE	DEFINITE_SPACE	oke@152;o@152;y	oke o y	3	5,6,7	5,6	7	oke o	y	MULTI_ASCII_FRAGMENT	MULTI_FRAGMENT_MIXED_RETAINED_OMITTED
RF1b|f34r.11|G003	RF1b	f34r.11	f34r	CONFIRMED_PROSE	P	3	8	DEFINITE_SPACE	DRAWING_INTERRUPTION	kal@152;aiin	kal aiin	2	3,4	3,4		kal aiin		MULTI_ASCII_FRAGMENT	MULTI_FRAGMENT_ALL_RETAINED
RF1b|f34r.13|G006	RF1b	f34r.13	f34r	CONFIRMED_PROSE	P	6	11	DEFINITE_SPACE	DEFINITE_SPACE	kech@152;y	kech y	2	6,7	6	7	kech	y	MULTI_ASCII_FRAGMENT	MULTI_FRAGMENT_MIXED_RETAINED_OMITTED
RF1b|f34r.14|G008	RF1b	f34r.14	f34r	CONFIRMED_PROSE	P	8	13	DRAWING_INTERRUPTION	DEFINITE_SPACE	cho@152;y	cho y	2	8,9	8	9	cho	y	MULTI_ASCII_FRAGMENT	MULTI_FRAGMENT_MIXED_RETAINED_OMITTED
RF1b|f34r.15|G005	RF1b	f34r.15	f34r	CONFIRMED_PROSE	P	5	8	DRAWING_INTERRUPTION	DEFINITE_SPACE	cholche@152;y	cholche y	2	5,6	5	6	cholche	y	MULTI_ASCII_FRAGMENT	MULTI_FRAGMENT_MIXED_RETAINED_OMITTED
RF1b|f34r.2|G002	RF1b	f34r.2	f34r	CONFIRMED_PROSE	P	2	8	DEFINITE_SPACE	DEFINITE_SPACE	sheo@152;y	sheo y	2	2,3	2	3	sheo	y	MULTI_ASCII_FRAGMENT	MULTI_FRAGMENT_MIXED_RETAINED_OMITTED
RF1b|f34r.2|G005	RF1b	f34r.2	f34r	CONFIRMED_PROSE	P	5	8	DEFINITE_SPACE	DEFINITE_SPACE	ote@152;y	ote y	2	6,7	6	7	ote	y	MULTI_ASCII_FRAGMENT	MULTI_FRAGMENT_MIXED_RETAINED_OMITTED
RF1b|f34r.2|G006	RF1b	f34r.2	f34r	CONFIRMED_PROSE	P	6	8	DEFINITE_SPACE	DEFINITE_SPACE	ch@152;ain	ch ain	2	8,9	8,9		ch ain		MULTI_ASCII_FRAGMENT	MULTI_FRAGMENT_ALL_RETAINED
RF1b|f34r.3|G001	RF1b	f34r.3	f34r	CONFIRMED_PROSE	P	1	11	LINE_START	DEFINITE_SPACE	qote@152;y	qote y	2	1,2	1	2	qote	y	MULTI_ASCII_FRAGMENT	MULTI_FRAGMENT_MIXED_RETAINED_OMITTED
RF1b|f34r.3|G008	RF1b	f34r.3	f34r	CONFIRMED_PROSE	P	8	11	DEFINITE_SPACE	DEFINITE_SPACE	oke@152;y	oke y	2	9,10	9	10	oke	y	MULTI_ASCII_FRAGMENT	MULTI_FRAGMENT_MIXED_RETAINED_OMITTED
RF1b|f34r.4|G001	RF1b	f34r.4	f34r	CONFIRMED_PROSE	P	1	10	LINE_START	DEFINITE_SPACE	yte@152;y	yte y	2	1,2	1	2	yte	y	MULTI_ASCII_FRAGMENT	MULTI_FRAGMENT_MIXED_RETAINED_OMITTED
RF1b|f34r.4|G008	RF1b	f34r.4	f34r	CONFIRMED_PROSE	P	8	10	DEFINITE_SPACE	DEFINITE_SPACE	ote@152;y	ote y	2	9,10	9	10	ote	y	MULTI_ASCII_FRAGMENT	MULTI_FRAGMENT_MIXED_RETAINED_OMITTED
RF1b|f34r.5|G002	RF1b	f34r.5	f34r	CONFIRMED_PROSE	P	2	10	DEFINITE_SPACE	DEFINITE_SPACE	she@152;y	she y	2	2,3	2	3	she	y	MULTI_ASCII_FRAGMENT	MULTI_FRAGMENT_MIXED_RETAINED_OMITTED
RF1b|f34r.5|G003	RF1b	f34r.5	f34r	CONFIRMED_PROSE	P	3	10	DEFINITE_SPACE	DEFINITE_SPACE	she@152;y	she y	2	4,5	4	5	she	y	MULTI_ASCII_FRAGMENT	MULTI_FRAGMENT_MIXED_RETAINED_OMITTED
RF1b|f34r.7|G007	RF1b	f34r.7	f34r	CONFIRMED_PROSE	P	7	10	DEFINITE_SPACE	DEFINITE_SPACE	qokch@152;y	qokch y	2	7,8	7	8	qokch	y	MULTI_ASCII_FRAGMENT	MULTI_FRAGMENT_MIXED_RETAINED_OMITTED
RF1b|f34v.1|G006	RF1b	f34v.1	f34v	CONFIRMED_PROSE	P	6	10	DEFINITE_SPACE	DEFINITE_SPACE	shdy@152;y	shdy y	2	6,7	6	7	shdy	y	MULTI_ASCII_FRAGMENT	MULTI_FRAGMENT_MIXED_RETAINED_OMITTED
RF1b|f34v.1|G008	RF1b	f34v.1	f34v	CONFIRMED_PROSE	P	8	10	DEFINITE_SPACE	DEFINITE_SPACE	ypch@152;y	ypch y	2	9,10	9	10	ypch	y	MULTI_ASCII_FRAGMENT	MULTI_FRAGMENT_MIXED_RETAINED_OMITTED
RF1b|f34v.1|G009	RF1b	f34v.1	f34v	CONFIRMED_PROSE	P	9	10	DEFINITE_SPACE	DEFINITE_SPACE	chcth@152;y	chcth y	2	11,12	11	12	chcth	y	MULTI_ASCII_FRAGMENT	MULTI_FRAGMENT_MIXED_RETAINED_OMITTED
RF1b|f34v.10|G003	RF1b	f34v.10	f34v	CONFIRMED_PROSE	P	3	12	DEFINITE_SPACE	DEFINITE_SPACE	te@152;y	te y	2	3,4	3	4	te	y	MULTI_ASCII_FRAGMENT	MULTI_FRAGMENT_MIXED_RETAINED_OMITTED
RF1b|f34v.10|G005	RF1b	f34v.10	f34v	CONFIRMED_PROSE	P	5	12	DEFINITE_SPACE	DEFINITE_SPACE	okee@152;y	okee y	2	6,7	6	7	okee	y	MULTI_ASCII_FRAGMENT	MULTI_FRAGMENT_MIXED_RETAINED_OMITTED
RF1b|f34v.10|G007	RF1b	f34v.10	f34v	CONFIRMED_PROSE	P	7	12	DEFINITE_SPACE	DEFINITE_SPACE	ch@152;y	ch y	2	9,10	9	10	ch	y	MULTI_ASCII_FRAGMENT	MULTI_FRAGMENT_MIXED_RETAINED_OMITTED
RF1b|f34v.10|G011	RF1b	f34v.10	f34v	CONFIRMED_PROSE	P	11	12	DEFINITE_SPACE	DEFINITE_SPACE	@221;ke@152;y	ke y	2	14,15	14	15	ke	y	MULTI_ASCII_FRAGMENT	MULTI_FRAGMENT_MIXED_RETAINED_OMITTED
RF1b|f34v.11|G002	RF1b	f34v.11	f34v	CONFIRMED_PROSE	P	2	7	DEFINITE_SPACE	DEFINITE_SPACE	o@152;y	o y	2	2,3	2	3	o	y	MULTI_ASCII_FRAGMENT	MULTI_FRAGMENT_MIXED_RETAINED_OMITTED
RF1b|f34v.11|G007	RF1b	f34v.11	f34v	CONFIRMED_PROSE	P	7	7	DEFINITE_SPACE	LINE_END	she@152;y	she y	2	8,9	8	9	she	y	MULTI_ASCII_FRAGMENT	MULTI_FRAGMENT_MIXED_RETAINED_OMITTED
RF1b|f34v.2|G003	RF1b	f34v.2	f34v	CONFIRMED_PROSE	P	3	11	DEFINITE_SPACE	DEFINITE_SPACE	dyche@152;y	dyche y	2	3,4	3	4	dyche	y	MULTI_ASCII_FRAGMENT	MULTI_FRAGMENT_MIXED_RETAINED_OMITTED
RF1b|f34v.2|G005	RF1b	f34v.2	f34v	CONFIRMED_PROSE	P	5	11	DEFINITE_SPACE	DEFINITE_SPACE	chckh@152;y	chckh y	2	6,7	6	7	chckh	y	MULTI_ASCII_FRAGMENT	MULTI_FRAGMENT_MIXED_RETAINED_OMITTED
RF1b|f34v.2|G006	RF1b	f34v.2	f34v	CONFIRMED_PROSE	P	6	11	DEFINITE_SPACE	DEFINITE_SPACE	ch@152;aiin	ch aiin	2	8,9	8,9		ch aiin		MULTI_ASCII_FRAGMENT	MULTI_FRAGMENT_ALL_RETAINED
RF1b|f34v.2|G011	RF1b	f34v.2	f34v	CONFIRMED_PROSE	P	11	11	DEFINITE_SPACE	LINE_END	ol@152;am	ol am	2	14,15	14,15		ol am		MULTI_ASCII_FRAGMENT	MULTI_FRAGMENT_ALL_RETAINED
RF1b|f34v.3|G003	RF1b	f34v.3	f34v	CONFIRMED_PROSE	P	3	13	DEFINITE_SPACE	DEFINITE_SPACE	ch@152;al	ch al	2	3,4	3,4		ch al		MULTI_ASCII_FRAGMENT	MULTI_FRAGMENT_ALL_RETAINED
RF1b|f34v.3|G008	RF1b	f34v.3	f34v	CONFIRMED_PROSE	P	8	13	DEFINITE_SPACE	DEFINITE_SPACE	ke@152;aiiin	ke aiiin	2	9,10	9,10		ke aiiin		MULTI_ASCII_FRAGMENT	MULTI_FRAGMENT_ALL_RETAINED
RF1b|f34v.3|G010	RF1b	f34v.3	f34v	CONFIRMED_PROSE	P	10	13	DEFINITE_SPACE	DEFINITE_SPACE	o@176;ch@152;y	o ch y	3	12,13,14	12,13	14	o ch	y	MULTI_ASCII_FRAGMENT	MULTI_FRAGMENT_MIXED_RETAINED_OMITTED
RF1b|f34v.4|G001	RF1b	f34v.4	f34v	CONFIRMED_PROSE	P	1	10	LINE_START	DEFINITE_SPACE	tch@152;aiin	tch aiin	2	1,2	1,2		tch aiin		MULTI_ASCII_FRAGMENT	MULTI_FRAGMENT_ALL_RETAINED
RF1b|f34v.4|G003	RF1b	f34v.4	f34v	CONFIRMED_PROSE	P	3	10	DEFINITE_SPACE	DEFINITE_SPACE	she@152;y	she y	2	4,5	4	5	she	y	MULTI_ASCII_FRAGMENT	MULTI_FRAGMENT_MIXED_RETAINED_OMITTED
RF1b|f34v.4|G004	RF1b	f34v.4	f34v	CONFIRMED_PROSE	P	4	10	DEFINITE_SPACE	DEFINITE_SPACE	qoke@152;ar	qoke ar	2	6,7	6,7		qoke ar		MULTI_ASCII_FRAGMENT	MULTI_FRAGMENT_ALL_RETAINED
RF1b|f34v.4|G007	RF1b	f34v.4	f34v	CONFIRMED_PROSE	P	7	10	DEFINITE_SPACE	DEFINITE_SPACE	qol@152;ar	qol ar	2	10,11	10,11		qol ar		MULTI_ASCII_FRAGMENT	MULTI_FRAGMENT_ALL_RETAINED
RF1b|f34v.4|G008	RF1b	f34v.4	f34v	CONFIRMED_PROSE	P	8	10	DEFINITE_SPACE	DEFINITE_SPACE	che@152;y	che y	2	12,13	12	13	che	y	MULTI_ASCII_FRAGMENT	MULTI_FRAGMENT_MIXED_RETAINED_OMITTED
RF1b|f34v.5|G008	RF1b	f34v.5	f34v	CONFIRMED_PROSE	P	8	11	DEFINITE_SPACE	DEFINITE_SPACE	che@152;y	che y	2	8,9	8	9	che	y	MULTI_ASCII_FRAGMENT	MULTI_FRAGMENT_MIXED_RETAINED_OMITTED
RF1b|f34v.6|G010	RF1b	f34v.6	f34v	CONFIRMED_PROSE	P	10	10	DEFINITE_SPACE	LINE_END	che@152;ain	che ain	2	10,11	10,11		che ain		MULTI_ASCII_FRAGMENT	MULTI_FRAGMENT_ALL_RETAINED
RF1b|f34v.7|G002	RF1b	f34v.7	f34v	CONFIRMED_PROSE	P	2	12	DEFINITE_SPACE	DEFINITE_SPACE	che@152;y	che y	2	2,3	2	3	che	y	MULTI_ASCII_FRAGMENT	MULTI_FRAGMENT_MIXED_RETAINED_OMITTED
RF1b|f34v.7|G003	RF1b	f34v.7	f34v	CONFIRMED_PROSE	P	3	12	DEFINITE_SPACE	DEFINITE_SPACE	cheykee@152;y	cheykee y	2	4,5	4	5	cheykee	y	MULTI_ASCII_FRAGMENT	MULTI_FRAGMENT_MIXED_RETAINED_OMITTED
RF1b|f34v.7|G005	RF1b	f34v.7	f34v	CONFIRMED_PROSE	P	5	12	DEFINITE_SPACE	DEFINITE_SPACE	ke@152;y	ke y	2	7,8	7	8	ke	y	MULTI_ASCII_FRAGMENT	MULTI_FRAGMENT_MIXED_RETAINED_OMITTED
RF1b|f34v.7|G007	RF1b	f34v.7	f34v	CONFIRMED_PROSE	P	7	12	DEFINITE_SPACE	DEFINITE_SPACE	qoke@152;y	qoke y	2	10,11	10	11	qoke	y	MULTI_ASCII_FRAGMENT	MULTI_FRAGMENT_MIXED_RETAINED_OMITTED
RF1b|f34v.8|G008	RF1b	f34v.8	f34v	CONFIRMED_PROSE	P	8	10	DEFINITE_SPACE	DEFINITE_SPACE	ol@152;ar	ol ar	2	8,9	8,9		ol ar		MULTI_ASCII_FRAGMENT	MULTI_FRAGMENT_ALL_RETAINED
RF1b|f34v.8|G009	RF1b	f34v.8	f34v	CONFIRMED_PROSE	P	9	10	DEFINITE_SPACE	DEFINITE_SPACE	ch@152;ar	ch ar	2	10,11	10,11		ch ar		MULTI_ASCII_FRAGMENT	MULTI_FRAGMENT_ALL_RETAINED
RF1b|f34v.9|G005	RF1b	f34v.9	f34v	CONFIRMED_PROSE	P	5	11	DEFINITE_SPACE	DEFINITE_SPACE	kch@152;y	kch y	2	5,6	5	6	kch	y	MULTI_ASCII_FRAGMENT	MULTI_FRAGMENT_MIXED_RETAINED_OMITTED
RF1b|f34v.9|G006	RF1b	f34v.9	f34v	CONFIRMED_PROSE	P	6	11	DEFINITE_SPACE	DEFINITE_SPACE	che@152;y	che y	2	7,8	7	8	che	y	MULTI_ASCII_FRAGMENT	MULTI_FRAGMENT_MIXED_RETAINED_OMITTED
RF1b|f34v.9|G007	RF1b	f34v.9	f34v	CONFIRMED_PROSE	P	7	11	DEFINITE_SPACE	DEFINITE_SPACE	qoke@152;y	qoke y	2	9,10	9	10	qoke	y	MULTI_ASCII_FRAGMENT	MULTI_FRAGMENT_MIXED_RETAINED_OMITTED
RF1b|f34v.9|G008	RF1b	f34v.9	f34v	CONFIRMED_PROSE	P	8	11	DEFINITE_SPACE	DEFINITE_SPACE	ch@152;y	ch y	2	11,12	11	12	ch	y	MULTI_ASCII_FRAGMENT	MULTI_FRAGMENT_MIXED_RETAINED_OMITTED
RF1b|f35r.12|G007	RF1b	f35r.12	f35r	CONFIRMED_PROSE	P	7	8	DEFINITE_SPACE	DRAWING_INTERRUPTION	kol@152;y	kol y	2	7,8	7	8	kol	y	MULTI_ASCII_FRAGMENT	MULTI_FRAGMENT_MIXED_RETAINED_OMITTED
RF1b|f35v.7|G004	RF1b	f35v.7	f35v	CONFIRMED_PROSE	P	4	6	DEFINITE_SPACE	DEFINITE_SPACE	{co}		0						ZERO_ASCII_FRAGMENT	SOURCE_GROUP_ABSENT_FROM_LEGACY_ASCII
RF1b|f35v.9|G001	RF1b	f35v.9	f35v	CONFIRMED_PROSE	P	1	3	LINE_START	DEFINITE_SPACE	qokch@221;iin	qokch iin	2	1,2	1,2		qokch iin		MULTI_ASCII_FRAGMENT	MULTI_FRAGMENT_ALL_RETAINED
RF1b|f36r.1|G001	RF1b	f36r.1	f36r	CONFIRMED_PROSE	P	1	8	LINE_START	DEFINITE_SPACE	pcha@146;dan	pcha dan	2	1,2	1,2		pcha dan		MULTI_ASCII_FRAGMENT	MULTI_FRAGMENT_ALL_RETAINED
RF1b|f36r.4|G005	RF1b	f36r.4	f36r	CONFIRMED_PROSE	P	5	8	DRAWING_INTERRUPTION	DRAWING_INTERRUPTION	{c'y}		0						ZERO_ASCII_FRAGMENT	SOURCE_GROUP_ABSENT_FROM_LEGACY_ASCII
RF1b|f36r.4|G008	RF1b	f36r.4	f36r	CONFIRMED_PROSE	P	8	8	DEFINITE_SPACE	LINE_END	fchom@152;ar	fchom ar	2	7,8	7,8		fchom ar		MULTI_ASCII_FRAGMENT	MULTI_FRAGMENT_ALL_RETAINED
RF1b|f36r.5|G006	RF1b	f36r.5	f36r	CONFIRMED_PROSE	P	6	10	DRAWING_INTERRUPTION	DRAWING_INTERRUPTION	@221;		0						ZERO_ASCII_FRAGMENT	SOURCE_GROUP_ABSENT_FROM_LEGACY_ASCII
RF1b|f36v.5|G002	RF1b	f36v.5	f36v	CONFIRMED_PROSE	P	2	4	DEFINITE_SPACE	DEFINITE_SPACE	ckh@221;iin	ckh iin	2	2,3	2,3		ckh iin		MULTI_ASCII_FRAGMENT	MULTI_FRAGMENT_ALL_RETAINED
RF1b|f36v.7|G005	RF1b	f36v.7	f36v	CONFIRMED_PROSE	P	5	5	DEFINITE_SPACE	LINE_END	ch@221;shan	ch shan	2	5,6	5,6		ch shan		MULTI_ASCII_FRAGMENT	MULTI_FRAGMENT_ALL_RETAINED
RF1b|f36v.8|G004	RF1b	f36v.8	f36v	CONFIRMED_PROSE	P	4	5	DEFINITE_SPACE	DEFINITE_SPACE	yt@221;dy	yt dy	2	4,5	4	5	yt	dy	MULTI_ASCII_FRAGMENT	MULTI_FRAGMENT_MIXED_RETAINED_OMITTED
RF1b|f36v.9|G002	RF1b	f36v.9	f36v	CONFIRMED_PROSE	P	2	3	DEFINITE_SPACE	DEFINITE_SPACE	ykcholq@221;d	ykcholq d	2	2,3	2,3		ykcholq d		MULTI_ASCII_FRAGMENT	MULTI_FRAGMENT_ALL_RETAINED
RF1b|f37v.1|G004	RF1b	f37v.1	f37v	CONFIRMED_PROSE	P	4	5	DEFINITE_SPACE	DEFINITE_SPACE	chop@152;ain	chop ain	2	4,5	4,5		chop ain		MULTI_ASCII_FRAGMENT	MULTI_FRAGMENT_ALL_RETAINED
RF1b|f37v.11|G002	RF1b	f37v.11	f37v	CONFIRMED_PROSE	P	2	4	DEFINITE_SPACE	DEFINITE_SPACE	ch@221;ror	ch ror	2	2,3	2,3		ch ror		MULTI_ASCII_FRAGMENT	MULTI_FRAGMENT_ALL_RETAINED
RF1b|f37v.19|G002	RF1b	f37v.19	f37v	CONFIRMED_PROSE	P	2	4	DEFINITE_SPACE	DEFINITE_SPACE	qk@221;iin	qk iin	2	2,3	2,3		qk iin		MULTI_ASCII_FRAGMENT	MULTI_FRAGMENT_ALL_RETAINED
RF1b|f38r.2|G004	RF1b	f38r.2	f38r	CONFIRMED_PROSE	P	4	6	DEFINITE_SPACE	DEFINITE_SPACE	ot@221;iin	ot iin	2	4,5	4,5		ot iin		MULTI_ASCII_FRAGMENT	MULTI_FRAGMENT_ALL_RETAINED
RF1b|f38v.7|G009	RF1b	f38v.7	f38v	CONFIRMED_PROSE	P	9	9	DEFINITE_SPACE	LINE_END	dal@152;y	dal y	2	9,10	9	10	dal	y	MULTI_ASCII_FRAGMENT	MULTI_FRAGMENT_MIXED_RETAINED_OMITTED
RF1b|f39r.1|G001	RF1b	f39r.1	f39r	CONFIRMED_PROSE	P	1	11	LINE_START	DEFINITE_SPACE	te@152;ochshd	te ochshd	2	1,2	1,2		te ochshd		MULTI_ASCII_FRAGMENT	MULTI_FRAGMENT_ALL_RETAINED
RF1b|f39r.10|G002	RF1b	f39r.10	f39r	CONFIRMED_PROSE	P	2	10	DEFINITE_SPACE	DEFINITE_SPACE	she@152;y	she y	2	2,3	2	3	she	y	MULTI_ASCII_FRAGMENT	MULTI_FRAGMENT_MIXED_RETAINED_OMITTED
RF1b|f39r.10|G007	RF1b	f39r.10	f39r	CONFIRMED_PROSE	P	7	10	DEFINITE_SPACE	DEFINITE_SPACE	she@152;y	she y	2	8,9	8	9	she	y	MULTI_ASCII_FRAGMENT	MULTI_FRAGMENT_MIXED_RETAINED_OMITTED
RF1b|f39r.11|G006	RF1b	f39r.11	f39r	CONFIRMED_PROSE	P	6	12	DEFINITE_SPACE	DEFINITE_SPACE	ch@152;y	ch y	2	6,7	6	7	ch	y	MULTI_ASCII_FRAGMENT	MULTI_FRAGMENT_MIXED_RETAINED_OMITTED
RF1b|f39r.11|G009	RF1b	f39r.11	f39r	CONFIRMED_PROSE	P	9	12	DEFINITE_SPACE	DEFINITE_SPACE	qokal@152;ar	qokal ar	2	10,11	10,11		qokal ar		MULTI_ASCII_FRAGMENT	MULTI_FRAGMENT_ALL_RETAINED
RF1b|f39r.13|G002	RF1b	f39r.13	f39r	CONFIRMED_PROSE	P	2	10	DEFINITE_SPACE	DEFINITE_SPACE	ch@152;ar	ch ar	2	2,3	2,3		ch ar		MULTI_ASCII_FRAGMENT	MULTI_FRAGMENT_ALL_RETAINED
RF1b|f39r.13|G007	RF1b	f39r.13	f39r	CONFIRMED_PROSE	P	7	10	DEFINITE_SPACE	DEFINITE_SPACE	sheolke@152;y	sheolke y	2	8,9	8	9	sheolke	y	MULTI_ASCII_FRAGMENT	MULTI_FRAGMENT_MIXED_RETAINED_OMITTED
RF1b|f39r.13|G008	RF1b	f39r.13	f39r	CONFIRMED_PROSE	P	8	10	DEFINITE_SPACE	DEFINITE_SPACE	ote@152;y	ote y	2	10,11	10	11	ote	y	MULTI_ASCII_FRAGMENT	MULTI_FRAGMENT_MIXED_RETAINED_OMITTED
RF1b|f39r.13|G009	RF1b	f39r.13	f39r	CONFIRMED_PROSE	P	9	10	DEFINITE_SPACE	DEFINITE_SPACE	te@152;y	te y	2	12,13	12	13	te	y	MULTI_ASCII_FRAGMENT	MULTI_FRAGMENT_MIXED_RETAINED_OMITTED
RF1b|f39r.14|G006	RF1b	f39r.14	f39r	CONFIRMED_PROSE	P	6	11	DEFINITE_SPACE	DEFINITE_SPACE	che@152;y	che y	2	6,7	6	7	che	y	MULTI_ASCII_FRAGMENT	MULTI_FRAGMENT_MIXED_RETAINED_OMITTED
RF1b|f39r.14|G010	RF1b	f39r.14	f39r	CONFIRMED_PROSE	P	10	11	DEFINITE_SPACE	DEFINITE_SPACE	ch@152;am	ch am	2	11,12	11,12		ch am		MULTI_ASCII_FRAGMENT	MULTI_FRAGMENT_ALL_RETAINED
RF1b|f39r.16|G005	RF1b	f39r.16	f39r	CONFIRMED_PROSE	P	5	5	DEFINITE_SPACE	LINE_END	yk@152;y	yk y	2	5,6	5	6	yk	y	MULTI_ASCII_FRAGMENT	MULTI_FRAGMENT_MIXED_RETAINED_OMITTED
RF1b|f39r.2|G007	RF1b	f39r.2	f39r	CONFIRMED_PROSE	P	7	10	DEFINITE_SPACE	DEFINITE_SPACE	ch@152;y	ch y	2	7,8	7	8	ch	y	MULTI_ASCII_FRAGMENT	MULTI_FRAGMENT_MIXED_RETAINED_OMITTED
RF1b|f39r.3|G001	RF1b	f39r.3	f39r	CONFIRMED_PROSE	P	1	10	LINE_START	DEFINITE_SPACE	qokalch@152;y	qokalch y	2	1,2	1	2	qokalch	y	MULTI_ASCII_FRAGMENT	MULTI_FRAGMENT_MIXED_RETAINED_OMITTED
RF1b|f39r.3|G006	RF1b	f39r.3	f39r	CONFIRMED_PROSE	P	6	10	DEFINITE_SPACE	DEFINITE_SPACE	eee@152;y	eee y	2	7,8	7	8	eee	y	MULTI_ASCII_FRAGMENT	MULTI_FRAGMENT_MIXED_RETAINED_OMITTED
RF1b|f39r.4|G001	RF1b	f39r.4	f39r	CONFIRMED_PROSE	P	1	11	LINE_START	DEFINITE_SPACE	tche@152;y	tche y	2	1,2	1	2	tche	y	MULTI_ASCII_FRAGMENT	MULTI_FRAGMENT_MIXED_RETAINED_OMITTED
RF1b|f39r.4|G004	RF1b	f39r.4	f39r	CONFIRMED_PROSE	P	4	11	DEFINITE_SPACE	DEFINITE_SPACE	che@152;y	che y	2	5,6	5	6	che	y	MULTI_ASCII_FRAGMENT	MULTI_FRAGMENT_MIXED_RETAINED_OMITTED
RF1b|f39r.5|G001	RF1b	f39r.5	f39r	CONFIRMED_PROSE	P	1	3	LINE_START	DEFINITE_SPACE	@152;ch@152;y	ch y	2	1,2	1	2	ch	y	MULTI_ASCII_FRAGMENT	MULTI_FRAGMENT_MIXED_RETAINED_OMITTED
RF1b|f39r.5|G002	RF1b	f39r.5	f39r	CONFIRMED_PROSE	P	2	3	DEFINITE_SPACE	DEFINITE_SPACE	ch@152;y	ch y	2	3,4	3	4	ch	y	MULTI_ASCII_FRAGMENT	MULTI_FRAGMENT_MIXED_RETAINED_OMITTED
RF1b|f39r.6|G004	RF1b	f39r.6	f39r	CONFIRMED_PROSE	P	4	11	DEFINITE_SPACE	DEFINITE_SPACE	qofche@152;y	qofche y	2	4,5	4	5	qofche	y	MULTI_ASCII_FRAGMENT	MULTI_FRAGMENT_MIXED_RETAINED_OMITTED
RF1b|f39r.6|G005	RF1b	f39r.6	f39r	CONFIRMED_PROSE	P	5	11	DEFINITE_SPACE	DEFINITE_SPACE	she@152;y	she y	2	6,7	6	7	she	y	MULTI_ASCII_FRAGMENT	MULTI_FRAGMENT_MIXED_RETAINED_OMITTED
RF1b|f39r.6|G008	RF1b	f39r.6	f39r	CONFIRMED_PROSE	P	8	11	DEFINITE_SPACE	DEFINITE_SPACE	opche@176;aiin	opche aiin	2	10,11	10,11		opche aiin		MULTI_ASCII_FRAGMENT	MULTI_FRAGMENT_ALL_RETAINED
RF1b|f39r.7|G002	RF1b	f39r.7	f39r	CONFIRMED_PROSE	P	2	12	DEFINITE_SPACE	DEFINITE_SPACE	che@152;y	che y	2	2,3	2	3	che	y	MULTI_ASCII_FRAGMENT	MULTI_FRAGMENT_MIXED_RETAINED_OMITTED
RF1b|f39r.8|G002	RF1b	f39r.8	f39r	CONFIRMED_PROSE	P	2	10	DEFINITE_SPACE	DEFINITE_SPACE	she@152;y	she y	2	2,3	2	3	she	y	MULTI_ASCII_FRAGMENT	MULTI_FRAGMENT_MIXED_RETAINED_OMITTED
RF1b|f39r.8|G005	RF1b	f39r.8	f39r	CONFIRMED_PROSE	P	5	10	DEFINITE_SPACE	DEFINITE_SPACE	fche@152;y	fche y	2	6,7	6	7	fche	y	MULTI_ASCII_FRAGMENT	MULTI_FRAGMENT_MIXED_RETAINED_OMITTED
RF1b|f39r.9|G005	RF1b	f39r.9	f39r	CONFIRMED_PROSE	P	5	5	DEFINITE_SPACE	LINE_END	sh@152;aiin	sh aiin	2	5,6	5,6		sh aiin		MULTI_ASCII_FRAGMENT	MULTI_FRAGMENT_ALL_RETAINED
RF1b|f39v.1|G001	RF1b	f39v.1	f39v	CONFIRMED_PROSE	P	1	12	LINE_START	DEFINITE_SPACE	p@152;air	p air	2	1,2	2	1	air	p	MULTI_ASCII_FRAGMENT	MULTI_FRAGMENT_MIXED_RETAINED_OMITTED
RF1b|f39v.1|G012	RF1b	f39v.1	f39v	CONFIRMED_PROSE	P	12	12	DEFINITE_SPACE	LINE_END	o{ch'}@152;y	o y	2	13,14	13	14	o	y	MULTI_ASCII_FRAGMENT	MULTI_FRAGMENT_MIXED_RETAINED_OMITTED
RF1b|f39v.10|G010	RF1b	f39v.10	f39v	CONFIRMED_PROSE	P	10	11	DEFINITE_SPACE	DEFINITE_SPACE	shee@152;y	shee y	2	10,11	10	11	shee	y	MULTI_ASCII_FRAGMENT	MULTI_FRAGMENT_MIXED_RETAINED_OMITTED
RF1b|f39v.13|G002	RF1b	f39v.13	f39v	CONFIRMED_PROSE	P	2	8	DEFINITE_SPACE	DEFINITE_SPACE	o{ikh}e@152;y	oe y	2	2,3	2	3	oe	y	MULTI_ASCII_FRAGMENT	MULTI_FRAGMENT_MIXED_RETAINED_OMITTED
RF1b|f39v.13|G003	RF1b	f39v.13	f39v	CONFIRMED_PROSE	P	3	8	DEFINITE_SPACE	DEFINITE_SPACE	ote@152;y	ote y	2	4,5	4	5	ote	y	MULTI_ASCII_FRAGMENT	MULTI_FRAGMENT_MIXED_RETAINED_OMITTED
RF1b|f39v.13|G004	RF1b	f39v.13	f39v	CONFIRMED_PROSE	P	4	8	DEFINITE_SPACE	DRAWING_INTERRUPTION	oke@152;y	oke y	2	6,7	6	7	oke	y	MULTI_ASCII_FRAGMENT	MULTI_FRAGMENT_MIXED_RETAINED_OMITTED
RF1b|f39v.2|G006	RF1b	f39v.2	f39v	CONFIRMED_PROSE	P	6	13	DEFINITE_SPACE	DEFINITE_SPACE	kch@152;y	kch y	2	6,7	6	7	kch	y	MULTI_ASCII_FRAGMENT	MULTI_FRAGMENT_MIXED_RETAINED_OMITTED
RF1b|f39v.2|G011	RF1b	f39v.2	f39v	CONFIRMED_PROSE	P	11	13	DEFINITE_SPACE	DEFINITE_SPACE	olke@152;aiin	olke aiin	2	12,13	12,13		olke aiin		MULTI_ASCII_FRAGMENT	MULTI_FRAGMENT_ALL_RETAINED
RF1b|f39v.4|G006	RF1b	f39v.4	f39v	CONFIRMED_PROSE	P	6	10	DEFINITE_SPACE	DEFINITE_SPACE	cho@152;al	cho al	2	6,7	6,7		cho al		MULTI_ASCII_FRAGMENT	MULTI_FRAGMENT_ALL_RETAINED
RF1b|f39v.4|G007	RF1b	f39v.4	f39v	CONFIRMED_PROSE	P	7	10	DEFINITE_SPACE	DEFINITE_SPACE	yke@152;y	yke y	2	8,9	8	9	yke	y	MULTI_ASCII_FRAGMENT	MULTI_FRAGMENT_MIXED_RETAINED_OMITTED
RF1b|f39v.4|G008	RF1b	f39v.4	f39v	CONFIRMED_PROSE	P	8	10	DEFINITE_SPACE	DEFINITE_SPACE	qoke@152;y	qoke y	2	10,11	10	11	qoke	y	MULTI_ASCII_FRAGMENT	MULTI_FRAGMENT_MIXED_RETAINED_OMITTED
RF1b|f39v.5|G001	RF1b	f39v.5	f39v	CONFIRMED_PROSE	P	1	13	LINE_START	DEFINITE_SPACE	yte@152;ykor	yte ykor	2	1,2	1,2		yte ykor		MULTI_ASCII_FRAGMENT	MULTI_FRAGMENT_ALL_RETAINED
RF1b|f39v.6|G001	RF1b	f39v.6	f39v	CONFIRMED_PROSE	P	1	9	LINE_START	DEFINITE_SPACE	lke@152;y	lke y	2	1,2	1	2	lke	y	MULTI_ASCII_FRAGMENT	MULTI_FRAGMENT_MIXED_RETAINED_OMITTED
RF1b|f39v.9|G010	RF1b	f39v.9	f39v	CONFIRMED_PROSE	P	10	12	DEFINITE_SPACE	DEFINITE_SPACE	sh@152;y	sh y	2	10,11	10	11	sh	y	MULTI_ASCII_FRAGMENT	MULTI_FRAGMENT_MIXED_RETAINED_OMITTED
RF1b|f3r.12|G001	RF1b	f3r.12	f3r	CONFIRMED_PROSE	P	1	5	LINE_START	DEFINITE_SPACE	ok@221;daiin	ok daiin	2	1,2	1,2		ok daiin		MULTI_ASCII_FRAGMENT	MULTI_FRAGMENT_ALL_RETAINED
RF1b|f3r.14|G002	RF1b	f3r.14	f3r	CONFIRMED_PROSE	P	2	4	DEFINITE_SPACE	DEFINITE_SPACE	qo@152;air	qo air	2	2,3	2,3		qo air		MULTI_ASCII_FRAGMENT	MULTI_FRAGMENT_ALL_RETAINED
RF1b|f3r.16|G007	RF1b	f3r.16	f3r	CONFIRMED_PROSE	P	7	9	DEFINITE_SPACE	DEFINITE_SPACE	qok@221;l	qok l	2	7,8	7,8		qok l		MULTI_ASCII_FRAGMENT	MULTI_FRAGMENT_ALL_RETAINED
RF1b|f3v.14|G002	RF1b	f3v.14	f3v	CONFIRMED_PROSE	P	2	4	DEFINITE_SPACE	DEFINITE_SPACE	she@221;m	she m	2	2,3	2	3	she	m	MULTI_ASCII_FRAGMENT	MULTI_FRAGMENT_MIXED_RETAINED_OMITTED
RF1b|f40r.1|G003	RF1b	f40r.1	f40r	CONFIRMED_PROSE	P	3	10	DEFINITE_SPACE	DRAWING_INTERRUPTION	al@152;ydy	al ydy	2	3,4	3	4	al	ydy	MULTI_ASCII_FRAGMENT	MULTI_FRAGMENT_MIXED_RETAINED_OMITTED
RF1b|f40r.10|G003	RF1b	f40r.10	f40r	CONFIRMED_PROSE	P	3	9	DEFINITE_SPACE	DRAWING_INTERRUPTION	ch@152;y	ch y	2	3,4	3	4	ch	y	MULTI_ASCII_FRAGMENT	MULTI_FRAGMENT_MIXED_RETAINED_OMITTED
RF1b|f40r.10|G007	RF1b	f40r.10	f40r	CONFIRMED_PROSE	P	7	9	DEFINITE_SPACE	DEFINITE_SPACE	@221;ke@152;y	ke y	2	8,9	8	9	ke	y	MULTI_ASCII_FRAGMENT	MULTI_FRAGMENT_MIXED_RETAINED_OMITTED
RF1b|f40r.2|G003	RF1b	f40r.2	f40r	CONFIRMED_PROSE	P	3	10	DEFINITE_SPACE	DEFINITE_SPACE	oke@152;y	oke y	2	3,4	3	4	oke	y	MULTI_ASCII_FRAGMENT	MULTI_FRAGMENT_MIXED_RETAINED_OMITTED
RF1b|f40r.3|G003	RF1b	f40r.3	f40r	CONFIRMED_PROSE	P	3	10	DEFINITE_SPACE	DEFINITE_SPACE	ch@152;y	ch y	2	3,4	3	4	ch	y	MULTI_ASCII_FRAGMENT	MULTI_FRAGMENT_MIXED_RETAINED_OMITTED
RF1b|f40r.4|G003	RF1b	f40r.4	f40r	CONFIRMED_PROSE	P	3	10	DEFINITE_SPACE	DEFINITE_SPACE	cheko@152;y	cheko y	2	3,4	3	4	cheko	y	MULTI_ASCII_FRAGMENT	MULTI_FRAGMENT_MIXED_RETAINED_OMITTED
RF1b|f40r.4|G009	RF1b	f40r.4	f40r	CONFIRMED_PROSE	P	9	10	DEFINITE_SPACE	DEFINITE_SPACE	okol@152;y	okol y	2	10,11	10	11	okol	y	MULTI_ASCII_FRAGMENT	MULTI_FRAGMENT_MIXED_RETAINED_OMITTED
RF1b|f40r.8|G006	RF1b	f40r.8	f40r	CONFIRMED_PROSE	P	6	11	DEFINITE_SPACE	DEFINITE_SPACE	cfh@152;y	cfh y	2	6,7	6	7	cfh	y	MULTI_ASCII_FRAGMENT	MULTI_FRAGMENT_MIXED_RETAINED_OMITTED
RF1b|f40v.1|G001	RF1b	f40v.1	f40v	CONFIRMED_PROSE	P	1	3	LINE_START	DEFINITE_SPACE	pche@152;ain	pche ain	2	1,2	1,2		pche ain		MULTI_ASCII_FRAGMENT	MULTI_FRAGMENT_ALL_RETAINED
RF1b|f40v.1|G003	RF1b	f40v.1	f40v	CONFIRMED_PROSE	P	3	3	DEFINITE_SPACE	LINE_END	ol@152;y	ol y	2	4,5	4	5	ol	y	MULTI_ASCII_FRAGMENT	MULTI_FRAGMENT_MIXED_RETAINED_OMITTED
RF1b|f40v.10|G002	RF1b	f40v.10	f40v	CONFIRMED_PROSE	P	2	4	DEFINITE_SPACE	DEFINITE_SPACE	tche@152;y	tche y	2	2,3	2	3	tche	y	MULTI_ASCII_FRAGMENT	MULTI_FRAGMENT_MIXED_RETAINED_OMITTED
RF1b|f40v.11|G003	RF1b	f40v.11	f40v	CONFIRMED_PROSE	P	3	5	DEFINITE_SPACE	DEFINITE_SPACE	che@152;y	che y	2	3,4	3	4	che	y	MULTI_ASCII_FRAGMENT	MULTI_FRAGMENT_MIXED_RETAINED_OMITTED
RF1b|f40v.13|G004	RF1b	f40v.13	f40v	CONFIRMED_PROSE	P	4	7	DEFINITE_SPACE	DEFINITE_SPACE	olfche@152;y	olfche y	2	4,5	4	5	olfche	y	MULTI_ASCII_FRAGMENT	MULTI_FRAGMENT_MIXED_RETAINED_OMITTED
RF1b|f40v.14|G005	RF1b	f40v.14	f40v	CONFIRMED_PROSE	P	5	11	DEFINITE_SPACE	DEFINITE_SPACE	kche@152;y	kche y	2	5,6	5	6	kche	y	MULTI_ASCII_FRAGMENT	MULTI_FRAGMENT_MIXED_RETAINED_OMITTED
RF1b|f40v.14|G007	RF1b	f40v.14	f40v	CONFIRMED_PROSE	P	7	11	DEFINITE_SPACE	DEFINITE_SPACE	qokch@152;y	qokch y	2	8,9	8	9	qokch	y	MULTI_ASCII_FRAGMENT	MULTI_FRAGMENT_MIXED_RETAINED_OMITTED
RF1b|f40v.14|G011	RF1b	f40v.14	f40v	CONFIRMED_PROSE	P	11	11	DEFINITE_SPACE	LINE_END	ch@152;y	ch y	2	13,14	13	14	ch	y	MULTI_ASCII_FRAGMENT	MULTI_FRAGMENT_MIXED_RETAINED_OMITTED
RF1b|f40v.15|G002	RF1b	f40v.15	f40v	CONFIRMED_PROSE	P	2	8	DEFINITE_SPACE	DEFINITE_SPACE	qo@152;y	qo y	2	2,3	2	3	qo	y	MULTI_ASCII_FRAGMENT	MULTI_FRAGMENT_MIXED_RETAINED_OMITTED
RF1b|f40v.16|G007	RF1b	f40v.16	f40v	CONFIRMED_PROSE	P	7	10	DEFINITE_SPACE	DEFINITE_SPACE	ke@152;y	ke y	2	7,8	7	8	ke	y	MULTI_ASCII_FRAGMENT	MULTI_FRAGMENT_MIXED_RETAINED_OMITTED
RF1b|f40v.17|G002	RF1b	f40v.17	f40v	CONFIRMED_PROSE	P	2	8	DEFINITE_SPACE	DEFINITE_SPACE	qokee@152;y	qokee y	2	2,3	2	3	qokee	y	MULTI_ASCII_FRAGMENT	MULTI_FRAGMENT_MIXED_RETAINED_OMITTED
RF1b|f40v.19|G001	RF1b	f40v.19	f40v	CONFIRMED_PROSE	P	1	4	LINE_START	DEFINITE_SPACE	pche@152;y	pche y	2	1,2	1	2	pche	y	MULTI_ASCII_FRAGMENT	MULTI_FRAGMENT_MIXED_RETAINED_OMITTED
RF1b|f40v.4|G001	RF1b	f40v.4	f40v	CONFIRMED_PROSE	P	1	3	LINE_START	DEFINITE_SPACE	t@221;raiin	t raiin	2	1,2	1,2		t raiin		MULTI_ASCII_FRAGMENT	MULTI_FRAGMENT_ALL_RETAINED
RF1b|f40v.6|G004	RF1b	f40v.6	f40v	CONFIRMED_PROSE	P	4	5	DEFINITE_SPACE	DEFINITE_SPACE	che@152;y	che y	2	4,5	4	5	che	y	MULTI_ASCII_FRAGMENT	MULTI_FRAGMENT_MIXED_RETAINED_OMITTED
RF1b|f40v.7|G003	RF1b	f40v.7	f40v	CONFIRMED_PROSE	P	3	5	DEFINITE_SPACE	DEFINITE_SPACE	che@152;y	che y	2	3,4	3	4	che	y	MULTI_ASCII_FRAGMENT	MULTI_FRAGMENT_MIXED_RETAINED_OMITTED
RF1b|f40v.9|G001	RF1b	f40v.9	f40v	CONFIRMED_PROSE	P	1	4	LINE_START	DEFINITE_SPACE	tchypcho@152;y	tchypcho y	2	1,2	1	2	tchypcho	y	MULTI_ASCII_FRAGMENT	MULTI_FRAGMENT_MIXED_RETAINED_OMITTED
RF1b|f40v.9|G002	RF1b	f40v.9	f40v	CONFIRMED_PROSE	P	2	4	DEFINITE_SPACE	DEFINITE_SPACE	pch@152;y	pch y	2	3,4	3	4	pch	y	MULTI_ASCII_FRAGMENT	MULTI_FRAGMENT_MIXED_RETAINED_OMITTED
RF1b|f41r.1|G006	RF1b	f41r.1	f41r	CONFIRMED_PROSE	P	6	7	DEFINITE_SPACE	DEFINITE_SPACE	qotche@152;y	qotche y	2	6,7	6	7	qotche	y	MULTI_ASCII_FRAGMENT	MULTI_FRAGMENT_MIXED_RETAINED_OMITTED
RF1b|f41r.1|G007	RF1b	f41r.1	f41r	CONFIRMED_PROSE	P	7	7	DEFINITE_SPACE	LINE_END	sh@176;@221;kchdy	sh kchdy	2	8,9	8,9		sh kchdy		MULTI_ASCII_FRAGMENT	MULTI_FRAGMENT_ALL_RETAINED
RF1b|f41r.10|G005	RF1b	f41r.10	f41r	CONFIRMED_PROSE	P	5	8	DRAWING_INTERRUPTION	DEFINITE_SPACE	yke@152;y	yke y	2	5,6	5	6	yke	y	MULTI_ASCII_FRAGMENT	MULTI_FRAGMENT_MIXED_RETAINED_OMITTED
RF1b|f41r.10|G006	RF1b	f41r.10	f41r	CONFIRMED_PROSE	P	6	8	DEFINITE_SPACE	DEFINITE_SPACE	qokee@152;y	qokee y	2	7,8	7	8	qokee	y	MULTI_ASCII_FRAGMENT	MULTI_FRAGMENT_MIXED_RETAINED_OMITTED
RF1b|f41r.11|G002	RF1b	f41r.11	f41r	CONFIRMED_PROSE	P	2	4	DEFINITE_SPACE	DEFINITE_SPACE	ykee@152;y	ykee y	2	2,3	2	3	ykee	y	MULTI_ASCII_FRAGMENT	MULTI_FRAGMENT_MIXED_RETAINED_OMITTED
RF1b|f41r.11|G003	RF1b	f41r.11	f41r	CONFIRMED_PROSE	P	3	4	DEFINITE_SPACE	DEFINITE_SPACE	chekee@152;y	chekee y	2	4,5	4	5	chekee	y	MULTI_ASCII_FRAGMENT	MULTI_FRAGMENT_MIXED_RETAINED_OMITTED
RF1b|f41r.3|G007	RF1b	f41r.3	f41r	CONFIRMED_PROSE	P	7	9	DEFINITE_SPACE	DEFINITE_SPACE	she@176;chy	she chy	2	7,8	7,8		she chy		MULTI_ASCII_FRAGMENT	MULTI_FRAGMENT_ALL_RETAINED
RF1b|f41r.3|G008	RF1b	f41r.3	f41r	CONFIRMED_PROSE	P	8	9	DEFINITE_SPACE	DEFINITE_SPACE	che@176;y	che y	2	9,10	9	10	che	y	MULTI_ASCII_FRAGMENT	MULTI_FRAGMENT_MIXED_RETAINED_OMITTED
RF1b|f41r.5|G004	RF1b	f41r.5	f41r	CONFIRMED_PROSE	P	4	8	DEFINITE_SPACE	DRAWING_INTERRUPTION	kch@152;y	kch y	2	4,5	4	5	kch	y	MULTI_ASCII_FRAGMENT	MULTI_FRAGMENT_MIXED_RETAINED_OMITTED
RF1b|f41r.5|G005	RF1b	f41r.5	f41r	CONFIRMED_PROSE	P	5	8	DRAWING_INTERRUPTION	DEFINITE_SPACE	@152;che@152;y	che y	2	6,7	6	7	che	y	MULTI_ASCII_FRAGMENT	MULTI_FRAGMENT_MIXED_RETAINED_OMITTED
RF1b|f41r.5|G007	RF1b	f41r.5	f41r	CONFIRMED_PROSE	P	7	8	DEFINITE_SPACE	DEFINITE_SPACE	dche@152;y	dche y	2	9,10	9	10	dche	y	MULTI_ASCII_FRAGMENT	MULTI_FRAGMENT_MIXED_RETAINED_OMITTED
RF1b|f41r.6|G002	RF1b	f41r.6	f41r	CONFIRMED_PROSE	P	2	9	DEFINITE_SPACE	DEFINITE_SPACE	polche@152;y	polche y	2	2,3	2	3	polche	y	MULTI_ASCII_FRAGMENT	MULTI_FRAGMENT_MIXED_RETAINED_OMITTED
RF1b|f41r.6|G004	RF1b	f41r.6	f41r	CONFIRMED_PROSE	P	4	9	DEFINITE_SPACE	DEFINITE_SPACE	cheke@152;y	cheke y	2	5,6	5	6	cheke	y	MULTI_ASCII_FRAGMENT	MULTI_FRAGMENT_MIXED_RETAINED_OMITTED
RF1b|f41r.7|G004	RF1b	f41r.7	f41r	CONFIRMED_PROSE	P	4	9	DEFINITE_SPACE	DRAWING_INTERRUPTION	qokeo@152;y	qokeo y	2	4,5	4	5	qokeo	y	MULTI_ASCII_FRAGMENT	MULTI_FRAGMENT_MIXED_RETAINED_OMITTED
RF1b|f41r.7|G005	RF1b	f41r.7	f41r	CONFIRMED_PROSE	P	5	9	DRAWING_INTERRUPTION	DEFINITE_SPACE	yke@152;y	yke y	2	6,7	6	7	yke	y	MULTI_ASCII_FRAGMENT	MULTI_FRAGMENT_MIXED_RETAINED_OMITTED
RF1b|f41r.7|G006	RF1b	f41r.7	f41r	CONFIRMED_PROSE	P	6	9	DEFINITE_SPACE	DEFINITE_SPACE	chke@152;y	chke y	2	8,9	8	9	chke	y	MULTI_ASCII_FRAGMENT	MULTI_FRAGMENT_MIXED_RETAINED_OMITTED
RF1b|f41r.8|G002	RF1b	f41r.8	f41r	CONFIRMED_PROSE	P	2	10	DEFINITE_SPACE	DEFINITE_SPACE	che@152;y	che y	2	2,3	2	3	che	y	MULTI_ASCII_FRAGMENT	MULTI_FRAGMENT_MIXED_RETAINED_OMITTED
RF1b|f41r.9|G004	RF1b	f41r.9	f41r	CONFIRMED_PROSE	P	4	10	DEFINITE_SPACE	DRAWING_INTERRUPTION	che@152;y	che y	2	4,5	4	5	che	y	MULTI_ASCII_FRAGMENT	MULTI_FRAGMENT_MIXED_RETAINED_OMITTED
RF1b|f41v.4|G003	RF1b	f41v.4	f41v	CONFIRMED_PROSE	P	3	10	DEFINITE_SPACE	DEFINITE_SPACE	qokeo@152;y	qokeo y	2	3,4	3	4	qokeo	y	MULTI_ASCII_FRAGMENT	MULTI_FRAGMENT_MIXED_RETAINED_OMITTED
RF1b|f41v.4|G005	RF1b	f41v.4	f41v	CONFIRMED_PROSE	P	5	10	DEFINITE_SPACE	DRAWING_INTERRUPTION	lke@152;y	lke y	2	6,7	6	7	lke	y	MULTI_ASCII_FRAGMENT	MULTI_FRAGMENT_MIXED_RETAINED_OMITTED
RF1b|f41v.4|G007	RF1b	f41v.4	f41v	CONFIRMED_PROSE	P	7	10	DEFINITE_SPACE	DEFINITE_SPACE	qokee@152;y	qokee y	2	9,10	9	10	qokee	y	MULTI_ASCII_FRAGMENT	MULTI_FRAGMENT_MIXED_RETAINED_OMITTED
RF1b|f41v.6|G004	RF1b	f41v.6	f41v	CONFIRMED_PROSE	P	4	10	DEFINITE_SPACE	DEFINITE_SPACE	ytee@152;y	ytee y	2	4,5	4	5	ytee	y	MULTI_ASCII_FRAGMENT	MULTI_FRAGMENT_MIXED_RETAINED_OMITTED
RF1b|f41v.7|G005	RF1b	f41v.7	f41v	CONFIRMED_PROSE	P	5	8	DEFINITE_SPACE	DRAWING_INTERRUPTION	ch@152;al	ch al	2	5,6	5,6		ch al		MULTI_ASCII_FRAGMENT	MULTI_FRAGMENT_ALL_RETAINED
RF1b|f42v.1|G002	RF1b	f42v.1	f42v	CONFIRMED_PROSE	P	2	9	UNCERTAIN_SMALL_SPACE	DEFINITE_SPACE	{cto}		0						ZERO_ASCII_FRAGMENT	SOURCE_GROUP_ABSENT_FROM_LEGACY_ASCII
RF1b|f42v.1|G006	RF1b	f42v.1	f42v	CONFIRMED_PROSE	P	6	9	DEFINITE_SPACE	DRAWING_INTERRUPTION	sh@221;ls	sh ls	2	5,6	5,6		sh ls		MULTI_ASCII_FRAGMENT	MULTI_FRAGMENT_ALL_RETAINED
RF1b|f43r.1|G002	RF1b	f43r.1	f43r	CONFIRMED_PROSE	P	2	11	DEFINITE_SPACE	DEFINITE_SPACE	yte@152;y	yte y	2	2,3	2	3	yte	y	MULTI_ASCII_FRAGMENT	MULTI_FRAGMENT_MIXED_RETAINED_OMITTED
RF1b|f43r.1|G005	RF1b	f43r.1	f43r	CONFIRMED_PROSE	P	5	11	DEFINITE_SPACE	DEFINITE_SPACE	chcphe@152;y	chcphe y	2	6,7	6	7	chcphe	y	MULTI_ASCII_FRAGMENT	MULTI_FRAGMENT_MIXED_RETAINED_OMITTED
RF1b|f43r.10|G007	RF1b	f43r.10	f43r	CONFIRMED_PROSE	P	7	11	DEFINITE_SPACE	DEFINITE_SPACE	opch@152;y	opch y	2	7,8	7	8	opch	y	MULTI_ASCII_FRAGMENT	MULTI_FRAGMENT_MIXED_RETAINED_OMITTED
RF1b|f43r.12|G009	RF1b	f43r.12	f43r	CONFIRMED_PROSE	P	9	13	DEFINITE_SPACE	DEFINITE_SPACE	ote@152;y	ote y	2	9,10	9	10	ote	y	MULTI_ASCII_FRAGMENT	MULTI_FRAGMENT_MIXED_RETAINED_OMITTED
RF1b|f43r.13|G005	RF1b	f43r.13	f43r	CONFIRMED_PROSE	P	5	10	DEFINITE_SPACE	DEFINITE_SPACE	qote@152;y	qote y	2	5,6	5	6	qote	y	MULTI_ASCII_FRAGMENT	MULTI_FRAGMENT_MIXED_RETAINED_OMITTED
RF1b|f43r.13|G007	RF1b	f43r.13	f43r	CONFIRMED_PROSE	P	7	10	DEFINITE_SPACE	DEFINITE_SPACE	sho@152;@221;@152;y	sho y	2	8,9	8	9	sho	y	MULTI_ASCII_FRAGMENT	MULTI_FRAGMENT_MIXED_RETAINED_OMITTED
RF1b|f43r.13|G010	RF1b	f43r.13	f43r	CONFIRMED_PROSE	P	10	10	DEFINITE_SPACE	LINE_END	yke@152;y@152;y	yke y y	3	12,13,14	12	13,14	yke	y y	MULTI_ASCII_FRAGMENT	MULTI_FRAGMENT_MIXED_RETAINED_OMITTED
RF1b|f43r.14|G001	RF1b	f43r.14	f43r	CONFIRMED_PROSE	P	1	7	LINE_START	DEFINITE_SPACE	ykeo@152;y	ykeo y	2	1,2	1	2	ykeo	y	MULTI_ASCII_FRAGMENT	MULTI_FRAGMENT_MIXED_RETAINED_OMITTED
RF1b|f43r.2|G008	RF1b	f43r.2	f43r	CONFIRMED_PROSE	P	8	12	DEFINITE_SPACE	DEFINITE_SPACE	okal@152;y	okal y	2	8,9	8	9	okal	y	MULTI_ASCII_FRAGMENT	MULTI_FRAGMENT_MIXED_RETAINED_OMITTED
RF1b|f43r.2|G010	RF1b	f43r.2	f43r	CONFIRMED_PROSE	P	10	12	DEFINITE_SPACE	DEFINITE_SPACE	otch@152;y	otch y	2	11,12	11	12	otch	y	MULTI_ASCII_FRAGMENT	MULTI_FRAGMENT_MIXED_RETAINED_OMITTED
RF1b|f43r.3|G011	RF1b	f43r.3	f43r	CONFIRMED_PROSE	P	11	14	DEFINITE_SPACE	DEFINITE_SPACE	qoty@152;y	qoty y	2	11,12	11	12	qoty	y	MULTI_ASCII_FRAGMENT	MULTI_FRAGMENT_MIXED_RETAINED_OMITTED
RF1b|f43r.4|G004	RF1b	f43r.4	f43r	CONFIRMED_PROSE	P	4	13	DEFINITE_SPACE	DEFINITE_SPACE	te@152;ykar	te ykar	2	4,5	4,5		te ykar		MULTI_ASCII_FRAGMENT	MULTI_FRAGMENT_ALL_RETAINED
RF1b|f43r.4|G008	RF1b	f43r.4	f43r	CONFIRMED_PROSE	P	8	13	DEFINITE_SPACE	DEFINITE_SPACE	kalch@152;y	kalch y	2	9,10	9	10	kalch	y	MULTI_ASCII_FRAGMENT	MULTI_FRAGMENT_MIXED_RETAINED_OMITTED
RF1b|f43r.4|G011	RF1b	f43r.4	f43r	CONFIRMED_PROSE	P	11	13	DEFINITE_SPACE	DEFINITE_SPACE	che@152;y	che y	2	13,14	13	14	che	y	MULTI_ASCII_FRAGMENT	MULTI_FRAGMENT_MIXED_RETAINED_OMITTED
RF1b|f43r.5|G003	RF1b	f43r.5	f43r	CONFIRMED_PROSE	P	3	11	DEFINITE_SPACE	DEFINITE_SPACE	sheko@152;y	sheko y	2	3,4	3	4	sheko	y	MULTI_ASCII_FRAGMENT	MULTI_FRAGMENT_MIXED_RETAINED_OMITTED
RF1b|f43r.5|G004	RF1b	f43r.5	f43r	CONFIRMED_PROSE	P	4	11	DEFINITE_SPACE	DEFINITE_SPACE	qoto@152;y	qoto y	2	5,6	5	6	qoto	y	MULTI_ASCII_FRAGMENT	MULTI_FRAGMENT_MIXED_RETAINED_OMITTED
RF1b|f43r.5|G006	RF1b	f43r.5	f43r	CONFIRMED_PROSE	P	6	11	DEFINITE_SPACE	DEFINITE_SPACE	oke@152;y	oke y	2	8,9	8	9	oke	y	MULTI_ASCII_FRAGMENT	MULTI_FRAGMENT_MIXED_RETAINED_OMITTED
RF1b|f43r.6|G002	RF1b	f43r.6	f43r	CONFIRMED_PROSE	P	2	5	DEFINITE_SPACE	DEFINITE_SPACE	che@152;y	che y	2	2,3	2	3	che	y	MULTI_ASCII_FRAGMENT	MULTI_FRAGMENT_MIXED_RETAINED_OMITTED
RF1b|f43r.6|G004	RF1b	f43r.6	f43r	CONFIRMED_PROSE	P	4	5	DEFINITE_SPACE	DEFINITE_SPACE	cheo@152;y	cheo y	2	5,6	5	6	cheo	y	MULTI_ASCII_FRAGMENT	MULTI_FRAGMENT_MIXED_RETAINED_OMITTED
RF1b|f43r.7|G002	RF1b	f43r.7	f43r	CONFIRMED_PROSE	P	2	11	DEFINITE_SPACE	DEFINITE_SPACE	oteyksh@152;y	oteyksh y	2	2,3	2	3	oteyksh	y	MULTI_ASCII_FRAGMENT	MULTI_FRAGMENT_MIXED_RETAINED_OMITTED
RF1b|f43r.7|G003	RF1b	f43r.7	f43r	CONFIRMED_PROSE	P	3	11	DEFINITE_SPACE	DEFINITE_SPACE	opch@152;y	opch y	2	4,5	4	5	opch	y	MULTI_ASCII_FRAGMENT	MULTI_FRAGMENT_MIXED_RETAINED_OMITTED
RF1b|f43r.7|G004	RF1b	f43r.7	f43r	CONFIRMED_PROSE	P	4	11	DEFINITE_SPACE	DEFINITE_SPACE	ke@152;ar	ke ar	2	6,7	6,7		ke ar		MULTI_ASCII_FRAGMENT	MULTI_FRAGMENT_ALL_RETAINED
RF1b|f43r.7|G008	RF1b	f43r.7	f43r	CONFIRMED_PROSE	P	8	11	DEFINITE_SPACE	DEFINITE_SPACE	@152;yty@152;y	yty y	2	11,12		11,12		yty y	MULTI_ASCII_FRAGMENT	MULTI_FRAGMENT_ALL_OMITTED
RF1b|f43r.7|G009	RF1b	f43r.7	f43r	CONFIRMED_PROSE	P	9	11	DEFINITE_SPACE	DEFINITE_SPACE	pch@152;y	pch y	2	13,14	13	14	pch	y	MULTI_ASCII_FRAGMENT	MULTI_FRAGMENT_MIXED_RETAINED_OMITTED
RF1b|f43r.7|G010	RF1b	f43r.7	f43r	CONFIRMED_PROSE	P	10	11	DEFINITE_SPACE	DEFINITE_SPACE	ke@152;y	ke y	2	15,16	15	16	ke	y	MULTI_ASCII_FRAGMENT	MULTI_FRAGMENT_MIXED_RETAINED_OMITTED
RF1b|f43r.8|G007	RF1b	f43r.8	f43r	CONFIRMED_PROSE	P	7	12	DEFINITE_SPACE	DEFINITE_SPACE	che@152;y	che y	2	7,8	7	8	che	y	MULTI_ASCII_FRAGMENT	MULTI_FRAGMENT_MIXED_RETAINED_OMITTED
RF1b|f43r.8|G010	RF1b	f43r.8	f43r	CONFIRMED_PROSE	P	10	12	DEFINITE_SPACE	DEFINITE_SPACE	ykol@221;r	ykol r	2	11,12	11,12		ykol r		MULTI_ASCII_FRAGMENT	MULTI_FRAGMENT_ALL_RETAINED
RF1b|f43r.9|G001	RF1b	f43r.9	f43r	CONFIRMED_PROSE	P	1	5	LINE_START	DEFINITE_SPACE	d{ch'}e@152;y	de y	2	1,2	1	2	de	y	MULTI_ASCII_FRAGMENT	MULTI_FRAGMENT_MIXED_RETAINED_OMITTED
RF1b|f43r.9|G002	RF1b	f43r.9	f43r	CONFIRMED_PROSE	P	2	5	DEFINITE_SPACE	DEFINITE_SPACE	qote@152;y	qote y	2	3,4	3	4	qote	y	MULTI_ASCII_FRAGMENT	MULTI_FRAGMENT_MIXED_RETAINED_OMITTED
RF1b|f43v.1|G011	RF1b	f43v.1	f43v	CONFIRMED_PROSE	P	11	11	DEFINITE_SPACE	LINE_END	opol@152;e	opol e	2	11,12	11,12		opol e		MULTI_ASCII_FRAGMENT	MULTI_FRAGMENT_ALL_RETAINED
RF1b|f43v.10|G010	RF1b	f43v.10	f43v	CONFIRMED_PROSE	P	10	11	DEFINITE_SPACE	DEFINITE_SPACE	pche@152;y	pche y	2	10,11	10	11	pche	y	MULTI_ASCII_FRAGMENT	MULTI_FRAGMENT_MIXED_RETAINED_OMITTED
RF1b|f43v.12|G005	RF1b	f43v.12	f43v	CONFIRMED_PROSE	P	5	12	DEFINITE_SPACE	DEFINITE_SPACE	qote@152;y	qote y	2	5,6	5	6	qote	y	MULTI_ASCII_FRAGMENT	MULTI_FRAGMENT_MIXED_RETAINED_OMITTED
RF1b|f43v.12|G007	RF1b	f43v.12	f43v	CONFIRMED_PROSE	P	7	12	DEFINITE_SPACE	DEFINITE_SPACE	che@152;y	che y	2	8,9	8	9	che	y	MULTI_ASCII_FRAGMENT	MULTI_FRAGMENT_MIXED_RETAINED_OMITTED
RF1b|f43v.13|G001	RF1b	f43v.13	f43v	CONFIRMED_PROSE	P	1	10	LINE_START	DEFINITE_SPACE	@152;she@152;y	she y	2	1,2	1	2	she	y	MULTI_ASCII_FRAGMENT	MULTI_FRAGMENT_MIXED_RETAINED_OMITTED
RF1b|f43v.13|G003	RF1b	f43v.13	f43v	CONFIRMED_PROSE	P	3	10	DEFINITE_SPACE	DEFINITE_SPACE	ckhe@152;y	ckhe y	2	4,5	4	5	ckhe	y	MULTI_ASCII_FRAGMENT	MULTI_FRAGMENT_MIXED_RETAINED_OMITTED
RF1b|f43v.13|G007	RF1b	f43v.13	f43v	CONFIRMED_PROSE	P	7	10	DEFINITE_SPACE	DEFINITE_SPACE	ote@152;y	ote y	2	9,10	9	10	ote	y	MULTI_ASCII_FRAGMENT	MULTI_FRAGMENT_MIXED_RETAINED_OMITTED
RF1b|f43v.13|G009	RF1b	f43v.13	f43v	CONFIRMED_PROSE	P	9	10	DEFINITE_SPACE	DEFINITE_SPACE	oke@152;ar	oke ar	2	12,13	12,13		oke ar		MULTI_ASCII_FRAGMENT	MULTI_FRAGMENT_ALL_RETAINED
RF1b|f43v.14|G001	RF1b	f43v.14	f43v	CONFIRMED_PROSE	P	1	8	LINE_START	DEFINITE_SPACE	dykee@152;ain	dykee ain	2	1,2	1,2		dykee ain		MULTI_ASCII_FRAGMENT	MULTI_FRAGMENT_ALL_RETAINED
RF1b|f43v.14|G002	RF1b	f43v.14	f43v	CONFIRMED_PROSE	P	2	8	DEFINITE_SPACE	DEFINITE_SPACE	che@152;y	che y	2	3,4	3	4	che	y	MULTI_ASCII_FRAGMENT	MULTI_FRAGMENT_MIXED_RETAINED_OMITTED
RF1b|f43v.14|G003	RF1b	f43v.14	f43v	CONFIRMED_PROSE	P	3	8	DEFINITE_SPACE	DEFINITE_SPACE	okee@152;y	okee y	2	5,6	5	6	okee	y	MULTI_ASCII_FRAGMENT	MULTI_FRAGMENT_MIXED_RETAINED_OMITTED
RF1b|f43v.14|G004	RF1b	f43v.14	f43v	CONFIRMED_PROSE	P	4	8	DEFINITE_SPACE	DEFINITE_SPACE	che@152;al	che al	2	7,8	7,8		che al		MULTI_ASCII_FRAGMENT	MULTI_FRAGMENT_ALL_RETAINED
RF1b|f43v.14|G007	RF1b	f43v.14	f43v	CONFIRMED_PROSE	P	7	8	DEFINITE_SPACE	DEFINITE_SPACE	choalche@152;y	choalche y	2	11,12	11	12	choalche	y	MULTI_ASCII_FRAGMENT	MULTI_FRAGMENT_MIXED_RETAINED_OMITTED
RF1b|f43v.2|G001	RF1b	f43v.2	f43v	CONFIRMED_PROSE	P	1	11	LINE_START	DEFINITE_SPACE	she@152;y	she y	2	1,2	1	2	she	y	MULTI_ASCII_FRAGMENT	MULTI_FRAGMENT_MIXED_RETAINED_OMITTED
RF1b|f43v.2|G003	RF1b	f43v.2	f43v	CONFIRMED_PROSE	P	3	11	DEFINITE_SPACE	DEFINITE_SPACE	ote@152;y	ote y	2	4,5	4	5	ote	y	MULTI_ASCII_FRAGMENT	MULTI_FRAGMENT_MIXED_RETAINED_OMITTED
RF1b|f43v.2|G004	RF1b	f43v.2	f43v	CONFIRMED_PROSE	P	4	11	DEFINITE_SPACE	DEFINITE_SPACE	che@152;y	che y	2	6,7	6	7	che	y	MULTI_ASCII_FRAGMENT	MULTI_FRAGMENT_MIXED_RETAINED_OMITTED
RF1b|f43v.3|G001	RF1b	f43v.3	f43v	CONFIRMED_PROSE	P	1	12	LINE_START	DEFINITE_SPACE	to@152;y	to y	2	1,2	1	2	to	y	MULTI_ASCII_FRAGMENT	MULTI_FRAGMENT_MIXED_RETAINED_OMITTED
RF1b|f43v.3|G008	RF1b	f43v.3	f43v	CONFIRMED_PROSE	P	8	12	DEFINITE_SPACE	DEFINITE_SPACE	oke@152;y	oke y	2	9,10	9	10	oke	y	MULTI_ASCII_FRAGMENT	MULTI_FRAGMENT_MIXED_RETAINED_OMITTED
RF1b|f43v.5|G001	RF1b	f43v.5	f43v	CONFIRMED_PROSE	P	1	6	LINE_START	DEFINITE_SPACE	qokche@152;y	qokche y	2	1,2	1	2	qokche	y	MULTI_ASCII_FRAGMENT	MULTI_FRAGMENT_MIXED_RETAINED_OMITTED
RF1b|f43v.5|G005	RF1b	f43v.5	f43v	CONFIRMED_PROSE	P	5	6	DEFINITE_SPACE	DEFINITE_SPACE	chcth@152;y	chcth y	2	6,7	6	7	chcth	y	MULTI_ASCII_FRAGMENT	MULTI_FRAGMENT_MIXED_RETAINED_OMITTED
RF1b|f43v.6|G001	RF1b	f43v.6	f43v	CONFIRMED_PROSE	P	1	9	LINE_START	DEFINITE_SPACE	tolkch@152;y	tolkch y	2	1,2	1	2	tolkch	y	MULTI_ASCII_FRAGMENT	MULTI_FRAGMENT_MIXED_RETAINED_OMITTED
RF1b|f43v.6|G002	RF1b	f43v.6	f43v	CONFIRMED_PROSE	P	2	9	DEFINITE_SPACE	DEFINITE_SPACE	oke@152;y	oke y	2	3,4	3	4	oke	y	MULTI_ASCII_FRAGMENT	MULTI_FRAGMENT_MIXED_RETAINED_OMITTED
RF1b|f43v.6|G004	RF1b	f43v.6	f43v	CONFIRMED_PROSE	P	4	9	DEFINITE_SPACE	DEFINITE_SPACE	she@152;y	she y	2	6,7	6	7	she	y	MULTI_ASCII_FRAGMENT	MULTI_FRAGMENT_MIXED_RETAINED_OMITTED
RF1b|f43v.6|G006	RF1b	f43v.6	f43v	CONFIRMED_PROSE	P	6	9	DEFINITE_SPACE	DEFINITE_SPACE	she@152;y	she y	2	9,10	9	10	she	y	MULTI_ASCII_FRAGMENT	MULTI_FRAGMENT_MIXED_RETAINED_OMITTED
RF1b|f43v.7|G001	RF1b	f43v.7	f43v	CONFIRMED_PROSE	P	1	10	LINE_START	DEFINITE_SPACE	ytshe@152;y	ytshe y	2	1,2	1	2	ytshe	y	MULTI_ASCII_FRAGMENT	MULTI_FRAGMENT_MIXED_RETAINED_OMITTED
RF1b|f43v.7|G003	RF1b	f43v.7	f43v	CONFIRMED_PROSE	P	3	10	DEFINITE_SPACE	DEFINITE_SPACE	oykee@152;y	oykee y	2	4,5	4	5	oykee	y	MULTI_ASCII_FRAGMENT	MULTI_FRAGMENT_MIXED_RETAINED_OMITTED
RF1b|f43v.7|G004	RF1b	f43v.7	f43v	CONFIRMED_PROSE	P	4	10	DEFINITE_SPACE	DEFINITE_SPACE	che@152;y	che y	2	6,7	6	7	che	y	MULTI_ASCII_FRAGMENT	MULTI_FRAGMENT_MIXED_RETAINED_OMITTED
RF1b|f43v.8|G002	RF1b	f43v.8	f43v	CONFIRMED_PROSE	P	2	9	DEFINITE_SPACE	DEFINITE_SPACE	oche@152;y	oche y	2	2,3	2	3	oche	y	MULTI_ASCII_FRAGMENT	MULTI_FRAGMENT_MIXED_RETAINED_OMITTED
RF1b|f43v.8|G003	RF1b	f43v.8	f43v	CONFIRMED_PROSE	P	3	9	DEFINITE_SPACE	DEFINITE_SPACE	oteo@152;y	oteo y	2	4,5	4	5	oteo	y	MULTI_ASCII_FRAGMENT	MULTI_FRAGMENT_MIXED_RETAINED_OMITTED
RF1b|f43v.8|G004	RF1b	f43v.8	f43v	CONFIRMED_PROSE	P	4	9	DEFINITE_SPACE	DEFINITE_SPACE	che@152;y	che y	2	6,7	6	7	che	y	MULTI_ASCII_FRAGMENT	MULTI_FRAGMENT_MIXED_RETAINED_OMITTED
RF1b|f43v.8|G005	RF1b	f43v.8	f43v	CONFIRMED_PROSE	P	5	9	DEFINITE_SPACE	DEFINITE_SPACE	cho@152;y	cho y	2	8,9	8	9	cho	y	MULTI_ASCII_FRAGMENT	MULTI_FRAGMENT_MIXED_RETAINED_OMITTED
RF1b|f43v.8|G007	RF1b	f43v.8	f43v	CONFIRMED_PROSE	P	7	9	DEFINITE_SPACE	DEFINITE_SPACE	sheo@152;y	sheo y	2	11,12	11	12	sheo	y	MULTI_ASCII_FRAGMENT	MULTI_FRAGMENT_MIXED_RETAINED_OMITTED
RF1b|f43v.9|G001	RF1b	f43v.9	f43v	CONFIRMED_PROSE	P	1	4	LINE_START	DEFINITE_SPACE	ytch@152;y	ytch y	2	1,2	1	2	ytch	y	MULTI_ASCII_FRAGMENT	MULTI_FRAGMENT_MIXED_RETAINED_OMITTED
RF1b|f44r.3|G004	RF1b	f44r.3	f44r	CONFIRMED_PROSE	P	4	6	DEFINITE_SPACE	DEFINITE_SPACE	ot@221;l	ot l	2	4,5	4,5		ot l		MULTI_ASCII_FRAGMENT	MULTI_FRAGMENT_ALL_RETAINED
RF1b|f44v.11|G001	RF1b	f44v.11	f44v	CONFIRMED_PROSE	P	1	7	LINE_START	DEFINITE_SPACE	ok@221;l	ok l	2	1,2	1,2		ok l		MULTI_ASCII_FRAGMENT	MULTI_FRAGMENT_ALL_RETAINED
RF1b|f44v.13|G001	RF1b	f44v.13	f44v	CONFIRMED_PROSE	P	1	3	LINE_START	DEFINITE_SPACE	lch@221;r	lch r	2	1,2	1,2		lch r		MULTI_ASCII_FRAGMENT	MULTI_FRAGMENT_ALL_RETAINED
RF1b|f44v.13|G002	RF1b	f44v.13	f44v	CONFIRMED_PROSE	P	2	3	DEFINITE_SPACE	DEFINITE_SPACE	sh@221;l	sh l	2	3,4	3,4		sh l		MULTI_ASCII_FRAGMENT	MULTI_FRAGMENT_ALL_RETAINED
RF1b|f46r.1|G002	RF1b	f46r.1	f46r	CONFIRMED_PROSE	P	2	13	DEFINITE_SPACE	DEFINITE_SPACE	qote@152;y	qote y	2	2,3	2	3	qote	y	MULTI_ASCII_FRAGMENT	MULTI_FRAGMENT_MIXED_RETAINED_OMITTED
RF1b|f46r.10|G005	RF1b	f46r.10	f46r	CONFIRMED_PROSE	P	5	9	DEFINITE_SPACE	DEFINITE_SPACE	qok@152;y	qok y	2	5,6	5	6	qok	y	MULTI_ASCII_FRAGMENT	MULTI_FRAGMENT_MIXED_RETAINED_OMITTED
RF1b|f46r.11|G005	RF1b	f46r.11	f46r	CONFIRMED_PROSE	P	5	12	DEFINITE_SPACE	DEFINITE_SPACE	o{ifh}e@152;y	oe y	2	5,6	5	6	oe	y	MULTI_ASCII_FRAGMENT	MULTI_FRAGMENT_MIXED_RETAINED_OMITTED
RF1b|f46r.11|G006	RF1b	f46r.11	f46r	CONFIRMED_PROSE	P	6	12	DEFINITE_SPACE	DEFINITE_SPACE	qopch@152;y	qopch y	2	7,8	7	8	qopch	y	MULTI_ASCII_FRAGMENT	MULTI_FRAGMENT_MIXED_RETAINED_OMITTED
RF1b|f46r.14|G007	RF1b	f46r.14	f46r	CONFIRMED_PROSE	P	7	8	DEFINITE_SPACE	DEFINITE_SPACE	ch@152;am	ch am	2	7,8	7,8		ch am		MULTI_ASCII_FRAGMENT	MULTI_FRAGMENT_ALL_RETAINED
RF1b|f46r.3|G008	RF1b	f46r.3	f46r	CONFIRMED_PROSE	P	8	14	DEFINITE_SPACE	DEFINITE_SPACE	@152;alshe@152;y	alshe y	2	8,9	8	9	alshe	y	MULTI_ASCII_FRAGMENT	MULTI_FRAGMENT_MIXED_RETAINED_OMITTED
RF1b|f46r.4|G001	RF1b	f46r.4	f46r	CONFIRMED_PROSE	P	1	10	LINE_START	DEFINITE_SPACE	tshe@152;ar	tshe ar	2	1,2	1,2		tshe ar		MULTI_ASCII_FRAGMENT	MULTI_FRAGMENT_ALL_RETAINED
RF1b|f46r.4|G003	RF1b	f46r.4	f46r	CONFIRMED_PROSE	P	3	10	DEFINITE_SPACE	DEFINITE_SPACE	kal@152;y	kal y	2	4,5	4	5	kal	y	MULTI_ASCII_FRAGMENT	MULTI_FRAGMENT_MIXED_RETAINED_OMITTED
RF1b|f46r.4|G005	RF1b	f46r.4	f46r	CONFIRMED_PROSE	P	5	10	DEFINITE_SPACE	DEFINITE_SPACE	qokal@152;y	qokal y	2	7,8	7	8	qokal	y	MULTI_ASCII_FRAGMENT	MULTI_FRAGMENT_MIXED_RETAINED_OMITTED
RF1b|f46r.5|G008	RF1b	f46r.5	f46r	CONFIRMED_PROSE	P	8	10	DEFINITE_SPACE	DEFINITE_SPACE	yte@152;y	yte y	2	8,9	8	9	yte	y	MULTI_ASCII_FRAGMENT	MULTI_FRAGMENT_MIXED_RETAINED_OMITTED
RF1b|f46r.6|G002	RF1b	f46r.6	f46r	CONFIRMED_PROSE	P	2	12	DEFINITE_SPACE	DEFINITE_SPACE	dyte@152;y	dyte y	2	2,3	2	3	dyte	y	MULTI_ASCII_FRAGMENT	MULTI_FRAGMENT_MIXED_RETAINED_OMITTED
RF1b|f46r.6|G006	RF1b	f46r.6	f46r	CONFIRMED_PROSE	P	6	12	DEFINITE_SPACE	DEFINITE_SPACE	ch@152;alor	ch alor	2	7,8	7,8		ch alor		MULTI_ASCII_FRAGMENT	MULTI_FRAGMENT_ALL_RETAINED
RF1b|f46r.6|G010	RF1b	f46r.6	f46r	CONFIRMED_PROSE	P	10	12	DEFINITE_SPACE	DEFINITE_SPACE	opche@152;y	opche y	2	12,13	12	13	opche	y	MULTI_ASCII_FRAGMENT	MULTI_FRAGMENT_MIXED_RETAINED_OMITTED
RF1b|f46r.7|G004	RF1b	f46r.7	f46r	CONFIRMED_PROSE	P	4	14	DEFINITE_SPACE	DEFINITE_SPACE	ytch@152;y	ytch y	2	4,5	4	5	ytch	y	MULTI_ASCII_FRAGMENT	MULTI_FRAGMENT_MIXED_RETAINED_OMITTED
RF1b|f46r.7|G005	RF1b	f46r.7	f46r	CONFIRMED_PROSE	P	5	14	DEFINITE_SPACE	DEFINITE_SPACE	qokch@152;y	qokch y	2	6,7	6	7	qokch	y	MULTI_ASCII_FRAGMENT	MULTI_FRAGMENT_MIXED_RETAINED_OMITTED
RF1b|f46r.8|G005	RF1b	f46r.8	f46r	CONFIRMED_PROSE	P	5	11	DEFINITE_SPACE	DEFINITE_SPACE	sh@152;y	sh y	2	5,6	5	6	sh	y	MULTI_ASCII_FRAGMENT	MULTI_FRAGMENT_MIXED_RETAINED_OMITTED
RF1b|f46r.9|G011	RF1b	f46r.9	f46r	CONFIRMED_PROSE	P	11	13	DEFINITE_SPACE	DEFINITE_SPACE	sh@176;y	sh y	2	11,12	11	12	sh	y	MULTI_ASCII_FRAGMENT	MULTI_FRAGMENT_MIXED_RETAINED_OMITTED
RF1b|f46r.9|G013	RF1b	f46r.9	f46r	CONFIRMED_PROSE	P	13	13	DEFINITE_SPACE	LINE_END	dar@152;am	dar am	2	14,15	14,15		dar am		MULTI_ASCII_FRAGMENT	MULTI_FRAGMENT_ALL_RETAINED
RF1b|f46v.1|G001	RF1b	f46v.1	f46v	CONFIRMED_PROSE	P	1	10	LINE_START	DEFINITE_SPACE	po@152;ylshe@152;	po ylshe	2	1,2	1,2		po ylshe		MULTI_ASCII_FRAGMENT	MULTI_FRAGMENT_ALL_RETAINED
RF1b|f46v.1|G002	RF1b	f46v.1	f46v	CONFIRMED_PROSE	P	2	10	DEFINITE_SPACE	DEFINITE_SPACE	ypdyshe@152;y	ypdyshe y	2	3,4	3	4	ypdyshe	y	MULTI_ASCII_FRAGMENT	MULTI_FRAGMENT_MIXED_RETAINED_OMITTED
RF1b|f46v.1|G004	RF1b	f46v.1	f46v	CONFIRMED_PROSE	P	4	10	DEFINITE_SPACE	DEFINITE_SPACE	yte@152;y	yte y	2	6,7	6	7	yte	y	MULTI_ASCII_FRAGMENT	MULTI_FRAGMENT_MIXED_RETAINED_OMITTED
RF1b|f46v.1|G008	RF1b	f46v.1	f46v	CONFIRMED_PROSE	P	8	10	DEFINITE_SPACE	DEFINITE_SPACE	o@176;ar	o ar	2	11,12	11,12		o ar		MULTI_ASCII_FRAGMENT	MULTI_FRAGMENT_ALL_RETAINED
RF1b|f46v.1|G009	RF1b	f46v.1	f46v	CONFIRMED_PROSE	P	9	10	DEFINITE_SPACE	DEFINITE_SPACE	y@176;ch@152;y	y ch y	3	13,14,15	14	13,15	ch	y y	MULTI_ASCII_FRAGMENT	MULTI_FRAGMENT_MIXED_RETAINED_OMITTED
RF1b|f46v.12|G003	RF1b	f46v.12	f46v	CONFIRMED_PROSE	P	3	5	DEFINITE_SPACE	DEFINITE_SPACE	ch@152;am	ch am	2	3,4	3,4		ch am		MULTI_ASCII_FRAGMENT	MULTI_FRAGMENT_ALL_RETAINED
RF1b|f46v.12|G005	RF1b	f46v.12	f46v	CONFIRMED_PROSE	P	5	5	DEFINITE_SPACE	LINE_END	ch@152;am	ch am	2	6,7	6,7		ch am		MULTI_ASCII_FRAGMENT	MULTI_FRAGMENT_ALL_RETAINED
RF1b|f46v.13|G002	RF1b	f46v.13	f46v	CONFIRMED_PROSE	P	2	2	DEFINITE_SPACE	LINE_END	che@152;y	che y	2	2,3	2	3	che	y	MULTI_ASCII_FRAGMENT	MULTI_FRAGMENT_MIXED_RETAINED_OMITTED
RF1b|f46v.2|G006	RF1b	f46v.2	f46v	CONFIRMED_PROSE	P	6	14	DEFINITE_SPACE	DEFINITE_SPACE	qoke@152;y	qoke y	2	6,7	6	7	qoke	y	MULTI_ASCII_FRAGMENT	MULTI_FRAGMENT_MIXED_RETAINED_OMITTED
RF1b|f46v.3|G003	RF1b	f46v.3	f46v	CONFIRMED_PROSE	P	3	12	DEFINITE_SPACE	DEFINITE_SPACE	chockh@152;y	chockh y	2	3,4	3	4	chockh	y	MULTI_ASCII_FRAGMENT	MULTI_FRAGMENT_MIXED_RETAINED_OMITTED
RF1b|f46v.3|G005	RF1b	f46v.3	f46v	CONFIRMED_PROSE	P	5	12	DEFINITE_SPACE	DEFINITE_SPACE	okalsh@152;y	okalsh y	2	6,7	6	7	okalsh	y	MULTI_ASCII_FRAGMENT	MULTI_FRAGMENT_MIXED_RETAINED_OMITTED
RF1b|f46v.3|G006	RF1b	f46v.3	f46v	CONFIRMED_PROSE	P	6	12	DEFINITE_SPACE	DEFINITE_SPACE	sh@152;y	sh y	2	8,9	8	9	sh	y	MULTI_ASCII_FRAGMENT	MULTI_FRAGMENT_MIXED_RETAINED_OMITTED
RF1b|f46v.3|G010	RF1b	f46v.3	f46v	CONFIRMED_PROSE	P	10	12	DEFINITE_SPACE	DEFINITE_SPACE	she@152;y	she y	2	13,14	13	14	she	y	MULTI_ASCII_FRAGMENT	MULTI_FRAGMENT_MIXED_RETAINED_OMITTED
RF1b|f46v.3|G011	RF1b	f46v.3	f46v	CONFIRMED_PROSE	P	11	12	DEFINITE_SPACE	DEFINITE_SPACE	che@152;y	che y	2	15,16	15	16	che	y	MULTI_ASCII_FRAGMENT	MULTI_FRAGMENT_MIXED_RETAINED_OMITTED
RF1b|f46v.4|G003	RF1b	f46v.4	f46v	CONFIRMED_PROSE	P	3	13	DEFINITE_SPACE	DEFINITE_SPACE	ch@152;al	ch al	2	3,4	3,4		ch al		MULTI_ASCII_FRAGMENT	MULTI_FRAGMENT_ALL_RETAINED
RF1b|f46v.4|G005	RF1b	f46v.4	f46v	CONFIRMED_PROSE	P	5	13	DEFINITE_SPACE	DEFINITE_SPACE	chckh@152;y	chckh y	2	6,7	6	7	chckh	y	MULTI_ASCII_FRAGMENT	MULTI_FRAGMENT_MIXED_RETAINED_OMITTED
RF1b|f46v.4|G006	RF1b	f46v.4	f46v	CONFIRMED_PROSE	P	6	13	DEFINITE_SPACE	DEFINITE_SPACE	ch@152;ody	ch ody	2	8,9	8,9		ch ody		MULTI_ASCII_FRAGMENT	MULTI_FRAGMENT_ALL_RETAINED
RF1b|f46v.4|G009	RF1b	f46v.4	f46v	CONFIRMED_PROSE	P	9	13	DEFINITE_SPACE	DEFINITE_SPACE	ke@152;y	ke y	2	12,13	12	13	ke	y	MULTI_ASCII_FRAGMENT	MULTI_FRAGMENT_MIXED_RETAINED_OMITTED
RF1b|f46v.5|G005	RF1b	f46v.5	f46v	CONFIRMED_PROSE	P	5	13	DEFINITE_SPACE	DEFINITE_SPACE	oke@152;y	oke y	2	5,6	5	6	oke	y	MULTI_ASCII_FRAGMENT	MULTI_FRAGMENT_MIXED_RETAINED_OMITTED
RF1b|f46v.5|G009	RF1b	f46v.5	f46v	CONFIRMED_PROSE	P	9	13	DEFINITE_SPACE	DEFINITE_SPACE	okee@152;y	okee y	2	10,11	10	11	okee	y	MULTI_ASCII_FRAGMENT	MULTI_FRAGMENT_MIXED_RETAINED_OMITTED
RF1b|f46v.6|G003	RF1b	f46v.6	f46v	CONFIRMED_PROSE	P	3	12	DEFINITE_SPACE	DEFINITE_SPACE	she@152;y	she y	2	3,4	3	4	she	y	MULTI_ASCII_FRAGMENT	MULTI_FRAGMENT_MIXED_RETAINED_OMITTED
RF1b|f46v.6|G005	RF1b	f46v.6	f46v	CONFIRMED_PROSE	P	5	12	DEFINITE_SPACE	DEFINITE_SPACE	qote@152;y	qote y	2	6,7	6	7	qote	y	MULTI_ASCII_FRAGMENT	MULTI_FRAGMENT_MIXED_RETAINED_OMITTED
RF1b|f46v.6|G006	RF1b	f46v.6	f46v	CONFIRMED_PROSE	P	6	12	DEFINITE_SPACE	DEFINITE_SPACE	shee@152;y	shee y	2	8,9	8	9	shee	y	MULTI_ASCII_FRAGMENT	MULTI_FRAGMENT_MIXED_RETAINED_OMITTED
RF1b|f46v.6|G008	RF1b	f46v.6	f46v	CONFIRMED_PROSE	P	8	12	DEFINITE_SPACE	DEFINITE_SPACE	qoke@152;y	qoke y	2	11,12	11	12	qoke	y	MULTI_ASCII_FRAGMENT	MULTI_FRAGMENT_MIXED_RETAINED_OMITTED
RF1b|f46v.7|G005	RF1b	f46v.7	f46v	CONFIRMED_PROSE	P	5	6	DEFINITE_SPACE	DEFINITE_SPACE	lche@152;y	lche y	2	5,6	5	6	lche	y	MULTI_ASCII_FRAGMENT	MULTI_FRAGMENT_MIXED_RETAINED_OMITTED
RF1b|f46v.9|G002	RF1b	f46v.9	f46v	CONFIRMED_PROSE	P	2	5	DEFINITE_SPACE	DEFINITE_SPACE	she@152;y	she y	2	2,3	2	3	she	y	MULTI_ASCII_FRAGMENT	MULTI_FRAGMENT_MIXED_RETAINED_OMITTED
RF1b|f48r.2|G005	RF1b	f48r.2	f48r	CONFIRMED_PROSE	P	5	10	DEFINITE_SPACE	DEFINITE_SPACE	qote@152;y	qote y	2	5,6	5	6	qote	y	MULTI_ASCII_FRAGMENT	MULTI_FRAGMENT_MIXED_RETAINED_OMITTED
RF1b|f48r.2|G007	RF1b	f48r.2	f48r	CONFIRMED_PROSE	P	7	10	DEFINITE_SPACE	DEFINITE_SPACE	otch@152;y	otch y	2	8,9	8	9	otch	y	MULTI_ASCII_FRAGMENT	MULTI_FRAGMENT_MIXED_RETAINED_OMITTED
RF1b|f48r.2|G008	RF1b	f48r.2	f48r	CONFIRMED_PROSE	P	8	10	DEFINITE_SPACE	DEFINITE_SPACE	te@152;ain	te ain	2	10,11	10,11		te ain		MULTI_ASCII_FRAGMENT	MULTI_FRAGMENT_ALL_RETAINED
RF1b|f48r.3|G005	RF1b	f48r.3	f48r	CONFIRMED_PROSE	P	5	13	DEFINITE_SPACE	DEFINITE_SPACE	o@152;y	o y	2	5,6	5	6	o	y	MULTI_ASCII_FRAGMENT	MULTI_FRAGMENT_MIXED_RETAINED_OMITTED
RF1b|f48r.4|G006	RF1b	f48r.4	f48r	CONFIRMED_PROSE	P	6	11	DEFINITE_SPACE	DEFINITE_SPACE	yte@152;ytedy	yte ytedy	2	6,7	6,7		yte ytedy		MULTI_ASCII_FRAGMENT	MULTI_FRAGMENT_ALL_RETAINED
RF1b|f48r.4|G007	RF1b	f48r.4	f48r	CONFIRMED_PROSE	P	7	11	DEFINITE_SPACE	DEFINITE_SPACE	qok@152;y	qok y	2	8,9	8	9	qok	y	MULTI_ASCII_FRAGMENT	MULTI_FRAGMENT_MIXED_RETAINED_OMITTED
RF1b|f48r.4|G009	RF1b	f48r.4	f48r	CONFIRMED_PROSE	P	9	11	DEFINITE_SPACE	DEFINITE_SPACE	chete@152;y	chete y	2	11,12	11	12	chete	y	MULTI_ASCII_FRAGMENT	MULTI_FRAGMENT_MIXED_RETAINED_OMITTED
RF1b|f48r.6|G002	RF1b	f48r.6	f48r	CONFIRMED_PROSE	P	2	13	DEFINITE_SPACE	DEFINITE_SPACE	lkee@152;y	lkee y	2	2,3	2	3	lkee	y	MULTI_ASCII_FRAGMENT	MULTI_FRAGMENT_MIXED_RETAINED_OMITTED
RF1b|f48r.7|G009	RF1b	f48r.7	f48r	CONFIRMED_PROSE	P	9	10	DEFINITE_SPACE	DEFINITE_SPACE	oke@152;y	oke y	2	9,10	9	10	oke	y	MULTI_ASCII_FRAGMENT	MULTI_FRAGMENT_MIXED_RETAINED_OMITTED
RF1b|f48v.1|G010	RF1b	f48v.1	f48v	CONFIRMED_PROSE	P	10	12	DEFINITE_SPACE	DEFINITE_SPACE	ch@152;y	ch y	2	10,11	10	11	ch	y	MULTI_ASCII_FRAGMENT	MULTI_FRAGMENT_MIXED_RETAINED_OMITTED
RF1b|f48v.1|G012	RF1b	f48v.1	f48v	CONFIRMED_PROSE	P	12	12	DEFINITE_SPACE	LINE_END	che@152;yty	che yty	2	13,14	13	14	che	yty	MULTI_ASCII_FRAGMENT	MULTI_FRAGMENT_MIXED_RETAINED_OMITTED
RF1b|f48v.10|G005	RF1b	f48v.10	f48v	CONFIRMED_PROSE	P	5	13	DEFINITE_SPACE	DEFINITE_SPACE	ch@152;y	ch y	2	5,6	5	6	ch	y	MULTI_ASCII_FRAGMENT	MULTI_FRAGMENT_MIXED_RETAINED_OMITTED
RF1b|f48v.10|G011	RF1b	f48v.10	f48v	CONFIRMED_PROSE	P	11	13	DEFINITE_SPACE	DEFINITE_SPACE	ok@221;r	ok r	2	12,13	12,13		ok r		MULTI_ASCII_FRAGMENT	MULTI_FRAGMENT_ALL_RETAINED
RF1b|f48v.2|G006	RF1b	f48v.2	f48v	CONFIRMED_PROSE	P	6	10	DEFINITE_SPACE	DEFINITE_SPACE	yote@152;y	yote y	2	6,7	6	7	yote	y	MULTI_ASCII_FRAGMENT	MULTI_FRAGMENT_MIXED_RETAINED_OMITTED
RF1b|f48v.3|G004	RF1b	f48v.3	f48v	CONFIRMED_PROSE	P	4	13	DEFINITE_SPACE	DEFINITE_SPACE	keo@152;y	keo y	2	4,5	4	5	keo	y	MULTI_ASCII_FRAGMENT	MULTI_FRAGMENT_MIXED_RETAINED_OMITTED
RF1b|f48v.4|G007	RF1b	f48v.4	f48v	CONFIRMED_PROSE	P	7	11	DEFINITE_SPACE	DRAWING_INTERRUPTION	alch@152;y	alch y	2	7,8	7	8	alch	y	MULTI_ASCII_FRAGMENT	MULTI_FRAGMENT_MIXED_RETAINED_OMITTED
RF1b|f48v.4|G008	RF1b	f48v.4	f48v	CONFIRMED_PROSE	P	8	11	DRAWING_INTERRUPTION	DEFINITE_SPACE	ytee@152;y	ytee y	2	9,10	9	10	ytee	y	MULTI_ASCII_FRAGMENT	MULTI_FRAGMENT_MIXED_RETAINED_OMITTED
RF1b|f48v.4|G010	RF1b	f48v.4	f48v	CONFIRMED_PROSE	P	10	11	DEFINITE_SPACE	DEFINITE_SPACE	yke@152;y	yke y	2	12,13	12	13	yke	y	MULTI_ASCII_FRAGMENT	MULTI_FRAGMENT_MIXED_RETAINED_OMITTED
RF1b|f48v.6|G013	RF1b	f48v.6	f48v	CONFIRMED_PROSE	P	13	14	DEFINITE_SPACE	DEFINITE_SPACE	che@152;y	che y	2	13,14	13	14	che	y	MULTI_ASCII_FRAGMENT	MULTI_FRAGMENT_MIXED_RETAINED_OMITTED
RF1b|f48v.7|G001	RF1b	f48v.7	f48v	CONFIRMED_PROSE	P	1	10	LINE_START	DEFINITE_SPACE	pche@152;ar	pche ar	2	1,2	1,2		pche ar		MULTI_ASCII_FRAGMENT	MULTI_FRAGMENT_ALL_RETAINED
RF1b|f48v.8|G001	RF1b	f48v.8	f48v	CONFIRMED_PROSE	P	1	11	LINE_START	DEFINITE_SPACE	oteo@152;y	oteo y	2	1,2	1	2	oteo	y	MULTI_ASCII_FRAGMENT	MULTI_FRAGMENT_MIXED_RETAINED_OMITTED
RF1b|f48v.8|G003	RF1b	f48v.8	f48v	CONFIRMED_PROSE	P	3	11	DRAWING_INTERRUPTION	DEFINITE_SPACE	oke@152;y	oke y	2	4,5	4	5	oke	y	MULTI_ASCII_FRAGMENT	MULTI_FRAGMENT_MIXED_RETAINED_OMITTED
RF1b|f48v.8|G005	RF1b	f48v.8	f48v	CONFIRMED_PROSE	P	5	11	DEFINITE_SPACE	DEFINITE_SPACE	yke@152;y	yke y	2	7,8	7	8	yke	y	MULTI_ASCII_FRAGMENT	MULTI_FRAGMENT_MIXED_RETAINED_OMITTED
RF1b|f48v.8|G006	RF1b	f48v.8	f48v	CONFIRMED_PROSE	P	6	11	DEFINITE_SPACE	DRAWING_INTERRUPTION	ol@152;y	ol y	2	9,10	9	10	ol	y	MULTI_ASCII_FRAGMENT	MULTI_FRAGMENT_MIXED_RETAINED_OMITTED
RF1b|f48v.9|G004	RF1b	f48v.9	f48v	CONFIRMED_PROSE	P	4	12	DRAWING_INTERRUPTION	DEFINITE_SPACE	otche@152;y	otche y	2	4,5	4	5	otche	y	MULTI_ASCII_FRAGMENT	MULTI_FRAGMENT_MIXED_RETAINED_OMITTED
RF1b|f48v.9|G009	RF1b	f48v.9	f48v	CONFIRMED_PROSE	P	9	12	DRAWING_INTERRUPTION	DEFINITE_SPACE	otch@152;y	otch y	2	10,11	10	11	otch	y	MULTI_ASCII_FRAGMENT	MULTI_FRAGMENT_MIXED_RETAINED_OMITTED
RF1b|f48v.9|G012	RF1b	f48v.9	f48v	CONFIRMED_PROSE	P	12	12	DEFINITE_SPACE	LINE_END	ote@152;y	ote y	2	14,15	14	15	ote	y	MULTI_ASCII_FRAGMENT	MULTI_FRAGMENT_MIXED_RETAINED_OMITTED
RF1b|f49r.1|G001	RF1b	f49r.1	f49r	CONFIRMED_PROSE	P	1	8	LINE_START	DEFINITE_SPACE	p@221;chol	p chol	2	1,2	2	1	chol	p	MULTI_ASCII_FRAGMENT	MULTI_FRAGMENT_MIXED_RETAINED_OMITTED
RF1b|f49v.11|G001	RF1b	f49v.11	f49v	DIAGNOSTIC_NONPROSE	L	1	1	LINE_START	LINE_END	@140;		0						ZERO_ASCII_FRAGMENT	SOURCE_GROUP_ABSENT_FROM_LEGACY_ASCII
RF1b|f49v.21|G001	RF1b	f49v.21	f49v	DIAGNOSTIC_NONPROSE	L	1	1	LINE_START	LINE_END	@192;		0						ZERO_ASCII_FRAGMENT	SOURCE_GROUP_ABSENT_FROM_LEGACY_ASCII
RF1b|f49v.24|G005	RF1b	f49v.24	f49v	CONFIRMED_PROSE	P	5	5	DEFINITE_SPACE	LINE_END	chok@221;m	chok m	2	5,6	5	6	chok	m	MULTI_ASCII_FRAGMENT	MULTI_FRAGMENT_MIXED_RETAINED_OMITTED
RF1b|f49v.27|G001	RF1b	f49v.27	f49v	DIAGNOSTIC_NONPROSE	L	1	1	LINE_START	LINE_END	@140;		0						ZERO_ASCII_FRAGMENT	SOURCE_GROUP_ABSENT_FROM_LEGACY_ASCII
RF1b|f49v.35|G001	RF1b	f49v.35	f49v	DIAGNOSTIC_NONPROSE	L	1	1	LINE_START	LINE_END	@192;		0						ZERO_ASCII_FRAGMENT	SOURCE_GROUP_ABSENT_FROM_LEGACY_ASCII
RF1b|f49v.41|G001	RF1b	f49v.41	f49v	DIAGNOSTIC_NONPROSE	L	1	1	LINE_START	LINE_END	@140;		0						ZERO_ASCII_FRAGMENT	SOURCE_GROUP_ABSENT_FROM_LEGACY_ASCII
RF1b|f49v.46|G003	RF1b	f49v.46	f49v	CONFIRMED_PROSE	P	3	9	DEFINITE_SPACE	DEFINITE_SPACE	@243;		0						ZERO_ASCII_FRAGMENT	SOURCE_GROUP_ABSENT_FROM_LEGACY_ASCII
RF1b|f49v.6|G004	RF1b	f49v.6	f49v	CONFIRMED_PROSE	P	4	4	DEFINITE_SPACE	LINE_END	kod@152;y	kod y	2	4,5	4	5	kod	y	MULTI_ASCII_FRAGMENT	MULTI_FRAGMENT_MIXED_RETAINED_OMITTED
RF1b|f4r.11|G002	RF1b	f4r.11	f4r	CONFIRMED_PROSE	P	2	3	DEFINITE_SPACE	DEFINITE_SPACE	she@221;r	she r	2	2,3	2,3		she r		MULTI_ASCII_FRAGMENT	MULTI_FRAGMENT_ALL_RETAINED
RF1b|f4v.14|G001	RF1b	f4v.14	f4v	CONFIRMED_PROSE	P	1	3	LINE_START	DEFINITE_SPACE	ocho@152;y	ocho y	2	1,2	1	2	ocho	y	MULTI_ASCII_FRAGMENT	MULTI_FRAGMENT_MIXED_RETAINED_OMITTED
RF1b|f4v.3|G004	RF1b	f4v.3	f4v	CONFIRMED_PROSE	P	4	7	DEFINITE_SPACE	DEFINITE_SPACE	sh@221;iin	sh iin	2	4,5	4,5		sh iin		MULTI_ASCII_FRAGMENT	MULTI_FRAGMENT_ALL_RETAINED
RF1b|f4v.3|G007	RF1b	f4v.3	f4v	CONFIRMED_PROSE	P	7	7	DRAWING_INTERRUPTION	LINE_END	oar@221;m	oar m	2	8,9	8	9	oar	m	MULTI_ASCII_FRAGMENT	MULTI_FRAGMENT_MIXED_RETAINED_OMITTED
RF1b|f4v.5|G003	RF1b	f4v.5	f4v	CONFIRMED_PROSE	P	3	7	DEFINITE_SPACE	DEFINITE_SPACE	{cto}		0						ZERO_ASCII_FRAGMENT	SOURCE_GROUP_ABSENT_FROM_LEGACY_ASCII
RF1b|f50r.1|G002	RF1b	f50r.1	f50r	CONFIRMED_PROSE	P	2	8	DEFINITE_SPACE	DEFINITE_SPACE	ol@176;air	ol air	2	2,3	2,3		ol air		MULTI_ASCII_FRAGMENT	MULTI_FRAGMENT_ALL_RETAINED
RF1b|f50r.1|G003	RF1b	f50r.1	f50r	CONFIRMED_PROSE	P	3	8	DEFINITE_SPACE	DEFINITE_SPACE	olfche@152;y	olfche y	2	4,5	4	5	olfche	y	MULTI_ASCII_FRAGMENT	MULTI_FRAGMENT_MIXED_RETAINED_OMITTED
RF1b|f50r.3|G004	RF1b	f50r.3	f50r	CONFIRMED_PROSE	P	4	10	DEFINITE_SPACE	DEFINITE_SPACE	okeo@152;y	okeo y	2	4,5	4	5	okeo	y	MULTI_ASCII_FRAGMENT	MULTI_FRAGMENT_MIXED_RETAINED_OMITTED
RF1b|f50r.3|G005	RF1b	f50r.3	f50r	CONFIRMED_PROSE	P	5	10	DEFINITE_SPACE	DEFINITE_SPACE	qoke@152;y	qoke y	2	6,7	6	7	qoke	y	MULTI_ASCII_FRAGMENT	MULTI_FRAGMENT_MIXED_RETAINED_OMITTED
RF1b|f50r.3|G008	RF1b	f50r.3	f50r	CONFIRMED_PROSE	P	8	10	DEFINITE_SPACE	DEFINITE_SPACE	pch@152;y	pch y	2	10,11	10	11	pch	y	MULTI_ASCII_FRAGMENT	MULTI_FRAGMENT_MIXED_RETAINED_OMITTED
RF1b|f50r.3|G009	RF1b	f50r.3	f50r	CONFIRMED_PROSE	P	9	10	DEFINITE_SPACE	DEFINITE_SPACE	chk@221;iin	chk iin	2	12,13	12,13		chk iin		MULTI_ASCII_FRAGMENT	MULTI_FRAGMENT_ALL_RETAINED
RF1b|f50r.4|G004	RF1b	f50r.4	f50r	CONFIRMED_PROSE	P	4	10	DEFINITE_SPACE	DEFINITE_SPACE	qokch@152;y	qokch y	2	4,5	4	5	qokch	y	MULTI_ASCII_FRAGMENT	MULTI_FRAGMENT_MIXED_RETAINED_OMITTED
RF1b|f50r.5|G003	RF1b	f50r.5	f50r	CONFIRMED_PROSE	P	3	11	DEFINITE_SPACE	DEFINITE_SPACE	qokch@152;y	qokch y	2	3,4	3	4	qokch	y	MULTI_ASCII_FRAGMENT	MULTI_FRAGMENT_MIXED_RETAINED_OMITTED
RF1b|f50r.5|G004	RF1b	f50r.5	f50r	CONFIRMED_PROSE	P	4	11	DEFINITE_SPACE	DEFINITE_SPACE	qo@176;ch@152;y	qo ch y	3	5,6,7	5,6	7	qo ch	y	MULTI_ASCII_FRAGMENT	MULTI_FRAGMENT_MIXED_RETAINED_OMITTED
RF1b|f50r.6|G003	RF1b	f50r.6	f50r	CONFIRMED_PROSE	P	3	9	DEFINITE_SPACE	DEFINITE_SPACE	olkche@152;y	olkche y	2	3,4	3	4	olkche	y	MULTI_ASCII_FRAGMENT	MULTI_FRAGMENT_MIXED_RETAINED_OMITTED
RF1b|f50r.7|G001	RF1b	f50r.7	f50r	CONFIRMED_PROSE	P	1	10	LINE_START	DEFINITE_SPACE	to@152;alain	to alain	2	1,2	1,2		to alain		MULTI_ASCII_FRAGMENT	MULTI_FRAGMENT_ALL_RETAINED
RF1b|f50r.7|G009	RF1b	f50r.7	f50r	CONFIRMED_PROSE	P	9	10	DEFINITE_SPACE	DEFINITE_SPACE	okche@152;y	okche y	2	10,11	10	11	okche	y	MULTI_ASCII_FRAGMENT	MULTI_FRAGMENT_MIXED_RETAINED_OMITTED
RF1b|f50r.8|G006	RF1b	f50r.8	f50r	CONFIRMED_PROSE	P	6	8	DEFINITE_SPACE	DEFINITE_SPACE	she@152;ain	she ain	2	6,7	6,7		she ain		MULTI_ASCII_FRAGMENT	MULTI_FRAGMENT_ALL_RETAINED
RF1b|f50r.9|G001	RF1b	f50r.9	f50r	CONFIRMED_PROSE	P	1	7	LINE_START	DEFINITE_SPACE	ytch@152;y	ytch y	2	1,2	1	2	ytch	y	MULTI_ASCII_FRAGMENT	MULTI_FRAGMENT_MIXED_RETAINED_OMITTED
RF1b|f50r.9|G002	RF1b	f50r.9	f50r	CONFIRMED_PROSE	P	2	7	DEFINITE_SPACE	DRAWING_INTERRUPTION	kche@152;y	kche y	2	3,4	3	4	kche	y	MULTI_ASCII_FRAGMENT	MULTI_FRAGMENT_MIXED_RETAINED_OMITTED
RF1b|f50v.1|G003	RF1b	f50v.1	f50v	CONFIRMED_PROSE	P	3	10	DEFINITE_SPACE	DEFINITE_SPACE	l@152;ar	l ar	2	3,4	3,4		l ar		MULTI_ASCII_FRAGMENT	MULTI_FRAGMENT_ALL_RETAINED
RF1b|f50v.1|G004	RF1b	f50v.1	f50v	CONFIRMED_PROSE	P	4	10	DEFINITE_SPACE	DEFINITE_SPACE	shotch@152;y	shotch y	2	5,6	5	6	shotch	y	MULTI_ASCII_FRAGMENT	MULTI_FRAGMENT_MIXED_RETAINED_OMITTED
RF1b|f50v.1|G010	RF1b	f50v.1	f50v	CONFIRMED_PROSE	P	10	10	DEFINITE_SPACE	LINE_END	far@152;am	far am	2	12,13	12,13		far am		MULTI_ASCII_FRAGMENT	MULTI_FRAGMENT_ALL_RETAINED
RF1b|f50v.10|G001	RF1b	f50v.10	f50v	CONFIRMED_PROSE	P	1	7	LINE_START	DEFINITE_SPACE	dche@152;y	dche y	2	1,2	1	2	dche	y	MULTI_ASCII_FRAGMENT	MULTI_FRAGMENT_MIXED_RETAINED_OMITTED
RF1b|f50v.10|G007	RF1b	f50v.10	f50v	CONFIRMED_PROSE	P	7	7	DEFINITE_SPACE	LINE_END	ar@221;od	ar od	2	8,9	8,9		ar od		MULTI_ASCII_FRAGMENT	MULTI_FRAGMENT_ALL_RETAINED
RF1b|f50v.11|G004	RF1b	f50v.11	f50v	CONFIRMED_PROSE	P	4	4	DEFINITE_SPACE	LINE_END	kch@152;y	kch y	2	4,5	4	5	kch	y	MULTI_ASCII_FRAGMENT	MULTI_FRAGMENT_MIXED_RETAINED_OMITTED
RF1b|f50v.2|G006	RF1b	f50v.2	f50v	CONFIRMED_PROSE	P	6	10	DEFINITE_SPACE	DEFINITE_SPACE	ch@152;y	ch y	2	6,7	6	7	ch	y	MULTI_ASCII_FRAGMENT	MULTI_FRAGMENT_MIXED_RETAINED_OMITTED
RF1b|f50v.2|G008	RF1b	f50v.2	f50v	CONFIRMED_PROSE	P	8	10	DEFINITE_SPACE	DEFINITE_SPACE	keo@152;y	keo y	2	9,10	9	10	keo	y	MULTI_ASCII_FRAGMENT	MULTI_FRAGMENT_MIXED_RETAINED_OMITTED
RF1b|f50v.3|G001	RF1b	f50v.3	f50v	CONFIRMED_PROSE	P	1	9	LINE_START	DEFINITE_SPACE	poche@152;y	poche y	2	1,2	1	2	poche	y	MULTI_ASCII_FRAGMENT	MULTI_FRAGMENT_MIXED_RETAINED_OMITTED
RF1b|f50v.3|G002	RF1b	f50v.3	f50v	CONFIRMED_PROSE	P	2	9	DEFINITE_SPACE	DEFINITE_SPACE	qoko@152;y	qoko y	2	3,4	3	4	qoko	y	MULTI_ASCII_FRAGMENT	MULTI_FRAGMENT_MIXED_RETAINED_OMITTED
RF1b|f50v.3|G007	RF1b	f50v.3	f50v	CONFIRMED_PROSE	P	7	9	DEFINITE_SPACE	DEFINITE_SPACE	qoke@152;y	qoke y	2	9,10	9	10	qoke	y	MULTI_ASCII_FRAGMENT	MULTI_FRAGMENT_MIXED_RETAINED_OMITTED
RF1b|f50v.4|G007	RF1b	f50v.4	f50v	CONFIRMED_PROSE	P	7	11	DEFINITE_SPACE	DEFINITE_SPACE	okee@152;y	okee y	2	7,8	7	8	okee	y	MULTI_ASCII_FRAGMENT	MULTI_FRAGMENT_MIXED_RETAINED_OMITTED
RF1b|f50v.4|G008	RF1b	f50v.4	f50v	CONFIRMED_PROSE	P	8	11	DEFINITE_SPACE	DEFINITE_SPACE	okch@152;y	okch y	2	9,10	9	10	okch	y	MULTI_ASCII_FRAGMENT	MULTI_FRAGMENT_MIXED_RETAINED_OMITTED
RF1b|f50v.5|G007	RF1b	f50v.5	f50v	CONFIRMED_PROSE	P	7	9	DEFINITE_SPACE	DEFINITE_SPACE	che@152;y	che y	2	7,8	7	8	che	y	MULTI_ASCII_FRAGMENT	MULTI_FRAGMENT_MIXED_RETAINED_OMITTED
RF1b|f50v.5|G008	RF1b	f50v.5	f50v	CONFIRMED_PROSE	P	8	9	DEFINITE_SPACE	DEFINITE_SPACE	chke@152;y	chke y	2	9,10	9	10	chke	y	MULTI_ASCII_FRAGMENT	MULTI_FRAGMENT_MIXED_RETAINED_OMITTED
RF1b|f50v.5|G009	RF1b	f50v.5	f50v	CONFIRMED_PROSE	P	9	9	DEFINITE_SPACE	LINE_END	oke@152;yd	oke yd	2	11,12	11,12		oke yd		MULTI_ASCII_FRAGMENT	MULTI_FRAGMENT_ALL_RETAINED
RF1b|f50v.6|G002	RF1b	f50v.6	f50v	CONFIRMED_PROSE	P	2	10	DEFINITE_SPACE	DEFINITE_SPACE	ke@152;air	ke air	2	2,3	2,3		ke air		MULTI_ASCII_FRAGMENT	MULTI_FRAGMENT_ALL_RETAINED
RF1b|f50v.6|G005	RF1b	f50v.6	f50v	CONFIRMED_PROSE	P	5	10	DEFINITE_SPACE	DEFINITE_SPACE	qoke@152;y	qoke y	2	6,7	6	7	qoke	y	MULTI_ASCII_FRAGMENT	MULTI_FRAGMENT_MIXED_RETAINED_OMITTED
RF1b|f50v.6|G008	RF1b	f50v.6	f50v	CONFIRMED_PROSE	P	8	10	DEFINITE_SPACE	DEFINITE_SPACE	oke@152;y	oke y	2	10,11	10	11	oke	y	MULTI_ASCII_FRAGMENT	MULTI_FRAGMENT_MIXED_RETAINED_OMITTED
RF1b|f50v.7|G008	RF1b	f50v.7	f50v	CONFIRMED_PROSE	P	8	10	DEFINITE_SPACE	DEFINITE_SPACE	qotch@152;y	qotch y	2	8,9	8	9	qotch	y	MULTI_ASCII_FRAGMENT	MULTI_FRAGMENT_MIXED_RETAINED_OMITTED
RF1b|f50v.8|G003	RF1b	f50v.8	f50v	CONFIRMED_PROSE	P	3	10	DEFINITE_SPACE	DEFINITE_SPACE	ot@221;r	ot r	2	3,4	3,4		ot r		MULTI_ASCII_FRAGMENT	MULTI_FRAGMENT_ALL_RETAINED
RF1b|f50v.9|G004	RF1b	f50v.9	f50v	CONFIRMED_PROSE	P	4	8	DEFINITE_SPACE	DEFINITE_SPACE	eche@152;y	eche y	2	4,5	4	5	eche	y	MULTI_ASCII_FRAGMENT	MULTI_FRAGMENT_MIXED_RETAINED_OMITTED
RF1b|f50v.9|G005	RF1b	f50v.9	f50v	CONFIRMED_PROSE	P	5	8	DEFINITE_SPACE	DRAWING_INTERRUPTION	kch@152;y	kch y	2	6,7	6	7	kch	y	MULTI_ASCII_FRAGMENT	MULTI_FRAGMENT_MIXED_RETAINED_OMITTED
RF1b|f51r.10|G002	RF1b	f51r.10	f51r	CONFIRMED_PROSE	P	2	7	DEFINITE_SPACE	DEFINITE_SPACE	d@221;r	d r	2	2,3	2,3		d r		MULTI_ASCII_FRAGMENT	MULTI_FRAGMENT_ALL_RETAINED
RF1b|f51r.11|G002	RF1b	f51r.11	f51r	CONFIRMED_PROSE	P	2	5	DEFINITE_SPACE	DEFINITE_SPACE	opee@221;dy	opee dy	2	2,3	2	3	opee	dy	MULTI_ASCII_FRAGMENT	MULTI_FRAGMENT_MIXED_RETAINED_OMITTED
RF1b|f51r.15|G007	RF1b	f51r.15	f51r	CONFIRMED_PROSE	P	7	7	DRAWING_INTERRUPTION	LINE_END	ot@221;l	ot l	2	7,8	7,8		ot l		MULTI_ASCII_FRAGMENT	MULTI_FRAGMENT_ALL_RETAINED
RF1b|f51r.3|G004	RF1b	f51r.3	f51r	CONFIRMED_PROSE	P	4	5	DEFINITE_SPACE	DEFINITE_SPACE	ckheo@152;ar	ckheo ar	2	4,5	4,5		ckheo ar		MULTI_ASCII_FRAGMENT	MULTI_FRAGMENT_ALL_RETAINED
RF1b|f51r.6|G003	RF1b	f51r.6	f51r	CONFIRMED_PROSE	P	3	4	DEFINITE_SPACE	DEFINITE_SPACE	@222;kch@221;daiin	kch daiin	2	3,4	3,4		kch daiin		MULTI_ASCII_FRAGMENT	MULTI_FRAGMENT_ALL_RETAINED
RF1b|f51r.9|G006	RF1b	f51r.9	f51r	CONFIRMED_PROSE	P	6	7	DEFINITE_SPACE	DEFINITE_SPACE	qo@152;y	qo y	2	6,7	6	7	qo	y	MULTI_ASCII_FRAGMENT	MULTI_FRAGMENT_MIXED_RETAINED_OMITTED
RF1b|f51v.5|G002	RF1b	f51v.5	f51v	CONFIRMED_PROSE	P	2	9	DEFINITE_SPACE	DEFINITE_SPACE	yto@152;y	yto y	2	2,3	2	3	yto	y	MULTI_ASCII_FRAGMENT	MULTI_FRAGMENT_MIXED_RETAINED_OMITTED
RF1b|f51v.6|G004	RF1b	f51v.6	f51v	CONFIRMED_PROSE	P	4	7	DEFINITE_SPACE	DEFINITE_SPACE	qok@221;l	qok l	2	4,5	4,5		qok l		MULTI_ASCII_FRAGMENT	MULTI_FRAGMENT_ALL_RETAINED
RF1b|f51v.6|G006	RF1b	f51v.6	f51v	CONFIRMED_PROSE	P	6	7	DRAWING_INTERRUPTION	DEFINITE_SPACE	otyk@221;l	otyk l	2	7,8	7,8		otyk l		MULTI_ASCII_FRAGMENT	MULTI_FRAGMENT_ALL_RETAINED
RF1b|f52r.8|G008	RF1b	f52r.8	f52r	CONFIRMED_PROSE	P	8	9	DEFINITE_SPACE	DEFINITE_SPACE	dch@221;m	dch m	2	8,9	8	9	dch	m	MULTI_ASCII_FRAGMENT	MULTI_FRAGMENT_MIXED_RETAINED_OMITTED
RF1b|f53r.1|G001	RF1b	f53r.1	f53r	CONFIRMED_PROSE	P	1	3	LINE_START	DEFINITE_SPACE	k@221;dam	k dam	2	1,2	1,2		k dam		MULTI_ASCII_FRAGMENT	MULTI_FRAGMENT_ALL_RETAINED
RF1b|f53r.6|G002	RF1b	f53r.6	f53r	CONFIRMED_PROSE	P	2	9	DEFINITE_SPACE	DEFINITE_SPACE	oqo@221;r	oqo r	2	2,3	2,3		oqo r		MULTI_ASCII_FRAGMENT	MULTI_FRAGMENT_ALL_RETAINED
RF1b|f53r.6|G004	RF1b	f53r.6	f53r	CONFIRMED_PROSE	P	4	9	DEFINITE_SPACE	DEFINITE_SPACE	o@152;or	o or	2	5,6	5,6		o or		MULTI_ASCII_FRAGMENT	MULTI_FRAGMENT_ALL_RETAINED
RF1b|f53r.8|G006	RF1b	f53r.8	f53r	CONFIRMED_PROSE	P	6	9	DEFINITE_SPACE	DRAWING_INTERRUPTION	{cto}		0						ZERO_ASCII_FRAGMENT	SOURCE_GROUP_ABSENT_FROM_LEGACY_ASCII
RF1b|f53v.10|G002	RF1b	f53v.10	f53v	CONFIRMED_PROSE	P	2	3	DEFINITE_SPACE	DEFINITE_SPACE	qo@152;al	qo al	2	2,3	2,3		qo al		MULTI_ASCII_FRAGMENT	MULTI_FRAGMENT_ALL_RETAINED
RF1b|f53v.10|G003	RF1b	f53v.10	f53v	CONFIRMED_PROSE	P	3	3	DEFINITE_SPACE	LINE_END	sho@152;aiin	sho aiin	2	4,5	4,5		sho aiin		MULTI_ASCII_FRAGMENT	MULTI_FRAGMENT_ALL_RETAINED
RF1b|f53v.2|G007	RF1b	f53v.2	f53v	CONFIRMED_PROSE	P	7	8	DEFINITE_SPACE	DEFINITE_SPACE	@152;ch@221;m	ch m	2	7,8	7	8	ch	m	MULTI_ASCII_FRAGMENT	MULTI_FRAGMENT_MIXED_RETAINED_OMITTED
RF1b|f53v.5|G006	RF1b	f53v.5	f53v	CONFIRMED_PROSE	P	6	6	DEFINITE_SPACE	LINE_END	y@152;y	y y	2	6,7		6,7		y y	MULTI_ASCII_FRAGMENT	MULTI_FRAGMENT_ALL_OMITTED
RF1b|f53v.6|G005	RF1b	f53v.6	f53v	CONFIRMED_PROSE	P	5	5	DEFINITE_SPACE	LINE_END	chol@152;am	chol am	2	5,6	5,6		chol am		MULTI_ASCII_FRAGMENT	MULTI_FRAGMENT_ALL_RETAINED
RF1b|f53v.8|G002	RF1b	f53v.8	f53v	CONFIRMED_PROSE	P	2	6	DEFINITE_SPACE	DEFINITE_SPACE	ksh@221;dy	ksh dy	2	2,3	2	3	ksh	dy	MULTI_ASCII_FRAGMENT	MULTI_FRAGMENT_MIXED_RETAINED_OMITTED
RF1b|f53v.9|G004	RF1b	f53v.9	f53v	CONFIRMED_PROSE	P	4	8	DEFINITE_SPACE	DEFINITE_SPACE	sho@152;y	sho y	2	4,5	4	5	sho	y	MULTI_ASCII_FRAGMENT	MULTI_FRAGMENT_MIXED_RETAINED_OMITTED
RF1b|f54r.2|G006	RF1b	f54r.2	f54r	CONFIRMED_PROSE	P	6	6	DEFINITE_SPACE	LINE_END	s@221;r	s r	2	6,7	6,7		s r		MULTI_ASCII_FRAGMENT	MULTI_FRAGMENT_ALL_RETAINED
RF1b|f54r.4|G008	RF1b	f54r.4	f54r	CONFIRMED_PROSE	P	8	8	DRAWING_INTERRUPTION	LINE_END	ctheot@221;l	ctheot l	2	8,9	8,9		ctheot l		MULTI_ASCII_FRAGMENT	MULTI_FRAGMENT_ALL_RETAINED
RF1b|f54r.6|G004	RF1b	f54r.6	f54r	CONFIRMED_PROSE	P	4	10	DEFINITE_SPACE	DEFINITE_SPACE	shop@221;m	shop m	2	4,5	4	5	shop	m	MULTI_ASCII_FRAGMENT	MULTI_FRAGMENT_MIXED_RETAINED_OMITTED
RF1b|f54v.1|G003	RF1b	f54v.1	f54v	CONFIRMED_PROSE	P	3	9	DEFINITE_SPACE	DEFINITE_SPACE	ol@221;iin	ol iin	2	3,4	3,4		ol iin		MULTI_ASCII_FRAGMENT	MULTI_FRAGMENT_ALL_RETAINED
RF1b|f54v.3|G005	RF1b	f54v.3	f54v	CONFIRMED_PROSE	P	5	7	DEFINITE_SPACE	DEFINITE_SPACE	cho@152;y	cho y	2	5,6	5	6	cho	y	MULTI_ASCII_FRAGMENT	MULTI_FRAGMENT_MIXED_RETAINED_OMITTED
RF1b|f54v.4|G007	RF1b	f54v.4	f54v	CONFIRMED_PROSE	P	7	7	DEFINITE_SPACE	LINE_END	chol@152;y	chol y	2	7,8	7	8	chol	y	MULTI_ASCII_FRAGMENT	MULTI_FRAGMENT_MIXED_RETAINED_OMITTED
RF1b|f55r.1|G007	RF1b	f55r.1	f55r	CONFIRMED_PROSE	P	7	9	DEFINITE_SPACE	DEFINITE_SPACE	qokch@152;y	qokch y	2	7,8	7	8	qokch	y	MULTI_ASCII_FRAGMENT	MULTI_FRAGMENT_MIXED_RETAINED_OMITTED
RF1b|f55r.11|G003	RF1b	f55r.11	f55r	CONFIRMED_PROSE	P	3	10	DEFINITE_SPACE	DEFINITE_SPACE	kee@152;y	kee y	2	3,4	3	4	kee	y	MULTI_ASCII_FRAGMENT	MULTI_FRAGMENT_MIXED_RETAINED_OMITTED
RF1b|f55r.11|G008	RF1b	f55r.11	f55r	CONFIRMED_PROSE	P	8	10	DEFINITE_SPACE	DEFINITE_SPACE	sh@152;y	sh y	2	9,10	9	10	sh	y	MULTI_ASCII_FRAGMENT	MULTI_FRAGMENT_MIXED_RETAINED_OMITTED
RF1b|f55r.11|G010	RF1b	f55r.11	f55r	CONFIRMED_PROSE	P	10	10	DEFINITE_SPACE	LINE_END	otal@152;iin	otal iin	2	12,13	12,13		otal iin		MULTI_ASCII_FRAGMENT	MULTI_FRAGMENT_ALL_RETAINED
RF1b|f55r.3|G006	RF1b	f55r.3	f55r	CONFIRMED_PROSE	P	6	11	DEFINITE_SPACE	DEFINITE_SPACE	ch@152;y	ch y	2	6,7	6	7	ch	y	MULTI_ASCII_FRAGMENT	MULTI_FRAGMENT_MIXED_RETAINED_OMITTED
RF1b|f55r.4|G010	RF1b	f55r.4	f55r	CONFIRMED_PROSE	P	10	10	DEFINITE_SPACE	LINE_END	ch@152;oloiin	ch oloiin	2	10,11	10,11		ch oloiin		MULTI_ASCII_FRAGMENT	MULTI_FRAGMENT_ALL_RETAINED
RF1b|f55r.5|G007	RF1b	f55r.5	f55r	CONFIRMED_PROSE	P	7	10	DEFINITE_SPACE	DEFINITE_SPACE	pchtch@152;y	pchtch y	2	7,8	7	8	pchtch	y	MULTI_ASCII_FRAGMENT	MULTI_FRAGMENT_MIXED_RETAINED_OMITTED
RF1b|f55r.6|G004	RF1b	f55r.6	f55r	CONFIRMED_PROSE	P	4	7	DEFINITE_SPACE	DEFINITE_SPACE	ke@152;y	ke y	2	4,5	4	5	ke	y	MULTI_ASCII_FRAGMENT	MULTI_FRAGMENT_MIXED_RETAINED_OMITTED
RF1b|f55r.6|G007	RF1b	f55r.6	f55r	CONFIRMED_PROSE	P	7	7	DEFINITE_SPACE	LINE_END	ch@152;y	ch y	2	8,9	8	9	ch	y	MULTI_ASCII_FRAGMENT	MULTI_FRAGMENT_MIXED_RETAINED_OMITTED
RF1b|f55r.7|G001	RF1b	f55r.7	f55r	CONFIRMED_PROSE	P	1	7	LINE_START	DEFINITE_SPACE	tched@221;r	tched r	2	1,2	1,2		tched r		MULTI_ASCII_FRAGMENT	MULTI_FRAGMENT_ALL_RETAINED
RF1b|f55r.7|G004	RF1b	f55r.7	f55r	CONFIRMED_PROSE	P	4	7	DEFINITE_SPACE	DEFINITE_SPACE	ksh@152;y	ksh y	2	5,6	5	6	ksh	y	MULTI_ASCII_FRAGMENT	MULTI_FRAGMENT_MIXED_RETAINED_OMITTED
RF1b|f55r.7|G006	RF1b	f55r.7	f55r	CONFIRMED_PROSE	P	6	7	DEFINITE_SPACE	DEFINITE_SPACE	q@221;kch@152;y	q kch y	3	8,9,10	8,9	10	q kch	y	MULTI_ASCII_FRAGMENT	MULTI_FRAGMENT_MIXED_RETAINED_OMITTED
RF1b|f55r.7|G007	RF1b	f55r.7	f55r	CONFIRMED_PROSE	P	7	7	DEFINITE_SPACE	LINE_END	olkar@152;am	olkar am	2	11,12	11,12		olkar am		MULTI_ASCII_FRAGMENT	MULTI_FRAGMENT_ALL_RETAINED
RF1b|f55r.8|G007	RF1b	f55r.8	f55r	CONFIRMED_PROSE	P	7	9	DEFINITE_SPACE	DEFINITE_SPACE	cpheo@152;y	cpheo y	2	7,8	7	8	cpheo	y	MULTI_ASCII_FRAGMENT	MULTI_FRAGMENT_MIXED_RETAINED_OMITTED
RF1b|f55v.1|G002	RF1b	f55v.1	f55v	CONFIRMED_PROSE	P	2	5	DEFINITE_SPACE	DEFINITE_SPACE	oe@152;ain	oe ain	2	2,3	2,3		oe ain		MULTI_ASCII_FRAGMENT	MULTI_FRAGMENT_ALL_RETAINED
RF1b|f55v.1|G004	RF1b	f55v.1	f55v	CONFIRMED_PROSE	P	4	5	DRAWING_INTERRUPTION	DEFINITE_SPACE	otol@152;aiin	otol aiin	2	5,6	5,6		otol aiin		MULTI_ASCII_FRAGMENT	MULTI_FRAGMENT_ALL_RETAINED
RF1b|f55v.11|G004	RF1b	f55v.11	f55v	CONFIRMED_PROSE	P	4	10	DEFINITE_SPACE	DRAWING_INTERRUPTION	ol@152;y	ol y	2	4,5	4	5	ol	y	MULTI_ASCII_FRAGMENT	MULTI_FRAGMENT_MIXED_RETAINED_OMITTED
RF1b|f55v.2|G003	RF1b	f55v.2	f55v	CONFIRMED_PROSE	P	3	6	DEFINITE_SPACE	DEFINITE_SPACE	okee@152;y	okee y	2	3,4	3	4	okee	y	MULTI_ASCII_FRAGMENT	MULTI_FRAGMENT_MIXED_RETAINED_OMITTED
RF1b|f55v.2|G005	RF1b	f55v.2	f55v	CONFIRMED_PROSE	P	5	6	DRAWING_INTERRUPTION	DEFINITE_SPACE	okeo@152;y	okeo y	2	6,7	6	7	okeo	y	MULTI_ASCII_FRAGMENT	MULTI_FRAGMENT_MIXED_RETAINED_OMITTED
RF1b|f55v.3|G006	RF1b	f55v.3	f55v	CONFIRMED_PROSE	P	6	11	DEFINITE_SPACE	DRAWING_INTERRUPTION	che@152;y	che y	2	6,7	6	7	che	y	MULTI_ASCII_FRAGMENT	MULTI_FRAGMENT_MIXED_RETAINED_OMITTED
RF1b|f55v.4|G002	RF1b	f55v.4	f55v	CONFIRMED_PROSE	P	2	8	DEFINITE_SPACE	DEFINITE_SPACE	chckh@152;y	chckh y	2	2,3	2	3	chckh	y	MULTI_ASCII_FRAGMENT	MULTI_FRAGMENT_MIXED_RETAINED_OMITTED
RF1b|f55v.4|G003	RF1b	f55v.4	f55v	CONFIRMED_PROSE	P	3	8	DEFINITE_SPACE	DEFINITE_SPACE	chea@152;y	chea y	2	4,5	4	5	chea	y	MULTI_ASCII_FRAGMENT	MULTI_FRAGMENT_MIXED_RETAINED_OMITTED
RF1b|f55v.4|G006	RF1b	f55v.4	f55v	CONFIRMED_PROSE	P	6	8	DRAWING_INTERRUPTION	DEFINITE_SPACE	yche@152;y	yche y	2	8,9	8	9	yche	y	MULTI_ASCII_FRAGMENT	MULTI_FRAGMENT_MIXED_RETAINED_OMITTED
RF1b|f55v.4|G008	RF1b	f55v.4	f55v	CONFIRMED_PROSE	P	8	8	DEFINITE_SPACE	LINE_END	o@152;y	o y	2	11,12	11	12	o	y	MULTI_ASCII_FRAGMENT	MULTI_FRAGMENT_MIXED_RETAINED_OMITTED
RF1b|f55v.7|G008	RF1b	f55v.7	f55v	CONFIRMED_PROSE	P	8	11	DEFINITE_SPACE	DEFINITE_SPACE	pch@221;l	pch l	2	8,9	8,9		pch l		MULTI_ASCII_FRAGMENT	MULTI_FRAGMENT_ALL_RETAINED
RF1b|f55v.8|G001	RF1b	f55v.8	f55v	CONFIRMED_PROSE	P	1	8	LINE_START	DEFINITE_SPACE	t@221;r	t r	2	1,2	1,2		t r		MULTI_ASCII_FRAGMENT	MULTI_FRAGMENT_ALL_RETAINED
RF1b|f55v.8|G002	RF1b	f55v.8	f55v	CONFIRMED_PROSE	P	2	8	DEFINITE_SPACE	DEFINITE_SPACE	che@152;y	che y	2	3,4	3	4	che	y	MULTI_ASCII_FRAGMENT	MULTI_FRAGMENT_MIXED_RETAINED_OMITTED
RF1b|f55v.8|G006	RF1b	f55v.8	f55v	CONFIRMED_PROSE	P	6	8	DRAWING_INTERRUPTION	DEFINITE_SPACE	otarcho@194;ar	otarcho ar	2	8,9	8,9		otarcho ar		MULTI_ASCII_FRAGMENT	MULTI_FRAGMENT_ALL_RETAINED
RF1b|f56r.1|G001	RF1b	f56r.1	f56r	CONFIRMED_PROSE	P	1	8	LINE_START	DEFINITE_SPACE	o@167;chal	o chal	2	1,2	1,2		o chal		MULTI_ASCII_FRAGMENT	MULTI_FRAGMENT_ALL_RETAINED
RF1b|f56r.1|G002	RF1b	f56r.1	f56r	CONFIRMED_PROSE	P	2	8	DEFINITE_SPACE	DEFINITE_SPACE	chchs@168;y	chchs y	2	3,4	3	4	chchs	y	MULTI_ASCII_FRAGMENT	MULTI_FRAGMENT_MIXED_RETAINED_OMITTED
RF1b|f56r.16|G005	RF1b	f56r.16	f56r	CONFIRMED_PROSE	P	5	5	DEFINITE_SPACE	LINE_END	kch@221;rg	kch rg	2	5,6	5,6		kch rg		MULTI_ASCII_FRAGMENT	MULTI_FRAGMENT_ALL_RETAINED
RF1b|f56r.2|G002	RF1b	f56r.2	f56r	CONFIRMED_PROSE	P	2	8	DEFINITE_SPACE	DEFINITE_SPACE	ch@221;l	ch l	2	2,3	2,3		ch l		MULTI_ASCII_FRAGMENT	MULTI_FRAGMENT_ALL_RETAINED
RF1b|f57r.10|G002	RF1b	f57r.10	f57r	CONFIRMED_PROSE	P	2	8	DEFINITE_SPACE	DEFINITE_SPACE	ke@152;y	ke y	2	2,3	2	3	ke	y	MULTI_ASCII_FRAGMENT	MULTI_FRAGMENT_MIXED_RETAINED_OMITTED
RF1b|f57r.10|G003	RF1b	f57r.10	f57r	CONFIRMED_PROSE	P	3	8	DEFINITE_SPACE	DRAWING_INTERRUPTION	she@152;aiin	she aiin	2	4,5	4,5		she aiin		MULTI_ASCII_FRAGMENT	MULTI_FRAGMENT_ALL_RETAINED
RF1b|f57r.2|G001	RF1b	f57r.2	f57r	CONFIRMED_PROSE	P	1	12	LINE_START	DEFINITE_SPACE	d@221;iir	d iir	2	1,2	1,2		d iir		MULTI_ASCII_FRAGMENT	MULTI_FRAGMENT_ALL_RETAINED
RF1b|f57r.3|G003	RF1b	f57r.3	f57r	CONFIRMED_PROSE	P	3	8	DEFINITE_SPACE	DEFINITE_SPACE	qokeo@152;y	qokeo y	2	3,4	3	4	qokeo	y	MULTI_ASCII_FRAGMENT	MULTI_FRAGMENT_MIXED_RETAINED_OMITTED
RF1b|f57r.4|G003	RF1b	f57r.4	f57r	CONFIRMED_PROSE	P	3	8	DEFINITE_SPACE	DEFINITE_SPACE	cheo@152;y	cheo y	2	3,4	3	4	cheo	y	MULTI_ASCII_FRAGMENT	MULTI_FRAGMENT_MIXED_RETAINED_OMITTED
RF1b|f57r.4|G004	RF1b	f57r.4	f57r	CONFIRMED_PROSE	P	4	8	DEFINITE_SPACE	DEFINITE_SPACE	qoteeo@152;y	qoteeo y	2	5,6	5	6	qoteeo	y	MULTI_ASCII_FRAGMENT	MULTI_FRAGMENT_MIXED_RETAINED_OMITTED
RF1b|f57r.7|G007	RF1b	f57r.7	f57r	CONFIRMED_PROSE	P	7	8	DEFINITE_SPACE	DEFINITE_SPACE	te@152;y	te y	2	7,8	7	8	te	y	MULTI_ASCII_FRAGMENT	MULTI_FRAGMENT_MIXED_RETAINED_OMITTED
RF1b|f57r.7|G008	RF1b	f57r.7	f57r	CONFIRMED_PROSE	P	8	8	DEFINITE_SPACE	LINE_END	okal@152;g	okal g	2	9,10	9	10	okal	g	MULTI_ASCII_FRAGMENT	MULTI_FRAGMENT_MIXED_RETAINED_OMITTED
RF1b|f57r.8|G006	RF1b	f57r.8	f57r	CONFIRMED_PROSE	P	6	8	DEFINITE_SPACE	DEFINITE_SPACE	che@152;y	che y	2	6,7	6	7	che	y	MULTI_ASCII_FRAGMENT	MULTI_FRAGMENT_MIXED_RETAINED_OMITTED
RF1b|f57r.9|G001	RF1b	f57r.9	f57r	CONFIRMED_PROSE	P	1	11	LINE_START	DEFINITE_SPACE	o@152;air	o air	2	1,2	1,2		o air		MULTI_ASCII_FRAGMENT	MULTI_FRAGMENT_ALL_RETAINED
RF1b|f57r.9|G010	RF1b	f57r.9	f57r	CONFIRMED_PROSE	P	10	11	DEFINITE_SPACE	DEFINITE_SPACE	che@152;y	che y	2	11,12	11	12	che	y	MULTI_ASCII_FRAGMENT	MULTI_FRAGMENT_MIXED_RETAINED_OMITTED
RF1b|f57r.9|G011	RF1b	f57r.9	f57r	CONFIRMED_PROSE	P	11	11	DEFINITE_SPACE	LINE_END	cthe@152;y	cthe y	2	13,14	13	14	cthe	y	MULTI_ASCII_FRAGMENT	MULTI_FRAGMENT_MIXED_RETAINED_OMITTED
RF1b|f57v.2|G003	RF1b	f57v.2	f57v	DIAGNOSTIC_NONPROSE	C	3	50	DEFINITE_SPACE	DEFINITE_SPACE	s@221;eos	s eos	2	3,4	3,4		s eos		MULTI_ASCII_FRAGMENT	MULTI_FRAGMENT_ALL_RETAINED
RF1b|f57v.2|G017	RF1b	f57v.2	f57v	DIAGNOSTIC_NONPROSE	C	17	50	DEFINITE_SPACE	DEFINITE_SPACE	rke@152;am	rke am	2	18,19	18,19		rke am		MULTI_ASCII_FRAGMENT	MULTI_FRAGMENT_ALL_RETAINED
RF1b|f57v.3|G013	RF1b	f57v.3	f57v	DIAGNOSTIC_NONPROSE	C	13	68	DEFINITE_SPACE	DEFINITE_SPACE	@170;		0						ZERO_ASCII_FRAGMENT	SOURCE_GROUP_ABSENT_FROM_LEGACY_ASCII
RF1b|f57v.3|G014	RF1b	f57v.3	f57v	DIAGNOSTIC_NONPROSE	C	14	68	DEFINITE_SPACE	DEFINITE_SPACE	@171;		0						ZERO_ASCII_FRAGMENT	SOURCE_GROUP_ABSENT_FROM_LEGACY_ASCII
RF1b|f57v.3|G015	RF1b	f57v.3	f57v	DIAGNOSTIC_NONPROSE	C	15	68	DEFINITE_SPACE	DEFINITE_SPACE	@222;		0						ZERO_ASCII_FRAGMENT	SOURCE_GROUP_ABSENT_FROM_LEGACY_ASCII
RF1b|f57v.3|G017	RF1b	f57v.3	f57v	DIAGNOSTIC_NONPROSE	C	17	68	DEFINITE_SPACE	DEFINITE_SPACE	@172;		0						ZERO_ASCII_FRAGMENT	SOURCE_GROUP_ABSENT_FROM_LEGACY_ASCII
RF1b|f57v.3|G030	RF1b	f57v.3	f57v	DIAGNOSTIC_NONPROSE	C	30	68	DEFINITE_SPACE	DEFINITE_SPACE	@170;		0						ZERO_ASCII_FRAGMENT	SOURCE_GROUP_ABSENT_FROM_LEGACY_ASCII
RF1b|f57v.3|G031	RF1b	f57v.3	f57v	DIAGNOSTIC_NONPROSE	C	31	68	DEFINITE_SPACE	DEFINITE_SPACE	@171;		0						ZERO_ASCII_FRAGMENT	SOURCE_GROUP_ABSENT_FROM_LEGACY_ASCII
RF1b|f57v.3|G034	RF1b	f57v.3	f57v	DIAGNOSTIC_NONPROSE	C	34	68	DEFINITE_SPACE	DEFINITE_SPACE	@172;		0						ZERO_ASCII_FRAGMENT	SOURCE_GROUP_ABSENT_FROM_LEGACY_ASCII
RF1b|f57v.3|G047	RF1b	f57v.3	f57v	DIAGNOSTIC_NONPROSE	C	47	68	DEFINITE_SPACE	DEFINITE_SPACE	@170;		0						ZERO_ASCII_FRAGMENT	SOURCE_GROUP_ABSENT_FROM_LEGACY_ASCII
RF1b|f57v.3|G048	RF1b	f57v.3	f57v	DIAGNOSTIC_NONPROSE	C	48	68	DEFINITE_SPACE	DEFINITE_SPACE	@171;		0						ZERO_ASCII_FRAGMENT	SOURCE_GROUP_ABSENT_FROM_LEGACY_ASCII
RF1b|f57v.3|G051	RF1b	f57v.3	f57v	DIAGNOSTIC_NONPROSE	C	51	68	DEFINITE_SPACE	DEFINITE_SPACE	@172;		0						ZERO_ASCII_FRAGMENT	SOURCE_GROUP_ABSENT_FROM_LEGACY_ASCII
RF1b|f57v.3|G064	RF1b	f57v.3	f57v	DIAGNOSTIC_NONPROSE	C	64	68	DEFINITE_SPACE	DEFINITE_SPACE	@170;		0						ZERO_ASCII_FRAGMENT	SOURCE_GROUP_ABSENT_FROM_LEGACY_ASCII
RF1b|f57v.3|G065	RF1b	f57v.3	f57v	DIAGNOSTIC_NONPROSE	C	65	68	DEFINITE_SPACE	DEFINITE_SPACE	@171;		0						ZERO_ASCII_FRAGMENT	SOURCE_GROUP_ABSENT_FROM_LEGACY_ASCII
RF1b|f57v.3|G068	RF1b	f57v.3	f57v	DIAGNOSTIC_NONPROSE	C	68	68	DEFINITE_SPACE	LINE_END	@172;		0						ZERO_ASCII_FRAGMENT	SOURCE_GROUP_ABSENT_FROM_LEGACY_ASCII
RF1b|f57v.4|G011	RF1b	f57v.4	f57v	DIAGNOSTIC_NONPROSE	C	11	31	DEFINITE_SPACE	DEFINITE_SPACE	dke@152;ar	dke ar	2	11,12	11,12		dke ar		MULTI_ASCII_FRAGMENT	MULTI_FRAGMENT_ALL_RETAINED
RF1b|f57v.4|G024	RF1b	f57v.4	f57v	DIAGNOSTIC_NONPROSE	C	24	31	DEFINITE_SPACE	DEFINITE_SPACE	te@152;ar	te ar	2	25,26	25,26		te ar		MULTI_ASCII_FRAGMENT	MULTI_FRAGMENT_ALL_RETAINED
RF1b|f57v.4|G026	RF1b	f57v.4	f57v	DIAGNOSTIC_NONPROSE	C	26	31	DEFINITE_SPACE	DEFINITE_SPACE	@172;		0						ZERO_ASCII_FRAGMENT	SOURCE_GROUP_ABSENT_FROM_LEGACY_ASCII
RF1b|f57v.5|G008	RF1b	f57v.5	f57v	DIAGNOSTIC_NONPROSE	C	8	35	DEFINITE_SPACE	DEFINITE_SPACE	@170;		0						ZERO_ASCII_FRAGMENT	SOURCE_GROUP_ABSENT_FROM_LEGACY_ASCII
RF1b|f57v.5|G029	RF1b	f57v.5	f57v	DIAGNOSTIC_NONPROSE	C	29	35	DEFINITE_SPACE	DEFINITE_SPACE	teo@152;ar	teo ar	2	28,29	28,29		teo ar		MULTI_ASCII_FRAGMENT	MULTI_FRAGMENT_ALL_RETAINED
RF1b|f57v.5|G030	RF1b	f57v.5	f57v	DIAGNOSTIC_NONPROSE	C	30	35	DEFINITE_SPACE	DEFINITE_SPACE	oto@152;al	oto al	2	30,31	30,31		oto al		MULTI_ASCII_FRAGMENT	MULTI_FRAGMENT_ALL_RETAINED
RF1b|f58r.12|G006	RF1b	f58r.12	f58r	CONFIRMED_PROSE	P	6	9	DEFINITE_SPACE	DEFINITE_SPACE	chol@152;y	chol y	2	6,7	6	7	chol	y	MULTI_ASCII_FRAGMENT	MULTI_FRAGMENT_MIXED_RETAINED_OMITTED
RF1b|f58r.15|G005	RF1b	f58r.15	f58r	CONFIRMED_PROSE	P	5	6	DEFINITE_SPACE	DEFINITE_SPACE	@152;@222;		0						ZERO_ASCII_FRAGMENT	SOURCE_GROUP_ABSENT_FROM_LEGACY_ASCII
RF1b|f58r.17|G008	RF1b	f58r.17	f58r	CONFIRMED_PROSE	P	8	11	DEFINITE_SPACE	DEFINITE_SPACE	ytcho@152;y	ytcho y	2	8,9	8	9	ytcho	y	MULTI_ASCII_FRAGMENT	MULTI_FRAGMENT_MIXED_RETAINED_OMITTED
RF1b|f58r.18|G005	RF1b	f58r.18	f58r	CONFIRMED_PROSE	P	5	10	DEFINITE_SPACE	DEFINITE_SPACE	o@152;aiin	o aiin	2	5,6	5,6		o aiin		MULTI_ASCII_FRAGMENT	MULTI_FRAGMENT_ALL_RETAINED
RF1b|f58r.19|G005	RF1b	f58r.19	f58r	CONFIRMED_PROSE	P	5	10	DEFINITE_SPACE	DEFINITE_SPACE	qokal@152;y	qokal y	2	5,6	5	6	qokal	y	MULTI_ASCII_FRAGMENT	MULTI_FRAGMENT_MIXED_RETAINED_OMITTED
RF1b|f58r.2|G001	RF1b	f58r.2	f58r	CONFIRMED_PROSE	P	1	9	LINE_START	DEFINITE_SPACE	dsho@152;al	dsho al	2	1,2	1,2		dsho al		MULTI_ASCII_FRAGMENT	MULTI_FRAGMENT_ALL_RETAINED
RF1b|f58r.20|G006	RF1b	f58r.20	f58r	CONFIRMED_PROSE	P	6	9	DEFINITE_SPACE	DEFINITE_SPACE	@152;al@152;y	al y	2	6,7	6	7	al	y	MULTI_ASCII_FRAGMENT	MULTI_FRAGMENT_MIXED_RETAINED_OMITTED
RF1b|f58r.23|G002	RF1b	f58r.23	f58r	CONFIRMED_PROSE	P	2	9	DEFINITE_SPACE	DEFINITE_SPACE	olee@152;y	olee y	2	2,3	2	3	olee	y	MULTI_ASCII_FRAGMENT	MULTI_FRAGMENT_MIXED_RETAINED_OMITTED
RF1b|f58r.23|G005	RF1b	f58r.23	f58r	CONFIRMED_PROSE	P	5	9	DEFINITE_SPACE	DEFINITE_SPACE	sheo@152;y	sheo y	2	6,7	6	7	sheo	y	MULTI_ASCII_FRAGMENT	MULTI_FRAGMENT_MIXED_RETAINED_OMITTED
RF1b|f58r.24|G008	RF1b	f58r.24	f58r	CONFIRMED_PROSE	P	8	8	DEFINITE_SPACE	LINE_END	ota@176;ar	ota ar	2	8,9	8,9		ota ar		MULTI_ASCII_FRAGMENT	MULTI_FRAGMENT_ALL_RETAINED
RF1b|f58r.25|G007	RF1b	f58r.25	f58r	CONFIRMED_PROSE	P	7	7	DEFINITE_SPACE	LINE_END	al@152;ar	al ar	2	7,8	7,8		al ar		MULTI_ASCII_FRAGMENT	MULTI_FRAGMENT_ALL_RETAINED
RF1b|f58r.26|G006	RF1b	f58r.26	f58r	CONFIRMED_PROSE	P	6	7	DEFINITE_SPACE	DEFINITE_SPACE	opy@152;aiin	opy aiin	2	6,7	6,7		opy aiin		MULTI_ASCII_FRAGMENT	MULTI_FRAGMENT_ALL_RETAINED
RF1b|f58r.28|G008	RF1b	f58r.28	f58r	CONFIRMED_PROSE	P	8	9	DEFINITE_SPACE	DEFINITE_SPACE	olal@152;y	olal y	2	8,9	8	9	olal	y	MULTI_ASCII_FRAGMENT	MULTI_FRAGMENT_MIXED_RETAINED_OMITTED
RF1b|f58r.28|G009	RF1b	f58r.28	f58r	CONFIRMED_PROSE	P	9	9	DEFINITE_SPACE	LINE_END	okalo@152;y	okalo y	2	10,11	10	11	okalo	y	MULTI_ASCII_FRAGMENT	MULTI_FRAGMENT_MIXED_RETAINED_OMITTED
RF1b|f58r.29|G009	RF1b	f58r.29	f58r	CONFIRMED_PROSE	P	9	13	DEFINITE_SPACE	DEFINITE_SPACE	al@152;am	al am	2	9,10	9,10		al am		MULTI_ASCII_FRAGMENT	MULTI_FRAGMENT_ALL_RETAINED
RF1b|f58r.30|G007	RF1b	f58r.30	f58r	CONFIRMED_PROSE	P	7	10	DEFINITE_SPACE	DEFINITE_SPACE	cho@152;y	cho y	2	7,8	7	8	cho	y	MULTI_ASCII_FRAGMENT	MULTI_FRAGMENT_MIXED_RETAINED_OMITTED
RF1b|f58r.30|G010	RF1b	f58r.30	f58r	CONFIRMED_PROSE	P	10	10	DEFINITE_SPACE	LINE_END	otal@152;y	otal y	2	11,12	11	12	otal	y	MULTI_ASCII_FRAGMENT	MULTI_FRAGMENT_MIXED_RETAINED_OMITTED
RF1b|f58r.32|G003	RF1b	f58r.32	f58r	CONFIRMED_PROSE	P	3	8	DEFINITE_SPACE	DEFINITE_SPACE	chtal@152;y	chtal y	2	3,4	3	4	chtal	y	MULTI_ASCII_FRAGMENT	MULTI_FRAGMENT_MIXED_RETAINED_OMITTED
RF1b|f58r.32|G008	RF1b	f58r.32	f58r	CONFIRMED_PROSE	P	8	8	DEFINITE_SPACE	LINE_END	qokal@152;y	qokal y	2	9,10	9	10	qokal	y	MULTI_ASCII_FRAGMENT	MULTI_FRAGMENT_MIXED_RETAINED_OMITTED
RF1b|f58r.37|G004	RF1b	f58r.37	f58r	CONFIRMED_PROSE	P	4	7	DEFINITE_SPACE	DEFINITE_SPACE	chykal@152;y	chykal y	2	4,5	4	5	chykal	y	MULTI_ASCII_FRAGMENT	MULTI_FRAGMENT_MIXED_RETAINED_OMITTED
RF1b|f58r.39|G009	RF1b	f58r.39	f58r	CONFIRMED_PROSE	P	9	9	DEFINITE_SPACE	LINE_END	@152;al@221;m	al m	2	9,10	9	10	al	m	MULTI_ASCII_FRAGMENT	MULTI_FRAGMENT_MIXED_RETAINED_OMITTED
RF1b|f58r.40|G001	RF1b	f58r.40	f58r	CONFIRMED_PROSE	P	1	8	LINE_START	DEFINITE_SPACE	y@206;oleeey	y oleeey	2	1,2	2	1	oleeey	y	MULTI_ASCII_FRAGMENT	MULTI_FRAGMENT_MIXED_RETAINED_OMITTED
RF1b|f58r.8|G007	RF1b	f58r.8	f58r	CONFIRMED_PROSE	P	7	8	DEFINITE_SPACE	DEFINITE_SPACE	oteykal@152;y	oteykal y	2	7,8	7	8	oteykal	y	MULTI_ASCII_FRAGMENT	MULTI_FRAGMENT_MIXED_RETAINED_OMITTED
RF1b|f58v.1|G009	RF1b	f58v.1	f58v	CONFIRMED_PROSE	P	9	9	DEFINITE_SPACE	LINE_END	opal@152;aiin	opal aiin	2	9,10	9,10		opal aiin		MULTI_ASCII_FRAGMENT	MULTI_FRAGMENT_ALL_RETAINED
RF1b|f58v.12|G005	RF1b	f58v.12	f58v	CONFIRMED_PROSE	P	5	10	DEFINITE_SPACE	DEFINITE_SPACE	che@152;al	che al	2	5,6	5,6		che al		MULTI_ASCII_FRAGMENT	MULTI_FRAGMENT_ALL_RETAINED
RF1b|f58v.14|G001	RF1b	f58v.14	f58v	CONFIRMED_PROSE	P	1	11	LINE_START	DEFINITE_SPACE	sh@221;r	sh r	2	1,2	1,2		sh r		MULTI_ASCII_FRAGMENT	MULTI_FRAGMENT_ALL_RETAINED
RF1b|f58v.16|G008	RF1b	f58v.16	f58v	CONFIRMED_PROSE	P	8	9	DEFINITE_SPACE	DEFINITE_SPACE	tal@152;ar	tal ar	2	8,9	8,9		tal ar		MULTI_ASCII_FRAGMENT	MULTI_FRAGMENT_ALL_RETAINED
RF1b|f58v.19|G003	RF1b	f58v.19	f58v	CONFIRMED_PROSE	P	3	9	DEFINITE_SPACE	DEFINITE_SPACE	sheol@152;y	sheol y	2	3,4	3	4	sheol	y	MULTI_ASCII_FRAGMENT	MULTI_FRAGMENT_MIXED_RETAINED_OMITTED
RF1b|f58v.23|G006	RF1b	f58v.23	f58v	CONFIRMED_PROSE	P	6	8	DEFINITE_SPACE	DEFINITE_SPACE	al@152;aiin	al aiin	2	6,7	6,7		al aiin		MULTI_ASCII_FRAGMENT	MULTI_FRAGMENT_ALL_RETAINED
RF1b|f58v.24|G005	RF1b	f58v.24	f58v	CONFIRMED_PROSE	P	5	11	DEFINITE_SPACE	DEFINITE_SPACE	qokalche@221;l	qokalche l	2	5,6	5,6		qokalche l		MULTI_ASCII_FRAGMENT	MULTI_FRAGMENT_ALL_RETAINED
RF1b|f58v.38|G005	RF1b	f58v.38	f58v	CONFIRMED_PROSE	P	5	9	DEFINITE_SPACE	DEFINITE_SPACE	qok@221;l	qok l	2	5,6	5,6		qok l		MULTI_ASCII_FRAGMENT	MULTI_FRAGMENT_ALL_RETAINED
RF1b|f58v.38|G009	RF1b	f58v.38	f58v	CONFIRMED_PROSE	P	9	9	DEFINITE_SPACE	LINE_END	sy@152;y	sy y	2	10,11		10,11		sy y	MULTI_ASCII_FRAGMENT	MULTI_FRAGMENT_ALL_OMITTED
RF1b|f58v.39|G001	RF1b	f58v.39	f58v	CONFIRMED_PROSE	P	1	6	LINE_START	DEFINITE_SPACE	osh@221;r	osh r	2	1,2	1,2		osh r		MULTI_ASCII_FRAGMENT	MULTI_FRAGMENT_ALL_RETAINED
RF1b|f5r.5|G007	RF1b	f5r.5	f5r	CONFIRMED_PROSE	P	7	8	DEFINITE_SPACE	DEFINITE_SPACE	d@221;iin	d iin	2	7,8	7,8		d iin		MULTI_ASCII_FRAGMENT	MULTI_FRAGMENT_ALL_RETAINED
RF1b|f5v.1|G001	RF1b	f5v.1	f5v	CONFIRMED_PROSE	P	1	8	LINE_START	DEFINITE_SPACE	k@221;cheor	k cheor	2	1,2	1,2		k cheor		MULTI_ASCII_FRAGMENT	MULTI_FRAGMENT_ALL_RETAINED
RF1b|f5v.2|G002	RF1b	f5v.2	f5v	CONFIRMED_PROSE	P	2	8	DEFINITE_SPACE	DEFINITE_SPACE	{c'y}		0						ZERO_ASCII_FRAGMENT	SOURCE_GROUP_ABSENT_FROM_LEGACY_ASCII
RF1b|f66r.38|G001	RF1b	f66r.38	f66r	DIAGNOSTIC_NONPROSE	L	1	1	LINE_START	LINE_END	@172;		0						ZERO_ASCII_FRAGMENT	SOURCE_GROUP_ABSENT_FROM_LEGACY_ASCII
RF1b|f66r.42|G001	RF1b	f66r.42	f66r	DIAGNOSTIC_NONPROSE	L	1	1	LINE_START	LINE_END	@195;		0						ZERO_ASCII_FRAGMENT	SOURCE_GROUP_ABSENT_FROM_LEGACY_ASCII
RF1b|f66r.50|G006	RF1b	f66r.50	f66r	CONFIRMED_PROSE	P	6	9	DEFINITE_SPACE	DEFINITE_SPACE	shd@152;y	shd y	2	6,7	6	7	shd	y	MULTI_ASCII_FRAGMENT	MULTI_FRAGMENT_MIXED_RETAINED_OMITTED
RF1b|f66r.50|G009	RF1b	f66r.50	f66r	CONFIRMED_PROSE	P	9	9	DEFINITE_SPACE	LINE_END	oke@152;als	oke als	2	10,11	10,11		oke als		MULTI_ASCII_FRAGMENT	MULTI_FRAGMENT_ALL_RETAINED
RF1b|f66r.51|G006	RF1b	f66r.51	f66r	CONFIRMED_PROSE	P	6	9	DEFINITE_SPACE	DEFINITE_SPACE	qokee@152;y	qokee y	2	6,7	6	7	qokee	y	MULTI_ASCII_FRAGMENT	MULTI_FRAGMENT_MIXED_RETAINED_OMITTED
RF1b|f66r.51|G008	RF1b	f66r.51	f66r	CONFIRMED_PROSE	P	8	9	DEFINITE_SPACE	DEFINITE_SPACE	oke@152;y	oke y	2	9,10	9	10	oke	y	MULTI_ASCII_FRAGMENT	MULTI_FRAGMENT_MIXED_RETAINED_OMITTED
RF1b|f66r.52|G002	RF1b	f66r.52	f66r	CONFIRMED_PROSE	P	2	10	DEFINITE_SPACE	DEFINITE_SPACE	cho@152;y	cho y	2	2,3	2	3	cho	y	MULTI_ASCII_FRAGMENT	MULTI_FRAGMENT_MIXED_RETAINED_OMITTED
RF1b|f66r.52|G009	RF1b	f66r.52	f66r	CONFIRMED_PROSE	P	9	10	DEFINITE_SPACE	DEFINITE_SPACE	che@152;y	che y	2	10,11	10	11	che	y	MULTI_ASCII_FRAGMENT	MULTI_FRAGMENT_MIXED_RETAINED_OMITTED
RF1b|f66r.60|G009	RF1b	f66r.60	f66r	CONFIRMED_PROSE	P	9	9	DEFINITE_SPACE	LINE_END	kar@152;y	kar y	2	9,10	9	10	kar	y	MULTI_ASCII_FRAGMENT	MULTI_FRAGMENT_MIXED_RETAINED_OMITTED
RF1b|f66r.61|G010	RF1b	f66r.61	f66r	CONFIRMED_PROSE	P	10	10	DEFINITE_SPACE	LINE_END	oke@152;y	oke y	2	10,11	10	11	oke	y	MULTI_ASCII_FRAGMENT	MULTI_FRAGMENT_MIXED_RETAINED_OMITTED
RF1b|f66r.62|G007	RF1b	f66r.62	f66r	CONFIRMED_PROSE	P	7	9	DEFINITE_SPACE	DEFINITE_SPACE	{i'h}		0						ZERO_ASCII_FRAGMENT	SOURCE_GROUP_ABSENT_FROM_LEGACY_ASCII
RF1b|f66r.63|G002	RF1b	f66r.63	f66r	CONFIRMED_PROSE	P	2	9	DEFINITE_SPACE	DEFINITE_SPACE	sholfos@152;aiin	sholfos aiin	2	2,3	2,3		sholfos aiin		MULTI_ASCII_FRAGMENT	MULTI_FRAGMENT_ALL_RETAINED
RF1b|f66r.64|G010	RF1b	f66r.64	f66r	CONFIRMED_PROSE	P	10	10	DEFINITE_SPACE	LINE_END	che@221;l	che l	2	10,11	10,11		che l		MULTI_ASCII_FRAGMENT	MULTI_FRAGMENT_ALL_RETAINED
RF1b|f66r.65|G005	RF1b	f66r.65	f66r	CONFIRMED_PROSE	P	5	10	DEFINITE_SPACE	DEFINITE_SPACE	kcheo@152;y	kcheo y	2	5,6	5	6	kcheo	y	MULTI_ASCII_FRAGMENT	MULTI_FRAGMENT_MIXED_RETAINED_OMITTED
RF1b|f66r.67|G008	RF1b	f66r.67	f66r	CONFIRMED_PROSE	P	8	9	DEFINITE_SPACE	DEFINITE_SPACE	she@152;y	she y	2	8,9	8	9	she	y	MULTI_ASCII_FRAGMENT	MULTI_FRAGMENT_MIXED_RETAINED_OMITTED
RF1b|f66r.70|G010	RF1b	f66r.70	f66r	CONFIRMED_PROSE	P	10	11	DEFINITE_SPACE	DEFINITE_SPACE	ke@152;y	ke y	2	10,11	10	11	ke	y	MULTI_ASCII_FRAGMENT	MULTI_FRAGMENT_MIXED_RETAINED_OMITTED
RF1b|f66r.71|G005	RF1b	f66r.71	f66r	CONFIRMED_PROSE	P	5	10	DEFINITE_SPACE	DEFINITE_SPACE	chcthe@152;y	chcthe y	2	5,6	5	6	chcthe	y	MULTI_ASCII_FRAGMENT	MULTI_FRAGMENT_MIXED_RETAINED_OMITTED
RF1b|f66r.71|G010	RF1b	f66r.71	f66r	CONFIRMED_PROSE	P	10	10	DEFINITE_SPACE	LINE_END	kecho@152;y	kecho y	2	11,12	11	12	kecho	y	MULTI_ASCII_FRAGMENT	MULTI_FRAGMENT_MIXED_RETAINED_OMITTED
RF1b|f66r.72|G006	RF1b	f66r.72	f66r	CONFIRMED_PROSE	P	6	9	DEFINITE_SPACE	DEFINITE_SPACE	lshe@152;y	lshe y	2	6,7	6	7	lshe	y	MULTI_ASCII_FRAGMENT	MULTI_FRAGMENT_MIXED_RETAINED_OMITTED
RF1b|f66r.73|G005	RF1b	f66r.73	f66r	CONFIRMED_PROSE	P	5	9	DEFINITE_SPACE	DEFINITE_SPACE	chckhe@152;y	chckhe y	2	5,6	5	6	chckhe	y	MULTI_ASCII_FRAGMENT	MULTI_FRAGMENT_MIXED_RETAINED_OMITTED
RF1b|f66r.74|G002	RF1b	f66r.74	f66r	CONFIRMED_PROSE	P	2	8	DEFINITE_SPACE	DEFINITE_SPACE	she@152;y	she y	2	2,3	2	3	she	y	MULTI_ASCII_FRAGMENT	MULTI_FRAGMENT_MIXED_RETAINED_OMITTED
RF1b|f66r.76|G004	RF1b	f66r.76	f66r	CONFIRMED_PROSE	P	4	9	DEFINITE_SPACE	DEFINITE_SPACE	qoke@152;y	qoke y	2	4,5	4	5	qoke	y	MULTI_ASCII_FRAGMENT	MULTI_FRAGMENT_MIXED_RETAINED_OMITTED
RF1b|f66r.76|G009	RF1b	f66r.76	f66r	CONFIRMED_PROSE	P	9	9	DEFINITE_SPACE	LINE_END	otch@152;y	otch y	2	10,11	10	11	otch	y	MULTI_ASCII_FRAGMENT	MULTI_FRAGMENT_MIXED_RETAINED_OMITTED
RF1b|f66r.78|G009	RF1b	f66r.78	f66r	CONFIRMED_PROSE	P	9	9	DEFINITE_SPACE	LINE_END	lo@152;aiin	lo aiin	2	9,10	9,10		lo aiin		MULTI_ASCII_FRAGMENT	MULTI_FRAGMENT_ALL_RETAINED
RF1b|f66r.79|G004	RF1b	f66r.79	f66r	CONFIRMED_PROSE	P	4	8	DEFINITE_SPACE	DEFINITE_SPACE	okalche@152;y	okalche y	2	4,5	4	5	okalche	y	MULTI_ASCII_FRAGMENT	MULTI_FRAGMENT_MIXED_RETAINED_OMITTED
RF1b|f66r.79|G005	RF1b	f66r.79	f66r	CONFIRMED_PROSE	P	5	8	DEFINITE_SPACE	DEFINITE_SPACE	pche@152;y	pche y	2	6,7	6	7	pche	y	MULTI_ASCII_FRAGMENT	MULTI_FRAGMENT_MIXED_RETAINED_OMITTED
RF1b|f66r.79|G008	RF1b	f66r.79	f66r	CONFIRMED_PROSE	P	8	8	DEFINITE_SPACE	LINE_END	cfhe@152;y	cfhe y	2	10,11	10	11	cfhe	y	MULTI_ASCII_FRAGMENT	MULTI_FRAGMENT_MIXED_RETAINED_OMITTED
RF1b|f66r.81|G002	RF1b	f66r.81	f66r	CONFIRMED_PROSE	P	2	5	DEFINITE_SPACE	DEFINITE_SPACE	lkee@152;y	lkee y	2	2,3	2	3	lkee	y	MULTI_ASCII_FRAGMENT	MULTI_FRAGMENT_MIXED_RETAINED_OMITTED
RF1b|f66v.10|G001	RF1b	f66v.10	f66v	CONFIRMED_PROSE	P	1	11	LINE_START	DEFINITE_SPACE	dsh@221;l	dsh l	2	1,2	1,2		dsh l		MULTI_ASCII_FRAGMENT	MULTI_FRAGMENT_ALL_RETAINED
RF1b|f66v.10|G002	RF1b	f66v.10	f66v	CONFIRMED_PROSE	P	2	11	DEFINITE_SPACE	DEFINITE_SPACE	kee@152;y	kee y	2	3,4	3	4	kee	y	MULTI_ASCII_FRAGMENT	MULTI_FRAGMENT_MIXED_RETAINED_OMITTED
RF1b|f66v.12|G002	RF1b	f66v.12	f66v	CONFIRMED_PROSE	P	2	10	DEFINITE_SPACE	DEFINITE_SPACE	oke@152;y	oke y	2	2,3	2	3	oke	y	MULTI_ASCII_FRAGMENT	MULTI_FRAGMENT_MIXED_RETAINED_OMITTED
RF1b|f66v.2|G005	RF1b	f66v.2	f66v	CONFIRMED_PROSE	P	5	9	DEFINITE_SPACE	DEFINITE_SPACE	okee@152;y	okee y	2	5,6	5	6	okee	y	MULTI_ASCII_FRAGMENT	MULTI_FRAGMENT_MIXED_RETAINED_OMITTED
RF1b|f66v.3|G005	RF1b	f66v.3	f66v	CONFIRMED_PROSE	P	5	10	DEFINITE_SPACE	DEFINITE_SPACE	okech@152;y	okech y	2	5,6	5	6	okech	y	MULTI_ASCII_FRAGMENT	MULTI_FRAGMENT_MIXED_RETAINED_OMITTED
RF1b|f66v.4|G009	RF1b	f66v.4	f66v	CONFIRMED_PROSE	P	9	10	DEFINITE_SPACE	DEFINITE_SPACE	chek@221;l	chek l	2	9,10	9,10		chek l		MULTI_ASCII_FRAGMENT	MULTI_FRAGMENT_ALL_RETAINED
RF1b|f66v.5|G002	RF1b	f66v.5	f66v	CONFIRMED_PROSE	P	2	5	DEFINITE_SPACE	DEFINITE_SPACE	she@152;efam	she efam	2	2,3	2,3		she efam		MULTI_ASCII_FRAGMENT	MULTI_FRAGMENT_ALL_RETAINED
RF1b|f66v.7|G004	RF1b	f66v.7	f66v	CONFIRMED_PROSE	P	4	8	DEFINITE_SPACE	DEFINITE_SPACE	cho@152;y	cho y	2	4,5	4	5	cho	y	MULTI_ASCII_FRAGMENT	MULTI_FRAGMENT_MIXED_RETAINED_OMITTED
RF1b|f66v.7|G008	RF1b	f66v.7	f66v	CONFIRMED_PROSE	P	8	8	DEFINITE_SPACE	LINE_END	ytch@152;y	ytch y	2	9,10	9	10	ytch	y	MULTI_ASCII_FRAGMENT	MULTI_FRAGMENT_MIXED_RETAINED_OMITTED
RF1b|f67r1.5|G010	RF1b	f67r1.5	f67r1	DIAGNOSTIC_NONPROSE	C	10	37	DEFINITE_SPACE	DEFINITE_SPACE	chotee@152;y	chotee y	2	10,11	10	11	chotee	y	MULTI_ASCII_FRAGMENT	MULTI_FRAGMENT_MIXED_RETAINED_OMITTED
RF1b|f67r1.5|G029	RF1b	f67r1.5	f67r1	DIAGNOSTIC_NONPROSE	C	29	37	DEFINITE_SPACE	DEFINITE_SPACE	sch@152;es	sch es	2	30,31	30,31		sch es		MULTI_ASCII_FRAGMENT	MULTI_FRAGMENT_ALL_RETAINED
RF1b|f67r1.5|G030	RF1b	f67r1.5	f67r1	DIAGNOSTIC_NONPROSE	C	30	37	DEFINITE_SPACE	DEFINITE_SPACE	ch@152;ar	ch ar	2	32,33	32,33		ch ar		MULTI_ASCII_FRAGMENT	MULTI_FRAGMENT_ALL_RETAINED
RF1b|f67r1.5|G036	RF1b	f67r1.5	f67r1	DIAGNOSTIC_NONPROSE	C	36	37	DEFINITE_SPACE	DEFINITE_SPACE	otar@152;ar	otar ar	2	39,40	39,40		otar ar		MULTI_ASCII_FRAGMENT	MULTI_FRAGMENT_ALL_RETAINED
RF1b|f67r1.6|G014	RF1b	f67r1.6	f67r1	DIAGNOSTIC_NONPROSE	C	14	40	DEFINITE_SPACE	DEFINITE_SPACE	chete@152;y	chete y	2	14,15	14	15	chete	y	MULTI_ASCII_FRAGMENT	MULTI_FRAGMENT_MIXED_RETAINED_OMITTED
RF1b|f67r1.6|G019	RF1b	f67r1.6	f67r1	DIAGNOSTIC_NONPROSE	C	19	40	DEFINITE_SPACE	DEFINITE_SPACE	okee@152;y	okee y	2	20,21	20	21	okee	y	MULTI_ASCII_FRAGMENT	MULTI_FRAGMENT_MIXED_RETAINED_OMITTED
RF1b|f67r1.6|G040	RF1b	f67r1.6	f67r1	DIAGNOSTIC_NONPROSE	C	40	40	DEFINITE_SPACE	LINE_END	al@152;y	al y	2	42,43	42	43	al	y	MULTI_ASCII_FRAGMENT	MULTI_FRAGMENT_MIXED_RETAINED_OMITTED
RF1b|f67r1.7|G007	RF1b	f67r1.7	f67r1	DIAGNOSTIC_NONPROSE	C	7	32	DEFINITE_SPACE	DEFINITE_SPACE	okech@152;ar	okech ar	2	7,8	7,8		okech ar		MULTI_ASCII_FRAGMENT	MULTI_FRAGMENT_ALL_RETAINED
RF1b|f67r2.11|G002	RF1b	f67r2.11	f67r2	DIAGNOSTIC_NONPROSE	L	2	3	DEFINITE_SPACE	DEFINITE_SPACE	chy@176;chr	chy chr	2	2,3	2,3		chy chr		MULTI_ASCII_FRAGMENT	MULTI_FRAGMENT_ALL_RETAINED
RF1b|f67r2.31|G001	RF1b	f67r2.31	f67r2	DIAGNOSTIC_NONPROSE	L	1	1	LINE_START	LINE_END	opchol@152;y	opchol y	2	1,2	1	2	opchol	y	MULTI_ASCII_FRAGMENT	MULTI_FRAGMENT_MIXED_RETAINED_OMITTED
RF1b|f67r2.32|G001	RF1b	f67r2.32	f67r2	DIAGNOSTIC_NONPROSE	P	1	4	LINE_START	DEFINITE_SPACE	d@221;rar	d rar	2	1,2	1,2		d rar		MULTI_ASCII_FRAGMENT	MULTI_FRAGMENT_ALL_RETAINED
RF1b|f67r2.32|G004	RF1b	f67r2.32	f67r2	DIAGNOSTIC_NONPROSE	P	4	4	DEFINITE_SPACE	LINE_END	al@221;iin	al iin	2	5,6	5,6		al iin		MULTI_ASCII_FRAGMENT	MULTI_FRAGMENT_ALL_RETAINED
RF1b|f67r2.39|G002	RF1b	f67r2.39	f67r2	DIAGNOSTIC_NONPROSE	P	2	3	DEFINITE_SPACE	DEFINITE_SPACE	che@152;@221;iin	che iin	2	2,3	2,3		che iin		MULTI_ASCII_FRAGMENT	MULTI_FRAGMENT_ALL_RETAINED
RF1b|f67r2.45|G001	RF1b	f67r2.45	f67r2	DIAGNOSTIC_NONPROSE	P	1	3	LINE_START	UNCERTAIN_SMALL_SPACE	ycheo@152;y	ycheo y	2	1,2	1	2	ycheo	y	MULTI_ASCII_FRAGMENT	MULTI_FRAGMENT_MIXED_RETAINED_OMITTED
RF1b|f67r2.5|G001	RF1b	f67r2.5	f67r2	DIAGNOSTIC_NONPROSE	L	1	2	LINE_START	DEFINITE_SPACE	ykeo@152;y	ykeo y	2	1,2	1	2	ykeo	y	MULTI_ASCII_FRAGMENT	MULTI_FRAGMENT_MIXED_RETAINED_OMITTED
RF1b|f67r2.51|G001	RF1b	f67r2.51	f67r2	DIAGNOSTIC_NONPROSE	P	1	1	LINE_START	LINE_END	da@152;aiin	da aiin	2	1,2	1,2		da aiin		MULTI_ASCII_FRAGMENT	MULTI_FRAGMENT_ALL_RETAINED
RF1b|f67r2.53|G001	RF1b	f67r2.53	f67r2	DIAGNOSTIC_NONPROSE	L	1	1	LINE_START	LINE_END	dcho@152;ar	dcho ar	2	1,2	1,2		dcho ar		MULTI_ASCII_FRAGMENT	MULTI_FRAGMENT_ALL_RETAINED
RF1b|f67r2.63|G001	RF1b	f67r2.63	f67r2	DIAGNOSTIC_NONPROSE	L	1	1	LINE_START	LINE_END	oko@152;ar	oko ar	2	1,2	1,2		oko ar		MULTI_ASCII_FRAGMENT	MULTI_FRAGMENT_ALL_RETAINED
RF1b|f67r2.67|G001	RF1b	f67r2.67	f67r2	DIAGNOSTIC_NONPROSE	L	1	1	LINE_START	LINE_END	oto@152;as	oto as	2	1,2	1,2		oto as		MULTI_ASCII_FRAGMENT	MULTI_FRAGMENT_ALL_RETAINED
RF1b|f67r2.73|G009	RF1b	f67r2.73	f67r2	DIAGNOSTIC_NONPROSE	P	9	11	DEFINITE_SPACE	UNCERTAIN_SMALL_SPACE	ok@221;l	ok l	2	9,10	9,10		ok l		MULTI_ASCII_FRAGMENT	MULTI_FRAGMENT_ALL_RETAINED
RF1b|f67v1.5|G002	RF1b	f67v1.5	f67v1	DIAGNOSTIC_NONPROSE	L	2	2	UNCERTAIN_SMALL_SPACE	LINE_END	al@152;y	al y	2	2,3	2	3	al	y	MULTI_ASCII_FRAGMENT	MULTI_FRAGMENT_MIXED_RETAINED_OMITTED
RF1b|f67v2.18|G002	RF1b	f67v2.18	f67v2	DIAGNOSTIC_NONPROSE	R	2	2	DEFINITE_SPACE	LINE_END	oetch@152;y	oetch y	2	2,3	2	3	oetch	y	MULTI_ASCII_FRAGMENT	MULTI_FRAGMENT_MIXED_RETAINED_OMITTED
RF1b|f67v2.4|G001	RF1b	f67v2.4	f67v2	DIAGNOSTIC_NONPROSE	P	1	4	LINE_START	DEFINITE_SPACE	d@221;iin	d iin	2	1,2	1,2		d iin		MULTI_ASCII_FRAGMENT	MULTI_FRAGMENT_ALL_RETAINED
RF1b|f67v2.4|G002	RF1b	f67v2.4	f67v2	DIAGNOSTIC_NONPROSE	P	2	4	DEFINITE_SPACE	DEFINITE_SPACE	t@221;edaiin	t edaiin	2	3,4	3,4		t edaiin		MULTI_ASCII_FRAGMENT	MULTI_FRAGMENT_ALL_RETAINED
RF1b|f67v2.7|G003	RF1b	f67v2.7	f67v2	DIAGNOSTIC_NONPROSE	P	3	4	DEFINITE_SPACE	DEFINITE_SPACE	s@221;kar	s kar	2	3,4	3,4		s kar		MULTI_ASCII_FRAGMENT	MULTI_FRAGMENT_ALL_RETAINED
RF1b|f68r1.1|G007	RF1b	f68r1.1	f68r1	DIAGNOSTIC_NONPROSE	P	7	9	DEFINITE_SPACE	DEFINITE_SPACE	ot@221;r	ot r	2	7,8	7,8		ot r		MULTI_ASCII_FRAGMENT	MULTI_FRAGMENT_ALL_RETAINED
RF1b|f68r1.16|G001	RF1b	f68r1.16	f68r1	DIAGNOSTIC_NONPROSE	L	1	1	LINE_START	LINE_END	oke@221;r	oke r	2	1,2	1,2		oke r		MULTI_ASCII_FRAGMENT	MULTI_FRAGMENT_ALL_RETAINED
RF1b|f68r1.2|G006	RF1b	f68r1.2	f68r1	DIAGNOSTIC_NONPROSE	P	6	9	DEFINITE_SPACE	DEFINITE_SPACE	yteo@152;y	yteo y	2	6,7	6	7	yteo	y	MULTI_ASCII_FRAGMENT	MULTI_FRAGMENT_MIXED_RETAINED_OMITTED
RF1b|f68r1.3|G007	RF1b	f68r1.3	f68r1	DIAGNOSTIC_NONPROSE	P	7	8	DEFINITE_SPACE	DEFINITE_SPACE	cckhe@221;r	cckhe r	2	7,8	7,8		cckhe r		MULTI_ASCII_FRAGMENT	MULTI_FRAGMENT_ALL_RETAINED
RF1b|f68r1.35|G001	RF1b	f68r1.35	f68r1	DIAGNOSTIC_NONPROSE	L	1	1	LINE_START	LINE_END	otoche@152;y	otoche y	2	1,2	1	2	otoche	y	MULTI_ASCII_FRAGMENT	MULTI_FRAGMENT_MIXED_RETAINED_OMITTED
RF1b|f68r1.36|G001	RF1b	f68r1.36	f68r1	DIAGNOSTIC_NONPROSE	L	1	1	LINE_START	LINE_END	dolche@152;y	dolche y	2	1,2	1	2	dolche	y	MULTI_ASCII_FRAGMENT	MULTI_FRAGMENT_MIXED_RETAINED_OMITTED
RF1b|f68r1.37|G002	RF1b	f68r1.37	f68r1	DIAGNOSTIC_NONPROSE	C	2	5	DEFINITE_SPACE	DEFINITE_SPACE	okch@152;y	okch y	2	2,3	2	3	okch	y	MULTI_ASCII_FRAGMENT	MULTI_FRAGMENT_MIXED_RETAINED_OMITTED
RF1b|f68r1.8|G001	RF1b	f68r1.8	f68r1	DIAGNOSTIC_NONPROSE	L	1	1	LINE_START	LINE_END	@221;ko@152;aly	ko aly	2	1,2	1,2		ko aly		MULTI_ASCII_FRAGMENT	MULTI_FRAGMENT_ALL_RETAINED
RF1b|f68r2.21|G001	RF1b	f68r2.21	f68r2	DIAGNOSTIC_NONPROSE	L	1	1	LINE_START	LINE_END	oteee@221;r	oteee r	2	1,2	1,2		oteee r		MULTI_ASCII_FRAGMENT	MULTI_FRAGMENT_ALL_RETAINED
RF1b|f68r2.31|G010	RF1b	f68r2.31	f68r2	DIAGNOSTIC_NONPROSE	C	10	11	DEFINITE_SPACE	DEFINITE_SPACE	@221;		0						ZERO_ASCII_FRAGMENT	SOURCE_GROUP_ABSENT_FROM_LEGACY_ASCII
RF1b|f68r2.31|G011	RF1b	f68r2.31	f68r2	DIAGNOSTIC_NONPROSE	C	11	11	DEFINITE_SPACE	LINE_END	@231;@232;@233;@234;		0						ZERO_ASCII_FRAGMENT	SOURCE_GROUP_ABSENT_FROM_LEGACY_ASCII
RF1b|f68r2.7|G001	RF1b	f68r2.7	f68r2	DIAGNOSTIC_NONPROSE	L	1	1	LINE_START	LINE_END	o@167;olch{c@133;h}y	o olchy	2	1,2	1,2		o olchy		MULTI_ASCII_FRAGMENT	MULTI_FRAGMENT_ALL_RETAINED
RF1b|f68r3.1|G001	RF1b	f68r3.1	f68r3	DIAGNOSTIC_NONPROSE	C	1	37	LINE_START	DEFINITE_SPACE	o@152;eed	o eed	2	1,2	1,2		o eed		MULTI_ASCII_FRAGMENT	MULTI_FRAGMENT_ALL_RETAINED
RF1b|f68r3.10|G001	RF1b	f68r3.10	f68r3	DIAGNOSTIC_NONPROSE	L	1	1	LINE_START	LINE_END	dchol@152;ay	dchol ay	2	1,2	1,2		dchol ay		MULTI_ASCII_FRAGMENT	MULTI_FRAGMENT_ALL_RETAINED
RF1b|f68r3.5|G005	RF1b	f68r3.5	f68r3	DIAGNOSTIC_NONPROSE	R	5	5	DEFINITE_SPACE	LINE_END	o@176;chdy	o chdy	2	5,6	5,6		o chdy		MULTI_ASCII_FRAGMENT	MULTI_FRAGMENT_ALL_RETAINED
RF1b|f68r3.7|G004	RF1b	f68r3.7	f68r3	DIAGNOSTIC_NONPROSE	R	4	4	DEFINITE_SPACE	LINE_END	d{c'y}ot@152;ol@152;l	dot ol l	3	4,5,6	4,5,6		dot ol l		MULTI_ASCII_FRAGMENT	MULTI_FRAGMENT_ALL_RETAINED
RF1b|f68v1.1|G023	RF1b	f68v1.1	f68v1	DIAGNOSTIC_NONPROSE	C	23	38	DEFINITE_SPACE	DEFINITE_SPACE	ches@221;kchoteody	ches kchoteody	2	23,24	23,24		ches kchoteody		MULTI_ASCII_FRAGMENT	MULTI_FRAGMENT_ALL_RETAINED
RF1b|f68v1.1|G034	RF1b	f68v1.1	f68v1	DIAGNOSTIC_NONPROSE	C	34	38	DEFINITE_SPACE	DEFINITE_SPACE	chote@152;y	chote y	2	35,36	35	36	chote	y	MULTI_ASCII_FRAGMENT	MULTI_FRAGMENT_MIXED_RETAINED_OMITTED
RF1b|f68v1.4|G002	RF1b	f68v1.4	f68v1	DIAGNOSTIC_NONPROSE	R	2	2	DEFINITE_SPACE	LINE_END	aro@222;rer	aro rer	2	2,3	2,3		aro rer		MULTI_ASCII_FRAGMENT	MULTI_FRAGMENT_ALL_RETAINED
RF1b|f68v2.16|G001	RF1b	f68v2.16	f68v2	DIAGNOSTIC_NONPROSE	R	1	2	LINE_START	DEFINITE_SPACE	dche@152;al	dche al	2	1,2	1,2		dche al		MULTI_ASCII_FRAGMENT	MULTI_FRAGMENT_ALL_RETAINED
RF1b|f68v2.3|G008	RF1b	f68v2.3	f68v2	DIAGNOSTIC_NONPROSE	P	8	9	DEFINITE_SPACE	DEFINITE_SPACE	qoteeo@152;y	qoteeo y	2	8,9	8	9	qoteeo	y	MULTI_ASCII_FRAGMENT	MULTI_FRAGMENT_MIXED_RETAINED_OMITTED
RF1b|f68v2.5|G004	RF1b	f68v2.5	f68v2	DIAGNOSTIC_NONPROSE	P	4	8	DEFINITE_SPACE	DRAWING_INTERRUPTION	cho@152;y	cho y	2	4,5	4	5	cho	y	MULTI_ASCII_FRAGMENT	MULTI_FRAGMENT_MIXED_RETAINED_OMITTED
RF1b|f68v2.6|G003	RF1b	f68v2.6	f68v2	DIAGNOSTIC_NONPROSE	C	3	33	DEFINITE_SPACE	DEFINITE_SPACE	shs@152;y	shs y	2	3,4	3	4	shs	y	MULTI_ASCII_FRAGMENT	MULTI_FRAGMENT_MIXED_RETAINED_OMITTED
RF1b|f68v2.6|G006	RF1b	f68v2.6	f68v2	DIAGNOSTIC_NONPROSE	C	6	33	DEFINITE_SPACE	DEFINITE_SPACE	ok@221;r	ok r	2	7,8	7,8		ok r		MULTI_ASCII_FRAGMENT	MULTI_FRAGMENT_ALL_RETAINED
RF1b|f68v2.6|G013	RF1b	f68v2.6	f68v2	DIAGNOSTIC_NONPROSE	C	13	33	DEFINITE_SPACE	DEFINITE_SPACE	chete@152;y	chete y	2	15,16	15	16	chete	y	MULTI_ASCII_FRAGMENT	MULTI_FRAGMENT_MIXED_RETAINED_OMITTED
RF1b|f68v2.6|G014	RF1b	f68v2.6	f68v2	DIAGNOSTIC_NONPROSE	C	14	33	DEFINITE_SPACE	DEFINITE_SPACE	cheda@152;y	cheda y	2	17,18	17	18	cheda	y	MULTI_ASCII_FRAGMENT	MULTI_FRAGMENT_MIXED_RETAINED_OMITTED
RF1b|f68v2.6|G033	RF1b	f68v2.6	f68v2	DIAGNOSTIC_NONPROSE	C	33	33	DEFINITE_SPACE	LINE_END	s@221;ry	s ry	2	37,38	37,38		s ry		MULTI_ASCII_FRAGMENT	MULTI_FRAGMENT_ALL_RETAINED
RF1b|f68v3.10|G001	RF1b	f68v3.10	f68v3	DIAGNOSTIC_NONPROSE	R	1	6	LINE_START	DEFINITE_SPACE	qokeo@152;y	qokeo y	2	1,2	1	2	qokeo	y	MULTI_ASCII_FRAGMENT	MULTI_FRAGMENT_MIXED_RETAINED_OMITTED
RF1b|f68v3.15|G001	RF1b	f68v3.15	f68v3	DIAGNOSTIC_NONPROSE	L	1	1	LINE_START	LINE_END	oto@152;al	oto al	2	1,2	1,2		oto al		MULTI_ASCII_FRAGMENT	MULTI_FRAGMENT_ALL_RETAINED
RF1b|f68v3.5|G005	RF1b	f68v3.5	f68v3	DIAGNOSTIC_NONPROSE	C	5	52	DEFINITE_SPACE	DEFINITE_SPACE	che@152;as	che as	2	5,6	5,6		che as		MULTI_ASCII_FRAGMENT	MULTI_FRAGMENT_ALL_RETAINED
RF1b|f68v3.6|G006	RF1b	f68v3.6	f68v3	DIAGNOSTIC_NONPROSE	R	6	8	DEFINITE_SPACE	DEFINITE_SPACE	cho@152;y	cho y	2	6,7	6	7	cho	y	MULTI_ASCII_FRAGMENT	MULTI_FRAGMENT_MIXED_RETAINED_OMITTED
RF1b|f68v3.8|G006	RF1b	f68v3.8	f68v3	DIAGNOSTIC_NONPROSE	R	6	8	DEFINITE_SPACE	DEFINITE_SPACE	okch@152;y	okch y	2	6,7	6	7	okch	y	MULTI_ASCII_FRAGMENT	MULTI_FRAGMENT_MIXED_RETAINED_OMITTED
RF1b|f68v3.9|G004	RF1b	f68v3.9	f68v3	DIAGNOSTIC_NONPROSE	R	4	4	DEFINITE_SPACE	LINE_END	okol@152;om	okol om	2	4,5	4,5		okol om		MULTI_ASCII_FRAGMENT	MULTI_FRAGMENT_ALL_RETAINED
RF1b|f69r.14|G004	RF1b	f69r.14	f69r	DIAGNOSTIC_NONPROSE	L	4	4	DEFINITE_SPACE	LINE_END	ch@152;y	ch y	2	4,5	4	5	ch	y	MULTI_ASCII_FRAGMENT	MULTI_FRAGMENT_MIXED_RETAINED_OMITTED
RF1b|f69r.18|G002	RF1b	f69r.18	f69r	DIAGNOSTIC_NONPROSE	L	2	2	DEFINITE_SPACE	LINE_END	alo@152;y	alo y	2	2,3	2	3	alo	y	MULTI_ASCII_FRAGMENT	MULTI_FRAGMENT_MIXED_RETAINED_OMITTED
RF1b|f69r.21|G001	RF1b	f69r.21	f69r	DIAGNOSTIC_NONPROSE	R	1	2	LINE_START	DEFINITE_SPACE	cho@152;chy	cho chy	2	1,2	1,2		cho chy		MULTI_ASCII_FRAGMENT	MULTI_FRAGMENT_ALL_RETAINED
RF1b|f69r.23|G001	RF1b	f69r.23	f69r	DIAGNOSTIC_NONPROSE	R	1	2	LINE_START	DEFINITE_SPACE	okeo@152;ar	okeo ar	2	1,2	1,2		okeo ar		MULTI_ASCII_FRAGMENT	MULTI_FRAGMENT_ALL_RETAINED
RF1b|f69r.39|G004	RF1b	f69r.39	f69r	DIAGNOSTIC_NONPROSE	R	4	4	DEFINITE_SPACE	LINE_END	ote@152;y	ote y	2	4,5	4	5	ote	y	MULTI_ASCII_FRAGMENT	MULTI_FRAGMENT_MIXED_RETAINED_OMITTED
RF1b|f69v.1|G022	RF1b	f69v.1	f69v	DIAGNOSTIC_NONPROSE	C	22	42	DEFINITE_SPACE	DEFINITE_SPACE	oke@152;y	oke y	2	22,23	22	23	oke	y	MULTI_ASCII_FRAGMENT	MULTI_FRAGMENT_MIXED_RETAINED_OMITTED
RF1b|f69v.1|G034	RF1b	f69v.1	f69v	DIAGNOSTIC_NONPROSE	C	34	42	DEFINITE_SPACE	DEFINITE_SPACE	o@152;air	o air	2	35,36	35,36		o air		MULTI_ASCII_FRAGMENT	MULTI_FRAGMENT_ALL_RETAINED
RF1b|f69v.10|G001	RF1b	f69v.10	f69v	DIAGNOSTIC_NONPROSE	R	1	1	LINE_START	LINE_END	yto@152;y	yto y	2	1,2	1	2	yto	y	MULTI_ASCII_FRAGMENT	MULTI_FRAGMENT_MIXED_RETAINED_OMITTED
RF1b|f69v.12|G001	RF1b	f69v.12	f69v	DIAGNOSTIC_NONPROSE	R	1	1	LINE_START	LINE_END	oto@152;y	oto y	2	1,2	1	2	oto	y	MULTI_ASCII_FRAGMENT	MULTI_FRAGMENT_MIXED_RETAINED_OMITTED
RF1b|f69v.2|G002	RF1b	f69v.2	f69v	DIAGNOSTIC_NONPROSE	C	2	35	DEFINITE_SPACE	DEFINITE_SPACE	ch@221;l	ch l	2	2,3	2,3		ch l		MULTI_ASCII_FRAGMENT	MULTI_FRAGMENT_ALL_RETAINED
RF1b|f69v.2|G020	RF1b	f69v.2	f69v	DIAGNOSTIC_NONPROSE	C	20	35	DEFINITE_SPACE	DEFINITE_SPACE	y@152;y	y y	2	21,22		21,22		y y	MULTI_ASCII_FRAGMENT	MULTI_FRAGMENT_ALL_OMITTED
RF1b|f69v.2|G028	RF1b	f69v.2	f69v	DIAGNOSTIC_NONPROSE	C	28	35	DEFINITE_SPACE	DEFINITE_SPACE	ykeeo@152;y	ykeeo y	2	30,31	30	31	ykeeo	y	MULTI_ASCII_FRAGMENT	MULTI_FRAGMENT_MIXED_RETAINED_OMITTED
RF1b|f69v.23|G001	RF1b	f69v.23	f69v	DIAGNOSTIC_NONPROSE	R	1	1	LINE_START	LINE_END	sary@152;y	sary y	2	1,2	1	2	sary	y	MULTI_ASCII_FRAGMENT	MULTI_FRAGMENT_MIXED_RETAINED_OMITTED
RF1b|f69v.26|G002	RF1b	f69v.26	f69v	DIAGNOSTIC_NONPROSE	R	2	2	DEFINITE_SPACE	LINE_END	@152;		0						ZERO_ASCII_FRAGMENT	SOURCE_GROUP_ABSENT_FROM_LEGACY_ASCII
RF1b|f69v.27|G001	RF1b	f69v.27	f69v	DIAGNOSTIC_NONPROSE	R	1	1	LINE_START	LINE_END	oke@221;d	oke d	2	1,2	1,2		oke d		MULTI_ASCII_FRAGMENT	MULTI_FRAGMENT_ALL_RETAINED
RF1b|f69v.3|G004	RF1b	f69v.3	f69v	DIAGNOSTIC_NONPROSE	C	4	29	UNCERTAIN_SMALL_SPACE	DEFINITE_SPACE	@240;		0						ZERO_ASCII_FRAGMENT	SOURCE_GROUP_ABSENT_FROM_LEGACY_ASCII
RF1b|f69v.3|G007	RF1b	f69v.3	f69v	DIAGNOSTIC_NONPROSE	C	7	29	DEFINITE_SPACE	DEFINITE_SPACE	ar@240;chy	ar chy	2	6,7	6,7		ar chy		MULTI_ASCII_FRAGMENT	MULTI_FRAGMENT_ALL_RETAINED
RF1b|f69v.3|G017	RF1b	f69v.3	f69v	DIAGNOSTIC_NONPROSE	C	17	29	DEFINITE_SPACE	DEFINITE_SPACE	yty@152;a	yty a	2	17,18	18	17	a	yty	MULTI_ASCII_FRAGMENT	MULTI_FRAGMENT_MIXED_RETAINED_OMITTED
RF1b|f69v.3|G020	RF1b	f69v.3	f69v	DIAGNOSTIC_NONPROSE	C	20	29	DEFINITE_SPACE	DEFINITE_SPACE	okeo@152;al	okeo al	2	21,22	21,22		okeo al		MULTI_ASCII_FRAGMENT	MULTI_FRAGMENT_ALL_RETAINED
RF1b|f69v.3|G026	RF1b	f69v.3	f69v	DIAGNOSTIC_NONPROSE	C	26	29	DEFINITE_SPACE	DEFINITE_SPACE	o@176;o@152;y	o o y	3	28,29,30	28,29	30	o o	y	MULTI_ASCII_FRAGMENT	MULTI_FRAGMENT_MIXED_RETAINED_OMITTED
RF1b|f6r.9|G003	RF1b	f6r.9	f6r	CONFIRMED_PROSE	P	3	5	DEFINITE_SPACE	DEFINITE_SPACE	skaiio@152;ar	skaiio ar	2	3,4	3,4		skaiio ar		MULTI_ASCII_FRAGMENT	MULTI_FRAGMENT_ALL_RETAINED
RF1b|f6v.2|G005	RF1b	f6v.2	f6v	CONFIRMED_PROSE	P	5	8	DEFINITE_SPACE	DEFINITE_SPACE	che@221;s	che s	2	5,6	5,6		che s		MULTI_ASCII_FRAGMENT	MULTI_FRAGMENT_ALL_RETAINED
RF1b|f70r1.12|G001	RF1b	f70r1.12	f70r1	DIAGNOSTIC_NONPROSE	R	1	1	LINE_START	LINE_END	okchydal@152;y	okchydal y	2	1,2	1	2	okchydal	y	MULTI_ASCII_FRAGMENT	MULTI_FRAGMENT_MIXED_RETAINED_OMITTED
RF1b|f70r1.18|G001	RF1b	f70r1.18	f70r1	DIAGNOSTIC_NONPROSE	R	1	1	LINE_START	LINE_END	cho@152;al	cho al	2	1,2	1,2		cho al		MULTI_ASCII_FRAGMENT	MULTI_FRAGMENT_ALL_RETAINED
RF1b|f70r1.2|G011	RF1b	f70r1.2	f70r1	DIAGNOSTIC_NONPROSE	C	11	31	DEFINITE_SPACE	DEFINITE_SPACE	oke@221;s	oke s	2	11,12	11,12		oke s		MULTI_ASCII_FRAGMENT	MULTI_FRAGMENT_ALL_RETAINED
RF1b|f70r1.2|G029	RF1b	f70r1.2	f70r1	DIAGNOSTIC_NONPROSE	C	29	31	DEFINITE_SPACE	DEFINITE_SPACE	che@152;aiin	che aiin	2	30,31	30,31		che aiin		MULTI_ASCII_FRAGMENT	MULTI_FRAGMENT_ALL_RETAINED
RF1b|f70r1.3|G004	RF1b	f70r1.3	f70r1	DIAGNOSTIC_NONPROSE	C	4	33	DEFINITE_SPACE	DEFINITE_SPACE	toch@221;dy	toch dy	2	4,5	4	5	toch	dy	MULTI_ASCII_FRAGMENT	MULTI_FRAGMENT_MIXED_RETAINED_OMITTED
RF1b|f70r1.3|G011	RF1b	f70r1.3	f70r1	DIAGNOSTIC_NONPROSE	C	11	33	DEFINITE_SPACE	DEFINITE_SPACE	okche@152;y	okche y	2	12,13	12	13	okche	y	MULTI_ASCII_FRAGMENT	MULTI_FRAGMENT_MIXED_RETAINED_OMITTED
RF1b|f70r1.9|G001	RF1b	f70r1.9	f70r1	DIAGNOSTIC_NONPROSE	R	1	1	LINE_START	LINE_END	otairorol@152;y	otairorol y	2	1,2	1	2	otairorol	y	MULTI_ASCII_FRAGMENT	MULTI_FRAGMENT_MIXED_RETAINED_OMITTED
RF1b|f70r2.12|G006	RF1b	f70r2.12	f70r2	DIAGNOSTIC_NONPROSE	P	6	6	DEFINITE_SPACE	LINE_END	ch@152;y	ch y	2	6,7	6	7	ch	y	MULTI_ASCII_FRAGMENT	MULTI_FRAGMENT_MIXED_RETAINED_OMITTED
RF1b|f70r2.15|G012	RF1b	f70r2.15	f70r2	DIAGNOSTIC_NONPROSE	C	12	36	DEFINITE_SPACE	DEFINITE_SPACE	otee@152;y	otee y	2	12,13	12	13	otee	y	MULTI_ASCII_FRAGMENT	MULTI_FRAGMENT_MIXED_RETAINED_OMITTED
RF1b|f70r2.16|G017	RF1b	f70r2.16	f70r2	DIAGNOSTIC_NONPROSE	C	17	34	DEFINITE_SPACE	DEFINITE_SPACE	oteeo@152;ar	oteeo ar	2	17,18	17,18		oteeo ar		MULTI_ASCII_FRAGMENT	MULTI_FRAGMENT_ALL_RETAINED
RF1b|f70r2.16|G022	RF1b	f70r2.16	f70r2	DIAGNOSTIC_NONPROSE	C	22	34	DEFINITE_SPACE	DEFINITE_SPACE	sheo@152;aiin	sheo aiin	2	23,24	23,24		sheo aiin		MULTI_ASCII_FRAGMENT	MULTI_FRAGMENT_ALL_RETAINED
RF1b|f70r2.16|G024	RF1b	f70r2.16	f70r2	DIAGNOSTIC_NONPROSE	C	24	34	DEFINITE_SPACE	DEFINITE_SPACE	ch@221;l	ch l	2	26,27	26,27		ch l		MULTI_ASCII_FRAGMENT	MULTI_FRAGMENT_ALL_RETAINED
RF1b|f70r2.16|G030	RF1b	f70r2.16	f70r2	DIAGNOSTIC_NONPROSE	C	30	34	DEFINITE_SPACE	DEFINITE_SPACE	che@152;y	che y	2	33,34	33	34	che	y	MULTI_ASCII_FRAGMENT	MULTI_FRAGMENT_MIXED_RETAINED_OMITTED
RF1b|f70r2.17|G008	RF1b	f70r2.17	f70r2	DIAGNOSTIC_NONPROSE	C	8	32	DEFINITE_SPACE	DEFINITE_SPACE	y@176;aldy	y aldy	2	8,9	9	8	aldy	y	MULTI_ASCII_FRAGMENT	MULTI_FRAGMENT_MIXED_RETAINED_OMITTED
RF1b|f70r2.17|G015	RF1b	f70r2.17	f70r2	DIAGNOSTIC_NONPROSE	C	15	32	DEFINITE_SPACE	DEFINITE_SPACE	cheotee@221;@152;al	cheotee al	2	16,17	16,17		cheotee al		MULTI_ASCII_FRAGMENT	MULTI_FRAGMENT_ALL_RETAINED
RF1b|f70r2.18|G003	RF1b	f70r2.18	f70r2	DIAGNOSTIC_NONPROSE	C	3	32	DEFINITE_SPACE	DEFINITE_SPACE	arodche@152;y	arodche y	2	3,4	3	4	arodche	y	MULTI_ASCII_FRAGMENT	MULTI_FRAGMENT_MIXED_RETAINED_OMITTED
RF1b|f70r2.18|G009	RF1b	f70r2.18	f70r2	DIAGNOSTIC_NONPROSE	C	9	32	DEFINITE_SPACE	DEFINITE_SPACE	okee@152;aly	okee aly	2	10,11	10,11		okee aly		MULTI_ASCII_FRAGMENT	MULTI_FRAGMENT_ALL_RETAINED
RF1b|f70r2.18|G017	RF1b	f70r2.18	f70r2	DIAGNOSTIC_NONPROSE	C	17	32	DEFINITE_SPACE	DEFINITE_SPACE	oteo@152;y	oteo y	2	19,20	19	20	oteo	y	MULTI_ASCII_FRAGMENT	MULTI_FRAGMENT_MIXED_RETAINED_OMITTED
RF1b|f70r2.3|G002	RF1b	f70r2.3	f70r2	DIAGNOSTIC_NONPROSE	P	2	10	DEFINITE_SPACE	DEFINITE_SPACE	@222;		0						ZERO_ASCII_FRAGMENT	SOURCE_GROUP_ABSENT_FROM_LEGACY_ASCII
RF1b|f70v1.1|G017	RF1b	f70v1.1	f70v1	DIAGNOSTIC_NONPROSE	C	17	36	DEFINITE_SPACE	DEFINITE_SPACE	ykeo@152;y	ykeo y	2	17,18	17	18	ykeo	y	MULTI_ASCII_FRAGMENT	MULTI_FRAGMENT_MIXED_RETAINED_OMITTED
RF1b|f70v1.1|G018	RF1b	f70v1.1	f70v1	DIAGNOSTIC_NONPROSE	C	18	36	DEFINITE_SPACE	DEFINITE_SPACE	oteo@152;y	oteo y	2	19,20	19	20	oteo	y	MULTI_ASCII_FRAGMENT	MULTI_FRAGMENT_MIXED_RETAINED_OMITTED
RF1b|f70v1.1|G026	RF1b	f70v1.1	f70v1	DIAGNOSTIC_NONPROSE	C	26	36	DEFINITE_SPACE	DEFINITE_SPACE	cheo@152;y	cheo y	2	28,29	28	29	cheo	y	MULTI_ASCII_FRAGMENT	MULTI_FRAGMENT_MIXED_RETAINED_OMITTED
RF1b|f70v1.11|G001	RF1b	f70v1.11	f70v1	DIAGNOSTIC_NONPROSE	L	1	2	LINE_START	DEFINITE_SPACE	ot@221;l	ot l	2	1,2	1,2		ot l		MULTI_ASCII_FRAGMENT	MULTI_FRAGMENT_ALL_RETAINED
RF1b|f70v1.12|G005	RF1b	f70v1.12	f70v1	DIAGNOSTIC_NONPROSE	C	5	21	DEFINITE_SPACE	DEFINITE_SPACE	okeo@152;al	okeo al	2	5,6	5,6		okeo al		MULTI_ASCII_FRAGMENT	MULTI_FRAGMENT_ALL_RETAINED
RF1b|f70v2.1|G010	RF1b	f70v2.1	f70v2	DIAGNOSTIC_NONPROSE	C	10	42	DEFINITE_SPACE	DEFINITE_SPACE	opcheol@152;air	opcheol air	2	10,11	10,11		opcheol air		MULTI_ASCII_FRAGMENT	MULTI_FRAGMENT_ALL_RETAINED
RF1b|f70v2.1|G015	RF1b	f70v2.1	f70v2	DIAGNOSTIC_NONPROSE	C	15	42	DEFINITE_SPACE	DEFINITE_SPACE	choetee@152;y	choetee y	2	16,17	16	17	choetee	y	MULTI_ASCII_FRAGMENT	MULTI_FRAGMENT_MIXED_RETAINED_OMITTED
RF1b|f70v2.1|G019	RF1b	f70v2.1	f70v2	DIAGNOSTIC_NONPROSE	C	19	42	DEFINITE_SPACE	DEFINITE_SPACE	sheo@152;aly	sheo aly	2	21,22	21,22		sheo aly		MULTI_ASCII_FRAGMENT	MULTI_FRAGMENT_ALL_RETAINED
RF1b|f70v2.1|G039	RF1b	f70v2.1	f70v2	DIAGNOSTIC_NONPROSE	C	39	42	DEFINITE_SPACE	DEFINITE_SPACE	to@152;aiin	to aiin	2	42,43	42,43		to aiin		MULTI_ASCII_FRAGMENT	MULTI_FRAGMENT_ALL_RETAINED
RF1b|f70v2.1|G042	RF1b	f70v2.1	f70v2	DIAGNOSTIC_NONPROSE	C	42	42	DEFINITE_SPACE	LINE_END	otch@221;m	otch m	2	46,47	46	47	otch	m	MULTI_ASCII_FRAGMENT	MULTI_FRAGMENT_MIXED_RETAINED_OMITTED
RF1b|f70v2.12|G001	RF1b	f70v2.12	f70v2	DIAGNOSTIC_NONPROSE	L	1	1	LINE_START	LINE_END	oko@152;y	oko y	2	1,2	1	2	oko	y	MULTI_ASCII_FRAGMENT	MULTI_FRAGMENT_MIXED_RETAINED_OMITTED
RF1b|f70v2.17|G001	RF1b	f70v2.17	f70v2	DIAGNOSTIC_NONPROSE	L	1	1	LINE_START	LINE_END	otal@152;y	otal y	2	1,2	1	2	otal	y	MULTI_ASCII_FRAGMENT	MULTI_FRAGMENT_MIXED_RETAINED_OMITTED
RF1b|f70v2.21|G001	RF1b	f70v2.21	f70v2	DIAGNOSTIC_NONPROSE	C	1	33	LINE_START	DEFINITE_SPACE	daii@197;amdy	daii amdy	2	1,2	1,2		daii amdy		MULTI_ASCII_FRAGMENT	MULTI_FRAGMENT_ALL_RETAINED
RF1b|f70v2.21|G014	RF1b	f70v2.21	f70v2	DIAGNOSTIC_NONPROSE	C	14	33	DEFINITE_SPACE	DEFINITE_SPACE	che@152;y	che y	2	15,16	15	16	che	y	MULTI_ASCII_FRAGMENT	MULTI_FRAGMENT_MIXED_RETAINED_OMITTED
RF1b|f70v2.21|G018	RF1b	f70v2.21	f70v2	DIAGNOSTIC_NONPROSE	C	18	33	DEFINITE_SPACE	DEFINITE_SPACE	alo@152;y	alo y	2	20,21	20	21	alo	y	MULTI_ASCII_FRAGMENT	MULTI_FRAGMENT_MIXED_RETAINED_OMITTED
RF1b|f70v2.21|G020	RF1b	f70v2.21	f70v2	DIAGNOSTIC_NONPROSE	C	20	33	DEFINITE_SPACE	DEFINITE_SPACE	otee@152;ar	otee ar	2	23,24	23,24		otee ar		MULTI_ASCII_FRAGMENT	MULTI_FRAGMENT_ALL_RETAINED
RF1b|f70v2.32|G001	RF1b	f70v2.32	f70v2	DIAGNOSTIC_NONPROSE	C	1	20	LINE_START	DEFINITE_SPACE	ot@221;l	ot l	2	1,2	1,2		ot l		MULTI_ASCII_FRAGMENT	MULTI_FRAGMENT_ALL_RETAINED
RF1b|f70v2.6|G002	RF1b	f70v2.6	f70v2	DIAGNOSTIC_NONPROSE	L	2	2	DEFINITE_SPACE	LINE_END	o@152;y	o y	2	2,3	2	3	o	y	MULTI_ASCII_FRAGMENT	MULTI_FRAGMENT_MIXED_RETAINED_OMITTED
RF1b|f71r.1|G003	RF1b	f71r.1	f71r	DIAGNOSTIC_NONPROSE	C	3	35	DEFINITE_SPACE	DEFINITE_SPACE	okeee@152;y	okeee y	2	3,4	3	4	okeee	y	MULTI_ASCII_FRAGMENT	MULTI_FRAGMENT_MIXED_RETAINED_OMITTED
RF1b|f71r.1|G008	RF1b	f71r.1	f71r	DIAGNOSTIC_NONPROSE	C	8	35	DEFINITE_SPACE	DEFINITE_SPACE	oteo@152;y	oteo y	2	9,10	9	10	oteo	y	MULTI_ASCII_FRAGMENT	MULTI_FRAGMENT_MIXED_RETAINED_OMITTED
RF1b|f71r.1|G016	RF1b	f71r.1	f71r	DIAGNOSTIC_NONPROSE	C	16	35	DEFINITE_SPACE	DEFINITE_SPACE	okeokeokeo@152;y	okeokeokeo y	2	18,19	18	19	okeokeokeo	y	MULTI_ASCII_FRAGMENT	MULTI_FRAGMENT_MIXED_RETAINED_OMITTED
RF1b|f71r.1|G017	RF1b	f71r.1	f71r	DIAGNOSTIC_NONPROSE	C	17	35	DEFINITE_SPACE	DEFINITE_SPACE	okeo@152;ar	okeo ar	2	20,21	20,21		okeo ar		MULTI_ASCII_FRAGMENT	MULTI_FRAGMENT_ALL_RETAINED
RF1b|f71r.1|G028	RF1b	f71r.1	f71r	DIAGNOSTIC_NONPROSE	C	28	35	DEFINITE_SPACE	DEFINITE_SPACE	oteeeo@152;ar	oteeeo ar	2	32,33	32,33		oteeeo ar		MULTI_ASCII_FRAGMENT	MULTI_FRAGMENT_ALL_RETAINED
RF1b|f71r.1|G029	RF1b	f71r.1	f71r	DIAGNOSTIC_NONPROSE	C	29	35	DEFINITE_SPACE	DEFINITE_SPACE	oteo@152;y	oteo y	2	34,35	34	35	oteo	y	MULTI_ASCII_FRAGMENT	MULTI_FRAGMENT_MIXED_RETAINED_OMITTED
RF1b|f71r.12|G006	RF1b	f71r.12	f71r	DIAGNOSTIC_NONPROSE	C	6	24	DEFINITE_SPACE	DEFINITE_SPACE	okalo@152;y	okalo y	2	6,7	6	7	okalo	y	MULTI_ASCII_FRAGMENT	MULTI_FRAGMENT_MIXED_RETAINED_OMITTED
RF1b|f71r.12|G014	RF1b	f71r.12	f71r	DIAGNOSTIC_NONPROSE	C	14	24	DEFINITE_SPACE	DEFINITE_SPACE	otoeo@152;al	otoeo al	2	15,16	15,16		otoeo al		MULTI_ASCII_FRAGMENT	MULTI_FRAGMENT_ALL_RETAINED
RF1b|f71r.3|G001	RF1b	f71r.3	f71r	DIAGNOSTIC_NONPROSE	L	1	1	LINE_START	LINE_END	okl@152;am	okl am	2	1,2	1,2		okl am		MULTI_ASCII_FRAGMENT	MULTI_FRAGMENT_ALL_RETAINED
RF1b|f71r.4|G001	RF1b	f71r.4	f71r	DIAGNOSTIC_NONPROSE	L	1	1	LINE_START	LINE_END	oteoal@152;y	oteoal y	2	1,2	1	2	oteoal	y	MULTI_ASCII_FRAGMENT	MULTI_FRAGMENT_MIXED_RETAINED_OMITTED
RF1b|f71v.1|G003	RF1b	f71v.1	f71v	DIAGNOSTIC_NONPROSE	C	3	37	DEFINITE_SPACE	DEFINITE_SPACE	oteeo@152;aiin	oteeo aiin	2	3,4	3,4		oteeo aiin		MULTI_ASCII_FRAGMENT	MULTI_FRAGMENT_ALL_RETAINED
RF1b|f71v.1|G019	RF1b	f71v.1	f71v	DIAGNOSTIC_NONPROSE	C	19	37	DEFINITE_SPACE	DEFINITE_SPACE	{ch'}eealo@152;y	eealo y	2	20,21	20	21	eealo	y	MULTI_ASCII_FRAGMENT	MULTI_FRAGMENT_MIXED_RETAINED_OMITTED
RF1b|f71v.1|G032	RF1b	f71v.1	f71v	DIAGNOSTIC_NONPROSE	C	32	37	DEFINITE_SPACE	DEFINITE_SPACE	o@176;eey	o eey	2	34,35	34,35		o eey		MULTI_ASCII_FRAGMENT	MULTI_FRAGMENT_ALL_RETAINED
RF1b|f71v.12|G005	RF1b	f71v.12	f71v	DIAGNOSTIC_NONPROSE	C	5	30	DEFINITE_SPACE	DEFINITE_SPACE	ok@221;lar	ok lar	2	5,6	5,6		ok lar		MULTI_ASCII_FRAGMENT	MULTI_FRAGMENT_ALL_RETAINED
RF1b|f71v.12|G018	RF1b	f71v.12	f71v	DIAGNOSTIC_NONPROSE	C	18	30	DEFINITE_SPACE	DEFINITE_SPACE	ot@221;r	ot r	2	19,20	19,20		ot r		MULTI_ASCII_FRAGMENT	MULTI_FRAGMENT_ALL_RETAINED
RF1b|f71v.16|G002	RF1b	f71v.16	f71v	DIAGNOSTIC_NONPROSE	L	2	2	DEFINITE_SPACE	LINE_END	sh@221;r	sh r	2	2,3	2,3		sh r		MULTI_ASCII_FRAGMENT	MULTI_FRAGMENT_ALL_RETAINED
RF1b|f71v.17|G001	RF1b	f71v.17	f71v	DIAGNOSTIC_NONPROSE	L	1	1	LINE_START	LINE_END	sholsh@152;y	sholsh y	2	1,2	1	2	sholsh	y	MULTI_ASCII_FRAGMENT	MULTI_FRAGMENT_MIXED_RETAINED_OMITTED
RF1b|f71v.5|G001	RF1b	f71v.5	f71v	DIAGNOSTIC_NONPROSE	L	1	1	LINE_START	LINE_END	otcho@152;y	otcho y	2	1,2	1	2	otcho	y	MULTI_ASCII_FRAGMENT	MULTI_FRAGMENT_MIXED_RETAINED_OMITTED
RF1b|f72r1.1|G009	RF1b	f72r1.1	f72r1	DIAGNOSTIC_NONPROSE	C	9	43	DEFINITE_SPACE	DEFINITE_SPACE	otee@152;y	otee y	2	9,10	9	10	otee	y	MULTI_ASCII_FRAGMENT	MULTI_FRAGMENT_MIXED_RETAINED_OMITTED
RF1b|f72r1.1|G010	RF1b	f72r1.1	f72r1	DIAGNOSTIC_NONPROSE	C	10	43	DEFINITE_SPACE	DEFINITE_SPACE	okeo@152;aly	okeo aly	2	11,12	11,12		okeo aly		MULTI_ASCII_FRAGMENT	MULTI_FRAGMENT_ALL_RETAINED
RF1b|f72r1.1|G015	RF1b	f72r1.1	f72r1	DIAGNOSTIC_NONPROSE	C	15	43	DEFINITE_SPACE	DEFINITE_SPACE	okee@152;y	okee y	2	17,18	17	18	okee	y	MULTI_ASCII_FRAGMENT	MULTI_FRAGMENT_MIXED_RETAINED_OMITTED
RF1b|f72r1.12|G001	RF1b	f72r1.12	f72r1	DIAGNOSTIC_NONPROSE	C	1	23	LINE_START	DEFINITE_SPACE	oteo@152;ar	oteo ar	2	1,2	1,2		oteo ar		MULTI_ASCII_FRAGMENT	MULTI_FRAGMENT_ALL_RETAINED
RF1b|f72r1.12|G012	RF1b	f72r1.12	f72r1	DIAGNOSTIC_NONPROSE	C	12	23	DEFINITE_SPACE	DEFINITE_SPACE	oteoteeo@152;y	oteoteeo y	2	13,14	13	14	oteoteeo	y	MULTI_ASCII_FRAGMENT	MULTI_FRAGMENT_MIXED_RETAINED_OMITTED
RF1b|f72r1.12|G018	RF1b	f72r1.12	f72r1	DIAGNOSTIC_NONPROSE	C	18	23	DEFINITE_SPACE	DEFINITE_SPACE	chee@152;y	chee y	2	20,21	20	21	chee	y	MULTI_ASCII_FRAGMENT	MULTI_FRAGMENT_MIXED_RETAINED_OMITTED
RF1b|f72r1.4|G001	RF1b	f72r1.4	f72r1	DIAGNOSTIC_NONPROSE	L	1	1	LINE_START	LINE_END	o@221;iinarary	o iinarary	2	1,2	1,2		o iinarary		MULTI_ASCII_FRAGMENT	MULTI_FRAGMENT_ALL_RETAINED
RF1b|f72r1.5|G001	RF1b	f72r1.5	f72r1	DIAGNOSTIC_NONPROSE	L	1	1	LINE_START	LINE_END	o@176;alam	o alam	2	1,2	1,2		o alam		MULTI_ASCII_FRAGMENT	MULTI_FRAGMENT_ALL_RETAINED
RF1b|f72r1.6|G001	RF1b	f72r1.6	f72r1	DIAGNOSTIC_NONPROSE	L	1	1	LINE_START	LINE_END	ytalsh@152;y	ytalsh y	2	1,2	1	2	ytalsh	y	MULTI_ASCII_FRAGMENT	MULTI_FRAGMENT_MIXED_RETAINED_OMITTED
RF1b|f72r1.7|G001	RF1b	f72r1.7	f72r1	DIAGNOSTIC_NONPROSE	L	1	2	LINE_START	DEFINITE_SPACE	ch@221;r	ch r	2	1,2	1,2		ch r		MULTI_ASCII_FRAGMENT	MULTI_FRAGMENT_ALL_RETAINED
RF1b|f72r2.22|G003	RF1b	f72r2.22	f72r2	DIAGNOSTIC_NONPROSE	C	3	25	DEFINITE_SPACE	DEFINITE_SPACE	teo@152;al	teo al	2	3,4	3,4		teo al		MULTI_ASCII_FRAGMENT	MULTI_FRAGMENT_ALL_RETAINED
RF1b|f72r2.22|G009	RF1b	f72r2.22	f72r2	DIAGNOSTIC_NONPROSE	C	9	25	DEFINITE_SPACE	DEFINITE_SPACE	oteo@152;aiin	oteo aiin	2	10,11	10,11		oteo aiin		MULTI_ASCII_FRAGMENT	MULTI_FRAGMENT_ALL_RETAINED
RF1b|f72r2.22|G016	RF1b	f72r2.22	f72r2	DIAGNOSTIC_NONPROSE	C	16	25	DEFINITE_SPACE	DEFINITE_SPACE	dalch@152;y	dalch y	2	18,19	18	19	dalch	y	MULTI_ASCII_FRAGMENT	MULTI_FRAGMENT_MIXED_RETAINED_OMITTED
RF1b|f72r2.28|G001	RF1b	f72r2.28	f72r2	DIAGNOSTIC_NONPROSE	L	1	1	LINE_START	LINE_END	ch@221;sar	ch sar	2	1,2	1,2		ch sar		MULTI_ASCII_FRAGMENT	MULTI_FRAGMENT_ALL_RETAINED
RF1b|f72r2.6|G030	RF1b	f72r2.6	f72r2	DIAGNOSTIC_NONPROSE	C	30	41	DEFINITE_SPACE	DEFINITE_SPACE	@152;		0						ZERO_ASCII_FRAGMENT	SOURCE_GROUP_ABSENT_FROM_LEGACY_ASCII
RF1b|f72r2.6|G038	RF1b	f72r2.6	f72r2	DIAGNOSTIC_NONPROSE	C	38	41	DEFINITE_SPACE	DEFINITE_SPACE	qokeo@152;al	qokeo al	2	37,38	37,38		qokeo al		MULTI_ASCII_FRAGMENT	MULTI_FRAGMENT_ALL_RETAINED
RF1b|f72r3.1|G011	RF1b	f72r3.1	f72r3	DIAGNOSTIC_NONPROSE	C	11	47	DEFINITE_SPACE	DEFINITE_SPACE	otee@152;y	otee y	2	11,12	11	12	otee	y	MULTI_ASCII_FRAGMENT	MULTI_FRAGMENT_MIXED_RETAINED_OMITTED
RF1b|f72r3.1|G031	RF1b	f72r3.1	f72r3	DIAGNOSTIC_NONPROSE	C	31	47	DEFINITE_SPACE	DEFINITE_SPACE	che@176;ar	che ar	2	32,33	32,33		che ar		MULTI_ASCII_FRAGMENT	MULTI_FRAGMENT_ALL_RETAINED
RF1b|f72r3.1|G041	RF1b	f72r3.1	f72r3	DIAGNOSTIC_NONPROSE	C	41	47	DEFINITE_SPACE	DEFINITE_SPACE	cheal@152;y	cheal y	2	43,44	43	44	cheal	y	MULTI_ASCII_FRAGMENT	MULTI_FRAGMENT_MIXED_RETAINED_OMITTED
RF1b|f72r3.14|G005	RF1b	f72r3.14	f72r3	DIAGNOSTIC_NONPROSE	C	5	38	DEFINITE_SPACE	DEFINITE_SPACE	shee@152;y	shee y	2	5,6	5	6	shee	y	MULTI_ASCII_FRAGMENT	MULTI_FRAGMENT_MIXED_RETAINED_OMITTED
RF1b|f72r3.14|G011	RF1b	f72r3.14	f72r3	DIAGNOSTIC_NONPROSE	C	11	38	DEFINITE_SPACE	DEFINITE_SPACE	ykee@221;ly	ykee ly	2	12,13	12,13		ykee ly		MULTI_ASCII_FRAGMENT	MULTI_FRAGMENT_ALL_RETAINED
RF1b|f72r3.14|G028	RF1b	f72r3.14	f72r3	DIAGNOSTIC_NONPROSE	C	28	38	DEFINITE_SPACE	DEFINITE_SPACE	okeo@152;y	okeo y	2	30,31	30	31	okeo	y	MULTI_ASCII_FRAGMENT	MULTI_FRAGMENT_MIXED_RETAINED_OMITTED
RF1b|f72r3.26|G016	RF1b	f72r3.26	f72r3	DIAGNOSTIC_NONPROSE	C	16	23	DEFINITE_SPACE	DEFINITE_SPACE	shesh@152;y	shesh y	2	16,17	16	17	shesh	y	MULTI_ASCII_FRAGMENT	MULTI_FRAGMENT_MIXED_RETAINED_OMITTED
RF1b|f72r3.26|G017	RF1b	f72r3.26	f72r3	DIAGNOSTIC_NONPROSE	C	17	23	DEFINITE_SPACE	DEFINITE_SPACE	che@152;y	che y	2	18,19	18	19	che	y	MULTI_ASCII_FRAGMENT	MULTI_FRAGMENT_MIXED_RETAINED_OMITTED
RF1b|f72r3.26|G018	RF1b	f72r3.26	f72r3	DIAGNOSTIC_NONPROSE	C	18	23	DEFINITE_SPACE	DEFINITE_SPACE	che@152;y	che y	2	20,21	20	21	che	y	MULTI_ASCII_FRAGMENT	MULTI_FRAGMENT_MIXED_RETAINED_OMITTED
RF1b|f72r3.6|G001	RF1b	f72r3.6	f72r3	DIAGNOSTIC_NONPROSE	L	1	1	LINE_START	LINE_END	oto@192;aiin	oto aiin	2	1,2	1,2		oto aiin		MULTI_ASCII_FRAGMENT	MULTI_FRAGMENT_ALL_RETAINED
RF1b|f72v1.1|G007	RF1b	f72v1.1	f72v1	DIAGNOSTIC_NONPROSE	C	7	38	DEFINITE_SPACE	DEFINITE_SPACE	o@176;chesal	o chesal	2	7,8	7,8		o chesal		MULTI_ASCII_FRAGMENT	MULTI_FRAGMENT_ALL_RETAINED
RF1b|f72v1.1|G017	RF1b	f72v1.1	f72v1	DIAGNOSTIC_NONPROSE	C	17	38	DEFINITE_SPACE	DEFINITE_SPACE	y@152;aiin	y aiin	2	18,19	19	18	aiin	y	MULTI_ASCII_FRAGMENT	MULTI_FRAGMENT_MIXED_RETAINED_OMITTED
RF1b|f72v1.1|G023	RF1b	f72v1.1	f72v1	DIAGNOSTIC_NONPROSE	C	23	38	DEFINITE_SPACE	DEFINITE_SPACE	o@176;chedyly	o chedyly	2	25,26	25,26		o chedyly		MULTI_ASCII_FRAGMENT	MULTI_FRAGMENT_ALL_RETAINED
RF1b|f72v1.1|G027	RF1b	f72v1.1	f72v1	DIAGNOSTIC_NONPROSE	C	27	38	DEFINITE_SPACE	DEFINITE_SPACE	ot@221;rar	ot rar	2	30,31	30,31		ot rar		MULTI_ASCII_FRAGMENT	MULTI_FRAGMENT_ALL_RETAINED
RF1b|f72v1.1|G033	RF1b	f72v1.1	f72v1	DIAGNOSTIC_NONPROSE	C	33	38	DEFINITE_SPACE	DEFINITE_SPACE	chee@152;y	chee y	2	37,38	37	38	chee	y	MULTI_ASCII_FRAGMENT	MULTI_FRAGMENT_MIXED_RETAINED_OMITTED
RF1b|f72v1.15|G001	RF1b	f72v1.15	f72v1	DIAGNOSTIC_NONPROSE	L	1	1	LINE_START	LINE_END	o@176;eeo@152;y	o eeo y	3	1,2,3	1,2	3	o eeo	y	MULTI_ASCII_FRAGMENT	MULTI_FRAGMENT_MIXED_RETAINED_OMITTED
RF1b|f72v1.16|G001	RF1b	f72v1.16	f72v1	DIAGNOSTIC_NONPROSE	L	1	1	LINE_START	LINE_END	ok@221;l	ok l	2	1,2	1,2		ok l		MULTI_ASCII_FRAGMENT	MULTI_FRAGMENT_ALL_RETAINED
RF1b|f72v1.21|G001	RF1b	f72v1.21	f72v1	DIAGNOSTIC_NONPROSE	L	1	1	LINE_START	LINE_END	ykee@152;y	ykee y	2	1,2	1	2	ykee	y	MULTI_ASCII_FRAGMENT	MULTI_FRAGMENT_MIXED_RETAINED_OMITTED
RF1b|f72v1.24|G001	RF1b	f72v1.24	f72v1	DIAGNOSTIC_NONPROSE	L	1	1	LINE_START	LINE_END	oky@152;y	oky y	2	1,2	1	2	oky	y	MULTI_ASCII_FRAGMENT	MULTI_FRAGMENT_MIXED_RETAINED_OMITTED
RF1b|f72v1.28|G001	RF1b	f72v1.28	f72v1	DIAGNOSTIC_NONPROSE	L	1	1	LINE_START	LINE_END	oke@152;y	oke y	2	1,2	1	2	oke	y	MULTI_ASCII_FRAGMENT	MULTI_FRAGMENT_MIXED_RETAINED_OMITTED
RF1b|f72v1.32|G001	RF1b	f72v1.32	f72v1	DIAGNOSTIC_NONPROSE	L	1	1	LINE_START	LINE_END	oke@221;l	oke l	2	1,2	1,2		oke l		MULTI_ASCII_FRAGMENT	MULTI_FRAGMENT_ALL_RETAINED
RF1b|f72v2.1|G008	RF1b	f72v2.1	f72v2	DIAGNOSTIC_NONPROSE	C	8	34	DEFINITE_SPACE	DEFINITE_SPACE	ot@221;chal	ot chal	2	8,9	8,9		ot chal		MULTI_ASCII_FRAGMENT	MULTI_FRAGMENT_ALL_RETAINED
RF1b|f72v2.1|G020	RF1b	f72v2.1	f72v2	DIAGNOSTIC_NONPROSE	C	20	34	UNCERTAIN_SMALL_SPACE	DEFINITE_SPACE	??		0						ZERO_ASCII_FRAGMENT	SOURCE_GROUP_ABSENT_FROM_LEGACY_ASCII
RF1b|f72v2.1|G022	RF1b	f72v2.1	f72v2	DIAGNOSTIC_NONPROSE	C	22	34	DEFINITE_SPACE	DEFINITE_SPACE	oke@152;y	oke y	2	22,23	22	23	oke	y	MULTI_ASCII_FRAGMENT	MULTI_FRAGMENT_MIXED_RETAINED_OMITTED
RF1b|f72v2.16|G001	RF1b	f72v2.16	f72v2	DIAGNOSTIC_NONPROSE	L	1	1	LINE_START	LINE_END	okeol@152;y	okeol y	2	1,2	1	2	okeol	y	MULTI_ASCII_FRAGMENT	MULTI_FRAGMENT_MIXED_RETAINED_OMITTED
RF1b|f72v2.2|G001	RF1b	f72v2.2	f72v2	DIAGNOSTIC_NONPROSE	L	1	1	LINE_START	LINE_END	oee@152;ey	oee ey	2	1,2	1,2		oee ey		MULTI_ASCII_FRAGMENT	MULTI_FRAGMENT_ALL_RETAINED
RF1b|f72v2.20|G001	RF1b	f72v2.20	f72v2	DIAGNOSTIC_NONPROSE	C	1	25	LINE_START	DEFINITE_SPACE	oteeso@152;y	oteeso y	2	1,2	1	2	oteeso	y	MULTI_ASCII_FRAGMENT	MULTI_FRAGMENT_MIXED_RETAINED_OMITTED
RF1b|f72v2.3|G001	RF1b	f72v2.3	f72v2	DIAGNOSTIC_NONPROSE	L	1	1	LINE_START	LINE_END	oeeo@152;aiin	oeeo aiin	2	1,2	1,2		oeeo aiin		MULTI_ASCII_FRAGMENT	MULTI_FRAGMENT_ALL_RETAINED
RF1b|f72v2.33|G002	RF1b	f72v2.33	f72v2	DIAGNOSTIC_NONPROSE	C	2	9	DEFINITE_SPACE	DEFINITE_SPACE	otshe@152;y	otshe y	2	2,3	2	3	otshe	y	MULTI_ASCII_FRAGMENT	MULTI_FRAGMENT_MIXED_RETAINED_OMITTED
RF1b|f72v3.1|G008	RF1b	f72v3.1	f72v3	DIAGNOSTIC_NONPROSE	C	8	41	DEFINITE_SPACE	DEFINITE_SPACE	okeo@152;y	okeo y	2	8,9	8	9	okeo	y	MULTI_ASCII_FRAGMENT	MULTI_FRAGMENT_MIXED_RETAINED_OMITTED
RF1b|f72v3.1|G025	RF1b	f72v3.1	f72v3	DIAGNOSTIC_NONPROSE	C	25	41	DEFINITE_SPACE	DEFINITE_SPACE	shokee@152;y	shokee y	2	26,27	26	27	shokee	y	MULTI_ASCII_FRAGMENT	MULTI_FRAGMENT_MIXED_RETAINED_OMITTED
RF1b|f72v3.1|G031	RF1b	f72v3.1	f72v3	DIAGNOSTIC_NONPROSE	C	31	41	DEFINITE_SPACE	DEFINITE_SPACE	okeche@152;y	okeche y	2	33,34	33	34	okeche	y	MULTI_ASCII_FRAGMENT	MULTI_FRAGMENT_MIXED_RETAINED_OMITTED
RF1b|f72v3.1|G037	RF1b	f72v3.1	f72v3	DIAGNOSTIC_NONPROSE	C	37	41	DEFINITE_SPACE	DEFINITE_SPACE	???		0						ZERO_ASCII_FRAGMENT	SOURCE_GROUP_ABSENT_FROM_LEGACY_ASCII
RF1b|f72v3.1|G039	RF1b	f72v3.1	f72v3	DIAGNOSTIC_NONPROSE	C	39	41	DEFINITE_SPACE	DEFINITE_SPACE	otychee@152;y	otychee y	2	41,42	41	42	otychee	y	MULTI_ASCII_FRAGMENT	MULTI_FRAGMENT_MIXED_RETAINED_OMITTED
RF1b|f72v3.18|G001	RF1b	f72v3.18	f72v3	DIAGNOSTIC_NONPROSE	L	1	1	LINE_START	LINE_END	okal@152;y	okal y	2	1,2	1	2	okal	y	MULTI_ASCII_FRAGMENT	MULTI_FRAGMENT_MIXED_RETAINED_OMITTED
RF1b|f72v3.20|G018	RF1b	f72v3.20	f72v3	DIAGNOSTIC_NONPROSE	C	18	34	DEFINITE_SPACE	DEFINITE_SPACE	okee@152;aly	okee aly	2	18,19	18,19		okee aly		MULTI_ASCII_FRAGMENT	MULTI_FRAGMENT_ALL_RETAINED
RF1b|f72v3.20|G034	RF1b	f72v3.20	f72v3	DIAGNOSTIC_NONPROSE	C	34	34	UNCERTAIN_SMALL_SPACE	LINE_END	??		0						ZERO_ASCII_FRAGMENT	SOURCE_GROUP_ABSENT_FROM_LEGACY_ASCII
RF1b|f73r.11|G001	RF1b	f73r.11	f73r	DIAGNOSTIC_NONPROSE	L	1	1	LINE_START	LINE_END	okee@152;y	okee y	2	1,2	1	2	okee	y	MULTI_ASCII_FRAGMENT	MULTI_FRAGMENT_MIXED_RETAINED_OMITTED
RF1b|f73r.15|G001	RF1b	f73r.15	f73r	DIAGNOSTIC_NONPROSE	L	1	1	LINE_START	LINE_END	otee@152;yy	otee yy	2	1,2	1	2	otee	yy	MULTI_ASCII_FRAGMENT	MULTI_FRAGMENT_MIXED_RETAINED_OMITTED
RF1b|f73r.16|G001	RF1b	f73r.16	f73r	DIAGNOSTIC_NONPROSE	L	1	1	LINE_START	LINE_END	ote@152;al	ote al	2	1,2	1,2		ote al		MULTI_ASCII_FRAGMENT	MULTI_FRAGMENT_ALL_RETAINED
RF1b|f73r.24|G001	RF1b	f73r.24	f73r	DIAGNOSTIC_NONPROSE	L	1	1	LINE_START	LINE_END	okeeo@152;y	okeeo y	2	1,2	1	2	okeeo	y	MULTI_ASCII_FRAGMENT	MULTI_FRAGMENT_MIXED_RETAINED_OMITTED
RF1b|f73r.3|G001	RF1b	f73r.3	f73r	DIAGNOSTIC_NONPROSE	L	1	1	LINE_START	LINE_END	oke@152;y	oke y	2	1,2	1	2	oke	y	MULTI_ASCII_FRAGMENT	MULTI_FRAGMENT_MIXED_RETAINED_OMITTED
RF1b|f73r.33|G007	RF1b	f73r.33	f73r	DIAGNOSTIC_NONPROSE	C	7	7	DEFINITE_SPACE	LINE_END	oteo@152;al	oteo al	2	7,8	7,8		oteo al		MULTI_ASCII_FRAGMENT	MULTI_FRAGMENT_ALL_RETAINED
RF1b|f73r.4|G001	RF1b	f73r.4	f73r	DIAGNOSTIC_NONPROSE	L	1	1	LINE_START	LINE_END	yteeo@152;y	yteeo y	2	1,2	1	2	yteeo	y	MULTI_ASCII_FRAGMENT	MULTI_FRAGMENT_MIXED_RETAINED_OMITTED
RF1b|f73r.5|G002	RF1b	f73r.5	f73r	DIAGNOSTIC_NONPROSE	C	2	31	DEFINITE_SPACE	DEFINITE_SPACE	salche@152;al	salche al	2	2,3	2,3		salche al		MULTI_ASCII_FRAGMENT	MULTI_FRAGMENT_ALL_RETAINED
RF1b|f73r.5|G027	RF1b	f73r.5	f73r	DIAGNOSTIC_NONPROSE	C	27	31	DEFINITE_SPACE	DEFINITE_SPACE	cheo@152;y	cheo y	2	28,29	28	29	cheo	y	MULTI_ASCII_FRAGMENT	MULTI_FRAGMENT_MIXED_RETAINED_OMITTED
RF1b|f73r.5|G028	RF1b	f73r.5	f73r	DIAGNOSTIC_NONPROSE	C	28	31	DEFINITE_SPACE	DEFINITE_SPACE	ykey@152;am	ykey am	2	30,31	30,31		ykey am		MULTI_ASCII_FRAGMENT	MULTI_FRAGMENT_ALL_RETAINED
RF1b|f73r.9|G001	RF1b	f73r.9	f73r	DIAGNOSTIC_NONPROSE	L	1	1	LINE_START	LINE_END	ykee@152;y	ykee y	2	1,2	1	2	ykee	y	MULTI_ASCII_FRAGMENT	MULTI_FRAGMENT_MIXED_RETAINED_OMITTED
RF1b|f73v.13|G001	RF1b	f73v.13	f73v	DIAGNOSTIC_NONPROSE	L	1	1	LINE_START	LINE_END	oteo@152;y	oteo y	2	1,2	1	2	oteo	y	MULTI_ASCII_FRAGMENT	MULTI_FRAGMENT_MIXED_RETAINED_OMITTED
RF1b|f73v.2|G001	RF1b	f73v.2	f73v	DIAGNOSTIC_NONPROSE	L	1	1	LINE_START	LINE_END	oteo@152;y	oteo y	2	1,2	1	2	oteo	y	MULTI_ASCII_FRAGMENT	MULTI_FRAGMENT_MIXED_RETAINED_OMITTED
RF1b|f73v.22|G005	RF1b	f73v.22	f73v	DIAGNOSTIC_NONPROSE	C	5	21	DEFINITE_SPACE	DEFINITE_SPACE	oto@152;y	oto y	2	5,6	5	6	oto	y	MULTI_ASCII_FRAGMENT	MULTI_FRAGMENT_MIXED_RETAINED_OMITTED
RF1b|f73v.22|G007	RF1b	f73v.22	f73v	DIAGNOSTIC_NONPROSE	C	7	21	DEFINITE_SPACE	DEFINITE_SPACE	she@152;y	she y	2	8,9	8	9	she	y	MULTI_ASCII_FRAGMENT	MULTI_FRAGMENT_MIXED_RETAINED_OMITTED
RF1b|f73v.22|G013	RF1b	f73v.22	f73v	DIAGNOSTIC_NONPROSE	C	13	21	DEFINITE_SPACE	DEFINITE_SPACE	otey@152;y	otey y	2	15,16	15	16	otey	y	MULTI_ASCII_FRAGMENT	MULTI_FRAGMENT_MIXED_RETAINED_OMITTED
RF1b|f73v.22|G016	RF1b	f73v.22	f73v	DIAGNOSTIC_NONPROSE	C	16	21	DEFINITE_SPACE	DEFINITE_SPACE	cho@152;aiin	cho aiin	2	19,20	19,20		cho aiin		MULTI_ASCII_FRAGMENT	MULTI_FRAGMENT_ALL_RETAINED
RF1b|f73v.22|G018	RF1b	f73v.22	f73v	DIAGNOSTIC_NONPROSE	C	18	21	DEFINITE_SPACE	DEFINITE_SPACE	okee@152;y	okee y	2	22,23	22	23	okee	y	MULTI_ASCII_FRAGMENT	MULTI_FRAGMENT_MIXED_RETAINED_OMITTED
RF1b|f73v.23|G001	RF1b	f73v.23	f73v	DIAGNOSTIC_NONPROSE	L	1	1	LINE_START	LINE_END	ote@152;y	ote y	2	1,2	1	2	ote	y	MULTI_ASCII_FRAGMENT	MULTI_FRAGMENT_MIXED_RETAINED_OMITTED
RF1b|f73v.33|G001	RF1b	f73v.33	f73v	DIAGNOSTIC_NONPROSE	C	1	10	LINE_START	DEFINITE_SPACE	ote@152;chor	ote chor	2	1,2	1,2		ote chor		MULTI_ASCII_FRAGMENT	MULTI_FRAGMENT_ALL_RETAINED
RF1b|f73v.5|G003	RF1b	f73v.5	f73v	DIAGNOSTIC_NONPROSE	C	3	32	DEFINITE_SPACE	DEFINITE_SPACE	o@176;odeey	o odeey	2	3,4	3,4		o odeey		MULTI_ASCII_FRAGMENT	MULTI_FRAGMENT_ALL_RETAINED
RF1b|f73v.5|G008	RF1b	f73v.5	f73v	DIAGNOSTIC_NONPROSE	C	8	32	DEFINITE_SPACE	DEFINITE_SPACE	ote@152;y	ote y	2	9,10	9	10	ote	y	MULTI_ASCII_FRAGMENT	MULTI_FRAGMENT_MIXED_RETAINED_OMITTED
RF1b|f73v.5|G023	RF1b	f73v.5	f73v	DIAGNOSTIC_NONPROSE	C	23	32	DEFINITE_SPACE	DEFINITE_SPACE	chfai@176;chy	chfai chy	2	25,26	25,26		chfai chy		MULTI_ASCII_FRAGMENT	MULTI_FRAGMENT_ALL_RETAINED
RF1b|f73v.5|G024	RF1b	f73v.5	f73v	DIAGNOSTIC_NONPROSE	C	24	32	DEFINITE_SPACE	DEFINITE_SPACE	yte@152;ar	yte ar	2	27,28	27,28		yte ar		MULTI_ASCII_FRAGMENT	MULTI_FRAGMENT_ALL_RETAINED
RF1b|f73v.5|G028	RF1b	f73v.5	f73v	DIAGNOSTIC_NONPROSE	C	28	32	DEFINITE_SPACE	DEFINITE_SPACE	ytee@152;y	ytee y	2	32,33	32	33	ytee	y	MULTI_ASCII_FRAGMENT	MULTI_FRAGMENT_MIXED_RETAINED_OMITTED
RF1b|f73v.5|G031	RF1b	f73v.5	f73v	DIAGNOSTIC_NONPROSE	C	31	32	DEFINITE_SPACE	DEFINITE_SPACE	y@176;aipy	y aipy	2	36,37	37	36	aipy	y	MULTI_ASCII_FRAGMENT	MULTI_FRAGMENT_MIXED_RETAINED_OMITTED
RF1b|f73v.6|G001	RF1b	f73v.6	f73v	DIAGNOSTIC_NONPROSE	L	1	1	LINE_START	LINE_END	okeo@152;y	okeo y	2	1,2	1	2	okeo	y	MULTI_ASCII_FRAGMENT	MULTI_FRAGMENT_MIXED_RETAINED_OMITTED
RF1b|f73v.8|G001	RF1b	f73v.8	f73v	DIAGNOSTIC_NONPROSE	L	1	1	LINE_START	LINE_END	o@152;ees	o ees	2	1,2	1,2		o ees		MULTI_ASCII_FRAGMENT	MULTI_FRAGMENT_ALL_RETAINED
RF1b|f75r.1|G004	RF1b	f75r.1	f75r	CONFIRMED_PROSE	P	4	6	DEFINITE_SPACE	DEFINITE_SPACE	shykche@152;y	shykche y	2	4,5	4	5	shykche	y	MULTI_ASCII_FRAGMENT	MULTI_FRAGMENT_MIXED_RETAINED_OMITTED
RF1b|f75r.1|G006	RF1b	f75r.1	f75r	CONFIRMED_PROSE	P	6	6	DEFINITE_SPACE	LINE_END	she@152;y	she y	2	7,8	7	8	she	y	MULTI_ASCII_FRAGMENT	MULTI_FRAGMENT_MIXED_RETAINED_OMITTED
RF1b|f75r.13|G006	RF1b	f75r.13	f75r	CONFIRMED_PROSE	P	6	8	DEFINITE_SPACE	DEFINITE_SPACE	qoke@152;y	qoke y	2	6,7	6	7	qoke	y	MULTI_ASCII_FRAGMENT	MULTI_FRAGMENT_MIXED_RETAINED_OMITTED
RF1b|f75r.17|G003	RF1b	f75r.17	f75r	CONFIRMED_PROSE	P	3	9	DEFINITE_SPACE	DRAWING_INTERRUPTION	lshe@152;ary	lshe ary	2	3,4	3,4		lshe ary		MULTI_ASCII_FRAGMENT	MULTI_FRAGMENT_ALL_RETAINED
RF1b|f75r.17|G008	RF1b	f75r.17	f75r	CONFIRMED_PROSE	P	8	9	DEFINITE_SPACE	DEFINITE_SPACE	{ch'}e@152;y	e y	2	9,10	9	10	e	y	MULTI_ASCII_FRAGMENT	MULTI_FRAGMENT_MIXED_RETAINED_OMITTED
RF1b|f75r.18|G008	RF1b	f75r.18	f75r	CONFIRMED_PROSE	P	8	9	DEFINITE_SPACE	DEFINITE_SPACE	s@221;r	s r	2	8,9	8,9		s r		MULTI_ASCII_FRAGMENT	MULTI_FRAGMENT_ALL_RETAINED
RF1b|f75r.19|G001	RF1b	f75r.19	f75r	CONFIRMED_PROSE	P	1	7	LINE_START	DEFINITE_SPACE	qok{ch'}e@152;y	qoke y	2	1,2	1	2	qoke	y	MULTI_ASCII_FRAGMENT	MULTI_FRAGMENT_MIXED_RETAINED_OMITTED
RF1b|f75r.22|G007	RF1b	f75r.22	f75r	CONFIRMED_PROSE	P	7	8	DEFINITE_SPACE	DEFINITE_SPACE	che@152;y	che y	2	7,8	7	8	che	y	MULTI_ASCII_FRAGMENT	MULTI_FRAGMENT_MIXED_RETAINED_OMITTED
RF1b|f75r.25|G007	RF1b	f75r.25	f75r	CONFIRMED_PROSE	P	7	8	DEFINITE_SPACE	DEFINITE_SPACE	lche@152;y	lche y	2	7,8	7	8	lche	y	MULTI_ASCII_FRAGMENT	MULTI_FRAGMENT_MIXED_RETAINED_OMITTED
RF1b|f75r.27|G006	RF1b	f75r.27	f75r	CONFIRMED_PROSE	P	6	11	DEFINITE_SPACE	DRAWING_INTERRUPTION	okal@152;y	okal y	2	6,7	6	7	okal	y	MULTI_ASCII_FRAGMENT	MULTI_FRAGMENT_MIXED_RETAINED_OMITTED
RF1b|f75r.27|G009	RF1b	f75r.27	f75r	CONFIRMED_PROSE	P	9	11	DEFINITE_SPACE	DEFINITE_SPACE	oto@152;y	oto y	2	10,11	10	11	oto	y	MULTI_ASCII_FRAGMENT	MULTI_FRAGMENT_MIXED_RETAINED_OMITTED
RF1b|f75r.28|G009	RF1b	f75r.28	f75r	CONFIRMED_PROSE	P	9	11	DEFINITE_SPACE	DEFINITE_SPACE	shee@152;y	shee y	2	9,10	9	10	shee	y	MULTI_ASCII_FRAGMENT	MULTI_FRAGMENT_MIXED_RETAINED_OMITTED
RF1b|f75r.31|G009	RF1b	f75r.31	f75r	CONFIRMED_PROSE	P	9	9	DEFINITE_SPACE	LINE_END	dal@152;y	dal y	2	9,10	9	10	dal	y	MULTI_ASCII_FRAGMENT	MULTI_FRAGMENT_MIXED_RETAINED_OMITTED
RF1b|f75r.32|G009	RF1b	f75r.32	f75r	CONFIRMED_PROSE	P	9	10	DEFINITE_SPACE	DEFINITE_SPACE	she@152;y	she y	2	9,10	9	10	she	y	MULTI_ASCII_FRAGMENT	MULTI_FRAGMENT_MIXED_RETAINED_OMITTED
RF1b|f75r.34|G002	RF1b	f75r.34	f75r	CONFIRMED_PROSE	P	2	10	DEFINITE_SPACE	DEFINITE_SPACE	olke@152;y	olke y	2	2,3	2	3	olke	y	MULTI_ASCII_FRAGMENT	MULTI_FRAGMENT_MIXED_RETAINED_OMITTED
RF1b|f75r.36|G003	RF1b	f75r.36	f75r	CONFIRMED_PROSE	P	3	9	DEFINITE_SPACE	DEFINITE_SPACE	qokee@152;y	qokee y	2	3,4	3	4	qokee	y	MULTI_ASCII_FRAGMENT	MULTI_FRAGMENT_MIXED_RETAINED_OMITTED
RF1b|f75r.37|G001	RF1b	f75r.37	f75r	CONFIRMED_PROSE	P	1	7	LINE_START	DEFINITE_SPACE	qoke@152;y	qoke y	2	1,2	1	2	qoke	y	MULTI_ASCII_FRAGMENT	MULTI_FRAGMENT_MIXED_RETAINED_OMITTED
RF1b|f75r.37|G004	RF1b	f75r.37	f75r	CONFIRMED_PROSE	P	4	7	DEFINITE_SPACE	DEFINITE_SPACE	qoke@152;y	qoke y	2	5,6	5	6	qoke	y	MULTI_ASCII_FRAGMENT	MULTI_FRAGMENT_MIXED_RETAINED_OMITTED
RF1b|f75r.37|G005	RF1b	f75r.37	f75r	CONFIRMED_PROSE	P	5	7	DEFINITE_SPACE	DEFINITE_SPACE	qokee@152;y	qokee y	2	7,8	7	8	qokee	y	MULTI_ASCII_FRAGMENT	MULTI_FRAGMENT_MIXED_RETAINED_OMITTED
RF1b|f75r.38|G001	RF1b	f75r.38	f75r	CONFIRMED_PROSE	P	1	6	LINE_START	DEFINITE_SPACE	qokee@152;y	qokee y	2	1,2	1	2	qokee	y	MULTI_ASCII_FRAGMENT	MULTI_FRAGMENT_MIXED_RETAINED_OMITTED
RF1b|f75r.38|G002	RF1b	f75r.38	f75r	CONFIRMED_PROSE	P	2	6	DEFINITE_SPACE	DEFINITE_SPACE	qokee@152;y	qokee y	2	3,4	3	4	qokee	y	MULTI_ASCII_FRAGMENT	MULTI_FRAGMENT_MIXED_RETAINED_OMITTED
RF1b|f75r.38|G005	RF1b	f75r.38	f75r	CONFIRMED_PROSE	P	5	6	DEFINITE_SPACE	DEFINITE_SPACE	qokee@152;y	qokee y	2	7,8	7	8	qokee	y	MULTI_ASCII_FRAGMENT	MULTI_FRAGMENT_MIXED_RETAINED_OMITTED
RF1b|f75r.40|G004	RF1b	f75r.40	f75r	CONFIRMED_PROSE	P	4	7	DEFINITE_SPACE	DEFINITE_SPACE	{ch'}e@152;y	e y	2	4,5	4	5	e	y	MULTI_ASCII_FRAGMENT	MULTI_FRAGMENT_MIXED_RETAINED_OMITTED
RF1b|f75r.41|G001	RF1b	f75r.41	f75r	CONFIRMED_PROSE	P	1	6	LINE_START	DEFINITE_SPACE	sokee@152;y	sokee y	2	1,2	1	2	sokee	y	MULTI_ASCII_FRAGMENT	MULTI_FRAGMENT_MIXED_RETAINED_OMITTED
RF1b|f75r.41|G002	RF1b	f75r.41	f75r	CONFIRMED_PROSE	P	2	6	DEFINITE_SPACE	DEFINITE_SPACE	qokee@152;y	qokee y	2	3,4	3	4	qokee	y	MULTI_ASCII_FRAGMENT	MULTI_FRAGMENT_MIXED_RETAINED_OMITTED
RF1b|f75r.42|G005	RF1b	f75r.42	f75r	CONFIRMED_PROSE	P	5	6	DEFINITE_SPACE	DEFINITE_SPACE	qotee@152;y	qotee y	2	5,6	5	6	qotee	y	MULTI_ASCII_FRAGMENT	MULTI_FRAGMENT_MIXED_RETAINED_OMITTED
RF1b|f75r.42|G006	RF1b	f75r.42	f75r	CONFIRMED_PROSE	P	6	6	DEFINITE_SPACE	LINE_END	d@221;r	d r	2	7,8	7,8		d r		MULTI_ASCII_FRAGMENT	MULTI_FRAGMENT_ALL_RETAINED
RF1b|f75r.44|G003	RF1b	f75r.44	f75r	CONFIRMED_PROSE	P	3	12	DEFINITE_SPACE	DEFINITE_SPACE	oke@152;y	oke y	2	3,4	3	4	oke	y	MULTI_ASCII_FRAGMENT	MULTI_FRAGMENT_MIXED_RETAINED_OMITTED
RF1b|f75r.44|G004	RF1b	f75r.44	f75r	CONFIRMED_PROSE	P	4	12	DEFINITE_SPACE	DEFINITE_SPACE	qoke@152;y	qoke y	2	5,6	5	6	qoke	y	MULTI_ASCII_FRAGMENT	MULTI_FRAGMENT_MIXED_RETAINED_OMITTED
RF1b|f75r.44|G005	RF1b	f75r.44	f75r	CONFIRMED_PROSE	P	5	12	DEFINITE_SPACE	DEFINITE_SPACE	ote@152;y	ote y	2	7,8	7	8	ote	y	MULTI_ASCII_FRAGMENT	MULTI_FRAGMENT_MIXED_RETAINED_OMITTED
RF1b|f75r.45|G005	RF1b	f75r.45	f75r	CONFIRMED_PROSE	P	5	10	DEFINITE_SPACE	DEFINITE_SPACE	s@221;rol	s rol	2	5,6	5,6		s rol		MULTI_ASCII_FRAGMENT	MULTI_FRAGMENT_ALL_RETAINED
RF1b|f75r.45|G008	RF1b	f75r.45	f75r	CONFIRMED_PROSE	P	8	10	DEFINITE_SPACE	DEFINITE_SPACE	qote@152;y	qote y	2	9,10	9	10	qote	y	MULTI_ASCII_FRAGMENT	MULTI_FRAGMENT_MIXED_RETAINED_OMITTED
RF1b|f75r.46|G008	RF1b	f75r.46	f75r	CONFIRMED_PROSE	P	8	9	DEFINITE_SPACE	DEFINITE_SPACE	che@152;y	che y	2	8,9	8	9	che	y	MULTI_ASCII_FRAGMENT	MULTI_FRAGMENT_MIXED_RETAINED_OMITTED
RF1b|f75r.47|G002	RF1b	f75r.47	f75r	CONFIRMED_PROSE	P	2	2	DEFINITE_SPACE	LINE_END	okee@152;y	okee y	2	2,3	2	3	okee	y	MULTI_ASCII_FRAGMENT	MULTI_FRAGMENT_MIXED_RETAINED_OMITTED
RF1b|f75r.7|G002	RF1b	f75r.7	f75r	CONFIRMED_PROSE	P	2	9	DEFINITE_SPACE	DRAWING_INTERRUPTION	qok{ch'}@152;y	qok y	2	2,3	2	3	qok	y	MULTI_ASCII_FRAGMENT	MULTI_FRAGMENT_MIXED_RETAINED_OMITTED
RF1b|f75r.7|G004	RF1b	f75r.7	f75r	CONFIRMED_PROSE	P	4	9	DEFINITE_SPACE	DEFINITE_SPACE	che@152;y	che y	2	5,6	5	6	che	y	MULTI_ASCII_FRAGMENT	MULTI_FRAGMENT_MIXED_RETAINED_OMITTED
RF1b|f75r.7|G008	RF1b	f75r.7	f75r	CONFIRMED_PROSE	P	8	9	DEFINITE_SPACE	DEFINITE_SPACE	che@152;y	che y	2	10,11	10	11	che	y	MULTI_ASCII_FRAGMENT	MULTI_FRAGMENT_MIXED_RETAINED_OMITTED
RF1b|f75r.8|G007	RF1b	f75r.8	f75r	CONFIRMED_PROSE	P	7	8	DEFINITE_SPACE	DEFINITE_SPACE	lshe@152;y	lshe y	2	7,8	7	8	lshe	y	MULTI_ASCII_FRAGMENT	MULTI_FRAGMENT_MIXED_RETAINED_OMITTED
RF1b|f75v.10|G003	RF1b	f75v.10	f75v	CONFIRMED_PROSE	P	3	11	DEFINITE_SPACE	DEFINITE_SPACE	oke@152;y	oke y	2	3,4	3	4	oke	y	MULTI_ASCII_FRAGMENT	MULTI_FRAGMENT_MIXED_RETAINED_OMITTED
RF1b|f75v.10|G010	RF1b	f75v.10	f75v	CONFIRMED_PROSE	P	10	11	DEFINITE_SPACE	DEFINITE_SPACE	ote@152;y	ote y	2	11,12	11	12	ote	y	MULTI_ASCII_FRAGMENT	MULTI_FRAGMENT_MIXED_RETAINED_OMITTED
RF1b|f75v.12|G011	RF1b	f75v.12	f75v	CONFIRMED_PROSE	P	11	13	DEFINITE_SPACE	DEFINITE_SPACE	qok@221;l	qok l	2	11,12	11,12		qok l		MULTI_ASCII_FRAGMENT	MULTI_FRAGMENT_ALL_RETAINED
RF1b|f75v.13|G009	RF1b	f75v.13	f75v	CONFIRMED_PROSE	P	9	12	DEFINITE_SPACE	DEFINITE_SPACE	te@152;y	te y	2	9,10	9	10	te	y	MULTI_ASCII_FRAGMENT	MULTI_FRAGMENT_MIXED_RETAINED_OMITTED
RF1b|f75v.13|G010	RF1b	f75v.13	f75v	CONFIRMED_PROSE	P	10	12	DEFINITE_SPACE	DEFINITE_SPACE	ote@152;y	ote y	2	11,12	11	12	ote	y	MULTI_ASCII_FRAGMENT	MULTI_FRAGMENT_MIXED_RETAINED_OMITTED
RF1b|f75v.13|G011	RF1b	f75v.13	f75v	CONFIRMED_PROSE	P	11	12	DEFINITE_SPACE	DEFINITE_SPACE	te@152;y	te y	2	13,14	13	14	te	y	MULTI_ASCII_FRAGMENT	MULTI_FRAGMENT_MIXED_RETAINED_OMITTED
RF1b|f75v.14|G003	RF1b	f75v.14	f75v	CONFIRMED_PROSE	P	3	10	DEFINITE_SPACE	DEFINITE_SPACE	qoke@152;y	qoke y	2	3,4	3	4	qoke	y	MULTI_ASCII_FRAGMENT	MULTI_FRAGMENT_MIXED_RETAINED_OMITTED
RF1b|f75v.15|G012	RF1b	f75v.15	f75v	CONFIRMED_PROSE	P	12	12	DEFINITE_SPACE	LINE_END	lsh@152;yqo	lsh yqo	2	12,13	12,13		lsh yqo		MULTI_ASCII_FRAGMENT	MULTI_FRAGMENT_ALL_RETAINED
RF1b|f75v.16|G005	RF1b	f75v.16	f75v	CONFIRMED_PROSE	P	5	9	DEFINITE_SPACE	DRAWING_INTERRUPTION	?		0						ZERO_ASCII_FRAGMENT	SOURCE_GROUP_ABSENT_FROM_LEGACY_ASCII
RF1b|f75v.35|G001	RF1b	f75v.35	f75v	DIAGNOSTIC_NONPROSE	L	1	1	LINE_START	LINE_END	yke@152;y	yke y	2	1,2	1	2	yke	y	MULTI_ASCII_FRAGMENT	MULTI_FRAGMENT_MIXED_RETAINED_OMITTED
RF1b|f75v.38|G012	RF1b	f75v.38	f75v	CONFIRMED_PROSE	P	12	12	DEFINITE_SPACE	LINE_END	ke@152;y	ke y	2	12,13	12	13	ke	y	MULTI_ASCII_FRAGMENT	MULTI_FRAGMENT_MIXED_RETAINED_OMITTED
RF1b|f75v.40|G001	RF1b	f75v.40	f75v	CONFIRMED_PROSE	P	1	13	LINE_START	DEFINITE_SPACE	dlshe@152;y	dlshe y	2	1,2	1	2	dlshe	y	MULTI_ASCII_FRAGMENT	MULTI_FRAGMENT_MIXED_RETAINED_OMITTED
RF1b|f75v.40|G007	RF1b	f75v.40	f75v	CONFIRMED_PROSE	P	7	13	DEFINITE_SPACE	DEFINITE_SPACE	shee@152;y	shee y	2	8,9	8	9	shee	y	MULTI_ASCII_FRAGMENT	MULTI_FRAGMENT_MIXED_RETAINED_OMITTED
RF1b|f75v.41|G001	RF1b	f75v.41	f75v	CONFIRMED_PROSE	P	1	15	LINE_START	DEFINITE_SPACE	s@221;l	s l	2	1,2	1,2		s l		MULTI_ASCII_FRAGMENT	MULTI_FRAGMENT_ALL_RETAINED
RF1b|f75v.41|G002	RF1b	f75v.41	f75v	CONFIRMED_PROSE	P	2	15	DEFINITE_SPACE	DEFINITE_SPACE	she@152;y	she y	2	3,4	3	4	she	y	MULTI_ASCII_FRAGMENT	MULTI_FRAGMENT_MIXED_RETAINED_OMITTED
RF1b|f75v.44|G010	RF1b	f75v.44	f75v	CONFIRMED_PROSE	P	10	11	DEFINITE_SPACE	DEFINITE_SPACE	qolche@152;y	qolche y	2	10,11	10	11	qolche	y	MULTI_ASCII_FRAGMENT	MULTI_FRAGMENT_MIXED_RETAINED_OMITTED
RF1b|f75v.48|G005	RF1b	f75v.48	f75v	CONFIRMED_PROSE	P	5	12	DEFINITE_SPACE	DEFINITE_SPACE	ychee@152;y	ychee y	2	5,6	5	6	ychee	y	MULTI_ASCII_FRAGMENT	MULTI_FRAGMENT_MIXED_RETAINED_OMITTED
RF1b|f75v.49|G006	RF1b	f75v.49	f75v	CONFIRMED_PROSE	P	6	6	DEFINITE_SPACE	LINE_END	olche@152;y	olche y	2	6,7	6	7	olche	y	MULTI_ASCII_FRAGMENT	MULTI_FRAGMENT_MIXED_RETAINED_OMITTED
RF1b|f75v.64|G007	RF1b	f75v.64	f75v	CONFIRMED_PROSE	P	7	7	DEFINITE_SPACE	LINE_END	l@152;y	l y	2	7,8	7	8	l	y	MULTI_ASCII_FRAGMENT	MULTI_FRAGMENT_MIXED_RETAINED_OMITTED
RF1b|f75v.66|G001	RF1b	f75v.66	f75v	CONFIRMED_PROSE	P	1	5	LINE_START	DEFINITE_SPACE	ok@221;l	ok l	2	1,2	1,2		ok l		MULTI_ASCII_FRAGMENT	MULTI_FRAGMENT_ALL_RETAINED
RF1b|f75v.69|G002	RF1b	f75v.69	f75v	CONFIRMED_PROSE	P	2	5	DEFINITE_SPACE	DEFINITE_SPACE	olke@152;y	olke y	2	2,3	2	3	olke	y	MULTI_ASCII_FRAGMENT	MULTI_FRAGMENT_MIXED_RETAINED_OMITTED
RF1b|f75v.69|G003	RF1b	f75v.69	f75v	CONFIRMED_PROSE	P	3	5	DEFINITE_SPACE	DEFINITE_SPACE	olke@152;y	olke y	2	4,5	4	5	olke	y	MULTI_ASCII_FRAGMENT	MULTI_FRAGMENT_MIXED_RETAINED_OMITTED
RF1b|f76r.19|G008	RF1b	f76r.19	f76r	CONFIRMED_PROSE	P	8	11	DEFINITE_SPACE	DEFINITE_SPACE	she@152;y	she y	2	8,9	8	9	she	y	MULTI_ASCII_FRAGMENT	MULTI_FRAGMENT_MIXED_RETAINED_OMITTED
RF1b|f76r.20|G003	RF1b	f76r.20	f76r	CONFIRMED_PROSE	P	3	12	DEFINITE_SPACE	DEFINITE_SPACE	che@152;y	che y	2	3,4	3	4	che	y	MULTI_ASCII_FRAGMENT	MULTI_FRAGMENT_MIXED_RETAINED_OMITTED
RF1b|f76r.21|G001	RF1b	f76r.21	f76r	CONFIRMED_PROSE	P	1	12	LINE_START	DEFINITE_SPACE	qokch@206;dy	qokch dy	2	1,2	1	2	qokch	dy	MULTI_ASCII_FRAGMENT	MULTI_FRAGMENT_MIXED_RETAINED_OMITTED
RF1b|f76r.23|G004	RF1b	f76r.23	f76r	CONFIRMED_PROSE	P	4	13	DEFINITE_SPACE	DEFINITE_SPACE	che@152;y	che y	2	4,5	4	5	che	y	MULTI_ASCII_FRAGMENT	MULTI_FRAGMENT_MIXED_RETAINED_OMITTED
RF1b|f76r.25|G001	RF1b	f76r.25	f76r	CONFIRMED_PROSE	P	1	13	LINE_START	DEFINITE_SPACE	qal@221;in	qal in	2	1,2	1,2		qal in		MULTI_ASCII_FRAGMENT	MULTI_FRAGMENT_ALL_RETAINED
RF1b|f76r.26|G004	RF1b	f76r.26	f76r	CONFIRMED_PROSE	P	4	12	DEFINITE_SPACE	DEFINITE_SPACE	qolche@152;y	qolche y	2	4,5	4	5	qolche	y	MULTI_ASCII_FRAGMENT	MULTI_FRAGMENT_MIXED_RETAINED_OMITTED
RF1b|f76r.28|G001	RF1b	f76r.28	f76r	CONFIRMED_PROSE	P	1	13	LINE_START	DEFINITE_SPACE	s@221;in	s in	2	1,2	1,2		s in		MULTI_ASCII_FRAGMENT	MULTI_FRAGMENT_ALL_RETAINED
RF1b|f76r.29|G005	RF1b	f76r.29	f76r	CONFIRMED_PROSE	P	5	12	DEFINITE_SPACE	DEFINITE_SPACE	she@152;y	she y	2	5,6	5	6	she	y	MULTI_ASCII_FRAGMENT	MULTI_FRAGMENT_MIXED_RETAINED_OMITTED
RF1b|f76r.29|G007	RF1b	f76r.29	f76r	CONFIRMED_PROSE	P	7	12	DEFINITE_SPACE	DEFINITE_SPACE	d@221;r	d r	2	8,9	8,9		d r		MULTI_ASCII_FRAGMENT	MULTI_FRAGMENT_ALL_RETAINED
RF1b|f76r.3|G012	RF1b	f76r.3	f76r	CONFIRMED_PROSE	P	12	13	DEFINITE_SPACE	DEFINITE_SPACE	che@152;y	che y	2	12,13	12	13	che	y	MULTI_ASCII_FRAGMENT	MULTI_FRAGMENT_MIXED_RETAINED_OMITTED
RF1b|f76r.32|G008	RF1b	f76r.32	f76r	CONFIRMED_PROSE	P	8	13	DEFINITE_SPACE	DEFINITE_SPACE	che@221;l	che l	2	8,9	8,9		che l		MULTI_ASCII_FRAGMENT	MULTI_FRAGMENT_ALL_RETAINED
RF1b|f76r.32|G012	RF1b	f76r.32	f76r	CONFIRMED_PROSE	P	12	13	DEFINITE_SPACE	DEFINITE_SPACE	che@152;y	che y	2	13,14	13	14	che	y	MULTI_ASCII_FRAGMENT	MULTI_FRAGMENT_MIXED_RETAINED_OMITTED
RF1b|f76r.33|G004	RF1b	f76r.33	f76r	CONFIRMED_PROSE	P	4	15	DEFINITE_SPACE	DEFINITE_SPACE	she@152;y	she y	2	4,5	4	5	she	y	MULTI_ASCII_FRAGMENT	MULTI_FRAGMENT_MIXED_RETAINED_OMITTED
RF1b|f76r.34|G003	RF1b	f76r.34	f76r	CONFIRMED_PROSE	P	3	12	DEFINITE_SPACE	DEFINITE_SPACE	qo@221;lkal	qo lkal	2	3,4	3,4		qo lkal		MULTI_ASCII_FRAGMENT	MULTI_FRAGMENT_ALL_RETAINED
RF1b|f76r.36|G011	RF1b	f76r.36	f76r	CONFIRMED_PROSE	P	11	14	DEFINITE_SPACE	DEFINITE_SPACE	oke@221;r	oke r	2	11,12	11,12		oke r		MULTI_ASCII_FRAGMENT	MULTI_FRAGMENT_ALL_RETAINED
RF1b|f76r.40|G010	RF1b	f76r.40	f76r	CONFIRMED_PROSE	P	10	13	DEFINITE_SPACE	DEFINITE_SPACE	s@221;r	s r	2	10,11	10,11		s r		MULTI_ASCII_FRAGMENT	MULTI_FRAGMENT_ALL_RETAINED
RF1b|f76r.40|G013	RF1b	f76r.40	f76r	CONFIRMED_PROSE	P	13	13	DEFINITE_SPACE	LINE_END	lche@152;y	lche y	2	14,15	14	15	lche	y	MULTI_ASCII_FRAGMENT	MULTI_FRAGMENT_MIXED_RETAINED_OMITTED
RF1b|f76r.41|G003	RF1b	f76r.41	f76r	CONFIRMED_PROSE	P	3	13	DEFINITE_SPACE	DEFINITE_SPACE	oke@152;y	oke y	2	3,4	3	4	oke	y	MULTI_ASCII_FRAGMENT	MULTI_FRAGMENT_MIXED_RETAINED_OMITTED
RF1b|f76r.43|G005	RF1b	f76r.43	f76r	CONFIRMED_PROSE	P	5	10	DEFINITE_SPACE	DEFINITE_SPACE	shee@221;l@152;y	shee l y	3	5,6,7	5,6	7	shee l	y	MULTI_ASCII_FRAGMENT	MULTI_FRAGMENT_MIXED_RETAINED_OMITTED
RF1b|f76r.43|G010	RF1b	f76r.43	f76r	CONFIRMED_PROSE	P	10	10	DEFINITE_SPACE	LINE_END	ch@152;y	ch y	2	12,13	12	13	ch	y	MULTI_ASCII_FRAGMENT	MULTI_FRAGMENT_MIXED_RETAINED_OMITTED
RF1b|f76r.46|G001	RF1b	f76r.46	f76r	CONFIRMED_PROSE	P	1	11	LINE_START	DEFINITE_SPACE	d@221;in	d in	2	1,2	1,2		d in		MULTI_ASCII_FRAGMENT	MULTI_FRAGMENT_ALL_RETAINED
RF1b|f76r.46|G005	RF1b	f76r.46	f76r	CONFIRMED_PROSE	P	5	11	DEFINITE_SPACE	DEFINITE_SPACE	oke@152;y	oke y	2	6,7	6	7	oke	y	MULTI_ASCII_FRAGMENT	MULTI_FRAGMENT_MIXED_RETAINED_OMITTED
RF1b|f76r.46|G009	RF1b	f76r.46	f76r	CONFIRMED_PROSE	P	9	11	DEFINITE_SPACE	DEFINITE_SPACE	che@152;y	che y	2	11,12	11	12	che	y	MULTI_ASCII_FRAGMENT	MULTI_FRAGMENT_MIXED_RETAINED_OMITTED
RF1b|f76r.49|G001	RF1b	f76r.49	f76r	CONFIRMED_PROSE	P	1	11	LINE_START	DEFINITE_SPACE	s@221;iin	s iin	2	1,2	1,2		s iin		MULTI_ASCII_FRAGMENT	MULTI_FRAGMENT_ALL_RETAINED
RF1b|f76r.5|G006	RF1b	f76r.5	f76r	CONFIRMED_PROSE	P	6	13	DEFINITE_SPACE	DEFINITE_SPACE	chk@221;rol	chk rol	2	6,7	6,7		chk rol		MULTI_ASCII_FRAGMENT	MULTI_FRAGMENT_ALL_RETAINED
RF1b|f76r.5|G011	RF1b	f76r.5	f76r	CONFIRMED_PROSE	P	11	13	DEFINITE_SPACE	DEFINITE_SPACE	qokch@152;y	qokch y	2	12,13	12	13	qokch	y	MULTI_ASCII_FRAGMENT	MULTI_FRAGMENT_MIXED_RETAINED_OMITTED
RF1b|f76r.50|G001	RF1b	f76r.50	f76r	CONFIRMED_PROSE	P	1	9	LINE_START	DEFINITE_SPACE	pche@152;y	pche y	2	1,2	1	2	pche	y	MULTI_ASCII_FRAGMENT	MULTI_FRAGMENT_MIXED_RETAINED_OMITTED
RF1b|f76r.54|G005	RF1b	f76r.54	f76r	CONFIRMED_PROSE	P	5	10	DEFINITE_SPACE	DEFINITE_SPACE	oke@152;al	oke al	2	5,6	5,6		oke al		MULTI_ASCII_FRAGMENT	MULTI_FRAGMENT_ALL_RETAINED
RF1b|f76r.56|G003	RF1b	f76r.56	f76r	CONFIRMED_PROSE	P	3	6	DEFINITE_SPACE	DEFINITE_SPACE	she@152;y	she y	2	3,4	3	4	she	y	MULTI_ASCII_FRAGMENT	MULTI_FRAGMENT_MIXED_RETAINED_OMITTED
RF1b|f76v.1|G002	RF1b	f76v.1	f76v	CONFIRMED_PROSE	P	2	9	DEFINITE_SPACE	DEFINITE_SPACE	ok@221;r	ok r	2	2,3	2,3		ok r		MULTI_ASCII_FRAGMENT	MULTI_FRAGMENT_ALL_RETAINED
RF1b|f76v.10|G006	RF1b	f76v.10	f76v	CONFIRMED_PROSE	P	6	10	DEFINITE_SPACE	DEFINITE_SPACE	tche@152;y	tche y	2	6,7	6	7	tche	y	MULTI_ASCII_FRAGMENT	MULTI_FRAGMENT_MIXED_RETAINED_OMITTED
RF1b|f76v.11|G007	RF1b	f76v.11	f76v	CONFIRMED_PROSE	P	7	10	DEFINITE_SPACE	DEFINITE_SPACE	otee@152;y	otee y	2	7,8	7	8	otee	y	MULTI_ASCII_FRAGMENT	MULTI_FRAGMENT_MIXED_RETAINED_OMITTED
RF1b|f76v.12|G008	RF1b	f76v.12	f76v	CONFIRMED_PROSE	P	8	11	DEFINITE_SPACE	DEFINITE_SPACE	ote@152;eey	ote eey	2	8,9	8,9		ote eey		MULTI_ASCII_FRAGMENT	MULTI_FRAGMENT_ALL_RETAINED
RF1b|f76v.13|G009	RF1b	f76v.13	f76v	CONFIRMED_PROSE	P	9	11	DEFINITE_SPACE	DEFINITE_SPACE	oleee@152;y	oleee y	2	9,10	9	10	oleee	y	MULTI_ASCII_FRAGMENT	MULTI_FRAGMENT_MIXED_RETAINED_OMITTED
RF1b|f76v.13|G010	RF1b	f76v.13	f76v	CONFIRMED_PROSE	P	10	11	DEFINITE_SPACE	DEFINITE_SPACE	qotee@152;y	qotee y	2	11,12	11	12	qotee	y	MULTI_ASCII_FRAGMENT	MULTI_FRAGMENT_MIXED_RETAINED_OMITTED
RF1b|f76v.14|G006	RF1b	f76v.14	f76v	CONFIRMED_PROSE	P	6	10	DEFINITE_SPACE	DEFINITE_SPACE	ote@152;y	ote y	2	6,7	6	7	ote	y	MULTI_ASCII_FRAGMENT	MULTI_FRAGMENT_MIXED_RETAINED_OMITTED
RF1b|f76v.14|G010	RF1b	f76v.14	f76v	CONFIRMED_PROSE	P	10	10	DEFINITE_SPACE	LINE_END	dee@152;y	dee y	2	11,12	11	12	dee	y	MULTI_ASCII_FRAGMENT	MULTI_FRAGMENT_MIXED_RETAINED_OMITTED
RF1b|f76v.15|G003	RF1b	f76v.15	f76v	CONFIRMED_PROSE	P	3	5	DEFINITE_SPACE	DEFINITE_SPACE	che@152;al	che al	2	3,4	3,4		che al		MULTI_ASCII_FRAGMENT	MULTI_FRAGMENT_ALL_RETAINED
RF1b|f76v.15|G004	RF1b	f76v.15	f76v	CONFIRMED_PROSE	P	4	5	DEFINITE_SPACE	DEFINITE_SPACE	che@152;y	che y	2	5,6	5	6	che	y	MULTI_ASCII_FRAGMENT	MULTI_FRAGMENT_MIXED_RETAINED_OMITTED
RF1b|f76v.16|G002	RF1b	f76v.16	f76v	CONFIRMED_PROSE	P	2	8	DEFINITE_SPACE	DEFINITE_SPACE	ote@152;air	ote air	2	2,3	2,3		ote air		MULTI_ASCII_FRAGMENT	MULTI_FRAGMENT_ALL_RETAINED
RF1b|f76v.16|G003	RF1b	f76v.16	f76v	CONFIRMED_PROSE	P	3	8	DEFINITE_SPACE	DEFINITE_SPACE	opshe@152;al	opshe al	2	4,5	4,5		opshe al		MULTI_ASCII_FRAGMENT	MULTI_FRAGMENT_ALL_RETAINED
RF1b|f76v.19|G008	RF1b	f76v.19	f76v	CONFIRMED_PROSE	P	8	11	DEFINITE_SPACE	DEFINITE_SPACE	olche@152;y	olche y	2	8,9	8	9	olche	y	MULTI_ASCII_FRAGMENT	MULTI_FRAGMENT_MIXED_RETAINED_OMITTED
RF1b|f76v.2|G011	RF1b	f76v.2	f76v	CONFIRMED_PROSE	P	11	11	DEFINITE_SPACE	LINE_END	qo@222;ky	qo ky	2	11,12	11	12	qo	ky	MULTI_ASCII_FRAGMENT	MULTI_FRAGMENT_MIXED_RETAINED_OMITTED
RF1b|f76v.20|G001	RF1b	f76v.20	f76v	CONFIRMED_PROSE	P	1	11	LINE_START	DEFINITE_SPACE	d@221;l	d l	2	1,2	1,2		d l		MULTI_ASCII_FRAGMENT	MULTI_FRAGMENT_ALL_RETAINED
RF1b|f76v.20|G007	RF1b	f76v.20	f76v	CONFIRMED_PROSE	P	7	11	DEFINITE_SPACE	DEFINITE_SPACE	qokee@152;y	qokee y	2	8,9	8	9	qokee	y	MULTI_ASCII_FRAGMENT	MULTI_FRAGMENT_MIXED_RETAINED_OMITTED
RF1b|f76v.21|G006	RF1b	f76v.21	f76v	CONFIRMED_PROSE	P	6	10	DEFINITE_SPACE	DEFINITE_SPACE	solkee@152;y	solkee y	2	6,7	6	7	solkee	y	MULTI_ASCII_FRAGMENT	MULTI_FRAGMENT_MIXED_RETAINED_OMITTED
RF1b|f76v.21|G009	RF1b	f76v.21	f76v	CONFIRMED_PROSE	P	9	10	DEFINITE_SPACE	DEFINITE_SPACE	lche@152;y	lche y	2	10,11	10	11	lche	y	MULTI_ASCII_FRAGMENT	MULTI_FRAGMENT_MIXED_RETAINED_OMITTED
RF1b|f76v.22|G008	RF1b	f76v.22	f76v	CONFIRMED_PROSE	P	8	12	DEFINITE_SPACE	DEFINITE_SPACE	qoke@152;y	qoke y	2	8,9	8	9	qoke	y	MULTI_ASCII_FRAGMENT	MULTI_FRAGMENT_MIXED_RETAINED_OMITTED
RF1b|f76v.22|G009	RF1b	f76v.22	f76v	CONFIRMED_PROSE	P	9	12	DEFINITE_SPACE	DEFINITE_SPACE	che@152;y	che y	2	10,11	10	11	che	y	MULTI_ASCII_FRAGMENT	MULTI_FRAGMENT_MIXED_RETAINED_OMITTED
RF1b|f76v.22|G011	RF1b	f76v.22	f76v	CONFIRMED_PROSE	P	11	12	DEFINITE_SPACE	DEFINITE_SPACE	che@152;y	che y	2	13,14	13	14	che	y	MULTI_ASCII_FRAGMENT	MULTI_FRAGMENT_MIXED_RETAINED_OMITTED
RF1b|f76v.22|G012	RF1b	f76v.22	f76v	CONFIRMED_PROSE	P	12	12	DEFINITE_SPACE	LINE_END	lche@152;y	lche y	2	15,16	15	16	lche	y	MULTI_ASCII_FRAGMENT	MULTI_FRAGMENT_MIXED_RETAINED_OMITTED
RF1b|f76v.23|G005	RF1b	f76v.23	f76v	CONFIRMED_PROSE	P	5	10	DEFINITE_SPACE	DEFINITE_SPACE	she@152;y	she y	2	5,6	5	6	she	y	MULTI_ASCII_FRAGMENT	MULTI_FRAGMENT_MIXED_RETAINED_OMITTED
RF1b|f76v.23|G008	RF1b	f76v.23	f76v	CONFIRMED_PROSE	P	8	10	DEFINITE_SPACE	DEFINITE_SPACE	olche@152;r	olche r	2	9,10	9,10		olche r		MULTI_ASCII_FRAGMENT	MULTI_FRAGMENT_ALL_RETAINED
RF1b|f76v.26|G006	RF1b	f76v.26	f76v	CONFIRMED_PROSE	P	6	10	DEFINITE_SPACE	DEFINITE_SPACE	oteol@152;y	oteol y	2	6,7	6	7	oteol	y	MULTI_ASCII_FRAGMENT	MULTI_FRAGMENT_MIXED_RETAINED_OMITTED
RF1b|f76v.27|G011	RF1b	f76v.27	f76v	CONFIRMED_PROSE	P	11	11	DEFINITE_SPACE	LINE_END	chl@221;iiin	chl iiin	2	11,12	11,12		chl iiin		MULTI_ASCII_FRAGMENT	MULTI_FRAGMENT_ALL_RETAINED
RF1b|f76v.28|G004	RF1b	f76v.28	f76v	CONFIRMED_PROSE	P	4	8	DEFINITE_SPACE	DEFINITE_SPACE	qoke@152;y	qoke y	2	4,5	4	5	qoke	y	MULTI_ASCII_FRAGMENT	MULTI_FRAGMENT_MIXED_RETAINED_OMITTED
RF1b|f76v.29|G002	RF1b	f76v.29	f76v	CONFIRMED_PROSE	P	2	11	DEFINITE_SPACE	DEFINITE_SPACE	shee@152;y	shee y	2	2,3	2	3	shee	y	MULTI_ASCII_FRAGMENT	MULTI_FRAGMENT_MIXED_RETAINED_OMITTED
RF1b|f76v.3|G007	RF1b	f76v.3	f76v	CONFIRMED_PROSE	P	7	10	DEFINITE_SPACE	DEFINITE_SPACE	olke@152;y	olke y	2	7,8	7	8	olke	y	MULTI_ASCII_FRAGMENT	MULTI_FRAGMENT_MIXED_RETAINED_OMITTED
RF1b|f76v.3|G008	RF1b	f76v.3	f76v	CONFIRMED_PROSE	P	8	10	DEFINITE_SPACE	DRAWING_INTERRUPTION	r@221;r	r r	2	9,10	9,10		r r		MULTI_ASCII_FRAGMENT	MULTI_FRAGMENT_ALL_RETAINED
RF1b|f76v.30|G007	RF1b	f76v.30	f76v	CONFIRMED_PROSE	P	7	11	DEFINITE_SPACE	DEFINITE_SPACE	ch@176;aiin	ch aiin	2	7,8	7,8		ch aiin		MULTI_ASCII_FRAGMENT	MULTI_FRAGMENT_ALL_RETAINED
RF1b|f76v.30|G010	RF1b	f76v.30	f76v	CONFIRMED_PROSE	P	10	11	DEFINITE_SPACE	DEFINITE_SPACE	chee@152;y	chee y	2	11,12	11	12	chee	y	MULTI_ASCII_FRAGMENT	MULTI_FRAGMENT_MIXED_RETAINED_OMITTED
RF1b|f76v.35|G003	RF1b	f76v.35	f76v	CONFIRMED_PROSE	P	3	9	DEFINITE_SPACE	DEFINITE_SPACE	qokee@152;y	qokee y	2	3,4	3	4	qokee	y	MULTI_ASCII_FRAGMENT	MULTI_FRAGMENT_MIXED_RETAINED_OMITTED
RF1b|f76v.35|G005	RF1b	f76v.35	f76v	CONFIRMED_PROSE	P	5	9	DEFINITE_SPACE	DEFINITE_SPACE	tolche@152;y	tolche y	2	6,7	6	7	tolche	y	MULTI_ASCII_FRAGMENT	MULTI_FRAGMENT_MIXED_RETAINED_OMITTED
RF1b|f76v.37|G001	RF1b	f76v.37	f76v	CONFIRMED_PROSE	P	1	10	LINE_START	DEFINITE_SPACE	qoee@152;y	qoee y	2	1,2	1	2	qoee	y	MULTI_ASCII_FRAGMENT	MULTI_FRAGMENT_MIXED_RETAINED_OMITTED
RF1b|f76v.38|G010	RF1b	f76v.38	f76v	CONFIRMED_PROSE	P	10	14	DEFINITE_SPACE	DEFINITE_SPACE	@243;		0						ZERO_ASCII_FRAGMENT	SOURCE_GROUP_ABSENT_FROM_LEGACY_ASCII
RF1b|f76v.4|G005	RF1b	f76v.4	f76v	CONFIRMED_PROSE	P	5	12	DEFINITE_SPACE	DEFINITE_SPACE	ok@221;r	ok r	2	5,6	5,6		ok r		MULTI_ASCII_FRAGMENT	MULTI_FRAGMENT_ALL_RETAINED
RF1b|f76v.6|G008	RF1b	f76v.6	f76v	CONFIRMED_PROSE	P	8	10	DEFINITE_SPACE	DRAWING_INTERRUPTION	ot@221;r	ot r	2	8,9	8,9		ot r		MULTI_ASCII_FRAGMENT	MULTI_FRAGMENT_ALL_RETAINED
RF1b|f76v.7|G007	RF1b	f76v.7	f76v	CONFIRMED_PROSE	P	7	11	DEFINITE_SPACE	DEFINITE_SPACE	okee@152;y	okee y	2	7,8	7	8	okee	y	MULTI_ASCII_FRAGMENT	MULTI_FRAGMENT_MIXED_RETAINED_OMITTED
RF1b|f76v.7|G010	RF1b	f76v.7	f76v	CONFIRMED_PROSE	P	10	11	DEFINITE_SPACE	DEFINITE_SPACE	oke@152;ar	oke ar	2	11,12	11,12		oke ar		MULTI_ASCII_FRAGMENT	MULTI_FRAGMENT_ALL_RETAINED
RF1b|f77r.10|G001	RF1b	f77r.10	f77r	CONFIRMED_PROSE	P	1	9	LINE_START	DEFINITE_SPACE	tolch@152;ar	tolch ar	2	1,2	1,2		tolch ar		MULTI_ASCII_FRAGMENT	MULTI_FRAGMENT_ALL_RETAINED
RF1b|f77r.11|G005	RF1b	f77r.11	f77r	CONFIRMED_PROSE	P	5	9	DEFINITE_SPACE	DEFINITE_SPACE	she@152;y	she y	2	5,6	5	6	she	y	MULTI_ASCII_FRAGMENT	MULTI_FRAGMENT_MIXED_RETAINED_OMITTED
RF1b|f77r.12|G001	RF1b	f77r.12	f77r	CONFIRMED_PROSE	P	1	8	LINE_START	DEFINITE_SPACE	soltee@152;y	soltee y	2	1,2	1	2	soltee	y	MULTI_ASCII_FRAGMENT	MULTI_FRAGMENT_MIXED_RETAINED_OMITTED
RF1b|f77r.12|G002	RF1b	f77r.12	f77r	CONFIRMED_PROSE	P	2	8	DEFINITE_SPACE	DEFINITE_SPACE	qotee@152;y	qotee y	2	3,4	3	4	qotee	y	MULTI_ASCII_FRAGMENT	MULTI_FRAGMENT_MIXED_RETAINED_OMITTED
RF1b|f77r.12|G004	RF1b	f77r.12	f77r	CONFIRMED_PROSE	P	4	8	DEFINITE_SPACE	DEFINITE_SPACE	che@152;aiin	che aiin	2	6,7	6,7		che aiin		MULTI_ASCII_FRAGMENT	MULTI_FRAGMENT_ALL_RETAINED
RF1b|f77r.12|G005	RF1b	f77r.12	f77r	CONFIRMED_PROSE	P	5	8	DEFINITE_SPACE	DEFINITE_SPACE	che@152;y	che y	2	8,9	8	9	che	y	MULTI_ASCII_FRAGMENT	MULTI_FRAGMENT_MIXED_RETAINED_OMITTED
RF1b|f77r.13|G006	RF1b	f77r.13	f77r	CONFIRMED_PROSE	P	6	11	DEFINITE_SPACE	DEFINITE_SPACE	che@152;y	che y	2	6,7	6	7	che	y	MULTI_ASCII_FRAGMENT	MULTI_FRAGMENT_MIXED_RETAINED_OMITTED
RF1b|f77r.13|G007	RF1b	f77r.13	f77r	CONFIRMED_PROSE	P	7	11	DEFINITE_SPACE	DEFINITE_SPACE	lshee@152;y	lshee y	2	8,9	8	9	lshee	y	MULTI_ASCII_FRAGMENT	MULTI_FRAGMENT_MIXED_RETAINED_OMITTED
RF1b|f77r.13|G008	RF1b	f77r.13	f77r	CONFIRMED_PROSE	P	8	11	DEFINITE_SPACE	DEFINITE_SPACE	qoke@152;y	qoke y	2	10,11	10	11	qoke	y	MULTI_ASCII_FRAGMENT	MULTI_FRAGMENT_MIXED_RETAINED_OMITTED
RF1b|f77r.14|G008	RF1b	f77r.14	f77r	CONFIRMED_PROSE	P	8	8	DEFINITE_SPACE	LINE_END	qote@152;y	qote y	2	8,9	8	9	qote	y	MULTI_ASCII_FRAGMENT	MULTI_FRAGMENT_MIXED_RETAINED_OMITTED
RF1b|f77r.15|G002	RF1b	f77r.15	f77r	CONFIRMED_PROSE	P	2	9	DEFINITE_SPACE	DEFINITE_SPACE	she@152;y	she y	2	2,3	2	3	she	y	MULTI_ASCII_FRAGMENT	MULTI_FRAGMENT_MIXED_RETAINED_OMITTED
RF1b|f77r.16|G003	RF1b	f77r.16	f77r	CONFIRMED_PROSE	P	3	8	DEFINITE_SPACE	DEFINITE_SPACE	che@152;y	che y	2	3,4	3	4	che	y	MULTI_ASCII_FRAGMENT	MULTI_FRAGMENT_MIXED_RETAINED_OMITTED
RF1b|f77r.17|G003	RF1b	f77r.17	f77r	CONFIRMED_PROSE	P	3	9	DEFINITE_SPACE	DEFINITE_SPACE	qoke@152;y	qoke y	2	3,4	3	4	qoke	y	MULTI_ASCII_FRAGMENT	MULTI_FRAGMENT_MIXED_RETAINED_OMITTED
RF1b|f77r.18|G004	RF1b	f77r.18	f77r	CONFIRMED_PROSE	P	4	9	DEFINITE_SPACE	DEFINITE_SPACE	qol@221;r	qol r	2	4,5	4,5		qol r		MULTI_ASCII_FRAGMENT	MULTI_FRAGMENT_ALL_RETAINED
RF1b|f77r.22|G007	RF1b	f77r.22	f77r	CONFIRMED_PROSE	P	7	10	DEFINITE_SPACE	DEFINITE_SPACE	che@152;aiin	che aiin	2	7,8	7,8		che aiin		MULTI_ASCII_FRAGMENT	MULTI_FRAGMENT_ALL_RETAINED
RF1b|f77r.23|G003	RF1b	f77r.23	f77r	CONFIRMED_PROSE	P	3	8	DEFINITE_SPACE	DEFINITE_SPACE	che@152;y	che y	2	3,4	3	4	che	y	MULTI_ASCII_FRAGMENT	MULTI_FRAGMENT_MIXED_RETAINED_OMITTED
RF1b|f77r.23|G004	RF1b	f77r.23	f77r	CONFIRMED_PROSE	P	4	8	DEFINITE_SPACE	DEFINITE_SPACE	lche@152;y	lche y	2	5,6	5	6	lche	y	MULTI_ASCII_FRAGMENT	MULTI_FRAGMENT_MIXED_RETAINED_OMITTED
RF1b|f77r.23|G005	RF1b	f77r.23	f77r	CONFIRMED_PROSE	P	5	8	DEFINITE_SPACE	DEFINITE_SPACE	olshe@152;y	olshe y	2	7,8	7	8	olshe	y	MULTI_ASCII_FRAGMENT	MULTI_FRAGMENT_MIXED_RETAINED_OMITTED
RF1b|f77r.26|G002	RF1b	f77r.26	f77r	CONFIRMED_PROSE	P	2	6	DEFINITE_SPACE	DEFINITE_SPACE	qokee@152;y	qokee y	2	2,3	2	3	qokee	y	MULTI_ASCII_FRAGMENT	MULTI_FRAGMENT_MIXED_RETAINED_OMITTED
RF1b|f77r.26|G005	RF1b	f77r.26	f77r	CONFIRMED_PROSE	P	5	6	DEFINITE_SPACE	DEFINITE_SPACE	lche@152;y	lche y	2	6,7	6	7	lche	y	MULTI_ASCII_FRAGMENT	MULTI_FRAGMENT_MIXED_RETAINED_OMITTED
RF1b|f77r.27|G001	RF1b	f77r.27	f77r	CONFIRMED_PROSE	P	1	6	LINE_START	DEFINITE_SPACE	solche@152;y	solche y	2	1,2	1	2	solche	y	MULTI_ASCII_FRAGMENT	MULTI_FRAGMENT_MIXED_RETAINED_OMITTED
RF1b|f77r.31|G004	RF1b	f77r.31	f77r	CONFIRMED_PROSE	P	4	6	DEFINITE_SPACE	DEFINITE_SPACE	qote@152;y	qote y	2	4,5	4	5	qote	y	MULTI_ASCII_FRAGMENT	MULTI_FRAGMENT_MIXED_RETAINED_OMITTED
RF1b|f77r.33|G004	RF1b	f77r.33	f77r	CONFIRMED_PROSE	P	4	9	DEFINITE_SPACE	DEFINITE_SPACE	kee@152;y	kee y	2	4,5	4	5	kee	y	MULTI_ASCII_FRAGMENT	MULTI_FRAGMENT_MIXED_RETAINED_OMITTED
RF1b|f77r.34|G004	RF1b	f77r.34	f77r	CONFIRMED_PROSE	P	4	8	DEFINITE_SPACE	DEFINITE_SPACE	qolche@152;y	qolche y	2	4,5	4	5	qolche	y	MULTI_ASCII_FRAGMENT	MULTI_FRAGMENT_MIXED_RETAINED_OMITTED
RF1b|f77r.35|G007	RF1b	f77r.35	f77r	CONFIRMED_PROSE	P	7	8	DEFINITE_SPACE	DEFINITE_SPACE	che@152;aiin	che aiin	2	7,8	7,8		che aiin		MULTI_ASCII_FRAGMENT	MULTI_FRAGMENT_ALL_RETAINED
RF1b|f77r.37|G003	RF1b	f77r.37	f77r	CONFIRMED_PROSE	P	3	7	DEFINITE_SPACE	DEFINITE_SPACE	qotee@152;y	qotee y	2	3,4	3	4	qotee	y	MULTI_ASCII_FRAGMENT	MULTI_FRAGMENT_MIXED_RETAINED_OMITTED
RF1b|f77r.37|G007	RF1b	f77r.37	f77r	CONFIRMED_PROSE	P	7	7	DEFINITE_SPACE	LINE_END	lche@152;y	lche y	2	8,9	8	9	lche	y	MULTI_ASCII_FRAGMENT	MULTI_FRAGMENT_MIXED_RETAINED_OMITTED
RF1b|f77r.38|G003	RF1b	f77r.38	f77r	CONFIRMED_PROSE	P	3	9	DEFINITE_SPACE	DEFINITE_SPACE	qoee@152;y	qoee y	2	3,4	3	4	qoee	y	MULTI_ASCII_FRAGMENT	MULTI_FRAGMENT_MIXED_RETAINED_OMITTED
RF1b|f77r.38|G008	RF1b	f77r.38	f77r	CONFIRMED_PROSE	P	8	9	DEFINITE_SPACE	DEFINITE_SPACE	she@152;y	she y	2	9,10	9	10	she	y	MULTI_ASCII_FRAGMENT	MULTI_FRAGMENT_MIXED_RETAINED_OMITTED
RF1b|f77r.39|G006	RF1b	f77r.39	f77r	CONFIRMED_PROSE	P	6	7	DEFINITE_SPACE	DEFINITE_SPACE	shee@152;y	shee y	2	6,7	6	7	shee	y	MULTI_ASCII_FRAGMENT	MULTI_FRAGMENT_MIXED_RETAINED_OMITTED
RF1b|f77r.40|G003	RF1b	f77r.40	f77r	CONFIRMED_PROSE	P	3	8	DEFINITE_SPACE	DEFINITE_SPACE	eee@152;y	eee y	2	3,4	3	4	eee	y	MULTI_ASCII_FRAGMENT	MULTI_FRAGMENT_MIXED_RETAINED_OMITTED
RF1b|f77r.40|G007	RF1b	f77r.40	f77r	CONFIRMED_PROSE	P	7	8	DEFINITE_SPACE	DEFINITE_SPACE	{ch'}o@152;y	o y	2	8,9	8	9	o	y	MULTI_ASCII_FRAGMENT	MULTI_FRAGMENT_MIXED_RETAINED_OMITTED
RF1b|f77r.42|G002	RF1b	f77r.42	f77r	CONFIRMED_PROSE	P	2	8	DEFINITE_SPACE	DEFINITE_SPACE	qote@152;y	qote y	2	2,3	2	3	qote	y	MULTI_ASCII_FRAGMENT	MULTI_FRAGMENT_MIXED_RETAINED_OMITTED
RF1b|f77r.43|G006	RF1b	f77r.43	f77r	CONFIRMED_PROSE	P	6	7	DEFINITE_SPACE	DEFINITE_SPACE	qote@152;y	qote y	2	6,7	6	7	qote	y	MULTI_ASCII_FRAGMENT	MULTI_FRAGMENT_MIXED_RETAINED_OMITTED
RF1b|f77r.44|G005	RF1b	f77r.44	f77r	CONFIRMED_PROSE	P	5	8	DEFINITE_SPACE	DEFINITE_SPACE	qoke@221;r	qoke r	2	5,6	5,6		qoke r		MULTI_ASCII_FRAGMENT	MULTI_FRAGMENT_ALL_RETAINED
RF1b|f77r.6|G001	RF1b	f77r.6	f77r	DIAGNOSTIC_NONPROSE	L	1	1	LINE_START	LINE_END	dch@152;y	dch y	2	1,2	1	2	dch	y	MULTI_ASCII_FRAGMENT	MULTI_FRAGMENT_MIXED_RETAINED_OMITTED
RF1b|f77v.1|G002	RF1b	f77v.1	f77v	DIAGNOSTIC_NONPROSE	L	2	2	DEFINITE_SPACE	LINE_END	yk@221;l	yk l	2	2,3	2,3		yk l		MULTI_ASCII_FRAGMENT	MULTI_FRAGMENT_ALL_RETAINED
RF1b|f77v.10|G010	RF1b	f77v.10	f77v	CONFIRMED_PROSE	P	10	11	DEFINITE_SPACE	DEFINITE_SPACE	she@152;y	she y	2	10,11	10	11	she	y	MULTI_ASCII_FRAGMENT	MULTI_FRAGMENT_MIXED_RETAINED_OMITTED
RF1b|f77v.11|G008	RF1b	f77v.11	f77v	CONFIRMED_PROSE	P	8	12	DEFINITE_SPACE	DEFINITE_SPACE	she@152;y	she y	2	8,9	8	9	she	y	MULTI_ASCII_FRAGMENT	MULTI_FRAGMENT_MIXED_RETAINED_OMITTED
RF1b|f77v.12|G002	RF1b	f77v.12	f77v	CONFIRMED_PROSE	P	2	11	DEFINITE_SPACE	DEFINITE_SPACE	{ch'}e@152;al	e al	2	2,3	2,3		e al		MULTI_ASCII_FRAGMENT	MULTI_FRAGMENT_ALL_RETAINED
RF1b|f77v.12|G010	RF1b	f77v.12	f77v	CONFIRMED_PROSE	P	10	11	DEFINITE_SPACE	DEFINITE_SPACE	ch@152;y	ch y	2	11,12	11	12	ch	y	MULTI_ASCII_FRAGMENT	MULTI_FRAGMENT_MIXED_RETAINED_OMITTED
RF1b|f77v.13|G003	RF1b	f77v.13	f77v	CONFIRMED_PROSE	P	3	12	DEFINITE_SPACE	DEFINITE_SPACE	ch@152;y	ch y	2	3,4	3	4	ch	y	MULTI_ASCII_FRAGMENT	MULTI_FRAGMENT_MIXED_RETAINED_OMITTED
RF1b|f77v.13|G004	RF1b	f77v.13	f77v	CONFIRMED_PROSE	P	4	12	DEFINITE_SPACE	DEFINITE_SPACE	qokee@152;y	qokee y	2	5,6	5	6	qokee	y	MULTI_ASCII_FRAGMENT	MULTI_FRAGMENT_MIXED_RETAINED_OMITTED
RF1b|f77v.14|G004	RF1b	f77v.14	f77v	CONFIRMED_PROSE	P	4	13	DEFINITE_SPACE	DEFINITE_SPACE	qee@152;eey	qee eey	2	4,5	4,5		qee eey		MULTI_ASCII_FRAGMENT	MULTI_FRAGMENT_ALL_RETAINED
RF1b|f77v.16|G001	RF1b	f77v.16	f77v	CONFIRMED_PROSE	P	1	8	LINE_START	DEFINITE_SPACE	ted@221;l	ted l	2	1,2	1,2		ted l		MULTI_ASCII_FRAGMENT	MULTI_FRAGMENT_ALL_RETAINED
RF1b|f77v.17|G004	RF1b	f77v.17	f77v	CONFIRMED_PROSE	P	4	7	DEFINITE_SPACE	DEFINITE_SPACE	qokche@152;y	qokche y	2	4,5	4	5	qokche	y	MULTI_ASCII_FRAGMENT	MULTI_FRAGMENT_MIXED_RETAINED_OMITTED
RF1b|f77v.20|G002	RF1b	f77v.20	f77v	CONFIRMED_PROSE	P	2	6	DEFINITE_SPACE	DEFINITE_SPACE	salche@152;y	salche y	2	2,3	2	3	salche	y	MULTI_ASCII_FRAGMENT	MULTI_FRAGMENT_MIXED_RETAINED_OMITTED
RF1b|f77v.21|G002	RF1b	f77v.21	f77v	CONFIRMED_PROSE	P	2	7	DEFINITE_SPACE	DEFINITE_SPACE	s@221;lche@152;y	s lche y	3	2,3,4	2,3	4	s lche	y	MULTI_ASCII_FRAGMENT	MULTI_FRAGMENT_MIXED_RETAINED_OMITTED
RF1b|f77v.21|G004	RF1b	f77v.21	f77v	CONFIRMED_PROSE	P	4	7	DEFINITE_SPACE	DEFINITE_SPACE	fch@221;r	fch r	2	6,7	6,7		fch r		MULTI_ASCII_FRAGMENT	MULTI_FRAGMENT_ALL_RETAINED
RF1b|f77v.23|G004	RF1b	f77v.23	f77v	CONFIRMED_PROSE	P	4	10	DEFINITE_SPACE	DEFINITE_SPACE	she@152;y	she y	2	4,5	4	5	she	y	MULTI_ASCII_FRAGMENT	MULTI_FRAGMENT_MIXED_RETAINED_OMITTED
RF1b|f77v.25|G003	RF1b	f77v.25	f77v	CONFIRMED_PROSE	P	3	9	DEFINITE_SPACE	DEFINITE_SPACE	she@152;y	she y	2	3,4	3	4	she	y	MULTI_ASCII_FRAGMENT	MULTI_FRAGMENT_MIXED_RETAINED_OMITTED
RF1b|f77v.26|G006	RF1b	f77v.26	f77v	CONFIRMED_PROSE	P	6	10	DEFINITE_SPACE	DEFINITE_SPACE	qoke@152;y	qoke y	2	6,7	6	7	qoke	y	MULTI_ASCII_FRAGMENT	MULTI_FRAGMENT_MIXED_RETAINED_OMITTED
RF1b|f77v.26|G010	RF1b	f77v.26	f77v	CONFIRMED_PROSE	P	10	10	DEFINITE_SPACE	LINE_END	ld@221;l	ld l	2	11,12	11,12		ld l		MULTI_ASCII_FRAGMENT	MULTI_FRAGMENT_ALL_RETAINED
RF1b|f77v.28|G001	RF1b	f77v.28	f77v	CONFIRMED_PROSE	P	1	6	LINE_START	DEFINITE_SPACE	yche@152;y	yche y	2	1,2	1	2	yche	y	MULTI_ASCII_FRAGMENT	MULTI_FRAGMENT_MIXED_RETAINED_OMITTED
RF1b|f77v.28|G002	RF1b	f77v.28	f77v	CONFIRMED_PROSE	P	2	6	DEFINITE_SPACE	DEFINITE_SPACE	qoke@152;y	qoke y	2	3,4	3	4	qoke	y	MULTI_ASCII_FRAGMENT	MULTI_FRAGMENT_MIXED_RETAINED_OMITTED
RF1b|f77v.28|G006	RF1b	f77v.28	f77v	CONFIRMED_PROSE	P	6	6	DEFINITE_SPACE	LINE_END	olch@152;y	olch y	2	8,9	8	9	olch	y	MULTI_ASCII_FRAGMENT	MULTI_FRAGMENT_MIXED_RETAINED_OMITTED
RF1b|f77v.3|G001	RF1b	f77v.3	f77v	DIAGNOSTIC_NONPROSE	L	1	1	LINE_START	LINE_END	olkee@152;al	olkee al	2	1,2	1,2		olkee al		MULTI_ASCII_FRAGMENT	MULTI_FRAGMENT_ALL_RETAINED
RF1b|f77v.30|G005	RF1b	f77v.30	f77v	CONFIRMED_PROSE	P	5	9	DEFINITE_SPACE	DEFINITE_SPACE	lche@152;y	lche y	2	5,6	5	6	lche	y	MULTI_ASCII_FRAGMENT	MULTI_FRAGMENT_MIXED_RETAINED_OMITTED
RF1b|f77v.33|G003	RF1b	f77v.33	f77v	CONFIRMED_PROSE	P	3	10	DEFINITE_SPACE	DEFINITE_SPACE	r@221;r	r r	2	3,4	3,4		r r		MULTI_ASCII_FRAGMENT	MULTI_FRAGMENT_ALL_RETAINED
RF1b|f77v.35|G006	RF1b	f77v.35	f77v	CONFIRMED_PROSE	P	6	8	DEFINITE_SPACE	DEFINITE_SPACE	qokee@152;y	qokee y	2	6,7	6	7	qokee	y	MULTI_ASCII_FRAGMENT	MULTI_FRAGMENT_MIXED_RETAINED_OMITTED
RF1b|f77v.36|G006	RF1b	f77v.36	f77v	CONFIRMED_PROSE	P	6	10	DEFINITE_SPACE	DEFINITE_SPACE	qoke@152;y	qoke y	2	6,7	6	7	qoke	y	MULTI_ASCII_FRAGMENT	MULTI_FRAGMENT_MIXED_RETAINED_OMITTED
RF1b|f77v.38|G003	RF1b	f77v.38	f77v	CONFIRMED_PROSE	P	3	7	DEFINITE_SPACE	DEFINITE_SPACE	qoke@152;y	qoke y	2	3,4	3	4	qoke	y	MULTI_ASCII_FRAGMENT	MULTI_FRAGMENT_MIXED_RETAINED_OMITTED
RF1b|f77v.38|G006	RF1b	f77v.38	f77v	CONFIRMED_PROSE	P	6	7	DEFINITE_SPACE	DEFINITE_SPACE	rolche@152;y	rolche y	2	7,8	7	8	rolche	y	MULTI_ASCII_FRAGMENT	MULTI_FRAGMENT_MIXED_RETAINED_OMITTED
RF1b|f77v.39|G002	RF1b	f77v.39	f77v	CONFIRMED_PROSE	P	2	9	DEFINITE_SPACE	DEFINITE_SPACE	kche@152;y	kche y	2	2,3	2	3	kche	y	MULTI_ASCII_FRAGMENT	MULTI_FRAGMENT_MIXED_RETAINED_OMITTED
RF1b|f77v.40|G003	RF1b	f77v.40	f77v	CONFIRMED_PROSE	P	3	9	DEFINITE_SPACE	DEFINITE_SPACE	ch@152;or	ch or	2	3,4	3,4		ch or		MULTI_ASCII_FRAGMENT	MULTI_FRAGMENT_ALL_RETAINED
RF1b|f77v.41|G007	RF1b	f77v.41	f77v	CONFIRMED_PROSE	P	7	11	DEFINITE_SPACE	DEFINITE_SPACE	ch@152;ain	ch ain	2	7,8	7,8		ch ain		MULTI_ASCII_FRAGMENT	MULTI_FRAGMENT_ALL_RETAINED
RF1b|f77v.45|G001	RF1b	f77v.45	f77v	DIAGNOSTIC_NONPROSE	L	1	1	LINE_START	LINE_END	ooeoe@152;u	ooeoe u	2	1,2	1,2		ooeoe u		MULTI_ASCII_FRAGMENT	MULTI_FRAGMENT_ALL_RETAINED
RF1b|f77v.5|G001	RF1b	f77v.5	f77v	DIAGNOSTIC_NONPROSE	L	1	1	LINE_START	LINE_END	@221;rche@152;al	rche al	2	1,2	1,2		rche al		MULTI_ASCII_FRAGMENT	MULTI_FRAGMENT_ALL_RETAINED
RF1b|f77v.6|G010	RF1b	f77v.6	f77v	CONFIRMED_PROSE	P	10	11	DEFINITE_SPACE	DEFINITE_SPACE	qo@176;edy	qo edy	2	10,11	10,11		qo edy		MULTI_ASCII_FRAGMENT	MULTI_FRAGMENT_ALL_RETAINED
RF1b|f77v.8|G002	RF1b	f77v.8	f77v	CONFIRMED_PROSE	P	2	10	DEFINITE_SPACE	DEFINITE_SPACE	she@152;y	she y	2	2,3	2	3	she	y	MULTI_ASCII_FRAGMENT	MULTI_FRAGMENT_MIXED_RETAINED_OMITTED
RF1b|f77v.8|G009	RF1b	f77v.8	f77v	CONFIRMED_PROSE	P	9	10	DEFINITE_SPACE	DEFINITE_SPACE	tee@152;y	tee y	2	10,11	10	11	tee	y	MULTI_ASCII_FRAGMENT	MULTI_FRAGMENT_MIXED_RETAINED_OMITTED
RF1b|f78r.10|G001	RF1b	f78r.10	f78r	CONFIRMED_PROSE	P	1	8	LINE_START	DEFINITE_SPACE	dshe@152;y	dshe y	2	1,2	1	2	dshe	y	MULTI_ASCII_FRAGMENT	MULTI_FRAGMENT_MIXED_RETAINED_OMITTED
RF1b|f78r.10|G006	RF1b	f78r.10	f78r	CONFIRMED_PROSE	P	6	8	DEFINITE_SPACE	DEFINITE_SPACE	te@152;y	te y	2	7,8	7	8	te	y	MULTI_ASCII_FRAGMENT	MULTI_FRAGMENT_MIXED_RETAINED_OMITTED
RF1b|f78r.11|G002	RF1b	f78r.11	f78r	CONFIRMED_PROSE	P	2	8	DEFINITE_SPACE	DEFINITE_SPACE	okee@152;y	okee y	2	2,3	2	3	okee	y	MULTI_ASCII_FRAGMENT	MULTI_FRAGMENT_MIXED_RETAINED_OMITTED
RF1b|f78r.11|G006	RF1b	f78r.11	f78r	CONFIRMED_PROSE	P	6	8	DEFINITE_SPACE	DEFINITE_SPACE	{ch'}ckhe@152;y	ckhe y	2	7,8	7	8	ckhe	y	MULTI_ASCII_FRAGMENT	MULTI_FRAGMENT_MIXED_RETAINED_OMITTED
RF1b|f78r.12|G002	RF1b	f78r.12	f78r	CONFIRMED_PROSE	P	2	8	DEFINITE_SPACE	DEFINITE_SPACE	{ch'}e@176;e@152;y	e e y	3	2,3,4	2,3	4	e e	y	MULTI_ASCII_FRAGMENT	MULTI_FRAGMENT_MIXED_RETAINED_OMITTED
RF1b|f78r.12|G004	RF1b	f78r.12	f78r	CONFIRMED_PROSE	P	4	8	DEFINITE_SPACE	DEFINITE_SPACE	kech@152;y	kech y	2	6,7	6	7	kech	y	MULTI_ASCII_FRAGMENT	MULTI_FRAGMENT_MIXED_RETAINED_OMITTED
RF1b|f78r.13|G002	RF1b	f78r.13	f78r	CONFIRMED_PROSE	P	2	9	DEFINITE_SPACE	DEFINITE_SPACE	olke@152;y	olke y	2	2,3	2	3	olke	y	MULTI_ASCII_FRAGMENT	MULTI_FRAGMENT_MIXED_RETAINED_OMITTED
RF1b|f78r.13|G005	RF1b	f78r.13	f78r	CONFIRMED_PROSE	P	5	9	DEFINITE_SPACE	DEFINITE_SPACE	ke@152;y	ke y	2	6,7	6	7	ke	y	MULTI_ASCII_FRAGMENT	MULTI_FRAGMENT_MIXED_RETAINED_OMITTED
RF1b|f78r.13|G008	RF1b	f78r.13	f78r	CONFIRMED_PROSE	P	8	9	DEFINITE_SPACE	DEFINITE_SPACE	qotee@152;y	qotee y	2	10,11	10	11	qotee	y	MULTI_ASCII_FRAGMENT	MULTI_FRAGMENT_MIXED_RETAINED_OMITTED
RF1b|f78r.14|G005	RF1b	f78r.14	f78r	CONFIRMED_PROSE	P	5	10	DEFINITE_SPACE	DEFINITE_SPACE	chckh@152;y	chckh y	2	5,6	5	6	chckh	y	MULTI_ASCII_FRAGMENT	MULTI_FRAGMENT_MIXED_RETAINED_OMITTED
RF1b|f78r.14|G008	RF1b	f78r.14	f78r	CONFIRMED_PROSE	P	8	10	DEFINITE_SPACE	DEFINITE_SPACE	qoke@152;edy	qoke edy	2	9,10	9,10		qoke edy		MULTI_ASCII_FRAGMENT	MULTI_FRAGMENT_ALL_RETAINED
RF1b|f78r.15|G004	RF1b	f78r.15	f78r	CONFIRMED_PROSE	P	4	8	DEFINITE_SPACE	DEFINITE_SPACE	oke@152;y	oke y	2	4,5	4	5	oke	y	MULTI_ASCII_FRAGMENT	MULTI_FRAGMENT_MIXED_RETAINED_OMITTED
RF1b|f78r.17|G003	RF1b	f78r.17	f78r	CONFIRMED_PROSE	P	3	6	DEFINITE_SPACE	DEFINITE_SPACE	ke@152;y	ke y	2	3,4	3	4	ke	y	MULTI_ASCII_FRAGMENT	MULTI_FRAGMENT_MIXED_RETAINED_OMITTED
RF1b|f78r.17|G005	RF1b	f78r.17	f78r	CONFIRMED_PROSE	P	5	6	DEFINITE_SPACE	UNCERTAIN_SMALL_SPACE	tch@152;ol	tch ol	2	6,7	6,7		tch ol		MULTI_ASCII_FRAGMENT	MULTI_FRAGMENT_ALL_RETAINED
RF1b|f78r.17|G006	RF1b	f78r.17	f78r	CONFIRMED_PROSE	P	6	6	UNCERTAIN_SMALL_SPACE	LINE_END	t@152;y	t y	2	8,9	8	9	t	y	MULTI_ASCII_FRAGMENT	MULTI_FRAGMENT_MIXED_RETAINED_OMITTED
RF1b|f78r.2|G001	RF1b	f78r.2	f78r	DIAGNOSTIC_NONPROSE	L	1	1	LINE_START	LINE_END	okch@152;y	okch y	2	1,2	1	2	okch	y	MULTI_ASCII_FRAGMENT	MULTI_FRAGMENT_MIXED_RETAINED_OMITTED
RF1b|f78r.21|G001	RF1b	f78r.21	f78r	CONFIRMED_PROSE	P	1	4	LINE_START	DEFINITE_SPACE	lche@152;y	lche y	2	1,2	1	2	lche	y	MULTI_ASCII_FRAGMENT	MULTI_FRAGMENT_MIXED_RETAINED_OMITTED
RF1b|f78r.23|G004	RF1b	f78r.23	f78r	CONFIRMED_PROSE	P	4	6	UNCERTAIN_SMALL_SPACE	DEFINITE_SPACE	kee@152;y	kee y	2	4,5	4	5	kee	y	MULTI_ASCII_FRAGMENT	MULTI_FRAGMENT_MIXED_RETAINED_OMITTED
RF1b|f78r.23|G006	RF1b	f78r.23	f78r	CONFIRMED_PROSE	P	6	6	DEFINITE_SPACE	LINE_END	okee@152;y	okee y	2	7,8	7	8	okee	y	MULTI_ASCII_FRAGMENT	MULTI_FRAGMENT_MIXED_RETAINED_OMITTED
RF1b|f78r.24|G004	RF1b	f78r.24	f78r	CONFIRMED_PROSE	P	4	5	DEFINITE_SPACE	DEFINITE_SPACE	qoke@152;y	qoke y	2	4,5	4	5	qoke	y	MULTI_ASCII_FRAGMENT	MULTI_FRAGMENT_MIXED_RETAINED_OMITTED
RF1b|f78r.26|G005	RF1b	f78r.26	f78r	CONFIRMED_PROSE	P	5	8	DEFINITE_SPACE	DEFINITE_SPACE	{ch'}e@152;y	e y	2	5,6	5	6	e	y	MULTI_ASCII_FRAGMENT	MULTI_FRAGMENT_MIXED_RETAINED_OMITTED
RF1b|f78r.26|G006	RF1b	f78r.26	f78r	CONFIRMED_PROSE	P	6	8	DEFINITE_SPACE	DEFINITE_SPACE	qee@152;ar	qee ar	2	7,8	7,8		qee ar		MULTI_ASCII_FRAGMENT	MULTI_FRAGMENT_ALL_RETAINED
RF1b|f78r.27|G004	RF1b	f78r.27	f78r	CONFIRMED_PROSE	P	4	4	DEFINITE_SPACE	LINE_END	ol@152;y	ol y	2	4,5	4	5	ol	y	MULTI_ASCII_FRAGMENT	MULTI_FRAGMENT_MIXED_RETAINED_OMITTED
RF1b|f78r.3|G001	RF1b	f78r.3	f78r	CONFIRMED_PROSE	P	1	7	LINE_START	DEFINITE_SPACE	t{ch'}ed@221;r	ted r	2	1,2	1,2		ted r		MULTI_ASCII_FRAGMENT	MULTI_FRAGMENT_ALL_RETAINED
RF1b|f78r.3|G004	RF1b	f78r.3	f78r	CONFIRMED_PROSE	P	4	7	DEFINITE_SPACE	DEFINITE_SPACE	qoke@152;y	qoke y	2	5,6	5	6	qoke	y	MULTI_ASCII_FRAGMENT	MULTI_FRAGMENT_MIXED_RETAINED_OMITTED
RF1b|f78r.30|G009	RF1b	f78r.30	f78r	CONFIRMED_PROSE	P	9	9	DEFINITE_SPACE	LINE_END	te@152;y	te y	2	9,10	9	10	te	y	MULTI_ASCII_FRAGMENT	MULTI_FRAGMENT_MIXED_RETAINED_OMITTED
RF1b|f78r.31|G005	RF1b	f78r.31	f78r	CONFIRMED_PROSE	P	5	8	DEFINITE_SPACE	DEFINITE_SPACE	she@152;y	she y	2	5,6	5	6	she	y	MULTI_ASCII_FRAGMENT	MULTI_FRAGMENT_MIXED_RETAINED_OMITTED
RF1b|f78r.32|G002	RF1b	f78r.32	f78r	CONFIRMED_PROSE	P	2	9	DEFINITE_SPACE	DEFINITE_SPACE	ckh@152;y	ckh y	2	2,3	2	3	ckh	y	MULTI_ASCII_FRAGMENT	MULTI_FRAGMENT_MIXED_RETAINED_OMITTED
RF1b|f78r.33|G003	RF1b	f78r.33	f78r	CONFIRMED_PROSE	P	3	9	DEFINITE_SPACE	DEFINITE_SPACE	yke@152;y	yke y	2	3,4	3	4	yke	y	MULTI_ASCII_FRAGMENT	MULTI_FRAGMENT_MIXED_RETAINED_OMITTED
RF1b|f78r.34|G002	RF1b	f78r.34	f78r	CONFIRMED_PROSE	P	2	8	DEFINITE_SPACE	DEFINITE_SPACE	qokee@152;y	qokee y	2	2,3	2	3	qokee	y	MULTI_ASCII_FRAGMENT	MULTI_FRAGMENT_MIXED_RETAINED_OMITTED
RF1b|f78r.34|G003	RF1b	f78r.34	f78r	CONFIRMED_PROSE	P	3	8	DEFINITE_SPACE	DEFINITE_SPACE	qopche@152;y	qopche y	2	4,5	4	5	qopche	y	MULTI_ASCII_FRAGMENT	MULTI_FRAGMENT_MIXED_RETAINED_OMITTED
RF1b|f78r.36|G003	RF1b	f78r.36	f78r	CONFIRMED_PROSE	P	3	8	DEFINITE_SPACE	UNCERTAIN_SMALL_SPACE	lche@152;y	lche y	2	3,4	3	4	lche	y	MULTI_ASCII_FRAGMENT	MULTI_FRAGMENT_MIXED_RETAINED_OMITTED
RF1b|f78r.4|G006	RF1b	f78r.4	f78r	CONFIRMED_PROSE	P	6	7	DEFINITE_SPACE	DEFINITE_SPACE	olke@152;y	olke y	2	6,7	6	7	olke	y	MULTI_ASCII_FRAGMENT	MULTI_FRAGMENT_MIXED_RETAINED_OMITTED
RF1b|f78r.40|G001	RF1b	f78r.40	f78r	CONFIRMED_PROSE	P	1	5	LINE_START	DEFINITE_SPACE	she@152;y	she y	2	1,2	1	2	she	y	MULTI_ASCII_FRAGMENT	MULTI_FRAGMENT_MIXED_RETAINED_OMITTED
RF1b|f78r.40|G003	RF1b	f78r.40	f78r	CONFIRMED_PROSE	P	3	5	DEFINITE_SPACE	DEFINITE_SPACE	{ch'}e@152;y	e y	2	4,5	4	5	e	y	MULTI_ASCII_FRAGMENT	MULTI_FRAGMENT_MIXED_RETAINED_OMITTED
RF1b|f78r.40|G005	RF1b	f78r.40	f78r	CONFIRMED_PROSE	P	5	5	DEFINITE_SPACE	LINE_END	d@206;ol	d ol	2	7,8	7,8		d ol		MULTI_ASCII_FRAGMENT	MULTI_FRAGMENT_ALL_RETAINED
RF1b|f78r.41|G004	RF1b	f78r.41	f78r	CONFIRMED_PROSE	P	4	6	DEFINITE_SPACE	DEFINITE_SPACE	che@152;y	che y	2	4,5	4	5	che	y	MULTI_ASCII_FRAGMENT	MULTI_FRAGMENT_MIXED_RETAINED_OMITTED
RF1b|f78r.43|G001	RF1b	f78r.43	f78r	CONFIRMED_PROSE	P	1	4	LINE_START	DEFINITE_SPACE	lche@152;y	lche y	2	1,2	1	2	lche	y	MULTI_ASCII_FRAGMENT	MULTI_FRAGMENT_MIXED_RETAINED_OMITTED
RF1b|f78r.45|G001	RF1b	f78r.45	f78r	DIAGNOSTIC_NONPROSE	L	1	1	LINE_START	LINE_END	dche@152;aly	dche aly	2	1,2	1,2		dche aly		MULTI_ASCII_FRAGMENT	MULTI_FRAGMENT_ALL_RETAINED
RF1b|f78r.46|G002	RF1b	f78r.46	f78r	DIAGNOSTIC_NONPROSE	L	2	2	DRAWING_INTERRUPTION	LINE_END	or@221;ry	or ry	2	2,3	2,3		or ry		MULTI_ASCII_FRAGMENT	MULTI_FRAGMENT_ALL_RETAINED
RF1b|f78r.5|G003	RF1b	f78r.5	f78r	CONFIRMED_PROSE	P	3	7	DEFINITE_SPACE	DEFINITE_SPACE	d@221;l	d l	2	3,4	3,4		d l		MULTI_ASCII_FRAGMENT	MULTI_FRAGMENT_ALL_RETAINED
RF1b|f78r.5|G004	RF1b	f78r.5	f78r	CONFIRMED_PROSE	P	4	7	DEFINITE_SPACE	DEFINITE_SPACE	che@152;y	che y	2	5,6	5	6	che	y	MULTI_ASCII_FRAGMENT	MULTI_FRAGMENT_MIXED_RETAINED_OMITTED
RF1b|f78r.5|G007	RF1b	f78r.5	f78r	CONFIRMED_PROSE	P	7	7	DEFINITE_SPACE	LINE_END	olke@152;y	olke y	2	9,10	9	10	olke	y	MULTI_ASCII_FRAGMENT	MULTI_FRAGMENT_MIXED_RETAINED_OMITTED
RF1b|f78r.6|G007	RF1b	f78r.6	f78r	CONFIRMED_PROSE	P	7	9	DEFINITE_SPACE	DEFINITE_SPACE	ot@221;r	ot r	2	7,8	7,8		ot r		MULTI_ASCII_FRAGMENT	MULTI_FRAGMENT_ALL_RETAINED
RF1b|f78r.7|G002	RF1b	f78r.7	f78r	CONFIRMED_PROSE	P	2	9	DEFINITE_SPACE	DEFINITE_SPACE	ote@152;y	ote y	2	2,3	2	3	ote	y	MULTI_ASCII_FRAGMENT	MULTI_FRAGMENT_MIXED_RETAINED_OMITTED
RF1b|f78r.7|G006	RF1b	f78r.7	f78r	CONFIRMED_PROSE	P	6	9	DEFINITE_SPACE	DEFINITE_SPACE	qoke@152;y	qoke y	2	7,8	7	8	qoke	y	MULTI_ASCII_FRAGMENT	MULTI_FRAGMENT_MIXED_RETAINED_OMITTED
RF1b|f78r.7|G007	RF1b	f78r.7	f78r	CONFIRMED_PROSE	P	7	9	DEFINITE_SPACE	DEFINITE_SPACE	qoke@152;y	qoke y	2	9,10	9	10	qoke	y	MULTI_ASCII_FRAGMENT	MULTI_FRAGMENT_MIXED_RETAINED_OMITTED
RF1b|f78r.8|G004	RF1b	f78r.8	f78r	CONFIRMED_PROSE	P	4	8	DEFINITE_SPACE	DEFINITE_SPACE	qoke@152;y	qoke y	2	4,5	4	5	qoke	y	MULTI_ASCII_FRAGMENT	MULTI_FRAGMENT_MIXED_RETAINED_OMITTED
RF1b|f78r.8|G005	RF1b	f78r.8	f78r	CONFIRMED_PROSE	P	5	8	DEFINITE_SPACE	DEFINITE_SPACE	{ch'}e@152;y	e y	2	6,7	6	7	e	y	MULTI_ASCII_FRAGMENT	MULTI_FRAGMENT_MIXED_RETAINED_OMITTED
RF1b|f78r.9|G001	RF1b	f78r.9	f78r	CONFIRMED_PROSE	P	1	8	LINE_START	DEFINITE_SPACE	sche@152;y	sche y	2	1,2	1	2	sche	y	MULTI_ASCII_FRAGMENT	MULTI_FRAGMENT_MIXED_RETAINED_OMITTED
RF1b|f78r.9|G002	RF1b	f78r.9	f78r	CONFIRMED_PROSE	P	2	8	DEFINITE_SPACE	DEFINITE_SPACE	kee@152;y	kee y	2	3,4	3	4	kee	y	MULTI_ASCII_FRAGMENT	MULTI_FRAGMENT_MIXED_RETAINED_OMITTED
RF1b|f78r.9|G003	RF1b	f78r.9	f78r	CONFIRMED_PROSE	P	3	8	DEFINITE_SPACE	DEFINITE_SPACE	qoke@152;y	qoke y	2	5,6	5	6	qoke	y	MULTI_ASCII_FRAGMENT	MULTI_FRAGMENT_MIXED_RETAINED_OMITTED
RF1b|f78v.1|G001	RF1b	f78v.1	f78v	CONFIRMED_PROSE	P	1	9	LINE_START	DEFINITE_SPACE	pyke@152;y	pyke y	2	1,2	1	2	pyke	y	MULTI_ASCII_FRAGMENT	MULTI_FRAGMENT_MIXED_RETAINED_OMITTED
RF1b|f78v.1|G005	RF1b	f78v.1	f78v	CONFIRMED_PROSE	P	5	9	DEFINITE_SPACE	DEFINITE_SPACE	che@152;y	che y	2	6,7	6	7	che	y	MULTI_ASCII_FRAGMENT	MULTI_FRAGMENT_MIXED_RETAINED_OMITTED
RF1b|f78v.10|G006	RF1b	f78v.10	f78v	CONFIRMED_PROSE	P	6	8	DEFINITE_SPACE	DEFINITE_SPACE	qokeee@152;y	qokeee y	2	6,7	6	7	qokeee	y	MULTI_ASCII_FRAGMENT	MULTI_FRAGMENT_MIXED_RETAINED_OMITTED
RF1b|f78v.11|G007	RF1b	f78v.11	f78v	CONFIRMED_PROSE	P	7	10	DEFINITE_SPACE	DEFINITE_SPACE	ch@152;y	ch y	2	7,8	7	8	ch	y	MULTI_ASCII_FRAGMENT	MULTI_FRAGMENT_MIXED_RETAINED_OMITTED
RF1b|f78v.14|G001	RF1b	f78v.14	f78v	CONFIRMED_PROSE	P	1	8	LINE_START	DEFINITE_SPACE	qolkesh@152;y	qolkesh y	2	1,2	1	2	qolkesh	y	MULTI_ASCII_FRAGMENT	MULTI_FRAGMENT_MIXED_RETAINED_OMITTED
RF1b|f78v.14|G003	RF1b	f78v.14	f78v	CONFIRMED_PROSE	P	3	8	DEFINITE_SPACE	DEFINITE_SPACE	she@152;y	she y	2	4,5	4	5	she	y	MULTI_ASCII_FRAGMENT	MULTI_FRAGMENT_MIXED_RETAINED_OMITTED
RF1b|f78v.15|G003	RF1b	f78v.15	f78v	CONFIRMED_PROSE	P	3	10	UNCERTAIN_SMALL_SPACE	DEFINITE_SPACE	che@152;y	che y	2	3,4	3	4	che	y	MULTI_ASCII_FRAGMENT	MULTI_FRAGMENT_MIXED_RETAINED_OMITTED
RF1b|f78v.15|G009	RF1b	f78v.15	f78v	CONFIRMED_PROSE	P	9	10	DEFINITE_SPACE	DEFINITE_SPACE	qoke@152;y	qoke y	2	10,11	10	11	qoke	y	MULTI_ASCII_FRAGMENT	MULTI_FRAGMENT_MIXED_RETAINED_OMITTED
RF1b|f78v.16|G004	RF1b	f78v.16	f78v	CONFIRMED_PROSE	P	4	10	DEFINITE_SPACE	DEFINITE_SPACE	@152;		0						ZERO_ASCII_FRAGMENT	SOURCE_GROUP_ABSENT_FROM_LEGACY_ASCII
RF1b|f78v.17|G005	RF1b	f78v.17	f78v	CONFIRMED_PROSE	P	5	11	DEFINITE_SPACE	DEFINITE_SPACE	lch@152;y	lch y	2	5,6	5	6	lch	y	MULTI_ASCII_FRAGMENT	MULTI_FRAGMENT_MIXED_RETAINED_OMITTED
RF1b|f78v.19|G001	RF1b	f78v.19	f78v	CONFIRMED_PROSE	P	1	7	LINE_START	DEFINITE_SPACE	lche@152;y	lche y	2	1,2	1	2	lche	y	MULTI_ASCII_FRAGMENT	MULTI_FRAGMENT_MIXED_RETAINED_OMITTED
RF1b|f78v.2|G003	RF1b	f78v.2	f78v	CONFIRMED_PROSE	P	3	11	DEFINITE_SPACE	DEFINITE_SPACE	r{ch'}e@152;y	re y	2	3,4	3	4	re	y	MULTI_ASCII_FRAGMENT	MULTI_FRAGMENT_MIXED_RETAINED_OMITTED
RF1b|f78v.2|G004	RF1b	f78v.2	f78v	CONFIRMED_PROSE	P	4	11	DEFINITE_SPACE	DEFINITE_SPACE	cth@152;y	cth y	2	5,6	5	6	cth	y	MULTI_ASCII_FRAGMENT	MULTI_FRAGMENT_MIXED_RETAINED_OMITTED
RF1b|f78v.21|G002	RF1b	f78v.21	f78v	CONFIRMED_PROSE	P	2	8	DEFINITE_SPACE	DEFINITE_SPACE	lshe@152;y	lshe y	2	2,3	2	3	lshe	y	MULTI_ASCII_FRAGMENT	MULTI_FRAGMENT_MIXED_RETAINED_OMITTED
RF1b|f78v.21|G003	RF1b	f78v.21	f78v	CONFIRMED_PROSE	P	3	8	DEFINITE_SPACE	DEFINITE_SPACE	ol{ch'}e@152;y	ole y	2	4,5	4	5	ole	y	MULTI_ASCII_FRAGMENT	MULTI_FRAGMENT_MIXED_RETAINED_OMITTED
RF1b|f78v.21|G008	RF1b	f78v.21	f78v	CONFIRMED_PROSE	P	8	8	DEFINITE_SPACE	LINE_END	ytee@152;y	ytee y	2	10,11	10	11	ytee	y	MULTI_ASCII_FRAGMENT	MULTI_FRAGMENT_MIXED_RETAINED_OMITTED
RF1b|f78v.22|G007	RF1b	f78v.22	f78v	CONFIRMED_PROSE	P	7	10	DEFINITE_SPACE	DEFINITE_SPACE	o@176;e@221;l	o e l	3	7,8,9	7,8,9		o e l		MULTI_ASCII_FRAGMENT	MULTI_FRAGMENT_ALL_RETAINED
RF1b|f78v.24|G005	RF1b	f78v.24	f78v	CONFIRMED_PROSE	P	5	9	DEFINITE_SPACE	DEFINITE_SPACE	ol{ch'}@152;y	ol y	2	5,6	5	6	ol	y	MULTI_ASCII_FRAGMENT	MULTI_FRAGMENT_MIXED_RETAINED_OMITTED
RF1b|f78v.26|G008	RF1b	f78v.26	f78v	CONFIRMED_PROSE	P	8	9	DEFINITE_SPACE	DEFINITE_SPACE	fche@152;y	fche y	2	8,9	8	9	fche	y	MULTI_ASCII_FRAGMENT	MULTI_FRAGMENT_MIXED_RETAINED_OMITTED
RF1b|f78v.27|G009	RF1b	f78v.27	f78v	CONFIRMED_PROSE	P	9	11	DEFINITE_SPACE	DEFINITE_SPACE	che@152;y	che y	2	9,10	9	10	che	y	MULTI_ASCII_FRAGMENT	MULTI_FRAGMENT_MIXED_RETAINED_OMITTED
RF1b|f78v.29|G004	RF1b	f78v.29	f78v	CONFIRMED_PROSE	P	4	11	DEFINITE_SPACE	DEFINITE_SPACE	che@152;y	che y	2	4,5	4	5	che	y	MULTI_ASCII_FRAGMENT	MULTI_FRAGMENT_MIXED_RETAINED_OMITTED
RF1b|f78v.29|G010	RF1b	f78v.29	f78v	CONFIRMED_PROSE	P	10	11	DEFINITE_SPACE	DEFINITE_SPACE	{ch'}e@152;y	e y	2	11,12	11	12	e	y	MULTI_ASCII_FRAGMENT	MULTI_FRAGMENT_MIXED_RETAINED_OMITTED
RF1b|f78v.31|G007	RF1b	f78v.31	f78v	CONFIRMED_PROSE	P	7	9	DEFINITE_SPACE	DEFINITE_SPACE	yte@152;y	yte y	2	7,8	7	8	yte	y	MULTI_ASCII_FRAGMENT	MULTI_FRAGMENT_MIXED_RETAINED_OMITTED
RF1b|f78v.4|G006	RF1b	f78v.4	f78v	CONFIRMED_PROSE	P	6	9	DEFINITE_SPACE	DEFINITE_SPACE	kee@152;y	kee y	2	6,7	6	7	kee	y	MULTI_ASCII_FRAGMENT	MULTI_FRAGMENT_MIXED_RETAINED_OMITTED
RF1b|f78v.4|G008	RF1b	f78v.4	f78v	CONFIRMED_PROSE	P	8	9	DEFINITE_SPACE	DEFINITE_SPACE	lolke@152;ykain	lolke ykain	2	9,10	9,10		lolke ykain		MULTI_ASCII_FRAGMENT	MULTI_FRAGMENT_ALL_RETAINED
RF1b|f78v.8|G004	RF1b	f78v.8	f78v	CONFIRMED_PROSE	P	4	9	DEFINITE_SPACE	DEFINITE_SPACE	otee@152;y	otee y	2	4,5	4	5	otee	y	MULTI_ASCII_FRAGMENT	MULTI_FRAGMENT_MIXED_RETAINED_OMITTED
RF1b|f78v.9|G008	RF1b	f78v.9	f78v	CONFIRMED_PROSE	P	8	10	DEFINITE_SPACE	DEFINITE_SPACE	qote@152;y	qote y	2	8,9	8	9	qote	y	MULTI_ASCII_FRAGMENT	MULTI_FRAGMENT_MIXED_RETAINED_OMITTED
RF1b|f79r.1|G006	RF1b	f79r.1	f79r	CONFIRMED_PROSE	P	6	8	DEFINITE_SPACE	DEFINITE_SPACE	opch@221;lor	opch lor	2	6,7	6,7		opch lor		MULTI_ASCII_FRAGMENT	MULTI_FRAGMENT_ALL_RETAINED
RF1b|f79r.11|G002	RF1b	f79r.11	f79r	CONFIRMED_PROSE	P	2	9	DEFINITE_SPACE	DEFINITE_SPACE	che@152;y	che y	2	2,3	2	3	che	y	MULTI_ASCII_FRAGMENT	MULTI_FRAGMENT_MIXED_RETAINED_OMITTED
RF1b|f79r.11|G004	RF1b	f79r.11	f79r	CONFIRMED_PROSE	P	4	9	DEFINITE_SPACE	DEFINITE_SPACE	dsh@152;y	dsh y	2	5,6	5	6	dsh	y	MULTI_ASCII_FRAGMENT	MULTI_FRAGMENT_MIXED_RETAINED_OMITTED
RF1b|f79r.13|G001	RF1b	f79r.13	f79r	CONFIRMED_PROSE	P	1	9	LINE_START	DEFINITE_SPACE	psh@221;rol	psh rol	2	1,2	1,2		psh rol		MULTI_ASCII_FRAGMENT	MULTI_FRAGMENT_ALL_RETAINED
RF1b|f79r.13|G005	RF1b	f79r.13	f79r	CONFIRMED_PROSE	P	5	9	DEFINITE_SPACE	DEFINITE_SPACE	opche@152;y	opche y	2	6,7	6	7	opche	y	MULTI_ASCII_FRAGMENT	MULTI_FRAGMENT_MIXED_RETAINED_OMITTED
RF1b|f79r.15|G004	RF1b	f79r.15	f79r	CONFIRMED_PROSE	P	4	11	DEFINITE_SPACE	DEFINITE_SPACE	che@152;y	che y	2	4,5	4	5	che	y	MULTI_ASCII_FRAGMENT	MULTI_FRAGMENT_MIXED_RETAINED_OMITTED
RF1b|f79r.16|G005	RF1b	f79r.16	f79r	CONFIRMED_PROSE	P	5	9	DEFINITE_SPACE	DEFINITE_SPACE	ot@221;l	ot l	2	5,6	5,6		ot l		MULTI_ASCII_FRAGMENT	MULTI_FRAGMENT_ALL_RETAINED
RF1b|f79r.16|G009	RF1b	f79r.16	f79r	CONFIRMED_PROSE	P	9	9	DEFINITE_SPACE	LINE_END	qok@221;m	qok m	2	10,11	10	11	qok	m	MULTI_ASCII_FRAGMENT	MULTI_FRAGMENT_MIXED_RETAINED_OMITTED
RF1b|f79r.26|G005	RF1b	f79r.26	f79r	CONFIRMED_PROSE	P	5	8	DEFINITE_SPACE	DEFINITE_SPACE	qo@176;chdy	qo chdy	2	5,6	5,6		qo chdy		MULTI_ASCII_FRAGMENT	MULTI_FRAGMENT_ALL_RETAINED
RF1b|f79r.27|G008	RF1b	f79r.27	f79r	CONFIRMED_PROSE	P	8	10	DEFINITE_SPACE	DEFINITE_SPACE	chol@221;r	chol r	2	8,9	8,9		chol r		MULTI_ASCII_FRAGMENT	MULTI_FRAGMENT_ALL_RETAINED
RF1b|f79r.3|G011	RF1b	f79r.3	f79r	CONFIRMED_PROSE	P	11	11	UNCERTAIN_SMALL_SPACE	LINE_END	che@152;y	che y	2	11,12	11	12	che	y	MULTI_ASCII_FRAGMENT	MULTI_FRAGMENT_MIXED_RETAINED_OMITTED
RF1b|f79r.31|G007	RF1b	f79r.31	f79r	CONFIRMED_PROSE	P	7	8	DEFINITE_SPACE	DEFINITE_SPACE	shee@152;y	shee y	2	7,8	7	8	shee	y	MULTI_ASCII_FRAGMENT	MULTI_FRAGMENT_MIXED_RETAINED_OMITTED
RF1b|f79r.32|G003	RF1b	f79r.32	f79r	CONFIRMED_PROSE	P	3	10	DEFINITE_SPACE	DEFINITE_SPACE	qotee@152;y	qotee y	2	3,4	3	4	qotee	y	MULTI_ASCII_FRAGMENT	MULTI_FRAGMENT_MIXED_RETAINED_OMITTED
RF1b|f79r.32|G004	RF1b	f79r.32	f79r	CONFIRMED_PROSE	P	4	10	DEFINITE_SPACE	DEFINITE_SPACE	o@176;aiin	o aiin	2	5,6	5,6		o aiin		MULTI_ASCII_FRAGMENT	MULTI_FRAGMENT_ALL_RETAINED
RF1b|f79r.34|G006	RF1b	f79r.34	f79r	CONFIRMED_PROSE	P	6	6	DEFINITE_SPACE	LINE_END	otee@152;y	otee y	2	6,7	6	7	otee	y	MULTI_ASCII_FRAGMENT	MULTI_FRAGMENT_MIXED_RETAINED_OMITTED
RF1b|f79r.35|G002	RF1b	f79r.35	f79r	CONFIRMED_PROSE	P	2	8	UNCERTAIN_SMALL_SPACE	DEFINITE_SPACE	che@152;y	che y	2	2,3	2	3	che	y	MULTI_ASCII_FRAGMENT	MULTI_FRAGMENT_MIXED_RETAINED_OMITTED
RF1b|f79r.39|G005	RF1b	f79r.39	f79r	CONFIRMED_PROSE	P	5	7	DEFINITE_SPACE	DEFINITE_SPACE	ork@221;r	ork r	2	5,6	5,6		ork r		MULTI_ASCII_FRAGMENT	MULTI_FRAGMENT_ALL_RETAINED
RF1b|f79r.4|G003	RF1b	f79r.4	f79r	CONFIRMED_PROSE	P	3	11	DEFINITE_SPACE	DEFINITE_SPACE	qot@221;r	qot r	2	3,4	3,4		qot r		MULTI_ASCII_FRAGMENT	MULTI_FRAGMENT_ALL_RETAINED
RF1b|f79r.40|G001	RF1b	f79r.40	f79r	CONFIRMED_PROSE	P	1	7	LINE_START	DEFINITE_SPACE	yshe@152;y	yshe y	2	1,2	1	2	yshe	y	MULTI_ASCII_FRAGMENT	MULTI_FRAGMENT_MIXED_RETAINED_OMITTED
RF1b|f79r.40|G004	RF1b	f79r.40	f79r	CONFIRMED_PROSE	P	4	7	DEFINITE_SPACE	DEFINITE_SPACE	otchot@221;r	otchot r	2	5,6	5,6		otchot r		MULTI_ASCII_FRAGMENT	MULTI_FRAGMENT_ALL_RETAINED
RF1b|f79r.42|G008	RF1b	f79r.42	f79r	CONFIRMED_PROSE	P	8	8	DEFINITE_SPACE	LINE_END	chee@152;y	chee y	2	8,9	8	9	chee	y	MULTI_ASCII_FRAGMENT	MULTI_FRAGMENT_MIXED_RETAINED_OMITTED
RF1b|f79r.9|G001	RF1b	f79r.9	f79r	CONFIRMED_PROSE	P	1	9	LINE_START	DEFINITE_SPACE	s@221;iin	s iin	2	1,2	1,2		s iin		MULTI_ASCII_FRAGMENT	MULTI_FRAGMENT_ALL_RETAINED
RF1b|f79r.9|G002	RF1b	f79r.9	f79r	CONFIRMED_PROSE	P	2	9	DEFINITE_SPACE	DEFINITE_SPACE	she@152;y	she y	2	3,4	3	4	she	y	MULTI_ASCII_FRAGMENT	MULTI_FRAGMENT_MIXED_RETAINED_OMITTED
RF1b|f79v.1|G005	RF1b	f79v.1	f79v	CONFIRMED_PROSE	P	5	8	DEFINITE_SPACE	DEFINITE_SPACE	ot@221;ldy	ot ldy	2	5,6	5,6		ot ldy		MULTI_ASCII_FRAGMENT	MULTI_FRAGMENT_ALL_RETAINED
RF1b|f79v.1|G008	RF1b	f79v.1	f79v	CONFIRMED_PROSE	P	8	8	DEFINITE_SPACE	LINE_END	olo@206;ol	olo ol	2	9,10	9,10		olo ol		MULTI_ASCII_FRAGMENT	MULTI_FRAGMENT_ALL_RETAINED
RF1b|f79v.12|G002	RF1b	f79v.12	f79v	CONFIRMED_PROSE	P	2	8	DEFINITE_SPACE	DEFINITE_SPACE	ofch@152;y	ofch y	2	2,3	2	3	ofch	y	MULTI_ASCII_FRAGMENT	MULTI_FRAGMENT_MIXED_RETAINED_OMITTED
RF1b|f79v.12|G006	RF1b	f79v.12	f79v	CONFIRMED_PROSE	P	6	8	DEFINITE_SPACE	DEFINITE_SPACE	qolte@152;y	qolte y	2	7,8	7	8	qolte	y	MULTI_ASCII_FRAGMENT	MULTI_FRAGMENT_MIXED_RETAINED_OMITTED
RF1b|f79v.13|G007	RF1b	f79v.13	f79v	CONFIRMED_PROSE	P	7	9	DEFINITE_SPACE	DEFINITE_SPACE	okee@152;y	okee y	2	7,8	7	8	okee	y	MULTI_ASCII_FRAGMENT	MULTI_FRAGMENT_MIXED_RETAINED_OMITTED
RF1b|f79v.14|G004	RF1b	f79v.14	f79v	CONFIRMED_PROSE	P	4	9	DEFINITE_SPACE	DEFINITE_SPACE	qok@221;l	qok l	2	4,5	4,5		qok l		MULTI_ASCII_FRAGMENT	MULTI_FRAGMENT_ALL_RETAINED
RF1b|f79v.14|G006	RF1b	f79v.14	f79v	CONFIRMED_PROSE	P	6	9	DEFINITE_SPACE	DEFINITE_SPACE	qokee@152;y	qokee y	2	7,8	7	8	qokee	y	MULTI_ASCII_FRAGMENT	MULTI_FRAGMENT_MIXED_RETAINED_OMITTED
RF1b|f79v.16|G005	RF1b	f79v.16	f79v	CONFIRMED_PROSE	P	5	9	DEFINITE_SPACE	DEFINITE_SPACE	qokee@152;y	qokee y	2	5,6	5	6	qokee	y	MULTI_ASCII_FRAGMENT	MULTI_FRAGMENT_MIXED_RETAINED_OMITTED
RF1b|f79v.2|G007	RF1b	f79v.2	f79v	CONFIRMED_PROSE	P	7	7	DEFINITE_SPACE	LINE_END	qo@206;chedy	qo chedy	2	7,8	7,8		qo chedy		MULTI_ASCII_FRAGMENT	MULTI_FRAGMENT_ALL_RETAINED
RF1b|f79v.23|G007	RF1b	f79v.23	f79v	CONFIRMED_PROSE	P	7	8	DEFINITE_SPACE	DEFINITE_SPACE	okee@152;y	okee y	2	7,8	7	8	okee	y	MULTI_ASCII_FRAGMENT	MULTI_FRAGMENT_MIXED_RETAINED_OMITTED
RF1b|f79v.24|G006	RF1b	f79v.24	f79v	CONFIRMED_PROSE	P	6	9	DEFINITE_SPACE	DEFINITE_SPACE	che@152;y	che y	2	6,7	6	7	che	y	MULTI_ASCII_FRAGMENT	MULTI_FRAGMENT_MIXED_RETAINED_OMITTED
RF1b|f79v.26|G004	RF1b	f79v.26	f79v	CONFIRMED_PROSE	P	4	9	DEFINITE_SPACE	DEFINITE_SPACE	ote@152;y	ote y	2	4,5	4	5	ote	y	MULTI_ASCII_FRAGMENT	MULTI_FRAGMENT_MIXED_RETAINED_OMITTED
RF1b|f79v.28|G006	RF1b	f79v.28	f79v	CONFIRMED_PROSE	P	6	8	DEFINITE_SPACE	DEFINITE_SPACE	ol@176;air	ol air	2	6,7	6,7		ol air		MULTI_ASCII_FRAGMENT	MULTI_FRAGMENT_ALL_RETAINED
RF1b|f79v.29|G005	RF1b	f79v.29	f79v	CONFIRMED_PROSE	P	5	11	DEFINITE_SPACE	DEFINITE_SPACE	opche@152;y	opche y	2	5,6	5	6	opche	y	MULTI_ASCII_FRAGMENT	MULTI_FRAGMENT_MIXED_RETAINED_OMITTED
RF1b|f79v.3|G004	RF1b	f79v.3	f79v	CONFIRMED_PROSE	P	4	7	DEFINITE_SPACE	DEFINITE_SPACE	{ch'}ee@152;y	ee y	2	4,5	4	5	ee	y	MULTI_ASCII_FRAGMENT	MULTI_FRAGMENT_MIXED_RETAINED_OMITTED
RF1b|f79v.3|G007	RF1b	f79v.3	f79v	CONFIRMED_PROSE	P	7	7	DEFINITE_SPACE	LINE_END	ota@206;am	ota am	2	8,9	8,9		ota am		MULTI_ASCII_FRAGMENT	MULTI_FRAGMENT_ALL_RETAINED
RF1b|f79v.31|G003	RF1b	f79v.31	f79v	CONFIRMED_PROSE	P	3	8	DEFINITE_SPACE	DEFINITE_SPACE	@221;		0						ZERO_ASCII_FRAGMENT	SOURCE_GROUP_ABSENT_FROM_LEGACY_ASCII
RF1b|f79v.31|G007	RF1b	f79v.31	f79v	CONFIRMED_PROSE	P	7	8	DEFINITE_SPACE	DEFINITE_SPACE	otee@152;y	otee y	2	6,7	6	7	otee	y	MULTI_ASCII_FRAGMENT	MULTI_FRAGMENT_MIXED_RETAINED_OMITTED
RF1b|f79v.34|G005	RF1b	f79v.34	f79v	CONFIRMED_PROSE	P	5	8	DEFINITE_SPACE	DEFINITE_SPACE	orshee@152;y	orshee y	2	5,6	5	6	orshee	y	MULTI_ASCII_FRAGMENT	MULTI_FRAGMENT_MIXED_RETAINED_OMITTED
RF1b|f79v.38|G007	RF1b	f79v.38	f79v	CONFIRMED_PROSE	P	7	8	DEFINITE_SPACE	DEFINITE_SPACE	sheckh@152;y	sheckh y	2	7,8	7	8	sheckh	y	MULTI_ASCII_FRAGMENT	MULTI_FRAGMENT_MIXED_RETAINED_OMITTED
RF1b|f79v.4|G006	RF1b	f79v.4	f79v	CONFIRMED_PROSE	P	6	9	DEFINITE_SPACE	UNCERTAIN_SMALL_SPACE	@206;		0						ZERO_ASCII_FRAGMENT	SOURCE_GROUP_ABSENT_FROM_LEGACY_ASCII
RF1b|f79v.4|G009	RF1b	f79v.4	f79v	CONFIRMED_PROSE	P	9	9	DEFINITE_SPACE	LINE_END	lche@152;y	lche y	2	8,9	8	9	lche	y	MULTI_ASCII_FRAGMENT	MULTI_FRAGMENT_MIXED_RETAINED_OMITTED
RF1b|f79v.42|G004	RF1b	f79v.42	f79v	CONFIRMED_PROSE	P	4	7	DEFINITE_SPACE	DEFINITE_SPACE	che@152;y	che y	2	4,5	4	5	che	y	MULTI_ASCII_FRAGMENT	MULTI_FRAGMENT_MIXED_RETAINED_OMITTED
RF1b|f79v.5|G002	RF1b	f79v.5	f79v	CONFIRMED_PROSE	P	2	8	DEFINITE_SPACE	DEFINITE_SPACE	qoke@152;y	qoke y	2	2,3	2	3	qoke	y	MULTI_ASCII_FRAGMENT	MULTI_FRAGMENT_MIXED_RETAINED_OMITTED
RF1b|f79v.5|G003	RF1b	f79v.5	f79v	CONFIRMED_PROSE	P	3	8	DEFINITE_SPACE	DEFINITE_SPACE	qot@221;l	qot l	2	4,5	4,5		qot l		MULTI_ASCII_FRAGMENT	MULTI_FRAGMENT_ALL_RETAINED
RF1b|f79v.6|G006	RF1b	f79v.6	f79v	CONFIRMED_PROSE	P	6	10	DEFINITE_SPACE	DEFINITE_SPACE	che@152;y	che y	2	6,7	6	7	che	y	MULTI_ASCII_FRAGMENT	MULTI_FRAGMENT_MIXED_RETAINED_OMITTED
RF1b|f79v.6|G008	RF1b	f79v.6	f79v	CONFIRMED_PROSE	P	8	10	DEFINITE_SPACE	DEFINITE_SPACE	she@152;y	she y	2	9,10	9	10	she	y	MULTI_ASCII_FRAGMENT	MULTI_FRAGMENT_MIXED_RETAINED_OMITTED
RF1b|f79v.7|G004	RF1b	f79v.7	f79v	CONFIRMED_PROSE	P	4	8	DEFINITE_SPACE	DEFINITE_SPACE	ke@152;y	ke y	2	4,5	4	5	ke	y	MULTI_ASCII_FRAGMENT	MULTI_FRAGMENT_MIXED_RETAINED_OMITTED
RF1b|f79v.8|G004	RF1b	f79v.8	f79v	CONFIRMED_PROSE	P	4	8	DEFINITE_SPACE	DEFINITE_SPACE	te@152;yol	te yol	2	4,5	4,5		te yol		MULTI_ASCII_FRAGMENT	MULTI_FRAGMENT_ALL_RETAINED
RF1b|f7r.6|G003	RF1b	f7r.6	f7r	CONFIRMED_PROSE	P	3	5	DEFINITE_SPACE	DRAWING_INTERRUPTION	chkol@152;y	chkol y	2	3,4	3	4	chkol	y	MULTI_ASCII_FRAGMENT	MULTI_FRAGMENT_MIXED_RETAINED_OMITTED
RF1b|f7v.1|G001	RF1b	f7v.1	f7v	CONFIRMED_PROSE	P	1	8	LINE_START	DEFINITE_SPACE	pol@222;shy	pol shy	2	1,2	1,2		pol shy		MULTI_ASCII_FRAGMENT	MULTI_FRAGMENT_ALL_RETAINED
RF1b|f80r.1|G001	RF1b	f80r.1	f80r	DIAGNOSTIC_NONPROSE	L	1	1	LINE_START	LINE_END	tor@221;ly	tor ly	2	1,2	1,2		tor ly		MULTI_ASCII_FRAGMENT	MULTI_FRAGMENT_ALL_RETAINED
RF1b|f80r.11|G002	RF1b	f80r.11	f80r	CONFIRMED_PROSE	P	2	10	DEFINITE_SPACE	DEFINITE_SPACE	fshe@152;y	fshe y	2	2,3	2	3	fshe	y	MULTI_ASCII_FRAGMENT	MULTI_FRAGMENT_MIXED_RETAINED_OMITTED
RF1b|f80r.12|G001	RF1b	f80r.12	f80r	CONFIRMED_PROSE	P	1	11	LINE_START	DEFINITE_SPACE	d@222;kshy	d kshy	2	1,2	1,2		d kshy		MULTI_ASCII_FRAGMENT	MULTI_FRAGMENT_ALL_RETAINED
RF1b|f80r.12|G007	RF1b	f80r.12	f80r	CONFIRMED_PROSE	P	7	11	DEFINITE_SPACE	DEFINITE_SPACE	qok@221;in	qok in	2	8,9	8,9		qok in		MULTI_ASCII_FRAGMENT	MULTI_FRAGMENT_ALL_RETAINED
RF1b|f80r.12|G010	RF1b	f80r.12	f80r	CONFIRMED_PROSE	P	10	11	DEFINITE_SPACE	DEFINITE_SPACE	oke@152;y	oke y	2	12,13	12	13	oke	y	MULTI_ASCII_FRAGMENT	MULTI_FRAGMENT_MIXED_RETAINED_OMITTED
RF1b|f80r.13|G010	RF1b	f80r.13	f80r	CONFIRMED_PROSE	P	10	11	DEFINITE_SPACE	DEFINITE_SPACE	che@152;y	che y	2	10,11	10	11	che	y	MULTI_ASCII_FRAGMENT	MULTI_FRAGMENT_MIXED_RETAINED_OMITTED
RF1b|f80r.15|G002	RF1b	f80r.15	f80r	CONFIRMED_PROSE	P	2	10	DEFINITE_SPACE	DEFINITE_SPACE	qokee@152;y	qokee y	2	2,3	2	3	qokee	y	MULTI_ASCII_FRAGMENT	MULTI_FRAGMENT_MIXED_RETAINED_OMITTED
RF1b|f80r.15|G004	RF1b	f80r.15	f80r	CONFIRMED_PROSE	P	4	10	DEFINITE_SPACE	DEFINITE_SPACE	olche@152;y	olche y	2	5,6	5	6	olche	y	MULTI_ASCII_FRAGMENT	MULTI_FRAGMENT_MIXED_RETAINED_OMITTED
RF1b|f80r.16|G005	RF1b	f80r.16	f80r	CONFIRMED_PROSE	P	5	11	DEFINITE_SPACE	DEFINITE_SPACE	che@152;y	che y	2	5,6	5	6	che	y	MULTI_ASCII_FRAGMENT	MULTI_FRAGMENT_MIXED_RETAINED_OMITTED
RF1b|f80r.16|G008	RF1b	f80r.16	f80r	CONFIRMED_PROSE	P	8	11	DEFINITE_SPACE	DEFINITE_SPACE	qokee@152;y	qokee y	2	9,10	9	10	qokee	y	MULTI_ASCII_FRAGMENT	MULTI_FRAGMENT_MIXED_RETAINED_OMITTED
RF1b|f80r.18|G001	RF1b	f80r.18	f80r	CONFIRMED_PROSE	P	1	11	LINE_START	DEFINITE_SPACE	p@221;iin	p iin	2	1,2	2	1	iin	p	MULTI_ASCII_FRAGMENT	MULTI_FRAGMENT_MIXED_RETAINED_OMITTED
RF1b|f80r.18|G006	RF1b	f80r.18	f80r	CONFIRMED_PROSE	P	6	11	DEFINITE_SPACE	DEFINITE_SPACE	qok@221;r	qok r	2	7,8	7,8		qok r		MULTI_ASCII_FRAGMENT	MULTI_FRAGMENT_ALL_RETAINED
RF1b|f80r.19|G002	RF1b	f80r.19	f80r	CONFIRMED_PROSE	P	2	11	DEFINITE_SPACE	DEFINITE_SPACE	she@152;y	she y	2	2,3	2	3	she	y	MULTI_ASCII_FRAGMENT	MULTI_FRAGMENT_MIXED_RETAINED_OMITTED
RF1b|f80r.2|G001	RF1b	f80r.2	f80r	DIAGNOSTIC_NONPROSE	L	1	1	LINE_START	LINE_END	olch@152;y	olch y	2	1,2	1	2	olch	y	MULTI_ASCII_FRAGMENT	MULTI_FRAGMENT_MIXED_RETAINED_OMITTED
RF1b|f80r.23|G009	RF1b	f80r.23	f80r	CONFIRMED_PROSE	P	9	12	DEFINITE_SPACE	DEFINITE_SPACE	kee@152;y	kee y	2	9,10	9	10	kee	y	MULTI_ASCII_FRAGMENT	MULTI_FRAGMENT_MIXED_RETAINED_OMITTED
RF1b|f80r.25|G006	RF1b	f80r.25	f80r	CONFIRMED_PROSE	P	6	13	DEFINITE_SPACE	DEFINITE_SPACE	lshe@152;y	lshe y	2	6,7	6	7	lshe	y	MULTI_ASCII_FRAGMENT	MULTI_FRAGMENT_MIXED_RETAINED_OMITTED
RF1b|f80r.26|G004	RF1b	f80r.26	f80r	CONFIRMED_PROSE	P	4	11	DEFINITE_SPACE	DEFINITE_SPACE	ote@152;y	ote y	2	4,5	4	5	ote	y	MULTI_ASCII_FRAGMENT	MULTI_FRAGMENT_MIXED_RETAINED_OMITTED
RF1b|f80r.26|G006	RF1b	f80r.26	f80r	CONFIRMED_PROSE	P	6	11	DEFINITE_SPACE	DEFINITE_SPACE	olchee@152;y	olchee y	2	7,8	7	8	olchee	y	MULTI_ASCII_FRAGMENT	MULTI_FRAGMENT_MIXED_RETAINED_OMITTED
RF1b|f80r.29|G005	RF1b	f80r.29	f80r	CONFIRMED_PROSE	P	5	10	DEFINITE_SPACE	DEFINITE_SPACE	she@152;y	she y	2	5,6	5	6	she	y	MULTI_ASCII_FRAGMENT	MULTI_FRAGMENT_MIXED_RETAINED_OMITTED
RF1b|f80r.30|G001	RF1b	f80r.30	f80r	CONFIRMED_PROSE	P	1	9	LINE_START	DEFINITE_SPACE	dshe@152;y	dshe y	2	1,2	1	2	dshe	y	MULTI_ASCII_FRAGMENT	MULTI_FRAGMENT_MIXED_RETAINED_OMITTED
RF1b|f80r.34|G005	RF1b	f80r.34	f80r	CONFIRMED_PROSE	P	5	11	DEFINITE_SPACE	DEFINITE_SPACE	qok@221;r	qok r	2	5,6	5,6		qok r		MULTI_ASCII_FRAGMENT	MULTI_FRAGMENT_ALL_RETAINED
RF1b|f80r.34|G009	RF1b	f80r.34	f80r	CONFIRMED_PROSE	P	9	11	DEFINITE_SPACE	DEFINITE_SPACE	qoke@152;y	qoke y	2	10,11	10	11	qoke	y	MULTI_ASCII_FRAGMENT	MULTI_FRAGMENT_MIXED_RETAINED_OMITTED
RF1b|f80r.35|G004	RF1b	f80r.35	f80r	CONFIRMED_PROSE	P	4	11	DEFINITE_SPACE	DEFINITE_SPACE	she@152;y	she y	2	4,5	4	5	she	y	MULTI_ASCII_FRAGMENT	MULTI_FRAGMENT_MIXED_RETAINED_OMITTED
RF1b|f80r.37|G011	RF1b	f80r.37	f80r	CONFIRMED_PROSE	P	11	12	DEFINITE_SPACE	DEFINITE_SPACE	qot@221;r	qot r	2	11,12	11,12		qot r		MULTI_ASCII_FRAGMENT	MULTI_FRAGMENT_ALL_RETAINED
RF1b|f80r.37|G012	RF1b	f80r.37	f80r	CONFIRMED_PROSE	P	12	12	DEFINITE_SPACE	LINE_END	al@221;m	al m	2	13,14	13	14	al	m	MULTI_ASCII_FRAGMENT	MULTI_FRAGMENT_MIXED_RETAINED_OMITTED
RF1b|f80r.39|G001	RF1b	f80r.39	f80r	CONFIRMED_PROSE	P	1	8	LINE_START	DEFINITE_SPACE	qokee@152;y	qokee y	2	1,2	1	2	qokee	y	MULTI_ASCII_FRAGMENT	MULTI_FRAGMENT_MIXED_RETAINED_OMITTED
RF1b|f80r.39|G005	RF1b	f80r.39	f80r	CONFIRMED_PROSE	P	5	8	DEFINITE_SPACE	DEFINITE_SPACE	she@152;y	she y	2	6,7	6	7	she	y	MULTI_ASCII_FRAGMENT	MULTI_FRAGMENT_MIXED_RETAINED_OMITTED
RF1b|f80r.46|G004	RF1b	f80r.46	f80r	CONFIRMED_PROSE	P	4	7	DEFINITE_SPACE	DEFINITE_SPACE	she@152;y	she y	2	4,5	4	5	she	y	MULTI_ASCII_FRAGMENT	MULTI_FRAGMENT_MIXED_RETAINED_OMITTED
RF1b|f80r.53|G005	RF1b	f80r.53	f80r	CONFIRMED_PROSE	P	5	8	DEFINITE_SPACE	DEFINITE_SPACE	qok@221;l	qok l	2	5,6	5,6		qok l		MULTI_ASCII_FRAGMENT	MULTI_FRAGMENT_ALL_RETAINED
RF1b|f80v.11|G001	RF1b	f80v.11	f80v	CONFIRMED_PROSE	P	1	10	LINE_START	DEFINITE_SPACE	t@221;l	t l	2	1,2	1,2		t l		MULTI_ASCII_FRAGMENT	MULTI_FRAGMENT_ALL_RETAINED
RF1b|f80v.11|G009	RF1b	f80v.11	f80v	CONFIRMED_PROSE	P	9	10	DEFINITE_SPACE	DEFINITE_SPACE	che@152;y	che y	2	10,11	10	11	che	y	MULTI_ASCII_FRAGMENT	MULTI_FRAGMENT_MIXED_RETAINED_OMITTED
RF1b|f80v.16|G007	RF1b	f80v.16	f80v	CONFIRMED_PROSE	P	7	11	DEFINITE_SPACE	DEFINITE_SPACE	kee@152;y	kee y	2	7,8	7	8	kee	y	MULTI_ASCII_FRAGMENT	MULTI_FRAGMENT_MIXED_RETAINED_OMITTED
RF1b|f80v.18|G004	RF1b	f80v.18	f80v	CONFIRMED_PROSE	P	4	6	DEFINITE_SPACE	DEFINITE_SPACE	olke@152;y	olke y	2	4,5	4	5	olke	y	MULTI_ASCII_FRAGMENT	MULTI_FRAGMENT_MIXED_RETAINED_OMITTED
RF1b|f80v.19|G002	RF1b	f80v.19	f80v	CONFIRMED_PROSE	P	2	7	DEFINITE_SPACE	DEFINITE_SPACE	d@176;shey	d shey	2	2,3	2,3		d shey		MULTI_ASCII_FRAGMENT	MULTI_FRAGMENT_ALL_RETAINED
RF1b|f80v.21|G001	RF1b	f80v.21	f80v	CONFIRMED_PROSE	P	1	9	LINE_START	DEFINITE_SPACE	t@221;r	t r	2	1,2	1,2		t r		MULTI_ASCII_FRAGMENT	MULTI_FRAGMENT_ALL_RETAINED
RF1b|f80v.22|G008	RF1b	f80v.22	f80v	CONFIRMED_PROSE	P	8	8	DEFINITE_SPACE	LINE_END	lshe@152;y	lshe y	2	8,9	8	9	lshe	y	MULTI_ASCII_FRAGMENT	MULTI_FRAGMENT_MIXED_RETAINED_OMITTED
RF1b|f80v.25|G001	RF1b	f80v.25	f80v	CONFIRMED_PROSE	P	1	10	LINE_START	DEFINITE_SPACE	lshe@152;y	lshe y	2	1,2	1	2	lshe	y	MULTI_ASCII_FRAGMENT	MULTI_FRAGMENT_MIXED_RETAINED_OMITTED
RF1b|f80v.26|G007	RF1b	f80v.26	f80v	CONFIRMED_PROSE	P	7	8	DEFINITE_SPACE	DEFINITE_SPACE	she@152;y	she y	2	7,8	7	8	she	y	MULTI_ASCII_FRAGMENT	MULTI_FRAGMENT_MIXED_RETAINED_OMITTED
RF1b|f80v.27|G007	RF1b	f80v.27	f80v	CONFIRMED_PROSE	P	7	11	DEFINITE_SPACE	DEFINITE_SPACE	d@221;l	d l	2	7,8	7,8		d l		MULTI_ASCII_FRAGMENT	MULTI_FRAGMENT_ALL_RETAINED
RF1b|f80v.31|G006	RF1b	f80v.31	f80v	CONFIRMED_PROSE	P	6	9	DEFINITE_SPACE	DEFINITE_SPACE	che@152;y	che y	2	6,7	6	7	che	y	MULTI_ASCII_FRAGMENT	MULTI_FRAGMENT_MIXED_RETAINED_OMITTED
RF1b|f80v.32|G008	RF1b	f80v.32	f80v	CONFIRMED_PROSE	P	8	8	DEFINITE_SPACE	LINE_END	she@152;y	she y	2	8,9	8	9	she	y	MULTI_ASCII_FRAGMENT	MULTI_FRAGMENT_MIXED_RETAINED_OMITTED
RF1b|f80v.42|G008	RF1b	f80v.42	f80v	CONFIRMED_PROSE	P	8	11	DEFINITE_SPACE	DEFINITE_SPACE	ch@152;y	ch y	2	8,9	8	9	ch	y	MULTI_ASCII_FRAGMENT	MULTI_FRAGMENT_MIXED_RETAINED_OMITTED
RF1b|f80v.42|G010	RF1b	f80v.42	f80v	CONFIRMED_PROSE	P	10	11	DEFINITE_SPACE	DEFINITE_SPACE	d@221;r	d r	2	11,12	11,12		d r		MULTI_ASCII_FRAGMENT	MULTI_FRAGMENT_ALL_RETAINED
RF1b|f80v.6|G002	RF1b	f80v.6	f80v	CONFIRMED_PROSE	P	2	9	DEFINITE_SPACE	DEFINITE_SPACE	ke@152;y	ke y	2	2,3	2	3	ke	y	MULTI_ASCII_FRAGMENT	MULTI_FRAGMENT_MIXED_RETAINED_OMITTED
RF1b|f80v.8|G003	RF1b	f80v.8	f80v	CONFIRMED_PROSE	P	3	8	DEFINITE_SPACE	DEFINITE_SPACE	she@152;y	she y	2	3,4	3	4	she	y	MULTI_ASCII_FRAGMENT	MULTI_FRAGMENT_MIXED_RETAINED_OMITTED
RF1b|f80v.9|G009	RF1b	f80v.9	f80v	CONFIRMED_PROSE	P	9	12	DEFINITE_SPACE	DEFINITE_SPACE	d@221;l	d l	2	9,10	9,10		d l		MULTI_ASCII_FRAGMENT	MULTI_FRAGMENT_ALL_RETAINED
RF1b|f81r.1|G006	RF1b	f81r.1	f81r	CONFIRMED_PROSE	P	6	7	DEFINITE_SPACE	DEFINITE_SPACE	ofsh@152;y	ofsh y	2	6,7	6	7	ofsh	y	MULTI_ASCII_FRAGMENT	MULTI_FRAGMENT_MIXED_RETAINED_OMITTED
RF1b|f81r.10|G003	RF1b	f81r.10	f81r	CONFIRMED_PROSE	P	3	6	DEFINITE_SPACE	DEFINITE_SPACE	ote@152;y	ote y	2	3,4	3	4	ote	y	MULTI_ASCII_FRAGMENT	MULTI_FRAGMENT_MIXED_RETAINED_OMITTED
RF1b|f81r.14|G001	RF1b	f81r.14	f81r	CONFIRMED_PROSE	P	1	7	LINE_START	DEFINITE_SPACE	qokeche@152;y	qokeche y	2	1,2	1	2	qokeche	y	MULTI_ASCII_FRAGMENT	MULTI_FRAGMENT_MIXED_RETAINED_OMITTED
RF1b|f81r.14|G003	RF1b	f81r.14	f81r	CONFIRMED_PROSE	P	3	7	UNCERTAIN_SMALL_SPACE	DEFINITE_SPACE	{ch'}ee@152;y	ee y	2	4,5	4	5	ee	y	MULTI_ASCII_FRAGMENT	MULTI_FRAGMENT_MIXED_RETAINED_OMITTED
RF1b|f81r.15|G005	RF1b	f81r.15	f81r	CONFIRMED_PROSE	P	5	5	DEFINITE_SPACE	LINE_END	ote@152;y	ote y	2	5,6	5	6	ote	y	MULTI_ASCII_FRAGMENT	MULTI_FRAGMENT_MIXED_RETAINED_OMITTED
RF1b|f81r.16|G001	RF1b	f81r.16	f81r	CONFIRMED_PROSE	P	1	6	LINE_START	DEFINITE_SPACE	polch@152;y	polch y	2	1,2	1	2	polch	y	MULTI_ASCII_FRAGMENT	MULTI_FRAGMENT_MIXED_RETAINED_OMITTED
RF1b|f81r.16|G003	RF1b	f81r.16	f81r	CONFIRMED_PROSE	P	3	6	DEFINITE_SPACE	DEFINITE_SPACE	qo@176;or	qo or	2	4,5	4,5		qo or		MULTI_ASCII_FRAGMENT	MULTI_FRAGMENT_ALL_RETAINED
RF1b|f81r.16|G004	RF1b	f81r.16	f81r	CONFIRMED_PROSE	P	4	6	DEFINITE_SPACE	DEFINITE_SPACE	olpche@152;y	olpche y	2	6,7	6	7	olpche	y	MULTI_ASCII_FRAGMENT	MULTI_FRAGMENT_MIXED_RETAINED_OMITTED
RF1b|f81r.18|G001	RF1b	f81r.18	f81r	CONFIRMED_PROSE	P	1	6	LINE_START	DEFINITE_SPACE	oshee@152;y	oshee y	2	1,2	1	2	oshee	y	MULTI_ASCII_FRAGMENT	MULTI_FRAGMENT_MIXED_RETAINED_OMITTED
RF1b|f81r.18|G002	RF1b	f81r.18	f81r	CONFIRMED_PROSE	P	2	6	DEFINITE_SPACE	DEFINITE_SPACE	she@152;y	she y	2	3,4	3	4	she	y	MULTI_ASCII_FRAGMENT	MULTI_FRAGMENT_MIXED_RETAINED_OMITTED
RF1b|f81r.19|G002	RF1b	f81r.19	f81r	CONFIRMED_PROSE	P	2	6	DEFINITE_SPACE	DEFINITE_SPACE	shee@152;y	shee y	2	2,3	2	3	shee	y	MULTI_ASCII_FRAGMENT	MULTI_FRAGMENT_MIXED_RETAINED_OMITTED
RF1b|f81r.25|G001	RF1b	f81r.25	f81r	CONFIRMED_PROSE	P	1	8	LINE_START	DEFINITE_SPACE	s@221;r	s r	2	1,2	1,2		s r		MULTI_ASCII_FRAGMENT	MULTI_FRAGMENT_ALL_RETAINED
RF1b|f81r.27|G001	RF1b	f81r.27	f81r	CONFIRMED_PROSE	P	1	6	LINE_START	DEFINITE_SPACE	s@221;l	s l	2	1,2	1,2		s l		MULTI_ASCII_FRAGMENT	MULTI_FRAGMENT_ALL_RETAINED
RF1b|f81r.27|G002	RF1b	f81r.27	f81r	CONFIRMED_PROSE	P	2	6	DEFINITE_SPACE	DEFINITE_SPACE	che@152;y	che y	2	3,4	3	4	che	y	MULTI_ASCII_FRAGMENT	MULTI_FRAGMENT_MIXED_RETAINED_OMITTED
RF1b|f81r.27|G003	RF1b	f81r.27	f81r	CONFIRMED_PROSE	P	3	6	DEFINITE_SPACE	DEFINITE_SPACE	qoke@152;y	qoke y	2	5,6	5	6	qoke	y	MULTI_ASCII_FRAGMENT	MULTI_FRAGMENT_MIXED_RETAINED_OMITTED
RF1b|f81r.3|G008	RF1b	f81r.3	f81r	CONFIRMED_PROSE	P	8	8	DEFINITE_SPACE	LINE_END	she@152;y	she y	2	8,9	8	9	she	y	MULTI_ASCII_FRAGMENT	MULTI_FRAGMENT_MIXED_RETAINED_OMITTED
RF1b|f81r.30|G002	RF1b	f81r.30	f81r	CONFIRMED_PROSE	P	2	8	DEFINITE_SPACE	DEFINITE_SPACE	{ch'}e@152;y	e y	2	2,3	2	3	e	y	MULTI_ASCII_FRAGMENT	MULTI_FRAGMENT_MIXED_RETAINED_OMITTED
RF1b|f81r.31|G004	RF1b	f81r.31	f81r	CONFIRMED_PROSE	P	4	11	DEFINITE_SPACE	DEFINITE_SPACE	lche@152;y	lche y	2	4,5	4	5	lche	y	MULTI_ASCII_FRAGMENT	MULTI_FRAGMENT_MIXED_RETAINED_OMITTED
RF1b|f81r.8|G001	RF1b	f81r.8	f81r	CONFIRMED_PROSE	P	1	6	LINE_START	DEFINITE_SPACE	pche@152;y	pche y	2	1,2	1	2	pche	y	MULTI_ASCII_FRAGMENT	MULTI_FRAGMENT_MIXED_RETAINED_OMITTED
RF1b|f81r.9|G002	RF1b	f81r.9	f81r	CONFIRMED_PROSE	P	2	4	DEFINITE_SPACE	DEFINITE_SPACE	qote@152;y	qote y	2	2,3	2	3	qote	y	MULTI_ASCII_FRAGMENT	MULTI_FRAGMENT_MIXED_RETAINED_OMITTED
RF1b|f81r.9|G003	RF1b	f81r.9	f81r	CONFIRMED_PROSE	P	3	4	DEFINITE_SPACE	DEFINITE_SPACE	qokee@152;y	qokee y	2	4,5	4	5	qokee	y	MULTI_ASCII_FRAGMENT	MULTI_FRAGMENT_MIXED_RETAINED_OMITTED
RF1b|f81v.10|G004	RF1b	f81v.10	f81v	CONFIRMED_PROSE	P	4	9	DEFINITE_SPACE	DEFINITE_SPACE	okee@152;y	okee y	2	4,5	4	5	okee	y	MULTI_ASCII_FRAGMENT	MULTI_FRAGMENT_MIXED_RETAINED_OMITTED
RF1b|f81v.10|G005	RF1b	f81v.10	f81v	CONFIRMED_PROSE	P	5	9	DEFINITE_SPACE	DEFINITE_SPACE	ote@152;y	ote y	2	6,7	6	7	ote	y	MULTI_ASCII_FRAGMENT	MULTI_FRAGMENT_MIXED_RETAINED_OMITTED
RF1b|f81v.12|G004	RF1b	f81v.12	f81v	CONFIRMED_PROSE	P	4	9	DEFINITE_SPACE	DEFINITE_SPACE	{ch'}e@152;y	e y	2	4,5	4	5	e	y	MULTI_ASCII_FRAGMENT	MULTI_FRAGMENT_MIXED_RETAINED_OMITTED
RF1b|f81v.12|G006	RF1b	f81v.12	f81v	CONFIRMED_PROSE	P	6	9	DEFINITE_SPACE	DEFINITE_SPACE	ote@152;y	ote y	2	7,8	7	8	ote	y	MULTI_ASCII_FRAGMENT	MULTI_FRAGMENT_MIXED_RETAINED_OMITTED
RF1b|f81v.13|G003	RF1b	f81v.13	f81v	CONFIRMED_PROSE	P	3	9	DEFINITE_SPACE	DEFINITE_SPACE	yte@152;y	yte y	2	3,4	3	4	yte	y	MULTI_ASCII_FRAGMENT	MULTI_FRAGMENT_MIXED_RETAINED_OMITTED
RF1b|f81v.13|G008	RF1b	f81v.13	f81v	CONFIRMED_PROSE	P	8	9	DEFINITE_SPACE	DEFINITE_SPACE	yke@152;y	yke y	2	9,10	9	10	yke	y	MULTI_ASCII_FRAGMENT	MULTI_FRAGMENT_MIXED_RETAINED_OMITTED
RF1b|f81v.16|G004	RF1b	f81v.16	f81v	CONFIRMED_PROSE	P	4	12	DEFINITE_SPACE	DEFINITE_SPACE	qoee@152;y	qoee y	2	4,5	4	5	qoee	y	MULTI_ASCII_FRAGMENT	MULTI_FRAGMENT_MIXED_RETAINED_OMITTED
RF1b|f81v.16|G008	RF1b	f81v.16	f81v	CONFIRMED_PROSE	P	8	12	UNCERTAIN_SMALL_SPACE	DEFINITE_SPACE	sh@152;y	sh y	2	9,10	9	10	sh	y	MULTI_ASCII_FRAGMENT	MULTI_FRAGMENT_MIXED_RETAINED_OMITTED
RF1b|f81v.18|G001	RF1b	f81v.18	f81v	CONFIRMED_PROSE	P	1	10	LINE_START	DEFINITE_SPACE	qokch@152;y	qokch y	2	1,2	1	2	qokch	y	MULTI_ASCII_FRAGMENT	MULTI_FRAGMENT_MIXED_RETAINED_OMITTED
RF1b|f81v.18|G007	RF1b	f81v.18	f81v	CONFIRMED_PROSE	P	7	10	DEFINITE_SPACE	DEFINITE_SPACE	qoke@152;y	qoke y	2	8,9	8	9	qoke	y	MULTI_ASCII_FRAGMENT	MULTI_FRAGMENT_MIXED_RETAINED_OMITTED
RF1b|f81v.19|G003	RF1b	f81v.19	f81v	CONFIRMED_PROSE	P	3	10	DEFINITE_SPACE	DEFINITE_SPACE	she@152;y	she y	2	3,4	3	4	she	y	MULTI_ASCII_FRAGMENT	MULTI_FRAGMENT_MIXED_RETAINED_OMITTED
RF1b|f81v.2|G001	RF1b	f81v.2	f81v	CONFIRMED_PROSE	P	1	12	LINE_START	DEFINITE_SPACE	qoke@152;y	qoke y	2	1,2	1	2	qoke	y	MULTI_ASCII_FRAGMENT	MULTI_FRAGMENT_MIXED_RETAINED_OMITTED
RF1b|f81v.20|G004	RF1b	f81v.20	f81v	CONFIRMED_PROSE	P	4	8	DEFINITE_SPACE	DEFINITE_SPACE	qoke@152;y	qoke y	2	4,5	4	5	qoke	y	MULTI_ASCII_FRAGMENT	MULTI_FRAGMENT_MIXED_RETAINED_OMITTED
RF1b|f81v.20|G007	RF1b	f81v.20	f81v	CONFIRMED_PROSE	P	7	8	DEFINITE_SPACE	DEFINITE_SPACE	lte@152;y	lte y	2	8,9	8	9	lte	y	MULTI_ASCII_FRAGMENT	MULTI_FRAGMENT_MIXED_RETAINED_OMITTED
RF1b|f81v.21|G004	RF1b	f81v.21	f81v	CONFIRMED_PROSE	P	4	9	DEFINITE_SPACE	DEFINITE_SPACE	lshe@152;y	lshe y	2	4,5	4	5	lshe	y	MULTI_ASCII_FRAGMENT	MULTI_FRAGMENT_MIXED_RETAINED_OMITTED
RF1b|f81v.23|G005	RF1b	f81v.23	f81v	CONFIRMED_PROSE	P	5	10	DEFINITE_SPACE	DEFINITE_SPACE	{ch'}e@152;y	e y	2	5,6	5	6	e	y	MULTI_ASCII_FRAGMENT	MULTI_FRAGMENT_MIXED_RETAINED_OMITTED
RF1b|f81v.24|G002	RF1b	f81v.24	f81v	CONFIRMED_PROSE	P	2	10	DEFINITE_SPACE	DEFINITE_SPACE	okche@152;y	okche y	2	2,3	2	3	okche	y	MULTI_ASCII_FRAGMENT	MULTI_FRAGMENT_MIXED_RETAINED_OMITTED
RF1b|f81v.24|G006	RF1b	f81v.24	f81v	CONFIRMED_PROSE	P	6	10	DEFINITE_SPACE	DEFINITE_SPACE	chee@152;y	chee y	2	7,8	7	8	chee	y	MULTI_ASCII_FRAGMENT	MULTI_FRAGMENT_MIXED_RETAINED_OMITTED
RF1b|f81v.25|G004	RF1b	f81v.25	f81v	CONFIRMED_PROSE	P	4	10	DEFINITE_SPACE	DEFINITE_SPACE	che@152;y	che y	2	4,5	4	5	che	y	MULTI_ASCII_FRAGMENT	MULTI_FRAGMENT_MIXED_RETAINED_OMITTED
RF1b|f81v.25|G009	RF1b	f81v.25	f81v	CONFIRMED_PROSE	P	9	10	DEFINITE_SPACE	DEFINITE_SPACE	che@152;ytchd	che ytchd	2	10,11	10,11		che ytchd		MULTI_ASCII_FRAGMENT	MULTI_FRAGMENT_ALL_RETAINED
RF1b|f81v.26|G005	RF1b	f81v.26	f81v	CONFIRMED_PROSE	P	5	10	DEFINITE_SPACE	DEFINITE_SPACE	oke@152;y	oke y	2	5,6	5	6	oke	y	MULTI_ASCII_FRAGMENT	MULTI_FRAGMENT_MIXED_RETAINED_OMITTED
RF1b|f81v.3|G004	RF1b	f81v.3	f81v	CONFIRMED_PROSE	P	4	10	UNCERTAIN_SMALL_SPACE	DEFINITE_SPACE	kee@152;y	kee y	2	4,5	4	5	kee	y	MULTI_ASCII_FRAGMENT	MULTI_FRAGMENT_MIXED_RETAINED_OMITTED
RF1b|f81v.3|G005	RF1b	f81v.3	f81v	CONFIRMED_PROSE	P	5	10	DEFINITE_SPACE	DEFINITE_SPACE	oke@152;y	oke y	2	6,7	6	7	oke	y	MULTI_ASCII_FRAGMENT	MULTI_FRAGMENT_MIXED_RETAINED_OMITTED
RF1b|f81v.5|G005	RF1b	f81v.5	f81v	CONFIRMED_PROSE	P	5	9	DEFINITE_SPACE	DEFINITE_SPACE	okee@152;y	okee y	2	5,6	5	6	okee	y	MULTI_ASCII_FRAGMENT	MULTI_FRAGMENT_MIXED_RETAINED_OMITTED
RF1b|f81v.6|G011	RF1b	f81v.6	f81v	CONFIRMED_PROSE	P	11	11	DEFINITE_SPACE	LINE_END	dal@152;y	dal y	2	11,12	11	12	dal	y	MULTI_ASCII_FRAGMENT	MULTI_FRAGMENT_MIXED_RETAINED_OMITTED
RF1b|f81v.7|G008	RF1b	f81v.7	f81v	CONFIRMED_PROSE	P	8	9	DEFINITE_SPACE	DEFINITE_SPACE	sche@152;y	sche y	2	8,9	8	9	sche	y	MULTI_ASCII_FRAGMENT	MULTI_FRAGMENT_MIXED_RETAINED_OMITTED
RF1b|f81v.8|G004	RF1b	f81v.8	f81v	CONFIRMED_PROSE	P	4	10	DEFINITE_SPACE	DEFINITE_SPACE	she@152;y	she y	2	4,5	4	5	she	y	MULTI_ASCII_FRAGMENT	MULTI_FRAGMENT_MIXED_RETAINED_OMITTED
RF1b|f81v.8|G010	RF1b	f81v.8	f81v	CONFIRMED_PROSE	P	10	10	DEFINITE_SPACE	LINE_END	ol@152;y	ol y	2	11,12	11	12	ol	y	MULTI_ASCII_FRAGMENT	MULTI_FRAGMENT_MIXED_RETAINED_OMITTED
RF1b|f81v.9|G009	RF1b	f81v.9	f81v	CONFIRMED_PROSE	P	9	9	DEFINITE_SPACE	LINE_END	daii@152;y	daii y	2	9,10	9	10	daii	y	MULTI_ASCII_FRAGMENT	MULTI_FRAGMENT_MIXED_RETAINED_OMITTED
RF1b|f82r.12|G001	RF1b	f82r.12	f82r	CONFIRMED_PROSE	P	1	7	LINE_START	DEFINITE_SPACE	ote@152;y	ote y	2	1,2	1	2	ote	y	MULTI_ASCII_FRAGMENT	MULTI_FRAGMENT_MIXED_RETAINED_OMITTED
RF1b|f82r.14|G003	RF1b	f82r.14	f82r	CONFIRMED_PROSE	P	3	9	DEFINITE_SPACE	DEFINITE_SPACE	qok@221;l	qok l	2	3,4	3,4		qok l		MULTI_ASCII_FRAGMENT	MULTI_FRAGMENT_ALL_RETAINED
RF1b|f82r.14|G009	RF1b	f82r.14	f82r	CONFIRMED_PROSE	P	9	9	DEFINITE_SPACE	LINE_END	olche@152;y	olche y	2	10,11	10	11	olche	y	MULTI_ASCII_FRAGMENT	MULTI_FRAGMENT_MIXED_RETAINED_OMITTED
RF1b|f82r.15|G004	RF1b	f82r.15	f82r	CONFIRMED_PROSE	P	4	10	DEFINITE_SPACE	DEFINITE_SPACE	qokee@152;y	qokee y	2	4,5	4	5	qokee	y	MULTI_ASCII_FRAGMENT	MULTI_FRAGMENT_MIXED_RETAINED_OMITTED
RF1b|f82r.15|G005	RF1b	f82r.15	f82r	CONFIRMED_PROSE	P	5	10	DEFINITE_SPACE	DEFINITE_SPACE	lkee@152;y	lkee y	2	6,7	6	7	lkee	y	MULTI_ASCII_FRAGMENT	MULTI_FRAGMENT_MIXED_RETAINED_OMITTED
RF1b|f82r.15|G009	RF1b	f82r.15	f82r	CONFIRMED_PROSE	P	9	10	DEFINITE_SPACE	DEFINITE_SPACE	ch@152;y	ch y	2	11,12	11	12	ch	y	MULTI_ASCII_FRAGMENT	MULTI_FRAGMENT_MIXED_RETAINED_OMITTED
RF1b|f82r.17|G003	RF1b	f82r.17	f82r	CONFIRMED_PROSE	P	3	8	DEFINITE_SPACE	DEFINITE_SPACE	che@152;y	che y	2	3,4	3	4	che	y	MULTI_ASCII_FRAGMENT	MULTI_FRAGMENT_MIXED_RETAINED_OMITTED
RF1b|f82r.18|G006	RF1b	f82r.18	f82r	CONFIRMED_PROSE	P	6	10	DEFINITE_SPACE	DEFINITE_SPACE	che@152;ar	che ar	2	6,7	6,7		che ar		MULTI_ASCII_FRAGMENT	MULTI_FRAGMENT_ALL_RETAINED
RF1b|f82r.19|G004	RF1b	f82r.19	f82r	CONFIRMED_PROSE	P	4	5	DEFINITE_SPACE	DEFINITE_SPACE	qokee@152;y	qokee y	2	4,5	4	5	qokee	y	MULTI_ASCII_FRAGMENT	MULTI_FRAGMENT_MIXED_RETAINED_OMITTED
RF1b|f82r.2|G001	RF1b	f82r.2	f82r	CONFIRMED_PROSE	P	1	8	LINE_START	DEFINITE_SPACE	dche@152;y	dche y	2	1,2	1	2	dche	y	MULTI_ASCII_FRAGMENT	MULTI_FRAGMENT_MIXED_RETAINED_OMITTED
RF1b|f82r.20|G004	RF1b	f82r.20	f82r	CONFIRMED_PROSE	P	4	8	DEFINITE_SPACE	DEFINITE_SPACE	{ch'}e@152;y	e y	2	4,5	4	5	e	y	MULTI_ASCII_FRAGMENT	MULTI_FRAGMENT_MIXED_RETAINED_OMITTED
RF1b|f82r.20|G005	RF1b	f82r.20	f82r	CONFIRMED_PROSE	P	5	8	DEFINITE_SPACE	DEFINITE_SPACE	sheolkeee@152;y	sheolkeee y	2	6,7	6	7	sheolkeee	y	MULTI_ASCII_FRAGMENT	MULTI_FRAGMENT_MIXED_RETAINED_OMITTED
RF1b|f82r.20|G007	RF1b	f82r.20	f82r	CONFIRMED_PROSE	P	7	8	DEFINITE_SPACE	DEFINITE_SPACE	she@152;y	she y	2	9,10	9	10	she	y	MULTI_ASCII_FRAGMENT	MULTI_FRAGMENT_MIXED_RETAINED_OMITTED
RF1b|f82r.23|G008	RF1b	f82r.23	f82r	CONFIRMED_PROSE	P	8	9	DEFINITE_SPACE	DEFINITE_SPACE	lche@152;y	lche y	2	8,9	8	9	lche	y	MULTI_ASCII_FRAGMENT	MULTI_FRAGMENT_MIXED_RETAINED_OMITTED
RF1b|f82r.26|G004	RF1b	f82r.26	f82r	CONFIRMED_PROSE	P	4	9	DEFINITE_SPACE	DEFINITE_SPACE	lche@152;ar	lche ar	2	4,5	4,5		lche ar		MULTI_ASCII_FRAGMENT	MULTI_FRAGMENT_ALL_RETAINED
RF1b|f82r.27|G001	RF1b	f82r.27	f82r	CONFIRMED_PROSE	P	1	8	LINE_START	DEFINITE_SPACE	pche@152;y	pche y	2	1,2	1	2	pche	y	MULTI_ASCII_FRAGMENT	MULTI_FRAGMENT_MIXED_RETAINED_OMITTED
RF1b|f82r.27|G003	RF1b	f82r.27	f82r	CONFIRMED_PROSE	P	3	8	DEFINITE_SPACE	DEFINITE_SPACE	dal@152;y	dal y	2	4,5	4	5	dal	y	MULTI_ASCII_FRAGMENT	MULTI_FRAGMENT_MIXED_RETAINED_OMITTED
RF1b|f82r.27|G006	RF1b	f82r.27	f82r	CONFIRMED_PROSE	P	6	8	DEFINITE_SPACE	DEFINITE_SPACE	qotee@152;y	qotee y	2	8,9	8	9	qotee	y	MULTI_ASCII_FRAGMENT	MULTI_FRAGMENT_MIXED_RETAINED_OMITTED
RF1b|f82r.27|G008	RF1b	f82r.27	f82r	CONFIRMED_PROSE	P	8	8	DEFINITE_SPACE	LINE_END	loche@152;y	loche y	2	11,12	11	12	loche	y	MULTI_ASCII_FRAGMENT	MULTI_FRAGMENT_MIXED_RETAINED_OMITTED
RF1b|f82r.28|G001	RF1b	f82r.28	f82r	CONFIRMED_PROSE	P	1	9	LINE_START	DEFINITE_SPACE	qok@221;iin	qok iin	2	1,2	1,2		qok iin		MULTI_ASCII_FRAGMENT	MULTI_FRAGMENT_ALL_RETAINED
RF1b|f82r.28|G003	RF1b	f82r.28	f82r	CONFIRMED_PROSE	P	3	9	DEFINITE_SPACE	DEFINITE_SPACE	qokee@152;y	qokee y	2	4,5	4	5	qokee	y	MULTI_ASCII_FRAGMENT	MULTI_FRAGMENT_MIXED_RETAINED_OMITTED
RF1b|f82r.29|G002	RF1b	f82r.29	f82r	CONFIRMED_PROSE	P	2	9	DEFINITE_SPACE	DEFINITE_SPACE	lche@152;y	lche y	2	2,3	2	3	lche	y	MULTI_ASCII_FRAGMENT	MULTI_FRAGMENT_MIXED_RETAINED_OMITTED
RF1b|f82r.30|G008	RF1b	f82r.30	f82r	CONFIRMED_PROSE	P	8	10	DEFINITE_SPACE	DEFINITE_SPACE	lshe@152;y	lshe y	2	8,9	8	9	lshe	y	MULTI_ASCII_FRAGMENT	MULTI_FRAGMENT_MIXED_RETAINED_OMITTED
RF1b|f82r.31|G004	RF1b	f82r.31	f82r	CONFIRMED_PROSE	P	4	9	DEFINITE_SPACE	DEFINITE_SPACE	lche@152;y	lche y	2	4,5	4	5	lche	y	MULTI_ASCII_FRAGMENT	MULTI_FRAGMENT_MIXED_RETAINED_OMITTED
RF1b|f82r.31|G008	RF1b	f82r.31	f82r	CONFIRMED_PROSE	P	8	9	DEFINITE_SPACE	DEFINITE_SPACE	chee@152;y	chee y	2	9,10	9	10	chee	y	MULTI_ASCII_FRAGMENT	MULTI_FRAGMENT_MIXED_RETAINED_OMITTED
RF1b|f82r.34|G001	RF1b	f82r.34	f82r	DIAGNOSTIC_NONPROSE	L	1	1	LINE_START	LINE_END	ok@221;r	ok r	2	1,2	1,2		ok r		MULTI_ASCII_FRAGMENT	MULTI_FRAGMENT_ALL_RETAINED
RF1b|f82r.41|G001	RF1b	f82r.41	f82r	DIAGNOSTIC_NONPROSE	L	1	1	LINE_START	LINE_END	olk@221;ky	olk ky	2	1,2	1	2	olk	ky	MULTI_ASCII_FRAGMENT	MULTI_FRAGMENT_MIXED_RETAINED_OMITTED
RF1b|f82r.5|G006	RF1b	f82r.5	f82r	CONFIRMED_PROSE	P	6	8	DEFINITE_SPACE	DEFINITE_SPACE	che@152;y	che y	2	6,7	6	7	che	y	MULTI_ASCII_FRAGMENT	MULTI_FRAGMENT_MIXED_RETAINED_OMITTED
RF1b|f82r.5|G007	RF1b	f82r.5	f82r	CONFIRMED_PROSE	P	7	8	DEFINITE_SPACE	DEFINITE_SPACE	qotee@152;y	qotee y	2	8,9	8	9	qotee	y	MULTI_ASCII_FRAGMENT	MULTI_FRAGMENT_MIXED_RETAINED_OMITTED
RF1b|f82r.6|G009	RF1b	f82r.6	f82r	CONFIRMED_PROSE	P	9	9	DEFINITE_SPACE	LINE_END	ched@221;l	ched l	2	9,10	9,10		ched l		MULTI_ASCII_FRAGMENT	MULTI_FRAGMENT_ALL_RETAINED
RF1b|f82r.8|G003	RF1b	f82r.8	f82r	CONFIRMED_PROSE	P	3	9	DEFINITE_SPACE	DEFINITE_SPACE	qoke@152;y	qoke y	2	3,4	3	4	qoke	y	MULTI_ASCII_FRAGMENT	MULTI_FRAGMENT_MIXED_RETAINED_OMITTED
RF1b|f82r.8|G008	RF1b	f82r.8	f82r	CONFIRMED_PROSE	P	8	9	DEFINITE_SPACE	DEFINITE_SPACE	che@152;y	che y	2	9,10	9	10	che	y	MULTI_ASCII_FRAGMENT	MULTI_FRAGMENT_MIXED_RETAINED_OMITTED
RF1b|f82r.9|G003	RF1b	f82r.9	f82r	CONFIRMED_PROSE	P	3	6	DEFINITE_SPACE	DEFINITE_SPACE	chke@152;y	chke y	2	3,4	3	4	chke	y	MULTI_ASCII_FRAGMENT	MULTI_FRAGMENT_MIXED_RETAINED_OMITTED
RF1b|f82v.13|G001	RF1b	f82v.13	f82v	CONFIRMED_PROSE	P	1	8	LINE_START	DEFINITE_SPACE	tche@152;y	tche y	2	1,2	1	2	tche	y	MULTI_ASCII_FRAGMENT	MULTI_FRAGMENT_MIXED_RETAINED_OMITTED
RF1b|f82v.17|G002	RF1b	f82v.17	f82v	CONFIRMED_PROSE	P	2	10	DEFINITE_SPACE	DEFINITE_SPACE	she@152;y	she y	2	2,3	2	3	she	y	MULTI_ASCII_FRAGMENT	MULTI_FRAGMENT_MIXED_RETAINED_OMITTED
RF1b|f82v.17|G009	RF1b	f82v.17	f82v	CONFIRMED_PROSE	P	9	10	DEFINITE_SPACE	DEFINITE_SPACE	chte@152;y	chte y	2	10,11	10	11	chte	y	MULTI_ASCII_FRAGMENT	MULTI_FRAGMENT_MIXED_RETAINED_OMITTED
RF1b|f82v.18|G003	RF1b	f82v.18	f82v	CONFIRMED_PROSE	P	3	10	DEFINITE_SPACE	DEFINITE_SPACE	che@152;y	che y	2	3,4	3	4	che	y	MULTI_ASCII_FRAGMENT	MULTI_FRAGMENT_MIXED_RETAINED_OMITTED
RF1b|f82v.19|G006	RF1b	f82v.19	f82v	CONFIRMED_PROSE	P	6	11	DEFINITE_SPACE	DEFINITE_SPACE	ch@152;y	ch y	2	6,7	6	7	ch	y	MULTI_ASCII_FRAGMENT	MULTI_FRAGMENT_MIXED_RETAINED_OMITTED
RF1b|f82v.23|G005	RF1b	f82v.23	f82v	CONFIRMED_PROSE	P	5	7	DEFINITE_SPACE	DEFINITE_SPACE	@221;lkee@152;y	lkee y	2	5,6	5	6	lkee	y	MULTI_ASCII_FRAGMENT	MULTI_FRAGMENT_MIXED_RETAINED_OMITTED
RF1b|f82v.24|G009	RF1b	f82v.24	f82v	CONFIRMED_PROSE	P	9	9	DEFINITE_SPACE	LINE_END	l@152;l	l l	2	9,10	9,10		l l		MULTI_ASCII_FRAGMENT	MULTI_FRAGMENT_ALL_RETAINED
RF1b|f82v.26|G004	RF1b	f82v.26	f82v	CONFIRMED_PROSE	P	4	9	DEFINITE_SPACE	DEFINITE_SPACE	ch@221;l	ch l	2	4,5	4,5		ch l		MULTI_ASCII_FRAGMENT	MULTI_FRAGMENT_ALL_RETAINED
RF1b|f82v.27|G006	RF1b	f82v.27	f82v	CONFIRMED_PROSE	P	6	6	DEFINITE_SPACE	LINE_END	{ch'}e@152;y	e y	2	6,7	6	7	e	y	MULTI_ASCII_FRAGMENT	MULTI_FRAGMENT_MIXED_RETAINED_OMITTED
RF1b|f82v.29|G006	RF1b	f82v.29	f82v	CONFIRMED_PROSE	P	6	8	DEFINITE_SPACE	DEFINITE_SPACE	olkee@152;y	olkee y	2	6,7	6	7	olkee	y	MULTI_ASCII_FRAGMENT	MULTI_FRAGMENT_MIXED_RETAINED_OMITTED
RF1b|f82v.29|G007	RF1b	f82v.29	f82v	CONFIRMED_PROSE	P	7	8	DEFINITE_SPACE	DEFINITE_SPACE	qokeche@152;y	qokeche y	2	8,9	8	9	qokeche	y	MULTI_ASCII_FRAGMENT	MULTI_FRAGMENT_MIXED_RETAINED_OMITTED
RF1b|f82v.30|G011	RF1b	f82v.30	f82v	CONFIRMED_PROSE	P	11	11	UNCERTAIN_SMALL_SPACE	LINE_END	d@221;r	d r	2	11,12	11,12		d r		MULTI_ASCII_FRAGMENT	MULTI_FRAGMENT_ALL_RETAINED
RF1b|f82v.39|G001	RF1b	f82v.39	f82v	DIAGNOSTIC_NONPROSE	L	1	1	LINE_START	LINE_END	olkee@152;y	olkee y	2	1,2	1	2	olkee	y	MULTI_ASCII_FRAGMENT	MULTI_FRAGMENT_MIXED_RETAINED_OMITTED
RF1b|f82v.47|G001	RF1b	f82v.47	f82v	DIAGNOSTIC_NONPROSE	L	1	1	LINE_START	LINE_END	ote@152;@221;l	ote l	2	1,2	1,2		ote l		MULTI_ASCII_FRAGMENT	MULTI_FRAGMENT_ALL_RETAINED
RF1b|f82v.8|G006	RF1b	f82v.8	f82v	CONFIRMED_PROSE	P	6	10	DEFINITE_SPACE	DEFINITE_SPACE	qoke@152;y	qoke y	2	6,7	6	7	qoke	y	MULTI_ASCII_FRAGMENT	MULTI_FRAGMENT_MIXED_RETAINED_OMITTED
RF1b|f82v.9|G002	RF1b	f82v.9	f82v	CONFIRMED_PROSE	P	2	9	DEFINITE_SPACE	DEFINITE_SPACE	lche@152;y	lche y	2	2,3	2	3	lche	y	MULTI_ASCII_FRAGMENT	MULTI_FRAGMENT_MIXED_RETAINED_OMITTED
RF1b|f83r.1|G002	RF1b	f83r.1	f83r	CONFIRMED_PROSE	P	2	7	DEFINITE_SPACE	DEFINITE_SPACE	lpche@152;y	lpche y	2	2,3	2	3	lpche	y	MULTI_ASCII_FRAGMENT	MULTI_FRAGMENT_MIXED_RETAINED_OMITTED
RF1b|f83r.1|G005	RF1b	f83r.1	f83r	CONFIRMED_PROSE	P	5	7	DEFINITE_SPACE	DEFINITE_SPACE	pche@152;ar	pche ar	2	6,7	6,7		pche ar		MULTI_ASCII_FRAGMENT	MULTI_FRAGMENT_ALL_RETAINED
RF1b|f83r.1|G006	RF1b	f83r.1	f83r	CONFIRMED_PROSE	P	6	7	DEFINITE_SPACE	DEFINITE_SPACE	she@152;y	she y	2	8,9	8	9	she	y	MULTI_ASCII_FRAGMENT	MULTI_FRAGMENT_MIXED_RETAINED_OMITTED
RF1b|f83r.15|G008	RF1b	f83r.15	f83r	CONFIRMED_PROSE	P	8	9	DEFINITE_SPACE	DEFINITE_SPACE	qotche@152;y	qotche y	2	8,9	8	9	qotche	y	MULTI_ASCII_FRAGMENT	MULTI_FRAGMENT_MIXED_RETAINED_OMITTED
RF1b|f83r.15|G009	RF1b	f83r.15	f83r	CONFIRMED_PROSE	P	9	9	DEFINITE_SPACE	LINE_END	lche@152;y	lche y	2	10,11	10	11	lche	y	MULTI_ASCII_FRAGMENT	MULTI_FRAGMENT_MIXED_RETAINED_OMITTED
RF1b|f83r.16|G005	RF1b	f83r.16	f83r	CONFIRMED_PROSE	P	5	8	DEFINITE_SPACE	DEFINITE_SPACE	che@152;y	che y	2	5,6	5	6	che	y	MULTI_ASCII_FRAGMENT	MULTI_FRAGMENT_MIXED_RETAINED_OMITTED
RF1b|f83r.19|G002	RF1b	f83r.19	f83r	CONFIRMED_PROSE	P	2	12	DEFINITE_SPACE	DEFINITE_SPACE	she@152;aiin	she aiin	2	2,3	2,3		she aiin		MULTI_ASCII_FRAGMENT	MULTI_FRAGMENT_ALL_RETAINED
RF1b|f83r.19|G006	RF1b	f83r.19	f83r	CONFIRMED_PROSE	P	6	12	DEFINITE_SPACE	DEFINITE_SPACE	she@152;y	she y	2	7,8	7	8	she	y	MULTI_ASCII_FRAGMENT	MULTI_FRAGMENT_MIXED_RETAINED_OMITTED
RF1b|f83r.19|G009	RF1b	f83r.19	f83r	CONFIRMED_PROSE	P	9	12	DEFINITE_SPACE	DEFINITE_SPACE	she@152;y	she y	2	11,12	11	12	she	y	MULTI_ASCII_FRAGMENT	MULTI_FRAGMENT_MIXED_RETAINED_OMITTED
RF1b|f83r.2|G007	RF1b	f83r.2	f83r	CONFIRMED_PROSE	P	7	11	DEFINITE_SPACE	DEFINITE_SPACE	qotee@152;y	qotee y	2	7,8	7	8	qotee	y	MULTI_ASCII_FRAGMENT	MULTI_FRAGMENT_MIXED_RETAINED_OMITTED
RF1b|f83r.2|G011	RF1b	f83r.2	f83r	CONFIRMED_PROSE	P	11	11	DEFINITE_SPACE	LINE_END	d@221;r	d r	2	12,13	12,13		d r		MULTI_ASCII_FRAGMENT	MULTI_FRAGMENT_ALL_RETAINED
RF1b|f83r.20|G007	RF1b	f83r.20	f83r	CONFIRMED_PROSE	P	7	9	DEFINITE_SPACE	DEFINITE_SPACE	qoke@152;y	qoke y	2	7,8	7	8	qoke	y	MULTI_ASCII_FRAGMENT	MULTI_FRAGMENT_MIXED_RETAINED_OMITTED
RF1b|f83r.21|G003	RF1b	f83r.21	f83r	CONFIRMED_PROSE	P	3	9	DEFINITE_SPACE	DEFINITE_SPACE	ote@152;y	ote y	2	3,4	3	4	ote	y	MULTI_ASCII_FRAGMENT	MULTI_FRAGMENT_MIXED_RETAINED_OMITTED
RF1b|f83r.22|G006	RF1b	f83r.22	f83r	CONFIRMED_PROSE	P	6	9	DEFINITE_SPACE	DEFINITE_SPACE	qote@152;aiin	qote aiin	2	6,7	6,7		qote aiin		MULTI_ASCII_FRAGMENT	MULTI_FRAGMENT_ALL_RETAINED
RF1b|f83r.22|G008	RF1b	f83r.22	f83r	CONFIRMED_PROSE	P	8	9	DEFINITE_SPACE	DEFINITE_SPACE	ote@152;y	ote y	2	9,10	9	10	ote	y	MULTI_ASCII_FRAGMENT	MULTI_FRAGMENT_MIXED_RETAINED_OMITTED
RF1b|f83r.23|G008	RF1b	f83r.23	f83r	CONFIRMED_PROSE	P	8	9	DEFINITE_SPACE	DEFINITE_SPACE	ot@221;r	ot r	2	8,9	8,9		ot r		MULTI_ASCII_FRAGMENT	MULTI_FRAGMENT_ALL_RETAINED
RF1b|f83r.23|G009	RF1b	f83r.23	f83r	CONFIRMED_PROSE	P	9	9	DEFINITE_SPACE	LINE_END	che@152;y	che y	2	10,11	10	11	che	y	MULTI_ASCII_FRAGMENT	MULTI_FRAGMENT_MIXED_RETAINED_OMITTED
RF1b|f83r.26|G005	RF1b	f83r.26	f83r	CONFIRMED_PROSE	P	5	6	DEFINITE_SPACE	DEFINITE_SPACE	she@152;y	she y	2	5,6	5	6	she	y	MULTI_ASCII_FRAGMENT	MULTI_FRAGMENT_MIXED_RETAINED_OMITTED
RF1b|f83r.29|G001	RF1b	f83r.29	f83r	CONFIRMED_PROSE	P	1	5	LINE_START	DEFINITE_SPACE	solche'@152;y	solche y	2	1,2	1	2	solche	y	MULTI_ASCII_FRAGMENT	MULTI_FRAGMENT_MIXED_RETAINED_OMITTED
RF1b|f83r.34|G002	RF1b	f83r.34	f83r	CONFIRMED_PROSE	P	2	4	DEFINITE_SPACE	DEFINITE_SPACE	lche@152;y	lche y	2	2,3	2	3	lche	y	MULTI_ASCII_FRAGMENT	MULTI_FRAGMENT_MIXED_RETAINED_OMITTED
RF1b|f83r.37|G002	RF1b	f83r.37	f83r	CONFIRMED_PROSE	P	2	5	DEFINITE_SPACE	DEFINITE_SPACE	lke@152;y	lke y	2	2,3	2	3	lke	y	MULTI_ASCII_FRAGMENT	MULTI_FRAGMENT_MIXED_RETAINED_OMITTED
RF1b|f83r.4|G002	RF1b	f83r.4	f83r	CONFIRMED_PROSE	P	2	9	DEFINITE_SPACE	DEFINITE_SPACE	che@152;y	che y	2	2,3	2	3	che	y	MULTI_ASCII_FRAGMENT	MULTI_FRAGMENT_MIXED_RETAINED_OMITTED
RF1b|f83r.4|G004	RF1b	f83r.4	f83r	CONFIRMED_PROSE	P	4	9	DEFINITE_SPACE	DEFINITE_SPACE	chke@152;y	chke y	2	5,6	5	6	chke	y	MULTI_ASCII_FRAGMENT	MULTI_FRAGMENT_MIXED_RETAINED_OMITTED
RF1b|f83r.40|G003	RF1b	f83r.40	f83r	CONFIRMED_PROSE	P	3	4	DEFINITE_SPACE	DEFINITE_SPACE	olche@152;y	olche y	2	3,4	3	4	olche	y	MULTI_ASCII_FRAGMENT	MULTI_FRAGMENT_MIXED_RETAINED_OMITTED
RF1b|f83r.40|G004	RF1b	f83r.40	f83r	CONFIRMED_PROSE	P	4	4	DEFINITE_SPACE	LINE_END	che@152;aiin	che aiin	2	5,6	5,6		che aiin		MULTI_ASCII_FRAGMENT	MULTI_FRAGMENT_ALL_RETAINED
RF1b|f83r.42|G003	RF1b	f83r.42	f83r	CONFIRMED_PROSE	P	3	6	DEFINITE_SPACE	DEFINITE_SPACE	chcth@152;y	chcth y	2	3,4	3	4	chcth	y	MULTI_ASCII_FRAGMENT	MULTI_FRAGMENT_MIXED_RETAINED_OMITTED
RF1b|f83r.5|G006	RF1b	f83r.5	f83r	CONFIRMED_PROSE	P	6	10	DEFINITE_SPACE	DEFINITE_SPACE	she@152;y	she y	2	6,7	6	7	she	y	MULTI_ASCII_FRAGMENT	MULTI_FRAGMENT_MIXED_RETAINED_OMITTED
RF1b|f83r.50|G001	RF1b	f83r.50	f83r	DIAGNOSTIC_NONPROSE	L	1	1	LINE_START	LINE_END	s@221;roldal	s roldal	2	1,2	1,2		s roldal		MULTI_ASCII_FRAGMENT	MULTI_FRAGMENT_ALL_RETAINED
RF1b|f83r.55|G004	RF1b	f83r.55	f83r	CONFIRMED_PROSE	P	4	4	DEFINITE_SPACE	LINE_END	cth@221;l	cth l	2	4,5	4,5		cth l		MULTI_ASCII_FRAGMENT	MULTI_FRAGMENT_ALL_RETAINED
RF1b|f83v.11|G004	RF1b	f83v.11	f83v	CONFIRMED_PROSE	P	4	10	DEFINITE_SPACE	DRAWING_INTERRUPTION	she@152;al	she al	2	4,5	4,5		she al		MULTI_ASCII_FRAGMENT	MULTI_FRAGMENT_ALL_RETAINED
RF1b|f83v.11|G006	RF1b	f83v.11	f83v	CONFIRMED_PROSE	P	6	10	DEFINITE_SPACE	DEFINITE_SPACE	qoke@152;y	qoke y	2	7,8	7	8	qoke	y	MULTI_ASCII_FRAGMENT	MULTI_FRAGMENT_MIXED_RETAINED_OMITTED
RF1b|f83v.13|G008	RF1b	f83v.13	f83v	CONFIRMED_PROSE	P	8	13	DEFINITE_SPACE	DEFINITE_SPACE	che@152;y	che y	2	8,9	8	9	che	y	MULTI_ASCII_FRAGMENT	MULTI_FRAGMENT_MIXED_RETAINED_OMITTED
RF1b|f83v.13|G011	RF1b	f83v.13	f83v	CONFIRMED_PROSE	P	11	13	DEFINITE_SPACE	DEFINITE_SPACE	che@221;r	che r	2	12,13	12,13		che r		MULTI_ASCII_FRAGMENT	MULTI_FRAGMENT_ALL_RETAINED
RF1b|f83v.14|G006	RF1b	f83v.14	f83v	CONFIRMED_PROSE	P	6	11	DEFINITE_SPACE	DEFINITE_SPACE	qolch@152;y	qolch y	2	6,7	6	7	qolch	y	MULTI_ASCII_FRAGMENT	MULTI_FRAGMENT_MIXED_RETAINED_OMITTED
RF1b|f83v.14|G010	RF1b	f83v.14	f83v	CONFIRMED_PROSE	P	10	11	DEFINITE_SPACE	DEFINITE_SPACE	qoke@221;r	qoke r	2	11,12	11,12		qoke r		MULTI_ASCII_FRAGMENT	MULTI_FRAGMENT_ALL_RETAINED
RF1b|f83v.17|G002	RF1b	f83v.17	f83v	CONFIRMED_PROSE	P	2	9	DEFINITE_SPACE	DEFINITE_SPACE	chee@221;l	chee l	2	2,3	2,3		chee l		MULTI_ASCII_FRAGMENT	MULTI_FRAGMENT_ALL_RETAINED
RF1b|f83v.17|G006	RF1b	f83v.17	f83v	CONFIRMED_PROSE	P	6	9	DEFINITE_SPACE	DEFINITE_SPACE	chee@152;y	chee y	2	7,8	7	8	chee	y	MULTI_ASCII_FRAGMENT	MULTI_FRAGMENT_MIXED_RETAINED_OMITTED
RF1b|f83v.18|G002	RF1b	f83v.18	f83v	CONFIRMED_PROSE	P	2	9	DEFINITE_SPACE	DEFINITE_SPACE	olkee@152;y	olkee y	2	2,3	2	3	olkee	y	MULTI_ASCII_FRAGMENT	MULTI_FRAGMENT_MIXED_RETAINED_OMITTED
RF1b|f83v.20|G005	RF1b	f83v.20	f83v	CONFIRMED_PROSE	P	5	8	DEFINITE_SPACE	DEFINITE_SPACE	te@152;y	te y	2	5,6	5	6	te	y	MULTI_ASCII_FRAGMENT	MULTI_FRAGMENT_MIXED_RETAINED_OMITTED
RF1b|f83v.21|G005	RF1b	f83v.21	f83v	CONFIRMED_PROSE	P	5	6	DEFINITE_SPACE	DEFINITE_SPACE	olkee@152;y	olkee y	2	5,6	5	6	olkee	y	MULTI_ASCII_FRAGMENT	MULTI_FRAGMENT_MIXED_RETAINED_OMITTED
RF1b|f83v.26|G005	RF1b	f83v.26	f83v	CONFIRMED_PROSE	P	5	7	DEFINITE_SPACE	DEFINITE_SPACE	{ch'}e@152;y	e y	2	5,6	5	6	e	y	MULTI_ASCII_FRAGMENT	MULTI_FRAGMENT_MIXED_RETAINED_OMITTED
RF1b|f83v.29|G003	RF1b	f83v.29	f83v	CONFIRMED_PROSE	P	3	7	DEFINITE_SPACE	DEFINITE_SPACE	{ch'}e@152;y	e y	2	3,4	3	4	e	y	MULTI_ASCII_FRAGMENT	MULTI_FRAGMENT_MIXED_RETAINED_OMITTED
RF1b|f83v.3|G006	RF1b	f83v.3	f83v	CONFIRMED_PROSE	P	6	10	DEFINITE_SPACE	DEFINITE_SPACE	qot@221;ldy	qot ldy	2	6,7	6,7		qot ldy		MULTI_ASCII_FRAGMENT	MULTI_FRAGMENT_ALL_RETAINED
RF1b|f83v.30|G002	RF1b	f83v.30	f83v	CONFIRMED_PROSE	P	2	6	DEFINITE_SPACE	DEFINITE_SPACE	che@152;y	che y	2	2,3	2	3	che	y	MULTI_ASCII_FRAGMENT	MULTI_FRAGMENT_MIXED_RETAINED_OMITTED
RF1b|f83v.32|G005	RF1b	f83v.32	f83v	CONFIRMED_PROSE	P	5	6	DEFINITE_SPACE	DEFINITE_SPACE	qok@221;l	qok l	2	5,6	5,6		qok l		MULTI_ASCII_FRAGMENT	MULTI_FRAGMENT_ALL_RETAINED
RF1b|f83v.4|G005	RF1b	f83v.4	f83v	CONFIRMED_PROSE	P	5	10	DEFINITE_SPACE	DEFINITE_SPACE	qote@152;y	qote y	2	5,6	5	6	qote	y	MULTI_ASCII_FRAGMENT	MULTI_FRAGMENT_MIXED_RETAINED_OMITTED
RF1b|f83v.5|G006	RF1b	f83v.5	f83v	CONFIRMED_PROSE	P	6	10	DEFINITE_SPACE	DEFINITE_SPACE	d@221;iin	d iin	2	6,7	6,7		d iin		MULTI_ASCII_FRAGMENT	MULTI_FRAGMENT_ALL_RETAINED
RF1b|f83v.6|G001	RF1b	f83v.6	f83v	CONFIRMED_PROSE	P	1	11	LINE_START	DEFINITE_SPACE	che@152;y	che y	2	1,2	1	2	che	y	MULTI_ASCII_FRAGMENT	MULTI_FRAGMENT_MIXED_RETAINED_OMITTED
RF1b|f83v.7|G006	RF1b	f83v.7	f83v	CONFIRMED_PROSE	P	6	10	DEFINITE_SPACE	DEFINITE_SPACE	d@221;l	d l	2	6,7	6,7		d l		MULTI_ASCII_FRAGMENT	MULTI_FRAGMENT_ALL_RETAINED
RF1b|f83v.7|G008	RF1b	f83v.7	f83v	CONFIRMED_PROSE	P	8	10	DEFINITE_SPACE	DEFINITE_SPACE	oltshe@152;y	oltshe y	2	9,10	9	10	oltshe	y	MULTI_ASCII_FRAGMENT	MULTI_FRAGMENT_MIXED_RETAINED_OMITTED
RF1b|f84r.13|G010	RF1b	f84r.13	f84r	CONFIRMED_PROSE	P	10	12	DEFINITE_SPACE	DEFINITE_SPACE	qote@152;y	qote y	2	10,11	10	11	qote	y	MULTI_ASCII_FRAGMENT	MULTI_FRAGMENT_MIXED_RETAINED_OMITTED
RF1b|f84r.14|G004	RF1b	f84r.14	f84r	CONFIRMED_PROSE	P	4	16	DEFINITE_SPACE	DEFINITE_SPACE	chckh@152;y	chckh y	2	4,5	4	5	chckh	y	MULTI_ASCII_FRAGMENT	MULTI_FRAGMENT_MIXED_RETAINED_OMITTED
RF1b|f84r.15|G004	RF1b	f84r.15	f84r	CONFIRMED_PROSE	P	4	13	DEFINITE_SPACE	DEFINITE_SPACE	qoke@152;y	qoke y	2	4,5	4	5	qoke	y	MULTI_ASCII_FRAGMENT	MULTI_FRAGMENT_MIXED_RETAINED_OMITTED
RF1b|f84r.15|G005	RF1b	f84r.15	f84r	CONFIRMED_PROSE	P	5	13	DEFINITE_SPACE	DEFINITE_SPACE	qokee@152;y	qokee y	2	6,7	6	7	qokee	y	MULTI_ASCII_FRAGMENT	MULTI_FRAGMENT_MIXED_RETAINED_OMITTED
RF1b|f84r.15|G006	RF1b	f84r.15	f84r	CONFIRMED_PROSE	P	6	13	DEFINITE_SPACE	DEFINITE_SPACE	qoke@152;y	qoke y	2	8,9	8	9	qoke	y	MULTI_ASCII_FRAGMENT	MULTI_FRAGMENT_MIXED_RETAINED_OMITTED
RF1b|f84r.15|G007	RF1b	f84r.15	f84r	CONFIRMED_PROSE	P	7	13	DEFINITE_SPACE	DEFINITE_SPACE	che@152;y	che y	2	10,11	10	11	che	y	MULTI_ASCII_FRAGMENT	MULTI_FRAGMENT_MIXED_RETAINED_OMITTED
RF1b|f84r.16|G002	RF1b	f84r.16	f84r	CONFIRMED_PROSE	P	2	9	DEFINITE_SPACE	DEFINITE_SPACE	she@152;ytedy	she ytedy	2	2,3	2,3		she ytedy		MULTI_ASCII_FRAGMENT	MULTI_FRAGMENT_ALL_RETAINED
RF1b|f84r.16|G009	RF1b	f84r.16	f84r	CONFIRMED_PROSE	P	9	9	DEFINITE_SPACE	LINE_END	olke@152;y	olke y	2	10,11	10	11	olke	y	MULTI_ASCII_FRAGMENT	MULTI_FRAGMENT_MIXED_RETAINED_OMITTED
RF1b|f84r.17|G011	RF1b	f84r.17	f84r	CONFIRMED_PROSE	P	11	13	DEFINITE_SPACE	DEFINITE_SPACE	teyqoke@152;y	teyqoke y	2	11,12	11	12	teyqoke	y	MULTI_ASCII_FRAGMENT	MULTI_FRAGMENT_MIXED_RETAINED_OMITTED
RF1b|f84r.18|G004	RF1b	f84r.18	f84r	CONFIRMED_PROSE	P	4	13	DEFINITE_SPACE	DEFINITE_SPACE	qoke@152;y	qoke y	2	4,5	4	5	qoke	y	MULTI_ASCII_FRAGMENT	MULTI_FRAGMENT_MIXED_RETAINED_OMITTED
RF1b|f84r.18|G006	RF1b	f84r.18	f84r	CONFIRMED_PROSE	P	6	13	DEFINITE_SPACE	DEFINITE_SPACE	oke@152;y	oke y	2	7,8	7	8	oke	y	MULTI_ASCII_FRAGMENT	MULTI_FRAGMENT_MIXED_RETAINED_OMITTED
RF1b|f84r.19|G007	RF1b	f84r.19	f84r	CONFIRMED_PROSE	P	7	8	DEFINITE_SPACE	DEFINITE_SPACE	she@152;y	she y	2	7,8	7	8	she	y	MULTI_ASCII_FRAGMENT	MULTI_FRAGMENT_MIXED_RETAINED_OMITTED
RF1b|f84r.19|G008	RF1b	f84r.19	f84r	CONFIRMED_PROSE	P	8	8	DEFINITE_SPACE	LINE_END	s@221;lchedy	s lchedy	2	9,10	9,10		s lchedy		MULTI_ASCII_FRAGMENT	MULTI_FRAGMENT_ALL_RETAINED
RF1b|f84r.21|G012	RF1b	f84r.21	f84r	CONFIRMED_PROSE	P	12	12	DEFINITE_SPACE	LINE_END	she@152;y	she y	2	12,13	12	13	she	y	MULTI_ASCII_FRAGMENT	MULTI_FRAGMENT_MIXED_RETAINED_OMITTED
RF1b|f84r.22|G001	RF1b	f84r.22	f84r	CONFIRMED_PROSE	P	1	13	LINE_START	DEFINITE_SPACE	qotchs@152;y	qotchs y	2	1,2	1	2	qotchs	y	MULTI_ASCII_FRAGMENT	MULTI_FRAGMENT_MIXED_RETAINED_OMITTED
RF1b|f84r.22|G006	RF1b	f84r.22	f84r	CONFIRMED_PROSE	P	6	13	DEFINITE_SPACE	DEFINITE_SPACE	qoke@152;y	qoke y	2	7,8	7	8	qoke	y	MULTI_ASCII_FRAGMENT	MULTI_FRAGMENT_MIXED_RETAINED_OMITTED
RF1b|f84r.22|G009	RF1b	f84r.22	f84r	CONFIRMED_PROSE	P	9	13	DEFINITE_SPACE	DEFINITE_SPACE	che@152;y	che y	2	11,12	11	12	che	y	MULTI_ASCII_FRAGMENT	MULTI_FRAGMENT_MIXED_RETAINED_OMITTED
RF1b|f84r.23|G005	RF1b	f84r.23	f84r	CONFIRMED_PROSE	P	5	14	DEFINITE_SPACE	DEFINITE_SPACE	qote@152;y	qote y	2	5,6	5	6	qote	y	MULTI_ASCII_FRAGMENT	MULTI_FRAGMENT_MIXED_RETAINED_OMITTED
RF1b|f84r.23|G010	RF1b	f84r.23	f84r	CONFIRMED_PROSE	P	10	14	DEFINITE_SPACE	DEFINITE_SPACE	{ch'}e@152;y	e y	2	11,12	11	12	e	y	MULTI_ASCII_FRAGMENT	MULTI_FRAGMENT_MIXED_RETAINED_OMITTED
RF1b|f84r.24|G001	RF1b	f84r.24	f84r	CONFIRMED_PROSE	P	1	13	LINE_START	DEFINITE_SPACE	p@221;l	p l	2	1,2	2	1	l	p	MULTI_ASCII_FRAGMENT	MULTI_FRAGMENT_MIXED_RETAINED_OMITTED
RF1b|f84r.24|G004	RF1b	f84r.24	f84r	CONFIRMED_PROSE	P	4	13	DEFINITE_SPACE	DEFINITE_SPACE	qoke@152;y	qoke y	2	5,6	5	6	qoke	y	MULTI_ASCII_FRAGMENT	MULTI_FRAGMENT_MIXED_RETAINED_OMITTED
RF1b|f84r.24|G011	RF1b	f84r.24	f84r	CONFIRMED_PROSE	P	11	13	UNCERTAIN_SMALL_SPACE	DEFINITE_SPACE	che@152;y	che y	2	13,14	13	14	che	y	MULTI_ASCII_FRAGMENT	MULTI_FRAGMENT_MIXED_RETAINED_OMITTED
RF1b|f84r.25|G001	RF1b	f84r.25	f84r	CONFIRMED_PROSE	P	1	12	LINE_START	DEFINITE_SPACE	pche@152;y	pche y	2	1,2	1	2	pche	y	MULTI_ASCII_FRAGMENT	MULTI_FRAGMENT_MIXED_RETAINED_OMITTED
RF1b|f84r.25|G005	RF1b	f84r.25	f84r	CONFIRMED_PROSE	P	5	12	DEFINITE_SPACE	DEFINITE_SPACE	she@152;y	she y	2	6,7	6	7	she	y	MULTI_ASCII_FRAGMENT	MULTI_FRAGMENT_MIXED_RETAINED_OMITTED
RF1b|f84r.25|G006	RF1b	f84r.25	f84r	CONFIRMED_PROSE	P	6	12	DEFINITE_SPACE	DEFINITE_SPACE	ote@152;y	ote y	2	8,9	8	9	ote	y	MULTI_ASCII_FRAGMENT	MULTI_FRAGMENT_MIXED_RETAINED_OMITTED
RF1b|f84r.26|G006	RF1b	f84r.26	f84r	CONFIRMED_PROSE	P	6	8	DEFINITE_SPACE	DEFINITE_SPACE	sch@152;y	sch y	2	6,7	6	7	sch	y	MULTI_ASCII_FRAGMENT	MULTI_FRAGMENT_MIXED_RETAINED_OMITTED
RF1b|f84r.26|G007	RF1b	f84r.26	f84r	CONFIRMED_PROSE	P	7	8	DEFINITE_SPACE	DEFINITE_SPACE	qokee@152;y	qokee y	2	8,9	8	9	qokee	y	MULTI_ASCII_FRAGMENT	MULTI_FRAGMENT_MIXED_RETAINED_OMITTED
RF1b|f84r.27|G002	RF1b	f84r.27	f84r	CONFIRMED_PROSE	P	2	12	DEFINITE_SPACE	DEFINITE_SPACE	@146;che@152;y	che y	2	2,3	2	3	che	y	MULTI_ASCII_FRAGMENT	MULTI_FRAGMENT_MIXED_RETAINED_OMITTED
RF1b|f84r.27|G008	RF1b	f84r.27	f84r	CONFIRMED_PROSE	P	8	12	DEFINITE_SPACE	DEFINITE_SPACE	qofche@152;y	qofche y	2	9,10	9	10	qofche	y	MULTI_ASCII_FRAGMENT	MULTI_FRAGMENT_MIXED_RETAINED_OMITTED
RF1b|f84r.28|G008	RF1b	f84r.28	f84r	CONFIRMED_PROSE	P	8	12	DEFINITE_SPACE	DEFINITE_SPACE	chke@152;y	chke y	2	8,9	8	9	chke	y	MULTI_ASCII_FRAGMENT	MULTI_FRAGMENT_MIXED_RETAINED_OMITTED
RF1b|f84r.29|G001	RF1b	f84r.29	f84r	CONFIRMED_PROSE	P	1	12	LINE_START	DEFINITE_SPACE	qokee@152;y	qokee y	2	1,2	1	2	qokee	y	MULTI_ASCII_FRAGMENT	MULTI_FRAGMENT_MIXED_RETAINED_OMITTED
RF1b|f84r.29|G004	RF1b	f84r.29	f84r	CONFIRMED_PROSE	P	4	12	DEFINITE_SPACE	DEFINITE_SPACE	olche@152;y	olche y	2	5,6	5	6	olche	y	MULTI_ASCII_FRAGMENT	MULTI_FRAGMENT_MIXED_RETAINED_OMITTED
RF1b|f84r.30|G005	RF1b	f84r.30	f84r	CONFIRMED_PROSE	P	5	13	DEFINITE_SPACE	DEFINITE_SPACE	olch@152;y	olch y	2	5,6	5	6	olch	y	MULTI_ASCII_FRAGMENT	MULTI_FRAGMENT_MIXED_RETAINED_OMITTED
RF1b|f84r.30|G008	RF1b	f84r.30	f84r	CONFIRMED_PROSE	P	8	13	DEFINITE_SPACE	DEFINITE_SPACE	ykee@152;y	ykee y	2	9,10	9	10	ykee	y	MULTI_ASCII_FRAGMENT	MULTI_FRAGMENT_MIXED_RETAINED_OMITTED
RF1b|f84r.30|G012	RF1b	f84r.30	f84r	CONFIRMED_PROSE	P	12	13	DEFINITE_SPACE	DEFINITE_SPACE	she@152;y	she y	2	14,15	14	15	she	y	MULTI_ASCII_FRAGMENT	MULTI_FRAGMENT_MIXED_RETAINED_OMITTED
RF1b|f84r.31|G008	RF1b	f84r.31	f84r	CONFIRMED_PROSE	P	8	13	DEFINITE_SPACE	DEFINITE_SPACE	she@152;y	she y	2	8,9	8	9	she	y	MULTI_ASCII_FRAGMENT	MULTI_FRAGMENT_MIXED_RETAINED_OMITTED
RF1b|f84r.31|G009	RF1b	f84r.31	f84r	CONFIRMED_PROSE	P	9	13	DEFINITE_SPACE	DEFINITE_SPACE	olke@152;y	olke y	2	10,11	10	11	olke	y	MULTI_ASCII_FRAGMENT	MULTI_FRAGMENT_MIXED_RETAINED_OMITTED
RF1b|f84r.31|G010	RF1b	f84r.31	f84r	CONFIRMED_PROSE	P	10	13	DEFINITE_SPACE	DEFINITE_SPACE	qoke@152;y	qoke y	2	12,13	12	13	qoke	y	MULTI_ASCII_FRAGMENT	MULTI_FRAGMENT_MIXED_RETAINED_OMITTED
RF1b|f84r.31|G012	RF1b	f84r.31	f84r	CONFIRMED_PROSE	P	12	13	DEFINITE_SPACE	DEFINITE_SPACE	che@152;y	che y	2	15,16	15	16	che	y	MULTI_ASCII_FRAGMENT	MULTI_FRAGMENT_MIXED_RETAINED_OMITTED
RF1b|f84r.32|G005	RF1b	f84r.32	f84r	CONFIRMED_PROSE	P	5	12	DEFINITE_SPACE	DEFINITE_SPACE	olke@152;y	olke y	2	5,6	5	6	olke	y	MULTI_ASCII_FRAGMENT	MULTI_FRAGMENT_MIXED_RETAINED_OMITTED
RF1b|f84r.32|G008	RF1b	f84r.32	f84r	CONFIRMED_PROSE	P	8	12	DEFINITE_SPACE	DEFINITE_SPACE	cht@221;l	cht l	2	9,10	9,10		cht l		MULTI_ASCII_FRAGMENT	MULTI_FRAGMENT_ALL_RETAINED
RF1b|f84r.32|G009	RF1b	f84r.32	f84r	CONFIRMED_PROSE	P	9	12	DEFINITE_SPACE	DEFINITE_SPACE	te@152;y	te y	2	11,12	11	12	te	y	MULTI_ASCII_FRAGMENT	MULTI_FRAGMENT_MIXED_RETAINED_OMITTED
RF1b|f84r.33|G002	RF1b	f84r.33	f84r	CONFIRMED_PROSE	P	2	14	DEFINITE_SPACE	DEFINITE_SPACE	tch@152;y	tch y	2	2,3	2	3	tch	y	MULTI_ASCII_FRAGMENT	MULTI_FRAGMENT_MIXED_RETAINED_OMITTED
RF1b|f84r.33|G003	RF1b	f84r.33	f84r	CONFIRMED_PROSE	P	3	14	DEFINITE_SPACE	DEFINITE_SPACE	te@152;y	te y	2	4,5	4	5	te	y	MULTI_ASCII_FRAGMENT	MULTI_FRAGMENT_MIXED_RETAINED_OMITTED
RF1b|f84r.33|G008	RF1b	f84r.33	f84r	CONFIRMED_PROSE	P	8	14	DEFINITE_SPACE	DEFINITE_SPACE	te@152;y	te y	2	10,11	10	11	te	y	MULTI_ASCII_FRAGMENT	MULTI_FRAGMENT_MIXED_RETAINED_OMITTED
RF1b|f84r.33|G010	RF1b	f84r.33	f84r	CONFIRMED_PROSE	P	10	14	DEFINITE_SPACE	DEFINITE_SPACE	ke@152;y	ke y	2	13,14	13	14	ke	y	MULTI_ASCII_FRAGMENT	MULTI_FRAGMENT_MIXED_RETAINED_OMITTED
RF1b|f84r.34|G002	RF1b	f84r.34	f84r	CONFIRMED_PROSE	P	2	11	DEFINITE_SPACE	DEFINITE_SPACE	s@221;r	s r	2	2,3	2,3		s r		MULTI_ASCII_FRAGMENT	MULTI_FRAGMENT_ALL_RETAINED
RF1b|f84r.34|G005	RF1b	f84r.34	f84r	CONFIRMED_PROSE	P	5	11	DEFINITE_SPACE	DEFINITE_SPACE	daral@152;y	daral y	2	6,7	6	7	daral	y	MULTI_ASCII_FRAGMENT	MULTI_FRAGMENT_MIXED_RETAINED_OMITTED
RF1b|f84r.34|G006	RF1b	f84r.34	f84r	CONFIRMED_PROSE	P	6	11	DEFINITE_SPACE	DEFINITE_SPACE	ote@152;aiin	ote aiin	2	8,9	8,9		ote aiin		MULTI_ASCII_FRAGMENT	MULTI_FRAGMENT_ALL_RETAINED
RF1b|f84r.36|G012	RF1b	f84r.36	f84r	CONFIRMED_PROSE	P	12	14	DEFINITE_SPACE	DEFINITE_SPACE	oke@152;ar	oke ar	2	12,13	12,13		oke ar		MULTI_ASCII_FRAGMENT	MULTI_FRAGMENT_ALL_RETAINED
RF1b|f84r.37|G001	RF1b	f84r.37	f84r	CONFIRMED_PROSE	P	1	8	LINE_START	DEFINITE_SPACE	qotee@152;y	qotee y	2	1,2	1	2	qotee	y	MULTI_ASCII_FRAGMENT	MULTI_FRAGMENT_MIXED_RETAINED_OMITTED
RF1b|f84r.37|G006	RF1b	f84r.37	f84r	CONFIRMED_PROSE	P	6	8	DEFINITE_SPACE	DEFINITE_SPACE	d@221;l	d l	2	7,8	7,8		d l		MULTI_ASCII_FRAGMENT	MULTI_FRAGMENT_ALL_RETAINED
RF1b|f84r.38|G003	RF1b	f84r.38	f84r	CONFIRMED_PROSE	P	3	8	DEFINITE_SPACE	DEFINITE_SPACE	lshe@152;y	lshe y	2	3,4	3	4	lshe	y	MULTI_ASCII_FRAGMENT	MULTI_FRAGMENT_MIXED_RETAINED_OMITTED
RF1b|f84r.38|G005	RF1b	f84r.38	f84r	CONFIRMED_PROSE	P	5	8	DEFINITE_SPACE	DEFINITE_SPACE	d@221;l	d l	2	6,7	6,7		d l		MULTI_ASCII_FRAGMENT	MULTI_FRAGMENT_ALL_RETAINED
RF1b|f84r.38|G006	RF1b	f84r.38	f84r	CONFIRMED_PROSE	P	6	8	DEFINITE_SPACE	DEFINITE_SPACE	ote@152;y	ote y	2	8,9	8	9	ote	y	MULTI_ASCII_FRAGMENT	MULTI_FRAGMENT_MIXED_RETAINED_OMITTED
RF1b|f84r.39|G003	RF1b	f84r.39	f84r	CONFIRMED_PROSE	P	3	6	DEFINITE_SPACE	DEFINITE_SPACE	qoke@152;y	qoke y	2	3,4	3	4	qoke	y	MULTI_ASCII_FRAGMENT	MULTI_FRAGMENT_MIXED_RETAINED_OMITTED
RF1b|f84r.39|G004	RF1b	f84r.39	f84r	CONFIRMED_PROSE	P	4	6	DEFINITE_SPACE	DEFINITE_SPACE	che@152;y	che y	2	5,6	5	6	che	y	MULTI_ASCII_FRAGMENT	MULTI_FRAGMENT_MIXED_RETAINED_OMITTED
RF1b|f84r.40|G002	RF1b	f84r.40	f84r	CONFIRMED_PROSE	P	2	6	DEFINITE_SPACE	DEFINITE_SPACE	dke@152;y	dke y	2	2,3	2	3	dke	y	MULTI_ASCII_FRAGMENT	MULTI_FRAGMENT_MIXED_RETAINED_OMITTED
RF1b|f84r.40|G003	RF1b	f84r.40	f84r	CONFIRMED_PROSE	P	3	6	DEFINITE_SPACE	DEFINITE_SPACE	ol{ch'}e@152;y	ole y	2	4,5	4	5	ole	y	MULTI_ASCII_FRAGMENT	MULTI_FRAGMENT_MIXED_RETAINED_OMITTED
RF1b|f84r.43|G006	RF1b	f84r.43	f84r	CONFIRMED_PROSE	P	6	6	DEFINITE_SPACE	LINE_END	okee@152;y	okee y	2	6,7	6	7	okee	y	MULTI_ASCII_FRAGMENT	MULTI_FRAGMENT_MIXED_RETAINED_OMITTED
RF1b|f84r.44|G001	RF1b	f84r.44	f84r	CONFIRMED_PROSE	P	1	7	LINE_START	DEFINITE_SPACE	yke@152;y	yke y	2	1,2	1	2	yke	y	MULTI_ASCII_FRAGMENT	MULTI_FRAGMENT_MIXED_RETAINED_OMITTED
RF1b|f84r.45|G001	RF1b	f84r.45	f84r	CONFIRMED_PROSE	P	1	6	LINE_START	DEFINITE_SPACE	yteolche@152;y	yteolche y	2	1,2	1	2	yteolche	y	MULTI_ASCII_FRAGMENT	MULTI_FRAGMENT_MIXED_RETAINED_OMITTED
RF1b|f84r.46|G006	RF1b	f84r.46	f84r	CONFIRMED_PROSE	P	6	6	DEFINITE_SPACE	LINE_END	oke@152;y	oke y	2	6,7	6	7	oke	y	MULTI_ASCII_FRAGMENT	MULTI_FRAGMENT_MIXED_RETAINED_OMITTED
RF1b|f84r.9|G001	RF1b	f84r.9	f84r	DIAGNOSTIC_NONPROSE	L	1	1	LINE_START	LINE_END	lk@221;l	lk l	2	1,2	1,2		lk l		MULTI_ASCII_FRAGMENT	MULTI_FRAGMENT_ALL_RETAINED
RF1b|f84v.1|G001	RF1b	f84v.1	f84v	CONFIRMED_PROSE	P	1	6	LINE_START	DEFINITE_SPACE	ot@152;y	ot y	2	1,2	1	2	ot	y	MULTI_ASCII_FRAGMENT	MULTI_FRAGMENT_MIXED_RETAINED_OMITTED
RF1b|f84v.10|G006	RF1b	f84v.10	f84v	CONFIRMED_PROSE	P	6	7	DEFINITE_SPACE	DEFINITE_SPACE	okee@152;y	okee y	2	6,7	6	7	okee	y	MULTI_ASCII_FRAGMENT	MULTI_FRAGMENT_MIXED_RETAINED_OMITTED
RF1b|f84v.11|G001	RF1b	f84v.11	f84v	CONFIRMED_PROSE	P	1	9	LINE_START	DEFINITE_SPACE	{ch'}e@152;y	e y	2	1,2	1	2	e	y	MULTI_ASCII_FRAGMENT	MULTI_FRAGMENT_MIXED_RETAINED_OMITTED
RF1b|f84v.11|G002	RF1b	f84v.11	f84v	CONFIRMED_PROSE	P	2	9	DEFINITE_SPACE	DEFINITE_SPACE	qoee@152;y	qoee y	2	3,4	3	4	qoee	y	MULTI_ASCII_FRAGMENT	MULTI_FRAGMENT_MIXED_RETAINED_OMITTED
RF1b|f84v.12|G004	RF1b	f84v.12	f84v	CONFIRMED_PROSE	P	4	9	DEFINITE_SPACE	DEFINITE_SPACE	she@152;y	she y	2	4,5	4	5	she	y	MULTI_ASCII_FRAGMENT	MULTI_FRAGMENT_MIXED_RETAINED_OMITTED
RF1b|f84v.12|G007	RF1b	f84v.12	f84v	CONFIRMED_PROSE	P	7	9	DEFINITE_SPACE	DEFINITE_SPACE	olkee@152;y	olkee y	2	8,9	8	9	olkee	y	MULTI_ASCII_FRAGMENT	MULTI_FRAGMENT_MIXED_RETAINED_OMITTED
RF1b|f84v.13|G003	RF1b	f84v.13	f84v	CONFIRMED_PROSE	P	3	10	DEFINITE_SPACE	DEFINITE_SPACE	oke@152;y	oke y	2	3,4	3	4	oke	y	MULTI_ASCII_FRAGMENT	MULTI_FRAGMENT_MIXED_RETAINED_OMITTED
RF1b|f84v.13|G005	RF1b	f84v.13	f84v	CONFIRMED_PROSE	P	5	10	DEFINITE_SPACE	DEFINITE_SPACE	chckhe@152;y	chckhe y	2	6,7	6	7	chckhe	y	MULTI_ASCII_FRAGMENT	MULTI_FRAGMENT_MIXED_RETAINED_OMITTED
RF1b|f84v.14|G005	RF1b	f84v.14	f84v	CONFIRMED_PROSE	P	5	13	DEFINITE_SPACE	DEFINITE_SPACE	ote@152;y	ote y	2	5,6	5	6	ote	y	MULTI_ASCII_FRAGMENT	MULTI_FRAGMENT_MIXED_RETAINED_OMITTED
RF1b|f84v.14|G006	RF1b	f84v.14	f84v	CONFIRMED_PROSE	P	6	13	DEFINITE_SPACE	DEFINITE_SPACE	oke@152;y	oke y	2	7,8	7	8	oke	y	MULTI_ASCII_FRAGMENT	MULTI_FRAGMENT_MIXED_RETAINED_OMITTED
RF1b|f84v.14|G007	RF1b	f84v.14	f84v	CONFIRMED_PROSE	P	7	13	DEFINITE_SPACE	DEFINITE_SPACE	oke@152;y	oke y	2	9,10	9	10	oke	y	MULTI_ASCII_FRAGMENT	MULTI_FRAGMENT_MIXED_RETAINED_OMITTED
RF1b|f84v.14|G008	RF1b	f84v.14	f84v	CONFIRMED_PROSE	P	8	13	DEFINITE_SPACE	DEFINITE_SPACE	qoke@152;y	qoke y	2	11,12	11	12	qoke	y	MULTI_ASCII_FRAGMENT	MULTI_FRAGMENT_MIXED_RETAINED_OMITTED
RF1b|f84v.14|G012	RF1b	f84v.14	f84v	CONFIRMED_PROSE	P	12	13	DEFINITE_SPACE	DEFINITE_SPACE	che@152;y	che y	2	16,17	16	17	che	y	MULTI_ASCII_FRAGMENT	MULTI_FRAGMENT_MIXED_RETAINED_OMITTED
RF1b|f84v.15|G011	RF1b	f84v.15	f84v	CONFIRMED_PROSE	P	11	11	DEFINITE_SPACE	LINE_END	oke@152;am	oke am	2	11,12	11,12		oke am		MULTI_ASCII_FRAGMENT	MULTI_FRAGMENT_ALL_RETAINED
RF1b|f84v.17|G007	RF1b	f84v.17	f84v	CONFIRMED_PROSE	P	7	12	DEFINITE_SPACE	DEFINITE_SPACE	che@152;y	che y	2	7,8	7	8	che	y	MULTI_ASCII_FRAGMENT	MULTI_FRAGMENT_MIXED_RETAINED_OMITTED
RF1b|f84v.18|G002	RF1b	f84v.18	f84v	CONFIRMED_PROSE	P	2	11	DEFINITE_SPACE	DEFINITE_SPACE	qokee@152;y	qokee y	2	2,3	2	3	qokee	y	MULTI_ASCII_FRAGMENT	MULTI_FRAGMENT_MIXED_RETAINED_OMITTED
RF1b|f84v.18|G003	RF1b	f84v.18	f84v	CONFIRMED_PROSE	P	3	11	DEFINITE_SPACE	DEFINITE_SPACE	yke@152;y	yke y	2	4,5	4	5	yke	y	MULTI_ASCII_FRAGMENT	MULTI_FRAGMENT_MIXED_RETAINED_OMITTED
RF1b|f84v.19|G005	RF1b	f84v.19	f84v	CONFIRMED_PROSE	P	5	11	DEFINITE_SPACE	DEFINITE_SPACE	qok@221;r	qok r	2	5,6	5,6		qok r		MULTI_ASCII_FRAGMENT	MULTI_FRAGMENT_ALL_RETAINED
RF1b|f84v.19|G010	RF1b	f84v.19	f84v	CONFIRMED_PROSE	P	10	11	DEFINITE_SPACE	DEFINITE_SPACE	oke@152;y	oke y	2	11,12	11	12	oke	y	MULTI_ASCII_FRAGMENT	MULTI_FRAGMENT_MIXED_RETAINED_OMITTED
RF1b|f84v.20|G003	RF1b	f84v.20	f84v	CONFIRMED_PROSE	P	3	5	DEFINITE_SPACE	DEFINITE_SPACE	qoke@152;y	qoke y	2	3,4	3	4	qoke	y	MULTI_ASCII_FRAGMENT	MULTI_FRAGMENT_MIXED_RETAINED_OMITTED
RF1b|f84v.23|G008	RF1b	f84v.23	f84v	CONFIRMED_PROSE	P	8	8	DEFINITE_SPACE	LINE_END	or@221;r	or r	2	8,9	8,9		or r		MULTI_ASCII_FRAGMENT	MULTI_FRAGMENT_ALL_RETAINED
RF1b|f84v.27|G003	RF1b	f84v.27	f84v	CONFIRMED_PROSE	P	3	6	DEFINITE_SPACE	DEFINITE_SPACE	she@152;y	she y	2	3,4	3	4	she	y	MULTI_ASCII_FRAGMENT	MULTI_FRAGMENT_MIXED_RETAINED_OMITTED
RF1b|f84v.27|G004	RF1b	f84v.27	f84v	CONFIRMED_PROSE	P	4	6	DEFINITE_SPACE	DEFINITE_SPACE	qolkee@152;y	qolkee y	2	5,6	5	6	qolkee	y	MULTI_ASCII_FRAGMENT	MULTI_FRAGMENT_MIXED_RETAINED_OMITTED
RF1b|f84v.28|G003	RF1b	f84v.28	f84v	CONFIRMED_PROSE	P	3	6	DEFINITE_SPACE	DEFINITE_SPACE	qoke@152;y	qoke y	2	3,4	3	4	qoke	y	MULTI_ASCII_FRAGMENT	MULTI_FRAGMENT_MIXED_RETAINED_OMITTED
RF1b|f84v.29|G002	RF1b	f84v.29	f84v	CONFIRMED_PROSE	P	2	6	DEFINITE_SPACE	DEFINITE_SPACE	she@152;y	she y	2	2,3	2	3	she	y	MULTI_ASCII_FRAGMENT	MULTI_FRAGMENT_MIXED_RETAINED_OMITTED
RF1b|f84v.29|G005	RF1b	f84v.29	f84v	CONFIRMED_PROSE	P	5	6	DEFINITE_SPACE	DEFINITE_SPACE	oke@152;y	oke y	2	6,7	6	7	oke	y	MULTI_ASCII_FRAGMENT	MULTI_FRAGMENT_MIXED_RETAINED_OMITTED
RF1b|f84v.3|G003	RF1b	f84v.3	f84v	CONFIRMED_PROSE	P	3	8	DEFINITE_SPACE	DEFINITE_SPACE	ote@152;y	ote y	2	3,4	3	4	ote	y	MULTI_ASCII_FRAGMENT	MULTI_FRAGMENT_MIXED_RETAINED_OMITTED
RF1b|f84v.32|G001	RF1b	f84v.32	f84v	CONFIRMED_PROSE	P	1	7	LINE_START	DEFINITE_SPACE	qoke@152;y	qoke y	2	1,2	1	2	qoke	y	MULTI_ASCII_FRAGMENT	MULTI_FRAGMENT_MIXED_RETAINED_OMITTED
RF1b|f84v.32|G004	RF1b	f84v.32	f84v	CONFIRMED_PROSE	P	4	7	DEFINITE_SPACE	DEFINITE_SPACE	oke@152;y	oke y	2	5,6	5	6	oke	y	MULTI_ASCII_FRAGMENT	MULTI_FRAGMENT_MIXED_RETAINED_OMITTED
RF1b|f84v.32|G005	RF1b	f84v.32	f84v	CONFIRMED_PROSE	P	5	7	DEFINITE_SPACE	DEFINITE_SPACE	yfche@152;y	yfche y	2	7,8	7	8	yfche	y	MULTI_ASCII_FRAGMENT	MULTI_FRAGMENT_MIXED_RETAINED_OMITTED
RF1b|f84v.34|G008	RF1b	f84v.34	f84v	CONFIRMED_PROSE	P	8	11	DEFINITE_SPACE	DEFINITE_SPACE	ch@152;y	ch y	2	8,9	8	9	ch	y	MULTI_ASCII_FRAGMENT	MULTI_FRAGMENT_MIXED_RETAINED_OMITTED
RF1b|f84v.35|G004	RF1b	f84v.35	f84v	CONFIRMED_PROSE	P	4	10	DEFINITE_SPACE	DEFINITE_SPACE	{ch'}e@152;y	e y	2	4,5	4	5	e	y	MULTI_ASCII_FRAGMENT	MULTI_FRAGMENT_MIXED_RETAINED_OMITTED
RF1b|f84v.38|G003	RF1b	f84v.38	f84v	CONFIRMED_PROSE	P	3	8	DEFINITE_SPACE	DEFINITE_SPACE	oke@152;y	oke y	2	3,4	3	4	oke	y	MULTI_ASCII_FRAGMENT	MULTI_FRAGMENT_MIXED_RETAINED_OMITTED
RF1b|f84v.39|G007	RF1b	f84v.39	f84v	CONFIRMED_PROSE	P	7	9	DEFINITE_SPACE	DEFINITE_SPACE	olshe@152;y	olshe y	2	7,8	7	8	olshe	y	MULTI_ASCII_FRAGMENT	MULTI_FRAGMENT_MIXED_RETAINED_OMITTED
RF1b|f84v.40|G001	RF1b	f84v.40	f84v	CONFIRMED_PROSE	P	1	8	LINE_START	DEFINITE_SPACE	ytee@152;ar	ytee ar	2	1,2	1,2		ytee ar		MULTI_ASCII_FRAGMENT	MULTI_FRAGMENT_ALL_RETAINED
RF1b|f84v.40|G008	RF1b	f84v.40	f84v	CONFIRMED_PROSE	P	8	8	DEFINITE_SPACE	LINE_END	yk@221;iin	yk iin	2	9,10	9,10		yk iin		MULTI_ASCII_FRAGMENT	MULTI_FRAGMENT_ALL_RETAINED
RF1b|f84v.41|G003	RF1b	f84v.41	f84v	CONFIRMED_PROSE	P	3	5	DEFINITE_SPACE	DEFINITE_SPACE	dolke@152;y	dolke y	2	3,4	3	4	dolke	y	MULTI_ASCII_FRAGMENT	MULTI_FRAGMENT_MIXED_RETAINED_OMITTED
RF1b|f84v.45|G001	RF1b	f84v.45	f84v	CONFIRMED_PROSE	P	1	1	LINE_START	LINE_END	dshe@152;y	dshe y	2	1,2	1	2	dshe	y	MULTI_ASCII_FRAGMENT	MULTI_FRAGMENT_MIXED_RETAINED_OMITTED
RF1b|f84v.48|G001	RF1b	f84v.48	f84v	CONFIRMED_PROSE	P	1	1	LINE_START	LINE_END	dairol@152;y	dairol y	2	1,2	1	2	dairol	y	MULTI_ASCII_FRAGMENT	MULTI_FRAGMENT_MIXED_RETAINED_OMITTED
RF1b|f84v.5|G003	RF1b	f84v.5	f84v	CONFIRMED_PROSE	P	3	7	DEFINITE_SPACE	DEFINITE_SPACE	she@152;y	she y	2	3,4	3	4	she	y	MULTI_ASCII_FRAGMENT	MULTI_FRAGMENT_MIXED_RETAINED_OMITTED
RF1b|f84v.50|G001	RF1b	f84v.50	f84v	CONFIRMED_PROSE	P	1	1	LINE_START	LINE_END	@222;{c'kh}@222;		0						ZERO_ASCII_FRAGMENT	SOURCE_GROUP_ABSENT_FROM_LEGACY_ASCII
RF1b|f84v.7|G003	RF1b	f84v.7	f84v	CONFIRMED_PROSE	P	3	7	DEFINITE_SPACE	DEFINITE_SPACE	ke@152;y	ke y	2	3,4	3	4	ke	y	MULTI_ASCII_FRAGMENT	MULTI_FRAGMENT_MIXED_RETAINED_OMITTED
RF1b|f84v.7|G004	RF1b	f84v.7	f84v	CONFIRMED_PROSE	P	4	7	DEFINITE_SPACE	DEFINITE_SPACE	oke@152;y	oke y	2	5,6	5	6	oke	y	MULTI_ASCII_FRAGMENT	MULTI_FRAGMENT_MIXED_RETAINED_OMITTED
RF1b|f84v.8|G002	RF1b	f84v.8	f84v	CONFIRMED_PROSE	P	2	6	DEFINITE_SPACE	DEFINITE_SPACE	oke@152;y	oke y	2	2,3	2	3	oke	y	MULTI_ASCII_FRAGMENT	MULTI_FRAGMENT_MIXED_RETAINED_OMITTED
RF1b|f84v.8|G003	RF1b	f84v.8	f84v	CONFIRMED_PROSE	P	3	6	DEFINITE_SPACE	DEFINITE_SPACE	qokee@152;y	qokee y	2	4,5	4	5	qokee	y	MULTI_ASCII_FRAGMENT	MULTI_FRAGMENT_MIXED_RETAINED_OMITTED
RF1b|f85r1.1|G009	RF1b	f85r1.1	f85r1	CONFIRMED_PROSE	P	9	11	DEFINITE_SPACE	DEFINITE_SPACE	she@152;y	she y	2	9,10	9	10	she	y	MULTI_ASCII_FRAGMENT	MULTI_FRAGMENT_MIXED_RETAINED_OMITTED
RF1b|f85r1.10|G004	RF1b	f85r1.10	f85r1	CONFIRMED_PROSE	P	4	4	DEFINITE_SPACE	LINE_END	che@221;lkeedy	che lkeedy	2	4,5	4,5		che lkeedy		MULTI_ASCII_FRAGMENT	MULTI_FRAGMENT_ALL_RETAINED
RF1b|f85r1.11|G004	RF1b	f85r1.11	f85r1	CONFIRMED_PROSE	P	4	12	DEFINITE_SPACE	DEFINITE_SPACE	qopchee@152;y	qopchee y	2	4,5	4	5	qopchee	y	MULTI_ASCII_FRAGMENT	MULTI_FRAGMENT_MIXED_RETAINED_OMITTED
RF1b|f85r1.12|G001	RF1b	f85r1.12	f85r1	CONFIRMED_PROSE	P	1	11	LINE_START	DEFINITE_SPACE	t@152;ain	t ain	2	1,2	1,2		t ain		MULTI_ASCII_FRAGMENT	MULTI_FRAGMENT_ALL_RETAINED
RF1b|f85r1.12|G003	RF1b	f85r1.12	f85r1	CONFIRMED_PROSE	P	3	11	DEFINITE_SPACE	DEFINITE_SPACE	lch@152;y	lch y	2	4,5	4	5	lch	y	MULTI_ASCII_FRAGMENT	MULTI_FRAGMENT_MIXED_RETAINED_OMITTED
RF1b|f85r1.12|G007	RF1b	f85r1.12	f85r1	CONFIRMED_PROSE	P	7	11	DEFINITE_SPACE	DEFINITE_SPACE	she@152;aiin	she aiin	2	9,10	9,10		she aiin		MULTI_ASCII_FRAGMENT	MULTI_FRAGMENT_ALL_RETAINED
RF1b|f85r1.13|G011	RF1b	f85r1.13	f85r1	CONFIRMED_PROSE	P	11	12	DEFINITE_SPACE	DEFINITE_SPACE	@152;al@152;y	al y	2	11,12	11	12	al	y	MULTI_ASCII_FRAGMENT	MULTI_FRAGMENT_MIXED_RETAINED_OMITTED
RF1b|f85r1.14|G001	RF1b	f85r1.14	f85r1	CONFIRMED_PROSE	P	1	12	LINE_START	DEFINITE_SPACE	dar@221;r	dar r	2	1,2	1,2		dar r		MULTI_ASCII_FRAGMENT	MULTI_FRAGMENT_ALL_RETAINED
RF1b|f85r1.14|G004	RF1b	f85r1.14	f85r1	CONFIRMED_PROSE	P	4	12	DEFINITE_SPACE	DEFINITE_SPACE	oteo@152;y	oteo y	2	5,6	5	6	oteo	y	MULTI_ASCII_FRAGMENT	MULTI_FRAGMENT_MIXED_RETAINED_OMITTED
RF1b|f85r1.16|G002	RF1b	f85r1.16	f85r1	CONFIRMED_PROSE	P	2	5	DEFINITE_SPACE	DEFINITE_SPACE	qok@221;r	qok r	2	2,3	2,3		qok r		MULTI_ASCII_FRAGMENT	MULTI_FRAGMENT_ALL_RETAINED
RF1b|f85r1.17|G005	RF1b	f85r1.17	f85r1	CONFIRMED_PROSE	P	5	11	DEFINITE_SPACE	DEFINITE_SPACE	cphe@152;y	cphe y	2	5,6	5	6	cphe	y	MULTI_ASCII_FRAGMENT	MULTI_FRAGMENT_MIXED_RETAINED_OMITTED
RF1b|f85r1.18|G003	RF1b	f85r1.18	f85r1	CONFIRMED_PROSE	P	3	10	DEFINITE_SPACE	DEFINITE_SPACE	qoke@152;y	qoke y	2	3,4	3	4	qoke	y	MULTI_ASCII_FRAGMENT	MULTI_FRAGMENT_MIXED_RETAINED_OMITTED
RF1b|f85r1.18|G009	RF1b	f85r1.18	f85r1	CONFIRMED_PROSE	P	9	10	DEFINITE_SPACE	DEFINITE_SPACE	sch@152;y	sch y	2	10,11	10	11	sch	y	MULTI_ASCII_FRAGMENT	MULTI_FRAGMENT_MIXED_RETAINED_OMITTED
RF1b|f85r1.19|G003	RF1b	f85r1.19	f85r1	CONFIRMED_PROSE	P	3	5	DEFINITE_SPACE	DEFINITE_SPACE	otche@152;y	otche y	2	3,4	3	4	otche	y	MULTI_ASCII_FRAGMENT	MULTI_FRAGMENT_MIXED_RETAINED_OMITTED
RF1b|f85r1.2|G010	RF1b	f85r1.2	f85r1	CONFIRMED_PROSE	P	10	12	DEFINITE_SPACE	DEFINITE_SPACE	ote@152;y	ote y	2	10,11	10	11	ote	y	MULTI_ASCII_FRAGMENT	MULTI_FRAGMENT_MIXED_RETAINED_OMITTED
RF1b|f85r1.2|G011	RF1b	f85r1.2	f85r1	CONFIRMED_PROSE	P	11	12	DEFINITE_SPACE	DEFINITE_SPACE	chckh@152;y	chckh y	2	12,13	12	13	chckh	y	MULTI_ASCII_FRAGMENT	MULTI_FRAGMENT_MIXED_RETAINED_OMITTED
RF1b|f85r1.20|G001	RF1b	f85r1.20	f85r1	CONFIRMED_PROSE	P	1	9	LINE_START	DEFINITE_SPACE	pcheoykshe@152;y	pcheoykshe y	2	1,2	1	2	pcheoykshe	y	MULTI_ASCII_FRAGMENT	MULTI_FRAGMENT_MIXED_RETAINED_OMITTED
RF1b|f85r1.20|G002	RF1b	f85r1.20	f85r1	CONFIRMED_PROSE	P	2	9	DEFINITE_SPACE	DEFINITE_SPACE	qocph@152;y	qocph y	2	3,4	3	4	qocph	y	MULTI_ASCII_FRAGMENT	MULTI_FRAGMENT_MIXED_RETAINED_OMITTED
RF1b|f85r1.20|G007	RF1b	f85r1.20	f85r1	CONFIRMED_PROSE	P	7	9	DEFINITE_SPACE	DEFINITE_SPACE	otche@152;y	otche y	2	9,10	9	10	otche	y	MULTI_ASCII_FRAGMENT	MULTI_FRAGMENT_MIXED_RETAINED_OMITTED
RF1b|f85r1.20|G008	RF1b	f85r1.20	f85r1	CONFIRMED_PROSE	P	8	9	DEFINITE_SPACE	DEFINITE_SPACE	qokch@152;y	qokch y	2	11,12	11	12	qokch	y	MULTI_ASCII_FRAGMENT	MULTI_FRAGMENT_MIXED_RETAINED_OMITTED
RF1b|f85r1.21|G002	RF1b	f85r1.21	f85r1	CONFIRMED_PROSE	P	2	11	DEFINITE_SPACE	DEFINITE_SPACE	cheo@152;y	cheo y	2	2,3	2	3	cheo	y	MULTI_ASCII_FRAGMENT	MULTI_FRAGMENT_MIXED_RETAINED_OMITTED
RF1b|f85r1.21|G011	RF1b	f85r1.21	f85r1	CONFIRMED_PROSE	P	11	11	DEFINITE_SPACE	LINE_END	che@152;y	che y	2	12,13	12	13	che	y	MULTI_ASCII_FRAGMENT	MULTI_FRAGMENT_MIXED_RETAINED_OMITTED
RF1b|f85r1.22|G003	RF1b	f85r1.22	f85r1	CONFIRMED_PROSE	P	3	6	DEFINITE_SPACE	DEFINITE_SPACE	che@152;y	che y	2	3,4	3	4	che	y	MULTI_ASCII_FRAGMENT	MULTI_FRAGMENT_MIXED_RETAINED_OMITTED
RF1b|f85r1.23|G001	RF1b	f85r1.23	f85r1	CONFIRMED_PROSE	P	1	11	LINE_START	DEFINITE_SPACE	pch@152;aiin	pch aiin	2	1,2	1,2		pch aiin		MULTI_ASCII_FRAGMENT	MULTI_FRAGMENT_ALL_RETAINED
RF1b|f85r1.23|G005	RF1b	f85r1.23	f85r1	CONFIRMED_PROSE	P	5	11	DEFINITE_SPACE	DEFINITE_SPACE	yp@221;r	yp r	2	6,7	7	6	r	yp	MULTI_ASCII_FRAGMENT	MULTI_FRAGMENT_MIXED_RETAINED_OMITTED
RF1b|f85r1.24|G001	RF1b	f85r1.24	f85r1	CONFIRMED_PROSE	P	1	10	LINE_START	DEFINITE_SPACE	te@152;air	te air	2	1,2	1,2		te air		MULTI_ASCII_FRAGMENT	MULTI_FRAGMENT_ALL_RETAINED
RF1b|f85r1.24|G002	RF1b	f85r1.24	f85r1	CONFIRMED_PROSE	P	2	10	DEFINITE_SPACE	DEFINITE_SPACE	ykee@152;y	ykee y	2	3,4	3	4	ykee	y	MULTI_ASCII_FRAGMENT	MULTI_FRAGMENT_MIXED_RETAINED_OMITTED
RF1b|f85r1.24|G005	RF1b	f85r1.24	f85r1	CONFIRMED_PROSE	P	5	10	DEFINITE_SPACE	DEFINITE_SPACE	qok@221;r	qok r	2	7,8	7,8		qok r		MULTI_ASCII_FRAGMENT	MULTI_FRAGMENT_ALL_RETAINED
RF1b|f85r1.24|G006	RF1b	f85r1.24	f85r1	CONFIRMED_PROSE	P	6	10	DEFINITE_SPACE	DEFINITE_SPACE	che@152;y	che y	2	9,10	9	10	che	y	MULTI_ASCII_FRAGMENT	MULTI_FRAGMENT_MIXED_RETAINED_OMITTED
RF1b|f85r1.24|G010	RF1b	f85r1.24	f85r1	CONFIRMED_PROSE	P	10	10	DEFINITE_SPACE	LINE_END	olche@152;y	olche y	2	14,15	14	15	olche	y	MULTI_ASCII_FRAGMENT	MULTI_FRAGMENT_MIXED_RETAINED_OMITTED
RF1b|f85r1.25|G005	RF1b	f85r1.25	f85r1	CONFIRMED_PROSE	P	5	5	DEFINITE_SPACE	LINE_END	ykche@152;y	ykche y	2	5,6	5	6	ykche	y	MULTI_ASCII_FRAGMENT	MULTI_FRAGMENT_MIXED_RETAINED_OMITTED
RF1b|f85r1.26|G006	RF1b	f85r1.26	f85r1	CONFIRMED_PROSE	P	6	13	DEFINITE_SPACE	DEFINITE_SPACE	qofch@152;y	qofch y	2	6,7	6	7	qofch	y	MULTI_ASCII_FRAGMENT	MULTI_FRAGMENT_MIXED_RETAINED_OMITTED
RF1b|f85r1.26|G010	RF1b	f85r1.26	f85r1	CONFIRMED_PROSE	P	10	13	DEFINITE_SPACE	DEFINITE_SPACE	chcph@152;y	chcph y	2	11,12	11	12	chcph	y	MULTI_ASCII_FRAGMENT	MULTI_FRAGMENT_MIXED_RETAINED_OMITTED
RF1b|f85r1.27|G001	RF1b	f85r1.27	f85r1	CONFIRMED_PROSE	P	1	9	LINE_START	DEFINITE_SPACE	yche@152;y	yche y	2	1,2	1	2	yche	y	MULTI_ASCII_FRAGMENT	MULTI_FRAGMENT_MIXED_RETAINED_OMITTED
RF1b|f85r1.27|G002	RF1b	f85r1.27	f85r1	CONFIRMED_PROSE	P	2	9	DEFINITE_SPACE	DEFINITE_SPACE	shetsh@152;y	shetsh y	2	3,4	3	4	shetsh	y	MULTI_ASCII_FRAGMENT	MULTI_FRAGMENT_MIXED_RETAINED_OMITTED
RF1b|f85r1.28|G008	RF1b	f85r1.28	f85r1	CONFIRMED_PROSE	P	8	11	DEFINITE_SPACE	DEFINITE_SPACE	che@152;y	che y	2	8,9	8	9	che	y	MULTI_ASCII_FRAGMENT	MULTI_FRAGMENT_MIXED_RETAINED_OMITTED
RF1b|f85r1.29|G007	RF1b	f85r1.29	f85r1	CONFIRMED_PROSE	P	7	12	DEFINITE_SPACE	DEFINITE_SPACE	qokch@152;y	qokch y	2	7,8	7	8	qokch	y	MULTI_ASCII_FRAGMENT	MULTI_FRAGMENT_MIXED_RETAINED_OMITTED
RF1b|f85r1.3|G001	RF1b	f85r1.3	f85r1	CONFIRMED_PROSE	P	1	11	LINE_START	DEFINITE_SPACE	t@221;rar	t rar	2	1,2	1,2		t rar		MULTI_ASCII_FRAGMENT	MULTI_FRAGMENT_ALL_RETAINED
RF1b|f85r1.3|G002	RF1b	f85r1.3	f85r1	CONFIRMED_PROSE	P	2	11	DEFINITE_SPACE	DEFINITE_SPACE	ote@152;y	ote y	2	3,4	3	4	ote	y	MULTI_ASCII_FRAGMENT	MULTI_FRAGMENT_MIXED_RETAINED_OMITTED
RF1b|f85r1.3|G006	RF1b	f85r1.3	f85r1	CONFIRMED_PROSE	P	6	11	DEFINITE_SPACE	DEFINITE_SPACE	qote@152;y	qote y	2	8,9	8	9	qote	y	MULTI_ASCII_FRAGMENT	MULTI_FRAGMENT_MIXED_RETAINED_OMITTED
RF1b|f85r1.30|G003	RF1b	f85r1.30	f85r1	CONFIRMED_PROSE	P	3	10	DEFINITE_SPACE	DEFINITE_SPACE	oke@152;es	oke es	2	3,4	3,4		oke es		MULTI_ASCII_FRAGMENT	MULTI_FRAGMENT_ALL_RETAINED
RF1b|f85r1.30|G005	RF1b	f85r1.30	f85r1	CONFIRMED_PROSE	P	5	10	DEFINITE_SPACE	DEFINITE_SPACE	oke@152;y	oke y	2	6,7	6	7	oke	y	MULTI_ASCII_FRAGMENT	MULTI_FRAGMENT_MIXED_RETAINED_OMITTED
RF1b|f85r1.30|G007	RF1b	f85r1.30	f85r1	CONFIRMED_PROSE	P	7	10	DEFINITE_SPACE	DEFINITE_SPACE	ch@152;y	ch y	2	9,10	9	10	ch	y	MULTI_ASCII_FRAGMENT	MULTI_FRAGMENT_MIXED_RETAINED_OMITTED
RF1b|f85r1.30|G009	RF1b	f85r1.30	f85r1	CONFIRMED_PROSE	P	9	10	DEFINITE_SPACE	DEFINITE_SPACE	otch@152;y	otch y	2	12,13	12	13	otch	y	MULTI_ASCII_FRAGMENT	MULTI_FRAGMENT_MIXED_RETAINED_OMITTED
RF1b|f85r1.31|G005	RF1b	f85r1.31	f85r1	CONFIRMED_PROSE	P	5	10	DEFINITE_SPACE	DEFINITE_SPACE	ypch@152;y	ypch y	2	5,6	5	6	ypch	y	MULTI_ASCII_FRAGMENT	MULTI_FRAGMENT_MIXED_RETAINED_OMITTED
RF1b|f85r1.31|G008	RF1b	f85r1.31	f85r1	CONFIRMED_PROSE	P	8	10	DEFINITE_SPACE	DEFINITE_SPACE	kesh@221;r	kesh r	2	9,10	9,10		kesh r		MULTI_ASCII_FRAGMENT	MULTI_FRAGMENT_ALL_RETAINED
RF1b|f85r1.33|G011	RF1b	f85r1.33	f85r1	CONFIRMED_PROSE	P	11	11	DEFINITE_SPACE	LINE_END	olkee@152;y	olkee y	2	11,12	11	12	olkee	y	MULTI_ASCII_FRAGMENT	MULTI_FRAGMENT_MIXED_RETAINED_OMITTED
RF1b|f85r1.35|G002	RF1b	f85r1.35	f85r1	CONFIRMED_PROSE	P	2	5	DEFINITE_SPACE	DEFINITE_SPACE	che@152;ar	che ar	2	2,3	2,3		che ar		MULTI_ASCII_FRAGMENT	MULTI_FRAGMENT_ALL_RETAINED
RF1b|f85r1.35|G005	RF1b	f85r1.35	f85r1	CONFIRMED_PROSE	P	5	5	DEFINITE_SPACE	LINE_END	otche@152;y	otche y	2	6,7	6	7	otche	y	MULTI_ASCII_FRAGMENT	MULTI_FRAGMENT_MIXED_RETAINED_OMITTED
RF1b|f85r1.4|G005	RF1b	f85r1.4	f85r1	CONFIRMED_PROSE	P	5	10	DEFINITE_SPACE	DEFINITE_SPACE	olshe@152;y	olshe y	2	5,6	5	6	olshe	y	MULTI_ASCII_FRAGMENT	MULTI_FRAGMENT_MIXED_RETAINED_OMITTED
RF1b|f85r1.4|G006	RF1b	f85r1.4	f85r1	CONFIRMED_PROSE	P	6	10	DEFINITE_SPACE	DEFINITE_SPACE	qokee@152;y	qokee y	2	7,8	7	8	qokee	y	MULTI_ASCII_FRAGMENT	MULTI_FRAGMENT_MIXED_RETAINED_OMITTED
RF1b|f85r1.4|G009	RF1b	f85r1.4	f85r1	CONFIRMED_PROSE	P	9	10	DEFINITE_SPACE	DEFINITE_SPACE	otee@152;y	otee y	2	11,12	11	12	otee	y	MULTI_ASCII_FRAGMENT	MULTI_FRAGMENT_MIXED_RETAINED_OMITTED
RF1b|f85r1.5|G009	RF1b	f85r1.5	f85r1	CONFIRMED_PROSE	P	9	10	DEFINITE_SPACE	DEFINITE_SPACE	te@152;y	te y	2	9,10	9	10	te	y	MULTI_ASCII_FRAGMENT	MULTI_FRAGMENT_MIXED_RETAINED_OMITTED
RF1b|f85r1.7|G006	RF1b	f85r1.7	f85r1	CONFIRMED_PROSE	P	6	9	DEFINITE_SPACE	DEFINITE_SPACE	qo@176;e@152;y	qo e y	3	6,7,8	6,7	8	qo e	y	MULTI_ASCII_FRAGMENT	MULTI_FRAGMENT_MIXED_RETAINED_OMITTED
RF1b|f85r1.9|G005	RF1b	f85r1.9	f85r1	CONFIRMED_PROSE	P	5	11	DEFINITE_SPACE	DEFINITE_SPACE	{ch'}e@152;ar	e ar	2	5,6	5,6		e ar		MULTI_ASCII_FRAGMENT	MULTI_FRAGMENT_ALL_RETAINED
RF1b|f85r2.1|G001	RF1b	f85r2.1	f85r2	DIAGNOSTIC_NONPROSE	C	1	35	LINE_START	DEFINITE_SPACE	odee@152;y	odee y	2	1,2	1	2	odee	y	MULTI_ASCII_FRAGMENT	MULTI_FRAGMENT_MIXED_RETAINED_OMITTED
RF1b|f85r2.1|G007	RF1b	f85r2.1	f85r2	DIAGNOSTIC_NONPROSE	C	7	35	DEFINITE_SPACE	DEFINITE_SPACE	oto@152;y	oto y	2	8,9	8	9	oto	y	MULTI_ASCII_FRAGMENT	MULTI_FRAGMENT_MIXED_RETAINED_OMITTED
RF1b|f85r2.1|G010	RF1b	f85r2.1	f85r2	DIAGNOSTIC_NONPROSE	C	10	35	DEFINITE_SPACE	DEFINITE_SPACE	ot@221;dar	ot dar	2	12,13	12,13		ot dar		MULTI_ASCII_FRAGMENT	MULTI_FRAGMENT_ALL_RETAINED
RF1b|f85r2.1|G015	RF1b	f85r2.1	f85r2	DIAGNOSTIC_NONPROSE	C	15	35	DEFINITE_SPACE	DEFINITE_SPACE	otche@152;y	otche y	2	18,19	18	19	otche	y	MULTI_ASCII_FRAGMENT	MULTI_FRAGMENT_MIXED_RETAINED_OMITTED
RF1b|f85r2.1|G035	RF1b	f85r2.1	f85r2	DIAGNOSTIC_NONPROSE	C	35	35	DEFINITE_SPACE	LINE_END	chcph@152;ar	chcph ar	2	39,40	39,40		chcph ar		MULTI_ASCII_FRAGMENT	MULTI_FRAGMENT_ALL_RETAINED
RF1b|f85r2.10|G002	RF1b	f85r2.10	f85r2	CONFIRMED_PROSE	P	2	6	DEFINITE_SPACE	DEFINITE_SPACE	qo@152;ar	qo ar	2	2,3	2,3		qo ar		MULTI_ASCII_FRAGMENT	MULTI_FRAGMENT_ALL_RETAINED
RF1b|f85r2.14|G002	RF1b	f85r2.14	f85r2	CONFIRMED_PROSE	P	2	4	DEFINITE_SPACE	DEFINITE_SPACE	ch@152;s	ch s	2	2,3	2,3		ch s		MULTI_ASCII_FRAGMENT	MULTI_FRAGMENT_ALL_RETAINED
RF1b|f85r2.15|G001	RF1b	f85r2.15	f85r2	CONFIRMED_PROSE	P	1	5	LINE_START	DEFINITE_SPACE	yfshe@152;y	yfshe y	2	1,2	1	2	yfshe	y	MULTI_ASCII_FRAGMENT	MULTI_FRAGMENT_MIXED_RETAINED_OMITTED
RF1b|f85r2.19|G002	RF1b	f85r2.19	f85r2	CONFIRMED_PROSE	P	2	5	DEFINITE_SPACE	DEFINITE_SPACE	qo@152;ain	qo ain	2	2,3	2,3		qo ain		MULTI_ASCII_FRAGMENT	MULTI_FRAGMENT_ALL_RETAINED
RF1b|f85r2.20|G003	RF1b	f85r2.20	f85r2	CONFIRMED_PROSE	P	3	8	DEFINITE_SPACE	DEFINITE_SPACE	ckhe@152;y	ckhe y	2	3,4	3	4	ckhe	y	MULTI_ASCII_FRAGMENT	MULTI_FRAGMENT_MIXED_RETAINED_OMITTED
RF1b|f85r2.22|G003	RF1b	f85r2.22	f85r2	CONFIRMED_PROSE	P	3	9	DEFINITE_SPACE	DEFINITE_SPACE	she@152;y	she y	2	3,4	3	4	she	y	MULTI_ASCII_FRAGMENT	MULTI_FRAGMENT_MIXED_RETAINED_OMITTED
RF1b|f85r2.24|G004	RF1b	f85r2.24	f85r2	DIAGNOSTIC_NONPROSE	C	4	16	DEFINITE_SPACE	DEFINITE_SPACE	oche@152;y	oche y	2	4,5	4	5	oche	y	MULTI_ASCII_FRAGMENT	MULTI_FRAGMENT_MIXED_RETAINED_OMITTED
RF1b|f85r2.24|G007	RF1b	f85r2.24	f85r2	DIAGNOSTIC_NONPROSE	C	7	16	UNCERTAIN_SMALL_SPACE	DEFINITE_SPACE	che@152;y	che y	2	8,9	8	9	che	y	MULTI_ASCII_FRAGMENT	MULTI_FRAGMENT_MIXED_RETAINED_OMITTED
RF1b|f85r2.5|G002	RF1b	f85r2.5	f85r2	CONFIRMED_PROSE	P	2	3	DEFINITE_SPACE	DEFINITE_SPACE	ol@176;ar	ol ar	2	2,3	2,3		ol ar		MULTI_ASCII_FRAGMENT	MULTI_FRAGMENT_ALL_RETAINED
RF1b|f85r2.7|G003	RF1b	f85r2.7	f85r2	CONFIRMED_PROSE	P	3	5	DEFINITE_SPACE	DEFINITE_SPACE	qoke@152;y	qoke y	2	3,4	3	4	qoke	y	MULTI_ASCII_FRAGMENT	MULTI_FRAGMENT_MIXED_RETAINED_OMITTED
RF1b|f85r2.8|G001	RF1b	f85r2.8	f85r2	CONFIRMED_PROSE	P	1	6	LINE_START	DEFINITE_SPACE	otche@152;y	otche y	2	1,2	1	2	otche	y	MULTI_ASCII_FRAGMENT	MULTI_FRAGMENT_MIXED_RETAINED_OMITTED
RF1b|f85r2.9|G004	RF1b	f85r2.9	f85r2	CONFIRMED_PROSE	P	4	6	DEFINITE_SPACE	DEFINITE_SPACE	ote@152;y	ote y	2	4,5	4	5	ote	y	MULTI_ASCII_FRAGMENT	MULTI_FRAGMENT_MIXED_RETAINED_OMITTED
RF1b|f86v3.1|G003	RF1b	f86v3.1	f86v3	CONFIRMED_PROSE	P	3	7	DEFINITE_SPACE	DEFINITE_SPACE	qoe@152;y	qoe y	2	3,4	3	4	qoe	y	MULTI_ASCII_FRAGMENT	MULTI_FRAGMENT_MIXED_RETAINED_OMITTED
RF1b|f86v3.10|G003	RF1b	f86v3.10	f86v3	CONFIRMED_PROSE	P	3	11	DEFINITE_SPACE	DEFINITE_SPACE	qotche@152;y	qotche y	2	3,4	3	4	qotche	y	MULTI_ASCII_FRAGMENT	MULTI_FRAGMENT_MIXED_RETAINED_OMITTED
RF1b|f86v3.10|G008	RF1b	f86v3.10	f86v3	CONFIRMED_PROSE	P	8	11	DEFINITE_SPACE	DEFINITE_SPACE	qoke@152;y	qoke y	2	9,10	9	10	qoke	y	MULTI_ASCII_FRAGMENT	MULTI_FRAGMENT_MIXED_RETAINED_OMITTED
RF1b|f86v3.11|G003	RF1b	f86v3.11	f86v3	CONFIRMED_PROSE	P	3	12	DEFINITE_SPACE	DEFINITE_SPACE	yteeo@152;y	yteeo y	2	3,4	3	4	yteeo	y	MULTI_ASCII_FRAGMENT	MULTI_FRAGMENT_MIXED_RETAINED_OMITTED
RF1b|f86v3.12|G001	RF1b	f86v3.12	f86v3	CONFIRMED_PROSE	P	1	11	LINE_START	DEFINITE_SPACE	ytee@152;y	ytee y	2	1,2	1	2	ytee	y	MULTI_ASCII_FRAGMENT	MULTI_FRAGMENT_MIXED_RETAINED_OMITTED
RF1b|f86v3.13|G007	RF1b	f86v3.13	f86v3	CONFIRMED_PROSE	P	7	11	DEFINITE_SPACE	DEFINITE_SPACE	che@152;aiin	che aiin	2	7,8	7,8		che aiin		MULTI_ASCII_FRAGMENT	MULTI_FRAGMENT_ALL_RETAINED
RF1b|f86v3.13|G010	RF1b	f86v3.13	f86v3	CONFIRMED_PROSE	P	10	11	DEFINITE_SPACE	DEFINITE_SPACE	qoka@152;y	qoka y	2	11,12	11	12	qoka	y	MULTI_ASCII_FRAGMENT	MULTI_FRAGMENT_MIXED_RETAINED_OMITTED
RF1b|f86v3.15|G002	RF1b	f86v3.15	f86v3	CONFIRMED_PROSE	P	2	7	DEFINITE_SPACE	DEFINITE_SPACE	dalksh@152;y	dalksh y	2	2,3	2	3	dalksh	y	MULTI_ASCII_FRAGMENT	MULTI_FRAGMENT_MIXED_RETAINED_OMITTED
RF1b|f86v3.16|G002	RF1b	f86v3.16	f86v3	CONFIRMED_PROSE	P	2	6	DEFINITE_SPACE	DEFINITE_SPACE	skeeo@152;y	skeeo y	2	2,3	2	3	skeeo	y	MULTI_ASCII_FRAGMENT	MULTI_FRAGMENT_MIXED_RETAINED_OMITTED
RF1b|f86v3.16|G004	RF1b	f86v3.16	f86v3	CONFIRMED_PROSE	P	4	6	DEFINITE_SPACE	DEFINITE_SPACE	cheo@152;ain	cheo ain	2	5,6	5,6		cheo ain		MULTI_ASCII_FRAGMENT	MULTI_FRAGMENT_ALL_RETAINED
RF1b|f86v3.16|G006	RF1b	f86v3.16	f86v3	CONFIRMED_PROSE	P	6	6	DRAWING_INTERRUPTION	LINE_END	saral@152;y	saral y	2	8,9	8	9	saral	y	MULTI_ASCII_FRAGMENT	MULTI_FRAGMENT_MIXED_RETAINED_OMITTED
RF1b|f86v3.18|G001	RF1b	f86v3.18	f86v3	CONFIRMED_PROSE	P	1	7	LINE_START	DEFINITE_SPACE	pche@152;aiin	pche aiin	2	1,2	1,2		pche aiin		MULTI_ASCII_FRAGMENT	MULTI_FRAGMENT_ALL_RETAINED
RF1b|f86v3.18|G002	RF1b	f86v3.18	f86v3	CONFIRMED_PROSE	P	2	7	DEFINITE_SPACE	DEFINITE_SPACE	dche@152;y	dche y	2	3,4	3	4	dche	y	MULTI_ASCII_FRAGMENT	MULTI_FRAGMENT_MIXED_RETAINED_OMITTED
RF1b|f86v3.18|G003	RF1b	f86v3.18	f86v3	CONFIRMED_PROSE	P	3	7	DEFINITE_SPACE	DEFINITE_SPACE	qokch@152;y	qokch y	2	5,6	5	6	qokch	y	MULTI_ASCII_FRAGMENT	MULTI_FRAGMENT_MIXED_RETAINED_OMITTED
RF1b|f86v3.19|G006	RF1b	f86v3.19	f86v3	CONFIRMED_PROSE	P	6	10	DEFINITE_SPACE	DEFINITE_SPACE	kch@152;y	kch y	2	6,7	6	7	kch	y	MULTI_ASCII_FRAGMENT	MULTI_FRAGMENT_MIXED_RETAINED_OMITTED
RF1b|f86v3.19|G008	RF1b	f86v3.19	f86v3	CONFIRMED_PROSE	P	8	10	DEFINITE_SPACE	DEFINITE_SPACE	tch@152;y	tch y	2	9,10	9	10	tch	y	MULTI_ASCII_FRAGMENT	MULTI_FRAGMENT_MIXED_RETAINED_OMITTED
RF1b|f86v3.19|G010	RF1b	f86v3.19	f86v3	CONFIRMED_PROSE	P	10	10	DEFINITE_SPACE	LINE_END	aiin@152;y	aiin y	2	12,13	12	13	aiin	y	MULTI_ASCII_FRAGMENT	MULTI_FRAGMENT_MIXED_RETAINED_OMITTED
RF1b|f86v3.2|G002	RF1b	f86v3.2	f86v3	CONFIRMED_PROSE	P	2	8	DEFINITE_SPACE	DEFINITE_SPACE	yche@152;y	yche y	2	2,3	2	3	yche	y	MULTI_ASCII_FRAGMENT	MULTI_FRAGMENT_MIXED_RETAINED_OMITTED
RF1b|f86v3.2|G005	RF1b	f86v3.2	f86v3	CONFIRMED_PROSE	P	5	8	DEFINITE_SPACE	DEFINITE_SPACE	cheo@152;y	cheo y	2	6,7	6	7	cheo	y	MULTI_ASCII_FRAGMENT	MULTI_FRAGMENT_MIXED_RETAINED_OMITTED
RF1b|f86v3.21|G003	RF1b	f86v3.21	f86v3	CONFIRMED_PROSE	P	3	9	DEFINITE_SPACE	DEFINITE_SPACE	tch@152;y	tch y	2	3,4	3	4	tch	y	MULTI_ASCII_FRAGMENT	MULTI_FRAGMENT_MIXED_RETAINED_OMITTED
RF1b|f86v3.21|G004	RF1b	f86v3.21	f86v3	CONFIRMED_PROSE	P	4	9	DEFINITE_SPACE	DEFINITE_SPACE	sh@152;y	sh y	2	5,6	5	6	sh	y	MULTI_ASCII_FRAGMENT	MULTI_FRAGMENT_MIXED_RETAINED_OMITTED
RF1b|f86v3.23|G003	RF1b	f86v3.23	f86v3	CONFIRMED_PROSE	P	3	8	DEFINITE_SPACE	DEFINITE_SPACE	sh@152;y	sh y	2	3,4	3	4	sh	y	MULTI_ASCII_FRAGMENT	MULTI_FRAGMENT_MIXED_RETAINED_OMITTED
RF1b|f86v3.24|G001	RF1b	f86v3.24	f86v3	CONFIRMED_PROSE	P	1	10	LINE_START	DEFINITE_SPACE	dshe@152;y	dshe y	2	1,2	1	2	dshe	y	MULTI_ASCII_FRAGMENT	MULTI_FRAGMENT_MIXED_RETAINED_OMITTED
RF1b|f86v3.24|G004	RF1b	f86v3.24	f86v3	CONFIRMED_PROSE	P	4	10	DEFINITE_SPACE	DEFINITE_SPACE	she@152;y	she y	2	5,6	5	6	she	y	MULTI_ASCII_FRAGMENT	MULTI_FRAGMENT_MIXED_RETAINED_OMITTED
RF1b|f86v3.24|G005	RF1b	f86v3.24	f86v3	CONFIRMED_PROSE	P	5	10	DEFINITE_SPACE	DEFINITE_SPACE	qo@176;aiin	qo aiin	2	7,8	7,8		qo aiin		MULTI_ASCII_FRAGMENT	MULTI_FRAGMENT_ALL_RETAINED
RF1b|f86v3.24|G006	RF1b	f86v3.24	f86v3	CONFIRMED_PROSE	P	6	10	DEFINITE_SPACE	DEFINITE_SPACE	ch@152;y	ch y	2	9,10	9	10	ch	y	MULTI_ASCII_FRAGMENT	MULTI_FRAGMENT_MIXED_RETAINED_OMITTED
RF1b|f86v3.25|G008	RF1b	f86v3.25	f86v3	CONFIRMED_PROSE	P	8	12	DEFINITE_SPACE	DEFINITE_SPACE	ch@152;y	ch y	2	8,9	8	9	ch	y	MULTI_ASCII_FRAGMENT	MULTI_FRAGMENT_MIXED_RETAINED_OMITTED
RF1b|f86v3.25|G009	RF1b	f86v3.25	f86v3	CONFIRMED_PROSE	P	9	12	DEFINITE_SPACE	DEFINITE_SPACE	otee@152;y	otee y	2	10,11	10	11	otee	y	MULTI_ASCII_FRAGMENT	MULTI_FRAGMENT_MIXED_RETAINED_OMITTED
RF1b|f86v3.26|G004	RF1b	f86v3.26	f86v3	CONFIRMED_PROSE	P	4	9	DEFINITE_SPACE	DEFINITE_SPACE	she@152;aiin	she aiin	2	4,5	4,5		she aiin		MULTI_ASCII_FRAGMENT	MULTI_FRAGMENT_ALL_RETAINED
RF1b|f86v3.26|G008	RF1b	f86v3.26	f86v3	CONFIRMED_PROSE	P	8	9	DEFINITE_SPACE	DEFINITE_SPACE	oto@152;ar	oto ar	2	9,10	9,10		oto ar		MULTI_ASCII_FRAGMENT	MULTI_FRAGMENT_ALL_RETAINED
RF1b|f86v3.29|G004	RF1b	f86v3.29	f86v3	CONFIRMED_PROSE	P	4	5	DEFINITE_SPACE	DEFINITE_SPACE	she@152;y	she y	2	4,5	4	5	she	y	MULTI_ASCII_FRAGMENT	MULTI_FRAGMENT_MIXED_RETAINED_OMITTED
RF1b|f86v3.30|G003	RF1b	f86v3.30	f86v3	CONFIRMED_PROSE	P	3	7	DEFINITE_SPACE	DEFINITE_SPACE	ch@152;al	ch al	2	3,4	3,4		ch al		MULTI_ASCII_FRAGMENT	MULTI_FRAGMENT_ALL_RETAINED
RF1b|f86v3.31|G001	RF1b	f86v3.31	f86v3	CONFIRMED_PROSE	P	1	7	LINE_START	DEFINITE_SPACE	tche@152;y	tche y	2	1,2	1	2	tche	y	MULTI_ASCII_FRAGMENT	MULTI_FRAGMENT_MIXED_RETAINED_OMITTED
RF1b|f86v3.31|G006	RF1b	f86v3.31	f86v3	CONFIRMED_PROSE	P	6	7	DEFINITE_SPACE	DEFINITE_SPACE	oee@152;y	oee y	2	7,8	7	8	oee	y	MULTI_ASCII_FRAGMENT	MULTI_FRAGMENT_MIXED_RETAINED_OMITTED
RF1b|f86v3.32|G003	RF1b	f86v3.32	f86v3	CONFIRMED_PROSE	P	3	6	DEFINITE_SPACE	DEFINITE_SPACE	yteee@152;y	yteee y	2	3,4	3	4	yteee	y	MULTI_ASCII_FRAGMENT	MULTI_FRAGMENT_MIXED_RETAINED_OMITTED
RF1b|f86v3.32|G004	RF1b	f86v3.32	f86v3	CONFIRMED_PROSE	P	4	6	DEFINITE_SPACE	DEFINITE_SPACE	che@152;y	che y	2	5,6	5	6	che	y	MULTI_ASCII_FRAGMENT	MULTI_FRAGMENT_MIXED_RETAINED_OMITTED
RF1b|f86v3.35|G004	RF1b	f86v3.35	f86v3	CONFIRMED_PROSE	P	4	6	DEFINITE_SPACE	DEFINITE_SPACE	otche@152;y	otche y	2	4,5	4	5	otche	y	MULTI_ASCII_FRAGMENT	MULTI_FRAGMENT_MIXED_RETAINED_OMITTED
RF1b|f86v3.5|G003	RF1b	f86v3.5	f86v3	CONFIRMED_PROSE	P	3	7	DEFINITE_SPACE	DEFINITE_SPACE	ch@152;y	ch y	2	3,4	3	4	ch	y	MULTI_ASCII_FRAGMENT	MULTI_FRAGMENT_MIXED_RETAINED_OMITTED
RF1b|f86v3.6|G006	RF1b	f86v3.6	f86v3	CONFIRMED_PROSE	P	6	8	DEFINITE_SPACE	DEFINITE_SPACE	ch@152;ar	ch ar	2	6,7	6,7		ch ar		MULTI_ASCII_FRAGMENT	MULTI_FRAGMENT_ALL_RETAINED
RF1b|f86v3.9|G004	RF1b	f86v3.9	f86v3	CONFIRMED_PROSE	P	4	12	DEFINITE_SPACE	DEFINITE_SPACE	ypche@152;y	ypche y	2	4,5	4	5	ypche	y	MULTI_ASCII_FRAGMENT	MULTI_FRAGMENT_MIXED_RETAINED_OMITTED
RF1b|f86v3.9|G005	RF1b	f86v3.9	f86v3	CONFIRMED_PROSE	P	5	12	DEFINITE_SPACE	DEFINITE_SPACE	okche@152;y	okche y	2	6,7	6	7	okche	y	MULTI_ASCII_FRAGMENT	MULTI_FRAGMENT_MIXED_RETAINED_OMITTED
RF1b|f86v3.9|G007	RF1b	f86v3.9	f86v3	CONFIRMED_PROSE	P	7	12	DEFINITE_SPACE	DEFINITE_SPACE	acheo@152;y	acheo y	2	9,10	9	10	acheo	y	MULTI_ASCII_FRAGMENT	MULTI_FRAGMENT_MIXED_RETAINED_OMITTED
RF1b|f86v3.9|G009	RF1b	f86v3.9	f86v3	CONFIRMED_PROSE	P	9	12	DEFINITE_SPACE	DEFINITE_SPACE	she@152;y	she y	2	12,13	12	13	she	y	MULTI_ASCII_FRAGMENT	MULTI_FRAGMENT_MIXED_RETAINED_OMITTED
RF1b|f86v3.9|G012	RF1b	f86v3.9	f86v3	CONFIRMED_PROSE	P	12	12	DEFINITE_SPACE	LINE_END	@152;a@152;y	a y	2	16,17	16	17	a	y	MULTI_ASCII_FRAGMENT	MULTI_FRAGMENT_MIXED_RETAINED_OMITTED
RF1b|f86v4.1|G004	RF1b	f86v4.1	f86v4	DIAGNOSTIC_NONPROSE	C	4	41	DEFINITE_SPACE	DEFINITE_SPACE	pch?@152;ar	pch ar	2	4,5	4,5		pch ar		MULTI_ASCII_FRAGMENT	MULTI_FRAGMENT_ALL_RETAINED
RF1b|f86v4.1|G007	RF1b	f86v4.1	f86v4	DIAGNOSTIC_NONPROSE	C	7	41	DEFINITE_SPACE	DEFINITE_SPACE	cheepch@152;y	cheepch y	2	8,9	8	9	cheepch	y	MULTI_ASCII_FRAGMENT	MULTI_FRAGMENT_MIXED_RETAINED_OMITTED
RF1b|f86v4.1|G008	RF1b	f86v4.1	f86v4	DIAGNOSTIC_NONPROSE	C	8	41	DEFINITE_SPACE	DEFINITE_SPACE	lpche@152;y	lpche y	2	10,11	10	11	lpche	y	MULTI_ASCII_FRAGMENT	MULTI_FRAGMENT_MIXED_RETAINED_OMITTED
RF1b|f86v4.1|G011	RF1b	f86v4.1	f86v4	DIAGNOSTIC_NONPROSE	C	11	41	DEFINITE_SPACE	DEFINITE_SPACE	dch@152;or	dch or	2	14,15	14,15		dch or		MULTI_ASCII_FRAGMENT	MULTI_FRAGMENT_ALL_RETAINED
RF1b|f86v4.1|G023	RF1b	f86v4.1	f86v4	DIAGNOSTIC_NONPROSE	C	23	41	DEFINITE_SPACE	DEFINITE_SPACE	ote@152;y	ote y	2	27,28	27	28	ote	y	MULTI_ASCII_FRAGMENT	MULTI_FRAGMENT_MIXED_RETAINED_OMITTED
RF1b|f86v4.1|G025	RF1b	f86v4.1	f86v4	DIAGNOSTIC_NONPROSE	C	25	41	DEFINITE_SPACE	DEFINITE_SPACE	che@152;y	che y	2	30,31	30	31	che	y	MULTI_ASCII_FRAGMENT	MULTI_FRAGMENT_MIXED_RETAINED_OMITTED
RF1b|f86v4.2|G004	RF1b	f86v4.2	f86v4	DIAGNOSTIC_NONPROSE	C	4	33	DEFINITE_SPACE	DEFINITE_SPACE	ote@152;aiin	ote aiin	2	4,5	4,5		ote aiin		MULTI_ASCII_FRAGMENT	MULTI_FRAGMENT_ALL_RETAINED
RF1b|f86v4.2|G005	RF1b	f86v4.2	f86v4	DIAGNOSTIC_NONPROSE	C	5	33	DEFINITE_SPACE	DEFINITE_SPACE	ote@152;y	ote y	2	6,7	6	7	ote	y	MULTI_ASCII_FRAGMENT	MULTI_FRAGMENT_MIXED_RETAINED_OMITTED
RF1b|f86v4.2|G007	RF1b	f86v4.2	f86v4	DIAGNOSTIC_NONPROSE	C	7	33	DEFINITE_SPACE	DEFINITE_SPACE	che@152;aiin	che aiin	2	9,10	9,10		che aiin		MULTI_ASCII_FRAGMENT	MULTI_FRAGMENT_ALL_RETAINED
RF1b|f86v4.2|G008	RF1b	f86v4.2	f86v4	DIAGNOSTIC_NONPROSE	C	8	33	DEFINITE_SPACE	DEFINITE_SPACE	octhe@152;y	octhe y	2	11,12	11	12	octhe	y	MULTI_ASCII_FRAGMENT	MULTI_FRAGMENT_MIXED_RETAINED_OMITTED
RF1b|f86v4.2|G021	RF1b	f86v4.2	f86v4	DIAGNOSTIC_NONPROSE	C	21	33	DEFINITE_SPACE	DEFINITE_SPACE	qote@152;aiin	qote aiin	2	25,26	25,26		qote aiin		MULTI_ASCII_FRAGMENT	MULTI_FRAGMENT_ALL_RETAINED
RF1b|f86v4.2|G022	RF1b	f86v4.2	f86v4	DIAGNOSTIC_NONPROSE	C	22	33	DEFINITE_SPACE	DEFINITE_SPACE	che@152;y	che y	2	27,28	27	28	che	y	MULTI_ASCII_FRAGMENT	MULTI_FRAGMENT_MIXED_RETAINED_OMITTED
RF1b|f86v4.2|G023	RF1b	f86v4.2	f86v4	DIAGNOSTIC_NONPROSE	C	23	33	DEFINITE_SPACE	DEFINITE_SPACE	tch@152;y	tch y	2	29,30	29	30	tch	y	MULTI_ASCII_FRAGMENT	MULTI_FRAGMENT_MIXED_RETAINED_OMITTED
RF1b|f86v4.2|G024	RF1b	f86v4.2	f86v4	DIAGNOSTIC_NONPROSE	C	24	33	DEFINITE_SPACE	DEFINITE_SPACE	chet@152;y	chet y	2	31,32	31	32	chet	y	MULTI_ASCII_FRAGMENT	MULTI_FRAGMENT_MIXED_RETAINED_OMITTED
RF1b|f86v4.2|G025	RF1b	f86v4.2	f86v4	DIAGNOSTIC_NONPROSE	C	25	33	DEFINITE_SPACE	DEFINITE_SPACE	che@152;y	che y	2	33,34	33	34	che	y	MULTI_ASCII_FRAGMENT	MULTI_FRAGMENT_MIXED_RETAINED_OMITTED
RF1b|f86v4.2|G027	RF1b	f86v4.2	f86v4	DIAGNOSTIC_NONPROSE	C	27	33	DEFINITE_SPACE	DEFINITE_SPACE	che@152;y	che y	2	36,37	36	37	che	y	MULTI_ASCII_FRAGMENT	MULTI_FRAGMENT_MIXED_RETAINED_OMITTED
RF1b|f86v4.3|G014	RF1b	f86v4.3	f86v4	DIAGNOSTIC_NONPROSE	C	14	36	DEFINITE_SPACE	DEFINITE_SPACE	otee@152;y	otee y	2	14,15	14	15	otee	y	MULTI_ASCII_FRAGMENT	MULTI_FRAGMENT_MIXED_RETAINED_OMITTED
RF1b|f86v4.3|G022	RF1b	f86v4.3	f86v4	DIAGNOSTIC_NONPROSE	C	22	36	DEFINITE_SPACE	DEFINITE_SPACE	sch@152;y	sch y	2	23,24	23	24	sch	y	MULTI_ASCII_FRAGMENT	MULTI_FRAGMENT_MIXED_RETAINED_OMITTED
RF1b|f86v4.4|G015	RF1b	f86v4.4	f86v4	DIAGNOSTIC_NONPROSE	C	15	34	DEFINITE_SPACE	DEFINITE_SPACE	ote@152;y	ote y	2	15,16	15	16	ote	y	MULTI_ASCII_FRAGMENT	MULTI_FRAGMENT_MIXED_RETAINED_OMITTED
RF1b|f86v5.18|G001	RF1b	f86v5.18	f86v5	CONFIRMED_PROSE	P	1	11	LINE_START	DEFINITE_SPACE	pol@152;aiin	pol aiin	2	1,2	1,2		pol aiin		MULTI_ASCII_FRAGMENT	MULTI_FRAGMENT_ALL_RETAINED
RF1b|f86v5.18|G010	RF1b	f86v5.18	f86v5	CONFIRMED_PROSE	P	10	11	DEFINITE_SPACE	DEFINITE_SPACE	yte@152;y	yte y	2	11,12	11	12	yte	y	MULTI_ASCII_FRAGMENT	MULTI_FRAGMENT_MIXED_RETAINED_OMITTED
RF1b|f86v5.2|G011	RF1b	f86v5.2	f86v5	CONFIRMED_PROSE	P	11	13	DEFINITE_SPACE	DEFINITE_SPACE	yt@221;l	yt l	2	11,12	11,12		yt l		MULTI_ASCII_FRAGMENT	MULTI_FRAGMENT_ALL_RETAINED
RF1b|f86v5.22|G007	RF1b	f86v5.22	f86v5	CONFIRMED_PROSE	P	7	9	DEFINITE_SPACE	DEFINITE_SPACE	teo@152;kaiin	teo kaiin	2	7,8	7,8		teo kaiin		MULTI_ASCII_FRAGMENT	MULTI_FRAGMENT_ALL_RETAINED
RF1b|f86v5.28|G010	RF1b	f86v5.28	f86v5	CONFIRMED_PROSE	P	10	11	DEFINITE_SPACE	DEFINITE_SPACE	{cr}		0						ZERO_ASCII_FRAGMENT	SOURCE_GROUP_ABSENT_FROM_LEGACY_ASCII
RF1b|f86v5.3|G002	RF1b	f86v5.3	f86v5	CONFIRMED_PROSE	P	2	9	DEFINITE_SPACE	DEFINITE_SPACE	ch@152;y	ch y	2	2,3	2	3	ch	y	MULTI_ASCII_FRAGMENT	MULTI_FRAGMENT_MIXED_RETAINED_OMITTED
RF1b|f86v5.3|G003	RF1b	f86v5.3	f86v5	CONFIRMED_PROSE	P	3	9	DEFINITE_SPACE	DEFINITE_SPACE	qok@221;r	qok r	2	4,5	4,5		qok r		MULTI_ASCII_FRAGMENT	MULTI_FRAGMENT_ALL_RETAINED
RF1b|f86v5.31|G008	RF1b	f86v5.31	f86v5	CONFIRMED_PROSE	P	8	10	DEFINITE_SPACE	DEFINITE_SPACE	yto@152;y	yto y	2	8,9	8	9	yto	y	MULTI_ASCII_FRAGMENT	MULTI_FRAGMENT_MIXED_RETAINED_OMITTED
RF1b|f86v5.35|G010	RF1b	f86v5.35	f86v5	CONFIRMED_PROSE	P	10	12	DEFINITE_SPACE	DEFINITE_SPACE	qoo@152;y	qoo y	2	10,11	10	11	qoo	y	MULTI_ASCII_FRAGMENT	MULTI_FRAGMENT_MIXED_RETAINED_OMITTED
RF1b|f86v5.4|G008	RF1b	f86v5.4	f86v5	CONFIRMED_PROSE	P	8	11	DEFINITE_SPACE	DEFINITE_SPACE	lte@152;y	lte y	2	8,9	8	9	lte	y	MULTI_ASCII_FRAGMENT	MULTI_FRAGMENT_MIXED_RETAINED_OMITTED
RF1b|f86v5.6|G001	RF1b	f86v5.6	f86v5	CONFIRMED_PROSE	P	1	7	LINE_START	DEFINITE_SPACE	olkee@152;y	olkee y	2	1,2	1	2	olkee	y	MULTI_ASCII_FRAGMENT	MULTI_FRAGMENT_MIXED_RETAINED_OMITTED
RF1b|f86v5.6|G005	RF1b	f86v5.6	f86v5	CONFIRMED_PROSE	P	5	7	DEFINITE_SPACE	DEFINITE_SPACE	sh@152;am	sh am	2	6,7	6,7		sh am		MULTI_ASCII_FRAGMENT	MULTI_FRAGMENT_ALL_RETAINED
RF1b|f86v5.8|G006	RF1b	f86v5.8	f86v5	CONFIRMED_PROSE	P	6	11	DEFINITE_SPACE	DEFINITE_SPACE	t@221;r	t r	2	6,7	6,7		t r		MULTI_ASCII_FRAGMENT	MULTI_FRAGMENT_ALL_RETAINED
RF1b|f86v6.12|G001	RF1b	f86v6.12	f86v6	CONFIRMED_PROSE	P	1	4	LINE_START	DEFINITE_SPACE	ykeeal@221;r	ykeeal r	2	1,2	1,2		ykeeal r		MULTI_ASCII_FRAGMENT	MULTI_FRAGMENT_ALL_RETAINED
RF1b|f86v6.17|G006	RF1b	f86v6.17	f86v6	CONFIRMED_PROSE	P	6	14	DEFINITE_SPACE	DEFINITE_SPACE	qckhe@221;r	qckhe r	2	6,7	6,7		qckhe r		MULTI_ASCII_FRAGMENT	MULTI_FRAGMENT_ALL_RETAINED
RF1b|f86v6.23|G003	RF1b	f86v6.23	f86v6	CONFIRMED_PROSE	P	3	13	DEFINITE_SPACE	DEFINITE_SPACE	ot@221;r	ot r	2	3,4	3,4		ot r		MULTI_ASCII_FRAGMENT	MULTI_FRAGMENT_ALL_RETAINED
RF1b|f86v6.24|G011	RF1b	f86v6.24	f86v6	CONFIRMED_PROSE	P	11	13	DEFINITE_SPACE	DEFINITE_SPACE	tche@152;y	tche y	2	11,12	11	12	tche	y	MULTI_ASCII_FRAGMENT	MULTI_FRAGMENT_MIXED_RETAINED_OMITTED
RF1b|f86v6.25|G010	RF1b	f86v6.25	f86v6	CONFIRMED_PROSE	P	10	12	DEFINITE_SPACE	DEFINITE_SPACE	qo@176;aiin	qo aiin	2	10,11	10,11		qo aiin		MULTI_ASCII_FRAGMENT	MULTI_FRAGMENT_ALL_RETAINED
RF1b|f86v6.27|G009	RF1b	f86v6.27	f86v6	CONFIRMED_PROSE	P	9	12	DEFINITE_SPACE	DEFINITE_SPACE	qote@152;y	qote y	2	9,10	9	10	qote	y	MULTI_ASCII_FRAGMENT	MULTI_FRAGMENT_MIXED_RETAINED_OMITTED
RF1b|f86v6.28|G010	RF1b	f86v6.28	f86v6	CONFIRMED_PROSE	P	10	13	DEFINITE_SPACE	DEFINITE_SPACE	tshe@152;y	tshe y	2	10,11	10	11	tshe	y	MULTI_ASCII_FRAGMENT	MULTI_FRAGMENT_MIXED_RETAINED_OMITTED
RF1b|f86v6.3|G012	RF1b	f86v6.3	f86v6	CONFIRMED_PROSE	P	12	13	DEFINITE_SPACE	DEFINITE_SPACE	ch@152;y	ch y	2	12,13	12	13	ch	y	MULTI_ASCII_FRAGMENT	MULTI_FRAGMENT_MIXED_RETAINED_OMITTED
RF1b|f86v6.30|G007	RF1b	f86v6.30	f86v6	CONFIRMED_PROSE	P	7	10	DEFINITE_SPACE	DEFINITE_SPACE	qopche@152;y	qopche y	2	7,8	7	8	qopche	y	MULTI_ASCII_FRAGMENT	MULTI_FRAGMENT_MIXED_RETAINED_OMITTED
RF1b|f86v6.38|G001	RF1b	f86v6.38	f86v6	CONFIRMED_PROSE	P	1	10	LINE_START	DEFINITE_SPACE	p@221;iin	p iin	2	1,2	2	1	iin	p	MULTI_ASCII_FRAGMENT	MULTI_FRAGMENT_MIXED_RETAINED_OMITTED
RF1b|f86v6.4|G007	RF1b	f86v6.4	f86v6	CONFIRMED_PROSE	P	7	12	DEFINITE_SPACE	DEFINITE_SPACE	sh@152;al	sh al	2	7,8	7,8		sh al		MULTI_ASCII_FRAGMENT	MULTI_FRAGMENT_ALL_RETAINED
RF1b|f86v6.4|G008	RF1b	f86v6.4	f86v6	CONFIRMED_PROSE	P	8	12	DEFINITE_SPACE	DEFINITE_SPACE	ote@221;r	ote r	2	9,10	9,10		ote r		MULTI_ASCII_FRAGMENT	MULTI_FRAGMENT_ALL_RETAINED
RF1b|f86v6.40|G004	RF1b	f86v6.40	f86v6	CONFIRMED_PROSE	P	4	11	DEFINITE_SPACE	DEFINITE_SPACE	tsh@152;y	tsh y	2	4,5	4	5	tsh	y	MULTI_ASCII_FRAGMENT	MULTI_FRAGMENT_MIXED_RETAINED_OMITTED
RF1b|f86v6.41|G009	RF1b	f86v6.41	f86v6	CONFIRMED_PROSE	P	9	9	DEFINITE_SPACE	LINE_END	yto@152;y	yto y	2	9,10	9	10	yto	y	MULTI_ASCII_FRAGMENT	MULTI_FRAGMENT_MIXED_RETAINED_OMITTED
RF1b|f86v6.44|G004	RF1b	f86v6.44	f86v6	CONFIRMED_PROSE	P	4	9	DEFINITE_SPACE	DEFINITE_SPACE	ch@221;kaiin	ch kaiin	2	4,5	4,5		ch kaiin		MULTI_ASCII_FRAGMENT	MULTI_FRAGMENT_ALL_RETAINED
RF1b|f86v6.45|G008	RF1b	f86v6.45	f86v6	CONFIRMED_PROSE	P	8	8	DEFINITE_SPACE	LINE_END	ai@221;dam	ai dam	2	8,9	8,9		ai dam		MULTI_ASCII_FRAGMENT	MULTI_FRAGMENT_ALL_RETAINED
RF1b|f86v6.7|G003	RF1b	f86v6.7	f86v6	CONFIRMED_PROSE	P	3	15	DEFINITE_SPACE	DEFINITE_SPACE	lche@152;or	lche or	2	3,4	3,4		lche or		MULTI_ASCII_FRAGMENT	MULTI_FRAGMENT_ALL_RETAINED
RF1b|f87r.9|G005	RF1b	f87r.9	f87r	CONFIRMED_PROSE	P	5	5	DEFINITE_SPACE	LINE_END	s@221;raiin	s raiin	2	5,6	5,6		s raiin		MULTI_ASCII_FRAGMENT	MULTI_FRAGMENT_ALL_RETAINED
RF1b|f88r.21|G003	RF1b	f88r.21	f88r	CONFIRMED_PROSE	P	3	8	DEFINITE_SPACE	DEFINITE_SPACE	olsheo@152;y	olsheo y	2	3,4	3	4	olsheo	y	MULTI_ASCII_FRAGMENT	MULTI_FRAGMENT_MIXED_RETAINED_OMITTED
RF1b|f88r.26|G005	RF1b	f88r.26	f88r	CONFIRMED_PROSE	P	5	7	DEFINITE_SPACE	DEFINITE_SPACE	pol@152;y	pol y	2	5,6	5	6	pol	y	MULTI_ASCII_FRAGMENT	MULTI_FRAGMENT_MIXED_RETAINED_OMITTED
RF1b|f88v.1|G001	RF1b	f88v.1	f88v	DIAGNOSTIC_NONPROSE	L	1	1	LINE_START	LINE_END	ok@221;lyd	ok lyd	2	1,2	1,2		ok lyd		MULTI_ASCII_FRAGMENT	MULTI_FRAGMENT_ALL_RETAINED
RF1b|f88v.24|G006	RF1b	f88v.24	f88v	CONFIRMED_PROSE	P	6	8	DEFINITE_SPACE	DEFINITE_SPACE	qokeo@152;y	qokeo y	2	6,7	6	7	qokeo	y	MULTI_ASCII_FRAGMENT	MULTI_FRAGMENT_MIXED_RETAINED_OMITTED
RF1b|f88v.27|G001	RF1b	f88v.27	f88v	DIAGNOSTIC_NONPROSE	L	1	1	LINE_START	LINE_END	daram@152;al	daram al	2	1,2	1,2		daram al		MULTI_ASCII_FRAGMENT	MULTI_FRAGMENT_ALL_RETAINED
RF1b|f88v.29|G001	RF1b	f88v.29	f88v	DIAGNOSTIC_NONPROSE	L	1	1	LINE_START	LINE_END	ot@152;or@152;y	ot or y	3	1,2,3	1,2	3	ot or	y	MULTI_ASCII_FRAGMENT	MULTI_FRAGMENT_MIXED_RETAINED_OMITTED
RF1b|f88v.30|G001	RF1b	f88v.30	f88v	DIAGNOSTIC_NONPROSE	L	1	1	LINE_START	LINE_END	darar@152;am	darar am	2	1,2	1,2		darar am		MULTI_ASCII_FRAGMENT	MULTI_FRAGMENT_ALL_RETAINED
RF1b|f88v.6|G008	RF1b	f88v.6	f88v	CONFIRMED_PROSE	P	8	8	DEFINITE_SPACE	LINE_END	sal@152;aiin	sal aiin	2	8,9	8,9		sal aiin		MULTI_ASCII_FRAGMENT	MULTI_FRAGMENT_ALL_RETAINED
RF1b|f89r1.10|G001	RF1b	f89r1.10	f89r1	CONFIRMED_PROSE	P	1	10	LINE_START	DEFINITE_SPACE	t@152;ain	t ain	2	1,2	1,2		t ain		MULTI_ASCII_FRAGMENT	MULTI_FRAGMENT_ALL_RETAINED
RF1b|f89r1.17|G002	RF1b	f89r1.17	f89r1	CONFIRMED_PROSE	P	2	9	DEFINITE_SPACE	DEFINITE_SPACE	che@221;l	che l	2	2,3	2,3		che l		MULTI_ASCII_FRAGMENT	MULTI_FRAGMENT_ALL_RETAINED
RF1b|f89r1.17|G007	RF1b	f89r1.17	f89r1	CONFIRMED_PROSE	P	7	9	DEFINITE_SPACE	DEFINITE_SPACE	{ykh}e@152;y	e y	2	8,9	8	9	e	y	MULTI_ASCII_FRAGMENT	MULTI_FRAGMENT_MIXED_RETAINED_OMITTED
RF1b|f89r2.12|G008	RF1b	f89r2.12	f89r2	CONFIRMED_PROSE	P	8	16	DEFINITE_SPACE	DEFINITE_SPACE	ol@152;aiin	ol aiin	2	8,9	8,9		ol aiin		MULTI_ASCII_FRAGMENT	MULTI_FRAGMENT_ALL_RETAINED
RF1b|f89r2.13|G014	RF1b	f89r2.13	f89r2	CONFIRMED_PROSE	P	14	17	DEFINITE_SPACE	DEFINITE_SPACE	kol@152;am	kol am	2	14,15	14,15		kol am		MULTI_ASCII_FRAGMENT	MULTI_FRAGMENT_ALL_RETAINED
RF1b|f89r2.17|G001	RF1b	f89r2.17	f89r2	DIAGNOSTIC_NONPROSE	L	1	1	LINE_START	LINE_END	so@152;ar	so ar	2	1,2	1,2		so ar		MULTI_ASCII_FRAGMENT	MULTI_FRAGMENT_ALL_RETAINED
RF1b|f89r2.22|G011	RF1b	f89r2.22	f89r2	CONFIRMED_PROSE	P	11	13	DEFINITE_SPACE	DEFINITE_SPACE	ol@152;y	ol y	2	11,12	11	12	ol	y	MULTI_ASCII_FRAGMENT	MULTI_FRAGMENT_MIXED_RETAINED_OMITTED
RF1b|f89r2.23|G011	RF1b	f89r2.23	f89r2	CONFIRMED_PROSE	P	11	17	UNCERTAIN_SMALL_SPACE	DEFINITE_SPACE	keo@152;y	keo y	2	11,12	11	12	keo	y	MULTI_ASCII_FRAGMENT	MULTI_FRAGMENT_MIXED_RETAINED_OMITTED
RF1b|f89r2.25|G002	RF1b	f89r2.25	f89r2	CONFIRMED_PROSE	P	2	18	DEFINITE_SPACE	DEFINITE_SPACE	d@221;l	d l	2	2,3	2,3		d l		MULTI_ASCII_FRAGMENT	MULTI_FRAGMENT_ALL_RETAINED
RF1b|f89r2.6|G005	RF1b	f89r2.6	f89r2	CONFIRMED_PROSE	P	5	15	DEFINITE_SPACE	DEFINITE_SPACE	qoke@152;y	qoke y	2	5,6	5	6	qoke	y	MULTI_ASCII_FRAGMENT	MULTI_FRAGMENT_MIXED_RETAINED_OMITTED
RF1b|f89r2.6|G014	RF1b	f89r2.6	f89r2	CONFIRMED_PROSE	P	14	15	DEFINITE_SPACE	DEFINITE_SPACE	chol@152;y	chol y	2	15,16	15	16	chol	y	MULTI_ASCII_FRAGMENT	MULTI_FRAGMENT_MIXED_RETAINED_OMITTED
RF1b|f89r2.7|G013	RF1b	f89r2.7	f89r2	CONFIRMED_PROSE	P	13	16	DEFINITE_SPACE	DEFINITE_SPACE	chol@152;y	chol y	2	13,14	13	14	chol	y	MULTI_ASCII_FRAGMENT	MULTI_FRAGMENT_MIXED_RETAINED_OMITTED
RF1b|f89r2.8|G006	RF1b	f89r2.8	f89r2	CONFIRMED_PROSE	P	6	14	DEFINITE_SPACE	DEFINITE_SPACE	cheol@152;y	cheol y	2	6,7	6	7	cheol	y	MULTI_ASCII_FRAGMENT	MULTI_FRAGMENT_MIXED_RETAINED_OMITTED
RF1b|f89r2.8|G010	RF1b	f89r2.8	f89r2	CONFIRMED_PROSE	P	10	14	UNCERTAIN_SMALL_SPACE	DEFINITE_SPACE	???		0						ZERO_ASCII_FRAGMENT	SOURCE_GROUP_ABSENT_FROM_LEGACY_ASCII
RF1b|f89v1.1|G001	RF1b	f89v1.1	f89v1	DIAGNOSTIC_NONPROSE	L	1	1	LINE_START	LINE_END	okaral@152;y	okaral y	2	1,2	1	2	okaral	y	MULTI_ASCII_FRAGMENT	MULTI_FRAGMENT_MIXED_RETAINED_OMITTED
RF1b|f89v1.11|G005	RF1b	f89v1.11	f89v1	CONFIRMED_PROSE	P	5	10	DEFINITE_SPACE	DEFINITE_SPACE	sho@152;ain	sho ain	2	5,6	5,6		sho ain		MULTI_ASCII_FRAGMENT	MULTI_FRAGMENT_ALL_RETAINED
RF1b|f89v1.12|G002	RF1b	f89v1.12	f89v1	CONFIRMED_PROSE	P	2	2	DEFINITE_SPACE	LINE_END	o@152;aiin	o aiin	2	2,3	2,3		o aiin		MULTI_ASCII_FRAGMENT	MULTI_FRAGMENT_ALL_RETAINED
RF1b|f89v1.14|G006	RF1b	f89v1.14	f89v1	CONFIRMED_PROSE	P	6	11	DEFINITE_SPACE	DEFINITE_SPACE	cho@152;y	cho y	2	6,7	6	7	cho	y	MULTI_ASCII_FRAGMENT	MULTI_FRAGMENT_MIXED_RETAINED_OMITTED
RF1b|f89v1.15|G005	RF1b	f89v1.15	f89v1	CONFIRMED_PROSE	P	5	10	DEFINITE_SPACE	DEFINITE_SPACE	dal@152;y	dal y	2	5,6	5	6	dal	y	MULTI_ASCII_FRAGMENT	MULTI_FRAGMENT_MIXED_RETAINED_OMITTED
RF1b|f89v1.16|G004	RF1b	f89v1.16	f89v1	CONFIRMED_PROSE	P	4	9	DEFINITE_SPACE	DEFINITE_SPACE	okal@152;y	okal y	2	4,5	4	5	okal	y	MULTI_ASCII_FRAGMENT	MULTI_FRAGMENT_MIXED_RETAINED_OMITTED
RF1b|f89v1.20|G006	RF1b	f89v1.20	f89v1	CONFIRMED_PROSE	P	6	6	DEFINITE_SPACE	LINE_END	okalchol@152;y	okalchol y	2	6,7	6	7	okalchol	y	MULTI_ASCII_FRAGMENT	MULTI_FRAGMENT_MIXED_RETAINED_OMITTED
RF1b|f89v1.4|G001	RF1b	f89v1.4	f89v1	DIAGNOSTIC_NONPROSE	L	1	1	LINE_START	LINE_END	darsho@152;y	darsho y	2	1,2	1	2	darsho	y	MULTI_ASCII_FRAGMENT	MULTI_FRAGMENT_MIXED_RETAINED_OMITTED
RF1b|f89v1.5|G008	RF1b	f89v1.5	f89v1	CONFIRMED_PROSE	P	8	9	DEFINITE_SPACE	DEFINITE_SPACE	ol@152;aiin	ol aiin	2	8,9	8,9		ol aiin		MULTI_ASCII_FRAGMENT	MULTI_FRAGMENT_ALL_RETAINED
RF1b|f89v1.7|G007	RF1b	f89v1.7	f89v1	CONFIRMED_PROSE	P	7	11	DEFINITE_SPACE	DEFINITE_SPACE	she@221;r	she r	2	7,8	7,8		she r		MULTI_ASCII_FRAGMENT	MULTI_FRAGMENT_ALL_RETAINED
RF1b|f89v1.7|G011	RF1b	f89v1.7	f89v1	CONFIRMED_PROSE	P	11	11	DEFINITE_SPACE	LINE_END	che@221;rory	che rory	2	12,13	12,13		che rory		MULTI_ASCII_FRAGMENT	MULTI_FRAGMENT_ALL_RETAINED
RF1b|f89v2.12|G002	RF1b	f89v2.12	f89v2	DIAGNOSTIC_NONPROSE	L	2	2	DEFINITE_SPACE	LINE_END	cho@152;y	cho y	2	2,3	2	3	cho	y	MULTI_ASCII_FRAGMENT	MULTI_FRAGMENT_MIXED_RETAINED_OMITTED
RF1b|f89v2.16|G007	RF1b	f89v2.16	f89v2	CONFIRMED_PROSE	P	7	13	DEFINITE_SPACE	DEFINITE_SPACE	ykeo@152;y	ykeo y	2	7,8	7	8	ykeo	y	MULTI_ASCII_FRAGMENT	MULTI_FRAGMENT_MIXED_RETAINED_OMITTED
RF1b|f89v2.17|G011	RF1b	f89v2.17	f89v2	CONFIRMED_PROSE	P	11	13	DEFINITE_SPACE	DEFINITE_SPACE	qo@152;am	qo am	2	11,12	11,12		qo am		MULTI_ASCII_FRAGMENT	MULTI_FRAGMENT_ALL_RETAINED
RF1b|f89v2.19|G014	RF1b	f89v2.19	f89v2	CONFIRMED_PROSE	P	14	14	DEFINITE_SPACE	LINE_END	dal@152;aiin	dal aiin	2	14,15	14,15		dal aiin		MULTI_ASCII_FRAGMENT	MULTI_FRAGMENT_ALL_RETAINED
RF1b|f89v2.20|G007	RF1b	f89v2.20	f89v2	CONFIRMED_PROSE	P	7	15	DEFINITE_SPACE	DEFINITE_SPACE	o@152;or	o or	2	7,8	7,8		o or		MULTI_ASCII_FRAGMENT	MULTI_FRAGMENT_ALL_RETAINED
RF1b|f89v2.20|G010	RF1b	f89v2.20	f89v2	CONFIRMED_PROSE	P	10	15	DEFINITE_SPACE	DEFINITE_SPACE	@152;aikeo@152;y	aikeo y	2	11,12	11	12	aikeo	y	MULTI_ASCII_FRAGMENT	MULTI_FRAGMENT_MIXED_RETAINED_OMITTED
RF1b|f89v2.20|G012	RF1b	f89v2.20	f89v2	CONFIRMED_PROSE	P	12	15	DEFINITE_SPACE	DEFINITE_SPACE	sheo@152;y	sheo y	2	14,15	14	15	sheo	y	MULTI_ASCII_FRAGMENT	MULTI_FRAGMENT_MIXED_RETAINED_OMITTED
RF1b|f89v2.20|G014	RF1b	f89v2.20	f89v2	CONFIRMED_PROSE	P	14	15	DEFINITE_SPACE	DEFINITE_SPACE	ltcheo@152;y	ltcheo y	2	17,18	17	18	ltcheo	y	MULTI_ASCII_FRAGMENT	MULTI_FRAGMENT_MIXED_RETAINED_OMITTED
RF1b|f89v2.21|G007	RF1b	f89v2.21	f89v2	CONFIRMED_PROSE	P	7	14	DEFINITE_SPACE	DEFINITE_SPACE	o@152;aiin	o aiin	2	7,8	7,8		o aiin		MULTI_ASCII_FRAGMENT	MULTI_FRAGMENT_ALL_RETAINED
RF1b|f89v2.8|G004	RF1b	f89v2.8	f89v2	CONFIRMED_PROSE	P	4	16	DEFINITE_SPACE	DEFINITE_SPACE	che@221;r	che r	2	4,5	4,5		che r		MULTI_ASCII_FRAGMENT	MULTI_FRAGMENT_ALL_RETAINED
RF1b|f8r.16|G002	RF1b	f8r.16	f8r	CONFIRMED_PROSE	P	2	7	DEFINITE_SPACE	DEFINITE_SPACE	kch@145;kchy	kch kchy	2	2,3	2,3		kch kchy		MULTI_ASCII_FRAGMENT	MULTI_FRAGMENT_ALL_RETAINED
RF1b|f8r.18|G004	RF1b	f8r.18	f8r	CONFIRMED_PROSE	P	4	8	DEFINITE_SPACE	DRAWING_INTERRUPTION	{cl}		0						ZERO_ASCII_FRAGMENT	SOURCE_GROUP_ABSENT_FROM_LEGACY_ASCII
RF1b|f8r.5|G010	RF1b	f8r.5	f8r	CONFIRMED_PROSE	P	10	10	DEFINITE_SPACE	LINE_END	ch@221;taiin	ch taiin	2	10,11	10,11		ch taiin		MULTI_ASCII_FRAGMENT	MULTI_FRAGMENT_ALL_RETAINED
RF1b|f8r.6|G007	RF1b	f8r.6	f8r	CONFIRMED_PROSE	P	7	7	DEFINITE_SPACE	LINE_END	s@221;l	s l	2	7,8	7,8		s l		MULTI_ASCII_FRAGMENT	MULTI_FRAGMENT_ALL_RETAINED
RF1b|f8v.9|G005	RF1b	f8v.9	f8v	CONFIRMED_PROSE	P	5	6	DEFINITE_SPACE	DEFINITE_SPACE	cth@221;r	cth r	2	5,6	5,6		cth r		MULTI_ASCII_FRAGMENT	MULTI_FRAGMENT_ALL_RETAINED
RF1b|f90r1.1|G003	RF1b	f90r1.1	f90r1	CONFIRMED_PROSE	P	3	5	DEFINITE_SPACE	DEFINITE_SPACE	qo@176;chod	qo chod	2	3,4	3,4		qo chod		MULTI_ASCII_FRAGMENT	MULTI_FRAGMENT_ALL_RETAINED
RF1b|f90r1.4|G003	RF1b	f90r1.4	f90r1	CONFIRMED_PROSE	P	3	9	DEFINITE_SPACE	DEFINITE_SPACE	cho@152;aiin	cho aiin	2	3,4	3,4		cho aiin		MULTI_ASCII_FRAGMENT	MULTI_FRAGMENT_ALL_RETAINED
RF1b|f90r1.6|G003	RF1b	f90r1.6	f90r1	CONFIRMED_PROSE	P	3	9	DEFINITE_SPACE	DEFINITE_SPACE	shory@152;ar	shory ar	2	3,4	3,4		shory ar		MULTI_ASCII_FRAGMENT	MULTI_FRAGMENT_ALL_RETAINED
RF1b|f90r1.7|G009	RF1b	f90r1.7	f90r1	CONFIRMED_PROSE	P	9	10	DEFINITE_SPACE	DEFINITE_SPACE	ykeo@152;y	ykeo y	2	9,10	9	10	ykeo	y	MULTI_ASCII_FRAGMENT	MULTI_FRAGMENT_MIXED_RETAINED_OMITTED
RF1b|f90r1.9|G001	RF1b	f90r1.9	f90r1	CONFIRMED_PROSE	P	1	4	LINE_START	DEFINITE_SPACE	yko@152;ar	yko ar	2	1,2	1,2		yko ar		MULTI_ASCII_FRAGMENT	MULTI_FRAGMENT_ALL_RETAINED
RF1b|f90r1.9|G004	RF1b	f90r1.9	f90r1	CONFIRMED_PROSE	P	4	4	DEFINITE_SPACE	LINE_END	ok@221;m	ok m	2	5,6	5	6	ok	m	MULTI_ASCII_FRAGMENT	MULTI_FRAGMENT_MIXED_RETAINED_OMITTED
RF1b|f90r2.4|G007	RF1b	f90r2.4	f90r2	CONFIRMED_PROSE	P	7	10	DEFINITE_SPACE	DRAWING_INTERRUPTION	qokee@221;s	qokee s	2	7,8	7,8		qokee s		MULTI_ASCII_FRAGMENT	MULTI_FRAGMENT_ALL_RETAINED
RF1b|f90v1.3|G001	RF1b	f90v1.3	f90v1	CONFIRMED_PROSE	P	1	11	LINE_START	DEFINITE_SPACE	d@221;iin	d iin	2	1,2	1,2		d iin		MULTI_ASCII_FRAGMENT	MULTI_FRAGMENT_ALL_RETAINED
RF1b|f90v2.2|G008	RF1b	f90v2.2	f90v2	CONFIRMED_PROSE	P	8	11	DRAWING_INTERRUPTION	DEFINITE_SPACE	qokee@221;r	qokee r	2	8,9	8,9		qokee r		MULTI_ASCII_FRAGMENT	MULTI_FRAGMENT_ALL_RETAINED
RF1b|f90v2.5|G009	RF1b	f90v2.5	f90v2	CONFIRMED_PROSE	P	9	9	DEFINITE_SPACE	LINE_END	qo@152;ar	qo ar	2	9,10	9,10		qo ar		MULTI_ASCII_FRAGMENT	MULTI_FRAGMENT_ALL_RETAINED
RF1b|f90v2.7|G003	RF1b	f90v2.7	f90v2	CONFIRMED_PROSE	P	3	10	DEFINITE_SPACE	DEFINITE_SPACE	shee@221;l	shee l	2	3,4	3,4		shee l		MULTI_ASCII_FRAGMENT	MULTI_FRAGMENT_ALL_RETAINED
RF1b|f90v2.8|G001	RF1b	f90v2.8	f90v2	CONFIRMED_PROSE	P	1	5	LINE_START	DEFINITE_SPACE	tee@221;s	tee s	2	1,2	1,2		tee s		MULTI_ASCII_FRAGMENT	MULTI_FRAGMENT_ALL_RETAINED
RF1b|f90v2.8|G002	RF1b	f90v2.8	f90v2	CONFIRMED_PROSE	P	2	5	DEFINITE_SPACE	DEFINITE_SPACE	qkeo@152;y	qkeo y	2	3,4	3	4	qkeo	y	MULTI_ASCII_FRAGMENT	MULTI_FRAGMENT_MIXED_RETAINED_OMITTED
RF1b|f93r.17|G005	RF1b	f93r.17	f93r	CONFIRMED_PROSE	P	5	5	UNCERTAIN_SMALL_SPACE	LINE_END	ctho@152;y	ctho y	2	5,6	5	6	ctho	y	MULTI_ASCII_FRAGMENT	MULTI_FRAGMENT_MIXED_RETAINED_OMITTED
RF1b|f93r.18|G002	RF1b	f93r.18	f93r	CONFIRMED_PROSE	P	2	3	DEFINITE_SPACE	DEFINITE_SPACE	{ch'}o@152;aiin	o aiin	2	2,3	2,3		o aiin		MULTI_ASCII_FRAGMENT	MULTI_FRAGMENT_ALL_RETAINED
RF1b|f93r.22|G003	RF1b	f93r.22	f93r	CONFIRMED_PROSE	P	3	4	DEFINITE_SPACE	DEFINITE_SPACE	ch@221;tal	ch tal	2	3,4	3,4		ch tal		MULTI_ASCII_FRAGMENT	MULTI_FRAGMENT_ALL_RETAINED
RF1b|f93r.3|G009	RF1b	f93r.3	f93r	CONFIRMED_PROSE	P	9	10	DRAWING_INTERRUPTION	DEFINITE_SPACE	scho@152;chy	scho chy	2	9,10	9,10		scho chy		MULTI_ASCII_FRAGMENT	MULTI_FRAGMENT_ALL_RETAINED
RF1b|f93r.7|G004	RF1b	f93r.7	f93r	CONFIRMED_PROSE	P	4	5	DEFINITE_SPACE	DEFINITE_SPACE	cheo@152;aiin	cheo aiin	2	4,5	4,5		cheo aiin		MULTI_ASCII_FRAGMENT	MULTI_FRAGMENT_ALL_RETAINED
RF1b|f93v.1|G007	RF1b	f93v.1	f93v	CONFIRMED_PROSE	P	7	9	DRAWING_INTERRUPTION	DEFINITE_SPACE	otch@152;al	otch al	2	7,8	7,8		otch al		MULTI_ASCII_FRAGMENT	MULTI_FRAGMENT_ALL_RETAINED
RF1b|f93v.2|G002	RF1b	f93v.2	f93v	CONFIRMED_PROSE	P	2	9	DEFINITE_SPACE	DEFINITE_SPACE	qoto@152;y	qoto y	2	2,3	2	3	qoto	y	MULTI_ASCII_FRAGMENT	MULTI_FRAGMENT_MIXED_RETAINED_OMITTED
RF1b|f93v.2|G004	RF1b	f93v.2	f93v	CONFIRMED_PROSE	P	4	9	DEFINITE_SPACE	DEFINITE_SPACE	qoctho@152;y	qoctho y	2	5,6	5	6	qoctho	y	MULTI_ASCII_FRAGMENT	MULTI_FRAGMENT_MIXED_RETAINED_OMITTED
RF1b|f93v.4|G003	RF1b	f93v.4	f93v	CONFIRMED_PROSE	P	3	10	DEFINITE_SPACE	DEFINITE_SPACE	sh@152;chy	sh chy	2	3,4	3,4		sh chy		MULTI_ASCII_FRAGMENT	MULTI_FRAGMENT_ALL_RETAINED
RF1b|f93v.4|G008	RF1b	f93v.4	f93v	CONFIRMED_PROSE	P	8	10	DRAWING_INTERRUPTION	DRAWING_INTERRUPTION	{cty}		0						ZERO_ASCII_FRAGMENT	SOURCE_GROUP_ABSENT_FROM_LEGACY_ASCII
RF1b|f93v.5|G002	RF1b	f93v.5	f93v	CONFIRMED_PROSE	P	2	10	DEFINITE_SPACE	DEFINITE_SPACE	ctho@152;y	ctho y	2	2,3	2	3	ctho	y	MULTI_ASCII_FRAGMENT	MULTI_FRAGMENT_MIXED_RETAINED_OMITTED
RF1b|f94r.1|G003	RF1b	f94r.1	f94r	CONFIRMED_PROSE	P	3	8	DEFINITE_SPACE	DEFINITE_SPACE	che@152;aiin	che aiin	2	3,4	3,4		che aiin		MULTI_ASCII_FRAGMENT	MULTI_FRAGMENT_ALL_RETAINED
RF1b|f94r.2|G004	RF1b	f94r.2	f94r	CONFIRMED_PROSE	P	4	11	DEFINITE_SPACE	DEFINITE_SPACE	od@221;r	od r	2	4,5	4,5		od r		MULTI_ASCII_FRAGMENT	MULTI_FRAGMENT_ALL_RETAINED
RF1b|f94r.4|G002	RF1b	f94r.4	f94r	CONFIRMED_PROSE	P	2	12	DEFINITE_SPACE	DEFINITE_SPACE	olkee@152;y	olkee y	2	2,3	2	3	olkee	y	MULTI_ASCII_FRAGMENT	MULTI_FRAGMENT_MIXED_RETAINED_OMITTED
RF1b|f94r.4|G005	RF1b	f94r.4	f94r	CONFIRMED_PROSE	P	5	12	DEFINITE_SPACE	DEFINITE_SPACE	chee@152;y	chee y	2	6,7	6	7	chee	y	MULTI_ASCII_FRAGMENT	MULTI_FRAGMENT_MIXED_RETAINED_OMITTED
RF1b|f94r.5|G004	RF1b	f94r.5	f94r	CONFIRMED_PROSE	P	4	9	DEFINITE_SPACE	DEFINITE_SPACE	olkeo@152;y	olkeo y	2	4,5	4	5	olkeo	y	MULTI_ASCII_FRAGMENT	MULTI_FRAGMENT_MIXED_RETAINED_OMITTED
RF1b|f94r.5|G008	RF1b	f94r.5	f94r	CONFIRMED_PROSE	P	8	9	DEFINITE_SPACE	DEFINITE_SPACE	okee@152;y	okee y	2	9,10	9	10	okee	y	MULTI_ASCII_FRAGMENT	MULTI_FRAGMENT_MIXED_RETAINED_OMITTED
RF1b|f94r.6|G005	RF1b	f94r.6	f94r	CONFIRMED_PROSE	P	5	10	DEFINITE_SPACE	DEFINITE_SPACE	che@152;y	che y	2	5,6	5	6	che	y	MULTI_ASCII_FRAGMENT	MULTI_FRAGMENT_MIXED_RETAINED_OMITTED
RF1b|f94r.7|G008	RF1b	f94r.7	f94r	CONFIRMED_PROSE	P	8	11	DRAWING_INTERRUPTION	DEFINITE_SPACE	@221;		0						ZERO_ASCII_FRAGMENT	SOURCE_GROUP_ABSENT_FROM_LEGACY_ASCII
RF1b|f94r.9|G003	RF1b	f94r.9	f94r	CONFIRMED_PROSE	P	3	3	DEFINITE_SPACE	LINE_END	dytch@152;y	dytch y	2	3,4	3	4	dytch	y	MULTI_ASCII_FRAGMENT	MULTI_FRAGMENT_MIXED_RETAINED_OMITTED
RF1b|f94v.1|G001	RF1b	f94v.1	f94v	CONFIRMED_PROSE	P	1	8	LINE_START	DEFINITE_SPACE	tshe@152;y	tshe y	2	1,2	1	2	tshe	y	MULTI_ASCII_FRAGMENT	MULTI_FRAGMENT_MIXED_RETAINED_OMITTED
RF1b|f94v.1|G002	RF1b	f94v.1	f94v	CONFIRMED_PROSE	P	2	8	DEFINITE_SPACE	DEFINITE_SPACE	che@152;ar	che ar	2	3,4	3,4		che ar		MULTI_ASCII_FRAGMENT	MULTI_FRAGMENT_ALL_RETAINED
RF1b|f94v.1|G004	RF1b	f94v.1	f94v	CONFIRMED_PROSE	P	4	8	DEFINITE_SPACE	DEFINITE_SPACE	qokche@152;y	qokche y	2	6,7	6	7	qokche	y	MULTI_ASCII_FRAGMENT	MULTI_FRAGMENT_MIXED_RETAINED_OMITTED
RF1b|f94v.1|G008	RF1b	f94v.1	f94v	CONFIRMED_PROSE	P	8	8	DEFINITE_SPACE	LINE_END	otee@152;an	otee an	2	11,12	11,12		otee an		MULTI_ASCII_FRAGMENT	MULTI_FRAGMENT_ALL_RETAINED
RF1b|f94v.11|G005	RF1b	f94v.11	f94v	CONFIRMED_PROSE	P	5	10	DEFINITE_SPACE	DRAWING_INTERRUPTION	ch@152;y	ch y	2	5,6	5	6	ch	y	MULTI_ASCII_FRAGMENT	MULTI_FRAGMENT_MIXED_RETAINED_OMITTED
RF1b|f94v.11|G009	RF1b	f94v.11	f94v	CONFIRMED_PROSE	P	9	10	DEFINITE_SPACE	DEFINITE_SPACE	ee@152;y	ee y	2	10,11	10	11	ee	y	MULTI_ASCII_FRAGMENT	MULTI_FRAGMENT_MIXED_RETAINED_OMITTED
RF1b|f94v.12|G003	RF1b	f94v.12	f94v	CONFIRMED_PROSE	P	3	5	DEFINITE_SPACE	DEFINITE_SPACE	ch@152;y	ch y	2	3,4	3	4	ch	y	MULTI_ASCII_FRAGMENT	MULTI_FRAGMENT_MIXED_RETAINED_OMITTED
RF1b|f94v.2|G006	RF1b	f94v.2	f94v	CONFIRMED_PROSE	P	6	9	DEFINITE_SPACE	DRAWING_INTERRUPTION	tee@152;al	tee al	2	6,7	6,7		tee al		MULTI_ASCII_FRAGMENT	MULTI_FRAGMENT_ALL_RETAINED
RF1b|f94v.3|G001	RF1b	f94v.3	f94v	CONFIRMED_PROSE	P	1	9	LINE_START	DEFINITE_SPACE	yshe@152;y	yshe y	2	1,2	1	2	yshe	y	MULTI_ASCII_FRAGMENT	MULTI_FRAGMENT_MIXED_RETAINED_OMITTED
RF1b|f94v.3|G004	RF1b	f94v.3	f94v	CONFIRMED_PROSE	P	4	9	DEFINITE_SPACE	DEFINITE_SPACE	ote@152;y	ote y	2	5,6	5	6	ote	y	MULTI_ASCII_FRAGMENT	MULTI_FRAGMENT_MIXED_RETAINED_OMITTED
RF1b|f94v.3|G005	RF1b	f94v.3	f94v	CONFIRMED_PROSE	P	5	9	DEFINITE_SPACE	UNCERTAIN_SMALL_SPACE	s@152;altam	s altam	2	7,8	7,8		s altam		MULTI_ASCII_FRAGMENT	MULTI_FRAGMENT_ALL_RETAINED
RF1b|f94v.4|G005	RF1b	f94v.4	f94v	CONFIRMED_PROSE	P	5	7	DEFINITE_SPACE	DEFINITE_SPACE	qokch@152;y	qokch y	2	5,6	5	6	qokch	y	MULTI_ASCII_FRAGMENT	MULTI_FRAGMENT_MIXED_RETAINED_OMITTED
RF1b|f94v.5|G001	RF1b	f94v.5	f94v	CONFIRMED_PROSE	P	1	8	LINE_START	DEFINITE_SPACE	te@152;ain	te ain	2	1,2	1,2		te ain		MULTI_ASCII_FRAGMENT	MULTI_FRAGMENT_ALL_RETAINED
RF1b|f94v.7|G001	RF1b	f94v.7	f94v	CONFIRMED_PROSE	P	1	3	LINE_START	DEFINITE_SPACE	t@221;ky	t ky	2	1,2	1	2	t	ky	MULTI_ASCII_FRAGMENT	MULTI_FRAGMENT_MIXED_RETAINED_OMITTED
RF1b|f94v.9|G007	RF1b	f94v.9	f94v	CONFIRMED_PROSE	P	7	11	DRAWING_INTERRUPTION	DEFINITE_SPACE	ypch@152;air	ypch air	2	7,8	7,8		ypch air		MULTI_ASCII_FRAGMENT	MULTI_FRAGMENT_ALL_RETAINED
RF1b|f95r1.1|G002	RF1b	f95r1.1	f95r1	CONFIRMED_PROSE	P	2	9	DEFINITE_SPACE	DEFINITE_SPACE	chepch@152;y	chepch y	2	2,3	2	3	chepch	y	MULTI_ASCII_FRAGMENT	MULTI_FRAGMENT_MIXED_RETAINED_OMITTED
RF1b|f95r1.2|G005	RF1b	f95r1.2	f95r1	CONFIRMED_PROSE	P	5	12	DEFINITE_SPACE	DEFINITE_SPACE	sh@152;y	sh y	2	5,6	5	6	sh	y	MULTI_ASCII_FRAGMENT	MULTI_FRAGMENT_MIXED_RETAINED_OMITTED
RF1b|f95r1.4|G007	RF1b	f95r1.4	f95r1	CONFIRMED_PROSE	P	7	11	DEFINITE_SPACE	DEFINITE_SPACE	che@152;y	che y	2	7,8	7	8	che	y	MULTI_ASCII_FRAGMENT	MULTI_FRAGMENT_MIXED_RETAINED_OMITTED
RF1b|f95r1.5|G002	RF1b	f95r1.5	f95r1	CONFIRMED_PROSE	P	2	5	DEFINITE_SPACE	DEFINITE_SPACE	che@152;y	che y	2	2,3	2	3	che	y	MULTI_ASCII_FRAGMENT	MULTI_FRAGMENT_MIXED_RETAINED_OMITTED
RF1b|f95r1.5|G003	RF1b	f95r1.5	f95r1	CONFIRMED_PROSE	P	3	5	DEFINITE_SPACE	DEFINITE_SPACE	to@152;aiin	to aiin	2	4,5	4,5		to aiin		MULTI_ASCII_FRAGMENT	MULTI_FRAGMENT_ALL_RETAINED
RF1b|f95r1.6|G003	RF1b	f95r1.6	f95r1	CONFIRMED_PROSE	P	3	10	DEFINITE_SPACE	DEFINITE_SPACE	chekch@152;y	chekch y	2	3,4	3	4	chekch	y	MULTI_ASCII_FRAGMENT	MULTI_FRAGMENT_MIXED_RETAINED_OMITTED
RF1b|f95r1.6|G008	RF1b	f95r1.6	f95r1	CONFIRMED_PROSE	P	8	10	DEFINITE_SPACE	DEFINITE_SPACE	qo@176;y	qo y	2	9,10	9	10	qo	y	MULTI_ASCII_FRAGMENT	MULTI_FRAGMENT_MIXED_RETAINED_OMITTED
RF1b|f95r1.7|G005	RF1b	f95r1.7	f95r1	CONFIRMED_PROSE	P	5	9	DEFINITE_SPACE	DEFINITE_SPACE	ch@152;aiin	ch aiin	2	5,6	5,6		ch aiin		MULTI_ASCII_FRAGMENT	MULTI_FRAGMENT_ALL_RETAINED
RF1b|f95r1.7|G007	RF1b	f95r1.7	f95r1	CONFIRMED_PROSE	P	7	9	DEFINITE_SPACE	DEFINITE_SPACE	chetch@152;y	chetch y	2	8,9	8	9	chetch	y	MULTI_ASCII_FRAGMENT	MULTI_FRAGMENT_MIXED_RETAINED_OMITTED
RF1b|f95r1.8|G005	RF1b	f95r1.8	f95r1	CONFIRMED_PROSE	P	5	10	DEFINITE_SPACE	DEFINITE_SPACE	qokee@152;y	qokee y	2	5,6	5	6	qokee	y	MULTI_ASCII_FRAGMENT	MULTI_FRAGMENT_MIXED_RETAINED_OMITTED
RF1b|f95r1.8|G007	RF1b	f95r1.8	f95r1	CONFIRMED_PROSE	P	7	10	DEFINITE_SPACE	DEFINITE_SPACE	che@152;y	che y	2	8,9	8	9	che	y	MULTI_ASCII_FRAGMENT	MULTI_FRAGMENT_MIXED_RETAINED_OMITTED
RF1b|f95r1.8|G009	RF1b	f95r1.8	f95r1	CONFIRMED_PROSE	P	9	10	DEFINITE_SPACE	DEFINITE_SPACE	che@152;y	che y	2	11,12	11	12	che	y	MULTI_ASCII_FRAGMENT	MULTI_FRAGMENT_MIXED_RETAINED_OMITTED
RF1b|f95r1.9|G007	RF1b	f95r1.9	f95r1	CONFIRMED_PROSE	P	7	10	DEFINITE_SPACE	DEFINITE_SPACE	ykol@152;y	ykol y	2	7,8	7	8	ykol	y	MULTI_ASCII_FRAGMENT	MULTI_FRAGMENT_MIXED_RETAINED_OMITTED
RF1b|f95r2.1|G001	RF1b	f95r2.1	f95r2	CONFIRMED_PROSE	P	1	9	LINE_START	DEFINITE_SPACE	kshe@152;y	kshe y	2	1,2	1	2	kshe	y	MULTI_ASCII_FRAGMENT	MULTI_FRAGMENT_MIXED_RETAINED_OMITTED
RF1b|f95r2.1|G003	RF1b	f95r2.1	f95r2	CONFIRMED_PROSE	P	3	9	DEFINITE_SPACE	DEFINITE_SPACE	ch@152;y	ch y	2	4,5	4	5	ch	y	MULTI_ASCII_FRAGMENT	MULTI_FRAGMENT_MIXED_RETAINED_OMITTED
RF1b|f95r2.3|G001	RF1b	f95r2.3	f95r2	CONFIRMED_PROSE	P	1	10	LINE_START	DEFINITE_SPACE	to@152;aiin	to aiin	2	1,2	1,2		to aiin		MULTI_ASCII_FRAGMENT	MULTI_FRAGMENT_ALL_RETAINED
RF1b|f95r2.5|G003	RF1b	f95r2.5	f95r2	CONFIRMED_PROSE	P	3	9	DEFINITE_SPACE	DEFINITE_SPACE	o@152;y	o y	2	3,4	3	4	o	y	MULTI_ASCII_FRAGMENT	MULTI_FRAGMENT_MIXED_RETAINED_OMITTED
RF1b|f95r2.6|G006	RF1b	f95r2.6	f95r2	CONFIRMED_PROSE	P	6	11	DEFINITE_SPACE	DEFINITE_SPACE	ch@152;y	ch y	2	6,7	6	7	ch	y	MULTI_ASCII_FRAGMENT	MULTI_FRAGMENT_MIXED_RETAINED_OMITTED
RF1b|f95r2.6|G008	RF1b	f95r2.6	f95r2	CONFIRMED_PROSE	P	8	11	DEFINITE_SPACE	DEFINITE_SPACE	qok@221;r	qok r	2	9,10	9,10		qok r		MULTI_ASCII_FRAGMENT	MULTI_FRAGMENT_ALL_RETAINED
RF1b|f95r2.6|G011	RF1b	f95r2.6	f95r2	CONFIRMED_PROSE	P	11	11	DEFINITE_SPACE	LINE_END	o@152;aly	o aly	2	13,14	13,14		o aly		MULTI_ASCII_FRAGMENT	MULTI_FRAGMENT_ALL_RETAINED
RF1b|f95r2.7|G008	RF1b	f95r2.7	f95r2	CONFIRMED_PROSE	P	8	10	DEFINITE_SPACE	UNCERTAIN_SMALL_SPACE	oke@152;y	oke y	2	8,9	8	9	oke	y	MULTI_ASCII_FRAGMENT	MULTI_FRAGMENT_MIXED_RETAINED_OMITTED
RF1b|f95r2.8|G001	RF1b	f95r2.8	f95r2	CONFIRMED_PROSE	P	1	9	LINE_START	DEFINITE_SPACE	te@152;ykaiin	te ykaiin	2	1,2	1,2		te ykaiin		MULTI_ASCII_FRAGMENT	MULTI_FRAGMENT_ALL_RETAINED
RF1b|f95r2.8|G004	RF1b	f95r2.8	f95r2	CONFIRMED_PROSE	P	4	9	DEFINITE_SPACE	DEFINITE_SPACE	ok@221;l	ok l	2	5,6	5,6		ok l		MULTI_ASCII_FRAGMENT	MULTI_FRAGMENT_ALL_RETAINED
RF1b|f95r2.8|G006	RF1b	f95r2.8	f95r2	CONFIRMED_PROSE	P	6	9	DEFINITE_SPACE	DEFINITE_SPACE	sh@152;y	sh y	2	8,9	8	9	sh	y	MULTI_ASCII_FRAGMENT	MULTI_FRAGMENT_MIXED_RETAINED_OMITTED
RF1b|f95r2.9|G003	RF1b	f95r2.9	f95r2	CONFIRMED_PROSE	P	3	7	DEFINITE_SPACE	DEFINITE_SPACE	qok@221;l	qok l	2	3,4	3,4		qok l		MULTI_ASCII_FRAGMENT	MULTI_FRAGMENT_ALL_RETAINED
RF1b|f95r2.9|G004	RF1b	f95r2.9	f95r2	CONFIRMED_PROSE	P	4	7	DEFINITE_SPACE	DEFINITE_SPACE	shs@152;y	shs y	2	5,6	5	6	shs	y	MULTI_ASCII_FRAGMENT	MULTI_FRAGMENT_MIXED_RETAINED_OMITTED
RF1b|f95v1.1|G003	RF1b	f95v1.1	f95v1	CONFIRMED_PROSE	P	3	8	DEFINITE_SPACE	DEFINITE_SPACE	qofch@152;aiin	qofch aiin	2	3,4	3,4		qofch aiin		MULTI_ASCII_FRAGMENT	MULTI_FRAGMENT_ALL_RETAINED
RF1b|f95v1.11|G003	RF1b	f95v1.11	f95v1	CONFIRMED_PROSE	P	3	10	DEFINITE_SPACE	DEFINITE_SPACE	kshe@152;y	kshe y	2	3,4	3	4	kshe	y	MULTI_ASCII_FRAGMENT	MULTI_FRAGMENT_MIXED_RETAINED_OMITTED
RF1b|f95v1.13|G004	RF1b	f95v1.13	f95v1	CONFIRMED_PROSE	P	4	5	DEFINITE_SPACE	DEFINITE_SPACE	oto@152;y	oto y	2	4,5	4	5	oto	y	MULTI_ASCII_FRAGMENT	MULTI_FRAGMENT_MIXED_RETAINED_OMITTED
RF1b|f95v1.2|G007	RF1b	f95v1.2	f95v1	CONFIRMED_PROSE	P	7	11	DEFINITE_SPACE	DEFINITE_SPACE	qoke@152;y	qoke y	2	7,8	7	8	qoke	y	MULTI_ASCII_FRAGMENT	MULTI_FRAGMENT_MIXED_RETAINED_OMITTED
RF1b|f95v1.2|G009	RF1b	f95v1.2	f95v1	CONFIRMED_PROSE	P	9	11	DEFINITE_SPACE	DEFINITE_SPACE	ytch@152;y	ytch y	2	10,11	10	11	ytch	y	MULTI_ASCII_FRAGMENT	MULTI_FRAGMENT_MIXED_RETAINED_OMITTED
RF1b|f95v1.2|G010	RF1b	f95v1.2	f95v1	CONFIRMED_PROSE	P	10	11	DEFINITE_SPACE	DEFINITE_SPACE	qo@176;ar	qo ar	2	12,13	12,13		qo ar		MULTI_ASCII_FRAGMENT	MULTI_FRAGMENT_ALL_RETAINED
RF1b|f95v1.3|G006	RF1b	f95v1.3	f95v1	CONFIRMED_PROSE	P	6	11	DEFINITE_SPACE	DEFINITE_SPACE	sheo@152;y	sheo y	2	6,7	6	7	sheo	y	MULTI_ASCII_FRAGMENT	MULTI_FRAGMENT_MIXED_RETAINED_OMITTED
RF1b|f95v1.3|G007	RF1b	f95v1.3	f95v1	CONFIRMED_PROSE	P	7	11	DEFINITE_SPACE	DEFINITE_SPACE	che@152;y	che y	2	8,9	8	9	che	y	MULTI_ASCII_FRAGMENT	MULTI_FRAGMENT_MIXED_RETAINED_OMITTED
RF1b|f95v1.3|G008	RF1b	f95v1.3	f95v1	CONFIRMED_PROSE	P	8	11	DEFINITE_SPACE	DEFINITE_SPACE	chcthyke@152;y	chcthyke y	2	10,11	10	11	chcthyke	y	MULTI_ASCII_FRAGMENT	MULTI_FRAGMENT_MIXED_RETAINED_OMITTED
RF1b|f95v1.4|G001	RF1b	f95v1.4	f95v1	CONFIRMED_PROSE	P	1	10	LINE_START	DEFINITE_SPACE	tche@152;y	tche y	2	1,2	1	2	tche	y	MULTI_ASCII_FRAGMENT	MULTI_FRAGMENT_MIXED_RETAINED_OMITTED
RF1b|f95v1.4|G007	RF1b	f95v1.4	f95v1	CONFIRMED_PROSE	P	7	10	DEFINITE_SPACE	DEFINITE_SPACE	ytshe@152;y	ytshe y	2	8,9	8	9	ytshe	y	MULTI_ASCII_FRAGMENT	MULTI_FRAGMENT_MIXED_RETAINED_OMITTED
RF1b|f95v1.4|G010	RF1b	f95v1.4	f95v1	CONFIRMED_PROSE	P	10	10	DEFINITE_SPACE	LINE_END	ch@152;y	ch y	2	12,13	12	13	ch	y	MULTI_ASCII_FRAGMENT	MULTI_FRAGMENT_MIXED_RETAINED_OMITTED
RF1b|f95v1.6|G001	RF1b	f95v1.6	f95v1	CONFIRMED_PROSE	P	1	10	LINE_START	DEFINITE_SPACE	tsh@152;al	tsh al	2	1,2	1,2		tsh al		MULTI_ASCII_FRAGMENT	MULTI_FRAGMENT_ALL_RETAINED
RF1b|f95v1.6|G003	RF1b	f95v1.6	f95v1	CONFIRMED_PROSE	P	3	10	DEFINITE_SPACE	DEFINITE_SPACE	dch@152;y	dch y	2	4,5	4	5	dch	y	MULTI_ASCII_FRAGMENT	MULTI_FRAGMENT_MIXED_RETAINED_OMITTED
RF1b|f95v1.6|G005	RF1b	f95v1.6	f95v1	CONFIRMED_PROSE	P	5	10	DEFINITE_SPACE	DEFINITE_SPACE	j@176;shey	j shey	2	7,8	7,8		j shey		MULTI_ASCII_FRAGMENT	MULTI_FRAGMENT_ALL_RETAINED
RF1b|f95v1.6|G007	RF1b	f95v1.6	f95v1	CONFIRMED_PROSE	P	7	10	DEFINITE_SPACE	DEFINITE_SPACE	otch@152;y	otch y	2	10,11	10	11	otch	y	MULTI_ASCII_FRAGMENT	MULTI_FRAGMENT_MIXED_RETAINED_OMITTED
RF1b|f95v1.6|G009	RF1b	f95v1.6	f95v1	CONFIRMED_PROSE	P	9	10	DEFINITE_SPACE	DEFINITE_SPACE	she@152;ar	she ar	2	13,14	13,14		she ar		MULTI_ASCII_FRAGMENT	MULTI_FRAGMENT_ALL_RETAINED
RF1b|f95v1.6|G010	RF1b	f95v1.6	f95v1	CONFIRMED_PROSE	P	10	10	DEFINITE_SPACE	LINE_END	ch@152;am	ch am	2	15,16	15,16		ch am		MULTI_ASCII_FRAGMENT	MULTI_FRAGMENT_ALL_RETAINED
RF1b|f95v1.7|G007	RF1b	f95v1.7	f95v1	CONFIRMED_PROSE	P	7	10	DEFINITE_SPACE	DEFINITE_SPACE	ch@152;y	ch y	2	7,8	7	8	ch	y	MULTI_ASCII_FRAGMENT	MULTI_FRAGMENT_MIXED_RETAINED_OMITTED
RF1b|f95v1.7|G010	RF1b	f95v1.7	f95v1	CONFIRMED_PROSE	P	10	10	DEFINITE_SPACE	LINE_END	otar@152;y	otar y	2	11,12	11	12	otar	y	MULTI_ASCII_FRAGMENT	MULTI_FRAGMENT_MIXED_RETAINED_OMITTED
RF1b|f95v1.8|G007	RF1b	f95v1.8	f95v1	CONFIRMED_PROSE	P	7	8	DEFINITE_SPACE	DEFINITE_SPACE	oke@152;y	oke y	2	7,8	7	8	oke	y	MULTI_ASCII_FRAGMENT	MULTI_FRAGMENT_MIXED_RETAINED_OMITTED
RF1b|f95v1.8|G008	RF1b	f95v1.8	f95v1	CONFIRMED_PROSE	P	8	8	DEFINITE_SPACE	LINE_END	okche@152;y	okche y	2	9,10	9	10	okche	y	MULTI_ASCII_FRAGMENT	MULTI_FRAGMENT_MIXED_RETAINED_OMITTED
RF1b|f95v1.9|G012	RF1b	f95v1.9	f95v1	CONFIRMED_PROSE	P	12	12	DEFINITE_SPACE	LINE_END	skch@152;y	skch y	2	12,13	12	13	skch	y	MULTI_ASCII_FRAGMENT	MULTI_FRAGMENT_MIXED_RETAINED_OMITTED
RF1b|f95v2.6|G008	RF1b	f95v2.6	f95v2	CONFIRMED_PROSE	P	8	8	DEFINITE_SPACE	LINE_END	l@152;y	l y	2	8,9	8	9	l	y	MULTI_ASCII_FRAGMENT	MULTI_FRAGMENT_MIXED_RETAINED_OMITTED
RF1b|f95v2.7|G003	RF1b	f95v2.7	f95v2	CONFIRMED_PROSE	P	3	5	DEFINITE_SPACE	DRAWING_INTERRUPTION	ch@152;ykain	ch ykain	2	3,4	3,4		ch ykain		MULTI_ASCII_FRAGMENT	MULTI_FRAGMENT_ALL_RETAINED
RF1b|f96r.1|G007	RF1b	f96r.1	f96r	CONFIRMED_PROSE	P	7	7	DEFINITE_SPACE	LINE_END	cho@152;ar	cho ar	2	7,8	7,8		cho ar		MULTI_ASCII_FRAGMENT	MULTI_FRAGMENT_ALL_RETAINED
RF1b|f96r.11|G002	RF1b	f96r.11	f96r	CONFIRMED_PROSE	P	2	7	DEFINITE_SPACE	DEFINITE_SPACE	cheo@152;y	cheo y	2	2,3	2	3	cheo	y	MULTI_ASCII_FRAGMENT	MULTI_FRAGMENT_MIXED_RETAINED_OMITTED
RF1b|f96r.2|G005	RF1b	f96r.2	f96r	CONFIRMED_PROSE	P	5	7	DEFINITE_SPACE	DEFINITE_SPACE	qokeo@152;y	qokeo y	2	5,6	5	6	qokeo	y	MULTI_ASCII_FRAGMENT	MULTI_FRAGMENT_MIXED_RETAINED_OMITTED
RF1b|f96r.2|G006	RF1b	f96r.2	f96r	CONFIRMED_PROSE	P	6	7	DEFINITE_SPACE	DEFINITE_SPACE	qokeeo@152;y	qokeeo y	2	7,8	7	8	qokeeo	y	MULTI_ASCII_FRAGMENT	MULTI_FRAGMENT_MIXED_RETAINED_OMITTED
RF1b|f96r.3|G002	RF1b	f96r.3	f96r	CONFIRMED_PROSE	P	2	7	DEFINITE_SPACE	DEFINITE_SPACE	{cthh}o@152;al	o al	2	2,3	2,3		o al		MULTI_ASCII_FRAGMENT	MULTI_FRAGMENT_ALL_RETAINED
RF1b|f96r.9|G001	RF1b	f96r.9	f96r	CONFIRMED_PROSE	P	1	6	LINE_START	DEFINITE_SPACE	to@152;ar	to ar	2	1,2	1,2		to ar		MULTI_ASCII_FRAGMENT	MULTI_FRAGMENT_ALL_RETAINED
RF1b|f96v.1|G003	RF1b	f96v.1	f96v	CONFIRMED_PROSE	P	3	8	DEFINITE_SPACE	DEFINITE_SPACE	qoepsheo@152;y	qoepsheo y	2	3,4	3	4	qoepsheo	y	MULTI_ASCII_FRAGMENT	MULTI_FRAGMENT_MIXED_RETAINED_OMITTED
RF1b|f96v.8|G002	RF1b	f96v.8	f96v	CONFIRMED_PROSE	P	2	3	DEFINITE_SPACE	DEFINITE_SPACE	ckhe@221;l	ckhe l	2	2,3	2,3		ckhe l		MULTI_ASCII_FRAGMENT	MULTI_FRAGMENT_ALL_RETAINED
RF1b|f99r.1|G001	RF1b	f99r.1	f99r	DIAGNOSTIC_NONPROSE	L	1	1	LINE_START	LINE_END	ok@221;ra@152;og	ok ra og	3	1,2,3	1,2,3		ok ra og		MULTI_ASCII_FRAGMENT	MULTI_FRAGMENT_ALL_RETAINED
RF1b|f99r.12|G001	RF1b	f99r.12	f99r	DIAGNOSTIC_NONPROSE	L	1	1	LINE_START	LINE_END	ok@221;lo	ok lo	2	1,2	1,2		ok lo		MULTI_ASCII_FRAGMENT	MULTI_FRAGMENT_ALL_RETAINED
RF1b|f99r.14|G001	RF1b	f99r.14	f99r	DIAGNOSTIC_NONPROSE	L	1	1	LINE_START	LINE_END	otal@152;y	otal y	2	1,2	1	2	otal	y	MULTI_ASCII_FRAGMENT	MULTI_FRAGMENT_MIXED_RETAINED_OMITTED
RF1b|f99r.22|G001	RF1b	f99r.22	f99r	DIAGNOSTIC_NONPROSE	L	1	1	LINE_START	LINE_END	@221;ar@221;r	ar r	2	1,2	1,2		ar r		MULTI_ASCII_FRAGMENT	MULTI_FRAGMENT_ALL_RETAINED
RF1b|f99r.28|G004	RF1b	f99r.28	f99r	CONFIRMED_PROSE	P	4	9	DEFINITE_SPACE	DEFINITE_SPACE	d@221;r	d r	2	4,5	4,5		d r		MULTI_ASCII_FRAGMENT	MULTI_FRAGMENT_ALL_RETAINED
RF1b|f99r.29|G004	RF1b	f99r.29	f99r	CONFIRMED_PROSE	P	4	10	DEFINITE_SPACE	DEFINITE_SPACE	oke@221;l	oke l	2	4,5	4,5		oke l		MULTI_ASCII_FRAGMENT	MULTI_FRAGMENT_ALL_RETAINED
RF1b|f99r.29|G007	RF1b	f99r.29	f99r	CONFIRMED_PROSE	P	7	10	DEFINITE_SPACE	DEFINITE_SPACE	ckh@221;l	ckh l	2	8,9	8,9		ckh l		MULTI_ASCII_FRAGMENT	MULTI_FRAGMENT_ALL_RETAINED
RF1b|f99r.30|G005	RF1b	f99r.30	f99r	CONFIRMED_PROSE	P	5	9	DEFINITE_SPACE	DEFINITE_SPACE	okol@152;y	okol y	2	5,6	5	6	okol	y	MULTI_ASCII_FRAGMENT	MULTI_FRAGMENT_MIXED_RETAINED_OMITTED
RF1b|f99r.30|G007	RF1b	f99r.30	f99r	CONFIRMED_PROSE	P	7	9	DEFINITE_SPACE	DEFINITE_SPACE	qok@221;l	qok l	2	8,9	8,9		qok l		MULTI_ASCII_FRAGMENT	MULTI_FRAGMENT_ALL_RETAINED
RF1b|f99r.39|G001	RF1b	f99r.39	f99r	DIAGNOSTIC_NONPROSE	L	1	1	LINE_START	LINE_END	s@221;ry	s ry	2	1,2	1,2		s ry		MULTI_ASCII_FRAGMENT	MULTI_FRAGMENT_ALL_RETAINED
RF1b|f99r.44|G009	RF1b	f99r.44	f99r	CONFIRMED_PROSE	P	9	11	DEFINITE_SPACE	DEFINITE_SPACE	cho@152;y	cho y	2	9,10	9	10	cho	y	MULTI_ASCII_FRAGMENT	MULTI_FRAGMENT_MIXED_RETAINED_OMITTED
RF1b|f99r.52|G004	RF1b	f99r.52	f99r	CONFIRMED_PROSE	P	4	4	DEFINITE_SPACE	LINE_END	agair@221;m	agair m	2	4,5	4	5	agair	m	MULTI_ASCII_FRAGMENT	MULTI_FRAGMENT_MIXED_RETAINED_OMITTED
RF1b|f99r.8|G001	RF1b	f99r.8	f99r	DIAGNOSTIC_NONPROSE	L	1	1	LINE_START	LINE_END	ok@221;r	ok r	2	1,2	1,2		ok r		MULTI_ASCII_FRAGMENT	MULTI_FRAGMENT_ALL_RETAINED
RF1b|f99v.11|G006	RF1b	f99v.11	f99v	CONFIRMED_PROSE	P	6	8	DRAWING_INTERRUPTION	DEFINITE_SPACE	q{kh}@221;ldy	q ldy	2	6,7	6,7		q ldy		MULTI_ASCII_FRAGMENT	MULTI_FRAGMENT_ALL_RETAINED
RF1b|f99v.11|G007	RF1b	f99v.11	f99v	CONFIRMED_PROSE	P	7	8	DEFINITE_SPACE	DEFINITE_SPACE	t@221;ly	t ly	2	8,9	8,9		t ly		MULTI_ASCII_FRAGMENT	MULTI_FRAGMENT_ALL_RETAINED
RF1b|f99v.13|G001	RF1b	f99v.13	f99v	CONFIRMED_PROSE	P	1	5	LINE_START	DEFINITE_SPACE	ok@221;raiin	ok raiin	2	1,2	1,2		ok raiin		MULTI_ASCII_FRAGMENT	MULTI_FRAGMENT_ALL_RETAINED
RF1b|f99v.14|G001	RF1b	f99v.14	f99v	DIAGNOSTIC_NONPROSE	L	1	1	LINE_START	LINE_END	@221;kal@152;ody	kal ody	2	1,2	1,2		kal ody		MULTI_ASCII_FRAGMENT	MULTI_FRAGMENT_ALL_RETAINED
RF1b|f99v.21|G004	RF1b	f99v.21	f99v	CONFIRMED_PROSE	P	4	10	DEFINITE_SPACE	DEFINITE_SPACE	o@176;or	o or	2	4,5	4,5		o or		MULTI_ASCII_FRAGMENT	MULTI_FRAGMENT_ALL_RETAINED
RF1b|f99v.31|G001	RF1b	f99v.31	f99v	DIAGNOSTIC_NONPROSE	L	1	1	LINE_START	LINE_END	dol@152;am	dol am	2	1,2	1,2		dol am		MULTI_ASCII_FRAGMENT	MULTI_FRAGMENT_ALL_RETAINED
RF1b|f99v.32|G008	RF1b	f99v.32	f99v	CONFIRMED_PROSE	P	8	9	DEFINITE_SPACE	DRAWING_INTERRUPTION	okee@152;y	okee y	2	8,9	8	9	okee	y	MULTI_ASCII_FRAGMENT	MULTI_FRAGMENT_MIXED_RETAINED_OMITTED
RF1b|f99v.33|G009	RF1b	f99v.33	f99v	CONFIRMED_PROSE	P	9	9	DEFINITE_SPACE	LINE_END	cheol@152;y	cheol y	2	9,10	9	10	cheol	y	MULTI_ASCII_FRAGMENT	MULTI_FRAGMENT_MIXED_RETAINED_OMITTED
RF1b|f99v.34|G011	RF1b	f99v.34	f99v	CONFIRMED_PROSE	P	11	11	DEFINITE_SPACE	LINE_END	dol@152;am	dol am	2	11,12	11,12		dol am		MULTI_ASCII_FRAGMENT	MULTI_FRAGMENT_ALL_RETAINED
RF1b|f99v.35|G006	RF1b	f99v.35	f99v	CONFIRMED_PROSE	P	6	6	DEFINITE_SPACE	LINE_END	ok@221;iin	ok iin	2	6,7	6,7		ok iin		MULTI_ASCII_FRAGMENT	MULTI_FRAGMENT_ALL_RETAINED
RF1b|f99v.37|G006	RF1b	f99v.37	f99v	CONFIRMED_PROSE	P	6	6	DRAWING_INTERRUPTION	LINE_END	ok@221;ly	ok ly	2	6,7	6,7		ok ly		MULTI_ASCII_FRAGMENT	MULTI_FRAGMENT_ALL_RETAINED
RF1b|f99v.40|G003	RF1b	f99v.40	f99v	CONFIRMED_PROSE	P	3	7	DEFINITE_SPACE	DEFINITE_SPACE	okeo@152;y	okeo y	2	3,4	3	4	okeo	y	MULTI_ASCII_FRAGMENT	MULTI_FRAGMENT_MIXED_RETAINED_OMITTED
RF1b|f9r.10|G003	RF1b	f9r.10	f9r	CONFIRMED_PROSE	P	3	3	DEFINITE_SPACE	LINE_END	chk@221;r	chk r	2	3,4	3,4		chk r		MULTI_ASCII_FRAGMENT	MULTI_FRAGMENT_ALL_RETAINED
RF1b|f9r.6|G002	RF1b	f9r.6	f9r	CONFIRMED_PROSE	P	2	8	DEFINITE_SPACE	DEFINITE_SPACE	cth@221;aiin	cth aiin	2	2,3	2,3		cth aiin		MULTI_ASCII_FRAGMENT	MULTI_FRAGMENT_ALL_RETAINED
RF1b|f9r.6|G004	RF1b	f9r.6	f9r	CONFIRMED_PROSE	P	4	8	DEFINITE_SPACE	DEFINITE_SPACE	cfh@221;dosal	cfh dosal	2	5,6	5,6		cfh dosal		MULTI_ASCII_FRAGMENT	MULTI_FRAGMENT_ALL_RETAINED
RF1b|f9r.8|G006	RF1b	f9r.8	f9r	CONFIRMED_PROSE	P	6	9	DEFINITE_SPACE	DRAWING_INTERRUPTION	@152;		0						ZERO_ASCII_FRAGMENT	SOURCE_GROUP_ABSENT_FROM_LEGACY_ASCII
RF1b|f9v.1|G002	RF1b	f9v.1	f9v	CONFIRMED_PROSE	P	2	10	DEFINITE_SPACE	DEFINITE_SPACE	oporo@152;y	oporo y	2	2,3	2	3	oporo	y	MULTI_ASCII_FRAGMENT	MULTI_FRAGMENT_MIXED_RETAINED_OMITTED
RF1b|f9v.9|G003	RF1b	f9v.9	f9v	CONFIRMED_PROSE	P	3	6	DEFINITE_SPACE	DEFINITE_SPACE	t@221;r	t r	2	3,4	3,4		t r		MULTI_ASCII_FRAGMENT	MULTI_FRAGMENT_ALL_RETAINED
RF1b|fRos.100|G001	RF1b	fRos.100	fros	DIAGNOSTIC_NONPROSE	L	1	1	LINE_START	LINE_END	ote@152;am	ote am	2	1,2	1,2		ote am		MULTI_ASCII_FRAGMENT	MULTI_FRAGMENT_ALL_RETAINED
RF1b|fRos.102|G001	RF1b	fRos.102	fros	DIAGNOSTIC_NONPROSE	L	1	1	LINE_START	LINE_END	oto@152;ar	oto ar	2	1,2	1,2		oto ar		MULTI_ASCII_FRAGMENT	MULTI_FRAGMENT_ALL_RETAINED
RF1b|fRos.105|G001	RF1b	fRos.105	fros	DIAGNOSTIC_NONPROSE	L	1	1	LINE_START	LINE_END	xolte@152;y	xolte y	2	1,2	1	2	xolte	y	MULTI_ASCII_FRAGMENT	MULTI_FRAGMENT_MIXED_RETAINED_OMITTED
RF1b|fRos.107|G001	RF1b	fRos.107	fros	DIAGNOSTIC_NONPROSE	L	1	2	LINE_START	DEFINITE_SPACE	ote@152;y	ote y	2	1,2	1	2	ote	y	MULTI_ASCII_FRAGMENT	MULTI_FRAGMENT_MIXED_RETAINED_OMITTED
RF1b|fRos.122|G001	RF1b	fRos.122	fros	DIAGNOSTIC_NONPROSE	C	1	33	LINE_START	DEFINITE_SPACE	oke@152;ar	oke ar	2	1,2	1,2		oke ar		MULTI_ASCII_FRAGMENT	MULTI_FRAGMENT_ALL_RETAINED
RF1b|fRos.122|G007	RF1b	fRos.122	fros	DIAGNOSTIC_NONPROSE	C	7	33	DEFINITE_SPACE	DEFINITE_SPACE	keee@152;y	keee y	2	8,9	8	9	keee	y	MULTI_ASCII_FRAGMENT	MULTI_FRAGMENT_MIXED_RETAINED_OMITTED
RF1b|fRos.122|G011	RF1b	fRos.122	fros	DIAGNOSTIC_NONPROSE	C	11	33	DEFINITE_SPACE	DEFINITE_SPACE	ote@152;aiin	ote aiin	2	13,14	13,14		ote aiin		MULTI_ASCII_FRAGMENT	MULTI_FRAGMENT_ALL_RETAINED
RF1b|fRos.122|G019	RF1b	fRos.122	fros	DIAGNOSTIC_NONPROSE	C	19	33	DEFINITE_SPACE	DEFINITE_SPACE	oke@152;al	oke al	2	22,23	22,23		oke al		MULTI_ASCII_FRAGMENT	MULTI_FRAGMENT_ALL_RETAINED
RF1b|fRos.122|G024	RF1b	fRos.122	fros	DIAGNOSTIC_NONPROSE	C	24	33	DEFINITE_SPACE	DEFINITE_SPACE	sal@152;an	sal an	2	28,29	28,29		sal an		MULTI_ASCII_FRAGMENT	MULTI_FRAGMENT_ALL_RETAINED
RF1b|fRos.122|G026	RF1b	fRos.122	fros	DIAGNOSTIC_NONPROSE	C	26	33	DEFINITE_SPACE	DEFINITE_SPACE	otch@152;aiin	otch aiin	2	31,32	31,32		otch aiin		MULTI_ASCII_FRAGMENT	MULTI_FRAGMENT_ALL_RETAINED
RF1b|fRos.122|G027	RF1b	fRos.122	fros	DIAGNOSTIC_NONPROSE	C	27	33	DEFINITE_SPACE	DEFINITE_SPACE	ote@152;y	ote y	2	33,34	33	34	ote	y	MULTI_ASCII_FRAGMENT	MULTI_FRAGMENT_MIXED_RETAINED_OMITTED
RF1b|fRos.133|G004	RF1b	fRos.133	fros	DIAGNOSTIC_NONPROSE	C	4	30	DEFINITE_SPACE	DEFINITE_SPACE	oto@152;ad	oto ad	2	4,5	4,5		oto ad		MULTI_ASCII_FRAGMENT	MULTI_FRAGMENT_ALL_RETAINED
RF1b|fRos.133|G009	RF1b	fRos.133	fros	DIAGNOSTIC_NONPROSE	C	9	30	DEFINITE_SPACE	DEFINITE_SPACE	???		0						ZERO_ASCII_FRAGMENT	SOURCE_GROUP_ABSENT_FROM_LEGACY_ASCII
RF1b|fRos.133|G021	RF1b	fRos.133	fros	DIAGNOSTIC_NONPROSE	C	21	30	DEFINITE_SPACE	DEFINITE_SPACE	oto@152;eees	oto eees	2	21,22	21,22		oto eees		MULTI_ASCII_FRAGMENT	MULTI_FRAGMENT_ALL_RETAINED
RF1b|fRos.133|G024	RF1b	fRos.133	fros	DIAGNOSTIC_NONPROSE	C	24	30	DEFINITE_SPACE	DEFINITE_SPACE	oto@152;y	oto y	2	25,26	25	26	oto	y	MULTI_ASCII_FRAGMENT	MULTI_FRAGMENT_MIXED_RETAINED_OMITTED
RF1b|fRos.133|G029	RF1b	fRos.133	fros	DIAGNOSTIC_NONPROSE	C	29	30	DEFINITE_SPACE	DEFINITE_SPACE	oke@152;aiin	oke aiin	2	31,32	31,32		oke aiin		MULTI_ASCII_FRAGMENT	MULTI_FRAGMENT_ALL_RETAINED
RF1b|fRos.134|G001	RF1b	fRos.134	fros	DIAGNOSTIC_NONPROSE	L	1	1	LINE_START	LINE_END	op@221;ldar	op ldar	2	1,2	1,2		op ldar		MULTI_ASCII_FRAGMENT	MULTI_FRAGMENT_ALL_RETAINED
RF1b|fRos.138|G003	RF1b	fRos.138	fros	CONFIRMED_PROSE	P	3	5	DEFINITE_SPACE	DEFINITE_SPACE	ytee@152;y	ytee y	2	3,4	3	4	ytee	y	MULTI_ASCII_FRAGMENT	MULTI_FRAGMENT_MIXED_RETAINED_OMITTED
RF1b|fRos.140|G003	RF1b	fRos.140	fros	CONFIRMED_PROSE	P	3	3	DEFINITE_SPACE	LINE_END	qoke@152;y	qoke y	2	3,4	3	4	qoke	y	MULTI_ASCII_FRAGMENT	MULTI_FRAGMENT_MIXED_RETAINED_OMITTED
RF1b|fRos.143|G001	RF1b	fRos.143	fros	CONFIRMED_PROSE	P	1	4	LINE_START	DEFINITE_SPACE	okee@152;y	okee y	2	1,2	1	2	okee	y	MULTI_ASCII_FRAGMENT	MULTI_FRAGMENT_MIXED_RETAINED_OMITTED
RF1b|fRos.143|G003	RF1b	fRos.143	fros	CONFIRMED_PROSE	P	3	4	DEFINITE_SPACE	DEFINITE_SPACE	chfa@152;y	chfa y	2	4,5	4	5	chfa	y	MULTI_ASCII_FRAGMENT	MULTI_FRAGMENT_MIXED_RETAINED_OMITTED
RF1b|fRos.153|G001	RF1b	fRos.153	fros	DIAGNOSTIC_NONPROSE	L	1	1	LINE_START	LINE_END	shckh@152;y	shckh y	2	1,2	1	2	shckh	y	MULTI_ASCII_FRAGMENT	MULTI_FRAGMENT_MIXED_RETAINED_OMITTED
RF1b|fRos.16|G001	RF1b	fRos.16	fros	DIAGNOSTIC_NONPROSE	L	1	1	LINE_START	LINE_END	ofar@152;y	ofar y	2	1,2	1	2	ofar	y	MULTI_ASCII_FRAGMENT	MULTI_FRAGMENT_MIXED_RETAINED_OMITTED
RF1b|fRos.2|G011	RF1b	fRos.2	fros	DIAGNOSTIC_NONPROSE	C	11	35	DEFINITE_SPACE	DEFINITE_SPACE	ot@152;ar	ot ar	2	11,12	11,12		ot ar		MULTI_ASCII_FRAGMENT	MULTI_FRAGMENT_ALL_RETAINED
RF1b|fRos.2|G023	RF1b	fRos.2	fros	DIAGNOSTIC_NONPROSE	C	23	35	DEFINITE_SPACE	DEFINITE_SPACE	oto@152;r	oto r	2	24,25	24,25		oto r		MULTI_ASCII_FRAGMENT	MULTI_FRAGMENT_ALL_RETAINED
RF1b|fRos.2|G035	RF1b	fRos.2	fros	DIAGNOSTIC_NONPROSE	C	35	35	DEFINITE_SPACE	LINE_END	okee@152;y	okee y	2	37,38	37	38	okee	y	MULTI_ASCII_FRAGMENT	MULTI_FRAGMENT_MIXED_RETAINED_OMITTED
RF1b|fRos.20|G023	RF1b	fRos.20	fros	DIAGNOSTIC_NONPROSE	C	23	44	DEFINITE_SPACE	DEFINITE_SPACE	l@152;y	l y	2	23,24	23	24	l	y	MULTI_ASCII_FRAGMENT	MULTI_FRAGMENT_MIXED_RETAINED_OMITTED
RF1b|fRos.20|G027	RF1b	fRos.20	fros	DIAGNOSTIC_NONPROSE	C	27	44	DEFINITE_SPACE	DEFINITE_SPACE	sheeke@152;e	sheeke e	2	28,29	28,29		sheeke e		MULTI_ASCII_FRAGMENT	MULTI_FRAGMENT_ALL_RETAINED
RF1b|fRos.20|G028	RF1b	fRos.20	fros	DIAGNOSTIC_NONPROSE	C	28	44	DEFINITE_SPACE	DEFINITE_SPACE	o@152;al	o al	2	30,31	30,31		o al		MULTI_ASCII_FRAGMENT	MULTI_FRAGMENT_ALL_RETAINED
RF1b|fRos.20|G030	RF1b	fRos.20	fros	DIAGNOSTIC_NONPROSE	C	30	44	DEFINITE_SPACE	DEFINITE_SPACE	olkee@152;y	olkee y	2	33,34	33	34	olkee	y	MULTI_ASCII_FRAGMENT	MULTI_FRAGMENT_MIXED_RETAINED_OMITTED
RF1b|fRos.20|G033	RF1b	fRos.20	fros	DIAGNOSTIC_NONPROSE	C	33	44	DEFINITE_SPACE	DEFINITE_SPACE	okch@152;y	okch y	2	37,38	37	38	okch	y	MULTI_ASCII_FRAGMENT	MULTI_FRAGMENT_MIXED_RETAINED_OMITTED
RF1b|fRos.20|G040	RF1b	fRos.20	fros	DIAGNOSTIC_NONPROSE	C	40	44	DEFINITE_SPACE	DEFINITE_SPACE	okch@152;y	okch y	2	45,46	45	46	okch	y	MULTI_ASCII_FRAGMENT	MULTI_FRAGMENT_MIXED_RETAINED_OMITTED
RF1b|fRos.24|G001	RF1b	fRos.24	fros	DIAGNOSTIC_NONPROSE	L	1	1	LINE_START	LINE_END	oke@152;y	oke y	2	1,2	1	2	oke	y	MULTI_ASCII_FRAGMENT	MULTI_FRAGMENT_MIXED_RETAINED_OMITTED
RF1b|fRos.28|G001	RF1b	fRos.28	fros	DIAGNOSTIC_NONPROSE	L	1	1	LINE_START	LINE_END	a@152;airy	a airy	2	1,2	1,2		a airy		MULTI_ASCII_FRAGMENT	MULTI_FRAGMENT_ALL_RETAINED
RF1b|fRos.33|G002	RF1b	fRos.33	fros	DIAGNOSTIC_NONPROSE	L	2	2	DEFINITE_SPACE	LINE_END	o@213;ol{c@133;h}y	o oly	2	2,3	2,3		o oly		MULTI_ASCII_FRAGMENT	MULTI_FRAGMENT_ALL_RETAINED
RF1b|fRos.34|G001	RF1b	fRos.34	fros	DIAGNOSTIC_NONPROSE	L	1	1	LINE_START	LINE_END	oko@152;y	oko y	2	1,2	1	2	oko	y	MULTI_ASCII_FRAGMENT	MULTI_FRAGMENT_MIXED_RETAINED_OMITTED
RF1b|fRos.35|G007	RF1b	fRos.35	fros	DIAGNOSTIC_NONPROSE	C	7	36	DEFINITE_SPACE	DEFINITE_SPACE	yto@152;ar	yto ar	2	7,8	7,8		yto ar		MULTI_ASCII_FRAGMENT	MULTI_FRAGMENT_ALL_RETAINED
RF1b|fRos.35|G010	RF1b	fRos.35	fros	DIAGNOSTIC_NONPROSE	C	10	36	DEFINITE_SPACE	DEFINITE_SPACE	yke@152;y	yke y	2	11,12	11	12	yke	y	MULTI_ASCII_FRAGMENT	MULTI_FRAGMENT_MIXED_RETAINED_OMITTED
RF1b|fRos.35|G012	RF1b	fRos.35	fros	DIAGNOSTIC_NONPROSE	C	12	36	DEFINITE_SPACE	DEFINITE_SPACE	tch@152;@221;iin	tch iin	2	14,15	14,15		tch iin		MULTI_ASCII_FRAGMENT	MULTI_FRAGMENT_ALL_RETAINED
RF1b|fRos.35|G015	RF1b	fRos.35	fros	DIAGNOSTIC_NONPROSE	C	15	36	DEFINITE_SPACE	DEFINITE_SPACE	to@152;ar	to ar	2	18,19	18,19		to ar		MULTI_ASCII_FRAGMENT	MULTI_FRAGMENT_ALL_RETAINED
RF1b|fRos.35|G021	RF1b	fRos.35	fros	DIAGNOSTIC_NONPROSE	C	21	36	DEFINITE_SPACE	DEFINITE_SPACE	she@152;y	she y	2	25,26	25	26	she	y	MULTI_ASCII_FRAGMENT	MULTI_FRAGMENT_MIXED_RETAINED_OMITTED
RF1b|fRos.35|G036	RF1b	fRos.35	fros	DIAGNOSTIC_NONPROSE	C	36	36	DEFINITE_SPACE	LINE_END	ol@221;r	ol r	2	41,42	41,42		ol r		MULTI_ASCII_FRAGMENT	MULTI_FRAGMENT_ALL_RETAINED
RF1b|fRos.36|G007	RF1b	fRos.36	fros	DIAGNOSTIC_NONPROSE	C	7	19	DEFINITE_SPACE	DEFINITE_SPACE	och@152;ar	och ar	2	7,8	7,8		och ar		MULTI_ASCII_FRAGMENT	MULTI_FRAGMENT_ALL_RETAINED
RF1b|fRos.36|G016	RF1b	fRos.36	fros	DIAGNOSTIC_NONPROSE	C	16	19	DEFINITE_SPACE	DEFINITE_SPACE	yk@221;dar	yk dar	2	17,18	17,18		yk dar		MULTI_ASCII_FRAGMENT	MULTI_FRAGMENT_ALL_RETAINED
RF1b|fRos.36|G017	RF1b	fRos.36	fros	DIAGNOSTIC_NONPROSE	C	17	19	DEFINITE_SPACE	DEFINITE_SPACE	yko@152;ar	yko ar	2	19,20	19,20		yko ar		MULTI_ASCII_FRAGMENT	MULTI_FRAGMENT_ALL_RETAINED
RF1b|fRos.39|G002	RF1b	fRos.39	fros	CONFIRMED_PROSE	P	2	3	DEFINITE_SPACE	DEFINITE_SPACE	qolche@152;ar	qolche ar	2	2,3	2,3		qolche ar		MULTI_ASCII_FRAGMENT	MULTI_FRAGMENT_ALL_RETAINED
RF1b|fRos.40|G002	RF1b	fRos.40	fros	CONFIRMED_PROSE	P	2	3	DEFINITE_SPACE	DEFINITE_SPACE	ch@152;aiin	ch aiin	2	2,3	2,3		ch aiin		MULTI_ASCII_FRAGMENT	MULTI_FRAGMENT_ALL_RETAINED
RF1b|fRos.45|G001	RF1b	fRos.45	fros	DIAGNOSTIC_NONPROSE	L	1	2	LINE_START	DEFINITE_SPACE	otch@152;y	otch y	2	1,2	1	2	otch	y	MULTI_ASCII_FRAGMENT	MULTI_FRAGMENT_MIXED_RETAINED_OMITTED
RF1b|fRos.47|G008	RF1b	fRos.47	fros	DIAGNOSTIC_NONPROSE	C	8	31	DEFINITE_SPACE	DEFINITE_SPACE	ote@152;y	ote y	2	8,9	8	9	ote	y	MULTI_ASCII_FRAGMENT	MULTI_FRAGMENT_MIXED_RETAINED_OMITTED
RF1b|fRos.47|G009	RF1b	fRos.47	fros	DIAGNOSTIC_NONPROSE	C	9	31	DEFINITE_SPACE	DEFINITE_SPACE	qote@152;y	qote y	2	10,11	10	11	qote	y	MULTI_ASCII_FRAGMENT	MULTI_FRAGMENT_MIXED_RETAINED_OMITTED
RF1b|fRos.47|G011	RF1b	fRos.47	fros	DIAGNOSTIC_NONPROSE	C	11	31	DEFINITE_SPACE	DEFINITE_SPACE	ot@221;raiin	ot raiin	2	13,14	13,14		ot raiin		MULTI_ASCII_FRAGMENT	MULTI_FRAGMENT_ALL_RETAINED
RF1b|fRos.47|G025	RF1b	fRos.47	fros	DIAGNOSTIC_NONPROSE	C	25	31	DEFINITE_SPACE	DEFINITE_SPACE	o@152;al	o al	2	28,29	28,29		o al		MULTI_ASCII_FRAGMENT	MULTI_FRAGMENT_ALL_RETAINED
RF1b|fRos.47|G027	RF1b	fRos.47	fros	DIAGNOSTIC_NONPROSE	C	27	31	DEFINITE_SPACE	DEFINITE_SPACE	otch@152;ar	otch ar	2	31,32	31,32		otch ar		MULTI_ASCII_FRAGMENT	MULTI_FRAGMENT_ALL_RETAINED
RF1b|fRos.48|G001	RF1b	fRos.48	fros	DIAGNOSTIC_NONPROSE	L	1	1	LINE_START	LINE_END	ote@152;al	ote al	2	1,2	1,2		ote al		MULTI_ASCII_FRAGMENT	MULTI_FRAGMENT_ALL_RETAINED
RF1b|fRos.54|G001	RF1b	fRos.54	fros	DIAGNOSTIC_NONPROSE	L	1	1	LINE_START	LINE_END	o@152;ee@152;y	o ee y	3	1,2,3	1,2	3	o ee	y	MULTI_ASCII_FRAGMENT	MULTI_FRAGMENT_MIXED_RETAINED_OMITTED
RF1b|fRos.55|G001	RF1b	fRos.55	fros	DIAGNOSTIC_NONPROSE	L	1	1	LINE_START	LINE_END	oky@152;y	oky y	2	1,2	1	2	oky	y	MULTI_ASCII_FRAGMENT	MULTI_FRAGMENT_MIXED_RETAINED_OMITTED
RF1b|fRos.60|G001	RF1b	fRos.60	fros	DIAGNOSTIC_NONPROSE	L	1	1	LINE_START	LINE_END	d@152;y	d y	2	1,2	1	2	d	y	MULTI_ASCII_FRAGMENT	MULTI_FRAGMENT_MIXED_RETAINED_OMITTED
RF1b|fRos.62|G007	RF1b	fRos.62	fros	DIAGNOSTIC_NONPROSE	C	7	46	DEFINITE_SPACE	DEFINITE_SPACE	o@152;sheedy	o sheedy	2	7,8	7,8		o sheedy		MULTI_ASCII_FRAGMENT	MULTI_FRAGMENT_ALL_RETAINED
RF1b|fRos.62|G009	RF1b	fRos.62	fros	DIAGNOSTIC_NONPROSE	C	9	46	DEFINITE_SPACE	DEFINITE_SPACE	okch@152;y	okch y	2	10,11	10	11	okch	y	MULTI_ASCII_FRAGMENT	MULTI_FRAGMENT_MIXED_RETAINED_OMITTED
RF1b|fRos.62|G028	RF1b	fRos.62	fros	DIAGNOSTIC_NONPROSE	C	28	46	DEFINITE_SPACE	DEFINITE_SPACE	otee@152;aiin	otee aiin	2	30,31	30,31		otee aiin		MULTI_ASCII_FRAGMENT	MULTI_FRAGMENT_ALL_RETAINED
RF1b|fRos.62|G043	RF1b	fRos.62	fros	DIAGNOSTIC_NONPROSE	C	43	46	DEFINITE_SPACE	DEFINITE_SPACE	oko@152;y	oko y	2	46,47	46	47	oko	y	MULTI_ASCII_FRAGMENT	MULTI_FRAGMENT_MIXED_RETAINED_OMITTED
RF1b|fRos.62|G044	RF1b	fRos.62	fros	DIAGNOSTIC_NONPROSE	C	44	46	DEFINITE_SPACE	DEFINITE_SPACE	ote@152;y	ote y	2	48,49	48	49	ote	y	MULTI_ASCII_FRAGMENT	MULTI_FRAGMENT_MIXED_RETAINED_OMITTED
RF1b|fRos.62|G045	RF1b	fRos.62	fros	DIAGNOSTIC_NONPROSE	C	45	46	DEFINITE_SPACE	DEFINITE_SPACE	ch@152;ar	ch ar	2	50,51	50,51		ch ar		MULTI_ASCII_FRAGMENT	MULTI_FRAGMENT_ALL_RETAINED
RF1b|fRos.70|G001	RF1b	fRos.70	fros	DIAGNOSTIC_NONPROSE	L	1	2	LINE_START	DEFINITE_SPACE	ot@152;o@152;as	ot o as	3	1,2,3	1,2,3		ot o as		MULTI_ASCII_FRAGMENT	MULTI_FRAGMENT_ALL_RETAINED
RF1b|fRos.70|G002	RF1b	fRos.70	fros	DIAGNOSTIC_NONPROSE	L	2	2	DEFINITE_SPACE	LINE_END	oe@152;y	oe y	2	4,5	4	5	oe	y	MULTI_ASCII_FRAGMENT	MULTI_FRAGMENT_MIXED_RETAINED_OMITTED
RF1b|fRos.72|G001	RF1b	fRos.72	fros	DIAGNOSTIC_NONPROSE	L	1	2	LINE_START	DEFINITE_SPACE	ote@152;ain	ote ain	2	1,2	1,2		ote ain		MULTI_ASCII_FRAGMENT	MULTI_FRAGMENT_ALL_RETAINED
RF1b|fRos.72|G002	RF1b	fRos.72	fros	DIAGNOSTIC_NONPROSE	L	2	2	DEFINITE_SPACE	LINE_END	ote@152;y	ote y	2	3,4	3	4	ote	y	MULTI_ASCII_FRAGMENT	MULTI_FRAGMENT_MIXED_RETAINED_OMITTED
RF1b|fRos.73|G001	RF1b	fRos.73	fros	DIAGNOSTIC_NONPROSE	L	1	2	LINE_START	DEFINITE_SPACE	yte@152;ar	yte ar	2	1,2	1,2		yte ar		MULTI_ASCII_FRAGMENT	MULTI_FRAGMENT_ALL_RETAINED
RF1b|fRos.79|G001	RF1b	fRos.79	fros	DIAGNOSTIC_NONPROSE	L	1	1	LINE_START	LINE_END	o@152;l	o l	2	1,2	1,2		o l		MULTI_ASCII_FRAGMENT	MULTI_FRAGMENT_ALL_RETAINED
RF1b|fRos.86|G001	RF1b	fRos.86	fros	DIAGNOSTIC_NONPROSE	L	1	1	LINE_START	LINE_END	so@152;y	so y	2	1,2	1	2	so	y	MULTI_ASCII_FRAGMENT	MULTI_FRAGMENT_MIXED_RETAINED_OMITTED
RF1b|fRos.87|G015	RF1b	fRos.87	fros	DIAGNOSTIC_NONPROSE	C	15	31	DEFINITE_SPACE	DEFINITE_SPACE	oto@152;y	oto y	2	15,16	15	16	oto	y	MULTI_ASCII_FRAGMENT	MULTI_FRAGMENT_MIXED_RETAINED_OMITTED
RF1b|fRos.87|G025	RF1b	fRos.87	fros	DIAGNOSTIC_NONPROSE	C	25	31	DEFINITE_SPACE	DEFINITE_SPACE	okche@152;y	okche y	2	26,27	26	27	okche	y	MULTI_ASCII_FRAGMENT	MULTI_FRAGMENT_MIXED_RETAINED_OMITTED
RF1b|fRos.87|G026	RF1b	fRos.87	fros	DIAGNOSTIC_NONPROSE	C	26	31	DEFINITE_SPACE	DEFINITE_SPACE	eee@176;che@152;y	eee che y	3	28,29,30	28,29	30	eee che	y	MULTI_ASCII_FRAGMENT	MULTI_FRAGMENT_MIXED_RETAINED_OMITTED
RF1b|fRos.87|G027	RF1b	fRos.87	fros	DIAGNOSTIC_NONPROSE	C	27	31	DEFINITE_SPACE	DEFINITE_SPACE	ofch@152;@221;r	ofch r	2	31,32	31,32		ofch r		MULTI_ASCII_FRAGMENT	MULTI_FRAGMENT_ALL_RETAINED
RF1b|fRos.87|G028	RF1b	fRos.87	fros	DIAGNOSTIC_NONPROSE	C	28	31	DEFINITE_SPACE	DEFINITE_SPACE	qotch@152;y	qotch y	2	33,34	33	34	qotch	y	MULTI_ASCII_FRAGMENT	MULTI_FRAGMENT_MIXED_RETAINED_OMITTED
RF1b|fRos.89|G001	RF1b	fRos.89	fros	DIAGNOSTIC_NONPROSE	L	1	1	LINE_START	LINE_END	okal@221;in	okal in	2	1,2	1,2		okal in		MULTI_ASCII_FRAGMENT	MULTI_FRAGMENT_ALL_RETAINED
RF1b|fRos.93|G001	RF1b	fRos.93	fros	DIAGNOSTIC_NONPROSE	L	1	1	LINE_START	LINE_END	darch@152;y	darch y	2	1,2	1	2	darch	y	MULTI_ASCII_FRAGMENT	MULTI_FRAGMENT_MIXED_RETAINED_OMITTED
RF1b|fRos.94|G003	RF1b	fRos.94	fros	DIAGNOSTIC_NONPROSE	C	3	35	DEFINITE_SPACE	DEFINITE_SPACE	ote@152;ar	ote ar	2	3,4	3,4		ote ar		MULTI_ASCII_FRAGMENT	MULTI_FRAGMENT_ALL_RETAINED
RF1b|fRos.94|G012	RF1b	fRos.94	fros	DIAGNOSTIC_NONPROSE	C	12	35	DEFINITE_SPACE	DEFINITE_SPACE	che@152;aiin	che aiin	2	13,14	13,14		che aiin		MULTI_ASCII_FRAGMENT	MULTI_FRAGMENT_ALL_RETAINED
RF1b|fRos.94|G014	RF1b	fRos.94	fros	DIAGNOSTIC_NONPROSE	C	14	35	DEFINITE_SPACE	DEFINITE_SPACE	she@152;y	she y	2	16,17	16	17	she	y	MULTI_ASCII_FRAGMENT	MULTI_FRAGMENT_MIXED_RETAINED_OMITTED
RF1b|fRos.94|G015	RF1b	fRos.94	fros	DIAGNOSTIC_NONPROSE	C	15	35	DEFINITE_SPACE	DEFINITE_SPACE	oto@152;y	oto y	2	18,19	18	19	oto	y	MULTI_ASCII_FRAGMENT	MULTI_FRAGMENT_MIXED_RETAINED_OMITTED
RF1b|fRos.94|G019	RF1b	fRos.94	fros	DIAGNOSTIC_NONPROSE	C	19	35	DEFINITE_SPACE	DEFINITE_SPACE	oto@152;y	oto y	2	23,24	23	24	oto	y	MULTI_ASCII_FRAGMENT	MULTI_FRAGMENT_MIXED_RETAINED_OMITTED
RF1b|fRos.94|G029	RF1b	fRos.94	fros	DIAGNOSTIC_NONPROSE	C	29	35	DEFINITE_SPACE	DEFINITE_SPACE	op@221;r	op r	2	34,35	34,35		op r		MULTI_ASCII_FRAGMENT	MULTI_FRAGMENT_ALL_RETAINED
