assignment_ordinal	cohort	event_id	statement_id	physical_page	register	surface	recipe	argument_state_projection	argument_occurrence_in_recipe	argument_multiplicity_in_recipe	argument_sequence	argument	argument_value_de	argument_atom_position	recipe_atom_count	left_control	right_control	carrier_envelope	carrier_role	content_block	argument_position_in_block	left_content_before_argument	right_content_after_argument	is_last_argument_in_recipe	compact_carrier_reading_de	envelope_template_de	complete_carrier_reading_de	literal_projection_reading_de	statement_position	statement_final	current_reading_de	y_dy_atom_distinction	guard	substitution_family_id
1	OLD26_GDT407	G407-E0010	G407-S001	f1r	SOURCE_SECTION_T	sholdy	SH+OL+D_ADDR+Y	OL+Y	1	1	Y	Y	POSTEN	4	4	OL	END	OL>A<END	CONTINUED_CARRIER_ARGUMENT	D_ADDR+Y	2	D_ADDR	NONE	YES	FORTSETZEN · POSTEN	weiter mit ARG als aktuellem Träger	weiter mit dem Posten als aktuellem Träger	TRÄGER FORTSETZEN → POSTEN	STATEMENT_INTERNAL	NO	HALTEN · FORTSETZEN · HIER · AKTIVER POSTEN	Y_IS_ARGUMENT_ATOM__NOT_THE_DY_CONTROL	ARGUMENT_VALUE_INSIDE_WRITTEN_CONTROL_ENVELOPE__NO_ROOT_OR_RECIPE_CHANGE	NONE
2	OLD26_GDT407	G407-E0032	G407-S001	f1r	SOURCE_SECTION_T	oteey	OT+EE+Y	OT+Y	1	1	Y	Y	POSTEN	3	3	OT	END	OT>A<END	NEXT_CARRIER_ARGUMENT	EE+Y	2	EE	NONE	YES	DANACH · POSTEN	danach ARG als nächsten Träger eröffnen	danach den Posten als nächsten Träger eröffnen	NÄCHSTEN TRÄGER ERÖFFNEN → POSTEN	STATEMENT_INTERNAL	NO	DANACH · GRAD II · AKTIVER POSTEN	Y_IS_ARGUMENT_ATOM__NOT_THE_DY_CONTROL	ARGUMENT_VALUE_INSIDE_WRITTEN_CONTROL_ENVELOPE__NO_ROOT_OR_RECIPE_CHANGE	G559-F06
3	OLD26_GDT407	G407-E0034	G407-S001	f1r	SOURCE_SECTION_T	roloty	R+OL+OT+Y	OL+OT+Y	1	1	Y	Y	POSTEN	4	4	OT	END	OT>A<END	NEXT_CARRIER_ARGUMENT	Y	1	NONE	NONE	YES	DANACH · POSTEN	danach ARG als nächsten Träger eröffnen	danach den Posten als nächsten Träger eröffnen	TRÄGER FORTSETZEN → NÄCHSTEN TRÄGER ERÖFFNEN → POSTEN	STATEMENT_INTERNAL	NO	MARKIEREN · FORTSETZEN · DANACH · AKTIVER POSTEN	Y_IS_ARGUMENT_ATOM__NOT_THE_DY_CONTROL	ARGUMENT_VALUE_INSIDE_WRITTEN_CONTROL_ENVELOPE__NO_ROOT_OR_RECIPE_CHANGE	NONE
4	OLD26_GDT407	G407-E0095	G407-S005	f1r	SOURCE_SECTION_T	oldain	OL+AIN	OL+AIN	1	1	AIN	AIN	ANTEIL	2	2	OL	END	OL>A<END	CONTINUED_CARRIER_ARGUMENT	AIN	1	NONE	NONE	YES	FORTSETZEN · ANTEIL	weiter mit ARG als aktuellem Träger	weiter mit dem Anteil als aktuellem Träger	TRÄGER FORTSETZEN → ANTEIL	STATEMENT_INTERNAL	NO	FORTSETZEN · ANTEIL	NOT_APPLICABLE	ARGUMENT_VALUE_INSIDE_WRITTEN_CONTROL_ENVELOPE__NO_ROOT_OR_RECIPE_CHANGE	G559-F02
5	OLD26_GDT407	G407-E0133	G407-S005	f1r	SOURCE_SECTION_T	dydyd	Y+DY+D_LABEL	Y+DY	1	1	Y	Y	POSTEN	1	3	START	DY	START>A<DY	CLOSING_ARGUMENT	Y	1	NONE	NONE	YES	POSTEN · ABSCHLIESSEN	ARG führen und den Schritt abschließen	den Posten führen und den Schritt abschließen	POSTEN → SCHRITT ABSCHLIESSEN	STATEMENT_INTERNAL	NO	AKTIVER POSTEN · SCHLUSS · HIER	Y_IS_ARGUMENT_ATOM__DY_IS_SEPARATE_CLOSE_CONTROL	ARGUMENT_VALUE_INSIDE_WRITTEN_CONTROL_ENVELOPE__NO_ROOT_OR_RECIPE_CHANGE	NONE
6	OLD26_GDT407	G407-E0212	G407-S007	f1r	SOURCE_SECTION_T	choty	CH+OT+Y	OT+Y	1	1	Y	Y	POSTEN	3	3	OT	END	OT>A<END	NEXT_CARRIER_ARGUMENT	Y	1	NONE	NONE	YES	DANACH · POSTEN	danach ARG als nächsten Träger eröffnen	danach den Posten als nächsten Träger eröffnen	NÄCHSTEN TRÄGER ERÖFFNEN → POSTEN	STATEMENT_INTERNAL	NO	NEHMEN · DANACH · AKTIVER POSTEN	Y_IS_ARGUMENT_ATOM__NOT_THE_DY_CONTROL	ARGUMENT_VALUE_INSIDE_WRITTEN_CONTROL_ENVELOPE__NO_ROOT_OR_RECIPE_CHANGE	NONE
7	OLD26_GDT407	G407-E0213	G407-S007	f1r	SOURCE_SECTION_T	chotey	CH+OT+E+Y	OT+Y	1	1	Y	Y	POSTEN	4	4	OT	END	OT>A<END	NEXT_CARRIER_ARGUMENT	E+Y	2	E	NONE	YES	DANACH · POSTEN	danach ARG als nächsten Träger eröffnen	danach den Posten als nächsten Träger eröffnen	NÄCHSTEN TRÄGER ERÖFFNEN → POSTEN	STATEMENT_INTERNAL	NO	NEHMEN · DANACH · GRAD I · AKTIVER POSTEN	Y_IS_ARGUMENT_ATOM__NOT_THE_DY_CONTROL	ARGUMENT_VALUE_INSIDE_WRITTEN_CONTROL_ENVELOPE__NO_ROOT_OR_RECIPE_CHANGE	NONE
8	OLD26_GDT407	G407-E0229	G407-S008	f10r	HERBAL	otytchol	OT+Y+T+CH+OL	OT+Y+OL	1	1	Y	Y	POSTEN	2	5	OT	OL	OT>A<OL	OPENED_THEN_RETAINED_ARGUMENT	Y+T+CH	1	NONE	T+CH	YES	DANACH · POSTEN · FORTSETZEN	danach ARG eröffnen und weiterführen	danach den Posten eröffnen und weiterführen	NÄCHSTEN TRÄGER ERÖFFNEN → POSTEN → TRÄGER FORTSETZEN	STATEMENT_INTERNAL	NO	DANACH · AKTIVER POSTEN · EINSTELLEN · NEHMEN · FORTSETZEN	Y_IS_ARGUMENT_ATOM__NOT_THE_DY_CONTROL	ARGUMENT_VALUE_INSIDE_WRITTEN_CONTROL_ENVELOPE__NO_ROOT_OR_RECIPE_CHANGE	NONE
9	OLD26_GDT407	G407-E0233	G407-S008	f10r	HERBAL	qotor	OT+OR	OT+OR	1	1	OR	OR	EINHEIT	2	2	OT	END	OT>A<END	NEXT_CARRIER_ARGUMENT	OR	1	NONE	NONE	YES	DANACH · EINHEIT	danach ARG als nächsten Träger eröffnen	danach die Einheit als nächsten Träger eröffnen	NÄCHSTEN TRÄGER ERÖFFNEN → EINHEIT	STATEMENT_INTERNAL	NO	DANACH · EINHEIT	NOT_APPLICABLE	ARGUMENT_VALUE_INSIDE_WRITTEN_CONTROL_ENVELOPE__NO_ROOT_OR_RECIPE_CHANGE	G559-F01
10	OLD26_GDT407	G407-E0238	G407-S008	f10r	HERBAL	qotchy	OT+Y	OT+Y	1	1	Y	Y	POSTEN	2	2	OT	END	OT>A<END	NEXT_CARRIER_ARGUMENT	Y	1	NONE	NONE	YES	DANACH · POSTEN	danach ARG als nächsten Träger eröffnen	danach den Posten als nächsten Träger eröffnen	NÄCHSTEN TRÄGER ERÖFFNEN → POSTEN	STATEMENT_INTERNAL	NO	DANACH · AKTIVER POSTEN	Y_IS_ARGUMENT_ATOM__NOT_THE_DY_CONTROL	ARGUMENT_VALUE_INSIDE_WRITTEN_CONTROL_ENVELOPE__NO_ROOT_OR_RECIPE_CHANGE	G559-F01
11	OLD26_GDT407	G407-E0262	G407-S009	f10r	HERBAL	qoctholy	CARRIER_Q+O+CH+T+OL+Y	OL+Y	1	1	Y	Y	POSTEN	6	6	OL	END	OL>A<END	CONTINUED_CARRIER_ARGUMENT	Y	1	NONE	NONE	YES	FORTSETZEN · POSTEN	weiter mit ARG als aktuellem Träger	weiter mit dem Posten als aktuellem Träger	TRÄGER FORTSETZEN → POSTEN	STATEMENT_INTERNAL	NO	BEGINNMARKER · AUSFÜHRUNG · NEHMEN · EINSTELLEN · FORTSETZEN · AKTIVER POSTEN	Y_IS_ARGUMENT_ATOM__NOT_THE_DY_CONTROL	ARGUMENT_VALUE_INSIDE_WRITTEN_CONTROL_ENVELOPE__NO_ROOT_OR_RECIPE_CHANGE	NONE
12	OLD26_GDT407	G407-E0277	G407-S009	f10r	HERBAL	qotchor	OT+CH+OR	OT+OR	1	1	OR	OR	EINHEIT	3	3	OT	END	OT>A<END	NEXT_CARRIER_ARGUMENT	CH+OR	2	CH	NONE	YES	DANACH · EINHEIT	danach ARG als nächsten Träger eröffnen	danach die Einheit als nächsten Träger eröffnen	NÄCHSTEN TRÄGER ERÖFFNEN → EINHEIT	STATEMENT_INTERNAL	NO	DANACH · NEHMEN · EINHEIT	NOT_APPLICABLE	ARGUMENT_VALUE_INSIDE_WRITTEN_CONTROL_ENVELOPE__NO_ROOT_OR_RECIPE_CHANGE	G559-F07
13	OLD26_GDT407	G407-E0281	G407-S009	f10r	HERBAL	cholor	OL+OR	OL+OR	1	1	OR	OR	EINHEIT	2	2	OL	END	OL>A<END	CONTINUED_CARRIER_ARGUMENT	OR	1	NONE	NONE	YES	FORTSETZEN · EINHEIT	weiter mit ARG als aktuellem Träger	weiter mit der Einheit als aktuellem Träger	TRÄGER FORTSETZEN → EINHEIT	STATEMENT_INTERNAL	NO	FORTSETZEN · EINHEIT	NOT_APPLICABLE	ARGUMENT_VALUE_INSIDE_WRITTEN_CONTROL_ENVELOPE__NO_ROOT_OR_RECIPE_CHANGE	G559-F02
14	OLD26_GDT407	G407-E0292	G407-S009	f10r	HERBAL	oqotor	O+OT+OR	OT+OR	1	1	OR	OR	EINHEIT	3	3	OT	END	OT>A<END	NEXT_CARRIER_ARGUMENT	OR	1	NONE	NONE	YES	DANACH · EINHEIT	danach ARG als nächsten Träger eröffnen	danach die Einheit als nächsten Träger eröffnen	NÄCHSTEN TRÄGER ERÖFFNEN → EINHEIT	STATEMENT_INTERNAL	NO	AUSFÜHRUNG · DANACH · EINHEIT	NOT_APPLICABLE	ARGUMENT_VALUE_INSIDE_WRITTEN_CONTROL_ENVELOPE__NO_ROOT_OR_RECIPE_CHANGE	NONE
15	OLD26_GDT407	G407-E0293	G407-S009	f10r	HERBAL	otor	OT+OR	OT+OR	1	1	OR	OR	EINHEIT	2	2	OT	END	OT>A<END	NEXT_CARRIER_ARGUMENT	OR	1	NONE	NONE	YES	DANACH · EINHEIT	danach ARG als nächsten Träger eröffnen	danach die Einheit als nächsten Träger eröffnen	NÄCHSTEN TRÄGER ERÖFFNEN → EINHEIT	STATEMENT_INTERNAL	NO	DANACH · EINHEIT	NOT_APPLICABLE	ARGUMENT_VALUE_INSIDE_WRITTEN_CONTROL_ENVELOPE__NO_ROOT_OR_RECIPE_CHANGE	G559-F01
16	OLD26_GDT407	G407-E0298	G407-S009	f10r	HERBAL	otchoshor	OT+CH+O+SH+OR	OT+OR	1	1	OR	OR	EINHEIT	5	5	OT	END	OT>A<END	NEXT_CARRIER_ARGUMENT	CH+O+SH+OR	4	CH+O+SH	NONE	YES	DANACH · EINHEIT	danach ARG als nächsten Träger eröffnen	danach die Einheit als nächsten Träger eröffnen	NÄCHSTEN TRÄGER ERÖFFNEN → EINHEIT	STATEMENT_INTERNAL	NO	DANACH · NEHMEN · AUSFÜHRUNG · HALTEN · EINHEIT	NOT_APPLICABLE	ARGUMENT_VALUE_INSIDE_WRITTEN_CONTROL_ENVELOPE__NO_ROOT_OR_RECIPE_CHANGE	NONE
17	OLD26_GDT407	G407-E0299	G407-S009	f10r	HERBAL	qoty	OT+Y	OT+Y	1	1	Y	Y	POSTEN	2	2	OT	END	OT>A<END	NEXT_CARRIER_ARGUMENT	Y	1	NONE	NONE	YES	DANACH · POSTEN	danach ARG als nächsten Träger eröffnen	danach den Posten als nächsten Träger eröffnen	NÄCHSTEN TRÄGER ERÖFFNEN → POSTEN	STATEMENT_INTERNAL	NO	DANACH · AKTIVER POSTEN	Y_IS_ARGUMENT_ATOM__NOT_THE_DY_CONTROL	ARGUMENT_VALUE_INSIDE_WRITTEN_CONTROL_ENVELOPE__NO_ROOT_OR_RECIPE_CHANGE	G559-F01
18	OLD26_GDT407	G407-E0300	G407-S009	f10r	HERBAL	qotor	OT+OR	OT+OR	1	1	OR	OR	EINHEIT	2	2	OT	END	OT>A<END	NEXT_CARRIER_ARGUMENT	OR	1	NONE	NONE	YES	DANACH · EINHEIT	danach ARG als nächsten Träger eröffnen	danach die Einheit als nächsten Träger eröffnen	NÄCHSTEN TRÄGER ERÖFFNEN → EINHEIT	STATEMENT_INTERNAL	NO	DANACH · EINHEIT	NOT_APPLICABLE	ARGUMENT_VALUE_INSIDE_WRITTEN_CONTROL_ENVELOPE__NO_ROOT_OR_RECIPE_CHANGE	G559-F01
19	OLD26_GDT407	G407-E0305	G407-S009	f10r	HERBAL	qotchy	OT+Y	OT+Y	1	1	Y	Y	POSTEN	2	2	OT	END	OT>A<END	NEXT_CARRIER_ARGUMENT	Y	1	NONE	NONE	YES	DANACH · POSTEN	danach ARG als nächsten Träger eröffnen	danach den Posten als nächsten Träger eröffnen	NÄCHSTEN TRÄGER ERÖFFNEN → POSTEN	STATEMENT_INTERNAL	NO	DANACH · AKTIVER POSTEN	Y_IS_ARGUMENT_ATOM__NOT_THE_DY_CONTROL	ARGUMENT_VALUE_INSIDE_WRITTEN_CONTROL_ENVELOPE__NO_ROOT_OR_RECIPE_CHANGE	G559-F01
20	OLD26_GDT407	G407-E0306	G407-S009	f10r	HERBAL	qotor	OT+OR	OT+OR	1	1	OR	OR	EINHEIT	2	2	OT	END	OT>A<END	NEXT_CARRIER_ARGUMENT	OR	1	NONE	NONE	YES	DANACH · EINHEIT	danach ARG als nächsten Träger eröffnen	danach die Einheit als nächsten Träger eröffnen	NÄCHSTEN TRÄGER ERÖFFNEN → EINHEIT	STATEMENT_FINAL	YES	DANACH · EINHEIT	NOT_APPLICABLE	ARGUMENT_VALUE_INSIDE_WRITTEN_CONTROL_ENVELOPE__NO_ROOT_OR_RECIPE_CHANGE	G559-F01
21	OLD26_GDT407	G407-E0324	G407-S011	f11r	HERBAL	qoty	OT+Y	OT+Y	1	1	Y	Y	POSTEN	2	2	OT	END	OT>A<END	NEXT_CARRIER_ARGUMENT	Y	1	NONE	NONE	YES	DANACH · POSTEN	danach ARG als nächsten Träger eröffnen	danach den Posten als nächsten Träger eröffnen	NÄCHSTEN TRÄGER ERÖFFNEN → POSTEN	STATEMENT_INTERNAL	NO	DANACH · AKTIVER POSTEN	Y_IS_ARGUMENT_ATOM__NOT_THE_DY_CONTROL	ARGUMENT_VALUE_INSIDE_WRITTEN_CONTROL_ENVELOPE__NO_ROOT_OR_RECIPE_CHANGE	G559-F01
22	OLD26_GDT407	G407-E0329	G407-S011	f11r	HERBAL	choty	CH+OT+Y	OT+Y	1	1	Y	Y	POSTEN	3	3	OT	END	OT>A<END	NEXT_CARRIER_ARGUMENT	Y	1	NONE	NONE	YES	DANACH · POSTEN	danach ARG als nächsten Träger eröffnen	danach den Posten als nächsten Träger eröffnen	NÄCHSTEN TRÄGER ERÖFFNEN → POSTEN	STATEMENT_INTERNAL	NO	NEHMEN · DANACH · AKTIVER POSTEN	Y_IS_ARGUMENT_ATOM__NOT_THE_DY_CONTROL	ARGUMENT_VALUE_INSIDE_WRITTEN_CONTROL_ENVELOPE__NO_ROOT_OR_RECIPE_CHANGE	NONE
23	OLD26_GDT407	G407-E0362	G407-S011	f11r	HERBAL	qotchy	OT+Y	OT+Y	1	1	Y	Y	POSTEN	2	2	OT	END	OT>A<END	NEXT_CARRIER_ARGUMENT	Y	1	NONE	NONE	YES	DANACH · POSTEN	danach ARG als nächsten Träger eröffnen	danach den Posten als nächsten Träger eröffnen	NÄCHSTEN TRÄGER ERÖFFNEN → POSTEN	STATEMENT_INTERNAL	NO	DANACH · AKTIVER POSTEN	Y_IS_ARGUMENT_ATOM__NOT_THE_DY_CONTROL	ARGUMENT_VALUE_INSIDE_WRITTEN_CONTROL_ENVELOPE__NO_ROOT_OR_RECIPE_CHANGE	G559-F01
24	OLD26_GDT407	G407-E0382	G407-S012	f13r	HERBAL	qoty	OT+Y	OT+Y	1	1	Y	Y	POSTEN	2	2	OT	END	OT>A<END	NEXT_CARRIER_ARGUMENT	Y	1	NONE	NONE	YES	DANACH · POSTEN	danach ARG als nächsten Träger eröffnen	danach den Posten als nächsten Träger eröffnen	NÄCHSTEN TRÄGER ERÖFFNEN → POSTEN	STATEMENT_INTERNAL	NO	DANACH · AKTIVER POSTEN	Y_IS_ARGUMENT_ATOM__NOT_THE_DY_CONTROL	ARGUMENT_VALUE_INSIDE_WRITTEN_CONTROL_ENVELOPE__NO_ROOT_OR_RECIPE_CHANGE	G559-F01
25	OLD26_GDT407	G407-E0399	G407-S012	f13r	HERBAL	otchor	OT+CH+OR	OT+OR	1	1	OR	OR	EINHEIT	3	3	OT	END	OT>A<END	NEXT_CARRIER_ARGUMENT	CH+OR	2	CH	NONE	YES	DANACH · EINHEIT	danach ARG als nächsten Träger eröffnen	danach die Einheit als nächsten Träger eröffnen	NÄCHSTEN TRÄGER ERÖFFNEN → EINHEIT	STATEMENT_INTERNAL	NO	DANACH · NEHMEN · EINHEIT	NOT_APPLICABLE	ARGUMENT_VALUE_INSIDE_WRITTEN_CONTROL_ENVELOPE__NO_ROOT_OR_RECIPE_CHANGE	G559-F07
26	OLD26_GDT407	G407-E0437	G407-S015	f13r	HERBAL	ykoly	Y+K+OL+Y	Y+OL+Y	1	2	Y+Y	Y	POSTEN	1	4	START	OL	START>A<OL	RETAINED_ARGUMENT	Y+K	1	NONE	K	NO	POSTEN · FORTSETZEN	ARG weiterführen	den Posten weiterführen	POSTEN → TRÄGER FORTSETZEN → POSTEN	STATEMENT_INTERNAL	NO	AKTIVER POSTEN · GEBEN · FORTSETZEN · AKTIVER POSTEN	Y_IS_ARGUMENT_ATOM__NOT_THE_DY_CONTROL	ARGUMENT_VALUE_INSIDE_WRITTEN_CONTROL_ENVELOPE__NO_ROOT_OR_RECIPE_CHANGE	NONE
27	OLD26_GDT407	G407-E0437	G407-S015	f13r	HERBAL	ykoly	Y+K+OL+Y	Y+OL+Y	2	2	Y+Y	Y	POSTEN	4	4	OL	END	OL>A<END	CONTINUED_CARRIER_ARGUMENT	Y	1	NONE	NONE	YES	FORTSETZEN · POSTEN	weiter mit ARG als aktuellem Träger	weiter mit dem Posten als aktuellem Träger	POSTEN → TRÄGER FORTSETZEN → POSTEN	STATEMENT_INTERNAL	NO	AKTIVER POSTEN · GEBEN · FORTSETZEN · AKTIVER POSTEN	Y_IS_ARGUMENT_ATOM__NOT_THE_DY_CONTROL	ARGUMENT_VALUE_INSIDE_WRITTEN_CONTROL_ENVELOPE__NO_ROOT_OR_RECIPE_CHANGE	NONE
28	OLD26_GDT407	G407-E0440	G407-S016	f13r	HERBAL	sotchy	S+OT+Y	OT+Y	1	1	Y	Y	POSTEN	3	3	OT	END	OT>A<END	NEXT_CARRIER_ARGUMENT	Y	1	NONE	NONE	YES	DANACH · POSTEN	danach ARG als nächsten Träger eröffnen	danach den Posten als nächsten Träger eröffnen	NÄCHSTEN TRÄGER ERÖFFNEN → POSTEN	STATEMENT_INITIAL	NO	WÄHLEN · DANACH · AKTIVER POSTEN	Y_IS_ARGUMENT_ATOM__NOT_THE_DY_CONTROL	ARGUMENT_VALUE_INSIDE_WRITTEN_CONTROL_ENVELOPE__NO_ROOT_OR_RECIPE_CHANGE	G559-F09
29	OLD26_GDT407	G407-E0447	G407-S018	f17r	HERBAL	opydy	O+P+Y+DY	Y+DY	1	1	Y	Y	POSTEN	3	4	START	DY	START>A<DY	CLOSING_ARGUMENT	O+P+Y	3	O+P	NONE	YES	POSTEN · ABSCHLIESSEN	ARG führen und den Schritt abschließen	den Posten führen und den Schritt abschließen	POSTEN → SCHRITT ABSCHLIESSEN	STATEMENT_FINAL	YES	AUSFÜHRUNG · EINSETZEN · AKTIVER POSTEN · SCHLUSS	Y_IS_ARGUMENT_ATOM__DY_IS_SEPARATE_CLOSE_CONTROL	ARGUMENT_VALUE_INSIDE_WRITTEN_CONTROL_ENVELOPE__NO_ROOT_OR_RECIPE_CHANGE	NONE
30	OLD26_GDT407	G407-E0450	G407-S019	f17r	HERBAL	otchy	OT+CH+Y	OT+Y	1	1	Y	Y	POSTEN	3	3	OT	END	OT>A<END	NEXT_CARRIER_ARGUMENT	CH+Y	2	CH	NONE	YES	DANACH · POSTEN	danach ARG als nächsten Träger eröffnen	danach den Posten als nächsten Träger eröffnen	NÄCHSTEN TRÄGER ERÖFFNEN → POSTEN	STATEMENT_INTERNAL	NO	DANACH · NEHMEN · AKTIVER POSTEN	Y_IS_ARGUMENT_ATOM__NOT_THE_DY_CONTROL	ARGUMENT_VALUE_INSIDE_WRITTEN_CONTROL_ENVELOPE__NO_ROOT_OR_RECIPE_CHANGE	G559-F07
31	OLD26_GDT407	G407-E0452	G407-S020	f17r	HERBAL	oldckhy	OL+D_ADDR+CH+K+Y	OL+Y	1	1	Y	Y	POSTEN	5	5	OL	END	OL>A<END	CONTINUED_CARRIER_ARGUMENT	D_ADDR+CH+K+Y	4	D_ADDR+CH+K	NONE	YES	FORTSETZEN · POSTEN	weiter mit ARG als aktuellem Träger	weiter mit dem Posten als aktuellem Träger	TRÄGER FORTSETZEN → POSTEN	STATEMENT_INITIAL	NO	FORTSETZEN · HIER · NEHMEN · GEBEN · AKTIVER POSTEN	Y_IS_ARGUMENT_ATOM__NOT_THE_DY_CONTROL	ARGUMENT_VALUE_INSIDE_WRITTEN_CONTROL_ENVELOPE__NO_ROOT_OR_RECIPE_CHANGE	NONE
32	OLD26_GDT407	G407-E0473	G407-S021	f17r	HERBAL	olaiin	OL+AIIN	OL+AIIN	1	1	AIIN	AIIN	WERT	2	2	OL	END	OL>A<END	CONTINUED_CARRIER_ARGUMENT	AIIN	1	NONE	NONE	YES	FORTSETZEN · WERT	weiter mit ARG als aktuellem Träger	weiter mit dem Wert als aktuellem Träger	TRÄGER FORTSETZEN → WERT	STATEMENT_INTERNAL	NO	FORTSETZEN · WERT	NOT_APPLICABLE	ARGUMENT_VALUE_INSIDE_WRITTEN_CONTROL_ENVELOPE__NO_ROOT_OR_RECIPE_CHANGE	G559-F02
33	OLD26_GDT407	G407-E0494	G407-S023	f17r	HERBAL	choldshy	CH+OL+D_ADDR+SH+Y	OL+Y	1	1	Y	Y	POSTEN	5	5	OL	END	OL>A<END	CONTINUED_CARRIER_ARGUMENT	D_ADDR+SH+Y	3	D_ADDR+SH	NONE	YES	FORTSETZEN · POSTEN	weiter mit ARG als aktuellem Träger	weiter mit dem Posten als aktuellem Träger	TRÄGER FORTSETZEN → POSTEN	STATEMENT_INTERNAL	NO	NEHMEN · FORTSETZEN · HIER · HALTEN · AKTIVER POSTEN	Y_IS_ARGUMENT_ATOM__NOT_THE_DY_CONTROL	ARGUMENT_VALUE_INSIDE_WRITTEN_CONTROL_ENVELOPE__NO_ROOT_OR_RECIPE_CHANGE	NONE
34	OLD26_GDT407	G407-E0497	G407-S023	f17r	HERBAL	opchordy	O+P+CH+OR+DY	OR+DY	1	1	OR	OR	EINHEIT	4	5	START	DY	START>A<DY	CLOSING_ARGUMENT	O+P+CH+OR	4	O+P+CH	NONE	YES	EINHEIT · ABSCHLIESSEN	ARG führen und den Schritt abschließen	die Einheit führen und den Schritt abschließen	EINHEIT → SCHRITT ABSCHLIESSEN	STATEMENT_FINAL	YES	AUSFÜHRUNG · EINSETZEN · NEHMEN · EINHEIT · SCHLUSS	NOT_APPLICABLE	ARGUMENT_VALUE_INSIDE_WRITTEN_CONTROL_ENVELOPE__NO_ROOT_OR_RECIPE_CHANGE	NONE
35	OLD26_GDT407	G407-E0524	G407-S026	f18r	HERBAL	ykchol	Y+K+OL	Y+OL	1	1	Y	Y	POSTEN	1	3	START	OL	START>A<OL	RETAINED_ARGUMENT	Y+K	1	NONE	K	YES	POSTEN · FORTSETZEN	ARG weiterführen	den Posten weiterführen	POSTEN → TRÄGER FORTSETZEN	STATEMENT_INTERNAL	NO	AKTIVER POSTEN · GEBEN · FORTSETZEN	Y_IS_ARGUMENT_ATOM__NOT_THE_DY_CONTROL	ARGUMENT_VALUE_INSIDE_WRITTEN_CONTROL_ENVELOPE__NO_ROOT_OR_RECIPE_CHANGE	NONE
36	OLD26_GDT407	G407-E0549	G407-S026	f18r	HERBAL	ykchol	Y+K+OL	Y+OL	1	1	Y	Y	POSTEN	1	3	START	OL	START>A<OL	RETAINED_ARGUMENT	Y+K	1	NONE	K	YES	POSTEN · FORTSETZEN	ARG weiterführen	den Posten weiterführen	POSTEN → TRÄGER FORTSETZEN	STATEMENT_INTERNAL	NO	AKTIVER POSTEN · GEBEN · FORTSETZEN	Y_IS_ARGUMENT_ATOM__NOT_THE_DY_CONTROL	ARGUMENT_VALUE_INSIDE_WRITTEN_CONTROL_ENVELOPE__NO_ROOT_OR_RECIPE_CHANGE	NONE
37	OLD26_GDT407	G407-E0560	G407-S027	f18r	HERBAL	ytol	Y+T+OL	Y+OL	1	1	Y	Y	POSTEN	1	3	START	OL	START>A<OL	RETAINED_ARGUMENT	Y+T	1	NONE	T	YES	POSTEN · FORTSETZEN	ARG weiterführen	den Posten weiterführen	POSTEN → TRÄGER FORTSETZEN	STATEMENT_INTERNAL	NO	AKTIVER POSTEN · EINSTELLEN · FORTSETZEN	Y_IS_ARGUMENT_ATOM__NOT_THE_DY_CONTROL	ARGUMENT_VALUE_INSIDE_WRITTEN_CONTROL_ENVELOPE__NO_ROOT_OR_RECIPE_CHANGE	NONE
38	OLD26_GDT407	G407-E0568	G407-S027	f18r	HERBAL	sholdy	SH+OL+D_ADDR+Y	OL+Y	1	1	Y	Y	POSTEN	4	4	OL	END	OL>A<END	CONTINUED_CARRIER_ARGUMENT	D_ADDR+Y	2	D_ADDR	NONE	YES	FORTSETZEN · POSTEN	weiter mit ARG als aktuellem Träger	weiter mit dem Posten als aktuellem Träger	TRÄGER FORTSETZEN → POSTEN	STATEMENT_INTERNAL	NO	HALTEN · FORTSETZEN · HIER · AKTIVER POSTEN	Y_IS_ARGUMENT_ATOM__NOT_THE_DY_CONTROL	ARGUMENT_VALUE_INSIDE_WRITTEN_CONTROL_ENVELOPE__NO_ROOT_OR_RECIPE_CHANGE	NONE
39	OLD26_GDT407	G407-E0570	G407-S028	f18r	HERBAL	doldaiin	OL+AIIN	OL+AIIN	1	1	AIIN	AIIN	WERT	2	2	OL	END	OL>A<END	CONTINUED_CARRIER_ARGUMENT	AIIN	1	NONE	NONE	YES	FORTSETZEN · WERT	weiter mit ARG als aktuellem Träger	weiter mit dem Wert als aktuellem Träger	TRÄGER FORTSETZEN → WERT	STATEMENT_INITIAL	NO	FORTSETZEN · WERT	NOT_APPLICABLE	ARGUMENT_VALUE_INSIDE_WRITTEN_CONTROL_ENVELOPE__NO_ROOT_OR_RECIPE_CHANGE	G559-F02
40	OLD26_GDT407	G407-E0586	G407-S029	f18r	HERBAL	sotchaiin	S+OT+AIIN	OT+AIIN	1	1	AIIN	AIIN	WERT	3	3	OT	END	OT>A<END	NEXT_CARRIER_ARGUMENT	AIIN	1	NONE	NONE	YES	DANACH · WERT	danach ARG als nächsten Träger eröffnen	danach den Wert als nächsten Träger eröffnen	NÄCHSTEN TRÄGER ERÖFFNEN → WERT	STATEMENT_INTERNAL	NO	WÄHLEN · DANACH · WERT	NOT_APPLICABLE	ARGUMENT_VALUE_INSIDE_WRITTEN_CONTROL_ENVELOPE__NO_ROOT_OR_RECIPE_CHANGE	G559-F09
41	OLD26_GDT407	G407-E0653	G407-S032	f24v	HERBAL	ychol	Y+OL	Y+OL	1	1	Y	Y	POSTEN	1	2	START	OL	START>A<OL	RETAINED_ARGUMENT	Y	1	NONE	NONE	YES	POSTEN · FORTSETZEN	ARG weiterführen	den Posten weiterführen	POSTEN → TRÄGER FORTSETZEN	STATEMENT_INTERNAL	NO	AKTIVER POSTEN · FORTSETZEN	Y_IS_ARGUMENT_ATOM__NOT_THE_DY_CONTROL	ARGUMENT_VALUE_INSIDE_WRITTEN_CONTROL_ENVELOPE__NO_ROOT_OR_RECIPE_CHANGE	NONE
42	OLD26_GDT407	G407-E0694	G407-S033	f55v	HERBAL	otoldaiin	OT+OL+D_ADDR+AIIN	OT+OL+AIIN	1	1	AIIN	AIIN	WERT	4	4	OL	END	OL>A<END	CONTINUED_CARRIER_ARGUMENT	D_ADDR+AIIN	2	D_ADDR	NONE	YES	FORTSETZEN · WERT	weiter mit ARG als aktuellem Träger	weiter mit dem Wert als aktuellem Träger	NÄCHSTEN TRÄGER ERÖFFNEN → TRÄGER FORTSETZEN → WERT	STATEMENT_INTERNAL	NO	DANACH · FORTSETZEN · HIER · WERT	NOT_APPLICABLE	ARGUMENT_VALUE_INSIDE_WRITTEN_CONTROL_ENVELOPE__NO_ROOT_OR_RECIPE_CHANGE	NONE
43	OLD26_GDT407	G407-E0765	G407-S036	f55v	HERBAL	otaky	OT+A_ADDR+K+Y	OT+Y	1	1	Y	Y	POSTEN	4	4	OT	END	OT>A<END	NEXT_CARRIER_ARGUMENT	A_ADDR+K+Y	3	A_ADDR+K	NONE	YES	DANACH · POSTEN	danach ARG als nächsten Träger eröffnen	danach den Posten als nächsten Träger eröffnen	NÄCHSTEN TRÄGER ERÖFFNEN → POSTEN	STATEMENT_INTERNAL	NO	DANACH · HIER · GEBEN · AKTIVER POSTEN	Y_IS_ARGUMENT_ATOM__NOT_THE_DY_CONTROL	ARGUMENT_VALUE_INSIDE_WRITTEN_CONTROL_ENVELOPE__NO_ROOT_OR_RECIPE_CHANGE	NONE
44	OLD26_GDT407	G407-E0784	G407-S037	f55v	HERBAL	oltchy	OL+T+Y	OL+Y	1	1	Y	Y	POSTEN	3	3	OL	END	OL>A<END	CONTINUED_CARRIER_ARGUMENT	T+Y	2	T	NONE	YES	FORTSETZEN · POSTEN	weiter mit ARG als aktuellem Träger	weiter mit dem Posten als aktuellem Träger	TRÄGER FORTSETZEN → POSTEN	STATEMENT_INTERNAL	NO	FORTSETZEN · EINSTELLEN · AKTIVER POSTEN	Y_IS_ARGUMENT_ATOM__NOT_THE_DY_CONTROL	ARGUMENT_VALUE_INSIDE_WRITTEN_CONTROL_ENVELOPE__NO_ROOT_OR_RECIPE_CHANGE	NONE
45	OLD26_GDT407	G407-E0791	G407-S037	f55v	HERBAL	olkeechy	OL+K+EE+CH+Y	OL+Y	1	1	Y	Y	POSTEN	5	5	OL	END	OL>A<END	CONTINUED_CARRIER_ARGUMENT	K+EE+CH+Y	4	K+EE+CH	NONE	YES	FORTSETZEN · POSTEN	weiter mit ARG als aktuellem Träger	weiter mit dem Posten als aktuellem Träger	TRÄGER FORTSETZEN → POSTEN	STATEMENT_INTERNAL	NO	FORTSETZEN · GEBEN · GRAD II · NEHMEN · AKTIVER POSTEN	Y_IS_ARGUMENT_ATOM__NOT_THE_DY_CONTROL	ARGUMENT_VALUE_INSIDE_WRITTEN_CONTROL_ENVELOPE__NO_ROOT_OR_RECIPE_CHANGE	NONE
46	OLD26_GDT407	G407-E0801	G407-S038	f56r	HERBAL	oty	OT+Y	OT+Y	1	1	Y	Y	POSTEN	2	2	OT	END	OT>A<END	NEXT_CARRIER_ARGUMENT	Y	1	NONE	NONE	YES	DANACH · POSTEN	danach ARG als nächsten Träger eröffnen	danach den Posten als nächsten Träger eröffnen	NÄCHSTEN TRÄGER ERÖFFNEN → POSTEN	STATEMENT_INTERNAL	NO	DANACH · AKTIVER POSTEN	Y_IS_ARGUMENT_ATOM__NOT_THE_DY_CONTROL	ARGUMENT_VALUE_INSIDE_WRITTEN_CONTROL_ENVELOPE__NO_ROOT_OR_RECIPE_CHANGE	G559-F01
47	OLD26_GDT407	G407-E0809	G407-S039	f56r	HERBAL	choly	OL+Y	OL+Y	1	1	Y	Y	POSTEN	2	2	OL	END	OL>A<END	CONTINUED_CARRIER_ARGUMENT	Y	1	NONE	NONE	YES	FORTSETZEN · POSTEN	weiter mit ARG als aktuellem Träger	weiter mit dem Posten als aktuellem Träger	TRÄGER FORTSETZEN → POSTEN	STATEMENT_INTERNAL	NO	FORTSETZEN · AKTIVER POSTEN	Y_IS_ARGUMENT_ATOM__NOT_THE_DY_CONTROL	ARGUMENT_VALUE_INSIDE_WRITTEN_CONTROL_ENVELOPE__NO_ROOT_OR_RECIPE_CHANGE	G559-F02
48	OLD26_GDT407	G407-E0812	G407-S039	f56r	HERBAL	choty	CH+OT+Y	OT+Y	1	1	Y	Y	POSTEN	3	3	OT	END	OT>A<END	NEXT_CARRIER_ARGUMENT	Y	1	NONE	NONE	YES	DANACH · POSTEN	danach ARG als nächsten Träger eröffnen	danach den Posten als nächsten Träger eröffnen	NÄCHSTEN TRÄGER ERÖFFNEN → POSTEN	STATEMENT_INTERNAL	NO	NEHMEN · DANACH · AKTIVER POSTEN	Y_IS_ARGUMENT_ATOM__NOT_THE_DY_CONTROL	ARGUMENT_VALUE_INSIDE_WRITTEN_CONTROL_ENVELOPE__NO_ROOT_OR_RECIPE_CHANGE	NONE
49	OLD26_GDT407	G407-E0814	G407-S039	f56r	HERBAL	olchey	OL+Y	OL+Y	1	1	Y	Y	POSTEN	2	2	OL	END	OL>A<END	CONTINUED_CARRIER_ARGUMENT	Y	1	NONE	NONE	YES	FORTSETZEN · POSTEN	weiter mit ARG als aktuellem Träger	weiter mit dem Posten als aktuellem Träger	TRÄGER FORTSETZEN → POSTEN	STATEMENT_INTERNAL	NO	FORTSETZEN · AKTIVER POSTEN	Y_IS_ARGUMENT_ATOM__NOT_THE_DY_CONTROL	ARGUMENT_VALUE_INSIDE_WRITTEN_CONTROL_ENVELOPE__NO_ROOT_OR_RECIPE_CHANGE	G559-F02
50	OLD26_GDT407	G407-E0841	G407-S039	f56r	HERBAL	otchor	OT+CH+OR	OT+OR	1	1	OR	OR	EINHEIT	3	3	OT	END	OT>A<END	NEXT_CARRIER_ARGUMENT	CH+OR	2	CH	NONE	YES	DANACH · EINHEIT	danach ARG als nächsten Träger eröffnen	danach die Einheit als nächsten Träger eröffnen	NÄCHSTEN TRÄGER ERÖFFNEN → EINHEIT	STATEMENT_INTERNAL	NO	DANACH · NEHMEN · EINHEIT	NOT_APPLICABLE	ARGUMENT_VALUE_INSIDE_WRITTEN_CONTROL_ENVELOPE__NO_ROOT_OR_RECIPE_CHANGE	G559-F07
51	OLD26_GDT407	G407-E0851	G407-S040	f56r	HERBAL	chotchey	CH+OT+CH+E+Y	OT+Y	1	1	Y	Y	POSTEN	5	5	OT	END	OT>A<END	NEXT_CARRIER_ARGUMENT	CH+E+Y	3	CH+E	NONE	YES	DANACH · POSTEN	danach ARG als nächsten Träger eröffnen	danach den Posten als nächsten Träger eröffnen	NÄCHSTEN TRÄGER ERÖFFNEN → POSTEN	STATEMENT_INTERNAL	NO	NEHMEN · DANACH · NEHMEN · GRAD I · AKTIVER POSTEN	Y_IS_ARGUMENT_ATOM__NOT_THE_DY_CONTROL	ARGUMENT_VALUE_INSIDE_WRITTEN_CONTROL_ENVELOPE__NO_ROOT_OR_RECIPE_CHANGE	NONE
52	OLD26_GDT407	G407-E0855	G407-S040	f56r	HERBAL	otchy	OT+CH+Y	OT+Y	1	1	Y	Y	POSTEN	3	3	OT	END	OT>A<END	NEXT_CARRIER_ARGUMENT	CH+Y	2	CH	NONE	YES	DANACH · POSTEN	danach ARG als nächsten Träger eröffnen	danach den Posten als nächsten Träger eröffnen	NÄCHSTEN TRÄGER ERÖFFNEN → POSTEN	STATEMENT_INTERNAL	NO	DANACH · NEHMEN · AKTIVER POSTEN	Y_IS_ARGUMENT_ATOM__NOT_THE_DY_CONTROL	ARGUMENT_VALUE_INSIDE_WRITTEN_CONTROL_ENVELOPE__NO_ROOT_OR_RECIPE_CHANGE	G559-F07
53	OLD26_GDT407	G407-E0878	G407-S040	f56r	HERBAL	qotchy	OT+Y	OT+Y	1	1	Y	Y	POSTEN	2	2	OT	END	OT>A<END	NEXT_CARRIER_ARGUMENT	Y	1	NONE	NONE	YES	DANACH · POSTEN	danach ARG als nächsten Träger eröffnen	danach den Posten als nächsten Träger eröffnen	NÄCHSTEN TRÄGER ERÖFFNEN → POSTEN	STATEMENT_INTERNAL	NO	DANACH · AKTIVER POSTEN	Y_IS_ARGUMENT_ATOM__NOT_THE_DY_CONTROL	ARGUMENT_VALUE_INSIDE_WRITTEN_CONTROL_ENVELOPE__NO_ROOT_OR_RECIPE_CHANGE	G559-F01
54	OLD26_GDT407	G407-E0883	G407-S040	f56r	HERBAL	qotchy	OT+Y	OT+Y	1	1	Y	Y	POSTEN	2	2	OT	END	OT>A<END	NEXT_CARRIER_ARGUMENT	Y	1	NONE	NONE	YES	DANACH · POSTEN	danach ARG als nächsten Träger eröffnen	danach den Posten als nächsten Träger eröffnen	NÄCHSTEN TRÄGER ERÖFFNEN → POSTEN	STATEMENT_INTERNAL	NO	DANACH · AKTIVER POSTEN	Y_IS_ARGUMENT_ATOM__NOT_THE_DY_CONTROL	ARGUMENT_VALUE_INSIDE_WRITTEN_CONTROL_ENVELOPE__NO_ROOT_OR_RECIPE_CHANGE	G559-F01
55	OLD26_GDT407	G407-E0899	G407-S040	f56r	HERBAL	otchey	OT+Y	OT+Y	1	1	Y	Y	POSTEN	2	2	OT	END	OT>A<END	NEXT_CARRIER_ARGUMENT	Y	1	NONE	NONE	YES	DANACH · POSTEN	danach ARG als nächsten Träger eröffnen	danach den Posten als nächsten Träger eröffnen	NÄCHSTEN TRÄGER ERÖFFNEN → POSTEN	STATEMENT_INTERNAL	NO	DANACH · AKTIVER POSTEN	Y_IS_ARGUMENT_ATOM__NOT_THE_DY_CONTROL	ARGUMENT_VALUE_INSIDE_WRITTEN_CONTROL_ENVELOPE__NO_ROOT_OR_RECIPE_CHANGE	G559-F01
56	OLD26_GDT407	G407-E0913	G407-S042	f67r2	CELESTIAL	otchey	OT+Y	OT+Y	1	1	Y	Y	POSTEN	2	2	OT	END	OT>A<END	NEXT_CARRIER_ARGUMENT	Y	1	NONE	NONE	YES	DANACH · POSTEN	danach ARG als nächsten Träger eröffnen	danach den Posten als nächsten Träger eröffnen	NÄCHSTEN TRÄGER ERÖFFNEN → POSTEN	STATEMENT_INTERNAL	NO	DANACH · AKTIVER POSTEN	Y_IS_ARGUMENT_ATOM__NOT_THE_DY_CONTROL	ARGUMENT_VALUE_INSIDE_WRITTEN_CONTROL_ENVELOPE__NO_ROOT_OR_RECIPE_CHANGE	G559-F01
57	OLD26_GDT407	G407-E0941	G407-S044	f67r2	CELESTIAL	ytody	Y+T+O+DY	Y+DY	1	1	Y	Y	POSTEN	1	4	START	DY	START>A<DY	CLOSING_ARGUMENT	Y+T+O	1	NONE	T+O	YES	POSTEN · ABSCHLIESSEN	ARG führen und den Schritt abschließen	den Posten führen und den Schritt abschließen	POSTEN → SCHRITT ABSCHLIESSEN	SINGLETON_STATEMENT	YES	AKTIVER POSTEN · EINSTELLEN · AUSFÜHRUNG · SCHLUSS	Y_IS_ARGUMENT_ATOM__DY_IS_SEPARATE_CLOSE_CONTROL	ARGUMENT_VALUE_INSIDE_WRITTEN_CONTROL_ENVELOPE__NO_ROOT_OR_RECIPE_CHANGE	NONE
58	OLD26_GDT407	G407-E0975	G407-S048	f67r2	CELESTIAL	ofydy	O+LOCAL_CHAR_F+Y+DY	Y+DY	1	1	Y	Y	POSTEN	3	4	START	DY	START>A<DY	CLOSING_ARGUMENT	O+LOCAL_CHAR_F+Y	3	O+LOCAL_CHAR_F	NONE	YES	POSTEN · ABSCHLIESSEN	ARG führen und den Schritt abschließen	den Posten führen und den Schritt abschließen	POSTEN → SCHRITT ABSCHLIESSEN	STATEMENT_FINAL	YES	AUSFÜHRUNG · HIER · AKTIVER POSTEN · SCHLUSS	Y_IS_ARGUMENT_ATOM__DY_IS_SEPARATE_CLOSE_CONTROL	ARGUMENT_VALUE_INSIDE_WRITTEN_CONTROL_ENVELOPE__NO_ROOT_OR_RECIPE_CHANGE	NONE
59	OLD26_GDT407	G407-E1000	G407-S051	f67r2	CELESTIAL	ydoly	Y+D_ADDR+OL+Y	Y+OL+Y	1	2	Y+Y	Y	POSTEN	1	4	START	OL	START>A<OL	RETAINED_ARGUMENT	Y+D_ADDR	1	NONE	D_ADDR	NO	POSTEN · FORTSETZEN	ARG weiterführen	den Posten weiterführen	POSTEN → TRÄGER FORTSETZEN → POSTEN	STATEMENT_INTERNAL	NO	AKTIVER POSTEN · HIER · FORTSETZEN · AKTIVER POSTEN	Y_IS_ARGUMENT_ATOM__NOT_THE_DY_CONTROL	ARGUMENT_VALUE_INSIDE_WRITTEN_CONTROL_ENVELOPE__NO_ROOT_OR_RECIPE_CHANGE	NONE
60	OLD26_GDT407	G407-E1000	G407-S051	f67r2	CELESTIAL	ydoly	Y+D_ADDR+OL+Y	Y+OL+Y	2	2	Y+Y	Y	POSTEN	4	4	OL	END	OL>A<END	CONTINUED_CARRIER_ARGUMENT	Y	1	NONE	NONE	YES	FORTSETZEN · POSTEN	weiter mit ARG als aktuellem Träger	weiter mit dem Posten als aktuellem Träger	POSTEN → TRÄGER FORTSETZEN → POSTEN	STATEMENT_INTERNAL	NO	AKTIVER POSTEN · HIER · FORTSETZEN · AKTIVER POSTEN	Y_IS_ARGUMENT_ATOM__NOT_THE_DY_CONTROL	ARGUMENT_VALUE_INSIDE_WRITTEN_CONTROL_ENVELOPE__NO_ROOT_OR_RECIPE_CHANGE	NONE
61	OLD26_GDT407	G407-E1002	G407-S051	f67r2	CELESTIAL	oly	OL+Y	OL+Y	1	1	Y	Y	POSTEN	2	2	OL	END	OL>A<END	CONTINUED_CARRIER_ARGUMENT	Y	1	NONE	NONE	YES	FORTSETZEN · POSTEN	weiter mit ARG als aktuellem Träger	weiter mit dem Posten als aktuellem Träger	TRÄGER FORTSETZEN → POSTEN	STATEMENT_INTERNAL	NO	FORTSETZEN · AKTIVER POSTEN	Y_IS_ARGUMENT_ATOM__NOT_THE_DY_CONTROL	ARGUMENT_VALUE_INSIDE_WRITTEN_CONTROL_ENVELOPE__NO_ROOT_OR_RECIPE_CHANGE	G559-F02
62	OLD26_GDT407	G407-E1030	G407-S052	f68r1	CELESTIAL	choteey	CH+OT+EE+Y	OT+Y	1	1	Y	Y	POSTEN	4	4	OT	END	OT>A<END	NEXT_CARRIER_ARGUMENT	EE+Y	2	EE	NONE	YES	DANACH · POSTEN	danach ARG als nächsten Träger eröffnen	danach den Posten als nächsten Träger eröffnen	NÄCHSTEN TRÄGER ERÖFFNEN → POSTEN	STATEMENT_INTERNAL	NO	NEHMEN · DANACH · GRAD II · AKTIVER POSTEN	Y_IS_ARGUMENT_ATOM__NOT_THE_DY_CONTROL	ARGUMENT_VALUE_INSIDE_WRITTEN_CONTROL_ENVELOPE__NO_ROOT_OR_RECIPE_CHANGE	NONE
63	OLD26_GDT407	G407-E1034	G407-S052	f68r1	CELESTIAL	otor	OT+OR	OT+OR	1	1	OR	OR	EINHEIT	2	2	OT	END	OT>A<END	NEXT_CARRIER_ARGUMENT	OR	1	NONE	NONE	YES	DANACH · EINHEIT	danach ARG als nächsten Träger eröffnen	danach die Einheit als nächsten Träger eröffnen	NÄCHSTEN TRÄGER ERÖFFNEN → EINHEIT	STATEMENT_INTERNAL	NO	DANACH · EINHEIT	NOT_APPLICABLE	ARGUMENT_VALUE_INSIDE_WRITTEN_CONTROL_ENVELOPE__NO_ROOT_OR_RECIPE_CHANGE	G559-F01
64	OLD26_GDT407	G407-E1042	G407-S053	f68r1	CELESTIAL	yteody	Y+T+E+O+DY	Y+DY	1	1	Y	Y	POSTEN	1	5	START	DY	START>A<DY	CLOSING_ARGUMENT	Y+T+E+O	1	NONE	T+E+O	YES	POSTEN · ABSCHLIESSEN	ARG führen und den Schritt abschließen	den Posten führen und den Schritt abschließen	POSTEN → SCHRITT ABSCHLIESSEN	STATEMENT_FINAL	YES	AKTIVER POSTEN · EINSTELLEN · GRAD I · AUSFÜHRUNG · SCHLUSS	Y_IS_ARGUMENT_ATOM__DY_IS_SEPARATE_CLOSE_CONTROL	ARGUMENT_VALUE_INSIDE_WRITTEN_CONTROL_ENVELOPE__NO_ROOT_OR_RECIPE_CHANGE	NONE
65	OLD26_GDT407	G407-E1058	G407-S054	f68r1	CELESTIAL	chkchykoly	CH+K+CH+Y+K+OL+Y	Y+OL+Y	1	2	Y+Y	Y	POSTEN	4	7	START	OL	START>A<OL	RETAINED_ARGUMENT	CH+K+CH+Y+K	4	CH+K+CH	K	NO	POSTEN · FORTSETZEN	ARG weiterführen	den Posten weiterführen	POSTEN → TRÄGER FORTSETZEN → POSTEN	STATEMENT_FINAL	YES	NEHMEN · GEBEN · NEHMEN · AKTIVER POSTEN · GEBEN · FORTSETZEN · AKTIVER POSTEN	Y_IS_ARGUMENT_ATOM__NOT_THE_DY_CONTROL	ARGUMENT_VALUE_INSIDE_WRITTEN_CONTROL_ENVELOPE__NO_ROOT_OR_RECIPE_CHANGE	NONE
66	OLD26_GDT407	G407-E1058	G407-S054	f68r1	CELESTIAL	chkchykoly	CH+K+CH+Y+K+OL+Y	Y+OL+Y	2	2	Y+Y	Y	POSTEN	7	7	OL	END	OL>A<END	CONTINUED_CARRIER_ARGUMENT	Y	1	NONE	NONE	YES	FORTSETZEN · POSTEN	weiter mit ARG als aktuellem Träger	weiter mit dem Posten als aktuellem Träger	POSTEN → TRÄGER FORTSETZEN → POSTEN	STATEMENT_FINAL	YES	NEHMEN · GEBEN · NEHMEN · AKTIVER POSTEN · GEBEN · FORTSETZEN · AKTIVER POSTEN	Y_IS_ARGUMENT_ATOM__NOT_THE_DY_CONTROL	ARGUMENT_VALUE_INSIDE_WRITTEN_CONTROL_ENVELOPE__NO_ROOT_OR_RECIPE_CHANGE	NONE
67	OLD26_GDT407	G407-E1061	G407-S055	f71v	CELESTIAL	oteeodaiin	OT+EE+O+D_ADDR+AIIN	OT+AIIN	1	1	AIIN	AIIN	WERT	5	5	OT	END	OT>A<END	NEXT_CARRIER_ARGUMENT	EE+O+D_ADDR+AIIN	4	EE+O+D_ADDR	NONE	YES	DANACH · WERT	danach ARG als nächsten Träger eröffnen	danach den Wert als nächsten Träger eröffnen	NÄCHSTEN TRÄGER ERÖFFNEN → WERT	STATEMENT_INTERNAL	NO	DANACH · GRAD II · AUSFÜHRUNG · HIER · WERT	NOT_APPLICABLE	ARGUMENT_VALUE_INSIDE_WRITTEN_CONTROL_ENVELOPE__NO_ROOT_OR_RECIPE_CHANGE	NONE
68	OLD26_GDT407	G407-E1065	G407-S055	f71v	CELESTIAL	oteokeey	OT+E+O+K+EE+Y	OT+Y	1	1	Y	Y	POSTEN	6	6	OT	END	OT>A<END	NEXT_CARRIER_ARGUMENT	E+O+K+EE+Y	5	E+O+K+EE	NONE	YES	DANACH · POSTEN	danach ARG als nächsten Träger eröffnen	danach den Posten als nächsten Träger eröffnen	NÄCHSTEN TRÄGER ERÖFFNEN → POSTEN	STATEMENT_INTERNAL	NO	DANACH · GRAD I · AUSFÜHRUNG · GEBEN · GRAD II · AKTIVER POSTEN	Y_IS_ARGUMENT_ATOM__NOT_THE_DY_CONTROL	ARGUMENT_VALUE_INSIDE_WRITTEN_CONTROL_ENVELOPE__NO_ROOT_OR_RECIPE_CHANGE	NONE
69	OLD26_GDT407	G407-E1068	G407-S055	f71v	CELESTIAL	oteey	OT+EE+Y	OT+Y	1	1	Y	Y	POSTEN	3	3	OT	END	OT>A<END	NEXT_CARRIER_ARGUMENT	EE+Y	2	EE	NONE	YES	DANACH · POSTEN	danach ARG als nächsten Träger eröffnen	danach den Posten als nächsten Träger eröffnen	NÄCHSTEN TRÄGER ERÖFFNEN → POSTEN	STATEMENT_INTERNAL	NO	DANACH · GRAD II · AKTIVER POSTEN	Y_IS_ARGUMENT_ATOM__NOT_THE_DY_CONTROL	ARGUMENT_VALUE_INSIDE_WRITTEN_CONTROL_ENVELOPE__NO_ROOT_OR_RECIPE_CHANGE	G559-F06
70	OLD26_GDT407	G407-E1071	G407-S055	f71v	CELESTIAL	otchy	OT+CH+Y	OT+Y	1	1	Y	Y	POSTEN	3	3	OT	END	OT>A<END	NEXT_CARRIER_ARGUMENT	CH+Y	2	CH	NONE	YES	DANACH · POSTEN	danach ARG als nächsten Träger eröffnen	danach den Posten als nächsten Träger eröffnen	NÄCHSTEN TRÄGER ERÖFFNEN → POSTEN	STATEMENT_INTERNAL	NO	DANACH · NEHMEN · AKTIVER POSTEN	Y_IS_ARGUMENT_ATOM__NOT_THE_DY_CONTROL	ARGUMENT_VALUE_INSIDE_WRITTEN_CONTROL_ENVELOPE__NO_ROOT_OR_RECIPE_CHANGE	G559-F07
71	OLD26_GDT407	G407-E1088	G407-S056	f71v	CELESTIAL	oteey	OT+EE+Y	OT+Y	1	1	Y	Y	POSTEN	3	3	OT	END	OT>A<END	NEXT_CARRIER_ARGUMENT	EE+Y	2	EE	NONE	YES	DANACH · POSTEN	danach ARG als nächsten Träger eröffnen	danach den Posten als nächsten Träger eröffnen	NÄCHSTEN TRÄGER ERÖFFNEN → POSTEN	STATEMENT_INTERNAL	NO	DANACH · GRAD II · AKTIVER POSTEN	Y_IS_ARGUMENT_ATOM__NOT_THE_DY_CONTROL	ARGUMENT_VALUE_INSIDE_WRITTEN_CONTROL_ENVELOPE__NO_ROOT_OR_RECIPE_CHANGE	G559-F06
72	OLD26_GDT407	G407-E1090	G407-S056	f71v	CELESTIAL	oteey	OT+EE+Y	OT+Y	1	1	Y	Y	POSTEN	3	3	OT	END	OT>A<END	NEXT_CARRIER_ARGUMENT	EE+Y	2	EE	NONE	YES	DANACH · POSTEN	danach ARG als nächsten Träger eröffnen	danach den Posten als nächsten Träger eröffnen	NÄCHSTEN TRÄGER ERÖFFNEN → POSTEN	STATEMENT_INTERNAL	NO	DANACH · GRAD II · AKTIVER POSTEN	Y_IS_ARGUMENT_ATOM__NOT_THE_DY_CONTROL	ARGUMENT_VALUE_INSIDE_WRITTEN_CONTROL_ENVELOPE__NO_ROOT_OR_RECIPE_CHANGE	G559-F06
73	OLD26_GDT407	G407-E1104	G407-S057	f71v	CELESTIAL	oty	OT+Y	OT+Y	1	1	Y	Y	POSTEN	2	2	OT	END	OT>A<END	NEXT_CARRIER_ARGUMENT	Y	1	NONE	NONE	YES	DANACH · POSTEN	danach ARG als nächsten Träger eröffnen	danach den Posten als nächsten Träger eröffnen	NÄCHSTEN TRÄGER ERÖFFNEN → POSTEN	STATEMENT_INTERNAL	NO	DANACH · AKTIVER POSTEN	Y_IS_ARGUMENT_ATOM__NOT_THE_DY_CONTROL	ARGUMENT_VALUE_INSIDE_WRITTEN_CONTROL_ENVELOPE__NO_ROOT_OR_RECIPE_CHANGE	G559-F01
74	OLD26_GDT407	G407-E1113	G407-S057	f71v	CELESTIAL	otor	OT+OR	OT+OR	1	1	OR	OR	EINHEIT	2	2	OT	END	OT>A<END	NEXT_CARRIER_ARGUMENT	OR	1	NONE	NONE	YES	DANACH · EINHEIT	danach ARG als nächsten Träger eröffnen	danach die Einheit als nächsten Träger eröffnen	NÄCHSTEN TRÄGER ERÖFFNEN → EINHEIT	STATEMENT_INTERNAL	NO	DANACH · EINHEIT	NOT_APPLICABLE	ARGUMENT_VALUE_INSIDE_WRITTEN_CONTROL_ENVELOPE__NO_ROOT_OR_RECIPE_CHANGE	G559-F01
75	OLD26_GDT407	G407-E1123	G407-S058	f71v	CELESTIAL	otaly	OT+AL+Y	OT+Y	1	1	Y	Y	POSTEN	3	3	OT	END	OT>A<END	NEXT_CARRIER_ARGUMENT	AL+Y	2	AL	NONE	YES	DANACH · POSTEN	danach ARG als nächsten Träger eröffnen	danach den Posten als nächsten Träger eröffnen	NÄCHSTEN TRÄGER ERÖFFNEN → POSTEN	STATEMENT_INITIAL	NO	DANACH · ZIELORT · AKTIVER POSTEN	Y_IS_ARGUMENT_ATOM__NOT_THE_DY_CONTROL	ARGUMENT_VALUE_INSIDE_WRITTEN_CONTROL_ENVELOPE__NO_ROOT_OR_RECIPE_CHANGE	G559-F05
76	OLD26_GDT407	G407-E1128	G407-S059	f71v	CELESTIAL	otaiin	OT+AIIN	OT+AIIN	1	1	AIIN	AIIN	WERT	2	2	OT	END	OT>A<END	NEXT_CARRIER_ARGUMENT	AIIN	1	NONE	NONE	YES	DANACH · WERT	danach ARG als nächsten Träger eröffnen	danach den Wert als nächsten Träger eröffnen	NÄCHSTEN TRÄGER ERÖFFNEN → WERT	STATEMENT_INTERNAL	NO	DANACH · WERT	NOT_APPLICABLE	ARGUMENT_VALUE_INSIDE_WRITTEN_CONTROL_ENVELOPE__NO_ROOT_OR_RECIPE_CHANGE	G559-F01
77	OLD26_GDT407	G407-E1135	G407-S059	f71v	CELESTIAL	oteey	OT+EE+Y	OT+Y	1	1	Y	Y	POSTEN	3	3	OT	END	OT>A<END	NEXT_CARRIER_ARGUMENT	EE+Y	2	EE	NONE	YES	DANACH · POSTEN	danach ARG als nächsten Träger eröffnen	danach den Posten als nächsten Träger eröffnen	NÄCHSTEN TRÄGER ERÖFFNEN → POSTEN	STATEMENT_INTERNAL	NO	DANACH · GRAD II · AKTIVER POSTEN	Y_IS_ARGUMENT_ATOM__NOT_THE_DY_CONTROL	ARGUMENT_VALUE_INSIDE_WRITTEN_CONTROL_ENVELOPE__NO_ROOT_OR_RECIPE_CHANGE	G559-F06
78	OLD26_GDT407	G407-E1143	G407-S061	f72r	CELESTIAL	oteey	OT+EE+Y	OT+Y	1	1	Y	Y	POSTEN	3	3	OT	END	OT>A<END	NEXT_CARRIER_ARGUMENT	EE+Y	2	EE	NONE	YES	DANACH · POSTEN	danach ARG als nächsten Träger eröffnen	danach den Posten als nächsten Träger eröffnen	NÄCHSTEN TRÄGER ERÖFFNEN → POSTEN	STATEMENT_INTERNAL	NO	DANACH · GRAD II · AKTIVER POSTEN	Y_IS_ARGUMENT_ATOM__NOT_THE_DY_CONTROL	ARGUMENT_VALUE_INSIDE_WRITTEN_CONTROL_ENVELOPE__NO_ROOT_OR_RECIPE_CHANGE	G559-F06
79	OLD26_GDT407	G407-E1152	G407-S063	f72r	CELESTIAL	sheoltey	SH+E+OL+T+E+Y	OL+Y	1	1	Y	Y	POSTEN	6	6	OL	END	OL>A<END	CONTINUED_CARRIER_ARGUMENT	T+E+Y	3	T+E	NONE	YES	FORTSETZEN · POSTEN	weiter mit ARG als aktuellem Träger	weiter mit dem Posten als aktuellem Träger	TRÄGER FORTSETZEN → POSTEN	STATEMENT_INITIAL	NO	HALTEN · GRAD I · FORTSETZEN · EINSTELLEN · GRAD I · AKTIVER POSTEN	Y_IS_ARGUMENT_ATOM__NOT_THE_DY_CONTROL	ARGUMENT_VALUE_INSIDE_WRITTEN_CONTROL_ENVELOPE__NO_ROOT_OR_RECIPE_CHANGE	NONE
80	OLD26_GDT407	G407-E1177	G407-S063	f72r	CELESTIAL	oteey	OT+EE+Y	OT+Y	1	1	Y	Y	POSTEN	3	3	OT	END	OT>A<END	NEXT_CARRIER_ARGUMENT	EE+Y	2	EE	NONE	YES	DANACH · POSTEN	danach ARG als nächsten Träger eröffnen	danach den Posten als nächsten Träger eröffnen	NÄCHSTEN TRÄGER ERÖFFNEN → POSTEN	STATEMENT_INTERNAL	NO	DANACH · GRAD II · AKTIVER POSTEN	Y_IS_ARGUMENT_ATOM__NOT_THE_DY_CONTROL	ARGUMENT_VALUE_INSIDE_WRITTEN_CONTROL_ENVELOPE__NO_ROOT_OR_RECIPE_CHANGE	G559-F06
81	OLD26_GDT407	G407-E1181	G407-S064	f72r	CELESTIAL	otey	OT+E+Y	OT+Y	1	1	Y	Y	POSTEN	3	3	OT	END	OT>A<END	NEXT_CARRIER_ARGUMENT	E+Y	2	E	NONE	YES	DANACH · POSTEN	danach ARG als nächsten Träger eröffnen	danach den Posten als nächsten Träger eröffnen	NÄCHSTEN TRÄGER ERÖFFNEN → POSTEN	STATEMENT_INTERNAL	NO	DANACH · GRAD I · AKTIVER POSTEN	Y_IS_ARGUMENT_ATOM__NOT_THE_DY_CONTROL	ARGUMENT_VALUE_INSIDE_WRITTEN_CONTROL_ENVELOPE__NO_ROOT_OR_RECIPE_CHANGE	G559-F03
82	OLD26_GDT407	G407-E1185	G407-S064	f72r	CELESTIAL	otaiin	OT+AIIN	OT+AIIN	1	1	AIIN	AIIN	WERT	2	2	OT	END	OT>A<END	NEXT_CARRIER_ARGUMENT	AIIN	1	NONE	NONE	YES	DANACH · WERT	danach ARG als nächsten Träger eröffnen	danach den Wert als nächsten Träger eröffnen	NÄCHSTEN TRÄGER ERÖFFNEN → WERT	STATEMENT_INTERNAL	NO	DANACH · WERT	NOT_APPLICABLE	ARGUMENT_VALUE_INSIDE_WRITTEN_CONTROL_ENVELOPE__NO_ROOT_OR_RECIPE_CHANGE	G559-F01
83	OLD26_GDT407	G407-E1186	G407-S064	f72r	CELESTIAL	sheolaiin	SH+E+OL+AIIN	OL+AIIN	1	1	AIIN	AIIN	WERT	4	4	OL	END	OL>A<END	CONTINUED_CARRIER_ARGUMENT	AIIN	1	NONE	NONE	YES	FORTSETZEN · WERT	weiter mit ARG als aktuellem Träger	weiter mit dem Wert als aktuellem Träger	TRÄGER FORTSETZEN → WERT	STATEMENT_INTERNAL	NO	HALTEN · GRAD I · FORTSETZEN · WERT	NOT_APPLICABLE	ARGUMENT_VALUE_INSIDE_WRITTEN_CONTROL_ENVELOPE__NO_ROOT_OR_RECIPE_CHANGE	G559-F11
84	OLD26_GDT407	G407-E1187	G407-S064	f72r	CELESTIAL	otaiin	OT+AIIN	OT+AIIN	1	1	AIIN	AIIN	WERT	2	2	OT	END	OT>A<END	NEXT_CARRIER_ARGUMENT	AIIN	1	NONE	NONE	YES	DANACH · WERT	danach ARG als nächsten Träger eröffnen	danach den Wert als nächsten Träger eröffnen	NÄCHSTEN TRÄGER ERÖFFNEN → WERT	STATEMENT_INTERNAL	NO	DANACH · WERT	NOT_APPLICABLE	ARGUMENT_VALUE_INSIDE_WRITTEN_CONTROL_ENVELOPE__NO_ROOT_OR_RECIPE_CHANGE	G559-F01
85	OLD26_GDT407	G407-E1189	G407-S064	f72r	CELESTIAL	cheolor	OL+E+OR	OL+OR	1	1	OR	OR	EINHEIT	3	3	OL	END	OL>A<END	CONTINUED_CARRIER_ARGUMENT	E+OR	2	E	NONE	YES	FORTSETZEN · EINHEIT	weiter mit ARG als aktuellem Träger	weiter mit der Einheit als aktuellem Träger	TRÄGER FORTSETZEN → EINHEIT	STATEMENT_INTERNAL	NO	FORTSETZEN · GRAD I · EINHEIT	NOT_APPLICABLE	ARGUMENT_VALUE_INSIDE_WRITTEN_CONTROL_ENVELOPE__NO_ROOT_OR_RECIPE_CHANGE	NONE
86	OLD26_GDT407	G407-E1207	G407-S066	f72r	CELESTIAL	aroly	AR+OL+Y	OL+Y	1	1	Y	Y	POSTEN	3	3	OL	END	OL>A<END	CONTINUED_CARRIER_ARGUMENT	Y	1	NONE	NONE	YES	FORTSETZEN · POSTEN	weiter mit ARG als aktuellem Träger	weiter mit dem Posten als aktuellem Träger	TRÄGER FORTSETZEN → POSTEN	STATEMENT_INTERNAL	NO	AUSGANG · FORTSETZEN · AKTIVER POSTEN	Y_IS_ARGUMENT_ATOM__NOT_THE_DY_CONTROL	ARGUMENT_VALUE_INSIDE_WRITTEN_CONTROL_ENVELOPE__NO_ROOT_OR_RECIPE_CHANGE	NONE
87	OLD26_GDT407	G407-E1216	G407-S066	f72r	CELESTIAL	otaiin	OT+AIIN	OT+AIIN	1	1	AIIN	AIIN	WERT	2	2	OT	END	OT>A<END	NEXT_CARRIER_ARGUMENT	AIIN	1	NONE	NONE	YES	DANACH · WERT	danach ARG als nächsten Träger eröffnen	danach den Wert als nächsten Träger eröffnen	NÄCHSTEN TRÄGER ERÖFFNEN → WERT	STATEMENT_INTERNAL	NO	DANACH · WERT	NOT_APPLICABLE	ARGUMENT_VALUE_INSIDE_WRITTEN_CONTROL_ENVELOPE__NO_ROOT_OR_RECIPE_CHANGE	G559-F01
88	OLD26_GDT407	G407-E1228	G407-S067	f72r	CELESTIAL	oly	OL+Y	OL+Y	1	1	Y	Y	POSTEN	2	2	OL	END	OL>A<END	CONTINUED_CARRIER_ARGUMENT	Y	1	NONE	NONE	YES	FORTSETZEN · POSTEN	weiter mit ARG als aktuellem Träger	weiter mit dem Posten als aktuellem Träger	TRÄGER FORTSETZEN → POSTEN	STATEMENT_INTERNAL	NO	FORTSETZEN · AKTIVER POSTEN	Y_IS_ARGUMENT_ATOM__NOT_THE_DY_CONTROL	ARGUMENT_VALUE_INSIDE_WRITTEN_CONTROL_ENVELOPE__NO_ROOT_OR_RECIPE_CHANGE	G559-F02
89	OLD26_GDT407	G407-E1229	G407-S067	f72r	CELESTIAL	oteeykeey	OT+E+O+K+EE+Y	OT+Y	1	1	Y	Y	POSTEN	6	6	OT	END	OT>A<END	NEXT_CARRIER_ARGUMENT	E+O+K+EE+Y	5	E+O+K+EE	NONE	YES	DANACH · POSTEN	danach ARG als nächsten Träger eröffnen	danach den Posten als nächsten Träger eröffnen	NÄCHSTEN TRÄGER ERÖFFNEN → POSTEN	STATEMENT_INTERNAL	NO	DANACH · GRAD I · AUSFÜHRUNG · GEBEN · GRAD II · AKTIVER POSTEN	Y_IS_ARGUMENT_ATOM__NOT_THE_DY_CONTROL	ARGUMENT_VALUE_INSIDE_WRITTEN_CONTROL_ENVELOPE__NO_ROOT_OR_RECIPE_CHANGE	NONE
90	OLD26_GDT407	G407-E1240	G407-S067	f72r	CELESTIAL	chotaiin	OT+AIIN	OT+AIIN	1	1	AIIN	AIIN	WERT	2	2	OT	END	OT>A<END	NEXT_CARRIER_ARGUMENT	AIIN	1	NONE	NONE	YES	DANACH · WERT	danach ARG als nächsten Träger eröffnen	danach den Wert als nächsten Träger eröffnen	NÄCHSTEN TRÄGER ERÖFFNEN → WERT	STATEMENT_INTERNAL	NO	DANACH · WERT	NOT_APPLICABLE	ARGUMENT_VALUE_INSIDE_WRITTEN_CONTROL_ENVELOPE__NO_ROOT_OR_RECIPE_CHANGE	G559-F01
91	OLD26_GDT407	G407-E1241	G407-S067	f72r	CELESTIAL	otchey	OT+Y	OT+Y	1	1	Y	Y	POSTEN	2	2	OT	END	OT>A<END	NEXT_CARRIER_ARGUMENT	Y	1	NONE	NONE	YES	DANACH · POSTEN	danach ARG als nächsten Träger eröffnen	danach den Posten als nächsten Träger eröffnen	NÄCHSTEN TRÄGER ERÖFFNEN → POSTEN	STATEMENT_INTERNAL	NO	DANACH · AKTIVER POSTEN	Y_IS_ARGUMENT_ATOM__NOT_THE_DY_CONTROL	ARGUMENT_VALUE_INSIDE_WRITTEN_CONTROL_ENVELOPE__NO_ROOT_OR_RECIPE_CHANGE	G559-F01
92	OLD26_GDT407	G407-E1246	G407-S067	f72r	CELESTIAL	otaiin	OT+AIIN	OT+AIIN	1	1	AIIN	AIIN	WERT	2	2	OT	END	OT>A<END	NEXT_CARRIER_ARGUMENT	AIIN	1	NONE	NONE	YES	DANACH · WERT	danach ARG als nächsten Träger eröffnen	danach den Wert als nächsten Träger eröffnen	NÄCHSTEN TRÄGER ERÖFFNEN → WERT	STATEMENT_INTERNAL	NO	DANACH · WERT	NOT_APPLICABLE	ARGUMENT_VALUE_INSIDE_WRITTEN_CONTROL_ENVELOPE__NO_ROOT_OR_RECIPE_CHANGE	G559-F01
93	OLD26_GDT407	G407-E1260	G407-S068	f72r	CELESTIAL	oteey	OT+EE+Y	OT+Y	1	1	Y	Y	POSTEN	3	3	OT	END	OT>A<END	NEXT_CARRIER_ARGUMENT	EE+Y	2	EE	NONE	YES	DANACH · POSTEN	danach ARG als nächsten Träger eröffnen	danach den Posten als nächsten Träger eröffnen	NÄCHSTEN TRÄGER ERÖFFNEN → POSTEN	STATEMENT_INITIAL	NO	DANACH · GRAD II · AKTIVER POSTEN	Y_IS_ARGUMENT_ATOM__NOT_THE_DY_CONTROL	ARGUMENT_VALUE_INSIDE_WRITTEN_CONTROL_ENVELOPE__NO_ROOT_OR_RECIPE_CHANGE	G559-F06
94	OLD26_GDT407	G407-E1271	G407-S068	f72r	CELESTIAL	otey	OT+E+Y	OT+Y	1	1	Y	Y	POSTEN	3	3	OT	END	OT>A<END	NEXT_CARRIER_ARGUMENT	E+Y	2	E	NONE	YES	DANACH · POSTEN	danach ARG als nächsten Träger eröffnen	danach den Posten als nächsten Träger eröffnen	NÄCHSTEN TRÄGER ERÖFFNEN → POSTEN	STATEMENT_INTERNAL	NO	DANACH · GRAD I · AKTIVER POSTEN	Y_IS_ARGUMENT_ATOM__NOT_THE_DY_CONTROL	ARGUMENT_VALUE_INSIDE_WRITTEN_CONTROL_ENVELOPE__NO_ROOT_OR_RECIPE_CHANGE	G559-F03
95	OLD26_GDT407	G407-E1272	G407-S068	f72r	CELESTIAL	otaiin	OT+AIIN	OT+AIIN	1	1	AIIN	AIIN	WERT	2	2	OT	END	OT>A<END	NEXT_CARRIER_ARGUMENT	AIIN	1	NONE	NONE	YES	DANACH · WERT	danach ARG als nächsten Träger eröffnen	danach den Wert als nächsten Träger eröffnen	NÄCHSTEN TRÄGER ERÖFFNEN → WERT	STATEMENT_INTERNAL	NO	DANACH · WERT	NOT_APPLICABLE	ARGUMENT_VALUE_INSIDE_WRITTEN_CONTROL_ENVELOPE__NO_ROOT_OR_RECIPE_CHANGE	G559-F01
96	OLD26_GDT407	G407-E1273	G407-S068	f72r	CELESTIAL	otaly	OT+AL+Y	OT+Y	1	1	Y	Y	POSTEN	3	3	OT	END	OT>A<END	NEXT_CARRIER_ARGUMENT	AL+Y	2	AL	NONE	YES	DANACH · POSTEN	danach ARG als nächsten Träger eröffnen	danach den Posten als nächsten Träger eröffnen	NÄCHSTEN TRÄGER ERÖFFNEN → POSTEN	STATEMENT_INTERNAL	NO	DANACH · ZIELORT · AKTIVER POSTEN	Y_IS_ARGUMENT_ATOM__NOT_THE_DY_CONTROL	ARGUMENT_VALUE_INSIDE_WRITTEN_CONTROL_ENVELOPE__NO_ROOT_OR_RECIPE_CHANGE	G559-F05
97	OLD26_GDT407	G407-E1284	G407-S070	f72r	CELESTIAL	otoees	OT+EE+Y	OT+Y	1	1	Y	Y	POSTEN	3	3	OT	END	OT>A<END	NEXT_CARRIER_ARGUMENT	EE+Y	2	EE	NONE	YES	DANACH · POSTEN	danach ARG als nächsten Träger eröffnen	danach den Posten als nächsten Träger eröffnen	NÄCHSTEN TRÄGER ERÖFFNEN → POSTEN	STATEMENT_INTERNAL	NO	DANACH · GRAD II · AKTIVER POSTEN	Y_IS_ARGUMENT_ATOM__NOT_THE_DY_CONTROL	ARGUMENT_VALUE_INSIDE_WRITTEN_CONTROL_ENVELOPE__NO_ROOT_OR_RECIPE_CHANGE	G559-F06
98	OLD26_GDT407	G407-E1297	G407-S071	f72r	CELESTIAL	otchey	OT+Y	OT+Y	1	1	Y	Y	POSTEN	2	2	OT	END	OT>A<END	NEXT_CARRIER_ARGUMENT	Y	1	NONE	NONE	YES	DANACH · POSTEN	danach ARG als nächsten Träger eröffnen	danach den Posten als nächsten Träger eröffnen	NÄCHSTEN TRÄGER ERÖFFNEN → POSTEN	STATEMENT_INTERNAL	NO	DANACH · AKTIVER POSTEN	Y_IS_ARGUMENT_ATOM__NOT_THE_DY_CONTROL	ARGUMENT_VALUE_INSIDE_WRITTEN_CONTROL_ENVELOPE__NO_ROOT_OR_RECIPE_CHANGE	G559-F01
99	OLD26_GDT407	G407-E1299	G407-S071	f72r	CELESTIAL	olaiin	OL+AIIN	OL+AIIN	1	1	AIIN	AIIN	WERT	2	2	OL	END	OL>A<END	CONTINUED_CARRIER_ARGUMENT	AIIN	1	NONE	NONE	YES	FORTSETZEN · WERT	weiter mit ARG als aktuellem Träger	weiter mit dem Wert als aktuellem Träger	TRÄGER FORTSETZEN → WERT	STATEMENT_INTERNAL	NO	FORTSETZEN · WERT	NOT_APPLICABLE	ARGUMENT_VALUE_INSIDE_WRITTEN_CONTROL_ENVELOPE__NO_ROOT_OR_RECIPE_CHANGE	G559-F02
100	OLD26_GDT407	G407-E1310	G407-S072	f72r	CELESTIAL	oteody	OT+E+O+Y	OT+Y	1	1	Y	Y	POSTEN	4	4	OT	END	OT>A<END	NEXT_CARRIER_ARGUMENT	E+O+Y	3	E+O	NONE	YES	DANACH · POSTEN	danach ARG als nächsten Träger eröffnen	danach den Posten als nächsten Träger eröffnen	NÄCHSTEN TRÄGER ERÖFFNEN → POSTEN	STATEMENT_INTERNAL	NO	DANACH · GRAD I · AUSFÜHRUNG · AKTIVER POSTEN	Y_IS_ARGUMENT_ATOM__NOT_THE_DY_CONTROL	ARGUMENT_VALUE_INSIDE_WRITTEN_CONTROL_ENVELOPE__NO_ROOT_OR_RECIPE_CHANGE	NONE
101	OLD26_GDT407	G407-E1312	G407-S073	f72r	CELESTIAL	okeolaiin	OK+E+OL+AIIN	OL+AIIN	1	1	AIIN	AIIN	WERT	4	4	OL	END	OL>A<END	CONTINUED_CARRIER_ARGUMENT	AIIN	1	NONE	NONE	YES	FORTSETZEN · WERT	weiter mit ARG als aktuellem Träger	weiter mit dem Wert als aktuellem Träger	TRÄGER FORTSETZEN → WERT	STATEMENT_INITIAL	NO	SETZEN · GRAD I · FORTSETZEN · WERT	NOT_APPLICABLE	ARGUMENT_VALUE_INSIDE_WRITTEN_CONTROL_ENVELOPE__NO_ROOT_OR_RECIPE_CHANGE	NONE
102	OLD26_GDT407	G407-E1313	G407-S073	f72r	CELESTIAL	oteey	OT+EE+Y	OT+Y	1	1	Y	Y	POSTEN	3	3	OT	END	OT>A<END	NEXT_CARRIER_ARGUMENT	EE+Y	2	EE	NONE	YES	DANACH · POSTEN	danach ARG als nächsten Träger eröffnen	danach den Posten als nächsten Träger eröffnen	NÄCHSTEN TRÄGER ERÖFFNEN → POSTEN	STATEMENT_INTERNAL	NO	DANACH · GRAD II · AKTIVER POSTEN	Y_IS_ARGUMENT_ATOM__NOT_THE_DY_CONTROL	ARGUMENT_VALUE_INSIDE_WRITTEN_CONTROL_ENVELOPE__NO_ROOT_OR_RECIPE_CHANGE	G559-F06
103	OLD26_GDT407	G407-E1333	G407-S074	f72r	CELESTIAL	choly	OL+Y	OL+Y	1	1	Y	Y	POSTEN	2	2	OL	END	OL>A<END	CONTINUED_CARRIER_ARGUMENT	Y	1	NONE	NONE	YES	FORTSETZEN · POSTEN	weiter mit ARG als aktuellem Träger	weiter mit dem Posten als aktuellem Träger	TRÄGER FORTSETZEN → POSTEN	STATEMENT_INTERNAL	NO	FORTSETZEN · AKTIVER POSTEN	Y_IS_ARGUMENT_ATOM__NOT_THE_DY_CONTROL	ARGUMENT_VALUE_INSIDE_WRITTEN_CONTROL_ENVELOPE__NO_ROOT_OR_RECIPE_CHANGE	G559-F02
104	OLD26_GDT407	G407-E1343	G407-S074	f72r	CELESTIAL	choteey	CH+OT+EE+Y	OT+Y	1	1	Y	Y	POSTEN	4	4	OT	END	OT>A<END	NEXT_CARRIER_ARGUMENT	EE+Y	2	EE	NONE	YES	DANACH · POSTEN	danach ARG als nächsten Träger eröffnen	danach den Posten als nächsten Träger eröffnen	NÄCHSTEN TRÄGER ERÖFFNEN → POSTEN	STATEMENT_INTERNAL	NO	NEHMEN · DANACH · GRAD II · AKTIVER POSTEN	Y_IS_ARGUMENT_ATOM__NOT_THE_DY_CONTROL	ARGUMENT_VALUE_INSIDE_WRITTEN_CONTROL_ENVELOPE__NO_ROOT_OR_RECIPE_CHANGE	NONE
105	OLD26_GDT407	G407-E1344	G407-S074	f72r	CELESTIAL	sheoly	SH+E+OL+Y	OL+Y	1	1	Y	Y	POSTEN	4	4	OL	END	OL>A<END	CONTINUED_CARRIER_ARGUMENT	Y	1	NONE	NONE	YES	FORTSETZEN · POSTEN	weiter mit ARG als aktuellem Träger	weiter mit dem Posten als aktuellem Träger	TRÄGER FORTSETZEN → POSTEN	STATEMENT_INTERNAL	NO	HALTEN · GRAD I · FORTSETZEN · AKTIVER POSTEN	Y_IS_ARGUMENT_ATOM__NOT_THE_DY_CONTROL	ARGUMENT_VALUE_INSIDE_WRITTEN_CONTROL_ENVELOPE__NO_ROOT_OR_RECIPE_CHANGE	G559-F11
106	OLD26_GDT407	G407-E1349	G407-S076	f72r	CELESTIAL	otey	OT+E+Y	OT+Y	1	1	Y	Y	POSTEN	3	3	OT	END	OT>A<END	NEXT_CARRIER_ARGUMENT	E+Y	2	E	NONE	YES	DANACH · POSTEN	danach ARG als nächsten Träger eröffnen	danach den Posten als nächsten Träger eröffnen	NÄCHSTEN TRÄGER ERÖFFNEN → POSTEN	STATEMENT_INITIAL	NO	DANACH · GRAD I · AKTIVER POSTEN	Y_IS_ARGUMENT_ATOM__NOT_THE_DY_CONTROL	ARGUMENT_VALUE_INSIDE_WRITTEN_CONTROL_ENVELOPE__NO_ROOT_OR_RECIPE_CHANGE	G559-F03
107	OLD26_GDT407	G407-E1354	G407-S077	f72r	CELESTIAL	ykeolol	Y+K+E+OL+OL	Y+OL+OL	1	1	Y	Y	POSTEN	1	5	START	OL	START>A<OL	RETAINED_ARGUMENT	Y+K+E	1	NONE	K+E	YES	POSTEN · FORTSETZEN	ARG weiterführen	den Posten weiterführen	POSTEN → TRÄGER FORTSETZEN → TRÄGER FORTSETZEN	STATEMENT_INTERNAL	NO	AKTIVER POSTEN · GEBEN · GRAD I · FORTSETZEN · FORTSETZEN	Y_IS_ARGUMENT_ATOM__NOT_THE_DY_CONTROL	ARGUMENT_VALUE_INSIDE_WRITTEN_CONTROL_ENVELOPE__NO_ROOT_OR_RECIPE_CHANGE	NONE
108	OLD26_GDT407	G407-E1361	G407-S077	f72r	CELESTIAL	ykeeoly	Y+K+OL+Y	Y+OL+Y	1	2	Y+Y	Y	POSTEN	1	4	START	OL	START>A<OL	RETAINED_ARGUMENT	Y+K	1	NONE	K	NO	POSTEN · FORTSETZEN	ARG weiterführen	den Posten weiterführen	POSTEN → TRÄGER FORTSETZEN → POSTEN	STATEMENT_INTERNAL	NO	AKTIVER POSTEN · GEBEN · FORTSETZEN · AKTIVER POSTEN	Y_IS_ARGUMENT_ATOM__NOT_THE_DY_CONTROL	ARGUMENT_VALUE_INSIDE_WRITTEN_CONTROL_ENVELOPE__NO_ROOT_OR_RECIPE_CHANGE	NONE
109	OLD26_GDT407	G407-E1361	G407-S077	f72r	CELESTIAL	ykeeoly	Y+K+OL+Y	Y+OL+Y	2	2	Y+Y	Y	POSTEN	4	4	OL	END	OL>A<END	CONTINUED_CARRIER_ARGUMENT	Y	1	NONE	NONE	YES	FORTSETZEN · POSTEN	weiter mit ARG als aktuellem Träger	weiter mit dem Posten als aktuellem Träger	POSTEN → TRÄGER FORTSETZEN → POSTEN	STATEMENT_INTERNAL	NO	AKTIVER POSTEN · GEBEN · FORTSETZEN · AKTIVER POSTEN	Y_IS_ARGUMENT_ATOM__NOT_THE_DY_CONTROL	ARGUMENT_VALUE_INSIDE_WRITTEN_CONTROL_ENVELOPE__NO_ROOT_OR_RECIPE_CHANGE	NONE
110	OLD26_GDT407	G407-E1362	G407-S077	f72r	CELESTIAL	otaiin	OT+AIIN	OT+AIIN	1	1	AIIN	AIIN	WERT	2	2	OT	END	OT>A<END	NEXT_CARRIER_ARGUMENT	AIIN	1	NONE	NONE	YES	DANACH · WERT	danach ARG als nächsten Träger eröffnen	danach den Wert als nächsten Träger eröffnen	NÄCHSTEN TRÄGER ERÖFFNEN → WERT	STATEMENT_INTERNAL	NO	DANACH · WERT	NOT_APPLICABLE	ARGUMENT_VALUE_INSIDE_WRITTEN_CONTROL_ENVELOPE__NO_ROOT_OR_RECIPE_CHANGE	G559-F01
111	OLD26_GDT407	G407-E1369	G407-S077	f72r	CELESTIAL	oteody	OT+E+O+Y	OT+Y	1	1	Y	Y	POSTEN	4	4	OT	END	OT>A<END	NEXT_CARRIER_ARGUMENT	E+O+Y	3	E+O	NONE	YES	DANACH · POSTEN	danach ARG als nächsten Träger eröffnen	danach den Posten als nächsten Träger eröffnen	NÄCHSTEN TRÄGER ERÖFFNEN → POSTEN	STATEMENT_INTERNAL	NO	DANACH · GRAD I · AUSFÜHRUNG · AKTIVER POSTEN	Y_IS_ARGUMENT_ATOM__NOT_THE_DY_CONTROL	ARGUMENT_VALUE_INSIDE_WRITTEN_CONTROL_ENVELOPE__NO_ROOT_OR_RECIPE_CHANGE	NONE
112	OLD26_GDT407	G407-E1373	G407-S077	f72r	CELESTIAL	doteey	D_ADDR+OT+EE+Y	OT+Y	1	1	Y	Y	POSTEN	4	4	OT	END	OT>A<END	NEXT_CARRIER_ARGUMENT	EE+Y	2	EE	NONE	YES	DANACH · POSTEN	danach ARG als nächsten Träger eröffnen	danach den Posten als nächsten Träger eröffnen	NÄCHSTEN TRÄGER ERÖFFNEN → POSTEN	STATEMENT_INTERNAL	NO	HIER · DANACH · GRAD II · AKTIVER POSTEN	Y_IS_ARGUMENT_ATOM__NOT_THE_DY_CONTROL	ARGUMENT_VALUE_INSIDE_WRITTEN_CONTROL_ENVELOPE__NO_ROOT_OR_RECIPE_CHANGE	NONE
113	OLD26_GDT407	G407-E1382	G407-S077	f72r	CELESTIAL	shoteey	SH+OT+EE+Y	OT+Y	1	1	Y	Y	POSTEN	4	4	OT	END	OT>A<END	NEXT_CARRIER_ARGUMENT	EE+Y	2	EE	NONE	YES	DANACH · POSTEN	danach ARG als nächsten Träger eröffnen	danach den Posten als nächsten Träger eröffnen	NÄCHSTEN TRÄGER ERÖFFNEN → POSTEN	STATEMENT_INTERNAL	NO	HALTEN · DANACH · GRAD II · AKTIVER POSTEN	Y_IS_ARGUMENT_ATOM__NOT_THE_DY_CONTROL	ARGUMENT_VALUE_INSIDE_WRITTEN_CONTROL_ENVELOPE__NO_ROOT_OR_RECIPE_CHANGE	NONE
114	OLD26_GDT407	G407-E1388	G407-S077	f72r	CELESTIAL	ykoly	Y+K+OL+Y	Y+OL+Y	1	2	Y+Y	Y	POSTEN	1	4	START	OL	START>A<OL	RETAINED_ARGUMENT	Y+K	1	NONE	K	NO	POSTEN · FORTSETZEN	ARG weiterführen	den Posten weiterführen	POSTEN → TRÄGER FORTSETZEN → POSTEN	STATEMENT_FINAL	YES	AKTIVER POSTEN · GEBEN · FORTSETZEN · AKTIVER POSTEN	Y_IS_ARGUMENT_ATOM__NOT_THE_DY_CONTROL	ARGUMENT_VALUE_INSIDE_WRITTEN_CONTROL_ENVELOPE__NO_ROOT_OR_RECIPE_CHANGE	NONE
115	OLD26_GDT407	G407-E1388	G407-S077	f72r	CELESTIAL	ykoly	Y+K+OL+Y	Y+OL+Y	2	2	Y+Y	Y	POSTEN	4	4	OL	END	OL>A<END	CONTINUED_CARRIER_ARGUMENT	Y	1	NONE	NONE	YES	FORTSETZEN · POSTEN	weiter mit ARG als aktuellem Träger	weiter mit dem Posten als aktuellem Träger	POSTEN → TRÄGER FORTSETZEN → POSTEN	STATEMENT_FINAL	YES	AKTIVER POSTEN · GEBEN · FORTSETZEN · AKTIVER POSTEN	Y_IS_ARGUMENT_ATOM__NOT_THE_DY_CONTROL	ARGUMENT_VALUE_INSIDE_WRITTEN_CONTROL_ENVELOPE__NO_ROOT_OR_RECIPE_CHANGE	NONE
116	OLD26_GDT407	G407-E1389	G407-S078	f72r	CELESTIAL	oteey	OT+EE+Y	OT+Y	1	1	Y	Y	POSTEN	3	3	OT	END	OT>A<END	NEXT_CARRIER_ARGUMENT	EE+Y	2	EE	NONE	YES	DANACH · POSTEN	danach ARG als nächsten Träger eröffnen	danach den Posten als nächsten Träger eröffnen	NÄCHSTEN TRÄGER ERÖFFNEN → POSTEN	STATEMENT_INITIAL	NO	DANACH · GRAD II · AKTIVER POSTEN	Y_IS_ARGUMENT_ATOM__NOT_THE_DY_CONTROL	ARGUMENT_VALUE_INSIDE_WRITTEN_CONTROL_ENVELOPE__NO_ROOT_OR_RECIPE_CHANGE	G559-F06
117	OLD26_GDT407	G407-E1394	G407-S079	f72r	CELESTIAL	opcholalaiin	O+P+CH+OL+AL+AIIN	OL+AIIN	1	1	AIIN	AIIN	WERT	6	6	OL	END	OL>A<END	CONTINUED_CARRIER_ARGUMENT	AL+AIIN	2	AL	NONE	YES	FORTSETZEN · WERT	weiter mit ARG als aktuellem Träger	weiter mit dem Wert als aktuellem Träger	TRÄGER FORTSETZEN → WERT	STATEMENT_INTERNAL	NO	AUSFÜHRUNG · EINSETZEN · NEHMEN · FORTSETZEN · ZIELORT · WERT	NOT_APPLICABLE	ARGUMENT_VALUE_INSIDE_WRITTEN_CONTROL_ENVELOPE__NO_ROOT_OR_RECIPE_CHANGE	NONE
118	OLD26_GDT407	G407-E1395	G407-S079	f72r	CELESTIAL	oteeor	OT+EE+OR	OT+OR	1	1	OR	OR	EINHEIT	3	3	OT	END	OT>A<END	NEXT_CARRIER_ARGUMENT	EE+OR	2	EE	NONE	YES	DANACH · EINHEIT	danach ARG als nächsten Träger eröffnen	danach die Einheit als nächsten Träger eröffnen	NÄCHSTEN TRÄGER ERÖFFNEN → EINHEIT	STATEMENT_INTERNAL	NO	DANACH · GRAD II · EINHEIT	NOT_APPLICABLE	ARGUMENT_VALUE_INSIDE_WRITTEN_CONTROL_ENVELOPE__NO_ROOT_OR_RECIPE_CHANGE	G559-F06
119	OLD26_GDT407	G407-E1402	G407-S079	f72r	CELESTIAL	olaiin	OL+AIIN	OL+AIIN	1	1	AIIN	AIIN	WERT	2	2	OL	END	OL>A<END	CONTINUED_CARRIER_ARGUMENT	AIIN	1	NONE	NONE	YES	FORTSETZEN · WERT	weiter mit ARG als aktuellem Träger	weiter mit dem Wert als aktuellem Träger	TRÄGER FORTSETZEN → WERT	STATEMENT_INTERNAL	NO	FORTSETZEN · WERT	NOT_APPLICABLE	ARGUMENT_VALUE_INSIDE_WRITTEN_CONTROL_ENVELOPE__NO_ROOT_OR_RECIPE_CHANGE	G559-F02
120	OLD26_GDT407	G407-E1405	G407-S079	f72r	CELESTIAL	choty	CH+OT+Y	OT+Y	1	1	Y	Y	POSTEN	3	3	OT	END	OT>A<END	NEXT_CARRIER_ARGUMENT	Y	1	NONE	NONE	YES	DANACH · POSTEN	danach ARG als nächsten Träger eröffnen	danach den Posten als nächsten Träger eröffnen	NÄCHSTEN TRÄGER ERÖFFNEN → POSTEN	STATEMENT_INTERNAL	NO	NEHMEN · DANACH · AKTIVER POSTEN	Y_IS_ARGUMENT_ATOM__NOT_THE_DY_CONTROL	ARGUMENT_VALUE_INSIDE_WRITTEN_CONTROL_ENVELOPE__NO_ROOT_OR_RECIPE_CHANGE	NONE
121	OLD26_GDT407	G407-E1418	G407-S081	f72r	CELESTIAL	olaiin	OL+AIIN	OL+AIIN	1	1	AIIN	AIIN	WERT	2	2	OL	END	OL>A<END	CONTINUED_CARRIER_ARGUMENT	AIIN	1	NONE	NONE	YES	FORTSETZEN · WERT	weiter mit ARG als aktuellem Träger	weiter mit dem Wert als aktuellem Träger	TRÄGER FORTSETZEN → WERT	STATEMENT_INTERNAL	NO	FORTSETZEN · WERT	NOT_APPLICABLE	ARGUMENT_VALUE_INSIDE_WRITTEN_CONTROL_ENVELOPE__NO_ROOT_OR_RECIPE_CHANGE	G559-F02
122	OLD26_GDT407	G407-E1424	G407-S081	f72r	CELESTIAL	koly	K+OL+Y	OL+Y	1	1	Y	Y	POSTEN	3	3	OL	END	OL>A<END	CONTINUED_CARRIER_ARGUMENT	Y	1	NONE	NONE	YES	FORTSETZEN · POSTEN	weiter mit ARG als aktuellem Träger	weiter mit dem Posten als aktuellem Träger	TRÄGER FORTSETZEN → POSTEN	STATEMENT_FINAL	YES	GEBEN · FORTSETZEN · AKTIVER POSTEN	Y_IS_ARGUMENT_ATOM__NOT_THE_DY_CONTROL	ARGUMENT_VALUE_INSIDE_WRITTEN_CONTROL_ENVELOPE__NO_ROOT_OR_RECIPE_CHANGE	NONE
123	OLD26_GDT407	G407-E1470	G407-S087	f75r	BIOLOGICAL	olky	OL+K+Y	OL+Y	1	1	Y	Y	POSTEN	3	3	OL	END	OL>A<END	CONTINUED_CARRIER_ARGUMENT	K+Y	2	K	NONE	YES	FORTSETZEN · POSTEN	weiter mit ARG als aktuellem Träger	weiter mit dem Posten als aktuellem Träger	TRÄGER FORTSETZEN → POSTEN	STATEMENT_INTERNAL	NO	FORTSETZEN · GEBEN · AKTIVER POSTEN	Y_IS_ARGUMENT_ATOM__NOT_THE_DY_CONTROL	ARGUMENT_VALUE_INSIDE_WRITTEN_CONTROL_ENVELOPE__NO_ROOT_OR_RECIPE_CHANGE	G559-F04
124	OLD26_GDT407	G407-E1510	G407-S096	f75r	BIOLOGICAL	otey	OT+E+Y	OT+Y	1	1	Y	Y	POSTEN	3	3	OT	END	OT>A<END	NEXT_CARRIER_ARGUMENT	E+Y	2	E	NONE	YES	DANACH · POSTEN	danach ARG als nächsten Träger eröffnen	danach den Posten als nächsten Träger eröffnen	NÄCHSTEN TRÄGER ERÖFFNEN → POSTEN	STATEMENT_INTERNAL	NO	DANACH · GRAD I · AKTIVER POSTEN	Y_IS_ARGUMENT_ATOM__NOT_THE_DY_CONTROL	ARGUMENT_VALUE_INSIDE_WRITTEN_CONTROL_ENVELOPE__NO_ROOT_OR_RECIPE_CHANGE	G559-F03
125	OLD26_GDT407	G407-E1515	G407-S099	f75r	BIOLOGICAL	oly	OL+Y	OL+Y	1	1	Y	Y	POSTEN	2	2	OL	END	OL>A<END	CONTINUED_CARRIER_ARGUMENT	Y	1	NONE	NONE	YES	FORTSETZEN · POSTEN	weiter mit ARG als aktuellem Träger	weiter mit dem Posten als aktuellem Träger	TRÄGER FORTSETZEN → POSTEN	STATEMENT_INTERNAL	NO	FORTSETZEN · AKTIVER POSTEN	Y_IS_ARGUMENT_ATOM__NOT_THE_DY_CONTROL	ARGUMENT_VALUE_INSIDE_WRITTEN_CONTROL_ENVELOPE__NO_ROOT_OR_RECIPE_CHANGE	G559-F02
126	OLD26_GDT407	G407-E1525	G407-S101	f75r	BIOLOGICAL	oly	OL+Y	OL+Y	1	1	Y	Y	POSTEN	2	2	OL	END	OL>A<END	CONTINUED_CARRIER_ARGUMENT	Y	1	NONE	NONE	YES	FORTSETZEN · POSTEN	weiter mit ARG als aktuellem Träger	weiter mit dem Posten als aktuellem Träger	TRÄGER FORTSETZEN → POSTEN	STATEMENT_INTERNAL	NO	FORTSETZEN · AKTIVER POSTEN	Y_IS_ARGUMENT_ATOM__NOT_THE_DY_CONTROL	ARGUMENT_VALUE_INSIDE_WRITTEN_CONTROL_ENVELOPE__NO_ROOT_OR_RECIPE_CHANGE	G559-F02
127	OLD26_GDT407	G407-E1555	G407-S110	f75r	BIOLOGICAL	qolkeeoly	OL+K+EE+OL+Y	OL+OL+Y	1	1	Y	Y	POSTEN	5	5	OL	END	OL>A<END	CONTINUED_CARRIER_ARGUMENT	Y	1	NONE	NONE	YES	FORTSETZEN · POSTEN	weiter mit ARG als aktuellem Träger	weiter mit dem Posten als aktuellem Träger	TRÄGER FORTSETZEN → TRÄGER FORTSETZEN → POSTEN	STATEMENT_INTERNAL	NO	FORTSETZEN · GEBEN · GRAD II · FORTSETZEN · AKTIVER POSTEN	Y_IS_ARGUMENT_ATOM__NOT_THE_DY_CONTROL	ARGUMENT_VALUE_INSIDE_WRITTEN_CONTROL_ENVELOPE__NO_ROOT_OR_RECIPE_CHANGE	NONE
128	OLD26_GDT407	G407-E1586	G407-S118	f75r	BIOLOGICAL	otain	OT+AIN	OT+AIN	1	1	AIN	AIN	ANTEIL	2	2	OT	END	OT>A<END	NEXT_CARRIER_ARGUMENT	AIN	1	NONE	NONE	YES	DANACH · ANTEIL	danach ARG als nächsten Träger eröffnen	danach den Anteil als nächsten Träger eröffnen	NÄCHSTEN TRÄGER ERÖFFNEN → ANTEIL	STATEMENT_INTERNAL	NO	DANACH · ANTEIL	NOT_APPLICABLE	ARGUMENT_VALUE_INSIDE_WRITTEN_CONTROL_ENVELOPE__NO_ROOT_OR_RECIPE_CHANGE	G559-F01
129	OLD26_GDT407	G407-E1589	G407-S118	f75r	BIOLOGICAL	oly	OL+Y	OL+Y	1	1	Y	Y	POSTEN	2	2	OL	END	OL>A<END	CONTINUED_CARRIER_ARGUMENT	Y	1	NONE	NONE	YES	FORTSETZEN · POSTEN	weiter mit ARG als aktuellem Träger	weiter mit dem Posten als aktuellem Träger	TRÄGER FORTSETZEN → POSTEN	STATEMENT_INTERNAL	NO	FORTSETZEN · AKTIVER POSTEN	Y_IS_ARGUMENT_ATOM__NOT_THE_DY_CONTROL	ARGUMENT_VALUE_INSIDE_WRITTEN_CONTROL_ENVELOPE__NO_ROOT_OR_RECIPE_CHANGE	G559-F02
130	OLD26_GDT407	G407-E1632	G407-S119	f75r	BIOLOGICAL	olkeey	OL+K+EE+Y	OL+Y	1	1	Y	Y	POSTEN	4	4	OL	END	OL>A<END	CONTINUED_CARRIER_ARGUMENT	K+EE+Y	3	K+EE	NONE	YES	FORTSETZEN · POSTEN	weiter mit ARG als aktuellem Träger	weiter mit dem Posten als aktuellem Träger	TRÄGER FORTSETZEN → POSTEN	STATEMENT_INTERNAL	NO	FORTSETZEN · GEBEN · GRAD II · AKTIVER POSTEN	Y_IS_ARGUMENT_ATOM__NOT_THE_DY_CONTROL	ARGUMENT_VALUE_INSIDE_WRITTEN_CONTROL_ENVELOPE__NO_ROOT_OR_RECIPE_CHANGE	NONE
131	OLD26_GDT407	G407-E1633	G407-S119	f75r	BIOLOGICAL	qolkary	OL+K+AR+Y	OL+Y	1	1	Y	Y	POSTEN	4	4	OL	END	OL>A<END	CONTINUED_CARRIER_ARGUMENT	K+AR+Y	3	K+AR	NONE	YES	FORTSETZEN · POSTEN	weiter mit ARG als aktuellem Träger	weiter mit dem Posten als aktuellem Träger	TRÄGER FORTSETZEN → POSTEN	STATEMENT_INTERNAL	NO	FORTSETZEN · GEBEN · AUSGANG · AKTIVER POSTEN	Y_IS_ARGUMENT_ATOM__NOT_THE_DY_CONTROL	ARGUMENT_VALUE_INSIDE_WRITTEN_CONTROL_ENVELOPE__NO_ROOT_OR_RECIPE_CHANGE	NONE
132	OLD26_GDT407	G407-E1651	G407-S122	f75r	BIOLOGICAL	qoly	OL+Y	OL+Y	1	1	Y	Y	POSTEN	2	2	OL	END	OL>A<END	CONTINUED_CARRIER_ARGUMENT	Y	1	NONE	NONE	YES	FORTSETZEN · POSTEN	weiter mit ARG als aktuellem Träger	weiter mit dem Posten als aktuellem Träger	TRÄGER FORTSETZEN → POSTEN	STATEMENT_INTERNAL	NO	FORTSETZEN · AKTIVER POSTEN	Y_IS_ARGUMENT_ATOM__NOT_THE_DY_CONTROL	ARGUMENT_VALUE_INSIDE_WRITTEN_CONTROL_ENVELOPE__NO_ROOT_OR_RECIPE_CHANGE	G559-F02
133	OLD26_GDT407	G407-E1656	G407-S122	f75r	BIOLOGICAL	qoty	OT+Y	OT+Y	1	1	Y	Y	POSTEN	2	2	OT	END	OT>A<END	NEXT_CARRIER_ARGUMENT	Y	1	NONE	NONE	YES	DANACH · POSTEN	danach ARG als nächsten Träger eröffnen	danach den Posten als nächsten Träger eröffnen	NÄCHSTEN TRÄGER ERÖFFNEN → POSTEN	STATEMENT_INTERNAL	NO	DANACH · AKTIVER POSTEN	Y_IS_ARGUMENT_ATOM__NOT_THE_DY_CONTROL	ARGUMENT_VALUE_INSIDE_WRITTEN_CONTROL_ENVELOPE__NO_ROOT_OR_RECIPE_CHANGE	G559-F01
134	OLD26_GDT407	G407-E1684	G407-S129	f75r	BIOLOGICAL	olchey	OL+Y	OL+Y	1	1	Y	Y	POSTEN	2	2	OL	END	OL>A<END	CONTINUED_CARRIER_ARGUMENT	Y	1	NONE	NONE	YES	FORTSETZEN · POSTEN	weiter mit ARG als aktuellem Träger	weiter mit dem Posten als aktuellem Träger	TRÄGER FORTSETZEN → POSTEN	STATEMENT_INTERNAL	NO	FORTSETZEN · AKTIVER POSTEN	Y_IS_ARGUMENT_ATOM__NOT_THE_DY_CONTROL	ARGUMENT_VALUE_INSIDE_WRITTEN_CONTROL_ENVELOPE__NO_ROOT_OR_RECIPE_CHANGE	G559-F02
135	OLD26_GDT407	G407-E1711	G407-S135	f75r	BIOLOGICAL	polshy	P+OL+SH+Y	OL+Y	1	1	Y	Y	POSTEN	4	4	OL	END	OL>A<END	CONTINUED_CARRIER_ARGUMENT	SH+Y	2	SH	NONE	YES	FORTSETZEN · POSTEN	weiter mit ARG als aktuellem Träger	weiter mit dem Posten als aktuellem Träger	TRÄGER FORTSETZEN → POSTEN	STATEMENT_INITIAL	NO	EINSETZEN · FORTSETZEN · HALTEN · AKTIVER POSTEN	Y_IS_ARGUMENT_ATOM__NOT_THE_DY_CONTROL	ARGUMENT_VALUE_INSIDE_WRITTEN_CONTROL_ENVELOPE__NO_ROOT_OR_RECIPE_CHANGE	NONE
136	OLD26_GDT407	G407-E1735	G407-S144	f75r	BIOLOGICAL	oty	OT+Y	OT+Y	1	1	Y	Y	POSTEN	2	2	OT	END	OT>A<END	NEXT_CARRIER_ARGUMENT	Y	1	NONE	NONE	YES	DANACH · POSTEN	danach ARG als nächsten Träger eröffnen	danach den Posten als nächsten Träger eröffnen	NÄCHSTEN TRÄGER ERÖFFNEN → POSTEN	STATEMENT_INTERNAL	NO	DANACH · AKTIVER POSTEN	Y_IS_ARGUMENT_ATOM__NOT_THE_DY_CONTROL	ARGUMENT_VALUE_INSIDE_WRITTEN_CONTROL_ENVELOPE__NO_ROOT_OR_RECIPE_CHANGE	G559-F01
137	OLD26_GDT407	G407-E1769	G407-S160	f75r	BIOLOGICAL	yshedy	Y+SH+E+DY	Y+DY	1	1	Y	Y	POSTEN	1	4	START	DY	START>A<DY	CLOSING_ARGUMENT	Y+SH+E	1	NONE	SH+E	YES	POSTEN · ABSCHLIESSEN	ARG führen und den Schritt abschließen	den Posten führen und den Schritt abschließen	POSTEN → SCHRITT ABSCHLIESSEN	SINGLETON_STATEMENT	YES	AKTIVER POSTEN · HALTEN · GRAD I · SCHLUSS	Y_IS_ARGUMENT_ATOM__DY_IS_SEPARATE_CLOSE_CONTROL	ARGUMENT_VALUE_INSIDE_WRITTEN_CONTROL_ENVELOPE__NO_ROOT_OR_RECIPE_CHANGE	NONE
138	OLD26_GDT407	G407-E1773	G407-S164	f75r	BIOLOGICAL	otey	OT+E+Y	OT+Y	1	1	Y	Y	POSTEN	3	3	OT	END	OT>A<END	NEXT_CARRIER_ARGUMENT	E+Y	2	E	NONE	YES	DANACH · POSTEN	danach ARG als nächsten Träger eröffnen	danach den Posten als nächsten Träger eröffnen	NÄCHSTEN TRÄGER ERÖFFNEN → POSTEN	STATEMENT_INITIAL	NO	DANACH · GRAD I · AKTIVER POSTEN	Y_IS_ARGUMENT_ATOM__NOT_THE_DY_CONTROL	ARGUMENT_VALUE_INSIDE_WRITTEN_CONTROL_ENVELOPE__NO_ROOT_OR_RECIPE_CHANGE	G559-F03
139	OLD26_GDT407	G407-E1792	G407-S176	f75r	BIOLOGICAL	qoteey	OT+EE+Y	OT+Y	1	1	Y	Y	POSTEN	3	3	OT	END	OT>A<END	NEXT_CARRIER_ARGUMENT	EE+Y	2	EE	NONE	YES	DANACH · POSTEN	danach ARG als nächsten Träger eröffnen	danach den Posten als nächsten Träger eröffnen	NÄCHSTEN TRÄGER ERÖFFNEN → POSTEN	STATEMENT_INITIAL	NO	DANACH · GRAD II · AKTIVER POSTEN	Y_IS_ARGUMENT_ATOM__NOT_THE_DY_CONTROL	ARGUMENT_VALUE_INSIDE_WRITTEN_CONTROL_ENVELOPE__NO_ROOT_OR_RECIPE_CHANGE	G559-F06
140	OLD26_GDT407	G407-E1795	G407-S177	f75r	BIOLOGICAL	yshedy	Y+SH+E+DY	Y+DY	1	1	Y	Y	POSTEN	1	4	START	DY	START>A<DY	CLOSING_ARGUMENT	Y+SH+E	1	NONE	SH+E	YES	POSTEN · ABSCHLIESSEN	ARG führen und den Schritt abschließen	den Posten führen und den Schritt abschließen	POSTEN → SCHRITT ABSCHLIESSEN	STATEMENT_FINAL	YES	AKTIVER POSTEN · HALTEN · GRAD I · SCHLUSS	Y_IS_ARGUMENT_ATOM__DY_IS_SEPARATE_CLOSE_CONTROL	ARGUMENT_VALUE_INSIDE_WRITTEN_CONTROL_ENVELOPE__NO_ROOT_OR_RECIPE_CHANGE	NONE
141	OLD26_GDT407	G407-E1810	G407-S184	f75r	BIOLOGICAL	olaiin	OL+AIIN	OL+AIIN	1	1	AIIN	AIIN	WERT	2	2	OL	END	OL>A<END	CONTINUED_CARRIER_ARGUMENT	AIIN	1	NONE	NONE	YES	FORTSETZEN · WERT	weiter mit ARG als aktuellem Träger	weiter mit dem Wert als aktuellem Träger	TRÄGER FORTSETZEN → WERT	STATEMENT_INTERNAL	NO	FORTSETZEN · WERT	NOT_APPLICABLE	ARGUMENT_VALUE_INSIDE_WRITTEN_CONTROL_ENVELOPE__NO_ROOT_OR_RECIPE_CHANGE	G559-F02
142	OLD26_GDT407	G407-E1819	G407-S186	f75r	BIOLOGICAL	oty	OT+Y	OT+Y	1	1	Y	Y	POSTEN	2	2	OT	END	OT>A<END	NEXT_CARRIER_ARGUMENT	Y	1	NONE	NONE	YES	DANACH · POSTEN	danach ARG als nächsten Träger eröffnen	danach den Posten als nächsten Träger eröffnen	NÄCHSTEN TRÄGER ERÖFFNEN → POSTEN	STATEMENT_INTERNAL	NO	DANACH · AKTIVER POSTEN	Y_IS_ARGUMENT_ATOM__NOT_THE_DY_CONTROL	ARGUMENT_VALUE_INSIDE_WRITTEN_CONTROL_ENVELOPE__NO_ROOT_OR_RECIPE_CHANGE	G559-F01
143	OLD26_GDT407	G407-E1832	G407-S192	f75r	BIOLOGICAL	olor	OL+OR	OL+OR	1	1	OR	OR	EINHEIT	2	2	OL	END	OL>A<END	CONTINUED_CARRIER_ARGUMENT	OR	1	NONE	NONE	YES	FORTSETZEN · EINHEIT	weiter mit ARG als aktuellem Träger	weiter mit der Einheit als aktuellem Träger	TRÄGER FORTSETZEN → EINHEIT	STATEMENT_FINAL	YES	FORTSETZEN · EINHEIT	NOT_APPLICABLE	ARGUMENT_VALUE_INSIDE_WRITTEN_CONTROL_ENVELOPE__NO_ROOT_OR_RECIPE_CHANGE	G559-F02
144	OLD26_GDT407	G407-E1833	G407-S193	f76r	BIOLOGICAL	potchokor	P+OT+CH+OK+OR	OT+OR	1	1	OR	OR	EINHEIT	5	5	OT	END	OT>A<END	NEXT_CARRIER_ARGUMENT	CH+OK+OR	3	CH+OK	NONE	YES	DANACH · EINHEIT	danach ARG als nächsten Träger eröffnen	danach die Einheit als nächsten Träger eröffnen	NÄCHSTEN TRÄGER ERÖFFNEN → EINHEIT	STATEMENT_INITIAL	NO	EINSETZEN · DANACH · NEHMEN · SETZEN · EINHEIT	NOT_APPLICABLE	ARGUMENT_VALUE_INSIDE_WRITTEN_CONTROL_ENVELOPE__NO_ROOT_OR_RECIPE_CHANGE	NONE
145	OLD26_GDT407	G407-E1846	G407-S194	f76r	BIOLOGICAL	qotddyar	OT+D_ADDR+D_ADDR+Y+AR	OT+Y	1	1	Y	Y	POSTEN	4	5	OT	END	OT>A<END	NEXT_CARRIER_ARGUMENT	D_ADDR+D_ADDR+Y+AR	3	D_ADDR+D_ADDR	AR	YES	DANACH · POSTEN	danach ARG als nächsten Träger eröffnen	danach den Posten als nächsten Träger eröffnen	NÄCHSTEN TRÄGER ERÖFFNEN → POSTEN	STATEMENT_INITIAL	NO	DANACH · HIER · HIER · AKTIVER POSTEN · AUSGANG	Y_IS_ARGUMENT_ATOM__NOT_THE_DY_CONTROL	ARGUMENT_VALUE_INSIDE_WRITTEN_CONTROL_ENVELOPE__NO_ROOT_OR_RECIPE_CHANGE	NONE
146	OLD26_GDT407	G407-E1866	G407-S198	f76r	BIOLOGICAL	qoty	OT+Y	OT+Y	1	1	Y	Y	POSTEN	2	2	OT	END	OT>A<END	NEXT_CARRIER_ARGUMENT	Y	1	NONE	NONE	YES	DANACH · POSTEN	danach ARG als nächsten Träger eröffnen	danach den Posten als nächsten Träger eröffnen	NÄCHSTEN TRÄGER ERÖFFNEN → POSTEN	STATEMENT_INTERNAL	NO	DANACH · AKTIVER POSTEN	Y_IS_ARGUMENT_ATOM__NOT_THE_DY_CONTROL	ARGUMENT_VALUE_INSIDE_WRITTEN_CONTROL_ENVELOPE__NO_ROOT_OR_RECIPE_CHANGE	G559-F01
147	OLD26_GDT407	G407-E1876	G407-S200	f76r	BIOLOGICAL	otey	OT+E+Y	OT+Y	1	1	Y	Y	POSTEN	3	3	OT	END	OT>A<END	NEXT_CARRIER_ARGUMENT	E+Y	2	E	NONE	YES	DANACH · POSTEN	danach ARG als nächsten Träger eröffnen	danach den Posten als nächsten Träger eröffnen	NÄCHSTEN TRÄGER ERÖFFNEN → POSTEN	STATEMENT_INTERNAL	NO	DANACH · GRAD I · AKTIVER POSTEN	Y_IS_ARGUMENT_ATOM__NOT_THE_DY_CONTROL	ARGUMENT_VALUE_INSIDE_WRITTEN_CONTROL_ENVELOPE__NO_ROOT_OR_RECIPE_CHANGE	G559-F03
148	OLD26_GDT407	G407-E1883	G407-S203	f76r	BIOLOGICAL	solchedy	S+OL+CHD+Y	OL+Y	1	1	Y	Y	POSTEN	4	4	OL	END	OL>A<END	CONTINUED_CARRIER_ARGUMENT	CHD+Y	2	CHD	NONE	YES	FORTSETZEN · POSTEN	weiter mit ARG als aktuellem Träger	weiter mit dem Posten als aktuellem Träger	TRÄGER FORTSETZEN → POSTEN	STATEMENT_INTERNAL	NO	WÄHLEN · FORTSETZEN · UMSETZEN · AKTIVER POSTEN	Y_IS_ARGUMENT_ATOM__NOT_THE_DY_CONTROL	ARGUMENT_VALUE_INSIDE_WRITTEN_CONTROL_ENVELOPE__NO_ROOT_OR_RECIPE_CHANGE	NONE
149	OLD26_GDT407	G407-E1916	G407-S211	f76r	BIOLOGICAL	olkeey	OL+K+EE+Y	OL+Y	1	1	Y	Y	POSTEN	4	4	OL	END	OL>A<END	CONTINUED_CARRIER_ARGUMENT	K+EE+Y	3	K+EE	NONE	YES	FORTSETZEN · POSTEN	weiter mit ARG als aktuellem Träger	weiter mit dem Posten als aktuellem Träger	TRÄGER FORTSETZEN → POSTEN	STATEMENT_INTERNAL	NO	FORTSETZEN · GEBEN · GRAD II · AKTIVER POSTEN	Y_IS_ARGUMENT_ATOM__NOT_THE_DY_CONTROL	ARGUMENT_VALUE_INSIDE_WRITTEN_CONTROL_ENVELOPE__NO_ROOT_OR_RECIPE_CHANGE	NONE
150	OLD26_GDT407	G407-E1919	G407-S211	f76r	BIOLOGICAL	otchy	OT+CH+Y	OT+Y	1	1	Y	Y	POSTEN	3	3	OT	END	OT>A<END	NEXT_CARRIER_ARGUMENT	CH+Y	2	CH	NONE	YES	DANACH · POSTEN	danach ARG als nächsten Träger eröffnen	danach den Posten als nächsten Träger eröffnen	NÄCHSTEN TRÄGER ERÖFFNEN → POSTEN	STATEMENT_INTERNAL	NO	DANACH · NEHMEN · AKTIVER POSTEN	Y_IS_ARGUMENT_ATOM__NOT_THE_DY_CONTROL	ARGUMENT_VALUE_INSIDE_WRITTEN_CONTROL_ENVELOPE__NO_ROOT_OR_RECIPE_CHANGE	G559-F07
151	OLD26_GDT407	G407-E1935	G407-S214	f76r	BIOLOGICAL	oty	OT+Y	OT+Y	1	1	Y	Y	POSTEN	2	2	OT	END	OT>A<END	NEXT_CARRIER_ARGUMENT	Y	1	NONE	NONE	YES	DANACH · POSTEN	danach ARG als nächsten Träger eröffnen	danach den Posten als nächsten Träger eröffnen	NÄCHSTEN TRÄGER ERÖFFNEN → POSTEN	STATEMENT_INTERNAL	NO	DANACH · AKTIVER POSTEN	Y_IS_ARGUMENT_ATOM__NOT_THE_DY_CONTROL	ARGUMENT_VALUE_INSIDE_WRITTEN_CONTROL_ENVELOPE__NO_ROOT_OR_RECIPE_CHANGE	G559-F01
152	OLD26_GDT407	G407-E1957	G407-S219	f76r	BIOLOGICAL	otey	OT+E+Y	OT+Y	1	1	Y	Y	POSTEN	3	3	OT	END	OT>A<END	NEXT_CARRIER_ARGUMENT	E+Y	2	E	NONE	YES	DANACH · POSTEN	danach ARG als nächsten Träger eröffnen	danach den Posten als nächsten Träger eröffnen	NÄCHSTEN TRÄGER ERÖFFNEN → POSTEN	STATEMENT_INITIAL	NO	DANACH · GRAD I · AKTIVER POSTEN	Y_IS_ARGUMENT_ATOM__NOT_THE_DY_CONTROL	ARGUMENT_VALUE_INSIDE_WRITTEN_CONTROL_ENVELOPE__NO_ROOT_OR_RECIPE_CHANGE	G559-F03
153	OLD26_GDT407	G407-E1963	G407-S220	f76r	BIOLOGICAL	chorshedy	CH+OR+SH+E+DY	OR+DY	1	1	OR	OR	EINHEIT	2	5	START	DY	START>A<DY	CLOSING_ARGUMENT	CH+OR+SH+E	2	CH	SH+E	YES	EINHEIT · ABSCHLIESSEN	ARG führen und den Schritt abschließen	die Einheit führen und den Schritt abschließen	EINHEIT → SCHRITT ABSCHLIESSEN	SINGLETON_STATEMENT	YES	NEHMEN · EINHEIT · HALTEN · GRAD I · SCHLUSS	NOT_APPLICABLE	ARGUMENT_VALUE_INSIDE_WRITTEN_CONTROL_ENVELOPE__NO_ROOT_OR_RECIPE_CHANGE	NONE
154	OLD26_GDT407	G407-E1984	G407-S224	f76r	BIOLOGICAL	qotey	OT+E+Y	OT+Y	1	1	Y	Y	POSTEN	3	3	OT	END	OT>A<END	NEXT_CARRIER_ARGUMENT	E+Y	2	E	NONE	YES	DANACH · POSTEN	danach ARG als nächsten Träger eröffnen	danach den Posten als nächsten Träger eröffnen	NÄCHSTEN TRÄGER ERÖFFNEN → POSTEN	STATEMENT_INITIAL	NO	DANACH · GRAD I · AKTIVER POSTEN	Y_IS_ARGUMENT_ATOM__NOT_THE_DY_CONTROL	ARGUMENT_VALUE_INSIDE_WRITTEN_CONTROL_ENVELOPE__NO_ROOT_OR_RECIPE_CHANGE	G559-F03
155	OLD26_GDT407	G407-E1985	G407-S224	f76r	BIOLOGICAL	qotain	OT+AIN	OT+AIN	1	1	AIN	AIN	ANTEIL	2	2	OT	END	OT>A<END	NEXT_CARRIER_ARGUMENT	AIN	1	NONE	NONE	YES	DANACH · ANTEIL	danach ARG als nächsten Träger eröffnen	danach den Anteil als nächsten Träger eröffnen	NÄCHSTEN TRÄGER ERÖFFNEN → ANTEIL	STATEMENT_INTERNAL	NO	DANACH · ANTEIL	NOT_APPLICABLE	ARGUMENT_VALUE_INSIDE_WRITTEN_CONTROL_ENVELOPE__NO_ROOT_OR_RECIPE_CHANGE	G559-F01
156	OLD26_GDT407	G407-E2000	G407-S228	f76r	BIOLOGICAL	qolchey	OL+Y	OL+Y	1	1	Y	Y	POSTEN	2	2	OL	END	OL>A<END	CONTINUED_CARRIER_ARGUMENT	Y	1	NONE	NONE	YES	FORTSETZEN · POSTEN	weiter mit ARG als aktuellem Träger	weiter mit dem Posten als aktuellem Träger	TRÄGER FORTSETZEN → POSTEN	STATEMENT_INTERNAL	NO	FORTSETZEN · AKTIVER POSTEN	Y_IS_ARGUMENT_ATOM__NOT_THE_DY_CONTROL	ARGUMENT_VALUE_INSIDE_WRITTEN_CONTROL_ENVELOPE__NO_ROOT_OR_RECIPE_CHANGE	G559-F02
157	OLD26_GDT407	G407-E2015	G407-S235	f76r	BIOLOGICAL	qolchey	OL+Y	OL+Y	1	1	Y	Y	POSTEN	2	2	OL	END	OL>A<END	CONTINUED_CARRIER_ARGUMENT	Y	1	NONE	NONE	YES	FORTSETZEN · POSTEN	weiter mit ARG als aktuellem Träger	weiter mit dem Posten als aktuellem Träger	TRÄGER FORTSETZEN → POSTEN	STATEMENT_INTERNAL	NO	FORTSETZEN · AKTIVER POSTEN	Y_IS_ARGUMENT_ATOM__NOT_THE_DY_CONTROL	ARGUMENT_VALUE_INSIDE_WRITTEN_CONTROL_ENVELOPE__NO_ROOT_OR_RECIPE_CHANGE	G559-F02
158	OLD26_GDT407	G407-E2016	G407-S235	f76r	BIOLOGICAL	qotain	OT+AIN	OT+AIN	1	1	AIN	AIN	ANTEIL	2	2	OT	END	OT>A<END	NEXT_CARRIER_ARGUMENT	AIN	1	NONE	NONE	YES	DANACH · ANTEIL	danach ARG als nächsten Träger eröffnen	danach den Anteil als nächsten Träger eröffnen	NÄCHSTEN TRÄGER ERÖFFNEN → ANTEIL	STATEMENT_INTERNAL	NO	DANACH · ANTEIL	NOT_APPLICABLE	ARGUMENT_VALUE_INSIDE_WRITTEN_CONTROL_ENVELOPE__NO_ROOT_OR_RECIPE_CHANGE	G559-F01
159	OLD26_GDT407	G407-E2026	G407-S238	f76r	BIOLOGICAL	olain	OL+AIN	OL+AIN	1	1	AIN	AIN	ANTEIL	2	2	OL	END	OL>A<END	CONTINUED_CARRIER_ARGUMENT	AIN	1	NONE	NONE	YES	FORTSETZEN · ANTEIL	weiter mit ARG als aktuellem Träger	weiter mit dem Anteil als aktuellem Träger	TRÄGER FORTSETZEN → ANTEIL	STATEMENT_INTERNAL	NO	FORTSETZEN · ANTEIL	NOT_APPLICABLE	ARGUMENT_VALUE_INSIDE_WRITTEN_CONTROL_ENVELOPE__NO_ROOT_OR_RECIPE_CHANGE	G559-F02
160	OLD26_GDT407	G407-E2029	G407-S239	f76r	BIOLOGICAL	qotaly	OT+AL+Y	OT+Y	1	1	Y	Y	POSTEN	3	3	OT	END	OT>A<END	NEXT_CARRIER_ARGUMENT	AL+Y	2	AL	NONE	YES	DANACH · POSTEN	danach ARG als nächsten Träger eröffnen	danach den Posten als nächsten Träger eröffnen	NÄCHSTEN TRÄGER ERÖFFNEN → POSTEN	STATEMENT_INITIAL	NO	DANACH · ZIELORT · AKTIVER POSTEN	Y_IS_ARGUMENT_ATOM__NOT_THE_DY_CONTROL	ARGUMENT_VALUE_INSIDE_WRITTEN_CONTROL_ENVELOPE__NO_ROOT_OR_RECIPE_CHANGE	G559-F05
161	OLD26_GDT407	G407-E2040	G407-S243	f76r	BIOLOGICAL	olchy	OL+CH+Y	OL+Y	1	1	Y	Y	POSTEN	3	3	OL	END	OL>A<END	CONTINUED_CARRIER_ARGUMENT	CH+Y	2	CH	NONE	YES	FORTSETZEN · POSTEN	weiter mit ARG als aktuellem Träger	weiter mit dem Posten als aktuellem Träger	TRÄGER FORTSETZEN → POSTEN	STATEMENT_INTERNAL	NO	FORTSETZEN · NEHMEN · AKTIVER POSTEN	Y_IS_ARGUMENT_ATOM__NOT_THE_DY_CONTROL	ARGUMENT_VALUE_INSIDE_WRITTEN_CONTROL_ENVELOPE__NO_ROOT_OR_RECIPE_CHANGE	NONE
162	OLD26_GDT407	G407-E2044	G407-S244	f76r	BIOLOGICAL	olaiin	OL+AIIN	OL+AIIN	1	1	AIIN	AIIN	WERT	2	2	OL	END	OL>A<END	CONTINUED_CARRIER_ARGUMENT	AIIN	1	NONE	NONE	YES	FORTSETZEN · WERT	weiter mit ARG als aktuellem Träger	weiter mit dem Wert als aktuellem Träger	TRÄGER FORTSETZEN → WERT	STATEMENT_INITIAL	NO	FORTSETZEN · WERT	NOT_APPLICABLE	ARGUMENT_VALUE_INSIDE_WRITTEN_CONTROL_ENVELOPE__NO_ROOT_OR_RECIPE_CHANGE	G559-F02
163	OLD26_GDT407	G407-E2053	G407-S246	f76r	BIOLOGICAL	alolor	OL+OR	OL+OR	1	1	OR	OR	EINHEIT	2	2	OL	END	OL>A<END	CONTINUED_CARRIER_ARGUMENT	OR	1	NONE	NONE	YES	FORTSETZEN · EINHEIT	weiter mit ARG als aktuellem Träger	weiter mit der Einheit als aktuellem Träger	TRÄGER FORTSETZEN → EINHEIT	STATEMENT_INTERNAL	NO	FORTSETZEN · EINHEIT	NOT_APPLICABLE	ARGUMENT_VALUE_INSIDE_WRITTEN_CONTROL_ENVELOPE__NO_ROOT_OR_RECIPE_CHANGE	G559-F02
164	OLD26_GDT407	G407-E2054	G407-S246	f76r	BIOLOGICAL	olain	OL+AIN	OL+AIN	1	1	AIN	AIN	ANTEIL	2	2	OL	END	OL>A<END	CONTINUED_CARRIER_ARGUMENT	AIN	1	NONE	NONE	YES	FORTSETZEN · ANTEIL	weiter mit ARG als aktuellem Träger	weiter mit dem Anteil als aktuellem Träger	TRÄGER FORTSETZEN → ANTEIL	STATEMENT_INTERNAL	NO	FORTSETZEN · ANTEIL	NOT_APPLICABLE	ARGUMENT_VALUE_INSIDE_WRITTEN_CONTROL_ENVELOPE__NO_ROOT_OR_RECIPE_CHANGE	G559-F02
165	OLD26_GDT407	G407-E2077	G407-S249	f76r	BIOLOGICAL	qolain	OL+AIN	OL+AIN	1	1	AIN	AIN	ANTEIL	2	2	OL	END	OL>A<END	CONTINUED_CARRIER_ARGUMENT	AIN	1	NONE	NONE	YES	FORTSETZEN · ANTEIL	weiter mit ARG als aktuellem Träger	weiter mit dem Anteil als aktuellem Träger	TRÄGER FORTSETZEN → ANTEIL	STATEMENT_INITIAL	NO	FORTSETZEN · ANTEIL	NOT_APPLICABLE	ARGUMENT_VALUE_INSIDE_WRITTEN_CONTROL_ENVELOPE__NO_ROOT_OR_RECIPE_CHANGE	G559-F02
166	OLD26_GDT407	G407-E2085	G407-S249	f76r	BIOLOGICAL	oly	OL+Y	OL+Y	1	1	Y	Y	POSTEN	2	2	OL	END	OL>A<END	CONTINUED_CARRIER_ARGUMENT	Y	1	NONE	NONE	YES	FORTSETZEN · POSTEN	weiter mit ARG als aktuellem Träger	weiter mit dem Posten als aktuellem Träger	TRÄGER FORTSETZEN → POSTEN	STATEMENT_INTERNAL	NO	FORTSETZEN · AKTIVER POSTEN	Y_IS_ARGUMENT_ATOM__NOT_THE_DY_CONTROL	ARGUMENT_VALUE_INSIDE_WRITTEN_CONTROL_ENVELOPE__NO_ROOT_OR_RECIPE_CHANGE	G559-F02
167	OLD26_GDT407	G407-E2115	G407-S253	f76r	BIOLOGICAL	cheolchey	CH+E+OL+CH+E+Y	OL+Y	1	1	Y	Y	POSTEN	6	6	OL	END	OL>A<END	CONTINUED_CARRIER_ARGUMENT	CH+E+Y	3	CH+E	NONE	YES	FORTSETZEN · POSTEN	weiter mit ARG als aktuellem Träger	weiter mit dem Posten als aktuellem Träger	TRÄGER FORTSETZEN → POSTEN	STATEMENT_INTERNAL	NO	NEHMEN · GRAD I · FORTSETZEN · NEHMEN · GRAD I · AKTIVER POSTEN	Y_IS_ARGUMENT_ATOM__NOT_THE_DY_CONTROL	ARGUMENT_VALUE_INSIDE_WRITTEN_CONTROL_ENVELOPE__NO_ROOT_OR_RECIPE_CHANGE	NONE
168	OLD26_GDT407	G407-E2123	G407-S253	f76r	BIOLOGICAL	olky	OL+K+Y	OL+Y	1	1	Y	Y	POSTEN	3	3	OL	END	OL>A<END	CONTINUED_CARRIER_ARGUMENT	K+Y	2	K	NONE	YES	FORTSETZEN · POSTEN	weiter mit ARG als aktuellem Träger	weiter mit dem Posten als aktuellem Träger	TRÄGER FORTSETZEN → POSTEN	STATEMENT_INTERNAL	NO	FORTSETZEN · GEBEN · AKTIVER POSTEN	Y_IS_ARGUMENT_ATOM__NOT_THE_DY_CONTROL	ARGUMENT_VALUE_INSIDE_WRITTEN_CONTROL_ENVELOPE__NO_ROOT_OR_RECIPE_CHANGE	G559-F04
169	OLD26_GDT407	G407-E2163	G407-S262	f76r	BIOLOGICAL	ollchy	OL+L+CH+Y	OL+Y	1	1	Y	Y	POSTEN	4	4	OL	END	OL>A<END	CONTINUED_CARRIER_ARGUMENT	L+CH+Y	3	L+CH	NONE	YES	FORTSETZEN · POSTEN	weiter mit ARG als aktuellem Träger	weiter mit dem Posten als aktuellem Träger	TRÄGER FORTSETZEN → POSTEN	STATEMENT_INITIAL	NO	FORTSETZEN · VERBINDUNG · NEHMEN · AKTIVER POSTEN	Y_IS_ARGUMENT_ATOM__NOT_THE_DY_CONTROL	ARGUMENT_VALUE_INSIDE_WRITTEN_CONTROL_ENVELOPE__NO_ROOT_OR_RECIPE_CHANGE	NONE
170	OLD26_GDT407	G407-E2167	G407-S262	f76r	BIOLOGICAL	oly	OL+Y	OL+Y	1	1	Y	Y	POSTEN	2	2	OL	END	OL>A<END	CONTINUED_CARRIER_ARGUMENT	Y	1	NONE	NONE	YES	FORTSETZEN · POSTEN	weiter mit ARG als aktuellem Träger	weiter mit dem Posten als aktuellem Träger	TRÄGER FORTSETZEN → POSTEN	STATEMENT_INTERNAL	NO	FORTSETZEN · AKTIVER POSTEN	Y_IS_ARGUMENT_ATOM__NOT_THE_DY_CONTROL	ARGUMENT_VALUE_INSIDE_WRITTEN_CONTROL_ENVELOPE__NO_ROOT_OR_RECIPE_CHANGE	G559-F02
171	OLD26_GDT407	G407-E2194	G407-S264	f76r	BIOLOGICAL	oly	OL+Y	OL+Y	1	1	Y	Y	POSTEN	2	2	OL	END	OL>A<END	CONTINUED_CARRIER_ARGUMENT	Y	1	NONE	NONE	YES	FORTSETZEN · POSTEN	weiter mit ARG als aktuellem Träger	weiter mit dem Posten als aktuellem Träger	TRÄGER FORTSETZEN → POSTEN	STATEMENT_FINAL	YES	FORTSETZEN · AKTIVER POSTEN	Y_IS_ARGUMENT_ATOM__NOT_THE_DY_CONTROL	ARGUMENT_VALUE_INSIDE_WRITTEN_CONTROL_ENVELOPE__NO_ROOT_OR_RECIPE_CHANGE	G559-F02
172	OLD26_GDT407	G407-E2195	G407-S265	f76r	BIOLOGICAL	oteey	OT+EE+Y	OT+Y	1	1	Y	Y	POSTEN	3	3	OT	END	OT>A<END	NEXT_CARRIER_ARGUMENT	EE+Y	2	EE	NONE	YES	DANACH · POSTEN	danach ARG als nächsten Träger eröffnen	danach den Posten als nächsten Träger eröffnen	NÄCHSTEN TRÄGER ERÖFFNEN → POSTEN	STATEMENT_INITIAL	NO	DANACH · GRAD II · AKTIVER POSTEN	Y_IS_ARGUMENT_ATOM__NOT_THE_DY_CONTROL	ARGUMENT_VALUE_INSIDE_WRITTEN_CONTROL_ENVELOPE__NO_ROOT_OR_RECIPE_CHANGE	G559-F06
173	OLD26_GDT407	G407-E2207	G407-S270	f76r	BIOLOGICAL	oty	OT+Y	OT+Y	1	1	Y	Y	POSTEN	2	2	OT	END	OT>A<END	NEXT_CARRIER_ARGUMENT	Y	1	NONE	NONE	YES	DANACH · POSTEN	danach ARG als nächsten Träger eröffnen	danach den Posten als nächsten Träger eröffnen	NÄCHSTEN TRÄGER ERÖFFNEN → POSTEN	STATEMENT_INITIAL	NO	DANACH · AKTIVER POSTEN	Y_IS_ARGUMENT_ATOM__NOT_THE_DY_CONTROL	ARGUMENT_VALUE_INSIDE_WRITTEN_CONTROL_ENVELOPE__NO_ROOT_OR_RECIPE_CHANGE	G559-F01
174	OLD26_GDT407	G407-E2211	G407-S271	f76r	BIOLOGICAL	qolchey	OL+Y	OL+Y	1	1	Y	Y	POSTEN	2	2	OL	END	OL>A<END	CONTINUED_CARRIER_ARGUMENT	Y	1	NONE	NONE	YES	FORTSETZEN · POSTEN	weiter mit ARG als aktuellem Träger	weiter mit dem Posten als aktuellem Träger	TRÄGER FORTSETZEN → POSTEN	STATEMENT_INTERNAL	NO	FORTSETZEN · AKTIVER POSTEN	Y_IS_ARGUMENT_ATOM__NOT_THE_DY_CONTROL	ARGUMENT_VALUE_INSIDE_WRITTEN_CONTROL_ENVELOPE__NO_ROOT_OR_RECIPE_CHANGE	G559-F02
175	OLD26_GDT407	G407-E2221	G407-S272	f76r	BIOLOGICAL	oty	OT+Y	OT+Y	1	1	Y	Y	POSTEN	2	2	OT	END	OT>A<END	NEXT_CARRIER_ARGUMENT	Y	1	NONE	NONE	YES	DANACH · POSTEN	danach ARG als nächsten Träger eröffnen	danach den Posten als nächsten Träger eröffnen	NÄCHSTEN TRÄGER ERÖFFNEN → POSTEN	STATEMENT_INTERNAL	NO	DANACH · AKTIVER POSTEN	Y_IS_ARGUMENT_ATOM__NOT_THE_DY_CONTROL	ARGUMENT_VALUE_INSIDE_WRITTEN_CONTROL_ENVELOPE__NO_ROOT_OR_RECIPE_CHANGE	G559-F01
176	OLD26_GDT407	G407-E2243	G407-S277	f76r	BIOLOGICAL	qolain	OL+AIN	OL+AIN	1	1	AIN	AIN	ANTEIL	2	2	OL	END	OL>A<END	CONTINUED_CARRIER_ARGUMENT	AIN	1	NONE	NONE	YES	FORTSETZEN · ANTEIL	weiter mit ARG als aktuellem Träger	weiter mit dem Anteil als aktuellem Träger	TRÄGER FORTSETZEN → ANTEIL	STATEMENT_INITIAL	NO	FORTSETZEN · ANTEIL	NOT_APPLICABLE	ARGUMENT_VALUE_INSIDE_WRITTEN_CONTROL_ENVELOPE__NO_ROOT_OR_RECIPE_CHANGE	G559-F02
177	OLD26_GDT407	G407-E2255	G407-S278	f76r	BIOLOGICAL	oly	OL+Y	OL+Y	1	1	Y	Y	POSTEN	2	2	OL	END	OL>A<END	CONTINUED_CARRIER_ARGUMENT	Y	1	NONE	NONE	YES	FORTSETZEN · POSTEN	weiter mit ARG als aktuellem Träger	weiter mit dem Posten als aktuellem Träger	TRÄGER FORTSETZEN → POSTEN	STATEMENT_INTERNAL	NO	FORTSETZEN · AKTIVER POSTEN	Y_IS_ARGUMENT_ATOM__NOT_THE_DY_CONTROL	ARGUMENT_VALUE_INSIDE_WRITTEN_CONTROL_ENVELOPE__NO_ROOT_OR_RECIPE_CHANGE	G559-F02
178	OLD26_GDT407	G407-E2261	G407-S279	f76r	BIOLOGICAL	qoty	OT+Y	OT+Y	1	1	Y	Y	POSTEN	2	2	OT	END	OT>A<END	NEXT_CARRIER_ARGUMENT	Y	1	NONE	NONE	YES	DANACH · POSTEN	danach ARG als nächsten Träger eröffnen	danach den Posten als nächsten Träger eröffnen	NÄCHSTEN TRÄGER ERÖFFNEN → POSTEN	STATEMENT_INTERNAL	NO	DANACH · AKTIVER POSTEN	Y_IS_ARGUMENT_ATOM__NOT_THE_DY_CONTROL	ARGUMENT_VALUE_INSIDE_WRITTEN_CONTROL_ENVELOPE__NO_ROOT_OR_RECIPE_CHANGE	G559-F01
179	OLD26_GDT407	G407-E2267	G407-S280	f76r	BIOLOGICAL	otain	OT+AIN	OT+AIN	1	1	AIN	AIN	ANTEIL	2	2	OT	END	OT>A<END	NEXT_CARRIER_ARGUMENT	AIN	1	NONE	NONE	YES	DANACH · ANTEIL	danach ARG als nächsten Träger eröffnen	danach den Anteil als nächsten Träger eröffnen	NÄCHSTEN TRÄGER ERÖFFNEN → ANTEIL	STATEMENT_INITIAL	NO	DANACH · ANTEIL	NOT_APPLICABLE	ARGUMENT_VALUE_INSIDE_WRITTEN_CONTROL_ENVELOPE__NO_ROOT_OR_RECIPE_CHANGE	G559-F01
180	OLD26_GDT407	G407-E2270	G407-S280	f76r	BIOLOGICAL	kolpy	K+OL+P+Y	OL+Y	1	1	Y	Y	POSTEN	4	4	OL	END	OL>A<END	CONTINUED_CARRIER_ARGUMENT	P+Y	2	P	NONE	YES	FORTSETZEN · POSTEN	weiter mit ARG als aktuellem Träger	weiter mit dem Posten als aktuellem Träger	TRÄGER FORTSETZEN → POSTEN	STATEMENT_FINAL	YES	GEBEN · FORTSETZEN · EINSETZEN · AKTIVER POSTEN	Y_IS_ARGUMENT_ATOM__NOT_THE_DY_CONTROL	ARGUMENT_VALUE_INSIDE_WRITTEN_CONTROL_ENVELOPE__NO_ROOT_OR_RECIPE_CHANGE	NONE
181	OLD26_GDT407	G407-E2293	G407-S287	f76r	BIOLOGICAL	otarain	OT+AIN	OT+AIN	1	1	AIN	AIN	ANTEIL	2	2	OT	END	OT>A<END	NEXT_CARRIER_ARGUMENT	AIN	1	NONE	NONE	YES	DANACH · ANTEIL	danach ARG als nächsten Träger eröffnen	danach den Anteil als nächsten Träger eröffnen	NÄCHSTEN TRÄGER ERÖFFNEN → ANTEIL	STATEMENT_INTERNAL	NO	DANACH · ANTEIL	NOT_APPLICABLE	ARGUMENT_VALUE_INSIDE_WRITTEN_CONTROL_ENVELOPE__NO_ROOT_OR_RECIPE_CHANGE	G559-F01
182	OLD26_GDT407	G407-E2303	G407-S288	f76r	BIOLOGICAL	olain	OL+AIN	OL+AIN	1	1	AIN	AIN	ANTEIL	2	2	OL	END	OL>A<END	CONTINUED_CARRIER_ARGUMENT	AIN	1	NONE	NONE	YES	FORTSETZEN · ANTEIL	weiter mit ARG als aktuellem Träger	weiter mit dem Anteil als aktuellem Träger	TRÄGER FORTSETZEN → ANTEIL	STATEMENT_INITIAL	NO	FORTSETZEN · ANTEIL	NOT_APPLICABLE	ARGUMENT_VALUE_INSIDE_WRITTEN_CONTROL_ENVELOPE__NO_ROOT_OR_RECIPE_CHANGE	G559-F02
183	OLD26_GDT407	G407-E2316	G407-S290	f76r	BIOLOGICAL	olaiin	OL+AIIN	OL+AIIN	1	1	AIIN	AIIN	WERT	2	2	OL	END	OL>A<END	CONTINUED_CARRIER_ARGUMENT	AIIN	1	NONE	NONE	YES	FORTSETZEN · WERT	weiter mit ARG als aktuellem Träger	weiter mit dem Wert als aktuellem Träger	TRÄGER FORTSETZEN → WERT	STATEMENT_INTERNAL	NO	FORTSETZEN · WERT	NOT_APPLICABLE	ARGUMENT_VALUE_INSIDE_WRITTEN_CONTROL_ENVELOPE__NO_ROOT_OR_RECIPE_CHANGE	G559-F02
184	OLD26_GDT407	G407-E2354	G407-S301	f76r	BIOLOGICAL	otain	OT+AIN	OT+AIN	1	1	AIN	AIN	ANTEIL	2	2	OT	END	OT>A<END	NEXT_CARRIER_ARGUMENT	AIN	1	NONE	NONE	YES	DANACH · ANTEIL	danach ARG als nächsten Träger eröffnen	danach den Anteil als nächsten Träger eröffnen	NÄCHSTEN TRÄGER ERÖFFNEN → ANTEIL	STATEMENT_INITIAL	NO	DANACH · ANTEIL	NOT_APPLICABLE	ARGUMENT_VALUE_INSIDE_WRITTEN_CONTROL_ENVELOPE__NO_ROOT_OR_RECIPE_CHANGE	G559-F01
185	OLD26_GDT407	G407-E2369	G407-S305	f76r	BIOLOGICAL	qolaiin	OL+AIIN	OL+AIIN	1	1	AIIN	AIIN	WERT	2	2	OL	END	OL>A<END	CONTINUED_CARRIER_ARGUMENT	AIIN	1	NONE	NONE	YES	FORTSETZEN · WERT	weiter mit ARG als aktuellem Träger	weiter mit dem Wert als aktuellem Träger	TRÄGER FORTSETZEN → WERT	STATEMENT_INTERNAL	NO	FORTSETZEN · WERT	NOT_APPLICABLE	ARGUMENT_VALUE_INSIDE_WRITTEN_CONTROL_ENVELOPE__NO_ROOT_OR_RECIPE_CHANGE	G559-F02
186	OLD26_GDT407	G407-E2374	G407-S307	f76r	BIOLOGICAL	choly	OL+Y	OL+Y	1	1	Y	Y	POSTEN	2	2	OL	END	OL>A<END	CONTINUED_CARRIER_ARGUMENT	Y	1	NONE	NONE	YES	FORTSETZEN · POSTEN	weiter mit ARG als aktuellem Träger	weiter mit dem Posten als aktuellem Träger	TRÄGER FORTSETZEN → POSTEN	STATEMENT_INITIAL	NO	FORTSETZEN · AKTIVER POSTEN	Y_IS_ARGUMENT_ATOM__NOT_THE_DY_CONTROL	ARGUMENT_VALUE_INSIDE_WRITTEN_CONTROL_ENVELOPE__NO_ROOT_OR_RECIPE_CHANGE	G559-F02
187	OLD26_GDT407	G407-E2382	G407-S307	f76r	BIOLOGICAL	solshey	OL+SH+E+Y	OL+Y	1	1	Y	Y	POSTEN	4	4	OL	END	OL>A<END	CONTINUED_CARRIER_ARGUMENT	SH+E+Y	3	SH+E	NONE	YES	FORTSETZEN · POSTEN	weiter mit ARG als aktuellem Träger	weiter mit dem Posten als aktuellem Träger	TRÄGER FORTSETZEN → POSTEN	STATEMENT_FINAL	YES	FORTSETZEN · HALTEN · GRAD I · AKTIVER POSTEN	Y_IS_ARGUMENT_ATOM__NOT_THE_DY_CONTROL	ARGUMENT_VALUE_INSIDE_WRITTEN_CONTROL_ENVELOPE__NO_ROOT_OR_RECIPE_CHANGE	G559-F08
188	OLD26_GDT407	G407-E2401	G407-S312	f77r	BIOLOGICAL	loly	L+OL+Y	OL+Y	1	1	Y	Y	POSTEN	3	3	OL	END	OL>A<END	CONTINUED_CARRIER_ARGUMENT	Y	1	NONE	NONE	YES	FORTSETZEN · POSTEN	weiter mit ARG als aktuellem Träger	weiter mit dem Posten als aktuellem Träger	TRÄGER FORTSETZEN → POSTEN	STATEMENT_INITIAL	NO	VERBINDUNG · FORTSETZEN · AKTIVER POSTEN	Y_IS_ARGUMENT_ATOM__NOT_THE_DY_CONTROL	ARGUMENT_VALUE_INSIDE_WRITTEN_CONTROL_ENVELOPE__NO_ROOT_OR_RECIPE_CHANGE	NONE
189	OLD26_GDT407	G407-E2405	G407-S312	f77r	BIOLOGICAL	qotaiin	OT+AIIN	OT+AIIN	1	1	AIIN	AIIN	WERT	2	2	OT	END	OT>A<END	NEXT_CARRIER_ARGUMENT	AIIN	1	NONE	NONE	YES	DANACH · WERT	danach ARG als nächsten Träger eröffnen	danach den Wert als nächsten Träger eröffnen	NÄCHSTEN TRÄGER ERÖFFNEN → WERT	STATEMENT_INTERNAL	NO	DANACH · WERT	NOT_APPLICABLE	ARGUMENT_VALUE_INSIDE_WRITTEN_CONTROL_ENVELOPE__NO_ROOT_OR_RECIPE_CHANGE	G559-F01
190	OLD26_GDT407	G407-E2458	G407-S334	f77r	BIOLOGICAL	qotaiin	OT+AIIN	OT+AIIN	1	1	AIIN	AIIN	WERT	2	2	OT	END	OT>A<END	NEXT_CARRIER_ARGUMENT	AIIN	1	NONE	NONE	YES	DANACH · WERT	danach ARG als nächsten Träger eröffnen	danach den Wert als nächsten Träger eröffnen	NÄCHSTEN TRÄGER ERÖFFNEN → WERT	STATEMENT_INITIAL	NO	DANACH · WERT	NOT_APPLICABLE	ARGUMENT_VALUE_INSIDE_WRITTEN_CONTROL_ENVELOPE__NO_ROOT_OR_RECIPE_CHANGE	G559-F01
191	OLD26_GDT407	G407-E2484	G407-S342	f77r	BIOLOGICAL	qotaiin	OT+AIIN	OT+AIIN	1	1	AIIN	AIIN	WERT	2	2	OT	END	OT>A<END	NEXT_CARRIER_ARGUMENT	AIIN	1	NONE	NONE	YES	DANACH · WERT	danach ARG als nächsten Träger eröffnen	danach den Wert als nächsten Träger eröffnen	NÄCHSTEN TRÄGER ERÖFFNEN → WERT	STATEMENT_INTERNAL	NO	DANACH · WERT	NOT_APPLICABLE	ARGUMENT_VALUE_INSIDE_WRITTEN_CONTROL_ENVELOPE__NO_ROOT_OR_RECIPE_CHANGE	G559-F01
192	OLD26_GDT407	G407-E2494	G407-S345	f77r	BIOLOGICAL	qotain	OT+AIN	OT+AIN	1	1	AIN	AIN	ANTEIL	2	2	OT	END	OT>A<END	NEXT_CARRIER_ARGUMENT	AIN	1	NONE	NONE	YES	DANACH · ANTEIL	danach ARG als nächsten Träger eröffnen	danach den Anteil als nächsten Träger eröffnen	NÄCHSTEN TRÄGER ERÖFFNEN → ANTEIL	STATEMENT_INTERNAL	NO	DANACH · ANTEIL	NOT_APPLICABLE	ARGUMENT_VALUE_INSIDE_WRITTEN_CONTROL_ENVELOPE__NO_ROOT_OR_RECIPE_CHANGE	G559-F01
193	OLD26_GDT407	G407-E2497	G407-S346	f77r	BIOLOGICAL	qoteey	OT+EE+Y	OT+Y	1	1	Y	Y	POSTEN	3	3	OT	END	OT>A<END	NEXT_CARRIER_ARGUMENT	EE+Y	2	EE	NONE	YES	DANACH · POSTEN	danach ARG als nächsten Träger eröffnen	danach den Posten als nächsten Träger eröffnen	NÄCHSTEN TRÄGER ERÖFFNEN → POSTEN	STATEMENT_INITIAL	NO	DANACH · GRAD II · AKTIVER POSTEN	Y_IS_ARGUMENT_ATOM__NOT_THE_DY_CONTROL	ARGUMENT_VALUE_INSIDE_WRITTEN_CONTROL_ENVELOPE__NO_ROOT_OR_RECIPE_CHANGE	G559-F06
194	OLD26_GDT407	G407-E2509	G407-S351	f77r	BIOLOGICAL	olaiiny	OL+AIIN+Y	OL+AIIN+Y	1	2	AIIN+Y	AIIN	WERT	2	3	OL	END	OL>A<END	CONTINUED_CARRIER_ARGUMENT	AIIN+Y	1	NONE	Y	NO	FORTSETZEN · WERT	weiter mit ARG als aktuellem Träger	weiter mit dem Wert als aktuellem Träger	TRÄGER FORTSETZEN → WERT → POSTEN	STATEMENT_INTERNAL	NO	FORTSETZEN · WERT · AKTIVER POSTEN	NOT_APPLICABLE	ARGUMENT_VALUE_INSIDE_WRITTEN_CONTROL_ENVELOPE__NO_ROOT_OR_RECIPE_CHANGE	NONE
195	OLD26_GDT407	G407-E2509	G407-S351	f77r	BIOLOGICAL	olaiiny	OL+AIIN+Y	OL+AIIN+Y	2	2	AIIN+Y	Y	POSTEN	3	3	OL	END	OL>A<END	CONTINUED_CARRIER_ARGUMENT	AIIN+Y	2	AIIN	NONE	YES	FORTSETZEN · POSTEN	weiter mit ARG als aktuellem Träger	weiter mit dem Posten als aktuellem Träger	TRÄGER FORTSETZEN → WERT → POSTEN	STATEMENT_INTERNAL	NO	FORTSETZEN · WERT · AKTIVER POSTEN	Y_IS_ARGUMENT_ATOM__NOT_THE_DY_CONTROL	ARGUMENT_VALUE_INSIDE_WRITTEN_CONTROL_ENVELOPE__NO_ROOT_OR_RECIPE_CHANGE	NONE
196	OLD26_GDT407	G407-E2534	G407-S357	f77r	BIOLOGICAL	qolchy	OL+CH+Y	OL+Y	1	1	Y	Y	POSTEN	3	3	OL	END	OL>A<END	CONTINUED_CARRIER_ARGUMENT	CH+Y	2	CH	NONE	YES	FORTSETZEN · POSTEN	weiter mit ARG als aktuellem Träger	weiter mit dem Posten als aktuellem Träger	TRÄGER FORTSETZEN → POSTEN	STATEMENT_INTERNAL	NO	FORTSETZEN · NEHMEN · AKTIVER POSTEN	Y_IS_ARGUMENT_ATOM__NOT_THE_DY_CONTROL	ARGUMENT_VALUE_INSIDE_WRITTEN_CONTROL_ENVELOPE__NO_ROOT_OR_RECIPE_CHANGE	NONE
197	OLD26_GDT407	G407-E2549	G407-S362	f77r	BIOLOGICAL	solchedy	S+OL+CHD+Y	OL+Y	1	1	Y	Y	POSTEN	4	4	OL	END	OL>A<END	CONTINUED_CARRIER_ARGUMENT	CHD+Y	2	CHD	NONE	YES	FORTSETZEN · POSTEN	weiter mit ARG als aktuellem Träger	weiter mit dem Posten als aktuellem Träger	TRÄGER FORTSETZEN → POSTEN	STATEMENT_INTERNAL	NO	WÄHLEN · FORTSETZEN · UMSETZEN · AKTIVER POSTEN	Y_IS_ARGUMENT_ATOM__NOT_THE_DY_CONTROL	ARGUMENT_VALUE_INSIDE_WRITTEN_CONTROL_ENVELOPE__NO_ROOT_OR_RECIPE_CHANGE	NONE
198	OLD26_GDT407	G407-E2555	G407-S365	f77r	BIOLOGICAL	olchey	OL+Y	OL+Y	1	1	Y	Y	POSTEN	2	2	OL	END	OL>A<END	CONTINUED_CARRIER_ARGUMENT	Y	1	NONE	NONE	YES	FORTSETZEN · POSTEN	weiter mit ARG als aktuellem Träger	weiter mit dem Posten als aktuellem Träger	TRÄGER FORTSETZEN → POSTEN	STATEMENT_INITIAL	NO	FORTSETZEN · AKTIVER POSTEN	Y_IS_ARGUMENT_ATOM__NOT_THE_DY_CONTROL	ARGUMENT_VALUE_INSIDE_WRITTEN_CONTROL_ENVELOPE__NO_ROOT_OR_RECIPE_CHANGE	G559-F02
199	OLD26_GDT407	G407-E2556	G407-S365	f77r	BIOLOGICAL	qotey	OT+E+Y	OT+Y	1	1	Y	Y	POSTEN	3	3	OT	END	OT>A<END	NEXT_CARRIER_ARGUMENT	E+Y	2	E	NONE	YES	DANACH · POSTEN	danach ARG als nächsten Träger eröffnen	danach den Posten als nächsten Träger eröffnen	NÄCHSTEN TRÄGER ERÖFFNEN → POSTEN	STATEMENT_INTERNAL	NO	DANACH · GRAD I · AKTIVER POSTEN	Y_IS_ARGUMENT_ATOM__NOT_THE_DY_CONTROL	ARGUMENT_VALUE_INSIDE_WRITTEN_CONTROL_ENVELOPE__NO_ROOT_OR_RECIPE_CHANGE	G559-F03
200	OLD26_GDT407	G407-E2570	G407-S368	f77r	BIOLOGICAL	qolkain	OL+K+AIN	OL+AIN	1	1	AIN	AIN	ANTEIL	3	3	OL	END	OL>A<END	CONTINUED_CARRIER_ARGUMENT	K+AIN	2	K	NONE	YES	FORTSETZEN · ANTEIL	weiter mit ARG als aktuellem Träger	weiter mit dem Anteil als aktuellem Träger	TRÄGER FORTSETZEN → ANTEIL	STATEMENT_INTERNAL	NO	FORTSETZEN · GEBEN · ANTEIL	NOT_APPLICABLE	ARGUMENT_VALUE_INSIDE_WRITTEN_CONTROL_ENVELOPE__NO_ROOT_OR_RECIPE_CHANGE	G559-F04
201	OLD26_GDT407	G407-E2578	G407-S370	f77r	BIOLOGICAL	qotary	OT+AR+Y	OT+Y	1	1	Y	Y	POSTEN	3	3	OT	END	OT>A<END	NEXT_CARRIER_ARGUMENT	AR+Y	2	AR	NONE	YES	DANACH · POSTEN	danach ARG als nächsten Träger eröffnen	danach den Posten als nächsten Träger eröffnen	NÄCHSTEN TRÄGER ERÖFFNEN → POSTEN	STATEMENT_INITIAL	NO	DANACH · AUSGANG · AKTIVER POSTEN	Y_IS_ARGUMENT_ATOM__NOT_THE_DY_CONTROL	ARGUMENT_VALUE_INSIDE_WRITTEN_CONTROL_ENVELOPE__NO_ROOT_OR_RECIPE_CHANGE	NONE
202	OLD26_GDT407	G407-E2604	G407-S374	f77r	BIOLOGICAL	solkeey	OL+K+EE+Y	OL+Y	1	1	Y	Y	POSTEN	4	4	OL	END	OL>A<END	CONTINUED_CARRIER_ARGUMENT	K+EE+Y	3	K+EE	NONE	YES	FORTSETZEN · POSTEN	weiter mit ARG als aktuellem Träger	weiter mit dem Posten als aktuellem Träger	TRÄGER FORTSETZEN → POSTEN	STATEMENT_INTERNAL	NO	FORTSETZEN · GEBEN · GRAD II · AKTIVER POSTEN	Y_IS_ARGUMENT_ATOM__NOT_THE_DY_CONTROL	ARGUMENT_VALUE_INSIDE_WRITTEN_CONTROL_ENVELOPE__NO_ROOT_OR_RECIPE_CHANGE	NONE
203	OLD26_GDT407	G407-E2614	G407-S377	f77r	BIOLOGICAL	qotain	OT+AIN	OT+AIN	1	1	AIN	AIN	ANTEIL	2	2	OT	END	OT>A<END	NEXT_CARRIER_ARGUMENT	AIN	1	NONE	NONE	YES	DANACH · ANTEIL	danach ARG als nächsten Träger eröffnen	danach den Anteil als nächsten Träger eröffnen	NÄCHSTEN TRÄGER ERÖFFNEN → ANTEIL	STATEMENT_INITIAL	NO	DANACH · ANTEIL	NOT_APPLICABLE	ARGUMENT_VALUE_INSIDE_WRITTEN_CONTROL_ENVELOPE__NO_ROOT_OR_RECIPE_CHANGE	G559-F01
204	OLD26_GDT407	G407-E2619	G407-S378	f77r	BIOLOGICAL	olchey	OL+Y	OL+Y	1	1	Y	Y	POSTEN	2	2	OL	END	OL>A<END	CONTINUED_CARRIER_ARGUMENT	Y	1	NONE	NONE	YES	FORTSETZEN · POSTEN	weiter mit ARG als aktuellem Träger	weiter mit dem Posten als aktuellem Träger	TRÄGER FORTSETZEN → POSTEN	STATEMENT_INTERNAL	NO	FORTSETZEN · AKTIVER POSTEN	Y_IS_ARGUMENT_ATOM__NOT_THE_DY_CONTROL	ARGUMENT_VALUE_INSIDE_WRITTEN_CONTROL_ENVELOPE__NO_ROOT_OR_RECIPE_CHANGE	G559-F02
205	OLD26_GDT407	G407-E2620	G407-S378	f77r	BIOLOGICAL	teeolain	T+EE+OL+AIN	OL+AIN	1	1	AIN	AIN	ANTEIL	4	4	OL	END	OL>A<END	CONTINUED_CARRIER_ARGUMENT	AIN	1	NONE	NONE	YES	FORTSETZEN · ANTEIL	weiter mit ARG als aktuellem Träger	weiter mit dem Anteil als aktuellem Träger	TRÄGER FORTSETZEN → ANTEIL	STATEMENT_INTERNAL	NO	EINSTELLEN · GRAD II · FORTSETZEN · ANTEIL	NOT_APPLICABLE	ARGUMENT_VALUE_INSIDE_WRITTEN_CONTROL_ENVELOPE__NO_ROOT_OR_RECIPE_CHANGE	NONE
206	OLD26_GDT407	G407-E2636	G407-S382	f77r	BIOLOGICAL	olaiin	OL+AIIN	OL+AIIN	1	1	AIIN	AIIN	WERT	2	2	OL	END	OL>A<END	CONTINUED_CARRIER_ARGUMENT	AIIN	1	NONE	NONE	YES	FORTSETZEN · WERT	weiter mit ARG als aktuellem Träger	weiter mit dem Wert als aktuellem Träger	TRÄGER FORTSETZEN → WERT	STATEMENT_INTERNAL	NO	FORTSETZEN · WERT	NOT_APPLICABLE	ARGUMENT_VALUE_INSIDE_WRITTEN_CONTROL_ENVELOPE__NO_ROOT_OR_RECIPE_CHANGE	G559-F02
207	OLD26_GDT407	G407-E2648	G407-S384	f77r	BIOLOGICAL	qotaiin	OT+AIIN	OT+AIIN	1	1	AIIN	AIIN	WERT	2	2	OT	END	OT>A<END	NEXT_CARRIER_ARGUMENT	AIIN	1	NONE	NONE	YES	DANACH · WERT	danach ARG als nächsten Träger eröffnen	danach den Wert als nächsten Träger eröffnen	NÄCHSTEN TRÄGER ERÖFFNEN → WERT	STATEMENT_INTERNAL	NO	DANACH · WERT	NOT_APPLICABLE	ARGUMENT_VALUE_INSIDE_WRITTEN_CONTROL_ENVELOPE__NO_ROOT_OR_RECIPE_CHANGE	G559-F01
208	OLD26_GDT407	G407-E2650	G407-S385	f77r	BIOLOGICAL	qoty	OT+Y	OT+Y	1	1	Y	Y	POSTEN	2	2	OT	END	OT>A<END	NEXT_CARRIER_ARGUMENT	Y	1	NONE	NONE	YES	DANACH · POSTEN	danach ARG als nächsten Träger eröffnen	danach den Posten als nächsten Träger eröffnen	NÄCHSTEN TRÄGER ERÖFFNEN → POSTEN	STATEMENT_INITIAL	NO	DANACH · AKTIVER POSTEN	Y_IS_ARGUMENT_ATOM__NOT_THE_DY_CONTROL	ARGUMENT_VALUE_INSIDE_WRITTEN_CONTROL_ENVELOPE__NO_ROOT_OR_RECIPE_CHANGE	G559-F01
209	OLD26_GDT407	G407-E2653	G407-S385	f77r	BIOLOGICAL	qolchey	OL+Y	OL+Y	1	1	Y	Y	POSTEN	2	2	OL	END	OL>A<END	CONTINUED_CARRIER_ARGUMENT	Y	1	NONE	NONE	YES	FORTSETZEN · POSTEN	weiter mit ARG als aktuellem Träger	weiter mit dem Posten als aktuellem Träger	TRÄGER FORTSETZEN → POSTEN	STATEMENT_INTERNAL	NO	FORTSETZEN · AKTIVER POSTEN	Y_IS_ARGUMENT_ATOM__NOT_THE_DY_CONTROL	ARGUMENT_VALUE_INSIDE_WRITTEN_CONTROL_ENVELOPE__NO_ROOT_OR_RECIPE_CHANGE	G559-F02
210	OLD26_GDT407	G407-E2673	G407-S390	f77r	BIOLOGICAL	qotaiin	OT+AIIN	OT+AIIN	1	1	AIIN	AIIN	WERT	2	2	OT	END	OT>A<END	NEXT_CARRIER_ARGUMENT	AIIN	1	NONE	NONE	YES	DANACH · WERT	danach ARG als nächsten Träger eröffnen	danach den Wert als nächsten Träger eröffnen	NÄCHSTEN TRÄGER ERÖFFNEN → WERT	STATEMENT_INTERNAL	NO	DANACH · WERT	NOT_APPLICABLE	ARGUMENT_VALUE_INSIDE_WRITTEN_CONTROL_ENVELOPE__NO_ROOT_OR_RECIPE_CHANGE	G559-F01
211	OLD26_GDT407	G407-E2683	G407-S392	f77r	BIOLOGICAL	loly	L+OL+Y	OL+Y	1	1	Y	Y	POSTEN	3	3	OL	END	OL>A<END	CONTINUED_CARRIER_ARGUMENT	Y	1	NONE	NONE	YES	FORTSETZEN · POSTEN	weiter mit ARG als aktuellem Träger	weiter mit dem Posten als aktuellem Träger	TRÄGER FORTSETZEN → POSTEN	STATEMENT_INTERNAL	NO	VERBINDUNG · FORTSETZEN · AKTIVER POSTEN	Y_IS_ARGUMENT_ATOM__NOT_THE_DY_CONTROL	ARGUMENT_VALUE_INSIDE_WRITTEN_CONTROL_ENVELOPE__NO_ROOT_OR_RECIPE_CHANGE	NONE
212	OLD26_GDT407	G407-E2702	G407-S392	f77r	BIOLOGICAL	otey	OT+E+Y	OT+Y	1	1	Y	Y	POSTEN	3	3	OT	END	OT>A<END	NEXT_CARRIER_ARGUMENT	E+Y	2	E	NONE	YES	DANACH · POSTEN	danach ARG als nächsten Träger eröffnen	danach den Posten als nächsten Träger eröffnen	NÄCHSTEN TRÄGER ERÖFFNEN → POSTEN	STATEMENT_INTERNAL	NO	DANACH · GRAD I · AKTIVER POSTEN	Y_IS_ARGUMENT_ATOM__NOT_THE_DY_CONTROL	ARGUMENT_VALUE_INSIDE_WRITTEN_CONTROL_ENVELOPE__NO_ROOT_OR_RECIPE_CHANGE	G559-F03
213	OLD26_GDT407	G407-E2713	G407-S392	f77r	BIOLOGICAL	oloky	OL+OK+Y	OL+Y	1	1	Y	Y	POSTEN	3	3	OL	END	OL>A<END	CONTINUED_CARRIER_ARGUMENT	OK+Y	2	OK	NONE	YES	FORTSETZEN · POSTEN	weiter mit ARG als aktuellem Träger	weiter mit dem Posten als aktuellem Träger	TRÄGER FORTSETZEN → POSTEN	STATEMENT_FINAL	YES	FORTSETZEN · SETZEN · AKTIVER POSTEN	Y_IS_ARGUMENT_ATOM__NOT_THE_DY_CONTROL	ARGUMENT_VALUE_INSIDE_WRITTEN_CONTROL_ENVELOPE__NO_ROOT_OR_RECIPE_CHANGE	NONE
214	OLD26_GDT407	G407-E2714	G407-S393	f81r	BIOLOGICAL	polchoy	P+OL+CH+O+Y	OL+Y	1	1	Y	Y	POSTEN	5	5	OL	END	OL>A<END	CONTINUED_CARRIER_ARGUMENT	CH+O+Y	3	CH+O	NONE	YES	FORTSETZEN · POSTEN	weiter mit ARG als aktuellem Träger	weiter mit dem Posten als aktuellem Träger	TRÄGER FORTSETZEN → POSTEN	STATEMENT_INITIAL	NO	EINSETZEN · FORTSETZEN · NEHMEN · AUSFÜHRUNG · AKTIVER POSTEN	Y_IS_ARGUMENT_ATOM__NOT_THE_DY_CONTROL	ARGUMENT_VALUE_INSIDE_WRITTEN_CONTROL_ENVELOPE__NO_ROOT_OR_RECIPE_CHANGE	NONE
215	OLD26_GDT407	G407-E2720	G407-S396	f81r	BIOLOGICAL	oly	OL+Y	OL+Y	1	1	Y	Y	POSTEN	2	2	OL	END	OL>A<END	CONTINUED_CARRIER_ARGUMENT	Y	1	NONE	NONE	YES	FORTSETZEN · POSTEN	weiter mit ARG als aktuellem Träger	weiter mit dem Posten als aktuellem Träger	TRÄGER FORTSETZEN → POSTEN	STATEMENT_INTERNAL	NO	FORTSETZEN · AKTIVER POSTEN	Y_IS_ARGUMENT_ATOM__NOT_THE_DY_CONTROL	ARGUMENT_VALUE_INSIDE_WRITTEN_CONTROL_ENVELOPE__NO_ROOT_OR_RECIPE_CHANGE	G559-F02
216	OLD26_GDT407	G407-E2729	G407-S396	f81r	BIOLOGICAL	qotey	OT+E+Y	OT+Y	1	1	Y	Y	POSTEN	3	3	OT	END	OT>A<END	NEXT_CARRIER_ARGUMENT	E+Y	2	E	NONE	YES	DANACH · POSTEN	danach ARG als nächsten Träger eröffnen	danach den Posten als nächsten Träger eröffnen	NÄCHSTEN TRÄGER ERÖFFNEN → POSTEN	STATEMENT_INTERNAL	NO	DANACH · GRAD I · AKTIVER POSTEN	Y_IS_ARGUMENT_ATOM__NOT_THE_DY_CONTROL	ARGUMENT_VALUE_INSIDE_WRITTEN_CONTROL_ENVELOPE__NO_ROOT_OR_RECIPE_CHANGE	G559-F03
217	OLD26_GDT407	G407-E2749	G407-S397	f81r	BIOLOGICAL	olaiin	OL+AIIN	OL+AIIN	1	1	AIIN	AIIN	WERT	2	2	OL	END	OL>A<END	CONTINUED_CARRIER_ARGUMENT	AIIN	1	NONE	NONE	YES	FORTSETZEN · WERT	weiter mit ARG als aktuellem Träger	weiter mit dem Wert als aktuellem Träger	TRÄGER FORTSETZEN → WERT	STATEMENT_INTERNAL	NO	FORTSETZEN · WERT	NOT_APPLICABLE	ARGUMENT_VALUE_INSIDE_WRITTEN_CONTROL_ENVELOPE__NO_ROOT_OR_RECIPE_CHANGE	G559-F02
218	OLD26_GDT407	G407-E2756	G407-S397	f81r	BIOLOGICAL	oteey	OT+EE+Y	OT+Y	1	1	Y	Y	POSTEN	3	3	OT	END	OT>A<END	NEXT_CARRIER_ARGUMENT	EE+Y	2	EE	NONE	YES	DANACH · POSTEN	danach ARG als nächsten Träger eröffnen	danach den Posten als nächsten Träger eröffnen	NÄCHSTEN TRÄGER ERÖFFNEN → POSTEN	STATEMENT_INTERNAL	NO	DANACH · GRAD II · AKTIVER POSTEN	Y_IS_ARGUMENT_ATOM__NOT_THE_DY_CONTROL	ARGUMENT_VALUE_INSIDE_WRITTEN_CONTROL_ENVELOPE__NO_ROOT_OR_RECIPE_CHANGE	G559-F06
219	OLD26_GDT407	G407-E2763	G407-S397	f81r	BIOLOGICAL	otey	OT+E+Y	OT+Y	1	1	Y	Y	POSTEN	3	3	OT	END	OT>A<END	NEXT_CARRIER_ARGUMENT	E+Y	2	E	NONE	YES	DANACH · POSTEN	danach ARG als nächsten Träger eröffnen	danach den Posten als nächsten Träger eröffnen	NÄCHSTEN TRÄGER ERÖFFNEN → POSTEN	STATEMENT_INTERNAL	NO	DANACH · GRAD I · AKTIVER POSTEN	Y_IS_ARGUMENT_ATOM__NOT_THE_DY_CONTROL	ARGUMENT_VALUE_INSIDE_WRITTEN_CONTROL_ENVELOPE__NO_ROOT_OR_RECIPE_CHANGE	G559-F03
220	OLD26_GDT407	G407-E2767	G407-S398	f81r	BIOLOGICAL	oty	OT+Y	OT+Y	1	1	Y	Y	POSTEN	2	2	OT	END	OT>A<END	NEXT_CARRIER_ARGUMENT	Y	1	NONE	NONE	YES	DANACH · POSTEN	danach ARG als nächsten Träger eröffnen	danach den Posten als nächsten Träger eröffnen	NÄCHSTEN TRÄGER ERÖFFNEN → POSTEN	STATEMENT_INTERNAL	NO	DANACH · AKTIVER POSTEN	Y_IS_ARGUMENT_ATOM__NOT_THE_DY_CONTROL	ARGUMENT_VALUE_INSIDE_WRITTEN_CONTROL_ENVELOPE__NO_ROOT_OR_RECIPE_CHANGE	G559-F01
221	OLD26_GDT407	G407-E2768	G407-S398	f81r	BIOLOGICAL	qotey	OT+E+Y	OT+Y	1	1	Y	Y	POSTEN	3	3	OT	END	OT>A<END	NEXT_CARRIER_ARGUMENT	E+Y	2	E	NONE	YES	DANACH · POSTEN	danach ARG als nächsten Träger eröffnen	danach den Posten als nächsten Träger eröffnen	NÄCHSTEN TRÄGER ERÖFFNEN → POSTEN	STATEMENT_INTERNAL	NO	DANACH · GRAD I · AKTIVER POSTEN	Y_IS_ARGUMENT_ATOM__NOT_THE_DY_CONTROL	ARGUMENT_VALUE_INSIDE_WRITTEN_CONTROL_ENVELOPE__NO_ROOT_OR_RECIPE_CHANGE	G559-F03
222	OLD26_GDT407	G407-E2769	G407-S398	f81r	BIOLOGICAL	oteey	OT+EE+Y	OT+Y	1	1	Y	Y	POSTEN	3	3	OT	END	OT>A<END	NEXT_CARRIER_ARGUMENT	EE+Y	2	EE	NONE	YES	DANACH · POSTEN	danach ARG als nächsten Träger eröffnen	danach den Posten als nächsten Träger eröffnen	NÄCHSTEN TRÄGER ERÖFFNEN → POSTEN	STATEMENT_INTERNAL	NO	DANACH · GRAD II · AKTIVER POSTEN	Y_IS_ARGUMENT_ATOM__NOT_THE_DY_CONTROL	ARGUMENT_VALUE_INSIDE_WRITTEN_CONTROL_ENVELOPE__NO_ROOT_OR_RECIPE_CHANGE	G559-F06
223	OLD26_GDT407	G407-E2770	G407-S398	f81r	BIOLOGICAL	oly	OL+Y	OL+Y	1	1	Y	Y	POSTEN	2	2	OL	END	OL>A<END	CONTINUED_CARRIER_ARGUMENT	Y	1	NONE	NONE	YES	FORTSETZEN · POSTEN	weiter mit ARG als aktuellem Träger	weiter mit dem Posten als aktuellem Träger	TRÄGER FORTSETZEN → POSTEN	STATEMENT_INTERNAL	NO	FORTSETZEN · AKTIVER POSTEN	Y_IS_ARGUMENT_ATOM__NOT_THE_DY_CONTROL	ARGUMENT_VALUE_INSIDE_WRITTEN_CONTROL_ENVELOPE__NO_ROOT_OR_RECIPE_CHANGE	G559-F02
224	OLD26_GDT407	G407-E2771	G407-S398	f81r	BIOLOGICAL	qoteesy	OT+EE+S+Y	OT+Y	1	1	Y	Y	POSTEN	4	4	OT	END	OT>A<END	NEXT_CARRIER_ARGUMENT	EE+S+Y	3	EE+S	NONE	YES	DANACH · POSTEN	danach ARG als nächsten Träger eröffnen	danach den Posten als nächsten Träger eröffnen	NÄCHSTEN TRÄGER ERÖFFNEN → POSTEN	STATEMENT_INTERNAL	NO	DANACH · GRAD II · WÄHLEN · AKTIVER POSTEN	Y_IS_ARGUMENT_ATOM__NOT_THE_DY_CONTROL	ARGUMENT_VALUE_INSIDE_WRITTEN_CONTROL_ENVELOPE__NO_ROOT_OR_RECIPE_CHANGE	NONE
225	OLD26_GDT407	G407-E2779	G407-S401	f81r	BIOLOGICAL	qotain	OT+AIN	OT+AIN	1	1	AIN	AIN	ANTEIL	2	2	OT	END	OT>A<END	NEXT_CARRIER_ARGUMENT	AIN	1	NONE	NONE	YES	DANACH · ANTEIL	danach ARG als nächsten Träger eröffnen	danach den Anteil als nächsten Träger eröffnen	NÄCHSTEN TRÄGER ERÖFFNEN → ANTEIL	STATEMENT_INTERNAL	NO	DANACH · ANTEIL	NOT_APPLICABLE	ARGUMENT_VALUE_INSIDE_WRITTEN_CONTROL_ENVELOPE__NO_ROOT_OR_RECIPE_CHANGE	G559-F01
226	OLD26_GDT407	G407-E2790	G407-S406	f81r	BIOLOGICAL	loly	L+OL+Y	OL+Y	1	1	Y	Y	POSTEN	3	3	OL	END	OL>A<END	CONTINUED_CARRIER_ARGUMENT	Y	1	NONE	NONE	YES	FORTSETZEN · POSTEN	weiter mit ARG als aktuellem Träger	weiter mit dem Posten als aktuellem Träger	TRÄGER FORTSETZEN → POSTEN	STATEMENT_INTERNAL	NO	VERBINDUNG · FORTSETZEN · AKTIVER POSTEN	Y_IS_ARGUMENT_ATOM__NOT_THE_DY_CONTROL	ARGUMENT_VALUE_INSIDE_WRITTEN_CONTROL_ENVELOPE__NO_ROOT_OR_RECIPE_CHANGE	NONE
227	OLD26_GDT407	G407-E2841	G407-S425	f81r	BIOLOGICAL	olkeey	OL+K+EE+Y	OL+Y	1	1	Y	Y	POSTEN	4	4	OL	END	OL>A<END	CONTINUED_CARRIER_ARGUMENT	K+EE+Y	3	K+EE	NONE	YES	FORTSETZEN · POSTEN	weiter mit ARG als aktuellem Träger	weiter mit dem Posten als aktuellem Träger	TRÄGER FORTSETZEN → POSTEN	STATEMENT_INTERNAL	NO	FORTSETZEN · GEBEN · GRAD II · AKTIVER POSTEN	Y_IS_ARGUMENT_ATOM__NOT_THE_DY_CONTROL	ARGUMENT_VALUE_INSIDE_WRITTEN_CONTROL_ENVELOPE__NO_ROOT_OR_RECIPE_CHANGE	NONE
228	OLD26_GDT407	G407-E2842	G407-S425	f81r	BIOLOGICAL	oteey	OT+EE+Y	OT+Y	1	1	Y	Y	POSTEN	3	3	OT	END	OT>A<END	NEXT_CARRIER_ARGUMENT	EE+Y	2	EE	NONE	YES	DANACH · POSTEN	danach ARG als nächsten Träger eröffnen	danach den Posten als nächsten Träger eröffnen	NÄCHSTEN TRÄGER ERÖFFNEN → POSTEN	STATEMENT_INTERNAL	NO	DANACH · GRAD II · AKTIVER POSTEN	Y_IS_ARGUMENT_ATOM__NOT_THE_DY_CONTROL	ARGUMENT_VALUE_INSIDE_WRITTEN_CONTROL_ENVELOPE__NO_ROOT_OR_RECIPE_CHANGE	G559-F06
229	OLD26_GDT407	G407-E2843	G407-S425	f81r	BIOLOGICAL	olshey	OL+SH+E+Y	OL+Y	1	1	Y	Y	POSTEN	4	4	OL	END	OL>A<END	CONTINUED_CARRIER_ARGUMENT	SH+E+Y	3	SH+E	NONE	YES	FORTSETZEN · POSTEN	weiter mit ARG als aktuellem Träger	weiter mit dem Posten als aktuellem Träger	TRÄGER FORTSETZEN → POSTEN	STATEMENT_INTERNAL	NO	FORTSETZEN · HALTEN · GRAD I · AKTIVER POSTEN	Y_IS_ARGUMENT_ATOM__NOT_THE_DY_CONTROL	ARGUMENT_VALUE_INSIDE_WRITTEN_CONTROL_ENVELOPE__NO_ROOT_OR_RECIPE_CHANGE	G559-F08
230	OLD26_GDT407	G407-E2844	G407-S425	f81r	BIOLOGICAL	otey	OT+E+Y	OT+Y	1	1	Y	Y	POSTEN	3	3	OT	END	OT>A<END	NEXT_CARRIER_ARGUMENT	E+Y	2	E	NONE	YES	DANACH · POSTEN	danach ARG als nächsten Träger eröffnen	danach den Posten als nächsten Träger eröffnen	NÄCHSTEN TRÄGER ERÖFFNEN → POSTEN	STATEMENT_INTERNAL	NO	DANACH · GRAD I · AKTIVER POSTEN	Y_IS_ARGUMENT_ATOM__NOT_THE_DY_CONTROL	ARGUMENT_VALUE_INSIDE_WRITTEN_CONTROL_ENVELOPE__NO_ROOT_OR_RECIPE_CHANGE	G559-F03
231	OLD26_GDT407	G407-E2854	G407-S425	f81r	BIOLOGICAL	oly	OL+Y	OL+Y	1	1	Y	Y	POSTEN	2	2	OL	END	OL>A<END	CONTINUED_CARRIER_ARGUMENT	Y	1	NONE	NONE	YES	FORTSETZEN · POSTEN	weiter mit ARG als aktuellem Träger	weiter mit dem Posten als aktuellem Träger	TRÄGER FORTSETZEN → POSTEN	STATEMENT_INTERNAL	NO	FORTSETZEN · AKTIVER POSTEN	Y_IS_ARGUMENT_ATOM__NOT_THE_DY_CONTROL	ARGUMENT_VALUE_INSIDE_WRITTEN_CONTROL_ENVELOPE__NO_ROOT_OR_RECIPE_CHANGE	G559-F02
232	OLD26_GDT407	G407-E2867	G407-S427	f81r	BIOLOGICAL	oly	OL+Y	OL+Y	1	1	Y	Y	POSTEN	2	2	OL	END	OL>A<END	CONTINUED_CARRIER_ARGUMENT	Y	1	NONE	NONE	YES	FORTSETZEN · POSTEN	weiter mit ARG als aktuellem Träger	weiter mit dem Posten als aktuellem Träger	TRÄGER FORTSETZEN → POSTEN	STATEMENT_INITIAL	NO	FORTSETZEN · AKTIVER POSTEN	Y_IS_ARGUMENT_ATOM__NOT_THE_DY_CONTROL	ARGUMENT_VALUE_INSIDE_WRITTEN_CONTROL_ENVELOPE__NO_ROOT_OR_RECIPE_CHANGE	G559-F02
233	OLD26_GDT407	G407-E2871	G407-S428	f81r	BIOLOGICAL	otain	OT+AIN	OT+AIN	1	1	AIN	AIN	ANTEIL	2	2	OT	END	OT>A<END	NEXT_CARRIER_ARGUMENT	AIN	1	NONE	NONE	YES	DANACH · ANTEIL	danach ARG als nächsten Träger eröffnen	danach den Anteil als nächsten Träger eröffnen	NÄCHSTEN TRÄGER ERÖFFNEN → ANTEIL	STATEMENT_INTERNAL	NO	DANACH · ANTEIL	NOT_APPLICABLE	ARGUMENT_VALUE_INSIDE_WRITTEN_CONTROL_ENVELOPE__NO_ROOT_OR_RECIPE_CHANGE	G559-F01
234	OLD26_GDT407	G407-E2894	G407-S433	f81r	BIOLOGICAL	otey	OT+E+Y	OT+Y	1	1	Y	Y	POSTEN	3	3	OT	END	OT>A<END	NEXT_CARRIER_ARGUMENT	E+Y	2	E	NONE	YES	DANACH · POSTEN	danach ARG als nächsten Träger eröffnen	danach den Posten als nächsten Träger eröffnen	NÄCHSTEN TRÄGER ERÖFFNEN → POSTEN	STATEMENT_INTERNAL	NO	DANACH · GRAD I · AKTIVER POSTEN	Y_IS_ARGUMENT_ATOM__NOT_THE_DY_CONTROL	ARGUMENT_VALUE_INSIDE_WRITTEN_CONTROL_ENVELOPE__NO_ROOT_OR_RECIPE_CHANGE	G559-F03
235	OLD26_GDT407	G407-E2903	G407-S434	f81r	BIOLOGICAL	olkaiin	OL+K+AIIN	OL+AIIN	1	1	AIIN	AIIN	WERT	3	3	OL	END	OL>A<END	CONTINUED_CARRIER_ARGUMENT	K+AIIN	2	K	NONE	YES	FORTSETZEN · WERT	weiter mit ARG als aktuellem Träger	weiter mit dem Wert als aktuellem Träger	TRÄGER FORTSETZEN → WERT	STATEMENT_INTERNAL	NO	FORTSETZEN · GEBEN · WERT	NOT_APPLICABLE	ARGUMENT_VALUE_INSIDE_WRITTEN_CONTROL_ENVELOPE__NO_ROOT_OR_RECIPE_CHANGE	G559-F04
236	OLD26_GDT407	G407-E2912	G407-S436	f81r	BIOLOGICAL	olkshdy	OL+K+SH+D_ADDR+Y	OL+Y	1	1	Y	Y	POSTEN	5	5	OL	END	OL>A<END	CONTINUED_CARRIER_ARGUMENT	K+SH+D_ADDR+Y	4	K+SH+D_ADDR	NONE	YES	FORTSETZEN · POSTEN	weiter mit ARG als aktuellem Träger	weiter mit dem Posten als aktuellem Träger	TRÄGER FORTSETZEN → POSTEN	STATEMENT_INTERNAL	NO	FORTSETZEN · GEBEN · HALTEN · HIER · AKTIVER POSTEN	Y_IS_ARGUMENT_ATOM__NOT_THE_DY_CONTROL	ARGUMENT_VALUE_INSIDE_WRITTEN_CONTROL_ENVELOPE__NO_ROOT_OR_RECIPE_CHANGE	NONE
237	OLD26_GDT407	G407-E2942	G407-S444	f81v	BIOLOGICAL	olkain	OL+K+AIN	OL+AIN	1	1	AIN	AIN	ANTEIL	3	3	OL	END	OL>A<END	CONTINUED_CARRIER_ARGUMENT	K+AIN	2	K	NONE	YES	FORTSETZEN · ANTEIL	weiter mit ARG als aktuellem Träger	weiter mit dem Anteil als aktuellem Träger	TRÄGER FORTSETZEN → ANTEIL	STATEMENT_INTERNAL	NO	FORTSETZEN · GEBEN · ANTEIL	NOT_APPLICABLE	ARGUMENT_VALUE_INSIDE_WRITTEN_CONTROL_ENVELOPE__NO_ROOT_OR_RECIPE_CHANGE	G559-F04
238	OLD26_GDT407	G407-E2968	G407-S447	f81v	BIOLOGICAL	otain	OT+AIN	OT+AIN	1	1	AIN	AIN	ANTEIL	2	2	OT	END	OT>A<END	NEXT_CARRIER_ARGUMENT	AIN	1	NONE	NONE	YES	DANACH · ANTEIL	danach ARG als nächsten Träger eröffnen	danach den Anteil als nächsten Träger eröffnen	NÄCHSTEN TRÄGER ERÖFFNEN → ANTEIL	STATEMENT_INTERNAL	NO	DANACH · ANTEIL	NOT_APPLICABLE	ARGUMENT_VALUE_INSIDE_WRITTEN_CONTROL_ENVELOPE__NO_ROOT_OR_RECIPE_CHANGE	G559-F01
239	OLD26_GDT407	G407-E2986	G407-S449	f81v	BIOLOGICAL	olor	OL+OR	OL+OR	1	1	OR	OR	EINHEIT	2	2	OL	END	OL>A<END	CONTINUED_CARRIER_ARGUMENT	OR	1	NONE	NONE	YES	FORTSETZEN · EINHEIT	weiter mit ARG als aktuellem Träger	weiter mit der Einheit als aktuellem Träger	TRÄGER FORTSETZEN → EINHEIT	STATEMENT_INITIAL	NO	FORTSETZEN · EINHEIT	NOT_APPLICABLE	ARGUMENT_VALUE_INSIDE_WRITTEN_CONTROL_ENVELOPE__NO_ROOT_OR_RECIPE_CHANGE	G559-F02
240	OLD26_GDT407	G407-E2995	G407-S450	f81v	BIOLOGICAL	ykol	Y+K+OL	Y+OL	1	1	Y	Y	POSTEN	1	3	START	OL	START>A<OL	RETAINED_ARGUMENT	Y+K	1	NONE	K	YES	POSTEN · FORTSETZEN	ARG weiterführen	den Posten weiterführen	POSTEN → TRÄGER FORTSETZEN	STATEMENT_INTERNAL	NO	AKTIVER POSTEN · GEBEN · FORTSETZEN	Y_IS_ARGUMENT_ATOM__NOT_THE_DY_CONTROL	ARGUMENT_VALUE_INSIDE_WRITTEN_CONTROL_ENVELOPE__NO_ROOT_OR_RECIPE_CHANGE	NONE
241	OLD26_GDT407	G407-E2999	G407-S452	f81v	BIOLOGICAL	qolkeedy	OL+K+EE+D_ADDR+Y	OL+Y	1	1	Y	Y	POSTEN	5	5	OL	END	OL>A<END	CONTINUED_CARRIER_ARGUMENT	K+EE+D_ADDR+Y	4	K+EE+D_ADDR	NONE	YES	FORTSETZEN · POSTEN	weiter mit ARG als aktuellem Träger	weiter mit dem Posten als aktuellem Träger	TRÄGER FORTSETZEN → POSTEN	STATEMENT_INITIAL	NO	FORTSETZEN · GEBEN · GRAD II · HIER · AKTIVER POSTEN	Y_IS_ARGUMENT_ATOM__NOT_THE_DY_CONTROL	ARGUMENT_VALUE_INSIDE_WRITTEN_CONTROL_ENVELOPE__NO_ROOT_OR_RECIPE_CHANGE	NONE
242	OLD26_GDT407	G407-E3005	G407-S454	f81v	BIOLOGICAL	olchey	OL+Y	OL+Y	1	1	Y	Y	POSTEN	2	2	OL	END	OL>A<END	CONTINUED_CARRIER_ARGUMENT	Y	1	NONE	NONE	YES	FORTSETZEN · POSTEN	weiter mit ARG als aktuellem Träger	weiter mit dem Posten als aktuellem Träger	TRÄGER FORTSETZEN → POSTEN	STATEMENT_INTERNAL	NO	FORTSETZEN · AKTIVER POSTEN	Y_IS_ARGUMENT_ATOM__NOT_THE_DY_CONTROL	ARGUMENT_VALUE_INSIDE_WRITTEN_CONTROL_ENVELOPE__NO_ROOT_OR_RECIPE_CHANGE	G559-F02
243	OLD26_GDT407	G407-E3009	G407-S454	f81v	BIOLOGICAL	olor	OL+OR	OL+OR	1	1	OR	OR	EINHEIT	2	2	OL	END	OL>A<END	CONTINUED_CARRIER_ARGUMENT	OR	1	NONE	NONE	YES	FORTSETZEN · EINHEIT	weiter mit ARG als aktuellem Träger	weiter mit der Einheit als aktuellem Träger	TRÄGER FORTSETZEN → EINHEIT	STATEMENT_INTERNAL	NO	FORTSETZEN · EINHEIT	NOT_APPLICABLE	ARGUMENT_VALUE_INSIDE_WRITTEN_CONTROL_ENVELOPE__NO_ROOT_OR_RECIPE_CHANGE	G559-F02
244	OLD26_GDT407	G407-E3012	G407-S455	f81v	BIOLOGICAL	polshy	P+OL+SH+Y	OL+Y	1	1	Y	Y	POSTEN	4	4	OL	END	OL>A<END	CONTINUED_CARRIER_ARGUMENT	SH+Y	2	SH	NONE	YES	FORTSETZEN · POSTEN	weiter mit ARG als aktuellem Träger	weiter mit dem Posten als aktuellem Träger	TRÄGER FORTSETZEN → POSTEN	STATEMENT_INITIAL	NO	EINSETZEN · FORTSETZEN · HALTEN · AKTIVER POSTEN	Y_IS_ARGUMENT_ATOM__NOT_THE_DY_CONTROL	ARGUMENT_VALUE_INSIDE_WRITTEN_CONTROL_ENVELOPE__NO_ROOT_OR_RECIPE_CHANGE	NONE
245	OLD26_GDT407	G407-E3018	G407-S458	f81v	BIOLOGICAL	qoty	OT+Y	OT+Y	1	1	Y	Y	POSTEN	2	2	OT	END	OT>A<END	NEXT_CARRIER_ARGUMENT	Y	1	NONE	NONE	YES	DANACH · POSTEN	danach ARG als nächsten Träger eröffnen	danach den Posten als nächsten Träger eröffnen	NÄCHSTEN TRÄGER ERÖFFNEN → POSTEN	STATEMENT_INITIAL	NO	DANACH · AKTIVER POSTEN	Y_IS_ARGUMENT_ATOM__NOT_THE_DY_CONTROL	ARGUMENT_VALUE_INSIDE_WRITTEN_CONTROL_ENVELOPE__NO_ROOT_OR_RECIPE_CHANGE	G559-F01
246	OLD26_GDT407	G407-E3028	G407-S458	f81v	BIOLOGICAL	olchy	OL+CH+Y	OL+Y	1	1	Y	Y	POSTEN	3	3	OL	END	OL>A<END	CONTINUED_CARRIER_ARGUMENT	CH+Y	2	CH	NONE	YES	FORTSETZEN · POSTEN	weiter mit ARG als aktuellem Träger	weiter mit dem Posten als aktuellem Träger	TRÄGER FORTSETZEN → POSTEN	STATEMENT_INTERNAL	NO	FORTSETZEN · NEHMEN · AKTIVER POSTEN	Y_IS_ARGUMENT_ATOM__NOT_THE_DY_CONTROL	ARGUMENT_VALUE_INSIDE_WRITTEN_CONTROL_ENVELOPE__NO_ROOT_OR_RECIPE_CHANGE	NONE
247	OLD26_GDT407	G407-E3030	G407-S458	f81v	BIOLOGICAL	dsholyd	D_ADDR+SH+OL+Y+D_ADDR	OL+Y	1	1	Y	Y	POSTEN	4	5	OL	END	OL>A<END	CONTINUED_CARRIER_ARGUMENT	Y+D_ADDR	1	NONE	D_ADDR	YES	FORTSETZEN · POSTEN	weiter mit ARG als aktuellem Träger	weiter mit dem Posten als aktuellem Träger	TRÄGER FORTSETZEN → POSTEN	STATEMENT_INTERNAL	NO	HIER · HALTEN · FORTSETZEN · AKTIVER POSTEN · HIER	Y_IS_ARGUMENT_ATOM__NOT_THE_DY_CONTROL	ARGUMENT_VALUE_INSIDE_WRITTEN_CONTROL_ENVELOPE__NO_ROOT_OR_RECIPE_CHANGE	NONE
248	OLD26_GDT407	G407-E3036	G407-S460	f81v	BIOLOGICAL	ytedy	Y+T+E+DY	Y+DY	1	1	Y	Y	POSTEN	1	4	START	DY	START>A<DY	CLOSING_ARGUMENT	Y+T+E	1	NONE	T+E	YES	POSTEN · ABSCHLIESSEN	ARG führen und den Schritt abschließen	den Posten führen und den Schritt abschließen	POSTEN → SCHRITT ABSCHLIESSEN	SINGLETON_STATEMENT	YES	AKTIVER POSTEN · EINSTELLEN · GRAD I · SCHLUSS	Y_IS_ARGUMENT_ATOM__DY_IS_SEPARATE_CLOSE_CONTROL	ARGUMENT_VALUE_INSIDE_WRITTEN_CONTROL_ENVELOPE__NO_ROOT_OR_RECIPE_CHANGE	NONE
249	OLD26_GDT407	G407-E3039	G407-S461	f81v	BIOLOGICAL	ytedy	Y+T+E+DY	Y+DY	1	1	Y	Y	POSTEN	1	4	START	DY	START>A<DY	CLOSING_ARGUMENT	Y+T+E	1	NONE	T+E	YES	POSTEN · ABSCHLIESSEN	ARG führen und den Schritt abschließen	den Posten führen und den Schritt abschließen	POSTEN → SCHRITT ABSCHLIESSEN	STATEMENT_FINAL	YES	AKTIVER POSTEN · EINSTELLEN · GRAD I · SCHLUSS	Y_IS_ARGUMENT_ATOM__DY_IS_SEPARATE_CLOSE_CONTROL	ARGUMENT_VALUE_INSIDE_WRITTEN_CONTROL_ENVELOPE__NO_ROOT_OR_RECIPE_CHANGE	NONE
250	OLD26_GDT407	G407-E3042	G407-S462	f81v	BIOLOGICAL	ytedy	Y+T+E+DY	Y+DY	1	1	Y	Y	POSTEN	1	4	START	DY	START>A<DY	CLOSING_ARGUMENT	Y+T+E	1	NONE	T+E	YES	POSTEN · ABSCHLIESSEN	ARG führen und den Schritt abschließen	den Posten führen und den Schritt abschließen	POSTEN → SCHRITT ABSCHLIESSEN	STATEMENT_FINAL	YES	AKTIVER POSTEN · EINSTELLEN · GRAD I · SCHLUSS	Y_IS_ARGUMENT_ATOM__DY_IS_SEPARATE_CLOSE_CONTROL	ARGUMENT_VALUE_INSIDE_WRITTEN_CONTROL_ENVELOPE__NO_ROOT_OR_RECIPE_CHANGE	NONE
251	OLD26_GDT407	G407-E3043	G407-S463	f81v	BIOLOGICAL	ytedy	Y+T+E+DY	Y+DY	1	1	Y	Y	POSTEN	1	4	START	DY	START>A<DY	CLOSING_ARGUMENT	Y+T+E	1	NONE	T+E	YES	POSTEN · ABSCHLIESSEN	ARG führen und den Schritt abschließen	den Posten führen und den Schritt abschließen	POSTEN → SCHRITT ABSCHLIESSEN	SINGLETON_STATEMENT	YES	AKTIVER POSTEN · EINSTELLEN · GRAD I · SCHLUSS	Y_IS_ARGUMENT_ATOM__DY_IS_SEPARATE_CLOSE_CONTROL	ARGUMENT_VALUE_INSIDE_WRITTEN_CONTROL_ENVELOPE__NO_ROOT_OR_RECIPE_CHANGE	NONE
252	OLD26_GDT407	G407-E3046	G407-S464	f81v	BIOLOGICAL	qoty	OT+Y	OT+Y	1	1	Y	Y	POSTEN	2	2	OT	END	OT>A<END	NEXT_CARRIER_ARGUMENT	Y	1	NONE	NONE	YES	DANACH · POSTEN	danach ARG als nächsten Träger eröffnen	danach den Posten als nächsten Träger eröffnen	NÄCHSTEN TRÄGER ERÖFFNEN → POSTEN	STATEMENT_INTERNAL	NO	DANACH · AKTIVER POSTEN	Y_IS_ARGUMENT_ATOM__NOT_THE_DY_CONTROL	ARGUMENT_VALUE_INSIDE_WRITTEN_CONTROL_ENVELOPE__NO_ROOT_OR_RECIPE_CHANGE	G559-F01
253	OLD26_GDT407	G407-E3047	G407-S464	f81v	BIOLOGICAL	ykedy	Y+K+E+DY	Y+DY	1	1	Y	Y	POSTEN	1	4	START	DY	START>A<DY	CLOSING_ARGUMENT	Y+K+E	1	NONE	K+E	YES	POSTEN · ABSCHLIESSEN	ARG führen und den Schritt abschließen	den Posten führen und den Schritt abschließen	POSTEN → SCHRITT ABSCHLIESSEN	STATEMENT_FINAL	YES	AKTIVER POSTEN · GEBEN · GRAD I · SCHLUSS	Y_IS_ARGUMENT_ATOM__DY_IS_SEPARATE_CLOSE_CONTROL	ARGUMENT_VALUE_INSIDE_WRITTEN_CONTROL_ENVELOPE__NO_ROOT_OR_RECIPE_CHANGE	NONE
254	OLD26_GDT407	G407-E3095	G407-S477	f81v	BIOLOGICAL	solkeey	OL+K+EE+Y	OL+Y	1	1	Y	Y	POSTEN	4	4	OL	END	OL>A<END	CONTINUED_CARRIER_ARGUMENT	K+EE+Y	3	K+EE	NONE	YES	FORTSETZEN · POSTEN	weiter mit ARG als aktuellem Träger	weiter mit dem Posten als aktuellem Träger	TRÄGER FORTSETZEN → POSTEN	STATEMENT_INTERNAL	NO	FORTSETZEN · GEBEN · GRAD II · AKTIVER POSTEN	Y_IS_ARGUMENT_ATOM__NOT_THE_DY_CONTROL	ARGUMENT_VALUE_INSIDE_WRITTEN_CONTROL_ENVELOPE__NO_ROOT_OR_RECIPE_CHANGE	NONE
255	OLD26_GDT407	G407-E3112	G407-S482	f81v	BIOLOGICAL	qotain	OT+AIN	OT+AIN	1	1	AIN	AIN	ANTEIL	2	2	OT	END	OT>A<END	NEXT_CARRIER_ARGUMENT	AIN	1	NONE	NONE	YES	DANACH · ANTEIL	danach ARG als nächsten Träger eröffnen	danach den Anteil als nächsten Träger eröffnen	NÄCHSTEN TRÄGER ERÖFFNEN → ANTEIL	STATEMENT_INITIAL	NO	DANACH · ANTEIL	NOT_APPLICABLE	ARGUMENT_VALUE_INSIDE_WRITTEN_CONTROL_ENVELOPE__NO_ROOT_OR_RECIPE_CHANGE	G559-F01
256	OLD26_GDT407	G407-E3118	G407-S484	f81v	BIOLOGICAL	qolky	OL+K+Y	OL+Y	1	1	Y	Y	POSTEN	3	3	OL	END	OL>A<END	CONTINUED_CARRIER_ARGUMENT	K+Y	2	K	NONE	YES	FORTSETZEN · POSTEN	weiter mit ARG als aktuellem Träger	weiter mit dem Posten als aktuellem Träger	TRÄGER FORTSETZEN → POSTEN	STATEMENT_INTERNAL	NO	FORTSETZEN · GEBEN · AKTIVER POSTEN	Y_IS_ARGUMENT_ATOM__NOT_THE_DY_CONTROL	ARGUMENT_VALUE_INSIDE_WRITTEN_CONTROL_ENVELOPE__NO_ROOT_OR_RECIPE_CHANGE	G559-F04
257	OLD26_GDT407	G407-E3133	G407-S485	f81v	BIOLOGICAL	olkain	OL+K+AIN	OL+AIN	1	1	AIN	AIN	ANTEIL	3	3	OL	END	OL>A<END	CONTINUED_CARRIER_ARGUMENT	K+AIN	2	K	NONE	YES	FORTSETZEN · ANTEIL	weiter mit ARG als aktuellem Träger	weiter mit dem Anteil als aktuellem Träger	TRÄGER FORTSETZEN → ANTEIL	STATEMENT_INTERNAL	NO	FORTSETZEN · GEBEN · ANTEIL	NOT_APPLICABLE	ARGUMENT_VALUE_INSIDE_WRITTEN_CONTROL_ENVELOPE__NO_ROOT_OR_RECIPE_CHANGE	G559-F04
258	OLD26_GDT407	G407-E3138	G407-S486	f81v	BIOLOGICAL	olcthdy	OL+CH+T+D_ADDR+Y	OL+Y	1	1	Y	Y	POSTEN	5	5	OL	END	OL>A<END	CONTINUED_CARRIER_ARGUMENT	CH+T+D_ADDR+Y	4	CH+T+D_ADDR	NONE	YES	FORTSETZEN · POSTEN	weiter mit ARG als aktuellem Träger	weiter mit dem Posten als aktuellem Träger	TRÄGER FORTSETZEN → POSTEN	STATEMENT_INTERNAL	NO	FORTSETZEN · NEHMEN · EINSTELLEN · HIER · AKTIVER POSTEN	Y_IS_ARGUMENT_ATOM__NOT_THE_DY_CONTROL	ARGUMENT_VALUE_INSIDE_WRITTEN_CONTROL_ENVELOPE__NO_ROOT_OR_RECIPE_CHANGE	NONE
259	OLD26_GDT407	G407-E3196	G407-S498	f82r	BIOLOGICAL	solkaiin	OL+K+AIIN	OL+AIIN	1	1	AIIN	AIIN	WERT	3	3	OL	END	OL>A<END	CONTINUED_CARRIER_ARGUMENT	K+AIIN	2	K	NONE	YES	FORTSETZEN · WERT	weiter mit ARG als aktuellem Träger	weiter mit dem Wert als aktuellem Träger	TRÄGER FORTSETZEN → WERT	STATEMENT_INTERNAL	NO	FORTSETZEN · GEBEN · WERT	NOT_APPLICABLE	ARGUMENT_VALUE_INSIDE_WRITTEN_CONTROL_ENVELOPE__NO_ROOT_OR_RECIPE_CHANGE	G559-F04
260	OLD26_GDT407	G407-E3203	G407-S499	f82r	BIOLOGICAL	oteey	OT+EE+Y	OT+Y	1	1	Y	Y	POSTEN	3	3	OT	END	OT>A<END	NEXT_CARRIER_ARGUMENT	EE+Y	2	EE	NONE	YES	DANACH · POSTEN	danach ARG als nächsten Träger eröffnen	danach den Posten als nächsten Träger eröffnen	NÄCHSTEN TRÄGER ERÖFFNEN → POSTEN	STATEMENT_INITIAL	NO	DANACH · GRAD II · AKTIVER POSTEN	Y_IS_ARGUMENT_ATOM__NOT_THE_DY_CONTROL	ARGUMENT_VALUE_INSIDE_WRITTEN_CONTROL_ENVELOPE__NO_ROOT_OR_RECIPE_CHANGE	G559-F06
261	OLD26_GDT407	G407-E3222	G407-S502	f82r	BIOLOGICAL	qotaiin	OT+AIIN	OT+AIIN	1	1	AIIN	AIIN	WERT	2	2	OT	END	OT>A<END	NEXT_CARRIER_ARGUMENT	AIIN	1	NONE	NONE	YES	DANACH · WERT	danach ARG als nächsten Träger eröffnen	danach den Wert als nächsten Träger eröffnen	NÄCHSTEN TRÄGER ERÖFFNEN → WERT	STATEMENT_INTERNAL	NO	DANACH · WERT	NOT_APPLICABLE	ARGUMENT_VALUE_INSIDE_WRITTEN_CONTROL_ENVELOPE__NO_ROOT_OR_RECIPE_CHANGE	G559-F01
262	OLD26_GDT407	G407-E3225	G407-S503	f82r	BIOLOGICAL	sotaiin	S+OT+AIIN	OT+AIIN	1	1	AIIN	AIIN	WERT	3	3	OT	END	OT>A<END	NEXT_CARRIER_ARGUMENT	AIIN	1	NONE	NONE	YES	DANACH · WERT	danach ARG als nächsten Träger eröffnen	danach den Wert als nächsten Träger eröffnen	NÄCHSTEN TRÄGER ERÖFFNEN → WERT	STATEMENT_INITIAL	NO	WÄHLEN · DANACH · WERT	NOT_APPLICABLE	ARGUMENT_VALUE_INSIDE_WRITTEN_CONTROL_ENVELOPE__NO_ROOT_OR_RECIPE_CHANGE	G559-F09
263	OLD26_GDT407	G407-E3242	G407-S507	f82r	BIOLOGICAL	qoteor	OT+E+OR	OT+OR	1	1	OR	OR	EINHEIT	3	3	OT	END	OT>A<END	NEXT_CARRIER_ARGUMENT	E+OR	2	E	NONE	YES	DANACH · EINHEIT	danach ARG als nächsten Träger eröffnen	danach die Einheit als nächsten Träger eröffnen	NÄCHSTEN TRÄGER ERÖFFNEN → EINHEIT	STATEMENT_INTERNAL	NO	DANACH · GRAD I · EINHEIT	NOT_APPLICABLE	ARGUMENT_VALUE_INSIDE_WRITTEN_CONTROL_ENVELOPE__NO_ROOT_OR_RECIPE_CHANGE	G559-F03
264	OLD26_GDT407	G407-E3249	G407-S508	f82r	BIOLOGICAL	kolchdy	K+OL+CHD+Y	OL+Y	1	1	Y	Y	POSTEN	4	4	OL	END	OL>A<END	CONTINUED_CARRIER_ARGUMENT	CHD+Y	2	CHD	NONE	YES	FORTSETZEN · POSTEN	weiter mit ARG als aktuellem Träger	weiter mit dem Posten als aktuellem Träger	TRÄGER FORTSETZEN → POSTEN	STATEMENT_INITIAL	NO	GEBEN · FORTSETZEN · UMSETZEN · AKTIVER POSTEN	Y_IS_ARGUMENT_ATOM__NOT_THE_DY_CONTROL	ARGUMENT_VALUE_INSIDE_WRITTEN_CONTROL_ENVELOPE__NO_ROOT_OR_RECIPE_CHANGE	NONE
265	OLD26_GDT407	G407-E3252	G407-S509	f82r	BIOLOGICAL	qotedor	OT+E+D_ADDR+OR	OT+OR	1	1	OR	OR	EINHEIT	4	4	OT	END	OT>A<END	NEXT_CARRIER_ARGUMENT	E+D_ADDR+OR	3	E+D_ADDR	NONE	YES	DANACH · EINHEIT	danach ARG als nächsten Träger eröffnen	danach die Einheit als nächsten Träger eröffnen	NÄCHSTEN TRÄGER ERÖFFNEN → EINHEIT	STATEMENT_INTERNAL	NO	DANACH · GRAD I · HIER · EINHEIT	NOT_APPLICABLE	ARGUMENT_VALUE_INSIDE_WRITTEN_CONTROL_ENVELOPE__NO_ROOT_OR_RECIPE_CHANGE	NONE
266	OLD26_GDT407	G407-E3274	G407-S513	f82r	BIOLOGICAL	olchy	OL+CH+Y	OL+Y	1	1	Y	Y	POSTEN	3	3	OL	END	OL>A<END	CONTINUED_CARRIER_ARGUMENT	CH+Y	2	CH	NONE	YES	FORTSETZEN · POSTEN	weiter mit ARG als aktuellem Träger	weiter mit dem Posten als aktuellem Träger	TRÄGER FORTSETZEN → POSTEN	STATEMENT_INTERNAL	NO	FORTSETZEN · NEHMEN · AKTIVER POSTEN	Y_IS_ARGUMENT_ATOM__NOT_THE_DY_CONTROL	ARGUMENT_VALUE_INSIDE_WRITTEN_CONTROL_ENVELOPE__NO_ROOT_OR_RECIPE_CHANGE	NONE
267	OLD26_GDT407	G407-E3305	G407-S522	f82r	BIOLOGICAL	qoteey	OT+EE+Y	OT+Y	1	1	Y	Y	POSTEN	3	3	OT	END	OT>A<END	NEXT_CARRIER_ARGUMENT	EE+Y	2	EE	NONE	YES	DANACH · POSTEN	danach ARG als nächsten Träger eröffnen	danach den Posten als nächsten Träger eröffnen	NÄCHSTEN TRÄGER ERÖFFNEN → POSTEN	STATEMENT_INITIAL	NO	DANACH · GRAD II · AKTIVER POSTEN	Y_IS_ARGUMENT_ATOM__NOT_THE_DY_CONTROL	ARGUMENT_VALUE_INSIDE_WRITTEN_CONTROL_ENVELOPE__NO_ROOT_OR_RECIPE_CHANGE	G559-F06
268	OLD26_GDT407	G407-E3313	G407-S524	f82r	BIOLOGICAL	otain	OT+AIN	OT+AIN	1	1	AIN	AIN	ANTEIL	2	2	OT	END	OT>A<END	NEXT_CARRIER_ARGUMENT	AIN	1	NONE	NONE	YES	DANACH · ANTEIL	danach ARG als nächsten Träger eröffnen	danach den Anteil als nächsten Träger eröffnen	NÄCHSTEN TRÄGER ERÖFFNEN → ANTEIL	STATEMENT_INTERNAL	NO	DANACH · ANTEIL	NOT_APPLICABLE	ARGUMENT_VALUE_INSIDE_WRITTEN_CONTROL_ENVELOPE__NO_ROOT_OR_RECIPE_CHANGE	G559-F01
269	OLD26_GDT407	G407-E3337	G407-S530	f82r	BIOLOGICAL	qoly	OL+Y	OL+Y	1	1	Y	Y	POSTEN	2	2	OL	END	OL>A<END	CONTINUED_CARRIER_ARGUMENT	Y	1	NONE	NONE	YES	FORTSETZEN · POSTEN	weiter mit ARG als aktuellem Träger	weiter mit dem Posten als aktuellem Träger	TRÄGER FORTSETZEN → POSTEN	STATEMENT_INITIAL	NO	FORTSETZEN · AKTIVER POSTEN	Y_IS_ARGUMENT_ATOM__NOT_THE_DY_CONTROL	ARGUMENT_VALUE_INSIDE_WRITTEN_CONTROL_ENVELOPE__NO_ROOT_OR_RECIPE_CHANGE	G559-F02
270	OLD26_GDT407	G407-E3375	G407-S534	f82r	BIOLOGICAL	ydy	Y+DY	Y+DY	1	1	Y	Y	POSTEN	1	2	START	DY	START>A<DY	CLOSING_ARGUMENT	Y	1	NONE	NONE	YES	POSTEN · ABSCHLIESSEN	ARG führen und den Schritt abschließen	den Posten führen und den Schritt abschließen	POSTEN → SCHRITT ABSCHLIESSEN	STATEMENT_FINAL	YES	AKTIVER POSTEN · SCHLUSS	Y_IS_ARGUMENT_ATOM__DY_IS_SEPARATE_CLOSE_CONTROL	ARGUMENT_VALUE_INSIDE_WRITTEN_CONTROL_ENVELOPE__NO_ROOT_OR_RECIPE_CHANGE	NONE
271	OLD26_GDT407	G407-E3392	G407-S539	f82r	BIOLOGICAL	oteey	OT+EE+Y	OT+Y	1	1	Y	Y	POSTEN	3	3	OT	END	OT>A<END	NEXT_CARRIER_ARGUMENT	EE+Y	2	EE	NONE	YES	DANACH · POSTEN	danach ARG als nächsten Träger eröffnen	danach den Posten als nächsten Träger eröffnen	NÄCHSTEN TRÄGER ERÖFFNEN → POSTEN	STATEMENT_INTERNAL	NO	DANACH · GRAD II · AKTIVER POSTEN	Y_IS_ARGUMENT_ATOM__NOT_THE_DY_CONTROL	ARGUMENT_VALUE_INSIDE_WRITTEN_CONTROL_ENVELOPE__NO_ROOT_OR_RECIPE_CHANGE	G559-F06
272	OLD26_GDT407	G407-E3406	G407-S548	f82r	BIOLOGICAL	qotaiin	OT+AIIN	OT+AIIN	1	1	AIIN	AIIN	WERT	2	2	OT	END	OT>A<END	NEXT_CARRIER_ARGUMENT	AIIN	1	NONE	NONE	YES	DANACH · WERT	danach ARG als nächsten Träger eröffnen	danach den Wert als nächsten Träger eröffnen	NÄCHSTEN TRÄGER ERÖFFNEN → WERT	STATEMENT_INITIAL	NO	DANACH · WERT	NOT_APPLICABLE	ARGUMENT_VALUE_INSIDE_WRITTEN_CONTROL_ENVELOPE__NO_ROOT_OR_RECIPE_CHANGE	G559-F01
273	OLD26_GDT407	G407-E3411	G407-S548	f82r	BIOLOGICAL	oly	OL+Y	OL+Y	1	1	Y	Y	POSTEN	2	2	OL	END	OL>A<END	CONTINUED_CARRIER_ARGUMENT	Y	1	NONE	NONE	YES	FORTSETZEN · POSTEN	weiter mit ARG als aktuellem Träger	weiter mit dem Posten als aktuellem Träger	TRÄGER FORTSETZEN → POSTEN	STATEMENT_INTERNAL	NO	FORTSETZEN · AKTIVER POSTEN	Y_IS_ARGUMENT_ATOM__NOT_THE_DY_CONTROL	ARGUMENT_VALUE_INSIDE_WRITTEN_CONTROL_ENVELOPE__NO_ROOT_OR_RECIPE_CHANGE	G559-F02
274	OLD26_GDT407	G407-E3420	G407-S552	f82r	BIOLOGICAL	qoty	OT+Y	OT+Y	1	1	Y	Y	POSTEN	2	2	OT	END	OT>A<END	NEXT_CARRIER_ARGUMENT	Y	1	NONE	NONE	YES	DANACH · POSTEN	danach ARG als nächsten Träger eröffnen	danach den Posten als nächsten Träger eröffnen	NÄCHSTEN TRÄGER ERÖFFNEN → POSTEN	STATEMENT_INITIAL	NO	DANACH · AKTIVER POSTEN	Y_IS_ARGUMENT_ATOM__NOT_THE_DY_CONTROL	ARGUMENT_VALUE_INSIDE_WRITTEN_CONTROL_ENVELOPE__NO_ROOT_OR_RECIPE_CHANGE	G559-F01
275	OLD26_GDT407	G407-E3421	G407-S552	f82r	BIOLOGICAL	qoty	OT+Y	OT+Y	1	1	Y	Y	POSTEN	2	2	OT	END	OT>A<END	NEXT_CARRIER_ARGUMENT	Y	1	NONE	NONE	YES	DANACH · POSTEN	danach ARG als nächsten Träger eröffnen	danach den Posten als nächsten Träger eröffnen	NÄCHSTEN TRÄGER ERÖFFNEN → POSTEN	STATEMENT_INTERNAL	NO	DANACH · AKTIVER POSTEN	Y_IS_ARGUMENT_ATOM__NOT_THE_DY_CONTROL	ARGUMENT_VALUE_INSIDE_WRITTEN_CONTROL_ENVELOPE__NO_ROOT_OR_RECIPE_CHANGE	G559-F01
276	OLD26_GDT407	G407-E3422	G407-S552	f82r	BIOLOGICAL	qoteey	OT+EE+Y	OT+Y	1	1	Y	Y	POSTEN	3	3	OT	END	OT>A<END	NEXT_CARRIER_ARGUMENT	EE+Y	2	EE	NONE	YES	DANACH · POSTEN	danach ARG als nächsten Träger eröffnen	danach den Posten als nächsten Träger eröffnen	NÄCHSTEN TRÄGER ERÖFFNEN → POSTEN	STATEMENT_INTERNAL	NO	DANACH · GRAD II · AKTIVER POSTEN	Y_IS_ARGUMENT_ATOM__NOT_THE_DY_CONTROL	ARGUMENT_VALUE_INSIDE_WRITTEN_CONTROL_ENVELOPE__NO_ROOT_OR_RECIPE_CHANGE	G559-F06
277	OLD26_GDT407	G407-E3425	G407-S552	f82r	BIOLOGICAL	qoteey	OT+EE+Y	OT+Y	1	1	Y	Y	POSTEN	3	3	OT	END	OT>A<END	NEXT_CARRIER_ARGUMENT	EE+Y	2	EE	NONE	YES	DANACH · POSTEN	danach ARG als nächsten Träger eröffnen	danach den Posten als nächsten Träger eröffnen	NÄCHSTEN TRÄGER ERÖFFNEN → POSTEN	STATEMENT_INTERNAL	NO	DANACH · GRAD II · AKTIVER POSTEN	Y_IS_ARGUMENT_ATOM__NOT_THE_DY_CONTROL	ARGUMENT_VALUE_INSIDE_WRITTEN_CONTROL_ENVELOPE__NO_ROOT_OR_RECIPE_CHANGE	G559-F06
278	OLD26_GDT407	G407-E3435	G407-S556	f82r	BIOLOGICAL	qoty	OT+Y	OT+Y	1	1	Y	Y	POSTEN	2	2	OT	END	OT>A<END	NEXT_CARRIER_ARGUMENT	Y	1	NONE	NONE	YES	DANACH · POSTEN	danach ARG als nächsten Träger eröffnen	danach den Posten als nächsten Träger eröffnen	NÄCHSTEN TRÄGER ERÖFFNEN → POSTEN	STATEMENT_INITIAL	NO	DANACH · AKTIVER POSTEN	Y_IS_ARGUMENT_ATOM__NOT_THE_DY_CONTROL	ARGUMENT_VALUE_INSIDE_WRITTEN_CONTROL_ENVELOPE__NO_ROOT_OR_RECIPE_CHANGE	G559-F01
279	OLD26_GDT407	G407-E3493	G407-S566	f83r	BIOLOGICAL	qotaiin	OT+AIIN	OT+AIIN	1	1	AIIN	AIIN	WERT	2	2	OT	END	OT>A<END	NEXT_CARRIER_ARGUMENT	AIIN	1	NONE	NONE	YES	DANACH · WERT	danach ARG als nächsten Träger eröffnen	danach den Wert als nächsten Träger eröffnen	NÄCHSTEN TRÄGER ERÖFFNEN → WERT	STATEMENT_INTERNAL	NO	DANACH · WERT	NOT_APPLICABLE	ARGUMENT_VALUE_INSIDE_WRITTEN_CONTROL_ENVELOPE__NO_ROOT_OR_RECIPE_CHANGE	G559-F01
280	OLD26_GDT407	G407-E3495	G407-S566	f83r	BIOLOGICAL	qoty	OT+Y	OT+Y	1	1	Y	Y	POSTEN	2	2	OT	END	OT>A<END	NEXT_CARRIER_ARGUMENT	Y	1	NONE	NONE	YES	DANACH · POSTEN	danach ARG als nächsten Träger eröffnen	danach den Posten als nächsten Träger eröffnen	NÄCHSTEN TRÄGER ERÖFFNEN → POSTEN	STATEMENT_INTERNAL	NO	DANACH · AKTIVER POSTEN	Y_IS_ARGUMENT_ATOM__NOT_THE_DY_CONTROL	ARGUMENT_VALUE_INSIDE_WRITTEN_CONTROL_ENVELOPE__NO_ROOT_OR_RECIPE_CHANGE	G559-F01
281	OLD26_GDT407	G407-E3536	G407-S579	f83r	BIOLOGICAL	olkeey	OL+K+EE+Y	OL+Y	1	1	Y	Y	POSTEN	4	4	OL	END	OL>A<END	CONTINUED_CARRIER_ARGUMENT	K+EE+Y	3	K+EE	NONE	YES	FORTSETZEN · POSTEN	weiter mit ARG als aktuellem Träger	weiter mit dem Posten als aktuellem Träger	TRÄGER FORTSETZEN → POSTEN	STATEMENT_INTERNAL	NO	FORTSETZEN · GEBEN · GRAD II · AKTIVER POSTEN	Y_IS_ARGUMENT_ATOM__NOT_THE_DY_CONTROL	ARGUMENT_VALUE_INSIDE_WRITTEN_CONTROL_ENVELOPE__NO_ROOT_OR_RECIPE_CHANGE	NONE
282	OLD26_GDT407	G407-E3613	G407-S598	f83r	BIOLOGICAL	otor	OT+OR	OT+OR	1	1	OR	OR	EINHEIT	2	2	OT	END	OT>A<END	NEXT_CARRIER_ARGUMENT	OR	1	NONE	NONE	YES	DANACH · EINHEIT	danach ARG als nächsten Träger eröffnen	danach die Einheit als nächsten Träger eröffnen	NÄCHSTEN TRÄGER ERÖFFNEN → EINHEIT	STATEMENT_INITIAL	NO	DANACH · EINHEIT	NOT_APPLICABLE	ARGUMENT_VALUE_INSIDE_WRITTEN_CONTROL_ENVELOPE__NO_ROOT_OR_RECIPE_CHANGE	G559-F01
283	OLD26_GDT407	G407-E3616	G407-S599	f83r	BIOLOGICAL	otshdy	OT+SH+D_ADDR+Y	OT+Y	1	1	Y	Y	POSTEN	4	4	OT	END	OT>A<END	NEXT_CARRIER_ARGUMENT	SH+D_ADDR+Y	3	SH+D_ADDR	NONE	YES	DANACH · POSTEN	danach ARG als nächsten Träger eröffnen	danach den Posten als nächsten Träger eröffnen	NÄCHSTEN TRÄGER ERÖFFNEN → POSTEN	STATEMENT_INTERNAL	NO	DANACH · HALTEN · HIER · AKTIVER POSTEN	Y_IS_ARGUMENT_ATOM__NOT_THE_DY_CONTROL	ARGUMENT_VALUE_INSIDE_WRITTEN_CONTROL_ENVELOPE__NO_ROOT_OR_RECIPE_CHANGE	NONE
284	OLD26_GDT407	G407-E3619	G407-S599	f83r	BIOLOGICAL	soldy	S+OL+D_ADDR+Y	OL+Y	1	1	Y	Y	POSTEN	4	4	OL	END	OL>A<END	CONTINUED_CARRIER_ARGUMENT	D_ADDR+Y	2	D_ADDR	NONE	YES	FORTSETZEN · POSTEN	weiter mit ARG als aktuellem Träger	weiter mit dem Posten als aktuellem Träger	TRÄGER FORTSETZEN → POSTEN	STATEMENT_INTERNAL	NO	WÄHLEN · FORTSETZEN · HIER · AKTIVER POSTEN	Y_IS_ARGUMENT_ATOM__NOT_THE_DY_CONTROL	ARGUMENT_VALUE_INSIDE_WRITTEN_CONTROL_ENVELOPE__NO_ROOT_OR_RECIPE_CHANGE	NONE
285	OLD26_GDT407	G407-E3631	G407-S602	f83r	BIOLOGICAL	solkeedy	OL+K+EE+D_ADDR+Y	OL+Y	1	1	Y	Y	POSTEN	5	5	OL	END	OL>A<END	CONTINUED_CARRIER_ARGUMENT	K+EE+D_ADDR+Y	4	K+EE+D_ADDR	NONE	YES	FORTSETZEN · POSTEN	weiter mit ARG als aktuellem Träger	weiter mit dem Posten als aktuellem Träger	TRÄGER FORTSETZEN → POSTEN	STATEMENT_INITIAL	NO	FORTSETZEN · GEBEN · GRAD II · HIER · AKTIVER POSTEN	Y_IS_ARGUMENT_ATOM__NOT_THE_DY_CONTROL	ARGUMENT_VALUE_INSIDE_WRITTEN_CONTROL_ENVELOPE__NO_ROOT_OR_RECIPE_CHANGE	NONE
286	OLD26_GDT407	G407-E3640	G407-S605	f83r	BIOLOGICAL	solkeedy	OL+K+EE+D_ADDR+Y	OL+Y	1	1	Y	Y	POSTEN	5	5	OL	END	OL>A<END	CONTINUED_CARRIER_ARGUMENT	K+EE+D_ADDR+Y	4	K+EE+D_ADDR	NONE	YES	FORTSETZEN · POSTEN	weiter mit ARG als aktuellem Träger	weiter mit dem Posten als aktuellem Träger	TRÄGER FORTSETZEN → POSTEN	STATEMENT_INTERNAL	NO	FORTSETZEN · GEBEN · GRAD II · HIER · AKTIVER POSTEN	Y_IS_ARGUMENT_ATOM__NOT_THE_DY_CONTROL	ARGUMENT_VALUE_INSIDE_WRITTEN_CONTROL_ENVELOPE__NO_ROOT_OR_RECIPE_CHANGE	NONE
287	OLD26_GDT407	G407-E3655	G407-S611	f83r	BIOLOGICAL	qotedaiin	OT+E+AIIN	OT+AIIN	1	1	AIIN	AIIN	WERT	3	3	OT	END	OT>A<END	NEXT_CARRIER_ARGUMENT	E+AIIN	2	E	NONE	YES	DANACH · WERT	danach ARG als nächsten Träger eröffnen	danach den Wert als nächsten Träger eröffnen	NÄCHSTEN TRÄGER ERÖFFNEN → WERT	STATEMENT_INTERNAL	NO	DANACH · GRAD I · WERT	NOT_APPLICABLE	ARGUMENT_VALUE_INSIDE_WRITTEN_CONTROL_ENVELOPE__NO_ROOT_OR_RECIPE_CHANGE	G559-F03
288	OLD26_GDT407	G407-E3656	G407-S611	f83r	BIOLOGICAL	otaiin	OT+AIIN	OT+AIIN	1	1	AIIN	AIIN	WERT	2	2	OT	END	OT>A<END	NEXT_CARRIER_ARGUMENT	AIIN	1	NONE	NONE	YES	DANACH · WERT	danach ARG als nächsten Träger eröffnen	danach den Wert als nächsten Träger eröffnen	NÄCHSTEN TRÄGER ERÖFFNEN → WERT	STATEMENT_INTERNAL	NO	DANACH · WERT	NOT_APPLICABLE	ARGUMENT_VALUE_INSIDE_WRITTEN_CONTROL_ENVELOPE__NO_ROOT_OR_RECIPE_CHANGE	G559-F01
289	OLD26_GDT407	G407-E3666	G407-S616	f83r	BIOLOGICAL	otor	OT+OR	OT+OR	1	1	OR	OR	EINHEIT	2	2	OT	END	OT>A<END	NEXT_CARRIER_ARGUMENT	OR	1	NONE	NONE	YES	DANACH · EINHEIT	danach ARG als nächsten Träger eröffnen	danach die Einheit als nächsten Träger eröffnen	NÄCHSTEN TRÄGER ERÖFFNEN → EINHEIT	STATEMENT_INTERNAL	NO	DANACH · EINHEIT	NOT_APPLICABLE	ARGUMENT_VALUE_INSIDE_WRITTEN_CONTROL_ENVELOPE__NO_ROOT_OR_RECIPE_CHANGE	G559-F01
290	OLD26_GDT407	G407-E3671	G407-S616	f83r	BIOLOGICAL	otaiin	OT+AIIN	OT+AIIN	1	1	AIIN	AIIN	WERT	2	2	OT	END	OT>A<END	NEXT_CARRIER_ARGUMENT	AIIN	1	NONE	NONE	YES	DANACH · WERT	danach ARG als nächsten Träger eröffnen	danach den Wert als nächsten Träger eröffnen	NÄCHSTEN TRÄGER ERÖFFNEN → WERT	STATEMENT_INTERNAL	NO	DANACH · WERT	NOT_APPLICABLE	ARGUMENT_VALUE_INSIDE_WRITTEN_CONTROL_ENVELOPE__NO_ROOT_OR_RECIPE_CHANGE	G559-F01
291	OLD26_GDT407	G407-E3672	G407-S616	f83r	BIOLOGICAL	olsaly	OL+AL+Y	OL+Y	1	1	Y	Y	POSTEN	3	3	OL	END	OL>A<END	CONTINUED_CARRIER_ARGUMENT	AL+Y	2	AL	NONE	YES	FORTSETZEN · POSTEN	weiter mit ARG als aktuellem Träger	weiter mit dem Posten als aktuellem Träger	TRÄGER FORTSETZEN → POSTEN	STATEMENT_INTERNAL	NO	FORTSETZEN · ZIELORT · AKTIVER POSTEN	Y_IS_ARGUMENT_ATOM__NOT_THE_DY_CONTROL	ARGUMENT_VALUE_INSIDE_WRITTEN_CONTROL_ENVELOPE__NO_ROOT_OR_RECIPE_CHANGE	NONE
292	OLD26_GDT407	G407-E3675	G407-S618	f83r	BIOLOGICAL	qolchey	OL+Y	OL+Y	1	1	Y	Y	POSTEN	2	2	OL	END	OL>A<END	CONTINUED_CARRIER_ARGUMENT	Y	1	NONE	NONE	YES	FORTSETZEN · POSTEN	weiter mit ARG als aktuellem Träger	weiter mit dem Posten als aktuellem Träger	TRÄGER FORTSETZEN → POSTEN	STATEMENT_INITIAL	NO	FORTSETZEN · AKTIVER POSTEN	Y_IS_ARGUMENT_ATOM__NOT_THE_DY_CONTROL	ARGUMENT_VALUE_INSIDE_WRITTEN_CONTROL_ENVELOPE__NO_ROOT_OR_RECIPE_CHANGE	G559-F02
293	OLD26_GDT407	G407-E3680	G407-S619	f83r	BIOLOGICAL	otchey	OT+Y	OT+Y	1	1	Y	Y	POSTEN	2	2	OT	END	OT>A<END	NEXT_CARRIER_ARGUMENT	Y	1	NONE	NONE	YES	DANACH · POSTEN	danach ARG als nächsten Träger eröffnen	danach den Posten als nächsten Träger eröffnen	NÄCHSTEN TRÄGER ERÖFFNEN → POSTEN	STATEMENT_INTERNAL	NO	DANACH · AKTIVER POSTEN	Y_IS_ARGUMENT_ATOM__NOT_THE_DY_CONTROL	ARGUMENT_VALUE_INSIDE_WRITTEN_CONTROL_ENVELOPE__NO_ROOT_OR_RECIPE_CHANGE	G559-F01
294	OLD26_GDT407	G407-E3685	G407-S620	f83r	BIOLOGICAL	qokylddy	OK+Y+L+D_ADDR+DY	Y+DY	1	1	Y	Y	POSTEN	2	5	START	DY	START>A<DY	CLOSING_ARGUMENT	OK+Y+L+D_ADDR	2	OK	L+D_ADDR	YES	POSTEN · ABSCHLIESSEN	ARG führen und den Schritt abschließen	den Posten führen und den Schritt abschließen	POSTEN → SCHRITT ABSCHLIESSEN	SINGLETON_STATEMENT	YES	SETZEN · AKTIVER POSTEN · VERBINDUNG · HIER · SCHLUSS	Y_IS_ARGUMENT_ATOM__DY_IS_SEPARATE_CLOSE_CONTROL	ARGUMENT_VALUE_INSIDE_WRITTEN_CONTROL_ENVELOPE__NO_ROOT_OR_RECIPE_CHANGE	NONE
295	OLD26_GDT407	G407-E3744	G407-S640	f83r	BIOLOGICAL	dairydy	AIR+Y+DY	Y+DY	1	1	Y	Y	POSTEN	2	3	START	DY	START>A<DY	CLOSING_ARGUMENT	AIR+Y	2	AIR	NONE	YES	POSTEN · ABSCHLIESSEN	ARG führen und den Schritt abschließen	den Posten führen und den Schritt abschließen	POSTEN → SCHRITT ABSCHLIESSEN	STATEMENT_FINAL	YES	LAUF · AKTIVER POSTEN · SCHLUSS	Y_IS_ARGUMENT_ATOM__DY_IS_SEPARATE_CLOSE_CONTROL	ARGUMENT_VALUE_INSIDE_WRITTEN_CONTROL_ENVELOPE__NO_ROOT_OR_RECIPE_CHANGE	NONE
296	OLD26_GDT407	G407-E3749	G407-S641	f83r	BIOLOGICAL	solchedy	S+OL+CHD+Y	OL+Y	1	1	Y	Y	POSTEN	4	4	OL	END	OL>A<END	CONTINUED_CARRIER_ARGUMENT	CHD+Y	2	CHD	NONE	YES	FORTSETZEN · POSTEN	weiter mit ARG als aktuellem Träger	weiter mit dem Posten als aktuellem Träger	TRÄGER FORTSETZEN → POSTEN	STATEMENT_INTERNAL	NO	WÄHLEN · FORTSETZEN · UMSETZEN · AKTIVER POSTEN	Y_IS_ARGUMENT_ATOM__NOT_THE_DY_CONTROL	ARGUMENT_VALUE_INSIDE_WRITTEN_CONTROL_ENVELOPE__NO_ROOT_OR_RECIPE_CHANGE	NONE
297	OLD26_GDT407	G407-E3752	G407-S642	f83r	BIOLOGICAL	solkey	OL+K+E+Y	OL+Y	1	1	Y	Y	POSTEN	4	4	OL	END	OL>A<END	CONTINUED_CARRIER_ARGUMENT	K+E+Y	3	K+E	NONE	YES	FORTSETZEN · POSTEN	weiter mit ARG als aktuellem Träger	weiter mit dem Posten als aktuellem Träger	TRÄGER FORTSETZEN → POSTEN	STATEMENT_INTERNAL	NO	FORTSETZEN · GEBEN · GRAD I · AKTIVER POSTEN	Y_IS_ARGUMENT_ATOM__NOT_THE_DY_CONTROL	ARGUMENT_VALUE_INSIDE_WRITTEN_CONTROL_ENVELOPE__NO_ROOT_OR_RECIPE_CHANGE	NONE
298	OLD26_GDT407	G407-E3754	G407-S643	f83r	BIOLOGICAL	qolkain	OL+K+AIN	OL+AIN	1	1	AIN	AIN	ANTEIL	3	3	OL	END	OL>A<END	CONTINUED_CARRIER_ARGUMENT	K+AIN	2	K	NONE	YES	FORTSETZEN · ANTEIL	weiter mit ARG als aktuellem Träger	weiter mit dem Anteil als aktuellem Träger	TRÄGER FORTSETZEN → ANTEIL	STATEMENT_INITIAL	NO	FORTSETZEN · GEBEN · ANTEIL	NOT_APPLICABLE	ARGUMENT_VALUE_INSIDE_WRITTEN_CONTROL_ENVELOPE__NO_ROOT_OR_RECIPE_CHANGE	G559-F04
299	OLD26_GDT407	G407-E3780	G407-S647	f83r	BIOLOGICAL	solkeey	OL+K+EE+Y	OL+Y	1	1	Y	Y	POSTEN	4	4	OL	END	OL>A<END	CONTINUED_CARRIER_ARGUMENT	K+EE+Y	3	K+EE	NONE	YES	FORTSETZEN · POSTEN	weiter mit ARG als aktuellem Träger	weiter mit dem Posten als aktuellem Träger	TRÄGER FORTSETZEN → POSTEN	STATEMENT_INITIAL	NO	FORTSETZEN · GEBEN · GRAD II · AKTIVER POSTEN	Y_IS_ARGUMENT_ATOM__NOT_THE_DY_CONTROL	ARGUMENT_VALUE_INSIDE_WRITTEN_CONTROL_ENVELOPE__NO_ROOT_OR_RECIPE_CHANGE	NONE
300	OLD26_GDT407	G407-E3801	G407-S648	f88r	PHARMA	sholfchor	SH+OL+LOCAL_CHAR_F+CH+OR	OL+OR	1	1	OR	OR	EINHEIT	5	5	OL	END	OL>A<END	CONTINUED_CARRIER_ARGUMENT	LOCAL_CHAR_F+CH+OR	3	LOCAL_CHAR_F+CH	NONE	YES	FORTSETZEN · EINHEIT	weiter mit ARG als aktuellem Träger	weiter mit der Einheit als aktuellem Träger	TRÄGER FORTSETZEN → EINHEIT	STATEMENT_INTERNAL	NO	HALTEN · FORTSETZEN · HIER · NEHMEN · EINHEIT	NOT_APPLICABLE	ARGUMENT_VALUE_INSIDE_WRITTEN_CONTROL_ENVELOPE__NO_ROOT_OR_RECIPE_CHANGE	NONE
301	OLD26_GDT407	G407-E3832	G407-S648	f88r	PHARMA	doleeey	D_ADDR+OL+EEE+Y	OL+Y	1	1	Y	Y	POSTEN	4	4	OL	END	OL>A<END	CONTINUED_CARRIER_ARGUMENT	EEE+Y	2	EEE	NONE	YES	FORTSETZEN · POSTEN	weiter mit ARG als aktuellem Träger	weiter mit dem Posten als aktuellem Träger	TRÄGER FORTSETZEN → POSTEN	STATEMENT_INTERNAL	NO	HIER · FORTSETZEN · GRAD III · AKTIVER POSTEN	Y_IS_ARGUMENT_ATOM__NOT_THE_DY_CONTROL	ARGUMENT_VALUE_INSIDE_WRITTEN_CONTROL_ENVELOPE__NO_ROOT_OR_RECIPE_CHANGE	NONE
302	OLD26_GDT407	G407-E3865	G407-S650	f88r	PHARMA	oteor	OT+E+OR	OT+OR	1	1	OR	OR	EINHEIT	3	3	OT	END	OT>A<END	NEXT_CARRIER_ARGUMENT	E+OR	2	E	NONE	YES	DANACH · EINHEIT	danach ARG als nächsten Träger eröffnen	danach die Einheit als nächsten Träger eröffnen	NÄCHSTEN TRÄGER ERÖFFNEN → EINHEIT	STATEMENT_INTERNAL	NO	DANACH · GRAD I · EINHEIT	NOT_APPLICABLE	ARGUMENT_VALUE_INSIDE_WRITTEN_CONTROL_ENVELOPE__NO_ROOT_OR_RECIPE_CHANGE	G559-F03
303	OLD26_GDT407	G407-E3881	G407-S650	f88r	PHARMA	chorcholsal	CH+OR+OL+S+AL	OR+OL	1	1	OR	OR	EINHEIT	2	5	START	OL	START>A<OL	RETAINED_ARGUMENT	CH+OR	2	CH	NONE	YES	EINHEIT · FORTSETZEN	ARG weiterführen	die Einheit weiterführen	EINHEIT → TRÄGER FORTSETZEN	STATEMENT_FINAL	YES	NEHMEN · EINHEIT · FORTSETZEN · WÄHLEN · ZIELORT	NOT_APPLICABLE	ARGUMENT_VALUE_INSIDE_WRITTEN_CONTROL_ENVELOPE__NO_ROOT_OR_RECIPE_CHANGE	NONE
304	OLD26_GDT407	G407-E3884	G407-S651	f88r	PHARMA	olkeey	OL+K+EE+Y	OL+Y	1	1	Y	Y	POSTEN	4	4	OL	END	OL>A<END	CONTINUED_CARRIER_ARGUMENT	K+EE+Y	3	K+EE	NONE	YES	FORTSETZEN · POSTEN	weiter mit ARG als aktuellem Träger	weiter mit dem Posten als aktuellem Träger	TRÄGER FORTSETZEN → POSTEN	STATEMENT_INTERNAL	NO	FORTSETZEN · GEBEN · GRAD II · AKTIVER POSTEN	Y_IS_ARGUMENT_ATOM__NOT_THE_DY_CONTROL	ARGUMENT_VALUE_INSIDE_WRITTEN_CONTROL_ENVELOPE__NO_ROOT_OR_RECIPE_CHANGE	NONE
305	OLD26_GDT407	G407-E3886	G407-S651	f88r	PHARMA	poldy	P+OL+D_ADDR+Y	OL+Y	1	1	Y	Y	POSTEN	4	4	OL	END	OL>A<END	CONTINUED_CARRIER_ARGUMENT	D_ADDR+Y	2	D_ADDR	NONE	YES	FORTSETZEN · POSTEN	weiter mit ARG als aktuellem Träger	weiter mit dem Posten als aktuellem Träger	TRÄGER FORTSETZEN → POSTEN	STATEMENT_INTERNAL	NO	EINSETZEN · FORTSETZEN · HIER · AKTIVER POSTEN	Y_IS_ARGUMENT_ATOM__NOT_THE_DY_CONTROL	ARGUMENT_VALUE_INSIDE_WRITTEN_CONTROL_ENVELOPE__NO_ROOT_OR_RECIPE_CHANGE	NONE
306	OLD26_GDT407	G407-E3972	G407-S657	f88v	PHARMA	oldaiin	OL+D_ADDR+AIIN	OL+AIIN	1	1	AIIN	AIIN	WERT	3	3	OL	END	OL>A<END	CONTINUED_CARRIER_ARGUMENT	D_ADDR+AIIN	2	D_ADDR	NONE	YES	FORTSETZEN · WERT	weiter mit ARG als aktuellem Träger	weiter mit dem Wert als aktuellem Träger	TRÄGER FORTSETZEN → WERT	STATEMENT_INTERNAL	NO	FORTSETZEN · HIER · WERT	NOT_APPLICABLE	ARGUMENT_VALUE_INSIDE_WRITTEN_CONTROL_ENVELOPE__NO_ROOT_OR_RECIPE_CHANGE	NONE
307	OLD26_GDT407	G407-E3974	G407-S658	f88v	PHARMA	yfolaiin	Y+LOCAL_CHAR_F+OL+AIIN	Y+OL+AIIN	1	2	Y+AIIN	Y	POSTEN	1	4	START	OL	START>A<OL	RETAINED_ARGUMENT	Y+LOCAL_CHAR_F	1	NONE	LOCAL_CHAR_F	NO	POSTEN · FORTSETZEN	ARG weiterführen	den Posten weiterführen	POSTEN → TRÄGER FORTSETZEN → WERT	STATEMENT_INITIAL	NO	AKTIVER POSTEN · HIER · FORTSETZEN · WERT	Y_IS_ARGUMENT_ATOM__NOT_THE_DY_CONTROL	ARGUMENT_VALUE_INSIDE_WRITTEN_CONTROL_ENVELOPE__NO_ROOT_OR_RECIPE_CHANGE	NONE
308	OLD26_GDT407	G407-E3974	G407-S658	f88v	PHARMA	yfolaiin	Y+LOCAL_CHAR_F+OL+AIIN	Y+OL+AIIN	2	2	Y+AIIN	AIIN	WERT	4	4	OL	END	OL>A<END	CONTINUED_CARRIER_ARGUMENT	AIIN	1	NONE	NONE	YES	FORTSETZEN · WERT	weiter mit ARG als aktuellem Träger	weiter mit dem Wert als aktuellem Träger	POSTEN → TRÄGER FORTSETZEN → WERT	STATEMENT_INITIAL	NO	AKTIVER POSTEN · HIER · FORTSETZEN · WERT	NOT_APPLICABLE	ARGUMENT_VALUE_INSIDE_WRITTEN_CONTROL_ENVELOPE__NO_ROOT_OR_RECIPE_CHANGE	NONE
309	OLD26_GDT407	G407-E3988	G407-S658	f88v	PHARMA	oteody	OT+E+O+Y	OT+Y	1	1	Y	Y	POSTEN	4	4	OT	END	OT>A<END	NEXT_CARRIER_ARGUMENT	E+O+Y	3	E+O	NONE	YES	DANACH · POSTEN	danach ARG als nächsten Träger eröffnen	danach den Posten als nächsten Träger eröffnen	NÄCHSTEN TRÄGER ERÖFFNEN → POSTEN	STATEMENT_INTERNAL	NO	DANACH · GRAD I · AUSFÜHRUNG · AKTIVER POSTEN	Y_IS_ARGUMENT_ATOM__NOT_THE_DY_CONTROL	ARGUMENT_VALUE_INSIDE_WRITTEN_CONTROL_ENVELOPE__NO_ROOT_OR_RECIPE_CHANGE	NONE
310	OLD26_GDT407	G407-E4005	G407-S660	f88v	PHARMA	olaiin	OL+AIIN	OL+AIIN	1	1	AIIN	AIIN	WERT	2	2	OL	END	OL>A<END	CONTINUED_CARRIER_ARGUMENT	AIIN	1	NONE	NONE	YES	FORTSETZEN · WERT	weiter mit ARG als aktuellem Träger	weiter mit dem Wert als aktuellem Träger	TRÄGER FORTSETZEN → WERT	STATEMENT_INTERNAL	NO	FORTSETZEN · WERT	NOT_APPLICABLE	ARGUMENT_VALUE_INSIDE_WRITTEN_CONTROL_ENVELOPE__NO_ROOT_OR_RECIPE_CHANGE	G559-F02
311	OLD26_GDT407	G407-E4008	G407-S660	f88v	PHARMA	oteody	OT+E+O+Y	OT+Y	1	1	Y	Y	POSTEN	4	4	OT	END	OT>A<END	NEXT_CARRIER_ARGUMENT	E+O+Y	3	E+O	NONE	YES	DANACH · POSTEN	danach ARG als nächsten Träger eröffnen	danach den Posten als nächsten Träger eröffnen	NÄCHSTEN TRÄGER ERÖFFNEN → POSTEN	STATEMENT_INTERNAL	NO	DANACH · GRAD I · AUSFÜHRUNG · AKTIVER POSTEN	Y_IS_ARGUMENT_ATOM__NOT_THE_DY_CONTROL	ARGUMENT_VALUE_INSIDE_WRITTEN_CONTROL_ENVELOPE__NO_ROOT_OR_RECIPE_CHANGE	NONE
312	OLD26_GDT407	G407-E4063	G407-S666	f89r	PHARMA	qopcholy	CARRIER_Q+O+CH+T+OL+Y	OL+Y	1	1	Y	Y	POSTEN	6	6	OL	END	OL>A<END	CONTINUED_CARRIER_ARGUMENT	Y	1	NONE	NONE	YES	FORTSETZEN · POSTEN	weiter mit ARG als aktuellem Träger	weiter mit dem Posten als aktuellem Träger	TRÄGER FORTSETZEN → POSTEN	STATEMENT_INTERNAL	NO	BEGINNMARKER · AUSFÜHRUNG · NEHMEN · EINSTELLEN · FORTSETZEN · AKTIVER POSTEN	Y_IS_ARGUMENT_ATOM__NOT_THE_DY_CONTROL	ARGUMENT_VALUE_INSIDE_WRITTEN_CONTROL_ENVELOPE__NO_ROOT_OR_RECIPE_CHANGE	NONE
313	OLD26_GDT407	G407-E4070	G407-S667	f89r	PHARMA	oldain	OL+AIN	OL+AIN	1	1	AIN	AIN	ANTEIL	2	2	OL	END	OL>A<END	CONTINUED_CARRIER_ARGUMENT	AIN	1	NONE	NONE	YES	FORTSETZEN · ANTEIL	weiter mit ARG als aktuellem Träger	weiter mit dem Anteil als aktuellem Träger	TRÄGER FORTSETZEN → ANTEIL	STATEMENT_INTERNAL	NO	FORTSETZEN · ANTEIL	NOT_APPLICABLE	ARGUMENT_VALUE_INSIDE_WRITTEN_CONTROL_ENVELOPE__NO_ROOT_OR_RECIPE_CHANGE	G559-F02
314	OLD26_GDT407	G407-E4130	G407-S670	f89r	PHARMA	qotey	OT+E+Y	OT+Y	1	1	Y	Y	POSTEN	3	3	OT	END	OT>A<END	NEXT_CARRIER_ARGUMENT	E+Y	2	E	NONE	YES	DANACH · POSTEN	danach ARG als nächsten Träger eröffnen	danach den Posten als nächsten Träger eröffnen	NÄCHSTEN TRÄGER ERÖFFNEN → POSTEN	STATEMENT_INTERNAL	NO	DANACH · GRAD I · AKTIVER POSTEN	Y_IS_ARGUMENT_ATOM__NOT_THE_DY_CONTROL	ARGUMENT_VALUE_INSIDE_WRITTEN_CONTROL_ENVELOPE__NO_ROOT_OR_RECIPE_CHANGE	G559-F03
315	OLD26_GDT407	G407-E4140	G407-S670	f89r	PHARMA	dainaldy	D_ADDR+AIN+AL+DY	AIN+DY	1	1	AIN	AIN	ANTEIL	2	4	START	DY	START>A<DY	CLOSING_ARGUMENT	D_ADDR+AIN+AL	2	D_ADDR	AL	YES	ANTEIL · ABSCHLIESSEN	ARG führen und den Schritt abschließen	den Anteil führen und den Schritt abschließen	ANTEIL → SCHRITT ABSCHLIESSEN	STATEMENT_FINAL	YES	HIER · ANTEIL · ZIELORT · SCHLUSS	NOT_APPLICABLE	ARGUMENT_VALUE_INSIDE_WRITTEN_CONTROL_ENVELOPE__NO_ROOT_OR_RECIPE_CHANGE	NONE
316	OLD26_GDT407	G407-E4208	G407-S675	f89r	PHARMA	dolchsyckheol	D_ADDR+OL+CH+S+Y+CH+K+E+OL	OL+Y+OL	1	1	Y	Y	POSTEN	5	9	OL	OL	OL>A<OL	CONTINUED_AND_RETAINED_ARGUMENT	CH+S+Y+CH+K+E	3	CH+S	CH+K+E	YES	FORTSETZEN · POSTEN · FORTSETZEN	ARG weiterführen und aktiv halten	den Posten weiterführen und aktiv halten	TRÄGER FORTSETZEN → POSTEN → TRÄGER FORTSETZEN	STATEMENT_INTERNAL	NO	HIER · FORTSETZEN · NEHMEN · WÄHLEN · AKTIVER POSTEN · NEHMEN · GEBEN · GRAD I · FORTSETZEN	Y_IS_ARGUMENT_ATOM__NOT_THE_DY_CONTROL	ARGUMENT_VALUE_INSIDE_WRITTEN_CONTROL_ENVELOPE__NO_ROOT_OR_RECIPE_CHANGE	NONE
317	OLD26_GDT407	G407-E4214	G407-S675	f89r	PHARMA	choldy	OL+Y	OL+Y	1	1	Y	Y	POSTEN	2	2	OL	END	OL>A<END	CONTINUED_CARRIER_ARGUMENT	Y	1	NONE	NONE	YES	FORTSETZEN · POSTEN	weiter mit ARG als aktuellem Träger	weiter mit dem Posten als aktuellem Träger	TRÄGER FORTSETZEN → POSTEN	STATEMENT_INTERNAL	NO	FORTSETZEN · AKTIVER POSTEN	Y_IS_ARGUMENT_ATOM__NOT_THE_DY_CONTROL	ARGUMENT_VALUE_INSIDE_WRITTEN_CONTROL_ENVELOPE__NO_ROOT_OR_RECIPE_CHANGE	G559-F02
318	OLD26_GDT407	G407-E4232	G407-S677	f89r	PHARMA	yody	Y+O+DY	Y+DY	1	1	Y	Y	POSTEN	1	3	START	DY	START>A<DY	CLOSING_ARGUMENT	Y+O	1	NONE	O	YES	POSTEN · ABSCHLIESSEN	ARG führen und den Schritt abschließen	den Posten führen und den Schritt abschließen	POSTEN → SCHRITT ABSCHLIESSEN	STATEMENT_FINAL	YES	AKTIVER POSTEN · AUSFÜHRUNG · SCHLUSS	Y_IS_ARGUMENT_ATOM__DY_IS_SEPARATE_CLOSE_CONTROL	ARGUMENT_VALUE_INSIDE_WRITTEN_CONTROL_ENVELOPE__NO_ROOT_OR_RECIPE_CHANGE	NONE
319	OLD26_GDT407	G407-E4234	G407-S678	f89r	PHARMA	oldaiin	OL+D_ADDR+AIIN	OL+AIIN	1	1	AIIN	AIIN	WERT	3	3	OL	END	OL>A<END	CONTINUED_CARRIER_ARGUMENT	D_ADDR+AIIN	2	D_ADDR	NONE	YES	FORTSETZEN · WERT	weiter mit ARG als aktuellem Träger	weiter mit dem Wert als aktuellem Träger	TRÄGER FORTSETZEN → WERT	STATEMENT_INTERNAL	NO	FORTSETZEN · HIER · WERT	NOT_APPLICABLE	ARGUMENT_VALUE_INSIDE_WRITTEN_CONTROL_ENVELOPE__NO_ROOT_OR_RECIPE_CHANGE	NONE
320	OLD26_GDT407	G407-E4238	G407-S678	f89r	PHARMA	oldaiin	OL+D_ADDR+AIIN	OL+AIIN	1	1	AIIN	AIIN	WERT	3	3	OL	END	OL>A<END	CONTINUED_CARRIER_ARGUMENT	D_ADDR+AIIN	2	D_ADDR	NONE	YES	FORTSETZEN · WERT	weiter mit ARG als aktuellem Träger	weiter mit dem Wert als aktuellem Träger	TRÄGER FORTSETZEN → WERT	STATEMENT_INTERNAL	NO	FORTSETZEN · HIER · WERT	NOT_APPLICABLE	ARGUMENT_VALUE_INSIDE_WRITTEN_CONTROL_ENVELOPE__NO_ROOT_OR_RECIPE_CHANGE	NONE
321	OLD26_GDT407	G407-E4241	G407-S678	f89r	PHARMA	otolpchy	OT+OL+P+CH+Y	OT+OL+Y	1	1	Y	Y	POSTEN	5	5	OL	END	OL>A<END	CONTINUED_CARRIER_ARGUMENT	P+CH+Y	3	P+CH	NONE	YES	FORTSETZEN · POSTEN	weiter mit ARG als aktuellem Träger	weiter mit dem Posten als aktuellem Träger	NÄCHSTEN TRÄGER ERÖFFNEN → TRÄGER FORTSETZEN → POSTEN	STATEMENT_INTERNAL	NO	DANACH · FORTSETZEN · EINSETZEN · NEHMEN · AKTIVER POSTEN	Y_IS_ARGUMENT_ATOM__NOT_THE_DY_CONTROL	ARGUMENT_VALUE_INSIDE_WRITTEN_CONTROL_ENVELOPE__NO_ROOT_OR_RECIPE_CHANGE	NONE
322	OLD26_GDT407	G407-E4248	G407-S678	f89r	PHARMA	olkey	OL+K+E+Y	OL+Y	1	1	Y	Y	POSTEN	4	4	OL	END	OL>A<END	CONTINUED_CARRIER_ARGUMENT	K+E+Y	3	K+E	NONE	YES	FORTSETZEN · POSTEN	weiter mit ARG als aktuellem Träger	weiter mit dem Posten als aktuellem Träger	TRÄGER FORTSETZEN → POSTEN	STATEMENT_INTERNAL	NO	FORTSETZEN · GEBEN · GRAD I · AKTIVER POSTEN	Y_IS_ARGUMENT_ATOM__NOT_THE_DY_CONTROL	ARGUMENT_VALUE_INSIDE_WRITTEN_CONTROL_ENVELOPE__NO_ROOT_OR_RECIPE_CHANGE	NONE
323	OLD26_GDT407	G407-E4293	G407-S681	f89r	PHARMA	kolches	OL+Y	OL+Y	1	1	Y	Y	POSTEN	2	2	OL	END	OL>A<END	CONTINUED_CARRIER_ARGUMENT	Y	1	NONE	NONE	YES	FORTSETZEN · POSTEN	weiter mit ARG als aktuellem Träger	weiter mit dem Posten als aktuellem Träger	TRÄGER FORTSETZEN → POSTEN	STATEMENT_INITIAL	NO	FORTSETZEN · AKTIVER POSTEN	Y_IS_ARGUMENT_ATOM__NOT_THE_DY_CONTROL	ARGUMENT_VALUE_INSIDE_WRITTEN_CONTROL_ENVELOPE__NO_ROOT_OR_RECIPE_CHANGE	G559-F02
324	OLD26_GDT407	G407-E4300	G407-S682	f89r	PHARMA	sholdy	SH+OL+D_ADDR+Y	OL+Y	1	1	Y	Y	POSTEN	4	4	OL	END	OL>A<END	CONTINUED_CARRIER_ARGUMENT	D_ADDR+Y	2	D_ADDR	NONE	YES	FORTSETZEN · POSTEN	weiter mit ARG als aktuellem Träger	weiter mit dem Posten als aktuellem Träger	TRÄGER FORTSETZEN → POSTEN	STATEMENT_INITIAL	NO	HALTEN · FORTSETZEN · HIER · AKTIVER POSTEN	Y_IS_ARGUMENT_ATOM__NOT_THE_DY_CONTROL	ARGUMENT_VALUE_INSIDE_WRITTEN_CONTROL_ENVELOPE__NO_ROOT_OR_RECIPE_CHANGE	NONE
325	OLD26_GDT407	G407-E4316	G407-S684	f89r	PHARMA	ykeody	Y+K+E+O+DY	Y+DY	1	1	Y	Y	POSTEN	1	5	START	DY	START>A<DY	CLOSING_ARGUMENT	Y+K+E+O	1	NONE	K+E+O	YES	POSTEN · ABSCHLIESSEN	ARG führen und den Schritt abschließen	den Posten führen und den Schritt abschließen	POSTEN → SCHRITT ABSCHLIESSEN	STATEMENT_FINAL	YES	AKTIVER POSTEN · GEBEN · GRAD I · AUSFÜHRUNG · SCHLUSS	Y_IS_ARGUMENT_ATOM__DY_IS_SEPARATE_CLOSE_CONTROL	ARGUMENT_VALUE_INSIDE_WRITTEN_CONTROL_ENVELOPE__NO_ROOT_OR_RECIPE_CHANGE	NONE
326	OLD26_GDT407	G407-E4323	G407-S685	f89r	PHARMA	yokeeol	Y+OK+EE+OL	Y+OL	1	1	Y	Y	POSTEN	1	4	START	OL	START>A<OL	RETAINED_ARGUMENT	Y+OK+EE	1	NONE	OK+EE	YES	POSTEN · FORTSETZEN	ARG weiterführen	den Posten weiterführen	POSTEN → TRÄGER FORTSETZEN	STATEMENT_INTERNAL	NO	AKTIVER POSTEN · SETZEN · GRAD II · FORTSETZEN	Y_IS_ARGUMENT_ATOM__NOT_THE_DY_CONTROL	ARGUMENT_VALUE_INSIDE_WRITTEN_CONTROL_ENVELOPE__NO_ROOT_OR_RECIPE_CHANGE	NONE
327	OLD26_GDT407	G407-E4405	G407-S689	f95v	HERBAL	qotedaiin	OT+E+AIIN	OT+AIIN	1	1	AIIN	AIIN	WERT	3	3	OT	END	OT>A<END	NEXT_CARRIER_ARGUMENT	E+AIIN	2	E	NONE	YES	DANACH · WERT	danach ARG als nächsten Träger eröffnen	danach den Wert als nächsten Träger eröffnen	NÄCHSTEN TRÄGER ERÖFFNEN → WERT	STATEMENT_INITIAL	NO	DANACH · GRAD I · WERT	NOT_APPLICABLE	ARGUMENT_VALUE_INSIDE_WRITTEN_CONTROL_ENVELOPE__NO_ROOT_OR_RECIPE_CHANGE	G559-F03
328	OLD26_GDT407	G407-E4407	G407-S689	f95v	HERBAL	olsain	OL+S+AIN	OL+AIN	1	1	AIN	AIN	ANTEIL	3	3	OL	END	OL>A<END	CONTINUED_CARRIER_ARGUMENT	S+AIN	2	S	NONE	YES	FORTSETZEN · ANTEIL	weiter mit ARG als aktuellem Träger	weiter mit dem Anteil als aktuellem Träger	TRÄGER FORTSETZEN → ANTEIL	STATEMENT_INTERNAL	NO	FORTSETZEN · WÄHLEN · ANTEIL	NOT_APPLICABLE	ARGUMENT_VALUE_INSIDE_WRITTEN_CONTROL_ENVELOPE__NO_ROOT_OR_RECIPE_CHANGE	NONE
329	OLD26_GDT407	G407-E4410	G407-S690	f95v	HERBAL	qotchey	OT+CHD+Y	OT+Y	1	1	Y	Y	POSTEN	3	3	OT	END	OT>A<END	NEXT_CARRIER_ARGUMENT	CHD+Y	2	CHD	NONE	YES	DANACH · POSTEN	danach ARG als nächsten Träger eröffnen	danach den Posten als nächsten Träger eröffnen	NÄCHSTEN TRÄGER ERÖFFNEN → POSTEN	STATEMENT_INITIAL	NO	DANACH · UMSETZEN · AKTIVER POSTEN	Y_IS_ARGUMENT_ATOM__NOT_THE_DY_CONTROL	ARGUMENT_VALUE_INSIDE_WRITTEN_CONTROL_ENVELOPE__NO_ROOT_OR_RECIPE_CHANGE	NONE
330	OLD26_GDT407	G407-E4413	G407-S690	f95v	HERBAL	olor	OL+OR	OL+OR	1	1	OR	OR	EINHEIT	2	2	OL	END	OL>A<END	CONTINUED_CARRIER_ARGUMENT	OR	1	NONE	NONE	YES	FORTSETZEN · EINHEIT	weiter mit ARG als aktuellem Träger	weiter mit der Einheit als aktuellem Träger	TRÄGER FORTSETZEN → EINHEIT	STATEMENT_INTERNAL	NO	FORTSETZEN · EINHEIT	NOT_APPLICABLE	ARGUMENT_VALUE_INSIDE_WRITTEN_CONTROL_ENVELOPE__NO_ROOT_OR_RECIPE_CHANGE	G559-F02
331	OLD26_GDT407	G407-E4416	G407-S690	f95v	HERBAL	qotaiin	OT+AIIN	OT+AIIN	1	1	AIIN	AIIN	WERT	2	2	OT	END	OT>A<END	NEXT_CARRIER_ARGUMENT	AIIN	1	NONE	NONE	YES	DANACH · WERT	danach ARG als nächsten Träger eröffnen	danach den Wert als nächsten Träger eröffnen	NÄCHSTEN TRÄGER ERÖFFNEN → WERT	STATEMENT_INTERNAL	NO	DANACH · WERT	NOT_APPLICABLE	ARGUMENT_VALUE_INSIDE_WRITTEN_CONTROL_ENVELOPE__NO_ROOT_OR_RECIPE_CHANGE	G559-F01
332	OLD26_GDT407	G407-E4426	G407-S690	f95v	HERBAL	otain	OT+AIN	OT+AIN	1	1	AIN	AIN	ANTEIL	2	2	OT	END	OT>A<END	NEXT_CARRIER_ARGUMENT	AIN	1	NONE	NONE	YES	DANACH · ANTEIL	danach ARG als nächsten Träger eröffnen	danach den Anteil als nächsten Träger eröffnen	NÄCHSTEN TRÄGER ERÖFFNEN → ANTEIL	STATEMENT_INTERNAL	NO	DANACH · ANTEIL	NOT_APPLICABLE	ARGUMENT_VALUE_INSIDE_WRITTEN_CONTROL_ENVELOPE__NO_ROOT_OR_RECIPE_CHANGE	G559-F01
333	OLD26_GDT407	G407-E4429	G407-S691	f95v	HERBAL	olkain	OL+K+AIN	OL+AIN	1	1	AIN	AIN	ANTEIL	3	3	OL	END	OL>A<END	CONTINUED_CARRIER_ARGUMENT	K+AIN	2	K	NONE	YES	FORTSETZEN · ANTEIL	weiter mit ARG als aktuellem Träger	weiter mit dem Anteil als aktuellem Träger	TRÄGER FORTSETZEN → ANTEIL	STATEMENT_INTERNAL	NO	FORTSETZEN · GEBEN · ANTEIL	NOT_APPLICABLE	ARGUMENT_VALUE_INSIDE_WRITTEN_CONTROL_ENVELOPE__NO_ROOT_OR_RECIPE_CHANGE	G559-F04
334	OLD26_GDT407	G407-E4432	G407-S691	f95v	HERBAL	shekydy	SH+E+K+Y+DY	Y+DY	1	1	Y	Y	POSTEN	4	5	START	DY	START>A<DY	CLOSING_ARGUMENT	SH+E+K+Y	4	SH+E+K	NONE	YES	POSTEN · ABSCHLIESSEN	ARG führen und den Schritt abschließen	den Posten führen und den Schritt abschließen	POSTEN → SCHRITT ABSCHLIESSEN	STATEMENT_FINAL	YES	HALTEN · GRAD I · GEBEN · AKTIVER POSTEN · SCHLUSS	Y_IS_ARGUMENT_ATOM__DY_IS_SEPARATE_CLOSE_CONTROL	ARGUMENT_VALUE_INSIDE_WRITTEN_CONTROL_ENVELOPE__NO_ROOT_OR_RECIPE_CHANGE	NONE
335	OLD26_GDT407	G407-E4442	G407-S692	f95v	HERBAL	olkaiin	OL+K+AIIN	OL+AIIN	1	1	AIIN	AIIN	WERT	3	3	OL	END	OL>A<END	CONTINUED_CARRIER_ARGUMENT	K+AIIN	2	K	NONE	YES	FORTSETZEN · WERT	weiter mit ARG als aktuellem Träger	weiter mit dem Wert als aktuellem Träger	TRÄGER FORTSETZEN → WERT	STATEMENT_INTERNAL	NO	FORTSETZEN · GEBEN · WERT	NOT_APPLICABLE	ARGUMENT_VALUE_INSIDE_WRITTEN_CONTROL_ENVELOPE__NO_ROOT_OR_RECIPE_CHANGE	G559-F04
336	OLD26_GDT407	G407-E4443	G407-S692	f95v	HERBAL	otalain	OT+AL+AIN	OT+AIN	1	1	AIN	AIN	ANTEIL	3	3	OT	END	OT>A<END	NEXT_CARRIER_ARGUMENT	AL+AIN	2	AL	NONE	YES	DANACH · ANTEIL	danach ARG als nächsten Träger eröffnen	danach den Anteil als nächsten Träger eröffnen	NÄCHSTEN TRÄGER ERÖFFNEN → ANTEIL	STATEMENT_INTERNAL	NO	DANACH · ZIELORT · ANTEIL	NOT_APPLICABLE	ARGUMENT_VALUE_INSIDE_WRITTEN_CONTROL_ENVELOPE__NO_ROOT_OR_RECIPE_CHANGE	G559-F05
337	OLD26_GDT407	G407-E4450	G407-S692	f95v	HERBAL	olaiin	OL+AIIN	OL+AIIN	1	1	AIIN	AIIN	WERT	2	2	OL	END	OL>A<END	CONTINUED_CARRIER_ARGUMENT	AIIN	1	NONE	NONE	YES	FORTSETZEN · WERT	weiter mit ARG als aktuellem Träger	weiter mit dem Wert als aktuellem Träger	TRÄGER FORTSETZEN → WERT	STATEMENT_INTERNAL	NO	FORTSETZEN · WERT	NOT_APPLICABLE	ARGUMENT_VALUE_INSIDE_WRITTEN_CONTROL_ENVELOPE__NO_ROOT_OR_RECIPE_CHANGE	G559-F02
338	OLD26_GDT407	G407-E4458	G407-S693	f95v	HERBAL	otain	OT+AIN	OT+AIN	1	1	AIN	AIN	ANTEIL	2	2	OT	END	OT>A<END	NEXT_CARRIER_ARGUMENT	AIN	1	NONE	NONE	YES	DANACH · ANTEIL	danach ARG als nächsten Träger eröffnen	danach den Anteil als nächsten Träger eröffnen	NÄCHSTEN TRÄGER ERÖFFNEN → ANTEIL	STATEMENT_FINAL	YES	DANACH · ANTEIL	NOT_APPLICABLE	ARGUMENT_VALUE_INSIDE_WRITTEN_CONTROL_ENVELOPE__NO_ROOT_OR_RECIPE_CHANGE	G559-F01
339	OLD26_GDT407	G407-E4473	G407-S695	f95v	HERBAL	oty	OT+Y	OT+Y	1	1	Y	Y	POSTEN	2	2	OT	END	OT>A<END	NEXT_CARRIER_ARGUMENT	Y	1	NONE	NONE	YES	DANACH · POSTEN	danach ARG als nächsten Träger eröffnen	danach den Posten als nächsten Träger eröffnen	NÄCHSTEN TRÄGER ERÖFFNEN → POSTEN	STATEMENT_INTERNAL	NO	DANACH · AKTIVER POSTEN	Y_IS_ARGUMENT_ATOM__NOT_THE_DY_CONTROL	ARGUMENT_VALUE_INSIDE_WRITTEN_CONTROL_ENVELOPE__NO_ROOT_OR_RECIPE_CHANGE	G559-F01
340	OLD26_GDT407	G407-E4486	G407-S697	f95v	HERBAL	chcthykedy	CH+CH+T+Y+K+E+DY	Y+DY	1	1	Y	Y	POSTEN	4	7	START	DY	START>A<DY	CLOSING_ARGUMENT	CH+CH+T+Y+K+E	4	CH+CH+T	K+E	YES	POSTEN · ABSCHLIESSEN	ARG führen und den Schritt abschließen	den Posten führen und den Schritt abschließen	POSTEN → SCHRITT ABSCHLIESSEN	STATEMENT_FINAL	YES	NEHMEN · NEHMEN · EINSTELLEN · AKTIVER POSTEN · GEBEN · GRAD I · SCHLUSS	Y_IS_ARGUMENT_ATOM__DY_IS_SEPARATE_CLOSE_CONTROL	ARGUMENT_VALUE_INSIDE_WRITTEN_CONTROL_ENVELOPE__NO_ROOT_OR_RECIPE_CHANGE	NONE
341	OLD26_GDT407	G407-E4492	G407-S698	f95v	HERBAL	oty	OT+Y	OT+Y	1	1	Y	Y	POSTEN	2	2	OT	END	OT>A<END	NEXT_CARRIER_ARGUMENT	Y	1	NONE	NONE	YES	DANACH · POSTEN	danach ARG als nächsten Träger eröffnen	danach den Posten als nächsten Träger eröffnen	NÄCHSTEN TRÄGER ERÖFFNEN → POSTEN	STATEMENT_INTERNAL	NO	DANACH · AKTIVER POSTEN	Y_IS_ARGUMENT_ATOM__NOT_THE_DY_CONTROL	ARGUMENT_VALUE_INSIDE_WRITTEN_CONTROL_ENVELOPE__NO_ROOT_OR_RECIPE_CHANGE	G559-F01
342	OLD26_GDT407	G407-E4496	G407-S699	f95v	HERBAL	ytshedy	Y+T+SH+E+DY	Y+DY	1	1	Y	Y	POSTEN	1	5	START	DY	START>A<DY	CLOSING_ARGUMENT	Y+T+SH+E	1	NONE	T+SH+E	YES	POSTEN · ABSCHLIESSEN	ARG führen und den Schritt abschließen	den Posten führen und den Schritt abschließen	POSTEN → SCHRITT ABSCHLIESSEN	STATEMENT_FINAL	YES	AKTIVER POSTEN · EINSTELLEN · HALTEN · GRAD I · SCHLUSS	Y_IS_ARGUMENT_ATOM__DY_IS_SEPARATE_CLOSE_CONTROL	ARGUMENT_VALUE_INSIDE_WRITTEN_CONTROL_ENVELOPE__NO_ROOT_OR_RECIPE_CHANGE	NONE
343	OLD26_GDT407	G407-E4523	G407-S705	f95v	HERBAL	dolkain	D_ADDR+OL+K+AIN	OL+AIN	1	1	AIN	AIN	ANTEIL	4	4	OL	END	OL>A<END	CONTINUED_CARRIER_ARGUMENT	K+AIN	2	K	NONE	YES	FORTSETZEN · ANTEIL	weiter mit ARG als aktuellem Träger	weiter mit dem Anteil als aktuellem Träger	TRÄGER FORTSETZEN → ANTEIL	STATEMENT_INTERNAL	NO	HIER · FORTSETZEN · GEBEN · ANTEIL	NOT_APPLICABLE	ARGUMENT_VALUE_INSIDE_WRITTEN_CONTROL_ENVELOPE__NO_ROOT_OR_RECIPE_CHANGE	G559-F10
344	OLD26_GDT407	G407-E4550	G407-S710	f95v	HERBAL	otain	OT+AIN	OT+AIN	1	1	AIN	AIN	ANTEIL	2	2	OT	END	OT>A<END	NEXT_CARRIER_ARGUMENT	AIN	1	NONE	NONE	YES	DANACH · ANTEIL	danach ARG als nächsten Träger eröffnen	danach den Anteil als nächsten Träger eröffnen	NÄCHSTEN TRÄGER ERÖFFNEN → ANTEIL	STATEMENT_INTERNAL	NO	DANACH · ANTEIL	NOT_APPLICABLE	ARGUMENT_VALUE_INSIDE_WRITTEN_CONTROL_ENVELOPE__NO_ROOT_OR_RECIPE_CHANGE	G559-F01
345	OLD26_GDT407	G407-E4559	G407-S713	f95v	HERBAL	otain	OT+AIN	OT+AIN	1	1	AIN	AIN	ANTEIL	2	2	OT	END	OT>A<END	NEXT_CARRIER_ARGUMENT	AIN	1	NONE	NONE	YES	DANACH · ANTEIL	danach ARG als nächsten Träger eröffnen	danach den Anteil als nächsten Träger eröffnen	NÄCHSTEN TRÄGER ERÖFFNEN → ANTEIL	STATEMENT_INTERNAL	NO	DANACH · ANTEIL	NOT_APPLICABLE	ARGUMENT_VALUE_INSIDE_WRITTEN_CONTROL_ENVELOPE__NO_ROOT_OR_RECIPE_CHANGE	G559-F01
346	OLD26_GDT407	G407-E4562	G407-S713	f95v	HERBAL	shotshey	SH+OT+SH+E+Y	OT+Y	1	1	Y	Y	POSTEN	5	5	OT	END	OT>A<END	NEXT_CARRIER_ARGUMENT	SH+E+Y	3	SH+E	NONE	YES	DANACH · POSTEN	danach ARG als nächsten Träger eröffnen	danach den Posten als nächsten Träger eröffnen	NÄCHSTEN TRÄGER ERÖFFNEN → POSTEN	STATEMENT_INTERNAL	NO	HALTEN · DANACH · HALTEN · GRAD I · AKTIVER POSTEN	Y_IS_ARGUMENT_ATOM__NOT_THE_DY_CONTROL	ARGUMENT_VALUE_INSIDE_WRITTEN_CONTROL_ENVELOPE__NO_ROOT_OR_RECIPE_CHANGE	NONE
347	OLD26_GDT407	G407-E4566	G407-S714	f95v	HERBAL	olkchdy	OL+K+CHD+Y	OL+Y	1	1	Y	Y	POSTEN	4	4	OL	END	OL>A<END	CONTINUED_CARRIER_ARGUMENT	K+CHD+Y	3	K+CHD	NONE	YES	FORTSETZEN · POSTEN	weiter mit ARG als aktuellem Träger	weiter mit dem Posten als aktuellem Träger	TRÄGER FORTSETZEN → POSTEN	STATEMENT_INITIAL	NO	FORTSETZEN · GEBEN · UMSETZEN · AKTIVER POSTEN	Y_IS_ARGUMENT_ATOM__NOT_THE_DY_CONTROL	ARGUMENT_VALUE_INSIDE_WRITTEN_CONTROL_ENVELOPE__NO_ROOT_OR_RECIPE_CHANGE	NONE
348	OLD26_GDT407	G407-E4567	G407-S714	f95v	HERBAL	qotaiin	OT+AIIN	OT+AIIN	1	1	AIIN	AIIN	WERT	2	2	OT	END	OT>A<END	NEXT_CARRIER_ARGUMENT	AIIN	1	NONE	NONE	YES	DANACH · WERT	danach ARG als nächsten Träger eröffnen	danach den Wert als nächsten Träger eröffnen	NÄCHSTEN TRÄGER ERÖFFNEN → WERT	STATEMENT_INTERNAL	NO	DANACH · WERT	NOT_APPLICABLE	ARGUMENT_VALUE_INSIDE_WRITTEN_CONTROL_ENVELOPE__NO_ROOT_OR_RECIPE_CHANGE	G559-F01
349	OLD26_GDT407	G407-E4569	G407-S714	f95v	HERBAL	dolkchy	D_ADDR+OL+K+Y	OL+Y	1	1	Y	Y	POSTEN	4	4	OL	END	OL>A<END	CONTINUED_CARRIER_ARGUMENT	K+Y	2	K	NONE	YES	FORTSETZEN · POSTEN	weiter mit ARG als aktuellem Träger	weiter mit dem Posten als aktuellem Träger	TRÄGER FORTSETZEN → POSTEN	STATEMENT_INTERNAL	NO	HIER · FORTSETZEN · GEBEN · AKTIVER POSTEN	Y_IS_ARGUMENT_ATOM__NOT_THE_DY_CONTROL	ARGUMENT_VALUE_INSIDE_WRITTEN_CONTROL_ENVELOPE__NO_ROOT_OR_RECIPE_CHANGE	G559-F10
350	CURRENT4_GDT539	G515-E0006	G515-S002	f4r	HERBAL	qotey	OT+E+Y	OT+Y	1	1	Y	Y	POSTEN	3	3	OT	END	OT>A<END	NEXT_CARRIER_ARGUMENT	E+Y	2	E	NONE	YES	DANACH · POSTEN	danach ARG als nächsten Träger eröffnen	danach den Posten als nächsten Träger eröffnen	NÄCHSTEN TRÄGER ERÖFFNEN → POSTEN	STATEMENT_INTERNAL	NO	Danach: im laufenden Satz halte den Pflanzenposten; auf Grad I.	Y_IS_ARGUMENT_ATOM__NOT_THE_DY_CONTROL	ARGUMENT_VALUE_INSIDE_WRITTEN_CONTROL_ENVELOPE__NO_ROOT_OR_RECIPE_CHANGE	G559-F03
351	CURRENT4_GDT539	G515-E0023	G515-S002	f4r	HERBAL	qotaiin	OT+AIIN	OT+AIIN	1	1	AIIN	AIIN	WERT	2	2	OT	END	OT>A<END	NEXT_CARRIER_ARGUMENT	AIIN	1	NONE	NONE	YES	DANACH · WERT	danach ARG als nächsten Träger eröffnen	danach den Wert als nächsten Träger eröffnen	NÄCHSTEN TRÄGER ERÖFFNEN → WERT	STATEMENT_INTERNAL	NO	Danach: im laufenden Satz nimm den Arbeitswert.	NOT_APPLICABLE	ARGUMENT_VALUE_INSIDE_WRITTEN_CONTROL_ENVELOPE__NO_ROOT_OR_RECIPE_CHANGE	G559-F01
352	CURRENT4_GDT539	G515-E0033	G515-S003	f4r	HERBAL	qotchy	OT+Y	OT+Y	1	1	Y	Y	POSTEN	2	2	OT	END	OT>A<END	NEXT_CARRIER_ARGUMENT	Y	1	NONE	NONE	YES	DANACH · POSTEN	danach ARG als nächsten Träger eröffnen	danach den Posten als nächsten Träger eröffnen	NÄCHSTEN TRÄGER ERÖFFNEN → POSTEN	STATEMENT_INTERNAL	NO	Danach: im laufenden Satz setze den Pflanzenposten ein.	Y_IS_ARGUMENT_ATOM__NOT_THE_DY_CONTROL	ARGUMENT_VALUE_INSIDE_WRITTEN_CONTROL_ENVELOPE__NO_ROOT_OR_RECIPE_CHANGE	G559-F01
353	CURRENT4_GDT539	G515-E0035	G515-S003	f4r	HERBAL	tydy	T+Y+DY	Y+DY	1	1	Y	Y	POSTEN	2	3	START	DY	START>A<DY	CLOSING_ARGUMENT	T+Y	2	T	NONE	YES	POSTEN · ABSCHLIESSEN	ARG führen und den Schritt abschließen	den Posten führen und den Schritt abschließen	POSTEN → SCHRITT ABSCHLIESSEN	STATEMENT_FINAL	YES	Stelle den Pflanzenposten ein; schließe den Schritt.	Y_IS_ARGUMENT_ATOM__DY_IS_SEPARATE_CLOSE_CONTROL	ARGUMENT_VALUE_INSIDE_WRITTEN_CONTROL_ENVELOPE__NO_ROOT_OR_RECIPE_CHANGE	NONE
354	CURRENT4_GDT539	G515-E0039	G515-S004	f4r	HERBAL	qotaiin	OT+AIIN	OT+AIIN	1	1	AIIN	AIIN	WERT	2	2	OT	END	OT>A<END	NEXT_CARRIER_ARGUMENT	AIIN	1	NONE	NONE	YES	DANACH · WERT	danach ARG als nächsten Träger eröffnen	danach den Wert als nächsten Träger eröffnen	NÄCHSTEN TRÄGER ERÖFFNEN → WERT	STATEMENT_INTERNAL	NO	Danach: im laufenden Satz nimm den Arbeitswert.	NOT_APPLICABLE	ARGUMENT_VALUE_INSIDE_WRITTEN_CONTROL_ENVELOPE__NO_ROOT_OR_RECIPE_CHANGE	G559-F01
355	CURRENT4_GDT539	G515-E0055	G515-S005	f4r	HERBAL	shyshol	SH+Y+SH+OL	Y+OL	1	1	Y	Y	POSTEN	2	4	START	OL	START>A<OL	RETAINED_ARGUMENT	SH+Y+SH	2	SH	SH	YES	POSTEN · FORTSETZEN	ARG weiterführen	den Posten weiterführen	POSTEN → TRÄGER FORTSETZEN	STATEMENT_INTERNAL	NO	Halte den Pflanzenposten und halte den Pflanzenposten; führe fort.	Y_IS_ARGUMENT_ATOM__NOT_THE_DY_CONTROL	ARGUMENT_VALUE_INSIDE_WRITTEN_CONTROL_ENVELOPE__NO_ROOT_OR_RECIPE_CHANGE	NONE
356	CURRENT4_GDT539	G515-E0059	G515-S005	f4r	HERBAL	qoty	OT+Y	OT+Y	1	1	Y	Y	POSTEN	2	2	OT	END	OT>A<END	NEXT_CARRIER_ARGUMENT	Y	1	NONE	NONE	YES	DANACH · POSTEN	danach ARG als nächsten Träger eröffnen	danach den Posten als nächsten Träger eröffnen	NÄCHSTEN TRÄGER ERÖFFNEN → POSTEN	STATEMENT_INTERNAL	NO	Danach: im laufenden Satz halte den Pflanzenposten.	Y_IS_ARGUMENT_ATOM__NOT_THE_DY_CONTROL	ARGUMENT_VALUE_INSIDE_WRITTEN_CONTROL_ENVELOPE__NO_ROOT_OR_RECIPE_CHANGE	G559-F01
357	CURRENT4_GDT539	G515-E0072	G515-S006	f20v	HERBAL	choldy	OL+Y	OL+Y	1	1	Y	Y	POSTEN	2	2	OL	END	OL>A<END	CONTINUED_CARRIER_ARGUMENT	Y	1	NONE	NONE	YES	FORTSETZEN · POSTEN	weiter mit ARG als aktuellem Träger	weiter mit dem Posten als aktuellem Träger	TRÄGER FORTSETZEN → POSTEN	STATEMENT_INTERNAL	NO	Im laufenden Satz setze den Pflanzenposten ein; führe fort.	Y_IS_ARGUMENT_ATOM__NOT_THE_DY_CONTROL	ARGUMENT_VALUE_INSIDE_WRITTEN_CONTROL_ENVELOPE__NO_ROOT_OR_RECIPE_CHANGE	G559-F02
358	CURRENT4_GDT539	G515-E0073	G515-S006	f20v	HERBAL	opydy	O+P+Y+DY	Y+DY	1	1	Y	Y	POSTEN	3	4	START	DY	START>A<DY	CLOSING_ARGUMENT	O+P+Y	3	O+P	NONE	YES	POSTEN · ABSCHLIESSEN	ARG führen und den Schritt abschließen	den Posten führen und den Schritt abschließen	POSTEN → SCHRITT ABSCHLIESSEN	STATEMENT_FINAL	YES	Setze den Pflanzenposten ein; zur Ausführung; schließe den Schritt.	Y_IS_ARGUMENT_ATOM__DY_IS_SEPARATE_CLOSE_CONTROL	ARGUMENT_VALUE_INSIDE_WRITTEN_CONTROL_ENVELOPE__NO_ROOT_OR_RECIPE_CHANGE	NONE
359	CURRENT4_GDT539	G515-E0084	G515-S007	f20v	HERBAL	oty	OT+Y	OT+Y	1	1	Y	Y	POSTEN	2	2	OT	END	OT>A<END	NEXT_CARRIER_ARGUMENT	Y	1	NONE	NONE	YES	DANACH · POSTEN	danach ARG als nächsten Träger eröffnen	danach den Posten als nächsten Träger eröffnen	NÄCHSTEN TRÄGER ERÖFFNEN → POSTEN	STATEMENT_INTERNAL	NO	Danach: im laufenden Satz nimm den Pflanzenposten.	Y_IS_ARGUMENT_ATOM__NOT_THE_DY_CONTROL	ARGUMENT_VALUE_INSIDE_WRITTEN_CONTROL_ENVELOPE__NO_ROOT_OR_RECIPE_CHANGE	G559-F01
360	CURRENT4_GDT539	G515-E0090	G515-S007	f20v	HERBAL	qoty	OT+Y	OT+Y	1	1	Y	Y	POSTEN	2	2	OT	END	OT>A<END	NEXT_CARRIER_ARGUMENT	Y	1	NONE	NONE	YES	DANACH · POSTEN	danach ARG als nächsten Träger eröffnen	danach den Posten als nächsten Träger eröffnen	NÄCHSTEN TRÄGER ERÖFFNEN → POSTEN	STATEMENT_INTERNAL	NO	Danach: im laufenden Satz stelle den Pflanzenposten ein.	Y_IS_ARGUMENT_ATOM__NOT_THE_DY_CONTROL	ARGUMENT_VALUE_INSIDE_WRITTEN_CONTROL_ENVELOPE__NO_ROOT_OR_RECIPE_CHANGE	G559-F01
361	CURRENT4_GDT539	G515-E0092	G515-S007	f20v	HERBAL	tolshy	T+OL+SH+Y	OL+Y	1	1	Y	Y	POSTEN	4	4	OL	END	OL>A<END	CONTINUED_CARRIER_ARGUMENT	SH+Y	2	SH	NONE	YES	FORTSETZEN · POSTEN	weiter mit ARG als aktuellem Träger	weiter mit dem Posten als aktuellem Träger	TRÄGER FORTSETZEN → POSTEN	STATEMENT_INTERNAL	NO	Stelle den Pflanzenposten ein und halte den Pflanzenposten; führe fort.	Y_IS_ARGUMENT_ATOM__NOT_THE_DY_CONTROL	ARGUMENT_VALUE_INSIDE_WRITTEN_CONTROL_ENVELOPE__NO_ROOT_OR_RECIPE_CHANGE	NONE
362	CURRENT4_GDT539	G515-E0093	G515-S007	f20v	HERBAL	qotchy	OT+Y	OT+Y	1	1	Y	Y	POSTEN	2	2	OT	END	OT>A<END	NEXT_CARRIER_ARGUMENT	Y	1	NONE	NONE	YES	DANACH · POSTEN	danach ARG als nächsten Träger eröffnen	danach den Posten als nächsten Träger eröffnen	NÄCHSTEN TRÄGER ERÖFFNEN → POSTEN	STATEMENT_INTERNAL	NO	Danach: im laufenden Satz halte den Pflanzenposten.	Y_IS_ARGUMENT_ATOM__NOT_THE_DY_CONTROL	ARGUMENT_VALUE_INSIDE_WRITTEN_CONTROL_ENVELOPE__NO_ROOT_OR_RECIPE_CHANGE	G559-F01
363	CURRENT4_GDT539	G515-E0101	G515-S008	f20v	HERBAL	otor	OT+OR	OT+OR	1	1	OR	OR	EINHEIT	2	2	OT	END	OT>A<END	NEXT_CARRIER_ARGUMENT	OR	1	NONE	NONE	YES	DANACH · EINHEIT	danach ARG als nächsten Träger eröffnen	danach die Einheit als nächsten Träger eröffnen	NÄCHSTEN TRÄGER ERÖFFNEN → EINHEIT	STATEMENT_INTERNAL	NO	Danach: im laufenden Satz halte die Arbeitseinheit.	NOT_APPLICABLE	ARGUMENT_VALUE_INSIDE_WRITTEN_CONTROL_ENVELOPE__NO_ROOT_OR_RECIPE_CHANGE	G559-F01
364	CURRENT4_GDT539	G515-E0105	G515-S008	f20v	HERBAL	otchy	OT+CH+Y	OT+Y	1	1	Y	Y	POSTEN	3	3	OT	END	OT>A<END	NEXT_CARRIER_ARGUMENT	CH+Y	2	CH	NONE	YES	DANACH · POSTEN	danach ARG als nächsten Träger eröffnen	danach den Posten als nächsten Träger eröffnen	NÄCHSTEN TRÄGER ERÖFFNEN → POSTEN	STATEMENT_INTERNAL	NO	Danach: nimm den Pflanzenposten.	Y_IS_ARGUMENT_ATOM__NOT_THE_DY_CONTROL	ARGUMENT_VALUE_INSIDE_WRITTEN_CONTROL_ENVELOPE__NO_ROOT_OR_RECIPE_CHANGE	G559-F07
365	CURRENT4_GDT539	G515-E0138	G515-S008	f20v	HERBAL	qoty	OT+Y	OT+Y	1	1	Y	Y	POSTEN	2	2	OT	END	OT>A<END	NEXT_CARRIER_ARGUMENT	Y	1	NONE	NONE	YES	DANACH · POSTEN	danach ARG als nächsten Träger eröffnen	danach den Posten als nächsten Träger eröffnen	NÄCHSTEN TRÄGER ERÖFFNEN → POSTEN	STATEMENT_INTERNAL	NO	Danach: im laufenden Satz halte den Pflanzenposten.	Y_IS_ARGUMENT_ATOM__NOT_THE_DY_CONTROL	ARGUMENT_VALUE_INSIDE_WRITTEN_CONTROL_ENVELOPE__NO_ROOT_OR_RECIPE_CHANGE	G559-F01
366	CURRENT4_GDT539	G515-E0238	G515-S023	f31r	HERBAL	olsheor	OL+SH+E+OR	OL+OR	1	1	OR	OR	EINHEIT	4	4	OL	END	OL>A<END	CONTINUED_CARRIER_ARGUMENT	SH+E+OR	3	SH+E	NONE	YES	FORTSETZEN · EINHEIT	weiter mit ARG als aktuellem Träger	weiter mit der Einheit als aktuellem Träger	TRÄGER FORTSETZEN → EINHEIT	STATEMENT_INTERNAL	NO	Halte die Arbeitseinheit; auf Grad I; führe fort.	NOT_APPLICABLE	ARGUMENT_VALUE_INSIDE_WRITTEN_CONTROL_ENVELOPE__NO_ROOT_OR_RECIPE_CHANGE	G559-F08
367	CURRENT4_GDT539	G515-E0241	G515-S025	f31r	HERBAL	ykedy	Y+K+E+DY	Y+DY	1	1	Y	Y	POSTEN	1	4	START	DY	START>A<DY	CLOSING_ARGUMENT	Y+K+E	1	NONE	K+E	YES	POSTEN · ABSCHLIESSEN	ARG führen und den Schritt abschließen	den Posten führen und den Schritt abschließen	POSTEN → SCHRITT ABSCHLIESSEN	SINGLETON_STATEMENT	YES	Gib den Pflanzenposten zu; auf Grad I; schließe den Schritt.	Y_IS_ARGUMENT_ATOM__DY_IS_SEPARATE_CLOSE_CONTROL	ARGUMENT_VALUE_INSIDE_WRITTEN_CONTROL_ENVELOPE__NO_ROOT_OR_RECIPE_CHANGE	NONE
368	CURRENT4_GDT539	G515-E0252	G515-S027	f31r	HERBAL	oteor	OT+E+OR	OT+OR	1	1	OR	OR	EINHEIT	3	3	OT	END	OT>A<END	NEXT_CARRIER_ARGUMENT	E+OR	2	E	NONE	YES	DANACH · EINHEIT	danach ARG als nächsten Träger eröffnen	danach die Einheit als nächsten Träger eröffnen	NÄCHSTEN TRÄGER ERÖFFNEN → EINHEIT	STATEMENT_INTERNAL	NO	Danach: im laufenden Satz setze die Arbeitseinheit im Arbeitsgang an; auf Grad I.	NOT_APPLICABLE	ARGUMENT_VALUE_INSIDE_WRITTEN_CONTROL_ENVELOPE__NO_ROOT_OR_RECIPE_CHANGE	G559-F03
369	CURRENT4_GDT539	G515-E0318	G515-S034	f66r	SOURCE_SECTION_T	ykshedy	Y+K+SH+E+DY	Y+DY	1	1	Y	Y	POSTEN	1	5	START	DY	START>A<DY	CLOSING_ARGUMENT	Y+K+SH+E	1	NONE	K+SH+E	YES	POSTEN · ABSCHLIESSEN	ARG führen und den Schritt abschließen	den Posten führen und den Schritt abschließen	POSTEN → SCHRITT ABSCHLIESSEN	STATEMENT_FINAL	YES	Ordne den laufenden Eintrag zu und halte den laufenden Eintrag fest; auf Grad I; schließe den Schritt.	Y_IS_ARGUMENT_ATOM__DY_IS_SEPARATE_CLOSE_CONTROL	ARGUMENT_VALUE_INSIDE_WRITTEN_CONTROL_ENVELOPE__NO_ROOT_OR_RECIPE_CHANGE	NONE
370	CURRENT4_GDT539	G515-E0334	G515-S037	f66r	SOURCE_SECTION_T	ykady	Y+K+A_ADDR+DY	Y+DY	1	1	Y	Y	POSTEN	1	4	START	DY	START>A<DY	CLOSING_ARGUMENT	Y+K+A_ADDR	1	NONE	K+A_ADDR	YES	POSTEN · ABSCHLIESSEN	ARG führen und den Schritt abschließen	den Posten führen und den Schritt abschließen	POSTEN → SCHRITT ABSCHLIESSEN	STATEMENT_FINAL	YES	Ordne den laufenden Eintrag zu; an der bezeichneten Stelle; schließe den Schritt.	Y_IS_ARGUMENT_ATOM__DY_IS_SEPARATE_CLOSE_CONTROL	ARGUMENT_VALUE_INSIDE_WRITTEN_CONTROL_ENVELOPE__NO_ROOT_OR_RECIPE_CHANGE	NONE
371	CURRENT4_GDT539	G515-E0336	G515-S038	f66r	SOURCE_SECTION_T	qotey	OT+E+Y	OT+Y	1	1	Y	Y	POSTEN	3	3	OT	END	OT>A<END	NEXT_CARRIER_ARGUMENT	E+Y	2	E	NONE	YES	DANACH · POSTEN	danach ARG als nächsten Träger eröffnen	danach den Posten als nächsten Träger eröffnen	NÄCHSTEN TRÄGER ERÖFFNEN → POSTEN	STATEMENT_INTERNAL	NO	Danach: Bezug: den laufenden Eintrag; auf Grad I.	Y_IS_ARGUMENT_ATOM__NOT_THE_DY_CONTROL	ARGUMENT_VALUE_INSIDE_WRITTEN_CONTROL_ENVELOPE__NO_ROOT_OR_RECIPE_CHANGE	G559-F03
372	CURRENT4_GDT539	G515-E0347	G515-S039	f66r	SOURCE_SECTION_T	ykeeody	Y+K+EE+O+DY	Y+DY	1	1	Y	Y	POSTEN	1	5	START	DY	START>A<DY	CLOSING_ARGUMENT	Y+K+EE+O	1	NONE	K+EE+O	YES	POSTEN · ABSCHLIESSEN	ARG führen und den Schritt abschließen	den Posten führen und den Schritt abschließen	POSTEN → SCHRITT ABSCHLIESSEN	STATEMENT_FINAL	YES	Ordne den laufenden Eintrag zu; auf Grad II und zur Ausführung; schließe den Schritt.	Y_IS_ARGUMENT_ATOM__DY_IS_SEPARATE_CLOSE_CONTROL	ARGUMENT_VALUE_INSIDE_WRITTEN_CONTROL_ENVELOPE__NO_ROOT_OR_RECIPE_CHANGE	NONE
373	CURRENT4_GDT539	G515-E0354	G515-S041	f66r	SOURCE_SECTION_T	rotaiin	R+OT+AIIN	OT+AIIN	1	1	AIIN	AIIN	WERT	3	3	OT	END	OT>A<END	NEXT_CARRIER_ARGUMENT	AIIN	1	NONE	NONE	YES	DANACH · WERT	danach ARG als nächsten Träger eröffnen	danach den Wert als nächsten Träger eröffnen	NÄCHSTEN TRÄGER ERÖFFNEN → WERT	STATEMENT_INTERNAL	NO	Danach: kennzeichne den Kennwert.	NOT_APPLICABLE	ARGUMENT_VALUE_INSIDE_WRITTEN_CONTROL_ENVELOPE__NO_ROOT_OR_RECIPE_CHANGE	NONE
374	CURRENT4_GDT539	G515-E0371	G515-S042	f66r	SOURCE_SECTION_T	choty	CH+OT+Y	OT+Y	1	1	Y	Y	POSTEN	3	3	OT	END	OT>A<END	NEXT_CARRIER_ARGUMENT	Y	1	NONE	NONE	YES	DANACH · POSTEN	danach ARG als nächsten Träger eröffnen	danach den Posten als nächsten Träger eröffnen	NÄCHSTEN TRÄGER ERÖFFNEN → POSTEN	STATEMENT_INTERNAL	NO	Danach: entnimm den laufenden Eintrag.	Y_IS_ARGUMENT_ATOM__NOT_THE_DY_CONTROL	ARGUMENT_VALUE_INSIDE_WRITTEN_CONTROL_ENVELOPE__NO_ROOT_OR_RECIPE_CHANGE	NONE
375	CURRENT4_GDT539	G515-E0375	G515-S042	f66r	SOURCE_SECTION_T	ykol	Y+K+OL	Y+OL	1	1	Y	Y	POSTEN	1	3	START	OL	START>A<OL	RETAINED_ARGUMENT	Y+K	1	NONE	K	YES	POSTEN · FORTSETZEN	ARG weiterführen	den Posten weiterführen	POSTEN → TRÄGER FORTSETZEN	STATEMENT_INTERNAL	NO	Ordne den laufenden Eintrag zu; führe fort.	Y_IS_ARGUMENT_ATOM__NOT_THE_DY_CONTROL	ARGUMENT_VALUE_INSIDE_WRITTEN_CONTROL_ENVELOPE__NO_ROOT_OR_RECIPE_CHANGE	NONE
376	CURRENT4_GDT539	G515-E0388	G515-S043	f66r	SOURCE_SECTION_T	sholdy	SH+OL+D_ADDR+Y	OL+Y	1	1	Y	Y	POSTEN	4	4	OL	END	OL>A<END	CONTINUED_CARRIER_ARGUMENT	D_ADDR+Y	2	D_ADDR	NONE	YES	FORTSETZEN · POSTEN	weiter mit ARG als aktuellem Träger	weiter mit dem Posten als aktuellem Träger	TRÄGER FORTSETZEN → POSTEN	STATEMENT_INTERNAL	NO	Halte den laufenden Eintrag fest; an der bezeichneten Stelle; führe fort.	Y_IS_ARGUMENT_ATOM__NOT_THE_DY_CONTROL	ARGUMENT_VALUE_INSIDE_WRITTEN_CONTROL_ENVELOPE__NO_ROOT_OR_RECIPE_CHANGE	NONE
377	CURRENT4_GDT539	G515-E0391	G515-S043	f66r	SOURCE_SECTION_T	qoty	OT+Y	OT+Y	1	1	Y	Y	POSTEN	2	2	OT	END	OT>A<END	NEXT_CARRIER_ARGUMENT	Y	1	NONE	NONE	YES	DANACH · POSTEN	danach ARG als nächsten Träger eröffnen	danach den Posten als nächsten Träger eröffnen	NÄCHSTEN TRÄGER ERÖFFNEN → POSTEN	STATEMENT_INTERNAL	NO	Danach: im laufenden Satz setze den laufenden Eintrag ein.	Y_IS_ARGUMENT_ATOM__NOT_THE_DY_CONTROL	ARGUMENT_VALUE_INSIDE_WRITTEN_CONTROL_ENVELOPE__NO_ROOT_OR_RECIPE_CHANGE	G559-F01
378	CURRENT4_GDT539	G515-E0415	G515-S047	f66r	SOURCE_SECTION_T	sholfordaiin	SH+OL+LOCAL_CHAR_F+OR+D_ADDR+AIIN	OL+OR+AIIN	1	2	OR+AIIN	OR	EINHEIT	4	6	OL	END	OL>A<END	CONTINUED_CARRIER_ARGUMENT	LOCAL_CHAR_F+OR+D_ADDR+AIIN	2	LOCAL_CHAR_F	D_ADDR+AIIN	NO	FORTSETZEN · EINHEIT	weiter mit ARG als aktuellem Träger	weiter mit der Einheit als aktuellem Träger	TRÄGER FORTSETZEN → EINHEIT → WERT	STATEMENT_INTERNAL	NO	Halte die Eintragseinheit und den Kennwert fest; an der bezeichneten Stelle und an der bezeichneten Stelle; führe fort.	NOT_APPLICABLE	ARGUMENT_VALUE_INSIDE_WRITTEN_CONTROL_ENVELOPE__NO_ROOT_OR_RECIPE_CHANGE	NONE
379	CURRENT4_GDT539	G515-E0415	G515-S047	f66r	SOURCE_SECTION_T	sholfordaiin	SH+OL+LOCAL_CHAR_F+OR+D_ADDR+AIIN	OL+OR+AIIN	2	2	OR+AIIN	AIIN	WERT	6	6	OL	END	OL>A<END	CONTINUED_CARRIER_ARGUMENT	LOCAL_CHAR_F+OR+D_ADDR+AIIN	4	LOCAL_CHAR_F+OR+D_ADDR	NONE	YES	FORTSETZEN · WERT	weiter mit ARG als aktuellem Träger	weiter mit dem Wert als aktuellem Träger	TRÄGER FORTSETZEN → EINHEIT → WERT	STATEMENT_INTERNAL	NO	Halte die Eintragseinheit und den Kennwert fest; an der bezeichneten Stelle und an der bezeichneten Stelle; führe fort.	NOT_APPLICABLE	ARGUMENT_VALUE_INSIDE_WRITTEN_CONTROL_ENVELOPE__NO_ROOT_OR_RECIPE_CHANGE	NONE
380	CURRENT4_GDT539	G515-E0417	G515-S047	f66r	SOURCE_SECTION_T	otalor	OT+AL+OR	OT+OR	1	1	OR	OR	EINHEIT	3	3	OT	END	OT>A<END	NEXT_CARRIER_ARGUMENT	AL+OR	2	AL	NONE	YES	DANACH · EINHEIT	danach ARG als nächsten Träger eröffnen	danach die Einheit als nächsten Träger eröffnen	NÄCHSTEN TRÄGER ERÖFFNEN → EINHEIT	STATEMENT_INTERNAL	NO	Danach: im laufenden Satz halte die Eintragseinheit fest; zur Zielspalte.	NOT_APPLICABLE	ARGUMENT_VALUE_INSIDE_WRITTEN_CONTROL_ENVELOPE__NO_ROOT_OR_RECIPE_CHANGE	G559-F05
381	CURRENT4_GDT539	G515-E0456	G515-S053	f66r	SOURCE_SECTION_T	ytarody	Y+T+AR+O+DY	Y+DY	1	1	Y	Y	POSTEN	1	5	START	DY	START>A<DY	CLOSING_ARGUMENT	Y+T+AR+O	1	NONE	T+AR+O	YES	POSTEN · ABSCHLIESSEN	ARG führen und den Schritt abschließen	den Posten führen und den Schritt abschließen	POSTEN → SCHRITT ABSCHLIESSEN	STATEMENT_FINAL	YES	Lege den laufenden Eintrag fest; von der Ausgangszeile; zur Ausführung; schließe den Schritt.	Y_IS_ARGUMENT_ATOM__DY_IS_SEPARATE_CLOSE_CONTROL	ARGUMENT_VALUE_INSIDE_WRITTEN_CONTROL_ENVELOPE__NO_ROOT_OR_RECIPE_CHANGE	NONE
382	CURRENT4_GDT539	G515-E0470	G515-S056	f66r	SOURCE_SECTION_T	dolarshy	D_ADDR+OL+AR+SH+Y	OL+Y	1	1	Y	Y	POSTEN	5	5	OL	END	OL>A<END	CONTINUED_CARRIER_ARGUMENT	AR+SH+Y	3	AR+SH	NONE	YES	FORTSETZEN · POSTEN	weiter mit ARG als aktuellem Träger	weiter mit dem Posten als aktuellem Träger	TRÄGER FORTSETZEN → POSTEN	STATEMENT_INTERNAL	NO	Halte den laufenden Eintrag fest; von der Ausgangszeile; an der bezeichneten Stelle; führe fort.	Y_IS_ARGUMENT_ATOM__NOT_THE_DY_CONTROL	ARGUMENT_VALUE_INSIDE_WRITTEN_CONTROL_ENVELOPE__NO_ROOT_OR_RECIPE_CHANGE	NONE
383	CURRENT4_GDT539	G515-E0480	G515-S056	f66r	SOURCE_SECTION_T	oly	OL+Y	OL+Y	1	1	Y	Y	POSTEN	2	2	OL	END	OL>A<END	CONTINUED_CARRIER_ARGUMENT	Y	1	NONE	NONE	YES	FORTSETZEN · POSTEN	weiter mit ARG als aktuellem Träger	weiter mit dem Posten als aktuellem Träger	TRÄGER FORTSETZEN → POSTEN	STATEMENT_FINAL	YES	Im laufenden Satz wähle den laufenden Eintrag; führe fort.	Y_IS_ARGUMENT_ATOM__NOT_THE_DY_CONTROL	ARGUMENT_VALUE_INSIDE_WRITTEN_CONTROL_ENVELOPE__NO_ROOT_OR_RECIPE_CHANGE	G559-F02
384	CURRENT4_GDT539	G515-E0504	G515-S062	f66r	SOURCE_SECTION_T	ykeeody	Y+K+EE+O+DY	Y+DY	1	1	Y	Y	POSTEN	1	5	START	DY	START>A<DY	CLOSING_ARGUMENT	Y+K+EE+O	1	NONE	K+EE+O	YES	POSTEN · ABSCHLIESSEN	ARG führen und den Schritt abschließen	den Posten führen und den Schritt abschließen	POSTEN → SCHRITT ABSCHLIESSEN	SINGLETON_STATEMENT	YES	Ordne den laufenden Eintrag zu; auf Grad II und zur Ausführung; schließe den Schritt.	Y_IS_ARGUMENT_ATOM__DY_IS_SEPARATE_CLOSE_CONTROL	ARGUMENT_VALUE_INSIDE_WRITTEN_CONTROL_ENVELOPE__NO_ROOT_OR_RECIPE_CHANGE	NONE
385	CURRENT4_GDT539	G515-E0525	G515-S067	f66r	SOURCE_SECTION_T	oteochey	OT+E+O+CH+E+Y	OT+Y	1	1	Y	Y	POSTEN	6	6	OT	END	OT>A<END	NEXT_CARRIER_ARGUMENT	E+O+CH+E+Y	5	E+O+CH+E	NONE	YES	DANACH · POSTEN	danach ARG als nächsten Träger eröffnen	danach den Posten als nächsten Träger eröffnen	NÄCHSTEN TRÄGER ERÖFFNEN → POSTEN	STATEMENT_INITIAL	NO	Danach: entnimm den laufenden Eintrag; auf Grad I [außen], zur Ausführung und auf Grad I [innen].	Y_IS_ARGUMENT_ATOM__NOT_THE_DY_CONTROL	ARGUMENT_VALUE_INSIDE_WRITTEN_CONTROL_ENVELOPE__NO_ROOT_OR_RECIPE_CHANGE	NONE
386	CURRENT4_GDT539	G515-E0533	G515-S068	f66r	SOURCE_SECTION_T	oteody	OT+E+O+Y	OT+Y	1	1	Y	Y	POSTEN	4	4	OT	END	OT>A<END	NEXT_CARRIER_ARGUMENT	E+O+Y	3	E+O	NONE	YES	DANACH · POSTEN	danach ARG als nächsten Träger eröffnen	danach den Posten als nächsten Träger eröffnen	NÄCHSTEN TRÄGER ERÖFFNEN → POSTEN	STATEMENT_INTERNAL	NO	Danach: im laufenden Satz halte den laufenden Eintrag fest; auf Grad I und zur Ausführung.	Y_IS_ARGUMENT_ATOM__NOT_THE_DY_CONTROL	ARGUMENT_VALUE_INSIDE_WRITTEN_CONTROL_ENVELOPE__NO_ROOT_OR_RECIPE_CHANGE	NONE
387	CURRENT4_GDT539	G515-E0538	G515-S068	f66r	SOURCE_SECTION_T	otey	OT+E+Y	OT+Y	1	1	Y	Y	POSTEN	3	3	OT	END	OT>A<END	NEXT_CARRIER_ARGUMENT	E+Y	2	E	NONE	YES	DANACH · POSTEN	danach ARG als nächsten Träger eröffnen	danach den Posten als nächsten Träger eröffnen	NÄCHSTEN TRÄGER ERÖFFNEN → POSTEN	STATEMENT_INTERNAL	NO	Danach: im laufenden Satz ordne den laufenden Eintrag zu; auf Grad I.	Y_IS_ARGUMENT_ATOM__NOT_THE_DY_CONTROL	ARGUMENT_VALUE_INSIDE_WRITTEN_CONTROL_ENVELOPE__NO_ROOT_OR_RECIPE_CHANGE	G559-F03
388	CURRENT4_GDT539	G515-E0539	G515-S068	f66r	SOURCE_SECTION_T	ltsholy	L+T+SH+OL+Y	OL+Y	1	1	Y	Y	POSTEN	5	5	OL	END	OL>A<END	CONTINUED_CARRIER_ARGUMENT	Y	1	NONE	NONE	YES	FORTSETZEN · POSTEN	weiter mit ARG als aktuellem Träger	weiter mit dem Posten als aktuellem Träger	TRÄGER FORTSETZEN → POSTEN	STATEMENT_INTERNAL	NO	Lege den laufenden Eintrag fest und halte den laufenden Eintrag fest; über die Eintragsverbindung; führe fort.	Y_IS_ARGUMENT_ATOM__NOT_THE_DY_CONTROL	ARGUMENT_VALUE_INSIDE_WRITTEN_CONTROL_ENVELOPE__NO_ROOT_OR_RECIPE_CHANGE	NONE
389	CURRENT4_GDT539	G515-E0572	G515-S073	f66r	SOURCE_SECTION_T	oteey	OT+EE+Y	OT+Y	1	1	Y	Y	POSTEN	3	3	OT	END	OT>A<END	NEXT_CARRIER_ARGUMENT	EE+Y	2	EE	NONE	YES	DANACH · POSTEN	danach ARG als nächsten Träger eröffnen	danach den Posten als nächsten Träger eröffnen	NÄCHSTEN TRÄGER ERÖFFNEN → POSTEN	STATEMENT_INTERNAL	NO	Danach: im laufenden Satz halte den laufenden Eintrag fest; auf Grad II.	Y_IS_ARGUMENT_ATOM__NOT_THE_DY_CONTROL	ARGUMENT_VALUE_INSIDE_WRITTEN_CONTROL_ENVELOPE__NO_ROOT_OR_RECIPE_CHANGE	G559-F06
390	CURRENT4_GDT539	G515-E0581	G515-S077	f66r	SOURCE_SECTION_T	qoteoly	OT+E+OL+Y	OT+OL+Y	1	1	Y	Y	POSTEN	4	4	OL	END	OL>A<END	CONTINUED_CARRIER_ARGUMENT	Y	1	NONE	NONE	YES	FORTSETZEN · POSTEN	weiter mit ARG als aktuellem Träger	weiter mit dem Posten als aktuellem Träger	NÄCHSTEN TRÄGER ERÖFFNEN → TRÄGER FORTSETZEN → POSTEN	STATEMENT_INTERNAL	NO	Danach: im laufenden Satz halte den laufenden Eintrag fest; auf Grad I; führe fort.	Y_IS_ARGUMENT_ATOM__NOT_THE_DY_CONTROL	ARGUMENT_VALUE_INSIDE_WRITTEN_CONTROL_ENVELOPE__NO_ROOT_OR_RECIPE_CHANGE	NONE
