statement_id	record_unit_id	page	statement_ordinal_in_record	constituent_fields	constituent_loci	physical_line_count	internal_cross_line_boundaries	event_count	event_serials	exact_card_sequence	closure_sequence	entry_boundary_class	exit_boundary_class	ordered_template_sequence	parse_status	recognized_event_count	exemplar_only_event_count	record_reset_status	pre_state	owner_active_target_previous_operations	inferred_missing_slots	operation_trace	post_state	backward_from_full_transition_log	backward_from_post_state_only	iatromedical_statement_exemplar	practical_statement_exemplar	domain_selection	complete_source_recovery_without_exemplar	formal_roundtrip	strongest_segmentation_rival	semantic_contract
H1-S001	H1	f10r	1	F001	f10r.2	1	NONE	10	1|2|3|4|5|6|7|8|9|10	65f320e75510b2f38182|dedc383b600397a301ee|4d4559019a961b834aa1|80ebbbbf238eee9f0aef|df1098831679a8ad1b39|12efe866f335461823a6|62ff059766b21c7de083|276a7c2d74d1143446f4|2f1c5e56e8f0ff459065|a6939862e33ece5a0483	F001:OPEN	RECORD_START	RESUME_ACTIVE_ITEM	EXEMPLAR_ONLY > EXEMPLAR_ONLY > EXEMPLAR_ONLY > EXEMPLAR_ONLY > EXEMPLAR_ONLY > EXEMPLAR_ONLY > EXEMPLAR_ONLY > ACTION_APPLY > PARAMETER_ASSIGN > EXEMPLAR_ONLY	AMBIGUOUS	2	8	PASS_RESET_AT_RECORD_START	OWNER=UNSET;ACTIVE_ITEM/PREPARATION=UNSET;TARGET/STATION=UNSET;PREVIOUS_ITEM=UNSET	INTRODUCE/INTRODUCE/INTRODUCE/INTRODUCE	ACTIVE_ITEM/PREPARATION | TARGET/STATION	OWNER:INTRODUCE(H1:O01) -> ACTIVE_ITEM/PREPARATION:INTRODUCE(H1:I001) -> TARGET/STATION:RESET -> PREVIOUS_ITEM:RESET -> PREVIOUS_ITEM:INTRODUCE_DERIVED(H1:I002;LOCAL_RETAINED_PART) -> TARGET/STATION:INTRODUCE_INFERRED(H1:T001;TARGET_SENSITIVE_ACTION)	OWNER=H1:O01;ACTIVE_ITEM/PREPARATION=H1:I001;TARGET/STATION=H1:T001;PREVIOUS_ITEM=H1:I002	YES	NO	[IMAGE:unterer Wurzelstock des Teufelsabbisses] ; [GENRE:säubere ihn] ; [REGISTER:H1:I001 als derselbe Arbeitsansatz] ; [GENRE:zerschneide ihn] ; [GENRE:gib ihn in den Brennhafen] ; [GENRE:füge Quellwasser hinzu] ; [GENRE:fange den ersten Lauf im Glas auf] ; [CARD:ANWENDEN?] [GENRE:gebrauche den Lauf innerlich] ; [CARD:MASS?] [FORMAL:VORGABEPARAMETER?; keine Wortbedeutung] [EXEMPLAR:in kleinem örtlichem Maß] ; [GENRE:gegen Stechen im Leib] [GENRE:verwahre den Rest verschlossen]	LOCAL[Bildbesitzer H1 als Rohstofflos H1-R01 eröffnen] ; LOCAL[unteren Wurzelstock als sichtbaren Pflanzenteil wählen] ; LOCAL[Erde und Fremdstoff mit Wasser abwaschen] ; LOCAL[beschädigte Fasern aussortieren] ; LOCAL[sauberen Wurzelstock grob schneiden] ; LOCAL[Schnittgut im Mazeriergefäß mit Wasser bedecken] ; LOCAL[Auszug umrühren und eine Prüfportion abnehmen] ; ANWENDEN?=aktive Charge am gesetzten Arbeitsziel einsetzen ; LOCAL[aktive Prüfportion=H1-P01; Arbeitsziel=Musterstreifen H1-T01] ; MASS?=vorgesehenen Mengenwert buchen ; VORGABEPARAMETER?=FORMAL_OPAQUE_SLOT_OPERATION ; LOCAL[Sollwert für die Prüfportion in das Losregister eintragen] ; LOCAL[trockenen Rest als H1-R02 verwahren]	NONE;DUAL_UNRESOLVED	NO	PASS_EXACT_OPAQUE_ID_SEQUENCE	SEGMENTATION=Ein erstes Feld kann Überschrift oder Rubrik statt Klausel sein.; NONMEDICAL=Wurzelstoff aus dem Bildlos übernehmen [Ganzfeldexemplar H1, Feld 1/2]	REGISTER_IDS_RECORD_LOCAL;LINE_RESET_NOT_SENTENCE;DUAL_LOCAL_EXEMPLAR_ONLY
H1-S002	H1	f10r	2	F002	f10r.5	1	NONE	4	11|12|13|14	9ad66e67803a12e745de|e8a6105b5c3a6220b440|dcda95c81a5460feb191|e0b630cb1b5df5e7105b	F002:OPEN	RESUME_ACTIVE_ITEM	RECORD_END	EXEMPLAR_ONLY > EXEMPLAR_ONLY > LINK_ACTIVE > STATE_GATE	AMBIGUOUS	2	2	WITHIN_RECORD_TRANSITION	OWNER=H1:O01;ACTIVE_ITEM/PREPARATION=H1:I001;TARGET/STATION=H1:T001;PREVIOUS_ITEM=H1:I002	CARRY/RESUME/CARRY/RESUME	OWNER | ACTIVE_ITEM/PREPARATION | PREVIOUS_ITEM	OWNER:CARRY(H1:O01) -> ACTIVE_ITEM/PREPARATION:RESUME(H1:I001) -> TARGET/STATION:CARRY(H1:T001) -> PREVIOUS_ITEM:CARRY(H1:I002) -> PREVIOUS_ITEM:RESUME(H1:I002;LOCAL_FILLER)	OWNER=H1:O01;ACTIVE_ITEM/PREPARATION=H1:I001;TARGET/STATION=H1:T001;PREVIOUS_ITEM=H1:I002	YES	NO	[EXEMPLAR:nimm den frischen ersten Lauf] ; [GENRE:erwärme ihn gelinde] ; [FORMAL:AKTIVEN_ARBEITSSTAND_VERKNÜPFEN; keine Wortbedeutung] [REGISTER:H1:I001 fortführen] ; [CARD:BEREIT?] [EXEMPLAR:bis zum örtlichen Gebrauchszustand]	LOCAL[gelagerten Wurzelrest H1-R02 aufnehmen] ; LOCAL[zweiten Auszug gelinde erwärmen] ; AKTIVEN_ARBEITSSTAND_VERKNÜPFEN=FORMAL_OPAQUE_SLOT_OPERATION ; LOCAL[formale Verknüpfung mit dem laufenden Wurzelauszug H1-P01 buchen] ; BEREIT?=Freigabestand der aktiven Charge prüfen ; LOCAL[Arbeitsstand H1-P02 freigeben]	NONE;DUAL_UNRESOLVED	NO	PASS_EXACT_OPAQUE_ID_SEQUENCE	SEGMENTATION=START_NEW_CLAUSE: F002 könnte ein unabhängiger zweiter Rezeptzusatz sein.; NONMEDICAL=als Standardzusatz ansetzen [Ganzfeldexemplar H1, Feld 2/2]	REGISTER_IDS_RECORD_LOCAL;LINE_RESET_NOT_SENTENCE;DUAL_LOCAL_EXEMPLAR_ONLY
H2-S001	H2	f10r	1	F003	f10r.6	1	NONE	9	15|16|17|18|19|20|21|22|23	7249edc4df3419c26999|e0b630cb1b5df5e7105b|7a4bb8136330ee4e6e56|f3c23f42baf625639e1e|af816c04e65874a0f2fa|b921a237be883a820352|b921a237be883a820352|2f1c5e56e8f0ff459065|b921a237be883a820352	F003:OPEN	RECORD_START	RESUME_ACTIVE_ITEM	EXEMPLAR_ONLY > STATE_GATE > LINK_ACTIVE > EXEMPLAR_ONLY > EXEMPLAR_ONLY > EXEMPLAR_ONLY > EXEMPLAR_ONLY > PARAMETER_ASSIGN > EXEMPLAR_ONLY	AMBIGUOUS	3	6	PASS_RESET_AT_RECORD_START	OWNER=UNSET;ACTIVE_ITEM/PREPARATION=UNSET;TARGET/STATION=UNSET;PREVIOUS_ITEM=UNSET	INTRODUCE/INTRODUCE/RESET/RESET	NONE	OWNER:INTRODUCE(H2:O01) -> ACTIVE_ITEM/PREPARATION:INTRODUCE(H2:I001) -> TARGET/STATION:RESET -> PREVIOUS_ITEM:RESET -> ACTIVE_ITEM/PREPARATION:RESUME_OR_CONFIRM(H2:I001;ANSATZ?)	OWNER=H2:O01;ACTIVE_ITEM/PREPARATION=H2:I001;TARGET/STATION=UNSET;PREVIOUS_ITEM=UNSET	YES	YES	[IMAGE:Blütenköpfe und junge Blätter derselben Teufelsabbiss-Pflanze] ; [CARD:BEREIT?] [EXEMPLAR:wenn sie eben aufgehen] ; [CARD:ANSATZ?] [REGISTER:H2:I001 als frischen Ansatz führen] ; [GENRE:zerstoße das Kraut] ; [GENRE:presse den Saft durch ein Tuch] ; [EXEMPLAR:fange die erste Fraktion auf] ; [GENRE:gib Olivenöl hinzu] ; [CARD:MASS?] [EXEMPLAR:ein örtlich vorgeschriebenes Maß] ; [GENRE:erwärme gelinde]	LOCAL[Bildbesitzer H2 als Oberteil-Los H2-R01 eröffnen] ; BEREIT?=Freigabestand der aktiven Charge prüfen ; LOCAL[Erntegut als verarbeitungsbereit markieren] ; ANSATZ?=aktiven Arbeitsansatz aufnehmen ; LOCAL[gepresste Arbeitsflüssigkeit H2-P01 als aktiven Ansatz führen] ; LOCAL[Stängel und obere Blätter grob quetschen] ; LOCAL[austretende Pflanzenflüssigkeit auffangen] ; LOCAL[Pressgut mit Wasser nachziehen] ; LOCAL[beide Flüssigkeiten zusammenführen] ; MASS?=vorgesehenen Mengenwert buchen ; LOCAL[Sollmenge für H2-P01 buchen] ; LOCAL[Pressrückstand als Nebenfraktion H2-R02 markieren]	NONE;DUAL_UNRESOLVED	NO	PASS_EXACT_OPAQUE_ID_SEQUENCE	SEGMENTATION=Ein erstes Feld kann Überschrift oder Rubrik statt Klausel sein.; NONMEDICAL=obere Pflanzenteile übernehmen [Ganzfeldexemplar H2, Feld 1/3]	REGISTER_IDS_RECORD_LOCAL;LINE_RESET_NOT_SENTENCE;DUAL_LOCAL_EXEMPLAR_ONLY
H2-S002	H2	f10r	2	F004	f10r.8	1	NONE	8	24|25|26|27|28|29|30|31	10488b911aae52b3b334|7a4bb8136330ee4e6e56|497cbd9c7401810ff56b|dcda95c81a5460feb191|dec401773c1f0347793d|dcda95c81a5460feb191|2f1c5e56e8f0ff459065|4d4559019a961b834aa1	F004:OPEN	RESUME_ACTIVE_ITEM	NEXT_PARALLEL_CELL	EXEMPLAR_ONLY > LINK_ACTIVE > EXEMPLAR_ONLY > LINK_ACTIVE > SELECT_PREVIOUS > LINK_ACTIVE > PARAMETER_ASSIGN > EXEMPLAR_ONLY	AMBIGUOUS	5	3	WITHIN_RECORD_TRANSITION	OWNER=H2:O01;ACTIVE_ITEM/PREPARATION=H2:I001;TARGET/STATION=UNSET;PREVIOUS_ITEM=UNSET	CARRY/RESUME/CARRY/RESUME	OWNER | PREVIOUS_ITEM	OWNER:CARRY(H2:O01) -> ACTIVE_ITEM/PREPARATION:RESUME(H2:I001) -> TARGET/STATION:CARRY(UNSET) -> PREVIOUS_ITEM:CARRY(UNSET) -> ACTIVE_ITEM/PREPARATION:RESUME_OR_CONFIRM(H2:I001;ANSATZ?) -> PREVIOUS_ITEM:INTRODUCE_INFERRED(H2:I002;VORIGES?) -> ACTIVE_ITEM/PREPARATION:RESUME_FROM_PREVIOUS(H2:I002;VORIGES?)	OWNER=H2:O01;ACTIVE_ITEM/PREPARATION=H2:I002;TARGET/STATION=UNSET;PREVIOUS_ITEM=H2:I001	YES	NO	[IMAGE:nimm vor voller Blüte eine zweite Portion der Spitzen] ; [CARD:ANSATZ?] [REGISTER:H2:I001 fortführen] ; [EXEMPLAR:eine Handvoll] ; [FORMAL:AKTIVEN_ARBEITSSTAND_VERKNÜPFEN; keine Wortbedeutung] [REGISTER:H2:I001 fortführen] ; [CARD:VORIGES?] [REGISTER:H2:I001 als vorigen Posten aufnehmen] ; [FORMAL:AKTIVEN_ARBEITSSTAND_VERKNÜPFEN; keine Wortbedeutung] [REGISTER:H2:I002 führen] ; [CARD:MASS?] [FORMAL:VORGABEPARAMETER?; keine Wortbedeutung] [EXEMPLAR:ein gleiches örtliches Maß] ; [GENRE:verbinde beide Fraktionen]	LOCAL[frühe Erntefraktion H2-R03 eröffnen] ; ANSATZ?=aktiven Arbeitsansatz aufnehmen ; LOCAL[H2-P01 als aktiven Ansatz ansprechen] ; LOCAL[eine Teilmenge H2-R03 in ein Vergleichsgefäß geben] ; AKTIVEN_ARBEITSSTAND_VERKNÜPFEN=FORMAL_OPAQUE_SLOT_OPERATION ; LOCAL[formalen aktiven Link zwischen Vergleichsgefäß und laufender Charge setzen] ; VORIGES?=vorige Charge wieder aufnehmen ; LOCAL[vorige Charge H2-P01 wieder aufnehmen] ; AKTIVEN_ARBEITSSTAND_VERKNÜPFEN=FORMAL_OPAQUE_SLOT_OPERATION ; LOCAL[diese vorige Charge an Vergleich H2-P02 verknüpfen] ; MASS?=vorgesehenen Mengenwert buchen ; VORGABEPARAMETER?=FORMAL_OPAQUE_SLOT_OPERATION ; LOCAL[Sollmenge für H2-P02 buchen] ; LOCAL[frühe Fraktion vollständig mazerieren]	NONE;DUAL_UNRESOLVED	NO	PASS_EXACT_OPAQUE_ID_SEQUENCE	SEGMENTATION=NEXT_PARALLEL_CELL: die abweichende Sammelzeit kann eine zweite Erntevariante eröffnen.; NONMEDICAL=ausziehen [Ganzfeldexemplar H2, Feld 2/3]	REGISTER_IDS_RECORD_LOCAL;LINE_RESET_NOT_SENTENCE;DUAL_LOCAL_EXEMPLAR_ONLY
H2-S003	H2	f10r	3	F005	f10r.9	1	NONE	7	32|33|34|35|36|37|38	27d97af8c96eb056c2e6|7a4bb8136330ee4e6e56|7a4bb8136330ee4e6e56|b921a237be883a820352|409de02322e7b2ca0c62|b921a237be883a820352|834825c61d048a6b5628	F005:OPEN	NEXT_PARALLEL_CELL	RECORD_END	EXEMPLAR_ONLY > LINK_ACTIVE > LINK_ACTIVE > EXEMPLAR_ONLY > EXEMPLAR_ONLY > EXEMPLAR_ONLY > EXEMPLAR_ONLY	AMBIGUOUS	2	5	WITHIN_RECORD_TRANSITION	OWNER=H2:O01;ACTIVE_ITEM/PREPARATION=H2:I002;TARGET/STATION=UNSET;PREVIOUS_ITEM=H2:I001	CARRY/INTRODUCE/RESET/INTRODUCE	OWNER	OWNER:CARRY(H2:O01) -> PREVIOUS_ITEM:INTRODUCE_FROM_ACTIVE(H2:I002) -> ACTIVE_ITEM/PREPARATION:INTRODUCE(H2:I003) -> TARGET/STATION:RESET(NEW_OR_PARALLEL_CLAUSE) -> ACTIVE_ITEM/PREPARATION:RESUME_OR_CONFIRM(H2:I003;ANSATZ?) -> ACTIVE_ITEM/PREPARATION:RESUME_OR_CONFIRM(H2:I003;ANSATZ?)	OWNER=H2:O01;ACTIVE_ITEM/PREPARATION=H2:I003;TARGET/STATION=UNSET;PREVIOUS_ITEM=H2:I002	YES	NO	[GENRE:gib die Fraktionen in ein glasiertes Gefäß] ; [CARD:ANSATZ?] [REGISTER:H2:I003 als Salbenansatz führen] ; [CARD:ANSATZ?] [REGISTER:H2:I003 wiederholt; Slotkonflikt bleibt sichtbar] ; [GENRE:rühre bei kleinem Feuer] ; [EXEMPLAR:bis eine weiche Salbe entsteht] ; [GENRE:bewahre sie bedeckt] ; [GENRE:lege sie äußerlich auf ein Geschwür oder eine harte Schwellung]	LOCAL[späte Erntefraktion H2-R04 eröffnen] ; ANSATZ?=aktiven Arbeitsansatz aufnehmen ; LOCAL[H2-P02 als ersten aktiven Ansatz führen] ; ANSATZ?=aktiven Arbeitsansatz aufnehmen ; LOCAL[späte Teilcharge H2-P03 als zweiten aktiven Ansatz führen] ; LOCAL[beide Ernteauszüge in getrennten Gefäßen umrühren] ; LOCAL[beide durch dasselbe Tuch seihen] ; LOCAL[Farbe und Bodensatz als Vergleichsmerkmale notieren] ; LOCAL[Vergleichspaar H2-P02/H2-P03 verschlossen lagern]	NONE;DUAL_UNRESOLVED	NO	PASS_EXACT_OPAQUE_ID_SEQUENCE	SEGMENTATION=CONTINUE_SAME_CLAUSE: beide OPEN-Felder könnten eine einzige lange Ernte-/Zubereitungsanweisung sein.; NONMEDICAL=mit einem Träger verbinden [Ganzfeldexemplar H2, Feld 3/3]	REGISTER_IDS_RECORD_LOCAL;LINE_RESET_NOT_SENTENCE;DUAL_LOCAL_EXEMPLAR_ONLY
H3-S001	H3	f11r	1	F006	f11r.1	1	NONE	7	39|40|41|42|43|44|45	953ad19b79517fc8a211|428a5e3662aa57b4b256|bdad9f9ea8b80f141496|a8af08e69edab8e54f15|deb377381ceaf55ea310|b5df9126607030b95175|2e2027b1951d79911e24	F006:TERMINAL	RECORD_START	WITHIN_LOCUS_FIELD_BOUNDARY	EXEMPLAR_ONLY > EXEMPLAR_ONLY > EXEMPLAR_ONLY > EXEMPLAR_ONLY > EXEMPLAR_ONLY > STATE_GATE > EXEMPLAR_ONLY	AMBIGUOUS	1	6	PASS_RESET_AT_RECORD_START	OWNER=UNSET;ACTIVE_ITEM/PREPARATION=UNSET;TARGET/STATION=UNSET;PREVIOUS_ITEM=UNSET	INTRODUCE/INTRODUCE/INTRODUCE/RESET	ACTIVE_ITEM/PREPARATION	OWNER:INTRODUCE(H3:O01) -> ACTIVE_ITEM/PREPARATION:INTRODUCE(H3:I001) -> TARGET/STATION:RESET -> PREVIOUS_ITEM:RESET -> TARGET/STATION:INTRODUCE(H3:T001;LOCAL_SHADOW_PLACE) -> TARGET/STATION:INTRODUCE(H3:T002;LOCAL_CLOTH)	OWNER=H3:O01;ACTIVE_ITEM/PREPARATION=H3:I001;TARGET/STATION=H3:T002;PREVIOUS_ITEM=UNSET	YES	NO	[IMAGE:Blüten und junge Blätter des Duftveilchens] [GENRE:im ersten Frühjahr nehmen] ; [GENRE:in reinem Wein kochen] ; [GENRE:durch ein feines Tuch wringen] ; [GENRE:den Auszug stehen lassen] ; [GENRE:nochmals seihen] ; [CARD:KLAR?] [EXEMPLAR:bis zum örtlich geprüften klaren Zustand] ; [FORMAL:CLOSE; keine Wortbedeutung] [GENRE:abkühlen lassen]	LOCAL[Bildbesitzer H3 als Blüten-Kraut-Los H3-R01 eröffnen] ; LOCAL[junge oberirdische Teile sammeln] ; LOCAL[Blütenköpfe und Blätter in zwei Schalen sortieren] ; LOCAL[Krautfraktion quetschen und in Wasser mazerieren] ; LOCAL[Auszug zuerst grob, dann durch Tuch seihen] ; KLAR?=Klarzustand der aktiven Charge prüfen ; LOCAL[Klarheitszustand des Filtrats H3-P01 prüfen] ; LOCAL[klares Filtrat absetzen lassen und Feld schließen]	NONE;DUAL_UNRESOLVED	NO	PASS_EXACT_OPAQUE_ID_SEQUENCE	SEGMENTATION=Ein erstes Feld kann Überschrift oder Rubrik statt Klausel sein.; NONMEDICAL=Blüten- oder Krautanteil übernehmen [Ganzfeldexemplar H3, Feld 1/4]	REGISTER_IDS_RECORD_LOCAL;LINE_RESET_NOT_SENTENCE;DUAL_LOCAL_EXEMPLAR_ONLY
H3-S002	H3	f11r	2	F007	f11r.1	1	NONE	1	46	577c03a928d674d420d7	F007:OPEN	WITHIN_LOCUS_FIELD_BOUNDARY	RESUME_ACTIVE_ITEM	EXEMPLAR_ONLY	UNPARSED	0	1	WITHIN_RECORD_TRANSITION	OWNER=H3:O01;ACTIVE_ITEM/PREPARATION=H3:I001;TARGET/STATION=H3:T002;PREVIOUS_ITEM=UNSET	CARRY/CARRY/CARRY/INTRODUCE	OWNER | ACTIVE_ITEM/PREPARATION	OWNER:CARRY(H3:O01) -> ACTIVE_ITEM/PREPARATION:CARRY(H3:I001) -> TARGET/STATION:CARRY(H3:T002) -> PREVIOUS_ITEM:CARRY(UNSET) -> PREVIOUS_ITEM:INTRODUCE_DERIVED(H3:I002;LOCAL_RETAINED_PART)	OWNER=H3:O01;ACTIVE_ITEM/PREPARATION=H3:I001;TARGET/STATION=H3:T002;PREVIOUS_ITEM=H3:I002	YES	YES	[EXEMPLAR:behalte einen Teil der frischen Blüten für die zweite Arznei zurück]	LOCAL[einen Blütenkopf als Referenzfraktion H3-R02 zurücklegen]	NONE;DUAL_UNRESOLVED	NO	PASS_EXACT_OPAQUE_ID_SEQUENCE	SEGMENTATION=Benachbarte Felder könnten eine größere Exemplarklausel bilden.; NONMEDICAL=ausziehen [Ganzfeldexemplar H3, Feld 2/4]	REGISTER_IDS_RECORD_LOCAL;LINE_RESET_NOT_SENTENCE;DUAL_LOCAL_EXEMPLAR_ONLY
H3-S003	H3	f11r	3	F008	f11r.4	1	NONE	5	47|48|49|50|51	d665560c8ff80799a82c|b921a237be883a820352|b2812c8283c3a62438bd|b921a237be883a820352|2f1c5e56e8f0ff459065	F008:OPEN	RESUME_ACTIVE_ITEM	NEXT_PARALLEL_CELL	EXEMPLAR_ONLY > EXEMPLAR_ONLY > EXEMPLAR_ONLY > EXEMPLAR_ONLY > PARAMETER_ASSIGN	AMBIGUOUS	1	4	WITHIN_RECORD_TRANSITION	OWNER=H3:O01;ACTIVE_ITEM/PREPARATION=H3:I001;TARGET/STATION=H3:T002;PREVIOUS_ITEM=H3:I002	CARRY/RESUME/INTRODUCE/CARRY	OWNER | ACTIVE_ITEM/PREPARATION	OWNER:CARRY(H3:O01) -> ACTIVE_ITEM/PREPARATION:RESUME(H3:I001) -> TARGET/STATION:CARRY(H3:T002) -> PREVIOUS_ITEM:CARRY(H3:I002) -> TARGET/STATION:INTRODUCE(H3:T003;LOCAL_MARKED_TARGET)	OWNER=H3:O01;ACTIVE_ITEM/PREPARATION=H3:I001;TARGET/STATION=H3:T003;PREVIOUS_ITEM=H3:I002	YES	NO	[REGISTER:H3:I001 als erster Auszug] ; [GENRE:nimm davon] ; [GENRE:gib ihn als Trank] ; [GENRE:bei bedrücktem Gemüt und beschwerter Brust] ; [CARD:MASS?] [FORMAL:VORGABEPARAMETER?; keine Wortbedeutung] [EXEMPLAR:in kleinem örtlichem Maß]	LOCAL[Filtrat H3-P01 wieder aufnehmen] ; LOCAL[drei gleiche Probengläser bereitstellen] ; LOCAL[Filtrat auf die Probengläser verteilen] ; LOCAL[Farbton und Niederschlag je Glas vermerken] ; MASS?=vorgesehenen Mengenwert buchen ; VORGABEPARAMETER?=FORMAL_OPAQUE_SLOT_OPERATION ; LOCAL[Sollmenge je Probenglas buchen]	NONE;DUAL_UNRESOLVED	NO	PASS_EXACT_OPAQUE_ID_SEQUENCE	SEGMENTATION=START_NEW_CLAUSE: F008 kann eine eigenständige Anwendung des Simplex beginnen.; NONMEDICAL=filtrieren [Ganzfeldexemplar H3, Feld 3/4]	REGISTER_IDS_RECORD_LOCAL;LINE_RESET_NOT_SENTENCE;DUAL_LOCAL_EXEMPLAR_ONLY
H3-S004	H3	f11r	4	F009	f11r.7	1	NONE	4	52|53|54|55	a48efd6c4491a046ba78|322281bd391aa621f568|e0b630cb1b5df5e7105b|b921a237be883a820352	F009:OPEN	NEXT_PARALLEL_CELL	RECORD_END	EXEMPLAR_ONLY > EXEMPLAR_ONLY > STATE_GATE > EXEMPLAR_ONLY	AMBIGUOUS	1	3	WITHIN_RECORD_TRANSITION	OWNER=H3:O01;ACTIVE_ITEM/PREPARATION=H3:I001;TARGET/STATION=H3:T003;PREVIOUS_ITEM=H3:I002	CARRY/INTRODUCE/RESET/INTRODUCE	OWNER | ACTIVE_ITEM/PREPARATION	OWNER:CARRY(H3:O01) -> PREVIOUS_ITEM:INTRODUCE_FROM_ACTIVE(H3:I001) -> ACTIVE_ITEM/PREPARATION:INTRODUCE(H3:I003) -> TARGET/STATION:RESET(NEW_OR_PARALLEL_CLAUSE)	OWNER=H3:O01;ACTIVE_ITEM/PREPARATION=H3:I003;TARGET/STATION=UNSET;PREVIOUS_ITEM=H3:I001	YES	NO	[EXEMPLAR:nimm die zurückbehaltenen Blüten] ; [GENRE:erwärme sie in Olivenöl] ; [CARD:BEREIT?] [EXEMPLAR:bis zum örtlichen Bereitschaftszustand] ; [GENRE:streiche das Öl äußerlich um die Lider ohne das Auge zu berühren]	LOCAL[Blattfraktion H3-R03 als neue Charge eröffnen] ; LOCAL[Blätter warm in Wasser ausziehen] ; BEREIT?=Freigabestand der aktiven Charge prüfen ; LOCAL[Arbeitsstand H3-P02 als bereit markieren] ; LOCAL[Blattauszug und Referenzblüte getrennt verwahren]	NONE;DUAL_UNRESOLVED	NO	PASS_EXACT_OPAQUE_ID_SEQUENCE	SEGMENTATION=CONTINUE_SAME_CLAUSE: F009 könnte die in F008 nur knapp bezeichnete Auflage ausführen.; NONMEDICAL=getrennt verwahren [Ganzfeldexemplar H3, Feld 4/4]	REGISTER_IDS_RECORD_LOCAL;LINE_RESET_NOT_SENTENCE;DUAL_LOCAL_EXEMPLAR_ONLY
H4-S001	H4	f55v	1	F010	f55v.5	1	NONE	5	56|57|58|59|60	b5fcea1eaed06b2f2291|2f1c5e56e8f0ff459065|403c1592f918c8f23b88|d929a14ec45749b2e805|97cc9ac109148723c472	F010:TERMINAL	RECORD_START	WITHIN_LOCUS_FIELD_BOUNDARY	PARAMETER_ASSIGN > PARAMETER_ASSIGN > EXEMPLAR_ONLY > EXEMPLAR_ONLY > EXEMPLAR_ONLY	AMBIGUOUS	2	3	PASS_RESET_AT_RECORD_START	OWNER=UNSET;ACTIVE_ITEM/PREPARATION=UNSET;TARGET/STATION=UNSET;PREVIOUS_ITEM=UNSET	INTRODUCE/INTRODUCE/RESET/RESET	ACTIVE_ITEM/PREPARATION	OWNER:INTRODUCE(H4:O01) -> ACTIVE_ITEM/PREPARATION:INTRODUCE(H4:I001) -> TARGET/STATION:RESET -> PREVIOUS_ITEM:RESET	OWNER=H4:O01;ACTIVE_ITEM/PREPARATION=H4:I001;TARGET/STATION=UNSET;PREVIOUS_ITEM=UNSET	YES	YES	[FORMAL:STANDARDSLOT_SETZEN; keine Wortbedeutung] [EXEMPLAR:setze den ersten Posten an] ; [CARD:MASS?] [EXEMPLAR:ein örtlich vorgeschriebenes Maß] ; [IMAGE:breite Bärlauchblätter] [GENRE:zerstoße sie] ; [GENRE:füge Weißwein hinzu] ; [FORMAL:CLOSE; keine Wortbedeutung] [GENRE:verschließe das Gefäß und lasse es kühl stehen]	STANDARDSLOT_SETZEN=FORMAL_OPAQUE_SLOT_OPERATION ; LOCAL[formalen Standardslot für Blattposten H4-R01 setzen] ; MASS?=vorgesehenen Mengenwert buchen ; LOCAL[Sollmenge frischer breiter Blätter buchen] ; LOCAL[Blätter waschen und grob schneiden] ; LOCAL[Schnittgut in Wasser mazerieren] ; LOCAL[erste Blattflotte absetzen lassen und Feld schließen]	NONE;DUAL_UNRESOLVED	NO	PASS_EXACT_OPAQUE_ID_SEQUENCE	SEGMENTATION=Ein erstes Feld kann Überschrift oder Rubrik statt Klausel sein.; NONMEDICAL=Blattflotte ansetzen [Ganzfeldexemplar H4, Feld 1/4]	REGISTER_IDS_RECORD_LOCAL;LINE_RESET_NOT_SENTENCE;DUAL_LOCAL_EXEMPLAR_ONLY
H4-S002	H4	f55v	2	F011	f55v.5	1	NONE	3	61|62|63	2f1c5e56e8f0ff459065|6f7ff8287eddf4da9fdb|e026af581c99322fbd46	F011:TERMINAL	WITHIN_LOCUS_FIELD_BOUNDARY	START_NEW_CLAUSE	PARAMETER_ASSIGN > EXEMPLAR_ONLY > EXEMPLAR_ONLY	AMBIGUOUS	1	2	WITHIN_RECORD_TRANSITION	OWNER=H4:O01;ACTIVE_ITEM/PREPARATION=H4:I001;TARGET/STATION=UNSET;PREVIOUS_ITEM=UNSET	CARRY/CARRY/INTRODUCE/CARRY	OWNER | ACTIVE_ITEM/PREPARATION	OWNER:CARRY(H4:O01) -> ACTIVE_ITEM/PREPARATION:CARRY(H4:I001) -> TARGET/STATION:CARRY(UNSET) -> PREVIOUS_ITEM:CARRY(UNSET) -> TARGET/STATION:INTRODUCE(H4:T001;LOCAL_MARKED_TARGET)	OWNER=H4:O01;ACTIVE_ITEM/PREPARATION=H4:I001;TARGET/STATION=H4:T001;PREVIOUS_ITEM=UNSET	YES	YES	[CARD:MASS?] [FORMAL:VORGABEPARAMETER?; keine Wortbedeutung] [EXEMPLAR:miss eine Portion des Ansatzes ab] ; [GENRE:wringe sie durch Leinwand und lasse sie klar absetzen] ; [FORMAL:CLOSE_B3; keine Wortbedeutung] [GENRE:verwahre den klaren Auszug]	MASS?=vorgesehenen Mengenwert buchen ; VORGABEPARAMETER?=FORMAL_OPAQUE_SLOT_OPERATION ; LOCAL[Sollmenge aus H4-P01 abteilen] ; LOCAL[weichen Blattrest aus der Flotte heben] ; LOCAL[Rest pressen, Flüssigkeit seihen und beide Fraktionen schließen]	NONE;DUAL_UNRESOLVED	NO	PASS_EXACT_OPAQUE_ID_SEQUENCE	SEGMENTATION=Benachbarte Felder könnten eine größere Exemplarklausel bilden.; NONMEDICAL=weichen Rest abteilen [Ganzfeldexemplar H4, Feld 2/4]	REGISTER_IDS_RECORD_LOCAL;LINE_RESET_NOT_SENTENCE;DUAL_LOCAL_EXEMPLAR_ONLY
H4-S003	H4	f55v	3	F012	f55v.11	1	NONE	4	64|65|66|67	f7dc90b2c31fd341f0a4|807591efc3d3f7ddbfab|2c1a5fd92b9e3c762242|1b1ffdd869fb1429ad03	F012:TERMINAL	START_NEW_CLAUSE	WITHIN_LOCUS_FIELD_BOUNDARY	EXEMPLAR_ONLY > EXEMPLAR_ONLY > EXEMPLAR_ONLY > EXEMPLAR_ONLY	UNPARSED	0	4	WITHIN_RECORD_TRANSITION	OWNER=H4:O01;ACTIVE_ITEM/PREPARATION=H4:I001;TARGET/STATION=H4:T001;PREVIOUS_ITEM=UNSET	CARRY/INTRODUCE/RESET/INTRODUCE	OWNER | ACTIVE_ITEM/PREPARATION	OWNER:CARRY(H4:O01) -> PREVIOUS_ITEM:INTRODUCE_FROM_ACTIVE(H4:I001) -> ACTIVE_ITEM/PREPARATION:INTRODUCE(H4:I002) -> TARGET/STATION:RESET(NEW_OR_PARALLEL_CLAUSE)	OWNER=H4:O01;ACTIVE_ITEM/PREPARATION=H4:I002;TARGET/STATION=UNSET;PREVIOUS_ITEM=H4:I001	YES	NO	[GENRE:wasche eine unreine äußere Wunde] ; [GENRE:mit dem klaren Auszug] ; [EXEMPLAR:einmal oder nach örtlicher Vorschrift] ; [FORMAL:CLOSE; keine Wortbedeutung] [GENRE:beende diesen Gebrauch]	LOCAL[zweite Blattfraktion H4-R02 eröffnen] ; LOCAL[zweite Fraktion mit frischem Wasser waschen] ; LOCAL[Fraktion warm mazerieren] ; LOCAL[zweite Blattflotte H4-P03 seihen und schließen]	NONE;DUAL_UNRESOLVED	NO	PASS_EXACT_OPAQUE_ID_SEQUENCE	SEGMENTATION=NEXT_PARALLEL_CELL: beide Linien können als zwei gleichrangige Fraktionen desselben Blattes gelten.; NONMEDICAL=zwei Arbeitsfraktionen vergleichen [Ganzfeldexemplar H4, Feld 3/4]	REGISTER_IDS_RECORD_LOCAL;LINE_RESET_NOT_SENTENCE;DUAL_LOCAL_EXEMPLAR_ONLY
H4-S004	H4	f55v	4	F013	f55v.11	1	NONE	6	68|69|70|71|72|73	2f1c5e56e8f0ff459065|308e8ea2d5d190c498e8|204b04837409088c48f9|7a4bb8136330ee4e6e56|b921a237be883a820352|6afeb5c9ab9f6cbdea0d	F013:OPEN	WITHIN_LOCUS_FIELD_BOUNDARY	RECORD_END	PARAMETER_ASSIGN > TARGET_ASSIGN > EXEMPLAR_ONLY > LINK_ACTIVE > EXEMPLAR_ONLY > EXEMPLAR_ONLY	AMBIGUOUS	3	3	WITHIN_RECORD_TRANSITION	OWNER=H4:O01;ACTIVE_ITEM/PREPARATION=H4:I002;TARGET/STATION=UNSET;PREVIOUS_ITEM=H4:I001	CARRY/RESUME/CARRY/CARRY	OWNER	OWNER:CARRY(H4:O01) -> ACTIVE_ITEM/PREPARATION:CARRY(H4:I002) -> TARGET/STATION:CARRY(UNSET) -> PREVIOUS_ITEM:CARRY(H4:I001) -> ACTIVE_ITEM/PREPARATION:RESUME_OR_CONFIRM(H4:I002;ANSATZ?)	OWNER=H4:O01;ACTIVE_ITEM/PREPARATION=H4:I002;TARGET/STATION=UNSET;PREVIOUS_ITEM=H4:I001	YES	NO	[CARD:MASS?] [EXEMPLAR:nimm ein örtliches Maß der zurückbehaltenen Blätter] ; [FORMAL:LOKALEN_RELATIONSSLOT_SETZEN; keine Wortbedeutung] [EXEMPLAR:lege sie an die bezeichnete äußere Stelle] ; [GENRE:erwärme sie gelinde] ; [CARD:ANSATZ?] [REGISTER:H4:I002 als zweiten Ansatz führen] ; [GENRE:mische sie mit Honig] ; [GENRE:lege den warmen Umschlag frisch auf]	MASS?=vorgesehenen Mengenwert buchen ; LOCAL[Sollmenge der zweiten Flotte buchen] ; LOKALEN_RELATIONSSLOT_SETZEN=FORMAL_OPAQUE_SLOT_OPERATION ; LOCAL[opaken Relationsslot für Fraktionspaar und Lagergefäß setzen] ; LOCAL[erste und zweite Flotte nebeneinander prüfen] ; ANSATZ?=aktiven Arbeitsansatz aufnehmen ; LOCAL[zweite Flotte als aktiven Ansatz H4-P03 führen] ; LOCAL[Presskuchen und Flotten als Paarposten etikettieren] ; LOCAL[Paarposten H4-P04 bedeckt lagern]	NONE;DUAL_UNRESOLVED	NO	PASS_EXACT_OPAQUE_ID_SEQUENCE	SEGMENTATION=Benachbarte Felder könnten eine größere Exemplarklausel bilden.; NONMEDICAL=Fraktionen buchen [Ganzfeldexemplar H4, Feld 4/4]	REGISTER_IDS_RECORD_LOCAL;LINE_RESET_NOT_SENTENCE;DUAL_LOCAL_EXEMPLAR_ONLY
H5-S001	H5	f56r	1	F014|F015	f56r.5|f56r.7	2	H5-LB01	9	74|75|76|77|78|79|80|81|82	b9d7b6d68209a9019e7a|2cc054357a929df85f64|0ec6a45e2950e8e7061d|2f1c5e56e8f0ff459065|2cc054357a929df85f64|893c570f3fa3fce99711|10488b911aae52b3b334|276a7c2d74d1143446f4|dd0ecaf5e27d81befffc	F014:OPEN > F015:OPEN	RECORD_START	RESUME_ACTIVE_ITEM	EXEMPLAR_ONLY > EXEMPLAR_ONLY > EXEMPLAR_ONLY > PARAMETER_ASSIGN > EXEMPLAR_ONLY > EXEMPLAR_ONLY > EXEMPLAR_ONLY > ACTION_APPLY > TARGET_ASSIGN	AMBIGUOUS	3	6	PASS_RESET_AT_RECORD_START	OWNER=UNSET;ACTIVE_ITEM/PREPARATION=UNSET;TARGET/STATION=UNSET;PREVIOUS_ITEM=UNSET	INTRODUCE/INTRODUCE/INTRODUCE/RESET	ACTIVE_ITEM/PREPARATION	OWNER:INTRODUCE(H5:O01) -> ACTIVE_ITEM/PREPARATION:INTRODUCE(H5:I001) -> TARGET/STATION:RESET -> PREVIOUS_ITEM:RESET -> TARGET/STATION:INTRODUCE(H5:T001;LOCAL_MARKED_TARGET)	OWNER=H5:O01;ACTIVE_ITEM/PREPARATION=H5:I001;TARGET/STATION=H5:T001;PREVIOUS_ITEM=UNSET	YES	YES	[IMAGE:vom rundblättrigen Sonnentau] ; [GENRE:sammle] [IMAGE:das ganze oberirdische Kraut im feuchten Moor] ; [EXEMPLAR:zu Beginn der Blüte] ; [CARD:MASS?] [FORMAL:VORGABEPARAMETER?; keine Wortbedeutung] [EXEMPLAR:nur ein kleines örtliches Maß] ; [GENRE:zerstoße die frischen klebrigen Blätter] ; [GENRE:lege sie auf] ; [EXEMPLAR:eine einzelne Warze oder ein Hühnerauge] ; [CARD:ANWENDEN?] [EXEMPLAR:nur kurz anwenden] ; [CARD:ZIEL?] [EXEMPLAR:an der örtlich bezeichneten Hautstelle]	LOCAL[Bildbesitzer H5 als drüsiges Feuchtland-Rohlos H5-R01 eröffnen] ; LOCAL[kleine Gesamtpflanzenprobe sammeln] ; LOCAL[feine Wurzel- und Krautfraktion trennen] ; MASS?=vorgesehenen Mengenwert buchen ; VORGABEPARAMETER?=FORMAL_OPAQUE_SLOT_OPERATION ; LOCAL[Sollmenge der Krautfraktion buchen] ; LOCAL[Krautfraktion in wenig Wasser einweichen] ; LOCAL[weiches Material quetschen] ; LOCAL[klebrige Flüssigkeit als Prüfcharge H5-P01 auffangen] ; ANWENDEN?=aktive Charge am gesetzten Arbeitsziel einsetzen ; LOCAL[aktive Prüfcharge H5-P01 auf Prüffläche H5-T01 einsetzen] ; ZIEL?=Arbeitsziel setzen oder bestätigen ; LOCAL[Zieladresse H5-T01 nach dem Auftrag im Register festhalten]	NONE;DUAL_UNRESOLVED	NO	PASS_EXACT_OPAQUE_ID_SEQUENCE	SEGMENTATION=RESUME_ACTIVE_ITEM: F015 könnte eine neue Klausel mit demselben Pflanzenteil beginnen.; NONMEDICAL=klebriges Feuchtlandmaterial übernehmen [Ganzfeldexemplar H5, Feld 1/7] || klebriges Feuchtlandmaterial übernehmen [Ganzfeldexemplar H5, Feld 2/7]	REGISTER_IDS_RECORD_LOCAL;LINE_RESET_NOT_SENTENCE;DUAL_LOCAL_EXEMPLAR_ONLY
H5-S002	H5	f56r	2	F016	f56r.8	1	NONE	4	83|84|85|86	d665560c8ff80799a82c|c10aec6d4dd877ec8bd8|276a7c2d74d1143446f4|95987d6f198d6d247511	F016:TERMINAL	RESUME_ACTIVE_ITEM	NEXT_PARALLEL_CELL	EXEMPLAR_ONLY > EXEMPLAR_ONLY > ACTION_APPLY > EXEMPLAR_ONLY	AMBIGUOUS	1	3	WITHIN_RECORD_TRANSITION	OWNER=H5:O01;ACTIVE_ITEM/PREPARATION=H5:I001;TARGET/STATION=H5:T001;PREVIOUS_ITEM=UNSET	CARRY/RESUME/INTRODUCE/CARRY	OWNER | ACTIVE_ITEM/PREPARATION | TARGET/STATION	OWNER:CARRY(H5:O01) -> ACTIVE_ITEM/PREPARATION:RESUME(H5:I001) -> TARGET/STATION:CARRY(H5:T001) -> PREVIOUS_ITEM:CARRY(UNSET) -> TARGET/STATION:INTRODUCE(H5:T002;LOCAL_SHADOW_PLACE)	OWNER=H5:O01;ACTIVE_ITEM/PREPARATION=H5:I001;TARGET/STATION=H5:T002;PREVIOUS_ITEM=UNSET	YES	NO	[GENRE:nimm die Auflage wieder ab] ; [GENRE:wasche die Stelle mit Wasser] ; [CARD:ANWENDEN?] [EXEMPLAR:wiederhole den Gebrauch nur falls vertragen] ; [FORMAL:CLOSE; keine Wortbedeutung] [GENRE:beende die äußere Anwendung]	LOCAL[H5-P01 als aktive Charge wieder aufnehmen] ; LOCAL[zweite Prüffläche H5-T02 bereitstellen] ; ANWENDEN?=aktive Charge am gesetzten Arbeitsziel einsetzen ; LOCAL[aktive Charge auf H5-T02 einsetzen] ; LOCAL[beschichtete Prüffläche lufttrocknen lassen und schließen]	NONE;DUAL_UNRESOLVED	NO	PASS_EXACT_OPAQUE_ID_SEQUENCE	SEGMENTATION=CONTINUE_SAME_CLAUSE: der Zeilenreset kann bloßer Reflow innerhalb derselben Anwendung sein.; NONMEDICAL=klein dosieren [Ganzfeldexemplar H5, Feld 3/7]	REGISTER_IDS_RECORD_LOCAL;LINE_RESET_NOT_SENTENCE;DUAL_LOCAL_EXEMPLAR_ONLY
H5-S003	H5	f56r	3	F017	f56r.12	1	NONE	4	87|88|89|90	ad3581d3144f69a5912d|2cc054357a929df85f64|b74e9e65637b7c8538dd|1322bc176443fc2a8a86	F017:OPEN	NEXT_PARALLEL_CELL	RESUME_ACTIVE_ITEM	EXEMPLAR_ONLY > EXEMPLAR_ONLY > EXEMPLAR_ONLY > EXEMPLAR_ONLY	UNPARSED	0	4	WITHIN_RECORD_TRANSITION	OWNER=H5:O01;ACTIVE_ITEM/PREPARATION=H5:I001;TARGET/STATION=H5:T002;PREVIOUS_ITEM=UNSET	CARRY/INTRODUCE/INTRODUCE/INTRODUCE	OWNER | ACTIVE_ITEM/PREPARATION	OWNER:CARRY(H5:O01) -> PREVIOUS_ITEM:INTRODUCE_FROM_ACTIVE(H5:I001) -> ACTIVE_ITEM/PREPARATION:INTRODUCE(H5:I002) -> TARGET/STATION:RESET(NEW_OR_PARALLEL_CLAUSE) -> TARGET/STATION:INTRODUCE(H5:T003;LOCAL_SHADOW_PLACE)	OWNER=H5:O01;ACTIVE_ITEM/PREPARATION=H5:I002;TARGET/STATION=H5:T003;PREVIOUS_ITEM=H5:I001	YES	NO	[IMAGE:nimm vom übrigen Kraut die blühenden Stiele] ; [GENRE:trockne sie im Schatten] ; [GENRE:zerreibe sie grob] ; [GENRE:verwahre sie trocken]	LOCAL[Kopf- oder Knospenfraktion H5-R02 eröffnen] ; LOCAL[schmale Blattfraktion H5-R03 getrennt einführen] ; LOCAL[beide Fraktionen mit Loszeichen versehen] ; LOCAL[beide im Schatten trocknen]	NONE;DUAL_UNRESOLVED	NO	PASS_EXACT_OPAQUE_ID_SEQUENCE	SEGMENTATION=START_NEW_CLAUSE: die neue Linie kann statt einer Parallelzelle einen neuen Rezeptabschnitt eröffnen.; NONMEDICAL=klein dosieren [Ganzfeldexemplar H5, Feld 4/7]	REGISTER_IDS_RECORD_LOCAL;LINE_RESET_NOT_SENTENCE;DUAL_LOCAL_EXEMPLAR_ONLY
H5-S004	H5	f56r	4	F018	f56r.13	1	NONE	3	91|92|93	9ad66e67803a12e745de|087a47b5423438cd6b6a|75a523fcf039b006f97b	F018:OPEN	RESUME_ACTIVE_ITEM	NEXT_PARALLEL_CELL	EXEMPLAR_ONLY > EXEMPLAR_ONLY > EXEMPLAR_ONLY	UNPARSED	0	3	WITHIN_RECORD_TRANSITION	OWNER=H5:O01;ACTIVE_ITEM/PREPARATION=H5:I002;TARGET/STATION=H5:T003;PREVIOUS_ITEM=H5:I001	CARRY/RESUME/INTRODUCE/CARRY	OWNER | ACTIVE_ITEM/PREPARATION	OWNER:CARRY(H5:O01) -> ACTIVE_ITEM/PREPARATION:RESUME(H5:I002) -> TARGET/STATION:CARRY(H5:T003) -> PREVIOUS_ITEM:CARRY(H5:I001) -> TARGET/STATION:INTRODUCE(H5:T004;LOCAL_SHADOW_PLACE)	OWNER=H5:O01;ACTIVE_ITEM/PREPARATION=H5:I002;TARGET/STATION=H5:T004;PREVIOUS_ITEM=H5:I001	YES	NO	[GENRE:setze daraus einen schwachen Auszug an] ; [GENRE:mit mildem Wein] ; [GENRE:seihe ihn durch ein Tuch]	LOCAL[getrocknete Blattfraktion H5-R03 wieder aufnehmen] ; LOCAL[Lagerfach H5-T04 zuweisen] ; LOCAL[Fraktion trocken im Lagerfach verwahren]	NONE;DUAL_UNRESOLVED	NO	PASS_EXACT_OPAQUE_ID_SEQUENCE	SEGMENTATION=START_NEW_CLAUSE: frisch und getrocknet können zwei unabhängige Zubereitungen bezeichnen.; NONMEDICAL=Materialprobe trennen [Ganzfeldexemplar H5, Feld 5/7]	REGISTER_IDS_RECORD_LOCAL;LINE_RESET_NOT_SENTENCE;DUAL_LOCAL_EXEMPLAR_ONLY
H5-S005	H5	f56r	5	F019	f56r.18	1	NONE	4	94|95|96|97	2cc054357a929df85f64|9ad66e67803a12e745de|c71c72da4e09e0833392|61a075bc54793c1c781f	F019:OPEN	NEXT_PARALLEL_CELL	NEXT_PARALLEL_CELL	EXEMPLAR_ONLY > EXEMPLAR_ONLY > EXEMPLAR_ONLY > EXEMPLAR_ONLY	UNPARSED	0	4	WITHIN_RECORD_TRANSITION	OWNER=H5:O01;ACTIVE_ITEM/PREPARATION=H5:I002;TARGET/STATION=H5:T004;PREVIOUS_ITEM=H5:I001	CARRY/INTRODUCE/RESET/INTRODUCE	OWNER | ACTIVE_ITEM/PREPARATION	OWNER:CARRY(H5:O01) -> PREVIOUS_ITEM:INTRODUCE_FROM_ACTIVE(H5:I002) -> ACTIVE_ITEM/PREPARATION:INTRODUCE(H5:I003) -> TARGET/STATION:RESET(NEW_OR_PARALLEL_CLAUSE)	OWNER=H5:O01;ACTIVE_ITEM/PREPARATION=H5:I003;TARGET/STATION=UNSET;PREVIOUS_ITEM=H5:I002	YES	NO	[GENRE:füge Honig hinzu] ; [GENRE:erwärme gelinde] ; [GENRE:gib den Auszug als Brusttrank] ; [GENRE:bei trockenem Husten]	LOCAL[frischen Pflanzenrest H5-R04 als neue Arbeitscharge einführen] ; LOCAL[Rest mit wenig Wasser wieder anfeuchten] ; LOCAL[Rest zu gleichmäßiger Klebmasse arbeiten] ; LOCAL[frische Masse H5-P02 im bedeckten Topf lagern]	NONE;DUAL_UNRESOLVED	NO	PASS_EXACT_OPAQUE_ID_SEQUENCE	SEGMENTATION=RESUME_ACTIVE_ITEM: F019 kann den in F018 verwahrten Rest wieder aufnehmen.; NONMEDICAL=Materialprobe trennen [Ganzfeldexemplar H5, Feld 6/7]	REGISTER_IDS_RECORD_LOCAL;LINE_RESET_NOT_SENTENCE;DUAL_LOCAL_EXEMPLAR_ONLY
H5-S006	H5	f56r	6	F020	f56r.19	1	NONE	3	98|99|100	faf321940aed922846a9|9bb7122b386ebbc6138f|2f1c5e56e8f0ff459065	F020:OPEN	NEXT_PARALLEL_CELL	RECORD_END	SELECT_PART > EXEMPLAR_ONLY > PARAMETER_ASSIGN	AMBIGUOUS	2	1	WITHIN_RECORD_TRANSITION	OWNER=H5:O01;ACTIVE_ITEM/PREPARATION=H5:I003;TARGET/STATION=UNSET;PREVIOUS_ITEM=H5:I002	CARRY/INTRODUCE/RESET/INTRODUCE	OWNER	OWNER:CARRY(H5:O01) -> PREVIOUS_ITEM:INTRODUCE_FROM_ACTIVE(H5:I003) -> ACTIVE_ITEM/PREPARATION:INTRODUCE(H5:I004) -> TARGET/STATION:RESET(NEW_OR_PARALLEL_CLAUSE) -> ACTIVE_ITEM/PREPARATION:CONFIRM_INTRODUCED(H5:I004;ANTEIL?)	OWNER=H5:O01;ACTIVE_ITEM/PREPARATION=H5:I004;TARGET/STATION=UNSET;PREVIOUS_ITEM=H5:I003	YES	NO	[CARD:ANTEIL?] [REGISTER:H5:I004 als ausgewählten Teil führen] ; [EXEMPLAR:je Gabe] ; [CARD:MASS?] [FORMAL:VORGABEPARAMETER?; keine Wortbedeutung] [EXEMPLAR:ein kleines örtliches Maß]	ANTEIL?=bezeichnete Fraktion wählen ; LOCAL[bezeichnete Blütenfraktion H5-R05 wählen] ; LOCAL[geöffnete Blüte als Referenzteil einlegen] ; MASS?=vorgesehenen Mengenwert buchen ; VORGABEPARAMETER?=FORMAL_OPAQUE_SLOT_OPERATION ; LOCAL[Sollmenge des Referenzloses buchen]	NONE;DUAL_UNRESOLVED	NO	PASS_EXACT_OPAQUE_ID_SEQUENCE	SEGMENTATION=CONTINUE_SAME_CLAUSE: F020 könnte nur den Anteil der vorherigen Honigmischung spezifizieren.; NONMEDICAL=trocknen und lagern [Ganzfeldexemplar H5, Feld 7/7]	REGISTER_IDS_RECORD_LOCAL;LINE_RESET_NOT_SENTENCE;DUAL_LOCAL_EXEMPLAR_ONLY
B1-S001	B1	f81v	1	F021	f81v.2	1	NONE	1	101	7db18b2f0fb7ed0fcfd3	F021:TERMINAL	RECORD_START	WITHIN_LOCUS_FIELD_BOUNDARY	TERMINAL_FLUSH	UNIQUE	1	0	PASS_RESET_AT_RECORD_START	OWNER=UNSET;ACTIVE_ITEM/PREPARATION=UNSET;TARGET/STATION=UNSET;PREVIOUS_ITEM=UNSET	INTRODUCE/INTRODUCE/INTRODUCE/RESET	ACTIVE_ITEM/PREPARATION | TARGET/STATION	OWNER:INTRODUCE(B1:O01) -> ACTIVE_ITEM/PREPARATION:INTRODUCE(B1:I001) -> TARGET/STATION:RESET -> PREVIOUS_ITEM:RESET -> TARGET/STATION:INTRODUCE(B1:T001;LOCAL_MARKED_TARGET)	OWNER=B1:O01;ACTIVE_ITEM/PREPARATION=B1:I001;TARGET/STATION=B1:T001;PREVIOUS_ITEM=UNSET	YES	YES	[CARD:SPÜLEN?] [REGISTER:ACTIVE_ITEM/PREPARATION=B1:I001;TARGET/STATION=B1:T001] [EXEMPLAR:A001+A003+A004+A005+A011+A014+A015+A020:die bezeichnete Stelle oder den Lauf mit der aktiven Waschflotte spülen]	SPÜLEN?=aktiven Lauf spülen und abschließen ; LOCAL_ARGUMENT[Leitungsweg von Grundbecken A mit Wärmestelle W1, Rinne R1 und Rücklauf R0]	NONE;DUAL_UNRESOLVED	NO	PASS_EXACT_OPAQUE_ID_SEQUENCE	SEGMENTATION=Ein erstes Feld kann Überschrift oder Rubrik statt Klausel sein.; NONMEDICAL=Hauptkreislauf beschicken [Ganzfeldexemplar B1, Feld 1/24]	REGISTER_IDS_RECORD_LOCAL;LINE_RESET_NOT_SENTENCE;DUAL_LOCAL_EXEMPLAR_ONLY
B1-S002	B1	f81v	2	F022|F023	f81v.2|f81v.7	2	B1-LB01	19	102|103|104|105|106|107|108|109|110|111|112|113|114|115|116|117|118|119|120	b5fcea1eaed06b2f2291|22fb87a5a83e5c3fb510|308e8ea2d5d190c498e8|4d4559019a961b834aa1|dcda95c81a5460feb191|9da1b6ac2c929daea697|94df4847b7b16c98394a|dd0ecaf5e27d81befffc|dcda95c81a5460feb191|1496a731803a9f48d2e1|0f18de177ed7c878bf95|dec401773c1f0347793d|dcda95c81a5460feb191|4eab1841ed655c20a348|2f1c5e56e8f0ff459065|93f69c38fdedee1598e9|2f1c5e56e8f0ff459065|2cc8bb3c2af19607888f|259b2b3b0bf859882e2c	F022:OPEN > F023:TERMINAL	WITHIN_LOCUS_FIELD_BOUNDARY	WITHIN_LOCUS_FIELD_BOUNDARY	PARAMETER_ASSIGN > EXEMPLAR_ONLY > TARGET_ASSIGN > EXEMPLAR_ONLY > LINK_ACTIVE > EXEMPLAR_ONLY > EXEMPLAR_ONLY > TARGET_ASSIGN > LINK_ACTIVE > EXEMPLAR_ONLY > EXEMPLAR_ONLY > SELECT_PREVIOUS > LINK_ACTIVE > EXEMPLAR_ONLY > PARAMETER_ASSIGN > EXEMPLAR_ONLY > PARAMETER_ASSIGN > EXEMPLAR_ONLY > EXEMPLAR_ONLY	AMBIGUOUS	9	10	WITHIN_RECORD_TRANSITION	OWNER=B1:O01;ACTIVE_ITEM/PREPARATION=B1:I001;TARGET/STATION=B1:T001;PREVIOUS_ITEM=UNSET	CARRY/RESUME/INTRODUCE/RESUME	OWNER | ACTIVE_ITEM/PREPARATION | PREVIOUS_ITEM	OWNER:CARRY(B1:O01) -> ACTIVE_ITEM/PREPARATION:CARRY(B1:I001) -> TARGET/STATION:CARRY(B1:T001) -> PREVIOUS_ITEM:CARRY(UNSET) -> PREVIOUS_ITEM:INTRODUCE_INFERRED(B1:I002;VORIGES?) -> ACTIVE_ITEM/PREPARATION:RESUME_FROM_PREVIOUS(B1:I002;VORIGES?) -> TARGET/STATION:INTRODUCE(B1:T002;LOCAL_LOWER_BASIN) -> TARGET/STATION:INTRODUCE(B1:T003;LOCAL_MARKED_TARGET) -> TARGET/STATION:INTRODUCE(B1:T004;LOCAL_CONNECTED_RUNS) -> TARGET/STATION:INTRODUCE(B1:T005;LOCAL_VESSEL_OR_RUN)	OWNER=B1:O01;ACTIVE_ITEM/PREPARATION=B1:I002;TARGET/STATION=B1:T005;PREVIOUS_ITEM=B1:I001	YES	NO	[FORMAL:STANDARDSLOT_SETZEN;KEINE_WORTBEDEUTUNG] [REGISTER:ACTIVE_ITEM/PREPARATION=B1:I002] [EXEMPLAR:A010+A011+A020:den aktiven Posten nach der örtlichen Vorschrift bemessen] ; [REGISTER:OWNER=B1:O01] [EXEMPLAR:A001+A003+A011+A020:der zurücklaufende Strom] ; [FORMAL:LOKALEN_RELATIONSSLOT_SETZEN;KEINE_WORTBEDEUTUNG] [REGISTER:OWNER=B1:O01;TARGET/STATION=B1:T005] [EXEMPLAR:A003+A010+A011+A013+A014+A020:den aktiven Posten an der örtlich bezeichneten Station führen] ; [REGISTER:OWNER=B1:O01] [EXEMPLAR:A007+A011+A020:Daraus, aus demselben Ansatz] ; [FORMAL:AKTIVEN_ARBEITSSTAND_VERKNÜPFEN;KEINE_WORTBEDEUTUNG] [REGISTER:ACTIVE_ITEM/PREPARATION=B1:I002;PREVIOUS_ITEM=B1:I001] [EXEMPLAR:A010+A011+A013+A020:den recordlokalen aktiven Posten im Arbeitsgang fortführen] ; [REGISTER:OWNER=B1:O01] [EXEMPLAR:A010+A011+A020:ein abgemessener Anteil] ; [REGISTER:OWNER=B1:O01] [EXEMPLAR:A002+A011+A020:das untere Becken] ; [CARD:ZIEL?] [REGISTER:OWNER=B1:O01;TARGET/STATION=B1:T005] [EXEMPLAR:A003+A010+A011+A013+A014+A020:den aktiven Posten an der örtlich bezeichneten Station führen] ; [FORMAL:AKTIVEN_ARBEITSSTAND_VERKNÜPFEN;KEINE_WORTBEDEUTUNG] [REGISTER:ACTIVE_ITEM/PREPARATION=B1:I002;PREVIOUS_ITEM=B1:I001] [EXEMPLAR:A010+A011+A013+A020:den recordlokalen aktiven Posten im Arbeitsgang fortführen] ; [REGISTER:OWNER=B1:O01] [EXEMPLAR:A008+A011+A020:bevor es abkühlt] ; [REGISTER:OWNER=B1:O01] [EXEMPLAR:A001+A005+A007+A011+A012+A015+A020:der vorbereitete Bade- oder Waschzusatz] ; [CARD:VORIGES?] [REGISTER:ACTIVE_ITEM/PREPARATION=B1:I002;PREVIOUS_ITEM=B1:I001] [EXEMPLAR:A009+A010+A011+A020:den vorigen recordlokalen Posten wieder aufnehmen] ; [FORMAL:AKTIVEN_ARBEITSSTAND_VERKNÜPFEN;KEINE_WORTBEDEUTUNG] [REGISTER:ACTIVE_ITEM/PREPARATION=B1:I002;PREVIOUS_ITEM=B1:I001] [EXEMPLAR:A010+A011+A013+A020:den recordlokalen aktiven Posten im Arbeitsgang fortführen] ; [REGISTER:OWNER=B1:O01] [EXEMPLAR:A010+A011+A020:eine mäßige Menge] ; [CARD:MASS?] [FORMAL:VORGABEPARAMETER?;KEINE_WORTBEDEUTUNG] [REGISTER:ACTIVE_ITEM/PREPARATION=B1:I002] [EXEMPLAR:A010+A011+A020:den aktiven Posten nach der örtlichen Vorschrift bemessen] ; [REGISTER:OWNER=B1:O01] [EXEMPLAR:A011+A020:der eingetauchte Teil] ; [CARD:MASS?] [FORMAL:VORGABEPARAMETER?;KEINE_WORTBEDEUTUNG] [REGISTER:ACTIVE_ITEM/PREPARATION=B1:I002] [EXEMPLAR:A010+A011+A020:den aktiven Posten nach der örtlichen Vorschrift bemessen] ; [REGISTER:OWNER=B1:O01] [EXEMPLAR:A011+A020:durch die verbundenen Läufe] ; [REGISTER:OWNER=B1:O01] [EXEMPLAR:A001+A002+A003+A005+A009+A011+A015+A020:spüle das benutzte Gefäß oder den Lauf einmal aus und beende den Schritt]	STANDARDSLOT_SETZEN=FORMAL_OPAQUE_SLOT_OPERATION ; LOCAL_ARGUMENT[Mengenbuch=B1:F022:M] ; LOCAL_EXEMPLAR[Zulauf vorerst schließen;keine Kartenbedeutung] ; LOKALEN_RELATIONSSLOT_SETZEN=FORMAL_OPAQUE_SLOT_OPERATION ; LOCAL_ARGUMENT[Zieladresse=Grundbecken A mit Wärmestelle W1, Rinne R1 und Rücklauf R0] ; LOCAL_EXEMPLAR[Ausgangsstand im Anlagenbuch markieren;keine Kartenbedeutung] ; AKTIVEN_ARBEITSSTAND_VERKNÜPFEN=FORMAL_OPAQUE_SLOT_OPERATION ; LOCAL_ARGUMENT[aktive Charge/Rücklauf des Feldes F022] ; LOCAL_EXEMPLAR[Zulauf vorerst schließen;keine Kartenbedeutung] ; LOCAL_EXEMPLAR[Filteraufnahme leeren;keine Kartenbedeutung] ; ZIEL?=Arbeitsziel setzen oder bestätigen ; LOCAL_ARGUMENT[Zieladresse=Grundbecken A mit Wärmestelle W1, Rinne R1 und Rücklauf R0] ; AKTIVEN_ARBEITSSTAND_VERKNÜPFEN=FORMAL_OPAQUE_SLOT_OPERATION ; LOCAL_ARGUMENT[aktive Charge/Rücklauf des Feldes F022] ; LOCAL_EXEMPLAR[Zulauf vorerst schließen;keine Kartenbedeutung] ; LOCAL_EXEMPLAR[Filteraufnahme leeren;keine Kartenbedeutung] ; VORIGES?=vorige Charge wieder aufnehmen ; LOCAL_ARGUMENT[Vorcharge im recordlokalen Register B1] ; AKTIVEN_ARBEITSSTAND_VERKNÜPFEN=FORMAL_OPAQUE_SLOT_OPERATION ; LOCAL_ARGUMENT[aktive Charge/Rücklauf des Feldes F023] ; LOCAL_EXEMPLAR[Wasser in das Becken einlassen;keine Kartenbedeutung] ; MASS?=vorgesehenen Mengenwert buchen ; VORGABEPARAMETER?=FORMAL_OPAQUE_SLOT_OPERATION ; LOCAL_ARGUMENT[Mengenbuch=B1:F023:M] ; LOCAL_EXEMPLAR[Vorratscharge bereitstellen;keine Kartenbedeutung] ; MASS?=vorgesehenen Mengenwert buchen ; VORGABEPARAMETER?=FORMAL_OPAQUE_SLOT_OPERATION ; LOCAL_ARGUMENT[Mengenbuch=B1:F023:M] ; LOCAL_EXEMPLAR[Wasser in das Becken einlassen;keine Kartenbedeutung] ; LOCAL_EXEMPLAR[Füllstand am Randzeichen prüfen;keine Kartenbedeutung]	NONE;DUAL_UNRESOLVED	NO	PASS_EXACT_OPAQUE_ID_SEQUENCE	SEGMENTATION=RESUME_ACTIVE_ITEM: F023 kann eine neue Klausel mit demselben Ansatz sein.; NONMEDICAL=Hauptkreislauf beschicken [Ganzfeldexemplar B1, Feld 2/24] || Hauptkreislauf beschicken [Ganzfeldexemplar B1, Feld 3/24]	REGISTER_IDS_RECORD_LOCAL;LINE_RESET_NOT_SENTENCE;DUAL_LOCAL_EXEMPLAR_ONLY
B1-S003	B1	f81v	3	F024|F025	f81v.7|f81v.17	2	B1-LB02	2	121|122	dcda95c81a5460feb191|54e32e9c1414b20640e9	F024:OPEN > F025:TERMINAL	WITHIN_LOCUS_FIELD_BOUNDARY	WITHIN_LOCUS_FIELD_BOUNDARY	LINK_ACTIVE > EXEMPLAR_ONLY	AMBIGUOUS	1	1	WITHIN_RECORD_TRANSITION	OWNER=B1:O01;ACTIVE_ITEM/PREPARATION=B1:I002;TARGET/STATION=B1:T005;PREVIOUS_ITEM=B1:I001	CARRY/CARRY/CARRY/RESUME	OWNER | ACTIVE_ITEM/PREPARATION | PREVIOUS_ITEM	OWNER:CARRY(B1:O01) -> ACTIVE_ITEM/PREPARATION:CARRY(B1:I002) -> TARGET/STATION:CARRY(B1:T005) -> PREVIOUS_ITEM:CARRY(B1:I001) -> PREVIOUS_ITEM:RESUME(B1:I001;LOCAL_FILLER)	OWNER=B1:O01;ACTIVE_ITEM/PREPARATION=B1:I002;TARGET/STATION=B1:T005;PREVIOUS_ITEM=B1:I001	YES	NO	[FORMAL:AKTIVEN_ARBEITSSTAND_VERKNÜPFEN;KEINE_WORTBEDEUTUNG] [REGISTER:ACTIVE_ITEM/PREPARATION=B1:I002;PREVIOUS_ITEM=B1:I001] [EXEMPLAR:A010+A011+A013+A020:den recordlokalen aktiven Posten im Arbeitsgang fortführen] ; [REGISTER:OWNER=B1:O01] [EXEMPLAR:A008+A011+A020:halte es warm und beende den Schritt]	AKTIVEN_ARBEITSSTAND_VERKNÜPFEN=FORMAL_OPAQUE_SLOT_OPERATION ; LOCAL_ARGUMENT[aktive Charge/Rücklauf des Feldes F024] ; LOCAL_EXEMPLAR[Leitungszweig wählen;keine Kartenbedeutung]	NONE;DUAL_UNRESOLVED	NO	PASS_EXACT_OPAQUE_ID_SEQUENCE	SEGMENTATION=RESUME_ACTIVE_ITEM: die minimale F024 kann ein Verweisfeld vor einer neuen Klausel sein.; NONMEDICAL=Hauptkreislauf beschicken [Ganzfeldexemplar B1, Feld 4/24] || Hauptkreislauf beschicken [Ganzfeldexemplar B1, Feld 5/24]	REGISTER_IDS_RECORD_LOCAL;LINE_RESET_NOT_SENTENCE;DUAL_LOCAL_EXEMPLAR_ONLY
B1-S004	B1	f81v	4	F026	f81v.17	1	NONE	3	123|124|125	6f7ff8287eddf4da9fdb|dcda95c81a5460feb191|bc4f1f5c006c74a4d26d	F026:TERMINAL	WITHIN_LOCUS_FIELD_BOUNDARY	WITHIN_LOCUS_FIELD_BOUNDARY	EXEMPLAR_ONLY > LINK_ACTIVE > EXEMPLAR_ONLY	AMBIGUOUS	1	2	WITHIN_RECORD_TRANSITION	OWNER=B1:O01;ACTIVE_ITEM/PREPARATION=B1:I002;TARGET/STATION=B1:T005;PREVIOUS_ITEM=B1:I001	CARRY/CARRY/CARRY/RESUME	OWNER | ACTIVE_ITEM/PREPARATION | PREVIOUS_ITEM	OWNER:CARRY(B1:O01) -> ACTIVE_ITEM/PREPARATION:CARRY(B1:I002) -> TARGET/STATION:CARRY(B1:T005) -> PREVIOUS_ITEM:CARRY(B1:I001) -> PREVIOUS_ITEM:RESUME(B1:I001;LOCAL_FILLER)	OWNER=B1:O01;ACTIVE_ITEM/PREPARATION=B1:I002;TARGET/STATION=B1:T005;PREVIOUS_ITEM=B1:I001	YES	NO	[REGISTER:OWNER=B1:O01] [EXEMPLAR:A010+A011+A013+A020:rühre, bis alles gleichmäßig vermischt ist] ; [FORMAL:AKTIVEN_ARBEITSSTAND_VERKNÜPFEN;KEINE_WORTBEDEUTUNG] [REGISTER:ACTIVE_ITEM/PREPARATION=B1:I002;PREVIOUS_ITEM=B1:I001] [EXEMPLAR:A010+A011+A013+A020:den recordlokalen aktiven Posten im Arbeitsgang fortführen] ; [REGISTER:OWNER=B1:O01] [EXEMPLAR:A011+A012+A020:lasse es bis zur Bereitschaft stehen und beende den Schritt]	LOCAL_EXEMPLAR[Vorratscharge bereitstellen;keine Kartenbedeutung] ; AKTIVEN_ARBEITSSTAND_VERKNÜPFEN=FORMAL_OPAQUE_SLOT_OPERATION ; LOCAL_ARGUMENT[aktive Charge/Rücklauf des Feldes F026] ; LOCAL_EXEMPLAR[Wasser in das Becken einlassen;keine Kartenbedeutung]	NONE;DUAL_UNRESOLVED	NO	PASS_EXACT_OPAQUE_ID_SEQUENCE	SEGMENTATION=Benachbarte Felder könnten eine größere Exemplarklausel bilden.; NONMEDICAL=Hauptkreislauf beschicken [Ganzfeldexemplar B1, Feld 6/24]	REGISTER_IDS_RECORD_LOCAL;LINE_RESET_NOT_SENTENCE;DUAL_LOCAL_EXEMPLAR_ONLY
B1-S005	B1	f81v	5	F027	f81v.17	1	NONE	1	126	28ffbc88b97772a75f1e	F027:TERMINAL	WITHIN_LOCUS_FIELD_BOUNDARY	WITHIN_LOCUS_FIELD_BOUNDARY	EXEMPLAR_ONLY	UNPARSED	0	1	WITHIN_RECORD_TRANSITION	OWNER=B1:O01;ACTIVE_ITEM/PREPARATION=B1:I002;TARGET/STATION=B1:T005;PREVIOUS_ITEM=B1:I001	CARRY/CARRY/INTRODUCE/CARRY	OWNER | ACTIVE_ITEM/PREPARATION	OWNER:CARRY(B1:O01) -> ACTIVE_ITEM/PREPARATION:CARRY(B1:I002) -> TARGET/STATION:CARRY(B1:T005) -> PREVIOUS_ITEM:CARRY(B1:I001) -> TARGET/STATION:INTRODUCE(B1:T006;LOCAL_COVERED_CATCH_VESSEL)	OWNER=B1:O01;ACTIVE_ITEM/PREPARATION=B1:I002;TARGET/STATION=B1:T006;PREVIOUS_ITEM=B1:I001	YES	NO	[REGISTER:OWNER=B1:O01] [EXEMPLAR:A002+A004+A011+A013+A020:stelle die Mischung im bedeckten Auffanggefäß beiseite und beende den Schritt]	LOCAL_EXEMPLAR[Wärmequelle am Becken anlegen;keine Kartenbedeutung]	NONE;DUAL_UNRESOLVED	NO	PASS_EXACT_OPAQUE_ID_SEQUENCE	SEGMENTATION=Benachbarte Felder könnten eine größere Exemplarklausel bilden.; NONMEDICAL=temperieren [Ganzfeldexemplar B1, Feld 7/24]	REGISTER_IDS_RECORD_LOCAL;LINE_RESET_NOT_SENTENCE;DUAL_LOCAL_EXEMPLAR_ONLY
B1-S006	B1	f81v	6	F028	f81v.17	1	NONE	4	127|128|129|130	1645e612504fcef59ced|2cc8bb3c2af19607888f|0f18de177ed7c878bf95|4da0f0f7b5fc7ac20067	F028:OPEN	WITHIN_LOCUS_FIELD_BOUNDARY	NEXT_PARALLEL_CELL	EXEMPLAR_ONLY > EXEMPLAR_ONLY > EXEMPLAR_ONLY > EXEMPLAR_ONLY	UNPARSED	0	4	WITHIN_RECORD_TRANSITION	OWNER=B1:O01;ACTIVE_ITEM/PREPARATION=B1:I002;TARGET/STATION=B1:T006;PREVIOUS_ITEM=B1:I001	CARRY/CARRY/INTRODUCE/CARRY	OWNER | ACTIVE_ITEM/PREPARATION	OWNER:CARRY(B1:O01) -> ACTIVE_ITEM/PREPARATION:CARRY(B1:I002) -> TARGET/STATION:CARRY(B1:T006) -> PREVIOUS_ITEM:CARRY(B1:I001) -> TARGET/STATION:INTRODUCE(B1:T007;LOCAL_CONNECTED_RUNS)	OWNER=B1:O01;ACTIVE_ITEM/PREPARATION=B1:I002;TARGET/STATION=B1:T007;PREVIOUS_ITEM=B1:I001	YES	NO	[REGISTER:OWNER=B1:O01] [EXEMPLAR:A002+A010+A011+A020:gib einen abgemessenen Anteil in das Gefäß] ; [REGISTER:OWNER=B1:O01] [EXEMPLAR:A011+A020:durch die verbundenen Läufe] ; [REGISTER:OWNER=B1:O01] [EXEMPLAR:A001+A005+A007+A011+A012+A015+A020:der vorbereitete Bade- oder Waschzusatz] ; [REGISTER:OWNER=B1:O01] [EXEMPLAR:A008+A011+A020:und lasse es abkühlen]	LOCAL_EXEMPLAR[obere Rinne füllen;keine Kartenbedeutung] ; LOCAL_EXEMPLAR[Charge über das Gefälle umlaufen lassen;keine Kartenbedeutung] ; LOCAL_EXEMPLAR[Rücklauf im unteren Becken auffangen;keine Kartenbedeutung] ; LOCAL_EXEMPLAR[Rücklauf erneut zuführen;keine Kartenbedeutung]	NONE;DUAL_UNRESOLVED	NO	PASS_EXACT_OPAQUE_ID_SEQUENCE	SEGMENTATION=Benachbarte Felder könnten eine größere Exemplarklausel bilden.; NONMEDICAL=temperieren [Ganzfeldexemplar B1, Feld 8/24]	REGISTER_IDS_RECORD_LOCAL;LINE_RESET_NOT_SENTENCE;DUAL_LOCAL_EXEMPLAR_ONLY
B1-S007	B1	f81v	7	F029	f81v.18	1	NONE	1	131	87411f84689b4f93a303	F029:TERMINAL	NEXT_PARALLEL_CELL	WITHIN_LOCUS_FIELD_BOUNDARY	EXEMPLAR_ONLY	UNPARSED	0	1	WITHIN_RECORD_TRANSITION	OWNER=B1:O01;ACTIVE_ITEM/PREPARATION=B1:I002;TARGET/STATION=B1:T007;PREVIOUS_ITEM=B1:I001	CARRY/INTRODUCE/RESET/INTRODUCE	OWNER | ACTIVE_ITEM/PREPARATION	OWNER:CARRY(B1:O01) -> PREVIOUS_ITEM:INTRODUCE_FROM_ACTIVE(B1:I002) -> ACTIVE_ITEM/PREPARATION:INTRODUCE(B1:I003) -> TARGET/STATION:RESET(NEW_OR_PARALLEL_CLAUSE)	OWNER=B1:O01;ACTIVE_ITEM/PREPARATION=B1:I003;TARGET/STATION=UNSET;PREVIOUS_ITEM=B1:I002	YES	NO	[REGISTER:OWNER=B1:O01] [EXEMPLAR:A008+A009+A011+A020:erwärme es einmal und beende den Schritt]	LOCAL_EXEMPLAR[Charge ruhig stehen lassen;keine Kartenbedeutung]	NONE;DUAL_UNRESOLVED	NO	PASS_EXACT_OPAQUE_ID_SEQUENCE	SEGMENTATION=START_NEW_CLAUSE: statt Parallelzellen kann hier ein neuer Prozessabschnitt beginnen.; NONMEDICAL=temperieren [Ganzfeldexemplar B1, Feld 9/24]	REGISTER_IDS_RECORD_LOCAL;LINE_RESET_NOT_SENTENCE;DUAL_LOCAL_EXEMPLAR_ONLY
B1-S008	B1	f81v	8	F030	f81v.18	1	NONE	5	132|133|134|135|136	b921a237be883a820352|dcda95c81a5460feb191|d904bf7b044dd3922781|dcda95c81a5460feb191|bc4f1f5c006c74a4d26d	F030:TERMINAL	WITHIN_LOCUS_FIELD_BOUNDARY	WITHIN_LOCUS_FIELD_BOUNDARY	EXEMPLAR_ONLY > LINK_ACTIVE > EXEMPLAR_ONLY > LINK_ACTIVE > EXEMPLAR_ONLY	AMBIGUOUS	2	3	WITHIN_RECORD_TRANSITION	OWNER=B1:O01;ACTIVE_ITEM/PREPARATION=B1:I003;TARGET/STATION=UNSET;PREVIOUS_ITEM=B1:I002	CARRY/CARRY/CARRY/RESUME	OWNER | ACTIVE_ITEM/PREPARATION | PREVIOUS_ITEM	OWNER:CARRY(B1:O01) -> ACTIVE_ITEM/PREPARATION:CARRY(B1:I003) -> TARGET/STATION:CARRY(UNSET) -> PREVIOUS_ITEM:CARRY(B1:I002) -> PREVIOUS_ITEM:RESUME(B1:I002;LOCAL_FILLER)	OWNER=B1:O01;ACTIVE_ITEM/PREPARATION=B1:I003;TARGET/STATION=UNSET;PREVIOUS_ITEM=B1:I002	YES	NO	[REGISTER:OWNER=B1:O01] [EXEMPLAR:A010+A011+A020:Diese aktive Portion] ; [FORMAL:AKTIVEN_ARBEITSSTAND_VERKNÜPFEN;KEINE_WORTBEDEUTUNG] [REGISTER:ACTIVE_ITEM/PREPARATION=B1:I003;PREVIOUS_ITEM=B1:I002] [EXEMPLAR:A010+A011+A013+A020:den recordlokalen aktiven Posten im Arbeitsgang fortführen] ; [REGISTER:OWNER=B1:O01] [EXEMPLAR:A011+A020:bei sanfter Wärme] ; [FORMAL:AKTIVEN_ARBEITSSTAND_VERKNÜPFEN;KEINE_WORTBEDEUTUNG] [REGISTER:ACTIVE_ITEM/PREPARATION=B1:I003;PREVIOUS_ITEM=B1:I002] [EXEMPLAR:A010+A011+A013+A020:den recordlokalen aktiven Posten im Arbeitsgang fortführen] ; [REGISTER:OWNER=B1:O01] [EXEMPLAR:A011+A012+A020:lasse es bis zur Bereitschaft stehen und beende den Schritt]	LOCAL_EXEMPLAR[Filtertuch oder Sieb einsetzen;keine Kartenbedeutung] ; AKTIVEN_ARBEITSSTAND_VERKNÜPFEN=FORMAL_OPAQUE_SLOT_OPERATION ; LOCAL_ARGUMENT[aktive Charge/Rücklauf des Feldes F030] ; LOCAL_EXEMPLAR[Rückstand vom Filter abnehmen;keine Kartenbedeutung] ; AKTIVEN_ARBEITSSTAND_VERKNÜPFEN=FORMAL_OPAQUE_SLOT_OPERATION ; LOCAL_ARGUMENT[aktive Charge/Rücklauf des Feldes F030] ; LOCAL_EXEMPLAR[Filtertuch oder Sieb einsetzen;keine Kartenbedeutung]	NONE;DUAL_UNRESOLVED	NO	PASS_EXACT_OPAQUE_ID_SEQUENCE	SEGMENTATION=Benachbarte Felder könnten eine größere Exemplarklausel bilden.; NONMEDICAL=temperieren [Ganzfeldexemplar B1, Feld 10/24]	REGISTER_IDS_RECORD_LOCAL;LINE_RESET_NOT_SENTENCE;DUAL_LOCAL_EXEMPLAR_ONLY
B1-S009	B1	f81v	9	F031	f81v.18	1	NONE	1	137	7db18b2f0fb7ed0fcfd3	F031:TERMINAL	WITHIN_LOCUS_FIELD_BOUNDARY	WITHIN_LOCUS_FIELD_BOUNDARY	TERMINAL_FLUSH	UNIQUE	1	0	WITHIN_RECORD_TRANSITION	OWNER=B1:O01;ACTIVE_ITEM/PREPARATION=B1:I003;TARGET/STATION=UNSET;PREVIOUS_ITEM=B1:I002	CARRY/CARRY/INTRODUCE/CARRY	OWNER | ACTIVE_ITEM/PREPARATION | TARGET/STATION	OWNER:CARRY(B1:O01) -> ACTIVE_ITEM/PREPARATION:CARRY(B1:I003) -> TARGET/STATION:CARRY(UNSET) -> PREVIOUS_ITEM:CARRY(B1:I002) -> TARGET/STATION:INTRODUCE(B1:T008;LOCAL_MARKED_TARGET)	OWNER=B1:O01;ACTIVE_ITEM/PREPARATION=B1:I003;TARGET/STATION=B1:T008;PREVIOUS_ITEM=B1:I002	YES	YES	[CARD:SPÜLEN?] [REGISTER:ACTIVE_ITEM/PREPARATION=B1:I003;TARGET/STATION=B1:T008] [EXEMPLAR:A001+A003+A004+A005+A011+A014+A015+A020:die bezeichnete Stelle oder den Lauf mit der aktiven Waschflotte spülen]	SPÜLEN?=aktiven Lauf spülen und abschließen ; LOCAL_ARGUMENT[Leitungsweg von Grundbecken A mit Wärmestelle W1, Rinne R1 und Rücklauf R0]	NONE;DUAL_UNRESOLVED	NO	PASS_EXACT_OPAQUE_ID_SEQUENCE	SEGMENTATION=Benachbarte Felder könnten eine größere Exemplarklausel bilden.; NONMEDICAL=temperieren [Ganzfeldexemplar B1, Feld 11/24]	REGISTER_IDS_RECORD_LOCAL;LINE_RESET_NOT_SENTENCE;DUAL_LOCAL_EXEMPLAR_ONLY
B1-S010	B1	f81v	10	F032	f81v.18	1	NONE	1	138	7db18b2f0fb7ed0fcfd3	F032:TERMINAL	WITHIN_LOCUS_FIELD_BOUNDARY	WITHIN_LOCUS_FIELD_BOUNDARY	TERMINAL_FLUSH	UNIQUE	1	0	WITHIN_RECORD_TRANSITION	OWNER=B1:O01;ACTIVE_ITEM/PREPARATION=B1:I003;TARGET/STATION=B1:T008;PREVIOUS_ITEM=B1:I002	CARRY/CARRY/INTRODUCE/CARRY	OWNER | ACTIVE_ITEM/PREPARATION | TARGET/STATION	OWNER:CARRY(B1:O01) -> ACTIVE_ITEM/PREPARATION:CARRY(B1:I003) -> TARGET/STATION:CARRY(B1:T008) -> PREVIOUS_ITEM:CARRY(B1:I002) -> TARGET/STATION:INTRODUCE(B1:T009;LOCAL_MARKED_TARGET)	OWNER=B1:O01;ACTIVE_ITEM/PREPARATION=B1:I003;TARGET/STATION=B1:T009;PREVIOUS_ITEM=B1:I002	YES	NO	[CARD:SPÜLEN?] [REGISTER:ACTIVE_ITEM/PREPARATION=B1:I003;TARGET/STATION=B1:T009] [EXEMPLAR:A001+A003+A004+A005+A011+A014+A015+A020:die bezeichnete Stelle oder den Lauf mit der aktiven Waschflotte spülen]	SPÜLEN?=aktiven Lauf spülen und abschließen ; LOCAL_ARGUMENT[Leitungsweg von Grundbecken A mit Wärmestelle W1, Rinne R1 und Rücklauf R0]	NONE;DUAL_UNRESOLVED	NO	PASS_EXACT_OPAQUE_ID_SEQUENCE	SEGMENTATION=Benachbarte Felder könnten eine größere Exemplarklausel bilden.; NONMEDICAL=temperieren [Ganzfeldexemplar B1, Feld 12/24]	REGISTER_IDS_RECORD_LOCAL;LINE_RESET_NOT_SENTENCE;DUAL_LOCAL_EXEMPLAR_ONLY
B1-S011	B1	f81v	11	F033	f81v.18	1	NONE	2	139|140	2cc8bb3c2af19607888f|276a7c2d74d1143446f4	F033:OPEN	WITHIN_LOCUS_FIELD_BOUNDARY	START_NEW_CLAUSE	EXEMPLAR_ONLY > ACTION_APPLY	AMBIGUOUS	1	1	WITHIN_RECORD_TRANSITION	OWNER=B1:O01;ACTIVE_ITEM/PREPARATION=B1:I003;TARGET/STATION=B1:T009;PREVIOUS_ITEM=B1:I002	CARRY/CARRY/INTRODUCE/CARRY	OWNER | ACTIVE_ITEM/PREPARATION | TARGET/STATION	OWNER:CARRY(B1:O01) -> ACTIVE_ITEM/PREPARATION:CARRY(B1:I003) -> TARGET/STATION:CARRY(B1:T009) -> PREVIOUS_ITEM:CARRY(B1:I002) -> TARGET/STATION:INTRODUCE(B1:T010;LOCAL_CONNECTED_RUNS)	OWNER=B1:O01;ACTIVE_ITEM/PREPARATION=B1:I003;TARGET/STATION=B1:T010;PREVIOUS_ITEM=B1:I002	YES	NO	[REGISTER:OWNER=B1:O01] [EXEMPLAR:A011+A020:durch die verbundenen Läufe] ; [CARD:ANWENDEN?] [REGISTER:ACTIVE_ITEM/PREPARATION=B1:I003;TARGET/STATION=B1:T010] [EXEMPLAR:A001+A005+A011+A015+A020:die Badecharge am vorgesehenen Waschplatz gebrauchen]	LOCAL_EXEMPLAR[Arbeitsziel an der Station bereitstellen;keine Kartenbedeutung] ; ANWENDEN?=aktive Charge am gesetzten Arbeitsziel einsetzen ; LOCAL_ARGUMENT[aktive Charge an technischem Stationsziel F033]	NONE;DUAL_UNRESOLVED	NO	PASS_EXACT_OPAQUE_ID_SEQUENCE	SEGMENTATION=Benachbarte Felder könnten eine größere Exemplarklausel bilden.; NONMEDICAL=absetzen und klären [Ganzfeldexemplar B1, Feld 13/24]	REGISTER_IDS_RECORD_LOCAL;LINE_RESET_NOT_SENTENCE;DUAL_LOCAL_EXEMPLAR_ONLY
B1-S012	B1	f81v	12	F034	f81v.21	1	NONE	3	141|142|143	be0974b366c981dc1eef|08bd5ca0c2ad137a056d|2e7e89e0bd12b999c280	F034:TERMINAL	START_NEW_CLAUSE	WITHIN_LOCUS_FIELD_BOUNDARY	EXEMPLAR_ONLY > EXEMPLAR_ONLY > EXEMPLAR_ONLY	UNPARSED	0	3	WITHIN_RECORD_TRANSITION	OWNER=B1:O01;ACTIVE_ITEM/PREPARATION=B1:I003;TARGET/STATION=B1:T010;PREVIOUS_ITEM=B1:I002	CARRY/INTRODUCE/RESET/INTRODUCE	OWNER | ACTIVE_ITEM/PREPARATION	OWNER:CARRY(B1:O01) -> PREVIOUS_ITEM:INTRODUCE_FROM_ACTIVE(B1:I003) -> ACTIVE_ITEM/PREPARATION:INTRODUCE(B1:I004) -> TARGET/STATION:RESET(NEW_OR_PARALLEL_CLAUSE)	OWNER=B1:O01;ACTIVE_ITEM/PREPARATION=B1:I004;TARGET/STATION=UNSET;PREVIOUS_ITEM=B1:I003	YES	NO	[REGISTER:OWNER=B1:O01] [EXEMPLAR:A005+A011+A015+A020:beginne die Spülung] ; [REGISTER:OWNER=B1:O01] [EXEMPLAR:A001+A008+A011+A020:warmes Wasser] ; [REGISTER:OWNER=B1:O01] [EXEMPLAR:A001+A005+A009+A011+A015+A020:wasche einmal und beende diesen Durchgang]	LOCAL_EXEMPLAR[Rücklaufleitung öffnen;keine Kartenbedeutung] ; LOCAL_EXEMPLAR[Restcharge zurückführen;keine Kartenbedeutung] ; LOCAL_EXEMPLAR[vorigen Arbeitsstand aufnehmen;keine Kartenbedeutung]	NONE;DUAL_UNRESOLVED	NO	PASS_EXACT_OPAQUE_ID_SEQUENCE	SEGMENTATION=NEXT_PARALLEL_CELL: Anwendung und Spülung können gleichrangige Workcells sein.; NONMEDICAL=absetzen und klären [Ganzfeldexemplar B1, Feld 14/24]	REGISTER_IDS_RECORD_LOCAL;LINE_RESET_NOT_SENTENCE;DUAL_LOCAL_EXEMPLAR_ONLY
B1-S013	B1	f81v	13	F035	f81v.21	1	NONE	1	144	2e7e89e0bd12b999c280	F035:TERMINAL	WITHIN_LOCUS_FIELD_BOUNDARY	WITHIN_LOCUS_FIELD_BOUNDARY	EXEMPLAR_ONLY	UNPARSED	0	1	WITHIN_RECORD_TRANSITION	OWNER=B1:O01;ACTIVE_ITEM/PREPARATION=B1:I004;TARGET/STATION=UNSET;PREVIOUS_ITEM=B1:I003	CARRY/CARRY/CARRY/CARRY	OWNER | ACTIVE_ITEM/PREPARATION	OWNER:CARRY(B1:O01) -> ACTIVE_ITEM/PREPARATION:CARRY(B1:I004) -> TARGET/STATION:CARRY(UNSET) -> PREVIOUS_ITEM:CARRY(B1:I003)	OWNER=B1:O01;ACTIVE_ITEM/PREPARATION=B1:I004;TARGET/STATION=UNSET;PREVIOUS_ITEM=B1:I003	YES	YES	[REGISTER:OWNER=B1:O01] [EXEMPLAR:A001+A005+A009+A011+A015+A020:wasche einmal und beende diesen Durchgang]	LOCAL_EXEMPLAR[Charge ruhig stehen lassen;keine Kartenbedeutung]	NONE;DUAL_UNRESOLVED	NO	PASS_EXACT_OPAQUE_ID_SEQUENCE	SEGMENTATION=Benachbarte Felder könnten eine größere Exemplarklausel bilden.; NONMEDICAL=absetzen und klären [Ganzfeldexemplar B1, Feld 15/24]	REGISTER_IDS_RECORD_LOCAL;LINE_RESET_NOT_SENTENCE;DUAL_LOCAL_EXEMPLAR_ONLY
B1-S014	B1	f81v	14	F036	f81v.21	1	NONE	5	145|146|147|148|149	6f7ff8287eddf4da9fdb|c205570c49d4d93c23d3|433713294b25b0a12f66|dcda95c81a5460feb191|b6b654722e55729cc947	F036:OPEN	WITHIN_LOCUS_FIELD_BOUNDARY	NEXT_PARALLEL_CELL	EXEMPLAR_ONLY > EXEMPLAR_ONLY > EXEMPLAR_ONLY > LINK_ACTIVE > EXEMPLAR_ONLY	AMBIGUOUS	1	4	WITHIN_RECORD_TRANSITION	OWNER=B1:O01;ACTIVE_ITEM/PREPARATION=B1:I004;TARGET/STATION=UNSET;PREVIOUS_ITEM=B1:I003	CARRY/CARRY/INTRODUCE/RESUME	OWNER | ACTIVE_ITEM/PREPARATION | PREVIOUS_ITEM	OWNER:CARRY(B1:O01) -> ACTIVE_ITEM/PREPARATION:CARRY(B1:I004) -> TARGET/STATION:CARRY(UNSET) -> PREVIOUS_ITEM:CARRY(B1:I003) -> PREVIOUS_ITEM:RESUME(B1:I003;LOCAL_FILLER) -> TARGET/STATION:INTRODUCE(B1:T011;LOCAL_MARKED_TARGET) -> TARGET/STATION:INTRODUCE(B1:T012;LOCAL_LOWER_BASIN) -> TARGET/STATION:INTRODUCE(B1:T013;LOCAL_LOWER_OUTLET)	OWNER=B1:O01;ACTIVE_ITEM/PREPARATION=B1:I004;TARGET/STATION=B1:T013;PREVIOUS_ITEM=B1:I003	YES	NO	[REGISTER:OWNER=B1:O01] [EXEMPLAR:A010+A011+A013+A020:rühre, bis alles gleichmäßig vermischt ist] ; [REGISTER:OWNER=B1:O01] [EXEMPLAR:A004+A011+A020:die betroffene Stelle] ; [REGISTER:OWNER=B1:O01] [EXEMPLAR:A002+A011+A020:das untere Becken] ; [FORMAL:AKTIVEN_ARBEITSSTAND_VERKNÜPFEN;KEINE_WORTBEDEUTUNG] [REGISTER:ACTIVE_ITEM/PREPARATION=B1:I004;PREVIOUS_ITEM=B1:I003] [EXEMPLAR:A010+A011+A013+A020:den recordlokalen aktiven Posten im Arbeitsgang fortführen] ; [REGISTER:OWNER=B1:O01] [EXEMPLAR:A001+A003+A009+A011+A020:benutze danach den unteren Ablauf]	LOCAL_EXEMPLAR[obere Rinne füllen;keine Kartenbedeutung] ; LOCAL_EXEMPLAR[Charge über das Gefälle umlaufen lassen;keine Kartenbedeutung] ; LOCAL_EXEMPLAR[Rücklauf im unteren Becken auffangen;keine Kartenbedeutung] ; AKTIVEN_ARBEITSSTAND_VERKNÜPFEN=FORMAL_OPAQUE_SLOT_OPERATION ; LOCAL_ARGUMENT[aktive Charge/Rücklauf des Feldes F036] ; LOCAL_EXEMPLAR[obere Rinne füllen;keine Kartenbedeutung]	NONE;DUAL_UNRESOLVED	NO	PASS_EXACT_OPAQUE_ID_SEQUENCE	SEGMENTATION=Benachbarte Felder könnten eine größere Exemplarklausel bilden.; NONMEDICAL=absetzen und klären [Ganzfeldexemplar B1, Feld 16/24]	REGISTER_IDS_RECORD_LOCAL;LINE_RESET_NOT_SENTENCE;DUAL_LOCAL_EXEMPLAR_ONLY
B1-S015	B1	f81v	15	F037	f81v.24	1	NONE	2	150|151	a7af89ab31ce5e247395|07913ef9b1fb773cd325	F037:TERMINAL	NEXT_PARALLEL_CELL	WITHIN_LOCUS_FIELD_BOUNDARY	EXEMPLAR_ONLY > EXEMPLAR_ONLY	UNPARSED	0	2	WITHIN_RECORD_TRANSITION	OWNER=B1:O01;ACTIVE_ITEM/PREPARATION=B1:I004;TARGET/STATION=B1:T013;PREVIOUS_ITEM=B1:I003	CARRY/INTRODUCE/RESET/INTRODUCE	OWNER | ACTIVE_ITEM/PREPARATION	OWNER:CARRY(B1:O01) -> PREVIOUS_ITEM:INTRODUCE_FROM_ACTIVE(B1:I004) -> ACTIVE_ITEM/PREPARATION:INTRODUCE(B1:I005) -> TARGET/STATION:RESET(NEW_OR_PARALLEL_CLAUSE)	OWNER=B1:O01;ACTIVE_ITEM/PREPARATION=B1:I005;TARGET/STATION=UNSET;PREVIOUS_ITEM=B1:I004	YES	NO	[REGISTER:OWNER=B1:O01] [EXEMPLAR:A002+A009+A011+A020:fülle danach das Gefäß] ; [REGISTER:OWNER=B1:O01] [EXEMPLAR:A008+A011+A020:lasse es abkühlen und beende den Schritt]	LOCAL_EXEMPLAR[Filtertuch oder Sieb einsetzen;keine Kartenbedeutung] ; LOCAL_EXEMPLAR[Charge durch den Filter führen;keine Kartenbedeutung]	NONE;DUAL_UNRESOLVED	NO	PASS_EXACT_OPAQUE_ID_SEQUENCE	SEGMENTATION=CONTINUE_SAME_CLAUSE: dieselbe Apparatur kann über den Zeilenreset weiterlaufen.; NONMEDICAL=absetzen und klären [Ganzfeldexemplar B1, Feld 17/24]	REGISTER_IDS_RECORD_LOCAL;LINE_RESET_NOT_SENTENCE;DUAL_LOCAL_EXEMPLAR_ONLY
B1-S016	B1	f81v	16	F038	f81v.24	1	NONE	4	152|153|154|155	308e8ea2d5d190c498e8|0275fbf14e07935b0a45|dcda95c81a5460feb191|bc4f1f5c006c74a4d26d	F038:TERMINAL	WITHIN_LOCUS_FIELD_BOUNDARY	WITHIN_LOCUS_FIELD_BOUNDARY	TARGET_ASSIGN > ACTION_TEMPER > LINK_ACTIVE > EXEMPLAR_ONLY	AMBIGUOUS	3	1	WITHIN_RECORD_TRANSITION	OWNER=B1:O01;ACTIVE_ITEM/PREPARATION=B1:I005;TARGET/STATION=UNSET;PREVIOUS_ITEM=B1:I004	CARRY/CARRY/CARRY/RESUME	OWNER | ACTIVE_ITEM/PREPARATION | PREVIOUS_ITEM	OWNER:CARRY(B1:O01) -> ACTIVE_ITEM/PREPARATION:CARRY(B1:I005) -> TARGET/STATION:CARRY(UNSET) -> PREVIOUS_ITEM:CARRY(B1:I004) -> PREVIOUS_ITEM:RESUME(B1:I004;LOCAL_FILLER)	OWNER=B1:O01;ACTIVE_ITEM/PREPARATION=B1:I005;TARGET/STATION=UNSET;PREVIOUS_ITEM=B1:I004	YES	NO	[FORMAL:LOKALEN_RELATIONSSLOT_SETZEN;KEINE_WORTBEDEUTUNG] [REGISTER:OWNER=B1:O01;TARGET/STATION=UNSET] [EXEMPLAR:A003+A010+A011+A013+A014+A020:den aktiven Posten an der örtlich bezeichneten Station führen] ; [CARD:TEMPERIEREN?] [REGISTER:ACTIVE_ITEM/PREPARATION=B1:I005] [EXEMPLAR:A005+A008+A011+A015+A020:die Charge für den vorgesehenen Gebrauch temperieren] ; [FORMAL:AKTIVEN_ARBEITSSTAND_VERKNÜPFEN;KEINE_WORTBEDEUTUNG] [REGISTER:ACTIVE_ITEM/PREPARATION=B1:I005;PREVIOUS_ITEM=B1:I004] [EXEMPLAR:A010+A011+A013+A020:den recordlokalen aktiven Posten im Arbeitsgang fortführen] ; [REGISTER:OWNER=B1:O01] [EXEMPLAR:A011+A012+A020:lasse es bis zur Bereitschaft stehen und beende den Schritt]	LOKALEN_RELATIONSSLOT_SETZEN=FORMAL_OPAQUE_SLOT_OPERATION ; LOCAL_ARGUMENT[Zieladresse=Grundbecken A mit Wärmestelle W1, Rinne R1 und Rücklauf R0] ; TEMPERIEREN?=aktive Charge gelinde erwärmen ; LOCAL_ARGUMENT[aktive Charge an der Wärmestelle von Grundbecken A mit Wärmestelle W1, Rinne R1 und Rücklauf R0] ; AKTIVEN_ARBEITSSTAND_VERKNÜPFEN=FORMAL_OPAQUE_SLOT_OPERATION ; LOCAL_ARGUMENT[aktive Charge/Rücklauf des Feldes F038] ; LOCAL_EXEMPLAR[warmen Stand halten;keine Kartenbedeutung]	NONE;DUAL_UNRESOLVED	NO	PASS_EXACT_OPAQUE_ID_SEQUENCE	SEGMENTATION=Benachbarte Felder könnten eine größere Exemplarklausel bilden.; NONMEDICAL=absetzen und klären [Ganzfeldexemplar B1, Feld 18/24]	REGISTER_IDS_RECORD_LOCAL;LINE_RESET_NOT_SENTENCE;DUAL_LOCAL_EXEMPLAR_ONLY
B1-S017	B1	f81v	17	F039	f81v.24	1	NONE	3	156|157|158	dd0ecaf5e27d81befffc|a06244ef1f2b37ca44c1|d225b7a7b95da7aee437	F039:TERMINAL	WITHIN_LOCUS_FIELD_BOUNDARY	WITHIN_LOCUS_FIELD_BOUNDARY	TARGET_ASSIGN > EXEMPLAR_ONLY > EXEMPLAR_ONLY	AMBIGUOUS	1	2	WITHIN_RECORD_TRANSITION	OWNER=B1:O01;ACTIVE_ITEM/PREPARATION=B1:I005;TARGET/STATION=UNSET;PREVIOUS_ITEM=B1:I004	CARRY/CARRY/INTRODUCE/CARRY	OWNER | ACTIVE_ITEM/PREPARATION	OWNER:CARRY(B1:O01) -> ACTIVE_ITEM/PREPARATION:CARRY(B1:I005) -> TARGET/STATION:CARRY(UNSET) -> PREVIOUS_ITEM:CARRY(B1:I004) -> TARGET/STATION:INTRODUCE(B1:T014;LOCAL_MARKED_TARGET) -> TARGET/STATION:INTRODUCE(B1:T015;LOCAL_FIRST_OPENING)	OWNER=B1:O01;ACTIVE_ITEM/PREPARATION=B1:I005;TARGET/STATION=B1:T015;PREVIOUS_ITEM=B1:I004	YES	NO	[CARD:ZIEL?] [REGISTER:OWNER=B1:O01;TARGET/STATION=B1:T015] [EXEMPLAR:A003+A010+A011+A013+A014+A020:den aktiven Posten an der örtlich bezeichneten Station führen] ; [REGISTER:OWNER=B1:O01] [EXEMPLAR:A003+A009+A011+A014+A020:die erste Öffnung] ; [REGISTER:OWNER=B1:O01] [EXEMPLAR:A006+A011+A012+A020:seihe es klar und beende den Schritt]	ZIEL?=Arbeitsziel setzen oder bestätigen ; LOCAL_ARGUMENT[Zieladresse=Grundbecken A mit Wärmestelle W1, Rinne R1 und Rücklauf R0] ; LOCAL_EXEMPLAR[Schieber am Abgang öffnen;keine Kartenbedeutung] ; LOCAL_EXEMPLAR[Fluss zur Zielstation führen;keine Kartenbedeutung]	NONE;DUAL_UNRESOLVED	NO	PASS_EXACT_OPAQUE_ID_SEQUENCE	SEGMENTATION=Benachbarte Felder könnten eine größere Exemplarklausel bilden.; NONMEDICAL=weitergeben [Ganzfeldexemplar B1, Feld 19/24]	REGISTER_IDS_RECORD_LOCAL;LINE_RESET_NOT_SENTENCE;DUAL_LOCAL_EXEMPLAR_ONLY
B1-S018	B1	f81v	18	F040|F041	f81v.24|f81v.27	2	B1-LB06	4	159|160|161|162	b38d70daefd663d74625|74c76d589d44120f647b|2c82523794dcb7d2b343|3b70942557b3a40e8030	F040:OPEN > F041:TERMINAL	WITHIN_LOCUS_FIELD_BOUNDARY	WITHIN_LOCUS_FIELD_BOUNDARY	EXEMPLAR_ONLY > EXEMPLAR_ONLY > EXEMPLAR_ONLY > EXEMPLAR_ONLY	UNPARSED	0	4	WITHIN_RECORD_TRANSITION	OWNER=B1:O01;ACTIVE_ITEM/PREPARATION=B1:I005;TARGET/STATION=B1:T015;PREVIOUS_ITEM=B1:I004	CARRY/CARRY/INTRODUCE/CARRY	OWNER | ACTIVE_ITEM/PREPARATION	OWNER:CARRY(B1:O01) -> ACTIVE_ITEM/PREPARATION:CARRY(B1:I005) -> TARGET/STATION:CARRY(B1:T015) -> PREVIOUS_ITEM:CARRY(B1:I004) -> TARGET/STATION:INTRODUCE(B1:T016;LOCAL_MARKED_TARGET)	OWNER=B1:O01;ACTIVE_ITEM/PREPARATION=B1:I005;TARGET/STATION=B1:T016;PREVIOUS_ITEM=B1:I004	YES	NO	[REGISTER:OWNER=B1:O01] [EXEMPLAR:A002+A009+A011+A020:fülle danach das Gefäß] ; [REGISTER:OWNER=B1:O01] [EXEMPLAR:A004+A011+A014+A020:wende es an der markierten Stelle an] ; [REGISTER:OWNER=B1:O01] [EXEMPLAR:A011+A012+A020:bis es klar ist] ; [REGISTER:OWNER=B1:O01] [EXEMPLAR:A001+A011+A020:lasse die Flüssigkeit sich setzen und beende den Schritt]	LOCAL_EXEMPLAR[unteren Ablauf öffnen;keine Kartenbedeutung] ; LOCAL_EXEMPLAR[Filter lösen;keine Kartenbedeutung] ; LOCAL_EXEMPLAR[Leitungsöffnung ausstreichen;keine Kartenbedeutung] ; LOCAL_EXEMPLAR[Beckenrand reinigen;keine Kartenbedeutung]	NONE;DUAL_UNRESOLVED	NO	PASS_EXACT_OPAQUE_ID_SEQUENCE	SEGMENTATION=NEXT_PARALLEL_CELL: F041 kann eine neue Zielzelle nach dem Füllen sein.; NONMEDICAL=weitergeben [Ganzfeldexemplar B1, Feld 20/24] || weitergeben [Ganzfeldexemplar B1, Feld 21/24]	REGISTER_IDS_RECORD_LOCAL;LINE_RESET_NOT_SENTENCE;DUAL_LOCAL_EXEMPLAR_ONLY
B1-S019	B1	f81v	19	F042	f81v.27	1	NONE	1	163	bc4f1f5c006c74a4d26d	F042:TERMINAL	WITHIN_LOCUS_FIELD_BOUNDARY	WITHIN_LOCUS_FIELD_BOUNDARY	EXEMPLAR_ONLY	UNPARSED	0	1	WITHIN_RECORD_TRANSITION	OWNER=B1:O01;ACTIVE_ITEM/PREPARATION=B1:I005;TARGET/STATION=B1:T016;PREVIOUS_ITEM=B1:I004	CARRY/CARRY/CARRY/CARRY	OWNER | ACTIVE_ITEM/PREPARATION	OWNER:CARRY(B1:O01) -> ACTIVE_ITEM/PREPARATION:CARRY(B1:I005) -> TARGET/STATION:CARRY(B1:T016) -> PREVIOUS_ITEM:CARRY(B1:I004)	OWNER=B1:O01;ACTIVE_ITEM/PREPARATION=B1:I005;TARGET/STATION=B1:T016;PREVIOUS_ITEM=B1:I004	YES	YES	[REGISTER:OWNER=B1:O01] [EXEMPLAR:A011+A012+A020:lasse es bis zur Bereitschaft stehen und beende den Schritt]	LOCAL_EXEMPLAR[Rücklaufleitung öffnen;keine Kartenbedeutung]	NONE;DUAL_UNRESOLVED	NO	PASS_EXACT_OPAQUE_ID_SEQUENCE	SEGMENTATION=Benachbarte Felder könnten eine größere Exemplarklausel bilden.; NONMEDICAL=weitergeben [Ganzfeldexemplar B1, Feld 22/24]	REGISTER_IDS_RECORD_LOCAL;LINE_RESET_NOT_SENTENCE;DUAL_LOCAL_EXEMPLAR_ONLY
B1-S020	B1	f81v	20	F043	f81v.27	1	NONE	2	164|165	d904bf7b044dd3922781|d68bc8de3bcee09db23c	F043:TERMINAL	WITHIN_LOCUS_FIELD_BOUNDARY	WITHIN_LOCUS_FIELD_BOUNDARY	EXEMPLAR_ONLY > EXEMPLAR_ONLY	UNPARSED	0	2	WITHIN_RECORD_TRANSITION	OWNER=B1:O01;ACTIVE_ITEM/PREPARATION=B1:I005;TARGET/STATION=B1:T016;PREVIOUS_ITEM=B1:I004	CARRY/CARRY/INTRODUCE/CARRY	OWNER | ACTIVE_ITEM/PREPARATION	OWNER:CARRY(B1:O01) -> ACTIVE_ITEM/PREPARATION:CARRY(B1:I005) -> TARGET/STATION:CARRY(B1:T016) -> PREVIOUS_ITEM:CARRY(B1:I004) -> TARGET/STATION:INTRODUCE(B1:T017;LOCAL_CLOTH)	OWNER=B1:O01;ACTIVE_ITEM/PREPARATION=B1:I005;TARGET/STATION=B1:T017;PREVIOUS_ITEM=B1:I004	YES	NO	[REGISTER:OWNER=B1:O01] [EXEMPLAR:A011+A020:bei sanfter Wärme] ; [REGISTER:OWNER=B1:O01] [EXEMPLAR:A006+A009+A011+A020:seihe es einmal durch ein Tuch und beende den Schritt]	LOCAL_EXEMPLAR[fertige Charge markieren;keine Kartenbedeutung] ; LOCAL_EXEMPLAR[Zielstation bestätigen;keine Kartenbedeutung]	NONE;DUAL_UNRESOLVED	NO	PASS_EXACT_OPAQUE_ID_SEQUENCE	SEGMENTATION=Benachbarte Felder könnten eine größere Exemplarklausel bilden.; NONMEDICAL=weitergeben [Ganzfeldexemplar B1, Feld 23/24]	REGISTER_IDS_RECORD_LOCAL;LINE_RESET_NOT_SENTENCE;DUAL_LOCAL_EXEMPLAR_ONLY
B1-S021	B1	f81v	21	F044	f81v.27	1	NONE	1	166	dd0ecaf5e27d81befffc	F044:OPEN	WITHIN_LOCUS_FIELD_BOUNDARY	RECORD_END	TARGET_ASSIGN	UNIQUE	1	0	WITHIN_RECORD_TRANSITION	OWNER=B1:O01;ACTIVE_ITEM/PREPARATION=B1:I005;TARGET/STATION=B1:T017;PREVIOUS_ITEM=B1:I004	CARRY/CARRY/INTRODUCE/CARRY	OWNER | ACTIVE_ITEM/PREPARATION	OWNER:CARRY(B1:O01) -> ACTIVE_ITEM/PREPARATION:CARRY(B1:I005) -> TARGET/STATION:CARRY(B1:T017) -> PREVIOUS_ITEM:CARRY(B1:I004) -> TARGET/STATION:INTRODUCE(B1:T018;LOCAL_MARKED_TARGET)	OWNER=B1:O01;ACTIVE_ITEM/PREPARATION=B1:I005;TARGET/STATION=B1:T018;PREVIOUS_ITEM=B1:I004	YES	NO	[CARD:ZIEL?] [REGISTER:OWNER=B1:O01;TARGET/STATION=B1:T018] [EXEMPLAR:A003+A010+A011+A013+A014+A020:den aktiven Posten an der örtlich bezeichneten Station führen]	ZIEL?=Arbeitsziel setzen oder bestätigen ; LOCAL_ARGUMENT[Zieladresse=Grundbecken A mit Wärmestelle W1, Rinne R1 und Rücklauf R0]	NONE;DUAL_UNRESOLVED	NO	PASS_EXACT_OPAQUE_ID_SEQUENCE	SEGMENTATION=Benachbarte Felder könnten eine größere Exemplarklausel bilden.; NONMEDICAL=weitergeben [Ganzfeldexemplar B1, Feld 24/24]	REGISTER_IDS_RECORD_LOCAL;LINE_RESET_NOT_SENTENCE;DUAL_LOCAL_EXEMPLAR_ONLY
B2-S001	B2	f82r	1	F045	f82r.2	1	NONE	1	167	259b2b3b0bf859882e2c	F045:TERMINAL	RECORD_START	WITHIN_LOCUS_FIELD_BOUNDARY	EXEMPLAR_ONLY	UNPARSED	0	1	PASS_RESET_AT_RECORD_START	OWNER=UNSET;ACTIVE_ITEM/PREPARATION=UNSET;TARGET/STATION=UNSET;PREVIOUS_ITEM=UNSET	INTRODUCE/INTRODUCE/INTRODUCE/RESET	ACTIVE_ITEM/PREPARATION	OWNER:INTRODUCE(B2:O01) -> ACTIVE_ITEM/PREPARATION:INTRODUCE(B2:I001) -> TARGET/STATION:RESET -> PREVIOUS_ITEM:RESET -> TARGET/STATION:INTRODUCE(B2:T001;LOCAL_VESSEL_OR_RUN)	OWNER=B2:O01;ACTIVE_ITEM/PREPARATION=B2:I001;TARGET/STATION=B2:T001;PREVIOUS_ITEM=UNSET	YES	YES	[REGISTER:OWNER=B2:O01] [EXEMPLAR:A001+A002+A003+A005+A009+A011+A015+A021:spüle das benutzte Gefäß oder den Lauf einmal aus und beende den Schritt]	LOCAL_EXEMPLAR[Beckenrand und Fugen sichten;keine Kartenbedeutung]	NONE;DUAL_UNRESOLVED	NO	PASS_EXACT_OPAQUE_ID_SEQUENCE	SEGMENTATION=Ein erstes Feld kann Überschrift oder Rubrik statt Klausel sein.; NONMEDICAL=Einzelbecken füllen [Ganzfeldexemplar B2, Feld 1/26]	REGISTER_IDS_RECORD_LOCAL;LINE_RESET_NOT_SENTENCE;DUAL_LOCAL_EXEMPLAR_ONLY
B2-S002	B2	f82r	2	F046	f82r.2	1	NONE	1	168	28ffbc88b97772a75f1e	F046:TERMINAL	WITHIN_LOCUS_FIELD_BOUNDARY	WITHIN_LOCUS_FIELD_BOUNDARY	EXEMPLAR_ONLY	UNPARSED	0	1	WITHIN_RECORD_TRANSITION	OWNER=B2:O01;ACTIVE_ITEM/PREPARATION=B2:I001;TARGET/STATION=B2:T001;PREVIOUS_ITEM=UNSET	CARRY/CARRY/INTRODUCE/CARRY	OWNER | ACTIVE_ITEM/PREPARATION	OWNER:CARRY(B2:O01) -> ACTIVE_ITEM/PREPARATION:CARRY(B2:I001) -> TARGET/STATION:CARRY(B2:T001) -> PREVIOUS_ITEM:CARRY(UNSET) -> TARGET/STATION:INTRODUCE(B2:T002;LOCAL_COVERED_CATCH_VESSEL)	OWNER=B2:O01;ACTIVE_ITEM/PREPARATION=B2:I001;TARGET/STATION=B2:T002;PREVIOUS_ITEM=UNSET	YES	NO	[REGISTER:OWNER=B2:O01] [EXEMPLAR:A002+A004+A011+A013+A021:stelle die Mischung im bedeckten Auffanggefäß beiseite und beende den Schritt]	LOCAL_EXEMPLAR[Filter lösen;keine Kartenbedeutung]	NONE;DUAL_UNRESOLVED	NO	PASS_EXACT_OPAQUE_ID_SEQUENCE	SEGMENTATION=Benachbarte Felder könnten eine größere Exemplarklausel bilden.; NONMEDICAL=Einzelbecken füllen [Ganzfeldexemplar B2, Feld 2/26]	REGISTER_IDS_RECORD_LOCAL;LINE_RESET_NOT_SENTENCE;DUAL_LOCAL_EXEMPLAR_ONLY
B2-S003	B2	f82r	3	F047	f82r.2	1	NONE	3	169|170|171	1645e612504fcef59ced|b921a237be883a820352|7d25241b0e56c836372a	F047:TERMINAL	WITHIN_LOCUS_FIELD_BOUNDARY	WITHIN_LOCUS_FIELD_BOUNDARY	EXEMPLAR_ONLY > EXEMPLAR_ONLY > EXEMPLAR_ONLY	UNPARSED	0	3	WITHIN_RECORD_TRANSITION	OWNER=B2:O01;ACTIVE_ITEM/PREPARATION=B2:I001;TARGET/STATION=B2:T002;PREVIOUS_ITEM=UNSET	CARRY/CARRY/CARRY/CARRY	OWNER | ACTIVE_ITEM/PREPARATION	OWNER:CARRY(B2:O01) -> ACTIVE_ITEM/PREPARATION:CARRY(B2:I001) -> TARGET/STATION:CARRY(B2:T002) -> PREVIOUS_ITEM:CARRY(UNSET)	OWNER=B2:O01;ACTIVE_ITEM/PREPARATION=B2:I001;TARGET/STATION=B2:T002;PREVIOUS_ITEM=UNSET	YES	YES	[REGISTER:OWNER=B2:O01] [EXEMPLAR:A002+A010+A011+A021:gib einen abgemessenen Anteil in das Gefäß] ; [REGISTER:OWNER=B2:O01] [EXEMPLAR:A010+A011+A021:Diese aktive Portion] ; [REGISTER:OWNER=B2:O01] [EXEMPLAR:A001+A004+A005+A008+A011+A015+A021:lasse die Badende im temperierten Teilbad sitzen und beende den Schritt]	LOCAL_EXEMPLAR[Vorratscharge bereitstellen;keine Kartenbedeutung] ; LOCAL_EXEMPLAR[Zuführung öffnen;keine Kartenbedeutung] ; LOCAL_EXEMPLAR[Wasser in das Becken einlassen;keine Kartenbedeutung]	NONE;DUAL_UNRESOLVED	NO	PASS_EXACT_OPAQUE_ID_SEQUENCE	SEGMENTATION=Benachbarte Felder könnten eine größere Exemplarklausel bilden.; NONMEDICAL=Einzelbecken füllen [Ganzfeldexemplar B2, Feld 3/26]	REGISTER_IDS_RECORD_LOCAL;LINE_RESET_NOT_SENTENCE;DUAL_LOCAL_EXEMPLAR_ONLY
B2-S004	B2	f82r	4	F048|F049	f82r.2|f82r.3	2	B2-LB01	5	172|173|174|175|176	308e8ea2d5d190c498e8|f329f2051370174e9a38|ba8142680851f24c9ff2|0275fbf14e07935b0a45|c1db6b0a28d5cbb5d3d2	F048:OPEN > F049:TERMINAL	WITHIN_LOCUS_FIELD_BOUNDARY	WITHIN_LOCUS_FIELD_BOUNDARY	TARGET_ASSIGN > EXEMPLAR_ONLY > EXEMPLAR_ONLY > ACTION_TEMPER > EXEMPLAR_ONLY	AMBIGUOUS	2	3	WITHIN_RECORD_TRANSITION	OWNER=B2:O01;ACTIVE_ITEM/PREPARATION=B2:I001;TARGET/STATION=B2:T002;PREVIOUS_ITEM=UNSET	CARRY/CARRY/INTRODUCE/INTRODUCE	OWNER | ACTIVE_ITEM/PREPARATION	OWNER:CARRY(B2:O01) -> ACTIVE_ITEM/PREPARATION:CARRY(B2:I001) -> TARGET/STATION:CARRY(B2:T002) -> PREVIOUS_ITEM:CARRY(UNSET) -> PREVIOUS_ITEM:INTRODUCE_DERIVED(B2:I002;LOCAL_TWO_SHARES) -> TARGET/STATION:INTRODUCE(B2:T003;LOCAL_SECOND_OPENING)	OWNER=B2:O01;ACTIVE_ITEM/PREPARATION=B2:I001;TARGET/STATION=B2:T003;PREVIOUS_ITEM=B2:I002	YES	NO	[FORMAL:LOKALEN_RELATIONSSLOT_SETZEN;KEINE_WORTBEDEUTUNG] [REGISTER:OWNER=B2:O01;TARGET/STATION=B2:T003] [EXEMPLAR:A003+A010+A011+A013+A014+A021:den aktiven Posten an der örtlich bezeichneten Station führen] ; [REGISTER:OWNER=B2:O01] [EXEMPLAR:A003+A009+A011+A014+A021:die zweite Öffnung] ; [REGISTER:OWNER=B2:O01] [EXEMPLAR:A002+A011+A013+A021:und gehe zum nächsten Becken weiter] ; [CARD:TEMPERIEREN?] [REGISTER:ACTIVE_ITEM/PREPARATION=B2:I001] [EXEMPLAR:A005+A008+A011+A015+A021:die Charge für den vorgesehenen Gebrauch temperieren] ; [REGISTER:OWNER=B2:O01] [EXEMPLAR:A006+A011+A012+A021:seihe es klar und beende den Schritt]	LOKALEN_RELATIONSSLOT_SETZEN=FORMAL_OPAQUE_SLOT_OPERATION ; LOCAL_ARGUMENT[Zieladresse=Teilbecken B mit Zugängen Z1-Z3, Wärmestelle W2, Filter F2 und Auslass A2] ; LOCAL_EXEMPLAR[Schieber am Abgang öffnen;keine Kartenbedeutung] ; LOCAL_EXEMPLAR[Fluss zur Zielstation führen;keine Kartenbedeutung] ; TEMPERIEREN?=aktive Charge gelinde erwärmen ; LOCAL_ARGUMENT[aktive Charge an der Wärmestelle von Teilbecken B mit Zugängen Z1-Z3, Wärmestelle W2, Filter F2 und Auslass A2] ; LOCAL_EXEMPLAR[Charge gelinde erwärmen;keine Kartenbedeutung]	NONE;DUAL_UNRESOLVED	NO	PASS_EXACT_OPAQUE_ID_SEQUENCE	SEGMENTATION=RESUME_ACTIVE_ITEM: F049 kann eine neue Klausel am zweiten Becken sein.; NONMEDICAL=Einzelbecken füllen [Ganzfeldexemplar B2, Feld 4/26] || Einzelbecken füllen [Ganzfeldexemplar B2, Feld 5/26]	REGISTER_IDS_RECORD_LOCAL;LINE_RESET_NOT_SENTENCE;DUAL_LOCAL_EXEMPLAR_ONLY
B2-S005	B2	f82r	5	F050|F051	f82r.3|f82r.4	2	B2-LB02	8	177|178|179|180|181|182|183|184	4a7a6326ac95a8809302|2d2e37ccb2dacc53ee5a|2cc8bb3c2af19607888f|b5fcea1eaed06b2f2291|b5fcea1eaed06b2f2291|a8f891de626fc00028e9|f0db6d30cd34f4cb2a4d|04a3877f0fc81b7597c9	F050:OPEN > F051:TERMINAL	WITHIN_LOCUS_FIELD_BOUNDARY	WITHIN_LOCUS_FIELD_BOUNDARY	EXEMPLAR_ONLY > EXEMPLAR_ONLY > EXEMPLAR_ONLY > PARAMETER_ASSIGN > PARAMETER_ASSIGN > EXEMPLAR_ONLY > EXEMPLAR_ONLY > EXEMPLAR_ONLY	AMBIGUOUS	2	6	WITHIN_RECORD_TRANSITION	OWNER=B2:O01;ACTIVE_ITEM/PREPARATION=B2:I001;TARGET/STATION=B2:T003;PREVIOUS_ITEM=B2:I002	CARRY/CARRY/INTRODUCE/RESUME	OWNER | ACTIVE_ITEM/PREPARATION | PREVIOUS_ITEM	OWNER:CARRY(B2:O01) -> ACTIVE_ITEM/PREPARATION:CARRY(B2:I001) -> TARGET/STATION:CARRY(B2:T003) -> PREVIOUS_ITEM:CARRY(B2:I002) -> PREVIOUS_ITEM:RESUME(B2:I002;LOCAL_FILLER) -> TARGET/STATION:INTRODUCE(B2:T004;LOCAL_CLOTH) -> TARGET/STATION:INTRODUCE(B2:T005;LOCAL_CONNECTED_RUNS) -> TARGET/STATION:INTRODUCE(B2:T006;LOCAL_BROAD_VESSEL)	OWNER=B2:O01;ACTIVE_ITEM/PREPARATION=B2:I001;TARGET/STATION=B2:T006;PREVIOUS_ITEM=B2:I002	YES	NO	[REGISTER:OWNER=B2:O01] [EXEMPLAR:A001+A003+A009+A011+A021:fahre am zweiten Lauf fort] ; [REGISTER:OWNER=B2:O01] [EXEMPLAR:A006+A011+A021:durch ein Tuch] ; [REGISTER:OWNER=B2:O01] [EXEMPLAR:A011+A021:durch die verbundenen Läufe] ; [FORMAL:STANDARDSLOT_SETZEN;KEINE_WORTBEDEUTUNG] [REGISTER:ACTIVE_ITEM/PREPARATION=B2:I001] [EXEMPLAR:A010+A011+A021:den aktiven Posten nach der örtlichen Vorschrift bemessen] ; [FORMAL:STANDARDSLOT_SETZEN;KEINE_WORTBEDEUTUNG] [REGISTER:ACTIVE_ITEM/PREPARATION=B2:I001] [EXEMPLAR:A010+A011+A021:den aktiven Posten nach der örtlichen Vorschrift bemessen] ; [REGISTER:OWNER=B2:O01] [EXEMPLAR:A011+A021:unter derselben Einstellung] ; [REGISTER:OWNER=B2:O01] [EXEMPLAR:A002+A011+A021:das breite Gefäß] ; [REGISTER:OWNER=B2:O01] [EXEMPLAR:A011+A021:ziehe es ab und beende den Schritt]	LOCAL_EXEMPLAR[Vorratscharge bereitstellen;keine Kartenbedeutung] ; LOCAL_EXEMPLAR[Zuführung öffnen;keine Kartenbedeutung] ; LOCAL_EXEMPLAR[Wasser in das Becken einlassen;keine Kartenbedeutung] ; STANDARDSLOT_SETZEN=FORMAL_OPAQUE_SLOT_OPERATION ; LOCAL_ARGUMENT[Mengenbuch=B2:F050:M] ; STANDARDSLOT_SETZEN=FORMAL_OPAQUE_SLOT_OPERATION ; LOCAL_ARGUMENT[Mengenbuch=B2:F051:M] ; LOCAL_EXEMPLAR[Zuführung öffnen;keine Kartenbedeutung] ; LOCAL_EXEMPLAR[Wasser in das Becken einlassen;keine Kartenbedeutung] ; LOCAL_EXEMPLAR[Füllstand am Randzeichen prüfen;keine Kartenbedeutung]	NONE;DUAL_UNRESOLVED	NO	PASS_EXACT_OPAQUE_ID_SEQUENCE	SEGMENTATION=RESUME_ACTIVE_ITEM: der doppelte Postenbeginn kann absichtliche Wiederaufnahme statt echter Satzfortsetzung sein.; NONMEDICAL=Einzelbecken füllen [Ganzfeldexemplar B2, Feld 6/26] || Einzelbecken füllen [Ganzfeldexemplar B2, Feld 7/26]	REGISTER_IDS_RECORD_LOCAL;LINE_RESET_NOT_SENTENCE;DUAL_LOCAL_EXEMPLAR_ONLY
B2-S006	B2	f82r	6	F052	f82r.4	1	NONE	4	185|186|187|188	5d5e0b288cf36864ed9d|308e8ea2d5d190c498e8|c1913ec4ff84148da6d3|276a7c2d74d1143446f4	F052:OPEN	WITHIN_LOCUS_FIELD_BOUNDARY	START_NEW_CLAUSE	EXEMPLAR_ONLY > TARGET_ASSIGN > EXEMPLAR_ONLY > ACTION_APPLY	AMBIGUOUS	2	2	WITHIN_RECORD_TRANSITION	OWNER=B2:O01;ACTIVE_ITEM/PREPARATION=B2:I001;TARGET/STATION=B2:T006;PREVIOUS_ITEM=B2:I002	CARRY/CARRY/INTRODUCE/CARRY	OWNER | ACTIVE_ITEM/PREPARATION | TARGET/STATION	OWNER:CARRY(B2:O01) -> ACTIVE_ITEM/PREPARATION:CARRY(B2:I001) -> TARGET/STATION:CARRY(B2:T006) -> PREVIOUS_ITEM:CARRY(B2:I002) -> TARGET/STATION:INTRODUCE(B2:T007;LOCAL_MARKED_TARGET)	OWNER=B2:O01;ACTIVE_ITEM/PREPARATION=B2:I001;TARGET/STATION=B2:T007;PREVIOUS_ITEM=B2:I002	YES	NO	[REGISTER:OWNER=B2:O01] [EXEMPLAR:A001+A005+A007+A011+A012+A015+A021:der vorbereitete Bade- oder Waschzusatz] ; [FORMAL:LOKALEN_RELATIONSSLOT_SETZEN;KEINE_WORTBEDEUTUNG] [REGISTER:OWNER=B2:O01;TARGET/STATION=B2:T007] [EXEMPLAR:A003+A010+A011+A013+A014+A021:den aktiven Posten an der örtlich bezeichneten Station führen] ; [REGISTER:OWNER=B2:O01] [EXEMPLAR:A004+A011+A014+A021:über der örtlich bezeichneten Stelle] ; [CARD:ANWENDEN?] [REGISTER:ACTIVE_ITEM/PREPARATION=B2:I001;TARGET/STATION=B2:T007] [EXEMPLAR:A001+A004+A005+A011+A014+A015+A021:die Badeflüssigkeit am bezeichneten Körper- oder Teilbadbereich gebrauchen]	LOCAL_EXEMPLAR[Arbeitsziel an der Station bereitstellen;keine Kartenbedeutung] ; LOKALEN_RELATIONSSLOT_SETZEN=FORMAL_OPAQUE_SLOT_OPERATION ; LOCAL_ARGUMENT[Zieladresse=Teilbecken B mit Zugängen Z1-Z3, Wärmestelle W2, Filter F2 und Auslass A2] ; LOCAL_EXEMPLAR[Durchgang beobachten;keine Kartenbedeutung] ; ANWENDEN?=aktive Charge am gesetzten Arbeitsziel einsetzen ; LOCAL_ARGUMENT[aktive Charge an technischem Stationsziel F052]	NONE;DUAL_UNRESOLVED	NO	PASS_EXACT_OPAQUE_ID_SEQUENCE	SEGMENTATION=Benachbarte Felder könnten eine größere Exemplarklausel bilden.; NONMEDICAL=Fluss bewegen [Ganzfeldexemplar B2, Feld 8/26]	REGISTER_IDS_RECORD_LOCAL;LINE_RESET_NOT_SENTENCE;DUAL_LOCAL_EXEMPLAR_ONLY
B2-S007	B2	f82r	7	F053	f82r.7	1	NONE	1	189	cbb42a4fe68068325d6b	F053:TERMINAL	START_NEW_CLAUSE	WITHIN_LOCUS_FIELD_BOUNDARY	EXEMPLAR_ONLY	UNPARSED	0	1	WITHIN_RECORD_TRANSITION	OWNER=B2:O01;ACTIVE_ITEM/PREPARATION=B2:I001;TARGET/STATION=B2:T007;PREVIOUS_ITEM=B2:I002	CARRY/INTRODUCE/RESET/INTRODUCE	OWNER | ACTIVE_ITEM/PREPARATION	OWNER:CARRY(B2:O01) -> PREVIOUS_ITEM:INTRODUCE_FROM_ACTIVE(B2:I001) -> ACTIVE_ITEM/PREPARATION:INTRODUCE(B2:I003) -> TARGET/STATION:RESET(NEW_OR_PARALLEL_CLAUSE)	OWNER=B2:O01;ACTIVE_ITEM/PREPARATION=B2:I003;TARGET/STATION=UNSET;PREVIOUS_ITEM=B2:I001	YES	NO	[REGISTER:OWNER=B2:O01] [EXEMPLAR:A001+A011+A021:gib sauberes Wasser hinzu und beende den Schritt]	LOCAL_EXEMPLAR[Leitungszweig wählen;keine Kartenbedeutung]	NONE;DUAL_UNRESOLVED	NO	PASS_EXACT_OPAQUE_ID_SEQUENCE	SEGMENTATION=NEXT_PARALLEL_CELL: Anwendung und Nachfüllen können benachbarte eigenständige Workcells sein.; NONMEDICAL=Fluss bewegen [Ganzfeldexemplar B2, Feld 9/26]	REGISTER_IDS_RECORD_LOCAL;LINE_RESET_NOT_SENTENCE;DUAL_LOCAL_EXEMPLAR_ONLY
B2-S008	B2	f82r	8	F054	f82r.7	1	NONE	3	190|191|192	54d0e228ca346110af05|3ae9a121ba0045b913e8|bc4f1f5c006c74a4d26d	F054:TERMINAL	WITHIN_LOCUS_FIELD_BOUNDARY	WITHIN_LOCUS_FIELD_BOUNDARY	EXEMPLAR_ONLY > EXEMPLAR_ONLY > EXEMPLAR_ONLY	UNPARSED	0	3	WITHIN_RECORD_TRANSITION	OWNER=B2:O01;ACTIVE_ITEM/PREPARATION=B2:I003;TARGET/STATION=UNSET;PREVIOUS_ITEM=B2:I001	CARRY/CARRY/INTRODUCE/RESUME	OWNER | ACTIVE_ITEM/PREPARATION | PREVIOUS_ITEM	OWNER:CARRY(B2:O01) -> ACTIVE_ITEM/PREPARATION:CARRY(B2:I003) -> TARGET/STATION:CARRY(UNSET) -> PREVIOUS_ITEM:CARRY(B2:I001) -> PREVIOUS_ITEM:RESUME(B2:I001;LOCAL_FILLER) -> TARGET/STATION:INTRODUCE(B2:T008;LOCAL_MARKED_TARGET)	OWNER=B2:O01;ACTIVE_ITEM/PREPARATION=B2:I003;TARGET/STATION=B2:T008;PREVIOUS_ITEM=B2:I001	YES	NO	[REGISTER:OWNER=B2:O01] [EXEMPLAR:A009+A011+A021:für dieselbe Dauer wie zuvor] ; [REGISTER:OWNER=B2:O01] [EXEMPLAR:A004+A011+A014+A021:über der örtlich bezeichneten Stelle] ; [REGISTER:OWNER=B2:O01] [EXEMPLAR:A011+A012+A021:lasse es bis zur Bereitschaft stehen und beende den Schritt]	LOCAL_EXEMPLAR[Filtertuch oder Sieb einsetzen;keine Kartenbedeutung] ; LOCAL_EXEMPLAR[Charge durch den Filter führen;keine Kartenbedeutung] ; LOCAL_EXEMPLAR[Rückstand vom Filter abnehmen;keine Kartenbedeutung]	NONE;DUAL_UNRESOLVED	NO	PASS_EXACT_OPAQUE_ID_SEQUENCE	SEGMENTATION=Benachbarte Felder könnten eine größere Exemplarklausel bilden.; NONMEDICAL=Fluss bewegen [Ganzfeldexemplar B2, Feld 10/26]	REGISTER_IDS_RECORD_LOCAL;LINE_RESET_NOT_SENTENCE;DUAL_LOCAL_EXEMPLAR_ONLY
B2-S009	B2	f82r	9	F055	f82r.7	1	NONE	1	193	daa1347f456415fe8737	F055:TERMINAL	WITHIN_LOCUS_FIELD_BOUNDARY	WITHIN_LOCUS_FIELD_BOUNDARY	EXEMPLAR_ONLY	UNPARSED	0	1	WITHIN_RECORD_TRANSITION	OWNER=B2:O01;ACTIVE_ITEM/PREPARATION=B2:I003;TARGET/STATION=B2:T008;PREVIOUS_ITEM=B2:I001	CARRY/CARRY/CARRY/CARRY	OWNER | ACTIVE_ITEM/PREPARATION	OWNER:CARRY(B2:O01) -> ACTIVE_ITEM/PREPARATION:CARRY(B2:I003) -> TARGET/STATION:CARRY(B2:T008) -> PREVIOUS_ITEM:CARRY(B2:I001)	OWNER=B2:O01;ACTIVE_ITEM/PREPARATION=B2:I003;TARGET/STATION=B2:T008;PREVIOUS_ITEM=B2:I001	YES	YES	[REGISTER:OWNER=B2:O01] [EXEMPLAR:A008+A011+A021:halte es warm und beende den Schritt]	LOCAL_EXEMPLAR[Arbeitsziel an der Station bereitstellen;keine Kartenbedeutung]	NONE;DUAL_UNRESOLVED	NO	PASS_EXACT_OPAQUE_ID_SEQUENCE	SEGMENTATION=Benachbarte Felder könnten eine größere Exemplarklausel bilden.; NONMEDICAL=Fluss bewegen [Ganzfeldexemplar B2, Feld 11/26]	REGISTER_IDS_RECORD_LOCAL;LINE_RESET_NOT_SENTENCE;DUAL_LOCAL_EXEMPLAR_ONLY
B2-S010	B2	f82r	10	F056	f82r.7	1	NONE	4	194|195|196|197	0275fbf14e07935b0a45|276a7c2d74d1143446f4|5eff216ba51fbfb21f22|b5df9126607030b95175	F056:OPEN	WITHIN_LOCUS_FIELD_BOUNDARY	UNRESOLVED	ACTION_TEMPER > ACTION_APPLY > EXEMPLAR_ONLY > STATE_GATE	AMBIGUOUS	3	1	WITHIN_RECORD_TRANSITION	OWNER=B2:O01;ACTIVE_ITEM/PREPARATION=B2:I003;TARGET/STATION=B2:T008;PREVIOUS_ITEM=B2:I001	CARRY/CARRY/INTRODUCE/CARRY	OWNER | ACTIVE_ITEM/PREPARATION | TARGET/STATION	OWNER:CARRY(B2:O01) -> ACTIVE_ITEM/PREPARATION:CARRY(B2:I003) -> TARGET/STATION:CARRY(B2:T008) -> PREVIOUS_ITEM:CARRY(B2:I001) -> TARGET/STATION:INTRODUCE(B2:T009;LOCAL_FIRST_OPENING)	OWNER=B2:O01;ACTIVE_ITEM/PREPARATION=B2:I003;TARGET/STATION=B2:T009;PREVIOUS_ITEM=B2:I001	YES	NO	[CARD:TEMPERIEREN?] [REGISTER:ACTIVE_ITEM/PREPARATION=B2:I003] [EXEMPLAR:A005+A008+A011+A015+A021:die Charge für den vorgesehenen Gebrauch temperieren] ; [CARD:ANWENDEN?] [REGISTER:ACTIVE_ITEM/PREPARATION=B2:I003;TARGET/STATION=B2:T009] [EXEMPLAR:A001+A004+A005+A011+A014+A015+A021:die Badeflüssigkeit am bezeichneten Körper- oder Teilbadbereich gebrauchen] ; [REGISTER:OWNER=B2:O01] [EXEMPLAR:A003+A009+A011+A014+A021:die erste Öffnung] ; [CARD:KLAR?] [REGISTER:ACTIVE_ITEM/PREPARATION=B2:I003] [EXEMPLAR:A004+A011+A021:den örtlichen Prüfzustand der Charge feststellen]	TEMPERIEREN?=aktive Charge gelinde erwärmen ; LOCAL_ARGUMENT[aktive Charge an der Wärmestelle von Teilbecken B mit Zugängen Z1-Z3, Wärmestelle W2, Filter F2 und Auslass A2] ; ANWENDEN?=aktive Charge am gesetzten Arbeitsziel einsetzen ; LOCAL_ARGUMENT[aktive Charge an technischem Stationsziel F056] ; LOCAL_EXEMPLAR[Wärme mit der Handprobe prüfen;keine Kartenbedeutung] ; KLAR?=Klarzustand der aktiven Charge prüfen ; LOCAL_ARGUMENT[Arbeitsstand der Charge an Teilbecken B mit Zugängen Z1-Z3, Wärmestelle W2, Filter F2 und Auslass A2]	NONE;DUAL_UNRESOLVED	NO	PASS_EXACT_OPAQUE_ID_SEQUENCE	SEGMENTATION=Benachbarte Felder könnten eine größere Exemplarklausel bilden.; NONMEDICAL=Fluss bewegen [Ganzfeldexemplar B2, Feld 12/26]	REGISTER_IDS_RECORD_LOCAL;LINE_RESET_NOT_SENTENCE;DUAL_LOCAL_EXEMPLAR_ONLY
B2-S011	B2	f82r	11	F057	f82r.19	1	NONE	4	198|199|200|201	1645e612504fcef59ced|4d4559019a961b834aa1|1645e612504fcef59ced|7d25241b0e56c836372a	F057:TERMINAL	UNRESOLVED	WITHIN_LOCUS_FIELD_BOUNDARY	EXEMPLAR_ONLY > EXEMPLAR_ONLY > EXEMPLAR_ONLY > EXEMPLAR_ONLY	UNPARSED	0	4	WITHIN_RECORD_TRANSITION	OWNER=B2:O01;ACTIVE_ITEM/PREPARATION=B2:I003;TARGET/STATION=B2:T009;PREVIOUS_ITEM=B2:I001	CARRY/CARRY/CARRY/CARRY	OWNER | ACTIVE_ITEM/PREPARATION	OWNER:CARRY(B2:O01) -> ACTIVE_ITEM/PREPARATION:CARRY(B2:I003) -> TARGET/STATION:CARRY(B2:T009) -> PREVIOUS_ITEM:CARRY(B2:I001)	OWNER=B2:O01;ACTIVE_ITEM/PREPARATION=B2:I003;TARGET/STATION=B2:T009;PREVIOUS_ITEM=B2:I001	YES	NO	[REGISTER:OWNER=B2:O01] [EXEMPLAR:A002+A010+A011+A021:gib einen abgemessenen Anteil in das Gefäß] ; [REGISTER:OWNER=B2:O01] [EXEMPLAR:A007+A011+A021:Daraus, aus demselben Ansatz] ; [REGISTER:OWNER=B2:O01] [EXEMPLAR:A002+A010+A011+A021:gib einen abgemessenen Anteil in das Gefäß] ; [REGISTER:OWNER=B2:O01] [EXEMPLAR:A001+A004+A005+A008+A011+A015+A021:lasse die Badende im temperierten Teilbad sitzen und beende den Schritt]	LOCAL_EXEMPLAR[Charge ruhig stehen lassen;keine Kartenbedeutung] ; LOCAL_EXEMPLAR[klaren Oberlauf abnehmen;keine Kartenbedeutung] ; LOCAL_EXEMPLAR[Bodensatz zurückhalten;keine Kartenbedeutung] ; LOCAL_EXEMPLAR[Klarstand im Register buchen;keine Kartenbedeutung]	NONE;DUAL_UNRESOLVED	NO	PASS_EXACT_OPAQUE_ID_SEQUENCE	SEGMENTATION=CONTINUE_SAME_CLAUSE: die klare Flüssigkeit aus F056 kann unmittelbar in F057 dosiert werden.; NONMEDICAL=Fluss bewegen [Ganzfeldexemplar B2, Feld 13/26]	REGISTER_IDS_RECORD_LOCAL;LINE_RESET_NOT_SENTENCE;DUAL_LOCAL_EXEMPLAR_ONLY
B2-S012	B2	f82r	12	F058|F059	f82r.19|f82r.23	2	B2-LB05	8	202|203|204|205|206|207|208|209	0ab57b7166de99db3a55|b5df9126607030b95175|6b89d6dd70635bc60fe0|0275fbf14e07935b0a45|5fca8fc3dee57e1d8c1f|2f1c5e56e8f0ff459065|b921a237be883a820352|d25110e0d8488927278f	F058:OPEN > F059:TERMINAL	WITHIN_LOCUS_FIELD_BOUNDARY	WITHIN_LOCUS_FIELD_BOUNDARY	EXEMPLAR_ONLY > STATE_GATE > EXEMPLAR_ONLY > ACTION_TEMPER > EXEMPLAR_ONLY > PARAMETER_ASSIGN > EXEMPLAR_ONLY > EXEMPLAR_ONLY	AMBIGUOUS	3	5	WITHIN_RECORD_TRANSITION	OWNER=B2:O01;ACTIVE_ITEM/PREPARATION=B2:I003;TARGET/STATION=B2:T009;PREVIOUS_ITEM=B2:I001	CARRY/CARRY/CARRY/RESUME	OWNER | ACTIVE_ITEM/PREPARATION | PREVIOUS_ITEM	OWNER:CARRY(B2:O01) -> ACTIVE_ITEM/PREPARATION:CARRY(B2:I003) -> TARGET/STATION:CARRY(B2:T009) -> PREVIOUS_ITEM:CARRY(B2:I001) -> PREVIOUS_ITEM:RESUME(B2:I001;LOCAL_FILLER)	OWNER=B2:O01;ACTIVE_ITEM/PREPARATION=B2:I003;TARGET/STATION=B2:T009;PREVIOUS_ITEM=B2:I001	YES	NO	[REGISTER:OWNER=B2:O01] [EXEMPLAR:A001+A011+A012+A021:ziehe die klare Flüssigkeit ab] ; [CARD:KLAR?] [REGISTER:ACTIVE_ITEM/PREPARATION=B2:I003] [EXEMPLAR:A004+A011+A021:den örtlichen Prüfzustand der Charge feststellen] ; [REGISTER:OWNER=B2:O01] [EXEMPLAR:A011+A021:unter derselben Einstellung] ; [CARD:TEMPERIEREN?] [REGISTER:ACTIVE_ITEM/PREPARATION=B2:I003] [EXEMPLAR:A005+A008+A011+A015+A021:die Charge für den vorgesehenen Gebrauch temperieren] ; [REGISTER:OWNER=B2:O01] [EXEMPLAR:A004+A011+A021:der benetzte Körperbereich] ; [CARD:MASS?] [FORMAL:VORGABEPARAMETER?;KEINE_WORTBEDEUTUNG] [REGISTER:ACTIVE_ITEM/PREPARATION=B2:I003] [EXEMPLAR:A010+A011+A021:den aktiven Posten nach der örtlichen Vorschrift bemessen] ; [REGISTER:OWNER=B2:O01] [EXEMPLAR:A010+A011+A021:Diese aktive Portion] ; [REGISTER:OWNER=B2:O01] [EXEMPLAR:A004+A011+A014+A021:benetze den bezeichneten Körperbereich vollständig und beende den Schritt]	LOCAL_EXEMPLAR[Filter lösen;keine Kartenbedeutung] ; KLAR?=Klarzustand der aktiven Charge prüfen ; LOCAL_ARGUMENT[Arbeitsstand der Charge an Teilbecken B mit Zugängen Z1-Z3, Wärmestelle W2, Filter F2 und Auslass A2] ; LOCAL_EXEMPLAR[Charge gelinde erwärmen;keine Kartenbedeutung] ; TEMPERIEREN?=aktive Charge gelinde erwärmen ; LOCAL_ARGUMENT[aktive Charge an der Wärmestelle von Teilbecken B mit Zugängen Z1-Z3, Wärmestelle W2, Filter F2 und Auslass A2] ; LOCAL_EXEMPLAR[warmen Stand halten;keine Kartenbedeutung] ; MASS?=vorgesehenen Mengenwert buchen ; VORGABEPARAMETER?=FORMAL_OPAQUE_SLOT_OPERATION ; LOCAL_ARGUMENT[Mengenbuch=B2:F059:M] ; LOCAL_EXEMPLAR[Charge gelinde erwärmen;keine Kartenbedeutung] ; LOCAL_EXEMPLAR[Wärme mit der Handprobe prüfen;keine Kartenbedeutung]	NONE;DUAL_UNRESOLVED	NO	PASS_EXACT_OPAQUE_ID_SEQUENCE	SEGMENTATION=RESUME_ACTIVE_ITEM: F059 kann eine neue Verwendung der zuvor abgezogenen Flüssigkeit sein.; NONMEDICAL=filtern und ablassen [Ganzfeldexemplar B2, Feld 14/26] || filtern und ablassen [Ganzfeldexemplar B2, Feld 15/26]	REGISTER_IDS_RECORD_LOCAL;LINE_RESET_NOT_SENTENCE;DUAL_LOCAL_EXEMPLAR_ONLY
B2-S013	B2	f82r	13	F060	f82r.23	1	NONE	1	210	de7321bface5628e35d6	F060:TERMINAL	WITHIN_LOCUS_FIELD_BOUNDARY	WITHIN_LOCUS_FIELD_BOUNDARY	TERMINAL_DRAIN	UNIQUE	1	0	WITHIN_RECORD_TRANSITION	OWNER=B2:O01;ACTIVE_ITEM/PREPARATION=B2:I003;TARGET/STATION=B2:T009;PREVIOUS_ITEM=B2:I001	CARRY/CARRY/RESUME/CARRY	OWNER | ACTIVE_ITEM/PREPARATION | TARGET/STATION	OWNER:CARRY(B2:O01) -> ACTIVE_ITEM/PREPARATION:CARRY(B2:I003) -> TARGET/STATION:CARRY(B2:T009) -> PREVIOUS_ITEM:CARRY(B2:I001) -> TARGET/STATION:RESUME(B2:T009;TARGET_SENSITIVE_ACTION)	OWNER=B2:O01;ACTIVE_ITEM/PREPARATION=B2:I003;TARGET/STATION=B2:T009;PREVIOUS_ITEM=B2:I001	YES	YES	[CARD:ABLASSEN?] [REGISTER:ACTIVE_ITEM/PREPARATION=B2:I003;TARGET/STATION=B2:T009] [EXEMPLAR:A001+A002+A003+A011+A013+A021:die verbrauchte Flüssigkeit zum Auffang- oder Auslassbereich abführen]	ABLASSEN?=aktive Charge ablassen und abschließen ; LOCAL_ARGUMENT[Unterlauf von Teilbecken B mit Zugängen Z1-Z3, Wärmestelle W2, Filter F2 und Auslass A2]	NONE;DUAL_UNRESOLVED	NO	PASS_EXACT_OPAQUE_ID_SEQUENCE	SEGMENTATION=Benachbarte Felder könnten eine größere Exemplarklausel bilden.; NONMEDICAL=filtern und ablassen [Ganzfeldexemplar B2, Feld 16/26]	REGISTER_IDS_RECORD_LOCAL;LINE_RESET_NOT_SENTENCE;DUAL_LOCAL_EXEMPLAR_ONLY
B2-S014	B2	f82r	14	F061	f82r.23	1	NONE	1	211	29e0eb222ef2fb99523a	F061:OPEN	WITHIN_LOCUS_FIELD_BOUNDARY	START_NEW_CLAUSE	EXEMPLAR_ONLY	UNPARSED	0	1	WITHIN_RECORD_TRANSITION	OWNER=B2:O01;ACTIVE_ITEM/PREPARATION=B2:I003;TARGET/STATION=B2:T009;PREVIOUS_ITEM=B2:I001	CARRY/CARRY/INTRODUCE/CARRY	OWNER | ACTIVE_ITEM/PREPARATION	OWNER:CARRY(B2:O01) -> ACTIVE_ITEM/PREPARATION:CARRY(B2:I003) -> TARGET/STATION:CARRY(B2:T009) -> PREVIOUS_ITEM:CARRY(B2:I001) -> TARGET/STATION:INTRODUCE(B2:T010;LOCAL_LOWER_OUTLET)	OWNER=B2:O01;ACTIVE_ITEM/PREPARATION=B2:I003;TARGET/STATION=B2:T010;PREVIOUS_ITEM=B2:I001	YES	NO	[REGISTER:OWNER=B2:O01] [EXEMPLAR:A001+A003+A011+A021:schließe den unteren Ablauf]	LOCAL_EXEMPLAR[Rücklaufleitung öffnen;keine Kartenbedeutung]	NONE;DUAL_UNRESOLVED	NO	PASS_EXACT_OPAQUE_ID_SEQUENCE	SEGMENTATION=Benachbarte Felder könnten eine größere Exemplarklausel bilden.; NONMEDICAL=filtern und ablassen [Ganzfeldexemplar B2, Feld 17/26]	REGISTER_IDS_RECORD_LOCAL;LINE_RESET_NOT_SENTENCE;DUAL_LOCAL_EXEMPLAR_ONLY
B2-S015	B2	f82r	15	F062	f82r.26	1	NONE	2	212|213	d4a31dbcf1ed6d9e5aa9|7d25241b0e56c836372a	F062:TERMINAL	START_NEW_CLAUSE	WITHIN_LOCUS_FIELD_BOUNDARY	EXEMPLAR_ONLY > EXEMPLAR_ONLY	UNPARSED	0	2	WITHIN_RECORD_TRANSITION	OWNER=B2:O01;ACTIVE_ITEM/PREPARATION=B2:I003;TARGET/STATION=B2:T010;PREVIOUS_ITEM=B2:I001	CARRY/INTRODUCE/RESET/INTRODUCE	OWNER | ACTIVE_ITEM/PREPARATION	OWNER:CARRY(B2:O01) -> PREVIOUS_ITEM:INTRODUCE_FROM_ACTIVE(B2:I003) -> ACTIVE_ITEM/PREPARATION:INTRODUCE(B2:I004) -> TARGET/STATION:RESET(NEW_OR_PARALLEL_CLAUSE)	OWNER=B2:O01;ACTIVE_ITEM/PREPARATION=B2:I004;TARGET/STATION=UNSET;PREVIOUS_ITEM=B2:I003	YES	NO	[REGISTER:OWNER=B2:O01] [EXEMPLAR:A005+A011+A015+A021:beginne die Spülung] ; [REGISTER:OWNER=B2:O01] [EXEMPLAR:A001+A004+A005+A008+A011+A015+A021:lasse die Badende im temperierten Teilbad sitzen und beende den Schritt]	LOCAL_EXEMPLAR[Filtertuch oder Sieb einsetzen;keine Kartenbedeutung] ; LOCAL_EXEMPLAR[Charge durch den Filter führen;keine Kartenbedeutung]	NONE;DUAL_UNRESOLVED	NO	PASS_EXACT_OPAQUE_ID_SEQUENCE	SEGMENTATION=CONTINUE_SAME_CLAUSE: die Apparaturhandlung kann trotz lokalem Phasenende ein durchgehender Zyklus sein.; NONMEDICAL=filtern und ablassen [Ganzfeldexemplar B2, Feld 18/26]	REGISTER_IDS_RECORD_LOCAL;LINE_RESET_NOT_SENTENCE;DUAL_LOCAL_EXEMPLAR_ONLY
B2-S016	B2	f82r	16	F063|F064	f82r.26|f82r.27	2	B2-LB07	8	214|215|216|217|218|219|220|221	dd0ecaf5e27d81befffc|0f15effeca7ab10bb026|db729b598e89e11452e0|2f1c5e56e8f0ff459065|5d5e0b288cf36864ed9d|b5fcea1eaed06b2f2291|08bd5ca0c2ad137a056d|65df3cd9e59060042d47	F063:OPEN > F064:TERMINAL	WITHIN_LOCUS_FIELD_BOUNDARY	WITHIN_LOCUS_FIELD_BOUNDARY	TARGET_ASSIGN > EXEMPLAR_ONLY > EXEMPLAR_ONLY > PARAMETER_ASSIGN > EXEMPLAR_ONLY > PARAMETER_ASSIGN > EXEMPLAR_ONLY > EXEMPLAR_ONLY	AMBIGUOUS	3	5	WITHIN_RECORD_TRANSITION	OWNER=B2:O01;ACTIVE_ITEM/PREPARATION=B2:I004;TARGET/STATION=UNSET;PREVIOUS_ITEM=B2:I003	CARRY/CARRY/INTRODUCE/CARRY	OWNER | ACTIVE_ITEM/PREPARATION	OWNER:CARRY(B2:O01) -> ACTIVE_ITEM/PREPARATION:CARRY(B2:I004) -> TARGET/STATION:CARRY(UNSET) -> PREVIOUS_ITEM:CARRY(B2:I003) -> TARGET/STATION:INTRODUCE(B2:T011;LOCAL_MARKED_TARGET)	OWNER=B2:O01;ACTIVE_ITEM/PREPARATION=B2:I004;TARGET/STATION=B2:T011;PREVIOUS_ITEM=B2:I003	YES	YES	[CARD:ZIEL?] [REGISTER:OWNER=B2:O01;TARGET/STATION=B2:T011] [EXEMPLAR:A003+A010+A011+A013+A014+A021:den aktiven Posten an der örtlich bezeichneten Station führen] ; [REGISTER:OWNER=B2:O01] [EXEMPLAR:A001+A008+A011+A021:kühles Wasser] ; [REGISTER:OWNER=B2:O01] [EXEMPLAR:A010+A011+A021:zu gleichen Anteilen] ; [CARD:MASS?] [REGISTER:ACTIVE_ITEM/PREPARATION=B2:I004] [EXEMPLAR:A010+A011+A021:den aktiven Posten nach der örtlichen Vorschrift bemessen] ; [REGISTER:OWNER=B2:O01] [EXEMPLAR:A001+A005+A007+A011+A012+A015+A021:der vorbereitete Bade- oder Waschzusatz] ; [FORMAL:STANDARDSLOT_SETZEN;KEINE_WORTBEDEUTUNG] [REGISTER:ACTIVE_ITEM/PREPARATION=B2:I004] [EXEMPLAR:A010+A011+A021:den aktiven Posten nach der örtlichen Vorschrift bemessen] ; [REGISTER:OWNER=B2:O01] [EXEMPLAR:A001+A008+A011+A021:warmes Wasser] ; [REGISTER:OWNER=B2:O01] [EXEMPLAR:A011+A021:ziehe es ab und beende den Schritt]	ZIEL?=Arbeitsziel setzen oder bestätigen ; LOCAL_ARGUMENT[Zieladresse=Teilbecken B mit Zugängen Z1-Z3, Wärmestelle W2, Filter F2 und Auslass A2] ; LOCAL_EXEMPLAR[Zuführung öffnen;keine Kartenbedeutung] ; LOCAL_EXEMPLAR[Wasser in das Becken einlassen;keine Kartenbedeutung] ; MASS?=vorgesehenen Mengenwert buchen ; LOCAL_ARGUMENT[Mengenbuch=B2:F063:M] ; LOCAL_EXEMPLAR[Vorratscharge bereitstellen;keine Kartenbedeutung] ; STANDARDSLOT_SETZEN=FORMAL_OPAQUE_SLOT_OPERATION ; LOCAL_ARGUMENT[Mengenbuch=B2:F063:M] ; LOCAL_EXEMPLAR[Wasser in das Becken einlassen;keine Kartenbedeutung] ; LOCAL_EXEMPLAR[Leitungszweig wählen;keine Kartenbedeutung]	NONE;DUAL_UNRESOLVED	NO	PASS_EXACT_OPAQUE_ID_SEQUENCE	SEGMENTATION=NEXT_PARALLEL_CELL: F064 kann die erste von sieben unabhängigen Schlussvarianten sein.; NONMEDICAL=filtern und ablassen [Ganzfeldexemplar B2, Feld 19/26] || filtern und ablassen [Ganzfeldexemplar B2, Feld 20/26]	REGISTER_IDS_RECORD_LOCAL;LINE_RESET_NOT_SENTENCE;DUAL_LOCAL_EXEMPLAR_ONLY
B2-S017	B2	f82r	17	F065	f82r.27	1	NONE	2	222|223	98bdc4244c84cbef3321|78b3b3140714da19090d	F065:TERMINAL	WITHIN_LOCUS_FIELD_BOUNDARY	WITHIN_LOCUS_FIELD_BOUNDARY	EXEMPLAR_ONLY > EXEMPLAR_ONLY	UNPARSED	0	2	WITHIN_RECORD_TRANSITION	OWNER=B2:O01;ACTIVE_ITEM/PREPARATION=B2:I004;TARGET/STATION=B2:T011;PREVIOUS_ITEM=B2:I003	CARRY/CARRY/INTRODUCE/CARRY	OWNER | ACTIVE_ITEM/PREPARATION	OWNER:CARRY(B2:O01) -> ACTIVE_ITEM/PREPARATION:CARRY(B2:I004) -> TARGET/STATION:CARRY(B2:T011) -> PREVIOUS_ITEM:CARRY(B2:I003) -> TARGET/STATION:INTRODUCE(B2:T012;LOCAL_SECOND_OPENING)	OWNER=B2:O01;ACTIVE_ITEM/PREPARATION=B2:I004;TARGET/STATION=B2:T012;PREVIOUS_ITEM=B2:I003	YES	NO	[REGISTER:OWNER=B2:O01] [EXEMPLAR:A001+A008+A011+A021:gieße das erwärmte Wasser ein] ; [REGISTER:OWNER=B2:O01] [EXEMPLAR:A003+A009+A011+A014+A021:wiederhole es an der zweiten Öffnung und beende den Schritt]	LOCAL_EXEMPLAR[Filtertuch oder Sieb einsetzen;keine Kartenbedeutung] ; LOCAL_EXEMPLAR[Charge durch den Filter führen;keine Kartenbedeutung]	NONE;DUAL_UNRESOLVED	NO	PASS_EXACT_OPAQUE_ID_SEQUENCE	SEGMENTATION=Benachbarte Felder könnten eine größere Exemplarklausel bilden.; NONMEDICAL=nachfüllen und übergeben [Ganzfeldexemplar B2, Feld 21/26]	REGISTER_IDS_RECORD_LOCAL;LINE_RESET_NOT_SENTENCE;DUAL_LOCAL_EXEMPLAR_ONLY
B2-S018	B2	f82r	18	F066	f82r.27	1	NONE	1	224	7d25241b0e56c836372a	F066:TERMINAL	WITHIN_LOCUS_FIELD_BOUNDARY	WITHIN_LOCUS_FIELD_BOUNDARY	EXEMPLAR_ONLY	UNPARSED	0	1	WITHIN_RECORD_TRANSITION	OWNER=B2:O01;ACTIVE_ITEM/PREPARATION=B2:I004;TARGET/STATION=B2:T012;PREVIOUS_ITEM=B2:I003	CARRY/CARRY/CARRY/CARRY	OWNER | ACTIVE_ITEM/PREPARATION	OWNER:CARRY(B2:O01) -> ACTIVE_ITEM/PREPARATION:CARRY(B2:I004) -> TARGET/STATION:CARRY(B2:T012) -> PREVIOUS_ITEM:CARRY(B2:I003)	OWNER=B2:O01;ACTIVE_ITEM/PREPARATION=B2:I004;TARGET/STATION=B2:T012;PREVIOUS_ITEM=B2:I003	YES	YES	[REGISTER:OWNER=B2:O01] [EXEMPLAR:A001+A004+A005+A008+A011+A015+A021:lasse die Badende im temperierten Teilbad sitzen und beende den Schritt]	LOCAL_EXEMPLAR[Filter lösen;keine Kartenbedeutung]	NONE;DUAL_UNRESOLVED	NO	PASS_EXACT_OPAQUE_ID_SEQUENCE	SEGMENTATION=Benachbarte Felder könnten eine größere Exemplarklausel bilden.; NONMEDICAL=nachfüllen und übergeben [Ganzfeldexemplar B2, Feld 22/26]	REGISTER_IDS_RECORD_LOCAL;LINE_RESET_NOT_SENTENCE;DUAL_LOCAL_EXEMPLAR_ONLY
B2-S019	B2	f82r	19	F067	f82r.27	1	NONE	1	225	7f68f60279efe6b28cd7	F067:TERMINAL	WITHIN_LOCUS_FIELD_BOUNDARY	WITHIN_LOCUS_FIELD_BOUNDARY	EXEMPLAR_ONLY	UNPARSED	0	1	WITHIN_RECORD_TRANSITION	OWNER=B2:O01;ACTIVE_ITEM/PREPARATION=B2:I004;TARGET/STATION=B2:T012;PREVIOUS_ITEM=B2:I003	CARRY/CARRY/CARRY/CARRY	OWNER | ACTIVE_ITEM/PREPARATION	OWNER:CARRY(B2:O01) -> ACTIVE_ITEM/PREPARATION:CARRY(B2:I004) -> TARGET/STATION:CARRY(B2:T012) -> PREVIOUS_ITEM:CARRY(B2:I003)	OWNER=B2:O01;ACTIVE_ITEM/PREPARATION=B2:I004;TARGET/STATION=B2:T012;PREVIOUS_ITEM=B2:I003	YES	YES	[REGISTER:OWNER=B2:O01] [EXEMPLAR:A001+A005+A010+A011+A015+A021:verwende den Anteil als örtliche Waschung und beende den Schritt]	LOCAL_EXEMPLAR[Rücklaufleitung öffnen;keine Kartenbedeutung]	NONE;DUAL_UNRESOLVED	NO	PASS_EXACT_OPAQUE_ID_SEQUENCE	SEGMENTATION=Benachbarte Felder könnten eine größere Exemplarklausel bilden.; NONMEDICAL=nachfüllen und übergeben [Ganzfeldexemplar B2, Feld 23/26]	REGISTER_IDS_RECORD_LOCAL;LINE_RESET_NOT_SENTENCE;DUAL_LOCAL_EXEMPLAR_ONLY
B2-S020	B2	f82r	20	F068	f82r.27	1	NONE	1	226	ff178343c18e287ce3b7	F068:TERMINAL	WITHIN_LOCUS_FIELD_BOUNDARY	WITHIN_LOCUS_FIELD_BOUNDARY	EXEMPLAR_ONLY	UNPARSED	0	1	WITHIN_RECORD_TRANSITION	OWNER=B2:O01;ACTIVE_ITEM/PREPARATION=B2:I004;TARGET/STATION=B2:T012;PREVIOUS_ITEM=B2:I003	CARRY/CARRY/CARRY/CARRY	OWNER | ACTIVE_ITEM/PREPARATION	OWNER:CARRY(B2:O01) -> ACTIVE_ITEM/PREPARATION:CARRY(B2:I004) -> TARGET/STATION:CARRY(B2:T012) -> PREVIOUS_ITEM:CARRY(B2:I003)	OWNER=B2:O01;ACTIVE_ITEM/PREPARATION=B2:I004;TARGET/STATION=B2:T012;PREVIOUS_ITEM=B2:I003	YES	YES	[REGISTER:OWNER=B2:O01] [EXEMPLAR:A004+A006+A008+A011+A014+A021:lege ein warmes Tuch auf die bezeichnete äußere Stelle und beende den Schritt]	LOCAL_EXEMPLAR[Spülwasser zuführen;keine Kartenbedeutung]	NONE;DUAL_UNRESOLVED	NO	PASS_EXACT_OPAQUE_ID_SEQUENCE	SEGMENTATION=Benachbarte Felder könnten eine größere Exemplarklausel bilden.; NONMEDICAL=nachfüllen und übergeben [Ganzfeldexemplar B2, Feld 24/26]	REGISTER_IDS_RECORD_LOCAL;LINE_RESET_NOT_SENTENCE;DUAL_LOCAL_EXEMPLAR_ONLY
B2-S021	B2	f82r	21	F069	f82r.27	1	NONE	1	227	7d25241b0e56c836372a	F069:TERMINAL	WITHIN_LOCUS_FIELD_BOUNDARY	WITHIN_LOCUS_FIELD_BOUNDARY	EXEMPLAR_ONLY	UNPARSED	0	1	WITHIN_RECORD_TRANSITION	OWNER=B2:O01;ACTIVE_ITEM/PREPARATION=B2:I004;TARGET/STATION=B2:T012;PREVIOUS_ITEM=B2:I003	CARRY/CARRY/CARRY/CARRY	OWNER | ACTIVE_ITEM/PREPARATION	OWNER:CARRY(B2:O01) -> ACTIVE_ITEM/PREPARATION:CARRY(B2:I004) -> TARGET/STATION:CARRY(B2:T012) -> PREVIOUS_ITEM:CARRY(B2:I003)	OWNER=B2:O01;ACTIVE_ITEM/PREPARATION=B2:I004;TARGET/STATION=B2:T012;PREVIOUS_ITEM=B2:I003	YES	YES	[REGISTER:OWNER=B2:O01] [EXEMPLAR:A001+A004+A005+A008+A011+A015+A021:lasse die Badende im temperierten Teilbad sitzen und beende den Schritt]	LOCAL_EXEMPLAR[unteren Ablauf öffnen;keine Kartenbedeutung]	NONE;DUAL_UNRESOLVED	NO	PASS_EXACT_OPAQUE_ID_SEQUENCE	SEGMENTATION=Benachbarte Felder könnten eine größere Exemplarklausel bilden.; NONMEDICAL=nachfüllen und übergeben [Ganzfeldexemplar B2, Feld 25/26]	REGISTER_IDS_RECORD_LOCAL;LINE_RESET_NOT_SENTENCE;DUAL_LOCAL_EXEMPLAR_ONLY
B2-S022	B2	f82r	22	F070	f82r.27	1	NONE	1	228	f2af6326898fb5b490a4	F070:TERMINAL	WITHIN_LOCUS_FIELD_BOUNDARY	RECORD_END	EXEMPLAR_ONLY	UNPARSED	0	1	WITHIN_RECORD_TRANSITION	OWNER=B2:O01;ACTIVE_ITEM/PREPARATION=B2:I004;TARGET/STATION=B2:T012;PREVIOUS_ITEM=B2:I003	CARRY/CARRY/CARRY/CARRY	OWNER | ACTIVE_ITEM/PREPARATION	OWNER:CARRY(B2:O01) -> ACTIVE_ITEM/PREPARATION:CARRY(B2:I004) -> TARGET/STATION:CARRY(B2:T012) -> PREVIOUS_ITEM:CARRY(B2:I003)	OWNER=B2:O01;ACTIVE_ITEM/PREPARATION=B2:I004;TARGET/STATION=B2:T012;PREVIOUS_ITEM=B2:I003	YES	YES	[REGISTER:OWNER=B2:O01] [EXEMPLAR:A010+A011+A013+A021:mische zu gleichen Teilen und beende den Schritt]	LOCAL_EXEMPLAR[fertige Charge markieren;keine Kartenbedeutung]	NONE;DUAL_UNRESOLVED	NO	PASS_EXACT_OPAQUE_ID_SEQUENCE	SEGMENTATION=Benachbarte Felder könnten eine größere Exemplarklausel bilden.; NONMEDICAL=nachfüllen und übergeben [Ganzfeldexemplar B2, Feld 26/26]	REGISTER_IDS_RECORD_LOCAL;LINE_RESET_NOT_SENTENCE;DUAL_LOCAL_EXEMPLAR_ONLY
B3-S001	B3	f83r	1	F071	f83r.3	1	NONE	1	229	3b70942557b3a40e8030	F071:TERMINAL	RECORD_START	WITHIN_LOCUS_FIELD_BOUNDARY	EXEMPLAR_ONLY	UNPARSED	0	1	PASS_RESET_AT_RECORD_START	OWNER=UNSET;ACTIVE_ITEM/PREPARATION=UNSET;TARGET/STATION=UNSET;PREVIOUS_ITEM=UNSET	INTRODUCE/INTRODUCE/RESET/RESET	ACTIVE_ITEM/PREPARATION	OWNER:INTRODUCE(B3:O01) -> ACTIVE_ITEM/PREPARATION:INTRODUCE(B3:I001) -> TARGET/STATION:RESET -> PREVIOUS_ITEM:RESET	OWNER=B3:O01;ACTIVE_ITEM/PREPARATION=B3:I001;TARGET/STATION=UNSET;PREVIOUS_ITEM=UNSET	YES	YES	[REGISTER:OWNER=B3:O01] [EXEMPLAR:A001+A011+A022:lasse die Flüssigkeit sich setzen und beende den Schritt]	LOCAL_EXEMPLAR[Beckenrand und Fugen sichten;keine Kartenbedeutung]	NONE;DUAL_UNRESOLVED	NO	PASS_EXACT_OPAQUE_ID_SEQUENCE	SEGMENTATION=Ein erstes Feld kann Überschrift oder Rubrik statt Klausel sein.; NONMEDICAL=Mehrbeckenlauf ansetzen [Ganzfeldexemplar B3, Feld 1/38]	REGISTER_IDS_RECORD_LOCAL;LINE_RESET_NOT_SENTENCE;DUAL_LOCAL_EXEMPLAR_ONLY
B3-S002	B3	f83r	2	F072	f83r.3	1	NONE	2	230|231	90bcf0a9ec0ef56399e6|a84fbe3ad380df345b97	F072:TERMINAL	WITHIN_LOCUS_FIELD_BOUNDARY	WITHIN_LOCUS_FIELD_BOUNDARY	EXEMPLAR_ONLY > EXEMPLAR_ONLY	UNPARSED	0	2	WITHIN_RECORD_TRANSITION	OWNER=B3:O01;ACTIVE_ITEM/PREPARATION=B3:I001;TARGET/STATION=UNSET;PREVIOUS_ITEM=UNSET	CARRY/CARRY/INTRODUCE/CARRY	OWNER | ACTIVE_ITEM/PREPARATION	OWNER:CARRY(B3:O01) -> ACTIVE_ITEM/PREPARATION:CARRY(B3:I001) -> TARGET/STATION:CARRY(UNSET) -> PREVIOUS_ITEM:CARRY(UNSET) -> TARGET/STATION:INTRODUCE(B3:T001;LOCAL_LOWER_OUTLET)	OWNER=B3:O01;ACTIVE_ITEM/PREPARATION=B3:I001;TARGET/STATION=B3:T001;PREVIOUS_ITEM=UNSET	YES	YES	[REGISTER:OWNER=B3:O01] [EXEMPLAR:A001+A003+A011+A022:zum unteren Ablauf hin] ; [REGISTER:OWNER=B3:O01] [EXEMPLAR:A011+A014+A022:benetze den bezeichneten Bereich vollständig und beende den Schritt]	LOCAL_EXEMPLAR[Charge ruhig stehen lassen;keine Kartenbedeutung] ; LOCAL_EXEMPLAR[klaren Oberlauf abnehmen;keine Kartenbedeutung]	NONE;DUAL_UNRESOLVED	NO	PASS_EXACT_OPAQUE_ID_SEQUENCE	SEGMENTATION=Benachbarte Felder könnten eine größere Exemplarklausel bilden.; NONMEDICAL=Mehrbeckenlauf ansetzen [Ganzfeldexemplar B3, Feld 2/38]	REGISTER_IDS_RECORD_LOCAL;LINE_RESET_NOT_SENTENCE;DUAL_LOCAL_EXEMPLAR_ONLY
B3-S003	B3	f83r	3	F073	f83r.3	1	NONE	4	232|233|234|235	b921a237be883a820352|2f1c5e56e8f0ff459065|b921a237be883a820352|de7321bface5628e35d6	F073:TERMINAL	WITHIN_LOCUS_FIELD_BOUNDARY	WITHIN_LOCUS_FIELD_BOUNDARY	EXEMPLAR_ONLY > PARAMETER_ASSIGN > EXEMPLAR_ONLY > TERMINAL_DRAIN	AMBIGUOUS	2	2	WITHIN_RECORD_TRANSITION	OWNER=B3:O01;ACTIVE_ITEM/PREPARATION=B3:I001;TARGET/STATION=B3:T001;PREVIOUS_ITEM=UNSET	CARRY/CARRY/RESUME/CARRY	OWNER | ACTIVE_ITEM/PREPARATION | TARGET/STATION	OWNER:CARRY(B3:O01) -> ACTIVE_ITEM/PREPARATION:CARRY(B3:I001) -> TARGET/STATION:CARRY(B3:T001) -> PREVIOUS_ITEM:CARRY(UNSET) -> TARGET/STATION:RESUME(B3:T001;TARGET_SENSITIVE_ACTION)	OWNER=B3:O01;ACTIVE_ITEM/PREPARATION=B3:I001;TARGET/STATION=B3:T001;PREVIOUS_ITEM=UNSET	YES	YES	[REGISTER:OWNER=B3:O01] [EXEMPLAR:A010+A011+A022:Diese aktive Portion] ; [CARD:MASS?] [FORMAL:VORGABEPARAMETER?;KEINE_WORTBEDEUTUNG] [REGISTER:ACTIVE_ITEM/PREPARATION=B3:I001] [EXEMPLAR:A010+A011+A022:den aktiven Posten nach der örtlichen Vorschrift bemessen] ; [REGISTER:OWNER=B3:O01] [EXEMPLAR:A010+A011+A022:Diese aktive Portion] ; [CARD:ABLASSEN?] [REGISTER:ACTIVE_ITEM/PREPARATION=B3:I001;TARGET/STATION=B3:T001] [EXEMPLAR:A001+A002+A003+A011+A013+A022:die verbrauchte Flüssigkeit zum Auffang- oder Auslassbereich abführen]	LOCAL_EXEMPLAR[unteren Ablauf öffnen;keine Kartenbedeutung] ; MASS?=vorgesehenen Mengenwert buchen ; VORGABEPARAMETER?=FORMAL_OPAQUE_SLOT_OPERATION ; LOCAL_ARGUMENT[Mengenbuch=B3:F073:M] ; LOCAL_EXEMPLAR[Restlauf am Auslass beobachten;keine Kartenbedeutung] ; ABLASSEN?=aktive Charge ablassen und abschließen ; LOCAL_ARGUMENT[Unterlauf von Hauptbecken C mit Vorwärmer W3, Leitungen L1-L4, Filter F3, Unterlauf U3 und Rücklauf R3]	NONE;DUAL_UNRESOLVED	NO	PASS_EXACT_OPAQUE_ID_SEQUENCE	SEGMENTATION=Benachbarte Felder könnten eine größere Exemplarklausel bilden.; NONMEDICAL=Mehrbeckenlauf ansetzen [Ganzfeldexemplar B3, Feld 3/38]	REGISTER_IDS_RECORD_LOCAL;LINE_RESET_NOT_SENTENCE;DUAL_LOCAL_EXEMPLAR_ONLY
B3-S004	B3	f83r	4	F074	f83r.3	1	NONE	3	236|237|238	b5fcea1eaed06b2f2291|90bcf0a9ec0ef56399e6|4d4559019a961b834aa1	F074:OPEN	WITHIN_LOCUS_FIELD_BOUNDARY	RESUME_ACTIVE_ITEM	PARAMETER_ASSIGN > EXEMPLAR_ONLY > EXEMPLAR_ONLY	AMBIGUOUS	1	2	WITHIN_RECORD_TRANSITION	OWNER=B3:O01;ACTIVE_ITEM/PREPARATION=B3:I001;TARGET/STATION=B3:T001;PREVIOUS_ITEM=UNSET	CARRY/CARRY/INTRODUCE/CARRY	OWNER | ACTIVE_ITEM/PREPARATION	OWNER:CARRY(B3:O01) -> ACTIVE_ITEM/PREPARATION:CARRY(B3:I001) -> TARGET/STATION:CARRY(B3:T001) -> PREVIOUS_ITEM:CARRY(UNSET) -> TARGET/STATION:INTRODUCE(B3:T002;LOCAL_LOWER_OUTLET)	OWNER=B3:O01;ACTIVE_ITEM/PREPARATION=B3:I001;TARGET/STATION=B3:T002;PREVIOUS_ITEM=UNSET	YES	NO	[FORMAL:STANDARDSLOT_SETZEN;KEINE_WORTBEDEUTUNG] [REGISTER:ACTIVE_ITEM/PREPARATION=B3:I001] [EXEMPLAR:A010+A011+A022:den aktiven Posten nach der örtlichen Vorschrift bemessen] ; [REGISTER:OWNER=B3:O01] [EXEMPLAR:A001+A003+A011+A022:zum unteren Ablauf hin] ; [REGISTER:OWNER=B3:O01] [EXEMPLAR:A007+A011+A022:Daraus, aus demselben Ansatz]	STANDARDSLOT_SETZEN=FORMAL_OPAQUE_SLOT_OPERATION ; LOCAL_ARGUMENT[Mengenbuch=B3:F074:M] ; LOCAL_EXEMPLAR[Zuführung öffnen;keine Kartenbedeutung] ; LOCAL_EXEMPLAR[Wasser in das Becken einlassen;keine Kartenbedeutung]	NONE;DUAL_UNRESOLVED	NO	PASS_EXACT_OPAQUE_ID_SEQUENCE	SEGMENTATION=Benachbarte Felder könnten eine größere Exemplarklausel bilden.; NONMEDICAL=Mehrbeckenlauf ansetzen [Ganzfeldexemplar B3, Feld 4/38]	REGISTER_IDS_RECORD_LOCAL;LINE_RESET_NOT_SENTENCE;DUAL_LOCAL_EXEMPLAR_ONLY
B3-S005	B3	f83r	5	F075	f83r.6	1	NONE	1	239	259b2b3b0bf859882e2c	F075:TERMINAL	RESUME_ACTIVE_ITEM	WITHIN_LOCUS_FIELD_BOUNDARY	EXEMPLAR_ONLY	UNPARSED	0	1	WITHIN_RECORD_TRANSITION	OWNER=B3:O01;ACTIVE_ITEM/PREPARATION=B3:I001;TARGET/STATION=B3:T002;PREVIOUS_ITEM=UNSET	CARRY/RESUME/INTRODUCE/CARRY	OWNER | ACTIVE_ITEM/PREPARATION	OWNER:CARRY(B3:O01) -> ACTIVE_ITEM/PREPARATION:RESUME(B3:I001) -> TARGET/STATION:CARRY(B3:T002) -> PREVIOUS_ITEM:CARRY(UNSET) -> TARGET/STATION:INTRODUCE(B3:T003;LOCAL_VESSEL_OR_RUN)	OWNER=B3:O01;ACTIVE_ITEM/PREPARATION=B3:I001;TARGET/STATION=B3:T003;PREVIOUS_ITEM=UNSET	YES	NO	[REGISTER:OWNER=B3:O01] [EXEMPLAR:A001+A002+A003+A005+A009+A011+A015+A022:spüle das benutzte Gefäß oder den Lauf einmal aus und beende den Schritt]	LOCAL_EXEMPLAR[Vorratscharge bereitstellen;keine Kartenbedeutung]	NONE;DUAL_UNRESOLVED	NO	PASS_EXACT_OPAQUE_ID_SEQUENCE	SEGMENTATION=CONTINUE_SAME_CLAUSE: Reinigung kann der direkte nächste Bestandteil des begonnenen Postens sein.; NONMEDICAL=Mehrbeckenlauf ansetzen [Ganzfeldexemplar B3, Feld 5/38]	REGISTER_IDS_RECORD_LOCAL;LINE_RESET_NOT_SENTENCE;DUAL_LOCAL_EXEMPLAR_ONLY
B3-S006	B3	f83r	6	F076	f83r.6	1	NONE	3	240|241|242	5e8441397e7c0faf042b|308e8ea2d5d190c498e8|28ffbc88b97772a75f1e	F076:TERMINAL	WITHIN_LOCUS_FIELD_BOUNDARY	WITHIN_LOCUS_FIELD_BOUNDARY	EXEMPLAR_ONLY > TARGET_ASSIGN > EXEMPLAR_ONLY	AMBIGUOUS	1	2	WITHIN_RECORD_TRANSITION	OWNER=B3:O01;ACTIVE_ITEM/PREPARATION=B3:I001;TARGET/STATION=B3:T003;PREVIOUS_ITEM=UNSET	CARRY/CARRY/INTRODUCE/INTRODUCE	OWNER | ACTIVE_ITEM/PREPARATION	OWNER:CARRY(B3:O01) -> ACTIVE_ITEM/PREPARATION:CARRY(B3:I001) -> TARGET/STATION:CARRY(B3:T003) -> PREVIOUS_ITEM:CARRY(UNSET) -> PREVIOUS_ITEM:INTRODUCE_DERIVED(B3:I002;LOCAL_TWO_SHARES) -> TARGET/STATION:INTRODUCE(B3:T004;LOCAL_COVERED_CATCH_VESSEL)	OWNER=B3:O01;ACTIVE_ITEM/PREPARATION=B3:I001;TARGET/STATION=B3:T004;PREVIOUS_ITEM=B3:I002	YES	NO	[REGISTER:OWNER=B3:O01] [EXEMPLAR:A001+A008+A011+A022:gieße das erwärmte Wasser ein] ; [FORMAL:LOKALEN_RELATIONSSLOT_SETZEN;KEINE_WORTBEDEUTUNG] [REGISTER:OWNER=B3:O01;TARGET/STATION=B3:T004] [EXEMPLAR:A003+A010+A011+A013+A014+A022:den aktiven Posten an der örtlich bezeichneten Station führen] ; [REGISTER:OWNER=B3:O01] [EXEMPLAR:A002+A004+A011+A013+A022:stelle die Mischung im bedeckten Auffanggefäß beiseite und beende den Schritt]	LOCAL_EXEMPLAR[Leitungszweig wählen;keine Kartenbedeutung] ; LOKALEN_RELATIONSSLOT_SETZEN=FORMAL_OPAQUE_SLOT_OPERATION ; LOCAL_ARGUMENT[Zieladresse=Hauptbecken C mit Vorwärmer W3, Leitungen L1-L4, Filter F3, Unterlauf U3 und Rücklauf R3] ; LOCAL_EXEMPLAR[Fluss zur Zielstation führen;keine Kartenbedeutung]	NONE;DUAL_UNRESOLVED	NO	PASS_EXACT_OPAQUE_ID_SEQUENCE	SEGMENTATION=Benachbarte Felder könnten eine größere Exemplarklausel bilden.; NONMEDICAL=Mehrbeckenlauf ansetzen [Ganzfeldexemplar B3, Feld 6/38]	REGISTER_IDS_RECORD_LOCAL;LINE_RESET_NOT_SENTENCE;DUAL_LOCAL_EXEMPLAR_ONLY
B3-S007	B3	f83r	7	F077	f83r.6	1	NONE	3	243|244|245	b5fcea1eaed06b2f2291|6f7ff8287eddf4da9fdb|7d25241b0e56c836372a	F077:TERMINAL	WITHIN_LOCUS_FIELD_BOUNDARY	WITHIN_LOCUS_FIELD_BOUNDARY	PARAMETER_ASSIGN > EXEMPLAR_ONLY > EXEMPLAR_ONLY	AMBIGUOUS	1	2	WITHIN_RECORD_TRANSITION	OWNER=B3:O01;ACTIVE_ITEM/PREPARATION=B3:I001;TARGET/STATION=B3:T004;PREVIOUS_ITEM=B3:I002	CARRY/CARRY/CARRY/CARRY	OWNER | ACTIVE_ITEM/PREPARATION	OWNER:CARRY(B3:O01) -> ACTIVE_ITEM/PREPARATION:CARRY(B3:I001) -> TARGET/STATION:CARRY(B3:T004) -> PREVIOUS_ITEM:CARRY(B3:I002)	OWNER=B3:O01;ACTIVE_ITEM/PREPARATION=B3:I001;TARGET/STATION=B3:T004;PREVIOUS_ITEM=B3:I002	YES	YES	[FORMAL:STANDARDSLOT_SETZEN;KEINE_WORTBEDEUTUNG] [REGISTER:ACTIVE_ITEM/PREPARATION=B3:I001] [EXEMPLAR:A010+A011+A022:den aktiven Posten nach der örtlichen Vorschrift bemessen] ; [REGISTER:OWNER=B3:O01] [EXEMPLAR:A010+A011+A013+A022:rühre, bis alles gleichmäßig vermischt ist] ; [REGISTER:OWNER=B3:O01] [EXEMPLAR:A001+A002+A004+A005+A011+A014+A015+A022:wasche oder bade den bezeichneten Körper- oder Beckenbereich und beende den Schritt]	STANDARDSLOT_SETZEN=FORMAL_OPAQUE_SLOT_OPERATION ; LOCAL_ARGUMENT[Mengenbuch=B3:F077:M] ; LOCAL_EXEMPLAR[Zuführung öffnen;keine Kartenbedeutung] ; LOCAL_EXEMPLAR[Wasser in das Becken einlassen;keine Kartenbedeutung]	NONE;DUAL_UNRESOLVED	NO	PASS_EXACT_OPAQUE_ID_SEQUENCE	SEGMENTATION=Benachbarte Felder könnten eine größere Exemplarklausel bilden.; NONMEDICAL=Mehrbeckenlauf ansetzen [Ganzfeldexemplar B3, Feld 7/38]	REGISTER_IDS_RECORD_LOCAL;LINE_RESET_NOT_SENTENCE;DUAL_LOCAL_EXEMPLAR_ONLY
B3-S008	B3	f83r	8	F078	f83r.6	1	NONE	1	246	de7321bface5628e35d6	F078:TERMINAL	WITHIN_LOCUS_FIELD_BOUNDARY	WITHIN_LOCUS_FIELD_BOUNDARY	TERMINAL_DRAIN	UNIQUE	1	0	WITHIN_RECORD_TRANSITION	OWNER=B3:O01;ACTIVE_ITEM/PREPARATION=B3:I001;TARGET/STATION=B3:T004;PREVIOUS_ITEM=B3:I002	CARRY/CARRY/RESUME/CARRY	OWNER | ACTIVE_ITEM/PREPARATION | TARGET/STATION	OWNER:CARRY(B3:O01) -> ACTIVE_ITEM/PREPARATION:CARRY(B3:I001) -> TARGET/STATION:CARRY(B3:T004) -> PREVIOUS_ITEM:CARRY(B3:I002) -> TARGET/STATION:RESUME(B3:T004;TARGET_SENSITIVE_ACTION)	OWNER=B3:O01;ACTIVE_ITEM/PREPARATION=B3:I001;TARGET/STATION=B3:T004;PREVIOUS_ITEM=B3:I002	YES	YES	[CARD:ABLASSEN?] [REGISTER:ACTIVE_ITEM/PREPARATION=B3:I001;TARGET/STATION=B3:T004] [EXEMPLAR:A001+A002+A003+A011+A013+A022:die verbrauchte Flüssigkeit zum Auffang- oder Auslassbereich abführen]	ABLASSEN?=aktive Charge ablassen und abschließen ; LOCAL_ARGUMENT[Unterlauf von Hauptbecken C mit Vorwärmer W3, Leitungen L1-L4, Filter F3, Unterlauf U3 und Rücklauf R3]	NONE;DUAL_UNRESOLVED	NO	PASS_EXACT_OPAQUE_ID_SEQUENCE	SEGMENTATION=Benachbarte Felder könnten eine größere Exemplarklausel bilden.; NONMEDICAL=Mehrbeckenlauf ansetzen [Ganzfeldexemplar B3, Feld 8/38]	REGISTER_IDS_RECORD_LOCAL;LINE_RESET_NOT_SENTENCE;DUAL_LOCAL_EXEMPLAR_ONLY
B3-S009	B3	f83r	9	F079	f83r.6	1	NONE	1	247	276a7c2d74d1143446f4	F079:OPEN	WITHIN_LOCUS_FIELD_BOUNDARY	RESUME_ACTIVE_ITEM	ACTION_APPLY	UNIQUE	1	0	WITHIN_RECORD_TRANSITION	OWNER=B3:O01;ACTIVE_ITEM/PREPARATION=B3:I001;TARGET/STATION=B3:T004;PREVIOUS_ITEM=B3:I002	CARRY/CARRY/RESUME/CARRY	OWNER | ACTIVE_ITEM/PREPARATION | TARGET/STATION	OWNER:CARRY(B3:O01) -> ACTIVE_ITEM/PREPARATION:CARRY(B3:I001) -> TARGET/STATION:CARRY(B3:T004) -> PREVIOUS_ITEM:CARRY(B3:I002) -> TARGET/STATION:RESUME(B3:T004;TARGET_SENSITIVE_ACTION)	OWNER=B3:O01;ACTIVE_ITEM/PREPARATION=B3:I001;TARGET/STATION=B3:T004;PREVIOUS_ITEM=B3:I002	YES	YES	[CARD:ANWENDEN?] [REGISTER:ACTIVE_ITEM/PREPARATION=B3:I001;TARGET/STATION=B3:T004] [EXEMPLAR:A001+A002+A004+A005+A011+A014+A015+A022:die Waschflotte am bezeichneten Körper- oder Beckenbereich gebrauchen]	ANWENDEN?=aktive Charge am gesetzten Arbeitsziel einsetzen ; LOCAL_ARGUMENT[aktive Charge an technischem Stationsziel F079]	NONE;DUAL_UNRESOLVED	NO	PASS_EXACT_OPAQUE_ID_SEQUENCE	SEGMENTATION=Benachbarte Felder könnten eine größere Exemplarklausel bilden.; NONMEDICAL=Mehrbeckenlauf ansetzen [Ganzfeldexemplar B3, Feld 9/38]	REGISTER_IDS_RECORD_LOCAL;LINE_RESET_NOT_SENTENCE;DUAL_LOCAL_EXEMPLAR_ONLY
B3-S010	B3	f83r	10	F080	f83r.8	1	NONE	2	248|249	ba540da978ea132f6da5|c45ebac60774620561e2	F080:TERMINAL	RESUME_ACTIVE_ITEM	WITHIN_LOCUS_FIELD_BOUNDARY	EXEMPLAR_ONLY > EXEMPLAR_ONLY	UNPARSED	0	2	WITHIN_RECORD_TRANSITION	OWNER=B3:O01;ACTIVE_ITEM/PREPARATION=B3:I001;TARGET/STATION=B3:T004;PREVIOUS_ITEM=B3:I002	CARRY/RESUME/CARRY/CARRY	OWNER | ACTIVE_ITEM/PREPARATION	OWNER:CARRY(B3:O01) -> ACTIVE_ITEM/PREPARATION:RESUME(B3:I001) -> TARGET/STATION:CARRY(B3:T004) -> PREVIOUS_ITEM:CARRY(B3:I002)	OWNER=B3:O01;ACTIVE_ITEM/PREPARATION=B3:I001;TARGET/STATION=B3:T004;PREVIOUS_ITEM=B3:I002	YES	YES	[REGISTER:OWNER=B3:O01] [EXEMPLAR:A002+A009+A011+A022:fülle danach das Gefäß] ; [REGISTER:OWNER=B3:O01] [EXEMPLAR:A011+A012+A022:lasse es bis zur Klarheit ziehen und beende den Schritt]	LOCAL_EXEMPLAR[obere Rinne füllen;keine Kartenbedeutung] ; LOCAL_EXEMPLAR[Charge über das Gefälle umlaufen lassen;keine Kartenbedeutung]	NONE;DUAL_UNRESOLVED	NO	PASS_EXACT_OPAQUE_ID_SEQUENCE	SEGMENTATION=START_NEW_CLAUSE: F080 kann einen unabhängigen Gefäßposten beginnen.; NONMEDICAL=Mehrbeckenlauf ansetzen [Ganzfeldexemplar B3, Feld 10/38]	REGISTER_IDS_RECORD_LOCAL;LINE_RESET_NOT_SENTENCE;DUAL_LOCAL_EXEMPLAR_ONLY
B3-S011	B3	f83r	11	F081	f83r.8	1	NONE	4	250|251|252|253	348e81ba084c5acdb32b|276a7c2d74d1143446f4|6f7ff8287eddf4da9fdb|0bdc8b6db811b4e67a63	F081:OPEN	WITHIN_LOCUS_FIELD_BOUNDARY	RESUME_ACTIVE_ITEM	EXEMPLAR_ONLY > ACTION_APPLY > EXEMPLAR_ONLY > EXEMPLAR_ONLY	AMBIGUOUS	1	3	WITHIN_RECORD_TRANSITION	OWNER=B3:O01;ACTIVE_ITEM/PREPARATION=B3:I001;TARGET/STATION=B3:T004;PREVIOUS_ITEM=B3:I002	CARRY/CARRY/INTRODUCE/CARRY	OWNER | ACTIVE_ITEM/PREPARATION | TARGET/STATION	OWNER:CARRY(B3:O01) -> ACTIVE_ITEM/PREPARATION:CARRY(B3:I001) -> TARGET/STATION:CARRY(B3:T004) -> PREVIOUS_ITEM:CARRY(B3:I002) -> TARGET/STATION:INTRODUCE(B3:T005;LOCAL_MARKED_TARGET)	OWNER=B3:O01;ACTIVE_ITEM/PREPARATION=B3:I001;TARGET/STATION=B3:T005;PREVIOUS_ITEM=B3:I002	YES	NO	[REGISTER:OWNER=B3:O01] [EXEMPLAR:A004+A011+A014+A022:wende es an der markierten Stelle an] ; [CARD:ANWENDEN?] [REGISTER:ACTIVE_ITEM/PREPARATION=B3:I001;TARGET/STATION=B3:T005] [EXEMPLAR:A001+A002+A004+A005+A011+A014+A015+A022:die Waschflotte am bezeichneten Körper- oder Beckenbereich gebrauchen] ; [REGISTER:OWNER=B3:O01] [EXEMPLAR:A010+A011+A013+A022:rühre, bis alles gleichmäßig vermischt ist] ; [REGISTER:OWNER=B3:O01] [EXEMPLAR:A008+A011+A022:und lasse es abkühlen]	LOCAL_EXEMPLAR[Arbeitsziel an der Station bereitstellen;keine Kartenbedeutung] ; ANWENDEN?=aktive Charge am gesetzten Arbeitsziel einsetzen ; LOCAL_ARGUMENT[aktive Charge an technischem Stationsziel F081] ; LOCAL_EXEMPLAR[Durchgang beobachten;keine Kartenbedeutung] ; LOCAL_EXEMPLAR[Restcharge im Auffanggefäß sammeln;keine Kartenbedeutung]	NONE;DUAL_UNRESOLVED	NO	PASS_EXACT_OPAQUE_ID_SEQUENCE	SEGMENTATION=Benachbarte Felder könnten eine größere Exemplarklausel bilden.; NONMEDICAL=durch Stationen führen [Ganzfeldexemplar B3, Feld 11/38]	REGISTER_IDS_RECORD_LOCAL;LINE_RESET_NOT_SENTENCE;DUAL_LOCAL_EXEMPLAR_ONLY
B3-S012	B3	f83r	12	F082	f83r.11	1	NONE	2	254|255	7a4bb8136330ee4e6e56|bc4f1f5c006c74a4d26d	F082:TERMINAL	RESUME_ACTIVE_ITEM	WITHIN_LOCUS_FIELD_BOUNDARY	LINK_ACTIVE > EXEMPLAR_ONLY	AMBIGUOUS	1	1	WITHIN_RECORD_TRANSITION	OWNER=B3:O01;ACTIVE_ITEM/PREPARATION=B3:I001;TARGET/STATION=B3:T005;PREVIOUS_ITEM=B3:I002	CARRY/RESUME/CARRY/CARRY	OWNER	OWNER:CARRY(B3:O01) -> ACTIVE_ITEM/PREPARATION:RESUME(B3:I001) -> TARGET/STATION:CARRY(B3:T005) -> PREVIOUS_ITEM:CARRY(B3:I002) -> ACTIVE_ITEM/PREPARATION:RESUME_OR_CONFIRM(B3:I001;ANSATZ?)	OWNER=B3:O01;ACTIVE_ITEM/PREPARATION=B3:I001;TARGET/STATION=B3:T005;PREVIOUS_ITEM=B3:I002	YES	YES	[CARD:ANSATZ?] [REGISTER:ACTIVE_ITEM/PREPARATION=B3:I001;PREVIOUS_ITEM=B3:I002] [EXEMPLAR:A010+A011+A013+A022:den recordlokalen aktiven Posten im Arbeitsgang fortführen] ; [REGISTER:OWNER=B3:O01] [EXEMPLAR:A011+A012+A022:lasse es bis zur Bereitschaft stehen und beende den Schritt]	ANSATZ?=aktiven Arbeitsansatz aufnehmen ; LOCAL_ARGUMENT[aktive Charge/Rücklauf des Feldes F082] ; LOCAL_EXEMPLAR[Restcharge zurückführen;keine Kartenbedeutung]	NONE;DUAL_UNRESOLVED	NO	PASS_EXACT_OPAQUE_ID_SEQUENCE	SEGMENTATION=CONTINUE_SAME_CLAUSE: F082 kann ohne Klauselreset der Schlusssatzteil von F081 sein.; NONMEDICAL=durch Stationen führen [Ganzfeldexemplar B3, Feld 12/38]	REGISTER_IDS_RECORD_LOCAL;LINE_RESET_NOT_SENTENCE;DUAL_LOCAL_EXEMPLAR_ONLY
B3-S013	B3	f83r	13	F083	f83r.11	1	NONE	4	256|257|258|259	b5fcea1eaed06b2f2291|9da1b6ac2c929daea697|6b89d6dd70635bc60fe0|7db18b2f0fb7ed0fcfd3	F083:TERMINAL	WITHIN_LOCUS_FIELD_BOUNDARY	WITHIN_LOCUS_FIELD_BOUNDARY	PARAMETER_ASSIGN > EXEMPLAR_ONLY > EXEMPLAR_ONLY > TERMINAL_FLUSH	AMBIGUOUS	2	2	WITHIN_RECORD_TRANSITION	OWNER=B3:O01;ACTIVE_ITEM/PREPARATION=B3:I001;TARGET/STATION=B3:T005;PREVIOUS_ITEM=B3:I002	CARRY/CARRY/INTRODUCE/RESUME	OWNER | ACTIVE_ITEM/PREPARATION | TARGET/STATION | PREVIOUS_ITEM	OWNER:CARRY(B3:O01) -> ACTIVE_ITEM/PREPARATION:CARRY(B3:I001) -> TARGET/STATION:CARRY(B3:T005) -> PREVIOUS_ITEM:CARRY(B3:I002) -> PREVIOUS_ITEM:RESUME(B3:I002;LOCAL_FILLER) -> TARGET/STATION:INTRODUCE(B3:T006;LOCAL_MARKED_TARGET)	OWNER=B3:O01;ACTIVE_ITEM/PREPARATION=B3:I001;TARGET/STATION=B3:T006;PREVIOUS_ITEM=B3:I002	YES	NO	[FORMAL:STANDARDSLOT_SETZEN;KEINE_WORTBEDEUTUNG] [REGISTER:ACTIVE_ITEM/PREPARATION=B3:I001] [EXEMPLAR:A010+A011+A022:den aktiven Posten nach der örtlichen Vorschrift bemessen] ; [REGISTER:OWNER=B3:O01] [EXEMPLAR:A010+A011+A022:ein abgemessener Anteil] ; [REGISTER:OWNER=B3:O01] [EXEMPLAR:A011+A022:unter derselben Einstellung] ; [CARD:SPÜLEN?] [REGISTER:ACTIVE_ITEM/PREPARATION=B3:I001;TARGET/STATION=B3:T006] [EXEMPLAR:A001+A003+A004+A005+A011+A014+A015+A022:die bezeichnete Stelle oder den Lauf mit der aktiven Waschflotte spülen]	STANDARDSLOT_SETZEN=FORMAL_OPAQUE_SLOT_OPERATION ; LOCAL_ARGUMENT[Mengenbuch=B3:F083:M] ; LOCAL_EXEMPLAR[Leitung bis zum klaren Lauf spülen;keine Kartenbedeutung] ; LOCAL_EXEMPLAR[Spülrest getrennt auffangen;keine Kartenbedeutung] ; SPÜLEN?=aktiven Lauf spülen und abschließen ; LOCAL_ARGUMENT[Leitungsweg von Hauptbecken C mit Vorwärmer W3, Leitungen L1-L4, Filter F3, Unterlauf U3 und Rücklauf R3]	NONE;DUAL_UNRESOLVED	NO	PASS_EXACT_OPAQUE_ID_SEQUENCE	SEGMENTATION=Benachbarte Felder könnten eine größere Exemplarklausel bilden.; NONMEDICAL=durch Stationen führen [Ganzfeldexemplar B3, Feld 13/38]	REGISTER_IDS_RECORD_LOCAL;LINE_RESET_NOT_SENTENCE;DUAL_LOCAL_EXEMPLAR_ONLY
B3-S014	B3	f83r	14	F084	f83r.11	1	NONE	2	260|261	7d2404c835b10a2c06af|03626ca94cb17800d767	F084:TERMINAL	WITHIN_LOCUS_FIELD_BOUNDARY	WITHIN_LOCUS_FIELD_BOUNDARY	EXEMPLAR_ONLY > EXEMPLAR_ONLY	UNPARSED	0	2	WITHIN_RECORD_TRANSITION	OWNER=B3:O01;ACTIVE_ITEM/PREPARATION=B3:I001;TARGET/STATION=B3:T006;PREVIOUS_ITEM=B3:I002	CARRY/CARRY/INTRODUCE/CARRY	OWNER | ACTIVE_ITEM/PREPARATION	OWNER:CARRY(B3:O01) -> ACTIVE_ITEM/PREPARATION:CARRY(B3:I001) -> TARGET/STATION:CARRY(B3:T006) -> PREVIOUS_ITEM:CARRY(B3:I002) -> TARGET/STATION:INTRODUCE(B3:T007;LOCAL_UPPER_RUN)	OWNER=B3:O01;ACTIVE_ITEM/PREPARATION=B3:I001;TARGET/STATION=B3:T007;PREVIOUS_ITEM=B3:I002	YES	NO	[REGISTER:OWNER=B3:O01] [EXEMPLAR:A001+A003+A009+A011+A022:öffne danach den oberen Lauf] ; [REGISTER:OWNER=B3:O01] [EXEMPLAR:A001+A005+A009+A011+A015+A022:wasche einmal und beende den Schritt]	LOCAL_EXEMPLAR[Filtertuch oder Sieb einsetzen;keine Kartenbedeutung] ; LOCAL_EXEMPLAR[Charge durch den Filter führen;keine Kartenbedeutung]	NONE;DUAL_UNRESOLVED	NO	PASS_EXACT_OPAQUE_ID_SEQUENCE	SEGMENTATION=Benachbarte Felder könnten eine größere Exemplarklausel bilden.; NONMEDICAL=durch Stationen führen [Ganzfeldexemplar B3, Feld 14/38]	REGISTER_IDS_RECORD_LOCAL;LINE_RESET_NOT_SENTENCE;DUAL_LOCAL_EXEMPLAR_ONLY
B3-S015	B3	f83r	15	F085	f83r.11	1	NONE	1	262	de7321bface5628e35d6	F085:TERMINAL	WITHIN_LOCUS_FIELD_BOUNDARY	WITHIN_LOCUS_FIELD_BOUNDARY	TERMINAL_DRAIN	UNIQUE	1	0	WITHIN_RECORD_TRANSITION	OWNER=B3:O01;ACTIVE_ITEM/PREPARATION=B3:I001;TARGET/STATION=B3:T007;PREVIOUS_ITEM=B3:I002	CARRY/CARRY/RESUME/CARRY	OWNER | ACTIVE_ITEM/PREPARATION | TARGET/STATION	OWNER:CARRY(B3:O01) -> ACTIVE_ITEM/PREPARATION:CARRY(B3:I001) -> TARGET/STATION:CARRY(B3:T007) -> PREVIOUS_ITEM:CARRY(B3:I002) -> TARGET/STATION:RESUME(B3:T007;TARGET_SENSITIVE_ACTION)	OWNER=B3:O01;ACTIVE_ITEM/PREPARATION=B3:I001;TARGET/STATION=B3:T007;PREVIOUS_ITEM=B3:I002	YES	YES	[CARD:ABLASSEN?] [REGISTER:ACTIVE_ITEM/PREPARATION=B3:I001;TARGET/STATION=B3:T007] [EXEMPLAR:A001+A002+A003+A011+A013+A022:die verbrauchte Flüssigkeit zum Auffang- oder Auslassbereich abführen]	ABLASSEN?=aktive Charge ablassen und abschließen ; LOCAL_ARGUMENT[Unterlauf von Hauptbecken C mit Vorwärmer W3, Leitungen L1-L4, Filter F3, Unterlauf U3 und Rücklauf R3]	NONE;DUAL_UNRESOLVED	NO	PASS_EXACT_OPAQUE_ID_SEQUENCE	SEGMENTATION=Benachbarte Felder könnten eine größere Exemplarklausel bilden.; NONMEDICAL=durch Stationen führen [Ganzfeldexemplar B3, Feld 15/38]	REGISTER_IDS_RECORD_LOCAL;LINE_RESET_NOT_SENTENCE;DUAL_LOCAL_EXEMPLAR_ONLY
B3-S016	B3	f83r	16	F086|F087	f83r.11|f83r.14	2	B3-LB04	2	263|264	2b7fa918d1b2f5c656e3|07913ef9b1fb773cd325	F086:OPEN > F087:TERMINAL	WITHIN_LOCUS_FIELD_BOUNDARY	WITHIN_LOCUS_FIELD_BOUNDARY	EXEMPLAR_ONLY > EXEMPLAR_ONLY	UNPARSED	0	2	WITHIN_RECORD_TRANSITION	OWNER=B3:O01;ACTIVE_ITEM/PREPARATION=B3:I001;TARGET/STATION=B3:T007;PREVIOUS_ITEM=B3:I002	CARRY/CARRY/INTRODUCE/CARRY	OWNER | ACTIVE_ITEM/PREPARATION	OWNER:CARRY(B3:O01) -> ACTIVE_ITEM/PREPARATION:CARRY(B3:I001) -> TARGET/STATION:CARRY(B3:T007) -> PREVIOUS_ITEM:CARRY(B3:I002) -> TARGET/STATION:INTRODUCE(B3:T008;LOCAL_LOWER_OUTLET)	OWNER=B3:O01;ACTIVE_ITEM/PREPARATION=B3:I001;TARGET/STATION=B3:T008;PREVIOUS_ITEM=B3:I002	YES	NO	[REGISTER:OWNER=B3:O01] [EXEMPLAR:A001+A003+A011+A022:schließe den unteren Ablauf] ; [REGISTER:OWNER=B3:O01] [EXEMPLAR:A008+A011+A022:lasse es abkühlen und beende den Schritt]	LOCAL_EXEMPLAR[Filter lösen;keine Kartenbedeutung] ; LOCAL_EXEMPLAR[Beckenrand und Fugen sichten;keine Kartenbedeutung]	NONE;DUAL_UNRESOLVED	NO	PASS_EXACT_OPAQUE_ID_SEQUENCE	SEGMENTATION=NEXT_PARALLEL_CELL: Abkühlen kann eine unabhängige kurze Zelle sein.; NONMEDICAL=durch Stationen führen [Ganzfeldexemplar B3, Feld 16/38] || durch Stationen führen [Ganzfeldexemplar B3, Feld 17/38]	REGISTER_IDS_RECORD_LOCAL;LINE_RESET_NOT_SENTENCE;DUAL_LOCAL_EXEMPLAR_ONLY
B3-S017	B3	f83r	17	F088	f83r.14	1	NONE	1	265	7d25241b0e56c836372a	F088:TERMINAL	WITHIN_LOCUS_FIELD_BOUNDARY	WITHIN_LOCUS_FIELD_BOUNDARY	EXEMPLAR_ONLY	UNPARSED	0	1	WITHIN_RECORD_TRANSITION	OWNER=B3:O01;ACTIVE_ITEM/PREPARATION=B3:I001;TARGET/STATION=B3:T008;PREVIOUS_ITEM=B3:I002	CARRY/CARRY/CARRY/CARRY	OWNER | ACTIVE_ITEM/PREPARATION	OWNER:CARRY(B3:O01) -> ACTIVE_ITEM/PREPARATION:CARRY(B3:I001) -> TARGET/STATION:CARRY(B3:T008) -> PREVIOUS_ITEM:CARRY(B3:I002)	OWNER=B3:O01;ACTIVE_ITEM/PREPARATION=B3:I001;TARGET/STATION=B3:T008;PREVIOUS_ITEM=B3:I002	YES	YES	[REGISTER:OWNER=B3:O01] [EXEMPLAR:A001+A002+A004+A005+A011+A014+A015+A022:wasche oder bade den bezeichneten Körper- oder Beckenbereich und beende den Schritt]	LOCAL_EXEMPLAR[Vorratscharge bereitstellen;keine Kartenbedeutung]	NONE;DUAL_UNRESOLVED	NO	PASS_EXACT_OPAQUE_ID_SEQUENCE	SEGMENTATION=Benachbarte Felder könnten eine größere Exemplarklausel bilden.; NONMEDICAL=durch Stationen führen [Ganzfeldexemplar B3, Feld 18/38]	REGISTER_IDS_RECORD_LOCAL;LINE_RESET_NOT_SENTENCE;DUAL_LOCAL_EXEMPLAR_ONLY
B3-S018	B3	f83r	18	F089	f83r.14	1	NONE	1	266	bc4f1f5c006c74a4d26d	F089:TERMINAL	WITHIN_LOCUS_FIELD_BOUNDARY	WITHIN_LOCUS_FIELD_BOUNDARY	EXEMPLAR_ONLY	UNPARSED	0	1	WITHIN_RECORD_TRANSITION	OWNER=B3:O01;ACTIVE_ITEM/PREPARATION=B3:I001;TARGET/STATION=B3:T008;PREVIOUS_ITEM=B3:I002	CARRY/CARRY/CARRY/CARRY	OWNER | ACTIVE_ITEM/PREPARATION	OWNER:CARRY(B3:O01) -> ACTIVE_ITEM/PREPARATION:CARRY(B3:I001) -> TARGET/STATION:CARRY(B3:T008) -> PREVIOUS_ITEM:CARRY(B3:I002)	OWNER=B3:O01;ACTIVE_ITEM/PREPARATION=B3:I001;TARGET/STATION=B3:T008;PREVIOUS_ITEM=B3:I002	YES	YES	[REGISTER:OWNER=B3:O01] [EXEMPLAR:A011+A012+A022:lasse es bis zur Bereitschaft stehen und beende den Schritt]	LOCAL_EXEMPLAR[obere Rinne füllen;keine Kartenbedeutung]	NONE;DUAL_UNRESOLVED	NO	PASS_EXACT_OPAQUE_ID_SEQUENCE	SEGMENTATION=Benachbarte Felder könnten eine größere Exemplarklausel bilden.; NONMEDICAL=durch Stationen führen [Ganzfeldexemplar B3, Feld 19/38]	REGISTER_IDS_RECORD_LOCAL;LINE_RESET_NOT_SENTENCE;DUAL_LOCAL_EXEMPLAR_ONLY
B3-S019	B3	f83r	19	F090	f83r.14	1	NONE	1	267	db167f8e9b53eefb58f8	F090:TERMINAL	WITHIN_LOCUS_FIELD_BOUNDARY	WITHIN_LOCUS_FIELD_BOUNDARY	EXEMPLAR_ONLY	UNPARSED	0	1	WITHIN_RECORD_TRANSITION	OWNER=B3:O01;ACTIVE_ITEM/PREPARATION=B3:I001;TARGET/STATION=B3:T008;PREVIOUS_ITEM=B3:I002	CARRY/CARRY/CARRY/CARRY	OWNER | ACTIVE_ITEM/PREPARATION	OWNER:CARRY(B3:O01) -> ACTIVE_ITEM/PREPARATION:CARRY(B3:I001) -> TARGET/STATION:CARRY(B3:T008) -> PREVIOUS_ITEM:CARRY(B3:I002)	OWNER=B3:O01;ACTIVE_ITEM/PREPARATION=B3:I001;TARGET/STATION=B3:T008;PREVIOUS_ITEM=B3:I002	YES	YES	[REGISTER:OWNER=B3:O01] [EXEMPLAR:A001+A005+A007+A008+A011+A015+A022:erwärme den Bade- oder Waschzusatz sanft und beende den Arbeitsschritt]	LOCAL_EXEMPLAR[unteren Ablauf öffnen;keine Kartenbedeutung]	NONE;DUAL_UNRESOLVED	NO	PASS_EXACT_OPAQUE_ID_SEQUENCE	SEGMENTATION=Benachbarte Felder könnten eine größere Exemplarklausel bilden.; NONMEDICAL=absetzen und klären [Ganzfeldexemplar B3, Feld 20/38]	REGISTER_IDS_RECORD_LOCAL;LINE_RESET_NOT_SENTENCE;DUAL_LOCAL_EXEMPLAR_ONLY
B3-S020	B3	f83r	20	F091	f83r.14	1	NONE	2	268|269	dd0ecaf5e27d81befffc|de7321bface5628e35d6	F091:TERMINAL	WITHIN_LOCUS_FIELD_BOUNDARY	WITHIN_LOCUS_FIELD_BOUNDARY	TARGET_ASSIGN > TERMINAL_DRAIN	UNIQUE	2	0	WITHIN_RECORD_TRANSITION	OWNER=B3:O01;ACTIVE_ITEM/PREPARATION=B3:I001;TARGET/STATION=B3:T008;PREVIOUS_ITEM=B3:I002	CARRY/CARRY/INTRODUCE/CARRY	OWNER | ACTIVE_ITEM/PREPARATION	OWNER:CARRY(B3:O01) -> ACTIVE_ITEM/PREPARATION:CARRY(B3:I001) -> TARGET/STATION:CARRY(B3:T008) -> PREVIOUS_ITEM:CARRY(B3:I002) -> TARGET/STATION:INTRODUCE(B3:T009;LOCAL_MARKED_TARGET)	OWNER=B3:O01;ACTIVE_ITEM/PREPARATION=B3:I001;TARGET/STATION=B3:T009;PREVIOUS_ITEM=B3:I002	YES	NO	[CARD:ZIEL?] [REGISTER:OWNER=B3:O01;TARGET/STATION=B3:T009] [EXEMPLAR:A003+A010+A011+A013+A014+A022:den aktiven Posten an der örtlich bezeichneten Station führen] ; [CARD:ABLASSEN?] [REGISTER:ACTIVE_ITEM/PREPARATION=B3:I001;TARGET/STATION=B3:T009] [EXEMPLAR:A001+A002+A003+A011+A013+A022:die verbrauchte Flüssigkeit zum Auffang- oder Auslassbereich abführen]	ZIEL?=Arbeitsziel setzen oder bestätigen ; LOCAL_ARGUMENT[Zieladresse=Hauptbecken C mit Vorwärmer W3, Leitungen L1-L4, Filter F3, Unterlauf U3 und Rücklauf R3] ; ABLASSEN?=aktive Charge ablassen und abschließen ; LOCAL_ARGUMENT[Unterlauf von Hauptbecken C mit Vorwärmer W3, Leitungen L1-L4, Filter F3, Unterlauf U3 und Rücklauf R3]	NONE;DUAL_UNRESOLVED	NO	PASS_EXACT_OPAQUE_ID_SEQUENCE	SEGMENTATION=Benachbarte Felder könnten eine größere Exemplarklausel bilden.; NONMEDICAL=absetzen und klären [Ganzfeldexemplar B3, Feld 21/38]	REGISTER_IDS_RECORD_LOCAL;LINE_RESET_NOT_SENTENCE;DUAL_LOCAL_EXEMPLAR_ONLY
B3-S021	B3	f83r	21	F092|F093	f83r.14|f83r.15	2	B3-LB05	11	270|271|272|273|274|275|276|277|278|279|280	b5fcea1eaed06b2f2291|e0b630cb1b5df5e7105b|dd0ecaf5e27d81befffc|b921a237be883a820352|2f1c5e56e8f0ff459065|abb23e5e6936b4147f76|cb57b696b815fdef9cb7|b921a237be883a820352|dd0ecaf5e27d81befffc|e0b630cb1b5df5e7105b|2bc2ed2630dbdaaa6b59	F092:OPEN > F093:TERMINAL	WITHIN_LOCUS_FIELD_BOUNDARY	WITHIN_LOCUS_FIELD_BOUNDARY	PARAMETER_ASSIGN > STATE_GATE > TARGET_ASSIGN > EXEMPLAR_ONLY > PARAMETER_ASSIGN > EXEMPLAR_ONLY > EXEMPLAR_ONLY > EXEMPLAR_ONLY > TARGET_ASSIGN > STATE_GATE > EXEMPLAR_ONLY	AMBIGUOUS	6	5	WITHIN_RECORD_TRANSITION	OWNER=B3:O01;ACTIVE_ITEM/PREPARATION=B3:I001;TARGET/STATION=B3:T009;PREVIOUS_ITEM=B3:I002	CARRY/CARRY/INTRODUCE/CARRY	OWNER | ACTIVE_ITEM/PREPARATION	OWNER:CARRY(B3:O01) -> ACTIVE_ITEM/PREPARATION:CARRY(B3:I001) -> TARGET/STATION:CARRY(B3:T009) -> PREVIOUS_ITEM:CARRY(B3:I002) -> TARGET/STATION:INTRODUCE(B3:T010;LOCAL_MARKED_TARGET)	OWNER=B3:O01;ACTIVE_ITEM/PREPARATION=B3:I001;TARGET/STATION=B3:T010;PREVIOUS_ITEM=B3:I002	YES	NO	[FORMAL:STANDARDSLOT_SETZEN;KEINE_WORTBEDEUTUNG] [REGISTER:ACTIVE_ITEM/PREPARATION=B3:I001] [EXEMPLAR:A010+A011+A022:den aktiven Posten nach der örtlichen Vorschrift bemessen] ; [CARD:BEREIT?] [REGISTER:ACTIVE_ITEM/PREPARATION=B3:I001] [EXEMPLAR:A004+A011+A022:den örtlichen Prüfzustand der Charge feststellen] ; [CARD:ZIEL?] [REGISTER:OWNER=B3:O01;TARGET/STATION=B3:T010] [EXEMPLAR:A003+A010+A011+A013+A014+A022:den aktiven Posten an der örtlich bezeichneten Station führen] ; [REGISTER:OWNER=B3:O01] [EXEMPLAR:A010+A011+A022:Diese aktive Portion] ; [CARD:MASS?] [REGISTER:ACTIVE_ITEM/PREPARATION=B3:I001] [EXEMPLAR:A010+A011+A022:den aktiven Posten nach der örtlichen Vorschrift bemessen] ; [REGISTER:OWNER=B3:O01] [EXEMPLAR:A011+A022:für einen Zeitabschnitt] ; [REGISTER:OWNER=B3:O01] [EXEMPLAR:A001+A008+A011+A022:warmes Wasser] ; [REGISTER:OWNER=B3:O01] [EXEMPLAR:A010+A011+A022:Diese aktive Portion] ; [CARD:ZIEL?] [REGISTER:OWNER=B3:O01;TARGET/STATION=B3:T010] [EXEMPLAR:A003+A010+A011+A013+A014+A022:den aktiven Posten an der örtlich bezeichneten Station führen] ; [CARD:BEREIT?] [REGISTER:ACTIVE_ITEM/PREPARATION=B3:I001] [EXEMPLAR:A004+A011+A022:den örtlichen Prüfzustand der Charge feststellen] ; [REGISTER:OWNER=B3:O01] [EXEMPLAR:A011+A012+A022:behalte den Rückstand und beende den Schritt]	STANDARDSLOT_SETZEN=FORMAL_OPAQUE_SLOT_OPERATION ; LOCAL_ARGUMENT[Mengenbuch=B3:F092:M] ; BEREIT?=Freigabestand der aktiven Charge prüfen ; LOCAL_ARGUMENT[Arbeitsstand der Charge an Hauptbecken C mit Vorwärmer W3, Leitungen L1-L4, Filter F3, Unterlauf U3 und Rücklauf R3] ; ZIEL?=Arbeitsziel setzen oder bestätigen ; LOCAL_ARGUMENT[Zieladresse=Hauptbecken C mit Vorwärmer W3, Leitungen L1-L4, Filter F3, Unterlauf U3 und Rücklauf R3] ; LOCAL_EXEMPLAR[offenen Arbeitsstand fortschreiben;keine Kartenbedeutung] ; MASS?=vorgesehenen Mengenwert buchen ; LOCAL_ARGUMENT[Mengenbuch=B3:F093:M] ; LOCAL_EXEMPLAR[Charge in den Sammellauf ablassen;keine Kartenbedeutung] ; LOCAL_EXEMPLAR[Restlauf am Auslass beobachten;keine Kartenbedeutung] ; LOCAL_EXEMPLAR[Ablauf wieder schließen;keine Kartenbedeutung] ; ZIEL?=Arbeitsziel setzen oder bestätigen ; LOCAL_ARGUMENT[Zieladresse=Hauptbecken C mit Vorwärmer W3, Leitungen L1-L4, Filter F3, Unterlauf U3 und Rücklauf R3] ; BEREIT?=Freigabestand der aktiven Charge prüfen ; LOCAL_ARGUMENT[Arbeitsstand der Charge an Hauptbecken C mit Vorwärmer W3, Leitungen L1-L4, Filter F3, Unterlauf U3 und Rücklauf R3] ; LOCAL_EXEMPLAR[Restlauf am Auslass beobachten;keine Kartenbedeutung]	NONE;DUAL_UNRESOLVED	NO	PASS_EXACT_OPAQUE_ID_SEQUENCE	SEGMENTATION=RESUME_ACTIVE_ITEM: F093 kann dieselben Slots in einer neuen Chargenklausel wiederaufnehmen.; NONMEDICAL=absetzen und klären [Ganzfeldexemplar B3, Feld 22/38] || absetzen und klären [Ganzfeldexemplar B3, Feld 23/38]	REGISTER_IDS_RECORD_LOCAL;LINE_RESET_NOT_SENTENCE;DUAL_LOCAL_EXEMPLAR_ONLY
B3-S022	B3	f83r	22	F094	f83r.15	1	NONE	1	281	4de12cf322dfb76ded1e	F094:TERMINAL	WITHIN_LOCUS_FIELD_BOUNDARY	WITHIN_LOCUS_FIELD_BOUNDARY	EXEMPLAR_ONLY	UNPARSED	0	1	WITHIN_RECORD_TRANSITION	OWNER=B3:O01;ACTIVE_ITEM/PREPARATION=B3:I001;TARGET/STATION=B3:T010;PREVIOUS_ITEM=B3:I002	CARRY/CARRY/CARRY/CARRY	OWNER | ACTIVE_ITEM/PREPARATION	OWNER:CARRY(B3:O01) -> ACTIVE_ITEM/PREPARATION:CARRY(B3:I001) -> TARGET/STATION:CARRY(B3:T010) -> PREVIOUS_ITEM:CARRY(B3:I002)	OWNER=B3:O01;ACTIVE_ITEM/PREPARATION=B3:I001;TARGET/STATION=B3:T010;PREVIOUS_ITEM=B3:I002	YES	YES	[REGISTER:OWNER=B3:O01] [EXEMPLAR:A010+A011+A013+A022:mische zu gleichen Teilen und beende den Schritt]	LOCAL_EXEMPLAR[Rücklaufleitung öffnen;keine Kartenbedeutung]	NONE;DUAL_UNRESOLVED	NO	PASS_EXACT_OPAQUE_ID_SEQUENCE	SEGMENTATION=Benachbarte Felder könnten eine größere Exemplarklausel bilden.; NONMEDICAL=absetzen und klären [Ganzfeldexemplar B3, Feld 24/38]	REGISTER_IDS_RECORD_LOCAL;LINE_RESET_NOT_SENTENCE;DUAL_LOCAL_EXEMPLAR_ONLY
B3-S023	B3	f83r	23	F095	f83r.15	1	NONE	1	282	de7321bface5628e35d6	F095:TERMINAL	WITHIN_LOCUS_FIELD_BOUNDARY	NEXT_PARALLEL_CELL	TERMINAL_DRAIN	UNIQUE	1	0	WITHIN_RECORD_TRANSITION	OWNER=B3:O01;ACTIVE_ITEM/PREPARATION=B3:I001;TARGET/STATION=B3:T010;PREVIOUS_ITEM=B3:I002	CARRY/CARRY/RESUME/CARRY	OWNER | ACTIVE_ITEM/PREPARATION | TARGET/STATION	OWNER:CARRY(B3:O01) -> ACTIVE_ITEM/PREPARATION:CARRY(B3:I001) -> TARGET/STATION:CARRY(B3:T010) -> PREVIOUS_ITEM:CARRY(B3:I002) -> TARGET/STATION:RESUME(B3:T010;TARGET_SENSITIVE_ACTION)	OWNER=B3:O01;ACTIVE_ITEM/PREPARATION=B3:I001;TARGET/STATION=B3:T010;PREVIOUS_ITEM=B3:I002	YES	YES	[CARD:ABLASSEN?] [REGISTER:ACTIVE_ITEM/PREPARATION=B3:I001;TARGET/STATION=B3:T010] [EXEMPLAR:A001+A002+A003+A011+A013+A022:die verbrauchte Flüssigkeit zum Auffang- oder Auslassbereich abführen]	ABLASSEN?=aktive Charge ablassen und abschließen ; LOCAL_ARGUMENT[Unterlauf von Hauptbecken C mit Vorwärmer W3, Leitungen L1-L4, Filter F3, Unterlauf U3 und Rücklauf R3]	NONE;DUAL_UNRESOLVED	NO	PASS_EXACT_OPAQUE_ID_SEQUENCE	SEGMENTATION=Benachbarte Felder könnten eine größere Exemplarklausel bilden.; NONMEDICAL=absetzen und klären [Ganzfeldexemplar B3, Feld 25/38]	REGISTER_IDS_RECORD_LOCAL;LINE_RESET_NOT_SENTENCE;DUAL_LOCAL_EXEMPLAR_ONLY
B3-S024	B3	f83r	24	F096	f83r.16	1	NONE	1	283	259b2b3b0bf859882e2c	F096:TERMINAL	NEXT_PARALLEL_CELL	WITHIN_LOCUS_FIELD_BOUNDARY	EXEMPLAR_ONLY	UNPARSED	0	1	WITHIN_RECORD_TRANSITION	OWNER=B3:O01;ACTIVE_ITEM/PREPARATION=B3:I001;TARGET/STATION=B3:T010;PREVIOUS_ITEM=B3:I002	CARRY/INTRODUCE/INTRODUCE/INTRODUCE	OWNER | ACTIVE_ITEM/PREPARATION	OWNER:CARRY(B3:O01) -> PREVIOUS_ITEM:INTRODUCE_FROM_ACTIVE(B3:I001) -> ACTIVE_ITEM/PREPARATION:INTRODUCE(B3:I003) -> TARGET/STATION:RESET(NEW_OR_PARALLEL_CLAUSE) -> TARGET/STATION:INTRODUCE(B3:T011;LOCAL_VESSEL_OR_RUN)	OWNER=B3:O01;ACTIVE_ITEM/PREPARATION=B3:I003;TARGET/STATION=B3:T011;PREVIOUS_ITEM=B3:I001	YES	NO	[REGISTER:OWNER=B3:O01] [EXEMPLAR:A001+A002+A003+A005+A009+A011+A015+A022:spüle das benutzte Gefäß oder den Lauf einmal aus und beende den Schritt]	LOCAL_EXEMPLAR[unteren Ablauf öffnen;keine Kartenbedeutung]	NONE;DUAL_UNRESOLVED	NO	PASS_EXACT_OPAQUE_ID_SEQUENCE	SEGMENTATION=START_NEW_CLAUSE: die neue Linie kann ein übergeordnetes Prozesskapitel statt eine Parallelzelle beginnen.; NONMEDICAL=absetzen und klären [Ganzfeldexemplar B3, Feld 26/38]	REGISTER_IDS_RECORD_LOCAL;LINE_RESET_NOT_SENTENCE;DUAL_LOCAL_EXEMPLAR_ONLY
B3-S025	B3	f83r	25	F097	f83r.16	1	NONE	1	284	87411f84689b4f93a303	F097:TERMINAL	WITHIN_LOCUS_FIELD_BOUNDARY	WITHIN_LOCUS_FIELD_BOUNDARY	EXEMPLAR_ONLY	UNPARSED	0	1	WITHIN_RECORD_TRANSITION	OWNER=B3:O01;ACTIVE_ITEM/PREPARATION=B3:I003;TARGET/STATION=B3:T011;PREVIOUS_ITEM=B3:I001	CARRY/CARRY/CARRY/CARRY	OWNER | ACTIVE_ITEM/PREPARATION	OWNER:CARRY(B3:O01) -> ACTIVE_ITEM/PREPARATION:CARRY(B3:I003) -> TARGET/STATION:CARRY(B3:T011) -> PREVIOUS_ITEM:CARRY(B3:I001)	OWNER=B3:O01;ACTIVE_ITEM/PREPARATION=B3:I003;TARGET/STATION=B3:T011;PREVIOUS_ITEM=B3:I001	YES	YES	[REGISTER:OWNER=B3:O01] [EXEMPLAR:A008+A009+A011+A022:erwärme es einmal und beende den Schritt]	LOCAL_EXEMPLAR[Filter lösen;keine Kartenbedeutung]	NONE;DUAL_UNRESOLVED	NO	PASS_EXACT_OPAQUE_ID_SEQUENCE	SEGMENTATION=Benachbarte Felder könnten eine größere Exemplarklausel bilden.; NONMEDICAL=absetzen und klären [Ganzfeldexemplar B3, Feld 27/38]	REGISTER_IDS_RECORD_LOCAL;LINE_RESET_NOT_SENTENCE;DUAL_LOCAL_EXEMPLAR_ONLY
B3-S026	B3	f83r	26	F098|F099	f83r.16|f83r.20	2	B3-LB07	7	285|286|287|288|289|290|291	342c3f0777337648f4b3|d72f71baff01cd0a0406|6f7ff8287eddf4da9fdb|1645e612504fcef59ced|e0b630cb1b5df5e7105b|d788d8d72d41b25a3c71|3b70942557b3a40e8030	F098:OPEN > F099:TERMINAL	WITHIN_LOCUS_FIELD_BOUNDARY	WITHIN_LOCUS_FIELD_BOUNDARY	EXEMPLAR_ONLY > EXEMPLAR_ONLY > EXEMPLAR_ONLY > EXEMPLAR_ONLY > STATE_GATE > EXEMPLAR_ONLY > EXEMPLAR_ONLY	AMBIGUOUS	1	6	WITHIN_RECORD_TRANSITION	OWNER=B3:O01;ACTIVE_ITEM/PREPARATION=B3:I003;TARGET/STATION=B3:T011;PREVIOUS_ITEM=B3:I001	CARRY/CARRY/INTRODUCE/CARRY	OWNER | ACTIVE_ITEM/PREPARATION	OWNER:CARRY(B3:O01) -> ACTIVE_ITEM/PREPARATION:CARRY(B3:I003) -> TARGET/STATION:CARRY(B3:T011) -> PREVIOUS_ITEM:CARRY(B3:I001) -> TARGET/STATION:INTRODUCE(B3:T012;LOCAL_PERSON_AT_BASIN)	OWNER=B3:O01;ACTIVE_ITEM/PREPARATION=B3:I003;TARGET/STATION=B3:T012;PREVIOUS_ITEM=B3:I001	YES	NO	[REGISTER:OWNER=B3:O01] [EXEMPLAR:A002+A003+A011+A014+A022:richte die bezeichnete Beckenstation ein] ; [REGISTER:OWNER=B3:O01] [EXEMPLAR:A011+A012+A022:nach dem Absetzen] ; [REGISTER:OWNER=B3:O01] [EXEMPLAR:A010+A011+A013+A022:rühre, bis alles gleichmäßig vermischt ist] ; [REGISTER:OWNER=B3:O01] [EXEMPLAR:A002+A010+A011+A022:gib einen abgemessenen Anteil in das Gefäß] ; [CARD:BEREIT?] [REGISTER:ACTIVE_ITEM/PREPARATION=B3:I003] [EXEMPLAR:A004+A011+A022:den örtlichen Prüfzustand der Charge feststellen] ; [REGISTER:OWNER=B3:O01] [EXEMPLAR:A001+A011+A012+A022:bis der Strom klar wird] ; [REGISTER:OWNER=B3:O01] [EXEMPLAR:A001+A011+A022:lasse die Flüssigkeit sich setzen und beende den Schritt]	LOCAL_EXEMPLAR[fertige Charge markieren;keine Kartenbedeutung] ; LOCAL_EXEMPLAR[Zielstation bestätigen;keine Kartenbedeutung] ; LOCAL_EXEMPLAR[Charge an den nächsten Lauf übergeben;keine Kartenbedeutung] ; LOCAL_EXEMPLAR[offenen Arbeitsstand fortschreiben;keine Kartenbedeutung] ; BEREIT?=Freigabestand der aktiven Charge prüfen ; LOCAL_ARGUMENT[Arbeitsstand der Charge an Hauptbecken C mit Vorwärmer W3, Leitungen L1-L4, Filter F3, Unterlauf U3 und Rücklauf R3] ; LOCAL_EXEMPLAR[Zielstation bestätigen;keine Kartenbedeutung] ; LOCAL_EXEMPLAR[Spülwasser zuführen;keine Kartenbedeutung]	NONE;DUAL_UNRESOLVED	NO	PASS_EXACT_OPAQUE_ID_SEQUENCE	SEGMENTATION=NEXT_PARALLEL_CELL: F099 kann eine eigenständige Absetzzelle sein.; NONMEDICAL=absetzen und klären [Ganzfeldexemplar B3, Feld 28/38] || absetzen und klären [Ganzfeldexemplar B3, Feld 29/38]	REGISTER_IDS_RECORD_LOCAL;LINE_RESET_NOT_SENTENCE;DUAL_LOCAL_EXEMPLAR_ONLY
B3-S027	B3	f83r	27	F100	f83r.20	1	NONE	1	292	ff178343c18e287ce3b7	F100:TERMINAL	WITHIN_LOCUS_FIELD_BOUNDARY	WITHIN_LOCUS_FIELD_BOUNDARY	EXEMPLAR_ONLY	UNPARSED	0	1	WITHIN_RECORD_TRANSITION	OWNER=B3:O01;ACTIVE_ITEM/PREPARATION=B3:I003;TARGET/STATION=B3:T012;PREVIOUS_ITEM=B3:I001	CARRY/CARRY/CARRY/CARRY	OWNER | ACTIVE_ITEM/PREPARATION	OWNER:CARRY(B3:O01) -> ACTIVE_ITEM/PREPARATION:CARRY(B3:I003) -> TARGET/STATION:CARRY(B3:T012) -> PREVIOUS_ITEM:CARRY(B3:I001)	OWNER=B3:O01;ACTIVE_ITEM/PREPARATION=B3:I003;TARGET/STATION=B3:T012;PREVIOUS_ITEM=B3:I001	YES	YES	[REGISTER:OWNER=B3:O01] [EXEMPLAR:A004+A006+A008+A011+A014+A022:lege ein warmes Tuch auf die bezeichnete äußere Stelle und beende den Schritt]	LOCAL_EXEMPLAR[Spülwasser zuführen;keine Kartenbedeutung]	NONE;DUAL_UNRESOLVED	NO	PASS_EXACT_OPAQUE_ID_SEQUENCE	SEGMENTATION=Benachbarte Felder könnten eine größere Exemplarklausel bilden.; NONMEDICAL=Zyklus wiederholen [Ganzfeldexemplar B3, Feld 30/38]	REGISTER_IDS_RECORD_LOCAL;LINE_RESET_NOT_SENTENCE;DUAL_LOCAL_EXEMPLAR_ONLY
B3-S028	B3	f83r	28	F101	f83r.20	1	NONE	2	293|294	0275fbf14e07935b0a45|7db18b2f0fb7ed0fcfd3	F101:TERMINAL	WITHIN_LOCUS_FIELD_BOUNDARY	WITHIN_LOCUS_FIELD_BOUNDARY	ACTION_TEMPER > TERMINAL_FLUSH	UNIQUE	2	0	WITHIN_RECORD_TRANSITION	OWNER=B3:O01;ACTIVE_ITEM/PREPARATION=B3:I003;TARGET/STATION=B3:T012;PREVIOUS_ITEM=B3:I001	CARRY/CARRY/INTRODUCE/CARRY	OWNER | ACTIVE_ITEM/PREPARATION | TARGET/STATION	OWNER:CARRY(B3:O01) -> ACTIVE_ITEM/PREPARATION:CARRY(B3:I003) -> TARGET/STATION:CARRY(B3:T012) -> PREVIOUS_ITEM:CARRY(B3:I001) -> TARGET/STATION:INTRODUCE(B3:T013;LOCAL_MARKED_TARGET)	OWNER=B3:O01;ACTIVE_ITEM/PREPARATION=B3:I003;TARGET/STATION=B3:T013;PREVIOUS_ITEM=B3:I001	YES	NO	[CARD:TEMPERIEREN?] [REGISTER:ACTIVE_ITEM/PREPARATION=B3:I003] [EXEMPLAR:A005+A008+A011+A015+A022:die Charge für den vorgesehenen Gebrauch temperieren] ; [CARD:SPÜLEN?] [REGISTER:ACTIVE_ITEM/PREPARATION=B3:I003;TARGET/STATION=B3:T013] [EXEMPLAR:A001+A003+A004+A005+A011+A014+A015+A022:die bezeichnete Stelle oder den Lauf mit der aktiven Waschflotte spülen]	TEMPERIEREN?=aktive Charge gelinde erwärmen ; LOCAL_ARGUMENT[aktive Charge an der Wärmestelle von Hauptbecken C mit Vorwärmer W3, Leitungen L1-L4, Filter F3, Unterlauf U3 und Rücklauf R3] ; SPÜLEN?=aktiven Lauf spülen und abschließen ; LOCAL_ARGUMENT[Leitungsweg von Hauptbecken C mit Vorwärmer W3, Leitungen L1-L4, Filter F3, Unterlauf U3 und Rücklauf R3]	NONE;DUAL_UNRESOLVED	NO	PASS_EXACT_OPAQUE_ID_SEQUENCE	SEGMENTATION=Benachbarte Felder könnten eine größere Exemplarklausel bilden.; NONMEDICAL=Zyklus wiederholen [Ganzfeldexemplar B3, Feld 31/38]	REGISTER_IDS_RECORD_LOCAL;LINE_RESET_NOT_SENTENCE;DUAL_LOCAL_EXEMPLAR_ONLY
B3-S029	B3	f83r	29	F102	f83r.20	1	NONE	3	295|296|297	dcda95c81a5460feb191|9247e38d29c79a0d2fa5|7db18b2f0fb7ed0fcfd3	F102:TERMINAL	WITHIN_LOCUS_FIELD_BOUNDARY	WITHIN_LOCUS_FIELD_BOUNDARY	LINK_ACTIVE > EXEMPLAR_ONLY > TERMINAL_FLUSH	AMBIGUOUS	2	1	WITHIN_RECORD_TRANSITION	OWNER=B3:O01;ACTIVE_ITEM/PREPARATION=B3:I003;TARGET/STATION=B3:T013;PREVIOUS_ITEM=B3:I001	CARRY/CARRY/INTRODUCE/RESUME	OWNER | ACTIVE_ITEM/PREPARATION | TARGET/STATION | PREVIOUS_ITEM	OWNER:CARRY(B3:O01) -> ACTIVE_ITEM/PREPARATION:CARRY(B3:I003) -> TARGET/STATION:CARRY(B3:T013) -> PREVIOUS_ITEM:CARRY(B3:I001) -> PREVIOUS_ITEM:RESUME(B3:I001;LOCAL_FILLER) -> TARGET/STATION:INTRODUCE(B3:T014;LOCAL_MARKED_TARGET)	OWNER=B3:O01;ACTIVE_ITEM/PREPARATION=B3:I003;TARGET/STATION=B3:T014;PREVIOUS_ITEM=B3:I001	YES	NO	[FORMAL:AKTIVEN_ARBEITSSTAND_VERKNÜPFEN;KEINE_WORTBEDEUTUNG] [REGISTER:ACTIVE_ITEM/PREPARATION=B3:I003;PREVIOUS_ITEM=B3:I001] [EXEMPLAR:A010+A011+A013+A022:den recordlokalen aktiven Posten im Arbeitsgang fortführen] ; [REGISTER:OWNER=B3:O01] [EXEMPLAR:A005+A009+A011+A015+A022:nach der ersten Spülung] ; [CARD:SPÜLEN?] [REGISTER:ACTIVE_ITEM/PREPARATION=B3:I003;TARGET/STATION=B3:T014] [EXEMPLAR:A001+A003+A004+A005+A011+A014+A015+A022:die bezeichnete Stelle oder den Lauf mit der aktiven Waschflotte spülen]	AKTIVEN_ARBEITSSTAND_VERKNÜPFEN=FORMAL_OPAQUE_SLOT_OPERATION ; LOCAL_ARGUMENT[aktive Charge/Rücklauf des Feldes F102] ; LOCAL_EXEMPLAR[Leitung bis zum klaren Lauf spülen;keine Kartenbedeutung] ; SPÜLEN?=aktiven Lauf spülen und abschließen ; LOCAL_ARGUMENT[Leitungsweg von Hauptbecken C mit Vorwärmer W3, Leitungen L1-L4, Filter F3, Unterlauf U3 und Rücklauf R3]	NONE;DUAL_UNRESOLVED	NO	PASS_EXACT_OPAQUE_ID_SEQUENCE	SEGMENTATION=Benachbarte Felder könnten eine größere Exemplarklausel bilden.; NONMEDICAL=Zyklus wiederholen [Ganzfeldexemplar B3, Feld 32/38]	REGISTER_IDS_RECORD_LOCAL;LINE_RESET_NOT_SENTENCE;DUAL_LOCAL_EXEMPLAR_ONLY
B3-S030	B3	f83r	30	F103|F104	f83r.20|f83r.22	2	B3-LB08	4	298|299|300|301	276a7c2d74d1143446f4|2f1c5e56e8f0ff459065|b154ff779abe5f196c80|4de12cf322dfb76ded1e	F103:OPEN > F104:TERMINAL	WITHIN_LOCUS_FIELD_BOUNDARY	WITHIN_LOCUS_FIELD_BOUNDARY	ACTION_APPLY > PARAMETER_ASSIGN > EXEMPLAR_ONLY > EXEMPLAR_ONLY	AMBIGUOUS	2	2	WITHIN_RECORD_TRANSITION	OWNER=B3:O01;ACTIVE_ITEM/PREPARATION=B3:I003;TARGET/STATION=B3:T014;PREVIOUS_ITEM=B3:I001	CARRY/CARRY/RESUME/CARRY	OWNER | ACTIVE_ITEM/PREPARATION | TARGET/STATION	OWNER:CARRY(B3:O01) -> ACTIVE_ITEM/PREPARATION:CARRY(B3:I003) -> TARGET/STATION:CARRY(B3:T014) -> PREVIOUS_ITEM:CARRY(B3:I001) -> TARGET/STATION:RESUME(B3:T014;TARGET_SENSITIVE_ACTION)	OWNER=B3:O01;ACTIVE_ITEM/PREPARATION=B3:I003;TARGET/STATION=B3:T014;PREVIOUS_ITEM=B3:I001	YES	YES	[CARD:ANWENDEN?] [REGISTER:ACTIVE_ITEM/PREPARATION=B3:I003;TARGET/STATION=B3:T014] [EXEMPLAR:A001+A002+A004+A005+A011+A014+A015+A022:die Waschflotte am bezeichneten Körper- oder Beckenbereich gebrauchen] ; [CARD:MASS?] [REGISTER:ACTIVE_ITEM/PREPARATION=B3:I003] [EXEMPLAR:A010+A011+A022:den aktiven Posten nach der örtlichen Vorschrift bemessen] ; [REGISTER:OWNER=B3:O01] [EXEMPLAR:A001+A011+A012+A022:ziehe die klare Flüssigkeit ab] ; [REGISTER:OWNER=B3:O01] [EXEMPLAR:A010+A011+A013+A022:mische zu gleichen Teilen und beende den Schritt]	ANWENDEN?=aktive Charge am gesetzten Arbeitsziel einsetzen ; LOCAL_ARGUMENT[aktive Charge an technischem Stationsziel F103] ; MASS?=vorgesehenen Mengenwert buchen ; LOCAL_ARGUMENT[Mengenbuch=B3:F103:M] ; LOCAL_EXEMPLAR[Charge ruhig stehen lassen;keine Kartenbedeutung] ; LOCAL_EXEMPLAR[klaren Oberlauf abnehmen;keine Kartenbedeutung]	NONE;DUAL_UNRESOLVED	NO	PASS_EXACT_OPAQUE_ID_SEQUENCE	SEGMENTATION=RESUME_ACTIVE_ITEM: F104 kann eine neue Klausel mit der abgemessenen Portion sein.; NONMEDICAL=Zyklus wiederholen [Ganzfeldexemplar B3, Feld 33/38] || Zyklus wiederholen [Ganzfeldexemplar B3, Feld 34/38]	REGISTER_IDS_RECORD_LOCAL;LINE_RESET_NOT_SENTENCE;DUAL_LOCAL_EXEMPLAR_ONLY
B3-S031	B3	f83r	31	F105	f83r.22	1	NONE	1	302	7d25241b0e56c836372a	F105:TERMINAL	WITHIN_LOCUS_FIELD_BOUNDARY	WITHIN_LOCUS_FIELD_BOUNDARY	EXEMPLAR_ONLY	UNPARSED	0	1	WITHIN_RECORD_TRANSITION	OWNER=B3:O01;ACTIVE_ITEM/PREPARATION=B3:I003;TARGET/STATION=B3:T014;PREVIOUS_ITEM=B3:I001	CARRY/CARRY/CARRY/CARRY	OWNER | ACTIVE_ITEM/PREPARATION	OWNER:CARRY(B3:O01) -> ACTIVE_ITEM/PREPARATION:CARRY(B3:I003) -> TARGET/STATION:CARRY(B3:T014) -> PREVIOUS_ITEM:CARRY(B3:I001)	OWNER=B3:O01;ACTIVE_ITEM/PREPARATION=B3:I003;TARGET/STATION=B3:T014;PREVIOUS_ITEM=B3:I001	YES	YES	[REGISTER:OWNER=B3:O01] [EXEMPLAR:A001+A002+A004+A005+A011+A014+A015+A022:wasche oder bade den bezeichneten Körper- oder Beckenbereich und beende den Schritt]	LOCAL_EXEMPLAR[Filter lösen;keine Kartenbedeutung]	NONE;DUAL_UNRESOLVED	NO	PASS_EXACT_OPAQUE_ID_SEQUENCE	SEGMENTATION=Benachbarte Felder könnten eine größere Exemplarklausel bilden.; NONMEDICAL=Zyklus wiederholen [Ganzfeldexemplar B3, Feld 35/38]	REGISTER_IDS_RECORD_LOCAL;LINE_RESET_NOT_SENTENCE;DUAL_LOCAL_EXEMPLAR_ONLY
B3-S032	B3	f83r	32	F106	f83r.22	1	NONE	5	303|304|305|306|307	d784b2abcaf1a3703de2|6f7ff8287eddf4da9fdb|1779decef17481ec2853|54d0e228ca346110af05|c45ebac60774620561e2	F106:TERMINAL	WITHIN_LOCUS_FIELD_BOUNDARY	WITHIN_LOCUS_FIELD_BOUNDARY	EXEMPLAR_ONLY > EXEMPLAR_ONLY > EXEMPLAR_ONLY > EXEMPLAR_ONLY > EXEMPLAR_ONLY	UNPARSED	0	5	WITHIN_RECORD_TRANSITION	OWNER=B3:O01;ACTIVE_ITEM/PREPARATION=B3:I003;TARGET/STATION=B3:T014;PREVIOUS_ITEM=B3:I001	CARRY/CARRY/INTRODUCE/RESUME	OWNER | ACTIVE_ITEM/PREPARATION | PREVIOUS_ITEM	OWNER:CARRY(B3:O01) -> ACTIVE_ITEM/PREPARATION:CARRY(B3:I003) -> TARGET/STATION:CARRY(B3:T014) -> PREVIOUS_ITEM:CARRY(B3:I001) -> PREVIOUS_ITEM:RESUME(B3:I001;LOCAL_FILLER) -> TARGET/STATION:INTRODUCE(B3:T015;LOCAL_BROAD_VESSEL)	OWNER=B3:O01;ACTIVE_ITEM/PREPARATION=B3:I003;TARGET/STATION=B3:T015;PREVIOUS_ITEM=B3:I001	YES	NO	[REGISTER:OWNER=B3:O01] [EXEMPLAR:A005+A011+A015+A022:beginne die Spülung] ; [REGISTER:OWNER=B3:O01] [EXEMPLAR:A010+A011+A013+A022:rühre, bis alles gleichmäßig vermischt ist] ; [REGISTER:OWNER=B3:O01] [EXEMPLAR:A002+A011+A022:das breite Gefäß] ; [REGISTER:OWNER=B3:O01] [EXEMPLAR:A009+A011+A022:für dieselbe Dauer wie zuvor] ; [REGISTER:OWNER=B3:O01] [EXEMPLAR:A011+A012+A022:lasse es bis zur Klarheit ziehen und beende den Schritt]	LOCAL_EXEMPLAR[Filtertuch oder Sieb einsetzen;keine Kartenbedeutung] ; LOCAL_EXEMPLAR[Charge durch den Filter führen;keine Kartenbedeutung] ; LOCAL_EXEMPLAR[Rückstand vom Filter abnehmen;keine Kartenbedeutung] ; LOCAL_EXEMPLAR[Filtrat im Zielbecken auffangen;keine Kartenbedeutung] ; LOCAL_EXEMPLAR[Filtertuch oder Sieb einsetzen;keine Kartenbedeutung]	NONE;DUAL_UNRESOLVED	NO	PASS_EXACT_OPAQUE_ID_SEQUENCE	SEGMENTATION=Benachbarte Felder könnten eine größere Exemplarklausel bilden.; NONMEDICAL=Zyklus wiederholen [Ganzfeldexemplar B3, Feld 36/38]	REGISTER_IDS_RECORD_LOCAL;LINE_RESET_NOT_SENTENCE;DUAL_LOCAL_EXEMPLAR_ONLY
B3-S033	B3	f83r	33	F107	f83r.22	1	NONE	1	308	04a3877f0fc81b7597c9	F107:TERMINAL	WITHIN_LOCUS_FIELD_BOUNDARY	START_NEW_CLAUSE	EXEMPLAR_ONLY	UNPARSED	0	1	WITHIN_RECORD_TRANSITION	OWNER=B3:O01;ACTIVE_ITEM/PREPARATION=B3:I003;TARGET/STATION=B3:T015;PREVIOUS_ITEM=B3:I001	CARRY/CARRY/CARRY/CARRY	OWNER | ACTIVE_ITEM/PREPARATION	OWNER:CARRY(B3:O01) -> ACTIVE_ITEM/PREPARATION:CARRY(B3:I003) -> TARGET/STATION:CARRY(B3:T015) -> PREVIOUS_ITEM:CARRY(B3:I001)	OWNER=B3:O01;ACTIVE_ITEM/PREPARATION=B3:I003;TARGET/STATION=B3:T015;PREVIOUS_ITEM=B3:I001	YES	YES	[REGISTER:OWNER=B3:O01] [EXEMPLAR:A011+A022:ziehe es ab und beende den Schritt]	LOCAL_EXEMPLAR[Rücklaufleitung öffnen;keine Kartenbedeutung]	NONE;DUAL_UNRESOLVED	NO	PASS_EXACT_OPAQUE_ID_SEQUENCE	SEGMENTATION=Benachbarte Felder könnten eine größere Exemplarklausel bilden.; NONMEDICAL=Zyklus wiederholen [Ganzfeldexemplar B3, Feld 37/38]	REGISTER_IDS_RECORD_LOCAL;LINE_RESET_NOT_SENTENCE;DUAL_LOCAL_EXEMPLAR_ONLY
B3-S034	B3	f83r	34	F108	f83r.24	1	NONE	6	309|310|311|312|313|314	2c82523794dcb7d2b343|e0b630cb1b5df5e7105b|80ebbbbf238eee9f0aef|54d0e228ca346110af05|7811a7daff25d476e28d|bc4f1f5c006c74a4d26d	F108:TERMINAL	START_NEW_CLAUSE	RECORD_END	EXEMPLAR_ONLY > STATE_GATE > EXEMPLAR_ONLY > EXEMPLAR_ONLY > EXEMPLAR_ONLY > EXEMPLAR_ONLY	AMBIGUOUS	1	5	WITHIN_RECORD_TRANSITION	OWNER=B3:O01;ACTIVE_ITEM/PREPARATION=B3:I003;TARGET/STATION=B3:T015;PREVIOUS_ITEM=B3:I001	CARRY/INTRODUCE/INTRODUCE/INTRODUCE	OWNER | ACTIVE_ITEM/PREPARATION | PREVIOUS_ITEM	OWNER:CARRY(B3:O01) -> PREVIOUS_ITEM:INTRODUCE_FROM_ACTIVE(B3:I003) -> ACTIVE_ITEM/PREPARATION:INTRODUCE(B3:I004) -> TARGET/STATION:RESET(NEW_OR_PARALLEL_CLAUSE) -> TARGET/STATION:INTRODUCE(B3:T016;LOCAL_LOWER_BASIN)	OWNER=B3:O01;ACTIVE_ITEM/PREPARATION=B3:I004;TARGET/STATION=B3:T016;PREVIOUS_ITEM=B3:I003	YES	NO	[REGISTER:OWNER=B3:O01] [EXEMPLAR:A011+A012+A022:bis es klar ist] ; [CARD:BEREIT?] [REGISTER:ACTIVE_ITEM/PREPARATION=B3:I004] [EXEMPLAR:A004+A011+A022:den örtlichen Prüfzustand der Charge feststellen] ; [REGISTER:OWNER=B3:O01] [EXEMPLAR:A010+A011+A022:Gleichmäßig bearbeiten] ; [REGISTER:OWNER=B3:O01] [EXEMPLAR:A009+A011+A022:für dieselbe Dauer wie zuvor] ; [REGISTER:OWNER=B3:O01] [EXEMPLAR:A002+A011+A022:das untere Becken] ; [REGISTER:OWNER=B3:O01] [EXEMPLAR:A011+A012+A022:lasse es bis zur Bereitschaft stehen und beende den Schritt]	LOCAL_EXEMPLAR[fertige Charge markieren;keine Kartenbedeutung] ; BEREIT?=Freigabestand der aktiven Charge prüfen ; LOCAL_ARGUMENT[Arbeitsstand der Charge an Hauptbecken C mit Vorwärmer W3, Leitungen L1-L4, Filter F3, Unterlauf U3 und Rücklauf R3] ; LOCAL_EXEMPLAR[Charge an den nächsten Lauf übergeben;keine Kartenbedeutung] ; LOCAL_EXEMPLAR[offenen Arbeitsstand fortschreiben;keine Kartenbedeutung] ; LOCAL_EXEMPLAR[fertige Charge markieren;keine Kartenbedeutung] ; LOCAL_EXEMPLAR[Zielstation bestätigen;keine Kartenbedeutung]	NONE;DUAL_UNRESOLVED	NO	PASS_EXACT_OPAQUE_ID_SEQUENCE	SEGMENTATION=NEXT_PARALLEL_CELL: F108 kann die letzte gleichrangige Stationszelle sein.; NONMEDICAL=Zyklus wiederholen [Ganzfeldexemplar B3, Feld 38/38]	REGISTER_IDS_RECORD_LOCAL;LINE_RESET_NOT_SENTENCE;DUAL_LOCAL_EXEMPLAR_ONLY
B4-S001	B4	f83r	1	F109	f83r.25	1	NONE	1	315	7d25241b0e56c836372a	F109:TERMINAL	RECORD_START	WITHIN_LOCUS_FIELD_BOUNDARY	EXEMPLAR_ONLY	UNPARSED	0	1	PASS_RESET_AT_RECORD_START	OWNER=UNSET;ACTIVE_ITEM/PREPARATION=UNSET;TARGET/STATION=UNSET;PREVIOUS_ITEM=UNSET	INTRODUCE/INTRODUCE/RESET/RESET	ACTIVE_ITEM/PREPARATION	OWNER:INTRODUCE(B4:O01) -> ACTIVE_ITEM/PREPARATION:INTRODUCE(B4:I001) -> TARGET/STATION:RESET -> PREVIOUS_ITEM:RESET	OWNER=B4:O01;ACTIVE_ITEM/PREPARATION=B4:I001;TARGET/STATION=UNSET;PREVIOUS_ITEM=UNSET	YES	YES	[REGISTER:OWNER=B4:O01] [EXEMPLAR:A001+A005+A006+A008+A011+A015+A023:tauche das Tuch oder die Auflage in die temperierte Flüssigkeit und beende den Schritt]	LOCAL_EXEMPLAR[Beckenrand und Fugen sichten;keine Kartenbedeutung]	NONE;DUAL_UNRESOLVED	NO	PASS_EXACT_OPAQUE_ID_SEQUENCE	SEGMENTATION=Ein erstes Feld kann Überschrift oder Rubrik statt Klausel sein.; NONMEDICAL=bezeichneten Lauf warm reinigen [Ganzfeldexemplar B4, Feld 1/20]	REGISTER_IDS_RECORD_LOCAL;LINE_RESET_NOT_SENTENCE;DUAL_LOCAL_EXEMPLAR_ONLY
B4-S002	B4	f83r	2	F110	f83r.25	1	NONE	3	316|317|318	e2eb77ca9d9e1a8ba29a|0275fbf14e07935b0a45|7db18b2f0fb7ed0fcfd3	F110:TERMINAL	WITHIN_LOCUS_FIELD_BOUNDARY	WITHIN_LOCUS_FIELD_BOUNDARY	EXEMPLAR_ONLY > ACTION_TEMPER > TERMINAL_FLUSH	AMBIGUOUS	2	1	WITHIN_RECORD_TRANSITION	OWNER=B4:O01;ACTIVE_ITEM/PREPARATION=B4:I001;TARGET/STATION=UNSET;PREVIOUS_ITEM=UNSET	CARRY/CARRY/INTRODUCE/CARRY	OWNER | ACTIVE_ITEM/PREPARATION | TARGET/STATION	OWNER:CARRY(B4:O01) -> ACTIVE_ITEM/PREPARATION:CARRY(B4:I001) -> TARGET/STATION:CARRY(UNSET) -> PREVIOUS_ITEM:CARRY(UNSET) -> TARGET/STATION:INTRODUCE(B4:T001;LOCAL_MARKED_TARGET)	OWNER=B4:O01;ACTIVE_ITEM/PREPARATION=B4:I001;TARGET/STATION=B4:T001;PREVIOUS_ITEM=UNSET	YES	YES	[REGISTER:OWNER=B4:O01] [EXEMPLAR:A002+A009+A011+A023:fülle danach das Gefäß] ; [CARD:TEMPERIEREN?] [REGISTER:ACTIVE_ITEM/PREPARATION=B4:I001] [EXEMPLAR:A005+A008+A011+A015+A023:die Charge für den vorgesehenen Gebrauch temperieren] ; [CARD:SPÜLEN?] [REGISTER:ACTIVE_ITEM/PREPARATION=B4:I001;TARGET/STATION=B4:T001] [EXEMPLAR:A001+A003+A004+A005+A011+A014+A015+A023:die bezeichnete Stelle oder den Lauf mit der aktiven Waschflotte spülen]	LOCAL_EXEMPLAR[Spülwasser zuführen;keine Kartenbedeutung] ; TEMPERIEREN?=aktive Charge gelinde erwärmen ; LOCAL_ARGUMENT[aktive Charge an der Wärmestelle von Nachklärbecken D mit Warmzulauf W4, Filtertuch F4, Unterlauf U4 und Rückleitung R4] ; SPÜLEN?=aktiven Lauf spülen und abschließen ; LOCAL_ARGUMENT[Leitungsweg von Nachklärbecken D mit Warmzulauf W4, Filtertuch F4, Unterlauf U4 und Rückleitung R4]	NONE;DUAL_UNRESOLVED	NO	PASS_EXACT_OPAQUE_ID_SEQUENCE	SEGMENTATION=Benachbarte Felder könnten eine größere Exemplarklausel bilden.; NONMEDICAL=bezeichneten Lauf warm reinigen [Ganzfeldexemplar B4, Feld 2/20]	REGISTER_IDS_RECORD_LOCAL;LINE_RESET_NOT_SENTENCE;DUAL_LOCAL_EXEMPLAR_ONLY
B4-S003	B4	f83r	3	F111|F112	f83r.25|f83r.26	2	B4-LB01	7	319|320|321|322|323|324|325	6f7ff8287eddf4da9fdb|90bcf0a9ec0ef56399e6|faf321940aed922846a9|0275fbf14e07935b0a45|276a7c2d74d1143446f4|dcda95c81a5460feb191|bc4f1f5c006c74a4d26d	F111:OPEN > F112:TERMINAL	WITHIN_LOCUS_FIELD_BOUNDARY	WITHIN_LOCUS_FIELD_BOUNDARY	EXEMPLAR_ONLY > EXEMPLAR_ONLY > SELECT_PART > ACTION_TEMPER > ACTION_APPLY > LINK_ACTIVE > EXEMPLAR_ONLY	AMBIGUOUS	4	3	WITHIN_RECORD_TRANSITION	OWNER=B4:O01;ACTIVE_ITEM/PREPARATION=B4:I001;TARGET/STATION=B4:T001;PREVIOUS_ITEM=UNSET	CARRY/INTRODUCE/INTRODUCE/INTRODUCE	OWNER | TARGET/STATION | PREVIOUS_ITEM	OWNER:CARRY(B4:O01) -> ACTIVE_ITEM/PREPARATION:CARRY(B4:I001) -> TARGET/STATION:CARRY(B4:T001) -> PREVIOUS_ITEM:CARRY(UNSET) -> PREVIOUS_ITEM:INTRODUCE_FROM_ACTIVE(B4:I001;ANTEIL?) -> ACTIVE_ITEM/PREPARATION:INTRODUCE(B4:I002;ANTEIL?) -> TARGET/STATION:INTRODUCE(B4:T002;LOCAL_LOWER_OUTLET)	OWNER=B4:O01;ACTIVE_ITEM/PREPARATION=B4:I002;TARGET/STATION=B4:T002;PREVIOUS_ITEM=B4:I001	YES	NO	[REGISTER:OWNER=B4:O01] [EXEMPLAR:A010+A011+A013+A023:rühre, bis alles gleichmäßig vermischt ist] ; [REGISTER:OWNER=B4:O01] [EXEMPLAR:A001+A003+A011+A023:zum unteren Ablauf hin] ; [CARD:ANTEIL?] [REGISTER:OWNER=B4:O01;ACTIVE_ITEM/PREPARATION=B4:I002;PREVIOUS_ITEM=B4:I001] [EXEMPLAR:A010+A011+A023:einen recordlokalen Anteil auswählen] ; [CARD:TEMPERIEREN?] [REGISTER:ACTIVE_ITEM/PREPARATION=B4:I002] [EXEMPLAR:A005+A008+A011+A015+A023:die Charge für den vorgesehenen Gebrauch temperieren] ; [CARD:ANWENDEN?] [REGISTER:ACTIVE_ITEM/PREPARATION=B4:I002;TARGET/STATION=B4:T002] [EXEMPLAR:A001+A004+A005+A006+A010+A011+A015+A023:den gefilterten Waschposten an der äußeren Haut- oder Wundstelle gebrauchen] ; [FORMAL:AKTIVEN_ARBEITSSTAND_VERKNÜPFEN;KEINE_WORTBEDEUTUNG] [REGISTER:ACTIVE_ITEM/PREPARATION=B4:I002;PREVIOUS_ITEM=B4:I001] [EXEMPLAR:A010+A011+A013+A023:den recordlokalen aktiven Posten im Arbeitsgang fortführen] ; [REGISTER:OWNER=B4:O01] [EXEMPLAR:A011+A012+A023:lasse es bis zur Bereitschaft stehen und beende den Schritt]	LOCAL_EXEMPLAR[Filter lösen;keine Kartenbedeutung] ; LOCAL_EXEMPLAR[Leitungsöffnung ausstreichen;keine Kartenbedeutung] ; ANTEIL?=bezeichnete Teilcharge wählen ; LOCAL_ARGUMENT[Teilcharge aus B4:F112] ; TEMPERIEREN?=aktive Charge gelinde erwärmen ; LOCAL_ARGUMENT[aktive Charge an der Wärmestelle von Nachklärbecken D mit Warmzulauf W4, Filtertuch F4, Unterlauf U4 und Rückleitung R4] ; ANWENDEN?=aktive Charge am gesetzten Arbeitsziel einsetzen ; LOCAL_ARGUMENT[aktive Charge an technischem Stationsziel F112] ; AKTIVEN_ARBEITSSTAND_VERKNÜPFEN=FORMAL_OPAQUE_SLOT_OPERATION ; LOCAL_ARGUMENT[aktive Charge/Rücklauf des Feldes F112] ; LOCAL_EXEMPLAR[Wärmequelle am Becken anlegen;keine Kartenbedeutung]	NONE;DUAL_UNRESOLVED	NO	PASS_EXACT_OPAQUE_ID_SEQUENCE	SEGMENTATION=RESUME_ACTIVE_ITEM: F112 kann eine neue Anwendungsklausel am gleichen Bestand sein.; NONMEDICAL=bezeichneten Lauf warm reinigen [Ganzfeldexemplar B4, Feld 3/20] || bezeichneten Lauf warm reinigen [Ganzfeldexemplar B4, Feld 4/20]	REGISTER_IDS_RECORD_LOCAL;LINE_RESET_NOT_SENTENCE;DUAL_LOCAL_EXEMPLAR_ONLY
B4-S004	B4	f83r	4	F113	f83r.26	1	NONE	1	326	eb2e4bc143f623ee03ac	F113:TERMINAL	WITHIN_LOCUS_FIELD_BOUNDARY	NEXT_PARALLEL_CELL	EXEMPLAR_ONLY	UNPARSED	0	1	WITHIN_RECORD_TRANSITION	OWNER=B4:O01;ACTIVE_ITEM/PREPARATION=B4:I002;TARGET/STATION=B4:T002;PREVIOUS_ITEM=B4:I001	CARRY/CARRY/CARRY/CARRY	OWNER | ACTIVE_ITEM/PREPARATION	OWNER:CARRY(B4:O01) -> ACTIVE_ITEM/PREPARATION:CARRY(B4:I002) -> TARGET/STATION:CARRY(B4:T002) -> PREVIOUS_ITEM:CARRY(B4:I001)	OWNER=B4:O01;ACTIVE_ITEM/PREPARATION=B4:I002;TARGET/STATION=B4:T002;PREVIOUS_ITEM=B4:I001	YES	YES	[REGISTER:OWNER=B4:O01] [EXEMPLAR:A004+A006+A008+A011+A023:lege das warme Tuch auf die äußere Haut- oder Wundstelle und beende den Schritt]	LOCAL_EXEMPLAR[Rücklaufleitung öffnen;keine Kartenbedeutung]	NONE;DUAL_UNRESOLVED	NO	PASS_EXACT_OPAQUE_ID_SEQUENCE	SEGMENTATION=Benachbarte Felder könnten eine größere Exemplarklausel bilden.; NONMEDICAL=bezeichneten Lauf warm reinigen [Ganzfeldexemplar B4, Feld 5/20]	REGISTER_IDS_RECORD_LOCAL;LINE_RESET_NOT_SENTENCE;DUAL_LOCAL_EXEMPLAR_ONLY
B4-S005	B4	f83r	5	F114	f83r.27	1	NONE	3	327|328|329	53cd0637c6820ba5e91f|6f7ff8287eddf4da9fdb|7d25241b0e56c836372a	F114:TERMINAL	NEXT_PARALLEL_CELL	WITHIN_LOCUS_FIELD_BOUNDARY	EXEMPLAR_ONLY > EXEMPLAR_ONLY > EXEMPLAR_ONLY	UNPARSED	0	3	WITHIN_RECORD_TRANSITION	OWNER=B4:O01;ACTIVE_ITEM/PREPARATION=B4:I002;TARGET/STATION=B4:T002;PREVIOUS_ITEM=B4:I001	CARRY/INTRODUCE/INTRODUCE/INTRODUCE	OWNER | ACTIVE_ITEM/PREPARATION	OWNER:CARRY(B4:O01) -> PREVIOUS_ITEM:INTRODUCE_FROM_ACTIVE(B4:I002) -> ACTIVE_ITEM/PREPARATION:INTRODUCE(B4:I003) -> TARGET/STATION:RESET(NEW_OR_PARALLEL_CLAUSE) -> TARGET/STATION:INTRODUCE(B4:T003;LOCAL_CLOTH)	OWNER=B4:O01;ACTIVE_ITEM/PREPARATION=B4:I003;TARGET/STATION=B4:T003;PREVIOUS_ITEM=B4:I002	YES	NO	[REGISTER:OWNER=B4:O01] [EXEMPLAR:A006+A011+A023:durch ein Tuch] ; [REGISTER:OWNER=B4:O01] [EXEMPLAR:A010+A011+A013+A023:rühre, bis alles gleichmäßig vermischt ist] ; [REGISTER:OWNER=B4:O01] [EXEMPLAR:A001+A005+A006+A008+A011+A015+A023:tauche das Tuch oder die Auflage in die temperierte Flüssigkeit und beende den Schritt]	LOCAL_EXEMPLAR[Filtertuch oder Sieb einsetzen;keine Kartenbedeutung] ; LOCAL_EXEMPLAR[Charge durch den Filter führen;keine Kartenbedeutung] ; LOCAL_EXEMPLAR[Rückstand vom Filter abnehmen;keine Kartenbedeutung]	NONE;DUAL_UNRESOLVED	NO	PASS_EXACT_OPAQUE_ID_SEQUENCE	SEGMENTATION=START_NEW_CLAUSE: f83r.27 kann ein eigener Filtrationsabschnitt sein.; NONMEDICAL=Rückstand filtern [Ganzfeldexemplar B4, Feld 6/20]	REGISTER_IDS_RECORD_LOCAL;LINE_RESET_NOT_SENTENCE;DUAL_LOCAL_EXEMPLAR_ONLY
B4-S006	B4	f83r	6	F115	f83r.27	1	NONE	1	330	d68bc8de3bcee09db23c	F115:TERMINAL	WITHIN_LOCUS_FIELD_BOUNDARY	WITHIN_LOCUS_FIELD_BOUNDARY	EXEMPLAR_ONLY	UNPARSED	0	1	WITHIN_RECORD_TRANSITION	OWNER=B4:O01;ACTIVE_ITEM/PREPARATION=B4:I003;TARGET/STATION=B4:T003;PREVIOUS_ITEM=B4:I002	CARRY/CARRY/INTRODUCE/CARRY	OWNER | ACTIVE_ITEM/PREPARATION	OWNER:CARRY(B4:O01) -> ACTIVE_ITEM/PREPARATION:CARRY(B4:I003) -> TARGET/STATION:CARRY(B4:T003) -> PREVIOUS_ITEM:CARRY(B4:I002) -> TARGET/STATION:INTRODUCE(B4:T004;LOCAL_CLOTH)	OWNER=B4:O01;ACTIVE_ITEM/PREPARATION=B4:I003;TARGET/STATION=B4:T004;PREVIOUS_ITEM=B4:I002	YES	NO	[REGISTER:OWNER=B4:O01] [EXEMPLAR:A006+A009+A011+A023:seihe es einmal durch ein Tuch und beende den Schritt]	LOCAL_EXEMPLAR[Filter lösen;keine Kartenbedeutung]	NONE;DUAL_UNRESOLVED	NO	PASS_EXACT_OPAQUE_ID_SEQUENCE	SEGMENTATION=Benachbarte Felder könnten eine größere Exemplarklausel bilden.; NONMEDICAL=Rückstand filtern [Ganzfeldexemplar B4, Feld 7/20]	REGISTER_IDS_RECORD_LOCAL;LINE_RESET_NOT_SENTENCE;DUAL_LOCAL_EXEMPLAR_ONLY
B4-S007	B4	f83r	7	F116	f83r.27	1	NONE	1	331	d68bc8de3bcee09db23c	F116:TERMINAL	WITHIN_LOCUS_FIELD_BOUNDARY	NEXT_PARALLEL_CELL	EXEMPLAR_ONLY	UNPARSED	0	1	WITHIN_RECORD_TRANSITION	OWNER=B4:O01;ACTIVE_ITEM/PREPARATION=B4:I003;TARGET/STATION=B4:T004;PREVIOUS_ITEM=B4:I002	CARRY/CARRY/INTRODUCE/CARRY	OWNER | ACTIVE_ITEM/PREPARATION	OWNER:CARRY(B4:O01) -> ACTIVE_ITEM/PREPARATION:CARRY(B4:I003) -> TARGET/STATION:CARRY(B4:T004) -> PREVIOUS_ITEM:CARRY(B4:I002) -> TARGET/STATION:INTRODUCE(B4:T005;LOCAL_CLOTH)	OWNER=B4:O01;ACTIVE_ITEM/PREPARATION=B4:I003;TARGET/STATION=B4:T005;PREVIOUS_ITEM=B4:I002	YES	NO	[REGISTER:OWNER=B4:O01] [EXEMPLAR:A006+A009+A011+A023:seihe es einmal durch ein Tuch und beende den Schritt]	LOCAL_EXEMPLAR[Spülwasser zuführen;keine Kartenbedeutung]	NONE;DUAL_UNRESOLVED	NO	PASS_EXACT_OPAQUE_ID_SEQUENCE	SEGMENTATION=Benachbarte Felder könnten eine größere Exemplarklausel bilden.; NONMEDICAL=Rückstand filtern [Ganzfeldexemplar B4, Feld 8/20]	REGISTER_IDS_RECORD_LOCAL;LINE_RESET_NOT_SENTENCE;DUAL_LOCAL_EXEMPLAR_ONLY
B4-S008	B4	f83r	8	F117	f83r.28	1	NONE	4	332|333|334|335	2f1c5e56e8f0ff459065|2c1a5fd92b9e3c762242|92e43836d82f98bf02d3|7db18b2f0fb7ed0fcfd3	F117:TERMINAL	NEXT_PARALLEL_CELL	WITHIN_LOCUS_FIELD_BOUNDARY	PARAMETER_ASSIGN > EXEMPLAR_ONLY > EXEMPLAR_ONLY > TERMINAL_FLUSH	AMBIGUOUS	2	2	WITHIN_RECORD_TRANSITION	OWNER=B4:O01;ACTIVE_ITEM/PREPARATION=B4:I003;TARGET/STATION=B4:T005;PREVIOUS_ITEM=B4:I002	CARRY/INTRODUCE/INTRODUCE/INTRODUCE	OWNER | ACTIVE_ITEM/PREPARATION | TARGET/STATION	OWNER:CARRY(B4:O01) -> PREVIOUS_ITEM:INTRODUCE_FROM_ACTIVE(B4:I003) -> ACTIVE_ITEM/PREPARATION:INTRODUCE(B4:I004) -> TARGET/STATION:RESET(NEW_OR_PARALLEL_CLAUSE) -> TARGET/STATION:INTRODUCE(B4:T006;LOCAL_FIRST_OPENING) -> TARGET/STATION:INTRODUCE(B4:T007;LOCAL_MARKED_TARGET)	OWNER=B4:O01;ACTIVE_ITEM/PREPARATION=B4:I004;TARGET/STATION=B4:T007;PREVIOUS_ITEM=B4:I003	YES	NO	[CARD:MASS?] [REGISTER:ACTIVE_ITEM/PREPARATION=B4:I004] [EXEMPLAR:A010+A011+A023:den aktiven Posten nach der örtlichen Vorschrift bemessen] ; [REGISTER:OWNER=B4:O01] [EXEMPLAR:A008+A011+A023:solange es noch warm ist] ; [REGISTER:OWNER=B4:O01] [EXEMPLAR:A003+A009+A011+A014+A023:die erste Öffnung] ; [CARD:SPÜLEN?] [REGISTER:ACTIVE_ITEM/PREPARATION=B4:I004;TARGET/STATION=B4:T007] [EXEMPLAR:A001+A003+A004+A005+A011+A014+A015+A023:die bezeichnete Stelle oder den Lauf mit der aktiven Waschflotte spülen]	MASS?=vorgesehenen Mengenwert buchen ; LOCAL_ARGUMENT[Mengenbuch=B4:F117:M] ; LOCAL_EXEMPLAR[Leitung bis zum klaren Lauf spülen;keine Kartenbedeutung] ; LOCAL_EXEMPLAR[Spülrest getrennt auffangen;keine Kartenbedeutung] ; SPÜLEN?=aktiven Lauf spülen und abschließen ; LOCAL_ARGUMENT[Leitungsweg von Nachklärbecken D mit Warmzulauf W4, Filtertuch F4, Unterlauf U4 und Rückleitung R4]	NONE;DUAL_UNRESOLVED	NO	PASS_EXACT_OPAQUE_ID_SEQUENCE	SEGMENTATION=START_NEW_CLAUSE: der neue Parametersatz kann eine neue Prozessphase eröffnen.; NONMEDICAL=Rückstand filtern [Ganzfeldexemplar B4, Feld 9/20]	REGISTER_IDS_RECORD_LOCAL;LINE_RESET_NOT_SENTENCE;DUAL_LOCAL_EXEMPLAR_ONLY
B4-S009	B4	f83r	9	F118	f83r.28	1	NONE	1	336	bc4f1f5c006c74a4d26d	F118:TERMINAL	WITHIN_LOCUS_FIELD_BOUNDARY	WITHIN_LOCUS_FIELD_BOUNDARY	EXEMPLAR_ONLY	UNPARSED	0	1	WITHIN_RECORD_TRANSITION	OWNER=B4:O01;ACTIVE_ITEM/PREPARATION=B4:I004;TARGET/STATION=B4:T007;PREVIOUS_ITEM=B4:I003	CARRY/CARRY/CARRY/CARRY	OWNER | ACTIVE_ITEM/PREPARATION	OWNER:CARRY(B4:O01) -> ACTIVE_ITEM/PREPARATION:CARRY(B4:I004) -> TARGET/STATION:CARRY(B4:T007) -> PREVIOUS_ITEM:CARRY(B4:I003)	OWNER=B4:O01;ACTIVE_ITEM/PREPARATION=B4:I004;TARGET/STATION=B4:T007;PREVIOUS_ITEM=B4:I003	YES	YES	[REGISTER:OWNER=B4:O01] [EXEMPLAR:A011+A012+A023:lasse es bis zur Bereitschaft stehen und beende den Schritt]	LOCAL_EXEMPLAR[Rücklaufleitung öffnen;keine Kartenbedeutung]	NONE;DUAL_UNRESOLVED	NO	PASS_EXACT_OPAQUE_ID_SEQUENCE	SEGMENTATION=Benachbarte Felder könnten eine größere Exemplarklausel bilden.; NONMEDICAL=Rückstand filtern [Ganzfeldexemplar B4, Feld 10/20]	REGISTER_IDS_RECORD_LOCAL;LINE_RESET_NOT_SENTENCE;DUAL_LOCAL_EXEMPLAR_ONLY
B4-S010	B4	f83r	10	F119	f83r.28	1	NONE	1	337	1b1ffdd869fb1429ad03	F119:TERMINAL	WITHIN_LOCUS_FIELD_BOUNDARY	START_NEW_CLAUSE	EXEMPLAR_ONLY	UNPARSED	0	1	WITHIN_RECORD_TRANSITION	OWNER=B4:O01;ACTIVE_ITEM/PREPARATION=B4:I004;TARGET/STATION=B4:T007;PREVIOUS_ITEM=B4:I003	CARRY/CARRY/CARRY/CARRY	OWNER | ACTIVE_ITEM/PREPARATION	OWNER:CARRY(B4:O01) -> ACTIVE_ITEM/PREPARATION:CARRY(B4:I004) -> TARGET/STATION:CARRY(B4:T007) -> PREVIOUS_ITEM:CARRY(B4:I003)	OWNER=B4:O01;ACTIVE_ITEM/PREPARATION=B4:I004;TARGET/STATION=B4:T007;PREVIOUS_ITEM=B4:I003	YES	YES	[REGISTER:OWNER=B4:O01] [EXEMPLAR:A001+A005+A007+A008+A011+A015+A023:erwärme den Bade- oder Waschzusatz sanft und beende den Arbeitsschritt]	LOCAL_EXEMPLAR[Vorratscharge bereitstellen;keine Kartenbedeutung]	NONE;DUAL_UNRESOLVED	NO	PASS_EXACT_OPAQUE_ID_SEQUENCE	SEGMENTATION=Benachbarte Felder könnten eine größere Exemplarklausel bilden.; NONMEDICAL=unten ablassen [Ganzfeldexemplar B4, Feld 11/20]	REGISTER_IDS_RECORD_LOCAL;LINE_RESET_NOT_SENTENCE;DUAL_LOCAL_EXEMPLAR_ONLY
B4-S011	B4	f83r	11	F120|F121	f83r.35|f83r.37	2	B4-LB05	7	338|339|340|341|342|343|344	2f1c5e56e8f0ff459065|d904bf7b044dd3922781|daf32e6db9e04413ce7f|1645e612504fcef59ced|6f7ff8287eddf4da9fdb|dcda95c81a5460feb191|b958a512ca6a3559e86e	F120:OPEN > F121:TERMINAL	START_NEW_CLAUSE	WITHIN_LOCUS_FIELD_BOUNDARY	PARAMETER_ASSIGN > EXEMPLAR_ONLY > EXEMPLAR_ONLY > EXEMPLAR_ONLY > EXEMPLAR_ONLY > LINK_ACTIVE > EXEMPLAR_ONLY	AMBIGUOUS	2	5	WITHIN_RECORD_TRANSITION	OWNER=B4:O01;ACTIVE_ITEM/PREPARATION=B4:I004;TARGET/STATION=B4:T007;PREVIOUS_ITEM=B4:I003	CARRY/INTRODUCE/INTRODUCE/INTRODUCE	OWNER | ACTIVE_ITEM/PREPARATION | PREVIOUS_ITEM	OWNER:CARRY(B4:O01) -> PREVIOUS_ITEM:INTRODUCE_FROM_ACTIVE(B4:I004) -> ACTIVE_ITEM/PREPARATION:INTRODUCE(B4:I005) -> TARGET/STATION:RESET(NEW_OR_PARALLEL_CLAUSE) -> TARGET/STATION:INTRODUCE(B4:T008;LOCAL_BROAD_VESSEL)	OWNER=B4:O01;ACTIVE_ITEM/PREPARATION=B4:I005;TARGET/STATION=B4:T008;PREVIOUS_ITEM=B4:I004	YES	NO	[CARD:MASS?] [REGISTER:ACTIVE_ITEM/PREPARATION=B4:I005] [EXEMPLAR:A010+A011+A023:den aktiven Posten nach der örtlichen Vorschrift bemessen] ; [REGISTER:OWNER=B4:O01] [EXEMPLAR:A011+A023:bei sanfter Wärme] ; [REGISTER:OWNER=B4:O01] [EXEMPLAR:A002+A011+A023:das breite Gefäß] ; [REGISTER:OWNER=B4:O01] [EXEMPLAR:A002+A010+A011+A023:gib einen abgemessenen Anteil in das Gefäß] ; [REGISTER:OWNER=B4:O01] [EXEMPLAR:A010+A011+A013+A023:rühre, bis alles gleichmäßig vermischt ist] ; [FORMAL:AKTIVEN_ARBEITSSTAND_VERKNÜPFEN;KEINE_WORTBEDEUTUNG] [REGISTER:ACTIVE_ITEM/PREPARATION=B4:I005;PREVIOUS_ITEM=B4:I004] [EXEMPLAR:A010+A011+A013+A023:den recordlokalen aktiven Posten im Arbeitsgang fortführen] ; [REGISTER:OWNER=B4:O01] [EXEMPLAR:A001+A005+A009+A011+A015+A023:wasche zweimal und beende den Schritt]	MASS?=vorgesehenen Mengenwert buchen ; LOCAL_ARGUMENT[Mengenbuch=B4:F120:M] ; LOCAL_EXEMPLAR[Restcharge zurückführen;keine Kartenbedeutung] ; LOCAL_EXEMPLAR[vorigen Arbeitsstand aufnehmen;keine Kartenbedeutung] ; LOCAL_EXEMPLAR[Rückgabe an die Vorstation buchen;keine Kartenbedeutung] ; LOCAL_EXEMPLAR[Rücklaufleitung öffnen;keine Kartenbedeutung] ; AKTIVEN_ARBEITSSTAND_VERKNÜPFEN=FORMAL_OPAQUE_SLOT_OPERATION ; LOCAL_ARGUMENT[aktive Charge/Rücklauf des Feldes F121] ; LOCAL_EXEMPLAR[Charge in den Sammellauf ablassen;keine Kartenbedeutung]	NONE;DUAL_UNRESOLVED	NO	PASS_EXACT_OPAQUE_ID_SEQUENCE	SEGMENTATION=RESUME_ACTIVE_ITEM: der explizite Rückgriff kann eine neue Klausel statt unmittelbare Fortsetzung markieren.; NONMEDICAL=unten ablassen [Ganzfeldexemplar B4, Feld 12/20] || unten ablassen [Ganzfeldexemplar B4, Feld 13/20]	REGISTER_IDS_RECORD_LOCAL;LINE_RESET_NOT_SENTENCE;DUAL_LOCAL_EXEMPLAR_ONLY
B4-S012	B4	f83r	12	F122	f83r.37	1	NONE	1	345	de7321bface5628e35d6	F122:TERMINAL	WITHIN_LOCUS_FIELD_BOUNDARY	WITHIN_LOCUS_FIELD_BOUNDARY	TERMINAL_DRAIN	UNIQUE	1	0	WITHIN_RECORD_TRANSITION	OWNER=B4:O01;ACTIVE_ITEM/PREPARATION=B4:I005;TARGET/STATION=B4:T008;PREVIOUS_ITEM=B4:I004	CARRY/CARRY/RESUME/CARRY	OWNER | ACTIVE_ITEM/PREPARATION | TARGET/STATION	OWNER:CARRY(B4:O01) -> ACTIVE_ITEM/PREPARATION:CARRY(B4:I005) -> TARGET/STATION:CARRY(B4:T008) -> PREVIOUS_ITEM:CARRY(B4:I004) -> TARGET/STATION:RESUME(B4:T008;TARGET_SENSITIVE_ACTION)	OWNER=B4:O01;ACTIVE_ITEM/PREPARATION=B4:I005;TARGET/STATION=B4:T008;PREVIOUS_ITEM=B4:I004	YES	YES	[CARD:ABLASSEN?] [REGISTER:ACTIVE_ITEM/PREPARATION=B4:I005;TARGET/STATION=B4:T008] [EXEMPLAR:A001+A002+A003+A011+A013+A023:die verbrauchte Flüssigkeit zum Auffang- oder Auslassbereich abführen]	ABLASSEN?=aktive Charge ablassen und abschließen ; LOCAL_ARGUMENT[Unterlauf von Nachklärbecken D mit Warmzulauf W4, Filtertuch F4, Unterlauf U4 und Rückleitung R4]	NONE;DUAL_UNRESOLVED	NO	PASS_EXACT_OPAQUE_ID_SEQUENCE	SEGMENTATION=Benachbarte Felder könnten eine größere Exemplarklausel bilden.; NONMEDICAL=unten ablassen [Ganzfeldexemplar B4, Feld 14/20]	REGISTER_IDS_RECORD_LOCAL;LINE_RESET_NOT_SENTENCE;DUAL_LOCAL_EXEMPLAR_ONLY
B4-S013	B4	f83r	13	F123	f83r.37	1	NONE	2	346|347	232195d6ff2f326322f7|bc4f1f5c006c74a4d26d	F123:TERMINAL	WITHIN_LOCUS_FIELD_BOUNDARY	START_NEW_CLAUSE	EXEMPLAR_ONLY > EXEMPLAR_ONLY	UNPARSED	0	2	WITHIN_RECORD_TRANSITION	OWNER=B4:O01;ACTIVE_ITEM/PREPARATION=B4:I005;TARGET/STATION=B4:T008;PREVIOUS_ITEM=B4:I004	CARRY/CARRY/CARRY/CARRY	OWNER | ACTIVE_ITEM/PREPARATION	OWNER:CARRY(B4:O01) -> ACTIVE_ITEM/PREPARATION:CARRY(B4:I005) -> TARGET/STATION:CARRY(B4:T008) -> PREVIOUS_ITEM:CARRY(B4:I004)	OWNER=B4:O01;ACTIVE_ITEM/PREPARATION=B4:I005;TARGET/STATION=B4:T008;PREVIOUS_ITEM=B4:I004	YES	YES	[REGISTER:OWNER=B4:O01] [EXEMPLAR:A001+A003+A011+A013+A023:lasse die Mischung einlaufen] ; [REGISTER:OWNER=B4:O01] [EXEMPLAR:A011+A012+A023:lasse es bis zur Bereitschaft stehen und beende den Schritt]	LOCAL_EXEMPLAR[Charge ruhig stehen lassen;keine Kartenbedeutung] ; LOCAL_EXEMPLAR[klaren Oberlauf abnehmen;keine Kartenbedeutung]	NONE;DUAL_UNRESOLVED	NO	PASS_EXACT_OPAQUE_ID_SEQUENCE	SEGMENTATION=Benachbarte Felder könnten eine größere Exemplarklausel bilden.; NONMEDICAL=unten ablassen [Ganzfeldexemplar B4, Feld 15/20]	REGISTER_IDS_RECORD_LOCAL;LINE_RESET_NOT_SENTENCE;DUAL_LOCAL_EXEMPLAR_ONLY
B4-S014	B4	f83r	14	F124	f83r.38	1	NONE	4	348|349|350|351	7a4bb8136330ee4e6e56|b921a237be883a820352|ecce30bc8dcc400bf2c8|8aedd154964a78e555d6	F124:TERMINAL	START_NEW_CLAUSE	START_NEW_CLAUSE	LINK_ACTIVE > EXEMPLAR_ONLY > EXEMPLAR_ONLY > EXEMPLAR_ONLY	AMBIGUOUS	1	3	WITHIN_RECORD_TRANSITION	OWNER=B4:O01;ACTIVE_ITEM/PREPARATION=B4:I005;TARGET/STATION=B4:T008;PREVIOUS_ITEM=B4:I004	CARRY/INTRODUCE/INTRODUCE/INTRODUCE	OWNER	OWNER:CARRY(B4:O01) -> PREVIOUS_ITEM:INTRODUCE_FROM_ACTIVE(B4:I005) -> ACTIVE_ITEM/PREPARATION:INTRODUCE(B4:I006) -> TARGET/STATION:RESET(NEW_OR_PARALLEL_CLAUSE) -> ACTIVE_ITEM/PREPARATION:RESUME_OR_CONFIRM(B4:I006;ANSATZ?) -> TARGET/STATION:INTRODUCE(B4:T009;LOCAL_MARKED_TARGET)	OWNER=B4:O01;ACTIVE_ITEM/PREPARATION=B4:I006;TARGET/STATION=B4:T009;PREVIOUS_ITEM=B4:I005	YES	NO	[CARD:ANSATZ?] [REGISTER:ACTIVE_ITEM/PREPARATION=B4:I006;PREVIOUS_ITEM=B4:I005] [EXEMPLAR:A010+A011+A013+A023:den recordlokalen aktiven Posten im Arbeitsgang fortführen] ; [REGISTER:OWNER=B4:O01] [EXEMPLAR:A010+A011+A023:Diese aktive Portion] ; [REGISTER:OWNER=B4:O01] [EXEMPLAR:A004+A011+A014+A023:über der örtlich bezeichneten Stelle] ; [REGISTER:OWNER=B4:O01] [EXEMPLAR:A005+A011+A015+A023:gebrauche sie sofort und beende den Schritt]	ANSATZ?=aktiven Arbeitsansatz aufnehmen ; LOCAL_ARGUMENT[aktive Charge/Rücklauf des Feldes F124] ; LOCAL_EXEMPLAR[Charge in den Sammellauf ablassen;keine Kartenbedeutung] ; LOCAL_EXEMPLAR[Restlauf am Auslass beobachten;keine Kartenbedeutung] ; LOCAL_EXEMPLAR[Ablauf wieder schließen;keine Kartenbedeutung]	NONE;DUAL_UNRESOLVED	NO	PASS_EXACT_OPAQUE_ID_SEQUENCE	SEGMENTATION=NEXT_PARALLEL_CELL: beide können benachbarte Abschlusszellen desselben Durchgangs sein.; NONMEDICAL=neu ansetzen [Ganzfeldexemplar B4, Feld 16/20]	REGISTER_IDS_RECORD_LOCAL;LINE_RESET_NOT_SENTENCE;DUAL_LOCAL_EXEMPLAR_ONLY
B4-S015	B4	f83r	15	F125|F126	f83r.39|f83r.41	2	B4-LB08	6	352|353|354|355|356|357	1645e612504fcef59ced|b5df9126607030b95175|9da1b6ac2c929daea697|21ed2873b71e57269c08|42cdc187d5b9ffc60063|de7321bface5628e35d6	F125:OPEN > F126:TERMINAL	START_NEW_CLAUSE	WITHIN_LOCUS_FIELD_BOUNDARY	EXEMPLAR_ONLY > STATE_GATE > EXEMPLAR_ONLY > EXEMPLAR_ONLY > EXEMPLAR_ONLY > TERMINAL_DRAIN	AMBIGUOUS	2	4	WITHIN_RECORD_TRANSITION	OWNER=B4:O01;ACTIVE_ITEM/PREPARATION=B4:I006;TARGET/STATION=B4:T009;PREVIOUS_ITEM=B4:I005	CARRY/INTRODUCE/INTRODUCE/INTRODUCE	OWNER | ACTIVE_ITEM/PREPARATION | TARGET/STATION	OWNER:CARRY(B4:O01) -> PREVIOUS_ITEM:INTRODUCE_FROM_ACTIVE(B4:I006) -> ACTIVE_ITEM/PREPARATION:INTRODUCE(B4:I007) -> TARGET/STATION:RESET(NEW_OR_PARALLEL_CLAUSE) -> TARGET/STATION:INTRODUCE(B4:T010;LOCAL_UPPER_RUN)	OWNER=B4:O01;ACTIVE_ITEM/PREPARATION=B4:I007;TARGET/STATION=B4:T010;PREVIOUS_ITEM=B4:I006	YES	NO	[REGISTER:OWNER=B4:O01] [EXEMPLAR:A002+A010+A011+A023:gib einen abgemessenen Anteil in das Gefäß] ; [CARD:KLAR?] [REGISTER:ACTIVE_ITEM/PREPARATION=B4:I007] [EXEMPLAR:A004+A011+A023:den örtlichen Prüfzustand der Charge feststellen] ; [REGISTER:OWNER=B4:O01] [EXEMPLAR:A010+A011+A023:ein abgemessener Anteil] ; [REGISTER:OWNER=B4:O01] [EXEMPLAR:A009+A011+A023:für die angegebene Dauer] ; [REGISTER:OWNER=B4:O01] [EXEMPLAR:A001+A003+A009+A011+A023:öffne danach den oberen Lauf] ; [CARD:ABLASSEN?] [REGISTER:ACTIVE_ITEM/PREPARATION=B4:I007;TARGET/STATION=B4:T010] [EXEMPLAR:A001+A002+A003+A011+A013+A023:die verbrauchte Flüssigkeit zum Auffang- oder Auslassbereich abführen]	LOCAL_EXEMPLAR[Charge ruhig stehen lassen;keine Kartenbedeutung] ; KLAR?=Klarzustand der aktiven Charge prüfen ; LOCAL_ARGUMENT[Arbeitsstand der Charge an Nachklärbecken D mit Warmzulauf W4, Filtertuch F4, Unterlauf U4 und Rückleitung R4] ; LOCAL_EXEMPLAR[Bodensatz zurückhalten;keine Kartenbedeutung] ; LOCAL_EXEMPLAR[Klarstand im Register buchen;keine Kartenbedeutung] ; LOCAL_EXEMPLAR[unteren Ablauf öffnen;keine Kartenbedeutung] ; ABLASSEN?=aktive Charge ablassen und abschließen ; LOCAL_ARGUMENT[Unterlauf von Nachklärbecken D mit Warmzulauf W4, Filtertuch F4, Unterlauf U4 und Rückleitung R4]	NONE;DUAL_UNRESOLVED	NO	PASS_EXACT_OPAQUE_ID_SEQUENCE	SEGMENTATION=NEXT_PARALLEL_CELL: F126 kann eine unabhängige Ablasszelle sein.; NONMEDICAL=neu ansetzen [Ganzfeldexemplar B4, Feld 17/20] || neu ansetzen [Ganzfeldexemplar B4, Feld 18/20]	REGISTER_IDS_RECORD_LOCAL;LINE_RESET_NOT_SENTENCE;DUAL_LOCAL_EXEMPLAR_ONLY
B4-S016	B4	f83r	16	F127|F128	f83r.41|f83r.44	2	B4-LB09	4	358|359|360|361	94df4847b7b16c98394a|dd0ecaf5e27d81befffc|883a6708116c342cb10b|bc4f1f5c006c74a4d26d	F127:OPEN > F128:TERMINAL	WITHIN_LOCUS_FIELD_BOUNDARY	RECORD_END	EXEMPLAR_ONLY > TARGET_ASSIGN > EXEMPLAR_ONLY > EXEMPLAR_ONLY	AMBIGUOUS	1	3	WITHIN_RECORD_TRANSITION	OWNER=B4:O01;ACTIVE_ITEM/PREPARATION=B4:I007;TARGET/STATION=B4:T010;PREVIOUS_ITEM=B4:I006	CARRY/CARRY/INTRODUCE/CARRY	OWNER | ACTIVE_ITEM/PREPARATION	OWNER:CARRY(B4:O01) -> ACTIVE_ITEM/PREPARATION:CARRY(B4:I007) -> TARGET/STATION:CARRY(B4:T010) -> PREVIOUS_ITEM:CARRY(B4:I006) -> TARGET/STATION:INTRODUCE(B4:T011;LOCAL_LOWER_BASIN) -> TARGET/STATION:INTRODUCE(B4:T012;LOCAL_MARKED_TARGET)	OWNER=B4:O01;ACTIVE_ITEM/PREPARATION=B4:I007;TARGET/STATION=B4:T012;PREVIOUS_ITEM=B4:I006	YES	NO	[REGISTER:OWNER=B4:O01] [EXEMPLAR:A002+A011+A023:das untere Becken] ; [CARD:ZIEL?] [REGISTER:OWNER=B4:O01;TARGET/STATION=B4:T012] [EXEMPLAR:A003+A010+A011+A013+A014+A023:den aktiven Posten an der örtlich bezeichneten Station führen] ; [REGISTER:OWNER=B4:O01] [EXEMPLAR:A001+A008+A011+A023:gieße das erwärmte Wasser ein] ; [REGISTER:OWNER=B4:O01] [EXEMPLAR:A011+A012+A023:lasse es bis zur Bereitschaft stehen und beende den Schritt]	LOCAL_EXEMPLAR[Rücklaufleitung öffnen;keine Kartenbedeutung] ; ZIEL?=Arbeitsziel setzen oder bestätigen ; LOCAL_ARGUMENT[Zieladresse=Nachklärbecken D mit Warmzulauf W4, Filtertuch F4, Unterlauf U4 und Rückleitung R4] ; LOCAL_EXEMPLAR[fertige Charge markieren;keine Kartenbedeutung] ; LOCAL_EXEMPLAR[Zielstation bestätigen;keine Kartenbedeutung]	NONE;DUAL_UNRESOLVED	NO	PASS_EXACT_OPAQUE_ID_SEQUENCE	SEGMENTATION=RESUME_ACTIVE_ITEM: F128 kann eine neue Nachfüllklausel am gleichen Becken sein.; NONMEDICAL=neu ansetzen [Ganzfeldexemplar B4, Feld 19/20] || neu ansetzen [Ganzfeldexemplar B4, Feld 20/20]	REGISTER_IDS_RECORD_LOCAL;LINE_RESET_NOT_SENTENCE;DUAL_LOCAL_EXEMPLAR_ONLY
B5-S001	B5	f83r	1	F129	f83r.47	1	NONE	1	362	601b77449028deed39de	F129:TERMINAL	RECORD_START	WITHIN_LOCUS_FIELD_BOUNDARY	EXEMPLAR_ONLY	UNPARSED	0	1	PASS_RESET_AT_RECORD_START	OWNER=UNSET;ACTIVE_ITEM/PREPARATION=UNSET;TARGET/STATION=UNSET;PREVIOUS_ITEM=UNSET	INTRODUCE/INTRODUCE/RESET/RESET	ACTIVE_ITEM/PREPARATION	OWNER:INTRODUCE(B5:O01) -> ACTIVE_ITEM/PREPARATION:INTRODUCE(B5:I001) -> TARGET/STATION:RESET -> PREVIOUS_ITEM:RESET	OWNER=B5:O01;ACTIVE_ITEM/PREPARATION=B5:I001;TARGET/STATION=UNSET;PREVIOUS_ITEM=UNSET	YES	YES	[REGISTER:OWNER=B5:O01] [EXEMPLAR:A011+A024:ziehe es ab und beende den Schritt]	LOCAL_EXEMPLAR[unteren Ablauf öffnen;keine Kartenbedeutung]	NONE;DUAL_UNRESOLVED	NO	PASS_EXACT_OPAQUE_ID_SEQUENCE	SEGMENTATION=Ein erstes Feld kann Überschrift oder Rubrik statt Klausel sein.; NONMEDICAL=Restbestand abziehen [Ganzfeldexemplar B5, Feld 1/5]	REGISTER_IDS_RECORD_LOCAL;LINE_RESET_NOT_SENTENCE;DUAL_LOCAL_EXEMPLAR_ONLY
B5-S002	B5	f83r	2	F130	f83r.47	1	NONE	1	363	87411f84689b4f93a303	F130:TERMINAL	WITHIN_LOCUS_FIELD_BOUNDARY	WITHIN_LOCUS_FIELD_BOUNDARY	EXEMPLAR_ONLY	UNPARSED	0	1	WITHIN_RECORD_TRANSITION	OWNER=B5:O01;ACTIVE_ITEM/PREPARATION=B5:I001;TARGET/STATION=UNSET;PREVIOUS_ITEM=UNSET	CARRY/CARRY/CARRY/CARRY	OWNER | ACTIVE_ITEM/PREPARATION	OWNER:CARRY(B5:O01) -> ACTIVE_ITEM/PREPARATION:CARRY(B5:I001) -> TARGET/STATION:CARRY(UNSET) -> PREVIOUS_ITEM:CARRY(UNSET)	OWNER=B5:O01;ACTIVE_ITEM/PREPARATION=B5:I001;TARGET/STATION=UNSET;PREVIOUS_ITEM=UNSET	YES	YES	[REGISTER:OWNER=B5:O01] [EXEMPLAR:A008+A009+A011+A024:erwärme es einmal und beende den Schritt]	LOCAL_EXEMPLAR[Wärmequelle am Becken anlegen;keine Kartenbedeutung]	NONE;DUAL_UNRESOLVED	NO	PASS_EXACT_OPAQUE_ID_SEQUENCE	SEGMENTATION=Benachbarte Felder könnten eine größere Exemplarklausel bilden.; NONMEDICAL=Restbestand abziehen [Ganzfeldexemplar B5, Feld 2/5]	REGISTER_IDS_RECORD_LOCAL;LINE_RESET_NOT_SENTENCE;DUAL_LOCAL_EXEMPLAR_ONLY
B5-S003	B5	f83r	3	F131|F132|F133	f83r.47|f83r.48|f83r.49	3	B5-LB01|B5-LB02	9	364|365|366|367|368|369|370|371|372	abb23e5e6936b4147f76|dd0ecaf5e27d81befffc|dcda95c81a5460feb191|8c97dfde96fbc78e3355|00d8ebe3c68294eeac39|2f1c5e56e8f0ff459065|dcda95c81a5460feb191|fcc1deda9e24ec268eb0|6f7ff8287eddf4da9fdb	F131:OPEN > F132:OPEN > F133:OPEN	WITHIN_LOCUS_FIELD_BOUNDARY	RECORD_END	EXEMPLAR_ONLY > TARGET_ASSIGN > LINK_ACTIVE > EXEMPLAR_ONLY > EXEMPLAR_ONLY > PARAMETER_ASSIGN > LINK_ACTIVE > EXEMPLAR_ONLY > EXEMPLAR_ONLY	AMBIGUOUS	4	5	WITHIN_RECORD_TRANSITION	OWNER=B5:O01;ACTIVE_ITEM/PREPARATION=B5:I001;TARGET/STATION=UNSET;PREVIOUS_ITEM=UNSET	CARRY/CARRY/INTRODUCE/INTRODUCE	OWNER | ACTIVE_ITEM/PREPARATION | PREVIOUS_ITEM	OWNER:CARRY(B5:O01) -> ACTIVE_ITEM/PREPARATION:CARRY(B5:I001) -> TARGET/STATION:CARRY(UNSET) -> PREVIOUS_ITEM:CARRY(UNSET) -> PREVIOUS_ITEM:INTRODUCE_INFERRED(B5:I002;LOCAL_FILLER) -> TARGET/STATION:INTRODUCE(B5:T001;LOCAL_MARKED_TARGET) -> TARGET/STATION:INTRODUCE(B5:T002;LOCAL_SECOND_OPENING)	OWNER=B5:O01;ACTIVE_ITEM/PREPARATION=B5:I001;TARGET/STATION=B5:T002;PREVIOUS_ITEM=B5:I002	YES	NO	[REGISTER:OWNER=B5:O01] [EXEMPLAR:A011+A024:für einen Zeitabschnitt] ; [CARD:ZIEL?] [REGISTER:OWNER=B5:O01;TARGET/STATION=B5:T002] [EXEMPLAR:A003+A010+A011+A013+A014+A024:den aktiven Posten an der örtlich bezeichneten Station führen] ; [FORMAL:AKTIVEN_ARBEITSSTAND_VERKNÜPFEN;KEINE_WORTBEDEUTUNG] [REGISTER:ACTIVE_ITEM/PREPARATION=B5:I001;PREVIOUS_ITEM=B5:I002] [EXEMPLAR:A010+A011+A013+A024:den recordlokalen aktiven Posten im Arbeitsgang fortführen] ; [REGISTER:OWNER=B5:O01] [EXEMPLAR:A008+A011+A024:bis es warm ist] ; [REGISTER:OWNER=B5:O01] [EXEMPLAR:A009+A011+A013+A024:mit der vorigen Mischung] ; [CARD:MASS?] [REGISTER:ACTIVE_ITEM/PREPARATION=B5:I001] [EXEMPLAR:A010+A011+A024:den aktiven Posten nach der örtlichen Vorschrift bemessen] ; [FORMAL:AKTIVEN_ARBEITSSTAND_VERKNÜPFEN;KEINE_WORTBEDEUTUNG] [REGISTER:ACTIVE_ITEM/PREPARATION=B5:I001;PREVIOUS_ITEM=B5:I002] [EXEMPLAR:A010+A011+A013+A024:den recordlokalen aktiven Posten im Arbeitsgang fortführen] ; [REGISTER:OWNER=B5:O01] [EXEMPLAR:A003+A009+A011+A014+A024:die zweite Öffnung] ; [REGISTER:OWNER=B5:O01] [EXEMPLAR:A010+A011+A013+A024:rühre, bis alles gleichmäßig vermischt ist]	LOCAL_EXEMPLAR[Charge ruhig stehen lassen;keine Kartenbedeutung] ; ZIEL?=Arbeitsziel setzen oder bestätigen ; LOCAL_ARGUMENT[Zieladresse=Übergabebecken E mit Wärmeschale W5 und Leitung L5] ; AKTIVEN_ARBEITSSTAND_VERKNÜPFEN=FORMAL_OPAQUE_SLOT_OPERATION ; LOCAL_ARGUMENT[aktive Charge/Rücklauf des Feldes F132] ; LOCAL_EXEMPLAR[Fluss zur Zielstation führen;keine Kartenbedeutung] ; LOCAL_EXEMPLAR[Leitungsadresse im Register notieren;keine Kartenbedeutung] ; MASS?=vorgesehenen Mengenwert buchen ; LOCAL_ARGUMENT[Mengenbuch=B5:F132:M] ; AKTIVEN_ARBEITSSTAND_VERKNÜPFEN=FORMAL_OPAQUE_SLOT_OPERATION ; LOCAL_ARGUMENT[aktive Charge/Rücklauf des Feldes F133] ; LOCAL_EXEMPLAR[Zielstation bestätigen;keine Kartenbedeutung] ; LOCAL_EXEMPLAR[Charge an den nächsten Lauf übergeben;keine Kartenbedeutung]	NONE;DUAL_UNRESOLVED	NO	PASS_EXACT_OPAQUE_ID_SEQUENCE	SEGMENTATION=RESUME_ACTIVE_ITEM: die Dauer kann als eigener Merkslot vor einer neuen Klausel stehen. | RESUME_ACTIVE_ITEM: der Rückverweis kann einen neuen Stationssatz eröffnen.; NONMEDICAL=einmal erwärmen [Ganzfeldexemplar B5, Feld 3/5] || für die Arbeitsfrist halten [Ganzfeldexemplar B5, Feld 4/5] || nächster Station übergeben [Ganzfeldexemplar B5, Feld 5/5]	REGISTER_IDS_RECORD_LOCAL;LINE_RESET_NOT_SENTENCE;DUAL_LOCAL_EXEMPLAR_ONLY
B6-S001	B6	f83r	1	F134|F135	f83r.52|f83r.54	2	B6-LB01	9	373|374|375|376|377|378|379|380|381	1bfd786e6b8b63734a59|43eb9aa12959b4d5cdc9|3e9c7f217843b588489d|dcda95c81a5460feb191|2f1c5e56e8f0ff459065|dcda95c81a5460feb191|53cd0637c6820ba5e91f|b921a237be883a820352|97ddca78c9ebcc956d04	F134:OPEN > F135:OPEN	RECORD_START	RECORD_END	EXEMPLAR_ONLY > EXEMPLAR_ONLY > EXEMPLAR_ONLY > LINK_ACTIVE > PARAMETER_ASSIGN > LINK_ACTIVE > EXEMPLAR_ONLY > EXEMPLAR_ONLY > EXEMPLAR_ONLY	AMBIGUOUS	3	6	PASS_RESET_AT_RECORD_START	OWNER=UNSET;ACTIVE_ITEM/PREPARATION=UNSET;TARGET/STATION=UNSET;PREVIOUS_ITEM=UNSET	INTRODUCE/INTRODUCE/INTRODUCE/INTRODUCE	ACTIVE_ITEM/PREPARATION | PREVIOUS_ITEM	OWNER:INTRODUCE(B6:O01) -> ACTIVE_ITEM/PREPARATION:INTRODUCE(B6:I001) -> TARGET/STATION:RESET -> PREVIOUS_ITEM:RESET -> PREVIOUS_ITEM:INTRODUCE_INFERRED(B6:I002;LOCAL_FILLER) -> TARGET/STATION:INTRODUCE(B6:T001;LOCAL_PERSON_AT_BASIN) -> TARGET/STATION:INTRODUCE(B6:T002;LOCAL_FIRST_OPENING) -> TARGET/STATION:INTRODUCE(B6:T003;LOCAL_CLOTH) -> TARGET/STATION:INTRODUCE(B6:T004;LOCAL_MARKED_TARGET)	OWNER=B6:O01;ACTIVE_ITEM/PREPARATION=B6:I001;TARGET/STATION=B6:T004;PREVIOUS_ITEM=B6:I002	YES	NO	[REGISTER:OWNER=B6:O01] [EXEMPLAR:A002+A003+A011+A014+A025:richte die bezeichnete Beckenstation ein] ; [REGISTER:OWNER=B6:O01] [EXEMPLAR:A008+A011+A025:ohne Kochen] ; [REGISTER:OWNER=B6:O01] [EXEMPLAR:A003+A009+A011+A014+A025:die erste Öffnung] ; [FORMAL:AKTIVEN_ARBEITSSTAND_VERKNÜPFEN;KEINE_WORTBEDEUTUNG] [REGISTER:ACTIVE_ITEM/PREPARATION=B6:I001;PREVIOUS_ITEM=B6:I002] [EXEMPLAR:A010+A011+A013+A025:den recordlokalen aktiven Posten im Arbeitsgang fortführen] ; [CARD:MASS?] [FORMAL:VORGABEPARAMETER?;KEINE_WORTBEDEUTUNG] [REGISTER:ACTIVE_ITEM/PREPARATION=B6:I001] [EXEMPLAR:A010+A011+A025:den aktiven Posten nach der örtlichen Vorschrift bemessen] ; [FORMAL:AKTIVEN_ARBEITSSTAND_VERKNÜPFEN;KEINE_WORTBEDEUTUNG] [REGISTER:ACTIVE_ITEM/PREPARATION=B6:I001;PREVIOUS_ITEM=B6:I002] [EXEMPLAR:A010+A011+A013+A025:den recordlokalen aktiven Posten im Arbeitsgang fortführen] ; [REGISTER:OWNER=B6:O01] [EXEMPLAR:A006+A011+A025:durch ein Tuch] ; [REGISTER:OWNER=B6:O01] [EXEMPLAR:A010+A011+A025:Diese aktive Portion] ; [REGISTER:OWNER=B6:O01] [EXEMPLAR:A004+A011+A014+A025:an der bezeichneten Stelle]	LOCAL_EXEMPLAR[Beckenrand und Fugen sichten;keine Kartenbedeutung] ; LOCAL_EXEMPLAR[Zulauf vorerst schließen;keine Kartenbedeutung] ; LOCAL_EXEMPLAR[Filteraufnahme leeren;keine Kartenbedeutung] ; AKTIVEN_ARBEITSSTAND_VERKNÜPFEN=FORMAL_OPAQUE_SLOT_OPERATION ; LOCAL_ARGUMENT[aktive Charge/Rücklauf des Feldes F134] ; MASS?=vorgesehenen Mengenwert buchen ; VORGABEPARAMETER?=FORMAL_OPAQUE_SLOT_OPERATION ; LOCAL_ARGUMENT[Mengenbuch=B6:F135:M] ; AKTIVEN_ARBEITSSTAND_VERKNÜPFEN=FORMAL_OPAQUE_SLOT_OPERATION ; LOCAL_ARGUMENT[aktive Charge/Rücklauf des Feldes F135] ; LOCAL_EXEMPLAR[Rückstand vom Filter abnehmen;keine Kartenbedeutung] ; LOCAL_EXEMPLAR[Filtrat im Zielbecken auffangen;keine Kartenbedeutung] ; LOCAL_EXEMPLAR[Filtertuch oder Sieb einsetzen;keine Kartenbedeutung]	NONE;DUAL_UNRESOLVED	NO	PASS_EXACT_OPAQUE_ID_SEQUENCE	SEGMENTATION=RESUME_ACTIVE_ITEM: F135 kann die Ausführung einer vorher nur eingerichteten Station als neue Klausel sein.; NONMEDICAL=kalten Vorlauf übernehmen [Ganzfeldexemplar B6, Feld 1/2] || zum sichtbaren Ziel führen [Ganzfeldexemplar B6, Feld 2/2]	REGISTER_IDS_RECORD_LOCAL;LINE_RESET_NOT_SENTENCE;DUAL_LOCAL_EXEMPLAR_ONLY
