global_priority_rank	tier_rank	priority_tier	priority_reason	source_matrix_cell_id	frozen_frame	action_root	action_recipe	register	portable_component_trace_de	owner_local_component_trace_de	current_default_phrase_de	state_requirement	editorial_change_type	component_count	action_component_count	repeated_action_root_count	repeated_action_roots	repeated_action_fluency_warning	local_observed_head_count	local_observed_heads	local_observed_event_count	local_observed_clause_form_count	local_observed_page_count	local_observed_pages	cross_register_observed_cell_count	cross_register_observed_registers	cross_register_observed_event_count	cross_register_observed_page_count	cross_register_observed_pages	all_component_value_cells_old	evidence_status_retained	working_root_meaning_changed	surface_prediction_made	occurrence_prediction_made	guard
1	1	A_LOCAL_MULTIHEAD	TWO_OR_MORE_EXACT_OTHER_ACTION_CELLS_SAME_FRAME_REGISTER	G498-M178	@ACTION+AL	P	P+AL	BIOLOGICAL	EINSETZEN · ZIELORT	POSTEN EINSETZEN · ZIELSTATION	Setze das zuvor Genannte ein; zur Zielstation.	ACTIVE_ARGUMENT_REQUIRED	CONTEXT_NOUN_GENERALIZED	2	1	0	NONE	NO	8	OK|CH|SH|K|S|CHD|T|R	54	13	7	f75r|f76r|f77r|f81r|f81v|f82r|f83r	0	NONE	0	0	NONE	YES	COMPOSED_WORKING	NO	NO	NO	COMPOSED_WORKING_RETAINED__NO_SURFACE_OR_OCCURRENCE_PREDICTION
2	2	A_LOCAL_MULTIHEAD	TWO_OR_MORE_EXACT_OTHER_ACTION_CELLS_SAME_FRAME_REGISTER	G498-M413	@ACTION+Y	CH	CH+Y	BIOLOGICAL	NEHMEN · POSTEN	POSTEN ENTNEHMEN · STATIONSPOSTEN	Entnimm den Stationsposten.	SELF_CONTAINED_ARGUMENT	UNCHANGED_SELF_CONTAINED_RENDERER	2	1	0	NONE	NO	7	OK|SH|K|CHD|T|R|P	136	7	7	f75r|f76r|f77r|f81r|f81v|f82r|f83r	0	NONE	0	0	NONE	YES	COMPOSED_WORKING	NO	NO	NO	COMPOSED_WORKING_RETAINED__NO_SURFACE_OR_OCCURRENCE_PREDICTION
3	3	A_LOCAL_MULTIHEAD	TWO_OR_MORE_EXACT_OTHER_ACTION_CELLS_SAME_FRAME_REGISTER	G498-M428	@ACTION+Y	S	S+Y	BIOLOGICAL	WÄHLEN · POSTEN	STATION WÄHLEN · STATIONSPOSTEN	Wähle den Stationsposten.	SELF_CONTAINED_ARGUMENT	UNCHANGED_SELF_CONTAINED_RENDERER	2	1	0	NONE	NO	7	OK|SH|K|CHD|T|R|P	136	7	7	f75r|f76r|f77r|f81r|f81v|f82r|f83r	0	NONE	0	0	NONE	YES	COMPOSED_WORKING	NO	NO	NO	COMPOSED_WORKING_RETAINED__NO_SURFACE_OR_OCCURRENCE_PREDICTION
4	4	A_LOCAL_MULTIHEAD	TWO_OR_MORE_EXACT_OTHER_ACTION_CELLS_SAME_FRAME_REGISTER	G498-M027	@ACTION	CHD	CHD	HERBAL	BEARBEITEN	MATERIAL BEARBEITEN	Bearbeite das zuvor Genannte.	ACTIVE_ARGUMENT_REQUIRED	CONTEXT_NOUN_GENERALIZED	1	1	0	NONE	NO	7	OK|CH|SH|K|S|T|R	22	12	6	f11r|f13r|f24v|f55v|f56r|f95v	1	BIOLOGICAL	2	2	f77r|f83r	YES	COMPOSED_WORKING	NO	NO	NO	COMPOSED_WORKING_RETAINED__NO_SURFACE_OR_OCCURRENCE_PREDICTION
5	5	A_LOCAL_MULTIHEAD	TWO_OR_MORE_EXACT_OTHER_ACTION_CELLS_SAME_FRAME_REGISTER	G498-M042	@ACTION	P	P	HERBAL	EINSETZEN	MATERIAL EINSETZEN	Setze das zuvor Genannte ein.	ACTIVE_ARGUMENT_REQUIRED	CONTEXT_NOUN_GENERALIZED	1	1	0	NONE	NO	7	OK|CH|SH|K|S|T|R	22	12	6	f11r|f13r|f24v|f55v|f56r|f95v	0	NONE	0	0	NONE	YES	COMPOSED_WORKING	NO	NO	NO	COMPOSED_WORKING_RETAINED__NO_SURFACE_OR_OCCURRENCE_PREDICTION
6	6	A_LOCAL_MULTIHEAD	TWO_OR_MORE_EXACT_OTHER_ACTION_CELLS_SAME_FRAME_REGISTER	G498-M323	@ACTION+OL	CH	CH+OL	BIOLOGICAL	NEHMEN · FORTSETZEN	POSTEN ENTNEHMEN · STATION WEITERFÜHREN	Fahre fort: Entnimm das zuvor Genannte.	ACTIVE_ARGUMENT_REQUIRED	CONTEXT_NOUN_GENERALIZED__FORTSETZEN_COLON	2	1	0	NONE	NO	7	OK|SH|K|CHD|T|R|P	21	11	7	f75r|f76r|f77r|f81r|f81v|f82r|f83r	0	NONE	0	0	NONE	YES	COMPOSED_WORKING	NO	NO	NO	COMPOSED_WORKING_RETAINED__NO_SURFACE_OR_OCCURRENCE_PREDICTION
7	7	A_LOCAL_MULTIHEAD	TWO_OR_MORE_EXACT_OTHER_ACTION_CELLS_SAME_FRAME_REGISTER	G498-M338	@ACTION+OL	S	S+OL	BIOLOGICAL	WÄHLEN · FORTSETZEN	STATION WÄHLEN · STATION WEITERFÜHREN	Fahre fort: Wähle das zuvor Genannte.	ACTIVE_ARGUMENT_REQUIRED	CONTEXT_NOUN_GENERALIZED__FORTSETZEN_COLON	2	1	0	NONE	NO	7	OK|SH|K|CHD|T|R|P	21	11	7	f75r|f76r|f77r|f81r|f81v|f82r|f83r	0	NONE	0	0	NONE	YES	COMPOSED_WORKING	NO	NO	NO	COMPOSED_WORKING_RETAINED__NO_SURFACE_OR_OCCURRENCE_PREDICTION
8	8	A_LOCAL_MULTIHEAD	TWO_OR_MORE_EXACT_OTHER_ACTION_CELLS_SAME_FRAME_REGISTER	G498-M098	@ACTION+AIN	CH	CH+AIN	BIOLOGICAL	NEHMEN · ANTEIL	POSTEN ENTNEHMEN · STATIONSANTEIL	Entnimm den Stationsanteil.	SELF_CONTAINED_ARGUMENT	UNCHANGED_SELF_CONTAINED_RENDERER	2	1	0	NONE	NO	6	OK|K|S|CHD|T|R	83	6	7	f75r|f76r|f77r|f81r|f81v|f82r|f83r	0	NONE	0	0	NONE	YES	COMPOSED_WORKING	NO	NO	NO	COMPOSED_WORKING_RETAINED__NO_SURFACE_OR_OCCURRENCE_PREDICTION
9	9	A_LOCAL_MULTIHEAD	TWO_OR_MORE_EXACT_OTHER_ACTION_CELLS_SAME_FRAME_REGISTER	G498-M133	@ACTION+AIN	P	P+AIN	BIOLOGICAL	EINSETZEN · ANTEIL	POSTEN EINSETZEN · STATIONSANTEIL	Setze den Stationsanteil ein.	SELF_CONTAINED_ARGUMENT	UNCHANGED_SELF_CONTAINED_RENDERER	2	1	0	NONE	NO	6	OK|K|S|CHD|T|R	83	6	7	f75r|f76r|f77r|f81r|f81v|f82r|f83r	0	NONE	0	0	NONE	YES	COMPOSED_WORKING	NO	NO	NO	COMPOSED_WORKING_RETAINED__NO_SURFACE_OR_OCCURRENCE_PREDICTION
10	10	A_LOCAL_MULTIHEAD	TWO_OR_MORE_EXACT_OTHER_ACTION_CELLS_SAME_FRAME_REGISTER	G498-M103	@ACTION+AIN	SH	SH+AIN	BIOLOGICAL	HALTEN · ANTEIL	POSTEN HALTEN · STATIONSANTEIL	Halte den Stationsanteil.	SELF_CONTAINED_ARGUMENT	UNCHANGED_SELF_CONTAINED_RENDERER	2	1	0	NONE	NO	6	OK|K|S|CHD|T|R	83	6	7	f75r|f76r|f77r|f81r|f81v|f82r|f83r	0	NONE	0	0	NONE	YES	COMPOSED_WORKING	NO	NO	NO	COMPOSED_WORKING_RETAINED__NO_SURFACE_OR_OCCURRENCE_PREDICTION
11	11	A_LOCAL_MULTIHEAD	TWO_OR_MORE_EXACT_OTHER_ACTION_CELLS_SAME_FRAME_REGISTER	G498-M053	@ACTION+AIIN	CH	CH+AIIN	BIOLOGICAL	NEHMEN · WERT	POSTEN ENTNEHMEN · STATIONSWERT	Entnimm den Stationswert.	SELF_CONTAINED_ARGUMENT	UNCHANGED_SELF_CONTAINED_RENDERER	2	1	0	NONE	NO	6	OK|K|S|CHD|T|R	74	6	7	f75r|f76r|f77r|f81r|f81v|f82r|f83r	2	HERBAL|PHARMA	5	4	f10r|f11r|f55v|f89r	YES	COMPOSED_WORKING	NO	NO	NO	COMPOSED_WORKING_RETAINED__NO_SURFACE_OR_OCCURRENCE_PREDICTION
12	12	A_LOCAL_MULTIHEAD	TWO_OR_MORE_EXACT_OTHER_ACTION_CELLS_SAME_FRAME_REGISTER	G498-M058	@ACTION+AIIN	SH	SH+AIIN	BIOLOGICAL	HALTEN · WERT	POSTEN HALTEN · STATIONSWERT	Halte den Stationswert.	SELF_CONTAINED_ARGUMENT	UNCHANGED_SELF_CONTAINED_RENDERER	2	1	0	NONE	NO	6	OK|K|S|CHD|T|R	74	6	7	f75r|f76r|f77r|f81r|f81v|f82r|f83r	2	SOURCE_SECTION_T|HERBAL	4	3	f1r|f13r|f18r	YES	COMPOSED_WORKING	NO	NO	NO	COMPOSED_WORKING_RETAINED__NO_SURFACE_OR_OCCURRENCE_PREDICTION
13	13	A_LOCAL_MULTIHEAD	TWO_OR_MORE_EXACT_OTHER_ACTION_CELLS_SAME_FRAME_REGISTER	G498-M088	@ACTION+AIIN	P	P+AIIN	BIOLOGICAL	EINSETZEN · WERT	POSTEN EINSETZEN · STATIONSWERT	Setze den Stationswert ein.	SELF_CONTAINED_ARGUMENT	UNCHANGED_SELF_CONTAINED_RENDERER	2	1	0	NONE	NO	6	OK|K|S|CHD|T|R	74	6	7	f75r|f76r|f77r|f81r|f81v|f82r|f83r	0	NONE	0	0	NONE	YES	COMPOSED_WORKING	NO	NO	NO	COMPOSED_WORKING_RETAINED__NO_SURFACE_OR_OCCURRENCE_PREDICTION
14	14	A_LOCAL_MULTIHEAD	TWO_OR_MORE_EXACT_OTHER_ACTION_CELLS_SAME_FRAME_REGISTER	G498-M018	@ACTION	K	K	BIOLOGICAL	GEBEN	POSTEN ZUFÜHREN	Führe das zuvor Genannte zu.	ACTIVE_ARGUMENT_REQUIRED	CONTEXT_NOUN_GENERALIZED	1	1	0	NONE	NO	6	OK|CH|SH|S|CHD|R	29	11	6	f75r|f76r|f77r|f81v|f82r|f83r	1	HERBAL	4	3	f13r|f24v|f95v	YES	COMPOSED_WORKING	NO	NO	NO	COMPOSED_WORKING_RETAINED__NO_SURFACE_OR_OCCURRENCE_PREDICTION
15	15	A_LOCAL_MULTIHEAD	TWO_OR_MORE_EXACT_OTHER_ACTION_CELLS_SAME_FRAME_REGISTER	G498-M033	@ACTION	T	T	BIOLOGICAL	EINSTELLEN	STATIONSWERT EINSTELLEN	Stelle das zuvor Genannte ein.	ACTIVE_ARGUMENT_REQUIRED	COMPOSED_CONTEXT_NOUN_GENERALIZED	1	1	0	NONE	NO	6	OK|CH|SH|S|CHD|R	29	11	6	f75r|f76r|f77r|f81v|f82r|f83r	1	HERBAL	1	1	f56r	YES	COMPOSED_WORKING	NO	NO	NO	COMPOSED_WORKING_RETAINED__NO_SURFACE_OR_OCCURRENCE_PREDICTION
16	16	A_LOCAL_MULTIHEAD	TWO_OR_MORE_EXACT_OTHER_ACTION_CELLS_SAME_FRAME_REGISTER	G498-M043	@ACTION	P	P	BIOLOGICAL	EINSETZEN	POSTEN EINSETZEN	Setze das zuvor Genannte ein.	ACTIVE_ARGUMENT_REQUIRED	CONTEXT_NOUN_GENERALIZED	1	1	0	NONE	NO	6	OK|CH|SH|S|CHD|R	29	11	6	f75r|f76r|f77r|f81v|f82r|f83r	0	NONE	0	0	NONE	YES	COMPOSED_WORKING	NO	NO	NO	COMPOSED_WORKING_RETAINED__NO_SURFACE_OR_OCCURRENCE_PREDICTION
17	17	A_LOCAL_MULTIHEAD	TWO_OR_MORE_EXACT_OTHER_ACTION_CELLS_SAME_FRAME_REGISTER	G498-M067	@ACTION+AIIN	S	S+AIIN	HERBAL	WÄHLEN · WERT	PFLANZENTEIL WÄHLEN · ARBEITSWERT	Wähle den Arbeitswert.	SELF_CONTAINED_ARGUMENT	UNCHANGED_SELF_CONTAINED_RENDERER	2	1	0	NONE	NO	6	OK|CH|SH|CHD|T|R	22	6	9	f10r|f11r|f13r|f17r|f18r|f24v|f55v|f56r|f95v	3	BIOLOGICAL|CELESTIAL|PHARMA	21	10	f67r2|f72r|f75r|f76r|f77r|f81v|f83r|f88r|f88v|f89r	YES	COMPOSED_WORKING	NO	NO	NO	COMPOSED_WORKING_RETAINED__NO_SURFACE_OR_OCCURRENCE_PREDICTION
18	18	A_LOCAL_MULTIHEAD	TWO_OR_MORE_EXACT_OTHER_ACTION_CELLS_SAME_FRAME_REGISTER	G498-M062	@ACTION+AIIN	K	K+AIIN	HERBAL	GEBEN · WERT	MATERIAL ZUGEBEN · ARBEITSWERT	Gib den Arbeitswert zu.	SELF_CONTAINED_ARGUMENT	UNCHANGED_SELF_CONTAINED_RENDERER	2	1	0	NONE	NO	6	OK|CH|SH|CHD|T|R	22	6	9	f10r|f11r|f13r|f17r|f18r|f24v|f55v|f56r|f95v	3	SOURCE_SECTION_T|BIOLOGICAL|CELESTIAL	6	4	f1r|f71v|f81r|f81v	YES	COMPOSED_WORKING	NO	NO	NO	COMPOSED_WORKING_RETAINED__NO_SURFACE_OR_OCCURRENCE_PREDICTION
19	19	A_LOCAL_MULTIHEAD	TWO_OR_MORE_EXACT_OTHER_ACTION_CELLS_SAME_FRAME_REGISTER	G498-M087	@ACTION+AIIN	P	P+AIIN	HERBAL	EINSETZEN · WERT	MATERIAL EINSETZEN · ARBEITSWERT	Setze den Arbeitswert ein.	SELF_CONTAINED_ARGUMENT	UNCHANGED_SELF_CONTAINED_RENDERER	2	1	0	NONE	NO	6	OK|CH|SH|CHD|T|R	22	6	9	f10r|f11r|f13r|f17r|f18r|f24v|f55v|f56r|f95v	0	NONE	0	0	NONE	YES	COMPOSED_WORKING	NO	NO	NO	COMPOSED_WORKING_RETAINED__NO_SURFACE_OR_OCCURRENCE_PREDICTION
20	20	A_LOCAL_MULTIHEAD	TWO_OR_MORE_EXACT_OTHER_ACTION_CELLS_SAME_FRAME_REGISTER	G498-M174	@ACTION+AL	R	R+AL	CELESTIAL	MARKIEREN · ZIELORT	POSITION MARKIEREN · ZIELPOSITION	Markiere das zuvor Genannte; zur Zielposition.	ACTIVE_ARGUMENT_REQUIRED	COMPOSED_CONTEXT_NOUN_GENERALIZED	2	1	0	NONE	NO	6	OK|CH|K|S|CHD|T	12	8	4	f67r2|f68r1|f71v|f72r	2	BIOLOGICAL|PHARMA	2	2	f81v|f88r	YES	COMPOSED_WORKING	NO	NO	NO	COMPOSED_WORKING_RETAINED__NO_SURFACE_OR_OCCURRENCE_PREDICTION
21	21	A_LOCAL_MULTIHEAD	TWO_OR_MORE_EXACT_OTHER_ACTION_CELLS_SAME_FRAME_REGISTER	G498-M149	@ACTION+AL	SH	SH+AL	CELESTIAL	HALTEN · ZIELORT	POSITION HALTEN · ZIELPOSITION	Halte das zuvor Genannte; zur Zielposition.	ACTIVE_ARGUMENT_REQUIRED	CONTEXT_NOUN_GENERALIZED	2	1	0	NONE	NO	6	OK|CH|K|S|CHD|T	12	8	4	f67r2|f68r1|f71v|f72r	1	BIOLOGICAL	1	1	f75r	YES	COMPOSED_WORKING	NO	NO	NO	COMPOSED_WORKING_RETAINED__NO_SURFACE_OR_OCCURRENCE_PREDICTION
22	22	A_LOCAL_MULTIHEAD	TWO_OR_MORE_EXACT_OTHER_ACTION_CELLS_SAME_FRAME_REGISTER	G498-M179	@ACTION+AL	P	P+AL	CELESTIAL	EINSETZEN · ZIELORT	EINTRAG EINSETZEN · ZIELPOSITION	Setze das zuvor Genannte ein; zur Zielposition.	ACTIVE_ARGUMENT_REQUIRED	CONTEXT_NOUN_GENERALIZED	2	1	0	NONE	NO	6	OK|CH|K|S|CHD|T	12	8	4	f67r2|f68r1|f71v|f72r	0	NONE	0	0	NONE	YES	COMPOSED_WORKING	NO	NO	NO	COMPOSED_WORKING_RETAINED__NO_SURFACE_OR_OCCURRENCE_PREDICTION
23	23	A_LOCAL_MULTIHEAD	TWO_OR_MORE_EXACT_OTHER_ACTION_CELLS_SAME_FRAME_REGISTER	G498-M442	@ACTION+Y	R	R+Y	HERBAL	MARKIEREN · POSTEN	TEIL MARKIEREN · PFLANZENPOSTEN	Markiere den Pflanzenposten.	SELF_CONTAINED_ARGUMENT	UNCHANGED_SELF_CONTAINED	2	1	0	NONE	NO	4	OK|K|CHD|T	29	4	8	f10r|f11r|f13r|f17r|f18r|f55v|f56r|f95v	1	BIOLOGICAL	2	2	f75r|f82r	YES	COMPOSED_WORKING	NO	NO	NO	COMPOSED_WORKING_RETAINED__NO_SURFACE_OR_OCCURRENCE_PREDICTION
24	24	A_LOCAL_MULTIHEAD	TWO_OR_MORE_EXACT_OTHER_ACTION_CELLS_SAME_FRAME_REGISTER	G498-M447	@ACTION+Y	P	P+Y	HERBAL	EINSETZEN · POSTEN	MATERIAL EINSETZEN · PFLANZENPOSTEN	Setze den Pflanzenposten ein.	SELF_CONTAINED_ARGUMENT	UNCHANGED_SELF_CONTAINED_RENDERER	2	1	0	NONE	NO	4	OK|K|CHD|T	29	4	8	f10r|f11r|f13r|f17r|f18r|f55v|f56r|f95v	1	BIOLOGICAL	1	1	f75r	YES	COMPOSED_WORKING	NO	NO	NO	COMPOSED_WORKING_RETAINED__NO_SURFACE_OR_OCCURRENCE_PREDICTION
25	25	A_LOCAL_MULTIHEAD	TWO_OR_MORE_EXACT_OTHER_ACTION_CELLS_SAME_FRAME_REGISTER	G498-M417	@ACTION+Y	SH	SH+Y	HERBAL	HALTEN · POSTEN	MATERIAL HALTEN · PFLANZENPOSTEN	Halte den Pflanzenposten.	SELF_CONTAINED_ARGUMENT	UNCHANGED_SELF_CONTAINED_RENDERER	2	1	0	NONE	NO	4	OK|K|CHD|T	29	4	8	f10r|f11r|f13r|f17r|f18r|f55v|f56r|f95v	1	BIOLOGICAL	1	1	f81v	YES	COMPOSED_WORKING	NO	NO	NO	COMPOSED_WORKING_RETAINED__NO_SURFACE_OR_OCCURRENCE_PREDICTION
26	26	A_LOCAL_MULTIHEAD	TWO_OR_MORE_EXACT_OTHER_ACTION_CELLS_SAME_FRAME_REGISTER	G498-M412	@ACTION+Y	CH	CH+Y	HERBAL	NEHMEN · POSTEN	PFLANZENTEIL NEHMEN · PFLANZENPOSTEN	Nimm den Pflanzenposten.	SELF_CONTAINED_ARGUMENT	UNCHANGED_SELF_CONTAINED_RENDERER	2	1	0	NONE	NO	4	OK|K|CHD|T	29	4	8	f10r|f11r|f13r|f17r|f18r|f55v|f56r|f95v	0	NONE	0	0	NONE	YES	COMPOSED_WORKING	NO	NO	NO	COMPOSED_WORKING_RETAINED__NO_SURFACE_OR_OCCURRENCE_PREDICTION
27	27	A_LOCAL_MULTIHEAD	TWO_OR_MORE_EXACT_OTHER_ACTION_CELLS_SAME_FRAME_REGISTER	G498-M427	@ACTION+Y	S	S+Y	HERBAL	WÄHLEN · POSTEN	PFLANZENTEIL WÄHLEN · PFLANZENPOSTEN	Wähle den Pflanzenposten.	SELF_CONTAINED_ARGUMENT	UNCHANGED_SELF_CONTAINED_RENDERER	2	1	0	NONE	NO	4	OK|K|CHD|T	29	4	8	f10r|f11r|f13r|f17r|f18r|f55v|f56r|f95v	0	NONE	0	0	NONE	YES	COMPOSED_WORKING	NO	NO	NO	COMPOSED_WORKING_RETAINED__NO_SURFACE_OR_OCCURRENCE_PREDICTION
28	28	A_LOCAL_MULTIHEAD	TWO_OR_MORE_EXACT_OTHER_ACTION_CELLS_SAME_FRAME_REGISTER	G498-M352	@ACTION+OL	R	R+OL	HERBAL	MARKIEREN · FORTSETZEN	TEIL MARKIEREN · PFLANZENBEHANDLUNG FORTSETZEN	Fahre fort, das zuvor Genannte zu markieren.	ACTIVE_ARGUMENT_REQUIRED	COMPOSED_CONTEXT_NOUN_AND_CONTINUATION_FLUENCY	2	1	0	NONE	NO	4	OK|SH|K|T	21	8	8	f10r|f11r|f13r|f17r|f18r|f24v|f56r|f95v	1	BIOLOGICAL	4	3	f75r|f76r|f81v	YES	COMPOSED_WORKING	NO	NO	NO	COMPOSED_WORKING_RETAINED__NO_SURFACE_OR_OCCURRENCE_PREDICTION
29	29	A_LOCAL_MULTIHEAD	TWO_OR_MORE_EXACT_OTHER_ACTION_CELLS_SAME_FRAME_REGISTER	G498-M342	@ACTION+OL	CHD	CHD+OL	HERBAL	BEARBEITEN · FORTSETZEN	MATERIAL BEARBEITEN · PFLANZENBEHANDLUNG FORTSETZEN	Fahre fort: Bearbeite das zuvor Genannte.	ACTIVE_ARGUMENT_REQUIRED	CONTEXT_NOUN_GENERALIZED__FORTSETZEN_COLON	2	1	0	NONE	NO	4	OK|SH|K|T	21	8	8	f10r|f11r|f13r|f17r|f18r|f24v|f56r|f95v	1	BIOLOGICAL	2	2	f76r|f82r	YES	COMPOSED_WORKING	NO	NO	NO	COMPOSED_WORKING_RETAINED__NO_SURFACE_OR_OCCURRENCE_PREDICTION
30	30	A_LOCAL_MULTIHEAD	TWO_OR_MORE_EXACT_OTHER_ACTION_CELLS_SAME_FRAME_REGISTER	G498-M357	@ACTION+OL	P	P+OL	HERBAL	EINSETZEN · FORTSETZEN	MATERIAL EINSETZEN · PFLANZENBEHANDLUNG FORTSETZEN	Fahre fort: Setze das zuvor Genannte ein.	ACTIVE_ARGUMENT_REQUIRED	CONTEXT_NOUN_GENERALIZED__FORTSETZEN_COLON	2	1	0	NONE	NO	4	OK|SH|K|T	21	8	8	f10r|f11r|f13r|f17r|f18r|f24v|f56r|f95v	1	BIOLOGICAL	1	1	f77r	YES	COMPOSED_WORKING	NO	NO	NO	COMPOSED_WORKING_RETAINED__NO_SURFACE_OR_OCCURRENCE_PREDICTION
31	31	A_LOCAL_MULTIHEAD	TWO_OR_MORE_EXACT_OTHER_ACTION_CELLS_SAME_FRAME_REGISTER	G498-M322	@ACTION+OL	CH	CH+OL	HERBAL	NEHMEN · FORTSETZEN	PFLANZENTEIL NEHMEN · PFLANZENBEHANDLUNG FORTSETZEN	Fahre fort: Nimm das zuvor Genannte.	ACTIVE_ARGUMENT_REQUIRED	CONTEXT_NOUN_GENERALIZED__FORTSETZEN_COLON	2	1	0	NONE	NO	4	OK|SH|K|T	21	8	8	f10r|f11r|f13r|f17r|f18r|f24v|f56r|f95v	0	NONE	0	0	NONE	YES	COMPOSED_WORKING	NO	NO	NO	COMPOSED_WORKING_RETAINED__NO_SURFACE_OR_OCCURRENCE_PREDICTION
32	32	A_LOCAL_MULTIHEAD	TWO_OR_MORE_EXACT_OTHER_ACTION_CELLS_SAME_FRAME_REGISTER	G498-M337	@ACTION+OL	S	S+OL	HERBAL	WÄHLEN · FORTSETZEN	PFLANZENTEIL WÄHLEN · PFLANZENBEHANDLUNG FORTSETZEN	Fahre fort: Wähle das zuvor Genannte.	ACTIVE_ARGUMENT_REQUIRED	CONTEXT_NOUN_GENERALIZED__FORTSETZEN_COLON	2	1	0	NONE	NO	4	OK|SH|K|T	21	8	8	f10r|f11r|f13r|f17r|f18r|f24v|f56r|f95v	0	NONE	0	0	NONE	YES	COMPOSED_WORKING	NO	NO	NO	COMPOSED_WORKING_RETAINED__NO_SURFACE_OR_OCCURRENCE_PREDICTION
33	33	A_LOCAL_MULTIHEAD	TWO_OR_MORE_EXACT_OTHER_ACTION_CELLS_SAME_FRAME_REGISTER	G498-M079	@ACTION+AIIN	T	T+AIIN	CELESTIAL	EINSTELLEN · WERT	WERT EINSTELLEN · POSITIONSWERT	Stelle den Positionswert ein.	SELF_CONTAINED_ARGUMENT	UNCHANGED_SELF_CONTAINED	2	1	0	NONE	NO	4	OK|K|S|CHD	12	4	3	f67r2|f71v|f72r	3	HERBAL|BIOLOGICAL|PHARMA	5	5	f10r|f81r|f82r|f89r|f95v	YES	COMPOSED_WORKING	NO	NO	NO	COMPOSED_WORKING_RETAINED__NO_SURFACE_OR_OCCURRENCE_PREDICTION
34	34	A_LOCAL_MULTIHEAD	TWO_OR_MORE_EXACT_OTHER_ACTION_CELLS_SAME_FRAME_REGISTER	G498-M084	@ACTION+AIIN	R	R+AIIN	CELESTIAL	MARKIEREN · WERT	POSITION MARKIEREN · POSITIONSWERT	Markiere den Positionswert.	SELF_CONTAINED_ARGUMENT	UNCHANGED_SELF_CONTAINED	2	1	0	NONE	NO	4	OK|K|S|CHD	12	4	3	f67r2|f71v|f72r	2	HERBAL|BIOLOGICAL	8	4	f76r|f77r|f82r|f95v	YES	COMPOSED_WORKING	NO	NO	NO	COMPOSED_WORKING_RETAINED__NO_SURFACE_OR_OCCURRENCE_PREDICTION
35	35	A_LOCAL_MULTIHEAD	TWO_OR_MORE_EXACT_OTHER_ACTION_CELLS_SAME_FRAME_REGISTER	G498-M054	@ACTION+AIIN	CH	CH+AIIN	CELESTIAL	NEHMEN · WERT	POSITION AUFNEHMEN · POSITIONSWERT	Nimm den Positionswert auf.	SELF_CONTAINED_ARGUMENT	UNCHANGED_SELF_CONTAINED_RENDERER	2	1	0	NONE	NO	4	OK|K|S|CHD	12	4	3	f67r2|f71v|f72r	2	HERBAL|PHARMA	5	4	f10r|f11r|f55v|f89r	YES	COMPOSED_WORKING	NO	NO	NO	COMPOSED_WORKING_RETAINED__NO_SURFACE_OR_OCCURRENCE_PREDICTION
36	36	A_LOCAL_MULTIHEAD	TWO_OR_MORE_EXACT_OTHER_ACTION_CELLS_SAME_FRAME_REGISTER	G498-M059	@ACTION+AIIN	SH	SH+AIIN	CELESTIAL	HALTEN · WERT	POSITION HALTEN · POSITIONSWERT	Halte den Positionswert.	SELF_CONTAINED_ARGUMENT	UNCHANGED_SELF_CONTAINED_RENDERER	2	1	0	NONE	NO	4	OK|K|S|CHD	12	4	3	f67r2|f71v|f72r	2	SOURCE_SECTION_T|HERBAL	4	3	f1r|f13r|f18r	YES	COMPOSED_WORKING	NO	NO	NO	COMPOSED_WORKING_RETAINED__NO_SURFACE_OR_OCCURRENCE_PREDICTION
37	37	A_LOCAL_MULTIHEAD	TWO_OR_MORE_EXACT_OTHER_ACTION_CELLS_SAME_FRAME_REGISTER	G498-M122	@ACTION+AIN	T	T+AIN	HERBAL	EINSTELLEN · ANTEIL	ARBEITSSTUFE EINSTELLEN · MATERIALANTEIL	Stelle den Materialanteil ein.	SELF_CONTAINED_ARGUMENT	UNCHANGED_SELF_CONTAINED	2	1	0	NONE	NO	4	OK|K|S|CHD	12	4	5	f17r|f18r|f24v|f55v|f95v	2	BIOLOGICAL|PHARMA	2	2	f77r|f89r	YES	COMPOSED_WORKING	NO	NO	NO	COMPOSED_WORKING_RETAINED__NO_SURFACE_OR_OCCURRENCE_PREDICTION
38	38	A_LOCAL_MULTIHEAD	TWO_OR_MORE_EXACT_OTHER_ACTION_CELLS_SAME_FRAME_REGISTER	G498-M127	@ACTION+AIN	R	R+AIN	HERBAL	MARKIEREN · ANTEIL	TEIL MARKIEREN · MATERIALANTEIL	Markiere den Materialanteil.	SELF_CONTAINED_ARGUMENT	UNCHANGED_SELF_CONTAINED	2	1	0	NONE	NO	4	OK|K|S|CHD	12	4	5	f17r|f18r|f24v|f55v|f95v	1	BIOLOGICAL	3	3	f76r|f81r|f82r	YES	COMPOSED_WORKING	NO	NO	NO	COMPOSED_WORKING_RETAINED__NO_SURFACE_OR_OCCURRENCE_PREDICTION
39	39	A_LOCAL_MULTIHEAD	TWO_OR_MORE_EXACT_OTHER_ACTION_CELLS_SAME_FRAME_REGISTER	G498-M097	@ACTION+AIN	CH	CH+AIN	HERBAL	NEHMEN · ANTEIL	PFLANZENTEIL NEHMEN · MATERIALANTEIL	Nimm den Materialanteil.	SELF_CONTAINED_ARGUMENT	UNCHANGED_SELF_CONTAINED_RENDERER	2	1	0	NONE	NO	4	OK|K|S|CHD	12	4	5	f17r|f18r|f24v|f55v|f95v	0	NONE	0	0	NONE	YES	COMPOSED_WORKING	NO	NO	NO	COMPOSED_WORKING_RETAINED__NO_SURFACE_OR_OCCURRENCE_PREDICTION
40	40	A_LOCAL_MULTIHEAD	TWO_OR_MORE_EXACT_OTHER_ACTION_CELLS_SAME_FRAME_REGISTER	G498-M089	@ACTION+AIIN	P	P+AIIN	CELESTIAL	EINSETZEN · WERT	EINTRAG EINSETZEN · POSITIONSWERT	Setze den Positionswert ein.	SELF_CONTAINED_ARGUMENT	UNCHANGED_SELF_CONTAINED_RENDERER	2	1	0	NONE	NO	4	OK|K|S|CHD	12	4	3	f67r2|f71v|f72r	0	NONE	0	0	NONE	YES	COMPOSED_WORKING	NO	NO	NO	COMPOSED_WORKING_RETAINED__NO_SURFACE_OR_OCCURRENCE_PREDICTION
41	41	A_LOCAL_MULTIHEAD	TWO_OR_MORE_EXACT_OTHER_ACTION_CELLS_SAME_FRAME_REGISTER	G498-M132	@ACTION+AIN	P	P+AIN	HERBAL	EINSETZEN · ANTEIL	MATERIAL EINSETZEN · MATERIALANTEIL	Setze den Materialanteil ein.	SELF_CONTAINED_ARGUMENT	UNCHANGED_SELF_CONTAINED_RENDERER	2	1	0	NONE	NO	4	OK|K|S|CHD	12	4	5	f17r|f18r|f24v|f55v|f95v	0	NONE	0	0	NONE	YES	COMPOSED_WORKING	NO	NO	NO	COMPOSED_WORKING_RETAINED__NO_SURFACE_OR_OCCURRENCE_PREDICTION
42	42	A_LOCAL_MULTIHEAD	TWO_OR_MORE_EXACT_OTHER_ACTION_CELLS_SAME_FRAME_REGISTER	G498-M102	@ACTION+AIN	SH	SH+AIN	HERBAL	HALTEN · ANTEIL	MATERIAL HALTEN · MATERIALANTEIL	Halte den Materialanteil.	SELF_CONTAINED_ARGUMENT	UNCHANGED_SELF_CONTAINED_RENDERER	2	1	0	NONE	NO	4	OK|K|S|CHD	12	4	5	f17r|f18r|f24v|f55v|f95v	0	NONE	0	0	NONE	YES	COMPOSED_WORKING	NO	NO	NO	COMPOSED_WORKING_RETAINED__NO_SURFACE_OR_OCCURRENCE_PREDICTION
43	43	A_LOCAL_MULTIHEAD	TWO_OR_MORE_EXACT_OTHER_ACTION_CELLS_SAME_FRAME_REGISTER	G498-M288	@ACTION+CHD+Y	K	K+CHD+Y	BIOLOGICAL	GEBEN · BEARBEITEN · POSTEN	POSTEN ZUFÜHREN · POSTEN BEARBEITEN · STATIONSPOSTEN	Führe den Stationsposten zu und bearbeite den Stationsposten.	SELF_CONTAINED_ARGUMENT	UNCHANGED_SELF_CONTAINED_RENDERER	3	2	0	NONE	NO	4	OK|T|R|P	11	4	5	f75r|f81r|f81v|f82r|f83r	1	HERBAL	2	2	f55v|f95v	YES	COMPOSED_WORKING	NO	NO	NO	COMPOSED_WORKING_RETAINED__NO_SURFACE_OR_OCCURRENCE_PREDICTION
44	44	A_LOCAL_MULTIHEAD	TWO_OR_MORE_EXACT_OTHER_ACTION_CELLS_SAME_FRAME_REGISTER	G498-M278	@ACTION+CHD+Y	CH	CH+CHD+Y	BIOLOGICAL	NEHMEN · BEARBEITEN · POSTEN	POSTEN ENTNEHMEN · POSTEN BEARBEITEN · STATIONSPOSTEN	Entnimm den Stationsposten und bearbeite den Stationsposten.	SELF_CONTAINED_ARGUMENT	UNCHANGED_SELF_CONTAINED_RENDERER	3	2	0	NONE	NO	4	OK|T|R|P	11	4	5	f75r|f81r|f81v|f82r|f83r	0	NONE	0	0	NONE	YES	COMPOSED_WORKING	NO	NO	NO	COMPOSED_WORKING_RETAINED__NO_SURFACE_OR_OCCURRENCE_PREDICTION
45	45	A_LOCAL_MULTIHEAD	TWO_OR_MORE_EXACT_OTHER_ACTION_CELLS_SAME_FRAME_REGISTER	G498-M293	@ACTION+CHD+Y	S	S+CHD+Y	BIOLOGICAL	WÄHLEN · BEARBEITEN · POSTEN	STATION WÄHLEN · POSTEN BEARBEITEN · STATIONSPOSTEN	Wähle den Stationsposten und bearbeite den Stationsposten.	SELF_CONTAINED_ARGUMENT	UNCHANGED_SELF_CONTAINED_RENDERER	3	2	0	NONE	NO	4	OK|T|R|P	11	4	5	f75r|f81r|f81v|f82r|f83r	0	NONE	0	0	NONE	YES	COMPOSED_WORKING	NO	NO	NO	COMPOSED_WORKING_RETAINED__NO_SURFACE_OR_OCCURRENCE_PREDICTION
46	46	A_LOCAL_MULTIHEAD	TWO_OR_MORE_EXACT_OTHER_ACTION_CELLS_SAME_FRAME_REGISTER	G498-M283	@ACTION+CHD+Y	SH	SH+CHD+Y	BIOLOGICAL	HALTEN · BEARBEITEN · POSTEN	POSTEN HALTEN · POSTEN BEARBEITEN · STATIONSPOSTEN	Halte den Stationsposten und bearbeite den Stationsposten.	SELF_CONTAINED_ARGUMENT	UNCHANGED_SELF_CONTAINED_RENDERER	3	2	0	NONE	NO	4	OK|T|R|P	11	4	5	f75r|f81r|f81v|f82r|f83r	0	NONE	0	0	NONE	YES	COMPOSED_WORKING	NO	NO	NO	COMPOSED_WORKING_RETAINED__NO_SURFACE_OR_OCCURRENCE_PREDICTION
47	47	A_LOCAL_MULTIHEAD	TWO_OR_MORE_EXACT_OTHER_ACTION_CELLS_SAME_FRAME_REGISTER	G498-M298	@ACTION+CHD+Y	CHD	CHD+CHD+Y	BIOLOGICAL	BEARBEITEN · BEARBEITEN · POSTEN	POSTEN BEARBEITEN · POSTEN BEARBEITEN · STATIONSPOSTEN	Bearbeite den Stationsposten und bearbeite den Stationsposten.	SELF_CONTAINED_ARGUMENT	UNCHANGED_SELF_CONTAINED_RENDERER	3	2	1	CHD	YES	4	OK|T|R|P	11	4	5	f75r|f81r|f81v|f82r|f83r	0	NONE	0	0	NONE	YES	COMPOSED_WORKING	NO	NO	NO	COMPOSED_WORKING_RETAINED__NO_SURFACE_OR_OCCURRENCE_PREDICTION
48	48	A_LOCAL_MULTIHEAD	TWO_OR_MORE_EXACT_OTHER_ACTION_CELLS_SAME_FRAME_REGISTER	G498-M075	@ACTION+AIIN	CHD	CHD+AIIN	PHARMA	BEARBEITEN · WERT	ANSATZ BEARBEITEN · MENGENWERT	Bearbeite den Mengenwert.	SELF_CONTAINED_ARGUMENT	UNCHANGED_SELF_CONTAINED_RENDERER	2	1	0	NONE	NO	4	OK|CH|S|T	9	4	3	f88r|f88v|f89r	3	HERBAL|BIOLOGICAL|CELESTIAL	8	5	f67r2|f72r|f77r|f83r|f95v	YES	COMPOSED_WORKING	NO	NO	NO	COMPOSED_WORKING_RETAINED__NO_SURFACE_OR_OCCURRENCE_PREDICTION
49	49	A_LOCAL_MULTIHEAD	TWO_OR_MORE_EXACT_OTHER_ACTION_CELLS_SAME_FRAME_REGISTER	G498-M065	@ACTION+AIIN	K	K+AIIN	PHARMA	GEBEN · WERT	ZUTAT ZUGEBEN · MENGENWERT	Gib den Mengenwert zu.	SELF_CONTAINED_ARGUMENT	UNCHANGED_SELF_CONTAINED_RENDERER	2	1	0	NONE	NO	4	OK|CH|S|T	9	4	3	f88r|f88v|f89r	3	SOURCE_SECTION_T|BIOLOGICAL|CELESTIAL	6	4	f1r|f71v|f81r|f81v	YES	COMPOSED_WORKING	NO	NO	NO	COMPOSED_WORKING_RETAINED__NO_SURFACE_OR_OCCURRENCE_PREDICTION
50	50	A_LOCAL_MULTIHEAD	TWO_OR_MORE_EXACT_OTHER_ACTION_CELLS_SAME_FRAME_REGISTER	G498-M085	@ACTION+AIIN	R	R+AIIN	PHARMA	MARKIEREN · WERT	POSTEN MARKIEREN · MENGENWERT	Markiere den Mengenwert.	SELF_CONTAINED_ARGUMENT	UNCHANGED_SELF_CONTAINED	2	1	0	NONE	NO	4	OK|CH|S|T	9	4	3	f88r|f88v|f89r	2	HERBAL|BIOLOGICAL	8	4	f76r|f77r|f82r|f95v	YES	COMPOSED_WORKING	NO	NO	NO	COMPOSED_WORKING_RETAINED__NO_SURFACE_OR_OCCURRENCE_PREDICTION
51	51	A_LOCAL_MULTIHEAD	TWO_OR_MORE_EXACT_OTHER_ACTION_CELLS_SAME_FRAME_REGISTER	G498-M060	@ACTION+AIIN	SH	SH+AIIN	PHARMA	HALTEN · WERT	ANSATZ HALTEN · MENGENWERT	Halte den Mengenwert.	SELF_CONTAINED_ARGUMENT	UNCHANGED_SELF_CONTAINED_RENDERER	2	1	0	NONE	NO	4	OK|CH|S|T	9	4	3	f88r|f88v|f89r	2	SOURCE_SECTION_T|HERBAL	4	3	f1r|f13r|f18r	YES	COMPOSED_WORKING	NO	NO	NO	COMPOSED_WORKING_RETAINED__NO_SURFACE_OR_OCCURRENCE_PREDICTION
52	52	A_LOCAL_MULTIHEAD	TWO_OR_MORE_EXACT_OTHER_ACTION_CELLS_SAME_FRAME_REGISTER	G498-M090	@ACTION+AIIN	P	P+AIIN	PHARMA	EINSETZEN · WERT	ZUTAT EINSETZEN · MENGENWERT	Setze den Mengenwert ein.	SELF_CONTAINED_ARGUMENT	UNCHANGED_SELF_CONTAINED_RENDERER	2	1	0	NONE	NO	4	OK|CH|S|T	9	4	3	f88r|f88v|f89r	0	NONE	0	0	NONE	YES	COMPOSED_WORKING	NO	NO	NO	COMPOSED_WORKING_RETAINED__NO_SURFACE_OR_OCCURRENCE_PREDICTION
53	53	A_LOCAL_MULTIHEAD	TWO_OR_MORE_EXACT_OTHER_ACTION_CELLS_SAME_FRAME_REGISTER	G498-M351	@ACTION+OL	R	R+OL	SOURCE_SECTION_T	MARKIEREN · FORTSETZEN	KENNZEICHNEN · WEITERFÜHREN	Fahre fort, das zuvor Genannte zu kennzeichnen.	ACTIVE_ARGUMENT_REQUIRED	COMPOSED_CONTEXT_NOUN_AND_CONTINUATION_FLUENCY	2	1	0	NONE	NO	4	OK|SH|K|T	6	6	1	f1r	1	BIOLOGICAL	4	3	f75r|f76r|f81v	YES	COMPOSED_WORKING	NO	NO	NO	COMPOSED_WORKING_RETAINED__NO_SURFACE_OR_OCCURRENCE_PREDICTION
54	54	A_LOCAL_MULTIHEAD	TWO_OR_MORE_EXACT_OTHER_ACTION_CELLS_SAME_FRAME_REGISTER	G498-M341	@ACTION+OL	CHD	CHD+OL	SOURCE_SECTION_T	BEARBEITEN · FORTSETZEN	EINTRAG BEARBEITEN · WEITERFÜHREN	Fahre fort: Bearbeite das zuvor Genannte.	ACTIVE_ARGUMENT_REQUIRED	CONTEXT_NOUN_GENERALIZED__FORTSETZEN_COLON	2	1	0	NONE	NO	4	OK|SH|K|T	6	6	1	f1r	1	BIOLOGICAL	2	2	f76r|f82r	YES	COMPOSED_WORKING	NO	NO	NO	COMPOSED_WORKING_RETAINED__NO_SURFACE_OR_OCCURRENCE_PREDICTION
55	55	A_LOCAL_MULTIHEAD	TWO_OR_MORE_EXACT_OTHER_ACTION_CELLS_SAME_FRAME_REGISTER	G498-M356	@ACTION+OL	P	P+OL	SOURCE_SECTION_T	EINSETZEN · FORTSETZEN	IN EINTRAG EINSETZEN · WEITERFÜHREN	Fahre fort: Setze das zuvor Genannte ein.	ACTIVE_ARGUMENT_REQUIRED	CONTEXT_NOUN_GENERALIZED__FORTSETZEN_COLON	2	1	0	NONE	NO	4	OK|SH|K|T	6	6	1	f1r	1	BIOLOGICAL	1	1	f77r	YES	COMPOSED_WORKING	NO	NO	NO	COMPOSED_WORKING_RETAINED__NO_SURFACE_OR_OCCURRENCE_PREDICTION
56	56	A_LOCAL_MULTIHEAD	TWO_OR_MORE_EXACT_OTHER_ACTION_CELLS_SAME_FRAME_REGISTER	G498-M321	@ACTION+OL	CH	CH+OL	SOURCE_SECTION_T	NEHMEN · FORTSETZEN	ENTNEHMEN · WEITERFÜHREN	Fahre fort: Entnimm das zuvor Genannte.	ACTIVE_ARGUMENT_REQUIRED	CONTEXT_NOUN_GENERALIZED__FORTSETZEN_COLON	2	1	0	NONE	NO	4	OK|SH|K|T	6	6	1	f1r	0	NONE	0	0	NONE	YES	COMPOSED_WORKING	NO	NO	NO	COMPOSED_WORKING_RETAINED__NO_SURFACE_OR_OCCURRENCE_PREDICTION
57	57	A_LOCAL_MULTIHEAD	TWO_OR_MORE_EXACT_OTHER_ACTION_CELLS_SAME_FRAME_REGISTER	G498-M336	@ACTION+OL	S	S+OL	SOURCE_SECTION_T	WÄHLEN · FORTSETZEN	AUSWÄHLEN · WEITERFÜHREN	Fahre fort: Wähle das zuvor Genannte.	ACTIVE_ARGUMENT_REQUIRED	CONTEXT_NOUN_GENERALIZED__FORTSETZEN_COLON	2	1	0	NONE	NO	4	OK|SH|K|T	6	6	1	f1r	0	NONE	0	0	NONE	YES	COMPOSED_WORKING	NO	NO	NO	COMPOSED_WORKING_RETAINED__NO_SURFACE_OR_OCCURRENCE_PREDICTION
58	58	A_LOCAL_MULTIHEAD	TWO_OR_MORE_EXACT_OTHER_ACTION_CELLS_SAME_FRAME_REGISTER	G498-M006	@ACTION	CH	CH	SOURCE_SECTION_T	NEHMEN	ENTNEHMEN	Entnimm das zuvor Genannte.	ACTIVE_ARGUMENT_REQUIRED	CONTEXT_NOUN_GENERALIZED	1	1	0	NONE	NO	4	OK|SH|S|R	5	5	1	f1r	2	HERBAL|BIOLOGICAL	2	2	f55v|f75r	YES	COMPOSED_WORKING	NO	NO	NO	COMPOSED_WORKING_RETAINED__NO_SURFACE_OR_OCCURRENCE_PREDICTION
59	59	A_LOCAL_MULTIHEAD	TWO_OR_MORE_EXACT_OTHER_ACTION_CELLS_SAME_FRAME_REGISTER	G498-M016	@ACTION	K	K	SOURCE_SECTION_T	GEBEN	ZUORDNEN	Ordne das zuvor Genannte zu.	ACTIVE_ARGUMENT_REQUIRED	CONTEXT_NOUN_GENERALIZED	1	1	0	NONE	NO	4	OK|SH|S|R	5	5	1	f1r	1	HERBAL	4	3	f13r|f24v|f95v	YES	COMPOSED_WORKING	NO	NO	NO	COMPOSED_WORKING_RETAINED__NO_SURFACE_OR_OCCURRENCE_PREDICTION
60	60	A_LOCAL_MULTIHEAD	TWO_OR_MORE_EXACT_OTHER_ACTION_CELLS_SAME_FRAME_REGISTER	G498-M026	@ACTION	CHD	CHD	SOURCE_SECTION_T	BEARBEITEN	EINTRAG BEARBEITEN	Bearbeite das zuvor Genannte.	ACTIVE_ARGUMENT_REQUIRED	CONTEXT_NOUN_GENERALIZED	1	1	0	NONE	NO	4	OK|SH|S|R	5	5	1	f1r	1	BIOLOGICAL	2	2	f77r|f83r	YES	COMPOSED_WORKING	NO	NO	NO	COMPOSED_WORKING_RETAINED__NO_SURFACE_OR_OCCURRENCE_PREDICTION
61	61	A_LOCAL_MULTIHEAD	TWO_OR_MORE_EXACT_OTHER_ACTION_CELLS_SAME_FRAME_REGISTER	G498-M031	@ACTION	T	T	SOURCE_SECTION_T	EINSTELLEN	FESTLEGEN	Lege das zuvor Genannte fest.	ACTIVE_ARGUMENT_REQUIRED	COMPOSED_CONTEXT_NOUN_GENERALIZED	1	1	0	NONE	NO	4	OK|SH|S|R	5	5	1	f1r	1	HERBAL	1	1	f56r	YES	COMPOSED_WORKING	NO	NO	NO	COMPOSED_WORKING_RETAINED__NO_SURFACE_OR_OCCURRENCE_PREDICTION
62	62	A_LOCAL_MULTIHEAD	TWO_OR_MORE_EXACT_OTHER_ACTION_CELLS_SAME_FRAME_REGISTER	G498-M041	@ACTION	P	P	SOURCE_SECTION_T	EINSETZEN	IN EINTRAG EINSETZEN	Setze das zuvor Genannte ein.	ACTIVE_ARGUMENT_REQUIRED	CONTEXT_NOUN_GENERALIZED	1	1	0	NONE	NO	4	OK|SH|S|R	5	5	1	f1r	0	NONE	0	0	NONE	YES	COMPOSED_WORKING	NO	NO	NO	COMPOSED_WORKING_RETAINED__NO_SURFACE_OR_OCCURRENCE_PREDICTION
63	63	A_LOCAL_MULTIHEAD	TWO_OR_MORE_EXACT_OTHER_ACTION_CELLS_SAME_FRAME_REGISTER	G498-M110	@ACTION+AIN	K	K+AIN	PHARMA	GEBEN · ANTEIL	ZUTAT ZUGEBEN · DROGENANTEIL	Gib den Drogenanteil zu.	SELF_CONTAINED_ARGUMENT	UNCHANGED_SELF_CONTAINED_RENDERER	2	1	0	NONE	NO	4	OK|S|CHD|T	4	4	1	f89r	2	HERBAL|BIOLOGICAL	6	5	f75r|f76r|f81v|f83r|f95v	YES	COMPOSED_WORKING	NO	NO	NO	COMPOSED_WORKING_RETAINED__NO_SURFACE_OR_OCCURRENCE_PREDICTION
64	64	A_LOCAL_MULTIHEAD	TWO_OR_MORE_EXACT_OTHER_ACTION_CELLS_SAME_FRAME_REGISTER	G498-M130	@ACTION+AIN	R	R+AIN	PHARMA	MARKIEREN · ANTEIL	POSTEN MARKIEREN · DROGENANTEIL	Markiere den Drogenanteil.	SELF_CONTAINED_ARGUMENT	UNCHANGED_SELF_CONTAINED	2	1	0	NONE	NO	4	OK|S|CHD|T	4	4	1	f89r	1	BIOLOGICAL	3	3	f76r|f81r|f82r	YES	COMPOSED_WORKING	NO	NO	NO	COMPOSED_WORKING_RETAINED__NO_SURFACE_OR_OCCURRENCE_PREDICTION
65	65	A_LOCAL_MULTIHEAD	TWO_OR_MORE_EXACT_OTHER_ACTION_CELLS_SAME_FRAME_REGISTER	G498-M100	@ACTION+AIN	CH	CH+AIN	PHARMA	NEHMEN · ANTEIL	DROGENPOSTEN NEHMEN · DROGENANTEIL	Nimm den Drogenanteil.	SELF_CONTAINED_ARGUMENT	UNCHANGED_SELF_CONTAINED_RENDERER	2	1	0	NONE	NO	4	OK|S|CHD|T	4	4	1	f89r	0	NONE	0	0	NONE	YES	COMPOSED_WORKING	NO	NO	NO	COMPOSED_WORKING_RETAINED__NO_SURFACE_OR_OCCURRENCE_PREDICTION
66	66	A_LOCAL_MULTIHEAD	TWO_OR_MORE_EXACT_OTHER_ACTION_CELLS_SAME_FRAME_REGISTER	G498-M135	@ACTION+AIN	P	P+AIN	PHARMA	EINSETZEN · ANTEIL	ZUTAT EINSETZEN · DROGENANTEIL	Setze den Drogenanteil ein.	SELF_CONTAINED_ARGUMENT	UNCHANGED_SELF_CONTAINED_RENDERER	2	1	0	NONE	NO	4	OK|S|CHD|T	4	4	1	f89r	0	NONE	0	0	NONE	YES	COMPOSED_WORKING	NO	NO	NO	COMPOSED_WORKING_RETAINED__NO_SURFACE_OR_OCCURRENCE_PREDICTION
67	67	A_LOCAL_MULTIHEAD	TWO_OR_MORE_EXACT_OTHER_ACTION_CELLS_SAME_FRAME_REGISTER	G498-M105	@ACTION+AIN	SH	SH+AIN	PHARMA	HALTEN · ANTEIL	ANSATZ HALTEN · DROGENANTEIL	Halte den Drogenanteil.	SELF_CONTAINED_ARGUMENT	UNCHANGED_SELF_CONTAINED_RENDERER	2	1	0	NONE	NO	4	OK|S|CHD|T	4	4	1	f89r	0	NONE	0	0	NONE	YES	COMPOSED_WORKING	NO	NO	NO	COMPOSED_WORKING_RETAINED__NO_SURFACE_OR_OCCURRENCE_PREDICTION
68	68	A_LOCAL_MULTIHEAD	TWO_OR_MORE_EXACT_OTHER_ACTION_CELLS_SAME_FRAME_REGISTER	G498-M157	@ACTION+AL	S	S+AL	HERBAL	WÄHLEN · ZIELORT	PFLANZENTEIL WÄHLEN · ZIELSTELLE	Wähle das zuvor Genannte; zur Zielstelle.	ACTIVE_ARGUMENT_REQUIRED	CONTEXT_NOUN_GENERALIZED	2	1	0	NONE	NO	3	OK|CH|K	9	5	4	f18r|f55v|f56r|f95v	2	BIOLOGICAL|CELESTIAL	10	7	f67r2|f72r|f75r|f76r|f77r|f81v|f82r	YES	COMPOSED_WORKING	NO	NO	NO	COMPOSED_WORKING_RETAINED__NO_SURFACE_OR_OCCURRENCE_PREDICTION
69	69	A_LOCAL_MULTIHEAD	TWO_OR_MORE_EXACT_OTHER_ACTION_CELLS_SAME_FRAME_REGISTER	G498-M167	@ACTION+AL	T	T+AL	HERBAL	EINSTELLEN · ZIELORT	ARBEITSSTUFE EINSTELLEN · ZIELSTELLE	Stelle das zuvor Genannte ein; zur Zielstelle.	ACTIVE_ARGUMENT_REQUIRED	COMPOSED_CONTEXT_NOUN_GENERALIZED	2	1	0	NONE	NO	3	OK|CH|K	9	5	4	f18r|f55v|f56r|f95v	2	BIOLOGICAL|CELESTIAL	3	3	f71v|f77r|f83r	YES	COMPOSED_WORKING	NO	NO	NO	COMPOSED_WORKING_RETAINED__NO_SURFACE_OR_OCCURRENCE_PREDICTION
70	70	A_LOCAL_MULTIHEAD	TWO_OR_MORE_EXACT_OTHER_ACTION_CELLS_SAME_FRAME_REGISTER	G498-M440	@ACTION+Y	T	T+Y	PHARMA	EINSTELLEN · POSTEN	ANSATZWERT EINSTELLEN · DROGENPOSTEN	Stelle den Drogenposten ein.	SELF_CONTAINED_ARGUMENT	UNCHANGED_SELF_CONTAINED	2	1	0	NONE	NO	3	OK|K|CHD	9	3	3	f88r|f88v|f89r	2	HERBAL|BIOLOGICAL	3	3	f10r|f13r|f83r	YES	COMPOSED_WORKING	NO	NO	NO	COMPOSED_WORKING_RETAINED__NO_SURFACE_OR_OCCURRENCE_PREDICTION
71	71	A_LOCAL_MULTIHEAD	TWO_OR_MORE_EXACT_OTHER_ACTION_CELLS_SAME_FRAME_REGISTER	G498-M162	@ACTION+AL	CHD	CHD+AL	HERBAL	BEARBEITEN · ZIELORT	MATERIAL BEARBEITEN · ZIELSTELLE	Bearbeite das zuvor Genannte; zur Zielstelle.	ACTIVE_ARGUMENT_REQUIRED	CONTEXT_NOUN_GENERALIZED	2	1	0	NONE	NO	3	OK|CH|K	9	5	4	f18r|f55v|f56r|f95v	2	BIOLOGICAL|CELESTIAL	2	2	f72r|f83r	YES	COMPOSED_WORKING	NO	NO	NO	COMPOSED_WORKING_RETAINED__NO_SURFACE_OR_OCCURRENCE_PREDICTION
72	72	A_LOCAL_MULTIHEAD	TWO_OR_MORE_EXACT_OTHER_ACTION_CELLS_SAME_FRAME_REGISTER	G498-M172	@ACTION+AL	R	R+AL	HERBAL	MARKIEREN · ZIELORT	TEIL MARKIEREN · ZIELSTELLE	Markiere das zuvor Genannte; zur Zielstelle.	ACTIVE_ARGUMENT_REQUIRED	COMPOSED_CONTEXT_NOUN_GENERALIZED	2	1	0	NONE	NO	3	OK|CH|K	9	5	4	f18r|f55v|f56r|f95v	2	BIOLOGICAL|PHARMA	2	2	f81v|f88r	YES	COMPOSED_WORKING	NO	NO	NO	COMPOSED_WORKING_RETAINED__NO_SURFACE_OR_OCCURRENCE_PREDICTION
73	73	A_LOCAL_MULTIHEAD	TWO_OR_MORE_EXACT_OTHER_ACTION_CELLS_SAME_FRAME_REGISTER	G498-M445	@ACTION+Y	R	R+Y	PHARMA	MARKIEREN · POSTEN	POSTEN MARKIEREN · DROGENPOSTEN	Markiere den Drogenposten.	SELF_CONTAINED_ARGUMENT	UNCHANGED_SELF_CONTAINED	2	1	0	NONE	NO	3	OK|K|CHD	9	3	3	f88r|f88v|f89r	1	BIOLOGICAL	2	2	f75r|f82r	YES	COMPOSED_WORKING	NO	NO	NO	COMPOSED_WORKING_RETAINED__NO_SURFACE_OR_OCCURRENCE_PREDICTION
74	74	A_LOCAL_MULTIHEAD	TWO_OR_MORE_EXACT_OTHER_ACTION_CELLS_SAME_FRAME_REGISTER	G498-M450	@ACTION+Y	P	P+Y	PHARMA	EINSETZEN · POSTEN	ZUTAT EINSETZEN · DROGENPOSTEN	Setze den Drogenposten ein.	SELF_CONTAINED_ARGUMENT	UNCHANGED_SELF_CONTAINED_RENDERER	2	1	0	NONE	NO	3	OK|K|CHD	9	3	3	f88r|f88v|f89r	1	BIOLOGICAL	1	1	f75r	YES	COMPOSED_WORKING	NO	NO	NO	COMPOSED_WORKING_RETAINED__NO_SURFACE_OR_OCCURRENCE_PREDICTION
75	75	A_LOCAL_MULTIHEAD	TWO_OR_MORE_EXACT_OTHER_ACTION_CELLS_SAME_FRAME_REGISTER	G498-M147	@ACTION+AL	SH	SH+AL	HERBAL	HALTEN · ZIELORT	MATERIAL HALTEN · ZIELSTELLE	Halte das zuvor Genannte; zur Zielstelle.	ACTIVE_ARGUMENT_REQUIRED	CONTEXT_NOUN_GENERALIZED	2	1	0	NONE	NO	3	OK|CH|K	9	5	4	f18r|f55v|f56r|f95v	1	BIOLOGICAL	1	1	f75r	YES	COMPOSED_WORKING	NO	NO	NO	COMPOSED_WORKING_RETAINED__NO_SURFACE_OR_OCCURRENCE_PREDICTION
76	76	A_LOCAL_MULTIHEAD	TWO_OR_MORE_EXACT_OTHER_ACTION_CELLS_SAME_FRAME_REGISTER	G498-M420	@ACTION+Y	SH	SH+Y	PHARMA	HALTEN · POSTEN	ANSATZ HALTEN · DROGENPOSTEN	Halte den Drogenposten.	SELF_CONTAINED_ARGUMENT	UNCHANGED_SELF_CONTAINED_RENDERER	2	1	0	NONE	NO	3	OK|K|CHD	9	3	3	f88r|f88v|f89r	1	BIOLOGICAL	1	1	f81v	YES	COMPOSED_WORKING	NO	NO	NO	COMPOSED_WORKING_RETAINED__NO_SURFACE_OR_OCCURRENCE_PREDICTION
77	77	A_LOCAL_MULTIHEAD	TWO_OR_MORE_EXACT_OTHER_ACTION_CELLS_SAME_FRAME_REGISTER	G498-M415	@ACTION+Y	CH	CH+Y	PHARMA	NEHMEN · POSTEN	DROGENPOSTEN NEHMEN · DROGENPOSTEN	Nimm den Drogenposten.	SELF_CONTAINED_ARGUMENT	UNCHANGED_SELF_CONTAINED_RENDERER	2	1	0	NONE	NO	3	OK|K|CHD	9	3	3	f88r|f88v|f89r	0	NONE	0	0	NONE	YES	COMPOSED_WORKING	NO	NO	NO	COMPOSED_WORKING_RETAINED__NO_SURFACE_OR_OCCURRENCE_PREDICTION
78	78	A_LOCAL_MULTIHEAD	TWO_OR_MORE_EXACT_OTHER_ACTION_CELLS_SAME_FRAME_REGISTER	G498-M177	@ACTION+AL	P	P+AL	HERBAL	EINSETZEN · ZIELORT	MATERIAL EINSETZEN · ZIELSTELLE	Setze das zuvor Genannte ein; zur Zielstelle.	ACTIVE_ARGUMENT_REQUIRED	CONTEXT_NOUN_GENERALIZED	2	1	0	NONE	NO	3	OK|CH|K	9	5	4	f18r|f55v|f56r|f95v	0	NONE	0	0	NONE	YES	COMPOSED_WORKING	NO	NO	NO	COMPOSED_WORKING_RETAINED__NO_SURFACE_OR_OCCURRENCE_PREDICTION
79	79	A_LOCAL_MULTIHEAD	TWO_OR_MORE_EXACT_OTHER_ACTION_CELLS_SAME_FRAME_REGISTER	G498-M430	@ACTION+Y	S	S+Y	PHARMA	WÄHLEN · POSTEN	DROGENPOSTEN WÄHLEN · DROGENPOSTEN	Wähle den Drogenposten.	SELF_CONTAINED_ARGUMENT	UNCHANGED_SELF_CONTAINED_RENDERER	2	1	0	NONE	NO	3	OK|K|CHD	9	3	3	f88r|f88v|f89r	0	NONE	0	0	NONE	YES	COMPOSED_WORKING	NO	NO	NO	COMPOSED_WORKING_RETAINED__NO_SURFACE_OR_OCCURRENCE_PREDICTION
80	80	A_LOCAL_MULTIHEAD	TWO_OR_MORE_EXACT_OTHER_ACTION_CELLS_SAME_FRAME_REGISTER	G498-M349	@ACTION+OL	T	T+OL	CELESTIAL	EINSTELLEN · FORTSETZEN	WERT EINSTELLEN · RINGFOLGE FORTSETZEN	Fahre fort, das zuvor Genannte einzustellen.	ACTIVE_ARGUMENT_REQUIRED	COMPOSED_CONTEXT_NOUN_AND_CONTINUATION_FLUENCY	2	1	0	NONE	NO	3	OK|SH|K	6	5	3	f67r2|f71v|f72r	4	SOURCE_SECTION_T|HERBAL|BIOLOGICAL|PHARMA	7	6	f1r|f11r|f56r|f83r|f88v|f89r	YES	COMPOSED_WORKING	NO	NO	NO	COMPOSED_WORKING_RETAINED__NO_SURFACE_OR_OCCURRENCE_PREDICTION
81	81	A_LOCAL_MULTIHEAD	TWO_OR_MORE_EXACT_OTHER_ACTION_CELLS_SAME_FRAME_REGISTER	G498-M354	@ACTION+OL	R	R+OL	CELESTIAL	MARKIEREN · FORTSETZEN	POSITION MARKIEREN · RINGFOLGE FORTSETZEN	Fahre fort, das zuvor Genannte zu markieren.	ACTIVE_ARGUMENT_REQUIRED	COMPOSED_CONTEXT_NOUN_AND_CONTINUATION_FLUENCY	2	1	0	NONE	NO	3	OK|SH|K	6	5	3	f67r2|f71v|f72r	1	BIOLOGICAL	4	3	f75r|f76r|f81v	YES	COMPOSED_WORKING	NO	NO	NO	COMPOSED_WORKING_RETAINED__NO_SURFACE_OR_OCCURRENCE_PREDICTION
82	82	A_LOCAL_MULTIHEAD	TWO_OR_MORE_EXACT_OTHER_ACTION_CELLS_SAME_FRAME_REGISTER	G498-M344	@ACTION+OL	CHD	CHD+OL	CELESTIAL	BEARBEITEN · FORTSETZEN	EINTRAG BEARBEITEN · RINGFOLGE FORTSETZEN	Fahre fort: Bearbeite das zuvor Genannte.	ACTIVE_ARGUMENT_REQUIRED	CONTEXT_NOUN_GENERALIZED__FORTSETZEN_COLON	2	1	0	NONE	NO	3	OK|SH|K	6	5	3	f67r2|f71v|f72r	1	BIOLOGICAL	2	2	f76r|f82r	YES	COMPOSED_WORKING	NO	NO	NO	COMPOSED_WORKING_RETAINED__NO_SURFACE_OR_OCCURRENCE_PREDICTION
83	83	A_LOCAL_MULTIHEAD	TWO_OR_MORE_EXACT_OTHER_ACTION_CELLS_SAME_FRAME_REGISTER	G498-M359	@ACTION+OL	P	P+OL	CELESTIAL	EINSETZEN · FORTSETZEN	EINTRAG EINSETZEN · RINGFOLGE FORTSETZEN	Fahre fort: Setze das zuvor Genannte ein.	ACTIVE_ARGUMENT_REQUIRED	CONTEXT_NOUN_GENERALIZED__FORTSETZEN_COLON	2	1	0	NONE	NO	3	OK|SH|K	6	5	3	f67r2|f71v|f72r	1	BIOLOGICAL	1	1	f77r	YES	COMPOSED_WORKING	NO	NO	NO	COMPOSED_WORKING_RETAINED__NO_SURFACE_OR_OCCURRENCE_PREDICTION
84	84	A_LOCAL_MULTIHEAD	TWO_OR_MORE_EXACT_OTHER_ACTION_CELLS_SAME_FRAME_REGISTER	G498-M324	@ACTION+OL	CH	CH+OL	CELESTIAL	NEHMEN · FORTSETZEN	POSITION AUFNEHMEN · RINGFOLGE FORTSETZEN	Fahre fort: Nimm das zuvor Genannte auf.	ACTIVE_ARGUMENT_REQUIRED	CONTEXT_NOUN_GENERALIZED__FORTSETZEN_COLON	2	1	0	NONE	NO	3	OK|SH|K	6	5	3	f67r2|f71v|f72r	0	NONE	0	0	NONE	YES	COMPOSED_WORKING	NO	NO	NO	COMPOSED_WORKING_RETAINED__NO_SURFACE_OR_OCCURRENCE_PREDICTION
85	85	A_LOCAL_MULTIHEAD	TWO_OR_MORE_EXACT_OTHER_ACTION_CELLS_SAME_FRAME_REGISTER	G498-M339	@ACTION+OL	S	S+OL	CELESTIAL	WÄHLEN · FORTSETZEN	POSITION WÄHLEN · RINGFOLGE FORTSETZEN	Fahre fort: Wähle das zuvor Genannte.	ACTIVE_ARGUMENT_REQUIRED	CONTEXT_NOUN_GENERALIZED__FORTSETZEN_COLON	2	1	0	NONE	NO	3	OK|SH|K	6	5	3	f67r2|f71v|f72r	0	NONE	0	0	NONE	YES	COMPOSED_WORKING	NO	NO	NO	COMPOSED_WORKING_RETAINED__NO_SURFACE_OR_OCCURRENCE_PREDICTION
86	86	A_LOCAL_MULTIHEAD	TWO_OR_MORE_EXACT_OTHER_ACTION_CELLS_SAME_FRAME_REGISTER	G498-M213	@ACTION+AL+Y	T	T+AL+Y	BIOLOGICAL	EINSTELLEN · ZIELORT · POSTEN	STATIONSWERT EINSTELLEN · ZIELSTATION · STATIONSPOSTEN	Stelle den Stationsposten ein; zur Zielstation.	SELF_CONTAINED_ARGUMENT	UNCHANGED_SELF_CONTAINED	3	1	0	NONE	NO	3	OK|CH|R	5	3	4	f76r|f77r|f82r|f83r	1	CELESTIAL	1	1	f72r	YES	COMPOSED_WORKING	NO	NO	NO	COMPOSED_WORKING_RETAINED__NO_SURFACE_OR_OCCURRENCE_PREDICTION
87	87	A_LOCAL_MULTIHEAD	TWO_OR_MORE_EXACT_OTHER_ACTION_CELLS_SAME_FRAME_REGISTER	G498-M208	@ACTION+AL+Y	CHD	CHD+AL+Y	BIOLOGICAL	BEARBEITEN · ZIELORT · POSTEN	POSTEN BEARBEITEN · ZIELSTATION · STATIONSPOSTEN	Bearbeite den Stationsposten; zur Zielstation.	SELF_CONTAINED_ARGUMENT	UNCHANGED_SELF_CONTAINED_RENDERER	3	1	0	NONE	NO	3	OK|CH|R	5	3	4	f76r|f77r|f82r|f83r	0	NONE	0	0	NONE	YES	COMPOSED_WORKING	NO	NO	NO	COMPOSED_WORKING_RETAINED__NO_SURFACE_OR_OCCURRENCE_PREDICTION
88	88	A_LOCAL_MULTIHEAD	TWO_OR_MORE_EXACT_OTHER_ACTION_CELLS_SAME_FRAME_REGISTER	G498-M198	@ACTION+AL+Y	K	K+AL+Y	BIOLOGICAL	GEBEN · ZIELORT · POSTEN	POSTEN ZUFÜHREN · ZIELSTATION · STATIONSPOSTEN	Führe den Stationsposten zu; zur Zielstation.	SELF_CONTAINED_ARGUMENT	UNCHANGED_SELF_CONTAINED_RENDERER	3	1	0	NONE	NO	3	OK|CH|R	5	3	4	f76r|f77r|f82r|f83r	0	NONE	0	0	NONE	YES	COMPOSED_WORKING	NO	NO	NO	COMPOSED_WORKING_RETAINED__NO_SURFACE_OR_OCCURRENCE_PREDICTION
89	89	A_LOCAL_MULTIHEAD	TWO_OR_MORE_EXACT_OTHER_ACTION_CELLS_SAME_FRAME_REGISTER	G498-M223	@ACTION+AL+Y	P	P+AL+Y	BIOLOGICAL	EINSETZEN · ZIELORT · POSTEN	POSTEN EINSETZEN · ZIELSTATION · STATIONSPOSTEN	Setze den Stationsposten ein; zur Zielstation.	SELF_CONTAINED_ARGUMENT	UNCHANGED_SELF_CONTAINED_RENDERER	3	1	0	NONE	NO	3	OK|CH|R	5	3	4	f76r|f77r|f82r|f83r	0	NONE	0	0	NONE	YES	COMPOSED_WORKING	NO	NO	NO	COMPOSED_WORKING_RETAINED__NO_SURFACE_OR_OCCURRENCE_PREDICTION
90	90	A_LOCAL_MULTIHEAD	TWO_OR_MORE_EXACT_OTHER_ACTION_CELLS_SAME_FRAME_REGISTER	G498-M203	@ACTION+AL+Y	S	S+AL+Y	BIOLOGICAL	WÄHLEN · ZIELORT · POSTEN	STATION WÄHLEN · ZIELSTATION · STATIONSPOSTEN	Wähle den Stationsposten; zur Zielstation.	SELF_CONTAINED_ARGUMENT	UNCHANGED_SELF_CONTAINED_RENDERER	3	1	0	NONE	NO	3	OK|CH|R	5	3	4	f76r|f77r|f82r|f83r	0	NONE	0	0	NONE	YES	COMPOSED_WORKING	NO	NO	NO	COMPOSED_WORKING_RETAINED__NO_SURFACE_OR_OCCURRENCE_PREDICTION
91	91	A_LOCAL_MULTIHEAD	TWO_OR_MORE_EXACT_OTHER_ACTION_CELLS_SAME_FRAME_REGISTER	G498-M193	@ACTION+AL+Y	SH	SH+AL+Y	BIOLOGICAL	HALTEN · ZIELORT · POSTEN	POSTEN HALTEN · ZIELSTATION · STATIONSPOSTEN	Halte den Stationsposten; zur Zielstation.	SELF_CONTAINED_ARGUMENT	UNCHANGED_SELF_CONTAINED_RENDERER	3	1	0	NONE	NO	3	OK|CH|R	5	3	4	f76r|f77r|f82r|f83r	0	NONE	0	0	NONE	YES	COMPOSED_WORKING	NO	NO	NO	COMPOSED_WORKING_RETAINED__NO_SURFACE_OR_OCCURRENCE_PREDICTION
92	92	A_LOCAL_MULTIHEAD	TWO_OR_MORE_EXACT_OTHER_ACTION_CELLS_SAME_FRAME_REGISTER	G498-M066	@ACTION+AIIN	S	S+AIIN	SOURCE_SECTION_T	WÄHLEN · WERT	AUSWÄHLEN · KENNWERT	Wähle den Kennwert.	SELF_CONTAINED_ARGUMENT	UNCHANGED_SELF_CONTAINED_RENDERER	2	1	0	NONE	NO	3	OK|SH|K	4	3	1	f1r	3	BIOLOGICAL|CELESTIAL|PHARMA	21	10	f67r2|f72r|f75r|f76r|f77r|f81v|f83r|f88r|f88v|f89r	YES	COMPOSED_WORKING	NO	NO	NO	COMPOSED_WORKING_RETAINED__NO_SURFACE_OR_OCCURRENCE_PREDICTION
93	93	A_LOCAL_MULTIHEAD	TWO_OR_MORE_EXACT_OTHER_ACTION_CELLS_SAME_FRAME_REGISTER	G498-M071	@ACTION+AIIN	CHD	CHD+AIIN	SOURCE_SECTION_T	BEARBEITEN · WERT	EINTRAG BEARBEITEN · KENNWERT	Bearbeite den Kennwert.	SELF_CONTAINED_ARGUMENT	UNCHANGED_SELF_CONTAINED_RENDERER	2	1	0	NONE	NO	3	OK|SH|K	4	3	1	f1r	3	HERBAL|BIOLOGICAL|CELESTIAL	8	5	f67r2|f72r|f77r|f83r|f95v	YES	COMPOSED_WORKING	NO	NO	NO	COMPOSED_WORKING_RETAINED__NO_SURFACE_OR_OCCURRENCE_PREDICTION
94	94	A_LOCAL_MULTIHEAD	TWO_OR_MORE_EXACT_OTHER_ACTION_CELLS_SAME_FRAME_REGISTER	G498-M076	@ACTION+AIIN	T	T+AIIN	SOURCE_SECTION_T	EINSTELLEN · WERT	FESTLEGEN · KENNWERT	Lege den Kennwert fest.	SELF_CONTAINED_ARGUMENT	UNCHANGED_SELF_CONTAINED	2	1	0	NONE	NO	3	OK|SH|K	4	3	1	f1r	3	HERBAL|BIOLOGICAL|PHARMA	5	5	f10r|f81r|f82r|f89r|f95v	YES	COMPOSED_WORKING	NO	NO	NO	COMPOSED_WORKING_RETAINED__NO_SURFACE_OR_OCCURRENCE_PREDICTION
95	95	A_LOCAL_MULTIHEAD	TWO_OR_MORE_EXACT_OTHER_ACTION_CELLS_SAME_FRAME_REGISTER	G498-M081	@ACTION+AIIN	R	R+AIIN	SOURCE_SECTION_T	MARKIEREN · WERT	KENNZEICHNEN · KENNWERT	Kennzeichne den Kennwert.	SELF_CONTAINED_ARGUMENT	UNCHANGED_SELF_CONTAINED	2	1	0	NONE	NO	3	OK|SH|K	4	3	1	f1r	2	HERBAL|BIOLOGICAL	8	4	f76r|f77r|f82r|f95v	YES	COMPOSED_WORKING	NO	NO	NO	COMPOSED_WORKING_RETAINED__NO_SURFACE_OR_OCCURRENCE_PREDICTION
96	96	A_LOCAL_MULTIHEAD	TWO_OR_MORE_EXACT_OTHER_ACTION_CELLS_SAME_FRAME_REGISTER	G498-M051	@ACTION+AIIN	CH	CH+AIIN	SOURCE_SECTION_T	NEHMEN · WERT	ENTNEHMEN · KENNWERT	Entnimm den Kennwert.	SELF_CONTAINED_ARGUMENT	UNCHANGED_SELF_CONTAINED_RENDERER	2	1	0	NONE	NO	3	OK|SH|K	4	3	1	f1r	2	HERBAL|PHARMA	5	4	f10r|f11r|f55v|f89r	YES	COMPOSED_WORKING	NO	NO	NO	COMPOSED_WORKING_RETAINED__NO_SURFACE_OR_OCCURRENCE_PREDICTION
97	97	A_LOCAL_MULTIHEAD	TWO_OR_MORE_EXACT_OTHER_ACTION_CELLS_SAME_FRAME_REGISTER	G498-M436	@ACTION+Y	T	T+Y	SOURCE_SECTION_T	EINSTELLEN · POSTEN	FESTLEGEN · LAUFENDER EINTRAG	Lege den laufenden Eintrag fest.	SELF_CONTAINED_ARGUMENT	UNCHANGED_SELF_CONTAINED	2	1	0	NONE	NO	3	OK|K|CHD	4	3	1	f1r	2	HERBAL|BIOLOGICAL	3	3	f10r|f13r|f83r	YES	COMPOSED_WORKING	NO	NO	NO	COMPOSED_WORKING_RETAINED__NO_SURFACE_OR_OCCURRENCE_PREDICTION
98	98	A_LOCAL_MULTIHEAD	TWO_OR_MORE_EXACT_OTHER_ACTION_CELLS_SAME_FRAME_REGISTER	G498-M441	@ACTION+Y	R	R+Y	SOURCE_SECTION_T	MARKIEREN · POSTEN	KENNZEICHNEN · LAUFENDER EINTRAG	Kennzeichne den laufenden Eintrag.	SELF_CONTAINED_ARGUMENT	UNCHANGED_SELF_CONTAINED	2	1	0	NONE	NO	3	OK|K|CHD	4	3	1	f1r	1	BIOLOGICAL	2	2	f75r|f82r	YES	COMPOSED_WORKING	NO	NO	NO	COMPOSED_WORKING_RETAINED__NO_SURFACE_OR_OCCURRENCE_PREDICTION
99	99	A_LOCAL_MULTIHEAD	TWO_OR_MORE_EXACT_OTHER_ACTION_CELLS_SAME_FRAME_REGISTER	G498-M446	@ACTION+Y	P	P+Y	SOURCE_SECTION_T	EINSETZEN · POSTEN	IN EINTRAG EINSETZEN · LAUFENDER EINTRAG	Setze den laufenden Eintrag ein.	SELF_CONTAINED_ARGUMENT	UNCHANGED_SELF_CONTAINED_RENDERER	2	1	0	NONE	NO	3	OK|K|CHD	4	3	1	f1r	1	BIOLOGICAL	1	1	f75r	YES	COMPOSED_WORKING	NO	NO	NO	COMPOSED_WORKING_RETAINED__NO_SURFACE_OR_OCCURRENCE_PREDICTION
100	100	A_LOCAL_MULTIHEAD	TWO_OR_MORE_EXACT_OTHER_ACTION_CELLS_SAME_FRAME_REGISTER	G498-M416	@ACTION+Y	SH	SH+Y	SOURCE_SECTION_T	HALTEN · POSTEN	FESTHALTEN · LAUFENDER EINTRAG	Halte den laufenden Eintrag fest.	SELF_CONTAINED_ARGUMENT	UNCHANGED_SELF_CONTAINED_RENDERER	2	1	0	NONE	NO	3	OK|K|CHD	4	3	1	f1r	1	BIOLOGICAL	1	1	f81v	YES	COMPOSED_WORKING	NO	NO	NO	COMPOSED_WORKING_RETAINED__NO_SURFACE_OR_OCCURRENCE_PREDICTION
101	101	A_LOCAL_MULTIHEAD	TWO_OR_MORE_EXACT_OTHER_ACTION_CELLS_SAME_FRAME_REGISTER	G498-M411	@ACTION+Y	CH	CH+Y	SOURCE_SECTION_T	NEHMEN · POSTEN	ENTNEHMEN · LAUFENDER EINTRAG	Entnimm den laufenden Eintrag.	SELF_CONTAINED_ARGUMENT	UNCHANGED_SELF_CONTAINED_RENDERER	2	1	0	NONE	NO	3	OK|K|CHD	4	3	1	f1r	0	NONE	0	0	NONE	YES	COMPOSED_WORKING	NO	NO	NO	COMPOSED_WORKING_RETAINED__NO_SURFACE_OR_OCCURRENCE_PREDICTION
102	102	A_LOCAL_MULTIHEAD	TWO_OR_MORE_EXACT_OTHER_ACTION_CELLS_SAME_FRAME_REGISTER	G498-M086	@ACTION+AIIN	P	P+AIIN	SOURCE_SECTION_T	EINSETZEN · WERT	IN EINTRAG EINSETZEN · KENNWERT	Setze den Kennwert ein.	SELF_CONTAINED_ARGUMENT	UNCHANGED_SELF_CONTAINED_RENDERER	2	1	0	NONE	NO	3	OK|SH|K	4	3	1	f1r	0	NONE	0	0	NONE	YES	COMPOSED_WORKING	NO	NO	NO	COMPOSED_WORKING_RETAINED__NO_SURFACE_OR_OCCURRENCE_PREDICTION
103	103	A_LOCAL_MULTIHEAD	TWO_OR_MORE_EXACT_OTHER_ACTION_CELLS_SAME_FRAME_REGISTER	G498-M426	@ACTION+Y	S	S+Y	SOURCE_SECTION_T	WÄHLEN · POSTEN	AUSWÄHLEN · LAUFENDER EINTRAG	Wähle den laufenden Eintrag.	SELF_CONTAINED_ARGUMENT	UNCHANGED_SELF_CONTAINED_RENDERER	2	1	0	NONE	NO	3	OK|K|CHD	4	3	1	f1r	0	NONE	0	0	NONE	YES	COMPOSED_WORKING	NO	NO	NO	COMPOSED_WORKING_RETAINED__NO_SURFACE_OR_OCCURRENCE_PREDICTION
104	104	A_LOCAL_MULTIHEAD	TWO_OR_MORE_EXACT_OTHER_ACTION_CELLS_SAME_FRAME_REGISTER	G498-M262	@ACTION+CH+E+Y	R	R+CH+E+Y	HERBAL	MARKIEREN · NEHMEN · GRAD I · POSTEN	TEIL MARKIEREN · PFLANZENTEIL NEHMEN · GRAD I · PFLANZENPOSTEN	Markiere den Pflanzenposten und nimm den Pflanzenposten; auf Grad I.	SELF_CONTAINED_ARGUMENT	UNCHANGED_SELF_CONTAINED	4	2	0	NONE	NO	3	OK|K|S	3	3	1	f56r	1	BIOLOGICAL	1	1	f82r	YES	COMPOSED_WORKING	NO	NO	NO	COMPOSED_WORKING_RETAINED__NO_SURFACE_OR_OCCURRENCE_PREDICTION
105	105	A_LOCAL_MULTIHEAD	TWO_OR_MORE_EXACT_OTHER_ACTION_CELLS_SAME_FRAME_REGISTER	G498-M257	@ACTION+CH+E+Y	T	T+CH+E+Y	HERBAL	EINSTELLEN · NEHMEN · GRAD I · POSTEN	ARBEITSSTUFE EINSTELLEN · PFLANZENTEIL NEHMEN · GRAD I · PFLANZENPOSTEN	Stelle den Pflanzenposten ein und nimm den Pflanzenposten; auf Grad I.	SELF_CONTAINED_ARGUMENT	UNCHANGED_SELF_CONTAINED	4	2	0	NONE	NO	3	OK|K|S	3	3	1	f56r	1	SOURCE_SECTION_T	1	1	f1r	YES	COMPOSED_WORKING	NO	NO	NO	COMPOSED_WORKING_RETAINED__NO_SURFACE_OR_OCCURRENCE_PREDICTION
106	106	A_LOCAL_MULTIHEAD	TWO_OR_MORE_EXACT_OTHER_ACTION_CELLS_SAME_FRAME_REGISTER	G498-M252	@ACTION+CH+E+Y	CHD	CHD+CH+E+Y	HERBAL	BEARBEITEN · NEHMEN · GRAD I · POSTEN	MATERIAL BEARBEITEN · PFLANZENTEIL NEHMEN · GRAD I · PFLANZENPOSTEN	Bearbeite den Pflanzenposten und nimm den Pflanzenposten; auf Grad I.	SELF_CONTAINED_ARGUMENT	UNCHANGED_SELF_CONTAINED_RENDERER	4	2	0	NONE	NO	3	OK|K|S	3	3	1	f56r	0	NONE	0	0	NONE	YES	COMPOSED_WORKING	NO	NO	NO	COMPOSED_WORKING_RETAINED__NO_SURFACE_OR_OCCURRENCE_PREDICTION
107	107	A_LOCAL_MULTIHEAD	TWO_OR_MORE_EXACT_OTHER_ACTION_CELLS_SAME_FRAME_REGISTER	G498-M267	@ACTION+CH+E+Y	P	P+CH+E+Y	HERBAL	EINSETZEN · NEHMEN · GRAD I · POSTEN	MATERIAL EINSETZEN · PFLANZENTEIL NEHMEN · GRAD I · PFLANZENPOSTEN	Setze den Pflanzenposten ein und nimm den Pflanzenposten; auf Grad I.	SELF_CONTAINED_ARGUMENT	UNCHANGED_SELF_CONTAINED_RENDERER	4	2	0	NONE	NO	3	OK|K|S	3	3	1	f56r	0	NONE	0	0	NONE	YES	COMPOSED_WORKING	NO	NO	NO	COMPOSED_WORKING_RETAINED__NO_SURFACE_OR_OCCURRENCE_PREDICTION
108	108	A_LOCAL_MULTIHEAD	TWO_OR_MORE_EXACT_OTHER_ACTION_CELLS_SAME_FRAME_REGISTER	G498-M237	@ACTION+CH+E+Y	SH	SH+CH+E+Y	HERBAL	HALTEN · NEHMEN · GRAD I · POSTEN	MATERIAL HALTEN · PFLANZENTEIL NEHMEN · GRAD I · PFLANZENPOSTEN	Halte den Pflanzenposten und nimm den Pflanzenposten; auf Grad I.	SELF_CONTAINED_ARGUMENT	UNCHANGED_SELF_CONTAINED_RENDERER	4	2	0	NONE	NO	3	OK|K|S	3	3	1	f56r	0	NONE	0	0	NONE	YES	COMPOSED_WORKING	NO	NO	NO	COMPOSED_WORKING_RETAINED__NO_SURFACE_OR_OCCURRENCE_PREDICTION
109	109	A_LOCAL_MULTIHEAD	TWO_OR_MORE_EXACT_OTHER_ACTION_CELLS_SAME_FRAME_REGISTER	G498-M232	@ACTION+CH+E+Y	CH	CH+CH+E+Y	HERBAL	NEHMEN · NEHMEN · GRAD I · POSTEN	PFLANZENTEIL NEHMEN · PFLANZENTEIL NEHMEN · GRAD I · PFLANZENPOSTEN	Nimm den Pflanzenposten und nimm den Pflanzenposten; auf Grad I.	SELF_CONTAINED_ARGUMENT	UNCHANGED_SELF_CONTAINED_RENDERER	4	2	1	CH	YES	3	OK|K|S	3	3	1	f56r	0	NONE	0	0	NONE	YES	COMPOSED_WORKING	NO	NO	NO	COMPOSED_WORKING_RETAINED__NO_SURFACE_OR_OCCURRENCE_PREDICTION
110	110	A_LOCAL_MULTIHEAD	TWO_OR_MORE_EXACT_OTHER_ACTION_CELLS_SAME_FRAME_REGISTER	G498-M005	@ACTION	OK	OK	PHARMA	SETZEN	ANSATZ ANSETZEN	Setze das zuvor Genannte als Ansatz an.	ACTIVE_ARGUMENT_REQUIRED	CONTEXT_NOUN_GENERALIZED	1	1	0	NONE	NO	2	S|R	16	6	3	f88r|f88v|f89r	3	SOURCE_SECTION_T|HERBAL|BIOLOGICAL	5	4	f1r|f24v|f56r|f75r	YES	COMPOSED_WORKING	NO	NO	NO	COMPOSED_WORKING_RETAINED__NO_SURFACE_OR_OCCURRENCE_PREDICTION
111	111	A_LOCAL_MULTIHEAD	TWO_OR_MORE_EXACT_OTHER_ACTION_CELLS_SAME_FRAME_REGISTER	G498-M015	@ACTION	SH	SH	PHARMA	HALTEN	ANSATZ HALTEN	Halte das zuvor Genannte.	ACTIVE_ARGUMENT_REQUIRED	CONTEXT_NOUN_GENERALIZED	1	1	0	NONE	NO	2	S|R	16	6	3	f88r|f88v|f89r	3	SOURCE_SECTION_T|HERBAL|BIOLOGICAL	4	4	f1r|f24v|f56r|f77r	YES	COMPOSED_WORKING	NO	NO	NO	COMPOSED_WORKING_RETAINED__NO_SURFACE_OR_OCCURRENCE_PREDICTION
112	112	A_LOCAL_MULTIHEAD	TWO_OR_MORE_EXACT_OTHER_ACTION_CELLS_SAME_FRAME_REGISTER	G498-M010	@ACTION	CH	CH	PHARMA	NEHMEN	DROGENPOSTEN NEHMEN	Nimm das zuvor Genannte.	ACTIVE_ARGUMENT_REQUIRED	CONTEXT_NOUN_GENERALIZED	1	1	0	NONE	NO	2	S|R	16	6	3	f88r|f88v|f89r	2	HERBAL|BIOLOGICAL	2	2	f55v|f75r	YES	COMPOSED_WORKING	NO	NO	NO	COMPOSED_WORKING_RETAINED__NO_SURFACE_OR_OCCURRENCE_PREDICTION
113	113	A_LOCAL_MULTIHEAD	TWO_OR_MORE_EXACT_OTHER_ACTION_CELLS_SAME_FRAME_REGISTER	G498-M020	@ACTION	K	K	PHARMA	GEBEN	ZUTAT ZUGEBEN	Gib das zuvor Genannte zu.	ACTIVE_ARGUMENT_REQUIRED	CONTEXT_NOUN_GENERALIZED	1	1	0	NONE	NO	2	S|R	16	6	3	f88r|f88v|f89r	1	HERBAL	4	3	f13r|f24v|f95v	YES	COMPOSED_WORKING	NO	NO	NO	COMPOSED_WORKING_RETAINED__NO_SURFACE_OR_OCCURRENCE_PREDICTION
114	114	A_LOCAL_MULTIHEAD	TWO_OR_MORE_EXACT_OTHER_ACTION_CELLS_SAME_FRAME_REGISTER	G498-M030	@ACTION	CHD	CHD	PHARMA	BEARBEITEN	ANSATZ BEARBEITEN	Bearbeite das zuvor Genannte.	ACTIVE_ARGUMENT_REQUIRED	CONTEXT_NOUN_GENERALIZED	1	1	0	NONE	NO	2	S|R	16	6	3	f88r|f88v|f89r	1	BIOLOGICAL	2	2	f77r|f83r	YES	COMPOSED_WORKING	NO	NO	NO	COMPOSED_WORKING_RETAINED__NO_SURFACE_OR_OCCURRENCE_PREDICTION
115	115	A_LOCAL_MULTIHEAD	TWO_OR_MORE_EXACT_OTHER_ACTION_CELLS_SAME_FRAME_REGISTER	G498-M035	@ACTION	T	T	PHARMA	EINSTELLEN	ANSATZWERT EINSTELLEN	Stelle das zuvor Genannte ein.	ACTIVE_ARGUMENT_REQUIRED	COMPOSED_CONTEXT_NOUN_GENERALIZED	1	1	0	NONE	NO	2	S|R	16	6	3	f88r|f88v|f89r	1	HERBAL	1	1	f56r	YES	COMPOSED_WORKING	NO	NO	NO	COMPOSED_WORKING_RETAINED__NO_SURFACE_OR_OCCURRENCE_PREDICTION
116	116	A_LOCAL_MULTIHEAD	TWO_OR_MORE_EXACT_OTHER_ACTION_CELLS_SAME_FRAME_REGISTER	G498-M045	@ACTION	P	P	PHARMA	EINSETZEN	ZUTAT EINSETZEN	Setze das zuvor Genannte ein.	ACTIVE_ARGUMENT_REQUIRED	CONTEXT_NOUN_GENERALIZED	1	1	0	NONE	NO	2	S|R	16	6	3	f88r|f88v|f89r	0	NONE	0	0	NONE	YES	COMPOSED_WORKING	NO	NO	NO	COMPOSED_WORKING_RETAINED__NO_SURFACE_OR_OCCURRENCE_PREDICTION
117	117	A_LOCAL_MULTIHEAD	TWO_OR_MORE_EXACT_OTHER_ACTION_CELLS_SAME_FRAME_REGISTER	G498-M330	@ACTION+OL	SH	SH+OL	PHARMA	HALTEN · FORTSETZEN	ANSATZ HALTEN · ANSATZ FORTSETZEN	Fahre fort: Halte das zuvor Genannte.	ACTIVE_ARGUMENT_REQUIRED	CONTEXT_NOUN_GENERALIZED__FORTSETZEN_COLON	2	1	0	NONE	NO	2	OK|T	12	4	3	f88r|f88v|f89r	4	SOURCE_SECTION_T|HERBAL|BIOLOGICAL|CELESTIAL	18	12	f1r|f13r|f17r|f24v|f56r|f72r|f76r|f77r|f81r|f81v|f83r|f95v	YES	COMPOSED_WORKING	NO	NO	NO	COMPOSED_WORKING_RETAINED__NO_SURFACE_OR_OCCURRENCE_PREDICTION
118	118	A_LOCAL_MULTIHEAD	TWO_OR_MORE_EXACT_OTHER_ACTION_CELLS_SAME_FRAME_REGISTER	G498-M335	@ACTION+OL	K	K+OL	PHARMA	GEBEN · FORTSETZEN	ZUTAT ZUGEBEN · ANSATZ FORTSETZEN	Fahre fort: Gib das zuvor Genannte zu.	ACTIVE_ARGUMENT_REQUIRED	CONTEXT_NOUN_GENERALIZED__FORTSETZEN_COLON	2	1	0	NONE	NO	2	OK|T	12	4	3	f88r|f88v|f89r	4	SOURCE_SECTION_T|HERBAL|BIOLOGICAL|CELESTIAL	7	6	f1r|f11r|f13r|f56r|f72r|f75r	YES	COMPOSED_WORKING	NO	NO	NO	COMPOSED_WORKING_RETAINED__NO_SURFACE_OR_OCCURRENCE_PREDICTION
119	119	A_LOCAL_MULTIHEAD	TWO_OR_MORE_EXACT_OTHER_ACTION_CELLS_SAME_FRAME_REGISTER	G498-M355	@ACTION+OL	R	R+OL	PHARMA	MARKIEREN · FORTSETZEN	POSTEN MARKIEREN · ANSATZ FORTSETZEN	Fahre fort, das zuvor Genannte zu markieren.	ACTIVE_ARGUMENT_REQUIRED	COMPOSED_CONTEXT_NOUN_AND_CONTINUATION_FLUENCY	2	1	0	NONE	NO	2	OK|T	12	4	3	f88r|f88v|f89r	1	BIOLOGICAL	4	3	f75r|f76r|f81v	YES	COMPOSED_WORKING	NO	NO	NO	COMPOSED_WORKING_RETAINED__NO_SURFACE_OR_OCCURRENCE_PREDICTION
120	120	A_LOCAL_MULTIHEAD	TWO_OR_MORE_EXACT_OTHER_ACTION_CELLS_SAME_FRAME_REGISTER	G498-M345	@ACTION+OL	CHD	CHD+OL	PHARMA	BEARBEITEN · FORTSETZEN	ANSATZ BEARBEITEN · ANSATZ FORTSETZEN	Fahre fort: Bearbeite das zuvor Genannte.	ACTIVE_ARGUMENT_REQUIRED	CONTEXT_NOUN_GENERALIZED__FORTSETZEN_COLON	2	1	0	NONE	NO	2	OK|T	12	4	3	f88r|f88v|f89r	1	BIOLOGICAL	2	2	f76r|f82r	YES	COMPOSED_WORKING	NO	NO	NO	COMPOSED_WORKING_RETAINED__NO_SURFACE_OR_OCCURRENCE_PREDICTION
121	121	A_LOCAL_MULTIHEAD	TWO_OR_MORE_EXACT_OTHER_ACTION_CELLS_SAME_FRAME_REGISTER	G498-M360	@ACTION+OL	P	P+OL	PHARMA	EINSETZEN · FORTSETZEN	ZUTAT EINSETZEN · ANSATZ FORTSETZEN	Fahre fort: Setze das zuvor Genannte ein.	ACTIVE_ARGUMENT_REQUIRED	CONTEXT_NOUN_GENERALIZED__FORTSETZEN_COLON	2	1	0	NONE	NO	2	OK|T	12	4	3	f88r|f88v|f89r	1	BIOLOGICAL	1	1	f77r	YES	COMPOSED_WORKING	NO	NO	NO	COMPOSED_WORKING_RETAINED__NO_SURFACE_OR_OCCURRENCE_PREDICTION
122	122	A_LOCAL_MULTIHEAD	TWO_OR_MORE_EXACT_OTHER_ACTION_CELLS_SAME_FRAME_REGISTER	G498-M325	@ACTION+OL	CH	CH+OL	PHARMA	NEHMEN · FORTSETZEN	DROGENPOSTEN NEHMEN · ANSATZ FORTSETZEN	Fahre fort: Nimm das zuvor Genannte.	ACTIVE_ARGUMENT_REQUIRED	CONTEXT_NOUN_GENERALIZED__FORTSETZEN_COLON	2	1	0	NONE	NO	2	OK|T	12	4	3	f88r|f88v|f89r	0	NONE	0	0	NONE	YES	COMPOSED_WORKING	NO	NO	NO	COMPOSED_WORKING_RETAINED__NO_SURFACE_OR_OCCURRENCE_PREDICTION
123	123	A_LOCAL_MULTIHEAD	TWO_OR_MORE_EXACT_OTHER_ACTION_CELLS_SAME_FRAME_REGISTER	G498-M340	@ACTION+OL	S	S+OL	PHARMA	WÄHLEN · FORTSETZEN	DROGENPOSTEN WÄHLEN · ANSATZ FORTSETZEN	Fahre fort: Wähle das zuvor Genannte.	ACTIVE_ARGUMENT_REQUIRED	CONTEXT_NOUN_GENERALIZED__FORTSETZEN_COLON	2	1	0	NONE	NO	2	OK|T	12	4	3	f88r|f88v|f89r	0	NONE	0	0	NONE	YES	COMPOSED_WORKING	NO	NO	NO	COMPOSED_WORKING_RETAINED__NO_SURFACE_OR_OCCURRENCE_PREDICTION
124	124	A_LOCAL_MULTIHEAD	TWO_OR_MORE_EXACT_OTHER_ACTION_CELLS_SAME_FRAME_REGISTER	G498-M004	@ACTION	OK	OK	CELESTIAL	SETZEN	POSITION SETZEN	Setze das zuvor Genannte.	ACTIVE_ARGUMENT_REQUIRED	CONTEXT_NOUN_GENERALIZED	1	1	0	NONE	NO	2	S|R	5	5	2	f67r2|f72r	3	SOURCE_SECTION_T|HERBAL|BIOLOGICAL	5	4	f1r|f24v|f56r|f75r	YES	COMPOSED_WORKING	NO	NO	NO	COMPOSED_WORKING_RETAINED__NO_SURFACE_OR_OCCURRENCE_PREDICTION
125	125	A_LOCAL_MULTIHEAD	TWO_OR_MORE_EXACT_OTHER_ACTION_CELLS_SAME_FRAME_REGISTER	G498-M014	@ACTION	SH	SH	CELESTIAL	HALTEN	POSITION HALTEN	Halte das zuvor Genannte.	ACTIVE_ARGUMENT_REQUIRED	CONTEXT_NOUN_GENERALIZED	1	1	0	NONE	NO	2	S|R	5	5	2	f67r2|f72r	3	SOURCE_SECTION_T|HERBAL|BIOLOGICAL	4	4	f1r|f24v|f56r|f77r	YES	COMPOSED_WORKING	NO	NO	NO	COMPOSED_WORKING_RETAINED__NO_SURFACE_OR_OCCURRENCE_PREDICTION
126	126	A_LOCAL_MULTIHEAD	TWO_OR_MORE_EXACT_OTHER_ACTION_CELLS_SAME_FRAME_REGISTER	G498-M009	@ACTION	CH	CH	CELESTIAL	NEHMEN	POSITION AUFNEHMEN	Nimm das zuvor Genannte auf.	ACTIVE_ARGUMENT_REQUIRED	CONTEXT_NOUN_GENERALIZED	1	1	0	NONE	NO	2	S|R	5	5	2	f67r2|f72r	2	HERBAL|BIOLOGICAL	2	2	f55v|f75r	YES	COMPOSED_WORKING	NO	NO	NO	COMPOSED_WORKING_RETAINED__NO_SURFACE_OR_OCCURRENCE_PREDICTION
127	127	A_LOCAL_MULTIHEAD	TWO_OR_MORE_EXACT_OTHER_ACTION_CELLS_SAME_FRAME_REGISTER	G498-M019	@ACTION	K	K	CELESTIAL	GEBEN	WERT ZUORDNEN	Ordne das zuvor Genannte zu.	ACTIVE_ARGUMENT_REQUIRED	CONTEXT_NOUN_GENERALIZED	1	1	0	NONE	NO	2	S|R	5	5	2	f67r2|f72r	1	HERBAL	4	3	f13r|f24v|f95v	YES	COMPOSED_WORKING	NO	NO	NO	COMPOSED_WORKING_RETAINED__NO_SURFACE_OR_OCCURRENCE_PREDICTION
128	128	A_LOCAL_MULTIHEAD	TWO_OR_MORE_EXACT_OTHER_ACTION_CELLS_SAME_FRAME_REGISTER	G498-M029	@ACTION	CHD	CHD	CELESTIAL	BEARBEITEN	EINTRAG BEARBEITEN	Bearbeite das zuvor Genannte.	ACTIVE_ARGUMENT_REQUIRED	CONTEXT_NOUN_GENERALIZED	1	1	0	NONE	NO	2	S|R	5	5	2	f67r2|f72r	1	BIOLOGICAL	2	2	f77r|f83r	YES	COMPOSED_WORKING	NO	NO	NO	COMPOSED_WORKING_RETAINED__NO_SURFACE_OR_OCCURRENCE_PREDICTION
129	129	A_LOCAL_MULTIHEAD	TWO_OR_MORE_EXACT_OTHER_ACTION_CELLS_SAME_FRAME_REGISTER	G498-M034	@ACTION	T	T	CELESTIAL	EINSTELLEN	WERT EINSTELLEN	Stelle das zuvor Genannte ein.	ACTIVE_ARGUMENT_REQUIRED	COMPOSED_CONTEXT_NOUN_GENERALIZED	1	1	0	NONE	NO	2	S|R	5	5	2	f67r2|f72r	1	HERBAL	1	1	f56r	YES	COMPOSED_WORKING	NO	NO	NO	COMPOSED_WORKING_RETAINED__NO_SURFACE_OR_OCCURRENCE_PREDICTION
130	130	A_LOCAL_MULTIHEAD	TWO_OR_MORE_EXACT_OTHER_ACTION_CELLS_SAME_FRAME_REGISTER	G498-M044	@ACTION	P	P	CELESTIAL	EINSETZEN	EINTRAG EINSETZEN	Setze das zuvor Genannte ein.	ACTIVE_ARGUMENT_REQUIRED	CONTEXT_NOUN_GENERALIZED	1	1	0	NONE	NO	2	S|R	5	5	2	f67r2|f72r	0	NONE	0	0	NONE	YES	COMPOSED_WORKING	NO	NO	NO	COMPOSED_WORKING_RETAINED__NO_SURFACE_OR_OCCURRENCE_PREDICTION
131	131	A_LOCAL_MULTIHEAD	TWO_OR_MORE_EXACT_OTHER_ACTION_CELLS_SAME_FRAME_REGISTER	G498-M189	@ACTION+AL+Y	CH	CH+AL+Y	CELESTIAL	NEHMEN · ZIELORT · POSTEN	POSITION AUFNEHMEN · ZIELPOSITION · POSITIONSPOSTEN	Nimm den Positionsposten auf; zur Zielposition.	SELF_CONTAINED_ARGUMENT	UNCHANGED_SELF_CONTAINED_RENDERER	3	1	0	NONE	NO	2	OK|T	3	2	1	f72r	2	BIOLOGICAL|PHARMA	3	3	f76r|f88v|f89r	YES	COMPOSED_WORKING	NO	NO	NO	COMPOSED_WORKING_RETAINED__NO_SURFACE_OR_OCCURRENCE_PREDICTION
132	132	A_LOCAL_MULTIHEAD	TWO_OR_MORE_EXACT_OTHER_ACTION_CELLS_SAME_FRAME_REGISTER	G498-M272	@ACTION+CHD+Y	OK	OK+CHD+Y	HERBAL	SETZEN · BEARBEITEN · POSTEN	ARBEITSGANG ANSETZEN · MATERIAL BEARBEITEN · PFLANZENPOSTEN	Setze den Pflanzenposten im Arbeitsgang an und bearbeite den Pflanzenposten.	SELF_CONTAINED_ARGUMENT	UNCHANGED_SELF_CONTAINED_RENDERER	3	2	0	NONE	NO	2	K|T	3	2	2	f55v|f95v	1	BIOLOGICAL	4	2	f81r|f83r	YES	COMPOSED_WORKING	NO	NO	NO	COMPOSED_WORKING_RETAINED__NO_SURFACE_OR_OCCURRENCE_PREDICTION
133	133	A_LOCAL_MULTIHEAD	TWO_OR_MORE_EXACT_OTHER_ACTION_CELLS_SAME_FRAME_REGISTER	G498-M307	@ACTION+CHD+Y	R	R+CHD+Y	HERBAL	MARKIEREN · BEARBEITEN · POSTEN	TEIL MARKIEREN · MATERIAL BEARBEITEN · PFLANZENPOSTEN	Markiere den Pflanzenposten und bearbeite den Pflanzenposten.	SELF_CONTAINED_ARGUMENT	UNCHANGED_SELF_CONTAINED	3	2	0	NONE	NO	2	K|T	3	2	2	f55v|f95v	1	BIOLOGICAL	2	2	f82r|f83r	YES	COMPOSED_WORKING	NO	NO	NO	COMPOSED_WORKING_RETAINED__NO_SURFACE_OR_OCCURRENCE_PREDICTION
134	134	A_LOCAL_MULTIHEAD	TWO_OR_MORE_EXACT_OTHER_ACTION_CELLS_SAME_FRAME_REGISTER	G498-M312	@ACTION+CHD+Y	P	P+CHD+Y	HERBAL	EINSETZEN · BEARBEITEN · POSTEN	MATERIAL EINSETZEN · MATERIAL BEARBEITEN · PFLANZENPOSTEN	Setze den Pflanzenposten ein und bearbeite den Pflanzenposten.	SELF_CONTAINED_ARGUMENT	UNCHANGED_SELF_CONTAINED_RENDERER	3	2	0	NONE	NO	2	K|T	3	2	2	f55v|f95v	1	BIOLOGICAL	1	1	f81v	YES	COMPOSED_WORKING	NO	NO	NO	COMPOSED_WORKING_RETAINED__NO_SURFACE_OR_OCCURRENCE_PREDICTION
135	135	A_LOCAL_MULTIHEAD	TWO_OR_MORE_EXACT_OTHER_ACTION_CELLS_SAME_FRAME_REGISTER	G498-M219	@ACTION+AL+Y	R	R+AL+Y	CELESTIAL	MARKIEREN · ZIELORT · POSTEN	POSITION MARKIEREN · ZIELPOSITION · POSITIONSPOSTEN	Markiere den Positionsposten; zur Zielposition.	SELF_CONTAINED_ARGUMENT	UNCHANGED_SELF_CONTAINED	3	1	0	NONE	NO	2	OK|T	3	2	1	f72r	1	BIOLOGICAL	1	1	f83r	YES	COMPOSED_WORKING	NO	NO	NO	COMPOSED_WORKING_RETAINED__NO_SURFACE_OR_OCCURRENCE_PREDICTION
136	136	A_LOCAL_MULTIHEAD	TWO_OR_MORE_EXACT_OTHER_ACTION_CELLS_SAME_FRAME_REGISTER	G498-M277	@ACTION+CHD+Y	CH	CH+CHD+Y	HERBAL	NEHMEN · BEARBEITEN · POSTEN	PFLANZENTEIL NEHMEN · MATERIAL BEARBEITEN · PFLANZENPOSTEN	Nimm den Pflanzenposten und bearbeite den Pflanzenposten.	SELF_CONTAINED_ARGUMENT	UNCHANGED_SELF_CONTAINED_RENDERER	3	2	0	NONE	NO	2	K|T	3	2	2	f55v|f95v	0	NONE	0	0	NONE	YES	COMPOSED_WORKING	NO	NO	NO	COMPOSED_WORKING_RETAINED__NO_SURFACE_OR_OCCURRENCE_PREDICTION
137	137	A_LOCAL_MULTIHEAD	TWO_OR_MORE_EXACT_OTHER_ACTION_CELLS_SAME_FRAME_REGISTER	G498-M209	@ACTION+AL+Y	CHD	CHD+AL+Y	CELESTIAL	BEARBEITEN · ZIELORT · POSTEN	EINTRAG BEARBEITEN · ZIELPOSITION · POSITIONSPOSTEN	Bearbeite den Positionsposten; zur Zielposition.	SELF_CONTAINED_ARGUMENT	UNCHANGED_SELF_CONTAINED_RENDERER	3	1	0	NONE	NO	2	OK|T	3	2	1	f72r	0	NONE	0	0	NONE	YES	COMPOSED_WORKING	NO	NO	NO	COMPOSED_WORKING_RETAINED__NO_SURFACE_OR_OCCURRENCE_PREDICTION
138	138	A_LOCAL_MULTIHEAD	TWO_OR_MORE_EXACT_OTHER_ACTION_CELLS_SAME_FRAME_REGISTER	G498-M199	@ACTION+AL+Y	K	K+AL+Y	CELESTIAL	GEBEN · ZIELORT · POSTEN	WERT ZUORDNEN · ZIELPOSITION · POSITIONSPOSTEN	Ordne den Positionsposten zu; zur Zielposition.	SELF_CONTAINED_ARGUMENT	UNCHANGED_SELF_CONTAINED_RENDERER	3	1	0	NONE	NO	2	OK|T	3	2	1	f72r	0	NONE	0	0	NONE	YES	COMPOSED_WORKING	NO	NO	NO	COMPOSED_WORKING_RETAINED__NO_SURFACE_OR_OCCURRENCE_PREDICTION
139	139	A_LOCAL_MULTIHEAD	TWO_OR_MORE_EXACT_OTHER_ACTION_CELLS_SAME_FRAME_REGISTER	G498-M224	@ACTION+AL+Y	P	P+AL+Y	CELESTIAL	EINSETZEN · ZIELORT · POSTEN	EINTRAG EINSETZEN · ZIELPOSITION · POSITIONSPOSTEN	Setze den Positionsposten ein; zur Zielposition.	SELF_CONTAINED_ARGUMENT	UNCHANGED_SELF_CONTAINED_RENDERER	3	1	0	NONE	NO	2	OK|T	3	2	1	f72r	0	NONE	0	0	NONE	YES	COMPOSED_WORKING	NO	NO	NO	COMPOSED_WORKING_RETAINED__NO_SURFACE_OR_OCCURRENCE_PREDICTION
140	140	A_LOCAL_MULTIHEAD	TWO_OR_MORE_EXACT_OTHER_ACTION_CELLS_SAME_FRAME_REGISTER	G498-M204	@ACTION+AL+Y	S	S+AL+Y	CELESTIAL	WÄHLEN · ZIELORT · POSTEN	POSITION WÄHLEN · ZIELPOSITION · POSITIONSPOSTEN	Wähle den Positionsposten; zur Zielposition.	SELF_CONTAINED_ARGUMENT	UNCHANGED_SELF_CONTAINED_RENDERER	3	1	0	NONE	NO	2	OK|T	3	2	1	f72r	0	NONE	0	0	NONE	YES	COMPOSED_WORKING	NO	NO	NO	COMPOSED_WORKING_RETAINED__NO_SURFACE_OR_OCCURRENCE_PREDICTION
141	141	A_LOCAL_MULTIHEAD	TWO_OR_MORE_EXACT_OTHER_ACTION_CELLS_SAME_FRAME_REGISTER	G498-M292	@ACTION+CHD+Y	S	S+CHD+Y	HERBAL	WÄHLEN · BEARBEITEN · POSTEN	PFLANZENTEIL WÄHLEN · MATERIAL BEARBEITEN · PFLANZENPOSTEN	Wähle den Pflanzenposten und bearbeite den Pflanzenposten.	SELF_CONTAINED_ARGUMENT	UNCHANGED_SELF_CONTAINED_RENDERER	3	2	0	NONE	NO	2	K|T	3	2	2	f55v|f95v	0	NONE	0	0	NONE	YES	COMPOSED_WORKING	NO	NO	NO	COMPOSED_WORKING_RETAINED__NO_SURFACE_OR_OCCURRENCE_PREDICTION
142	142	A_LOCAL_MULTIHEAD	TWO_OR_MORE_EXACT_OTHER_ACTION_CELLS_SAME_FRAME_REGISTER	G498-M194	@ACTION+AL+Y	SH	SH+AL+Y	CELESTIAL	HALTEN · ZIELORT · POSTEN	POSITION HALTEN · ZIELPOSITION · POSITIONSPOSTEN	Halte den Positionsposten; zur Zielposition.	SELF_CONTAINED_ARGUMENT	UNCHANGED_SELF_CONTAINED_RENDERER	3	1	0	NONE	NO	2	OK|T	3	2	1	f72r	0	NONE	0	0	NONE	YES	COMPOSED_WORKING	NO	NO	NO	COMPOSED_WORKING_RETAINED__NO_SURFACE_OR_OCCURRENCE_PREDICTION
143	143	A_LOCAL_MULTIHEAD	TWO_OR_MORE_EXACT_OTHER_ACTION_CELLS_SAME_FRAME_REGISTER	G498-M282	@ACTION+CHD+Y	SH	SH+CHD+Y	HERBAL	HALTEN · BEARBEITEN · POSTEN	MATERIAL HALTEN · MATERIAL BEARBEITEN · PFLANZENPOSTEN	Halte den Pflanzenposten und bearbeite den Pflanzenposten.	SELF_CONTAINED_ARGUMENT	UNCHANGED_SELF_CONTAINED_RENDERER	3	2	0	NONE	NO	2	K|T	3	2	2	f55v|f95v	0	NONE	0	0	NONE	YES	COMPOSED_WORKING	NO	NO	NO	COMPOSED_WORKING_RETAINED__NO_SURFACE_OR_OCCURRENCE_PREDICTION
144	144	A_LOCAL_MULTIHEAD	TWO_OR_MORE_EXACT_OTHER_ACTION_CELLS_SAME_FRAME_REGISTER	G498-M297	@ACTION+CHD+Y	CHD	CHD+CHD+Y	HERBAL	BEARBEITEN · BEARBEITEN · POSTEN	MATERIAL BEARBEITEN · MATERIAL BEARBEITEN · PFLANZENPOSTEN	Bearbeite den Pflanzenposten und bearbeite den Pflanzenposten.	SELF_CONTAINED_ARGUMENT	UNCHANGED_SELF_CONTAINED_RENDERER	3	2	1	CHD	YES	2	K|T	3	2	2	f55v|f95v	0	NONE	0	0	NONE	YES	COMPOSED_WORKING	NO	NO	NO	COMPOSED_WORKING_RETAINED__NO_SURFACE_OR_OCCURRENCE_PREDICTION
145	145	A_LOCAL_MULTIHEAD	TWO_OR_MORE_EXACT_OTHER_ACTION_CELLS_SAME_FRAME_REGISTER	G498-M145	@ACTION+AL	CH	CH+AL	PHARMA	NEHMEN · ZIELORT	DROGENPOSTEN NEHMEN · ZIELGEFÄSS	Nimm das zuvor Genannte; zum Zielgefäß.	ACTIVE_ARGUMENT_REQUIRED	CONTEXT_NOUN_GENERALIZED	2	1	0	NONE	NO	2	OK|R	2	2	2	f88r|f89r	4	SOURCE_SECTION_T|HERBAL|BIOLOGICAL|CELESTIAL	8	7	f1r|f56r|f71v|f72r|f75r|f76r|f81v	YES	COMPOSED_WORKING	NO	NO	NO	COMPOSED_WORKING_RETAINED__NO_SURFACE_OR_OCCURRENCE_PREDICTION
146	146	A_LOCAL_MULTIHEAD	TWO_OR_MORE_EXACT_OTHER_ACTION_CELLS_SAME_FRAME_REGISTER	G498-M155	@ACTION+AL	K	K+AL	PHARMA	GEBEN · ZIELORT	ZUTAT ZUGEBEN · ZIELGEFÄSS	Gib das zuvor Genannte zu; zum Zielgefäß.	ACTIVE_ARGUMENT_REQUIRED	CONTEXT_NOUN_GENERALIZED	2	1	0	NONE	NO	2	OK|R	2	2	2	f88r|f89r	3	HERBAL|BIOLOGICAL|CELESTIAL	5	4	f55v|f71v|f75r|f76r	YES	COMPOSED_WORKING	NO	NO	NO	COMPOSED_WORKING_RETAINED__NO_SURFACE_OR_OCCURRENCE_PREDICTION
147	147	A_LOCAL_MULTIHEAD	TWO_OR_MORE_EXACT_OTHER_ACTION_CELLS_SAME_FRAME_REGISTER	G498-M160	@ACTION+AL	S	S+AL	PHARMA	WÄHLEN · ZIELORT	DROGENPOSTEN WÄHLEN · ZIELGEFÄSS	Wähle das zuvor Genannte; zum Zielgefäß.	ACTIVE_ARGUMENT_REQUIRED	CONTEXT_NOUN_GENERALIZED	2	1	0	NONE	NO	2	OK|R	2	2	2	f88r|f89r	2	BIOLOGICAL|CELESTIAL	10	7	f67r2|f72r|f75r|f76r|f77r|f81v|f82r	YES	COMPOSED_WORKING	NO	NO	NO	COMPOSED_WORKING_RETAINED__NO_SURFACE_OR_OCCURRENCE_PREDICTION
148	148	A_LOCAL_MULTIHEAD	TWO_OR_MORE_EXACT_OTHER_ACTION_CELLS_SAME_FRAME_REGISTER	G498-M170	@ACTION+AL	T	T+AL	PHARMA	EINSTELLEN · ZIELORT	ANSATZWERT EINSTELLEN · ZIELGEFÄSS	Stelle das zuvor Genannte ein; zum Zielgefäß.	ACTIVE_ARGUMENT_REQUIRED	COMPOSED_CONTEXT_NOUN_GENERALIZED	2	1	0	NONE	NO	2	OK|R	2	2	2	f88r|f89r	2	BIOLOGICAL|CELESTIAL	3	3	f71v|f77r|f83r	YES	COMPOSED_WORKING	NO	NO	NO	COMPOSED_WORKING_RETAINED__NO_SURFACE_OR_OCCURRENCE_PREDICTION
149	149	A_LOCAL_MULTIHEAD	TWO_OR_MORE_EXACT_OTHER_ACTION_CELLS_SAME_FRAME_REGISTER	G498-M165	@ACTION+AL	CHD	CHD+AL	PHARMA	BEARBEITEN · ZIELORT	ANSATZ BEARBEITEN · ZIELGEFÄSS	Bearbeite das zuvor Genannte; zum Zielgefäß.	ACTIVE_ARGUMENT_REQUIRED	CONTEXT_NOUN_GENERALIZED	2	1	0	NONE	NO	2	OK|R	2	2	2	f88r|f89r	2	BIOLOGICAL|CELESTIAL	2	2	f72r|f83r	YES	COMPOSED_WORKING	NO	NO	NO	COMPOSED_WORKING_RETAINED__NO_SURFACE_OR_OCCURRENCE_PREDICTION
150	150	A_LOCAL_MULTIHEAD	TWO_OR_MORE_EXACT_OTHER_ACTION_CELLS_SAME_FRAME_REGISTER	G498-M473	CH+@ACTION	S	CH+S	BIOLOGICAL	NEHMEN · WÄHLEN	POSTEN ENTNEHMEN · STATION WÄHLEN	Entnimm das zuvor Genannte und wähle es.	ACTIVE_ARGUMENT_REQUIRED	CONTEXT_NOUN_GENERALIZED	2	2	0	NONE	NO	2	K|R	2	2	2	f76r|f77r	1	CELESTIAL	1	1	f72r	YES	COMPOSED_WORKING	NO	NO	NO	COMPOSED_WORKING_RETAINED__NO_SURFACE_OR_OCCURRENCE_PREDICTION
151	151	A_LOCAL_MULTIHEAD	TWO_OR_MORE_EXACT_OTHER_ACTION_CELLS_SAME_FRAME_REGISTER	G498-M483	CH+@ACTION	T	CH+T	BIOLOGICAL	NEHMEN · EINSTELLEN	POSTEN ENTNEHMEN · STATIONSWERT EINSTELLEN	Entnimm das zuvor Genannte und stelle es ein.	ACTIVE_ARGUMENT_REQUIRED	COMPOSED_CONTEXT_NOUN_GENERALIZED	2	2	0	NONE	NO	2	K|R	2	2	2	f76r|f77r	1	HERBAL	1	1	f10r	YES	COMPOSED_WORKING	NO	NO	NO	COMPOSED_WORKING_RETAINED__NO_SURFACE_OR_OCCURRENCE_PREDICTION
152	152	A_LOCAL_MULTIHEAD	TWO_OR_MORE_EXACT_OTHER_ACTION_CELLS_SAME_FRAME_REGISTER	G498-M150	@ACTION+AL	SH	SH+AL	PHARMA	HALTEN · ZIELORT	ANSATZ HALTEN · ZIELGEFÄSS	Halte das zuvor Genannte; zum Zielgefäß.	ACTIVE_ARGUMENT_REQUIRED	CONTEXT_NOUN_GENERALIZED	2	1	0	NONE	NO	2	OK|R	2	2	2	f88r|f89r	1	BIOLOGICAL	1	1	f75r	YES	COMPOSED_WORKING	NO	NO	NO	COMPOSED_WORKING_RETAINED__NO_SURFACE_OR_OCCURRENCE_PREDICTION
153	153	A_LOCAL_MULTIHEAD	TWO_OR_MORE_EXACT_OTHER_ACTION_CELLS_SAME_FRAME_REGISTER	G498-M396	@ACTION+OR+Y	R	R+OR+Y	SOURCE_SECTION_T	MARKIEREN · EINHEIT · POSTEN	KENNZEICHNEN · EINTRAGSEINHEIT · LAUFENDER EINTRAG	Kennzeichne die Eintragseinheit und den laufenden Eintrag.	SELF_CONTAINED_ARGUMENT	UNCHANGED_SELF_CONTAINED	3	1	0	NONE	NO	2	SH|S	2	2	1	f1r	1	BIOLOGICAL	1	1	f76r	YES	COMPOSED_WORKING	NO	NO	NO	COMPOSED_WORKING_RETAINED__NO_SURFACE_OR_OCCURRENCE_PREDICTION
154	154	A_LOCAL_MULTIHEAD	TWO_OR_MORE_EXACT_OTHER_ACTION_CELLS_SAME_FRAME_REGISTER	G498-M391	@ACTION+OR+Y	T	T+OR+Y	SOURCE_SECTION_T	EINSTELLEN · EINHEIT · POSTEN	FESTLEGEN · EINTRAGSEINHEIT · LAUFENDER EINTRAG	Lege die Eintragseinheit und den laufenden Eintrag fest.	SELF_CONTAINED_ARGUMENT	UNCHANGED_SELF_CONTAINED	3	1	0	NONE	NO	2	SH|S	2	2	1	f1r	1	HERBAL	1	1	f13r	YES	COMPOSED_WORKING	NO	NO	NO	COMPOSED_WORKING_RETAINED__NO_SURFACE_OR_OCCURRENCE_PREDICTION
155	155	A_LOCAL_MULTIHEAD	TWO_OR_MORE_EXACT_OTHER_ACTION_CELLS_SAME_FRAME_REGISTER	G498-M478	CH+@ACTION	CHD	CH+CHD	BIOLOGICAL	NEHMEN · BEARBEITEN	POSTEN ENTNEHMEN · POSTEN BEARBEITEN	Entnimm das zuvor Genannte und bearbeite es.	ACTIVE_ARGUMENT_REQUIRED	CONTEXT_NOUN_GENERALIZED	2	2	0	NONE	NO	2	K|R	2	2	2	f76r|f77r	0	NONE	0	0	NONE	YES	COMPOSED_WORKING	NO	NO	NO	COMPOSED_WORKING_RETAINED__NO_SURFACE_OR_OCCURRENCE_PREDICTION
156	156	A_LOCAL_MULTIHEAD	TWO_OR_MORE_EXACT_OTHER_ACTION_CELLS_SAME_FRAME_REGISTER	G498-M453	CH+@ACTION	OK	CH+OK	BIOLOGICAL	NEHMEN · SETZEN	POSTEN ENTNEHMEN · STATIONSGANG ANSETZEN	Entnimm das zuvor Genannte und setze es im Stationsgang an.	ACTIVE_ARGUMENT_REQUIRED	CONTEXT_NOUN_GENERALIZED	2	2	0	NONE	NO	2	K|R	2	2	2	f76r|f77r	0	NONE	0	0	NONE	YES	COMPOSED_WORKING	NO	NO	NO	COMPOSED_WORKING_RETAINED__NO_SURFACE_OR_OCCURRENCE_PREDICTION
157	157	A_LOCAL_MULTIHEAD	TWO_OR_MORE_EXACT_OTHER_ACTION_CELLS_SAME_FRAME_REGISTER	G498-M493	CH+@ACTION	P	CH+P	BIOLOGICAL	NEHMEN · EINSETZEN	POSTEN ENTNEHMEN · POSTEN EINSETZEN	Entnimm das zuvor Genannte und setze es ein.	ACTIVE_ARGUMENT_REQUIRED	CONTEXT_NOUN_GENERALIZED	2	2	0	NONE	NO	2	K|R	2	2	2	f76r|f77r	0	NONE	0	0	NONE	YES	COMPOSED_WORKING	NO	NO	NO	COMPOSED_WORKING_RETAINED__NO_SURFACE_OR_OCCURRENCE_PREDICTION
158	158	A_LOCAL_MULTIHEAD	TWO_OR_MORE_EXACT_OTHER_ACTION_CELLS_SAME_FRAME_REGISTER	G498-M463	CH+@ACTION	SH	CH+SH	BIOLOGICAL	NEHMEN · HALTEN	POSTEN ENTNEHMEN · POSTEN HALTEN	Entnimm das zuvor Genannte und halte es.	ACTIVE_ARGUMENT_REQUIRED	CONTEXT_NOUN_GENERALIZED	2	2	0	NONE	NO	2	K|R	2	2	2	f76r|f77r	0	NONE	0	0	NONE	YES	COMPOSED_WORKING	NO	NO	NO	COMPOSED_WORKING_RETAINED__NO_SURFACE_OR_OCCURRENCE_PREDICTION
159	159	A_LOCAL_MULTIHEAD	TWO_OR_MORE_EXACT_OTHER_ACTION_CELLS_SAME_FRAME_REGISTER	G498-M180	@ACTION+AL	P	P+AL	PHARMA	EINSETZEN · ZIELORT	ZUTAT EINSETZEN · ZIELGEFÄSS	Setze das zuvor Genannte ein; zum Zielgefäß.	ACTIVE_ARGUMENT_REQUIRED	CONTEXT_NOUN_GENERALIZED	2	1	0	NONE	NO	2	OK|R	2	2	2	f88r|f89r	0	NONE	0	0	NONE	YES	COMPOSED_WORKING	NO	NO	NO	COMPOSED_WORKING_RETAINED__NO_SURFACE_OR_OCCURRENCE_PREDICTION
160	160	A_LOCAL_MULTIHEAD	TWO_OR_MORE_EXACT_OTHER_ACTION_CELLS_SAME_FRAME_REGISTER	G498-M366	@ACTION+OR+Y	CH	CH+OR+Y	SOURCE_SECTION_T	NEHMEN · EINHEIT · POSTEN	ENTNEHMEN · EINTRAGSEINHEIT · LAUFENDER EINTRAG	Entnimm die Eintragseinheit und den laufenden Eintrag.	SELF_CONTAINED_ARGUMENT	UNCHANGED_SELF_CONTAINED_RENDERER	3	1	0	NONE	NO	2	SH|S	2	2	1	f1r	0	NONE	0	0	NONE	YES	COMPOSED_WORKING	NO	NO	NO	COMPOSED_WORKING_RETAINED__NO_SURFACE_OR_OCCURRENCE_PREDICTION
161	161	A_LOCAL_MULTIHEAD	TWO_OR_MORE_EXACT_OTHER_ACTION_CELLS_SAME_FRAME_REGISTER	G498-M386	@ACTION+OR+Y	CHD	CHD+OR+Y	SOURCE_SECTION_T	BEARBEITEN · EINHEIT · POSTEN	EINTRAG BEARBEITEN · EINTRAGSEINHEIT · LAUFENDER EINTRAG	Bearbeite die Eintragseinheit und den laufenden Eintrag.	SELF_CONTAINED_ARGUMENT	UNCHANGED_SELF_CONTAINED_RENDERER	3	1	0	NONE	NO	2	SH|S	2	2	1	f1r	0	NONE	0	0	NONE	YES	COMPOSED_WORKING	NO	NO	NO	COMPOSED_WORKING_RETAINED__NO_SURFACE_OR_OCCURRENCE_PREDICTION
162	162	A_LOCAL_MULTIHEAD	TWO_OR_MORE_EXACT_OTHER_ACTION_CELLS_SAME_FRAME_REGISTER	G498-M376	@ACTION+OR+Y	K	K+OR+Y	SOURCE_SECTION_T	GEBEN · EINHEIT · POSTEN	ZUORDNEN · EINTRAGSEINHEIT · LAUFENDER EINTRAG	Ordne die Eintragseinheit und den laufenden Eintrag zu.	SELF_CONTAINED_ARGUMENT	UNCHANGED_SELF_CONTAINED_RENDERER	3	1	0	NONE	NO	2	SH|S	2	2	1	f1r	0	NONE	0	0	NONE	YES	COMPOSED_WORKING	NO	NO	NO	COMPOSED_WORKING_RETAINED__NO_SURFACE_OR_OCCURRENCE_PREDICTION
163	163	A_LOCAL_MULTIHEAD	TWO_OR_MORE_EXACT_OTHER_ACTION_CELLS_SAME_FRAME_REGISTER	G498-M361	@ACTION+OR+Y	OK	OK+OR+Y	SOURCE_SECTION_T	SETZEN · EINHEIT · POSTEN	EINTRAGEN · EINTRAGSEINHEIT · LAUFENDER EINTRAG	Trage die Eintragseinheit und den laufenden Eintrag ein.	SELF_CONTAINED_ARGUMENT	UNCHANGED_SELF_CONTAINED_RENDERER	3	1	0	NONE	NO	2	SH|S	2	2	1	f1r	0	NONE	0	0	NONE	YES	COMPOSED_WORKING	NO	NO	NO	COMPOSED_WORKING_RETAINED__NO_SURFACE_OR_OCCURRENCE_PREDICTION
164	164	A_LOCAL_MULTIHEAD	TWO_OR_MORE_EXACT_OTHER_ACTION_CELLS_SAME_FRAME_REGISTER	G498-M401	@ACTION+OR+Y	P	P+OR+Y	SOURCE_SECTION_T	EINSETZEN · EINHEIT · POSTEN	IN EINTRAG EINSETZEN · EINTRAGSEINHEIT · LAUFENDER EINTRAG	Setze die Eintragseinheit und den laufenden Eintrag ein.	SELF_CONTAINED_ARGUMENT	UNCHANGED_SELF_CONTAINED_RENDERER	3	1	0	NONE	NO	2	SH|S	2	2	1	f1r	0	NONE	0	0	NONE	YES	COMPOSED_WORKING	NO	NO	NO	COMPOSED_WORKING_RETAINED__NO_SURFACE_OR_OCCURRENCE_PREDICTION
165	165	A_LOCAL_MULTIHEAD	TWO_OR_MORE_EXACT_OTHER_ACTION_CELLS_SAME_FRAME_REGISTER	G498-M458	CH+@ACTION	CH	CH+CH	BIOLOGICAL	NEHMEN · NEHMEN	POSTEN ENTNEHMEN · POSTEN ENTNEHMEN	Entnimm das zuvor Genannte und entnimm es.	ACTIVE_ARGUMENT_REQUIRED	CONTEXT_NOUN_GENERALIZED	2	2	1	CH	YES	2	K|R	2	2	2	f76r|f77r	0	NONE	0	0	NONE	YES	COMPOSED_WORKING	NO	NO	NO	COMPOSED_WORKING_RETAINED__NO_SURFACE_OR_OCCURRENCE_PREDICTION
166	1	B_LOCAL_SINGLE_HEAD	ONE_EXACT_OTHER_ACTION_CELL_SAME_FRAME_REGISTER	G498-M409	@ACTION+Y	OK	OK+Y	CELESTIAL	SETZEN · POSTEN	POSITION SETZEN · POSITIONSPOSTEN	Setze den Positionsposten.	SELF_CONTAINED_ARGUMENT	UNCHANGED_SELF_CONTAINED_RENDERER	2	1	0	NONE	NO	1	CHD	2	1	1	f72r	4	SOURCE_SECTION_T|HERBAL|BIOLOGICAL|PHARMA	59	18	f1r|f10r|f13r|f17r|f18r|f55v|f56r|f75r|f76r|f77r|f81r|f81v|f82r|f83r|f88r|f88v|f89r|f95v	YES	COMPOSED_WORKING	NO	NO	NO	COMPOSED_WORKING_RETAINED__NO_SURFACE_OR_OCCURRENCE_PREDICTION
167	2	B_LOCAL_SINGLE_HEAD	ONE_EXACT_OTHER_ACTION_CELL_SAME_FRAME_REGISTER	G498-M424	@ACTION+Y	K	K+Y	CELESTIAL	GEBEN · POSTEN	WERT ZUORDNEN · POSITIONSPOSTEN	Ordne den Positionsposten zu.	SELF_CONTAINED_ARGUMENT	UNCHANGED_SELF_CONTAINED_RENDERER	2	1	0	NONE	NO	1	CHD	2	1	1	f72r	4	SOURCE_SECTION_T|HERBAL|BIOLOGICAL|PHARMA	7	6	f1r|f11r|f13r|f76r|f81v|f89r	YES	COMPOSED_WORKING	NO	NO	NO	COMPOSED_WORKING_RETAINED__NO_SURFACE_OR_OCCURRENCE_PREDICTION
168	3	B_LOCAL_SINGLE_HEAD	ONE_EXACT_OTHER_ACTION_CELL_SAME_FRAME_REGISTER	G498-M185	@ACTION+AL+Y	OK	OK+AL+Y	PHARMA	SETZEN · ZIELORT · POSTEN	ANSATZ ANSETZEN · ZIELGEFÄSS · DROGENPOSTEN	Setze den Drogenposten als Ansatz an; zum Zielgefäß.	SELF_CONTAINED_ARGUMENT	UNCHANGED_SELF_CONTAINED_RENDERER	3	1	0	NONE	NO	1	CH	2	1	2	f88v|f89r	2	BIOLOGICAL|CELESTIAL	5	4	f72r|f76r|f77r|f82r	YES	COMPOSED_WORKING	NO	NO	NO	COMPOSED_WORKING_RETAINED__NO_SURFACE_OR_OCCURRENCE_PREDICTION
169	4	B_LOCAL_SINGLE_HEAD	ONE_EXACT_OTHER_ACTION_CELL_SAME_FRAME_REGISTER	G498-M439	@ACTION+Y	T	T+Y	CELESTIAL	EINSTELLEN · POSTEN	WERT EINSTELLEN · POSITIONSPOSTEN	Stelle den Positionsposten ein.	SELF_CONTAINED_ARGUMENT	UNCHANGED_SELF_CONTAINED	2	1	0	NONE	NO	1	CHD	2	1	1	f72r	2	HERBAL|BIOLOGICAL	3	3	f10r|f13r|f83r	YES	COMPOSED_WORKING	NO	NO	NO	COMPOSED_WORKING_RETAINED__NO_SURFACE_OR_OCCURRENCE_PREDICTION
170	5	B_LOCAL_SINGLE_HEAD	ONE_EXACT_OTHER_ACTION_CELL_SAME_FRAME_REGISTER	G498-M444	@ACTION+Y	R	R+Y	CELESTIAL	MARKIEREN · POSTEN	POSITION MARKIEREN · POSITIONSPOSTEN	Markiere den Positionsposten.	SELF_CONTAINED_ARGUMENT	UNCHANGED_SELF_CONTAINED	2	1	0	NONE	NO	1	CHD	2	1	1	f72r	1	BIOLOGICAL	2	2	f75r|f82r	YES	COMPOSED_WORKING	NO	NO	NO	COMPOSED_WORKING_RETAINED__NO_SURFACE_OR_OCCURRENCE_PREDICTION
171	6	B_LOCAL_SINGLE_HEAD	ONE_EXACT_OTHER_ACTION_CELL_SAME_FRAME_REGISTER	G498-M449	@ACTION+Y	P	P+Y	CELESTIAL	EINSETZEN · POSTEN	EINTRAG EINSETZEN · POSITIONSPOSTEN	Setze den Positionsposten ein.	SELF_CONTAINED_ARGUMENT	UNCHANGED_SELF_CONTAINED_RENDERER	2	1	0	NONE	NO	1	CHD	2	1	1	f72r	1	BIOLOGICAL	1	1	f75r	YES	COMPOSED_WORKING	NO	NO	NO	COMPOSED_WORKING_RETAINED__NO_SURFACE_OR_OCCURRENCE_PREDICTION
172	7	B_LOCAL_SINGLE_HEAD	ONE_EXACT_OTHER_ACTION_CELL_SAME_FRAME_REGISTER	G498-M419	@ACTION+Y	SH	SH+Y	CELESTIAL	HALTEN · POSTEN	POSITION HALTEN · POSITIONSPOSTEN	Halte den Positionsposten.	SELF_CONTAINED_ARGUMENT	UNCHANGED_SELF_CONTAINED_RENDERER	2	1	0	NONE	NO	1	CHD	2	1	1	f72r	1	BIOLOGICAL	1	1	f81v	YES	COMPOSED_WORKING	NO	NO	NO	COMPOSED_WORKING_RETAINED__NO_SURFACE_OR_OCCURRENCE_PREDICTION
173	8	B_LOCAL_SINGLE_HEAD	ONE_EXACT_OTHER_ACTION_CELL_SAME_FRAME_REGISTER	G498-M220	@ACTION+AL+Y	R	R+AL+Y	PHARMA	MARKIEREN · ZIELORT · POSTEN	POSTEN MARKIEREN · ZIELGEFÄSS · DROGENPOSTEN	Markiere den Drogenposten; zum Zielgefäß.	SELF_CONTAINED_ARGUMENT	UNCHANGED_SELF_CONTAINED	3	1	0	NONE	NO	1	CH	2	1	2	f88v|f89r	1	BIOLOGICAL	1	1	f83r	YES	COMPOSED_WORKING	NO	NO	NO	COMPOSED_WORKING_RETAINED__NO_SURFACE_OR_OCCURRENCE_PREDICTION
174	9	B_LOCAL_SINGLE_HEAD	ONE_EXACT_OTHER_ACTION_CELL_SAME_FRAME_REGISTER	G498-M215	@ACTION+AL+Y	T	T+AL+Y	PHARMA	EINSTELLEN · ZIELORT · POSTEN	ANSATZWERT EINSTELLEN · ZIELGEFÄSS · DROGENPOSTEN	Stelle den Drogenposten ein; zum Zielgefäß.	SELF_CONTAINED_ARGUMENT	UNCHANGED_SELF_CONTAINED	3	1	0	NONE	NO	1	CH	2	1	2	f88v|f89r	1	CELESTIAL	1	1	f72r	YES	COMPOSED_WORKING	NO	NO	NO	COMPOSED_WORKING_RETAINED__NO_SURFACE_OR_OCCURRENCE_PREDICTION
175	10	B_LOCAL_SINGLE_HEAD	ONE_EXACT_OTHER_ACTION_CELL_SAME_FRAME_REGISTER	G498-M414	@ACTION+Y	CH	CH+Y	CELESTIAL	NEHMEN · POSTEN	POSITION AUFNEHMEN · POSITIONSPOSTEN	Nimm den Positionsposten auf.	SELF_CONTAINED_ARGUMENT	UNCHANGED_SELF_CONTAINED_RENDERER	2	1	0	NONE	NO	1	CHD	2	1	1	f72r	0	NONE	0	0	NONE	YES	COMPOSED_WORKING	NO	NO	NO	COMPOSED_WORKING_RETAINED__NO_SURFACE_OR_OCCURRENCE_PREDICTION
176	11	B_LOCAL_SINGLE_HEAD	ONE_EXACT_OTHER_ACTION_CELL_SAME_FRAME_REGISTER	G498-M429	@ACTION+Y	S	S+Y	CELESTIAL	WÄHLEN · POSTEN	POSITION WÄHLEN · POSITIONSPOSTEN	Wähle den Positionsposten.	SELF_CONTAINED_ARGUMENT	UNCHANGED_SELF_CONTAINED_RENDERER	2	1	0	NONE	NO	1	CHD	2	1	1	f72r	0	NONE	0	0	NONE	YES	COMPOSED_WORKING	NO	NO	NO	COMPOSED_WORKING_RETAINED__NO_SURFACE_OR_OCCURRENCE_PREDICTION
177	12	B_LOCAL_SINGLE_HEAD	ONE_EXACT_OTHER_ACTION_CELL_SAME_FRAME_REGISTER	G498-M210	@ACTION+AL+Y	CHD	CHD+AL+Y	PHARMA	BEARBEITEN · ZIELORT · POSTEN	ANSATZ BEARBEITEN · ZIELGEFÄSS · DROGENPOSTEN	Bearbeite den Drogenposten; zum Zielgefäß.	SELF_CONTAINED_ARGUMENT	UNCHANGED_SELF_CONTAINED_RENDERER	3	1	0	NONE	NO	1	CH	2	1	2	f88v|f89r	0	NONE	0	0	NONE	YES	COMPOSED_WORKING	NO	NO	NO	COMPOSED_WORKING_RETAINED__NO_SURFACE_OR_OCCURRENCE_PREDICTION
178	13	B_LOCAL_SINGLE_HEAD	ONE_EXACT_OTHER_ACTION_CELL_SAME_FRAME_REGISTER	G498-M200	@ACTION+AL+Y	K	K+AL+Y	PHARMA	GEBEN · ZIELORT · POSTEN	ZUTAT ZUGEBEN · ZIELGEFÄSS · DROGENPOSTEN	Gib den Drogenposten zu; zum Zielgefäß.	SELF_CONTAINED_ARGUMENT	UNCHANGED_SELF_CONTAINED_RENDERER	3	1	0	NONE	NO	1	CH	2	1	2	f88v|f89r	0	NONE	0	0	NONE	YES	COMPOSED_WORKING	NO	NO	NO	COMPOSED_WORKING_RETAINED__NO_SURFACE_OR_OCCURRENCE_PREDICTION
179	14	B_LOCAL_SINGLE_HEAD	ONE_EXACT_OTHER_ACTION_CELL_SAME_FRAME_REGISTER	G498-M225	@ACTION+AL+Y	P	P+AL+Y	PHARMA	EINSETZEN · ZIELORT · POSTEN	ZUTAT EINSETZEN · ZIELGEFÄSS · DROGENPOSTEN	Setze den Drogenposten ein; zum Zielgefäß.	SELF_CONTAINED_ARGUMENT	UNCHANGED_SELF_CONTAINED_RENDERER	3	1	0	NONE	NO	1	CH	2	1	2	f88v|f89r	0	NONE	0	0	NONE	YES	COMPOSED_WORKING	NO	NO	NO	COMPOSED_WORKING_RETAINED__NO_SURFACE_OR_OCCURRENCE_PREDICTION
180	15	B_LOCAL_SINGLE_HEAD	ONE_EXACT_OTHER_ACTION_CELL_SAME_FRAME_REGISTER	G498-M205	@ACTION+AL+Y	S	S+AL+Y	PHARMA	WÄHLEN · ZIELORT · POSTEN	DROGENPOSTEN WÄHLEN · ZIELGEFÄSS · DROGENPOSTEN	Wähle den Drogenposten; zum Zielgefäß.	SELF_CONTAINED_ARGUMENT	UNCHANGED_SELF_CONTAINED_RENDERER	3	1	0	NONE	NO	1	CH	2	1	2	f88v|f89r	0	NONE	0	0	NONE	YES	COMPOSED_WORKING	NO	NO	NO	COMPOSED_WORKING_RETAINED__NO_SURFACE_OR_OCCURRENCE_PREDICTION
181	16	B_LOCAL_SINGLE_HEAD	ONE_EXACT_OTHER_ACTION_CELL_SAME_FRAME_REGISTER	G498-M195	@ACTION+AL+Y	SH	SH+AL+Y	PHARMA	HALTEN · ZIELORT · POSTEN	ANSATZ HALTEN · ZIELGEFÄSS · DROGENPOSTEN	Halte den Drogenposten; zum Zielgefäß.	SELF_CONTAINED_ARGUMENT	UNCHANGED_SELF_CONTAINED_RENDERER	3	1	0	NONE	NO	1	CH	2	1	2	f88v|f89r	0	NONE	0	0	NONE	YES	COMPOSED_WORKING	NO	NO	NO	COMPOSED_WORKING_RETAINED__NO_SURFACE_OR_OCCURRENCE_PREDICTION
182	17	B_LOCAL_SINGLE_HEAD	ONE_EXACT_OTHER_ACTION_CELL_SAME_FRAME_REGISTER	G498-M094	@ACTION+AIN	OK	OK+AIN	CELESTIAL	SETZEN · ANTEIL	POSITION SETZEN · SEKTORANTEIL	Setze den Sektoranteil.	SELF_CONTAINED_ARGUMENT	UNCHANGED_SELF_CONTAINED_RENDERER	2	1	0	NONE	NO	1	S	1	1	1	f67r2	4	SOURCE_SECTION_T|HERBAL|BIOLOGICAL|PHARMA	63	12	f1r|f18r|f55v|f75r|f76r|f77r|f81r|f81v|f82r|f83r|f89r|f95v	YES	COMPOSED_WORKING	NO	NO	NO	COMPOSED_WORKING_RETAINED__NO_SURFACE_OR_OCCURRENCE_PREDICTION
183	18	B_LOCAL_SINGLE_HEAD	ONE_EXACT_OTHER_ACTION_CELL_SAME_FRAME_REGISTER	G498-M136	@ACTION+AL	OK	OK+AL	SOURCE_SECTION_T	SETZEN · ZIELORT	EINTRAGEN · ZIELSPALTE	Trage das zuvor Genannte ein; zur Zielspalte.	ACTIVE_ARGUMENT_REQUIRED	CONTEXT_NOUN_GENERALIZED	2	1	0	NONE	NO	1	CH	1	1	1	f1r	4	HERBAL|BIOLOGICAL|CELESTIAL|PHARMA	47	14	f18r|f55v|f68r1|f71v|f72r|f75r|f76r|f77r|f81r|f81v|f82r|f83r|f89r|f95v	YES	COMPOSED_WORKING	NO	NO	NO	COMPOSED_WORKING_RETAINED__NO_SURFACE_OR_OCCURRENCE_PREDICTION
184	19	B_LOCAL_SINGLE_HEAD	ONE_EXACT_OTHER_ACTION_CELL_SAME_FRAME_REGISTER	G498-M111	@ACTION+AIN	S	S+AIN	SOURCE_SECTION_T	WÄHLEN · ANTEIL	AUSWÄHLEN · TEILWERT	Wähle den Teilwert.	SELF_CONTAINED_ARGUMENT	UNCHANGED_SELF_CONTAINED_RENDERER	2	1	0	NONE	NO	1	OK	1	1	1	f1r	4	HERBAL|BIOLOGICAL|CELESTIAL|PHARMA	23	11	f17r|f24v|f67r2|f75r|f76r|f77r|f81r|f82r|f83r|f89r|f95v	YES	COMPOSED_WORKING	NO	NO	NO	COMPOSED_WORKING_RETAINED__NO_SURFACE_OR_OCCURRENCE_PREDICTION
185	20	B_LOCAL_SINGLE_HEAD	ONE_EXACT_OTHER_ACTION_CELL_SAME_FRAME_REGISTER	G498-M151	@ACTION+AL	K	K+AL	SOURCE_SECTION_T	GEBEN · ZIELORT	ZUORDNEN · ZIELSPALTE	Ordne das zuvor Genannte zu; zur Zielspalte.	ACTIVE_ARGUMENT_REQUIRED	CONTEXT_NOUN_GENERALIZED	2	1	0	NONE	NO	1	CH	1	1	1	f1r	3	HERBAL|BIOLOGICAL|CELESTIAL	5	4	f55v|f71v|f75r|f76r	YES	COMPOSED_WORKING	NO	NO	NO	COMPOSED_WORKING_RETAINED__NO_SURFACE_OR_OCCURRENCE_PREDICTION
186	21	B_LOCAL_SINGLE_HEAD	ONE_EXACT_OTHER_ACTION_CELL_SAME_FRAME_REGISTER	G498-M119	@ACTION+AIN	CHD	CHD+AIN	CELESTIAL	BEARBEITEN · ANTEIL	EINTRAG BEARBEITEN · SEKTORANTEIL	Bearbeite den Sektoranteil.	SELF_CONTAINED_ARGUMENT	UNCHANGED_SELF_CONTAINED_RENDERER	2	1	0	NONE	NO	1	S	1	1	1	f67r2	3	HERBAL|BIOLOGICAL|PHARMA	4	4	f76r|f83r|f89r|f95v	YES	COMPOSED_WORKING	NO	NO	NO	COMPOSED_WORKING_RETAINED__NO_SURFACE_OR_OCCURRENCE_PREDICTION
187	22	B_LOCAL_SINGLE_HEAD	ONE_EXACT_OTHER_ACTION_CELL_SAME_FRAME_REGISTER	G498-M116	@ACTION+AIN	CHD	CHD+AIN	SOURCE_SECTION_T	BEARBEITEN · ANTEIL	EINTRAG BEARBEITEN · TEILWERT	Bearbeite den Teilwert.	SELF_CONTAINED_ARGUMENT	UNCHANGED_SELF_CONTAINED_RENDERER	2	1	0	NONE	NO	1	OK	1	1	1	f1r	3	HERBAL|BIOLOGICAL|PHARMA	4	4	f76r|f83r|f89r|f95v	YES	COMPOSED_WORKING	NO	NO	NO	COMPOSED_WORKING_RETAINED__NO_SURFACE_OR_OCCURRENCE_PREDICTION
188	23	B_LOCAL_SINGLE_HEAD	ONE_EXACT_OTHER_ACTION_CELL_SAME_FRAME_REGISTER	G498-M156	@ACTION+AL	S	S+AL	SOURCE_SECTION_T	WÄHLEN · ZIELORT	AUSWÄHLEN · ZIELSPALTE	Wähle das zuvor Genannte; zur Zielspalte.	ACTIVE_ARGUMENT_REQUIRED	CONTEXT_NOUN_GENERALIZED	2	1	0	NONE	NO	1	CH	1	1	1	f1r	2	BIOLOGICAL|CELESTIAL	10	7	f67r2|f72r|f75r|f76r|f77r|f81v|f82r	YES	COMPOSED_WORKING	NO	NO	NO	COMPOSED_WORKING_RETAINED__NO_SURFACE_OR_OCCURRENCE_PREDICTION
189	24	B_LOCAL_SINGLE_HEAD	ONE_EXACT_OTHER_ACTION_CELL_SAME_FRAME_REGISTER	G498-M109	@ACTION+AIN	K	K+AIN	CELESTIAL	GEBEN · ANTEIL	WERT ZUORDNEN · SEKTORANTEIL	Ordne den Sektoranteil zu.	SELF_CONTAINED_ARGUMENT	UNCHANGED_SELF_CONTAINED_RENDERER	2	1	0	NONE	NO	1	S	1	1	1	f67r2	2	HERBAL|BIOLOGICAL	6	5	f75r|f76r|f81v|f83r|f95v	YES	COMPOSED_WORKING	NO	NO	NO	COMPOSED_WORKING_RETAINED__NO_SURFACE_OR_OCCURRENCE_PREDICTION
190	25	B_LOCAL_SINGLE_HEAD	ONE_EXACT_OTHER_ACTION_CELL_SAME_FRAME_REGISTER	G498-M106	@ACTION+AIN	K	K+AIN	SOURCE_SECTION_T	GEBEN · ANTEIL	ZUORDNEN · TEILWERT	Ordne den Teilwert zu.	SELF_CONTAINED_ARGUMENT	UNCHANGED_SELF_CONTAINED_RENDERER	2	1	0	NONE	NO	1	OK	1	1	1	f1r	2	HERBAL|BIOLOGICAL	6	5	f75r|f76r|f81v|f83r|f95v	YES	COMPOSED_WORKING	NO	NO	NO	COMPOSED_WORKING_RETAINED__NO_SURFACE_OR_OCCURRENCE_PREDICTION
191	26	B_LOCAL_SINGLE_HEAD	ONE_EXACT_OTHER_ACTION_CELL_SAME_FRAME_REGISTER	G498-M166	@ACTION+AL	T	T+AL	SOURCE_SECTION_T	EINSTELLEN · ZIELORT	FESTLEGEN · ZIELSPALTE	Lege das zuvor Genannte fest; zur Zielspalte.	ACTIVE_ARGUMENT_REQUIRED	COMPOSED_CONTEXT_NOUN_GENERALIZED	2	1	0	NONE	NO	1	CH	1	1	1	f1r	2	BIOLOGICAL|CELESTIAL	3	3	f71v|f77r|f83r	YES	COMPOSED_WORKING	NO	NO	NO	COMPOSED_WORKING_RETAINED__NO_SURFACE_OR_OCCURRENCE_PREDICTION
192	27	B_LOCAL_SINGLE_HEAD	ONE_EXACT_OTHER_ACTION_CELL_SAME_FRAME_REGISTER	G498-M161	@ACTION+AL	CHD	CHD+AL	SOURCE_SECTION_T	BEARBEITEN · ZIELORT	EINTRAG BEARBEITEN · ZIELSPALTE	Bearbeite das zuvor Genannte; zur Zielspalte.	ACTIVE_ARGUMENT_REQUIRED	CONTEXT_NOUN_GENERALIZED	2	1	0	NONE	NO	1	CH	1	1	1	f1r	2	BIOLOGICAL|CELESTIAL	2	2	f72r|f83r	YES	COMPOSED_WORKING	NO	NO	NO	COMPOSED_WORKING_RETAINED__NO_SURFACE_OR_OCCURRENCE_PREDICTION
193	28	B_LOCAL_SINGLE_HEAD	ONE_EXACT_OTHER_ACTION_CELL_SAME_FRAME_REGISTER	G498-M171	@ACTION+AL	R	R+AL	SOURCE_SECTION_T	MARKIEREN · ZIELORT	KENNZEICHNEN · ZIELSPALTE	Kennzeichne das zuvor Genannte; zur Zielspalte.	ACTIVE_ARGUMENT_REQUIRED	COMPOSED_CONTEXT_NOUN_GENERALIZED	2	1	0	NONE	NO	1	CH	1	1	1	f1r	2	BIOLOGICAL|PHARMA	2	2	f81v|f88r	YES	COMPOSED_WORKING	NO	NO	NO	COMPOSED_WORKING_RETAINED__NO_SURFACE_OR_OCCURRENCE_PREDICTION
194	29	B_LOCAL_SINGLE_HEAD	ONE_EXACT_OTHER_ACTION_CELL_SAME_FRAME_REGISTER	G498-M124	@ACTION+AIN	T	T+AIN	CELESTIAL	EINSTELLEN · ANTEIL	WERT EINSTELLEN · SEKTORANTEIL	Stelle den Sektoranteil ein.	SELF_CONTAINED_ARGUMENT	UNCHANGED_SELF_CONTAINED	2	1	0	NONE	NO	1	S	1	1	1	f67r2	2	BIOLOGICAL|PHARMA	2	2	f77r|f89r	YES	COMPOSED_WORKING	NO	NO	NO	COMPOSED_WORKING_RETAINED__NO_SURFACE_OR_OCCURRENCE_PREDICTION
195	30	B_LOCAL_SINGLE_HEAD	ONE_EXACT_OTHER_ACTION_CELL_SAME_FRAME_REGISTER	G498-M121	@ACTION+AIN	T	T+AIN	SOURCE_SECTION_T	EINSTELLEN · ANTEIL	FESTLEGEN · TEILWERT	Lege den Teilwert fest.	SELF_CONTAINED_ARGUMENT	UNCHANGED_SELF_CONTAINED	2	1	0	NONE	NO	1	OK	1	1	1	f1r	2	BIOLOGICAL|PHARMA	2	2	f77r|f89r	YES	COMPOSED_WORKING	NO	NO	NO	COMPOSED_WORKING_RETAINED__NO_SURFACE_OR_OCCURRENCE_PREDICTION
196	31	B_LOCAL_SINGLE_HEAD	ONE_EXACT_OTHER_ACTION_CELL_SAME_FRAME_REGISTER	G498-M129	@ACTION+AIN	R	R+AIN	CELESTIAL	MARKIEREN · ANTEIL	POSITION MARKIEREN · SEKTORANTEIL	Markiere den Sektoranteil.	SELF_CONTAINED_ARGUMENT	UNCHANGED_SELF_CONTAINED	2	1	0	NONE	NO	1	S	1	1	1	f67r2	1	BIOLOGICAL	3	3	f76r|f81r|f82r	YES	COMPOSED_WORKING	NO	NO	NO	COMPOSED_WORKING_RETAINED__NO_SURFACE_OR_OCCURRENCE_PREDICTION
197	32	B_LOCAL_SINGLE_HEAD	ONE_EXACT_OTHER_ACTION_CELL_SAME_FRAME_REGISTER	G498-M126	@ACTION+AIN	R	R+AIN	SOURCE_SECTION_T	MARKIEREN · ANTEIL	KENNZEICHNEN · TEILWERT	Kennzeichne den Teilwert.	SELF_CONTAINED_ARGUMENT	UNCHANGED_SELF_CONTAINED	2	1	0	NONE	NO	1	OK	1	1	1	f1r	1	BIOLOGICAL	3	3	f76r|f81r|f82r	YES	COMPOSED_WORKING	NO	NO	NO	COMPOSED_WORKING_RETAINED__NO_SURFACE_OR_OCCURRENCE_PREDICTION
198	33	B_LOCAL_SINGLE_HEAD	ONE_EXACT_OTHER_ACTION_CELL_SAME_FRAME_REGISTER	G498-M469	CH+@ACTION	K	CH+K	CELESTIAL	NEHMEN · GEBEN	POSITION AUFNEHMEN · WERT ZUORDNEN	Nimm das zuvor Genannte auf und ordne es zu.	ACTIVE_ARGUMENT_REQUIRED	CONTEXT_NOUN_GENERALIZED	2	2	0	NONE	NO	1	S	1	1	1	f72r	1	BIOLOGICAL	1	1	f76r	YES	COMPOSED_WORKING	NO	NO	NO	COMPOSED_WORKING_RETAINED__NO_SURFACE_OR_OCCURRENCE_PREDICTION
199	34	B_LOCAL_SINGLE_HEAD	ONE_EXACT_OTHER_ACTION_CELL_SAME_FRAME_REGISTER	G498-M467	CH+@ACTION	K	CH+K	HERBAL	NEHMEN · GEBEN	PFLANZENTEIL NEHMEN · MATERIAL ZUGEBEN	Nimm das zuvor Genannte und gib es zu.	ACTIVE_ARGUMENT_REQUIRED	CONTEXT_NOUN_GENERALIZED	2	2	0	NONE	NO	1	T	1	1	1	f10r	1	BIOLOGICAL	1	1	f76r	YES	COMPOSED_WORKING	NO	NO	NO	COMPOSED_WORKING_RETAINED__NO_SURFACE_OR_OCCURRENCE_PREDICTION
200	35	B_LOCAL_SINGLE_HEAD	ONE_EXACT_OTHER_ACTION_CELL_SAME_FRAME_REGISTER	G498-M489	CH+@ACTION	R	CH+R	CELESTIAL	NEHMEN · MARKIEREN	POSITION AUFNEHMEN · POSITION MARKIEREN	Nimm das zuvor Genannte auf und markiere es.	ACTIVE_ARGUMENT_REQUIRED	COMPOSED_CONTEXT_NOUN_GENERALIZED	2	2	0	NONE	NO	1	S	1	1	1	f72r	1	BIOLOGICAL	1	1	f77r	YES	COMPOSED_WORKING	NO	NO	NO	COMPOSED_WORKING_RETAINED__NO_SURFACE_OR_OCCURRENCE_PREDICTION
201	36	B_LOCAL_SINGLE_HEAD	ONE_EXACT_OTHER_ACTION_CELL_SAME_FRAME_REGISTER	G498-M487	CH+@ACTION	R	CH+R	HERBAL	NEHMEN · MARKIEREN	PFLANZENTEIL NEHMEN · TEIL MARKIEREN	Nimm das zuvor Genannte und markiere es.	ACTIVE_ARGUMENT_REQUIRED	COMPOSED_CONTEXT_NOUN_GENERALIZED	2	2	0	NONE	NO	1	T	1	1	1	f10r	1	BIOLOGICAL	1	1	f77r	YES	COMPOSED_WORKING	NO	NO	NO	COMPOSED_WORKING_RETAINED__NO_SURFACE_OR_OCCURRENCE_PREDICTION
202	37	B_LOCAL_SINGLE_HEAD	ONE_EXACT_OTHER_ACTION_CELL_SAME_FRAME_REGISTER	G498-M472	CH+@ACTION	S	CH+S	HERBAL	NEHMEN · WÄHLEN	PFLANZENTEIL NEHMEN · PFLANZENTEIL WÄHLEN	Nimm das zuvor Genannte und wähle es.	ACTIVE_ARGUMENT_REQUIRED	CONTEXT_NOUN_GENERALIZED	2	2	0	NONE	NO	1	T	1	1	1	f10r	1	CELESTIAL	1	1	f72r	YES	COMPOSED_WORKING	NO	NO	NO	COMPOSED_WORKING_RETAINED__NO_SURFACE_OR_OCCURRENCE_PREDICTION
203	38	B_LOCAL_SINGLE_HEAD	ONE_EXACT_OTHER_ACTION_CELL_SAME_FRAME_REGISTER	G498-M484	CH+@ACTION	T	CH+T	CELESTIAL	NEHMEN · EINSTELLEN	POSITION AUFNEHMEN · WERT EINSTELLEN	Nimm das zuvor Genannte auf und stelle es ein.	ACTIVE_ARGUMENT_REQUIRED	COMPOSED_CONTEXT_NOUN_GENERALIZED	2	2	0	NONE	NO	1	S	1	1	1	f72r	1	HERBAL	1	1	f10r	YES	COMPOSED_WORKING	NO	NO	NO	COMPOSED_WORKING_RETAINED__NO_SURFACE_OR_OCCURRENCE_PREDICTION
204	39	B_LOCAL_SINGLE_HEAD	ONE_EXACT_OTHER_ACTION_CELL_SAME_FRAME_REGISTER	G498-M146	@ACTION+AL	SH	SH+AL	SOURCE_SECTION_T	HALTEN · ZIELORT	FESTHALTEN · ZIELSPALTE	Halte das zuvor Genannte fest; zur Zielspalte.	ACTIVE_ARGUMENT_REQUIRED	CONTEXT_NOUN_GENERALIZED	2	1	0	NONE	NO	1	CH	1	1	1	f1r	1	BIOLOGICAL	1	1	f75r	YES	COMPOSED_WORKING	NO	NO	NO	COMPOSED_WORKING_RETAINED__NO_SURFACE_OR_OCCURRENCE_PREDICTION
205	40	B_LOCAL_SINGLE_HEAD	ONE_EXACT_OTHER_ACTION_CELL_SAME_FRAME_REGISTER	G498-M397	@ACTION+OR+Y	R	R+OR+Y	HERBAL	MARKIEREN · EINHEIT · POSTEN	TEIL MARKIEREN · ARBEITSEINHEIT · PFLANZENPOSTEN	Markiere die Arbeitseinheit und den Pflanzenposten.	SELF_CONTAINED_ARGUMENT	UNCHANGED_SELF_CONTAINED	3	1	0	NONE	NO	1	T	1	1	1	f13r	1	BIOLOGICAL	1	1	f76r	YES	COMPOSED_WORKING	NO	NO	NO	COMPOSED_WORKING_RETAINED__NO_SURFACE_OR_OCCURRENCE_PREDICTION
206	41	B_LOCAL_SINGLE_HEAD	ONE_EXACT_OTHER_ACTION_CELL_SAME_FRAME_REGISTER	G498-M383	@ACTION+OR+Y	S	S+OR+Y	BIOLOGICAL	WÄHLEN · EINHEIT · POSTEN	STATION WÄHLEN · STATIONSEINHEIT · STATIONSPOSTEN	Wähle die Stationseinheit und den Stationsposten.	SELF_CONTAINED_ARGUMENT	UNCHANGED_SELF_CONTAINED_RENDERER	3	1	0	NONE	NO	1	R	1	1	1	f76r	1	SOURCE_SECTION_T	1	1	f1r	YES	COMPOSED_WORKING	NO	NO	NO	COMPOSED_WORKING_RETAINED__NO_SURFACE_OR_OCCURRENCE_PREDICTION
207	42	B_LOCAL_SINGLE_HEAD	ONE_EXACT_OTHER_ACTION_CELL_SAME_FRAME_REGISTER	G498-M382	@ACTION+OR+Y	S	S+OR+Y	HERBAL	WÄHLEN · EINHEIT · POSTEN	PFLANZENTEIL WÄHLEN · ARBEITSEINHEIT · PFLANZENPOSTEN	Wähle die Arbeitseinheit und den Pflanzenposten.	SELF_CONTAINED_ARGUMENT	UNCHANGED_SELF_CONTAINED_RENDERER	3	1	0	NONE	NO	1	T	1	1	1	f13r	1	SOURCE_SECTION_T	1	1	f1r	YES	COMPOSED_WORKING	NO	NO	NO	COMPOSED_WORKING_RETAINED__NO_SURFACE_OR_OCCURRENCE_PREDICTION
208	43	B_LOCAL_SINGLE_HEAD	ONE_EXACT_OTHER_ACTION_CELL_SAME_FRAME_REGISTER	G498-M373	@ACTION+OR+Y	SH	SH+OR+Y	BIOLOGICAL	HALTEN · EINHEIT · POSTEN	POSTEN HALTEN · STATIONSEINHEIT · STATIONSPOSTEN	Halte die Stationseinheit und den Stationsposten.	SELF_CONTAINED_ARGUMENT	UNCHANGED_SELF_CONTAINED_RENDERER	3	1	0	NONE	NO	1	R	1	1	1	f76r	1	SOURCE_SECTION_T	1	1	f1r	YES	COMPOSED_WORKING	NO	NO	NO	COMPOSED_WORKING_RETAINED__NO_SURFACE_OR_OCCURRENCE_PREDICTION
209	44	B_LOCAL_SINGLE_HEAD	ONE_EXACT_OTHER_ACTION_CELL_SAME_FRAME_REGISTER	G498-M372	@ACTION+OR+Y	SH	SH+OR+Y	HERBAL	HALTEN · EINHEIT · POSTEN	MATERIAL HALTEN · ARBEITSEINHEIT · PFLANZENPOSTEN	Halte die Arbeitseinheit und den Pflanzenposten.	SELF_CONTAINED_ARGUMENT	UNCHANGED_SELF_CONTAINED_RENDERER	3	1	0	NONE	NO	1	T	1	1	1	f13r	1	SOURCE_SECTION_T	1	1	f1r	YES	COMPOSED_WORKING	NO	NO	NO	COMPOSED_WORKING_RETAINED__NO_SURFACE_OR_OCCURRENCE_PREDICTION
210	45	B_LOCAL_SINGLE_HEAD	ONE_EXACT_OTHER_ACTION_CELL_SAME_FRAME_REGISTER	G498-M393	@ACTION+OR+Y	T	T+OR+Y	BIOLOGICAL	EINSTELLEN · EINHEIT · POSTEN	STATIONSWERT EINSTELLEN · STATIONSEINHEIT · STATIONSPOSTEN	Stelle die Stationseinheit und den Stationsposten ein.	SELF_CONTAINED_ARGUMENT	UNCHANGED_SELF_CONTAINED	3	1	0	NONE	NO	1	R	1	1	1	f76r	1	HERBAL	1	1	f13r	YES	COMPOSED_WORKING	NO	NO	NO	COMPOSED_WORKING_RETAINED__NO_SURFACE_OR_OCCURRENCE_PREDICTION
211	46	B_LOCAL_SINGLE_HEAD	ONE_EXACT_OTHER_ACTION_CELL_SAME_FRAME_REGISTER	G498-M243	@ACTION+CH+E+Y	K	K+CH+E+Y	BIOLOGICAL	GEBEN · NEHMEN · GRAD I · POSTEN	POSTEN ZUFÜHREN · POSTEN ENTNEHMEN · GRAD I · STATIONSPOSTEN	Führe den Stationsposten zu und entnimm den Stationsposten; auf Grad I.	SELF_CONTAINED_ARGUMENT	UNCHANGED_SELF_CONTAINED_RENDERER	4	2	0	NONE	NO	1	R	1	1	1	f82r	1	HERBAL	1	1	f56r	YES	COMPOSED_WORKING	NO	NO	NO	COMPOSED_WORKING_RETAINED__NO_SURFACE_OR_OCCURRENCE_PREDICTION
212	47	B_LOCAL_SINGLE_HEAD	ONE_EXACT_OTHER_ACTION_CELL_SAME_FRAME_REGISTER	G498-M241	@ACTION+CH+E+Y	K	K+CH+E+Y	SOURCE_SECTION_T	GEBEN · NEHMEN · GRAD I · POSTEN	ZUORDNEN · ENTNEHMEN · GRAD I · LAUFENDER EINTRAG	Ordne den laufenden Eintrag zu und entnimm den laufenden Eintrag; auf Grad I.	SELF_CONTAINED_ARGUMENT	UNCHANGED_SELF_CONTAINED_RENDERER	4	2	0	NONE	NO	1	T	1	1	1	f1r	1	HERBAL	1	1	f56r	YES	COMPOSED_WORKING	NO	NO	NO	COMPOSED_WORKING_RETAINED__NO_SURFACE_OR_OCCURRENCE_PREDICTION
213	48	B_LOCAL_SINGLE_HEAD	ONE_EXACT_OTHER_ACTION_CELL_SAME_FRAME_REGISTER	G498-M228	@ACTION+CH+E+Y	OK	OK+CH+E+Y	BIOLOGICAL	SETZEN · NEHMEN · GRAD I · POSTEN	STATIONSGANG ANSETZEN · POSTEN ENTNEHMEN · GRAD I · STATIONSPOSTEN	Setze den Stationsposten im Stationsgang an und entnimm den Stationsposten; auf Grad I.	SELF_CONTAINED_ARGUMENT	UNCHANGED_SELF_CONTAINED_RENDERER	4	2	0	NONE	NO	1	R	1	1	1	f82r	1	HERBAL	1	1	f56r	YES	COMPOSED_WORKING	NO	NO	NO	COMPOSED_WORKING_RETAINED__NO_SURFACE_OR_OCCURRENCE_PREDICTION
214	49	B_LOCAL_SINGLE_HEAD	ONE_EXACT_OTHER_ACTION_CELL_SAME_FRAME_REGISTER	G498-M226	@ACTION+CH+E+Y	OK	OK+CH+E+Y	SOURCE_SECTION_T	SETZEN · NEHMEN · GRAD I · POSTEN	EINTRAGEN · ENTNEHMEN · GRAD I · LAUFENDER EINTRAG	Trage den laufenden Eintrag ein und entnimm den laufenden Eintrag; auf Grad I.	SELF_CONTAINED_ARGUMENT	UNCHANGED_SELF_CONTAINED_RENDERER	4	2	0	NONE	NO	1	T	1	1	1	f1r	1	HERBAL	1	1	f56r	YES	COMPOSED_WORKING	NO	NO	NO	COMPOSED_WORKING_RETAINED__NO_SURFACE_OR_OCCURRENCE_PREDICTION
215	50	B_LOCAL_SINGLE_HEAD	ONE_EXACT_OTHER_ACTION_CELL_SAME_FRAME_REGISTER	G498-M261	@ACTION+CH+E+Y	R	R+CH+E+Y	SOURCE_SECTION_T	MARKIEREN · NEHMEN · GRAD I · POSTEN	KENNZEICHNEN · ENTNEHMEN · GRAD I · LAUFENDER EINTRAG	Kennzeichne den laufenden Eintrag und entnimm den laufenden Eintrag; auf Grad I.	SELF_CONTAINED_ARGUMENT	UNCHANGED_SELF_CONTAINED	4	2	0	NONE	NO	1	T	1	1	1	f1r	1	BIOLOGICAL	1	1	f82r	YES	COMPOSED_WORKING	NO	NO	NO	COMPOSED_WORKING_RETAINED__NO_SURFACE_OR_OCCURRENCE_PREDICTION
216	51	B_LOCAL_SINGLE_HEAD	ONE_EXACT_OTHER_ACTION_CELL_SAME_FRAME_REGISTER	G498-M248	@ACTION+CH+E+Y	S	S+CH+E+Y	BIOLOGICAL	WÄHLEN · NEHMEN · GRAD I · POSTEN	STATION WÄHLEN · POSTEN ENTNEHMEN · GRAD I · STATIONSPOSTEN	Wähle den Stationsposten und entnimm den Stationsposten; auf Grad I.	SELF_CONTAINED_ARGUMENT	UNCHANGED_SELF_CONTAINED_RENDERER	4	2	0	NONE	NO	1	R	1	1	1	f82r	1	HERBAL	1	1	f56r	YES	COMPOSED_WORKING	NO	NO	NO	COMPOSED_WORKING_RETAINED__NO_SURFACE_OR_OCCURRENCE_PREDICTION
217	52	B_LOCAL_SINGLE_HEAD	ONE_EXACT_OTHER_ACTION_CELL_SAME_FRAME_REGISTER	G498-M246	@ACTION+CH+E+Y	S	S+CH+E+Y	SOURCE_SECTION_T	WÄHLEN · NEHMEN · GRAD I · POSTEN	AUSWÄHLEN · ENTNEHMEN · GRAD I · LAUFENDER EINTRAG	Wähle den laufenden Eintrag und entnimm den laufenden Eintrag; auf Grad I.	SELF_CONTAINED_ARGUMENT	UNCHANGED_SELF_CONTAINED_RENDERER	4	2	0	NONE	NO	1	T	1	1	1	f1r	1	HERBAL	1	1	f56r	YES	COMPOSED_WORKING	NO	NO	NO	COMPOSED_WORKING_RETAINED__NO_SURFACE_OR_OCCURRENCE_PREDICTION
218	53	B_LOCAL_SINGLE_HEAD	ONE_EXACT_OTHER_ACTION_CELL_SAME_FRAME_REGISTER	G498-M258	@ACTION+CH+E+Y	T	T+CH+E+Y	BIOLOGICAL	EINSTELLEN · NEHMEN · GRAD I · POSTEN	STATIONSWERT EINSTELLEN · POSTEN ENTNEHMEN · GRAD I · STATIONSPOSTEN	Stelle den Stationsposten ein und entnimm den Stationsposten; auf Grad I.	SELF_CONTAINED_ARGUMENT	UNCHANGED_SELF_CONTAINED	4	2	0	NONE	NO	1	R	1	1	1	f82r	1	SOURCE_SECTION_T	1	1	f1r	YES	COMPOSED_WORKING	NO	NO	NO	COMPOSED_WORKING_RETAINED__NO_SURFACE_OR_OCCURRENCE_PREDICTION
219	54	B_LOCAL_SINGLE_HEAD	ONE_EXACT_OTHER_ACTION_CELL_SAME_FRAME_REGISTER	G498-M099	@ACTION+AIN	CH	CH+AIN	CELESTIAL	NEHMEN · ANTEIL	POSITION AUFNEHMEN · SEKTORANTEIL	Nimm den Sektoranteil auf.	SELF_CONTAINED_ARGUMENT	UNCHANGED_SELF_CONTAINED_RENDERER	2	1	0	NONE	NO	1	S	1	1	1	f67r2	0	NONE	0	0	NONE	YES	COMPOSED_WORKING	NO	NO	NO	COMPOSED_WORKING_RETAINED__NO_SURFACE_OR_OCCURRENCE_PREDICTION
220	55	B_LOCAL_SINGLE_HEAD	ONE_EXACT_OTHER_ACTION_CELL_SAME_FRAME_REGISTER	G498-M096	@ACTION+AIN	CH	CH+AIN	SOURCE_SECTION_T	NEHMEN · ANTEIL	ENTNEHMEN · TEILWERT	Entnimm den Teilwert.	SELF_CONTAINED_ARGUMENT	UNCHANGED_SELF_CONTAINED_RENDERER	2	1	0	NONE	NO	1	OK	1	1	1	f1r	0	NONE	0	0	NONE	YES	COMPOSED_WORKING	NO	NO	NO	COMPOSED_WORKING_RETAINED__NO_SURFACE_OR_OCCURRENCE_PREDICTION
221	56	B_LOCAL_SINGLE_HEAD	ONE_EXACT_OTHER_ACTION_CELL_SAME_FRAME_REGISTER	G498-M479	CH+@ACTION	CHD	CH+CHD	CELESTIAL	NEHMEN · BEARBEITEN	POSITION AUFNEHMEN · EINTRAG BEARBEITEN	Nimm das zuvor Genannte auf und bearbeite es.	ACTIVE_ARGUMENT_REQUIRED	CONTEXT_NOUN_GENERALIZED	2	2	0	NONE	NO	1	S	1	1	1	f72r	0	NONE	0	0	NONE	YES	COMPOSED_WORKING	NO	NO	NO	COMPOSED_WORKING_RETAINED__NO_SURFACE_OR_OCCURRENCE_PREDICTION
222	57	B_LOCAL_SINGLE_HEAD	ONE_EXACT_OTHER_ACTION_CELL_SAME_FRAME_REGISTER	G498-M477	CH+@ACTION	CHD	CH+CHD	HERBAL	NEHMEN · BEARBEITEN	PFLANZENTEIL NEHMEN · MATERIAL BEARBEITEN	Nimm das zuvor Genannte und bearbeite es.	ACTIVE_ARGUMENT_REQUIRED	CONTEXT_NOUN_GENERALIZED	2	2	0	NONE	NO	1	T	1	1	1	f10r	0	NONE	0	0	NONE	YES	COMPOSED_WORKING	NO	NO	NO	COMPOSED_WORKING_RETAINED__NO_SURFACE_OR_OCCURRENCE_PREDICTION
223	58	B_LOCAL_SINGLE_HEAD	ONE_EXACT_OTHER_ACTION_CELL_SAME_FRAME_REGISTER	G498-M454	CH+@ACTION	OK	CH+OK	CELESTIAL	NEHMEN · SETZEN	POSITION AUFNEHMEN · POSITION SETZEN	Nimm das zuvor Genannte auf und setze es.	ACTIVE_ARGUMENT_REQUIRED	CONTEXT_NOUN_GENERALIZED	2	2	0	NONE	NO	1	S	1	1	1	f72r	0	NONE	0	0	NONE	YES	COMPOSED_WORKING	NO	NO	NO	COMPOSED_WORKING_RETAINED__NO_SURFACE_OR_OCCURRENCE_PREDICTION
224	59	B_LOCAL_SINGLE_HEAD	ONE_EXACT_OTHER_ACTION_CELL_SAME_FRAME_REGISTER	G498-M452	CH+@ACTION	OK	CH+OK	HERBAL	NEHMEN · SETZEN	PFLANZENTEIL NEHMEN · ARBEITSGANG ANSETZEN	Nimm das zuvor Genannte und setze es im Arbeitsgang an.	ACTIVE_ARGUMENT_REQUIRED	CONTEXT_NOUN_GENERALIZED	2	2	0	NONE	NO	1	T	1	1	1	f10r	0	NONE	0	0	NONE	YES	COMPOSED_WORKING	NO	NO	NO	COMPOSED_WORKING_RETAINED__NO_SURFACE_OR_OCCURRENCE_PREDICTION
225	60	B_LOCAL_SINGLE_HEAD	ONE_EXACT_OTHER_ACTION_CELL_SAME_FRAME_REGISTER	G498-M494	CH+@ACTION	P	CH+P	CELESTIAL	NEHMEN · EINSETZEN	POSITION AUFNEHMEN · EINTRAG EINSETZEN	Nimm das zuvor Genannte auf und setze es ein.	ACTIVE_ARGUMENT_REQUIRED	CONTEXT_NOUN_GENERALIZED	2	2	0	NONE	NO	1	S	1	1	1	f72r	0	NONE	0	0	NONE	YES	COMPOSED_WORKING	NO	NO	NO	COMPOSED_WORKING_RETAINED__NO_SURFACE_OR_OCCURRENCE_PREDICTION
226	61	B_LOCAL_SINGLE_HEAD	ONE_EXACT_OTHER_ACTION_CELL_SAME_FRAME_REGISTER	G498-M492	CH+@ACTION	P	CH+P	HERBAL	NEHMEN · EINSETZEN	PFLANZENTEIL NEHMEN · MATERIAL EINSETZEN	Nimm das zuvor Genannte und setze es ein.	ACTIVE_ARGUMENT_REQUIRED	CONTEXT_NOUN_GENERALIZED	2	2	0	NONE	NO	1	T	1	1	1	f10r	0	NONE	0	0	NONE	YES	COMPOSED_WORKING	NO	NO	NO	COMPOSED_WORKING_RETAINED__NO_SURFACE_OR_OCCURRENCE_PREDICTION
227	62	B_LOCAL_SINGLE_HEAD	ONE_EXACT_OTHER_ACTION_CELL_SAME_FRAME_REGISTER	G498-M464	CH+@ACTION	SH	CH+SH	CELESTIAL	NEHMEN · HALTEN	POSITION AUFNEHMEN · POSITION HALTEN	Nimm das zuvor Genannte auf und halte es.	ACTIVE_ARGUMENT_REQUIRED	CONTEXT_NOUN_GENERALIZED	2	2	0	NONE	NO	1	S	1	1	1	f72r	0	NONE	0	0	NONE	YES	COMPOSED_WORKING	NO	NO	NO	COMPOSED_WORKING_RETAINED__NO_SURFACE_OR_OCCURRENCE_PREDICTION
228	63	B_LOCAL_SINGLE_HEAD	ONE_EXACT_OTHER_ACTION_CELL_SAME_FRAME_REGISTER	G498-M462	CH+@ACTION	SH	CH+SH	HERBAL	NEHMEN · HALTEN	PFLANZENTEIL NEHMEN · MATERIAL HALTEN	Nimm das zuvor Genannte und halte es.	ACTIVE_ARGUMENT_REQUIRED	CONTEXT_NOUN_GENERALIZED	2	2	0	NONE	NO	1	T	1	1	1	f10r	0	NONE	0	0	NONE	YES	COMPOSED_WORKING	NO	NO	NO	COMPOSED_WORKING_RETAINED__NO_SURFACE_OR_OCCURRENCE_PREDICTION
229	64	B_LOCAL_SINGLE_HEAD	ONE_EXACT_OTHER_ACTION_CELL_SAME_FRAME_REGISTER	G498-M134	@ACTION+AIN	P	P+AIN	CELESTIAL	EINSETZEN · ANTEIL	EINTRAG EINSETZEN · SEKTORANTEIL	Setze den Sektoranteil ein.	SELF_CONTAINED_ARGUMENT	UNCHANGED_SELF_CONTAINED_RENDERER	2	1	0	NONE	NO	1	S	1	1	1	f67r2	0	NONE	0	0	NONE	YES	COMPOSED_WORKING	NO	NO	NO	COMPOSED_WORKING_RETAINED__NO_SURFACE_OR_OCCURRENCE_PREDICTION
230	65	B_LOCAL_SINGLE_HEAD	ONE_EXACT_OTHER_ACTION_CELL_SAME_FRAME_REGISTER	G498-M131	@ACTION+AIN	P	P+AIN	SOURCE_SECTION_T	EINSETZEN · ANTEIL	IN EINTRAG EINSETZEN · TEILWERT	Setze den Teilwert ein.	SELF_CONTAINED_ARGUMENT	UNCHANGED_SELF_CONTAINED_RENDERER	2	1	0	NONE	NO	1	OK	1	1	1	f1r	0	NONE	0	0	NONE	YES	COMPOSED_WORKING	NO	NO	NO	COMPOSED_WORKING_RETAINED__NO_SURFACE_OR_OCCURRENCE_PREDICTION
231	66	B_LOCAL_SINGLE_HEAD	ONE_EXACT_OTHER_ACTION_CELL_SAME_FRAME_REGISTER	G498-M176	@ACTION+AL	P	P+AL	SOURCE_SECTION_T	EINSETZEN · ZIELORT	IN EINTRAG EINSETZEN · ZIELSPALTE	Setze das zuvor Genannte ein; zur Zielspalte.	ACTIVE_ARGUMENT_REQUIRED	CONTEXT_NOUN_GENERALIZED	2	1	0	NONE	NO	1	CH	1	1	1	f1r	0	NONE	0	0	NONE	YES	COMPOSED_WORKING	NO	NO	NO	COMPOSED_WORKING_RETAINED__NO_SURFACE_OR_OCCURRENCE_PREDICTION
232	67	B_LOCAL_SINGLE_HEAD	ONE_EXACT_OTHER_ACTION_CELL_SAME_FRAME_REGISTER	G498-M104	@ACTION+AIN	SH	SH+AIN	CELESTIAL	HALTEN · ANTEIL	POSITION HALTEN · SEKTORANTEIL	Halte den Sektoranteil.	SELF_CONTAINED_ARGUMENT	UNCHANGED_SELF_CONTAINED_RENDERER	2	1	0	NONE	NO	1	S	1	1	1	f67r2	0	NONE	0	0	NONE	YES	COMPOSED_WORKING	NO	NO	NO	COMPOSED_WORKING_RETAINED__NO_SURFACE_OR_OCCURRENCE_PREDICTION
233	68	B_LOCAL_SINGLE_HEAD	ONE_EXACT_OTHER_ACTION_CELL_SAME_FRAME_REGISTER	G498-M101	@ACTION+AIN	SH	SH+AIN	SOURCE_SECTION_T	HALTEN · ANTEIL	FESTHALTEN · TEILWERT	Halte den Teilwert fest.	SELF_CONTAINED_ARGUMENT	UNCHANGED_SELF_CONTAINED_RENDERER	2	1	0	NONE	NO	1	OK	1	1	1	f1r	0	NONE	0	0	NONE	YES	COMPOSED_WORKING	NO	NO	NO	COMPOSED_WORKING_RETAINED__NO_SURFACE_OR_OCCURRENCE_PREDICTION
234	69	B_LOCAL_SINGLE_HEAD	ONE_EXACT_OTHER_ACTION_CELL_SAME_FRAME_REGISTER	G498-M368	@ACTION+OR+Y	CH	CH+OR+Y	BIOLOGICAL	NEHMEN · EINHEIT · POSTEN	POSTEN ENTNEHMEN · STATIONSEINHEIT · STATIONSPOSTEN	Entnimm die Stationseinheit und den Stationsposten.	SELF_CONTAINED_ARGUMENT	UNCHANGED_SELF_CONTAINED_RENDERER	3	1	0	NONE	NO	1	R	1	1	1	f76r	0	NONE	0	0	NONE	YES	COMPOSED_WORKING	NO	NO	NO	COMPOSED_WORKING_RETAINED__NO_SURFACE_OR_OCCURRENCE_PREDICTION
235	70	B_LOCAL_SINGLE_HEAD	ONE_EXACT_OTHER_ACTION_CELL_SAME_FRAME_REGISTER	G498-M367	@ACTION+OR+Y	CH	CH+OR+Y	HERBAL	NEHMEN · EINHEIT · POSTEN	PFLANZENTEIL NEHMEN · ARBEITSEINHEIT · PFLANZENPOSTEN	Nimm die Arbeitseinheit und den Pflanzenposten.	SELF_CONTAINED_ARGUMENT	UNCHANGED_SELF_CONTAINED_RENDERER	3	1	0	NONE	NO	1	T	1	1	1	f13r	0	NONE	0	0	NONE	YES	COMPOSED_WORKING	NO	NO	NO	COMPOSED_WORKING_RETAINED__NO_SURFACE_OR_OCCURRENCE_PREDICTION
236	71	B_LOCAL_SINGLE_HEAD	ONE_EXACT_OTHER_ACTION_CELL_SAME_FRAME_REGISTER	G498-M388	@ACTION+OR+Y	CHD	CHD+OR+Y	BIOLOGICAL	BEARBEITEN · EINHEIT · POSTEN	POSTEN BEARBEITEN · STATIONSEINHEIT · STATIONSPOSTEN	Bearbeite die Stationseinheit und den Stationsposten.	SELF_CONTAINED_ARGUMENT	UNCHANGED_SELF_CONTAINED_RENDERER	3	1	0	NONE	NO	1	R	1	1	1	f76r	0	NONE	0	0	NONE	YES	COMPOSED_WORKING	NO	NO	NO	COMPOSED_WORKING_RETAINED__NO_SURFACE_OR_OCCURRENCE_PREDICTION
237	72	B_LOCAL_SINGLE_HEAD	ONE_EXACT_OTHER_ACTION_CELL_SAME_FRAME_REGISTER	G498-M387	@ACTION+OR+Y	CHD	CHD+OR+Y	HERBAL	BEARBEITEN · EINHEIT · POSTEN	MATERIAL BEARBEITEN · ARBEITSEINHEIT · PFLANZENPOSTEN	Bearbeite die Arbeitseinheit und den Pflanzenposten.	SELF_CONTAINED_ARGUMENT	UNCHANGED_SELF_CONTAINED_RENDERER	3	1	0	NONE	NO	1	T	1	1	1	f13r	0	NONE	0	0	NONE	YES	COMPOSED_WORKING	NO	NO	NO	COMPOSED_WORKING_RETAINED__NO_SURFACE_OR_OCCURRENCE_PREDICTION
238	73	B_LOCAL_SINGLE_HEAD	ONE_EXACT_OTHER_ACTION_CELL_SAME_FRAME_REGISTER	G498-M378	@ACTION+OR+Y	K	K+OR+Y	BIOLOGICAL	GEBEN · EINHEIT · POSTEN	POSTEN ZUFÜHREN · STATIONSEINHEIT · STATIONSPOSTEN	Führe die Stationseinheit und den Stationsposten zu.	SELF_CONTAINED_ARGUMENT	UNCHANGED_SELF_CONTAINED_RENDERER	3	1	0	NONE	NO	1	R	1	1	1	f76r	0	NONE	0	0	NONE	YES	COMPOSED_WORKING	NO	NO	NO	COMPOSED_WORKING_RETAINED__NO_SURFACE_OR_OCCURRENCE_PREDICTION
239	74	B_LOCAL_SINGLE_HEAD	ONE_EXACT_OTHER_ACTION_CELL_SAME_FRAME_REGISTER	G498-M377	@ACTION+OR+Y	K	K+OR+Y	HERBAL	GEBEN · EINHEIT · POSTEN	MATERIAL ZUGEBEN · ARBEITSEINHEIT · PFLANZENPOSTEN	Gib die Arbeitseinheit und den Pflanzenposten zu.	SELF_CONTAINED_ARGUMENT	UNCHANGED_SELF_CONTAINED_RENDERER	3	1	0	NONE	NO	1	T	1	1	1	f13r	0	NONE	0	0	NONE	YES	COMPOSED_WORKING	NO	NO	NO	COMPOSED_WORKING_RETAINED__NO_SURFACE_OR_OCCURRENCE_PREDICTION
240	75	B_LOCAL_SINGLE_HEAD	ONE_EXACT_OTHER_ACTION_CELL_SAME_FRAME_REGISTER	G498-M363	@ACTION+OR+Y	OK	OK+OR+Y	BIOLOGICAL	SETZEN · EINHEIT · POSTEN	STATIONSGANG ANSETZEN · STATIONSEINHEIT · STATIONSPOSTEN	Setze die Stationseinheit und den Stationsposten im Stationsgang an.	SELF_CONTAINED_ARGUMENT	UNCHANGED_SELF_CONTAINED_RENDERER	3	1	0	NONE	NO	1	R	1	1	1	f76r	0	NONE	0	0	NONE	YES	COMPOSED_WORKING	NO	NO	NO	COMPOSED_WORKING_RETAINED__NO_SURFACE_OR_OCCURRENCE_PREDICTION
241	76	B_LOCAL_SINGLE_HEAD	ONE_EXACT_OTHER_ACTION_CELL_SAME_FRAME_REGISTER	G498-M362	@ACTION+OR+Y	OK	OK+OR+Y	HERBAL	SETZEN · EINHEIT · POSTEN	ARBEITSGANG ANSETZEN · ARBEITSEINHEIT · PFLANZENPOSTEN	Setze die Arbeitseinheit und den Pflanzenposten im Arbeitsgang an.	SELF_CONTAINED_ARGUMENT	UNCHANGED_SELF_CONTAINED_RENDERER	3	1	0	NONE	NO	1	T	1	1	1	f13r	0	NONE	0	0	NONE	YES	COMPOSED_WORKING	NO	NO	NO	COMPOSED_WORKING_RETAINED__NO_SURFACE_OR_OCCURRENCE_PREDICTION
242	77	B_LOCAL_SINGLE_HEAD	ONE_EXACT_OTHER_ACTION_CELL_SAME_FRAME_REGISTER	G498-M403	@ACTION+OR+Y	P	P+OR+Y	BIOLOGICAL	EINSETZEN · EINHEIT · POSTEN	POSTEN EINSETZEN · STATIONSEINHEIT · STATIONSPOSTEN	Setze die Stationseinheit und den Stationsposten ein.	SELF_CONTAINED_ARGUMENT	UNCHANGED_SELF_CONTAINED_RENDERER	3	1	0	NONE	NO	1	R	1	1	1	f76r	0	NONE	0	0	NONE	YES	COMPOSED_WORKING	NO	NO	NO	COMPOSED_WORKING_RETAINED__NO_SURFACE_OR_OCCURRENCE_PREDICTION
243	78	B_LOCAL_SINGLE_HEAD	ONE_EXACT_OTHER_ACTION_CELL_SAME_FRAME_REGISTER	G498-M402	@ACTION+OR+Y	P	P+OR+Y	HERBAL	EINSETZEN · EINHEIT · POSTEN	MATERIAL EINSETZEN · ARBEITSEINHEIT · PFLANZENPOSTEN	Setze die Arbeitseinheit und den Pflanzenposten ein.	SELF_CONTAINED_ARGUMENT	UNCHANGED_SELF_CONTAINED_RENDERER	3	1	0	NONE	NO	1	T	1	1	1	f13r	0	NONE	0	0	NONE	YES	COMPOSED_WORKING	NO	NO	NO	COMPOSED_WORKING_RETAINED__NO_SURFACE_OR_OCCURRENCE_PREDICTION
244	79	B_LOCAL_SINGLE_HEAD	ONE_EXACT_OTHER_ACTION_CELL_SAME_FRAME_REGISTER	G498-M253	@ACTION+CH+E+Y	CHD	CHD+CH+E+Y	BIOLOGICAL	BEARBEITEN · NEHMEN · GRAD I · POSTEN	POSTEN BEARBEITEN · POSTEN ENTNEHMEN · GRAD I · STATIONSPOSTEN	Bearbeite den Stationsposten und entnimm den Stationsposten; auf Grad I.	SELF_CONTAINED_ARGUMENT	UNCHANGED_SELF_CONTAINED_RENDERER	4	2	0	NONE	NO	1	R	1	1	1	f82r	0	NONE	0	0	NONE	YES	COMPOSED_WORKING	NO	NO	NO	COMPOSED_WORKING_RETAINED__NO_SURFACE_OR_OCCURRENCE_PREDICTION
245	80	B_LOCAL_SINGLE_HEAD	ONE_EXACT_OTHER_ACTION_CELL_SAME_FRAME_REGISTER	G498-M251	@ACTION+CH+E+Y	CHD	CHD+CH+E+Y	SOURCE_SECTION_T	BEARBEITEN · NEHMEN · GRAD I · POSTEN	EINTRAG BEARBEITEN · ENTNEHMEN · GRAD I · LAUFENDER EINTRAG	Bearbeite den laufenden Eintrag und entnimm den laufenden Eintrag; auf Grad I.	SELF_CONTAINED_ARGUMENT	UNCHANGED_SELF_CONTAINED_RENDERER	4	2	0	NONE	NO	1	T	1	1	1	f1r	0	NONE	0	0	NONE	YES	COMPOSED_WORKING	NO	NO	NO	COMPOSED_WORKING_RETAINED__NO_SURFACE_OR_OCCURRENCE_PREDICTION
246	81	B_LOCAL_SINGLE_HEAD	ONE_EXACT_OTHER_ACTION_CELL_SAME_FRAME_REGISTER	G498-M268	@ACTION+CH+E+Y	P	P+CH+E+Y	BIOLOGICAL	EINSETZEN · NEHMEN · GRAD I · POSTEN	POSTEN EINSETZEN · POSTEN ENTNEHMEN · GRAD I · STATIONSPOSTEN	Setze den Stationsposten ein und entnimm den Stationsposten; auf Grad I.	SELF_CONTAINED_ARGUMENT	UNCHANGED_SELF_CONTAINED_RENDERER	4	2	0	NONE	NO	1	R	1	1	1	f82r	0	NONE	0	0	NONE	YES	COMPOSED_WORKING	NO	NO	NO	COMPOSED_WORKING_RETAINED__NO_SURFACE_OR_OCCURRENCE_PREDICTION
247	82	B_LOCAL_SINGLE_HEAD	ONE_EXACT_OTHER_ACTION_CELL_SAME_FRAME_REGISTER	G498-M266	@ACTION+CH+E+Y	P	P+CH+E+Y	SOURCE_SECTION_T	EINSETZEN · NEHMEN · GRAD I · POSTEN	IN EINTRAG EINSETZEN · ENTNEHMEN · GRAD I · LAUFENDER EINTRAG	Setze den laufenden Eintrag ein und entnimm den laufenden Eintrag; auf Grad I.	SELF_CONTAINED_ARGUMENT	UNCHANGED_SELF_CONTAINED_RENDERER	4	2	0	NONE	NO	1	T	1	1	1	f1r	0	NONE	0	0	NONE	YES	COMPOSED_WORKING	NO	NO	NO	COMPOSED_WORKING_RETAINED__NO_SURFACE_OR_OCCURRENCE_PREDICTION
248	83	B_LOCAL_SINGLE_HEAD	ONE_EXACT_OTHER_ACTION_CELL_SAME_FRAME_REGISTER	G498-M238	@ACTION+CH+E+Y	SH	SH+CH+E+Y	BIOLOGICAL	HALTEN · NEHMEN · GRAD I · POSTEN	POSTEN HALTEN · POSTEN ENTNEHMEN · GRAD I · STATIONSPOSTEN	Halte den Stationsposten und entnimm den Stationsposten; auf Grad I.	SELF_CONTAINED_ARGUMENT	UNCHANGED_SELF_CONTAINED_RENDERER	4	2	0	NONE	NO	1	R	1	1	1	f82r	0	NONE	0	0	NONE	YES	COMPOSED_WORKING	NO	NO	NO	COMPOSED_WORKING_RETAINED__NO_SURFACE_OR_OCCURRENCE_PREDICTION
249	84	B_LOCAL_SINGLE_HEAD	ONE_EXACT_OTHER_ACTION_CELL_SAME_FRAME_REGISTER	G498-M236	@ACTION+CH+E+Y	SH	SH+CH+E+Y	SOURCE_SECTION_T	HALTEN · NEHMEN · GRAD I · POSTEN	FESTHALTEN · ENTNEHMEN · GRAD I · LAUFENDER EINTRAG	Halte den laufenden Eintrag fest und entnimm den laufenden Eintrag; auf Grad I.	SELF_CONTAINED_ARGUMENT	UNCHANGED_SELF_CONTAINED_RENDERER	4	2	0	NONE	NO	1	T	1	1	1	f1r	0	NONE	0	0	NONE	YES	COMPOSED_WORKING	NO	NO	NO	COMPOSED_WORKING_RETAINED__NO_SURFACE_OR_OCCURRENCE_PREDICTION
250	85	B_LOCAL_SINGLE_HEAD	ONE_EXACT_OTHER_ACTION_CELL_SAME_FRAME_REGISTER	G498-M459	CH+@ACTION	CH	CH+CH	CELESTIAL	NEHMEN · NEHMEN	POSITION AUFNEHMEN · POSITION AUFNEHMEN	Nimm das zuvor Genannte auf und nimm es auf.	ACTIVE_ARGUMENT_REQUIRED	CONTEXT_NOUN_GENERALIZED	2	2	1	CH	YES	1	S	1	1	1	f72r	0	NONE	0	0	NONE	YES	COMPOSED_WORKING	NO	NO	NO	COMPOSED_WORKING_RETAINED__NO_SURFACE_OR_OCCURRENCE_PREDICTION
251	86	B_LOCAL_SINGLE_HEAD	ONE_EXACT_OTHER_ACTION_CELL_SAME_FRAME_REGISTER	G498-M457	CH+@ACTION	CH	CH+CH	HERBAL	NEHMEN · NEHMEN	PFLANZENTEIL NEHMEN · PFLANZENTEIL NEHMEN	Nimm das zuvor Genannte und nimm es.	ACTIVE_ARGUMENT_REQUIRED	CONTEXT_NOUN_GENERALIZED	2	2	1	CH	YES	1	T	1	1	1	f10r	0	NONE	0	0	NONE	YES	COMPOSED_WORKING	NO	NO	NO	COMPOSED_WORKING_RETAINED__NO_SURFACE_OR_OCCURRENCE_PREDICTION
252	87	B_LOCAL_SINGLE_HEAD	ONE_EXACT_OTHER_ACTION_CELL_SAME_FRAME_REGISTER	G498-M233	@ACTION+CH+E+Y	CH	CH+CH+E+Y	BIOLOGICAL	NEHMEN · NEHMEN · GRAD I · POSTEN	POSTEN ENTNEHMEN · POSTEN ENTNEHMEN · GRAD I · STATIONSPOSTEN	Entnimm den Stationsposten und entnimm den Stationsposten; auf Grad I.	SELF_CONTAINED_ARGUMENT	UNCHANGED_SELF_CONTAINED_RENDERER	4	2	1	CH	YES	1	R	1	1	1	f82r	0	NONE	0	0	NONE	YES	COMPOSED_WORKING	NO	NO	NO	COMPOSED_WORKING_RETAINED__NO_SURFACE_OR_OCCURRENCE_PREDICTION
253	88	B_LOCAL_SINGLE_HEAD	ONE_EXACT_OTHER_ACTION_CELL_SAME_FRAME_REGISTER	G498-M231	@ACTION+CH+E+Y	CH	CH+CH+E+Y	SOURCE_SECTION_T	NEHMEN · NEHMEN · GRAD I · POSTEN	ENTNEHMEN · ENTNEHMEN · GRAD I · LAUFENDER EINTRAG	Entnimm den laufenden Eintrag und entnimm den laufenden Eintrag; auf Grad I.	SELF_CONTAINED_ARGUMENT	UNCHANGED_SELF_CONTAINED_RENDERER	4	2	1	CH	YES	1	T	1	1	1	f1r	0	NONE	0	0	NONE	YES	COMPOSED_WORKING	NO	NO	NO	COMPOSED_WORKING_RETAINED__NO_SURFACE_OR_OCCURRENCE_PREDICTION
254	1	C_CROSS_REGISTER_SAME_ACTION	EXACT_SAME_ACTION_FRAME_IN_OTHER_REGISTER	G498-M182	@ACTION+AL+Y	OK	OK+AL+Y	HERBAL	SETZEN · ZIELORT · POSTEN	ARBEITSGANG ANSETZEN · ZIELSTELLE · PFLANZENPOSTEN	Setze den Pflanzenposten im Arbeitsgang an; zur Zielstelle.	SELF_CONTAINED_ARGUMENT	UNCHANGED_SELF_CONTAINED_RENDERER	3	1	0	NONE	NO	0	NONE	0	0	0	NONE	2	BIOLOGICAL|CELESTIAL	5	4	f72r|f76r|f77r|f82r	YES	COMPOSED_WORKING	NO	NO	NO	COMPOSED_WORKING_RETAINED__NO_SURFACE_OR_OCCURRENCE_PREDICTION
255	2	C_CROSS_REGISTER_SAME_ACTION	EXACT_SAME_ACTION_FRAME_IN_OTHER_REGISTER	G498-M181	@ACTION+AL+Y	OK	OK+AL+Y	SOURCE_SECTION_T	SETZEN · ZIELORT · POSTEN	EINTRAGEN · ZIELSPALTE · LAUFENDER EINTRAG	Trage den laufenden Eintrag ein; zur Zielspalte.	SELF_CONTAINED_ARGUMENT	UNCHANGED_SELF_CONTAINED_RENDERER	3	1	0	NONE	NO	0	NONE	0	0	0	NONE	2	BIOLOGICAL|CELESTIAL	5	4	f72r|f76r|f77r|f82r	YES	COMPOSED_WORKING	NO	NO	NO	COMPOSED_WORKING_RETAINED__NO_SURFACE_OR_OCCURRENCE_PREDICTION
256	3	C_CROSS_REGISTER_SAME_ACTION	EXACT_SAME_ACTION_FRAME_IN_OTHER_REGISTER	G498-M304	@ACTION+CHD+Y	T	T+CHD+Y	CELESTIAL	EINSTELLEN · BEARBEITEN · POSTEN	WERT EINSTELLEN · EINTRAG BEARBEITEN · POSITIONSPOSTEN	Stelle den Positionsposten ein und bearbeite den Positionsposten.	SELF_CONTAINED_ARGUMENT	UNCHANGED_SELF_CONTAINED	3	2	0	NONE	NO	0	NONE	0	0	0	NONE	2	HERBAL|BIOLOGICAL	5	3	f75r|f83r|f95v	YES	COMPOSED_WORKING	NO	NO	NO	COMPOSED_WORKING_RETAINED__NO_SURFACE_OR_OCCURRENCE_PREDICTION
257	4	C_CROSS_REGISTER_SAME_ACTION	EXACT_SAME_ACTION_FRAME_IN_OTHER_REGISTER	G498-M305	@ACTION+CHD+Y	T	T+CHD+Y	PHARMA	EINSTELLEN · BEARBEITEN · POSTEN	ANSATZWERT EINSTELLEN · ANSATZ BEARBEITEN · DROGENPOSTEN	Stelle den Drogenposten ein und bearbeite den Drogenposten.	SELF_CONTAINED_ARGUMENT	UNCHANGED_SELF_CONTAINED	3	2	0	NONE	NO	0	NONE	0	0	0	NONE	2	HERBAL|BIOLOGICAL	5	3	f75r|f83r|f95v	YES	COMPOSED_WORKING	NO	NO	NO	COMPOSED_WORKING_RETAINED__NO_SURFACE_OR_OCCURRENCE_PREDICTION
258	5	C_CROSS_REGISTER_SAME_ACTION	EXACT_SAME_ACTION_FRAME_IN_OTHER_REGISTER	G498-M301	@ACTION+CHD+Y	T	T+CHD+Y	SOURCE_SECTION_T	EINSTELLEN · BEARBEITEN · POSTEN	FESTLEGEN · EINTRAG BEARBEITEN · LAUFENDER EINTRAG	Lege den laufenden Eintrag fest und bearbeite den laufenden Eintrag.	SELF_CONTAINED_ARGUMENT	UNCHANGED_SELF_CONTAINED	3	2	0	NONE	NO	0	NONE	0	0	0	NONE	2	HERBAL|BIOLOGICAL	5	3	f75r|f83r|f95v	YES	COMPOSED_WORKING	NO	NO	NO	COMPOSED_WORKING_RETAINED__NO_SURFACE_OR_OCCURRENCE_PREDICTION
259	6	C_CROSS_REGISTER_SAME_ACTION	EXACT_SAME_ACTION_FRAME_IN_OTHER_REGISTER	G498-M187	@ACTION+AL+Y	CH	CH+AL+Y	HERBAL	NEHMEN · ZIELORT · POSTEN	PFLANZENTEIL NEHMEN · ZIELSTELLE · PFLANZENPOSTEN	Nimm den Pflanzenposten; zur Zielstelle.	SELF_CONTAINED_ARGUMENT	UNCHANGED_SELF_CONTAINED_RENDERER	3	1	0	NONE	NO	0	NONE	0	0	0	NONE	2	BIOLOGICAL|PHARMA	3	3	f76r|f88v|f89r	YES	COMPOSED_WORKING	NO	NO	NO	COMPOSED_WORKING_RETAINED__NO_SURFACE_OR_OCCURRENCE_PREDICTION
260	7	C_CROSS_REGISTER_SAME_ACTION	EXACT_SAME_ACTION_FRAME_IN_OTHER_REGISTER	G498-M186	@ACTION+AL+Y	CH	CH+AL+Y	SOURCE_SECTION_T	NEHMEN · ZIELORT · POSTEN	ENTNEHMEN · ZIELSPALTE · LAUFENDER EINTRAG	Entnimm den laufenden Eintrag; zur Zielspalte.	SELF_CONTAINED_ARGUMENT	UNCHANGED_SELF_CONTAINED_RENDERER	3	1	0	NONE	NO	0	NONE	0	0	0	NONE	2	BIOLOGICAL|PHARMA	3	3	f76r|f88v|f89r	YES	COMPOSED_WORKING	NO	NO	NO	COMPOSED_WORKING_RETAINED__NO_SURFACE_OR_OCCURRENCE_PREDICTION
261	8	C_CROSS_REGISTER_SAME_ACTION	EXACT_SAME_ACTION_FRAME_IN_OTHER_REGISTER	G498-M274	@ACTION+CHD+Y	OK	OK+CHD+Y	CELESTIAL	SETZEN · BEARBEITEN · POSTEN	POSITION SETZEN · EINTRAG BEARBEITEN · POSITIONSPOSTEN	Setze den Positionsposten und bearbeite den Positionsposten.	SELF_CONTAINED_ARGUMENT	UNCHANGED_SELF_CONTAINED_RENDERER	3	2	0	NONE	NO	0	NONE	0	0	0	NONE	1	BIOLOGICAL	4	2	f81r|f83r	YES	COMPOSED_WORKING	NO	NO	NO	COMPOSED_WORKING_RETAINED__NO_SURFACE_OR_OCCURRENCE_PREDICTION
262	9	C_CROSS_REGISTER_SAME_ACTION	EXACT_SAME_ACTION_FRAME_IN_OTHER_REGISTER	G498-M275	@ACTION+CHD+Y	OK	OK+CHD+Y	PHARMA	SETZEN · BEARBEITEN · POSTEN	ANSATZ ANSETZEN · ANSATZ BEARBEITEN · DROGENPOSTEN	Setze den Drogenposten als Ansatz an und bearbeite den Drogenposten.	SELF_CONTAINED_ARGUMENT	UNCHANGED_SELF_CONTAINED_RENDERER	3	2	0	NONE	NO	0	NONE	0	0	0	NONE	1	BIOLOGICAL	4	2	f81r|f83r	YES	COMPOSED_WORKING	NO	NO	NO	COMPOSED_WORKING_RETAINED__NO_SURFACE_OR_OCCURRENCE_PREDICTION
263	10	C_CROSS_REGISTER_SAME_ACTION	EXACT_SAME_ACTION_FRAME_IN_OTHER_REGISTER	G498-M271	@ACTION+CHD+Y	OK	OK+CHD+Y	SOURCE_SECTION_T	SETZEN · BEARBEITEN · POSTEN	EINTRAGEN · EINTRAG BEARBEITEN · LAUFENDER EINTRAG	Trage den laufenden Eintrag ein und bearbeite den laufenden Eintrag.	SELF_CONTAINED_ARGUMENT	UNCHANGED_SELF_CONTAINED_RENDERER	3	2	0	NONE	NO	0	NONE	0	0	0	NONE	1	BIOLOGICAL	4	2	f81r|f83r	YES	COMPOSED_WORKING	NO	NO	NO	COMPOSED_WORKING_RETAINED__NO_SURFACE_OR_OCCURRENCE_PREDICTION
264	11	C_CROSS_REGISTER_SAME_ACTION	EXACT_SAME_ACTION_FRAME_IN_OTHER_REGISTER	G498-M289	@ACTION+CHD+Y	K	K+CHD+Y	CELESTIAL	GEBEN · BEARBEITEN · POSTEN	WERT ZUORDNEN · EINTRAG BEARBEITEN · POSITIONSPOSTEN	Ordne den Positionsposten zu und bearbeite den Positionsposten.	SELF_CONTAINED_ARGUMENT	UNCHANGED_SELF_CONTAINED_RENDERER	3	2	0	NONE	NO	0	NONE	0	0	0	NONE	1	HERBAL	2	2	f55v|f95v	YES	COMPOSED_WORKING	NO	NO	NO	COMPOSED_WORKING_RETAINED__NO_SURFACE_OR_OCCURRENCE_PREDICTION
265	12	C_CROSS_REGISTER_SAME_ACTION	EXACT_SAME_ACTION_FRAME_IN_OTHER_REGISTER	G498-M290	@ACTION+CHD+Y	K	K+CHD+Y	PHARMA	GEBEN · BEARBEITEN · POSTEN	ZUTAT ZUGEBEN · ANSATZ BEARBEITEN · DROGENPOSTEN	Gib den Drogenposten zu und bearbeite den Drogenposten.	SELF_CONTAINED_ARGUMENT	UNCHANGED_SELF_CONTAINED_RENDERER	3	2	0	NONE	NO	0	NONE	0	0	0	NONE	1	HERBAL	2	2	f55v|f95v	YES	COMPOSED_WORKING	NO	NO	NO	COMPOSED_WORKING_RETAINED__NO_SURFACE_OR_OCCURRENCE_PREDICTION
266	13	C_CROSS_REGISTER_SAME_ACTION	EXACT_SAME_ACTION_FRAME_IN_OTHER_REGISTER	G498-M286	@ACTION+CHD+Y	K	K+CHD+Y	SOURCE_SECTION_T	GEBEN · BEARBEITEN · POSTEN	ZUORDNEN · EINTRAG BEARBEITEN · LAUFENDER EINTRAG	Ordne den laufenden Eintrag zu und bearbeite den laufenden Eintrag.	SELF_CONTAINED_ARGUMENT	UNCHANGED_SELF_CONTAINED_RENDERER	3	2	0	NONE	NO	0	NONE	0	0	0	NONE	1	HERBAL	2	2	f55v|f95v	YES	COMPOSED_WORKING	NO	NO	NO	COMPOSED_WORKING_RETAINED__NO_SURFACE_OR_OCCURRENCE_PREDICTION
267	14	C_CROSS_REGISTER_SAME_ACTION	EXACT_SAME_ACTION_FRAME_IN_OTHER_REGISTER	G498-M309	@ACTION+CHD+Y	R	R+CHD+Y	CELESTIAL	MARKIEREN · BEARBEITEN · POSTEN	POSITION MARKIEREN · EINTRAG BEARBEITEN · POSITIONSPOSTEN	Markiere den Positionsposten und bearbeite den Positionsposten.	SELF_CONTAINED_ARGUMENT	UNCHANGED_SELF_CONTAINED	3	2	0	NONE	NO	0	NONE	0	0	0	NONE	1	BIOLOGICAL	2	2	f82r|f83r	YES	COMPOSED_WORKING	NO	NO	NO	COMPOSED_WORKING_RETAINED__NO_SURFACE_OR_OCCURRENCE_PREDICTION
268	15	C_CROSS_REGISTER_SAME_ACTION	EXACT_SAME_ACTION_FRAME_IN_OTHER_REGISTER	G498-M310	@ACTION+CHD+Y	R	R+CHD+Y	PHARMA	MARKIEREN · BEARBEITEN · POSTEN	POSTEN MARKIEREN · ANSATZ BEARBEITEN · DROGENPOSTEN	Markiere den Drogenposten und bearbeite den Drogenposten.	SELF_CONTAINED_ARGUMENT	UNCHANGED_SELF_CONTAINED	3	2	0	NONE	NO	0	NONE	0	0	0	NONE	1	BIOLOGICAL	2	2	f82r|f83r	YES	COMPOSED_WORKING	NO	NO	NO	COMPOSED_WORKING_RETAINED__NO_SURFACE_OR_OCCURRENCE_PREDICTION
269	16	C_CROSS_REGISTER_SAME_ACTION	EXACT_SAME_ACTION_FRAME_IN_OTHER_REGISTER	G498-M306	@ACTION+CHD+Y	R	R+CHD+Y	SOURCE_SECTION_T	MARKIEREN · BEARBEITEN · POSTEN	KENNZEICHNEN · EINTRAG BEARBEITEN · LAUFENDER EINTRAG	Kennzeichne den laufenden Eintrag und bearbeite den laufenden Eintrag.	SELF_CONTAINED_ARGUMENT	UNCHANGED_SELF_CONTAINED	3	2	0	NONE	NO	0	NONE	0	0	0	NONE	1	BIOLOGICAL	2	2	f82r|f83r	YES	COMPOSED_WORKING	NO	NO	NO	COMPOSED_WORKING_RETAINED__NO_SURFACE_OR_OCCURRENCE_PREDICTION
270	17	C_CROSS_REGISTER_SAME_ACTION	EXACT_SAME_ACTION_FRAME_IN_OTHER_REGISTER	G498-M470	CH+@ACTION	K	CH+K	PHARMA	NEHMEN · GEBEN	DROGENPOSTEN NEHMEN · ZUTAT ZUGEBEN	Nimm das zuvor Genannte und gib es zu.	ACTIVE_ARGUMENT_REQUIRED	CONTEXT_NOUN_GENERALIZED	2	2	0	NONE	NO	0	NONE	0	0	0	NONE	1	BIOLOGICAL	1	1	f76r	YES	COMPOSED_WORKING	NO	NO	NO	COMPOSED_WORKING_RETAINED__NO_SURFACE_OR_OCCURRENCE_PREDICTION
271	18	C_CROSS_REGISTER_SAME_ACTION	EXACT_SAME_ACTION_FRAME_IN_OTHER_REGISTER	G498-M466	CH+@ACTION	K	CH+K	SOURCE_SECTION_T	NEHMEN · GEBEN	ENTNEHMEN · ZUORDNEN	Entnimm das zuvor Genannte und ordne es zu.	ACTIVE_ARGUMENT_REQUIRED	CONTEXT_NOUN_GENERALIZED	2	2	0	NONE	NO	0	NONE	0	0	0	NONE	1	BIOLOGICAL	1	1	f76r	YES	COMPOSED_WORKING	NO	NO	NO	COMPOSED_WORKING_RETAINED__NO_SURFACE_OR_OCCURRENCE_PREDICTION
272	19	C_CROSS_REGISTER_SAME_ACTION	EXACT_SAME_ACTION_FRAME_IN_OTHER_REGISTER	G498-M490	CH+@ACTION	R	CH+R	PHARMA	NEHMEN · MARKIEREN	DROGENPOSTEN NEHMEN · POSTEN MARKIEREN	Nimm das zuvor Genannte und markiere es.	ACTIVE_ARGUMENT_REQUIRED	COMPOSED_CONTEXT_NOUN_GENERALIZED	2	2	0	NONE	NO	0	NONE	0	0	0	NONE	1	BIOLOGICAL	1	1	f77r	YES	COMPOSED_WORKING	NO	NO	NO	COMPOSED_WORKING_RETAINED__NO_SURFACE_OR_OCCURRENCE_PREDICTION
273	20	C_CROSS_REGISTER_SAME_ACTION	EXACT_SAME_ACTION_FRAME_IN_OTHER_REGISTER	G498-M486	CH+@ACTION	R	CH+R	SOURCE_SECTION_T	NEHMEN · MARKIEREN	ENTNEHMEN · KENNZEICHNEN	Entnimm das zuvor Genannte und kennzeichne es.	ACTIVE_ARGUMENT_REQUIRED	COMPOSED_CONTEXT_NOUN_GENERALIZED	2	2	0	NONE	NO	0	NONE	0	0	0	NONE	1	BIOLOGICAL	1	1	f77r	YES	COMPOSED_WORKING	NO	NO	NO	COMPOSED_WORKING_RETAINED__NO_SURFACE_OR_OCCURRENCE_PREDICTION
274	21	C_CROSS_REGISTER_SAME_ACTION	EXACT_SAME_ACTION_FRAME_IN_OTHER_REGISTER	G498-M475	CH+@ACTION	S	CH+S	PHARMA	NEHMEN · WÄHLEN	DROGENPOSTEN NEHMEN · DROGENPOSTEN WÄHLEN	Nimm das zuvor Genannte und wähle es.	ACTIVE_ARGUMENT_REQUIRED	CONTEXT_NOUN_GENERALIZED	2	2	0	NONE	NO	0	NONE	0	0	0	NONE	1	CELESTIAL	1	1	f72r	YES	COMPOSED_WORKING	NO	NO	NO	COMPOSED_WORKING_RETAINED__NO_SURFACE_OR_OCCURRENCE_PREDICTION
275	22	C_CROSS_REGISTER_SAME_ACTION	EXACT_SAME_ACTION_FRAME_IN_OTHER_REGISTER	G498-M471	CH+@ACTION	S	CH+S	SOURCE_SECTION_T	NEHMEN · WÄHLEN	ENTNEHMEN · AUSWÄHLEN	Entnimm das zuvor Genannte und wähle es.	ACTIVE_ARGUMENT_REQUIRED	CONTEXT_NOUN_GENERALIZED	2	2	0	NONE	NO	0	NONE	0	0	0	NONE	1	CELESTIAL	1	1	f72r	YES	COMPOSED_WORKING	NO	NO	NO	COMPOSED_WORKING_RETAINED__NO_SURFACE_OR_OCCURRENCE_PREDICTION
276	23	C_CROSS_REGISTER_SAME_ACTION	EXACT_SAME_ACTION_FRAME_IN_OTHER_REGISTER	G498-M485	CH+@ACTION	T	CH+T	PHARMA	NEHMEN · EINSTELLEN	DROGENPOSTEN NEHMEN · ANSATZWERT EINSTELLEN	Nimm das zuvor Genannte und stelle es ein.	ACTIVE_ARGUMENT_REQUIRED	COMPOSED_CONTEXT_NOUN_GENERALIZED	2	2	0	NONE	NO	0	NONE	0	0	0	NONE	1	HERBAL	1	1	f10r	YES	COMPOSED_WORKING	NO	NO	NO	COMPOSED_WORKING_RETAINED__NO_SURFACE_OR_OCCURRENCE_PREDICTION
277	24	C_CROSS_REGISTER_SAME_ACTION	EXACT_SAME_ACTION_FRAME_IN_OTHER_REGISTER	G498-M481	CH+@ACTION	T	CH+T	SOURCE_SECTION_T	NEHMEN · EINSTELLEN	ENTNEHMEN · FESTLEGEN	Entnimm das zuvor Genannte und lege es fest.	ACTIVE_ARGUMENT_REQUIRED	COMPOSED_CONTEXT_NOUN_GENERALIZED	2	2	0	NONE	NO	0	NONE	0	0	0	NONE	1	HERBAL	1	1	f10r	YES	COMPOSED_WORKING	NO	NO	NO	COMPOSED_WORKING_RETAINED__NO_SURFACE_OR_OCCURRENCE_PREDICTION
278	25	C_CROSS_REGISTER_SAME_ACTION	EXACT_SAME_ACTION_FRAME_IN_OTHER_REGISTER	G498-M314	@ACTION+CHD+Y	P	P+CHD+Y	CELESTIAL	EINSETZEN · BEARBEITEN · POSTEN	EINTRAG EINSETZEN · EINTRAG BEARBEITEN · POSITIONSPOSTEN	Setze den Positionsposten ein und bearbeite den Positionsposten.	SELF_CONTAINED_ARGUMENT	UNCHANGED_SELF_CONTAINED_RENDERER	3	2	0	NONE	NO	0	NONE	0	0	0	NONE	1	BIOLOGICAL	1	1	f81v	YES	COMPOSED_WORKING	NO	NO	NO	COMPOSED_WORKING_RETAINED__NO_SURFACE_OR_OCCURRENCE_PREDICTION
279	26	C_CROSS_REGISTER_SAME_ACTION	EXACT_SAME_ACTION_FRAME_IN_OTHER_REGISTER	G498-M315	@ACTION+CHD+Y	P	P+CHD+Y	PHARMA	EINSETZEN · BEARBEITEN · POSTEN	ZUTAT EINSETZEN · ANSATZ BEARBEITEN · DROGENPOSTEN	Setze den Drogenposten ein und bearbeite den Drogenposten.	SELF_CONTAINED_ARGUMENT	UNCHANGED_SELF_CONTAINED_RENDERER	3	2	0	NONE	NO	0	NONE	0	0	0	NONE	1	BIOLOGICAL	1	1	f81v	YES	COMPOSED_WORKING	NO	NO	NO	COMPOSED_WORKING_RETAINED__NO_SURFACE_OR_OCCURRENCE_PREDICTION
280	27	C_CROSS_REGISTER_SAME_ACTION	EXACT_SAME_ACTION_FRAME_IN_OTHER_REGISTER	G498-M311	@ACTION+CHD+Y	P	P+CHD+Y	SOURCE_SECTION_T	EINSETZEN · BEARBEITEN · POSTEN	IN EINTRAG EINSETZEN · EINTRAG BEARBEITEN · LAUFENDER EINTRAG	Setze den laufenden Eintrag ein und bearbeite den laufenden Eintrag.	SELF_CONTAINED_ARGUMENT	UNCHANGED_SELF_CONTAINED_RENDERER	3	2	0	NONE	NO	0	NONE	0	0	0	NONE	1	BIOLOGICAL	1	1	f81v	YES	COMPOSED_WORKING	NO	NO	NO	COMPOSED_WORKING_RETAINED__NO_SURFACE_OR_OCCURRENCE_PREDICTION
281	28	C_CROSS_REGISTER_SAME_ACTION	EXACT_SAME_ACTION_FRAME_IN_OTHER_REGISTER	G498-M217	@ACTION+AL+Y	R	R+AL+Y	HERBAL	MARKIEREN · ZIELORT · POSTEN	TEIL MARKIEREN · ZIELSTELLE · PFLANZENPOSTEN	Markiere den Pflanzenposten; zur Zielstelle.	SELF_CONTAINED_ARGUMENT	UNCHANGED_SELF_CONTAINED	3	1	0	NONE	NO	0	NONE	0	0	0	NONE	1	BIOLOGICAL	1	1	f83r	YES	COMPOSED_WORKING	NO	NO	NO	COMPOSED_WORKING_RETAINED__NO_SURFACE_OR_OCCURRENCE_PREDICTION
282	29	C_CROSS_REGISTER_SAME_ACTION	EXACT_SAME_ACTION_FRAME_IN_OTHER_REGISTER	G498-M216	@ACTION+AL+Y	R	R+AL+Y	SOURCE_SECTION_T	MARKIEREN · ZIELORT · POSTEN	KENNZEICHNEN · ZIELSPALTE · LAUFENDER EINTRAG	Kennzeichne den laufenden Eintrag; zur Zielspalte.	SELF_CONTAINED_ARGUMENT	UNCHANGED_SELF_CONTAINED	3	1	0	NONE	NO	0	NONE	0	0	0	NONE	1	BIOLOGICAL	1	1	f83r	YES	COMPOSED_WORKING	NO	NO	NO	COMPOSED_WORKING_RETAINED__NO_SURFACE_OR_OCCURRENCE_PREDICTION
283	30	C_CROSS_REGISTER_SAME_ACTION	EXACT_SAME_ACTION_FRAME_IN_OTHER_REGISTER	G498-M399	@ACTION+OR+Y	R	R+OR+Y	CELESTIAL	MARKIEREN · EINHEIT · POSTEN	POSITION MARKIEREN · POSITIONSEINHEIT · POSITIONSPOSTEN	Markiere die Positionseinheit und den Positionsposten.	SELF_CONTAINED_ARGUMENT	UNCHANGED_SELF_CONTAINED	3	1	0	NONE	NO	0	NONE	0	0	0	NONE	1	BIOLOGICAL	1	1	f76r	YES	COMPOSED_WORKING	NO	NO	NO	COMPOSED_WORKING_RETAINED__NO_SURFACE_OR_OCCURRENCE_PREDICTION
284	31	C_CROSS_REGISTER_SAME_ACTION	EXACT_SAME_ACTION_FRAME_IN_OTHER_REGISTER	G498-M400	@ACTION+OR+Y	R	R+OR+Y	PHARMA	MARKIEREN · EINHEIT · POSTEN	POSTEN MARKIEREN · ANSATZEINHEIT · DROGENPOSTEN	Markiere die Ansatzeinheit und den Drogenposten.	SELF_CONTAINED_ARGUMENT	UNCHANGED_SELF_CONTAINED	3	1	0	NONE	NO	0	NONE	0	0	0	NONE	1	BIOLOGICAL	1	1	f76r	YES	COMPOSED_WORKING	NO	NO	NO	COMPOSED_WORKING_RETAINED__NO_SURFACE_OR_OCCURRENCE_PREDICTION
285	32	C_CROSS_REGISTER_SAME_ACTION	EXACT_SAME_ACTION_FRAME_IN_OTHER_REGISTER	G498-M384	@ACTION+OR+Y	S	S+OR+Y	CELESTIAL	WÄHLEN · EINHEIT · POSTEN	POSITION WÄHLEN · POSITIONSEINHEIT · POSITIONSPOSTEN	Wähle die Positionseinheit und den Positionsposten.	SELF_CONTAINED_ARGUMENT	UNCHANGED_SELF_CONTAINED_RENDERER	3	1	0	NONE	NO	0	NONE	0	0	0	NONE	1	SOURCE_SECTION_T	1	1	f1r	YES	COMPOSED_WORKING	NO	NO	NO	COMPOSED_WORKING_RETAINED__NO_SURFACE_OR_OCCURRENCE_PREDICTION
286	33	C_CROSS_REGISTER_SAME_ACTION	EXACT_SAME_ACTION_FRAME_IN_OTHER_REGISTER	G498-M385	@ACTION+OR+Y	S	S+OR+Y	PHARMA	WÄHLEN · EINHEIT · POSTEN	DROGENPOSTEN WÄHLEN · ANSATZEINHEIT · DROGENPOSTEN	Wähle die Ansatzeinheit und den Drogenposten.	SELF_CONTAINED_ARGUMENT	UNCHANGED_SELF_CONTAINED_RENDERER	3	1	0	NONE	NO	0	NONE	0	0	0	NONE	1	SOURCE_SECTION_T	1	1	f1r	YES	COMPOSED_WORKING	NO	NO	NO	COMPOSED_WORKING_RETAINED__NO_SURFACE_OR_OCCURRENCE_PREDICTION
287	34	C_CROSS_REGISTER_SAME_ACTION	EXACT_SAME_ACTION_FRAME_IN_OTHER_REGISTER	G498-M374	@ACTION+OR+Y	SH	SH+OR+Y	CELESTIAL	HALTEN · EINHEIT · POSTEN	POSITION HALTEN · POSITIONSEINHEIT · POSITIONSPOSTEN	Halte die Positionseinheit und den Positionsposten.	SELF_CONTAINED_ARGUMENT	UNCHANGED_SELF_CONTAINED_RENDERER	3	1	0	NONE	NO	0	NONE	0	0	0	NONE	1	SOURCE_SECTION_T	1	1	f1r	YES	COMPOSED_WORKING	NO	NO	NO	COMPOSED_WORKING_RETAINED__NO_SURFACE_OR_OCCURRENCE_PREDICTION
288	35	C_CROSS_REGISTER_SAME_ACTION	EXACT_SAME_ACTION_FRAME_IN_OTHER_REGISTER	G498-M375	@ACTION+OR+Y	SH	SH+OR+Y	PHARMA	HALTEN · EINHEIT · POSTEN	ANSATZ HALTEN · ANSATZEINHEIT · DROGENPOSTEN	Halte die Ansatzeinheit und den Drogenposten.	SELF_CONTAINED_ARGUMENT	UNCHANGED_SELF_CONTAINED_RENDERER	3	1	0	NONE	NO	0	NONE	0	0	0	NONE	1	SOURCE_SECTION_T	1	1	f1r	YES	COMPOSED_WORKING	NO	NO	NO	COMPOSED_WORKING_RETAINED__NO_SURFACE_OR_OCCURRENCE_PREDICTION
289	36	C_CROSS_REGISTER_SAME_ACTION	EXACT_SAME_ACTION_FRAME_IN_OTHER_REGISTER	G498-M212	@ACTION+AL+Y	T	T+AL+Y	HERBAL	EINSTELLEN · ZIELORT · POSTEN	ARBEITSSTUFE EINSTELLEN · ZIELSTELLE · PFLANZENPOSTEN	Stelle den Pflanzenposten ein; zur Zielstelle.	SELF_CONTAINED_ARGUMENT	UNCHANGED_SELF_CONTAINED	3	1	0	NONE	NO	0	NONE	0	0	0	NONE	1	CELESTIAL	1	1	f72r	YES	COMPOSED_WORKING	NO	NO	NO	COMPOSED_WORKING_RETAINED__NO_SURFACE_OR_OCCURRENCE_PREDICTION
290	37	C_CROSS_REGISTER_SAME_ACTION	EXACT_SAME_ACTION_FRAME_IN_OTHER_REGISTER	G498-M211	@ACTION+AL+Y	T	T+AL+Y	SOURCE_SECTION_T	EINSTELLEN · ZIELORT · POSTEN	FESTLEGEN · ZIELSPALTE · LAUFENDER EINTRAG	Lege den laufenden Eintrag fest; zur Zielspalte.	SELF_CONTAINED_ARGUMENT	UNCHANGED_SELF_CONTAINED	3	1	0	NONE	NO	0	NONE	0	0	0	NONE	1	CELESTIAL	1	1	f72r	YES	COMPOSED_WORKING	NO	NO	NO	COMPOSED_WORKING_RETAINED__NO_SURFACE_OR_OCCURRENCE_PREDICTION
291	38	C_CROSS_REGISTER_SAME_ACTION	EXACT_SAME_ACTION_FRAME_IN_OTHER_REGISTER	G498-M394	@ACTION+OR+Y	T	T+OR+Y	CELESTIAL	EINSTELLEN · EINHEIT · POSTEN	WERT EINSTELLEN · POSITIONSEINHEIT · POSITIONSPOSTEN	Stelle die Positionseinheit und den Positionsposten ein.	SELF_CONTAINED_ARGUMENT	UNCHANGED_SELF_CONTAINED	3	1	0	NONE	NO	0	NONE	0	0	0	NONE	1	HERBAL	1	1	f13r	YES	COMPOSED_WORKING	NO	NO	NO	COMPOSED_WORKING_RETAINED__NO_SURFACE_OR_OCCURRENCE_PREDICTION
292	39	C_CROSS_REGISTER_SAME_ACTION	EXACT_SAME_ACTION_FRAME_IN_OTHER_REGISTER	G498-M395	@ACTION+OR+Y	T	T+OR+Y	PHARMA	EINSTELLEN · EINHEIT · POSTEN	ANSATZWERT EINSTELLEN · ANSATZEINHEIT · DROGENPOSTEN	Stelle die Ansatzeinheit und den Drogenposten ein.	SELF_CONTAINED_ARGUMENT	UNCHANGED_SELF_CONTAINED	3	1	0	NONE	NO	0	NONE	0	0	0	NONE	1	HERBAL	1	1	f13r	YES	COMPOSED_WORKING	NO	NO	NO	COMPOSED_WORKING_RETAINED__NO_SURFACE_OR_OCCURRENCE_PREDICTION
293	40	C_CROSS_REGISTER_SAME_ACTION	EXACT_SAME_ACTION_FRAME_IN_OTHER_REGISTER	G498-M244	@ACTION+CH+E+Y	K	K+CH+E+Y	CELESTIAL	GEBEN · NEHMEN · GRAD I · POSTEN	WERT ZUORDNEN · POSITION AUFNEHMEN · GRAD I · POSITIONSPOSTEN	Ordne den Positionsposten zu und nimm den Positionsposten auf; auf Grad I.	SELF_CONTAINED_ARGUMENT	UNCHANGED_SELF_CONTAINED_RENDERER	4	2	0	NONE	NO	0	NONE	0	0	0	NONE	1	HERBAL	1	1	f56r	YES	COMPOSED_WORKING	NO	NO	NO	COMPOSED_WORKING_RETAINED__NO_SURFACE_OR_OCCURRENCE_PREDICTION
294	41	C_CROSS_REGISTER_SAME_ACTION	EXACT_SAME_ACTION_FRAME_IN_OTHER_REGISTER	G498-M245	@ACTION+CH+E+Y	K	K+CH+E+Y	PHARMA	GEBEN · NEHMEN · GRAD I · POSTEN	ZUTAT ZUGEBEN · DROGENPOSTEN NEHMEN · GRAD I · DROGENPOSTEN	Gib den Drogenposten zu und nimm den Drogenposten; auf Grad I.	SELF_CONTAINED_ARGUMENT	UNCHANGED_SELF_CONTAINED_RENDERER	4	2	0	NONE	NO	0	NONE	0	0	0	NONE	1	HERBAL	1	1	f56r	YES	COMPOSED_WORKING	NO	NO	NO	COMPOSED_WORKING_RETAINED__NO_SURFACE_OR_OCCURRENCE_PREDICTION
295	42	C_CROSS_REGISTER_SAME_ACTION	EXACT_SAME_ACTION_FRAME_IN_OTHER_REGISTER	G498-M229	@ACTION+CH+E+Y	OK	OK+CH+E+Y	CELESTIAL	SETZEN · NEHMEN · GRAD I · POSTEN	POSITION SETZEN · POSITION AUFNEHMEN · GRAD I · POSITIONSPOSTEN	Setze den Positionsposten und nimm den Positionsposten auf; auf Grad I.	SELF_CONTAINED_ARGUMENT	UNCHANGED_SELF_CONTAINED_RENDERER	4	2	0	NONE	NO	0	NONE	0	0	0	NONE	1	HERBAL	1	1	f56r	YES	COMPOSED_WORKING	NO	NO	NO	COMPOSED_WORKING_RETAINED__NO_SURFACE_OR_OCCURRENCE_PREDICTION
296	43	C_CROSS_REGISTER_SAME_ACTION	EXACT_SAME_ACTION_FRAME_IN_OTHER_REGISTER	G498-M230	@ACTION+CH+E+Y	OK	OK+CH+E+Y	PHARMA	SETZEN · NEHMEN · GRAD I · POSTEN	ANSATZ ANSETZEN · DROGENPOSTEN NEHMEN · GRAD I · DROGENPOSTEN	Setze den Drogenposten als Ansatz an und nimm den Drogenposten; auf Grad I.	SELF_CONTAINED_ARGUMENT	UNCHANGED_SELF_CONTAINED_RENDERER	4	2	0	NONE	NO	0	NONE	0	0	0	NONE	1	HERBAL	1	1	f56r	YES	COMPOSED_WORKING	NO	NO	NO	COMPOSED_WORKING_RETAINED__NO_SURFACE_OR_OCCURRENCE_PREDICTION
297	44	C_CROSS_REGISTER_SAME_ACTION	EXACT_SAME_ACTION_FRAME_IN_OTHER_REGISTER	G498-M264	@ACTION+CH+E+Y	R	R+CH+E+Y	CELESTIAL	MARKIEREN · NEHMEN · GRAD I · POSTEN	POSITION MARKIEREN · POSITION AUFNEHMEN · GRAD I · POSITIONSPOSTEN	Markiere den Positionsposten und nimm den Positionsposten auf; auf Grad I.	SELF_CONTAINED_ARGUMENT	UNCHANGED_SELF_CONTAINED	4	2	0	NONE	NO	0	NONE	0	0	0	NONE	1	BIOLOGICAL	1	1	f82r	YES	COMPOSED_WORKING	NO	NO	NO	COMPOSED_WORKING_RETAINED__NO_SURFACE_OR_OCCURRENCE_PREDICTION
298	45	C_CROSS_REGISTER_SAME_ACTION	EXACT_SAME_ACTION_FRAME_IN_OTHER_REGISTER	G498-M265	@ACTION+CH+E+Y	R	R+CH+E+Y	PHARMA	MARKIEREN · NEHMEN · GRAD I · POSTEN	POSTEN MARKIEREN · DROGENPOSTEN NEHMEN · GRAD I · DROGENPOSTEN	Markiere den Drogenposten und nimm den Drogenposten; auf Grad I.	SELF_CONTAINED_ARGUMENT	UNCHANGED_SELF_CONTAINED	4	2	0	NONE	NO	0	NONE	0	0	0	NONE	1	BIOLOGICAL	1	1	f82r	YES	COMPOSED_WORKING	NO	NO	NO	COMPOSED_WORKING_RETAINED__NO_SURFACE_OR_OCCURRENCE_PREDICTION
299	46	C_CROSS_REGISTER_SAME_ACTION	EXACT_SAME_ACTION_FRAME_IN_OTHER_REGISTER	G498-M249	@ACTION+CH+E+Y	S	S+CH+E+Y	CELESTIAL	WÄHLEN · NEHMEN · GRAD I · POSTEN	POSITION WÄHLEN · POSITION AUFNEHMEN · GRAD I · POSITIONSPOSTEN	Wähle den Positionsposten und nimm den Positionsposten auf; auf Grad I.	SELF_CONTAINED_ARGUMENT	UNCHANGED_SELF_CONTAINED_RENDERER	4	2	0	NONE	NO	0	NONE	0	0	0	NONE	1	HERBAL	1	1	f56r	YES	COMPOSED_WORKING	NO	NO	NO	COMPOSED_WORKING_RETAINED__NO_SURFACE_OR_OCCURRENCE_PREDICTION
300	47	C_CROSS_REGISTER_SAME_ACTION	EXACT_SAME_ACTION_FRAME_IN_OTHER_REGISTER	G498-M250	@ACTION+CH+E+Y	S	S+CH+E+Y	PHARMA	WÄHLEN · NEHMEN · GRAD I · POSTEN	DROGENPOSTEN WÄHLEN · DROGENPOSTEN NEHMEN · GRAD I · DROGENPOSTEN	Wähle den Drogenposten und nimm den Drogenposten; auf Grad I.	SELF_CONTAINED_ARGUMENT	UNCHANGED_SELF_CONTAINED_RENDERER	4	2	0	NONE	NO	0	NONE	0	0	0	NONE	1	HERBAL	1	1	f56r	YES	COMPOSED_WORKING	NO	NO	NO	COMPOSED_WORKING_RETAINED__NO_SURFACE_OR_OCCURRENCE_PREDICTION
301	48	C_CROSS_REGISTER_SAME_ACTION	EXACT_SAME_ACTION_FRAME_IN_OTHER_REGISTER	G498-M259	@ACTION+CH+E+Y	T	T+CH+E+Y	CELESTIAL	EINSTELLEN · NEHMEN · GRAD I · POSTEN	WERT EINSTELLEN · POSITION AUFNEHMEN · GRAD I · POSITIONSPOSTEN	Stelle den Positionsposten ein und nimm den Positionsposten auf; auf Grad I.	SELF_CONTAINED_ARGUMENT	UNCHANGED_SELF_CONTAINED	4	2	0	NONE	NO	0	NONE	0	0	0	NONE	1	SOURCE_SECTION_T	1	1	f1r	YES	COMPOSED_WORKING	NO	NO	NO	COMPOSED_WORKING_RETAINED__NO_SURFACE_OR_OCCURRENCE_PREDICTION
302	49	C_CROSS_REGISTER_SAME_ACTION	EXACT_SAME_ACTION_FRAME_IN_OTHER_REGISTER	G498-M260	@ACTION+CH+E+Y	T	T+CH+E+Y	PHARMA	EINSTELLEN · NEHMEN · GRAD I · POSTEN	ANSATZWERT EINSTELLEN · DROGENPOSTEN NEHMEN · GRAD I · DROGENPOSTEN	Stelle den Drogenposten ein und nimm den Drogenposten; auf Grad I.	SELF_CONTAINED_ARGUMENT	UNCHANGED_SELF_CONTAINED	4	2	0	NONE	NO	0	NONE	0	0	0	NONE	1	SOURCE_SECTION_T	1	1	f1r	YES	COMPOSED_WORKING	NO	NO	NO	COMPOSED_WORKING_RETAINED__NO_SURFACE_OR_OCCURRENCE_PREDICTION
303	1	D_OLD_VALUES_ONLY	ONLY_COMPONENT_VALUE_CELLS_OBSERVED	G498-M480	CH+@ACTION	CHD	CH+CHD	PHARMA	NEHMEN · BEARBEITEN	DROGENPOSTEN NEHMEN · ANSATZ BEARBEITEN	Nimm das zuvor Genannte und bearbeite es.	ACTIVE_ARGUMENT_REQUIRED	CONTEXT_NOUN_GENERALIZED	2	2	0	NONE	NO	0	NONE	0	0	0	NONE	0	NONE	0	0	NONE	YES	COMPOSED_WORKING	NO	NO	NO	COMPOSED_WORKING_RETAINED__NO_SURFACE_OR_OCCURRENCE_PREDICTION
304	2	D_OLD_VALUES_ONLY	ONLY_COMPONENT_VALUE_CELLS_OBSERVED	G498-M476	CH+@ACTION	CHD	CH+CHD	SOURCE_SECTION_T	NEHMEN · BEARBEITEN	ENTNEHMEN · EINTRAG BEARBEITEN	Entnimm das zuvor Genannte und bearbeite es.	ACTIVE_ARGUMENT_REQUIRED	CONTEXT_NOUN_GENERALIZED	2	2	0	NONE	NO	0	NONE	0	0	0	NONE	0	NONE	0	0	NONE	YES	COMPOSED_WORKING	NO	NO	NO	COMPOSED_WORKING_RETAINED__NO_SURFACE_OR_OCCURRENCE_PREDICTION
305	3	D_OLD_VALUES_ONLY	ONLY_COMPONENT_VALUE_CELLS_OBSERVED	G498-M455	CH+@ACTION	OK	CH+OK	PHARMA	NEHMEN · SETZEN	DROGENPOSTEN NEHMEN · ANSATZ ANSETZEN	Nimm das zuvor Genannte und setze es als Ansatz an.	ACTIVE_ARGUMENT_REQUIRED	CONTEXT_NOUN_GENERALIZED	2	2	0	NONE	NO	0	NONE	0	0	0	NONE	0	NONE	0	0	NONE	YES	COMPOSED_WORKING	NO	NO	NO	COMPOSED_WORKING_RETAINED__NO_SURFACE_OR_OCCURRENCE_PREDICTION
306	4	D_OLD_VALUES_ONLY	ONLY_COMPONENT_VALUE_CELLS_OBSERVED	G498-M451	CH+@ACTION	OK	CH+OK	SOURCE_SECTION_T	NEHMEN · SETZEN	ENTNEHMEN · EINTRAGEN	Entnimm das zuvor Genannte und trage es ein.	ACTIVE_ARGUMENT_REQUIRED	CONTEXT_NOUN_GENERALIZED	2	2	0	NONE	NO	0	NONE	0	0	0	NONE	0	NONE	0	0	NONE	YES	COMPOSED_WORKING	NO	NO	NO	COMPOSED_WORKING_RETAINED__NO_SURFACE_OR_OCCURRENCE_PREDICTION
307	5	D_OLD_VALUES_ONLY	ONLY_COMPONENT_VALUE_CELLS_OBSERVED	G498-M495	CH+@ACTION	P	CH+P	PHARMA	NEHMEN · EINSETZEN	DROGENPOSTEN NEHMEN · ZUTAT EINSETZEN	Nimm das zuvor Genannte und setze es ein.	ACTIVE_ARGUMENT_REQUIRED	CONTEXT_NOUN_GENERALIZED	2	2	0	NONE	NO	0	NONE	0	0	0	NONE	0	NONE	0	0	NONE	YES	COMPOSED_WORKING	NO	NO	NO	COMPOSED_WORKING_RETAINED__NO_SURFACE_OR_OCCURRENCE_PREDICTION
308	6	D_OLD_VALUES_ONLY	ONLY_COMPONENT_VALUE_CELLS_OBSERVED	G498-M491	CH+@ACTION	P	CH+P	SOURCE_SECTION_T	NEHMEN · EINSETZEN	ENTNEHMEN · IN EINTRAG EINSETZEN	Entnimm das zuvor Genannte und setze es ein.	ACTIVE_ARGUMENT_REQUIRED	CONTEXT_NOUN_GENERALIZED	2	2	0	NONE	NO	0	NONE	0	0	0	NONE	0	NONE	0	0	NONE	YES	COMPOSED_WORKING	NO	NO	NO	COMPOSED_WORKING_RETAINED__NO_SURFACE_OR_OCCURRENCE_PREDICTION
309	7	D_OLD_VALUES_ONLY	ONLY_COMPONENT_VALUE_CELLS_OBSERVED	G498-M465	CH+@ACTION	SH	CH+SH	PHARMA	NEHMEN · HALTEN	DROGENPOSTEN NEHMEN · ANSATZ HALTEN	Nimm das zuvor Genannte und halte es.	ACTIVE_ARGUMENT_REQUIRED	CONTEXT_NOUN_GENERALIZED	2	2	0	NONE	NO	0	NONE	0	0	0	NONE	0	NONE	0	0	NONE	YES	COMPOSED_WORKING	NO	NO	NO	COMPOSED_WORKING_RETAINED__NO_SURFACE_OR_OCCURRENCE_PREDICTION
310	8	D_OLD_VALUES_ONLY	ONLY_COMPONENT_VALUE_CELLS_OBSERVED	G498-M461	CH+@ACTION	SH	CH+SH	SOURCE_SECTION_T	NEHMEN · HALTEN	ENTNEHMEN · FESTHALTEN	Entnimm das zuvor Genannte und halte es fest.	ACTIVE_ARGUMENT_REQUIRED	CONTEXT_NOUN_GENERALIZED	2	2	0	NONE	NO	0	NONE	0	0	0	NONE	0	NONE	0	0	NONE	YES	COMPOSED_WORKING	NO	NO	NO	COMPOSED_WORKING_RETAINED__NO_SURFACE_OR_OCCURRENCE_PREDICTION
311	9	D_OLD_VALUES_ONLY	ONLY_COMPONENT_VALUE_CELLS_OBSERVED	G498-M279	@ACTION+CHD+Y	CH	CH+CHD+Y	CELESTIAL	NEHMEN · BEARBEITEN · POSTEN	POSITION AUFNEHMEN · EINTRAG BEARBEITEN · POSITIONSPOSTEN	Nimm den Positionsposten auf und bearbeite den Positionsposten.	SELF_CONTAINED_ARGUMENT	UNCHANGED_SELF_CONTAINED_RENDERER	3	2	0	NONE	NO	0	NONE	0	0	0	NONE	0	NONE	0	0	NONE	YES	COMPOSED_WORKING	NO	NO	NO	COMPOSED_WORKING_RETAINED__NO_SURFACE_OR_OCCURRENCE_PREDICTION
312	10	D_OLD_VALUES_ONLY	ONLY_COMPONENT_VALUE_CELLS_OBSERVED	G498-M280	@ACTION+CHD+Y	CH	CH+CHD+Y	PHARMA	NEHMEN · BEARBEITEN · POSTEN	DROGENPOSTEN NEHMEN · ANSATZ BEARBEITEN · DROGENPOSTEN	Nimm den Drogenposten und bearbeite den Drogenposten.	SELF_CONTAINED_ARGUMENT	UNCHANGED_SELF_CONTAINED_RENDERER	3	2	0	NONE	NO	0	NONE	0	0	0	NONE	0	NONE	0	0	NONE	YES	COMPOSED_WORKING	NO	NO	NO	COMPOSED_WORKING_RETAINED__NO_SURFACE_OR_OCCURRENCE_PREDICTION
313	11	D_OLD_VALUES_ONLY	ONLY_COMPONENT_VALUE_CELLS_OBSERVED	G498-M276	@ACTION+CHD+Y	CH	CH+CHD+Y	SOURCE_SECTION_T	NEHMEN · BEARBEITEN · POSTEN	ENTNEHMEN · EINTRAG BEARBEITEN · LAUFENDER EINTRAG	Entnimm den laufenden Eintrag und bearbeite den laufenden Eintrag.	SELF_CONTAINED_ARGUMENT	UNCHANGED_SELF_CONTAINED_RENDERER	3	2	0	NONE	NO	0	NONE	0	0	0	NONE	0	NONE	0	0	NONE	YES	COMPOSED_WORKING	NO	NO	NO	COMPOSED_WORKING_RETAINED__NO_SURFACE_OR_OCCURRENCE_PREDICTION
314	12	D_OLD_VALUES_ONLY	ONLY_COMPONENT_VALUE_CELLS_OBSERVED	G498-M369	@ACTION+OR+Y	CH	CH+OR+Y	CELESTIAL	NEHMEN · EINHEIT · POSTEN	POSITION AUFNEHMEN · POSITIONSEINHEIT · POSITIONSPOSTEN	Nimm die Positionseinheit und den Positionsposten auf.	SELF_CONTAINED_ARGUMENT	UNCHANGED_SELF_CONTAINED_RENDERER	3	1	0	NONE	NO	0	NONE	0	0	0	NONE	0	NONE	0	0	NONE	YES	COMPOSED_WORKING	NO	NO	NO	COMPOSED_WORKING_RETAINED__NO_SURFACE_OR_OCCURRENCE_PREDICTION
315	13	D_OLD_VALUES_ONLY	ONLY_COMPONENT_VALUE_CELLS_OBSERVED	G498-M370	@ACTION+OR+Y	CH	CH+OR+Y	PHARMA	NEHMEN · EINHEIT · POSTEN	DROGENPOSTEN NEHMEN · ANSATZEINHEIT · DROGENPOSTEN	Nimm die Ansatzeinheit und den Drogenposten.	SELF_CONTAINED_ARGUMENT	UNCHANGED_SELF_CONTAINED_RENDERER	3	1	0	NONE	NO	0	NONE	0	0	0	NONE	0	NONE	0	0	NONE	YES	COMPOSED_WORKING	NO	NO	NO	COMPOSED_WORKING_RETAINED__NO_SURFACE_OR_OCCURRENCE_PREDICTION
316	14	D_OLD_VALUES_ONLY	ONLY_COMPONENT_VALUE_CELLS_OBSERVED	G498-M207	@ACTION+AL+Y	CHD	CHD+AL+Y	HERBAL	BEARBEITEN · ZIELORT · POSTEN	MATERIAL BEARBEITEN · ZIELSTELLE · PFLANZENPOSTEN	Bearbeite den Pflanzenposten; zur Zielstelle.	SELF_CONTAINED_ARGUMENT	UNCHANGED_SELF_CONTAINED_RENDERER	3	1	0	NONE	NO	0	NONE	0	0	0	NONE	0	NONE	0	0	NONE	YES	COMPOSED_WORKING	NO	NO	NO	COMPOSED_WORKING_RETAINED__NO_SURFACE_OR_OCCURRENCE_PREDICTION
317	15	D_OLD_VALUES_ONLY	ONLY_COMPONENT_VALUE_CELLS_OBSERVED	G498-M206	@ACTION+AL+Y	CHD	CHD+AL+Y	SOURCE_SECTION_T	BEARBEITEN · ZIELORT · POSTEN	EINTRAG BEARBEITEN · ZIELSPALTE · LAUFENDER EINTRAG	Bearbeite den laufenden Eintrag; zur Zielspalte.	SELF_CONTAINED_ARGUMENT	UNCHANGED_SELF_CONTAINED_RENDERER	3	1	0	NONE	NO	0	NONE	0	0	0	NONE	0	NONE	0	0	NONE	YES	COMPOSED_WORKING	NO	NO	NO	COMPOSED_WORKING_RETAINED__NO_SURFACE_OR_OCCURRENCE_PREDICTION
318	16	D_OLD_VALUES_ONLY	ONLY_COMPONENT_VALUE_CELLS_OBSERVED	G498-M389	@ACTION+OR+Y	CHD	CHD+OR+Y	CELESTIAL	BEARBEITEN · EINHEIT · POSTEN	EINTRAG BEARBEITEN · POSITIONSEINHEIT · POSITIONSPOSTEN	Bearbeite die Positionseinheit und den Positionsposten.	SELF_CONTAINED_ARGUMENT	UNCHANGED_SELF_CONTAINED_RENDERER	3	1	0	NONE	NO	0	NONE	0	0	0	NONE	0	NONE	0	0	NONE	YES	COMPOSED_WORKING	NO	NO	NO	COMPOSED_WORKING_RETAINED__NO_SURFACE_OR_OCCURRENCE_PREDICTION
319	17	D_OLD_VALUES_ONLY	ONLY_COMPONENT_VALUE_CELLS_OBSERVED	G498-M390	@ACTION+OR+Y	CHD	CHD+OR+Y	PHARMA	BEARBEITEN · EINHEIT · POSTEN	ANSATZ BEARBEITEN · ANSATZEINHEIT · DROGENPOSTEN	Bearbeite die Ansatzeinheit und den Drogenposten.	SELF_CONTAINED_ARGUMENT	UNCHANGED_SELF_CONTAINED_RENDERER	3	1	0	NONE	NO	0	NONE	0	0	0	NONE	0	NONE	0	0	NONE	YES	COMPOSED_WORKING	NO	NO	NO	COMPOSED_WORKING_RETAINED__NO_SURFACE_OR_OCCURRENCE_PREDICTION
320	18	D_OLD_VALUES_ONLY	ONLY_COMPONENT_VALUE_CELLS_OBSERVED	G498-M197	@ACTION+AL+Y	K	K+AL+Y	HERBAL	GEBEN · ZIELORT · POSTEN	MATERIAL ZUGEBEN · ZIELSTELLE · PFLANZENPOSTEN	Gib den Pflanzenposten zu; zur Zielstelle.	SELF_CONTAINED_ARGUMENT	UNCHANGED_SELF_CONTAINED_RENDERER	3	1	0	NONE	NO	0	NONE	0	0	0	NONE	0	NONE	0	0	NONE	YES	COMPOSED_WORKING	NO	NO	NO	COMPOSED_WORKING_RETAINED__NO_SURFACE_OR_OCCURRENCE_PREDICTION
321	19	D_OLD_VALUES_ONLY	ONLY_COMPONENT_VALUE_CELLS_OBSERVED	G498-M196	@ACTION+AL+Y	K	K+AL+Y	SOURCE_SECTION_T	GEBEN · ZIELORT · POSTEN	ZUORDNEN · ZIELSPALTE · LAUFENDER EINTRAG	Ordne den laufenden Eintrag zu; zur Zielspalte.	SELF_CONTAINED_ARGUMENT	UNCHANGED_SELF_CONTAINED_RENDERER	3	1	0	NONE	NO	0	NONE	0	0	0	NONE	0	NONE	0	0	NONE	YES	COMPOSED_WORKING	NO	NO	NO	COMPOSED_WORKING_RETAINED__NO_SURFACE_OR_OCCURRENCE_PREDICTION
322	20	D_OLD_VALUES_ONLY	ONLY_COMPONENT_VALUE_CELLS_OBSERVED	G498-M379	@ACTION+OR+Y	K	K+OR+Y	CELESTIAL	GEBEN · EINHEIT · POSTEN	WERT ZUORDNEN · POSITIONSEINHEIT · POSITIONSPOSTEN	Ordne die Positionseinheit und den Positionsposten zu.	SELF_CONTAINED_ARGUMENT	UNCHANGED_SELF_CONTAINED_RENDERER	3	1	0	NONE	NO	0	NONE	0	0	0	NONE	0	NONE	0	0	NONE	YES	COMPOSED_WORKING	NO	NO	NO	COMPOSED_WORKING_RETAINED__NO_SURFACE_OR_OCCURRENCE_PREDICTION
323	21	D_OLD_VALUES_ONLY	ONLY_COMPONENT_VALUE_CELLS_OBSERVED	G498-M380	@ACTION+OR+Y	K	K+OR+Y	PHARMA	GEBEN · EINHEIT · POSTEN	ZUTAT ZUGEBEN · ANSATZEINHEIT · DROGENPOSTEN	Gib die Ansatzeinheit und den Drogenposten zu.	SELF_CONTAINED_ARGUMENT	UNCHANGED_SELF_CONTAINED_RENDERER	3	1	0	NONE	NO	0	NONE	0	0	0	NONE	0	NONE	0	0	NONE	YES	COMPOSED_WORKING	NO	NO	NO	COMPOSED_WORKING_RETAINED__NO_SURFACE_OR_OCCURRENCE_PREDICTION
324	22	D_OLD_VALUES_ONLY	ONLY_COMPONENT_VALUE_CELLS_OBSERVED	G498-M364	@ACTION+OR+Y	OK	OK+OR+Y	CELESTIAL	SETZEN · EINHEIT · POSTEN	POSITION SETZEN · POSITIONSEINHEIT · POSITIONSPOSTEN	Setze die Positionseinheit und den Positionsposten.	SELF_CONTAINED_ARGUMENT	UNCHANGED_SELF_CONTAINED_RENDERER	3	1	0	NONE	NO	0	NONE	0	0	0	NONE	0	NONE	0	0	NONE	YES	COMPOSED_WORKING	NO	NO	NO	COMPOSED_WORKING_RETAINED__NO_SURFACE_OR_OCCURRENCE_PREDICTION
325	23	D_OLD_VALUES_ONLY	ONLY_COMPONENT_VALUE_CELLS_OBSERVED	G498-M365	@ACTION+OR+Y	OK	OK+OR+Y	PHARMA	SETZEN · EINHEIT · POSTEN	ANSATZ ANSETZEN · ANSATZEINHEIT · DROGENPOSTEN	Setze die Ansatzeinheit und den Drogenposten als Ansatz an.	SELF_CONTAINED_ARGUMENT	UNCHANGED_SELF_CONTAINED_RENDERER	3	1	0	NONE	NO	0	NONE	0	0	0	NONE	0	NONE	0	0	NONE	YES	COMPOSED_WORKING	NO	NO	NO	COMPOSED_WORKING_RETAINED__NO_SURFACE_OR_OCCURRENCE_PREDICTION
326	24	D_OLD_VALUES_ONLY	ONLY_COMPONENT_VALUE_CELLS_OBSERVED	G498-M222	@ACTION+AL+Y	P	P+AL+Y	HERBAL	EINSETZEN · ZIELORT · POSTEN	MATERIAL EINSETZEN · ZIELSTELLE · PFLANZENPOSTEN	Setze den Pflanzenposten ein; zur Zielstelle.	SELF_CONTAINED_ARGUMENT	UNCHANGED_SELF_CONTAINED_RENDERER	3	1	0	NONE	NO	0	NONE	0	0	0	NONE	0	NONE	0	0	NONE	YES	COMPOSED_WORKING	NO	NO	NO	COMPOSED_WORKING_RETAINED__NO_SURFACE_OR_OCCURRENCE_PREDICTION
327	25	D_OLD_VALUES_ONLY	ONLY_COMPONENT_VALUE_CELLS_OBSERVED	G498-M221	@ACTION+AL+Y	P	P+AL+Y	SOURCE_SECTION_T	EINSETZEN · ZIELORT · POSTEN	IN EINTRAG EINSETZEN · ZIELSPALTE · LAUFENDER EINTRAG	Setze den laufenden Eintrag ein; zur Zielspalte.	SELF_CONTAINED_ARGUMENT	UNCHANGED_SELF_CONTAINED_RENDERER	3	1	0	NONE	NO	0	NONE	0	0	0	NONE	0	NONE	0	0	NONE	YES	COMPOSED_WORKING	NO	NO	NO	COMPOSED_WORKING_RETAINED__NO_SURFACE_OR_OCCURRENCE_PREDICTION
328	26	D_OLD_VALUES_ONLY	ONLY_COMPONENT_VALUE_CELLS_OBSERVED	G498-M404	@ACTION+OR+Y	P	P+OR+Y	CELESTIAL	EINSETZEN · EINHEIT · POSTEN	EINTRAG EINSETZEN · POSITIONSEINHEIT · POSITIONSPOSTEN	Setze die Positionseinheit und den Positionsposten ein.	SELF_CONTAINED_ARGUMENT	UNCHANGED_SELF_CONTAINED_RENDERER	3	1	0	NONE	NO	0	NONE	0	0	0	NONE	0	NONE	0	0	NONE	YES	COMPOSED_WORKING	NO	NO	NO	COMPOSED_WORKING_RETAINED__NO_SURFACE_OR_OCCURRENCE_PREDICTION
329	27	D_OLD_VALUES_ONLY	ONLY_COMPONENT_VALUE_CELLS_OBSERVED	G498-M405	@ACTION+OR+Y	P	P+OR+Y	PHARMA	EINSETZEN · EINHEIT · POSTEN	ZUTAT EINSETZEN · ANSATZEINHEIT · DROGENPOSTEN	Setze die Ansatzeinheit und den Drogenposten ein.	SELF_CONTAINED_ARGUMENT	UNCHANGED_SELF_CONTAINED_RENDERER	3	1	0	NONE	NO	0	NONE	0	0	0	NONE	0	NONE	0	0	NONE	YES	COMPOSED_WORKING	NO	NO	NO	COMPOSED_WORKING_RETAINED__NO_SURFACE_OR_OCCURRENCE_PREDICTION
330	28	D_OLD_VALUES_ONLY	ONLY_COMPONENT_VALUE_CELLS_OBSERVED	G498-M202	@ACTION+AL+Y	S	S+AL+Y	HERBAL	WÄHLEN · ZIELORT · POSTEN	PFLANZENTEIL WÄHLEN · ZIELSTELLE · PFLANZENPOSTEN	Wähle den Pflanzenposten; zur Zielstelle.	SELF_CONTAINED_ARGUMENT	UNCHANGED_SELF_CONTAINED_RENDERER	3	1	0	NONE	NO	0	NONE	0	0	0	NONE	0	NONE	0	0	NONE	YES	COMPOSED_WORKING	NO	NO	NO	COMPOSED_WORKING_RETAINED__NO_SURFACE_OR_OCCURRENCE_PREDICTION
331	29	D_OLD_VALUES_ONLY	ONLY_COMPONENT_VALUE_CELLS_OBSERVED	G498-M201	@ACTION+AL+Y	S	S+AL+Y	SOURCE_SECTION_T	WÄHLEN · ZIELORT · POSTEN	AUSWÄHLEN · ZIELSPALTE · LAUFENDER EINTRAG	Wähle den laufenden Eintrag; zur Zielspalte.	SELF_CONTAINED_ARGUMENT	UNCHANGED_SELF_CONTAINED_RENDERER	3	1	0	NONE	NO	0	NONE	0	0	0	NONE	0	NONE	0	0	NONE	YES	COMPOSED_WORKING	NO	NO	NO	COMPOSED_WORKING_RETAINED__NO_SURFACE_OR_OCCURRENCE_PREDICTION
332	30	D_OLD_VALUES_ONLY	ONLY_COMPONENT_VALUE_CELLS_OBSERVED	G498-M294	@ACTION+CHD+Y	S	S+CHD+Y	CELESTIAL	WÄHLEN · BEARBEITEN · POSTEN	POSITION WÄHLEN · EINTRAG BEARBEITEN · POSITIONSPOSTEN	Wähle den Positionsposten und bearbeite den Positionsposten.	SELF_CONTAINED_ARGUMENT	UNCHANGED_SELF_CONTAINED_RENDERER	3	2	0	NONE	NO	0	NONE	0	0	0	NONE	0	NONE	0	0	NONE	YES	COMPOSED_WORKING	NO	NO	NO	COMPOSED_WORKING_RETAINED__NO_SURFACE_OR_OCCURRENCE_PREDICTION
333	31	D_OLD_VALUES_ONLY	ONLY_COMPONENT_VALUE_CELLS_OBSERVED	G498-M295	@ACTION+CHD+Y	S	S+CHD+Y	PHARMA	WÄHLEN · BEARBEITEN · POSTEN	DROGENPOSTEN WÄHLEN · ANSATZ BEARBEITEN · DROGENPOSTEN	Wähle den Drogenposten und bearbeite den Drogenposten.	SELF_CONTAINED_ARGUMENT	UNCHANGED_SELF_CONTAINED_RENDERER	3	2	0	NONE	NO	0	NONE	0	0	0	NONE	0	NONE	0	0	NONE	YES	COMPOSED_WORKING	NO	NO	NO	COMPOSED_WORKING_RETAINED__NO_SURFACE_OR_OCCURRENCE_PREDICTION
334	32	D_OLD_VALUES_ONLY	ONLY_COMPONENT_VALUE_CELLS_OBSERVED	G498-M291	@ACTION+CHD+Y	S	S+CHD+Y	SOURCE_SECTION_T	WÄHLEN · BEARBEITEN · POSTEN	AUSWÄHLEN · EINTRAG BEARBEITEN · LAUFENDER EINTRAG	Wähle den laufenden Eintrag und bearbeite den laufenden Eintrag.	SELF_CONTAINED_ARGUMENT	UNCHANGED_SELF_CONTAINED_RENDERER	3	2	0	NONE	NO	0	NONE	0	0	0	NONE	0	NONE	0	0	NONE	YES	COMPOSED_WORKING	NO	NO	NO	COMPOSED_WORKING_RETAINED__NO_SURFACE_OR_OCCURRENCE_PREDICTION
335	33	D_OLD_VALUES_ONLY	ONLY_COMPONENT_VALUE_CELLS_OBSERVED	G498-M192	@ACTION+AL+Y	SH	SH+AL+Y	HERBAL	HALTEN · ZIELORT · POSTEN	MATERIAL HALTEN · ZIELSTELLE · PFLANZENPOSTEN	Halte den Pflanzenposten; zur Zielstelle.	SELF_CONTAINED_ARGUMENT	UNCHANGED_SELF_CONTAINED_RENDERER	3	1	0	NONE	NO	0	NONE	0	0	0	NONE	0	NONE	0	0	NONE	YES	COMPOSED_WORKING	NO	NO	NO	COMPOSED_WORKING_RETAINED__NO_SURFACE_OR_OCCURRENCE_PREDICTION
336	34	D_OLD_VALUES_ONLY	ONLY_COMPONENT_VALUE_CELLS_OBSERVED	G498-M191	@ACTION+AL+Y	SH	SH+AL+Y	SOURCE_SECTION_T	HALTEN · ZIELORT · POSTEN	FESTHALTEN · ZIELSPALTE · LAUFENDER EINTRAG	Halte den laufenden Eintrag fest; zur Zielspalte.	SELF_CONTAINED_ARGUMENT	UNCHANGED_SELF_CONTAINED_RENDERER	3	1	0	NONE	NO	0	NONE	0	0	0	NONE	0	NONE	0	0	NONE	YES	COMPOSED_WORKING	NO	NO	NO	COMPOSED_WORKING_RETAINED__NO_SURFACE_OR_OCCURRENCE_PREDICTION
337	35	D_OLD_VALUES_ONLY	ONLY_COMPONENT_VALUE_CELLS_OBSERVED	G498-M284	@ACTION+CHD+Y	SH	SH+CHD+Y	CELESTIAL	HALTEN · BEARBEITEN · POSTEN	POSITION HALTEN · EINTRAG BEARBEITEN · POSITIONSPOSTEN	Halte den Positionsposten und bearbeite den Positionsposten.	SELF_CONTAINED_ARGUMENT	UNCHANGED_SELF_CONTAINED_RENDERER	3	2	0	NONE	NO	0	NONE	0	0	0	NONE	0	NONE	0	0	NONE	YES	COMPOSED_WORKING	NO	NO	NO	COMPOSED_WORKING_RETAINED__NO_SURFACE_OR_OCCURRENCE_PREDICTION
338	36	D_OLD_VALUES_ONLY	ONLY_COMPONENT_VALUE_CELLS_OBSERVED	G498-M285	@ACTION+CHD+Y	SH	SH+CHD+Y	PHARMA	HALTEN · BEARBEITEN · POSTEN	ANSATZ HALTEN · ANSATZ BEARBEITEN · DROGENPOSTEN	Halte den Drogenposten und bearbeite den Drogenposten.	SELF_CONTAINED_ARGUMENT	UNCHANGED_SELF_CONTAINED_RENDERER	3	2	0	NONE	NO	0	NONE	0	0	0	NONE	0	NONE	0	0	NONE	YES	COMPOSED_WORKING	NO	NO	NO	COMPOSED_WORKING_RETAINED__NO_SURFACE_OR_OCCURRENCE_PREDICTION
339	37	D_OLD_VALUES_ONLY	ONLY_COMPONENT_VALUE_CELLS_OBSERVED	G498-M281	@ACTION+CHD+Y	SH	SH+CHD+Y	SOURCE_SECTION_T	HALTEN · BEARBEITEN · POSTEN	FESTHALTEN · EINTRAG BEARBEITEN · LAUFENDER EINTRAG	Halte den laufenden Eintrag fest und bearbeite den laufenden Eintrag.	SELF_CONTAINED_ARGUMENT	UNCHANGED_SELF_CONTAINED_RENDERER	3	2	0	NONE	NO	0	NONE	0	0	0	NONE	0	NONE	0	0	NONE	YES	COMPOSED_WORKING	NO	NO	NO	COMPOSED_WORKING_RETAINED__NO_SURFACE_OR_OCCURRENCE_PREDICTION
340	38	D_OLD_VALUES_ONLY	ONLY_COMPONENT_VALUE_CELLS_OBSERVED	G498-M254	@ACTION+CH+E+Y	CHD	CHD+CH+E+Y	CELESTIAL	BEARBEITEN · NEHMEN · GRAD I · POSTEN	EINTRAG BEARBEITEN · POSITION AUFNEHMEN · GRAD I · POSITIONSPOSTEN	Bearbeite den Positionsposten und nimm den Positionsposten auf; auf Grad I.	SELF_CONTAINED_ARGUMENT	UNCHANGED_SELF_CONTAINED_RENDERER	4	2	0	NONE	NO	0	NONE	0	0	0	NONE	0	NONE	0	0	NONE	YES	COMPOSED_WORKING	NO	NO	NO	COMPOSED_WORKING_RETAINED__NO_SURFACE_OR_OCCURRENCE_PREDICTION
341	39	D_OLD_VALUES_ONLY	ONLY_COMPONENT_VALUE_CELLS_OBSERVED	G498-M255	@ACTION+CH+E+Y	CHD	CHD+CH+E+Y	PHARMA	BEARBEITEN · NEHMEN · GRAD I · POSTEN	ANSATZ BEARBEITEN · DROGENPOSTEN NEHMEN · GRAD I · DROGENPOSTEN	Bearbeite den Drogenposten und nimm den Drogenposten; auf Grad I.	SELF_CONTAINED_ARGUMENT	UNCHANGED_SELF_CONTAINED_RENDERER	4	2	0	NONE	NO	0	NONE	0	0	0	NONE	0	NONE	0	0	NONE	YES	COMPOSED_WORKING	NO	NO	NO	COMPOSED_WORKING_RETAINED__NO_SURFACE_OR_OCCURRENCE_PREDICTION
342	40	D_OLD_VALUES_ONLY	ONLY_COMPONENT_VALUE_CELLS_OBSERVED	G498-M269	@ACTION+CH+E+Y	P	P+CH+E+Y	CELESTIAL	EINSETZEN · NEHMEN · GRAD I · POSTEN	EINTRAG EINSETZEN · POSITION AUFNEHMEN · GRAD I · POSITIONSPOSTEN	Setze den Positionsposten ein und nimm den Positionsposten auf; auf Grad I.	SELF_CONTAINED_ARGUMENT	UNCHANGED_SELF_CONTAINED_RENDERER	4	2	0	NONE	NO	0	NONE	0	0	0	NONE	0	NONE	0	0	NONE	YES	COMPOSED_WORKING	NO	NO	NO	COMPOSED_WORKING_RETAINED__NO_SURFACE_OR_OCCURRENCE_PREDICTION
343	41	D_OLD_VALUES_ONLY	ONLY_COMPONENT_VALUE_CELLS_OBSERVED	G498-M270	@ACTION+CH+E+Y	P	P+CH+E+Y	PHARMA	EINSETZEN · NEHMEN · GRAD I · POSTEN	ZUTAT EINSETZEN · DROGENPOSTEN NEHMEN · GRAD I · DROGENPOSTEN	Setze den Drogenposten ein und nimm den Drogenposten; auf Grad I.	SELF_CONTAINED_ARGUMENT	UNCHANGED_SELF_CONTAINED_RENDERER	4	2	0	NONE	NO	0	NONE	0	0	0	NONE	0	NONE	0	0	NONE	YES	COMPOSED_WORKING	NO	NO	NO	COMPOSED_WORKING_RETAINED__NO_SURFACE_OR_OCCURRENCE_PREDICTION
344	42	D_OLD_VALUES_ONLY	ONLY_COMPONENT_VALUE_CELLS_OBSERVED	G498-M239	@ACTION+CH+E+Y	SH	SH+CH+E+Y	CELESTIAL	HALTEN · NEHMEN · GRAD I · POSTEN	POSITION HALTEN · POSITION AUFNEHMEN · GRAD I · POSITIONSPOSTEN	Halte den Positionsposten und nimm den Positionsposten auf; auf Grad I.	SELF_CONTAINED_ARGUMENT	UNCHANGED_SELF_CONTAINED_RENDERER	4	2	0	NONE	NO	0	NONE	0	0	0	NONE	0	NONE	0	0	NONE	YES	COMPOSED_WORKING	NO	NO	NO	COMPOSED_WORKING_RETAINED__NO_SURFACE_OR_OCCURRENCE_PREDICTION
345	43	D_OLD_VALUES_ONLY	ONLY_COMPONENT_VALUE_CELLS_OBSERVED	G498-M240	@ACTION+CH+E+Y	SH	SH+CH+E+Y	PHARMA	HALTEN · NEHMEN · GRAD I · POSTEN	ANSATZ HALTEN · DROGENPOSTEN NEHMEN · GRAD I · DROGENPOSTEN	Halte den Drogenposten und nimm den Drogenposten; auf Grad I.	SELF_CONTAINED_ARGUMENT	UNCHANGED_SELF_CONTAINED_RENDERER	4	2	0	NONE	NO	0	NONE	0	0	0	NONE	0	NONE	0	0	NONE	YES	COMPOSED_WORKING	NO	NO	NO	COMPOSED_WORKING_RETAINED__NO_SURFACE_OR_OCCURRENCE_PREDICTION
346	44	D_OLD_VALUES_ONLY	ONLY_COMPONENT_VALUE_CELLS_OBSERVED	G498-M460	CH+@ACTION	CH	CH+CH	PHARMA	NEHMEN · NEHMEN	DROGENPOSTEN NEHMEN · DROGENPOSTEN NEHMEN	Nimm das zuvor Genannte und nimm es.	ACTIVE_ARGUMENT_REQUIRED	CONTEXT_NOUN_GENERALIZED	2	2	1	CH	YES	0	NONE	0	0	0	NONE	0	NONE	0	0	NONE	YES	COMPOSED_WORKING	NO	NO	NO	COMPOSED_WORKING_RETAINED__NO_SURFACE_OR_OCCURRENCE_PREDICTION
347	45	D_OLD_VALUES_ONLY	ONLY_COMPONENT_VALUE_CELLS_OBSERVED	G498-M456	CH+@ACTION	CH	CH+CH	SOURCE_SECTION_T	NEHMEN · NEHMEN	ENTNEHMEN · ENTNEHMEN	Entnimm das zuvor Genannte und entnimm es.	ACTIVE_ARGUMENT_REQUIRED	CONTEXT_NOUN_GENERALIZED	2	2	1	CH	YES	0	NONE	0	0	0	NONE	0	NONE	0	0	NONE	YES	COMPOSED_WORKING	NO	NO	NO	COMPOSED_WORKING_RETAINED__NO_SURFACE_OR_OCCURRENCE_PREDICTION
348	46	D_OLD_VALUES_ONLY	ONLY_COMPONENT_VALUE_CELLS_OBSERVED	G498-M299	@ACTION+CHD+Y	CHD	CHD+CHD+Y	CELESTIAL	BEARBEITEN · BEARBEITEN · POSTEN	EINTRAG BEARBEITEN · EINTRAG BEARBEITEN · POSITIONSPOSTEN	Bearbeite den Positionsposten und bearbeite den Positionsposten.	SELF_CONTAINED_ARGUMENT	UNCHANGED_SELF_CONTAINED_RENDERER	3	2	1	CHD	YES	0	NONE	0	0	0	NONE	0	NONE	0	0	NONE	YES	COMPOSED_WORKING	NO	NO	NO	COMPOSED_WORKING_RETAINED__NO_SURFACE_OR_OCCURRENCE_PREDICTION
349	47	D_OLD_VALUES_ONLY	ONLY_COMPONENT_VALUE_CELLS_OBSERVED	G498-M300	@ACTION+CHD+Y	CHD	CHD+CHD+Y	PHARMA	BEARBEITEN · BEARBEITEN · POSTEN	ANSATZ BEARBEITEN · ANSATZ BEARBEITEN · DROGENPOSTEN	Bearbeite den Drogenposten und bearbeite den Drogenposten.	SELF_CONTAINED_ARGUMENT	UNCHANGED_SELF_CONTAINED_RENDERER	3	2	1	CHD	YES	0	NONE	0	0	0	NONE	0	NONE	0	0	NONE	YES	COMPOSED_WORKING	NO	NO	NO	COMPOSED_WORKING_RETAINED__NO_SURFACE_OR_OCCURRENCE_PREDICTION
350	48	D_OLD_VALUES_ONLY	ONLY_COMPONENT_VALUE_CELLS_OBSERVED	G498-M296	@ACTION+CHD+Y	CHD	CHD+CHD+Y	SOURCE_SECTION_T	BEARBEITEN · BEARBEITEN · POSTEN	EINTRAG BEARBEITEN · EINTRAG BEARBEITEN · LAUFENDER EINTRAG	Bearbeite den laufenden Eintrag und bearbeite den laufenden Eintrag.	SELF_CONTAINED_ARGUMENT	UNCHANGED_SELF_CONTAINED_RENDERER	3	2	1	CHD	YES	0	NONE	0	0	0	NONE	0	NONE	0	0	NONE	YES	COMPOSED_WORKING	NO	NO	NO	COMPOSED_WORKING_RETAINED__NO_SURFACE_OR_OCCURRENCE_PREDICTION
351	49	D_OLD_VALUES_ONLY	ONLY_COMPONENT_VALUE_CELLS_OBSERVED	G498-M234	@ACTION+CH+E+Y	CH	CH+CH+E+Y	CELESTIAL	NEHMEN · NEHMEN · GRAD I · POSTEN	POSITION AUFNEHMEN · POSITION AUFNEHMEN · GRAD I · POSITIONSPOSTEN	Nimm den Positionsposten auf und nimm den Positionsposten auf; auf Grad I.	SELF_CONTAINED_ARGUMENT	UNCHANGED_SELF_CONTAINED_RENDERER	4	2	1	CH	YES	0	NONE	0	0	0	NONE	0	NONE	0	0	NONE	YES	COMPOSED_WORKING	NO	NO	NO	COMPOSED_WORKING_RETAINED__NO_SURFACE_OR_OCCURRENCE_PREDICTION
352	50	D_OLD_VALUES_ONLY	ONLY_COMPONENT_VALUE_CELLS_OBSERVED	G498-M235	@ACTION+CH+E+Y	CH	CH+CH+E+Y	PHARMA	NEHMEN · NEHMEN · GRAD I · POSTEN	DROGENPOSTEN NEHMEN · DROGENPOSTEN NEHMEN · GRAD I · DROGENPOSTEN	Nimm den Drogenposten und nimm den Drogenposten; auf Grad I.	SELF_CONTAINED_ARGUMENT	UNCHANGED_SELF_CONTAINED_RENDERER	4	2	1	CH	YES	0	NONE	0	0	0	NONE	0	NONE	0	0	NONE	YES	COMPOSED_WORKING	NO	NO	NO	COMPOSED_WORKING_RETAINED__NO_SURFACE_OR_OCCURRENCE_PREDICTION
