page	locus	token_ordinal	surface	v67_token_gloss_de	v68_token_gloss_de	byte_identical	v68_clause_id	v68_clause_type	v68_action_license	v68_active_verb_occurrences	v69_relation_roles	v69_edge_ids	v69_source_edge_ids	v69_reference_ids	v69_target_edge_ids	v69_rival_ids	v69_token_gloss_de	v69_word_delta	v69_status	v70_microrecord_id	v70_window_role_trace	v70_window_position	v70_window_size	v70_microrecord_de	v70_token_gloss_de	v70_word_delta	v70_status	v71_action_surface_scan	v71_action_occurrence_id	v71_exact_frame_match_ids	v71_frame_decision	v71_token_gloss_de	v71_word_delta	v71_status	v72_heat_case_ids	v72_relation_roles	v72_edge_ids	v72_reference_decision	v72_token_gloss_de	v72_word_delta	v72_status	v73_ana_window_ids	v73_relation_roles	v73_new_edge_ids	v73_checkpoint_class	v73_reference_decision	v73_token_gloss_de	v73_word_delta	v73_status	v74_component_id	v74_component_position	v74_component_role	v74_component_edge_ids	v74_component_membership_class	v74_component_microrecord_de	v74_token_gloss_de	v74_word_delta	v74_status	v75_right_context_census_ids	v75_right_context_roles	v75_olpchedy_control_ids	v75_component_id	v75_component_position	v75_component_role	v75_component_edge_ids	v75_component_membership_class	v75_component_microrecord_de	v75_new_result_edge_ids	v75_token_gloss_de	v75_word_delta	v75_status	v76_action_census_ids	v76_action_census_roles	v76_finished_candidate_ids	v76_candidate_decisions	v76_component_id	v76_component_position	v76_component_role	v76_component_edge_ids	v76_component_membership_class	v76_component_microrecord_de	v76_new_result_edge_ids	v76_token_gloss_de	v76_word_delta	v76_status
f102v2	f102v2.3	1	oror	zwei Portionen	zwei Portionen	1	1	NOMINAL_BLOCK	NOT_ACTION_LICENSED	0	NONE	NONE	NONE	NONE	NONE	NONE	zwei Portionen	0	V68_WORDS_FROZEN__RELATION_METADATA_ONLY	NONE	NONE	NONE	NONE	NONE	zwei Portionen	0	V69_TOKEN_GLOSS_BYTE_IDENTICAL__SEPARATE_WINDOW_METADATA	0	NONE	NONE	NOT_IN_ACTION_SURFACE_SCAN	zwei Portionen	0	V70_TOKEN_GLOSS_BYTE_IDENTICAL__FRAME_REPLAY_METADATA_ONLY	NONE	NONE	NONE	NONE	zwei Portionen	0	PASS_V72_YKA_II_III_SISTER_FRAME__5_CASES_2_REPLAY_1_NEW_B_EDGE_2_HELD__AIIN_UNBOUND__ZERO_WORD_DELTA	NONE	NONE	NONE	NONE	NONE	zwei Portionen	0	PASS_V73_10_ANA_WINDOWS__1_EXACT_STATE_ONLY_2_WORKING_STATE_LIKE_2_DEICTIC__1_UNIQUE_CANDIDATE_1_NEW_B_EDGE__C011_OCCURRENCE_BOUND__ZERO_WORD_DELTA	NONE	NONE	NONE	NONE	NONE	NONE	zwei Portionen	0	PASS_V74_11_EDGES__9_CONNECTED_COMPONENTS__23_EDGE_NODES_2_HULL_ONLY_1_STRUCTURAL__ZERO_EDGE_WORD_DELTA	NONE	NONE	NONE	NONE	NONE	NONE	NONE	NONE	NONE	NONE	zwei Portionen	0	PASS_V75_11_TARGET_RIGHT_CONTEXTS__7_NOMINAL_3_ACTION_1_EOS__1_EXACT_WRITTEN_RESULT__2X2_DEFAULTS_REJECTED__C012_OCCURRENCE_BOUND__ZERO_WORD_DELTA	NONE	NONE	NONE	NONE	NONE	NONE	NONE	NONE	NONE	NONE	NONE	zwei Portionen	0	PASS_V76_83_ACTION_RIGHT_CONTEXTS__60_NOMINAL_15_ACTION_8_EOS__7_FINISHED_STATE_FIRSTS__3_LOCAL_READS_4_OPEN__C013_C014_ADDED__ZERO_WORD_DELTA
f104v	f104v.2	1	ychedaiin	hiervon drei Dosen bis zur Mittelstufe getrocknete Droge abmessen	hiervon drei Dosen bis zur Mittelstufe getrocknete Droge abmessen	1	1	ACTION_CLAUSE	GDT689_V62_ACTION_ORDINAL	1	NONE	NONE	NONE	R001	NONE	NONE	hiervon drei Dosen bis zur Mittelstufe getrocknete Droge abmessen	0	V68_WORDS_FROZEN__RELATION_METADATA_ONLY	NONE	NONE	NONE	NONE	NONE	hiervon drei Dosen bis zur Mittelstufe getrocknete Droge abmessen	0	V69_TOKEN_GLOSS_BYTE_IDENTICAL__SEPARATE_WINDOW_METADATA	0	NONE	NONE	NOT_IN_ACTION_SURFACE_SCAN	hiervon drei Dosen bis zur Mittelstufe getrocknete Droge abmessen	0	V70_TOKEN_GLOSS_BYTE_IDENTICAL__FRAME_REPLAY_METADATA_ONLY	NONE	NONE	NONE	NONE	hiervon drei Dosen bis zur Mittelstufe getrocknete Droge abmessen	0	PASS_V72_YKA_II_III_SISTER_FRAME__5_CASES_2_REPLAY_1_NEW_B_EDGE_2_HELD__AIIN_UNBOUND__ZERO_WORD_DELTA	NONE	NONE	NONE	NONE	NONE	hiervon drei Dosen bis zur Mittelstufe getrocknete Droge abmessen	0	PASS_V73_10_ANA_WINDOWS__1_EXACT_STATE_ONLY_2_WORKING_STATE_LIKE_2_DEICTIC__1_UNIQUE_CANDIDATE_1_NEW_B_EDGE__C011_OCCURRENCE_BOUND__ZERO_WORD_DELTA	NONE	NONE	NONE	NONE	NONE	NONE	hiervon drei Dosen bis zur Mittelstufe getrocknete Droge abmessen	0	PASS_V74_11_EDGES__9_CONNECTED_COMPONENTS__23_EDGE_NODES_2_HULL_ONLY_1_STRUCTURAL__ZERO_EDGE_WORD_DELTA	NONE	NONE	NONE	NONE	NONE	NONE	NONE	NONE	NONE	NONE	hiervon drei Dosen bis zur Mittelstufe getrocknete Droge abmessen	0	PASS_V75_11_TARGET_RIGHT_CONTEXTS__7_NOMINAL_3_ACTION_1_EOS__1_EXACT_WRITTEN_RESULT__2X2_DEFAULTS_REJECTED__C012_OCCURRENCE_BOUND__ZERO_WORD_DELTA	A001	ACTION_CLAUSE:A001	NONE	NONE	NONE	NONE	NONE	NONE	NONE	NONE	NONE	hiervon drei Dosen bis zur Mittelstufe getrocknete Droge abmessen	0	PASS_V76_83_ACTION_RIGHT_CONTEXTS__60_NOMINAL_15_ACTION_8_EOS__7_FINISHED_STATE_FIRSTS__3_LOCAL_READS_4_OPEN__C013_C014_ADDED__ZERO_WORD_DELTA
f104v	f104v.2	2	qoteed	Auszug vollständig abkühlen und abziehen	Auszug vollständig abkühlen und abziehen	1	2	ACTION_CLAUSE	GDT689_V62_ACTION_ORDINAL	2	NONE	NONE	NONE	NONE	NONE	NONE	Auszug vollständig abkühlen und abziehen	0	V68_WORDS_FROZEN__RELATION_METADATA_ONLY	NONE	NONE	NONE	NONE	NONE	Auszug vollständig abkühlen und abziehen	0	V69_TOKEN_GLOSS_BYTE_IDENTICAL__SEPARATE_WINDOW_METADATA	0	NONE	NONE	NOT_IN_ACTION_SURFACE_SCAN	Auszug vollständig abkühlen und abziehen	0	V70_TOKEN_GLOSS_BYTE_IDENTICAL__FRAME_REPLAY_METADATA_ONLY	NONE	NONE	NONE	NONE	Auszug vollständig abkühlen und abziehen	0	PASS_V72_YKA_II_III_SISTER_FRAME__5_CASES_2_REPLAY_1_NEW_B_EDGE_2_HELD__AIIN_UNBOUND__ZERO_WORD_DELTA	NONE	NONE	NONE	NONE	NONE	Auszug vollständig abkühlen und abziehen	0	PASS_V73_10_ANA_WINDOWS__1_EXACT_STATE_ONLY_2_WORKING_STATE_LIKE_2_DEICTIC__1_UNIQUE_CANDIDATE_1_NEW_B_EDGE__C011_OCCURRENCE_BOUND__ZERO_WORD_DELTA	NONE	NONE	NONE	NONE	NONE	NONE	Auszug vollständig abkühlen und abziehen	0	PASS_V74_11_EDGES__9_CONNECTED_COMPONENTS__23_EDGE_NODES_2_HULL_ONLY_1_STRUCTURAL__ZERO_EDGE_WORD_DELTA	NONE	NONE	NONE	NONE	NONE	NONE	NONE	NONE	NONE	NONE	Auszug vollständig abkühlen und abziehen	0	PASS_V75_11_TARGET_RIGHT_CONTEXTS__7_NOMINAL_3_ACTION_1_EOS__1_EXACT_WRITTEN_RESULT__2X2_DEFAULTS_REJECTED__C012_OCCURRENCE_BOUND__ZERO_WORD_DELTA	A001|A002	ACTION_CLAUSE:A002|FIRST_RIGHT_ITEM:A001	NONE	NONE	NONE	NONE	NONE	NONE	NONE	NONE	NONE	Auszug vollständig abkühlen und abziehen	0	PASS_V76_83_ACTION_RIGHT_CONTEXTS__60_NOMINAL_15_ACTION_8_EOS__7_FINISHED_STATE_FIRSTS__3_LOCAL_READS_4_OPEN__C013_C014_ADDED__ZERO_WORD_DELTA
f104v	f104v.2	3	chockhy	trockene Arzneizubereitung, Gradanfang	trockene Arzneizubereitung, Gradanfang	1	3	NOMINAL_BLOCK	NOT_ACTION_LICENSED	0	NONE	NONE	NONE	NONE	NONE	NONE	trockene Arzneizubereitung, Gradanfang	0	V68_WORDS_FROZEN__RELATION_METADATA_ONLY	NONE	NONE	NONE	NONE	NONE	trockene Arzneizubereitung, Gradanfang	0	V69_TOKEN_GLOSS_BYTE_IDENTICAL__SEPARATE_WINDOW_METADATA	0	NONE	NONE	NOT_IN_ACTION_SURFACE_SCAN	trockene Arzneizubereitung, Gradanfang	0	V70_TOKEN_GLOSS_BYTE_IDENTICAL__FRAME_REPLAY_METADATA_ONLY	NONE	NONE	NONE	NONE	trockene Arzneizubereitung, Gradanfang	0	PASS_V72_YKA_II_III_SISTER_FRAME__5_CASES_2_REPLAY_1_NEW_B_EDGE_2_HELD__AIIN_UNBOUND__ZERO_WORD_DELTA	NONE	NONE	NONE	NONE	NONE	trockene Arzneizubereitung, Gradanfang	0	PASS_V73_10_ANA_WINDOWS__1_EXACT_STATE_ONLY_2_WORKING_STATE_LIKE_2_DEICTIC__1_UNIQUE_CANDIDATE_1_NEW_B_EDGE__C011_OCCURRENCE_BOUND__ZERO_WORD_DELTA	NONE	NONE	NONE	NONE	NONE	NONE	trockene Arzneizubereitung, Gradanfang	0	PASS_V74_11_EDGES__9_CONNECTED_COMPONENTS__23_EDGE_NODES_2_HULL_ONLY_1_STRUCTURAL__ZERO_EDGE_WORD_DELTA	NONE	NONE	NONE	NONE	NONE	NONE	NONE	NONE	NONE	NONE	trockene Arzneizubereitung, Gradanfang	0	PASS_V75_11_TARGET_RIGHT_CONTEXTS__7_NOMINAL_3_ACTION_1_EOS__1_EXACT_WRITTEN_RESULT__2X2_DEFAULTS_REJECTED__C012_OCCURRENCE_BOUND__ZERO_WORD_DELTA	A002	FIRST_RIGHT_ITEM:A002	NONE	NONE	NONE	NONE	NONE	NONE	NONE	NONE	NONE	trockene Arzneizubereitung, Gradanfang	0	PASS_V76_83_ACTION_RIGHT_CONTEXTS__60_NOMINAL_15_ACTION_8_EOS__7_FINISHED_STATE_FIRSTS__3_LOCAL_READS_4_OPEN__C013_C014_ADDED__ZERO_WORD_DELTA
f104v	f104v.2	4	otaiin	kalter Ansatz, Grad III	kalter Ansatz, Grad III	1	3	NOMINAL_BLOCK	NOT_ACTION_LICENSED	0	PREPARATION_HEAD:C009	C009	C009	NONE	NONE	NONE	kalter Ansatz, Grad III	0	V68_WORDS_FROZEN__RELATION_METADATA_ONLY	M001	PREPARATION_HEAD:C009	1	3	Kalter Ansatz, Grad III: davon drei Maße. Eines der drei Maße nehmen und erhitzen.	kalter Ansatz, Grad III	0	V69_TOKEN_GLOSS_BYTE_IDENTICAL__SEPARATE_WINDOW_METADATA	0	NONE	NONE	NOT_IN_ACTION_SURFACE_SCAN	kalter Ansatz, Grad III	0	V70_TOKEN_GLOSS_BYTE_IDENTICAL__FRAME_REPLAY_METADATA_ONLY	NONE	NONE	NONE	NONE	kalter Ansatz, Grad III	0	PASS_V72_YKA_II_III_SISTER_FRAME__5_CASES_2_REPLAY_1_NEW_B_EDGE_2_HELD__AIIN_UNBOUND__ZERO_WORD_DELTA	NONE	NONE	NONE	NONE	NONE	kalter Ansatz, Grad III	0	PASS_V73_10_ANA_WINDOWS__1_EXACT_STATE_ONLY_2_WORKING_STATE_LIKE_2_DEICTIC__1_UNIQUE_CANDIDATE_1_NEW_B_EDGE__C011_OCCURRENCE_BOUND__ZERO_WORD_DELTA	M001	1	PREPARATION_HEAD:C009	C009	EDGE_NODE	Kalter Ansatz, Grad III: davon drei Maße. Eines der drei Maße nehmen und erhitzen.	kalter Ansatz, Grad III	0	PASS_V74_11_EDGES__9_CONNECTED_COMPONENTS__23_EDGE_NODES_2_HULL_ONLY_1_STRUCTURAL__ZERO_EDGE_WORD_DELTA	NONE	NONE	NONE	M001	1	PREPARATION_HEAD:C009	C009	EDGE_NODE	Kalter Ansatz, Grad III: davon drei Maße. Eines der drei Maße nehmen und erhitzen.	NONE	kalter Ansatz, Grad III	0	PASS_V75_11_TARGET_RIGHT_CONTEXTS__7_NOMINAL_3_ACTION_1_EOS__1_EXACT_WRITTEN_RESULT__2X2_DEFAULTS_REJECTED__C012_OCCURRENCE_BOUND__ZERO_WORD_DELTA	NONE	NONE	NONE	NONE	M001	1	PREPARATION_HEAD:C009	C009	EDGE_NODE	Kalter Ansatz, Grad III: davon drei Maße. Eines der drei Maße nehmen und erhitzen.	NONE	kalter Ansatz, Grad III	0	PASS_V76_83_ACTION_RIGHT_CONTEXTS__60_NOMINAL_15_ACTION_8_EOS__7_FINISHED_STATE_FIRSTS__3_LOCAL_READS_4_OPEN__C013_C014_ADDED__ZERO_WORD_DELTA
f104v	f104v.2	5	ydaiin	davon drei Maße	davon drei Maße	1	3	NOMINAL_BLOCK	NOT_ACTION_LICENSED	0	DONOR_MEASURE_POOL:C009|REFERENCE:C009	C009	C009	R002	NONE	NONE	davon drei Maße	0	V68_WORDS_FROZEN__RELATION_METADATA_ONLY	M001	DONOR_MEASURE_POOL:C009|REFERENCE:C009	2	3	Kalter Ansatz, Grad III: davon drei Maße. Eines der drei Maße nehmen und erhitzen.	davon drei Maße	0	V69_TOKEN_GLOSS_BYTE_IDENTICAL__SEPARATE_WINDOW_METADATA	0	NONE	NONE	NOT_IN_ACTION_SURFACE_SCAN	davon drei Maße	0	V70_TOKEN_GLOSS_BYTE_IDENTICAL__FRAME_REPLAY_METADATA_ONLY	NONE	NONE	NONE	NONE	davon drei Maße	0	PASS_V72_YKA_II_III_SISTER_FRAME__5_CASES_2_REPLAY_1_NEW_B_EDGE_2_HELD__AIIN_UNBOUND__ZERO_WORD_DELTA	NONE	NONE	NONE	NONE	NONE	davon drei Maße	0	PASS_V73_10_ANA_WINDOWS__1_EXACT_STATE_ONLY_2_WORKING_STATE_LIKE_2_DEICTIC__1_UNIQUE_CANDIDATE_1_NEW_B_EDGE__C011_OCCURRENCE_BOUND__ZERO_WORD_DELTA	M001	2	DONOR_MEASURE_POOL:C009|REFERENCE:C009	C009	EDGE_NODE	Kalter Ansatz, Grad III: davon drei Maße. Eines der drei Maße nehmen und erhitzen.	davon drei Maße	0	PASS_V74_11_EDGES__9_CONNECTED_COMPONENTS__23_EDGE_NODES_2_HULL_ONLY_1_STRUCTURAL__ZERO_EDGE_WORD_DELTA	NONE	NONE	NONE	M001	2	DONOR_MEASURE_POOL:C009|REFERENCE:C009	C009	EDGE_NODE	Kalter Ansatz, Grad III: davon drei Maße. Eines der drei Maße nehmen und erhitzen.	NONE	davon drei Maße	0	PASS_V75_11_TARGET_RIGHT_CONTEXTS__7_NOMINAL_3_ACTION_1_EOS__1_EXACT_WRITTEN_RESULT__2X2_DEFAULTS_REJECTED__C012_OCCURRENCE_BOUND__ZERO_WORD_DELTA	NONE	NONE	NONE	NONE	M001	2	DONOR_MEASURE_POOL:C009|REFERENCE:C009	C009	EDGE_NODE	Kalter Ansatz, Grad III: davon drei Maße. Eines der drei Maße nehmen und erhitzen.	NONE	davon drei Maße	0	PASS_V76_83_ACTION_RIGHT_CONTEXTS__60_NOMINAL_15_ACTION_8_EOS__7_FINISHED_STATE_FIRSTS__3_LOCAL_READS_4_OPEN__C013_C014_ADDED__ZERO_WORD_DELTA
f104v	f104v.2	6	qokamdy	ein Maß nehmen und erhitzen	ein Maß nehmen und erhitzen	1	4	ACTION_CLAUSE	GDT689_V62_ACTION_ORDINAL	2	TARGET_ACTION:C009	C009	NONE	NONE	C009	NONE	ein Maß nehmen und erhitzen	0	V68_WORDS_FROZEN__RELATION_METADATA_ONLY	M001	TARGET_ACTION:C009	3	3	Kalter Ansatz, Grad III: davon drei Maße. Eines der drei Maße nehmen und erhitzen.	ein Maß nehmen und erhitzen	0	V69_TOKEN_GLOSS_BYTE_IDENTICAL__SEPARATE_WINDOW_METADATA	1	A001	T009	ALREADY_ADMITTED_EXACT_SELF_REPLAY	ein Maß nehmen und erhitzen	0	V70_TOKEN_GLOSS_BYTE_IDENTICAL__FRAME_REPLAY_METADATA_ONLY	NONE	NONE	NONE	NONE	ein Maß nehmen und erhitzen	0	PASS_V72_YKA_II_III_SISTER_FRAME__5_CASES_2_REPLAY_1_NEW_B_EDGE_2_HELD__AIIN_UNBOUND__ZERO_WORD_DELTA	NONE	NONE	NONE	NONE	NONE	ein Maß nehmen und erhitzen	0	PASS_V73_10_ANA_WINDOWS__1_EXACT_STATE_ONLY_2_WORKING_STATE_LIKE_2_DEICTIC__1_UNIQUE_CANDIDATE_1_NEW_B_EDGE__C011_OCCURRENCE_BOUND__ZERO_WORD_DELTA	M001	3	TARGET_ACTION:C009	C009	EDGE_NODE	Kalter Ansatz, Grad III: davon drei Maße. Eines der drei Maße nehmen und erhitzen.	ein Maß nehmen und erhitzen	0	PASS_V74_11_EDGES__9_CONNECTED_COMPONENTS__23_EDGE_NODES_2_HULL_ONLY_1_STRUCTURAL__ZERO_EDGE_WORD_DELTA	V75R009	TARGET_ACTION_CLAUSE:V75R009	NONE	M001	3	TARGET_ACTION:C009	C009	EDGE_NODE	Kalter Ansatz, Grad III: davon drei Maße. Eines der drei Maße nehmen und erhitzen.	NONE	ein Maß nehmen und erhitzen	0	PASS_V75_11_TARGET_RIGHT_CONTEXTS__7_NOMINAL_3_ACTION_1_EOS__1_EXACT_WRITTEN_RESULT__2X2_DEFAULTS_REJECTED__C012_OCCURRENCE_BOUND__ZERO_WORD_DELTA	A003	ACTION_CLAUSE:A003	NONE	NONE	M001	3	TARGET_ACTION:C009	C009	EDGE_NODE	Kalter Ansatz, Grad III: davon drei Maße. Eines der drei Maße nehmen und erhitzen.	NONE	ein Maß nehmen und erhitzen	0	PASS_V76_83_ACTION_RIGHT_CONTEXTS__60_NOMINAL_15_ACTION_8_EOS__7_FINISHED_STATE_FIRSTS__3_LOCAL_READS_4_OPEN__C013_C014_ADDED__ZERO_WORD_DELTA
f104v	f104v.2	7	otarar	Unteranteil I des Anteils I des kalten Ansatzes	Unteranteil I des Anteils I des kalten Ansatzes	1	5	NOMINAL_BLOCK	NOT_ACTION_LICENSED	0	NONE	NONE	NONE	NONE	NONE	NONE	Unteranteil I des Anteils I des kalten Ansatzes	0	V68_WORDS_FROZEN__RELATION_METADATA_ONLY	NONE	NONE	NONE	NONE	NONE	Unteranteil I des Anteils I des kalten Ansatzes	0	V69_TOKEN_GLOSS_BYTE_IDENTICAL__SEPARATE_WINDOW_METADATA	0	NONE	NONE	NOT_IN_ACTION_SURFACE_SCAN	Unteranteil I des Anteils I des kalten Ansatzes	0	V70_TOKEN_GLOSS_BYTE_IDENTICAL__FRAME_REPLAY_METADATA_ONLY	NONE	NONE	NONE	NONE	Unteranteil I des Anteils I des kalten Ansatzes	0	PASS_V72_YKA_II_III_SISTER_FRAME__5_CASES_2_REPLAY_1_NEW_B_EDGE_2_HELD__AIIN_UNBOUND__ZERO_WORD_DELTA	NONE	NONE	NONE	NONE	NONE	Unteranteil I des Anteils I des kalten Ansatzes	0	PASS_V73_10_ANA_WINDOWS__1_EXACT_STATE_ONLY_2_WORKING_STATE_LIKE_2_DEICTIC__1_UNIQUE_CANDIDATE_1_NEW_B_EDGE__C011_OCCURRENCE_BOUND__ZERO_WORD_DELTA	NONE	NONE	NONE	NONE	NONE	NONE	Unteranteil I des Anteils I des kalten Ansatzes	0	PASS_V74_11_EDGES__9_CONNECTED_COMPONENTS__23_EDGE_NODES_2_HULL_ONLY_1_STRUCTURAL__ZERO_EDGE_WORD_DELTA	V75R009	FIRST_RIGHT_SEMANTIC:V75R009	NONE	NONE	NONE	NONE	NONE	NONE	NONE	NONE	Unteranteil I des Anteils I des kalten Ansatzes	0	PASS_V75_11_TARGET_RIGHT_CONTEXTS__7_NOMINAL_3_ACTION_1_EOS__1_EXACT_WRITTEN_RESULT__2X2_DEFAULTS_REJECTED__C012_OCCURRENCE_BOUND__ZERO_WORD_DELTA	A003	FIRST_RIGHT_ITEM:A003	NONE	NONE	NONE	NONE	NONE	NONE	NONE	NONE	NONE	Unteranteil I des Anteils I des kalten Ansatzes	0	PASS_V76_83_ACTION_RIGHT_CONTEXTS__60_NOMINAL_15_ACTION_8_EOS__7_FINISHED_STATE_FIRSTS__3_LOCAL_READS_4_OPEN__C013_C014_ADDED__ZERO_WORD_DELTA
f104v	f104v.2	8	alched	Rohdroge I, bis zur Mittelstufe getrocknet und abgeschlossen	Rohdroge I, bis zur Mittelstufe getrocknet und abgeschlossen	1	5	NOMINAL_BLOCK	NOT_ACTION_LICENSED	0	NONE	NONE	NONE	NONE	NONE	NONE	Rohdroge I, bis zur Mittelstufe getrocknet und abgeschlossen	0	V68_WORDS_FROZEN__RELATION_METADATA_ONLY	NONE	NONE	NONE	NONE	NONE	Rohdroge I, bis zur Mittelstufe getrocknet und abgeschlossen	0	V69_TOKEN_GLOSS_BYTE_IDENTICAL__SEPARATE_WINDOW_METADATA	0	NONE	NONE	NOT_IN_ACTION_SURFACE_SCAN	Rohdroge I, bis zur Mittelstufe getrocknet und abgeschlossen	0	V70_TOKEN_GLOSS_BYTE_IDENTICAL__FRAME_REPLAY_METADATA_ONLY	NONE	NONE	NONE	NONE	Rohdroge I, bis zur Mittelstufe getrocknet und abgeschlossen	0	PASS_V72_YKA_II_III_SISTER_FRAME__5_CASES_2_REPLAY_1_NEW_B_EDGE_2_HELD__AIIN_UNBOUND__ZERO_WORD_DELTA	NONE	NONE	NONE	NONE	NONE	Rohdroge I, bis zur Mittelstufe getrocknet und abgeschlossen	0	PASS_V73_10_ANA_WINDOWS__1_EXACT_STATE_ONLY_2_WORKING_STATE_LIKE_2_DEICTIC__1_UNIQUE_CANDIDATE_1_NEW_B_EDGE__C011_OCCURRENCE_BOUND__ZERO_WORD_DELTA	NONE	NONE	NONE	NONE	NONE	NONE	Rohdroge I, bis zur Mittelstufe getrocknet und abgeschlossen	0	PASS_V74_11_EDGES__9_CONNECTED_COMPONENTS__23_EDGE_NODES_2_HULL_ONLY_1_STRUCTURAL__ZERO_EDGE_WORD_DELTA	V75R009	ANTI_SKIP_CONTROL:V75R009	NONE	NONE	NONE	NONE	NONE	NONE	NONE	NONE	Rohdroge I, bis zur Mittelstufe getrocknet und abgeschlossen	0	PASS_V75_11_TARGET_RIGHT_CONTEXTS__7_NOMINAL_3_ACTION_1_EOS__1_EXACT_WRITTEN_RESULT__2X2_DEFAULTS_REJECTED__C012_OCCURRENCE_BOUND__ZERO_WORD_DELTA	NONE	NONE	NONE	NONE	NONE	NONE	NONE	NONE	NONE	NONE	NONE	Rohdroge I, bis zur Mittelstufe getrocknet und abgeschlossen	0	PASS_V76_83_ACTION_RIGHT_CONTEXTS__60_NOMINAL_15_ACTION_8_EOS__7_FINISHED_STATE_FIRSTS__3_LOCAL_READS_4_OPEN__C013_C014_ADDED__ZERO_WORD_DELTA
f104v	f104v.2	9	otair	Anteil II des kalten Ansatzes	Anteil II des kalten Ansatzes	1	5	NOMINAL_BLOCK	NOT_ACTION_LICENSED	0	NONE	NONE	NONE	NONE	NONE	NONE	Anteil II des kalten Ansatzes	0	V68_WORDS_FROZEN__RELATION_METADATA_ONLY	NONE	NONE	NONE	NONE	NONE	Anteil II des kalten Ansatzes	0	V69_TOKEN_GLOSS_BYTE_IDENTICAL__SEPARATE_WINDOW_METADATA	0	NONE	NONE	NOT_IN_ACTION_SURFACE_SCAN	Anteil II des kalten Ansatzes	0	V70_TOKEN_GLOSS_BYTE_IDENTICAL__FRAME_REPLAY_METADATA_ONLY	NONE	NONE	NONE	NONE	Anteil II des kalten Ansatzes	0	PASS_V72_YKA_II_III_SISTER_FRAME__5_CASES_2_REPLAY_1_NEW_B_EDGE_2_HELD__AIIN_UNBOUND__ZERO_WORD_DELTA	NONE	NONE	NONE	NONE	NONE	Anteil II des kalten Ansatzes	0	PASS_V73_10_ANA_WINDOWS__1_EXACT_STATE_ONLY_2_WORKING_STATE_LIKE_2_DEICTIC__1_UNIQUE_CANDIDATE_1_NEW_B_EDGE__C011_OCCURRENCE_BOUND__ZERO_WORD_DELTA	NONE	NONE	NONE	NONE	NONE	NONE	Anteil II des kalten Ansatzes	0	PASS_V74_11_EDGES__9_CONNECTED_COMPONENTS__23_EDGE_NODES_2_HULL_ONLY_1_STRUCTURAL__ZERO_EDGE_WORD_DELTA	NONE	NONE	NONE	NONE	NONE	NONE	NONE	NONE	NONE	NONE	Anteil II des kalten Ansatzes	0	PASS_V75_11_TARGET_RIGHT_CONTEXTS__7_NOMINAL_3_ACTION_1_EOS__1_EXACT_WRITTEN_RESULT__2X2_DEFAULTS_REJECTED__C012_OCCURRENCE_BOUND__ZERO_WORD_DELTA	NONE	NONE	NONE	NONE	NONE	NONE	NONE	NONE	NONE	NONE	NONE	Anteil II des kalten Ansatzes	0	PASS_V76_83_ACTION_RIGHT_CONTEXTS__60_NOMINAL_15_ACTION_8_EOS__7_FINISHED_STATE_FIRSTS__3_LOCAL_READS_4_OPEN__C013_C014_ADDED__ZERO_WORD_DELTA
f104v	f104v.2	10	oram	eine Maßportion Ansatz	eine Maßportion Ansatz	1	5	NOMINAL_BLOCK	NOT_ACTION_LICENSED	0	NONE	NONE	NONE	NONE	NONE	NONE	eine Maßportion Ansatz	0	V68_WORDS_FROZEN__RELATION_METADATA_ONLY	NONE	NONE	NONE	NONE	NONE	eine Maßportion Ansatz	0	V69_TOKEN_GLOSS_BYTE_IDENTICAL__SEPARATE_WINDOW_METADATA	0	NONE	NONE	NOT_IN_ACTION_SURFACE_SCAN	eine Maßportion Ansatz	0	V70_TOKEN_GLOSS_BYTE_IDENTICAL__FRAME_REPLAY_METADATA_ONLY	NONE	NONE	NONE	NONE	eine Maßportion Ansatz	0	PASS_V72_YKA_II_III_SISTER_FRAME__5_CASES_2_REPLAY_1_NEW_B_EDGE_2_HELD__AIIN_UNBOUND__ZERO_WORD_DELTA	NONE	NONE	NONE	NONE	NONE	eine Maßportion Ansatz	0	PASS_V73_10_ANA_WINDOWS__1_EXACT_STATE_ONLY_2_WORKING_STATE_LIKE_2_DEICTIC__1_UNIQUE_CANDIDATE_1_NEW_B_EDGE__C011_OCCURRENCE_BOUND__ZERO_WORD_DELTA	NONE	NONE	NONE	NONE	NONE	NONE	eine Maßportion Ansatz	0	PASS_V74_11_EDGES__9_CONNECTED_COMPONENTS__23_EDGE_NODES_2_HULL_ONLY_1_STRUCTURAL__ZERO_EDGE_WORD_DELTA	NONE	NONE	NONE	NONE	NONE	NONE	NONE	NONE	NONE	NONE	eine Maßportion Ansatz	0	PASS_V75_11_TARGET_RIGHT_CONTEXTS__7_NOMINAL_3_ACTION_1_EOS__1_EXACT_WRITTEN_RESULT__2X2_DEFAULTS_REJECTED__C012_OCCURRENCE_BOUND__ZERO_WORD_DELTA	NONE	NONE	NONE	NONE	NONE	NONE	NONE	NONE	NONE	NONE	NONE	eine Maßportion Ansatz	0	PASS_V76_83_ACTION_RIGHT_CONTEXTS__60_NOMINAL_15_ACTION_8_EOS__7_FINISHED_STATE_FIRSTS__3_LOCAL_READS_4_OPEN__C013_C014_ADDED__ZERO_WORD_DELTA
f105r	f105r.2	1	dshees	eine Dosis vollständig eingeweichte Arzneimischung	eine Dosis vollständig eingeweichte Arzneimischung	1	1	NOMINAL_BLOCK	NOT_ACTION_LICENSED	0	NONE	NONE	NONE	NONE	NONE	NONE	eine Dosis vollständig eingeweichte Arzneimischung	0	V68_WORDS_FROZEN__RELATION_METADATA_ONLY	NONE	NONE	NONE	NONE	NONE	eine Dosis vollständig eingeweichte Arzneimischung	0	V69_TOKEN_GLOSS_BYTE_IDENTICAL__SEPARATE_WINDOW_METADATA	0	NONE	NONE	NOT_IN_ACTION_SURFACE_SCAN	eine Dosis vollständig eingeweichte Arzneimischung	0	V70_TOKEN_GLOSS_BYTE_IDENTICAL__FRAME_REPLAY_METADATA_ONLY	NONE	NONE	NONE	NONE	eine Dosis vollständig eingeweichte Arzneimischung	0	PASS_V72_YKA_II_III_SISTER_FRAME__5_CASES_2_REPLAY_1_NEW_B_EDGE_2_HELD__AIIN_UNBOUND__ZERO_WORD_DELTA	NONE	NONE	NONE	NONE	NONE	eine Dosis vollständig eingeweichte Arzneimischung	0	PASS_V73_10_ANA_WINDOWS__1_EXACT_STATE_ONLY_2_WORKING_STATE_LIKE_2_DEICTIC__1_UNIQUE_CANDIDATE_1_NEW_B_EDGE__C011_OCCURRENCE_BOUND__ZERO_WORD_DELTA	NONE	NONE	NONE	NONE	NONE	NONE	eine Dosis vollständig eingeweichte Arzneimischung	0	PASS_V74_11_EDGES__9_CONNECTED_COMPONENTS__23_EDGE_NODES_2_HULL_ONLY_1_STRUCTURAL__ZERO_EDGE_WORD_DELTA	NONE	NONE	NONE	NONE	NONE	NONE	NONE	NONE	NONE	NONE	eine Dosis vollständig eingeweichte Arzneimischung	0	PASS_V75_11_TARGET_RIGHT_CONTEXTS__7_NOMINAL_3_ACTION_1_EOS__1_EXACT_WRITTEN_RESULT__2X2_DEFAULTS_REJECTED__C012_OCCURRENCE_BOUND__ZERO_WORD_DELTA	NONE	NONE	NONE	NONE	NONE	NONE	NONE	NONE	NONE	NONE	NONE	eine Dosis vollständig eingeweichte Arzneimischung	0	PASS_V76_83_ACTION_RIGHT_CONTEXTS__60_NOMINAL_15_ACTION_8_EOS__7_FINISHED_STATE_FIRSTS__3_LOCAL_READS_4_OPEN__C013_C014_ADDED__ZERO_WORD_DELTA
f105r	f105r.2	2	yey	hieran anschließend	hieran anschließend	1	1	NOMINAL_BLOCK	NOT_ACTION_LICENSED	0	NONE	NONE	NONE	R003	NONE	NONE	hieran anschließend	0	V68_WORDS_FROZEN__RELATION_METADATA_ONLY	NONE	NONE	NONE	NONE	NONE	hieran anschließend	0	V69_TOKEN_GLOSS_BYTE_IDENTICAL__SEPARATE_WINDOW_METADATA	0	NONE	NONE	NOT_IN_ACTION_SURFACE_SCAN	hieran anschließend	0	V70_TOKEN_GLOSS_BYTE_IDENTICAL__FRAME_REPLAY_METADATA_ONLY	NONE	NONE	NONE	NONE	hieran anschließend	0	PASS_V72_YKA_II_III_SISTER_FRAME__5_CASES_2_REPLAY_1_NEW_B_EDGE_2_HELD__AIIN_UNBOUND__ZERO_WORD_DELTA	NONE	NONE	NONE	NONE	NONE	hieran anschließend	0	PASS_V73_10_ANA_WINDOWS__1_EXACT_STATE_ONLY_2_WORKING_STATE_LIKE_2_DEICTIC__1_UNIQUE_CANDIDATE_1_NEW_B_EDGE__C011_OCCURRENCE_BOUND__ZERO_WORD_DELTA	NONE	NONE	NONE	NONE	NONE	NONE	hieran anschließend	0	PASS_V74_11_EDGES__9_CONNECTED_COMPONENTS__23_EDGE_NODES_2_HULL_ONLY_1_STRUCTURAL__ZERO_EDGE_WORD_DELTA	NONE	NONE	NONE	NONE	NONE	NONE	NONE	NONE	NONE	NONE	hieran anschließend	0	PASS_V75_11_TARGET_RIGHT_CONTEXTS__7_NOMINAL_3_ACTION_1_EOS__1_EXACT_WRITTEN_RESULT__2X2_DEFAULTS_REJECTED__C012_OCCURRENCE_BOUND__ZERO_WORD_DELTA	NONE	NONE	NONE	NONE	NONE	NONE	NONE	NONE	NONE	NONE	NONE	hieran anschließend	0	PASS_V76_83_ACTION_RIGHT_CONTEXTS__60_NOMINAL_15_ACTION_8_EOS__7_FINISHED_STATE_FIRSTS__3_LOCAL_READS_4_OPEN__C013_C014_ADDED__ZERO_WORD_DELTA
f105r	f105r.2	3	cheey	trocken am Ende des Grades	trocken am Ende des Grades	1	1	NOMINAL_BLOCK	NOT_ACTION_LICENSED	0	NONE	NONE	NONE	NONE	NONE	NONE	trocken am Ende des Grades	0	V68_WORDS_FROZEN__RELATION_METADATA_ONLY	NONE	NONE	NONE	NONE	NONE	trocken am Ende des Grades	0	V69_TOKEN_GLOSS_BYTE_IDENTICAL__SEPARATE_WINDOW_METADATA	0	NONE	NONE	NOT_IN_ACTION_SURFACE_SCAN	trocken am Ende des Grades	0	V70_TOKEN_GLOSS_BYTE_IDENTICAL__FRAME_REPLAY_METADATA_ONLY	NONE	NONE	NONE	NONE	trocken am Ende des Grades	0	PASS_V72_YKA_II_III_SISTER_FRAME__5_CASES_2_REPLAY_1_NEW_B_EDGE_2_HELD__AIIN_UNBOUND__ZERO_WORD_DELTA	NONE	NONE	NONE	NONE	NONE	trocken am Ende des Grades	0	PASS_V73_10_ANA_WINDOWS__1_EXACT_STATE_ONLY_2_WORKING_STATE_LIKE_2_DEICTIC__1_UNIQUE_CANDIDATE_1_NEW_B_EDGE__C011_OCCURRENCE_BOUND__ZERO_WORD_DELTA	NONE	NONE	NONE	NONE	NONE	NONE	trocken am Ende des Grades	0	PASS_V74_11_EDGES__9_CONNECTED_COMPONENTS__23_EDGE_NODES_2_HULL_ONLY_1_STRUCTURAL__ZERO_EDGE_WORD_DELTA	NONE	NONE	NONE	NONE	NONE	NONE	NONE	NONE	NONE	NONE	trocken am Ende des Grades	0	PASS_V75_11_TARGET_RIGHT_CONTEXTS__7_NOMINAL_3_ACTION_1_EOS__1_EXACT_WRITTEN_RESULT__2X2_DEFAULTS_REJECTED__C012_OCCURRENCE_BOUND__ZERO_WORD_DELTA	NONE	NONE	NONE	NONE	NONE	NONE	NONE	NONE	NONE	NONE	NONE	trocken am Ende des Grades	0	PASS_V76_83_ACTION_RIGHT_CONTEXTS__60_NOMINAL_15_ACTION_8_EOS__7_FINISHED_STATE_FIRSTS__3_LOCAL_READS_4_OPEN__C013_C014_ADDED__ZERO_WORD_DELTA
f105r	f105r.2	4	raiin	Wurzel, Charge III	Wurzel, Charge III	1	1	NOMINAL_BLOCK	NOT_ACTION_LICENSED	0	NONE	NONE	NONE	NONE	NONE	NONE	Wurzel, Charge III	0	V68_WORDS_FROZEN__RELATION_METADATA_ONLY	NONE	NONE	NONE	NONE	NONE	Wurzel, Charge III	0	V69_TOKEN_GLOSS_BYTE_IDENTICAL__SEPARATE_WINDOW_METADATA	0	NONE	NONE	NOT_IN_ACTION_SURFACE_SCAN	Wurzel, Charge III	0	V70_TOKEN_GLOSS_BYTE_IDENTICAL__FRAME_REPLAY_METADATA_ONLY	NONE	NONE	NONE	NONE	Wurzel, Charge III	0	PASS_V72_YKA_II_III_SISTER_FRAME__5_CASES_2_REPLAY_1_NEW_B_EDGE_2_HELD__AIIN_UNBOUND__ZERO_WORD_DELTA	NONE	NONE	NONE	NONE	NONE	Wurzel, Charge III	0	PASS_V73_10_ANA_WINDOWS__1_EXACT_STATE_ONLY_2_WORKING_STATE_LIKE_2_DEICTIC__1_UNIQUE_CANDIDATE_1_NEW_B_EDGE__C011_OCCURRENCE_BOUND__ZERO_WORD_DELTA	NONE	NONE	NONE	NONE	NONE	NONE	Wurzel, Charge III	0	PASS_V74_11_EDGES__9_CONNECTED_COMPONENTS__23_EDGE_NODES_2_HULL_ONLY_1_STRUCTURAL__ZERO_EDGE_WORD_DELTA	NONE	NONE	NONE	NONE	NONE	NONE	NONE	NONE	NONE	NONE	Wurzel, Charge III	0	PASS_V75_11_TARGET_RIGHT_CONTEXTS__7_NOMINAL_3_ACTION_1_EOS__1_EXACT_WRITTEN_RESULT__2X2_DEFAULTS_REJECTED__C012_OCCURRENCE_BOUND__ZERO_WORD_DELTA	NONE	NONE	NONE	NONE	NONE	NONE	NONE	NONE	NONE	NONE	NONE	Wurzel, Charge III	0	PASS_V76_83_ACTION_RIGHT_CONTEXTS__60_NOMINAL_15_ACTION_8_EOS__7_FINISHED_STATE_FIRSTS__3_LOCAL_READS_4_OPEN__C013_C014_ADDED__ZERO_WORD_DELTA
f105r	f105r.2	5	otchdy	kalt-trockene Zubereitung, Anfangsstufe erreicht	kalt-trockene Zubereitung, Anfangsstufe erreicht	1	1	NOMINAL_BLOCK	NOT_ACTION_LICENSED	0	NONE	NONE	NONE	NONE	NONE	NONE	kalt-trockene Zubereitung, Anfangsstufe erreicht	0	V68_WORDS_FROZEN__RELATION_METADATA_ONLY	NONE	NONE	NONE	NONE	NONE	kalt-trockene Zubereitung, Anfangsstufe erreicht	0	V69_TOKEN_GLOSS_BYTE_IDENTICAL__SEPARATE_WINDOW_METADATA	0	NONE	NONE	NOT_IN_ACTION_SURFACE_SCAN	kalt-trockene Zubereitung, Anfangsstufe erreicht	0	V70_TOKEN_GLOSS_BYTE_IDENTICAL__FRAME_REPLAY_METADATA_ONLY	NONE	NONE	NONE	NONE	kalt-trockene Zubereitung, Anfangsstufe erreicht	0	PASS_V72_YKA_II_III_SISTER_FRAME__5_CASES_2_REPLAY_1_NEW_B_EDGE_2_HELD__AIIN_UNBOUND__ZERO_WORD_DELTA	NONE	NONE	NONE	NONE	NONE	kalt-trockene Zubereitung, Anfangsstufe erreicht	0	PASS_V73_10_ANA_WINDOWS__1_EXACT_STATE_ONLY_2_WORKING_STATE_LIKE_2_DEICTIC__1_UNIQUE_CANDIDATE_1_NEW_B_EDGE__C011_OCCURRENCE_BOUND__ZERO_WORD_DELTA	NONE	NONE	NONE	NONE	NONE	NONE	kalt-trockene Zubereitung, Anfangsstufe erreicht	0	PASS_V74_11_EDGES__9_CONNECTED_COMPONENTS__23_EDGE_NODES_2_HULL_ONLY_1_STRUCTURAL__ZERO_EDGE_WORD_DELTA	NONE	NONE	NONE	NONE	NONE	NONE	NONE	NONE	NONE	NONE	kalt-trockene Zubereitung, Anfangsstufe erreicht	0	PASS_V75_11_TARGET_RIGHT_CONTEXTS__7_NOMINAL_3_ACTION_1_EOS__1_EXACT_WRITTEN_RESULT__2X2_DEFAULTS_REJECTED__C012_OCCURRENCE_BOUND__ZERO_WORD_DELTA	NONE	NONE	NONE	NONE	NONE	NONE	NONE	NONE	NONE	NONE	NONE	kalt-trockene Zubereitung, Anfangsstufe erreicht	0	PASS_V76_83_ACTION_RIGHT_CONTEXTS__60_NOMINAL_15_ACTION_8_EOS__7_FINISHED_STATE_FIRSTS__3_LOCAL_READS_4_OPEN__C013_C014_ADDED__ZERO_WORD_DELTA
f105r	f105r.2	6	qodor	eine Portion des Ansatzes abmessen	eine Portion des Ansatzes abmessen	1	2	ACTION_CLAUSE	GDT689_V62_ACTION_ORDINAL	1	NONE	NONE	NONE	NONE	NONE	NONE	eine Portion des Ansatzes abmessen	0	V68_WORDS_FROZEN__RELATION_METADATA_ONLY	NONE	NONE	NONE	NONE	NONE	eine Portion des Ansatzes abmessen	0	V69_TOKEN_GLOSS_BYTE_IDENTICAL__SEPARATE_WINDOW_METADATA	0	NONE	NONE	NOT_IN_ACTION_SURFACE_SCAN	eine Portion des Ansatzes abmessen	0	V70_TOKEN_GLOSS_BYTE_IDENTICAL__FRAME_REPLAY_METADATA_ONLY	NONE	NONE	NONE	NONE	eine Portion des Ansatzes abmessen	0	PASS_V72_YKA_II_III_SISTER_FRAME__5_CASES_2_REPLAY_1_NEW_B_EDGE_2_HELD__AIIN_UNBOUND__ZERO_WORD_DELTA	NONE	NONE	NONE	NONE	NONE	eine Portion des Ansatzes abmessen	0	PASS_V73_10_ANA_WINDOWS__1_EXACT_STATE_ONLY_2_WORKING_STATE_LIKE_2_DEICTIC__1_UNIQUE_CANDIDATE_1_NEW_B_EDGE__C011_OCCURRENCE_BOUND__ZERO_WORD_DELTA	NONE	NONE	NONE	NONE	NONE	NONE	eine Portion des Ansatzes abmessen	0	PASS_V74_11_EDGES__9_CONNECTED_COMPONENTS__23_EDGE_NODES_2_HULL_ONLY_1_STRUCTURAL__ZERO_EDGE_WORD_DELTA	NONE	NONE	NONE	NONE	NONE	NONE	NONE	NONE	NONE	NONE	eine Portion des Ansatzes abmessen	0	PASS_V75_11_TARGET_RIGHT_CONTEXTS__7_NOMINAL_3_ACTION_1_EOS__1_EXACT_WRITTEN_RESULT__2X2_DEFAULTS_REJECTED__C012_OCCURRENCE_BOUND__ZERO_WORD_DELTA	A004	ACTION_CLAUSE:A004	NONE	NONE	NONE	NONE	NONE	NONE	NONE	NONE	NONE	eine Portion des Ansatzes abmessen	0	PASS_V76_83_ACTION_RIGHT_CONTEXTS__60_NOMINAL_15_ACTION_8_EOS__7_FINISHED_STATE_FIRSTS__3_LOCAL_READS_4_OPEN__C013_C014_ADDED__ZERO_WORD_DELTA
f105r	f105r.2	7	ches	trockenes Drogenmaterial, Mittelstufe	trockenes Drogenmaterial, Mittelstufe	1	3	NOMINAL_BLOCK	NOT_ACTION_LICENSED	0	NONE	NONE	NONE	NONE	NONE	NONE	trockenes Drogenmaterial, Mittelstufe	0	V68_WORDS_FROZEN__RELATION_METADATA_ONLY	NONE	NONE	NONE	NONE	NONE	trockenes Drogenmaterial, Mittelstufe	0	V69_TOKEN_GLOSS_BYTE_IDENTICAL__SEPARATE_WINDOW_METADATA	0	NONE	NONE	NOT_IN_ACTION_SURFACE_SCAN	trockenes Drogenmaterial, Mittelstufe	0	V70_TOKEN_GLOSS_BYTE_IDENTICAL__FRAME_REPLAY_METADATA_ONLY	NONE	NONE	NONE	NONE	trockenes Drogenmaterial, Mittelstufe	0	PASS_V72_YKA_II_III_SISTER_FRAME__5_CASES_2_REPLAY_1_NEW_B_EDGE_2_HELD__AIIN_UNBOUND__ZERO_WORD_DELTA	NONE	NONE	NONE	NONE	NONE	trockenes Drogenmaterial, Mittelstufe	0	PASS_V73_10_ANA_WINDOWS__1_EXACT_STATE_ONLY_2_WORKING_STATE_LIKE_2_DEICTIC__1_UNIQUE_CANDIDATE_1_NEW_B_EDGE__C011_OCCURRENCE_BOUND__ZERO_WORD_DELTA	NONE	NONE	NONE	NONE	NONE	NONE	trockenes Drogenmaterial, Mittelstufe	0	PASS_V74_11_EDGES__9_CONNECTED_COMPONENTS__23_EDGE_NODES_2_HULL_ONLY_1_STRUCTURAL__ZERO_EDGE_WORD_DELTA	NONE	NONE	NONE	NONE	NONE	NONE	NONE	NONE	NONE	NONE	trockenes Drogenmaterial, Mittelstufe	0	PASS_V75_11_TARGET_RIGHT_CONTEXTS__7_NOMINAL_3_ACTION_1_EOS__1_EXACT_WRITTEN_RESULT__2X2_DEFAULTS_REJECTED__C012_OCCURRENCE_BOUND__ZERO_WORD_DELTA	A004	FIRST_RIGHT_ITEM:A004	NONE	NONE	NONE	NONE	NONE	NONE	NONE	NONE	NONE	trockenes Drogenmaterial, Mittelstufe	0	PASS_V76_83_ACTION_RIGHT_CONTEXTS__60_NOMINAL_15_ACTION_8_EOS__7_FINISHED_STATE_FIRSTS__3_LOCAL_READS_4_OPEN__C013_C014_ADDED__ZERO_WORD_DELTA
f105r	f105r.2	8	or	Drogenportion	Drogenportion	1	3	NOMINAL_BLOCK	NOT_ACTION_LICENSED	0	NONE	NONE	NONE	NONE	NONE	NONE	Drogenportion	0	V68_WORDS_FROZEN__RELATION_METADATA_ONLY	NONE	NONE	NONE	NONE	NONE	Drogenportion	0	V69_TOKEN_GLOSS_BYTE_IDENTICAL__SEPARATE_WINDOW_METADATA	0	NONE	NONE	NOT_IN_ACTION_SURFACE_SCAN	Drogenportion	0	V70_TOKEN_GLOSS_BYTE_IDENTICAL__FRAME_REPLAY_METADATA_ONLY	NONE	NONE	NONE	NONE	Drogenportion	0	PASS_V72_YKA_II_III_SISTER_FRAME__5_CASES_2_REPLAY_1_NEW_B_EDGE_2_HELD__AIIN_UNBOUND__ZERO_WORD_DELTA	NONE	NONE	NONE	NONE	NONE	Drogenportion	0	PASS_V73_10_ANA_WINDOWS__1_EXACT_STATE_ONLY_2_WORKING_STATE_LIKE_2_DEICTIC__1_UNIQUE_CANDIDATE_1_NEW_B_EDGE__C011_OCCURRENCE_BOUND__ZERO_WORD_DELTA	NONE	NONE	NONE	NONE	NONE	NONE	Drogenportion	0	PASS_V74_11_EDGES__9_CONNECTED_COMPONENTS__23_EDGE_NODES_2_HULL_ONLY_1_STRUCTURAL__ZERO_EDGE_WORD_DELTA	NONE	NONE	NONE	NONE	NONE	NONE	NONE	NONE	NONE	NONE	Drogenportion	0	PASS_V75_11_TARGET_RIGHT_CONTEXTS__7_NOMINAL_3_ACTION_1_EOS__1_EXACT_WRITTEN_RESULT__2X2_DEFAULTS_REJECTED__C012_OCCURRENCE_BOUND__ZERO_WORD_DELTA	NONE	NONE	NONE	NONE	NONE	NONE	NONE	NONE	NONE	NONE	NONE	Drogenportion	0	PASS_V76_83_ACTION_RIGHT_CONTEXTS__60_NOMINAL_15_ACTION_8_EOS__7_FINISHED_STATE_FIRSTS__3_LOCAL_READS_4_OPEN__C013_C014_ADDED__ZERO_WORD_DELTA
f105r	f105r.2	9	cheey	trocken am Ende des Grades	trocken am Ende des Grades	1	3	NOMINAL_BLOCK	NOT_ACTION_LICENSED	0	NONE	NONE	NONE	NONE	NONE	NONE	trocken am Ende des Grades	0	V68_WORDS_FROZEN__RELATION_METADATA_ONLY	NONE	NONE	NONE	NONE	NONE	trocken am Ende des Grades	0	V69_TOKEN_GLOSS_BYTE_IDENTICAL__SEPARATE_WINDOW_METADATA	0	NONE	NONE	NOT_IN_ACTION_SURFACE_SCAN	trocken am Ende des Grades	0	V70_TOKEN_GLOSS_BYTE_IDENTICAL__FRAME_REPLAY_METADATA_ONLY	NONE	NONE	NONE	NONE	trocken am Ende des Grades	0	PASS_V72_YKA_II_III_SISTER_FRAME__5_CASES_2_REPLAY_1_NEW_B_EDGE_2_HELD__AIIN_UNBOUND__ZERO_WORD_DELTA	NONE	NONE	NONE	NONE	NONE	trocken am Ende des Grades	0	PASS_V73_10_ANA_WINDOWS__1_EXACT_STATE_ONLY_2_WORKING_STATE_LIKE_2_DEICTIC__1_UNIQUE_CANDIDATE_1_NEW_B_EDGE__C011_OCCURRENCE_BOUND__ZERO_WORD_DELTA	NONE	NONE	NONE	NONE	NONE	NONE	trocken am Ende des Grades	0	PASS_V74_11_EDGES__9_CONNECTED_COMPONENTS__23_EDGE_NODES_2_HULL_ONLY_1_STRUCTURAL__ZERO_EDGE_WORD_DELTA	NONE	NONE	NONE	NONE	NONE	NONE	NONE	NONE	NONE	NONE	trocken am Ende des Grades	0	PASS_V75_11_TARGET_RIGHT_CONTEXTS__7_NOMINAL_3_ACTION_1_EOS__1_EXACT_WRITTEN_RESULT__2X2_DEFAULTS_REJECTED__C012_OCCURRENCE_BOUND__ZERO_WORD_DELTA	NONE	NONE	NONE	NONE	NONE	NONE	NONE	NONE	NONE	NONE	NONE	trocken am Ende des Grades	0	PASS_V76_83_ACTION_RIGHT_CONTEXTS__60_NOMINAL_15_ACTION_8_EOS__7_FINISHED_STATE_FIRSTS__3_LOCAL_READS_4_OPEN__C013_C014_ADDED__ZERO_WORD_DELTA
f105r	f105r.2	10	okees	Charge vollständig erhitzten Ansatzes	Charge vollständig erhitzten Ansatzes	1	3	NOMINAL_BLOCK	NOT_ACTION_LICENSED	0	NONE	NONE	NONE	NONE	NONE	NONE	Charge vollständig erhitzten Ansatzes	0	V68_WORDS_FROZEN__RELATION_METADATA_ONLY	NONE	NONE	NONE	NONE	NONE	Charge vollständig erhitzten Ansatzes	0	V69_TOKEN_GLOSS_BYTE_IDENTICAL__SEPARATE_WINDOW_METADATA	0	NONE	NONE	NOT_IN_ACTION_SURFACE_SCAN	Charge vollständig erhitzten Ansatzes	0	V70_TOKEN_GLOSS_BYTE_IDENTICAL__FRAME_REPLAY_METADATA_ONLY	NONE	NONE	NONE	NONE	Charge vollständig erhitzten Ansatzes	0	PASS_V72_YKA_II_III_SISTER_FRAME__5_CASES_2_REPLAY_1_NEW_B_EDGE_2_HELD__AIIN_UNBOUND__ZERO_WORD_DELTA	NONE	NONE	NONE	NONE	NONE	Charge vollständig erhitzten Ansatzes	0	PASS_V73_10_ANA_WINDOWS__1_EXACT_STATE_ONLY_2_WORKING_STATE_LIKE_2_DEICTIC__1_UNIQUE_CANDIDATE_1_NEW_B_EDGE__C011_OCCURRENCE_BOUND__ZERO_WORD_DELTA	NONE	NONE	NONE	NONE	NONE	NONE	Charge vollständig erhitzten Ansatzes	0	PASS_V74_11_EDGES__9_CONNECTED_COMPONENTS__23_EDGE_NODES_2_HULL_ONLY_1_STRUCTURAL__ZERO_EDGE_WORD_DELTA	NONE	NONE	NONE	NONE	NONE	NONE	NONE	NONE	NONE	NONE	Charge vollständig erhitzten Ansatzes	0	PASS_V75_11_TARGET_RIGHT_CONTEXTS__7_NOMINAL_3_ACTION_1_EOS__1_EXACT_WRITTEN_RESULT__2X2_DEFAULTS_REJECTED__C012_OCCURRENCE_BOUND__ZERO_WORD_DELTA	NONE	NONE	NONE	NONE	NONE	NONE	NONE	NONE	NONE	NONE	NONE	Charge vollständig erhitzten Ansatzes	0	PASS_V76_83_ACTION_RIGHT_CONTEXTS__60_NOMINAL_15_ACTION_8_EOS__7_FINISHED_STATE_FIRSTS__3_LOCAL_READS_4_OPEN__C013_C014_ADDED__ZERO_WORD_DELTA
f105r	f105r.2	11	odar	Anteil I des Ansatzes abmessen	Anteil I des Ansatzes abmessen	1	4	ACTION_CLAUSE	GDT689_V62_ACTION_ORDINAL	1	NONE	NONE	NONE	NONE	NONE	NONE	Anteil I des Ansatzes abmessen	0	V68_WORDS_FROZEN__RELATION_METADATA_ONLY	NONE	NONE	NONE	NONE	NONE	Anteil I des Ansatzes abmessen	0	V69_TOKEN_GLOSS_BYTE_IDENTICAL__SEPARATE_WINDOW_METADATA	0	NONE	NONE	NOT_IN_ACTION_SURFACE_SCAN	Anteil I des Ansatzes abmessen	0	V70_TOKEN_GLOSS_BYTE_IDENTICAL__FRAME_REPLAY_METADATA_ONLY	NONE	NONE	NONE	NONE	Anteil I des Ansatzes abmessen	0	PASS_V72_YKA_II_III_SISTER_FRAME__5_CASES_2_REPLAY_1_NEW_B_EDGE_2_HELD__AIIN_UNBOUND__ZERO_WORD_DELTA	NONE	NONE	NONE	NONE	NONE	Anteil I des Ansatzes abmessen	0	PASS_V73_10_ANA_WINDOWS__1_EXACT_STATE_ONLY_2_WORKING_STATE_LIKE_2_DEICTIC__1_UNIQUE_CANDIDATE_1_NEW_B_EDGE__C011_OCCURRENCE_BOUND__ZERO_WORD_DELTA	NONE	NONE	NONE	NONE	NONE	NONE	Anteil I des Ansatzes abmessen	0	PASS_V74_11_EDGES__9_CONNECTED_COMPONENTS__23_EDGE_NODES_2_HULL_ONLY_1_STRUCTURAL__ZERO_EDGE_WORD_DELTA	NONE	NONE	NONE	NONE	NONE	NONE	NONE	NONE	NONE	NONE	Anteil I des Ansatzes abmessen	0	PASS_V75_11_TARGET_RIGHT_CONTEXTS__7_NOMINAL_3_ACTION_1_EOS__1_EXACT_WRITTEN_RESULT__2X2_DEFAULTS_REJECTED__C012_OCCURRENCE_BOUND__ZERO_WORD_DELTA	A005	ACTION_CLAUSE:A005	F001	HOLD_OPEN	NONE	NONE	NONE	NONE	NONE	NONE	NONE	Anteil I des Ansatzes abmessen	0	PASS_V76_83_ACTION_RIGHT_CONTEXTS__60_NOMINAL_15_ACTION_8_EOS__7_FINISHED_STATE_FIRSTS__3_LOCAL_READS_4_OPEN__C013_C014_ADDED__ZERO_WORD_DELTA
f105r	f105r.2	12	cheody	getrocknete Masse	getrocknete Masse	1	5	NOMINAL_BLOCK	NOT_ACTION_LICENSED	0	NONE	NONE	NONE	NONE	NONE	NONE	getrocknete Masse	0	V68_WORDS_FROZEN__RELATION_METADATA_ONLY	NONE	NONE	NONE	NONE	NONE	getrocknete Masse	0	V69_TOKEN_GLOSS_BYTE_IDENTICAL__SEPARATE_WINDOW_METADATA	0	NONE	NONE	NOT_IN_ACTION_SURFACE_SCAN	getrocknete Masse	0	V70_TOKEN_GLOSS_BYTE_IDENTICAL__FRAME_REPLAY_METADATA_ONLY	NONE	NONE	NONE	NONE	getrocknete Masse	0	PASS_V72_YKA_II_III_SISTER_FRAME__5_CASES_2_REPLAY_1_NEW_B_EDGE_2_HELD__AIIN_UNBOUND__ZERO_WORD_DELTA	NONE	NONE	NONE	NONE	NONE	getrocknete Masse	0	PASS_V73_10_ANA_WINDOWS__1_EXACT_STATE_ONLY_2_WORKING_STATE_LIKE_2_DEICTIC__1_UNIQUE_CANDIDATE_1_NEW_B_EDGE__C011_OCCURRENCE_BOUND__ZERO_WORD_DELTA	NONE	NONE	NONE	NONE	NONE	NONE	getrocknete Masse	0	PASS_V74_11_EDGES__9_CONNECTED_COMPONENTS__23_EDGE_NODES_2_HULL_ONLY_1_STRUCTURAL__ZERO_EDGE_WORD_DELTA	NONE	NONE	NONE	NONE	NONE	NONE	NONE	NONE	NONE	NONE	getrocknete Masse	0	PASS_V75_11_TARGET_RIGHT_CONTEXTS__7_NOMINAL_3_ACTION_1_EOS__1_EXACT_WRITTEN_RESULT__2X2_DEFAULTS_REJECTED__C012_OCCURRENCE_BOUND__ZERO_WORD_DELTA	A005	FIRST_RIGHT_ITEM:A005	F001	HOLD_OPEN	NONE	NONE	NONE	NONE	NONE	NONE	NONE	getrocknete Masse	0	PASS_V76_83_ACTION_RIGHT_CONTEXTS__60_NOMINAL_15_ACTION_8_EOS__7_FINISHED_STATE_FIRSTS__3_LOCAL_READS_4_OPEN__C013_C014_ADDED__ZERO_WORD_DELTA
f105r	f105r.2	13	qody	fertige Zubereitung	fertige Zubereitung	1	5	NOMINAL_BLOCK	NOT_ACTION_LICENSED	0	NONE	NONE	NONE	NONE	NONE	NONE	fertige Zubereitung	0	V68_WORDS_FROZEN__RELATION_METADATA_ONLY	NONE	NONE	NONE	NONE	NONE	fertige Zubereitung	0	V69_TOKEN_GLOSS_BYTE_IDENTICAL__SEPARATE_WINDOW_METADATA	0	NONE	NONE	NOT_IN_ACTION_SURFACE_SCAN	fertige Zubereitung	0	V70_TOKEN_GLOSS_BYTE_IDENTICAL__FRAME_REPLAY_METADATA_ONLY	NONE	NONE	NONE	NONE	fertige Zubereitung	0	PASS_V72_YKA_II_III_SISTER_FRAME__5_CASES_2_REPLAY_1_NEW_B_EDGE_2_HELD__AIIN_UNBOUND__ZERO_WORD_DELTA	NONE	NONE	NONE	NONE	NONE	fertige Zubereitung	0	PASS_V73_10_ANA_WINDOWS__1_EXACT_STATE_ONLY_2_WORKING_STATE_LIKE_2_DEICTIC__1_UNIQUE_CANDIDATE_1_NEW_B_EDGE__C011_OCCURRENCE_BOUND__ZERO_WORD_DELTA	NONE	NONE	NONE	NONE	NONE	NONE	fertige Zubereitung	0	PASS_V74_11_EDGES__9_CONNECTED_COMPONENTS__23_EDGE_NODES_2_HULL_ONLY_1_STRUCTURAL__ZERO_EDGE_WORD_DELTA	NONE	NONE	NONE	NONE	NONE	NONE	NONE	NONE	NONE	NONE	fertige Zubereitung	0	PASS_V75_11_TARGET_RIGHT_CONTEXTS__7_NOMINAL_3_ACTION_1_EOS__1_EXACT_WRITTEN_RESULT__2X2_DEFAULTS_REJECTED__C012_OCCURRENCE_BOUND__ZERO_WORD_DELTA	NONE	NONE	NONE	NONE	NONE	NONE	NONE	NONE	NONE	NONE	NONE	fertige Zubereitung	0	PASS_V76_83_ACTION_RIGHT_CONTEXTS__60_NOMINAL_15_ACTION_8_EOS__7_FINISHED_STATE_FIRSTS__3_LOCAL_READS_4_OPEN__C013_C014_ADDED__ZERO_WORD_DELTA
f105r	f105r.31	1	kodeey	vollständig erhitzte und abgeschlossene Zubereitungsdosis	vollständig erhitzte und abgeschlossene Zubereitungsdosis	1	1	NOMINAL_BLOCK	NOT_ACTION_LICENSED	0	NONE	NONE	NONE	NONE	NONE	NONE	vollständig erhitzte und abgeschlossene Zubereitungsdosis	0	V68_WORDS_FROZEN__RELATION_METADATA_ONLY	NONE	NONE	NONE	NONE	NONE	vollständig erhitzte und abgeschlossene Zubereitungsdosis	0	V69_TOKEN_GLOSS_BYTE_IDENTICAL__SEPARATE_WINDOW_METADATA	0	NONE	NONE	NOT_IN_ACTION_SURFACE_SCAN	vollständig erhitzte und abgeschlossene Zubereitungsdosis	0	V70_TOKEN_GLOSS_BYTE_IDENTICAL__FRAME_REPLAY_METADATA_ONLY	NONE	NONE	NONE	NONE	vollständig erhitzte und abgeschlossene Zubereitungsdosis	0	PASS_V72_YKA_II_III_SISTER_FRAME__5_CASES_2_REPLAY_1_NEW_B_EDGE_2_HELD__AIIN_UNBOUND__ZERO_WORD_DELTA	NONE	NONE	NONE	NONE	NONE	vollständig erhitzte und abgeschlossene Zubereitungsdosis	0	PASS_V73_10_ANA_WINDOWS__1_EXACT_STATE_ONLY_2_WORKING_STATE_LIKE_2_DEICTIC__1_UNIQUE_CANDIDATE_1_NEW_B_EDGE__C011_OCCURRENCE_BOUND__ZERO_WORD_DELTA	NONE	NONE	NONE	NONE	NONE	NONE	vollständig erhitzte und abgeschlossene Zubereitungsdosis	0	PASS_V74_11_EDGES__9_CONNECTED_COMPONENTS__23_EDGE_NODES_2_HULL_ONLY_1_STRUCTURAL__ZERO_EDGE_WORD_DELTA	NONE	NONE	NONE	NONE	NONE	NONE	NONE	NONE	NONE	NONE	vollständig erhitzte und abgeschlossene Zubereitungsdosis	0	PASS_V75_11_TARGET_RIGHT_CONTEXTS__7_NOMINAL_3_ACTION_1_EOS__1_EXACT_WRITTEN_RESULT__2X2_DEFAULTS_REJECTED__C012_OCCURRENCE_BOUND__ZERO_WORD_DELTA	NONE	NONE	NONE	NONE	NONE	NONE	NONE	NONE	NONE	NONE	NONE	vollständig erhitzte und abgeschlossene Zubereitungsdosis	0	PASS_V76_83_ACTION_RIGHT_CONTEXTS__60_NOMINAL_15_ACTION_8_EOS__7_FINISHED_STATE_FIRSTS__3_LOCAL_READS_4_OPEN__C013_C014_ADDED__ZERO_WORD_DELTA
f105r	f105r.31	2	lchl	getrocknetes Holz	getrocknetes Holz	1	1	NOMINAL_BLOCK	NOT_ACTION_LICENSED	0	NONE	NONE	NONE	NONE	NONE	NONE	getrocknetes Holz	0	V68_WORDS_FROZEN__RELATION_METADATA_ONLY	NONE	NONE	NONE	NONE	NONE	getrocknetes Holz	0	V69_TOKEN_GLOSS_BYTE_IDENTICAL__SEPARATE_WINDOW_METADATA	0	NONE	NONE	NOT_IN_ACTION_SURFACE_SCAN	getrocknetes Holz	0	V70_TOKEN_GLOSS_BYTE_IDENTICAL__FRAME_REPLAY_METADATA_ONLY	NONE	NONE	NONE	NONE	getrocknetes Holz	0	PASS_V72_YKA_II_III_SISTER_FRAME__5_CASES_2_REPLAY_1_NEW_B_EDGE_2_HELD__AIIN_UNBOUND__ZERO_WORD_DELTA	NONE	NONE	NONE	NONE	NONE	getrocknetes Holz	0	PASS_V73_10_ANA_WINDOWS__1_EXACT_STATE_ONLY_2_WORKING_STATE_LIKE_2_DEICTIC__1_UNIQUE_CANDIDATE_1_NEW_B_EDGE__C011_OCCURRENCE_BOUND__ZERO_WORD_DELTA	NONE	NONE	NONE	NONE	NONE	NONE	getrocknetes Holz	0	PASS_V74_11_EDGES__9_CONNECTED_COMPONENTS__23_EDGE_NODES_2_HULL_ONLY_1_STRUCTURAL__ZERO_EDGE_WORD_DELTA	NONE	NONE	NONE	NONE	NONE	NONE	NONE	NONE	NONE	NONE	getrocknetes Holz	0	PASS_V75_11_TARGET_RIGHT_CONTEXTS__7_NOMINAL_3_ACTION_1_EOS__1_EXACT_WRITTEN_RESULT__2X2_DEFAULTS_REJECTED__C012_OCCURRENCE_BOUND__ZERO_WORD_DELTA	NONE	NONE	NONE	NONE	NONE	NONE	NONE	NONE	NONE	NONE	NONE	getrocknetes Holz	0	PASS_V76_83_ACTION_RIGHT_CONTEXTS__60_NOMINAL_15_ACTION_8_EOS__7_FINISHED_STATE_FIRSTS__3_LOCAL_READS_4_OPEN__C013_C014_ADDED__ZERO_WORD_DELTA
f105r	f105r.31	3	shx	eingeweichtes Gummi	eingeweichtes Gummi	1	1	NOMINAL_BLOCK	NOT_ACTION_LICENSED	0	NONE	NONE	NONE	NONE	NONE	NONE	eingeweichtes Gummi	0	V68_WORDS_FROZEN__RELATION_METADATA_ONLY	NONE	NONE	NONE	NONE	NONE	eingeweichtes Gummi	0	V69_TOKEN_GLOSS_BYTE_IDENTICAL__SEPARATE_WINDOW_METADATA	0	NONE	NONE	NOT_IN_ACTION_SURFACE_SCAN	eingeweichtes Gummi	0	V70_TOKEN_GLOSS_BYTE_IDENTICAL__FRAME_REPLAY_METADATA_ONLY	NONE	NONE	NONE	NONE	eingeweichtes Gummi	0	PASS_V72_YKA_II_III_SISTER_FRAME__5_CASES_2_REPLAY_1_NEW_B_EDGE_2_HELD__AIIN_UNBOUND__ZERO_WORD_DELTA	NONE	NONE	NONE	NONE	NONE	eingeweichtes Gummi	0	PASS_V73_10_ANA_WINDOWS__1_EXACT_STATE_ONLY_2_WORKING_STATE_LIKE_2_DEICTIC__1_UNIQUE_CANDIDATE_1_NEW_B_EDGE__C011_OCCURRENCE_BOUND__ZERO_WORD_DELTA	NONE	NONE	NONE	NONE	NONE	NONE	eingeweichtes Gummi	0	PASS_V74_11_EDGES__9_CONNECTED_COMPONENTS__23_EDGE_NODES_2_HULL_ONLY_1_STRUCTURAL__ZERO_EDGE_WORD_DELTA	NONE	NONE	NONE	NONE	NONE	NONE	NONE	NONE	NONE	NONE	eingeweichtes Gummi	0	PASS_V75_11_TARGET_RIGHT_CONTEXTS__7_NOMINAL_3_ACTION_1_EOS__1_EXACT_WRITTEN_RESULT__2X2_DEFAULTS_REJECTED__C012_OCCURRENCE_BOUND__ZERO_WORD_DELTA	NONE	NONE	NONE	NONE	NONE	NONE	NONE	NONE	NONE	NONE	NONE	eingeweichtes Gummi	0	PASS_V76_83_ACTION_RIGHT_CONTEXTS__60_NOMINAL_15_ACTION_8_EOS__7_FINISHED_STATE_FIRSTS__3_LOCAL_READS_4_OPEN__C013_C014_ADDED__ZERO_WORD_DELTA
f105r	f105r.31	4	ar	Drogenanteil I	Drogenanteil I	1	1	NOMINAL_BLOCK	NOT_ACTION_LICENSED	0	NONE	NONE	NONE	NONE	NONE	P001	Drogenanteil I	0	V68_WORDS_FROZEN__RELATION_METADATA_ONLY	NONE	NONE	NONE	NONE	NONE	Drogenanteil I	0	V69_TOKEN_GLOSS_BYTE_IDENTICAL__SEPARATE_WINDOW_METADATA	0	NONE	NONE	NOT_IN_ACTION_SURFACE_SCAN	Drogenanteil I	0	V70_TOKEN_GLOSS_BYTE_IDENTICAL__FRAME_REPLAY_METADATA_ONLY	NONE	NONE	NONE	NONE	Drogenanteil I	0	PASS_V72_YKA_II_III_SISTER_FRAME__5_CASES_2_REPLAY_1_NEW_B_EDGE_2_HELD__AIIN_UNBOUND__ZERO_WORD_DELTA	NONE	NONE	NONE	NONE	NONE	Drogenanteil I	0	PASS_V73_10_ANA_WINDOWS__1_EXACT_STATE_ONLY_2_WORKING_STATE_LIKE_2_DEICTIC__1_UNIQUE_CANDIDATE_1_NEW_B_EDGE__C011_OCCURRENCE_BOUND__ZERO_WORD_DELTA	NONE	NONE	NONE	NONE	NONE	NONE	Drogenanteil I	0	PASS_V74_11_EDGES__9_CONNECTED_COMPONENTS__23_EDGE_NODES_2_HULL_ONLY_1_STRUCTURAL__ZERO_EDGE_WORD_DELTA	NONE	NONE	NONE	NONE	NONE	NONE	NONE	NONE	NONE	NONE	Drogenanteil I	0	PASS_V75_11_TARGET_RIGHT_CONTEXTS__7_NOMINAL_3_ACTION_1_EOS__1_EXACT_WRITTEN_RESULT__2X2_DEFAULTS_REJECTED__C012_OCCURRENCE_BOUND__ZERO_WORD_DELTA	NONE	NONE	NONE	NONE	NONE	NONE	NONE	NONE	NONE	NONE	NONE	Drogenanteil I	0	PASS_V76_83_ACTION_RIGHT_CONTEXTS__60_NOMINAL_15_ACTION_8_EOS__7_FINISHED_STATE_FIRSTS__3_LOCAL_READS_4_OPEN__C013_C014_ADDED__ZERO_WORD_DELTA
f105r	f105r.31	5	aiijy	in drei Bündel abfüllen und schließen	in drei Bündel abfüllen und schließen	1	2	ACTION_CLAUSE	GDT689_V62_ACTION_ORDINAL	2	NONE	NONE	NONE	NONE	NONE	P001	in drei Bündel abfüllen und schließen	0	V68_WORDS_FROZEN__RELATION_METADATA_ONLY	NONE	NONE	NONE	NONE	NONE	in drei Bündel abfüllen und schließen	0	V69_TOKEN_GLOSS_BYTE_IDENTICAL__SEPARATE_WINDOW_METADATA	0	NONE	NONE	NOT_IN_ACTION_SURFACE_SCAN	in drei Bündel abfüllen und schließen	0	V70_TOKEN_GLOSS_BYTE_IDENTICAL__FRAME_REPLAY_METADATA_ONLY	NONE	NONE	NONE	NONE	in drei Bündel abfüllen und schließen	0	PASS_V72_YKA_II_III_SISTER_FRAME__5_CASES_2_REPLAY_1_NEW_B_EDGE_2_HELD__AIIN_UNBOUND__ZERO_WORD_DELTA	NONE	NONE	NONE	NONE	NONE	in drei Bündel abfüllen und schließen	0	PASS_V73_10_ANA_WINDOWS__1_EXACT_STATE_ONLY_2_WORKING_STATE_LIKE_2_DEICTIC__1_UNIQUE_CANDIDATE_1_NEW_B_EDGE__C011_OCCURRENCE_BOUND__ZERO_WORD_DELTA	NONE	NONE	NONE	NONE	NONE	NONE	in drei Bündel abfüllen und schließen	0	PASS_V74_11_EDGES__9_CONNECTED_COMPONENTS__23_EDGE_NODES_2_HULL_ONLY_1_STRUCTURAL__ZERO_EDGE_WORD_DELTA	NONE	NONE	NONE	NONE	NONE	NONE	NONE	NONE	NONE	NONE	in drei Bündel abfüllen und schließen	0	PASS_V75_11_TARGET_RIGHT_CONTEXTS__7_NOMINAL_3_ACTION_1_EOS__1_EXACT_WRITTEN_RESULT__2X2_DEFAULTS_REJECTED__C012_OCCURRENCE_BOUND__ZERO_WORD_DELTA	A006	ACTION_CLAUSE:A006	NONE	NONE	NONE	NONE	NONE	NONE	NONE	NONE	NONE	in drei Bündel abfüllen und schließen	0	PASS_V76_83_ACTION_RIGHT_CONTEXTS__60_NOMINAL_15_ACTION_8_EOS__7_FINISHED_STATE_FIRSTS__3_LOCAL_READS_4_OPEN__C013_C014_ADDED__ZERO_WORD_DELTA
f105r	f105r.31	6	cpheesy	vollständig bereitetes und abgeschlossenes Arzneikompositum	vollständig bereitetes und abgeschlossenes Arzneikompositum	1	3	NOMINAL_BLOCK	NOT_ACTION_LICENSED	0	NONE	NONE	NONE	NONE	NONE	NONE	vollständig bereitetes und abgeschlossenes Arzneikompositum	0	V68_WORDS_FROZEN__RELATION_METADATA_ONLY	NONE	NONE	NONE	NONE	NONE	vollständig bereitetes und abgeschlossenes Arzneikompositum	0	V69_TOKEN_GLOSS_BYTE_IDENTICAL__SEPARATE_WINDOW_METADATA	0	NONE	NONE	NOT_IN_ACTION_SURFACE_SCAN	vollständig bereitetes und abgeschlossenes Arzneikompositum	0	V70_TOKEN_GLOSS_BYTE_IDENTICAL__FRAME_REPLAY_METADATA_ONLY	NONE	NONE	NONE	NONE	vollständig bereitetes und abgeschlossenes Arzneikompositum	0	PASS_V72_YKA_II_III_SISTER_FRAME__5_CASES_2_REPLAY_1_NEW_B_EDGE_2_HELD__AIIN_UNBOUND__ZERO_WORD_DELTA	NONE	NONE	NONE	NONE	NONE	vollständig bereitetes und abgeschlossenes Arzneikompositum	0	PASS_V73_10_ANA_WINDOWS__1_EXACT_STATE_ONLY_2_WORKING_STATE_LIKE_2_DEICTIC__1_UNIQUE_CANDIDATE_1_NEW_B_EDGE__C011_OCCURRENCE_BOUND__ZERO_WORD_DELTA	NONE	NONE	NONE	NONE	NONE	NONE	vollständig bereitetes und abgeschlossenes Arzneikompositum	0	PASS_V74_11_EDGES__9_CONNECTED_COMPONENTS__23_EDGE_NODES_2_HULL_ONLY_1_STRUCTURAL__ZERO_EDGE_WORD_DELTA	NONE	NONE	NONE	NONE	NONE	NONE	NONE	NONE	NONE	NONE	vollständig bereitetes und abgeschlossenes Arzneikompositum	0	PASS_V75_11_TARGET_RIGHT_CONTEXTS__7_NOMINAL_3_ACTION_1_EOS__1_EXACT_WRITTEN_RESULT__2X2_DEFAULTS_REJECTED__C012_OCCURRENCE_BOUND__ZERO_WORD_DELTA	A006	FIRST_RIGHT_ITEM:A006	NONE	NONE	NONE	NONE	NONE	NONE	NONE	NONE	NONE	vollständig bereitetes und abgeschlossenes Arzneikompositum	0	PASS_V76_83_ACTION_RIGHT_CONTEXTS__60_NOMINAL_15_ACTION_8_EOS__7_FINISHED_STATE_FIRSTS__3_LOCAL_READS_4_OPEN__C013_C014_ADDED__ZERO_WORD_DELTA
f105r	f105r.31	7	okal	Rohstoffklasse I im heißen Ansatz, Gradanfang	Rohstoffklasse I im heißen Ansatz, Gradanfang	1	3	NOMINAL_BLOCK	NOT_ACTION_LICENSED	0	NONE	NONE	NONE	NONE	NONE	NONE	Rohstoffklasse I im heißen Ansatz, Gradanfang	0	V68_WORDS_FROZEN__RELATION_METADATA_ONLY	NONE	NONE	NONE	NONE	NONE	Rohstoffklasse I im heißen Ansatz, Gradanfang	0	V69_TOKEN_GLOSS_BYTE_IDENTICAL__SEPARATE_WINDOW_METADATA	0	NONE	NONE	NOT_IN_ACTION_SURFACE_SCAN	Rohstoffklasse I im heißen Ansatz, Gradanfang	0	V70_TOKEN_GLOSS_BYTE_IDENTICAL__FRAME_REPLAY_METADATA_ONLY	NONE	NONE	NONE	NONE	Rohstoffklasse I im heißen Ansatz, Gradanfang	0	PASS_V72_YKA_II_III_SISTER_FRAME__5_CASES_2_REPLAY_1_NEW_B_EDGE_2_HELD__AIIN_UNBOUND__ZERO_WORD_DELTA	NONE	NONE	NONE	NONE	NONE	Rohstoffklasse I im heißen Ansatz, Gradanfang	0	PASS_V73_10_ANA_WINDOWS__1_EXACT_STATE_ONLY_2_WORKING_STATE_LIKE_2_DEICTIC__1_UNIQUE_CANDIDATE_1_NEW_B_EDGE__C011_OCCURRENCE_BOUND__ZERO_WORD_DELTA	NONE	NONE	NONE	NONE	NONE	NONE	Rohstoffklasse I im heißen Ansatz, Gradanfang	0	PASS_V74_11_EDGES__9_CONNECTED_COMPONENTS__23_EDGE_NODES_2_HULL_ONLY_1_STRUCTURAL__ZERO_EDGE_WORD_DELTA	NONE	NONE	NONE	NONE	NONE	NONE	NONE	NONE	NONE	NONE	Rohstoffklasse I im heißen Ansatz, Gradanfang	0	PASS_V75_11_TARGET_RIGHT_CONTEXTS__7_NOMINAL_3_ACTION_1_EOS__1_EXACT_WRITTEN_RESULT__2X2_DEFAULTS_REJECTED__C012_OCCURRENCE_BOUND__ZERO_WORD_DELTA	NONE	NONE	NONE	NONE	NONE	NONE	NONE	NONE	NONE	NONE	NONE	Rohstoffklasse I im heißen Ansatz, Gradanfang	0	PASS_V76_83_ACTION_RIGHT_CONTEXTS__60_NOMINAL_15_ACTION_8_EOS__7_FINISHED_STATE_FIRSTS__3_LOCAL_READS_4_OPEN__C013_C014_ADDED__ZERO_WORD_DELTA
f105r	f105r.31	8	lkedy	bis zur mittleren Heizstufe erhitztes Holz	bis zur mittleren Heizstufe erhitztes Holz	1	3	NOMINAL_BLOCK	NOT_ACTION_LICENSED	0	NONE	NONE	NONE	NONE	NONE	NONE	bis zur mittleren Heizstufe erhitztes Holz	0	V68_WORDS_FROZEN__RELATION_METADATA_ONLY	NONE	NONE	NONE	NONE	NONE	bis zur mittleren Heizstufe erhitztes Holz	0	V69_TOKEN_GLOSS_BYTE_IDENTICAL__SEPARATE_WINDOW_METADATA	0	NONE	NONE	NOT_IN_ACTION_SURFACE_SCAN	bis zur mittleren Heizstufe erhitztes Holz	0	V70_TOKEN_GLOSS_BYTE_IDENTICAL__FRAME_REPLAY_METADATA_ONLY	NONE	NONE	NONE	NONE	bis zur mittleren Heizstufe erhitztes Holz	0	PASS_V72_YKA_II_III_SISTER_FRAME__5_CASES_2_REPLAY_1_NEW_B_EDGE_2_HELD__AIIN_UNBOUND__ZERO_WORD_DELTA	NONE	NONE	NONE	NONE	NONE	bis zur mittleren Heizstufe erhitztes Holz	0	PASS_V73_10_ANA_WINDOWS__1_EXACT_STATE_ONLY_2_WORKING_STATE_LIKE_2_DEICTIC__1_UNIQUE_CANDIDATE_1_NEW_B_EDGE__C011_OCCURRENCE_BOUND__ZERO_WORD_DELTA	NONE	NONE	NONE	NONE	NONE	NONE	bis zur mittleren Heizstufe erhitztes Holz	0	PASS_V74_11_EDGES__9_CONNECTED_COMPONENTS__23_EDGE_NODES_2_HULL_ONLY_1_STRUCTURAL__ZERO_EDGE_WORD_DELTA	NONE	NONE	NONE	NONE	NONE	NONE	NONE	NONE	NONE	NONE	bis zur mittleren Heizstufe erhitztes Holz	0	PASS_V75_11_TARGET_RIGHT_CONTEXTS__7_NOMINAL_3_ACTION_1_EOS__1_EXACT_WRITTEN_RESULT__2X2_DEFAULTS_REJECTED__C012_OCCURRENCE_BOUND__ZERO_WORD_DELTA	NONE	NONE	NONE	NONE	NONE	NONE	NONE	NONE	NONE	NONE	NONE	bis zur mittleren Heizstufe erhitztes Holz	0	PASS_V76_83_ACTION_RIGHT_CONTEXTS__60_NOMINAL_15_ACTION_8_EOS__7_FINISHED_STATE_FIRSTS__3_LOCAL_READS_4_OPEN__C013_C014_ADDED__ZERO_WORD_DELTA
f105r	f105r.31	9	lkar	Anteil I der erhitzten Holzdroge	Anteil I der erhitzten Holzdroge	1	3	NOMINAL_BLOCK	NOT_ACTION_LICENSED	0	NONE	NONE	NONE	NONE	NONE	NONE	Anteil I der erhitzten Holzdroge	0	V68_WORDS_FROZEN__RELATION_METADATA_ONLY	NONE	NONE	NONE	NONE	NONE	Anteil I der erhitzten Holzdroge	0	V69_TOKEN_GLOSS_BYTE_IDENTICAL__SEPARATE_WINDOW_METADATA	0	NONE	NONE	NOT_IN_ACTION_SURFACE_SCAN	Anteil I der erhitzten Holzdroge	0	V70_TOKEN_GLOSS_BYTE_IDENTICAL__FRAME_REPLAY_METADATA_ONLY	NONE	NONE	NONE	NONE	Anteil I der erhitzten Holzdroge	0	PASS_V72_YKA_II_III_SISTER_FRAME__5_CASES_2_REPLAY_1_NEW_B_EDGE_2_HELD__AIIN_UNBOUND__ZERO_WORD_DELTA	NONE	NONE	NONE	NONE	NONE	Anteil I der erhitzten Holzdroge	0	PASS_V73_10_ANA_WINDOWS__1_EXACT_STATE_ONLY_2_WORKING_STATE_LIKE_2_DEICTIC__1_UNIQUE_CANDIDATE_1_NEW_B_EDGE__C011_OCCURRENCE_BOUND__ZERO_WORD_DELTA	NONE	NONE	NONE	NONE	NONE	NONE	Anteil I der erhitzten Holzdroge	0	PASS_V74_11_EDGES__9_CONNECTED_COMPONENTS__23_EDGE_NODES_2_HULL_ONLY_1_STRUCTURAL__ZERO_EDGE_WORD_DELTA	NONE	NONE	NONE	NONE	NONE	NONE	NONE	NONE	NONE	NONE	Anteil I der erhitzten Holzdroge	0	PASS_V75_11_TARGET_RIGHT_CONTEXTS__7_NOMINAL_3_ACTION_1_EOS__1_EXACT_WRITTEN_RESULT__2X2_DEFAULTS_REJECTED__C012_OCCURRENCE_BOUND__ZERO_WORD_DELTA	NONE	NONE	NONE	NONE	NONE	NONE	NONE	NONE	NONE	NONE	NONE	Anteil I der erhitzten Holzdroge	0	PASS_V76_83_ACTION_RIGHT_CONTEXTS__60_NOMINAL_15_ACTION_8_EOS__7_FINISHED_STATE_FIRSTS__3_LOCAL_READS_4_OPEN__C013_C014_ADDED__ZERO_WORD_DELTA
f105r	f105r.31	10	chedy	mittlere Trockenstufe erreicht	mittlere Trockenstufe erreicht	1	3	NOMINAL_BLOCK	NOT_ACTION_LICENSED	0	NONE	NONE	NONE	NONE	NONE	NONE	mittlere Trockenstufe erreicht	0	V68_WORDS_FROZEN__RELATION_METADATA_ONLY	NONE	NONE	NONE	NONE	NONE	mittlere Trockenstufe erreicht	0	V69_TOKEN_GLOSS_BYTE_IDENTICAL__SEPARATE_WINDOW_METADATA	0	NONE	NONE	NOT_IN_ACTION_SURFACE_SCAN	mittlere Trockenstufe erreicht	0	V70_TOKEN_GLOSS_BYTE_IDENTICAL__FRAME_REPLAY_METADATA_ONLY	NONE	NONE	NONE	NONE	mittlere Trockenstufe erreicht	0	PASS_V72_YKA_II_III_SISTER_FRAME__5_CASES_2_REPLAY_1_NEW_B_EDGE_2_HELD__AIIN_UNBOUND__ZERO_WORD_DELTA	NONE	NONE	NONE	NONE	NONE	mittlere Trockenstufe erreicht	0	PASS_V73_10_ANA_WINDOWS__1_EXACT_STATE_ONLY_2_WORKING_STATE_LIKE_2_DEICTIC__1_UNIQUE_CANDIDATE_1_NEW_B_EDGE__C011_OCCURRENCE_BOUND__ZERO_WORD_DELTA	NONE	NONE	NONE	NONE	NONE	NONE	mittlere Trockenstufe erreicht	0	PASS_V74_11_EDGES__9_CONNECTED_COMPONENTS__23_EDGE_NODES_2_HULL_ONLY_1_STRUCTURAL__ZERO_EDGE_WORD_DELTA	NONE	NONE	NONE	NONE	NONE	NONE	NONE	NONE	NONE	NONE	mittlere Trockenstufe erreicht	0	PASS_V75_11_TARGET_RIGHT_CONTEXTS__7_NOMINAL_3_ACTION_1_EOS__1_EXACT_WRITTEN_RESULT__2X2_DEFAULTS_REJECTED__C012_OCCURRENCE_BOUND__ZERO_WORD_DELTA	NONE	NONE	NONE	NONE	NONE	NONE	NONE	NONE	NONE	NONE	NONE	mittlere Trockenstufe erreicht	0	PASS_V76_83_ACTION_RIGHT_CONTEXTS__60_NOMINAL_15_ACTION_8_EOS__7_FINISHED_STATE_FIRSTS__3_LOCAL_READS_4_OPEN__C013_C014_ADDED__ZERO_WORD_DELTA
f105r	f105r.31	11	qokaiin	heiß, Grad III	heiß, Grad III	1	3	NOMINAL_BLOCK	NOT_ACTION_LICENSED	0	NONE	NONE	NONE	NONE	NONE	NONE	heiß, Grad III	0	V68_WORDS_FROZEN__RELATION_METADATA_ONLY	NONE	NONE	NONE	NONE	NONE	heiß, Grad III	0	V69_TOKEN_GLOSS_BYTE_IDENTICAL__SEPARATE_WINDOW_METADATA	0	NONE	NONE	NOT_IN_ACTION_SURFACE_SCAN	heiß, Grad III	0	V70_TOKEN_GLOSS_BYTE_IDENTICAL__FRAME_REPLAY_METADATA_ONLY	NONE	NONE	NONE	NONE	heiß, Grad III	0	PASS_V72_YKA_II_III_SISTER_FRAME__5_CASES_2_REPLAY_1_NEW_B_EDGE_2_HELD__AIIN_UNBOUND__ZERO_WORD_DELTA	NONE	NONE	NONE	NONE	NONE	heiß, Grad III	0	PASS_V73_10_ANA_WINDOWS__1_EXACT_STATE_ONLY_2_WORKING_STATE_LIKE_2_DEICTIC__1_UNIQUE_CANDIDATE_1_NEW_B_EDGE__C011_OCCURRENCE_BOUND__ZERO_WORD_DELTA	NONE	NONE	NONE	NONE	NONE	NONE	heiß, Grad III	0	PASS_V74_11_EDGES__9_CONNECTED_COMPONENTS__23_EDGE_NODES_2_HULL_ONLY_1_STRUCTURAL__ZERO_EDGE_WORD_DELTA	NONE	NONE	NONE	NONE	NONE	NONE	NONE	NONE	NONE	NONE	heiß, Grad III	0	PASS_V75_11_TARGET_RIGHT_CONTEXTS__7_NOMINAL_3_ACTION_1_EOS__1_EXACT_WRITTEN_RESULT__2X2_DEFAULTS_REJECTED__C012_OCCURRENCE_BOUND__ZERO_WORD_DELTA	NONE	NONE	NONE	NONE	NONE	NONE	NONE	NONE	NONE	NONE	NONE	heiß, Grad III	0	PASS_V76_83_ACTION_RIGHT_CONTEXTS__60_NOMINAL_15_ACTION_8_EOS__7_FINISHED_STATE_FIRSTS__3_LOCAL_READS_4_OPEN__C013_C014_ADDED__ZERO_WORD_DELTA
f105r	f105r.31	12	or	Drogenportion	Drogenportion	1	3	NOMINAL_BLOCK	NOT_ACTION_LICENSED	0	NONE	NONE	NONE	NONE	NONE	NONE	Drogenportion	0	V68_WORDS_FROZEN__RELATION_METADATA_ONLY	NONE	NONE	NONE	NONE	NONE	Drogenportion	0	V69_TOKEN_GLOSS_BYTE_IDENTICAL__SEPARATE_WINDOW_METADATA	0	NONE	NONE	NOT_IN_ACTION_SURFACE_SCAN	Drogenportion	0	V70_TOKEN_GLOSS_BYTE_IDENTICAL__FRAME_REPLAY_METADATA_ONLY	NONE	NONE	NONE	NONE	Drogenportion	0	PASS_V72_YKA_II_III_SISTER_FRAME__5_CASES_2_REPLAY_1_NEW_B_EDGE_2_HELD__AIIN_UNBOUND__ZERO_WORD_DELTA	NONE	NONE	NONE	NONE	NONE	Drogenportion	0	PASS_V73_10_ANA_WINDOWS__1_EXACT_STATE_ONLY_2_WORKING_STATE_LIKE_2_DEICTIC__1_UNIQUE_CANDIDATE_1_NEW_B_EDGE__C011_OCCURRENCE_BOUND__ZERO_WORD_DELTA	NONE	NONE	NONE	NONE	NONE	NONE	Drogenportion	0	PASS_V74_11_EDGES__9_CONNECTED_COMPONENTS__23_EDGE_NODES_2_HULL_ONLY_1_STRUCTURAL__ZERO_EDGE_WORD_DELTA	NONE	NONE	NONE	NONE	NONE	NONE	NONE	NONE	NONE	NONE	Drogenportion	0	PASS_V75_11_TARGET_RIGHT_CONTEXTS__7_NOMINAL_3_ACTION_1_EOS__1_EXACT_WRITTEN_RESULT__2X2_DEFAULTS_REJECTED__C012_OCCURRENCE_BOUND__ZERO_WORD_DELTA	NONE	NONE	NONE	NONE	NONE	NONE	NONE	NONE	NONE	NONE	NONE	Drogenportion	0	PASS_V76_83_ACTION_RIGHT_CONTEXTS__60_NOMINAL_15_ACTION_8_EOS__7_FINISHED_STATE_FIRSTS__3_LOCAL_READS_4_OPEN__C013_C014_ADDED__ZERO_WORD_DELTA
f105r	f105r.31	13	fchoky	heiß-trockene Blütenzubereitung in Grundform	heiß-trockene Blütenzubereitung in Grundform	1	3	NOMINAL_BLOCK	NOT_ACTION_LICENSED	0	NONE	NONE	NONE	NONE	NONE	NONE	heiß-trockene Blütenzubereitung in Grundform	0	V68_WORDS_FROZEN__RELATION_METADATA_ONLY	NONE	NONE	NONE	NONE	NONE	heiß-trockene Blütenzubereitung in Grundform	0	V69_TOKEN_GLOSS_BYTE_IDENTICAL__SEPARATE_WINDOW_METADATA	0	NONE	NONE	NOT_IN_ACTION_SURFACE_SCAN	heiß-trockene Blütenzubereitung in Grundform	0	V70_TOKEN_GLOSS_BYTE_IDENTICAL__FRAME_REPLAY_METADATA_ONLY	NONE	NONE	NONE	NONE	heiß-trockene Blütenzubereitung in Grundform	0	PASS_V72_YKA_II_III_SISTER_FRAME__5_CASES_2_REPLAY_1_NEW_B_EDGE_2_HELD__AIIN_UNBOUND__ZERO_WORD_DELTA	NONE	NONE	NONE	NONE	NONE	heiß-trockene Blütenzubereitung in Grundform	0	PASS_V73_10_ANA_WINDOWS__1_EXACT_STATE_ONLY_2_WORKING_STATE_LIKE_2_DEICTIC__1_UNIQUE_CANDIDATE_1_NEW_B_EDGE__C011_OCCURRENCE_BOUND__ZERO_WORD_DELTA	NONE	NONE	NONE	NONE	NONE	NONE	heiß-trockene Blütenzubereitung in Grundform	0	PASS_V74_11_EDGES__9_CONNECTED_COMPONENTS__23_EDGE_NODES_2_HULL_ONLY_1_STRUCTURAL__ZERO_EDGE_WORD_DELTA	NONE	NONE	NONE	NONE	NONE	NONE	NONE	NONE	NONE	NONE	heiß-trockene Blütenzubereitung in Grundform	0	PASS_V75_11_TARGET_RIGHT_CONTEXTS__7_NOMINAL_3_ACTION_1_EOS__1_EXACT_WRITTEN_RESULT__2X2_DEFAULTS_REJECTED__C012_OCCURRENCE_BOUND__ZERO_WORD_DELTA	NONE	NONE	NONE	NONE	NONE	NONE	NONE	NONE	NONE	NONE	NONE	heiß-trockene Blütenzubereitung in Grundform	0	PASS_V76_83_ACTION_RIGHT_CONTEXTS__60_NOMINAL_15_ACTION_8_EOS__7_FINISHED_STATE_FIRSTS__3_LOCAL_READS_4_OPEN__C013_C014_ADDED__ZERO_WORD_DELTA
f105v	f105v.1	1	polairy	Pulveranteil II, abgeschlossen	Pulveranteil II, abgeschlossen	1	1	NOMINAL_BLOCK	NOT_ACTION_LICENSED	0	NONE	NONE	NONE	NONE	NONE	NONE	Pulveranteil II, abgeschlossen	0	V68_WORDS_FROZEN__RELATION_METADATA_ONLY	NONE	NONE	NONE	NONE	NONE	Pulveranteil II, abgeschlossen	0	V69_TOKEN_GLOSS_BYTE_IDENTICAL__SEPARATE_WINDOW_METADATA	0	NONE	NONE	NOT_IN_ACTION_SURFACE_SCAN	Pulveranteil II, abgeschlossen	0	V70_TOKEN_GLOSS_BYTE_IDENTICAL__FRAME_REPLAY_METADATA_ONLY	NONE	NONE	NONE	NONE	Pulveranteil II, abgeschlossen	0	PASS_V72_YKA_II_III_SISTER_FRAME__5_CASES_2_REPLAY_1_NEW_B_EDGE_2_HELD__AIIN_UNBOUND__ZERO_WORD_DELTA	NONE	NONE	NONE	NONE	NONE	Pulveranteil II, abgeschlossen	0	PASS_V73_10_ANA_WINDOWS__1_EXACT_STATE_ONLY_2_WORKING_STATE_LIKE_2_DEICTIC__1_UNIQUE_CANDIDATE_1_NEW_B_EDGE__C011_OCCURRENCE_BOUND__ZERO_WORD_DELTA	NONE	NONE	NONE	NONE	NONE	NONE	Pulveranteil II, abgeschlossen	0	PASS_V74_11_EDGES__9_CONNECTED_COMPONENTS__23_EDGE_NODES_2_HULL_ONLY_1_STRUCTURAL__ZERO_EDGE_WORD_DELTA	NONE	NONE	NONE	NONE	NONE	NONE	NONE	NONE	NONE	NONE	Pulveranteil II, abgeschlossen	0	PASS_V75_11_TARGET_RIGHT_CONTEXTS__7_NOMINAL_3_ACTION_1_EOS__1_EXACT_WRITTEN_RESULT__2X2_DEFAULTS_REJECTED__C012_OCCURRENCE_BOUND__ZERO_WORD_DELTA	NONE	NONE	NONE	NONE	NONE	NONE	NONE	NONE	NONE	NONE	NONE	Pulveranteil II, abgeschlossen	0	PASS_V76_83_ACTION_RIGHT_CONTEXTS__60_NOMINAL_15_ACTION_8_EOS__7_FINISHED_STATE_FIRSTS__3_LOCAL_READS_4_OPEN__C013_C014_ADDED__ZERO_WORD_DELTA
f105v	f105v.1	2	oair	Anteil II des Ansatzes	Anteil II des Ansatzes	1	1	NOMINAL_BLOCK	NOT_ACTION_LICENSED	0	NONE	NONE	NONE	NONE	NONE	NONE	Anteil II des Ansatzes	0	V68_WORDS_FROZEN__RELATION_METADATA_ONLY	NONE	NONE	NONE	NONE	NONE	Anteil II des Ansatzes	0	V69_TOKEN_GLOSS_BYTE_IDENTICAL__SEPARATE_WINDOW_METADATA	0	NONE	NONE	NOT_IN_ACTION_SURFACE_SCAN	Anteil II des Ansatzes	0	V70_TOKEN_GLOSS_BYTE_IDENTICAL__FRAME_REPLAY_METADATA_ONLY	NONE	NONE	NONE	NONE	Anteil II des Ansatzes	0	PASS_V72_YKA_II_III_SISTER_FRAME__5_CASES_2_REPLAY_1_NEW_B_EDGE_2_HELD__AIIN_UNBOUND__ZERO_WORD_DELTA	NONE	NONE	NONE	NONE	NONE	Anteil II des Ansatzes	0	PASS_V73_10_ANA_WINDOWS__1_EXACT_STATE_ONLY_2_WORKING_STATE_LIKE_2_DEICTIC__1_UNIQUE_CANDIDATE_1_NEW_B_EDGE__C011_OCCURRENCE_BOUND__ZERO_WORD_DELTA	NONE	NONE	NONE	NONE	NONE	NONE	Anteil II des Ansatzes	0	PASS_V74_11_EDGES__9_CONNECTED_COMPONENTS__23_EDGE_NODES_2_HULL_ONLY_1_STRUCTURAL__ZERO_EDGE_WORD_DELTA	NONE	NONE	NONE	NONE	NONE	NONE	NONE	NONE	NONE	NONE	Anteil II des Ansatzes	0	PASS_V75_11_TARGET_RIGHT_CONTEXTS__7_NOMINAL_3_ACTION_1_EOS__1_EXACT_WRITTEN_RESULT__2X2_DEFAULTS_REJECTED__C012_OCCURRENCE_BOUND__ZERO_WORD_DELTA	NONE	NONE	NONE	NONE	NONE	NONE	NONE	NONE	NONE	NONE	NONE	Anteil II des Ansatzes	0	PASS_V76_83_ACTION_RIGHT_CONTEXTS__60_NOMINAL_15_ACTION_8_EOS__7_FINISHED_STATE_FIRSTS__3_LOCAL_READS_4_OPEN__C013_C014_ADDED__ZERO_WORD_DELTA
f105v	f105v.1	3	olpcheey	trocken gebundenes Holzpulver, Form II	trocken gebundenes Holzpulver, Form II	1	1	NOMINAL_BLOCK	NOT_ACTION_LICENSED	0	DONOR_MATERIAL:C001	C001	C001	NONE	NONE	NONE	trocken gebundenes Holzpulver, Form II	0	V68_WORDS_FROZEN__RELATION_METADATA_ONLY	M002	DONOR_MATERIAL:C001	1	2	Das trocken gebundene Holzpulver, Form II, auf Stufe III erhitzen.	trocken gebundenes Holzpulver, Form II	0	V69_TOKEN_GLOSS_BYTE_IDENTICAL__SEPARATE_WINDOW_METADATA	0	NONE	NONE	NOT_IN_ACTION_SURFACE_SCAN	trocken gebundenes Holzpulver, Form II	0	V70_TOKEN_GLOSS_BYTE_IDENTICAL__FRAME_REPLAY_METADATA_ONLY	V72H001	NONE	NONE	NONE	trocken gebundenes Holzpulver, Form II	0	PASS_V72_YKA_II_III_SISTER_FRAME__5_CASES_2_REPLAY_1_NEW_B_EDGE_2_HELD__AIIN_UNBOUND__ZERO_WORD_DELTA	NONE	NONE	NONE	NONE	NONE	trocken gebundenes Holzpulver, Form II	0	PASS_V73_10_ANA_WINDOWS__1_EXACT_STATE_ONLY_2_WORKING_STATE_LIKE_2_DEICTIC__1_UNIQUE_CANDIDATE_1_NEW_B_EDGE__C011_OCCURRENCE_BOUND__ZERO_WORD_DELTA	M002	1	DONOR_MATERIAL:C001	C001	EDGE_NODE	Das trocken gebundene Holzpulver, Form II, auf Stufe III erhitzen.	trocken gebundenes Holzpulver, Form II	0	PASS_V74_11_EDGES__9_CONNECTED_COMPONENTS__23_EDGE_NODES_2_HULL_ONLY_1_STRUCTURAL__ZERO_EDGE_WORD_DELTA	NONE	NONE	NONE	M002	1	DONOR_MATERIAL:C001	C001	EDGE_NODE	Das trocken gebundene Holzpulver, Form II, auf Stufe III erhitzen. Ergebnis: fertiges Holzextraktpulver.	NONE	trocken gebundenes Holzpulver, Form II	0	PASS_V75_11_TARGET_RIGHT_CONTEXTS__7_NOMINAL_3_ACTION_1_EOS__1_EXACT_WRITTEN_RESULT__2X2_DEFAULTS_REJECTED__C012_OCCURRENCE_BOUND__ZERO_WORD_DELTA	NONE	NONE	NONE	NONE	M002	1	DONOR_MATERIAL:C001	C001	EDGE_NODE	Das trocken gebundene Holzpulver, Form II, auf Stufe III erhitzen. Ergebnis: fertiges Holzextraktpulver.	NONE	trocken gebundenes Holzpulver, Form II	0	PASS_V76_83_ACTION_RIGHT_CONTEXTS__60_NOMINAL_15_ACTION_8_EOS__7_FINISHED_STATE_FIRSTS__3_LOCAL_READS_4_OPEN__C013_C014_ADDED__ZERO_WORD_DELTA
f105v	f105v.1	4	ykaiin	erhitze hiervon auf Stufe III	erhitze hiervon auf Stufe III	1	2	ACTION_CLAUSE	GDT689_V62_ACTION_ORDINAL	1	REFERENCE:C001|TARGET_ACTION:C001	C001	NONE	R004	C001	NONE	erhitze hiervon auf Stufe III	0	V68_WORDS_FROZEN__RELATION_METADATA_ONLY	M002	REFERENCE:C001|TARGET_ACTION:C001	2	2	Das trocken gebundene Holzpulver, Form II, auf Stufe III erhitzen.	erhitze hiervon auf Stufe III	0	V69_TOKEN_GLOSS_BYTE_IDENTICAL__SEPARATE_WINDOW_METADATA	1	A002	T001	ALREADY_ADMITTED_EXACT_SELF_REPLAY	erhitze hiervon auf Stufe III	0	V70_TOKEN_GLOSS_BYTE_IDENTICAL__FRAME_REPLAY_METADATA_ONLY	V72H001	NONE	NONE	REPLAY_EXISTING_C001	erhitze hiervon auf Stufe III	0	PASS_V72_YKA_II_III_SISTER_FRAME__5_CASES_2_REPLAY_1_NEW_B_EDGE_2_HELD__AIIN_UNBOUND__ZERO_WORD_DELTA	NONE	NONE	NONE	NONE	NONE	erhitze hiervon auf Stufe III	0	PASS_V73_10_ANA_WINDOWS__1_EXACT_STATE_ONLY_2_WORKING_STATE_LIKE_2_DEICTIC__1_UNIQUE_CANDIDATE_1_NEW_B_EDGE__C011_OCCURRENCE_BOUND__ZERO_WORD_DELTA	M002	2	REFERENCE:C001|TARGET_ACTION:C001	C001	EDGE_NODE	Das trocken gebundene Holzpulver, Form II, auf Stufe III erhitzen.	erhitze hiervon auf Stufe III	0	PASS_V74_11_EDGES__9_CONNECTED_COMPONENTS__23_EDGE_NODES_2_HULL_ONLY_1_STRUCTURAL__ZERO_EDGE_WORD_DELTA	V75R001	TARGET_ACTION_CLAUSE:V75R001	NONE	M002	2	REFERENCE:C001|TARGET_ACTION:C001|DONOR_ACTION_OUTPUT:C012	C001|C012	EDGE_NODE	Das trocken gebundene Holzpulver, Form II, auf Stufe III erhitzen. Ergebnis: fertiges Holzextraktpulver.	C012	erhitze hiervon auf Stufe III	0	PASS_V75_11_TARGET_RIGHT_CONTEXTS__7_NOMINAL_3_ACTION_1_EOS__1_EXACT_WRITTEN_RESULT__2X2_DEFAULTS_REJECTED__C012_OCCURRENCE_BOUND__ZERO_WORD_DELTA	A007	ACTION_CLAUSE:A007	F002	ADMIT_INHERITED	M002	2	REFERENCE:C001|TARGET_ACTION:C001|DONOR_ACTION_OUTPUT:C012	C001|C012	EDGE_NODE	Das trocken gebundene Holzpulver, Form II, auf Stufe III erhitzen. Ergebnis: fertiges Holzextraktpulver.	NONE	erhitze hiervon auf Stufe III	0	PASS_V76_83_ACTION_RIGHT_CONTEXTS__60_NOMINAL_15_ACTION_8_EOS__7_FINISHED_STATE_FIRSTS__3_LOCAL_READS_4_OPEN__C013_C014_ADDED__ZERO_WORD_DELTA
f105v	f105v.1	5	olpchedy	fertiges Holzextraktpulver	fertiges Holzextraktpulver	1	3	NOMINAL_BLOCK	NOT_ACTION_LICENSED	0	NONE	NONE	NONE	NONE	NONE	NONE	fertiges Holzextraktpulver	0	V68_WORDS_FROZEN__RELATION_METADATA_ONLY	NONE	NONE	NONE	NONE	NONE	fertiges Holzextraktpulver	0	V69_TOKEN_GLOSS_BYTE_IDENTICAL__SEPARATE_WINDOW_METADATA	0	NONE	NONE	NOT_IN_ACTION_SURFACE_SCAN	fertiges Holzextraktpulver	0	V70_TOKEN_GLOSS_BYTE_IDENTICAL__FRAME_REPLAY_METADATA_ONLY	NONE	NONE	NONE	NONE	fertiges Holzextraktpulver	0	PASS_V72_YKA_II_III_SISTER_FRAME__5_CASES_2_REPLAY_1_NEW_B_EDGE_2_HELD__AIIN_UNBOUND__ZERO_WORD_DELTA	NONE	NONE	NONE	NONE	NONE	fertiges Holzextraktpulver	0	PASS_V73_10_ANA_WINDOWS__1_EXACT_STATE_ONLY_2_WORKING_STATE_LIKE_2_DEICTIC__1_UNIQUE_CANDIDATE_1_NEW_B_EDGE__C011_OCCURRENCE_BOUND__ZERO_WORD_DELTA	NONE	NONE	NONE	NONE	NONE	NONE	fertiges Holzextraktpulver	0	PASS_V74_11_EDGES__9_CONNECTED_COMPONENTS__23_EDGE_NODES_2_HULL_ONLY_1_STRUCTURAL__ZERO_EDGE_WORD_DELTA	V75R001	FIRST_RIGHT_SEMANTIC:V75R001	O001	M002	3	WRITTEN_RESULT_STATE_LABEL:C012	C012	EDGE_NODE	Das trocken gebundene Holzpulver, Form II, auf Stufe III erhitzen. Ergebnis: fertiges Holzextraktpulver.	C012	fertiges Holzextraktpulver	0	PASS_V75_11_TARGET_RIGHT_CONTEXTS__7_NOMINAL_3_ACTION_1_EOS__1_EXACT_WRITTEN_RESULT__2X2_DEFAULTS_REJECTED__C012_OCCURRENCE_BOUND__ZERO_WORD_DELTA	A007	FIRST_RIGHT_ITEM:A007	F002	ADMIT_INHERITED	M002	3	WRITTEN_RESULT_STATE_LABEL:C012	C012	EDGE_NODE	Das trocken gebundene Holzpulver, Form II, auf Stufe III erhitzen. Ergebnis: fertiges Holzextraktpulver.	NONE	fertiges Holzextraktpulver	0	PASS_V76_83_ACTION_RIGHT_CONTEXTS__60_NOMINAL_15_ACTION_8_EOS__7_FINISHED_STATE_FIRSTS__3_LOCAL_READS_4_OPEN__C013_C014_ADDED__ZERO_WORD_DELTA
f105v	f105v.1	6	opchedaiin	drei Dosen bis zur Mittelstufe getrockneten Pulvers	drei Dosen bis zur Mittelstufe getrockneten Pulvers	1	3	NOMINAL_BLOCK	NOT_ACTION_LICENSED	0	NONE	NONE	NONE	NONE	NONE	NONE	drei Dosen bis zur Mittelstufe getrockneten Pulvers	0	V68_WORDS_FROZEN__RELATION_METADATA_ONLY	NONE	NONE	NONE	NONE	NONE	drei Dosen bis zur Mittelstufe getrockneten Pulvers	0	V69_TOKEN_GLOSS_BYTE_IDENTICAL__SEPARATE_WINDOW_METADATA	0	NONE	NONE	NOT_IN_ACTION_SURFACE_SCAN	drei Dosen bis zur Mittelstufe getrockneten Pulvers	0	V70_TOKEN_GLOSS_BYTE_IDENTICAL__FRAME_REPLAY_METADATA_ONLY	NONE	NONE	NONE	NONE	drei Dosen bis zur Mittelstufe getrockneten Pulvers	0	PASS_V72_YKA_II_III_SISTER_FRAME__5_CASES_2_REPLAY_1_NEW_B_EDGE_2_HELD__AIIN_UNBOUND__ZERO_WORD_DELTA	NONE	NONE	NONE	NONE	NONE	drei Dosen bis zur Mittelstufe getrockneten Pulvers	0	PASS_V73_10_ANA_WINDOWS__1_EXACT_STATE_ONLY_2_WORKING_STATE_LIKE_2_DEICTIC__1_UNIQUE_CANDIDATE_1_NEW_B_EDGE__C011_OCCURRENCE_BOUND__ZERO_WORD_DELTA	NONE	NONE	NONE	NONE	NONE	NONE	drei Dosen bis zur Mittelstufe getrockneten Pulvers	0	PASS_V74_11_EDGES__9_CONNECTED_COMPONENTS__23_EDGE_NODES_2_HULL_ONLY_1_STRUCTURAL__ZERO_EDGE_WORD_DELTA	V75R001	ANTI_SKIP_CONTROL:V75R001	NONE	NONE	NONE	NONE	NONE	NONE	NONE	NONE	drei Dosen bis zur Mittelstufe getrockneten Pulvers	0	PASS_V75_11_TARGET_RIGHT_CONTEXTS__7_NOMINAL_3_ACTION_1_EOS__1_EXACT_WRITTEN_RESULT__2X2_DEFAULTS_REJECTED__C012_OCCURRENCE_BOUND__ZERO_WORD_DELTA	NONE	NONE	NONE	NONE	NONE	NONE	NONE	NONE	NONE	NONE	NONE	drei Dosen bis zur Mittelstufe getrockneten Pulvers	0	PASS_V76_83_ACTION_RIGHT_CONTEXTS__60_NOMINAL_15_ACTION_8_EOS__7_FINISHED_STATE_FIRSTS__3_LOCAL_READS_4_OPEN__C013_C014_ADDED__ZERO_WORD_DELTA
f105v	f105v.1	7	dairody	abgemessener Ansatzanteil II, fertiggestellt	abgemessener Ansatzanteil II, fertiggestellt	1	3	NOMINAL_BLOCK	NOT_ACTION_LICENSED	0	NONE	NONE	NONE	NONE	NONE	H001	abgemessener Ansatzanteil II, fertiggestellt	0	V68_WORDS_FROZEN__RELATION_METADATA_ONLY	NONE	NONE	NONE	NONE	NONE	abgemessener Ansatzanteil II, fertiggestellt	0	V69_TOKEN_GLOSS_BYTE_IDENTICAL__SEPARATE_WINDOW_METADATA	0	NONE	NONE	NOT_IN_ACTION_SURFACE_SCAN	abgemessener Ansatzanteil II, fertiggestellt	0	V70_TOKEN_GLOSS_BYTE_IDENTICAL__FRAME_REPLAY_METADATA_ONLY	NONE	NONE	NONE	NONE	abgemessener Ansatzanteil II, fertiggestellt	0	PASS_V72_YKA_II_III_SISTER_FRAME__5_CASES_2_REPLAY_1_NEW_B_EDGE_2_HELD__AIIN_UNBOUND__ZERO_WORD_DELTA	NONE	NONE	NONE	NONE	NONE	abgemessener Ansatzanteil II, fertiggestellt	0	PASS_V73_10_ANA_WINDOWS__1_EXACT_STATE_ONLY_2_WORKING_STATE_LIKE_2_DEICTIC__1_UNIQUE_CANDIDATE_1_NEW_B_EDGE__C011_OCCURRENCE_BOUND__ZERO_WORD_DELTA	NONE	NONE	NONE	NONE	NONE	NONE	abgemessener Ansatzanteil II, fertiggestellt	0	PASS_V74_11_EDGES__9_CONNECTED_COMPONENTS__23_EDGE_NODES_2_HULL_ONLY_1_STRUCTURAL__ZERO_EDGE_WORD_DELTA	V75R001	ANTI_SKIP_CONTROL:V75R001	NONE	NONE	NONE	NONE	NONE	NONE	NONE	NONE	abgemessener Ansatzanteil II, fertiggestellt	0	PASS_V75_11_TARGET_RIGHT_CONTEXTS__7_NOMINAL_3_ACTION_1_EOS__1_EXACT_WRITTEN_RESULT__2X2_DEFAULTS_REJECTED__C012_OCCURRENCE_BOUND__ZERO_WORD_DELTA	NONE	NONE	NONE	NONE	NONE	NONE	NONE	NONE	NONE	NONE	NONE	abgemessener Ansatzanteil II, fertiggestellt	0	PASS_V76_83_ACTION_RIGHT_CONTEXTS__60_NOMINAL_15_ACTION_8_EOS__7_FINISHED_STATE_FIRSTS__3_LOCAL_READS_4_OPEN__C013_C014_ADDED__ZERO_WORD_DELTA
f105v	f105v.1	8	ypcheddy	hieraus Pulver bis zur Mittelstufe trocknen	hieraus Pulver bis zur Mittelstufe trocknen	1	4	ACTION_CLAUSE	GDT689_V62_ACTION_ORDINAL	1	NONE	NONE	NONE	R005	NONE	H001	hieraus Pulver bis zur Mittelstufe trocknen	0	V68_WORDS_FROZEN__RELATION_METADATA_ONLY	NONE	NONE	NONE	NONE	NONE	hieraus Pulver bis zur Mittelstufe trocknen	0	V69_TOKEN_GLOSS_BYTE_IDENTICAL__SEPARATE_WINDOW_METADATA	0	NONE	NONE	NOT_IN_ACTION_SURFACE_SCAN	hieraus Pulver bis zur Mittelstufe trocknen	0	V70_TOKEN_GLOSS_BYTE_IDENTICAL__FRAME_REPLAY_METADATA_ONLY	NONE	NONE	NONE	NONE	hieraus Pulver bis zur Mittelstufe trocknen	0	PASS_V72_YKA_II_III_SISTER_FRAME__5_CASES_2_REPLAY_1_NEW_B_EDGE_2_HELD__AIIN_UNBOUND__ZERO_WORD_DELTA	NONE	NONE	NONE	NONE	NONE	hieraus Pulver bis zur Mittelstufe trocknen	0	PASS_V73_10_ANA_WINDOWS__1_EXACT_STATE_ONLY_2_WORKING_STATE_LIKE_2_DEICTIC__1_UNIQUE_CANDIDATE_1_NEW_B_EDGE__C011_OCCURRENCE_BOUND__ZERO_WORD_DELTA	NONE	NONE	NONE	NONE	NONE	NONE	hieraus Pulver bis zur Mittelstufe trocknen	0	PASS_V74_11_EDGES__9_CONNECTED_COMPONENTS__23_EDGE_NODES_2_HULL_ONLY_1_STRUCTURAL__ZERO_EDGE_WORD_DELTA	NONE	NONE	NONE	NONE	NONE	NONE	NONE	NONE	NONE	NONE	hieraus Pulver bis zur Mittelstufe trocknen	0	PASS_V75_11_TARGET_RIGHT_CONTEXTS__7_NOMINAL_3_ACTION_1_EOS__1_EXACT_WRITTEN_RESULT__2X2_DEFAULTS_REJECTED__C012_OCCURRENCE_BOUND__ZERO_WORD_DELTA	A008	ACTION_CLAUSE:A008	NONE	NONE	NONE	NONE	NONE	NONE	NONE	NONE	NONE	hieraus Pulver bis zur Mittelstufe trocknen	0	PASS_V76_83_ACTION_RIGHT_CONTEXTS__60_NOMINAL_15_ACTION_8_EOS__7_FINISHED_STATE_FIRSTS__3_LOCAL_READS_4_OPEN__C013_C014_ADDED__ZERO_WORD_DELTA
f105v	f105v.1	9	sairy	Samenanteil II, abgeschlossen	Samenanteil II, abgeschlossen	1	5	NOMINAL_BLOCK	NOT_ACTION_LICENSED	0	NONE	NONE	NONE	NONE	NONE	H001	Samenanteil II, abgeschlossen	0	V68_WORDS_FROZEN__RELATION_METADATA_ONLY	NONE	NONE	NONE	NONE	NONE	Samenanteil II, abgeschlossen	0	V69_TOKEN_GLOSS_BYTE_IDENTICAL__SEPARATE_WINDOW_METADATA	0	NONE	NONE	NOT_IN_ACTION_SURFACE_SCAN	Samenanteil II, abgeschlossen	0	V70_TOKEN_GLOSS_BYTE_IDENTICAL__FRAME_REPLAY_METADATA_ONLY	NONE	NONE	NONE	NONE	Samenanteil II, abgeschlossen	0	PASS_V72_YKA_II_III_SISTER_FRAME__5_CASES_2_REPLAY_1_NEW_B_EDGE_2_HELD__AIIN_UNBOUND__ZERO_WORD_DELTA	NONE	NONE	NONE	NONE	NONE	Samenanteil II, abgeschlossen	0	PASS_V73_10_ANA_WINDOWS__1_EXACT_STATE_ONLY_2_WORKING_STATE_LIKE_2_DEICTIC__1_UNIQUE_CANDIDATE_1_NEW_B_EDGE__C011_OCCURRENCE_BOUND__ZERO_WORD_DELTA	NONE	NONE	NONE	NONE	NONE	NONE	Samenanteil II, abgeschlossen	0	PASS_V74_11_EDGES__9_CONNECTED_COMPONENTS__23_EDGE_NODES_2_HULL_ONLY_1_STRUCTURAL__ZERO_EDGE_WORD_DELTA	NONE	NONE	NONE	NONE	NONE	NONE	NONE	NONE	NONE	NONE	Samenanteil II, abgeschlossen	0	PASS_V75_11_TARGET_RIGHT_CONTEXTS__7_NOMINAL_3_ACTION_1_EOS__1_EXACT_WRITTEN_RESULT__2X2_DEFAULTS_REJECTED__C012_OCCURRENCE_BOUND__ZERO_WORD_DELTA	A008	FIRST_RIGHT_ITEM:A008	NONE	NONE	NONE	NONE	NONE	NONE	NONE	NONE	NONE	Samenanteil II, abgeschlossen	0	PASS_V76_83_ACTION_RIGHT_CONTEXTS__60_NOMINAL_15_ACTION_8_EOS__7_FINISHED_STATE_FIRSTS__3_LOCAL_READS_4_OPEN__C013_C014_ADDED__ZERO_WORD_DELTA
f105v	f105v.14	1	pchedaiin	drei Dosen bis Mittelstufe getrocknetes Pulver	drei Dosen bis Mittelstufe getrocknetes Pulver	1	1	NOMINAL_BLOCK	NOT_ACTION_LICENSED	0	NONE	NONE	NONE	NONE	NONE	NONE	drei Dosen bis Mittelstufe getrocknetes Pulver	0	V68_WORDS_FROZEN__RELATION_METADATA_ONLY	NONE	NONE	NONE	NONE	NONE	drei Dosen bis Mittelstufe getrocknetes Pulver	0	V69_TOKEN_GLOSS_BYTE_IDENTICAL__SEPARATE_WINDOW_METADATA	0	NONE	NONE	NOT_IN_ACTION_SURFACE_SCAN	drei Dosen bis Mittelstufe getrocknetes Pulver	0	V70_TOKEN_GLOSS_BYTE_IDENTICAL__FRAME_REPLAY_METADATA_ONLY	NONE	NONE	NONE	NONE	drei Dosen bis Mittelstufe getrocknetes Pulver	0	PASS_V72_YKA_II_III_SISTER_FRAME__5_CASES_2_REPLAY_1_NEW_B_EDGE_2_HELD__AIIN_UNBOUND__ZERO_WORD_DELTA	NONE	NONE	NONE	NONE	NONE	drei Dosen bis Mittelstufe getrocknetes Pulver	0	PASS_V73_10_ANA_WINDOWS__1_EXACT_STATE_ONLY_2_WORKING_STATE_LIKE_2_DEICTIC__1_UNIQUE_CANDIDATE_1_NEW_B_EDGE__C011_OCCURRENCE_BOUND__ZERO_WORD_DELTA	NONE	NONE	NONE	NONE	NONE	NONE	drei Dosen bis Mittelstufe getrocknetes Pulver	0	PASS_V74_11_EDGES__9_CONNECTED_COMPONENTS__23_EDGE_NODES_2_HULL_ONLY_1_STRUCTURAL__ZERO_EDGE_WORD_DELTA	NONE	NONE	NONE	NONE	NONE	NONE	NONE	NONE	NONE	NONE	drei Dosen bis Mittelstufe getrocknetes Pulver	0	PASS_V75_11_TARGET_RIGHT_CONTEXTS__7_NOMINAL_3_ACTION_1_EOS__1_EXACT_WRITTEN_RESULT__2X2_DEFAULTS_REJECTED__C012_OCCURRENCE_BOUND__ZERO_WORD_DELTA	NONE	NONE	NONE	NONE	NONE	NONE	NONE	NONE	NONE	NONE	NONE	drei Dosen bis Mittelstufe getrocknetes Pulver	0	PASS_V76_83_ACTION_RIGHT_CONTEXTS__60_NOMINAL_15_ACTION_8_EOS__7_FINISHED_STATE_FIRSTS__3_LOCAL_READS_4_OPEN__C013_C014_ADDED__ZERO_WORD_DELTA
f105v	f105v.14	2	chckhdy	trockenes Arzneikompositum, Anfangsstufe erreicht	trockenes Arzneikompositum, Anfangsstufe erreicht	1	1	NOMINAL_BLOCK	NOT_ACTION_LICENSED	0	NONE	NONE	NONE	NONE	NONE	NONE	trockenes Arzneikompositum, Anfangsstufe erreicht	0	V68_WORDS_FROZEN__RELATION_METADATA_ONLY	NONE	NONE	NONE	NONE	NONE	trockenes Arzneikompositum, Anfangsstufe erreicht	0	V69_TOKEN_GLOSS_BYTE_IDENTICAL__SEPARATE_WINDOW_METADATA	0	NONE	NONE	NOT_IN_ACTION_SURFACE_SCAN	trockenes Arzneikompositum, Anfangsstufe erreicht	0	V70_TOKEN_GLOSS_BYTE_IDENTICAL__FRAME_REPLAY_METADATA_ONLY	NONE	NONE	NONE	NONE	trockenes Arzneikompositum, Anfangsstufe erreicht	0	PASS_V72_YKA_II_III_SISTER_FRAME__5_CASES_2_REPLAY_1_NEW_B_EDGE_2_HELD__AIIN_UNBOUND__ZERO_WORD_DELTA	NONE	NONE	NONE	NONE	NONE	trockenes Arzneikompositum, Anfangsstufe erreicht	0	PASS_V73_10_ANA_WINDOWS__1_EXACT_STATE_ONLY_2_WORKING_STATE_LIKE_2_DEICTIC__1_UNIQUE_CANDIDATE_1_NEW_B_EDGE__C011_OCCURRENCE_BOUND__ZERO_WORD_DELTA	NONE	NONE	NONE	NONE	NONE	NONE	trockenes Arzneikompositum, Anfangsstufe erreicht	0	PASS_V74_11_EDGES__9_CONNECTED_COMPONENTS__23_EDGE_NODES_2_HULL_ONLY_1_STRUCTURAL__ZERO_EDGE_WORD_DELTA	NONE	NONE	NONE	NONE	NONE	NONE	NONE	NONE	NONE	NONE	trockenes Arzneikompositum, Anfangsstufe erreicht	0	PASS_V75_11_TARGET_RIGHT_CONTEXTS__7_NOMINAL_3_ACTION_1_EOS__1_EXACT_WRITTEN_RESULT__2X2_DEFAULTS_REJECTED__C012_OCCURRENCE_BOUND__ZERO_WORD_DELTA	NONE	NONE	NONE	NONE	NONE	NONE	NONE	NONE	NONE	NONE	NONE	trockenes Arzneikompositum, Anfangsstufe erreicht	0	PASS_V76_83_ACTION_RIGHT_CONTEXTS__60_NOMINAL_15_ACTION_8_EOS__7_FINISHED_STATE_FIRSTS__3_LOCAL_READS_4_OPEN__C013_C014_ADDED__ZERO_WORD_DELTA
f105v	f105v.14	3	qokaiir	nimm den heißen Drogenanteil III	nimm den heißen Drogenanteil III	1	2	ACTION_CLAUSE	GDT689_V62_ACTION_ORDINAL	1	NONE	NONE	NONE	NONE	NONE	NONE	nimm den heißen Drogenanteil III	0	V68_WORDS_FROZEN__RELATION_METADATA_ONLY	NONE	NONE	NONE	NONE	NONE	nimm den heißen Drogenanteil III	0	V69_TOKEN_GLOSS_BYTE_IDENTICAL__SEPARATE_WINDOW_METADATA	0	NONE	NONE	NOT_IN_ACTION_SURFACE_SCAN	nimm den heißen Drogenanteil III	0	V70_TOKEN_GLOSS_BYTE_IDENTICAL__FRAME_REPLAY_METADATA_ONLY	NONE	NONE	NONE	NONE	nimm den heißen Drogenanteil III	0	PASS_V72_YKA_II_III_SISTER_FRAME__5_CASES_2_REPLAY_1_NEW_B_EDGE_2_HELD__AIIN_UNBOUND__ZERO_WORD_DELTA	NONE	NONE	NONE	NONE	NONE	nimm den heißen Drogenanteil III	0	PASS_V73_10_ANA_WINDOWS__1_EXACT_STATE_ONLY_2_WORKING_STATE_LIKE_2_DEICTIC__1_UNIQUE_CANDIDATE_1_NEW_B_EDGE__C011_OCCURRENCE_BOUND__ZERO_WORD_DELTA	NONE	NONE	NONE	NONE	NONE	NONE	nimm den heißen Drogenanteil III	0	PASS_V74_11_EDGES__9_CONNECTED_COMPONENTS__23_EDGE_NODES_2_HULL_ONLY_1_STRUCTURAL__ZERO_EDGE_WORD_DELTA	NONE	NONE	NONE	NONE	NONE	NONE	NONE	NONE	NONE	NONE	nimm den heißen Drogenanteil III	0	PASS_V75_11_TARGET_RIGHT_CONTEXTS__7_NOMINAL_3_ACTION_1_EOS__1_EXACT_WRITTEN_RESULT__2X2_DEFAULTS_REJECTED__C012_OCCURRENCE_BOUND__ZERO_WORD_DELTA	A009	ACTION_CLAUSE:A009	F003	HOLD_OPEN	NONE	NONE	NONE	NONE	NONE	NONE	NONE	nimm den heißen Drogenanteil III	0	PASS_V76_83_ACTION_RIGHT_CONTEXTS__60_NOMINAL_15_ACTION_8_EOS__7_FINISHED_STATE_FIRSTS__3_LOCAL_READS_4_OPEN__C013_C014_ADDED__ZERO_WORD_DELTA
f105v	f105v.14	4	olpchedy	fertiges Holzextraktpulver	fertiges Holzextraktpulver	1	3	NOMINAL_BLOCK	NOT_ACTION_LICENSED	0	NONE	NONE	NONE	NONE	NONE	NONE	fertiges Holzextraktpulver	0	V68_WORDS_FROZEN__RELATION_METADATA_ONLY	NONE	NONE	NONE	NONE	NONE	fertiges Holzextraktpulver	0	V69_TOKEN_GLOSS_BYTE_IDENTICAL__SEPARATE_WINDOW_METADATA	0	NONE	NONE	NOT_IN_ACTION_SURFACE_SCAN	fertiges Holzextraktpulver	0	V70_TOKEN_GLOSS_BYTE_IDENTICAL__FRAME_REPLAY_METADATA_ONLY	NONE	NONE	NONE	NONE	fertiges Holzextraktpulver	0	PASS_V72_YKA_II_III_SISTER_FRAME__5_CASES_2_REPLAY_1_NEW_B_EDGE_2_HELD__AIIN_UNBOUND__ZERO_WORD_DELTA	NONE	NONE	NONE	NONE	NONE	fertiges Holzextraktpulver	0	PASS_V73_10_ANA_WINDOWS__1_EXACT_STATE_ONLY_2_WORKING_STATE_LIKE_2_DEICTIC__1_UNIQUE_CANDIDATE_1_NEW_B_EDGE__C011_OCCURRENCE_BOUND__ZERO_WORD_DELTA	NONE	NONE	NONE	NONE	NONE	NONE	fertiges Holzextraktpulver	0	PASS_V74_11_EDGES__9_CONNECTED_COMPONENTS__23_EDGE_NODES_2_HULL_ONLY_1_STRUCTURAL__ZERO_EDGE_WORD_DELTA	NONE	NONE	O002	NONE	NONE	NONE	NONE	NONE	NONE	NONE	fertiges Holzextraktpulver	0	PASS_V75_11_TARGET_RIGHT_CONTEXTS__7_NOMINAL_3_ACTION_1_EOS__1_EXACT_WRITTEN_RESULT__2X2_DEFAULTS_REJECTED__C012_OCCURRENCE_BOUND__ZERO_WORD_DELTA	A009	FIRST_RIGHT_ITEM:A009	F003	HOLD_OPEN	NONE	NONE	NONE	NONE	NONE	NONE	NONE	fertiges Holzextraktpulver	0	PASS_V76_83_ACTION_RIGHT_CONTEXTS__60_NOMINAL_15_ACTION_8_EOS__7_FINISHED_STATE_FIRSTS__3_LOCAL_READS_4_OPEN__C013_C014_ADDED__ZERO_WORD_DELTA
f105v	f105v.14	5	olord	abgezogene Portion Holzauszug	abgezogene Portion Holzauszug	1	3	NOMINAL_BLOCK	NOT_ACTION_LICENSED	0	NONE	NONE	NONE	NONE	NONE	NONE	abgezogene Portion Holzauszug	0	V68_WORDS_FROZEN__RELATION_METADATA_ONLY	NONE	NONE	NONE	NONE	NONE	abgezogene Portion Holzauszug	0	V69_TOKEN_GLOSS_BYTE_IDENTICAL__SEPARATE_WINDOW_METADATA	0	NONE	NONE	NOT_IN_ACTION_SURFACE_SCAN	abgezogene Portion Holzauszug	0	V70_TOKEN_GLOSS_BYTE_IDENTICAL__FRAME_REPLAY_METADATA_ONLY	NONE	NONE	NONE	NONE	abgezogene Portion Holzauszug	0	PASS_V72_YKA_II_III_SISTER_FRAME__5_CASES_2_REPLAY_1_NEW_B_EDGE_2_HELD__AIIN_UNBOUND__ZERO_WORD_DELTA	NONE	NONE	NONE	NONE	NONE	abgezogene Portion Holzauszug	0	PASS_V73_10_ANA_WINDOWS__1_EXACT_STATE_ONLY_2_WORKING_STATE_LIKE_2_DEICTIC__1_UNIQUE_CANDIDATE_1_NEW_B_EDGE__C011_OCCURRENCE_BOUND__ZERO_WORD_DELTA	NONE	NONE	NONE	NONE	NONE	NONE	abgezogene Portion Holzauszug	0	PASS_V74_11_EDGES__9_CONNECTED_COMPONENTS__23_EDGE_NODES_2_HULL_ONLY_1_STRUCTURAL__ZERO_EDGE_WORD_DELTA	NONE	NONE	NONE	NONE	NONE	NONE	NONE	NONE	NONE	NONE	abgezogene Portion Holzauszug	0	PASS_V75_11_TARGET_RIGHT_CONTEXTS__7_NOMINAL_3_ACTION_1_EOS__1_EXACT_WRITTEN_RESULT__2X2_DEFAULTS_REJECTED__C012_OCCURRENCE_BOUND__ZERO_WORD_DELTA	NONE	NONE	NONE	NONE	NONE	NONE	NONE	NONE	NONE	NONE	NONE	abgezogene Portion Holzauszug	0	PASS_V76_83_ACTION_RIGHT_CONTEXTS__60_NOMINAL_15_ACTION_8_EOS__7_FINISHED_STATE_FIRSTS__3_LOCAL_READS_4_OPEN__C013_C014_ADDED__ZERO_WORD_DELTA
f105v	f105v.14	6	aiiin	Menge IV	Menge IV	1	3	NOMINAL_BLOCK	NOT_ACTION_LICENSED	0	NONE	NONE	NONE	NONE	NONE	NONE	Menge IV	0	V68_WORDS_FROZEN__RELATION_METADATA_ONLY	NONE	NONE	NONE	NONE	NONE	Menge IV	0	V69_TOKEN_GLOSS_BYTE_IDENTICAL__SEPARATE_WINDOW_METADATA	0	NONE	NONE	NOT_IN_ACTION_SURFACE_SCAN	Menge IV	0	V70_TOKEN_GLOSS_BYTE_IDENTICAL__FRAME_REPLAY_METADATA_ONLY	NONE	NONE	NONE	NONE	Menge IV	0	PASS_V72_YKA_II_III_SISTER_FRAME__5_CASES_2_REPLAY_1_NEW_B_EDGE_2_HELD__AIIN_UNBOUND__ZERO_WORD_DELTA	NONE	NONE	NONE	NONE	NONE	Menge IV	0	PASS_V73_10_ANA_WINDOWS__1_EXACT_STATE_ONLY_2_WORKING_STATE_LIKE_2_DEICTIC__1_UNIQUE_CANDIDATE_1_NEW_B_EDGE__C011_OCCURRENCE_BOUND__ZERO_WORD_DELTA	NONE	NONE	NONE	NONE	NONE	NONE	Menge IV	0	PASS_V74_11_EDGES__9_CONNECTED_COMPONENTS__23_EDGE_NODES_2_HULL_ONLY_1_STRUCTURAL__ZERO_EDGE_WORD_DELTA	NONE	NONE	NONE	NONE	NONE	NONE	NONE	NONE	NONE	NONE	Menge IV	0	PASS_V75_11_TARGET_RIGHT_CONTEXTS__7_NOMINAL_3_ACTION_1_EOS__1_EXACT_WRITTEN_RESULT__2X2_DEFAULTS_REJECTED__C012_OCCURRENCE_BOUND__ZERO_WORD_DELTA	NONE	NONE	NONE	NONE	NONE	NONE	NONE	NONE	NONE	NONE	NONE	Menge IV	0	PASS_V76_83_ACTION_RIGHT_CONTEXTS__60_NOMINAL_15_ACTION_8_EOS__7_FINISHED_STATE_FIRSTS__3_LOCAL_READS_4_OPEN__C013_C014_ADDED__ZERO_WORD_DELTA
f105v	f105v.14	7	tail	kaltgestellte Rohdroge II	kaltgestellte Rohdroge II	1	3	NOMINAL_BLOCK	NOT_ACTION_LICENSED	0	NONE	NONE	NONE	NONE	NONE	NONE	kaltgestellte Rohdroge II	0	V68_WORDS_FROZEN__RELATION_METADATA_ONLY	NONE	NONE	NONE	NONE	NONE	kaltgestellte Rohdroge II	0	V69_TOKEN_GLOSS_BYTE_IDENTICAL__SEPARATE_WINDOW_METADATA	0	NONE	NONE	NOT_IN_ACTION_SURFACE_SCAN	kaltgestellte Rohdroge II	0	V70_TOKEN_GLOSS_BYTE_IDENTICAL__FRAME_REPLAY_METADATA_ONLY	NONE	NONE	NONE	NONE	kaltgestellte Rohdroge II	0	PASS_V72_YKA_II_III_SISTER_FRAME__5_CASES_2_REPLAY_1_NEW_B_EDGE_2_HELD__AIIN_UNBOUND__ZERO_WORD_DELTA	NONE	NONE	NONE	NONE	NONE	kaltgestellte Rohdroge II	0	PASS_V73_10_ANA_WINDOWS__1_EXACT_STATE_ONLY_2_WORKING_STATE_LIKE_2_DEICTIC__1_UNIQUE_CANDIDATE_1_NEW_B_EDGE__C011_OCCURRENCE_BOUND__ZERO_WORD_DELTA	NONE	NONE	NONE	NONE	NONE	NONE	kaltgestellte Rohdroge II	0	PASS_V74_11_EDGES__9_CONNECTED_COMPONENTS__23_EDGE_NODES_2_HULL_ONLY_1_STRUCTURAL__ZERO_EDGE_WORD_DELTA	NONE	NONE	NONE	NONE	NONE	NONE	NONE	NONE	NONE	NONE	kaltgestellte Rohdroge II	0	PASS_V75_11_TARGET_RIGHT_CONTEXTS__7_NOMINAL_3_ACTION_1_EOS__1_EXACT_WRITTEN_RESULT__2X2_DEFAULTS_REJECTED__C012_OCCURRENCE_BOUND__ZERO_WORD_DELTA	NONE	NONE	NONE	NONE	NONE	NONE	NONE	NONE	NONE	NONE	NONE	kaltgestellte Rohdroge II	0	PASS_V76_83_ACTION_RIGHT_CONTEXTS__60_NOMINAL_15_ACTION_8_EOS__7_FINISHED_STATE_FIRSTS__3_LOCAL_READS_4_OPEN__C013_C014_ADDED__ZERO_WORD_DELTA
f105v	f105v.14	8	odar	Anteil I des Ansatzes abmessen	Anteil I des Ansatzes abmessen	1	4	ACTION_CLAUSE	GDT689_V62_ACTION_ORDINAL	1	NONE	NONE	NONE	NONE	NONE	NONE	Anteil I des Ansatzes abmessen	0	V68_WORDS_FROZEN__RELATION_METADATA_ONLY	NONE	NONE	NONE	NONE	NONE	Anteil I des Ansatzes abmessen	0	V69_TOKEN_GLOSS_BYTE_IDENTICAL__SEPARATE_WINDOW_METADATA	0	NONE	NONE	NOT_IN_ACTION_SURFACE_SCAN	Anteil I des Ansatzes abmessen	0	V70_TOKEN_GLOSS_BYTE_IDENTICAL__FRAME_REPLAY_METADATA_ONLY	NONE	NONE	NONE	NONE	Anteil I des Ansatzes abmessen	0	PASS_V72_YKA_II_III_SISTER_FRAME__5_CASES_2_REPLAY_1_NEW_B_EDGE_2_HELD__AIIN_UNBOUND__ZERO_WORD_DELTA	V73A001	NONE	NONE	NONE	NONE	Anteil I des Ansatzes abmessen	0	PASS_V73_10_ANA_WINDOWS__1_EXACT_STATE_ONLY_2_WORKING_STATE_LIKE_2_DEICTIC__1_UNIQUE_CANDIDATE_1_NEW_B_EDGE__C011_OCCURRENCE_BOUND__ZERO_WORD_DELTA	NONE	NONE	NONE	NONE	NONE	NONE	Anteil I des Ansatzes abmessen	0	PASS_V74_11_EDGES__9_CONNECTED_COMPONENTS__23_EDGE_NODES_2_HULL_ONLY_1_STRUCTURAL__ZERO_EDGE_WORD_DELTA	NONE	NONE	NONE	NONE	NONE	NONE	NONE	NONE	NONE	NONE	Anteil I des Ansatzes abmessen	0	PASS_V75_11_TARGET_RIGHT_CONTEXTS__7_NOMINAL_3_ACTION_1_EOS__1_EXACT_WRITTEN_RESULT__2X2_DEFAULTS_REJECTED__C012_OCCURRENCE_BOUND__ZERO_WORD_DELTA	A010	ACTION_CLAUSE:A010	NONE	NONE	NONE	NONE	NONE	NONE	NONE	NONE	NONE	Anteil I des Ansatzes abmessen	0	PASS_V76_83_ACTION_RIGHT_CONTEXTS__60_NOMINAL_15_ACTION_8_EOS__7_FINISHED_STATE_FIRSTS__3_LOCAL_READS_4_OPEN__C013_C014_ADDED__ZERO_WORD_DELTA
f105v	f105v.14	9	kard	erhitzter Drogenanteil I, abgezogen	erhitzter Drogenanteil I, abgezogen	1	5	NOMINAL_BLOCK	NOT_ACTION_LICENSED	0	NONE	NONE	NONE	NONE	NONE	NONE	erhitzter Drogenanteil I, abgezogen	0	V68_WORDS_FROZEN__RELATION_METADATA_ONLY	NONE	NONE	NONE	NONE	NONE	erhitzter Drogenanteil I, abgezogen	0	V69_TOKEN_GLOSS_BYTE_IDENTICAL__SEPARATE_WINDOW_METADATA	0	NONE	NONE	NOT_IN_ACTION_SURFACE_SCAN	erhitzter Drogenanteil I, abgezogen	0	V70_TOKEN_GLOSS_BYTE_IDENTICAL__FRAME_REPLAY_METADATA_ONLY	NONE	NONE	NONE	NONE	erhitzter Drogenanteil I, abgezogen	0	PASS_V72_YKA_II_III_SISTER_FRAME__5_CASES_2_REPLAY_1_NEW_B_EDGE_2_HELD__AIIN_UNBOUND__ZERO_WORD_DELTA	V73A001	NONE	NONE	NONE	NONE	erhitzter Drogenanteil I, abgezogen	0	PASS_V73_10_ANA_WINDOWS__1_EXACT_STATE_ONLY_2_WORKING_STATE_LIKE_2_DEICTIC__1_UNIQUE_CANDIDATE_1_NEW_B_EDGE__C011_OCCURRENCE_BOUND__ZERO_WORD_DELTA	NONE	NONE	NONE	NONE	NONE	NONE	erhitzter Drogenanteil I, abgezogen	0	PASS_V74_11_EDGES__9_CONNECTED_COMPONENTS__23_EDGE_NODES_2_HULL_ONLY_1_STRUCTURAL__ZERO_EDGE_WORD_DELTA	NONE	NONE	NONE	NONE	NONE	NONE	NONE	NONE	NONE	NONE	erhitzter Drogenanteil I, abgezogen	0	PASS_V75_11_TARGET_RIGHT_CONTEXTS__7_NOMINAL_3_ACTION_1_EOS__1_EXACT_WRITTEN_RESULT__2X2_DEFAULTS_REJECTED__C012_OCCURRENCE_BOUND__ZERO_WORD_DELTA	A010	FIRST_RIGHT_ITEM:A010	NONE	NONE	NONE	NONE	NONE	NONE	NONE	NONE	NONE	erhitzter Drogenanteil I, abgezogen	0	PASS_V76_83_ACTION_RIGHT_CONTEXTS__60_NOMINAL_15_ACTION_8_EOS__7_FINISHED_STATE_FIRSTS__3_LOCAL_READS_4_OPEN__C013_C014_ADDED__ZERO_WORD_DELTA
f105v	f105v.14	10	chtchy	Droge kalt trocknen und leicht nachtrocknen	Droge kalt trocknen und leicht nachtrocknen	1	6	ACTION_CLAUSE	GDT689_V62_ACTION_ORDINAL	2	NONE	NONE	NONE	NONE	NONE	NONE	Droge kalt trocknen und leicht nachtrocknen	0	V68_WORDS_FROZEN__RELATION_METADATA_ONLY	NONE	NONE	NONE	NONE	NONE	Droge kalt trocknen und leicht nachtrocknen	0	V69_TOKEN_GLOSS_BYTE_IDENTICAL__SEPARATE_WINDOW_METADATA	0	NONE	NONE	NOT_IN_ACTION_SURFACE_SCAN	Droge kalt trocknen und leicht nachtrocknen	0	V70_TOKEN_GLOSS_BYTE_IDENTICAL__FRAME_REPLAY_METADATA_ONLY	NONE	NONE	NONE	NONE	Droge kalt trocknen und leicht nachtrocknen	0	PASS_V72_YKA_II_III_SISTER_FRAME__5_CASES_2_REPLAY_1_NEW_B_EDGE_2_HELD__AIIN_UNBOUND__ZERO_WORD_DELTA	V73A001	NONE	NONE	NONE	NONE	Droge kalt trocknen und leicht nachtrocknen	0	PASS_V73_10_ANA_WINDOWS__1_EXACT_STATE_ONLY_2_WORKING_STATE_LIKE_2_DEICTIC__1_UNIQUE_CANDIDATE_1_NEW_B_EDGE__C011_OCCURRENCE_BOUND__ZERO_WORD_DELTA	NONE	NONE	NONE	NONE	NONE	NONE	Droge kalt trocknen und leicht nachtrocknen	0	PASS_V74_11_EDGES__9_CONNECTED_COMPONENTS__23_EDGE_NODES_2_HULL_ONLY_1_STRUCTURAL__ZERO_EDGE_WORD_DELTA	NONE	NONE	NONE	NONE	NONE	NONE	NONE	NONE	NONE	NONE	Droge kalt trocknen und leicht nachtrocknen	0	PASS_V75_11_TARGET_RIGHT_CONTEXTS__7_NOMINAL_3_ACTION_1_EOS__1_EXACT_WRITTEN_RESULT__2X2_DEFAULTS_REJECTED__C012_OCCURRENCE_BOUND__ZERO_WORD_DELTA	A011	ACTION_CLAUSE:A011	NONE	NONE	NONE	NONE	NONE	NONE	NONE	NONE	NONE	Droge kalt trocknen und leicht nachtrocknen	0	PASS_V76_83_ACTION_RIGHT_CONTEXTS__60_NOMINAL_15_ACTION_8_EOS__7_FINISHED_STATE_FIRSTS__3_LOCAL_READS_4_OPEN__C013_C014_ADDED__ZERO_WORD_DELTA
f106r	f106r.23	1	ychedy	bis zur Mittelstufe getrocknet und abgeschlossen	bis zur Mittelstufe getrocknet und abgeschlossen	1	1	NOMINAL_BLOCK	NOT_ACTION_LICENSED	0	NONE	NONE	NONE	NONE	NONE	NONE	bis zur Mittelstufe getrocknet und abgeschlossen	0	V68_WORDS_FROZEN__RELATION_METADATA_ONLY	NONE	NONE	NONE	NONE	NONE	bis zur Mittelstufe getrocknet und abgeschlossen	0	V69_TOKEN_GLOSS_BYTE_IDENTICAL__SEPARATE_WINDOW_METADATA	0	NONE	NONE	NOT_IN_ACTION_SURFACE_SCAN	bis zur Mittelstufe getrocknet und abgeschlossen	0	V70_TOKEN_GLOSS_BYTE_IDENTICAL__FRAME_REPLAY_METADATA_ONLY	NONE	NONE	NONE	NONE	bis zur Mittelstufe getrocknet und abgeschlossen	0	PASS_V72_YKA_II_III_SISTER_FRAME__5_CASES_2_REPLAY_1_NEW_B_EDGE_2_HELD__AIIN_UNBOUND__ZERO_WORD_DELTA	NONE	NONE	NONE	NONE	NONE	bis zur Mittelstufe getrocknet und abgeschlossen	0	PASS_V73_10_ANA_WINDOWS__1_EXACT_STATE_ONLY_2_WORKING_STATE_LIKE_2_DEICTIC__1_UNIQUE_CANDIDATE_1_NEW_B_EDGE__C011_OCCURRENCE_BOUND__ZERO_WORD_DELTA	NONE	NONE	NONE	NONE	NONE	NONE	bis zur Mittelstufe getrocknet und abgeschlossen	0	PASS_V74_11_EDGES__9_CONNECTED_COMPONENTS__23_EDGE_NODES_2_HULL_ONLY_1_STRUCTURAL__ZERO_EDGE_WORD_DELTA	NONE	NONE	NONE	NONE	NONE	NONE	NONE	NONE	NONE	NONE	bis zur Mittelstufe getrocknet und abgeschlossen	0	PASS_V75_11_TARGET_RIGHT_CONTEXTS__7_NOMINAL_3_ACTION_1_EOS__1_EXACT_WRITTEN_RESULT__2X2_DEFAULTS_REJECTED__C012_OCCURRENCE_BOUND__ZERO_WORD_DELTA	NONE	NONE	NONE	NONE	NONE	NONE	NONE	NONE	NONE	NONE	NONE	bis zur Mittelstufe getrocknet und abgeschlossen	0	PASS_V76_83_ACTION_RIGHT_CONTEXTS__60_NOMINAL_15_ACTION_8_EOS__7_FINISHED_STATE_FIRSTS__3_LOCAL_READS_4_OPEN__C013_C014_ADDED__ZERO_WORD_DELTA
f106r	f106r.23	2	qckhedy	das Arzneikompositum bis zur Mittelstufe aufbereiten	das Arzneikompositum bis zur Mittelstufe aufbereiten	1	2	ACTION_CLAUSE	GDT689_V62_ACTION_ORDINAL	1	NONE	NONE	NONE	NONE	NONE	NONE	das Arzneikompositum bis zur Mittelstufe aufbereiten	0	V68_WORDS_FROZEN__RELATION_METADATA_ONLY	NONE	NONE	NONE	NONE	NONE	das Arzneikompositum bis zur Mittelstufe aufbereiten	0	V69_TOKEN_GLOSS_BYTE_IDENTICAL__SEPARATE_WINDOW_METADATA	0	NONE	NONE	NOT_IN_ACTION_SURFACE_SCAN	das Arzneikompositum bis zur Mittelstufe aufbereiten	0	V70_TOKEN_GLOSS_BYTE_IDENTICAL__FRAME_REPLAY_METADATA_ONLY	NONE	NONE	NONE	NONE	das Arzneikompositum bis zur Mittelstufe aufbereiten	0	PASS_V72_YKA_II_III_SISTER_FRAME__5_CASES_2_REPLAY_1_NEW_B_EDGE_2_HELD__AIIN_UNBOUND__ZERO_WORD_DELTA	NONE	NONE	NONE	NONE	NONE	das Arzneikompositum bis zur Mittelstufe aufbereiten	0	PASS_V73_10_ANA_WINDOWS__1_EXACT_STATE_ONLY_2_WORKING_STATE_LIKE_2_DEICTIC__1_UNIQUE_CANDIDATE_1_NEW_B_EDGE__C011_OCCURRENCE_BOUND__ZERO_WORD_DELTA	NONE	NONE	NONE	NONE	NONE	NONE	das Arzneikompositum bis zur Mittelstufe aufbereiten	0	PASS_V74_11_EDGES__9_CONNECTED_COMPONENTS__23_EDGE_NODES_2_HULL_ONLY_1_STRUCTURAL__ZERO_EDGE_WORD_DELTA	NONE	NONE	NONE	NONE	NONE	NONE	NONE	NONE	NONE	NONE	das Arzneikompositum bis zur Mittelstufe aufbereiten	0	PASS_V75_11_TARGET_RIGHT_CONTEXTS__7_NOMINAL_3_ACTION_1_EOS__1_EXACT_WRITTEN_RESULT__2X2_DEFAULTS_REJECTED__C012_OCCURRENCE_BOUND__ZERO_WORD_DELTA	A012	ACTION_CLAUSE:A012	NONE	NONE	NONE	NONE	NONE	NONE	NONE	NONE	NONE	das Arzneikompositum bis zur Mittelstufe aufbereiten	0	PASS_V76_83_ACTION_RIGHT_CONTEXTS__60_NOMINAL_15_ACTION_8_EOS__7_FINISHED_STATE_FIRSTS__3_LOCAL_READS_4_OPEN__C013_C014_ADDED__ZERO_WORD_DELTA
f106r	f106r.23	3	dair	abgemessener Anteil II	abgemessener Anteil II	1	3	NOMINAL_BLOCK	NOT_ACTION_LICENSED	0	NONE	NONE	NONE	NONE	NONE	NONE	abgemessener Anteil II	0	V68_WORDS_FROZEN__RELATION_METADATA_ONLY	NONE	NONE	NONE	NONE	NONE	abgemessener Anteil II	0	V69_TOKEN_GLOSS_BYTE_IDENTICAL__SEPARATE_WINDOW_METADATA	0	NONE	NONE	NOT_IN_ACTION_SURFACE_SCAN	abgemessener Anteil II	0	V70_TOKEN_GLOSS_BYTE_IDENTICAL__FRAME_REPLAY_METADATA_ONLY	NONE	NONE	NONE	NONE	abgemessener Anteil II	0	PASS_V72_YKA_II_III_SISTER_FRAME__5_CASES_2_REPLAY_1_NEW_B_EDGE_2_HELD__AIIN_UNBOUND__ZERO_WORD_DELTA	NONE	NONE	NONE	NONE	NONE	abgemessener Anteil II	0	PASS_V73_10_ANA_WINDOWS__1_EXACT_STATE_ONLY_2_WORKING_STATE_LIKE_2_DEICTIC__1_UNIQUE_CANDIDATE_1_NEW_B_EDGE__C011_OCCURRENCE_BOUND__ZERO_WORD_DELTA	NONE	NONE	NONE	NONE	NONE	NONE	abgemessener Anteil II	0	PASS_V74_11_EDGES__9_CONNECTED_COMPONENTS__23_EDGE_NODES_2_HULL_ONLY_1_STRUCTURAL__ZERO_EDGE_WORD_DELTA	NONE	NONE	NONE	NONE	NONE	NONE	NONE	NONE	NONE	NONE	abgemessener Anteil II	0	PASS_V75_11_TARGET_RIGHT_CONTEXTS__7_NOMINAL_3_ACTION_1_EOS__1_EXACT_WRITTEN_RESULT__2X2_DEFAULTS_REJECTED__C012_OCCURRENCE_BOUND__ZERO_WORD_DELTA	A012	FIRST_RIGHT_ITEM:A012	NONE	NONE	NONE	NONE	NONE	NONE	NONE	NONE	NONE	abgemessener Anteil II	0	PASS_V76_83_ACTION_RIGHT_CONTEXTS__60_NOMINAL_15_ACTION_8_EOS__7_FINISHED_STATE_FIRSTS__3_LOCAL_READS_4_OPEN__C013_C014_ADDED__ZERO_WORD_DELTA
f106r	f106r.23	4	al	Rohstoffklasse I	Rohstoffklasse I	1	3	NOMINAL_BLOCK	NOT_ACTION_LICENSED	0	NONE	NONE	NONE	NONE	NONE	NONE	Rohstoffklasse I	0	V68_WORDS_FROZEN__RELATION_METADATA_ONLY	NONE	NONE	NONE	NONE	NONE	Rohstoffklasse I	0	V69_TOKEN_GLOSS_BYTE_IDENTICAL__SEPARATE_WINDOW_METADATA	0	NONE	NONE	NOT_IN_ACTION_SURFACE_SCAN	Rohstoffklasse I	0	V70_TOKEN_GLOSS_BYTE_IDENTICAL__FRAME_REPLAY_METADATA_ONLY	NONE	NONE	NONE	NONE	Rohstoffklasse I	0	PASS_V72_YKA_II_III_SISTER_FRAME__5_CASES_2_REPLAY_1_NEW_B_EDGE_2_HELD__AIIN_UNBOUND__ZERO_WORD_DELTA	NONE	NONE	NONE	NONE	NONE	Rohstoffklasse I	0	PASS_V73_10_ANA_WINDOWS__1_EXACT_STATE_ONLY_2_WORKING_STATE_LIKE_2_DEICTIC__1_UNIQUE_CANDIDATE_1_NEW_B_EDGE__C011_OCCURRENCE_BOUND__ZERO_WORD_DELTA	NONE	NONE	NONE	NONE	NONE	NONE	Rohstoffklasse I	0	PASS_V74_11_EDGES__9_CONNECTED_COMPONENTS__23_EDGE_NODES_2_HULL_ONLY_1_STRUCTURAL__ZERO_EDGE_WORD_DELTA	NONE	NONE	NONE	NONE	NONE	NONE	NONE	NONE	NONE	NONE	Rohstoffklasse I	0	PASS_V75_11_TARGET_RIGHT_CONTEXTS__7_NOMINAL_3_ACTION_1_EOS__1_EXACT_WRITTEN_RESULT__2X2_DEFAULTS_REJECTED__C012_OCCURRENCE_BOUND__ZERO_WORD_DELTA	NONE	NONE	NONE	NONE	NONE	NONE	NONE	NONE	NONE	NONE	NONE	Rohstoffklasse I	0	PASS_V76_83_ACTION_RIGHT_CONTEXTS__60_NOMINAL_15_ACTION_8_EOS__7_FINISHED_STATE_FIRSTS__3_LOCAL_READS_4_OPEN__C013_C014_ADDED__ZERO_WORD_DELTA
f106r	f106r.23	5	qokedy	heiße Mittelstufe erreicht	heiße Mittelstufe erreicht	1	3	NOMINAL_BLOCK	NOT_ACTION_LICENSED	0	NONE	NONE	NONE	NONE	NONE	NONE	heiße Mittelstufe erreicht	0	V68_WORDS_FROZEN__RELATION_METADATA_ONLY	NONE	NONE	NONE	NONE	NONE	heiße Mittelstufe erreicht	0	V69_TOKEN_GLOSS_BYTE_IDENTICAL__SEPARATE_WINDOW_METADATA	0	NONE	NONE	NOT_IN_ACTION_SURFACE_SCAN	heiße Mittelstufe erreicht	0	V70_TOKEN_GLOSS_BYTE_IDENTICAL__FRAME_REPLAY_METADATA_ONLY	NONE	NONE	NONE	NONE	heiße Mittelstufe erreicht	0	PASS_V72_YKA_II_III_SISTER_FRAME__5_CASES_2_REPLAY_1_NEW_B_EDGE_2_HELD__AIIN_UNBOUND__ZERO_WORD_DELTA	NONE	NONE	NONE	NONE	NONE	heiße Mittelstufe erreicht	0	PASS_V73_10_ANA_WINDOWS__1_EXACT_STATE_ONLY_2_WORKING_STATE_LIKE_2_DEICTIC__1_UNIQUE_CANDIDATE_1_NEW_B_EDGE__C011_OCCURRENCE_BOUND__ZERO_WORD_DELTA	NONE	NONE	NONE	NONE	NONE	NONE	heiße Mittelstufe erreicht	0	PASS_V74_11_EDGES__9_CONNECTED_COMPONENTS__23_EDGE_NODES_2_HULL_ONLY_1_STRUCTURAL__ZERO_EDGE_WORD_DELTA	NONE	NONE	NONE	NONE	NONE	NONE	NONE	NONE	NONE	NONE	heiße Mittelstufe erreicht	0	PASS_V75_11_TARGET_RIGHT_CONTEXTS__7_NOMINAL_3_ACTION_1_EOS__1_EXACT_WRITTEN_RESULT__2X2_DEFAULTS_REJECTED__C012_OCCURRENCE_BOUND__ZERO_WORD_DELTA	NONE	NONE	NONE	NONE	NONE	NONE	NONE	NONE	NONE	NONE	NONE	heiße Mittelstufe erreicht	0	PASS_V76_83_ACTION_RIGHT_CONTEXTS__60_NOMINAL_15_ACTION_8_EOS__7_FINISHED_STATE_FIRSTS__3_LOCAL_READS_4_OPEN__C013_C014_ADDED__ZERO_WORD_DELTA
f106r	f106r.23	6	shecphy	bis zur Mittelstufe eingeweichtes und abgeschlossenes Arzneikompositum	bis zur Mittelstufe eingeweichtes und abgeschlossenes Arzneikompositum	1	3	NOMINAL_BLOCK	NOT_ACTION_LICENSED	0	NONE	NONE	NONE	NONE	NONE	NONE	bis zur Mittelstufe eingeweichtes und abgeschlossenes Arzneikompositum	0	V68_WORDS_FROZEN__RELATION_METADATA_ONLY	NONE	NONE	NONE	NONE	NONE	bis zur Mittelstufe eingeweichtes und abgeschlossenes Arzneikompositum	0	V69_TOKEN_GLOSS_BYTE_IDENTICAL__SEPARATE_WINDOW_METADATA	0	NONE	NONE	NOT_IN_ACTION_SURFACE_SCAN	bis zur Mittelstufe eingeweichtes und abgeschlossenes Arzneikompositum	0	V70_TOKEN_GLOSS_BYTE_IDENTICAL__FRAME_REPLAY_METADATA_ONLY	NONE	NONE	NONE	NONE	bis zur Mittelstufe eingeweichtes und abgeschlossenes Arzneikompositum	0	PASS_V72_YKA_II_III_SISTER_FRAME__5_CASES_2_REPLAY_1_NEW_B_EDGE_2_HELD__AIIN_UNBOUND__ZERO_WORD_DELTA	NONE	NONE	NONE	NONE	NONE	bis zur Mittelstufe eingeweichtes und abgeschlossenes Arzneikompositum	0	PASS_V73_10_ANA_WINDOWS__1_EXACT_STATE_ONLY_2_WORKING_STATE_LIKE_2_DEICTIC__1_UNIQUE_CANDIDATE_1_NEW_B_EDGE__C011_OCCURRENCE_BOUND__ZERO_WORD_DELTA	NONE	NONE	NONE	NONE	NONE	NONE	bis zur Mittelstufe eingeweichtes und abgeschlossenes Arzneikompositum	0	PASS_V74_11_EDGES__9_CONNECTED_COMPONENTS__23_EDGE_NODES_2_HULL_ONLY_1_STRUCTURAL__ZERO_EDGE_WORD_DELTA	NONE	NONE	NONE	NONE	NONE	NONE	NONE	NONE	NONE	NONE	bis zur Mittelstufe eingeweichtes und abgeschlossenes Arzneikompositum	0	PASS_V75_11_TARGET_RIGHT_CONTEXTS__7_NOMINAL_3_ACTION_1_EOS__1_EXACT_WRITTEN_RESULT__2X2_DEFAULTS_REJECTED__C012_OCCURRENCE_BOUND__ZERO_WORD_DELTA	NONE	NONE	NONE	NONE	NONE	NONE	NONE	NONE	NONE	NONE	NONE	bis zur Mittelstufe eingeweichtes und abgeschlossenes Arzneikompositum	0	PASS_V76_83_ACTION_RIGHT_CONTEXTS__60_NOMINAL_15_ACTION_8_EOS__7_FINISHED_STATE_FIRSTS__3_LOCAL_READS_4_OPEN__C013_C014_ADDED__ZERO_WORD_DELTA
f106r	f106r.23	7	qokchy	heiß und trocken am Anfang des Grades	heiß und trocken am Anfang des Grades	1	3	NOMINAL_BLOCK	NOT_ACTION_LICENSED	0	NONE	NONE	NONE	NONE	NONE	NONE	heiß und trocken am Anfang des Grades	0	V68_WORDS_FROZEN__RELATION_METADATA_ONLY	NONE	NONE	NONE	NONE	NONE	heiß und trocken am Anfang des Grades	0	V69_TOKEN_GLOSS_BYTE_IDENTICAL__SEPARATE_WINDOW_METADATA	0	NONE	NONE	NOT_IN_ACTION_SURFACE_SCAN	heiß und trocken am Anfang des Grades	0	V70_TOKEN_GLOSS_BYTE_IDENTICAL__FRAME_REPLAY_METADATA_ONLY	NONE	NONE	NONE	NONE	heiß und trocken am Anfang des Grades	0	PASS_V72_YKA_II_III_SISTER_FRAME__5_CASES_2_REPLAY_1_NEW_B_EDGE_2_HELD__AIIN_UNBOUND__ZERO_WORD_DELTA	NONE	NONE	NONE	NONE	NONE	heiß und trocken am Anfang des Grades	0	PASS_V73_10_ANA_WINDOWS__1_EXACT_STATE_ONLY_2_WORKING_STATE_LIKE_2_DEICTIC__1_UNIQUE_CANDIDATE_1_NEW_B_EDGE__C011_OCCURRENCE_BOUND__ZERO_WORD_DELTA	NONE	NONE	NONE	NONE	NONE	NONE	heiß und trocken am Anfang des Grades	0	PASS_V74_11_EDGES__9_CONNECTED_COMPONENTS__23_EDGE_NODES_2_HULL_ONLY_1_STRUCTURAL__ZERO_EDGE_WORD_DELTA	NONE	NONE	NONE	NONE	NONE	NONE	NONE	NONE	NONE	NONE	heiß und trocken am Anfang des Grades	0	PASS_V75_11_TARGET_RIGHT_CONTEXTS__7_NOMINAL_3_ACTION_1_EOS__1_EXACT_WRITTEN_RESULT__2X2_DEFAULTS_REJECTED__C012_OCCURRENCE_BOUND__ZERO_WORD_DELTA	NONE	NONE	NONE	NONE	NONE	NONE	NONE	NONE	NONE	NONE	NONE	heiß und trocken am Anfang des Grades	0	PASS_V76_83_ACTION_RIGHT_CONTEXTS__60_NOMINAL_15_ACTION_8_EOS__7_FINISHED_STATE_FIRSTS__3_LOCAL_READS_4_OPEN__C013_C014_ADDED__ZERO_WORD_DELTA
f106r	f106r.23	8	otedy	kalter Ansatz, Mittelstufe erreicht	kalter Ansatz, Mittelstufe erreicht	1	3	NOMINAL_BLOCK	NOT_ACTION_LICENSED	0	NONE	NONE	NONE	NONE	NONE	NONE	kalter Ansatz, Mittelstufe erreicht	0	V68_WORDS_FROZEN__RELATION_METADATA_ONLY	NONE	NONE	NONE	NONE	NONE	kalter Ansatz, Mittelstufe erreicht	0	V69_TOKEN_GLOSS_BYTE_IDENTICAL__SEPARATE_WINDOW_METADATA	0	NONE	NONE	NOT_IN_ACTION_SURFACE_SCAN	kalter Ansatz, Mittelstufe erreicht	0	V70_TOKEN_GLOSS_BYTE_IDENTICAL__FRAME_REPLAY_METADATA_ONLY	NONE	NONE	NONE	NONE	kalter Ansatz, Mittelstufe erreicht	0	PASS_V72_YKA_II_III_SISTER_FRAME__5_CASES_2_REPLAY_1_NEW_B_EDGE_2_HELD__AIIN_UNBOUND__ZERO_WORD_DELTA	NONE	NONE	NONE	NONE	NONE	kalter Ansatz, Mittelstufe erreicht	0	PASS_V73_10_ANA_WINDOWS__1_EXACT_STATE_ONLY_2_WORKING_STATE_LIKE_2_DEICTIC__1_UNIQUE_CANDIDATE_1_NEW_B_EDGE__C011_OCCURRENCE_BOUND__ZERO_WORD_DELTA	NONE	NONE	NONE	NONE	NONE	NONE	kalter Ansatz, Mittelstufe erreicht	0	PASS_V74_11_EDGES__9_CONNECTED_COMPONENTS__23_EDGE_NODES_2_HULL_ONLY_1_STRUCTURAL__ZERO_EDGE_WORD_DELTA	NONE	NONE	NONE	NONE	NONE	NONE	NONE	NONE	NONE	NONE	kalter Ansatz, Mittelstufe erreicht	0	PASS_V75_11_TARGET_RIGHT_CONTEXTS__7_NOMINAL_3_ACTION_1_EOS__1_EXACT_WRITTEN_RESULT__2X2_DEFAULTS_REJECTED__C012_OCCURRENCE_BOUND__ZERO_WORD_DELTA	NONE	NONE	NONE	NONE	NONE	NONE	NONE	NONE	NONE	NONE	NONE	kalter Ansatz, Mittelstufe erreicht	0	PASS_V76_83_ACTION_RIGHT_CONTEXTS__60_NOMINAL_15_ACTION_8_EOS__7_FINISHED_STATE_FIRSTS__3_LOCAL_READS_4_OPEN__C013_C014_ADDED__ZERO_WORD_DELTA
f106r	f106r.23	9	dar	abgemessener Anteil I	abgemessener Anteil I	1	3	NOMINAL_BLOCK	NOT_ACTION_LICENSED	0	NONE	NONE	NONE	NONE	NONE	NONE	abgemessener Anteil I	0	V68_WORDS_FROZEN__RELATION_METADATA_ONLY	NONE	NONE	NONE	NONE	NONE	abgemessener Anteil I	0	V69_TOKEN_GLOSS_BYTE_IDENTICAL__SEPARATE_WINDOW_METADATA	0	NONE	NONE	NOT_IN_ACTION_SURFACE_SCAN	abgemessener Anteil I	0	V70_TOKEN_GLOSS_BYTE_IDENTICAL__FRAME_REPLAY_METADATA_ONLY	NONE	NONE	NONE	NONE	abgemessener Anteil I	0	PASS_V72_YKA_II_III_SISTER_FRAME__5_CASES_2_REPLAY_1_NEW_B_EDGE_2_HELD__AIIN_UNBOUND__ZERO_WORD_DELTA	NONE	NONE	NONE	NONE	NONE	abgemessener Anteil I	0	PASS_V73_10_ANA_WINDOWS__1_EXACT_STATE_ONLY_2_WORKING_STATE_LIKE_2_DEICTIC__1_UNIQUE_CANDIDATE_1_NEW_B_EDGE__C011_OCCURRENCE_BOUND__ZERO_WORD_DELTA	NONE	NONE	NONE	NONE	NONE	NONE	abgemessener Anteil I	0	PASS_V74_11_EDGES__9_CONNECTED_COMPONENTS__23_EDGE_NODES_2_HULL_ONLY_1_STRUCTURAL__ZERO_EDGE_WORD_DELTA	NONE	NONE	NONE	NONE	NONE	NONE	NONE	NONE	NONE	NONE	abgemessener Anteil I	0	PASS_V75_11_TARGET_RIGHT_CONTEXTS__7_NOMINAL_3_ACTION_1_EOS__1_EXACT_WRITTEN_RESULT__2X2_DEFAULTS_REJECTED__C012_OCCURRENCE_BOUND__ZERO_WORD_DELTA	NONE	NONE	NONE	NONE	NONE	NONE	NONE	NONE	NONE	NONE	NONE	abgemessener Anteil I	0	PASS_V76_83_ACTION_RIGHT_CONTEXTS__60_NOMINAL_15_ACTION_8_EOS__7_FINISHED_STATE_FIRSTS__3_LOCAL_READS_4_OPEN__C013_C014_ADDED__ZERO_WORD_DELTA
f106r	f106r.23	10	aror	eine Portion des Drogenanteils I	eine Portion des Drogenanteils I	1	3	NOMINAL_BLOCK	NOT_ACTION_LICENSED	0	NONE	NONE	NONE	NONE	NONE	NONE	eine Portion des Drogenanteils I	0	V68_WORDS_FROZEN__RELATION_METADATA_ONLY	NONE	NONE	NONE	NONE	NONE	eine Portion des Drogenanteils I	0	V69_TOKEN_GLOSS_BYTE_IDENTICAL__SEPARATE_WINDOW_METADATA	0	NONE	NONE	NOT_IN_ACTION_SURFACE_SCAN	eine Portion des Drogenanteils I	0	V70_TOKEN_GLOSS_BYTE_IDENTICAL__FRAME_REPLAY_METADATA_ONLY	NONE	NONE	NONE	NONE	eine Portion des Drogenanteils I	0	PASS_V72_YKA_II_III_SISTER_FRAME__5_CASES_2_REPLAY_1_NEW_B_EDGE_2_HELD__AIIN_UNBOUND__ZERO_WORD_DELTA	NONE	NONE	NONE	NONE	NONE	eine Portion des Drogenanteils I	0	PASS_V73_10_ANA_WINDOWS__1_EXACT_STATE_ONLY_2_WORKING_STATE_LIKE_2_DEICTIC__1_UNIQUE_CANDIDATE_1_NEW_B_EDGE__C011_OCCURRENCE_BOUND__ZERO_WORD_DELTA	NONE	NONE	NONE	NONE	NONE	NONE	eine Portion des Drogenanteils I	0	PASS_V74_11_EDGES__9_CONNECTED_COMPONENTS__23_EDGE_NODES_2_HULL_ONLY_1_STRUCTURAL__ZERO_EDGE_WORD_DELTA	NONE	NONE	NONE	NONE	NONE	NONE	NONE	NONE	NONE	NONE	eine Portion des Drogenanteils I	0	PASS_V75_11_TARGET_RIGHT_CONTEXTS__7_NOMINAL_3_ACTION_1_EOS__1_EXACT_WRITTEN_RESULT__2X2_DEFAULTS_REJECTED__C012_OCCURRENCE_BOUND__ZERO_WORD_DELTA	NONE	NONE	NONE	NONE	NONE	NONE	NONE	NONE	NONE	NONE	NONE	eine Portion des Drogenanteils I	0	PASS_V76_83_ACTION_RIGHT_CONTEXTS__60_NOMINAL_15_ACTION_8_EOS__7_FINISHED_STATE_FIRSTS__3_LOCAL_READS_4_OPEN__C013_C014_ADDED__ZERO_WORD_DELTA
f107r	f107r.2	1	dchey	Eine abgemessene Portion bis zur Mittelstufe trocknen	Eine abgemessene Portion bis zur Mittelstufe trocknen	1	1	ACTION_CLAUSE	GDT689_V62_ACTION_ORDINAL	1	NONE	NONE	NONE	NONE	NONE	NONE	Eine abgemessene Portion bis zur Mittelstufe trocknen	0	V68_WORDS_FROZEN__RELATION_METADATA_ONLY	NONE	NONE	NONE	NONE	NONE	Eine abgemessene Portion bis zur Mittelstufe trocknen	0	V69_TOKEN_GLOSS_BYTE_IDENTICAL__SEPARATE_WINDOW_METADATA	0	NONE	NONE	NOT_IN_ACTION_SURFACE_SCAN	Eine abgemessene Portion bis zur Mittelstufe trocknen	0	V70_TOKEN_GLOSS_BYTE_IDENTICAL__FRAME_REPLAY_METADATA_ONLY	NONE	NONE	NONE	NONE	Eine abgemessene Portion bis zur Mittelstufe trocknen	0	PASS_V72_YKA_II_III_SISTER_FRAME__5_CASES_2_REPLAY_1_NEW_B_EDGE_2_HELD__AIIN_UNBOUND__ZERO_WORD_DELTA	NONE	NONE	NONE	NONE	NONE	Eine abgemessene Portion bis zur Mittelstufe trocknen	0	PASS_V73_10_ANA_WINDOWS__1_EXACT_STATE_ONLY_2_WORKING_STATE_LIKE_2_DEICTIC__1_UNIQUE_CANDIDATE_1_NEW_B_EDGE__C011_OCCURRENCE_BOUND__ZERO_WORD_DELTA	NONE	NONE	NONE	NONE	NONE	NONE	Eine abgemessene Portion bis zur Mittelstufe trocknen	0	PASS_V74_11_EDGES__9_CONNECTED_COMPONENTS__23_EDGE_NODES_2_HULL_ONLY_1_STRUCTURAL__ZERO_EDGE_WORD_DELTA	NONE	NONE	NONE	NONE	NONE	NONE	NONE	NONE	NONE	NONE	Eine abgemessene Portion bis zur Mittelstufe trocknen	0	PASS_V75_11_TARGET_RIGHT_CONTEXTS__7_NOMINAL_3_ACTION_1_EOS__1_EXACT_WRITTEN_RESULT__2X2_DEFAULTS_REJECTED__C012_OCCURRENCE_BOUND__ZERO_WORD_DELTA	A013	ACTION_CLAUSE:A013	NONE	NONE	NONE	NONE	NONE	NONE	NONE	NONE	NONE	Eine abgemessene Portion bis zur Mittelstufe trocknen	0	PASS_V76_83_ACTION_RIGHT_CONTEXTS__60_NOMINAL_15_ACTION_8_EOS__7_FINISHED_STATE_FIRSTS__3_LOCAL_READS_4_OPEN__C013_C014_ADDED__ZERO_WORD_DELTA
f107r	f107r.2	2	qoteos	eine bis zur Mittelstufe gekühlte Ansatzcharge nehmen	eine bis zur Mittelstufe gekühlte Ansatzcharge nehmen	1	2	ACTION_CLAUSE	GDT689_V62_ACTION_ORDINAL	1	NONE	NONE	NONE	NONE	NONE	NONE	eine bis zur Mittelstufe gekühlte Ansatzcharge nehmen	0	V68_WORDS_FROZEN__RELATION_METADATA_ONLY	NONE	NONE	NONE	NONE	NONE	eine bis zur Mittelstufe gekühlte Ansatzcharge nehmen	0	V69_TOKEN_GLOSS_BYTE_IDENTICAL__SEPARATE_WINDOW_METADATA	0	NONE	NONE	NOT_IN_ACTION_SURFACE_SCAN	eine bis zur Mittelstufe gekühlte Ansatzcharge nehmen	0	V70_TOKEN_GLOSS_BYTE_IDENTICAL__FRAME_REPLAY_METADATA_ONLY	NONE	NONE	NONE	NONE	eine bis zur Mittelstufe gekühlte Ansatzcharge nehmen	0	PASS_V72_YKA_II_III_SISTER_FRAME__5_CASES_2_REPLAY_1_NEW_B_EDGE_2_HELD__AIIN_UNBOUND__ZERO_WORD_DELTA	NONE	NONE	NONE	NONE	NONE	eine bis zur Mittelstufe gekühlte Ansatzcharge nehmen	0	PASS_V73_10_ANA_WINDOWS__1_EXACT_STATE_ONLY_2_WORKING_STATE_LIKE_2_DEICTIC__1_UNIQUE_CANDIDATE_1_NEW_B_EDGE__C011_OCCURRENCE_BOUND__ZERO_WORD_DELTA	NONE	NONE	NONE	NONE	NONE	NONE	eine bis zur Mittelstufe gekühlte Ansatzcharge nehmen	0	PASS_V74_11_EDGES__9_CONNECTED_COMPONENTS__23_EDGE_NODES_2_HULL_ONLY_1_STRUCTURAL__ZERO_EDGE_WORD_DELTA	NONE	NONE	NONE	NONE	NONE	NONE	NONE	NONE	NONE	NONE	eine bis zur Mittelstufe gekühlte Ansatzcharge nehmen	0	PASS_V75_11_TARGET_RIGHT_CONTEXTS__7_NOMINAL_3_ACTION_1_EOS__1_EXACT_WRITTEN_RESULT__2X2_DEFAULTS_REJECTED__C012_OCCURRENCE_BOUND__ZERO_WORD_DELTA	A013|A014	ACTION_CLAUSE:A014|FIRST_RIGHT_ITEM:A013	NONE	NONE	NONE	NONE	NONE	NONE	NONE	NONE	NONE	eine bis zur Mittelstufe gekühlte Ansatzcharge nehmen	0	PASS_V76_83_ACTION_RIGHT_CONTEXTS__60_NOMINAL_15_ACTION_8_EOS__7_FINISHED_STATE_FIRSTS__3_LOCAL_READS_4_OPEN__C013_C014_ADDED__ZERO_WORD_DELTA
f107r	f107r.2	3	aiin	Menge III	Menge III	1	3	NOMINAL_BLOCK	NOT_ACTION_LICENSED	0	NONE	NONE	NONE	NONE	NONE	NONE	Menge III	0	V68_WORDS_FROZEN__RELATION_METADATA_ONLY	NONE	NONE	NONE	NONE	NONE	Menge III	0	V69_TOKEN_GLOSS_BYTE_IDENTICAL__SEPARATE_WINDOW_METADATA	0	NONE	NONE	NOT_IN_ACTION_SURFACE_SCAN	Menge III	0	V70_TOKEN_GLOSS_BYTE_IDENTICAL__FRAME_REPLAY_METADATA_ONLY	NONE	NONE	NONE	NONE	Menge III	0	PASS_V72_YKA_II_III_SISTER_FRAME__5_CASES_2_REPLAY_1_NEW_B_EDGE_2_HELD__AIIN_UNBOUND__ZERO_WORD_DELTA	NONE	NONE	NONE	NONE	NONE	Menge III	0	PASS_V73_10_ANA_WINDOWS__1_EXACT_STATE_ONLY_2_WORKING_STATE_LIKE_2_DEICTIC__1_UNIQUE_CANDIDATE_1_NEW_B_EDGE__C011_OCCURRENCE_BOUND__ZERO_WORD_DELTA	NONE	NONE	NONE	NONE	NONE	NONE	Menge III	0	PASS_V74_11_EDGES__9_CONNECTED_COMPONENTS__23_EDGE_NODES_2_HULL_ONLY_1_STRUCTURAL__ZERO_EDGE_WORD_DELTA	NONE	NONE	NONE	NONE	NONE	NONE	NONE	NONE	NONE	NONE	Menge III	0	PASS_V75_11_TARGET_RIGHT_CONTEXTS__7_NOMINAL_3_ACTION_1_EOS__1_EXACT_WRITTEN_RESULT__2X2_DEFAULTS_REJECTED__C012_OCCURRENCE_BOUND__ZERO_WORD_DELTA	A014	FIRST_RIGHT_ITEM:A014	NONE	NONE	NONE	NONE	NONE	NONE	NONE	NONE	NONE	Menge III	0	PASS_V76_83_ACTION_RIGHT_CONTEXTS__60_NOMINAL_15_ACTION_8_EOS__7_FINISHED_STATE_FIRSTS__3_LOCAL_READS_4_OPEN__C013_C014_ADDED__ZERO_WORD_DELTA
f107r	f107r.2	4	shedy	mittlere Feuchtstufe erreicht	mittlere Feuchtstufe erreicht	1	3	NOMINAL_BLOCK	NOT_ACTION_LICENSED	0	NONE	NONE	NONE	NONE	NONE	NONE	mittlere Feuchtstufe erreicht	0	V68_WORDS_FROZEN__RELATION_METADATA_ONLY	NONE	NONE	NONE	NONE	NONE	mittlere Feuchtstufe erreicht	0	V69_TOKEN_GLOSS_BYTE_IDENTICAL__SEPARATE_WINDOW_METADATA	0	NONE	NONE	NOT_IN_ACTION_SURFACE_SCAN	mittlere Feuchtstufe erreicht	0	V70_TOKEN_GLOSS_BYTE_IDENTICAL__FRAME_REPLAY_METADATA_ONLY	NONE	NONE	NONE	NONE	mittlere Feuchtstufe erreicht	0	PASS_V72_YKA_II_III_SISTER_FRAME__5_CASES_2_REPLAY_1_NEW_B_EDGE_2_HELD__AIIN_UNBOUND__ZERO_WORD_DELTA	NONE	NONE	NONE	NONE	NONE	mittlere Feuchtstufe erreicht	0	PASS_V73_10_ANA_WINDOWS__1_EXACT_STATE_ONLY_2_WORKING_STATE_LIKE_2_DEICTIC__1_UNIQUE_CANDIDATE_1_NEW_B_EDGE__C011_OCCURRENCE_BOUND__ZERO_WORD_DELTA	NONE	NONE	NONE	NONE	NONE	NONE	mittlere Feuchtstufe erreicht	0	PASS_V74_11_EDGES__9_CONNECTED_COMPONENTS__23_EDGE_NODES_2_HULL_ONLY_1_STRUCTURAL__ZERO_EDGE_WORD_DELTA	NONE	NONE	NONE	NONE	NONE	NONE	NONE	NONE	NONE	NONE	mittlere Feuchtstufe erreicht	0	PASS_V75_11_TARGET_RIGHT_CONTEXTS__7_NOMINAL_3_ACTION_1_EOS__1_EXACT_WRITTEN_RESULT__2X2_DEFAULTS_REJECTED__C012_OCCURRENCE_BOUND__ZERO_WORD_DELTA	NONE	NONE	NONE	NONE	NONE	NONE	NONE	NONE	NONE	NONE	NONE	mittlere Feuchtstufe erreicht	0	PASS_V76_83_ACTION_RIGHT_CONTEXTS__60_NOMINAL_15_ACTION_8_EOS__7_FINISHED_STATE_FIRSTS__3_LOCAL_READS_4_OPEN__C013_C014_ADDED__ZERO_WORD_DELTA
f107r	f107r.2	5	oteed	vollständig abgekühlter und abgezogener Auszug	vollständig abgekühlter und abgezogener Auszug	1	3	NOMINAL_BLOCK	NOT_ACTION_LICENSED	0	NONE	NONE	NONE	NONE	NONE	NONE	vollständig abgekühlter und abgezogener Auszug	0	V68_WORDS_FROZEN__RELATION_METADATA_ONLY	NONE	NONE	NONE	NONE	NONE	vollständig abgekühlter und abgezogener Auszug	0	V69_TOKEN_GLOSS_BYTE_IDENTICAL__SEPARATE_WINDOW_METADATA	0	NONE	NONE	NOT_IN_ACTION_SURFACE_SCAN	vollständig abgekühlter und abgezogener Auszug	0	V70_TOKEN_GLOSS_BYTE_IDENTICAL__FRAME_REPLAY_METADATA_ONLY	NONE	NONE	NONE	NONE	vollständig abgekühlter und abgezogener Auszug	0	PASS_V72_YKA_II_III_SISTER_FRAME__5_CASES_2_REPLAY_1_NEW_B_EDGE_2_HELD__AIIN_UNBOUND__ZERO_WORD_DELTA	NONE	NONE	NONE	NONE	NONE	vollständig abgekühlter und abgezogener Auszug	0	PASS_V73_10_ANA_WINDOWS__1_EXACT_STATE_ONLY_2_WORKING_STATE_LIKE_2_DEICTIC__1_UNIQUE_CANDIDATE_1_NEW_B_EDGE__C011_OCCURRENCE_BOUND__ZERO_WORD_DELTA	NONE	NONE	NONE	NONE	NONE	NONE	vollständig abgekühlter und abgezogener Auszug	0	PASS_V74_11_EDGES__9_CONNECTED_COMPONENTS__23_EDGE_NODES_2_HULL_ONLY_1_STRUCTURAL__ZERO_EDGE_WORD_DELTA	NONE	NONE	NONE	NONE	NONE	NONE	NONE	NONE	NONE	NONE	vollständig abgekühlter und abgezogener Auszug	0	PASS_V75_11_TARGET_RIGHT_CONTEXTS__7_NOMINAL_3_ACTION_1_EOS__1_EXACT_WRITTEN_RESULT__2X2_DEFAULTS_REJECTED__C012_OCCURRENCE_BOUND__ZERO_WORD_DELTA	NONE	NONE	NONE	NONE	NONE	NONE	NONE	NONE	NONE	NONE	NONE	vollständig abgekühlter und abgezogener Auszug	0	PASS_V76_83_ACTION_RIGHT_CONTEXTS__60_NOMINAL_15_ACTION_8_EOS__7_FINISHED_STATE_FIRSTS__3_LOCAL_READS_4_OPEN__C013_C014_ADDED__ZERO_WORD_DELTA
f107r	f107r.2	6	qor	nimm eine Drogenportion	nimm eine Drogenportion	1	4	ACTION_CLAUSE	GDT689_V62_ACTION_ORDINAL	1	NONE	NONE	NONE	NONE	NONE	NONE	nimm eine Drogenportion	0	V68_WORDS_FROZEN__RELATION_METADATA_ONLY	NONE	NONE	NONE	NONE	NONE	nimm eine Drogenportion	0	V69_TOKEN_GLOSS_BYTE_IDENTICAL__SEPARATE_WINDOW_METADATA	0	NONE	NONE	NOT_IN_ACTION_SURFACE_SCAN	nimm eine Drogenportion	0	V70_TOKEN_GLOSS_BYTE_IDENTICAL__FRAME_REPLAY_METADATA_ONLY	NONE	NONE	NONE	NONE	nimm eine Drogenportion	0	PASS_V72_YKA_II_III_SISTER_FRAME__5_CASES_2_REPLAY_1_NEW_B_EDGE_2_HELD__AIIN_UNBOUND__ZERO_WORD_DELTA	NONE	NONE	NONE	NONE	NONE	nimm eine Drogenportion	0	PASS_V73_10_ANA_WINDOWS__1_EXACT_STATE_ONLY_2_WORKING_STATE_LIKE_2_DEICTIC__1_UNIQUE_CANDIDATE_1_NEW_B_EDGE__C011_OCCURRENCE_BOUND__ZERO_WORD_DELTA	NONE	NONE	NONE	NONE	NONE	NONE	nimm eine Drogenportion	0	PASS_V74_11_EDGES__9_CONNECTED_COMPONENTS__23_EDGE_NODES_2_HULL_ONLY_1_STRUCTURAL__ZERO_EDGE_WORD_DELTA	NONE	NONE	NONE	NONE	NONE	NONE	NONE	NONE	NONE	NONE	nimm eine Drogenportion	0	PASS_V75_11_TARGET_RIGHT_CONTEXTS__7_NOMINAL_3_ACTION_1_EOS__1_EXACT_WRITTEN_RESULT__2X2_DEFAULTS_REJECTED__C012_OCCURRENCE_BOUND__ZERO_WORD_DELTA	A015	ACTION_CLAUSE:A015	NONE	NONE	NONE	NONE	NONE	NONE	NONE	NONE	NONE	nimm eine Drogenportion	0	PASS_V76_83_ACTION_RIGHT_CONTEXTS__60_NOMINAL_15_ACTION_8_EOS__7_FINISHED_STATE_FIRSTS__3_LOCAL_READS_4_OPEN__C013_C014_ADDED__ZERO_WORD_DELTA
f107r	f107r.2	7	aiin	Menge III	Menge III	1	5	NOMINAL_BLOCK	NOT_ACTION_LICENSED	0	NONE	NONE	NONE	NONE	NONE	NONE	Menge III	0	V68_WORDS_FROZEN__RELATION_METADATA_ONLY	NONE	NONE	NONE	NONE	NONE	Menge III	0	V69_TOKEN_GLOSS_BYTE_IDENTICAL__SEPARATE_WINDOW_METADATA	0	NONE	NONE	NOT_IN_ACTION_SURFACE_SCAN	Menge III	0	V70_TOKEN_GLOSS_BYTE_IDENTICAL__FRAME_REPLAY_METADATA_ONLY	NONE	NONE	NONE	NONE	Menge III	0	PASS_V72_YKA_II_III_SISTER_FRAME__5_CASES_2_REPLAY_1_NEW_B_EDGE_2_HELD__AIIN_UNBOUND__ZERO_WORD_DELTA	NONE	NONE	NONE	NONE	NONE	Menge III	0	PASS_V73_10_ANA_WINDOWS__1_EXACT_STATE_ONLY_2_WORKING_STATE_LIKE_2_DEICTIC__1_UNIQUE_CANDIDATE_1_NEW_B_EDGE__C011_OCCURRENCE_BOUND__ZERO_WORD_DELTA	NONE	NONE	NONE	NONE	NONE	NONE	Menge III	0	PASS_V74_11_EDGES__9_CONNECTED_COMPONENTS__23_EDGE_NODES_2_HULL_ONLY_1_STRUCTURAL__ZERO_EDGE_WORD_DELTA	NONE	NONE	NONE	NONE	NONE	NONE	NONE	NONE	NONE	NONE	Menge III	0	PASS_V75_11_TARGET_RIGHT_CONTEXTS__7_NOMINAL_3_ACTION_1_EOS__1_EXACT_WRITTEN_RESULT__2X2_DEFAULTS_REJECTED__C012_OCCURRENCE_BOUND__ZERO_WORD_DELTA	A015	FIRST_RIGHT_ITEM:A015	NONE	NONE	NONE	NONE	NONE	NONE	NONE	NONE	NONE	Menge III	0	PASS_V76_83_ACTION_RIGHT_CONTEXTS__60_NOMINAL_15_ACTION_8_EOS__7_FINISHED_STATE_FIRSTS__3_LOCAL_READS_4_OPEN__C013_C014_ADDED__ZERO_WORD_DELTA
f107r	f107r.2	8	cheockhy	trocken angesetztes Arzneikompositum am Gradanfang	trocken angesetztes Arzneikompositum am Gradanfang	1	5	NOMINAL_BLOCK	NOT_ACTION_LICENSED	0	NONE	NONE	NONE	NONE	NONE	NONE	trocken angesetztes Arzneikompositum am Gradanfang	0	V68_WORDS_FROZEN__RELATION_METADATA_ONLY	NONE	NONE	NONE	NONE	NONE	trocken angesetztes Arzneikompositum am Gradanfang	0	V69_TOKEN_GLOSS_BYTE_IDENTICAL__SEPARATE_WINDOW_METADATA	0	NONE	NONE	NOT_IN_ACTION_SURFACE_SCAN	trocken angesetztes Arzneikompositum am Gradanfang	0	V70_TOKEN_GLOSS_BYTE_IDENTICAL__FRAME_REPLAY_METADATA_ONLY	NONE	NONE	NONE	NONE	trocken angesetztes Arzneikompositum am Gradanfang	0	PASS_V72_YKA_II_III_SISTER_FRAME__5_CASES_2_REPLAY_1_NEW_B_EDGE_2_HELD__AIIN_UNBOUND__ZERO_WORD_DELTA	NONE	NONE	NONE	NONE	NONE	trocken angesetztes Arzneikompositum am Gradanfang	0	PASS_V73_10_ANA_WINDOWS__1_EXACT_STATE_ONLY_2_WORKING_STATE_LIKE_2_DEICTIC__1_UNIQUE_CANDIDATE_1_NEW_B_EDGE__C011_OCCURRENCE_BOUND__ZERO_WORD_DELTA	NONE	NONE	NONE	NONE	NONE	NONE	trocken angesetztes Arzneikompositum am Gradanfang	0	PASS_V74_11_EDGES__9_CONNECTED_COMPONENTS__23_EDGE_NODES_2_HULL_ONLY_1_STRUCTURAL__ZERO_EDGE_WORD_DELTA	NONE	NONE	NONE	NONE	NONE	NONE	NONE	NONE	NONE	NONE	trocken angesetztes Arzneikompositum am Gradanfang	0	PASS_V75_11_TARGET_RIGHT_CONTEXTS__7_NOMINAL_3_ACTION_1_EOS__1_EXACT_WRITTEN_RESULT__2X2_DEFAULTS_REJECTED__C012_OCCURRENCE_BOUND__ZERO_WORD_DELTA	NONE	NONE	NONE	NONE	NONE	NONE	NONE	NONE	NONE	NONE	NONE	trocken angesetztes Arzneikompositum am Gradanfang	0	PASS_V76_83_ACTION_RIGHT_CONTEXTS__60_NOMINAL_15_ACTION_8_EOS__7_FINISHED_STATE_FIRSTS__3_LOCAL_READS_4_OPEN__C013_C014_ADDED__ZERO_WORD_DELTA
f107r	f107r.2	9	olkeey	Holzansatz vollständig erhitzt	Holzansatz vollständig erhitzt	1	5	NOMINAL_BLOCK	NOT_ACTION_LICENSED	0	NONE	NONE	NONE	NONE	NONE	NONE	Holzansatz vollständig erhitzt	0	V68_WORDS_FROZEN__RELATION_METADATA_ONLY	NONE	NONE	NONE	NONE	NONE	Holzansatz vollständig erhitzt	0	V69_TOKEN_GLOSS_BYTE_IDENTICAL__SEPARATE_WINDOW_METADATA	0	NONE	NONE	NOT_IN_ACTION_SURFACE_SCAN	Holzansatz vollständig erhitzt	0	V70_TOKEN_GLOSS_BYTE_IDENTICAL__FRAME_REPLAY_METADATA_ONLY	NONE	NONE	NONE	NONE	Holzansatz vollständig erhitzt	0	PASS_V72_YKA_II_III_SISTER_FRAME__5_CASES_2_REPLAY_1_NEW_B_EDGE_2_HELD__AIIN_UNBOUND__ZERO_WORD_DELTA	NONE	NONE	NONE	NONE	NONE	Holzansatz vollständig erhitzt	0	PASS_V73_10_ANA_WINDOWS__1_EXACT_STATE_ONLY_2_WORKING_STATE_LIKE_2_DEICTIC__1_UNIQUE_CANDIDATE_1_NEW_B_EDGE__C011_OCCURRENCE_BOUND__ZERO_WORD_DELTA	NONE	NONE	NONE	NONE	NONE	NONE	Holzansatz vollständig erhitzt	0	PASS_V74_11_EDGES__9_CONNECTED_COMPONENTS__23_EDGE_NODES_2_HULL_ONLY_1_STRUCTURAL__ZERO_EDGE_WORD_DELTA	NONE	NONE	NONE	NONE	NONE	NONE	NONE	NONE	NONE	NONE	Holzansatz vollständig erhitzt	0	PASS_V75_11_TARGET_RIGHT_CONTEXTS__7_NOMINAL_3_ACTION_1_EOS__1_EXACT_WRITTEN_RESULT__2X2_DEFAULTS_REJECTED__C012_OCCURRENCE_BOUND__ZERO_WORD_DELTA	NONE	NONE	NONE	NONE	NONE	NONE	NONE	NONE	NONE	NONE	NONE	Holzansatz vollständig erhitzt	0	PASS_V76_83_ACTION_RIGHT_CONTEXTS__60_NOMINAL_15_ACTION_8_EOS__7_FINISHED_STATE_FIRSTS__3_LOCAL_READS_4_OPEN__C013_C014_ADDED__ZERO_WORD_DELTA
f107r	f107r.2	10	qotain	kalter Ansatz, Grad II	kalter Ansatz, Grad II	1	5	NOMINAL_BLOCK	NOT_ACTION_LICENSED	0	NONE	NONE	NONE	NONE	NONE	NONE	kalter Ansatz, Grad II	0	V68_WORDS_FROZEN__RELATION_METADATA_ONLY	NONE	NONE	NONE	NONE	NONE	kalter Ansatz, Grad II	0	V69_TOKEN_GLOSS_BYTE_IDENTICAL__SEPARATE_WINDOW_METADATA	0	NONE	NONE	NOT_IN_ACTION_SURFACE_SCAN	kalter Ansatz, Grad II	0	V70_TOKEN_GLOSS_BYTE_IDENTICAL__FRAME_REPLAY_METADATA_ONLY	NONE	NONE	NONE	NONE	kalter Ansatz, Grad II	0	PASS_V72_YKA_II_III_SISTER_FRAME__5_CASES_2_REPLAY_1_NEW_B_EDGE_2_HELD__AIIN_UNBOUND__ZERO_WORD_DELTA	NONE	NONE	NONE	NONE	NONE	kalter Ansatz, Grad II	0	PASS_V73_10_ANA_WINDOWS__1_EXACT_STATE_ONLY_2_WORKING_STATE_LIKE_2_DEICTIC__1_UNIQUE_CANDIDATE_1_NEW_B_EDGE__C011_OCCURRENCE_BOUND__ZERO_WORD_DELTA	NONE	NONE	NONE	NONE	NONE	NONE	kalter Ansatz, Grad II	0	PASS_V74_11_EDGES__9_CONNECTED_COMPONENTS__23_EDGE_NODES_2_HULL_ONLY_1_STRUCTURAL__ZERO_EDGE_WORD_DELTA	NONE	NONE	NONE	NONE	NONE	NONE	NONE	NONE	NONE	NONE	kalter Ansatz, Grad II	0	PASS_V75_11_TARGET_RIGHT_CONTEXTS__7_NOMINAL_3_ACTION_1_EOS__1_EXACT_WRITTEN_RESULT__2X2_DEFAULTS_REJECTED__C012_OCCURRENCE_BOUND__ZERO_WORD_DELTA	NONE	NONE	NONE	NONE	NONE	NONE	NONE	NONE	NONE	NONE	NONE	kalter Ansatz, Grad II	0	PASS_V76_83_ACTION_RIGHT_CONTEXTS__60_NOMINAL_15_ACTION_8_EOS__7_FINISHED_STATE_FIRSTS__3_LOCAL_READS_4_OPEN__C013_C014_ADDED__ZERO_WORD_DELTA
f107r	f107r.2	11	chey	trocken in der Mitte des Grades	trocken in der Mitte des Grades	1	5	NOMINAL_BLOCK	NOT_ACTION_LICENSED	0	NONE	NONE	NONE	NONE	NONE	NONE	trocken in der Mitte des Grades	0	V68_WORDS_FROZEN__RELATION_METADATA_ONLY	NONE	NONE	NONE	NONE	NONE	trocken in der Mitte des Grades	0	V69_TOKEN_GLOSS_BYTE_IDENTICAL__SEPARATE_WINDOW_METADATA	0	NONE	NONE	NOT_IN_ACTION_SURFACE_SCAN	trocken in der Mitte des Grades	0	V70_TOKEN_GLOSS_BYTE_IDENTICAL__FRAME_REPLAY_METADATA_ONLY	NONE	NONE	NONE	NONE	trocken in der Mitte des Grades	0	PASS_V72_YKA_II_III_SISTER_FRAME__5_CASES_2_REPLAY_1_NEW_B_EDGE_2_HELD__AIIN_UNBOUND__ZERO_WORD_DELTA	NONE	NONE	NONE	NONE	NONE	trocken in der Mitte des Grades	0	PASS_V73_10_ANA_WINDOWS__1_EXACT_STATE_ONLY_2_WORKING_STATE_LIKE_2_DEICTIC__1_UNIQUE_CANDIDATE_1_NEW_B_EDGE__C011_OCCURRENCE_BOUND__ZERO_WORD_DELTA	NONE	NONE	NONE	NONE	NONE	NONE	trocken in der Mitte des Grades	0	PASS_V74_11_EDGES__9_CONNECTED_COMPONENTS__23_EDGE_NODES_2_HULL_ONLY_1_STRUCTURAL__ZERO_EDGE_WORD_DELTA	NONE	NONE	NONE	NONE	NONE	NONE	NONE	NONE	NONE	NONE	trocken in der Mitte des Grades	0	PASS_V75_11_TARGET_RIGHT_CONTEXTS__7_NOMINAL_3_ACTION_1_EOS__1_EXACT_WRITTEN_RESULT__2X2_DEFAULTS_REJECTED__C012_OCCURRENCE_BOUND__ZERO_WORD_DELTA	NONE	NONE	NONE	NONE	NONE	NONE	NONE	NONE	NONE	NONE	NONE	trocken in der Mitte des Grades	0	PASS_V76_83_ACTION_RIGHT_CONTEXTS__60_NOMINAL_15_ACTION_8_EOS__7_FINISHED_STATE_FIRSTS__3_LOCAL_READS_4_OPEN__C013_C014_ADDED__ZERO_WORD_DELTA
f107r	f107r.2	12	qeeey	die vorstehende Behandlung bis zur letzten Stufe führen und abschließen	die vorstehende Behandlung bis zur letzten Stufe führen und abschließen	1	6	ACTION_CLAUSE	GDT689_V62_ACTION_ORDINAL	2	NONE	NONE	NONE	R006	NONE	NONE	die vorstehende Behandlung bis zur letzten Stufe führen und abschließen	0	V68_WORDS_FROZEN__RELATION_METADATA_ONLY	NONE	NONE	NONE	NONE	NONE	die vorstehende Behandlung bis zur letzten Stufe führen und abschließen	0	V69_TOKEN_GLOSS_BYTE_IDENTICAL__SEPARATE_WINDOW_METADATA	0	NONE	NONE	NOT_IN_ACTION_SURFACE_SCAN	die vorstehende Behandlung bis zur letzten Stufe führen und abschließen	0	V70_TOKEN_GLOSS_BYTE_IDENTICAL__FRAME_REPLAY_METADATA_ONLY	NONE	NONE	NONE	NONE	die vorstehende Behandlung bis zur letzten Stufe führen und abschließen	0	PASS_V72_YKA_II_III_SISTER_FRAME__5_CASES_2_REPLAY_1_NEW_B_EDGE_2_HELD__AIIN_UNBOUND__ZERO_WORD_DELTA	NONE	NONE	NONE	NONE	NONE	die vorstehende Behandlung bis zur letzten Stufe führen und abschließen	0	PASS_V73_10_ANA_WINDOWS__1_EXACT_STATE_ONLY_2_WORKING_STATE_LIKE_2_DEICTIC__1_UNIQUE_CANDIDATE_1_NEW_B_EDGE__C011_OCCURRENCE_BOUND__ZERO_WORD_DELTA	NONE	NONE	NONE	NONE	NONE	NONE	die vorstehende Behandlung bis zur letzten Stufe führen und abschließen	0	PASS_V74_11_EDGES__9_CONNECTED_COMPONENTS__23_EDGE_NODES_2_HULL_ONLY_1_STRUCTURAL__ZERO_EDGE_WORD_DELTA	NONE	NONE	NONE	NONE	NONE	NONE	NONE	NONE	NONE	NONE	die vorstehende Behandlung bis zur letzten Stufe führen und abschließen	0	PASS_V75_11_TARGET_RIGHT_CONTEXTS__7_NOMINAL_3_ACTION_1_EOS__1_EXACT_WRITTEN_RESULT__2X2_DEFAULTS_REJECTED__C012_OCCURRENCE_BOUND__ZERO_WORD_DELTA	A016	ACTION_CLAUSE:A016	NONE	NONE	NONE	NONE	NONE	NONE	NONE	NONE	NONE	die vorstehende Behandlung bis zur letzten Stufe führen und abschließen	0	PASS_V76_83_ACTION_RIGHT_CONTEXTS__60_NOMINAL_15_ACTION_8_EOS__7_FINISHED_STATE_FIRSTS__3_LOCAL_READS_4_OPEN__C013_C014_ADDED__ZERO_WORD_DELTA
f107r	f107r.2	13	lor	Holzportion	Holzportion	1	7	NOMINAL_BLOCK	NOT_ACTION_LICENSED	0	NONE	NONE	NONE	NONE	NONE	NONE	Holzportion	0	V68_WORDS_FROZEN__RELATION_METADATA_ONLY	NONE	NONE	NONE	NONE	NONE	Holzportion	0	V69_TOKEN_GLOSS_BYTE_IDENTICAL__SEPARATE_WINDOW_METADATA	0	NONE	NONE	NOT_IN_ACTION_SURFACE_SCAN	Holzportion	0	V70_TOKEN_GLOSS_BYTE_IDENTICAL__FRAME_REPLAY_METADATA_ONLY	NONE	NONE	NONE	NONE	Holzportion	0	PASS_V72_YKA_II_III_SISTER_FRAME__5_CASES_2_REPLAY_1_NEW_B_EDGE_2_HELD__AIIN_UNBOUND__ZERO_WORD_DELTA	NONE	NONE	NONE	NONE	NONE	Holzportion	0	PASS_V73_10_ANA_WINDOWS__1_EXACT_STATE_ONLY_2_WORKING_STATE_LIKE_2_DEICTIC__1_UNIQUE_CANDIDATE_1_NEW_B_EDGE__C011_OCCURRENCE_BOUND__ZERO_WORD_DELTA	NONE	NONE	NONE	NONE	NONE	NONE	Holzportion	0	PASS_V74_11_EDGES__9_CONNECTED_COMPONENTS__23_EDGE_NODES_2_HULL_ONLY_1_STRUCTURAL__ZERO_EDGE_WORD_DELTA	NONE	NONE	NONE	NONE	NONE	NONE	NONE	NONE	NONE	NONE	Holzportion	0	PASS_V75_11_TARGET_RIGHT_CONTEXTS__7_NOMINAL_3_ACTION_1_EOS__1_EXACT_WRITTEN_RESULT__2X2_DEFAULTS_REJECTED__C012_OCCURRENCE_BOUND__ZERO_WORD_DELTA	A016	FIRST_RIGHT_ITEM:A016	NONE	NONE	NONE	NONE	NONE	NONE	NONE	NONE	NONE	Holzportion	0	PASS_V76_83_ACTION_RIGHT_CONTEXTS__60_NOMINAL_15_ACTION_8_EOS__7_FINISHED_STATE_FIRSTS__3_LOCAL_READS_4_OPEN__C013_C014_ADDED__ZERO_WORD_DELTA
f107r	f107r.40	1	lolkaiin	Holzstoff, heiß auf Stufe III	Holzstoff, heiß auf Stufe III	1	1	NOMINAL_BLOCK	NOT_ACTION_LICENSED	0	NONE	NONE	NONE	NONE	NONE	NONE	Holzstoff, heiß auf Stufe III	0	V68_WORDS_FROZEN__RELATION_METADATA_ONLY	NONE	NONE	NONE	NONE	NONE	Holzstoff, heiß auf Stufe III	0	V69_TOKEN_GLOSS_BYTE_IDENTICAL__SEPARATE_WINDOW_METADATA	0	NONE	NONE	NOT_IN_ACTION_SURFACE_SCAN	Holzstoff, heiß auf Stufe III	0	V70_TOKEN_GLOSS_BYTE_IDENTICAL__FRAME_REPLAY_METADATA_ONLY	NONE	NONE	NONE	NONE	Holzstoff, heiß auf Stufe III	0	PASS_V72_YKA_II_III_SISTER_FRAME__5_CASES_2_REPLAY_1_NEW_B_EDGE_2_HELD__AIIN_UNBOUND__ZERO_WORD_DELTA	NONE	NONE	NONE	NONE	NONE	Holzstoff, heiß auf Stufe III	0	PASS_V73_10_ANA_WINDOWS__1_EXACT_STATE_ONLY_2_WORKING_STATE_LIKE_2_DEICTIC__1_UNIQUE_CANDIDATE_1_NEW_B_EDGE__C011_OCCURRENCE_BOUND__ZERO_WORD_DELTA	NONE	NONE	NONE	NONE	NONE	NONE	Holzstoff, heiß auf Stufe III	0	PASS_V74_11_EDGES__9_CONNECTED_COMPONENTS__23_EDGE_NODES_2_HULL_ONLY_1_STRUCTURAL__ZERO_EDGE_WORD_DELTA	NONE	NONE	NONE	NONE	NONE	NONE	NONE	NONE	NONE	NONE	Holzstoff, heiß auf Stufe III	0	PASS_V75_11_TARGET_RIGHT_CONTEXTS__7_NOMINAL_3_ACTION_1_EOS__1_EXACT_WRITTEN_RESULT__2X2_DEFAULTS_REJECTED__C012_OCCURRENCE_BOUND__ZERO_WORD_DELTA	NONE	NONE	NONE	NONE	NONE	NONE	NONE	NONE	NONE	NONE	NONE	Holzstoff, heiß auf Stufe III	0	PASS_V76_83_ACTION_RIGHT_CONTEXTS__60_NOMINAL_15_ACTION_8_EOS__7_FINISHED_STATE_FIRSTS__3_LOCAL_READS_4_OPEN__C013_C014_ADDED__ZERO_WORD_DELTA
f107r	f107r.40	2	chey	trocken in der Mitte des Grades	trocken in der Mitte des Grades	1	1	NOMINAL_BLOCK	NOT_ACTION_LICENSED	0	NONE	NONE	NONE	NONE	NONE	NONE	trocken in der Mitte des Grades	0	V68_WORDS_FROZEN__RELATION_METADATA_ONLY	NONE	NONE	NONE	NONE	NONE	trocken in der Mitte des Grades	0	V69_TOKEN_GLOSS_BYTE_IDENTICAL__SEPARATE_WINDOW_METADATA	0	NONE	NONE	NOT_IN_ACTION_SURFACE_SCAN	trocken in der Mitte des Grades	0	V70_TOKEN_GLOSS_BYTE_IDENTICAL__FRAME_REPLAY_METADATA_ONLY	NONE	NONE	NONE	NONE	trocken in der Mitte des Grades	0	PASS_V72_YKA_II_III_SISTER_FRAME__5_CASES_2_REPLAY_1_NEW_B_EDGE_2_HELD__AIIN_UNBOUND__ZERO_WORD_DELTA	NONE	NONE	NONE	NONE	NONE	trocken in der Mitte des Grades	0	PASS_V73_10_ANA_WINDOWS__1_EXACT_STATE_ONLY_2_WORKING_STATE_LIKE_2_DEICTIC__1_UNIQUE_CANDIDATE_1_NEW_B_EDGE__C011_OCCURRENCE_BOUND__ZERO_WORD_DELTA	NONE	NONE	NONE	NONE	NONE	NONE	trocken in der Mitte des Grades	0	PASS_V74_11_EDGES__9_CONNECTED_COMPONENTS__23_EDGE_NODES_2_HULL_ONLY_1_STRUCTURAL__ZERO_EDGE_WORD_DELTA	NONE	NONE	NONE	NONE	NONE	NONE	NONE	NONE	NONE	NONE	trocken in der Mitte des Grades	0	PASS_V75_11_TARGET_RIGHT_CONTEXTS__7_NOMINAL_3_ACTION_1_EOS__1_EXACT_WRITTEN_RESULT__2X2_DEFAULTS_REJECTED__C012_OCCURRENCE_BOUND__ZERO_WORD_DELTA	NONE	NONE	NONE	NONE	NONE	NONE	NONE	NONE	NONE	NONE	NONE	trocken in der Mitte des Grades	0	PASS_V76_83_ACTION_RIGHT_CONTEXTS__60_NOMINAL_15_ACTION_8_EOS__7_FINISHED_STATE_FIRSTS__3_LOCAL_READS_4_OPEN__C013_C014_ADDED__ZERO_WORD_DELTA
f107r	f107r.40	3	qokaiin	heiß, Grad III	heiß, Grad III	1	1	NOMINAL_BLOCK	NOT_ACTION_LICENSED	0	NONE	NONE	NONE	NONE	NONE	NONE	heiß, Grad III	0	V68_WORDS_FROZEN__RELATION_METADATA_ONLY	NONE	NONE	NONE	NONE	NONE	heiß, Grad III	0	V69_TOKEN_GLOSS_BYTE_IDENTICAL__SEPARATE_WINDOW_METADATA	0	NONE	NONE	NOT_IN_ACTION_SURFACE_SCAN	heiß, Grad III	0	V70_TOKEN_GLOSS_BYTE_IDENTICAL__FRAME_REPLAY_METADATA_ONLY	NONE	NONE	NONE	NONE	heiß, Grad III	0	PASS_V72_YKA_II_III_SISTER_FRAME__5_CASES_2_REPLAY_1_NEW_B_EDGE_2_HELD__AIIN_UNBOUND__ZERO_WORD_DELTA	NONE	NONE	NONE	NONE	NONE	heiß, Grad III	0	PASS_V73_10_ANA_WINDOWS__1_EXACT_STATE_ONLY_2_WORKING_STATE_LIKE_2_DEICTIC__1_UNIQUE_CANDIDATE_1_NEW_B_EDGE__C011_OCCURRENCE_BOUND__ZERO_WORD_DELTA	NONE	NONE	NONE	NONE	NONE	NONE	heiß, Grad III	0	PASS_V74_11_EDGES__9_CONNECTED_COMPONENTS__23_EDGE_NODES_2_HULL_ONLY_1_STRUCTURAL__ZERO_EDGE_WORD_DELTA	NONE	NONE	NONE	NONE	NONE	NONE	NONE	NONE	NONE	NONE	heiß, Grad III	0	PASS_V75_11_TARGET_RIGHT_CONTEXTS__7_NOMINAL_3_ACTION_1_EOS__1_EXACT_WRITTEN_RESULT__2X2_DEFAULTS_REJECTED__C012_OCCURRENCE_BOUND__ZERO_WORD_DELTA	NONE	NONE	NONE	NONE	NONE	NONE	NONE	NONE	NONE	NONE	NONE	heiß, Grad III	0	PASS_V76_83_ACTION_RIGHT_CONTEXTS__60_NOMINAL_15_ACTION_8_EOS__7_FINISHED_STATE_FIRSTS__3_LOCAL_READS_4_OPEN__C013_C014_ADDED__ZERO_WORD_DELTA
f107r	f107r.40	4	chal	Rohstoffklasse I, trocken am Gradanfang	Rohstoffklasse I, trocken am Gradanfang	1	1	NOMINAL_BLOCK	NOT_ACTION_LICENSED	0	NONE	NONE	NONE	NONE	NONE	NONE	Rohstoffklasse I, trocken am Gradanfang	0	V68_WORDS_FROZEN__RELATION_METADATA_ONLY	NONE	NONE	NONE	NONE	NONE	Rohstoffklasse I, trocken am Gradanfang	0	V69_TOKEN_GLOSS_BYTE_IDENTICAL__SEPARATE_WINDOW_METADATA	0	NONE	NONE	NOT_IN_ACTION_SURFACE_SCAN	Rohstoffklasse I, trocken am Gradanfang	0	V70_TOKEN_GLOSS_BYTE_IDENTICAL__FRAME_REPLAY_METADATA_ONLY	NONE	NONE	NONE	NONE	Rohstoffklasse I, trocken am Gradanfang	0	PASS_V72_YKA_II_III_SISTER_FRAME__5_CASES_2_REPLAY_1_NEW_B_EDGE_2_HELD__AIIN_UNBOUND__ZERO_WORD_DELTA	NONE	NONE	NONE	NONE	NONE	Rohstoffklasse I, trocken am Gradanfang	0	PASS_V73_10_ANA_WINDOWS__1_EXACT_STATE_ONLY_2_WORKING_STATE_LIKE_2_DEICTIC__1_UNIQUE_CANDIDATE_1_NEW_B_EDGE__C011_OCCURRENCE_BOUND__ZERO_WORD_DELTA	NONE	NONE	NONE	NONE	NONE	NONE	Rohstoffklasse I, trocken am Gradanfang	0	PASS_V74_11_EDGES__9_CONNECTED_COMPONENTS__23_EDGE_NODES_2_HULL_ONLY_1_STRUCTURAL__ZERO_EDGE_WORD_DELTA	NONE	NONE	NONE	NONE	NONE	NONE	NONE	NONE	NONE	NONE	Rohstoffklasse I, trocken am Gradanfang	0	PASS_V75_11_TARGET_RIGHT_CONTEXTS__7_NOMINAL_3_ACTION_1_EOS__1_EXACT_WRITTEN_RESULT__2X2_DEFAULTS_REJECTED__C012_OCCURRENCE_BOUND__ZERO_WORD_DELTA	NONE	NONE	NONE	NONE	NONE	NONE	NONE	NONE	NONE	NONE	NONE	Rohstoffklasse I, trocken am Gradanfang	0	PASS_V76_83_ACTION_RIGHT_CONTEXTS__60_NOMINAL_15_ACTION_8_EOS__7_FINISHED_STATE_FIRSTS__3_LOCAL_READS_4_OPEN__C013_C014_ADDED__ZERO_WORD_DELTA
f107r	f107r.40	5	aiin	Menge III	Menge III	1	1	NOMINAL_BLOCK	NOT_ACTION_LICENSED	0	NONE	NONE	NONE	NONE	NONE	NONE	Menge III	0	V68_WORDS_FROZEN__RELATION_METADATA_ONLY	NONE	NONE	NONE	NONE	NONE	Menge III	0	V69_TOKEN_GLOSS_BYTE_IDENTICAL__SEPARATE_WINDOW_METADATA	0	NONE	NONE	NOT_IN_ACTION_SURFACE_SCAN	Menge III	0	V70_TOKEN_GLOSS_BYTE_IDENTICAL__FRAME_REPLAY_METADATA_ONLY	NONE	NONE	NONE	NONE	Menge III	0	PASS_V72_YKA_II_III_SISTER_FRAME__5_CASES_2_REPLAY_1_NEW_B_EDGE_2_HELD__AIIN_UNBOUND__ZERO_WORD_DELTA	NONE	NONE	NONE	NONE	NONE	Menge III	0	PASS_V73_10_ANA_WINDOWS__1_EXACT_STATE_ONLY_2_WORKING_STATE_LIKE_2_DEICTIC__1_UNIQUE_CANDIDATE_1_NEW_B_EDGE__C011_OCCURRENCE_BOUND__ZERO_WORD_DELTA	NONE	NONE	NONE	NONE	NONE	NONE	Menge III	0	PASS_V74_11_EDGES__9_CONNECTED_COMPONENTS__23_EDGE_NODES_2_HULL_ONLY_1_STRUCTURAL__ZERO_EDGE_WORD_DELTA	NONE	NONE	NONE	NONE	NONE	NONE	NONE	NONE	NONE	NONE	Menge III	0	PASS_V75_11_TARGET_RIGHT_CONTEXTS__7_NOMINAL_3_ACTION_1_EOS__1_EXACT_WRITTEN_RESULT__2X2_DEFAULTS_REJECTED__C012_OCCURRENCE_BOUND__ZERO_WORD_DELTA	NONE	NONE	NONE	NONE	NONE	NONE	NONE	NONE	NONE	NONE	NONE	Menge III	0	PASS_V76_83_ACTION_RIGHT_CONTEXTS__60_NOMINAL_15_ACTION_8_EOS__7_FINISHED_STATE_FIRSTS__3_LOCAL_READS_4_OPEN__C013_C014_ADDED__ZERO_WORD_DELTA
f107r	f107r.40	6	okaiin	heißer Ansatz, Grad III	heißer Ansatz, Grad III	1	1	NOMINAL_BLOCK	NOT_ACTION_LICENSED	0	NONE	NONE	NONE	NONE	NONE	NONE	heißer Ansatz, Grad III	0	V68_WORDS_FROZEN__RELATION_METADATA_ONLY	NONE	NONE	NONE	NONE	NONE	heißer Ansatz, Grad III	0	V69_TOKEN_GLOSS_BYTE_IDENTICAL__SEPARATE_WINDOW_METADATA	0	NONE	NONE	NOT_IN_ACTION_SURFACE_SCAN	heißer Ansatz, Grad III	0	V70_TOKEN_GLOSS_BYTE_IDENTICAL__FRAME_REPLAY_METADATA_ONLY	NONE	NONE	NONE	NONE	heißer Ansatz, Grad III	0	PASS_V72_YKA_II_III_SISTER_FRAME__5_CASES_2_REPLAY_1_NEW_B_EDGE_2_HELD__AIIN_UNBOUND__ZERO_WORD_DELTA	NONE	NONE	NONE	NONE	NONE	heißer Ansatz, Grad III	0	PASS_V73_10_ANA_WINDOWS__1_EXACT_STATE_ONLY_2_WORKING_STATE_LIKE_2_DEICTIC__1_UNIQUE_CANDIDATE_1_NEW_B_EDGE__C011_OCCURRENCE_BOUND__ZERO_WORD_DELTA	NONE	NONE	NONE	NONE	NONE	NONE	heißer Ansatz, Grad III	0	PASS_V74_11_EDGES__9_CONNECTED_COMPONENTS__23_EDGE_NODES_2_HULL_ONLY_1_STRUCTURAL__ZERO_EDGE_WORD_DELTA	NONE	NONE	NONE	NONE	NONE	NONE	NONE	NONE	NONE	NONE	heißer Ansatz, Grad III	0	PASS_V75_11_TARGET_RIGHT_CONTEXTS__7_NOMINAL_3_ACTION_1_EOS__1_EXACT_WRITTEN_RESULT__2X2_DEFAULTS_REJECTED__C012_OCCURRENCE_BOUND__ZERO_WORD_DELTA	NONE	NONE	NONE	NONE	NONE	NONE	NONE	NONE	NONE	NONE	NONE	heißer Ansatz, Grad III	0	PASS_V76_83_ACTION_RIGHT_CONTEXTS__60_NOMINAL_15_ACTION_8_EOS__7_FINISHED_STATE_FIRSTS__3_LOCAL_READS_4_OPEN__C013_C014_ADDED__ZERO_WORD_DELTA
f107r	f107r.40	7	olkar	Anteil I des heißen Holzansatzes	Anteil I des heißen Holzansatzes	1	1	NOMINAL_BLOCK	NOT_ACTION_LICENSED	0	NONE	NONE	NONE	NONE	NONE	NONE	Anteil I des heißen Holzansatzes	0	V68_WORDS_FROZEN__RELATION_METADATA_ONLY	NONE	NONE	NONE	NONE	NONE	Anteil I des heißen Holzansatzes	0	V69_TOKEN_GLOSS_BYTE_IDENTICAL__SEPARATE_WINDOW_METADATA	0	NONE	NONE	NOT_IN_ACTION_SURFACE_SCAN	Anteil I des heißen Holzansatzes	0	V70_TOKEN_GLOSS_BYTE_IDENTICAL__FRAME_REPLAY_METADATA_ONLY	NONE	NONE	NONE	NONE	Anteil I des heißen Holzansatzes	0	PASS_V72_YKA_II_III_SISTER_FRAME__5_CASES_2_REPLAY_1_NEW_B_EDGE_2_HELD__AIIN_UNBOUND__ZERO_WORD_DELTA	NONE	NONE	NONE	NONE	NONE	Anteil I des heißen Holzansatzes	0	PASS_V73_10_ANA_WINDOWS__1_EXACT_STATE_ONLY_2_WORKING_STATE_LIKE_2_DEICTIC__1_UNIQUE_CANDIDATE_1_NEW_B_EDGE__C011_OCCURRENCE_BOUND__ZERO_WORD_DELTA	NONE	NONE	NONE	NONE	NONE	NONE	Anteil I des heißen Holzansatzes	0	PASS_V74_11_EDGES__9_CONNECTED_COMPONENTS__23_EDGE_NODES_2_HULL_ONLY_1_STRUCTURAL__ZERO_EDGE_WORD_DELTA	NONE	NONE	NONE	NONE	NONE	NONE	NONE	NONE	NONE	NONE	Anteil I des heißen Holzansatzes	0	PASS_V75_11_TARGET_RIGHT_CONTEXTS__7_NOMINAL_3_ACTION_1_EOS__1_EXACT_WRITTEN_RESULT__2X2_DEFAULTS_REJECTED__C012_OCCURRENCE_BOUND__ZERO_WORD_DELTA	NONE	NONE	NONE	NONE	NONE	NONE	NONE	NONE	NONE	NONE	NONE	Anteil I des heißen Holzansatzes	0	PASS_V76_83_ACTION_RIGHT_CONTEXTS__60_NOMINAL_15_ACTION_8_EOS__7_FINISHED_STATE_FIRSTS__3_LOCAL_READS_4_OPEN__C013_C014_ADDED__ZERO_WORD_DELTA
f107r	f107r.40	8	otair	Anteil II des kalten Ansatzes	Anteil II des kalten Ansatzes	1	1	NOMINAL_BLOCK	NOT_ACTION_LICENSED	0	NONE	NONE	NONE	NONE	NONE	NONE	Anteil II des kalten Ansatzes	0	V68_WORDS_FROZEN__RELATION_METADATA_ONLY	NONE	NONE	NONE	NONE	NONE	Anteil II des kalten Ansatzes	0	V69_TOKEN_GLOSS_BYTE_IDENTICAL__SEPARATE_WINDOW_METADATA	0	NONE	NONE	NOT_IN_ACTION_SURFACE_SCAN	Anteil II des kalten Ansatzes	0	V70_TOKEN_GLOSS_BYTE_IDENTICAL__FRAME_REPLAY_METADATA_ONLY	NONE	NONE	NONE	NONE	Anteil II des kalten Ansatzes	0	PASS_V72_YKA_II_III_SISTER_FRAME__5_CASES_2_REPLAY_1_NEW_B_EDGE_2_HELD__AIIN_UNBOUND__ZERO_WORD_DELTA	NONE	NONE	NONE	NONE	NONE	Anteil II des kalten Ansatzes	0	PASS_V73_10_ANA_WINDOWS__1_EXACT_STATE_ONLY_2_WORKING_STATE_LIKE_2_DEICTIC__1_UNIQUE_CANDIDATE_1_NEW_B_EDGE__C011_OCCURRENCE_BOUND__ZERO_WORD_DELTA	NONE	NONE	NONE	NONE	NONE	NONE	Anteil II des kalten Ansatzes	0	PASS_V74_11_EDGES__9_CONNECTED_COMPONENTS__23_EDGE_NODES_2_HULL_ONLY_1_STRUCTURAL__ZERO_EDGE_WORD_DELTA	NONE	NONE	NONE	NONE	NONE	NONE	NONE	NONE	NONE	NONE	Anteil II des kalten Ansatzes	0	PASS_V75_11_TARGET_RIGHT_CONTEXTS__7_NOMINAL_3_ACTION_1_EOS__1_EXACT_WRITTEN_RESULT__2X2_DEFAULTS_REJECTED__C012_OCCURRENCE_BOUND__ZERO_WORD_DELTA	NONE	NONE	NONE	NONE	NONE	NONE	NONE	NONE	NONE	NONE	NONE	Anteil II des kalten Ansatzes	0	PASS_V76_83_ACTION_RIGHT_CONTEXTS__60_NOMINAL_15_ACTION_8_EOS__7_FINISHED_STATE_FIRSTS__3_LOCAL_READS_4_OPEN__C013_C014_ADDED__ZERO_WORD_DELTA
f107r	f107r.40	9	okal	Rohstoffklasse I im heißen Ansatz, Gradanfang	Rohstoffklasse I im heißen Ansatz, Gradanfang	1	1	NOMINAL_BLOCK	NOT_ACTION_LICENSED	0	NONE	NONE	NONE	NONE	NONE	NONE	Rohstoffklasse I im heißen Ansatz, Gradanfang	0	V68_WORDS_FROZEN__RELATION_METADATA_ONLY	NONE	NONE	NONE	NONE	NONE	Rohstoffklasse I im heißen Ansatz, Gradanfang	0	V69_TOKEN_GLOSS_BYTE_IDENTICAL__SEPARATE_WINDOW_METADATA	0	NONE	NONE	NOT_IN_ACTION_SURFACE_SCAN	Rohstoffklasse I im heißen Ansatz, Gradanfang	0	V70_TOKEN_GLOSS_BYTE_IDENTICAL__FRAME_REPLAY_METADATA_ONLY	NONE	NONE	NONE	NONE	Rohstoffklasse I im heißen Ansatz, Gradanfang	0	PASS_V72_YKA_II_III_SISTER_FRAME__5_CASES_2_REPLAY_1_NEW_B_EDGE_2_HELD__AIIN_UNBOUND__ZERO_WORD_DELTA	NONE	NONE	NONE	NONE	NONE	Rohstoffklasse I im heißen Ansatz, Gradanfang	0	PASS_V73_10_ANA_WINDOWS__1_EXACT_STATE_ONLY_2_WORKING_STATE_LIKE_2_DEICTIC__1_UNIQUE_CANDIDATE_1_NEW_B_EDGE__C011_OCCURRENCE_BOUND__ZERO_WORD_DELTA	NONE	NONE	NONE	NONE	NONE	NONE	Rohstoffklasse I im heißen Ansatz, Gradanfang	0	PASS_V74_11_EDGES__9_CONNECTED_COMPONENTS__23_EDGE_NODES_2_HULL_ONLY_1_STRUCTURAL__ZERO_EDGE_WORD_DELTA	NONE	NONE	NONE	NONE	NONE	NONE	NONE	NONE	NONE	NONE	Rohstoffklasse I im heißen Ansatz, Gradanfang	0	PASS_V75_11_TARGET_RIGHT_CONTEXTS__7_NOMINAL_3_ACTION_1_EOS__1_EXACT_WRITTEN_RESULT__2X2_DEFAULTS_REJECTED__C012_OCCURRENCE_BOUND__ZERO_WORD_DELTA	NONE	NONE	NONE	NONE	NONE	NONE	NONE	NONE	NONE	NONE	NONE	Rohstoffklasse I im heißen Ansatz, Gradanfang	0	PASS_V76_83_ACTION_RIGHT_CONTEXTS__60_NOMINAL_15_ACTION_8_EOS__7_FINISHED_STATE_FIRSTS__3_LOCAL_READS_4_OPEN__C013_C014_ADDED__ZERO_WORD_DELTA
f107r	f107r.40	10	okal	Rohstoffklasse I im heißen Ansatz, Gradanfang	Rohstoffklasse I im heißen Ansatz, Gradanfang	1	1	NOMINAL_BLOCK	NOT_ACTION_LICENSED	0	NONE	NONE	NONE	NONE	NONE	NONE	Rohstoffklasse I im heißen Ansatz, Gradanfang	0	V68_WORDS_FROZEN__RELATION_METADATA_ONLY	NONE	NONE	NONE	NONE	NONE	Rohstoffklasse I im heißen Ansatz, Gradanfang	0	V69_TOKEN_GLOSS_BYTE_IDENTICAL__SEPARATE_WINDOW_METADATA	0	NONE	NONE	NOT_IN_ACTION_SURFACE_SCAN	Rohstoffklasse I im heißen Ansatz, Gradanfang	0	V70_TOKEN_GLOSS_BYTE_IDENTICAL__FRAME_REPLAY_METADATA_ONLY	NONE	NONE	NONE	NONE	Rohstoffklasse I im heißen Ansatz, Gradanfang	0	PASS_V72_YKA_II_III_SISTER_FRAME__5_CASES_2_REPLAY_1_NEW_B_EDGE_2_HELD__AIIN_UNBOUND__ZERO_WORD_DELTA	NONE	NONE	NONE	NONE	NONE	Rohstoffklasse I im heißen Ansatz, Gradanfang	0	PASS_V73_10_ANA_WINDOWS__1_EXACT_STATE_ONLY_2_WORKING_STATE_LIKE_2_DEICTIC__1_UNIQUE_CANDIDATE_1_NEW_B_EDGE__C011_OCCURRENCE_BOUND__ZERO_WORD_DELTA	NONE	NONE	NONE	NONE	NONE	NONE	Rohstoffklasse I im heißen Ansatz, Gradanfang	0	PASS_V74_11_EDGES__9_CONNECTED_COMPONENTS__23_EDGE_NODES_2_HULL_ONLY_1_STRUCTURAL__ZERO_EDGE_WORD_DELTA	NONE	NONE	NONE	NONE	NONE	NONE	NONE	NONE	NONE	NONE	Rohstoffklasse I im heißen Ansatz, Gradanfang	0	PASS_V75_11_TARGET_RIGHT_CONTEXTS__7_NOMINAL_3_ACTION_1_EOS__1_EXACT_WRITTEN_RESULT__2X2_DEFAULTS_REJECTED__C012_OCCURRENCE_BOUND__ZERO_WORD_DELTA	NONE	NONE	NONE	NONE	NONE	NONE	NONE	NONE	NONE	NONE	NONE	Rohstoffklasse I im heißen Ansatz, Gradanfang	0	PASS_V76_83_ACTION_RIGHT_CONTEXTS__60_NOMINAL_15_ACTION_8_EOS__7_FINISHED_STATE_FIRSTS__3_LOCAL_READS_4_OPEN__C013_C014_ADDED__ZERO_WORD_DELTA
f10r	f10r.2	1	dchey	Eine abgemessene Portion bis zur Mittelstufe trocknen	Eine abgemessene Portion bis zur Mittelstufe trocknen	1	1	ACTION_CLAUSE	GDT689_V62_ACTION_ORDINAL	1	NONE	NONE	NONE	NONE	NONE	NONE	Eine abgemessene Portion bis zur Mittelstufe trocknen	0	V68_WORDS_FROZEN__RELATION_METADATA_ONLY	NONE	NONE	NONE	NONE	NONE	Eine abgemessene Portion bis zur Mittelstufe trocknen	0	V69_TOKEN_GLOSS_BYTE_IDENTICAL__SEPARATE_WINDOW_METADATA	0	NONE	NONE	NOT_IN_ACTION_SURFACE_SCAN	Eine abgemessene Portion bis zur Mittelstufe trocknen	0	V70_TOKEN_GLOSS_BYTE_IDENTICAL__FRAME_REPLAY_METADATA_ONLY	NONE	NONE	NONE	NONE	Eine abgemessene Portion bis zur Mittelstufe trocknen	0	PASS_V72_YKA_II_III_SISTER_FRAME__5_CASES_2_REPLAY_1_NEW_B_EDGE_2_HELD__AIIN_UNBOUND__ZERO_WORD_DELTA	NONE	NONE	NONE	NONE	NONE	Eine abgemessene Portion bis zur Mittelstufe trocknen	0	PASS_V73_10_ANA_WINDOWS__1_EXACT_STATE_ONLY_2_WORKING_STATE_LIKE_2_DEICTIC__1_UNIQUE_CANDIDATE_1_NEW_B_EDGE__C011_OCCURRENCE_BOUND__ZERO_WORD_DELTA	NONE	NONE	NONE	NONE	NONE	NONE	Eine abgemessene Portion bis zur Mittelstufe trocknen	0	PASS_V74_11_EDGES__9_CONNECTED_COMPONENTS__23_EDGE_NODES_2_HULL_ONLY_1_STRUCTURAL__ZERO_EDGE_WORD_DELTA	NONE	NONE	NONE	NONE	NONE	NONE	NONE	NONE	NONE	NONE	Eine abgemessene Portion bis zur Mittelstufe trocknen	0	PASS_V75_11_TARGET_RIGHT_CONTEXTS__7_NOMINAL_3_ACTION_1_EOS__1_EXACT_WRITTEN_RESULT__2X2_DEFAULTS_REJECTED__C012_OCCURRENCE_BOUND__ZERO_WORD_DELTA	A017	ACTION_CLAUSE:A017	NONE	NONE	NONE	NONE	NONE	NONE	NONE	NONE	NONE	Eine abgemessene Portion bis zur Mittelstufe trocknen	0	PASS_V76_83_ACTION_RIGHT_CONTEXTS__60_NOMINAL_15_ACTION_8_EOS__7_FINISHED_STATE_FIRSTS__3_LOCAL_READS_4_OPEN__C013_C014_ADDED__ZERO_WORD_DELTA
f10r	f10r.2	2	cthoor	eine Portion Krautansatz	eine Portion Krautansatz	1	2	NOMINAL_BLOCK	NOT_ACTION_LICENSED	0	NONE	NONE	NONE	NONE	NONE	NONE	eine Portion Krautansatz	0	V68_WORDS_FROZEN__RELATION_METADATA_ONLY	NONE	NONE	NONE	NONE	NONE	eine Portion Krautansatz	0	V69_TOKEN_GLOSS_BYTE_IDENTICAL__SEPARATE_WINDOW_METADATA	0	NONE	NONE	NOT_IN_ACTION_SURFACE_SCAN	eine Portion Krautansatz	0	V70_TOKEN_GLOSS_BYTE_IDENTICAL__FRAME_REPLAY_METADATA_ONLY	NONE	NONE	NONE	NONE	eine Portion Krautansatz	0	PASS_V72_YKA_II_III_SISTER_FRAME__5_CASES_2_REPLAY_1_NEW_B_EDGE_2_HELD__AIIN_UNBOUND__ZERO_WORD_DELTA	NONE	NONE	NONE	NONE	NONE	eine Portion Krautansatz	0	PASS_V73_10_ANA_WINDOWS__1_EXACT_STATE_ONLY_2_WORKING_STATE_LIKE_2_DEICTIC__1_UNIQUE_CANDIDATE_1_NEW_B_EDGE__C011_OCCURRENCE_BOUND__ZERO_WORD_DELTA	NONE	NONE	NONE	NONE	NONE	NONE	eine Portion Krautansatz	0	PASS_V74_11_EDGES__9_CONNECTED_COMPONENTS__23_EDGE_NODES_2_HULL_ONLY_1_STRUCTURAL__ZERO_EDGE_WORD_DELTA	NONE	NONE	NONE	NONE	NONE	NONE	NONE	NONE	NONE	NONE	eine Portion Krautansatz	0	PASS_V75_11_TARGET_RIGHT_CONTEXTS__7_NOMINAL_3_ACTION_1_EOS__1_EXACT_WRITTEN_RESULT__2X2_DEFAULTS_REJECTED__C012_OCCURRENCE_BOUND__ZERO_WORD_DELTA	A017	FIRST_RIGHT_ITEM:A017	NONE	NONE	NONE	NONE	NONE	NONE	NONE	NONE	NONE	eine Portion Krautansatz	0	PASS_V76_83_ACTION_RIGHT_CONTEXTS__60_NOMINAL_15_ACTION_8_EOS__7_FINISHED_STATE_FIRSTS__3_LOCAL_READS_4_OPEN__C013_C014_ADDED__ZERO_WORD_DELTA
f10r	f10r.2	3	char	trockener Drogenanteil I	trockener Drogenanteil I	1	2	NOMINAL_BLOCK	NOT_ACTION_LICENSED	0	NONE	NONE	NONE	NONE	NONE	NONE	trockener Drogenanteil I	0	V68_WORDS_FROZEN__RELATION_METADATA_ONLY	NONE	NONE	NONE	NONE	NONE	trockener Drogenanteil I	0	V69_TOKEN_GLOSS_BYTE_IDENTICAL__SEPARATE_WINDOW_METADATA	0	NONE	NONE	NOT_IN_ACTION_SURFACE_SCAN	trockener Drogenanteil I	0	V70_TOKEN_GLOSS_BYTE_IDENTICAL__FRAME_REPLAY_METADATA_ONLY	NONE	NONE	NONE	NONE	trockener Drogenanteil I	0	PASS_V72_YKA_II_III_SISTER_FRAME__5_CASES_2_REPLAY_1_NEW_B_EDGE_2_HELD__AIIN_UNBOUND__ZERO_WORD_DELTA	NONE	NONE	NONE	NONE	NONE	trockener Drogenanteil I	0	PASS_V73_10_ANA_WINDOWS__1_EXACT_STATE_ONLY_2_WORKING_STATE_LIKE_2_DEICTIC__1_UNIQUE_CANDIDATE_1_NEW_B_EDGE__C011_OCCURRENCE_BOUND__ZERO_WORD_DELTA	NONE	NONE	NONE	NONE	NONE	NONE	trockener Drogenanteil I	0	PASS_V74_11_EDGES__9_CONNECTED_COMPONENTS__23_EDGE_NODES_2_HULL_ONLY_1_STRUCTURAL__ZERO_EDGE_WORD_DELTA	NONE	NONE	NONE	NONE	NONE	NONE	NONE	NONE	NONE	NONE	trockener Drogenanteil I	0	PASS_V75_11_TARGET_RIGHT_CONTEXTS__7_NOMINAL_3_ACTION_1_EOS__1_EXACT_WRITTEN_RESULT__2X2_DEFAULTS_REJECTED__C012_OCCURRENCE_BOUND__ZERO_WORD_DELTA	NONE	NONE	NONE	NONE	NONE	NONE	NONE	NONE	NONE	NONE	NONE	trockener Drogenanteil I	0	PASS_V76_83_ACTION_RIGHT_CONTEXTS__60_NOMINAL_15_ACTION_8_EOS__7_FINISHED_STATE_FIRSTS__3_LOCAL_READS_4_OPEN__C013_C014_ADDED__ZERO_WORD_DELTA
f10r	f10r.2	4	chty	trocken-kalt am Gradanfang	trocken-kalt am Gradanfang	1	2	NOMINAL_BLOCK	NOT_ACTION_LICENSED	0	NONE	NONE	NONE	NONE	NONE	NONE	trocken-kalt am Gradanfang	0	V68_WORDS_FROZEN__RELATION_METADATA_ONLY	NONE	NONE	NONE	NONE	NONE	trocken-kalt am Gradanfang	0	V69_TOKEN_GLOSS_BYTE_IDENTICAL__SEPARATE_WINDOW_METADATA	0	NONE	NONE	NOT_IN_ACTION_SURFACE_SCAN	trocken-kalt am Gradanfang	0	V70_TOKEN_GLOSS_BYTE_IDENTICAL__FRAME_REPLAY_METADATA_ONLY	NONE	NONE	NONE	NONE	trocken-kalt am Gradanfang	0	PASS_V72_YKA_II_III_SISTER_FRAME__5_CASES_2_REPLAY_1_NEW_B_EDGE_2_HELD__AIIN_UNBOUND__ZERO_WORD_DELTA	NONE	NONE	NONE	NONE	NONE	trocken-kalt am Gradanfang	0	PASS_V73_10_ANA_WINDOWS__1_EXACT_STATE_ONLY_2_WORKING_STATE_LIKE_2_DEICTIC__1_UNIQUE_CANDIDATE_1_NEW_B_EDGE__C011_OCCURRENCE_BOUND__ZERO_WORD_DELTA	NONE	NONE	NONE	NONE	NONE	NONE	trocken-kalt am Gradanfang	0	PASS_V74_11_EDGES__9_CONNECTED_COMPONENTS__23_EDGE_NODES_2_HULL_ONLY_1_STRUCTURAL__ZERO_EDGE_WORD_DELTA	NONE	NONE	NONE	NONE	NONE	NONE	NONE	NONE	NONE	NONE	trocken-kalt am Gradanfang	0	PASS_V75_11_TARGET_RIGHT_CONTEXTS__7_NOMINAL_3_ACTION_1_EOS__1_EXACT_WRITTEN_RESULT__2X2_DEFAULTS_REJECTED__C012_OCCURRENCE_BOUND__ZERO_WORD_DELTA	NONE	NONE	NONE	NONE	NONE	NONE	NONE	NONE	NONE	NONE	NONE	trocken-kalt am Gradanfang	0	PASS_V76_83_ACTION_RIGHT_CONTEXTS__60_NOMINAL_15_ACTION_8_EOS__7_FINISHED_STATE_FIRSTS__3_LOCAL_READS_4_OPEN__C013_C014_ADDED__ZERO_WORD_DELTA
f10r	f10r.2	5	os	Ansatzcharge	Ansatzcharge	1	2	NOMINAL_BLOCK	NOT_ACTION_LICENSED	0	NONE	NONE	NONE	NONE	NONE	NONE	Ansatzcharge	0	V68_WORDS_FROZEN__RELATION_METADATA_ONLY	NONE	NONE	NONE	NONE	NONE	Ansatzcharge	0	V69_TOKEN_GLOSS_BYTE_IDENTICAL__SEPARATE_WINDOW_METADATA	0	NONE	NONE	NOT_IN_ACTION_SURFACE_SCAN	Ansatzcharge	0	V70_TOKEN_GLOSS_BYTE_IDENTICAL__FRAME_REPLAY_METADATA_ONLY	NONE	NONE	NONE	NONE	Ansatzcharge	0	PASS_V72_YKA_II_III_SISTER_FRAME__5_CASES_2_REPLAY_1_NEW_B_EDGE_2_HELD__AIIN_UNBOUND__ZERO_WORD_DELTA	NONE	NONE	NONE	NONE	NONE	Ansatzcharge	0	PASS_V73_10_ANA_WINDOWS__1_EXACT_STATE_ONLY_2_WORKING_STATE_LIKE_2_DEICTIC__1_UNIQUE_CANDIDATE_1_NEW_B_EDGE__C011_OCCURRENCE_BOUND__ZERO_WORD_DELTA	NONE	NONE	NONE	NONE	NONE	NONE	Ansatzcharge	0	PASS_V74_11_EDGES__9_CONNECTED_COMPONENTS__23_EDGE_NODES_2_HULL_ONLY_1_STRUCTURAL__ZERO_EDGE_WORD_DELTA	NONE	NONE	NONE	NONE	NONE	NONE	NONE	NONE	NONE	NONE	Ansatzcharge	0	PASS_V75_11_TARGET_RIGHT_CONTEXTS__7_NOMINAL_3_ACTION_1_EOS__1_EXACT_WRITTEN_RESULT__2X2_DEFAULTS_REJECTED__C012_OCCURRENCE_BOUND__ZERO_WORD_DELTA	NONE	NONE	NONE	NONE	NONE	NONE	NONE	NONE	NONE	NONE	NONE	Ansatzcharge	0	PASS_V76_83_ACTION_RIGHT_CONTEXTS__60_NOMINAL_15_ACTION_8_EOS__7_FINISHED_STATE_FIRSTS__3_LOCAL_READS_4_OPEN__C013_C014_ADDED__ZERO_WORD_DELTA
f10r	f10r.2	6	chair	trockener Drogenanteil II	trockener Drogenanteil II	1	2	NOMINAL_BLOCK	NOT_ACTION_LICENSED	0	NONE	NONE	NONE	NONE	NONE	NONE	trockener Drogenanteil II	0	V68_WORDS_FROZEN__RELATION_METADATA_ONLY	NONE	NONE	NONE	NONE	NONE	trockener Drogenanteil II	0	V69_TOKEN_GLOSS_BYTE_IDENTICAL__SEPARATE_WINDOW_METADATA	0	NONE	NONE	NOT_IN_ACTION_SURFACE_SCAN	trockener Drogenanteil II	0	V70_TOKEN_GLOSS_BYTE_IDENTICAL__FRAME_REPLAY_METADATA_ONLY	NONE	NONE	NONE	NONE	trockener Drogenanteil II	0	PASS_V72_YKA_II_III_SISTER_FRAME__5_CASES_2_REPLAY_1_NEW_B_EDGE_2_HELD__AIIN_UNBOUND__ZERO_WORD_DELTA	NONE	NONE	NONE	NONE	NONE	trockener Drogenanteil II	0	PASS_V73_10_ANA_WINDOWS__1_EXACT_STATE_ONLY_2_WORKING_STATE_LIKE_2_DEICTIC__1_UNIQUE_CANDIDATE_1_NEW_B_EDGE__C011_OCCURRENCE_BOUND__ZERO_WORD_DELTA	NONE	NONE	NONE	NONE	NONE	NONE	trockener Drogenanteil II	0	PASS_V74_11_EDGES__9_CONNECTED_COMPONENTS__23_EDGE_NODES_2_HULL_ONLY_1_STRUCTURAL__ZERO_EDGE_WORD_DELTA	NONE	NONE	NONE	NONE	NONE	NONE	NONE	NONE	NONE	NONE	trockener Drogenanteil II	0	PASS_V75_11_TARGET_RIGHT_CONTEXTS__7_NOMINAL_3_ACTION_1_EOS__1_EXACT_WRITTEN_RESULT__2X2_DEFAULTS_REJECTED__C012_OCCURRENCE_BOUND__ZERO_WORD_DELTA	NONE	NONE	NONE	NONE	NONE	NONE	NONE	NONE	NONE	NONE	NONE	trockener Drogenanteil II	0	PASS_V76_83_ACTION_RIGHT_CONTEXTS__60_NOMINAL_15_ACTION_8_EOS__7_FINISHED_STATE_FIRSTS__3_LOCAL_READS_4_OPEN__C013_C014_ADDED__ZERO_WORD_DELTA
f10r	f10r.2	7	otytchol	nachgekühlter Trockenstoff im Ansatz	nachgekühlter Trockenstoff im Ansatz	1	2	NOMINAL_BLOCK	NOT_ACTION_LICENSED	0	NONE	NONE	NONE	NONE	NONE	NONE	nachgekühlter Trockenstoff im Ansatz	0	V68_WORDS_FROZEN__RELATION_METADATA_ONLY	NONE	NONE	NONE	NONE	NONE	nachgekühlter Trockenstoff im Ansatz	0	V69_TOKEN_GLOSS_BYTE_IDENTICAL__SEPARATE_WINDOW_METADATA	0	NONE	NONE	NOT_IN_ACTION_SURFACE_SCAN	nachgekühlter Trockenstoff im Ansatz	0	V70_TOKEN_GLOSS_BYTE_IDENTICAL__FRAME_REPLAY_METADATA_ONLY	NONE	NONE	NONE	NONE	nachgekühlter Trockenstoff im Ansatz	0	PASS_V72_YKA_II_III_SISTER_FRAME__5_CASES_2_REPLAY_1_NEW_B_EDGE_2_HELD__AIIN_UNBOUND__ZERO_WORD_DELTA	NONE	NONE	NONE	NONE	NONE	nachgekühlter Trockenstoff im Ansatz	0	PASS_V73_10_ANA_WINDOWS__1_EXACT_STATE_ONLY_2_WORKING_STATE_LIKE_2_DEICTIC__1_UNIQUE_CANDIDATE_1_NEW_B_EDGE__C011_OCCURRENCE_BOUND__ZERO_WORD_DELTA	NONE	NONE	NONE	NONE	NONE	NONE	nachgekühlter Trockenstoff im Ansatz	0	PASS_V74_11_EDGES__9_CONNECTED_COMPONENTS__23_EDGE_NODES_2_HULL_ONLY_1_STRUCTURAL__ZERO_EDGE_WORD_DELTA	NONE	NONE	NONE	NONE	NONE	NONE	NONE	NONE	NONE	NONE	nachgekühlter Trockenstoff im Ansatz	0	PASS_V75_11_TARGET_RIGHT_CONTEXTS__7_NOMINAL_3_ACTION_1_EOS__1_EXACT_WRITTEN_RESULT__2X2_DEFAULTS_REJECTED__C012_OCCURRENCE_BOUND__ZERO_WORD_DELTA	NONE	NONE	NONE	NONE	NONE	NONE	NONE	NONE	NONE	NONE	NONE	nachgekühlter Trockenstoff im Ansatz	0	PASS_V76_83_ACTION_RIGHT_CONTEXTS__60_NOMINAL_15_ACTION_8_EOS__7_FINISHED_STATE_FIRSTS__3_LOCAL_READS_4_OPEN__C013_C014_ADDED__ZERO_WORD_DELTA
f10r	f10r.2	8	oky	heißer Ansatz am Anfang des Grades	heißer Ansatz am Anfang des Grades	1	2	NOMINAL_BLOCK	NOT_ACTION_LICENSED	0	NONE	NONE	NONE	NONE	NONE	NONE	heißer Ansatz am Anfang des Grades	0	V68_WORDS_FROZEN__RELATION_METADATA_ONLY	NONE	NONE	NONE	NONE	NONE	heißer Ansatz am Anfang des Grades	0	V69_TOKEN_GLOSS_BYTE_IDENTICAL__SEPARATE_WINDOW_METADATA	0	NONE	NONE	NOT_IN_ACTION_SURFACE_SCAN	heißer Ansatz am Anfang des Grades	0	V70_TOKEN_GLOSS_BYTE_IDENTICAL__FRAME_REPLAY_METADATA_ONLY	NONE	NONE	NONE	NONE	heißer Ansatz am Anfang des Grades	0	PASS_V72_YKA_II_III_SISTER_FRAME__5_CASES_2_REPLAY_1_NEW_B_EDGE_2_HELD__AIIN_UNBOUND__ZERO_WORD_DELTA	NONE	NONE	NONE	NONE	NONE	heißer Ansatz am Anfang des Grades	0	PASS_V73_10_ANA_WINDOWS__1_EXACT_STATE_ONLY_2_WORKING_STATE_LIKE_2_DEICTIC__1_UNIQUE_CANDIDATE_1_NEW_B_EDGE__C011_OCCURRENCE_BOUND__ZERO_WORD_DELTA	NONE	NONE	NONE	NONE	NONE	NONE	heißer Ansatz am Anfang des Grades	0	PASS_V74_11_EDGES__9_CONNECTED_COMPONENTS__23_EDGE_NODES_2_HULL_ONLY_1_STRUCTURAL__ZERO_EDGE_WORD_DELTA	NONE	NONE	NONE	NONE	NONE	NONE	NONE	NONE	NONE	NONE	heißer Ansatz am Anfang des Grades	0	PASS_V75_11_TARGET_RIGHT_CONTEXTS__7_NOMINAL_3_ACTION_1_EOS__1_EXACT_WRITTEN_RESULT__2X2_DEFAULTS_REJECTED__C012_OCCURRENCE_BOUND__ZERO_WORD_DELTA	NONE	NONE	NONE	NONE	NONE	NONE	NONE	NONE	NONE	NONE	NONE	heißer Ansatz am Anfang des Grades	0	PASS_V76_83_ACTION_RIGHT_CONTEXTS__60_NOMINAL_15_ACTION_8_EOS__7_FINISHED_STATE_FIRSTS__3_LOCAL_READS_4_OPEN__C013_C014_ADDED__ZERO_WORD_DELTA
f10r	f10r.2	9	daiin	Qualitätsgrad III des erhitzten Ansatzes	Qualitätsgrad III des erhitzten Ansatzes	1	2	NOMINAL_BLOCK	NOT_ACTION_LICENSED	0	NONE	NONE	NONE	NONE	NONE	NONE	Qualitätsgrad III des erhitzten Ansatzes	0	V68_WORDS_FROZEN__RELATION_METADATA_ONLY	NONE	NONE	NONE	NONE	NONE	Qualitätsgrad III des erhitzten Ansatzes	0	V69_TOKEN_GLOSS_BYTE_IDENTICAL__SEPARATE_WINDOW_METADATA	0	NONE	NONE	NOT_IN_ACTION_SURFACE_SCAN	Qualitätsgrad III des erhitzten Ansatzes	0	V70_TOKEN_GLOSS_BYTE_IDENTICAL__FRAME_REPLAY_METADATA_ONLY	NONE	NONE	NONE	NONE	Qualitätsgrad III des erhitzten Ansatzes	0	PASS_V72_YKA_II_III_SISTER_FRAME__5_CASES_2_REPLAY_1_NEW_B_EDGE_2_HELD__AIIN_UNBOUND__ZERO_WORD_DELTA	NONE	NONE	NONE	NONE	NONE	Qualitätsgrad III des erhitzten Ansatzes	0	PASS_V73_10_ANA_WINDOWS__1_EXACT_STATE_ONLY_2_WORKING_STATE_LIKE_2_DEICTIC__1_UNIQUE_CANDIDATE_1_NEW_B_EDGE__C011_OCCURRENCE_BOUND__ZERO_WORD_DELTA	NONE	NONE	NONE	NONE	NONE	NONE	Qualitätsgrad III des erhitzten Ansatzes	0	PASS_V74_11_EDGES__9_CONNECTED_COMPONENTS__23_EDGE_NODES_2_HULL_ONLY_1_STRUCTURAL__ZERO_EDGE_WORD_DELTA	NONE	NONE	NONE	NONE	NONE	NONE	NONE	NONE	NONE	NONE	Qualitätsgrad III des erhitzten Ansatzes	0	PASS_V75_11_TARGET_RIGHT_CONTEXTS__7_NOMINAL_3_ACTION_1_EOS__1_EXACT_WRITTEN_RESULT__2X2_DEFAULTS_REJECTED__C012_OCCURRENCE_BOUND__ZERO_WORD_DELTA	NONE	NONE	NONE	NONE	NONE	NONE	NONE	NONE	NONE	NONE	NONE	Qualitätsgrad III des erhitzten Ansatzes	0	PASS_V76_83_ACTION_RIGHT_CONTEXTS__60_NOMINAL_15_ACTION_8_EOS__7_FINISHED_STATE_FIRSTS__3_LOCAL_READS_4_OPEN__C013_C014_ADDED__ZERO_WORD_DELTA
f10r	f10r.2	10	etyd	bis Mittelstufe gekühlte Zubereitung, abgeschlossen	bis Mittelstufe gekühlte Zubereitung, abgeschlossen	1	2	NOMINAL_BLOCK	NOT_ACTION_LICENSED	0	NONE	NONE	NONE	NONE	NONE	NONE	bis Mittelstufe gekühlte Zubereitung, abgeschlossen	0	V68_WORDS_FROZEN__RELATION_METADATA_ONLY	NONE	NONE	NONE	NONE	NONE	bis Mittelstufe gekühlte Zubereitung, abgeschlossen	0	V69_TOKEN_GLOSS_BYTE_IDENTICAL__SEPARATE_WINDOW_METADATA	0	NONE	NONE	NOT_IN_ACTION_SURFACE_SCAN	bis Mittelstufe gekühlte Zubereitung, abgeschlossen	0	V70_TOKEN_GLOSS_BYTE_IDENTICAL__FRAME_REPLAY_METADATA_ONLY	NONE	NONE	NONE	NONE	bis Mittelstufe gekühlte Zubereitung, abgeschlossen	0	PASS_V72_YKA_II_III_SISTER_FRAME__5_CASES_2_REPLAY_1_NEW_B_EDGE_2_HELD__AIIN_UNBOUND__ZERO_WORD_DELTA	NONE	NONE	NONE	NONE	NONE	bis Mittelstufe gekühlte Zubereitung, abgeschlossen	0	PASS_V73_10_ANA_WINDOWS__1_EXACT_STATE_ONLY_2_WORKING_STATE_LIKE_2_DEICTIC__1_UNIQUE_CANDIDATE_1_NEW_B_EDGE__C011_OCCURRENCE_BOUND__ZERO_WORD_DELTA	NONE	NONE	NONE	NONE	NONE	NONE	bis Mittelstufe gekühlte Zubereitung, abgeschlossen	0	PASS_V74_11_EDGES__9_CONNECTED_COMPONENTS__23_EDGE_NODES_2_HULL_ONLY_1_STRUCTURAL__ZERO_EDGE_WORD_DELTA	NONE	NONE	NONE	NONE	NONE	NONE	NONE	NONE	NONE	NONE	bis Mittelstufe gekühlte Zubereitung, abgeschlossen	0	PASS_V75_11_TARGET_RIGHT_CONTEXTS__7_NOMINAL_3_ACTION_1_EOS__1_EXACT_WRITTEN_RESULT__2X2_DEFAULTS_REJECTED__C012_OCCURRENCE_BOUND__ZERO_WORD_DELTA	NONE	NONE	NONE	NONE	NONE	NONE	NONE	NONE	NONE	NONE	NONE	bis Mittelstufe gekühlte Zubereitung, abgeschlossen	0	PASS_V76_83_ACTION_RIGHT_CONTEXTS__60_NOMINAL_15_ACTION_8_EOS__7_FINISHED_STATE_FIRSTS__3_LOCAL_READS_4_OPEN__C013_C014_ADDED__ZERO_WORD_DELTA
f112r	f112r.36	1	sain	Samen, Charge II	Samen, Charge II	1	1	NOMINAL_BLOCK	NOT_ACTION_LICENSED	0	NONE	NONE	NONE	NONE	NONE	NONE	Samen, Charge II	0	V68_WORDS_FROZEN__RELATION_METADATA_ONLY	NONE	NONE	NONE	NONE	NONE	Samen, Charge II	0	V69_TOKEN_GLOSS_BYTE_IDENTICAL__SEPARATE_WINDOW_METADATA	0	NONE	NONE	NOT_IN_ACTION_SURFACE_SCAN	Samen, Charge II	0	V70_TOKEN_GLOSS_BYTE_IDENTICAL__FRAME_REPLAY_METADATA_ONLY	NONE	NONE	NONE	NONE	Samen, Charge II	0	PASS_V72_YKA_II_III_SISTER_FRAME__5_CASES_2_REPLAY_1_NEW_B_EDGE_2_HELD__AIIN_UNBOUND__ZERO_WORD_DELTA	NONE	NONE	NONE	NONE	NONE	Samen, Charge II	0	PASS_V73_10_ANA_WINDOWS__1_EXACT_STATE_ONLY_2_WORKING_STATE_LIKE_2_DEICTIC__1_UNIQUE_CANDIDATE_1_NEW_B_EDGE__C011_OCCURRENCE_BOUND__ZERO_WORD_DELTA	NONE	NONE	NONE	NONE	NONE	NONE	Samen, Charge II	0	PASS_V74_11_EDGES__9_CONNECTED_COMPONENTS__23_EDGE_NODES_2_HULL_ONLY_1_STRUCTURAL__ZERO_EDGE_WORD_DELTA	NONE	NONE	NONE	NONE	NONE	NONE	NONE	NONE	NONE	NONE	Samen, Charge II	0	PASS_V75_11_TARGET_RIGHT_CONTEXTS__7_NOMINAL_3_ACTION_1_EOS__1_EXACT_WRITTEN_RESULT__2X2_DEFAULTS_REJECTED__C012_OCCURRENCE_BOUND__ZERO_WORD_DELTA	NONE	NONE	NONE	NONE	NONE	NONE	NONE	NONE	NONE	NONE	NONE	Samen, Charge II	0	PASS_V76_83_ACTION_RIGHT_CONTEXTS__60_NOMINAL_15_ACTION_8_EOS__7_FINISHED_STATE_FIRSTS__3_LOCAL_READS_4_OPEN__C013_C014_ADDED__ZERO_WORD_DELTA
f112r	f112r.36	2	ol	Grundansatz	Grundansatz	1	1	NOMINAL_BLOCK	NOT_ACTION_LICENSED	0	NONE	NONE	NONE	NONE	NONE	NONE	Grundansatz	0	V68_WORDS_FROZEN__RELATION_METADATA_ONLY	NONE	NONE	NONE	NONE	NONE	Grundansatz	0	V69_TOKEN_GLOSS_BYTE_IDENTICAL__SEPARATE_WINDOW_METADATA	0	NONE	NONE	NOT_IN_ACTION_SURFACE_SCAN	Grundansatz	0	V70_TOKEN_GLOSS_BYTE_IDENTICAL__FRAME_REPLAY_METADATA_ONLY	NONE	NONE	NONE	NONE	Grundansatz	0	PASS_V72_YKA_II_III_SISTER_FRAME__5_CASES_2_REPLAY_1_NEW_B_EDGE_2_HELD__AIIN_UNBOUND__ZERO_WORD_DELTA	NONE	NONE	NONE	NONE	NONE	Grundansatz	0	PASS_V73_10_ANA_WINDOWS__1_EXACT_STATE_ONLY_2_WORKING_STATE_LIKE_2_DEICTIC__1_UNIQUE_CANDIDATE_1_NEW_B_EDGE__C011_OCCURRENCE_BOUND__ZERO_WORD_DELTA	NONE	NONE	NONE	NONE	NONE	NONE	Grundansatz	0	PASS_V74_11_EDGES__9_CONNECTED_COMPONENTS__23_EDGE_NODES_2_HULL_ONLY_1_STRUCTURAL__ZERO_EDGE_WORD_DELTA	NONE	NONE	NONE	NONE	NONE	NONE	NONE	NONE	NONE	NONE	Grundansatz	0	PASS_V75_11_TARGET_RIGHT_CONTEXTS__7_NOMINAL_3_ACTION_1_EOS__1_EXACT_WRITTEN_RESULT__2X2_DEFAULTS_REJECTED__C012_OCCURRENCE_BOUND__ZERO_WORD_DELTA	NONE	NONE	NONE	NONE	NONE	NONE	NONE	NONE	NONE	NONE	NONE	Grundansatz	0	PASS_V76_83_ACTION_RIGHT_CONTEXTS__60_NOMINAL_15_ACTION_8_EOS__7_FINISHED_STATE_FIRSTS__3_LOCAL_READS_4_OPEN__C013_C014_ADDED__ZERO_WORD_DELTA
f112r	f112r.36	3	checkhy	trockenes Arzneikompositum am Gradanfang	trockenes Arzneikompositum am Gradanfang	1	1	NOMINAL_BLOCK	NOT_ACTION_LICENSED	0	NONE	NONE	NONE	NONE	NONE	NONE	trockenes Arzneikompositum am Gradanfang	0	V68_WORDS_FROZEN__RELATION_METADATA_ONLY	NONE	NONE	NONE	NONE	NONE	trockenes Arzneikompositum am Gradanfang	0	V69_TOKEN_GLOSS_BYTE_IDENTICAL__SEPARATE_WINDOW_METADATA	0	NONE	NONE	NOT_IN_ACTION_SURFACE_SCAN	trockenes Arzneikompositum am Gradanfang	0	V70_TOKEN_GLOSS_BYTE_IDENTICAL__FRAME_REPLAY_METADATA_ONLY	NONE	NONE	NONE	NONE	trockenes Arzneikompositum am Gradanfang	0	PASS_V72_YKA_II_III_SISTER_FRAME__5_CASES_2_REPLAY_1_NEW_B_EDGE_2_HELD__AIIN_UNBOUND__ZERO_WORD_DELTA	NONE	NONE	NONE	NONE	NONE	trockenes Arzneikompositum am Gradanfang	0	PASS_V73_10_ANA_WINDOWS__1_EXACT_STATE_ONLY_2_WORKING_STATE_LIKE_2_DEICTIC__1_UNIQUE_CANDIDATE_1_NEW_B_EDGE__C011_OCCURRENCE_BOUND__ZERO_WORD_DELTA	NONE	NONE	NONE	NONE	NONE	NONE	trockenes Arzneikompositum am Gradanfang	0	PASS_V74_11_EDGES__9_CONNECTED_COMPONENTS__23_EDGE_NODES_2_HULL_ONLY_1_STRUCTURAL__ZERO_EDGE_WORD_DELTA	NONE	NONE	NONE	NONE	NONE	NONE	NONE	NONE	NONE	NONE	trockenes Arzneikompositum am Gradanfang	0	PASS_V75_11_TARGET_RIGHT_CONTEXTS__7_NOMINAL_3_ACTION_1_EOS__1_EXACT_WRITTEN_RESULT__2X2_DEFAULTS_REJECTED__C012_OCCURRENCE_BOUND__ZERO_WORD_DELTA	NONE	NONE	NONE	NONE	NONE	NONE	NONE	NONE	NONE	NONE	NONE	trockenes Arzneikompositum am Gradanfang	0	PASS_V76_83_ACTION_RIGHT_CONTEXTS__60_NOMINAL_15_ACTION_8_EOS__7_FINISHED_STATE_FIRSTS__3_LOCAL_READS_4_OPEN__C013_C014_ADDED__ZERO_WORD_DELTA
f112r	f112r.36	4	olchain	Holzansatz, trocken auf Stufe II	Holzansatz, trocken auf Stufe II	1	1	NOMINAL_BLOCK	NOT_ACTION_LICENSED	0	NONE	NONE	NONE	NONE	NONE	NONE	Holzansatz, trocken auf Stufe II	0	V68_WORDS_FROZEN__RELATION_METADATA_ONLY	NONE	NONE	NONE	NONE	NONE	Holzansatz, trocken auf Stufe II	0	V69_TOKEN_GLOSS_BYTE_IDENTICAL__SEPARATE_WINDOW_METADATA	0	NONE	NONE	NOT_IN_ACTION_SURFACE_SCAN	Holzansatz, trocken auf Stufe II	0	V70_TOKEN_GLOSS_BYTE_IDENTICAL__FRAME_REPLAY_METADATA_ONLY	NONE	NONE	NONE	NONE	Holzansatz, trocken auf Stufe II	0	PASS_V72_YKA_II_III_SISTER_FRAME__5_CASES_2_REPLAY_1_NEW_B_EDGE_2_HELD__AIIN_UNBOUND__ZERO_WORD_DELTA	NONE	NONE	NONE	NONE	NONE	Holzansatz, trocken auf Stufe II	0	PASS_V73_10_ANA_WINDOWS__1_EXACT_STATE_ONLY_2_WORKING_STATE_LIKE_2_DEICTIC__1_UNIQUE_CANDIDATE_1_NEW_B_EDGE__C011_OCCURRENCE_BOUND__ZERO_WORD_DELTA	NONE	NONE	NONE	NONE	NONE	NONE	Holzansatz, trocken auf Stufe II	0	PASS_V74_11_EDGES__9_CONNECTED_COMPONENTS__23_EDGE_NODES_2_HULL_ONLY_1_STRUCTURAL__ZERO_EDGE_WORD_DELTA	NONE	NONE	NONE	NONE	NONE	NONE	NONE	NONE	NONE	NONE	Holzansatz, trocken auf Stufe II	0	PASS_V75_11_TARGET_RIGHT_CONTEXTS__7_NOMINAL_3_ACTION_1_EOS__1_EXACT_WRITTEN_RESULT__2X2_DEFAULTS_REJECTED__C012_OCCURRENCE_BOUND__ZERO_WORD_DELTA	NONE	NONE	NONE	NONE	NONE	NONE	NONE	NONE	NONE	NONE	NONE	Holzansatz, trocken auf Stufe II	0	PASS_V76_83_ACTION_RIGHT_CONTEXTS__60_NOMINAL_15_ACTION_8_EOS__7_FINISHED_STATE_FIRSTS__3_LOCAL_READS_4_OPEN__C013_C014_ADDED__ZERO_WORD_DELTA
f112r	f112r.36	5	okeey	heißer Ansatz am Ende des Grades	heißer Ansatz am Ende des Grades	1	1	NOMINAL_BLOCK	NOT_ACTION_LICENSED	0	NONE	NONE	NONE	NONE	NONE	NONE	heißer Ansatz am Ende des Grades	0	V68_WORDS_FROZEN__RELATION_METADATA_ONLY	NONE	NONE	NONE	NONE	NONE	heißer Ansatz am Ende des Grades	0	V69_TOKEN_GLOSS_BYTE_IDENTICAL__SEPARATE_WINDOW_METADATA	0	NONE	NONE	NOT_IN_ACTION_SURFACE_SCAN	heißer Ansatz am Ende des Grades	0	V70_TOKEN_GLOSS_BYTE_IDENTICAL__FRAME_REPLAY_METADATA_ONLY	NONE	NONE	NONE	NONE	heißer Ansatz am Ende des Grades	0	PASS_V72_YKA_II_III_SISTER_FRAME__5_CASES_2_REPLAY_1_NEW_B_EDGE_2_HELD__AIIN_UNBOUND__ZERO_WORD_DELTA	NONE	NONE	NONE	NONE	NONE	heißer Ansatz am Ende des Grades	0	PASS_V73_10_ANA_WINDOWS__1_EXACT_STATE_ONLY_2_WORKING_STATE_LIKE_2_DEICTIC__1_UNIQUE_CANDIDATE_1_NEW_B_EDGE__C011_OCCURRENCE_BOUND__ZERO_WORD_DELTA	NONE	NONE	NONE	NONE	NONE	NONE	heißer Ansatz am Ende des Grades	0	PASS_V74_11_EDGES__9_CONNECTED_COMPONENTS__23_EDGE_NODES_2_HULL_ONLY_1_STRUCTURAL__ZERO_EDGE_WORD_DELTA	NONE	NONE	NONE	NONE	NONE	NONE	NONE	NONE	NONE	NONE	heißer Ansatz am Ende des Grades	0	PASS_V75_11_TARGET_RIGHT_CONTEXTS__7_NOMINAL_3_ACTION_1_EOS__1_EXACT_WRITTEN_RESULT__2X2_DEFAULTS_REJECTED__C012_OCCURRENCE_BOUND__ZERO_WORD_DELTA	NONE	NONE	NONE	NONE	NONE	NONE	NONE	NONE	NONE	NONE	NONE	heißer Ansatz am Ende des Grades	0	PASS_V76_83_ACTION_RIGHT_CONTEXTS__60_NOMINAL_15_ACTION_8_EOS__7_FINISHED_STATE_FIRSTS__3_LOCAL_READS_4_OPEN__C013_C014_ADDED__ZERO_WORD_DELTA
f112r	f112r.36	6	olam	ein Maß Holz	ein Maß Holz	1	1	NOMINAL_BLOCK	NOT_ACTION_LICENSED	0	NONE	NONE	NONE	NONE	NONE	NONE	ein Maß Holz	0	V68_WORDS_FROZEN__RELATION_METADATA_ONLY	NONE	NONE	NONE	NONE	NONE	ein Maß Holz	0	V69_TOKEN_GLOSS_BYTE_IDENTICAL__SEPARATE_WINDOW_METADATA	0	NONE	NONE	NOT_IN_ACTION_SURFACE_SCAN	ein Maß Holz	0	V70_TOKEN_GLOSS_BYTE_IDENTICAL__FRAME_REPLAY_METADATA_ONLY	NONE	NONE	NONE	NONE	ein Maß Holz	0	PASS_V72_YKA_II_III_SISTER_FRAME__5_CASES_2_REPLAY_1_NEW_B_EDGE_2_HELD__AIIN_UNBOUND__ZERO_WORD_DELTA	NONE	NONE	NONE	NONE	NONE	ein Maß Holz	0	PASS_V73_10_ANA_WINDOWS__1_EXACT_STATE_ONLY_2_WORKING_STATE_LIKE_2_DEICTIC__1_UNIQUE_CANDIDATE_1_NEW_B_EDGE__C011_OCCURRENCE_BOUND__ZERO_WORD_DELTA	NONE	NONE	NONE	NONE	NONE	NONE	ein Maß Holz	0	PASS_V74_11_EDGES__9_CONNECTED_COMPONENTS__23_EDGE_NODES_2_HULL_ONLY_1_STRUCTURAL__ZERO_EDGE_WORD_DELTA	NONE	NONE	NONE	NONE	NONE	NONE	NONE	NONE	NONE	NONE	ein Maß Holz	0	PASS_V75_11_TARGET_RIGHT_CONTEXTS__7_NOMINAL_3_ACTION_1_EOS__1_EXACT_WRITTEN_RESULT__2X2_DEFAULTS_REJECTED__C012_OCCURRENCE_BOUND__ZERO_WORD_DELTA	NONE	NONE	NONE	NONE	NONE	NONE	NONE	NONE	NONE	NONE	NONE	ein Maß Holz	0	PASS_V76_83_ACTION_RIGHT_CONTEXTS__60_NOMINAL_15_ACTION_8_EOS__7_FINISHED_STATE_FIRSTS__3_LOCAL_READS_4_OPEN__C013_C014_ADDED__ZERO_WORD_DELTA
f112v	f112v.10	1	dain	Feuchtgrad II	Feuchtgrad II	1	1	NOMINAL_BLOCK	NOT_ACTION_LICENSED	0	NONE	NONE	NONE	NONE	NONE	NONE	Feuchtgrad II	0	V68_WORDS_FROZEN__RELATION_METADATA_ONLY	NONE	NONE	NONE	NONE	NONE	Feuchtgrad II	0	V69_TOKEN_GLOSS_BYTE_IDENTICAL__SEPARATE_WINDOW_METADATA	0	NONE	NONE	NOT_IN_ACTION_SURFACE_SCAN	Feuchtgrad II	0	V70_TOKEN_GLOSS_BYTE_IDENTICAL__FRAME_REPLAY_METADATA_ONLY	NONE	NONE	NONE	NONE	Feuchtgrad II	0	PASS_V72_YKA_II_III_SISTER_FRAME__5_CASES_2_REPLAY_1_NEW_B_EDGE_2_HELD__AIIN_UNBOUND__ZERO_WORD_DELTA	NONE	NONE	NONE	NONE	NONE	Feuchtgrad II	0	PASS_V73_10_ANA_WINDOWS__1_EXACT_STATE_ONLY_2_WORKING_STATE_LIKE_2_DEICTIC__1_UNIQUE_CANDIDATE_1_NEW_B_EDGE__C011_OCCURRENCE_BOUND__ZERO_WORD_DELTA	NONE	NONE	NONE	NONE	NONE	NONE	Feuchtgrad II	0	PASS_V74_11_EDGES__9_CONNECTED_COMPONENTS__23_EDGE_NODES_2_HULL_ONLY_1_STRUCTURAL__ZERO_EDGE_WORD_DELTA	NONE	NONE	NONE	NONE	NONE	NONE	NONE	NONE	NONE	NONE	Feuchtgrad II	0	PASS_V75_11_TARGET_RIGHT_CONTEXTS__7_NOMINAL_3_ACTION_1_EOS__1_EXACT_WRITTEN_RESULT__2X2_DEFAULTS_REJECTED__C012_OCCURRENCE_BOUND__ZERO_WORD_DELTA	NONE	NONE	NONE	NONE	NONE	NONE	NONE	NONE	NONE	NONE	NONE	Feuchtgrad II	0	PASS_V76_83_ACTION_RIGHT_CONTEXTS__60_NOMINAL_15_ACTION_8_EOS__7_FINISHED_STATE_FIRSTS__3_LOCAL_READS_4_OPEN__C013_C014_ADDED__ZERO_WORD_DELTA
f112v	f112v.10	2	sheey	feucht am Ende des Grades	feucht am Ende des Grades	1	1	NOMINAL_BLOCK	NOT_ACTION_LICENSED	0	NONE	NONE	NONE	NONE	NONE	NONE	feucht am Ende des Grades	0	V68_WORDS_FROZEN__RELATION_METADATA_ONLY	NONE	NONE	NONE	NONE	NONE	feucht am Ende des Grades	0	V69_TOKEN_GLOSS_BYTE_IDENTICAL__SEPARATE_WINDOW_METADATA	0	NONE	NONE	NOT_IN_ACTION_SURFACE_SCAN	feucht am Ende des Grades	0	V70_TOKEN_GLOSS_BYTE_IDENTICAL__FRAME_REPLAY_METADATA_ONLY	NONE	NONE	NONE	NONE	feucht am Ende des Grades	0	PASS_V72_YKA_II_III_SISTER_FRAME__5_CASES_2_REPLAY_1_NEW_B_EDGE_2_HELD__AIIN_UNBOUND__ZERO_WORD_DELTA	NONE	NONE	NONE	NONE	NONE	feucht am Ende des Grades	0	PASS_V73_10_ANA_WINDOWS__1_EXACT_STATE_ONLY_2_WORKING_STATE_LIKE_2_DEICTIC__1_UNIQUE_CANDIDATE_1_NEW_B_EDGE__C011_OCCURRENCE_BOUND__ZERO_WORD_DELTA	NONE	NONE	NONE	NONE	NONE	NONE	feucht am Ende des Grades	0	PASS_V74_11_EDGES__9_CONNECTED_COMPONENTS__23_EDGE_NODES_2_HULL_ONLY_1_STRUCTURAL__ZERO_EDGE_WORD_DELTA	NONE	NONE	NONE	NONE	NONE	NONE	NONE	NONE	NONE	NONE	feucht am Ende des Grades	0	PASS_V75_11_TARGET_RIGHT_CONTEXTS__7_NOMINAL_3_ACTION_1_EOS__1_EXACT_WRITTEN_RESULT__2X2_DEFAULTS_REJECTED__C012_OCCURRENCE_BOUND__ZERO_WORD_DELTA	NONE	NONE	NONE	NONE	NONE	NONE	NONE	NONE	NONE	NONE	NONE	feucht am Ende des Grades	0	PASS_V76_83_ACTION_RIGHT_CONTEXTS__60_NOMINAL_15_ACTION_8_EOS__7_FINISHED_STATE_FIRSTS__3_LOCAL_READS_4_OPEN__C013_C014_ADDED__ZERO_WORD_DELTA
f112v	f112v.10	3	okchedy	heiß-trockene Zubereitung, Mittelstufe erreicht	heiß-trockene Zubereitung, Mittelstufe erreicht	1	1	NOMINAL_BLOCK	NOT_ACTION_LICENSED	0	NONE	NONE	NONE	NONE	NONE	NONE	heiß-trockene Zubereitung, Mittelstufe erreicht	0	V68_WORDS_FROZEN__RELATION_METADATA_ONLY	NONE	NONE	NONE	NONE	NONE	heiß-trockene Zubereitung, Mittelstufe erreicht	0	V69_TOKEN_GLOSS_BYTE_IDENTICAL__SEPARATE_WINDOW_METADATA	0	NONE	NONE	NOT_IN_ACTION_SURFACE_SCAN	heiß-trockene Zubereitung, Mittelstufe erreicht	0	V70_TOKEN_GLOSS_BYTE_IDENTICAL__FRAME_REPLAY_METADATA_ONLY	NONE	NONE	NONE	NONE	heiß-trockene Zubereitung, Mittelstufe erreicht	0	PASS_V72_YKA_II_III_SISTER_FRAME__5_CASES_2_REPLAY_1_NEW_B_EDGE_2_HELD__AIIN_UNBOUND__ZERO_WORD_DELTA	NONE	NONE	NONE	NONE	NONE	heiß-trockene Zubereitung, Mittelstufe erreicht	0	PASS_V73_10_ANA_WINDOWS__1_EXACT_STATE_ONLY_2_WORKING_STATE_LIKE_2_DEICTIC__1_UNIQUE_CANDIDATE_1_NEW_B_EDGE__C011_OCCURRENCE_BOUND__ZERO_WORD_DELTA	NONE	NONE	NONE	NONE	NONE	NONE	heiß-trockene Zubereitung, Mittelstufe erreicht	0	PASS_V74_11_EDGES__9_CONNECTED_COMPONENTS__23_EDGE_NODES_2_HULL_ONLY_1_STRUCTURAL__ZERO_EDGE_WORD_DELTA	NONE	NONE	NONE	NONE	NONE	NONE	NONE	NONE	NONE	NONE	heiß-trockene Zubereitung, Mittelstufe erreicht	0	PASS_V75_11_TARGET_RIGHT_CONTEXTS__7_NOMINAL_3_ACTION_1_EOS__1_EXACT_WRITTEN_RESULT__2X2_DEFAULTS_REJECTED__C012_OCCURRENCE_BOUND__ZERO_WORD_DELTA	NONE	NONE	NONE	NONE	NONE	NONE	NONE	NONE	NONE	NONE	NONE	heiß-trockene Zubereitung, Mittelstufe erreicht	0	PASS_V76_83_ACTION_RIGHT_CONTEXTS__60_NOMINAL_15_ACTION_8_EOS__7_FINISHED_STATE_FIRSTS__3_LOCAL_READS_4_OPEN__C013_C014_ADDED__ZERO_WORD_DELTA
f112v	f112v.10	4	oror	zwei Portionen	zwei Portionen	1	1	NOMINAL_BLOCK	NOT_ACTION_LICENSED	0	NONE	NONE	NONE	NONE	NONE	NONE	zwei Portionen	0	V68_WORDS_FROZEN__RELATION_METADATA_ONLY	NONE	NONE	NONE	NONE	NONE	zwei Portionen	0	V69_TOKEN_GLOSS_BYTE_IDENTICAL__SEPARATE_WINDOW_METADATA	0	NONE	NONE	NOT_IN_ACTION_SURFACE_SCAN	zwei Portionen	0	V70_TOKEN_GLOSS_BYTE_IDENTICAL__FRAME_REPLAY_METADATA_ONLY	NONE	NONE	NONE	NONE	zwei Portionen	0	PASS_V72_YKA_II_III_SISTER_FRAME__5_CASES_2_REPLAY_1_NEW_B_EDGE_2_HELD__AIIN_UNBOUND__ZERO_WORD_DELTA	NONE	NONE	NONE	NONE	NONE	zwei Portionen	0	PASS_V73_10_ANA_WINDOWS__1_EXACT_STATE_ONLY_2_WORKING_STATE_LIKE_2_DEICTIC__1_UNIQUE_CANDIDATE_1_NEW_B_EDGE__C011_OCCURRENCE_BOUND__ZERO_WORD_DELTA	NONE	NONE	NONE	NONE	NONE	NONE	zwei Portionen	0	PASS_V74_11_EDGES__9_CONNECTED_COMPONENTS__23_EDGE_NODES_2_HULL_ONLY_1_STRUCTURAL__ZERO_EDGE_WORD_DELTA	NONE	NONE	NONE	NONE	NONE	NONE	NONE	NONE	NONE	NONE	zwei Portionen	0	PASS_V75_11_TARGET_RIGHT_CONTEXTS__7_NOMINAL_3_ACTION_1_EOS__1_EXACT_WRITTEN_RESULT__2X2_DEFAULTS_REJECTED__C012_OCCURRENCE_BOUND__ZERO_WORD_DELTA	NONE	NONE	NONE	NONE	NONE	NONE	NONE	NONE	NONE	NONE	NONE	zwei Portionen	0	PASS_V76_83_ACTION_RIGHT_CONTEXTS__60_NOMINAL_15_ACTION_8_EOS__7_FINISHED_STATE_FIRSTS__3_LOCAL_READS_4_OPEN__C013_C014_ADDED__ZERO_WORD_DELTA
f113v	f113v.12	1	solchedy	bis zur Mittelstufe getrocknete Samenmasse	bis zur Mittelstufe getrocknete Samenmasse	1	1	NOMINAL_BLOCK	NOT_ACTION_LICENSED	0	NONE	NONE	NONE	NONE	NONE	NONE	bis zur Mittelstufe getrocknete Samenmasse	0	V68_WORDS_FROZEN__RELATION_METADATA_ONLY	NONE	NONE	NONE	NONE	NONE	bis zur Mittelstufe getrocknete Samenmasse	0	V69_TOKEN_GLOSS_BYTE_IDENTICAL__SEPARATE_WINDOW_METADATA	0	NONE	NONE	NOT_IN_ACTION_SURFACE_SCAN	bis zur Mittelstufe getrocknete Samenmasse	0	V70_TOKEN_GLOSS_BYTE_IDENTICAL__FRAME_REPLAY_METADATA_ONLY	NONE	NONE	NONE	NONE	bis zur Mittelstufe getrocknete Samenmasse	0	PASS_V72_YKA_II_III_SISTER_FRAME__5_CASES_2_REPLAY_1_NEW_B_EDGE_2_HELD__AIIN_UNBOUND__ZERO_WORD_DELTA	NONE	NONE	NONE	NONE	NONE	bis zur Mittelstufe getrocknete Samenmasse	0	PASS_V73_10_ANA_WINDOWS__1_EXACT_STATE_ONLY_2_WORKING_STATE_LIKE_2_DEICTIC__1_UNIQUE_CANDIDATE_1_NEW_B_EDGE__C011_OCCURRENCE_BOUND__ZERO_WORD_DELTA	NONE	NONE	NONE	NONE	NONE	NONE	bis zur Mittelstufe getrocknete Samenmasse	0	PASS_V74_11_EDGES__9_CONNECTED_COMPONENTS__23_EDGE_NODES_2_HULL_ONLY_1_STRUCTURAL__ZERO_EDGE_WORD_DELTA	NONE	NONE	NONE	NONE	NONE	NONE	NONE	NONE	NONE	NONE	bis zur Mittelstufe getrocknete Samenmasse	0	PASS_V75_11_TARGET_RIGHT_CONTEXTS__7_NOMINAL_3_ACTION_1_EOS__1_EXACT_WRITTEN_RESULT__2X2_DEFAULTS_REJECTED__C012_OCCURRENCE_BOUND__ZERO_WORD_DELTA	NONE	NONE	NONE	NONE	NONE	NONE	NONE	NONE	NONE	NONE	NONE	bis zur Mittelstufe getrocknete Samenmasse	0	PASS_V76_83_ACTION_RIGHT_CONTEXTS__60_NOMINAL_15_ACTION_8_EOS__7_FINISHED_STATE_FIRSTS__3_LOCAL_READS_4_OPEN__C013_C014_ADDED__ZERO_WORD_DELTA
f113v	f113v.12	2	otsheody	fertiges kalt angefeuchtetes Mazerat	fertiges kalt angefeuchtetes Mazerat	1	1	NOMINAL_BLOCK	NOT_ACTION_LICENSED	0	NONE	NONE	NONE	NONE	NONE	NONE	fertiges kalt angefeuchtetes Mazerat	0	V68_WORDS_FROZEN__RELATION_METADATA_ONLY	NONE	NONE	NONE	NONE	NONE	fertiges kalt angefeuchtetes Mazerat	0	V69_TOKEN_GLOSS_BYTE_IDENTICAL__SEPARATE_WINDOW_METADATA	0	NONE	NONE	NOT_IN_ACTION_SURFACE_SCAN	fertiges kalt angefeuchtetes Mazerat	0	V70_TOKEN_GLOSS_BYTE_IDENTICAL__FRAME_REPLAY_METADATA_ONLY	NONE	NONE	NONE	NONE	fertiges kalt angefeuchtetes Mazerat	0	PASS_V72_YKA_II_III_SISTER_FRAME__5_CASES_2_REPLAY_1_NEW_B_EDGE_2_HELD__AIIN_UNBOUND__ZERO_WORD_DELTA	NONE	NONE	NONE	NONE	NONE	fertiges kalt angefeuchtetes Mazerat	0	PASS_V73_10_ANA_WINDOWS__1_EXACT_STATE_ONLY_2_WORKING_STATE_LIKE_2_DEICTIC__1_UNIQUE_CANDIDATE_1_NEW_B_EDGE__C011_OCCURRENCE_BOUND__ZERO_WORD_DELTA	NONE	NONE	NONE	NONE	NONE	NONE	fertiges kalt angefeuchtetes Mazerat	0	PASS_V74_11_EDGES__9_CONNECTED_COMPONENTS__23_EDGE_NODES_2_HULL_ONLY_1_STRUCTURAL__ZERO_EDGE_WORD_DELTA	NONE	NONE	NONE	NONE	NONE	NONE	NONE	NONE	NONE	NONE	fertiges kalt angefeuchtetes Mazerat	0	PASS_V75_11_TARGET_RIGHT_CONTEXTS__7_NOMINAL_3_ACTION_1_EOS__1_EXACT_WRITTEN_RESULT__2X2_DEFAULTS_REJECTED__C012_OCCURRENCE_BOUND__ZERO_WORD_DELTA	NONE	NONE	NONE	NONE	NONE	NONE	NONE	NONE	NONE	NONE	NONE	fertiges kalt angefeuchtetes Mazerat	0	PASS_V76_83_ACTION_RIGHT_CONTEXTS__60_NOMINAL_15_ACTION_8_EOS__7_FINISHED_STATE_FIRSTS__3_LOCAL_READS_4_OPEN__C013_C014_ADDED__ZERO_WORD_DELTA
f113v	f113v.12	3	arl	Anteil I der Holzdroge	Anteil I der Holzdroge	1	1	NOMINAL_BLOCK	NOT_ACTION_LICENSED	0	NONE	NONE	NONE	NONE	NONE	NONE	Anteil I der Holzdroge	0	V68_WORDS_FROZEN__RELATION_METADATA_ONLY	NONE	NONE	NONE	NONE	NONE	Anteil I der Holzdroge	0	V69_TOKEN_GLOSS_BYTE_IDENTICAL__SEPARATE_WINDOW_METADATA	0	NONE	NONE	NOT_IN_ACTION_SURFACE_SCAN	Anteil I der Holzdroge	0	V70_TOKEN_GLOSS_BYTE_IDENTICAL__FRAME_REPLAY_METADATA_ONLY	NONE	NONE	NONE	NONE	Anteil I der Holzdroge	0	PASS_V72_YKA_II_III_SISTER_FRAME__5_CASES_2_REPLAY_1_NEW_B_EDGE_2_HELD__AIIN_UNBOUND__ZERO_WORD_DELTA	NONE	NONE	NONE	NONE	NONE	Anteil I der Holzdroge	0	PASS_V73_10_ANA_WINDOWS__1_EXACT_STATE_ONLY_2_WORKING_STATE_LIKE_2_DEICTIC__1_UNIQUE_CANDIDATE_1_NEW_B_EDGE__C011_OCCURRENCE_BOUND__ZERO_WORD_DELTA	NONE	NONE	NONE	NONE	NONE	NONE	Anteil I der Holzdroge	0	PASS_V74_11_EDGES__9_CONNECTED_COMPONENTS__23_EDGE_NODES_2_HULL_ONLY_1_STRUCTURAL__ZERO_EDGE_WORD_DELTA	NONE	NONE	NONE	NONE	NONE	NONE	NONE	NONE	NONE	NONE	Anteil I der Holzdroge	0	PASS_V75_11_TARGET_RIGHT_CONTEXTS__7_NOMINAL_3_ACTION_1_EOS__1_EXACT_WRITTEN_RESULT__2X2_DEFAULTS_REJECTED__C012_OCCURRENCE_BOUND__ZERO_WORD_DELTA	NONE	NONE	NONE	NONE	NONE	NONE	NONE	NONE	NONE	NONE	NONE	Anteil I der Holzdroge	0	PASS_V76_83_ACTION_RIGHT_CONTEXTS__60_NOMINAL_15_ACTION_8_EOS__7_FINISHED_STATE_FIRSTS__3_LOCAL_READS_4_OPEN__C013_C014_ADDED__ZERO_WORD_DELTA
f113v	f113v.12	4	olchey	Holzansatz, bis Mittelstufe getrocknet	Holzansatz, bis Mittelstufe getrocknet	1	1	NOMINAL_BLOCK	NOT_ACTION_LICENSED	0	NONE	NONE	NONE	NONE	NONE	NONE	Holzansatz, bis Mittelstufe getrocknet	0	V68_WORDS_FROZEN__RELATION_METADATA_ONLY	NONE	NONE	NONE	NONE	NONE	Holzansatz, bis Mittelstufe getrocknet	0	V69_TOKEN_GLOSS_BYTE_IDENTICAL__SEPARATE_WINDOW_METADATA	0	NONE	NONE	NOT_IN_ACTION_SURFACE_SCAN	Holzansatz, bis Mittelstufe getrocknet	0	V70_TOKEN_GLOSS_BYTE_IDENTICAL__FRAME_REPLAY_METADATA_ONLY	NONE	NONE	NONE	NONE	Holzansatz, bis Mittelstufe getrocknet	0	PASS_V72_YKA_II_III_SISTER_FRAME__5_CASES_2_REPLAY_1_NEW_B_EDGE_2_HELD__AIIN_UNBOUND__ZERO_WORD_DELTA	NONE	NONE	NONE	NONE	NONE	Holzansatz, bis Mittelstufe getrocknet	0	PASS_V73_10_ANA_WINDOWS__1_EXACT_STATE_ONLY_2_WORKING_STATE_LIKE_2_DEICTIC__1_UNIQUE_CANDIDATE_1_NEW_B_EDGE__C011_OCCURRENCE_BOUND__ZERO_WORD_DELTA	NONE	NONE	NONE	NONE	NONE	NONE	Holzansatz, bis Mittelstufe getrocknet	0	PASS_V74_11_EDGES__9_CONNECTED_COMPONENTS__23_EDGE_NODES_2_HULL_ONLY_1_STRUCTURAL__ZERO_EDGE_WORD_DELTA	NONE	NONE	NONE	NONE	NONE	NONE	NONE	NONE	NONE	NONE	Holzansatz, bis Mittelstufe getrocknet	0	PASS_V75_11_TARGET_RIGHT_CONTEXTS__7_NOMINAL_3_ACTION_1_EOS__1_EXACT_WRITTEN_RESULT__2X2_DEFAULTS_REJECTED__C012_OCCURRENCE_BOUND__ZERO_WORD_DELTA	NONE	NONE	NONE	NONE	NONE	NONE	NONE	NONE	NONE	NONE	NONE	Holzansatz, bis Mittelstufe getrocknet	0	PASS_V76_83_ACTION_RIGHT_CONTEXTS__60_NOMINAL_15_ACTION_8_EOS__7_FINISHED_STATE_FIRSTS__3_LOCAL_READS_4_OPEN__C013_C014_ADDED__ZERO_WORD_DELTA
f113v	f113v.12	5	oror	zwei Portionen	zwei Portionen	1	1	NOMINAL_BLOCK	NOT_ACTION_LICENSED	0	NONE	NONE	NONE	NONE	NONE	NONE	zwei Portionen	0	V68_WORDS_FROZEN__RELATION_METADATA_ONLY	NONE	NONE	NONE	NONE	NONE	zwei Portionen	0	V69_TOKEN_GLOSS_BYTE_IDENTICAL__SEPARATE_WINDOW_METADATA	0	NONE	NONE	NOT_IN_ACTION_SURFACE_SCAN	zwei Portionen	0	V70_TOKEN_GLOSS_BYTE_IDENTICAL__FRAME_REPLAY_METADATA_ONLY	NONE	NONE	NONE	NONE	zwei Portionen	0	PASS_V72_YKA_II_III_SISTER_FRAME__5_CASES_2_REPLAY_1_NEW_B_EDGE_2_HELD__AIIN_UNBOUND__ZERO_WORD_DELTA	NONE	NONE	NONE	NONE	NONE	zwei Portionen	0	PASS_V73_10_ANA_WINDOWS__1_EXACT_STATE_ONLY_2_WORKING_STATE_LIKE_2_DEICTIC__1_UNIQUE_CANDIDATE_1_NEW_B_EDGE__C011_OCCURRENCE_BOUND__ZERO_WORD_DELTA	NONE	NONE	NONE	NONE	NONE	NONE	zwei Portionen	0	PASS_V74_11_EDGES__9_CONNECTED_COMPONENTS__23_EDGE_NODES_2_HULL_ONLY_1_STRUCTURAL__ZERO_EDGE_WORD_DELTA	NONE	NONE	NONE	NONE	NONE	NONE	NONE	NONE	NONE	NONE	zwei Portionen	0	PASS_V75_11_TARGET_RIGHT_CONTEXTS__7_NOMINAL_3_ACTION_1_EOS__1_EXACT_WRITTEN_RESULT__2X2_DEFAULTS_REJECTED__C012_OCCURRENCE_BOUND__ZERO_WORD_DELTA	NONE	NONE	NONE	NONE	NONE	NONE	NONE	NONE	NONE	NONE	NONE	zwei Portionen	0	PASS_V76_83_ACTION_RIGHT_CONTEXTS__60_NOMINAL_15_ACTION_8_EOS__7_FINISHED_STATE_FIRSTS__3_LOCAL_READS_4_OPEN__C013_C014_ADDED__ZERO_WORD_DELTA
f113v	f113v.17	1	saraiin	drei Teile des Samenanteils I	drei Teile des Samenanteils I	1	1	NOMINAL_BLOCK	NOT_ACTION_LICENSED	0	NONE	NONE	NONE	NONE	NONE	NONE	drei Teile des Samenanteils I	0	V68_WORDS_FROZEN__RELATION_METADATA_ONLY	NONE	NONE	NONE	NONE	NONE	drei Teile des Samenanteils I	0	V69_TOKEN_GLOSS_BYTE_IDENTICAL__SEPARATE_WINDOW_METADATA	0	NONE	NONE	NOT_IN_ACTION_SURFACE_SCAN	drei Teile des Samenanteils I	0	V70_TOKEN_GLOSS_BYTE_IDENTICAL__FRAME_REPLAY_METADATA_ONLY	NONE	NONE	NONE	NONE	drei Teile des Samenanteils I	0	PASS_V72_YKA_II_III_SISTER_FRAME__5_CASES_2_REPLAY_1_NEW_B_EDGE_2_HELD__AIIN_UNBOUND__ZERO_WORD_DELTA	NONE	NONE	NONE	NONE	NONE	drei Teile des Samenanteils I	0	PASS_V73_10_ANA_WINDOWS__1_EXACT_STATE_ONLY_2_WORKING_STATE_LIKE_2_DEICTIC__1_UNIQUE_CANDIDATE_1_NEW_B_EDGE__C011_OCCURRENCE_BOUND__ZERO_WORD_DELTA	NONE	NONE	NONE	NONE	NONE	NONE	drei Teile des Samenanteils I	0	PASS_V74_11_EDGES__9_CONNECTED_COMPONENTS__23_EDGE_NODES_2_HULL_ONLY_1_STRUCTURAL__ZERO_EDGE_WORD_DELTA	NONE	NONE	NONE	NONE	NONE	NONE	NONE	NONE	NONE	NONE	drei Teile des Samenanteils I	0	PASS_V75_11_TARGET_RIGHT_CONTEXTS__7_NOMINAL_3_ACTION_1_EOS__1_EXACT_WRITTEN_RESULT__2X2_DEFAULTS_REJECTED__C012_OCCURRENCE_BOUND__ZERO_WORD_DELTA	NONE	NONE	NONE	NONE	NONE	NONE	NONE	NONE	NONE	NONE	NONE	drei Teile des Samenanteils I	0	PASS_V76_83_ACTION_RIGHT_CONTEXTS__60_NOMINAL_15_ACTION_8_EOS__7_FINISHED_STATE_FIRSTS__3_LOCAL_READS_4_OPEN__C013_C014_ADDED__ZERO_WORD_DELTA
f113v	f113v.17	2	shedy	mittlere Feuchtstufe erreicht	mittlere Feuchtstufe erreicht	1	1	NOMINAL_BLOCK	NOT_ACTION_LICENSED	0	NONE	NONE	NONE	NONE	NONE	NONE	mittlere Feuchtstufe erreicht	0	V68_WORDS_FROZEN__RELATION_METADATA_ONLY	NONE	NONE	NONE	NONE	NONE	mittlere Feuchtstufe erreicht	0	V69_TOKEN_GLOSS_BYTE_IDENTICAL__SEPARATE_WINDOW_METADATA	0	NONE	NONE	NOT_IN_ACTION_SURFACE_SCAN	mittlere Feuchtstufe erreicht	0	V70_TOKEN_GLOSS_BYTE_IDENTICAL__FRAME_REPLAY_METADATA_ONLY	NONE	NONE	NONE	NONE	mittlere Feuchtstufe erreicht	0	PASS_V72_YKA_II_III_SISTER_FRAME__5_CASES_2_REPLAY_1_NEW_B_EDGE_2_HELD__AIIN_UNBOUND__ZERO_WORD_DELTA	NONE	NONE	NONE	NONE	NONE	mittlere Feuchtstufe erreicht	0	PASS_V73_10_ANA_WINDOWS__1_EXACT_STATE_ONLY_2_WORKING_STATE_LIKE_2_DEICTIC__1_UNIQUE_CANDIDATE_1_NEW_B_EDGE__C011_OCCURRENCE_BOUND__ZERO_WORD_DELTA	NONE	NONE	NONE	NONE	NONE	NONE	mittlere Feuchtstufe erreicht	0	PASS_V74_11_EDGES__9_CONNECTED_COMPONENTS__23_EDGE_NODES_2_HULL_ONLY_1_STRUCTURAL__ZERO_EDGE_WORD_DELTA	NONE	NONE	NONE	NONE	NONE	NONE	NONE	NONE	NONE	NONE	mittlere Feuchtstufe erreicht	0	PASS_V75_11_TARGET_RIGHT_CONTEXTS__7_NOMINAL_3_ACTION_1_EOS__1_EXACT_WRITTEN_RESULT__2X2_DEFAULTS_REJECTED__C012_OCCURRENCE_BOUND__ZERO_WORD_DELTA	NONE	NONE	NONE	NONE	NONE	NONE	NONE	NONE	NONE	NONE	NONE	mittlere Feuchtstufe erreicht	0	PASS_V76_83_ACTION_RIGHT_CONTEXTS__60_NOMINAL_15_ACTION_8_EOS__7_FINISHED_STATE_FIRSTS__3_LOCAL_READS_4_OPEN__C013_C014_ADDED__ZERO_WORD_DELTA
f113v	f113v.17	3	lcheey	trocken gebundenes Holz, Form II	trocken gebundenes Holz, Form II	1	1	NOMINAL_BLOCK	NOT_ACTION_LICENSED	0	NONE	NONE	NONE	NONE	NONE	NONE	trocken gebundenes Holz, Form II	0	V68_WORDS_FROZEN__RELATION_METADATA_ONLY	NONE	NONE	NONE	NONE	NONE	trocken gebundenes Holz, Form II	0	V69_TOKEN_GLOSS_BYTE_IDENTICAL__SEPARATE_WINDOW_METADATA	0	NONE	NONE	NOT_IN_ACTION_SURFACE_SCAN	trocken gebundenes Holz, Form II	0	V70_TOKEN_GLOSS_BYTE_IDENTICAL__FRAME_REPLAY_METADATA_ONLY	NONE	NONE	NONE	NONE	trocken gebundenes Holz, Form II	0	PASS_V72_YKA_II_III_SISTER_FRAME__5_CASES_2_REPLAY_1_NEW_B_EDGE_2_HELD__AIIN_UNBOUND__ZERO_WORD_DELTA	NONE	NONE	NONE	NONE	NONE	trocken gebundenes Holz, Form II	0	PASS_V73_10_ANA_WINDOWS__1_EXACT_STATE_ONLY_2_WORKING_STATE_LIKE_2_DEICTIC__1_UNIQUE_CANDIDATE_1_NEW_B_EDGE__C011_OCCURRENCE_BOUND__ZERO_WORD_DELTA	NONE	NONE	NONE	NONE	NONE	NONE	trocken gebundenes Holz, Form II	0	PASS_V74_11_EDGES__9_CONNECTED_COMPONENTS__23_EDGE_NODES_2_HULL_ONLY_1_STRUCTURAL__ZERO_EDGE_WORD_DELTA	NONE	NONE	NONE	NONE	NONE	NONE	NONE	NONE	NONE	NONE	trocken gebundenes Holz, Form II	0	PASS_V75_11_TARGET_RIGHT_CONTEXTS__7_NOMINAL_3_ACTION_1_EOS__1_EXACT_WRITTEN_RESULT__2X2_DEFAULTS_REJECTED__C012_OCCURRENCE_BOUND__ZERO_WORD_DELTA	NONE	NONE	NONE	NONE	NONE	NONE	NONE	NONE	NONE	NONE	NONE	trocken gebundenes Holz, Form II	0	PASS_V76_83_ACTION_RIGHT_CONTEXTS__60_NOMINAL_15_ACTION_8_EOS__7_FINISHED_STATE_FIRSTS__3_LOCAL_READS_4_OPEN__C013_C014_ADDED__ZERO_WORD_DELTA
f113v	f113v.17	4	olkar	Anteil I des heißen Holzansatzes	Anteil I des heißen Holzansatzes	1	1	NOMINAL_BLOCK	NOT_ACTION_LICENSED	0	NONE	NONE	NONE	NONE	NONE	NONE	Anteil I des heißen Holzansatzes	0	V68_WORDS_FROZEN__RELATION_METADATA_ONLY	NONE	NONE	NONE	NONE	NONE	Anteil I des heißen Holzansatzes	0	V69_TOKEN_GLOSS_BYTE_IDENTICAL__SEPARATE_WINDOW_METADATA	0	NONE	NONE	NOT_IN_ACTION_SURFACE_SCAN	Anteil I des heißen Holzansatzes	0	V70_TOKEN_GLOSS_BYTE_IDENTICAL__FRAME_REPLAY_METADATA_ONLY	NONE	NONE	NONE	NONE	Anteil I des heißen Holzansatzes	0	PASS_V72_YKA_II_III_SISTER_FRAME__5_CASES_2_REPLAY_1_NEW_B_EDGE_2_HELD__AIIN_UNBOUND__ZERO_WORD_DELTA	NONE	NONE	NONE	NONE	NONE	Anteil I des heißen Holzansatzes	0	PASS_V73_10_ANA_WINDOWS__1_EXACT_STATE_ONLY_2_WORKING_STATE_LIKE_2_DEICTIC__1_UNIQUE_CANDIDATE_1_NEW_B_EDGE__C011_OCCURRENCE_BOUND__ZERO_WORD_DELTA	NONE	NONE	NONE	NONE	NONE	NONE	Anteil I des heißen Holzansatzes	0	PASS_V74_11_EDGES__9_CONNECTED_COMPONENTS__23_EDGE_NODES_2_HULL_ONLY_1_STRUCTURAL__ZERO_EDGE_WORD_DELTA	NONE	NONE	NONE	NONE	NONE	NONE	NONE	NONE	NONE	NONE	Anteil I des heißen Holzansatzes	0	PASS_V75_11_TARGET_RIGHT_CONTEXTS__7_NOMINAL_3_ACTION_1_EOS__1_EXACT_WRITTEN_RESULT__2X2_DEFAULTS_REJECTED__C012_OCCURRENCE_BOUND__ZERO_WORD_DELTA	NONE	NONE	NONE	NONE	NONE	NONE	NONE	NONE	NONE	NONE	NONE	Anteil I des heißen Holzansatzes	0	PASS_V76_83_ACTION_RIGHT_CONTEXTS__60_NOMINAL_15_ACTION_8_EOS__7_FINISHED_STATE_FIRSTS__3_LOCAL_READS_4_OPEN__C013_C014_ADDED__ZERO_WORD_DELTA
f113v	f113v.17	5	okaiin	heißer Ansatz, Grad III	heißer Ansatz, Grad III	1	1	NOMINAL_BLOCK	NOT_ACTION_LICENSED	0	NONE	NONE	NONE	NONE	NONE	NONE	heißer Ansatz, Grad III	0	V68_WORDS_FROZEN__RELATION_METADATA_ONLY	NONE	NONE	NONE	NONE	NONE	heißer Ansatz, Grad III	0	V69_TOKEN_GLOSS_BYTE_IDENTICAL__SEPARATE_WINDOW_METADATA	0	NONE	NONE	NOT_IN_ACTION_SURFACE_SCAN	heißer Ansatz, Grad III	0	V70_TOKEN_GLOSS_BYTE_IDENTICAL__FRAME_REPLAY_METADATA_ONLY	NONE	NONE	NONE	NONE	heißer Ansatz, Grad III	0	PASS_V72_YKA_II_III_SISTER_FRAME__5_CASES_2_REPLAY_1_NEW_B_EDGE_2_HELD__AIIN_UNBOUND__ZERO_WORD_DELTA	NONE	NONE	NONE	NONE	NONE	heißer Ansatz, Grad III	0	PASS_V73_10_ANA_WINDOWS__1_EXACT_STATE_ONLY_2_WORKING_STATE_LIKE_2_DEICTIC__1_UNIQUE_CANDIDATE_1_NEW_B_EDGE__C011_OCCURRENCE_BOUND__ZERO_WORD_DELTA	NONE	NONE	NONE	NONE	NONE	NONE	heißer Ansatz, Grad III	0	PASS_V74_11_EDGES__9_CONNECTED_COMPONENTS__23_EDGE_NODES_2_HULL_ONLY_1_STRUCTURAL__ZERO_EDGE_WORD_DELTA	NONE	NONE	NONE	NONE	NONE	NONE	NONE	NONE	NONE	NONE	heißer Ansatz, Grad III	0	PASS_V75_11_TARGET_RIGHT_CONTEXTS__7_NOMINAL_3_ACTION_1_EOS__1_EXACT_WRITTEN_RESULT__2X2_DEFAULTS_REJECTED__C012_OCCURRENCE_BOUND__ZERO_WORD_DELTA	NONE	NONE	NONE	NONE	NONE	NONE	NONE	NONE	NONE	NONE	NONE	heißer Ansatz, Grad III	0	PASS_V76_83_ACTION_RIGHT_CONTEXTS__60_NOMINAL_15_ACTION_8_EOS__7_FINISHED_STATE_FIRSTS__3_LOCAL_READS_4_OPEN__C013_C014_ADDED__ZERO_WORD_DELTA
f113v	f113v.17	6	cthororaiin	drei Portionen Krautdroge	drei Portionen Krautdroge	1	1	NOMINAL_BLOCK	NOT_ACTION_LICENSED	0	DONOR_PORTION_POOL:C002	C002	C002	NONE	NONE	NONE	drei Portionen Krautdroge	0	V68_WORDS_FROZEN__RELATION_METADATA_ONLY	M003	DONOR_PORTION_POOL:C002	1	2	Von den drei Portionen Krautdroge eine Portion bis zur letzten Stufe abkühlen.	drei Portionen Krautdroge	0	V69_TOKEN_GLOSS_BYTE_IDENTICAL__SEPARATE_WINDOW_METADATA	0	NONE	NONE	NOT_IN_ACTION_SURFACE_SCAN	drei Portionen Krautdroge	0	V70_TOKEN_GLOSS_BYTE_IDENTICAL__FRAME_REPLAY_METADATA_ONLY	NONE	NONE	NONE	NONE	drei Portionen Krautdroge	0	PASS_V72_YKA_II_III_SISTER_FRAME__5_CASES_2_REPLAY_1_NEW_B_EDGE_2_HELD__AIIN_UNBOUND__ZERO_WORD_DELTA	NONE	NONE	NONE	NONE	NONE	drei Portionen Krautdroge	0	PASS_V73_10_ANA_WINDOWS__1_EXACT_STATE_ONLY_2_WORKING_STATE_LIKE_2_DEICTIC__1_UNIQUE_CANDIDATE_1_NEW_B_EDGE__C011_OCCURRENCE_BOUND__ZERO_WORD_DELTA	M003	1	DONOR_PORTION_POOL:C002	C002	EDGE_NODE	Von den drei Portionen Krautdroge eine Portion bis zur letzten Stufe abkühlen.	drei Portionen Krautdroge	0	PASS_V74_11_EDGES__9_CONNECTED_COMPONENTS__23_EDGE_NODES_2_HULL_ONLY_1_STRUCTURAL__ZERO_EDGE_WORD_DELTA	NONE	NONE	NONE	M003	1	DONOR_PORTION_POOL:C002	C002	EDGE_NODE	Von den drei Portionen Krautdroge eine Portion bis zur letzten Stufe abkühlen.	NONE	drei Portionen Krautdroge	0	PASS_V75_11_TARGET_RIGHT_CONTEXTS__7_NOMINAL_3_ACTION_1_EOS__1_EXACT_WRITTEN_RESULT__2X2_DEFAULTS_REJECTED__C012_OCCURRENCE_BOUND__ZERO_WORD_DELTA	NONE	NONE	NONE	NONE	M003	1	DONOR_PORTION_POOL:C002	C002	EDGE_NODE	Von den drei Portionen Krautdroge eine Portion bis zur letzten Stufe abkühlen.	NONE	drei Portionen Krautdroge	0	PASS_V76_83_ACTION_RIGHT_CONTEXTS__60_NOMINAL_15_ACTION_8_EOS__7_FINISHED_STATE_FIRSTS__3_LOCAL_READS_4_OPEN__C013_C014_ADDED__ZERO_WORD_DELTA
f113v	f113v.17	7	yteeeor	hiervon eine Portion bis zur letzten Stufe abkühlen	hiervon eine Portion bis zur letzten Stufe abkühlen	1	2	ACTION_CLAUSE	GDT689_V62_ACTION_ORDINAL	1	REFERENCE:C002|TARGET_ACTION:C002	C002	NONE	R007	C002	NONE	hiervon eine Portion bis zur letzten Stufe abkühlen	0	V68_WORDS_FROZEN__RELATION_METADATA_ONLY	M003	REFERENCE:C002|TARGET_ACTION:C002	2	2	Von den drei Portionen Krautdroge eine Portion bis zur letzten Stufe abkühlen.	hiervon eine Portion bis zur letzten Stufe abkühlen	0	V69_TOKEN_GLOSS_BYTE_IDENTICAL__SEPARATE_WINDOW_METADATA	1	A003	T002	ALREADY_ADMITTED_EXACT_SELF_REPLAY	hiervon eine Portion bis zur letzten Stufe abkühlen	0	V70_TOKEN_GLOSS_BYTE_IDENTICAL__FRAME_REPLAY_METADATA_ONLY	NONE	NONE	NONE	NONE	hiervon eine Portion bis zur letzten Stufe abkühlen	0	PASS_V72_YKA_II_III_SISTER_FRAME__5_CASES_2_REPLAY_1_NEW_B_EDGE_2_HELD__AIIN_UNBOUND__ZERO_WORD_DELTA	NONE	NONE	NONE	NONE	NONE	hiervon eine Portion bis zur letzten Stufe abkühlen	0	PASS_V73_10_ANA_WINDOWS__1_EXACT_STATE_ONLY_2_WORKING_STATE_LIKE_2_DEICTIC__1_UNIQUE_CANDIDATE_1_NEW_B_EDGE__C011_OCCURRENCE_BOUND__ZERO_WORD_DELTA	M003	2	REFERENCE:C002|TARGET_ACTION:C002	C002	EDGE_NODE	Von den drei Portionen Krautdroge eine Portion bis zur letzten Stufe abkühlen.	hiervon eine Portion bis zur letzten Stufe abkühlen	0	PASS_V74_11_EDGES__9_CONNECTED_COMPONENTS__23_EDGE_NODES_2_HULL_ONLY_1_STRUCTURAL__ZERO_EDGE_WORD_DELTA	V75R002	TARGET_ACTION_CLAUSE:V75R002	NONE	M003	2	REFERENCE:C002|TARGET_ACTION:C002	C002	EDGE_NODE	Von den drei Portionen Krautdroge eine Portion bis zur letzten Stufe abkühlen.	NONE	hiervon eine Portion bis zur letzten Stufe abkühlen	0	PASS_V75_11_TARGET_RIGHT_CONTEXTS__7_NOMINAL_3_ACTION_1_EOS__1_EXACT_WRITTEN_RESULT__2X2_DEFAULTS_REJECTED__C012_OCCURRENCE_BOUND__ZERO_WORD_DELTA	A018	ACTION_CLAUSE:A018	NONE	NONE	M003	2	REFERENCE:C002|TARGET_ACTION:C002	C002	EDGE_NODE	Von den drei Portionen Krautdroge eine Portion bis zur letzten Stufe abkühlen.	NONE	hiervon eine Portion bis zur letzten Stufe abkühlen	0	PASS_V76_83_ACTION_RIGHT_CONTEXTS__60_NOMINAL_15_ACTION_8_EOS__7_FINISHED_STATE_FIRSTS__3_LOCAL_READS_4_OPEN__C013_C014_ADDED__ZERO_WORD_DELTA
f113v	f113v.3	1	sar	Samenanteil I	Samenanteil I	1	1	NOMINAL_BLOCK	NOT_ACTION_LICENSED	0	NONE	NONE	NONE	NONE	NONE	NONE	Samenanteil I	0	V68_WORDS_FROZEN__RELATION_METADATA_ONLY	NONE	NONE	NONE	NONE	NONE	Samenanteil I	0	V69_TOKEN_GLOSS_BYTE_IDENTICAL__SEPARATE_WINDOW_METADATA	0	NONE	NONE	NOT_IN_ACTION_SURFACE_SCAN	Samenanteil I	0	V70_TOKEN_GLOSS_BYTE_IDENTICAL__FRAME_REPLAY_METADATA_ONLY	NONE	NONE	NONE	NONE	Samenanteil I	0	PASS_V72_YKA_II_III_SISTER_FRAME__5_CASES_2_REPLAY_1_NEW_B_EDGE_2_HELD__AIIN_UNBOUND__ZERO_WORD_DELTA	NONE	NONE	NONE	NONE	NONE	Samenanteil I	0	PASS_V73_10_ANA_WINDOWS__1_EXACT_STATE_ONLY_2_WORKING_STATE_LIKE_2_DEICTIC__1_UNIQUE_CANDIDATE_1_NEW_B_EDGE__C011_OCCURRENCE_BOUND__ZERO_WORD_DELTA	NONE	NONE	NONE	NONE	NONE	NONE	Samenanteil I	0	PASS_V74_11_EDGES__9_CONNECTED_COMPONENTS__23_EDGE_NODES_2_HULL_ONLY_1_STRUCTURAL__ZERO_EDGE_WORD_DELTA	NONE	NONE	NONE	NONE	NONE	NONE	NONE	NONE	NONE	NONE	Samenanteil I	0	PASS_V75_11_TARGET_RIGHT_CONTEXTS__7_NOMINAL_3_ACTION_1_EOS__1_EXACT_WRITTEN_RESULT__2X2_DEFAULTS_REJECTED__C012_OCCURRENCE_BOUND__ZERO_WORD_DELTA	NONE	NONE	NONE	NONE	NONE	NONE	NONE	NONE	NONE	NONE	NONE	Samenanteil I	0	PASS_V76_83_ACTION_RIGHT_CONTEXTS__60_NOMINAL_15_ACTION_8_EOS__7_FINISHED_STATE_FIRSTS__3_LOCAL_READS_4_OPEN__C013_C014_ADDED__ZERO_WORD_DELTA
f113v	f113v.3	2	aiin	Menge III	Menge III	1	1	NOMINAL_BLOCK	NOT_ACTION_LICENSED	0	NONE	NONE	NONE	NONE	NONE	NONE	Menge III	0	V68_WORDS_FROZEN__RELATION_METADATA_ONLY	NONE	NONE	NONE	NONE	NONE	Menge III	0	V69_TOKEN_GLOSS_BYTE_IDENTICAL__SEPARATE_WINDOW_METADATA	0	NONE	NONE	NOT_IN_ACTION_SURFACE_SCAN	Menge III	0	V70_TOKEN_GLOSS_BYTE_IDENTICAL__FRAME_REPLAY_METADATA_ONLY	NONE	NONE	NONE	NONE	Menge III	0	PASS_V72_YKA_II_III_SISTER_FRAME__5_CASES_2_REPLAY_1_NEW_B_EDGE_2_HELD__AIIN_UNBOUND__ZERO_WORD_DELTA	NONE	NONE	NONE	NONE	NONE	Menge III	0	PASS_V73_10_ANA_WINDOWS__1_EXACT_STATE_ONLY_2_WORKING_STATE_LIKE_2_DEICTIC__1_UNIQUE_CANDIDATE_1_NEW_B_EDGE__C011_OCCURRENCE_BOUND__ZERO_WORD_DELTA	NONE	NONE	NONE	NONE	NONE	NONE	Menge III	0	PASS_V74_11_EDGES__9_CONNECTED_COMPONENTS__23_EDGE_NODES_2_HULL_ONLY_1_STRUCTURAL__ZERO_EDGE_WORD_DELTA	NONE	NONE	NONE	NONE	NONE	NONE	NONE	NONE	NONE	NONE	Menge III	0	PASS_V75_11_TARGET_RIGHT_CONTEXTS__7_NOMINAL_3_ACTION_1_EOS__1_EXACT_WRITTEN_RESULT__2X2_DEFAULTS_REJECTED__C012_OCCURRENCE_BOUND__ZERO_WORD_DELTA	NONE	NONE	NONE	NONE	NONE	NONE	NONE	NONE	NONE	NONE	NONE	Menge III	0	PASS_V76_83_ACTION_RIGHT_CONTEXTS__60_NOMINAL_15_ACTION_8_EOS__7_FINISHED_STATE_FIRSTS__3_LOCAL_READS_4_OPEN__C013_C014_ADDED__ZERO_WORD_DELTA
f113v	f113v.3	3	chotar	Anteil I des abgekühlten Trockenansatzes	Anteil I des abgekühlten Trockenansatzes	1	1	NOMINAL_BLOCK	NOT_ACTION_LICENSED	0	NONE	NONE	NONE	NONE	NONE	NONE	Anteil I des abgekühlten Trockenansatzes	0	V68_WORDS_FROZEN__RELATION_METADATA_ONLY	NONE	NONE	NONE	NONE	NONE	Anteil I des abgekühlten Trockenansatzes	0	V69_TOKEN_GLOSS_BYTE_IDENTICAL__SEPARATE_WINDOW_METADATA	0	NONE	NONE	NOT_IN_ACTION_SURFACE_SCAN	Anteil I des abgekühlten Trockenansatzes	0	V70_TOKEN_GLOSS_BYTE_IDENTICAL__FRAME_REPLAY_METADATA_ONLY	NONE	NONE	NONE	NONE	Anteil I des abgekühlten Trockenansatzes	0	PASS_V72_YKA_II_III_SISTER_FRAME__5_CASES_2_REPLAY_1_NEW_B_EDGE_2_HELD__AIIN_UNBOUND__ZERO_WORD_DELTA	NONE	NONE	NONE	NONE	NONE	Anteil I des abgekühlten Trockenansatzes	0	PASS_V73_10_ANA_WINDOWS__1_EXACT_STATE_ONLY_2_WORKING_STATE_LIKE_2_DEICTIC__1_UNIQUE_CANDIDATE_1_NEW_B_EDGE__C011_OCCURRENCE_BOUND__ZERO_WORD_DELTA	NONE	NONE	NONE	NONE	NONE	NONE	Anteil I des abgekühlten Trockenansatzes	0	PASS_V74_11_EDGES__9_CONNECTED_COMPONENTS__23_EDGE_NODES_2_HULL_ONLY_1_STRUCTURAL__ZERO_EDGE_WORD_DELTA	NONE	NONE	NONE	NONE	NONE	NONE	NONE	NONE	NONE	NONE	Anteil I des abgekühlten Trockenansatzes	0	PASS_V75_11_TARGET_RIGHT_CONTEXTS__7_NOMINAL_3_ACTION_1_EOS__1_EXACT_WRITTEN_RESULT__2X2_DEFAULTS_REJECTED__C012_OCCURRENCE_BOUND__ZERO_WORD_DELTA	NONE	NONE	NONE	NONE	NONE	NONE	NONE	NONE	NONE	NONE	NONE	Anteil I des abgekühlten Trockenansatzes	0	PASS_V76_83_ACTION_RIGHT_CONTEXTS__60_NOMINAL_15_ACTION_8_EOS__7_FINISHED_STATE_FIRSTS__3_LOCAL_READS_4_OPEN__C013_C014_ADDED__ZERO_WORD_DELTA
f113v	f113v.3	4	okeeodar	Anteil I des vollständig erhitzten Auszugs	Anteil I des vollständig erhitzten Auszugs	1	1	NOMINAL_BLOCK	NOT_ACTION_LICENSED	0	NONE	NONE	NONE	NONE	NONE	NONE	Anteil I des vollständig erhitzten Auszugs	0	V68_WORDS_FROZEN__RELATION_METADATA_ONLY	NONE	NONE	NONE	NONE	NONE	Anteil I des vollständig erhitzten Auszugs	0	V69_TOKEN_GLOSS_BYTE_IDENTICAL__SEPARATE_WINDOW_METADATA	0	NONE	NONE	NOT_IN_ACTION_SURFACE_SCAN	Anteil I des vollständig erhitzten Auszugs	0	V70_TOKEN_GLOSS_BYTE_IDENTICAL__FRAME_REPLAY_METADATA_ONLY	NONE	NONE	NONE	NONE	Anteil I des vollständig erhitzten Auszugs	0	PASS_V72_YKA_II_III_SISTER_FRAME__5_CASES_2_REPLAY_1_NEW_B_EDGE_2_HELD__AIIN_UNBOUND__ZERO_WORD_DELTA	NONE	NONE	NONE	NONE	NONE	Anteil I des vollständig erhitzten Auszugs	0	PASS_V73_10_ANA_WINDOWS__1_EXACT_STATE_ONLY_2_WORKING_STATE_LIKE_2_DEICTIC__1_UNIQUE_CANDIDATE_1_NEW_B_EDGE__C011_OCCURRENCE_BOUND__ZERO_WORD_DELTA	NONE	NONE	NONE	NONE	NONE	NONE	Anteil I des vollständig erhitzten Auszugs	0	PASS_V74_11_EDGES__9_CONNECTED_COMPONENTS__23_EDGE_NODES_2_HULL_ONLY_1_STRUCTURAL__ZERO_EDGE_WORD_DELTA	NONE	NONE	NONE	NONE	NONE	NONE	NONE	NONE	NONE	NONE	Anteil I des vollständig erhitzten Auszugs	0	PASS_V75_11_TARGET_RIGHT_CONTEXTS__7_NOMINAL_3_ACTION_1_EOS__1_EXACT_WRITTEN_RESULT__2X2_DEFAULTS_REJECTED__C012_OCCURRENCE_BOUND__ZERO_WORD_DELTA	NONE	NONE	NONE	NONE	NONE	NONE	NONE	NONE	NONE	NONE	NONE	Anteil I des vollständig erhitzten Auszugs	0	PASS_V76_83_ACTION_RIGHT_CONTEXTS__60_NOMINAL_15_ACTION_8_EOS__7_FINISHED_STATE_FIRSTS__3_LOCAL_READS_4_OPEN__C013_C014_ADDED__ZERO_WORD_DELTA
f113v	f113v.3	5	qokain	heiß, Grad II	heiß, Grad II	1	1	NOMINAL_BLOCK	NOT_ACTION_LICENSED	0	NONE	NONE	NONE	NONE	NONE	NONE	heiß, Grad II	0	V68_WORDS_FROZEN__RELATION_METADATA_ONLY	NONE	NONE	NONE	NONE	NONE	heiß, Grad II	0	V69_TOKEN_GLOSS_BYTE_IDENTICAL__SEPARATE_WINDOW_METADATA	0	NONE	NONE	NOT_IN_ACTION_SURFACE_SCAN	heiß, Grad II	0	V70_TOKEN_GLOSS_BYTE_IDENTICAL__FRAME_REPLAY_METADATA_ONLY	NONE	NONE	NONE	NONE	heiß, Grad II	0	PASS_V72_YKA_II_III_SISTER_FRAME__5_CASES_2_REPLAY_1_NEW_B_EDGE_2_HELD__AIIN_UNBOUND__ZERO_WORD_DELTA	NONE	NONE	NONE	NONE	NONE	heiß, Grad II	0	PASS_V73_10_ANA_WINDOWS__1_EXACT_STATE_ONLY_2_WORKING_STATE_LIKE_2_DEICTIC__1_UNIQUE_CANDIDATE_1_NEW_B_EDGE__C011_OCCURRENCE_BOUND__ZERO_WORD_DELTA	NONE	NONE	NONE	NONE	NONE	NONE	heiß, Grad II	0	PASS_V74_11_EDGES__9_CONNECTED_COMPONENTS__23_EDGE_NODES_2_HULL_ONLY_1_STRUCTURAL__ZERO_EDGE_WORD_DELTA	NONE	NONE	NONE	NONE	NONE	NONE	NONE	NONE	NONE	NONE	heiß, Grad II	0	PASS_V75_11_TARGET_RIGHT_CONTEXTS__7_NOMINAL_3_ACTION_1_EOS__1_EXACT_WRITTEN_RESULT__2X2_DEFAULTS_REJECTED__C012_OCCURRENCE_BOUND__ZERO_WORD_DELTA	NONE	NONE	NONE	NONE	NONE	NONE	NONE	NONE	NONE	NONE	NONE	heiß, Grad II	0	PASS_V76_83_ACTION_RIGHT_CONTEXTS__60_NOMINAL_15_ACTION_8_EOS__7_FINISHED_STATE_FIRSTS__3_LOCAL_READS_4_OPEN__C013_C014_ADDED__ZERO_WORD_DELTA
f113v	f113v.3	6	olol	Holz-Grundansatz	Holz-Grundansatz	1	1	NOMINAL_BLOCK	NOT_ACTION_LICENSED	0	NONE	NONE	NONE	NONE	NONE	NONE	Holz-Grundansatz	0	V68_WORDS_FROZEN__RELATION_METADATA_ONLY	NONE	NONE	NONE	NONE	NONE	Holz-Grundansatz	0	V69_TOKEN_GLOSS_BYTE_IDENTICAL__SEPARATE_WINDOW_METADATA	0	NONE	NONE	NOT_IN_ACTION_SURFACE_SCAN	Holz-Grundansatz	0	V70_TOKEN_GLOSS_BYTE_IDENTICAL__FRAME_REPLAY_METADATA_ONLY	NONE	NONE	NONE	NONE	Holz-Grundansatz	0	PASS_V72_YKA_II_III_SISTER_FRAME__5_CASES_2_REPLAY_1_NEW_B_EDGE_2_HELD__AIIN_UNBOUND__ZERO_WORD_DELTA	NONE	NONE	NONE	NONE	NONE	Holz-Grundansatz	0	PASS_V73_10_ANA_WINDOWS__1_EXACT_STATE_ONLY_2_WORKING_STATE_LIKE_2_DEICTIC__1_UNIQUE_CANDIDATE_1_NEW_B_EDGE__C011_OCCURRENCE_BOUND__ZERO_WORD_DELTA	NONE	NONE	NONE	NONE	NONE	NONE	Holz-Grundansatz	0	PASS_V74_11_EDGES__9_CONNECTED_COMPONENTS__23_EDGE_NODES_2_HULL_ONLY_1_STRUCTURAL__ZERO_EDGE_WORD_DELTA	NONE	NONE	NONE	NONE	NONE	NONE	NONE	NONE	NONE	NONE	Holz-Grundansatz	0	PASS_V75_11_TARGET_RIGHT_CONTEXTS__7_NOMINAL_3_ACTION_1_EOS__1_EXACT_WRITTEN_RESULT__2X2_DEFAULTS_REJECTED__C012_OCCURRENCE_BOUND__ZERO_WORD_DELTA	NONE	NONE	NONE	NONE	NONE	NONE	NONE	NONE	NONE	NONE	NONE	Holz-Grundansatz	0	PASS_V76_83_ACTION_RIGHT_CONTEXTS__60_NOMINAL_15_ACTION_8_EOS__7_FINISHED_STATE_FIRSTS__3_LOCAL_READS_4_OPEN__C013_C014_ADDED__ZERO_WORD_DELTA
f113v	f113v.3	7	olam	ein Maß Holz	ein Maß Holz	1	1	NOMINAL_BLOCK	NOT_ACTION_LICENSED	0	NONE	NONE	NONE	NONE	NONE	NONE	ein Maß Holz	0	V68_WORDS_FROZEN__RELATION_METADATA_ONLY	NONE	NONE	NONE	NONE	NONE	ein Maß Holz	0	V69_TOKEN_GLOSS_BYTE_IDENTICAL__SEPARATE_WINDOW_METADATA	0	NONE	NONE	NOT_IN_ACTION_SURFACE_SCAN	ein Maß Holz	0	V70_TOKEN_GLOSS_BYTE_IDENTICAL__FRAME_REPLAY_METADATA_ONLY	NONE	NONE	NONE	NONE	ein Maß Holz	0	PASS_V72_YKA_II_III_SISTER_FRAME__5_CASES_2_REPLAY_1_NEW_B_EDGE_2_HELD__AIIN_UNBOUND__ZERO_WORD_DELTA	NONE	NONE	NONE	NONE	NONE	ein Maß Holz	0	PASS_V73_10_ANA_WINDOWS__1_EXACT_STATE_ONLY_2_WORKING_STATE_LIKE_2_DEICTIC__1_UNIQUE_CANDIDATE_1_NEW_B_EDGE__C011_OCCURRENCE_BOUND__ZERO_WORD_DELTA	NONE	NONE	NONE	NONE	NONE	NONE	ein Maß Holz	0	PASS_V74_11_EDGES__9_CONNECTED_COMPONENTS__23_EDGE_NODES_2_HULL_ONLY_1_STRUCTURAL__ZERO_EDGE_WORD_DELTA	NONE	NONE	NONE	NONE	NONE	NONE	NONE	NONE	NONE	NONE	ein Maß Holz	0	PASS_V75_11_TARGET_RIGHT_CONTEXTS__7_NOMINAL_3_ACTION_1_EOS__1_EXACT_WRITTEN_RESULT__2X2_DEFAULTS_REJECTED__C012_OCCURRENCE_BOUND__ZERO_WORD_DELTA	NONE	NONE	NONE	NONE	NONE	NONE	NONE	NONE	NONE	NONE	NONE	ein Maß Holz	0	PASS_V76_83_ACTION_RIGHT_CONTEXTS__60_NOMINAL_15_ACTION_8_EOS__7_FINISHED_STATE_FIRSTS__3_LOCAL_READS_4_OPEN__C013_C014_ADDED__ZERO_WORD_DELTA
f114r	f114r.24	1	tchedaiin	drei Dosen bis zur Mittelstufe kalt-getrocknete Droge	drei Dosen bis zur Mittelstufe kalt-getrocknete Droge	1	1	NOMINAL_BLOCK	NOT_ACTION_LICENSED	0	NONE	NONE	NONE	NONE	NONE	NONE	drei Dosen bis zur Mittelstufe kalt-getrocknete Droge	0	V68_WORDS_FROZEN__RELATION_METADATA_ONLY	NONE	NONE	NONE	NONE	NONE	drei Dosen bis zur Mittelstufe kalt-getrocknete Droge	0	V69_TOKEN_GLOSS_BYTE_IDENTICAL__SEPARATE_WINDOW_METADATA	0	NONE	NONE	NOT_IN_ACTION_SURFACE_SCAN	drei Dosen bis zur Mittelstufe kalt-getrocknete Droge	0	V70_TOKEN_GLOSS_BYTE_IDENTICAL__FRAME_REPLAY_METADATA_ONLY	NONE	NONE	NONE	NONE	drei Dosen bis zur Mittelstufe kalt-getrocknete Droge	0	PASS_V72_YKA_II_III_SISTER_FRAME__5_CASES_2_REPLAY_1_NEW_B_EDGE_2_HELD__AIIN_UNBOUND__ZERO_WORD_DELTA	NONE	NONE	NONE	NONE	NONE	drei Dosen bis zur Mittelstufe kalt-getrocknete Droge	0	PASS_V73_10_ANA_WINDOWS__1_EXACT_STATE_ONLY_2_WORKING_STATE_LIKE_2_DEICTIC__1_UNIQUE_CANDIDATE_1_NEW_B_EDGE__C011_OCCURRENCE_BOUND__ZERO_WORD_DELTA	NONE	NONE	NONE	NONE	NONE	NONE	drei Dosen bis zur Mittelstufe kalt-getrocknete Droge	0	PASS_V74_11_EDGES__9_CONNECTED_COMPONENTS__23_EDGE_NODES_2_HULL_ONLY_1_STRUCTURAL__ZERO_EDGE_WORD_DELTA	NONE	NONE	NONE	NONE	NONE	NONE	NONE	NONE	NONE	NONE	drei Dosen bis zur Mittelstufe kalt-getrocknete Droge	0	PASS_V75_11_TARGET_RIGHT_CONTEXTS__7_NOMINAL_3_ACTION_1_EOS__1_EXACT_WRITTEN_RESULT__2X2_DEFAULTS_REJECTED__C012_OCCURRENCE_BOUND__ZERO_WORD_DELTA	NONE	NONE	NONE	NONE	NONE	NONE	NONE	NONE	NONE	NONE	NONE	drei Dosen bis zur Mittelstufe kalt-getrocknete Droge	0	PASS_V76_83_ACTION_RIGHT_CONTEXTS__60_NOMINAL_15_ACTION_8_EOS__7_FINISHED_STATE_FIRSTS__3_LOCAL_READS_4_OPEN__C013_C014_ADDED__ZERO_WORD_DELTA
f114r	f114r.24	2	oldal	abgemessener Drogenrohstoff I	abgemessener Drogenrohstoff I	1	1	NOMINAL_BLOCK	NOT_ACTION_LICENSED	0	NONE	NONE	NONE	NONE	NONE	NONE	abgemessener Drogenrohstoff I	0	V68_WORDS_FROZEN__RELATION_METADATA_ONLY	NONE	NONE	NONE	NONE	NONE	abgemessener Drogenrohstoff I	0	V69_TOKEN_GLOSS_BYTE_IDENTICAL__SEPARATE_WINDOW_METADATA	0	NONE	NONE	NOT_IN_ACTION_SURFACE_SCAN	abgemessener Drogenrohstoff I	0	V70_TOKEN_GLOSS_BYTE_IDENTICAL__FRAME_REPLAY_METADATA_ONLY	NONE	NONE	NONE	NONE	abgemessener Drogenrohstoff I	0	PASS_V72_YKA_II_III_SISTER_FRAME__5_CASES_2_REPLAY_1_NEW_B_EDGE_2_HELD__AIIN_UNBOUND__ZERO_WORD_DELTA	NONE	NONE	NONE	NONE	NONE	abgemessener Drogenrohstoff I	0	PASS_V73_10_ANA_WINDOWS__1_EXACT_STATE_ONLY_2_WORKING_STATE_LIKE_2_DEICTIC__1_UNIQUE_CANDIDATE_1_NEW_B_EDGE__C011_OCCURRENCE_BOUND__ZERO_WORD_DELTA	NONE	NONE	NONE	NONE	NONE	NONE	abgemessener Drogenrohstoff I	0	PASS_V74_11_EDGES__9_CONNECTED_COMPONENTS__23_EDGE_NODES_2_HULL_ONLY_1_STRUCTURAL__ZERO_EDGE_WORD_DELTA	NONE	NONE	NONE	NONE	NONE	NONE	NONE	NONE	NONE	NONE	abgemessener Drogenrohstoff I	0	PASS_V75_11_TARGET_RIGHT_CONTEXTS__7_NOMINAL_3_ACTION_1_EOS__1_EXACT_WRITTEN_RESULT__2X2_DEFAULTS_REJECTED__C012_OCCURRENCE_BOUND__ZERO_WORD_DELTA	NONE	NONE	NONE	NONE	NONE	NONE	NONE	NONE	NONE	NONE	NONE	abgemessener Drogenrohstoff I	0	PASS_V76_83_ACTION_RIGHT_CONTEXTS__60_NOMINAL_15_ACTION_8_EOS__7_FINISHED_STATE_FIRSTS__3_LOCAL_READS_4_OPEN__C013_C014_ADDED__ZERO_WORD_DELTA
f114r	f114r.24	3	chor	Pflanzenteil	Pflanzenteil	1	1	NOMINAL_BLOCK	NOT_ACTION_LICENSED	0	NONE	NONE	NONE	NONE	NONE	NONE	Pflanzenteil	0	V68_WORDS_FROZEN__RELATION_METADATA_ONLY	NONE	NONE	NONE	NONE	NONE	Pflanzenteil	0	V69_TOKEN_GLOSS_BYTE_IDENTICAL__SEPARATE_WINDOW_METADATA	0	NONE	NONE	NOT_IN_ACTION_SURFACE_SCAN	Pflanzenteil	0	V70_TOKEN_GLOSS_BYTE_IDENTICAL__FRAME_REPLAY_METADATA_ONLY	NONE	NONE	NONE	NONE	Pflanzenteil	0	PASS_V72_YKA_II_III_SISTER_FRAME__5_CASES_2_REPLAY_1_NEW_B_EDGE_2_HELD__AIIN_UNBOUND__ZERO_WORD_DELTA	NONE	NONE	NONE	NONE	NONE	Pflanzenteil	0	PASS_V73_10_ANA_WINDOWS__1_EXACT_STATE_ONLY_2_WORKING_STATE_LIKE_2_DEICTIC__1_UNIQUE_CANDIDATE_1_NEW_B_EDGE__C011_OCCURRENCE_BOUND__ZERO_WORD_DELTA	NONE	NONE	NONE	NONE	NONE	NONE	Pflanzenteil	0	PASS_V74_11_EDGES__9_CONNECTED_COMPONENTS__23_EDGE_NODES_2_HULL_ONLY_1_STRUCTURAL__ZERO_EDGE_WORD_DELTA	NONE	NONE	NONE	NONE	NONE	NONE	NONE	NONE	NONE	NONE	Pflanzenteil	0	PASS_V75_11_TARGET_RIGHT_CONTEXTS__7_NOMINAL_3_ACTION_1_EOS__1_EXACT_WRITTEN_RESULT__2X2_DEFAULTS_REJECTED__C012_OCCURRENCE_BOUND__ZERO_WORD_DELTA	NONE	NONE	NONE	NONE	NONE	NONE	NONE	NONE	NONE	NONE	NONE	Pflanzenteil	0	PASS_V76_83_ACTION_RIGHT_CONTEXTS__60_NOMINAL_15_ACTION_8_EOS__7_FINISHED_STATE_FIRSTS__3_LOCAL_READS_4_OPEN__C013_C014_ADDED__ZERO_WORD_DELTA
f114r	f114r.24	4	chpcheey	nachgetrocknetes Pulver, Form II	nachgetrocknetes Pulver, Form II	1	1	NOMINAL_BLOCK	NOT_ACTION_LICENSED	0	NONE	NONE	NONE	NONE	NONE	NONE	nachgetrocknetes Pulver, Form II	0	V68_WORDS_FROZEN__RELATION_METADATA_ONLY	NONE	NONE	NONE	NONE	NONE	nachgetrocknetes Pulver, Form II	0	V69_TOKEN_GLOSS_BYTE_IDENTICAL__SEPARATE_WINDOW_METADATA	0	NONE	NONE	NOT_IN_ACTION_SURFACE_SCAN	nachgetrocknetes Pulver, Form II	0	V70_TOKEN_GLOSS_BYTE_IDENTICAL__FRAME_REPLAY_METADATA_ONLY	NONE	NONE	NONE	NONE	nachgetrocknetes Pulver, Form II	0	PASS_V72_YKA_II_III_SISTER_FRAME__5_CASES_2_REPLAY_1_NEW_B_EDGE_2_HELD__AIIN_UNBOUND__ZERO_WORD_DELTA	NONE	NONE	NONE	NONE	NONE	nachgetrocknetes Pulver, Form II	0	PASS_V73_10_ANA_WINDOWS__1_EXACT_STATE_ONLY_2_WORKING_STATE_LIKE_2_DEICTIC__1_UNIQUE_CANDIDATE_1_NEW_B_EDGE__C011_OCCURRENCE_BOUND__ZERO_WORD_DELTA	NONE	NONE	NONE	NONE	NONE	NONE	nachgetrocknetes Pulver, Form II	0	PASS_V74_11_EDGES__9_CONNECTED_COMPONENTS__23_EDGE_NODES_2_HULL_ONLY_1_STRUCTURAL__ZERO_EDGE_WORD_DELTA	NONE	NONE	NONE	NONE	NONE	NONE	NONE	NONE	NONE	NONE	nachgetrocknetes Pulver, Form II	0	PASS_V75_11_TARGET_RIGHT_CONTEXTS__7_NOMINAL_3_ACTION_1_EOS__1_EXACT_WRITTEN_RESULT__2X2_DEFAULTS_REJECTED__C012_OCCURRENCE_BOUND__ZERO_WORD_DELTA	NONE	NONE	NONE	NONE	NONE	NONE	NONE	NONE	NONE	NONE	NONE	nachgetrocknetes Pulver, Form II	0	PASS_V76_83_ACTION_RIGHT_CONTEXTS__60_NOMINAL_15_ACTION_8_EOS__7_FINISHED_STATE_FIRSTS__3_LOCAL_READS_4_OPEN__C013_C014_ADDED__ZERO_WORD_DELTA
f114r	f114r.24	5	chcphey	bis zur Mittelstufe getrocknetes und abgeschlossenes Arzneikompositum	bis zur Mittelstufe getrocknetes und abgeschlossenes Arzneikompositum	1	1	NOMINAL_BLOCK	NOT_ACTION_LICENSED	0	NONE	NONE	NONE	NONE	NONE	NONE	bis zur Mittelstufe getrocknetes und abgeschlossenes Arzneikompositum	0	V68_WORDS_FROZEN__RELATION_METADATA_ONLY	NONE	NONE	NONE	NONE	NONE	bis zur Mittelstufe getrocknetes und abgeschlossenes Arzneikompositum	0	V69_TOKEN_GLOSS_BYTE_IDENTICAL__SEPARATE_WINDOW_METADATA	0	NONE	NONE	NOT_IN_ACTION_SURFACE_SCAN	bis zur Mittelstufe getrocknetes und abgeschlossenes Arzneikompositum	0	V70_TOKEN_GLOSS_BYTE_IDENTICAL__FRAME_REPLAY_METADATA_ONLY	NONE	NONE	NONE	NONE	bis zur Mittelstufe getrocknetes und abgeschlossenes Arzneikompositum	0	PASS_V72_YKA_II_III_SISTER_FRAME__5_CASES_2_REPLAY_1_NEW_B_EDGE_2_HELD__AIIN_UNBOUND__ZERO_WORD_DELTA	NONE	NONE	NONE	NONE	NONE	bis zur Mittelstufe getrocknetes und abgeschlossenes Arzneikompositum	0	PASS_V73_10_ANA_WINDOWS__1_EXACT_STATE_ONLY_2_WORKING_STATE_LIKE_2_DEICTIC__1_UNIQUE_CANDIDATE_1_NEW_B_EDGE__C011_OCCURRENCE_BOUND__ZERO_WORD_DELTA	NONE	NONE	NONE	NONE	NONE	NONE	bis zur Mittelstufe getrocknetes und abgeschlossenes Arzneikompositum	0	PASS_V74_11_EDGES__9_CONNECTED_COMPONENTS__23_EDGE_NODES_2_HULL_ONLY_1_STRUCTURAL__ZERO_EDGE_WORD_DELTA	NONE	NONE	NONE	NONE	NONE	NONE	NONE	NONE	NONE	NONE	bis zur Mittelstufe getrocknetes und abgeschlossenes Arzneikompositum	0	PASS_V75_11_TARGET_RIGHT_CONTEXTS__7_NOMINAL_3_ACTION_1_EOS__1_EXACT_WRITTEN_RESULT__2X2_DEFAULTS_REJECTED__C012_OCCURRENCE_BOUND__ZERO_WORD_DELTA	NONE	NONE	NONE	NONE	NONE	NONE	NONE	NONE	NONE	NONE	NONE	bis zur Mittelstufe getrocknetes und abgeschlossenes Arzneikompositum	0	PASS_V76_83_ACTION_RIGHT_CONTEXTS__60_NOMINAL_15_ACTION_8_EOS__7_FINISHED_STATE_FIRSTS__3_LOCAL_READS_4_OPEN__C013_C014_ADDED__ZERO_WORD_DELTA
f114r	f114r.24	6	cphochy	leicht angetrocknetes Arzneikompositum im Ansatz	leicht angetrocknetes Arzneikompositum im Ansatz	1	1	NOMINAL_BLOCK	NOT_ACTION_LICENSED	0	NONE	NONE	NONE	NONE	NONE	NONE	leicht angetrocknetes Arzneikompositum im Ansatz	0	V68_WORDS_FROZEN__RELATION_METADATA_ONLY	NONE	NONE	NONE	NONE	NONE	leicht angetrocknetes Arzneikompositum im Ansatz	0	V69_TOKEN_GLOSS_BYTE_IDENTICAL__SEPARATE_WINDOW_METADATA	0	NONE	NONE	NOT_IN_ACTION_SURFACE_SCAN	leicht angetrocknetes Arzneikompositum im Ansatz	0	V70_TOKEN_GLOSS_BYTE_IDENTICAL__FRAME_REPLAY_METADATA_ONLY	NONE	NONE	NONE	NONE	leicht angetrocknetes Arzneikompositum im Ansatz	0	PASS_V72_YKA_II_III_SISTER_FRAME__5_CASES_2_REPLAY_1_NEW_B_EDGE_2_HELD__AIIN_UNBOUND__ZERO_WORD_DELTA	NONE	NONE	NONE	NONE	NONE	leicht angetrocknetes Arzneikompositum im Ansatz	0	PASS_V73_10_ANA_WINDOWS__1_EXACT_STATE_ONLY_2_WORKING_STATE_LIKE_2_DEICTIC__1_UNIQUE_CANDIDATE_1_NEW_B_EDGE__C011_OCCURRENCE_BOUND__ZERO_WORD_DELTA	NONE	NONE	NONE	NONE	NONE	NONE	leicht angetrocknetes Arzneikompositum im Ansatz	0	PASS_V74_11_EDGES__9_CONNECTED_COMPONENTS__23_EDGE_NODES_2_HULL_ONLY_1_STRUCTURAL__ZERO_EDGE_WORD_DELTA	NONE	NONE	NONE	NONE	NONE	NONE	NONE	NONE	NONE	NONE	leicht angetrocknetes Arzneikompositum im Ansatz	0	PASS_V75_11_TARGET_RIGHT_CONTEXTS__7_NOMINAL_3_ACTION_1_EOS__1_EXACT_WRITTEN_RESULT__2X2_DEFAULTS_REJECTED__C012_OCCURRENCE_BOUND__ZERO_WORD_DELTA	NONE	NONE	NONE	NONE	NONE	NONE	NONE	NONE	NONE	NONE	NONE	leicht angetrocknetes Arzneikompositum im Ansatz	0	PASS_V76_83_ACTION_RIGHT_CONTEXTS__60_NOMINAL_15_ACTION_8_EOS__7_FINISHED_STATE_FIRSTS__3_LOCAL_READS_4_OPEN__C013_C014_ADDED__ZERO_WORD_DELTA
f114r	f114r.24	7	chos	eine Charge Trockenansatz	eine Charge Trockenansatz	1	1	NOMINAL_BLOCK	NOT_ACTION_LICENSED	0	NONE	NONE	NONE	NONE	NONE	NONE	eine Charge Trockenansatz	0	V68_WORDS_FROZEN__RELATION_METADATA_ONLY	NONE	NONE	NONE	NONE	NONE	eine Charge Trockenansatz	0	V69_TOKEN_GLOSS_BYTE_IDENTICAL__SEPARATE_WINDOW_METADATA	0	NONE	NONE	NOT_IN_ACTION_SURFACE_SCAN	eine Charge Trockenansatz	0	V70_TOKEN_GLOSS_BYTE_IDENTICAL__FRAME_REPLAY_METADATA_ONLY	NONE	NONE	NONE	NONE	eine Charge Trockenansatz	0	PASS_V72_YKA_II_III_SISTER_FRAME__5_CASES_2_REPLAY_1_NEW_B_EDGE_2_HELD__AIIN_UNBOUND__ZERO_WORD_DELTA	NONE	NONE	NONE	NONE	NONE	eine Charge Trockenansatz	0	PASS_V73_10_ANA_WINDOWS__1_EXACT_STATE_ONLY_2_WORKING_STATE_LIKE_2_DEICTIC__1_UNIQUE_CANDIDATE_1_NEW_B_EDGE__C011_OCCURRENCE_BOUND__ZERO_WORD_DELTA	NONE	NONE	NONE	NONE	NONE	NONE	eine Charge Trockenansatz	0	PASS_V74_11_EDGES__9_CONNECTED_COMPONENTS__23_EDGE_NODES_2_HULL_ONLY_1_STRUCTURAL__ZERO_EDGE_WORD_DELTA	NONE	NONE	NONE	NONE	NONE	NONE	NONE	NONE	NONE	NONE	eine Charge Trockenansatz	0	PASS_V75_11_TARGET_RIGHT_CONTEXTS__7_NOMINAL_3_ACTION_1_EOS__1_EXACT_WRITTEN_RESULT__2X2_DEFAULTS_REJECTED__C012_OCCURRENCE_BOUND__ZERO_WORD_DELTA	NONE	NONE	NONE	NONE	NONE	NONE	NONE	NONE	NONE	NONE	NONE	eine Charge Trockenansatz	0	PASS_V76_83_ACTION_RIGHT_CONTEXTS__60_NOMINAL_15_ACTION_8_EOS__7_FINISHED_STATE_FIRSTS__3_LOCAL_READS_4_OPEN__C013_C014_ADDED__ZERO_WORD_DELTA
f114r	f114r.24	8	aiir	Drogenanteil III	Drogenanteil III	1	1	NOMINAL_BLOCK	NOT_ACTION_LICENSED	0	NONE	NONE	NONE	NONE	NONE	NONE	Drogenanteil III	0	V68_WORDS_FROZEN__RELATION_METADATA_ONLY	NONE	NONE	NONE	NONE	NONE	Drogenanteil III	0	V69_TOKEN_GLOSS_BYTE_IDENTICAL__SEPARATE_WINDOW_METADATA	0	NONE	NONE	NOT_IN_ACTION_SURFACE_SCAN	Drogenanteil III	0	V70_TOKEN_GLOSS_BYTE_IDENTICAL__FRAME_REPLAY_METADATA_ONLY	NONE	NONE	NONE	NONE	Drogenanteil III	0	PASS_V72_YKA_II_III_SISTER_FRAME__5_CASES_2_REPLAY_1_NEW_B_EDGE_2_HELD__AIIN_UNBOUND__ZERO_WORD_DELTA	NONE	NONE	NONE	NONE	NONE	Drogenanteil III	0	PASS_V73_10_ANA_WINDOWS__1_EXACT_STATE_ONLY_2_WORKING_STATE_LIKE_2_DEICTIC__1_UNIQUE_CANDIDATE_1_NEW_B_EDGE__C011_OCCURRENCE_BOUND__ZERO_WORD_DELTA	NONE	NONE	NONE	NONE	NONE	NONE	Drogenanteil III	0	PASS_V74_11_EDGES__9_CONNECTED_COMPONENTS__23_EDGE_NODES_2_HULL_ONLY_1_STRUCTURAL__ZERO_EDGE_WORD_DELTA	NONE	NONE	NONE	NONE	NONE	NONE	NONE	NONE	NONE	NONE	Drogenanteil III	0	PASS_V75_11_TARGET_RIGHT_CONTEXTS__7_NOMINAL_3_ACTION_1_EOS__1_EXACT_WRITTEN_RESULT__2X2_DEFAULTS_REJECTED__C012_OCCURRENCE_BOUND__ZERO_WORD_DELTA	NONE	NONE	NONE	NONE	NONE	NONE	NONE	NONE	NONE	NONE	NONE	Drogenanteil III	0	PASS_V76_83_ACTION_RIGHT_CONTEXTS__60_NOMINAL_15_ACTION_8_EOS__7_FINISHED_STATE_FIRSTS__3_LOCAL_READS_4_OPEN__C013_C014_ADDED__ZERO_WORD_DELTA
f114r	f114r.24	9	chty	trocken-kalt am Gradanfang	trocken-kalt am Gradanfang	1	1	NOMINAL_BLOCK	NOT_ACTION_LICENSED	0	NONE	NONE	NONE	NONE	NONE	NONE	trocken-kalt am Gradanfang	0	V68_WORDS_FROZEN__RELATION_METADATA_ONLY	NONE	NONE	NONE	NONE	NONE	trocken-kalt am Gradanfang	0	V69_TOKEN_GLOSS_BYTE_IDENTICAL__SEPARATE_WINDOW_METADATA	0	NONE	NONE	NOT_IN_ACTION_SURFACE_SCAN	trocken-kalt am Gradanfang	0	V70_TOKEN_GLOSS_BYTE_IDENTICAL__FRAME_REPLAY_METADATA_ONLY	NONE	NONE	NONE	NONE	trocken-kalt am Gradanfang	0	PASS_V72_YKA_II_III_SISTER_FRAME__5_CASES_2_REPLAY_1_NEW_B_EDGE_2_HELD__AIIN_UNBOUND__ZERO_WORD_DELTA	NONE	NONE	NONE	NONE	NONE	trocken-kalt am Gradanfang	0	PASS_V73_10_ANA_WINDOWS__1_EXACT_STATE_ONLY_2_WORKING_STATE_LIKE_2_DEICTIC__1_UNIQUE_CANDIDATE_1_NEW_B_EDGE__C011_OCCURRENCE_BOUND__ZERO_WORD_DELTA	NONE	NONE	NONE	NONE	NONE	NONE	trocken-kalt am Gradanfang	0	PASS_V74_11_EDGES__9_CONNECTED_COMPONENTS__23_EDGE_NODES_2_HULL_ONLY_1_STRUCTURAL__ZERO_EDGE_WORD_DELTA	NONE	NONE	NONE	NONE	NONE	NONE	NONE	NONE	NONE	NONE	trocken-kalt am Gradanfang	0	PASS_V75_11_TARGET_RIGHT_CONTEXTS__7_NOMINAL_3_ACTION_1_EOS__1_EXACT_WRITTEN_RESULT__2X2_DEFAULTS_REJECTED__C012_OCCURRENCE_BOUND__ZERO_WORD_DELTA	NONE	NONE	NONE	NONE	NONE	NONE	NONE	NONE	NONE	NONE	NONE	trocken-kalt am Gradanfang	0	PASS_V76_83_ACTION_RIGHT_CONTEXTS__60_NOMINAL_15_ACTION_8_EOS__7_FINISHED_STATE_FIRSTS__3_LOCAL_READS_4_OPEN__C013_C014_ADDED__ZERO_WORD_DELTA
f114r	f114r.24	10	chopo	Pulverzubereitung aus Trockengut	Pulverzubereitung aus Trockengut	1	1	NOMINAL_BLOCK	NOT_ACTION_LICENSED	0	NONE	NONE	NONE	NONE	NONE	NONE	Pulverzubereitung aus Trockengut	0	V68_WORDS_FROZEN__RELATION_METADATA_ONLY	NONE	NONE	NONE	NONE	NONE	Pulverzubereitung aus Trockengut	0	V69_TOKEN_GLOSS_BYTE_IDENTICAL__SEPARATE_WINDOW_METADATA	0	NONE	NONE	NOT_IN_ACTION_SURFACE_SCAN	Pulverzubereitung aus Trockengut	0	V70_TOKEN_GLOSS_BYTE_IDENTICAL__FRAME_REPLAY_METADATA_ONLY	NONE	NONE	NONE	NONE	Pulverzubereitung aus Trockengut	0	PASS_V72_YKA_II_III_SISTER_FRAME__5_CASES_2_REPLAY_1_NEW_B_EDGE_2_HELD__AIIN_UNBOUND__ZERO_WORD_DELTA	NONE	NONE	NONE	NONE	NONE	Pulverzubereitung aus Trockengut	0	PASS_V73_10_ANA_WINDOWS__1_EXACT_STATE_ONLY_2_WORKING_STATE_LIKE_2_DEICTIC__1_UNIQUE_CANDIDATE_1_NEW_B_EDGE__C011_OCCURRENCE_BOUND__ZERO_WORD_DELTA	NONE	NONE	NONE	NONE	NONE	NONE	Pulverzubereitung aus Trockengut	0	PASS_V74_11_EDGES__9_CONNECTED_COMPONENTS__23_EDGE_NODES_2_HULL_ONLY_1_STRUCTURAL__ZERO_EDGE_WORD_DELTA	NONE	NONE	NONE	NONE	NONE	NONE	NONE	NONE	NONE	NONE	Pulverzubereitung aus Trockengut	0	PASS_V75_11_TARGET_RIGHT_CONTEXTS__7_NOMINAL_3_ACTION_1_EOS__1_EXACT_WRITTEN_RESULT__2X2_DEFAULTS_REJECTED__C012_OCCURRENCE_BOUND__ZERO_WORD_DELTA	NONE	NONE	NONE	NONE	NONE	NONE	NONE	NONE	NONE	NONE	NONE	Pulverzubereitung aus Trockengut	0	PASS_V76_83_ACTION_RIGHT_CONTEXTS__60_NOMINAL_15_ACTION_8_EOS__7_FINISHED_STATE_FIRSTS__3_LOCAL_READS_4_OPEN__C013_C014_ADDED__ZERO_WORD_DELTA
f114r	f114r.24	11	sair	Samenanteil II	Samenanteil II	1	1	NOMINAL_BLOCK	NOT_ACTION_LICENSED	0	NONE	NONE	NONE	NONE	NONE	NONE	Samenanteil II	0	V68_WORDS_FROZEN__RELATION_METADATA_ONLY	NONE	NONE	NONE	NONE	NONE	Samenanteil II	0	V69_TOKEN_GLOSS_BYTE_IDENTICAL__SEPARATE_WINDOW_METADATA	0	NONE	NONE	NOT_IN_ACTION_SURFACE_SCAN	Samenanteil II	0	V70_TOKEN_GLOSS_BYTE_IDENTICAL__FRAME_REPLAY_METADATA_ONLY	NONE	NONE	NONE	NONE	Samenanteil II	0	PASS_V72_YKA_II_III_SISTER_FRAME__5_CASES_2_REPLAY_1_NEW_B_EDGE_2_HELD__AIIN_UNBOUND__ZERO_WORD_DELTA	NONE	NONE	NONE	NONE	NONE	Samenanteil II	0	PASS_V73_10_ANA_WINDOWS__1_EXACT_STATE_ONLY_2_WORKING_STATE_LIKE_2_DEICTIC__1_UNIQUE_CANDIDATE_1_NEW_B_EDGE__C011_OCCURRENCE_BOUND__ZERO_WORD_DELTA	NONE	NONE	NONE	NONE	NONE	NONE	Samenanteil II	0	PASS_V74_11_EDGES__9_CONNECTED_COMPONENTS__23_EDGE_NODES_2_HULL_ONLY_1_STRUCTURAL__ZERO_EDGE_WORD_DELTA	NONE	NONE	NONE	NONE	NONE	NONE	NONE	NONE	NONE	NONE	Samenanteil II	0	PASS_V75_11_TARGET_RIGHT_CONTEXTS__7_NOMINAL_3_ACTION_1_EOS__1_EXACT_WRITTEN_RESULT__2X2_DEFAULTS_REJECTED__C012_OCCURRENCE_BOUND__ZERO_WORD_DELTA	NONE	NONE	NONE	NONE	NONE	NONE	NONE	NONE	NONE	NONE	NONE	Samenanteil II	0	PASS_V76_83_ACTION_RIGHT_CONTEXTS__60_NOMINAL_15_ACTION_8_EOS__7_FINISHED_STATE_FIRSTS__3_LOCAL_READS_4_OPEN__C013_C014_ADDED__ZERO_WORD_DELTA
f114r	f114r.24	12	cphy	Arzneikompositum in Grundform	Arzneikompositum in Grundform	1	1	NOMINAL_BLOCK	NOT_ACTION_LICENSED	0	NONE	NONE	NONE	NONE	NONE	NONE	Arzneikompositum in Grundform	0	V68_WORDS_FROZEN__RELATION_METADATA_ONLY	NONE	NONE	NONE	NONE	NONE	Arzneikompositum in Grundform	0	V69_TOKEN_GLOSS_BYTE_IDENTICAL__SEPARATE_WINDOW_METADATA	0	NONE	NONE	NOT_IN_ACTION_SURFACE_SCAN	Arzneikompositum in Grundform	0	V70_TOKEN_GLOSS_BYTE_IDENTICAL__FRAME_REPLAY_METADATA_ONLY	NONE	NONE	NONE	NONE	Arzneikompositum in Grundform	0	PASS_V72_YKA_II_III_SISTER_FRAME__5_CASES_2_REPLAY_1_NEW_B_EDGE_2_HELD__AIIN_UNBOUND__ZERO_WORD_DELTA	NONE	NONE	NONE	NONE	NONE	Arzneikompositum in Grundform	0	PASS_V73_10_ANA_WINDOWS__1_EXACT_STATE_ONLY_2_WORKING_STATE_LIKE_2_DEICTIC__1_UNIQUE_CANDIDATE_1_NEW_B_EDGE__C011_OCCURRENCE_BOUND__ZERO_WORD_DELTA	NONE	NONE	NONE	NONE	NONE	NONE	Arzneikompositum in Grundform	0	PASS_V74_11_EDGES__9_CONNECTED_COMPONENTS__23_EDGE_NODES_2_HULL_ONLY_1_STRUCTURAL__ZERO_EDGE_WORD_DELTA	NONE	NONE	NONE	NONE	NONE	NONE	NONE	NONE	NONE	NONE	Arzneikompositum in Grundform	0	PASS_V75_11_TARGET_RIGHT_CONTEXTS__7_NOMINAL_3_ACTION_1_EOS__1_EXACT_WRITTEN_RESULT__2X2_DEFAULTS_REJECTED__C012_OCCURRENCE_BOUND__ZERO_WORD_DELTA	NONE	NONE	NONE	NONE	NONE	NONE	NONE	NONE	NONE	NONE	NONE	Arzneikompositum in Grundform	0	PASS_V76_83_ACTION_RIGHT_CONTEXTS__60_NOMINAL_15_ACTION_8_EOS__7_FINISHED_STATE_FIRSTS__3_LOCAL_READS_4_OPEN__C013_C014_ADDED__ZERO_WORD_DELTA
f114r	f114r.24	13	dair	abgemessener Anteil II	abgemessener Anteil II	1	1	NOMINAL_BLOCK	NOT_ACTION_LICENSED	0	NONE	NONE	NONE	NONE	NONE	NONE	abgemessener Anteil II	0	V68_WORDS_FROZEN__RELATION_METADATA_ONLY	NONE	NONE	NONE	NONE	NONE	abgemessener Anteil II	0	V69_TOKEN_GLOSS_BYTE_IDENTICAL__SEPARATE_WINDOW_METADATA	0	NONE	NONE	NOT_IN_ACTION_SURFACE_SCAN	abgemessener Anteil II	0	V70_TOKEN_GLOSS_BYTE_IDENTICAL__FRAME_REPLAY_METADATA_ONLY	NONE	NONE	NONE	NONE	abgemessener Anteil II	0	PASS_V72_YKA_II_III_SISTER_FRAME__5_CASES_2_REPLAY_1_NEW_B_EDGE_2_HELD__AIIN_UNBOUND__ZERO_WORD_DELTA	NONE	NONE	NONE	NONE	NONE	abgemessener Anteil II	0	PASS_V73_10_ANA_WINDOWS__1_EXACT_STATE_ONLY_2_WORKING_STATE_LIKE_2_DEICTIC__1_UNIQUE_CANDIDATE_1_NEW_B_EDGE__C011_OCCURRENCE_BOUND__ZERO_WORD_DELTA	NONE	NONE	NONE	NONE	NONE	NONE	abgemessener Anteil II	0	PASS_V74_11_EDGES__9_CONNECTED_COMPONENTS__23_EDGE_NODES_2_HULL_ONLY_1_STRUCTURAL__ZERO_EDGE_WORD_DELTA	NONE	NONE	NONE	NONE	NONE	NONE	NONE	NONE	NONE	NONE	abgemessener Anteil II	0	PASS_V75_11_TARGET_RIGHT_CONTEXTS__7_NOMINAL_3_ACTION_1_EOS__1_EXACT_WRITTEN_RESULT__2X2_DEFAULTS_REJECTED__C012_OCCURRENCE_BOUND__ZERO_WORD_DELTA	NONE	NONE	NONE	NONE	NONE	NONE	NONE	NONE	NONE	NONE	NONE	abgemessener Anteil II	0	PASS_V76_83_ACTION_RIGHT_CONTEXTS__60_NOMINAL_15_ACTION_8_EOS__7_FINISHED_STATE_FIRSTS__3_LOCAL_READS_4_OPEN__C013_C014_ADDED__ZERO_WORD_DELTA
f114r	f114r.26	1	ycheeodaiin	hiervon drei Dosen des zweiten Trockenansatzes abmessen	hiervon drei Dosen des zweiten Trockenansatzes abmessen	1	1	ACTION_CLAUSE	GDT689_V62_ACTION_ORDINAL	1	NONE	NONE	NONE	R008	NONE	NONE	hiervon drei Dosen des zweiten Trockenansatzes abmessen	0	V68_WORDS_FROZEN__RELATION_METADATA_ONLY	NONE	NONE	NONE	NONE	NONE	hiervon drei Dosen des zweiten Trockenansatzes abmessen	0	V69_TOKEN_GLOSS_BYTE_IDENTICAL__SEPARATE_WINDOW_METADATA	0	NONE	NONE	NOT_IN_ACTION_SURFACE_SCAN	hiervon drei Dosen des zweiten Trockenansatzes abmessen	0	V70_TOKEN_GLOSS_BYTE_IDENTICAL__FRAME_REPLAY_METADATA_ONLY	NONE	NONE	NONE	NONE	hiervon drei Dosen des zweiten Trockenansatzes abmessen	0	PASS_V72_YKA_II_III_SISTER_FRAME__5_CASES_2_REPLAY_1_NEW_B_EDGE_2_HELD__AIIN_UNBOUND__ZERO_WORD_DELTA	NONE	NONE	NONE	NONE	NONE	hiervon drei Dosen des zweiten Trockenansatzes abmessen	0	PASS_V73_10_ANA_WINDOWS__1_EXACT_STATE_ONLY_2_WORKING_STATE_LIKE_2_DEICTIC__1_UNIQUE_CANDIDATE_1_NEW_B_EDGE__C011_OCCURRENCE_BOUND__ZERO_WORD_DELTA	NONE	NONE	NONE	NONE	NONE	NONE	hiervon drei Dosen des zweiten Trockenansatzes abmessen	0	PASS_V74_11_EDGES__9_CONNECTED_COMPONENTS__23_EDGE_NODES_2_HULL_ONLY_1_STRUCTURAL__ZERO_EDGE_WORD_DELTA	NONE	NONE	NONE	NONE	NONE	NONE	NONE	NONE	NONE	NONE	hiervon drei Dosen des zweiten Trockenansatzes abmessen	0	PASS_V75_11_TARGET_RIGHT_CONTEXTS__7_NOMINAL_3_ACTION_1_EOS__1_EXACT_WRITTEN_RESULT__2X2_DEFAULTS_REJECTED__C012_OCCURRENCE_BOUND__ZERO_WORD_DELTA	A019	ACTION_CLAUSE:A019	NONE	NONE	NONE	NONE	NONE	NONE	NONE	NONE	NONE	hiervon drei Dosen des zweiten Trockenansatzes abmessen	0	PASS_V76_83_ACTION_RIGHT_CONTEXTS__60_NOMINAL_15_ACTION_8_EOS__7_FINISHED_STATE_FIRSTS__3_LOCAL_READS_4_OPEN__C013_C014_ADDED__ZERO_WORD_DELTA
f114r	f114r.26	2	olkaiir	Anteil III des heißen Holzansatzes	Anteil III des heißen Holzansatzes	1	2	NOMINAL_BLOCK	NOT_ACTION_LICENSED	0	NONE	NONE	NONE	NONE	NONE	NONE	Anteil III des heißen Holzansatzes	0	V68_WORDS_FROZEN__RELATION_METADATA_ONLY	NONE	NONE	NONE	NONE	NONE	Anteil III des heißen Holzansatzes	0	V69_TOKEN_GLOSS_BYTE_IDENTICAL__SEPARATE_WINDOW_METADATA	0	NONE	NONE	NOT_IN_ACTION_SURFACE_SCAN	Anteil III des heißen Holzansatzes	0	V70_TOKEN_GLOSS_BYTE_IDENTICAL__FRAME_REPLAY_METADATA_ONLY	NONE	NONE	NONE	NONE	Anteil III des heißen Holzansatzes	0	PASS_V72_YKA_II_III_SISTER_FRAME__5_CASES_2_REPLAY_1_NEW_B_EDGE_2_HELD__AIIN_UNBOUND__ZERO_WORD_DELTA	NONE	NONE	NONE	NONE	NONE	Anteil III des heißen Holzansatzes	0	PASS_V73_10_ANA_WINDOWS__1_EXACT_STATE_ONLY_2_WORKING_STATE_LIKE_2_DEICTIC__1_UNIQUE_CANDIDATE_1_NEW_B_EDGE__C011_OCCURRENCE_BOUND__ZERO_WORD_DELTA	NONE	NONE	NONE	NONE	NONE	NONE	Anteil III des heißen Holzansatzes	0	PASS_V74_11_EDGES__9_CONNECTED_COMPONENTS__23_EDGE_NODES_2_HULL_ONLY_1_STRUCTURAL__ZERO_EDGE_WORD_DELTA	NONE	NONE	NONE	NONE	NONE	NONE	NONE	NONE	NONE	NONE	Anteil III des heißen Holzansatzes	0	PASS_V75_11_TARGET_RIGHT_CONTEXTS__7_NOMINAL_3_ACTION_1_EOS__1_EXACT_WRITTEN_RESULT__2X2_DEFAULTS_REJECTED__C012_OCCURRENCE_BOUND__ZERO_WORD_DELTA	A019	FIRST_RIGHT_ITEM:A019	NONE	NONE	NONE	NONE	NONE	NONE	NONE	NONE	NONE	Anteil III des heißen Holzansatzes	0	PASS_V76_83_ACTION_RIGHT_CONTEXTS__60_NOMINAL_15_ACTION_8_EOS__7_FINISHED_STATE_FIRSTS__3_LOCAL_READS_4_OPEN__C013_C014_ADDED__ZERO_WORD_DELTA
f114r	f114r.26	3	qokaiin	heiß, Grad III	heiß, Grad III	1	2	NOMINAL_BLOCK	NOT_ACTION_LICENSED	0	NONE	NONE	NONE	NONE	NONE	NONE	heiß, Grad III	0	V68_WORDS_FROZEN__RELATION_METADATA_ONLY	NONE	NONE	NONE	NONE	NONE	heiß, Grad III	0	V69_TOKEN_GLOSS_BYTE_IDENTICAL__SEPARATE_WINDOW_METADATA	0	NONE	NONE	NOT_IN_ACTION_SURFACE_SCAN	heiß, Grad III	0	V70_TOKEN_GLOSS_BYTE_IDENTICAL__FRAME_REPLAY_METADATA_ONLY	NONE	NONE	NONE	NONE	heiß, Grad III	0	PASS_V72_YKA_II_III_SISTER_FRAME__5_CASES_2_REPLAY_1_NEW_B_EDGE_2_HELD__AIIN_UNBOUND__ZERO_WORD_DELTA	NONE	NONE	NONE	NONE	NONE	heiß, Grad III	0	PASS_V73_10_ANA_WINDOWS__1_EXACT_STATE_ONLY_2_WORKING_STATE_LIKE_2_DEICTIC__1_UNIQUE_CANDIDATE_1_NEW_B_EDGE__C011_OCCURRENCE_BOUND__ZERO_WORD_DELTA	NONE	NONE	NONE	NONE	NONE	NONE	heiß, Grad III	0	PASS_V74_11_EDGES__9_CONNECTED_COMPONENTS__23_EDGE_NODES_2_HULL_ONLY_1_STRUCTURAL__ZERO_EDGE_WORD_DELTA	NONE	NONE	NONE	NONE	NONE	NONE	NONE	NONE	NONE	NONE	heiß, Grad III	0	PASS_V75_11_TARGET_RIGHT_CONTEXTS__7_NOMINAL_3_ACTION_1_EOS__1_EXACT_WRITTEN_RESULT__2X2_DEFAULTS_REJECTED__C012_OCCURRENCE_BOUND__ZERO_WORD_DELTA	NONE	NONE	NONE	NONE	NONE	NONE	NONE	NONE	NONE	NONE	NONE	heiß, Grad III	0	PASS_V76_83_ACTION_RIGHT_CONTEXTS__60_NOMINAL_15_ACTION_8_EOS__7_FINISHED_STATE_FIRSTS__3_LOCAL_READS_4_OPEN__C013_C014_ADDED__ZERO_WORD_DELTA
f114r	f114r.26	4	chodaiin	Trockenansatz, Dosis III	Trockenansatz, Dosis III	1	2	NOMINAL_BLOCK	NOT_ACTION_LICENSED	0	NONE	NONE	NONE	NONE	NONE	NONE	Trockenansatz, Dosis III	0	V68_WORDS_FROZEN__RELATION_METADATA_ONLY	NONE	NONE	NONE	NONE	NONE	Trockenansatz, Dosis III	0	V69_TOKEN_GLOSS_BYTE_IDENTICAL__SEPARATE_WINDOW_METADATA	0	NONE	NONE	NOT_IN_ACTION_SURFACE_SCAN	Trockenansatz, Dosis III	0	V70_TOKEN_GLOSS_BYTE_IDENTICAL__FRAME_REPLAY_METADATA_ONLY	NONE	NONE	NONE	NONE	Trockenansatz, Dosis III	0	PASS_V72_YKA_II_III_SISTER_FRAME__5_CASES_2_REPLAY_1_NEW_B_EDGE_2_HELD__AIIN_UNBOUND__ZERO_WORD_DELTA	NONE	NONE	NONE	NONE	NONE	Trockenansatz, Dosis III	0	PASS_V73_10_ANA_WINDOWS__1_EXACT_STATE_ONLY_2_WORKING_STATE_LIKE_2_DEICTIC__1_UNIQUE_CANDIDATE_1_NEW_B_EDGE__C011_OCCURRENCE_BOUND__ZERO_WORD_DELTA	NONE	NONE	NONE	NONE	NONE	NONE	Trockenansatz, Dosis III	0	PASS_V74_11_EDGES__9_CONNECTED_COMPONENTS__23_EDGE_NODES_2_HULL_ONLY_1_STRUCTURAL__ZERO_EDGE_WORD_DELTA	NONE	NONE	NONE	NONE	NONE	NONE	NONE	NONE	NONE	NONE	Trockenansatz, Dosis III	0	PASS_V75_11_TARGET_RIGHT_CONTEXTS__7_NOMINAL_3_ACTION_1_EOS__1_EXACT_WRITTEN_RESULT__2X2_DEFAULTS_REJECTED__C012_OCCURRENCE_BOUND__ZERO_WORD_DELTA	NONE	NONE	NONE	NONE	NONE	NONE	NONE	NONE	NONE	NONE	NONE	Trockenansatz, Dosis III	0	PASS_V76_83_ACTION_RIGHT_CONTEXTS__60_NOMINAL_15_ACTION_8_EOS__7_FINISHED_STATE_FIRSTS__3_LOCAL_READS_4_OPEN__C013_C014_ADDED__ZERO_WORD_DELTA
f114r	f114r.26	5	okar	Anteil I des heißen Ansatzes	Anteil I des heißen Ansatzes	1	2	NOMINAL_BLOCK	NOT_ACTION_LICENSED	0	NONE	NONE	NONE	NONE	NONE	NONE	Anteil I des heißen Ansatzes	0	V68_WORDS_FROZEN__RELATION_METADATA_ONLY	NONE	NONE	NONE	NONE	NONE	Anteil I des heißen Ansatzes	0	V69_TOKEN_GLOSS_BYTE_IDENTICAL__SEPARATE_WINDOW_METADATA	0	NONE	NONE	NOT_IN_ACTION_SURFACE_SCAN	Anteil I des heißen Ansatzes	0	V70_TOKEN_GLOSS_BYTE_IDENTICAL__FRAME_REPLAY_METADATA_ONLY	NONE	NONE	NONE	NONE	Anteil I des heißen Ansatzes	0	PASS_V72_YKA_II_III_SISTER_FRAME__5_CASES_2_REPLAY_1_NEW_B_EDGE_2_HELD__AIIN_UNBOUND__ZERO_WORD_DELTA	NONE	NONE	NONE	NONE	NONE	Anteil I des heißen Ansatzes	0	PASS_V73_10_ANA_WINDOWS__1_EXACT_STATE_ONLY_2_WORKING_STATE_LIKE_2_DEICTIC__1_UNIQUE_CANDIDATE_1_NEW_B_EDGE__C011_OCCURRENCE_BOUND__ZERO_WORD_DELTA	NONE	NONE	NONE	NONE	NONE	NONE	Anteil I des heißen Ansatzes	0	PASS_V74_11_EDGES__9_CONNECTED_COMPONENTS__23_EDGE_NODES_2_HULL_ONLY_1_STRUCTURAL__ZERO_EDGE_WORD_DELTA	NONE	NONE	NONE	NONE	NONE	NONE	NONE	NONE	NONE	NONE	Anteil I des heißen Ansatzes	0	PASS_V75_11_TARGET_RIGHT_CONTEXTS__7_NOMINAL_3_ACTION_1_EOS__1_EXACT_WRITTEN_RESULT__2X2_DEFAULTS_REJECTED__C012_OCCURRENCE_BOUND__ZERO_WORD_DELTA	NONE	NONE	NONE	NONE	NONE	NONE	NONE	NONE	NONE	NONE	NONE	Anteil I des heißen Ansatzes	0	PASS_V76_83_ACTION_RIGHT_CONTEXTS__60_NOMINAL_15_ACTION_8_EOS__7_FINISHED_STATE_FIRSTS__3_LOCAL_READS_4_OPEN__C013_C014_ADDED__ZERO_WORD_DELTA
f114r	f114r.26	6	olkaiin	heiße Drogenbasis, Stufe III	heiße Drogenbasis, Stufe III	1	2	NOMINAL_BLOCK	NOT_ACTION_LICENSED	0	NONE	NONE	NONE	NONE	NONE	NONE	heiße Drogenbasis, Stufe III	0	V68_WORDS_FROZEN__RELATION_METADATA_ONLY	NONE	NONE	NONE	NONE	NONE	heiße Drogenbasis, Stufe III	0	V69_TOKEN_GLOSS_BYTE_IDENTICAL__SEPARATE_WINDOW_METADATA	0	NONE	NONE	NOT_IN_ACTION_SURFACE_SCAN	heiße Drogenbasis, Stufe III	0	V70_TOKEN_GLOSS_BYTE_IDENTICAL__FRAME_REPLAY_METADATA_ONLY	NONE	NONE	NONE	NONE	heiße Drogenbasis, Stufe III	0	PASS_V72_YKA_II_III_SISTER_FRAME__5_CASES_2_REPLAY_1_NEW_B_EDGE_2_HELD__AIIN_UNBOUND__ZERO_WORD_DELTA	NONE	NONE	NONE	NONE	NONE	heiße Drogenbasis, Stufe III	0	PASS_V73_10_ANA_WINDOWS__1_EXACT_STATE_ONLY_2_WORKING_STATE_LIKE_2_DEICTIC__1_UNIQUE_CANDIDATE_1_NEW_B_EDGE__C011_OCCURRENCE_BOUND__ZERO_WORD_DELTA	NONE	NONE	NONE	NONE	NONE	NONE	heiße Drogenbasis, Stufe III	0	PASS_V74_11_EDGES__9_CONNECTED_COMPONENTS__23_EDGE_NODES_2_HULL_ONLY_1_STRUCTURAL__ZERO_EDGE_WORD_DELTA	NONE	NONE	NONE	NONE	NONE	NONE	NONE	NONE	NONE	NONE	heiße Drogenbasis, Stufe III	0	PASS_V75_11_TARGET_RIGHT_CONTEXTS__7_NOMINAL_3_ACTION_1_EOS__1_EXACT_WRITTEN_RESULT__2X2_DEFAULTS_REJECTED__C012_OCCURRENCE_BOUND__ZERO_WORD_DELTA	NONE	NONE	NONE	NONE	NONE	NONE	NONE	NONE	NONE	NONE	NONE	heiße Drogenbasis, Stufe III	0	PASS_V76_83_ACTION_RIGHT_CONTEXTS__60_NOMINAL_15_ACTION_8_EOS__7_FINISHED_STATE_FIRSTS__3_LOCAL_READS_4_OPEN__C013_C014_ADDED__ZERO_WORD_DELTA
f114r	f114r.26	7	okaiin	heißer Ansatz, Grad III	heißer Ansatz, Grad III	1	2	NOMINAL_BLOCK	NOT_ACTION_LICENSED	0	NONE	NONE	NONE	NONE	NONE	NONE	heißer Ansatz, Grad III	0	V68_WORDS_FROZEN__RELATION_METADATA_ONLY	NONE	NONE	NONE	NONE	NONE	heißer Ansatz, Grad III	0	V69_TOKEN_GLOSS_BYTE_IDENTICAL__SEPARATE_WINDOW_METADATA	0	NONE	NONE	NOT_IN_ACTION_SURFACE_SCAN	heißer Ansatz, Grad III	0	V70_TOKEN_GLOSS_BYTE_IDENTICAL__FRAME_REPLAY_METADATA_ONLY	NONE	NONE	NONE	NONE	heißer Ansatz, Grad III	0	PASS_V72_YKA_II_III_SISTER_FRAME__5_CASES_2_REPLAY_1_NEW_B_EDGE_2_HELD__AIIN_UNBOUND__ZERO_WORD_DELTA	NONE	NONE	NONE	NONE	NONE	heißer Ansatz, Grad III	0	PASS_V73_10_ANA_WINDOWS__1_EXACT_STATE_ONLY_2_WORKING_STATE_LIKE_2_DEICTIC__1_UNIQUE_CANDIDATE_1_NEW_B_EDGE__C011_OCCURRENCE_BOUND__ZERO_WORD_DELTA	NONE	NONE	NONE	NONE	NONE	NONE	heißer Ansatz, Grad III	0	PASS_V74_11_EDGES__9_CONNECTED_COMPONENTS__23_EDGE_NODES_2_HULL_ONLY_1_STRUCTURAL__ZERO_EDGE_WORD_DELTA	NONE	NONE	NONE	NONE	NONE	NONE	NONE	NONE	NONE	NONE	heißer Ansatz, Grad III	0	PASS_V75_11_TARGET_RIGHT_CONTEXTS__7_NOMINAL_3_ACTION_1_EOS__1_EXACT_WRITTEN_RESULT__2X2_DEFAULTS_REJECTED__C012_OCCURRENCE_BOUND__ZERO_WORD_DELTA	NONE	NONE	NONE	NONE	NONE	NONE	NONE	NONE	NONE	NONE	NONE	heißer Ansatz, Grad III	0	PASS_V76_83_ACTION_RIGHT_CONTEXTS__60_NOMINAL_15_ACTION_8_EOS__7_FINISHED_STATE_FIRSTS__3_LOCAL_READS_4_OPEN__C013_C014_ADDED__ZERO_WORD_DELTA
f114r	f114r.26	8	cheody	getrocknete Masse	getrocknete Masse	1	2	NOMINAL_BLOCK	NOT_ACTION_LICENSED	0	NONE	NONE	NONE	NONE	NONE	NONE	getrocknete Masse	0	V68_WORDS_FROZEN__RELATION_METADATA_ONLY	NONE	NONE	NONE	NONE	NONE	getrocknete Masse	0	V69_TOKEN_GLOSS_BYTE_IDENTICAL__SEPARATE_WINDOW_METADATA	0	NONE	NONE	NOT_IN_ACTION_SURFACE_SCAN	getrocknete Masse	0	V70_TOKEN_GLOSS_BYTE_IDENTICAL__FRAME_REPLAY_METADATA_ONLY	NONE	NONE	NONE	NONE	getrocknete Masse	0	PASS_V72_YKA_II_III_SISTER_FRAME__5_CASES_2_REPLAY_1_NEW_B_EDGE_2_HELD__AIIN_UNBOUND__ZERO_WORD_DELTA	NONE	NONE	NONE	NONE	NONE	getrocknete Masse	0	PASS_V73_10_ANA_WINDOWS__1_EXACT_STATE_ONLY_2_WORKING_STATE_LIKE_2_DEICTIC__1_UNIQUE_CANDIDATE_1_NEW_B_EDGE__C011_OCCURRENCE_BOUND__ZERO_WORD_DELTA	NONE	NONE	NONE	NONE	NONE	NONE	getrocknete Masse	0	PASS_V74_11_EDGES__9_CONNECTED_COMPONENTS__23_EDGE_NODES_2_HULL_ONLY_1_STRUCTURAL__ZERO_EDGE_WORD_DELTA	NONE	NONE	NONE	NONE	NONE	NONE	NONE	NONE	NONE	NONE	getrocknete Masse	0	PASS_V75_11_TARGET_RIGHT_CONTEXTS__7_NOMINAL_3_ACTION_1_EOS__1_EXACT_WRITTEN_RESULT__2X2_DEFAULTS_REJECTED__C012_OCCURRENCE_BOUND__ZERO_WORD_DELTA	NONE	NONE	NONE	NONE	NONE	NONE	NONE	NONE	NONE	NONE	NONE	getrocknete Masse	0	PASS_V76_83_ACTION_RIGHT_CONTEXTS__60_NOMINAL_15_ACTION_8_EOS__7_FINISHED_STATE_FIRSTS__3_LOCAL_READS_4_OPEN__C013_C014_ADDED__ZERO_WORD_DELTA
f114r	f114r.26	9	airoy	Grundansatz aus Drogenanteil II	Grundansatz aus Drogenanteil II	1	2	NOMINAL_BLOCK	NOT_ACTION_LICENSED	0	NONE	NONE	NONE	NONE	NONE	NONE	Grundansatz aus Drogenanteil II	0	V68_WORDS_FROZEN__RELATION_METADATA_ONLY	NONE	NONE	NONE	NONE	NONE	Grundansatz aus Drogenanteil II	0	V69_TOKEN_GLOSS_BYTE_IDENTICAL__SEPARATE_WINDOW_METADATA	0	NONE	NONE	NOT_IN_ACTION_SURFACE_SCAN	Grundansatz aus Drogenanteil II	0	V70_TOKEN_GLOSS_BYTE_IDENTICAL__FRAME_REPLAY_METADATA_ONLY	NONE	NONE	NONE	NONE	Grundansatz aus Drogenanteil II	0	PASS_V72_YKA_II_III_SISTER_FRAME__5_CASES_2_REPLAY_1_NEW_B_EDGE_2_HELD__AIIN_UNBOUND__ZERO_WORD_DELTA	NONE	NONE	NONE	NONE	NONE	Grundansatz aus Drogenanteil II	0	PASS_V73_10_ANA_WINDOWS__1_EXACT_STATE_ONLY_2_WORKING_STATE_LIKE_2_DEICTIC__1_UNIQUE_CANDIDATE_1_NEW_B_EDGE__C011_OCCURRENCE_BOUND__ZERO_WORD_DELTA	NONE	NONE	NONE	NONE	NONE	NONE	Grundansatz aus Drogenanteil II	0	PASS_V74_11_EDGES__9_CONNECTED_COMPONENTS__23_EDGE_NODES_2_HULL_ONLY_1_STRUCTURAL__ZERO_EDGE_WORD_DELTA	NONE	NONE	NONE	NONE	NONE	NONE	NONE	NONE	NONE	NONE	Grundansatz aus Drogenanteil II	0	PASS_V75_11_TARGET_RIGHT_CONTEXTS__7_NOMINAL_3_ACTION_1_EOS__1_EXACT_WRITTEN_RESULT__2X2_DEFAULTS_REJECTED__C012_OCCURRENCE_BOUND__ZERO_WORD_DELTA	NONE	NONE	NONE	NONE	NONE	NONE	NONE	NONE	NONE	NONE	NONE	Grundansatz aus Drogenanteil II	0	PASS_V76_83_ACTION_RIGHT_CONTEXTS__60_NOMINAL_15_ACTION_8_EOS__7_FINISHED_STATE_FIRSTS__3_LOCAL_READS_4_OPEN__C013_C014_ADDED__ZERO_WORD_DELTA
f114r	f114r.26	10	olam	ein Maß Holz	ein Maß Holz	1	2	NOMINAL_BLOCK	NOT_ACTION_LICENSED	0	NONE	NONE	NONE	NONE	NONE	NONE	ein Maß Holz	0	V68_WORDS_FROZEN__RELATION_METADATA_ONLY	NONE	NONE	NONE	NONE	NONE	ein Maß Holz	0	V69_TOKEN_GLOSS_BYTE_IDENTICAL__SEPARATE_WINDOW_METADATA	0	NONE	NONE	NOT_IN_ACTION_SURFACE_SCAN	ein Maß Holz	0	V70_TOKEN_GLOSS_BYTE_IDENTICAL__FRAME_REPLAY_METADATA_ONLY	NONE	NONE	NONE	NONE	ein Maß Holz	0	PASS_V72_YKA_II_III_SISTER_FRAME__5_CASES_2_REPLAY_1_NEW_B_EDGE_2_HELD__AIIN_UNBOUND__ZERO_WORD_DELTA	NONE	NONE	NONE	NONE	NONE	ein Maß Holz	0	PASS_V73_10_ANA_WINDOWS__1_EXACT_STATE_ONLY_2_WORKING_STATE_LIKE_2_DEICTIC__1_UNIQUE_CANDIDATE_1_NEW_B_EDGE__C011_OCCURRENCE_BOUND__ZERO_WORD_DELTA	NONE	NONE	NONE	NONE	NONE	NONE	ein Maß Holz	0	PASS_V74_11_EDGES__9_CONNECTED_COMPONENTS__23_EDGE_NODES_2_HULL_ONLY_1_STRUCTURAL__ZERO_EDGE_WORD_DELTA	NONE	NONE	NONE	NONE	NONE	NONE	NONE	NONE	NONE	NONE	ein Maß Holz	0	PASS_V75_11_TARGET_RIGHT_CONTEXTS__7_NOMINAL_3_ACTION_1_EOS__1_EXACT_WRITTEN_RESULT__2X2_DEFAULTS_REJECTED__C012_OCCURRENCE_BOUND__ZERO_WORD_DELTA	NONE	NONE	NONE	NONE	NONE	NONE	NONE	NONE	NONE	NONE	NONE	ein Maß Holz	0	PASS_V76_83_ACTION_RIGHT_CONTEXTS__60_NOMINAL_15_ACTION_8_EOS__7_FINISHED_STATE_FIRSTS__3_LOCAL_READS_4_OPEN__C013_C014_ADDED__ZERO_WORD_DELTA
f114v	f114v.36	1	tshey	kalt und feucht in der Mitte des Grades	kalt und feucht in der Mitte des Grades	1	1	NOMINAL_BLOCK	NOT_ACTION_LICENSED	0	NONE	NONE	NONE	NONE	NONE	NONE	kalt und feucht in der Mitte des Grades	0	V68_WORDS_FROZEN__RELATION_METADATA_ONLY	NONE	NONE	NONE	NONE	NONE	kalt und feucht in der Mitte des Grades	0	V69_TOKEN_GLOSS_BYTE_IDENTICAL__SEPARATE_WINDOW_METADATA	0	NONE	NONE	NOT_IN_ACTION_SURFACE_SCAN	kalt und feucht in der Mitte des Grades	0	V70_TOKEN_GLOSS_BYTE_IDENTICAL__FRAME_REPLAY_METADATA_ONLY	NONE	NONE	NONE	NONE	kalt und feucht in der Mitte des Grades	0	PASS_V72_YKA_II_III_SISTER_FRAME__5_CASES_2_REPLAY_1_NEW_B_EDGE_2_HELD__AIIN_UNBOUND__ZERO_WORD_DELTA	NONE	NONE	NONE	NONE	NONE	kalt und feucht in der Mitte des Grades	0	PASS_V73_10_ANA_WINDOWS__1_EXACT_STATE_ONLY_2_WORKING_STATE_LIKE_2_DEICTIC__1_UNIQUE_CANDIDATE_1_NEW_B_EDGE__C011_OCCURRENCE_BOUND__ZERO_WORD_DELTA	NONE	NONE	NONE	NONE	NONE	NONE	kalt und feucht in der Mitte des Grades	0	PASS_V74_11_EDGES__9_CONNECTED_COMPONENTS__23_EDGE_NODES_2_HULL_ONLY_1_STRUCTURAL__ZERO_EDGE_WORD_DELTA	NONE	NONE	NONE	NONE	NONE	NONE	NONE	NONE	NONE	NONE	kalt und feucht in der Mitte des Grades	0	PASS_V75_11_TARGET_RIGHT_CONTEXTS__7_NOMINAL_3_ACTION_1_EOS__1_EXACT_WRITTEN_RESULT__2X2_DEFAULTS_REJECTED__C012_OCCURRENCE_BOUND__ZERO_WORD_DELTA	NONE	NONE	NONE	NONE	NONE	NONE	NONE	NONE	NONE	NONE	NONE	kalt und feucht in der Mitte des Grades	0	PASS_V76_83_ACTION_RIGHT_CONTEXTS__60_NOMINAL_15_ACTION_8_EOS__7_FINISHED_STATE_FIRSTS__3_LOCAL_READS_4_OPEN__C013_C014_ADDED__ZERO_WORD_DELTA
f114v	f114v.36	2	oidal	abgemessene Rohstoffmenge I im Grundansatz	abgemessene Rohstoffmenge I im Grundansatz	1	1	NOMINAL_BLOCK	NOT_ACTION_LICENSED	0	NONE	NONE	NONE	NONE	NONE	NONE	abgemessene Rohstoffmenge I im Grundansatz	0	V68_WORDS_FROZEN__RELATION_METADATA_ONLY	NONE	NONE	NONE	NONE	NONE	abgemessene Rohstoffmenge I im Grundansatz	0	V69_TOKEN_GLOSS_BYTE_IDENTICAL__SEPARATE_WINDOW_METADATA	0	NONE	NONE	NOT_IN_ACTION_SURFACE_SCAN	abgemessene Rohstoffmenge I im Grundansatz	0	V70_TOKEN_GLOSS_BYTE_IDENTICAL__FRAME_REPLAY_METADATA_ONLY	NONE	NONE	NONE	NONE	abgemessene Rohstoffmenge I im Grundansatz	0	PASS_V72_YKA_II_III_SISTER_FRAME__5_CASES_2_REPLAY_1_NEW_B_EDGE_2_HELD__AIIN_UNBOUND__ZERO_WORD_DELTA	NONE	NONE	NONE	NONE	NONE	abgemessene Rohstoffmenge I im Grundansatz	0	PASS_V73_10_ANA_WINDOWS__1_EXACT_STATE_ONLY_2_WORKING_STATE_LIKE_2_DEICTIC__1_UNIQUE_CANDIDATE_1_NEW_B_EDGE__C011_OCCURRENCE_BOUND__ZERO_WORD_DELTA	NONE	NONE	NONE	NONE	NONE	NONE	abgemessene Rohstoffmenge I im Grundansatz	0	PASS_V74_11_EDGES__9_CONNECTED_COMPONENTS__23_EDGE_NODES_2_HULL_ONLY_1_STRUCTURAL__ZERO_EDGE_WORD_DELTA	NONE	NONE	NONE	NONE	NONE	NONE	NONE	NONE	NONE	NONE	abgemessene Rohstoffmenge I im Grundansatz	0	PASS_V75_11_TARGET_RIGHT_CONTEXTS__7_NOMINAL_3_ACTION_1_EOS__1_EXACT_WRITTEN_RESULT__2X2_DEFAULTS_REJECTED__C012_OCCURRENCE_BOUND__ZERO_WORD_DELTA	NONE	NONE	NONE	NONE	NONE	NONE	NONE	NONE	NONE	NONE	NONE	abgemessene Rohstoffmenge I im Grundansatz	0	PASS_V76_83_ACTION_RIGHT_CONTEXTS__60_NOMINAL_15_ACTION_8_EOS__7_FINISHED_STATE_FIRSTS__3_LOCAL_READS_4_OPEN__C013_C014_ADDED__ZERO_WORD_DELTA
f114v	f114v.36	3	op	Pulverzubereitung	Pulverzubereitung	1	1	NOMINAL_BLOCK	NOT_ACTION_LICENSED	0	NONE	NONE	NONE	NONE	NONE	NONE	Pulverzubereitung	0	V68_WORDS_FROZEN__RELATION_METADATA_ONLY	NONE	NONE	NONE	NONE	NONE	Pulverzubereitung	0	V69_TOKEN_GLOSS_BYTE_IDENTICAL__SEPARATE_WINDOW_METADATA	0	NONE	NONE	NOT_IN_ACTION_SURFACE_SCAN	Pulverzubereitung	0	V70_TOKEN_GLOSS_BYTE_IDENTICAL__FRAME_REPLAY_METADATA_ONLY	NONE	NONE	NONE	NONE	Pulverzubereitung	0	PASS_V72_YKA_II_III_SISTER_FRAME__5_CASES_2_REPLAY_1_NEW_B_EDGE_2_HELD__AIIN_UNBOUND__ZERO_WORD_DELTA	NONE	NONE	NONE	NONE	NONE	Pulverzubereitung	0	PASS_V73_10_ANA_WINDOWS__1_EXACT_STATE_ONLY_2_WORKING_STATE_LIKE_2_DEICTIC__1_UNIQUE_CANDIDATE_1_NEW_B_EDGE__C011_OCCURRENCE_BOUND__ZERO_WORD_DELTA	NONE	NONE	NONE	NONE	NONE	NONE	Pulverzubereitung	0	PASS_V74_11_EDGES__9_CONNECTED_COMPONENTS__23_EDGE_NODES_2_HULL_ONLY_1_STRUCTURAL__ZERO_EDGE_WORD_DELTA	NONE	NONE	NONE	NONE	NONE	NONE	NONE	NONE	NONE	NONE	Pulverzubereitung	0	PASS_V75_11_TARGET_RIGHT_CONTEXTS__7_NOMINAL_3_ACTION_1_EOS__1_EXACT_WRITTEN_RESULT__2X2_DEFAULTS_REJECTED__C012_OCCURRENCE_BOUND__ZERO_WORD_DELTA	NONE	NONE	NONE	NONE	NONE	NONE	NONE	NONE	NONE	NONE	NONE	Pulverzubereitung	0	PASS_V76_83_ACTION_RIGHT_CONTEXTS__60_NOMINAL_15_ACTION_8_EOS__7_FINISHED_STATE_FIRSTS__3_LOCAL_READS_4_OPEN__C013_C014_ADDED__ZERO_WORD_DELTA
f114v	f114v.36	4	shoko	erhitztes Mazerat	erhitztes Mazerat	1	1	NOMINAL_BLOCK	NOT_ACTION_LICENSED	0	NONE	NONE	NONE	NONE	NONE	NONE	erhitztes Mazerat	0	V68_WORDS_FROZEN__RELATION_METADATA_ONLY	NONE	NONE	NONE	NONE	NONE	erhitztes Mazerat	0	V69_TOKEN_GLOSS_BYTE_IDENTICAL__SEPARATE_WINDOW_METADATA	0	NONE	NONE	NOT_IN_ACTION_SURFACE_SCAN	erhitztes Mazerat	0	V70_TOKEN_GLOSS_BYTE_IDENTICAL__FRAME_REPLAY_METADATA_ONLY	NONE	NONE	NONE	NONE	erhitztes Mazerat	0	PASS_V72_YKA_II_III_SISTER_FRAME__5_CASES_2_REPLAY_1_NEW_B_EDGE_2_HELD__AIIN_UNBOUND__ZERO_WORD_DELTA	NONE	NONE	NONE	NONE	NONE	erhitztes Mazerat	0	PASS_V73_10_ANA_WINDOWS__1_EXACT_STATE_ONLY_2_WORKING_STATE_LIKE_2_DEICTIC__1_UNIQUE_CANDIDATE_1_NEW_B_EDGE__C011_OCCURRENCE_BOUND__ZERO_WORD_DELTA	NONE	NONE	NONE	NONE	NONE	NONE	erhitztes Mazerat	0	PASS_V74_11_EDGES__9_CONNECTED_COMPONENTS__23_EDGE_NODES_2_HULL_ONLY_1_STRUCTURAL__ZERO_EDGE_WORD_DELTA	NONE	NONE	NONE	NONE	NONE	NONE	NONE	NONE	NONE	NONE	erhitztes Mazerat	0	PASS_V75_11_TARGET_RIGHT_CONTEXTS__7_NOMINAL_3_ACTION_1_EOS__1_EXACT_WRITTEN_RESULT__2X2_DEFAULTS_REJECTED__C012_OCCURRENCE_BOUND__ZERO_WORD_DELTA	NONE	NONE	NONE	NONE	NONE	NONE	NONE	NONE	NONE	NONE	NONE	erhitztes Mazerat	0	PASS_V76_83_ACTION_RIGHT_CONTEXTS__60_NOMINAL_15_ACTION_8_EOS__7_FINISHED_STATE_FIRSTS__3_LOCAL_READS_4_OPEN__C013_C014_ADDED__ZERO_WORD_DELTA
f114v	f114v.36	5	otchey	kalt-trockene Zubereitung in der Mitte des Grades	kalt-trockene Zubereitung in der Mitte des Grades	1	1	NOMINAL_BLOCK	NOT_ACTION_LICENSED	0	NONE	NONE	NONE	NONE	NONE	NONE	kalt-trockene Zubereitung in der Mitte des Grades	0	V68_WORDS_FROZEN__RELATION_METADATA_ONLY	NONE	NONE	NONE	NONE	NONE	kalt-trockene Zubereitung in der Mitte des Grades	0	V69_TOKEN_GLOSS_BYTE_IDENTICAL__SEPARATE_WINDOW_METADATA	0	NONE	NONE	NOT_IN_ACTION_SURFACE_SCAN	kalt-trockene Zubereitung in der Mitte des Grades	0	V70_TOKEN_GLOSS_BYTE_IDENTICAL__FRAME_REPLAY_METADATA_ONLY	NONE	NONE	NONE	NONE	kalt-trockene Zubereitung in der Mitte des Grades	0	PASS_V72_YKA_II_III_SISTER_FRAME__5_CASES_2_REPLAY_1_NEW_B_EDGE_2_HELD__AIIN_UNBOUND__ZERO_WORD_DELTA	NONE	NONE	NONE	NONE	NONE	kalt-trockene Zubereitung in der Mitte des Grades	0	PASS_V73_10_ANA_WINDOWS__1_EXACT_STATE_ONLY_2_WORKING_STATE_LIKE_2_DEICTIC__1_UNIQUE_CANDIDATE_1_NEW_B_EDGE__C011_OCCURRENCE_BOUND__ZERO_WORD_DELTA	NONE	NONE	NONE	NONE	NONE	NONE	kalt-trockene Zubereitung in der Mitte des Grades	0	PASS_V74_11_EDGES__9_CONNECTED_COMPONENTS__23_EDGE_NODES_2_HULL_ONLY_1_STRUCTURAL__ZERO_EDGE_WORD_DELTA	NONE	NONE	NONE	NONE	NONE	NONE	NONE	NONE	NONE	NONE	kalt-trockene Zubereitung in der Mitte des Grades	0	PASS_V75_11_TARGET_RIGHT_CONTEXTS__7_NOMINAL_3_ACTION_1_EOS__1_EXACT_WRITTEN_RESULT__2X2_DEFAULTS_REJECTED__C012_OCCURRENCE_BOUND__ZERO_WORD_DELTA	NONE	NONE	NONE	NONE	NONE	NONE	NONE	NONE	NONE	NONE	NONE	kalt-trockene Zubereitung in der Mitte des Grades	0	PASS_V76_83_ACTION_RIGHT_CONTEXTS__60_NOMINAL_15_ACTION_8_EOS__7_FINISHED_STATE_FIRSTS__3_LOCAL_READS_4_OPEN__C013_C014_ADDED__ZERO_WORD_DELTA
f114v	f114v.36	6	qopchol	nimm getrockneten Pulverstoff	nimm getrockneten Pulverstoff	1	2	ACTION_CLAUSE	GDT689_V62_ACTION_ORDINAL	1	NONE	NONE	NONE	NONE	NONE	NONE	nimm getrockneten Pulverstoff	0	V68_WORDS_FROZEN__RELATION_METADATA_ONLY	NONE	NONE	NONE	NONE	NONE	nimm getrockneten Pulverstoff	0	V69_TOKEN_GLOSS_BYTE_IDENTICAL__SEPARATE_WINDOW_METADATA	0	NONE	NONE	NOT_IN_ACTION_SURFACE_SCAN	nimm getrockneten Pulverstoff	0	V70_TOKEN_GLOSS_BYTE_IDENTICAL__FRAME_REPLAY_METADATA_ONLY	NONE	NONE	NONE	NONE	nimm getrockneten Pulverstoff	0	PASS_V72_YKA_II_III_SISTER_FRAME__5_CASES_2_REPLAY_1_NEW_B_EDGE_2_HELD__AIIN_UNBOUND__ZERO_WORD_DELTA	NONE	NONE	NONE	NONE	NONE	nimm getrockneten Pulverstoff	0	PASS_V73_10_ANA_WINDOWS__1_EXACT_STATE_ONLY_2_WORKING_STATE_LIKE_2_DEICTIC__1_UNIQUE_CANDIDATE_1_NEW_B_EDGE__C011_OCCURRENCE_BOUND__ZERO_WORD_DELTA	NONE	NONE	NONE	NONE	NONE	NONE	nimm getrockneten Pulverstoff	0	PASS_V74_11_EDGES__9_CONNECTED_COMPONENTS__23_EDGE_NODES_2_HULL_ONLY_1_STRUCTURAL__ZERO_EDGE_WORD_DELTA	NONE	NONE	NONE	NONE	NONE	NONE	NONE	NONE	NONE	NONE	nimm getrockneten Pulverstoff	0	PASS_V75_11_TARGET_RIGHT_CONTEXTS__7_NOMINAL_3_ACTION_1_EOS__1_EXACT_WRITTEN_RESULT__2X2_DEFAULTS_REJECTED__C012_OCCURRENCE_BOUND__ZERO_WORD_DELTA	A020	ACTION_CLAUSE:A020	NONE	NONE	NONE	NONE	NONE	NONE	NONE	NONE	NONE	nimm getrockneten Pulverstoff	0	PASS_V76_83_ACTION_RIGHT_CONTEXTS__60_NOMINAL_15_ACTION_8_EOS__7_FINISHED_STATE_FIRSTS__3_LOCAL_READS_4_OPEN__C013_C014_ADDED__ZERO_WORD_DELTA
f114v	f114v.36	7	qopaiin	drei Teile Pulverzubereitung nehmen	drei Teile Pulverzubereitung nehmen	1	3	ACTION_CLAUSE	GDT689_V62_ACTION_ORDINAL	1	NONE	NONE	NONE	NONE	NONE	NONE	drei Teile Pulverzubereitung nehmen	0	V68_WORDS_FROZEN__RELATION_METADATA_ONLY	NONE	NONE	NONE	NONE	NONE	drei Teile Pulverzubereitung nehmen	0	V69_TOKEN_GLOSS_BYTE_IDENTICAL__SEPARATE_WINDOW_METADATA	0	NONE	NONE	NOT_IN_ACTION_SURFACE_SCAN	drei Teile Pulverzubereitung nehmen	0	V70_TOKEN_GLOSS_BYTE_IDENTICAL__FRAME_REPLAY_METADATA_ONLY	NONE	NONE	NONE	NONE	drei Teile Pulverzubereitung nehmen	0	PASS_V72_YKA_II_III_SISTER_FRAME__5_CASES_2_REPLAY_1_NEW_B_EDGE_2_HELD__AIIN_UNBOUND__ZERO_WORD_DELTA	NONE	NONE	NONE	NONE	NONE	drei Teile Pulverzubereitung nehmen	0	PASS_V73_10_ANA_WINDOWS__1_EXACT_STATE_ONLY_2_WORKING_STATE_LIKE_2_DEICTIC__1_UNIQUE_CANDIDATE_1_NEW_B_EDGE__C011_OCCURRENCE_BOUND__ZERO_WORD_DELTA	NONE	NONE	NONE	NONE	NONE	NONE	drei Teile Pulverzubereitung nehmen	0	PASS_V74_11_EDGES__9_CONNECTED_COMPONENTS__23_EDGE_NODES_2_HULL_ONLY_1_STRUCTURAL__ZERO_EDGE_WORD_DELTA	NONE	NONE	NONE	NONE	NONE	NONE	NONE	NONE	NONE	NONE	drei Teile Pulverzubereitung nehmen	0	PASS_V75_11_TARGET_RIGHT_CONTEXTS__7_NOMINAL_3_ACTION_1_EOS__1_EXACT_WRITTEN_RESULT__2X2_DEFAULTS_REJECTED__C012_OCCURRENCE_BOUND__ZERO_WORD_DELTA	A020|A021	ACTION_CLAUSE:A021|FIRST_RIGHT_ITEM:A020	NONE	NONE	NONE	NONE	NONE	NONE	NONE	NONE	NONE	drei Teile Pulverzubereitung nehmen	0	PASS_V76_83_ACTION_RIGHT_CONTEXTS__60_NOMINAL_15_ACTION_8_EOS__7_FINISHED_STATE_FIRSTS__3_LOCAL_READS_4_OPEN__C013_C014_ADDED__ZERO_WORD_DELTA
f114v	f114v.36	8	qotar	kalter Drogenanteil I	kalter Drogenanteil I	1	4	NOMINAL_BLOCK	NOT_ACTION_LICENSED	0	NONE	NONE	NONE	NONE	NONE	NONE	kalter Drogenanteil I	0	V68_WORDS_FROZEN__RELATION_METADATA_ONLY	NONE	NONE	NONE	NONE	NONE	kalter Drogenanteil I	0	V69_TOKEN_GLOSS_BYTE_IDENTICAL__SEPARATE_WINDOW_METADATA	0	NONE	NONE	NOT_IN_ACTION_SURFACE_SCAN	kalter Drogenanteil I	0	V70_TOKEN_GLOSS_BYTE_IDENTICAL__FRAME_REPLAY_METADATA_ONLY	NONE	NONE	NONE	NONE	kalter Drogenanteil I	0	PASS_V72_YKA_II_III_SISTER_FRAME__5_CASES_2_REPLAY_1_NEW_B_EDGE_2_HELD__AIIN_UNBOUND__ZERO_WORD_DELTA	NONE	NONE	NONE	NONE	NONE	kalter Drogenanteil I	0	PASS_V73_10_ANA_WINDOWS__1_EXACT_STATE_ONLY_2_WORKING_STATE_LIKE_2_DEICTIC__1_UNIQUE_CANDIDATE_1_NEW_B_EDGE__C011_OCCURRENCE_BOUND__ZERO_WORD_DELTA	NONE	NONE	NONE	NONE	NONE	NONE	kalter Drogenanteil I	0	PASS_V74_11_EDGES__9_CONNECTED_COMPONENTS__23_EDGE_NODES_2_HULL_ONLY_1_STRUCTURAL__ZERO_EDGE_WORD_DELTA	NONE	NONE	NONE	NONE	NONE	NONE	NONE	NONE	NONE	NONE	kalter Drogenanteil I	0	PASS_V75_11_TARGET_RIGHT_CONTEXTS__7_NOMINAL_3_ACTION_1_EOS__1_EXACT_WRITTEN_RESULT__2X2_DEFAULTS_REJECTED__C012_OCCURRENCE_BOUND__ZERO_WORD_DELTA	A021	FIRST_RIGHT_ITEM:A021	NONE	NONE	NONE	NONE	NONE	NONE	NONE	NONE	NONE	kalter Drogenanteil I	0	PASS_V76_83_ACTION_RIGHT_CONTEXTS__60_NOMINAL_15_ACTION_8_EOS__7_FINISHED_STATE_FIRSTS__3_LOCAL_READS_4_OPEN__C013_C014_ADDED__ZERO_WORD_DELTA
f114v	f114v.36	9	al	Rohstoffklasse I	Rohstoffklasse I	1	4	NOMINAL_BLOCK	NOT_ACTION_LICENSED	0	NONE	NONE	NONE	NONE	NONE	NONE	Rohstoffklasse I	0	V68_WORDS_FROZEN__RELATION_METADATA_ONLY	NONE	NONE	NONE	NONE	NONE	Rohstoffklasse I	0	V69_TOKEN_GLOSS_BYTE_IDENTICAL__SEPARATE_WINDOW_METADATA	0	NONE	NONE	NOT_IN_ACTION_SURFACE_SCAN	Rohstoffklasse I	0	V70_TOKEN_GLOSS_BYTE_IDENTICAL__FRAME_REPLAY_METADATA_ONLY	NONE	NONE	NONE	NONE	Rohstoffklasse I	0	PASS_V72_YKA_II_III_SISTER_FRAME__5_CASES_2_REPLAY_1_NEW_B_EDGE_2_HELD__AIIN_UNBOUND__ZERO_WORD_DELTA	NONE	NONE	NONE	NONE	NONE	Rohstoffklasse I	0	PASS_V73_10_ANA_WINDOWS__1_EXACT_STATE_ONLY_2_WORKING_STATE_LIKE_2_DEICTIC__1_UNIQUE_CANDIDATE_1_NEW_B_EDGE__C011_OCCURRENCE_BOUND__ZERO_WORD_DELTA	NONE	NONE	NONE	NONE	NONE	NONE	Rohstoffklasse I	0	PASS_V74_11_EDGES__9_CONNECTED_COMPONENTS__23_EDGE_NODES_2_HULL_ONLY_1_STRUCTURAL__ZERO_EDGE_WORD_DELTA	NONE	NONE	NONE	NONE	NONE	NONE	NONE	NONE	NONE	NONE	Rohstoffklasse I	0	PASS_V75_11_TARGET_RIGHT_CONTEXTS__7_NOMINAL_3_ACTION_1_EOS__1_EXACT_WRITTEN_RESULT__2X2_DEFAULTS_REJECTED__C012_OCCURRENCE_BOUND__ZERO_WORD_DELTA	NONE	NONE	NONE	NONE	NONE	NONE	NONE	NONE	NONE	NONE	NONE	Rohstoffklasse I	0	PASS_V76_83_ACTION_RIGHT_CONTEXTS__60_NOMINAL_15_ACTION_8_EOS__7_FINISHED_STATE_FIRSTS__3_LOCAL_READS_4_OPEN__C013_C014_ADDED__ZERO_WORD_DELTA
f114v	f114v.36	10	kal	Rohstoffklasse I, heiß am Gradanfang	Rohstoffklasse I, heiß am Gradanfang	1	4	NOMINAL_BLOCK	NOT_ACTION_LICENSED	0	NONE	NONE	NONE	NONE	NONE	NONE	Rohstoffklasse I, heiß am Gradanfang	0	V68_WORDS_FROZEN__RELATION_METADATA_ONLY	NONE	NONE	NONE	NONE	NONE	Rohstoffklasse I, heiß am Gradanfang	0	V69_TOKEN_GLOSS_BYTE_IDENTICAL__SEPARATE_WINDOW_METADATA	0	NONE	NONE	NOT_IN_ACTION_SURFACE_SCAN	Rohstoffklasse I, heiß am Gradanfang	0	V70_TOKEN_GLOSS_BYTE_IDENTICAL__FRAME_REPLAY_METADATA_ONLY	NONE	NONE	NONE	NONE	Rohstoffklasse I, heiß am Gradanfang	0	PASS_V72_YKA_II_III_SISTER_FRAME__5_CASES_2_REPLAY_1_NEW_B_EDGE_2_HELD__AIIN_UNBOUND__ZERO_WORD_DELTA	NONE	NONE	NONE	NONE	NONE	Rohstoffklasse I, heiß am Gradanfang	0	PASS_V73_10_ANA_WINDOWS__1_EXACT_STATE_ONLY_2_WORKING_STATE_LIKE_2_DEICTIC__1_UNIQUE_CANDIDATE_1_NEW_B_EDGE__C011_OCCURRENCE_BOUND__ZERO_WORD_DELTA	NONE	NONE	NONE	NONE	NONE	NONE	Rohstoffklasse I, heiß am Gradanfang	0	PASS_V74_11_EDGES__9_CONNECTED_COMPONENTS__23_EDGE_NODES_2_HULL_ONLY_1_STRUCTURAL__ZERO_EDGE_WORD_DELTA	NONE	NONE	NONE	NONE	NONE	NONE	NONE	NONE	NONE	NONE	Rohstoffklasse I, heiß am Gradanfang	0	PASS_V75_11_TARGET_RIGHT_CONTEXTS__7_NOMINAL_3_ACTION_1_EOS__1_EXACT_WRITTEN_RESULT__2X2_DEFAULTS_REJECTED__C012_OCCURRENCE_BOUND__ZERO_WORD_DELTA	NONE	NONE	NONE	NONE	NONE	NONE	NONE	NONE	NONE	NONE	NONE	Rohstoffklasse I, heiß am Gradanfang	0	PASS_V76_83_ACTION_RIGHT_CONTEXTS__60_NOMINAL_15_ACTION_8_EOS__7_FINISHED_STATE_FIRSTS__3_LOCAL_READS_4_OPEN__C013_C014_ADDED__ZERO_WORD_DELTA
f114v	f114v.36	11	ram	ein Maß Wurzel	ein Maß Wurzel	1	4	NOMINAL_BLOCK	NOT_ACTION_LICENSED	0	NONE	NONE	NONE	NONE	NONE	NONE	ein Maß Wurzel	0	V68_WORDS_FROZEN__RELATION_METADATA_ONLY	NONE	NONE	NONE	NONE	NONE	ein Maß Wurzel	0	V69_TOKEN_GLOSS_BYTE_IDENTICAL__SEPARATE_WINDOW_METADATA	0	NONE	NONE	NOT_IN_ACTION_SURFACE_SCAN	ein Maß Wurzel	0	V70_TOKEN_GLOSS_BYTE_IDENTICAL__FRAME_REPLAY_METADATA_ONLY	NONE	NONE	NONE	NONE	ein Maß Wurzel	0	PASS_V72_YKA_II_III_SISTER_FRAME__5_CASES_2_REPLAY_1_NEW_B_EDGE_2_HELD__AIIN_UNBOUND__ZERO_WORD_DELTA	NONE	NONE	NONE	NONE	NONE	ein Maß Wurzel	0	PASS_V73_10_ANA_WINDOWS__1_EXACT_STATE_ONLY_2_WORKING_STATE_LIKE_2_DEICTIC__1_UNIQUE_CANDIDATE_1_NEW_B_EDGE__C011_OCCURRENCE_BOUND__ZERO_WORD_DELTA	NONE	NONE	NONE	NONE	NONE	NONE	ein Maß Wurzel	0	PASS_V74_11_EDGES__9_CONNECTED_COMPONENTS__23_EDGE_NODES_2_HULL_ONLY_1_STRUCTURAL__ZERO_EDGE_WORD_DELTA	NONE	NONE	NONE	NONE	NONE	NONE	NONE	NONE	NONE	NONE	ein Maß Wurzel	0	PASS_V75_11_TARGET_RIGHT_CONTEXTS__7_NOMINAL_3_ACTION_1_EOS__1_EXACT_WRITTEN_RESULT__2X2_DEFAULTS_REJECTED__C012_OCCURRENCE_BOUND__ZERO_WORD_DELTA	NONE	NONE	NONE	NONE	NONE	NONE	NONE	NONE	NONE	NONE	NONE	ein Maß Wurzel	0	PASS_V76_83_ACTION_RIGHT_CONTEXTS__60_NOMINAL_15_ACTION_8_EOS__7_FINISHED_STATE_FIRSTS__3_LOCAL_READS_4_OPEN__C013_C014_ADDED__ZERO_WORD_DELTA
f115r	f115r.1	1	fdar	Blütenanteil I abmessen	Blütenanteil I abmessen	1	1	ACTION_CLAUSE	GDT689_V62_ACTION_ORDINAL	1	NONE	NONE	NONE	NONE	NONE	NONE	Blütenanteil I abmessen	0	V68_WORDS_FROZEN__RELATION_METADATA_ONLY	NONE	NONE	NONE	NONE	NONE	Blütenanteil I abmessen	0	V69_TOKEN_GLOSS_BYTE_IDENTICAL__SEPARATE_WINDOW_METADATA	0	NONE	NONE	NOT_IN_ACTION_SURFACE_SCAN	Blütenanteil I abmessen	0	V70_TOKEN_GLOSS_BYTE_IDENTICAL__FRAME_REPLAY_METADATA_ONLY	NONE	NONE	NONE	NONE	Blütenanteil I abmessen	0	PASS_V72_YKA_II_III_SISTER_FRAME__5_CASES_2_REPLAY_1_NEW_B_EDGE_2_HELD__AIIN_UNBOUND__ZERO_WORD_DELTA	NONE	NONE	NONE	NONE	NONE	Blütenanteil I abmessen	0	PASS_V73_10_ANA_WINDOWS__1_EXACT_STATE_ONLY_2_WORKING_STATE_LIKE_2_DEICTIC__1_UNIQUE_CANDIDATE_1_NEW_B_EDGE__C011_OCCURRENCE_BOUND__ZERO_WORD_DELTA	NONE	NONE	NONE	NONE	NONE	NONE	Blütenanteil I abmessen	0	PASS_V74_11_EDGES__9_CONNECTED_COMPONENTS__23_EDGE_NODES_2_HULL_ONLY_1_STRUCTURAL__ZERO_EDGE_WORD_DELTA	NONE	NONE	NONE	NONE	NONE	NONE	NONE	NONE	NONE	NONE	Blütenanteil I abmessen	0	PASS_V75_11_TARGET_RIGHT_CONTEXTS__7_NOMINAL_3_ACTION_1_EOS__1_EXACT_WRITTEN_RESULT__2X2_DEFAULTS_REJECTED__C012_OCCURRENCE_BOUND__ZERO_WORD_DELTA	A022	ACTION_CLAUSE:A022	NONE	NONE	NONE	NONE	NONE	NONE	NONE	NONE	NONE	Blütenanteil I abmessen	0	PASS_V76_83_ACTION_RIGHT_CONTEXTS__60_NOMINAL_15_ACTION_8_EOS__7_FINISHED_STATE_FIRSTS__3_LOCAL_READS_4_OPEN__C013_C014_ADDED__ZERO_WORD_DELTA
f115r	f115r.1	2	qopchol	nimm getrockneten Pulverstoff	nimm getrockneten Pulverstoff	1	2	ACTION_CLAUSE	GDT689_V62_ACTION_ORDINAL	1	NONE	NONE	NONE	NONE	NONE	NONE	nimm getrockneten Pulverstoff	0	V68_WORDS_FROZEN__RELATION_METADATA_ONLY	NONE	NONE	NONE	NONE	NONE	nimm getrockneten Pulverstoff	0	V69_TOKEN_GLOSS_BYTE_IDENTICAL__SEPARATE_WINDOW_METADATA	0	NONE	NONE	NOT_IN_ACTION_SURFACE_SCAN	nimm getrockneten Pulverstoff	0	V70_TOKEN_GLOSS_BYTE_IDENTICAL__FRAME_REPLAY_METADATA_ONLY	NONE	NONE	NONE	NONE	nimm getrockneten Pulverstoff	0	PASS_V72_YKA_II_III_SISTER_FRAME__5_CASES_2_REPLAY_1_NEW_B_EDGE_2_HELD__AIIN_UNBOUND__ZERO_WORD_DELTA	NONE	NONE	NONE	NONE	NONE	nimm getrockneten Pulverstoff	0	PASS_V73_10_ANA_WINDOWS__1_EXACT_STATE_ONLY_2_WORKING_STATE_LIKE_2_DEICTIC__1_UNIQUE_CANDIDATE_1_NEW_B_EDGE__C011_OCCURRENCE_BOUND__ZERO_WORD_DELTA	NONE	NONE	NONE	NONE	NONE	NONE	nimm getrockneten Pulverstoff	0	PASS_V74_11_EDGES__9_CONNECTED_COMPONENTS__23_EDGE_NODES_2_HULL_ONLY_1_STRUCTURAL__ZERO_EDGE_WORD_DELTA	NONE	NONE	NONE	NONE	NONE	NONE	NONE	NONE	NONE	NONE	nimm getrockneten Pulverstoff	0	PASS_V75_11_TARGET_RIGHT_CONTEXTS__7_NOMINAL_3_ACTION_1_EOS__1_EXACT_WRITTEN_RESULT__2X2_DEFAULTS_REJECTED__C012_OCCURRENCE_BOUND__ZERO_WORD_DELTA	A022|A023	ACTION_CLAUSE:A023|FIRST_RIGHT_ITEM:A022	NONE	NONE	NONE	NONE	NONE	NONE	NONE	NONE	NONE	nimm getrockneten Pulverstoff	0	PASS_V76_83_ACTION_RIGHT_CONTEXTS__60_NOMINAL_15_ACTION_8_EOS__7_FINISHED_STATE_FIRSTS__3_LOCAL_READS_4_OPEN__C013_C014_ADDED__ZERO_WORD_DELTA
f115r	f115r.1	3	qochedain	zwei Dosen bis zur Mittelstufe getrocknetes Gut abmessen	zwei Dosen bis zur Mittelstufe getrocknetes Gut abmessen	1	3	ACTION_CLAUSE	GDT689_V62_ACTION_ORDINAL	1	NONE	NONE	NONE	NONE	NONE	NONE	zwei Dosen bis zur Mittelstufe getrocknetes Gut abmessen	0	V68_WORDS_FROZEN__RELATION_METADATA_ONLY	NONE	NONE	NONE	NONE	NONE	zwei Dosen bis zur Mittelstufe getrocknetes Gut abmessen	0	V69_TOKEN_GLOSS_BYTE_IDENTICAL__SEPARATE_WINDOW_METADATA	0	NONE	NONE	NOT_IN_ACTION_SURFACE_SCAN	zwei Dosen bis zur Mittelstufe getrocknetes Gut abmessen	0	V70_TOKEN_GLOSS_BYTE_IDENTICAL__FRAME_REPLAY_METADATA_ONLY	NONE	NONE	NONE	NONE	zwei Dosen bis zur Mittelstufe getrocknetes Gut abmessen	0	PASS_V72_YKA_II_III_SISTER_FRAME__5_CASES_2_REPLAY_1_NEW_B_EDGE_2_HELD__AIIN_UNBOUND__ZERO_WORD_DELTA	NONE	NONE	NONE	NONE	NONE	zwei Dosen bis zur Mittelstufe getrocknetes Gut abmessen	0	PASS_V73_10_ANA_WINDOWS__1_EXACT_STATE_ONLY_2_WORKING_STATE_LIKE_2_DEICTIC__1_UNIQUE_CANDIDATE_1_NEW_B_EDGE__C011_OCCURRENCE_BOUND__ZERO_WORD_DELTA	NONE	NONE	NONE	NONE	NONE	NONE	zwei Dosen bis zur Mittelstufe getrocknetes Gut abmessen	0	PASS_V74_11_EDGES__9_CONNECTED_COMPONENTS__23_EDGE_NODES_2_HULL_ONLY_1_STRUCTURAL__ZERO_EDGE_WORD_DELTA	NONE	NONE	NONE	NONE	NONE	NONE	NONE	NONE	NONE	NONE	zwei Dosen bis zur Mittelstufe getrocknetes Gut abmessen	0	PASS_V75_11_TARGET_RIGHT_CONTEXTS__7_NOMINAL_3_ACTION_1_EOS__1_EXACT_WRITTEN_RESULT__2X2_DEFAULTS_REJECTED__C012_OCCURRENCE_BOUND__ZERO_WORD_DELTA	A023|A024	ACTION_CLAUSE:A024|FIRST_RIGHT_ITEM:A023	F004	HOLD_OPEN	NONE	NONE	NONE	NONE	NONE	NONE	NONE	zwei Dosen bis zur Mittelstufe getrocknetes Gut abmessen	0	PASS_V76_83_ACTION_RIGHT_CONTEXTS__60_NOMINAL_15_ACTION_8_EOS__7_FINISHED_STATE_FIRSTS__3_LOCAL_READS_4_OPEN__C013_C014_ADDED__ZERO_WORD_DELTA
f115r	f115r.1	4	otedy	kalter Ansatz, Mittelstufe erreicht	kalter Ansatz, Mittelstufe erreicht	1	4	NOMINAL_BLOCK	NOT_ACTION_LICENSED	0	NONE	NONE	NONE	NONE	NONE	NONE	kalter Ansatz, Mittelstufe erreicht	0	V68_WORDS_FROZEN__RELATION_METADATA_ONLY	NONE	NONE	NONE	NONE	NONE	kalter Ansatz, Mittelstufe erreicht	0	V69_TOKEN_GLOSS_BYTE_IDENTICAL__SEPARATE_WINDOW_METADATA	0	NONE	NONE	NOT_IN_ACTION_SURFACE_SCAN	kalter Ansatz, Mittelstufe erreicht	0	V70_TOKEN_GLOSS_BYTE_IDENTICAL__FRAME_REPLAY_METADATA_ONLY	NONE	NONE	NONE	NONE	kalter Ansatz, Mittelstufe erreicht	0	PASS_V72_YKA_II_III_SISTER_FRAME__5_CASES_2_REPLAY_1_NEW_B_EDGE_2_HELD__AIIN_UNBOUND__ZERO_WORD_DELTA	NONE	NONE	NONE	NONE	NONE	kalter Ansatz, Mittelstufe erreicht	0	PASS_V73_10_ANA_WINDOWS__1_EXACT_STATE_ONLY_2_WORKING_STATE_LIKE_2_DEICTIC__1_UNIQUE_CANDIDATE_1_NEW_B_EDGE__C011_OCCURRENCE_BOUND__ZERO_WORD_DELTA	NONE	NONE	NONE	NONE	NONE	NONE	kalter Ansatz, Mittelstufe erreicht	0	PASS_V74_11_EDGES__9_CONNECTED_COMPONENTS__23_EDGE_NODES_2_HULL_ONLY_1_STRUCTURAL__ZERO_EDGE_WORD_DELTA	NONE	NONE	NONE	NONE	NONE	NONE	NONE	NONE	NONE	NONE	kalter Ansatz, Mittelstufe erreicht	0	PASS_V75_11_TARGET_RIGHT_CONTEXTS__7_NOMINAL_3_ACTION_1_EOS__1_EXACT_WRITTEN_RESULT__2X2_DEFAULTS_REJECTED__C012_OCCURRENCE_BOUND__ZERO_WORD_DELTA	A024	FIRST_RIGHT_ITEM:A024	F004	HOLD_OPEN	NONE	NONE	NONE	NONE	NONE	NONE	NONE	kalter Ansatz, Mittelstufe erreicht	0	PASS_V76_83_ACTION_RIGHT_CONTEXTS__60_NOMINAL_15_ACTION_8_EOS__7_FINISHED_STATE_FIRSTS__3_LOCAL_READS_4_OPEN__C013_C014_ADDED__ZERO_WORD_DELTA
f115r	f115r.1	5	cheop	bis zur Mittelstufe getrocknet	bis zur Mittelstufe getrocknet	1	4	NOMINAL_BLOCK	NOT_ACTION_LICENSED	0	NONE	NONE	NONE	NONE	NONE	NONE	bis zur Mittelstufe getrocknet	0	V68_WORDS_FROZEN__RELATION_METADATA_ONLY	NONE	NONE	NONE	NONE	NONE	bis zur Mittelstufe getrocknet	0	V69_TOKEN_GLOSS_BYTE_IDENTICAL__SEPARATE_WINDOW_METADATA	0	NONE	NONE	NOT_IN_ACTION_SURFACE_SCAN	bis zur Mittelstufe getrocknet	0	V70_TOKEN_GLOSS_BYTE_IDENTICAL__FRAME_REPLAY_METADATA_ONLY	NONE	NONE	NONE	NONE	bis zur Mittelstufe getrocknet	0	PASS_V72_YKA_II_III_SISTER_FRAME__5_CASES_2_REPLAY_1_NEW_B_EDGE_2_HELD__AIIN_UNBOUND__ZERO_WORD_DELTA	NONE	NONE	NONE	NONE	NONE	bis zur Mittelstufe getrocknet	0	PASS_V73_10_ANA_WINDOWS__1_EXACT_STATE_ONLY_2_WORKING_STATE_LIKE_2_DEICTIC__1_UNIQUE_CANDIDATE_1_NEW_B_EDGE__C011_OCCURRENCE_BOUND__ZERO_WORD_DELTA	NONE	NONE	NONE	NONE	NONE	NONE	bis zur Mittelstufe getrocknet	0	PASS_V74_11_EDGES__9_CONNECTED_COMPONENTS__23_EDGE_NODES_2_HULL_ONLY_1_STRUCTURAL__ZERO_EDGE_WORD_DELTA	NONE	NONE	NONE	NONE	NONE	NONE	NONE	NONE	NONE	NONE	bis zur Mittelstufe getrocknet	0	PASS_V75_11_TARGET_RIGHT_CONTEXTS__7_NOMINAL_3_ACTION_1_EOS__1_EXACT_WRITTEN_RESULT__2X2_DEFAULTS_REJECTED__C012_OCCURRENCE_BOUND__ZERO_WORD_DELTA	NONE	NONE	NONE	NONE	NONE	NONE	NONE	NONE	NONE	NONE	NONE	bis zur Mittelstufe getrocknet	0	PASS_V76_83_ACTION_RIGHT_CONTEXTS__60_NOMINAL_15_ACTION_8_EOS__7_FINISHED_STATE_FIRSTS__3_LOCAL_READS_4_OPEN__C013_C014_ADDED__ZERO_WORD_DELTA
f115r	f115r.1	6	ol	Pulverstoff	Pulverstoff	1	4	NOMINAL_BLOCK	NOT_ACTION_LICENSED	0	NONE	NONE	NONE	NONE	NONE	NONE	Pulverstoff	0	V68_WORDS_FROZEN__RELATION_METADATA_ONLY	NONE	NONE	NONE	NONE	NONE	Pulverstoff	0	V69_TOKEN_GLOSS_BYTE_IDENTICAL__SEPARATE_WINDOW_METADATA	0	NONE	NONE	NOT_IN_ACTION_SURFACE_SCAN	Pulverstoff	0	V70_TOKEN_GLOSS_BYTE_IDENTICAL__FRAME_REPLAY_METADATA_ONLY	NONE	NONE	NONE	NONE	Pulverstoff	0	PASS_V72_YKA_II_III_SISTER_FRAME__5_CASES_2_REPLAY_1_NEW_B_EDGE_2_HELD__AIIN_UNBOUND__ZERO_WORD_DELTA	NONE	NONE	NONE	NONE	NONE	Pulverstoff	0	PASS_V73_10_ANA_WINDOWS__1_EXACT_STATE_ONLY_2_WORKING_STATE_LIKE_2_DEICTIC__1_UNIQUE_CANDIDATE_1_NEW_B_EDGE__C011_OCCURRENCE_BOUND__ZERO_WORD_DELTA	NONE	NONE	NONE	NONE	NONE	NONE	Pulverstoff	0	PASS_V74_11_EDGES__9_CONNECTED_COMPONENTS__23_EDGE_NODES_2_HULL_ONLY_1_STRUCTURAL__ZERO_EDGE_WORD_DELTA	NONE	NONE	NONE	NONE	NONE	NONE	NONE	NONE	NONE	NONE	Pulverstoff	0	PASS_V75_11_TARGET_RIGHT_CONTEXTS__7_NOMINAL_3_ACTION_1_EOS__1_EXACT_WRITTEN_RESULT__2X2_DEFAULTS_REJECTED__C012_OCCURRENCE_BOUND__ZERO_WORD_DELTA	NONE	NONE	NONE	NONE	NONE	NONE	NONE	NONE	NONE	NONE	NONE	Pulverstoff	0	PASS_V76_83_ACTION_RIGHT_CONTEXTS__60_NOMINAL_15_ACTION_8_EOS__7_FINISHED_STATE_FIRSTS__3_LOCAL_READS_4_OPEN__C013_C014_ADDED__ZERO_WORD_DELTA
f115r	f115r.1	7	teeedy	vollständig abgekühlte Zubereitung, fertig	vollständig abgekühlte Zubereitung, fertig	1	4	NOMINAL_BLOCK	NOT_ACTION_LICENSED	0	NONE	NONE	NONE	NONE	NONE	NONE	vollständig abgekühlte Zubereitung, fertig	0	V68_WORDS_FROZEN__RELATION_METADATA_ONLY	NONE	NONE	NONE	NONE	NONE	vollständig abgekühlte Zubereitung, fertig	0	V69_TOKEN_GLOSS_BYTE_IDENTICAL__SEPARATE_WINDOW_METADATA	0	NONE	NONE	NOT_IN_ACTION_SURFACE_SCAN	vollständig abgekühlte Zubereitung, fertig	0	V70_TOKEN_GLOSS_BYTE_IDENTICAL__FRAME_REPLAY_METADATA_ONLY	NONE	NONE	NONE	NONE	vollständig abgekühlte Zubereitung, fertig	0	PASS_V72_YKA_II_III_SISTER_FRAME__5_CASES_2_REPLAY_1_NEW_B_EDGE_2_HELD__AIIN_UNBOUND__ZERO_WORD_DELTA	NONE	NONE	NONE	NONE	NONE	vollständig abgekühlte Zubereitung, fertig	0	PASS_V73_10_ANA_WINDOWS__1_EXACT_STATE_ONLY_2_WORKING_STATE_LIKE_2_DEICTIC__1_UNIQUE_CANDIDATE_1_NEW_B_EDGE__C011_OCCURRENCE_BOUND__ZERO_WORD_DELTA	NONE	NONE	NONE	NONE	NONE	NONE	vollständig abgekühlte Zubereitung, fertig	0	PASS_V74_11_EDGES__9_CONNECTED_COMPONENTS__23_EDGE_NODES_2_HULL_ONLY_1_STRUCTURAL__ZERO_EDGE_WORD_DELTA	NONE	NONE	NONE	NONE	NONE	NONE	NONE	NONE	NONE	NONE	vollständig abgekühlte Zubereitung, fertig	0	PASS_V75_11_TARGET_RIGHT_CONTEXTS__7_NOMINAL_3_ACTION_1_EOS__1_EXACT_WRITTEN_RESULT__2X2_DEFAULTS_REJECTED__C012_OCCURRENCE_BOUND__ZERO_WORD_DELTA	NONE	NONE	NONE	NONE	NONE	NONE	NONE	NONE	NONE	NONE	NONE	vollständig abgekühlte Zubereitung, fertig	0	PASS_V76_83_ACTION_RIGHT_CONTEXTS__60_NOMINAL_15_ACTION_8_EOS__7_FINISHED_STATE_FIRSTS__3_LOCAL_READS_4_OPEN__C013_C014_ADDED__ZERO_WORD_DELTA
f115r	f115r.1	8	oroiir	eine Portion des Ansatzanteils III	eine Portion des Ansatzanteils III	1	4	NOMINAL_BLOCK	NOT_ACTION_LICENSED	0	NONE	NONE	NONE	NONE	NONE	NONE	eine Portion des Ansatzanteils III	0	V68_WORDS_FROZEN__RELATION_METADATA_ONLY	NONE	NONE	NONE	NONE	NONE	eine Portion des Ansatzanteils III	0	V69_TOKEN_GLOSS_BYTE_IDENTICAL__SEPARATE_WINDOW_METADATA	0	NONE	NONE	NOT_IN_ACTION_SURFACE_SCAN	eine Portion des Ansatzanteils III	0	V70_TOKEN_GLOSS_BYTE_IDENTICAL__FRAME_REPLAY_METADATA_ONLY	NONE	NONE	NONE	NONE	eine Portion des Ansatzanteils III	0	PASS_V72_YKA_II_III_SISTER_FRAME__5_CASES_2_REPLAY_1_NEW_B_EDGE_2_HELD__AIIN_UNBOUND__ZERO_WORD_DELTA	NONE	NONE	NONE	NONE	NONE	eine Portion des Ansatzanteils III	0	PASS_V73_10_ANA_WINDOWS__1_EXACT_STATE_ONLY_2_WORKING_STATE_LIKE_2_DEICTIC__1_UNIQUE_CANDIDATE_1_NEW_B_EDGE__C011_OCCURRENCE_BOUND__ZERO_WORD_DELTA	NONE	NONE	NONE	NONE	NONE	NONE	eine Portion des Ansatzanteils III	0	PASS_V74_11_EDGES__9_CONNECTED_COMPONENTS__23_EDGE_NODES_2_HULL_ONLY_1_STRUCTURAL__ZERO_EDGE_WORD_DELTA	NONE	NONE	NONE	NONE	NONE	NONE	NONE	NONE	NONE	NONE	eine Portion des Ansatzanteils III	0	PASS_V75_11_TARGET_RIGHT_CONTEXTS__7_NOMINAL_3_ACTION_1_EOS__1_EXACT_WRITTEN_RESULT__2X2_DEFAULTS_REJECTED__C012_OCCURRENCE_BOUND__ZERO_WORD_DELTA	NONE	NONE	NONE	NONE	NONE	NONE	NONE	NONE	NONE	NONE	NONE	eine Portion des Ansatzanteils III	0	PASS_V76_83_ACTION_RIGHT_CONTEXTS__60_NOMINAL_15_ACTION_8_EOS__7_FINISHED_STATE_FIRSTS__3_LOCAL_READS_4_OPEN__C013_C014_ADDED__ZERO_WORD_DELTA
f115r	f115r.1	9	oechedy	fertige, bis zur Mittelstufe getrocknete Masse	fertige, bis zur Mittelstufe getrocknete Masse	1	4	NOMINAL_BLOCK	NOT_ACTION_LICENSED	0	NONE	NONE	NONE	NONE	NONE	NONE	fertige, bis zur Mittelstufe getrocknete Masse	0	V68_WORDS_FROZEN__RELATION_METADATA_ONLY	NONE	NONE	NONE	NONE	NONE	fertige, bis zur Mittelstufe getrocknete Masse	0	V69_TOKEN_GLOSS_BYTE_IDENTICAL__SEPARATE_WINDOW_METADATA	0	NONE	NONE	NOT_IN_ACTION_SURFACE_SCAN	fertige, bis zur Mittelstufe getrocknete Masse	0	V70_TOKEN_GLOSS_BYTE_IDENTICAL__FRAME_REPLAY_METADATA_ONLY	NONE	NONE	NONE	NONE	fertige, bis zur Mittelstufe getrocknete Masse	0	PASS_V72_YKA_II_III_SISTER_FRAME__5_CASES_2_REPLAY_1_NEW_B_EDGE_2_HELD__AIIN_UNBOUND__ZERO_WORD_DELTA	NONE	NONE	NONE	NONE	NONE	fertige, bis zur Mittelstufe getrocknete Masse	0	PASS_V73_10_ANA_WINDOWS__1_EXACT_STATE_ONLY_2_WORKING_STATE_LIKE_2_DEICTIC__1_UNIQUE_CANDIDATE_1_NEW_B_EDGE__C011_OCCURRENCE_BOUND__ZERO_WORD_DELTA	NONE	NONE	NONE	NONE	NONE	NONE	fertige, bis zur Mittelstufe getrocknete Masse	0	PASS_V74_11_EDGES__9_CONNECTED_COMPONENTS__23_EDGE_NODES_2_HULL_ONLY_1_STRUCTURAL__ZERO_EDGE_WORD_DELTA	NONE	NONE	NONE	NONE	NONE	NONE	NONE	NONE	NONE	NONE	fertige, bis zur Mittelstufe getrocknete Masse	0	PASS_V75_11_TARGET_RIGHT_CONTEXTS__7_NOMINAL_3_ACTION_1_EOS__1_EXACT_WRITTEN_RESULT__2X2_DEFAULTS_REJECTED__C012_OCCURRENCE_BOUND__ZERO_WORD_DELTA	NONE	NONE	NONE	NONE	NONE	NONE	NONE	NONE	NONE	NONE	NONE	fertige, bis zur Mittelstufe getrocknete Masse	0	PASS_V76_83_ACTION_RIGHT_CONTEXTS__60_NOMINAL_15_ACTION_8_EOS__7_FINISHED_STATE_FIRSTS__3_LOCAL_READS_4_OPEN__C013_C014_ADDED__ZERO_WORD_DELTA
f115r	f115r.1	10	oteedy	kalter Ansatz am Ende des Grades	kalter Ansatz am Ende des Grades	1	4	NOMINAL_BLOCK	NOT_ACTION_LICENSED	0	NONE	NONE	NONE	NONE	NONE	NONE	kalter Ansatz am Ende des Grades	0	V68_WORDS_FROZEN__RELATION_METADATA_ONLY	NONE	NONE	NONE	NONE	NONE	kalter Ansatz am Ende des Grades	0	V69_TOKEN_GLOSS_BYTE_IDENTICAL__SEPARATE_WINDOW_METADATA	0	NONE	NONE	NOT_IN_ACTION_SURFACE_SCAN	kalter Ansatz am Ende des Grades	0	V70_TOKEN_GLOSS_BYTE_IDENTICAL__FRAME_REPLAY_METADATA_ONLY	NONE	NONE	NONE	NONE	kalter Ansatz am Ende des Grades	0	PASS_V72_YKA_II_III_SISTER_FRAME__5_CASES_2_REPLAY_1_NEW_B_EDGE_2_HELD__AIIN_UNBOUND__ZERO_WORD_DELTA	NONE	NONE	NONE	NONE	NONE	kalter Ansatz am Ende des Grades	0	PASS_V73_10_ANA_WINDOWS__1_EXACT_STATE_ONLY_2_WORKING_STATE_LIKE_2_DEICTIC__1_UNIQUE_CANDIDATE_1_NEW_B_EDGE__C011_OCCURRENCE_BOUND__ZERO_WORD_DELTA	NONE	NONE	NONE	NONE	NONE	NONE	kalter Ansatz am Ende des Grades	0	PASS_V74_11_EDGES__9_CONNECTED_COMPONENTS__23_EDGE_NODES_2_HULL_ONLY_1_STRUCTURAL__ZERO_EDGE_WORD_DELTA	NONE	NONE	NONE	NONE	NONE	NONE	NONE	NONE	NONE	NONE	kalter Ansatz am Ende des Grades	0	PASS_V75_11_TARGET_RIGHT_CONTEXTS__7_NOMINAL_3_ACTION_1_EOS__1_EXACT_WRITTEN_RESULT__2X2_DEFAULTS_REJECTED__C012_OCCURRENCE_BOUND__ZERO_WORD_DELTA	NONE	NONE	NONE	NONE	NONE	NONE	NONE	NONE	NONE	NONE	NONE	kalter Ansatz am Ende des Grades	0	PASS_V76_83_ACTION_RIGHT_CONTEXTS__60_NOMINAL_15_ACTION_8_EOS__7_FINISHED_STATE_FIRSTS__3_LOCAL_READS_4_OPEN__C013_C014_ADDED__ZERO_WORD_DELTA
f115r	f115r.1	11	qotchedy	kalt-trockene Mittelstufe erreicht	kalt-trockene Mittelstufe erreicht	1	4	NOMINAL_BLOCK	NOT_ACTION_LICENSED	0	NONE	NONE	NONE	NONE	NONE	NONE	kalt-trockene Mittelstufe erreicht	0	V68_WORDS_FROZEN__RELATION_METADATA_ONLY	NONE	NONE	NONE	NONE	NONE	kalt-trockene Mittelstufe erreicht	0	V69_TOKEN_GLOSS_BYTE_IDENTICAL__SEPARATE_WINDOW_METADATA	0	NONE	NONE	NOT_IN_ACTION_SURFACE_SCAN	kalt-trockene Mittelstufe erreicht	0	V70_TOKEN_GLOSS_BYTE_IDENTICAL__FRAME_REPLAY_METADATA_ONLY	NONE	NONE	NONE	NONE	kalt-trockene Mittelstufe erreicht	0	PASS_V72_YKA_II_III_SISTER_FRAME__5_CASES_2_REPLAY_1_NEW_B_EDGE_2_HELD__AIIN_UNBOUND__ZERO_WORD_DELTA	NONE	NONE	NONE	NONE	NONE	kalt-trockene Mittelstufe erreicht	0	PASS_V73_10_ANA_WINDOWS__1_EXACT_STATE_ONLY_2_WORKING_STATE_LIKE_2_DEICTIC__1_UNIQUE_CANDIDATE_1_NEW_B_EDGE__C011_OCCURRENCE_BOUND__ZERO_WORD_DELTA	NONE	NONE	NONE	NONE	NONE	NONE	kalt-trockene Mittelstufe erreicht	0	PASS_V74_11_EDGES__9_CONNECTED_COMPONENTS__23_EDGE_NODES_2_HULL_ONLY_1_STRUCTURAL__ZERO_EDGE_WORD_DELTA	NONE	NONE	NONE	NONE	NONE	NONE	NONE	NONE	NONE	NONE	kalt-trockene Mittelstufe erreicht	0	PASS_V75_11_TARGET_RIGHT_CONTEXTS__7_NOMINAL_3_ACTION_1_EOS__1_EXACT_WRITTEN_RESULT__2X2_DEFAULTS_REJECTED__C012_OCCURRENCE_BOUND__ZERO_WORD_DELTA	NONE	NONE	NONE	NONE	NONE	NONE	NONE	NONE	NONE	NONE	NONE	kalt-trockene Mittelstufe erreicht	0	PASS_V76_83_ACTION_RIGHT_CONTEXTS__60_NOMINAL_15_ACTION_8_EOS__7_FINISHED_STATE_FIRSTS__3_LOCAL_READS_4_OPEN__C013_C014_ADDED__ZERO_WORD_DELTA
f115r	f115r.23	1	dchey	Eine abgemessene Portion bis zur Mittelstufe trocknen	Eine abgemessene Portion bis zur Mittelstufe trocknen	1	1	ACTION_CLAUSE	GDT689_V62_ACTION_ORDINAL	1	NONE	NONE	NONE	NONE	NONE	NONE	Eine abgemessene Portion bis zur Mittelstufe trocknen	0	V68_WORDS_FROZEN__RELATION_METADATA_ONLY	NONE	NONE	NONE	NONE	NONE	Eine abgemessene Portion bis zur Mittelstufe trocknen	0	V69_TOKEN_GLOSS_BYTE_IDENTICAL__SEPARATE_WINDOW_METADATA	0	NONE	NONE	NOT_IN_ACTION_SURFACE_SCAN	Eine abgemessene Portion bis zur Mittelstufe trocknen	0	V70_TOKEN_GLOSS_BYTE_IDENTICAL__FRAME_REPLAY_METADATA_ONLY	NONE	NONE	NONE	NONE	Eine abgemessene Portion bis zur Mittelstufe trocknen	0	PASS_V72_YKA_II_III_SISTER_FRAME__5_CASES_2_REPLAY_1_NEW_B_EDGE_2_HELD__AIIN_UNBOUND__ZERO_WORD_DELTA	V73A002	NONE	NONE	NONE	NONE	Eine abgemessene Portion bis zur Mittelstufe trocknen	0	PASS_V73_10_ANA_WINDOWS__1_EXACT_STATE_ONLY_2_WORKING_STATE_LIKE_2_DEICTIC__1_UNIQUE_CANDIDATE_1_NEW_B_EDGE__C011_OCCURRENCE_BOUND__ZERO_WORD_DELTA	NONE	NONE	NONE	NONE	NONE	NONE	Eine abgemessene Portion bis zur Mittelstufe trocknen	0	PASS_V74_11_EDGES__9_CONNECTED_COMPONENTS__23_EDGE_NODES_2_HULL_ONLY_1_STRUCTURAL__ZERO_EDGE_WORD_DELTA	NONE	NONE	NONE	NONE	NONE	NONE	NONE	NONE	NONE	NONE	Eine abgemessene Portion bis zur Mittelstufe trocknen	0	PASS_V75_11_TARGET_RIGHT_CONTEXTS__7_NOMINAL_3_ACTION_1_EOS__1_EXACT_WRITTEN_RESULT__2X2_DEFAULTS_REJECTED__C012_OCCURRENCE_BOUND__ZERO_WORD_DELTA	A025	ACTION_CLAUSE:A025	NONE	NONE	NONE	NONE	NONE	NONE	NONE	NONE	NONE	Eine abgemessene Portion bis zur Mittelstufe trocknen	0	PASS_V76_83_ACTION_RIGHT_CONTEXTS__60_NOMINAL_15_ACTION_8_EOS__7_FINISHED_STATE_FIRSTS__3_LOCAL_READS_4_OPEN__C013_C014_ADDED__ZERO_WORD_DELTA
f115r	f115r.23	2	keey	heiß am Ende des Grades	heiß am Ende des Grades	1	2	NOMINAL_BLOCK	NOT_ACTION_LICENSED	0	NONE	NONE	NONE	NONE	NONE	NONE	heiß am Ende des Grades	0	V68_WORDS_FROZEN__RELATION_METADATA_ONLY	NONE	NONE	NONE	NONE	NONE	heiß am Ende des Grades	0	V69_TOKEN_GLOSS_BYTE_IDENTICAL__SEPARATE_WINDOW_METADATA	0	NONE	NONE	NOT_IN_ACTION_SURFACE_SCAN	heiß am Ende des Grades	0	V70_TOKEN_GLOSS_BYTE_IDENTICAL__FRAME_REPLAY_METADATA_ONLY	NONE	NONE	NONE	NONE	heiß am Ende des Grades	0	PASS_V72_YKA_II_III_SISTER_FRAME__5_CASES_2_REPLAY_1_NEW_B_EDGE_2_HELD__AIIN_UNBOUND__ZERO_WORD_DELTA	V73A002	NONE	NONE	NONE	NONE	heiß am Ende des Grades	0	PASS_V73_10_ANA_WINDOWS__1_EXACT_STATE_ONLY_2_WORKING_STATE_LIKE_2_DEICTIC__1_UNIQUE_CANDIDATE_1_NEW_B_EDGE__C011_OCCURRENCE_BOUND__ZERO_WORD_DELTA	NONE	NONE	NONE	NONE	NONE	NONE	heiß am Ende des Grades	0	PASS_V74_11_EDGES__9_CONNECTED_COMPONENTS__23_EDGE_NODES_2_HULL_ONLY_1_STRUCTURAL__ZERO_EDGE_WORD_DELTA	NONE	NONE	NONE	NONE	NONE	NONE	NONE	NONE	NONE	NONE	heiß am Ende des Grades	0	PASS_V75_11_TARGET_RIGHT_CONTEXTS__7_NOMINAL_3_ACTION_1_EOS__1_EXACT_WRITTEN_RESULT__2X2_DEFAULTS_REJECTED__C012_OCCURRENCE_BOUND__ZERO_WORD_DELTA	A025	FIRST_RIGHT_ITEM:A025	NONE	NONE	NONE	NONE	NONE	NONE	NONE	NONE	NONE	heiß am Ende des Grades	0	PASS_V76_83_ACTION_RIGHT_CONTEXTS__60_NOMINAL_15_ACTION_8_EOS__7_FINISHED_STATE_FIRSTS__3_LOCAL_READS_4_OPEN__C013_C014_ADDED__ZERO_WORD_DELTA
f115r	f115r.23	3	qokeod	heißen Auszug bereiten und abschließen	heißen Auszug bereiten und abschließen	1	3	ACTION_CLAUSE	GDT689_V62_ACTION_ORDINAL	2	NONE	NONE	NONE	NONE	NONE	NONE	heißen Auszug bereiten und abschließen	0	V68_WORDS_FROZEN__RELATION_METADATA_ONLY	NONE	NONE	NONE	NONE	NONE	heißen Auszug bereiten und abschließen	0	V69_TOKEN_GLOSS_BYTE_IDENTICAL__SEPARATE_WINDOW_METADATA	0	NONE	NONE	NOT_IN_ACTION_SURFACE_SCAN	heißen Auszug bereiten und abschließen	0	V70_TOKEN_GLOSS_BYTE_IDENTICAL__FRAME_REPLAY_METADATA_ONLY	NONE	NONE	NONE	NONE	heißen Auszug bereiten und abschließen	0	PASS_V72_YKA_II_III_SISTER_FRAME__5_CASES_2_REPLAY_1_NEW_B_EDGE_2_HELD__AIIN_UNBOUND__ZERO_WORD_DELTA	V73A002|V73A003	NONE	NONE	NONE	NONE	heißen Auszug bereiten und abschließen	0	PASS_V73_10_ANA_WINDOWS__1_EXACT_STATE_ONLY_2_WORKING_STATE_LIKE_2_DEICTIC__1_UNIQUE_CANDIDATE_1_NEW_B_EDGE__C011_OCCURRENCE_BOUND__ZERO_WORD_DELTA	NONE	NONE	NONE	NONE	NONE	NONE	heißen Auszug bereiten und abschließen	0	PASS_V74_11_EDGES__9_CONNECTED_COMPONENTS__23_EDGE_NODES_2_HULL_ONLY_1_STRUCTURAL__ZERO_EDGE_WORD_DELTA	NONE	NONE	NONE	NONE	NONE	NONE	NONE	NONE	NONE	NONE	heißen Auszug bereiten und abschließen	0	PASS_V75_11_TARGET_RIGHT_CONTEXTS__7_NOMINAL_3_ACTION_1_EOS__1_EXACT_WRITTEN_RESULT__2X2_DEFAULTS_REJECTED__C012_OCCURRENCE_BOUND__ZERO_WORD_DELTA	A026	ACTION_CLAUSE:A026	F005	ADMIT_NEW	M010	1	SOURCE_ACTION:C014	C014	EDGE_NODE	Heißen Auszug bereiten und abschließen. Ergebnis: leicht getrocknete, abgeschlossene Zubereitung.	C014	heißen Auszug bereiten und abschließen	0	PASS_V76_83_ACTION_RIGHT_CONTEXTS__60_NOMINAL_15_ACTION_8_EOS__7_FINISHED_STATE_FIRSTS__3_LOCAL_READS_4_OPEN__C013_C014_ADDED__ZERO_WORD_DELTA
f115r	f115r.23	4	chody	leicht getrocknete Zubereitung, abgeschlossen	leicht getrocknete Zubereitung, abgeschlossen	1	4	NOMINAL_BLOCK	NOT_ACTION_LICENSED	0	NONE	NONE	NONE	NONE	NONE	P002	leicht getrocknete Zubereitung, abgeschlossen	0	V68_WORDS_FROZEN__RELATION_METADATA_ONLY	NONE	NONE	NONE	NONE	NONE	leicht getrocknete Zubereitung, abgeschlossen	0	V69_TOKEN_GLOSS_BYTE_IDENTICAL__SEPARATE_WINDOW_METADATA	0	NONE	NONE	NOT_IN_ACTION_SURFACE_SCAN	leicht getrocknete Zubereitung, abgeschlossen	0	V70_TOKEN_GLOSS_BYTE_IDENTICAL__FRAME_REPLAY_METADATA_ONLY	NONE	NONE	NONE	NONE	leicht getrocknete Zubereitung, abgeschlossen	0	PASS_V72_YKA_II_III_SISTER_FRAME__5_CASES_2_REPLAY_1_NEW_B_EDGE_2_HELD__AIIN_UNBOUND__ZERO_WORD_DELTA	V73A003	NONE	NONE	NONE	NONE	leicht getrocknete Zubereitung, abgeschlossen	0	PASS_V73_10_ANA_WINDOWS__1_EXACT_STATE_ONLY_2_WORKING_STATE_LIKE_2_DEICTIC__1_UNIQUE_CANDIDATE_1_NEW_B_EDGE__C011_OCCURRENCE_BOUND__ZERO_WORD_DELTA	NONE	NONE	NONE	NONE	NONE	NONE	leicht getrocknete Zubereitung, abgeschlossen	0	PASS_V74_11_EDGES__9_CONNECTED_COMPONENTS__23_EDGE_NODES_2_HULL_ONLY_1_STRUCTURAL__ZERO_EDGE_WORD_DELTA	NONE	NONE	NONE	NONE	NONE	NONE	NONE	NONE	NONE	NONE	leicht getrocknete Zubereitung, abgeschlossen	0	PASS_V75_11_TARGET_RIGHT_CONTEXTS__7_NOMINAL_3_ACTION_1_EOS__1_EXACT_WRITTEN_RESULT__2X2_DEFAULTS_REJECTED__C012_OCCURRENCE_BOUND__ZERO_WORD_DELTA	A026	FIRST_RIGHT_ITEM:A026	F005	ADMIT_NEW	M010	2	WRITTEN_FINAL_PREPARATION_STATE:C014	C014	EDGE_NODE	Heißen Auszug bereiten und abschließen. Ergebnis: leicht getrocknete, abgeschlossene Zubereitung.	C014	leicht getrocknete Zubereitung, abgeschlossen	0	PASS_V76_83_ACTION_RIGHT_CONTEXTS__60_NOMINAL_15_ACTION_8_EOS__7_FINISHED_STATE_FIRSTS__3_LOCAL_READS_4_OPEN__C013_C014_ADDED__ZERO_WORD_DELTA
f115r	f115r.23	5	qokcho	erhitze, trockne und setze an	erhitze, trockne und setze an	1	5	ACTION_CLAUSE	GDT689_V62_ACTION_ORDINAL	3	NONE	NONE	NONE	NONE	NONE	P002	erhitze, trockne und setze an	0	V68_WORDS_FROZEN__RELATION_METADATA_ONLY	NONE	NONE	NONE	NONE	NONE	erhitze, trockne und setze an	0	V69_TOKEN_GLOSS_BYTE_IDENTICAL__SEPARATE_WINDOW_METADATA	0	NONE	NONE	NOT_IN_ACTION_SURFACE_SCAN	erhitze, trockne und setze an	0	V70_TOKEN_GLOSS_BYTE_IDENTICAL__FRAME_REPLAY_METADATA_ONLY	NONE	NONE	NONE	NONE	erhitze, trockne und setze an	0	PASS_V72_YKA_II_III_SISTER_FRAME__5_CASES_2_REPLAY_1_NEW_B_EDGE_2_HELD__AIIN_UNBOUND__ZERO_WORD_DELTA	V73A003	NONE	NONE	NONE	NONE	erhitze, trockne und setze an	0	PASS_V73_10_ANA_WINDOWS__1_EXACT_STATE_ONLY_2_WORKING_STATE_LIKE_2_DEICTIC__1_UNIQUE_CANDIDATE_1_NEW_B_EDGE__C011_OCCURRENCE_BOUND__ZERO_WORD_DELTA	NONE	NONE	NONE	NONE	NONE	NONE	erhitze, trockne und setze an	0	PASS_V74_11_EDGES__9_CONNECTED_COMPONENTS__23_EDGE_NODES_2_HULL_ONLY_1_STRUCTURAL__ZERO_EDGE_WORD_DELTA	NONE	NONE	NONE	NONE	NONE	NONE	NONE	NONE	NONE	NONE	erhitze, trockne und setze an	0	PASS_V75_11_TARGET_RIGHT_CONTEXTS__7_NOMINAL_3_ACTION_1_EOS__1_EXACT_WRITTEN_RESULT__2X2_DEFAULTS_REJECTED__C012_OCCURRENCE_BOUND__ZERO_WORD_DELTA	A027	ACTION_CLAUSE:A027	NONE	NONE	NONE	NONE	NONE	NONE	NONE	NONE	NONE	erhitze, trockne und setze an	0	PASS_V76_83_ACTION_RIGHT_CONTEXTS__60_NOMINAL_15_ACTION_8_EOS__7_FINISHED_STATE_FIRSTS__3_LOCAL_READS_4_OPEN__C013_C014_ADDED__ZERO_WORD_DELTA
f115r	f115r.23	6	s	Samenposten	Samenposten	1	6	NOMINAL_BLOCK	NOT_ACTION_LICENSED	0	NONE	NONE	NONE	NONE	NONE	NONE	Samenposten	0	V68_WORDS_FROZEN__RELATION_METADATA_ONLY	NONE	NONE	NONE	NONE	NONE	Samenposten	0	V69_TOKEN_GLOSS_BYTE_IDENTICAL__SEPARATE_WINDOW_METADATA	0	NONE	NONE	NOT_IN_ACTION_SURFACE_SCAN	Samenposten	0	V70_TOKEN_GLOSS_BYTE_IDENTICAL__FRAME_REPLAY_METADATA_ONLY	NONE	NONE	NONE	NONE	Samenposten	0	PASS_V72_YKA_II_III_SISTER_FRAME__5_CASES_2_REPLAY_1_NEW_B_EDGE_2_HELD__AIIN_UNBOUND__ZERO_WORD_DELTA	NONE	NONE	NONE	NONE	NONE	Samenposten	0	PASS_V73_10_ANA_WINDOWS__1_EXACT_STATE_ONLY_2_WORKING_STATE_LIKE_2_DEICTIC__1_UNIQUE_CANDIDATE_1_NEW_B_EDGE__C011_OCCURRENCE_BOUND__ZERO_WORD_DELTA	NONE	NONE	NONE	NONE	NONE	NONE	Samenposten	0	PASS_V74_11_EDGES__9_CONNECTED_COMPONENTS__23_EDGE_NODES_2_HULL_ONLY_1_STRUCTURAL__ZERO_EDGE_WORD_DELTA	NONE	NONE	NONE	NONE	NONE	NONE	NONE	NONE	NONE	NONE	Samenposten	0	PASS_V75_11_TARGET_RIGHT_CONTEXTS__7_NOMINAL_3_ACTION_1_EOS__1_EXACT_WRITTEN_RESULT__2X2_DEFAULTS_REJECTED__C012_OCCURRENCE_BOUND__ZERO_WORD_DELTA	A027	FIRST_RIGHT_ITEM:A027	NONE	NONE	NONE	NONE	NONE	NONE	NONE	NONE	NONE	Samenposten	0	PASS_V76_83_ACTION_RIGHT_CONTEXTS__60_NOMINAL_15_ACTION_8_EOS__7_FINISHED_STATE_FIRSTS__3_LOCAL_READS_4_OPEN__C013_C014_ADDED__ZERO_WORD_DELTA
f115r	f115r.23	7	checthy	trockenes Kraut	trockenes Kraut	1	6	NOMINAL_BLOCK	NOT_ACTION_LICENSED	0	NONE	NONE	NONE	NONE	NONE	NONE	trockenes Kraut	0	V68_WORDS_FROZEN__RELATION_METADATA_ONLY	NONE	NONE	NONE	NONE	NONE	trockenes Kraut	0	V69_TOKEN_GLOSS_BYTE_IDENTICAL__SEPARATE_WINDOW_METADATA	0	NONE	NONE	NOT_IN_ACTION_SURFACE_SCAN	trockenes Kraut	0	V70_TOKEN_GLOSS_BYTE_IDENTICAL__FRAME_REPLAY_METADATA_ONLY	NONE	NONE	NONE	NONE	trockenes Kraut	0	PASS_V72_YKA_II_III_SISTER_FRAME__5_CASES_2_REPLAY_1_NEW_B_EDGE_2_HELD__AIIN_UNBOUND__ZERO_WORD_DELTA	NONE	NONE	NONE	NONE	NONE	trockenes Kraut	0	PASS_V73_10_ANA_WINDOWS__1_EXACT_STATE_ONLY_2_WORKING_STATE_LIKE_2_DEICTIC__1_UNIQUE_CANDIDATE_1_NEW_B_EDGE__C011_OCCURRENCE_BOUND__ZERO_WORD_DELTA	NONE	NONE	NONE	NONE	NONE	NONE	trockenes Kraut	0	PASS_V74_11_EDGES__9_CONNECTED_COMPONENTS__23_EDGE_NODES_2_HULL_ONLY_1_STRUCTURAL__ZERO_EDGE_WORD_DELTA	NONE	NONE	NONE	NONE	NONE	NONE	NONE	NONE	NONE	NONE	trockenes Kraut	0	PASS_V75_11_TARGET_RIGHT_CONTEXTS__7_NOMINAL_3_ACTION_1_EOS__1_EXACT_WRITTEN_RESULT__2X2_DEFAULTS_REJECTED__C012_OCCURRENCE_BOUND__ZERO_WORD_DELTA	NONE	NONE	NONE	NONE	NONE	NONE	NONE	NONE	NONE	NONE	NONE	trockenes Kraut	0	PASS_V76_83_ACTION_RIGHT_CONTEXTS__60_NOMINAL_15_ACTION_8_EOS__7_FINISHED_STATE_FIRSTS__3_LOCAL_READS_4_OPEN__C013_C014_ADDED__ZERO_WORD_DELTA
f115r	f115r.23	8	qokeeey	stark erhitzt, Endstufe III	stark erhitzt, Endstufe III	1	6	NOMINAL_BLOCK	NOT_ACTION_LICENSED	0	NONE	NONE	NONE	NONE	NONE	NONE	stark erhitzt, Endstufe III	0	V68_WORDS_FROZEN__RELATION_METADATA_ONLY	NONE	NONE	NONE	NONE	NONE	stark erhitzt, Endstufe III	0	V69_TOKEN_GLOSS_BYTE_IDENTICAL__SEPARATE_WINDOW_METADATA	0	NONE	NONE	NOT_IN_ACTION_SURFACE_SCAN	stark erhitzt, Endstufe III	0	V70_TOKEN_GLOSS_BYTE_IDENTICAL__FRAME_REPLAY_METADATA_ONLY	NONE	NONE	NONE	NONE	stark erhitzt, Endstufe III	0	PASS_V72_YKA_II_III_SISTER_FRAME__5_CASES_2_REPLAY_1_NEW_B_EDGE_2_HELD__AIIN_UNBOUND__ZERO_WORD_DELTA	NONE	NONE	NONE	NONE	NONE	stark erhitzt, Endstufe III	0	PASS_V73_10_ANA_WINDOWS__1_EXACT_STATE_ONLY_2_WORKING_STATE_LIKE_2_DEICTIC__1_UNIQUE_CANDIDATE_1_NEW_B_EDGE__C011_OCCURRENCE_BOUND__ZERO_WORD_DELTA	NONE	NONE	NONE	NONE	NONE	NONE	stark erhitzt, Endstufe III	0	PASS_V74_11_EDGES__9_CONNECTED_COMPONENTS__23_EDGE_NODES_2_HULL_ONLY_1_STRUCTURAL__ZERO_EDGE_WORD_DELTA	NONE	NONE	NONE	NONE	NONE	NONE	NONE	NONE	NONE	NONE	stark erhitzt, Endstufe III	0	PASS_V75_11_TARGET_RIGHT_CONTEXTS__7_NOMINAL_3_ACTION_1_EOS__1_EXACT_WRITTEN_RESULT__2X2_DEFAULTS_REJECTED__C012_OCCURRENCE_BOUND__ZERO_WORD_DELTA	NONE	NONE	NONE	NONE	NONE	NONE	NONE	NONE	NONE	NONE	NONE	stark erhitzt, Endstufe III	0	PASS_V76_83_ACTION_RIGHT_CONTEXTS__60_NOMINAL_15_ACTION_8_EOS__7_FINISHED_STATE_FIRSTS__3_LOCAL_READS_4_OPEN__C013_C014_ADDED__ZERO_WORD_DELTA
f115r	f115r.23	9	keeey	stark erhitzt, Endstufe III	stark erhitzt, Endstufe III	1	6	NOMINAL_BLOCK	NOT_ACTION_LICENSED	0	NONE	NONE	NONE	NONE	NONE	NONE	stark erhitzt, Endstufe III	0	V68_WORDS_FROZEN__RELATION_METADATA_ONLY	NONE	NONE	NONE	NONE	NONE	stark erhitzt, Endstufe III	0	V69_TOKEN_GLOSS_BYTE_IDENTICAL__SEPARATE_WINDOW_METADATA	0	NONE	NONE	NOT_IN_ACTION_SURFACE_SCAN	stark erhitzt, Endstufe III	0	V70_TOKEN_GLOSS_BYTE_IDENTICAL__FRAME_REPLAY_METADATA_ONLY	NONE	NONE	NONE	NONE	stark erhitzt, Endstufe III	0	PASS_V72_YKA_II_III_SISTER_FRAME__5_CASES_2_REPLAY_1_NEW_B_EDGE_2_HELD__AIIN_UNBOUND__ZERO_WORD_DELTA	NONE	NONE	NONE	NONE	NONE	stark erhitzt, Endstufe III	0	PASS_V73_10_ANA_WINDOWS__1_EXACT_STATE_ONLY_2_WORKING_STATE_LIKE_2_DEICTIC__1_UNIQUE_CANDIDATE_1_NEW_B_EDGE__C011_OCCURRENCE_BOUND__ZERO_WORD_DELTA	NONE	NONE	NONE	NONE	NONE	NONE	stark erhitzt, Endstufe III	0	PASS_V74_11_EDGES__9_CONNECTED_COMPONENTS__23_EDGE_NODES_2_HULL_ONLY_1_STRUCTURAL__ZERO_EDGE_WORD_DELTA	NONE	NONE	NONE	NONE	NONE	NONE	NONE	NONE	NONE	NONE	stark erhitzt, Endstufe III	0	PASS_V75_11_TARGET_RIGHT_CONTEXTS__7_NOMINAL_3_ACTION_1_EOS__1_EXACT_WRITTEN_RESULT__2X2_DEFAULTS_REJECTED__C012_OCCURRENCE_BOUND__ZERO_WORD_DELTA	NONE	NONE	NONE	NONE	NONE	NONE	NONE	NONE	NONE	NONE	NONE	stark erhitzt, Endstufe III	0	PASS_V76_83_ACTION_RIGHT_CONTEXTS__60_NOMINAL_15_ACTION_8_EOS__7_FINISHED_STATE_FIRSTS__3_LOCAL_READS_4_OPEN__C013_C014_ADDED__ZERO_WORD_DELTA
f115r	f115r.23	10	lol	Holzstoff	Holzstoff	1	6	NOMINAL_BLOCK	NOT_ACTION_LICENSED	0	NONE	NONE	NONE	NONE	NONE	NONE	Holzstoff	0	V68_WORDS_FROZEN__RELATION_METADATA_ONLY	NONE	NONE	NONE	NONE	NONE	Holzstoff	0	V69_TOKEN_GLOSS_BYTE_IDENTICAL__SEPARATE_WINDOW_METADATA	0	NONE	NONE	NOT_IN_ACTION_SURFACE_SCAN	Holzstoff	0	V70_TOKEN_GLOSS_BYTE_IDENTICAL__FRAME_REPLAY_METADATA_ONLY	NONE	NONE	NONE	NONE	Holzstoff	0	PASS_V72_YKA_II_III_SISTER_FRAME__5_CASES_2_REPLAY_1_NEW_B_EDGE_2_HELD__AIIN_UNBOUND__ZERO_WORD_DELTA	NONE	NONE	NONE	NONE	NONE	Holzstoff	0	PASS_V73_10_ANA_WINDOWS__1_EXACT_STATE_ONLY_2_WORKING_STATE_LIKE_2_DEICTIC__1_UNIQUE_CANDIDATE_1_NEW_B_EDGE__C011_OCCURRENCE_BOUND__ZERO_WORD_DELTA	NONE	NONE	NONE	NONE	NONE	NONE	Holzstoff	0	PASS_V74_11_EDGES__9_CONNECTED_COMPONENTS__23_EDGE_NODES_2_HULL_ONLY_1_STRUCTURAL__ZERO_EDGE_WORD_DELTA	NONE	NONE	NONE	NONE	NONE	NONE	NONE	NONE	NONE	NONE	Holzstoff	0	PASS_V75_11_TARGET_RIGHT_CONTEXTS__7_NOMINAL_3_ACTION_1_EOS__1_EXACT_WRITTEN_RESULT__2X2_DEFAULTS_REJECTED__C012_OCCURRENCE_BOUND__ZERO_WORD_DELTA	NONE	NONE	NONE	NONE	NONE	NONE	NONE	NONE	NONE	NONE	NONE	Holzstoff	0	PASS_V76_83_ACTION_RIGHT_CONTEXTS__60_NOMINAL_15_ACTION_8_EOS__7_FINISHED_STATE_FIRSTS__3_LOCAL_READS_4_OPEN__C013_C014_ADDED__ZERO_WORD_DELTA
f115r	f115r.23	11	chedy	mittlere Trockenstufe erreicht	mittlere Trockenstufe erreicht	1	6	NOMINAL_BLOCK	NOT_ACTION_LICENSED	0	NONE	NONE	NONE	NONE	NONE	NONE	mittlere Trockenstufe erreicht	0	V68_WORDS_FROZEN__RELATION_METADATA_ONLY	NONE	NONE	NONE	NONE	NONE	mittlere Trockenstufe erreicht	0	V69_TOKEN_GLOSS_BYTE_IDENTICAL__SEPARATE_WINDOW_METADATA	0	NONE	NONE	NOT_IN_ACTION_SURFACE_SCAN	mittlere Trockenstufe erreicht	0	V70_TOKEN_GLOSS_BYTE_IDENTICAL__FRAME_REPLAY_METADATA_ONLY	NONE	NONE	NONE	NONE	mittlere Trockenstufe erreicht	0	PASS_V72_YKA_II_III_SISTER_FRAME__5_CASES_2_REPLAY_1_NEW_B_EDGE_2_HELD__AIIN_UNBOUND__ZERO_WORD_DELTA	NONE	NONE	NONE	NONE	NONE	mittlere Trockenstufe erreicht	0	PASS_V73_10_ANA_WINDOWS__1_EXACT_STATE_ONLY_2_WORKING_STATE_LIKE_2_DEICTIC__1_UNIQUE_CANDIDATE_1_NEW_B_EDGE__C011_OCCURRENCE_BOUND__ZERO_WORD_DELTA	NONE	NONE	NONE	NONE	NONE	NONE	mittlere Trockenstufe erreicht	0	PASS_V74_11_EDGES__9_CONNECTED_COMPONENTS__23_EDGE_NODES_2_HULL_ONLY_1_STRUCTURAL__ZERO_EDGE_WORD_DELTA	NONE	NONE	NONE	NONE	NONE	NONE	NONE	NONE	NONE	NONE	mittlere Trockenstufe erreicht	0	PASS_V75_11_TARGET_RIGHT_CONTEXTS__7_NOMINAL_3_ACTION_1_EOS__1_EXACT_WRITTEN_RESULT__2X2_DEFAULTS_REJECTED__C012_OCCURRENCE_BOUND__ZERO_WORD_DELTA	NONE	NONE	NONE	NONE	NONE	NONE	NONE	NONE	NONE	NONE	NONE	mittlere Trockenstufe erreicht	0	PASS_V76_83_ACTION_RIGHT_CONTEXTS__60_NOMINAL_15_ACTION_8_EOS__7_FINISHED_STATE_FIRSTS__3_LOCAL_READS_4_OPEN__C013_C014_ADDED__ZERO_WORD_DELTA
f115r	f115r.23	12	qokchedy	heiß-trockene Mittelstufe erreicht	heiß-trockene Mittelstufe erreicht	1	6	NOMINAL_BLOCK	NOT_ACTION_LICENSED	0	NONE	NONE	NONE	NONE	NONE	NONE	heiß-trockene Mittelstufe erreicht	0	V68_WORDS_FROZEN__RELATION_METADATA_ONLY	NONE	NONE	NONE	NONE	NONE	heiß-trockene Mittelstufe erreicht	0	V69_TOKEN_GLOSS_BYTE_IDENTICAL__SEPARATE_WINDOW_METADATA	0	NONE	NONE	NOT_IN_ACTION_SURFACE_SCAN	heiß-trockene Mittelstufe erreicht	0	V70_TOKEN_GLOSS_BYTE_IDENTICAL__FRAME_REPLAY_METADATA_ONLY	NONE	NONE	NONE	NONE	heiß-trockene Mittelstufe erreicht	0	PASS_V72_YKA_II_III_SISTER_FRAME__5_CASES_2_REPLAY_1_NEW_B_EDGE_2_HELD__AIIN_UNBOUND__ZERO_WORD_DELTA	NONE	NONE	NONE	NONE	NONE	heiß-trockene Mittelstufe erreicht	0	PASS_V73_10_ANA_WINDOWS__1_EXACT_STATE_ONLY_2_WORKING_STATE_LIKE_2_DEICTIC__1_UNIQUE_CANDIDATE_1_NEW_B_EDGE__C011_OCCURRENCE_BOUND__ZERO_WORD_DELTA	NONE	NONE	NONE	NONE	NONE	NONE	heiß-trockene Mittelstufe erreicht	0	PASS_V74_11_EDGES__9_CONNECTED_COMPONENTS__23_EDGE_NODES_2_HULL_ONLY_1_STRUCTURAL__ZERO_EDGE_WORD_DELTA	NONE	NONE	NONE	NONE	NONE	NONE	NONE	NONE	NONE	NONE	heiß-trockene Mittelstufe erreicht	0	PASS_V75_11_TARGET_RIGHT_CONTEXTS__7_NOMINAL_3_ACTION_1_EOS__1_EXACT_WRITTEN_RESULT__2X2_DEFAULTS_REJECTED__C012_OCCURRENCE_BOUND__ZERO_WORD_DELTA	NONE	NONE	NONE	NONE	NONE	NONE	NONE	NONE	NONE	NONE	NONE	heiß-trockene Mittelstufe erreicht	0	PASS_V76_83_ACTION_RIGHT_CONTEXTS__60_NOMINAL_15_ACTION_8_EOS__7_FINISHED_STATE_FIRSTS__3_LOCAL_READS_4_OPEN__C013_C014_ADDED__ZERO_WORD_DELTA
f115r	f115r.23	13	ldy	fertig aufbereitetes Holz	fertig aufbereitetes Holz	1	6	NOMINAL_BLOCK	NOT_ACTION_LICENSED	0	NONE	NONE	NONE	NONE	NONE	NONE	fertig aufbereitetes Holz	0	V68_WORDS_FROZEN__RELATION_METADATA_ONLY	NONE	NONE	NONE	NONE	NONE	fertig aufbereitetes Holz	0	V69_TOKEN_GLOSS_BYTE_IDENTICAL__SEPARATE_WINDOW_METADATA	0	NONE	NONE	NOT_IN_ACTION_SURFACE_SCAN	fertig aufbereitetes Holz	0	V70_TOKEN_GLOSS_BYTE_IDENTICAL__FRAME_REPLAY_METADATA_ONLY	NONE	NONE	NONE	NONE	fertig aufbereitetes Holz	0	PASS_V72_YKA_II_III_SISTER_FRAME__5_CASES_2_REPLAY_1_NEW_B_EDGE_2_HELD__AIIN_UNBOUND__ZERO_WORD_DELTA	NONE	NONE	NONE	NONE	NONE	fertig aufbereitetes Holz	0	PASS_V73_10_ANA_WINDOWS__1_EXACT_STATE_ONLY_2_WORKING_STATE_LIKE_2_DEICTIC__1_UNIQUE_CANDIDATE_1_NEW_B_EDGE__C011_OCCURRENCE_BOUND__ZERO_WORD_DELTA	NONE	NONE	NONE	NONE	NONE	NONE	fertig aufbereitetes Holz	0	PASS_V74_11_EDGES__9_CONNECTED_COMPONENTS__23_EDGE_NODES_2_HULL_ONLY_1_STRUCTURAL__ZERO_EDGE_WORD_DELTA	NONE	NONE	NONE	NONE	NONE	NONE	NONE	NONE	NONE	NONE	fertig aufbereitetes Holz	0	PASS_V75_11_TARGET_RIGHT_CONTEXTS__7_NOMINAL_3_ACTION_1_EOS__1_EXACT_WRITTEN_RESULT__2X2_DEFAULTS_REJECTED__C012_OCCURRENCE_BOUND__ZERO_WORD_DELTA	NONE	NONE	NONE	NONE	NONE	NONE	NONE	NONE	NONE	NONE	NONE	fertig aufbereitetes Holz	0	PASS_V76_83_ACTION_RIGHT_CONTEXTS__60_NOMINAL_15_ACTION_8_EOS__7_FINISHED_STATE_FIRSTS__3_LOCAL_READS_4_OPEN__C013_C014_ADDED__ZERO_WORD_DELTA
f116r	f116r.12	1	qoin	zweiten Ansatz nehmen	zweiten Ansatz nehmen	1	1	ACTION_CLAUSE	GDT689_V62_ACTION_ORDINAL	1	NONE	NONE	NONE	NONE	NONE	NONE	zweiten Ansatz nehmen	0	V68_WORDS_FROZEN__RELATION_METADATA_ONLY	NONE	NONE	NONE	NONE	NONE	zweiten Ansatz nehmen	0	V69_TOKEN_GLOSS_BYTE_IDENTICAL__SEPARATE_WINDOW_METADATA	0	NONE	NONE	NOT_IN_ACTION_SURFACE_SCAN	zweiten Ansatz nehmen	0	V70_TOKEN_GLOSS_BYTE_IDENTICAL__FRAME_REPLAY_METADATA_ONLY	NONE	NONE	NONE	NONE	zweiten Ansatz nehmen	0	PASS_V72_YKA_II_III_SISTER_FRAME__5_CASES_2_REPLAY_1_NEW_B_EDGE_2_HELD__AIIN_UNBOUND__ZERO_WORD_DELTA	NONE	NONE	NONE	NONE	NONE	zweiten Ansatz nehmen	0	PASS_V73_10_ANA_WINDOWS__1_EXACT_STATE_ONLY_2_WORKING_STATE_LIKE_2_DEICTIC__1_UNIQUE_CANDIDATE_1_NEW_B_EDGE__C011_OCCURRENCE_BOUND__ZERO_WORD_DELTA	NONE	NONE	NONE	NONE	NONE	NONE	zweiten Ansatz nehmen	0	PASS_V74_11_EDGES__9_CONNECTED_COMPONENTS__23_EDGE_NODES_2_HULL_ONLY_1_STRUCTURAL__ZERO_EDGE_WORD_DELTA	NONE	NONE	NONE	NONE	NONE	NONE	NONE	NONE	NONE	NONE	zweiten Ansatz nehmen	0	PASS_V75_11_TARGET_RIGHT_CONTEXTS__7_NOMINAL_3_ACTION_1_EOS__1_EXACT_WRITTEN_RESULT__2X2_DEFAULTS_REJECTED__C012_OCCURRENCE_BOUND__ZERO_WORD_DELTA	A028	ACTION_CLAUSE:A028	NONE	NONE	NONE	NONE	NONE	NONE	NONE	NONE	NONE	zweiten Ansatz nehmen	0	PASS_V76_83_ACTION_RIGHT_CONTEXTS__60_NOMINAL_15_ACTION_8_EOS__7_FINISHED_STATE_FIRSTS__3_LOCAL_READS_4_OPEN__C013_C014_ADDED__ZERO_WORD_DELTA
f116r	f116r.12	2	ar	Drogenanteil I	Drogenanteil I	1	2	NOMINAL_BLOCK	NOT_ACTION_LICENSED	0	NONE	NONE	NONE	NONE	NONE	NONE	Drogenanteil I	0	V68_WORDS_FROZEN__RELATION_METADATA_ONLY	NONE	NONE	NONE	NONE	NONE	Drogenanteil I	0	V69_TOKEN_GLOSS_BYTE_IDENTICAL__SEPARATE_WINDOW_METADATA	0	NONE	NONE	NOT_IN_ACTION_SURFACE_SCAN	Drogenanteil I	0	V70_TOKEN_GLOSS_BYTE_IDENTICAL__FRAME_REPLAY_METADATA_ONLY	NONE	NONE	NONE	NONE	Drogenanteil I	0	PASS_V72_YKA_II_III_SISTER_FRAME__5_CASES_2_REPLAY_1_NEW_B_EDGE_2_HELD__AIIN_UNBOUND__ZERO_WORD_DELTA	NONE	NONE	NONE	NONE	NONE	Drogenanteil I	0	PASS_V73_10_ANA_WINDOWS__1_EXACT_STATE_ONLY_2_WORKING_STATE_LIKE_2_DEICTIC__1_UNIQUE_CANDIDATE_1_NEW_B_EDGE__C011_OCCURRENCE_BOUND__ZERO_WORD_DELTA	NONE	NONE	NONE	NONE	NONE	NONE	Drogenanteil I	0	PASS_V74_11_EDGES__9_CONNECTED_COMPONENTS__23_EDGE_NODES_2_HULL_ONLY_1_STRUCTURAL__ZERO_EDGE_WORD_DELTA	NONE	NONE	NONE	NONE	NONE	NONE	NONE	NONE	NONE	NONE	Drogenanteil I	0	PASS_V75_11_TARGET_RIGHT_CONTEXTS__7_NOMINAL_3_ACTION_1_EOS__1_EXACT_WRITTEN_RESULT__2X2_DEFAULTS_REJECTED__C012_OCCURRENCE_BOUND__ZERO_WORD_DELTA	A028	FIRST_RIGHT_ITEM:A028	NONE	NONE	NONE	NONE	NONE	NONE	NONE	NONE	NONE	Drogenanteil I	0	PASS_V76_83_ACTION_RIGHT_CONTEXTS__60_NOMINAL_15_ACTION_8_EOS__7_FINISHED_STATE_FIRSTS__3_LOCAL_READS_4_OPEN__C013_C014_ADDED__ZERO_WORD_DELTA
f116r	f116r.12	3	cholches	nachgetrocknetes Drogenmaterial, Mittelstufe	nachgetrocknetes Drogenmaterial, Mittelstufe	1	2	NOMINAL_BLOCK	NOT_ACTION_LICENSED	0	NONE	NONE	NONE	NONE	NONE	NONE	nachgetrocknetes Drogenmaterial, Mittelstufe	0	V68_WORDS_FROZEN__RELATION_METADATA_ONLY	NONE	NONE	NONE	NONE	NONE	nachgetrocknetes Drogenmaterial, Mittelstufe	0	V69_TOKEN_GLOSS_BYTE_IDENTICAL__SEPARATE_WINDOW_METADATA	0	NONE	NONE	NOT_IN_ACTION_SURFACE_SCAN	nachgetrocknetes Drogenmaterial, Mittelstufe	0	V70_TOKEN_GLOSS_BYTE_IDENTICAL__FRAME_REPLAY_METADATA_ONLY	NONE	NONE	NONE	NONE	nachgetrocknetes Drogenmaterial, Mittelstufe	0	PASS_V72_YKA_II_III_SISTER_FRAME__5_CASES_2_REPLAY_1_NEW_B_EDGE_2_HELD__AIIN_UNBOUND__ZERO_WORD_DELTA	NONE	NONE	NONE	NONE	NONE	nachgetrocknetes Drogenmaterial, Mittelstufe	0	PASS_V73_10_ANA_WINDOWS__1_EXACT_STATE_ONLY_2_WORKING_STATE_LIKE_2_DEICTIC__1_UNIQUE_CANDIDATE_1_NEW_B_EDGE__C011_OCCURRENCE_BOUND__ZERO_WORD_DELTA	NONE	NONE	NONE	NONE	NONE	NONE	nachgetrocknetes Drogenmaterial, Mittelstufe	0	PASS_V74_11_EDGES__9_CONNECTED_COMPONENTS__23_EDGE_NODES_2_HULL_ONLY_1_STRUCTURAL__ZERO_EDGE_WORD_DELTA	NONE	NONE	NONE	NONE	NONE	NONE	NONE	NONE	NONE	NONE	nachgetrocknetes Drogenmaterial, Mittelstufe	0	PASS_V75_11_TARGET_RIGHT_CONTEXTS__7_NOMINAL_3_ACTION_1_EOS__1_EXACT_WRITTEN_RESULT__2X2_DEFAULTS_REJECTED__C012_OCCURRENCE_BOUND__ZERO_WORD_DELTA	NONE	NONE	NONE	NONE	NONE	NONE	NONE	NONE	NONE	NONE	NONE	nachgetrocknetes Drogenmaterial, Mittelstufe	0	PASS_V76_83_ACTION_RIGHT_CONTEXTS__60_NOMINAL_15_ACTION_8_EOS__7_FINISHED_STATE_FIRSTS__3_LOCAL_READS_4_OPEN__C013_C014_ADDED__ZERO_WORD_DELTA
f116r	f116r.12	4	okain	heißer Ansatz, Grad II	heißer Ansatz, Grad II	1	2	NOMINAL_BLOCK	NOT_ACTION_LICENSED	0	NONE	NONE	NONE	NONE	NONE	NONE	heißer Ansatz, Grad II	0	V68_WORDS_FROZEN__RELATION_METADATA_ONLY	NONE	NONE	NONE	NONE	NONE	heißer Ansatz, Grad II	0	V69_TOKEN_GLOSS_BYTE_IDENTICAL__SEPARATE_WINDOW_METADATA	0	NONE	NONE	NOT_IN_ACTION_SURFACE_SCAN	heißer Ansatz, Grad II	0	V70_TOKEN_GLOSS_BYTE_IDENTICAL__FRAME_REPLAY_METADATA_ONLY	NONE	NONE	NONE	NONE	heißer Ansatz, Grad II	0	PASS_V72_YKA_II_III_SISTER_FRAME__5_CASES_2_REPLAY_1_NEW_B_EDGE_2_HELD__AIIN_UNBOUND__ZERO_WORD_DELTA	NONE	NONE	NONE	NONE	NONE	heißer Ansatz, Grad II	0	PASS_V73_10_ANA_WINDOWS__1_EXACT_STATE_ONLY_2_WORKING_STATE_LIKE_2_DEICTIC__1_UNIQUE_CANDIDATE_1_NEW_B_EDGE__C011_OCCURRENCE_BOUND__ZERO_WORD_DELTA	NONE	NONE	NONE	NONE	NONE	NONE	heißer Ansatz, Grad II	0	PASS_V74_11_EDGES__9_CONNECTED_COMPONENTS__23_EDGE_NODES_2_HULL_ONLY_1_STRUCTURAL__ZERO_EDGE_WORD_DELTA	NONE	NONE	NONE	NONE	NONE	NONE	NONE	NONE	NONE	NONE	heißer Ansatz, Grad II	0	PASS_V75_11_TARGET_RIGHT_CONTEXTS__7_NOMINAL_3_ACTION_1_EOS__1_EXACT_WRITTEN_RESULT__2X2_DEFAULTS_REJECTED__C012_OCCURRENCE_BOUND__ZERO_WORD_DELTA	NONE	NONE	NONE	NONE	NONE	NONE	NONE	NONE	NONE	NONE	NONE	heißer Ansatz, Grad II	0	PASS_V76_83_ACTION_RIGHT_CONTEXTS__60_NOMINAL_15_ACTION_8_EOS__7_FINISHED_STATE_FIRSTS__3_LOCAL_READS_4_OPEN__C013_C014_ADDED__ZERO_WORD_DELTA
f116r	f116r.12	5	dain	zwei Portionen des erhitzten nachgetrockneten Drogenmaterials	zwei Portionen des erhitzten nachgetrockneten Drogenmaterials	1	2	NOMINAL_BLOCK	NOT_ACTION_LICENSED	0	NONE	NONE	NONE	NONE	NONE	NONE	zwei Portionen des erhitzten nachgetrockneten Drogenmaterials	0	V68_WORDS_FROZEN__RELATION_METADATA_ONLY	NONE	NONE	NONE	NONE	NONE	zwei Portionen des erhitzten nachgetrockneten Drogenmaterials	0	V69_TOKEN_GLOSS_BYTE_IDENTICAL__SEPARATE_WINDOW_METADATA	0	NONE	NONE	NOT_IN_ACTION_SURFACE_SCAN	zwei Portionen des erhitzten nachgetrockneten Drogenmaterials	0	V70_TOKEN_GLOSS_BYTE_IDENTICAL__FRAME_REPLAY_METADATA_ONLY	NONE	NONE	NONE	NONE	zwei Portionen des erhitzten nachgetrockneten Drogenmaterials	0	PASS_V72_YKA_II_III_SISTER_FRAME__5_CASES_2_REPLAY_1_NEW_B_EDGE_2_HELD__AIIN_UNBOUND__ZERO_WORD_DELTA	NONE	NONE	NONE	NONE	NONE	zwei Portionen des erhitzten nachgetrockneten Drogenmaterials	0	PASS_V73_10_ANA_WINDOWS__1_EXACT_STATE_ONLY_2_WORKING_STATE_LIKE_2_DEICTIC__1_UNIQUE_CANDIDATE_1_NEW_B_EDGE__C011_OCCURRENCE_BOUND__ZERO_WORD_DELTA	NONE	NONE	NONE	NONE	NONE	NONE	zwei Portionen des erhitzten nachgetrockneten Drogenmaterials	0	PASS_V74_11_EDGES__9_CONNECTED_COMPONENTS__23_EDGE_NODES_2_HULL_ONLY_1_STRUCTURAL__ZERO_EDGE_WORD_DELTA	NONE	NONE	NONE	NONE	NONE	NONE	NONE	NONE	NONE	NONE	zwei Portionen des erhitzten nachgetrockneten Drogenmaterials	0	PASS_V75_11_TARGET_RIGHT_CONTEXTS__7_NOMINAL_3_ACTION_1_EOS__1_EXACT_WRITTEN_RESULT__2X2_DEFAULTS_REJECTED__C012_OCCURRENCE_BOUND__ZERO_WORD_DELTA	NONE	NONE	NONE	NONE	NONE	NONE	NONE	NONE	NONE	NONE	NONE	zwei Portionen des erhitzten nachgetrockneten Drogenmaterials	0	PASS_V76_83_ACTION_RIGHT_CONTEXTS__60_NOMINAL_15_ACTION_8_EOS__7_FINISHED_STATE_FIRSTS__3_LOCAL_READS_4_OPEN__C013_C014_ADDED__ZERO_WORD_DELTA
f116r	f116r.12	6	cheey	trocken am Ende des Grades	trocken am Ende des Grades	1	2	NOMINAL_BLOCK	NOT_ACTION_LICENSED	0	NONE	NONE	NONE	NONE	NONE	NONE	trocken am Ende des Grades	0	V68_WORDS_FROZEN__RELATION_METADATA_ONLY	NONE	NONE	NONE	NONE	NONE	trocken am Ende des Grades	0	V69_TOKEN_GLOSS_BYTE_IDENTICAL__SEPARATE_WINDOW_METADATA	0	NONE	NONE	NOT_IN_ACTION_SURFACE_SCAN	trocken am Ende des Grades	0	V70_TOKEN_GLOSS_BYTE_IDENTICAL__FRAME_REPLAY_METADATA_ONLY	NONE	NONE	NONE	NONE	trocken am Ende des Grades	0	PASS_V72_YKA_II_III_SISTER_FRAME__5_CASES_2_REPLAY_1_NEW_B_EDGE_2_HELD__AIIN_UNBOUND__ZERO_WORD_DELTA	NONE	NONE	NONE	NONE	NONE	trocken am Ende des Grades	0	PASS_V73_10_ANA_WINDOWS__1_EXACT_STATE_ONLY_2_WORKING_STATE_LIKE_2_DEICTIC__1_UNIQUE_CANDIDATE_1_NEW_B_EDGE__C011_OCCURRENCE_BOUND__ZERO_WORD_DELTA	NONE	NONE	NONE	NONE	NONE	NONE	trocken am Ende des Grades	0	PASS_V74_11_EDGES__9_CONNECTED_COMPONENTS__23_EDGE_NODES_2_HULL_ONLY_1_STRUCTURAL__ZERO_EDGE_WORD_DELTA	NONE	NONE	NONE	NONE	NONE	NONE	NONE	NONE	NONE	NONE	trocken am Ende des Grades	0	PASS_V75_11_TARGET_RIGHT_CONTEXTS__7_NOMINAL_3_ACTION_1_EOS__1_EXACT_WRITTEN_RESULT__2X2_DEFAULTS_REJECTED__C012_OCCURRENCE_BOUND__ZERO_WORD_DELTA	NONE	NONE	NONE	NONE	NONE	NONE	NONE	NONE	NONE	NONE	NONE	trocken am Ende des Grades	0	PASS_V76_83_ACTION_RIGHT_CONTEXTS__60_NOMINAL_15_ACTION_8_EOS__7_FINISHED_STATE_FIRSTS__3_LOCAL_READS_4_OPEN__C013_C014_ADDED__ZERO_WORD_DELTA
f116r	f116r.12	7	okeey	heißer Ansatz am Ende des Grades	heißer Ansatz am Ende des Grades	1	2	NOMINAL_BLOCK	NOT_ACTION_LICENSED	0	NONE	NONE	NONE	NONE	NONE	NONE	heißer Ansatz am Ende des Grades	0	V68_WORDS_FROZEN__RELATION_METADATA_ONLY	NONE	NONE	NONE	NONE	NONE	heißer Ansatz am Ende des Grades	0	V69_TOKEN_GLOSS_BYTE_IDENTICAL__SEPARATE_WINDOW_METADATA	0	NONE	NONE	NOT_IN_ACTION_SURFACE_SCAN	heißer Ansatz am Ende des Grades	0	V70_TOKEN_GLOSS_BYTE_IDENTICAL__FRAME_REPLAY_METADATA_ONLY	NONE	NONE	NONE	NONE	heißer Ansatz am Ende des Grades	0	PASS_V72_YKA_II_III_SISTER_FRAME__5_CASES_2_REPLAY_1_NEW_B_EDGE_2_HELD__AIIN_UNBOUND__ZERO_WORD_DELTA	NONE	NONE	NONE	NONE	NONE	heißer Ansatz am Ende des Grades	0	PASS_V73_10_ANA_WINDOWS__1_EXACT_STATE_ONLY_2_WORKING_STATE_LIKE_2_DEICTIC__1_UNIQUE_CANDIDATE_1_NEW_B_EDGE__C011_OCCURRENCE_BOUND__ZERO_WORD_DELTA	NONE	NONE	NONE	NONE	NONE	NONE	heißer Ansatz am Ende des Grades	0	PASS_V74_11_EDGES__9_CONNECTED_COMPONENTS__23_EDGE_NODES_2_HULL_ONLY_1_STRUCTURAL__ZERO_EDGE_WORD_DELTA	NONE	NONE	NONE	NONE	NONE	NONE	NONE	NONE	NONE	NONE	heißer Ansatz am Ende des Grades	0	PASS_V75_11_TARGET_RIGHT_CONTEXTS__7_NOMINAL_3_ACTION_1_EOS__1_EXACT_WRITTEN_RESULT__2X2_DEFAULTS_REJECTED__C012_OCCURRENCE_BOUND__ZERO_WORD_DELTA	NONE	NONE	NONE	NONE	NONE	NONE	NONE	NONE	NONE	NONE	NONE	heißer Ansatz am Ende des Grades	0	PASS_V76_83_ACTION_RIGHT_CONTEXTS__60_NOMINAL_15_ACTION_8_EOS__7_FINISHED_STATE_FIRSTS__3_LOCAL_READS_4_OPEN__C013_C014_ADDED__ZERO_WORD_DELTA
f116r	f116r.12	8	otain	kalter Ansatz, Grad II	kalter Ansatz, Grad II	1	2	NOMINAL_BLOCK	NOT_ACTION_LICENSED	0	NONE	NONE	NONE	NONE	NONE	NONE	kalter Ansatz, Grad II	0	V68_WORDS_FROZEN__RELATION_METADATA_ONLY	NONE	NONE	NONE	NONE	NONE	kalter Ansatz, Grad II	0	V69_TOKEN_GLOSS_BYTE_IDENTICAL__SEPARATE_WINDOW_METADATA	0	NONE	NONE	NOT_IN_ACTION_SURFACE_SCAN	kalter Ansatz, Grad II	0	V70_TOKEN_GLOSS_BYTE_IDENTICAL__FRAME_REPLAY_METADATA_ONLY	NONE	NONE	NONE	NONE	kalter Ansatz, Grad II	0	PASS_V72_YKA_II_III_SISTER_FRAME__5_CASES_2_REPLAY_1_NEW_B_EDGE_2_HELD__AIIN_UNBOUND__ZERO_WORD_DELTA	NONE	NONE	NONE	NONE	NONE	kalter Ansatz, Grad II	0	PASS_V73_10_ANA_WINDOWS__1_EXACT_STATE_ONLY_2_WORKING_STATE_LIKE_2_DEICTIC__1_UNIQUE_CANDIDATE_1_NEW_B_EDGE__C011_OCCURRENCE_BOUND__ZERO_WORD_DELTA	NONE	NONE	NONE	NONE	NONE	NONE	kalter Ansatz, Grad II	0	PASS_V74_11_EDGES__9_CONNECTED_COMPONENTS__23_EDGE_NODES_2_HULL_ONLY_1_STRUCTURAL__ZERO_EDGE_WORD_DELTA	NONE	NONE	NONE	NONE	NONE	NONE	NONE	NONE	NONE	NONE	kalter Ansatz, Grad II	0	PASS_V75_11_TARGET_RIGHT_CONTEXTS__7_NOMINAL_3_ACTION_1_EOS__1_EXACT_WRITTEN_RESULT__2X2_DEFAULTS_REJECTED__C012_OCCURRENCE_BOUND__ZERO_WORD_DELTA	NONE	NONE	NONE	NONE	NONE	NONE	NONE	NONE	NONE	NONE	NONE	kalter Ansatz, Grad II	0	PASS_V76_83_ACTION_RIGHT_CONTEXTS__60_NOMINAL_15_ACTION_8_EOS__7_FINISHED_STATE_FIRSTS__3_LOCAL_READS_4_OPEN__C013_C014_ADDED__ZERO_WORD_DELTA
f116r	f116r.12	9	olchdy	Holz im Ansatz fertig getrocknet	Holz im Ansatz fertig getrocknet	1	2	NOMINAL_BLOCK	NOT_ACTION_LICENSED	0	NONE	NONE	NONE	NONE	NONE	NONE	Holz im Ansatz fertig getrocknet	0	V68_WORDS_FROZEN__RELATION_METADATA_ONLY	NONE	NONE	NONE	NONE	NONE	Holz im Ansatz fertig getrocknet	0	V69_TOKEN_GLOSS_BYTE_IDENTICAL__SEPARATE_WINDOW_METADATA	0	NONE	NONE	NOT_IN_ACTION_SURFACE_SCAN	Holz im Ansatz fertig getrocknet	0	V70_TOKEN_GLOSS_BYTE_IDENTICAL__FRAME_REPLAY_METADATA_ONLY	NONE	NONE	NONE	NONE	Holz im Ansatz fertig getrocknet	0	PASS_V72_YKA_II_III_SISTER_FRAME__5_CASES_2_REPLAY_1_NEW_B_EDGE_2_HELD__AIIN_UNBOUND__ZERO_WORD_DELTA	NONE	NONE	NONE	NONE	NONE	Holz im Ansatz fertig getrocknet	0	PASS_V73_10_ANA_WINDOWS__1_EXACT_STATE_ONLY_2_WORKING_STATE_LIKE_2_DEICTIC__1_UNIQUE_CANDIDATE_1_NEW_B_EDGE__C011_OCCURRENCE_BOUND__ZERO_WORD_DELTA	NONE	NONE	NONE	NONE	NONE	NONE	Holz im Ansatz fertig getrocknet	0	PASS_V74_11_EDGES__9_CONNECTED_COMPONENTS__23_EDGE_NODES_2_HULL_ONLY_1_STRUCTURAL__ZERO_EDGE_WORD_DELTA	NONE	NONE	NONE	NONE	NONE	NONE	NONE	NONE	NONE	NONE	Holz im Ansatz fertig getrocknet	0	PASS_V75_11_TARGET_RIGHT_CONTEXTS__7_NOMINAL_3_ACTION_1_EOS__1_EXACT_WRITTEN_RESULT__2X2_DEFAULTS_REJECTED__C012_OCCURRENCE_BOUND__ZERO_WORD_DELTA	NONE	NONE	NONE	NONE	NONE	NONE	NONE	NONE	NONE	NONE	NONE	Holz im Ansatz fertig getrocknet	0	PASS_V76_83_ACTION_RIGHT_CONTEXTS__60_NOMINAL_15_ACTION_8_EOS__7_FINISHED_STATE_FIRSTS__3_LOCAL_READS_4_OPEN__C013_C014_ADDED__ZERO_WORD_DELTA
f116r	f116r.12	10	otal	Rohstoffklasse I im kalten Ansatz, Gradanfang	Rohstoffklasse I im kalten Ansatz, Gradanfang	1	2	NOMINAL_BLOCK	NOT_ACTION_LICENSED	0	NONE	NONE	NONE	NONE	NONE	NONE	Rohstoffklasse I im kalten Ansatz, Gradanfang	0	V68_WORDS_FROZEN__RELATION_METADATA_ONLY	NONE	NONE	NONE	NONE	NONE	Rohstoffklasse I im kalten Ansatz, Gradanfang	0	V69_TOKEN_GLOSS_BYTE_IDENTICAL__SEPARATE_WINDOW_METADATA	0	NONE	NONE	NOT_IN_ACTION_SURFACE_SCAN	Rohstoffklasse I im kalten Ansatz, Gradanfang	0	V70_TOKEN_GLOSS_BYTE_IDENTICAL__FRAME_REPLAY_METADATA_ONLY	NONE	NONE	NONE	NONE	Rohstoffklasse I im kalten Ansatz, Gradanfang	0	PASS_V72_YKA_II_III_SISTER_FRAME__5_CASES_2_REPLAY_1_NEW_B_EDGE_2_HELD__AIIN_UNBOUND__ZERO_WORD_DELTA	NONE	NONE	NONE	NONE	NONE	Rohstoffklasse I im kalten Ansatz, Gradanfang	0	PASS_V73_10_ANA_WINDOWS__1_EXACT_STATE_ONLY_2_WORKING_STATE_LIKE_2_DEICTIC__1_UNIQUE_CANDIDATE_1_NEW_B_EDGE__C011_OCCURRENCE_BOUND__ZERO_WORD_DELTA	NONE	NONE	NONE	NONE	NONE	NONE	Rohstoffklasse I im kalten Ansatz, Gradanfang	0	PASS_V74_11_EDGES__9_CONNECTED_COMPONENTS__23_EDGE_NODES_2_HULL_ONLY_1_STRUCTURAL__ZERO_EDGE_WORD_DELTA	NONE	NONE	NONE	NONE	NONE	NONE	NONE	NONE	NONE	NONE	Rohstoffklasse I im kalten Ansatz, Gradanfang	0	PASS_V75_11_TARGET_RIGHT_CONTEXTS__7_NOMINAL_3_ACTION_1_EOS__1_EXACT_WRITTEN_RESULT__2X2_DEFAULTS_REJECTED__C012_OCCURRENCE_BOUND__ZERO_WORD_DELTA	NONE	NONE	NONE	NONE	NONE	NONE	NONE	NONE	NONE	NONE	NONE	Rohstoffklasse I im kalten Ansatz, Gradanfang	0	PASS_V76_83_ACTION_RIGHT_CONTEXTS__60_NOMINAL_15_ACTION_8_EOS__7_FINISHED_STATE_FIRSTS__3_LOCAL_READS_4_OPEN__C013_C014_ADDED__ZERO_WORD_DELTA
f116r	f116r.12	11	dain	zwei Portionen der Rohdroge I im kalten Anfangsansatz	zwei Portionen der Rohdroge I im kalten Anfangsansatz	1	2	NOMINAL_BLOCK	NOT_ACTION_LICENSED	0	NONE	NONE	NONE	NONE	NONE	NONE	zwei Portionen der Rohdroge I im kalten Anfangsansatz	0	V68_WORDS_FROZEN__RELATION_METADATA_ONLY	NONE	NONE	NONE	NONE	NONE	zwei Portionen der Rohdroge I im kalten Anfangsansatz	0	V69_TOKEN_GLOSS_BYTE_IDENTICAL__SEPARATE_WINDOW_METADATA	0	NONE	NONE	NOT_IN_ACTION_SURFACE_SCAN	zwei Portionen der Rohdroge I im kalten Anfangsansatz	0	V70_TOKEN_GLOSS_BYTE_IDENTICAL__FRAME_REPLAY_METADATA_ONLY	NONE	NONE	NONE	NONE	zwei Portionen der Rohdroge I im kalten Anfangsansatz	0	PASS_V72_YKA_II_III_SISTER_FRAME__5_CASES_2_REPLAY_1_NEW_B_EDGE_2_HELD__AIIN_UNBOUND__ZERO_WORD_DELTA	NONE	NONE	NONE	NONE	NONE	zwei Portionen der Rohdroge I im kalten Anfangsansatz	0	PASS_V73_10_ANA_WINDOWS__1_EXACT_STATE_ONLY_2_WORKING_STATE_LIKE_2_DEICTIC__1_UNIQUE_CANDIDATE_1_NEW_B_EDGE__C011_OCCURRENCE_BOUND__ZERO_WORD_DELTA	NONE	NONE	NONE	NONE	NONE	NONE	zwei Portionen der Rohdroge I im kalten Anfangsansatz	0	PASS_V74_11_EDGES__9_CONNECTED_COMPONENTS__23_EDGE_NODES_2_HULL_ONLY_1_STRUCTURAL__ZERO_EDGE_WORD_DELTA	NONE	NONE	NONE	NONE	NONE	NONE	NONE	NONE	NONE	NONE	zwei Portionen der Rohdroge I im kalten Anfangsansatz	0	PASS_V75_11_TARGET_RIGHT_CONTEXTS__7_NOMINAL_3_ACTION_1_EOS__1_EXACT_WRITTEN_RESULT__2X2_DEFAULTS_REJECTED__C012_OCCURRENCE_BOUND__ZERO_WORD_DELTA	NONE	NONE	NONE	NONE	NONE	NONE	NONE	NONE	NONE	NONE	NONE	zwei Portionen der Rohdroge I im kalten Anfangsansatz	0	PASS_V76_83_ACTION_RIGHT_CONTEXTS__60_NOMINAL_15_ACTION_8_EOS__7_FINISHED_STATE_FIRSTS__3_LOCAL_READS_4_OPEN__C013_C014_ADDED__ZERO_WORD_DELTA
f116r	f116r.12	12	olam	ein Maß Holz	ein Maß Holz	1	2	NOMINAL_BLOCK	NOT_ACTION_LICENSED	0	NONE	NONE	NONE	NONE	NONE	NONE	ein Maß Holz	0	V68_WORDS_FROZEN__RELATION_METADATA_ONLY	NONE	NONE	NONE	NONE	NONE	ein Maß Holz	0	V69_TOKEN_GLOSS_BYTE_IDENTICAL__SEPARATE_WINDOW_METADATA	0	NONE	NONE	NOT_IN_ACTION_SURFACE_SCAN	ein Maß Holz	0	V70_TOKEN_GLOSS_BYTE_IDENTICAL__FRAME_REPLAY_METADATA_ONLY	NONE	NONE	NONE	NONE	ein Maß Holz	0	PASS_V72_YKA_II_III_SISTER_FRAME__5_CASES_2_REPLAY_1_NEW_B_EDGE_2_HELD__AIIN_UNBOUND__ZERO_WORD_DELTA	NONE	NONE	NONE	NONE	NONE	ein Maß Holz	0	PASS_V73_10_ANA_WINDOWS__1_EXACT_STATE_ONLY_2_WORKING_STATE_LIKE_2_DEICTIC__1_UNIQUE_CANDIDATE_1_NEW_B_EDGE__C011_OCCURRENCE_BOUND__ZERO_WORD_DELTA	NONE	NONE	NONE	NONE	NONE	NONE	ein Maß Holz	0	PASS_V74_11_EDGES__9_CONNECTED_COMPONENTS__23_EDGE_NODES_2_HULL_ONLY_1_STRUCTURAL__ZERO_EDGE_WORD_DELTA	NONE	NONE	NONE	NONE	NONE	NONE	NONE	NONE	NONE	NONE	ein Maß Holz	0	PASS_V75_11_TARGET_RIGHT_CONTEXTS__7_NOMINAL_3_ACTION_1_EOS__1_EXACT_WRITTEN_RESULT__2X2_DEFAULTS_REJECTED__C012_OCCURRENCE_BOUND__ZERO_WORD_DELTA	NONE	NONE	NONE	NONE	NONE	NONE	NONE	NONE	NONE	NONE	NONE	ein Maß Holz	0	PASS_V76_83_ACTION_RIGHT_CONTEXTS__60_NOMINAL_15_ACTION_8_EOS__7_FINISHED_STATE_FIRSTS__3_LOCAL_READS_4_OPEN__C013_C014_ADDED__ZERO_WORD_DELTA
f23r	f23r.6	1	tshol	kalt eingeweichter Drogenstoff	kalt eingeweichter Drogenstoff	1	1	NOMINAL_BLOCK	NOT_ACTION_LICENSED	0	NONE	NONE	NONE	NONE	NONE	NONE	kalt eingeweichter Drogenstoff	0	V68_WORDS_FROZEN__RELATION_METADATA_ONLY	NONE	NONE	NONE	NONE	NONE	kalt eingeweichter Drogenstoff	0	V69_TOKEN_GLOSS_BYTE_IDENTICAL__SEPARATE_WINDOW_METADATA	0	NONE	NONE	NOT_IN_ACTION_SURFACE_SCAN	kalt eingeweichter Drogenstoff	0	V70_TOKEN_GLOSS_BYTE_IDENTICAL__FRAME_REPLAY_METADATA_ONLY	V72H003	NONE	NONE	NONE	kalt eingeweichter Drogenstoff	0	PASS_V72_YKA_II_III_SISTER_FRAME__5_CASES_2_REPLAY_1_NEW_B_EDGE_2_HELD__AIIN_UNBOUND__ZERO_WORD_DELTA	NONE	NONE	NONE	NONE	NONE	kalt eingeweichter Drogenstoff	0	PASS_V73_10_ANA_WINDOWS__1_EXACT_STATE_ONLY_2_WORKING_STATE_LIKE_2_DEICTIC__1_UNIQUE_CANDIDATE_1_NEW_B_EDGE__C011_OCCURRENCE_BOUND__ZERO_WORD_DELTA	NONE	NONE	NONE	NONE	NONE	NONE	kalt eingeweichter Drogenstoff	0	PASS_V74_11_EDGES__9_CONNECTED_COMPONENTS__23_EDGE_NODES_2_HULL_ONLY_1_STRUCTURAL__ZERO_EDGE_WORD_DELTA	NONE	NONE	NONE	NONE	NONE	NONE	NONE	NONE	NONE	NONE	kalt eingeweichter Drogenstoff	0	PASS_V75_11_TARGET_RIGHT_CONTEXTS__7_NOMINAL_3_ACTION_1_EOS__1_EXACT_WRITTEN_RESULT__2X2_DEFAULTS_REJECTED__C012_OCCURRENCE_BOUND__ZERO_WORD_DELTA	NONE	NONE	NONE	NONE	NONE	NONE	NONE	NONE	NONE	NONE	NONE	kalt eingeweichter Drogenstoff	0	PASS_V76_83_ACTION_RIGHT_CONTEXTS__60_NOMINAL_15_ACTION_8_EOS__7_FINISHED_STATE_FIRSTS__3_LOCAL_READS_4_OPEN__C013_C014_ADDED__ZERO_WORD_DELTA
f23r	f23r.6	2	y	Hierzu:	Hierzu:	1	1	NOMINAL_BLOCK	NOT_ACTION_LICENSED	0	NONE	NONE	NONE	R009	NONE	NONE	Hierzu:	0	V68_WORDS_FROZEN__RELATION_METADATA_ONLY	NONE	NONE	NONE	NONE	NONE	Hierzu:	0	V69_TOKEN_GLOSS_BYTE_IDENTICAL__SEPARATE_WINDOW_METADATA	0	NONE	NONE	NOT_IN_ACTION_SURFACE_SCAN	Hierzu:	0	V70_TOKEN_GLOSS_BYTE_IDENTICAL__FRAME_REPLAY_METADATA_ONLY	NONE	NONE	NONE	NONE	Hierzu:	0	PASS_V72_YKA_II_III_SISTER_FRAME__5_CASES_2_REPLAY_1_NEW_B_EDGE_2_HELD__AIIN_UNBOUND__ZERO_WORD_DELTA	NONE	NONE	NONE	NONE	NONE	Hierzu:	0	PASS_V73_10_ANA_WINDOWS__1_EXACT_STATE_ONLY_2_WORKING_STATE_LIKE_2_DEICTIC__1_UNIQUE_CANDIDATE_1_NEW_B_EDGE__C011_OCCURRENCE_BOUND__ZERO_WORD_DELTA	NONE	NONE	NONE	NONE	NONE	NONE	Hierzu:	0	PASS_V74_11_EDGES__9_CONNECTED_COMPONENTS__23_EDGE_NODES_2_HULL_ONLY_1_STRUCTURAL__ZERO_EDGE_WORD_DELTA	NONE	NONE	NONE	NONE	NONE	NONE	NONE	NONE	NONE	NONE	Hierzu:	0	PASS_V75_11_TARGET_RIGHT_CONTEXTS__7_NOMINAL_3_ACTION_1_EOS__1_EXACT_WRITTEN_RESULT__2X2_DEFAULTS_REJECTED__C012_OCCURRENCE_BOUND__ZERO_WORD_DELTA	NONE	NONE	NONE	NONE	NONE	NONE	NONE	NONE	NONE	NONE	NONE	Hierzu:	0	PASS_V76_83_ACTION_RIGHT_CONTEXTS__60_NOMINAL_15_ACTION_8_EOS__7_FINISHED_STATE_FIRSTS__3_LOCAL_READS_4_OPEN__C013_C014_ADDED__ZERO_WORD_DELTA
f23r	f23r.6	3	kor	heiße Drogenportion	heiße Drogenportion	1	1	NOMINAL_BLOCK	NOT_ACTION_LICENSED	0	NONE	NONE	NONE	NONE	NONE	NONE	heiße Drogenportion	0	V68_WORDS_FROZEN__RELATION_METADATA_ONLY	NONE	NONE	NONE	NONE	NONE	heiße Drogenportion	0	V69_TOKEN_GLOSS_BYTE_IDENTICAL__SEPARATE_WINDOW_METADATA	0	NONE	NONE	NOT_IN_ACTION_SURFACE_SCAN	heiße Drogenportion	0	V70_TOKEN_GLOSS_BYTE_IDENTICAL__FRAME_REPLAY_METADATA_ONLY	V72H003	NONE	NONE	NONE	heiße Drogenportion	0	PASS_V72_YKA_II_III_SISTER_FRAME__5_CASES_2_REPLAY_1_NEW_B_EDGE_2_HELD__AIIN_UNBOUND__ZERO_WORD_DELTA	NONE	NONE	NONE	NONE	NONE	heiße Drogenportion	0	PASS_V73_10_ANA_WINDOWS__1_EXACT_STATE_ONLY_2_WORKING_STATE_LIKE_2_DEICTIC__1_UNIQUE_CANDIDATE_1_NEW_B_EDGE__C011_OCCURRENCE_BOUND__ZERO_WORD_DELTA	NONE	NONE	NONE	NONE	NONE	NONE	heiße Drogenportion	0	PASS_V74_11_EDGES__9_CONNECTED_COMPONENTS__23_EDGE_NODES_2_HULL_ONLY_1_STRUCTURAL__ZERO_EDGE_WORD_DELTA	NONE	NONE	NONE	NONE	NONE	NONE	NONE	NONE	NONE	NONE	heiße Drogenportion	0	PASS_V75_11_TARGET_RIGHT_CONTEXTS__7_NOMINAL_3_ACTION_1_EOS__1_EXACT_WRITTEN_RESULT__2X2_DEFAULTS_REJECTED__C012_OCCURRENCE_BOUND__ZERO_WORD_DELTA	NONE	NONE	NONE	NONE	NONE	NONE	NONE	NONE	NONE	NONE	NONE	heiße Drogenportion	0	PASS_V76_83_ACTION_RIGHT_CONTEXTS__60_NOMINAL_15_ACTION_8_EOS__7_FINISHED_STATE_FIRSTS__3_LOCAL_READS_4_OPEN__C013_C014_ADDED__ZERO_WORD_DELTA
f23r	f23r.6	4	qokaiin	heiß, Grad III	heiß, Grad III	1	1	NOMINAL_BLOCK	NOT_ACTION_LICENSED	0	NONE	NONE	NONE	NONE	NONE	NONE	heiß, Grad III	0	V68_WORDS_FROZEN__RELATION_METADATA_ONLY	NONE	NONE	NONE	NONE	NONE	heiß, Grad III	0	V69_TOKEN_GLOSS_BYTE_IDENTICAL__SEPARATE_WINDOW_METADATA	0	NONE	NONE	NOT_IN_ACTION_SURFACE_SCAN	heiß, Grad III	0	V70_TOKEN_GLOSS_BYTE_IDENTICAL__FRAME_REPLAY_METADATA_ONLY	V72H003	NONE	NONE	NONE	heiß, Grad III	0	PASS_V72_YKA_II_III_SISTER_FRAME__5_CASES_2_REPLAY_1_NEW_B_EDGE_2_HELD__AIIN_UNBOUND__ZERO_WORD_DELTA	NONE	NONE	NONE	NONE	NONE	heiß, Grad III	0	PASS_V73_10_ANA_WINDOWS__1_EXACT_STATE_ONLY_2_WORKING_STATE_LIKE_2_DEICTIC__1_UNIQUE_CANDIDATE_1_NEW_B_EDGE__C011_OCCURRENCE_BOUND__ZERO_WORD_DELTA	NONE	NONE	NONE	NONE	NONE	NONE	heiß, Grad III	0	PASS_V74_11_EDGES__9_CONNECTED_COMPONENTS__23_EDGE_NODES_2_HULL_ONLY_1_STRUCTURAL__ZERO_EDGE_WORD_DELTA	NONE	NONE	NONE	NONE	NONE	NONE	NONE	NONE	NONE	NONE	heiß, Grad III	0	PASS_V75_11_TARGET_RIGHT_CONTEXTS__7_NOMINAL_3_ACTION_1_EOS__1_EXACT_WRITTEN_RESULT__2X2_DEFAULTS_REJECTED__C012_OCCURRENCE_BOUND__ZERO_WORD_DELTA	NONE	NONE	NONE	NONE	NONE	NONE	NONE	NONE	NONE	NONE	NONE	heiß, Grad III	0	PASS_V76_83_ACTION_RIGHT_CONTEXTS__60_NOMINAL_15_ACTION_8_EOS__7_FINISHED_STATE_FIRSTS__3_LOCAL_READS_4_OPEN__C013_C014_ADDED__ZERO_WORD_DELTA
f23r	f23r.6	5	yky	hierzu leicht erhitzen	hierzu leicht erhitzen	1	2	ACTION_CLAUSE	GDT689_V62_ACTION_ORDINAL	1	NONE	NONE	NONE	R010	NONE	NONE	hierzu leicht erhitzen	0	V68_WORDS_FROZEN__RELATION_METADATA_ONLY	NONE	NONE	NONE	NONE	NONE	hierzu leicht erhitzen	0	V69_TOKEN_GLOSS_BYTE_IDENTICAL__SEPARATE_WINDOW_METADATA	0	NONE	NONE	NOT_IN_ACTION_SURFACE_SCAN	hierzu leicht erhitzen	0	V70_TOKEN_GLOSS_BYTE_IDENTICAL__FRAME_REPLAY_METADATA_ONLY	V72H003	NONE	NONE	KEEP_UNRESOLVED_MULTI_DONOR	hierzu leicht erhitzen	0	PASS_V72_YKA_II_III_SISTER_FRAME__5_CASES_2_REPLAY_1_NEW_B_EDGE_2_HELD__AIIN_UNBOUND__ZERO_WORD_DELTA	NONE	NONE	NONE	NONE	NONE	hierzu leicht erhitzen	0	PASS_V73_10_ANA_WINDOWS__1_EXACT_STATE_ONLY_2_WORKING_STATE_LIKE_2_DEICTIC__1_UNIQUE_CANDIDATE_1_NEW_B_EDGE__C011_OCCURRENCE_BOUND__ZERO_WORD_DELTA	NONE	NONE	NONE	NONE	NONE	NONE	hierzu leicht erhitzen	0	PASS_V74_11_EDGES__9_CONNECTED_COMPONENTS__23_EDGE_NODES_2_HULL_ONLY_1_STRUCTURAL__ZERO_EDGE_WORD_DELTA	NONE	NONE	NONE	NONE	NONE	NONE	NONE	NONE	NONE	NONE	hierzu leicht erhitzen	0	PASS_V75_11_TARGET_RIGHT_CONTEXTS__7_NOMINAL_3_ACTION_1_EOS__1_EXACT_WRITTEN_RESULT__2X2_DEFAULTS_REJECTED__C012_OCCURRENCE_BOUND__ZERO_WORD_DELTA	A029	ACTION_CLAUSE:A029	NONE	NONE	NONE	NONE	NONE	NONE	NONE	NONE	NONE	hierzu leicht erhitzen	0	PASS_V76_83_ACTION_RIGHT_CONTEXTS__60_NOMINAL_15_ACTION_8_EOS__7_FINISHED_STATE_FIRSTS__3_LOCAL_READS_4_OPEN__C013_C014_ADDED__ZERO_WORD_DELTA
f23r	f23r.6	6	dar	abgemessener Anteil I	abgemessener Anteil I	1	3	NOMINAL_BLOCK	NOT_ACTION_LICENSED	0	NONE	NONE	NONE	NONE	NONE	NONE	abgemessener Anteil I	0	V68_WORDS_FROZEN__RELATION_METADATA_ONLY	NONE	NONE	NONE	NONE	NONE	abgemessener Anteil I	0	V69_TOKEN_GLOSS_BYTE_IDENTICAL__SEPARATE_WINDOW_METADATA	0	NONE	NONE	NOT_IN_ACTION_SURFACE_SCAN	abgemessener Anteil I	0	V70_TOKEN_GLOSS_BYTE_IDENTICAL__FRAME_REPLAY_METADATA_ONLY	NONE	NONE	NONE	NONE	abgemessener Anteil I	0	PASS_V72_YKA_II_III_SISTER_FRAME__5_CASES_2_REPLAY_1_NEW_B_EDGE_2_HELD__AIIN_UNBOUND__ZERO_WORD_DELTA	NONE	NONE	NONE	NONE	NONE	abgemessener Anteil I	0	PASS_V73_10_ANA_WINDOWS__1_EXACT_STATE_ONLY_2_WORKING_STATE_LIKE_2_DEICTIC__1_UNIQUE_CANDIDATE_1_NEW_B_EDGE__C011_OCCURRENCE_BOUND__ZERO_WORD_DELTA	NONE	NONE	NONE	NONE	NONE	NONE	abgemessener Anteil I	0	PASS_V74_11_EDGES__9_CONNECTED_COMPONENTS__23_EDGE_NODES_2_HULL_ONLY_1_STRUCTURAL__ZERO_EDGE_WORD_DELTA	NONE	NONE	NONE	NONE	NONE	NONE	NONE	NONE	NONE	NONE	abgemessener Anteil I	0	PASS_V75_11_TARGET_RIGHT_CONTEXTS__7_NOMINAL_3_ACTION_1_EOS__1_EXACT_WRITTEN_RESULT__2X2_DEFAULTS_REJECTED__C012_OCCURRENCE_BOUND__ZERO_WORD_DELTA	A029	FIRST_RIGHT_ITEM:A029	NONE	NONE	NONE	NONE	NONE	NONE	NONE	NONE	NONE	abgemessener Anteil I	0	PASS_V76_83_ACTION_RIGHT_CONTEXTS__60_NOMINAL_15_ACTION_8_EOS__7_FINISHED_STATE_FIRSTS__3_LOCAL_READS_4_OPEN__C013_C014_ADDED__ZERO_WORD_DELTA
f23r	f23r.6	7	okol	heißer Ansatzstoff	heißer Ansatzstoff	1	3	NOMINAL_BLOCK	NOT_ACTION_LICENSED	0	NONE	NONE	NONE	NONE	NONE	NONE	heißer Ansatzstoff	0	V68_WORDS_FROZEN__RELATION_METADATA_ONLY	NONE	NONE	NONE	NONE	NONE	heißer Ansatzstoff	0	V69_TOKEN_GLOSS_BYTE_IDENTICAL__SEPARATE_WINDOW_METADATA	0	NONE	NONE	NOT_IN_ACTION_SURFACE_SCAN	heißer Ansatzstoff	0	V70_TOKEN_GLOSS_BYTE_IDENTICAL__FRAME_REPLAY_METADATA_ONLY	NONE	NONE	NONE	NONE	heißer Ansatzstoff	0	PASS_V72_YKA_II_III_SISTER_FRAME__5_CASES_2_REPLAY_1_NEW_B_EDGE_2_HELD__AIIN_UNBOUND__ZERO_WORD_DELTA	NONE	NONE	NONE	NONE	NONE	heißer Ansatzstoff	0	PASS_V73_10_ANA_WINDOWS__1_EXACT_STATE_ONLY_2_WORKING_STATE_LIKE_2_DEICTIC__1_UNIQUE_CANDIDATE_1_NEW_B_EDGE__C011_OCCURRENCE_BOUND__ZERO_WORD_DELTA	NONE	NONE	NONE	NONE	NONE	NONE	heißer Ansatzstoff	0	PASS_V74_11_EDGES__9_CONNECTED_COMPONENTS__23_EDGE_NODES_2_HULL_ONLY_1_STRUCTURAL__ZERO_EDGE_WORD_DELTA	NONE	NONE	NONE	NONE	NONE	NONE	NONE	NONE	NONE	NONE	heißer Ansatzstoff	0	PASS_V75_11_TARGET_RIGHT_CONTEXTS__7_NOMINAL_3_ACTION_1_EOS__1_EXACT_WRITTEN_RESULT__2X2_DEFAULTS_REJECTED__C012_OCCURRENCE_BOUND__ZERO_WORD_DELTA	NONE	NONE	NONE	NONE	NONE	NONE	NONE	NONE	NONE	NONE	NONE	heißer Ansatzstoff	0	PASS_V76_83_ACTION_RIGHT_CONTEXTS__60_NOMINAL_15_ACTION_8_EOS__7_FINISHED_STATE_FIRSTS__3_LOCAL_READS_4_OPEN__C013_C014_ADDED__ZERO_WORD_DELTA
f23r	f23r.6	8	dchey	fertige abgemessene Mittelstufen-Trockenportion	fertige abgemessene Mittelstufen-Trockenportion	1	3	NOMINAL_BLOCK	NOT_ACTION_LICENSED	0	NONE	NONE	NONE	NONE	NONE	NONE	fertige abgemessene Mittelstufen-Trockenportion	0	V68_WORDS_FROZEN__RELATION_METADATA_ONLY	NONE	NONE	NONE	NONE	NONE	fertige abgemessene Mittelstufen-Trockenportion	0	V69_TOKEN_GLOSS_BYTE_IDENTICAL__SEPARATE_WINDOW_METADATA	0	NONE	NONE	NOT_IN_ACTION_SURFACE_SCAN	fertige abgemessene Mittelstufen-Trockenportion	0	V70_TOKEN_GLOSS_BYTE_IDENTICAL__FRAME_REPLAY_METADATA_ONLY	NONE	NONE	NONE	NONE	fertige abgemessene Mittelstufen-Trockenportion	0	PASS_V72_YKA_II_III_SISTER_FRAME__5_CASES_2_REPLAY_1_NEW_B_EDGE_2_HELD__AIIN_UNBOUND__ZERO_WORD_DELTA	NONE	NONE	NONE	NONE	NONE	fertige abgemessene Mittelstufen-Trockenportion	0	PASS_V73_10_ANA_WINDOWS__1_EXACT_STATE_ONLY_2_WORKING_STATE_LIKE_2_DEICTIC__1_UNIQUE_CANDIDATE_1_NEW_B_EDGE__C011_OCCURRENCE_BOUND__ZERO_WORD_DELTA	NONE	NONE	NONE	NONE	NONE	NONE	fertige abgemessene Mittelstufen-Trockenportion	0	PASS_V74_11_EDGES__9_CONNECTED_COMPONENTS__23_EDGE_NODES_2_HULL_ONLY_1_STRUCTURAL__ZERO_EDGE_WORD_DELTA	NONE	NONE	NONE	NONE	NONE	NONE	NONE	NONE	NONE	NONE	fertige abgemessene Mittelstufen-Trockenportion	0	PASS_V75_11_TARGET_RIGHT_CONTEXTS__7_NOMINAL_3_ACTION_1_EOS__1_EXACT_WRITTEN_RESULT__2X2_DEFAULTS_REJECTED__C012_OCCURRENCE_BOUND__ZERO_WORD_DELTA	NONE	NONE	NONE	NONE	NONE	NONE	NONE	NONE	NONE	NONE	NONE	fertige abgemessene Mittelstufen-Trockenportion	0	PASS_V76_83_ACTION_RIGHT_CONTEXTS__60_NOMINAL_15_ACTION_8_EOS__7_FINISHED_STATE_FIRSTS__3_LOCAL_READS_4_OPEN__C013_C014_ADDED__ZERO_WORD_DELTA
f23r	f23r.6	9	daiidal	drei abgemessene Mengen Rohdroge I	drei abgemessene Mengen Rohdroge I	1	3	NOMINAL_BLOCK	NOT_ACTION_LICENSED	0	NONE	NONE	NONE	NONE	NONE	NONE	drei abgemessene Mengen Rohdroge I	0	V68_WORDS_FROZEN__RELATION_METADATA_ONLY	NONE	NONE	NONE	NONE	NONE	drei abgemessene Mengen Rohdroge I	0	V69_TOKEN_GLOSS_BYTE_IDENTICAL__SEPARATE_WINDOW_METADATA	0	NONE	NONE	NOT_IN_ACTION_SURFACE_SCAN	drei abgemessene Mengen Rohdroge I	0	V70_TOKEN_GLOSS_BYTE_IDENTICAL__FRAME_REPLAY_METADATA_ONLY	NONE	NONE	NONE	NONE	drei abgemessene Mengen Rohdroge I	0	PASS_V72_YKA_II_III_SISTER_FRAME__5_CASES_2_REPLAY_1_NEW_B_EDGE_2_HELD__AIIN_UNBOUND__ZERO_WORD_DELTA	NONE	NONE	NONE	NONE	NONE	drei abgemessene Mengen Rohdroge I	0	PASS_V73_10_ANA_WINDOWS__1_EXACT_STATE_ONLY_2_WORKING_STATE_LIKE_2_DEICTIC__1_UNIQUE_CANDIDATE_1_NEW_B_EDGE__C011_OCCURRENCE_BOUND__ZERO_WORD_DELTA	NONE	NONE	NONE	NONE	NONE	NONE	drei abgemessene Mengen Rohdroge I	0	PASS_V74_11_EDGES__9_CONNECTED_COMPONENTS__23_EDGE_NODES_2_HULL_ONLY_1_STRUCTURAL__ZERO_EDGE_WORD_DELTA	NONE	NONE	NONE	NONE	NONE	NONE	NONE	NONE	NONE	NONE	drei abgemessene Mengen Rohdroge I	0	PASS_V75_11_TARGET_RIGHT_CONTEXTS__7_NOMINAL_3_ACTION_1_EOS__1_EXACT_WRITTEN_RESULT__2X2_DEFAULTS_REJECTED__C012_OCCURRENCE_BOUND__ZERO_WORD_DELTA	NONE	NONE	NONE	NONE	NONE	NONE	NONE	NONE	NONE	NONE	NONE	drei abgemessene Mengen Rohdroge I	0	PASS_V76_83_ACTION_RIGHT_CONTEXTS__60_NOMINAL_15_ACTION_8_EOS__7_FINISHED_STATE_FIRSTS__3_LOCAL_READS_4_OPEN__C013_C014_ADDED__ZERO_WORD_DELTA
f23r	f23r.6	10	dam	Dosis I	Dosis I	1	3	NOMINAL_BLOCK	NOT_ACTION_LICENSED	0	NONE	NONE	NONE	NONE	NONE	NONE	Dosis I	0	V68_WORDS_FROZEN__RELATION_METADATA_ONLY	NONE	NONE	NONE	NONE	NONE	Dosis I	0	V69_TOKEN_GLOSS_BYTE_IDENTICAL__SEPARATE_WINDOW_METADATA	0	NONE	NONE	NOT_IN_ACTION_SURFACE_SCAN	Dosis I	0	V70_TOKEN_GLOSS_BYTE_IDENTICAL__FRAME_REPLAY_METADATA_ONLY	NONE	NONE	NONE	NONE	Dosis I	0	PASS_V72_YKA_II_III_SISTER_FRAME__5_CASES_2_REPLAY_1_NEW_B_EDGE_2_HELD__AIIN_UNBOUND__ZERO_WORD_DELTA	NONE	NONE	NONE	NONE	NONE	Dosis I	0	PASS_V73_10_ANA_WINDOWS__1_EXACT_STATE_ONLY_2_WORKING_STATE_LIKE_2_DEICTIC__1_UNIQUE_CANDIDATE_1_NEW_B_EDGE__C011_OCCURRENCE_BOUND__ZERO_WORD_DELTA	NONE	NONE	NONE	NONE	NONE	NONE	Dosis I	0	PASS_V74_11_EDGES__9_CONNECTED_COMPONENTS__23_EDGE_NODES_2_HULL_ONLY_1_STRUCTURAL__ZERO_EDGE_WORD_DELTA	NONE	NONE	NONE	NONE	NONE	NONE	NONE	NONE	NONE	NONE	Dosis I	0	PASS_V75_11_TARGET_RIGHT_CONTEXTS__7_NOMINAL_3_ACTION_1_EOS__1_EXACT_WRITTEN_RESULT__2X2_DEFAULTS_REJECTED__C012_OCCURRENCE_BOUND__ZERO_WORD_DELTA	NONE	NONE	NONE	NONE	NONE	NONE	NONE	NONE	NONE	NONE	NONE	Dosis I	0	PASS_V76_83_ACTION_RIGHT_CONTEXTS__60_NOMINAL_15_ACTION_8_EOS__7_FINISHED_STATE_FIRSTS__3_LOCAL_READS_4_OPEN__C013_C014_ADDED__ZERO_WORD_DELTA
f23r	f23r.6	11	ytcho	hieraus eine kalte Trockenmischung herstellen	hieraus eine kalte Trockenmischung herstellen	1	4	ACTION_CLAUSE	GDT689_V62_ACTION_ORDINAL	1	NONE	NONE	NONE	R011	NONE	NONE	hieraus eine kalte Trockenmischung herstellen	0	V68_WORDS_FROZEN__RELATION_METADATA_ONLY	NONE	NONE	NONE	NONE	NONE	hieraus eine kalte Trockenmischung herstellen	0	V69_TOKEN_GLOSS_BYTE_IDENTICAL__SEPARATE_WINDOW_METADATA	0	NONE	NONE	NOT_IN_ACTION_SURFACE_SCAN	hieraus eine kalte Trockenmischung herstellen	0	V70_TOKEN_GLOSS_BYTE_IDENTICAL__FRAME_REPLAY_METADATA_ONLY	NONE	NONE	NONE	NONE	hieraus eine kalte Trockenmischung herstellen	0	PASS_V72_YKA_II_III_SISTER_FRAME__5_CASES_2_REPLAY_1_NEW_B_EDGE_2_HELD__AIIN_UNBOUND__ZERO_WORD_DELTA	NONE	NONE	NONE	NONE	NONE	hieraus eine kalte Trockenmischung herstellen	0	PASS_V73_10_ANA_WINDOWS__1_EXACT_STATE_ONLY_2_WORKING_STATE_LIKE_2_DEICTIC__1_UNIQUE_CANDIDATE_1_NEW_B_EDGE__C011_OCCURRENCE_BOUND__ZERO_WORD_DELTA	NONE	NONE	NONE	NONE	NONE	NONE	hieraus eine kalte Trockenmischung herstellen	0	PASS_V74_11_EDGES__9_CONNECTED_COMPONENTS__23_EDGE_NODES_2_HULL_ONLY_1_STRUCTURAL__ZERO_EDGE_WORD_DELTA	NONE	NONE	NONE	NONE	NONE	NONE	NONE	NONE	NONE	NONE	hieraus eine kalte Trockenmischung herstellen	0	PASS_V75_11_TARGET_RIGHT_CONTEXTS__7_NOMINAL_3_ACTION_1_EOS__1_EXACT_WRITTEN_RESULT__2X2_DEFAULTS_REJECTED__C012_OCCURRENCE_BOUND__ZERO_WORD_DELTA	A030	ACTION_CLAUSE:A030	NONE	NONE	NONE	NONE	NONE	NONE	NONE	NONE	NONE	hieraus eine kalte Trockenmischung herstellen	0	PASS_V76_83_ACTION_RIGHT_CONTEXTS__60_NOMINAL_15_ACTION_8_EOS__7_FINISHED_STATE_FIRSTS__3_LOCAL_READS_4_OPEN__C013_C014_ADDED__ZERO_WORD_DELTA
f23r	f23r.6	12	ldals	eine Charge Holzrohstoff I abmessen	eine Charge Holzrohstoff I abmessen	1	5	ACTION_CLAUSE	GDT689_V62_ACTION_ORDINAL	1	NONE	NONE	NONE	NONE	NONE	NONE	eine Charge Holzrohstoff I abmessen	0	V68_WORDS_FROZEN__RELATION_METADATA_ONLY	NONE	NONE	NONE	NONE	NONE	eine Charge Holzrohstoff I abmessen	0	V69_TOKEN_GLOSS_BYTE_IDENTICAL__SEPARATE_WINDOW_METADATA	0	NONE	NONE	NOT_IN_ACTION_SURFACE_SCAN	eine Charge Holzrohstoff I abmessen	0	V70_TOKEN_GLOSS_BYTE_IDENTICAL__FRAME_REPLAY_METADATA_ONLY	NONE	NONE	NONE	NONE	eine Charge Holzrohstoff I abmessen	0	PASS_V72_YKA_II_III_SISTER_FRAME__5_CASES_2_REPLAY_1_NEW_B_EDGE_2_HELD__AIIN_UNBOUND__ZERO_WORD_DELTA	NONE	NONE	NONE	NONE	NONE	eine Charge Holzrohstoff I abmessen	0	PASS_V73_10_ANA_WINDOWS__1_EXACT_STATE_ONLY_2_WORKING_STATE_LIKE_2_DEICTIC__1_UNIQUE_CANDIDATE_1_NEW_B_EDGE__C011_OCCURRENCE_BOUND__ZERO_WORD_DELTA	NONE	NONE	NONE	NONE	NONE	NONE	eine Charge Holzrohstoff I abmessen	0	PASS_V74_11_EDGES__9_CONNECTED_COMPONENTS__23_EDGE_NODES_2_HULL_ONLY_1_STRUCTURAL__ZERO_EDGE_WORD_DELTA	NONE	NONE	NONE	NONE	NONE	NONE	NONE	NONE	NONE	NONE	eine Charge Holzrohstoff I abmessen	0	PASS_V75_11_TARGET_RIGHT_CONTEXTS__7_NOMINAL_3_ACTION_1_EOS__1_EXACT_WRITTEN_RESULT__2X2_DEFAULTS_REJECTED__C012_OCCURRENCE_BOUND__ZERO_WORD_DELTA	A030|A031	ACTION_CLAUSE:A031|FIRST_RIGHT_ITEM:A030	NONE	NONE	NONE	NONE	NONE	NONE	NONE	NONE	NONE	eine Charge Holzrohstoff I abmessen	0	PASS_V76_83_ACTION_RIGHT_CONTEXTS__60_NOMINAL_15_ACTION_8_EOS__7_FINISHED_STATE_FIRSTS__3_LOCAL_READS_4_OPEN__C013_C014_ADDED__ZERO_WORD_DELTA
f24v	f24v.15	1	dchey	Eine abgemessene Portion bis zur Mittelstufe trocknen	Eine abgemessene Portion bis zur Mittelstufe trocknen	1	1	ACTION_CLAUSE	GDT689_V62_ACTION_ORDINAL	1	NONE	NONE	NONE	NONE	NONE	NONE	Eine abgemessene Portion bis zur Mittelstufe trocknen	0	V68_WORDS_FROZEN__RELATION_METADATA_ONLY	NONE	NONE	NONE	NONE	NONE	Eine abgemessene Portion bis zur Mittelstufe trocknen	0	V69_TOKEN_GLOSS_BYTE_IDENTICAL__SEPARATE_WINDOW_METADATA	0	NONE	NONE	NOT_IN_ACTION_SURFACE_SCAN	Eine abgemessene Portion bis zur Mittelstufe trocknen	0	V70_TOKEN_GLOSS_BYTE_IDENTICAL__FRAME_REPLAY_METADATA_ONLY	NONE	NONE	NONE	NONE	Eine abgemessene Portion bis zur Mittelstufe trocknen	0	PASS_V72_YKA_II_III_SISTER_FRAME__5_CASES_2_REPLAY_1_NEW_B_EDGE_2_HELD__AIIN_UNBOUND__ZERO_WORD_DELTA	NONE	NONE	NONE	NONE	NONE	Eine abgemessene Portion bis zur Mittelstufe trocknen	0	PASS_V73_10_ANA_WINDOWS__1_EXACT_STATE_ONLY_2_WORKING_STATE_LIKE_2_DEICTIC__1_UNIQUE_CANDIDATE_1_NEW_B_EDGE__C011_OCCURRENCE_BOUND__ZERO_WORD_DELTA	NONE	NONE	NONE	NONE	NONE	NONE	Eine abgemessene Portion bis zur Mittelstufe trocknen	0	PASS_V74_11_EDGES__9_CONNECTED_COMPONENTS__23_EDGE_NODES_2_HULL_ONLY_1_STRUCTURAL__ZERO_EDGE_WORD_DELTA	NONE	NONE	NONE	NONE	NONE	NONE	NONE	NONE	NONE	NONE	Eine abgemessene Portion bis zur Mittelstufe trocknen	0	PASS_V75_11_TARGET_RIGHT_CONTEXTS__7_NOMINAL_3_ACTION_1_EOS__1_EXACT_WRITTEN_RESULT__2X2_DEFAULTS_REJECTED__C012_OCCURRENCE_BOUND__ZERO_WORD_DELTA	A032	ACTION_CLAUSE:A032	NONE	NONE	NONE	NONE	NONE	NONE	NONE	NONE	NONE	Eine abgemessene Portion bis zur Mittelstufe trocknen	0	PASS_V76_83_ACTION_RIGHT_CONTEXTS__60_NOMINAL_15_ACTION_8_EOS__7_FINISHED_STATE_FIRSTS__3_LOCAL_READS_4_OPEN__C013_C014_ADDED__ZERO_WORD_DELTA
f24v	f24v.15	2	kchod	heißer Auszug aus Trockengut, abgezogen und abgeschlossen	heißer Auszug aus Trockengut, abgezogen und abgeschlossen	1	2	NOMINAL_BLOCK	NOT_ACTION_LICENSED	0	NONE	NONE	NONE	NONE	NONE	NONE	heißer Auszug aus Trockengut, abgezogen und abgeschlossen	0	V68_WORDS_FROZEN__RELATION_METADATA_ONLY	NONE	NONE	NONE	NONE	NONE	heißer Auszug aus Trockengut, abgezogen und abgeschlossen	0	V69_TOKEN_GLOSS_BYTE_IDENTICAL__SEPARATE_WINDOW_METADATA	0	NONE	NONE	NOT_IN_ACTION_SURFACE_SCAN	heißer Auszug aus Trockengut, abgezogen und abgeschlossen	0	V70_TOKEN_GLOSS_BYTE_IDENTICAL__FRAME_REPLAY_METADATA_ONLY	NONE	NONE	NONE	NONE	heißer Auszug aus Trockengut, abgezogen und abgeschlossen	0	PASS_V72_YKA_II_III_SISTER_FRAME__5_CASES_2_REPLAY_1_NEW_B_EDGE_2_HELD__AIIN_UNBOUND__ZERO_WORD_DELTA	NONE	NONE	NONE	NONE	NONE	heißer Auszug aus Trockengut, abgezogen und abgeschlossen	0	PASS_V73_10_ANA_WINDOWS__1_EXACT_STATE_ONLY_2_WORKING_STATE_LIKE_2_DEICTIC__1_UNIQUE_CANDIDATE_1_NEW_B_EDGE__C011_OCCURRENCE_BOUND__ZERO_WORD_DELTA	NONE	NONE	NONE	NONE	NONE	NONE	heißer Auszug aus Trockengut, abgezogen und abgeschlossen	0	PASS_V74_11_EDGES__9_CONNECTED_COMPONENTS__23_EDGE_NODES_2_HULL_ONLY_1_STRUCTURAL__ZERO_EDGE_WORD_DELTA	NONE	NONE	NONE	NONE	NONE	NONE	NONE	NONE	NONE	NONE	heißer Auszug aus Trockengut, abgezogen und abgeschlossen	0	PASS_V75_11_TARGET_RIGHT_CONTEXTS__7_NOMINAL_3_ACTION_1_EOS__1_EXACT_WRITTEN_RESULT__2X2_DEFAULTS_REJECTED__C012_OCCURRENCE_BOUND__ZERO_WORD_DELTA	A032	FIRST_RIGHT_ITEM:A032	NONE	NONE	NONE	NONE	NONE	NONE	NONE	NONE	NONE	heißer Auszug aus Trockengut, abgezogen und abgeschlossen	0	PASS_V76_83_ACTION_RIGHT_CONTEXTS__60_NOMINAL_15_ACTION_8_EOS__7_FINISHED_STATE_FIRSTS__3_LOCAL_READS_4_OPEN__C013_C014_ADDED__ZERO_WORD_DELTA
f24v	f24v.15	3	dchal	eine Dosis angetrocknete Rohdroge I	eine Dosis angetrocknete Rohdroge I	1	2	NOMINAL_BLOCK	NOT_ACTION_LICENSED	0	NONE	NONE	NONE	NONE	NONE	NONE	eine Dosis angetrocknete Rohdroge I	0	V68_WORDS_FROZEN__RELATION_METADATA_ONLY	NONE	NONE	NONE	NONE	NONE	eine Dosis angetrocknete Rohdroge I	0	V69_TOKEN_GLOSS_BYTE_IDENTICAL__SEPARATE_WINDOW_METADATA	0	NONE	NONE	NOT_IN_ACTION_SURFACE_SCAN	eine Dosis angetrocknete Rohdroge I	0	V70_TOKEN_GLOSS_BYTE_IDENTICAL__FRAME_REPLAY_METADATA_ONLY	NONE	NONE	NONE	NONE	eine Dosis angetrocknete Rohdroge I	0	PASS_V72_YKA_II_III_SISTER_FRAME__5_CASES_2_REPLAY_1_NEW_B_EDGE_2_HELD__AIIN_UNBOUND__ZERO_WORD_DELTA	NONE	NONE	NONE	NONE	NONE	eine Dosis angetrocknete Rohdroge I	0	PASS_V73_10_ANA_WINDOWS__1_EXACT_STATE_ONLY_2_WORKING_STATE_LIKE_2_DEICTIC__1_UNIQUE_CANDIDATE_1_NEW_B_EDGE__C011_OCCURRENCE_BOUND__ZERO_WORD_DELTA	NONE	NONE	NONE	NONE	NONE	NONE	eine Dosis angetrocknete Rohdroge I	0	PASS_V74_11_EDGES__9_CONNECTED_COMPONENTS__23_EDGE_NODES_2_HULL_ONLY_1_STRUCTURAL__ZERO_EDGE_WORD_DELTA	NONE	NONE	NONE	NONE	NONE	NONE	NONE	NONE	NONE	NONE	eine Dosis angetrocknete Rohdroge I	0	PASS_V75_11_TARGET_RIGHT_CONTEXTS__7_NOMINAL_3_ACTION_1_EOS__1_EXACT_WRITTEN_RESULT__2X2_DEFAULTS_REJECTED__C012_OCCURRENCE_BOUND__ZERO_WORD_DELTA	NONE	NONE	NONE	NONE	NONE	NONE	NONE	NONE	NONE	NONE	NONE	eine Dosis angetrocknete Rohdroge I	0	PASS_V76_83_ACTION_RIGHT_CONTEXTS__60_NOMINAL_15_ACTION_8_EOS__7_FINISHED_STATE_FIRSTS__3_LOCAL_READS_4_OPEN__C013_C014_ADDED__ZERO_WORD_DELTA
f24v	f24v.15	4	ochdy	fertige Trockenmasse	fertige Trockenmasse	1	2	NOMINAL_BLOCK	NOT_ACTION_LICENSED	0	NONE	NONE	NONE	NONE	NONE	NONE	fertige Trockenmasse	0	V68_WORDS_FROZEN__RELATION_METADATA_ONLY	NONE	NONE	NONE	NONE	NONE	fertige Trockenmasse	0	V69_TOKEN_GLOSS_BYTE_IDENTICAL__SEPARATE_WINDOW_METADATA	0	NONE	NONE	NOT_IN_ACTION_SURFACE_SCAN	fertige Trockenmasse	0	V70_TOKEN_GLOSS_BYTE_IDENTICAL__FRAME_REPLAY_METADATA_ONLY	NONE	NONE	NONE	NONE	fertige Trockenmasse	0	PASS_V72_YKA_II_III_SISTER_FRAME__5_CASES_2_REPLAY_1_NEW_B_EDGE_2_HELD__AIIN_UNBOUND__ZERO_WORD_DELTA	NONE	NONE	NONE	NONE	NONE	fertige Trockenmasse	0	PASS_V73_10_ANA_WINDOWS__1_EXACT_STATE_ONLY_2_WORKING_STATE_LIKE_2_DEICTIC__1_UNIQUE_CANDIDATE_1_NEW_B_EDGE__C011_OCCURRENCE_BOUND__ZERO_WORD_DELTA	NONE	NONE	NONE	NONE	NONE	NONE	fertige Trockenmasse	0	PASS_V74_11_EDGES__9_CONNECTED_COMPONENTS__23_EDGE_NODES_2_HULL_ONLY_1_STRUCTURAL__ZERO_EDGE_WORD_DELTA	NONE	NONE	NONE	NONE	NONE	NONE	NONE	NONE	NONE	NONE	fertige Trockenmasse	0	PASS_V75_11_TARGET_RIGHT_CONTEXTS__7_NOMINAL_3_ACTION_1_EOS__1_EXACT_WRITTEN_RESULT__2X2_DEFAULTS_REJECTED__C012_OCCURRENCE_BOUND__ZERO_WORD_DELTA	NONE	NONE	NONE	NONE	NONE	NONE	NONE	NONE	NONE	NONE	NONE	fertige Trockenmasse	0	PASS_V76_83_ACTION_RIGHT_CONTEXTS__60_NOMINAL_15_ACTION_8_EOS__7_FINISHED_STATE_FIRSTS__3_LOCAL_READS_4_OPEN__C013_C014_ADDED__ZERO_WORD_DELTA
f26r	f26r.2	1	dchey	fertige abgemessene Mittelstufen-Trockenportion	fertige abgemessene Mittelstufen-Trockenportion	1	1	NOMINAL_BLOCK	NOT_ACTION_LICENSED	0	NONE	NONE	NONE	NONE	NONE	NONE	fertige abgemessene Mittelstufen-Trockenportion	0	V68_WORDS_FROZEN__RELATION_METADATA_ONLY	NONE	NONE	NONE	NONE	NONE	fertige abgemessene Mittelstufen-Trockenportion	0	V69_TOKEN_GLOSS_BYTE_IDENTICAL__SEPARATE_WINDOW_METADATA	0	NONE	NONE	NOT_IN_ACTION_SURFACE_SCAN	fertige abgemessene Mittelstufen-Trockenportion	0	V70_TOKEN_GLOSS_BYTE_IDENTICAL__FRAME_REPLAY_METADATA_ONLY	NONE	NONE	NONE	NONE	fertige abgemessene Mittelstufen-Trockenportion	0	PASS_V72_YKA_II_III_SISTER_FRAME__5_CASES_2_REPLAY_1_NEW_B_EDGE_2_HELD__AIIN_UNBOUND__ZERO_WORD_DELTA	NONE	NONE	NONE	NONE	NONE	fertige abgemessene Mittelstufen-Trockenportion	0	PASS_V73_10_ANA_WINDOWS__1_EXACT_STATE_ONLY_2_WORKING_STATE_LIKE_2_DEICTIC__1_UNIQUE_CANDIDATE_1_NEW_B_EDGE__C011_OCCURRENCE_BOUND__ZERO_WORD_DELTA	NONE	NONE	NONE	NONE	NONE	NONE	fertige abgemessene Mittelstufen-Trockenportion	0	PASS_V74_11_EDGES__9_CONNECTED_COMPONENTS__23_EDGE_NODES_2_HULL_ONLY_1_STRUCTURAL__ZERO_EDGE_WORD_DELTA	NONE	NONE	NONE	NONE	NONE	NONE	NONE	NONE	NONE	NONE	fertige abgemessene Mittelstufen-Trockenportion	0	PASS_V75_11_TARGET_RIGHT_CONTEXTS__7_NOMINAL_3_ACTION_1_EOS__1_EXACT_WRITTEN_RESULT__2X2_DEFAULTS_REJECTED__C012_OCCURRENCE_BOUND__ZERO_WORD_DELTA	NONE	NONE	NONE	NONE	NONE	NONE	NONE	NONE	NONE	NONE	NONE	fertige abgemessene Mittelstufen-Trockenportion	0	PASS_V76_83_ACTION_RIGHT_CONTEXTS__60_NOMINAL_15_ACTION_8_EOS__7_FINISHED_STATE_FIRSTS__3_LOCAL_READS_4_OPEN__C013_C014_ADDED__ZERO_WORD_DELTA
f26r	f26r.2	2	aiin	Menge III	Menge III	1	1	NOMINAL_BLOCK	NOT_ACTION_LICENSED	0	NONE	NONE	NONE	NONE	NONE	NONE	Menge III	0	V68_WORDS_FROZEN__RELATION_METADATA_ONLY	NONE	NONE	NONE	NONE	NONE	Menge III	0	V69_TOKEN_GLOSS_BYTE_IDENTICAL__SEPARATE_WINDOW_METADATA	0	NONE	NONE	NOT_IN_ACTION_SURFACE_SCAN	Menge III	0	V70_TOKEN_GLOSS_BYTE_IDENTICAL__FRAME_REPLAY_METADATA_ONLY	NONE	NONE	NONE	NONE	Menge III	0	PASS_V72_YKA_II_III_SISTER_FRAME__5_CASES_2_REPLAY_1_NEW_B_EDGE_2_HELD__AIIN_UNBOUND__ZERO_WORD_DELTA	NONE	NONE	NONE	NONE	NONE	Menge III	0	PASS_V73_10_ANA_WINDOWS__1_EXACT_STATE_ONLY_2_WORKING_STATE_LIKE_2_DEICTIC__1_UNIQUE_CANDIDATE_1_NEW_B_EDGE__C011_OCCURRENCE_BOUND__ZERO_WORD_DELTA	NONE	NONE	NONE	NONE	NONE	NONE	Menge III	0	PASS_V74_11_EDGES__9_CONNECTED_COMPONENTS__23_EDGE_NODES_2_HULL_ONLY_1_STRUCTURAL__ZERO_EDGE_WORD_DELTA	NONE	NONE	NONE	NONE	NONE	NONE	NONE	NONE	NONE	NONE	Menge III	0	PASS_V75_11_TARGET_RIGHT_CONTEXTS__7_NOMINAL_3_ACTION_1_EOS__1_EXACT_WRITTEN_RESULT__2X2_DEFAULTS_REJECTED__C012_OCCURRENCE_BOUND__ZERO_WORD_DELTA	NONE	NONE	NONE	NONE	NONE	NONE	NONE	NONE	NONE	NONE	NONE	Menge III	0	PASS_V76_83_ACTION_RIGHT_CONTEXTS__60_NOMINAL_15_ACTION_8_EOS__7_FINISHED_STATE_FIRSTS__3_LOCAL_READS_4_OPEN__C013_C014_ADDED__ZERO_WORD_DELTA
f26r	f26r.2	3	adeeody	gleicher abgemessener Teil der fertigen Zubereitung	gleicher abgemessener Teil der fertigen Zubereitung	1	1	NOMINAL_BLOCK	NOT_ACTION_LICENSED	0	NONE	NONE	NONE	NONE	NONE	H002	gleicher abgemessener Teil der fertigen Zubereitung	0	V68_WORDS_FROZEN__RELATION_METADATA_ONLY	NONE	NONE	NONE	NONE	NONE	gleicher abgemessener Teil der fertigen Zubereitung	0	V69_TOKEN_GLOSS_BYTE_IDENTICAL__SEPARATE_WINDOW_METADATA	0	NONE	NONE	NOT_IN_ACTION_SURFACE_SCAN	gleicher abgemessener Teil der fertigen Zubereitung	0	V70_TOKEN_GLOSS_BYTE_IDENTICAL__FRAME_REPLAY_METADATA_ONLY	V72H004	NONE	NONE	NONE	gleicher abgemessener Teil der fertigen Zubereitung	0	PASS_V72_YKA_II_III_SISTER_FRAME__5_CASES_2_REPLAY_1_NEW_B_EDGE_2_HELD__AIIN_UNBOUND__ZERO_WORD_DELTA	NONE	EXCLUDED_UPSTREAM_SOURCE:H002	NONE	NONE	KEEP_H002_HELD	gleicher abgemessener Teil der fertigen Zubereitung	0	PASS_V73_10_ANA_WINDOWS__1_EXACT_STATE_ONLY_2_WORKING_STATE_LIKE_2_DEICTIC__1_UNIQUE_CANDIDATE_1_NEW_B_EDGE__C011_OCCURRENCE_BOUND__ZERO_WORD_DELTA	NONE	NONE	NONE	NONE	NONE	NONE	gleicher abgemessener Teil der fertigen Zubereitung	0	PASS_V74_11_EDGES__9_CONNECTED_COMPONENTS__23_EDGE_NODES_2_HULL_ONLY_1_STRUCTURAL__ZERO_EDGE_WORD_DELTA	NONE	NONE	NONE	NONE	NONE	NONE	NONE	NONE	NONE	NONE	gleicher abgemessener Teil der fertigen Zubereitung	0	PASS_V75_11_TARGET_RIGHT_CONTEXTS__7_NOMINAL_3_ACTION_1_EOS__1_EXACT_WRITTEN_RESULT__2X2_DEFAULTS_REJECTED__C012_OCCURRENCE_BOUND__ZERO_WORD_DELTA	NONE	NONE	NONE	NONE	NONE	NONE	NONE	NONE	NONE	NONE	NONE	gleicher abgemessener Teil der fertigen Zubereitung	0	PASS_V76_83_ACTION_RIGHT_CONTEXTS__60_NOMINAL_15_ACTION_8_EOS__7_FINISHED_STATE_FIRSTS__3_LOCAL_READS_4_OPEN__C013_C014_ADDED__ZERO_WORD_DELTA
f26r	f26r.2	4	ykecthey	hiervon Krautdroge bis zur Mittelstufe erhitzen und abschließen	hiervon Krautdroge bis zur Mittelstufe erhitzen und abschließen	1	2	ACTION_CLAUSE	GDT689_V62_ACTION_ORDINAL	2	NONE	NONE	NONE	R012	NONE	H002|H003	hiervon Krautdroge bis zur Mittelstufe erhitzen und abschließen	0	V68_WORDS_FROZEN__RELATION_METADATA_ONLY	NONE	NONE	NONE	NONE	NONE	hiervon Krautdroge bis zur Mittelstufe erhitzen und abschließen	0	V69_TOKEN_GLOSS_BYTE_IDENTICAL__SEPARATE_WINDOW_METADATA	0	NONE	NONE	NOT_IN_ACTION_SURFACE_SCAN	hiervon Krautdroge bis zur Mittelstufe erhitzen und abschließen	0	V70_TOKEN_GLOSS_BYTE_IDENTICAL__FRAME_REPLAY_METADATA_ONLY	V72H004	NONE	NONE	KEEP_HELD_WRITTEN_OBJECT	hiervon Krautdroge bis zur Mittelstufe erhitzen und abschließen	0	PASS_V72_YKA_II_III_SISTER_FRAME__5_CASES_2_REPLAY_1_NEW_B_EDGE_2_HELD__AIIN_UNBOUND__ZERO_WORD_DELTA	V73A004	INFERRED_ACTION_OUTPUT_OF_WRITTEN_PATIENT:C011	C011	NONE	ADMIT_C011_OCCURRENCE_BOUND	hiervon Krautdroge bis zur Mittelstufe erhitzen und abschließen	0	PASS_V73_10_ANA_WINDOWS__1_EXACT_STATE_ONLY_2_WORKING_STATE_LIKE_2_DEICTIC__1_UNIQUE_CANDIDATE_1_NEW_B_EDGE__C011_OCCURRENCE_BOUND__ZERO_WORD_DELTA	M009	1	INFERRED_ACTION_OUTPUT_OF_WRITTEN_PATIENT:C011	C011	EDGE_NODE	Hiervon Krautdroge bis zur Mittelstufe erhitzen und abschließen [Quelle von ‚hiervon‘ offen]. [Zustandsvermerk ohne eigenen Materialträger: Mittlere Trockenstufe erreicht.] Die erhitzte Krautdroge bis zur Mittelstufe abkühlen und abschließen [C011-Arbeitshypothese].	hiervon Krautdroge bis zur Mittelstufe erhitzen und abschließen	0	PASS_V74_11_EDGES__9_CONNECTED_COMPONENTS__23_EDGE_NODES_2_HULL_ONLY_1_STRUCTURAL__ZERO_EDGE_WORD_DELTA	NONE	NONE	NONE	M009	1	INFERRED_ACTION_OUTPUT_OF_WRITTEN_PATIENT:C011	C011	EDGE_NODE	Hiervon Krautdroge bis zur Mittelstufe erhitzen und abschließen [Quelle von ‚hiervon‘ offen]. [Zustandsvermerk ohne eigenen Materialträger: Mittlere Trockenstufe erreicht.] Die erhitzte Krautdroge bis zur Mittelstufe abkühlen und abschließen [C011-Arbeitshypothese].	NONE	hiervon Krautdroge bis zur Mittelstufe erhitzen und abschließen	0	PASS_V75_11_TARGET_RIGHT_CONTEXTS__7_NOMINAL_3_ACTION_1_EOS__1_EXACT_WRITTEN_RESULT__2X2_DEFAULTS_REJECTED__C012_OCCURRENCE_BOUND__ZERO_WORD_DELTA	A033	ACTION_CLAUSE:A033	F006	ADMIT_NEW	M009	1	INFERRED_ACTION_OUTPUT_OF_WRITTEN_PATIENT:C011|SOURCE_ACTION:C013	C011|C013	EDGE_NODE	Die Krautdroge bis zur Mittelstufe erhitzen und abschließen [Quelle von ‚hiervon‘ offen]. Zustand: mittlere Trockenstufe erreicht. Dieselbe erhitzte Krautdroge bis zur Mittelstufe abkühlen und abschließen [C011/C013-Arbeitshypothese].	C013	hiervon Krautdroge bis zur Mittelstufe erhitzen und abschließen	0	PASS_V76_83_ACTION_RIGHT_CONTEXTS__60_NOMINAL_15_ACTION_8_EOS__7_FINISHED_STATE_FIRSTS__3_LOCAL_READS_4_OPEN__C013_C014_ADDED__ZERO_WORD_DELTA
f26r	f26r.2	5	chedy	mittlere Trockenstufe erreicht	mittlere Trockenstufe erreicht	1	3	NOMINAL_BLOCK	NOT_ACTION_LICENSED	0	NONE	NONE	NONE	NONE	NONE	H003	mittlere Trockenstufe erreicht	0	V68_WORDS_FROZEN__RELATION_METADATA_ONLY	NONE	NONE	NONE	NONE	NONE	mittlere Trockenstufe erreicht	0	V69_TOKEN_GLOSS_BYTE_IDENTICAL__SEPARATE_WINDOW_METADATA	0	NONE	NONE	NOT_IN_ACTION_SURFACE_SCAN	mittlere Trockenstufe erreicht	0	V70_TOKEN_GLOSS_BYTE_IDENTICAL__FRAME_REPLAY_METADATA_ONLY	NONE	NONE	NONE	NONE	mittlere Trockenstufe erreicht	0	PASS_V72_YKA_II_III_SISTER_FRAME__5_CASES_2_REPLAY_1_NEW_B_EDGE_2_HELD__AIIN_UNBOUND__ZERO_WORD_DELTA	V73A004	STATE_ONLY_CHECKPOINT:C011	NONE	EXACT_STATE_ONLY_RESULT_CHECKPOINT	EXCLUDE_FROM_C011_SOURCE_AND_DONOR	mittlere Trockenstufe erreicht	0	PASS_V73_10_ANA_WINDOWS__1_EXACT_STATE_ONLY_2_WORKING_STATE_LIKE_2_DEICTIC__1_UNIQUE_CANDIDATE_1_NEW_B_EDGE__C011_OCCURRENCE_BOUND__ZERO_WORD_DELTA	M009	2	EXACT_STATE_CHECKPOINT_HULL_ONLY:C011	NONE	HULL_ONLY	Hiervon Krautdroge bis zur Mittelstufe erhitzen und abschließen [Quelle von ‚hiervon‘ offen]. [Zustandsvermerk ohne eigenen Materialträger: Mittlere Trockenstufe erreicht.] Die erhitzte Krautdroge bis zur Mittelstufe abkühlen und abschließen [C011-Arbeitshypothese].	mittlere Trockenstufe erreicht	0	PASS_V74_11_EDGES__9_CONNECTED_COMPONENTS__23_EDGE_NODES_2_HULL_ONLY_1_STRUCTURAL__ZERO_EDGE_WORD_DELTA	NONE	NONE	NONE	M009	2	EXACT_STATE_CHECKPOINT_HULL_ONLY:C011	NONE	HULL_ONLY	Hiervon Krautdroge bis zur Mittelstufe erhitzen und abschließen [Quelle von ‚hiervon‘ offen]. [Zustandsvermerk ohne eigenen Materialträger: Mittlere Trockenstufe erreicht.] Die erhitzte Krautdroge bis zur Mittelstufe abkühlen und abschließen [C011-Arbeitshypothese].	NONE	mittlere Trockenstufe erreicht	0	PASS_V75_11_TARGET_RIGHT_CONTEXTS__7_NOMINAL_3_ACTION_1_EOS__1_EXACT_WRITTEN_RESULT__2X2_DEFAULTS_REJECTED__C012_OCCURRENCE_BOUND__ZERO_WORD_DELTA	A033	FIRST_RIGHT_ITEM:A033	F006	ADMIT_NEW	M009	2	WRITTEN_INTERMEDIATE_STATE_CHECKPOINT:C013	C013	EDGE_NODE	Die Krautdroge bis zur Mittelstufe erhitzen und abschließen [Quelle von ‚hiervon‘ offen]. Zustand: mittlere Trockenstufe erreicht. Dieselbe erhitzte Krautdroge bis zur Mittelstufe abkühlen und abschließen [C011/C013-Arbeitshypothese].	C013	mittlere Trockenstufe erreicht	0	PASS_V76_83_ACTION_RIGHT_CONTEXTS__60_NOMINAL_15_ACTION_8_EOS__7_FINISHED_STATE_FIRSTS__3_LOCAL_READS_4_OPEN__C013_C014_ADDED__ZERO_WORD_DELTA
f26r	f26r.2	6	ytedy	hiervon bis zur Mittelstufe abkühlen und abschließen	hiervon bis zur Mittelstufe abkühlen und abschließen	1	4	ACTION_CLAUSE	GDT689_V62_ACTION_ORDINAL	2	NONE	NONE	NONE	R013	NONE	H003	hiervon bis zur Mittelstufe abkühlen und abschließen	0	V68_WORDS_FROZEN__RELATION_METADATA_ONLY	NONE	NONE	NONE	NONE	NONE	hiervon bis zur Mittelstufe abkühlen und abschließen	0	V69_TOKEN_GLOSS_BYTE_IDENTICAL__SEPARATE_WINDOW_METADATA	0	NONE	NONE	NOT_IN_ACTION_SURFACE_SCAN	hiervon bis zur Mittelstufe abkühlen und abschließen	0	V70_TOKEN_GLOSS_BYTE_IDENTICAL__FRAME_REPLAY_METADATA_ONLY	NONE	NONE	NONE	NONE	hiervon bis zur Mittelstufe abkühlen und abschließen	0	PASS_V72_YKA_II_III_SISTER_FRAME__5_CASES_2_REPLAY_1_NEW_B_EDGE_2_HELD__AIIN_UNBOUND__ZERO_WORD_DELTA	V73A004	REFERENCE:C011|TARGET_ACTION:C011	C011	NONE	ADMIT_C011_OCCURRENCE_BOUND	hiervon bis zur Mittelstufe abkühlen und abschließen	0	PASS_V73_10_ANA_WINDOWS__1_EXACT_STATE_ONLY_2_WORKING_STATE_LIKE_2_DEICTIC__1_UNIQUE_CANDIDATE_1_NEW_B_EDGE__C011_OCCURRENCE_BOUND__ZERO_WORD_DELTA	M009	3	REFERENCE:C011|TARGET_ACTION:C011	C011	EDGE_NODE	Hiervon Krautdroge bis zur Mittelstufe erhitzen und abschließen [Quelle von ‚hiervon‘ offen]. [Zustandsvermerk ohne eigenen Materialträger: Mittlere Trockenstufe erreicht.] Die erhitzte Krautdroge bis zur Mittelstufe abkühlen und abschließen [C011-Arbeitshypothese].	hiervon bis zur Mittelstufe abkühlen und abschließen	0	PASS_V74_11_EDGES__9_CONNECTED_COMPONENTS__23_EDGE_NODES_2_HULL_ONLY_1_STRUCTURAL__ZERO_EDGE_WORD_DELTA	V75R011	TARGET_ACTION_CLAUSE:V75R011	NONE	M009	3	REFERENCE:C011|TARGET_ACTION:C011	C011	EDGE_NODE	Hiervon Krautdroge bis zur Mittelstufe erhitzen und abschließen [Quelle von ‚hiervon‘ offen]. [Zustandsvermerk ohne eigenen Materialträger: Mittlere Trockenstufe erreicht.] Die erhitzte Krautdroge bis zur Mittelstufe abkühlen und abschließen [C011-Arbeitshypothese].	NONE	hiervon bis zur Mittelstufe abkühlen und abschließen	0	PASS_V75_11_TARGET_RIGHT_CONTEXTS__7_NOMINAL_3_ACTION_1_EOS__1_EXACT_WRITTEN_RESULT__2X2_DEFAULTS_REJECTED__C012_OCCURRENCE_BOUND__ZERO_WORD_DELTA	A034	ACTION_CLAUSE:A034	NONE	NONE	M009	3	REFERENCE:C011|TARGET_ACTION:C011	C011	EDGE_NODE	Die Krautdroge bis zur Mittelstufe erhitzen und abschließen [Quelle von ‚hiervon‘ offen]. Zustand: mittlere Trockenstufe erreicht. Dieselbe erhitzte Krautdroge bis zur Mittelstufe abkühlen und abschließen [C011/C013-Arbeitshypothese].	NONE	hiervon bis zur Mittelstufe abkühlen und abschließen	0	PASS_V76_83_ACTION_RIGHT_CONTEXTS__60_NOMINAL_15_ACTION_8_EOS__7_FINISHED_STATE_FIRSTS__3_LOCAL_READS_4_OPEN__C013_C014_ADDED__ZERO_WORD_DELTA
f26r	f26r.2	7	dy	;	;	1	4	ACTION_CLAUSE	NOT_ACTION_LICENSED	0	NONE	NONE	NONE	NONE	NONE	NONE	;	0	V68_WORDS_FROZEN__RELATION_METADATA_ONLY	NONE	NONE	NONE	NONE	NONE	;	0	V69_TOKEN_GLOSS_BYTE_IDENTICAL__SEPARATE_WINDOW_METADATA	0	NONE	NONE	NOT_IN_ACTION_SURFACE_SCAN	;	0	V70_TOKEN_GLOSS_BYTE_IDENTICAL__FRAME_REPLAY_METADATA_ONLY	NONE	NONE	NONE	NONE	;	0	PASS_V72_YKA_II_III_SISTER_FRAME__5_CASES_2_REPLAY_1_NEW_B_EDGE_2_HELD__AIIN_UNBOUND__ZERO_WORD_DELTA	V73A004	STRUCTURAL_CLAUSE_STOP:C011	NONE	NONE	KEEP_STRUCTURAL_ONLY	;	0	PASS_V73_10_ANA_WINDOWS__1_EXACT_STATE_ONLY_2_WORKING_STATE_LIKE_2_DEICTIC__1_UNIQUE_CANDIDATE_1_NEW_B_EDGE__C011_OCCURRENCE_BOUND__ZERO_WORD_DELTA	M009	4	FREE_DY_STRUCTURAL_CLOSURE:C011	NONE	RENDER_ONLY_STRUCTURAL	Hiervon Krautdroge bis zur Mittelstufe erhitzen und abschließen [Quelle von ‚hiervon‘ offen]. [Zustandsvermerk ohne eigenen Materialträger: Mittlere Trockenstufe erreicht.] Die erhitzte Krautdroge bis zur Mittelstufe abkühlen und abschließen [C011-Arbeitshypothese].	;	0	PASS_V74_11_EDGES__9_CONNECTED_COMPONENTS__23_EDGE_NODES_2_HULL_ONLY_1_STRUCTURAL__ZERO_EDGE_WORD_DELTA	V75R011	ANTI_SKIP_CONTROL:V75R011|TARGET_ACTION_CLAUSE:V75R011	NONE	M009	4	FREE_DY_STRUCTURAL_CLOSURE:C011	NONE	RENDER_ONLY_STRUCTURAL	Hiervon Krautdroge bis zur Mittelstufe erhitzen und abschließen [Quelle von ‚hiervon‘ offen]. [Zustandsvermerk ohne eigenen Materialträger: Mittlere Trockenstufe erreicht.] Die erhitzte Krautdroge bis zur Mittelstufe abkühlen und abschließen [C011-Arbeitshypothese].	NONE	;	0	PASS_V75_11_TARGET_RIGHT_CONTEXTS__7_NOMINAL_3_ACTION_1_EOS__1_EXACT_WRITTEN_RESULT__2X2_DEFAULTS_REJECTED__C012_OCCURRENCE_BOUND__ZERO_WORD_DELTA	A034	ACTION_CLAUSE:A034	NONE	NONE	M009	4	FREE_DY_STRUCTURAL_CLOSURE:C011	NONE	RENDER_ONLY_STRUCTURAL	Die Krautdroge bis zur Mittelstufe erhitzen und abschließen [Quelle von ‚hiervon‘ offen]. Zustand: mittlere Trockenstufe erreicht. Dieselbe erhitzte Krautdroge bis zur Mittelstufe abkühlen und abschließen [C011/C013-Arbeitshypothese].	NONE	;	0	PASS_V76_83_ACTION_RIGHT_CONTEXTS__60_NOMINAL_15_ACTION_8_EOS__7_FINISHED_STATE_FIRSTS__3_LOCAL_READS_4_OPEN__C013_C014_ADDED__ZERO_WORD_DELTA
f26r	f26r.2	8	checthedy	Krautdroge mäßig trocknen, nochmals mäßig trocknen und abschließen	Krautdroge mäßig trocknen, nochmals mäßig trocknen und abschließen	1	5	ACTION_CLAUSE	GDT689_V62_ACTION_ORDINAL	3	NONE	NONE	NONE	NONE	NONE	NONE	Krautdroge mäßig trocknen, nochmals mäßig trocknen und abschließen	0	V68_WORDS_FROZEN__RELATION_METADATA_ONLY	NONE	NONE	NONE	NONE	NONE	Krautdroge mäßig trocknen, nochmals mäßig trocknen und abschließen	0	V69_TOKEN_GLOSS_BYTE_IDENTICAL__SEPARATE_WINDOW_METADATA	0	NONE	NONE	NOT_IN_ACTION_SURFACE_SCAN	Krautdroge mäßig trocknen, nochmals mäßig trocknen und abschließen	0	V70_TOKEN_GLOSS_BYTE_IDENTICAL__FRAME_REPLAY_METADATA_ONLY	NONE	NONE	NONE	NONE	Krautdroge mäßig trocknen, nochmals mäßig trocknen und abschließen	0	PASS_V72_YKA_II_III_SISTER_FRAME__5_CASES_2_REPLAY_1_NEW_B_EDGE_2_HELD__AIIN_UNBOUND__ZERO_WORD_DELTA	NONE	CARRY_STOP_WRITTEN_OBJECT	NONE	NONE	STOP_C011_BEFORE_ORDINAL_8	Krautdroge mäßig trocknen, nochmals mäßig trocknen und abschließen	0	PASS_V73_10_ANA_WINDOWS__1_EXACT_STATE_ONLY_2_WORKING_STATE_LIKE_2_DEICTIC__1_UNIQUE_CANDIDATE_1_NEW_B_EDGE__C011_OCCURRENCE_BOUND__ZERO_WORD_DELTA	NONE	NONE	NONE	NONE	NONE	NONE	Krautdroge mäßig trocknen, nochmals mäßig trocknen und abschließen	0	PASS_V74_11_EDGES__9_CONNECTED_COMPONENTS__23_EDGE_NODES_2_HULL_ONLY_1_STRUCTURAL__ZERO_EDGE_WORD_DELTA	V75R011	FIRST_RIGHT_SEMANTIC:V75R011	NONE	NONE	NONE	NONE	NONE	NONE	NONE	NONE	Krautdroge mäßig trocknen, nochmals mäßig trocknen und abschließen	0	PASS_V75_11_TARGET_RIGHT_CONTEXTS__7_NOMINAL_3_ACTION_1_EOS__1_EXACT_WRITTEN_RESULT__2X2_DEFAULTS_REJECTED__C012_OCCURRENCE_BOUND__ZERO_WORD_DELTA	A034|A035	ACTION_CLAUSE:A035|FIRST_RIGHT_ITEM:A034	NONE	NONE	NONE	NONE	NONE	NONE	NONE	NONE	NONE	Krautdroge mäßig trocknen, nochmals mäßig trocknen und abschließen	0	PASS_V76_83_ACTION_RIGHT_CONTEXTS__60_NOMINAL_15_ACTION_8_EOS__7_FINISHED_STATE_FIRSTS__3_LOCAL_READS_4_OPEN__C013_C014_ADDED__ZERO_WORD_DELTA
f26r	f26r.2	9	ls	eine Charge Holz	eine Charge Holz	1	6	NOMINAL_BLOCK	NOT_ACTION_LICENSED	0	NONE	NONE	NONE	NONE	NONE	NONE	eine Charge Holz	0	V68_WORDS_FROZEN__RELATION_METADATA_ONLY	NONE	NONE	NONE	NONE	NONE	eine Charge Holz	0	V69_TOKEN_GLOSS_BYTE_IDENTICAL__SEPARATE_WINDOW_METADATA	0	NONE	NONE	NOT_IN_ACTION_SURFACE_SCAN	eine Charge Holz	0	V70_TOKEN_GLOSS_BYTE_IDENTICAL__FRAME_REPLAY_METADATA_ONLY	NONE	NONE	NONE	NONE	eine Charge Holz	0	PASS_V72_YKA_II_III_SISTER_FRAME__5_CASES_2_REPLAY_1_NEW_B_EDGE_2_HELD__AIIN_UNBOUND__ZERO_WORD_DELTA	NONE	NONE	NONE	NONE	NONE	eine Charge Holz	0	PASS_V73_10_ANA_WINDOWS__1_EXACT_STATE_ONLY_2_WORKING_STATE_LIKE_2_DEICTIC__1_UNIQUE_CANDIDATE_1_NEW_B_EDGE__C011_OCCURRENCE_BOUND__ZERO_WORD_DELTA	NONE	NONE	NONE	NONE	NONE	NONE	eine Charge Holz	0	PASS_V74_11_EDGES__9_CONNECTED_COMPONENTS__23_EDGE_NODES_2_HULL_ONLY_1_STRUCTURAL__ZERO_EDGE_WORD_DELTA	V75R011	ANTI_SKIP_CONTROL:V75R011	NONE	NONE	NONE	NONE	NONE	NONE	NONE	NONE	eine Charge Holz	0	PASS_V75_11_TARGET_RIGHT_CONTEXTS__7_NOMINAL_3_ACTION_1_EOS__1_EXACT_WRITTEN_RESULT__2X2_DEFAULTS_REJECTED__C012_OCCURRENCE_BOUND__ZERO_WORD_DELTA	A035	FIRST_RIGHT_ITEM:A035	NONE	NONE	NONE	NONE	NONE	NONE	NONE	NONE	NONE	eine Charge Holz	0	PASS_V76_83_ACTION_RIGHT_CONTEXTS__60_NOMINAL_15_ACTION_8_EOS__7_FINISHED_STATE_FIRSTS__3_LOCAL_READS_4_OPEN__C013_C014_ADDED__ZERO_WORD_DELTA
f27r	f27r.9	1	dchey	Eine abgemessene Portion bis zur Mittelstufe trocknen	Eine abgemessene Portion bis zur Mittelstufe trocknen	1	1	ACTION_CLAUSE	GDT689_V62_ACTION_ORDINAL	1	NONE	NONE	NONE	NONE	NONE	NONE	Eine abgemessene Portion bis zur Mittelstufe trocknen	0	V68_WORDS_FROZEN__RELATION_METADATA_ONLY	NONE	NONE	NONE	NONE	NONE	Eine abgemessene Portion bis zur Mittelstufe trocknen	0	V69_TOKEN_GLOSS_BYTE_IDENTICAL__SEPARATE_WINDOW_METADATA	0	NONE	NONE	NOT_IN_ACTION_SURFACE_SCAN	Eine abgemessene Portion bis zur Mittelstufe trocknen	0	V70_TOKEN_GLOSS_BYTE_IDENTICAL__FRAME_REPLAY_METADATA_ONLY	NONE	NONE	NONE	NONE	Eine abgemessene Portion bis zur Mittelstufe trocknen	0	PASS_V72_YKA_II_III_SISTER_FRAME__5_CASES_2_REPLAY_1_NEW_B_EDGE_2_HELD__AIIN_UNBOUND__ZERO_WORD_DELTA	NONE	NONE	NONE	NONE	NONE	Eine abgemessene Portion bis zur Mittelstufe trocknen	0	PASS_V73_10_ANA_WINDOWS__1_EXACT_STATE_ONLY_2_WORKING_STATE_LIKE_2_DEICTIC__1_UNIQUE_CANDIDATE_1_NEW_B_EDGE__C011_OCCURRENCE_BOUND__ZERO_WORD_DELTA	NONE	NONE	NONE	NONE	NONE	NONE	Eine abgemessene Portion bis zur Mittelstufe trocknen	0	PASS_V74_11_EDGES__9_CONNECTED_COMPONENTS__23_EDGE_NODES_2_HULL_ONLY_1_STRUCTURAL__ZERO_EDGE_WORD_DELTA	NONE	NONE	NONE	NONE	NONE	NONE	NONE	NONE	NONE	NONE	Eine abgemessene Portion bis zur Mittelstufe trocknen	0	PASS_V75_11_TARGET_RIGHT_CONTEXTS__7_NOMINAL_3_ACTION_1_EOS__1_EXACT_WRITTEN_RESULT__2X2_DEFAULTS_REJECTED__C012_OCCURRENCE_BOUND__ZERO_WORD_DELTA	A036	ACTION_CLAUSE:A036	NONE	NONE	NONE	NONE	NONE	NONE	NONE	NONE	NONE	Eine abgemessene Portion bis zur Mittelstufe trocknen	0	PASS_V76_83_ACTION_RIGHT_CONTEXTS__60_NOMINAL_15_ACTION_8_EOS__7_FINISHED_STATE_FIRSTS__3_LOCAL_READS_4_OPEN__C013_C014_ADDED__ZERO_WORD_DELTA
f27r	f27r.9	2	keeod	vollständig erhitzter und abgezogener Auszug	vollständig erhitzter und abgezogener Auszug	1	2	NOMINAL_BLOCK	NOT_ACTION_LICENSED	0	NONE	NONE	NONE	NONE	NONE	NONE	vollständig erhitzter und abgezogener Auszug	0	V68_WORDS_FROZEN__RELATION_METADATA_ONLY	NONE	NONE	NONE	NONE	NONE	vollständig erhitzter und abgezogener Auszug	0	V69_TOKEN_GLOSS_BYTE_IDENTICAL__SEPARATE_WINDOW_METADATA	0	NONE	NONE	NOT_IN_ACTION_SURFACE_SCAN	vollständig erhitzter und abgezogener Auszug	0	V70_TOKEN_GLOSS_BYTE_IDENTICAL__FRAME_REPLAY_METADATA_ONLY	NONE	NONE	NONE	NONE	vollständig erhitzter und abgezogener Auszug	0	PASS_V72_YKA_II_III_SISTER_FRAME__5_CASES_2_REPLAY_1_NEW_B_EDGE_2_HELD__AIIN_UNBOUND__ZERO_WORD_DELTA	NONE	NONE	NONE	NONE	NONE	vollständig erhitzter und abgezogener Auszug	0	PASS_V73_10_ANA_WINDOWS__1_EXACT_STATE_ONLY_2_WORKING_STATE_LIKE_2_DEICTIC__1_UNIQUE_CANDIDATE_1_NEW_B_EDGE__C011_OCCURRENCE_BOUND__ZERO_WORD_DELTA	NONE	NONE	NONE	NONE	NONE	NONE	vollständig erhitzter und abgezogener Auszug	0	PASS_V74_11_EDGES__9_CONNECTED_COMPONENTS__23_EDGE_NODES_2_HULL_ONLY_1_STRUCTURAL__ZERO_EDGE_WORD_DELTA	NONE	NONE	NONE	NONE	NONE	NONE	NONE	NONE	NONE	NONE	vollständig erhitzter und abgezogener Auszug	0	PASS_V75_11_TARGET_RIGHT_CONTEXTS__7_NOMINAL_3_ACTION_1_EOS__1_EXACT_WRITTEN_RESULT__2X2_DEFAULTS_REJECTED__C012_OCCURRENCE_BOUND__ZERO_WORD_DELTA	A036	FIRST_RIGHT_ITEM:A036	NONE	NONE	NONE	NONE	NONE	NONE	NONE	NONE	NONE	vollständig erhitzter und abgezogener Auszug	0	PASS_V76_83_ACTION_RIGHT_CONTEXTS__60_NOMINAL_15_ACTION_8_EOS__7_FINISHED_STATE_FIRSTS__3_LOCAL_READS_4_OPEN__C013_C014_ADDED__ZERO_WORD_DELTA
f27r	f27r.9	3	shotchey	Mazerat aus kalt bis Mittelstufe getrockneter Droge	Mazerat aus kalt bis Mittelstufe getrockneter Droge	1	2	NOMINAL_BLOCK	NOT_ACTION_LICENSED	0	NONE	NONE	NONE	NONE	NONE	NONE	Mazerat aus kalt bis Mittelstufe getrockneter Droge	0	V68_WORDS_FROZEN__RELATION_METADATA_ONLY	NONE	NONE	NONE	NONE	NONE	Mazerat aus kalt bis Mittelstufe getrockneter Droge	0	V69_TOKEN_GLOSS_BYTE_IDENTICAL__SEPARATE_WINDOW_METADATA	0	NONE	NONE	NOT_IN_ACTION_SURFACE_SCAN	Mazerat aus kalt bis Mittelstufe getrockneter Droge	0	V70_TOKEN_GLOSS_BYTE_IDENTICAL__FRAME_REPLAY_METADATA_ONLY	NONE	NONE	NONE	NONE	Mazerat aus kalt bis Mittelstufe getrockneter Droge	0	PASS_V72_YKA_II_III_SISTER_FRAME__5_CASES_2_REPLAY_1_NEW_B_EDGE_2_HELD__AIIN_UNBOUND__ZERO_WORD_DELTA	NONE	NONE	NONE	NONE	NONE	Mazerat aus kalt bis Mittelstufe getrockneter Droge	0	PASS_V73_10_ANA_WINDOWS__1_EXACT_STATE_ONLY_2_WORKING_STATE_LIKE_2_DEICTIC__1_UNIQUE_CANDIDATE_1_NEW_B_EDGE__C011_OCCURRENCE_BOUND__ZERO_WORD_DELTA	NONE	NONE	NONE	NONE	NONE	NONE	Mazerat aus kalt bis Mittelstufe getrockneter Droge	0	PASS_V74_11_EDGES__9_CONNECTED_COMPONENTS__23_EDGE_NODES_2_HULL_ONLY_1_STRUCTURAL__ZERO_EDGE_WORD_DELTA	NONE	NONE	NONE	NONE	NONE	NONE	NONE	NONE	NONE	NONE	Mazerat aus kalt bis Mittelstufe getrockneter Droge	0	PASS_V75_11_TARGET_RIGHT_CONTEXTS__7_NOMINAL_3_ACTION_1_EOS__1_EXACT_WRITTEN_RESULT__2X2_DEFAULTS_REJECTED__C012_OCCURRENCE_BOUND__ZERO_WORD_DELTA	NONE	NONE	NONE	NONE	NONE	NONE	NONE	NONE	NONE	NONE	NONE	Mazerat aus kalt bis Mittelstufe getrockneter Droge	0	PASS_V76_83_ACTION_RIGHT_CONTEXTS__60_NOMINAL_15_ACTION_8_EOS__7_FINISHED_STATE_FIRSTS__3_LOCAL_READS_4_OPEN__C013_C014_ADDED__ZERO_WORD_DELTA
f27r	f27r.9	4	chol	trocken	trocken	1	2	NOMINAL_BLOCK	NOT_ACTION_LICENSED	0	NONE	NONE	NONE	NONE	NONE	NONE	trocken	0	V68_WORDS_FROZEN__RELATION_METADATA_ONLY	NONE	NONE	NONE	NONE	NONE	trocken	0	V69_TOKEN_GLOSS_BYTE_IDENTICAL__SEPARATE_WINDOW_METADATA	0	NONE	NONE	NOT_IN_ACTION_SURFACE_SCAN	trocken	0	V70_TOKEN_GLOSS_BYTE_IDENTICAL__FRAME_REPLAY_METADATA_ONLY	NONE	NONE	NONE	NONE	trocken	0	PASS_V72_YKA_II_III_SISTER_FRAME__5_CASES_2_REPLAY_1_NEW_B_EDGE_2_HELD__AIIN_UNBOUND__ZERO_WORD_DELTA	NONE	NONE	NONE	NONE	NONE	trocken	0	PASS_V73_10_ANA_WINDOWS__1_EXACT_STATE_ONLY_2_WORKING_STATE_LIKE_2_DEICTIC__1_UNIQUE_CANDIDATE_1_NEW_B_EDGE__C011_OCCURRENCE_BOUND__ZERO_WORD_DELTA	NONE	NONE	NONE	NONE	NONE	NONE	trocken	0	PASS_V74_11_EDGES__9_CONNECTED_COMPONENTS__23_EDGE_NODES_2_HULL_ONLY_1_STRUCTURAL__ZERO_EDGE_WORD_DELTA	NONE	NONE	NONE	NONE	NONE	NONE	NONE	NONE	NONE	NONE	trocken	0	PASS_V75_11_TARGET_RIGHT_CONTEXTS__7_NOMINAL_3_ACTION_1_EOS__1_EXACT_WRITTEN_RESULT__2X2_DEFAULTS_REJECTED__C012_OCCURRENCE_BOUND__ZERO_WORD_DELTA	NONE	NONE	NONE	NONE	NONE	NONE	NONE	NONE	NONE	NONE	NONE	trocken	0	PASS_V76_83_ACTION_RIGHT_CONTEXTS__60_NOMINAL_15_ACTION_8_EOS__7_FINISHED_STATE_FIRSTS__3_LOCAL_READS_4_OPEN__C013_C014_ADDED__ZERO_WORD_DELTA
f27r	f27r.9	5	oty	kalter Ansatz am Anfang des Grades	kalter Ansatz am Anfang des Grades	1	2	NOMINAL_BLOCK	NOT_ACTION_LICENSED	0	NONE	NONE	NONE	NONE	NONE	NONE	kalter Ansatz am Anfang des Grades	0	V68_WORDS_FROZEN__RELATION_METADATA_ONLY	NONE	NONE	NONE	NONE	NONE	kalter Ansatz am Anfang des Grades	0	V69_TOKEN_GLOSS_BYTE_IDENTICAL__SEPARATE_WINDOW_METADATA	0	NONE	NONE	NOT_IN_ACTION_SURFACE_SCAN	kalter Ansatz am Anfang des Grades	0	V70_TOKEN_GLOSS_BYTE_IDENTICAL__FRAME_REPLAY_METADATA_ONLY	NONE	NONE	NONE	NONE	kalter Ansatz am Anfang des Grades	0	PASS_V72_YKA_II_III_SISTER_FRAME__5_CASES_2_REPLAY_1_NEW_B_EDGE_2_HELD__AIIN_UNBOUND__ZERO_WORD_DELTA	NONE	NONE	NONE	NONE	NONE	kalter Ansatz am Anfang des Grades	0	PASS_V73_10_ANA_WINDOWS__1_EXACT_STATE_ONLY_2_WORKING_STATE_LIKE_2_DEICTIC__1_UNIQUE_CANDIDATE_1_NEW_B_EDGE__C011_OCCURRENCE_BOUND__ZERO_WORD_DELTA	NONE	NONE	NONE	NONE	NONE	NONE	kalter Ansatz am Anfang des Grades	0	PASS_V74_11_EDGES__9_CONNECTED_COMPONENTS__23_EDGE_NODES_2_HULL_ONLY_1_STRUCTURAL__ZERO_EDGE_WORD_DELTA	NONE	NONE	NONE	NONE	NONE	NONE	NONE	NONE	NONE	NONE	kalter Ansatz am Anfang des Grades	0	PASS_V75_11_TARGET_RIGHT_CONTEXTS__7_NOMINAL_3_ACTION_1_EOS__1_EXACT_WRITTEN_RESULT__2X2_DEFAULTS_REJECTED__C012_OCCURRENCE_BOUND__ZERO_WORD_DELTA	NONE	NONE	NONE	NONE	NONE	NONE	NONE	NONE	NONE	NONE	NONE	kalter Ansatz am Anfang des Grades	0	PASS_V76_83_ACTION_RIGHT_CONTEXTS__60_NOMINAL_15_ACTION_8_EOS__7_FINISHED_STATE_FIRSTS__3_LOCAL_READS_4_OPEN__C013_C014_ADDED__ZERO_WORD_DELTA
f27r	f27r.9	6	chy	trocken am Anfang des Grades	trocken am Anfang des Grades	1	2	NOMINAL_BLOCK	NOT_ACTION_LICENSED	0	NONE	NONE	NONE	NONE	NONE	NONE	trocken am Anfang des Grades	0	V68_WORDS_FROZEN__RELATION_METADATA_ONLY	NONE	NONE	NONE	NONE	NONE	trocken am Anfang des Grades	0	V69_TOKEN_GLOSS_BYTE_IDENTICAL__SEPARATE_WINDOW_METADATA	0	NONE	NONE	NOT_IN_ACTION_SURFACE_SCAN	trocken am Anfang des Grades	0	V70_TOKEN_GLOSS_BYTE_IDENTICAL__FRAME_REPLAY_METADATA_ONLY	NONE	NONE	NONE	NONE	trocken am Anfang des Grades	0	PASS_V72_YKA_II_III_SISTER_FRAME__5_CASES_2_REPLAY_1_NEW_B_EDGE_2_HELD__AIIN_UNBOUND__ZERO_WORD_DELTA	NONE	NONE	NONE	NONE	NONE	trocken am Anfang des Grades	0	PASS_V73_10_ANA_WINDOWS__1_EXACT_STATE_ONLY_2_WORKING_STATE_LIKE_2_DEICTIC__1_UNIQUE_CANDIDATE_1_NEW_B_EDGE__C011_OCCURRENCE_BOUND__ZERO_WORD_DELTA	NONE	NONE	NONE	NONE	NONE	NONE	trocken am Anfang des Grades	0	PASS_V74_11_EDGES__9_CONNECTED_COMPONENTS__23_EDGE_NODES_2_HULL_ONLY_1_STRUCTURAL__ZERO_EDGE_WORD_DELTA	NONE	NONE	NONE	NONE	NONE	NONE	NONE	NONE	NONE	NONE	trocken am Anfang des Grades	0	PASS_V75_11_TARGET_RIGHT_CONTEXTS__7_NOMINAL_3_ACTION_1_EOS__1_EXACT_WRITTEN_RESULT__2X2_DEFAULTS_REJECTED__C012_OCCURRENCE_BOUND__ZERO_WORD_DELTA	NONE	NONE	NONE	NONE	NONE	NONE	NONE	NONE	NONE	NONE	NONE	trocken am Anfang des Grades	0	PASS_V76_83_ACTION_RIGHT_CONTEXTS__60_NOMINAL_15_ACTION_8_EOS__7_FINISHED_STATE_FIRSTS__3_LOCAL_READS_4_OPEN__C013_C014_ADDED__ZERO_WORD_DELTA
f27r	f27r.9	7	tolg	ein Gran kalten Drogenmaterials	ein Gran kalten Drogenmaterials	1	2	NOMINAL_BLOCK	NOT_ACTION_LICENSED	0	NONE	NONE	NONE	NONE	NONE	NONE	ein Gran kalten Drogenmaterials	0	V68_WORDS_FROZEN__RELATION_METADATA_ONLY	NONE	NONE	NONE	NONE	NONE	ein Gran kalten Drogenmaterials	0	V69_TOKEN_GLOSS_BYTE_IDENTICAL__SEPARATE_WINDOW_METADATA	0	NONE	NONE	NOT_IN_ACTION_SURFACE_SCAN	ein Gran kalten Drogenmaterials	0	V70_TOKEN_GLOSS_BYTE_IDENTICAL__FRAME_REPLAY_METADATA_ONLY	NONE	NONE	NONE	NONE	ein Gran kalten Drogenmaterials	0	PASS_V72_YKA_II_III_SISTER_FRAME__5_CASES_2_REPLAY_1_NEW_B_EDGE_2_HELD__AIIN_UNBOUND__ZERO_WORD_DELTA	NONE	NONE	NONE	NONE	NONE	ein Gran kalten Drogenmaterials	0	PASS_V73_10_ANA_WINDOWS__1_EXACT_STATE_ONLY_2_WORKING_STATE_LIKE_2_DEICTIC__1_UNIQUE_CANDIDATE_1_NEW_B_EDGE__C011_OCCURRENCE_BOUND__ZERO_WORD_DELTA	NONE	NONE	NONE	NONE	NONE	NONE	ein Gran kalten Drogenmaterials	0	PASS_V74_11_EDGES__9_CONNECTED_COMPONENTS__23_EDGE_NODES_2_HULL_ONLY_1_STRUCTURAL__ZERO_EDGE_WORD_DELTA	NONE	NONE	NONE	NONE	NONE	NONE	NONE	NONE	NONE	NONE	ein Gran kalten Drogenmaterials	0	PASS_V75_11_TARGET_RIGHT_CONTEXTS__7_NOMINAL_3_ACTION_1_EOS__1_EXACT_WRITTEN_RESULT__2X2_DEFAULTS_REJECTED__C012_OCCURRENCE_BOUND__ZERO_WORD_DELTA	NONE	NONE	NONE	NONE	NONE	NONE	NONE	NONE	NONE	NONE	NONE	ein Gran kalten Drogenmaterials	0	PASS_V76_83_ACTION_RIGHT_CONTEXTS__60_NOMINAL_15_ACTION_8_EOS__7_FINISHED_STATE_FIRSTS__3_LOCAL_READS_4_OPEN__C013_C014_ADDED__ZERO_WORD_DELTA
f30r	f30r.9	1	dchey	Eine abgemessene Portion bis zur Mittelstufe trocknen	Eine abgemessene Portion bis zur Mittelstufe trocknen	1	1	ACTION_CLAUSE	GDT689_V62_ACTION_ORDINAL	1	NONE	NONE	NONE	NONE	NONE	NONE	Eine abgemessene Portion bis zur Mittelstufe trocknen	0	V68_WORDS_FROZEN__RELATION_METADATA_ONLY	NONE	NONE	NONE	NONE	NONE	Eine abgemessene Portion bis zur Mittelstufe trocknen	0	V69_TOKEN_GLOSS_BYTE_IDENTICAL__SEPARATE_WINDOW_METADATA	0	NONE	NONE	NOT_IN_ACTION_SURFACE_SCAN	Eine abgemessene Portion bis zur Mittelstufe trocknen	0	V70_TOKEN_GLOSS_BYTE_IDENTICAL__FRAME_REPLAY_METADATA_ONLY	NONE	NONE	NONE	NONE	Eine abgemessene Portion bis zur Mittelstufe trocknen	0	PASS_V72_YKA_II_III_SISTER_FRAME__5_CASES_2_REPLAY_1_NEW_B_EDGE_2_HELD__AIIN_UNBOUND__ZERO_WORD_DELTA	NONE	NONE	NONE	NONE	NONE	Eine abgemessene Portion bis zur Mittelstufe trocknen	0	PASS_V73_10_ANA_WINDOWS__1_EXACT_STATE_ONLY_2_WORKING_STATE_LIKE_2_DEICTIC__1_UNIQUE_CANDIDATE_1_NEW_B_EDGE__C011_OCCURRENCE_BOUND__ZERO_WORD_DELTA	NONE	NONE	NONE	NONE	NONE	NONE	Eine abgemessene Portion bis zur Mittelstufe trocknen	0	PASS_V74_11_EDGES__9_CONNECTED_COMPONENTS__23_EDGE_NODES_2_HULL_ONLY_1_STRUCTURAL__ZERO_EDGE_WORD_DELTA	NONE	NONE	NONE	NONE	NONE	NONE	NONE	NONE	NONE	NONE	Eine abgemessene Portion bis zur Mittelstufe trocknen	0	PASS_V75_11_TARGET_RIGHT_CONTEXTS__7_NOMINAL_3_ACTION_1_EOS__1_EXACT_WRITTEN_RESULT__2X2_DEFAULTS_REJECTED__C012_OCCURRENCE_BOUND__ZERO_WORD_DELTA	A037	ACTION_CLAUSE:A037	NONE	NONE	NONE	NONE	NONE	NONE	NONE	NONE	NONE	Eine abgemessene Portion bis zur Mittelstufe trocknen	0	PASS_V76_83_ACTION_RIGHT_CONTEXTS__60_NOMINAL_15_ACTION_8_EOS__7_FINISHED_STATE_FIRSTS__3_LOCAL_READS_4_OPEN__C013_C014_ADDED__ZERO_WORD_DELTA
f30r	f30r.9	2	qochar	trockenen Drogenanteil I nehmen	trockenen Drogenanteil I nehmen	1	2	ACTION_CLAUSE	GDT689_V62_ACTION_ORDINAL	1	NONE	NONE	NONE	NONE	NONE	NONE	trockenen Drogenanteil I nehmen	0	V68_WORDS_FROZEN__RELATION_METADATA_ONLY	NONE	NONE	NONE	NONE	NONE	trockenen Drogenanteil I nehmen	0	V69_TOKEN_GLOSS_BYTE_IDENTICAL__SEPARATE_WINDOW_METADATA	0	NONE	NONE	NOT_IN_ACTION_SURFACE_SCAN	trockenen Drogenanteil I nehmen	0	V70_TOKEN_GLOSS_BYTE_IDENTICAL__FRAME_REPLAY_METADATA_ONLY	NONE	NONE	NONE	NONE	trockenen Drogenanteil I nehmen	0	PASS_V72_YKA_II_III_SISTER_FRAME__5_CASES_2_REPLAY_1_NEW_B_EDGE_2_HELD__AIIN_UNBOUND__ZERO_WORD_DELTA	NONE	NONE	NONE	NONE	NONE	trockenen Drogenanteil I nehmen	0	PASS_V73_10_ANA_WINDOWS__1_EXACT_STATE_ONLY_2_WORKING_STATE_LIKE_2_DEICTIC__1_UNIQUE_CANDIDATE_1_NEW_B_EDGE__C011_OCCURRENCE_BOUND__ZERO_WORD_DELTA	NONE	NONE	NONE	NONE	NONE	NONE	trockenen Drogenanteil I nehmen	0	PASS_V74_11_EDGES__9_CONNECTED_COMPONENTS__23_EDGE_NODES_2_HULL_ONLY_1_STRUCTURAL__ZERO_EDGE_WORD_DELTA	NONE	NONE	NONE	NONE	NONE	NONE	NONE	NONE	NONE	NONE	trockenen Drogenanteil I nehmen	0	PASS_V75_11_TARGET_RIGHT_CONTEXTS__7_NOMINAL_3_ACTION_1_EOS__1_EXACT_WRITTEN_RESULT__2X2_DEFAULTS_REJECTED__C012_OCCURRENCE_BOUND__ZERO_WORD_DELTA	A037|A038	ACTION_CLAUSE:A038|FIRST_RIGHT_ITEM:A037	NONE	NONE	NONE	NONE	NONE	NONE	NONE	NONE	NONE	trockenen Drogenanteil I nehmen	0	PASS_V76_83_ACTION_RIGHT_CONTEXTS__60_NOMINAL_15_ACTION_8_EOS__7_FINISHED_STATE_FIRSTS__3_LOCAL_READS_4_OPEN__C013_C014_ADDED__ZERO_WORD_DELTA
f30r	f30r.9	3	chol	trocken	trocken	1	3	NOMINAL_BLOCK	NOT_ACTION_LICENSED	0	NONE	NONE	NONE	NONE	NONE	NONE	trocken	0	V68_WORDS_FROZEN__RELATION_METADATA_ONLY	NONE	NONE	NONE	NONE	NONE	trocken	0	V69_TOKEN_GLOSS_BYTE_IDENTICAL__SEPARATE_WINDOW_METADATA	0	NONE	NONE	NOT_IN_ACTION_SURFACE_SCAN	trocken	0	V70_TOKEN_GLOSS_BYTE_IDENTICAL__FRAME_REPLAY_METADATA_ONLY	NONE	NONE	NONE	NONE	trocken	0	PASS_V72_YKA_II_III_SISTER_FRAME__5_CASES_2_REPLAY_1_NEW_B_EDGE_2_HELD__AIIN_UNBOUND__ZERO_WORD_DELTA	NONE	NONE	NONE	NONE	NONE	trocken	0	PASS_V73_10_ANA_WINDOWS__1_EXACT_STATE_ONLY_2_WORKING_STATE_LIKE_2_DEICTIC__1_UNIQUE_CANDIDATE_1_NEW_B_EDGE__C011_OCCURRENCE_BOUND__ZERO_WORD_DELTA	NONE	NONE	NONE	NONE	NONE	NONE	trocken	0	PASS_V74_11_EDGES__9_CONNECTED_COMPONENTS__23_EDGE_NODES_2_HULL_ONLY_1_STRUCTURAL__ZERO_EDGE_WORD_DELTA	NONE	NONE	NONE	NONE	NONE	NONE	NONE	NONE	NONE	NONE	trocken	0	PASS_V75_11_TARGET_RIGHT_CONTEXTS__7_NOMINAL_3_ACTION_1_EOS__1_EXACT_WRITTEN_RESULT__2X2_DEFAULTS_REJECTED__C012_OCCURRENCE_BOUND__ZERO_WORD_DELTA	A038	FIRST_RIGHT_ITEM:A038	NONE	NONE	NONE	NONE	NONE	NONE	NONE	NONE	NONE	trocken	0	PASS_V76_83_ACTION_RIGHT_CONTEXTS__60_NOMINAL_15_ACTION_8_EOS__7_FINISHED_STATE_FIRSTS__3_LOCAL_READS_4_OPEN__C013_C014_ADDED__ZERO_WORD_DELTA
f30r	f30r.9	4	keeaiin	vollständig erhitzt, Stufe III	vollständig erhitzt, Stufe III	1	3	NOMINAL_BLOCK	NOT_ACTION_LICENSED	0	NONE	NONE	NONE	NONE	NONE	NONE	vollständig erhitzt, Stufe III	0	V68_WORDS_FROZEN__RELATION_METADATA_ONLY	NONE	NONE	NONE	NONE	NONE	vollständig erhitzt, Stufe III	0	V69_TOKEN_GLOSS_BYTE_IDENTICAL__SEPARATE_WINDOW_METADATA	0	NONE	NONE	NOT_IN_ACTION_SURFACE_SCAN	vollständig erhitzt, Stufe III	0	V70_TOKEN_GLOSS_BYTE_IDENTICAL__FRAME_REPLAY_METADATA_ONLY	NONE	NONE	NONE	NONE	vollständig erhitzt, Stufe III	0	PASS_V72_YKA_II_III_SISTER_FRAME__5_CASES_2_REPLAY_1_NEW_B_EDGE_2_HELD__AIIN_UNBOUND__ZERO_WORD_DELTA	NONE	NONE	NONE	NONE	NONE	vollständig erhitzt, Stufe III	0	PASS_V73_10_ANA_WINDOWS__1_EXACT_STATE_ONLY_2_WORKING_STATE_LIKE_2_DEICTIC__1_UNIQUE_CANDIDATE_1_NEW_B_EDGE__C011_OCCURRENCE_BOUND__ZERO_WORD_DELTA	NONE	NONE	NONE	NONE	NONE	NONE	vollständig erhitzt, Stufe III	0	PASS_V74_11_EDGES__9_CONNECTED_COMPONENTS__23_EDGE_NODES_2_HULL_ONLY_1_STRUCTURAL__ZERO_EDGE_WORD_DELTA	NONE	NONE	NONE	NONE	NONE	NONE	NONE	NONE	NONE	NONE	vollständig erhitzt, Stufe III	0	PASS_V75_11_TARGET_RIGHT_CONTEXTS__7_NOMINAL_3_ACTION_1_EOS__1_EXACT_WRITTEN_RESULT__2X2_DEFAULTS_REJECTED__C012_OCCURRENCE_BOUND__ZERO_WORD_DELTA	NONE	NONE	NONE	NONE	NONE	NONE	NONE	NONE	NONE	NONE	NONE	vollständig erhitzt, Stufe III	0	PASS_V76_83_ACTION_RIGHT_CONTEXTS__60_NOMINAL_15_ACTION_8_EOS__7_FINISHED_STATE_FIRSTS__3_LOCAL_READS_4_OPEN__C013_C014_ADDED__ZERO_WORD_DELTA
f30r	f30r.9	5	chcthey	Krautdroge bis zur mittleren Stufe trocknen	Krautdroge bis zur mittleren Stufe trocknen	1	4	ACTION_CLAUSE	GDT689_V62_ACTION_ORDINAL	1	NONE	NONE	NONE	NONE	NONE	NONE	Krautdroge bis zur mittleren Stufe trocknen	0	V68_WORDS_FROZEN__RELATION_METADATA_ONLY	NONE	NONE	NONE	NONE	NONE	Krautdroge bis zur mittleren Stufe trocknen	0	V69_TOKEN_GLOSS_BYTE_IDENTICAL__SEPARATE_WINDOW_METADATA	0	NONE	NONE	NOT_IN_ACTION_SURFACE_SCAN	Krautdroge bis zur mittleren Stufe trocknen	0	V70_TOKEN_GLOSS_BYTE_IDENTICAL__FRAME_REPLAY_METADATA_ONLY	NONE	NONE	NONE	NONE	Krautdroge bis zur mittleren Stufe trocknen	0	PASS_V72_YKA_II_III_SISTER_FRAME__5_CASES_2_REPLAY_1_NEW_B_EDGE_2_HELD__AIIN_UNBOUND__ZERO_WORD_DELTA	V73A005	NONE	NONE	NONE	NONE	Krautdroge bis zur mittleren Stufe trocknen	0	PASS_V73_10_ANA_WINDOWS__1_EXACT_STATE_ONLY_2_WORKING_STATE_LIKE_2_DEICTIC__1_UNIQUE_CANDIDATE_1_NEW_B_EDGE__C011_OCCURRENCE_BOUND__ZERO_WORD_DELTA	NONE	NONE	NONE	NONE	NONE	NONE	Krautdroge bis zur mittleren Stufe trocknen	0	PASS_V74_11_EDGES__9_CONNECTED_COMPONENTS__23_EDGE_NODES_2_HULL_ONLY_1_STRUCTURAL__ZERO_EDGE_WORD_DELTA	NONE	NONE	NONE	NONE	NONE	NONE	NONE	NONE	NONE	NONE	Krautdroge bis zur mittleren Stufe trocknen	0	PASS_V75_11_TARGET_RIGHT_CONTEXTS__7_NOMINAL_3_ACTION_1_EOS__1_EXACT_WRITTEN_RESULT__2X2_DEFAULTS_REJECTED__C012_OCCURRENCE_BOUND__ZERO_WORD_DELTA	A039	ACTION_CLAUSE:A039	NONE	NONE	NONE	NONE	NONE	NONE	NONE	NONE	NONE	Krautdroge bis zur mittleren Stufe trocknen	0	PASS_V76_83_ACTION_RIGHT_CONTEXTS__60_NOMINAL_15_ACTION_8_EOS__7_FINISHED_STATE_FIRSTS__3_LOCAL_READS_4_OPEN__C013_C014_ADDED__ZERO_WORD_DELTA
f30r	f30r.9	6	chor	Pflanzenteil	Pflanzenteil	1	5	NOMINAL_BLOCK	NOT_ACTION_LICENSED	0	NONE	NONE	NONE	NONE	NONE	P003	Pflanzenteil	0	V68_WORDS_FROZEN__RELATION_METADATA_ONLY	NONE	NONE	NONE	NONE	NONE	Pflanzenteil	0	V69_TOKEN_GLOSS_BYTE_IDENTICAL__SEPARATE_WINDOW_METADATA	0	NONE	NONE	NOT_IN_ACTION_SURFACE_SCAN	Pflanzenteil	0	V70_TOKEN_GLOSS_BYTE_IDENTICAL__FRAME_REPLAY_METADATA_ONLY	NONE	NONE	NONE	NONE	Pflanzenteil	0	PASS_V72_YKA_II_III_SISTER_FRAME__5_CASES_2_REPLAY_1_NEW_B_EDGE_2_HELD__AIIN_UNBOUND__ZERO_WORD_DELTA	V73A005	NONE	NONE	NONE	NONE	Pflanzenteil	0	PASS_V73_10_ANA_WINDOWS__1_EXACT_STATE_ONLY_2_WORKING_STATE_LIKE_2_DEICTIC__1_UNIQUE_CANDIDATE_1_NEW_B_EDGE__C011_OCCURRENCE_BOUND__ZERO_WORD_DELTA	NONE	NONE	NONE	NONE	NONE	NONE	Pflanzenteil	0	PASS_V74_11_EDGES__9_CONNECTED_COMPONENTS__23_EDGE_NODES_2_HULL_ONLY_1_STRUCTURAL__ZERO_EDGE_WORD_DELTA	NONE	NONE	NONE	NONE	NONE	NONE	NONE	NONE	NONE	NONE	Pflanzenteil	0	PASS_V75_11_TARGET_RIGHT_CONTEXTS__7_NOMINAL_3_ACTION_1_EOS__1_EXACT_WRITTEN_RESULT__2X2_DEFAULTS_REJECTED__C012_OCCURRENCE_BOUND__ZERO_WORD_DELTA	A039	FIRST_RIGHT_ITEM:A039	NONE	NONE	NONE	NONE	NONE	NONE	NONE	NONE	NONE	Pflanzenteil	0	PASS_V76_83_ACTION_RIGHT_CONTEXTS__60_NOMINAL_15_ACTION_8_EOS__7_FINISHED_STATE_FIRSTS__3_LOCAL_READS_4_OPEN__C013_C014_ADDED__ZERO_WORD_DELTA
f30r	f30r.9	7	cheky	bis zur mittleren Trockenstufe, dann leicht erhitzen	bis zur mittleren Trockenstufe, dann leicht erhitzen	1	6	ACTION_CLAUSE	GDT689_V62_ACTION_ORDINAL	1	NONE	NONE	NONE	NONE	NONE	P003	bis zur mittleren Trockenstufe, dann leicht erhitzen	0	V68_WORDS_FROZEN__RELATION_METADATA_ONLY	NONE	NONE	NONE	NONE	NONE	bis zur mittleren Trockenstufe, dann leicht erhitzen	0	V69_TOKEN_GLOSS_BYTE_IDENTICAL__SEPARATE_WINDOW_METADATA	0	NONE	NONE	NOT_IN_ACTION_SURFACE_SCAN	bis zur mittleren Trockenstufe, dann leicht erhitzen	0	V70_TOKEN_GLOSS_BYTE_IDENTICAL__FRAME_REPLAY_METADATA_ONLY	NONE	NONE	NONE	NONE	bis zur mittleren Trockenstufe, dann leicht erhitzen	0	PASS_V72_YKA_II_III_SISTER_FRAME__5_CASES_2_REPLAY_1_NEW_B_EDGE_2_HELD__AIIN_UNBOUND__ZERO_WORD_DELTA	V73A005	NONE	NONE	NONE	NONE	bis zur mittleren Trockenstufe, dann leicht erhitzen	0	PASS_V73_10_ANA_WINDOWS__1_EXACT_STATE_ONLY_2_WORKING_STATE_LIKE_2_DEICTIC__1_UNIQUE_CANDIDATE_1_NEW_B_EDGE__C011_OCCURRENCE_BOUND__ZERO_WORD_DELTA	NONE	NONE	NONE	NONE	NONE	NONE	bis zur mittleren Trockenstufe, dann leicht erhitzen	0	PASS_V74_11_EDGES__9_CONNECTED_COMPONENTS__23_EDGE_NODES_2_HULL_ONLY_1_STRUCTURAL__ZERO_EDGE_WORD_DELTA	NONE	NONE	NONE	NONE	NONE	NONE	NONE	NONE	NONE	NONE	bis zur mittleren Trockenstufe, dann leicht erhitzen	0	PASS_V75_11_TARGET_RIGHT_CONTEXTS__7_NOMINAL_3_ACTION_1_EOS__1_EXACT_WRITTEN_RESULT__2X2_DEFAULTS_REJECTED__C012_OCCURRENCE_BOUND__ZERO_WORD_DELTA	A040	ACTION_CLAUSE:A040	NONE	NONE	NONE	NONE	NONE	NONE	NONE	NONE	NONE	bis zur mittleren Trockenstufe, dann leicht erhitzen	0	PASS_V76_83_ACTION_RIGHT_CONTEXTS__60_NOMINAL_15_ACTION_8_EOS__7_FINISHED_STATE_FIRSTS__3_LOCAL_READS_4_OPEN__C013_C014_ADDED__ZERO_WORD_DELTA
f49r	f49r.16	1	qocho	getrocknete Droge nehmen	getrocknete Droge nehmen	1	1	ACTION_CLAUSE	GDT689_V62_ACTION_ORDINAL	1	NONE	NONE	NONE	NONE	NONE	NONE	getrocknete Droge nehmen	0	V68_WORDS_FROZEN__RELATION_METADATA_ONLY	NONE	NONE	NONE	NONE	NONE	getrocknete Droge nehmen	0	V69_TOKEN_GLOSS_BYTE_IDENTICAL__SEPARATE_WINDOW_METADATA	0	NONE	NONE	NOT_IN_ACTION_SURFACE_SCAN	getrocknete Droge nehmen	0	V70_TOKEN_GLOSS_BYTE_IDENTICAL__FRAME_REPLAY_METADATA_ONLY	NONE	NONE	NONE	NONE	getrocknete Droge nehmen	0	PASS_V72_YKA_II_III_SISTER_FRAME__5_CASES_2_REPLAY_1_NEW_B_EDGE_2_HELD__AIIN_UNBOUND__ZERO_WORD_DELTA	NONE	NONE	NONE	NONE	NONE	getrocknete Droge nehmen	0	PASS_V73_10_ANA_WINDOWS__1_EXACT_STATE_ONLY_2_WORKING_STATE_LIKE_2_DEICTIC__1_UNIQUE_CANDIDATE_1_NEW_B_EDGE__C011_OCCURRENCE_BOUND__ZERO_WORD_DELTA	NONE	NONE	NONE	NONE	NONE	NONE	getrocknete Droge nehmen	0	PASS_V74_11_EDGES__9_CONNECTED_COMPONENTS__23_EDGE_NODES_2_HULL_ONLY_1_STRUCTURAL__ZERO_EDGE_WORD_DELTA	NONE	NONE	NONE	NONE	NONE	NONE	NONE	NONE	NONE	NONE	getrocknete Droge nehmen	0	PASS_V75_11_TARGET_RIGHT_CONTEXTS__7_NOMINAL_3_ACTION_1_EOS__1_EXACT_WRITTEN_RESULT__2X2_DEFAULTS_REJECTED__C012_OCCURRENCE_BOUND__ZERO_WORD_DELTA	A041	ACTION_CLAUSE:A041	NONE	NONE	NONE	NONE	NONE	NONE	NONE	NONE	NONE	getrocknete Droge nehmen	0	PASS_V76_83_ACTION_RIGHT_CONTEXTS__60_NOMINAL_15_ACTION_8_EOS__7_FINISHED_STATE_FIRSTS__3_LOCAL_READS_4_OPEN__C013_C014_ADDED__ZERO_WORD_DELTA
f49r	f49r.16	2	cheey	trocken am Ende des Grades	trocken am Ende des Grades	1	2	NOMINAL_BLOCK	NOT_ACTION_LICENSED	0	NONE	NONE	NONE	NONE	NONE	NONE	trocken am Ende des Grades	0	V68_WORDS_FROZEN__RELATION_METADATA_ONLY	NONE	NONE	NONE	NONE	NONE	trocken am Ende des Grades	0	V69_TOKEN_GLOSS_BYTE_IDENTICAL__SEPARATE_WINDOW_METADATA	0	NONE	NONE	NOT_IN_ACTION_SURFACE_SCAN	trocken am Ende des Grades	0	V70_TOKEN_GLOSS_BYTE_IDENTICAL__FRAME_REPLAY_METADATA_ONLY	NONE	NONE	NONE	NONE	trocken am Ende des Grades	0	PASS_V72_YKA_II_III_SISTER_FRAME__5_CASES_2_REPLAY_1_NEW_B_EDGE_2_HELD__AIIN_UNBOUND__ZERO_WORD_DELTA	NONE	NONE	NONE	NONE	NONE	trocken am Ende des Grades	0	PASS_V73_10_ANA_WINDOWS__1_EXACT_STATE_ONLY_2_WORKING_STATE_LIKE_2_DEICTIC__1_UNIQUE_CANDIDATE_1_NEW_B_EDGE__C011_OCCURRENCE_BOUND__ZERO_WORD_DELTA	NONE	NONE	NONE	NONE	NONE	NONE	trocken am Ende des Grades	0	PASS_V74_11_EDGES__9_CONNECTED_COMPONENTS__23_EDGE_NODES_2_HULL_ONLY_1_STRUCTURAL__ZERO_EDGE_WORD_DELTA	NONE	NONE	NONE	NONE	NONE	NONE	NONE	NONE	NONE	NONE	trocken am Ende des Grades	0	PASS_V75_11_TARGET_RIGHT_CONTEXTS__7_NOMINAL_3_ACTION_1_EOS__1_EXACT_WRITTEN_RESULT__2X2_DEFAULTS_REJECTED__C012_OCCURRENCE_BOUND__ZERO_WORD_DELTA	A041	FIRST_RIGHT_ITEM:A041	NONE	NONE	NONE	NONE	NONE	NONE	NONE	NONE	NONE	trocken am Ende des Grades	0	PASS_V76_83_ACTION_RIGHT_CONTEXTS__60_NOMINAL_15_ACTION_8_EOS__7_FINISHED_STATE_FIRSTS__3_LOCAL_READS_4_OPEN__C013_C014_ADDED__ZERO_WORD_DELTA
f49r	f49r.16	3	dchey	fertige abgemessene Mittelstufen-Trockenportion	fertige abgemessene Mittelstufen-Trockenportion	1	2	NOMINAL_BLOCK	NOT_ACTION_LICENSED	0	NONE	NONE	NONE	NONE	NONE	P004	fertige abgemessene Mittelstufen-Trockenportion	0	V68_WORDS_FROZEN__RELATION_METADATA_ONLY	NONE	NONE	NONE	NONE	NONE	fertige abgemessene Mittelstufen-Trockenportion	0	V69_TOKEN_GLOSS_BYTE_IDENTICAL__SEPARATE_WINDOW_METADATA	0	NONE	NONE	NOT_IN_ACTION_SURFACE_SCAN	fertige abgemessene Mittelstufen-Trockenportion	0	V70_TOKEN_GLOSS_BYTE_IDENTICAL__FRAME_REPLAY_METADATA_ONLY	NONE	NONE	NONE	NONE	fertige abgemessene Mittelstufen-Trockenportion	0	PASS_V72_YKA_II_III_SISTER_FRAME__5_CASES_2_REPLAY_1_NEW_B_EDGE_2_HELD__AIIN_UNBOUND__ZERO_WORD_DELTA	NONE	NONE	NONE	NONE	NONE	fertige abgemessene Mittelstufen-Trockenportion	0	PASS_V73_10_ANA_WINDOWS__1_EXACT_STATE_ONLY_2_WORKING_STATE_LIKE_2_DEICTIC__1_UNIQUE_CANDIDATE_1_NEW_B_EDGE__C011_OCCURRENCE_BOUND__ZERO_WORD_DELTA	NONE	NONE	NONE	NONE	NONE	NONE	fertige abgemessene Mittelstufen-Trockenportion	0	PASS_V74_11_EDGES__9_CONNECTED_COMPONENTS__23_EDGE_NODES_2_HULL_ONLY_1_STRUCTURAL__ZERO_EDGE_WORD_DELTA	NONE	NONE	NONE	NONE	NONE	NONE	NONE	NONE	NONE	NONE	fertige abgemessene Mittelstufen-Trockenportion	0	PASS_V75_11_TARGET_RIGHT_CONTEXTS__7_NOMINAL_3_ACTION_1_EOS__1_EXACT_WRITTEN_RESULT__2X2_DEFAULTS_REJECTED__C012_OCCURRENCE_BOUND__ZERO_WORD_DELTA	NONE	NONE	NONE	NONE	NONE	NONE	NONE	NONE	NONE	NONE	NONE	fertige abgemessene Mittelstufen-Trockenportion	0	PASS_V76_83_ACTION_RIGHT_CONTEXTS__60_NOMINAL_15_ACTION_8_EOS__7_FINISHED_STATE_FIRSTS__3_LOCAL_READS_4_OPEN__C013_C014_ADDED__ZERO_WORD_DELTA
f49r	f49r.16	4	qotchody	abkühlen, bis zur Mittelstufe trocknen und neu ansetzen	abkühlen, bis zur Mittelstufe trocknen und neu ansetzen	1	3	ACTION_CLAUSE	GDT689_V62_ACTION_ORDINAL	3	NONE	NONE	NONE	NONE	NONE	P004	abkühlen, bis zur Mittelstufe trocknen und neu ansetzen	0	V68_WORDS_FROZEN__RELATION_METADATA_ONLY	NONE	NONE	NONE	NONE	NONE	abkühlen, bis zur Mittelstufe trocknen und neu ansetzen	0	V69_TOKEN_GLOSS_BYTE_IDENTICAL__SEPARATE_WINDOW_METADATA	0	NONE	NONE	NOT_IN_ACTION_SURFACE_SCAN	abkühlen, bis zur Mittelstufe trocknen und neu ansetzen	0	V70_TOKEN_GLOSS_BYTE_IDENTICAL__FRAME_REPLAY_METADATA_ONLY	NONE	NONE	NONE	NONE	abkühlen, bis zur Mittelstufe trocknen und neu ansetzen	0	PASS_V72_YKA_II_III_SISTER_FRAME__5_CASES_2_REPLAY_1_NEW_B_EDGE_2_HELD__AIIN_UNBOUND__ZERO_WORD_DELTA	NONE	NONE	NONE	NONE	NONE	abkühlen, bis zur Mittelstufe trocknen und neu ansetzen	0	PASS_V73_10_ANA_WINDOWS__1_EXACT_STATE_ONLY_2_WORKING_STATE_LIKE_2_DEICTIC__1_UNIQUE_CANDIDATE_1_NEW_B_EDGE__C011_OCCURRENCE_BOUND__ZERO_WORD_DELTA	NONE	NONE	NONE	NONE	NONE	NONE	abkühlen, bis zur Mittelstufe trocknen und neu ansetzen	0	PASS_V74_11_EDGES__9_CONNECTED_COMPONENTS__23_EDGE_NODES_2_HULL_ONLY_1_STRUCTURAL__ZERO_EDGE_WORD_DELTA	NONE	NONE	NONE	NONE	NONE	NONE	NONE	NONE	NONE	NONE	abkühlen, bis zur Mittelstufe trocknen und neu ansetzen	0	PASS_V75_11_TARGET_RIGHT_CONTEXTS__7_NOMINAL_3_ACTION_1_EOS__1_EXACT_WRITTEN_RESULT__2X2_DEFAULTS_REJECTED__C012_OCCURRENCE_BOUND__ZERO_WORD_DELTA	A042	ACTION_CLAUSE:A042	NONE	NONE	NONE	NONE	NONE	NONE	NONE	NONE	NONE	abkühlen, bis zur Mittelstufe trocknen und neu ansetzen	0	PASS_V76_83_ACTION_RIGHT_CONTEXTS__60_NOMINAL_15_ACTION_8_EOS__7_FINISHED_STATE_FIRSTS__3_LOCAL_READS_4_OPEN__C013_C014_ADDED__ZERO_WORD_DELTA
f56r	f56r.6	1	ykcho	hieraus eine warme Trockenmischung bereiten	hieraus eine warme Trockenmischung bereiten	1	1	ACTION_CLAUSE	GDT689_V62_ACTION_ORDINAL	1	NONE	NONE	NONE	R014	NONE	NONE	hieraus eine warme Trockenmischung bereiten	0	V68_WORDS_FROZEN__RELATION_METADATA_ONLY	NONE	NONE	NONE	NONE	NONE	hieraus eine warme Trockenmischung bereiten	0	V69_TOKEN_GLOSS_BYTE_IDENTICAL__SEPARATE_WINDOW_METADATA	0	NONE	NONE	NOT_IN_ACTION_SURFACE_SCAN	hieraus eine warme Trockenmischung bereiten	0	V70_TOKEN_GLOSS_BYTE_IDENTICAL__FRAME_REPLAY_METADATA_ONLY	NONE	NONE	NONE	NONE	hieraus eine warme Trockenmischung bereiten	0	PASS_V72_YKA_II_III_SISTER_FRAME__5_CASES_2_REPLAY_1_NEW_B_EDGE_2_HELD__AIIN_UNBOUND__ZERO_WORD_DELTA	NONE	NONE	NONE	NONE	NONE	hieraus eine warme Trockenmischung bereiten	0	PASS_V73_10_ANA_WINDOWS__1_EXACT_STATE_ONLY_2_WORKING_STATE_LIKE_2_DEICTIC__1_UNIQUE_CANDIDATE_1_NEW_B_EDGE__C011_OCCURRENCE_BOUND__ZERO_WORD_DELTA	NONE	NONE	NONE	NONE	NONE	NONE	hieraus eine warme Trockenmischung bereiten	0	PASS_V74_11_EDGES__9_CONNECTED_COMPONENTS__23_EDGE_NODES_2_HULL_ONLY_1_STRUCTURAL__ZERO_EDGE_WORD_DELTA	NONE	NONE	NONE	NONE	NONE	NONE	NONE	NONE	NONE	NONE	hieraus eine warme Trockenmischung bereiten	0	PASS_V75_11_TARGET_RIGHT_CONTEXTS__7_NOMINAL_3_ACTION_1_EOS__1_EXACT_WRITTEN_RESULT__2X2_DEFAULTS_REJECTED__C012_OCCURRENCE_BOUND__ZERO_WORD_DELTA	A043	ACTION_CLAUSE:A043	NONE	NONE	NONE	NONE	NONE	NONE	NONE	NONE	NONE	hieraus eine warme Trockenmischung bereiten	0	PASS_V76_83_ACTION_RIGHT_CONTEXTS__60_NOMINAL_15_ACTION_8_EOS__7_FINISHED_STATE_FIRSTS__3_LOCAL_READS_4_OPEN__C013_C014_ADDED__ZERO_WORD_DELTA
f56r	f56r.6	2	dy	;	;	1	1	ACTION_CLAUSE	NOT_ACTION_LICENSED	0	NONE	NONE	NONE	NONE	NONE	NONE	;	0	V68_WORDS_FROZEN__RELATION_METADATA_ONLY	NONE	NONE	NONE	NONE	NONE	;	0	V69_TOKEN_GLOSS_BYTE_IDENTICAL__SEPARATE_WINDOW_METADATA	0	NONE	NONE	NOT_IN_ACTION_SURFACE_SCAN	;	0	V70_TOKEN_GLOSS_BYTE_IDENTICAL__FRAME_REPLAY_METADATA_ONLY	NONE	NONE	NONE	NONE	;	0	PASS_V72_YKA_II_III_SISTER_FRAME__5_CASES_2_REPLAY_1_NEW_B_EDGE_2_HELD__AIIN_UNBOUND__ZERO_WORD_DELTA	NONE	NONE	NONE	NONE	NONE	;	0	PASS_V73_10_ANA_WINDOWS__1_EXACT_STATE_ONLY_2_WORKING_STATE_LIKE_2_DEICTIC__1_UNIQUE_CANDIDATE_1_NEW_B_EDGE__C011_OCCURRENCE_BOUND__ZERO_WORD_DELTA	NONE	NONE	NONE	NONE	NONE	NONE	;	0	PASS_V74_11_EDGES__9_CONNECTED_COMPONENTS__23_EDGE_NODES_2_HULL_ONLY_1_STRUCTURAL__ZERO_EDGE_WORD_DELTA	NONE	NONE	NONE	NONE	NONE	NONE	NONE	NONE	NONE	NONE	;	0	PASS_V75_11_TARGET_RIGHT_CONTEXTS__7_NOMINAL_3_ACTION_1_EOS__1_EXACT_WRITTEN_RESULT__2X2_DEFAULTS_REJECTED__C012_OCCURRENCE_BOUND__ZERO_WORD_DELTA	A043	ACTION_CLAUSE:A043	NONE	NONE	NONE	NONE	NONE	NONE	NONE	NONE	NONE	;	0	PASS_V76_83_ACTION_RIGHT_CONTEXTS__60_NOMINAL_15_ACTION_8_EOS__7_FINISHED_STATE_FIRSTS__3_LOCAL_READS_4_OPEN__C013_C014_ADDED__ZERO_WORD_DELTA
f56r	f56r.6	3	dchey	fertige abgemessene Mittelstufen-Trockenportion	fertige abgemessene Mittelstufen-Trockenportion	1	2	NOMINAL_BLOCK	NOT_ACTION_LICENSED	0	NONE	NONE	NONE	NONE	NONE	NONE	fertige abgemessene Mittelstufen-Trockenportion	0	V68_WORDS_FROZEN__RELATION_METADATA_ONLY	NONE	NONE	NONE	NONE	NONE	fertige abgemessene Mittelstufen-Trockenportion	0	V69_TOKEN_GLOSS_BYTE_IDENTICAL__SEPARATE_WINDOW_METADATA	0	NONE	NONE	NOT_IN_ACTION_SURFACE_SCAN	fertige abgemessene Mittelstufen-Trockenportion	0	V70_TOKEN_GLOSS_BYTE_IDENTICAL__FRAME_REPLAY_METADATA_ONLY	NONE	NONE	NONE	NONE	fertige abgemessene Mittelstufen-Trockenportion	0	PASS_V72_YKA_II_III_SISTER_FRAME__5_CASES_2_REPLAY_1_NEW_B_EDGE_2_HELD__AIIN_UNBOUND__ZERO_WORD_DELTA	NONE	NONE	NONE	NONE	NONE	fertige abgemessene Mittelstufen-Trockenportion	0	PASS_V73_10_ANA_WINDOWS__1_EXACT_STATE_ONLY_2_WORKING_STATE_LIKE_2_DEICTIC__1_UNIQUE_CANDIDATE_1_NEW_B_EDGE__C011_OCCURRENCE_BOUND__ZERO_WORD_DELTA	NONE	NONE	NONE	NONE	NONE	NONE	fertige abgemessene Mittelstufen-Trockenportion	0	PASS_V74_11_EDGES__9_CONNECTED_COMPONENTS__23_EDGE_NODES_2_HULL_ONLY_1_STRUCTURAL__ZERO_EDGE_WORD_DELTA	NONE	NONE	NONE	NONE	NONE	NONE	NONE	NONE	NONE	NONE	fertige abgemessene Mittelstufen-Trockenportion	0	PASS_V75_11_TARGET_RIGHT_CONTEXTS__7_NOMINAL_3_ACTION_1_EOS__1_EXACT_WRITTEN_RESULT__2X2_DEFAULTS_REJECTED__C012_OCCURRENCE_BOUND__ZERO_WORD_DELTA	A043	FIRST_RIGHT_ITEM:A043	NONE	NONE	NONE	NONE	NONE	NONE	NONE	NONE	NONE	fertige abgemessene Mittelstufen-Trockenportion	0	PASS_V76_83_ACTION_RIGHT_CONTEXTS__60_NOMINAL_15_ACTION_8_EOS__7_FINISHED_STATE_FIRSTS__3_LOCAL_READS_4_OPEN__C013_C014_ADDED__ZERO_WORD_DELTA
f56r	f56r.6	4	keey	heiß am Ende des Grades	heiß am Ende des Grades	1	2	NOMINAL_BLOCK	NOT_ACTION_LICENSED	0	NONE	NONE	NONE	NONE	NONE	NONE	heiß am Ende des Grades	0	V68_WORDS_FROZEN__RELATION_METADATA_ONLY	NONE	NONE	NONE	NONE	NONE	heiß am Ende des Grades	0	V69_TOKEN_GLOSS_BYTE_IDENTICAL__SEPARATE_WINDOW_METADATA	0	NONE	NONE	NOT_IN_ACTION_SURFACE_SCAN	heiß am Ende des Grades	0	V70_TOKEN_GLOSS_BYTE_IDENTICAL__FRAME_REPLAY_METADATA_ONLY	NONE	NONE	NONE	NONE	heiß am Ende des Grades	0	PASS_V72_YKA_II_III_SISTER_FRAME__5_CASES_2_REPLAY_1_NEW_B_EDGE_2_HELD__AIIN_UNBOUND__ZERO_WORD_DELTA	NONE	NONE	NONE	NONE	NONE	heiß am Ende des Grades	0	PASS_V73_10_ANA_WINDOWS__1_EXACT_STATE_ONLY_2_WORKING_STATE_LIKE_2_DEICTIC__1_UNIQUE_CANDIDATE_1_NEW_B_EDGE__C011_OCCURRENCE_BOUND__ZERO_WORD_DELTA	NONE	NONE	NONE	NONE	NONE	NONE	heiß am Ende des Grades	0	PASS_V74_11_EDGES__9_CONNECTED_COMPONENTS__23_EDGE_NODES_2_HULL_ONLY_1_STRUCTURAL__ZERO_EDGE_WORD_DELTA	NONE	NONE	NONE	NONE	NONE	NONE	NONE	NONE	NONE	NONE	heiß am Ende des Grades	0	PASS_V75_11_TARGET_RIGHT_CONTEXTS__7_NOMINAL_3_ACTION_1_EOS__1_EXACT_WRITTEN_RESULT__2X2_DEFAULTS_REJECTED__C012_OCCURRENCE_BOUND__ZERO_WORD_DELTA	NONE	NONE	NONE	NONE	NONE	NONE	NONE	NONE	NONE	NONE	NONE	heiß am Ende des Grades	0	PASS_V76_83_ACTION_RIGHT_CONTEXTS__60_NOMINAL_15_ACTION_8_EOS__7_FINISHED_STATE_FIRSTS__3_LOCAL_READS_4_OPEN__C013_C014_ADDED__ZERO_WORD_DELTA
f56r	f56r.6	5	daiin	Qualitätsgrad III des heißen Endzustands	Qualitätsgrad III des heißen Endzustands	1	2	NOMINAL_BLOCK	NOT_ACTION_LICENSED	0	NONE	NONE	NONE	NONE	NONE	NONE	Qualitätsgrad III des heißen Endzustands	0	V68_WORDS_FROZEN__RELATION_METADATA_ONLY	NONE	NONE	NONE	NONE	NONE	Qualitätsgrad III des heißen Endzustands	0	V69_TOKEN_GLOSS_BYTE_IDENTICAL__SEPARATE_WINDOW_METADATA	0	NONE	NONE	NOT_IN_ACTION_SURFACE_SCAN	Qualitätsgrad III des heißen Endzustands	0	V70_TOKEN_GLOSS_BYTE_IDENTICAL__FRAME_REPLAY_METADATA_ONLY	NONE	NONE	NONE	NONE	Qualitätsgrad III des heißen Endzustands	0	PASS_V72_YKA_II_III_SISTER_FRAME__5_CASES_2_REPLAY_1_NEW_B_EDGE_2_HELD__AIIN_UNBOUND__ZERO_WORD_DELTA	NONE	NONE	NONE	NONE	NONE	Qualitätsgrad III des heißen Endzustands	0	PASS_V73_10_ANA_WINDOWS__1_EXACT_STATE_ONLY_2_WORKING_STATE_LIKE_2_DEICTIC__1_UNIQUE_CANDIDATE_1_NEW_B_EDGE__C011_OCCURRENCE_BOUND__ZERO_WORD_DELTA	NONE	NONE	NONE	NONE	NONE	NONE	Qualitätsgrad III des heißen Endzustands	0	PASS_V74_11_EDGES__9_CONNECTED_COMPONENTS__23_EDGE_NODES_2_HULL_ONLY_1_STRUCTURAL__ZERO_EDGE_WORD_DELTA	NONE	NONE	NONE	NONE	NONE	NONE	NONE	NONE	NONE	NONE	Qualitätsgrad III des heißen Endzustands	0	PASS_V75_11_TARGET_RIGHT_CONTEXTS__7_NOMINAL_3_ACTION_1_EOS__1_EXACT_WRITTEN_RESULT__2X2_DEFAULTS_REJECTED__C012_OCCURRENCE_BOUND__ZERO_WORD_DELTA	NONE	NONE	NONE	NONE	NONE	NONE	NONE	NONE	NONE	NONE	NONE	Qualitätsgrad III des heißen Endzustands	0	PASS_V76_83_ACTION_RIGHT_CONTEXTS__60_NOMINAL_15_ACTION_8_EOS__7_FINISHED_STATE_FIRSTS__3_LOCAL_READS_4_OPEN__C013_C014_ADDED__ZERO_WORD_DELTA
f56r	f56r.6	6	y	.	.	1	2	NOMINAL_BLOCK	NOT_ACTION_LICENSED	0	NONE	NONE	NONE	NONE	NONE	NONE	.	0	V68_WORDS_FROZEN__RELATION_METADATA_ONLY	NONE	NONE	NONE	NONE	NONE	.	0	V69_TOKEN_GLOSS_BYTE_IDENTICAL__SEPARATE_WINDOW_METADATA	0	NONE	NONE	NOT_IN_ACTION_SURFACE_SCAN	.	0	V70_TOKEN_GLOSS_BYTE_IDENTICAL__FRAME_REPLAY_METADATA_ONLY	NONE	NONE	NONE	NONE	.	0	PASS_V72_YKA_II_III_SISTER_FRAME__5_CASES_2_REPLAY_1_NEW_B_EDGE_2_HELD__AIIN_UNBOUND__ZERO_WORD_DELTA	NONE	NONE	NONE	NONE	NONE	.	0	PASS_V73_10_ANA_WINDOWS__1_EXACT_STATE_ONLY_2_WORKING_STATE_LIKE_2_DEICTIC__1_UNIQUE_CANDIDATE_1_NEW_B_EDGE__C011_OCCURRENCE_BOUND__ZERO_WORD_DELTA	NONE	NONE	NONE	NONE	NONE	NONE	.	0	PASS_V74_11_EDGES__9_CONNECTED_COMPONENTS__23_EDGE_NODES_2_HULL_ONLY_1_STRUCTURAL__ZERO_EDGE_WORD_DELTA	NONE	NONE	NONE	NONE	NONE	NONE	NONE	NONE	NONE	NONE	.	0	PASS_V75_11_TARGET_RIGHT_CONTEXTS__7_NOMINAL_3_ACTION_1_EOS__1_EXACT_WRITTEN_RESULT__2X2_DEFAULTS_REJECTED__C012_OCCURRENCE_BOUND__ZERO_WORD_DELTA	NONE	NONE	NONE	NONE	NONE	NONE	NONE	NONE	NONE	NONE	NONE	.	0	PASS_V76_83_ACTION_RIGHT_CONTEXTS__60_NOMINAL_15_ACTION_8_EOS__7_FINISHED_STATE_FIRSTS__3_LOCAL_READS_4_OPEN__C013_C014_ADDED__ZERO_WORD_DELTA
f75r	f75r.3	1	qokain	heiß, Grad II	heiß, Grad II	1	1	NOMINAL_BLOCK	NOT_ACTION_LICENSED	0	NONE	NONE	NONE	NONE	NONE	NONE	heiß, Grad II	0	V68_WORDS_FROZEN__RELATION_METADATA_ONLY	NONE	NONE	NONE	NONE	NONE	heiß, Grad II	0	V69_TOKEN_GLOSS_BYTE_IDENTICAL__SEPARATE_WINDOW_METADATA	0	NONE	NONE	NOT_IN_ACTION_SURFACE_SCAN	heiß, Grad II	0	V70_TOKEN_GLOSS_BYTE_IDENTICAL__FRAME_REPLAY_METADATA_ONLY	NONE	NONE	NONE	NONE	heiß, Grad II	0	PASS_V72_YKA_II_III_SISTER_FRAME__5_CASES_2_REPLAY_1_NEW_B_EDGE_2_HELD__AIIN_UNBOUND__ZERO_WORD_DELTA	NONE	NONE	NONE	NONE	NONE	heiß, Grad II	0	PASS_V73_10_ANA_WINDOWS__1_EXACT_STATE_ONLY_2_WORKING_STATE_LIKE_2_DEICTIC__1_UNIQUE_CANDIDATE_1_NEW_B_EDGE__C011_OCCURRENCE_BOUND__ZERO_WORD_DELTA	NONE	NONE	NONE	NONE	NONE	NONE	heiß, Grad II	0	PASS_V74_11_EDGES__9_CONNECTED_COMPONENTS__23_EDGE_NODES_2_HULL_ONLY_1_STRUCTURAL__ZERO_EDGE_WORD_DELTA	NONE	NONE	NONE	NONE	NONE	NONE	NONE	NONE	NONE	NONE	heiß, Grad II	0	PASS_V75_11_TARGET_RIGHT_CONTEXTS__7_NOMINAL_3_ACTION_1_EOS__1_EXACT_WRITTEN_RESULT__2X2_DEFAULTS_REJECTED__C012_OCCURRENCE_BOUND__ZERO_WORD_DELTA	NONE	NONE	NONE	NONE	NONE	NONE	NONE	NONE	NONE	NONE	NONE	heiß, Grad II	0	PASS_V76_83_ACTION_RIGHT_CONTEXTS__60_NOMINAL_15_ACTION_8_EOS__7_FINISHED_STATE_FIRSTS__3_LOCAL_READS_4_OPEN__C013_C014_ADDED__ZERO_WORD_DELTA
f75r	f75r.3	2	chal	Rohstoffklasse I, trocken am Gradanfang	Rohstoffklasse I, trocken am Gradanfang	1	1	NOMINAL_BLOCK	NOT_ACTION_LICENSED	0	NONE	NONE	NONE	NONE	NONE	NONE	Rohstoffklasse I, trocken am Gradanfang	0	V68_WORDS_FROZEN__RELATION_METADATA_ONLY	NONE	NONE	NONE	NONE	NONE	Rohstoffklasse I, trocken am Gradanfang	0	V69_TOKEN_GLOSS_BYTE_IDENTICAL__SEPARATE_WINDOW_METADATA	0	NONE	NONE	NOT_IN_ACTION_SURFACE_SCAN	Rohstoffklasse I, trocken am Gradanfang	0	V70_TOKEN_GLOSS_BYTE_IDENTICAL__FRAME_REPLAY_METADATA_ONLY	NONE	NONE	NONE	NONE	Rohstoffklasse I, trocken am Gradanfang	0	PASS_V72_YKA_II_III_SISTER_FRAME__5_CASES_2_REPLAY_1_NEW_B_EDGE_2_HELD__AIIN_UNBOUND__ZERO_WORD_DELTA	NONE	NONE	NONE	NONE	NONE	Rohstoffklasse I, trocken am Gradanfang	0	PASS_V73_10_ANA_WINDOWS__1_EXACT_STATE_ONLY_2_WORKING_STATE_LIKE_2_DEICTIC__1_UNIQUE_CANDIDATE_1_NEW_B_EDGE__C011_OCCURRENCE_BOUND__ZERO_WORD_DELTA	NONE	NONE	NONE	NONE	NONE	NONE	Rohstoffklasse I, trocken am Gradanfang	0	PASS_V74_11_EDGES__9_CONNECTED_COMPONENTS__23_EDGE_NODES_2_HULL_ONLY_1_STRUCTURAL__ZERO_EDGE_WORD_DELTA	NONE	NONE	NONE	NONE	NONE	NONE	NONE	NONE	NONE	NONE	Rohstoffklasse I, trocken am Gradanfang	0	PASS_V75_11_TARGET_RIGHT_CONTEXTS__7_NOMINAL_3_ACTION_1_EOS__1_EXACT_WRITTEN_RESULT__2X2_DEFAULTS_REJECTED__C012_OCCURRENCE_BOUND__ZERO_WORD_DELTA	NONE	NONE	NONE	NONE	NONE	NONE	NONE	NONE	NONE	NONE	NONE	Rohstoffklasse I, trocken am Gradanfang	0	PASS_V76_83_ACTION_RIGHT_CONTEXTS__60_NOMINAL_15_ACTION_8_EOS__7_FINISHED_STATE_FIRSTS__3_LOCAL_READS_4_OPEN__C013_C014_ADDED__ZERO_WORD_DELTA
f75r	f75r.3	3	orchey	eine Portion bis zur Mittelstufe getrocknete Droge	eine Portion bis zur Mittelstufe getrocknete Droge	1	1	NOMINAL_BLOCK	NOT_ACTION_LICENSED	0	DONOR_PRECEDING_PORTION:C003	C003	C003	NONE	NONE	P005	eine Portion bis zur Mittelstufe getrocknete Droge	0	V68_WORDS_FROZEN__RELATION_METADATA_ONLY	M004	DONOR_PRECEDING_PORTION:C003	1	2	Die vorstehende, bis zur Mittelstufe getrocknete Drogenportion anschließend nehmen.	eine Portion bis zur Mittelstufe getrocknete Droge	0	V69_TOKEN_GLOSS_BYTE_IDENTICAL__SEPARATE_WINDOW_METADATA	0	NONE	NONE	NOT_IN_ACTION_SURFACE_SCAN	eine Portion bis zur Mittelstufe getrocknete Droge	0	V70_TOKEN_GLOSS_BYTE_IDENTICAL__FRAME_REPLAY_METADATA_ONLY	NONE	NONE	NONE	NONE	eine Portion bis zur Mittelstufe getrocknete Droge	0	PASS_V72_YKA_II_III_SISTER_FRAME__5_CASES_2_REPLAY_1_NEW_B_EDGE_2_HELD__AIIN_UNBOUND__ZERO_WORD_DELTA	NONE	NONE	NONE	NONE	NONE	eine Portion bis zur Mittelstufe getrocknete Droge	0	PASS_V73_10_ANA_WINDOWS__1_EXACT_STATE_ONLY_2_WORKING_STATE_LIKE_2_DEICTIC__1_UNIQUE_CANDIDATE_1_NEW_B_EDGE__C011_OCCURRENCE_BOUND__ZERO_WORD_DELTA	M004	1	DONOR_PRECEDING_PORTION:C003	C003	EDGE_NODE	Die vorstehende, bis zur Mittelstufe getrocknete Drogenportion anschließend nehmen.	eine Portion bis zur Mittelstufe getrocknete Droge	0	PASS_V74_11_EDGES__9_CONNECTED_COMPONENTS__23_EDGE_NODES_2_HULL_ONLY_1_STRUCTURAL__ZERO_EDGE_WORD_DELTA	NONE	NONE	NONE	M004	1	DONOR_PRECEDING_PORTION:C003	C003	EDGE_NODE	Die vorstehende, bis zur Mittelstufe getrocknete Drogenportion anschließend nehmen.	NONE	eine Portion bis zur Mittelstufe getrocknete Droge	0	PASS_V75_11_TARGET_RIGHT_CONTEXTS__7_NOMINAL_3_ACTION_1_EOS__1_EXACT_WRITTEN_RESULT__2X2_DEFAULTS_REJECTED__C012_OCCURRENCE_BOUND__ZERO_WORD_DELTA	NONE	NONE	NONE	NONE	M004	1	DONOR_PRECEDING_PORTION:C003	C003	EDGE_NODE	Die vorstehende, bis zur Mittelstufe getrocknete Drogenportion anschließend nehmen.	NONE	eine Portion bis zur Mittelstufe getrocknete Droge	0	PASS_V76_83_ACTION_RIGHT_CONTEXTS__60_NOMINAL_15_ACTION_8_EOS__7_FINISHED_STATE_FIRSTS__3_LOCAL_READS_4_OPEN__C013_C014_ADDED__ZERO_WORD_DELTA
f75r	f75r.3	4	qey	die vorstehende Mittelstufenportion anschließend nehmen	die vorstehende Mittelstufenportion anschließend nehmen	1	2	ACTION_CLAUSE	GDT689_V62_ACTION_ORDINAL	1	REFERENCE:C003|TARGET_ACTION:C003	C003	NONE	R015	C003	P005	die vorstehende Mittelstufenportion anschließend nehmen	0	V68_WORDS_FROZEN__RELATION_METADATA_ONLY	M004	REFERENCE:C003|TARGET_ACTION:C003	2	2	Die vorstehende, bis zur Mittelstufe getrocknete Drogenportion anschließend nehmen.	die vorstehende Mittelstufenportion anschließend nehmen	0	V69_TOKEN_GLOSS_BYTE_IDENTICAL__SEPARATE_WINDOW_METADATA	1	A004	T003	ALREADY_ADMITTED_EXACT_SELF_REPLAY	die vorstehende Mittelstufenportion anschließend nehmen	0	V70_TOKEN_GLOSS_BYTE_IDENTICAL__FRAME_REPLAY_METADATA_ONLY	NONE	NONE	NONE	NONE	die vorstehende Mittelstufenportion anschließend nehmen	0	PASS_V72_YKA_II_III_SISTER_FRAME__5_CASES_2_REPLAY_1_NEW_B_EDGE_2_HELD__AIIN_UNBOUND__ZERO_WORD_DELTA	V73A006	NONE	NONE	NONE	NONE	die vorstehende Mittelstufenportion anschließend nehmen	0	PASS_V73_10_ANA_WINDOWS__1_EXACT_STATE_ONLY_2_WORKING_STATE_LIKE_2_DEICTIC__1_UNIQUE_CANDIDATE_1_NEW_B_EDGE__C011_OCCURRENCE_BOUND__ZERO_WORD_DELTA	M004	2	REFERENCE:C003|TARGET_ACTION:C003	C003	EDGE_NODE	Die vorstehende, bis zur Mittelstufe getrocknete Drogenportion anschließend nehmen.	die vorstehende Mittelstufenportion anschließend nehmen	0	PASS_V74_11_EDGES__9_CONNECTED_COMPONENTS__23_EDGE_NODES_2_HULL_ONLY_1_STRUCTURAL__ZERO_EDGE_WORD_DELTA	V75R003	TARGET_ACTION_CLAUSE:V75R003	NONE	M004	2	REFERENCE:C003|TARGET_ACTION:C003	C003	EDGE_NODE	Die vorstehende, bis zur Mittelstufe getrocknete Drogenportion anschließend nehmen.	NONE	die vorstehende Mittelstufenportion anschließend nehmen	0	PASS_V75_11_TARGET_RIGHT_CONTEXTS__7_NOMINAL_3_ACTION_1_EOS__1_EXACT_WRITTEN_RESULT__2X2_DEFAULTS_REJECTED__C012_OCCURRENCE_BOUND__ZERO_WORD_DELTA	A044	ACTION_CLAUSE:A044	NONE	NONE	M004	2	REFERENCE:C003|TARGET_ACTION:C003	C003	EDGE_NODE	Die vorstehende, bis zur Mittelstufe getrocknete Drogenportion anschließend nehmen.	NONE	die vorstehende Mittelstufenportion anschließend nehmen	0	PASS_V76_83_ACTION_RIGHT_CONTEXTS__60_NOMINAL_15_ACTION_8_EOS__7_FINISHED_STATE_FIRSTS__3_LOCAL_READS_4_OPEN__C013_C014_ADDED__ZERO_WORD_DELTA
f75r	f75r.3	5	kain	heiß, Grad II	heiß, Grad II	1	3	NOMINAL_BLOCK	NOT_ACTION_LICENSED	0	NONE	NONE	NONE	NONE	NONE	NONE	heiß, Grad II	0	V68_WORDS_FROZEN__RELATION_METADATA_ONLY	NONE	NONE	NONE	NONE	NONE	heiß, Grad II	0	V69_TOKEN_GLOSS_BYTE_IDENTICAL__SEPARATE_WINDOW_METADATA	0	NONE	NONE	NOT_IN_ACTION_SURFACE_SCAN	heiß, Grad II	0	V70_TOKEN_GLOSS_BYTE_IDENTICAL__FRAME_REPLAY_METADATA_ONLY	NONE	NONE	NONE	NONE	heiß, Grad II	0	PASS_V72_YKA_II_III_SISTER_FRAME__5_CASES_2_REPLAY_1_NEW_B_EDGE_2_HELD__AIIN_UNBOUND__ZERO_WORD_DELTA	V73A006	NONE	NONE	NONE	NONE	heiß, Grad II	0	PASS_V73_10_ANA_WINDOWS__1_EXACT_STATE_ONLY_2_WORKING_STATE_LIKE_2_DEICTIC__1_UNIQUE_CANDIDATE_1_NEW_B_EDGE__C011_OCCURRENCE_BOUND__ZERO_WORD_DELTA	NONE	NONE	NONE	NONE	NONE	NONE	heiß, Grad II	0	PASS_V74_11_EDGES__9_CONNECTED_COMPONENTS__23_EDGE_NODES_2_HULL_ONLY_1_STRUCTURAL__ZERO_EDGE_WORD_DELTA	V75R003	FIRST_RIGHT_SEMANTIC:V75R003	NONE	NONE	NONE	NONE	NONE	NONE	NONE	NONE	heiß, Grad II	0	PASS_V75_11_TARGET_RIGHT_CONTEXTS__7_NOMINAL_3_ACTION_1_EOS__1_EXACT_WRITTEN_RESULT__2X2_DEFAULTS_REJECTED__C012_OCCURRENCE_BOUND__ZERO_WORD_DELTA	A044	FIRST_RIGHT_ITEM:A044	NONE	NONE	NONE	NONE	NONE	NONE	NONE	NONE	NONE	heiß, Grad II	0	PASS_V76_83_ACTION_RIGHT_CONTEXTS__60_NOMINAL_15_ACTION_8_EOS__7_FINISHED_STATE_FIRSTS__3_LOCAL_READS_4_OPEN__C013_C014_ADDED__ZERO_WORD_DELTA
f75r	f75r.3	6	sheeky	vollständig einweichen, erhitzen und abschließen	vollständig einweichen, erhitzen und abschließen	1	4	ACTION_CLAUSE	GDT689_V62_ACTION_ORDINAL	3	NONE	NONE	NONE	NONE	NONE	P005	vollständig einweichen, erhitzen und abschließen	0	V68_WORDS_FROZEN__RELATION_METADATA_ONLY	NONE	NONE	NONE	NONE	NONE	vollständig einweichen, erhitzen und abschließen	0	V69_TOKEN_GLOSS_BYTE_IDENTICAL__SEPARATE_WINDOW_METADATA	0	NONE	NONE	NOT_IN_ACTION_SURFACE_SCAN	vollständig einweichen, erhitzen und abschließen	0	V70_TOKEN_GLOSS_BYTE_IDENTICAL__FRAME_REPLAY_METADATA_ONLY	NONE	NONE	NONE	NONE	vollständig einweichen, erhitzen und abschließen	0	PASS_V72_YKA_II_III_SISTER_FRAME__5_CASES_2_REPLAY_1_NEW_B_EDGE_2_HELD__AIIN_UNBOUND__ZERO_WORD_DELTA	V73A006	NONE	NONE	NONE	NONE	vollständig einweichen, erhitzen und abschließen	0	PASS_V73_10_ANA_WINDOWS__1_EXACT_STATE_ONLY_2_WORKING_STATE_LIKE_2_DEICTIC__1_UNIQUE_CANDIDATE_1_NEW_B_EDGE__C011_OCCURRENCE_BOUND__ZERO_WORD_DELTA	NONE	NONE	NONE	NONE	NONE	NONE	vollständig einweichen, erhitzen und abschließen	0	PASS_V74_11_EDGES__9_CONNECTED_COMPONENTS__23_EDGE_NODES_2_HULL_ONLY_1_STRUCTURAL__ZERO_EDGE_WORD_DELTA	NONE	NONE	NONE	NONE	NONE	NONE	NONE	NONE	NONE	NONE	vollständig einweichen, erhitzen und abschließen	0	PASS_V75_11_TARGET_RIGHT_CONTEXTS__7_NOMINAL_3_ACTION_1_EOS__1_EXACT_WRITTEN_RESULT__2X2_DEFAULTS_REJECTED__C012_OCCURRENCE_BOUND__ZERO_WORD_DELTA	A045	ACTION_CLAUSE:A045	NONE	NONE	NONE	NONE	NONE	NONE	NONE	NONE	NONE	vollständig einweichen, erhitzen und abschließen	0	PASS_V76_83_ACTION_RIGHT_CONTEXTS__60_NOMINAL_15_ACTION_8_EOS__7_FINISHED_STATE_FIRSTS__3_LOCAL_READS_4_OPEN__C013_C014_ADDED__ZERO_WORD_DELTA
f75r	f75r.3	7	ltain	Holz, kalt auf Stufe II	Holz, kalt auf Stufe II	1	5	NOMINAL_BLOCK	NOT_ACTION_LICENSED	0	NONE	NONE	NONE	NONE	NONE	NONE	Holz, kalt auf Stufe II	0	V68_WORDS_FROZEN__RELATION_METADATA_ONLY	NONE	NONE	NONE	NONE	NONE	Holz, kalt auf Stufe II	0	V69_TOKEN_GLOSS_BYTE_IDENTICAL__SEPARATE_WINDOW_METADATA	0	NONE	NONE	NOT_IN_ACTION_SURFACE_SCAN	Holz, kalt auf Stufe II	0	V70_TOKEN_GLOSS_BYTE_IDENTICAL__FRAME_REPLAY_METADATA_ONLY	NONE	NONE	NONE	NONE	Holz, kalt auf Stufe II	0	PASS_V72_YKA_II_III_SISTER_FRAME__5_CASES_2_REPLAY_1_NEW_B_EDGE_2_HELD__AIIN_UNBOUND__ZERO_WORD_DELTA	NONE	NONE	NONE	NONE	NONE	Holz, kalt auf Stufe II	0	PASS_V73_10_ANA_WINDOWS__1_EXACT_STATE_ONLY_2_WORKING_STATE_LIKE_2_DEICTIC__1_UNIQUE_CANDIDATE_1_NEW_B_EDGE__C011_OCCURRENCE_BOUND__ZERO_WORD_DELTA	NONE	NONE	NONE	NONE	NONE	NONE	Holz, kalt auf Stufe II	0	PASS_V74_11_EDGES__9_CONNECTED_COMPONENTS__23_EDGE_NODES_2_HULL_ONLY_1_STRUCTURAL__ZERO_EDGE_WORD_DELTA	V75R003	ANTI_SKIP_CONTROL:V75R003	NONE	NONE	NONE	NONE	NONE	NONE	NONE	NONE	Holz, kalt auf Stufe II	0	PASS_V75_11_TARGET_RIGHT_CONTEXTS__7_NOMINAL_3_ACTION_1_EOS__1_EXACT_WRITTEN_RESULT__2X2_DEFAULTS_REJECTED__C012_OCCURRENCE_BOUND__ZERO_WORD_DELTA	A045	FIRST_RIGHT_ITEM:A045	NONE	NONE	NONE	NONE	NONE	NONE	NONE	NONE	NONE	Holz, kalt auf Stufe II	0	PASS_V76_83_ACTION_RIGHT_CONTEXTS__60_NOMINAL_15_ACTION_8_EOS__7_FINISHED_STATE_FIRSTS__3_LOCAL_READS_4_OPEN__C013_C014_ADDED__ZERO_WORD_DELTA
f75r	f75r.3	8	olkar	Anteil I des heißen Holzansatzes	Anteil I des heißen Holzansatzes	1	5	NOMINAL_BLOCK	NOT_ACTION_LICENSED	0	NONE	NONE	NONE	NONE	NONE	NONE	Anteil I des heißen Holzansatzes	0	V68_WORDS_FROZEN__RELATION_METADATA_ONLY	NONE	NONE	NONE	NONE	NONE	Anteil I des heißen Holzansatzes	0	V69_TOKEN_GLOSS_BYTE_IDENTICAL__SEPARATE_WINDOW_METADATA	0	NONE	NONE	NOT_IN_ACTION_SURFACE_SCAN	Anteil I des heißen Holzansatzes	0	V70_TOKEN_GLOSS_BYTE_IDENTICAL__FRAME_REPLAY_METADATA_ONLY	NONE	NONE	NONE	NONE	Anteil I des heißen Holzansatzes	0	PASS_V72_YKA_II_III_SISTER_FRAME__5_CASES_2_REPLAY_1_NEW_B_EDGE_2_HELD__AIIN_UNBOUND__ZERO_WORD_DELTA	NONE	NONE	NONE	NONE	NONE	Anteil I des heißen Holzansatzes	0	PASS_V73_10_ANA_WINDOWS__1_EXACT_STATE_ONLY_2_WORKING_STATE_LIKE_2_DEICTIC__1_UNIQUE_CANDIDATE_1_NEW_B_EDGE__C011_OCCURRENCE_BOUND__ZERO_WORD_DELTA	NONE	NONE	NONE	NONE	NONE	NONE	Anteil I des heißen Holzansatzes	0	PASS_V74_11_EDGES__9_CONNECTED_COMPONENTS__23_EDGE_NODES_2_HULL_ONLY_1_STRUCTURAL__ZERO_EDGE_WORD_DELTA	NONE	NONE	NONE	NONE	NONE	NONE	NONE	NONE	NONE	NONE	Anteil I des heißen Holzansatzes	0	PASS_V75_11_TARGET_RIGHT_CONTEXTS__7_NOMINAL_3_ACTION_1_EOS__1_EXACT_WRITTEN_RESULT__2X2_DEFAULTS_REJECTED__C012_OCCURRENCE_BOUND__ZERO_WORD_DELTA	NONE	NONE	NONE	NONE	NONE	NONE	NONE	NONE	NONE	NONE	NONE	Anteil I des heißen Holzansatzes	0	PASS_V76_83_ACTION_RIGHT_CONTEXTS__60_NOMINAL_15_ACTION_8_EOS__7_FINISHED_STATE_FIRSTS__3_LOCAL_READS_4_OPEN__C013_C014_ADDED__ZERO_WORD_DELTA
f75r	f75r.3	9	or	Drogenportion	Drogenportion	1	5	NOMINAL_BLOCK	NOT_ACTION_LICENSED	0	NONE	NONE	NONE	NONE	NONE	NONE	Drogenportion	0	V68_WORDS_FROZEN__RELATION_METADATA_ONLY	NONE	NONE	NONE	NONE	NONE	Drogenportion	0	V69_TOKEN_GLOSS_BYTE_IDENTICAL__SEPARATE_WINDOW_METADATA	0	NONE	NONE	NOT_IN_ACTION_SURFACE_SCAN	Drogenportion	0	V70_TOKEN_GLOSS_BYTE_IDENTICAL__FRAME_REPLAY_METADATA_ONLY	NONE	NONE	NONE	NONE	Drogenportion	0	PASS_V72_YKA_II_III_SISTER_FRAME__5_CASES_2_REPLAY_1_NEW_B_EDGE_2_HELD__AIIN_UNBOUND__ZERO_WORD_DELTA	NONE	NONE	NONE	NONE	NONE	Drogenportion	0	PASS_V73_10_ANA_WINDOWS__1_EXACT_STATE_ONLY_2_WORKING_STATE_LIKE_2_DEICTIC__1_UNIQUE_CANDIDATE_1_NEW_B_EDGE__C011_OCCURRENCE_BOUND__ZERO_WORD_DELTA	NONE	NONE	NONE	NONE	NONE	NONE	Drogenportion	0	PASS_V74_11_EDGES__9_CONNECTED_COMPONENTS__23_EDGE_NODES_2_HULL_ONLY_1_STRUCTURAL__ZERO_EDGE_WORD_DELTA	NONE	NONE	NONE	NONE	NONE	NONE	NONE	NONE	NONE	NONE	Drogenportion	0	PASS_V75_11_TARGET_RIGHT_CONTEXTS__7_NOMINAL_3_ACTION_1_EOS__1_EXACT_WRITTEN_RESULT__2X2_DEFAULTS_REJECTED__C012_OCCURRENCE_BOUND__ZERO_WORD_DELTA	NONE	NONE	NONE	NONE	NONE	NONE	NONE	NONE	NONE	NONE	NONE	Drogenportion	0	PASS_V76_83_ACTION_RIGHT_CONTEXTS__60_NOMINAL_15_ACTION_8_EOS__7_FINISHED_STATE_FIRSTS__3_LOCAL_READS_4_OPEN__C013_C014_ADDED__ZERO_WORD_DELTA
f76v	f76v.10	1	cphdor	eine Portion Arzneikompositum abmessen	eine Portion Arzneikompositum abmessen	1	1	ACTION_CLAUSE	GDT689_V62_ACTION_ORDINAL	1	NONE	NONE	NONE	NONE	NONE	NONE	eine Portion Arzneikompositum abmessen	0	V68_WORDS_FROZEN__RELATION_METADATA_ONLY	NONE	NONE	NONE	NONE	NONE	eine Portion Arzneikompositum abmessen	0	V69_TOKEN_GLOSS_BYTE_IDENTICAL__SEPARATE_WINDOW_METADATA	0	NONE	NONE	NOT_IN_ACTION_SURFACE_SCAN	eine Portion Arzneikompositum abmessen	0	V70_TOKEN_GLOSS_BYTE_IDENTICAL__FRAME_REPLAY_METADATA_ONLY	NONE	NONE	NONE	NONE	eine Portion Arzneikompositum abmessen	0	PASS_V72_YKA_II_III_SISTER_FRAME__5_CASES_2_REPLAY_1_NEW_B_EDGE_2_HELD__AIIN_UNBOUND__ZERO_WORD_DELTA	V73A007	NONE	NONE	NONE	NONE	eine Portion Arzneikompositum abmessen	0	PASS_V73_10_ANA_WINDOWS__1_EXACT_STATE_ONLY_2_WORKING_STATE_LIKE_2_DEICTIC__1_UNIQUE_CANDIDATE_1_NEW_B_EDGE__C011_OCCURRENCE_BOUND__ZERO_WORD_DELTA	NONE	NONE	NONE	NONE	NONE	NONE	eine Portion Arzneikompositum abmessen	0	PASS_V74_11_EDGES__9_CONNECTED_COMPONENTS__23_EDGE_NODES_2_HULL_ONLY_1_STRUCTURAL__ZERO_EDGE_WORD_DELTA	NONE	NONE	NONE	NONE	NONE	NONE	NONE	NONE	NONE	NONE	eine Portion Arzneikompositum abmessen	0	PASS_V75_11_TARGET_RIGHT_CONTEXTS__7_NOMINAL_3_ACTION_1_EOS__1_EXACT_WRITTEN_RESULT__2X2_DEFAULTS_REJECTED__C012_OCCURRENCE_BOUND__ZERO_WORD_DELTA	A046	ACTION_CLAUSE:A046	NONE	NONE	NONE	NONE	NONE	NONE	NONE	NONE	NONE	eine Portion Arzneikompositum abmessen	0	PASS_V76_83_ACTION_RIGHT_CONTEXTS__60_NOMINAL_15_ACTION_8_EOS__7_FINISHED_STATE_FIRSTS__3_LOCAL_READS_4_OPEN__C013_C014_ADDED__ZERO_WORD_DELTA
f76v	f76v.10	2	shedal	feuchte abgemessene Rohstoffmenge I in der Gradmitte	feuchte abgemessene Rohstoffmenge I in der Gradmitte	1	2	NOMINAL_BLOCK	NOT_ACTION_LICENSED	0	NONE	NONE	NONE	NONE	NONE	NONE	feuchte abgemessene Rohstoffmenge I in der Gradmitte	0	V68_WORDS_FROZEN__RELATION_METADATA_ONLY	NONE	NONE	NONE	NONE	NONE	feuchte abgemessene Rohstoffmenge I in der Gradmitte	0	V69_TOKEN_GLOSS_BYTE_IDENTICAL__SEPARATE_WINDOW_METADATA	0	NONE	NONE	NOT_IN_ACTION_SURFACE_SCAN	feuchte abgemessene Rohstoffmenge I in der Gradmitte	0	V70_TOKEN_GLOSS_BYTE_IDENTICAL__FRAME_REPLAY_METADATA_ONLY	NONE	NONE	NONE	NONE	feuchte abgemessene Rohstoffmenge I in der Gradmitte	0	PASS_V72_YKA_II_III_SISTER_FRAME__5_CASES_2_REPLAY_1_NEW_B_EDGE_2_HELD__AIIN_UNBOUND__ZERO_WORD_DELTA	V73A007	NONE	NONE	NONE	NONE	feuchte abgemessene Rohstoffmenge I in der Gradmitte	0	PASS_V73_10_ANA_WINDOWS__1_EXACT_STATE_ONLY_2_WORKING_STATE_LIKE_2_DEICTIC__1_UNIQUE_CANDIDATE_1_NEW_B_EDGE__C011_OCCURRENCE_BOUND__ZERO_WORD_DELTA	NONE	NONE	NONE	NONE	NONE	NONE	feuchte abgemessene Rohstoffmenge I in der Gradmitte	0	PASS_V74_11_EDGES__9_CONNECTED_COMPONENTS__23_EDGE_NODES_2_HULL_ONLY_1_STRUCTURAL__ZERO_EDGE_WORD_DELTA	NONE	NONE	NONE	NONE	NONE	NONE	NONE	NONE	NONE	NONE	feuchte abgemessene Rohstoffmenge I in der Gradmitte	0	PASS_V75_11_TARGET_RIGHT_CONTEXTS__7_NOMINAL_3_ACTION_1_EOS__1_EXACT_WRITTEN_RESULT__2X2_DEFAULTS_REJECTED__C012_OCCURRENCE_BOUND__ZERO_WORD_DELTA	A046	FIRST_RIGHT_ITEM:A046	NONE	NONE	NONE	NONE	NONE	NONE	NONE	NONE	NONE	feuchte abgemessene Rohstoffmenge I in der Gradmitte	0	PASS_V76_83_ACTION_RIGHT_CONTEXTS__60_NOMINAL_15_ACTION_8_EOS__7_FINISHED_STATE_FIRSTS__3_LOCAL_READS_4_OPEN__C013_C014_ADDED__ZERO_WORD_DELTA
f76v	f76v.10	3	qopchdy	fertig getrocknetes Pulver nehmen	fertig getrocknetes Pulver nehmen	1	3	ACTION_CLAUSE	GDT689_V62_ACTION_ORDINAL	1	NONE	NONE	NONE	NONE	NONE	NONE	fertig getrocknetes Pulver nehmen	0	V68_WORDS_FROZEN__RELATION_METADATA_ONLY	NONE	NONE	NONE	NONE	NONE	fertig getrocknetes Pulver nehmen	0	V69_TOKEN_GLOSS_BYTE_IDENTICAL__SEPARATE_WINDOW_METADATA	0	NONE	NONE	NOT_IN_ACTION_SURFACE_SCAN	fertig getrocknetes Pulver nehmen	0	V70_TOKEN_GLOSS_BYTE_IDENTICAL__FRAME_REPLAY_METADATA_ONLY	NONE	NONE	NONE	NONE	fertig getrocknetes Pulver nehmen	0	PASS_V72_YKA_II_III_SISTER_FRAME__5_CASES_2_REPLAY_1_NEW_B_EDGE_2_HELD__AIIN_UNBOUND__ZERO_WORD_DELTA	V73A007	NONE	NONE	NONE	NONE	fertig getrocknetes Pulver nehmen	0	PASS_V73_10_ANA_WINDOWS__1_EXACT_STATE_ONLY_2_WORKING_STATE_LIKE_2_DEICTIC__1_UNIQUE_CANDIDATE_1_NEW_B_EDGE__C011_OCCURRENCE_BOUND__ZERO_WORD_DELTA	NONE	NONE	NONE	NONE	NONE	NONE	fertig getrocknetes Pulver nehmen	0	PASS_V74_11_EDGES__9_CONNECTED_COMPONENTS__23_EDGE_NODES_2_HULL_ONLY_1_STRUCTURAL__ZERO_EDGE_WORD_DELTA	NONE	NONE	NONE	NONE	NONE	NONE	NONE	NONE	NONE	NONE	fertig getrocknetes Pulver nehmen	0	PASS_V75_11_TARGET_RIGHT_CONTEXTS__7_NOMINAL_3_ACTION_1_EOS__1_EXACT_WRITTEN_RESULT__2X2_DEFAULTS_REJECTED__C012_OCCURRENCE_BOUND__ZERO_WORD_DELTA	A047	ACTION_CLAUSE:A047	NONE	NONE	NONE	NONE	NONE	NONE	NONE	NONE	NONE	fertig getrocknetes Pulver nehmen	0	PASS_V76_83_ACTION_RIGHT_CONTEXTS__60_NOMINAL_15_ACTION_8_EOS__7_FINISHED_STATE_FIRSTS__3_LOCAL_READS_4_OPEN__C013_C014_ADDED__ZERO_WORD_DELTA
f76v	f76v.10	4	dshedy	bis zur Mittelstufe angefeuchtete Drogenportion	bis zur Mittelstufe angefeuchtete Drogenportion	1	4	NOMINAL_BLOCK	NOT_ACTION_LICENSED	0	NONE	NONE	NONE	NONE	NONE	NONE	bis zur Mittelstufe angefeuchtete Drogenportion	0	V68_WORDS_FROZEN__RELATION_METADATA_ONLY	NONE	NONE	NONE	NONE	NONE	bis zur Mittelstufe angefeuchtete Drogenportion	0	V69_TOKEN_GLOSS_BYTE_IDENTICAL__SEPARATE_WINDOW_METADATA	0	NONE	NONE	NOT_IN_ACTION_SURFACE_SCAN	bis zur Mittelstufe angefeuchtete Drogenportion	0	V70_TOKEN_GLOSS_BYTE_IDENTICAL__FRAME_REPLAY_METADATA_ONLY	NONE	NONE	NONE	NONE	bis zur Mittelstufe angefeuchtete Drogenportion	0	PASS_V72_YKA_II_III_SISTER_FRAME__5_CASES_2_REPLAY_1_NEW_B_EDGE_2_HELD__AIIN_UNBOUND__ZERO_WORD_DELTA	NONE	NONE	NONE	NONE	NONE	bis zur Mittelstufe angefeuchtete Drogenportion	0	PASS_V73_10_ANA_WINDOWS__1_EXACT_STATE_ONLY_2_WORKING_STATE_LIKE_2_DEICTIC__1_UNIQUE_CANDIDATE_1_NEW_B_EDGE__C011_OCCURRENCE_BOUND__ZERO_WORD_DELTA	NONE	NONE	NONE	NONE	NONE	NONE	bis zur Mittelstufe angefeuchtete Drogenportion	0	PASS_V74_11_EDGES__9_CONNECTED_COMPONENTS__23_EDGE_NODES_2_HULL_ONLY_1_STRUCTURAL__ZERO_EDGE_WORD_DELTA	NONE	NONE	NONE	NONE	NONE	NONE	NONE	NONE	NONE	NONE	bis zur Mittelstufe angefeuchtete Drogenportion	0	PASS_V75_11_TARGET_RIGHT_CONTEXTS__7_NOMINAL_3_ACTION_1_EOS__1_EXACT_WRITTEN_RESULT__2X2_DEFAULTS_REJECTED__C012_OCCURRENCE_BOUND__ZERO_WORD_DELTA	A047	FIRST_RIGHT_ITEM:A047	NONE	NONE	NONE	NONE	NONE	NONE	NONE	NONE	NONE	bis zur Mittelstufe angefeuchtete Drogenportion	0	PASS_V76_83_ACTION_RIGHT_CONTEXTS__60_NOMINAL_15_ACTION_8_EOS__7_FINISHED_STATE_FIRSTS__3_LOCAL_READS_4_OPEN__C013_C014_ADDED__ZERO_WORD_DELTA
f76v	f76v.10	5	shedy	mittlere Feuchtstufe erreicht	mittlere Feuchtstufe erreicht	1	4	NOMINAL_BLOCK	NOT_ACTION_LICENSED	0	NONE	NONE	NONE	NONE	NONE	NONE	mittlere Feuchtstufe erreicht	0	V68_WORDS_FROZEN__RELATION_METADATA_ONLY	NONE	NONE	NONE	NONE	NONE	mittlere Feuchtstufe erreicht	0	V69_TOKEN_GLOSS_BYTE_IDENTICAL__SEPARATE_WINDOW_METADATA	0	NONE	NONE	NOT_IN_ACTION_SURFACE_SCAN	mittlere Feuchtstufe erreicht	0	V70_TOKEN_GLOSS_BYTE_IDENTICAL__FRAME_REPLAY_METADATA_ONLY	NONE	NONE	NONE	NONE	mittlere Feuchtstufe erreicht	0	PASS_V72_YKA_II_III_SISTER_FRAME__5_CASES_2_REPLAY_1_NEW_B_EDGE_2_HELD__AIIN_UNBOUND__ZERO_WORD_DELTA	NONE	NONE	NONE	NONE	NONE	mittlere Feuchtstufe erreicht	0	PASS_V73_10_ANA_WINDOWS__1_EXACT_STATE_ONLY_2_WORKING_STATE_LIKE_2_DEICTIC__1_UNIQUE_CANDIDATE_1_NEW_B_EDGE__C011_OCCURRENCE_BOUND__ZERO_WORD_DELTA	NONE	NONE	NONE	NONE	NONE	NONE	mittlere Feuchtstufe erreicht	0	PASS_V74_11_EDGES__9_CONNECTED_COMPONENTS__23_EDGE_NODES_2_HULL_ONLY_1_STRUCTURAL__ZERO_EDGE_WORD_DELTA	NONE	NONE	NONE	NONE	NONE	NONE	NONE	NONE	NONE	NONE	mittlere Feuchtstufe erreicht	0	PASS_V75_11_TARGET_RIGHT_CONTEXTS__7_NOMINAL_3_ACTION_1_EOS__1_EXACT_WRITTEN_RESULT__2X2_DEFAULTS_REJECTED__C012_OCCURRENCE_BOUND__ZERO_WORD_DELTA	NONE	NONE	NONE	NONE	NONE	NONE	NONE	NONE	NONE	NONE	NONE	mittlere Feuchtstufe erreicht	0	PASS_V76_83_ACTION_RIGHT_CONTEXTS__60_NOMINAL_15_ACTION_8_EOS__7_FINISHED_STATE_FIRSTS__3_LOCAL_READS_4_OPEN__C013_C014_ADDED__ZERO_WORD_DELTA
f76v	f76v.10	6	tchedy	kalt-trockene Mittelstufe erreicht	kalt-trockene Mittelstufe erreicht	1	4	NOMINAL_BLOCK	NOT_ACTION_LICENSED	0	NONE	NONE	NONE	NONE	NONE	NONE	kalt-trockene Mittelstufe erreicht	0	V68_WORDS_FROZEN__RELATION_METADATA_ONLY	NONE	NONE	NONE	NONE	NONE	kalt-trockene Mittelstufe erreicht	0	V69_TOKEN_GLOSS_BYTE_IDENTICAL__SEPARATE_WINDOW_METADATA	0	NONE	NONE	NOT_IN_ACTION_SURFACE_SCAN	kalt-trockene Mittelstufe erreicht	0	V70_TOKEN_GLOSS_BYTE_IDENTICAL__FRAME_REPLAY_METADATA_ONLY	NONE	NONE	NONE	NONE	kalt-trockene Mittelstufe erreicht	0	PASS_V72_YKA_II_III_SISTER_FRAME__5_CASES_2_REPLAY_1_NEW_B_EDGE_2_HELD__AIIN_UNBOUND__ZERO_WORD_DELTA	NONE	NONE	NONE	NONE	NONE	kalt-trockene Mittelstufe erreicht	0	PASS_V73_10_ANA_WINDOWS__1_EXACT_STATE_ONLY_2_WORKING_STATE_LIKE_2_DEICTIC__1_UNIQUE_CANDIDATE_1_NEW_B_EDGE__C011_OCCURRENCE_BOUND__ZERO_WORD_DELTA	NONE	NONE	NONE	NONE	NONE	NONE	kalt-trockene Mittelstufe erreicht	0	PASS_V74_11_EDGES__9_CONNECTED_COMPONENTS__23_EDGE_NODES_2_HULL_ONLY_1_STRUCTURAL__ZERO_EDGE_WORD_DELTA	NONE	NONE	NONE	NONE	NONE	NONE	NONE	NONE	NONE	NONE	kalt-trockene Mittelstufe erreicht	0	PASS_V75_11_TARGET_RIGHT_CONTEXTS__7_NOMINAL_3_ACTION_1_EOS__1_EXACT_WRITTEN_RESULT__2X2_DEFAULTS_REJECTED__C012_OCCURRENCE_BOUND__ZERO_WORD_DELTA	NONE	NONE	NONE	NONE	NONE	NONE	NONE	NONE	NONE	NONE	NONE	kalt-trockene Mittelstufe erreicht	0	PASS_V76_83_ACTION_RIGHT_CONTEXTS__60_NOMINAL_15_ACTION_8_EOS__7_FINISHED_STATE_FIRSTS__3_LOCAL_READS_4_OPEN__C013_C014_ADDED__ZERO_WORD_DELTA
f76v	f76v.10	7	lsheetal	Rohholz I, vollständig eingeweicht und kaltgestellt	Rohholz I, vollständig eingeweicht und kaltgestellt	1	4	NOMINAL_BLOCK	NOT_ACTION_LICENSED	0	NONE	NONE	NONE	NONE	NONE	NONE	Rohholz I, vollständig eingeweicht und kaltgestellt	0	V68_WORDS_FROZEN__RELATION_METADATA_ONLY	NONE	NONE	NONE	NONE	NONE	Rohholz I, vollständig eingeweicht und kaltgestellt	0	V69_TOKEN_GLOSS_BYTE_IDENTICAL__SEPARATE_WINDOW_METADATA	0	NONE	NONE	NOT_IN_ACTION_SURFACE_SCAN	Rohholz I, vollständig eingeweicht und kaltgestellt	0	V70_TOKEN_GLOSS_BYTE_IDENTICAL__FRAME_REPLAY_METADATA_ONLY	NONE	NONE	NONE	NONE	Rohholz I, vollständig eingeweicht und kaltgestellt	0	PASS_V72_YKA_II_III_SISTER_FRAME__5_CASES_2_REPLAY_1_NEW_B_EDGE_2_HELD__AIIN_UNBOUND__ZERO_WORD_DELTA	NONE	NONE	NONE	NONE	NONE	Rohholz I, vollständig eingeweicht und kaltgestellt	0	PASS_V73_10_ANA_WINDOWS__1_EXACT_STATE_ONLY_2_WORKING_STATE_LIKE_2_DEICTIC__1_UNIQUE_CANDIDATE_1_NEW_B_EDGE__C011_OCCURRENCE_BOUND__ZERO_WORD_DELTA	NONE	NONE	NONE	NONE	NONE	NONE	Rohholz I, vollständig eingeweicht und kaltgestellt	0	PASS_V74_11_EDGES__9_CONNECTED_COMPONENTS__23_EDGE_NODES_2_HULL_ONLY_1_STRUCTURAL__ZERO_EDGE_WORD_DELTA	NONE	NONE	NONE	NONE	NONE	NONE	NONE	NONE	NONE	NONE	Rohholz I, vollständig eingeweicht und kaltgestellt	0	PASS_V75_11_TARGET_RIGHT_CONTEXTS__7_NOMINAL_3_ACTION_1_EOS__1_EXACT_WRITTEN_RESULT__2X2_DEFAULTS_REJECTED__C012_OCCURRENCE_BOUND__ZERO_WORD_DELTA	NONE	NONE	NONE	NONE	NONE	NONE	NONE	NONE	NONE	NONE	NONE	Rohholz I, vollständig eingeweicht und kaltgestellt	0	PASS_V76_83_ACTION_RIGHT_CONTEXTS__60_NOMINAL_15_ACTION_8_EOS__7_FINISHED_STATE_FIRSTS__3_LOCAL_READS_4_OPEN__C013_C014_ADDED__ZERO_WORD_DELTA
f76v	f76v.10	8	shecphy	bis zur Mittelstufe eingeweichtes und abgeschlossenes Arzneikompositum	bis zur Mittelstufe eingeweichtes und abgeschlossenes Arzneikompositum	1	4	NOMINAL_BLOCK	NOT_ACTION_LICENSED	0	NONE	NONE	NONE	NONE	NONE	NONE	bis zur Mittelstufe eingeweichtes und abgeschlossenes Arzneikompositum	0	V68_WORDS_FROZEN__RELATION_METADATA_ONLY	NONE	NONE	NONE	NONE	NONE	bis zur Mittelstufe eingeweichtes und abgeschlossenes Arzneikompositum	0	V69_TOKEN_GLOSS_BYTE_IDENTICAL__SEPARATE_WINDOW_METADATA	0	NONE	NONE	NOT_IN_ACTION_SURFACE_SCAN	bis zur Mittelstufe eingeweichtes und abgeschlossenes Arzneikompositum	0	V70_TOKEN_GLOSS_BYTE_IDENTICAL__FRAME_REPLAY_METADATA_ONLY	NONE	NONE	NONE	NONE	bis zur Mittelstufe eingeweichtes und abgeschlossenes Arzneikompositum	0	PASS_V72_YKA_II_III_SISTER_FRAME__5_CASES_2_REPLAY_1_NEW_B_EDGE_2_HELD__AIIN_UNBOUND__ZERO_WORD_DELTA	NONE	NONE	NONE	NONE	NONE	bis zur Mittelstufe eingeweichtes und abgeschlossenes Arzneikompositum	0	PASS_V73_10_ANA_WINDOWS__1_EXACT_STATE_ONLY_2_WORKING_STATE_LIKE_2_DEICTIC__1_UNIQUE_CANDIDATE_1_NEW_B_EDGE__C011_OCCURRENCE_BOUND__ZERO_WORD_DELTA	NONE	NONE	NONE	NONE	NONE	NONE	bis zur Mittelstufe eingeweichtes und abgeschlossenes Arzneikompositum	0	PASS_V74_11_EDGES__9_CONNECTED_COMPONENTS__23_EDGE_NODES_2_HULL_ONLY_1_STRUCTURAL__ZERO_EDGE_WORD_DELTA	NONE	NONE	NONE	NONE	NONE	NONE	NONE	NONE	NONE	NONE	bis zur Mittelstufe eingeweichtes und abgeschlossenes Arzneikompositum	0	PASS_V75_11_TARGET_RIGHT_CONTEXTS__7_NOMINAL_3_ACTION_1_EOS__1_EXACT_WRITTEN_RESULT__2X2_DEFAULTS_REJECTED__C012_OCCURRENCE_BOUND__ZERO_WORD_DELTA	NONE	NONE	NONE	NONE	NONE	NONE	NONE	NONE	NONE	NONE	NONE	bis zur Mittelstufe eingeweichtes und abgeschlossenes Arzneikompositum	0	PASS_V76_83_ACTION_RIGHT_CONTEXTS__60_NOMINAL_15_ACTION_8_EOS__7_FINISHED_STATE_FIRSTS__3_LOCAL_READS_4_OPEN__C013_C014_ADDED__ZERO_WORD_DELTA
f76v	f76v.10	9	daiin	drei Portionen des eingeweichten Arzneikompositums	drei Portionen des eingeweichten Arzneikompositums	1	4	NOMINAL_BLOCK	NOT_ACTION_LICENSED	0	NONE	NONE	NONE	NONE	NONE	NONE	drei Portionen des eingeweichten Arzneikompositums	0	V68_WORDS_FROZEN__RELATION_METADATA_ONLY	NONE	NONE	NONE	NONE	NONE	drei Portionen des eingeweichten Arzneikompositums	0	V69_TOKEN_GLOSS_BYTE_IDENTICAL__SEPARATE_WINDOW_METADATA	0	NONE	NONE	NOT_IN_ACTION_SURFACE_SCAN	drei Portionen des eingeweichten Arzneikompositums	0	V70_TOKEN_GLOSS_BYTE_IDENTICAL__FRAME_REPLAY_METADATA_ONLY	NONE	NONE	NONE	NONE	drei Portionen des eingeweichten Arzneikompositums	0	PASS_V72_YKA_II_III_SISTER_FRAME__5_CASES_2_REPLAY_1_NEW_B_EDGE_2_HELD__AIIN_UNBOUND__ZERO_WORD_DELTA	NONE	NONE	NONE	NONE	NONE	drei Portionen des eingeweichten Arzneikompositums	0	PASS_V73_10_ANA_WINDOWS__1_EXACT_STATE_ONLY_2_WORKING_STATE_LIKE_2_DEICTIC__1_UNIQUE_CANDIDATE_1_NEW_B_EDGE__C011_OCCURRENCE_BOUND__ZERO_WORD_DELTA	NONE	NONE	NONE	NONE	NONE	NONE	drei Portionen des eingeweichten Arzneikompositums	0	PASS_V74_11_EDGES__9_CONNECTED_COMPONENTS__23_EDGE_NODES_2_HULL_ONLY_1_STRUCTURAL__ZERO_EDGE_WORD_DELTA	NONE	NONE	NONE	NONE	NONE	NONE	NONE	NONE	NONE	NONE	drei Portionen des eingeweichten Arzneikompositums	0	PASS_V75_11_TARGET_RIGHT_CONTEXTS__7_NOMINAL_3_ACTION_1_EOS__1_EXACT_WRITTEN_RESULT__2X2_DEFAULTS_REJECTED__C012_OCCURRENCE_BOUND__ZERO_WORD_DELTA	NONE	NONE	NONE	NONE	NONE	NONE	NONE	NONE	NONE	NONE	NONE	drei Portionen des eingeweichten Arzneikompositums	0	PASS_V76_83_ACTION_RIGHT_CONTEXTS__60_NOMINAL_15_ACTION_8_EOS__7_FINISHED_STATE_FIRSTS__3_LOCAL_READS_4_OPEN__C013_C014_ADDED__ZERO_WORD_DELTA
f76v	f76v.10	10	dy	.	.	1	4	NOMINAL_BLOCK	NOT_ACTION_LICENSED	0	NONE	NONE	NONE	NONE	NONE	NONE	.	0	V68_WORDS_FROZEN__RELATION_METADATA_ONLY	NONE	NONE	NONE	NONE	NONE	.	0	V69_TOKEN_GLOSS_BYTE_IDENTICAL__SEPARATE_WINDOW_METADATA	0	NONE	NONE	NOT_IN_ACTION_SURFACE_SCAN	.	0	V70_TOKEN_GLOSS_BYTE_IDENTICAL__FRAME_REPLAY_METADATA_ONLY	NONE	NONE	NONE	NONE	.	0	PASS_V72_YKA_II_III_SISTER_FRAME__5_CASES_2_REPLAY_1_NEW_B_EDGE_2_HELD__AIIN_UNBOUND__ZERO_WORD_DELTA	NONE	NONE	NONE	NONE	NONE	.	0	PASS_V73_10_ANA_WINDOWS__1_EXACT_STATE_ONLY_2_WORKING_STATE_LIKE_2_DEICTIC__1_UNIQUE_CANDIDATE_1_NEW_B_EDGE__C011_OCCURRENCE_BOUND__ZERO_WORD_DELTA	NONE	NONE	NONE	NONE	NONE	NONE	.	0	PASS_V74_11_EDGES__9_CONNECTED_COMPONENTS__23_EDGE_NODES_2_HULL_ONLY_1_STRUCTURAL__ZERO_EDGE_WORD_DELTA	NONE	NONE	NONE	NONE	NONE	NONE	NONE	NONE	NONE	NONE	.	0	PASS_V75_11_TARGET_RIGHT_CONTEXTS__7_NOMINAL_3_ACTION_1_EOS__1_EXACT_WRITTEN_RESULT__2X2_DEFAULTS_REJECTED__C012_OCCURRENCE_BOUND__ZERO_WORD_DELTA	NONE	NONE	NONE	NONE	NONE	NONE	NONE	NONE	NONE	NONE	NONE	.	0	PASS_V76_83_ACTION_RIGHT_CONTEXTS__60_NOMINAL_15_ACTION_8_EOS__7_FINISHED_STATE_FIRSTS__3_LOCAL_READS_4_OPEN__C013_C014_ADDED__ZERO_WORD_DELTA
f77r	f77r.38	1	pol	Pulverstoff	Pulverstoff	1	1	NOMINAL_BLOCK	NOT_ACTION_LICENSED	0	NONE	NONE	NONE	NONE	NONE	NONE	Pulverstoff	0	V68_WORDS_FROZEN__RELATION_METADATA_ONLY	NONE	NONE	NONE	NONE	NONE	Pulverstoff	0	V69_TOKEN_GLOSS_BYTE_IDENTICAL__SEPARATE_WINDOW_METADATA	0	NONE	NONE	NOT_IN_ACTION_SURFACE_SCAN	Pulverstoff	0	V70_TOKEN_GLOSS_BYTE_IDENTICAL__FRAME_REPLAY_METADATA_ONLY	NONE	NONE	NONE	NONE	Pulverstoff	0	PASS_V72_YKA_II_III_SISTER_FRAME__5_CASES_2_REPLAY_1_NEW_B_EDGE_2_HELD__AIIN_UNBOUND__ZERO_WORD_DELTA	NONE	NONE	NONE	NONE	NONE	Pulverstoff	0	PASS_V73_10_ANA_WINDOWS__1_EXACT_STATE_ONLY_2_WORKING_STATE_LIKE_2_DEICTIC__1_UNIQUE_CANDIDATE_1_NEW_B_EDGE__C011_OCCURRENCE_BOUND__ZERO_WORD_DELTA	NONE	NONE	NONE	NONE	NONE	NONE	Pulverstoff	0	PASS_V74_11_EDGES__9_CONNECTED_COMPONENTS__23_EDGE_NODES_2_HULL_ONLY_1_STRUCTURAL__ZERO_EDGE_WORD_DELTA	NONE	NONE	NONE	NONE	NONE	NONE	NONE	NONE	NONE	NONE	Pulverstoff	0	PASS_V75_11_TARGET_RIGHT_CONTEXTS__7_NOMINAL_3_ACTION_1_EOS__1_EXACT_WRITTEN_RESULT__2X2_DEFAULTS_REJECTED__C012_OCCURRENCE_BOUND__ZERO_WORD_DELTA	NONE	NONE	NONE	NONE	NONE	NONE	NONE	NONE	NONE	NONE	NONE	Pulverstoff	0	PASS_V76_83_ACTION_RIGHT_CONTEXTS__60_NOMINAL_15_ACTION_8_EOS__7_FINISHED_STATE_FIRSTS__3_LOCAL_READS_4_OPEN__C013_C014_ADDED__ZERO_WORD_DELTA
f77r	f77r.38	2	shedy	mittlere Feuchtstufe erreicht	mittlere Feuchtstufe erreicht	1	1	NOMINAL_BLOCK	NOT_ACTION_LICENSED	0	NONE	NONE	NONE	NONE	NONE	NONE	mittlere Feuchtstufe erreicht	0	V68_WORDS_FROZEN__RELATION_METADATA_ONLY	NONE	NONE	NONE	NONE	NONE	mittlere Feuchtstufe erreicht	0	V69_TOKEN_GLOSS_BYTE_IDENTICAL__SEPARATE_WINDOW_METADATA	0	NONE	NONE	NOT_IN_ACTION_SURFACE_SCAN	mittlere Feuchtstufe erreicht	0	V70_TOKEN_GLOSS_BYTE_IDENTICAL__FRAME_REPLAY_METADATA_ONLY	NONE	NONE	NONE	NONE	mittlere Feuchtstufe erreicht	0	PASS_V72_YKA_II_III_SISTER_FRAME__5_CASES_2_REPLAY_1_NEW_B_EDGE_2_HELD__AIIN_UNBOUND__ZERO_WORD_DELTA	NONE	NONE	NONE	NONE	NONE	mittlere Feuchtstufe erreicht	0	PASS_V73_10_ANA_WINDOWS__1_EXACT_STATE_ONLY_2_WORKING_STATE_LIKE_2_DEICTIC__1_UNIQUE_CANDIDATE_1_NEW_B_EDGE__C011_OCCURRENCE_BOUND__ZERO_WORD_DELTA	NONE	NONE	NONE	NONE	NONE	NONE	mittlere Feuchtstufe erreicht	0	PASS_V74_11_EDGES__9_CONNECTED_COMPONENTS__23_EDGE_NODES_2_HULL_ONLY_1_STRUCTURAL__ZERO_EDGE_WORD_DELTA	NONE	NONE	NONE	NONE	NONE	NONE	NONE	NONE	NONE	NONE	mittlere Feuchtstufe erreicht	0	PASS_V75_11_TARGET_RIGHT_CONTEXTS__7_NOMINAL_3_ACTION_1_EOS__1_EXACT_WRITTEN_RESULT__2X2_DEFAULTS_REJECTED__C012_OCCURRENCE_BOUND__ZERO_WORD_DELTA	NONE	NONE	NONE	NONE	NONE	NONE	NONE	NONE	NONE	NONE	NONE	mittlere Feuchtstufe erreicht	0	PASS_V76_83_ACTION_RIGHT_CONTEXTS__60_NOMINAL_15_ACTION_8_EOS__7_FINISHED_STATE_FIRSTS__3_LOCAL_READS_4_OPEN__C013_C014_ADDED__ZERO_WORD_DELTA
f77r	f77r.38	3	qoeedy	nimm die Endportion hinzu	nimm die Endportion hinzu	1	2	ACTION_CLAUSE	GDT689_V62_ACTION_ORDINAL	1	NONE	NONE	NONE	NONE	NONE	NONE	nimm die Endportion hinzu	0	V68_WORDS_FROZEN__RELATION_METADATA_ONLY	NONE	NONE	NONE	NONE	NONE	nimm die Endportion hinzu	0	V69_TOKEN_GLOSS_BYTE_IDENTICAL__SEPARATE_WINDOW_METADATA	0	NONE	NONE	NOT_IN_ACTION_SURFACE_SCAN	nimm die Endportion hinzu	0	V70_TOKEN_GLOSS_BYTE_IDENTICAL__FRAME_REPLAY_METADATA_ONLY	NONE	NONE	NONE	NONE	nimm die Endportion hinzu	0	PASS_V72_YKA_II_III_SISTER_FRAME__5_CASES_2_REPLAY_1_NEW_B_EDGE_2_HELD__AIIN_UNBOUND__ZERO_WORD_DELTA	NONE	NONE	NONE	NONE	NONE	nimm die Endportion hinzu	0	PASS_V73_10_ANA_WINDOWS__1_EXACT_STATE_ONLY_2_WORKING_STATE_LIKE_2_DEICTIC__1_UNIQUE_CANDIDATE_1_NEW_B_EDGE__C011_OCCURRENCE_BOUND__ZERO_WORD_DELTA	NONE	NONE	NONE	NONE	NONE	NONE	nimm die Endportion hinzu	0	PASS_V74_11_EDGES__9_CONNECTED_COMPONENTS__23_EDGE_NODES_2_HULL_ONLY_1_STRUCTURAL__ZERO_EDGE_WORD_DELTA	NONE	NONE	NONE	NONE	NONE	NONE	NONE	NONE	NONE	NONE	nimm die Endportion hinzu	0	PASS_V75_11_TARGET_RIGHT_CONTEXTS__7_NOMINAL_3_ACTION_1_EOS__1_EXACT_WRITTEN_RESULT__2X2_DEFAULTS_REJECTED__C012_OCCURRENCE_BOUND__ZERO_WORD_DELTA	A048	ACTION_CLAUSE:A048	NONE	NONE	NONE	NONE	NONE	NONE	NONE	NONE	NONE	nimm die Endportion hinzu	0	PASS_V76_83_ACTION_RIGHT_CONTEXTS__60_NOMINAL_15_ACTION_8_EOS__7_FINISHED_STATE_FIRSTS__3_LOCAL_READS_4_OPEN__C013_C014_ADDED__ZERO_WORD_DELTA
f77r	f77r.38	4	qokaiin	heiß, Grad III	heiß, Grad III	1	3	NOMINAL_BLOCK	NOT_ACTION_LICENSED	0	NONE	NONE	NONE	NONE	NONE	NONE	heiß, Grad III	0	V68_WORDS_FROZEN__RELATION_METADATA_ONLY	NONE	NONE	NONE	NONE	NONE	heiß, Grad III	0	V69_TOKEN_GLOSS_BYTE_IDENTICAL__SEPARATE_WINDOW_METADATA	0	NONE	NONE	NOT_IN_ACTION_SURFACE_SCAN	heiß, Grad III	0	V70_TOKEN_GLOSS_BYTE_IDENTICAL__FRAME_REPLAY_METADATA_ONLY	NONE	NONE	NONE	NONE	heiß, Grad III	0	PASS_V72_YKA_II_III_SISTER_FRAME__5_CASES_2_REPLAY_1_NEW_B_EDGE_2_HELD__AIIN_UNBOUND__ZERO_WORD_DELTA	NONE	NONE	NONE	NONE	NONE	heiß, Grad III	0	PASS_V73_10_ANA_WINDOWS__1_EXACT_STATE_ONLY_2_WORKING_STATE_LIKE_2_DEICTIC__1_UNIQUE_CANDIDATE_1_NEW_B_EDGE__C011_OCCURRENCE_BOUND__ZERO_WORD_DELTA	NONE	NONE	NONE	NONE	NONE	NONE	heiß, Grad III	0	PASS_V74_11_EDGES__9_CONNECTED_COMPONENTS__23_EDGE_NODES_2_HULL_ONLY_1_STRUCTURAL__ZERO_EDGE_WORD_DELTA	NONE	NONE	NONE	NONE	NONE	NONE	NONE	NONE	NONE	NONE	heiß, Grad III	0	PASS_V75_11_TARGET_RIGHT_CONTEXTS__7_NOMINAL_3_ACTION_1_EOS__1_EXACT_WRITTEN_RESULT__2X2_DEFAULTS_REJECTED__C012_OCCURRENCE_BOUND__ZERO_WORD_DELTA	A048	FIRST_RIGHT_ITEM:A048	NONE	NONE	NONE	NONE	NONE	NONE	NONE	NONE	NONE	heiß, Grad III	0	PASS_V76_83_ACTION_RIGHT_CONTEXTS__60_NOMINAL_15_ACTION_8_EOS__7_FINISHED_STATE_FIRSTS__3_LOCAL_READS_4_OPEN__C013_C014_ADDED__ZERO_WORD_DELTA
f77r	f77r.38	5	chcphey	bis zur Mittelstufe getrocknetes und abgeschlossenes Arzneikompositum	bis zur Mittelstufe getrocknetes und abgeschlossenes Arzneikompositum	1	3	NOMINAL_BLOCK	NOT_ACTION_LICENSED	0	ADDED_OBJECT:C005	C005	C005	NONE	NONE	NONE	bis zur Mittelstufe getrocknetes und abgeschlossenes Arzneikompositum	0	V68_WORDS_FROZEN__RELATION_METADATA_ONLY	M005	ADDED_OBJECT:C005	1	2	Das bis zur Mittelstufe getrocknete und abgeschlossene Arzneikompositum zugeben.	bis zur Mittelstufe getrocknetes und abgeschlossenes Arzneikompositum	0	V69_TOKEN_GLOSS_BYTE_IDENTICAL__SEPARATE_WINDOW_METADATA	0	NONE	NONE	NOT_IN_ACTION_SURFACE_SCAN	bis zur Mittelstufe getrocknetes und abgeschlossenes Arzneikompositum	0	V70_TOKEN_GLOSS_BYTE_IDENTICAL__FRAME_REPLAY_METADATA_ONLY	NONE	NONE	NONE	NONE	bis zur Mittelstufe getrocknetes und abgeschlossenes Arzneikompositum	0	PASS_V72_YKA_II_III_SISTER_FRAME__5_CASES_2_REPLAY_1_NEW_B_EDGE_2_HELD__AIIN_UNBOUND__ZERO_WORD_DELTA	NONE	NONE	NONE	NONE	NONE	bis zur Mittelstufe getrocknetes und abgeschlossenes Arzneikompositum	0	PASS_V73_10_ANA_WINDOWS__1_EXACT_STATE_ONLY_2_WORKING_STATE_LIKE_2_DEICTIC__1_UNIQUE_CANDIDATE_1_NEW_B_EDGE__C011_OCCURRENCE_BOUND__ZERO_WORD_DELTA	M005	1	ADDED_OBJECT:C005	C005	EDGE_NODE	Das bis zur Mittelstufe getrocknete und abgeschlossene Arzneikompositum zugeben.	bis zur Mittelstufe getrocknetes und abgeschlossenes Arzneikompositum	0	PASS_V74_11_EDGES__9_CONNECTED_COMPONENTS__23_EDGE_NODES_2_HULL_ONLY_1_STRUCTURAL__ZERO_EDGE_WORD_DELTA	NONE	NONE	NONE	M005	1	ADDED_OBJECT:C005	C005	EDGE_NODE	Das bis zur Mittelstufe getrocknete und abgeschlossene Arzneikompositum zugeben.	NONE	bis zur Mittelstufe getrocknetes und abgeschlossenes Arzneikompositum	0	PASS_V75_11_TARGET_RIGHT_CONTEXTS__7_NOMINAL_3_ACTION_1_EOS__1_EXACT_WRITTEN_RESULT__2X2_DEFAULTS_REJECTED__C012_OCCURRENCE_BOUND__ZERO_WORD_DELTA	NONE	NONE	NONE	NONE	M005	1	ADDED_OBJECT:C005	C005	EDGE_NODE	Das bis zur Mittelstufe getrocknete und abgeschlossene Arzneikompositum zugeben.	NONE	bis zur Mittelstufe getrocknetes und abgeschlossenes Arzneikompositum	0	PASS_V76_83_ACTION_RIGHT_CONTEXTS__60_NOMINAL_15_ACTION_8_EOS__7_FINISHED_STATE_FIRSTS__3_LOCAL_READS_4_OPEN__C013_C014_ADDED__ZERO_WORD_DELTA
f77r	f77r.38	6	qol	Drogenstoff zugeben	Drogenstoff zugeben	1	4	ACTION_CLAUSE	GDT689_V62_ACTION_ORDINAL	1	TARGET_ACTION:C005	C005	NONE	NONE	C005	NONE	Drogenstoff zugeben	0	V68_WORDS_FROZEN__RELATION_METADATA_ONLY	M005	TARGET_ACTION:C005	2	2	Das bis zur Mittelstufe getrocknete und abgeschlossene Arzneikompositum zugeben.	Drogenstoff zugeben	0	V69_TOKEN_GLOSS_BYTE_IDENTICAL__SEPARATE_WINDOW_METADATA	1	A005	T005	ALREADY_ADMITTED_EXACT_SELF_REPLAY	Drogenstoff zugeben	0	V70_TOKEN_GLOSS_BYTE_IDENTICAL__FRAME_REPLAY_METADATA_ONLY	NONE	NONE	NONE	NONE	Drogenstoff zugeben	0	PASS_V72_YKA_II_III_SISTER_FRAME__5_CASES_2_REPLAY_1_NEW_B_EDGE_2_HELD__AIIN_UNBOUND__ZERO_WORD_DELTA	NONE	NONE	NONE	NONE	NONE	Drogenstoff zugeben	0	PASS_V73_10_ANA_WINDOWS__1_EXACT_STATE_ONLY_2_WORKING_STATE_LIKE_2_DEICTIC__1_UNIQUE_CANDIDATE_1_NEW_B_EDGE__C011_OCCURRENCE_BOUND__ZERO_WORD_DELTA	M005	2	TARGET_ACTION:C005	C005	EDGE_NODE	Das bis zur Mittelstufe getrocknete und abgeschlossene Arzneikompositum zugeben.	Drogenstoff zugeben	0	PASS_V74_11_EDGES__9_CONNECTED_COMPONENTS__23_EDGE_NODES_2_HULL_ONLY_1_STRUCTURAL__ZERO_EDGE_WORD_DELTA	V75R005	TARGET_ACTION_CLAUSE:V75R005	NONE	M005	2	TARGET_ACTION:C005	C005	EDGE_NODE	Das bis zur Mittelstufe getrocknete und abgeschlossene Arzneikompositum zugeben.	NONE	Drogenstoff zugeben	0	PASS_V75_11_TARGET_RIGHT_CONTEXTS__7_NOMINAL_3_ACTION_1_EOS__1_EXACT_WRITTEN_RESULT__2X2_DEFAULTS_REJECTED__C012_OCCURRENCE_BOUND__ZERO_WORD_DELTA	A049	ACTION_CLAUSE:A049	NONE	NONE	M005	2	TARGET_ACTION:C005	C005	EDGE_NODE	Das bis zur Mittelstufe getrocknete und abgeschlossene Arzneikompositum zugeben.	NONE	Drogenstoff zugeben	0	PASS_V76_83_ACTION_RIGHT_CONTEXTS__60_NOMINAL_15_ACTION_8_EOS__7_FINISHED_STATE_FIRSTS__3_LOCAL_READS_4_OPEN__C013_C014_ADDED__ZERO_WORD_DELTA
f77r	f77r.38	7	ltaiin	Holz, kalt auf Stufe III	Holz, kalt auf Stufe III	1	5	NOMINAL_BLOCK	NOT_ACTION_LICENSED	0	NONE	NONE	NONE	NONE	NONE	NONE	Holz, kalt auf Stufe III	0	V68_WORDS_FROZEN__RELATION_METADATA_ONLY	NONE	NONE	NONE	NONE	NONE	Holz, kalt auf Stufe III	0	V69_TOKEN_GLOSS_BYTE_IDENTICAL__SEPARATE_WINDOW_METADATA	0	NONE	NONE	NOT_IN_ACTION_SURFACE_SCAN	Holz, kalt auf Stufe III	0	V70_TOKEN_GLOSS_BYTE_IDENTICAL__FRAME_REPLAY_METADATA_ONLY	NONE	NONE	NONE	NONE	Holz, kalt auf Stufe III	0	PASS_V72_YKA_II_III_SISTER_FRAME__5_CASES_2_REPLAY_1_NEW_B_EDGE_2_HELD__AIIN_UNBOUND__ZERO_WORD_DELTA	NONE	NONE	NONE	NONE	NONE	Holz, kalt auf Stufe III	0	PASS_V73_10_ANA_WINDOWS__1_EXACT_STATE_ONLY_2_WORKING_STATE_LIKE_2_DEICTIC__1_UNIQUE_CANDIDATE_1_NEW_B_EDGE__C011_OCCURRENCE_BOUND__ZERO_WORD_DELTA	NONE	NONE	NONE	NONE	NONE	NONE	Holz, kalt auf Stufe III	0	PASS_V74_11_EDGES__9_CONNECTED_COMPONENTS__23_EDGE_NODES_2_HULL_ONLY_1_STRUCTURAL__ZERO_EDGE_WORD_DELTA	V75R005	FIRST_RIGHT_SEMANTIC:V75R005	NONE	NONE	NONE	NONE	NONE	NONE	NONE	NONE	Holz, kalt auf Stufe III	0	PASS_V75_11_TARGET_RIGHT_CONTEXTS__7_NOMINAL_3_ACTION_1_EOS__1_EXACT_WRITTEN_RESULT__2X2_DEFAULTS_REJECTED__C012_OCCURRENCE_BOUND__ZERO_WORD_DELTA	A049	FIRST_RIGHT_ITEM:A049	NONE	NONE	NONE	NONE	NONE	NONE	NONE	NONE	NONE	Holz, kalt auf Stufe III	0	PASS_V76_83_ACTION_RIGHT_CONTEXTS__60_NOMINAL_15_ACTION_8_EOS__7_FINISHED_STATE_FIRSTS__3_LOCAL_READS_4_OPEN__C013_C014_ADDED__ZERO_WORD_DELTA
f77r	f77r.38	8	shedy	mittlere Feuchtstufe erreicht	mittlere Feuchtstufe erreicht	1	5	NOMINAL_BLOCK	NOT_ACTION_LICENSED	0	NONE	NONE	NONE	NONE	NONE	NONE	mittlere Feuchtstufe erreicht	0	V68_WORDS_FROZEN__RELATION_METADATA_ONLY	NONE	NONE	NONE	NONE	NONE	mittlere Feuchtstufe erreicht	0	V69_TOKEN_GLOSS_BYTE_IDENTICAL__SEPARATE_WINDOW_METADATA	0	NONE	NONE	NOT_IN_ACTION_SURFACE_SCAN	mittlere Feuchtstufe erreicht	0	V70_TOKEN_GLOSS_BYTE_IDENTICAL__FRAME_REPLAY_METADATA_ONLY	NONE	NONE	NONE	NONE	mittlere Feuchtstufe erreicht	0	PASS_V72_YKA_II_III_SISTER_FRAME__5_CASES_2_REPLAY_1_NEW_B_EDGE_2_HELD__AIIN_UNBOUND__ZERO_WORD_DELTA	NONE	NONE	NONE	NONE	NONE	mittlere Feuchtstufe erreicht	0	PASS_V73_10_ANA_WINDOWS__1_EXACT_STATE_ONLY_2_WORKING_STATE_LIKE_2_DEICTIC__1_UNIQUE_CANDIDATE_1_NEW_B_EDGE__C011_OCCURRENCE_BOUND__ZERO_WORD_DELTA	NONE	NONE	NONE	NONE	NONE	NONE	mittlere Feuchtstufe erreicht	0	PASS_V74_11_EDGES__9_CONNECTED_COMPONENTS__23_EDGE_NODES_2_HULL_ONLY_1_STRUCTURAL__ZERO_EDGE_WORD_DELTA	V75R005	ANTI_SKIP_CONTROL:V75R005	NONE	NONE	NONE	NONE	NONE	NONE	NONE	NONE	mittlere Feuchtstufe erreicht	0	PASS_V75_11_TARGET_RIGHT_CONTEXTS__7_NOMINAL_3_ACTION_1_EOS__1_EXACT_WRITTEN_RESULT__2X2_DEFAULTS_REJECTED__C012_OCCURRENCE_BOUND__ZERO_WORD_DELTA	NONE	NONE	NONE	NONE	NONE	NONE	NONE	NONE	NONE	NONE	NONE	mittlere Feuchtstufe erreicht	0	PASS_V76_83_ACTION_RIGHT_CONTEXTS__60_NOMINAL_15_ACTION_8_EOS__7_FINISHED_STATE_FIRSTS__3_LOCAL_READS_4_OPEN__C013_C014_ADDED__ZERO_WORD_DELTA
f77r	f77r.38	9	qol	Drogenstoff zugeben	Drogenstoff zugeben	1	6	ACTION_CLAUSE	GDT689_V62_ACTION_ORDINAL	1	NONE	NONE	NONE	NONE	NONE	NONE	Drogenstoff zugeben	0	V68_WORDS_FROZEN__RELATION_METADATA_ONLY	NONE	NONE	NONE	NONE	NONE	Drogenstoff zugeben	0	V69_TOKEN_GLOSS_BYTE_IDENTICAL__SEPARATE_WINDOW_METADATA	1	A006	NONE	UNBOUND_NO_EXACT_PARTICIPANT_FRAME	Drogenstoff zugeben	0	V70_TOKEN_GLOSS_BYTE_IDENTICAL__FRAME_REPLAY_METADATA_ONLY	NONE	NONE	NONE	NONE	Drogenstoff zugeben	0	PASS_V72_YKA_II_III_SISTER_FRAME__5_CASES_2_REPLAY_1_NEW_B_EDGE_2_HELD__AIIN_UNBOUND__ZERO_WORD_DELTA	NONE	NONE	NONE	NONE	NONE	Drogenstoff zugeben	0	PASS_V73_10_ANA_WINDOWS__1_EXACT_STATE_ONLY_2_WORKING_STATE_LIKE_2_DEICTIC__1_UNIQUE_CANDIDATE_1_NEW_B_EDGE__C011_OCCURRENCE_BOUND__ZERO_WORD_DELTA	NONE	NONE	NONE	NONE	NONE	NONE	Drogenstoff zugeben	0	PASS_V74_11_EDGES__9_CONNECTED_COMPONENTS__23_EDGE_NODES_2_HULL_ONLY_1_STRUCTURAL__ZERO_EDGE_WORD_DELTA	NONE	NONE	NONE	NONE	NONE	NONE	NONE	NONE	NONE	NONE	Drogenstoff zugeben	0	PASS_V75_11_TARGET_RIGHT_CONTEXTS__7_NOMINAL_3_ACTION_1_EOS__1_EXACT_WRITTEN_RESULT__2X2_DEFAULTS_REJECTED__C012_OCCURRENCE_BOUND__ZERO_WORD_DELTA	A050	ACTION_CLAUSE:A050	NONE	NONE	NONE	NONE	NONE	NONE	NONE	NONE	NONE	Drogenstoff zugeben	0	PASS_V76_83_ACTION_RIGHT_CONTEXTS__60_NOMINAL_15_ACTION_8_EOS__7_FINISHED_STATE_FIRSTS__3_LOCAL_READS_4_OPEN__C013_C014_ADDED__ZERO_WORD_DELTA
f77v	f77v.7	1	olshedy	bis zur Mittelstufe eingeweichte Drogenbasis, abgeschlossen	bis zur Mittelstufe eingeweichte Drogenbasis, abgeschlossen	1	1	NOMINAL_BLOCK	NOT_ACTION_LICENSED	0	NONE	NONE	NONE	NONE	NONE	NONE	bis zur Mittelstufe eingeweichte Drogenbasis, abgeschlossen	0	V68_WORDS_FROZEN__RELATION_METADATA_ONLY	NONE	NONE	NONE	NONE	NONE	bis zur Mittelstufe eingeweichte Drogenbasis, abgeschlossen	0	V69_TOKEN_GLOSS_BYTE_IDENTICAL__SEPARATE_WINDOW_METADATA	0	NONE	NONE	NOT_IN_ACTION_SURFACE_SCAN	bis zur Mittelstufe eingeweichte Drogenbasis, abgeschlossen	0	V70_TOKEN_GLOSS_BYTE_IDENTICAL__FRAME_REPLAY_METADATA_ONLY	NONE	NONE	NONE	NONE	bis zur Mittelstufe eingeweichte Drogenbasis, abgeschlossen	0	PASS_V72_YKA_II_III_SISTER_FRAME__5_CASES_2_REPLAY_1_NEW_B_EDGE_2_HELD__AIIN_UNBOUND__ZERO_WORD_DELTA	NONE	NONE	NONE	NONE	NONE	bis zur Mittelstufe eingeweichte Drogenbasis, abgeschlossen	0	PASS_V73_10_ANA_WINDOWS__1_EXACT_STATE_ONLY_2_WORKING_STATE_LIKE_2_DEICTIC__1_UNIQUE_CANDIDATE_1_NEW_B_EDGE__C011_OCCURRENCE_BOUND__ZERO_WORD_DELTA	NONE	NONE	NONE	NONE	NONE	NONE	bis zur Mittelstufe eingeweichte Drogenbasis, abgeschlossen	0	PASS_V74_11_EDGES__9_CONNECTED_COMPONENTS__23_EDGE_NODES_2_HULL_ONLY_1_STRUCTURAL__ZERO_EDGE_WORD_DELTA	NONE	NONE	NONE	NONE	NONE	NONE	NONE	NONE	NONE	NONE	bis zur Mittelstufe eingeweichte Drogenbasis, abgeschlossen	0	PASS_V75_11_TARGET_RIGHT_CONTEXTS__7_NOMINAL_3_ACTION_1_EOS__1_EXACT_WRITTEN_RESULT__2X2_DEFAULTS_REJECTED__C012_OCCURRENCE_BOUND__ZERO_WORD_DELTA	NONE	NONE	NONE	NONE	NONE	NONE	NONE	NONE	NONE	NONE	NONE	bis zur Mittelstufe eingeweichte Drogenbasis, abgeschlossen	0	PASS_V76_83_ACTION_RIGHT_CONTEXTS__60_NOMINAL_15_ACTION_8_EOS__7_FINISHED_STATE_FIRSTS__3_LOCAL_READS_4_OPEN__C013_C014_ADDED__ZERO_WORD_DELTA
f77v	f77v.7	2	qolsheedy	vollständig eingeweichten Drogenstoff zugeben und abschließen	vollständig eingeweichten Drogenstoff zugeben und abschließen	1	2	ACTION_CLAUSE	GDT689_V62_ACTION_ORDINAL	2	NONE	NONE	NONE	NONE	NONE	H004	vollständig eingeweichten Drogenstoff zugeben und abschließen	0	V68_WORDS_FROZEN__RELATION_METADATA_ONLY	NONE	NONE	NONE	NONE	NONE	vollständig eingeweichten Drogenstoff zugeben und abschließen	0	V69_TOKEN_GLOSS_BYTE_IDENTICAL__SEPARATE_WINDOW_METADATA	0	NONE	NONE	NOT_IN_ACTION_SURFACE_SCAN	vollständig eingeweichten Drogenstoff zugeben und abschließen	0	V70_TOKEN_GLOSS_BYTE_IDENTICAL__FRAME_REPLAY_METADATA_ONLY	NONE	NONE	NONE	NONE	vollständig eingeweichten Drogenstoff zugeben und abschließen	0	PASS_V72_YKA_II_III_SISTER_FRAME__5_CASES_2_REPLAY_1_NEW_B_EDGE_2_HELD__AIIN_UNBOUND__ZERO_WORD_DELTA	NONE	NONE	NONE	NONE	NONE	vollständig eingeweichten Drogenstoff zugeben und abschließen	0	PASS_V73_10_ANA_WINDOWS__1_EXACT_STATE_ONLY_2_WORKING_STATE_LIKE_2_DEICTIC__1_UNIQUE_CANDIDATE_1_NEW_B_EDGE__C011_OCCURRENCE_BOUND__ZERO_WORD_DELTA	NONE	NONE	NONE	NONE	NONE	NONE	vollständig eingeweichten Drogenstoff zugeben und abschließen	0	PASS_V74_11_EDGES__9_CONNECTED_COMPONENTS__23_EDGE_NODES_2_HULL_ONLY_1_STRUCTURAL__ZERO_EDGE_WORD_DELTA	NONE	NONE	NONE	NONE	NONE	NONE	NONE	NONE	NONE	NONE	vollständig eingeweichten Drogenstoff zugeben und abschließen	0	PASS_V75_11_TARGET_RIGHT_CONTEXTS__7_NOMINAL_3_ACTION_1_EOS__1_EXACT_WRITTEN_RESULT__2X2_DEFAULTS_REJECTED__C012_OCCURRENCE_BOUND__ZERO_WORD_DELTA	A051	ACTION_CLAUSE:A051	NONE	NONE	NONE	NONE	NONE	NONE	NONE	NONE	NONE	vollständig eingeweichten Drogenstoff zugeben und abschließen	0	PASS_V76_83_ACTION_RIGHT_CONTEXTS__60_NOMINAL_15_ACTION_8_EOS__7_FINISHED_STATE_FIRSTS__3_LOCAL_READS_4_OPEN__C013_C014_ADDED__ZERO_WORD_DELTA
f77v	f77v.7	3	qy	hiervon nehmen	hiervon nehmen	1	3	ACTION_CLAUSE	GDT689_V62_ACTION_ORDINAL	1	NONE	NONE	NONE	R016	NONE	H004	hiervon nehmen	0	V68_WORDS_FROZEN__RELATION_METADATA_ONLY	NONE	NONE	NONE	NONE	NONE	hiervon nehmen	0	V69_TOKEN_GLOSS_BYTE_IDENTICAL__SEPARATE_WINDOW_METADATA	0	NONE	NONE	NOT_IN_ACTION_SURFACE_SCAN	hiervon nehmen	0	V70_TOKEN_GLOSS_BYTE_IDENTICAL__FRAME_REPLAY_METADATA_ONLY	NONE	NONE	NONE	NONE	hiervon nehmen	0	PASS_V72_YKA_II_III_SISTER_FRAME__5_CASES_2_REPLAY_1_NEW_B_EDGE_2_HELD__AIIN_UNBOUND__ZERO_WORD_DELTA	V73A008	NONE	NONE	NONE	NONE	hiervon nehmen	0	PASS_V73_10_ANA_WINDOWS__1_EXACT_STATE_ONLY_2_WORKING_STATE_LIKE_2_DEICTIC__1_UNIQUE_CANDIDATE_1_NEW_B_EDGE__C011_OCCURRENCE_BOUND__ZERO_WORD_DELTA	NONE	NONE	NONE	NONE	NONE	NONE	hiervon nehmen	0	PASS_V74_11_EDGES__9_CONNECTED_COMPONENTS__23_EDGE_NODES_2_HULL_ONLY_1_STRUCTURAL__ZERO_EDGE_WORD_DELTA	NONE	NONE	NONE	NONE	NONE	NONE	NONE	NONE	NONE	NONE	hiervon nehmen	0	PASS_V75_11_TARGET_RIGHT_CONTEXTS__7_NOMINAL_3_ACTION_1_EOS__1_EXACT_WRITTEN_RESULT__2X2_DEFAULTS_REJECTED__C012_OCCURRENCE_BOUND__ZERO_WORD_DELTA	A051|A052	ACTION_CLAUSE:A052|FIRST_RIGHT_ITEM:A051	NONE	NONE	NONE	NONE	NONE	NONE	NONE	NONE	NONE	hiervon nehmen	0	PASS_V76_83_ACTION_RIGHT_CONTEXTS__60_NOMINAL_15_ACTION_8_EOS__7_FINISHED_STATE_FIRSTS__3_LOCAL_READS_4_OPEN__C013_C014_ADDED__ZERO_WORD_DELTA
f77v	f77v.7	4	rr	getrocknete Wurzel	getrocknete Wurzel	1	4	NOMINAL_BLOCK	NOT_ACTION_LICENSED	0	NONE	NONE	NONE	NONE	NONE	H004|H005	getrocknete Wurzel	0	V68_WORDS_FROZEN__RELATION_METADATA_ONLY	NONE	NONE	NONE	NONE	NONE	getrocknete Wurzel	0	V69_TOKEN_GLOSS_BYTE_IDENTICAL__SEPARATE_WINDOW_METADATA	0	NONE	NONE	NOT_IN_ACTION_SURFACE_SCAN	getrocknete Wurzel	0	V70_TOKEN_GLOSS_BYTE_IDENTICAL__FRAME_REPLAY_METADATA_ONLY	NONE	NONE	NONE	NONE	getrocknete Wurzel	0	PASS_V72_YKA_II_III_SISTER_FRAME__5_CASES_2_REPLAY_1_NEW_B_EDGE_2_HELD__AIIN_UNBOUND__ZERO_WORD_DELTA	V73A008	NONE	NONE	NONE	NONE	getrocknete Wurzel	0	PASS_V73_10_ANA_WINDOWS__1_EXACT_STATE_ONLY_2_WORKING_STATE_LIKE_2_DEICTIC__1_UNIQUE_CANDIDATE_1_NEW_B_EDGE__C011_OCCURRENCE_BOUND__ZERO_WORD_DELTA	NONE	NONE	NONE	NONE	NONE	NONE	getrocknete Wurzel	0	PASS_V74_11_EDGES__9_CONNECTED_COMPONENTS__23_EDGE_NODES_2_HULL_ONLY_1_STRUCTURAL__ZERO_EDGE_WORD_DELTA	NONE	NONE	NONE	NONE	NONE	NONE	NONE	NONE	NONE	NONE	getrocknete Wurzel	0	PASS_V75_11_TARGET_RIGHT_CONTEXTS__7_NOMINAL_3_ACTION_1_EOS__1_EXACT_WRITTEN_RESULT__2X2_DEFAULTS_REJECTED__C012_OCCURRENCE_BOUND__ZERO_WORD_DELTA	A052	FIRST_RIGHT_ITEM:A052	NONE	NONE	NONE	NONE	NONE	NONE	NONE	NONE	NONE	getrocknete Wurzel	0	PASS_V76_83_ACTION_RIGHT_CONTEXTS__60_NOMINAL_15_ACTION_8_EOS__7_FINISHED_STATE_FIRSTS__3_LOCAL_READS_4_OPEN__C013_C014_ADDED__ZERO_WORD_DELTA
f77v	f77v.7	5	ycheedy	hiervon bis zur Endstufe trocknen	hiervon bis zur Endstufe trocknen	1	5	ACTION_CLAUSE	GDT689_V62_ACTION_ORDINAL	1	NONE	NONE	NONE	R017	NONE	H005	hiervon bis zur Endstufe trocknen	0	V68_WORDS_FROZEN__RELATION_METADATA_ONLY	NONE	NONE	NONE	NONE	NONE	hiervon bis zur Endstufe trocknen	0	V69_TOKEN_GLOSS_BYTE_IDENTICAL__SEPARATE_WINDOW_METADATA	0	NONE	NONE	NOT_IN_ACTION_SURFACE_SCAN	hiervon bis zur Endstufe trocknen	0	V70_TOKEN_GLOSS_BYTE_IDENTICAL__FRAME_REPLAY_METADATA_ONLY	NONE	NONE	NONE	NONE	hiervon bis zur Endstufe trocknen	0	PASS_V72_YKA_II_III_SISTER_FRAME__5_CASES_2_REPLAY_1_NEW_B_EDGE_2_HELD__AIIN_UNBOUND__ZERO_WORD_DELTA	V73A008	NONE	NONE	NONE	NONE	hiervon bis zur Endstufe trocknen	0	PASS_V73_10_ANA_WINDOWS__1_EXACT_STATE_ONLY_2_WORKING_STATE_LIKE_2_DEICTIC__1_UNIQUE_CANDIDATE_1_NEW_B_EDGE__C011_OCCURRENCE_BOUND__ZERO_WORD_DELTA	NONE	NONE	NONE	NONE	NONE	NONE	hiervon bis zur Endstufe trocknen	0	PASS_V74_11_EDGES__9_CONNECTED_COMPONENTS__23_EDGE_NODES_2_HULL_ONLY_1_STRUCTURAL__ZERO_EDGE_WORD_DELTA	NONE	NONE	NONE	NONE	NONE	NONE	NONE	NONE	NONE	NONE	hiervon bis zur Endstufe trocknen	0	PASS_V75_11_TARGET_RIGHT_CONTEXTS__7_NOMINAL_3_ACTION_1_EOS__1_EXACT_WRITTEN_RESULT__2X2_DEFAULTS_REJECTED__C012_OCCURRENCE_BOUND__ZERO_WORD_DELTA	A053	ACTION_CLAUSE:A053	F007	HOLD_OPEN	NONE	NONE	NONE	NONE	NONE	NONE	NONE	hiervon bis zur Endstufe trocknen	0	PASS_V76_83_ACTION_RIGHT_CONTEXTS__60_NOMINAL_15_ACTION_8_EOS__7_FINISHED_STATE_FIRSTS__3_LOCAL_READS_4_OPEN__C013_C014_ADDED__ZERO_WORD_DELTA
f77v	f77v.7	6	okedy	heißer Ansatz, Mittelstufe erreicht	heißer Ansatz, Mittelstufe erreicht	1	6	NOMINAL_BLOCK	NOT_ACTION_LICENSED	0	NONE	NONE	NONE	NONE	NONE	NONE	heißer Ansatz, Mittelstufe erreicht	0	V68_WORDS_FROZEN__RELATION_METADATA_ONLY	NONE	NONE	NONE	NONE	NONE	heißer Ansatz, Mittelstufe erreicht	0	V69_TOKEN_GLOSS_BYTE_IDENTICAL__SEPARATE_WINDOW_METADATA	0	NONE	NONE	NOT_IN_ACTION_SURFACE_SCAN	heißer Ansatz, Mittelstufe erreicht	0	V70_TOKEN_GLOSS_BYTE_IDENTICAL__FRAME_REPLAY_METADATA_ONLY	NONE	NONE	NONE	NONE	heißer Ansatz, Mittelstufe erreicht	0	PASS_V72_YKA_II_III_SISTER_FRAME__5_CASES_2_REPLAY_1_NEW_B_EDGE_2_HELD__AIIN_UNBOUND__ZERO_WORD_DELTA	NONE	NONE	NONE	NONE	NONE	heißer Ansatz, Mittelstufe erreicht	0	PASS_V73_10_ANA_WINDOWS__1_EXACT_STATE_ONLY_2_WORKING_STATE_LIKE_2_DEICTIC__1_UNIQUE_CANDIDATE_1_NEW_B_EDGE__C011_OCCURRENCE_BOUND__ZERO_WORD_DELTA	NONE	NONE	NONE	NONE	NONE	NONE	heißer Ansatz, Mittelstufe erreicht	0	PASS_V74_11_EDGES__9_CONNECTED_COMPONENTS__23_EDGE_NODES_2_HULL_ONLY_1_STRUCTURAL__ZERO_EDGE_WORD_DELTA	NONE	NONE	NONE	NONE	NONE	NONE	NONE	NONE	NONE	NONE	heißer Ansatz, Mittelstufe erreicht	0	PASS_V75_11_TARGET_RIGHT_CONTEXTS__7_NOMINAL_3_ACTION_1_EOS__1_EXACT_WRITTEN_RESULT__2X2_DEFAULTS_REJECTED__C012_OCCURRENCE_BOUND__ZERO_WORD_DELTA	A053	FIRST_RIGHT_ITEM:A053	F007	HOLD_OPEN	NONE	NONE	NONE	NONE	NONE	NONE	NONE	heißer Ansatz, Mittelstufe erreicht	0	PASS_V76_83_ACTION_RIGHT_CONTEXTS__60_NOMINAL_15_ACTION_8_EOS__7_FINISHED_STATE_FIRSTS__3_LOCAL_READS_4_OPEN__C013_C014_ADDED__ZERO_WORD_DELTA
f77v	f77v.7	7	lshedy	vollständig eingeweichtes Holz, Form I	vollständig eingeweichtes Holz, Form I	1	6	NOMINAL_BLOCK	NOT_ACTION_LICENSED	0	NONE	NONE	NONE	NONE	NONE	NONE	vollständig eingeweichtes Holz, Form I	0	V68_WORDS_FROZEN__RELATION_METADATA_ONLY	NONE	NONE	NONE	NONE	NONE	vollständig eingeweichtes Holz, Form I	0	V69_TOKEN_GLOSS_BYTE_IDENTICAL__SEPARATE_WINDOW_METADATA	0	NONE	NONE	NOT_IN_ACTION_SURFACE_SCAN	vollständig eingeweichtes Holz, Form I	0	V70_TOKEN_GLOSS_BYTE_IDENTICAL__FRAME_REPLAY_METADATA_ONLY	NONE	NONE	NONE	NONE	vollständig eingeweichtes Holz, Form I	0	PASS_V72_YKA_II_III_SISTER_FRAME__5_CASES_2_REPLAY_1_NEW_B_EDGE_2_HELD__AIIN_UNBOUND__ZERO_WORD_DELTA	NONE	NONE	NONE	NONE	NONE	vollständig eingeweichtes Holz, Form I	0	PASS_V73_10_ANA_WINDOWS__1_EXACT_STATE_ONLY_2_WORKING_STATE_LIKE_2_DEICTIC__1_UNIQUE_CANDIDATE_1_NEW_B_EDGE__C011_OCCURRENCE_BOUND__ZERO_WORD_DELTA	NONE	NONE	NONE	NONE	NONE	NONE	vollständig eingeweichtes Holz, Form I	0	PASS_V74_11_EDGES__9_CONNECTED_COMPONENTS__23_EDGE_NODES_2_HULL_ONLY_1_STRUCTURAL__ZERO_EDGE_WORD_DELTA	NONE	NONE	NONE	NONE	NONE	NONE	NONE	NONE	NONE	NONE	vollständig eingeweichtes Holz, Form I	0	PASS_V75_11_TARGET_RIGHT_CONTEXTS__7_NOMINAL_3_ACTION_1_EOS__1_EXACT_WRITTEN_RESULT__2X2_DEFAULTS_REJECTED__C012_OCCURRENCE_BOUND__ZERO_WORD_DELTA	NONE	NONE	NONE	NONE	NONE	NONE	NONE	NONE	NONE	NONE	NONE	vollständig eingeweichtes Holz, Form I	0	PASS_V76_83_ACTION_RIGHT_CONTEXTS__60_NOMINAL_15_ACTION_8_EOS__7_FINISHED_STATE_FIRSTS__3_LOCAL_READS_4_OPEN__C013_C014_ADDED__ZERO_WORD_DELTA
f77v	f77v.7	8	chs	Trockengut, Grundform	Trockengut, Grundform	1	6	NOMINAL_BLOCK	NOT_ACTION_LICENSED	0	NONE	NONE	NONE	NONE	NONE	NONE	Trockengut, Grundform	0	V68_WORDS_FROZEN__RELATION_METADATA_ONLY	NONE	NONE	NONE	NONE	NONE	Trockengut, Grundform	0	V69_TOKEN_GLOSS_BYTE_IDENTICAL__SEPARATE_WINDOW_METADATA	0	NONE	NONE	NOT_IN_ACTION_SURFACE_SCAN	Trockengut, Grundform	0	V70_TOKEN_GLOSS_BYTE_IDENTICAL__FRAME_REPLAY_METADATA_ONLY	NONE	NONE	NONE	NONE	Trockengut, Grundform	0	PASS_V72_YKA_II_III_SISTER_FRAME__5_CASES_2_REPLAY_1_NEW_B_EDGE_2_HELD__AIIN_UNBOUND__ZERO_WORD_DELTA	NONE	NONE	NONE	NONE	NONE	Trockengut, Grundform	0	PASS_V73_10_ANA_WINDOWS__1_EXACT_STATE_ONLY_2_WORKING_STATE_LIKE_2_DEICTIC__1_UNIQUE_CANDIDATE_1_NEW_B_EDGE__C011_OCCURRENCE_BOUND__ZERO_WORD_DELTA	NONE	NONE	NONE	NONE	NONE	NONE	Trockengut, Grundform	0	PASS_V74_11_EDGES__9_CONNECTED_COMPONENTS__23_EDGE_NODES_2_HULL_ONLY_1_STRUCTURAL__ZERO_EDGE_WORD_DELTA	NONE	NONE	NONE	NONE	NONE	NONE	NONE	NONE	NONE	NONE	Trockengut, Grundform	0	PASS_V75_11_TARGET_RIGHT_CONTEXTS__7_NOMINAL_3_ACTION_1_EOS__1_EXACT_WRITTEN_RESULT__2X2_DEFAULTS_REJECTED__C012_OCCURRENCE_BOUND__ZERO_WORD_DELTA	NONE	NONE	NONE	NONE	NONE	NONE	NONE	NONE	NONE	NONE	NONE	Trockengut, Grundform	0	PASS_V76_83_ACTION_RIGHT_CONTEXTS__60_NOMINAL_15_ACTION_8_EOS__7_FINISHED_STATE_FIRSTS__3_LOCAL_READS_4_OPEN__C013_C014_ADDED__ZERO_WORD_DELTA
f77v	f77v.7	9	shdal	feuchte abgemessene Rohstoffmenge I am Gradanfang	feuchte abgemessene Rohstoffmenge I am Gradanfang	1	6	NOMINAL_BLOCK	NOT_ACTION_LICENSED	0	NONE	NONE	NONE	NONE	NONE	NONE	feuchte abgemessene Rohstoffmenge I am Gradanfang	0	V68_WORDS_FROZEN__RELATION_METADATA_ONLY	NONE	NONE	NONE	NONE	NONE	feuchte abgemessene Rohstoffmenge I am Gradanfang	0	V69_TOKEN_GLOSS_BYTE_IDENTICAL__SEPARATE_WINDOW_METADATA	0	NONE	NONE	NOT_IN_ACTION_SURFACE_SCAN	feuchte abgemessene Rohstoffmenge I am Gradanfang	0	V70_TOKEN_GLOSS_BYTE_IDENTICAL__FRAME_REPLAY_METADATA_ONLY	NONE	NONE	NONE	NONE	feuchte abgemessene Rohstoffmenge I am Gradanfang	0	PASS_V72_YKA_II_III_SISTER_FRAME__5_CASES_2_REPLAY_1_NEW_B_EDGE_2_HELD__AIIN_UNBOUND__ZERO_WORD_DELTA	NONE	NONE	NONE	NONE	NONE	feuchte abgemessene Rohstoffmenge I am Gradanfang	0	PASS_V73_10_ANA_WINDOWS__1_EXACT_STATE_ONLY_2_WORKING_STATE_LIKE_2_DEICTIC__1_UNIQUE_CANDIDATE_1_NEW_B_EDGE__C011_OCCURRENCE_BOUND__ZERO_WORD_DELTA	NONE	NONE	NONE	NONE	NONE	NONE	feuchte abgemessene Rohstoffmenge I am Gradanfang	0	PASS_V74_11_EDGES__9_CONNECTED_COMPONENTS__23_EDGE_NODES_2_HULL_ONLY_1_STRUCTURAL__ZERO_EDGE_WORD_DELTA	NONE	NONE	NONE	NONE	NONE	NONE	NONE	NONE	NONE	NONE	feuchte abgemessene Rohstoffmenge I am Gradanfang	0	PASS_V75_11_TARGET_RIGHT_CONTEXTS__7_NOMINAL_3_ACTION_1_EOS__1_EXACT_WRITTEN_RESULT__2X2_DEFAULTS_REJECTED__C012_OCCURRENCE_BOUND__ZERO_WORD_DELTA	NONE	NONE	NONE	NONE	NONE	NONE	NONE	NONE	NONE	NONE	NONE	feuchte abgemessene Rohstoffmenge I am Gradanfang	0	PASS_V76_83_ACTION_RIGHT_CONTEXTS__60_NOMINAL_15_ACTION_8_EOS__7_FINISHED_STATE_FIRSTS__3_LOCAL_READS_4_OPEN__C013_C014_ADDED__ZERO_WORD_DELTA
f77v	f77v.7	10	chedy	mittlere Trockenstufe erreicht	mittlere Trockenstufe erreicht	1	6	NOMINAL_BLOCK	NOT_ACTION_LICENSED	0	NONE	NONE	NONE	NONE	NONE	NONE	mittlere Trockenstufe erreicht	0	V68_WORDS_FROZEN__RELATION_METADATA_ONLY	NONE	NONE	NONE	NONE	NONE	mittlere Trockenstufe erreicht	0	V69_TOKEN_GLOSS_BYTE_IDENTICAL__SEPARATE_WINDOW_METADATA	0	NONE	NONE	NOT_IN_ACTION_SURFACE_SCAN	mittlere Trockenstufe erreicht	0	V70_TOKEN_GLOSS_BYTE_IDENTICAL__FRAME_REPLAY_METADATA_ONLY	NONE	NONE	NONE	NONE	mittlere Trockenstufe erreicht	0	PASS_V72_YKA_II_III_SISTER_FRAME__5_CASES_2_REPLAY_1_NEW_B_EDGE_2_HELD__AIIN_UNBOUND__ZERO_WORD_DELTA	NONE	NONE	NONE	NONE	NONE	mittlere Trockenstufe erreicht	0	PASS_V73_10_ANA_WINDOWS__1_EXACT_STATE_ONLY_2_WORKING_STATE_LIKE_2_DEICTIC__1_UNIQUE_CANDIDATE_1_NEW_B_EDGE__C011_OCCURRENCE_BOUND__ZERO_WORD_DELTA	NONE	NONE	NONE	NONE	NONE	NONE	mittlere Trockenstufe erreicht	0	PASS_V74_11_EDGES__9_CONNECTED_COMPONENTS__23_EDGE_NODES_2_HULL_ONLY_1_STRUCTURAL__ZERO_EDGE_WORD_DELTA	NONE	NONE	NONE	NONE	NONE	NONE	NONE	NONE	NONE	NONE	mittlere Trockenstufe erreicht	0	PASS_V75_11_TARGET_RIGHT_CONTEXTS__7_NOMINAL_3_ACTION_1_EOS__1_EXACT_WRITTEN_RESULT__2X2_DEFAULTS_REJECTED__C012_OCCURRENCE_BOUND__ZERO_WORD_DELTA	NONE	NONE	NONE	NONE	NONE	NONE	NONE	NONE	NONE	NONE	NONE	mittlere Trockenstufe erreicht	0	PASS_V76_83_ACTION_RIGHT_CONTEXTS__60_NOMINAL_15_ACTION_8_EOS__7_FINISHED_STATE_FIRSTS__3_LOCAL_READS_4_OPEN__C013_C014_ADDED__ZERO_WORD_DELTA
f77v	f77v.7	11	qolky	leicht erhitzten Drogenstoff hinzugeben	leicht erhitzten Drogenstoff hinzugeben	1	7	ACTION_CLAUSE	GDT689_V62_ACTION_ORDINAL	1	NONE	NONE	NONE	NONE	NONE	NONE	leicht erhitzten Drogenstoff hinzugeben	0	V68_WORDS_FROZEN__RELATION_METADATA_ONLY	NONE	NONE	NONE	NONE	NONE	leicht erhitzten Drogenstoff hinzugeben	0	V69_TOKEN_GLOSS_BYTE_IDENTICAL__SEPARATE_WINDOW_METADATA	0	NONE	NONE	NOT_IN_ACTION_SURFACE_SCAN	leicht erhitzten Drogenstoff hinzugeben	0	V70_TOKEN_GLOSS_BYTE_IDENTICAL__FRAME_REPLAY_METADATA_ONLY	NONE	NONE	NONE	NONE	leicht erhitzten Drogenstoff hinzugeben	0	PASS_V72_YKA_II_III_SISTER_FRAME__5_CASES_2_REPLAY_1_NEW_B_EDGE_2_HELD__AIIN_UNBOUND__ZERO_WORD_DELTA	NONE	NONE	NONE	NONE	NONE	leicht erhitzten Drogenstoff hinzugeben	0	PASS_V73_10_ANA_WINDOWS__1_EXACT_STATE_ONLY_2_WORKING_STATE_LIKE_2_DEICTIC__1_UNIQUE_CANDIDATE_1_NEW_B_EDGE__C011_OCCURRENCE_BOUND__ZERO_WORD_DELTA	NONE	NONE	NONE	NONE	NONE	NONE	leicht erhitzten Drogenstoff hinzugeben	0	PASS_V74_11_EDGES__9_CONNECTED_COMPONENTS__23_EDGE_NODES_2_HULL_ONLY_1_STRUCTURAL__ZERO_EDGE_WORD_DELTA	NONE	NONE	NONE	NONE	NONE	NONE	NONE	NONE	NONE	NONE	leicht erhitzten Drogenstoff hinzugeben	0	PASS_V75_11_TARGET_RIGHT_CONTEXTS__7_NOMINAL_3_ACTION_1_EOS__1_EXACT_WRITTEN_RESULT__2X2_DEFAULTS_REJECTED__C012_OCCURRENCE_BOUND__ZERO_WORD_DELTA	A054	ACTION_CLAUSE:A054	NONE	NONE	NONE	NONE	NONE	NONE	NONE	NONE	NONE	leicht erhitzten Drogenstoff hinzugeben	0	PASS_V76_83_ACTION_RIGHT_CONTEXTS__60_NOMINAL_15_ACTION_8_EOS__7_FINISHED_STATE_FIRSTS__3_LOCAL_READS_4_OPEN__C013_C014_ADDED__ZERO_WORD_DELTA
f7r	f7r.2	1	dcheey	eine Dosis vollständig trocknen und abschließen	eine Dosis vollständig trocknen und abschließen	1	1	ACTION_CLAUSE	GDT689_V62_ACTION_ORDINAL	2	NONE	NONE	NONE	NONE	NONE	NONE	eine Dosis vollständig trocknen und abschließen	0	V68_WORDS_FROZEN__RELATION_METADATA_ONLY	NONE	NONE	NONE	NONE	NONE	eine Dosis vollständig trocknen und abschließen	0	V69_TOKEN_GLOSS_BYTE_IDENTICAL__SEPARATE_WINDOW_METADATA	0	NONE	NONE	NOT_IN_ACTION_SURFACE_SCAN	eine Dosis vollständig trocknen und abschließen	0	V70_TOKEN_GLOSS_BYTE_IDENTICAL__FRAME_REPLAY_METADATA_ONLY	NONE	NONE	NONE	NONE	eine Dosis vollständig trocknen und abschließen	0	PASS_V72_YKA_II_III_SISTER_FRAME__5_CASES_2_REPLAY_1_NEW_B_EDGE_2_HELD__AIIN_UNBOUND__ZERO_WORD_DELTA	NONE	NONE	NONE	NONE	NONE	eine Dosis vollständig trocknen und abschließen	0	PASS_V73_10_ANA_WINDOWS__1_EXACT_STATE_ONLY_2_WORKING_STATE_LIKE_2_DEICTIC__1_UNIQUE_CANDIDATE_1_NEW_B_EDGE__C011_OCCURRENCE_BOUND__ZERO_WORD_DELTA	NONE	NONE	NONE	NONE	NONE	NONE	eine Dosis vollständig trocknen und abschließen	0	PASS_V74_11_EDGES__9_CONNECTED_COMPONENTS__23_EDGE_NODES_2_HULL_ONLY_1_STRUCTURAL__ZERO_EDGE_WORD_DELTA	NONE	NONE	NONE	NONE	NONE	NONE	NONE	NONE	NONE	NONE	eine Dosis vollständig trocknen und abschließen	0	PASS_V75_11_TARGET_RIGHT_CONTEXTS__7_NOMINAL_3_ACTION_1_EOS__1_EXACT_WRITTEN_RESULT__2X2_DEFAULTS_REJECTED__C012_OCCURRENCE_BOUND__ZERO_WORD_DELTA	A055	ACTION_CLAUSE:A055	NONE	NONE	NONE	NONE	NONE	NONE	NONE	NONE	NONE	eine Dosis vollständig trocknen und abschließen	0	PASS_V76_83_ACTION_RIGHT_CONTEXTS__60_NOMINAL_15_ACTION_8_EOS__7_FINISHED_STATE_FIRSTS__3_LOCAL_READS_4_OPEN__C013_C014_ADDED__ZERO_WORD_DELTA
f7r	f7r.2	2	keo	Ansatz auf mittlerer Heizstufe	Ansatz auf mittlerer Heizstufe	1	2	NOMINAL_BLOCK	NOT_ACTION_LICENSED	0	NONE	NONE	NONE	NONE	NONE	NONE	Ansatz auf mittlerer Heizstufe	0	V68_WORDS_FROZEN__RELATION_METADATA_ONLY	NONE	NONE	NONE	NONE	NONE	Ansatz auf mittlerer Heizstufe	0	V69_TOKEN_GLOSS_BYTE_IDENTICAL__SEPARATE_WINDOW_METADATA	0	NONE	NONE	NOT_IN_ACTION_SURFACE_SCAN	Ansatz auf mittlerer Heizstufe	0	V70_TOKEN_GLOSS_BYTE_IDENTICAL__FRAME_REPLAY_METADATA_ONLY	NONE	NONE	NONE	NONE	Ansatz auf mittlerer Heizstufe	0	PASS_V72_YKA_II_III_SISTER_FRAME__5_CASES_2_REPLAY_1_NEW_B_EDGE_2_HELD__AIIN_UNBOUND__ZERO_WORD_DELTA	NONE	NONE	NONE	NONE	NONE	Ansatz auf mittlerer Heizstufe	0	PASS_V73_10_ANA_WINDOWS__1_EXACT_STATE_ONLY_2_WORKING_STATE_LIKE_2_DEICTIC__1_UNIQUE_CANDIDATE_1_NEW_B_EDGE__C011_OCCURRENCE_BOUND__ZERO_WORD_DELTA	NONE	NONE	NONE	NONE	NONE	NONE	Ansatz auf mittlerer Heizstufe	0	PASS_V74_11_EDGES__9_CONNECTED_COMPONENTS__23_EDGE_NODES_2_HULL_ONLY_1_STRUCTURAL__ZERO_EDGE_WORD_DELTA	NONE	NONE	NONE	NONE	NONE	NONE	NONE	NONE	NONE	NONE	Ansatz auf mittlerer Heizstufe	0	PASS_V75_11_TARGET_RIGHT_CONTEXTS__7_NOMINAL_3_ACTION_1_EOS__1_EXACT_WRITTEN_RESULT__2X2_DEFAULTS_REJECTED__C012_OCCURRENCE_BOUND__ZERO_WORD_DELTA	A055	FIRST_RIGHT_ITEM:A055	NONE	NONE	NONE	NONE	NONE	NONE	NONE	NONE	NONE	Ansatz auf mittlerer Heizstufe	0	PASS_V76_83_ACTION_RIGHT_CONTEXTS__60_NOMINAL_15_ACTION_8_EOS__7_FINISHED_STATE_FIRSTS__3_LOCAL_READS_4_OPEN__C013_C014_ADDED__ZERO_WORD_DELTA
f7r	f7r.2	3	r	Wurzel	Wurzel	1	2	NOMINAL_BLOCK	NOT_ACTION_LICENSED	0	NONE	NONE	NONE	NONE	NONE	NONE	Wurzel	0	V68_WORDS_FROZEN__RELATION_METADATA_ONLY	NONE	NONE	NONE	NONE	NONE	Wurzel	0	V69_TOKEN_GLOSS_BYTE_IDENTICAL__SEPARATE_WINDOW_METADATA	0	NONE	NONE	NOT_IN_ACTION_SURFACE_SCAN	Wurzel	0	V70_TOKEN_GLOSS_BYTE_IDENTICAL__FRAME_REPLAY_METADATA_ONLY	NONE	NONE	NONE	NONE	Wurzel	0	PASS_V72_YKA_II_III_SISTER_FRAME__5_CASES_2_REPLAY_1_NEW_B_EDGE_2_HELD__AIIN_UNBOUND__ZERO_WORD_DELTA	NONE	NONE	NONE	NONE	NONE	Wurzel	0	PASS_V73_10_ANA_WINDOWS__1_EXACT_STATE_ONLY_2_WORKING_STATE_LIKE_2_DEICTIC__1_UNIQUE_CANDIDATE_1_NEW_B_EDGE__C011_OCCURRENCE_BOUND__ZERO_WORD_DELTA	NONE	NONE	NONE	NONE	NONE	NONE	Wurzel	0	PASS_V74_11_EDGES__9_CONNECTED_COMPONENTS__23_EDGE_NODES_2_HULL_ONLY_1_STRUCTURAL__ZERO_EDGE_WORD_DELTA	NONE	NONE	NONE	NONE	NONE	NONE	NONE	NONE	NONE	NONE	Wurzel	0	PASS_V75_11_TARGET_RIGHT_CONTEXTS__7_NOMINAL_3_ACTION_1_EOS__1_EXACT_WRITTEN_RESULT__2X2_DEFAULTS_REJECTED__C012_OCCURRENCE_BOUND__ZERO_WORD_DELTA	NONE	NONE	NONE	NONE	NONE	NONE	NONE	NONE	NONE	NONE	NONE	Wurzel	0	PASS_V76_83_ACTION_RIGHT_CONTEXTS__60_NOMINAL_15_ACTION_8_EOS__7_FINISHED_STATE_FIRSTS__3_LOCAL_READS_4_OPEN__C013_C014_ADDED__ZERO_WORD_DELTA
f7r	f7r.2	4	shor	Blüte	Blüte	1	2	NOMINAL_BLOCK	NOT_ACTION_LICENSED	0	NONE	NONE	NONE	NONE	NONE	NONE	Blüte	0	V68_WORDS_FROZEN__RELATION_METADATA_ONLY	NONE	NONE	NONE	NONE	NONE	Blüte	0	V69_TOKEN_GLOSS_BYTE_IDENTICAL__SEPARATE_WINDOW_METADATA	0	NONE	NONE	NOT_IN_ACTION_SURFACE_SCAN	Blüte	0	V70_TOKEN_GLOSS_BYTE_IDENTICAL__FRAME_REPLAY_METADATA_ONLY	NONE	NONE	NONE	NONE	Blüte	0	PASS_V72_YKA_II_III_SISTER_FRAME__5_CASES_2_REPLAY_1_NEW_B_EDGE_2_HELD__AIIN_UNBOUND__ZERO_WORD_DELTA	NONE	NONE	NONE	NONE	NONE	Blüte	0	PASS_V73_10_ANA_WINDOWS__1_EXACT_STATE_ONLY_2_WORKING_STATE_LIKE_2_DEICTIC__1_UNIQUE_CANDIDATE_1_NEW_B_EDGE__C011_OCCURRENCE_BOUND__ZERO_WORD_DELTA	NONE	NONE	NONE	NONE	NONE	NONE	Blüte	0	PASS_V74_11_EDGES__9_CONNECTED_COMPONENTS__23_EDGE_NODES_2_HULL_ONLY_1_STRUCTURAL__ZERO_EDGE_WORD_DELTA	NONE	NONE	NONE	NONE	NONE	NONE	NONE	NONE	NONE	NONE	Blüte	0	PASS_V75_11_TARGET_RIGHT_CONTEXTS__7_NOMINAL_3_ACTION_1_EOS__1_EXACT_WRITTEN_RESULT__2X2_DEFAULTS_REJECTED__C012_OCCURRENCE_BOUND__ZERO_WORD_DELTA	NONE	NONE	NONE	NONE	NONE	NONE	NONE	NONE	NONE	NONE	NONE	Blüte	0	PASS_V76_83_ACTION_RIGHT_CONTEXTS__60_NOMINAL_15_ACTION_8_EOS__7_FINISHED_STATE_FIRSTS__3_LOCAL_READS_4_OPEN__C013_C014_ADDED__ZERO_WORD_DELTA
f7r	f7r.2	5	dold	Drogenstoff abmessen und abschließen	Drogenstoff abmessen und abschließen	1	3	ACTION_CLAUSE	GDT689_V62_ACTION_ORDINAL	2	NONE	NONE	NONE	NONE	NONE	NONE	Drogenstoff abmessen und abschließen	0	V68_WORDS_FROZEN__RELATION_METADATA_ONLY	NONE	NONE	NONE	NONE	NONE	Drogenstoff abmessen und abschließen	0	V69_TOKEN_GLOSS_BYTE_IDENTICAL__SEPARATE_WINDOW_METADATA	0	NONE	NONE	NOT_IN_ACTION_SURFACE_SCAN	Drogenstoff abmessen und abschließen	0	V70_TOKEN_GLOSS_BYTE_IDENTICAL__FRAME_REPLAY_METADATA_ONLY	NONE	NONE	NONE	NONE	Drogenstoff abmessen und abschließen	0	PASS_V72_YKA_II_III_SISTER_FRAME__5_CASES_2_REPLAY_1_NEW_B_EDGE_2_HELD__AIIN_UNBOUND__ZERO_WORD_DELTA	NONE	NONE	NONE	NONE	NONE	Drogenstoff abmessen und abschließen	0	PASS_V73_10_ANA_WINDOWS__1_EXACT_STATE_ONLY_2_WORKING_STATE_LIKE_2_DEICTIC__1_UNIQUE_CANDIDATE_1_NEW_B_EDGE__C011_OCCURRENCE_BOUND__ZERO_WORD_DELTA	NONE	NONE	NONE	NONE	NONE	NONE	Drogenstoff abmessen und abschließen	0	PASS_V74_11_EDGES__9_CONNECTED_COMPONENTS__23_EDGE_NODES_2_HULL_ONLY_1_STRUCTURAL__ZERO_EDGE_WORD_DELTA	NONE	NONE	NONE	NONE	NONE	NONE	NONE	NONE	NONE	NONE	Drogenstoff abmessen und abschließen	0	PASS_V75_11_TARGET_RIGHT_CONTEXTS__7_NOMINAL_3_ACTION_1_EOS__1_EXACT_WRITTEN_RESULT__2X2_DEFAULTS_REJECTED__C012_OCCURRENCE_BOUND__ZERO_WORD_DELTA	A056	ACTION_CLAUSE:A056	NONE	NONE	NONE	NONE	NONE	NONE	NONE	NONE	NONE	Drogenstoff abmessen und abschließen	0	PASS_V76_83_ACTION_RIGHT_CONTEXTS__60_NOMINAL_15_ACTION_8_EOS__7_FINISHED_STATE_FIRSTS__3_LOCAL_READS_4_OPEN__C013_C014_ADDED__ZERO_WORD_DELTA
f7r	f7r.2	6	dchey	fertige abgemessene Mittelstufen-Trockenportion	fertige abgemessene Mittelstufen-Trockenportion	1	4	NOMINAL_BLOCK	NOT_ACTION_LICENSED	0	NONE	NONE	NONE	NONE	NONE	NONE	fertige abgemessene Mittelstufen-Trockenportion	0	V68_WORDS_FROZEN__RELATION_METADATA_ONLY	NONE	NONE	NONE	NONE	NONE	fertige abgemessene Mittelstufen-Trockenportion	0	V69_TOKEN_GLOSS_BYTE_IDENTICAL__SEPARATE_WINDOW_METADATA	0	NONE	NONE	NOT_IN_ACTION_SURFACE_SCAN	fertige abgemessene Mittelstufen-Trockenportion	0	V70_TOKEN_GLOSS_BYTE_IDENTICAL__FRAME_REPLAY_METADATA_ONLY	NONE	NONE	NONE	NONE	fertige abgemessene Mittelstufen-Trockenportion	0	PASS_V72_YKA_II_III_SISTER_FRAME__5_CASES_2_REPLAY_1_NEW_B_EDGE_2_HELD__AIIN_UNBOUND__ZERO_WORD_DELTA	NONE	NONE	NONE	NONE	NONE	fertige abgemessene Mittelstufen-Trockenportion	0	PASS_V73_10_ANA_WINDOWS__1_EXACT_STATE_ONLY_2_WORKING_STATE_LIKE_2_DEICTIC__1_UNIQUE_CANDIDATE_1_NEW_B_EDGE__C011_OCCURRENCE_BOUND__ZERO_WORD_DELTA	NONE	NONE	NONE	NONE	NONE	NONE	fertige abgemessene Mittelstufen-Trockenportion	0	PASS_V74_11_EDGES__9_CONNECTED_COMPONENTS__23_EDGE_NODES_2_HULL_ONLY_1_STRUCTURAL__ZERO_EDGE_WORD_DELTA	NONE	NONE	NONE	NONE	NONE	NONE	NONE	NONE	NONE	NONE	fertige abgemessene Mittelstufen-Trockenportion	0	PASS_V75_11_TARGET_RIGHT_CONTEXTS__7_NOMINAL_3_ACTION_1_EOS__1_EXACT_WRITTEN_RESULT__2X2_DEFAULTS_REJECTED__C012_OCCURRENCE_BOUND__ZERO_WORD_DELTA	A056	FIRST_RIGHT_ITEM:A056	NONE	NONE	NONE	NONE	NONE	NONE	NONE	NONE	NONE	fertige abgemessene Mittelstufen-Trockenportion	0	PASS_V76_83_ACTION_RIGHT_CONTEXTS__60_NOMINAL_15_ACTION_8_EOS__7_FINISHED_STATE_FIRSTS__3_LOCAL_READS_4_OPEN__C013_C014_ADDED__ZERO_WORD_DELTA
f7r	f7r.2	7	kchey	heiß und trocken in der Mitte des Grades	heiß und trocken in der Mitte des Grades	1	4	NOMINAL_BLOCK	NOT_ACTION_LICENSED	0	NONE	NONE	NONE	NONE	NONE	NONE	heiß und trocken in der Mitte des Grades	0	V68_WORDS_FROZEN__RELATION_METADATA_ONLY	NONE	NONE	NONE	NONE	NONE	heiß und trocken in der Mitte des Grades	0	V69_TOKEN_GLOSS_BYTE_IDENTICAL__SEPARATE_WINDOW_METADATA	0	NONE	NONE	NOT_IN_ACTION_SURFACE_SCAN	heiß und trocken in der Mitte des Grades	0	V70_TOKEN_GLOSS_BYTE_IDENTICAL__FRAME_REPLAY_METADATA_ONLY	NONE	NONE	NONE	NONE	heiß und trocken in der Mitte des Grades	0	PASS_V72_YKA_II_III_SISTER_FRAME__5_CASES_2_REPLAY_1_NEW_B_EDGE_2_HELD__AIIN_UNBOUND__ZERO_WORD_DELTA	NONE	NONE	NONE	NONE	NONE	heiß und trocken in der Mitte des Grades	0	PASS_V73_10_ANA_WINDOWS__1_EXACT_STATE_ONLY_2_WORKING_STATE_LIKE_2_DEICTIC__1_UNIQUE_CANDIDATE_1_NEW_B_EDGE__C011_OCCURRENCE_BOUND__ZERO_WORD_DELTA	NONE	NONE	NONE	NONE	NONE	NONE	heiß und trocken in der Mitte des Grades	0	PASS_V74_11_EDGES__9_CONNECTED_COMPONENTS__23_EDGE_NODES_2_HULL_ONLY_1_STRUCTURAL__ZERO_EDGE_WORD_DELTA	NONE	NONE	NONE	NONE	NONE	NONE	NONE	NONE	NONE	NONE	heiß und trocken in der Mitte des Grades	0	PASS_V75_11_TARGET_RIGHT_CONTEXTS__7_NOMINAL_3_ACTION_1_EOS__1_EXACT_WRITTEN_RESULT__2X2_DEFAULTS_REJECTED__C012_OCCURRENCE_BOUND__ZERO_WORD_DELTA	NONE	NONE	NONE	NONE	NONE	NONE	NONE	NONE	NONE	NONE	NONE	heiß und trocken in der Mitte des Grades	0	PASS_V76_83_ACTION_RIGHT_CONTEXTS__60_NOMINAL_15_ACTION_8_EOS__7_FINISHED_STATE_FIRSTS__3_LOCAL_READS_4_OPEN__C013_C014_ADDED__ZERO_WORD_DELTA
f7r	f7r.2	8	otchy	kalt-trockene Zubereitung am Anfang des Grades	kalt-trockene Zubereitung am Anfang des Grades	1	4	NOMINAL_BLOCK	NOT_ACTION_LICENSED	0	NONE	NONE	NONE	NONE	NONE	NONE	kalt-trockene Zubereitung am Anfang des Grades	0	V68_WORDS_FROZEN__RELATION_METADATA_ONLY	NONE	NONE	NONE	NONE	NONE	kalt-trockene Zubereitung am Anfang des Grades	0	V69_TOKEN_GLOSS_BYTE_IDENTICAL__SEPARATE_WINDOW_METADATA	0	NONE	NONE	NOT_IN_ACTION_SURFACE_SCAN	kalt-trockene Zubereitung am Anfang des Grades	0	V70_TOKEN_GLOSS_BYTE_IDENTICAL__FRAME_REPLAY_METADATA_ONLY	NONE	NONE	NONE	NONE	kalt-trockene Zubereitung am Anfang des Grades	0	PASS_V72_YKA_II_III_SISTER_FRAME__5_CASES_2_REPLAY_1_NEW_B_EDGE_2_HELD__AIIN_UNBOUND__ZERO_WORD_DELTA	NONE	NONE	NONE	NONE	NONE	kalt-trockene Zubereitung am Anfang des Grades	0	PASS_V73_10_ANA_WINDOWS__1_EXACT_STATE_ONLY_2_WORKING_STATE_LIKE_2_DEICTIC__1_UNIQUE_CANDIDATE_1_NEW_B_EDGE__C011_OCCURRENCE_BOUND__ZERO_WORD_DELTA	NONE	NONE	NONE	NONE	NONE	NONE	kalt-trockene Zubereitung am Anfang des Grades	0	PASS_V74_11_EDGES__9_CONNECTED_COMPONENTS__23_EDGE_NODES_2_HULL_ONLY_1_STRUCTURAL__ZERO_EDGE_WORD_DELTA	NONE	NONE	NONE	NONE	NONE	NONE	NONE	NONE	NONE	NONE	kalt-trockene Zubereitung am Anfang des Grades	0	PASS_V75_11_TARGET_RIGHT_CONTEXTS__7_NOMINAL_3_ACTION_1_EOS__1_EXACT_WRITTEN_RESULT__2X2_DEFAULTS_REJECTED__C012_OCCURRENCE_BOUND__ZERO_WORD_DELTA	NONE	NONE	NONE	NONE	NONE	NONE	NONE	NONE	NONE	NONE	NONE	kalt-trockene Zubereitung am Anfang des Grades	0	PASS_V76_83_ACTION_RIGHT_CONTEXTS__60_NOMINAL_15_ACTION_8_EOS__7_FINISHED_STATE_FIRSTS__3_LOCAL_READS_4_OPEN__C013_C014_ADDED__ZERO_WORD_DELTA
f7r	f7r.2	9	cheody	getrocknete Masse	getrocknete Masse	1	4	NOMINAL_BLOCK	NOT_ACTION_LICENSED	0	NONE	NONE	NONE	NONE	NONE	NONE	getrocknete Masse	0	V68_WORDS_FROZEN__RELATION_METADATA_ONLY	NONE	NONE	NONE	NONE	NONE	getrocknete Masse	0	V69_TOKEN_GLOSS_BYTE_IDENTICAL__SEPARATE_WINDOW_METADATA	0	NONE	NONE	NOT_IN_ACTION_SURFACE_SCAN	getrocknete Masse	0	V70_TOKEN_GLOSS_BYTE_IDENTICAL__FRAME_REPLAY_METADATA_ONLY	NONE	NONE	NONE	NONE	getrocknete Masse	0	PASS_V72_YKA_II_III_SISTER_FRAME__5_CASES_2_REPLAY_1_NEW_B_EDGE_2_HELD__AIIN_UNBOUND__ZERO_WORD_DELTA	NONE	NONE	NONE	NONE	NONE	getrocknete Masse	0	PASS_V73_10_ANA_WINDOWS__1_EXACT_STATE_ONLY_2_WORKING_STATE_LIKE_2_DEICTIC__1_UNIQUE_CANDIDATE_1_NEW_B_EDGE__C011_OCCURRENCE_BOUND__ZERO_WORD_DELTA	NONE	NONE	NONE	NONE	NONE	NONE	getrocknete Masse	0	PASS_V74_11_EDGES__9_CONNECTED_COMPONENTS__23_EDGE_NODES_2_HULL_ONLY_1_STRUCTURAL__ZERO_EDGE_WORD_DELTA	NONE	NONE	NONE	NONE	NONE	NONE	NONE	NONE	NONE	NONE	getrocknete Masse	0	PASS_V75_11_TARGET_RIGHT_CONTEXTS__7_NOMINAL_3_ACTION_1_EOS__1_EXACT_WRITTEN_RESULT__2X2_DEFAULTS_REJECTED__C012_OCCURRENCE_BOUND__ZERO_WORD_DELTA	NONE	NONE	NONE	NONE	NONE	NONE	NONE	NONE	NONE	NONE	NONE	getrocknete Masse	0	PASS_V76_83_ACTION_RIGHT_CONTEXTS__60_NOMINAL_15_ACTION_8_EOS__7_FINISHED_STATE_FIRSTS__3_LOCAL_READS_4_OPEN__C013_C014_ADDED__ZERO_WORD_DELTA
f80r	f80r.17	1	solky	Samenansatz, leicht erhitzt	Samenansatz, leicht erhitzt	1	1	NOMINAL_BLOCK	NOT_ACTION_LICENSED	0	NONE	NONE	NONE	NONE	NONE	NONE	Samenansatz, leicht erhitzt	0	V68_WORDS_FROZEN__RELATION_METADATA_ONLY	NONE	NONE	NONE	NONE	NONE	Samenansatz, leicht erhitzt	0	V69_TOKEN_GLOSS_BYTE_IDENTICAL__SEPARATE_WINDOW_METADATA	0	NONE	NONE	NOT_IN_ACTION_SURFACE_SCAN	Samenansatz, leicht erhitzt	0	V70_TOKEN_GLOSS_BYTE_IDENTICAL__FRAME_REPLAY_METADATA_ONLY	NONE	NONE	NONE	NONE	Samenansatz, leicht erhitzt	0	PASS_V72_YKA_II_III_SISTER_FRAME__5_CASES_2_REPLAY_1_NEW_B_EDGE_2_HELD__AIIN_UNBOUND__ZERO_WORD_DELTA	NONE	NONE	NONE	NONE	NONE	Samenansatz, leicht erhitzt	0	PASS_V73_10_ANA_WINDOWS__1_EXACT_STATE_ONLY_2_WORKING_STATE_LIKE_2_DEICTIC__1_UNIQUE_CANDIDATE_1_NEW_B_EDGE__C011_OCCURRENCE_BOUND__ZERO_WORD_DELTA	NONE	NONE	NONE	NONE	NONE	NONE	Samenansatz, leicht erhitzt	0	PASS_V74_11_EDGES__9_CONNECTED_COMPONENTS__23_EDGE_NODES_2_HULL_ONLY_1_STRUCTURAL__ZERO_EDGE_WORD_DELTA	NONE	NONE	NONE	NONE	NONE	NONE	NONE	NONE	NONE	NONE	Samenansatz, leicht erhitzt	0	PASS_V75_11_TARGET_RIGHT_CONTEXTS__7_NOMINAL_3_ACTION_1_EOS__1_EXACT_WRITTEN_RESULT__2X2_DEFAULTS_REJECTED__C012_OCCURRENCE_BOUND__ZERO_WORD_DELTA	NONE	NONE	NONE	NONE	NONE	NONE	NONE	NONE	NONE	NONE	NONE	Samenansatz, leicht erhitzt	0	PASS_V76_83_ACTION_RIGHT_CONTEXTS__60_NOMINAL_15_ACTION_8_EOS__7_FINISHED_STATE_FIRSTS__3_LOCAL_READS_4_OPEN__C013_C014_ADDED__ZERO_WORD_DELTA
f80r	f80r.17	2	sheckhy	feuchtes Arzneikompositum am Gradanfang	feuchtes Arzneikompositum am Gradanfang	1	1	NOMINAL_BLOCK	NOT_ACTION_LICENSED	0	NONE	NONE	NONE	NONE	NONE	P006	feuchtes Arzneikompositum am Gradanfang	0	V68_WORDS_FROZEN__RELATION_METADATA_ONLY	NONE	NONE	NONE	NONE	NONE	feuchtes Arzneikompositum am Gradanfang	0	V69_TOKEN_GLOSS_BYTE_IDENTICAL__SEPARATE_WINDOW_METADATA	0	NONE	NONE	NOT_IN_ACTION_SURFACE_SCAN	feuchtes Arzneikompositum am Gradanfang	0	V70_TOKEN_GLOSS_BYTE_IDENTICAL__FRAME_REPLAY_METADATA_ONLY	NONE	NONE	NONE	NONE	feuchtes Arzneikompositum am Gradanfang	0	PASS_V72_YKA_II_III_SISTER_FRAME__5_CASES_2_REPLAY_1_NEW_B_EDGE_2_HELD__AIIN_UNBOUND__ZERO_WORD_DELTA	NONE	NONE	NONE	NONE	NONE	feuchtes Arzneikompositum am Gradanfang	0	PASS_V73_10_ANA_WINDOWS__1_EXACT_STATE_ONLY_2_WORKING_STATE_LIKE_2_DEICTIC__1_UNIQUE_CANDIDATE_1_NEW_B_EDGE__C011_OCCURRENCE_BOUND__ZERO_WORD_DELTA	NONE	NONE	NONE	NONE	NONE	NONE	feuchtes Arzneikompositum am Gradanfang	0	PASS_V74_11_EDGES__9_CONNECTED_COMPONENTS__23_EDGE_NODES_2_HULL_ONLY_1_STRUCTURAL__ZERO_EDGE_WORD_DELTA	NONE	NONE	NONE	NONE	NONE	NONE	NONE	NONE	NONE	NONE	feuchtes Arzneikompositum am Gradanfang	0	PASS_V75_11_TARGET_RIGHT_CONTEXTS__7_NOMINAL_3_ACTION_1_EOS__1_EXACT_WRITTEN_RESULT__2X2_DEFAULTS_REJECTED__C012_OCCURRENCE_BOUND__ZERO_WORD_DELTA	NONE	NONE	NONE	NONE	NONE	NONE	NONE	NONE	NONE	NONE	NONE	feuchtes Arzneikompositum am Gradanfang	0	PASS_V76_83_ACTION_RIGHT_CONTEXTS__60_NOMINAL_15_ACTION_8_EOS__7_FINISHED_STATE_FIRSTS__3_LOCAL_READS_4_OPEN__C013_C014_ADDED__ZERO_WORD_DELTA
f80r	f80r.17	3	sheky	bis zur Mittelstufe einweichen, erhitzen und abschließen	bis zur Mittelstufe einweichen, erhitzen und abschließen	1	2	ACTION_CLAUSE	GDT689_V62_ACTION_ORDINAL	3	NONE	NONE	NONE	NONE	NONE	P006	bis zur Mittelstufe einweichen, erhitzen und abschließen	0	V68_WORDS_FROZEN__RELATION_METADATA_ONLY	NONE	NONE	NONE	NONE	NONE	bis zur Mittelstufe einweichen, erhitzen und abschließen	0	V69_TOKEN_GLOSS_BYTE_IDENTICAL__SEPARATE_WINDOW_METADATA	0	NONE	NONE	NOT_IN_ACTION_SURFACE_SCAN	bis zur Mittelstufe einweichen, erhitzen und abschließen	0	V70_TOKEN_GLOSS_BYTE_IDENTICAL__FRAME_REPLAY_METADATA_ONLY	NONE	NONE	NONE	NONE	bis zur Mittelstufe einweichen, erhitzen und abschließen	0	PASS_V72_YKA_II_III_SISTER_FRAME__5_CASES_2_REPLAY_1_NEW_B_EDGE_2_HELD__AIIN_UNBOUND__ZERO_WORD_DELTA	NONE	NONE	NONE	NONE	NONE	bis zur Mittelstufe einweichen, erhitzen und abschließen	0	PASS_V73_10_ANA_WINDOWS__1_EXACT_STATE_ONLY_2_WORKING_STATE_LIKE_2_DEICTIC__1_UNIQUE_CANDIDATE_1_NEW_B_EDGE__C011_OCCURRENCE_BOUND__ZERO_WORD_DELTA	NONE	NONE	NONE	NONE	NONE	NONE	bis zur Mittelstufe einweichen, erhitzen und abschließen	0	PASS_V74_11_EDGES__9_CONNECTED_COMPONENTS__23_EDGE_NODES_2_HULL_ONLY_1_STRUCTURAL__ZERO_EDGE_WORD_DELTA	NONE	NONE	NONE	NONE	NONE	NONE	NONE	NONE	NONE	NONE	bis zur Mittelstufe einweichen, erhitzen und abschließen	0	PASS_V75_11_TARGET_RIGHT_CONTEXTS__7_NOMINAL_3_ACTION_1_EOS__1_EXACT_WRITTEN_RESULT__2X2_DEFAULTS_REJECTED__C012_OCCURRENCE_BOUND__ZERO_WORD_DELTA	A057	ACTION_CLAUSE:A057	NONE	NONE	NONE	NONE	NONE	NONE	NONE	NONE	NONE	bis zur Mittelstufe einweichen, erhitzen und abschließen	0	PASS_V76_83_ACTION_RIGHT_CONTEXTS__60_NOMINAL_15_ACTION_8_EOS__7_FINISHED_STATE_FIRSTS__3_LOCAL_READS_4_OPEN__C013_C014_ADDED__ZERO_WORD_DELTA
f80r	f80r.17	4	shkeol	eingeweichter Drogenstoff, bis Mittelstufe erhitzt	eingeweichter Drogenstoff, bis Mittelstufe erhitzt	1	3	NOMINAL_BLOCK	NOT_ACTION_LICENSED	0	NONE	NONE	NONE	NONE	NONE	NONE	eingeweichter Drogenstoff, bis Mittelstufe erhitzt	0	V68_WORDS_FROZEN__RELATION_METADATA_ONLY	NONE	NONE	NONE	NONE	NONE	eingeweichter Drogenstoff, bis Mittelstufe erhitzt	0	V69_TOKEN_GLOSS_BYTE_IDENTICAL__SEPARATE_WINDOW_METADATA	0	NONE	NONE	NOT_IN_ACTION_SURFACE_SCAN	eingeweichter Drogenstoff, bis Mittelstufe erhitzt	0	V70_TOKEN_GLOSS_BYTE_IDENTICAL__FRAME_REPLAY_METADATA_ONLY	NONE	NONE	NONE	NONE	eingeweichter Drogenstoff, bis Mittelstufe erhitzt	0	PASS_V72_YKA_II_III_SISTER_FRAME__5_CASES_2_REPLAY_1_NEW_B_EDGE_2_HELD__AIIN_UNBOUND__ZERO_WORD_DELTA	NONE	NONE	NONE	NONE	NONE	eingeweichter Drogenstoff, bis Mittelstufe erhitzt	0	PASS_V73_10_ANA_WINDOWS__1_EXACT_STATE_ONLY_2_WORKING_STATE_LIKE_2_DEICTIC__1_UNIQUE_CANDIDATE_1_NEW_B_EDGE__C011_OCCURRENCE_BOUND__ZERO_WORD_DELTA	NONE	NONE	NONE	NONE	NONE	NONE	eingeweichter Drogenstoff, bis Mittelstufe erhitzt	0	PASS_V74_11_EDGES__9_CONNECTED_COMPONENTS__23_EDGE_NODES_2_HULL_ONLY_1_STRUCTURAL__ZERO_EDGE_WORD_DELTA	NONE	NONE	NONE	NONE	NONE	NONE	NONE	NONE	NONE	NONE	eingeweichter Drogenstoff, bis Mittelstufe erhitzt	0	PASS_V75_11_TARGET_RIGHT_CONTEXTS__7_NOMINAL_3_ACTION_1_EOS__1_EXACT_WRITTEN_RESULT__2X2_DEFAULTS_REJECTED__C012_OCCURRENCE_BOUND__ZERO_WORD_DELTA	A057	FIRST_RIGHT_ITEM:A057	NONE	NONE	NONE	NONE	NONE	NONE	NONE	NONE	NONE	eingeweichter Drogenstoff, bis Mittelstufe erhitzt	0	PASS_V76_83_ACTION_RIGHT_CONTEXTS__60_NOMINAL_15_ACTION_8_EOS__7_FINISHED_STATE_FIRSTS__3_LOCAL_READS_4_OPEN__C013_C014_ADDED__ZERO_WORD_DELTA
f80r	f80r.17	5	qokar	heißer Drogenanteil I	heißer Drogenanteil I	1	3	NOMINAL_BLOCK	NOT_ACTION_LICENSED	0	NONE	NONE	NONE	NONE	NONE	P007|P008	heißer Drogenanteil I	0	V68_WORDS_FROZEN__RELATION_METADATA_ONLY	NONE	NONE	NONE	NONE	NONE	heißer Drogenanteil I	0	V69_TOKEN_GLOSS_BYTE_IDENTICAL__SEPARATE_WINDOW_METADATA	0	NONE	NONE	NOT_IN_ACTION_SURFACE_SCAN	heißer Drogenanteil I	0	V70_TOKEN_GLOSS_BYTE_IDENTICAL__FRAME_REPLAY_METADATA_ONLY	NONE	NONE	NONE	NONE	heißer Drogenanteil I	0	PASS_V72_YKA_II_III_SISTER_FRAME__5_CASES_2_REPLAY_1_NEW_B_EDGE_2_HELD__AIIN_UNBOUND__ZERO_WORD_DELTA	NONE	NONE	NONE	NONE	NONE	heißer Drogenanteil I	0	PASS_V73_10_ANA_WINDOWS__1_EXACT_STATE_ONLY_2_WORKING_STATE_LIKE_2_DEICTIC__1_UNIQUE_CANDIDATE_1_NEW_B_EDGE__C011_OCCURRENCE_BOUND__ZERO_WORD_DELTA	NONE	NONE	NONE	NONE	NONE	NONE	heißer Drogenanteil I	0	PASS_V74_11_EDGES__9_CONNECTED_COMPONENTS__23_EDGE_NODES_2_HULL_ONLY_1_STRUCTURAL__ZERO_EDGE_WORD_DELTA	NONE	NONE	NONE	NONE	NONE	NONE	NONE	NONE	NONE	NONE	heißer Drogenanteil I	0	PASS_V75_11_TARGET_RIGHT_CONTEXTS__7_NOMINAL_3_ACTION_1_EOS__1_EXACT_WRITTEN_RESULT__2X2_DEFAULTS_REJECTED__C012_OCCURRENCE_BOUND__ZERO_WORD_DELTA	NONE	NONE	NONE	NONE	NONE	NONE	NONE	NONE	NONE	NONE	NONE	heißer Drogenanteil I	0	PASS_V76_83_ACTION_RIGHT_CONTEXTS__60_NOMINAL_15_ACTION_8_EOS__7_FINISHED_STATE_FIRSTS__3_LOCAL_READS_4_OPEN__C013_C014_ADDED__ZERO_WORD_DELTA
f80r	f80r.17	6	sheky	bis zur Mittelstufe einweichen, erhitzen und abschließen	bis zur Mittelstufe einweichen, erhitzen und abschließen	1	4	ACTION_CLAUSE	GDT689_V62_ACTION_ORDINAL	3	NONE	NONE	NONE	NONE	NONE	P007|P008	bis zur Mittelstufe einweichen, erhitzen und abschließen	0	V68_WORDS_FROZEN__RELATION_METADATA_ONLY	NONE	NONE	NONE	NONE	NONE	bis zur Mittelstufe einweichen, erhitzen und abschließen	0	V69_TOKEN_GLOSS_BYTE_IDENTICAL__SEPARATE_WINDOW_METADATA	0	NONE	NONE	NOT_IN_ACTION_SURFACE_SCAN	bis zur Mittelstufe einweichen, erhitzen und abschließen	0	V70_TOKEN_GLOSS_BYTE_IDENTICAL__FRAME_REPLAY_METADATA_ONLY	NONE	NONE	NONE	NONE	bis zur Mittelstufe einweichen, erhitzen und abschließen	0	PASS_V72_YKA_II_III_SISTER_FRAME__5_CASES_2_REPLAY_1_NEW_B_EDGE_2_HELD__AIIN_UNBOUND__ZERO_WORD_DELTA	NONE	NONE	NONE	NONE	NONE	bis zur Mittelstufe einweichen, erhitzen und abschließen	0	PASS_V73_10_ANA_WINDOWS__1_EXACT_STATE_ONLY_2_WORKING_STATE_LIKE_2_DEICTIC__1_UNIQUE_CANDIDATE_1_NEW_B_EDGE__C011_OCCURRENCE_BOUND__ZERO_WORD_DELTA	NONE	NONE	NONE	NONE	NONE	NONE	bis zur Mittelstufe einweichen, erhitzen und abschließen	0	PASS_V74_11_EDGES__9_CONNECTED_COMPONENTS__23_EDGE_NODES_2_HULL_ONLY_1_STRUCTURAL__ZERO_EDGE_WORD_DELTA	NONE	NONE	NONE	NONE	NONE	NONE	NONE	NONE	NONE	NONE	bis zur Mittelstufe einweichen, erhitzen und abschließen	0	PASS_V75_11_TARGET_RIGHT_CONTEXTS__7_NOMINAL_3_ACTION_1_EOS__1_EXACT_WRITTEN_RESULT__2X2_DEFAULTS_REJECTED__C012_OCCURRENCE_BOUND__ZERO_WORD_DELTA	A058	ACTION_CLAUSE:A058	NONE	NONE	NONE	NONE	NONE	NONE	NONE	NONE	NONE	bis zur Mittelstufe einweichen, erhitzen und abschließen	0	PASS_V76_83_ACTION_RIGHT_CONTEXTS__60_NOMINAL_15_ACTION_8_EOS__7_FINISHED_STATE_FIRSTS__3_LOCAL_READS_4_OPEN__C013_C014_ADDED__ZERO_WORD_DELTA
f80r	f80r.17	7	chetain	bis Mittelstufe trocknen, dann auf Kühlstufe II bringen	bis Mittelstufe trocknen, dann auf Kühlstufe II bringen	1	5	ACTION_CLAUSE	GDT689_V62_ACTION_ORDINAL	2	NONE	NONE	NONE	NONE	NONE	P008	bis Mittelstufe trocknen, dann auf Kühlstufe II bringen	0	V68_WORDS_FROZEN__RELATION_METADATA_ONLY	NONE	NONE	NONE	NONE	NONE	bis Mittelstufe trocknen, dann auf Kühlstufe II bringen	0	V69_TOKEN_GLOSS_BYTE_IDENTICAL__SEPARATE_WINDOW_METADATA	0	NONE	NONE	NOT_IN_ACTION_SURFACE_SCAN	bis Mittelstufe trocknen, dann auf Kühlstufe II bringen	0	V70_TOKEN_GLOSS_BYTE_IDENTICAL__FRAME_REPLAY_METADATA_ONLY	NONE	NONE	NONE	NONE	bis Mittelstufe trocknen, dann auf Kühlstufe II bringen	0	PASS_V72_YKA_II_III_SISTER_FRAME__5_CASES_2_REPLAY_1_NEW_B_EDGE_2_HELD__AIIN_UNBOUND__ZERO_WORD_DELTA	NONE	NONE	NONE	NONE	NONE	bis Mittelstufe trocknen, dann auf Kühlstufe II bringen	0	PASS_V73_10_ANA_WINDOWS__1_EXACT_STATE_ONLY_2_WORKING_STATE_LIKE_2_DEICTIC__1_UNIQUE_CANDIDATE_1_NEW_B_EDGE__C011_OCCURRENCE_BOUND__ZERO_WORD_DELTA	NONE	NONE	NONE	NONE	NONE	NONE	bis Mittelstufe trocknen, dann auf Kühlstufe II bringen	0	PASS_V74_11_EDGES__9_CONNECTED_COMPONENTS__23_EDGE_NODES_2_HULL_ONLY_1_STRUCTURAL__ZERO_EDGE_WORD_DELTA	NONE	NONE	NONE	NONE	NONE	NONE	NONE	NONE	NONE	NONE	bis Mittelstufe trocknen, dann auf Kühlstufe II bringen	0	PASS_V75_11_TARGET_RIGHT_CONTEXTS__7_NOMINAL_3_ACTION_1_EOS__1_EXACT_WRITTEN_RESULT__2X2_DEFAULTS_REJECTED__C012_OCCURRENCE_BOUND__ZERO_WORD_DELTA	A058|A059	ACTION_CLAUSE:A059|FIRST_RIGHT_ITEM:A058	NONE	NONE	NONE	NONE	NONE	NONE	NONE	NONE	NONE	bis Mittelstufe trocknen, dann auf Kühlstufe II bringen	0	PASS_V76_83_ACTION_RIGHT_CONTEXTS__60_NOMINAL_15_ACTION_8_EOS__7_FINISHED_STATE_FIRSTS__3_LOCAL_READS_4_OPEN__C013_C014_ADDED__ZERO_WORD_DELTA
f80r	f80r.17	8	ol	Grundansatz	Grundansatz	1	6	NOMINAL_BLOCK	NOT_ACTION_LICENSED	0	NONE	NONE	NONE	NONE	NONE	NONE	Grundansatz	0	V68_WORDS_FROZEN__RELATION_METADATA_ONLY	NONE	NONE	NONE	NONE	NONE	Grundansatz	0	V69_TOKEN_GLOSS_BYTE_IDENTICAL__SEPARATE_WINDOW_METADATA	0	NONE	NONE	NOT_IN_ACTION_SURFACE_SCAN	Grundansatz	0	V70_TOKEN_GLOSS_BYTE_IDENTICAL__FRAME_REPLAY_METADATA_ONLY	NONE	NONE	NONE	NONE	Grundansatz	0	PASS_V72_YKA_II_III_SISTER_FRAME__5_CASES_2_REPLAY_1_NEW_B_EDGE_2_HELD__AIIN_UNBOUND__ZERO_WORD_DELTA	NONE	NONE	NONE	NONE	NONE	Grundansatz	0	PASS_V73_10_ANA_WINDOWS__1_EXACT_STATE_ONLY_2_WORKING_STATE_LIKE_2_DEICTIC__1_UNIQUE_CANDIDATE_1_NEW_B_EDGE__C011_OCCURRENCE_BOUND__ZERO_WORD_DELTA	NONE	NONE	NONE	NONE	NONE	NONE	Grundansatz	0	PASS_V74_11_EDGES__9_CONNECTED_COMPONENTS__23_EDGE_NODES_2_HULL_ONLY_1_STRUCTURAL__ZERO_EDGE_WORD_DELTA	NONE	NONE	NONE	NONE	NONE	NONE	NONE	NONE	NONE	NONE	Grundansatz	0	PASS_V75_11_TARGET_RIGHT_CONTEXTS__7_NOMINAL_3_ACTION_1_EOS__1_EXACT_WRITTEN_RESULT__2X2_DEFAULTS_REJECTED__C012_OCCURRENCE_BOUND__ZERO_WORD_DELTA	A059	FIRST_RIGHT_ITEM:A059	NONE	NONE	NONE	NONE	NONE	NONE	NONE	NONE	NONE	Grundansatz	0	PASS_V76_83_ACTION_RIGHT_CONTEXTS__60_NOMINAL_15_ACTION_8_EOS__7_FINISHED_STATE_FIRSTS__3_LOCAL_READS_4_OPEN__C013_C014_ADDED__ZERO_WORD_DELTA
f80r	f80r.17	9	olkar	Anteil I des heißen Holzansatzes	Anteil I des heißen Holzansatzes	1	6	NOMINAL_BLOCK	NOT_ACTION_LICENSED	0	NONE	NONE	NONE	NONE	NONE	P009	Anteil I des heißen Holzansatzes	0	V68_WORDS_FROZEN__RELATION_METADATA_ONLY	NONE	NONE	NONE	NONE	NONE	Anteil I des heißen Holzansatzes	0	V69_TOKEN_GLOSS_BYTE_IDENTICAL__SEPARATE_WINDOW_METADATA	0	NONE	NONE	NOT_IN_ACTION_SURFACE_SCAN	Anteil I des heißen Holzansatzes	0	V70_TOKEN_GLOSS_BYTE_IDENTICAL__FRAME_REPLAY_METADATA_ONLY	NONE	NONE	NONE	NONE	Anteil I des heißen Holzansatzes	0	PASS_V72_YKA_II_III_SISTER_FRAME__5_CASES_2_REPLAY_1_NEW_B_EDGE_2_HELD__AIIN_UNBOUND__ZERO_WORD_DELTA	NONE	NONE	NONE	NONE	NONE	Anteil I des heißen Holzansatzes	0	PASS_V73_10_ANA_WINDOWS__1_EXACT_STATE_ONLY_2_WORKING_STATE_LIKE_2_DEICTIC__1_UNIQUE_CANDIDATE_1_NEW_B_EDGE__C011_OCCURRENCE_BOUND__ZERO_WORD_DELTA	NONE	NONE	NONE	NONE	NONE	NONE	Anteil I des heißen Holzansatzes	0	PASS_V74_11_EDGES__9_CONNECTED_COMPONENTS__23_EDGE_NODES_2_HULL_ONLY_1_STRUCTURAL__ZERO_EDGE_WORD_DELTA	NONE	NONE	NONE	NONE	NONE	NONE	NONE	NONE	NONE	NONE	Anteil I des heißen Holzansatzes	0	PASS_V75_11_TARGET_RIGHT_CONTEXTS__7_NOMINAL_3_ACTION_1_EOS__1_EXACT_WRITTEN_RESULT__2X2_DEFAULTS_REJECTED__C012_OCCURRENCE_BOUND__ZERO_WORD_DELTA	NONE	NONE	NONE	NONE	NONE	NONE	NONE	NONE	NONE	NONE	NONE	Anteil I des heißen Holzansatzes	0	PASS_V76_83_ACTION_RIGHT_CONTEXTS__60_NOMINAL_15_ACTION_8_EOS__7_FINISHED_STATE_FIRSTS__3_LOCAL_READS_4_OPEN__C013_C014_ADDED__ZERO_WORD_DELTA
f80r	f80r.17	10	okain	heißer Ansatz, Grad II	heißer Ansatz, Grad II	1	6	NOMINAL_BLOCK	NOT_ACTION_LICENSED	0	NONE	NONE	NONE	NONE	NONE	P009	heißer Ansatz, Grad II	0	V68_WORDS_FROZEN__RELATION_METADATA_ONLY	NONE	NONE	NONE	NONE	NONE	heißer Ansatz, Grad II	0	V69_TOKEN_GLOSS_BYTE_IDENTICAL__SEPARATE_WINDOW_METADATA	0	NONE	NONE	NOT_IN_ACTION_SURFACE_SCAN	heißer Ansatz, Grad II	0	V70_TOKEN_GLOSS_BYTE_IDENTICAL__FRAME_REPLAY_METADATA_ONLY	NONE	NONE	NONE	NONE	heißer Ansatz, Grad II	0	PASS_V72_YKA_II_III_SISTER_FRAME__5_CASES_2_REPLAY_1_NEW_B_EDGE_2_HELD__AIIN_UNBOUND__ZERO_WORD_DELTA	NONE	NONE	NONE	NONE	NONE	heißer Ansatz, Grad II	0	PASS_V73_10_ANA_WINDOWS__1_EXACT_STATE_ONLY_2_WORKING_STATE_LIKE_2_DEICTIC__1_UNIQUE_CANDIDATE_1_NEW_B_EDGE__C011_OCCURRENCE_BOUND__ZERO_WORD_DELTA	NONE	NONE	NONE	NONE	NONE	NONE	heißer Ansatz, Grad II	0	PASS_V74_11_EDGES__9_CONNECTED_COMPONENTS__23_EDGE_NODES_2_HULL_ONLY_1_STRUCTURAL__ZERO_EDGE_WORD_DELTA	NONE	NONE	NONE	NONE	NONE	NONE	NONE	NONE	NONE	NONE	heißer Ansatz, Grad II	0	PASS_V75_11_TARGET_RIGHT_CONTEXTS__7_NOMINAL_3_ACTION_1_EOS__1_EXACT_WRITTEN_RESULT__2X2_DEFAULTS_REJECTED__C012_OCCURRENCE_BOUND__ZERO_WORD_DELTA	NONE	NONE	NONE	NONE	NONE	NONE	NONE	NONE	NONE	NONE	NONE	heißer Ansatz, Grad II	0	PASS_V76_83_ACTION_RIGHT_CONTEXTS__60_NOMINAL_15_ACTION_8_EOS__7_FINISHED_STATE_FIRSTS__3_LOCAL_READS_4_OPEN__C013_C014_ADDED__ZERO_WORD_DELTA
f80r	f80r.17	11	sheky	bis zur Mittelstufe einweichen, erhitzen und abschließen	bis zur Mittelstufe einweichen, erhitzen und abschließen	1	7	ACTION_CLAUSE	GDT689_V62_ACTION_ORDINAL	3	NONE	NONE	NONE	NONE	NONE	P009	bis zur Mittelstufe einweichen, erhitzen und abschließen	0	V68_WORDS_FROZEN__RELATION_METADATA_ONLY	NONE	NONE	NONE	NONE	NONE	bis zur Mittelstufe einweichen, erhitzen und abschließen	0	V69_TOKEN_GLOSS_BYTE_IDENTICAL__SEPARATE_WINDOW_METADATA	0	NONE	NONE	NOT_IN_ACTION_SURFACE_SCAN	bis zur Mittelstufe einweichen, erhitzen und abschließen	0	V70_TOKEN_GLOSS_BYTE_IDENTICAL__FRAME_REPLAY_METADATA_ONLY	NONE	NONE	NONE	NONE	bis zur Mittelstufe einweichen, erhitzen und abschließen	0	PASS_V72_YKA_II_III_SISTER_FRAME__5_CASES_2_REPLAY_1_NEW_B_EDGE_2_HELD__AIIN_UNBOUND__ZERO_WORD_DELTA	V73A009	NONE	NONE	NONE	NONE	bis zur Mittelstufe einweichen, erhitzen und abschließen	0	PASS_V73_10_ANA_WINDOWS__1_EXACT_STATE_ONLY_2_WORKING_STATE_LIKE_2_DEICTIC__1_UNIQUE_CANDIDATE_1_NEW_B_EDGE__C011_OCCURRENCE_BOUND__ZERO_WORD_DELTA	NONE	NONE	NONE	NONE	NONE	NONE	bis zur Mittelstufe einweichen, erhitzen und abschließen	0	PASS_V74_11_EDGES__9_CONNECTED_COMPONENTS__23_EDGE_NODES_2_HULL_ONLY_1_STRUCTURAL__ZERO_EDGE_WORD_DELTA	NONE	NONE	NONE	NONE	NONE	NONE	NONE	NONE	NONE	NONE	bis zur Mittelstufe einweichen, erhitzen und abschließen	0	PASS_V75_11_TARGET_RIGHT_CONTEXTS__7_NOMINAL_3_ACTION_1_EOS__1_EXACT_WRITTEN_RESULT__2X2_DEFAULTS_REJECTED__C012_OCCURRENCE_BOUND__ZERO_WORD_DELTA	A060	ACTION_CLAUSE:A060	NONE	NONE	NONE	NONE	NONE	NONE	NONE	NONE	NONE	bis zur Mittelstufe einweichen, erhitzen und abschließen	0	PASS_V76_83_ACTION_RIGHT_CONTEXTS__60_NOMINAL_15_ACTION_8_EOS__7_FINISHED_STATE_FIRSTS__3_LOCAL_READS_4_OPEN__C013_C014_ADDED__ZERO_WORD_DELTA
f80r	f80r.17	12	qokal	Rohstoffklasse I, heiß am Gradanfang	Rohstoffklasse I, heiß am Gradanfang	1	8	NOMINAL_BLOCK	NOT_ACTION_LICENSED	0	NONE	NONE	NONE	NONE	NONE	NONE	Rohstoffklasse I, heiß am Gradanfang	0	V68_WORDS_FROZEN__RELATION_METADATA_ONLY	NONE	NONE	NONE	NONE	NONE	Rohstoffklasse I, heiß am Gradanfang	0	V69_TOKEN_GLOSS_BYTE_IDENTICAL__SEPARATE_WINDOW_METADATA	0	NONE	NONE	NOT_IN_ACTION_SURFACE_SCAN	Rohstoffklasse I, heiß am Gradanfang	0	V70_TOKEN_GLOSS_BYTE_IDENTICAL__FRAME_REPLAY_METADATA_ONLY	NONE	NONE	NONE	NONE	Rohstoffklasse I, heiß am Gradanfang	0	PASS_V72_YKA_II_III_SISTER_FRAME__5_CASES_2_REPLAY_1_NEW_B_EDGE_2_HELD__AIIN_UNBOUND__ZERO_WORD_DELTA	V73A009	NONE	NONE	NONE	NONE	Rohstoffklasse I, heiß am Gradanfang	0	PASS_V73_10_ANA_WINDOWS__1_EXACT_STATE_ONLY_2_WORKING_STATE_LIKE_2_DEICTIC__1_UNIQUE_CANDIDATE_1_NEW_B_EDGE__C011_OCCURRENCE_BOUND__ZERO_WORD_DELTA	NONE	NONE	NONE	NONE	NONE	NONE	Rohstoffklasse I, heiß am Gradanfang	0	PASS_V74_11_EDGES__9_CONNECTED_COMPONENTS__23_EDGE_NODES_2_HULL_ONLY_1_STRUCTURAL__ZERO_EDGE_WORD_DELTA	NONE	NONE	NONE	NONE	NONE	NONE	NONE	NONE	NONE	NONE	Rohstoffklasse I, heiß am Gradanfang	0	PASS_V75_11_TARGET_RIGHT_CONTEXTS__7_NOMINAL_3_ACTION_1_EOS__1_EXACT_WRITTEN_RESULT__2X2_DEFAULTS_REJECTED__C012_OCCURRENCE_BOUND__ZERO_WORD_DELTA	A060	FIRST_RIGHT_ITEM:A060	NONE	NONE	NONE	NONE	NONE	NONE	NONE	NONE	NONE	Rohstoffklasse I, heiß am Gradanfang	0	PASS_V76_83_ACTION_RIGHT_CONTEXTS__60_NOMINAL_15_ACTION_8_EOS__7_FINISHED_STATE_FIRSTS__3_LOCAL_READS_4_OPEN__C013_C014_ADDED__ZERO_WORD_DELTA
f80r	f80r.17	13	da	eine Teilmenge abmessen	eine Teilmenge abmessen	1	9	ACTION_CLAUSE	GDT689_V62_ACTION_ORDINAL	1	NONE	NONE	NONE	NONE	NONE	NONE	eine Teilmenge abmessen	0	V68_WORDS_FROZEN__RELATION_METADATA_ONLY	NONE	NONE	NONE	NONE	NONE	eine Teilmenge abmessen	0	V69_TOKEN_GLOSS_BYTE_IDENTICAL__SEPARATE_WINDOW_METADATA	0	NONE	NONE	NOT_IN_ACTION_SURFACE_SCAN	eine Teilmenge abmessen	0	V70_TOKEN_GLOSS_BYTE_IDENTICAL__FRAME_REPLAY_METADATA_ONLY	NONE	NONE	NONE	NONE	eine Teilmenge abmessen	0	PASS_V72_YKA_II_III_SISTER_FRAME__5_CASES_2_REPLAY_1_NEW_B_EDGE_2_HELD__AIIN_UNBOUND__ZERO_WORD_DELTA	V73A009	NONE	NONE	NONE	NONE	eine Teilmenge abmessen	0	PASS_V73_10_ANA_WINDOWS__1_EXACT_STATE_ONLY_2_WORKING_STATE_LIKE_2_DEICTIC__1_UNIQUE_CANDIDATE_1_NEW_B_EDGE__C011_OCCURRENCE_BOUND__ZERO_WORD_DELTA	NONE	NONE	NONE	NONE	NONE	NONE	eine Teilmenge abmessen	0	PASS_V74_11_EDGES__9_CONNECTED_COMPONENTS__23_EDGE_NODES_2_HULL_ONLY_1_STRUCTURAL__ZERO_EDGE_WORD_DELTA	NONE	NONE	NONE	NONE	NONE	NONE	NONE	NONE	NONE	NONE	eine Teilmenge abmessen	0	PASS_V75_11_TARGET_RIGHT_CONTEXTS__7_NOMINAL_3_ACTION_1_EOS__1_EXACT_WRITTEN_RESULT__2X2_DEFAULTS_REJECTED__C012_OCCURRENCE_BOUND__ZERO_WORD_DELTA	A061	ACTION_CLAUSE:A061	NONE	NONE	NONE	NONE	NONE	NONE	NONE	NONE	NONE	eine Teilmenge abmessen	0	PASS_V76_83_ACTION_RIGHT_CONTEXTS__60_NOMINAL_15_ACTION_8_EOS__7_FINISHED_STATE_FIRSTS__3_LOCAL_READS_4_OPEN__C013_C014_ADDED__ZERO_WORD_DELTA
f80v	f80v.27	1	pshol	eingeweichtes Pulver	eingeweichtes Pulver	1	1	NOMINAL_BLOCK	NOT_ACTION_LICENSED	0	NONE	NONE	NONE	NONE	NONE	NONE	eingeweichtes Pulver	0	V68_WORDS_FROZEN__RELATION_METADATA_ONLY	NONE	NONE	NONE	NONE	NONE	eingeweichtes Pulver	0	V69_TOKEN_GLOSS_BYTE_IDENTICAL__SEPARATE_WINDOW_METADATA	0	NONE	NONE	NOT_IN_ACTION_SURFACE_SCAN	eingeweichtes Pulver	0	V70_TOKEN_GLOSS_BYTE_IDENTICAL__FRAME_REPLAY_METADATA_ONLY	NONE	NONE	NONE	NONE	eingeweichtes Pulver	0	PASS_V72_YKA_II_III_SISTER_FRAME__5_CASES_2_REPLAY_1_NEW_B_EDGE_2_HELD__AIIN_UNBOUND__ZERO_WORD_DELTA	NONE	NONE	NONE	NONE	NONE	eingeweichtes Pulver	0	PASS_V73_10_ANA_WINDOWS__1_EXACT_STATE_ONLY_2_WORKING_STATE_LIKE_2_DEICTIC__1_UNIQUE_CANDIDATE_1_NEW_B_EDGE__C011_OCCURRENCE_BOUND__ZERO_WORD_DELTA	NONE	NONE	NONE	NONE	NONE	NONE	eingeweichtes Pulver	0	PASS_V74_11_EDGES__9_CONNECTED_COMPONENTS__23_EDGE_NODES_2_HULL_ONLY_1_STRUCTURAL__ZERO_EDGE_WORD_DELTA	NONE	NONE	NONE	NONE	NONE	NONE	NONE	NONE	NONE	NONE	eingeweichtes Pulver	0	PASS_V75_11_TARGET_RIGHT_CONTEXTS__7_NOMINAL_3_ACTION_1_EOS__1_EXACT_WRITTEN_RESULT__2X2_DEFAULTS_REJECTED__C012_OCCURRENCE_BOUND__ZERO_WORD_DELTA	NONE	NONE	NONE	NONE	NONE	NONE	NONE	NONE	NONE	NONE	NONE	eingeweichtes Pulver	0	PASS_V76_83_ACTION_RIGHT_CONTEXTS__60_NOMINAL_15_ACTION_8_EOS__7_FINISHED_STATE_FIRSTS__3_LOCAL_READS_4_OPEN__C013_C014_ADDED__ZERO_WORD_DELTA
f80v	f80v.27	2	kain	heiß, Grad II	heiß, Grad II	1	1	NOMINAL_BLOCK	NOT_ACTION_LICENSED	0	NONE	NONE	NONE	NONE	NONE	NONE	heiß, Grad II	0	V68_WORDS_FROZEN__RELATION_METADATA_ONLY	NONE	NONE	NONE	NONE	NONE	heiß, Grad II	0	V69_TOKEN_GLOSS_BYTE_IDENTICAL__SEPARATE_WINDOW_METADATA	0	NONE	NONE	NOT_IN_ACTION_SURFACE_SCAN	heiß, Grad II	0	V70_TOKEN_GLOSS_BYTE_IDENTICAL__FRAME_REPLAY_METADATA_ONLY	NONE	NONE	NONE	NONE	heiß, Grad II	0	PASS_V72_YKA_II_III_SISTER_FRAME__5_CASES_2_REPLAY_1_NEW_B_EDGE_2_HELD__AIIN_UNBOUND__ZERO_WORD_DELTA	NONE	NONE	NONE	NONE	NONE	heiß, Grad II	0	PASS_V73_10_ANA_WINDOWS__1_EXACT_STATE_ONLY_2_WORKING_STATE_LIKE_2_DEICTIC__1_UNIQUE_CANDIDATE_1_NEW_B_EDGE__C011_OCCURRENCE_BOUND__ZERO_WORD_DELTA	NONE	NONE	NONE	NONE	NONE	NONE	heiß, Grad II	0	PASS_V74_11_EDGES__9_CONNECTED_COMPONENTS__23_EDGE_NODES_2_HULL_ONLY_1_STRUCTURAL__ZERO_EDGE_WORD_DELTA	NONE	NONE	NONE	NONE	NONE	NONE	NONE	NONE	NONE	NONE	heiß, Grad II	0	PASS_V75_11_TARGET_RIGHT_CONTEXTS__7_NOMINAL_3_ACTION_1_EOS__1_EXACT_WRITTEN_RESULT__2X2_DEFAULTS_REJECTED__C012_OCCURRENCE_BOUND__ZERO_WORD_DELTA	NONE	NONE	NONE	NONE	NONE	NONE	NONE	NONE	NONE	NONE	NONE	heiß, Grad II	0	PASS_V76_83_ACTION_RIGHT_CONTEXTS__60_NOMINAL_15_ACTION_8_EOS__7_FINISHED_STATE_FIRSTS__3_LOCAL_READS_4_OPEN__C013_C014_ADDED__ZERO_WORD_DELTA
f80v	f80v.27	3	olkar	Anteil I des heißen Holzansatzes	Anteil I des heißen Holzansatzes	1	1	NOMINAL_BLOCK	NOT_ACTION_LICENSED	0	NONE	NONE	NONE	NONE	NONE	NONE	Anteil I des heißen Holzansatzes	0	V68_WORDS_FROZEN__RELATION_METADATA_ONLY	NONE	NONE	NONE	NONE	NONE	Anteil I des heißen Holzansatzes	0	V69_TOKEN_GLOSS_BYTE_IDENTICAL__SEPARATE_WINDOW_METADATA	0	NONE	NONE	NOT_IN_ACTION_SURFACE_SCAN	Anteil I des heißen Holzansatzes	0	V70_TOKEN_GLOSS_BYTE_IDENTICAL__FRAME_REPLAY_METADATA_ONLY	NONE	NONE	NONE	NONE	Anteil I des heißen Holzansatzes	0	PASS_V72_YKA_II_III_SISTER_FRAME__5_CASES_2_REPLAY_1_NEW_B_EDGE_2_HELD__AIIN_UNBOUND__ZERO_WORD_DELTA	NONE	NONE	NONE	NONE	NONE	Anteil I des heißen Holzansatzes	0	PASS_V73_10_ANA_WINDOWS__1_EXACT_STATE_ONLY_2_WORKING_STATE_LIKE_2_DEICTIC__1_UNIQUE_CANDIDATE_1_NEW_B_EDGE__C011_OCCURRENCE_BOUND__ZERO_WORD_DELTA	NONE	NONE	NONE	NONE	NONE	NONE	Anteil I des heißen Holzansatzes	0	PASS_V74_11_EDGES__9_CONNECTED_COMPONENTS__23_EDGE_NODES_2_HULL_ONLY_1_STRUCTURAL__ZERO_EDGE_WORD_DELTA	NONE	NONE	NONE	NONE	NONE	NONE	NONE	NONE	NONE	NONE	Anteil I des heißen Holzansatzes	0	PASS_V75_11_TARGET_RIGHT_CONTEXTS__7_NOMINAL_3_ACTION_1_EOS__1_EXACT_WRITTEN_RESULT__2X2_DEFAULTS_REJECTED__C012_OCCURRENCE_BOUND__ZERO_WORD_DELTA	NONE	NONE	NONE	NONE	NONE	NONE	NONE	NONE	NONE	NONE	NONE	Anteil I des heißen Holzansatzes	0	PASS_V76_83_ACTION_RIGHT_CONTEXTS__60_NOMINAL_15_ACTION_8_EOS__7_FINISHED_STATE_FIRSTS__3_LOCAL_READS_4_OPEN__C013_C014_ADDED__ZERO_WORD_DELTA
f80v	f80v.27	4	shey	feucht in der Mitte des Grades	feucht in der Mitte des Grades	1	1	NOMINAL_BLOCK	NOT_ACTION_LICENSED	0	NONE	NONE	NONE	NONE	NONE	NONE	feucht in der Mitte des Grades	0	V68_WORDS_FROZEN__RELATION_METADATA_ONLY	NONE	NONE	NONE	NONE	NONE	feucht in der Mitte des Grades	0	V69_TOKEN_GLOSS_BYTE_IDENTICAL__SEPARATE_WINDOW_METADATA	0	NONE	NONE	NOT_IN_ACTION_SURFACE_SCAN	feucht in der Mitte des Grades	0	V70_TOKEN_GLOSS_BYTE_IDENTICAL__FRAME_REPLAY_METADATA_ONLY	NONE	NONE	NONE	NONE	feucht in der Mitte des Grades	0	PASS_V72_YKA_II_III_SISTER_FRAME__5_CASES_2_REPLAY_1_NEW_B_EDGE_2_HELD__AIIN_UNBOUND__ZERO_WORD_DELTA	NONE	NONE	NONE	NONE	NONE	feucht in der Mitte des Grades	0	PASS_V73_10_ANA_WINDOWS__1_EXACT_STATE_ONLY_2_WORKING_STATE_LIKE_2_DEICTIC__1_UNIQUE_CANDIDATE_1_NEW_B_EDGE__C011_OCCURRENCE_BOUND__ZERO_WORD_DELTA	NONE	NONE	NONE	NONE	NONE	NONE	feucht in der Mitte des Grades	0	PASS_V74_11_EDGES__9_CONNECTED_COMPONENTS__23_EDGE_NODES_2_HULL_ONLY_1_STRUCTURAL__ZERO_EDGE_WORD_DELTA	NONE	NONE	NONE	NONE	NONE	NONE	NONE	NONE	NONE	NONE	feucht in der Mitte des Grades	0	PASS_V75_11_TARGET_RIGHT_CONTEXTS__7_NOMINAL_3_ACTION_1_EOS__1_EXACT_WRITTEN_RESULT__2X2_DEFAULTS_REJECTED__C012_OCCURRENCE_BOUND__ZERO_WORD_DELTA	NONE	NONE	NONE	NONE	NONE	NONE	NONE	NONE	NONE	NONE	NONE	feucht in der Mitte des Grades	0	PASS_V76_83_ACTION_RIGHT_CONTEXTS__60_NOMINAL_15_ACTION_8_EOS__7_FINISHED_STATE_FIRSTS__3_LOCAL_READS_4_OPEN__C013_C014_ADDED__ZERO_WORD_DELTA
f80v	f80v.27	5	qokain	heiß, Grad II	heiß, Grad II	1	1	NOMINAL_BLOCK	NOT_ACTION_LICENSED	0	NONE	NONE	NONE	NONE	NONE	NONE	heiß, Grad II	0	V68_WORDS_FROZEN__RELATION_METADATA_ONLY	NONE	NONE	NONE	NONE	NONE	heiß, Grad II	0	V69_TOKEN_GLOSS_BYTE_IDENTICAL__SEPARATE_WINDOW_METADATA	0	NONE	NONE	NOT_IN_ACTION_SURFACE_SCAN	heiß, Grad II	0	V70_TOKEN_GLOSS_BYTE_IDENTICAL__FRAME_REPLAY_METADATA_ONLY	NONE	NONE	NONE	NONE	heiß, Grad II	0	PASS_V72_YKA_II_III_SISTER_FRAME__5_CASES_2_REPLAY_1_NEW_B_EDGE_2_HELD__AIIN_UNBOUND__ZERO_WORD_DELTA	NONE	NONE	NONE	NONE	NONE	heiß, Grad II	0	PASS_V73_10_ANA_WINDOWS__1_EXACT_STATE_ONLY_2_WORKING_STATE_LIKE_2_DEICTIC__1_UNIQUE_CANDIDATE_1_NEW_B_EDGE__C011_OCCURRENCE_BOUND__ZERO_WORD_DELTA	NONE	NONE	NONE	NONE	NONE	NONE	heiß, Grad II	0	PASS_V74_11_EDGES__9_CONNECTED_COMPONENTS__23_EDGE_NODES_2_HULL_ONLY_1_STRUCTURAL__ZERO_EDGE_WORD_DELTA	NONE	NONE	NONE	NONE	NONE	NONE	NONE	NONE	NONE	NONE	heiß, Grad II	0	PASS_V75_11_TARGET_RIGHT_CONTEXTS__7_NOMINAL_3_ACTION_1_EOS__1_EXACT_WRITTEN_RESULT__2X2_DEFAULTS_REJECTED__C012_OCCURRENCE_BOUND__ZERO_WORD_DELTA	NONE	NONE	NONE	NONE	NONE	NONE	NONE	NONE	NONE	NONE	NONE	heiß, Grad II	0	PASS_V76_83_ACTION_RIGHT_CONTEXTS__60_NOMINAL_15_ACTION_8_EOS__7_FINISHED_STATE_FIRSTS__3_LOCAL_READS_4_OPEN__C013_C014_ADDED__ZERO_WORD_DELTA
f80v	f80v.27	6	dal	abgemessene Rohstoffmenge I	abgemessene Rohstoffmenge I	1	1	NOMINAL_BLOCK	NOT_ACTION_LICENSED	0	NONE	NONE	NONE	NONE	NONE	NONE	abgemessene Rohstoffmenge I	0	V68_WORDS_FROZEN__RELATION_METADATA_ONLY	NONE	NONE	NONE	NONE	NONE	abgemessene Rohstoffmenge I	0	V69_TOKEN_GLOSS_BYTE_IDENTICAL__SEPARATE_WINDOW_METADATA	0	NONE	NONE	NOT_IN_ACTION_SURFACE_SCAN	abgemessene Rohstoffmenge I	0	V70_TOKEN_GLOSS_BYTE_IDENTICAL__FRAME_REPLAY_METADATA_ONLY	NONE	NONE	NONE	NONE	abgemessene Rohstoffmenge I	0	PASS_V72_YKA_II_III_SISTER_FRAME__5_CASES_2_REPLAY_1_NEW_B_EDGE_2_HELD__AIIN_UNBOUND__ZERO_WORD_DELTA	NONE	NONE	NONE	NONE	NONE	abgemessene Rohstoffmenge I	0	PASS_V73_10_ANA_WINDOWS__1_EXACT_STATE_ONLY_2_WORKING_STATE_LIKE_2_DEICTIC__1_UNIQUE_CANDIDATE_1_NEW_B_EDGE__C011_OCCURRENCE_BOUND__ZERO_WORD_DELTA	NONE	NONE	NONE	NONE	NONE	NONE	abgemessene Rohstoffmenge I	0	PASS_V74_11_EDGES__9_CONNECTED_COMPONENTS__23_EDGE_NODES_2_HULL_ONLY_1_STRUCTURAL__ZERO_EDGE_WORD_DELTA	NONE	NONE	NONE	NONE	NONE	NONE	NONE	NONE	NONE	NONE	abgemessene Rohstoffmenge I	0	PASS_V75_11_TARGET_RIGHT_CONTEXTS__7_NOMINAL_3_ACTION_1_EOS__1_EXACT_WRITTEN_RESULT__2X2_DEFAULTS_REJECTED__C012_OCCURRENCE_BOUND__ZERO_WORD_DELTA	NONE	NONE	NONE	NONE	NONE	NONE	NONE	NONE	NONE	NONE	NONE	abgemessene Rohstoffmenge I	0	PASS_V76_83_ACTION_RIGHT_CONTEXTS__60_NOMINAL_15_ACTION_8_EOS__7_FINISHED_STATE_FIRSTS__3_LOCAL_READS_4_OPEN__C013_C014_ADDED__ZERO_WORD_DELTA
f80v	f80v.27	7	oltaiin	Holzansatz, kalt auf Stufe III	Holzansatz, kalt auf Stufe III	1	1	NOMINAL_BLOCK	NOT_ACTION_LICENSED	0	NONE	NONE	NONE	NONE	NONE	NONE	Holzansatz, kalt auf Stufe III	0	V68_WORDS_FROZEN__RELATION_METADATA_ONLY	NONE	NONE	NONE	NONE	NONE	Holzansatz, kalt auf Stufe III	0	V69_TOKEN_GLOSS_BYTE_IDENTICAL__SEPARATE_WINDOW_METADATA	0	NONE	NONE	NOT_IN_ACTION_SURFACE_SCAN	Holzansatz, kalt auf Stufe III	0	V70_TOKEN_GLOSS_BYTE_IDENTICAL__FRAME_REPLAY_METADATA_ONLY	NONE	NONE	NONE	NONE	Holzansatz, kalt auf Stufe III	0	PASS_V72_YKA_II_III_SISTER_FRAME__5_CASES_2_REPLAY_1_NEW_B_EDGE_2_HELD__AIIN_UNBOUND__ZERO_WORD_DELTA	NONE	NONE	NONE	NONE	NONE	Holzansatz, kalt auf Stufe III	0	PASS_V73_10_ANA_WINDOWS__1_EXACT_STATE_ONLY_2_WORKING_STATE_LIKE_2_DEICTIC__1_UNIQUE_CANDIDATE_1_NEW_B_EDGE__C011_OCCURRENCE_BOUND__ZERO_WORD_DELTA	NONE	NONE	NONE	NONE	NONE	NONE	Holzansatz, kalt auf Stufe III	0	PASS_V74_11_EDGES__9_CONNECTED_COMPONENTS__23_EDGE_NODES_2_HULL_ONLY_1_STRUCTURAL__ZERO_EDGE_WORD_DELTA	NONE	NONE	NONE	NONE	NONE	NONE	NONE	NONE	NONE	NONE	Holzansatz, kalt auf Stufe III	0	PASS_V75_11_TARGET_RIGHT_CONTEXTS__7_NOMINAL_3_ACTION_1_EOS__1_EXACT_WRITTEN_RESULT__2X2_DEFAULTS_REJECTED__C012_OCCURRENCE_BOUND__ZERO_WORD_DELTA	NONE	NONE	NONE	NONE	NONE	NONE	NONE	NONE	NONE	NONE	NONE	Holzansatz, kalt auf Stufe III	0	PASS_V76_83_ACTION_RIGHT_CONTEXTS__60_NOMINAL_15_ACTION_8_EOS__7_FINISHED_STATE_FIRSTS__3_LOCAL_READS_4_OPEN__C013_C014_ADDED__ZERO_WORD_DELTA
f80v	f80v.27	8	okain	heißer Ansatz, Grad II	heißer Ansatz, Grad II	1	1	NOMINAL_BLOCK	NOT_ACTION_LICENSED	0	NONE	NONE	NONE	NONE	NONE	NONE	heißer Ansatz, Grad II	0	V68_WORDS_FROZEN__RELATION_METADATA_ONLY	NONE	NONE	NONE	NONE	NONE	heißer Ansatz, Grad II	0	V69_TOKEN_GLOSS_BYTE_IDENTICAL__SEPARATE_WINDOW_METADATA	0	NONE	NONE	NOT_IN_ACTION_SURFACE_SCAN	heißer Ansatz, Grad II	0	V70_TOKEN_GLOSS_BYTE_IDENTICAL__FRAME_REPLAY_METADATA_ONLY	NONE	NONE	NONE	NONE	heißer Ansatz, Grad II	0	PASS_V72_YKA_II_III_SISTER_FRAME__5_CASES_2_REPLAY_1_NEW_B_EDGE_2_HELD__AIIN_UNBOUND__ZERO_WORD_DELTA	NONE	NONE	NONE	NONE	NONE	heißer Ansatz, Grad II	0	PASS_V73_10_ANA_WINDOWS__1_EXACT_STATE_ONLY_2_WORKING_STATE_LIKE_2_DEICTIC__1_UNIQUE_CANDIDATE_1_NEW_B_EDGE__C011_OCCURRENCE_BOUND__ZERO_WORD_DELTA	NONE	NONE	NONE	NONE	NONE	NONE	heißer Ansatz, Grad II	0	PASS_V74_11_EDGES__9_CONNECTED_COMPONENTS__23_EDGE_NODES_2_HULL_ONLY_1_STRUCTURAL__ZERO_EDGE_WORD_DELTA	NONE	NONE	NONE	NONE	NONE	NONE	NONE	NONE	NONE	NONE	heißer Ansatz, Grad II	0	PASS_V75_11_TARGET_RIGHT_CONTEXTS__7_NOMINAL_3_ACTION_1_EOS__1_EXACT_WRITTEN_RESULT__2X2_DEFAULTS_REJECTED__C012_OCCURRENCE_BOUND__ZERO_WORD_DELTA	NONE	NONE	NONE	NONE	NONE	NONE	NONE	NONE	NONE	NONE	NONE	heißer Ansatz, Grad II	0	PASS_V76_83_ACTION_RIGHT_CONTEXTS__60_NOMINAL_15_ACTION_8_EOS__7_FINISHED_STATE_FIRSTS__3_LOCAL_READS_4_OPEN__C013_C014_ADDED__ZERO_WORD_DELTA
f80v	f80v.27	9	shal	Rohstoffklasse I, feucht am Gradanfang	Rohstoffklasse I, feucht am Gradanfang	1	1	NOMINAL_BLOCK	NOT_ACTION_LICENSED	0	NONE	NONE	NONE	NONE	NONE	NONE	Rohstoffklasse I, feucht am Gradanfang	0	V68_WORDS_FROZEN__RELATION_METADATA_ONLY	NONE	NONE	NONE	NONE	NONE	Rohstoffklasse I, feucht am Gradanfang	0	V69_TOKEN_GLOSS_BYTE_IDENTICAL__SEPARATE_WINDOW_METADATA	0	NONE	NONE	NOT_IN_ACTION_SURFACE_SCAN	Rohstoffklasse I, feucht am Gradanfang	0	V70_TOKEN_GLOSS_BYTE_IDENTICAL__FRAME_REPLAY_METADATA_ONLY	NONE	NONE	NONE	NONE	Rohstoffklasse I, feucht am Gradanfang	0	PASS_V72_YKA_II_III_SISTER_FRAME__5_CASES_2_REPLAY_1_NEW_B_EDGE_2_HELD__AIIN_UNBOUND__ZERO_WORD_DELTA	NONE	NONE	NONE	NONE	NONE	Rohstoffklasse I, feucht am Gradanfang	0	PASS_V73_10_ANA_WINDOWS__1_EXACT_STATE_ONLY_2_WORKING_STATE_LIKE_2_DEICTIC__1_UNIQUE_CANDIDATE_1_NEW_B_EDGE__C011_OCCURRENCE_BOUND__ZERO_WORD_DELTA	NONE	NONE	NONE	NONE	NONE	NONE	Rohstoffklasse I, feucht am Gradanfang	0	PASS_V74_11_EDGES__9_CONNECTED_COMPONENTS__23_EDGE_NODES_2_HULL_ONLY_1_STRUCTURAL__ZERO_EDGE_WORD_DELTA	NONE	NONE	NONE	NONE	NONE	NONE	NONE	NONE	NONE	NONE	Rohstoffklasse I, feucht am Gradanfang	0	PASS_V75_11_TARGET_RIGHT_CONTEXTS__7_NOMINAL_3_ACTION_1_EOS__1_EXACT_WRITTEN_RESULT__2X2_DEFAULTS_REJECTED__C012_OCCURRENCE_BOUND__ZERO_WORD_DELTA	NONE	NONE	NONE	NONE	NONE	NONE	NONE	NONE	NONE	NONE	NONE	Rohstoffklasse I, feucht am Gradanfang	0	PASS_V76_83_ACTION_RIGHT_CONTEXTS__60_NOMINAL_15_ACTION_8_EOS__7_FINISHED_STATE_FIRSTS__3_LOCAL_READS_4_OPEN__C013_C014_ADDED__ZERO_WORD_DELTA
f80v	f80v.27	10	qoty	kalt am Anfang des Grades	kalt am Anfang des Grades	1	1	NOMINAL_BLOCK	NOT_ACTION_LICENSED	0	NONE	NONE	NONE	NONE	NONE	NONE	kalt am Anfang des Grades	0	V68_WORDS_FROZEN__RELATION_METADATA_ONLY	NONE	NONE	NONE	NONE	NONE	kalt am Anfang des Grades	0	V69_TOKEN_GLOSS_BYTE_IDENTICAL__SEPARATE_WINDOW_METADATA	0	NONE	NONE	NOT_IN_ACTION_SURFACE_SCAN	kalt am Anfang des Grades	0	V70_TOKEN_GLOSS_BYTE_IDENTICAL__FRAME_REPLAY_METADATA_ONLY	NONE	NONE	NONE	NONE	kalt am Anfang des Grades	0	PASS_V72_YKA_II_III_SISTER_FRAME__5_CASES_2_REPLAY_1_NEW_B_EDGE_2_HELD__AIIN_UNBOUND__ZERO_WORD_DELTA	NONE	NONE	NONE	NONE	NONE	kalt am Anfang des Grades	0	PASS_V73_10_ANA_WINDOWS__1_EXACT_STATE_ONLY_2_WORKING_STATE_LIKE_2_DEICTIC__1_UNIQUE_CANDIDATE_1_NEW_B_EDGE__C011_OCCURRENCE_BOUND__ZERO_WORD_DELTA	NONE	NONE	NONE	NONE	NONE	NONE	kalt am Anfang des Grades	0	PASS_V74_11_EDGES__9_CONNECTED_COMPONENTS__23_EDGE_NODES_2_HULL_ONLY_1_STRUCTURAL__ZERO_EDGE_WORD_DELTA	NONE	NONE	NONE	NONE	NONE	NONE	NONE	NONE	NONE	NONE	kalt am Anfang des Grades	0	PASS_V75_11_TARGET_RIGHT_CONTEXTS__7_NOMINAL_3_ACTION_1_EOS__1_EXACT_WRITTEN_RESULT__2X2_DEFAULTS_REJECTED__C012_OCCURRENCE_BOUND__ZERO_WORD_DELTA	NONE	NONE	NONE	NONE	NONE	NONE	NONE	NONE	NONE	NONE	NONE	kalt am Anfang des Grades	0	PASS_V76_83_ACTION_RIGHT_CONTEXTS__60_NOMINAL_15_ACTION_8_EOS__7_FINISHED_STATE_FIRSTS__3_LOCAL_READS_4_OPEN__C013_C014_ADDED__ZERO_WORD_DELTA
f80v	f80v.35	1	tol	kalt	kalt	1	1	NOMINAL_BLOCK	NOT_ACTION_LICENSED	0	NONE	NONE	NONE	NONE	NONE	NONE	kalt	0	V68_WORDS_FROZEN__RELATION_METADATA_ONLY	NONE	NONE	NONE	NONE	NONE	kalt	0	V69_TOKEN_GLOSS_BYTE_IDENTICAL__SEPARATE_WINDOW_METADATA	0	NONE	NONE	NOT_IN_ACTION_SURFACE_SCAN	kalt	0	V70_TOKEN_GLOSS_BYTE_IDENTICAL__FRAME_REPLAY_METADATA_ONLY	NONE	NONE	NONE	NONE	kalt	0	PASS_V72_YKA_II_III_SISTER_FRAME__5_CASES_2_REPLAY_1_NEW_B_EDGE_2_HELD__AIIN_UNBOUND__ZERO_WORD_DELTA	NONE	NONE	NONE	NONE	NONE	kalt	0	PASS_V73_10_ANA_WINDOWS__1_EXACT_STATE_ONLY_2_WORKING_STATE_LIKE_2_DEICTIC__1_UNIQUE_CANDIDATE_1_NEW_B_EDGE__C011_OCCURRENCE_BOUND__ZERO_WORD_DELTA	NONE	NONE	NONE	NONE	NONE	NONE	kalt	0	PASS_V74_11_EDGES__9_CONNECTED_COMPONENTS__23_EDGE_NODES_2_HULL_ONLY_1_STRUCTURAL__ZERO_EDGE_WORD_DELTA	NONE	NONE	NONE	NONE	NONE	NONE	NONE	NONE	NONE	NONE	kalt	0	PASS_V75_11_TARGET_RIGHT_CONTEXTS__7_NOMINAL_3_ACTION_1_EOS__1_EXACT_WRITTEN_RESULT__2X2_DEFAULTS_REJECTED__C012_OCCURRENCE_BOUND__ZERO_WORD_DELTA	NONE	NONE	NONE	NONE	NONE	NONE	NONE	NONE	NONE	NONE	NONE	kalt	0	PASS_V76_83_ACTION_RIGHT_CONTEXTS__60_NOMINAL_15_ACTION_8_EOS__7_FINISHED_STATE_FIRSTS__3_LOCAL_READS_4_OPEN__C013_C014_ADDED__ZERO_WORD_DELTA
f80v	f80v.35	2	oltain	Holzansatz, kalt auf Stufe II	Holzansatz, kalt auf Stufe II	1	1	NOMINAL_BLOCK	NOT_ACTION_LICENSED	0	NONE	NONE	NONE	NONE	NONE	NONE	Holzansatz, kalt auf Stufe II	0	V68_WORDS_FROZEN__RELATION_METADATA_ONLY	NONE	NONE	NONE	NONE	NONE	Holzansatz, kalt auf Stufe II	0	V69_TOKEN_GLOSS_BYTE_IDENTICAL__SEPARATE_WINDOW_METADATA	0	NONE	NONE	NOT_IN_ACTION_SURFACE_SCAN	Holzansatz, kalt auf Stufe II	0	V70_TOKEN_GLOSS_BYTE_IDENTICAL__FRAME_REPLAY_METADATA_ONLY	NONE	NONE	NONE	NONE	Holzansatz, kalt auf Stufe II	0	PASS_V72_YKA_II_III_SISTER_FRAME__5_CASES_2_REPLAY_1_NEW_B_EDGE_2_HELD__AIIN_UNBOUND__ZERO_WORD_DELTA	NONE	NONE	NONE	NONE	NONE	Holzansatz, kalt auf Stufe II	0	PASS_V73_10_ANA_WINDOWS__1_EXACT_STATE_ONLY_2_WORKING_STATE_LIKE_2_DEICTIC__1_UNIQUE_CANDIDATE_1_NEW_B_EDGE__C011_OCCURRENCE_BOUND__ZERO_WORD_DELTA	NONE	NONE	NONE	NONE	NONE	NONE	Holzansatz, kalt auf Stufe II	0	PASS_V74_11_EDGES__9_CONNECTED_COMPONENTS__23_EDGE_NODES_2_HULL_ONLY_1_STRUCTURAL__ZERO_EDGE_WORD_DELTA	NONE	NONE	NONE	NONE	NONE	NONE	NONE	NONE	NONE	NONE	Holzansatz, kalt auf Stufe II	0	PASS_V75_11_TARGET_RIGHT_CONTEXTS__7_NOMINAL_3_ACTION_1_EOS__1_EXACT_WRITTEN_RESULT__2X2_DEFAULTS_REJECTED__C012_OCCURRENCE_BOUND__ZERO_WORD_DELTA	NONE	NONE	NONE	NONE	NONE	NONE	NONE	NONE	NONE	NONE	NONE	Holzansatz, kalt auf Stufe II	0	PASS_V76_83_ACTION_RIGHT_CONTEXTS__60_NOMINAL_15_ACTION_8_EOS__7_FINISHED_STATE_FIRSTS__3_LOCAL_READS_4_OPEN__C013_C014_ADDED__ZERO_WORD_DELTA
f80v	f80v.35	3	olkar	Anteil I des heißen Holzansatzes	Anteil I des heißen Holzansatzes	1	1	NOMINAL_BLOCK	NOT_ACTION_LICENSED	0	DESTINATION:C004|DESTINATION:C008	C004|C008	C004|C008	NONE	NONE	NONE	Anteil I des heißen Holzansatzes	0	V68_WORDS_FROZEN__RELATION_METADATA_ONLY	M006	DESTINATION:C004|DESTINATION:C008	1	4	Dem Anteil I des heißen Holzansatzes Drogenstoff zugeben. Dem Anteil I des heißen Holzansatzes nochmals Drogenstoff zugeben.	Anteil I des heißen Holzansatzes	0	V69_TOKEN_GLOSS_BYTE_IDENTICAL__SEPARATE_WINDOW_METADATA	0	NONE	NONE	NOT_IN_ACTION_SURFACE_SCAN	Anteil I des heißen Holzansatzes	0	V70_TOKEN_GLOSS_BYTE_IDENTICAL__FRAME_REPLAY_METADATA_ONLY	NONE	NONE	NONE	NONE	Anteil I des heißen Holzansatzes	0	PASS_V72_YKA_II_III_SISTER_FRAME__5_CASES_2_REPLAY_1_NEW_B_EDGE_2_HELD__AIIN_UNBOUND__ZERO_WORD_DELTA	NONE	NONE	NONE	NONE	NONE	Anteil I des heißen Holzansatzes	0	PASS_V73_10_ANA_WINDOWS__1_EXACT_STATE_ONLY_2_WORKING_STATE_LIKE_2_DEICTIC__1_UNIQUE_CANDIDATE_1_NEW_B_EDGE__C011_OCCURRENCE_BOUND__ZERO_WORD_DELTA	M006	1	DESTINATION:C004|DESTINATION:C008	C004|C008	EDGE_NODE	Dem Anteil I des heißen Holzansatzes Drogenstoff zugeben. Dem Anteil I des heißen Holzansatzes nochmals Drogenstoff zugeben.	Anteil I des heißen Holzansatzes	0	PASS_V74_11_EDGES__9_CONNECTED_COMPONENTS__23_EDGE_NODES_2_HULL_ONLY_1_STRUCTURAL__ZERO_EDGE_WORD_DELTA	NONE	NONE	NONE	M006	1	DESTINATION:C004|DESTINATION:C008	C004|C008	EDGE_NODE	Dem Anteil I des heißen Holzansatzes Drogenstoff zugeben. Dem Anteil I des heißen Holzansatzes nochmals Drogenstoff zugeben.	NONE	Anteil I des heißen Holzansatzes	0	PASS_V75_11_TARGET_RIGHT_CONTEXTS__7_NOMINAL_3_ACTION_1_EOS__1_EXACT_WRITTEN_RESULT__2X2_DEFAULTS_REJECTED__C012_OCCURRENCE_BOUND__ZERO_WORD_DELTA	NONE	NONE	NONE	NONE	M006	1	DESTINATION:C004|DESTINATION:C008	C004|C008	EDGE_NODE	Dem Anteil I des heißen Holzansatzes Drogenstoff zugeben. Dem Anteil I des heißen Holzansatzes nochmals Drogenstoff zugeben.	NONE	Anteil I des heißen Holzansatzes	0	PASS_V76_83_ACTION_RIGHT_CONTEXTS__60_NOMINAL_15_ACTION_8_EOS__7_FINISHED_STATE_FIRSTS__3_LOCAL_READS_4_OPEN__C013_C014_ADDED__ZERO_WORD_DELTA
f80v	f80v.35	4	y	Hierzu:	Hierzu:	1	2	ACTION_CLAUSE	NOT_ACTION_LICENSED	0	REFERENCE:C004	C004	NONE	R018	NONE	NONE	Hierzu:	0	V68_WORDS_FROZEN__RELATION_METADATA_ONLY	M006	REFERENCE:C004	2	4	Dem Anteil I des heißen Holzansatzes Drogenstoff zugeben. Dem Anteil I des heißen Holzansatzes nochmals Drogenstoff zugeben.	Hierzu:	0	V69_TOKEN_GLOSS_BYTE_IDENTICAL__SEPARATE_WINDOW_METADATA	0	NONE	NONE	NOT_IN_ACTION_SURFACE_SCAN	Hierzu:	0	V70_TOKEN_GLOSS_BYTE_IDENTICAL__FRAME_REPLAY_METADATA_ONLY	NONE	NONE	NONE	NONE	Hierzu:	0	PASS_V72_YKA_II_III_SISTER_FRAME__5_CASES_2_REPLAY_1_NEW_B_EDGE_2_HELD__AIIN_UNBOUND__ZERO_WORD_DELTA	NONE	NONE	NONE	NONE	NONE	Hierzu:	0	PASS_V73_10_ANA_WINDOWS__1_EXACT_STATE_ONLY_2_WORKING_STATE_LIKE_2_DEICTIC__1_UNIQUE_CANDIDATE_1_NEW_B_EDGE__C011_OCCURRENCE_BOUND__ZERO_WORD_DELTA	M006	2	REFERENCE:C004	C004	EDGE_NODE	Dem Anteil I des heißen Holzansatzes Drogenstoff zugeben. Dem Anteil I des heißen Holzansatzes nochmals Drogenstoff zugeben.	Hierzu:	0	PASS_V74_11_EDGES__9_CONNECTED_COMPONENTS__23_EDGE_NODES_2_HULL_ONLY_1_STRUCTURAL__ZERO_EDGE_WORD_DELTA	V75R004	TARGET_ACTION_CLAUSE:V75R004	NONE	M006	2	REFERENCE:C004	C004	EDGE_NODE	Dem Anteil I des heißen Holzansatzes Drogenstoff zugeben. Dem Anteil I des heißen Holzansatzes nochmals Drogenstoff zugeben.	NONE	Hierzu:	0	PASS_V75_11_TARGET_RIGHT_CONTEXTS__7_NOMINAL_3_ACTION_1_EOS__1_EXACT_WRITTEN_RESULT__2X2_DEFAULTS_REJECTED__C012_OCCURRENCE_BOUND__ZERO_WORD_DELTA	A062	ACTION_CLAUSE:A062	NONE	NONE	M006	2	REFERENCE:C004	C004	EDGE_NODE	Dem Anteil I des heißen Holzansatzes Drogenstoff zugeben. Dem Anteil I des heißen Holzansatzes nochmals Drogenstoff zugeben.	NONE	Hierzu:	0	PASS_V76_83_ACTION_RIGHT_CONTEXTS__60_NOMINAL_15_ACTION_8_EOS__7_FINISHED_STATE_FIRSTS__3_LOCAL_READS_4_OPEN__C013_C014_ADDED__ZERO_WORD_DELTA
f80v	f80v.35	5	qol	Drogenstoff zugeben	Drogenstoff zugeben	1	2	ACTION_CLAUSE	GDT689_V62_ACTION_ORDINAL	1	TARGET_ACTION:C004	C004	NONE	NONE	C004	NONE	Drogenstoff zugeben	0	V68_WORDS_FROZEN__RELATION_METADATA_ONLY	M006	TARGET_ACTION:C004	3	4	Dem Anteil I des heißen Holzansatzes Drogenstoff zugeben. Dem Anteil I des heißen Holzansatzes nochmals Drogenstoff zugeben.	Drogenstoff zugeben	0	V69_TOKEN_GLOSS_BYTE_IDENTICAL__SEPARATE_WINDOW_METADATA	1	A007	T004	ALREADY_ADMITTED_EXACT_SELF_REPLAY	Drogenstoff zugeben	0	V70_TOKEN_GLOSS_BYTE_IDENTICAL__FRAME_REPLAY_METADATA_ONLY	NONE	NONE	NONE	NONE	Drogenstoff zugeben	0	PASS_V72_YKA_II_III_SISTER_FRAME__5_CASES_2_REPLAY_1_NEW_B_EDGE_2_HELD__AIIN_UNBOUND__ZERO_WORD_DELTA	NONE	NONE	NONE	NONE	NONE	Drogenstoff zugeben	0	PASS_V73_10_ANA_WINDOWS__1_EXACT_STATE_ONLY_2_WORKING_STATE_LIKE_2_DEICTIC__1_UNIQUE_CANDIDATE_1_NEW_B_EDGE__C011_OCCURRENCE_BOUND__ZERO_WORD_DELTA	M006	3	TARGET_ACTION:C004	C004	EDGE_NODE	Dem Anteil I des heißen Holzansatzes Drogenstoff zugeben. Dem Anteil I des heißen Holzansatzes nochmals Drogenstoff zugeben.	Drogenstoff zugeben	0	PASS_V74_11_EDGES__9_CONNECTED_COMPONENTS__23_EDGE_NODES_2_HULL_ONLY_1_STRUCTURAL__ZERO_EDGE_WORD_DELTA	V75R004	TARGET_ACTION_CLAUSE:V75R004	NONE	M006	3	TARGET_ACTION:C004	C004	EDGE_NODE	Dem Anteil I des heißen Holzansatzes Drogenstoff zugeben. Dem Anteil I des heißen Holzansatzes nochmals Drogenstoff zugeben.	NONE	Drogenstoff zugeben	0	PASS_V75_11_TARGET_RIGHT_CONTEXTS__7_NOMINAL_3_ACTION_1_EOS__1_EXACT_WRITTEN_RESULT__2X2_DEFAULTS_REJECTED__C012_OCCURRENCE_BOUND__ZERO_WORD_DELTA	A062	ACTION_CLAUSE:A062	NONE	NONE	M006	3	TARGET_ACTION:C004	C004	EDGE_NODE	Dem Anteil I des heißen Holzansatzes Drogenstoff zugeben. Dem Anteil I des heißen Holzansatzes nochmals Drogenstoff zugeben.	NONE	Drogenstoff zugeben	0	PASS_V76_83_ACTION_RIGHT_CONTEXTS__60_NOMINAL_15_ACTION_8_EOS__7_FINISHED_STATE_FIRSTS__3_LOCAL_READS_4_OPEN__C013_C014_ADDED__ZERO_WORD_DELTA
f80v	f80v.35	6	qol	Drogenstoff zugeben	Drogenstoff zugeben	1	3	ACTION_CLAUSE	GDT689_V62_ACTION_ORDINAL	1	TARGET_ACTION:C008	C008	NONE	NONE	C008	NONE	Drogenstoff zugeben	0	V68_WORDS_FROZEN__RELATION_METADATA_ONLY	M006	TARGET_ACTION:C008	4	4	Dem Anteil I des heißen Holzansatzes Drogenstoff zugeben. Dem Anteil I des heißen Holzansatzes nochmals Drogenstoff zugeben.	Drogenstoff zugeben	0	V69_TOKEN_GLOSS_BYTE_IDENTICAL__SEPARATE_WINDOW_METADATA	1	A008	T008	ALREADY_ADMITTED_EXACT_SELF_REPLAY	Drogenstoff zugeben	0	V70_TOKEN_GLOSS_BYTE_IDENTICAL__FRAME_REPLAY_METADATA_ONLY	NONE	NONE	NONE	NONE	Drogenstoff zugeben	0	PASS_V72_YKA_II_III_SISTER_FRAME__5_CASES_2_REPLAY_1_NEW_B_EDGE_2_HELD__AIIN_UNBOUND__ZERO_WORD_DELTA	NONE	NONE	NONE	NONE	NONE	Drogenstoff zugeben	0	PASS_V73_10_ANA_WINDOWS__1_EXACT_STATE_ONLY_2_WORKING_STATE_LIKE_2_DEICTIC__1_UNIQUE_CANDIDATE_1_NEW_B_EDGE__C011_OCCURRENCE_BOUND__ZERO_WORD_DELTA	M006	4	TARGET_ACTION:C008	C008	EDGE_NODE	Dem Anteil I des heißen Holzansatzes Drogenstoff zugeben. Dem Anteil I des heißen Holzansatzes nochmals Drogenstoff zugeben.	Drogenstoff zugeben	0	PASS_V74_11_EDGES__9_CONNECTED_COMPONENTS__23_EDGE_NODES_2_HULL_ONLY_1_STRUCTURAL__ZERO_EDGE_WORD_DELTA	V75R004|V75R008	FIRST_RIGHT_SEMANTIC:V75R004|TARGET_ACTION_CLAUSE:V75R008	NONE	M006	4	TARGET_ACTION:C008	C008	EDGE_NODE	Dem Anteil I des heißen Holzansatzes Drogenstoff zugeben. Dem Anteil I des heißen Holzansatzes nochmals Drogenstoff zugeben.	NONE	Drogenstoff zugeben	0	PASS_V75_11_TARGET_RIGHT_CONTEXTS__7_NOMINAL_3_ACTION_1_EOS__1_EXACT_WRITTEN_RESULT__2X2_DEFAULTS_REJECTED__C012_OCCURRENCE_BOUND__ZERO_WORD_DELTA	A062|A063	ACTION_CLAUSE:A063|FIRST_RIGHT_ITEM:A062	NONE	NONE	M006	4	TARGET_ACTION:C008	C008	EDGE_NODE	Dem Anteil I des heißen Holzansatzes Drogenstoff zugeben. Dem Anteil I des heißen Holzansatzes nochmals Drogenstoff zugeben.	NONE	Drogenstoff zugeben	0	PASS_V76_83_ACTION_RIGHT_CONTEXTS__60_NOMINAL_15_ACTION_8_EOS__7_FINISHED_STATE_FIRSTS__3_LOCAL_READS_4_OPEN__C013_C014_ADDED__ZERO_WORD_DELTA
f80v	f80v.35	7	kain	heiß, Grad II	heiß, Grad II	1	4	NOMINAL_BLOCK	NOT_ACTION_LICENSED	0	NONE	NONE	NONE	NONE	NONE	NONE	heiß, Grad II	0	V68_WORDS_FROZEN__RELATION_METADATA_ONLY	NONE	NONE	NONE	NONE	NONE	heiß, Grad II	0	V69_TOKEN_GLOSS_BYTE_IDENTICAL__SEPARATE_WINDOW_METADATA	0	NONE	NONE	NOT_IN_ACTION_SURFACE_SCAN	heiß, Grad II	0	V70_TOKEN_GLOSS_BYTE_IDENTICAL__FRAME_REPLAY_METADATA_ONLY	NONE	NONE	NONE	NONE	heiß, Grad II	0	PASS_V72_YKA_II_III_SISTER_FRAME__5_CASES_2_REPLAY_1_NEW_B_EDGE_2_HELD__AIIN_UNBOUND__ZERO_WORD_DELTA	NONE	NONE	NONE	NONE	NONE	heiß, Grad II	0	PASS_V73_10_ANA_WINDOWS__1_EXACT_STATE_ONLY_2_WORKING_STATE_LIKE_2_DEICTIC__1_UNIQUE_CANDIDATE_1_NEW_B_EDGE__C011_OCCURRENCE_BOUND__ZERO_WORD_DELTA	NONE	NONE	NONE	NONE	NONE	NONE	heiß, Grad II	0	PASS_V74_11_EDGES__9_CONNECTED_COMPONENTS__23_EDGE_NODES_2_HULL_ONLY_1_STRUCTURAL__ZERO_EDGE_WORD_DELTA	V75R004|V75R008	ANTI_SKIP_CONTROL:V75R004|FIRST_RIGHT_SEMANTIC:V75R008	NONE	NONE	NONE	NONE	NONE	NONE	NONE	NONE	heiß, Grad II	0	PASS_V75_11_TARGET_RIGHT_CONTEXTS__7_NOMINAL_3_ACTION_1_EOS__1_EXACT_WRITTEN_RESULT__2X2_DEFAULTS_REJECTED__C012_OCCURRENCE_BOUND__ZERO_WORD_DELTA	A063	FIRST_RIGHT_ITEM:A063	NONE	NONE	NONE	NONE	NONE	NONE	NONE	NONE	NONE	heiß, Grad II	0	PASS_V76_83_ACTION_RIGHT_CONTEXTS__60_NOMINAL_15_ACTION_8_EOS__7_FINISHED_STATE_FIRSTS__3_LOCAL_READS_4_OPEN__C013_C014_ADDED__ZERO_WORD_DELTA
f80v	f80v.35	8	okiin	erhitzte Zubereitung, Form III	erhitzte Zubereitung, Form III	1	4	NOMINAL_BLOCK	NOT_ACTION_LICENSED	0	NONE	NONE	NONE	NONE	NONE	NONE	erhitzte Zubereitung, Form III	0	V68_WORDS_FROZEN__RELATION_METADATA_ONLY	NONE	NONE	NONE	NONE	NONE	erhitzte Zubereitung, Form III	0	V69_TOKEN_GLOSS_BYTE_IDENTICAL__SEPARATE_WINDOW_METADATA	0	NONE	NONE	NOT_IN_ACTION_SURFACE_SCAN	erhitzte Zubereitung, Form III	0	V70_TOKEN_GLOSS_BYTE_IDENTICAL__FRAME_REPLAY_METADATA_ONLY	NONE	NONE	NONE	NONE	erhitzte Zubereitung, Form III	0	PASS_V72_YKA_II_III_SISTER_FRAME__5_CASES_2_REPLAY_1_NEW_B_EDGE_2_HELD__AIIN_UNBOUND__ZERO_WORD_DELTA	NONE	NONE	NONE	NONE	NONE	erhitzte Zubereitung, Form III	0	PASS_V73_10_ANA_WINDOWS__1_EXACT_STATE_ONLY_2_WORKING_STATE_LIKE_2_DEICTIC__1_UNIQUE_CANDIDATE_1_NEW_B_EDGE__C011_OCCURRENCE_BOUND__ZERO_WORD_DELTA	NONE	NONE	NONE	NONE	NONE	NONE	erhitzte Zubereitung, Form III	0	PASS_V74_11_EDGES__9_CONNECTED_COMPONENTS__23_EDGE_NODES_2_HULL_ONLY_1_STRUCTURAL__ZERO_EDGE_WORD_DELTA	V75R008	ANTI_SKIP_CONTROL:V75R008	NONE	NONE	NONE	NONE	NONE	NONE	NONE	NONE	erhitzte Zubereitung, Form III	0	PASS_V75_11_TARGET_RIGHT_CONTEXTS__7_NOMINAL_3_ACTION_1_EOS__1_EXACT_WRITTEN_RESULT__2X2_DEFAULTS_REJECTED__C012_OCCURRENCE_BOUND__ZERO_WORD_DELTA	NONE	NONE	NONE	NONE	NONE	NONE	NONE	NONE	NONE	NONE	NONE	erhitzte Zubereitung, Form III	0	PASS_V76_83_ACTION_RIGHT_CONTEXTS__60_NOMINAL_15_ACTION_8_EOS__7_FINISHED_STATE_FIRSTS__3_LOCAL_READS_4_OPEN__C013_C014_ADDED__ZERO_WORD_DELTA
f80v	f80v.35	9	ol	Grundansatz	Grundansatz	1	4	NOMINAL_BLOCK	NOT_ACTION_LICENSED	0	NONE	NONE	NONE	NONE	NONE	NONE	Grundansatz	0	V68_WORDS_FROZEN__RELATION_METADATA_ONLY	NONE	NONE	NONE	NONE	NONE	Grundansatz	0	V69_TOKEN_GLOSS_BYTE_IDENTICAL__SEPARATE_WINDOW_METADATA	0	NONE	NONE	NOT_IN_ACTION_SURFACE_SCAN	Grundansatz	0	V70_TOKEN_GLOSS_BYTE_IDENTICAL__FRAME_REPLAY_METADATA_ONLY	NONE	NONE	NONE	NONE	Grundansatz	0	PASS_V72_YKA_II_III_SISTER_FRAME__5_CASES_2_REPLAY_1_NEW_B_EDGE_2_HELD__AIIN_UNBOUND__ZERO_WORD_DELTA	NONE	NONE	NONE	NONE	NONE	Grundansatz	0	PASS_V73_10_ANA_WINDOWS__1_EXACT_STATE_ONLY_2_WORKING_STATE_LIKE_2_DEICTIC__1_UNIQUE_CANDIDATE_1_NEW_B_EDGE__C011_OCCURRENCE_BOUND__ZERO_WORD_DELTA	NONE	NONE	NONE	NONE	NONE	NONE	Grundansatz	0	PASS_V74_11_EDGES__9_CONNECTED_COMPONENTS__23_EDGE_NODES_2_HULL_ONLY_1_STRUCTURAL__ZERO_EDGE_WORD_DELTA	NONE	NONE	NONE	NONE	NONE	NONE	NONE	NONE	NONE	NONE	Grundansatz	0	PASS_V75_11_TARGET_RIGHT_CONTEXTS__7_NOMINAL_3_ACTION_1_EOS__1_EXACT_WRITTEN_RESULT__2X2_DEFAULTS_REJECTED__C012_OCCURRENCE_BOUND__ZERO_WORD_DELTA	NONE	NONE	NONE	NONE	NONE	NONE	NONE	NONE	NONE	NONE	NONE	Grundansatz	0	PASS_V76_83_ACTION_RIGHT_CONTEXTS__60_NOMINAL_15_ACTION_8_EOS__7_FINISHED_STATE_FIRSTS__3_LOCAL_READS_4_OPEN__C013_C014_ADDED__ZERO_WORD_DELTA
f80v	f80v.35	10	kain	heiß, Grad II	heiß, Grad II	1	4	NOMINAL_BLOCK	NOT_ACTION_LICENSED	0	NONE	NONE	NONE	NONE	NONE	NONE	heiß, Grad II	0	V68_WORDS_FROZEN__RELATION_METADATA_ONLY	NONE	NONE	NONE	NONE	NONE	heiß, Grad II	0	V69_TOKEN_GLOSS_BYTE_IDENTICAL__SEPARATE_WINDOW_METADATA	0	NONE	NONE	NOT_IN_ACTION_SURFACE_SCAN	heiß, Grad II	0	V70_TOKEN_GLOSS_BYTE_IDENTICAL__FRAME_REPLAY_METADATA_ONLY	NONE	NONE	NONE	NONE	heiß, Grad II	0	PASS_V72_YKA_II_III_SISTER_FRAME__5_CASES_2_REPLAY_1_NEW_B_EDGE_2_HELD__AIIN_UNBOUND__ZERO_WORD_DELTA	NONE	NONE	NONE	NONE	NONE	heiß, Grad II	0	PASS_V73_10_ANA_WINDOWS__1_EXACT_STATE_ONLY_2_WORKING_STATE_LIKE_2_DEICTIC__1_UNIQUE_CANDIDATE_1_NEW_B_EDGE__C011_OCCURRENCE_BOUND__ZERO_WORD_DELTA	NONE	NONE	NONE	NONE	NONE	NONE	heiß, Grad II	0	PASS_V74_11_EDGES__9_CONNECTED_COMPONENTS__23_EDGE_NODES_2_HULL_ONLY_1_STRUCTURAL__ZERO_EDGE_WORD_DELTA	NONE	NONE	NONE	NONE	NONE	NONE	NONE	NONE	NONE	NONE	heiß, Grad II	0	PASS_V75_11_TARGET_RIGHT_CONTEXTS__7_NOMINAL_3_ACTION_1_EOS__1_EXACT_WRITTEN_RESULT__2X2_DEFAULTS_REJECTED__C012_OCCURRENCE_BOUND__ZERO_WORD_DELTA	NONE	NONE	NONE	NONE	NONE	NONE	NONE	NONE	NONE	NONE	NONE	heiß, Grad II	0	PASS_V76_83_ACTION_RIGHT_CONTEXTS__60_NOMINAL_15_ACTION_8_EOS__7_FINISHED_STATE_FIRSTS__3_LOCAL_READS_4_OPEN__C013_C014_ADDED__ZERO_WORD_DELTA
f80v	f80v.35	11	shey	feucht in der Mitte des Grades	feucht in der Mitte des Grades	1	4	NOMINAL_BLOCK	NOT_ACTION_LICENSED	0	NONE	NONE	NONE	NONE	NONE	NONE	feucht in der Mitte des Grades	0	V68_WORDS_FROZEN__RELATION_METADATA_ONLY	NONE	NONE	NONE	NONE	NONE	feucht in der Mitte des Grades	0	V69_TOKEN_GLOSS_BYTE_IDENTICAL__SEPARATE_WINDOW_METADATA	0	NONE	NONE	NOT_IN_ACTION_SURFACE_SCAN	feucht in der Mitte des Grades	0	V70_TOKEN_GLOSS_BYTE_IDENTICAL__FRAME_REPLAY_METADATA_ONLY	NONE	NONE	NONE	NONE	feucht in der Mitte des Grades	0	PASS_V72_YKA_II_III_SISTER_FRAME__5_CASES_2_REPLAY_1_NEW_B_EDGE_2_HELD__AIIN_UNBOUND__ZERO_WORD_DELTA	NONE	NONE	NONE	NONE	NONE	feucht in der Mitte des Grades	0	PASS_V73_10_ANA_WINDOWS__1_EXACT_STATE_ONLY_2_WORKING_STATE_LIKE_2_DEICTIC__1_UNIQUE_CANDIDATE_1_NEW_B_EDGE__C011_OCCURRENCE_BOUND__ZERO_WORD_DELTA	NONE	NONE	NONE	NONE	NONE	NONE	feucht in der Mitte des Grades	0	PASS_V74_11_EDGES__9_CONNECTED_COMPONENTS__23_EDGE_NODES_2_HULL_ONLY_1_STRUCTURAL__ZERO_EDGE_WORD_DELTA	NONE	NONE	NONE	NONE	NONE	NONE	NONE	NONE	NONE	NONE	feucht in der Mitte des Grades	0	PASS_V75_11_TARGET_RIGHT_CONTEXTS__7_NOMINAL_3_ACTION_1_EOS__1_EXACT_WRITTEN_RESULT__2X2_DEFAULTS_REJECTED__C012_OCCURRENCE_BOUND__ZERO_WORD_DELTA	NONE	NONE	NONE	NONE	NONE	NONE	NONE	NONE	NONE	NONE	NONE	feucht in der Mitte des Grades	0	PASS_V76_83_ACTION_RIGHT_CONTEXTS__60_NOMINAL_15_ACTION_8_EOS__7_FINISHED_STATE_FIRSTS__3_LOCAL_READS_4_OPEN__C013_C014_ADDED__ZERO_WORD_DELTA
f80v	f80v.35	12	ldy	fertig aufbereitetes Holz	fertig aufbereitetes Holz	1	4	NOMINAL_BLOCK	NOT_ACTION_LICENSED	0	NONE	NONE	NONE	NONE	NONE	NONE	fertig aufbereitetes Holz	0	V68_WORDS_FROZEN__RELATION_METADATA_ONLY	NONE	NONE	NONE	NONE	NONE	fertig aufbereitetes Holz	0	V69_TOKEN_GLOSS_BYTE_IDENTICAL__SEPARATE_WINDOW_METADATA	0	NONE	NONE	NOT_IN_ACTION_SURFACE_SCAN	fertig aufbereitetes Holz	0	V70_TOKEN_GLOSS_BYTE_IDENTICAL__FRAME_REPLAY_METADATA_ONLY	NONE	NONE	NONE	NONE	fertig aufbereitetes Holz	0	PASS_V72_YKA_II_III_SISTER_FRAME__5_CASES_2_REPLAY_1_NEW_B_EDGE_2_HELD__AIIN_UNBOUND__ZERO_WORD_DELTA	NONE	NONE	NONE	NONE	NONE	fertig aufbereitetes Holz	0	PASS_V73_10_ANA_WINDOWS__1_EXACT_STATE_ONLY_2_WORKING_STATE_LIKE_2_DEICTIC__1_UNIQUE_CANDIDATE_1_NEW_B_EDGE__C011_OCCURRENCE_BOUND__ZERO_WORD_DELTA	NONE	NONE	NONE	NONE	NONE	NONE	fertig aufbereitetes Holz	0	PASS_V74_11_EDGES__9_CONNECTED_COMPONENTS__23_EDGE_NODES_2_HULL_ONLY_1_STRUCTURAL__ZERO_EDGE_WORD_DELTA	V75R008	ANTI_SKIP_CONTROL:V75R008	NONE	NONE	NONE	NONE	NONE	NONE	NONE	NONE	fertig aufbereitetes Holz	0	PASS_V75_11_TARGET_RIGHT_CONTEXTS__7_NOMINAL_3_ACTION_1_EOS__1_EXACT_WRITTEN_RESULT__2X2_DEFAULTS_REJECTED__C012_OCCURRENCE_BOUND__ZERO_WORD_DELTA	NONE	NONE	NONE	NONE	NONE	NONE	NONE	NONE	NONE	NONE	NONE	fertig aufbereitetes Holz	0	PASS_V76_83_ACTION_RIGHT_CONTEXTS__60_NOMINAL_15_ACTION_8_EOS__7_FINISHED_STATE_FIRSTS__3_LOCAL_READS_4_OPEN__C013_C014_ADDED__ZERO_WORD_DELTA
f83v	f83v.12	1	daiin	drei Portionen feuchten Arzneikompositums	drei Portionen feuchten Arzneikompositums	1	1	NOMINAL_BLOCK	NOT_ACTION_LICENSED	0	NONE	NONE	NONE	NONE	NONE	NONE	drei Portionen feuchten Arzneikompositums	0	V68_WORDS_FROZEN__RELATION_METADATA_ONLY	NONE	NONE	NONE	NONE	NONE	drei Portionen feuchten Arzneikompositums	0	V69_TOKEN_GLOSS_BYTE_IDENTICAL__SEPARATE_WINDOW_METADATA	0	NONE	NONE	NOT_IN_ACTION_SURFACE_SCAN	drei Portionen feuchten Arzneikompositums	0	V70_TOKEN_GLOSS_BYTE_IDENTICAL__FRAME_REPLAY_METADATA_ONLY	NONE	NONE	NONE	NONE	drei Portionen feuchten Arzneikompositums	0	PASS_V72_YKA_II_III_SISTER_FRAME__5_CASES_2_REPLAY_1_NEW_B_EDGE_2_HELD__AIIN_UNBOUND__ZERO_WORD_DELTA	NONE	NONE	NONE	NONE	NONE	drei Portionen feuchten Arzneikompositums	0	PASS_V73_10_ANA_WINDOWS__1_EXACT_STATE_ONLY_2_WORKING_STATE_LIKE_2_DEICTIC__1_UNIQUE_CANDIDATE_1_NEW_B_EDGE__C011_OCCURRENCE_BOUND__ZERO_WORD_DELTA	NONE	NONE	NONE	NONE	NONE	NONE	drei Portionen feuchten Arzneikompositums	0	PASS_V74_11_EDGES__9_CONNECTED_COMPONENTS__23_EDGE_NODES_2_HULL_ONLY_1_STRUCTURAL__ZERO_EDGE_WORD_DELTA	NONE	NONE	NONE	NONE	NONE	NONE	NONE	NONE	NONE	NONE	drei Portionen feuchten Arzneikompositums	0	PASS_V75_11_TARGET_RIGHT_CONTEXTS__7_NOMINAL_3_ACTION_1_EOS__1_EXACT_WRITTEN_RESULT__2X2_DEFAULTS_REJECTED__C012_OCCURRENCE_BOUND__ZERO_WORD_DELTA	NONE	NONE	NONE	NONE	NONE	NONE	NONE	NONE	NONE	NONE	NONE	drei Portionen feuchten Arzneikompositums	0	PASS_V76_83_ACTION_RIGHT_CONTEXTS__60_NOMINAL_15_ACTION_8_EOS__7_FINISHED_STATE_FIRSTS__3_LOCAL_READS_4_OPEN__C013_C014_ADDED__ZERO_WORD_DELTA
f83v	f83v.12	2	shckhy	Arzneikompositum: feucht, Gradanfang	Arzneikompositum: feucht, Gradanfang	1	1	NOMINAL_BLOCK	NOT_ACTION_LICENSED	0	NONE	NONE	NONE	NONE	NONE	NONE	Arzneikompositum: feucht, Gradanfang	0	V68_WORDS_FROZEN__RELATION_METADATA_ONLY	NONE	NONE	NONE	NONE	NONE	Arzneikompositum: feucht, Gradanfang	0	V69_TOKEN_GLOSS_BYTE_IDENTICAL__SEPARATE_WINDOW_METADATA	0	NONE	NONE	NOT_IN_ACTION_SURFACE_SCAN	Arzneikompositum: feucht, Gradanfang	0	V70_TOKEN_GLOSS_BYTE_IDENTICAL__FRAME_REPLAY_METADATA_ONLY	NONE	NONE	NONE	NONE	Arzneikompositum: feucht, Gradanfang	0	PASS_V72_YKA_II_III_SISTER_FRAME__5_CASES_2_REPLAY_1_NEW_B_EDGE_2_HELD__AIIN_UNBOUND__ZERO_WORD_DELTA	NONE	NONE	NONE	NONE	NONE	Arzneikompositum: feucht, Gradanfang	0	PASS_V73_10_ANA_WINDOWS__1_EXACT_STATE_ONLY_2_WORKING_STATE_LIKE_2_DEICTIC__1_UNIQUE_CANDIDATE_1_NEW_B_EDGE__C011_OCCURRENCE_BOUND__ZERO_WORD_DELTA	NONE	NONE	NONE	NONE	NONE	NONE	Arzneikompositum: feucht, Gradanfang	0	PASS_V74_11_EDGES__9_CONNECTED_COMPONENTS__23_EDGE_NODES_2_HULL_ONLY_1_STRUCTURAL__ZERO_EDGE_WORD_DELTA	NONE	NONE	NONE	NONE	NONE	NONE	NONE	NONE	NONE	NONE	Arzneikompositum: feucht, Gradanfang	0	PASS_V75_11_TARGET_RIGHT_CONTEXTS__7_NOMINAL_3_ACTION_1_EOS__1_EXACT_WRITTEN_RESULT__2X2_DEFAULTS_REJECTED__C012_OCCURRENCE_BOUND__ZERO_WORD_DELTA	NONE	NONE	NONE	NONE	NONE	NONE	NONE	NONE	NONE	NONE	NONE	Arzneikompositum: feucht, Gradanfang	0	PASS_V76_83_ACTION_RIGHT_CONTEXTS__60_NOMINAL_15_ACTION_8_EOS__7_FINISHED_STATE_FIRSTS__3_LOCAL_READS_4_OPEN__C013_C014_ADDED__ZERO_WORD_DELTA
f83v	f83v.12	3	qoeeo	zweites Mazerat	zweites Mazerat	1	1	NOMINAL_BLOCK	NOT_ACTION_LICENSED	0	NONE	NONE	NONE	NONE	NONE	NONE	zweites Mazerat	0	V68_WORDS_FROZEN__RELATION_METADATA_ONLY	NONE	NONE	NONE	NONE	NONE	zweites Mazerat	0	V69_TOKEN_GLOSS_BYTE_IDENTICAL__SEPARATE_WINDOW_METADATA	0	NONE	NONE	NOT_IN_ACTION_SURFACE_SCAN	zweites Mazerat	0	V70_TOKEN_GLOSS_BYTE_IDENTICAL__FRAME_REPLAY_METADATA_ONLY	NONE	NONE	NONE	NONE	zweites Mazerat	0	PASS_V72_YKA_II_III_SISTER_FRAME__5_CASES_2_REPLAY_1_NEW_B_EDGE_2_HELD__AIIN_UNBOUND__ZERO_WORD_DELTA	NONE	NONE	NONE	NONE	NONE	zweites Mazerat	0	PASS_V73_10_ANA_WINDOWS__1_EXACT_STATE_ONLY_2_WORKING_STATE_LIKE_2_DEICTIC__1_UNIQUE_CANDIDATE_1_NEW_B_EDGE__C011_OCCURRENCE_BOUND__ZERO_WORD_DELTA	NONE	NONE	NONE	NONE	NONE	NONE	zweites Mazerat	0	PASS_V74_11_EDGES__9_CONNECTED_COMPONENTS__23_EDGE_NODES_2_HULL_ONLY_1_STRUCTURAL__ZERO_EDGE_WORD_DELTA	NONE	NONE	NONE	NONE	NONE	NONE	NONE	NONE	NONE	NONE	zweites Mazerat	0	PASS_V75_11_TARGET_RIGHT_CONTEXTS__7_NOMINAL_3_ACTION_1_EOS__1_EXACT_WRITTEN_RESULT__2X2_DEFAULTS_REJECTED__C012_OCCURRENCE_BOUND__ZERO_WORD_DELTA	NONE	NONE	NONE	NONE	NONE	NONE	NONE	NONE	NONE	NONE	NONE	zweites Mazerat	0	PASS_V76_83_ACTION_RIGHT_CONTEXTS__60_NOMINAL_15_ACTION_8_EOS__7_FINISHED_STATE_FIRSTS__3_LOCAL_READS_4_OPEN__C013_C014_ADDED__ZERO_WORD_DELTA
f83v	f83v.12	4	lldar	Anteil I der Holzdroge abmessen	Anteil I der Holzdroge abmessen	1	2	ACTION_CLAUSE	GDT689_V62_ACTION_ORDINAL	1	NONE	NONE	NONE	NONE	NONE	NONE	Anteil I der Holzdroge abmessen	0	V68_WORDS_FROZEN__RELATION_METADATA_ONLY	NONE	NONE	NONE	NONE	NONE	Anteil I der Holzdroge abmessen	0	V69_TOKEN_GLOSS_BYTE_IDENTICAL__SEPARATE_WINDOW_METADATA	0	NONE	NONE	NOT_IN_ACTION_SURFACE_SCAN	Anteil I der Holzdroge abmessen	0	V70_TOKEN_GLOSS_BYTE_IDENTICAL__FRAME_REPLAY_METADATA_ONLY	NONE	NONE	NONE	NONE	Anteil I der Holzdroge abmessen	0	PASS_V72_YKA_II_III_SISTER_FRAME__5_CASES_2_REPLAY_1_NEW_B_EDGE_2_HELD__AIIN_UNBOUND__ZERO_WORD_DELTA	NONE	NONE	NONE	NONE	NONE	Anteil I der Holzdroge abmessen	0	PASS_V73_10_ANA_WINDOWS__1_EXACT_STATE_ONLY_2_WORKING_STATE_LIKE_2_DEICTIC__1_UNIQUE_CANDIDATE_1_NEW_B_EDGE__C011_OCCURRENCE_BOUND__ZERO_WORD_DELTA	NONE	NONE	NONE	NONE	NONE	NONE	Anteil I der Holzdroge abmessen	0	PASS_V74_11_EDGES__9_CONNECTED_COMPONENTS__23_EDGE_NODES_2_HULL_ONLY_1_STRUCTURAL__ZERO_EDGE_WORD_DELTA	NONE	NONE	NONE	NONE	NONE	NONE	NONE	NONE	NONE	NONE	Anteil I der Holzdroge abmessen	0	PASS_V75_11_TARGET_RIGHT_CONTEXTS__7_NOMINAL_3_ACTION_1_EOS__1_EXACT_WRITTEN_RESULT__2X2_DEFAULTS_REJECTED__C012_OCCURRENCE_BOUND__ZERO_WORD_DELTA	A064	ACTION_CLAUSE:A064	NONE	NONE	NONE	NONE	NONE	NONE	NONE	NONE	NONE	Anteil I der Holzdroge abmessen	0	PASS_V76_83_ACTION_RIGHT_CONTEXTS__60_NOMINAL_15_ACTION_8_EOS__7_FINISHED_STATE_FIRSTS__3_LOCAL_READS_4_OPEN__C013_C014_ADDED__ZERO_WORD_DELTA
f83v	f83v.12	5	cheey	trocken am Ende des Grades	trocken am Ende des Grades	1	3	NOMINAL_BLOCK	NOT_ACTION_LICENSED	0	NONE	NONE	NONE	NONE	NONE	NONE	trocken am Ende des Grades	0	V68_WORDS_FROZEN__RELATION_METADATA_ONLY	NONE	NONE	NONE	NONE	NONE	trocken am Ende des Grades	0	V69_TOKEN_GLOSS_BYTE_IDENTICAL__SEPARATE_WINDOW_METADATA	0	NONE	NONE	NOT_IN_ACTION_SURFACE_SCAN	trocken am Ende des Grades	0	V70_TOKEN_GLOSS_BYTE_IDENTICAL__FRAME_REPLAY_METADATA_ONLY	NONE	NONE	NONE	NONE	trocken am Ende des Grades	0	PASS_V72_YKA_II_III_SISTER_FRAME__5_CASES_2_REPLAY_1_NEW_B_EDGE_2_HELD__AIIN_UNBOUND__ZERO_WORD_DELTA	NONE	NONE	NONE	NONE	NONE	trocken am Ende des Grades	0	PASS_V73_10_ANA_WINDOWS__1_EXACT_STATE_ONLY_2_WORKING_STATE_LIKE_2_DEICTIC__1_UNIQUE_CANDIDATE_1_NEW_B_EDGE__C011_OCCURRENCE_BOUND__ZERO_WORD_DELTA	NONE	NONE	NONE	NONE	NONE	NONE	trocken am Ende des Grades	0	PASS_V74_11_EDGES__9_CONNECTED_COMPONENTS__23_EDGE_NODES_2_HULL_ONLY_1_STRUCTURAL__ZERO_EDGE_WORD_DELTA	NONE	NONE	NONE	NONE	NONE	NONE	NONE	NONE	NONE	NONE	trocken am Ende des Grades	0	PASS_V75_11_TARGET_RIGHT_CONTEXTS__7_NOMINAL_3_ACTION_1_EOS__1_EXACT_WRITTEN_RESULT__2X2_DEFAULTS_REJECTED__C012_OCCURRENCE_BOUND__ZERO_WORD_DELTA	A064	FIRST_RIGHT_ITEM:A064	NONE	NONE	NONE	NONE	NONE	NONE	NONE	NONE	NONE	trocken am Ende des Grades	0	PASS_V76_83_ACTION_RIGHT_CONTEXTS__60_NOMINAL_15_ACTION_8_EOS__7_FINISHED_STATE_FIRSTS__3_LOCAL_READS_4_OPEN__C013_C014_ADDED__ZERO_WORD_DELTA
f83v	f83v.12	6	qoal	Rohstoffklasse I	Rohstoffklasse I	1	3	NOMINAL_BLOCK	NOT_ACTION_LICENSED	0	NONE	NONE	NONE	NONE	NONE	NONE	Rohstoffklasse I	0	V68_WORDS_FROZEN__RELATION_METADATA_ONLY	NONE	NONE	NONE	NONE	NONE	Rohstoffklasse I	0	V69_TOKEN_GLOSS_BYTE_IDENTICAL__SEPARATE_WINDOW_METADATA	0	NONE	NONE	NOT_IN_ACTION_SURFACE_SCAN	Rohstoffklasse I	0	V70_TOKEN_GLOSS_BYTE_IDENTICAL__FRAME_REPLAY_METADATA_ONLY	NONE	NONE	NONE	NONE	Rohstoffklasse I	0	PASS_V72_YKA_II_III_SISTER_FRAME__5_CASES_2_REPLAY_1_NEW_B_EDGE_2_HELD__AIIN_UNBOUND__ZERO_WORD_DELTA	NONE	NONE	NONE	NONE	NONE	Rohstoffklasse I	0	PASS_V73_10_ANA_WINDOWS__1_EXACT_STATE_ONLY_2_WORKING_STATE_LIKE_2_DEICTIC__1_UNIQUE_CANDIDATE_1_NEW_B_EDGE__C011_OCCURRENCE_BOUND__ZERO_WORD_DELTA	NONE	NONE	NONE	NONE	NONE	NONE	Rohstoffklasse I	0	PASS_V74_11_EDGES__9_CONNECTED_COMPONENTS__23_EDGE_NODES_2_HULL_ONLY_1_STRUCTURAL__ZERO_EDGE_WORD_DELTA	NONE	NONE	NONE	NONE	NONE	NONE	NONE	NONE	NONE	NONE	Rohstoffklasse I	0	PASS_V75_11_TARGET_RIGHT_CONTEXTS__7_NOMINAL_3_ACTION_1_EOS__1_EXACT_WRITTEN_RESULT__2X2_DEFAULTS_REJECTED__C012_OCCURRENCE_BOUND__ZERO_WORD_DELTA	NONE	NONE	NONE	NONE	NONE	NONE	NONE	NONE	NONE	NONE	NONE	Rohstoffklasse I	0	PASS_V76_83_ACTION_RIGHT_CONTEXTS__60_NOMINAL_15_ACTION_8_EOS__7_FINISHED_STATE_FIRSTS__3_LOCAL_READS_4_OPEN__C013_C014_ADDED__ZERO_WORD_DELTA
f83v	f83v.12	7	qokeedy	heiß am Ende des Grades	heiß am Ende des Grades	1	3	NOMINAL_BLOCK	NOT_ACTION_LICENSED	0	NONE	NONE	NONE	NONE	NONE	NONE	heiß am Ende des Grades	0	V68_WORDS_FROZEN__RELATION_METADATA_ONLY	NONE	NONE	NONE	NONE	NONE	heiß am Ende des Grades	0	V69_TOKEN_GLOSS_BYTE_IDENTICAL__SEPARATE_WINDOW_METADATA	0	NONE	NONE	NOT_IN_ACTION_SURFACE_SCAN	heiß am Ende des Grades	0	V70_TOKEN_GLOSS_BYTE_IDENTICAL__FRAME_REPLAY_METADATA_ONLY	NONE	NONE	NONE	NONE	heiß am Ende des Grades	0	PASS_V72_YKA_II_III_SISTER_FRAME__5_CASES_2_REPLAY_1_NEW_B_EDGE_2_HELD__AIIN_UNBOUND__ZERO_WORD_DELTA	NONE	NONE	NONE	NONE	NONE	heiß am Ende des Grades	0	PASS_V73_10_ANA_WINDOWS__1_EXACT_STATE_ONLY_2_WORKING_STATE_LIKE_2_DEICTIC__1_UNIQUE_CANDIDATE_1_NEW_B_EDGE__C011_OCCURRENCE_BOUND__ZERO_WORD_DELTA	NONE	NONE	NONE	NONE	NONE	NONE	heiß am Ende des Grades	0	PASS_V74_11_EDGES__9_CONNECTED_COMPONENTS__23_EDGE_NODES_2_HULL_ONLY_1_STRUCTURAL__ZERO_EDGE_WORD_DELTA	NONE	NONE	NONE	NONE	NONE	NONE	NONE	NONE	NONE	NONE	heiß am Ende des Grades	0	PASS_V75_11_TARGET_RIGHT_CONTEXTS__7_NOMINAL_3_ACTION_1_EOS__1_EXACT_WRITTEN_RESULT__2X2_DEFAULTS_REJECTED__C012_OCCURRENCE_BOUND__ZERO_WORD_DELTA	NONE	NONE	NONE	NONE	NONE	NONE	NONE	NONE	NONE	NONE	NONE	heiß am Ende des Grades	0	PASS_V76_83_ACTION_RIGHT_CONTEXTS__60_NOMINAL_15_ACTION_8_EOS__7_FINISHED_STATE_FIRSTS__3_LOCAL_READS_4_OPEN__C013_C014_ADDED__ZERO_WORD_DELTA
f83v	f83v.12	8	olkar	Anteil I des heißen Holzansatzes	Anteil I des heißen Holzansatzes	1	3	NOMINAL_BLOCK	NOT_ACTION_LICENSED	0	NONE	NONE	NONE	NONE	NONE	NONE	Anteil I des heißen Holzansatzes	0	V68_WORDS_FROZEN__RELATION_METADATA_ONLY	NONE	NONE	NONE	NONE	NONE	Anteil I des heißen Holzansatzes	0	V69_TOKEN_GLOSS_BYTE_IDENTICAL__SEPARATE_WINDOW_METADATA	0	NONE	NONE	NOT_IN_ACTION_SURFACE_SCAN	Anteil I des heißen Holzansatzes	0	V70_TOKEN_GLOSS_BYTE_IDENTICAL__FRAME_REPLAY_METADATA_ONLY	NONE	NONE	NONE	NONE	Anteil I des heißen Holzansatzes	0	PASS_V72_YKA_II_III_SISTER_FRAME__5_CASES_2_REPLAY_1_NEW_B_EDGE_2_HELD__AIIN_UNBOUND__ZERO_WORD_DELTA	NONE	NONE	NONE	NONE	NONE	Anteil I des heißen Holzansatzes	0	PASS_V73_10_ANA_WINDOWS__1_EXACT_STATE_ONLY_2_WORKING_STATE_LIKE_2_DEICTIC__1_UNIQUE_CANDIDATE_1_NEW_B_EDGE__C011_OCCURRENCE_BOUND__ZERO_WORD_DELTA	NONE	NONE	NONE	NONE	NONE	NONE	Anteil I des heißen Holzansatzes	0	PASS_V74_11_EDGES__9_CONNECTED_COMPONENTS__23_EDGE_NODES_2_HULL_ONLY_1_STRUCTURAL__ZERO_EDGE_WORD_DELTA	NONE	NONE	NONE	NONE	NONE	NONE	NONE	NONE	NONE	NONE	Anteil I des heißen Holzansatzes	0	PASS_V75_11_TARGET_RIGHT_CONTEXTS__7_NOMINAL_3_ACTION_1_EOS__1_EXACT_WRITTEN_RESULT__2X2_DEFAULTS_REJECTED__C012_OCCURRENCE_BOUND__ZERO_WORD_DELTA	NONE	NONE	NONE	NONE	NONE	NONE	NONE	NONE	NONE	NONE	NONE	Anteil I des heißen Holzansatzes	0	PASS_V76_83_ACTION_RIGHT_CONTEXTS__60_NOMINAL_15_ACTION_8_EOS__7_FINISHED_STATE_FIRSTS__3_LOCAL_READS_4_OPEN__C013_C014_ADDED__ZERO_WORD_DELTA
f83v	f83v.12	9	sheedy	feucht am Ende des Grades	feucht am Ende des Grades	1	3	NOMINAL_BLOCK	NOT_ACTION_LICENSED	0	NONE	NONE	NONE	NONE	NONE	NONE	feucht am Ende des Grades	0	V68_WORDS_FROZEN__RELATION_METADATA_ONLY	NONE	NONE	NONE	NONE	NONE	feucht am Ende des Grades	0	V69_TOKEN_GLOSS_BYTE_IDENTICAL__SEPARATE_WINDOW_METADATA	0	NONE	NONE	NOT_IN_ACTION_SURFACE_SCAN	feucht am Ende des Grades	0	V70_TOKEN_GLOSS_BYTE_IDENTICAL__FRAME_REPLAY_METADATA_ONLY	NONE	NONE	NONE	NONE	feucht am Ende des Grades	0	PASS_V72_YKA_II_III_SISTER_FRAME__5_CASES_2_REPLAY_1_NEW_B_EDGE_2_HELD__AIIN_UNBOUND__ZERO_WORD_DELTA	NONE	NONE	NONE	NONE	NONE	feucht am Ende des Grades	0	PASS_V73_10_ANA_WINDOWS__1_EXACT_STATE_ONLY_2_WORKING_STATE_LIKE_2_DEICTIC__1_UNIQUE_CANDIDATE_1_NEW_B_EDGE__C011_OCCURRENCE_BOUND__ZERO_WORD_DELTA	NONE	NONE	NONE	NONE	NONE	NONE	feucht am Ende des Grades	0	PASS_V74_11_EDGES__9_CONNECTED_COMPONENTS__23_EDGE_NODES_2_HULL_ONLY_1_STRUCTURAL__ZERO_EDGE_WORD_DELTA	NONE	NONE	NONE	NONE	NONE	NONE	NONE	NONE	NONE	NONE	feucht am Ende des Grades	0	PASS_V75_11_TARGET_RIGHT_CONTEXTS__7_NOMINAL_3_ACTION_1_EOS__1_EXACT_WRITTEN_RESULT__2X2_DEFAULTS_REJECTED__C012_OCCURRENCE_BOUND__ZERO_WORD_DELTA	NONE	NONE	NONE	NONE	NONE	NONE	NONE	NONE	NONE	NONE	NONE	feucht am Ende des Grades	0	PASS_V76_83_ACTION_RIGHT_CONTEXTS__60_NOMINAL_15_ACTION_8_EOS__7_FINISHED_STATE_FIRSTS__3_LOCAL_READS_4_OPEN__C013_C014_ADDED__ZERO_WORD_DELTA
f83v	f83v.12	10	qokain	heiß, Grad II	heiß, Grad II	1	3	NOMINAL_BLOCK	NOT_ACTION_LICENSED	0	NONE	NONE	NONE	NONE	NONE	NONE	heiß, Grad II	0	V68_WORDS_FROZEN__RELATION_METADATA_ONLY	NONE	NONE	NONE	NONE	NONE	heiß, Grad II	0	V69_TOKEN_GLOSS_BYTE_IDENTICAL__SEPARATE_WINDOW_METADATA	0	NONE	NONE	NOT_IN_ACTION_SURFACE_SCAN	heiß, Grad II	0	V70_TOKEN_GLOSS_BYTE_IDENTICAL__FRAME_REPLAY_METADATA_ONLY	NONE	NONE	NONE	NONE	heiß, Grad II	0	PASS_V72_YKA_II_III_SISTER_FRAME__5_CASES_2_REPLAY_1_NEW_B_EDGE_2_HELD__AIIN_UNBOUND__ZERO_WORD_DELTA	NONE	NONE	NONE	NONE	NONE	heiß, Grad II	0	PASS_V73_10_ANA_WINDOWS__1_EXACT_STATE_ONLY_2_WORKING_STATE_LIKE_2_DEICTIC__1_UNIQUE_CANDIDATE_1_NEW_B_EDGE__C011_OCCURRENCE_BOUND__ZERO_WORD_DELTA	NONE	NONE	NONE	NONE	NONE	NONE	heiß, Grad II	0	PASS_V74_11_EDGES__9_CONNECTED_COMPONENTS__23_EDGE_NODES_2_HULL_ONLY_1_STRUCTURAL__ZERO_EDGE_WORD_DELTA	NONE	NONE	NONE	NONE	NONE	NONE	NONE	NONE	NONE	NONE	heiß, Grad II	0	PASS_V75_11_TARGET_RIGHT_CONTEXTS__7_NOMINAL_3_ACTION_1_EOS__1_EXACT_WRITTEN_RESULT__2X2_DEFAULTS_REJECTED__C012_OCCURRENCE_BOUND__ZERO_WORD_DELTA	NONE	NONE	NONE	NONE	NONE	NONE	NONE	NONE	NONE	NONE	NONE	heiß, Grad II	0	PASS_V76_83_ACTION_RIGHT_CONTEXTS__60_NOMINAL_15_ACTION_8_EOS__7_FINISHED_STATE_FIRSTS__3_LOCAL_READS_4_OPEN__C013_C014_ADDED__ZERO_WORD_DELTA
f83v	f83v.12	11	olal	Ansatz aus Holzrohstoff, Form I	Ansatz aus Holzrohstoff, Form I	1	3	NOMINAL_BLOCK	NOT_ACTION_LICENSED	0	NONE	NONE	NONE	NONE	NONE	NONE	Ansatz aus Holzrohstoff, Form I	0	V68_WORDS_FROZEN__RELATION_METADATA_ONLY	NONE	NONE	NONE	NONE	NONE	Ansatz aus Holzrohstoff, Form I	0	V69_TOKEN_GLOSS_BYTE_IDENTICAL__SEPARATE_WINDOW_METADATA	0	NONE	NONE	NOT_IN_ACTION_SURFACE_SCAN	Ansatz aus Holzrohstoff, Form I	0	V70_TOKEN_GLOSS_BYTE_IDENTICAL__FRAME_REPLAY_METADATA_ONLY	NONE	NONE	NONE	NONE	Ansatz aus Holzrohstoff, Form I	0	PASS_V72_YKA_II_III_SISTER_FRAME__5_CASES_2_REPLAY_1_NEW_B_EDGE_2_HELD__AIIN_UNBOUND__ZERO_WORD_DELTA	NONE	NONE	NONE	NONE	NONE	Ansatz aus Holzrohstoff, Form I	0	PASS_V73_10_ANA_WINDOWS__1_EXACT_STATE_ONLY_2_WORKING_STATE_LIKE_2_DEICTIC__1_UNIQUE_CANDIDATE_1_NEW_B_EDGE__C011_OCCURRENCE_BOUND__ZERO_WORD_DELTA	NONE	NONE	NONE	NONE	NONE	NONE	Ansatz aus Holzrohstoff, Form I	0	PASS_V74_11_EDGES__9_CONNECTED_COMPONENTS__23_EDGE_NODES_2_HULL_ONLY_1_STRUCTURAL__ZERO_EDGE_WORD_DELTA	NONE	NONE	NONE	NONE	NONE	NONE	NONE	NONE	NONE	NONE	Ansatz aus Holzrohstoff, Form I	0	PASS_V75_11_TARGET_RIGHT_CONTEXTS__7_NOMINAL_3_ACTION_1_EOS__1_EXACT_WRITTEN_RESULT__2X2_DEFAULTS_REJECTED__C012_OCCURRENCE_BOUND__ZERO_WORD_DELTA	NONE	NONE	NONE	NONE	NONE	NONE	NONE	NONE	NONE	NONE	NONE	Ansatz aus Holzrohstoff, Form I	0	PASS_V76_83_ACTION_RIGHT_CONTEXTS__60_NOMINAL_15_ACTION_8_EOS__7_FINISHED_STATE_FIRSTS__3_LOCAL_READS_4_OPEN__C013_C014_ADDED__ZERO_WORD_DELTA
f85r2	f85r2.5	1	ockhdar	abgemessener Anteil I der Arzneizubereitung	abgemessener Anteil I der Arzneizubereitung	1	1	NOMINAL_BLOCK	NOT_ACTION_LICENSED	0	NONE	NONE	NONE	NONE	NONE	NONE	abgemessener Anteil I der Arzneizubereitung	0	V68_WORDS_FROZEN__RELATION_METADATA_ONLY	NONE	NONE	NONE	NONE	NONE	abgemessener Anteil I der Arzneizubereitung	0	V69_TOKEN_GLOSS_BYTE_IDENTICAL__SEPARATE_WINDOW_METADATA	0	NONE	NONE	NOT_IN_ACTION_SURFACE_SCAN	abgemessener Anteil I der Arzneizubereitung	0	V70_TOKEN_GLOSS_BYTE_IDENTICAL__FRAME_REPLAY_METADATA_ONLY	NONE	NONE	NONE	NONE	abgemessener Anteil I der Arzneizubereitung	0	PASS_V72_YKA_II_III_SISTER_FRAME__5_CASES_2_REPLAY_1_NEW_B_EDGE_2_HELD__AIIN_UNBOUND__ZERO_WORD_DELTA	NONE	NONE	NONE	NONE	NONE	abgemessener Anteil I der Arzneizubereitung	0	PASS_V73_10_ANA_WINDOWS__1_EXACT_STATE_ONLY_2_WORKING_STATE_LIKE_2_DEICTIC__1_UNIQUE_CANDIDATE_1_NEW_B_EDGE__C011_OCCURRENCE_BOUND__ZERO_WORD_DELTA	NONE	NONE	NONE	NONE	NONE	NONE	abgemessener Anteil I der Arzneizubereitung	0	PASS_V74_11_EDGES__9_CONNECTED_COMPONENTS__23_EDGE_NODES_2_HULL_ONLY_1_STRUCTURAL__ZERO_EDGE_WORD_DELTA	NONE	NONE	NONE	NONE	NONE	NONE	NONE	NONE	NONE	NONE	abgemessener Anteil I der Arzneizubereitung	0	PASS_V75_11_TARGET_RIGHT_CONTEXTS__7_NOMINAL_3_ACTION_1_EOS__1_EXACT_WRITTEN_RESULT__2X2_DEFAULTS_REJECTED__C012_OCCURRENCE_BOUND__ZERO_WORD_DELTA	NONE	NONE	NONE	NONE	NONE	NONE	NONE	NONE	NONE	NONE	NONE	abgemessener Anteil I der Arzneizubereitung	0	PASS_V76_83_ACTION_RIGHT_CONTEXTS__60_NOMINAL_15_ACTION_8_EOS__7_FINISHED_STATE_FIRSTS__3_LOCAL_READS_4_OPEN__C013_C014_ADDED__ZERO_WORD_DELTA
f85r2	f85r2.5	2	olkar	Anteil I des heißen Holzansatzes	Anteil I des heißen Holzansatzes	1	1	NOMINAL_BLOCK	NOT_ACTION_LICENSED	0	NONE	NONE	NONE	NONE	NONE	NONE	Anteil I des heißen Holzansatzes	0	V68_WORDS_FROZEN__RELATION_METADATA_ONLY	NONE	NONE	NONE	NONE	NONE	Anteil I des heißen Holzansatzes	0	V69_TOKEN_GLOSS_BYTE_IDENTICAL__SEPARATE_WINDOW_METADATA	0	NONE	NONE	NOT_IN_ACTION_SURFACE_SCAN	Anteil I des heißen Holzansatzes	0	V70_TOKEN_GLOSS_BYTE_IDENTICAL__FRAME_REPLAY_METADATA_ONLY	NONE	NONE	NONE	NONE	Anteil I des heißen Holzansatzes	0	PASS_V72_YKA_II_III_SISTER_FRAME__5_CASES_2_REPLAY_1_NEW_B_EDGE_2_HELD__AIIN_UNBOUND__ZERO_WORD_DELTA	NONE	NONE	NONE	NONE	NONE	Anteil I des heißen Holzansatzes	0	PASS_V73_10_ANA_WINDOWS__1_EXACT_STATE_ONLY_2_WORKING_STATE_LIKE_2_DEICTIC__1_UNIQUE_CANDIDATE_1_NEW_B_EDGE__C011_OCCURRENCE_BOUND__ZERO_WORD_DELTA	NONE	NONE	NONE	NONE	NONE	NONE	Anteil I des heißen Holzansatzes	0	PASS_V74_11_EDGES__9_CONNECTED_COMPONENTS__23_EDGE_NODES_2_HULL_ONLY_1_STRUCTURAL__ZERO_EDGE_WORD_DELTA	NONE	NONE	NONE	NONE	NONE	NONE	NONE	NONE	NONE	NONE	Anteil I des heißen Holzansatzes	0	PASS_V75_11_TARGET_RIGHT_CONTEXTS__7_NOMINAL_3_ACTION_1_EOS__1_EXACT_WRITTEN_RESULT__2X2_DEFAULTS_REJECTED__C012_OCCURRENCE_BOUND__ZERO_WORD_DELTA	NONE	NONE	NONE	NONE	NONE	NONE	NONE	NONE	NONE	NONE	NONE	Anteil I des heißen Holzansatzes	0	PASS_V76_83_ACTION_RIGHT_CONTEXTS__60_NOMINAL_15_ACTION_8_EOS__7_FINISHED_STATE_FIRSTS__3_LOCAL_READS_4_OPEN__C013_C014_ADDED__ZERO_WORD_DELTA
f85r2	f85r2.5	3	shoral	Blütenrohdroge I	Blütenrohdroge I	1	1	NOMINAL_BLOCK	NOT_ACTION_LICENSED	0	NONE	NONE	NONE	NONE	NONE	NONE	Blütenrohdroge I	0	V68_WORDS_FROZEN__RELATION_METADATA_ONLY	NONE	NONE	NONE	NONE	NONE	Blütenrohdroge I	0	V69_TOKEN_GLOSS_BYTE_IDENTICAL__SEPARATE_WINDOW_METADATA	0	NONE	NONE	NOT_IN_ACTION_SURFACE_SCAN	Blütenrohdroge I	0	V70_TOKEN_GLOSS_BYTE_IDENTICAL__FRAME_REPLAY_METADATA_ONLY	NONE	NONE	NONE	NONE	Blütenrohdroge I	0	PASS_V72_YKA_II_III_SISTER_FRAME__5_CASES_2_REPLAY_1_NEW_B_EDGE_2_HELD__AIIN_UNBOUND__ZERO_WORD_DELTA	NONE	NONE	NONE	NONE	NONE	Blütenrohdroge I	0	PASS_V73_10_ANA_WINDOWS__1_EXACT_STATE_ONLY_2_WORKING_STATE_LIKE_2_DEICTIC__1_UNIQUE_CANDIDATE_1_NEW_B_EDGE__C011_OCCURRENCE_BOUND__ZERO_WORD_DELTA	NONE	NONE	NONE	NONE	NONE	NONE	Blütenrohdroge I	0	PASS_V74_11_EDGES__9_CONNECTED_COMPONENTS__23_EDGE_NODES_2_HULL_ONLY_1_STRUCTURAL__ZERO_EDGE_WORD_DELTA	NONE	NONE	NONE	NONE	NONE	NONE	NONE	NONE	NONE	NONE	Blütenrohdroge I	0	PASS_V75_11_TARGET_RIGHT_CONTEXTS__7_NOMINAL_3_ACTION_1_EOS__1_EXACT_WRITTEN_RESULT__2X2_DEFAULTS_REJECTED__C012_OCCURRENCE_BOUND__ZERO_WORD_DELTA	NONE	NONE	NONE	NONE	NONE	NONE	NONE	NONE	NONE	NONE	NONE	Blütenrohdroge I	0	PASS_V76_83_ACTION_RIGHT_CONTEXTS__60_NOMINAL_15_ACTION_8_EOS__7_FINISHED_STATE_FIRSTS__3_LOCAL_READS_4_OPEN__C013_C014_ADDED__ZERO_WORD_DELTA
f86v3	f86v3.13	1	osheey	vollständig eingeweichtes Mazerat	vollständig eingeweichtes Mazerat	1	1	NOMINAL_BLOCK	NOT_ACTION_LICENSED	0	NONE	NONE	NONE	NONE	NONE	NONE	vollständig eingeweichtes Mazerat	0	V68_WORDS_FROZEN__RELATION_METADATA_ONLY	NONE	NONE	NONE	NONE	NONE	vollständig eingeweichtes Mazerat	0	V69_TOKEN_GLOSS_BYTE_IDENTICAL__SEPARATE_WINDOW_METADATA	0	NONE	NONE	NOT_IN_ACTION_SURFACE_SCAN	vollständig eingeweichtes Mazerat	0	V70_TOKEN_GLOSS_BYTE_IDENTICAL__FRAME_REPLAY_METADATA_ONLY	NONE	NONE	NONE	NONE	vollständig eingeweichtes Mazerat	0	PASS_V72_YKA_II_III_SISTER_FRAME__5_CASES_2_REPLAY_1_NEW_B_EDGE_2_HELD__AIIN_UNBOUND__ZERO_WORD_DELTA	NONE	NONE	NONE	NONE	NONE	vollständig eingeweichtes Mazerat	0	PASS_V73_10_ANA_WINDOWS__1_EXACT_STATE_ONLY_2_WORKING_STATE_LIKE_2_DEICTIC__1_UNIQUE_CANDIDATE_1_NEW_B_EDGE__C011_OCCURRENCE_BOUND__ZERO_WORD_DELTA	NONE	NONE	NONE	NONE	NONE	NONE	vollständig eingeweichtes Mazerat	0	PASS_V74_11_EDGES__9_CONNECTED_COMPONENTS__23_EDGE_NODES_2_HULL_ONLY_1_STRUCTURAL__ZERO_EDGE_WORD_DELTA	NONE	NONE	NONE	NONE	NONE	NONE	NONE	NONE	NONE	NONE	vollständig eingeweichtes Mazerat	0	PASS_V75_11_TARGET_RIGHT_CONTEXTS__7_NOMINAL_3_ACTION_1_EOS__1_EXACT_WRITTEN_RESULT__2X2_DEFAULTS_REJECTED__C012_OCCURRENCE_BOUND__ZERO_WORD_DELTA	NONE	NONE	NONE	NONE	NONE	NONE	NONE	NONE	NONE	NONE	NONE	vollständig eingeweichtes Mazerat	0	PASS_V76_83_ACTION_RIGHT_CONTEXTS__60_NOMINAL_15_ACTION_8_EOS__7_FINISHED_STATE_FIRSTS__3_LOCAL_READS_4_OPEN__C013_C014_ADDED__ZERO_WORD_DELTA
f86v3	f86v3.13	2	orsheey	eine Portion vollständig eingeweichte Droge	eine Portion vollständig eingeweichte Droge	1	1	NOMINAL_BLOCK	NOT_ACTION_LICENSED	0	NONE	NONE	NONE	NONE	NONE	P010	eine Portion vollständig eingeweichte Droge	0	V68_WORDS_FROZEN__RELATION_METADATA_ONLY	NONE	NONE	NONE	NONE	NONE	eine Portion vollständig eingeweichte Droge	0	V69_TOKEN_GLOSS_BYTE_IDENTICAL__SEPARATE_WINDOW_METADATA	0	NONE	NONE	NOT_IN_ACTION_SURFACE_SCAN	eine Portion vollständig eingeweichte Droge	0	V70_TOKEN_GLOSS_BYTE_IDENTICAL__FRAME_REPLAY_METADATA_ONLY	NONE	NONE	NONE	NONE	eine Portion vollständig eingeweichte Droge	0	PASS_V72_YKA_II_III_SISTER_FRAME__5_CASES_2_REPLAY_1_NEW_B_EDGE_2_HELD__AIIN_UNBOUND__ZERO_WORD_DELTA	NONE	NONE	NONE	NONE	NONE	eine Portion vollständig eingeweichte Droge	0	PASS_V73_10_ANA_WINDOWS__1_EXACT_STATE_ONLY_2_WORKING_STATE_LIKE_2_DEICTIC__1_UNIQUE_CANDIDATE_1_NEW_B_EDGE__C011_OCCURRENCE_BOUND__ZERO_WORD_DELTA	NONE	NONE	NONE	NONE	NONE	NONE	eine Portion vollständig eingeweichte Droge	0	PASS_V74_11_EDGES__9_CONNECTED_COMPONENTS__23_EDGE_NODES_2_HULL_ONLY_1_STRUCTURAL__ZERO_EDGE_WORD_DELTA	NONE	NONE	NONE	NONE	NONE	NONE	NONE	NONE	NONE	NONE	eine Portion vollständig eingeweichte Droge	0	PASS_V75_11_TARGET_RIGHT_CONTEXTS__7_NOMINAL_3_ACTION_1_EOS__1_EXACT_WRITTEN_RESULT__2X2_DEFAULTS_REJECTED__C012_OCCURRENCE_BOUND__ZERO_WORD_DELTA	NONE	NONE	NONE	NONE	NONE	NONE	NONE	NONE	NONE	NONE	NONE	eine Portion vollständig eingeweichte Droge	0	PASS_V76_83_ACTION_RIGHT_CONTEXTS__60_NOMINAL_15_ACTION_8_EOS__7_FINISHED_STATE_FIRSTS__3_LOCAL_READS_4_OPEN__C013_C014_ADDED__ZERO_WORD_DELTA
f86v3	f86v3.13	3	tcheody	abkühlen, bis zur Mittelstufe trocknen und ansetzen	abkühlen, bis zur Mittelstufe trocknen und ansetzen	1	2	ACTION_CLAUSE	GDT689_V62_ACTION_ORDINAL	3	NONE	NONE	NONE	NONE	NONE	P010	abkühlen, bis zur Mittelstufe trocknen und ansetzen	0	V68_WORDS_FROZEN__RELATION_METADATA_ONLY	NONE	NONE	NONE	NONE	NONE	abkühlen, bis zur Mittelstufe trocknen und ansetzen	0	V69_TOKEN_GLOSS_BYTE_IDENTICAL__SEPARATE_WINDOW_METADATA	0	NONE	NONE	NOT_IN_ACTION_SURFACE_SCAN	abkühlen, bis zur Mittelstufe trocknen und ansetzen	0	V70_TOKEN_GLOSS_BYTE_IDENTICAL__FRAME_REPLAY_METADATA_ONLY	NONE	NONE	NONE	NONE	abkühlen, bis zur Mittelstufe trocknen und ansetzen	0	PASS_V72_YKA_II_III_SISTER_FRAME__5_CASES_2_REPLAY_1_NEW_B_EDGE_2_HELD__AIIN_UNBOUND__ZERO_WORD_DELTA	NONE	NONE	NONE	NONE	NONE	abkühlen, bis zur Mittelstufe trocknen und ansetzen	0	PASS_V73_10_ANA_WINDOWS__1_EXACT_STATE_ONLY_2_WORKING_STATE_LIKE_2_DEICTIC__1_UNIQUE_CANDIDATE_1_NEW_B_EDGE__C011_OCCURRENCE_BOUND__ZERO_WORD_DELTA	NONE	NONE	NONE	NONE	NONE	NONE	abkühlen, bis zur Mittelstufe trocknen und ansetzen	0	PASS_V74_11_EDGES__9_CONNECTED_COMPONENTS__23_EDGE_NODES_2_HULL_ONLY_1_STRUCTURAL__ZERO_EDGE_WORD_DELTA	NONE	NONE	NONE	NONE	NONE	NONE	NONE	NONE	NONE	NONE	abkühlen, bis zur Mittelstufe trocknen und ansetzen	0	PASS_V75_11_TARGET_RIGHT_CONTEXTS__7_NOMINAL_3_ACTION_1_EOS__1_EXACT_WRITTEN_RESULT__2X2_DEFAULTS_REJECTED__C012_OCCURRENCE_BOUND__ZERO_WORD_DELTA	A065	ACTION_CLAUSE:A065	NONE	NONE	NONE	NONE	NONE	NONE	NONE	NONE	NONE	abkühlen, bis zur Mittelstufe trocknen und ansetzen	0	PASS_V76_83_ACTION_RIGHT_CONTEXTS__60_NOMINAL_15_ACTION_8_EOS__7_FINISHED_STATE_FIRSTS__3_LOCAL_READS_4_OPEN__C013_C014_ADDED__ZERO_WORD_DELTA
f86v3	f86v3.13	4	qokain	heiß, Grad II	heiß, Grad II	1	3	NOMINAL_BLOCK	NOT_ACTION_LICENSED	0	NONE	NONE	NONE	NONE	NONE	NONE	heiß, Grad II	0	V68_WORDS_FROZEN__RELATION_METADATA_ONLY	NONE	NONE	NONE	NONE	NONE	heiß, Grad II	0	V69_TOKEN_GLOSS_BYTE_IDENTICAL__SEPARATE_WINDOW_METADATA	0	NONE	NONE	NOT_IN_ACTION_SURFACE_SCAN	heiß, Grad II	0	V70_TOKEN_GLOSS_BYTE_IDENTICAL__FRAME_REPLAY_METADATA_ONLY	NONE	NONE	NONE	NONE	heiß, Grad II	0	PASS_V72_YKA_II_III_SISTER_FRAME__5_CASES_2_REPLAY_1_NEW_B_EDGE_2_HELD__AIIN_UNBOUND__ZERO_WORD_DELTA	NONE	NONE	NONE	NONE	NONE	heiß, Grad II	0	PASS_V73_10_ANA_WINDOWS__1_EXACT_STATE_ONLY_2_WORKING_STATE_LIKE_2_DEICTIC__1_UNIQUE_CANDIDATE_1_NEW_B_EDGE__C011_OCCURRENCE_BOUND__ZERO_WORD_DELTA	NONE	NONE	NONE	NONE	NONE	NONE	heiß, Grad II	0	PASS_V74_11_EDGES__9_CONNECTED_COMPONENTS__23_EDGE_NODES_2_HULL_ONLY_1_STRUCTURAL__ZERO_EDGE_WORD_DELTA	NONE	NONE	NONE	NONE	NONE	NONE	NONE	NONE	NONE	NONE	heiß, Grad II	0	PASS_V75_11_TARGET_RIGHT_CONTEXTS__7_NOMINAL_3_ACTION_1_EOS__1_EXACT_WRITTEN_RESULT__2X2_DEFAULTS_REJECTED__C012_OCCURRENCE_BOUND__ZERO_WORD_DELTA	A065	FIRST_RIGHT_ITEM:A065	NONE	NONE	NONE	NONE	NONE	NONE	NONE	NONE	NONE	heiß, Grad II	0	PASS_V76_83_ACTION_RIGHT_CONTEXTS__60_NOMINAL_15_ACTION_8_EOS__7_FINISHED_STATE_FIRSTS__3_LOCAL_READS_4_OPEN__C013_C014_ADDED__ZERO_WORD_DELTA
f86v3	f86v3.13	5	qodaiin	drei Portionen des folgenden Anteils	drei Portionen des folgenden Anteils	1	3	NOMINAL_BLOCK	NOT_ACTION_LICENSED	0	NONE	NONE	NONE	NONE	NONE	NONE	drei Portionen des folgenden Anteils	0	V68_WORDS_FROZEN__RELATION_METADATA_ONLY	NONE	NONE	NONE	NONE	NONE	drei Portionen des folgenden Anteils	0	V69_TOKEN_GLOSS_BYTE_IDENTICAL__SEPARATE_WINDOW_METADATA	0	NONE	NONE	NOT_IN_ACTION_SURFACE_SCAN	drei Portionen des folgenden Anteils	0	V70_TOKEN_GLOSS_BYTE_IDENTICAL__FRAME_REPLAY_METADATA_ONLY	NONE	NONE	NONE	NONE	drei Portionen des folgenden Anteils	0	PASS_V72_YKA_II_III_SISTER_FRAME__5_CASES_2_REPLAY_1_NEW_B_EDGE_2_HELD__AIIN_UNBOUND__ZERO_WORD_DELTA	NONE	NONE	NONE	NONE	NONE	drei Portionen des folgenden Anteils	0	PASS_V73_10_ANA_WINDOWS__1_EXACT_STATE_ONLY_2_WORKING_STATE_LIKE_2_DEICTIC__1_UNIQUE_CANDIDATE_1_NEW_B_EDGE__C011_OCCURRENCE_BOUND__ZERO_WORD_DELTA	NONE	NONE	NONE	NONE	NONE	NONE	drei Portionen des folgenden Anteils	0	PASS_V74_11_EDGES__9_CONNECTED_COMPONENTS__23_EDGE_NODES_2_HULL_ONLY_1_STRUCTURAL__ZERO_EDGE_WORD_DELTA	NONE	NONE	NONE	NONE	NONE	NONE	NONE	NONE	NONE	NONE	drei Portionen des folgenden Anteils	0	PASS_V75_11_TARGET_RIGHT_CONTEXTS__7_NOMINAL_3_ACTION_1_EOS__1_EXACT_WRITTEN_RESULT__2X2_DEFAULTS_REJECTED__C012_OCCURRENCE_BOUND__ZERO_WORD_DELTA	NONE	NONE	NONE	NONE	NONE	NONE	NONE	NONE	NONE	NONE	NONE	drei Portionen des folgenden Anteils	0	PASS_V76_83_ACTION_RIGHT_CONTEXTS__60_NOMINAL_15_ACTION_8_EOS__7_FINISHED_STATE_FIRSTS__3_LOCAL_READS_4_OPEN__C013_C014_ADDED__ZERO_WORD_DELTA
f86v3	f86v3.13	6	olkar	Anteil I des heißen Holzansatzes	Anteil I des heißen Holzansatzes	1	3	NOMINAL_BLOCK	NOT_ACTION_LICENSED	0	NONE	NONE	NONE	NONE	NONE	NONE	Anteil I des heißen Holzansatzes	0	V68_WORDS_FROZEN__RELATION_METADATA_ONLY	NONE	NONE	NONE	NONE	NONE	Anteil I des heißen Holzansatzes	0	V69_TOKEN_GLOSS_BYTE_IDENTICAL__SEPARATE_WINDOW_METADATA	0	NONE	NONE	NOT_IN_ACTION_SURFACE_SCAN	Anteil I des heißen Holzansatzes	0	V70_TOKEN_GLOSS_BYTE_IDENTICAL__FRAME_REPLAY_METADATA_ONLY	NONE	NONE	NONE	NONE	Anteil I des heißen Holzansatzes	0	PASS_V72_YKA_II_III_SISTER_FRAME__5_CASES_2_REPLAY_1_NEW_B_EDGE_2_HELD__AIIN_UNBOUND__ZERO_WORD_DELTA	NONE	NONE	NONE	NONE	NONE	Anteil I des heißen Holzansatzes	0	PASS_V73_10_ANA_WINDOWS__1_EXACT_STATE_ONLY_2_WORKING_STATE_LIKE_2_DEICTIC__1_UNIQUE_CANDIDATE_1_NEW_B_EDGE__C011_OCCURRENCE_BOUND__ZERO_WORD_DELTA	NONE	NONE	NONE	NONE	NONE	NONE	Anteil I des heißen Holzansatzes	0	PASS_V74_11_EDGES__9_CONNECTED_COMPONENTS__23_EDGE_NODES_2_HULL_ONLY_1_STRUCTURAL__ZERO_EDGE_WORD_DELTA	NONE	NONE	NONE	NONE	NONE	NONE	NONE	NONE	NONE	NONE	Anteil I des heißen Holzansatzes	0	PASS_V75_11_TARGET_RIGHT_CONTEXTS__7_NOMINAL_3_ACTION_1_EOS__1_EXACT_WRITTEN_RESULT__2X2_DEFAULTS_REJECTED__C012_OCCURRENCE_BOUND__ZERO_WORD_DELTA	NONE	NONE	NONE	NONE	NONE	NONE	NONE	NONE	NONE	NONE	NONE	Anteil I des heißen Holzansatzes	0	PASS_V76_83_ACTION_RIGHT_CONTEXTS__60_NOMINAL_15_ACTION_8_EOS__7_FINISHED_STATE_FIRSTS__3_LOCAL_READS_4_OPEN__C013_C014_ADDED__ZERO_WORD_DELTA
f86v3	f86v3.13	7	chedaiin	abgemessene Trockendroge, Dosis III	abgemessene Trockendroge, Dosis III	1	3	NOMINAL_BLOCK	NOT_ACTION_LICENSED	0	NONE	NONE	NONE	NONE	NONE	NONE	abgemessene Trockendroge, Dosis III	0	V68_WORDS_FROZEN__RELATION_METADATA_ONLY	NONE	NONE	NONE	NONE	NONE	abgemessene Trockendroge, Dosis III	0	V69_TOKEN_GLOSS_BYTE_IDENTICAL__SEPARATE_WINDOW_METADATA	0	NONE	NONE	NOT_IN_ACTION_SURFACE_SCAN	abgemessene Trockendroge, Dosis III	0	V70_TOKEN_GLOSS_BYTE_IDENTICAL__FRAME_REPLAY_METADATA_ONLY	NONE	NONE	NONE	NONE	abgemessene Trockendroge, Dosis III	0	PASS_V72_YKA_II_III_SISTER_FRAME__5_CASES_2_REPLAY_1_NEW_B_EDGE_2_HELD__AIIN_UNBOUND__ZERO_WORD_DELTA	NONE	NONE	NONE	NONE	NONE	abgemessene Trockendroge, Dosis III	0	PASS_V73_10_ANA_WINDOWS__1_EXACT_STATE_ONLY_2_WORKING_STATE_LIKE_2_DEICTIC__1_UNIQUE_CANDIDATE_1_NEW_B_EDGE__C011_OCCURRENCE_BOUND__ZERO_WORD_DELTA	NONE	NONE	NONE	NONE	NONE	NONE	abgemessene Trockendroge, Dosis III	0	PASS_V74_11_EDGES__9_CONNECTED_COMPONENTS__23_EDGE_NODES_2_HULL_ONLY_1_STRUCTURAL__ZERO_EDGE_WORD_DELTA	NONE	NONE	NONE	NONE	NONE	NONE	NONE	NONE	NONE	NONE	abgemessene Trockendroge, Dosis III	0	PASS_V75_11_TARGET_RIGHT_CONTEXTS__7_NOMINAL_3_ACTION_1_EOS__1_EXACT_WRITTEN_RESULT__2X2_DEFAULTS_REJECTED__C012_OCCURRENCE_BOUND__ZERO_WORD_DELTA	NONE	NONE	NONE	NONE	NONE	NONE	NONE	NONE	NONE	NONE	NONE	abgemessene Trockendroge, Dosis III	0	PASS_V76_83_ACTION_RIGHT_CONTEXTS__60_NOMINAL_15_ACTION_8_EOS__7_FINISHED_STATE_FIRSTS__3_LOCAL_READS_4_OPEN__C013_C014_ADDED__ZERO_WORD_DELTA
f86v3	f86v3.13	8	y	Hierzu:	Hierzu:	1	3	NOMINAL_BLOCK	NOT_ACTION_LICENSED	0	NONE	NONE	NONE	R019	NONE	NONE	Hierzu:	0	V68_WORDS_FROZEN__RELATION_METADATA_ONLY	NONE	NONE	NONE	NONE	NONE	Hierzu:	0	V69_TOKEN_GLOSS_BYTE_IDENTICAL__SEPARATE_WINDOW_METADATA	0	NONE	NONE	NOT_IN_ACTION_SURFACE_SCAN	Hierzu:	0	V70_TOKEN_GLOSS_BYTE_IDENTICAL__FRAME_REPLAY_METADATA_ONLY	NONE	NONE	NONE	NONE	Hierzu:	0	PASS_V72_YKA_II_III_SISTER_FRAME__5_CASES_2_REPLAY_1_NEW_B_EDGE_2_HELD__AIIN_UNBOUND__ZERO_WORD_DELTA	NONE	NONE	NONE	NONE	NONE	Hierzu:	0	PASS_V73_10_ANA_WINDOWS__1_EXACT_STATE_ONLY_2_WORKING_STATE_LIKE_2_DEICTIC__1_UNIQUE_CANDIDATE_1_NEW_B_EDGE__C011_OCCURRENCE_BOUND__ZERO_WORD_DELTA	NONE	NONE	NONE	NONE	NONE	NONE	Hierzu:	0	PASS_V74_11_EDGES__9_CONNECTED_COMPONENTS__23_EDGE_NODES_2_HULL_ONLY_1_STRUCTURAL__ZERO_EDGE_WORD_DELTA	NONE	NONE	NONE	NONE	NONE	NONE	NONE	NONE	NONE	NONE	Hierzu:	0	PASS_V75_11_TARGET_RIGHT_CONTEXTS__7_NOMINAL_3_ACTION_1_EOS__1_EXACT_WRITTEN_RESULT__2X2_DEFAULTS_REJECTED__C012_OCCURRENCE_BOUND__ZERO_WORD_DELTA	NONE	NONE	NONE	NONE	NONE	NONE	NONE	NONE	NONE	NONE	NONE	Hierzu:	0	PASS_V76_83_ACTION_RIGHT_CONTEXTS__60_NOMINAL_15_ACTION_8_EOS__7_FINISHED_STATE_FIRSTS__3_LOCAL_READS_4_OPEN__C013_C014_ADDED__ZERO_WORD_DELTA
f86v3	f86v3.13	9	chedy	mittlere Trockenstufe erreicht	mittlere Trockenstufe erreicht	1	3	NOMINAL_BLOCK	NOT_ACTION_LICENSED	0	NONE	NONE	NONE	NONE	NONE	NONE	mittlere Trockenstufe erreicht	0	V68_WORDS_FROZEN__RELATION_METADATA_ONLY	NONE	NONE	NONE	NONE	NONE	mittlere Trockenstufe erreicht	0	V69_TOKEN_GLOSS_BYTE_IDENTICAL__SEPARATE_WINDOW_METADATA	0	NONE	NONE	NOT_IN_ACTION_SURFACE_SCAN	mittlere Trockenstufe erreicht	0	V70_TOKEN_GLOSS_BYTE_IDENTICAL__FRAME_REPLAY_METADATA_ONLY	NONE	NONE	NONE	NONE	mittlere Trockenstufe erreicht	0	PASS_V72_YKA_II_III_SISTER_FRAME__5_CASES_2_REPLAY_1_NEW_B_EDGE_2_HELD__AIIN_UNBOUND__ZERO_WORD_DELTA	NONE	NONE	NONE	NONE	NONE	mittlere Trockenstufe erreicht	0	PASS_V73_10_ANA_WINDOWS__1_EXACT_STATE_ONLY_2_WORKING_STATE_LIKE_2_DEICTIC__1_UNIQUE_CANDIDATE_1_NEW_B_EDGE__C011_OCCURRENCE_BOUND__ZERO_WORD_DELTA	NONE	NONE	NONE	NONE	NONE	NONE	mittlere Trockenstufe erreicht	0	PASS_V74_11_EDGES__9_CONNECTED_COMPONENTS__23_EDGE_NODES_2_HULL_ONLY_1_STRUCTURAL__ZERO_EDGE_WORD_DELTA	NONE	NONE	NONE	NONE	NONE	NONE	NONE	NONE	NONE	NONE	mittlere Trockenstufe erreicht	0	PASS_V75_11_TARGET_RIGHT_CONTEXTS__7_NOMINAL_3_ACTION_1_EOS__1_EXACT_WRITTEN_RESULT__2X2_DEFAULTS_REJECTED__C012_OCCURRENCE_BOUND__ZERO_WORD_DELTA	NONE	NONE	NONE	NONE	NONE	NONE	NONE	NONE	NONE	NONE	NONE	mittlere Trockenstufe erreicht	0	PASS_V76_83_ACTION_RIGHT_CONTEXTS__60_NOMINAL_15_ACTION_8_EOS__7_FINISHED_STATE_FIRSTS__3_LOCAL_READS_4_OPEN__C013_C014_ADDED__ZERO_WORD_DELTA
f86v3	f86v3.13	10	qokady	einen gleichen Teil erhitzen	einen gleichen Teil erhitzen	1	4	ACTION_CLAUSE	GDT689_V62_ACTION_ORDINAL	1	NONE	NONE	NONE	NONE	NONE	NONE	einen gleichen Teil erhitzen	0	V68_WORDS_FROZEN__RELATION_METADATA_ONLY	NONE	NONE	NONE	NONE	NONE	einen gleichen Teil erhitzen	0	V69_TOKEN_GLOSS_BYTE_IDENTICAL__SEPARATE_WINDOW_METADATA	0	NONE	NONE	NOT_IN_ACTION_SURFACE_SCAN	einen gleichen Teil erhitzen	0	V70_TOKEN_GLOSS_BYTE_IDENTICAL__FRAME_REPLAY_METADATA_ONLY	NONE	NONE	NONE	NONE	einen gleichen Teil erhitzen	0	PASS_V72_YKA_II_III_SISTER_FRAME__5_CASES_2_REPLAY_1_NEW_B_EDGE_2_HELD__AIIN_UNBOUND__ZERO_WORD_DELTA	NONE	NONE	NONE	NONE	NONE	einen gleichen Teil erhitzen	0	PASS_V73_10_ANA_WINDOWS__1_EXACT_STATE_ONLY_2_WORKING_STATE_LIKE_2_DEICTIC__1_UNIQUE_CANDIDATE_1_NEW_B_EDGE__C011_OCCURRENCE_BOUND__ZERO_WORD_DELTA	NONE	NONE	NONE	NONE	NONE	NONE	einen gleichen Teil erhitzen	0	PASS_V74_11_EDGES__9_CONNECTED_COMPONENTS__23_EDGE_NODES_2_HULL_ONLY_1_STRUCTURAL__ZERO_EDGE_WORD_DELTA	NONE	NONE	NONE	NONE	NONE	NONE	NONE	NONE	NONE	NONE	einen gleichen Teil erhitzen	0	PASS_V75_11_TARGET_RIGHT_CONTEXTS__7_NOMINAL_3_ACTION_1_EOS__1_EXACT_WRITTEN_RESULT__2X2_DEFAULTS_REJECTED__C012_OCCURRENCE_BOUND__ZERO_WORD_DELTA	A066	ACTION_CLAUSE:A066	NONE	NONE	NONE	NONE	NONE	NONE	NONE	NONE	NONE	einen gleichen Teil erhitzen	0	PASS_V76_83_ACTION_RIGHT_CONTEXTS__60_NOMINAL_15_ACTION_8_EOS__7_FINISHED_STATE_FIRSTS__3_LOCAL_READS_4_OPEN__C013_C014_ADDED__ZERO_WORD_DELTA
f86v3	f86v3.13	11	cholkain	Trockengut, heiß auf Stufe II	Trockengut, heiß auf Stufe II	1	5	NOMINAL_BLOCK	NOT_ACTION_LICENSED	0	NONE	NONE	NONE	NONE	NONE	NONE	Trockengut, heiß auf Stufe II	0	V68_WORDS_FROZEN__RELATION_METADATA_ONLY	NONE	NONE	NONE	NONE	NONE	Trockengut, heiß auf Stufe II	0	V69_TOKEN_GLOSS_BYTE_IDENTICAL__SEPARATE_WINDOW_METADATA	0	NONE	NONE	NOT_IN_ACTION_SURFACE_SCAN	Trockengut, heiß auf Stufe II	0	V70_TOKEN_GLOSS_BYTE_IDENTICAL__FRAME_REPLAY_METADATA_ONLY	NONE	NONE	NONE	NONE	Trockengut, heiß auf Stufe II	0	PASS_V72_YKA_II_III_SISTER_FRAME__5_CASES_2_REPLAY_1_NEW_B_EDGE_2_HELD__AIIN_UNBOUND__ZERO_WORD_DELTA	NONE	NONE	NONE	NONE	NONE	Trockengut, heiß auf Stufe II	0	PASS_V73_10_ANA_WINDOWS__1_EXACT_STATE_ONLY_2_WORKING_STATE_LIKE_2_DEICTIC__1_UNIQUE_CANDIDATE_1_NEW_B_EDGE__C011_OCCURRENCE_BOUND__ZERO_WORD_DELTA	NONE	NONE	NONE	NONE	NONE	NONE	Trockengut, heiß auf Stufe II	0	PASS_V74_11_EDGES__9_CONNECTED_COMPONENTS__23_EDGE_NODES_2_HULL_ONLY_1_STRUCTURAL__ZERO_EDGE_WORD_DELTA	NONE	NONE	NONE	NONE	NONE	NONE	NONE	NONE	NONE	NONE	Trockengut, heiß auf Stufe II	0	PASS_V75_11_TARGET_RIGHT_CONTEXTS__7_NOMINAL_3_ACTION_1_EOS__1_EXACT_WRITTEN_RESULT__2X2_DEFAULTS_REJECTED__C012_OCCURRENCE_BOUND__ZERO_WORD_DELTA	A066	FIRST_RIGHT_ITEM:A066	NONE	NONE	NONE	NONE	NONE	NONE	NONE	NONE	NONE	Trockengut, heiß auf Stufe II	0	PASS_V76_83_ACTION_RIGHT_CONTEXTS__60_NOMINAL_15_ACTION_8_EOS__7_FINISHED_STATE_FIRSTS__3_LOCAL_READS_4_OPEN__C013_C014_ADDED__ZERO_WORD_DELTA
f86v3	f86v3.18	1	pchedaiin	drei Dosen bis Mittelstufe getrocknetes Pulver	drei Dosen bis Mittelstufe getrocknetes Pulver	1	1	NOMINAL_BLOCK	NOT_ACTION_LICENSED	0	NONE	NONE	NONE	NONE	NONE	NONE	drei Dosen bis Mittelstufe getrocknetes Pulver	0	V68_WORDS_FROZEN__RELATION_METADATA_ONLY	NONE	NONE	NONE	NONE	NONE	drei Dosen bis Mittelstufe getrocknetes Pulver	0	V69_TOKEN_GLOSS_BYTE_IDENTICAL__SEPARATE_WINDOW_METADATA	0	NONE	NONE	NOT_IN_ACTION_SURFACE_SCAN	drei Dosen bis Mittelstufe getrocknetes Pulver	0	V70_TOKEN_GLOSS_BYTE_IDENTICAL__FRAME_REPLAY_METADATA_ONLY	NONE	NONE	NONE	NONE	drei Dosen bis Mittelstufe getrocknetes Pulver	0	PASS_V72_YKA_II_III_SISTER_FRAME__5_CASES_2_REPLAY_1_NEW_B_EDGE_2_HELD__AIIN_UNBOUND__ZERO_WORD_DELTA	NONE	NONE	NONE	NONE	NONE	drei Dosen bis Mittelstufe getrocknetes Pulver	0	PASS_V73_10_ANA_WINDOWS__1_EXACT_STATE_ONLY_2_WORKING_STATE_LIKE_2_DEICTIC__1_UNIQUE_CANDIDATE_1_NEW_B_EDGE__C011_OCCURRENCE_BOUND__ZERO_WORD_DELTA	NONE	NONE	NONE	NONE	NONE	NONE	drei Dosen bis Mittelstufe getrocknetes Pulver	0	PASS_V74_11_EDGES__9_CONNECTED_COMPONENTS__23_EDGE_NODES_2_HULL_ONLY_1_STRUCTURAL__ZERO_EDGE_WORD_DELTA	NONE	NONE	NONE	NONE	NONE	NONE	NONE	NONE	NONE	NONE	drei Dosen bis Mittelstufe getrocknetes Pulver	0	PASS_V75_11_TARGET_RIGHT_CONTEXTS__7_NOMINAL_3_ACTION_1_EOS__1_EXACT_WRITTEN_RESULT__2X2_DEFAULTS_REJECTED__C012_OCCURRENCE_BOUND__ZERO_WORD_DELTA	NONE	NONE	NONE	NONE	NONE	NONE	NONE	NONE	NONE	NONE	NONE	drei Dosen bis Mittelstufe getrocknetes Pulver	0	PASS_V76_83_ACTION_RIGHT_CONTEXTS__60_NOMINAL_15_ACTION_8_EOS__7_FINISHED_STATE_FIRSTS__3_LOCAL_READS_4_OPEN__C013_C014_ADDED__ZERO_WORD_DELTA
f86v3	f86v3.18	2	dchedy	fertige abgemessene Trockenportion	fertige abgemessene Trockenportion	1	1	NOMINAL_BLOCK	NOT_ACTION_LICENSED	0	NONE	NONE	NONE	NONE	NONE	NONE	fertige abgemessene Trockenportion	0	V68_WORDS_FROZEN__RELATION_METADATA_ONLY	NONE	NONE	NONE	NONE	NONE	fertige abgemessene Trockenportion	0	V69_TOKEN_GLOSS_BYTE_IDENTICAL__SEPARATE_WINDOW_METADATA	0	NONE	NONE	NOT_IN_ACTION_SURFACE_SCAN	fertige abgemessene Trockenportion	0	V70_TOKEN_GLOSS_BYTE_IDENTICAL__FRAME_REPLAY_METADATA_ONLY	NONE	NONE	NONE	NONE	fertige abgemessene Trockenportion	0	PASS_V72_YKA_II_III_SISTER_FRAME__5_CASES_2_REPLAY_1_NEW_B_EDGE_2_HELD__AIIN_UNBOUND__ZERO_WORD_DELTA	NONE	NONE	NONE	NONE	NONE	fertige abgemessene Trockenportion	0	PASS_V73_10_ANA_WINDOWS__1_EXACT_STATE_ONLY_2_WORKING_STATE_LIKE_2_DEICTIC__1_UNIQUE_CANDIDATE_1_NEW_B_EDGE__C011_OCCURRENCE_BOUND__ZERO_WORD_DELTA	NONE	NONE	NONE	NONE	NONE	NONE	fertige abgemessene Trockenportion	0	PASS_V74_11_EDGES__9_CONNECTED_COMPONENTS__23_EDGE_NODES_2_HULL_ONLY_1_STRUCTURAL__ZERO_EDGE_WORD_DELTA	NONE	NONE	NONE	NONE	NONE	NONE	NONE	NONE	NONE	NONE	fertige abgemessene Trockenportion	0	PASS_V75_11_TARGET_RIGHT_CONTEXTS__7_NOMINAL_3_ACTION_1_EOS__1_EXACT_WRITTEN_RESULT__2X2_DEFAULTS_REJECTED__C012_OCCURRENCE_BOUND__ZERO_WORD_DELTA	NONE	NONE	NONE	NONE	NONE	NONE	NONE	NONE	NONE	NONE	NONE	fertige abgemessene Trockenportion	0	PASS_V76_83_ACTION_RIGHT_CONTEXTS__60_NOMINAL_15_ACTION_8_EOS__7_FINISHED_STATE_FIRSTS__3_LOCAL_READS_4_OPEN__C013_C014_ADDED__ZERO_WORD_DELTA
f86v3	f86v3.18	3	qokchdy	heiß-trockene Anfangsstufe erreicht	heiß-trockene Anfangsstufe erreicht	1	1	NOMINAL_BLOCK	NOT_ACTION_LICENSED	0	NONE	NONE	NONE	NONE	NONE	NONE	heiß-trockene Anfangsstufe erreicht	0	V68_WORDS_FROZEN__RELATION_METADATA_ONLY	NONE	NONE	NONE	NONE	NONE	heiß-trockene Anfangsstufe erreicht	0	V69_TOKEN_GLOSS_BYTE_IDENTICAL__SEPARATE_WINDOW_METADATA	0	NONE	NONE	NOT_IN_ACTION_SURFACE_SCAN	heiß-trockene Anfangsstufe erreicht	0	V70_TOKEN_GLOSS_BYTE_IDENTICAL__FRAME_REPLAY_METADATA_ONLY	NONE	NONE	NONE	NONE	heiß-trockene Anfangsstufe erreicht	0	PASS_V72_YKA_II_III_SISTER_FRAME__5_CASES_2_REPLAY_1_NEW_B_EDGE_2_HELD__AIIN_UNBOUND__ZERO_WORD_DELTA	NONE	NONE	NONE	NONE	NONE	heiß-trockene Anfangsstufe erreicht	0	PASS_V73_10_ANA_WINDOWS__1_EXACT_STATE_ONLY_2_WORKING_STATE_LIKE_2_DEICTIC__1_UNIQUE_CANDIDATE_1_NEW_B_EDGE__C011_OCCURRENCE_BOUND__ZERO_WORD_DELTA	NONE	NONE	NONE	NONE	NONE	NONE	heiß-trockene Anfangsstufe erreicht	0	PASS_V74_11_EDGES__9_CONNECTED_COMPONENTS__23_EDGE_NODES_2_HULL_ONLY_1_STRUCTURAL__ZERO_EDGE_WORD_DELTA	NONE	NONE	NONE	NONE	NONE	NONE	NONE	NONE	NONE	NONE	heiß-trockene Anfangsstufe erreicht	0	PASS_V75_11_TARGET_RIGHT_CONTEXTS__7_NOMINAL_3_ACTION_1_EOS__1_EXACT_WRITTEN_RESULT__2X2_DEFAULTS_REJECTED__C012_OCCURRENCE_BOUND__ZERO_WORD_DELTA	NONE	NONE	NONE	NONE	NONE	NONE	NONE	NONE	NONE	NONE	NONE	heiß-trockene Anfangsstufe erreicht	0	PASS_V76_83_ACTION_RIGHT_CONTEXTS__60_NOMINAL_15_ACTION_8_EOS__7_FINISHED_STATE_FIRSTS__3_LOCAL_READS_4_OPEN__C013_C014_ADDED__ZERO_WORD_DELTA
f86v3	f86v3.18	4	qopchol	nimm getrockneten Pulverstoff	nimm getrockneten Pulverstoff	1	2	ACTION_CLAUSE	GDT689_V62_ACTION_ORDINAL	1	NONE	NONE	NONE	NONE	NONE	NONE	nimm getrockneten Pulverstoff	0	V68_WORDS_FROZEN__RELATION_METADATA_ONLY	NONE	NONE	NONE	NONE	NONE	nimm getrockneten Pulverstoff	0	V69_TOKEN_GLOSS_BYTE_IDENTICAL__SEPARATE_WINDOW_METADATA	0	NONE	NONE	NOT_IN_ACTION_SURFACE_SCAN	nimm getrockneten Pulverstoff	0	V70_TOKEN_GLOSS_BYTE_IDENTICAL__FRAME_REPLAY_METADATA_ONLY	NONE	NONE	NONE	NONE	nimm getrockneten Pulverstoff	0	PASS_V72_YKA_II_III_SISTER_FRAME__5_CASES_2_REPLAY_1_NEW_B_EDGE_2_HELD__AIIN_UNBOUND__ZERO_WORD_DELTA	NONE	NONE	NONE	NONE	NONE	nimm getrockneten Pulverstoff	0	PASS_V73_10_ANA_WINDOWS__1_EXACT_STATE_ONLY_2_WORKING_STATE_LIKE_2_DEICTIC__1_UNIQUE_CANDIDATE_1_NEW_B_EDGE__C011_OCCURRENCE_BOUND__ZERO_WORD_DELTA	NONE	NONE	NONE	NONE	NONE	NONE	nimm getrockneten Pulverstoff	0	PASS_V74_11_EDGES__9_CONNECTED_COMPONENTS__23_EDGE_NODES_2_HULL_ONLY_1_STRUCTURAL__ZERO_EDGE_WORD_DELTA	NONE	NONE	NONE	NONE	NONE	NONE	NONE	NONE	NONE	NONE	nimm getrockneten Pulverstoff	0	PASS_V75_11_TARGET_RIGHT_CONTEXTS__7_NOMINAL_3_ACTION_1_EOS__1_EXACT_WRITTEN_RESULT__2X2_DEFAULTS_REJECTED__C012_OCCURRENCE_BOUND__ZERO_WORD_DELTA	A067	ACTION_CLAUSE:A067	NONE	NONE	NONE	NONE	NONE	NONE	NONE	NONE	NONE	nimm getrockneten Pulverstoff	0	PASS_V76_83_ACTION_RIGHT_CONTEXTS__60_NOMINAL_15_ACTION_8_EOS__7_FINISHED_STATE_FIRSTS__3_LOCAL_READS_4_OPEN__C013_C014_ADDED__ZERO_WORD_DELTA
f86v3	f86v3.18	5	shol	feucht	feucht	1	3	NOMINAL_BLOCK	NOT_ACTION_LICENSED	0	NONE	NONE	NONE	NONE	NONE	NONE	feucht	0	V68_WORDS_FROZEN__RELATION_METADATA_ONLY	NONE	NONE	NONE	NONE	NONE	feucht	0	V69_TOKEN_GLOSS_BYTE_IDENTICAL__SEPARATE_WINDOW_METADATA	0	NONE	NONE	NOT_IN_ACTION_SURFACE_SCAN	feucht	0	V70_TOKEN_GLOSS_BYTE_IDENTICAL__FRAME_REPLAY_METADATA_ONLY	NONE	NONE	NONE	NONE	feucht	0	PASS_V72_YKA_II_III_SISTER_FRAME__5_CASES_2_REPLAY_1_NEW_B_EDGE_2_HELD__AIIN_UNBOUND__ZERO_WORD_DELTA	NONE	NONE	NONE	NONE	NONE	feucht	0	PASS_V73_10_ANA_WINDOWS__1_EXACT_STATE_ONLY_2_WORKING_STATE_LIKE_2_DEICTIC__1_UNIQUE_CANDIDATE_1_NEW_B_EDGE__C011_OCCURRENCE_BOUND__ZERO_WORD_DELTA	NONE	NONE	NONE	NONE	NONE	NONE	feucht	0	PASS_V74_11_EDGES__9_CONNECTED_COMPONENTS__23_EDGE_NODES_2_HULL_ONLY_1_STRUCTURAL__ZERO_EDGE_WORD_DELTA	NONE	NONE	NONE	NONE	NONE	NONE	NONE	NONE	NONE	NONE	feucht	0	PASS_V75_11_TARGET_RIGHT_CONTEXTS__7_NOMINAL_3_ACTION_1_EOS__1_EXACT_WRITTEN_RESULT__2X2_DEFAULTS_REJECTED__C012_OCCURRENCE_BOUND__ZERO_WORD_DELTA	A067	FIRST_RIGHT_ITEM:A067	NONE	NONE	NONE	NONE	NONE	NONE	NONE	NONE	NONE	feucht	0	PASS_V76_83_ACTION_RIGHT_CONTEXTS__60_NOMINAL_15_ACTION_8_EOS__7_FINISHED_STATE_FIRSTS__3_LOCAL_READS_4_OPEN__C013_C014_ADDED__ZERO_WORD_DELTA
f86v3	f86v3.18	6	sheody	feucht angesetztes Mazerat auf Anfangsstufe, abgeschlossen	feucht angesetztes Mazerat auf Anfangsstufe, abgeschlossen	1	3	NOMINAL_BLOCK	NOT_ACTION_LICENSED	0	NONE	NONE	NONE	NONE	NONE	NONE	feucht angesetztes Mazerat auf Anfangsstufe, abgeschlossen	0	V68_WORDS_FROZEN__RELATION_METADATA_ONLY	NONE	NONE	NONE	NONE	NONE	feucht angesetztes Mazerat auf Anfangsstufe, abgeschlossen	0	V69_TOKEN_GLOSS_BYTE_IDENTICAL__SEPARATE_WINDOW_METADATA	0	NONE	NONE	NOT_IN_ACTION_SURFACE_SCAN	feucht angesetztes Mazerat auf Anfangsstufe, abgeschlossen	0	V70_TOKEN_GLOSS_BYTE_IDENTICAL__FRAME_REPLAY_METADATA_ONLY	NONE	NONE	NONE	NONE	feucht angesetztes Mazerat auf Anfangsstufe, abgeschlossen	0	PASS_V72_YKA_II_III_SISTER_FRAME__5_CASES_2_REPLAY_1_NEW_B_EDGE_2_HELD__AIIN_UNBOUND__ZERO_WORD_DELTA	NONE	NONE	NONE	NONE	NONE	feucht angesetztes Mazerat auf Anfangsstufe, abgeschlossen	0	PASS_V73_10_ANA_WINDOWS__1_EXACT_STATE_ONLY_2_WORKING_STATE_LIKE_2_DEICTIC__1_UNIQUE_CANDIDATE_1_NEW_B_EDGE__C011_OCCURRENCE_BOUND__ZERO_WORD_DELTA	NONE	NONE	NONE	NONE	NONE	NONE	feucht angesetztes Mazerat auf Anfangsstufe, abgeschlossen	0	PASS_V74_11_EDGES__9_CONNECTED_COMPONENTS__23_EDGE_NODES_2_HULL_ONLY_1_STRUCTURAL__ZERO_EDGE_WORD_DELTA	NONE	NONE	NONE	NONE	NONE	NONE	NONE	NONE	NONE	NONE	feucht angesetztes Mazerat auf Anfangsstufe, abgeschlossen	0	PASS_V75_11_TARGET_RIGHT_CONTEXTS__7_NOMINAL_3_ACTION_1_EOS__1_EXACT_WRITTEN_RESULT__2X2_DEFAULTS_REJECTED__C012_OCCURRENCE_BOUND__ZERO_WORD_DELTA	NONE	NONE	NONE	NONE	NONE	NONE	NONE	NONE	NONE	NONE	NONE	feucht angesetztes Mazerat auf Anfangsstufe, abgeschlossen	0	PASS_V76_83_ACTION_RIGHT_CONTEXTS__60_NOMINAL_15_ACTION_8_EOS__7_FINISHED_STATE_FIRSTS__3_LOCAL_READS_4_OPEN__C013_C014_ADDED__ZERO_WORD_DELTA
f86v3	f86v3.18	7	solkam	ein Maß erhitzter Samenzubereitung	ein Maß erhitzter Samenzubereitung	1	3	NOMINAL_BLOCK	NOT_ACTION_LICENSED	0	NONE	NONE	NONE	NONE	NONE	NONE	ein Maß erhitzter Samenzubereitung	0	V68_WORDS_FROZEN__RELATION_METADATA_ONLY	NONE	NONE	NONE	NONE	NONE	ein Maß erhitzter Samenzubereitung	0	V69_TOKEN_GLOSS_BYTE_IDENTICAL__SEPARATE_WINDOW_METADATA	0	NONE	NONE	NOT_IN_ACTION_SURFACE_SCAN	ein Maß erhitzter Samenzubereitung	0	V70_TOKEN_GLOSS_BYTE_IDENTICAL__FRAME_REPLAY_METADATA_ONLY	NONE	NONE	NONE	NONE	ein Maß erhitzter Samenzubereitung	0	PASS_V72_YKA_II_III_SISTER_FRAME__5_CASES_2_REPLAY_1_NEW_B_EDGE_2_HELD__AIIN_UNBOUND__ZERO_WORD_DELTA	NONE	NONE	NONE	NONE	NONE	ein Maß erhitzter Samenzubereitung	0	PASS_V73_10_ANA_WINDOWS__1_EXACT_STATE_ONLY_2_WORKING_STATE_LIKE_2_DEICTIC__1_UNIQUE_CANDIDATE_1_NEW_B_EDGE__C011_OCCURRENCE_BOUND__ZERO_WORD_DELTA	NONE	NONE	NONE	NONE	NONE	NONE	ein Maß erhitzter Samenzubereitung	0	PASS_V74_11_EDGES__9_CONNECTED_COMPONENTS__23_EDGE_NODES_2_HULL_ONLY_1_STRUCTURAL__ZERO_EDGE_WORD_DELTA	NONE	NONE	NONE	NONE	NONE	NONE	NONE	NONE	NONE	NONE	ein Maß erhitzter Samenzubereitung	0	PASS_V75_11_TARGET_RIGHT_CONTEXTS__7_NOMINAL_3_ACTION_1_EOS__1_EXACT_WRITTEN_RESULT__2X2_DEFAULTS_REJECTED__C012_OCCURRENCE_BOUND__ZERO_WORD_DELTA	NONE	NONE	NONE	NONE	NONE	NONE	NONE	NONE	NONE	NONE	NONE	ein Maß erhitzter Samenzubereitung	0	PASS_V76_83_ACTION_RIGHT_CONTEXTS__60_NOMINAL_15_ACTION_8_EOS__7_FINISHED_STATE_FIRSTS__3_LOCAL_READS_4_OPEN__C013_C014_ADDED__ZERO_WORD_DELTA
f86v3	f86v3.19	1	dchey	Eine abgemessene Portion bis zur Mittelstufe trocknen	Eine abgemessene Portion bis zur Mittelstufe trocknen	1	1	ACTION_CLAUSE	GDT689_V62_ACTION_ORDINAL	1	NONE	NONE	NONE	NONE	NONE	NONE	Eine abgemessene Portion bis zur Mittelstufe trocknen	0	V68_WORDS_FROZEN__RELATION_METADATA_ONLY	NONE	NONE	NONE	NONE	NONE	Eine abgemessene Portion bis zur Mittelstufe trocknen	0	V69_TOKEN_GLOSS_BYTE_IDENTICAL__SEPARATE_WINDOW_METADATA	0	NONE	NONE	NOT_IN_ACTION_SURFACE_SCAN	Eine abgemessene Portion bis zur Mittelstufe trocknen	0	V70_TOKEN_GLOSS_BYTE_IDENTICAL__FRAME_REPLAY_METADATA_ONLY	NONE	NONE	NONE	NONE	Eine abgemessene Portion bis zur Mittelstufe trocknen	0	PASS_V72_YKA_II_III_SISTER_FRAME__5_CASES_2_REPLAY_1_NEW_B_EDGE_2_HELD__AIIN_UNBOUND__ZERO_WORD_DELTA	V73A010	NONE	NONE	NONE	NONE	Eine abgemessene Portion bis zur Mittelstufe trocknen	0	PASS_V73_10_ANA_WINDOWS__1_EXACT_STATE_ONLY_2_WORKING_STATE_LIKE_2_DEICTIC__1_UNIQUE_CANDIDATE_1_NEW_B_EDGE__C011_OCCURRENCE_BOUND__ZERO_WORD_DELTA	NONE	NONE	NONE	NONE	NONE	NONE	Eine abgemessene Portion bis zur Mittelstufe trocknen	0	PASS_V74_11_EDGES__9_CONNECTED_COMPONENTS__23_EDGE_NODES_2_HULL_ONLY_1_STRUCTURAL__ZERO_EDGE_WORD_DELTA	NONE	NONE	NONE	NONE	NONE	NONE	NONE	NONE	NONE	NONE	Eine abgemessene Portion bis zur Mittelstufe trocknen	0	PASS_V75_11_TARGET_RIGHT_CONTEXTS__7_NOMINAL_3_ACTION_1_EOS__1_EXACT_WRITTEN_RESULT__2X2_DEFAULTS_REJECTED__C012_OCCURRENCE_BOUND__ZERO_WORD_DELTA	A068	ACTION_CLAUSE:A068	NONE	NONE	NONE	NONE	NONE	NONE	NONE	NONE	NONE	Eine abgemessene Portion bis zur Mittelstufe trocknen	0	PASS_V76_83_ACTION_RIGHT_CONTEXTS__60_NOMINAL_15_ACTION_8_EOS__7_FINISHED_STATE_FIRSTS__3_LOCAL_READS_4_OPEN__C013_C014_ADDED__ZERO_WORD_DELTA
f86v3	f86v3.19	2	otain	kalter Ansatz, Grad II	kalter Ansatz, Grad II	1	2	NOMINAL_BLOCK	NOT_ACTION_LICENSED	0	NONE	NONE	NONE	NONE	NONE	NONE	kalter Ansatz, Grad II	0	V68_WORDS_FROZEN__RELATION_METADATA_ONLY	NONE	NONE	NONE	NONE	NONE	kalter Ansatz, Grad II	0	V69_TOKEN_GLOSS_BYTE_IDENTICAL__SEPARATE_WINDOW_METADATA	0	NONE	NONE	NOT_IN_ACTION_SURFACE_SCAN	kalter Ansatz, Grad II	0	V70_TOKEN_GLOSS_BYTE_IDENTICAL__FRAME_REPLAY_METADATA_ONLY	NONE	NONE	NONE	NONE	kalter Ansatz, Grad II	0	PASS_V72_YKA_II_III_SISTER_FRAME__5_CASES_2_REPLAY_1_NEW_B_EDGE_2_HELD__AIIN_UNBOUND__ZERO_WORD_DELTA	V73A010	NONE	NONE	NONE	NONE	kalter Ansatz, Grad II	0	PASS_V73_10_ANA_WINDOWS__1_EXACT_STATE_ONLY_2_WORKING_STATE_LIKE_2_DEICTIC__1_UNIQUE_CANDIDATE_1_NEW_B_EDGE__C011_OCCURRENCE_BOUND__ZERO_WORD_DELTA	NONE	NONE	NONE	NONE	NONE	NONE	kalter Ansatz, Grad II	0	PASS_V74_11_EDGES__9_CONNECTED_COMPONENTS__23_EDGE_NODES_2_HULL_ONLY_1_STRUCTURAL__ZERO_EDGE_WORD_DELTA	NONE	NONE	NONE	NONE	NONE	NONE	NONE	NONE	NONE	NONE	kalter Ansatz, Grad II	0	PASS_V75_11_TARGET_RIGHT_CONTEXTS__7_NOMINAL_3_ACTION_1_EOS__1_EXACT_WRITTEN_RESULT__2X2_DEFAULTS_REJECTED__C012_OCCURRENCE_BOUND__ZERO_WORD_DELTA	A068	FIRST_RIGHT_ITEM:A068	NONE	NONE	NONE	NONE	NONE	NONE	NONE	NONE	NONE	kalter Ansatz, Grad II	0	PASS_V76_83_ACTION_RIGHT_CONTEXTS__60_NOMINAL_15_ACTION_8_EOS__7_FINISHED_STATE_FIRSTS__3_LOCAL_READS_4_OPEN__C013_C014_ADDED__ZERO_WORD_DELTA
f86v3	f86v3.19	3	olkechy	Holzansatz mäßig erhitzen, trocknen und abschließen	Holzansatz mäßig erhitzen, trocknen und abschließen	1	3	ACTION_CLAUSE	GDT689_V62_ACTION_ORDINAL	3	NONE	NONE	NONE	NONE	NONE	NONE	Holzansatz mäßig erhitzen, trocknen und abschließen	0	V68_WORDS_FROZEN__RELATION_METADATA_ONLY	NONE	NONE	NONE	NONE	NONE	Holzansatz mäßig erhitzen, trocknen und abschließen	0	V69_TOKEN_GLOSS_BYTE_IDENTICAL__SEPARATE_WINDOW_METADATA	0	NONE	NONE	NOT_IN_ACTION_SURFACE_SCAN	Holzansatz mäßig erhitzen, trocknen und abschließen	0	V70_TOKEN_GLOSS_BYTE_IDENTICAL__FRAME_REPLAY_METADATA_ONLY	NONE	NONE	NONE	NONE	Holzansatz mäßig erhitzen, trocknen und abschließen	0	PASS_V72_YKA_II_III_SISTER_FRAME__5_CASES_2_REPLAY_1_NEW_B_EDGE_2_HELD__AIIN_UNBOUND__ZERO_WORD_DELTA	V73A010	NONE	NONE	NONE	NONE	Holzansatz mäßig erhitzen, trocknen und abschließen	0	PASS_V73_10_ANA_WINDOWS__1_EXACT_STATE_ONLY_2_WORKING_STATE_LIKE_2_DEICTIC__1_UNIQUE_CANDIDATE_1_NEW_B_EDGE__C011_OCCURRENCE_BOUND__ZERO_WORD_DELTA	NONE	NONE	NONE	NONE	NONE	NONE	Holzansatz mäßig erhitzen, trocknen und abschließen	0	PASS_V74_11_EDGES__9_CONNECTED_COMPONENTS__23_EDGE_NODES_2_HULL_ONLY_1_STRUCTURAL__ZERO_EDGE_WORD_DELTA	NONE	NONE	NONE	NONE	NONE	NONE	NONE	NONE	NONE	NONE	Holzansatz mäßig erhitzen, trocknen und abschließen	0	PASS_V75_11_TARGET_RIGHT_CONTEXTS__7_NOMINAL_3_ACTION_1_EOS__1_EXACT_WRITTEN_RESULT__2X2_DEFAULTS_REJECTED__C012_OCCURRENCE_BOUND__ZERO_WORD_DELTA	A069	ACTION_CLAUSE:A069	NONE	NONE	NONE	NONE	NONE	NONE	NONE	NONE	NONE	Holzansatz mäßig erhitzen, trocknen und abschließen	0	PASS_V76_83_ACTION_RIGHT_CONTEXTS__60_NOMINAL_15_ACTION_8_EOS__7_FINISHED_STATE_FIRSTS__3_LOCAL_READS_4_OPEN__C013_C014_ADDED__ZERO_WORD_DELTA
f86v3	f86v3.19	4	qokam	nimm ein Maß und erhitze es	nimm ein Maß und erhitze es	1	4	ACTION_CLAUSE	GDT689_V62_ACTION_ORDINAL	2	NONE	NONE	NONE	NONE	NONE	NONE	nimm ein Maß und erhitze es	0	V68_WORDS_FROZEN__RELATION_METADATA_ONLY	NONE	NONE	NONE	NONE	NONE	nimm ein Maß und erhitze es	0	V69_TOKEN_GLOSS_BYTE_IDENTICAL__SEPARATE_WINDOW_METADATA	0	NONE	NONE	NOT_IN_ACTION_SURFACE_SCAN	nimm ein Maß und erhitze es	0	V70_TOKEN_GLOSS_BYTE_IDENTICAL__FRAME_REPLAY_METADATA_ONLY	NONE	NONE	NONE	NONE	nimm ein Maß und erhitze es	0	PASS_V72_YKA_II_III_SISTER_FRAME__5_CASES_2_REPLAY_1_NEW_B_EDGE_2_HELD__AIIN_UNBOUND__ZERO_WORD_DELTA	NONE	NONE	NONE	NONE	NONE	nimm ein Maß und erhitze es	0	PASS_V73_10_ANA_WINDOWS__1_EXACT_STATE_ONLY_2_WORKING_STATE_LIKE_2_DEICTIC__1_UNIQUE_CANDIDATE_1_NEW_B_EDGE__C011_OCCURRENCE_BOUND__ZERO_WORD_DELTA	NONE	NONE	NONE	NONE	NONE	NONE	nimm ein Maß und erhitze es	0	PASS_V74_11_EDGES__9_CONNECTED_COMPONENTS__23_EDGE_NODES_2_HULL_ONLY_1_STRUCTURAL__ZERO_EDGE_WORD_DELTA	NONE	NONE	NONE	NONE	NONE	NONE	NONE	NONE	NONE	NONE	nimm ein Maß und erhitze es	0	PASS_V75_11_TARGET_RIGHT_CONTEXTS__7_NOMINAL_3_ACTION_1_EOS__1_EXACT_WRITTEN_RESULT__2X2_DEFAULTS_REJECTED__C012_OCCURRENCE_BOUND__ZERO_WORD_DELTA	A069|A070	ACTION_CLAUSE:A070|FIRST_RIGHT_ITEM:A069	NONE	NONE	NONE	NONE	NONE	NONE	NONE	NONE	NONE	nimm ein Maß und erhitze es	0	PASS_V76_83_ACTION_RIGHT_CONTEXTS__60_NOMINAL_15_ACTION_8_EOS__7_FINISHED_STATE_FIRSTS__3_LOCAL_READS_4_OPEN__C013_C014_ADDED__ZERO_WORD_DELTA
f86v3	f86v3.19	5	chol	trocken	trocken	1	5	NOMINAL_BLOCK	NOT_ACTION_LICENSED	0	NONE	NONE	NONE	NONE	NONE	NONE	trocken	0	V68_WORDS_FROZEN__RELATION_METADATA_ONLY	NONE	NONE	NONE	NONE	NONE	trocken	0	V69_TOKEN_GLOSS_BYTE_IDENTICAL__SEPARATE_WINDOW_METADATA	0	NONE	NONE	NOT_IN_ACTION_SURFACE_SCAN	trocken	0	V70_TOKEN_GLOSS_BYTE_IDENTICAL__FRAME_REPLAY_METADATA_ONLY	NONE	NONE	NONE	NONE	trocken	0	PASS_V72_YKA_II_III_SISTER_FRAME__5_CASES_2_REPLAY_1_NEW_B_EDGE_2_HELD__AIIN_UNBOUND__ZERO_WORD_DELTA	NONE	NONE	NONE	NONE	NONE	trocken	0	PASS_V73_10_ANA_WINDOWS__1_EXACT_STATE_ONLY_2_WORKING_STATE_LIKE_2_DEICTIC__1_UNIQUE_CANDIDATE_1_NEW_B_EDGE__C011_OCCURRENCE_BOUND__ZERO_WORD_DELTA	NONE	NONE	NONE	NONE	NONE	NONE	trocken	0	PASS_V74_11_EDGES__9_CONNECTED_COMPONENTS__23_EDGE_NODES_2_HULL_ONLY_1_STRUCTURAL__ZERO_EDGE_WORD_DELTA	NONE	NONE	NONE	NONE	NONE	NONE	NONE	NONE	NONE	NONE	trocken	0	PASS_V75_11_TARGET_RIGHT_CONTEXTS__7_NOMINAL_3_ACTION_1_EOS__1_EXACT_WRITTEN_RESULT__2X2_DEFAULTS_REJECTED__C012_OCCURRENCE_BOUND__ZERO_WORD_DELTA	A070	FIRST_RIGHT_ITEM:A070	NONE	NONE	NONE	NONE	NONE	NONE	NONE	NONE	NONE	trocken	0	PASS_V76_83_ACTION_RIGHT_CONTEXTS__60_NOMINAL_15_ACTION_8_EOS__7_FINISHED_STATE_FIRSTS__3_LOCAL_READS_4_OPEN__C013_C014_ADDED__ZERO_WORD_DELTA
f86v3	f86v3.19	6	kchdy	heiß-trockene Anfangsstufe erreicht	heiß-trockene Anfangsstufe erreicht	1	5	NOMINAL_BLOCK	NOT_ACTION_LICENSED	0	NONE	NONE	NONE	NONE	NONE	NONE	heiß-trockene Anfangsstufe erreicht	0	V68_WORDS_FROZEN__RELATION_METADATA_ONLY	NONE	NONE	NONE	NONE	NONE	heiß-trockene Anfangsstufe erreicht	0	V69_TOKEN_GLOSS_BYTE_IDENTICAL__SEPARATE_WINDOW_METADATA	0	NONE	NONE	NOT_IN_ACTION_SURFACE_SCAN	heiß-trockene Anfangsstufe erreicht	0	V70_TOKEN_GLOSS_BYTE_IDENTICAL__FRAME_REPLAY_METADATA_ONLY	NONE	NONE	NONE	NONE	heiß-trockene Anfangsstufe erreicht	0	PASS_V72_YKA_II_III_SISTER_FRAME__5_CASES_2_REPLAY_1_NEW_B_EDGE_2_HELD__AIIN_UNBOUND__ZERO_WORD_DELTA	NONE	NONE	NONE	NONE	NONE	heiß-trockene Anfangsstufe erreicht	0	PASS_V73_10_ANA_WINDOWS__1_EXACT_STATE_ONLY_2_WORKING_STATE_LIKE_2_DEICTIC__1_UNIQUE_CANDIDATE_1_NEW_B_EDGE__C011_OCCURRENCE_BOUND__ZERO_WORD_DELTA	NONE	NONE	NONE	NONE	NONE	NONE	heiß-trockene Anfangsstufe erreicht	0	PASS_V74_11_EDGES__9_CONNECTED_COMPONENTS__23_EDGE_NODES_2_HULL_ONLY_1_STRUCTURAL__ZERO_EDGE_WORD_DELTA	NONE	NONE	NONE	NONE	NONE	NONE	NONE	NONE	NONE	NONE	heiß-trockene Anfangsstufe erreicht	0	PASS_V75_11_TARGET_RIGHT_CONTEXTS__7_NOMINAL_3_ACTION_1_EOS__1_EXACT_WRITTEN_RESULT__2X2_DEFAULTS_REJECTED__C012_OCCURRENCE_BOUND__ZERO_WORD_DELTA	NONE	NONE	NONE	NONE	NONE	NONE	NONE	NONE	NONE	NONE	NONE	heiß-trockene Anfangsstufe erreicht	0	PASS_V76_83_ACTION_RIGHT_CONTEXTS__60_NOMINAL_15_ACTION_8_EOS__7_FINISHED_STATE_FIRSTS__3_LOCAL_READS_4_OPEN__C013_C014_ADDED__ZERO_WORD_DELTA
f86v3	f86v3.19	7	chol	trocken	trocken	1	5	NOMINAL_BLOCK	NOT_ACTION_LICENSED	0	NONE	NONE	NONE	NONE	NONE	NONE	trocken	0	V68_WORDS_FROZEN__RELATION_METADATA_ONLY	NONE	NONE	NONE	NONE	NONE	trocken	0	V69_TOKEN_GLOSS_BYTE_IDENTICAL__SEPARATE_WINDOW_METADATA	0	NONE	NONE	NOT_IN_ACTION_SURFACE_SCAN	trocken	0	V70_TOKEN_GLOSS_BYTE_IDENTICAL__FRAME_REPLAY_METADATA_ONLY	NONE	NONE	NONE	NONE	trocken	0	PASS_V72_YKA_II_III_SISTER_FRAME__5_CASES_2_REPLAY_1_NEW_B_EDGE_2_HELD__AIIN_UNBOUND__ZERO_WORD_DELTA	NONE	NONE	NONE	NONE	NONE	trocken	0	PASS_V73_10_ANA_WINDOWS__1_EXACT_STATE_ONLY_2_WORKING_STATE_LIKE_2_DEICTIC__1_UNIQUE_CANDIDATE_1_NEW_B_EDGE__C011_OCCURRENCE_BOUND__ZERO_WORD_DELTA	NONE	NONE	NONE	NONE	NONE	NONE	trocken	0	PASS_V74_11_EDGES__9_CONNECTED_COMPONENTS__23_EDGE_NODES_2_HULL_ONLY_1_STRUCTURAL__ZERO_EDGE_WORD_DELTA	NONE	NONE	NONE	NONE	NONE	NONE	NONE	NONE	NONE	NONE	trocken	0	PASS_V75_11_TARGET_RIGHT_CONTEXTS__7_NOMINAL_3_ACTION_1_EOS__1_EXACT_WRITTEN_RESULT__2X2_DEFAULTS_REJECTED__C012_OCCURRENCE_BOUND__ZERO_WORD_DELTA	NONE	NONE	NONE	NONE	NONE	NONE	NONE	NONE	NONE	NONE	NONE	trocken	0	PASS_V76_83_ACTION_RIGHT_CONTEXTS__60_NOMINAL_15_ACTION_8_EOS__7_FINISHED_STATE_FIRSTS__3_LOCAL_READS_4_OPEN__C013_C014_ADDED__ZERO_WORD_DELTA
f86v3	f86v3.19	8	tchdy	kalt-trockene Anfangsstufe erreicht	kalt-trockene Anfangsstufe erreicht	1	5	NOMINAL_BLOCK	NOT_ACTION_LICENSED	0	NONE	NONE	NONE	NONE	NONE	NONE	kalt-trockene Anfangsstufe erreicht	0	V68_WORDS_FROZEN__RELATION_METADATA_ONLY	NONE	NONE	NONE	NONE	NONE	kalt-trockene Anfangsstufe erreicht	0	V69_TOKEN_GLOSS_BYTE_IDENTICAL__SEPARATE_WINDOW_METADATA	0	NONE	NONE	NOT_IN_ACTION_SURFACE_SCAN	kalt-trockene Anfangsstufe erreicht	0	V70_TOKEN_GLOSS_BYTE_IDENTICAL__FRAME_REPLAY_METADATA_ONLY	NONE	NONE	NONE	NONE	kalt-trockene Anfangsstufe erreicht	0	PASS_V72_YKA_II_III_SISTER_FRAME__5_CASES_2_REPLAY_1_NEW_B_EDGE_2_HELD__AIIN_UNBOUND__ZERO_WORD_DELTA	NONE	NONE	NONE	NONE	NONE	kalt-trockene Anfangsstufe erreicht	0	PASS_V73_10_ANA_WINDOWS__1_EXACT_STATE_ONLY_2_WORKING_STATE_LIKE_2_DEICTIC__1_UNIQUE_CANDIDATE_1_NEW_B_EDGE__C011_OCCURRENCE_BOUND__ZERO_WORD_DELTA	NONE	NONE	NONE	NONE	NONE	NONE	kalt-trockene Anfangsstufe erreicht	0	PASS_V74_11_EDGES__9_CONNECTED_COMPONENTS__23_EDGE_NODES_2_HULL_ONLY_1_STRUCTURAL__ZERO_EDGE_WORD_DELTA	NONE	NONE	NONE	NONE	NONE	NONE	NONE	NONE	NONE	NONE	kalt-trockene Anfangsstufe erreicht	0	PASS_V75_11_TARGET_RIGHT_CONTEXTS__7_NOMINAL_3_ACTION_1_EOS__1_EXACT_WRITTEN_RESULT__2X2_DEFAULTS_REJECTED__C012_OCCURRENCE_BOUND__ZERO_WORD_DELTA	NONE	NONE	NONE	NONE	NONE	NONE	NONE	NONE	NONE	NONE	NONE	kalt-trockene Anfangsstufe erreicht	0	PASS_V76_83_ACTION_RIGHT_CONTEXTS__60_NOMINAL_15_ACTION_8_EOS__7_FINISHED_STATE_FIRSTS__3_LOCAL_READS_4_OPEN__C013_C014_ADDED__ZERO_WORD_DELTA
f86v3	f86v3.19	9	dar	abgemessener Anteil I	abgemessener Anteil I	1	5	NOMINAL_BLOCK	NOT_ACTION_LICENSED	0	NONE	NONE	NONE	NONE	NONE	NONE	abgemessener Anteil I	0	V68_WORDS_FROZEN__RELATION_METADATA_ONLY	NONE	NONE	NONE	NONE	NONE	abgemessener Anteil I	0	V69_TOKEN_GLOSS_BYTE_IDENTICAL__SEPARATE_WINDOW_METADATA	0	NONE	NONE	NOT_IN_ACTION_SURFACE_SCAN	abgemessener Anteil I	0	V70_TOKEN_GLOSS_BYTE_IDENTICAL__FRAME_REPLAY_METADATA_ONLY	NONE	NONE	NONE	NONE	abgemessener Anteil I	0	PASS_V72_YKA_II_III_SISTER_FRAME__5_CASES_2_REPLAY_1_NEW_B_EDGE_2_HELD__AIIN_UNBOUND__ZERO_WORD_DELTA	NONE	NONE	NONE	NONE	NONE	abgemessener Anteil I	0	PASS_V73_10_ANA_WINDOWS__1_EXACT_STATE_ONLY_2_WORKING_STATE_LIKE_2_DEICTIC__1_UNIQUE_CANDIDATE_1_NEW_B_EDGE__C011_OCCURRENCE_BOUND__ZERO_WORD_DELTA	NONE	NONE	NONE	NONE	NONE	NONE	abgemessener Anteil I	0	PASS_V74_11_EDGES__9_CONNECTED_COMPONENTS__23_EDGE_NODES_2_HULL_ONLY_1_STRUCTURAL__ZERO_EDGE_WORD_DELTA	NONE	NONE	NONE	NONE	NONE	NONE	NONE	NONE	NONE	NONE	abgemessener Anteil I	0	PASS_V75_11_TARGET_RIGHT_CONTEXTS__7_NOMINAL_3_ACTION_1_EOS__1_EXACT_WRITTEN_RESULT__2X2_DEFAULTS_REJECTED__C012_OCCURRENCE_BOUND__ZERO_WORD_DELTA	NONE	NONE	NONE	NONE	NONE	NONE	NONE	NONE	NONE	NONE	NONE	abgemessener Anteil I	0	PASS_V76_83_ACTION_RIGHT_CONTEXTS__60_NOMINAL_15_ACTION_8_EOS__7_FINISHED_STATE_FIRSTS__3_LOCAL_READS_4_OPEN__C013_C014_ADDED__ZERO_WORD_DELTA
f86v3	f86v3.19	10	aiindy	drei fertig abgeteilte Teile	drei fertig abgeteilte Teile	1	5	NOMINAL_BLOCK	NOT_ACTION_LICENSED	0	NONE	NONE	NONE	NONE	NONE	NONE	drei fertig abgeteilte Teile	0	V68_WORDS_FROZEN__RELATION_METADATA_ONLY	NONE	NONE	NONE	NONE	NONE	drei fertig abgeteilte Teile	0	V69_TOKEN_GLOSS_BYTE_IDENTICAL__SEPARATE_WINDOW_METADATA	0	NONE	NONE	NOT_IN_ACTION_SURFACE_SCAN	drei fertig abgeteilte Teile	0	V70_TOKEN_GLOSS_BYTE_IDENTICAL__FRAME_REPLAY_METADATA_ONLY	NONE	NONE	NONE	NONE	drei fertig abgeteilte Teile	0	PASS_V72_YKA_II_III_SISTER_FRAME__5_CASES_2_REPLAY_1_NEW_B_EDGE_2_HELD__AIIN_UNBOUND__ZERO_WORD_DELTA	NONE	NONE	NONE	NONE	NONE	drei fertig abgeteilte Teile	0	PASS_V73_10_ANA_WINDOWS__1_EXACT_STATE_ONLY_2_WORKING_STATE_LIKE_2_DEICTIC__1_UNIQUE_CANDIDATE_1_NEW_B_EDGE__C011_OCCURRENCE_BOUND__ZERO_WORD_DELTA	NONE	NONE	NONE	NONE	NONE	NONE	drei fertig abgeteilte Teile	0	PASS_V74_11_EDGES__9_CONNECTED_COMPONENTS__23_EDGE_NODES_2_HULL_ONLY_1_STRUCTURAL__ZERO_EDGE_WORD_DELTA	NONE	NONE	NONE	NONE	NONE	NONE	NONE	NONE	NONE	NONE	drei fertig abgeteilte Teile	0	PASS_V75_11_TARGET_RIGHT_CONTEXTS__7_NOMINAL_3_ACTION_1_EOS__1_EXACT_WRITTEN_RESULT__2X2_DEFAULTS_REJECTED__C012_OCCURRENCE_BOUND__ZERO_WORD_DELTA	NONE	NONE	NONE	NONE	NONE	NONE	NONE	NONE	NONE	NONE	NONE	drei fertig abgeteilte Teile	0	PASS_V76_83_ACTION_RIGHT_CONTEXTS__60_NOMINAL_15_ACTION_8_EOS__7_FINISHED_STATE_FIRSTS__3_LOCAL_READS_4_OPEN__C013_C014_ADDED__ZERO_WORD_DELTA
f86v5	f86v5.2	1	losair	Anteil II des Holzpostens	Anteil II des Holzpostens	1	1	NOMINAL_BLOCK	NOT_ACTION_LICENSED	0	NONE	NONE	NONE	NONE	NONE	NONE	Anteil II des Holzpostens	0	V68_WORDS_FROZEN__RELATION_METADATA_ONLY	NONE	NONE	NONE	NONE	NONE	Anteil II des Holzpostens	0	V69_TOKEN_GLOSS_BYTE_IDENTICAL__SEPARATE_WINDOW_METADATA	0	NONE	NONE	NOT_IN_ACTION_SURFACE_SCAN	Anteil II des Holzpostens	0	V70_TOKEN_GLOSS_BYTE_IDENTICAL__FRAME_REPLAY_METADATA_ONLY	NONE	NONE	NONE	NONE	Anteil II des Holzpostens	0	PASS_V72_YKA_II_III_SISTER_FRAME__5_CASES_2_REPLAY_1_NEW_B_EDGE_2_HELD__AIIN_UNBOUND__ZERO_WORD_DELTA	NONE	NONE	NONE	NONE	NONE	Anteil II des Holzpostens	0	PASS_V73_10_ANA_WINDOWS__1_EXACT_STATE_ONLY_2_WORKING_STATE_LIKE_2_DEICTIC__1_UNIQUE_CANDIDATE_1_NEW_B_EDGE__C011_OCCURRENCE_BOUND__ZERO_WORD_DELTA	NONE	NONE	NONE	NONE	NONE	NONE	Anteil II des Holzpostens	0	PASS_V74_11_EDGES__9_CONNECTED_COMPONENTS__23_EDGE_NODES_2_HULL_ONLY_1_STRUCTURAL__ZERO_EDGE_WORD_DELTA	NONE	NONE	NONE	NONE	NONE	NONE	NONE	NONE	NONE	NONE	Anteil II des Holzpostens	0	PASS_V75_11_TARGET_RIGHT_CONTEXTS__7_NOMINAL_3_ACTION_1_EOS__1_EXACT_WRITTEN_RESULT__2X2_DEFAULTS_REJECTED__C012_OCCURRENCE_BOUND__ZERO_WORD_DELTA	NONE	NONE	NONE	NONE	NONE	NONE	NONE	NONE	NONE	NONE	NONE	Anteil II des Holzpostens	0	PASS_V76_83_ACTION_RIGHT_CONTEXTS__60_NOMINAL_15_ACTION_8_EOS__7_FINISHED_STATE_FIRSTS__3_LOCAL_READS_4_OPEN__C013_C014_ADDED__ZERO_WORD_DELTA
f86v5	f86v5.2	2	yteody	fertige kalte Zubereitung	fertige kalte Zubereitung	1	1	NOMINAL_BLOCK	NOT_ACTION_LICENSED	0	NONE	NONE	NONE	NONE	NONE	NONE	fertige kalte Zubereitung	0	V68_WORDS_FROZEN__RELATION_METADATA_ONLY	NONE	NONE	NONE	NONE	NONE	fertige kalte Zubereitung	0	V69_TOKEN_GLOSS_BYTE_IDENTICAL__SEPARATE_WINDOW_METADATA	0	NONE	NONE	NOT_IN_ACTION_SURFACE_SCAN	fertige kalte Zubereitung	0	V70_TOKEN_GLOSS_BYTE_IDENTICAL__FRAME_REPLAY_METADATA_ONLY	NONE	NONE	NONE	NONE	fertige kalte Zubereitung	0	PASS_V72_YKA_II_III_SISTER_FRAME__5_CASES_2_REPLAY_1_NEW_B_EDGE_2_HELD__AIIN_UNBOUND__ZERO_WORD_DELTA	NONE	NONE	NONE	NONE	NONE	fertige kalte Zubereitung	0	PASS_V73_10_ANA_WINDOWS__1_EXACT_STATE_ONLY_2_WORKING_STATE_LIKE_2_DEICTIC__1_UNIQUE_CANDIDATE_1_NEW_B_EDGE__C011_OCCURRENCE_BOUND__ZERO_WORD_DELTA	NONE	NONE	NONE	NONE	NONE	NONE	fertige kalte Zubereitung	0	PASS_V74_11_EDGES__9_CONNECTED_COMPONENTS__23_EDGE_NODES_2_HULL_ONLY_1_STRUCTURAL__ZERO_EDGE_WORD_DELTA	NONE	NONE	NONE	NONE	NONE	NONE	NONE	NONE	NONE	NONE	fertige kalte Zubereitung	0	PASS_V75_11_TARGET_RIGHT_CONTEXTS__7_NOMINAL_3_ACTION_1_EOS__1_EXACT_WRITTEN_RESULT__2X2_DEFAULTS_REJECTED__C012_OCCURRENCE_BOUND__ZERO_WORD_DELTA	NONE	NONE	NONE	NONE	NONE	NONE	NONE	NONE	NONE	NONE	NONE	fertige kalte Zubereitung	0	PASS_V76_83_ACTION_RIGHT_CONTEXTS__60_NOMINAL_15_ACTION_8_EOS__7_FINISHED_STATE_FIRSTS__3_LOCAL_READS_4_OPEN__C013_C014_ADDED__ZERO_WORD_DELTA
f86v5	f86v5.2	3	qokar	heißer Drogenanteil I	heißer Drogenanteil I	1	1	NOMINAL_BLOCK	NOT_ACTION_LICENSED	0	NONE	NONE	NONE	NONE	NONE	NONE	heißer Drogenanteil I	0	V68_WORDS_FROZEN__RELATION_METADATA_ONLY	NONE	NONE	NONE	NONE	NONE	heißer Drogenanteil I	0	V69_TOKEN_GLOSS_BYTE_IDENTICAL__SEPARATE_WINDOW_METADATA	0	NONE	NONE	NOT_IN_ACTION_SURFACE_SCAN	heißer Drogenanteil I	0	V70_TOKEN_GLOSS_BYTE_IDENTICAL__FRAME_REPLAY_METADATA_ONLY	NONE	NONE	NONE	NONE	heißer Drogenanteil I	0	PASS_V72_YKA_II_III_SISTER_FRAME__5_CASES_2_REPLAY_1_NEW_B_EDGE_2_HELD__AIIN_UNBOUND__ZERO_WORD_DELTA	NONE	NONE	NONE	NONE	NONE	heißer Drogenanteil I	0	PASS_V73_10_ANA_WINDOWS__1_EXACT_STATE_ONLY_2_WORKING_STATE_LIKE_2_DEICTIC__1_UNIQUE_CANDIDATE_1_NEW_B_EDGE__C011_OCCURRENCE_BOUND__ZERO_WORD_DELTA	NONE	NONE	NONE	NONE	NONE	NONE	heißer Drogenanteil I	0	PASS_V74_11_EDGES__9_CONNECTED_COMPONENTS__23_EDGE_NODES_2_HULL_ONLY_1_STRUCTURAL__ZERO_EDGE_WORD_DELTA	NONE	NONE	NONE	NONE	NONE	NONE	NONE	NONE	NONE	NONE	heißer Drogenanteil I	0	PASS_V75_11_TARGET_RIGHT_CONTEXTS__7_NOMINAL_3_ACTION_1_EOS__1_EXACT_WRITTEN_RESULT__2X2_DEFAULTS_REJECTED__C012_OCCURRENCE_BOUND__ZERO_WORD_DELTA	NONE	NONE	NONE	NONE	NONE	NONE	NONE	NONE	NONE	NONE	NONE	heißer Drogenanteil I	0	PASS_V76_83_ACTION_RIGHT_CONTEXTS__60_NOMINAL_15_ACTION_8_EOS__7_FINISHED_STATE_FIRSTS__3_LOCAL_READS_4_OPEN__C013_C014_ADDED__ZERO_WORD_DELTA
f86v5	f86v5.2	4	shy	feucht am Anfang des Grades	feucht am Anfang des Grades	1	1	NOMINAL_BLOCK	NOT_ACTION_LICENSED	0	NONE	NONE	NONE	NONE	NONE	NONE	feucht am Anfang des Grades	0	V68_WORDS_FROZEN__RELATION_METADATA_ONLY	NONE	NONE	NONE	NONE	NONE	feucht am Anfang des Grades	0	V69_TOKEN_GLOSS_BYTE_IDENTICAL__SEPARATE_WINDOW_METADATA	0	NONE	NONE	NOT_IN_ACTION_SURFACE_SCAN	feucht am Anfang des Grades	0	V70_TOKEN_GLOSS_BYTE_IDENTICAL__FRAME_REPLAY_METADATA_ONLY	NONE	NONE	NONE	NONE	feucht am Anfang des Grades	0	PASS_V72_YKA_II_III_SISTER_FRAME__5_CASES_2_REPLAY_1_NEW_B_EDGE_2_HELD__AIIN_UNBOUND__ZERO_WORD_DELTA	NONE	NONE	NONE	NONE	NONE	feucht am Anfang des Grades	0	PASS_V73_10_ANA_WINDOWS__1_EXACT_STATE_ONLY_2_WORKING_STATE_LIKE_2_DEICTIC__1_UNIQUE_CANDIDATE_1_NEW_B_EDGE__C011_OCCURRENCE_BOUND__ZERO_WORD_DELTA	NONE	NONE	NONE	NONE	NONE	NONE	feucht am Anfang des Grades	0	PASS_V74_11_EDGES__9_CONNECTED_COMPONENTS__23_EDGE_NODES_2_HULL_ONLY_1_STRUCTURAL__ZERO_EDGE_WORD_DELTA	NONE	NONE	NONE	NONE	NONE	NONE	NONE	NONE	NONE	NONE	feucht am Anfang des Grades	0	PASS_V75_11_TARGET_RIGHT_CONTEXTS__7_NOMINAL_3_ACTION_1_EOS__1_EXACT_WRITTEN_RESULT__2X2_DEFAULTS_REJECTED__C012_OCCURRENCE_BOUND__ZERO_WORD_DELTA	NONE	NONE	NONE	NONE	NONE	NONE	NONE	NONE	NONE	NONE	NONE	feucht am Anfang des Grades	0	PASS_V76_83_ACTION_RIGHT_CONTEXTS__60_NOMINAL_15_ACTION_8_EOS__7_FINISHED_STATE_FIRSTS__3_LOCAL_READS_4_OPEN__C013_C014_ADDED__ZERO_WORD_DELTA
f86v5	f86v5.2	5	qokar	heißer Drogenanteil I	heißer Drogenanteil I	1	1	NOMINAL_BLOCK	NOT_ACTION_LICENSED	0	NONE	NONE	NONE	NONE	NONE	NONE	heißer Drogenanteil I	0	V68_WORDS_FROZEN__RELATION_METADATA_ONLY	NONE	NONE	NONE	NONE	NONE	heißer Drogenanteil I	0	V69_TOKEN_GLOSS_BYTE_IDENTICAL__SEPARATE_WINDOW_METADATA	0	NONE	NONE	NOT_IN_ACTION_SURFACE_SCAN	heißer Drogenanteil I	0	V70_TOKEN_GLOSS_BYTE_IDENTICAL__FRAME_REPLAY_METADATA_ONLY	NONE	NONE	NONE	NONE	heißer Drogenanteil I	0	PASS_V72_YKA_II_III_SISTER_FRAME__5_CASES_2_REPLAY_1_NEW_B_EDGE_2_HELD__AIIN_UNBOUND__ZERO_WORD_DELTA	NONE	NONE	NONE	NONE	NONE	heißer Drogenanteil I	0	PASS_V73_10_ANA_WINDOWS__1_EXACT_STATE_ONLY_2_WORKING_STATE_LIKE_2_DEICTIC__1_UNIQUE_CANDIDATE_1_NEW_B_EDGE__C011_OCCURRENCE_BOUND__ZERO_WORD_DELTA	NONE	NONE	NONE	NONE	NONE	NONE	heißer Drogenanteil I	0	PASS_V74_11_EDGES__9_CONNECTED_COMPONENTS__23_EDGE_NODES_2_HULL_ONLY_1_STRUCTURAL__ZERO_EDGE_WORD_DELTA	NONE	NONE	NONE	NONE	NONE	NONE	NONE	NONE	NONE	NONE	heißer Drogenanteil I	0	PASS_V75_11_TARGET_RIGHT_CONTEXTS__7_NOMINAL_3_ACTION_1_EOS__1_EXACT_WRITTEN_RESULT__2X2_DEFAULTS_REJECTED__C012_OCCURRENCE_BOUND__ZERO_WORD_DELTA	NONE	NONE	NONE	NONE	NONE	NONE	NONE	NONE	NONE	NONE	NONE	heißer Drogenanteil I	0	PASS_V76_83_ACTION_RIGHT_CONTEXTS__60_NOMINAL_15_ACTION_8_EOS__7_FINISHED_STATE_FIRSTS__3_LOCAL_READS_4_OPEN__C013_C014_ADDED__ZERO_WORD_DELTA
f86v5	f86v5.2	6	shor	Blüte	Blüte	1	1	NOMINAL_BLOCK	NOT_ACTION_LICENSED	0	NONE	NONE	NONE	NONE	NONE	NONE	Blüte	0	V68_WORDS_FROZEN__RELATION_METADATA_ONLY	NONE	NONE	NONE	NONE	NONE	Blüte	0	V69_TOKEN_GLOSS_BYTE_IDENTICAL__SEPARATE_WINDOW_METADATA	0	NONE	NONE	NOT_IN_ACTION_SURFACE_SCAN	Blüte	0	V70_TOKEN_GLOSS_BYTE_IDENTICAL__FRAME_REPLAY_METADATA_ONLY	NONE	NONE	NONE	NONE	Blüte	0	PASS_V72_YKA_II_III_SISTER_FRAME__5_CASES_2_REPLAY_1_NEW_B_EDGE_2_HELD__AIIN_UNBOUND__ZERO_WORD_DELTA	NONE	NONE	NONE	NONE	NONE	Blüte	0	PASS_V73_10_ANA_WINDOWS__1_EXACT_STATE_ONLY_2_WORKING_STATE_LIKE_2_DEICTIC__1_UNIQUE_CANDIDATE_1_NEW_B_EDGE__C011_OCCURRENCE_BOUND__ZERO_WORD_DELTA	NONE	NONE	NONE	NONE	NONE	NONE	Blüte	0	PASS_V74_11_EDGES__9_CONNECTED_COMPONENTS__23_EDGE_NODES_2_HULL_ONLY_1_STRUCTURAL__ZERO_EDGE_WORD_DELTA	NONE	NONE	NONE	NONE	NONE	NONE	NONE	NONE	NONE	NONE	Blüte	0	PASS_V75_11_TARGET_RIGHT_CONTEXTS__7_NOMINAL_3_ACTION_1_EOS__1_EXACT_WRITTEN_RESULT__2X2_DEFAULTS_REJECTED__C012_OCCURRENCE_BOUND__ZERO_WORD_DELTA	NONE	NONE	NONE	NONE	NONE	NONE	NONE	NONE	NONE	NONE	NONE	Blüte	0	PASS_V76_83_ACTION_RIGHT_CONTEXTS__60_NOMINAL_15_ACTION_8_EOS__7_FINISHED_STATE_FIRSTS__3_LOCAL_READS_4_OPEN__C013_C014_ADDED__ZERO_WORD_DELTA
f86v5	f86v5.2	7	qopchol	nimm getrockneten Pulverstoff	nimm getrockneten Pulverstoff	1	2	ACTION_CLAUSE	GDT689_V62_ACTION_ORDINAL	1	NONE	NONE	NONE	NONE	NONE	H006	nimm getrockneten Pulverstoff	0	V68_WORDS_FROZEN__RELATION_METADATA_ONLY	NONE	NONE	NONE	NONE	NONE	nimm getrockneten Pulverstoff	0	V69_TOKEN_GLOSS_BYTE_IDENTICAL__SEPARATE_WINDOW_METADATA	0	NONE	NONE	NOT_IN_ACTION_SURFACE_SCAN	nimm getrockneten Pulverstoff	0	V70_TOKEN_GLOSS_BYTE_IDENTICAL__FRAME_REPLAY_METADATA_ONLY	NONE	NONE	NONE	NONE	nimm getrockneten Pulverstoff	0	PASS_V72_YKA_II_III_SISTER_FRAME__5_CASES_2_REPLAY_1_NEW_B_EDGE_2_HELD__AIIN_UNBOUND__ZERO_WORD_DELTA	NONE	NONE	NONE	NONE	NONE	nimm getrockneten Pulverstoff	0	PASS_V73_10_ANA_WINDOWS__1_EXACT_STATE_ONLY_2_WORKING_STATE_LIKE_2_DEICTIC__1_UNIQUE_CANDIDATE_1_NEW_B_EDGE__C011_OCCURRENCE_BOUND__ZERO_WORD_DELTA	NONE	NONE	NONE	NONE	NONE	NONE	nimm getrockneten Pulverstoff	0	PASS_V74_11_EDGES__9_CONNECTED_COMPONENTS__23_EDGE_NODES_2_HULL_ONLY_1_STRUCTURAL__ZERO_EDGE_WORD_DELTA	NONE	NONE	NONE	NONE	NONE	NONE	NONE	NONE	NONE	NONE	nimm getrockneten Pulverstoff	0	PASS_V75_11_TARGET_RIGHT_CONTEXTS__7_NOMINAL_3_ACTION_1_EOS__1_EXACT_WRITTEN_RESULT__2X2_DEFAULTS_REJECTED__C012_OCCURRENCE_BOUND__ZERO_WORD_DELTA	A071	ACTION_CLAUSE:A071	NONE	NONE	NONE	NONE	NONE	NONE	NONE	NONE	NONE	nimm getrockneten Pulverstoff	0	PASS_V76_83_ACTION_RIGHT_CONTEXTS__60_NOMINAL_15_ACTION_8_EOS__7_FINISHED_STATE_FIRSTS__3_LOCAL_READS_4_OPEN__C013_C014_ADDED__ZERO_WORD_DELTA
f86v5	f86v5.2	8	tal	Rohstoffklasse I, kalt am Gradanfang	Rohstoffklasse I, kalt am Gradanfang	1	3	NOMINAL_BLOCK	NOT_ACTION_LICENSED	0	NONE	NONE	NONE	NONE	NONE	NONE	Rohstoffklasse I, kalt am Gradanfang	0	V68_WORDS_FROZEN__RELATION_METADATA_ONLY	NONE	NONE	NONE	NONE	NONE	Rohstoffklasse I, kalt am Gradanfang	0	V69_TOKEN_GLOSS_BYTE_IDENTICAL__SEPARATE_WINDOW_METADATA	0	NONE	NONE	NOT_IN_ACTION_SURFACE_SCAN	Rohstoffklasse I, kalt am Gradanfang	0	V70_TOKEN_GLOSS_BYTE_IDENTICAL__FRAME_REPLAY_METADATA_ONLY	NONE	NONE	NONE	NONE	Rohstoffklasse I, kalt am Gradanfang	0	PASS_V72_YKA_II_III_SISTER_FRAME__5_CASES_2_REPLAY_1_NEW_B_EDGE_2_HELD__AIIN_UNBOUND__ZERO_WORD_DELTA	NONE	NONE	NONE	NONE	NONE	Rohstoffklasse I, kalt am Gradanfang	0	PASS_V73_10_ANA_WINDOWS__1_EXACT_STATE_ONLY_2_WORKING_STATE_LIKE_2_DEICTIC__1_UNIQUE_CANDIDATE_1_NEW_B_EDGE__C011_OCCURRENCE_BOUND__ZERO_WORD_DELTA	NONE	NONE	NONE	NONE	NONE	NONE	Rohstoffklasse I, kalt am Gradanfang	0	PASS_V74_11_EDGES__9_CONNECTED_COMPONENTS__23_EDGE_NODES_2_HULL_ONLY_1_STRUCTURAL__ZERO_EDGE_WORD_DELTA	NONE	NONE	NONE	NONE	NONE	NONE	NONE	NONE	NONE	NONE	Rohstoffklasse I, kalt am Gradanfang	0	PASS_V75_11_TARGET_RIGHT_CONTEXTS__7_NOMINAL_3_ACTION_1_EOS__1_EXACT_WRITTEN_RESULT__2X2_DEFAULTS_REJECTED__C012_OCCURRENCE_BOUND__ZERO_WORD_DELTA	A071	FIRST_RIGHT_ITEM:A071	NONE	NONE	NONE	NONE	NONE	NONE	NONE	NONE	NONE	Rohstoffklasse I, kalt am Gradanfang	0	PASS_V76_83_ACTION_RIGHT_CONTEXTS__60_NOMINAL_15_ACTION_8_EOS__7_FINISHED_STATE_FIRSTS__3_LOCAL_READS_4_OPEN__C013_C014_ADDED__ZERO_WORD_DELTA
f86v5	f86v5.2	9	ol	Grundansatz	Grundansatz	1	3	NOMINAL_BLOCK	NOT_ACTION_LICENSED	0	NONE	NONE	NONE	NONE	NONE	H006	Grundansatz	0	V68_WORDS_FROZEN__RELATION_METADATA_ONLY	NONE	NONE	NONE	NONE	NONE	Grundansatz	0	V69_TOKEN_GLOSS_BYTE_IDENTICAL__SEPARATE_WINDOW_METADATA	0	NONE	NONE	NOT_IN_ACTION_SURFACE_SCAN	Grundansatz	0	V70_TOKEN_GLOSS_BYTE_IDENTICAL__FRAME_REPLAY_METADATA_ONLY	NONE	NONE	NONE	NONE	Grundansatz	0	PASS_V72_YKA_II_III_SISTER_FRAME__5_CASES_2_REPLAY_1_NEW_B_EDGE_2_HELD__AIIN_UNBOUND__ZERO_WORD_DELTA	NONE	NONE	NONE	NONE	NONE	Grundansatz	0	PASS_V73_10_ANA_WINDOWS__1_EXACT_STATE_ONLY_2_WORKING_STATE_LIKE_2_DEICTIC__1_UNIQUE_CANDIDATE_1_NEW_B_EDGE__C011_OCCURRENCE_BOUND__ZERO_WORD_DELTA	NONE	NONE	NONE	NONE	NONE	NONE	Grundansatz	0	PASS_V74_11_EDGES__9_CONNECTED_COMPONENTS__23_EDGE_NODES_2_HULL_ONLY_1_STRUCTURAL__ZERO_EDGE_WORD_DELTA	NONE	NONE	NONE	NONE	NONE	NONE	NONE	NONE	NONE	NONE	Grundansatz	0	PASS_V75_11_TARGET_RIGHT_CONTEXTS__7_NOMINAL_3_ACTION_1_EOS__1_EXACT_WRITTEN_RESULT__2X2_DEFAULTS_REJECTED__C012_OCCURRENCE_BOUND__ZERO_WORD_DELTA	NONE	NONE	NONE	NONE	NONE	NONE	NONE	NONE	NONE	NONE	NONE	Grundansatz	0	PASS_V76_83_ACTION_RIGHT_CONTEXTS__60_NOMINAL_15_ACTION_8_EOS__7_FINISHED_STATE_FIRSTS__3_LOCAL_READS_4_OPEN__C013_C014_ADDED__ZERO_WORD_DELTA
f86v5	f86v5.2	10	ytol	kühle hiervon den Drogenstoff ab	kühle hiervon den Drogenstoff ab	1	4	ACTION_CLAUSE	GDT689_V62_ACTION_ORDINAL	1	NONE	NONE	NONE	R020	NONE	H006	kühle hiervon den Drogenstoff ab	0	V68_WORDS_FROZEN__RELATION_METADATA_ONLY	NONE	NONE	NONE	NONE	NONE	kühle hiervon den Drogenstoff ab	0	V69_TOKEN_GLOSS_BYTE_IDENTICAL__SEPARATE_WINDOW_METADATA	0	NONE	NONE	NOT_IN_ACTION_SURFACE_SCAN	kühle hiervon den Drogenstoff ab	0	V70_TOKEN_GLOSS_BYTE_IDENTICAL__FRAME_REPLAY_METADATA_ONLY	NONE	NONE	NONE	NONE	kühle hiervon den Drogenstoff ab	0	PASS_V72_YKA_II_III_SISTER_FRAME__5_CASES_2_REPLAY_1_NEW_B_EDGE_2_HELD__AIIN_UNBOUND__ZERO_WORD_DELTA	NONE	NONE	NONE	NONE	NONE	kühle hiervon den Drogenstoff ab	0	PASS_V73_10_ANA_WINDOWS__1_EXACT_STATE_ONLY_2_WORKING_STATE_LIKE_2_DEICTIC__1_UNIQUE_CANDIDATE_1_NEW_B_EDGE__C011_OCCURRENCE_BOUND__ZERO_WORD_DELTA	NONE	NONE	NONE	NONE	NONE	NONE	kühle hiervon den Drogenstoff ab	0	PASS_V74_11_EDGES__9_CONNECTED_COMPONENTS__23_EDGE_NODES_2_HULL_ONLY_1_STRUCTURAL__ZERO_EDGE_WORD_DELTA	NONE	NONE	NONE	NONE	NONE	NONE	NONE	NONE	NONE	NONE	kühle hiervon den Drogenstoff ab	0	PASS_V75_11_TARGET_RIGHT_CONTEXTS__7_NOMINAL_3_ACTION_1_EOS__1_EXACT_WRITTEN_RESULT__2X2_DEFAULTS_REJECTED__C012_OCCURRENCE_BOUND__ZERO_WORD_DELTA	A072	ACTION_CLAUSE:A072	NONE	NONE	NONE	NONE	NONE	NONE	NONE	NONE	NONE	kühle hiervon den Drogenstoff ab	0	PASS_V76_83_ACTION_RIGHT_CONTEXTS__60_NOMINAL_15_ACTION_8_EOS__7_FINISHED_STATE_FIRSTS__3_LOCAL_READS_4_OPEN__C013_C014_ADDED__ZERO_WORD_DELTA
f86v5	f86v5.2	11	otam	ein Maß kalten Ansatzes	ein Maß kalten Ansatzes	1	5	NOMINAL_BLOCK	NOT_ACTION_LICENSED	0	NONE	NONE	NONE	NONE	NONE	NONE	ein Maß kalten Ansatzes	0	V68_WORDS_FROZEN__RELATION_METADATA_ONLY	NONE	NONE	NONE	NONE	NONE	ein Maß kalten Ansatzes	0	V69_TOKEN_GLOSS_BYTE_IDENTICAL__SEPARATE_WINDOW_METADATA	0	NONE	NONE	NOT_IN_ACTION_SURFACE_SCAN	ein Maß kalten Ansatzes	0	V70_TOKEN_GLOSS_BYTE_IDENTICAL__FRAME_REPLAY_METADATA_ONLY	NONE	NONE	NONE	NONE	ein Maß kalten Ansatzes	0	PASS_V72_YKA_II_III_SISTER_FRAME__5_CASES_2_REPLAY_1_NEW_B_EDGE_2_HELD__AIIN_UNBOUND__ZERO_WORD_DELTA	NONE	NONE	NONE	NONE	NONE	ein Maß kalten Ansatzes	0	PASS_V73_10_ANA_WINDOWS__1_EXACT_STATE_ONLY_2_WORKING_STATE_LIKE_2_DEICTIC__1_UNIQUE_CANDIDATE_1_NEW_B_EDGE__C011_OCCURRENCE_BOUND__ZERO_WORD_DELTA	NONE	NONE	NONE	NONE	NONE	NONE	ein Maß kalten Ansatzes	0	PASS_V74_11_EDGES__9_CONNECTED_COMPONENTS__23_EDGE_NODES_2_HULL_ONLY_1_STRUCTURAL__ZERO_EDGE_WORD_DELTA	NONE	NONE	NONE	NONE	NONE	NONE	NONE	NONE	NONE	NONE	ein Maß kalten Ansatzes	0	PASS_V75_11_TARGET_RIGHT_CONTEXTS__7_NOMINAL_3_ACTION_1_EOS__1_EXACT_WRITTEN_RESULT__2X2_DEFAULTS_REJECTED__C012_OCCURRENCE_BOUND__ZERO_WORD_DELTA	A072	FIRST_RIGHT_ITEM:A072	NONE	NONE	NONE	NONE	NONE	NONE	NONE	NONE	NONE	ein Maß kalten Ansatzes	0	PASS_V76_83_ACTION_RIGHT_CONTEXTS__60_NOMINAL_15_ACTION_8_EOS__7_FINISHED_STATE_FIRSTS__3_LOCAL_READS_4_OPEN__C013_C014_ADDED__ZERO_WORD_DELTA
f86v5	f86v5.2	12	otam	ein Maß kalten Ansatzes	ein Maß kalten Ansatzes	1	5	NOMINAL_BLOCK	NOT_ACTION_LICENSED	0	NONE	NONE	NONE	NONE	NONE	NONE	ein Maß kalten Ansatzes	0	V68_WORDS_FROZEN__RELATION_METADATA_ONLY	NONE	NONE	NONE	NONE	NONE	ein Maß kalten Ansatzes	0	V69_TOKEN_GLOSS_BYTE_IDENTICAL__SEPARATE_WINDOW_METADATA	0	NONE	NONE	NOT_IN_ACTION_SURFACE_SCAN	ein Maß kalten Ansatzes	0	V70_TOKEN_GLOSS_BYTE_IDENTICAL__FRAME_REPLAY_METADATA_ONLY	NONE	NONE	NONE	NONE	ein Maß kalten Ansatzes	0	PASS_V72_YKA_II_III_SISTER_FRAME__5_CASES_2_REPLAY_1_NEW_B_EDGE_2_HELD__AIIN_UNBOUND__ZERO_WORD_DELTA	NONE	NONE	NONE	NONE	NONE	ein Maß kalten Ansatzes	0	PASS_V73_10_ANA_WINDOWS__1_EXACT_STATE_ONLY_2_WORKING_STATE_LIKE_2_DEICTIC__1_UNIQUE_CANDIDATE_1_NEW_B_EDGE__C011_OCCURRENCE_BOUND__ZERO_WORD_DELTA	NONE	NONE	NONE	NONE	NONE	NONE	ein Maß kalten Ansatzes	0	PASS_V74_11_EDGES__9_CONNECTED_COMPONENTS__23_EDGE_NODES_2_HULL_ONLY_1_STRUCTURAL__ZERO_EDGE_WORD_DELTA	NONE	NONE	NONE	NONE	NONE	NONE	NONE	NONE	NONE	NONE	ein Maß kalten Ansatzes	0	PASS_V75_11_TARGET_RIGHT_CONTEXTS__7_NOMINAL_3_ACTION_1_EOS__1_EXACT_WRITTEN_RESULT__2X2_DEFAULTS_REJECTED__C012_OCCURRENCE_BOUND__ZERO_WORD_DELTA	NONE	NONE	NONE	NONE	NONE	NONE	NONE	NONE	NONE	NONE	NONE	ein Maß kalten Ansatzes	0	PASS_V76_83_ACTION_RIGHT_CONTEXTS__60_NOMINAL_15_ACTION_8_EOS__7_FINISHED_STATE_FIRSTS__3_LOCAL_READS_4_OPEN__C013_C014_ADDED__ZERO_WORD_DELTA
f86v5	f86v5.24	1	oar	Anteil I des Ansatzes	Anteil I des Ansatzes	1	1	NOMINAL_BLOCK	NOT_ACTION_LICENSED	0	NONE	NONE	NONE	NONE	NONE	H007	Anteil I des Ansatzes	0	V68_WORDS_FROZEN__RELATION_METADATA_ONLY	NONE	NONE	NONE	NONE	NONE	Anteil I des Ansatzes	0	V69_TOKEN_GLOSS_BYTE_IDENTICAL__SEPARATE_WINDOW_METADATA	0	NONE	NONE	NOT_IN_ACTION_SURFACE_SCAN	Anteil I des Ansatzes	0	V70_TOKEN_GLOSS_BYTE_IDENTICAL__FRAME_REPLAY_METADATA_ONLY	V72H005	DONOR_MATERIAL:C010	C010	NONE	Anteil I des Ansatzes	0	PASS_V72_YKA_II_III_SISTER_FRAME__5_CASES_2_REPLAY_1_NEW_B_EDGE_2_HELD__AIIN_UNBOUND__ZERO_WORD_DELTA	NONE	NONE	NONE	NONE	NONE	Anteil I des Ansatzes	0	PASS_V73_10_ANA_WINDOWS__1_EXACT_STATE_ONLY_2_WORKING_STATE_LIKE_2_DEICTIC__1_UNIQUE_CANDIDATE_1_NEW_B_EDGE__C011_OCCURRENCE_BOUND__ZERO_WORD_DELTA	M008	1	DONOR_MATERIAL:C010	C010	EDGE_NODE	Anteil I des Ansatzes. [Ungebundene Mengenangabe #2: „Menge III“.] Den Ansatzanteil auf Stufe II erhitzen.	Anteil I des Ansatzes	0	PASS_V74_11_EDGES__9_CONNECTED_COMPONENTS__23_EDGE_NODES_2_HULL_ONLY_1_STRUCTURAL__ZERO_EDGE_WORD_DELTA	NONE	NONE	NONE	M008	1	DONOR_MATERIAL:C010	C010	EDGE_NODE	Anteil I des Ansatzes. [Ungebundene Mengenangabe #2: „Menge III“.] Den Ansatzanteil auf Stufe II erhitzen.	NONE	Anteil I des Ansatzes	0	PASS_V75_11_TARGET_RIGHT_CONTEXTS__7_NOMINAL_3_ACTION_1_EOS__1_EXACT_WRITTEN_RESULT__2X2_DEFAULTS_REJECTED__C012_OCCURRENCE_BOUND__ZERO_WORD_DELTA	NONE	NONE	NONE	NONE	M008	1	DONOR_MATERIAL:C010	C010	EDGE_NODE	Anteil I des Ansatzes. [Ungebundene Mengenangabe #2: „Menge III“.] Den Ansatzanteil auf Stufe II erhitzen.	NONE	Anteil I des Ansatzes	0	PASS_V76_83_ACTION_RIGHT_CONTEXTS__60_NOMINAL_15_ACTION_8_EOS__7_FINISHED_STATE_FIRSTS__3_LOCAL_READS_4_OPEN__C013_C014_ADDED__ZERO_WORD_DELTA
f86v5	f86v5.24	2	aiin	Menge III	Menge III	1	1	NOMINAL_BLOCK	NOT_ACTION_LICENSED	0	NONE	NONE	NONE	NONE	NONE	H007	Menge III	0	V68_WORDS_FROZEN__RELATION_METADATA_ONLY	NONE	NONE	NONE	NONE	NONE	Menge III	0	V69_TOKEN_GLOSS_BYTE_IDENTICAL__SEPARATE_WINDOW_METADATA	0	NONE	NONE	NOT_IN_ACTION_SURFACE_SCAN	Menge III	0	V70_TOKEN_GLOSS_BYTE_IDENTICAL__FRAME_REPLAY_METADATA_ONLY	V72H005	UNBOUND_QUANTITY_REGISTER:R021	NONE	EXCLUDE_FROM_C010	Menge III	0	PASS_V72_YKA_II_III_SISTER_FRAME__5_CASES_2_REPLAY_1_NEW_B_EDGE_2_HELD__AIIN_UNBOUND__ZERO_WORD_DELTA	NONE	NONE	NONE	NONE	NONE	Menge III	0	PASS_V73_10_ANA_WINDOWS__1_EXACT_STATE_ONLY_2_WORKING_STATE_LIKE_2_DEICTIC__1_UNIQUE_CANDIDATE_1_NEW_B_EDGE__C011_OCCURRENCE_BOUND__ZERO_WORD_DELTA	M008	2	UNBOUND_QUANTITY_REGISTER_HULL_ONLY	NONE	HULL_ONLY	Anteil I des Ansatzes. [Ungebundene Mengenangabe #2: „Menge III“.] Den Ansatzanteil auf Stufe II erhitzen.	Menge III	0	PASS_V74_11_EDGES__9_CONNECTED_COMPONENTS__23_EDGE_NODES_2_HULL_ONLY_1_STRUCTURAL__ZERO_EDGE_WORD_DELTA	NONE	NONE	NONE	M008	2	UNBOUND_QUANTITY_REGISTER_HULL_ONLY	NONE	HULL_ONLY	Anteil I des Ansatzes. [Ungebundene Mengenangabe #2: „Menge III“.] Den Ansatzanteil auf Stufe II erhitzen.	NONE	Menge III	0	PASS_V75_11_TARGET_RIGHT_CONTEXTS__7_NOMINAL_3_ACTION_1_EOS__1_EXACT_WRITTEN_RESULT__2X2_DEFAULTS_REJECTED__C012_OCCURRENCE_BOUND__ZERO_WORD_DELTA	NONE	NONE	NONE	NONE	M008	2	UNBOUND_QUANTITY_REGISTER_HULL_ONLY	NONE	HULL_ONLY	Anteil I des Ansatzes. [Ungebundene Mengenangabe #2: „Menge III“.] Den Ansatzanteil auf Stufe II erhitzen.	NONE	Menge III	0	PASS_V76_83_ACTION_RIGHT_CONTEXTS__60_NOMINAL_15_ACTION_8_EOS__7_FINISHED_STATE_FIRSTS__3_LOCAL_READS_4_OPEN__C013_C014_ADDED__ZERO_WORD_DELTA
f86v5	f86v5.24	3	ykain	erhitze hiervon auf Stufe II	erhitze hiervon auf Stufe II	1	2	ACTION_CLAUSE	GDT689_V62_ACTION_ORDINAL	1	NONE	NONE	NONE	R021	NONE	H007	erhitze hiervon auf Stufe II	0	V68_WORDS_FROZEN__RELATION_METADATA_ONLY	NONE	NONE	NONE	NONE	NONE	erhitze hiervon auf Stufe II	0	V69_TOKEN_GLOSS_BYTE_IDENTICAL__SEPARATE_WINDOW_METADATA	0	NONE	NONE	NOT_IN_ACTION_SURFACE_SCAN	erhitze hiervon auf Stufe II	0	V70_TOKEN_GLOSS_BYTE_IDENTICAL__FRAME_REPLAY_METADATA_ONLY	V72H005	REFERENCE:C010|TARGET_ACTION:C010	C010	ADMIT_C010_OCCURRENCE_BOUND	erhitze hiervon auf Stufe II	0	PASS_V72_YKA_II_III_SISTER_FRAME__5_CASES_2_REPLAY_1_NEW_B_EDGE_2_HELD__AIIN_UNBOUND__ZERO_WORD_DELTA	NONE	NONE	NONE	NONE	NONE	erhitze hiervon auf Stufe II	0	PASS_V73_10_ANA_WINDOWS__1_EXACT_STATE_ONLY_2_WORKING_STATE_LIKE_2_DEICTIC__1_UNIQUE_CANDIDATE_1_NEW_B_EDGE__C011_OCCURRENCE_BOUND__ZERO_WORD_DELTA	M008	3	REFERENCE:C010|TARGET_ACTION:C010	C010	EDGE_NODE	Anteil I des Ansatzes. [Ungebundene Mengenangabe #2: „Menge III“.] Den Ansatzanteil auf Stufe II erhitzen.	erhitze hiervon auf Stufe II	0	PASS_V74_11_EDGES__9_CONNECTED_COMPONENTS__23_EDGE_NODES_2_HULL_ONLY_1_STRUCTURAL__ZERO_EDGE_WORD_DELTA	V75R010	TARGET_ACTION_CLAUSE:V75R010	NONE	M008	3	REFERENCE:C010|TARGET_ACTION:C010	C010	EDGE_NODE	Anteil I des Ansatzes. [Ungebundene Mengenangabe #2: „Menge III“.] Den Ansatzanteil auf Stufe II erhitzen.	NONE	erhitze hiervon auf Stufe II	0	PASS_V75_11_TARGET_RIGHT_CONTEXTS__7_NOMINAL_3_ACTION_1_EOS__1_EXACT_WRITTEN_RESULT__2X2_DEFAULTS_REJECTED__C012_OCCURRENCE_BOUND__ZERO_WORD_DELTA	A073	ACTION_CLAUSE:A073	NONE	NONE	M008	3	REFERENCE:C010|TARGET_ACTION:C010	C010	EDGE_NODE	Anteil I des Ansatzes. [Ungebundene Mengenangabe #2: „Menge III“.] Den Ansatzanteil auf Stufe II erhitzen.	NONE	erhitze hiervon auf Stufe II	0	PASS_V76_83_ACTION_RIGHT_CONTEXTS__60_NOMINAL_15_ACTION_8_EOS__7_FINISHED_STATE_FIRSTS__3_LOCAL_READS_4_OPEN__C013_C014_ADDED__ZERO_WORD_DELTA
f86v5	f86v5.24	4	okal	Rohstoffklasse I im heißen Ansatz, Gradanfang	Rohstoffklasse I im heißen Ansatz, Gradanfang	1	3	NOMINAL_BLOCK	NOT_ACTION_LICENSED	0	NONE	NONE	NONE	NONE	NONE	NONE	Rohstoffklasse I im heißen Ansatz, Gradanfang	0	V68_WORDS_FROZEN__RELATION_METADATA_ONLY	NONE	NONE	NONE	NONE	NONE	Rohstoffklasse I im heißen Ansatz, Gradanfang	0	V69_TOKEN_GLOSS_BYTE_IDENTICAL__SEPARATE_WINDOW_METADATA	0	NONE	NONE	NOT_IN_ACTION_SURFACE_SCAN	Rohstoffklasse I im heißen Ansatz, Gradanfang	0	V70_TOKEN_GLOSS_BYTE_IDENTICAL__FRAME_REPLAY_METADATA_ONLY	NONE	NONE	NONE	NONE	Rohstoffklasse I im heißen Ansatz, Gradanfang	0	PASS_V72_YKA_II_III_SISTER_FRAME__5_CASES_2_REPLAY_1_NEW_B_EDGE_2_HELD__AIIN_UNBOUND__ZERO_WORD_DELTA	NONE	NONE	NONE	NONE	NONE	Rohstoffklasse I im heißen Ansatz, Gradanfang	0	PASS_V73_10_ANA_WINDOWS__1_EXACT_STATE_ONLY_2_WORKING_STATE_LIKE_2_DEICTIC__1_UNIQUE_CANDIDATE_1_NEW_B_EDGE__C011_OCCURRENCE_BOUND__ZERO_WORD_DELTA	NONE	NONE	NONE	NONE	NONE	NONE	Rohstoffklasse I im heißen Ansatz, Gradanfang	0	PASS_V74_11_EDGES__9_CONNECTED_COMPONENTS__23_EDGE_NODES_2_HULL_ONLY_1_STRUCTURAL__ZERO_EDGE_WORD_DELTA	V75R010	FIRST_RIGHT_SEMANTIC:V75R010	NONE	NONE	NONE	NONE	NONE	NONE	NONE	NONE	Rohstoffklasse I im heißen Ansatz, Gradanfang	0	PASS_V75_11_TARGET_RIGHT_CONTEXTS__7_NOMINAL_3_ACTION_1_EOS__1_EXACT_WRITTEN_RESULT__2X2_DEFAULTS_REJECTED__C012_OCCURRENCE_BOUND__ZERO_WORD_DELTA	A073	FIRST_RIGHT_ITEM:A073	NONE	NONE	NONE	NONE	NONE	NONE	NONE	NONE	NONE	Rohstoffklasse I im heißen Ansatz, Gradanfang	0	PASS_V76_83_ACTION_RIGHT_CONTEXTS__60_NOMINAL_15_ACTION_8_EOS__7_FINISHED_STATE_FIRSTS__3_LOCAL_READS_4_OPEN__C013_C014_ADDED__ZERO_WORD_DELTA
f86v5	f86v5.24	5	kchody	fertige heiß-trockene Zubereitung	fertige heiß-trockene Zubereitung	1	3	NOMINAL_BLOCK	NOT_ACTION_LICENSED	0	NONE	NONE	NONE	NONE	NONE	NONE	fertige heiß-trockene Zubereitung	0	V68_WORDS_FROZEN__RELATION_METADATA_ONLY	NONE	NONE	NONE	NONE	NONE	fertige heiß-trockene Zubereitung	0	V69_TOKEN_GLOSS_BYTE_IDENTICAL__SEPARATE_WINDOW_METADATA	0	NONE	NONE	NOT_IN_ACTION_SURFACE_SCAN	fertige heiß-trockene Zubereitung	0	V70_TOKEN_GLOSS_BYTE_IDENTICAL__FRAME_REPLAY_METADATA_ONLY	NONE	NONE	NONE	NONE	fertige heiß-trockene Zubereitung	0	PASS_V72_YKA_II_III_SISTER_FRAME__5_CASES_2_REPLAY_1_NEW_B_EDGE_2_HELD__AIIN_UNBOUND__ZERO_WORD_DELTA	NONE	NONE	NONE	NONE	NONE	fertige heiß-trockene Zubereitung	0	PASS_V73_10_ANA_WINDOWS__1_EXACT_STATE_ONLY_2_WORKING_STATE_LIKE_2_DEICTIC__1_UNIQUE_CANDIDATE_1_NEW_B_EDGE__C011_OCCURRENCE_BOUND__ZERO_WORD_DELTA	NONE	NONE	NONE	NONE	NONE	NONE	fertige heiß-trockene Zubereitung	0	PASS_V74_11_EDGES__9_CONNECTED_COMPONENTS__23_EDGE_NODES_2_HULL_ONLY_1_STRUCTURAL__ZERO_EDGE_WORD_DELTA	V75R010	ANTI_SKIP_CONTROL:V75R010	NONE	NONE	NONE	NONE	NONE	NONE	NONE	NONE	fertige heiß-trockene Zubereitung	0	PASS_V75_11_TARGET_RIGHT_CONTEXTS__7_NOMINAL_3_ACTION_1_EOS__1_EXACT_WRITTEN_RESULT__2X2_DEFAULTS_REJECTED__C012_OCCURRENCE_BOUND__ZERO_WORD_DELTA	NONE	NONE	NONE	NONE	NONE	NONE	NONE	NONE	NONE	NONE	NONE	fertige heiß-trockene Zubereitung	0	PASS_V76_83_ACTION_RIGHT_CONTEXTS__60_NOMINAL_15_ACTION_8_EOS__7_FINISHED_STATE_FIRSTS__3_LOCAL_READS_4_OPEN__C013_C014_ADDED__ZERO_WORD_DELTA
f86v5	f86v5.24	6	chckhy	Arzneikompositum: trocken, Gradanfang	Arzneikompositum: trocken, Gradanfang	1	3	NOMINAL_BLOCK	NOT_ACTION_LICENSED	0	NONE	NONE	NONE	NONE	NONE	NONE	Arzneikompositum: trocken, Gradanfang	0	V68_WORDS_FROZEN__RELATION_METADATA_ONLY	NONE	NONE	NONE	NONE	NONE	Arzneikompositum: trocken, Gradanfang	0	V69_TOKEN_GLOSS_BYTE_IDENTICAL__SEPARATE_WINDOW_METADATA	0	NONE	NONE	NOT_IN_ACTION_SURFACE_SCAN	Arzneikompositum: trocken, Gradanfang	0	V70_TOKEN_GLOSS_BYTE_IDENTICAL__FRAME_REPLAY_METADATA_ONLY	NONE	NONE	NONE	NONE	Arzneikompositum: trocken, Gradanfang	0	PASS_V72_YKA_II_III_SISTER_FRAME__5_CASES_2_REPLAY_1_NEW_B_EDGE_2_HELD__AIIN_UNBOUND__ZERO_WORD_DELTA	NONE	NONE	NONE	NONE	NONE	Arzneikompositum: trocken, Gradanfang	0	PASS_V73_10_ANA_WINDOWS__1_EXACT_STATE_ONLY_2_WORKING_STATE_LIKE_2_DEICTIC__1_UNIQUE_CANDIDATE_1_NEW_B_EDGE__C011_OCCURRENCE_BOUND__ZERO_WORD_DELTA	NONE	NONE	NONE	NONE	NONE	NONE	Arzneikompositum: trocken, Gradanfang	0	PASS_V74_11_EDGES__9_CONNECTED_COMPONENTS__23_EDGE_NODES_2_HULL_ONLY_1_STRUCTURAL__ZERO_EDGE_WORD_DELTA	NONE	NONE	NONE	NONE	NONE	NONE	NONE	NONE	NONE	NONE	Arzneikompositum: trocken, Gradanfang	0	PASS_V75_11_TARGET_RIGHT_CONTEXTS__7_NOMINAL_3_ACTION_1_EOS__1_EXACT_WRITTEN_RESULT__2X2_DEFAULTS_REJECTED__C012_OCCURRENCE_BOUND__ZERO_WORD_DELTA	NONE	NONE	NONE	NONE	NONE	NONE	NONE	NONE	NONE	NONE	NONE	Arzneikompositum: trocken, Gradanfang	0	PASS_V76_83_ACTION_RIGHT_CONTEXTS__60_NOMINAL_15_ACTION_8_EOS__7_FINISHED_STATE_FIRSTS__3_LOCAL_READS_4_OPEN__C013_C014_ADDED__ZERO_WORD_DELTA
f86v5	f86v5.24	7	otaiin	kalter Ansatz, Grad III	kalter Ansatz, Grad III	1	3	NOMINAL_BLOCK	NOT_ACTION_LICENSED	0	NONE	NONE	NONE	NONE	NONE	NONE	kalter Ansatz, Grad III	0	V68_WORDS_FROZEN__RELATION_METADATA_ONLY	NONE	NONE	NONE	NONE	NONE	kalter Ansatz, Grad III	0	V69_TOKEN_GLOSS_BYTE_IDENTICAL__SEPARATE_WINDOW_METADATA	0	NONE	NONE	NOT_IN_ACTION_SURFACE_SCAN	kalter Ansatz, Grad III	0	V70_TOKEN_GLOSS_BYTE_IDENTICAL__FRAME_REPLAY_METADATA_ONLY	NONE	NONE	NONE	NONE	kalter Ansatz, Grad III	0	PASS_V72_YKA_II_III_SISTER_FRAME__5_CASES_2_REPLAY_1_NEW_B_EDGE_2_HELD__AIIN_UNBOUND__ZERO_WORD_DELTA	NONE	NONE	NONE	NONE	NONE	kalter Ansatz, Grad III	0	PASS_V73_10_ANA_WINDOWS__1_EXACT_STATE_ONLY_2_WORKING_STATE_LIKE_2_DEICTIC__1_UNIQUE_CANDIDATE_1_NEW_B_EDGE__C011_OCCURRENCE_BOUND__ZERO_WORD_DELTA	NONE	NONE	NONE	NONE	NONE	NONE	kalter Ansatz, Grad III	0	PASS_V74_11_EDGES__9_CONNECTED_COMPONENTS__23_EDGE_NODES_2_HULL_ONLY_1_STRUCTURAL__ZERO_EDGE_WORD_DELTA	NONE	NONE	NONE	NONE	NONE	NONE	NONE	NONE	NONE	NONE	kalter Ansatz, Grad III	0	PASS_V75_11_TARGET_RIGHT_CONTEXTS__7_NOMINAL_3_ACTION_1_EOS__1_EXACT_WRITTEN_RESULT__2X2_DEFAULTS_REJECTED__C012_OCCURRENCE_BOUND__ZERO_WORD_DELTA	NONE	NONE	NONE	NONE	NONE	NONE	NONE	NONE	NONE	NONE	NONE	kalter Ansatz, Grad III	0	PASS_V76_83_ACTION_RIGHT_CONTEXTS__60_NOMINAL_15_ACTION_8_EOS__7_FINISHED_STATE_FIRSTS__3_LOCAL_READS_4_OPEN__C013_C014_ADDED__ZERO_WORD_DELTA
f86v5	f86v5.24	8	olkar	Anteil I des heißen Holzansatzes	Anteil I des heißen Holzansatzes	1	3	NOMINAL_BLOCK	NOT_ACTION_LICENSED	0	NONE	NONE	NONE	NONE	NONE	NONE	Anteil I des heißen Holzansatzes	0	V68_WORDS_FROZEN__RELATION_METADATA_ONLY	NONE	NONE	NONE	NONE	NONE	Anteil I des heißen Holzansatzes	0	V69_TOKEN_GLOSS_BYTE_IDENTICAL__SEPARATE_WINDOW_METADATA	0	NONE	NONE	NOT_IN_ACTION_SURFACE_SCAN	Anteil I des heißen Holzansatzes	0	V70_TOKEN_GLOSS_BYTE_IDENTICAL__FRAME_REPLAY_METADATA_ONLY	NONE	NONE	NONE	NONE	Anteil I des heißen Holzansatzes	0	PASS_V72_YKA_II_III_SISTER_FRAME__5_CASES_2_REPLAY_1_NEW_B_EDGE_2_HELD__AIIN_UNBOUND__ZERO_WORD_DELTA	NONE	NONE	NONE	NONE	NONE	Anteil I des heißen Holzansatzes	0	PASS_V73_10_ANA_WINDOWS__1_EXACT_STATE_ONLY_2_WORKING_STATE_LIKE_2_DEICTIC__1_UNIQUE_CANDIDATE_1_NEW_B_EDGE__C011_OCCURRENCE_BOUND__ZERO_WORD_DELTA	NONE	NONE	NONE	NONE	NONE	NONE	Anteil I des heißen Holzansatzes	0	PASS_V74_11_EDGES__9_CONNECTED_COMPONENTS__23_EDGE_NODES_2_HULL_ONLY_1_STRUCTURAL__ZERO_EDGE_WORD_DELTA	NONE	NONE	NONE	NONE	NONE	NONE	NONE	NONE	NONE	NONE	Anteil I des heißen Holzansatzes	0	PASS_V75_11_TARGET_RIGHT_CONTEXTS__7_NOMINAL_3_ACTION_1_EOS__1_EXACT_WRITTEN_RESULT__2X2_DEFAULTS_REJECTED__C012_OCCURRENCE_BOUND__ZERO_WORD_DELTA	NONE	NONE	NONE	NONE	NONE	NONE	NONE	NONE	NONE	NONE	NONE	Anteil I des heißen Holzansatzes	0	PASS_V76_83_ACTION_RIGHT_CONTEXTS__60_NOMINAL_15_ACTION_8_EOS__7_FINISHED_STATE_FIRSTS__3_LOCAL_READS_4_OPEN__C013_C014_ADDED__ZERO_WORD_DELTA
f86v5	f86v5.24	9	otaiin	kalter Ansatz, Grad III	kalter Ansatz, Grad III	1	3	NOMINAL_BLOCK	NOT_ACTION_LICENSED	0	NONE	NONE	NONE	NONE	NONE	NONE	kalter Ansatz, Grad III	0	V68_WORDS_FROZEN__RELATION_METADATA_ONLY	NONE	NONE	NONE	NONE	NONE	kalter Ansatz, Grad III	0	V69_TOKEN_GLOSS_BYTE_IDENTICAL__SEPARATE_WINDOW_METADATA	0	NONE	NONE	NOT_IN_ACTION_SURFACE_SCAN	kalter Ansatz, Grad III	0	V70_TOKEN_GLOSS_BYTE_IDENTICAL__FRAME_REPLAY_METADATA_ONLY	NONE	NONE	NONE	NONE	kalter Ansatz, Grad III	0	PASS_V72_YKA_II_III_SISTER_FRAME__5_CASES_2_REPLAY_1_NEW_B_EDGE_2_HELD__AIIN_UNBOUND__ZERO_WORD_DELTA	NONE	NONE	NONE	NONE	NONE	kalter Ansatz, Grad III	0	PASS_V73_10_ANA_WINDOWS__1_EXACT_STATE_ONLY_2_WORKING_STATE_LIKE_2_DEICTIC__1_UNIQUE_CANDIDATE_1_NEW_B_EDGE__C011_OCCURRENCE_BOUND__ZERO_WORD_DELTA	NONE	NONE	NONE	NONE	NONE	NONE	kalter Ansatz, Grad III	0	PASS_V74_11_EDGES__9_CONNECTED_COMPONENTS__23_EDGE_NODES_2_HULL_ONLY_1_STRUCTURAL__ZERO_EDGE_WORD_DELTA	NONE	NONE	NONE	NONE	NONE	NONE	NONE	NONE	NONE	NONE	kalter Ansatz, Grad III	0	PASS_V75_11_TARGET_RIGHT_CONTEXTS__7_NOMINAL_3_ACTION_1_EOS__1_EXACT_WRITTEN_RESULT__2X2_DEFAULTS_REJECTED__C012_OCCURRENCE_BOUND__ZERO_WORD_DELTA	NONE	NONE	NONE	NONE	NONE	NONE	NONE	NONE	NONE	NONE	NONE	kalter Ansatz, Grad III	0	PASS_V76_83_ACTION_RIGHT_CONTEXTS__60_NOMINAL_15_ACTION_8_EOS__7_FINISHED_STATE_FIRSTS__3_LOCAL_READS_4_OPEN__C013_C014_ADDED__ZERO_WORD_DELTA
f86v5	f86v5.4	1	ypchesy	hiervon Samenpulver bis zur Mittelstufe trocknen	hiervon Samenpulver bis zur Mittelstufe trocknen	1	1	ACTION_CLAUSE	GDT689_V62_ACTION_ORDINAL	1	NONE	NONE	NONE	R022	NONE	NONE	hiervon Samenpulver bis zur Mittelstufe trocknen	0	V68_WORDS_FROZEN__RELATION_METADATA_ONLY	NONE	NONE	NONE	NONE	NONE	hiervon Samenpulver bis zur Mittelstufe trocknen	0	V69_TOKEN_GLOSS_BYTE_IDENTICAL__SEPARATE_WINDOW_METADATA	0	NONE	NONE	NOT_IN_ACTION_SURFACE_SCAN	hiervon Samenpulver bis zur Mittelstufe trocknen	0	V70_TOKEN_GLOSS_BYTE_IDENTICAL__FRAME_REPLAY_METADATA_ONLY	NONE	NONE	NONE	NONE	hiervon Samenpulver bis zur Mittelstufe trocknen	0	PASS_V72_YKA_II_III_SISTER_FRAME__5_CASES_2_REPLAY_1_NEW_B_EDGE_2_HELD__AIIN_UNBOUND__ZERO_WORD_DELTA	NONE	NONE	NONE	NONE	NONE	hiervon Samenpulver bis zur Mittelstufe trocknen	0	PASS_V73_10_ANA_WINDOWS__1_EXACT_STATE_ONLY_2_WORKING_STATE_LIKE_2_DEICTIC__1_UNIQUE_CANDIDATE_1_NEW_B_EDGE__C011_OCCURRENCE_BOUND__ZERO_WORD_DELTA	NONE	NONE	NONE	NONE	NONE	NONE	hiervon Samenpulver bis zur Mittelstufe trocknen	0	PASS_V74_11_EDGES__9_CONNECTED_COMPONENTS__23_EDGE_NODES_2_HULL_ONLY_1_STRUCTURAL__ZERO_EDGE_WORD_DELTA	NONE	NONE	NONE	NONE	NONE	NONE	NONE	NONE	NONE	NONE	hiervon Samenpulver bis zur Mittelstufe trocknen	0	PASS_V75_11_TARGET_RIGHT_CONTEXTS__7_NOMINAL_3_ACTION_1_EOS__1_EXACT_WRITTEN_RESULT__2X2_DEFAULTS_REJECTED__C012_OCCURRENCE_BOUND__ZERO_WORD_DELTA	A074	ACTION_CLAUSE:A074	NONE	NONE	NONE	NONE	NONE	NONE	NONE	NONE	NONE	hiervon Samenpulver bis zur Mittelstufe trocknen	0	PASS_V76_83_ACTION_RIGHT_CONTEXTS__60_NOMINAL_15_ACTION_8_EOS__7_FINISHED_STATE_FIRSTS__3_LOCAL_READS_4_OPEN__C013_C014_ADDED__ZERO_WORD_DELTA
f86v5	f86v5.4	2	oky	heißer Ansatz am Anfang des Grades	heißer Ansatz am Anfang des Grades	1	2	NOMINAL_BLOCK	NOT_ACTION_LICENSED	0	NONE	NONE	NONE	NONE	NONE	NONE	heißer Ansatz am Anfang des Grades	0	V68_WORDS_FROZEN__RELATION_METADATA_ONLY	NONE	NONE	NONE	NONE	NONE	heißer Ansatz am Anfang des Grades	0	V69_TOKEN_GLOSS_BYTE_IDENTICAL__SEPARATE_WINDOW_METADATA	0	NONE	NONE	NOT_IN_ACTION_SURFACE_SCAN	heißer Ansatz am Anfang des Grades	0	V70_TOKEN_GLOSS_BYTE_IDENTICAL__FRAME_REPLAY_METADATA_ONLY	NONE	NONE	NONE	NONE	heißer Ansatz am Anfang des Grades	0	PASS_V72_YKA_II_III_SISTER_FRAME__5_CASES_2_REPLAY_1_NEW_B_EDGE_2_HELD__AIIN_UNBOUND__ZERO_WORD_DELTA	NONE	NONE	NONE	NONE	NONE	heißer Ansatz am Anfang des Grades	0	PASS_V73_10_ANA_WINDOWS__1_EXACT_STATE_ONLY_2_WORKING_STATE_LIKE_2_DEICTIC__1_UNIQUE_CANDIDATE_1_NEW_B_EDGE__C011_OCCURRENCE_BOUND__ZERO_WORD_DELTA	NONE	NONE	NONE	NONE	NONE	NONE	heißer Ansatz am Anfang des Grades	0	PASS_V74_11_EDGES__9_CONNECTED_COMPONENTS__23_EDGE_NODES_2_HULL_ONLY_1_STRUCTURAL__ZERO_EDGE_WORD_DELTA	NONE	NONE	NONE	NONE	NONE	NONE	NONE	NONE	NONE	NONE	heißer Ansatz am Anfang des Grades	0	PASS_V75_11_TARGET_RIGHT_CONTEXTS__7_NOMINAL_3_ACTION_1_EOS__1_EXACT_WRITTEN_RESULT__2X2_DEFAULTS_REJECTED__C012_OCCURRENCE_BOUND__ZERO_WORD_DELTA	A074	FIRST_RIGHT_ITEM:A074	NONE	NONE	NONE	NONE	NONE	NONE	NONE	NONE	NONE	heißer Ansatz am Anfang des Grades	0	PASS_V76_83_ACTION_RIGHT_CONTEXTS__60_NOMINAL_15_ACTION_8_EOS__7_FINISHED_STATE_FIRSTS__3_LOCAL_READS_4_OPEN__C013_C014_ADDED__ZERO_WORD_DELTA
f86v5	f86v5.4	3	sheeey	vollständig eingeweichtes Gut der Schlussstufe	vollständig eingeweichtes Gut der Schlussstufe	1	2	NOMINAL_BLOCK	NOT_ACTION_LICENSED	0	NONE	NONE	NONE	NONE	NONE	NONE	vollständig eingeweichtes Gut der Schlussstufe	0	V68_WORDS_FROZEN__RELATION_METADATA_ONLY	NONE	NONE	NONE	NONE	NONE	vollständig eingeweichtes Gut der Schlussstufe	0	V69_TOKEN_GLOSS_BYTE_IDENTICAL__SEPARATE_WINDOW_METADATA	0	NONE	NONE	NOT_IN_ACTION_SURFACE_SCAN	vollständig eingeweichtes Gut der Schlussstufe	0	V70_TOKEN_GLOSS_BYTE_IDENTICAL__FRAME_REPLAY_METADATA_ONLY	NONE	NONE	NONE	NONE	vollständig eingeweichtes Gut der Schlussstufe	0	PASS_V72_YKA_II_III_SISTER_FRAME__5_CASES_2_REPLAY_1_NEW_B_EDGE_2_HELD__AIIN_UNBOUND__ZERO_WORD_DELTA	NONE	NONE	NONE	NONE	NONE	vollständig eingeweichtes Gut der Schlussstufe	0	PASS_V73_10_ANA_WINDOWS__1_EXACT_STATE_ONLY_2_WORKING_STATE_LIKE_2_DEICTIC__1_UNIQUE_CANDIDATE_1_NEW_B_EDGE__C011_OCCURRENCE_BOUND__ZERO_WORD_DELTA	NONE	NONE	NONE	NONE	NONE	NONE	vollständig eingeweichtes Gut der Schlussstufe	0	PASS_V74_11_EDGES__9_CONNECTED_COMPONENTS__23_EDGE_NODES_2_HULL_ONLY_1_STRUCTURAL__ZERO_EDGE_WORD_DELTA	NONE	NONE	NONE	NONE	NONE	NONE	NONE	NONE	NONE	NONE	vollständig eingeweichtes Gut der Schlussstufe	0	PASS_V75_11_TARGET_RIGHT_CONTEXTS__7_NOMINAL_3_ACTION_1_EOS__1_EXACT_WRITTEN_RESULT__2X2_DEFAULTS_REJECTED__C012_OCCURRENCE_BOUND__ZERO_WORD_DELTA	NONE	NONE	NONE	NONE	NONE	NONE	NONE	NONE	NONE	NONE	NONE	vollständig eingeweichtes Gut der Schlussstufe	0	PASS_V76_83_ACTION_RIGHT_CONTEXTS__60_NOMINAL_15_ACTION_8_EOS__7_FINISHED_STATE_FIRSTS__3_LOCAL_READS_4_OPEN__C013_C014_ADDED__ZERO_WORD_DELTA
f86v5	f86v5.4	4	qoty	kalt am Anfang des Grades	kalt am Anfang des Grades	1	2	NOMINAL_BLOCK	NOT_ACTION_LICENSED	0	NONE	NONE	NONE	NONE	NONE	NONE	kalt am Anfang des Grades	0	V68_WORDS_FROZEN__RELATION_METADATA_ONLY	NONE	NONE	NONE	NONE	NONE	kalt am Anfang des Grades	0	V69_TOKEN_GLOSS_BYTE_IDENTICAL__SEPARATE_WINDOW_METADATA	0	NONE	NONE	NOT_IN_ACTION_SURFACE_SCAN	kalt am Anfang des Grades	0	V70_TOKEN_GLOSS_BYTE_IDENTICAL__FRAME_REPLAY_METADATA_ONLY	NONE	NONE	NONE	NONE	kalt am Anfang des Grades	0	PASS_V72_YKA_II_III_SISTER_FRAME__5_CASES_2_REPLAY_1_NEW_B_EDGE_2_HELD__AIIN_UNBOUND__ZERO_WORD_DELTA	NONE	NONE	NONE	NONE	NONE	kalt am Anfang des Grades	0	PASS_V73_10_ANA_WINDOWS__1_EXACT_STATE_ONLY_2_WORKING_STATE_LIKE_2_DEICTIC__1_UNIQUE_CANDIDATE_1_NEW_B_EDGE__C011_OCCURRENCE_BOUND__ZERO_WORD_DELTA	NONE	NONE	NONE	NONE	NONE	NONE	kalt am Anfang des Grades	0	PASS_V74_11_EDGES__9_CONNECTED_COMPONENTS__23_EDGE_NODES_2_HULL_ONLY_1_STRUCTURAL__ZERO_EDGE_WORD_DELTA	NONE	NONE	NONE	NONE	NONE	NONE	NONE	NONE	NONE	NONE	kalt am Anfang des Grades	0	PASS_V75_11_TARGET_RIGHT_CONTEXTS__7_NOMINAL_3_ACTION_1_EOS__1_EXACT_WRITTEN_RESULT__2X2_DEFAULTS_REJECTED__C012_OCCURRENCE_BOUND__ZERO_WORD_DELTA	NONE	NONE	NONE	NONE	NONE	NONE	NONE	NONE	NONE	NONE	NONE	kalt am Anfang des Grades	0	PASS_V76_83_ACTION_RIGHT_CONTEXTS__60_NOMINAL_15_ACTION_8_EOS__7_FINISHED_STATE_FIRSTS__3_LOCAL_READS_4_OPEN__C013_C014_ADDED__ZERO_WORD_DELTA
f86v5	f86v5.4	5	qotaiin	kalt, Grad III	kalt, Grad III	1	2	NOMINAL_BLOCK	NOT_ACTION_LICENSED	0	NONE	NONE	NONE	NONE	NONE	NONE	kalt, Grad III	0	V68_WORDS_FROZEN__RELATION_METADATA_ONLY	NONE	NONE	NONE	NONE	NONE	kalt, Grad III	0	V69_TOKEN_GLOSS_BYTE_IDENTICAL__SEPARATE_WINDOW_METADATA	0	NONE	NONE	NOT_IN_ACTION_SURFACE_SCAN	kalt, Grad III	0	V70_TOKEN_GLOSS_BYTE_IDENTICAL__FRAME_REPLAY_METADATA_ONLY	NONE	NONE	NONE	NONE	kalt, Grad III	0	PASS_V72_YKA_II_III_SISTER_FRAME__5_CASES_2_REPLAY_1_NEW_B_EDGE_2_HELD__AIIN_UNBOUND__ZERO_WORD_DELTA	NONE	NONE	NONE	NONE	NONE	kalt, Grad III	0	PASS_V73_10_ANA_WINDOWS__1_EXACT_STATE_ONLY_2_WORKING_STATE_LIKE_2_DEICTIC__1_UNIQUE_CANDIDATE_1_NEW_B_EDGE__C011_OCCURRENCE_BOUND__ZERO_WORD_DELTA	NONE	NONE	NONE	NONE	NONE	NONE	kalt, Grad III	0	PASS_V74_11_EDGES__9_CONNECTED_COMPONENTS__23_EDGE_NODES_2_HULL_ONLY_1_STRUCTURAL__ZERO_EDGE_WORD_DELTA	NONE	NONE	NONE	NONE	NONE	NONE	NONE	NONE	NONE	NONE	kalt, Grad III	0	PASS_V75_11_TARGET_RIGHT_CONTEXTS__7_NOMINAL_3_ACTION_1_EOS__1_EXACT_WRITTEN_RESULT__2X2_DEFAULTS_REJECTED__C012_OCCURRENCE_BOUND__ZERO_WORD_DELTA	NONE	NONE	NONE	NONE	NONE	NONE	NONE	NONE	NONE	NONE	NONE	kalt, Grad III	0	PASS_V76_83_ACTION_RIGHT_CONTEXTS__60_NOMINAL_15_ACTION_8_EOS__7_FINISHED_STATE_FIRSTS__3_LOCAL_READS_4_OPEN__C013_C014_ADDED__ZERO_WORD_DELTA
f86v5	f86v5.4	6	sail	Samen, Charge II	Samen, Charge II	1	2	NOMINAL_BLOCK	NOT_ACTION_LICENSED	0	NONE	NONE	NONE	NONE	NONE	NONE	Samen, Charge II	0	V68_WORDS_FROZEN__RELATION_METADATA_ONLY	NONE	NONE	NONE	NONE	NONE	Samen, Charge II	0	V69_TOKEN_GLOSS_BYTE_IDENTICAL__SEPARATE_WINDOW_METADATA	0	NONE	NONE	NOT_IN_ACTION_SURFACE_SCAN	Samen, Charge II	0	V70_TOKEN_GLOSS_BYTE_IDENTICAL__FRAME_REPLAY_METADATA_ONLY	NONE	NONE	NONE	NONE	Samen, Charge II	0	PASS_V72_YKA_II_III_SISTER_FRAME__5_CASES_2_REPLAY_1_NEW_B_EDGE_2_HELD__AIIN_UNBOUND__ZERO_WORD_DELTA	NONE	NONE	NONE	NONE	NONE	Samen, Charge II	0	PASS_V73_10_ANA_WINDOWS__1_EXACT_STATE_ONLY_2_WORKING_STATE_LIKE_2_DEICTIC__1_UNIQUE_CANDIDATE_1_NEW_B_EDGE__C011_OCCURRENCE_BOUND__ZERO_WORD_DELTA	NONE	NONE	NONE	NONE	NONE	NONE	Samen, Charge II	0	PASS_V74_11_EDGES__9_CONNECTED_COMPONENTS__23_EDGE_NODES_2_HULL_ONLY_1_STRUCTURAL__ZERO_EDGE_WORD_DELTA	NONE	NONE	NONE	NONE	NONE	NONE	NONE	NONE	NONE	NONE	Samen, Charge II	0	PASS_V75_11_TARGET_RIGHT_CONTEXTS__7_NOMINAL_3_ACTION_1_EOS__1_EXACT_WRITTEN_RESULT__2X2_DEFAULTS_REJECTED__C012_OCCURRENCE_BOUND__ZERO_WORD_DELTA	NONE	NONE	NONE	NONE	NONE	NONE	NONE	NONE	NONE	NONE	NONE	Samen, Charge II	0	PASS_V76_83_ACTION_RIGHT_CONTEXTS__60_NOMINAL_15_ACTION_8_EOS__7_FINISHED_STATE_FIRSTS__3_LOCAL_READS_4_OPEN__C013_C014_ADDED__ZERO_WORD_DELTA
f86v5	f86v5.4	7	chepy	Trockenpulver in Grundform	Trockenpulver in Grundform	1	2	NOMINAL_BLOCK	NOT_ACTION_LICENSED	0	NONE	NONE	NONE	NONE	NONE	NONE	Trockenpulver in Grundform	0	V68_WORDS_FROZEN__RELATION_METADATA_ONLY	NONE	NONE	NONE	NONE	NONE	Trockenpulver in Grundform	0	V69_TOKEN_GLOSS_BYTE_IDENTICAL__SEPARATE_WINDOW_METADATA	0	NONE	NONE	NOT_IN_ACTION_SURFACE_SCAN	Trockenpulver in Grundform	0	V70_TOKEN_GLOSS_BYTE_IDENTICAL__FRAME_REPLAY_METADATA_ONLY	NONE	NONE	NONE	NONE	Trockenpulver in Grundform	0	PASS_V72_YKA_II_III_SISTER_FRAME__5_CASES_2_REPLAY_1_NEW_B_EDGE_2_HELD__AIIN_UNBOUND__ZERO_WORD_DELTA	NONE	NONE	NONE	NONE	NONE	Trockenpulver in Grundform	0	PASS_V73_10_ANA_WINDOWS__1_EXACT_STATE_ONLY_2_WORKING_STATE_LIKE_2_DEICTIC__1_UNIQUE_CANDIDATE_1_NEW_B_EDGE__C011_OCCURRENCE_BOUND__ZERO_WORD_DELTA	NONE	NONE	NONE	NONE	NONE	NONE	Trockenpulver in Grundform	0	PASS_V74_11_EDGES__9_CONNECTED_COMPONENTS__23_EDGE_NODES_2_HULL_ONLY_1_STRUCTURAL__ZERO_EDGE_WORD_DELTA	NONE	NONE	NONE	NONE	NONE	NONE	NONE	NONE	NONE	NONE	Trockenpulver in Grundform	0	PASS_V75_11_TARGET_RIGHT_CONTEXTS__7_NOMINAL_3_ACTION_1_EOS__1_EXACT_WRITTEN_RESULT__2X2_DEFAULTS_REJECTED__C012_OCCURRENCE_BOUND__ZERO_WORD_DELTA	NONE	NONE	NONE	NONE	NONE	NONE	NONE	NONE	NONE	NONE	NONE	Trockenpulver in Grundform	0	PASS_V76_83_ACTION_RIGHT_CONTEXTS__60_NOMINAL_15_ACTION_8_EOS__7_FINISHED_STATE_FIRSTS__3_LOCAL_READS_4_OPEN__C013_C014_ADDED__ZERO_WORD_DELTA
f86v5	f86v5.4	8	ltedy	fertig abgekühltes Holz, Mittelstufe	fertig abgekühltes Holz, Mittelstufe	1	2	NOMINAL_BLOCK	NOT_ACTION_LICENSED	0	NONE	NONE	NONE	NONE	NONE	NONE	fertig abgekühltes Holz, Mittelstufe	0	V68_WORDS_FROZEN__RELATION_METADATA_ONLY	NONE	NONE	NONE	NONE	NONE	fertig abgekühltes Holz, Mittelstufe	0	V69_TOKEN_GLOSS_BYTE_IDENTICAL__SEPARATE_WINDOW_METADATA	0	NONE	NONE	NOT_IN_ACTION_SURFACE_SCAN	fertig abgekühltes Holz, Mittelstufe	0	V70_TOKEN_GLOSS_BYTE_IDENTICAL__FRAME_REPLAY_METADATA_ONLY	NONE	NONE	NONE	NONE	fertig abgekühltes Holz, Mittelstufe	0	PASS_V72_YKA_II_III_SISTER_FRAME__5_CASES_2_REPLAY_1_NEW_B_EDGE_2_HELD__AIIN_UNBOUND__ZERO_WORD_DELTA	NONE	NONE	NONE	NONE	NONE	fertig abgekühltes Holz, Mittelstufe	0	PASS_V73_10_ANA_WINDOWS__1_EXACT_STATE_ONLY_2_WORKING_STATE_LIKE_2_DEICTIC__1_UNIQUE_CANDIDATE_1_NEW_B_EDGE__C011_OCCURRENCE_BOUND__ZERO_WORD_DELTA	NONE	NONE	NONE	NONE	NONE	NONE	fertig abgekühltes Holz, Mittelstufe	0	PASS_V74_11_EDGES__9_CONNECTED_COMPONENTS__23_EDGE_NODES_2_HULL_ONLY_1_STRUCTURAL__ZERO_EDGE_WORD_DELTA	NONE	NONE	NONE	NONE	NONE	NONE	NONE	NONE	NONE	NONE	fertig abgekühltes Holz, Mittelstufe	0	PASS_V75_11_TARGET_RIGHT_CONTEXTS__7_NOMINAL_3_ACTION_1_EOS__1_EXACT_WRITTEN_RESULT__2X2_DEFAULTS_REJECTED__C012_OCCURRENCE_BOUND__ZERO_WORD_DELTA	NONE	NONE	NONE	NONE	NONE	NONE	NONE	NONE	NONE	NONE	NONE	fertig abgekühltes Holz, Mittelstufe	0	PASS_V76_83_ACTION_RIGHT_CONTEXTS__60_NOMINAL_15_ACTION_8_EOS__7_FINISHED_STATE_FIRSTS__3_LOCAL_READS_4_OPEN__C013_C014_ADDED__ZERO_WORD_DELTA
f86v5	f86v5.4	9	dar	abgemessener Anteil I	abgemessener Anteil I	1	2	NOMINAL_BLOCK	NOT_ACTION_LICENSED	0	NONE	NONE	NONE	NONE	NONE	NONE	abgemessener Anteil I	0	V68_WORDS_FROZEN__RELATION_METADATA_ONLY	NONE	NONE	NONE	NONE	NONE	abgemessener Anteil I	0	V69_TOKEN_GLOSS_BYTE_IDENTICAL__SEPARATE_WINDOW_METADATA	0	NONE	NONE	NOT_IN_ACTION_SURFACE_SCAN	abgemessener Anteil I	0	V70_TOKEN_GLOSS_BYTE_IDENTICAL__FRAME_REPLAY_METADATA_ONLY	NONE	NONE	NONE	NONE	abgemessener Anteil I	0	PASS_V72_YKA_II_III_SISTER_FRAME__5_CASES_2_REPLAY_1_NEW_B_EDGE_2_HELD__AIIN_UNBOUND__ZERO_WORD_DELTA	NONE	NONE	NONE	NONE	NONE	abgemessener Anteil I	0	PASS_V73_10_ANA_WINDOWS__1_EXACT_STATE_ONLY_2_WORKING_STATE_LIKE_2_DEICTIC__1_UNIQUE_CANDIDATE_1_NEW_B_EDGE__C011_OCCURRENCE_BOUND__ZERO_WORD_DELTA	NONE	NONE	NONE	NONE	NONE	NONE	abgemessener Anteil I	0	PASS_V74_11_EDGES__9_CONNECTED_COMPONENTS__23_EDGE_NODES_2_HULL_ONLY_1_STRUCTURAL__ZERO_EDGE_WORD_DELTA	NONE	NONE	NONE	NONE	NONE	NONE	NONE	NONE	NONE	NONE	abgemessener Anteil I	0	PASS_V75_11_TARGET_RIGHT_CONTEXTS__7_NOMINAL_3_ACTION_1_EOS__1_EXACT_WRITTEN_RESULT__2X2_DEFAULTS_REJECTED__C012_OCCURRENCE_BOUND__ZERO_WORD_DELTA	NONE	NONE	NONE	NONE	NONE	NONE	NONE	NONE	NONE	NONE	NONE	abgemessener Anteil I	0	PASS_V76_83_ACTION_RIGHT_CONTEXTS__60_NOMINAL_15_ACTION_8_EOS__7_FINISHED_STATE_FIRSTS__3_LOCAL_READS_4_OPEN__C013_C014_ADDED__ZERO_WORD_DELTA
f86v5	f86v5.4	10	olkar	Anteil I des heißen Holzansatzes	Anteil I des heißen Holzansatzes	1	2	NOMINAL_BLOCK	NOT_ACTION_LICENSED	0	NONE	NONE	NONE	NONE	NONE	NONE	Anteil I des heißen Holzansatzes	0	V68_WORDS_FROZEN__RELATION_METADATA_ONLY	NONE	NONE	NONE	NONE	NONE	Anteil I des heißen Holzansatzes	0	V69_TOKEN_GLOSS_BYTE_IDENTICAL__SEPARATE_WINDOW_METADATA	0	NONE	NONE	NOT_IN_ACTION_SURFACE_SCAN	Anteil I des heißen Holzansatzes	0	V70_TOKEN_GLOSS_BYTE_IDENTICAL__FRAME_REPLAY_METADATA_ONLY	NONE	NONE	NONE	NONE	Anteil I des heißen Holzansatzes	0	PASS_V72_YKA_II_III_SISTER_FRAME__5_CASES_2_REPLAY_1_NEW_B_EDGE_2_HELD__AIIN_UNBOUND__ZERO_WORD_DELTA	NONE	NONE	NONE	NONE	NONE	Anteil I des heißen Holzansatzes	0	PASS_V73_10_ANA_WINDOWS__1_EXACT_STATE_ONLY_2_WORKING_STATE_LIKE_2_DEICTIC__1_UNIQUE_CANDIDATE_1_NEW_B_EDGE__C011_OCCURRENCE_BOUND__ZERO_WORD_DELTA	NONE	NONE	NONE	NONE	NONE	NONE	Anteil I des heißen Holzansatzes	0	PASS_V74_11_EDGES__9_CONNECTED_COMPONENTS__23_EDGE_NODES_2_HULL_ONLY_1_STRUCTURAL__ZERO_EDGE_WORD_DELTA	NONE	NONE	NONE	NONE	NONE	NONE	NONE	NONE	NONE	NONE	Anteil I des heißen Holzansatzes	0	PASS_V75_11_TARGET_RIGHT_CONTEXTS__7_NOMINAL_3_ACTION_1_EOS__1_EXACT_WRITTEN_RESULT__2X2_DEFAULTS_REJECTED__C012_OCCURRENCE_BOUND__ZERO_WORD_DELTA	NONE	NONE	NONE	NONE	NONE	NONE	NONE	NONE	NONE	NONE	NONE	Anteil I des heißen Holzansatzes	0	PASS_V76_83_ACTION_RIGHT_CONTEXTS__60_NOMINAL_15_ACTION_8_EOS__7_FINISHED_STATE_FIRSTS__3_LOCAL_READS_4_OPEN__C013_C014_ADDED__ZERO_WORD_DELTA
f86v5	f86v5.4	11	am	Maßeinheit I	Maßeinheit I	1	2	NOMINAL_BLOCK	NOT_ACTION_LICENSED	0	NONE	NONE	NONE	NONE	NONE	NONE	Maßeinheit I	0	V68_WORDS_FROZEN__RELATION_METADATA_ONLY	NONE	NONE	NONE	NONE	NONE	Maßeinheit I	0	V69_TOKEN_GLOSS_BYTE_IDENTICAL__SEPARATE_WINDOW_METADATA	0	NONE	NONE	NOT_IN_ACTION_SURFACE_SCAN	Maßeinheit I	0	V70_TOKEN_GLOSS_BYTE_IDENTICAL__FRAME_REPLAY_METADATA_ONLY	NONE	NONE	NONE	NONE	Maßeinheit I	0	PASS_V72_YKA_II_III_SISTER_FRAME__5_CASES_2_REPLAY_1_NEW_B_EDGE_2_HELD__AIIN_UNBOUND__ZERO_WORD_DELTA	NONE	NONE	NONE	NONE	NONE	Maßeinheit I	0	PASS_V73_10_ANA_WINDOWS__1_EXACT_STATE_ONLY_2_WORKING_STATE_LIKE_2_DEICTIC__1_UNIQUE_CANDIDATE_1_NEW_B_EDGE__C011_OCCURRENCE_BOUND__ZERO_WORD_DELTA	NONE	NONE	NONE	NONE	NONE	NONE	Maßeinheit I	0	PASS_V74_11_EDGES__9_CONNECTED_COMPONENTS__23_EDGE_NODES_2_HULL_ONLY_1_STRUCTURAL__ZERO_EDGE_WORD_DELTA	NONE	NONE	NONE	NONE	NONE	NONE	NONE	NONE	NONE	NONE	Maßeinheit I	0	PASS_V75_11_TARGET_RIGHT_CONTEXTS__7_NOMINAL_3_ACTION_1_EOS__1_EXACT_WRITTEN_RESULT__2X2_DEFAULTS_REJECTED__C012_OCCURRENCE_BOUND__ZERO_WORD_DELTA	NONE	NONE	NONE	NONE	NONE	NONE	NONE	NONE	NONE	NONE	NONE	Maßeinheit I	0	PASS_V76_83_ACTION_RIGHT_CONTEXTS__60_NOMINAL_15_ACTION_8_EOS__7_FINISHED_STATE_FIRSTS__3_LOCAL_READS_4_OPEN__C013_C014_ADDED__ZERO_WORD_DELTA
f86v6	f86v6.25	1	yteedy	hiervon bis zur Endstufe abkühlen	hiervon bis zur Endstufe abkühlen	1	1	ACTION_CLAUSE	GDT689_V62_ACTION_ORDINAL	1	NONE	NONE	NONE	R023	NONE	NONE	hiervon bis zur Endstufe abkühlen	0	V68_WORDS_FROZEN__RELATION_METADATA_ONLY	NONE	NONE	NONE	NONE	NONE	hiervon bis zur Endstufe abkühlen	0	V69_TOKEN_GLOSS_BYTE_IDENTICAL__SEPARATE_WINDOW_METADATA	0	NONE	NONE	NOT_IN_ACTION_SURFACE_SCAN	hiervon bis zur Endstufe abkühlen	0	V70_TOKEN_GLOSS_BYTE_IDENTICAL__FRAME_REPLAY_METADATA_ONLY	NONE	NONE	NONE	NONE	hiervon bis zur Endstufe abkühlen	0	PASS_V72_YKA_II_III_SISTER_FRAME__5_CASES_2_REPLAY_1_NEW_B_EDGE_2_HELD__AIIN_UNBOUND__ZERO_WORD_DELTA	NONE	NONE	NONE	NONE	NONE	hiervon bis zur Endstufe abkühlen	0	PASS_V73_10_ANA_WINDOWS__1_EXACT_STATE_ONLY_2_WORKING_STATE_LIKE_2_DEICTIC__1_UNIQUE_CANDIDATE_1_NEW_B_EDGE__C011_OCCURRENCE_BOUND__ZERO_WORD_DELTA	NONE	NONE	NONE	NONE	NONE	NONE	hiervon bis zur Endstufe abkühlen	0	PASS_V74_11_EDGES__9_CONNECTED_COMPONENTS__23_EDGE_NODES_2_HULL_ONLY_1_STRUCTURAL__ZERO_EDGE_WORD_DELTA	NONE	NONE	NONE	NONE	NONE	NONE	NONE	NONE	NONE	NONE	hiervon bis zur Endstufe abkühlen	0	PASS_V75_11_TARGET_RIGHT_CONTEXTS__7_NOMINAL_3_ACTION_1_EOS__1_EXACT_WRITTEN_RESULT__2X2_DEFAULTS_REJECTED__C012_OCCURRENCE_BOUND__ZERO_WORD_DELTA	A075	ACTION_CLAUSE:A075	NONE	NONE	NONE	NONE	NONE	NONE	NONE	NONE	NONE	hiervon bis zur Endstufe abkühlen	0	PASS_V76_83_ACTION_RIGHT_CONTEXTS__60_NOMINAL_15_ACTION_8_EOS__7_FINISHED_STATE_FIRSTS__3_LOCAL_READS_4_OPEN__C013_C014_ADDED__ZERO_WORD_DELTA
f86v6	f86v6.25	2	qokar	heißer Drogenanteil I	heißer Drogenanteil I	1	2	NOMINAL_BLOCK	NOT_ACTION_LICENSED	0	OUTPUT_LABEL:C007	C007	C007	NONE	NONE	NONE	heißer Drogenanteil I	0	V68_WORDS_FROZEN__RELATION_METADATA_ONLY	M007	OUTPUT_LABEL:C007	1	4	Aus dem Anteil I des heißen Holzansatzes einen heißen Drogenanteil I abmessen. Den so abgemessenen Drogenanteil I auf Stufe III erhitzen.	heißer Drogenanteil I	0	V69_TOKEN_GLOSS_BYTE_IDENTICAL__SEPARATE_WINDOW_METADATA	0	NONE	NONE	NOT_IN_ACTION_SURFACE_SCAN	heißer Drogenanteil I	0	V70_TOKEN_GLOSS_BYTE_IDENTICAL__FRAME_REPLAY_METADATA_ONLY	NONE	NONE	NONE	NONE	heißer Drogenanteil I	0	PASS_V72_YKA_II_III_SISTER_FRAME__5_CASES_2_REPLAY_1_NEW_B_EDGE_2_HELD__AIIN_UNBOUND__ZERO_WORD_DELTA	NONE	NONE	NONE	NONE	NONE	heißer Drogenanteil I	0	PASS_V73_10_ANA_WINDOWS__1_EXACT_STATE_ONLY_2_WORKING_STATE_LIKE_2_DEICTIC__1_UNIQUE_CANDIDATE_1_NEW_B_EDGE__C011_OCCURRENCE_BOUND__ZERO_WORD_DELTA	M007	1	OUTPUT_LABEL:C007	C007	EDGE_NODE	Aus dem Anteil I des heißen Holzansatzes einen heißen Drogenanteil I abmessen. Den so abgemessenen Drogenanteil I auf Stufe III erhitzen.	heißer Drogenanteil I	0	PASS_V74_11_EDGES__9_CONNECTED_COMPONENTS__23_EDGE_NODES_2_HULL_ONLY_1_STRUCTURAL__ZERO_EDGE_WORD_DELTA	NONE	NONE	NONE	M007	1	OUTPUT_LABEL:C007	C007	EDGE_NODE	Aus dem Anteil I des heißen Holzansatzes einen heißen Drogenanteil I abmessen. Den so abgemessenen Drogenanteil I auf Stufe III erhitzen.	NONE	heißer Drogenanteil I	0	PASS_V75_11_TARGET_RIGHT_CONTEXTS__7_NOMINAL_3_ACTION_1_EOS__1_EXACT_WRITTEN_RESULT__2X2_DEFAULTS_REJECTED__C012_OCCURRENCE_BOUND__ZERO_WORD_DELTA	A075	FIRST_RIGHT_ITEM:A075	NONE	NONE	M007	1	OUTPUT_LABEL:C007	C007	EDGE_NODE	Aus dem Anteil I des heißen Holzansatzes einen heißen Drogenanteil I abmessen. Den so abgemessenen Drogenanteil I auf Stufe III erhitzen.	NONE	heißer Drogenanteil I	0	PASS_V76_83_ACTION_RIGHT_CONTEXTS__60_NOMINAL_15_ACTION_8_EOS__7_FINISHED_STATE_FIRSTS__3_LOCAL_READS_4_OPEN__C013_C014_ADDED__ZERO_WORD_DELTA
f86v6	f86v6.25	3	olkar	Anteil I des heißen Holzansatzes	Anteil I des heißen Holzansatzes	1	2	NOMINAL_BLOCK	NOT_ACTION_LICENSED	0	DONOR_SOURCE_SHARE:C007	C007	C007	NONE	NONE	NONE	Anteil I des heißen Holzansatzes	0	V68_WORDS_FROZEN__RELATION_METADATA_ONLY	M007	DONOR_SOURCE_SHARE:C007	2	4	Aus dem Anteil I des heißen Holzansatzes einen heißen Drogenanteil I abmessen. Den so abgemessenen Drogenanteil I auf Stufe III erhitzen.	Anteil I des heißen Holzansatzes	0	V69_TOKEN_GLOSS_BYTE_IDENTICAL__SEPARATE_WINDOW_METADATA	0	NONE	NONE	NOT_IN_ACTION_SURFACE_SCAN	Anteil I des heißen Holzansatzes	0	V70_TOKEN_GLOSS_BYTE_IDENTICAL__FRAME_REPLAY_METADATA_ONLY	NONE	NONE	NONE	NONE	Anteil I des heißen Holzansatzes	0	PASS_V72_YKA_II_III_SISTER_FRAME__5_CASES_2_REPLAY_1_NEW_B_EDGE_2_HELD__AIIN_UNBOUND__ZERO_WORD_DELTA	NONE	NONE	NONE	NONE	NONE	Anteil I des heißen Holzansatzes	0	PASS_V73_10_ANA_WINDOWS__1_EXACT_STATE_ONLY_2_WORKING_STATE_LIKE_2_DEICTIC__1_UNIQUE_CANDIDATE_1_NEW_B_EDGE__C011_OCCURRENCE_BOUND__ZERO_WORD_DELTA	M007	2	DONOR_SOURCE_SHARE:C007	C007	EDGE_NODE	Aus dem Anteil I des heißen Holzansatzes einen heißen Drogenanteil I abmessen. Den so abgemessenen Drogenanteil I auf Stufe III erhitzen.	Anteil I des heißen Holzansatzes	0	PASS_V74_11_EDGES__9_CONNECTED_COMPONENTS__23_EDGE_NODES_2_HULL_ONLY_1_STRUCTURAL__ZERO_EDGE_WORD_DELTA	NONE	NONE	NONE	M007	2	DONOR_SOURCE_SHARE:C007	C007	EDGE_NODE	Aus dem Anteil I des heißen Holzansatzes einen heißen Drogenanteil I abmessen. Den so abgemessenen Drogenanteil I auf Stufe III erhitzen.	NONE	Anteil I des heißen Holzansatzes	0	PASS_V75_11_TARGET_RIGHT_CONTEXTS__7_NOMINAL_3_ACTION_1_EOS__1_EXACT_WRITTEN_RESULT__2X2_DEFAULTS_REJECTED__C012_OCCURRENCE_BOUND__ZERO_WORD_DELTA	NONE	NONE	NONE	NONE	M007	2	DONOR_SOURCE_SHARE:C007	C007	EDGE_NODE	Aus dem Anteil I des heißen Holzansatzes einen heißen Drogenanteil I abmessen. Den so abgemessenen Drogenanteil I auf Stufe III erhitzen.	NONE	Anteil I des heißen Holzansatzes	0	PASS_V76_83_ACTION_RIGHT_CONTEXTS__60_NOMINAL_15_ACTION_8_EOS__7_FINISHED_STATE_FIRSTS__3_LOCAL_READS_4_OPEN__C013_C014_ADDED__ZERO_WORD_DELTA
f86v6	f86v6.25	4	qodar	Drogenanteil I abmessen	Drogenanteil I abmessen	1	3	ACTION_CLAUSE	GDT689_V62_ACTION_ORDINAL	1	DONOR_ACTION_OUTPUT:C006|TARGET_ACTION:C007	C006|C007	C006	NONE	C007	NONE	Drogenanteil I abmessen	0	V68_WORDS_FROZEN__RELATION_METADATA_ONLY	M007	DONOR_ACTION_OUTPUT:C006|TARGET_ACTION:C007	3	4	Aus dem Anteil I des heißen Holzansatzes einen heißen Drogenanteil I abmessen. Den so abgemessenen Drogenanteil I auf Stufe III erhitzen.	Drogenanteil I abmessen	0	V69_TOKEN_GLOSS_BYTE_IDENTICAL__SEPARATE_WINDOW_METADATA	1	A009	T007	ALREADY_ADMITTED_EXACT_SELF_REPLAY	Drogenanteil I abmessen	0	V70_TOKEN_GLOSS_BYTE_IDENTICAL__FRAME_REPLAY_METADATA_ONLY	V72H002	NONE	NONE	NONE	Drogenanteil I abmessen	0	PASS_V72_YKA_II_III_SISTER_FRAME__5_CASES_2_REPLAY_1_NEW_B_EDGE_2_HELD__AIIN_UNBOUND__ZERO_WORD_DELTA	NONE	NONE	NONE	NONE	NONE	Drogenanteil I abmessen	0	PASS_V73_10_ANA_WINDOWS__1_EXACT_STATE_ONLY_2_WORKING_STATE_LIKE_2_DEICTIC__1_UNIQUE_CANDIDATE_1_NEW_B_EDGE__C011_OCCURRENCE_BOUND__ZERO_WORD_DELTA	M007	3	DONOR_ACTION_OUTPUT:C006|TARGET_ACTION:C007	C006|C007	EDGE_NODE	Aus dem Anteil I des heißen Holzansatzes einen heißen Drogenanteil I abmessen. Den so abgemessenen Drogenanteil I auf Stufe III erhitzen.	Drogenanteil I abmessen	0	PASS_V74_11_EDGES__9_CONNECTED_COMPONENTS__23_EDGE_NODES_2_HULL_ONLY_1_STRUCTURAL__ZERO_EDGE_WORD_DELTA	V75R007	TARGET_ACTION_CLAUSE:V75R007	NONE	M007	3	DONOR_ACTION_OUTPUT:C006|TARGET_ACTION:C007	C006|C007	EDGE_NODE	Aus dem Anteil I des heißen Holzansatzes einen heißen Drogenanteil I abmessen. Den so abgemessenen Drogenanteil I auf Stufe III erhitzen.	NONE	Drogenanteil I abmessen	0	PASS_V75_11_TARGET_RIGHT_CONTEXTS__7_NOMINAL_3_ACTION_1_EOS__1_EXACT_WRITTEN_RESULT__2X2_DEFAULTS_REJECTED__C012_OCCURRENCE_BOUND__ZERO_WORD_DELTA	A076	ACTION_CLAUSE:A076	NONE	NONE	M007	3	DONOR_ACTION_OUTPUT:C006|TARGET_ACTION:C007	C006|C007	EDGE_NODE	Aus dem Anteil I des heißen Holzansatzes einen heißen Drogenanteil I abmessen. Den so abgemessenen Drogenanteil I auf Stufe III erhitzen.	NONE	Drogenanteil I abmessen	0	PASS_V76_83_ACTION_RIGHT_CONTEXTS__60_NOMINAL_15_ACTION_8_EOS__7_FINISHED_STATE_FIRSTS__3_LOCAL_READS_4_OPEN__C013_C014_ADDED__ZERO_WORD_DELTA
f86v6	f86v6.25	5	ykaiin	erhitze hiervon auf Stufe III	erhitze hiervon auf Stufe III	1	4	ACTION_CLAUSE	GDT689_V62_ACTION_ORDINAL	1	REFERENCE:C006|TARGET_ACTION:C006	C006	NONE	R024	C006	NONE	erhitze hiervon auf Stufe III	0	V68_WORDS_FROZEN__RELATION_METADATA_ONLY	M007	REFERENCE:C006|TARGET_ACTION:C006	4	4	Aus dem Anteil I des heißen Holzansatzes einen heißen Drogenanteil I abmessen. Den so abgemessenen Drogenanteil I auf Stufe III erhitzen.	erhitze hiervon auf Stufe III	0	V69_TOKEN_GLOSS_BYTE_IDENTICAL__SEPARATE_WINDOW_METADATA	1	A010	T006	ALREADY_ADMITTED_EXACT_SELF_REPLAY	erhitze hiervon auf Stufe III	0	V70_TOKEN_GLOSS_BYTE_IDENTICAL__FRAME_REPLAY_METADATA_ONLY	V72H002	NONE	NONE	REPLAY_EXISTING_C006	erhitze hiervon auf Stufe III	0	PASS_V72_YKA_II_III_SISTER_FRAME__5_CASES_2_REPLAY_1_NEW_B_EDGE_2_HELD__AIIN_UNBOUND__ZERO_WORD_DELTA	NONE	NONE	NONE	NONE	NONE	erhitze hiervon auf Stufe III	0	PASS_V73_10_ANA_WINDOWS__1_EXACT_STATE_ONLY_2_WORKING_STATE_LIKE_2_DEICTIC__1_UNIQUE_CANDIDATE_1_NEW_B_EDGE__C011_OCCURRENCE_BOUND__ZERO_WORD_DELTA	M007	4	REFERENCE:C006|TARGET_ACTION:C006	C006	EDGE_NODE	Aus dem Anteil I des heißen Holzansatzes einen heißen Drogenanteil I abmessen. Den so abgemessenen Drogenanteil I auf Stufe III erhitzen.	erhitze hiervon auf Stufe III	0	PASS_V74_11_EDGES__9_CONNECTED_COMPONENTS__23_EDGE_NODES_2_HULL_ONLY_1_STRUCTURAL__ZERO_EDGE_WORD_DELTA	V75R006|V75R007	FIRST_RIGHT_SEMANTIC:V75R007|TARGET_ACTION_CLAUSE:V75R006	NONE	M007	4	REFERENCE:C006|TARGET_ACTION:C006	C006	EDGE_NODE	Aus dem Anteil I des heißen Holzansatzes einen heißen Drogenanteil I abmessen. Den so abgemessenen Drogenanteil I auf Stufe III erhitzen.	NONE	erhitze hiervon auf Stufe III	0	PASS_V75_11_TARGET_RIGHT_CONTEXTS__7_NOMINAL_3_ACTION_1_EOS__1_EXACT_WRITTEN_RESULT__2X2_DEFAULTS_REJECTED__C012_OCCURRENCE_BOUND__ZERO_WORD_DELTA	A076|A077	ACTION_CLAUSE:A077|FIRST_RIGHT_ITEM:A076	NONE	NONE	M007	4	REFERENCE:C006|TARGET_ACTION:C006	C006	EDGE_NODE	Aus dem Anteil I des heißen Holzansatzes einen heißen Drogenanteil I abmessen. Den so abgemessenen Drogenanteil I auf Stufe III erhitzen.	NONE	erhitze hiervon auf Stufe III	0	PASS_V76_83_ACTION_RIGHT_CONTEXTS__60_NOMINAL_15_ACTION_8_EOS__7_FINISHED_STATE_FIRSTS__3_LOCAL_READS_4_OPEN__C013_C014_ADDED__ZERO_WORD_DELTA
f86v6	f86v6.25	6	or	Drogenportion	Drogenportion	1	5	NOMINAL_BLOCK	NOT_ACTION_LICENSED	0	NONE	NONE	NONE	NONE	NONE	NONE	Drogenportion	0	V68_WORDS_FROZEN__RELATION_METADATA_ONLY	NONE	NONE	NONE	NONE	NONE	Drogenportion	0	V69_TOKEN_GLOSS_BYTE_IDENTICAL__SEPARATE_WINDOW_METADATA	0	NONE	NONE	NOT_IN_ACTION_SURFACE_SCAN	Drogenportion	0	V70_TOKEN_GLOSS_BYTE_IDENTICAL__FRAME_REPLAY_METADATA_ONLY	NONE	NONE	NONE	NONE	Drogenportion	0	PASS_V72_YKA_II_III_SISTER_FRAME__5_CASES_2_REPLAY_1_NEW_B_EDGE_2_HELD__AIIN_UNBOUND__ZERO_WORD_DELTA	NONE	NONE	NONE	NONE	NONE	Drogenportion	0	PASS_V73_10_ANA_WINDOWS__1_EXACT_STATE_ONLY_2_WORKING_STATE_LIKE_2_DEICTIC__1_UNIQUE_CANDIDATE_1_NEW_B_EDGE__C011_OCCURRENCE_BOUND__ZERO_WORD_DELTA	NONE	NONE	NONE	NONE	NONE	NONE	Drogenportion	0	PASS_V74_11_EDGES__9_CONNECTED_COMPONENTS__23_EDGE_NODES_2_HULL_ONLY_1_STRUCTURAL__ZERO_EDGE_WORD_DELTA	V75R006|V75R007	ANTI_SKIP_CONTROL:V75R007|FIRST_RIGHT_SEMANTIC:V75R006	NONE	NONE	NONE	NONE	NONE	NONE	NONE	NONE	Drogenportion	0	PASS_V75_11_TARGET_RIGHT_CONTEXTS__7_NOMINAL_3_ACTION_1_EOS__1_EXACT_WRITTEN_RESULT__2X2_DEFAULTS_REJECTED__C012_OCCURRENCE_BOUND__ZERO_WORD_DELTA	A077	FIRST_RIGHT_ITEM:A077	NONE	NONE	NONE	NONE	NONE	NONE	NONE	NONE	NONE	Drogenportion	0	PASS_V76_83_ACTION_RIGHT_CONTEXTS__60_NOMINAL_15_ACTION_8_EOS__7_FINISHED_STATE_FIRSTS__3_LOCAL_READS_4_OPEN__C013_C014_ADDED__ZERO_WORD_DELTA
f86v6	f86v6.25	7	okeeeey	Zubereitung vollständig bis zur letzten Heizstufe geführt	Zubereitung vollständig bis zur letzten Heizstufe geführt	1	5	NOMINAL_BLOCK	NOT_ACTION_LICENSED	0	NONE	NONE	NONE	NONE	NONE	NONE	Zubereitung vollständig bis zur letzten Heizstufe geführt	0	V68_WORDS_FROZEN__RELATION_METADATA_ONLY	NONE	NONE	NONE	NONE	NONE	Zubereitung vollständig bis zur letzten Heizstufe geführt	0	V69_TOKEN_GLOSS_BYTE_IDENTICAL__SEPARATE_WINDOW_METADATA	0	NONE	NONE	NOT_IN_ACTION_SURFACE_SCAN	Zubereitung vollständig bis zur letzten Heizstufe geführt	0	V70_TOKEN_GLOSS_BYTE_IDENTICAL__FRAME_REPLAY_METADATA_ONLY	NONE	NONE	NONE	NONE	Zubereitung vollständig bis zur letzten Heizstufe geführt	0	PASS_V72_YKA_II_III_SISTER_FRAME__5_CASES_2_REPLAY_1_NEW_B_EDGE_2_HELD__AIIN_UNBOUND__ZERO_WORD_DELTA	NONE	NONE	NONE	NONE	NONE	Zubereitung vollständig bis zur letzten Heizstufe geführt	0	PASS_V73_10_ANA_WINDOWS__1_EXACT_STATE_ONLY_2_WORKING_STATE_LIKE_2_DEICTIC__1_UNIQUE_CANDIDATE_1_NEW_B_EDGE__C011_OCCURRENCE_BOUND__ZERO_WORD_DELTA	NONE	NONE	NONE	NONE	NONE	NONE	Zubereitung vollständig bis zur letzten Heizstufe geführt	0	PASS_V74_11_EDGES__9_CONNECTED_COMPONENTS__23_EDGE_NODES_2_HULL_ONLY_1_STRUCTURAL__ZERO_EDGE_WORD_DELTA	V75R006	ANTI_SKIP_CONTROL:V75R006	NONE	NONE	NONE	NONE	NONE	NONE	NONE	NONE	Zubereitung vollständig bis zur letzten Heizstufe geführt	0	PASS_V75_11_TARGET_RIGHT_CONTEXTS__7_NOMINAL_3_ACTION_1_EOS__1_EXACT_WRITTEN_RESULT__2X2_DEFAULTS_REJECTED__C012_OCCURRENCE_BOUND__ZERO_WORD_DELTA	NONE	NONE	NONE	NONE	NONE	NONE	NONE	NONE	NONE	NONE	NONE	Zubereitung vollständig bis zur letzten Heizstufe geführt	0	PASS_V76_83_ACTION_RIGHT_CONTEXTS__60_NOMINAL_15_ACTION_8_EOS__7_FINISHED_STATE_FIRSTS__3_LOCAL_READS_4_OPEN__C013_C014_ADDED__ZERO_WORD_DELTA
f86v6	f86v6.25	8	ofchedy	fertig getrocknete Blütenmasse	fertig getrocknete Blütenmasse	1	5	NOMINAL_BLOCK	NOT_ACTION_LICENSED	0	NONE	NONE	NONE	NONE	NONE	NONE	fertig getrocknete Blütenmasse	0	V68_WORDS_FROZEN__RELATION_METADATA_ONLY	NONE	NONE	NONE	NONE	NONE	fertig getrocknete Blütenmasse	0	V69_TOKEN_GLOSS_BYTE_IDENTICAL__SEPARATE_WINDOW_METADATA	0	NONE	NONE	NOT_IN_ACTION_SURFACE_SCAN	fertig getrocknete Blütenmasse	0	V70_TOKEN_GLOSS_BYTE_IDENTICAL__FRAME_REPLAY_METADATA_ONLY	NONE	NONE	NONE	NONE	fertig getrocknete Blütenmasse	0	PASS_V72_YKA_II_III_SISTER_FRAME__5_CASES_2_REPLAY_1_NEW_B_EDGE_2_HELD__AIIN_UNBOUND__ZERO_WORD_DELTA	NONE	NONE	NONE	NONE	NONE	fertig getrocknete Blütenmasse	0	PASS_V73_10_ANA_WINDOWS__1_EXACT_STATE_ONLY_2_WORKING_STATE_LIKE_2_DEICTIC__1_UNIQUE_CANDIDATE_1_NEW_B_EDGE__C011_OCCURRENCE_BOUND__ZERO_WORD_DELTA	NONE	NONE	NONE	NONE	NONE	NONE	fertig getrocknete Blütenmasse	0	PASS_V74_11_EDGES__9_CONNECTED_COMPONENTS__23_EDGE_NODES_2_HULL_ONLY_1_STRUCTURAL__ZERO_EDGE_WORD_DELTA	V75R006	ANTI_SKIP_CONTROL:V75R006	NONE	NONE	NONE	NONE	NONE	NONE	NONE	NONE	fertig getrocknete Blütenmasse	0	PASS_V75_11_TARGET_RIGHT_CONTEXTS__7_NOMINAL_3_ACTION_1_EOS__1_EXACT_WRITTEN_RESULT__2X2_DEFAULTS_REJECTED__C012_OCCURRENCE_BOUND__ZERO_WORD_DELTA	NONE	NONE	NONE	NONE	NONE	NONE	NONE	NONE	NONE	NONE	NONE	fertig getrocknete Blütenmasse	0	PASS_V76_83_ACTION_RIGHT_CONTEXTS__60_NOMINAL_15_ACTION_8_EOS__7_FINISHED_STATE_FIRSTS__3_LOCAL_READS_4_OPEN__C013_C014_ADDED__ZERO_WORD_DELTA
f86v6	f86v6.25	9	qokaiin	heiß, Grad III	heiß, Grad III	1	5	NOMINAL_BLOCK	NOT_ACTION_LICENSED	0	NONE	NONE	NONE	NONE	NONE	NONE	heiß, Grad III	0	V68_WORDS_FROZEN__RELATION_METADATA_ONLY	NONE	NONE	NONE	NONE	NONE	heiß, Grad III	0	V69_TOKEN_GLOSS_BYTE_IDENTICAL__SEPARATE_WINDOW_METADATA	0	NONE	NONE	NOT_IN_ACTION_SURFACE_SCAN	heiß, Grad III	0	V70_TOKEN_GLOSS_BYTE_IDENTICAL__FRAME_REPLAY_METADATA_ONLY	NONE	NONE	NONE	NONE	heiß, Grad III	0	PASS_V72_YKA_II_III_SISTER_FRAME__5_CASES_2_REPLAY_1_NEW_B_EDGE_2_HELD__AIIN_UNBOUND__ZERO_WORD_DELTA	NONE	NONE	NONE	NONE	NONE	heiß, Grad III	0	PASS_V73_10_ANA_WINDOWS__1_EXACT_STATE_ONLY_2_WORKING_STATE_LIKE_2_DEICTIC__1_UNIQUE_CANDIDATE_1_NEW_B_EDGE__C011_OCCURRENCE_BOUND__ZERO_WORD_DELTA	NONE	NONE	NONE	NONE	NONE	NONE	heiß, Grad III	0	PASS_V74_11_EDGES__9_CONNECTED_COMPONENTS__23_EDGE_NODES_2_HULL_ONLY_1_STRUCTURAL__ZERO_EDGE_WORD_DELTA	NONE	NONE	NONE	NONE	NONE	NONE	NONE	NONE	NONE	NONE	heiß, Grad III	0	PASS_V75_11_TARGET_RIGHT_CONTEXTS__7_NOMINAL_3_ACTION_1_EOS__1_EXACT_WRITTEN_RESULT__2X2_DEFAULTS_REJECTED__C012_OCCURRENCE_BOUND__ZERO_WORD_DELTA	NONE	NONE	NONE	NONE	NONE	NONE	NONE	NONE	NONE	NONE	NONE	heiß, Grad III	0	PASS_V76_83_ACTION_RIGHT_CONTEXTS__60_NOMINAL_15_ACTION_8_EOS__7_FINISHED_STATE_FIRSTS__3_LOCAL_READS_4_OPEN__C013_C014_ADDED__ZERO_WORD_DELTA
f86v6	f86v6.25	10	araram	Drogenanteil I; davon ein Maß	Drogenanteil I; davon ein Maß	1	5	NOMINAL_BLOCK	NOT_ACTION_LICENSED	0	NONE	NONE	NONE	R025	NONE	NONE	Drogenanteil I; davon ein Maß	0	V68_WORDS_FROZEN__RELATION_METADATA_ONLY	NONE	NONE	NONE	NONE	NONE	Drogenanteil I; davon ein Maß	0	V69_TOKEN_GLOSS_BYTE_IDENTICAL__SEPARATE_WINDOW_METADATA	0	NONE	NONE	NOT_IN_ACTION_SURFACE_SCAN	Drogenanteil I; davon ein Maß	0	V70_TOKEN_GLOSS_BYTE_IDENTICAL__FRAME_REPLAY_METADATA_ONLY	NONE	NONE	NONE	NONE	Drogenanteil I; davon ein Maß	0	PASS_V72_YKA_II_III_SISTER_FRAME__5_CASES_2_REPLAY_1_NEW_B_EDGE_2_HELD__AIIN_UNBOUND__ZERO_WORD_DELTA	NONE	NONE	NONE	NONE	NONE	Drogenanteil I; davon ein Maß	0	PASS_V73_10_ANA_WINDOWS__1_EXACT_STATE_ONLY_2_WORKING_STATE_LIKE_2_DEICTIC__1_UNIQUE_CANDIDATE_1_NEW_B_EDGE__C011_OCCURRENCE_BOUND__ZERO_WORD_DELTA	NONE	NONE	NONE	NONE	NONE	NONE	Drogenanteil I; davon ein Maß	0	PASS_V74_11_EDGES__9_CONNECTED_COMPONENTS__23_EDGE_NODES_2_HULL_ONLY_1_STRUCTURAL__ZERO_EDGE_WORD_DELTA	NONE	NONE	NONE	NONE	NONE	NONE	NONE	NONE	NONE	NONE	Drogenanteil I; davon ein Maß	0	PASS_V75_11_TARGET_RIGHT_CONTEXTS__7_NOMINAL_3_ACTION_1_EOS__1_EXACT_WRITTEN_RESULT__2X2_DEFAULTS_REJECTED__C012_OCCURRENCE_BOUND__ZERO_WORD_DELTA	NONE	NONE	NONE	NONE	NONE	NONE	NONE	NONE	NONE	NONE	NONE	Drogenanteil I; davon ein Maß	0	PASS_V76_83_ACTION_RIGHT_CONTEXTS__60_NOMINAL_15_ACTION_8_EOS__7_FINISHED_STATE_FIRSTS__3_LOCAL_READS_4_OPEN__C013_C014_ADDED__ZERO_WORD_DELTA
f86v6	f86v6.31	1	dair	abgemessener Anteil II	abgemessener Anteil II	1	1	NOMINAL_BLOCK	NOT_ACTION_LICENSED	0	NONE	NONE	NONE	NONE	NONE	NONE	abgemessener Anteil II	0	V68_WORDS_FROZEN__RELATION_METADATA_ONLY	NONE	NONE	NONE	NONE	NONE	abgemessener Anteil II	0	V69_TOKEN_GLOSS_BYTE_IDENTICAL__SEPARATE_WINDOW_METADATA	0	NONE	NONE	NOT_IN_ACTION_SURFACE_SCAN	abgemessener Anteil II	0	V70_TOKEN_GLOSS_BYTE_IDENTICAL__FRAME_REPLAY_METADATA_ONLY	NONE	NONE	NONE	NONE	abgemessener Anteil II	0	PASS_V72_YKA_II_III_SISTER_FRAME__5_CASES_2_REPLAY_1_NEW_B_EDGE_2_HELD__AIIN_UNBOUND__ZERO_WORD_DELTA	NONE	NONE	NONE	NONE	NONE	abgemessener Anteil II	0	PASS_V73_10_ANA_WINDOWS__1_EXACT_STATE_ONLY_2_WORKING_STATE_LIKE_2_DEICTIC__1_UNIQUE_CANDIDATE_1_NEW_B_EDGE__C011_OCCURRENCE_BOUND__ZERO_WORD_DELTA	NONE	NONE	NONE	NONE	NONE	NONE	abgemessener Anteil II	0	PASS_V74_11_EDGES__9_CONNECTED_COMPONENTS__23_EDGE_NODES_2_HULL_ONLY_1_STRUCTURAL__ZERO_EDGE_WORD_DELTA	NONE	NONE	NONE	NONE	NONE	NONE	NONE	NONE	NONE	NONE	abgemessener Anteil II	0	PASS_V75_11_TARGET_RIGHT_CONTEXTS__7_NOMINAL_3_ACTION_1_EOS__1_EXACT_WRITTEN_RESULT__2X2_DEFAULTS_REJECTED__C012_OCCURRENCE_BOUND__ZERO_WORD_DELTA	NONE	NONE	NONE	NONE	NONE	NONE	NONE	NONE	NONE	NONE	NONE	abgemessener Anteil II	0	PASS_V76_83_ACTION_RIGHT_CONTEXTS__60_NOMINAL_15_ACTION_8_EOS__7_FINISHED_STATE_FIRSTS__3_LOCAL_READS_4_OPEN__C013_C014_ADDED__ZERO_WORD_DELTA
f86v6	f86v6.31	2	chepy	Trockenpulver in Grundform	Trockenpulver in Grundform	1	1	NOMINAL_BLOCK	NOT_ACTION_LICENSED	0	NONE	NONE	NONE	NONE	NONE	NONE	Trockenpulver in Grundform	0	V68_WORDS_FROZEN__RELATION_METADATA_ONLY	NONE	NONE	NONE	NONE	NONE	Trockenpulver in Grundform	0	V69_TOKEN_GLOSS_BYTE_IDENTICAL__SEPARATE_WINDOW_METADATA	0	NONE	NONE	NOT_IN_ACTION_SURFACE_SCAN	Trockenpulver in Grundform	0	V70_TOKEN_GLOSS_BYTE_IDENTICAL__FRAME_REPLAY_METADATA_ONLY	NONE	NONE	NONE	NONE	Trockenpulver in Grundform	0	PASS_V72_YKA_II_III_SISTER_FRAME__5_CASES_2_REPLAY_1_NEW_B_EDGE_2_HELD__AIIN_UNBOUND__ZERO_WORD_DELTA	NONE	NONE	NONE	NONE	NONE	Trockenpulver in Grundform	0	PASS_V73_10_ANA_WINDOWS__1_EXACT_STATE_ONLY_2_WORKING_STATE_LIKE_2_DEICTIC__1_UNIQUE_CANDIDATE_1_NEW_B_EDGE__C011_OCCURRENCE_BOUND__ZERO_WORD_DELTA	NONE	NONE	NONE	NONE	NONE	NONE	Trockenpulver in Grundform	0	PASS_V74_11_EDGES__9_CONNECTED_COMPONENTS__23_EDGE_NODES_2_HULL_ONLY_1_STRUCTURAL__ZERO_EDGE_WORD_DELTA	NONE	NONE	NONE	NONE	NONE	NONE	NONE	NONE	NONE	NONE	Trockenpulver in Grundform	0	PASS_V75_11_TARGET_RIGHT_CONTEXTS__7_NOMINAL_3_ACTION_1_EOS__1_EXACT_WRITTEN_RESULT__2X2_DEFAULTS_REJECTED__C012_OCCURRENCE_BOUND__ZERO_WORD_DELTA	NONE	NONE	NONE	NONE	NONE	NONE	NONE	NONE	NONE	NONE	NONE	Trockenpulver in Grundform	0	PASS_V76_83_ACTION_RIGHT_CONTEXTS__60_NOMINAL_15_ACTION_8_EOS__7_FINISHED_STATE_FIRSTS__3_LOCAL_READS_4_OPEN__C013_C014_ADDED__ZERO_WORD_DELTA
f86v6	f86v6.31	3	qokaiin	heiß, Grad III	heiß, Grad III	1	1	NOMINAL_BLOCK	NOT_ACTION_LICENSED	0	NONE	NONE	NONE	NONE	NONE	NONE	heiß, Grad III	0	V68_WORDS_FROZEN__RELATION_METADATA_ONLY	NONE	NONE	NONE	NONE	NONE	heiß, Grad III	0	V69_TOKEN_GLOSS_BYTE_IDENTICAL__SEPARATE_WINDOW_METADATA	0	NONE	NONE	NOT_IN_ACTION_SURFACE_SCAN	heiß, Grad III	0	V70_TOKEN_GLOSS_BYTE_IDENTICAL__FRAME_REPLAY_METADATA_ONLY	NONE	NONE	NONE	NONE	heiß, Grad III	0	PASS_V72_YKA_II_III_SISTER_FRAME__5_CASES_2_REPLAY_1_NEW_B_EDGE_2_HELD__AIIN_UNBOUND__ZERO_WORD_DELTA	NONE	NONE	NONE	NONE	NONE	heiß, Grad III	0	PASS_V73_10_ANA_WINDOWS__1_EXACT_STATE_ONLY_2_WORKING_STATE_LIKE_2_DEICTIC__1_UNIQUE_CANDIDATE_1_NEW_B_EDGE__C011_OCCURRENCE_BOUND__ZERO_WORD_DELTA	NONE	NONE	NONE	NONE	NONE	NONE	heiß, Grad III	0	PASS_V74_11_EDGES__9_CONNECTED_COMPONENTS__23_EDGE_NODES_2_HULL_ONLY_1_STRUCTURAL__ZERO_EDGE_WORD_DELTA	NONE	NONE	NONE	NONE	NONE	NONE	NONE	NONE	NONE	NONE	heiß, Grad III	0	PASS_V75_11_TARGET_RIGHT_CONTEXTS__7_NOMINAL_3_ACTION_1_EOS__1_EXACT_WRITTEN_RESULT__2X2_DEFAULTS_REJECTED__C012_OCCURRENCE_BOUND__ZERO_WORD_DELTA	NONE	NONE	NONE	NONE	NONE	NONE	NONE	NONE	NONE	NONE	NONE	heiß, Grad III	0	PASS_V76_83_ACTION_RIGHT_CONTEXTS__60_NOMINAL_15_ACTION_8_EOS__7_FINISHED_STATE_FIRSTS__3_LOCAL_READS_4_OPEN__C013_C014_ADDED__ZERO_WORD_DELTA
f86v6	f86v6.31	4	olkar	Anteil I des heißen Holzansatzes	Anteil I des heißen Holzansatzes	1	1	NOMINAL_BLOCK	NOT_ACTION_LICENSED	0	NONE	NONE	NONE	NONE	NONE	NONE	Anteil I des heißen Holzansatzes	0	V68_WORDS_FROZEN__RELATION_METADATA_ONLY	NONE	NONE	NONE	NONE	NONE	Anteil I des heißen Holzansatzes	0	V69_TOKEN_GLOSS_BYTE_IDENTICAL__SEPARATE_WINDOW_METADATA	0	NONE	NONE	NOT_IN_ACTION_SURFACE_SCAN	Anteil I des heißen Holzansatzes	0	V70_TOKEN_GLOSS_BYTE_IDENTICAL__FRAME_REPLAY_METADATA_ONLY	NONE	NONE	NONE	NONE	Anteil I des heißen Holzansatzes	0	PASS_V72_YKA_II_III_SISTER_FRAME__5_CASES_2_REPLAY_1_NEW_B_EDGE_2_HELD__AIIN_UNBOUND__ZERO_WORD_DELTA	NONE	NONE	NONE	NONE	NONE	Anteil I des heißen Holzansatzes	0	PASS_V73_10_ANA_WINDOWS__1_EXACT_STATE_ONLY_2_WORKING_STATE_LIKE_2_DEICTIC__1_UNIQUE_CANDIDATE_1_NEW_B_EDGE__C011_OCCURRENCE_BOUND__ZERO_WORD_DELTA	NONE	NONE	NONE	NONE	NONE	NONE	Anteil I des heißen Holzansatzes	0	PASS_V74_11_EDGES__9_CONNECTED_COMPONENTS__23_EDGE_NODES_2_HULL_ONLY_1_STRUCTURAL__ZERO_EDGE_WORD_DELTA	NONE	NONE	NONE	NONE	NONE	NONE	NONE	NONE	NONE	NONE	Anteil I des heißen Holzansatzes	0	PASS_V75_11_TARGET_RIGHT_CONTEXTS__7_NOMINAL_3_ACTION_1_EOS__1_EXACT_WRITTEN_RESULT__2X2_DEFAULTS_REJECTED__C012_OCCURRENCE_BOUND__ZERO_WORD_DELTA	NONE	NONE	NONE	NONE	NONE	NONE	NONE	NONE	NONE	NONE	NONE	Anteil I des heißen Holzansatzes	0	PASS_V76_83_ACTION_RIGHT_CONTEXTS__60_NOMINAL_15_ACTION_8_EOS__7_FINISHED_STATE_FIRSTS__3_LOCAL_READS_4_OPEN__C013_C014_ADDED__ZERO_WORD_DELTA
f86v6	f86v6.31	5	olkchdy	fertige heiß-trockene Drogenportion	fertige heiß-trockene Drogenportion	1	1	NOMINAL_BLOCK	NOT_ACTION_LICENSED	0	NONE	NONE	NONE	NONE	NONE	NONE	fertige heiß-trockene Drogenportion	0	V68_WORDS_FROZEN__RELATION_METADATA_ONLY	NONE	NONE	NONE	NONE	NONE	fertige heiß-trockene Drogenportion	0	V69_TOKEN_GLOSS_BYTE_IDENTICAL__SEPARATE_WINDOW_METADATA	0	NONE	NONE	NOT_IN_ACTION_SURFACE_SCAN	fertige heiß-trockene Drogenportion	0	V70_TOKEN_GLOSS_BYTE_IDENTICAL__FRAME_REPLAY_METADATA_ONLY	NONE	NONE	NONE	NONE	fertige heiß-trockene Drogenportion	0	PASS_V72_YKA_II_III_SISTER_FRAME__5_CASES_2_REPLAY_1_NEW_B_EDGE_2_HELD__AIIN_UNBOUND__ZERO_WORD_DELTA	NONE	NONE	NONE	NONE	NONE	fertige heiß-trockene Drogenportion	0	PASS_V73_10_ANA_WINDOWS__1_EXACT_STATE_ONLY_2_WORKING_STATE_LIKE_2_DEICTIC__1_UNIQUE_CANDIDATE_1_NEW_B_EDGE__C011_OCCURRENCE_BOUND__ZERO_WORD_DELTA	NONE	NONE	NONE	NONE	NONE	NONE	fertige heiß-trockene Drogenportion	0	PASS_V74_11_EDGES__9_CONNECTED_COMPONENTS__23_EDGE_NODES_2_HULL_ONLY_1_STRUCTURAL__ZERO_EDGE_WORD_DELTA	NONE	NONE	NONE	NONE	NONE	NONE	NONE	NONE	NONE	NONE	fertige heiß-trockene Drogenportion	0	PASS_V75_11_TARGET_RIGHT_CONTEXTS__7_NOMINAL_3_ACTION_1_EOS__1_EXACT_WRITTEN_RESULT__2X2_DEFAULTS_REJECTED__C012_OCCURRENCE_BOUND__ZERO_WORD_DELTA	NONE	NONE	NONE	NONE	NONE	NONE	NONE	NONE	NONE	NONE	NONE	fertige heiß-trockene Drogenportion	0	PASS_V76_83_ACTION_RIGHT_CONTEXTS__60_NOMINAL_15_ACTION_8_EOS__7_FINISHED_STATE_FIRSTS__3_LOCAL_READS_4_OPEN__C013_C014_ADDED__ZERO_WORD_DELTA
f86v6	f86v6.31	6	okar	Anteil I des heißen Ansatzes	Anteil I des heißen Ansatzes	1	1	NOMINAL_BLOCK	NOT_ACTION_LICENSED	0	NONE	NONE	NONE	NONE	NONE	NONE	Anteil I des heißen Ansatzes	0	V68_WORDS_FROZEN__RELATION_METADATA_ONLY	NONE	NONE	NONE	NONE	NONE	Anteil I des heißen Ansatzes	0	V69_TOKEN_GLOSS_BYTE_IDENTICAL__SEPARATE_WINDOW_METADATA	0	NONE	NONE	NOT_IN_ACTION_SURFACE_SCAN	Anteil I des heißen Ansatzes	0	V70_TOKEN_GLOSS_BYTE_IDENTICAL__FRAME_REPLAY_METADATA_ONLY	NONE	NONE	NONE	NONE	Anteil I des heißen Ansatzes	0	PASS_V72_YKA_II_III_SISTER_FRAME__5_CASES_2_REPLAY_1_NEW_B_EDGE_2_HELD__AIIN_UNBOUND__ZERO_WORD_DELTA	NONE	NONE	NONE	NONE	NONE	Anteil I des heißen Ansatzes	0	PASS_V73_10_ANA_WINDOWS__1_EXACT_STATE_ONLY_2_WORKING_STATE_LIKE_2_DEICTIC__1_UNIQUE_CANDIDATE_1_NEW_B_EDGE__C011_OCCURRENCE_BOUND__ZERO_WORD_DELTA	NONE	NONE	NONE	NONE	NONE	NONE	Anteil I des heißen Ansatzes	0	PASS_V74_11_EDGES__9_CONNECTED_COMPONENTS__23_EDGE_NODES_2_HULL_ONLY_1_STRUCTURAL__ZERO_EDGE_WORD_DELTA	NONE	NONE	NONE	NONE	NONE	NONE	NONE	NONE	NONE	NONE	Anteil I des heißen Ansatzes	0	PASS_V75_11_TARGET_RIGHT_CONTEXTS__7_NOMINAL_3_ACTION_1_EOS__1_EXACT_WRITTEN_RESULT__2X2_DEFAULTS_REJECTED__C012_OCCURRENCE_BOUND__ZERO_WORD_DELTA	NONE	NONE	NONE	NONE	NONE	NONE	NONE	NONE	NONE	NONE	NONE	Anteil I des heißen Ansatzes	0	PASS_V76_83_ACTION_RIGHT_CONTEXTS__60_NOMINAL_15_ACTION_8_EOS__7_FINISHED_STATE_FIRSTS__3_LOCAL_READS_4_OPEN__C013_C014_ADDED__ZERO_WORD_DELTA
f86v6	f86v6.31	7	al	Rohstoffklasse I	Rohstoffklasse I	1	1	NOMINAL_BLOCK	NOT_ACTION_LICENSED	0	NONE	NONE	NONE	NONE	NONE	NONE	Rohstoffklasse I	0	V68_WORDS_FROZEN__RELATION_METADATA_ONLY	NONE	NONE	NONE	NONE	NONE	Rohstoffklasse I	0	V69_TOKEN_GLOSS_BYTE_IDENTICAL__SEPARATE_WINDOW_METADATA	0	NONE	NONE	NOT_IN_ACTION_SURFACE_SCAN	Rohstoffklasse I	0	V70_TOKEN_GLOSS_BYTE_IDENTICAL__FRAME_REPLAY_METADATA_ONLY	NONE	NONE	NONE	NONE	Rohstoffklasse I	0	PASS_V72_YKA_II_III_SISTER_FRAME__5_CASES_2_REPLAY_1_NEW_B_EDGE_2_HELD__AIIN_UNBOUND__ZERO_WORD_DELTA	NONE	NONE	NONE	NONE	NONE	Rohstoffklasse I	0	PASS_V73_10_ANA_WINDOWS__1_EXACT_STATE_ONLY_2_WORKING_STATE_LIKE_2_DEICTIC__1_UNIQUE_CANDIDATE_1_NEW_B_EDGE__C011_OCCURRENCE_BOUND__ZERO_WORD_DELTA	NONE	NONE	NONE	NONE	NONE	NONE	Rohstoffklasse I	0	PASS_V74_11_EDGES__9_CONNECTED_COMPONENTS__23_EDGE_NODES_2_HULL_ONLY_1_STRUCTURAL__ZERO_EDGE_WORD_DELTA	NONE	NONE	NONE	NONE	NONE	NONE	NONE	NONE	NONE	NONE	Rohstoffklasse I	0	PASS_V75_11_TARGET_RIGHT_CONTEXTS__7_NOMINAL_3_ACTION_1_EOS__1_EXACT_WRITTEN_RESULT__2X2_DEFAULTS_REJECTED__C012_OCCURRENCE_BOUND__ZERO_WORD_DELTA	NONE	NONE	NONE	NONE	NONE	NONE	NONE	NONE	NONE	NONE	NONE	Rohstoffklasse I	0	PASS_V76_83_ACTION_RIGHT_CONTEXTS__60_NOMINAL_15_ACTION_8_EOS__7_FINISHED_STATE_FIRSTS__3_LOCAL_READS_4_OPEN__C013_C014_ADDED__ZERO_WORD_DELTA
f86v6	f86v6.31	8	dar	abgemessener Anteil I	abgemessener Anteil I	1	1	NOMINAL_BLOCK	NOT_ACTION_LICENSED	0	NONE	NONE	NONE	NONE	NONE	NONE	abgemessener Anteil I	0	V68_WORDS_FROZEN__RELATION_METADATA_ONLY	NONE	NONE	NONE	NONE	NONE	abgemessener Anteil I	0	V69_TOKEN_GLOSS_BYTE_IDENTICAL__SEPARATE_WINDOW_METADATA	0	NONE	NONE	NOT_IN_ACTION_SURFACE_SCAN	abgemessener Anteil I	0	V70_TOKEN_GLOSS_BYTE_IDENTICAL__FRAME_REPLAY_METADATA_ONLY	NONE	NONE	NONE	NONE	abgemessener Anteil I	0	PASS_V72_YKA_II_III_SISTER_FRAME__5_CASES_2_REPLAY_1_NEW_B_EDGE_2_HELD__AIIN_UNBOUND__ZERO_WORD_DELTA	NONE	NONE	NONE	NONE	NONE	abgemessener Anteil I	0	PASS_V73_10_ANA_WINDOWS__1_EXACT_STATE_ONLY_2_WORKING_STATE_LIKE_2_DEICTIC__1_UNIQUE_CANDIDATE_1_NEW_B_EDGE__C011_OCCURRENCE_BOUND__ZERO_WORD_DELTA	NONE	NONE	NONE	NONE	NONE	NONE	abgemessener Anteil I	0	PASS_V74_11_EDGES__9_CONNECTED_COMPONENTS__23_EDGE_NODES_2_HULL_ONLY_1_STRUCTURAL__ZERO_EDGE_WORD_DELTA	NONE	NONE	NONE	NONE	NONE	NONE	NONE	NONE	NONE	NONE	abgemessener Anteil I	0	PASS_V75_11_TARGET_RIGHT_CONTEXTS__7_NOMINAL_3_ACTION_1_EOS__1_EXACT_WRITTEN_RESULT__2X2_DEFAULTS_REJECTED__C012_OCCURRENCE_BOUND__ZERO_WORD_DELTA	NONE	NONE	NONE	NONE	NONE	NONE	NONE	NONE	NONE	NONE	NONE	abgemessener Anteil I	0	PASS_V76_83_ACTION_RIGHT_CONTEXTS__60_NOMINAL_15_ACTION_8_EOS__7_FINISHED_STATE_FIRSTS__3_LOCAL_READS_4_OPEN__C013_C014_ADDED__ZERO_WORD_DELTA
f86v6	f86v6.31	9	olkchey	erhitzter Holzansatz, bis Mittelstufe getrocknet	erhitzter Holzansatz, bis Mittelstufe getrocknet	1	1	NOMINAL_BLOCK	NOT_ACTION_LICENSED	0	NONE	NONE	NONE	NONE	NONE	NONE	erhitzter Holzansatz, bis Mittelstufe getrocknet	0	V68_WORDS_FROZEN__RELATION_METADATA_ONLY	NONE	NONE	NONE	NONE	NONE	erhitzter Holzansatz, bis Mittelstufe getrocknet	0	V69_TOKEN_GLOSS_BYTE_IDENTICAL__SEPARATE_WINDOW_METADATA	0	NONE	NONE	NOT_IN_ACTION_SURFACE_SCAN	erhitzter Holzansatz, bis Mittelstufe getrocknet	0	V70_TOKEN_GLOSS_BYTE_IDENTICAL__FRAME_REPLAY_METADATA_ONLY	NONE	NONE	NONE	NONE	erhitzter Holzansatz, bis Mittelstufe getrocknet	0	PASS_V72_YKA_II_III_SISTER_FRAME__5_CASES_2_REPLAY_1_NEW_B_EDGE_2_HELD__AIIN_UNBOUND__ZERO_WORD_DELTA	NONE	NONE	NONE	NONE	NONE	erhitzter Holzansatz, bis Mittelstufe getrocknet	0	PASS_V73_10_ANA_WINDOWS__1_EXACT_STATE_ONLY_2_WORKING_STATE_LIKE_2_DEICTIC__1_UNIQUE_CANDIDATE_1_NEW_B_EDGE__C011_OCCURRENCE_BOUND__ZERO_WORD_DELTA	NONE	NONE	NONE	NONE	NONE	NONE	erhitzter Holzansatz, bis Mittelstufe getrocknet	0	PASS_V74_11_EDGES__9_CONNECTED_COMPONENTS__23_EDGE_NODES_2_HULL_ONLY_1_STRUCTURAL__ZERO_EDGE_WORD_DELTA	NONE	NONE	NONE	NONE	NONE	NONE	NONE	NONE	NONE	NONE	erhitzter Holzansatz, bis Mittelstufe getrocknet	0	PASS_V75_11_TARGET_RIGHT_CONTEXTS__7_NOMINAL_3_ACTION_1_EOS__1_EXACT_WRITTEN_RESULT__2X2_DEFAULTS_REJECTED__C012_OCCURRENCE_BOUND__ZERO_WORD_DELTA	NONE	NONE	NONE	NONE	NONE	NONE	NONE	NONE	NONE	NONE	NONE	erhitzter Holzansatz, bis Mittelstufe getrocknet	0	PASS_V76_83_ACTION_RIGHT_CONTEXTS__60_NOMINAL_15_ACTION_8_EOS__7_FINISHED_STATE_FIRSTS__3_LOCAL_READS_4_OPEN__C013_C014_ADDED__ZERO_WORD_DELTA
f86v6	f86v6.31	10	otytam	aus dem Kaltansatz ein Maß nehmen und erneut kühlen	aus dem Kaltansatz ein Maß nehmen und erneut kühlen	1	2	ACTION_CLAUSE	GDT689_V62_ACTION_ORDINAL	2	NONE	NONE	NONE	NONE	NONE	NONE	aus dem Kaltansatz ein Maß nehmen und erneut kühlen	0	V68_WORDS_FROZEN__RELATION_METADATA_ONLY	NONE	NONE	NONE	NONE	NONE	aus dem Kaltansatz ein Maß nehmen und erneut kühlen	0	V69_TOKEN_GLOSS_BYTE_IDENTICAL__SEPARATE_WINDOW_METADATA	0	NONE	NONE	NOT_IN_ACTION_SURFACE_SCAN	aus dem Kaltansatz ein Maß nehmen und erneut kühlen	0	V70_TOKEN_GLOSS_BYTE_IDENTICAL__FRAME_REPLAY_METADATA_ONLY	NONE	NONE	NONE	NONE	aus dem Kaltansatz ein Maß nehmen und erneut kühlen	0	PASS_V72_YKA_II_III_SISTER_FRAME__5_CASES_2_REPLAY_1_NEW_B_EDGE_2_HELD__AIIN_UNBOUND__ZERO_WORD_DELTA	NONE	NONE	NONE	NONE	NONE	aus dem Kaltansatz ein Maß nehmen und erneut kühlen	0	PASS_V73_10_ANA_WINDOWS__1_EXACT_STATE_ONLY_2_WORKING_STATE_LIKE_2_DEICTIC__1_UNIQUE_CANDIDATE_1_NEW_B_EDGE__C011_OCCURRENCE_BOUND__ZERO_WORD_DELTA	NONE	NONE	NONE	NONE	NONE	NONE	aus dem Kaltansatz ein Maß nehmen und erneut kühlen	0	PASS_V74_11_EDGES__9_CONNECTED_COMPONENTS__23_EDGE_NODES_2_HULL_ONLY_1_STRUCTURAL__ZERO_EDGE_WORD_DELTA	NONE	NONE	NONE	NONE	NONE	NONE	NONE	NONE	NONE	NONE	aus dem Kaltansatz ein Maß nehmen und erneut kühlen	0	PASS_V75_11_TARGET_RIGHT_CONTEXTS__7_NOMINAL_3_ACTION_1_EOS__1_EXACT_WRITTEN_RESULT__2X2_DEFAULTS_REJECTED__C012_OCCURRENCE_BOUND__ZERO_WORD_DELTA	A078	ACTION_CLAUSE:A078	NONE	NONE	NONE	NONE	NONE	NONE	NONE	NONE	NONE	aus dem Kaltansatz ein Maß nehmen und erneut kühlen	0	PASS_V76_83_ACTION_RIGHT_CONTEXTS__60_NOMINAL_15_ACTION_8_EOS__7_FINISHED_STATE_FIRSTS__3_LOCAL_READS_4_OPEN__C013_C014_ADDED__ZERO_WORD_DELTA
f86v6	f86v6.31	11	orom	eine Handvoll Drogenmaterial als Portion	eine Handvoll Drogenmaterial als Portion	1	3	NOMINAL_BLOCK	NOT_ACTION_LICENSED	0	NONE	NONE	NONE	NONE	NONE	NONE	eine Handvoll Drogenmaterial als Portion	0	V68_WORDS_FROZEN__RELATION_METADATA_ONLY	NONE	NONE	NONE	NONE	NONE	eine Handvoll Drogenmaterial als Portion	0	V69_TOKEN_GLOSS_BYTE_IDENTICAL__SEPARATE_WINDOW_METADATA	0	NONE	NONE	NOT_IN_ACTION_SURFACE_SCAN	eine Handvoll Drogenmaterial als Portion	0	V70_TOKEN_GLOSS_BYTE_IDENTICAL__FRAME_REPLAY_METADATA_ONLY	NONE	NONE	NONE	NONE	eine Handvoll Drogenmaterial als Portion	0	PASS_V72_YKA_II_III_SISTER_FRAME__5_CASES_2_REPLAY_1_NEW_B_EDGE_2_HELD__AIIN_UNBOUND__ZERO_WORD_DELTA	NONE	NONE	NONE	NONE	NONE	eine Handvoll Drogenmaterial als Portion	0	PASS_V73_10_ANA_WINDOWS__1_EXACT_STATE_ONLY_2_WORKING_STATE_LIKE_2_DEICTIC__1_UNIQUE_CANDIDATE_1_NEW_B_EDGE__C011_OCCURRENCE_BOUND__ZERO_WORD_DELTA	NONE	NONE	NONE	NONE	NONE	NONE	eine Handvoll Drogenmaterial als Portion	0	PASS_V74_11_EDGES__9_CONNECTED_COMPONENTS__23_EDGE_NODES_2_HULL_ONLY_1_STRUCTURAL__ZERO_EDGE_WORD_DELTA	NONE	NONE	NONE	NONE	NONE	NONE	NONE	NONE	NONE	NONE	eine Handvoll Drogenmaterial als Portion	0	PASS_V75_11_TARGET_RIGHT_CONTEXTS__7_NOMINAL_3_ACTION_1_EOS__1_EXACT_WRITTEN_RESULT__2X2_DEFAULTS_REJECTED__C012_OCCURRENCE_BOUND__ZERO_WORD_DELTA	A078	FIRST_RIGHT_ITEM:A078	NONE	NONE	NONE	NONE	NONE	NONE	NONE	NONE	NONE	eine Handvoll Drogenmaterial als Portion	0	PASS_V76_83_ACTION_RIGHT_CONTEXTS__60_NOMINAL_15_ACTION_8_EOS__7_FINISHED_STATE_FIRSTS__3_LOCAL_READS_4_OPEN__C013_C014_ADDED__ZERO_WORD_DELTA
f86v6	f86v6.4	1	dshor	abgemessene Blütendroge	abgemessene Blütendroge	1	1	NOMINAL_BLOCK	NOT_ACTION_LICENSED	0	NONE	NONE	NONE	NONE	NONE	NONE	abgemessene Blütendroge	0	V68_WORDS_FROZEN__RELATION_METADATA_ONLY	NONE	NONE	NONE	NONE	NONE	abgemessene Blütendroge	0	V69_TOKEN_GLOSS_BYTE_IDENTICAL__SEPARATE_WINDOW_METADATA	0	NONE	NONE	NOT_IN_ACTION_SURFACE_SCAN	abgemessene Blütendroge	0	V70_TOKEN_GLOSS_BYTE_IDENTICAL__FRAME_REPLAY_METADATA_ONLY	NONE	NONE	NONE	NONE	abgemessene Blütendroge	0	PASS_V72_YKA_II_III_SISTER_FRAME__5_CASES_2_REPLAY_1_NEW_B_EDGE_2_HELD__AIIN_UNBOUND__ZERO_WORD_DELTA	NONE	NONE	NONE	NONE	NONE	abgemessene Blütendroge	0	PASS_V73_10_ANA_WINDOWS__1_EXACT_STATE_ONLY_2_WORKING_STATE_LIKE_2_DEICTIC__1_UNIQUE_CANDIDATE_1_NEW_B_EDGE__C011_OCCURRENCE_BOUND__ZERO_WORD_DELTA	NONE	NONE	NONE	NONE	NONE	NONE	abgemessene Blütendroge	0	PASS_V74_11_EDGES__9_CONNECTED_COMPONENTS__23_EDGE_NODES_2_HULL_ONLY_1_STRUCTURAL__ZERO_EDGE_WORD_DELTA	NONE	NONE	NONE	NONE	NONE	NONE	NONE	NONE	NONE	NONE	abgemessene Blütendroge	0	PASS_V75_11_TARGET_RIGHT_CONTEXTS__7_NOMINAL_3_ACTION_1_EOS__1_EXACT_WRITTEN_RESULT__2X2_DEFAULTS_REJECTED__C012_OCCURRENCE_BOUND__ZERO_WORD_DELTA	NONE	NONE	NONE	NONE	NONE	NONE	NONE	NONE	NONE	NONE	NONE	abgemessene Blütendroge	0	PASS_V76_83_ACTION_RIGHT_CONTEXTS__60_NOMINAL_15_ACTION_8_EOS__7_FINISHED_STATE_FIRSTS__3_LOCAL_READS_4_OPEN__C013_C014_ADDED__ZERO_WORD_DELTA
f86v6	f86v6.4	2	shdy	feuchte Anfangsstufe erreicht	feuchte Anfangsstufe erreicht	1	1	NOMINAL_BLOCK	NOT_ACTION_LICENSED	0	NONE	NONE	NONE	NONE	NONE	NONE	feuchte Anfangsstufe erreicht	0	V68_WORDS_FROZEN__RELATION_METADATA_ONLY	NONE	NONE	NONE	NONE	NONE	feuchte Anfangsstufe erreicht	0	V69_TOKEN_GLOSS_BYTE_IDENTICAL__SEPARATE_WINDOW_METADATA	0	NONE	NONE	NOT_IN_ACTION_SURFACE_SCAN	feuchte Anfangsstufe erreicht	0	V70_TOKEN_GLOSS_BYTE_IDENTICAL__FRAME_REPLAY_METADATA_ONLY	NONE	NONE	NONE	NONE	feuchte Anfangsstufe erreicht	0	PASS_V72_YKA_II_III_SISTER_FRAME__5_CASES_2_REPLAY_1_NEW_B_EDGE_2_HELD__AIIN_UNBOUND__ZERO_WORD_DELTA	NONE	NONE	NONE	NONE	NONE	feuchte Anfangsstufe erreicht	0	PASS_V73_10_ANA_WINDOWS__1_EXACT_STATE_ONLY_2_WORKING_STATE_LIKE_2_DEICTIC__1_UNIQUE_CANDIDATE_1_NEW_B_EDGE__C011_OCCURRENCE_BOUND__ZERO_WORD_DELTA	NONE	NONE	NONE	NONE	NONE	NONE	feuchte Anfangsstufe erreicht	0	PASS_V74_11_EDGES__9_CONNECTED_COMPONENTS__23_EDGE_NODES_2_HULL_ONLY_1_STRUCTURAL__ZERO_EDGE_WORD_DELTA	NONE	NONE	NONE	NONE	NONE	NONE	NONE	NONE	NONE	NONE	feuchte Anfangsstufe erreicht	0	PASS_V75_11_TARGET_RIGHT_CONTEXTS__7_NOMINAL_3_ACTION_1_EOS__1_EXACT_WRITTEN_RESULT__2X2_DEFAULTS_REJECTED__C012_OCCURRENCE_BOUND__ZERO_WORD_DELTA	NONE	NONE	NONE	NONE	NONE	NONE	NONE	NONE	NONE	NONE	NONE	feuchte Anfangsstufe erreicht	0	PASS_V76_83_ACTION_RIGHT_CONTEXTS__60_NOMINAL_15_ACTION_8_EOS__7_FINISHED_STATE_FIRSTS__3_LOCAL_READS_4_OPEN__C013_C014_ADDED__ZERO_WORD_DELTA
f86v6	f86v6.4	3	shor	Blüte	Blüte	1	1	NOMINAL_BLOCK	NOT_ACTION_LICENSED	0	NONE	NONE	NONE	NONE	NONE	NONE	Blüte	0	V68_WORDS_FROZEN__RELATION_METADATA_ONLY	NONE	NONE	NONE	NONE	NONE	Blüte	0	V69_TOKEN_GLOSS_BYTE_IDENTICAL__SEPARATE_WINDOW_METADATA	0	NONE	NONE	NOT_IN_ACTION_SURFACE_SCAN	Blüte	0	V70_TOKEN_GLOSS_BYTE_IDENTICAL__FRAME_REPLAY_METADATA_ONLY	NONE	NONE	NONE	NONE	Blüte	0	PASS_V72_YKA_II_III_SISTER_FRAME__5_CASES_2_REPLAY_1_NEW_B_EDGE_2_HELD__AIIN_UNBOUND__ZERO_WORD_DELTA	NONE	NONE	NONE	NONE	NONE	Blüte	0	PASS_V73_10_ANA_WINDOWS__1_EXACT_STATE_ONLY_2_WORKING_STATE_LIKE_2_DEICTIC__1_UNIQUE_CANDIDATE_1_NEW_B_EDGE__C011_OCCURRENCE_BOUND__ZERO_WORD_DELTA	NONE	NONE	NONE	NONE	NONE	NONE	Blüte	0	PASS_V74_11_EDGES__9_CONNECTED_COMPONENTS__23_EDGE_NODES_2_HULL_ONLY_1_STRUCTURAL__ZERO_EDGE_WORD_DELTA	NONE	NONE	NONE	NONE	NONE	NONE	NONE	NONE	NONE	NONE	Blüte	0	PASS_V75_11_TARGET_RIGHT_CONTEXTS__7_NOMINAL_3_ACTION_1_EOS__1_EXACT_WRITTEN_RESULT__2X2_DEFAULTS_REJECTED__C012_OCCURRENCE_BOUND__ZERO_WORD_DELTA	NONE	NONE	NONE	NONE	NONE	NONE	NONE	NONE	NONE	NONE	NONE	Blüte	0	PASS_V76_83_ACTION_RIGHT_CONTEXTS__60_NOMINAL_15_ACTION_8_EOS__7_FINISHED_STATE_FIRSTS__3_LOCAL_READS_4_OPEN__C013_C014_ADDED__ZERO_WORD_DELTA
f86v6	f86v6.4	4	ol	Grundansatz	Grundansatz	1	1	NOMINAL_BLOCK	NOT_ACTION_LICENSED	0	NONE	NONE	NONE	NONE	NONE	NONE	Grundansatz	0	V68_WORDS_FROZEN__RELATION_METADATA_ONLY	NONE	NONE	NONE	NONE	NONE	Grundansatz	0	V69_TOKEN_GLOSS_BYTE_IDENTICAL__SEPARATE_WINDOW_METADATA	0	NONE	NONE	NOT_IN_ACTION_SURFACE_SCAN	Grundansatz	0	V70_TOKEN_GLOSS_BYTE_IDENTICAL__FRAME_REPLAY_METADATA_ONLY	NONE	NONE	NONE	NONE	Grundansatz	0	PASS_V72_YKA_II_III_SISTER_FRAME__5_CASES_2_REPLAY_1_NEW_B_EDGE_2_HELD__AIIN_UNBOUND__ZERO_WORD_DELTA	NONE	NONE	NONE	NONE	NONE	Grundansatz	0	PASS_V73_10_ANA_WINDOWS__1_EXACT_STATE_ONLY_2_WORKING_STATE_LIKE_2_DEICTIC__1_UNIQUE_CANDIDATE_1_NEW_B_EDGE__C011_OCCURRENCE_BOUND__ZERO_WORD_DELTA	NONE	NONE	NONE	NONE	NONE	NONE	Grundansatz	0	PASS_V74_11_EDGES__9_CONNECTED_COMPONENTS__23_EDGE_NODES_2_HULL_ONLY_1_STRUCTURAL__ZERO_EDGE_WORD_DELTA	NONE	NONE	NONE	NONE	NONE	NONE	NONE	NONE	NONE	NONE	Grundansatz	0	PASS_V75_11_TARGET_RIGHT_CONTEXTS__7_NOMINAL_3_ACTION_1_EOS__1_EXACT_WRITTEN_RESULT__2X2_DEFAULTS_REJECTED__C012_OCCURRENCE_BOUND__ZERO_WORD_DELTA	NONE	NONE	NONE	NONE	NONE	NONE	NONE	NONE	NONE	NONE	NONE	Grundansatz	0	PASS_V76_83_ACTION_RIGHT_CONTEXTS__60_NOMINAL_15_ACTION_8_EOS__7_FINISHED_STATE_FIRSTS__3_LOCAL_READS_4_OPEN__C013_C014_ADDED__ZERO_WORD_DELTA
f86v6	f86v6.4	5	aiin	Menge III	Menge III	1	1	NOMINAL_BLOCK	NOT_ACTION_LICENSED	0	NONE	NONE	NONE	NONE	NONE	NONE	Menge III	0	V68_WORDS_FROZEN__RELATION_METADATA_ONLY	NONE	NONE	NONE	NONE	NONE	Menge III	0	V69_TOKEN_GLOSS_BYTE_IDENTICAL__SEPARATE_WINDOW_METADATA	0	NONE	NONE	NOT_IN_ACTION_SURFACE_SCAN	Menge III	0	V70_TOKEN_GLOSS_BYTE_IDENTICAL__FRAME_REPLAY_METADATA_ONLY	NONE	NONE	NONE	NONE	Menge III	0	PASS_V72_YKA_II_III_SISTER_FRAME__5_CASES_2_REPLAY_1_NEW_B_EDGE_2_HELD__AIIN_UNBOUND__ZERO_WORD_DELTA	NONE	NONE	NONE	NONE	NONE	Menge III	0	PASS_V73_10_ANA_WINDOWS__1_EXACT_STATE_ONLY_2_WORKING_STATE_LIKE_2_DEICTIC__1_UNIQUE_CANDIDATE_1_NEW_B_EDGE__C011_OCCURRENCE_BOUND__ZERO_WORD_DELTA	NONE	NONE	NONE	NONE	NONE	NONE	Menge III	0	PASS_V74_11_EDGES__9_CONNECTED_COMPONENTS__23_EDGE_NODES_2_HULL_ONLY_1_STRUCTURAL__ZERO_EDGE_WORD_DELTA	NONE	NONE	NONE	NONE	NONE	NONE	NONE	NONE	NONE	NONE	Menge III	0	PASS_V75_11_TARGET_RIGHT_CONTEXTS__7_NOMINAL_3_ACTION_1_EOS__1_EXACT_WRITTEN_RESULT__2X2_DEFAULTS_REJECTED__C012_OCCURRENCE_BOUND__ZERO_WORD_DELTA	NONE	NONE	NONE	NONE	NONE	NONE	NONE	NONE	NONE	NONE	NONE	Menge III	0	PASS_V76_83_ACTION_RIGHT_CONTEXTS__60_NOMINAL_15_ACTION_8_EOS__7_FINISHED_STATE_FIRSTS__3_LOCAL_READS_4_OPEN__C013_C014_ADDED__ZERO_WORD_DELTA
f86v6	f86v6.4	6	olkeedy	Holzansatz vollständig erhitzt	Holzansatz vollständig erhitzt	1	1	NOMINAL_BLOCK	NOT_ACTION_LICENSED	0	NONE	NONE	NONE	NONE	NONE	NONE	Holzansatz vollständig erhitzt	0	V68_WORDS_FROZEN__RELATION_METADATA_ONLY	NONE	NONE	NONE	NONE	NONE	Holzansatz vollständig erhitzt	0	V69_TOKEN_GLOSS_BYTE_IDENTICAL__SEPARATE_WINDOW_METADATA	0	NONE	NONE	NOT_IN_ACTION_SURFACE_SCAN	Holzansatz vollständig erhitzt	0	V70_TOKEN_GLOSS_BYTE_IDENTICAL__FRAME_REPLAY_METADATA_ONLY	NONE	NONE	NONE	NONE	Holzansatz vollständig erhitzt	0	PASS_V72_YKA_II_III_SISTER_FRAME__5_CASES_2_REPLAY_1_NEW_B_EDGE_2_HELD__AIIN_UNBOUND__ZERO_WORD_DELTA	NONE	NONE	NONE	NONE	NONE	Holzansatz vollständig erhitzt	0	PASS_V73_10_ANA_WINDOWS__1_EXACT_STATE_ONLY_2_WORKING_STATE_LIKE_2_DEICTIC__1_UNIQUE_CANDIDATE_1_NEW_B_EDGE__C011_OCCURRENCE_BOUND__ZERO_WORD_DELTA	NONE	NONE	NONE	NONE	NONE	NONE	Holzansatz vollständig erhitzt	0	PASS_V74_11_EDGES__9_CONNECTED_COMPONENTS__23_EDGE_NODES_2_HULL_ONLY_1_STRUCTURAL__ZERO_EDGE_WORD_DELTA	NONE	NONE	NONE	NONE	NONE	NONE	NONE	NONE	NONE	NONE	Holzansatz vollständig erhitzt	0	PASS_V75_11_TARGET_RIGHT_CONTEXTS__7_NOMINAL_3_ACTION_1_EOS__1_EXACT_WRITTEN_RESULT__2X2_DEFAULTS_REJECTED__C012_OCCURRENCE_BOUND__ZERO_WORD_DELTA	NONE	NONE	NONE	NONE	NONE	NONE	NONE	NONE	NONE	NONE	NONE	Holzansatz vollständig erhitzt	0	PASS_V76_83_ACTION_RIGHT_CONTEXTS__60_NOMINAL_15_ACTION_8_EOS__7_FINISHED_STATE_FIRSTS__3_LOCAL_READS_4_OPEN__C013_C014_ADDED__ZERO_WORD_DELTA
f86v6	f86v6.4	7	shdal	feuchte abgemessene Rohstoffmenge I am Gradanfang	feuchte abgemessene Rohstoffmenge I am Gradanfang	1	1	NOMINAL_BLOCK	NOT_ACTION_LICENSED	0	NONE	NONE	NONE	NONE	NONE	NONE	feuchte abgemessene Rohstoffmenge I am Gradanfang	0	V68_WORDS_FROZEN__RELATION_METADATA_ONLY	NONE	NONE	NONE	NONE	NONE	feuchte abgemessene Rohstoffmenge I am Gradanfang	0	V69_TOKEN_GLOSS_BYTE_IDENTICAL__SEPARATE_WINDOW_METADATA	0	NONE	NONE	NOT_IN_ACTION_SURFACE_SCAN	feuchte abgemessene Rohstoffmenge I am Gradanfang	0	V70_TOKEN_GLOSS_BYTE_IDENTICAL__FRAME_REPLAY_METADATA_ONLY	NONE	NONE	NONE	NONE	feuchte abgemessene Rohstoffmenge I am Gradanfang	0	PASS_V72_YKA_II_III_SISTER_FRAME__5_CASES_2_REPLAY_1_NEW_B_EDGE_2_HELD__AIIN_UNBOUND__ZERO_WORD_DELTA	NONE	NONE	NONE	NONE	NONE	feuchte abgemessene Rohstoffmenge I am Gradanfang	0	PASS_V73_10_ANA_WINDOWS__1_EXACT_STATE_ONLY_2_WORKING_STATE_LIKE_2_DEICTIC__1_UNIQUE_CANDIDATE_1_NEW_B_EDGE__C011_OCCURRENCE_BOUND__ZERO_WORD_DELTA	NONE	NONE	NONE	NONE	NONE	NONE	feuchte abgemessene Rohstoffmenge I am Gradanfang	0	PASS_V74_11_EDGES__9_CONNECTED_COMPONENTS__23_EDGE_NODES_2_HULL_ONLY_1_STRUCTURAL__ZERO_EDGE_WORD_DELTA	NONE	NONE	NONE	NONE	NONE	NONE	NONE	NONE	NONE	NONE	feuchte abgemessene Rohstoffmenge I am Gradanfang	0	PASS_V75_11_TARGET_RIGHT_CONTEXTS__7_NOMINAL_3_ACTION_1_EOS__1_EXACT_WRITTEN_RESULT__2X2_DEFAULTS_REJECTED__C012_OCCURRENCE_BOUND__ZERO_WORD_DELTA	NONE	NONE	NONE	NONE	NONE	NONE	NONE	NONE	NONE	NONE	NONE	feuchte abgemessene Rohstoffmenge I am Gradanfang	0	PASS_V76_83_ACTION_RIGHT_CONTEXTS__60_NOMINAL_15_ACTION_8_EOS__7_FINISHED_STATE_FIRSTS__3_LOCAL_READS_4_OPEN__C013_C014_ADDED__ZERO_WORD_DELTA
f86v6	f86v6.4	8	oteor	eine Portion kalten Ansatzes, Mittelstufe	eine Portion kalten Ansatzes, Mittelstufe	1	1	NOMINAL_BLOCK	NOT_ACTION_LICENSED	0	NONE	NONE	NONE	NONE	NONE	NONE	eine Portion kalten Ansatzes, Mittelstufe	0	V68_WORDS_FROZEN__RELATION_METADATA_ONLY	NONE	NONE	NONE	NONE	NONE	eine Portion kalten Ansatzes, Mittelstufe	0	V69_TOKEN_GLOSS_BYTE_IDENTICAL__SEPARATE_WINDOW_METADATA	0	NONE	NONE	NOT_IN_ACTION_SURFACE_SCAN	eine Portion kalten Ansatzes, Mittelstufe	0	V70_TOKEN_GLOSS_BYTE_IDENTICAL__FRAME_REPLAY_METADATA_ONLY	NONE	NONE	NONE	NONE	eine Portion kalten Ansatzes, Mittelstufe	0	PASS_V72_YKA_II_III_SISTER_FRAME__5_CASES_2_REPLAY_1_NEW_B_EDGE_2_HELD__AIIN_UNBOUND__ZERO_WORD_DELTA	NONE	NONE	NONE	NONE	NONE	eine Portion kalten Ansatzes, Mittelstufe	0	PASS_V73_10_ANA_WINDOWS__1_EXACT_STATE_ONLY_2_WORKING_STATE_LIKE_2_DEICTIC__1_UNIQUE_CANDIDATE_1_NEW_B_EDGE__C011_OCCURRENCE_BOUND__ZERO_WORD_DELTA	NONE	NONE	NONE	NONE	NONE	NONE	eine Portion kalten Ansatzes, Mittelstufe	0	PASS_V74_11_EDGES__9_CONNECTED_COMPONENTS__23_EDGE_NODES_2_HULL_ONLY_1_STRUCTURAL__ZERO_EDGE_WORD_DELTA	NONE	NONE	NONE	NONE	NONE	NONE	NONE	NONE	NONE	NONE	eine Portion kalten Ansatzes, Mittelstufe	0	PASS_V75_11_TARGET_RIGHT_CONTEXTS__7_NOMINAL_3_ACTION_1_EOS__1_EXACT_WRITTEN_RESULT__2X2_DEFAULTS_REJECTED__C012_OCCURRENCE_BOUND__ZERO_WORD_DELTA	NONE	NONE	NONE	NONE	NONE	NONE	NONE	NONE	NONE	NONE	NONE	eine Portion kalten Ansatzes, Mittelstufe	0	PASS_V76_83_ACTION_RIGHT_CONTEXTS__60_NOMINAL_15_ACTION_8_EOS__7_FINISHED_STATE_FIRSTS__3_LOCAL_READS_4_OPEN__C013_C014_ADDED__ZERO_WORD_DELTA
f86v6	f86v6.4	9	chdar	abgemessener trockener Drogenanteil I	abgemessener trockener Drogenanteil I	1	1	NOMINAL_BLOCK	NOT_ACTION_LICENSED	0	NONE	NONE	NONE	NONE	NONE	NONE	abgemessener trockener Drogenanteil I	0	V68_WORDS_FROZEN__RELATION_METADATA_ONLY	NONE	NONE	NONE	NONE	NONE	abgemessener trockener Drogenanteil I	0	V69_TOKEN_GLOSS_BYTE_IDENTICAL__SEPARATE_WINDOW_METADATA	0	NONE	NONE	NOT_IN_ACTION_SURFACE_SCAN	abgemessener trockener Drogenanteil I	0	V70_TOKEN_GLOSS_BYTE_IDENTICAL__FRAME_REPLAY_METADATA_ONLY	NONE	NONE	NONE	NONE	abgemessener trockener Drogenanteil I	0	PASS_V72_YKA_II_III_SISTER_FRAME__5_CASES_2_REPLAY_1_NEW_B_EDGE_2_HELD__AIIN_UNBOUND__ZERO_WORD_DELTA	NONE	NONE	NONE	NONE	NONE	abgemessener trockener Drogenanteil I	0	PASS_V73_10_ANA_WINDOWS__1_EXACT_STATE_ONLY_2_WORKING_STATE_LIKE_2_DEICTIC__1_UNIQUE_CANDIDATE_1_NEW_B_EDGE__C011_OCCURRENCE_BOUND__ZERO_WORD_DELTA	NONE	NONE	NONE	NONE	NONE	NONE	abgemessener trockener Drogenanteil I	0	PASS_V74_11_EDGES__9_CONNECTED_COMPONENTS__23_EDGE_NODES_2_HULL_ONLY_1_STRUCTURAL__ZERO_EDGE_WORD_DELTA	NONE	NONE	NONE	NONE	NONE	NONE	NONE	NONE	NONE	NONE	abgemessener trockener Drogenanteil I	0	PASS_V75_11_TARGET_RIGHT_CONTEXTS__7_NOMINAL_3_ACTION_1_EOS__1_EXACT_WRITTEN_RESULT__2X2_DEFAULTS_REJECTED__C012_OCCURRENCE_BOUND__ZERO_WORD_DELTA	NONE	NONE	NONE	NONE	NONE	NONE	NONE	NONE	NONE	NONE	NONE	abgemessener trockener Drogenanteil I	0	PASS_V76_83_ACTION_RIGHT_CONTEXTS__60_NOMINAL_15_ACTION_8_EOS__7_FINISHED_STATE_FIRSTS__3_LOCAL_READS_4_OPEN__C013_C014_ADDED__ZERO_WORD_DELTA
f86v6	f86v6.4	10	l	Holz, gebundene Anschlussform	Holz, gebundene Anschlussform	1	1	NOMINAL_BLOCK	NOT_ACTION_LICENSED	0	NONE	NONE	NONE	NONE	NONE	NONE	Holz, gebundene Anschlussform	0	V68_WORDS_FROZEN__RELATION_METADATA_ONLY	NONE	NONE	NONE	NONE	NONE	Holz, gebundene Anschlussform	0	V69_TOKEN_GLOSS_BYTE_IDENTICAL__SEPARATE_WINDOW_METADATA	0	NONE	NONE	NOT_IN_ACTION_SURFACE_SCAN	Holz, gebundene Anschlussform	0	V70_TOKEN_GLOSS_BYTE_IDENTICAL__FRAME_REPLAY_METADATA_ONLY	NONE	NONE	NONE	NONE	Holz, gebundene Anschlussform	0	PASS_V72_YKA_II_III_SISTER_FRAME__5_CASES_2_REPLAY_1_NEW_B_EDGE_2_HELD__AIIN_UNBOUND__ZERO_WORD_DELTA	NONE	NONE	NONE	NONE	NONE	Holz, gebundene Anschlussform	0	PASS_V73_10_ANA_WINDOWS__1_EXACT_STATE_ONLY_2_WORKING_STATE_LIKE_2_DEICTIC__1_UNIQUE_CANDIDATE_1_NEW_B_EDGE__C011_OCCURRENCE_BOUND__ZERO_WORD_DELTA	NONE	NONE	NONE	NONE	NONE	NONE	Holz, gebundene Anschlussform	0	PASS_V74_11_EDGES__9_CONNECTED_COMPONENTS__23_EDGE_NODES_2_HULL_ONLY_1_STRUCTURAL__ZERO_EDGE_WORD_DELTA	NONE	NONE	NONE	NONE	NONE	NONE	NONE	NONE	NONE	NONE	Holz, gebundene Anschlussform	0	PASS_V75_11_TARGET_RIGHT_CONTEXTS__7_NOMINAL_3_ACTION_1_EOS__1_EXACT_WRITTEN_RESULT__2X2_DEFAULTS_REJECTED__C012_OCCURRENCE_BOUND__ZERO_WORD_DELTA	NONE	NONE	NONE	NONE	NONE	NONE	NONE	NONE	NONE	NONE	NONE	Holz, gebundene Anschlussform	0	PASS_V76_83_ACTION_RIGHT_CONTEXTS__60_NOMINAL_15_ACTION_8_EOS__7_FINISHED_STATE_FIRSTS__3_LOCAL_READS_4_OPEN__C013_C014_ADDED__ZERO_WORD_DELTA
f86v6	f86v6.4	11	karchees	vollständig getrocknete Kräutercharge des heißen Drogenanteils I	vollständig getrocknete Kräutercharge des heißen Drogenanteils I	1	1	NOMINAL_BLOCK	NOT_ACTION_LICENSED	0	NONE	NONE	NONE	NONE	NONE	NONE	vollständig getrocknete Kräutercharge des heißen Drogenanteils I	0	V68_WORDS_FROZEN__RELATION_METADATA_ONLY	NONE	NONE	NONE	NONE	NONE	vollständig getrocknete Kräutercharge des heißen Drogenanteils I	0	V69_TOKEN_GLOSS_BYTE_IDENTICAL__SEPARATE_WINDOW_METADATA	0	NONE	NONE	NOT_IN_ACTION_SURFACE_SCAN	vollständig getrocknete Kräutercharge des heißen Drogenanteils I	0	V70_TOKEN_GLOSS_BYTE_IDENTICAL__FRAME_REPLAY_METADATA_ONLY	NONE	NONE	NONE	NONE	vollständig getrocknete Kräutercharge des heißen Drogenanteils I	0	PASS_V72_YKA_II_III_SISTER_FRAME__5_CASES_2_REPLAY_1_NEW_B_EDGE_2_HELD__AIIN_UNBOUND__ZERO_WORD_DELTA	NONE	NONE	NONE	NONE	NONE	vollständig getrocknete Kräutercharge des heißen Drogenanteils I	0	PASS_V73_10_ANA_WINDOWS__1_EXACT_STATE_ONLY_2_WORKING_STATE_LIKE_2_DEICTIC__1_UNIQUE_CANDIDATE_1_NEW_B_EDGE__C011_OCCURRENCE_BOUND__ZERO_WORD_DELTA	NONE	NONE	NONE	NONE	NONE	NONE	vollständig getrocknete Kräutercharge des heißen Drogenanteils I	0	PASS_V74_11_EDGES__9_CONNECTED_COMPONENTS__23_EDGE_NODES_2_HULL_ONLY_1_STRUCTURAL__ZERO_EDGE_WORD_DELTA	NONE	NONE	NONE	NONE	NONE	NONE	NONE	NONE	NONE	NONE	vollständig getrocknete Kräutercharge des heißen Drogenanteils I	0	PASS_V75_11_TARGET_RIGHT_CONTEXTS__7_NOMINAL_3_ACTION_1_EOS__1_EXACT_WRITTEN_RESULT__2X2_DEFAULTS_REJECTED__C012_OCCURRENCE_BOUND__ZERO_WORD_DELTA	NONE	NONE	NONE	NONE	NONE	NONE	NONE	NONE	NONE	NONE	NONE	vollständig getrocknete Kräutercharge des heißen Drogenanteils I	0	PASS_V76_83_ACTION_RIGHT_CONTEXTS__60_NOMINAL_15_ACTION_8_EOS__7_FINISHED_STATE_FIRSTS__3_LOCAL_READS_4_OPEN__C013_C014_ADDED__ZERO_WORD_DELTA
f86v6	f86v6.4	12	olkar	Anteil I des heißen Holzansatzes	Anteil I des heißen Holzansatzes	1	1	NOMINAL_BLOCK	NOT_ACTION_LICENSED	0	NONE	NONE	NONE	NONE	NONE	NONE	Anteil I des heißen Holzansatzes	0	V68_WORDS_FROZEN__RELATION_METADATA_ONLY	NONE	NONE	NONE	NONE	NONE	Anteil I des heißen Holzansatzes	0	V69_TOKEN_GLOSS_BYTE_IDENTICAL__SEPARATE_WINDOW_METADATA	0	NONE	NONE	NOT_IN_ACTION_SURFACE_SCAN	Anteil I des heißen Holzansatzes	0	V70_TOKEN_GLOSS_BYTE_IDENTICAL__FRAME_REPLAY_METADATA_ONLY	NONE	NONE	NONE	NONE	Anteil I des heißen Holzansatzes	0	PASS_V72_YKA_II_III_SISTER_FRAME__5_CASES_2_REPLAY_1_NEW_B_EDGE_2_HELD__AIIN_UNBOUND__ZERO_WORD_DELTA	NONE	NONE	NONE	NONE	NONE	Anteil I des heißen Holzansatzes	0	PASS_V73_10_ANA_WINDOWS__1_EXACT_STATE_ONLY_2_WORKING_STATE_LIKE_2_DEICTIC__1_UNIQUE_CANDIDATE_1_NEW_B_EDGE__C011_OCCURRENCE_BOUND__ZERO_WORD_DELTA	NONE	NONE	NONE	NONE	NONE	NONE	Anteil I des heißen Holzansatzes	0	PASS_V74_11_EDGES__9_CONNECTED_COMPONENTS__23_EDGE_NODES_2_HULL_ONLY_1_STRUCTURAL__ZERO_EDGE_WORD_DELTA	NONE	NONE	NONE	NONE	NONE	NONE	NONE	NONE	NONE	NONE	Anteil I des heißen Holzansatzes	0	PASS_V75_11_TARGET_RIGHT_CONTEXTS__7_NOMINAL_3_ACTION_1_EOS__1_EXACT_WRITTEN_RESULT__2X2_DEFAULTS_REJECTED__C012_OCCURRENCE_BOUND__ZERO_WORD_DELTA	NONE	NONE	NONE	NONE	NONE	NONE	NONE	NONE	NONE	NONE	NONE	Anteil I des heißen Holzansatzes	0	PASS_V76_83_ACTION_RIGHT_CONTEXTS__60_NOMINAL_15_ACTION_8_EOS__7_FINISHED_STATE_FIRSTS__3_LOCAL_READS_4_OPEN__C013_C014_ADDED__ZERO_WORD_DELTA
f86v6	f86v6.4	13	dalam	ein Maß Rohdroge I	ein Maß Rohdroge I	1	1	NOMINAL_BLOCK	NOT_ACTION_LICENSED	0	NONE	NONE	NONE	NONE	NONE	NONE	ein Maß Rohdroge I	0	V68_WORDS_FROZEN__RELATION_METADATA_ONLY	NONE	NONE	NONE	NONE	NONE	ein Maß Rohdroge I	0	V69_TOKEN_GLOSS_BYTE_IDENTICAL__SEPARATE_WINDOW_METADATA	0	NONE	NONE	NOT_IN_ACTION_SURFACE_SCAN	ein Maß Rohdroge I	0	V70_TOKEN_GLOSS_BYTE_IDENTICAL__FRAME_REPLAY_METADATA_ONLY	NONE	NONE	NONE	NONE	ein Maß Rohdroge I	0	PASS_V72_YKA_II_III_SISTER_FRAME__5_CASES_2_REPLAY_1_NEW_B_EDGE_2_HELD__AIIN_UNBOUND__ZERO_WORD_DELTA	NONE	NONE	NONE	NONE	NONE	ein Maß Rohdroge I	0	PASS_V73_10_ANA_WINDOWS__1_EXACT_STATE_ONLY_2_WORKING_STATE_LIKE_2_DEICTIC__1_UNIQUE_CANDIDATE_1_NEW_B_EDGE__C011_OCCURRENCE_BOUND__ZERO_WORD_DELTA	NONE	NONE	NONE	NONE	NONE	NONE	ein Maß Rohdroge I	0	PASS_V74_11_EDGES__9_CONNECTED_COMPONENTS__23_EDGE_NODES_2_HULL_ONLY_1_STRUCTURAL__ZERO_EDGE_WORD_DELTA	NONE	NONE	NONE	NONE	NONE	NONE	NONE	NONE	NONE	NONE	ein Maß Rohdroge I	0	PASS_V75_11_TARGET_RIGHT_CONTEXTS__7_NOMINAL_3_ACTION_1_EOS__1_EXACT_WRITTEN_RESULT__2X2_DEFAULTS_REJECTED__C012_OCCURRENCE_BOUND__ZERO_WORD_DELTA	NONE	NONE	NONE	NONE	NONE	NONE	NONE	NONE	NONE	NONE	NONE	ein Maß Rohdroge I	0	PASS_V76_83_ACTION_RIGHT_CONTEXTS__60_NOMINAL_15_ACTION_8_EOS__7_FINISHED_STATE_FIRSTS__3_LOCAL_READS_4_OPEN__C013_C014_ADDED__ZERO_WORD_DELTA
f86v6	f86v6.5	1	tar	kalter Drogenanteil I	kalter Drogenanteil I	1	1	NOMINAL_BLOCK	NOT_ACTION_LICENSED	0	NONE	NONE	NONE	NONE	NONE	NONE	kalter Drogenanteil I	0	V68_WORDS_FROZEN__RELATION_METADATA_ONLY	NONE	NONE	NONE	NONE	NONE	kalter Drogenanteil I	0	V69_TOKEN_GLOSS_BYTE_IDENTICAL__SEPARATE_WINDOW_METADATA	0	NONE	NONE	NOT_IN_ACTION_SURFACE_SCAN	kalter Drogenanteil I	0	V70_TOKEN_GLOSS_BYTE_IDENTICAL__FRAME_REPLAY_METADATA_ONLY	NONE	NONE	NONE	NONE	kalter Drogenanteil I	0	PASS_V72_YKA_II_III_SISTER_FRAME__5_CASES_2_REPLAY_1_NEW_B_EDGE_2_HELD__AIIN_UNBOUND__ZERO_WORD_DELTA	NONE	NONE	NONE	NONE	NONE	kalter Drogenanteil I	0	PASS_V73_10_ANA_WINDOWS__1_EXACT_STATE_ONLY_2_WORKING_STATE_LIKE_2_DEICTIC__1_UNIQUE_CANDIDATE_1_NEW_B_EDGE__C011_OCCURRENCE_BOUND__ZERO_WORD_DELTA	NONE	NONE	NONE	NONE	NONE	NONE	kalter Drogenanteil I	0	PASS_V74_11_EDGES__9_CONNECTED_COMPONENTS__23_EDGE_NODES_2_HULL_ONLY_1_STRUCTURAL__ZERO_EDGE_WORD_DELTA	NONE	NONE	NONE	NONE	NONE	NONE	NONE	NONE	NONE	NONE	kalter Drogenanteil I	0	PASS_V75_11_TARGET_RIGHT_CONTEXTS__7_NOMINAL_3_ACTION_1_EOS__1_EXACT_WRITTEN_RESULT__2X2_DEFAULTS_REJECTED__C012_OCCURRENCE_BOUND__ZERO_WORD_DELTA	NONE	NONE	NONE	NONE	NONE	NONE	NONE	NONE	NONE	NONE	NONE	kalter Drogenanteil I	0	PASS_V76_83_ACTION_RIGHT_CONTEXTS__60_NOMINAL_15_ACTION_8_EOS__7_FINISHED_STATE_FIRSTS__3_LOCAL_READS_4_OPEN__C013_C014_ADDED__ZERO_WORD_DELTA
f86v6	f86v6.5	2	lol	Holzstoff	Holzstoff	1	1	NOMINAL_BLOCK	NOT_ACTION_LICENSED	0	NONE	NONE	NONE	NONE	NONE	NONE	Holzstoff	0	V68_WORDS_FROZEN__RELATION_METADATA_ONLY	NONE	NONE	NONE	NONE	NONE	Holzstoff	0	V69_TOKEN_GLOSS_BYTE_IDENTICAL__SEPARATE_WINDOW_METADATA	0	NONE	NONE	NOT_IN_ACTION_SURFACE_SCAN	Holzstoff	0	V70_TOKEN_GLOSS_BYTE_IDENTICAL__FRAME_REPLAY_METADATA_ONLY	NONE	NONE	NONE	NONE	Holzstoff	0	PASS_V72_YKA_II_III_SISTER_FRAME__5_CASES_2_REPLAY_1_NEW_B_EDGE_2_HELD__AIIN_UNBOUND__ZERO_WORD_DELTA	NONE	NONE	NONE	NONE	NONE	Holzstoff	0	PASS_V73_10_ANA_WINDOWS__1_EXACT_STATE_ONLY_2_WORKING_STATE_LIKE_2_DEICTIC__1_UNIQUE_CANDIDATE_1_NEW_B_EDGE__C011_OCCURRENCE_BOUND__ZERO_WORD_DELTA	NONE	NONE	NONE	NONE	NONE	NONE	Holzstoff	0	PASS_V74_11_EDGES__9_CONNECTED_COMPONENTS__23_EDGE_NODES_2_HULL_ONLY_1_STRUCTURAL__ZERO_EDGE_WORD_DELTA	NONE	NONE	NONE	NONE	NONE	NONE	NONE	NONE	NONE	NONE	Holzstoff	0	PASS_V75_11_TARGET_RIGHT_CONTEXTS__7_NOMINAL_3_ACTION_1_EOS__1_EXACT_WRITTEN_RESULT__2X2_DEFAULTS_REJECTED__C012_OCCURRENCE_BOUND__ZERO_WORD_DELTA	NONE	NONE	NONE	NONE	NONE	NONE	NONE	NONE	NONE	NONE	NONE	Holzstoff	0	PASS_V76_83_ACTION_RIGHT_CONTEXTS__60_NOMINAL_15_ACTION_8_EOS__7_FINISHED_STATE_FIRSTS__3_LOCAL_READS_4_OPEN__C013_C014_ADDED__ZERO_WORD_DELTA
f86v6	f86v6.5	3	chol	trocken	trocken	1	1	NOMINAL_BLOCK	NOT_ACTION_LICENSED	0	NONE	NONE	NONE	NONE	NONE	NONE	trocken	0	V68_WORDS_FROZEN__RELATION_METADATA_ONLY	NONE	NONE	NONE	NONE	NONE	trocken	0	V69_TOKEN_GLOSS_BYTE_IDENTICAL__SEPARATE_WINDOW_METADATA	0	NONE	NONE	NOT_IN_ACTION_SURFACE_SCAN	trocken	0	V70_TOKEN_GLOSS_BYTE_IDENTICAL__FRAME_REPLAY_METADATA_ONLY	NONE	NONE	NONE	NONE	trocken	0	PASS_V72_YKA_II_III_SISTER_FRAME__5_CASES_2_REPLAY_1_NEW_B_EDGE_2_HELD__AIIN_UNBOUND__ZERO_WORD_DELTA	NONE	NONE	NONE	NONE	NONE	trocken	0	PASS_V73_10_ANA_WINDOWS__1_EXACT_STATE_ONLY_2_WORKING_STATE_LIKE_2_DEICTIC__1_UNIQUE_CANDIDATE_1_NEW_B_EDGE__C011_OCCURRENCE_BOUND__ZERO_WORD_DELTA	NONE	NONE	NONE	NONE	NONE	NONE	trocken	0	PASS_V74_11_EDGES__9_CONNECTED_COMPONENTS__23_EDGE_NODES_2_HULL_ONLY_1_STRUCTURAL__ZERO_EDGE_WORD_DELTA	NONE	NONE	NONE	NONE	NONE	NONE	NONE	NONE	NONE	NONE	trocken	0	PASS_V75_11_TARGET_RIGHT_CONTEXTS__7_NOMINAL_3_ACTION_1_EOS__1_EXACT_WRITTEN_RESULT__2X2_DEFAULTS_REJECTED__C012_OCCURRENCE_BOUND__ZERO_WORD_DELTA	NONE	NONE	NONE	NONE	NONE	NONE	NONE	NONE	NONE	NONE	NONE	trocken	0	PASS_V76_83_ACTION_RIGHT_CONTEXTS__60_NOMINAL_15_ACTION_8_EOS__7_FINISHED_STATE_FIRSTS__3_LOCAL_READS_4_OPEN__C013_C014_ADDED__ZERO_WORD_DELTA
f86v6	f86v6.5	4	olkar	Anteil I des heißen Holzansatzes	Anteil I des heißen Holzansatzes	1	1	NOMINAL_BLOCK	NOT_ACTION_LICENSED	0	NONE	NONE	NONE	NONE	NONE	NONE	Anteil I des heißen Holzansatzes	0	V68_WORDS_FROZEN__RELATION_METADATA_ONLY	NONE	NONE	NONE	NONE	NONE	Anteil I des heißen Holzansatzes	0	V69_TOKEN_GLOSS_BYTE_IDENTICAL__SEPARATE_WINDOW_METADATA	0	NONE	NONE	NOT_IN_ACTION_SURFACE_SCAN	Anteil I des heißen Holzansatzes	0	V70_TOKEN_GLOSS_BYTE_IDENTICAL__FRAME_REPLAY_METADATA_ONLY	NONE	NONE	NONE	NONE	Anteil I des heißen Holzansatzes	0	PASS_V72_YKA_II_III_SISTER_FRAME__5_CASES_2_REPLAY_1_NEW_B_EDGE_2_HELD__AIIN_UNBOUND__ZERO_WORD_DELTA	NONE	NONE	NONE	NONE	NONE	Anteil I des heißen Holzansatzes	0	PASS_V73_10_ANA_WINDOWS__1_EXACT_STATE_ONLY_2_WORKING_STATE_LIKE_2_DEICTIC__1_UNIQUE_CANDIDATE_1_NEW_B_EDGE__C011_OCCURRENCE_BOUND__ZERO_WORD_DELTA	NONE	NONE	NONE	NONE	NONE	NONE	Anteil I des heißen Holzansatzes	0	PASS_V74_11_EDGES__9_CONNECTED_COMPONENTS__23_EDGE_NODES_2_HULL_ONLY_1_STRUCTURAL__ZERO_EDGE_WORD_DELTA	NONE	NONE	NONE	NONE	NONE	NONE	NONE	NONE	NONE	NONE	Anteil I des heißen Holzansatzes	0	PASS_V75_11_TARGET_RIGHT_CONTEXTS__7_NOMINAL_3_ACTION_1_EOS__1_EXACT_WRITTEN_RESULT__2X2_DEFAULTS_REJECTED__C012_OCCURRENCE_BOUND__ZERO_WORD_DELTA	NONE	NONE	NONE	NONE	NONE	NONE	NONE	NONE	NONE	NONE	NONE	Anteil I des heißen Holzansatzes	0	PASS_V76_83_ACTION_RIGHT_CONTEXTS__60_NOMINAL_15_ACTION_8_EOS__7_FINISHED_STATE_FIRSTS__3_LOCAL_READS_4_OPEN__C013_C014_ADDED__ZERO_WORD_DELTA
f86v6	f86v6.5	5	daiin	drei Portionen davon	drei Portionen davon	1	1	NOMINAL_BLOCK	NOT_ACTION_LICENSED	0	NONE	NONE	NONE	R026	NONE	NONE	drei Portionen davon	0	V68_WORDS_FROZEN__RELATION_METADATA_ONLY	NONE	NONE	NONE	NONE	NONE	drei Portionen davon	0	V69_TOKEN_GLOSS_BYTE_IDENTICAL__SEPARATE_WINDOW_METADATA	0	NONE	NONE	NOT_IN_ACTION_SURFACE_SCAN	drei Portionen davon	0	V70_TOKEN_GLOSS_BYTE_IDENTICAL__FRAME_REPLAY_METADATA_ONLY	NONE	NONE	NONE	NONE	drei Portionen davon	0	PASS_V72_YKA_II_III_SISTER_FRAME__5_CASES_2_REPLAY_1_NEW_B_EDGE_2_HELD__AIIN_UNBOUND__ZERO_WORD_DELTA	NONE	NONE	NONE	NONE	NONE	drei Portionen davon	0	PASS_V73_10_ANA_WINDOWS__1_EXACT_STATE_ONLY_2_WORKING_STATE_LIKE_2_DEICTIC__1_UNIQUE_CANDIDATE_1_NEW_B_EDGE__C011_OCCURRENCE_BOUND__ZERO_WORD_DELTA	NONE	NONE	NONE	NONE	NONE	NONE	drei Portionen davon	0	PASS_V74_11_EDGES__9_CONNECTED_COMPONENTS__23_EDGE_NODES_2_HULL_ONLY_1_STRUCTURAL__ZERO_EDGE_WORD_DELTA	NONE	NONE	NONE	NONE	NONE	NONE	NONE	NONE	NONE	NONE	drei Portionen davon	0	PASS_V75_11_TARGET_RIGHT_CONTEXTS__7_NOMINAL_3_ACTION_1_EOS__1_EXACT_WRITTEN_RESULT__2X2_DEFAULTS_REJECTED__C012_OCCURRENCE_BOUND__ZERO_WORD_DELTA	NONE	NONE	NONE	NONE	NONE	NONE	NONE	NONE	NONE	NONE	NONE	drei Portionen davon	0	PASS_V76_83_ACTION_RIGHT_CONTEXTS__60_NOMINAL_15_ACTION_8_EOS__7_FINISHED_STATE_FIRSTS__3_LOCAL_READS_4_OPEN__C013_C014_ADDED__ZERO_WORD_DELTA
f86v6	f86v6.5	6	chear	trockener Drogenanteil I	trockener Drogenanteil I	1	1	NOMINAL_BLOCK	NOT_ACTION_LICENSED	0	NONE	NONE	NONE	NONE	NONE	NONE	trockener Drogenanteil I	0	V68_WORDS_FROZEN__RELATION_METADATA_ONLY	NONE	NONE	NONE	NONE	NONE	trockener Drogenanteil I	0	V69_TOKEN_GLOSS_BYTE_IDENTICAL__SEPARATE_WINDOW_METADATA	0	NONE	NONE	NOT_IN_ACTION_SURFACE_SCAN	trockener Drogenanteil I	0	V70_TOKEN_GLOSS_BYTE_IDENTICAL__FRAME_REPLAY_METADATA_ONLY	NONE	NONE	NONE	NONE	trockener Drogenanteil I	0	PASS_V72_YKA_II_III_SISTER_FRAME__5_CASES_2_REPLAY_1_NEW_B_EDGE_2_HELD__AIIN_UNBOUND__ZERO_WORD_DELTA	NONE	NONE	NONE	NONE	NONE	trockener Drogenanteil I	0	PASS_V73_10_ANA_WINDOWS__1_EXACT_STATE_ONLY_2_WORKING_STATE_LIKE_2_DEICTIC__1_UNIQUE_CANDIDATE_1_NEW_B_EDGE__C011_OCCURRENCE_BOUND__ZERO_WORD_DELTA	NONE	NONE	NONE	NONE	NONE	NONE	trockener Drogenanteil I	0	PASS_V74_11_EDGES__9_CONNECTED_COMPONENTS__23_EDGE_NODES_2_HULL_ONLY_1_STRUCTURAL__ZERO_EDGE_WORD_DELTA	NONE	NONE	NONE	NONE	NONE	NONE	NONE	NONE	NONE	NONE	trockener Drogenanteil I	0	PASS_V75_11_TARGET_RIGHT_CONTEXTS__7_NOMINAL_3_ACTION_1_EOS__1_EXACT_WRITTEN_RESULT__2X2_DEFAULTS_REJECTED__C012_OCCURRENCE_BOUND__ZERO_WORD_DELTA	NONE	NONE	NONE	NONE	NONE	NONE	NONE	NONE	NONE	NONE	NONE	trockener Drogenanteil I	0	PASS_V76_83_ACTION_RIGHT_CONTEXTS__60_NOMINAL_15_ACTION_8_EOS__7_FINISHED_STATE_FIRSTS__3_LOCAL_READS_4_OPEN__C013_C014_ADDED__ZERO_WORD_DELTA
f86v6	f86v6.5	7	or	Drogenportion	Drogenportion	1	1	NOMINAL_BLOCK	NOT_ACTION_LICENSED	0	NONE	NONE	NONE	NONE	NONE	NONE	Drogenportion	0	V68_WORDS_FROZEN__RELATION_METADATA_ONLY	NONE	NONE	NONE	NONE	NONE	Drogenportion	0	V69_TOKEN_GLOSS_BYTE_IDENTICAL__SEPARATE_WINDOW_METADATA	0	NONE	NONE	NOT_IN_ACTION_SURFACE_SCAN	Drogenportion	0	V70_TOKEN_GLOSS_BYTE_IDENTICAL__FRAME_REPLAY_METADATA_ONLY	NONE	NONE	NONE	NONE	Drogenportion	0	PASS_V72_YKA_II_III_SISTER_FRAME__5_CASES_2_REPLAY_1_NEW_B_EDGE_2_HELD__AIIN_UNBOUND__ZERO_WORD_DELTA	NONE	NONE	NONE	NONE	NONE	Drogenportion	0	PASS_V73_10_ANA_WINDOWS__1_EXACT_STATE_ONLY_2_WORKING_STATE_LIKE_2_DEICTIC__1_UNIQUE_CANDIDATE_1_NEW_B_EDGE__C011_OCCURRENCE_BOUND__ZERO_WORD_DELTA	NONE	NONE	NONE	NONE	NONE	NONE	Drogenportion	0	PASS_V74_11_EDGES__9_CONNECTED_COMPONENTS__23_EDGE_NODES_2_HULL_ONLY_1_STRUCTURAL__ZERO_EDGE_WORD_DELTA	NONE	NONE	NONE	NONE	NONE	NONE	NONE	NONE	NONE	NONE	Drogenportion	0	PASS_V75_11_TARGET_RIGHT_CONTEXTS__7_NOMINAL_3_ACTION_1_EOS__1_EXACT_WRITTEN_RESULT__2X2_DEFAULTS_REJECTED__C012_OCCURRENCE_BOUND__ZERO_WORD_DELTA	NONE	NONE	NONE	NONE	NONE	NONE	NONE	NONE	NONE	NONE	NONE	Drogenportion	0	PASS_V76_83_ACTION_RIGHT_CONTEXTS__60_NOMINAL_15_ACTION_8_EOS__7_FINISHED_STATE_FIRSTS__3_LOCAL_READS_4_OPEN__C013_C014_ADDED__ZERO_WORD_DELTA
f86v6	f86v6.5	8	otshey	kaltes Mazerat in der Mitte des Grades	kaltes Mazerat in der Mitte des Grades	1	1	NOMINAL_BLOCK	NOT_ACTION_LICENSED	0	NONE	NONE	NONE	NONE	NONE	NONE	kaltes Mazerat in der Mitte des Grades	0	V68_WORDS_FROZEN__RELATION_METADATA_ONLY	NONE	NONE	NONE	NONE	NONE	kaltes Mazerat in der Mitte des Grades	0	V69_TOKEN_GLOSS_BYTE_IDENTICAL__SEPARATE_WINDOW_METADATA	0	NONE	NONE	NOT_IN_ACTION_SURFACE_SCAN	kaltes Mazerat in der Mitte des Grades	0	V70_TOKEN_GLOSS_BYTE_IDENTICAL__FRAME_REPLAY_METADATA_ONLY	NONE	NONE	NONE	NONE	kaltes Mazerat in der Mitte des Grades	0	PASS_V72_YKA_II_III_SISTER_FRAME__5_CASES_2_REPLAY_1_NEW_B_EDGE_2_HELD__AIIN_UNBOUND__ZERO_WORD_DELTA	NONE	NONE	NONE	NONE	NONE	kaltes Mazerat in der Mitte des Grades	0	PASS_V73_10_ANA_WINDOWS__1_EXACT_STATE_ONLY_2_WORKING_STATE_LIKE_2_DEICTIC__1_UNIQUE_CANDIDATE_1_NEW_B_EDGE__C011_OCCURRENCE_BOUND__ZERO_WORD_DELTA	NONE	NONE	NONE	NONE	NONE	NONE	kaltes Mazerat in der Mitte des Grades	0	PASS_V74_11_EDGES__9_CONNECTED_COMPONENTS__23_EDGE_NODES_2_HULL_ONLY_1_STRUCTURAL__ZERO_EDGE_WORD_DELTA	NONE	NONE	NONE	NONE	NONE	NONE	NONE	NONE	NONE	NONE	kaltes Mazerat in der Mitte des Grades	0	PASS_V75_11_TARGET_RIGHT_CONTEXTS__7_NOMINAL_3_ACTION_1_EOS__1_EXACT_WRITTEN_RESULT__2X2_DEFAULTS_REJECTED__C012_OCCURRENCE_BOUND__ZERO_WORD_DELTA	NONE	NONE	NONE	NONE	NONE	NONE	NONE	NONE	NONE	NONE	NONE	kaltes Mazerat in der Mitte des Grades	0	PASS_V76_83_ACTION_RIGHT_CONTEXTS__60_NOMINAL_15_ACTION_8_EOS__7_FINISHED_STATE_FIRSTS__3_LOCAL_READS_4_OPEN__C013_C014_ADDED__ZERO_WORD_DELTA
f86v6	f86v6.5	9	qokar	heißer Drogenanteil I	heißer Drogenanteil I	1	1	NOMINAL_BLOCK	NOT_ACTION_LICENSED	0	NONE	NONE	NONE	NONE	NONE	NONE	heißer Drogenanteil I	0	V68_WORDS_FROZEN__RELATION_METADATA_ONLY	NONE	NONE	NONE	NONE	NONE	heißer Drogenanteil I	0	V69_TOKEN_GLOSS_BYTE_IDENTICAL__SEPARATE_WINDOW_METADATA	0	NONE	NONE	NOT_IN_ACTION_SURFACE_SCAN	heißer Drogenanteil I	0	V70_TOKEN_GLOSS_BYTE_IDENTICAL__FRAME_REPLAY_METADATA_ONLY	NONE	NONE	NONE	NONE	heißer Drogenanteil I	0	PASS_V72_YKA_II_III_SISTER_FRAME__5_CASES_2_REPLAY_1_NEW_B_EDGE_2_HELD__AIIN_UNBOUND__ZERO_WORD_DELTA	NONE	NONE	NONE	NONE	NONE	heißer Drogenanteil I	0	PASS_V73_10_ANA_WINDOWS__1_EXACT_STATE_ONLY_2_WORKING_STATE_LIKE_2_DEICTIC__1_UNIQUE_CANDIDATE_1_NEW_B_EDGE__C011_OCCURRENCE_BOUND__ZERO_WORD_DELTA	NONE	NONE	NONE	NONE	NONE	NONE	heißer Drogenanteil I	0	PASS_V74_11_EDGES__9_CONNECTED_COMPONENTS__23_EDGE_NODES_2_HULL_ONLY_1_STRUCTURAL__ZERO_EDGE_WORD_DELTA	NONE	NONE	NONE	NONE	NONE	NONE	NONE	NONE	NONE	NONE	heißer Drogenanteil I	0	PASS_V75_11_TARGET_RIGHT_CONTEXTS__7_NOMINAL_3_ACTION_1_EOS__1_EXACT_WRITTEN_RESULT__2X2_DEFAULTS_REJECTED__C012_OCCURRENCE_BOUND__ZERO_WORD_DELTA	NONE	NONE	NONE	NONE	NONE	NONE	NONE	NONE	NONE	NONE	NONE	heißer Drogenanteil I	0	PASS_V76_83_ACTION_RIGHT_CONTEXTS__60_NOMINAL_15_ACTION_8_EOS__7_FINISHED_STATE_FIRSTS__3_LOCAL_READS_4_OPEN__C013_C014_ADDED__ZERO_WORD_DELTA
f86v6	f86v6.5	10	opchey	Trockenpulver, Form I	Trockenpulver, Form I	1	1	NOMINAL_BLOCK	NOT_ACTION_LICENSED	0	NONE	NONE	NONE	NONE	NONE	NONE	Trockenpulver, Form I	0	V68_WORDS_FROZEN__RELATION_METADATA_ONLY	NONE	NONE	NONE	NONE	NONE	Trockenpulver, Form I	0	V69_TOKEN_GLOSS_BYTE_IDENTICAL__SEPARATE_WINDOW_METADATA	0	NONE	NONE	NOT_IN_ACTION_SURFACE_SCAN	Trockenpulver, Form I	0	V70_TOKEN_GLOSS_BYTE_IDENTICAL__FRAME_REPLAY_METADATA_ONLY	NONE	NONE	NONE	NONE	Trockenpulver, Form I	0	PASS_V72_YKA_II_III_SISTER_FRAME__5_CASES_2_REPLAY_1_NEW_B_EDGE_2_HELD__AIIN_UNBOUND__ZERO_WORD_DELTA	NONE	NONE	NONE	NONE	NONE	Trockenpulver, Form I	0	PASS_V73_10_ANA_WINDOWS__1_EXACT_STATE_ONLY_2_WORKING_STATE_LIKE_2_DEICTIC__1_UNIQUE_CANDIDATE_1_NEW_B_EDGE__C011_OCCURRENCE_BOUND__ZERO_WORD_DELTA	NONE	NONE	NONE	NONE	NONE	NONE	Trockenpulver, Form I	0	PASS_V74_11_EDGES__9_CONNECTED_COMPONENTS__23_EDGE_NODES_2_HULL_ONLY_1_STRUCTURAL__ZERO_EDGE_WORD_DELTA	NONE	NONE	NONE	NONE	NONE	NONE	NONE	NONE	NONE	NONE	Trockenpulver, Form I	0	PASS_V75_11_TARGET_RIGHT_CONTEXTS__7_NOMINAL_3_ACTION_1_EOS__1_EXACT_WRITTEN_RESULT__2X2_DEFAULTS_REJECTED__C012_OCCURRENCE_BOUND__ZERO_WORD_DELTA	NONE	NONE	NONE	NONE	NONE	NONE	NONE	NONE	NONE	NONE	NONE	Trockenpulver, Form I	0	PASS_V76_83_ACTION_RIGHT_CONTEXTS__60_NOMINAL_15_ACTION_8_EOS__7_FINISHED_STATE_FIRSTS__3_LOCAL_READS_4_OPEN__C013_C014_ADDED__ZERO_WORD_DELTA
f86v6	f86v6.5	11	taiky	kalt angesetzte Charge, leicht angewärmt	kalt angesetzte Charge, leicht angewärmt	1	1	NOMINAL_BLOCK	NOT_ACTION_LICENSED	0	NONE	NONE	NONE	NONE	NONE	NONE	kalt angesetzte Charge, leicht angewärmt	0	V68_WORDS_FROZEN__RELATION_METADATA_ONLY	NONE	NONE	NONE	NONE	NONE	kalt angesetzte Charge, leicht angewärmt	0	V69_TOKEN_GLOSS_BYTE_IDENTICAL__SEPARATE_WINDOW_METADATA	0	NONE	NONE	NOT_IN_ACTION_SURFACE_SCAN	kalt angesetzte Charge, leicht angewärmt	0	V70_TOKEN_GLOSS_BYTE_IDENTICAL__FRAME_REPLAY_METADATA_ONLY	NONE	NONE	NONE	NONE	kalt angesetzte Charge, leicht angewärmt	0	PASS_V72_YKA_II_III_SISTER_FRAME__5_CASES_2_REPLAY_1_NEW_B_EDGE_2_HELD__AIIN_UNBOUND__ZERO_WORD_DELTA	NONE	NONE	NONE	NONE	NONE	kalt angesetzte Charge, leicht angewärmt	0	PASS_V73_10_ANA_WINDOWS__1_EXACT_STATE_ONLY_2_WORKING_STATE_LIKE_2_DEICTIC__1_UNIQUE_CANDIDATE_1_NEW_B_EDGE__C011_OCCURRENCE_BOUND__ZERO_WORD_DELTA	NONE	NONE	NONE	NONE	NONE	NONE	kalt angesetzte Charge, leicht angewärmt	0	PASS_V74_11_EDGES__9_CONNECTED_COMPONENTS__23_EDGE_NODES_2_HULL_ONLY_1_STRUCTURAL__ZERO_EDGE_WORD_DELTA	NONE	NONE	NONE	NONE	NONE	NONE	NONE	NONE	NONE	NONE	kalt angesetzte Charge, leicht angewärmt	0	PASS_V75_11_TARGET_RIGHT_CONTEXTS__7_NOMINAL_3_ACTION_1_EOS__1_EXACT_WRITTEN_RESULT__2X2_DEFAULTS_REJECTED__C012_OCCURRENCE_BOUND__ZERO_WORD_DELTA	NONE	NONE	NONE	NONE	NONE	NONE	NONE	NONE	NONE	NONE	NONE	kalt angesetzte Charge, leicht angewärmt	0	PASS_V76_83_ACTION_RIGHT_CONTEXTS__60_NOMINAL_15_ACTION_8_EOS__7_FINISHED_STATE_FIRSTS__3_LOCAL_READS_4_OPEN__C013_C014_ADDED__ZERO_WORD_DELTA
f86v6	f86v6.5	12	qotar	kalter Drogenanteil I	kalter Drogenanteil I	1	1	NOMINAL_BLOCK	NOT_ACTION_LICENSED	0	NONE	NONE	NONE	NONE	NONE	NONE	kalter Drogenanteil I	0	V68_WORDS_FROZEN__RELATION_METADATA_ONLY	NONE	NONE	NONE	NONE	NONE	kalter Drogenanteil I	0	V69_TOKEN_GLOSS_BYTE_IDENTICAL__SEPARATE_WINDOW_METADATA	0	NONE	NONE	NOT_IN_ACTION_SURFACE_SCAN	kalter Drogenanteil I	0	V70_TOKEN_GLOSS_BYTE_IDENTICAL__FRAME_REPLAY_METADATA_ONLY	NONE	NONE	NONE	NONE	kalter Drogenanteil I	0	PASS_V72_YKA_II_III_SISTER_FRAME__5_CASES_2_REPLAY_1_NEW_B_EDGE_2_HELD__AIIN_UNBOUND__ZERO_WORD_DELTA	NONE	NONE	NONE	NONE	NONE	kalter Drogenanteil I	0	PASS_V73_10_ANA_WINDOWS__1_EXACT_STATE_ONLY_2_WORKING_STATE_LIKE_2_DEICTIC__1_UNIQUE_CANDIDATE_1_NEW_B_EDGE__C011_OCCURRENCE_BOUND__ZERO_WORD_DELTA	NONE	NONE	NONE	NONE	NONE	NONE	kalter Drogenanteil I	0	PASS_V74_11_EDGES__9_CONNECTED_COMPONENTS__23_EDGE_NODES_2_HULL_ONLY_1_STRUCTURAL__ZERO_EDGE_WORD_DELTA	NONE	NONE	NONE	NONE	NONE	NONE	NONE	NONE	NONE	NONE	kalter Drogenanteil I	0	PASS_V75_11_TARGET_RIGHT_CONTEXTS__7_NOMINAL_3_ACTION_1_EOS__1_EXACT_WRITTEN_RESULT__2X2_DEFAULTS_REJECTED__C012_OCCURRENCE_BOUND__ZERO_WORD_DELTA	NONE	NONE	NONE	NONE	NONE	NONE	NONE	NONE	NONE	NONE	NONE	kalter Drogenanteil I	0	PASS_V76_83_ACTION_RIGHT_CONTEXTS__60_NOMINAL_15_ACTION_8_EOS__7_FINISHED_STATE_FIRSTS__3_LOCAL_READS_4_OPEN__C013_C014_ADDED__ZERO_WORD_DELTA
f88r	f88r.19	1	dchey	Eine abgemessene Portion bis zur Mittelstufe trocknen	Eine abgemessene Portion bis zur Mittelstufe trocknen	1	1	ACTION_CLAUSE	GDT689_V62_ACTION_ORDINAL	1	NONE	NONE	NONE	NONE	NONE	NONE	Eine abgemessene Portion bis zur Mittelstufe trocknen	0	V68_WORDS_FROZEN__RELATION_METADATA_ONLY	NONE	NONE	NONE	NONE	NONE	Eine abgemessene Portion bis zur Mittelstufe trocknen	0	V69_TOKEN_GLOSS_BYTE_IDENTICAL__SEPARATE_WINDOW_METADATA	0	NONE	NONE	NOT_IN_ACTION_SURFACE_SCAN	Eine abgemessene Portion bis zur Mittelstufe trocknen	0	V70_TOKEN_GLOSS_BYTE_IDENTICAL__FRAME_REPLAY_METADATA_ONLY	NONE	NONE	NONE	NONE	Eine abgemessene Portion bis zur Mittelstufe trocknen	0	PASS_V72_YKA_II_III_SISTER_FRAME__5_CASES_2_REPLAY_1_NEW_B_EDGE_2_HELD__AIIN_UNBOUND__ZERO_WORD_DELTA	NONE	NONE	NONE	NONE	NONE	Eine abgemessene Portion bis zur Mittelstufe trocknen	0	PASS_V73_10_ANA_WINDOWS__1_EXACT_STATE_ONLY_2_WORKING_STATE_LIKE_2_DEICTIC__1_UNIQUE_CANDIDATE_1_NEW_B_EDGE__C011_OCCURRENCE_BOUND__ZERO_WORD_DELTA	NONE	NONE	NONE	NONE	NONE	NONE	Eine abgemessene Portion bis zur Mittelstufe trocknen	0	PASS_V74_11_EDGES__9_CONNECTED_COMPONENTS__23_EDGE_NODES_2_HULL_ONLY_1_STRUCTURAL__ZERO_EDGE_WORD_DELTA	NONE	NONE	NONE	NONE	NONE	NONE	NONE	NONE	NONE	NONE	Eine abgemessene Portion bis zur Mittelstufe trocknen	0	PASS_V75_11_TARGET_RIGHT_CONTEXTS__7_NOMINAL_3_ACTION_1_EOS__1_EXACT_WRITTEN_RESULT__2X2_DEFAULTS_REJECTED__C012_OCCURRENCE_BOUND__ZERO_WORD_DELTA	A079	ACTION_CLAUSE:A079	NONE	NONE	NONE	NONE	NONE	NONE	NONE	NONE	NONE	Eine abgemessene Portion bis zur Mittelstufe trocknen	0	PASS_V76_83_ACTION_RIGHT_CONTEXTS__60_NOMINAL_15_ACTION_8_EOS__7_FINISHED_STATE_FIRSTS__3_LOCAL_READS_4_OPEN__C013_C014_ADDED__ZERO_WORD_DELTA
f88r	f88r.19	2	chokol	heißer Absud aus Trockengut	heißer Absud aus Trockengut	1	2	NOMINAL_BLOCK	NOT_ACTION_LICENSED	0	NONE	NONE	NONE	NONE	NONE	NONE	heißer Absud aus Trockengut	0	V68_WORDS_FROZEN__RELATION_METADATA_ONLY	NONE	NONE	NONE	NONE	NONE	heißer Absud aus Trockengut	0	V69_TOKEN_GLOSS_BYTE_IDENTICAL__SEPARATE_WINDOW_METADATA	0	NONE	NONE	NOT_IN_ACTION_SURFACE_SCAN	heißer Absud aus Trockengut	0	V70_TOKEN_GLOSS_BYTE_IDENTICAL__FRAME_REPLAY_METADATA_ONLY	NONE	NONE	NONE	NONE	heißer Absud aus Trockengut	0	PASS_V72_YKA_II_III_SISTER_FRAME__5_CASES_2_REPLAY_1_NEW_B_EDGE_2_HELD__AIIN_UNBOUND__ZERO_WORD_DELTA	NONE	NONE	NONE	NONE	NONE	heißer Absud aus Trockengut	0	PASS_V73_10_ANA_WINDOWS__1_EXACT_STATE_ONLY_2_WORKING_STATE_LIKE_2_DEICTIC__1_UNIQUE_CANDIDATE_1_NEW_B_EDGE__C011_OCCURRENCE_BOUND__ZERO_WORD_DELTA	NONE	NONE	NONE	NONE	NONE	NONE	heißer Absud aus Trockengut	0	PASS_V74_11_EDGES__9_CONNECTED_COMPONENTS__23_EDGE_NODES_2_HULL_ONLY_1_STRUCTURAL__ZERO_EDGE_WORD_DELTA	NONE	NONE	NONE	NONE	NONE	NONE	NONE	NONE	NONE	NONE	heißer Absud aus Trockengut	0	PASS_V75_11_TARGET_RIGHT_CONTEXTS__7_NOMINAL_3_ACTION_1_EOS__1_EXACT_WRITTEN_RESULT__2X2_DEFAULTS_REJECTED__C012_OCCURRENCE_BOUND__ZERO_WORD_DELTA	A079	FIRST_RIGHT_ITEM:A079	NONE	NONE	NONE	NONE	NONE	NONE	NONE	NONE	NONE	heißer Absud aus Trockengut	0	PASS_V76_83_ACTION_RIGHT_CONTEXTS__60_NOMINAL_15_ACTION_8_EOS__7_FINISHED_STATE_FIRSTS__3_LOCAL_READS_4_OPEN__C013_C014_ADDED__ZERO_WORD_DELTA
f88r	f88r.19	3	daiin	Qualitätsgrad III dieses heißen Absuds	Qualitätsgrad III dieses heißen Absuds	1	2	NOMINAL_BLOCK	NOT_ACTION_LICENSED	0	NONE	NONE	NONE	R027	NONE	NONE	Qualitätsgrad III dieses heißen Absuds	0	V68_WORDS_FROZEN__RELATION_METADATA_ONLY	NONE	NONE	NONE	NONE	NONE	Qualitätsgrad III dieses heißen Absuds	0	V69_TOKEN_GLOSS_BYTE_IDENTICAL__SEPARATE_WINDOW_METADATA	0	NONE	NONE	NOT_IN_ACTION_SURFACE_SCAN	Qualitätsgrad III dieses heißen Absuds	0	V70_TOKEN_GLOSS_BYTE_IDENTICAL__FRAME_REPLAY_METADATA_ONLY	NONE	NONE	NONE	NONE	Qualitätsgrad III dieses heißen Absuds	0	PASS_V72_YKA_II_III_SISTER_FRAME__5_CASES_2_REPLAY_1_NEW_B_EDGE_2_HELD__AIIN_UNBOUND__ZERO_WORD_DELTA	NONE	NONE	NONE	NONE	NONE	Qualitätsgrad III dieses heißen Absuds	0	PASS_V73_10_ANA_WINDOWS__1_EXACT_STATE_ONLY_2_WORKING_STATE_LIKE_2_DEICTIC__1_UNIQUE_CANDIDATE_1_NEW_B_EDGE__C011_OCCURRENCE_BOUND__ZERO_WORD_DELTA	NONE	NONE	NONE	NONE	NONE	NONE	Qualitätsgrad III dieses heißen Absuds	0	PASS_V74_11_EDGES__9_CONNECTED_COMPONENTS__23_EDGE_NODES_2_HULL_ONLY_1_STRUCTURAL__ZERO_EDGE_WORD_DELTA	NONE	NONE	NONE	NONE	NONE	NONE	NONE	NONE	NONE	NONE	Qualitätsgrad III dieses heißen Absuds	0	PASS_V75_11_TARGET_RIGHT_CONTEXTS__7_NOMINAL_3_ACTION_1_EOS__1_EXACT_WRITTEN_RESULT__2X2_DEFAULTS_REJECTED__C012_OCCURRENCE_BOUND__ZERO_WORD_DELTA	NONE	NONE	NONE	NONE	NONE	NONE	NONE	NONE	NONE	NONE	NONE	Qualitätsgrad III dieses heißen Absuds	0	PASS_V76_83_ACTION_RIGHT_CONTEXTS__60_NOMINAL_15_ACTION_8_EOS__7_FINISHED_STATE_FIRSTS__3_LOCAL_READS_4_OPEN__C013_C014_ADDED__ZERO_WORD_DELTA
f88r	f88r.19	4	qoekol	heißen Drogenstoff der Mittelstufe zugeben	heißen Drogenstoff der Mittelstufe zugeben	1	3	ACTION_CLAUSE	GDT689_V62_ACTION_ORDINAL	1	NONE	NONE	NONE	NONE	NONE	NONE	heißen Drogenstoff der Mittelstufe zugeben	0	V68_WORDS_FROZEN__RELATION_METADATA_ONLY	NONE	NONE	NONE	NONE	NONE	heißen Drogenstoff der Mittelstufe zugeben	0	V69_TOKEN_GLOSS_BYTE_IDENTICAL__SEPARATE_WINDOW_METADATA	0	NONE	NONE	NOT_IN_ACTION_SURFACE_SCAN	heißen Drogenstoff der Mittelstufe zugeben	0	V70_TOKEN_GLOSS_BYTE_IDENTICAL__FRAME_REPLAY_METADATA_ONLY	NONE	NONE	NONE	NONE	heißen Drogenstoff der Mittelstufe zugeben	0	PASS_V72_YKA_II_III_SISTER_FRAME__5_CASES_2_REPLAY_1_NEW_B_EDGE_2_HELD__AIIN_UNBOUND__ZERO_WORD_DELTA	NONE	NONE	NONE	NONE	NONE	heißen Drogenstoff der Mittelstufe zugeben	0	PASS_V73_10_ANA_WINDOWS__1_EXACT_STATE_ONLY_2_WORKING_STATE_LIKE_2_DEICTIC__1_UNIQUE_CANDIDATE_1_NEW_B_EDGE__C011_OCCURRENCE_BOUND__ZERO_WORD_DELTA	NONE	NONE	NONE	NONE	NONE	NONE	heißen Drogenstoff der Mittelstufe zugeben	0	PASS_V74_11_EDGES__9_CONNECTED_COMPONENTS__23_EDGE_NODES_2_HULL_ONLY_1_STRUCTURAL__ZERO_EDGE_WORD_DELTA	NONE	NONE	NONE	NONE	NONE	NONE	NONE	NONE	NONE	NONE	heißen Drogenstoff der Mittelstufe zugeben	0	PASS_V75_11_TARGET_RIGHT_CONTEXTS__7_NOMINAL_3_ACTION_1_EOS__1_EXACT_WRITTEN_RESULT__2X2_DEFAULTS_REJECTED__C012_OCCURRENCE_BOUND__ZERO_WORD_DELTA	A080	ACTION_CLAUSE:A080	NONE	NONE	NONE	NONE	NONE	NONE	NONE	NONE	NONE	heißen Drogenstoff der Mittelstufe zugeben	0	PASS_V76_83_ACTION_RIGHT_CONTEXTS__60_NOMINAL_15_ACTION_8_EOS__7_FINISHED_STATE_FIRSTS__3_LOCAL_READS_4_OPEN__C013_C014_ADDED__ZERO_WORD_DELTA
f88r	f88r.19	5	qoekol	heißen Drogenstoff der Mittelstufe zugeben	heißen Drogenstoff der Mittelstufe zugeben	1	4	ACTION_CLAUSE	GDT689_V62_ACTION_ORDINAL	1	NONE	NONE	NONE	NONE	NONE	NONE	heißen Drogenstoff der Mittelstufe zugeben	0	V68_WORDS_FROZEN__RELATION_METADATA_ONLY	NONE	NONE	NONE	NONE	NONE	heißen Drogenstoff der Mittelstufe zugeben	0	V69_TOKEN_GLOSS_BYTE_IDENTICAL__SEPARATE_WINDOW_METADATA	0	NONE	NONE	NOT_IN_ACTION_SURFACE_SCAN	heißen Drogenstoff der Mittelstufe zugeben	0	V70_TOKEN_GLOSS_BYTE_IDENTICAL__FRAME_REPLAY_METADATA_ONLY	NONE	NONE	NONE	NONE	heißen Drogenstoff der Mittelstufe zugeben	0	PASS_V72_YKA_II_III_SISTER_FRAME__5_CASES_2_REPLAY_1_NEW_B_EDGE_2_HELD__AIIN_UNBOUND__ZERO_WORD_DELTA	NONE	NONE	NONE	NONE	NONE	heißen Drogenstoff der Mittelstufe zugeben	0	PASS_V73_10_ANA_WINDOWS__1_EXACT_STATE_ONLY_2_WORKING_STATE_LIKE_2_DEICTIC__1_UNIQUE_CANDIDATE_1_NEW_B_EDGE__C011_OCCURRENCE_BOUND__ZERO_WORD_DELTA	NONE	NONE	NONE	NONE	NONE	NONE	heißen Drogenstoff der Mittelstufe zugeben	0	PASS_V74_11_EDGES__9_CONNECTED_COMPONENTS__23_EDGE_NODES_2_HULL_ONLY_1_STRUCTURAL__ZERO_EDGE_WORD_DELTA	NONE	NONE	NONE	NONE	NONE	NONE	NONE	NONE	NONE	NONE	heißen Drogenstoff der Mittelstufe zugeben	0	PASS_V75_11_TARGET_RIGHT_CONTEXTS__7_NOMINAL_3_ACTION_1_EOS__1_EXACT_WRITTEN_RESULT__2X2_DEFAULTS_REJECTED__C012_OCCURRENCE_BOUND__ZERO_WORD_DELTA	A080|A081	ACTION_CLAUSE:A081|FIRST_RIGHT_ITEM:A080	NONE	NONE	NONE	NONE	NONE	NONE	NONE	NONE	NONE	heißen Drogenstoff der Mittelstufe zugeben	0	PASS_V76_83_ACTION_RIGHT_CONTEXTS__60_NOMINAL_15_ACTION_8_EOS__7_FINISHED_STATE_FIRSTS__3_LOCAL_READS_4_OPEN__C013_C014_ADDED__ZERO_WORD_DELTA
f88r	f88r.19	6	qockhol	Drogenstoff aus Arzneikompositum zugeben	Drogenstoff aus Arzneikompositum zugeben	1	5	ACTION_CLAUSE	GDT689_V62_ACTION_ORDINAL	1	NONE	NONE	NONE	NONE	NONE	NONE	Drogenstoff aus Arzneikompositum zugeben	0	V68_WORDS_FROZEN__RELATION_METADATA_ONLY	NONE	NONE	NONE	NONE	NONE	Drogenstoff aus Arzneikompositum zugeben	0	V69_TOKEN_GLOSS_BYTE_IDENTICAL__SEPARATE_WINDOW_METADATA	0	NONE	NONE	NOT_IN_ACTION_SURFACE_SCAN	Drogenstoff aus Arzneikompositum zugeben	0	V70_TOKEN_GLOSS_BYTE_IDENTICAL__FRAME_REPLAY_METADATA_ONLY	NONE	NONE	NONE	NONE	Drogenstoff aus Arzneikompositum zugeben	0	PASS_V72_YKA_II_III_SISTER_FRAME__5_CASES_2_REPLAY_1_NEW_B_EDGE_2_HELD__AIIN_UNBOUND__ZERO_WORD_DELTA	NONE	NONE	NONE	NONE	NONE	Drogenstoff aus Arzneikompositum zugeben	0	PASS_V73_10_ANA_WINDOWS__1_EXACT_STATE_ONLY_2_WORKING_STATE_LIKE_2_DEICTIC__1_UNIQUE_CANDIDATE_1_NEW_B_EDGE__C011_OCCURRENCE_BOUND__ZERO_WORD_DELTA	NONE	NONE	NONE	NONE	NONE	NONE	Drogenstoff aus Arzneikompositum zugeben	0	PASS_V74_11_EDGES__9_CONNECTED_COMPONENTS__23_EDGE_NODES_2_HULL_ONLY_1_STRUCTURAL__ZERO_EDGE_WORD_DELTA	NONE	NONE	NONE	NONE	NONE	NONE	NONE	NONE	NONE	NONE	Drogenstoff aus Arzneikompositum zugeben	0	PASS_V75_11_TARGET_RIGHT_CONTEXTS__7_NOMINAL_3_ACTION_1_EOS__1_EXACT_WRITTEN_RESULT__2X2_DEFAULTS_REJECTED__C012_OCCURRENCE_BOUND__ZERO_WORD_DELTA	A081|A082	ACTION_CLAUSE:A082|FIRST_RIGHT_ITEM:A081	NONE	NONE	NONE	NONE	NONE	NONE	NONE	NONE	NONE	Drogenstoff aus Arzneikompositum zugeben	0	PASS_V76_83_ACTION_RIGHT_CONTEXTS__60_NOMINAL_15_ACTION_8_EOS__7_FINISHED_STATE_FIRSTS__3_LOCAL_READS_4_OPEN__C013_C014_ADDED__ZERO_WORD_DELTA
f88r	f88r.19	7	okol	heißer Ansatzstoff	heißer Ansatzstoff	1	6	NOMINAL_BLOCK	NOT_ACTION_LICENSED	0	NONE	NONE	NONE	NONE	NONE	NONE	heißer Ansatzstoff	0	V68_WORDS_FROZEN__RELATION_METADATA_ONLY	NONE	NONE	NONE	NONE	NONE	heißer Ansatzstoff	0	V69_TOKEN_GLOSS_BYTE_IDENTICAL__SEPARATE_WINDOW_METADATA	0	NONE	NONE	NOT_IN_ACTION_SURFACE_SCAN	heißer Ansatzstoff	0	V70_TOKEN_GLOSS_BYTE_IDENTICAL__FRAME_REPLAY_METADATA_ONLY	NONE	NONE	NONE	NONE	heißer Ansatzstoff	0	PASS_V72_YKA_II_III_SISTER_FRAME__5_CASES_2_REPLAY_1_NEW_B_EDGE_2_HELD__AIIN_UNBOUND__ZERO_WORD_DELTA	NONE	NONE	NONE	NONE	NONE	heißer Ansatzstoff	0	PASS_V73_10_ANA_WINDOWS__1_EXACT_STATE_ONLY_2_WORKING_STATE_LIKE_2_DEICTIC__1_UNIQUE_CANDIDATE_1_NEW_B_EDGE__C011_OCCURRENCE_BOUND__ZERO_WORD_DELTA	NONE	NONE	NONE	NONE	NONE	NONE	heißer Ansatzstoff	0	PASS_V74_11_EDGES__9_CONNECTED_COMPONENTS__23_EDGE_NODES_2_HULL_ONLY_1_STRUCTURAL__ZERO_EDGE_WORD_DELTA	NONE	NONE	NONE	NONE	NONE	NONE	NONE	NONE	NONE	NONE	heißer Ansatzstoff	0	PASS_V75_11_TARGET_RIGHT_CONTEXTS__7_NOMINAL_3_ACTION_1_EOS__1_EXACT_WRITTEN_RESULT__2X2_DEFAULTS_REJECTED__C012_OCCURRENCE_BOUND__ZERO_WORD_DELTA	A082	FIRST_RIGHT_ITEM:A082	NONE	NONE	NONE	NONE	NONE	NONE	NONE	NONE	NONE	heißer Ansatzstoff	0	PASS_V76_83_ACTION_RIGHT_CONTEXTS__60_NOMINAL_15_ACTION_8_EOS__7_FINISHED_STATE_FIRSTS__3_LOCAL_READS_4_OPEN__C013_C014_ADDED__ZERO_WORD_DELTA
f88r	f88r.19	8	cheol	trockener Drogenstoff	trockener Drogenstoff	1	6	NOMINAL_BLOCK	NOT_ACTION_LICENSED	0	NONE	NONE	NONE	NONE	NONE	NONE	trockener Drogenstoff	0	V68_WORDS_FROZEN__RELATION_METADATA_ONLY	NONE	NONE	NONE	NONE	NONE	trockener Drogenstoff	0	V69_TOKEN_GLOSS_BYTE_IDENTICAL__SEPARATE_WINDOW_METADATA	0	NONE	NONE	NOT_IN_ACTION_SURFACE_SCAN	trockener Drogenstoff	0	V70_TOKEN_GLOSS_BYTE_IDENTICAL__FRAME_REPLAY_METADATA_ONLY	NONE	NONE	NONE	NONE	trockener Drogenstoff	0	PASS_V72_YKA_II_III_SISTER_FRAME__5_CASES_2_REPLAY_1_NEW_B_EDGE_2_HELD__AIIN_UNBOUND__ZERO_WORD_DELTA	NONE	NONE	NONE	NONE	NONE	trockener Drogenstoff	0	PASS_V73_10_ANA_WINDOWS__1_EXACT_STATE_ONLY_2_WORKING_STATE_LIKE_2_DEICTIC__1_UNIQUE_CANDIDATE_1_NEW_B_EDGE__C011_OCCURRENCE_BOUND__ZERO_WORD_DELTA	NONE	NONE	NONE	NONE	NONE	NONE	trockener Drogenstoff	0	PASS_V74_11_EDGES__9_CONNECTED_COMPONENTS__23_EDGE_NODES_2_HULL_ONLY_1_STRUCTURAL__ZERO_EDGE_WORD_DELTA	NONE	NONE	NONE	NONE	NONE	NONE	NONE	NONE	NONE	NONE	trockener Drogenstoff	0	PASS_V75_11_TARGET_RIGHT_CONTEXTS__7_NOMINAL_3_ACTION_1_EOS__1_EXACT_WRITTEN_RESULT__2X2_DEFAULTS_REJECTED__C012_OCCURRENCE_BOUND__ZERO_WORD_DELTA	NONE	NONE	NONE	NONE	NONE	NONE	NONE	NONE	NONE	NONE	NONE	trockener Drogenstoff	0	PASS_V76_83_ACTION_RIGHT_CONTEXTS__60_NOMINAL_15_ACTION_8_EOS__7_FINISHED_STATE_FIRSTS__3_LOCAL_READS_4_OPEN__C013_C014_ADDED__ZERO_WORD_DELTA
f8r	f8r.15	1	dchey	Eine abgemessene Portion bis zur Mittelstufe trocknen	Eine abgemessene Portion bis zur Mittelstufe trocknen	1	1	ACTION_CLAUSE	GDT689_V62_ACTION_ORDINAL	1	NONE	NONE	NONE	NONE	NONE	NONE	Eine abgemessene Portion bis zur Mittelstufe trocknen	0	V68_WORDS_FROZEN__RELATION_METADATA_ONLY	NONE	NONE	NONE	NONE	NONE	Eine abgemessene Portion bis zur Mittelstufe trocknen	0	V69_TOKEN_GLOSS_BYTE_IDENTICAL__SEPARATE_WINDOW_METADATA	0	NONE	NONE	NOT_IN_ACTION_SURFACE_SCAN	Eine abgemessene Portion bis zur Mittelstufe trocknen	0	V70_TOKEN_GLOSS_BYTE_IDENTICAL__FRAME_REPLAY_METADATA_ONLY	NONE	NONE	NONE	NONE	Eine abgemessene Portion bis zur Mittelstufe trocknen	0	PASS_V72_YKA_II_III_SISTER_FRAME__5_CASES_2_REPLAY_1_NEW_B_EDGE_2_HELD__AIIN_UNBOUND__ZERO_WORD_DELTA	NONE	NONE	NONE	NONE	NONE	Eine abgemessene Portion bis zur Mittelstufe trocknen	0	PASS_V73_10_ANA_WINDOWS__1_EXACT_STATE_ONLY_2_WORKING_STATE_LIKE_2_DEICTIC__1_UNIQUE_CANDIDATE_1_NEW_B_EDGE__C011_OCCURRENCE_BOUND__ZERO_WORD_DELTA	NONE	NONE	NONE	NONE	NONE	NONE	Eine abgemessene Portion bis zur Mittelstufe trocknen	0	PASS_V74_11_EDGES__9_CONNECTED_COMPONENTS__23_EDGE_NODES_2_HULL_ONLY_1_STRUCTURAL__ZERO_EDGE_WORD_DELTA	NONE	NONE	NONE	NONE	NONE	NONE	NONE	NONE	NONE	NONE	Eine abgemessene Portion bis zur Mittelstufe trocknen	0	PASS_V75_11_TARGET_RIGHT_CONTEXTS__7_NOMINAL_3_ACTION_1_EOS__1_EXACT_WRITTEN_RESULT__2X2_DEFAULTS_REJECTED__C012_OCCURRENCE_BOUND__ZERO_WORD_DELTA	A083	ACTION_CLAUSE:A083	NONE	NONE	NONE	NONE	NONE	NONE	NONE	NONE	NONE	Eine abgemessene Portion bis zur Mittelstufe trocknen	0	PASS_V76_83_ACTION_RIGHT_CONTEXTS__60_NOMINAL_15_ACTION_8_EOS__7_FINISHED_STATE_FIRSTS__3_LOCAL_READS_4_OPEN__C013_C014_ADDED__ZERO_WORD_DELTA
f8r	f8r.15	2	ckhol	Drogenstoff aus Arzneikompositum	Drogenstoff aus Arzneikompositum	1	2	NOMINAL_BLOCK	NOT_ACTION_LICENSED	0	NONE	NONE	NONE	NONE	NONE	NONE	Drogenstoff aus Arzneikompositum	0	V68_WORDS_FROZEN__RELATION_METADATA_ONLY	NONE	NONE	NONE	NONE	NONE	Drogenstoff aus Arzneikompositum	0	V69_TOKEN_GLOSS_BYTE_IDENTICAL__SEPARATE_WINDOW_METADATA	0	NONE	NONE	NOT_IN_ACTION_SURFACE_SCAN	Drogenstoff aus Arzneikompositum	0	V70_TOKEN_GLOSS_BYTE_IDENTICAL__FRAME_REPLAY_METADATA_ONLY	NONE	NONE	NONE	NONE	Drogenstoff aus Arzneikompositum	0	PASS_V72_YKA_II_III_SISTER_FRAME__5_CASES_2_REPLAY_1_NEW_B_EDGE_2_HELD__AIIN_UNBOUND__ZERO_WORD_DELTA	NONE	NONE	NONE	NONE	NONE	Drogenstoff aus Arzneikompositum	0	PASS_V73_10_ANA_WINDOWS__1_EXACT_STATE_ONLY_2_WORKING_STATE_LIKE_2_DEICTIC__1_UNIQUE_CANDIDATE_1_NEW_B_EDGE__C011_OCCURRENCE_BOUND__ZERO_WORD_DELTA	NONE	NONE	NONE	NONE	NONE	NONE	Drogenstoff aus Arzneikompositum	0	PASS_V74_11_EDGES__9_CONNECTED_COMPONENTS__23_EDGE_NODES_2_HULL_ONLY_1_STRUCTURAL__ZERO_EDGE_WORD_DELTA	NONE	NONE	NONE	NONE	NONE	NONE	NONE	NONE	NONE	NONE	Drogenstoff aus Arzneikompositum	0	PASS_V75_11_TARGET_RIGHT_CONTEXTS__7_NOMINAL_3_ACTION_1_EOS__1_EXACT_WRITTEN_RESULT__2X2_DEFAULTS_REJECTED__C012_OCCURRENCE_BOUND__ZERO_WORD_DELTA	A083	FIRST_RIGHT_ITEM:A083	NONE	NONE	NONE	NONE	NONE	NONE	NONE	NONE	NONE	Drogenstoff aus Arzneikompositum	0	PASS_V76_83_ACTION_RIGHT_CONTEXTS__60_NOMINAL_15_ACTION_8_EOS__7_FINISHED_STATE_FIRSTS__3_LOCAL_READS_4_OPEN__C013_C014_ADDED__ZERO_WORD_DELTA
f8r	f8r.15	3	chol	trocken	trocken	1	2	NOMINAL_BLOCK	NOT_ACTION_LICENSED	0	NONE	NONE	NONE	NONE	NONE	NONE	trocken	0	V68_WORDS_FROZEN__RELATION_METADATA_ONLY	NONE	NONE	NONE	NONE	NONE	trocken	0	V69_TOKEN_GLOSS_BYTE_IDENTICAL__SEPARATE_WINDOW_METADATA	0	NONE	NONE	NOT_IN_ACTION_SURFACE_SCAN	trocken	0	V70_TOKEN_GLOSS_BYTE_IDENTICAL__FRAME_REPLAY_METADATA_ONLY	NONE	NONE	NONE	NONE	trocken	0	PASS_V72_YKA_II_III_SISTER_FRAME__5_CASES_2_REPLAY_1_NEW_B_EDGE_2_HELD__AIIN_UNBOUND__ZERO_WORD_DELTA	NONE	NONE	NONE	NONE	NONE	trocken	0	PASS_V73_10_ANA_WINDOWS__1_EXACT_STATE_ONLY_2_WORKING_STATE_LIKE_2_DEICTIC__1_UNIQUE_CANDIDATE_1_NEW_B_EDGE__C011_OCCURRENCE_BOUND__ZERO_WORD_DELTA	NONE	NONE	NONE	NONE	NONE	NONE	trocken	0	PASS_V74_11_EDGES__9_CONNECTED_COMPONENTS__23_EDGE_NODES_2_HULL_ONLY_1_STRUCTURAL__ZERO_EDGE_WORD_DELTA	NONE	NONE	NONE	NONE	NONE	NONE	NONE	NONE	NONE	NONE	trocken	0	PASS_V75_11_TARGET_RIGHT_CONTEXTS__7_NOMINAL_3_ACTION_1_EOS__1_EXACT_WRITTEN_RESULT__2X2_DEFAULTS_REJECTED__C012_OCCURRENCE_BOUND__ZERO_WORD_DELTA	NONE	NONE	NONE	NONE	NONE	NONE	NONE	NONE	NONE	NONE	NONE	trocken	0	PASS_V76_83_ACTION_RIGHT_CONTEXTS__60_NOMINAL_15_ACTION_8_EOS__7_FINISHED_STATE_FIRSTS__3_LOCAL_READS_4_OPEN__C013_C014_ADDED__ZERO_WORD_DELTA
f8r	f8r.15	4	chey	trocken in der Mitte des Grades	trocken in der Mitte des Grades	1	2	NOMINAL_BLOCK	NOT_ACTION_LICENSED	0	NONE	NONE	NONE	NONE	NONE	NONE	trocken in der Mitte des Grades	0	V68_WORDS_FROZEN__RELATION_METADATA_ONLY	NONE	NONE	NONE	NONE	NONE	trocken in der Mitte des Grades	0	V69_TOKEN_GLOSS_BYTE_IDENTICAL__SEPARATE_WINDOW_METADATA	0	NONE	NONE	NOT_IN_ACTION_SURFACE_SCAN	trocken in der Mitte des Grades	0	V70_TOKEN_GLOSS_BYTE_IDENTICAL__FRAME_REPLAY_METADATA_ONLY	NONE	NONE	NONE	NONE	trocken in der Mitte des Grades	0	PASS_V72_YKA_II_III_SISTER_FRAME__5_CASES_2_REPLAY_1_NEW_B_EDGE_2_HELD__AIIN_UNBOUND__ZERO_WORD_DELTA	NONE	NONE	NONE	NONE	NONE	trocken in der Mitte des Grades	0	PASS_V73_10_ANA_WINDOWS__1_EXACT_STATE_ONLY_2_WORKING_STATE_LIKE_2_DEICTIC__1_UNIQUE_CANDIDATE_1_NEW_B_EDGE__C011_OCCURRENCE_BOUND__ZERO_WORD_DELTA	NONE	NONE	NONE	NONE	NONE	NONE	trocken in der Mitte des Grades	0	PASS_V74_11_EDGES__9_CONNECTED_COMPONENTS__23_EDGE_NODES_2_HULL_ONLY_1_STRUCTURAL__ZERO_EDGE_WORD_DELTA	NONE	NONE	NONE	NONE	NONE	NONE	NONE	NONE	NONE	NONE	trocken in der Mitte des Grades	0	PASS_V75_11_TARGET_RIGHT_CONTEXTS__7_NOMINAL_3_ACTION_1_EOS__1_EXACT_WRITTEN_RESULT__2X2_DEFAULTS_REJECTED__C012_OCCURRENCE_BOUND__ZERO_WORD_DELTA	NONE	NONE	NONE	NONE	NONE	NONE	NONE	NONE	NONE	NONE	NONE	trocken in der Mitte des Grades	0	PASS_V76_83_ACTION_RIGHT_CONTEXTS__60_NOMINAL_15_ACTION_8_EOS__7_FINISHED_STATE_FIRSTS__3_LOCAL_READS_4_OPEN__C013_C014_ADDED__ZERO_WORD_DELTA
f8r	f8r.15	5	kc	Charge unter Wärme getrockneter Droge	Charge unter Wärme getrockneter Droge	1	2	NOMINAL_BLOCK	NOT_ACTION_LICENSED	0	NONE	NONE	NONE	NONE	NONE	NONE	Charge unter Wärme getrockneter Droge	0	V68_WORDS_FROZEN__RELATION_METADATA_ONLY	NONE	NONE	NONE	NONE	NONE	Charge unter Wärme getrockneter Droge	0	V69_TOKEN_GLOSS_BYTE_IDENTICAL__SEPARATE_WINDOW_METADATA	0	NONE	NONE	NOT_IN_ACTION_SURFACE_SCAN	Charge unter Wärme getrockneter Droge	0	V70_TOKEN_GLOSS_BYTE_IDENTICAL__FRAME_REPLAY_METADATA_ONLY	NONE	NONE	NONE	NONE	Charge unter Wärme getrockneter Droge	0	PASS_V72_YKA_II_III_SISTER_FRAME__5_CASES_2_REPLAY_1_NEW_B_EDGE_2_HELD__AIIN_UNBOUND__ZERO_WORD_DELTA	NONE	NONE	NONE	NONE	NONE	Charge unter Wärme getrockneter Droge	0	PASS_V73_10_ANA_WINDOWS__1_EXACT_STATE_ONLY_2_WORKING_STATE_LIKE_2_DEICTIC__1_UNIQUE_CANDIDATE_1_NEW_B_EDGE__C011_OCCURRENCE_BOUND__ZERO_WORD_DELTA	NONE	NONE	NONE	NONE	NONE	NONE	Charge unter Wärme getrockneter Droge	0	PASS_V74_11_EDGES__9_CONNECTED_COMPONENTS__23_EDGE_NODES_2_HULL_ONLY_1_STRUCTURAL__ZERO_EDGE_WORD_DELTA	NONE	NONE	NONE	NONE	NONE	NONE	NONE	NONE	NONE	NONE	Charge unter Wärme getrockneter Droge	0	PASS_V75_11_TARGET_RIGHT_CONTEXTS__7_NOMINAL_3_ACTION_1_EOS__1_EXACT_WRITTEN_RESULT__2X2_DEFAULTS_REJECTED__C012_OCCURRENCE_BOUND__ZERO_WORD_DELTA	NONE	NONE	NONE	NONE	NONE	NONE	NONE	NONE	NONE	NONE	NONE	Charge unter Wärme getrockneter Droge	0	PASS_V76_83_ACTION_RIGHT_CONTEXTS__60_NOMINAL_15_ACTION_8_EOS__7_FINISHED_STATE_FIRSTS__3_LOCAL_READS_4_OPEN__C013_C014_ADDED__ZERO_WORD_DELTA
f8r	f8r.15	6	chy	trocken am Anfang des Grades	trocken am Anfang des Grades	1	2	NOMINAL_BLOCK	NOT_ACTION_LICENSED	0	NONE	NONE	NONE	NONE	NONE	NONE	trocken am Anfang des Grades	0	V68_WORDS_FROZEN__RELATION_METADATA_ONLY	NONE	NONE	NONE	NONE	NONE	trocken am Anfang des Grades	0	V69_TOKEN_GLOSS_BYTE_IDENTICAL__SEPARATE_WINDOW_METADATA	0	NONE	NONE	NOT_IN_ACTION_SURFACE_SCAN	trocken am Anfang des Grades	0	V70_TOKEN_GLOSS_BYTE_IDENTICAL__FRAME_REPLAY_METADATA_ONLY	NONE	NONE	NONE	NONE	trocken am Anfang des Grades	0	PASS_V72_YKA_II_III_SISTER_FRAME__5_CASES_2_REPLAY_1_NEW_B_EDGE_2_HELD__AIIN_UNBOUND__ZERO_WORD_DELTA	NONE	NONE	NONE	NONE	NONE	trocken am Anfang des Grades	0	PASS_V73_10_ANA_WINDOWS__1_EXACT_STATE_ONLY_2_WORKING_STATE_LIKE_2_DEICTIC__1_UNIQUE_CANDIDATE_1_NEW_B_EDGE__C011_OCCURRENCE_BOUND__ZERO_WORD_DELTA	NONE	NONE	NONE	NONE	NONE	NONE	trocken am Anfang des Grades	0	PASS_V74_11_EDGES__9_CONNECTED_COMPONENTS__23_EDGE_NODES_2_HULL_ONLY_1_STRUCTURAL__ZERO_EDGE_WORD_DELTA	NONE	NONE	NONE	NONE	NONE	NONE	NONE	NONE	NONE	NONE	trocken am Anfang des Grades	0	PASS_V75_11_TARGET_RIGHT_CONTEXTS__7_NOMINAL_3_ACTION_1_EOS__1_EXACT_WRITTEN_RESULT__2X2_DEFAULTS_REJECTED__C012_OCCURRENCE_BOUND__ZERO_WORD_DELTA	NONE	NONE	NONE	NONE	NONE	NONE	NONE	NONE	NONE	NONE	NONE	trocken am Anfang des Grades	0	PASS_V76_83_ACTION_RIGHT_CONTEXTS__60_NOMINAL_15_ACTION_8_EOS__7_FINISHED_STATE_FIRSTS__3_LOCAL_READS_4_OPEN__C013_C014_ADDED__ZERO_WORD_DELTA
f8r	f8r.15	7	daiin	drei Materialmaße	drei Materialmaße	1	2	NOMINAL_BLOCK	NOT_ACTION_LICENSED	0	NONE	NONE	NONE	NONE	NONE	NONE	drei Materialmaße	0	V68_WORDS_FROZEN__RELATION_METADATA_ONLY	NONE	NONE	NONE	NONE	NONE	drei Materialmaße	0	V69_TOKEN_GLOSS_BYTE_IDENTICAL__SEPARATE_WINDOW_METADATA	0	NONE	NONE	NOT_IN_ACTION_SURFACE_SCAN	drei Materialmaße	0	V70_TOKEN_GLOSS_BYTE_IDENTICAL__FRAME_REPLAY_METADATA_ONLY	NONE	NONE	NONE	NONE	drei Materialmaße	0	PASS_V72_YKA_II_III_SISTER_FRAME__5_CASES_2_REPLAY_1_NEW_B_EDGE_2_HELD__AIIN_UNBOUND__ZERO_WORD_DELTA	NONE	NONE	NONE	NONE	NONE	drei Materialmaße	0	PASS_V73_10_ANA_WINDOWS__1_EXACT_STATE_ONLY_2_WORKING_STATE_LIKE_2_DEICTIC__1_UNIQUE_CANDIDATE_1_NEW_B_EDGE__C011_OCCURRENCE_BOUND__ZERO_WORD_DELTA	NONE	NONE	NONE	NONE	NONE	NONE	drei Materialmaße	0	PASS_V74_11_EDGES__9_CONNECTED_COMPONENTS__23_EDGE_NODES_2_HULL_ONLY_1_STRUCTURAL__ZERO_EDGE_WORD_DELTA	NONE	NONE	NONE	NONE	NONE	NONE	NONE	NONE	NONE	NONE	drei Materialmaße	0	PASS_V75_11_TARGET_RIGHT_CONTEXTS__7_NOMINAL_3_ACTION_1_EOS__1_EXACT_WRITTEN_RESULT__2X2_DEFAULTS_REJECTED__C012_OCCURRENCE_BOUND__ZERO_WORD_DELTA	NONE	NONE	NONE	NONE	NONE	NONE	NONE	NONE	NONE	NONE	NONE	drei Materialmaße	0	PASS_V76_83_ACTION_RIGHT_CONTEXTS__60_NOMINAL_15_ACTION_8_EOS__7_FINISHED_STATE_FIRSTS__3_LOCAL_READS_4_OPEN__C013_C014_ADDED__ZERO_WORD_DELTA
f8r	f8r.15	8	dol	Materialmaß	Materialmaß	1	2	NOMINAL_BLOCK	NOT_ACTION_LICENSED	0	NONE	NONE	NONE	NONE	NONE	NONE	Materialmaß	0	V68_WORDS_FROZEN__RELATION_METADATA_ONLY	NONE	NONE	NONE	NONE	NONE	Materialmaß	0	V69_TOKEN_GLOSS_BYTE_IDENTICAL__SEPARATE_WINDOW_METADATA	0	NONE	NONE	NOT_IN_ACTION_SURFACE_SCAN	Materialmaß	0	V70_TOKEN_GLOSS_BYTE_IDENTICAL__FRAME_REPLAY_METADATA_ONLY	NONE	NONE	NONE	NONE	Materialmaß	0	PASS_V72_YKA_II_III_SISTER_FRAME__5_CASES_2_REPLAY_1_NEW_B_EDGE_2_HELD__AIIN_UNBOUND__ZERO_WORD_DELTA	NONE	NONE	NONE	NONE	NONE	Materialmaß	0	PASS_V73_10_ANA_WINDOWS__1_EXACT_STATE_ONLY_2_WORKING_STATE_LIKE_2_DEICTIC__1_UNIQUE_CANDIDATE_1_NEW_B_EDGE__C011_OCCURRENCE_BOUND__ZERO_WORD_DELTA	NONE	NONE	NONE	NONE	NONE	NONE	Materialmaß	0	PASS_V74_11_EDGES__9_CONNECTED_COMPONENTS__23_EDGE_NODES_2_HULL_ONLY_1_STRUCTURAL__ZERO_EDGE_WORD_DELTA	NONE	NONE	NONE	NONE	NONE	NONE	NONE	NONE	NONE	NONE	Materialmaß	0	PASS_V75_11_TARGET_RIGHT_CONTEXTS__7_NOMINAL_3_ACTION_1_EOS__1_EXACT_WRITTEN_RESULT__2X2_DEFAULTS_REJECTED__C012_OCCURRENCE_BOUND__ZERO_WORD_DELTA	NONE	NONE	NONE	NONE	NONE	NONE	NONE	NONE	NONE	NONE	NONE	Materialmaß	0	PASS_V76_83_ACTION_RIGHT_CONTEXTS__60_NOMINAL_15_ACTION_8_EOS__7_FINISHED_STATE_FIRSTS__3_LOCAL_READS_4_OPEN__C013_C014_ADDED__ZERO_WORD_DELTA
f8r	f8r.15	9	daiiiry	abgemessener Drogenanteil IV, leicht getrocknet	abgemessener Drogenanteil IV, leicht getrocknet	1	2	NOMINAL_BLOCK	NOT_ACTION_LICENSED	0	NONE	NONE	NONE	NONE	NONE	NONE	abgemessener Drogenanteil IV, leicht getrocknet	0	V68_WORDS_FROZEN__RELATION_METADATA_ONLY	NONE	NONE	NONE	NONE	NONE	abgemessener Drogenanteil IV, leicht getrocknet	0	V69_TOKEN_GLOSS_BYTE_IDENTICAL__SEPARATE_WINDOW_METADATA	0	NONE	NONE	NOT_IN_ACTION_SURFACE_SCAN	abgemessener Drogenanteil IV, leicht getrocknet	0	V70_TOKEN_GLOSS_BYTE_IDENTICAL__FRAME_REPLAY_METADATA_ONLY	NONE	NONE	NONE	NONE	abgemessener Drogenanteil IV, leicht getrocknet	0	PASS_V72_YKA_II_III_SISTER_FRAME__5_CASES_2_REPLAY_1_NEW_B_EDGE_2_HELD__AIIN_UNBOUND__ZERO_WORD_DELTA	NONE	NONE	NONE	NONE	NONE	abgemessener Drogenanteil IV, leicht getrocknet	0	PASS_V73_10_ANA_WINDOWS__1_EXACT_STATE_ONLY_2_WORKING_STATE_LIKE_2_DEICTIC__1_UNIQUE_CANDIDATE_1_NEW_B_EDGE__C011_OCCURRENCE_BOUND__ZERO_WORD_DELTA	NONE	NONE	NONE	NONE	NONE	NONE	abgemessener Drogenanteil IV, leicht getrocknet	0	PASS_V74_11_EDGES__9_CONNECTED_COMPONENTS__23_EDGE_NODES_2_HULL_ONLY_1_STRUCTURAL__ZERO_EDGE_WORD_DELTA	NONE	NONE	NONE	NONE	NONE	NONE	NONE	NONE	NONE	NONE	abgemessener Drogenanteil IV, leicht getrocknet	0	PASS_V75_11_TARGET_RIGHT_CONTEXTS__7_NOMINAL_3_ACTION_1_EOS__1_EXACT_WRITTEN_RESULT__2X2_DEFAULTS_REJECTED__C012_OCCURRENCE_BOUND__ZERO_WORD_DELTA	NONE	NONE	NONE	NONE	NONE	NONE	NONE	NONE	NONE	NONE	NONE	abgemessener Drogenanteil IV, leicht getrocknet	0	PASS_V76_83_ACTION_RIGHT_CONTEXTS__60_NOMINAL_15_ACTION_8_EOS__7_FINISHED_STATE_FIRSTS__3_LOCAL_READS_4_OPEN__C013_C014_ADDED__ZERO_WORD_DELTA
f8r	f8r.15	10	ckhy	Arzneikompositum am Gradanfang	Arzneikompositum am Gradanfang	1	2	NOMINAL_BLOCK	NOT_ACTION_LICENSED	0	NONE	NONE	NONE	NONE	NONE	NONE	Arzneikompositum am Gradanfang	0	V68_WORDS_FROZEN__RELATION_METADATA_ONLY	NONE	NONE	NONE	NONE	NONE	Arzneikompositum am Gradanfang	0	V69_TOKEN_GLOSS_BYTE_IDENTICAL__SEPARATE_WINDOW_METADATA	0	NONE	NONE	NOT_IN_ACTION_SURFACE_SCAN	Arzneikompositum am Gradanfang	0	V70_TOKEN_GLOSS_BYTE_IDENTICAL__FRAME_REPLAY_METADATA_ONLY	NONE	NONE	NONE	NONE	Arzneikompositum am Gradanfang	0	PASS_V72_YKA_II_III_SISTER_FRAME__5_CASES_2_REPLAY_1_NEW_B_EDGE_2_HELD__AIIN_UNBOUND__ZERO_WORD_DELTA	NONE	NONE	NONE	NONE	NONE	Arzneikompositum am Gradanfang	0	PASS_V73_10_ANA_WINDOWS__1_EXACT_STATE_ONLY_2_WORKING_STATE_LIKE_2_DEICTIC__1_UNIQUE_CANDIDATE_1_NEW_B_EDGE__C011_OCCURRENCE_BOUND__ZERO_WORD_DELTA	NONE	NONE	NONE	NONE	NONE	NONE	Arzneikompositum am Gradanfang	0	PASS_V74_11_EDGES__9_CONNECTED_COMPONENTS__23_EDGE_NODES_2_HULL_ONLY_1_STRUCTURAL__ZERO_EDGE_WORD_DELTA	NONE	NONE	NONE	NONE	NONE	NONE	NONE	NONE	NONE	NONE	Arzneikompositum am Gradanfang	0	PASS_V75_11_TARGET_RIGHT_CONTEXTS__7_NOMINAL_3_ACTION_1_EOS__1_EXACT_WRITTEN_RESULT__2X2_DEFAULTS_REJECTED__C012_OCCURRENCE_BOUND__ZERO_WORD_DELTA	NONE	NONE	NONE	NONE	NONE	NONE	NONE	NONE	NONE	NONE	NONE	Arzneikompositum am Gradanfang	0	PASS_V76_83_ACTION_RIGHT_CONTEXTS__60_NOMINAL_15_ACTION_8_EOS__7_FINISHED_STATE_FIRSTS__3_LOCAL_READS_4_OPEN__C013_C014_ADDED__ZERO_WORD_DELTA
f95v1	f95v1.7	1	dshey	eine Dosis bis zur Mittelstufe angefeuchtete Droge	eine Dosis bis zur Mittelstufe angefeuchtete Droge	1	1	NOMINAL_BLOCK	NOT_ACTION_LICENSED	0	NONE	NONE	NONE	NONE	NONE	NONE	eine Dosis bis zur Mittelstufe angefeuchtete Droge	0	V68_WORDS_FROZEN__RELATION_METADATA_ONLY	NONE	NONE	NONE	NONE	NONE	eine Dosis bis zur Mittelstufe angefeuchtete Droge	0	V69_TOKEN_GLOSS_BYTE_IDENTICAL__SEPARATE_WINDOW_METADATA	0	NONE	NONE	NOT_IN_ACTION_SURFACE_SCAN	eine Dosis bis zur Mittelstufe angefeuchtete Droge	0	V70_TOKEN_GLOSS_BYTE_IDENTICAL__FRAME_REPLAY_METADATA_ONLY	NONE	NONE	NONE	NONE	eine Dosis bis zur Mittelstufe angefeuchtete Droge	0	PASS_V72_YKA_II_III_SISTER_FRAME__5_CASES_2_REPLAY_1_NEW_B_EDGE_2_HELD__AIIN_UNBOUND__ZERO_WORD_DELTA	NONE	NONE	NONE	NONE	NONE	eine Dosis bis zur Mittelstufe angefeuchtete Droge	0	PASS_V73_10_ANA_WINDOWS__1_EXACT_STATE_ONLY_2_WORKING_STATE_LIKE_2_DEICTIC__1_UNIQUE_CANDIDATE_1_NEW_B_EDGE__C011_OCCURRENCE_BOUND__ZERO_WORD_DELTA	NONE	NONE	NONE	NONE	NONE	NONE	eine Dosis bis zur Mittelstufe angefeuchtete Droge	0	PASS_V74_11_EDGES__9_CONNECTED_COMPONENTS__23_EDGE_NODES_2_HULL_ONLY_1_STRUCTURAL__ZERO_EDGE_WORD_DELTA	NONE	NONE	NONE	NONE	NONE	NONE	NONE	NONE	NONE	NONE	eine Dosis bis zur Mittelstufe angefeuchtete Droge	0	PASS_V75_11_TARGET_RIGHT_CONTEXTS__7_NOMINAL_3_ACTION_1_EOS__1_EXACT_WRITTEN_RESULT__2X2_DEFAULTS_REJECTED__C012_OCCURRENCE_BOUND__ZERO_WORD_DELTA	NONE	NONE	NONE	NONE	NONE	NONE	NONE	NONE	NONE	NONE	NONE	eine Dosis bis zur Mittelstufe angefeuchtete Droge	0	PASS_V76_83_ACTION_RIGHT_CONTEXTS__60_NOMINAL_15_ACTION_8_EOS__7_FINISHED_STATE_FIRSTS__3_LOCAL_READS_4_OPEN__C013_C014_ADDED__ZERO_WORD_DELTA
f95v1	f95v1.7	2	kain	heiß, Grad II	heiß, Grad II	1	1	NOMINAL_BLOCK	NOT_ACTION_LICENSED	0	NONE	NONE	NONE	NONE	NONE	NONE	heiß, Grad II	0	V68_WORDS_FROZEN__RELATION_METADATA_ONLY	NONE	NONE	NONE	NONE	NONE	heiß, Grad II	0	V69_TOKEN_GLOSS_BYTE_IDENTICAL__SEPARATE_WINDOW_METADATA	0	NONE	NONE	NOT_IN_ACTION_SURFACE_SCAN	heiß, Grad II	0	V70_TOKEN_GLOSS_BYTE_IDENTICAL__FRAME_REPLAY_METADATA_ONLY	NONE	NONE	NONE	NONE	heiß, Grad II	0	PASS_V72_YKA_II_III_SISTER_FRAME__5_CASES_2_REPLAY_1_NEW_B_EDGE_2_HELD__AIIN_UNBOUND__ZERO_WORD_DELTA	NONE	NONE	NONE	NONE	NONE	heiß, Grad II	0	PASS_V73_10_ANA_WINDOWS__1_EXACT_STATE_ONLY_2_WORKING_STATE_LIKE_2_DEICTIC__1_UNIQUE_CANDIDATE_1_NEW_B_EDGE__C011_OCCURRENCE_BOUND__ZERO_WORD_DELTA	NONE	NONE	NONE	NONE	NONE	NONE	heiß, Grad II	0	PASS_V74_11_EDGES__9_CONNECTED_COMPONENTS__23_EDGE_NODES_2_HULL_ONLY_1_STRUCTURAL__ZERO_EDGE_WORD_DELTA	NONE	NONE	NONE	NONE	NONE	NONE	NONE	NONE	NONE	NONE	heiß, Grad II	0	PASS_V75_11_TARGET_RIGHT_CONTEXTS__7_NOMINAL_3_ACTION_1_EOS__1_EXACT_WRITTEN_RESULT__2X2_DEFAULTS_REJECTED__C012_OCCURRENCE_BOUND__ZERO_WORD_DELTA	NONE	NONE	NONE	NONE	NONE	NONE	NONE	NONE	NONE	NONE	NONE	heiß, Grad II	0	PASS_V76_83_ACTION_RIGHT_CONTEXTS__60_NOMINAL_15_ACTION_8_EOS__7_FINISHED_STATE_FIRSTS__3_LOCAL_READS_4_OPEN__C013_C014_ADDED__ZERO_WORD_DELTA
f95v1	f95v1.7	3	qokar	heißer Drogenanteil I	heißer Drogenanteil I	1	1	NOMINAL_BLOCK	NOT_ACTION_LICENSED	0	NONE	NONE	NONE	NONE	NONE	NONE	heißer Drogenanteil I	0	V68_WORDS_FROZEN__RELATION_METADATA_ONLY	NONE	NONE	NONE	NONE	NONE	heißer Drogenanteil I	0	V69_TOKEN_GLOSS_BYTE_IDENTICAL__SEPARATE_WINDOW_METADATA	0	NONE	NONE	NOT_IN_ACTION_SURFACE_SCAN	heißer Drogenanteil I	0	V70_TOKEN_GLOSS_BYTE_IDENTICAL__FRAME_REPLAY_METADATA_ONLY	NONE	NONE	NONE	NONE	heißer Drogenanteil I	0	PASS_V72_YKA_II_III_SISTER_FRAME__5_CASES_2_REPLAY_1_NEW_B_EDGE_2_HELD__AIIN_UNBOUND__ZERO_WORD_DELTA	NONE	NONE	NONE	NONE	NONE	heißer Drogenanteil I	0	PASS_V73_10_ANA_WINDOWS__1_EXACT_STATE_ONLY_2_WORKING_STATE_LIKE_2_DEICTIC__1_UNIQUE_CANDIDATE_1_NEW_B_EDGE__C011_OCCURRENCE_BOUND__ZERO_WORD_DELTA	NONE	NONE	NONE	NONE	NONE	NONE	heißer Drogenanteil I	0	PASS_V74_11_EDGES__9_CONNECTED_COMPONENTS__23_EDGE_NODES_2_HULL_ONLY_1_STRUCTURAL__ZERO_EDGE_WORD_DELTA	NONE	NONE	NONE	NONE	NONE	NONE	NONE	NONE	NONE	NONE	heißer Drogenanteil I	0	PASS_V75_11_TARGET_RIGHT_CONTEXTS__7_NOMINAL_3_ACTION_1_EOS__1_EXACT_WRITTEN_RESULT__2X2_DEFAULTS_REJECTED__C012_OCCURRENCE_BOUND__ZERO_WORD_DELTA	NONE	NONE	NONE	NONE	NONE	NONE	NONE	NONE	NONE	NONE	NONE	heißer Drogenanteil I	0	PASS_V76_83_ACTION_RIGHT_CONTEXTS__60_NOMINAL_15_ACTION_8_EOS__7_FINISHED_STATE_FIRSTS__3_LOCAL_READS_4_OPEN__C013_C014_ADDED__ZERO_WORD_DELTA
f95v1	f95v1.7	4	olkar	Anteil I des heißen Holzansatzes	Anteil I des heißen Holzansatzes	1	1	NOMINAL_BLOCK	NOT_ACTION_LICENSED	0	NONE	NONE	NONE	NONE	NONE	NONE	Anteil I des heißen Holzansatzes	0	V68_WORDS_FROZEN__RELATION_METADATA_ONLY	NONE	NONE	NONE	NONE	NONE	Anteil I des heißen Holzansatzes	0	V69_TOKEN_GLOSS_BYTE_IDENTICAL__SEPARATE_WINDOW_METADATA	0	NONE	NONE	NOT_IN_ACTION_SURFACE_SCAN	Anteil I des heißen Holzansatzes	0	V70_TOKEN_GLOSS_BYTE_IDENTICAL__FRAME_REPLAY_METADATA_ONLY	NONE	NONE	NONE	NONE	Anteil I des heißen Holzansatzes	0	PASS_V72_YKA_II_III_SISTER_FRAME__5_CASES_2_REPLAY_1_NEW_B_EDGE_2_HELD__AIIN_UNBOUND__ZERO_WORD_DELTA	NONE	NONE	NONE	NONE	NONE	Anteil I des heißen Holzansatzes	0	PASS_V73_10_ANA_WINDOWS__1_EXACT_STATE_ONLY_2_WORKING_STATE_LIKE_2_DEICTIC__1_UNIQUE_CANDIDATE_1_NEW_B_EDGE__C011_OCCURRENCE_BOUND__ZERO_WORD_DELTA	NONE	NONE	NONE	NONE	NONE	NONE	Anteil I des heißen Holzansatzes	0	PASS_V74_11_EDGES__9_CONNECTED_COMPONENTS__23_EDGE_NODES_2_HULL_ONLY_1_STRUCTURAL__ZERO_EDGE_WORD_DELTA	NONE	NONE	NONE	NONE	NONE	NONE	NONE	NONE	NONE	NONE	Anteil I des heißen Holzansatzes	0	PASS_V75_11_TARGET_RIGHT_CONTEXTS__7_NOMINAL_3_ACTION_1_EOS__1_EXACT_WRITTEN_RESULT__2X2_DEFAULTS_REJECTED__C012_OCCURRENCE_BOUND__ZERO_WORD_DELTA	NONE	NONE	NONE	NONE	NONE	NONE	NONE	NONE	NONE	NONE	NONE	Anteil I des heißen Holzansatzes	0	PASS_V76_83_ACTION_RIGHT_CONTEXTS__60_NOMINAL_15_ACTION_8_EOS__7_FINISHED_STATE_FIRSTS__3_LOCAL_READS_4_OPEN__C013_C014_ADDED__ZERO_WORD_DELTA
f95v1	f95v1.7	5	chy	trocken am Anfang des Grades	trocken am Anfang des Grades	1	1	NOMINAL_BLOCK	NOT_ACTION_LICENSED	0	NONE	NONE	NONE	NONE	NONE	NONE	trocken am Anfang des Grades	0	V68_WORDS_FROZEN__RELATION_METADATA_ONLY	NONE	NONE	NONE	NONE	NONE	trocken am Anfang des Grades	0	V69_TOKEN_GLOSS_BYTE_IDENTICAL__SEPARATE_WINDOW_METADATA	0	NONE	NONE	NOT_IN_ACTION_SURFACE_SCAN	trocken am Anfang des Grades	0	V70_TOKEN_GLOSS_BYTE_IDENTICAL__FRAME_REPLAY_METADATA_ONLY	NONE	NONE	NONE	NONE	trocken am Anfang des Grades	0	PASS_V72_YKA_II_III_SISTER_FRAME__5_CASES_2_REPLAY_1_NEW_B_EDGE_2_HELD__AIIN_UNBOUND__ZERO_WORD_DELTA	NONE	NONE	NONE	NONE	NONE	trocken am Anfang des Grades	0	PASS_V73_10_ANA_WINDOWS__1_EXACT_STATE_ONLY_2_WORKING_STATE_LIKE_2_DEICTIC__1_UNIQUE_CANDIDATE_1_NEW_B_EDGE__C011_OCCURRENCE_BOUND__ZERO_WORD_DELTA	NONE	NONE	NONE	NONE	NONE	NONE	trocken am Anfang des Grades	0	PASS_V74_11_EDGES__9_CONNECTED_COMPONENTS__23_EDGE_NODES_2_HULL_ONLY_1_STRUCTURAL__ZERO_EDGE_WORD_DELTA	NONE	NONE	NONE	NONE	NONE	NONE	NONE	NONE	NONE	NONE	trocken am Anfang des Grades	0	PASS_V75_11_TARGET_RIGHT_CONTEXTS__7_NOMINAL_3_ACTION_1_EOS__1_EXACT_WRITTEN_RESULT__2X2_DEFAULTS_REJECTED__C012_OCCURRENCE_BOUND__ZERO_WORD_DELTA	NONE	NONE	NONE	NONE	NONE	NONE	NONE	NONE	NONE	NONE	NONE	trocken am Anfang des Grades	0	PASS_V76_83_ACTION_RIGHT_CONTEXTS__60_NOMINAL_15_ACTION_8_EOS__7_FINISHED_STATE_FIRSTS__3_LOCAL_READS_4_OPEN__C013_C014_ADDED__ZERO_WORD_DELTA
f95v1	f95v1.7	6	tar	kalter Drogenanteil I	kalter Drogenanteil I	1	1	NOMINAL_BLOCK	NOT_ACTION_LICENSED	0	NONE	NONE	NONE	NONE	NONE	NONE	kalter Drogenanteil I	0	V68_WORDS_FROZEN__RELATION_METADATA_ONLY	NONE	NONE	NONE	NONE	NONE	kalter Drogenanteil I	0	V69_TOKEN_GLOSS_BYTE_IDENTICAL__SEPARATE_WINDOW_METADATA	0	NONE	NONE	NOT_IN_ACTION_SURFACE_SCAN	kalter Drogenanteil I	0	V70_TOKEN_GLOSS_BYTE_IDENTICAL__FRAME_REPLAY_METADATA_ONLY	NONE	NONE	NONE	NONE	kalter Drogenanteil I	0	PASS_V72_YKA_II_III_SISTER_FRAME__5_CASES_2_REPLAY_1_NEW_B_EDGE_2_HELD__AIIN_UNBOUND__ZERO_WORD_DELTA	NONE	NONE	NONE	NONE	NONE	kalter Drogenanteil I	0	PASS_V73_10_ANA_WINDOWS__1_EXACT_STATE_ONLY_2_WORKING_STATE_LIKE_2_DEICTIC__1_UNIQUE_CANDIDATE_1_NEW_B_EDGE__C011_OCCURRENCE_BOUND__ZERO_WORD_DELTA	NONE	NONE	NONE	NONE	NONE	NONE	kalter Drogenanteil I	0	PASS_V74_11_EDGES__9_CONNECTED_COMPONENTS__23_EDGE_NODES_2_HULL_ONLY_1_STRUCTURAL__ZERO_EDGE_WORD_DELTA	NONE	NONE	NONE	NONE	NONE	NONE	NONE	NONE	NONE	NONE	kalter Drogenanteil I	0	PASS_V75_11_TARGET_RIGHT_CONTEXTS__7_NOMINAL_3_ACTION_1_EOS__1_EXACT_WRITTEN_RESULT__2X2_DEFAULTS_REJECTED__C012_OCCURRENCE_BOUND__ZERO_WORD_DELTA	NONE	NONE	NONE	NONE	NONE	NONE	NONE	NONE	NONE	NONE	NONE	kalter Drogenanteil I	0	PASS_V76_83_ACTION_RIGHT_CONTEXTS__60_NOMINAL_15_ACTION_8_EOS__7_FINISHED_STATE_FIRSTS__3_LOCAL_READS_4_OPEN__C013_C014_ADDED__ZERO_WORD_DELTA
f95v1	f95v1.7	7	otar	Anteil I des kalten Ansatzes	Anteil I des kalten Ansatzes	1	1	NOMINAL_BLOCK	NOT_ACTION_LICENSED	0	NONE	NONE	NONE	NONE	NONE	NONE	Anteil I des kalten Ansatzes	0	V68_WORDS_FROZEN__RELATION_METADATA_ONLY	NONE	NONE	NONE	NONE	NONE	Anteil I des kalten Ansatzes	0	V69_TOKEN_GLOSS_BYTE_IDENTICAL__SEPARATE_WINDOW_METADATA	0	NONE	NONE	NOT_IN_ACTION_SURFACE_SCAN	Anteil I des kalten Ansatzes	0	V70_TOKEN_GLOSS_BYTE_IDENTICAL__FRAME_REPLAY_METADATA_ONLY	NONE	NONE	NONE	NONE	Anteil I des kalten Ansatzes	0	PASS_V72_YKA_II_III_SISTER_FRAME__5_CASES_2_REPLAY_1_NEW_B_EDGE_2_HELD__AIIN_UNBOUND__ZERO_WORD_DELTA	NONE	NONE	NONE	NONE	NONE	Anteil I des kalten Ansatzes	0	PASS_V73_10_ANA_WINDOWS__1_EXACT_STATE_ONLY_2_WORKING_STATE_LIKE_2_DEICTIC__1_UNIQUE_CANDIDATE_1_NEW_B_EDGE__C011_OCCURRENCE_BOUND__ZERO_WORD_DELTA	NONE	NONE	NONE	NONE	NONE	NONE	Anteil I des kalten Ansatzes	0	PASS_V74_11_EDGES__9_CONNECTED_COMPONENTS__23_EDGE_NODES_2_HULL_ONLY_1_STRUCTURAL__ZERO_EDGE_WORD_DELTA	NONE	NONE	NONE	NONE	NONE	NONE	NONE	NONE	NONE	NONE	Anteil I des kalten Ansatzes	0	PASS_V75_11_TARGET_RIGHT_CONTEXTS__7_NOMINAL_3_ACTION_1_EOS__1_EXACT_WRITTEN_RESULT__2X2_DEFAULTS_REJECTED__C012_OCCURRENCE_BOUND__ZERO_WORD_DELTA	NONE	NONE	NONE	NONE	NONE	NONE	NONE	NONE	NONE	NONE	NONE	Anteil I des kalten Ansatzes	0	PASS_V76_83_ACTION_RIGHT_CONTEXTS__60_NOMINAL_15_ACTION_8_EOS__7_FINISHED_STATE_FIRSTS__3_LOCAL_READS_4_OPEN__C013_C014_ADDED__ZERO_WORD_DELTA
f95v1	f95v1.7	8	chdy	trockene Anfangsstufe erreicht	trockene Anfangsstufe erreicht	1	1	NOMINAL_BLOCK	NOT_ACTION_LICENSED	0	NONE	NONE	NONE	NONE	NONE	NONE	trockene Anfangsstufe erreicht	0	V68_WORDS_FROZEN__RELATION_METADATA_ONLY	NONE	NONE	NONE	NONE	NONE	trockene Anfangsstufe erreicht	0	V69_TOKEN_GLOSS_BYTE_IDENTICAL__SEPARATE_WINDOW_METADATA	0	NONE	NONE	NOT_IN_ACTION_SURFACE_SCAN	trockene Anfangsstufe erreicht	0	V70_TOKEN_GLOSS_BYTE_IDENTICAL__FRAME_REPLAY_METADATA_ONLY	NONE	NONE	NONE	NONE	trockene Anfangsstufe erreicht	0	PASS_V72_YKA_II_III_SISTER_FRAME__5_CASES_2_REPLAY_1_NEW_B_EDGE_2_HELD__AIIN_UNBOUND__ZERO_WORD_DELTA	NONE	NONE	NONE	NONE	NONE	trockene Anfangsstufe erreicht	0	PASS_V73_10_ANA_WINDOWS__1_EXACT_STATE_ONLY_2_WORKING_STATE_LIKE_2_DEICTIC__1_UNIQUE_CANDIDATE_1_NEW_B_EDGE__C011_OCCURRENCE_BOUND__ZERO_WORD_DELTA	NONE	NONE	NONE	NONE	NONE	NONE	trockene Anfangsstufe erreicht	0	PASS_V74_11_EDGES__9_CONNECTED_COMPONENTS__23_EDGE_NODES_2_HULL_ONLY_1_STRUCTURAL__ZERO_EDGE_WORD_DELTA	NONE	NONE	NONE	NONE	NONE	NONE	NONE	NONE	NONE	NONE	trockene Anfangsstufe erreicht	0	PASS_V75_11_TARGET_RIGHT_CONTEXTS__7_NOMINAL_3_ACTION_1_EOS__1_EXACT_WRITTEN_RESULT__2X2_DEFAULTS_REJECTED__C012_OCCURRENCE_BOUND__ZERO_WORD_DELTA	NONE	NONE	NONE	NONE	NONE	NONE	NONE	NONE	NONE	NONE	NONE	trockene Anfangsstufe erreicht	0	PASS_V76_83_ACTION_RIGHT_CONTEXTS__60_NOMINAL_15_ACTION_8_EOS__7_FINISHED_STATE_FIRSTS__3_LOCAL_READS_4_OPEN__C013_C014_ADDED__ZERO_WORD_DELTA
f95v1	f95v1.7	9	kchdy	heiß-trockene Anfangsstufe erreicht	heiß-trockene Anfangsstufe erreicht	1	1	NOMINAL_BLOCK	NOT_ACTION_LICENSED	0	NONE	NONE	NONE	NONE	NONE	NONE	heiß-trockene Anfangsstufe erreicht	0	V68_WORDS_FROZEN__RELATION_METADATA_ONLY	NONE	NONE	NONE	NONE	NONE	heiß-trockene Anfangsstufe erreicht	0	V69_TOKEN_GLOSS_BYTE_IDENTICAL__SEPARATE_WINDOW_METADATA	0	NONE	NONE	NOT_IN_ACTION_SURFACE_SCAN	heiß-trockene Anfangsstufe erreicht	0	V70_TOKEN_GLOSS_BYTE_IDENTICAL__FRAME_REPLAY_METADATA_ONLY	NONE	NONE	NONE	NONE	heiß-trockene Anfangsstufe erreicht	0	PASS_V72_YKA_II_III_SISTER_FRAME__5_CASES_2_REPLAY_1_NEW_B_EDGE_2_HELD__AIIN_UNBOUND__ZERO_WORD_DELTA	NONE	NONE	NONE	NONE	NONE	heiß-trockene Anfangsstufe erreicht	0	PASS_V73_10_ANA_WINDOWS__1_EXACT_STATE_ONLY_2_WORKING_STATE_LIKE_2_DEICTIC__1_UNIQUE_CANDIDATE_1_NEW_B_EDGE__C011_OCCURRENCE_BOUND__ZERO_WORD_DELTA	NONE	NONE	NONE	NONE	NONE	NONE	heiß-trockene Anfangsstufe erreicht	0	PASS_V74_11_EDGES__9_CONNECTED_COMPONENTS__23_EDGE_NODES_2_HULL_ONLY_1_STRUCTURAL__ZERO_EDGE_WORD_DELTA	NONE	NONE	NONE	NONE	NONE	NONE	NONE	NONE	NONE	NONE	heiß-trockene Anfangsstufe erreicht	0	PASS_V75_11_TARGET_RIGHT_CONTEXTS__7_NOMINAL_3_ACTION_1_EOS__1_EXACT_WRITTEN_RESULT__2X2_DEFAULTS_REJECTED__C012_OCCURRENCE_BOUND__ZERO_WORD_DELTA	NONE	NONE	NONE	NONE	NONE	NONE	NONE	NONE	NONE	NONE	NONE	heiß-trockene Anfangsstufe erreicht	0	PASS_V76_83_ACTION_RIGHT_CONTEXTS__60_NOMINAL_15_ACTION_8_EOS__7_FINISHED_STATE_FIRSTS__3_LOCAL_READS_4_OPEN__C013_C014_ADDED__ZERO_WORD_DELTA
f95v1	f95v1.7	10	dolkain	abgemessenes heißes Drogenmaterial, Stufe II	abgemessenes heißes Drogenmaterial, Stufe II	1	1	NOMINAL_BLOCK	NOT_ACTION_LICENSED	0	NONE	NONE	NONE	NONE	NONE	NONE	abgemessenes heißes Drogenmaterial, Stufe II	0	V68_WORDS_FROZEN__RELATION_METADATA_ONLY	NONE	NONE	NONE	NONE	NONE	abgemessenes heißes Drogenmaterial, Stufe II	0	V69_TOKEN_GLOSS_BYTE_IDENTICAL__SEPARATE_WINDOW_METADATA	0	NONE	NONE	NOT_IN_ACTION_SURFACE_SCAN	abgemessenes heißes Drogenmaterial, Stufe II	0	V70_TOKEN_GLOSS_BYTE_IDENTICAL__FRAME_REPLAY_METADATA_ONLY	NONE	NONE	NONE	NONE	abgemessenes heißes Drogenmaterial, Stufe II	0	PASS_V72_YKA_II_III_SISTER_FRAME__5_CASES_2_REPLAY_1_NEW_B_EDGE_2_HELD__AIIN_UNBOUND__ZERO_WORD_DELTA	NONE	NONE	NONE	NONE	NONE	abgemessenes heißes Drogenmaterial, Stufe II	0	PASS_V73_10_ANA_WINDOWS__1_EXACT_STATE_ONLY_2_WORKING_STATE_LIKE_2_DEICTIC__1_UNIQUE_CANDIDATE_1_NEW_B_EDGE__C011_OCCURRENCE_BOUND__ZERO_WORD_DELTA	NONE	NONE	NONE	NONE	NONE	NONE	abgemessenes heißes Drogenmaterial, Stufe II	0	PASS_V74_11_EDGES__9_CONNECTED_COMPONENTS__23_EDGE_NODES_2_HULL_ONLY_1_STRUCTURAL__ZERO_EDGE_WORD_DELTA	NONE	NONE	NONE	NONE	NONE	NONE	NONE	NONE	NONE	NONE	abgemessenes heißes Drogenmaterial, Stufe II	0	PASS_V75_11_TARGET_RIGHT_CONTEXTS__7_NOMINAL_3_ACTION_1_EOS__1_EXACT_WRITTEN_RESULT__2X2_DEFAULTS_REJECTED__C012_OCCURRENCE_BOUND__ZERO_WORD_DELTA	NONE	NONE	NONE	NONE	NONE	NONE	NONE	NONE	NONE	NONE	NONE	abgemessenes heißes Drogenmaterial, Stufe II	0	PASS_V76_83_ACTION_RIGHT_CONTEXTS__60_NOMINAL_15_ACTION_8_EOS__7_FINISHED_STATE_FIRSTS__3_LOCAL_READS_4_OPEN__C013_C014_ADDED__ZERO_WORD_DELTA
f95v1	f95v1.7	11	otardy	fertiger Anteil I des kalten Ansatzes	fertiger Anteil I des kalten Ansatzes	1	1	NOMINAL_BLOCK	NOT_ACTION_LICENSED	0	NONE	NONE	NONE	NONE	NONE	NONE	fertiger Anteil I des kalten Ansatzes	0	V68_WORDS_FROZEN__RELATION_METADATA_ONLY	NONE	NONE	NONE	NONE	NONE	fertiger Anteil I des kalten Ansatzes	0	V69_TOKEN_GLOSS_BYTE_IDENTICAL__SEPARATE_WINDOW_METADATA	0	NONE	NONE	NOT_IN_ACTION_SURFACE_SCAN	fertiger Anteil I des kalten Ansatzes	0	V70_TOKEN_GLOSS_BYTE_IDENTICAL__FRAME_REPLAY_METADATA_ONLY	NONE	NONE	NONE	NONE	fertiger Anteil I des kalten Ansatzes	0	PASS_V72_YKA_II_III_SISTER_FRAME__5_CASES_2_REPLAY_1_NEW_B_EDGE_2_HELD__AIIN_UNBOUND__ZERO_WORD_DELTA	NONE	NONE	NONE	NONE	NONE	fertiger Anteil I des kalten Ansatzes	0	PASS_V73_10_ANA_WINDOWS__1_EXACT_STATE_ONLY_2_WORKING_STATE_LIKE_2_DEICTIC__1_UNIQUE_CANDIDATE_1_NEW_B_EDGE__C011_OCCURRENCE_BOUND__ZERO_WORD_DELTA	NONE	NONE	NONE	NONE	NONE	NONE	fertiger Anteil I des kalten Ansatzes	0	PASS_V74_11_EDGES__9_CONNECTED_COMPONENTS__23_EDGE_NODES_2_HULL_ONLY_1_STRUCTURAL__ZERO_EDGE_WORD_DELTA	NONE	NONE	NONE	NONE	NONE	NONE	NONE	NONE	NONE	NONE	fertiger Anteil I des kalten Ansatzes	0	PASS_V75_11_TARGET_RIGHT_CONTEXTS__7_NOMINAL_3_ACTION_1_EOS__1_EXACT_WRITTEN_RESULT__2X2_DEFAULTS_REJECTED__C012_OCCURRENCE_BOUND__ZERO_WORD_DELTA	NONE	NONE	NONE	NONE	NONE	NONE	NONE	NONE	NONE	NONE	NONE	fertiger Anteil I des kalten Ansatzes	0	PASS_V76_83_ACTION_RIGHT_CONTEXTS__60_NOMINAL_15_ACTION_8_EOS__7_FINISHED_STATE_FIRSTS__3_LOCAL_READS_4_OPEN__C013_C014_ADDED__ZERO_WORD_DELTA
