event_id	page	record	statement_id	locus	silent_owner_id	silent_owner_de	surface	card_no	card_reading_de	primitive_program	workshop_words_de	grammar_lanes	owner_noun_source	material_noun_source	disease_bodypart_species_source
E001	f10r	H1	H1-S001	f10r.2	WHOLE_BROAD_TOOTHED_RADIAL_FLOWERED_HERB	abgebildete breit gezähnte radialblütige Pflanze	dchey	PROC001	abziehen · kurz · dies	SOURCE_DRAW	QUELLE	ADDRESS	IMAGE_OR_LOCAL_EXEMPLAR	NOT_FIXED_BY_COMMON_OPERATOR_GRAMMAR	NOT_ENCODED_IN_COMMON_OPERATOR_GRAMMAR
E002	f10r	H1	H1-S001	f10r.2	WHOLE_BROAD_TOOTHED_RADIAL_FLOWERED_HERB	abgebildete breit gezähnte radialblütige Pflanze	cthoor	PROC002	bereit · Arbeitsgang · Ansatz	ACTIVATE_CHARGE	ANSETZEN	REFERENCE	IMAGE_OR_LOCAL_EXEMPLAR	NOT_FIXED_BY_COMMON_OPERATOR_GRAMMAR	NOT_ENCODED_IN_COMMON_OPERATOR_GRAMMAR
E003	f10r	H1	H1-S001	f10r.2	WHOLE_BROAD_TOOTHED_RADIAL_FLOWERED_HERB	abgebildete breit gezähnte radialblütige Pflanze	char	PROC003	von dort	SOURCE_DRAW	QUELLE	ADDRESS	IMAGE_OR_LOCAL_EXEMPLAR	NOT_FIXED_BY_COMMON_OPERATOR_GRAMMAR	NOT_ENCODED_IN_COMMON_OPERATOR_GRAMMAR
E004	f10r	H1	H1-S001	f10r.2	WHOLE_BROAD_TOOTHED_RADIAL_FLOWERED_HERB	abgebildete breit gezähnte radialblütige Pflanze	chty	PROC004	eintragen · dies	ACTIVATE_CHARGE	ANSETZEN	REFERENCE	IMAGE_OR_LOCAL_EXEMPLAR	NOT_FIXED_BY_COMMON_OPERATOR_GRAMMAR	NOT_ENCODED_IN_COMMON_OPERATOR_GRAMMAR
E005	f10r	H1	H1-S001	f10r.2	WHOLE_BROAD_TOOTHED_RADIAL_FLOWERED_HERB	abgebildete breit gezähnte radialblütige Pflanze	os	PROC005	Arbeitsfach	TARGET_HANDOFF	ZIEL	ADDRESS	IMAGE_OR_LOCAL_EXEMPLAR	NOT_FIXED_BY_COMMON_OPERATOR_GRAMMAR	NOT_ENCODED_IN_COMMON_OPERATOR_GRAMMAR
E006	f10r	H1	H1-S001	f10r.2	WHOLE_BROAD_TOOTHED_RADIAL_FLOWERED_HERB	abgebildete breit gezähnte radialblütige Pflanze	chair	PROC006	abziehen · Lauf	SOURCE_DRAW	QUELLE	ADDRESS	IMAGE_OR_LOCAL_EXEMPLAR	NOT_FIXED_BY_COMMON_OPERATOR_GRAMMAR	NOT_ENCODED_IN_COMMON_OPERATOR_GRAMMAR
E007	f10r	H1	H1-S001	f10r.2	WHOLE_BROAD_TOOTHED_RADIAL_FLOWERED_HERB	abgebildete breit gezähnte radialblütige Pflanze	otytchol	PROC007	danach · dies · eintragen · abziehen · fortsetzen	SOURCE_DRAW	QUELLE	ADDRESS	IMAGE_OR_LOCAL_EXEMPLAR	NOT_FIXED_BY_COMMON_OPERATOR_GRAMMAR	NOT_ENCODED_IN_COMMON_OPERATOR_GRAMMAR
E008	f10r	H1	H1-S001	f10r.2	WHOLE_BROAD_TOOTHED_RADIAL_FLOWERED_HERB	abgebildete breit gezähnte radialblütige Pflanze	oky	PROC008	ansetzen · dies	CONTINUE_USE	FORTSETZEN	REFERENCE	IMAGE_OR_LOCAL_EXEMPLAR	NOT_FIXED_BY_COMMON_OPERATOR_GRAMMAR	NOT_ENCODED_IN_COMMON_OPERATOR_GRAMMAR
E009	f10r	H1	H1-S001	f10r.2	WHOLE_BROAD_TOOTHED_RADIAL_FLOWERED_HERB	abgebildete breit gezähnte radialblütige Pflanze	daiin	PROC009	Maß	METER_CHECK	MASS	ADDRESS	IMAGE_OR_LOCAL_EXEMPLAR	NOT_FIXED_BY_COMMON_OPERATOR_GRAMMAR	NOT_ENCODED_IN_COMMON_OPERATOR_GRAMMAR
E010	f10r	H1	H1-S001	f10r.2	WHOLE_BROAD_TOOTHED_RADIAL_FLOWERED_HERB	abgebildete breit gezähnte radialblütige Pflanze	etyd	PROC010	kurz · eintragen · dies	ACTIVATE_CHARGE	ANSETZEN	REFERENCE	IMAGE_OR_LOCAL_EXEMPLAR	NOT_FIXED_BY_COMMON_OPERATOR_GRAMMAR	NOT_ENCODED_IN_COMMON_OPERATOR_GRAMMAR
E011	f10r	H1	H1-S002	f10r.5	WHOLE_BROAD_TOOTHED_RADIAL_FLOWERED_HERB	abgebildete breit gezähnte radialblütige Pflanze	qokchy	PROC011	ansetzen · dies	ACTIVATE_CHARGE	ANSETZEN	REFERENCE	IMAGE_OR_LOCAL_EXEMPLAR	NOT_FIXED_BY_COMMON_OPERATOR_GRAMMAR	NOT_ENCODED_IN_COMMON_OPERATOR_GRAMMAR
E012	f10r	H1	H1-S002	f10r.5	WHOLE_BROAD_TOOTHED_RADIAL_FLOWERED_HERB	abgebildete breit gezähnte radialblütige Pflanze	qotchol	PROC012	danach · abziehen · fortsetzen	SOURCE_DRAW	QUELLE	ADDRESS	IMAGE_OR_LOCAL_EXEMPLAR	NOT_FIXED_BY_COMMON_OPERATOR_GRAMMAR	NOT_ENCODED_IN_COMMON_OPERATOR_GRAMMAR
E013	f10r	H1	H1-S002	f10r.5	WHOLE_BROAD_TOOTHED_RADIAL_FLOWERED_HERB	abgebildete breit gezähnte radialblütige Pflanze	chol	PROC013	fortsetzen	CONTINUE_USE	FORTSETZEN	REFERENCE	IMAGE_OR_LOCAL_EXEMPLAR	NOT_FIXED_BY_COMMON_OPERATOR_GRAMMAR	NOT_ENCODED_IN_COMMON_OPERATOR_GRAMMAR
E014	f10r	H1	H1-S002	f10r.5	WHOLE_BROAD_TOOTHED_RADIAL_FLOWERED_HERB	abgebildete breit gezähnte radialblütige Pflanze	cthy	PROC014	bereit · dies	HOLD_STATE	HALTEN	STATE	IMAGE_OR_LOCAL_EXEMPLAR	NOT_FIXED_BY_COMMON_OPERATOR_GRAMMAR	NOT_ENCODED_IN_COMMON_OPERATOR_GRAMMAR
E015	f10r	H2	H2-S001	f10r.6	WHOLE_BROAD_TOOTHED_RADIAL_FLOWERED_HERB	abgebildete breit gezähnte radialblütige Pflanze	ycheor	PROC015	dies · abziehen · kurz · Ansatz	SOURCE_DRAW	QUELLE	ADDRESS	IMAGE_OR_LOCAL_EXEMPLAR	NOT_FIXED_BY_COMMON_OPERATOR_GRAMMAR	NOT_ENCODED_IN_COMMON_OPERATOR_GRAMMAR
E016	f10r	H2	H2-S001	f10r.6	WHOLE_BROAD_TOOTHED_RADIAL_FLOWERED_HERB	abgebildete breit gezähnte radialblütige Pflanze	cthy	PROC014	bereit · dies	HOLD_STATE	HALTEN	STATE	IMAGE_OR_LOCAL_EXEMPLAR	NOT_FIXED_BY_COMMON_OPERATOR_GRAMMAR	NOT_ENCODED_IN_COMMON_OPERATOR_GRAMMAR
E017	f10r	H2	H2-S001	f10r.6	WHOLE_BROAD_TOOTHED_RADIAL_FLOWERED_HERB	abgebildete breit gezähnte radialblütige Pflanze	chor	PROC016	Ansatz	ACTIVATE_CHARGE	ANSETZEN	REFERENCE	IMAGE_OR_LOCAL_EXEMPLAR	NOT_FIXED_BY_COMMON_OPERATOR_GRAMMAR	NOT_ENCODED_IN_COMMON_OPERATOR_GRAMMAR
E018	f10r	H2	H2-S001	f10r.6	WHOLE_BROAD_TOOTHED_RADIAL_FLOWERED_HERB	abgebildete breit gezähnte radialblütige Pflanze	cthaiin	PROC017	bereit · Maß	METER_CHECK	MASS	ADDRESS	IMAGE_OR_LOCAL_EXEMPLAR	NOT_FIXED_BY_COMMON_OPERATOR_GRAMMAR	NOT_ENCODED_IN_COMMON_OPERATOR_GRAMMAR
E019	f10r	H2	H2-S001	f10r.6	WHOLE_BROAD_TOOTHED_RADIAL_FLOWERED_HERB	abgebildete breit gezähnte radialblütige Pflanze	qoctholy	PROC018	Arbeitsgang · bereit · fortsetzen · dies	CONTINUE_USE	FORTSETZEN	REFERENCE	IMAGE_OR_LOCAL_EXEMPLAR	NOT_FIXED_BY_COMMON_OPERATOR_GRAMMAR	NOT_ENCODED_IN_COMMON_OPERATOR_GRAMMAR
E020	f10r	H2	H2-S001	f10r.6	WHOLE_BROAD_TOOTHED_RADIAL_FLOWERED_HERB	abgebildete breit gezähnte radialblütige Pflanze	dy	PROC019	dies	MOVE_PASS	FÜHREN	PROCESS	IMAGE_OR_LOCAL_EXEMPLAR	NOT_FIXED_BY_COMMON_OPERATOR_GRAMMAR	NOT_ENCODED_IN_COMMON_OPERATOR_GRAMMAR
E021	f10r	H2	H2-S001	f10r.6	WHOLE_BROAD_TOOTHED_RADIAL_FLOWERED_HERB	abgebildete breit gezähnte radialblütige Pflanze	chy	PROC019	dies	CONTINUE_USE	FORTSETZEN	REFERENCE	IMAGE_OR_LOCAL_EXEMPLAR	NOT_FIXED_BY_COMMON_OPERATOR_GRAMMAR	NOT_ENCODED_IN_COMMON_OPERATOR_GRAMMAR
E022	f10r	H2	H2-S001	f10r.6	WHOLE_BROAD_TOOTHED_RADIAL_FLOWERED_HERB	abgebildete breit gezähnte radialblütige Pflanze	taiin	PROC009	Maß	METER_CHECK	MASS	ADDRESS	IMAGE_OR_LOCAL_EXEMPLAR	NOT_FIXED_BY_COMMON_OPERATOR_GRAMMAR	NOT_ENCODED_IN_COMMON_OPERATOR_GRAMMAR
E023	f10r	H2	H2-S001	f10r.6	WHOLE_BROAD_TOOTHED_RADIAL_FLOWERED_HERB	abgebildete breit gezähnte radialblütige Pflanze	shy	PROC019	dies	TARGET_HANDOFF	ZIEL	ADDRESS	IMAGE_OR_LOCAL_EXEMPLAR	NOT_FIXED_BY_COMMON_OPERATOR_GRAMMAR	NOT_ENCODED_IN_COMMON_OPERATOR_GRAMMAR
E024	f10r	H2	H2-S002	f10r.8	WHOLE_BROAD_TOOTHED_RADIAL_FLOWERED_HERB	abgebildete breit gezähnte radialblütige Pflanze	qotchor	PROC020	danach · abziehen · Ansatz	ACTIVATE_CHARGE	ANSETZEN	REFERENCE	IMAGE_OR_LOCAL_EXEMPLAR	NOT_FIXED_BY_COMMON_OPERATOR_GRAMMAR	NOT_ENCODED_IN_COMMON_OPERATOR_GRAMMAR
E025	f10r	H2	H2-S002	f10r.8	WHOLE_BROAD_TOOTHED_RADIAL_FLOWERED_HERB	abgebildete breit gezähnte radialblütige Pflanze	chor	PROC016	Ansatz	ACTIVATE_CHARGE	ANSETZEN	REFERENCE	IMAGE_OR_LOCAL_EXEMPLAR	NOT_FIXED_BY_COMMON_OPERATOR_GRAMMAR	NOT_ENCODED_IN_COMMON_OPERATOR_GRAMMAR
E026	f10r	H2	H2-S002	f10r.8	WHOLE_BROAD_TOOTHED_RADIAL_FLOWERED_HERB	abgebildete breit gezähnte radialblütige Pflanze	otol	PROC021	danach · fortsetzen	CONTINUE_USE	FORTSETZEN	REFERENCE	IMAGE_OR_LOCAL_EXEMPLAR	NOT_FIXED_BY_COMMON_OPERATOR_GRAMMAR	NOT_ENCODED_IN_COMMON_OPERATOR_GRAMMAR
E027	f10r	H2	H2-S002	f10r.8	WHOLE_BROAD_TOOTHED_RADIAL_FLOWERED_HERB	abgebildete breit gezähnte radialblütige Pflanze	chol	PROC013	fortsetzen	CONTINUE_USE	FORTSETZEN	REFERENCE	IMAGE_OR_LOCAL_EXEMPLAR	NOT_FIXED_BY_COMMON_OPERATOR_GRAMMAR	NOT_ENCODED_IN_COMMON_OPERATOR_GRAMMAR
E028	f10r	H2	H2-S002	f10r.8	WHOLE_BROAD_TOOTHED_RADIAL_FLOWERED_HERB	abgebildete breit gezähnte radialblütige Pflanze	cholor	PROC022	fortsetzen · Ansatz	ACTIVATE_CHARGE	ANSETZEN	REFERENCE	IMAGE_OR_LOCAL_EXEMPLAR	NOT_FIXED_BY_COMMON_OPERATOR_GRAMMAR	NOT_ENCODED_IN_COMMON_OPERATOR_GRAMMAR
E029	f10r	H2	H2-S002	f10r.8	WHOLE_BROAD_TOOTHED_RADIAL_FLOWERED_HERB	abgebildete breit gezähnte radialblütige Pflanze	chol	PROC013	fortsetzen	CONTINUE_USE	FORTSETZEN	REFERENCE	IMAGE_OR_LOCAL_EXEMPLAR	NOT_FIXED_BY_COMMON_OPERATOR_GRAMMAR	NOT_ENCODED_IN_COMMON_OPERATOR_GRAMMAR
E030	f10r	H2	H2-S002	f10r.8	WHOLE_BROAD_TOOTHED_RADIAL_FLOWERED_HERB	abgebildete breit gezähnte radialblütige Pflanze	daiin	PROC009	Maß	METER_CHECK	MASS	ADDRESS	IMAGE_OR_LOCAL_EXEMPLAR	NOT_FIXED_BY_COMMON_OPERATOR_GRAMMAR	NOT_ENCODED_IN_COMMON_OPERATOR_GRAMMAR
E031	f10r	H2	H2-S002	f10r.8	WHOLE_BROAD_TOOTHED_RADIAL_FLOWERED_HERB	abgebildete breit gezähnte radialblütige Pflanze	dar	PROC003	von dort	SOURCE_DRAW	QUELLE	ADDRESS	IMAGE_OR_LOCAL_EXEMPLAR	NOT_FIXED_BY_COMMON_OPERATOR_GRAMMAR	NOT_ENCODED_IN_COMMON_OPERATOR_GRAMMAR
E032	f10r	H2	H2-S003	f10r.9	WHOLE_BROAD_TOOTHED_RADIAL_FLOWERED_HERB	abgebildete breit gezähnte radialblütige Pflanze	oykchor	PROC023	Arbeitsgang · dies · zuführen · Ansatz	ACTIVATE_CHARGE	ANSETZEN	REFERENCE	IMAGE_OR_LOCAL_EXEMPLAR	NOT_FIXED_BY_COMMON_OPERATOR_GRAMMAR	NOT_ENCODED_IN_COMMON_OPERATOR_GRAMMAR
E033	f10r	H2	H2-S003	f10r.9	WHOLE_BROAD_TOOTHED_RADIAL_FLOWERED_HERB	abgebildete breit gezähnte radialblütige Pflanze	shor	PROC016	Ansatz	ACTIVATE_CHARGE	ANSETZEN	REFERENCE	IMAGE_OR_LOCAL_EXEMPLAR	NOT_FIXED_BY_COMMON_OPERATOR_GRAMMAR	NOT_ENCODED_IN_COMMON_OPERATOR_GRAMMAR
E034	f10r	H2	H2-S003	f10r.9	WHOLE_BROAD_TOOTHED_RADIAL_FLOWERED_HERB	abgebildete breit gezähnte radialblütige Pflanze	chor	PROC016	Ansatz	ACTIVATE_CHARGE	ANSETZEN	REFERENCE	IMAGE_OR_LOCAL_EXEMPLAR	NOT_FIXED_BY_COMMON_OPERATOR_GRAMMAR	NOT_ENCODED_IN_COMMON_OPERATOR_GRAMMAR
E035	f10r	H2	H2-S003	f10r.9	WHOLE_BROAD_TOOTHED_RADIAL_FLOWERED_HERB	abgebildete breit gezähnte radialblütige Pflanze	chy	PROC019	dies	CONTINUE_USE	FORTSETZEN	REFERENCE	IMAGE_OR_LOCAL_EXEMPLAR	NOT_FIXED_BY_COMMON_OPERATOR_GRAMMAR	NOT_ENCODED_IN_COMMON_OPERATOR_GRAMMAR
E036	f10r	H2	H2-S003	f10r.9	WHOLE_BROAD_TOOTHED_RADIAL_FLOWERED_HERB	abgebildete breit gezähnte radialblütige Pflanze	kaiiin	PROC024	zuführen · Sollstufe	METER_CHECK	MASS	ADDRESS	IMAGE_OR_LOCAL_EXEMPLAR	NOT_FIXED_BY_COMMON_OPERATOR_GRAMMAR	NOT_ENCODED_IN_COMMON_OPERATOR_GRAMMAR
E037	f10r	H2	H2-S003	f10r.9	WHOLE_BROAD_TOOTHED_RADIAL_FLOWERED_HERB	abgebildete breit gezähnte radialblütige Pflanze	dy	PROC019	dies	CONTINUE_USE	FORTSETZEN	REFERENCE	IMAGE_OR_LOCAL_EXEMPLAR	NOT_FIXED_BY_COMMON_OPERATOR_GRAMMAR	NOT_ENCODED_IN_COMMON_OPERATOR_GRAMMAR
E038	f10r	H2	H2-S003	f10r.9	WHOLE_BROAD_TOOTHED_RADIAL_FLOWERED_HERB	abgebildete breit gezähnte radialblütige Pflanze	chodaiin	PROC025	abziehen · Arbeitsgang · Maß	SOURCE_DRAW	QUELLE	ADDRESS	IMAGE_OR_LOCAL_EXEMPLAR	NOT_FIXED_BY_COMMON_OPERATOR_GRAMMAR	NOT_ENCODED_IN_COMMON_OPERATOR_GRAMMAR
E039	f11r	H3	H3-S001	f11r.1	WHOLE_DENSE_BLUE_FLOWERED_CROWN_PLANT	abgebildete dicht blau blühende Kronenpflanze	tshol	PROC026	eintragen · halten · fortsetzen	HOLD_STATE	HALTEN	STATE	IMAGE_OR_LOCAL_EXEMPLAR	NOT_FIXED_BY_COMMON_OPERATOR_GRAMMAR	NOT_ENCODED_IN_COMMON_OPERATOR_GRAMMAR
E040	f11r	H3	H3-S001	f11r.1	WHOLE_DENSE_BLUE_FLOWERED_CROWN_PLANT	abgebildete dicht blau blühende Kronenpflanze	schoal	PROC027	halten · Arbeitsgang · Zielstelle	TARGET_HANDOFF	ZIEL	ADDRESS	IMAGE_OR_LOCAL_EXEMPLAR	NOT_FIXED_BY_COMMON_OPERATOR_GRAMMAR	NOT_ENCODED_IN_COMMON_OPERATOR_GRAMMAR
E041	f11r	H3	H3-S001	f11r.1	WHOLE_DENSE_BLUE_FLOWERED_CROWN_PLANT	abgebildete dicht blau blühende Kronenpflanze	cfhy	PROC028	auswringen	SOURCE_DRAW	QUELLE	ADDRESS	IMAGE_OR_LOCAL_EXEMPLAR	NOT_FIXED_BY_COMMON_OPERATOR_GRAMMAR	NOT_ENCODED_IN_COMMON_OPERATOR_GRAMMAR
E042	f11r	H3	H3-S001	f11r.1	WHOLE_DENSE_BLUE_FLOWERED_CROWN_PLANT	abgebildete dicht blau blühende Kronenpflanze	shfydaiin	PROC029	halten · dies · Maß	METER_CHECK	MASS	ADDRESS	IMAGE_OR_LOCAL_EXEMPLAR	NOT_FIXED_BY_COMMON_OPERATOR_GRAMMAR	NOT_ENCODED_IN_COMMON_OPERATOR_GRAMMAR
E043	f11r	H3	H3-S001	f11r.1	WHOLE_DENSE_BLUE_FLOWERED_CROWN_PLANT	abgebildete dicht blau blühende Kronenpflanze	cphy	PROC030	hinein · dies	MOVE_PASS	FÜHREN	PROCESS	IMAGE_OR_LOCAL_EXEMPLAR	NOT_FIXED_BY_COMMON_OPERATOR_GRAMMAR	NOT_ENCODED_IN_COMMON_OPERATOR_GRAMMAR
E044	f11r	H3	H3-S001	f11r.1	WHOLE_DENSE_BLUE_FLOWERED_CROWN_PLANT	abgebildete dicht blau blühende Kronenpflanze	shey	PROC031	Empfangsbestand	HOLD_STATE	HALTEN	STATE	IMAGE_OR_LOCAL_EXEMPLAR	NOT_FIXED_BY_COMMON_OPERATOR_GRAMMAR	NOT_ENCODED_IN_COMMON_OPERATOR_GRAMMAR
E045	f11r	H3	H3-S001	f11r.1	WHOLE_DENSE_BLUE_FLOWERED_CROWN_PLANT	abgebildete dicht blau blühende Kronenpflanze	tchody	PROC032	eintragen · abziehen · Arbeitsgang · Schluss	SOURCE_DRAW>CLOSE	QUELLE>SCHLUSS	ADDRESS>CLOSE	IMAGE_OR_LOCAL_EXEMPLAR	NOT_FIXED_BY_COMMON_OPERATOR_GRAMMAR	NOT_ENCODED_IN_COMMON_OPERATOR_GRAMMAR
E046	f11r	H3	H3-S002	f11r.1	WHOLE_DENSE_BLUE_FLOWERED_CROWN_PLANT	abgebildete dicht blau blühende Kronenpflanze	shoyty	PROC033	halten · Arbeitsgang · dies · eintragen · dies	HOLD_STATE	HALTEN	STATE	IMAGE_OR_LOCAL_EXEMPLAR	NOT_FIXED_BY_COMMON_OPERATOR_GRAMMAR	NOT_ENCODED_IN_COMMON_OPERATOR_GRAMMAR
E047	f11r	H3	H3-S003	f11r.4	WHOLE_DENSE_BLUE_FLOWERED_CROWN_PLANT	abgebildete dicht blau blühende Kronenpflanze	dchol	PROC034	fortsetzen	CONTINUE_USE	FORTSETZEN	REFERENCE	IMAGE_OR_LOCAL_EXEMPLAR	NOT_FIXED_BY_COMMON_OPERATOR_GRAMMAR	NOT_ENCODED_IN_COMMON_OPERATOR_GRAMMAR
E048	f11r	H3	H3-S003	f11r.4	WHOLE_DENSE_BLUE_FLOWERED_CROWN_PLANT	abgebildete dicht blau blühende Kronenpflanze	chy	PROC019	dies	CONTINUE_USE	FORTSETZEN	REFERENCE	IMAGE_OR_LOCAL_EXEMPLAR	NOT_FIXED_BY_COMMON_OPERATOR_GRAMMAR	NOT_ENCODED_IN_COMMON_OPERATOR_GRAMMAR
E049	f11r	H3	H3-S003	f11r.4	WHOLE_DENSE_BLUE_FLOWERED_CROWN_PLANT	abgebildete dicht blau blühende Kronenpflanze	kchy	PROC035	zuführen · dies	ACTIVATE_CHARGE	ANSETZEN	REFERENCE	IMAGE_OR_LOCAL_EXEMPLAR	NOT_FIXED_BY_COMMON_OPERATOR_GRAMMAR	NOT_ENCODED_IN_COMMON_OPERATOR_GRAMMAR
E050	f11r	H3	H3-S003	f11r.4	WHOLE_DENSE_BLUE_FLOWERED_CROWN_PLANT	abgebildete dicht blau blühende Kronenpflanze	dy	PROC019	dies	CONTINUE_USE	FORTSETZEN	REFERENCE	IMAGE_OR_LOCAL_EXEMPLAR	NOT_FIXED_BY_COMMON_OPERATOR_GRAMMAR	NOT_ENCODED_IN_COMMON_OPERATOR_GRAMMAR
E051	f11r	H3	H3-S003	f11r.4	WHOLE_DENSE_BLUE_FLOWERED_CROWN_PLANT	abgebildete dicht blau blühende Kronenpflanze	daiin	PROC009	Maß	METER_CHECK	MASS	ADDRESS	IMAGE_OR_LOCAL_EXEMPLAR	NOT_FIXED_BY_COMMON_OPERATOR_GRAMMAR	NOT_ENCODED_IN_COMMON_OPERATOR_GRAMMAR
E052	f11r	H3	H3-S004	f11r.7	WHOLE_DENSE_BLUE_FLOWERED_CROWN_PLANT	abgebildete dicht blau blühende Kronenpflanze	qotchy	PROC036	danach · dies	ACTIVATE_CHARGE	ANSETZEN	REFERENCE	IMAGE_OR_LOCAL_EXEMPLAR	NOT_FIXED_BY_COMMON_OPERATOR_GRAMMAR	NOT_ENCODED_IN_COMMON_OPERATOR_GRAMMAR
E053	f11r	H3	H3-S004	f11r.7	WHOLE_DENSE_BLUE_FLOWERED_CROWN_PLANT	abgebildete dicht blau blühende Kronenpflanze	okchol	PROC037	ansetzen · fortsetzen	ACTIVATE_CHARGE	ANSETZEN	REFERENCE	IMAGE_OR_LOCAL_EXEMPLAR	NOT_FIXED_BY_COMMON_OPERATOR_GRAMMAR	NOT_ENCODED_IN_COMMON_OPERATOR_GRAMMAR
E054	f11r	H3	H3-S004	f11r.7	WHOLE_DENSE_BLUE_FLOWERED_CROWN_PLANT	abgebildete dicht blau blühende Kronenpflanze	cthy	PROC014	bereit · dies	HOLD_STATE	HALTEN	STATE	IMAGE_OR_LOCAL_EXEMPLAR	NOT_FIXED_BY_COMMON_OPERATOR_GRAMMAR	NOT_ENCODED_IN_COMMON_OPERATOR_GRAMMAR
E055	f11r	H3	H3-S004	f11r.7	WHOLE_DENSE_BLUE_FLOWERED_CROWN_PLANT	abgebildete dicht blau blühende Kronenpflanze	dy	PROC019	dies	CONTINUE_USE	FORTSETZEN	REFERENCE	IMAGE_OR_LOCAL_EXEMPLAR	NOT_FIXED_BY_COMMON_OPERATOR_GRAMMAR	NOT_ENCODED_IN_COMMON_OPERATOR_GRAMMAR
E056	f55v	H4	H4-S001	f55v.5	WHOLE_BROAD_LEAF_PANICLED_PLANT_WITH_MNEMONIC_ROOT	abgebildete breitblättrige rispige Pflanze	qokaiin	PROC038	ansetzen · Maß	METER_CHECK	MASS	ADDRESS	IMAGE_OR_LOCAL_EXEMPLAR	NOT_FIXED_BY_COMMON_OPERATOR_GRAMMAR	NOT_ENCODED_IN_COMMON_OPERATOR_GRAMMAR
E057	f55v	H4	H4-S001	f55v.5	WHOLE_BROAD_LEAF_PANICLED_PLANT_WITH_MNEMONIC_ROOT	abgebildete breitblättrige rispige Pflanze	chaiin	PROC009	Maß	METER_CHECK	MASS	ADDRESS	IMAGE_OR_LOCAL_EXEMPLAR	NOT_FIXED_BY_COMMON_OPERATOR_GRAMMAR	NOT_ENCODED_IN_COMMON_OPERATOR_GRAMMAR
E058	f55v	H4	H4-S001	f55v.5	WHOLE_BROAD_LEAF_PANICLED_PLANT_WITH_MNEMONIC_ROOT	abgebildete breitblättrige rispige Pflanze	ykain	PROC039	dies · zuführen · Portion	ACTIVATE_CHARGE	ANSETZEN	REFERENCE	IMAGE_OR_LOCAL_EXEMPLAR	NOT_FIXED_BY_COMMON_OPERATOR_GRAMMAR	NOT_ENCODED_IN_COMMON_OPERATOR_GRAMMAR
E059	f55v	H4	H4-S001	f55v.5	WHOLE_BROAD_LEAF_PANICLED_PLANT_WITH_MNEMONIC_ROOT	abgebildete breitblättrige rispige Pflanze	ykan	PROC040	dies · zuführen · Portion	ACTIVATE_CHARGE	ANSETZEN	REFERENCE	IMAGE_OR_LOCAL_EXEMPLAR	NOT_FIXED_BY_COMMON_OPERATOR_GRAMMAR	NOT_ENCODED_IN_COMMON_OPERATOR_GRAMMAR
E060	f55v	H4	H4-S001	f55v.5	WHOLE_BROAD_LEAF_PANICLED_PLANT_WITH_MNEMONIC_ROOT	abgebildete breitblättrige rispige Pflanze	ody	PROC041	Arbeitsgang · Schluss	CONTINUE_USE>CLOSE	FORTSETZEN>SCHLUSS	REFERENCE>CLOSE	IMAGE_OR_LOCAL_EXEMPLAR	NOT_FIXED_BY_COMMON_OPERATOR_GRAMMAR	NOT_ENCODED_IN_COMMON_OPERATOR_GRAMMAR
E061	f55v	H4	H4-S002	f55v.5	WHOLE_BROAD_LEAF_PANICLED_PLANT_WITH_MNEMONIC_ROOT	abgebildete breitblättrige rispige Pflanze	daiin	PROC009	Maß	METER_CHECK	MASS	ADDRESS	IMAGE_OR_LOCAL_EXEMPLAR	NOT_FIXED_BY_COMMON_OPERATOR_GRAMMAR	NOT_ENCODED_IN_COMMON_OPERATOR_GRAMMAR
E062	f55v	H4	H4-S002	f55v.5	WHOLE_BROAD_LEAF_PANICLED_PLANT_WITH_MNEMONIC_ROOT	abgebildete breitblättrige rispige Pflanze	chedy	PROC042	umsetzen · dies	ACTIVATE_CHARGE	ANSETZEN	REFERENCE	IMAGE_OR_LOCAL_EXEMPLAR	NOT_FIXED_BY_COMMON_OPERATOR_GRAMMAR	NOT_ENCODED_IN_COMMON_OPERATOR_GRAMMAR
E063	f55v	H4	H4-S002	f55v.5	WHOLE_BROAD_LEAF_PANICLED_PLANT_WITH_MNEMONIC_ROOT	abgebildete breitblättrige rispige Pflanze	talam	PROC043	verwahren	CONTINUE_USE	FORTSETZEN	REFERENCE	IMAGE_OR_LOCAL_EXEMPLAR	NOT_FIXED_BY_COMMON_OPERATOR_GRAMMAR	NOT_ENCODED_IN_COMMON_OPERATOR_GRAMMAR
E064	f55v	H4	H4-S003	f55v.11	WHOLE_BROAD_LEAF_PANICLED_PLANT_WITH_MNEMONIC_ROOT	abgebildete breitblättrige rispige Pflanze	ykaiin	PROC044	dies · zuführen · Maß	METER_CHECK	MASS	ADDRESS	IMAGE_OR_LOCAL_EXEMPLAR	NOT_FIXED_BY_COMMON_OPERATOR_GRAMMAR	NOT_ENCODED_IN_COMMON_OPERATOR_GRAMMAR
E065	f55v	H4	H4-S003	f55v.11	WHOLE_BROAD_LEAF_PANICLED_PLANT_WITH_MNEMONIC_ROOT	abgebildete breitblättrige rispige Pflanze	cheoar	PROC045	abziehen · kurz · Arbeitsgang · von dort	SOURCE_DRAW	QUELLE	ADDRESS	IMAGE_OR_LOCAL_EXEMPLAR	NOT_FIXED_BY_COMMON_OPERATOR_GRAMMAR	NOT_ENCODED_IN_COMMON_OPERATOR_GRAMMAR
E066	f55v	H4	H4-S003	f55v.11	WHOLE_BROAD_LEAF_PANICLED_PLANT_WITH_MNEMONIC_ROOT	abgebildete breitblättrige rispige Pflanze	cheeky	PROC046	wärmen · länger · dies	ACTIVATE_CHARGE	ANSETZEN	REFERENCE	IMAGE_OR_LOCAL_EXEMPLAR	NOT_FIXED_BY_COMMON_OPERATOR_GRAMMAR	NOT_ENCODED_IN_COMMON_OPERATOR_GRAMMAR
E067	f55v	H4	H4-S003	f55v.11	WHOLE_BROAD_LEAF_PANICLED_PLANT_WITH_MNEMONIC_ROOT	abgebildete breitblättrige rispige Pflanze	oldy	PROC047	fortsetzen · Schluss	CONTINUE_USE>CLOSE	FORTSETZEN>SCHLUSS	REFERENCE>CLOSE	IMAGE_OR_LOCAL_EXEMPLAR	NOT_FIXED_BY_COMMON_OPERATOR_GRAMMAR	NOT_ENCODED_IN_COMMON_OPERATOR_GRAMMAR
E068	f55v	H4	H4-S004	f55v.11	WHOLE_BROAD_LEAF_PANICLED_PLANT_WITH_MNEMONIC_ROOT	abgebildete breitblättrige rispige Pflanze	aiin	PROC009	Maß	METER_CHECK	MASS	ADDRESS	IMAGE_OR_LOCAL_EXEMPLAR	NOT_FIXED_BY_COMMON_OPERATOR_GRAMMAR	NOT_ENCODED_IN_COMMON_OPERATOR_GRAMMAR
E069	f55v	H4	H4-S004	f55v.11	WHOLE_BROAD_LEAF_PANICLED_PLANT_WITH_MNEMONIC_ROOT	abgebildete breitblättrige rispige Pflanze	okal	PROC048	ansetzen · Zielstelle	TARGET_HANDOFF	ZIEL	ADDRESS	IMAGE_OR_LOCAL_EXEMPLAR	NOT_FIXED_BY_COMMON_OPERATOR_GRAMMAR	NOT_ENCODED_IN_COMMON_OPERATOR_GRAMMAR
E070	f55v	H4	H4-S004	f55v.11	WHOLE_BROAD_LEAF_PANICLED_PLANT_WITH_MNEMONIC_ROOT	abgebildete breitblättrige rispige Pflanze	oltchy	PROC049	fortsetzen · eintragen · dies	ACTIVATE_CHARGE	ANSETZEN	REFERENCE	IMAGE_OR_LOCAL_EXEMPLAR	NOT_FIXED_BY_COMMON_OPERATOR_GRAMMAR	NOT_ENCODED_IN_COMMON_OPERATOR_GRAMMAR
E071	f55v	H4	H4-S004	f55v.11	WHOLE_BROAD_LEAF_PANICLED_PLANT_WITH_MNEMONIC_ROOT	abgebildete breitblättrige rispige Pflanze	or	PROC016	Ansatz	ACTIVATE_CHARGE	ANSETZEN	REFERENCE	IMAGE_OR_LOCAL_EXEMPLAR	NOT_FIXED_BY_COMMON_OPERATOR_GRAMMAR	NOT_ENCODED_IN_COMMON_OPERATOR_GRAMMAR
E072	f55v	H4	H4-S004	f55v.11	WHOLE_BROAD_LEAF_PANICLED_PLANT_WITH_MNEMONIC_ROOT	abgebildete breitblättrige rispige Pflanze	y	PROC019	dies	CONTINUE_USE	FORTSETZEN	REFERENCE	IMAGE_OR_LOCAL_EXEMPLAR	NOT_FIXED_BY_COMMON_OPERATOR_GRAMMAR	NOT_ENCODED_IN_COMMON_OPERATOR_GRAMMAR
E073	f55v	H4	H4-S004	f55v.11	WHOLE_BROAD_LEAF_PANICLED_PLANT_WITH_MNEMONIC_ROOT	abgebildete breitblättrige rispige Pflanze	orain	PROC050	Ansatz · Portion	ACTIVATE_CHARGE	ANSETZEN	REFERENCE	IMAGE_OR_LOCAL_EXEMPLAR	NOT_FIXED_BY_COMMON_OPERATOR_GRAMMAR	NOT_ENCODED_IN_COMMON_OPERATOR_GRAMMAR
E074	f56r	H5	H5-S001	f56r.5	WHOLE_MULTIHEAD_SPINY_OR_EMBLEMATIC_HERB	abgebildete mehrköpfige stachelige Pflanze	chochor	PROC051	Gabe · abziehen · Ansatz	ACTIVATE_CHARGE	ANSETZEN	REFERENCE	IMAGE_OR_LOCAL_EXEMPLAR	NOT_FIXED_BY_COMMON_OPERATOR_GRAMMAR	NOT_ENCODED_IN_COMMON_OPERATOR_GRAMMAR
E075	f56r	H5	H5-S001	f56r.5	WHOLE_MULTIHEAD_SPINY_OR_EMBLEMATIC_HERB	abgebildete mehrköpfige stachelige Pflanze	cho	PROC052	Gabe	ACTIVATE_CHARGE	ANSETZEN	REFERENCE	IMAGE_OR_LOCAL_EXEMPLAR	NOT_FIXED_BY_COMMON_OPERATOR_GRAMMAR	NOT_ENCODED_IN_COMMON_OPERATOR_GRAMMAR
E076	f56r	H5	H5-S001	f56r.5	WHOLE_MULTIHEAD_SPINY_OR_EMBLEMATIC_HERB	abgebildete mehrköpfige stachelige Pflanze	chodaly	PROC053	Gabe · Zielstelle · dies	TARGET_HANDOFF	ZIEL	ADDRESS	IMAGE_OR_LOCAL_EXEMPLAR	NOT_FIXED_BY_COMMON_OPERATOR_GRAMMAR	NOT_ENCODED_IN_COMMON_OPERATOR_GRAMMAR
E077	f56r	H5	H5-S001	f56r.5	WHOLE_MULTIHEAD_SPINY_OR_EMBLEMATIC_HERB	abgebildete mehrköpfige stachelige Pflanze	daiin	PROC009	Maß	METER_CHECK	MASS	ADDRESS	IMAGE_OR_LOCAL_EXEMPLAR	NOT_FIXED_BY_COMMON_OPERATOR_GRAMMAR	NOT_ENCODED_IN_COMMON_OPERATOR_GRAMMAR
E078	f56r	H5	H5-S001	f56r.7	WHOLE_MULTIHEAD_SPINY_OR_EMBLEMATIC_HERB	abgebildete mehrköpfige stachelige Pflanze	sho	PROC052	Gabe	ACTIVATE_CHARGE	ANSETZEN	REFERENCE	IMAGE_OR_LOCAL_EXEMPLAR	NOT_FIXED_BY_COMMON_OPERATOR_GRAMMAR	NOT_ENCODED_IN_COMMON_OPERATOR_GRAMMAR
E079	f56r	H5	H5-S001	f56r.7	WHOLE_MULTIHEAD_SPINY_OR_EMBLEMATIC_HERB	abgebildete mehrköpfige stachelige Pflanze	kchol	PROC054	zuführen · fortsetzen	MOVE_PASS	FÜHREN	PROCESS	IMAGE_OR_LOCAL_EXEMPLAR	NOT_FIXED_BY_COMMON_OPERATOR_GRAMMAR	NOT_ENCODED_IN_COMMON_OPERATOR_GRAMMAR
E080	f56r	H5	H5-S001	f56r.7	WHOLE_MULTIHEAD_SPINY_OR_EMBLEMATIC_HERB	abgebildete mehrköpfige stachelige Pflanze	otchor	PROC020	danach · abziehen · Ansatz	ACTIVATE_CHARGE	ANSETZEN	REFERENCE	IMAGE_OR_LOCAL_EXEMPLAR	NOT_FIXED_BY_COMMON_OPERATOR_GRAMMAR	NOT_ENCODED_IN_COMMON_OPERATOR_GRAMMAR
E081	f56r	H5	H5-S001	f56r.7	WHOLE_MULTIHEAD_SPINY_OR_EMBLEMATIC_HERB	abgebildete mehrköpfige stachelige Pflanze	choky	PROC008	ansetzen · dies	CONTINUE_USE	FORTSETZEN	REFERENCE	IMAGE_OR_LOCAL_EXEMPLAR	NOT_FIXED_BY_COMMON_OPERATOR_GRAMMAR	NOT_ENCODED_IN_COMMON_OPERATOR_GRAMMAR
E082	f56r	H5	H5-S001	f56r.7	WHOLE_MULTIHEAD_SPINY_OR_EMBLEMATIC_HERB	abgebildete mehrköpfige stachelige Pflanze	dal	PROC055	Zielstelle	TARGET_HANDOFF	ZIEL	ADDRESS	IMAGE_OR_LOCAL_EXEMPLAR	NOT_FIXED_BY_COMMON_OPERATOR_GRAMMAR	NOT_ENCODED_IN_COMMON_OPERATOR_GRAMMAR
E083	f56r	H5	H5-S002	f56r.8	WHOLE_MULTIHEAD_SPINY_OR_EMBLEMATIC_HERB	abgebildete mehrköpfige stachelige Pflanze	schol	PROC034	fortsetzen	CONTINUE_USE	FORTSETZEN	REFERENCE	IMAGE_OR_LOCAL_EXEMPLAR	NOT_FIXED_BY_COMMON_OPERATOR_GRAMMAR	NOT_ENCODED_IN_COMMON_OPERATOR_GRAMMAR
E084	f56r	H5	H5-S002	f56r.8	WHOLE_MULTIHEAD_SPINY_OR_EMBLEMATIC_HERB	abgebildete mehrköpfige stachelige Pflanze	choy	PROC056	Gabe · dies	ACTIVATE_CHARGE	ANSETZEN	REFERENCE	IMAGE_OR_LOCAL_EXEMPLAR	NOT_FIXED_BY_COMMON_OPERATOR_GRAMMAR	NOT_ENCODED_IN_COMMON_OPERATOR_GRAMMAR
E085	f56r	H5	H5-S002	f56r.8	WHOLE_MULTIHEAD_SPINY_OR_EMBLEMATIC_HERB	abgebildete mehrköpfige stachelige Pflanze	choky	PROC008	ansetzen · dies	ACTIVATE_CHARGE	ANSETZEN	REFERENCE	IMAGE_OR_LOCAL_EXEMPLAR	NOT_FIXED_BY_COMMON_OPERATOR_GRAMMAR	NOT_ENCODED_IN_COMMON_OPERATOR_GRAMMAR
E086	f56r	H5	H5-S002	f56r.8	WHOLE_MULTIHEAD_SPINY_OR_EMBLEMATIC_HERB	abgebildete mehrköpfige stachelige Pflanze	cheeckhody	PROC057	abziehen · länger · Durchlass · Arbeitsgang · Schluss	HOLD_STATE>CLOSE	HALTEN>SCHLUSS	STATE>CLOSE	IMAGE_OR_LOCAL_EXEMPLAR	NOT_FIXED_BY_COMMON_OPERATOR_GRAMMAR	NOT_ENCODED_IN_COMMON_OPERATOR_GRAMMAR
E087	f56r	H5	H5-S003	f56r.12	WHOLE_MULTIHEAD_SPINY_OR_EMBLEMATIC_HERB	abgebildete mehrköpfige stachelige Pflanze	sh	PROC058	halten	HOLD_STATE	HALTEN	STATE	IMAGE_OR_LOCAL_EXEMPLAR	NOT_FIXED_BY_COMMON_OPERATOR_GRAMMAR	NOT_ENCODED_IN_COMMON_OPERATOR_GRAMMAR
E088	f56r	H5	H5-S003	f56r.12	WHOLE_MULTIHEAD_SPINY_OR_EMBLEMATIC_HERB	abgebildete mehrköpfige stachelige Pflanze	cho	PROC052	Gabe	ACTIVATE_CHARGE	ANSETZEN	REFERENCE	IMAGE_OR_LOCAL_EXEMPLAR	NOT_FIXED_BY_COMMON_OPERATOR_GRAMMAR	NOT_ENCODED_IN_COMMON_OPERATOR_GRAMMAR
E089	f56r	H5	H5-S003	f56r.12	WHOLE_MULTIHEAD_SPINY_OR_EMBLEMATIC_HERB	abgebildete mehrköpfige stachelige Pflanze	kchey	PROC059	zuführen · kurz · dies	HOLD_STATE	HALTEN	STATE	IMAGE_OR_LOCAL_EXEMPLAR	NOT_FIXED_BY_COMMON_OPERATOR_GRAMMAR	NOT_ENCODED_IN_COMMON_OPERATOR_GRAMMAR
E090	f56r	H5	H5-S003	f56r.12	WHOLE_MULTIHEAD_SPINY_OR_EMBLEMATIC_HERB	abgebildete mehrköpfige stachelige Pflanze	qokokchy	PROC060	ansetzen · ansetzen · dies	ACTIVATE_CHARGE	ANSETZEN	REFERENCE	IMAGE_OR_LOCAL_EXEMPLAR	NOT_FIXED_BY_COMMON_OPERATOR_GRAMMAR	NOT_ENCODED_IN_COMMON_OPERATOR_GRAMMAR
E091	f56r	H5	H5-S004	f56r.13	WHOLE_MULTIHEAD_SPINY_OR_EMBLEMATIC_HERB	abgebildete mehrköpfige stachelige Pflanze	okchy	PROC011	ansetzen · dies	ACTIVATE_CHARGE	ANSETZEN	REFERENCE	IMAGE_OR_LOCAL_EXEMPLAR	NOT_FIXED_BY_COMMON_OPERATOR_GRAMMAR	NOT_ENCODED_IN_COMMON_OPERATOR_GRAMMAR
E092	f56r	H5	H5-S004	f56r.13	WHOLE_MULTIHEAD_SPINY_OR_EMBLEMATIC_HERB	abgebildete mehrköpfige stachelige Pflanze	chokcheo	PROC061	ansetzen · abziehen · kurz · Arbeitsgang	ACTIVATE_CHARGE	ANSETZEN	REFERENCE	IMAGE_OR_LOCAL_EXEMPLAR	NOT_FIXED_BY_COMMON_OPERATOR_GRAMMAR	NOT_ENCODED_IN_COMMON_OPERATOR_GRAMMAR
E093	f56r	H5	H5-S004	f56r.13	WHOLE_MULTIHEAD_SPINY_OR_EMBLEMATIC_HERB	abgebildete mehrköpfige stachelige Pflanze	kchal	PROC062	zuführen · Zielstelle	TARGET_HANDOFF	ZIEL	ADDRESS	IMAGE_OR_LOCAL_EXEMPLAR	NOT_FIXED_BY_COMMON_OPERATOR_GRAMMAR	NOT_ENCODED_IN_COMMON_OPERATOR_GRAMMAR
E094	f56r	H5	H5-S005	f56r.18	WHOLE_MULTIHEAD_SPINY_OR_EMBLEMATIC_HERB	abgebildete mehrköpfige stachelige Pflanze	sho	PROC052	Gabe	ACTIVATE_CHARGE	ANSETZEN	REFERENCE	IMAGE_OR_LOCAL_EXEMPLAR	NOT_FIXED_BY_COMMON_OPERATOR_GRAMMAR	NOT_ENCODED_IN_COMMON_OPERATOR_GRAMMAR
E095	f56r	H5	H5-S005	f56r.18	WHOLE_MULTIHEAD_SPINY_OR_EMBLEMATIC_HERB	abgebildete mehrköpfige stachelige Pflanze	chokchy	PROC011	ansetzen · dies	ACTIVATE_CHARGE	ANSETZEN	REFERENCE	IMAGE_OR_LOCAL_EXEMPLAR	NOT_FIXED_BY_COMMON_OPERATOR_GRAMMAR	NOT_ENCODED_IN_COMMON_OPERATOR_GRAMMAR
E096	f56r	H5	H5-S005	f56r.18	WHOLE_MULTIHEAD_SPINY_OR_EMBLEMATIC_HERB	abgebildete mehrköpfige stachelige Pflanze	kchoar	PROC063	zuführen · Gabe · von dort	ACTIVATE_CHARGE	ANSETZEN	REFERENCE	IMAGE_OR_LOCAL_EXEMPLAR	NOT_FIXED_BY_COMMON_OPERATOR_GRAMMAR	NOT_ENCODED_IN_COMMON_OPERATOR_GRAMMAR
E097	f56r	H5	H5-S005	f56r.18	WHOLE_MULTIHEAD_SPINY_OR_EMBLEMATIC_HERB	abgebildete mehrköpfige stachelige Pflanze	sotodan	PROC064	danach · Arbeitsgang · Portion	ACTIVATE_CHARGE	ANSETZEN	REFERENCE	IMAGE_OR_LOCAL_EXEMPLAR	NOT_FIXED_BY_COMMON_OPERATOR_GRAMMAR	NOT_ENCODED_IN_COMMON_OPERATOR_GRAMMAR
E098	f56r	H5	H5-S006	f56r.19	WHOLE_MULTIHEAD_SPINY_OR_EMBLEMATIC_HERB	abgebildete mehrköpfige stachelige Pflanze	otchey	PROC065	danach · dies	ACTIVATE_CHARGE	ANSETZEN	REFERENCE	IMAGE_OR_LOCAL_EXEMPLAR	NOT_FIXED_BY_COMMON_OPERATOR_GRAMMAR	NOT_ENCODED_IN_COMMON_OPERATOR_GRAMMAR
E099	f56r	H5	H5-S006	f56r.19	WHOLE_MULTIHEAD_SPINY_OR_EMBLEMATIC_HERB	abgebildete mehrköpfige stachelige Pflanze	keol	PROC066	zuführen · kurz · fortsetzen	HOLD_STATE	HALTEN	STATE	IMAGE_OR_LOCAL_EXEMPLAR	NOT_FIXED_BY_COMMON_OPERATOR_GRAMMAR	NOT_ENCODED_IN_COMMON_OPERATOR_GRAMMAR
E100	f56r	H5	H5-S006	f56r.19	WHOLE_MULTIHEAD_SPINY_OR_EMBLEMATIC_HERB	abgebildete mehrköpfige stachelige Pflanze	daiin	PROC009	Maß	METER_CHECK	MASS	ADDRESS	IMAGE_OR_LOCAL_EXEMPLAR	NOT_FIXED_BY_COMMON_OPERATOR_GRAMMAR	NOT_ENCODED_IN_COMMON_OPERATOR_GRAMMAR
E101	f81v	B1	B1-S001	f81v.2	B1_SHARED_TWO_ROW_POOL	gemeinsame zweireihige Figuren-/Beckenstation	qokedy	PROC067	ansetzen · kurz · Schluss	HOLD_STATE>CLOSE	HALTEN>SCHLUSS	STATE>CLOSE	IMAGE_OR_LOCAL_EXEMPLAR	NOT_FIXED_BY_COMMON_OPERATOR_GRAMMAR	NOT_ENCODED_IN_COMMON_OPERATOR_GRAMMAR
E102	f81v	B1	B1-S002	f81v.2	B1_SHARED_TWO_ROW_POOL	gemeinsame zweireihige Figuren-/Beckenstation	okaiin	PROC038	ansetzen · Maß	METER_CHECK	MASS	ADDRESS	IMAGE_OR_LOCAL_EXEMPLAR	NOT_FIXED_BY_COMMON_OPERATOR_GRAMMAR	NOT_ENCODED_IN_COMMON_OPERATOR_GRAMMAR
E103	f81v	B1	B1-S002	f81v.2	B1_SHARED_TWO_ROW_POOL	gemeinsame zweireihige Figuren-/Beckenstation	kair	PROC068	zuführen · Lauf	MOVE_PASS	FÜHREN	PROCESS	IMAGE_OR_LOCAL_EXEMPLAR	NOT_FIXED_BY_COMMON_OPERATOR_GRAMMAR	NOT_ENCODED_IN_COMMON_OPERATOR_GRAMMAR
E104	f81v	B1	B1-S002	f81v.2	B1_SHARED_TWO_ROW_POOL	gemeinsame zweireihige Figuren-/Beckenstation	okal	PROC048	ansetzen · Zielstelle	TARGET_HANDOFF	ZIEL	ADDRESS	IMAGE_OR_LOCAL_EXEMPLAR	NOT_FIXED_BY_COMMON_OPERATOR_GRAMMAR	NOT_ENCODED_IN_COMMON_OPERATOR_GRAMMAR
E105	f81v	B1	B1-S002	f81v.2	B1_SHARED_TWO_ROW_POOL	gemeinsame zweireihige Figuren-/Beckenstation	sar	PROC003	von dort	SOURCE_DRAW	QUELLE	ADDRESS	IMAGE_OR_LOCAL_EXEMPLAR	NOT_FIXED_BY_COMMON_OPERATOR_GRAMMAR	NOT_ENCODED_IN_COMMON_OPERATOR_GRAMMAR
E106	f81v	B1	B1-S002	f81v.2	B1_SHARED_TWO_ROW_POOL	gemeinsame zweireihige Figuren-/Beckenstation	ol	PROC013	fortsetzen	CONTINUE_USE	FORTSETZEN	REFERENCE	IMAGE_OR_LOCAL_EXEMPLAR	NOT_FIXED_BY_COMMON_OPERATOR_GRAMMAR	NOT_ENCODED_IN_COMMON_OPERATOR_GRAMMAR
E107	f81v	B1	B1-S002	f81v.2	B1_SHARED_TWO_ROW_POOL	gemeinsame zweireihige Figuren-/Beckenstation	kain	PROC069	zuführen · Portion	ACTIVATE_CHARGE	ANSETZEN	REFERENCE	IMAGE_OR_LOCAL_EXEMPLAR	NOT_FIXED_BY_COMMON_OPERATOR_GRAMMAR	NOT_ENCODED_IN_COMMON_OPERATOR_GRAMMAR
E108	f81v	B1	B1-S002	f81v.2	B1_SHARED_TWO_ROW_POOL	gemeinsame zweireihige Figuren-/Beckenstation	olkain	PROC070	fortsetzen · zuführen · Portion	ACTIVATE_CHARGE	ANSETZEN	REFERENCE	IMAGE_OR_LOCAL_EXEMPLAR	NOT_FIXED_BY_COMMON_OPERATOR_GRAMMAR	NOT_ENCODED_IN_COMMON_OPERATOR_GRAMMAR
E109	f81v	B1	B1-S002	f81v.2	B1_SHARED_TWO_ROW_POOL	gemeinsame zweireihige Figuren-/Beckenstation	al	PROC055	Zielstelle	TARGET_HANDOFF	ZIEL	ADDRESS	IMAGE_OR_LOCAL_EXEMPLAR	NOT_FIXED_BY_COMMON_OPERATOR_GRAMMAR	NOT_ENCODED_IN_COMMON_OPERATOR_GRAMMAR
E110	f81v	B1	B1-S002	f81v.2	B1_SHARED_TWO_ROW_POOL	gemeinsame zweireihige Figuren-/Beckenstation	ol	PROC013	fortsetzen	CONTINUE_USE	FORTSETZEN	REFERENCE	IMAGE_OR_LOCAL_EXEMPLAR	NOT_FIXED_BY_COMMON_OPERATOR_GRAMMAR	NOT_ENCODED_IN_COMMON_OPERATOR_GRAMMAR
E111	f81v	B1	B1-S002	f81v.2	B1_SHARED_TWO_ROW_POOL	gemeinsame zweireihige Figuren-/Beckenstation	rol	PROC071	abkühlen · fortsetzen	HOLD_STATE	HALTEN	STATE	IMAGE_OR_LOCAL_EXEMPLAR	NOT_FIXED_BY_COMMON_OPERATOR_GRAMMAR	NOT_ENCODED_IN_COMMON_OPERATOR_GRAMMAR
E112	f81v	B1	B1-S002	f81v.2	B1_SHARED_TWO_ROW_POOL	gemeinsame zweireihige Figuren-/Beckenstation	dl	PROC072	führen	MOVE_PASS	FÜHREN	PROCESS	IMAGE_OR_LOCAL_EXEMPLAR	NOT_FIXED_BY_COMMON_OPERATOR_GRAMMAR	NOT_ENCODED_IN_COMMON_OPERATOR_GRAMMAR
E113	f81v	B1	B1-S002	f81v.7	B1_SHARED_TWO_ROW_POOL	gemeinsame zweireihige Figuren-/Beckenstation	olor	PROC022	fortsetzen · Ansatz	ACTIVATE_CHARGE	ANSETZEN	REFERENCE	IMAGE_OR_LOCAL_EXEMPLAR	NOT_FIXED_BY_COMMON_OPERATOR_GRAMMAR	NOT_ENCODED_IN_COMMON_OPERATOR_GRAMMAR
E114	f81v	B1	B1-S002	f81v.7	B1_SHARED_TWO_ROW_POOL	gemeinsame zweireihige Figuren-/Beckenstation	ol	PROC013	fortsetzen	CONTINUE_USE	FORTSETZEN	REFERENCE	IMAGE_OR_LOCAL_EXEMPLAR	NOT_FIXED_BY_COMMON_OPERATOR_GRAMMAR	NOT_ENCODED_IN_COMMON_OPERATOR_GRAMMAR
E115	f81v	B1	B1-S002	f81v.7	B1_SHARED_TWO_ROW_POOL	gemeinsame zweireihige Figuren-/Beckenstation	sheckhal	PROC073	halten · kurz · Durchlass · Zielstelle	HOLD_STATE	HALTEN	STATE	IMAGE_OR_LOCAL_EXEMPLAR	NOT_FIXED_BY_COMMON_OPERATOR_GRAMMAR	NOT_ENCODED_IN_COMMON_OPERATOR_GRAMMAR
E116	f81v	B1	B1-S002	f81v.7	B1_SHARED_TWO_ROW_POOL	gemeinsame zweireihige Figuren-/Beckenstation	daiin	PROC009	Maß	METER_CHECK	MASS	ADDRESS	IMAGE_OR_LOCAL_EXEMPLAR	NOT_FIXED_BY_COMMON_OPERATOR_GRAMMAR	NOT_ENCODED_IN_COMMON_OPERATOR_GRAMMAR
E117	f81v	B1	B1-S002	f81v.7	B1_SHARED_TWO_ROW_POOL	gemeinsame zweireihige Figuren-/Beckenstation	qokeedal	PROC074	ansetzen · länger · Zielstelle	HOLD_STATE	HALTEN	STATE	IMAGE_OR_LOCAL_EXEMPLAR	NOT_FIXED_BY_COMMON_OPERATOR_GRAMMAR	NOT_ENCODED_IN_COMMON_OPERATOR_GRAMMAR
E118	f81v	B1	B1-S002	f81v.7	B1_SHARED_TWO_ROW_POOL	gemeinsame zweireihige Figuren-/Beckenstation	daiin	PROC009	Maß	METER_CHECK	MASS	ADDRESS	IMAGE_OR_LOCAL_EXEMPLAR	NOT_FIXED_BY_COMMON_OPERATOR_GRAMMAR	NOT_ENCODED_IN_COMMON_OPERATOR_GRAMMAR
E119	f81v	B1	B1-S002	f81v.7	B1_SHARED_TWO_ROW_POOL	gemeinsame zweireihige Figuren-/Beckenstation	chckhy	PROC075	Durchlass · dies	MOVE_PASS	FÜHREN	PROCESS	IMAGE_OR_LOCAL_EXEMPLAR	NOT_FIXED_BY_COMMON_OPERATOR_GRAMMAR	NOT_ENCODED_IN_COMMON_OPERATOR_GRAMMAR
E120	f81v	B1	B1-S002	f81v.7	B1_SHARED_TWO_ROW_POOL	gemeinsame zweireihige Figuren-/Beckenstation	schedy	PROC076	umsetzen · Schluss	MOVE_PASS>CLOSE	FÜHREN>SCHLUSS	PROCESS>CLOSE	IMAGE_OR_LOCAL_EXEMPLAR	NOT_FIXED_BY_COMMON_OPERATOR_GRAMMAR	NOT_ENCODED_IN_COMMON_OPERATOR_GRAMMAR
E121	f81v	B1	B1-S003	f81v.7	B1_SHARED_TWO_ROW_POOL	gemeinsame zweireihige Figuren-/Beckenstation	qol	PROC013	fortsetzen	CONTINUE_USE	FORTSETZEN	REFERENCE	IMAGE_OR_LOCAL_EXEMPLAR	NOT_FIXED_BY_COMMON_OPERATOR_GRAMMAR	NOT_ENCODED_IN_COMMON_OPERATOR_GRAMMAR
E122	f81v	B1	B1-S003	f81v.17	B1_SHARED_TWO_ROW_POOL	gemeinsame zweireihige Figuren-/Beckenstation	sshkchdy	PROC077	halten · zuführen · umsetzen · Schluss	HOLD_STATE>CLOSE	HALTEN>SCHLUSS	STATE>CLOSE	IMAGE_OR_LOCAL_EXEMPLAR	NOT_FIXED_BY_COMMON_OPERATOR_GRAMMAR	NOT_ENCODED_IN_COMMON_OPERATOR_GRAMMAR
E123	f81v	B1	B1-S004	f81v.17	B1_SHARED_TWO_ROW_POOL	gemeinsame zweireihige Figuren-/Beckenstation	chedy	PROC042	umsetzen · dies	MOVE_PASS	FÜHREN	PROCESS	IMAGE_OR_LOCAL_EXEMPLAR	NOT_FIXED_BY_COMMON_OPERATOR_GRAMMAR	NOT_ENCODED_IN_COMMON_OPERATOR_GRAMMAR
E124	f81v	B1	B1-S004	f81v.17	B1_SHARED_TWO_ROW_POOL	gemeinsame zweireihige Figuren-/Beckenstation	ol	PROC013	fortsetzen	CONTINUE_USE	FORTSETZEN	REFERENCE	IMAGE_OR_LOCAL_EXEMPLAR	NOT_FIXED_BY_COMMON_OPERATOR_GRAMMAR	NOT_ENCODED_IN_COMMON_OPERATOR_GRAMMAR
E125	f81v	B1	B1-S004	f81v.17	B1_SHARED_TWO_ROW_POOL	gemeinsame zweireihige Figuren-/Beckenstation	shedy	PROC078	absetzen · Schluss	HOLD_STATE>CLOSE	HALTEN>SCHLUSS	STATE>CLOSE	IMAGE_OR_LOCAL_EXEMPLAR	NOT_FIXED_BY_COMMON_OPERATOR_GRAMMAR	NOT_ENCODED_IN_COMMON_OPERATOR_GRAMMAR
E126	f81v	B1	B1-S005	f81v.17	B1_SHARED_TWO_ROW_POOL	gemeinsame zweireihige Figuren-/Beckenstation	qolchedy	PROC079	fortsetzen · umsetzen · Schluss	MOVE_PASS>CLOSE	FÜHREN>SCHLUSS	PROCESS>CLOSE	IMAGE_OR_LOCAL_EXEMPLAR	NOT_FIXED_BY_COMMON_OPERATOR_GRAMMAR	NOT_ENCODED_IN_COMMON_OPERATOR_GRAMMAR
E127	f81v	B1	B1-S006	f81v.17	B1_SHARED_TWO_ROW_POOL	gemeinsame zweireihige Figuren-/Beckenstation	qokain	PROC080	ansetzen · Portion	ACTIVATE_CHARGE	ANSETZEN	REFERENCE	IMAGE_OR_LOCAL_EXEMPLAR	NOT_FIXED_BY_COMMON_OPERATOR_GRAMMAR	NOT_ENCODED_IN_COMMON_OPERATOR_GRAMMAR
E128	f81v	B1	B1-S006	f81v.17	B1_SHARED_TWO_ROW_POOL	gemeinsame zweireihige Figuren-/Beckenstation	shckhy	PROC075	Durchlass · dies	MOVE_PASS	FÜHREN	PROCESS	IMAGE_OR_LOCAL_EXEMPLAR	NOT_FIXED_BY_COMMON_OPERATOR_GRAMMAR	NOT_ENCODED_IN_COMMON_OPERATOR_GRAMMAR
E129	f81v	B1	B1-S006	f81v.17	B1_SHARED_TWO_ROW_POOL	gemeinsame zweireihige Figuren-/Beckenstation	dl	PROC072	führen	MOVE_PASS	FÜHREN	PROCESS	IMAGE_OR_LOCAL_EXEMPLAR	NOT_FIXED_BY_COMMON_OPERATOR_GRAMMAR	NOT_ENCODED_IN_COMMON_OPERATOR_GRAMMAR
E130	f81v	B1	B1-S006	f81v.17	B1_SHARED_TWO_ROW_POOL	gemeinsame zweireihige Figuren-/Beckenstation	ral	PROC081	abkühlen · Zielstelle	HOLD_STATE	HALTEN	STATE	IMAGE_OR_LOCAL_EXEMPLAR	NOT_FIXED_BY_COMMON_OPERATOR_GRAMMAR	NOT_ENCODED_IN_COMMON_OPERATOR_GRAMMAR
E131	f81v	B1	B1-S007	f81v.18	B1_SHARED_TWO_ROW_POOL	gemeinsame zweireihige Figuren-/Beckenstation	qokchdy	PROC082	ansetzen · umsetzen · Schluss	ACTIVATE_CHARGE>CLOSE	ANSETZEN>SCHLUSS	REFERENCE>CLOSE	IMAGE_OR_LOCAL_EXEMPLAR	NOT_FIXED_BY_COMMON_OPERATOR_GRAMMAR	NOT_ENCODED_IN_COMMON_OPERATOR_GRAMMAR
E132	f81v	B1	B1-S008	f81v.18	B1_SHARED_TWO_ROW_POOL	gemeinsame zweireihige Figuren-/Beckenstation	chey	PROC019	dies	CONTINUE_USE	FORTSETZEN	REFERENCE	IMAGE_OR_LOCAL_EXEMPLAR	NOT_FIXED_BY_COMMON_OPERATOR_GRAMMAR	NOT_ENCODED_IN_COMMON_OPERATOR_GRAMMAR
E133	f81v	B1	B1-S008	f81v.18	B1_SHARED_TWO_ROW_POOL	gemeinsame zweireihige Figuren-/Beckenstation	ol	PROC013	fortsetzen	CONTINUE_USE	FORTSETZEN	REFERENCE	IMAGE_OR_LOCAL_EXEMPLAR	NOT_FIXED_BY_COMMON_OPERATOR_GRAMMAR	NOT_ENCODED_IN_COMMON_OPERATOR_GRAMMAR
E134	f81v	B1	B1-S008	f81v.18	B1_SHARED_TWO_ROW_POOL	gemeinsame zweireihige Figuren-/Beckenstation	cheky	PROC083	wärmen · kurz · dies	HOLD_STATE	HALTEN	STATE	IMAGE_OR_LOCAL_EXEMPLAR	NOT_FIXED_BY_COMMON_OPERATOR_GRAMMAR	NOT_ENCODED_IN_COMMON_OPERATOR_GRAMMAR
E135	f81v	B1	B1-S008	f81v.18	B1_SHARED_TWO_ROW_POOL	gemeinsame zweireihige Figuren-/Beckenstation	ol	PROC013	fortsetzen	CONTINUE_USE	FORTSETZEN	REFERENCE	IMAGE_OR_LOCAL_EXEMPLAR	NOT_FIXED_BY_COMMON_OPERATOR_GRAMMAR	NOT_ENCODED_IN_COMMON_OPERATOR_GRAMMAR
E136	f81v	B1	B1-S008	f81v.18	B1_SHARED_TWO_ROW_POOL	gemeinsame zweireihige Figuren-/Beckenstation	shedy	PROC078	absetzen · Schluss	HOLD_STATE>CLOSE	HALTEN>SCHLUSS	STATE>CLOSE	IMAGE_OR_LOCAL_EXEMPLAR	NOT_FIXED_BY_COMMON_OPERATOR_GRAMMAR	NOT_ENCODED_IN_COMMON_OPERATOR_GRAMMAR
E137	f81v	B1	B1-S009	f81v.18	B1_SHARED_TWO_ROW_POOL	gemeinsame zweireihige Figuren-/Beckenstation	qokedy	PROC067	ansetzen · kurz · Schluss	HOLD_STATE>CLOSE	HALTEN>SCHLUSS	STATE>CLOSE	IMAGE_OR_LOCAL_EXEMPLAR	NOT_FIXED_BY_COMMON_OPERATOR_GRAMMAR	NOT_ENCODED_IN_COMMON_OPERATOR_GRAMMAR
E138	f81v	B1	B1-S010	f81v.18	B1_SHARED_TWO_ROW_POOL	gemeinsame zweireihige Figuren-/Beckenstation	qokedy	PROC067	ansetzen · kurz · Schluss	HOLD_STATE>CLOSE	HALTEN>SCHLUSS	STATE>CLOSE	IMAGE_OR_LOCAL_EXEMPLAR	NOT_FIXED_BY_COMMON_OPERATOR_GRAMMAR	NOT_ENCODED_IN_COMMON_OPERATOR_GRAMMAR
E139	f81v	B1	B1-S011	f81v.18	B1_SHARED_TWO_ROW_POOL	gemeinsame zweireihige Figuren-/Beckenstation	chckhy	PROC075	Durchlass · dies	MOVE_PASS	FÜHREN	PROCESS	IMAGE_OR_LOCAL_EXEMPLAR	NOT_FIXED_BY_COMMON_OPERATOR_GRAMMAR	NOT_ENCODED_IN_COMMON_OPERATOR_GRAMMAR
E140	f81v	B1	B1-S011	f81v.18	B1_SHARED_TWO_ROW_POOL	gemeinsame zweireihige Figuren-/Beckenstation	qoky	PROC008	ansetzen · dies	ACTIVATE_CHARGE	ANSETZEN	REFERENCE	IMAGE_OR_LOCAL_EXEMPLAR	NOT_FIXED_BY_COMMON_OPERATOR_GRAMMAR	NOT_ENCODED_IN_COMMON_OPERATOR_GRAMMAR
E141	f81v	B1	B1-S012	f81v.21	B1_SHARED_TWO_ROW_POOL	gemeinsame zweireihige Figuren-/Beckenstation	lsho	PROC084	Waschgang · Arbeitsgang	CONTINUE_USE	FORTSETZEN	REFERENCE	IMAGE_OR_LOCAL_EXEMPLAR	NOT_FIXED_BY_COMMON_OPERATOR_GRAMMAR	NOT_ENCODED_IN_COMMON_OPERATOR_GRAMMAR
E142	f81v	B1	B1-S012	f81v.21	B1_SHARED_TWO_ROW_POOL	gemeinsame zweireihige Figuren-/Beckenstation	qokey	PROC085	ansetzen · kurz · dies	HOLD_STATE	HALTEN	STATE	IMAGE_OR_LOCAL_EXEMPLAR	NOT_FIXED_BY_COMMON_OPERATOR_GRAMMAR	NOT_ENCODED_IN_COMMON_OPERATOR_GRAMMAR
E143	f81v	B1	B1-S012	f81v.21	B1_SHARED_TWO_ROW_POOL	gemeinsame zweireihige Figuren-/Beckenstation	lshedy	PROC086	Waschgang · kurz · Schluss	HOLD_STATE>CLOSE	HALTEN>SCHLUSS	STATE>CLOSE	IMAGE_OR_LOCAL_EXEMPLAR	NOT_FIXED_BY_COMMON_OPERATOR_GRAMMAR	NOT_ENCODED_IN_COMMON_OPERATOR_GRAMMAR
E144	f81v	B1	B1-S013	f81v.21	B1_SHARED_TWO_ROW_POOL	gemeinsame zweireihige Figuren-/Beckenstation	lshedy	PROC086	Waschgang · kurz · Schluss	HOLD_STATE>CLOSE	HALTEN>SCHLUSS	STATE>CLOSE	IMAGE_OR_LOCAL_EXEMPLAR	NOT_FIXED_BY_COMMON_OPERATOR_GRAMMAR	NOT_ENCODED_IN_COMMON_OPERATOR_GRAMMAR
E145	f81v	B1	B1-S014	f81v.21	B1_SHARED_TWO_ROW_POOL	gemeinsame zweireihige Figuren-/Beckenstation	chedy	PROC042	umsetzen · dies	MOVE_PASS	FÜHREN	PROCESS	IMAGE_OR_LOCAL_EXEMPLAR	NOT_FIXED_BY_COMMON_OPERATOR_GRAMMAR	NOT_ENCODED_IN_COMMON_OPERATOR_GRAMMAR
E146	f81v	B1	B1-S014	f81v.21	B1_SHARED_TWO_ROW_POOL	gemeinsame zweireihige Figuren-/Beckenstation	qolky	PROC087	auffangen · dies	HOLD_STATE	HALTEN	STATE	IMAGE_OR_LOCAL_EXEMPLAR	NOT_FIXED_BY_COMMON_OPERATOR_GRAMMAR	NOT_ENCODED_IN_COMMON_OPERATOR_GRAMMAR
E147	f81v	B1	B1-S014	f81v.21	B1_SHARED_TWO_ROW_POOL	gemeinsame zweireihige Figuren-/Beckenstation	lchedal	PROC088	führen · umsetzen · Zielstelle	TARGET_HANDOFF	ZIEL	ADDRESS	IMAGE_OR_LOCAL_EXEMPLAR	NOT_FIXED_BY_COMMON_OPERATOR_GRAMMAR	NOT_ENCODED_IN_COMMON_OPERATOR_GRAMMAR
E148	f81v	B1	B1-S014	f81v.21	B1_SHARED_TWO_ROW_POOL	gemeinsame zweireihige Figuren-/Beckenstation	qol	PROC013	fortsetzen	CONTINUE_USE	FORTSETZEN	REFERENCE	IMAGE_OR_LOCAL_EXEMPLAR	NOT_FIXED_BY_COMMON_OPERATOR_GRAMMAR	NOT_ENCODED_IN_COMMON_OPERATOR_GRAMMAR
E149	f81v	B1	B1-S014	f81v.21	B1_SHARED_TWO_ROW_POOL	gemeinsame zweireihige Figuren-/Beckenstation	otar	PROC089	danach · von dort	SOURCE_DRAW	QUELLE	ADDRESS	IMAGE_OR_LOCAL_EXEMPLAR	NOT_FIXED_BY_COMMON_OPERATOR_GRAMMAR	NOT_ENCODED_IN_COMMON_OPERATOR_GRAMMAR
E150	f81v	B1	B1-S015	f81v.24	B1_SHARED_TWO_ROW_POOL	gemeinsame zweireihige Figuren-/Beckenstation	ytey	PROC090	eintragen · kurz · dies	HOLD_STATE	HALTEN	STATE	IMAGE_OR_LOCAL_EXEMPLAR	NOT_FIXED_BY_COMMON_OPERATOR_GRAMMAR	NOT_ENCODED_IN_COMMON_OPERATOR_GRAMMAR
E151	f81v	B1	B1-S015	f81v.24	B1_SHARED_TWO_ROW_POOL	gemeinsame zweireihige Figuren-/Beckenstation	okchedy	PROC091	ansetzen · umsetzen · Schluss	ACTIVATE_CHARGE>CLOSE	ANSETZEN>SCHLUSS	REFERENCE>CLOSE	IMAGE_OR_LOCAL_EXEMPLAR	NOT_FIXED_BY_COMMON_OPERATOR_GRAMMAR	NOT_ENCODED_IN_COMMON_OPERATOR_GRAMMAR
E152	f81v	B1	B1-S016	f81v.24	B1_SHARED_TWO_ROW_POOL	gemeinsame zweireihige Figuren-/Beckenstation	qokal	PROC048	ansetzen · Zielstelle	TARGET_HANDOFF	ZIEL	ADDRESS	IMAGE_OR_LOCAL_EXEMPLAR	NOT_FIXED_BY_COMMON_OPERATOR_GRAMMAR	NOT_ENCODED_IN_COMMON_OPERATOR_GRAMMAR
E153	f81v	B1	B1-S016	f81v.24	B1_SHARED_TWO_ROW_POOL	gemeinsame zweireihige Figuren-/Beckenstation	okeey	PROC092	ansetzen · länger · dies	HOLD_STATE	HALTEN	STATE	IMAGE_OR_LOCAL_EXEMPLAR	NOT_FIXED_BY_COMMON_OPERATOR_GRAMMAR	NOT_ENCODED_IN_COMMON_OPERATOR_GRAMMAR
E154	f81v	B1	B1-S016	f81v.24	B1_SHARED_TWO_ROW_POOL	gemeinsame zweireihige Figuren-/Beckenstation	qol	PROC013	fortsetzen	CONTINUE_USE	FORTSETZEN	REFERENCE	IMAGE_OR_LOCAL_EXEMPLAR	NOT_FIXED_BY_COMMON_OPERATOR_GRAMMAR	NOT_ENCODED_IN_COMMON_OPERATOR_GRAMMAR
E155	f81v	B1	B1-S016	f81v.24	B1_SHARED_TWO_ROW_POOL	gemeinsame zweireihige Figuren-/Beckenstation	cheedy	PROC078	absetzen · Schluss	HOLD_STATE>CLOSE	HALTEN>SCHLUSS	STATE>CLOSE	IMAGE_OR_LOCAL_EXEMPLAR	NOT_FIXED_BY_COMMON_OPERATOR_GRAMMAR	NOT_ENCODED_IN_COMMON_OPERATOR_GRAMMAR
E156	f81v	B1	B1-S017	f81v.24	B1_SHARED_TWO_ROW_POOL	gemeinsame zweireihige Figuren-/Beckenstation	sal	PROC055	Zielstelle	TARGET_HANDOFF	ZIEL	ADDRESS	IMAGE_OR_LOCAL_EXEMPLAR	NOT_FIXED_BY_COMMON_OPERATOR_GRAMMAR	NOT_ENCODED_IN_COMMON_OPERATOR_GRAMMAR
E157	f81v	B1	B1-S017	f81v.24	B1_SHARED_TWO_ROW_POOL	gemeinsame zweireihige Figuren-/Beckenstation	teol	PROC093	kurz · fortsetzen	HOLD_STATE	HALTEN	STATE	IMAGE_OR_LOCAL_EXEMPLAR	NOT_FIXED_BY_COMMON_OPERATOR_GRAMMAR	NOT_ENCODED_IN_COMMON_OPERATOR_GRAMMAR
E158	f81v	B1	B1-S017	f81v.24	B1_SHARED_TWO_ROW_POOL	gemeinsame zweireihige Figuren-/Beckenstation	dchdy	PROC094	umsetzen · Schluss	MOVE_PASS>CLOSE	FÜHREN>SCHLUSS	PROCESS>CLOSE	IMAGE_OR_LOCAL_EXEMPLAR	NOT_FIXED_BY_COMMON_OPERATOR_GRAMMAR	NOT_ENCODED_IN_COMMON_OPERATOR_GRAMMAR
E159	f81v	B1	B1-S018	f81v.24	B1_SHARED_TWO_ROW_POOL	gemeinsame zweireihige Figuren-/Beckenstation	ly	PROC095	führen · dies	MOVE_PASS	FÜHREN	PROCESS	IMAGE_OR_LOCAL_EXEMPLAR	NOT_FIXED_BY_COMMON_OPERATOR_GRAMMAR	NOT_ENCODED_IN_COMMON_OPERATOR_GRAMMAR
E160	f81v	B1	B1-S018	f81v.27	B1_SHARED_TWO_ROW_POOL	gemeinsame zweireihige Figuren-/Beckenstation	dsheol	PROC096	halten · kurz · fortsetzen	HOLD_STATE	HALTEN	STATE	IMAGE_OR_LOCAL_EXEMPLAR	NOT_FIXED_BY_COMMON_OPERATOR_GRAMMAR	NOT_ENCODED_IN_COMMON_OPERATOR_GRAMMAR
E161	f81v	B1	B1-S018	f81v.27	B1_SHARED_TWO_ROW_POOL	gemeinsame zweireihige Figuren-/Beckenstation	oiiin	PROC097	Arbeitsgang · Sollstufe	METER_CHECK	MASS	ADDRESS	IMAGE_OR_LOCAL_EXEMPLAR	NOT_FIXED_BY_COMMON_OPERATOR_GRAMMAR	NOT_ENCODED_IN_COMMON_OPERATOR_GRAMMAR
E162	f81v	B1	B1-S018	f81v.27	B1_SHARED_TWO_ROW_POOL	gemeinsame zweireihige Figuren-/Beckenstation	olkeedy	PROC098	auffangen · länger · Schluss	HOLD_STATE>CLOSE	HALTEN>SCHLUSS	STATE>CLOSE	IMAGE_OR_LOCAL_EXEMPLAR	NOT_FIXED_BY_COMMON_OPERATOR_GRAMMAR	NOT_ENCODED_IN_COMMON_OPERATOR_GRAMMAR
E163	f81v	B1	B1-S019	f81v.27	B1_SHARED_TWO_ROW_POOL	gemeinsame zweireihige Figuren-/Beckenstation	tedy	PROC078	absetzen · Schluss	HOLD_STATE>CLOSE	HALTEN>SCHLUSS	STATE>CLOSE	IMAGE_OR_LOCAL_EXEMPLAR	NOT_FIXED_BY_COMMON_OPERATOR_GRAMMAR	NOT_ENCODED_IN_COMMON_OPERATOR_GRAMMAR
E164	f81v	B1	B1-S020	f81v.27	B1_SHARED_TWO_ROW_POOL	gemeinsame zweireihige Figuren-/Beckenstation	cheky	PROC083	wärmen · kurz · dies	HOLD_STATE	HALTEN	STATE	IMAGE_OR_LOCAL_EXEMPLAR	NOT_FIXED_BY_COMMON_OPERATOR_GRAMMAR	NOT_ENCODED_IN_COMMON_OPERATOR_GRAMMAR
E165	f81v	B1	B1-S020	f81v.27	B1_SHARED_TWO_ROW_POOL	gemeinsame zweireihige Figuren-/Beckenstation	shckhedy	PROC099	halten · Durchlass · kurz · Schluss	HOLD_STATE>CLOSE	HALTEN>SCHLUSS	STATE>CLOSE	IMAGE_OR_LOCAL_EXEMPLAR	NOT_FIXED_BY_COMMON_OPERATOR_GRAMMAR	NOT_ENCODED_IN_COMMON_OPERATOR_GRAMMAR
E166	f81v	B1	B1-S021	f81v.27	B1_SHARED_TWO_ROW_POOL	gemeinsame zweireihige Figuren-/Beckenstation	chal	PROC055	Zielstelle	TARGET_HANDOFF	ZIEL	ADDRESS	IMAGE_OR_LOCAL_EXEMPLAR	NOT_FIXED_BY_COMMON_OPERATOR_GRAMMAR	NOT_ENCODED_IN_COMMON_OPERATOR_GRAMMAR
E167	f82r	B2	B2-S001	f82r.2	B2_UPPER_PAIRED_BASINS_AND_CYLINDER	oberes Beckenpaar mit Zylinder	dchedy	PROC076	umsetzen · Schluss	MOVE_PASS>CLOSE	FÜHREN>SCHLUSS	PROCESS>CLOSE	IMAGE_OR_LOCAL_EXEMPLAR	NOT_FIXED_BY_COMMON_OPERATOR_GRAMMAR	NOT_ENCODED_IN_COMMON_OPERATOR_GRAMMAR
E168	f82r	B2	B2-S002	f82r.2	B2_UPPER_PAIRED_BASINS_AND_CYLINDER	oberes Beckenpaar mit Zylinder	qolchedy	PROC079	fortsetzen · umsetzen · Schluss	MOVE_PASS>CLOSE	FÜHREN>SCHLUSS	PROCESS>CLOSE	IMAGE_OR_LOCAL_EXEMPLAR	NOT_FIXED_BY_COMMON_OPERATOR_GRAMMAR	NOT_ENCODED_IN_COMMON_OPERATOR_GRAMMAR
E169	f82r	B2	B2-S003	f82r.2	B2_UPPER_PAIRED_BASINS_AND_CYLINDER	oberes Beckenpaar mit Zylinder	qokain	PROC080	ansetzen · Portion	ACTIVATE_CHARGE	ANSETZEN	REFERENCE	IMAGE_OR_LOCAL_EXEMPLAR	NOT_FIXED_BY_COMMON_OPERATOR_GRAMMAR	NOT_ENCODED_IN_COMMON_OPERATOR_GRAMMAR
E170	f82r	B2	B2-S003	f82r.2	B2_UPPER_PAIRED_BASINS_AND_CYLINDER	oberes Beckenpaar mit Zylinder	dy	PROC019	dies	ACTIVATE_CHARGE	ANSETZEN	REFERENCE	IMAGE_OR_LOCAL_EXEMPLAR	NOT_FIXED_BY_COMMON_OPERATOR_GRAMMAR	NOT_ENCODED_IN_COMMON_OPERATOR_GRAMMAR
E171	f82r	B2	B2-S003	f82r.2	B2_UPPER_PAIRED_BASINS_AND_CYLINDER	oberes Beckenpaar mit Zylinder	qokeedy	PROC100	ansetzen · länger · Schluss	HOLD_STATE>CLOSE	HALTEN>SCHLUSS	STATE>CLOSE	IMAGE_OR_LOCAL_EXEMPLAR	NOT_FIXED_BY_COMMON_OPERATOR_GRAMMAR	NOT_ENCODED_IN_COMMON_OPERATOR_GRAMMAR
E172	f82r	B2	B2-S004	f82r.2	B2_UPPER_PAIRED_BASINS_AND_CYLINDER	oberes Beckenpaar mit Zylinder	qokal	PROC048	ansetzen · Zielstelle	TARGET_HANDOFF	ZIEL	ADDRESS	IMAGE_OR_LOCAL_EXEMPLAR	NOT_FIXED_BY_COMMON_OPERATOR_GRAMMAR	NOT_ENCODED_IN_COMMON_OPERATOR_GRAMMAR
E173	f82r	B2	B2-S004	f82r.2	B2_UPPER_PAIRED_BASINS_AND_CYLINDER	oberes Beckenpaar mit Zylinder	lcheckhy	PROC101	führen · Durchlass · dies	ACTIVATE_CHARGE	ANSETZEN	REFERENCE	IMAGE_OR_LOCAL_EXEMPLAR	NOT_FIXED_BY_COMMON_OPERATOR_GRAMMAR	NOT_ENCODED_IN_COMMON_OPERATOR_GRAMMAR
E174	f82r	B2	B2-S004	f82r.2	B2_UPPER_PAIRED_BASINS_AND_CYLINDER	oberes Beckenpaar mit Zylinder	lched	PROC102	führen · umsetzen	MOVE_PASS	FÜHREN	PROCESS	IMAGE_OR_LOCAL_EXEMPLAR	NOT_FIXED_BY_COMMON_OPERATOR_GRAMMAR	NOT_ENCODED_IN_COMMON_OPERATOR_GRAMMAR
E175	f82r	B2	B2-S004	f82r.3	B2_UPPER_PAIRED_BASINS_AND_CYLINDER	oberes Beckenpaar mit Zylinder	qokeey	PROC092	ansetzen · länger · dies	HOLD_STATE	HALTEN	STATE	IMAGE_OR_LOCAL_EXEMPLAR	NOT_FIXED_BY_COMMON_OPERATOR_GRAMMAR	NOT_ENCODED_IN_COMMON_OPERATOR_GRAMMAR
E176	f82r	B2	B2-S004	f82r.3	B2_UPPER_PAIRED_BASINS_AND_CYLINDER	oberes Beckenpaar mit Zylinder	lcheckhedy	PROC103	führen · Durchlass · kurz · Schluss	MOVE_PASS>CLOSE	FÜHREN>SCHLUSS	PROCESS>CLOSE	IMAGE_OR_LOCAL_EXEMPLAR	NOT_FIXED_BY_COMMON_OPERATOR_GRAMMAR	NOT_ENCODED_IN_COMMON_OPERATOR_GRAMMAR
E177	f82r	B2	B2-S005	f82r.3	B2_UPPER_PAIRED_BASINS_AND_CYLINDER	oberes Beckenpaar mit Zylinder	qokaly	PROC104	ansetzen · Zielstelle · dies	TARGET_HANDOFF	ZIEL	ADDRESS	IMAGE_OR_LOCAL_EXEMPLAR	NOT_FIXED_BY_COMMON_OPERATOR_GRAMMAR	NOT_ENCODED_IN_COMMON_OPERATOR_GRAMMAR
E178	f82r	B2	B2-S005	f82r.3	B2_UPPER_PAIRED_BASINS_AND_CYLINDER	oberes Beckenpaar mit Zylinder	solkaiin	PROC105	auffangen · Maß	METER_CHECK	MASS	ADDRESS	IMAGE_OR_LOCAL_EXEMPLAR	NOT_FIXED_BY_COMMON_OPERATOR_GRAMMAR	NOT_ENCODED_IN_COMMON_OPERATOR_GRAMMAR
E179	f82r	B2	B2-S005	f82r.3	B2_UPPER_PAIRED_BASINS_AND_CYLINDER	oberes Beckenpaar mit Zylinder	chckhy	PROC075	Durchlass · dies	MOVE_PASS	FÜHREN	PROCESS	IMAGE_OR_LOCAL_EXEMPLAR	NOT_FIXED_BY_COMMON_OPERATOR_GRAMMAR	NOT_ENCODED_IN_COMMON_OPERATOR_GRAMMAR
E180	f82r	B2	B2-S005	f82r.3	B2_UPPER_PAIRED_BASINS_AND_CYLINDER	oberes Beckenpaar mit Zylinder	qokaiin	PROC038	ansetzen · Maß	METER_CHECK	MASS	ADDRESS	IMAGE_OR_LOCAL_EXEMPLAR	NOT_FIXED_BY_COMMON_OPERATOR_GRAMMAR	NOT_ENCODED_IN_COMMON_OPERATOR_GRAMMAR
E181	f82r	B2	B2-S005	f82r.4	B2_UPPER_PAIRED_BASINS_AND_CYLINDER	oberes Beckenpaar mit Zylinder	qokaiin	PROC038	ansetzen · Maß	METER_CHECK	MASS	ADDRESS	IMAGE_OR_LOCAL_EXEMPLAR	NOT_FIXED_BY_COMMON_OPERATOR_GRAMMAR	NOT_ENCODED_IN_COMMON_OPERATOR_GRAMMAR
E182	f82r	B2	B2-S005	f82r.4	B2_UPPER_PAIRED_BASINS_AND_CYLINDER	oberes Beckenpaar mit Zylinder	octheol	PROC106	Arbeitsgang · bereit · kurz · fortsetzen	HOLD_STATE	HALTEN	STATE	IMAGE_OR_LOCAL_EXEMPLAR	NOT_FIXED_BY_COMMON_OPERATOR_GRAMMAR	NOT_ENCODED_IN_COMMON_OPERATOR_GRAMMAR
E183	f82r	B2	B2-S005	f82r.4	B2_UPPER_PAIRED_BASINS_AND_CYLINDER	oberes Beckenpaar mit Zylinder	chkeey	PROC107	wärmen · länger · dies	ACTIVATE_CHARGE	ANSETZEN	REFERENCE	IMAGE_OR_LOCAL_EXEMPLAR	NOT_FIXED_BY_COMMON_OPERATOR_GRAMMAR	NOT_ENCODED_IN_COMMON_OPERATOR_GRAMMAR
E184	f82r	B2	B2-S005	f82r.4	B2_UPPER_PAIRED_BASINS_AND_CYLINDER	oberes Beckenpaar mit Zylinder	ldy	PROC108	führen · Schluss	MOVE_PASS>CLOSE	FÜHREN>SCHLUSS	PROCESS>CLOSE	IMAGE_OR_LOCAL_EXEMPLAR	NOT_FIXED_BY_COMMON_OPERATOR_GRAMMAR	NOT_ENCODED_IN_COMMON_OPERATOR_GRAMMAR
E185	f82r	B2	B2-S006	f82r.4	B2_UPPER_PAIRED_BASINS_AND_CYLINDER	oberes Beckenpaar mit Zylinder	oteey	PROC109	danach · länger · dies	HOLD_STATE	HALTEN	STATE	IMAGE_OR_LOCAL_EXEMPLAR	NOT_FIXED_BY_COMMON_OPERATOR_GRAMMAR	NOT_ENCODED_IN_COMMON_OPERATOR_GRAMMAR
E186	f82r	B2	B2-S006	f82r.4	B2_UPPER_PAIRED_BASINS_AND_CYLINDER	oberes Beckenpaar mit Zylinder	qokal	PROC048	ansetzen · Zielstelle	TARGET_HANDOFF	ZIEL	ADDRESS	IMAGE_OR_LOCAL_EXEMPLAR	NOT_FIXED_BY_COMMON_OPERATOR_GRAMMAR	NOT_ENCODED_IN_COMMON_OPERATOR_GRAMMAR
E187	f82r	B2	B2-S006	f82r.4	B2_UPPER_PAIRED_BASINS_AND_CYLINDER	oberes Beckenpaar mit Zylinder	sheckhy	PROC110	halten · kurz · Durchlass · dies	ACTIVATE_CHARGE	ANSETZEN	REFERENCE	IMAGE_OR_LOCAL_EXEMPLAR	NOT_FIXED_BY_COMMON_OPERATOR_GRAMMAR	NOT_ENCODED_IN_COMMON_OPERATOR_GRAMMAR
E188	f82r	B2	B2-S006	f82r.4	B2_UPPER_PAIRED_BASINS_AND_CYLINDER	oberes Beckenpaar mit Zylinder	qoky	PROC008	ansetzen · dies	ACTIVATE_CHARGE	ANSETZEN	REFERENCE	IMAGE_OR_LOCAL_EXEMPLAR	NOT_FIXED_BY_COMMON_OPERATOR_GRAMMAR	NOT_ENCODED_IN_COMMON_OPERATOR_GRAMMAR
E189	f82r	B2	B2-S007	f82r.7	B2_MIDDLE_LEFT_DEVICE_AND_INLINE_NODE	mittleres linkes Handgerät mit Inline-Knoten	dshedy	PROC111	halten · kurz · Schluss	HOLD_STATE>CLOSE	HALTEN>SCHLUSS	STATE>CLOSE	IMAGE_OR_LOCAL_EXEMPLAR	NOT_FIXED_BY_COMMON_OPERATOR_GRAMMAR	NOT_ENCODED_IN_COMMON_OPERATOR_GRAMMAR
E190	f82r	B2	B2-S008	f82r.7	B2_MIDDLE_LEFT_DEVICE_AND_INLINE_NODE	mittleres linkes Handgerät mit Inline-Knoten	sotaiin	PROC112	danach · Maß	METER_CHECK	MASS	ADDRESS	IMAGE_OR_LOCAL_EXEMPLAR	NOT_FIXED_BY_COMMON_OPERATOR_GRAMMAR	NOT_ENCODED_IN_COMMON_OPERATOR_GRAMMAR
E191	f82r	B2	B2-S008	f82r.7	B2_MIDDLE_LEFT_DEVICE_AND_INLINE_NODE	mittleres linkes Handgerät mit Inline-Knoten	qokar	PROC113	ansetzen · von dort	SOURCE_DRAW	QUELLE	ADDRESS	IMAGE_OR_LOCAL_EXEMPLAR	NOT_FIXED_BY_COMMON_OPERATOR_GRAMMAR	NOT_ENCODED_IN_COMMON_OPERATOR_GRAMMAR
E192	f82r	B2	B2-S008	f82r.7	B2_MIDDLE_LEFT_DEVICE_AND_INLINE_NODE	mittleres linkes Handgerät mit Inline-Knoten	shedy	PROC078	absetzen · Schluss	HOLD_STATE>CLOSE	HALTEN>SCHLUSS	STATE>CLOSE	IMAGE_OR_LOCAL_EXEMPLAR	NOT_FIXED_BY_COMMON_OPERATOR_GRAMMAR	NOT_ENCODED_IN_COMMON_OPERATOR_GRAMMAR
E193	f82r	B2	B2-S009	f82r.7	B2_MIDDLE_LEFT_DEVICE_AND_INLINE_NODE	mittleres linkes Handgerät mit Inline-Knoten	solshedy	PROC114	fortsetzen · halten · kurz · Schluss	HOLD_STATE>CLOSE	HALTEN>SCHLUSS	STATE>CLOSE	IMAGE_OR_LOCAL_EXEMPLAR	NOT_FIXED_BY_COMMON_OPERATOR_GRAMMAR	NOT_ENCODED_IN_COMMON_OPERATOR_GRAMMAR
E194	f82r	B2	B2-S010	f82r.7	B2_MIDDLE_LEFT_DEVICE_AND_INLINE_NODE	mittleres linkes Handgerät mit Inline-Knoten	qokeey	PROC092	ansetzen · länger · dies	HOLD_STATE	HALTEN	STATE	IMAGE_OR_LOCAL_EXEMPLAR	NOT_FIXED_BY_COMMON_OPERATOR_GRAMMAR	NOT_ENCODED_IN_COMMON_OPERATOR_GRAMMAR
E195	f82r	B2	B2-S010	f82r.7	B2_MIDDLE_LEFT_DEVICE_AND_INLINE_NODE	mittleres linkes Handgerät mit Inline-Knoten	qoky	PROC008	ansetzen · dies	ACTIVATE_CHARGE	ANSETZEN	REFERENCE	IMAGE_OR_LOCAL_EXEMPLAR	NOT_FIXED_BY_COMMON_OPERATOR_GRAMMAR	NOT_ENCODED_IN_COMMON_OPERATOR_GRAMMAR
E196	f82r	B2	B2-S010	f82r.7	B2_MIDDLE_LEFT_DEVICE_AND_INLINE_NODE	mittleres linkes Handgerät mit Inline-Knoten	ls	PROC115	fortsetzen	CONTINUE_USE	FORTSETZEN	REFERENCE	IMAGE_OR_LOCAL_EXEMPLAR	NOT_FIXED_BY_COMMON_OPERATOR_GRAMMAR	NOT_ENCODED_IN_COMMON_OPERATOR_GRAMMAR
E197	f82r	B2	B2-S010	f82r.7	B2_MIDDLE_LEFT_DEVICE_AND_INLINE_NODE	mittleres linkes Handgerät mit Inline-Knoten	cheey	PROC031	Empfangsbestand	HOLD_STATE	HALTEN	STATE	IMAGE_OR_LOCAL_EXEMPLAR	NOT_FIXED_BY_COMMON_OPERATOR_GRAMMAR	NOT_ENCODED_IN_COMMON_OPERATOR_GRAMMAR
E198	f82r	B2	B2-S011	f82r.19	B2_MIDDLE_RIGHT_AMBIGUOUS_STATION	mittlere rechte unklare Station	okain	PROC080	ansetzen · Portion	ACTIVATE_CHARGE	ANSETZEN	REFERENCE	IMAGE_OR_LOCAL_EXEMPLAR	NOT_FIXED_BY_COMMON_OPERATOR_GRAMMAR	NOT_ENCODED_IN_COMMON_OPERATOR_GRAMMAR
E199	f82r	B2	B2-S011	f82r.19	B2_MIDDLE_RIGHT_AMBIGUOUS_STATION	mittlere rechte unklare Station	char	PROC003	von dort	ACTIVATE_CHARGE	ANSETZEN	REFERENCE	IMAGE_OR_LOCAL_EXEMPLAR	NOT_FIXED_BY_COMMON_OPERATOR_GRAMMAR	NOT_ENCODED_IN_COMMON_OPERATOR_GRAMMAR
E200	f82r	B2	B2-S011	f82r.19	B2_MIDDLE_RIGHT_AMBIGUOUS_STATION	mittlere rechte unklare Station	okain	PROC080	ansetzen · Portion	ACTIVATE_CHARGE	ANSETZEN	REFERENCE	IMAGE_OR_LOCAL_EXEMPLAR	NOT_FIXED_BY_COMMON_OPERATOR_GRAMMAR	NOT_ENCODED_IN_COMMON_OPERATOR_GRAMMAR
E201	f82r	B2	B2-S011	f82r.19	B2_MIDDLE_RIGHT_AMBIGUOUS_STATION	mittlere rechte unklare Station	qokeedy	PROC100	ansetzen · länger · Schluss	HOLD_STATE>CLOSE	HALTEN>SCHLUSS	STATE>CLOSE	IMAGE_OR_LOCAL_EXEMPLAR	NOT_FIXED_BY_COMMON_OPERATOR_GRAMMAR	NOT_ENCODED_IN_COMMON_OPERATOR_GRAMMAR
E202	f82r	B2	B2-S012	f82r.19	B2_MIDDLE_RIGHT_AMBIGUOUS_STATION	mittlere rechte unklare Station	lchy	PROC116	führen · abziehen · dies	SOURCE_DRAW	QUELLE	ADDRESS	IMAGE_OR_LOCAL_EXEMPLAR	NOT_FIXED_BY_COMMON_OPERATOR_GRAMMAR	NOT_ENCODED_IN_COMMON_OPERATOR_GRAMMAR
E203	f82r	B2	B2-S012	f82r.23	B2_LOWER_GREEN_MULTI_FIGURE_POOL	unteres grünes Mehrfigurenbecken	cheey	PROC031	Empfangsbestand	HOLD_STATE	HALTEN	STATE	IMAGE_OR_LOCAL_EXEMPLAR	NOT_FIXED_BY_COMMON_OPERATOR_GRAMMAR	NOT_ENCODED_IN_COMMON_OPERATOR_GRAMMAR
E204	f82r	B2	B2-S012	f82r.23	B2_LOWER_GREEN_MULTI_FIGURE_POOL	unteres grünes Mehrfigurenbecken	qcthey	PROC117	bereit · kurz · dies	HOLD_STATE	HALTEN	STATE	IMAGE_OR_LOCAL_EXEMPLAR	NOT_FIXED_BY_COMMON_OPERATOR_GRAMMAR	NOT_ENCODED_IN_COMMON_OPERATOR_GRAMMAR
E205	f82r	B2	B2-S012	f82r.23	B2_LOWER_GREEN_MULTI_FIGURE_POOL	unteres grünes Mehrfigurenbecken	qokeey	PROC092	ansetzen · länger · dies	HOLD_STATE	HALTEN	STATE	IMAGE_OR_LOCAL_EXEMPLAR	NOT_FIXED_BY_COMMON_OPERATOR_GRAMMAR	NOT_ENCODED_IN_COMMON_OPERATOR_GRAMMAR
E206	f82r	B2	B2-S012	f82r.23	B2_LOWER_GREEN_MULTI_FIGURE_POOL	unteres grünes Mehrfigurenbecken	lcheey	PROC118	führen · länger · dies	SOURCE_DRAW	QUELLE	ADDRESS	IMAGE_OR_LOCAL_EXEMPLAR	NOT_FIXED_BY_COMMON_OPERATOR_GRAMMAR	NOT_ENCODED_IN_COMMON_OPERATOR_GRAMMAR
E207	f82r	B2	B2-S012	f82r.23	B2_LOWER_GREEN_MULTI_FIGURE_POOL	unteres grünes Mehrfigurenbecken	daiin	PROC009	Maß	METER_CHECK	MASS	ADDRESS	IMAGE_OR_LOCAL_EXEMPLAR	NOT_FIXED_BY_COMMON_OPERATOR_GRAMMAR	NOT_ENCODED_IN_COMMON_OPERATOR_GRAMMAR
E208	f82r	B2	B2-S012	f82r.23	B2_LOWER_GREEN_MULTI_FIGURE_POOL	unteres grünes Mehrfigurenbecken	chey	PROC019	dies	CONTINUE_USE	FORTSETZEN	REFERENCE	IMAGE_OR_LOCAL_EXEMPLAR	NOT_FIXED_BY_COMMON_OPERATOR_GRAMMAR	NOT_ENCODED_IN_COMMON_OPERATOR_GRAMMAR
E209	f82r	B2	B2-S012	f82r.23	B2_LOWER_GREEN_MULTI_FIGURE_POOL	unteres grünes Mehrfigurenbecken	qokeeedy	PROC119	ansetzen · vollständig · Schluss	HOLD_STATE>CLOSE	HALTEN>SCHLUSS	STATE>CLOSE	IMAGE_OR_LOCAL_EXEMPLAR	NOT_FIXED_BY_COMMON_OPERATOR_GRAMMAR	NOT_ENCODED_IN_COMMON_OPERATOR_GRAMMAR
E210	f82r	B2	B2-S013	f82r.23	B2_LOWER_GREEN_MULTI_FIGURE_POOL	unteres grünes Mehrfigurenbecken	lchedy	PROC120	führen · umsetzen · Schluss	MOVE_PASS>CLOSE	FÜHREN>SCHLUSS	PROCESS>CLOSE	IMAGE_OR_LOCAL_EXEMPLAR	NOT_FIXED_BY_COMMON_OPERATOR_GRAMMAR	NOT_ENCODED_IN_COMMON_OPERATOR_GRAMMAR
E211	f82r	B2	B2-S014	f82r.23	B2_LOWER_GREEN_MULTI_FIGURE_POOL	unteres grünes Mehrfigurenbecken	lar	PROC121	führen · von dort	SOURCE_DRAW	QUELLE	ADDRESS	IMAGE_OR_LOCAL_EXEMPLAR	NOT_FIXED_BY_COMMON_OPERATOR_GRAMMAR	NOT_ENCODED_IN_COMMON_OPERATOR_GRAMMAR
E212	f82r	B2	B2-S015	f82r.26	B2_LOWER_POOL_EDGE_STATIONS	kleine Randstationen des unteren Beckens	tshey	PROC122	halten · kurz · dies	HOLD_STATE	HALTEN	STATE	IMAGE_OR_LOCAL_EXEMPLAR	NOT_FIXED_BY_COMMON_OPERATOR_GRAMMAR	NOT_ENCODED_IN_COMMON_OPERATOR_GRAMMAR
E213	f82r	B2	B2-S015	f82r.26	B2_LOWER_POOL_EDGE_STATIONS	kleine Randstationen des unteren Beckens	qokeedy	PROC100	ansetzen · länger · Schluss	HOLD_STATE>CLOSE	HALTEN>SCHLUSS	STATE>CLOSE	IMAGE_OR_LOCAL_EXEMPLAR	NOT_FIXED_BY_COMMON_OPERATOR_GRAMMAR	NOT_ENCODED_IN_COMMON_OPERATOR_GRAMMAR
E214	f82r	B2	B2-S016	f82r.26	B2_LOWER_POOL_EDGE_STATIONS	kleine Randstationen des unteren Beckens	cheal	PROC055	Zielstelle	TARGET_HANDOFF	ZIEL	ADDRESS	IMAGE_OR_LOCAL_EXEMPLAR	NOT_FIXED_BY_COMMON_OPERATOR_GRAMMAR	NOT_ENCODED_IN_COMMON_OPERATOR_GRAMMAR
E215	f82r	B2	B2-S016	f82r.26	B2_LOWER_POOL_EDGE_STATIONS	kleine Randstationen des unteren Beckens	lchedar	PROC123	führen · umsetzen · von dort	SOURCE_DRAW	QUELLE	ADDRESS	IMAGE_OR_LOCAL_EXEMPLAR	NOT_FIXED_BY_COMMON_OPERATOR_GRAMMAR	NOT_ENCODED_IN_COMMON_OPERATOR_GRAMMAR
E216	f82r	B2	B2-S016	f82r.26	B2_LOWER_POOL_EDGE_STATIONS	kleine Randstationen des unteren Beckens	ches	PROC124	teilen	ACTIVATE_CHARGE	ANSETZEN	REFERENCE	IMAGE_OR_LOCAL_EXEMPLAR	NOT_FIXED_BY_COMMON_OPERATOR_GRAMMAR	NOT_ENCODED_IN_COMMON_OPERATOR_GRAMMAR
E217	f82r	B2	B2-S016	f82r.26	B2_LOWER_POOL_EDGE_STATIONS	kleine Randstationen des unteren Beckens	aiin	PROC009	Maß	METER_CHECK	MASS	ADDRESS	IMAGE_OR_LOCAL_EXEMPLAR	NOT_FIXED_BY_COMMON_OPERATOR_GRAMMAR	NOT_ENCODED_IN_COMMON_OPERATOR_GRAMMAR
E218	f82r	B2	B2-S016	f82r.26	B2_LOWER_POOL_EDGE_STATIONS	kleine Randstationen des unteren Beckens	oteey	PROC109	danach · länger · dies	HOLD_STATE	HALTEN	STATE	IMAGE_OR_LOCAL_EXEMPLAR	NOT_FIXED_BY_COMMON_OPERATOR_GRAMMAR	NOT_ENCODED_IN_COMMON_OPERATOR_GRAMMAR
E219	f82r	B2	B2-S016	f82r.26	B2_LOWER_POOL_EDGE_STATIONS	kleine Randstationen des unteren Beckens	qokaiin	PROC038	ansetzen · Maß	METER_CHECK	MASS	ADDRESS	IMAGE_OR_LOCAL_EXEMPLAR	NOT_FIXED_BY_COMMON_OPERATOR_GRAMMAR	NOT_ENCODED_IN_COMMON_OPERATOR_GRAMMAR
E220	f82r	B2	B2-S016	f82r.26	B2_LOWER_POOL_EDGE_STATIONS	kleine Randstationen des unteren Beckens	okey	PROC085	ansetzen · kurz · dies	HOLD_STATE	HALTEN	STATE	IMAGE_OR_LOCAL_EXEMPLAR	NOT_FIXED_BY_COMMON_OPERATOR_GRAMMAR	NOT_ENCODED_IN_COMMON_OPERATOR_GRAMMAR
E221	f82r	B2	B2-S016	f82r.27	B2_LOWER_POOL_EDGE_STATIONS	kleine Randstationen des unteren Beckens	pchedy	PROC125	hinein · umsetzen · Schluss	MOVE_PASS>CLOSE	FÜHREN>SCHLUSS	PROCESS>CLOSE	IMAGE_OR_LOCAL_EXEMPLAR	NOT_FIXED_BY_COMMON_OPERATOR_GRAMMAR	NOT_ENCODED_IN_COMMON_OPERATOR_GRAMMAR
E222	f82r	B2	B2-S017	f82r.27	B2_LOWER_POOL_EDGE_STATIONS	kleine Randstationen des unteren Beckens	rsheal	PROC126	abkühlen · halten · kurz · Zielstelle	HOLD_STATE	HALTEN	STATE	IMAGE_OR_LOCAL_EXEMPLAR	NOT_FIXED_BY_COMMON_OPERATOR_GRAMMAR	NOT_ENCODED_IN_COMMON_OPERATOR_GRAMMAR
E223	f82r	B2	B2-S017	f82r.27	B2_LOWER_POOL_EDGE_STATIONS	kleine Randstationen des unteren Beckens	daldy	PROC127	Zielstelle · Schluss	TARGET_HANDOFF>CLOSE	ZIEL>SCHLUSS	ADDRESS>CLOSE	IMAGE_OR_LOCAL_EXEMPLAR	NOT_FIXED_BY_COMMON_OPERATOR_GRAMMAR	NOT_ENCODED_IN_COMMON_OPERATOR_GRAMMAR
E224	f82r	B2	B2-S018	f82r.27	B2_LOWER_POOL_EDGE_STATIONS	kleine Randstationen des unteren Beckens	qokeedy	PROC100	ansetzen · länger · Schluss	HOLD_STATE>CLOSE	HALTEN>SCHLUSS	STATE>CLOSE	IMAGE_OR_LOCAL_EXEMPLAR	NOT_FIXED_BY_COMMON_OPERATOR_GRAMMAR	NOT_ENCODED_IN_COMMON_OPERATOR_GRAMMAR
E225	f82r	B2	B2-S019	f82r.27	B2_LOWER_POOL_EDGE_STATIONS	kleine Randstationen des unteren Beckens	rshedy	PROC128	abkühlen · absetzen · Schluss	HOLD_STATE>CLOSE	HALTEN>SCHLUSS	STATE>CLOSE	IMAGE_OR_LOCAL_EXEMPLAR	NOT_FIXED_BY_COMMON_OPERATOR_GRAMMAR	NOT_ENCODED_IN_COMMON_OPERATOR_GRAMMAR
E226	f82r	B2	B2-S020	f82r.27	B2_LOWER_POOL_EDGE_STATIONS	kleine Randstationen des unteren Beckens	qoteedy	PROC129	danach · länger · Schluss	HOLD_STATE>CLOSE	HALTEN>SCHLUSS	STATE>CLOSE	IMAGE_OR_LOCAL_EXEMPLAR	NOT_FIXED_BY_COMMON_OPERATOR_GRAMMAR	NOT_ENCODED_IN_COMMON_OPERATOR_GRAMMAR
E227	f82r	B2	B2-S021	f82r.27	B2_LOWER_POOL_EDGE_STATIONS	kleine Randstationen des unteren Beckens	qokeedy	PROC100	ansetzen · länger · Schluss	HOLD_STATE>CLOSE	HALTEN>SCHLUSS	STATE>CLOSE	IMAGE_OR_LOCAL_EXEMPLAR	NOT_FIXED_BY_COMMON_OPERATOR_GRAMMAR	NOT_ENCODED_IN_COMMON_OPERATOR_GRAMMAR
E228	f82r	B2	B2-S022	f82r.27	B2_LOWER_POOL_EDGE_STATIONS	kleine Randstationen des unteren Beckens	lochedy	PROC130	führen · Arbeitsgang · umsetzen · Schluss	MOVE_PASS>CLOSE	FÜHREN>SCHLUSS	PROCESS>CLOSE	IMAGE_OR_LOCAL_EXEMPLAR	NOT_FIXED_BY_COMMON_OPERATOR_GRAMMAR	NOT_ENCODED_IN_COMMON_OPERATOR_GRAMMAR
E229	f83r	B3	B3-S001	f83r.3	B3_UPPER_MARGIN_OPEN_FAN_STATION	obere offene Fächerstation am Rand	olkeedy	PROC098	auffangen · länger · Schluss	HOLD_STATE>CLOSE	HALTEN>SCHLUSS	STATE>CLOSE	IMAGE_OR_LOCAL_EXEMPLAR	NOT_FIXED_BY_COMMON_OPERATOR_GRAMMAR	NOT_ENCODED_IN_COMMON_OPERATOR_GRAMMAR
E230	f83r	B3	B3-S002	f83r.3	B3_UPPER_MARGIN_OPEN_FAN_STATION	obere offene Fächerstation am Rand	qotal	PROC131	danach · Zielstelle	TARGET_HANDOFF	ZIEL	ADDRESS	IMAGE_OR_LOCAL_EXEMPLAR	NOT_FIXED_BY_COMMON_OPERATOR_GRAMMAR	NOT_ENCODED_IN_COMMON_OPERATOR_GRAMMAR
E231	f83r	B3	B3-S002	f83r.3	B3_UPPER_MARGIN_OPEN_FAN_STATION	obere offene Fächerstation am Rand	chkeedy	PROC132	wärmen · länger · Schluss	HOLD_STATE>CLOSE	HALTEN>SCHLUSS	STATE>CLOSE	IMAGE_OR_LOCAL_EXEMPLAR	NOT_FIXED_BY_COMMON_OPERATOR_GRAMMAR	NOT_ENCODED_IN_COMMON_OPERATOR_GRAMMAR
E232	f83r	B3	B3-S003	f83r.3	B3_UPPER_MARGIN_OPEN_FAN_STATION	obere offene Fächerstation am Rand	chey	PROC019	dies	CONTINUE_USE	FORTSETZEN	REFERENCE	IMAGE_OR_LOCAL_EXEMPLAR	NOT_FIXED_BY_COMMON_OPERATOR_GRAMMAR	NOT_ENCODED_IN_COMMON_OPERATOR_GRAMMAR
E233	f83r	B3	B3-S003	f83r.3	B3_UPPER_MARGIN_OPEN_FAN_STATION	obere offene Fächerstation am Rand	daiin	PROC009	Maß	METER_CHECK	MASS	ADDRESS	IMAGE_OR_LOCAL_EXEMPLAR	NOT_FIXED_BY_COMMON_OPERATOR_GRAMMAR	NOT_ENCODED_IN_COMMON_OPERATOR_GRAMMAR
E234	f83r	B3	B3-S003	f83r.3	B3_UPPER_MARGIN_OPEN_FAN_STATION	obere offene Fächerstation am Rand	chey	PROC019	dies	CONTINUE_USE	FORTSETZEN	REFERENCE	IMAGE_OR_LOCAL_EXEMPLAR	NOT_FIXED_BY_COMMON_OPERATOR_GRAMMAR	NOT_ENCODED_IN_COMMON_OPERATOR_GRAMMAR
E235	f83r	B3	B3-S003	f83r.3	B3_UPPER_MARGIN_OPEN_FAN_STATION	obere offene Fächerstation am Rand	lchedy	PROC120	führen · umsetzen · Schluss	MOVE_PASS>CLOSE	FÜHREN>SCHLUSS	PROCESS>CLOSE	IMAGE_OR_LOCAL_EXEMPLAR	NOT_FIXED_BY_COMMON_OPERATOR_GRAMMAR	NOT_ENCODED_IN_COMMON_OPERATOR_GRAMMAR
E236	f83r	B3	B3-S004	f83r.3	B3_UPPER_MARGIN_OPEN_FAN_STATION	obere offene Fächerstation am Rand	qokaiin	PROC038	ansetzen · Maß	METER_CHECK	MASS	ADDRESS	IMAGE_OR_LOCAL_EXEMPLAR	NOT_FIXED_BY_COMMON_OPERATOR_GRAMMAR	NOT_ENCODED_IN_COMMON_OPERATOR_GRAMMAR
E237	f83r	B3	B3-S004	f83r.3	B3_UPPER_MARGIN_OPEN_FAN_STATION	obere offene Fächerstation am Rand	qotal	PROC131	danach · Zielstelle	TARGET_HANDOFF	ZIEL	ADDRESS	IMAGE_OR_LOCAL_EXEMPLAR	NOT_FIXED_BY_COMMON_OPERATOR_GRAMMAR	NOT_ENCODED_IN_COMMON_OPERATOR_GRAMMAR
E238	f83r	B3	B3-S004	f83r.3	B3_UPPER_MARGIN_OPEN_FAN_STATION	obere offene Fächerstation am Rand	dar	PROC003	von dort	SOURCE_DRAW	QUELLE	ADDRESS	IMAGE_OR_LOCAL_EXEMPLAR	NOT_FIXED_BY_COMMON_OPERATOR_GRAMMAR	NOT_ENCODED_IN_COMMON_OPERATOR_GRAMMAR
E239	f83r	B3	B3-S005	f83r.6	B3_MIDDLE_MARGIN_ROUND_VESSEL_STATION	mittlere Randfigur im runden Gefäß	schedy	PROC076	umsetzen · Schluss	MOVE_PASS>CLOSE	FÜHREN>SCHLUSS	PROCESS>CLOSE	IMAGE_OR_LOCAL_EXEMPLAR	NOT_FIXED_BY_COMMON_OPERATOR_GRAMMAR	NOT_ENCODED_IN_COMMON_OPERATOR_GRAMMAR
E240	f83r	B3	B3-S006	f83r.6	B3_MIDDLE_MARGIN_ROUND_VESSEL_STATION	mittlere Randfigur im runden Gefäß	chedchy	PROC133	umsetzen · dies	MOVE_PASS	FÜHREN	PROCESS	IMAGE_OR_LOCAL_EXEMPLAR	NOT_FIXED_BY_COMMON_OPERATOR_GRAMMAR	NOT_ENCODED_IN_COMMON_OPERATOR_GRAMMAR
E241	f83r	B3	B3-S006	f83r.6	B3_MIDDLE_MARGIN_ROUND_VESSEL_STATION	mittlere Randfigur im runden Gefäß	qokal	PROC048	ansetzen · Zielstelle	TARGET_HANDOFF	ZIEL	ADDRESS	IMAGE_OR_LOCAL_EXEMPLAR	NOT_FIXED_BY_COMMON_OPERATOR_GRAMMAR	NOT_ENCODED_IN_COMMON_OPERATOR_GRAMMAR
E242	f83r	B3	B3-S006	f83r.6	B3_MIDDLE_MARGIN_ROUND_VESSEL_STATION	mittlere Randfigur im runden Gefäß	olchedy	PROC079	fortsetzen · umsetzen · Schluss	MOVE_PASS>CLOSE	FÜHREN>SCHLUSS	PROCESS>CLOSE	IMAGE_OR_LOCAL_EXEMPLAR	NOT_FIXED_BY_COMMON_OPERATOR_GRAMMAR	NOT_ENCODED_IN_COMMON_OPERATOR_GRAMMAR
E243	f83r	B3	B3-S007	f83r.6	B3_MIDDLE_MARGIN_ROUND_VESSEL_STATION	mittlere Randfigur im runden Gefäß	qokaiin	PROC038	ansetzen · Maß	METER_CHECK	MASS	ADDRESS	IMAGE_OR_LOCAL_EXEMPLAR	NOT_FIXED_BY_COMMON_OPERATOR_GRAMMAR	NOT_ENCODED_IN_COMMON_OPERATOR_GRAMMAR
E244	f83r	B3	B3-S007	f83r.6	B3_MIDDLE_MARGIN_ROUND_VESSEL_STATION	mittlere Randfigur im runden Gefäß	chedy	PROC042	umsetzen · dies	MOVE_PASS	FÜHREN	PROCESS	IMAGE_OR_LOCAL_EXEMPLAR	NOT_FIXED_BY_COMMON_OPERATOR_GRAMMAR	NOT_ENCODED_IN_COMMON_OPERATOR_GRAMMAR
E245	f83r	B3	B3-S007	f83r.6	B3_MIDDLE_MARGIN_ROUND_VESSEL_STATION	mittlere Randfigur im runden Gefäß	qokeedy	PROC100	ansetzen · länger · Schluss	HOLD_STATE>CLOSE	HALTEN>SCHLUSS	STATE>CLOSE	IMAGE_OR_LOCAL_EXEMPLAR	NOT_FIXED_BY_COMMON_OPERATOR_GRAMMAR	NOT_ENCODED_IN_COMMON_OPERATOR_GRAMMAR
E246	f83r	B3	B3-S008	f83r.6	B3_MIDDLE_MARGIN_ROUND_VESSEL_STATION	mittlere Randfigur im runden Gefäß	lchedy	PROC120	führen · umsetzen · Schluss	MOVE_PASS>CLOSE	FÜHREN>SCHLUSS	PROCESS>CLOSE	IMAGE_OR_LOCAL_EXEMPLAR	NOT_FIXED_BY_COMMON_OPERATOR_GRAMMAR	NOT_ENCODED_IN_COMMON_OPERATOR_GRAMMAR
E247	f83r	B3	B3-S009	f83r.6	B3_MIDDLE_MARGIN_ROUND_VESSEL_STATION	mittlere Randfigur im runden Gefäß	qoky	PROC008	ansetzen · dies	ACTIVATE_CHARGE	ANSETZEN	REFERENCE	IMAGE_OR_LOCAL_EXEMPLAR	NOT_FIXED_BY_COMMON_OPERATOR_GRAMMAR	NOT_ENCODED_IN_COMMON_OPERATOR_GRAMMAR
E248	f83r	B3	B3-S010	f83r.8	B3_LOWER_MARGIN_BASKET_VESSEL_STATION	untere Randfigur im korbartigen Gefäß	pchedal	PROC134	hinein · umsetzen · Zielstelle	TARGET_HANDOFF	ZIEL	ADDRESS	IMAGE_OR_LOCAL_EXEMPLAR	NOT_FIXED_BY_COMMON_OPERATOR_GRAMMAR	NOT_ENCODED_IN_COMMON_OPERATOR_GRAMMAR
E249	f83r	B3	B3-S010	f83r.8	B3_LOWER_MARGIN_BASKET_VESSEL_STATION	untere Randfigur im korbartigen Gefäß	otedy	PROC135	danach · kurz · Schluss	HOLD_STATE>CLOSE	HALTEN>SCHLUSS	STATE>CLOSE	IMAGE_OR_LOCAL_EXEMPLAR	NOT_FIXED_BY_COMMON_OPERATOR_GRAMMAR	NOT_ENCODED_IN_COMMON_OPERATOR_GRAMMAR
E250	f83r	B3	B3-S011	f83r.8	B3_LOWER_MARGIN_BASKET_VESSEL_STATION	untere Randfigur im korbartigen Gefäß	shecthedchy	PROC136	halten · kurz · bereit · umsetzen · dies	HOLD_STATE	HALTEN	STATE	IMAGE_OR_LOCAL_EXEMPLAR	NOT_FIXED_BY_COMMON_OPERATOR_GRAMMAR	NOT_ENCODED_IN_COMMON_OPERATOR_GRAMMAR
E251	f83r	B3	B3-S011	f83r.8	B3_LOWER_MARGIN_BASKET_VESSEL_STATION	untere Randfigur im korbartigen Gefäß	qoky	PROC008	ansetzen · dies	ACTIVATE_CHARGE	ANSETZEN	REFERENCE	IMAGE_OR_LOCAL_EXEMPLAR	NOT_FIXED_BY_COMMON_OPERATOR_GRAMMAR	NOT_ENCODED_IN_COMMON_OPERATOR_GRAMMAR
E252	f83r	B3	B3-S011	f83r.8	B3_LOWER_MARGIN_BASKET_VESSEL_STATION	untere Randfigur im korbartigen Gefäß	chedy	PROC042	umsetzen · dies	MOVE_PASS	FÜHREN	PROCESS	IMAGE_OR_LOCAL_EXEMPLAR	NOT_FIXED_BY_COMMON_OPERATOR_GRAMMAR	NOT_ENCODED_IN_COMMON_OPERATOR_GRAMMAR
E253	f83r	B3	B3-S011	f83r.8	B3_LOWER_MARGIN_BASKET_VESSEL_STATION	untere Randfigur im korbartigen Gefäß	chary	PROC137	von dort · dies	SOURCE_DRAW	QUELLE	ADDRESS	IMAGE_OR_LOCAL_EXEMPLAR	NOT_FIXED_BY_COMMON_OPERATOR_GRAMMAR	NOT_ENCODED_IN_COMMON_OPERATOR_GRAMMAR
E254	f83r	B3	B3-S012	f83r.11	B3_LOWER_MARGIN_BASKET_VESSEL_STATION	untere Randfigur im korbartigen Gefäß	sor	PROC016	Ansatz	ACTIVATE_CHARGE	ANSETZEN	REFERENCE	IMAGE_OR_LOCAL_EXEMPLAR	NOT_FIXED_BY_COMMON_OPERATOR_GRAMMAR	NOT_ENCODED_IN_COMMON_OPERATOR_GRAMMAR
E255	f83r	B3	B3-S012	f83r.11	B3_LOWER_MARGIN_BASKET_VESSEL_STATION	untere Randfigur im korbartigen Gefäß	shedy	PROC078	absetzen · Schluss	HOLD_STATE>CLOSE	HALTEN>SCHLUSS	STATE>CLOSE	IMAGE_OR_LOCAL_EXEMPLAR	NOT_FIXED_BY_COMMON_OPERATOR_GRAMMAR	NOT_ENCODED_IN_COMMON_OPERATOR_GRAMMAR
E256	f83r	B3	B3-S013	f83r.11	B3_LOWER_MARGIN_BASKET_VESSEL_STATION	untere Randfigur im korbartigen Gefäß	qokaiin	PROC038	ansetzen · Maß	METER_CHECK	MASS	ADDRESS	IMAGE_OR_LOCAL_EXEMPLAR	NOT_FIXED_BY_COMMON_OPERATOR_GRAMMAR	NOT_ENCODED_IN_COMMON_OPERATOR_GRAMMAR
E257	f83r	B3	B3-S013	f83r.11	B3_LOWER_MARGIN_BASKET_VESSEL_STATION	untere Randfigur im korbartigen Gefäß	chkain	PROC069	zuführen · Portion	ACTIVATE_CHARGE	ANSETZEN	REFERENCE	IMAGE_OR_LOCAL_EXEMPLAR	NOT_FIXED_BY_COMMON_OPERATOR_GRAMMAR	NOT_ENCODED_IN_COMMON_OPERATOR_GRAMMAR
E258	f83r	B3	B3-S013	f83r.11	B3_LOWER_MARGIN_BASKET_VESSEL_STATION	untere Randfigur im korbartigen Gefäß	shcthey	PROC117	bereit · kurz · dies	ACTIVATE_CHARGE	ANSETZEN	REFERENCE	IMAGE_OR_LOCAL_EXEMPLAR	NOT_FIXED_BY_COMMON_OPERATOR_GRAMMAR	NOT_ENCODED_IN_COMMON_OPERATOR_GRAMMAR
E259	f83r	B3	B3-S013	f83r.11	B3_LOWER_MARGIN_BASKET_VESSEL_STATION	untere Randfigur im korbartigen Gefäß	qokedy	PROC067	ansetzen · kurz · Schluss	HOLD_STATE>CLOSE	HALTEN>SCHLUSS	STATE>CLOSE	IMAGE_OR_LOCAL_EXEMPLAR	NOT_FIXED_BY_COMMON_OPERATOR_GRAMMAR	NOT_ENCODED_IN_COMMON_OPERATOR_GRAMMAR
E260	f83r	B3	B3-S014	f83r.11	B3_LOWER_MARGIN_BASKET_VESSEL_STATION	untere Randfigur im korbartigen Gefäß	okair	PROC138	ansetzen · Lauf	MOVE_PASS	FÜHREN	PROCESS	IMAGE_OR_LOCAL_EXEMPLAR	NOT_FIXED_BY_COMMON_OPERATOR_GRAMMAR	NOT_ENCODED_IN_COMMON_OPERATOR_GRAMMAR
E261	f83r	B3	B3-S014	f83r.11	B3_LOWER_MARGIN_BASKET_VESSEL_STATION	untere Randfigur im korbartigen Gefäß	sheedy	PROC139	halten · länger · Schluss	HOLD_STATE>CLOSE	HALTEN>SCHLUSS	STATE>CLOSE	IMAGE_OR_LOCAL_EXEMPLAR	NOT_FIXED_BY_COMMON_OPERATOR_GRAMMAR	NOT_ENCODED_IN_COMMON_OPERATOR_GRAMMAR
E262	f83r	B3	B3-S015	f83r.11	B3_LOWER_MARGIN_BASKET_VESSEL_STATION	untere Randfigur im korbartigen Gefäß	lchedy	PROC120	führen · umsetzen · Schluss	MOVE_PASS>CLOSE	FÜHREN>SCHLUSS	PROCESS>CLOSE	IMAGE_OR_LOCAL_EXEMPLAR	NOT_FIXED_BY_COMMON_OPERATOR_GRAMMAR	NOT_ENCODED_IN_COMMON_OPERATOR_GRAMMAR
E263	f83r	B3	B3-S016	f83r.11	B3_LOWER_MARGIN_BASKET_VESSEL_STATION	untere Randfigur im korbartigen Gefäß	lo	PROC140	führen · Arbeitsgang	MOVE_PASS	FÜHREN	PROCESS	IMAGE_OR_LOCAL_EXEMPLAR	NOT_FIXED_BY_COMMON_OPERATOR_GRAMMAR	NOT_ENCODED_IN_COMMON_OPERATOR_GRAMMAR
E264	f83r	B3	B3-S016	f83r.14	B3_MARGIN_TO_MAIN_GAP_UNRESOLVED	unverbundener Zwischenbereich	qokchedy	PROC091	ansetzen · umsetzen · Schluss	ACTIVATE_CHARGE>CLOSE	ANSETZEN>SCHLUSS	REFERENCE>CLOSE	IMAGE_OR_LOCAL_EXEMPLAR	NOT_FIXED_BY_COMMON_OPERATOR_GRAMMAR	NOT_ENCODED_IN_COMMON_OPERATOR_GRAMMAR
E265	f83r	B3	B3-S017	f83r.14	B3_MARGIN_TO_MAIN_GAP_UNRESOLVED	unverbundener Zwischenbereich	qokeedy	PROC100	ansetzen · länger · Schluss	HOLD_STATE>CLOSE	HALTEN>SCHLUSS	STATE>CLOSE	IMAGE_OR_LOCAL_EXEMPLAR	NOT_FIXED_BY_COMMON_OPERATOR_GRAMMAR	NOT_ENCODED_IN_COMMON_OPERATOR_GRAMMAR
E266	f83r	B3	B3-S018	f83r.14	B3_MARGIN_TO_MAIN_GAP_UNRESOLVED	unverbundener Zwischenbereich	shedy	PROC078	absetzen · Schluss	HOLD_STATE>CLOSE	HALTEN>SCHLUSS	STATE>CLOSE	IMAGE_OR_LOCAL_EXEMPLAR	NOT_FIXED_BY_COMMON_OPERATOR_GRAMMAR	NOT_ENCODED_IN_COMMON_OPERATOR_GRAMMAR
E267	f83r	B3	B3-S019	f83r.14	B3_MARGIN_TO_MAIN_GAP_UNRESOLVED	unverbundener Zwischenbereich	qokshedy	PROC141	ansetzen · halten · kurz · Schluss	HOLD_STATE>CLOSE	HALTEN>SCHLUSS	STATE>CLOSE	IMAGE_OR_LOCAL_EXEMPLAR	NOT_FIXED_BY_COMMON_OPERATOR_GRAMMAR	NOT_ENCODED_IN_COMMON_OPERATOR_GRAMMAR
E268	f83r	B3	B3-S020	f83r.14	B3_MARGIN_TO_MAIN_GAP_UNRESOLVED	unverbundener Zwischenbereich	dal	PROC055	Zielstelle	TARGET_HANDOFF	ZIEL	ADDRESS	IMAGE_OR_LOCAL_EXEMPLAR	NOT_FIXED_BY_COMMON_OPERATOR_GRAMMAR	NOT_ENCODED_IN_COMMON_OPERATOR_GRAMMAR
E269	f83r	B3	B3-S020	f83r.14	B3_MARGIN_TO_MAIN_GAP_UNRESOLVED	unverbundener Zwischenbereich	lchedy	PROC120	führen · umsetzen · Schluss	MOVE_PASS>CLOSE	FÜHREN>SCHLUSS	PROCESS>CLOSE	IMAGE_OR_LOCAL_EXEMPLAR	NOT_FIXED_BY_COMMON_OPERATOR_GRAMMAR	NOT_ENCODED_IN_COMMON_OPERATOR_GRAMMAR
E270	f83r	B3	B3-S021	f83r.14	B3_MARGIN_TO_MAIN_GAP_UNRESOLVED	unverbundener Zwischenbereich	qokaiin	PROC038	ansetzen · Maß	METER_CHECK	MASS	ADDRESS	IMAGE_OR_LOCAL_EXEMPLAR	NOT_FIXED_BY_COMMON_OPERATOR_GRAMMAR	NOT_ENCODED_IN_COMMON_OPERATOR_GRAMMAR
E271	f83r	B3	B3-S021	f83r.14	B3_MARGIN_TO_MAIN_GAP_UNRESOLVED	unverbundener Zwischenbereich	shcthy	PROC014	bereit · dies	HOLD_STATE	HALTEN	STATE	IMAGE_OR_LOCAL_EXEMPLAR	NOT_FIXED_BY_COMMON_OPERATOR_GRAMMAR	NOT_ENCODED_IN_COMMON_OPERATOR_GRAMMAR
E272	f83r	B3	B3-S021	f83r.14	B3_MARGIN_TO_MAIN_GAP_UNRESOLVED	unverbundener Zwischenbereich	dal	PROC055	Zielstelle	TARGET_HANDOFF	ZIEL	ADDRESS	IMAGE_OR_LOCAL_EXEMPLAR	NOT_FIXED_BY_COMMON_OPERATOR_GRAMMAR	NOT_ENCODED_IN_COMMON_OPERATOR_GRAMMAR
E273	f83r	B3	B3-S021	f83r.14	B3_MARGIN_TO_MAIN_GAP_UNRESOLVED	unverbundener Zwischenbereich	sy	PROC019	dies	CONTINUE_USE	FORTSETZEN	REFERENCE	IMAGE_OR_LOCAL_EXEMPLAR	NOT_FIXED_BY_COMMON_OPERATOR_GRAMMAR	NOT_ENCODED_IN_COMMON_OPERATOR_GRAMMAR
E274	f83r	B3	B3-S021	f83r.15	B3_MARGIN_TO_MAIN_GAP_UNRESOLVED	unverbundener Zwischenbereich	saiin	PROC009	Maß	METER_CHECK	MASS	ADDRESS	IMAGE_OR_LOCAL_EXEMPLAR	NOT_FIXED_BY_COMMON_OPERATOR_GRAMMAR	NOT_ENCODED_IN_COMMON_OPERATOR_GRAMMAR
E275	f83r	B3	B3-S021	f83r.15	B3_MARGIN_TO_MAIN_GAP_UNRESOLVED	unverbundener Zwischenbereich	shedal	PROC142	absetzen · Zielstelle	HOLD_STATE	HALTEN	STATE	IMAGE_OR_LOCAL_EXEMPLAR	NOT_FIXED_BY_COMMON_OPERATOR_GRAMMAR	NOT_ENCODED_IN_COMMON_OPERATOR_GRAMMAR
E276	f83r	B3	B3-S021	f83r.15	B3_MARGIN_TO_MAIN_GAP_UNRESOLVED	unverbundener Zwischenbereich	shecthy	PROC143	halten · kurz · bereit · dies	HOLD_STATE	HALTEN	STATE	IMAGE_OR_LOCAL_EXEMPLAR	NOT_FIXED_BY_COMMON_OPERATOR_GRAMMAR	NOT_ENCODED_IN_COMMON_OPERATOR_GRAMMAR
E277	f83r	B3	B3-S021	f83r.15	B3_MARGIN_TO_MAIN_GAP_UNRESOLVED	unverbundener Zwischenbereich	chey	PROC019	dies	CONTINUE_USE	FORTSETZEN	REFERENCE	IMAGE_OR_LOCAL_EXEMPLAR	NOT_FIXED_BY_COMMON_OPERATOR_GRAMMAR	NOT_ENCODED_IN_COMMON_OPERATOR_GRAMMAR
E278	f83r	B3	B3-S021	f83r.15	B3_MARGIN_TO_MAIN_GAP_UNRESOLVED	unverbundener Zwischenbereich	tal	PROC055	Zielstelle	TARGET_HANDOFF	ZIEL	ADDRESS	IMAGE_OR_LOCAL_EXEMPLAR	NOT_FIXED_BY_COMMON_OPERATOR_GRAMMAR	NOT_ENCODED_IN_COMMON_OPERATOR_GRAMMAR
E279	f83r	B3	B3-S021	f83r.15	B3_MARGIN_TO_MAIN_GAP_UNRESOLVED	unverbundener Zwischenbereich	shcthy	PROC014	bereit · dies	HOLD_STATE	HALTEN	STATE	IMAGE_OR_LOCAL_EXEMPLAR	NOT_FIXED_BY_COMMON_OPERATOR_GRAMMAR	NOT_ENCODED_IN_COMMON_OPERATOR_GRAMMAR
E280	f83r	B3	B3-S021	f83r.15	B3_MARGIN_TO_MAIN_GAP_UNRESOLVED	unverbundener Zwischenbereich	dalchdy	PROC144	Zielstelle · umsetzen · Schluss	TARGET_HANDOFF>CLOSE	ZIEL>SCHLUSS	ADDRESS>CLOSE	IMAGE_OR_LOCAL_EXEMPLAR	NOT_FIXED_BY_COMMON_OPERATOR_GRAMMAR	NOT_ENCODED_IN_COMMON_OPERATOR_GRAMMAR
E281	f83r	B3	B3-S022	f83r.15	B3_MARGIN_TO_MAIN_GAP_UNRESOLVED	unverbundener Zwischenbereich	qotchedy	PROC145	danach · umsetzen · Schluss	MOVE_PASS>CLOSE	FÜHREN>SCHLUSS	PROCESS>CLOSE	IMAGE_OR_LOCAL_EXEMPLAR	NOT_FIXED_BY_COMMON_OPERATOR_GRAMMAR	NOT_ENCODED_IN_COMMON_OPERATOR_GRAMMAR
E282	f83r	B3	B3-S023	f83r.15	B3_MARGIN_TO_MAIN_GAP_UNRESOLVED	unverbundener Zwischenbereich	lchedy	PROC120	führen · umsetzen · Schluss	MOVE_PASS>CLOSE	FÜHREN>SCHLUSS	PROCESS>CLOSE	IMAGE_OR_LOCAL_EXEMPLAR	NOT_FIXED_BY_COMMON_OPERATOR_GRAMMAR	NOT_ENCODED_IN_COMMON_OPERATOR_GRAMMAR
E283	f83r	B3	B3-S024	f83r.16	B3_MARGIN_TO_MAIN_GAP_UNRESOLVED	unverbundener Zwischenbereich	tchedy	PROC076	umsetzen · Schluss	MOVE_PASS>CLOSE	FÜHREN>SCHLUSS	PROCESS>CLOSE	IMAGE_OR_LOCAL_EXEMPLAR	NOT_FIXED_BY_COMMON_OPERATOR_GRAMMAR	NOT_ENCODED_IN_COMMON_OPERATOR_GRAMMAR
E284	f83r	B3	B3-S025	f83r.16	B3_MARGIN_TO_MAIN_GAP_UNRESOLVED	unverbundener Zwischenbereich	qokchdy	PROC082	ansetzen · umsetzen · Schluss	ACTIVATE_CHARGE>CLOSE	ANSETZEN>SCHLUSS	REFERENCE>CLOSE	IMAGE_OR_LOCAL_EXEMPLAR	NOT_FIXED_BY_COMMON_OPERATOR_GRAMMAR	NOT_ENCODED_IN_COMMON_OPERATOR_GRAMMAR
E285	f83r	B3	B3-S026	f83r.16	B3_MARGIN_TO_MAIN_GAP_UNRESOLVED	unverbundener Zwischenbereich	cheedar	PROC146	länger · von dort	HOLD_STATE	HALTEN	STATE	IMAGE_OR_LOCAL_EXEMPLAR	NOT_FIXED_BY_COMMON_OPERATOR_GRAMMAR	NOT_ENCODED_IN_COMMON_OPERATOR_GRAMMAR
E286	f83r	B3	B3-S026	f83r.16	B3_MARGIN_TO_MAIN_GAP_UNRESOLVED	unverbundener Zwischenbereich	chldaiin	PROC147	führen · Maß	METER_CHECK	MASS	ADDRESS	IMAGE_OR_LOCAL_EXEMPLAR	NOT_FIXED_BY_COMMON_OPERATOR_GRAMMAR	NOT_ENCODED_IN_COMMON_OPERATOR_GRAMMAR
E287	f83r	B3	B3-S026	f83r.16	B3_MARGIN_TO_MAIN_GAP_UNRESOLVED	unverbundener Zwischenbereich	chedy	PROC042	umsetzen · dies	MOVE_PASS	FÜHREN	PROCESS	IMAGE_OR_LOCAL_EXEMPLAR	NOT_FIXED_BY_COMMON_OPERATOR_GRAMMAR	NOT_ENCODED_IN_COMMON_OPERATOR_GRAMMAR
E288	f83r	B3	B3-S026	f83r.16	B3_MARGIN_TO_MAIN_GAP_UNRESOLVED	unverbundener Zwischenbereich	qokain	PROC080	ansetzen · Portion	ACTIVATE_CHARGE	ANSETZEN	REFERENCE	IMAGE_OR_LOCAL_EXEMPLAR	NOT_FIXED_BY_COMMON_OPERATOR_GRAMMAR	NOT_ENCODED_IN_COMMON_OPERATOR_GRAMMAR
E289	f83r	B3	B3-S026	f83r.16	B3_MARGIN_TO_MAIN_GAP_UNRESOLVED	unverbundener Zwischenbereich	checthy	PROC014	bereit · dies	HOLD_STATE	HALTEN	STATE	IMAGE_OR_LOCAL_EXEMPLAR	NOT_FIXED_BY_COMMON_OPERATOR_GRAMMAR	NOT_ENCODED_IN_COMMON_OPERATOR_GRAMMAR
E290	f83r	B3	B3-S026	f83r.16	B3_MARGIN_TO_MAIN_GAP_UNRESOLVED	unverbundener Zwischenbereich	chealror	PROC148	Zielstelle · abkühlen · Ansatz	ACTIVATE_CHARGE	ANSETZEN	REFERENCE	IMAGE_OR_LOCAL_EXEMPLAR	NOT_FIXED_BY_COMMON_OPERATOR_GRAMMAR	NOT_ENCODED_IN_COMMON_OPERATOR_GRAMMAR
E291	f83r	B3	B3-S026	f83r.20	B3_MAIN_ARCH_LINKED_PAIR	sichtbares Figurenpaar mit gemeinsamem Bogen in B3	solkeedy	PROC098	auffangen · länger · Schluss	HOLD_STATE>CLOSE	HALTEN>SCHLUSS	STATE>CLOSE	IMAGE_OR_LOCAL_EXEMPLAR	NOT_FIXED_BY_COMMON_OPERATOR_GRAMMAR	NOT_ENCODED_IN_COMMON_OPERATOR_GRAMMAR
E292	f83r	B3	B3-S027	f83r.20	B3_MAIN_ARCH_LINKED_PAIR	sichtbares Figurenpaar mit gemeinsamem Bogen in B3	qoteedy	PROC129	danach · länger · Schluss	HOLD_STATE>CLOSE	HALTEN>SCHLUSS	STATE>CLOSE	IMAGE_OR_LOCAL_EXEMPLAR	NOT_FIXED_BY_COMMON_OPERATOR_GRAMMAR	NOT_ENCODED_IN_COMMON_OPERATOR_GRAMMAR
E293	f83r	B3	B3-S028	f83r.20	B3_MAIN_ARCH_LINKED_PAIR	sichtbares Figurenpaar mit gemeinsamem Bogen in B3	qokeey	PROC092	ansetzen · länger · dies	HOLD_STATE	HALTEN	STATE	IMAGE_OR_LOCAL_EXEMPLAR	NOT_FIXED_BY_COMMON_OPERATOR_GRAMMAR	NOT_ENCODED_IN_COMMON_OPERATOR_GRAMMAR
E294	f83r	B3	B3-S028	f83r.20	B3_MAIN_ARCH_LINKED_PAIR	sichtbares Figurenpaar mit gemeinsamem Bogen in B3	qokedy	PROC067	ansetzen · kurz · Schluss	HOLD_STATE>CLOSE	HALTEN>SCHLUSS	STATE>CLOSE	IMAGE_OR_LOCAL_EXEMPLAR	NOT_FIXED_BY_COMMON_OPERATOR_GRAMMAR	NOT_ENCODED_IN_COMMON_OPERATOR_GRAMMAR
E295	f83r	B3	B3-S029	f83r.20	B3_MAIN_ARCH_LINKED_PAIR	sichtbares Figurenpaar mit gemeinsamem Bogen in B3	sol	PROC013	fortsetzen	CONTINUE_USE	FORTSETZEN	REFERENCE	IMAGE_OR_LOCAL_EXEMPLAR	NOT_FIXED_BY_COMMON_OPERATOR_GRAMMAR	NOT_ENCODED_IN_COMMON_OPERATOR_GRAMMAR
E296	f83r	B3	B3-S029	f83r.20	B3_MAIN_ARCH_LINKED_PAIR	sichtbares Figurenpaar mit gemeinsamem Bogen in B3	cheeety	PROC149	vollständig · eintragen · dies	HOLD_STATE	HALTEN	STATE	IMAGE_OR_LOCAL_EXEMPLAR	NOT_FIXED_BY_COMMON_OPERATOR_GRAMMAR	NOT_ENCODED_IN_COMMON_OPERATOR_GRAMMAR
E297	f83r	B3	B3-S029	f83r.20	B3_MAIN_ARCH_LINKED_PAIR	sichtbares Figurenpaar mit gemeinsamem Bogen in B3	qokedy	PROC067	ansetzen · kurz · Schluss	HOLD_STATE>CLOSE	HALTEN>SCHLUSS	STATE>CLOSE	IMAGE_OR_LOCAL_EXEMPLAR	NOT_FIXED_BY_COMMON_OPERATOR_GRAMMAR	NOT_ENCODED_IN_COMMON_OPERATOR_GRAMMAR
E298	f83r	B3	B3-S030	f83r.20	B3_MAIN_ARCH_LINKED_PAIR	sichtbares Figurenpaar mit gemeinsamem Bogen in B3	qoky	PROC008	ansetzen · dies	ACTIVATE_CHARGE	ANSETZEN	REFERENCE	IMAGE_OR_LOCAL_EXEMPLAR	NOT_FIXED_BY_COMMON_OPERATOR_GRAMMAR	NOT_ENCODED_IN_COMMON_OPERATOR_GRAMMAR
E299	f83r	B3	B3-S030	f83r.20	B3_MAIN_ARCH_LINKED_PAIR	sichtbares Figurenpaar mit gemeinsamem Bogen in B3	saiin	PROC009	Maß	METER_CHECK	MASS	ADDRESS	IMAGE_OR_LOCAL_EXEMPLAR	NOT_FIXED_BY_COMMON_OPERATOR_GRAMMAR	NOT_ENCODED_IN_COMMON_OPERATOR_GRAMMAR
E300	f83r	B3	B3-S030	f83r.22	B3_MAIN_ARCH_LINKED_PAIR	sichtbares Figurenpaar mit gemeinsamem Bogen in B3	schedair	PROC150	umsetzen · Lauf	MOVE_PASS	FÜHREN	PROCESS	IMAGE_OR_LOCAL_EXEMPLAR	NOT_FIXED_BY_COMMON_OPERATOR_GRAMMAR	NOT_ENCODED_IN_COMMON_OPERATOR_GRAMMAR
E301	f83r	B3	B3-S030	f83r.22	B3_MAIN_ARCH_LINKED_PAIR	sichtbares Figurenpaar mit gemeinsamem Bogen in B3	otchedy	PROC145	danach · umsetzen · Schluss	MOVE_PASS>CLOSE	FÜHREN>SCHLUSS	PROCESS>CLOSE	IMAGE_OR_LOCAL_EXEMPLAR	NOT_FIXED_BY_COMMON_OPERATOR_GRAMMAR	NOT_ENCODED_IN_COMMON_OPERATOR_GRAMMAR
E302	f83r	B3	B3-S031	f83r.22	B3_MAIN_ARCH_LINKED_PAIR	sichtbares Figurenpaar mit gemeinsamem Bogen in B3	qokeedy	PROC100	ansetzen · länger · Schluss	HOLD_STATE>CLOSE	HALTEN>SCHLUSS	STATE>CLOSE	IMAGE_OR_LOCAL_EXEMPLAR	NOT_FIXED_BY_COMMON_OPERATOR_GRAMMAR	NOT_ENCODED_IN_COMMON_OPERATOR_GRAMMAR
E303	f83r	B3	B3-S032	f83r.22	B3_MAIN_ARCH_LINKED_PAIR	sichtbares Figurenpaar mit gemeinsamem Bogen in B3	chedain	PROC151	umsetzen · Portion	ACTIVATE_CHARGE	ANSETZEN	REFERENCE	IMAGE_OR_LOCAL_EXEMPLAR	NOT_FIXED_BY_COMMON_OPERATOR_GRAMMAR	NOT_ENCODED_IN_COMMON_OPERATOR_GRAMMAR
E304	f83r	B3	B3-S032	f83r.22	B3_MAIN_ARCH_LINKED_PAIR	sichtbares Figurenpaar mit gemeinsamem Bogen in B3	chedy	PROC042	umsetzen · dies	ACTIVATE_CHARGE	ANSETZEN	REFERENCE	IMAGE_OR_LOCAL_EXEMPLAR	NOT_FIXED_BY_COMMON_OPERATOR_GRAMMAR	NOT_ENCODED_IN_COMMON_OPERATOR_GRAMMAR
E305	f83r	B3	B3-S032	f83r.22	B3_MAIN_ARCH_LINKED_PAIR	sichtbares Figurenpaar mit gemeinsamem Bogen in B3	qotedaiin	PROC152	danach · kurz · Maß	METER_CHECK	MASS	ADDRESS	IMAGE_OR_LOCAL_EXEMPLAR	NOT_FIXED_BY_COMMON_OPERATOR_GRAMMAR	NOT_ENCODED_IN_COMMON_OPERATOR_GRAMMAR
E306	f83r	B3	B3-S032	f83r.22	B3_MAIN_ARCH_LINKED_PAIR	sichtbares Figurenpaar mit gemeinsamem Bogen in B3	otaiin	PROC112	danach · Maß	METER_CHECK	MASS	ADDRESS	IMAGE_OR_LOCAL_EXEMPLAR	NOT_FIXED_BY_COMMON_OPERATOR_GRAMMAR	NOT_ENCODED_IN_COMMON_OPERATOR_GRAMMAR
E307	f83r	B3	B3-S032	f83r.22	B3_MAIN_ARCH_LINKED_PAIR	sichtbares Figurenpaar mit gemeinsamem Bogen in B3	otedy	PROC135	danach · kurz · Schluss	HOLD_STATE>CLOSE	HALTEN>SCHLUSS	STATE>CLOSE	IMAGE_OR_LOCAL_EXEMPLAR	NOT_FIXED_BY_COMMON_OPERATOR_GRAMMAR	NOT_ENCODED_IN_COMMON_OPERATOR_GRAMMAR
E308	f83r	B3	B3-S033	f83r.22	B3_MAIN_ARCH_LINKED_PAIR	sichtbares Figurenpaar mit gemeinsamem Bogen in B3	ldy	PROC108	führen · Schluss	MOVE_PASS>CLOSE	FÜHREN>SCHLUSS	PROCESS>CLOSE	IMAGE_OR_LOCAL_EXEMPLAR	NOT_FIXED_BY_COMMON_OPERATOR_GRAMMAR	NOT_ENCODED_IN_COMMON_OPERATOR_GRAMMAR
E309	f83r	B3	B3-S034	f83r.24	B3_MAIN_ARCH_LINKED_PAIR	sichtbares Figurenpaar mit gemeinsamem Bogen in B3	soiiin	PROC097	Arbeitsgang · Sollstufe	METER_CHECK	MASS	ADDRESS	IMAGE_OR_LOCAL_EXEMPLAR	NOT_FIXED_BY_COMMON_OPERATOR_GRAMMAR	NOT_ENCODED_IN_COMMON_OPERATOR_GRAMMAR
E310	f83r	B3	B3-S034	f83r.24	B3_MAIN_ARCH_LINKED_PAIR	sichtbares Figurenpaar mit gemeinsamem Bogen in B3	checthy	PROC014	bereit · dies	HOLD_STATE	HALTEN	STATE	IMAGE_OR_LOCAL_EXEMPLAR	NOT_FIXED_BY_COMMON_OPERATOR_GRAMMAR	NOT_ENCODED_IN_COMMON_OPERATOR_GRAMMAR
E311	f83r	B3	B3-S034	f83r.24	B3_MAIN_ARCH_LINKED_PAIR	sichtbares Figurenpaar mit gemeinsamem Bogen in B3	chety	PROC004	eintragen · dies	ACTIVATE_CHARGE	ANSETZEN	REFERENCE	IMAGE_OR_LOCAL_EXEMPLAR	NOT_FIXED_BY_COMMON_OPERATOR_GRAMMAR	NOT_ENCODED_IN_COMMON_OPERATOR_GRAMMAR
E312	f83r	B3	B3-S034	f83r.24	B3_MAIN_ARCH_LINKED_PAIR	sichtbares Figurenpaar mit gemeinsamem Bogen in B3	otaiin	PROC112	danach · Maß	METER_CHECK	MASS	ADDRESS	IMAGE_OR_LOCAL_EXEMPLAR	NOT_FIXED_BY_COMMON_OPERATOR_GRAMMAR	NOT_ENCODED_IN_COMMON_OPERATOR_GRAMMAR
E313	f83r	B3	B3-S034	f83r.24	B3_MAIN_ARCH_LINKED_PAIR	sichtbares Figurenpaar mit gemeinsamem Bogen in B3	olsaly	PROC153	fortsetzen · Zielstelle · dies	TARGET_HANDOFF	ZIEL	ADDRESS	IMAGE_OR_LOCAL_EXEMPLAR	NOT_FIXED_BY_COMMON_OPERATOR_GRAMMAR	NOT_ENCODED_IN_COMMON_OPERATOR_GRAMMAR
E314	f83r	B3	B3-S034	f83r.24	B3_MAIN_ARCH_LINKED_PAIR	sichtbares Figurenpaar mit gemeinsamem Bogen in B3	shedy	PROC078	absetzen · Schluss	HOLD_STATE>CLOSE	HALTEN>SCHLUSS	STATE>CLOSE	IMAGE_OR_LOCAL_EXEMPLAR	NOT_FIXED_BY_COMMON_OPERATOR_GRAMMAR	NOT_ENCODED_IN_COMMON_OPERATOR_GRAMMAR
E315	f83r	B4	B4-S001	f83r.25	B4_MAIN_ARCH_LINKED_PAIR	sichtbares Figurenpaar mit gemeinsamem Bogen in B4	qokeedy	PROC100	ansetzen · länger · Schluss	HOLD_STATE>CLOSE	HALTEN>SCHLUSS	STATE>CLOSE	IMAGE_OR_LOCAL_EXEMPLAR	NOT_FIXED_BY_COMMON_OPERATOR_GRAMMAR	NOT_ENCODED_IN_COMMON_OPERATOR_GRAMMAR
E316	f83r	B4	B4-S002	f83r.25	B4_MAIN_ARCH_LINKED_PAIR	sichtbares Figurenpaar mit gemeinsamem Bogen in B4	qolchey	PROC154	fortsetzen · dies	CONTINUE_USE	FORTSETZEN	REFERENCE	IMAGE_OR_LOCAL_EXEMPLAR	NOT_FIXED_BY_COMMON_OPERATOR_GRAMMAR	NOT_ENCODED_IN_COMMON_OPERATOR_GRAMMAR
E317	f83r	B4	B4-S002	f83r.25	B4_MAIN_ARCH_LINKED_PAIR	sichtbares Figurenpaar mit gemeinsamem Bogen in B4	qokeey	PROC092	ansetzen · länger · dies	HOLD_STATE	HALTEN	STATE	IMAGE_OR_LOCAL_EXEMPLAR	NOT_FIXED_BY_COMMON_OPERATOR_GRAMMAR	NOT_ENCODED_IN_COMMON_OPERATOR_GRAMMAR
E318	f83r	B4	B4-S002	f83r.25	B4_MAIN_ARCH_LINKED_PAIR	sichtbares Figurenpaar mit gemeinsamem Bogen in B4	qokedy	PROC067	ansetzen · kurz · Schluss	HOLD_STATE>CLOSE	HALTEN>SCHLUSS	STATE>CLOSE	IMAGE_OR_LOCAL_EXEMPLAR	NOT_FIXED_BY_COMMON_OPERATOR_GRAMMAR	NOT_ENCODED_IN_COMMON_OPERATOR_GRAMMAR
E319	f83r	B4	B4-S003	f83r.25	B4_MAIN_ARCH_LINKED_PAIR	sichtbares Figurenpaar mit gemeinsamem Bogen in B4	chedy	PROC042	umsetzen · dies	MOVE_PASS	FÜHREN	PROCESS	IMAGE_OR_LOCAL_EXEMPLAR	NOT_FIXED_BY_COMMON_OPERATOR_GRAMMAR	NOT_ENCODED_IN_COMMON_OPERATOR_GRAMMAR
E320	f83r	B4	B4-S003	f83r.25	B4_MAIN_ARCH_LINKED_PAIR	sichtbares Figurenpaar mit gemeinsamem Bogen in B4	otal	PROC131	danach · Zielstelle	TARGET_HANDOFF	ZIEL	ADDRESS	IMAGE_OR_LOCAL_EXEMPLAR	NOT_FIXED_BY_COMMON_OPERATOR_GRAMMAR	NOT_ENCODED_IN_COMMON_OPERATOR_GRAMMAR
E321	f83r	B4	B4-S003	f83r.26	B4_MAIN_ARCH_LINKED_PAIR	sichtbares Figurenpaar mit gemeinsamem Bogen in B4	otchey	PROC065	danach · dies	ACTIVATE_CHARGE	ANSETZEN	REFERENCE	IMAGE_OR_LOCAL_EXEMPLAR	NOT_FIXED_BY_COMMON_OPERATOR_GRAMMAR	NOT_ENCODED_IN_COMMON_OPERATOR_GRAMMAR
E322	f83r	B4	B4-S003	f83r.26	B4_MAIN_ARCH_LINKED_PAIR	sichtbares Figurenpaar mit gemeinsamem Bogen in B4	qokeey	PROC092	ansetzen · länger · dies	HOLD_STATE	HALTEN	STATE	IMAGE_OR_LOCAL_EXEMPLAR	NOT_FIXED_BY_COMMON_OPERATOR_GRAMMAR	NOT_ENCODED_IN_COMMON_OPERATOR_GRAMMAR
E323	f83r	B4	B4-S003	f83r.26	B4_MAIN_ARCH_LINKED_PAIR	sichtbares Figurenpaar mit gemeinsamem Bogen in B4	qoky	PROC008	ansetzen · dies	ACTIVATE_CHARGE	ANSETZEN	REFERENCE	IMAGE_OR_LOCAL_EXEMPLAR	NOT_FIXED_BY_COMMON_OPERATOR_GRAMMAR	NOT_ENCODED_IN_COMMON_OPERATOR_GRAMMAR
E324	f83r	B4	B4-S003	f83r.26	B4_MAIN_ARCH_LINKED_PAIR	sichtbares Figurenpaar mit gemeinsamem Bogen in B4	tol	PROC013	fortsetzen	CONTINUE_USE	FORTSETZEN	REFERENCE	IMAGE_OR_LOCAL_EXEMPLAR	NOT_FIXED_BY_COMMON_OPERATOR_GRAMMAR	NOT_ENCODED_IN_COMMON_OPERATOR_GRAMMAR
E325	f83r	B4	B4-S003	f83r.26	B4_MAIN_ARCH_LINKED_PAIR	sichtbares Figurenpaar mit gemeinsamem Bogen in B4	shedy	PROC078	absetzen · Schluss	HOLD_STATE>CLOSE	HALTEN>SCHLUSS	STATE>CLOSE	IMAGE_OR_LOCAL_EXEMPLAR	NOT_FIXED_BY_COMMON_OPERATOR_GRAMMAR	NOT_ENCODED_IN_COMMON_OPERATOR_GRAMMAR
E326	f83r	B4	B4-S004	f83r.26	B4_MAIN_ARCH_LINKED_PAIR	sichtbares Figurenpaar mit gemeinsamem Bogen in B4	qokylddy	PROC155	ansetzen · dies · befestigen; Schluss	ACTIVATE_CHARGE>CLOSE	ANSETZEN>SCHLUSS	REFERENCE>CLOSE	IMAGE_OR_LOCAL_EXEMPLAR	NOT_FIXED_BY_COMMON_OPERATOR_GRAMMAR	NOT_ENCODED_IN_COMMON_OPERATOR_GRAMMAR
E327	f83r	B4	B4-S005	f83r.27	B4_MAIN_ARCH_LINKED_PAIR	sichtbares Figurenpaar mit gemeinsamem Bogen in B4	dain	PROC156	Portion	ACTIVATE_CHARGE	ANSETZEN	REFERENCE	IMAGE_OR_LOCAL_EXEMPLAR	NOT_FIXED_BY_COMMON_OPERATOR_GRAMMAR	NOT_ENCODED_IN_COMMON_OPERATOR_GRAMMAR
E328	f83r	B4	B4-S005	f83r.27	B4_MAIN_ARCH_LINKED_PAIR	sichtbares Figurenpaar mit gemeinsamem Bogen in B4	chedy	PROC042	umsetzen · dies	ACTIVATE_CHARGE	ANSETZEN	REFERENCE	IMAGE_OR_LOCAL_EXEMPLAR	NOT_FIXED_BY_COMMON_OPERATOR_GRAMMAR	NOT_ENCODED_IN_COMMON_OPERATOR_GRAMMAR
E329	f83r	B4	B4-S005	f83r.27	B4_MAIN_ARCH_LINKED_PAIR	sichtbares Figurenpaar mit gemeinsamem Bogen in B4	qokeedy	PROC100	ansetzen · länger · Schluss	HOLD_STATE>CLOSE	HALTEN>SCHLUSS	STATE>CLOSE	IMAGE_OR_LOCAL_EXEMPLAR	NOT_FIXED_BY_COMMON_OPERATOR_GRAMMAR	NOT_ENCODED_IN_COMMON_OPERATOR_GRAMMAR
E330	f83r	B4	B4-S006	f83r.27	B4_MAIN_ARCH_LINKED_PAIR	sichtbares Figurenpaar mit gemeinsamem Bogen in B4	shckhedy	PROC099	halten · Durchlass · kurz · Schluss	HOLD_STATE>CLOSE	HALTEN>SCHLUSS	STATE>CLOSE	IMAGE_OR_LOCAL_EXEMPLAR	NOT_FIXED_BY_COMMON_OPERATOR_GRAMMAR	NOT_ENCODED_IN_COMMON_OPERATOR_GRAMMAR
E331	f83r	B4	B4-S007	f83r.27	B4_MAIN_ARCH_LINKED_PAIR	sichtbares Figurenpaar mit gemeinsamem Bogen in B4	shckhedy	PROC099	halten · Durchlass · kurz · Schluss	HOLD_STATE>CLOSE	HALTEN>SCHLUSS	STATE>CLOSE	IMAGE_OR_LOCAL_EXEMPLAR	NOT_FIXED_BY_COMMON_OPERATOR_GRAMMAR	NOT_ENCODED_IN_COMMON_OPERATOR_GRAMMAR
E332	f83r	B4	B4-S008	f83r.28	B4_MAIN_ARCH_LINKED_PAIR	sichtbares Figurenpaar mit gemeinsamem Bogen in B4	saiin	PROC009	Maß	METER_CHECK	MASS	ADDRESS	IMAGE_OR_LOCAL_EXEMPLAR	NOT_FIXED_BY_COMMON_OPERATOR_GRAMMAR	NOT_ENCODED_IN_COMMON_OPERATOR_GRAMMAR
E333	f83r	B4	B4-S008	f83r.28	B4_MAIN_ARCH_LINKED_PAIR	sichtbares Figurenpaar mit gemeinsamem Bogen in B4	cheeky	PROC046	wärmen · länger · dies	ACTIVATE_CHARGE	ANSETZEN	REFERENCE	IMAGE_OR_LOCAL_EXEMPLAR	NOT_FIXED_BY_COMMON_OPERATOR_GRAMMAR	NOT_ENCODED_IN_COMMON_OPERATOR_GRAMMAR
E334	f83r	B4	B4-S008	f83r.28	B4_MAIN_ARCH_LINKED_PAIR	sichtbares Figurenpaar mit gemeinsamem Bogen in B4	sheey	PROC157	halten · länger · dies	ACTIVATE_CHARGE	ANSETZEN	REFERENCE	IMAGE_OR_LOCAL_EXEMPLAR	NOT_FIXED_BY_COMMON_OPERATOR_GRAMMAR	NOT_ENCODED_IN_COMMON_OPERATOR_GRAMMAR
E335	f83r	B4	B4-S008	f83r.28	B4_MAIN_ARCH_LINKED_PAIR	sichtbares Figurenpaar mit gemeinsamem Bogen in B4	qokedy	PROC067	ansetzen · kurz · Schluss	HOLD_STATE>CLOSE	HALTEN>SCHLUSS	STATE>CLOSE	IMAGE_OR_LOCAL_EXEMPLAR	NOT_FIXED_BY_COMMON_OPERATOR_GRAMMAR	NOT_ENCODED_IN_COMMON_OPERATOR_GRAMMAR
E336	f83r	B4	B4-S009	f83r.28	B4_MAIN_ARCH_LINKED_PAIR	sichtbares Figurenpaar mit gemeinsamem Bogen in B4	shedy	PROC078	absetzen · Schluss	HOLD_STATE>CLOSE	HALTEN>SCHLUSS	STATE>CLOSE	IMAGE_OR_LOCAL_EXEMPLAR	NOT_FIXED_BY_COMMON_OPERATOR_GRAMMAR	NOT_ENCODED_IN_COMMON_OPERATOR_GRAMMAR
E337	f83r	B4	B4-S010	f83r.28	B4_MAIN_ARCH_LINKED_PAIR	sichtbares Figurenpaar mit gemeinsamem Bogen in B4	oldy	PROC047	fortsetzen · Schluss	CONTINUE_USE>CLOSE	FORTSETZEN>SCHLUSS	REFERENCE>CLOSE	IMAGE_OR_LOCAL_EXEMPLAR	NOT_FIXED_BY_COMMON_OPERATOR_GRAMMAR	NOT_ENCODED_IN_COMMON_OPERATOR_GRAMMAR
E338	f83r	B4	B4-S011	f83r.35	B4_MAIN_LEFT_OPEN_FRINGE_STATION	linke Hauptstation mit offenem Fransenlauf	saiin	PROC009	Maß	METER_CHECK	MASS	ADDRESS	IMAGE_OR_LOCAL_EXEMPLAR	NOT_FIXED_BY_COMMON_OPERATOR_GRAMMAR	NOT_ENCODED_IN_COMMON_OPERATOR_GRAMMAR
E339	f83r	B4	B4-S011	f83r.35	B4_MAIN_LEFT_OPEN_FRINGE_STATION	linke Hauptstation mit offenem Fransenlauf	cheky	PROC083	wärmen · kurz · dies	HOLD_STATE	HALTEN	STATE	IMAGE_OR_LOCAL_EXEMPLAR	NOT_FIXED_BY_COMMON_OPERATOR_GRAMMAR	NOT_ENCODED_IN_COMMON_OPERATOR_GRAMMAR
E340	f83r	B4	B4-S011	f83r.35	B4_MAIN_LEFT_OPEN_FRINGE_STATION	linke Hauptstation mit offenem Fransenlauf	okeeol	PROC158	ansetzen · länger · fortsetzen	HOLD_STATE	HALTEN	STATE	IMAGE_OR_LOCAL_EXEMPLAR	NOT_FIXED_BY_COMMON_OPERATOR_GRAMMAR	NOT_ENCODED_IN_COMMON_OPERATOR_GRAMMAR
E341	f83r	B4	B4-S011	f83r.35	B4_MAIN_LEFT_OPEN_FRINGE_STATION	linke Hauptstation mit offenem Fransenlauf	okain	PROC080	ansetzen · Portion	ACTIVATE_CHARGE	ANSETZEN	REFERENCE	IMAGE_OR_LOCAL_EXEMPLAR	NOT_FIXED_BY_COMMON_OPERATOR_GRAMMAR	NOT_ENCODED_IN_COMMON_OPERATOR_GRAMMAR
E342	f83r	B4	B4-S011	f83r.35	B4_MAIN_LEFT_OPEN_FRINGE_STATION	linke Hauptstation mit offenem Fransenlauf	chdy	PROC042	umsetzen · dies	ACTIVATE_CHARGE	ANSETZEN	REFERENCE	IMAGE_OR_LOCAL_EXEMPLAR	NOT_FIXED_BY_COMMON_OPERATOR_GRAMMAR	NOT_ENCODED_IN_COMMON_OPERATOR_GRAMMAR
E343	f83r	B4	B4-S011	f83r.37	B4_MAIN_LEFT_OPEN_FRINGE_STATION	linke Hauptstation mit offenem Fransenlauf	sol	PROC013	fortsetzen	CONTINUE_USE	FORTSETZEN	REFERENCE	IMAGE_OR_LOCAL_EXEMPLAR	NOT_FIXED_BY_COMMON_OPERATOR_GRAMMAR	NOT_ENCODED_IN_COMMON_OPERATOR_GRAMMAR
E344	f83r	B4	B4-S011	f83r.37	B4_MAIN_LEFT_OPEN_FRINGE_STATION	linke Hauptstation mit offenem Fransenlauf	lkedy	PROC159	führen · zuführen · kurz · Schluss	HOLD_STATE>CLOSE	HALTEN>SCHLUSS	STATE>CLOSE	IMAGE_OR_LOCAL_EXEMPLAR	NOT_FIXED_BY_COMMON_OPERATOR_GRAMMAR	NOT_ENCODED_IN_COMMON_OPERATOR_GRAMMAR
E345	f83r	B4	B4-S012	f83r.37	B4_MAIN_LEFT_OPEN_FRINGE_STATION	linke Hauptstation mit offenem Fransenlauf	lchedy	PROC120	führen · umsetzen · Schluss	MOVE_PASS>CLOSE	FÜHREN>SCHLUSS	PROCESS>CLOSE	IMAGE_OR_LOCAL_EXEMPLAR	NOT_FIXED_BY_COMMON_OPERATOR_GRAMMAR	NOT_ENCODED_IN_COMMON_OPERATOR_GRAMMAR
E346	f83r	B4	B4-S013	f83r.37	B4_MAIN_LEFT_OPEN_FRINGE_STATION	linke Hauptstation mit offenem Fransenlauf	qokol	PROC160	ansetzen · fortsetzen	ACTIVATE_CHARGE	ANSETZEN	REFERENCE	IMAGE_OR_LOCAL_EXEMPLAR	NOT_FIXED_BY_COMMON_OPERATOR_GRAMMAR	NOT_ENCODED_IN_COMMON_OPERATOR_GRAMMAR
E347	f83r	B4	B4-S013	f83r.37	B4_MAIN_LEFT_OPEN_FRINGE_STATION	linke Hauptstation mit offenem Fransenlauf	shedy	PROC078	absetzen · Schluss	HOLD_STATE>CLOSE	HALTEN>SCHLUSS	STATE>CLOSE	IMAGE_OR_LOCAL_EXEMPLAR	NOT_FIXED_BY_COMMON_OPERATOR_GRAMMAR	NOT_ENCODED_IN_COMMON_OPERATOR_GRAMMAR
E348	f83r	B4	B4-S014	f83r.38	B4_MAIN_LEFT_OPEN_FRINGE_STATION	linke Hauptstation mit offenem Fransenlauf	or	PROC016	Ansatz	ACTIVATE_CHARGE	ANSETZEN	REFERENCE	IMAGE_OR_LOCAL_EXEMPLAR	NOT_FIXED_BY_COMMON_OPERATOR_GRAMMAR	NOT_ENCODED_IN_COMMON_OPERATOR_GRAMMAR
E349	f83r	B4	B4-S014	f83r.38	B4_MAIN_LEFT_OPEN_FRINGE_STATION	linke Hauptstation mit offenem Fransenlauf	chey	PROC019	dies	CONTINUE_USE	FORTSETZEN	REFERENCE	IMAGE_OR_LOCAL_EXEMPLAR	NOT_FIXED_BY_COMMON_OPERATOR_GRAMMAR	NOT_ENCODED_IN_COMMON_OPERATOR_GRAMMAR
E350	f83r	B4	B4-S014	f83r.38	B4_MAIN_LEFT_OPEN_FRINGE_STATION	linke Hauptstation mit offenem Fransenlauf	qockhey	PROC161	Arbeitsgang · Durchlass · kurz · dies	HOLD_STATE	HALTEN	STATE	IMAGE_OR_LOCAL_EXEMPLAR	NOT_FIXED_BY_COMMON_OPERATOR_GRAMMAR	NOT_ENCODED_IN_COMMON_OPERATOR_GRAMMAR
E351	f83r	B4	B4-S014	f83r.38	B4_MAIN_LEFT_OPEN_FRINGE_STATION	linke Hauptstation mit offenem Fransenlauf	dairydy	PROC162	Lauf · dies · Schluss	MOVE_PASS>CLOSE	FÜHREN>SCHLUSS	PROCESS>CLOSE	IMAGE_OR_LOCAL_EXEMPLAR	NOT_FIXED_BY_COMMON_OPERATOR_GRAMMAR	NOT_ENCODED_IN_COMMON_OPERATOR_GRAMMAR
E352	f83r	B4	B4-S015	f83r.39	B4_MAIN_LEFT_OPEN_FRINGE_STATION	linke Hauptstation mit offenem Fransenlauf	qokain	PROC080	ansetzen · Portion	ACTIVATE_CHARGE	ANSETZEN	REFERENCE	IMAGE_OR_LOCAL_EXEMPLAR	NOT_FIXED_BY_COMMON_OPERATOR_GRAMMAR	NOT_ENCODED_IN_COMMON_OPERATOR_GRAMMAR
E353	f83r	B4	B4-S015	f83r.39	B4_MAIN_LEFT_OPEN_FRINGE_STATION	linke Hauptstation mit offenem Fransenlauf	shey	PROC031	Empfangsbestand	HOLD_STATE	HALTEN	STATE	IMAGE_OR_LOCAL_EXEMPLAR	NOT_FIXED_BY_COMMON_OPERATOR_GRAMMAR	NOT_ENCODED_IN_COMMON_OPERATOR_GRAMMAR
E354	f83r	B4	B4-S015	f83r.39	B4_MAIN_LEFT_OPEN_FRINGE_STATION	linke Hauptstation mit offenem Fransenlauf	kain	PROC069	zuführen · Portion	ACTIVATE_CHARGE	ANSETZEN	REFERENCE	IMAGE_OR_LOCAL_EXEMPLAR	NOT_FIXED_BY_COMMON_OPERATOR_GRAMMAR	NOT_ENCODED_IN_COMMON_OPERATOR_GRAMMAR
E355	f83r	B4	B4-S015	f83r.39	B4_MAIN_LEFT_OPEN_FRINGE_STATION	linke Hauptstation mit offenem Fransenlauf	chckhal	PROC163	abziehen · Durchlass · Zielstelle	TARGET_HANDOFF	ZIEL	ADDRESS	IMAGE_OR_LOCAL_EXEMPLAR	NOT_FIXED_BY_COMMON_OPERATOR_GRAMMAR	NOT_ENCODED_IN_COMMON_OPERATOR_GRAMMAR
E356	f83r	B4	B4-S015	f83r.41	B4_MAIN_RIGHT_S_RUN_MULTIPORT_STATION	rechte Hauptstation mit S-Lauf und Mehrarmknoten	solkey	PROC164	auffangen · kurz · dies	HOLD_STATE	HALTEN	STATE	IMAGE_OR_LOCAL_EXEMPLAR	NOT_FIXED_BY_COMMON_OPERATOR_GRAMMAR	NOT_ENCODED_IN_COMMON_OPERATOR_GRAMMAR
E357	f83r	B4	B4-S015	f83r.41	B4_MAIN_RIGHT_S_RUN_MULTIPORT_STATION	rechte Hauptstation mit S-Lauf und Mehrarmknoten	lchedy	PROC120	führen · umsetzen · Schluss	MOVE_PASS>CLOSE	FÜHREN>SCHLUSS	PROCESS>CLOSE	IMAGE_OR_LOCAL_EXEMPLAR	NOT_FIXED_BY_COMMON_OPERATOR_GRAMMAR	NOT_ENCODED_IN_COMMON_OPERATOR_GRAMMAR
E358	f83r	B4	B4-S016	f83r.41	B4_MAIN_RIGHT_S_RUN_MULTIPORT_STATION	rechte Hauptstation mit S-Lauf und Mehrarmknoten	qolkain	PROC070	fortsetzen · zuführen · Portion	ACTIVATE_CHARGE	ANSETZEN	REFERENCE	IMAGE_OR_LOCAL_EXEMPLAR	NOT_FIXED_BY_COMMON_OPERATOR_GRAMMAR	NOT_ENCODED_IN_COMMON_OPERATOR_GRAMMAR
E359	f83r	B4	B4-S016	f83r.41	B4_MAIN_RIGHT_S_RUN_MULTIPORT_STATION	rechte Hauptstation mit S-Lauf und Mehrarmknoten	dal	PROC055	Zielstelle	TARGET_HANDOFF	ZIEL	ADDRESS	IMAGE_OR_LOCAL_EXEMPLAR	NOT_FIXED_BY_COMMON_OPERATOR_GRAMMAR	NOT_ENCODED_IN_COMMON_OPERATOR_GRAMMAR
E360	f83r	B4	B4-S016	f83r.44	B4_MAIN_RIGHT_S_RUN_MULTIPORT_STATION	rechte Hauptstation mit S-Lauf und Mehrarmknoten	skar	PROC165	zuführen · von dort	SOURCE_DRAW	QUELLE	ADDRESS	IMAGE_OR_LOCAL_EXEMPLAR	NOT_FIXED_BY_COMMON_OPERATOR_GRAMMAR	NOT_ENCODED_IN_COMMON_OPERATOR_GRAMMAR
E361	f83r	B4	B4-S016	f83r.44	B4_MAIN_RIGHT_S_RUN_MULTIPORT_STATION	rechte Hauptstation mit S-Lauf und Mehrarmknoten	shedy	PROC078	absetzen · Schluss	HOLD_STATE>CLOSE	HALTEN>SCHLUSS	STATE>CLOSE	IMAGE_OR_LOCAL_EXEMPLAR	NOT_FIXED_BY_COMMON_OPERATOR_GRAMMAR	NOT_ENCODED_IN_COMMON_OPERATOR_GRAMMAR
E362	f83r	B5	B5-S001	f83r.47	B5_LEFT_OPEN_FRINGE_STATION	linke Fransenstation im B5-Nachtrag	otchdy	PROC166	danach · umsetzen · Schluss	MOVE_PASS>CLOSE	FÜHREN>SCHLUSS	PROCESS>CLOSE	IMAGE_OR_LOCAL_EXEMPLAR	NOT_FIXED_BY_COMMON_OPERATOR_GRAMMAR	NOT_ENCODED_IN_COMMON_OPERATOR_GRAMMAR
E363	f83r	B5	B5-S002	f83r.47	B5_LEFT_OPEN_FRINGE_STATION	linke Fransenstation im B5-Nachtrag	qokchdy	PROC082	ansetzen · umsetzen · Schluss	ACTIVATE_CHARGE>CLOSE	ANSETZEN>SCHLUSS	REFERENCE>CLOSE	IMAGE_OR_LOCAL_EXEMPLAR	NOT_FIXED_BY_COMMON_OPERATOR_GRAMMAR	NOT_ENCODED_IN_COMMON_OPERATOR_GRAMMAR
E364	f83r	B5	B5-S003	f83r.47	B5_LEFT_OPEN_FRINGE_STATION	linke Fransenstation im B5-Nachtrag	shedal	PROC142	absetzen · Zielstelle	TARGET_HANDOFF	ZIEL	ADDRESS	IMAGE_OR_LOCAL_EXEMPLAR	NOT_FIXED_BY_COMMON_OPERATOR_GRAMMAR	NOT_ENCODED_IN_COMMON_OPERATOR_GRAMMAR
E365	f83r	B5	B5-S003	f83r.48	B5_LEFT_OPEN_FRINGE_STATION	linke Fransenstation im B5-Nachtrag	dal	PROC055	Zielstelle	TARGET_HANDOFF	ZIEL	ADDRESS	IMAGE_OR_LOCAL_EXEMPLAR	NOT_FIXED_BY_COMMON_OPERATOR_GRAMMAR	NOT_ENCODED_IN_COMMON_OPERATOR_GRAMMAR
E366	f83r	B5	B5-S003	f83r.48	B5_LEFT_OPEN_FRINGE_STATION	linke Fransenstation im B5-Nachtrag	cheol	PROC013	fortsetzen	CONTINUE_USE	FORTSETZEN	REFERENCE	IMAGE_OR_LOCAL_EXEMPLAR	NOT_FIXED_BY_COMMON_OPERATOR_GRAMMAR	NOT_ENCODED_IN_COMMON_OPERATOR_GRAMMAR
E367	f83r	B5	B5-S003	f83r.48	B5_LEFT_OPEN_FRINGE_STATION	linke Fransenstation im B5-Nachtrag	lol	PROC167	führen · fortsetzen	MOVE_PASS	FÜHREN	PROCESS	IMAGE_OR_LOCAL_EXEMPLAR	NOT_FIXED_BY_COMMON_OPERATOR_GRAMMAR	NOT_ENCODED_IN_COMMON_OPERATOR_GRAMMAR
E368	f83r	B5	B5-S003	f83r.48	B5_LEFT_OPEN_FRINGE_STATION	linke Fransenstation im B5-Nachtrag	chdal	PROC168	umsetzen · Zielstelle	TARGET_HANDOFF	ZIEL	ADDRESS	IMAGE_OR_LOCAL_EXEMPLAR	NOT_FIXED_BY_COMMON_OPERATOR_GRAMMAR	NOT_ENCODED_IN_COMMON_OPERATOR_GRAMMAR
E369	f83r	B5	B5-S003	f83r.48	B5_LEFT_OPEN_FRINGE_STATION	linke Fransenstation im B5-Nachtrag	aiin	PROC009	Maß	METER_CHECK	MASS	ADDRESS	IMAGE_OR_LOCAL_EXEMPLAR	NOT_FIXED_BY_COMMON_OPERATOR_GRAMMAR	NOT_ENCODED_IN_COMMON_OPERATOR_GRAMMAR
E370	f83r	B5	B5-S003	f83r.49	B5_LEFT_OPEN_FRINGE_STATION	linke Fransenstation im B5-Nachtrag	sol	PROC013	fortsetzen	CONTINUE_USE	FORTSETZEN	REFERENCE	IMAGE_OR_LOCAL_EXEMPLAR	NOT_FIXED_BY_COMMON_OPERATOR_GRAMMAR	NOT_ENCODED_IN_COMMON_OPERATOR_GRAMMAR
E371	f83r	B5	B5-S003	f83r.49	B5_LEFT_OPEN_FRINGE_STATION	linke Fransenstation im B5-Nachtrag	daiiin	PROC169	Sollstufe · zweite	METER_CHECK	MASS	ADDRESS	IMAGE_OR_LOCAL_EXEMPLAR	NOT_FIXED_BY_COMMON_OPERATOR_GRAMMAR	NOT_ENCODED_IN_COMMON_OPERATOR_GRAMMAR
E372	f83r	B5	B5-S003	f83r.49	B5_LEFT_OPEN_FRINGE_STATION	linke Fransenstation im B5-Nachtrag	chedy	PROC042	umsetzen · dies	MOVE_PASS	FÜHREN	PROCESS	IMAGE_OR_LOCAL_EXEMPLAR	NOT_FIXED_BY_COMMON_OPERATOR_GRAMMAR	NOT_ENCODED_IN_COMMON_OPERATOR_GRAMMAR
E373	f83r	B6	B6-S001	f83r.52	B6_RIGHT_S_RUN_MULTIPORT_STATION	rechter S-Lauf im B6-Nachtrag	solkeey	PROC170	auffangen · länger · dies	HOLD_STATE	HALTEN	STATE	IMAGE_OR_LOCAL_EXEMPLAR	NOT_FIXED_BY_COMMON_OPERATOR_GRAMMAR	NOT_ENCODED_IN_COMMON_OPERATOR_GRAMMAR
E374	f83r	B6	B6-S001	f83r.52	B6_RIGHT_S_RUN_MULTIPORT_STATION	rechter S-Lauf im B6-Nachtrag	qekey	PROC171	kurz · zuführen · kurz · dies	HOLD_STATE	HALTEN	STATE	IMAGE_OR_LOCAL_EXEMPLAR	NOT_FIXED_BY_COMMON_OPERATOR_GRAMMAR	NOT_ENCODED_IN_COMMON_OPERATOR_GRAMMAR
E375	f83r	B6	B6-S001	f83r.52	B6_RIGHT_S_RUN_MULTIPORT_STATION	rechter S-Lauf im B6-Nachtrag	raly	PROC172	abkühlen · Zielstelle · dies	HOLD_STATE	HALTEN	STATE	IMAGE_OR_LOCAL_EXEMPLAR	NOT_FIXED_BY_COMMON_OPERATOR_GRAMMAR	NOT_ENCODED_IN_COMMON_OPERATOR_GRAMMAR
E376	f83r	B6	B6-S001	f83r.52	B6_RIGHT_S_RUN_MULTIPORT_STATION	rechter S-Lauf im B6-Nachtrag	ol	PROC013	fortsetzen	CONTINUE_USE	FORTSETZEN	REFERENCE	IMAGE_OR_LOCAL_EXEMPLAR	NOT_FIXED_BY_COMMON_OPERATOR_GRAMMAR	NOT_ENCODED_IN_COMMON_OPERATOR_GRAMMAR
E377	f83r	B6	B6-S001	f83r.54	B6_RIGHT_S_RUN_MULTIPORT_STATION	rechter S-Lauf im B6-Nachtrag	daiin	PROC009	Maß	METER_CHECK	MASS	ADDRESS	IMAGE_OR_LOCAL_EXEMPLAR	NOT_FIXED_BY_COMMON_OPERATOR_GRAMMAR	NOT_ENCODED_IN_COMMON_OPERATOR_GRAMMAR
E378	f83r	B6	B6-S001	f83r.54	B6_RIGHT_S_RUN_MULTIPORT_STATION	rechter S-Lauf im B6-Nachtrag	ol	PROC013	fortsetzen	CONTINUE_USE	FORTSETZEN	REFERENCE	IMAGE_OR_LOCAL_EXEMPLAR	NOT_FIXED_BY_COMMON_OPERATOR_GRAMMAR	NOT_ENCODED_IN_COMMON_OPERATOR_GRAMMAR
E379	f83r	B6	B6-S001	f83r.54	B6_RIGHT_S_RUN_MULTIPORT_STATION	rechter S-Lauf im B6-Nachtrag	dain	PROC156	Portion	ACTIVATE_CHARGE	ANSETZEN	REFERENCE	IMAGE_OR_LOCAL_EXEMPLAR	NOT_FIXED_BY_COMMON_OPERATOR_GRAMMAR	NOT_ENCODED_IN_COMMON_OPERATOR_GRAMMAR
E380	f83r	B6	B6-S001	f83r.54	B6_RIGHT_S_RUN_MULTIPORT_STATION	rechter S-Lauf im B6-Nachtrag	chey	PROC019	dies	ACTIVATE_CHARGE	ANSETZEN	REFERENCE	IMAGE_OR_LOCAL_EXEMPLAR	NOT_FIXED_BY_COMMON_OPERATOR_GRAMMAR	NOT_ENCODED_IN_COMMON_OPERATOR_GRAMMAR
E381	f83r	B6	B6-S001	f83r.54	B6_RIGHT_S_RUN_MULTIPORT_STATION	rechter S-Lauf im B6-Nachtrag	ldalor	PROC173	führen · Zielstelle · Ansatz	ACTIVATE_CHARGE	ANSETZEN	REFERENCE	IMAGE_OR_LOCAL_EXEMPLAR	NOT_FIXED_BY_COMMON_OPERATOR_GRAMMAR	NOT_ENCODED_IN_COMMON_OPERATOR_GRAMMAR
