occurrence_id	page	locus	line_number	token_index	surface	head	written_i_minims	working_value	working_roman	section	language	hand	triple_reading_token_stable	working_default_de	whole_word_status	surface_line
G626-M00004	f100r	f100r.13	13	7	daiin	da	2	3	III	P	A	1	0	d-Wert III; lokal Mengen-/Gradmarker	NICHT_ALS_OPERATION_ODER_UND_LESEN__D_HEAD_OFFEN	dsheor cthey qokeey oteey ykeeodain rorarydaiin daiin deeomchol
G626-M00008	f100r	f100r.25	25	4	daiin	da	2	3	III	P	A	1	1	d-Wert III; lokal Mengen-/Gradmarker	NICHT_ALS_OPERATION_ODER_UND_LESEN__D_HEAD_OFFEN	sheor qkeeody chol daiin ctheol olcheol cheky cheol cheockhy okeol
G626-M00010	f100v	f100v.14	14	8	daiin	da	2	3	III	P	A	1	1	d-Wert III; lokal Mengen-/Gradmarker	NICHT_ALS_OPERATION_ODER_UND_LESEN__D_HEAD_OFFEN	deey sheocphy qoteody ckhoor ar chor oteey daiin qokomo
G626-M00012	f100v	f100v.22	22	1	daiin	da	2	3	III	P	A	1	1	d-Wert III; lokal Mengen-/Gradmarker	NICHT_ALS_OPERATION_ODER_UND_LESEN__D_HEAD_OFFEN	daiin cheky chory
G626-M00019	f102r1	f102r1.5	5	10	dain	da	1	2	II	P	A	1	0	d-Wert II; lokal Mengen-/Gradmarker	NICHT_ALS_OPERATION_ODER_UND_LESEN__D_HEAD_OFFEN	ytol sheol she olaiin orain oraroekeol chol ekey qokol dain
G626-M00020	f102r1	f102r1.6	6	1	daiin	da	2	3	III	P	A	1	0	d-Wert III; lokal Mengen-/Gradmarker	NICHT_ALS_OPERATION_ODER_UND_LESEN__D_HEAD_OFFEN	daiin ykeeol oldy okodaiin
G626-M00023	f102r1	f102r1.8	8	5	daiin	da	2	3	III	P	A	1	1	d-Wert III; lokal Mengen-/Gradmarker	NICHT_ALS_OPERATION_ODER_UND_LESEN__D_HEAD_OFFEN	pshodaiin qoorar chopy chofol daiin oteol qoteol doly
G626-M00024	f102r1	f102r1.9	9	1	daiin	da	2	3	III	P	A	1	0	d-Wert III; lokal Mengen-/Gradmarker	NICHT_ALS_OPERATION_ODER_UND_LESEN__D_HEAD_OFFEN	daiin orsheoldy qokeol oteeody lshodykeodal qokshdy sy
G626-M00027	f102r1	f102r1.15	15	3	daiin	da	2	3	III	P	A	1	0	d-Wert III; lokal Mengen-/Gradmarker	NICHT_ALS_OPERATION_ODER_UND_LESEN__D_HEAD_OFFEN	or chol daiin dykeor sheey qokeody dor os ykeeykam
G626-M00035	f102v1	f102v1.11	11	8	daiin	da	2	3	III	P	A	1	1	d-Wert III; lokal Mengen-/Gradmarker	NICHT_ALS_OPERATION_ODER_UND_LESEN__D_HEAD_OFFEN	sol chol qooiin qokol cheol chey kolcheey daiin cheody dy
G626-M00037	f102v1	f102v1.13	13	3	daiin	da	2	3	III	P	A	1	1	d-Wert III; lokal Mengen-/Gradmarker	NICHT_ALS_OPERATION_ODER_UND_LESEN__D_HEAD_OFFEN	toiin ol daiin qkol cheol daiin qokar oaiin cheey saiim
G626-M00038	f102v1	f102v1.13	13	6	daiin	da	2	3	III	P	A	1	0	d-Wert III; lokal Mengen-/Gradmarker	NICHT_ALS_OPERATION_ODER_UND_LESEN__D_HEAD_OFFEN	toiin ol daiin qkol cheol daiin qokar oaiin cheey saiim
G626-M00047	f102v2	f102v2.22	22	1	dain	da	1	2	II	P	A	1	0	d-Wert II; lokal Mengen-/Gradmarker	NICHT_ALS_OPERATION_ODER_UND_LESEN__D_HEAD_OFFEN	dain or aiin cheol s oiir chol sheey qockhy ol keo r okeody okeor cho
G626-M00052	f102v2	f102v2.32	32	11	daiin	da	2	3	III	P	A	1	1	d-Wert III; lokal Mengen-/Gradmarker	NICHT_ALS_OPERATION_ODER_UND_LESEN__D_HEAD_OFFEN	dar cheor shoar okeol shoy s ar oky cheeor ol daiin sy
G626-M00055	f102v2	f102v2.35	35	10	daiin	da	2	3	III	P	A	1	0	d-Wert III; lokal Mengen-/Gradmarker	NICHT_ALS_OPERATION_ODER_UND_LESEN__D_HEAD_OFFEN	ychor sheol por sheeor shekeey qoky cheo teody qokeol daiin
G626-M00059	f103r	f103r.1	1	10	dain	da	1	2	II	S	B	3	0	d-Wert II; lokal Mengen-/Gradmarker	NICHT_ALS_OPERATION_ODER_UND_LESEN__D_HEAD_OFFEN	pchedal shdy ytechypchy otey lshey qoteey qotal shedy yshdal dain okal daldy
G626-M00060	f103r	f103r.2	2	1	dain	da	1	2	II	S	B	3	1	d-Wert II; lokal Mengen-/Gradmarker	NICHT_ALS_OPERATION_ODER_UND_LESEN__D_HEAD_OFFEN	dain shek chdy daloky opchedy peshol chep ar otchy sal lkeey sar ain ok chedy
G626-M00064	f103r	f103r.6	6	2	dain	da	1	2	II	S	B	3	1	d-Wert II; lokal Mengen-/Gradmarker	NICHT_ALS_OPERATION_ODER_UND_LESEN__D_HEAD_OFFEN	ocheey dain shek okeedy okey shedy qokealdy shcthy qotedy qoto ota san am
G626-M00070	f103r	f103r.10	10	1	daiin	da	2	3	III	S	B	3	1	d-Wert III; lokal Mengen-/Gradmarker	NICHT_ALS_OPERATION_ODER_UND_LESEN__D_HEAD_OFFEN	daiin ol oain okeol chol okam chety shedy otaiin shedy teolshy oteedy sor ain
G626-M00097	f103r	f103r.23	23	1	daiin	da	2	3	III	S	B	3	1	d-Wert III; lokal Mengen-/Gradmarker	NICHT_ALS_OPERATION_ODER_UND_LESEN__D_HEAD_OFFEN	daiin sheckhy lchedy chckhy shol
G626-M00099	f103r	f103r.24	24	10	dain	da	1	2	II	S	B	3	1	d-Wert II; lokal Mengen-/Gradmarker	NICHT_ALS_OPERATION_ODER_UND_LESEN__D_HEAD_OFFEN	tchoky okeal shedy qokal oty opchedy qotain shcthy otey dain oteey oky
G626-M00133	f103v	f103v.1	1	8	daiin	da	2	3	III	S	B	3	1	d-Wert III; lokal Mengen-/Gradmarker	NICHT_ALS_OPERATION_ODER_UND_LESEN__D_HEAD_OFFEN	pol dar olfchey qoky dy qokeey qokeey daiin okeedaky qoteiir shedy dal
G626-M00134	f103v	f103v.2	2	1	daiin	da	2	3	III	S	B	3	1	d-Wert III; lokal Mengen-/Gradmarker	NICHT_ALS_OPERATION_ODER_UND_LESEN__D_HEAD_OFFEN	daiin shey qokal shedy qokeedy qoteor shey qoty chckhy qotain chalr
G626-M00139	f103v	f103v.6	6	1	dain	da	1	2	II	S	B	3	0	d-Wert II; lokal Mengen-/Gradmarker	NICHT_ALS_OPERATION_ODER_UND_LESEN__D_HEAD_OFFEN	dain shey qokeedy cheol qoeeor lshor qoky shedy qokaiin chedy qokam
G626-M00141	f103v	f103v.7	7	1	daiin	da	2	3	III	S	B	3	1	d-Wert III; lokal Mengen-/Gradmarker	NICHT_ALS_OPERATION_ODER_UND_LESEN__D_HEAD_OFFEN	daiin shey chol chey oteey lkeeor okaiin shedy shedy qokaiin ol chedydy
G626-M00148	f103v	f103v.13	13	1	dain	da	1	2	II	S	B	3	1	d-Wert II; lokal Mengen-/Gradmarker	NICHT_ALS_OPERATION_ODER_UND_LESEN__D_HEAD_OFFEN	dain eey olshy otey olshedy qotshdy okeey lr ain okan olshey
G626-M00155	f103v	f103v.16	16	1	daiin	da	2	3	III	S	B	3	0	d-Wert III; lokal Mengen-/Gradmarker	NICHT_ALS_OPERATION_ODER_UND_LESEN__D_HEAD_OFFEN	daiin sheekchy okeeshy qol shedy otain ol kedy
G626-M00159	f103v	f103v.19	19	1	daiin	da	2	3	III	S	B	3	1	d-Wert III; lokal Mengen-/Gradmarker	NICHT_ALS_OPERATION_ODER_UND_LESEN__D_HEAD_OFFEN	daiin chey lkeey chalkar cheeey l chealainor
G626-M00176	f103v	f103v.28	28	1	daiin	da	2	3	III	S	B	3	0	d-Wert III; lokal Mengen-/Gradmarker	NICHT_ALS_OPERATION_ODER_UND_LESEN__D_HEAD_OFFEN	daiin checkhy ykeey shckhy otealshey okain chey oteedy por aiin y
G626-M00181	f103v	f103v.31	31	9	daiin	da	2	3	III	S	B	3	1	d-Wert III; lokal Mengen-/Gradmarker	NICHT_ALS_OPERATION_ODER_UND_LESEN__D_HEAD_OFFEN	okeey l chey qokeey o qokeey chedy qekchy daiin chckhy sar olainy
G626-M00185	f103v	f103v.34	34	1	daiin	da	2	3	III	S	B	3	1	d-Wert III; lokal Mengen-/Gradmarker	NICHT_ALS_OPERATION_ODER_UND_LESEN__D_HEAD_OFFEN	daiin sheey ol chey qok shey qokaiin checkhy otedy lshey lchdy
G626-M00194	f103v	f103v.41	41	1	daiin	da	2	3	III	S	B	3	1	d-Wert III; lokal Mengen-/Gradmarker	NICHT_ALS_OPERATION_ODER_UND_LESEN__D_HEAD_OFFEN	daiin shey l shey lshey qoar shas al otar shedy y lchdy rar
G626-M00215	f104r	f104r.6	6	6	dain	da	1	2	II	S	B	3	1	d-Wert II; lokal Mengen-/Gradmarker	NICHT_ALS_OPERATION_ODER_UND_LESEN__D_HEAD_OFFEN	y cheeody aiin lkar cheeo dain ockhedy qokeedy qotain otchdy otain chedam
G626-M00224	f104r	f104r.14	14	1	daiin	da	2	3	III	S	B	3	1	d-Wert III; lokal Mengen-/Gradmarker	NICHT_ALS_OPERATION_ODER_UND_LESEN__D_HEAD_OFFEN	daiin choaiin qokechy qotal cheolor saiin olkeechey otal ol oeeal
G626-M00239	f104r	f104r.24	24	1	daiin	da	2	3	III	S	B	3	1	d-Wert III; lokal Mengen-/Gradmarker	NICHT_ALS_OPERATION_ODER_UND_LESEN__D_HEAD_OFFEN	daiin char qotal okechol olkeeor olkeeodal lkaiin chal keeedy qokam
G626-M00247	f104r	f104r.27	27	8	daiin	da	2	3	III	S	B	3	1	d-Wert III; lokal Mengen-/Gradmarker	NICHT_ALS_OPERATION_ODER_UND_LESEN__D_HEAD_OFFEN	pchedar qokaiin qotaiin dl ral cheodl cphaiin daiin ar qekeeey qoparaiin
G626-M00251	f104r	f104r.30	30	4	dain	da	1	2	II	S	B	3	1	d-Wert II; lokal Mengen-/Gradmarker	NICHT_ALS_OPERATION_ODER_UND_LESEN__D_HEAD_OFFEN	okeeo l keeo dain lkeodaiin qokeeo lkeeeey okeody otechdy opcheof qopaiin
G626-M00281	f104r	f104r.45	45	1	daiin	da	2	3	III	S	B	3	1	d-Wert III; lokal Mengen-/Gradmarker	NICHT_ALS_OPERATION_ODER_UND_LESEN__D_HEAD_OFFEN	daiin olcheeo l s aiin otain ar chedy qokaiin otaiin otaiin
G626-M00305	f104v	f104v.11	11	9	daiin	da	2	3	III	S	B	3	1	d-Wert III; lokal Mengen-/Gradmarker	NICHT_ALS_OPERATION_ODER_UND_LESEN__D_HEAD_OFFEN	ycheedy qoy ykchedor cheeky qokchd qotol qokol qokol daiin
G626-M00326	f104v	f104v.24	24	4	daiiin	da	3	4	IV	S	B	3	0	d-Wert IV; lokal Mengen-/Gradmarker	NICHT_ALS_OPERATION_ODER_UND_LESEN__D_HEAD_OFFEN	ykaiin cheor cheeey daiiin cheo dalaiin chockhedy chedaiin otor qokar ary
G626-M00330	f104v	f104v.25	25	7	daiin	da	2	3	III	S	B	3	1	d-Wert III; lokal Mengen-/Gradmarker	NICHT_ALS_OPERATION_ODER_UND_LESEN__D_HEAD_OFFEN	dsheey qoykeey lchedy qokedaiin ar chcthy daiin cheey sair ol aiin chedy
G626-M00335	f104v	f104v.28	28	6	daiin	da	2	3	III	S	B	3	1	d-Wert III; lokal Mengen-/Gradmarker	NICHT_ALS_OPERATION_ODER_UND_LESEN__D_HEAD_OFFEN	olsho lsair olcheey qokeechy qokchy daiin chody qodaiin cheody
G626-M00369	f104v	f104v.44	44	1	daiin	da	2	3	III	S	B	3	1	d-Wert III; lokal Mengen-/Gradmarker	NICHT_ALS_OPERATION_ODER_UND_LESEN__D_HEAD_OFFEN	daiin y cheeo chey okeeey qokeeey okeey okeey
G626-M00378	f105r	f105r.5	5	1	daiin	da	2	3	III	S	B	3	0	d-Wert III; lokal Mengen-/Gradmarker	NICHT_ALS_OPERATION_ODER_UND_LESEN__D_HEAD_OFFEN	daiin yteedy yteeeody yl cheod or aiiroekey otchdy otey
G626-M00389	f105r	f105r.15	15	11	daiin	da	2	3	III	S	B	3	1	d-Wert III; lokal Mengen-/Gradmarker	NICHT_ALS_OPERATION_ODER_UND_LESEN__D_HEAD_OFFEN	lksheey ol r aiin okeedy olkeeody lkaiin okeeol oteeol shod daiin aral
G626-M00391	f105r	f105r.17	17	9	daiin	da	2	3	III	S	B	3	1	d-Wert III; lokal Mengen-/Gradmarker	NICHT_ALS_OPERATION_ODER_UND_LESEN__D_HEAD_OFFEN	lteedy okeeddl sheokedy qokedy shol kol aiirol qokchedy daiin okedy q ky
G626-M00392	f105r	f105r.18	18	3	daiin	da	2	3	III	S	B	3	1	d-Wert III; lokal Mengen-/Gradmarker	NICHT_ALS_OPERATION_ODER_UND_LESEN__D_HEAD_OFFEN	sheoy oleedy daiin al chedy okeeey chdaiin otedy cheoty oteedy oteey chdy
G626-M00408	f105r	f105r.24	24	12	daiin	da	2	3	III	S	B	3	1	d-Wert III; lokal Mengen-/Gradmarker	NICHT_ALS_OPERATION_ODER_UND_LESEN__D_HEAD_OFFEN	pcheor ain ckheey okeeey paiin ar aiiin chpaiikey sheo pcheey dal daiin dam
G626-M00414	f105r	f105r.32	32	3	daiin	da	2	3	III	S	B	3	0	d-Wert III; lokal Mengen-/Gradmarker	NICHT_ALS_OPERATION_ODER_UND_LESEN__D_HEAD_OFFEN	ycheochy lkeol daiin qkair olkchey dar qopchdy dair otar ar ajam
G626-M00428	f105v	f105v.5	5	3	daiin	da	2	3	III	S	B	3	1	d-Wert III; lokal Mengen-/Gradmarker	NICHT_ALS_OPERATION_ODER_UND_LESEN__D_HEAD_OFFEN	pchedal qopchdy daiin chedy daiin okaildy opchedaiin opcheo olkeedy sairom
G626-M00429	f105v	f105v.5	5	5	daiin	da	2	3	III	S	B	3	1	d-Wert III; lokal Mengen-/Gradmarker	NICHT_ALS_OPERATION_ODER_UND_LESEN__D_HEAD_OFFEN	pchedal qopchdy daiin chedy daiin okaildy opchedaiin opcheo olkeedy sairom
G626-M00436	f105v	f105v.9	9	4	daiin	da	2	3	III	S	B	3	1	d-Wert III; lokal Mengen-/Gradmarker	NICHT_ALS_OPERATION_ODER_UND_LESEN__D_HEAD_OFFEN	lcheey qoeees y daiin okairy otchedy ockhedy otchey daiin or r ail l okam
G626-M00437	f105v	f105v.9	9	9	daiin	da	2	3	III	S	B	3	1	d-Wert III; lokal Mengen-/Gradmarker	NICHT_ALS_OPERATION_ODER_UND_LESEN__D_HEAD_OFFEN	lcheey qoeees y daiin okairy otchedy ockhedy otchey daiin or r ail l okam
G626-M00448	f105v	f105v.15	15	11	daiin	da	2	3	III	S	B	3	1	d-Wert III; lokal Mengen-/Gradmarker	NICHT_ALS_OPERATION_ODER_UND_LESEN__D_HEAD_OFFEN	ycheey kar ykeey otaiin ot al dar chdor kalchedy opchdy daiin oraiin r
G626-M00450	f105v	f105v.16	16	1	daiin	da	2	3	III	S	B	3	1	d-Wert III; lokal Mengen-/Gradmarker	NICHT_ALS_OPERATION_ODER_UND_LESEN__D_HEAD_OFFEN	daiin cheey dal chl okair aiin cpheor aiin okal chodaiin otaiin opaiim
G626-M00466	f105v	f105v.21	21	6	daiin	da	2	3	III	S	B	3	0	d-Wert III; lokal Mengen-/Gradmarker	NICHT_ALS_OPERATION_ODER_UND_LESEN__D_HEAD_OFFEN	ykeeo daiim sheey qokaiin cheot daiin qoek eeykeody qopaiin or aiikam
G626-M00468	f105v	f105v.22	22	1	daiin	da	2	3	III	S	B	3	1	d-Wert III; lokal Mengen-/Gradmarker	NICHT_ALS_OPERATION_ODER_UND_LESEN__D_HEAD_OFFEN	daiin cheodaiin chedal air okaiin cheey
G626-M00475	f105v	f105v.24	24	5	daiin	da	2	3	III	S	B	3	0	d-Wert III; lokal Mengen-/Gradmarker	NICHT_ALS_OPERATION_ODER_UND_LESEN__D_HEAD_OFFEN	alcheey okaiin otar oto daiin ckheol lkol fchedypaiin
G626-M00482	f105v	f105v.27	27	7	daiin	da	2	3	III	S	B	3	1	d-Wert III; lokal Mengen-/Gradmarker	NICHT_ALS_OPERATION_ODER_UND_LESEN__D_HEAD_OFFEN	sheoe arxor eesy qopcheo ain orkchdy daiin oteedy ko lkair otaiilody
G626-M00484	f105v	f105v.29	29	10	daiin	da	2	3	III	S	B	3	1	d-Wert III; lokal Mengen-/Gradmarker	NICHT_ALS_OPERATION_ODER_UND_LESEN__D_HEAD_OFFEN	tdol tor oaldar aiir okokeedy karody qoeedy sho qopchedy daiin opairam
G626-M00491	f105v	f105v.31	31	9	daiin	da	2	3	III	S	B	3	1	d-Wert III; lokal Mengen-/Gradmarker	NICHT_ALS_OPERATION_ODER_UND_LESEN__D_HEAD_OFFEN	ychtaiir aiichy dol aiin otaiin aiidy okchd otar daiin
G626-M00496	f105v	f105v.34	34	2	daiin	da	2	3	III	S	B	3	1	d-Wert III; lokal Mengen-/Gradmarker	NICHT_ALS_OPERATION_ODER_UND_LESEN__D_HEAD_OFFEN	sheeo daiin chsd qokeeey dair okaiin otaiin chedaiin olkal lkldain
G626-M00529	f106r	f106r.16	16	8	daiin	da	2	3	III	S	B	3	1	d-Wert III; lokal Mengen-/Gradmarker	NICHT_ALS_OPERATION_ODER_UND_LESEN__D_HEAD_OFFEN	soin oin okain aiin arol ocheedy lkeeeody daiin chedar okol otar chdam
G626-M00582	f106r	f106r.43	43	3	daiin	da	2	3	III	S	B	3	0	d-Wert III; lokal Mengen-/Gradmarker	NICHT_ALS_OPERATION_ODER_UND_LESEN__D_HEAD_OFFEN	daiiral sheol daiin otedy qokain okar cheor al taiin chekal otaras
G626-M00598	f106v	f106v.2	2	1	daiin	da	2	3	III	S	B	3	1	d-Wert III; lokal Mengen-/Gradmarker	NICHT_ALS_OPERATION_ODER_UND_LESEN__D_HEAD_OFFEN	daiin al sheeodar y chtain char otar qokar otar shed sheo keorain amchy
G626-M00608	f106v	f106v.6	6	1	daiin	da	2	3	III	S	B	3	1	d-Wert III; lokal Mengen-/Gradmarker	NICHT_ALS_OPERATION_ODER_UND_LESEN__D_HEAD_OFFEN	daiin shody kchedy sheody olkaiin shkar chody talshdy qokain kararo
G626-M00733	f107r	f107r.22	22	4	daiin	da	2	3	III	S	B	3	1	d-Wert III; lokal Mengen-/Gradmarker	NICHT_ALS_OPERATION_ODER_UND_LESEN__D_HEAD_OFFEN	yksheol okaiiin shoy daiin qotalal lshedy qokal r aiiin okair lldy
G626-M00750	f107r	f107r.31	31	1	daiin	da	2	3	III	S	B	3	1	d-Wert III; lokal Mengen-/Gradmarker	NICHT_ALS_OPERATION_ODER_UND_LESEN__D_HEAD_OFFEN	daiin sheol chdy okaiin sheykal shy kl al kal chdy r aiin chain yols
G626-M00763	f107r	f107r.35	35	1	daiin	da	2	3	III	S	B	3	1	d-Wert III; lokal Mengen-/Gradmarker	NICHT_ALS_OPERATION_ODER_UND_LESEN__D_HEAD_OFFEN	daiin shl lkeeol lchedy qokor lkaiin chedy qotaiin al ol kaldaim
G626-M00781	f107r	f107r.43	43	3	daiin	da	2	3	III	S	B	3	1	d-Wert III; lokal Mengen-/Gradmarker	NICHT_ALS_OPERATION_ODER_UND_LESEN__D_HEAD_OFFEN	okeear ay daiin sheody ykchedy chykaiin otal taiin chotaiir aram
G626-M00806	f107v	f107v.2	2	1	daiin	da	2	3	III	S	B	3	1	d-Wert III; lokal Mengen-/Gradmarker	NICHT_ALS_OPERATION_ODER_UND_LESEN__D_HEAD_OFFEN	daiin dckhy ol daiin chkal qokedy otal chedy oteos aiin otar alkain ol
G626-M00807	f107v	f107v.2	2	4	daiin	da	2	3	III	S	B	3	1	d-Wert III; lokal Mengen-/Gradmarker	NICHT_ALS_OPERATION_ODER_UND_LESEN__D_HEAD_OFFEN	daiin dckhy ol daiin chkal qokedy otal chedy oteos aiin otar alkain ol
G626-M00815	f107v	f107v.4	4	1	dain	da	1	2	II	S	B	3	0	d-Wert II; lokal Mengen-/Gradmarker	NICHT_ALS_OPERATION_ODER_UND_LESEN__D_HEAD_OFFEN	dain cheky okechy qokain shocthy otaiin alkaiin
G626-M00843	f107v	f107v.14	14	1	daiin	da	2	3	III	S	B	3	1	d-Wert III; lokal Mengen-/Gradmarker	NICHT_ALS_OPERATION_ODER_UND_LESEN__D_HEAD_OFFEN	daiin shaiin okaiin qokar qokal qokal cheody qokain okchdy dlkal
G626-M00871	f107v	f107v.24	24	1	dain	da	1	2	II	S	B	3	1	d-Wert II; lokal Mengen-/Gradmarker	NICHT_ALS_OPERATION_ODER_UND_LESEN__D_HEAD_OFFEN	dain olaiin chol olkain lkaiin
G626-M00906	f107v	f107v.38	38	1	dain	da	1	2	II	S	B	3	1	d-Wert II; lokal Mengen-/Gradmarker	NICHT_ALS_OPERATION_ODER_UND_LESEN__D_HEAD_OFFEN	dain okchey qokchey qokaiin olkeey qokol oteey oteey lkain
G626-M00927	f107v	f107v.47	47	8	daiin	da	2	3	III	S	B	3	1	d-Wert III; lokal Mengen-/Gradmarker	NICHT_ALS_OPERATION_ODER_UND_LESEN__D_HEAD_OFFEN	y cheey qokeey okeoteey qokey qokey qokeey daiin y okeey odain
G626-M00942	f108r	f108r.11	11	9	dain	da	1	2	II	S	B	3	1	d-Wert II; lokal Mengen-/Gradmarker	NICHT_ALS_OPERATION_ODER_UND_LESEN__D_HEAD_OFFEN	teodeey ar aiin okeey qetchdy oteeody okaiin ykeeo dain otalaiin oly
G626-M00944	f108r	f108r.12	12	3	dain	da	1	2	II	S	B	3	0	d-Wert II; lokal Mengen-/Gradmarker	NICHT_ALS_OPERATION_ODER_UND_LESEN__D_HEAD_OFFEN	tshey okchey dain aloiin ocheey qokaiin chlam okaiin okal kain alam
G626-M00955	f108r	f108r.16	16	4	daiin	da	2	3	III	S	B	3	1	d-Wert III; lokal Mengen-/Gradmarker	NICHT_ALS_OPERATION_ODER_UND_LESEN__D_HEAD_OFFEN	say olkaiin chckhy daiin dal daiin
G626-M00956	f108r	f108r.16	16	6	daiin	da	2	3	III	S	B	3	1	d-Wert III; lokal Mengen-/Gradmarker	NICHT_ALS_OPERATION_ODER_UND_LESEN__D_HEAD_OFFEN	say olkaiin chckhy daiin dal daiin
G626-M00960	f108r	f108r.18	18	3	daiin	da	2	3	III	S	B	3	1	d-Wert III; lokal Mengen-/Gradmarker	NICHT_ALS_OPERATION_ODER_UND_LESEN__D_HEAD_OFFEN	okeedy lkal daiin ykchedy qokol chedy qokedy lkedy okalo l chedl y
G626-M00962	f108r	f108r.20	20	1	dain	da	1	2	II	S	B	3	1	d-Wert II; lokal Mengen-/Gradmarker	NICHT_ALS_OPERATION_ODER_UND_LESEN__D_HEAD_OFFEN	dain chey qokeedy cholcheey dalkar okedy
G626-M00984	f108r	f108r.41	41	6	daiin	da	2	3	III	S	B	3	1	d-Wert III; lokal Mengen-/Gradmarker	NICHT_ALS_OPERATION_ODER_UND_LESEN__D_HEAD_OFFEN	sheedain qokeedy chokeedy qoteody keesho daiin chedy keedal as keodky
G626-M00987	f108r	f108r.45	45	1	dain	da	1	2	II	S	B	3	1	d-Wert II; lokal Mengen-/Gradmarker	NICHT_ALS_OPERATION_ODER_UND_LESEN__D_HEAD_OFFEN	dain sheckhy okeey keey lchedy okeey qokedy chedy dalkedy qokedy dal
G626-M00989	f108r	f108r.47	47	3	dain	da	1	2	II	S	B	3	0	d-Wert II; lokal Mengen-/Gradmarker	NICHT_ALS_OPERATION_ODER_UND_LESEN__D_HEAD_OFFEN	yched chockhey dain sheol okedy lkeedy oteedy qokeedy ched al keam
G626-M00990	f108r	f108r.48	48	6	dain	da	1	2	II	S	B	3	1	d-Wert II; lokal Mengen-/Gradmarker	NICHT_ALS_OPERATION_ODER_UND_LESEN__D_HEAD_OFFEN	pcheedy qokeo l okeol keol dain ar otedy qokedy qokeedy qokeedy lchdy
G626-M00993	f108v	f108v.2	2	1	daiin	da	2	3	III	S	B	3	1	d-Wert III; lokal Mengen-/Gradmarker	NICHT_ALS_OPERATION_ODER_UND_LESEN__D_HEAD_OFFEN	daiin shal qokedy qoeechy okain oteey checkhy lkeedy qokeedar araiin okam
G626-M01011	f108v	f108v.13	13	1	daiin	da	2	3	III	S	B	3	1	d-Wert III; lokal Mengen-/Gradmarker	NICHT_ALS_OPERATION_ODER_UND_LESEN__D_HEAD_OFFEN	daiin cheol qokeey qokeedy qokeey raiin chckhy okeey qokeedy okedain aldor
G626-M01022	f108v	f108v.21	21	1	daiin	da	2	3	III	S	B	3	1	d-Wert III; lokal Mengen-/Gradmarker	NICHT_ALS_OPERATION_ODER_UND_LESEN__D_HEAD_OFFEN	daiin shol olkeeey lky chedar chey kechey qotedy otedy oteedain cheody llod
G626-M01024	f108v	f108v.22	22	1	daiin	da	2	3	III	S	B	3	1	d-Wert III; lokal Mengen-/Gradmarker	NICHT_ALS_OPERATION_ODER_UND_LESEN__D_HEAD_OFFEN	daiin shey sheey dain alsar sheeo lkain shey cheeegaiin oloeeedy otaiin al
G626-M01025	f108v	f108v.22	22	4	dain	da	1	2	II	S	B	3	1	d-Wert II; lokal Mengen-/Gradmarker	NICHT_ALS_OPERATION_ODER_UND_LESEN__D_HEAD_OFFEN	daiin shey sheey dain alsar sheeo lkain shey cheeegaiin oloeeedy otaiin al
G626-M01029	f108v	f108v.23	23	5	daiin	da	2	3	III	S	B	3	1	d-Wert III; lokal Mengen-/Gradmarker	NICHT_ALS_OPERATION_ODER_UND_LESEN__D_HEAD_OFFEN	qokeeor okeey qoeey chodaal daiin checthal cheeky otar aiin chckhy lteedy
G626-M01031	f108v	f108v.24	24	1	daiin	da	2	3	III	S	B	3	1	d-Wert III; lokal Mengen-/Gradmarker	NICHT_ALS_OPERATION_ODER_UND_LESEN__D_HEAD_OFFEN	daiin chekeek checkhy ol r ain odar sheey daiin tchar okeedaiin oram
G626-M01033	f108v	f108v.24	24	9	daiin	da	2	3	III	S	B	3	1	d-Wert III; lokal Mengen-/Gradmarker	NICHT_ALS_OPERATION_ODER_UND_LESEN__D_HEAD_OFFEN	daiin chekeek checkhy ol r ain odar sheey daiin tchar okeedaiin oram
G626-M01052	f108v	f108v.32	32	1	dain	da	1	2	II	S	B	3	1	d-Wert II; lokal Mengen-/Gradmarker	NICHT_ALS_OPERATION_ODER_UND_LESEN__D_HEAD_OFFEN	dain shedain qokedar olkeedy qokeedy shedy chedar chedy oteedy qokam
G626-M01056	f108v	f108v.35	35	1	daiin	da	2	3	III	S	B	3	1	d-Wert III; lokal Mengen-/Gradmarker	NICHT_ALS_OPERATION_ODER_UND_LESEN__D_HEAD_OFFEN	daiin chedy lchedy sholkeedy qokeedy chey qokeey qokeedy oteedy lchedam
G626-M01057	f108v	f108v.36	36	1	daiin	da	2	3	III	S	B	3	1	d-Wert III; lokal Mengen-/Gradmarker	NICHT_ALS_OPERATION_ODER_UND_LESEN__D_HEAD_OFFEN	daiin shechy qokedy qokain chor chal chal chedy dain alal keedy otalys
G626-M01059	f108v	f108v.36	36	9	dain	da	1	2	II	S	B	3	1	d-Wert II; lokal Mengen-/Gradmarker	NICHT_ALS_OPERATION_ODER_UND_LESEN__D_HEAD_OFFEN	daiin shechy qokedy qokain chor chal chal chedy dain alal keedy otalys
G626-M01067	f108v	f108v.40	40	1	daiin	da	2	3	III	S	B	3	1	d-Wert III; lokal Mengen-/Gradmarker	NICHT_ALS_OPERATION_ODER_UND_LESEN__D_HEAD_OFFEN	daiin sheeal qokeedy qokeedy qokeedy qotey qokeey qokeey otedy qotaiin
G626-M01083	f108v	f108v.52	52	9	daiin	da	2	3	III	S	B	3	0	d-Wert III; lokal Mengen-/Gradmarker	NICHT_ALS_OPERATION_ODER_UND_LESEN__D_HEAD_OFFEN	saiin cheol qokeedy qokeedy chedy qokeey cheal llchey daiin okeey qokeey
G626-M01084	f10r	f10r.2	2	9	daiin	da	2	3	III	H	A	1	1	d-Wert III; lokal Mengen-/Gradmarker	NICHT_ALS_OPERATION_ODER_UND_LESEN__D_HEAD_OFFEN	dchey cthoor char chty os chair otytchol oky daiin etyd
G626-M01085	f10r	f10r.3	3	4	daiin	da	2	3	III	H	A	1	1	d-Wert III; lokal Mengen-/Gradmarker	NICHT_ALS_OPERATION_ODER_UND_LESEN__D_HEAD_OFFEN	qotor o tchy daiin chocthy qotchy chol or yty dy dy
G626-M01091	f10r	f10r.7	7	6	daiin	da	2	3	III	H	A	1	1	d-Wert III; lokal Mengen-/Gradmarker	NICHT_ALS_OPERATION_ODER_UND_LESEN__D_HEAD_OFFEN	dchy qokchol y kchaiin yty daiin cth dain dair am
G626-M01092	f10r	f10r.7	7	8	dain	da	1	2	II	H	A	1	1	d-Wert II; lokal Mengen-/Gradmarker	NICHT_ALS_OPERATION_ODER_UND_LESEN__D_HEAD_OFFEN	dchy qokchol y kchaiin yty daiin cth dain dair am
G626-M01093	f10r	f10r.8	8	7	daiin	da	2	3	III	H	A	1	1	d-Wert III; lokal Mengen-/Gradmarker	NICHT_ALS_OPERATION_ODER_UND_LESEN__D_HEAD_OFFEN	qotchor chor otol chol cholor chol daiin dar
G626-M01098	f10r	f10r.12	12	2	daiin	da	2	3	III	H	A	1	1	d-Wert III; lokal Mengen-/Gradmarker	NICHT_ALS_OPERATION_ODER_UND_LESEN__D_HEAD_OFFEN	odaiin daiin qotchy qotor
G626-M01100	f10v	f10v.1	1	2	daiin	da	2	3	III	H	A	1	1	d-Wert III; lokal Mengen-/Gradmarker	NICHT_ALS_OPERATION_ODER_UND_LESEN__D_HEAD_OFFEN	paiin daiin sheo pcheey qoty daiin cthor otydy sain
G626-M01101	f10v	f10v.1	1	6	daiin	da	2	3	III	H	A	1	1	d-Wert III; lokal Mengen-/Gradmarker	NICHT_ALS_OPERATION_ODER_UND_LESEN__D_HEAD_OFFEN	paiin daiin sheo pcheey qoty daiin cthor otydy sain
G626-M01103	f10v	f10v.2	2	1	dain	da	1	2	II	H	A	1	1	d-Wert II; lokal Mengen-/Gradmarker	NICHT_ALS_OPERATION_ODER_UND_LESEN__D_HEAD_OFFEN	dain daiin ckhy chcthor choiin qot chodaiin cthy daiin
G626-M01104	f10v	f10v.2	2	2	daiin	da	2	3	III	H	A	1	1	d-Wert III; lokal Mengen-/Gradmarker	NICHT_ALS_OPERATION_ODER_UND_LESEN__D_HEAD_OFFEN	dain daiin ckhy chcthor choiin qot chodaiin cthy daiin
G626-M01106	f10v	f10v.2	2	9	daiin	da	2	3	III	H	A	1	1	d-Wert III; lokal Mengen-/Gradmarker	NICHT_ALS_OPERATION_ODER_UND_LESEN__D_HEAD_OFFEN	dain daiin ckhy chcthor choiin qot chodaiin cthy daiin
G626-M01107	f10v	f10v.4	4	3	daiin	da	2	3	III	H	A	1	1	d-Wert III; lokal Mengen-/Gradmarker	NICHT_ALS_OPERATION_ODER_UND_LESEN__D_HEAD_OFFEN	qotchytor shoiin daiin qotchey shy ytor dain
G626-M01108	f10v	f10v.4	4	7	dain	da	1	2	II	H	A	1	1	d-Wert II; lokal Mengen-/Gradmarker	NICHT_ALS_OPERATION_ODER_UND_LESEN__D_HEAD_OFFEN	qotchytor shoiin daiin qotchey shy ytor dain
G626-M01109	f10v	f10v.5	5	3	daiin	da	2	3	III	H	A	1	1	d-Wert III; lokal Mengen-/Gradmarker	NICHT_ALS_OPERATION_ODER_UND_LESEN__D_HEAD_OFFEN	sho ykeey daiin qotchy qotor chol daiin qokchy ky
G626-M01110	f10v	f10v.5	5	7	daiin	da	2	3	III	H	A	1	1	d-Wert III; lokal Mengen-/Gradmarker	NICHT_ALS_OPERATION_ODER_UND_LESEN__D_HEAD_OFFEN	sho ykeey daiin qotchy qotor chol daiin qokchy ky
G626-M01112	f10v	f10v.7	7	6	daiin	da	2	3	III	H	A	1	1	d-Wert III; lokal Mengen-/Gradmarker	NICHT_ALS_OPERATION_ODER_UND_LESEN__D_HEAD_OFFEN	qokol chy ky chol cheky daiin dain chckhan
G626-M01113	f10v	f10v.7	7	7	dain	da	1	2	II	H	A	1	1	d-Wert II; lokal Mengen-/Gradmarker	NICHT_ALS_OPERATION_ODER_UND_LESEN__D_HEAD_OFFEN	qokol chy ky chol cheky daiin dain chckhan
G626-M01115	f111r	f111r.2	2	1	daiin	da	2	3	III	S	B	3	0	d-Wert III; lokal Mengen-/Gradmarker	NICHT_ALS_OPERATION_ODER_UND_LESEN__D_HEAD_OFFEN	daiin sheeky okeey okeey qaal shedy okeey oteey shedy chcthy lcheol oteeam
G626-M01117	f111r	f111r.4	4	4	daiin	da	2	3	III	S	B	3	1	d-Wert III; lokal Mengen-/Gradmarker	NICHT_ALS_OPERATION_ODER_UND_LESEN__D_HEAD_OFFEN	saiin oteedy qokeey daiin okedal chedy qokedy l shedy chchy okeey lor ar am
G626-M01120	f111r	f111r.6	6	1	dain	da	1	2	II	S	B	3	1	d-Wert II; lokal Mengen-/Gradmarker	NICHT_ALS_OPERATION_ODER_UND_LESEN__D_HEAD_OFFEN	dain shedy qoky chedy qok shed olchedy qokeedy teedy chdy keedy qotchedy dary
G626-M01123	f111r	f111r.8	8	1	daiin	da	2	3	III	S	B	3	1	d-Wert III; lokal Mengen-/Gradmarker	NICHT_ALS_OPERATION_ODER_UND_LESEN__D_HEAD_OFFEN	daiin o chedain daiin cheedy qokeey qokedy chy otshedy lkeeol lkeey qotchdy
G626-M01125	f111r	f111r.8	8	4	daiin	da	2	3	III	S	B	3	1	d-Wert III; lokal Mengen-/Gradmarker	NICHT_ALS_OPERATION_ODER_UND_LESEN__D_HEAD_OFFEN	daiin o chedain daiin cheedy qokeey qokedy chy otshedy lkeeol lkeey qotchdy
G626-M01134	f111r	f111r.11	11	11	daiin	da	2	3	III	S	B	3	1	d-Wert III; lokal Mengen-/Gradmarker	NICHT_ALS_OPERATION_ODER_UND_LESEN__D_HEAD_OFFEN	dshey lkeedy lkeedy cheedy oteedaiin sheedy ar ay shkaiin chey daiin daram
G626-M01135	f111r	f111r.13	13	9	dain	da	1	2	II	S	B	3	1	d-Wert II; lokal Mengen-/Gradmarker	NICHT_ALS_OPERATION_ODER_UND_LESEN__D_HEAD_OFFEN	qosheo lchdy lshedy olkeeedy lr al chr or dain shey arain chey teey cheodaiin
G626-M01140	f111r	f111r.15	15	8	daiin	da	2	3	III	S	B	3	1	d-Wert III; lokal Mengen-/Gradmarker	NICHT_ALS_OPERATION_ODER_UND_LESEN__D_HEAD_OFFEN	sheeodar aiin sheey shey oteody oteedy chey daiin oteol otedar tar pchdam
G626-M01142	f111r	f111r.18	18	1	daiin	da	2	3	III	S	B	3	0	d-Wert III; lokal Mengen-/Gradmarker	NICHT_ALS_OPERATION_ODER_UND_LESEN__D_HEAD_OFFEN	daiin shecthey oteody qochey qokeey chey teey qokeedy qokeedy cheol lokeedy lched
G626-M01145	f111r	f111r.21	21	1	daiin	da	2	3	III	S	B	3	1	d-Wert III; lokal Mengen-/Gradmarker	NICHT_ALS_OPERATION_ODER_UND_LESEN__D_HEAD_OFFEN	daiin okar ain teey oteey ox o r shey chey ky deedy cheo dain sheet ar al l cheotydy
G626-M01147	f111r	f111r.21	21	14	dain	da	1	2	II	S	B	3	0	d-Wert II; lokal Mengen-/Gradmarker	NICHT_ALS_OPERATION_ODER_UND_LESEN__D_HEAD_OFFEN	daiin okar ain teey oteey ox o r shey chey ky deedy cheo dain sheet ar al l cheotydy
G626-M01158	f111r	f111r.27	27	9	daiin	da	2	3	III	S	B	3	1	d-Wert III; lokal Mengen-/Gradmarker	NICHT_ALS_OPERATION_ODER_UND_LESEN__D_HEAD_OFFEN	dar sheod qokeey qokeody otey lkeedy chl lkeey daiin chedar chedyteedain olkal
G626-M01160	f111r	f111r.28	28	9	dain	da	1	2	II	S	B	3	1	d-Wert II; lokal Mengen-/Gradmarker	NICHT_ALS_OPERATION_ODER_UND_LESEN__D_HEAD_OFFEN	qokeeol shedy qokeod cheokeey sheokar shekeey qotees al dain chedy qotain alam
G626-M01171	f111r	f111r.37	37	1	dain	da	1	2	II	S	B	3	1	d-Wert II; lokal Mengen-/Gradmarker	NICHT_ALS_OPERATION_ODER_UND_LESEN__D_HEAD_OFFEN	dain chol l cheeol keeol lkeeedy qokeey l keedy l kedy okeal kain chckhy ltedy
G626-M01173	f111r	f111r.38	38	2	daiin	da	2	3	III	S	B	3	1	d-Wert III; lokal Mengen-/Gradmarker	NICHT_ALS_OPERATION_ODER_UND_LESEN__D_HEAD_OFFEN	dched daiin al okeey kechedy chcthedy chedain otedy qokeedy key l ltain
G626-M01182	f111r	f111r.41	41	9	daiin	da	2	3	III	S	B	3	1	d-Wert III; lokal Mengen-/Gradmarker	NICHT_ALS_OPERATION_ODER_UND_LESEN__D_HEAD_OFFEN	ycheey raiin cheody qokechy qokeey okedy lchedy qokeeal daiin otaral
G626-M01210	f111v	f111v.3	3	1	dain	da	1	2	II	S	B	3	1	d-Wert II; lokal Mengen-/Gradmarker	NICHT_ALS_OPERATION_ODER_UND_LESEN__D_HEAD_OFFEN	dain chedy shedal otedy oteey chedy qokeey dain chcthar otar qotain otaim
G626-M01211	f111v	f111v.3	3	8	dain	da	1	2	II	S	B	3	1	d-Wert II; lokal Mengen-/Gradmarker	NICHT_ALS_OPERATION_ODER_UND_LESEN__D_HEAD_OFFEN	dain chedy shedal otedy oteey chedy qokeey dain chcthar otar qotain otaim
G626-M01213	f111v	f111v.4	4	1	daiin	da	2	3	III	S	B	3	1	d-Wert III; lokal Mengen-/Gradmarker	NICHT_ALS_OPERATION_ODER_UND_LESEN__D_HEAD_OFFEN	daiin chey chokedair air alo lshedy qotedy qokedar oteedy okedy chedy lkam
G626-M01259	f111v	f111v.18	18	14	dain	da	1	2	II	S	B	3	0	d-Wert II; lokal Mengen-/Gradmarker	NICHT_ALS_OPERATION_ODER_UND_LESEN__D_HEAD_OFFEN	tais shedy qoeedaiin okain ey kaiin shey otain alkain o l r ol dain
G626-M01283	f111v	f111v.23	23	10	daiin	da	2	3	III	S	B	3	1	d-Wert III; lokal Mengen-/Gradmarker	NICHT_ALS_OPERATION_ODER_UND_LESEN__D_HEAD_OFFEN	qokaiin sheckhy qokar chalkain chckhedy lcheol okaiin qokain cheol daiin lam
G626-M01335	f111v	f111v.43	43	2	daiin	da	2	3	III	S	B	3	1	d-Wert III; lokal Mengen-/Gradmarker	NICHT_ALS_OPERATION_ODER_UND_LESEN__D_HEAD_OFFEN	ycheo daiin sheeky chokeal sheekar okaiin otain chear alo laiin chotag
G626-M01339	f111v	f111v.44	44	1	dain	da	1	2	II	S	B	3	1	d-Wert II; lokal Mengen-/Gradmarker	NICHT_ALS_OPERATION_ODER_UND_LESEN__D_HEAD_OFFEN	dain teeodain cheeal olaiin or
G626-M01418	f112v	f112v.5	5	4	daiin	da	2	3	III	S	B	3	1	d-Wert III; lokal Mengen-/Gradmarker	NICHT_ALS_OPERATION_ODER_UND_LESEN__D_HEAD_OFFEN	sain aiiin okey daiin otal chear okedy okaiin cheeoldy
G626-M01431	f112v	f112v.10	10	1	dain	da	1	2	II	S	B	3	1	d-Wert II; lokal Mengen-/Gradmarker	NICHT_ALS_OPERATION_ODER_UND_LESEN__D_HEAD_OFFEN	dain sheey okchedy oror
G626-M01434	f112v	f112v.12	12	1	daiin	da	2	3	III	S	B	3	1	d-Wert III; lokal Mengen-/Gradmarker	NICHT_ALS_OPERATION_ODER_UND_LESEN__D_HEAD_OFFEN	daiin al olkeedain oteey sheeol qokeedy qochaiin oteey qoty
G626-M01437	f112v	f112v.13	13	5	daiin	da	2	3	III	S	B	3	1	d-Wert III; lokal Mengen-/Gradmarker	NICHT_ALS_OPERATION_ODER_UND_LESEN__D_HEAD_OFFEN	dcheoty oy otchedy chedy daiin chedal chedy qokaiin otam
G626-M01446	f112v	f112v.17	17	1	daiin	da	2	3	III	S	B	3	1	d-Wert III; lokal Mengen-/Gradmarker	NICHT_ALS_OPERATION_ODER_UND_LESEN__D_HEAD_OFFEN	daiin chear chedy chy keedy chdaiin cheedy qokain otaldal
G626-M01489	f112v	f112v.38	38	12	dain	da	1	2	II	S	B	3	1	d-Wert II; lokal Mengen-/Gradmarker	NICHT_ALS_OPERATION_ODER_UND_LESEN__D_HEAD_OFFEN	sa ar oiin okchey al chedy chol otaiin chedar lkain cheo dain
G626-M01493	f112v	f112v.40	40	7	daiin	da	2	3	III	S	B	3	1	d-Wert III; lokal Mengen-/Gradmarker	NICHT_ALS_OPERATION_ODER_UND_LESEN__D_HEAD_OFFEN	y cheol lchedy chckhy cheolchal shchy daiin cheolor okain chedy daiin
G626-M01495	f112v	f112v.40	40	11	daiin	da	2	3	III	S	B	3	1	d-Wert III; lokal Mengen-/Gradmarker	NICHT_ALS_OPERATION_ODER_UND_LESEN__D_HEAD_OFFEN	y cheol lchedy chckhy cheolchal shchy daiin cheolor okain chedy daiin
G626-M01527	f113r	f113r.11	11	1	daiin	da	2	3	III	S	B	3	1	d-Wert III; lokal Mengen-/Gradmarker	NICHT_ALS_OPERATION_ODER_UND_LESEN__D_HEAD_OFFEN	daiin cholchey okecheey chokeo l sheo qoaiin shoo keeeol keody chor chor kal laram
G626-M01557	f113r	f113r.28	28	6	daiin	da	2	3	III	S	B	3	1	d-Wert III; lokal Mengen-/Gradmarker	NICHT_ALS_OPERATION_ODER_UND_LESEN__D_HEAD_OFFEN	sar al chal os akchy daiin cheeeo rain otain chol lcholkaiin cheokedy lodas
G626-M01581	f113r	f113r.38	38	1	daiin	da	2	3	III	S	B	3	1	d-Wert III; lokal Mengen-/Gradmarker	NICHT_ALS_OPERATION_ODER_UND_LESEN__D_HEAD_OFFEN	daiin sheor qoteey daiin okchedy sheos aiin
G626-M01582	f113r	f113r.38	38	4	daiin	da	2	3	III	S	B	3	0	d-Wert III; lokal Mengen-/Gradmarker	NICHT_ALS_OPERATION_ODER_UND_LESEN__D_HEAD_OFFEN	daiin sheor qoteey daiin okchedy sheos aiin
G626-M01630	f113v	f113v.16	16	1	daiin	da	2	3	III	S	B	3	1	d-Wert III; lokal Mengen-/Gradmarker	NICHT_ALS_OPERATION_ODER_UND_LESEN__D_HEAD_OFFEN	daiin chl l keey lkaiin chdain qokain eor okalchedy qokar olkam ar
G626-M01637	f113v	f113v.19	19	1	daiin	da	2	3	III	S	B	3	0	d-Wert III; lokal Mengen-/Gradmarker	NICHT_ALS_OPERATION_ODER_UND_LESEN__D_HEAD_OFFEN	daiin qokeeody qokar okaiin qokaiin okar checthy okal ched lchal qckham
G626-M01664	f113v	f113v.31	31	1	daiiin	da	3	4	IV	S	B	3	1	d-Wert IV; lokal Mengen-/Gradmarker	NICHT_ALS_OPERATION_ODER_UND_LESEN__D_HEAD_OFFEN	daiiin cheol teeoar shek lchedy okaiin chckhaiin otaiin otaiin araral
G626-M01673	f113v	f113v.34	34	1	daiin	da	2	3	III	S	B	3	1	d-Wert III; lokal Mengen-/Gradmarker	NICHT_ALS_OPERATION_ODER_UND_LESEN__D_HEAD_OFFEN	daiin cheaiin okchey cheky qokain otecheedy qokaiin chckhey chearam
G626-M01682	f113v	f113v.37	37	8	daiin	da	2	3	III	S	B	3	0	d-Wert III; lokal Mengen-/Gradmarker	NICHT_ALS_OPERATION_ODER_UND_LESEN__D_HEAD_OFFEN	qol aiin olaiin oteeey lchedy qokair y daiin
G626-M01698	f113v	f113v.44	44	1	daiin	da	2	3	III	S	B	3	1	d-Wert III; lokal Mengen-/Gradmarker	NICHT_ALS_OPERATION_ODER_UND_LESEN__D_HEAD_OFFEN	daiin cheal otain okar otaiin oloiin
G626-M01719	f114r	f114r.5	5	5	daiin	da	2	3	III	S	B	3	1	d-Wert III; lokal Mengen-/Gradmarker	NICHT_ALS_OPERATION_ODER_UND_LESEN__D_HEAD_OFFEN	loiin chedy qokaiin chdy daiin dchds eedol chdol kchedy cho kaiin chdy
G626-M01721	f114r	f114r.6	6	5	daiin	da	2	3	III	S	B	3	1	d-Wert III; lokal Mengen-/Gradmarker	NICHT_ALS_OPERATION_ODER_UND_LESEN__D_HEAD_OFFEN	qoeedy okchedy doiiin chedy daiin ykeedy okeeedy chedol chdaiin ykar dary
G626-M01730	f114r	f114r.9	9	3	daiin	da	2	3	III	S	B	3	1	d-Wert III; lokal Mengen-/Gradmarker	NICHT_ALS_OPERATION_ODER_UND_LESEN__D_HEAD_OFFEN	dcheod qodaiin daiin chey kal dody chdairod okchdy chody daiin dar oarorold
G626-M01731	f114r	f114r.9	9	10	daiin	da	2	3	III	S	B	3	1	d-Wert III; lokal Mengen-/Gradmarker	NICHT_ALS_OPERATION_ODER_UND_LESEN__D_HEAD_OFFEN	dcheod qodaiin daiin chey kal dody chdairod okchdy chody daiin dar oarorold
G626-M01736	f114r	f114r.13	13	2	daiin	da	2	3	III	S	B	3	1	d-Wert III; lokal Mengen-/Gradmarker	NICHT_ALS_OPERATION_ODER_UND_LESEN__D_HEAD_OFFEN	qokchedy daiin octhdy
G626-M01742	f114r	f114r.17	17	5	daiin	da	2	3	III	S	B	3	1	d-Wert III; lokal Mengen-/Gradmarker	NICHT_ALS_OPERATION_ODER_UND_LESEN__D_HEAD_OFFEN	qokeedain cheedy qokey qokeeodaiin daiin oeted akaiin otchedy qokchedy chckhd
G626-M01746	f114r	f114r.19	19	7	daiin	da	2	3	III	S	B	3	1	d-Wert III; lokal Mengen-/Gradmarker	NICHT_ALS_OPERATION_ODER_UND_LESEN__D_HEAD_OFFEN	pairody shedar qopchdy dchedy dol qopchedy daiin ofchedaiin chodaiin opair dar oty
G626-M01765	f114r	f114r.27	27	2	daiin	da	2	3	III	S	B	3	1	d-Wert III; lokal Mengen-/Gradmarker	NICHT_ALS_OPERATION_ODER_UND_LESEN__D_HEAD_OFFEN	cheeo daiin sheedy qodaiin ksam chodal olchedy
G626-M01769	f114r	f114r.29	29	7	daiiin	da	3	4	IV	S	B	3	1	d-Wert IV; lokal Mengen-/Gradmarker	NICHT_ALS_OPERATION_ODER_UND_LESEN__D_HEAD_OFFEN	chol oeedy keedy cheey cheodeey keedeedy daiiin ald air ar shol chedy otchedy qoty
G626-M01786	f114r	f114r.33	33	1	daiin	da	2	3	III	S	B	3	1	d-Wert III; lokal Mengen-/Gradmarker	NICHT_ALS_OPERATION_ODER_UND_LESEN__D_HEAD_OFFEN	daiin oteed aiin saiin yteey aiin al odaiin chedal odaiis aiin cheo dal chedy
G626-M01808	f114r	f114r.39	39	3	daiin	da	2	3	III	S	B	3	1	d-Wert III; lokal Mengen-/Gradmarker	NICHT_ALS_OPERATION_ODER_UND_LESEN__D_HEAD_OFFEN	todaiin cheoltchedaiin daiin okar qoeedain qcho oeda opchedy qetchar
G626-M01811	f114r	f114r.41	41	2	daiin	da	2	3	III	S	B	3	1	d-Wert III; lokal Mengen-/Gradmarker	NICHT_ALS_OPERATION_ODER_UND_LESEN__D_HEAD_OFFEN	oshey daiin sheody qoty cheey taiin qokaiin qokeeedy oqotaiiin o qoeeosain
G626-M01821	f114r	f114r.43	43	11	dain	da	1	2	II	S	B	3	1	d-Wert II; lokal Mengen-/Gradmarker	NICHT_ALS_OPERATION_ODER_UND_LESEN__D_HEAD_OFFEN	ycheedy qoodaiin daiiral chedal chos oral tedy qotchdy qotar cheo dain
G626-M01825	f114r	f114r.45	45	1	dain	da	1	2	II	S	B	3	1	d-Wert II; lokal Mengen-/Gradmarker	NICHT_ALS_OPERATION_ODER_UND_LESEN__D_HEAD_OFFEN	dain ched chodaiin otain chdar chedy chocthy
G626-M01829	f114v	f114v.1	1	10	daiin	da	2	3	III	S	B	3	1	d-Wert III; lokal Mengen-/Gradmarker	NICHT_ALS_OPERATION_ODER_UND_LESEN__D_HEAD_OFFEN	pchdol dar chedain chodalr fcheey dchedy qocphdy otdady qotedar daiin
G626-M01835	f114v	f114v.4	4	8	daiin	da	2	3	III	S	B	3	1	d-Wert III; lokal Mengen-/Gradmarker	NICHT_ALS_OPERATION_ODER_UND_LESEN__D_HEAD_OFFEN	qokedy cheocthedy qoted qotedol chedar qotedy okeedy daiin chedaiin oky
G626-M01852	f114v	f114v.10	10	6	dain	da	1	2	II	S	B	3	1	d-Wert II; lokal Mengen-/Gradmarker	NICHT_ALS_OPERATION_ODER_UND_LESEN__D_HEAD_OFFEN	olkees chedaiin qotaiin olchedaiin chedain dain chcthdy
G626-M01857	f114v	f114v.12	12	5	daiin	da	2	3	III	S	B	3	1	d-Wert III; lokal Mengen-/Gradmarker	NICHT_ALS_OPERATION_ODER_UND_LESEN__D_HEAD_OFFEN	ochedy choaiin ch chedal daiin ytar otchedy qotaiin dain dar yog
G626-M01859	f114v	f114v.12	12	9	dain	da	1	2	II	S	B	3	1	d-Wert II; lokal Mengen-/Gradmarker	NICHT_ALS_OPERATION_ODER_UND_LESEN__D_HEAD_OFFEN	ochedy choaiin ch chedal daiin ytar otchedy qotaiin dain dar yog
G626-M01872	f114v	f114v.20	20	6	daiin	da	2	3	III	S	B	3	1	d-Wert III; lokal Mengen-/Gradmarker	NICHT_ALS_OPERATION_ODER_UND_LESEN__D_HEAD_OFFEN	tshedain qotchody qokol shedy qokchedy daiin qofchdar chdor chdy dary
G626-M01875	f114v	f114v.21	21	9	dain	da	1	2	II	S	B	3	0	d-Wert II; lokal Mengen-/Gradmarker	NICHT_ALS_OPERATION_ODER_UND_LESEN__D_HEAD_OFFEN	dair cheeo chy chdaiin qokedy otcheodaiin qokchdy otedal dain aral
G626-M01910	f114v	f114v.39	39	6	daiin	da	2	3	III	S	B	3	1	d-Wert III; lokal Mengen-/Gradmarker	NICHT_ALS_OPERATION_ODER_UND_LESEN__D_HEAD_OFFEN	qo eecheedy o kecheokeo oteo daiin okaiin choty odaiin otam
G626-M01914	f114v	f114v.40	40	9	daiin	da	2	3	III	S	B	3	0	d-Wert III; lokal Mengen-/Gradmarker	NICHT_ALS_OPERATION_ODER_UND_LESEN__D_HEAD_OFFEN	eeo cheo y oteey qotaiin cheo l oteeey daiin oteey teeedy dm
G626-M01928	f115r	f115r.11	11	1	daiin	da	2	3	III	S	B	@	1	d-Wert III; lokal Mengen-/Gradmarker	NICHT_ALS_OPERATION_ODER_UND_LESEN__D_HEAD_OFFEN	daiin chedy chol chedy qokoiin qokcheedy qototeeey rain cheo chkain cho lory
G626-M01939	f115r	f115r.17	17	4	daiin	da	2	3	III	S	B	@	1	d-Wert III; lokal Mengen-/Gradmarker	NICHT_ALS_OPERATION_ODER_UND_LESEN__D_HEAD_OFFEN	qol cheey qotchy daiin daiin cheocthy dolkeedy qotaiin chol oteeedchey okeedain
G626-M01940	f115r	f115r.17	17	5	daiin	da	2	3	III	S	B	@	1	d-Wert III; lokal Mengen-/Gradmarker	NICHT_ALS_OPERATION_ODER_UND_LESEN__D_HEAD_OFFEN	qol cheey qotchy daiin daiin cheocthy dolkeedy qotaiin chol oteeedchey okeedain
G626-M01954	f115r	f115r.31	31	6	daiin	da	2	3	III	S	B	@	1	d-Wert III; lokal Mengen-/Gradmarker	NICHT_ALS_OPERATION_ODER_UND_LESEN__D_HEAD_OFFEN	shod ykaiin chdy qotchedy dchol daiin qopol qokairor lchea raiin dlchd
G626-M01966	f115r	f115r.36	36	1	daiin	da	2	3	III	S	B	@	0	d-Wert III; lokal Mengen-/Gradmarker	NICHT_ALS_OPERATION_ODER_UND_LESEN__D_HEAD_OFFEN	daiin cheey qoek chody qodain sheey dar oranol
G626-M01971	f115r	f115r.38	38	10	daiin	da	2	3	III	S	B	@	1	d-Wert III; lokal Mengen-/Gradmarker	NICHT_ALS_OPERATION_ODER_UND_LESEN__D_HEAD_OFFEN	dor cheol chot qotchy qokchy sol raiin shey kchedy daiin shedy qoty
G626-M01977	f115r	f115r.43	43	2	dain	da	1	2	II	S	B	@	1	d-Wert II; lokal Mengen-/Gradmarker	NICHT_ALS_OPERATION_ODER_UND_LESEN__D_HEAD_OFFEN	dcheo dain sheol qotchedy qokchedy qokchedy chotar orar oiin olchdy
G626-M02004	f115v	f115v.16	16	1	dain	da	1	2	II	S	B	3	1	d-Wert II; lokal Mengen-/Gradmarker	NICHT_ALS_OPERATION_ODER_UND_LESEN__D_HEAD_OFFEN	dain ar oteey qoteol kar y sheo lkechdy qokar qokey lko rokeedy ld
G626-M02009	f115v	f115v.19	19	8	dain	da	1	2	II	S	B	3	1	d-Wert II; lokal Mengen-/Gradmarker	NICHT_ALS_OPERATION_ODER_UND_LESEN__D_HEAD_OFFEN	yshedy qokeedy lxor xoiin choto keeody qoteody dain qokchedy ralom
G626-M02047	f116r	f116r.3	3	1	dain	da	1	2	II	S	B	3	1	d-Wert II; lokal Mengen-/Gradmarker	NICHT_ALS_OPERATION_ODER_UND_LESEN__D_HEAD_OFFEN	dain chl lshey cthy lshedy oteor shey qo saly
G626-M02049	f116r	f116r.5	5	1	dain	da	1	2	II	S	B	3	0	d-Wert II; lokal Mengen-/Gradmarker	NICHT_ALS_OPERATION_ODER_UND_LESEN__D_HEAD_OFFEN	dain sheed qokchdy otal chedy lkain oteedy otor aiin oty lol rol oly
G626-M02064	f116r	f116r.12	12	5	dain	da	1	2	II	S	B	3	1	d-Wert II; lokal Mengen-/Gradmarker	NICHT_ALS_OPERATION_ODER_UND_LESEN__D_HEAD_OFFEN	qoin ar cholches okain dain cheey okeey otain olchdy otal dain olam
G626-M02066	f116r	f116r.12	12	11	dain	da	1	2	II	S	B	3	0	d-Wert II; lokal Mengen-/Gradmarker	NICHT_ALS_OPERATION_ODER_UND_LESEN__D_HEAD_OFFEN	qoin ar cholches okain dain cheey okeey otain olchdy otal dain olam
G626-M02072	f116r	f116r.15	15	6	daiin	da	2	3	III	S	B	3	1	d-Wert III; lokal Mengen-/Gradmarker	NICHT_ALS_OPERATION_ODER_UND_LESEN__D_HEAD_OFFEN	pchoetal otedal otal oteedy olr daiin okeedy qoky dar al keedy shdy
G626-M02073	f116r	f116r.16	16	9	dain	da	1	2	II	S	B	3	1	d-Wert II; lokal Mengen-/Gradmarker	NICHT_ALS_OPERATION_ODER_UND_LESEN__D_HEAD_OFFEN	dar chedy sheedy otal al lchedy shcthy qotey dain otar otarar opam
G626-M02074	f116r	f116r.17	17	1	dain	da	1	2	II	S	B	3	1	d-Wert II; lokal Mengen-/Gradmarker	NICHT_ALS_OPERATION_ODER_UND_LESEN__D_HEAD_OFFEN	dain chey qokeey okeey lain okeey qol chedy
G626-M02081	f116r	f116r.19	19	13	dain	da	1	2	II	S	B	3	1	d-Wert II; lokal Mengen-/Gradmarker	NICHT_ALS_OPERATION_ODER_UND_LESEN__D_HEAD_OFFEN	porchey sheedy qotain chetar qotar ar arody chcthy rain otey ot y dain
G626-M02089	f116r	f116r.23	23	1	dain	da	1	2	II	S	B	3	1	d-Wert II; lokal Mengen-/Gradmarker	NICHT_ALS_OPERATION_ODER_UND_LESEN__D_HEAD_OFFEN	dain cheeteey lkar shedy qokal shedy qoteedy ches ain ain aly salo lm
G626-M02097	f116r	f116r.27	27	1	daiin	da	2	3	III	S	B	3	1	d-Wert III; lokal Mengen-/Gradmarker	NICHT_ALS_OPERATION_ODER_UND_LESEN__D_HEAD_OFFEN	daiin chey qokey lshedy orain chckhy lkain chy pshedy lshedy qoky ram
G626-M02123	f116r	f116r.36	36	7	dain	da	1	2	II	S	B	3	1	d-Wert II; lokal Mengen-/Gradmarker	NICHT_ALS_OPERATION_ODER_UND_LESEN__D_HEAD_OFFEN	qokeey rain shey okeey lkain l dain chey sheckhy qy qokl ain
G626-M02126	f116r	f116r.38	38	1	daiin	da	2	3	III	S	B	3	1	d-Wert III; lokal Mengen-/Gradmarker	NICHT_ALS_OPERATION_ODER_UND_LESEN__D_HEAD_OFFEN	daiin qokeey lshey qokaiin chkar shey okaiin chedy qokeedy raiin shy
G626-M02152	f116r	f116r.48	48	7	dain	da	1	2	II	S	B	3	1	d-Wert II; lokal Mengen-/Gradmarker	NICHT_ALS_OPERATION_ODER_UND_LESEN__D_HEAD_OFFEN	sykar ain olkeey dainchey qokar chey dain y otan otain oly
G626-M02159	f11r	f11r.2	2	5	daiin	da	2	3	III	H	A	1	1	d-Wert III; lokal Mengen-/Gradmarker	NICHT_ALS_OPERATION_ODER_UND_LESEN__D_HEAD_OFFEN	socthody qodor y kshy daiin ytchy ytchoky kchol daiin
G626-M02160	f11r	f11r.2	2	9	daiin	da	2	3	III	H	A	1	1	d-Wert III; lokal Mengen-/Gradmarker	NICHT_ALS_OPERATION_ODER_UND_LESEN__D_HEAD_OFFEN	socthody qodor y kshy daiin ytchy ytchoky kchol daiin
G626-M02161	f11r	f11r.3	3	7	dain	da	1	2	II	H	A	1	1	d-Wert II; lokal Mengen-/Gradmarker	NICHT_ALS_OPERATION_ODER_UND_LESEN__D_HEAD_OFFEN	qoty chol cthy dor ykychy choty dain chaiin daiin dod
G626-M02163	f11r	f11r.3	3	9	daiin	da	2	3	III	H	A	1	1	d-Wert III; lokal Mengen-/Gradmarker	NICHT_ALS_OPERATION_ODER_UND_LESEN__D_HEAD_OFFEN	qoty chol cthy dor ykychy choty dain chaiin daiin dod
G626-M02164	f11r	f11r.4	4	5	daiin	da	2	3	III	H	A	1	1	d-Wert III; lokal Mengen-/Gradmarker	NICHT_ALS_OPERATION_ODER_UND_LESEN__D_HEAD_OFFEN	dchol chy kchy dy daiin
G626-M02165	f11r	f11r.5	5	6	daiin	da	2	3	III	H	A	1	1	d-Wert III; lokal Mengen-/Gradmarker	NICHT_ALS_OPERATION_ODER_UND_LESEN__D_HEAD_OFFEN	tchol shor shor dky y daiin cthy d y chodl daiin
G626-M02166	f11r	f11r.5	5	11	daiin	da	2	3	III	H	A	1	0	d-Wert III; lokal Mengen-/Gradmarker	NICHT_ALS_OPERATION_ODER_UND_LESEN__D_HEAD_OFFEN	tchol shor shor dky y daiin cthy d y chodl daiin
G626-M02168	f11r	f11r.6	6	12	daiin	da	2	3	III	H	A	1	1	d-Wert III; lokal Mengen-/Gradmarker	NICHT_ALS_OPERATION_ODER_UND_LESEN__D_HEAD_OFFEN	odl d s y otol chaiin ykchor dair chody cthy s daiin
G626-M02169	f11v	f11v.1	1	7	dan	da	0	1	I	H	A	1	1	d-Wert I; lokal Mengen-/Gradmarker	NICHT_ALS_OPERATION_ODER_UND_LESEN__D_HEAD_OFFEN	poldchody shcphy shordy qoty shol cphar dan y
G626-M02170	f11v	f11v.2	2	5	daiin	da	2	3	III	H	A	1	1	d-Wert III; lokal Mengen-/Gradmarker	NICHT_ALS_OPERATION_ODER_UND_LESEN__D_HEAD_OFFEN	shol dy chckhy shcthy daiin dam ykchy dain dchy
G626-M02171	f11v	f11v.2	2	8	dain	da	1	2	II	H	A	1	1	d-Wert II; lokal Mengen-/Gradmarker	NICHT_ALS_OPERATION_ODER_UND_LESEN__D_HEAD_OFFEN	shol dy chckhy shcthy daiin dam ykchy dain dchy
G626-M02172	f13r	f13r.2	2	9	daiin	da	2	3	III	H	A	1	0	d-Wert III; lokal Mengen-/Gradmarker	NICHT_ALS_OPERATION_ODER_UND_LESEN__D_HEAD_OFFEN	dchol chol dol shkchy ydal shy ykchy qoty daiin s y
G626-M02174	f13r	f13r.6	6	3	daiin	da	2	3	III	H	A	1	1	d-Wert III; lokal Mengen-/Gradmarker	NICHT_ALS_OPERATION_ODER_UND_LESEN__D_HEAD_OFFEN	tchor dor daiin qotchol okchy okchor oiin chckhy d
G626-M02176	f13r	f13r.8	8	7	daiin	da	2	3	III	H	A	1	1	d-Wert III; lokal Mengen-/Gradmarker	NICHT_ALS_OPERATION_ODER_UND_LESEN__D_HEAD_OFFEN	shochy qokchy torchy k s okchey daiin
G626-M02178	f13v	f13v.5	5	2	daiin	da	2	3	III	H	A	1	1	d-Wert III; lokal Mengen-/Gradmarker	NICHT_ALS_OPERATION_ODER_UND_LESEN__D_HEAD_OFFEN	qoky daiin
G626-M02180	f13v	f13v.7	7	1	dain	da	1	2	II	H	A	1	1	d-Wert II; lokal Mengen-/Gradmarker	NICHT_ALS_OPERATION_ODER_UND_LESEN__D_HEAD_OFFEN	dain okal chy qokchory dchy kokydaiin shon
G626-M02182	f13v	f13v.8	8	2	daiin	da	2	3	III	H	A	1	1	d-Wert III; lokal Mengen-/Gradmarker	NICHT_ALS_OPERATION_ODER_UND_LESEN__D_HEAD_OFFEN	otchy daiin y dain ykol okchy o kald d y taiin
G626-M02183	f13v	f13v.8	8	4	dain	da	1	2	II	H	A	1	0	d-Wert II; lokal Mengen-/Gradmarker	NICHT_ALS_OPERATION_ODER_UND_LESEN__D_HEAD_OFFEN	otchy daiin y dain ykol okchy o kald d y taiin
G626-M02185	f14r	f14r.1	1	2	daiin	da	2	3	III	H	A	1	1	d-Wert III; lokal Mengen-/Gradmarker	NICHT_ALS_OPERATION_ODER_UND_LESEN__D_HEAD_OFFEN	pcho daiin chopol shoiin daiin dain
G626-M02186	f14r	f14r.1	1	5	daiin	da	2	3	III	H	A	1	0	d-Wert III; lokal Mengen-/Gradmarker	NICHT_ALS_OPERATION_ODER_UND_LESEN__D_HEAD_OFFEN	pcho daiin chopol shoiin daiin dain
G626-M02187	f14r	f14r.1	1	6	dain	da	1	2	II	H	A	1	1	d-Wert II; lokal Mengen-/Gradmarker	NICHT_ALS_OPERATION_ODER_UND_LESEN__D_HEAD_OFFEN	pcho daiin chopol shoiin daiin dain
G626-M02189	f14r	f14r.3	3	4	daiin	da	2	3	III	H	A	1	1	d-Wert III; lokal Mengen-/Gradmarker	NICHT_ALS_OPERATION_ODER_UND_LESEN__D_HEAD_OFFEN	ydaiin olchy kchor daiin olol
G626-M02190	f14r	f14r.4	4	4	daiin	da	2	3	III	H	A	1	1	d-Wert III; lokal Mengen-/Gradmarker	NICHT_ALS_OPERATION_ODER_UND_LESEN__D_HEAD_OFFEN	ochkchor kol shy daiin dorody
G626-M02191	f14r	f14r.7	7	2	dain	da	1	2	II	H	A	1	1	d-Wert II; lokal Mengen-/Gradmarker	NICHT_ALS_OPERATION_ODER_UND_LESEN__D_HEAD_OFFEN	otcho dain chckhy
G626-M02195	f14v	f14v.1	1	6	daiin	da	2	3	III	H	A	1	1	d-Wert III; lokal Mengen-/Gradmarker	NICHT_ALS_OPERATION_ODER_UND_LESEN__D_HEAD_OFFEN	pdychoiin yfodain otyshy dy ypchor daiin kol ydain
G626-M02197	f14v	f14v.2	2	10	daiin	da	2	3	III	H	A	1	1	d-Wert III; lokal Mengen-/Gradmarker	NICHT_ALS_OPERATION_ODER_UND_LESEN__D_HEAD_OFFEN	okchor d chytshy oty chy cthy otchy ty chol daiin
G626-M02198	f14v	f14v.3	3	3	daiin	da	2	3	III	H	A	1	1	d-Wert III; lokal Mengen-/Gradmarker	NICHT_ALS_OPERATION_ODER_UND_LESEN__D_HEAD_OFFEN	ychy dy daiin chcthy yk ykaiin dytchy y ky dy
G626-M02200	f14v	f14v.5	5	2	daiin	da	2	3	III	H	A	1	1	d-Wert III; lokal Mengen-/Gradmarker	NICHT_ALS_OPERATION_ODER_UND_LESEN__D_HEAD_OFFEN	okshy daiin okchor chky qotchy daiin cthor oty
G626-M02201	f14v	f14v.5	5	6	daiin	da	2	3	III	H	A	1	1	d-Wert III; lokal Mengen-/Gradmarker	NICHT_ALS_OPERATION_ODER_UND_LESEN__D_HEAD_OFFEN	okshy daiin okchor chky qotchy daiin cthor oty
G626-M02202	f14v	f14v.8	8	2	daiin	da	2	3	III	H	A	1	1	d-Wert III; lokal Mengen-/Gradmarker	NICHT_ALS_OPERATION_ODER_UND_LESEN__D_HEAD_OFFEN	chokshor daiin okshody daiin dol dair dam
G626-M02203	f14v	f14v.8	8	4	daiin	da	2	3	III	H	A	1	1	d-Wert III; lokal Mengen-/Gradmarker	NICHT_ALS_OPERATION_ODER_UND_LESEN__D_HEAD_OFFEN	chokshor daiin okshody daiin dol dair dam
G626-M02204	f15r	f15r.1	1	7	daiin	da	2	3	III	H	A	1	1	d-Wert III; lokal Mengen-/Gradmarker	NICHT_ALS_OPERATION_ODER_UND_LESEN__D_HEAD_OFFEN	tshor shey tchaly shy chtols shey daiin
G626-M02206	f15r	f15r.3	3	4	daiin	da	2	3	III	H	A	1	1	d-Wert III; lokal Mengen-/Gradmarker	NICHT_ALS_OPERATION_ODER_UND_LESEN__D_HEAD_OFFEN	qokaiin qotchy tydy daiin chol cthy
G626-M02210	f15r	f15r.5	5	5	daiin	da	2	3	III	H	A	1	1	d-Wert III; lokal Mengen-/Gradmarker	NICHT_ALS_OPERATION_ODER_UND_LESEN__D_HEAD_OFFEN	qotchy r shor cthy daiin cthy dy
G626-M02213	f15r	f15r.7	7	1	daiin	da	2	3	III	H	A	1	1	d-Wert III; lokal Mengen-/Gradmarker	NICHT_ALS_OPERATION_ODER_UND_LESEN__D_HEAD_OFFEN	daiin shkaiin cthy sho keocthy
G626-M02216	f15r	f15r.8	8	5	dain	da	1	2	II	H	A	1	1	d-Wert II; lokal Mengen-/Gradmarker	NICHT_ALS_OPERATION_ODER_UND_LESEN__D_HEAD_OFFEN	shocthy tol kaiin s dain ctholy
G626-M02226	f15r	f15r.13	13	5	dain	da	1	2	II	H	A	1	1	d-Wert II; lokal Mengen-/Gradmarker	NICHT_ALS_OPERATION_ODER_UND_LESEN__D_HEAD_OFFEN	ykshol dor sheey cthy dain sky shor shoty
G626-M02227	f15r	f15r.14	14	4	daiin	da	2	3	III	H	A	1	1	d-Wert III; lokal Mengen-/Gradmarker	NICHT_ALS_OPERATION_ODER_UND_LESEN__D_HEAD_OFFEN	otcho kchy chol daiin ar ytol dor dom
G626-M02232	f15v	f15v.3	3	2	daiin	da	2	3	III	H	A	1	1	d-Wert III; lokal Mengen-/Gradmarker	NICHT_ALS_OPERATION_ODER_UND_LESEN__D_HEAD_OFFEN	cthor daiin qokor okeor okaiin
G626-M02236	f15v	f15v.8	8	7	daiin	da	2	3	III	H	A	1	0	d-Wert III; lokal Mengen-/Gradmarker	NICHT_ALS_OPERATION_ODER_UND_LESEN__D_HEAD_OFFEN	ytchor chor ol oiin oty shol daiin
G626-M02239	f15v	f15v.11	11	5	daiin	da	2	3	III	H	A	1	1	d-Wert III; lokal Mengen-/Gradmarker	NICHT_ALS_OPERATION_ODER_UND_LESEN__D_HEAD_OFFEN	sol oiin cheor chol daiin cthy
G626-M02240	f15v	f15v.12	12	1	daiin	da	2	3	III	H	A	1	1	d-Wert III; lokal Mengen-/Gradmarker	NICHT_ALS_OPERATION_ODER_UND_LESEN__D_HEAD_OFFEN	daiin cthor chol chor
G626-M02242	f16r	f16r.1	1	7	daiin	da	2	3	III	H	A	1	1	d-Wert III; lokal Mengen-/Gradmarker	NICHT_ALS_OPERATION_ODER_UND_LESEN__D_HEAD_OFFEN	pocheody qopchey sykaiin opchy dor ychy daiin dy chor orom
G626-M02246	f16r	f16r.7	7	1	daiin	da	2	3	III	H	A	1	1	d-Wert III; lokal Mengen-/Gradmarker	NICHT_ALS_OPERATION_ODER_UND_LESEN__D_HEAD_OFFEN	daiin dalchy dyky schy s aiin doal qoky
G626-M02249	f16r	f16r.8	8	6	daiin	da	2	3	III	H	A	1	1	d-Wert III; lokal Mengen-/Gradmarker	NICHT_ALS_OPERATION_ODER_UND_LESEN__D_HEAD_OFFEN	shotchy ydain yky shody otol daiin
G626-M02252	f16v	f16v.5	5	6	dan	da	0	1	I	H	A	1	1	d-Wert I; lokal Mengen-/Gradmarker	NICHT_ALS_OPERATION_ODER_UND_LESEN__D_HEAD_OFFEN	ytchy chyty chor chol ytchy dan
G626-M02253	f16v	f16v.8	8	1	daiin	da	2	3	III	H	A	1	1	d-Wert III; lokal Mengen-/Gradmarker	NICHT_ALS_OPERATION_ODER_UND_LESEN__D_HEAD_OFFEN	daiin chol y daiin chcthy qot char chor sholo
G626-M02254	f16v	f16v.8	8	4	daiin	da	2	3	III	H	A	1	1	d-Wert III; lokal Mengen-/Gradmarker	NICHT_ALS_OPERATION_ODER_UND_LESEN__D_HEAD_OFFEN	daiin chol y daiin chcthy qot char chor sholo
G626-M02260	f16v	f16v.12	12	1	daiin	da	2	3	III	H	A	1	1	d-Wert III; lokal Mengen-/Gradmarker	NICHT_ALS_OPERATION_ODER_UND_LESEN__D_HEAD_OFFEN	daiin yky otor chody
G626-M02264	f17r	f17r.11	11	5	daiiin	da	3	4	IV	H	A	1	1	d-Wert IV; lokal Mengen-/Gradmarker	NICHT_ALS_OPERATION_ODER_UND_LESEN__D_HEAD_OFFEN	otchol cthar okaiin chol daiiin
G626-M02278	f17v	f17v.19	19	1	dain	da	1	2	II	H	A	1	1	d-Wert II; lokal Mengen-/Gradmarker	NICHT_ALS_OPERATION_ODER_UND_LESEN__D_HEAD_OFFEN	dain chey qoaiin cthor cholchom
G626-M02281	f17v	f17v.21	21	7	daiin	da	2	3	III	H	A	1	1	d-Wert III; lokal Mengen-/Gradmarker	NICHT_ALS_OPERATION_ODER_UND_LESEN__D_HEAD_OFFEN	oal sheor sholor or shecthy cpheor daiin
G626-M02282	f18r	f18r.2	2	5	daiin	da	2	3	III	H	A	1	1	d-Wert III; lokal Mengen-/Gradmarker	NICHT_ALS_OPERATION_ODER_UND_LESEN__D_HEAD_OFFEN	otshol qokchol chykchy okchal daiin dy chol dain
G626-M02283	f18r	f18r.2	2	8	dain	da	1	2	II	H	A	1	0	d-Wert II; lokal Mengen-/Gradmarker	NICHT_ALS_OPERATION_ODER_UND_LESEN__D_HEAD_OFFEN	otshol qokchol chykchy okchal daiin dy chol dain
G626-M02290	f18r	f18r.12	12	3	daiin	da	2	3	III	H	A	1	1	d-Wert III; lokal Mengen-/Gradmarker	NICHT_ALS_OPERATION_ODER_UND_LESEN__D_HEAD_OFFEN	ychair cthol daiin qokchy cthy
G626-M02294	f18v	f18v.7	7	5	daiin	da	2	3	III	H	A	1	1	d-Wert III; lokal Mengen-/Gradmarker	NICHT_ALS_OPERATION_ODER_UND_LESEN__D_HEAD_OFFEN	ychol dor chod qokol daiin qokol dar dy
G626-M02295	f19r	f19r.1	1	8	daiin	da	2	3	III	H	A	1	1	d-Wert III; lokal Mengen-/Gradmarker	NICHT_ALS_OPERATION_ODER_UND_LESEN__D_HEAD_OFFEN	pchor qodchy qotshy dy tchy qotchy qoky daiin dchydy
G626-M02296	f19r	f19r.2	2	8	daiin	da	2	3	III	H	A	1	0	d-Wert III; lokal Mengen-/Gradmarker	NICHT_ALS_OPERATION_ODER_UND_LESEN__D_HEAD_OFFEN	dshy chor y tchy chol dytchy chordy daiin dyty cho
G626-M02298	f19r	f19r.4	4	2	daiin	da	2	3	III	H	A	1	1	d-Wert III; lokal Mengen-/Gradmarker	NICHT_ALS_OPERATION_ODER_UND_LESEN__D_HEAD_OFFEN	qokorar daiin chckhy shy kchor
G626-M02299	f19r	f19r.5	5	4	daiin	da	2	3	III	H	A	1	1	d-Wert III; lokal Mengen-/Gradmarker	NICHT_ALS_OPERATION_ODER_UND_LESEN__D_HEAD_OFFEN	otchy tchy qoky daiin
G626-M02300	f19r	f19r.6	6	3	daiin	da	2	3	III	H	A	1	1	d-Wert III; lokal Mengen-/Gradmarker	NICHT_ALS_OPERATION_ODER_UND_LESEN__D_HEAD_OFFEN	yshor shy daiin otytchy daiin
G626-M02301	f19r	f19r.6	6	5	daiin	da	2	3	III	H	A	1	1	d-Wert III; lokal Mengen-/Gradmarker	NICHT_ALS_OPERATION_ODER_UND_LESEN__D_HEAD_OFFEN	yshor shy daiin otytchy daiin
G626-M02304	f19r	f19r.10	10	1	daiin	da	2	3	III	H	A	1	1	d-Wert III; lokal Mengen-/Gradmarker	NICHT_ALS_OPERATION_ODER_UND_LESEN__D_HEAD_OFFEN	daiin cthor chol ykchor chordy
G626-M02305	f19r	f19r.12	12	3	daiin	da	2	3	III	H	A	1	0	d-Wert III; lokal Mengen-/Gradmarker	NICHT_ALS_OPERATION_ODER_UND_LESEN__D_HEAD_OFFEN	ykchor chor daiin daiinol
G626-M02307	f19v	f19v.3	3	3	daiin	da	2	3	III	H	A	1	0	d-Wert III; lokal Mengen-/Gradmarker	NICHT_ALS_OPERATION_ODER_UND_LESEN__D_HEAD_OFFEN	otchy chol daiin qotol ytol daiiin
G626-M02308	f19v	f19v.3	3	6	daiiin	da	3	4	IV	H	A	1	0	d-Wert IV; lokal Mengen-/Gradmarker	NICHT_ALS_OPERATION_ODER_UND_LESEN__D_HEAD_OFFEN	otchy chol daiin qotol ytol daiiin
G626-M02309	f19v	f19v.4	4	4	daiin	da	2	3	III	H	A	1	0	d-Wert III; lokal Mengen-/Gradmarker	NICHT_ALS_OPERATION_ODER_UND_LESEN__D_HEAD_OFFEN	ytch chcthy qotol daiin daiin
G626-M02310	f19v	f19v.4	4	5	daiin	da	2	3	III	H	A	1	0	d-Wert III; lokal Mengen-/Gradmarker	NICHT_ALS_OPERATION_ODER_UND_LESEN__D_HEAD_OFFEN	ytch chcthy qotol daiin daiin
G626-M02311	f19v	f19v.5	5	3	daiin	da	2	3	III	H	A	1	0	d-Wert III; lokal Mengen-/Gradmarker	NICHT_ALS_OPERATION_ODER_UND_LESEN__D_HEAD_OFFEN	qotchy qoteey daiin doty qot
G626-M02313	f19v	f19v.10	10	1	daiin	da	2	3	III	H	A	1	1	d-Wert III; lokal Mengen-/Gradmarker	NICHT_ALS_OPERATION_ODER_UND_LESEN__D_HEAD_OFFEN	daiin chor daiin qokor y okchan
G626-M02314	f19v	f19v.10	10	3	daiin	da	2	3	III	H	A	1	1	d-Wert III; lokal Mengen-/Gradmarker	NICHT_ALS_OPERATION_ODER_UND_LESEN__D_HEAD_OFFEN	daiin chor daiin qokor y okchan
G626-M02316	f19v	f19v.11	11	4	daiin	da	2	3	III	H	A	1	1	d-Wert III; lokal Mengen-/Gradmarker	NICHT_ALS_OPERATION_ODER_UND_LESEN__D_HEAD_OFFEN	qotol dor okchor daiin cthor otam
G626-M02317	f19v	f19v.12	12	3	daiin	da	2	3	III	H	A	1	1	d-Wert III; lokal Mengen-/Gradmarker	NICHT_ALS_OPERATION_ODER_UND_LESEN__D_HEAD_OFFEN	otch okchodshy daiin or otaiin dais
G626-M02325	f20r	f20r.6	6	5	daiin	da	2	3	III	H	A	1	1	d-Wert III; lokal Mengen-/Gradmarker	NICHT_ALS_OPERATION_ODER_UND_LESEN__D_HEAD_OFFEN	choees okchor qotol cheey daiin chy choiin daiin
G626-M02326	f20r	f20r.6	6	8	daiin	da	2	3	III	H	A	1	1	d-Wert III; lokal Mengen-/Gradmarker	NICHT_ALS_OPERATION_ODER_UND_LESEN__D_HEAD_OFFEN	choees okchor qotol cheey daiin chy choiin daiin
G626-M02327	f20r	f20r.7	7	3	daiin	da	2	3	III	H	A	1	1	d-Wert III; lokal Mengen-/Gradmarker	NICHT_ALS_OPERATION_ODER_UND_LESEN__D_HEAD_OFFEN	ocho lshod daiin choteol chol dol shol otaiin
G626-M02333	f20r	f20r.12	12	7	daiin	da	2	3	III	H	A	1	1	d-Wert III; lokal Mengen-/Gradmarker	NICHT_ALS_OPERATION_ODER_UND_LESEN__D_HEAD_OFFEN	shoiin cheody otchey otchy tchy qoteey daiin dar
G626-M02337	f20v	f20v.4	4	5	daiin	da	2	3	III	H	A	1	1	d-Wert III; lokal Mengen-/Gradmarker	NICHT_ALS_OPERATION_ODER_UND_LESEN__D_HEAD_OFFEN	sho or aiin shol daiin
G626-M02338	f20v	f20v.6	6	3	dan	da	0	1	I	H	A	1	0	d-Wert I; lokal Mengen-/Gradmarker	NICHT_ALS_OPERATION_ODER_UND_LESEN__D_HEAD_OFFEN	doiiin chockhy dan cheoy shos cheos char aiin
G626-M02340	f20v	f20v.7	7	4	daiin	da	2	3	III	H	A	1	1	d-Wert III; lokal Mengen-/Gradmarker	NICHT_ALS_OPERATION_ODER_UND_LESEN__D_HEAD_OFFEN	shocthy sho cthy daiin sheoy tey s soaiin
G626-M02343	f20v	f20v.8	8	6	daiin	da	2	3	III	H	A	1	1	d-Wert III; lokal Mengen-/Gradmarker	NICHT_ALS_OPERATION_ODER_UND_LESEN__D_HEAD_OFFEN	shain choraly sho ar chy daiin d s
G626-M02345	f20v	f20v.10	10	4	daiin	da	2	3	III	H	A	1	1	d-Wert III; lokal Mengen-/Gradmarker	NICHT_ALS_OPERATION_ODER_UND_LESEN__D_HEAD_OFFEN	shokaiin chocthy chol daiin chy chor ety
G626-M02350	f21r	f21r.2	2	9	daiin	da	2	3	III	H	A	1	1	d-Wert III; lokal Mengen-/Gradmarker	NICHT_ALS_OPERATION_ODER_UND_LESEN__D_HEAD_OFFEN	saiin chcphy oky sheaiin qotchol oteos sheey cthy daiin
G626-M02351	f21r	f21r.4	4	2	daiin	da	2	3	III	H	A	1	1	d-Wert III; lokal Mengen-/Gradmarker	NICHT_ALS_OPERATION_ODER_UND_LESEN__D_HEAD_OFFEN	pchofychy daiin cthain o tolosheey qocthey tolchory
G626-M02353	f21r	f21r.5	5	2	daiin	da	2	3	III	H	A	1	1	d-Wert III; lokal Mengen-/Gradmarker	NICHT_ALS_OPERATION_ODER_UND_LESEN__D_HEAD_OFFEN	ykeey daiin chosy qokoiin otol chol qotcheol okeoaiin
G626-M02361	f21r	f21r.12	12	7	daiin	da	2	3	III	H	A	1	1	d-Wert III; lokal Mengen-/Gradmarker	NICHT_ALS_OPERATION_ODER_UND_LESEN__D_HEAD_OFFEN	ykeey chor sheey ysheol chor chol daiin chkaiin
G626-M02364	f21v	f21v.2	2	8	daiin	da	2	3	III	H	A	1	1	d-Wert III; lokal Mengen-/Gradmarker	NICHT_ALS_OPERATION_ODER_UND_LESEN__D_HEAD_OFFEN	oeeesoy qokchy chody qotchy qokchy choty tchol daiin
G626-M02365	f21v	f21v.3	3	8	daiin	da	2	3	III	H	A	1	1	d-Wert III; lokal Mengen-/Gradmarker	NICHT_ALS_OPERATION_ODER_UND_LESEN__D_HEAD_OFFEN	qotol keeees chotchy tcho choty chor qotol daiin dal
G626-M02367	f21v	f21v.4	4	5	daiin	da	2	3	III	H	A	1	1	d-Wert III; lokal Mengen-/Gradmarker	NICHT_ALS_OPERATION_ODER_UND_LESEN__D_HEAD_OFFEN	sho chodaiin choty chol daiin daiin chty chtol
G626-M02368	f21v	f21v.4	4	6	daiin	da	2	3	III	H	A	1	1	d-Wert III; lokal Mengen-/Gradmarker	NICHT_ALS_OPERATION_ODER_UND_LESEN__D_HEAD_OFFEN	sho chodaiin choty chol daiin daiin chty chtol
G626-M02369	f21v	f21v.5	5	7	daiin	da	2	3	III	H	A	1	1	d-Wert III; lokal Mengen-/Gradmarker	NICHT_ALS_OPERATION_ODER_UND_LESEN__D_HEAD_OFFEN	osho deey ctho l sho cthy daiin dait oky
G626-M02371	f21v	f21v.6	6	6	daiin	da	2	3	III	H	A	1	1	d-Wert III; lokal Mengen-/Gradmarker	NICHT_ALS_OPERATION_ODER_UND_LESEN__D_HEAD_OFFEN	sho tsho chotshol chol todaiin daiin
G626-M02375	f22r	f22r.1	1	8	daiin	da	2	3	III	H	A	1	1	d-Wert III; lokal Mengen-/Gradmarker	NICHT_ALS_OPERATION_ODER_UND_LESEN__D_HEAD_OFFEN	pol olshy fcholy shol dpchy oty okoly daiin opchy s ocphy
G626-M02376	f22r	f22r.2	2	7	daiin	da	2	3	III	H	A	1	1	d-Wert III; lokal Mengen-/Gradmarker	NICHT_ALS_OPERATION_ODER_UND_LESEN__D_HEAD_OFFEN	ol oiin shol o kor qokchol daiin okaiin cthor dain ckhy dom
G626-M02378	f22r	f22r.2	2	10	dain	da	1	2	II	H	A	1	1	d-Wert II; lokal Mengen-/Gradmarker	NICHT_ALS_OPERATION_ODER_UND_LESEN__D_HEAD_OFFEN	ol oiin shol o kor qokchol daiin okaiin cthor dain ckhy dom
G626-M02380	f22r	f22r.3	3	5	daiin	da	2	3	III	H	A	1	1	d-Wert III; lokal Mengen-/Gradmarker	NICHT_ALS_OPERATION_ODER_UND_LESEN__D_HEAD_OFFEN	qokol dykaiin o kchy daiin cthol ctholo dar shain
G626-M02383	f22r	f22r.4	4	3	daiin	da	2	3	III	H	A	1	1	d-Wert III; lokal Mengen-/Gradmarker	NICHT_ALS_OPERATION_ODER_UND_LESEN__D_HEAD_OFFEN	pchaiin ofchy daiin cfhy doroiin ypchol sy schor daiin
G626-M02384	f22r	f22r.4	4	9	daiin	da	2	3	III	H	A	1	1	d-Wert III; lokal Mengen-/Gradmarker	NICHT_ALS_OPERATION_ODER_UND_LESEN__D_HEAD_OFFEN	pchaiin ofchy daiin cfhy doroiin ypchol sy schor daiin
G626-M02385	f22r	f22r.5	5	2	daiin	da	2	3	III	H	A	1	1	d-Wert III; lokal Mengen-/Gradmarker	NICHT_ALS_OPERATION_ODER_UND_LESEN__D_HEAD_OFFEN	ol daiin qokchy dar daiin chor oldor oky y choldchy
G626-M02386	f22r	f22r.5	5	5	daiin	da	2	3	III	H	A	1	1	d-Wert III; lokal Mengen-/Gradmarker	NICHT_ALS_OPERATION_ODER_UND_LESEN__D_HEAD_OFFEN	ol daiin qokchy dar daiin chor oldor oky y choldchy
G626-M02388	f22r	f22r.8	8	3	daiin	da	2	3	III	H	A	1	1	d-Wert III; lokal Mengen-/Gradmarker	NICHT_ALS_OPERATION_ODER_UND_LESEN__D_HEAD_OFFEN	dchor oty daiin ctholy qoky chotaiin chocthy do iin dchor
G626-M02391	f22r	f22r.9	9	2	dain	da	1	2	II	H	A	1	1	d-Wert II; lokal Mengen-/Gradmarker	NICHT_ALS_OPERATION_ODER_UND_LESEN__D_HEAD_OFFEN	odaiin dain cthy ctheo r oraiino
G626-M02392	f22r	f22r.10	10	3	daiin	da	2	3	III	H	A	1	1	d-Wert III; lokal Mengen-/Gradmarker	NICHT_ALS_OPERATION_ODER_UND_LESEN__D_HEAD_OFFEN	kchol chor daiin cthoiin dchor chey qokol dy opchol oldam
G626-M02393	f22r	f22r.11	11	10	daiin	da	2	3	III	H	A	1	1	d-Wert III; lokal Mengen-/Gradmarker	NICHT_ALS_OPERATION_ODER_UND_LESEN__D_HEAD_OFFEN	doiin yckhody qokchy oky otoldy yty dol or dchchy daiin
G626-M02395	f22r	f22r.12	12	6	daiin	da	2	3	III	H	A	1	0	d-Wert III; lokal Mengen-/Gradmarker	NICHT_ALS_OPERATION_ODER_UND_LESEN__D_HEAD_OFFEN	odchaiin cthy okchy kchy dchol daiin ydaiin
G626-M02397	f22r	f22r.13	13	3	dain	da	1	2	II	H	A	1	0	d-Wert II; lokal Mengen-/Gradmarker	NICHT_ALS_OPERATION_ODER_UND_LESEN__D_HEAD_OFFEN	dchor dy dain qockhy ykol okain
G626-M02399	f22v	f22v.2	2	1	daiin	da	2	3	III	H	A	1	1	d-Wert III; lokal Mengen-/Gradmarker	NICHT_ALS_OPERATION_ODER_UND_LESEN__D_HEAD_OFFEN	daiin y kaiin qotchy kchy otchyd dshor ychy
G626-M02405	f22v	f22v.5	5	4	daiin	da	2	3	III	H	A	1	1	d-Wert III; lokal Mengen-/Gradmarker	NICHT_ALS_OPERATION_ODER_UND_LESEN__D_HEAD_OFFEN	dor y kcheor daiin
G626-M02407	f22v	f22v.8	8	4	daiin	da	2	3	III	H	A	1	1	d-Wert III; lokal Mengen-/Gradmarker	NICHT_ALS_OPERATION_ODER_UND_LESEN__D_HEAD_OFFEN	qotchy cthy qokol daiin dam
G626-M02409	f22v	f22v.9	9	6	daiin	da	2	3	III	H	A	1	1	d-Wert III; lokal Mengen-/Gradmarker	NICHT_ALS_OPERATION_ODER_UND_LESEN__D_HEAD_OFFEN	okshor shody chol tchol otaiin daiin
G626-M02410	f22v	f22v.10	10	2	daiin	da	2	3	III	H	A	1	1	d-Wert III; lokal Mengen-/Gradmarker	NICHT_ALS_OPERATION_ODER_UND_LESEN__D_HEAD_OFFEN	qokchy daiin s or ytal
G626-M02412	f22v	f22v.12	12	2	daiin	da	2	3	III	H	A	1	0	d-Wert III; lokal Mengen-/Gradmarker	NICHT_ALS_OPERATION_ODER_UND_LESEN__D_HEAD_OFFEN	ychky daiin cthy
G626-M02414	f22v	f22v.14	14	4	daiin	da	2	3	III	H	A	1	1	d-Wert III; lokal Mengen-/Gradmarker	NICHT_ALS_OPERATION_ODER_UND_LESEN__D_HEAD_OFFEN	qotchy olshly shol daiin
G626-M02416	f23r	f23r.1	1	10	daiin	da	2	3	III	H	A	1	1	d-Wert III; lokal Mengen-/Gradmarker	NICHT_ALS_OPERATION_ODER_UND_LESEN__D_HEAD_OFFEN	pydchdom chy fcholdy oty otchol shy opyaiin y yfchy daiin ololdy dal
G626-M02417	f23r	f23r.2	2	4	daiin	da	2	3	III	H	A	1	1	d-Wert III; lokal Mengen-/Gradmarker	NICHT_ALS_OPERATION_ODER_UND_LESEN__D_HEAD_OFFEN	to ar chor daiin chk dain otchy lolchor daiin dam okchol dain g
G626-M02418	f23r	f23r.2	2	6	dain	da	1	2	II	H	A	1	0	d-Wert II; lokal Mengen-/Gradmarker	NICHT_ALS_OPERATION_ODER_UND_LESEN__D_HEAD_OFFEN	to ar chor daiin chk dain otchy lolchor daiin dam okchol dain g
G626-M02419	f23r	f23r.2	2	9	daiin	da	2	3	III	H	A	1	1	d-Wert III; lokal Mengen-/Gradmarker	NICHT_ALS_OPERATION_ODER_UND_LESEN__D_HEAD_OFFEN	to ar chor daiin chk dain otchy lolchor daiin dam okchol dain g
G626-M02420	f23r	f23r.2	2	12	dain	da	1	2	II	H	A	1	0	d-Wert II; lokal Mengen-/Gradmarker	NICHT_ALS_OPERATION_ODER_UND_LESEN__D_HEAD_OFFEN	to ar chor daiin chk dain otchy lolchor daiin dam okchol dain g
G626-M02422	f23r	f23r.3	3	5	daiin	da	2	3	III	H	A	1	1	d-Wert III; lokal Mengen-/Gradmarker	NICHT_ALS_OPERATION_ODER_UND_LESEN__D_HEAD_OFFEN	dchar ykor y kaiin daiin cth g
G626-M02423	f23r	f23r.4	4	7	dain	da	1	2	II	H	A	1	1	d-Wert II; lokal Mengen-/Gradmarker	NICHT_ALS_OPERATION_ODER_UND_LESEN__D_HEAD_OFFEN	qokoldy okaiir ykaiil g qokeey ofchol dain yfchor olfchor otchald
G626-M02424	f23r	f23r.5	5	11	dain	da	1	2	II	H	A	1	1	d-Wert II; lokal Mengen-/Gradmarker	NICHT_ALS_OPERATION_ODER_UND_LESEN__D_HEAD_OFFEN	ychor qokchol ytym chol dair chol ar ol ol dol dain
G626-M02427	f23r	f23r.7	7	10	daiin	da	2	3	III	H	A	1	1	d-Wert III; lokal Mengen-/Gradmarker	NICHT_ALS_OPERATION_ODER_UND_LESEN__D_HEAD_OFFEN	okar olchar shaiin qokchol dar qokchol dairo r ol daiin alg
G626-M02430	f23r	f23r.9	9	11	daiin	da	2	3	III	H	A	1	1	d-Wert III; lokal Mengen-/Gradmarker	NICHT_ALS_OPERATION_ODER_UND_LESEN__D_HEAD_OFFEN	okol ok shy qokol dy dal dshe qokeees y oly daiin dal
G626-M02435	f23v	f23v.3	3	7	daiin	da	2	3	III	H	A	1	1	d-Wert III; lokal Mengen-/Gradmarker	NICHT_ALS_OPERATION_ODER_UND_LESEN__D_HEAD_OFFEN	ycho okaiin okeol eees o l daiin okeeor daiin qotcholg
G626-M02436	f23v	f23v.3	3	9	daiin	da	2	3	III	H	A	1	0	d-Wert III; lokal Mengen-/Gradmarker	NICHT_ALS_OPERATION_ODER_UND_LESEN__D_HEAD_OFFEN	ycho okaiin okeol eees o l daiin okeeor daiin qotcholg
G626-M02437	f23v	f23v.6	6	5	daiin	da	2	3	III	H	A	1	1	d-Wert III; lokal Mengen-/Gradmarker	NICHT_ALS_OPERATION_ODER_UND_LESEN__D_HEAD_OFFEN	tshol shor shkshy okol daiin otshor olsar
G626-M02438	f23v	f23v.7	7	6	daiin	da	2	3	III	H	A	1	1	d-Wert III; lokal Mengen-/Gradmarker	NICHT_ALS_OPERATION_ODER_UND_LESEN__D_HEAD_OFFEN	otor oiin sho shol qokol daiin sol daiin ylg
G626-M02439	f23v	f23v.7	7	8	daiin	da	2	3	III	H	A	1	1	d-Wert III; lokal Mengen-/Gradmarker	NICHT_ALS_OPERATION_ODER_UND_LESEN__D_HEAD_OFFEN	otor oiin sho shol qokol daiin sol daiin ylg
G626-M02441	f23v	f23v.8	8	2	dain	da	1	2	II	H	A	1	1	d-Wert II; lokal Mengen-/Gradmarker	NICHT_ALS_OPERATION_ODER_UND_LESEN__D_HEAD_OFFEN	qokaiin dain qokor okal g dam chor olol dam
G626-M02443	f24r	f24r.1	1	8	daiin	da	2	3	III	H	A	1	1	d-Wert III; lokal Mengen-/Gradmarker	NICHT_ALS_OPERATION_ODER_UND_LESEN__D_HEAD_OFFEN	por or y chor opchar she cheol daiin or
G626-M02446	f24r	f24r.8	8	5	daiin	da	2	3	III	H	A	1	1	d-Wert III; lokal Mengen-/Gradmarker	NICHT_ALS_OPERATION_ODER_UND_LESEN__D_HEAD_OFFEN	ychor s om qoear daiin qokeol
G626-M02450	f24r	f24r.18	18	3	daiin	da	2	3	III	H	A	1	1	d-Wert III; lokal Mengen-/Gradmarker	NICHT_ALS_OPERATION_ODER_UND_LESEN__D_HEAD_OFFEN	ycheol chol daiin chol s
G626-M02458	f25r	f25r.1	1	3	daiin	da	2	3	III	H	A	1	1	d-Wert III; lokal Mengen-/Gradmarker	NICHT_ALS_OPERATION_ODER_UND_LESEN__D_HEAD_OFFEN	fcholdy soshy daiin y shody daiin ocholdy cpholdy sy
G626-M02459	f25r	f25r.1	1	6	daiin	da	2	3	III	H	A	1	1	d-Wert III; lokal Mengen-/Gradmarker	NICHT_ALS_OPERATION_ODER_UND_LESEN__D_HEAD_OFFEN	fcholdy soshy daiin y shody daiin ocholdy cpholdy sy
G626-M02462	f25r	f25r.3	3	7	daiin	da	2	3	III	H	A	1	1	d-Wert III; lokal Mengen-/Gradmarker	NICHT_ALS_OPERATION_ODER_UND_LESEN__D_HEAD_OFFEN	qotchy qotshy cheesees sheear s chain daiin chain dan
G626-M02464	f25r	f25r.3	3	9	dan	da	0	1	I	H	A	1	0	d-Wert I; lokal Mengen-/Gradmarker	NICHT_ALS_OPERATION_ODER_UND_LESEN__D_HEAD_OFFEN	qotchy qotshy cheesees sheear s chain daiin chain dan
G626-M02471	f25r	f25r.5	5	4	daiin	da	2	3	III	H	A	1	1	d-Wert III; lokal Mengen-/Gradmarker	NICHT_ALS_OPERATION_ODER_UND_LESEN__D_HEAD_OFFEN	qotcheaiin dchain cthain daiin daiin cthain qotaiin
G626-M02472	f25r	f25r.5	5	5	daiin	da	2	3	III	H	A	1	1	d-Wert III; lokal Mengen-/Gradmarker	NICHT_ALS_OPERATION_ODER_UND_LESEN__D_HEAD_OFFEN	qotcheaiin dchain cthain daiin daiin cthain qotaiin
G626-M02477	f25v	f25v.1	1	5	daiin	da	2	3	III	H	A	1	1	d-Wert III; lokal Mengen-/Gradmarker	NICHT_ALS_OPERATION_ODER_UND_LESEN__D_HEAD_OFFEN	poeeaiin qo ky shy daiin qopchey otchey qofchor sos
G626-M02478	f25v	f25v.2	2	4	daiin	da	2	3	III	H	A	1	1	d-Wert III; lokal Mengen-/Gradmarker	NICHT_ALS_OPERATION_ODER_UND_LESEN__D_HEAD_OFFEN	dchor cthor chor daiin s okeeaiin daiin ckhey daiin
G626-M02480	f25v	f25v.2	2	7	daiin	da	2	3	III	H	A	1	1	d-Wert III; lokal Mengen-/Gradmarker	NICHT_ALS_OPERATION_ODER_UND_LESEN__D_HEAD_OFFEN	dchor cthor chor daiin s okeeaiin daiin ckhey daiin
G626-M02481	f25v	f25v.2	2	9	daiin	da	2	3	III	H	A	1	1	d-Wert III; lokal Mengen-/Gradmarker	NICHT_ALS_OPERATION_ODER_UND_LESEN__D_HEAD_OFFEN	dchor cthor chor daiin s okeeaiin daiin ckhey daiin
G626-M02482	f25v	f25v.3	3	4	daiin	da	2	3	III	H	A	1	1	d-Wert III; lokal Mengen-/Gradmarker	NICHT_ALS_OPERATION_ODER_UND_LESEN__D_HEAD_OFFEN	orcho kchor chol daiin shcfho r daiin dshey daiity
G626-M02483	f25v	f25v.3	3	7	daiin	da	2	3	III	H	A	1	0	d-Wert III; lokal Mengen-/Gradmarker	NICHT_ALS_OPERATION_ODER_UND_LESEN__D_HEAD_OFFEN	orcho kchor chol daiin shcfho r daiin dshey daiity
G626-M02485	f25v	f25v.4	4	4	daiin	da	2	3	III	H	A	1	1	d-Wert III; lokal Mengen-/Gradmarker	NICHT_ALS_OPERATION_ODER_UND_LESEN__D_HEAD_OFFEN	qokaiin qokcho shol daiin ckhear ckhol daiin chkear
G626-M02486	f25v	f25v.4	4	7	daiin	da	2	3	III	H	A	1	1	d-Wert III; lokal Mengen-/Gradmarker	NICHT_ALS_OPERATION_ODER_UND_LESEN__D_HEAD_OFFEN	qokaiin qokcho shol daiin ckhear ckhol daiin chkear
G626-M02487	f25v	f25v.5	5	8	daiin	da	2	3	III	H	A	1	1	d-Wert III; lokal Mengen-/Gradmarker	NICHT_ALS_OPERATION_ODER_UND_LESEN__D_HEAD_OFFEN	dar chokeey dshor dshey qochol dol cho daiin daiin
G626-M02488	f25v	f25v.5	5	9	daiin	da	2	3	III	H	A	1	0	d-Wert III; lokal Mengen-/Gradmarker	NICHT_ALS_OPERATION_ODER_UND_LESEN__D_HEAD_OFFEN	dar chokeey dshor dshey qochol dol cho daiin daiin
G626-M02490	f25v	f25v.7	7	4	daiin	da	2	3	III	H	A	1	1	d-Wert III; lokal Mengen-/Gradmarker	NICHT_ALS_OPERATION_ODER_UND_LESEN__D_HEAD_OFFEN	o chkey daiiol daiin shckh orchaiin
G626-M02496	f26r	f26r.4	4	7	daiin	da	2	3	III	H	B	2	1	d-Wert III; lokal Mengen-/Gradmarker	NICHT_ALS_OPERATION_ODER_UND_LESEN__D_HEAD_OFFEN	qokedy cheos ytedy qokedy ytedy chekedy daiin odam s aldy
G626-M02498	f26r	f26r.5	5	7	daiin	da	2	3	III	H	B	2	1	d-Wert III; lokal Mengen-/Gradmarker	NICHT_ALS_OPERATION_ODER_UND_LESEN__D_HEAD_OFFEN	saiin shedy eedy eedy s chy daiin cthedy qokeedy qokedy cthey
G626-M02500	f26r	f26r.8	8	1	daiin	da	2	3	III	H	B	2	1	d-Wert III; lokal Mengen-/Gradmarker	NICHT_ALS_OPERATION_ODER_UND_LESEN__D_HEAD_OFFEN	daiin shedy qokeedy qoteedar s ok ol ytedy qokeedy qokedy
G626-M02502	f26v	f26v.1	1	3	daiiin	da	3	4	IV	H	B	2	0	d-Wert IV; lokal Mengen-/Gradmarker	NICHT_ALS_OPERATION_ODER_UND_LESEN__D_HEAD_OFFEN	pchedar qodary daiiin pcheety s air shedy ypchedy ypchdy qopy shdy
G626-M02510	f27r	f27r.2	2	4	dain	da	1	2	II	H	A	1	1	d-Wert II; lokal Mengen-/Gradmarker	NICHT_ALS_OPERATION_ODER_UND_LESEN__D_HEAD_OFFEN	dy ain shol dain dar shokyd dchol cthey ds
G626-M02511	f27r	f27r.3	3	8	daiin	da	2	3	III	H	A	1	1	d-Wert III; lokal Mengen-/Gradmarker	NICHT_ALS_OPERATION_ODER_UND_LESEN__D_HEAD_OFFEN	chol shy keol chol chy shol chy daiin chey dam
G626-M02512	f27r	f27r.5	5	7	daiin	da	2	3	III	H	A	1	1	d-Wert III; lokal Mengen-/Gradmarker	NICHT_ALS_OPERATION_ODER_UND_LESEN__D_HEAD_OFFEN	dor chees ctho shy ar y daiin dair
G626-M02514	f27r	f27r.8	8	8	dain	da	1	2	II	H	A	1	1	d-Wert II; lokal Mengen-/Gradmarker	NICHT_ALS_OPERATION_ODER_UND_LESEN__D_HEAD_OFFEN	ytchy chy t chol dy t chey dain chol dal
G626-M02515	f27r	f27r.11	11	2	daiiin	da	3	4	IV	H	A	1	1	d-Wert IV; lokal Mengen-/Gradmarker	NICHT_ALS_OPERATION_ODER_UND_LESEN__D_HEAD_OFFEN	chol daiiin chees chos ey dan
G626-M02516	f27r	f27r.11	11	6	dan	da	0	1	I	H	A	1	1	d-Wert I; lokal Mengen-/Gradmarker	NICHT_ALS_OPERATION_ODER_UND_LESEN__D_HEAD_OFFEN	chol daiiin chees chos ey dan
G626-M02517	f27r	f27r.12	12	1	dain	da	1	2	II	H	A	1	1	d-Wert II; lokal Mengen-/Gradmarker	NICHT_ALS_OPERATION_ODER_UND_LESEN__D_HEAD_OFFEN	dain cheokeey chey cthey otal
G626-M02518	f28r	f28r.1	1	5	daiin	da	2	3	III	H	A	1	1	d-Wert III; lokal Mengen-/Gradmarker	NICHT_ALS_OPERATION_ODER_UND_LESEN__D_HEAD_OFFEN	pchodar shod chocphy opchol daiin otchol chy qo ldy
G626-M02522	f28r	f28r.6	6	4	daiin	da	2	3	III	H	A	1	1	d-Wert III; lokal Mengen-/Gradmarker	NICHT_ALS_OPERATION_ODER_UND_LESEN__D_HEAD_OFFEN	qokchol qodaiin otcholchy daiin cho qokol o kam
G626-M02523	f28r	f28r.8	8	2	daiin	da	2	3	III	H	A	1	1	d-Wert III; lokal Mengen-/Gradmarker	NICHT_ALS_OPERATION_ODER_UND_LESEN__D_HEAD_OFFEN	oschotshl daiin okchey kol daiin shol dsho otaiin
G626-M02524	f28r	f28r.8	8	5	daiin	da	2	3	III	H	A	1	1	d-Wert III; lokal Mengen-/Gradmarker	NICHT_ALS_OPERATION_ODER_UND_LESEN__D_HEAD_OFFEN	oschotshl daiin okchey kol daiin shol dsho otaiin
G626-M02527	f28v	f28v.4	4	9	daiin	da	2	3	III	H	A	1	1	d-Wert III; lokal Mengen-/Gradmarker	NICHT_ALS_OPERATION_ODER_UND_LESEN__D_HEAD_OFFEN	tshoiin cheor chor o chty qotol sheol shor daiin qoty
G626-M02528	f28v	f28v.5	5	3	daiin	da	2	3	III	H	A	1	1	d-Wert III; lokal Mengen-/Gradmarker	NICHT_ALS_OPERATION_ODER_UND_LESEN__D_HEAD_OFFEN	otol chol daiin chkaiin shoiin qotchey qotshey daiiin
G626-M02530	f28v	f28v.5	5	8	daiiin	da	3	4	IV	H	A	1	1	d-Wert IV; lokal Mengen-/Gradmarker	NICHT_ALS_OPERATION_ODER_UND_LESEN__D_HEAD_OFFEN	otol chol daiin chkaiin shoiin qotchey qotshey daiiin
G626-M02531	f28v	f28v.6	6	1	daiin	da	2	3	III	H	A	1	1	d-Wert III; lokal Mengen-/Gradmarker	NICHT_ALS_OPERATION_ODER_UND_LESEN__D_HEAD_OFFEN	daiin chkaiin
G626-M02533	f28v	f28v.7	7	5	daiin	da	2	3	III	H	A	1	1	d-Wert III; lokal Mengen-/Gradmarker	NICHT_ALS_OPERATION_ODER_UND_LESEN__D_HEAD_OFFEN	pchol oiir chol tsho daiin sho t chy chtshy dair am
G626-M02537	f28v	f28v.8	8	5	dain	da	1	2	II	H	A	1	1	d-Wert II; lokal Mengen-/Gradmarker	NICHT_ALS_OPERATION_ODER_UND_LESEN__D_HEAD_OFFEN	okain chan chain cthor dain yk chy daiin cthol
G626-M02538	f28v	f28v.8	8	8	daiin	da	2	3	III	H	A	1	1	d-Wert III; lokal Mengen-/Gradmarker	NICHT_ALS_OPERATION_ODER_UND_LESEN__D_HEAD_OFFEN	okain chan chain cthor dain yk chy daiin cthol
G626-M02542	f29r	f29r.6	6	5	daiin	da	2	3	III	H	A	1	1	d-Wert III; lokal Mengen-/Gradmarker	NICHT_ALS_OPERATION_ODER_UND_LESEN__D_HEAD_OFFEN	chokshy shocthy shor shor daiin qokaiiin
G626-M02546	f29r	f29r.8	8	7	daiin	da	2	3	III	H	A	1	1	d-Wert III; lokal Mengen-/Gradmarker	NICHT_ALS_OPERATION_ODER_UND_LESEN__D_HEAD_OFFEN	shor chor shosheky shy qoty kody daiin cthy
G626-M02547	f29v	f29v.1	1	11	daiin	da	2	3	III	H	A	1	1	d-Wert III; lokal Mengen-/Gradmarker	NICHT_ALS_OPERATION_ODER_UND_LESEN__D_HEAD_OFFEN	kooiin shor chetchy ol ls shytchy cthy shy cho shy daiin
G626-M02557	f29v	f29v.7	7	3	daiin	da	2	3	III	H	A	1	1	d-Wert III; lokal Mengen-/Gradmarker	NICHT_ALS_OPERATION_ODER_UND_LESEN__D_HEAD_OFFEN	qotcho kchor daiin ykaiin dy shdy chocthy sheky
G626-M02559	f29v	f29v.8	8	4	dain	da	1	2	II	H	A	1	1	d-Wert II; lokal Mengen-/Gradmarker	NICHT_ALS_OPERATION_ODER_UND_LESEN__D_HEAD_OFFEN	otol shotchor cholody dain ch chy cthody dol
G626-M02563	f29v	f29v.11	11	1	daiin	da	2	3	III	H	A	1	1	d-Wert III; lokal Mengen-/Gradmarker	NICHT_ALS_OPERATION_ODER_UND_LESEN__D_HEAD_OFFEN	daiin chteor octhy dar chyt otody
G626-M02564	f2r	f2r.1	1	3	daiin	da	2	3	III	H	A	1	1	d-Wert III; lokal Mengen-/Gradmarker	NICHT_ALS_OPERATION_ODER_UND_LESEN__D_HEAD_OFFEN	kydainy ypchol daiin otchal ypchaiin ckholsy
G626-M02570	f2r	f2r.5	5	5	dan	da	0	1	I	H	A	1	1	d-Wert I; lokal Mengen-/Gradmarker	NICHT_ALS_OPERATION_ODER_UND_LESEN__D_HEAD_OFFEN	otochor al shodaiin chol dan ytchaiin dan
G626-M02572	f2r	f2r.5	5	7	dan	da	0	1	I	H	A	1	1	d-Wert I; lokal Mengen-/Gradmarker	NICHT_ALS_OPERATION_ODER_UND_LESEN__D_HEAD_OFFEN	otochor al shodaiin chol dan ytchaiin dan
G626-M02574	f2r	f2r.6	6	2	dain	da	1	2	II	H	A	1	0	d-Wert II; lokal Mengen-/Gradmarker	NICHT_ALS_OPERATION_ODER_UND_LESEN__D_HEAD_OFFEN	saiin dain d dkol sor ytoldy dchol dchy cthy
G626-M02575	f2r	f2r.7	7	5	dan	da	0	1	I	H	A	1	1	d-Wert I; lokal Mengen-/Gradmarker	NICHT_ALS_OPERATION_ODER_UND_LESEN__D_HEAD_OFFEN	shor ckhy daiiny chol dan
G626-M02579	f2r	f2r.9	9	10	dain	da	1	2	II	H	A	1	1	d-Wert II; lokal Mengen-/Gradmarker	NICHT_ALS_OPERATION_ODER_UND_LESEN__D_HEAD_OFFEN	dls sho kol sheey qokey ykody so chol yky dain daiisol
G626-M02581	f2r	f2r.10	10	5	daiin	da	2	3	III	H	A	1	1	d-Wert III; lokal Mengen-/Gradmarker	NICHT_ALS_OPERATION_ODER_UND_LESEN__D_HEAD_OFFEN	qoky cholaiin shol sheky daiin cthey keol saiin eaiin
G626-M02586	f2r	f2r.11	11	6	dan	da	0	1	I	H	A	1	1	d-Wert I; lokal Mengen-/Gradmarker	NICHT_ALS_OPERATION_ODER_UND_LESEN__D_HEAD_OFFEN	ychain dal chy dalor shan dan olsaiin sheey ckhor
G626-M02591	f2r	f2r.13	13	4	daiin	da	2	3	III	H	A	1	1	d-Wert III; lokal Mengen-/Gradmarker	NICHT_ALS_OPERATION_ODER_UND_LESEN__D_HEAD_OFFEN	sho ykeey chey daiin chcthy
G626-M02595	f2v	f2v.2	2	9	daiin	da	2	3	III	H	A	1	1	d-Wert III; lokal Mengen-/Gradmarker	NICHT_ALS_OPERATION_ODER_UND_LESEN__D_HEAD_OFFEN	kcho kchy sho shol qotcho loeees qoty chor daiin
G626-M02597	f2v	f2v.3	3	8	daiin	da	2	3	III	H	A	1	1	d-Wert III; lokal Mengen-/Gradmarker	NICHT_ALS_OPERATION_ODER_UND_LESEN__D_HEAD_OFFEN	otchy chor lshy chol chody chodain chcthy daiin
G626-M02599	f2v	f2v.5	5	3	daiiin	da	3	4	IV	H	A	1	1	d-Wert IV; lokal Mengen-/Gradmarker	NICHT_ALS_OPERATION_ODER_UND_LESEN__D_HEAD_OFFEN	kchor shy daiiin chm s shey dor chol daiin
G626-M02600	f2v	f2v.5	5	9	daiin	da	2	3	III	H	A	1	1	d-Wert III; lokal Mengen-/Gradmarker	NICHT_ALS_OPERATION_ODER_UND_LESEN__D_HEAD_OFFEN	kchor shy daiiin chm s shey dor chol daiin
G626-M02601	f2v	f2v.6	6	8	daiin	da	2	3	III	H	A	1	1	d-Wert III; lokal Mengen-/Gradmarker	NICHT_ALS_OPERATION_ODER_UND_LESEN__D_HEAD_OFFEN	dor chol chor chol keol chy chty daiin o tchor chan
G626-M02603	f2v	f2v.7	7	1	daiin	da	2	3	III	H	A	1	1	d-Wert III; lokal Mengen-/Gradmarker	NICHT_ALS_OPERATION_ODER_UND_LESEN__D_HEAD_OFFEN	daiin chotchey qoteeey chokeos chees chr cheaiin
G626-M02616	f30r	f30r.11	11	9	daiin	da	2	3	III	H	A	1	1	d-Wert III; lokal Mengen-/Gradmarker	NICHT_ALS_OPERATION_ODER_UND_LESEN__D_HEAD_OFFEN	qotchor cheor chey cheor chey soeeb ydey sor daiin
G626-M02617	f30r	f30r.12	12	4	daiin	da	2	3	III	H	A	1	1	d-Wert III; lokal Mengen-/Gradmarker	NICHT_ALS_OPERATION_ODER_UND_LESEN__D_HEAD_OFFEN	dcheey ckhey ckhey daiin chkeaiin dar chor ychdain
G626-M02624	f30v	f30v.2	2	9	daiin	da	2	3	III	H	A	1	1	d-Wert III; lokal Mengen-/Gradmarker	NICHT_ALS_OPERATION_ODER_UND_LESEN__D_HEAD_OFFEN	qotchor chy she kchor chory keor ol chy daiin ctholdy
G626-M02625	f30v	f30v.3	3	2	daiin	da	2	3	III	H	A	1	1	d-Wert III; lokal Mengen-/Gradmarker	NICHT_ALS_OPERATION_ODER_UND_LESEN__D_HEAD_OFFEN	chotchol daiin cthol doiin daiin chokeor dal chtoy
G626-M02626	f30v	f30v.3	3	5	daiin	da	2	3	III	H	A	1	0	d-Wert III; lokal Mengen-/Gradmarker	NICHT_ALS_OPERATION_ODER_UND_LESEN__D_HEAD_OFFEN	chotchol daiin cthol doiin daiin chokeor dal chtoy
G626-M02627	f30v	f30v.4	4	2	daiin	da	2	3	III	H	A	1	1	d-Wert III; lokal Mengen-/Gradmarker	NICHT_ALS_OPERATION_ODER_UND_LESEN__D_HEAD_OFFEN	otchey daiin chor checkhy qotchod daiin
G626-M02628	f30v	f30v.4	4	6	daiin	da	2	3	III	H	A	1	1	d-Wert III; lokal Mengen-/Gradmarker	NICHT_ALS_OPERATION_ODER_UND_LESEN__D_HEAD_OFFEN	otchey daiin chor checkhy qotchod daiin
G626-M02629	f30v	f30v.5	5	1	dain	da	1	2	II	H	A	1	1	d-Wert II; lokal Mengen-/Gradmarker	NICHT_ALS_OPERATION_ODER_UND_LESEN__D_HEAD_OFFEN	dain choty chkol ytor cheoldy
G626-M02631	f30v	f30v.10	10	4	daiin	da	2	3	III	H	A	1	1	d-Wert III; lokal Mengen-/Gradmarker	NICHT_ALS_OPERATION_ODER_UND_LESEN__D_HEAD_OFFEN	sho sheoldy otcheor daiin
G626-M02632	f30v	f30v.11	11	3	daiin	da	2	3	III	H	A	1	1	d-Wert III; lokal Mengen-/Gradmarker	NICHT_ALS_OPERATION_ODER_UND_LESEN__D_HEAD_OFFEN	sol chokcheey daiin kchydy
G626-M02634	f31r	f31r.2	2	2	daiin	da	2	3	III	H	B	2	1	d-Wert III; lokal Mengen-/Gradmarker	NICHT_ALS_OPERATION_ODER_UND_LESEN__D_HEAD_OFFEN	dcheey daiin okeedy qokees s aiin shekeey qef
G626-M02636	f31r	f31r.3	3	3	daiin	da	2	3	III	H	B	2	1	d-Wert III; lokal Mengen-/Gradmarker	NICHT_ALS_OPERATION_ODER_UND_LESEN__D_HEAD_OFFEN	qokeey chey daiin qokeey sair chekey s aiin da
G626-M02638	f31r	f31r.5	5	1	daiin	da	2	3	III	H	B	2	1	d-Wert III; lokal Mengen-/Gradmarker	NICHT_ALS_OPERATION_ODER_UND_LESEN__D_HEAD_OFFEN	daiin sheeody qokeor
G626-M02644	f31r	f31r.14	14	4	daiin	da	2	3	III	H	B	2	1	d-Wert III; lokal Mengen-/Gradmarker	NICHT_ALS_OPERATION_ODER_UND_LESEN__D_HEAD_OFFEN	saiis or chedy daiin okeedy
G626-M02646	f32r	f32r.1	1	4	dain	da	1	2	II	H	A	1	1	d-Wert II; lokal Mengen-/Gradmarker	NICHT_ALS_OPERATION_ODER_UND_LESEN__D_HEAD_OFFEN	fchaiin shykeody daiiody dain sho tchy oty qopy
G626-M02648	f32r	f32r.3	3	7	daiin	da	2	3	III	H	A	1	1	d-Wert III; lokal Mengen-/Gradmarker	NICHT_ALS_OPERATION_ODER_UND_LESEN__D_HEAD_OFFEN	qokchor chor cthol chol dol dcheodain daiin
G626-M02649	f32r	f32r.4	4	4	dain	da	1	2	II	H	A	1	1	d-Wert II; lokal Mengen-/Gradmarker	NICHT_ALS_OPERATION_ODER_UND_LESEN__D_HEAD_OFFEN	schor dshor ytsho dain daiin choddal
G626-M02650	f32r	f32r.4	4	5	daiin	da	2	3	III	H	A	1	1	d-Wert III; lokal Mengen-/Gradmarker	NICHT_ALS_OPERATION_ODER_UND_LESEN__D_HEAD_OFFEN	schor dshor ytsho dain daiin choddal
G626-M02651	f32r	f32r.5	5	3	daiin	da	2	3	III	H	A	1	1	d-Wert III; lokal Mengen-/Gradmarker	NICHT_ALS_OPERATION_ODER_UND_LESEN__D_HEAD_OFFEN	qotchy qokchy daiin
G626-M02652	f32r	f32r.8	8	3	daiin	da	2	3	III	H	A	1	1	d-Wert III; lokal Mengen-/Gradmarker	NICHT_ALS_OPERATION_ODER_UND_LESEN__D_HEAD_OFFEN	qo ar daiin dam
G626-M02653	f32r	f32r.10	10	3	daiin	da	2	3	III	H	A	1	0	d-Wert III; lokal Mengen-/Gradmarker	NICHT_ALS_OPERATION_ODER_UND_LESEN__D_HEAD_OFFEN	dchor ctho daiin
G626-M02655	f32r	f32r.13	13	3	dain	da	1	2	II	H	A	1	1	d-Wert II; lokal Mengen-/Gradmarker	NICHT_ALS_OPERATION_ODER_UND_LESEN__D_HEAD_OFFEN	otcho rol dain daiin cthy
G626-M02656	f32r	f32r.13	13	4	daiin	da	2	3	III	H	A	1	1	d-Wert III; lokal Mengen-/Gradmarker	NICHT_ALS_OPERATION_ODER_UND_LESEN__D_HEAD_OFFEN	otcho rol dain daiin cthy
G626-M02657	f32r	f32r.14	14	4	daiin	da	2	3	III	H	A	1	1	d-Wert III; lokal Mengen-/Gradmarker	NICHT_ALS_OPERATION_ODER_UND_LESEN__D_HEAD_OFFEN	schey qot shey daiin cths
G626-M02658	f32r	f32r.19	19	3	dan	da	0	1	I	H	A	1	1	d-Wert I; lokal Mengen-/Gradmarker	NICHT_ALS_OPERATION_ODER_UND_LESEN__D_HEAD_OFFEN	dol dchol dan
G626-M02661	f32v	f32v.2	2	1	daiin	da	2	3	III	H	A	1	1	d-Wert III; lokal Mengen-/Gradmarker	NICHT_ALS_OPERATION_ODER_UND_LESEN__D_HEAD_OFFEN	daiin odar chy daiin chey tchy l dy dain teor
G626-M02662	f32v	f32v.2	2	4	daiin	da	2	3	III	H	A	1	1	d-Wert III; lokal Mengen-/Gradmarker	NICHT_ALS_OPERATION_ODER_UND_LESEN__D_HEAD_OFFEN	daiin odar chy daiin chey tchy l dy dain teor
G626-M02663	f32v	f32v.2	2	9	dain	da	1	2	II	H	A	1	1	d-Wert II; lokal Mengen-/Gradmarker	NICHT_ALS_OPERATION_ODER_UND_LESEN__D_HEAD_OFFEN	daiin odar chy daiin chey tchy l dy dain teor
G626-M02664	f32v	f32v.3	3	2	daiin	da	2	3	III	H	A	1	1	d-Wert III; lokal Mengen-/Gradmarker	NICHT_ALS_OPERATION_ODER_UND_LESEN__D_HEAD_OFFEN	shor daiin chckhy dsho dain daiin s shokey ka
G626-M02665	f32v	f32v.3	3	5	dain	da	1	2	II	H	A	1	1	d-Wert II; lokal Mengen-/Gradmarker	NICHT_ALS_OPERATION_ODER_UND_LESEN__D_HEAD_OFFEN	shor daiin chckhy dsho dain daiin s shokey ka
G626-M02666	f32v	f32v.3	3	6	daiin	da	2	3	III	H	A	1	1	d-Wert III; lokal Mengen-/Gradmarker	NICHT_ALS_OPERATION_ODER_UND_LESEN__D_HEAD_OFFEN	shor daiin chckhy dsho dain daiin s shokey ka
G626-M02668	f32v	f32v.4	4	10	daiin	da	2	3	III	H	A	1	1	d-Wert III; lokal Mengen-/Gradmarker	NICHT_ALS_OPERATION_ODER_UND_LESEN__D_HEAD_OFFEN	or chr chor dor chaiin qotcho r chy dcho daiin
G626-M02669	f32v	f32v.5	5	2	daiin	da	2	3	III	H	A	1	1	d-Wert III; lokal Mengen-/Gradmarker	NICHT_ALS_OPERATION_ODER_UND_LESEN__D_HEAD_OFFEN	chokchy daiin shy chor qo kaiin dain dchol dosg
G626-M02671	f32v	f32v.5	5	7	dain	da	1	2	II	H	A	1	1	d-Wert II; lokal Mengen-/Gradmarker	NICHT_ALS_OPERATION_ODER_UND_LESEN__D_HEAD_OFFEN	chokchy daiin shy chor qo kaiin dain dchol dosg
G626-M02674	f32v	f32v.7	7	7	dain	da	1	2	II	H	A	1	0	d-Wert II; lokal Mengen-/Gradmarker	NICHT_ALS_OPERATION_ODER_UND_LESEN__D_HEAD_OFFEN	ksho cphos she sheaiin otshcho r dain shckhy s odan
G626-M02676	f32v	f32v.8	8	2	daiin	da	2	3	III	H	A	1	1	d-Wert III; lokal Mengen-/Gradmarker	NICHT_ALS_OPERATION_ODER_UND_LESEN__D_HEAD_OFFEN	otchol daiin daiin ctho daiin qotaiin otchy d shan
G626-M02677	f32v	f32v.8	8	3	daiin	da	2	3	III	H	A	1	1	d-Wert III; lokal Mengen-/Gradmarker	NICHT_ALS_OPERATION_ODER_UND_LESEN__D_HEAD_OFFEN	otchol daiin daiin ctho daiin qotaiin otchy d shan
G626-M02678	f32v	f32v.8	8	5	daiin	da	2	3	III	H	A	1	0	d-Wert III; lokal Mengen-/Gradmarker	NICHT_ALS_OPERATION_ODER_UND_LESEN__D_HEAD_OFFEN	otchol daiin daiin ctho daiin qotaiin otchy d shan
G626-M02681	f32v	f32v.9	9	5	daiin	da	2	3	III	H	A	1	1	d-Wert III; lokal Mengen-/Gradmarker	NICHT_ALS_OPERATION_ODER_UND_LESEN__D_HEAD_OFFEN	qotchy cfhy skey chocthy daiin cthaiin daiin
G626-M02683	f32v	f32v.9	9	7	daiin	da	2	3	III	H	A	1	1	d-Wert III; lokal Mengen-/Gradmarker	NICHT_ALS_OPERATION_ODER_UND_LESEN__D_HEAD_OFFEN	qotchy cfhy skey chocthy daiin cthaiin daiin
G626-M02684	f32v	f32v.10	10	5	daiin	da	2	3	III	H	A	1	1	d-Wert III; lokal Mengen-/Gradmarker	NICHT_ALS_OPERATION_ODER_UND_LESEN__D_HEAD_OFFEN	sho keol chor chol daiin cpho l cthol da ar
G626-M02685	f33r	f33r.1	1	9	daiin	da	2	3	III	H	B	2	1	d-Wert III; lokal Mengen-/Gradmarker	NICHT_ALS_OPERATION_ODER_UND_LESEN__D_HEAD_OFFEN	tshdar shdor shepchdy cphody yfoldy qofody otchedy lfchdy daiin
G626-M02698	f33r	f33r.6	6	8	daiin	da	2	3	III	H	B	2	0	d-Wert III; lokal Mengen-/Gradmarker	NICHT_ALS_OPERATION_ODER_UND_LESEN__D_HEAD_OFFEN	yteey shody kchedy dy chekar okaiin okaiin daiin okal
G626-M02703	f33v	f33v.1	1	3	daiin	da	2	3	III	H	B	2	1	d-Wert III; lokal Mengen-/Gradmarker	NICHT_ALS_OPERATION_ODER_UND_LESEN__D_HEAD_OFFEN	tar ar daiin ydain cthey dols sheky ar aiin
G626-M02706	f33v	f33v.2	2	6	dain	da	1	2	II	H	B	2	0	d-Wert II; lokal Mengen-/Gradmarker	NICHT_ALS_OPERATION_ODER_UND_LESEN__D_HEAD_OFFEN	kchdy dam dy oky otal dain chdy ytam otam cham
G626-M02707	f33v	f33v.4	4	10	dain	da	1	2	II	H	B	2	0	d-Wert II; lokal Mengen-/Gradmarker	NICHT_ALS_OPERATION_ODER_UND_LESEN__D_HEAD_OFFEN	tokar shdy dal qokar shd otody chedy ykedy dodl dain
G626-M02710	f33v	f33v.7	7	5	daiin	da	2	3	III	H	B	2	1	d-Wert III; lokal Mengen-/Gradmarker	NICHT_ALS_OPERATION_ODER_UND_LESEN__D_HEAD_OFFEN	tshdy shefchdy shckhdy oltedy daiin oky cheol orain chdyshdy porar
G626-M02712	f33v	f33v.8	8	9	daiin	da	2	3	III	H	B	2	0	d-Wert III; lokal Mengen-/Gradmarker	NICHT_ALS_OPERATION_ODER_UND_LESEN__D_HEAD_OFFEN	dar ar sheey keedy okchy okar okedy chy daiin dy dy dar aiin okary
G626-M02719	f34r	f34r.4	4	2	daiin	da	2	3	III	H	B	2	1	d-Wert III; lokal Mengen-/Gradmarker	NICHT_ALS_OPERATION_ODER_UND_LESEN__D_HEAD_OFFEN	ytedy daiin chey aiin shy chckhy oltchedy otedy dam checthy
G626-M02722	f34r	f34r.6	6	6	daiin	da	2	3	III	H	B	2	0	d-Wert III; lokal Mengen-/Gradmarker	NICHT_ALS_OPERATION_ODER_UND_LESEN__D_HEAD_OFFEN	oteol chekey chetey oll chesy daiin cheky fas aiir amg
G626-M02727	f34r	f34r.12	12	12	daiin	da	2	3	III	H	B	2	0	d-Wert III; lokal Mengen-/Gradmarker	NICHT_ALS_OPERATION_ODER_UND_LESEN__D_HEAD_OFFEN	char aiin okor ar tol qokar chckhy chdal ked qokar ar daiin dam
G626-M02735	f34v	f34v.4	4	9	daiin	da	2	3	III	H	B	2	1	d-Wert III; lokal Mengen-/Gradmarker	NICHT_ALS_OPERATION_ODER_UND_LESEN__D_HEAD_OFFEN	tchdaiin chekal shedy qokedar chdaiin oldar qoldar chedy daiin otam
G626-M02744	f34v	f34v.10	10	1	daiin	da	2	3	III	H	B	2	0	d-Wert III; lokal Mengen-/Gradmarker	NICHT_ALS_OPERATION_ODER_UND_LESEN__D_HEAD_OFFEN	daiin chdy tedy kchdy okeedy checkhy chdy kain chear or okedy okam
G626-M02749	f35r	f35r.2	2	5	daiin	da	2	3	III	H	A	1	1	d-Wert III; lokal Mengen-/Gradmarker	NICHT_ALS_OPERATION_ODER_UND_LESEN__D_HEAD_OFFEN	qokeeaiin chokaiin qo tchy daiin
G626-M02752	f35r	f35r.4	4	6	daiin	da	2	3	III	H	A	1	0	d-Wert III; lokal Mengen-/Gradmarker	NICHT_ALS_OPERATION_ODER_UND_LESEN__D_HEAD_OFFEN	qotchy shet chy ckhol cheey daiin dainl
G626-M02753	f35r	f35r.5	5	5	daiin	da	2	3	III	H	A	1	1	d-Wert III; lokal Mengen-/Gradmarker	NICHT_ALS_OPERATION_ODER_UND_LESEN__D_HEAD_OFFEN	otchor sho tcheey scheey daiin dain or
G626-M02754	f35r	f35r.5	5	6	dain	da	1	2	II	H	A	1	0	d-Wert II; lokal Mengen-/Gradmarker	NICHT_ALS_OPERATION_ODER_UND_LESEN__D_HEAD_OFFEN	otchor sho tcheey scheey daiin dain or
G626-M02757	f35r	f35r.6	6	4	daiin	da	2	3	III	H	A	1	0	d-Wert III; lokal Mengen-/Gradmarker	NICHT_ALS_OPERATION_ODER_UND_LESEN__D_HEAD_OFFEN	schaiin char chan daiin
G626-M02760	f35r	f35r.8	8	4	daiin	da	2	3	III	H	A	1	1	d-Wert III; lokal Mengen-/Gradmarker	NICHT_ALS_OPERATION_ODER_UND_LESEN__D_HEAD_OFFEN	qokeey ky kaiin daiin
G626-M02766	f35r	f35r.10	10	9	daiin	da	2	3	III	H	A	1	1	d-Wert III; lokal Mengen-/Gradmarker	NICHT_ALS_OPERATION_ODER_UND_LESEN__D_HEAD_OFFEN	o aiin chaiin ckhy r chl s chochy daiin
G626-M02777	f35r	f35r.14	14	6	daiin	da	2	3	III	H	A	1	1	d-Wert III; lokal Mengen-/Gradmarker	NICHT_ALS_OPERATION_ODER_UND_LESEN__D_HEAD_OFFEN	cthol chol aiin qotchy otchor daiin shol qotaiin
G626-M02779	f35r	f35r.15	15	4	daiin	da	2	3	III	H	A	1	1	d-Wert III; lokal Mengen-/Gradmarker	NICHT_ALS_OPERATION_ODER_UND_LESEN__D_HEAD_OFFEN	ochor s chiin daiin ytain
G626-M02782	f35v	f35v.3	3	4	daiin	da	2	3	III	H	A	1	1	d-Wert III; lokal Mengen-/Gradmarker	NICHT_ALS_OPERATION_ODER_UND_LESEN__D_HEAD_OFFEN	dchor choty chyty daiin
G626-M02784	f35v	f35v.7	7	6	daiin	da	2	3	III	H	A	1	1	d-Wert III; lokal Mengen-/Gradmarker	NICHT_ALS_OPERATION_ODER_UND_LESEN__D_HEAD_OFFEN	tcho tchor shol sho kol daiin
G626-M02793	f35v	f35v.14	14	4	dain	da	1	2	II	H	A	1	1	d-Wert II; lokal Mengen-/Gradmarker	NICHT_ALS_OPERATION_ODER_UND_LESEN__D_HEAD_OFFEN	tcheain shy tar dain
G626-M02796	f35v	f35v.17	17	1	daiin	da	2	3	III	H	A	1	1	d-Wert III; lokal Mengen-/Gradmarker	NICHT_ALS_OPERATION_ODER_UND_LESEN__D_HEAD_OFFEN	daiin dain chkaly choly
G626-M02797	f35v	f35v.17	17	2	dain	da	1	2	II	H	A	1	1	d-Wert II; lokal Mengen-/Gradmarker	NICHT_ALS_OPERATION_ODER_UND_LESEN__D_HEAD_OFFEN	daiin dain chkaly choly
G626-M02798	f35v	f35v.18	18	1	daiin	da	2	3	III	H	A	1	1	d-Wert III; lokal Mengen-/Gradmarker	NICHT_ALS_OPERATION_ODER_UND_LESEN__D_HEAD_OFFEN	daiin qokeeeb chokeeo r
G626-M02799	f35v	f35v.19	19	5	daiin	da	2	3	III	H	A	1	1	d-Wert III; lokal Mengen-/Gradmarker	NICHT_ALS_OPERATION_ODER_UND_LESEN__D_HEAD_OFFEN	schokey y keol chol daiin
G626-M02801	f35v	f35v.20	20	5	dan	da	0	1	I	H	A	1	1	d-Wert I; lokal Mengen-/Gradmarker	NICHT_ALS_OPERATION_ODER_UND_LESEN__D_HEAD_OFFEN	sodaiin shy dchy ckhy dan
G626-M02802	f36r	f36r.1	1	2	dan	da	0	1	I	H	A	1	0	d-Wert I; lokal Mengen-/Gradmarker	NICHT_ALS_OPERATION_ODER_UND_LESEN__D_HEAD_OFFEN	pcha dan qorain chcfhal soiin cphor shaiin cthy dair
G626-M02807	f36r	f36r.3	3	3	daiin	da	2	3	III	H	A	1	1	d-Wert III; lokal Mengen-/Gradmarker	NICHT_ALS_OPERATION_ODER_UND_LESEN__D_HEAD_OFFEN	qotchy tchy daiin aiin dolsain
G626-M02810	f36r	f36r.5	5	1	daiin	da	2	3	III	H	A	1	1	d-Wert III; lokal Mengen-/Gradmarker	NICHT_ALS_OPERATION_ODER_UND_LESEN__D_HEAD_OFFEN	daiin qor chol ctholy s o r chy sy chytaroiin
G626-M02813	f36r	f36r.6	6	6	dain	da	1	2	II	H	A	1	1	d-Wert II; lokal Mengen-/Gradmarker	NICHT_ALS_OPERATION_ODER_UND_LESEN__D_HEAD_OFFEN	okaiin cthor y kaiiin s dain an dan
G626-M02815	f36r	f36r.6	6	8	dan	da	0	1	I	H	A	1	1	d-Wert I; lokal Mengen-/Gradmarker	NICHT_ALS_OPERATION_ODER_UND_LESEN__D_HEAD_OFFEN	okaiin cthor y kaiiin s dain an dan
G626-M02817	f36r	f36r.9	9	2	daiin	da	2	3	III	H	A	1	1	d-Wert III; lokal Mengen-/Gradmarker	NICHT_ALS_OPERATION_ODER_UND_LESEN__D_HEAD_OFFEN	ytodaly daiin otaro
G626-M02820	f36v	f36v.1	1	9	daiin	da	2	3	III	H	A	1	1	d-Wert III; lokal Mengen-/Gradmarker	NICHT_ALS_OPERATION_ODER_UND_LESEN__D_HEAD_OFFEN	pchar asy qoforom shoaiin tchey chy otaiin cphar daiin
G626-M02821	f36v	f36v.2	2	3	daiin	da	2	3	III	H	A	1	1	d-Wert III; lokal Mengen-/Gradmarker	NICHT_ALS_OPERATION_ODER_UND_LESEN__D_HEAD_OFFEN	qotor chol daiin otaiin qotor ytar ochor chety ckhor dom
G626-M02825	f36v	f36v.4	4	6	daiin	da	2	3	III	H	A	1	1	d-Wert III; lokal Mengen-/Gradmarker	NICHT_ALS_OPERATION_ODER_UND_LESEN__D_HEAD_OFFEN	qotchor y ky ty dy daiin cthor
G626-M02826	f36v	f36v.5	5	3	daiin	da	2	3	III	H	A	1	1	d-Wert III; lokal Mengen-/Gradmarker	NICHT_ALS_OPERATION_ODER_UND_LESEN__D_HEAD_OFFEN	tchor ckhoiin daiin cphchar
G626-M02827	f36v	f36v.6	6	1	daiin	da	2	3	III	H	A	1	1	d-Wert III; lokal Mengen-/Gradmarker	NICHT_ALS_OPERATION_ODER_UND_LESEN__D_HEAD_OFFEN	daiin cthor daiin dal dys
G626-M02828	f36v	f36v.6	6	3	daiin	da	2	3	III	H	A	1	1	d-Wert III; lokal Mengen-/Gradmarker	NICHT_ALS_OPERATION_ODER_UND_LESEN__D_HEAD_OFFEN	daiin cthor daiin dal dys
G626-M02831	f36v	f36v.10	10	2	daiin	da	2	3	III	H	A	1	1	d-Wert III; lokal Mengen-/Gradmarker	NICHT_ALS_OPERATION_ODER_UND_LESEN__D_HEAD_OFFEN	ykchotchy daiin daiild
G626-M02834	f37r	f37r.1	1	7	daiin	da	2	3	III	H	A	1	1	d-Wert III; lokal Mengen-/Gradmarker	NICHT_ALS_OPERATION_ODER_UND_LESEN__D_HEAD_OFFEN	tocphol shaiin qotor ofchor oty chory daiin otod or
G626-M02839	f37r	f37r.4	4	2	daiin	da	2	3	III	H	A	1	1	d-Wert III; lokal Mengen-/Gradmarker	NICHT_ALS_OPERATION_ODER_UND_LESEN__D_HEAD_OFFEN	pchotchy daiin cfholdar chol daiin yd
G626-M02840	f37r	f37r.4	4	5	daiin	da	2	3	III	H	A	1	1	d-Wert III; lokal Mengen-/Gradmarker	NICHT_ALS_OPERATION_ODER_UND_LESEN__D_HEAD_OFFEN	pchotchy daiin cfholdar chol daiin yd
G626-M02841	f37r	f37r.6	6	6	daiin	da	2	3	III	H	A	1	1	d-Wert III; lokal Mengen-/Gradmarker	NICHT_ALS_OPERATION_ODER_UND_LESEN__D_HEAD_OFFEN	shor shol qokchy qotomody dchol daiin
G626-M02842	f37r	f37r.7	7	5	daiin	da	2	3	III	H	A	1	1	d-Wert III; lokal Mengen-/Gradmarker	NICHT_ALS_OPERATION_ODER_UND_LESEN__D_HEAD_OFFEN	sor chey kor qokor daiin
G626-M02846	f37r	f37r.10	10	7	daiin	da	2	3	III	H	A	1	1	d-Wert III; lokal Mengen-/Gradmarker	NICHT_ALS_OPERATION_ODER_UND_LESEN__D_HEAD_OFFEN	qoto o kchochor dchor chy shy daiin ychey kol daiir
G626-M02847	f37r	f37r.11	11	2	daiin	da	2	3	III	H	A	1	1	d-Wert III; lokal Mengen-/Gradmarker	NICHT_ALS_OPERATION_ODER_UND_LESEN__D_HEAD_OFFEN	okchor daiin ckhy dain daiin
G626-M02848	f37r	f37r.11	11	4	dain	da	1	2	II	H	A	1	1	d-Wert II; lokal Mengen-/Gradmarker	NICHT_ALS_OPERATION_ODER_UND_LESEN__D_HEAD_OFFEN	okchor daiin ckhy dain daiin
G626-M02849	f37r	f37r.11	11	5	daiin	da	2	3	III	H	A	1	0	d-Wert III; lokal Mengen-/Gradmarker	NICHT_ALS_OPERATION_ODER_UND_LESEN__D_HEAD_OFFEN	okchor daiin ckhy dain daiin
G626-M02851	f37v	f37v.2	2	5	daiin	da	2	3	III	H	A	1	1	d-Wert III; lokal Mengen-/Gradmarker	NICHT_ALS_OPERATION_ODER_UND_LESEN__D_HEAD_OFFEN	dor chol cthor orchochor daiin
G626-M02852	f37v	f37v.3	3	4	daiin	da	2	3	III	H	A	1	0	d-Wert III; lokal Mengen-/Gradmarker	NICHT_ALS_OPERATION_ODER_UND_LESEN__D_HEAD_OFFEN	qokchon shy chon daiin dy
G626-M02853	f37v	f37v.4	4	4	daiin	da	2	3	III	H	A	1	1	d-Wert III; lokal Mengen-/Gradmarker	NICHT_ALS_OPERATION_ODER_UND_LESEN__D_HEAD_OFFEN	dshor dytory dshor daiin
G626-M02854	f37v	f37v.5	5	4	dain	da	1	2	II	H	A	1	1	d-Wert II; lokal Mengen-/Gradmarker	NICHT_ALS_OPERATION_ODER_UND_LESEN__D_HEAD_OFFEN	dchor qotol ykchon dain
G626-M02856	f37v	f37v.7	7	2	daiin	da	2	3	III	H	A	1	1	d-Wert III; lokal Mengen-/Gradmarker	NICHT_ALS_OPERATION_ODER_UND_LESEN__D_HEAD_OFFEN	qotchor daiin
G626-M02857	f37v	f37v.8	8	4	daiin	da	2	3	III	H	A	1	1	d-Wert III; lokal Mengen-/Gradmarker	NICHT_ALS_OPERATION_ODER_UND_LESEN__D_HEAD_OFFEN	qotor choiin chetchy daiin
G626-M02858	f37v	f37v.9	9	4	daiiin	da	3	4	IV	H	A	1	1	d-Wert IV; lokal Mengen-/Gradmarker	NICHT_ALS_OPERATION_ODER_UND_LESEN__D_HEAD_OFFEN	dor chor sho daiiin daiin
G626-M02859	f37v	f37v.9	9	5	daiin	da	2	3	III	H	A	1	1	d-Wert III; lokal Mengen-/Gradmarker	NICHT_ALS_OPERATION_ODER_UND_LESEN__D_HEAD_OFFEN	dor chor sho daiiin daiin
G626-M02860	f37v	f37v.11	11	4	daiin	da	2	3	III	H	A	1	1	d-Wert III; lokal Mengen-/Gradmarker	NICHT_ALS_OPERATION_ODER_UND_LESEN__D_HEAD_OFFEN	qotoiin choror cthol daiin
G626-M02864	f37v	f37v.15	15	3	daiin	da	2	3	III	H	A	1	1	d-Wert III; lokal Mengen-/Gradmarker	NICHT_ALS_OPERATION_ODER_UND_LESEN__D_HEAD_OFFEN	soiiin cheoky daiin dain
G626-M02865	f37v	f37v.15	15	4	dain	da	1	2	II	H	A	1	0	d-Wert II; lokal Mengen-/Gradmarker	NICHT_ALS_OPERATION_ODER_UND_LESEN__D_HEAD_OFFEN	soiiin cheoky daiin dain
G626-M02866	f37v	f37v.16	16	2	daiin	da	2	3	III	H	A	1	1	d-Wert III; lokal Mengen-/Gradmarker	NICHT_ALS_OPERATION_ODER_UND_LESEN__D_HEAD_OFFEN	qotor daiin chotaiin
G626-M02868	f37v	f37v.18	18	2	daiin	da	2	3	III	H	A	1	0	d-Wert III; lokal Mengen-/Gradmarker	NICHT_ALS_OPERATION_ODER_UND_LESEN__D_HEAD_OFFEN	oyteey daiin daiinody
G626-M02869	f37v	f37v.19	19	1	daiin	da	2	3	III	H	A	1	1	d-Wert III; lokal Mengen-/Gradmarker	NICHT_ALS_OPERATION_ODER_UND_LESEN__D_HEAD_OFFEN	daiin qkaiin qotal daiin
G626-M02871	f37v	f37v.19	19	4	daiin	da	2	3	III	H	A	1	1	d-Wert III; lokal Mengen-/Gradmarker	NICHT_ALS_OPERATION_ODER_UND_LESEN__D_HEAD_OFFEN	daiin qkaiin qotal daiin
G626-M02872	f37v	f37v.20	20	4	daiin	da	2	3	III	H	A	1	1	d-Wert III; lokal Mengen-/Gradmarker	NICHT_ALS_OPERATION_ODER_UND_LESEN__D_HEAD_OFFEN	y choy ykol daiin s
G626-M02873	f37v	f37v.21	21	3	daiin	da	2	3	III	H	A	1	1	d-Wert III; lokal Mengen-/Gradmarker	NICHT_ALS_OPERATION_ODER_UND_LESEN__D_HEAD_OFFEN	oshctho do daiin cthols
G626-M02874	f37v	f37v.23	23	3	daiin	da	2	3	III	H	A	1	1	d-Wert III; lokal Mengen-/Gradmarker	NICHT_ALS_OPERATION_ODER_UND_LESEN__D_HEAD_OFFEN	yto chol daiin
G626-M02882	f38r	f38r.5	5	7	dain	da	1	2	II	H	A	1	0	d-Wert II; lokal Mengen-/Gradmarker	NICHT_ALS_OPERATION_ODER_UND_LESEN__D_HEAD_OFFEN	o kor chey kain chor ctho dain ckholdy
G626-M02883	f38r	f38r.6	6	4	daiin	da	2	3	III	H	A	1	1	d-Wert III; lokal Mengen-/Gradmarker	NICHT_ALS_OPERATION_ODER_UND_LESEN__D_HEAD_OFFEN	ysho sho kos daiin okoy chochor daiin
G626-M02884	f38r	f38r.6	6	7	daiin	da	2	3	III	H	A	1	1	d-Wert III; lokal Mengen-/Gradmarker	NICHT_ALS_OPERATION_ODER_UND_LESEN__D_HEAD_OFFEN	ysho sho kos daiin okoy chochor daiin
G626-M02887	f38v	f38v.3	3	3	daiin	da	2	3	III	H	A	1	1	d-Wert III; lokal Mengen-/Gradmarker	NICHT_ALS_OPERATION_ODER_UND_LESEN__D_HEAD_OFFEN	qokeey keor daiin okey keey daiin dair daiin s
G626-M02888	f38v	f38v.3	3	6	daiin	da	2	3	III	H	A	1	1	d-Wert III; lokal Mengen-/Gradmarker	NICHT_ALS_OPERATION_ODER_UND_LESEN__D_HEAD_OFFEN	qokeey keor daiin okey keey daiin dair daiin s
G626-M02889	f38v	f38v.3	3	8	daiin	da	2	3	III	H	A	1	1	d-Wert III; lokal Mengen-/Gradmarker	NICHT_ALS_OPERATION_ODER_UND_LESEN__D_HEAD_OFFEN	qokeey keor daiin okey keey daiin dair daiin s
G626-M02892	f38v	f38v.5	5	2	daiin	da	2	3	III	H	A	1	1	d-Wert III; lokal Mengen-/Gradmarker	NICHT_ALS_OPERATION_ODER_UND_LESEN__D_HEAD_OFFEN	qoty daiin chol oteeol dody cheod chody
G626-M02893	f38v	f38v.6	6	5	daiin	da	2	3	III	H	A	1	1	d-Wert III; lokal Mengen-/Gradmarker	NICHT_ALS_OPERATION_ODER_UND_LESEN__D_HEAD_OFFEN	sho keeey key tey daiin daiiin dain dain
G626-M02894	f38v	f38v.6	6	6	daiiin	da	3	4	IV	H	A	1	1	d-Wert IV; lokal Mengen-/Gradmarker	NICHT_ALS_OPERATION_ODER_UND_LESEN__D_HEAD_OFFEN	sho keeey key tey daiin daiiin dain dain
G626-M02895	f38v	f38v.6	6	7	dain	da	1	2	II	H	A	1	1	d-Wert II; lokal Mengen-/Gradmarker	NICHT_ALS_OPERATION_ODER_UND_LESEN__D_HEAD_OFFEN	sho keeey key tey daiin daiiin dain dain
G626-M02896	f38v	f38v.6	6	8	dain	da	1	2	II	H	A	1	1	d-Wert II; lokal Mengen-/Gradmarker	NICHT_ALS_OPERATION_ODER_UND_LESEN__D_HEAD_OFFEN	sho keeey key tey daiin daiiin dain dain
G626-M02897	f38v	f38v.7	7	1	daiin	da	2	3	III	H	A	1	1	d-Wert III; lokal Mengen-/Gradmarker	NICHT_ALS_OPERATION_ODER_UND_LESEN__D_HEAD_OFFEN	daiin qol chy dain or daiin dain daldy
G626-M02898	f38v	f38v.7	7	4	dain	da	1	2	II	H	A	1	1	d-Wert II; lokal Mengen-/Gradmarker	NICHT_ALS_OPERATION_ODER_UND_LESEN__D_HEAD_OFFEN	daiin qol chy dain or daiin dain daldy
G626-M02899	f38v	f38v.7	7	6	daiin	da	2	3	III	H	A	1	0	d-Wert III; lokal Mengen-/Gradmarker	NICHT_ALS_OPERATION_ODER_UND_LESEN__D_HEAD_OFFEN	daiin qol chy dain or daiin dain daldy
G626-M02900	f38v	f38v.7	7	7	dain	da	1	2	II	H	A	1	0	d-Wert II; lokal Mengen-/Gradmarker	NICHT_ALS_OPERATION_ODER_UND_LESEN__D_HEAD_OFFEN	daiin qol chy dain or daiin dain daldy
G626-M02927	f39r	f39r.14	14	1	daiin	da	2	3	III	H	B	2	1	d-Wert III; lokal Mengen-/Gradmarker	NICHT_ALS_OPERATION_ODER_UND_LESEN__D_HEAD_OFFEN	daiin shckhy chekl ol daiin chedy ykeey daiin otal chdam qokam
G626-M02928	f39r	f39r.14	14	5	daiin	da	2	3	III	H	B	2	0	d-Wert III; lokal Mengen-/Gradmarker	NICHT_ALS_OPERATION_ODER_UND_LESEN__D_HEAD_OFFEN	daiin shckhy chekl ol daiin chedy ykeey daiin otal chdam qokam
G626-M02929	f39r	f39r.14	14	8	daiin	da	2	3	III	H	B	2	0	d-Wert III; lokal Mengen-/Gradmarker	NICHT_ALS_OPERATION_ODER_UND_LESEN__D_HEAD_OFFEN	daiin shckhy chekl ol daiin chedy ykeey daiin otal chdam qokam
G626-M02931	f39r	f39r.15	15	4	daiin	da	2	3	III	H	B	2	0	d-Wert III; lokal Mengen-/Gradmarker	NICHT_ALS_OPERATION_ODER_UND_LESEN__D_HEAD_OFFEN	qolkain ol cheol daiin dar ol dld ar ador aiin ofcheefar
G626-M02937	f39v	f39v.3	3	1	daiin	da	2	3	III	H	B	2	0	d-Wert III; lokal Mengen-/Gradmarker	NICHT_ALS_OPERATION_ODER_UND_LESEN__D_HEAD_OFFEN	daiin chor okain okaii fchody saiin or aiin qokaiin ytodaiin okam
G626-M02956	f39v	f39v.13	13	1	dain	da	1	2	II	H	B	2	1	d-Wert II; lokal Mengen-/Gradmarker	NICHT_ALS_OPERATION_ODER_UND_LESEN__D_HEAD_OFFEN	dain ockhedy otedy okedy lchdy okaiin daiiin y
G626-M02958	f39v	f39v.13	13	7	daiiin	da	3	4	IV	H	B	2	0	d-Wert IV; lokal Mengen-/Gradmarker	NICHT_ALS_OPERATION_ODER_UND_LESEN__D_HEAD_OFFEN	dain ockhedy otedy okedy lchdy okaiin daiiin y
G626-M02961	f3r	f3r.3	3	4	daiin	da	2	3	III	H	A	1	1	d-Wert III; lokal Mengen-/Gradmarker	NICHT_ALS_OPERATION_ODER_UND_LESEN__D_HEAD_OFFEN	ochor qocheor chol daiin cthy
G626-M02965	f3r	f3r.16	16	8	daiin	da	2	3	III	H	A	1	1	d-Wert III; lokal Mengen-/Gradmarker	NICHT_ALS_OPERATION_ODER_UND_LESEN__D_HEAD_OFFEN	oteol chol s cheol ekshy qokeom qokol daiin soleeg
G626-M02972	f3v	f3v.10	10	2	daiin	da	2	3	III	H	A	1	1	d-Wert III; lokal Mengen-/Gradmarker	NICHT_ALS_OPERATION_ODER_UND_LESEN__D_HEAD_OFFEN	ochos daiin qokshol daiim chol okary
G626-M02975	f3v	f3v.14	14	1	dain	da	1	2	II	H	A	1	1	d-Wert II; lokal Mengen-/Gradmarker	NICHT_ALS_OPERATION_ODER_UND_LESEN__D_HEAD_OFFEN	dain sheam y keam
G626-M02984	f40r	f40r.8	8	10	daiin	da	2	3	III	H	B	2	0	d-Wert III; lokal Mengen-/Gradmarker	NICHT_ALS_OPERATION_ODER_UND_LESEN__D_HEAD_OFFEN	ksheo keeey dar aig kcheo cfhdy or ain chefal daiin dg
G626-M02987	f40r	f40r.9	9	5	dain	da	1	2	II	H	B	2	1	d-Wert II; lokal Mengen-/Gradmarker	NICHT_ALS_OPERATION_ODER_UND_LESEN__D_HEAD_OFFEN	taiin ol olaiin or dain okaiin okaiin okaiin daram
G626-M03002	f40v	f40v.6	6	4	daiin	da	2	3	III	H	B	2	0	d-Wert III; lokal Mengen-/Gradmarker	NICHT_ALS_OPERATION_ODER_UND_LESEN__D_HEAD_OFFEN	qoeedaiin ol chedy daiin
G626-M03007	f40v	f40v.12	12	2	daiin	da	2	3	III	H	B	2	0	d-Wert III; lokal Mengen-/Gradmarker	NICHT_ALS_OPERATION_ODER_UND_LESEN__D_HEAD_OFFEN	ycheekeey daiin okaiin
G626-M03009	f40v	f40v.13	13	6	daiin	da	2	3	III	H	B	2	1	d-Wert III; lokal Mengen-/Gradmarker	NICHT_ALS_OPERATION_ODER_UND_LESEN__D_HEAD_OFFEN	toees chedy kedy olfchedy qokedy daiin chefain
G626-M03018	f41r	f41r.9	9	7	daiin	da	2	3	III	H	B	5	1	d-Wert III; lokal Mengen-/Gradmarker	NICHT_ALS_OPERATION_ODER_UND_LESEN__D_HEAD_OFFEN	qokeedy okedy chekedy chedy chckheody chekol daiin cheo al otedy
G626-M03020	f41v	f41v.3	3	8	daiin	da	2	3	III	H	B	5	1	d-Wert III; lokal Mengen-/Gradmarker	NICHT_ALS_OPERATION_ODER_UND_LESEN__D_HEAD_OFFEN	dshedy tchey s aiin shekey okedy okaly daiin okedy ykeeody choy keoy dam
G626-M03021	f41v	f41v.5	5	3	daiin	da	2	3	III	H	B	5	1	d-Wert III; lokal Mengen-/Gradmarker	NICHT_ALS_OPERATION_ODER_UND_LESEN__D_HEAD_OFFEN	ycheos olchey daiin or cholalaiin oteedy qoteol oteodar orain
G626-M03026	f41v	f41v.8	8	1	daiin	da	2	3	III	H	B	5	0	d-Wert III; lokal Mengen-/Gradmarker	NICHT_ALS_OPERATION_ODER_UND_LESEN__D_HEAD_OFFEN	daiin olkeeo lkol chedy okeey
G626-M03037	f42r	f42r.10	10	9	dain	da	1	2	II	H	A	1	0	d-Wert II; lokal Mengen-/Gradmarker	NICHT_ALS_OPERATION_ODER_UND_LESEN__D_HEAD_OFFEN	choty dol ksheo cthor otol cthol chol shol dain
G626-M03038	f42r	f42r.11	11	4	daiin	da	2	3	III	H	A	1	1	d-Wert III; lokal Mengen-/Gradmarker	NICHT_ALS_OPERATION_ODER_UND_LESEN__D_HEAD_OFFEN	qotor cho chody daiin shol ctheey dar chy daiidy
G626-M03040	f42r	f42r.12	12	7	dain	da	1	2	II	H	A	1	1	d-Wert II; lokal Mengen-/Gradmarker	NICHT_ALS_OPERATION_ODER_UND_LESEN__D_HEAD_OFFEN	dcheey chol shol chokaiin choeky d dain dal
G626-M03041	f42r	f42r.13	13	6	daiin	da	2	3	III	H	A	1	0	d-Wert III; lokal Mengen-/Gradmarker	NICHT_ALS_OPERATION_ODER_UND_LESEN__D_HEAD_OFFEN	qopor shol shot shol shol daiin dain s cheam
G626-M03042	f42r	f42r.13	13	7	dain	da	1	2	II	H	A	1	1	d-Wert II; lokal Mengen-/Gradmarker	NICHT_ALS_OPERATION_ODER_UND_LESEN__D_HEAD_OFFEN	qopor shol shot shol shol daiin dain s cheam
G626-M03045	f42r	f42r.14	14	6	daiin	da	2	3	III	H	A	1	1	d-Wert III; lokal Mengen-/Gradmarker	NICHT_ALS_OPERATION_ODER_UND_LESEN__D_HEAD_OFFEN	sho kshey choty chdain chodaiin daiin dam
G626-M03049	f42r	f42r.17	17	4	daiin	da	2	3	III	H	A	1	1	d-Wert III; lokal Mengen-/Gradmarker	NICHT_ALS_OPERATION_ODER_UND_LESEN__D_HEAD_OFFEN	shotol shol chety daiin chokchy chkaiin
G626-M03053	f42r	f42r.19	19	2	daiin	da	2	3	III	H	A	1	1	d-Wert III; lokal Mengen-/Gradmarker	NICHT_ALS_OPERATION_ODER_UND_LESEN__D_HEAD_OFFEN	otchoty daiin chot sho y s os
G626-M03059	f42v	f42v.1	1	8	dain	da	1	2	II	H	A	1	1	d-Wert II; lokal Mengen-/Gradmarker	NICHT_ALS_OPERATION_ODER_UND_LESEN__D_HEAD_OFFEN	cho sheey qocho taiin shols chol chor dain
G626-M03060	f42v	f42v.2	2	7	dan	da	0	1	I	H	A	1	1	d-Wert I; lokal Mengen-/Gradmarker	NICHT_ALS_OPERATION_ODER_UND_LESEN__D_HEAD_OFFEN	dshey tchey y kchey chtchy y dan dain otol daiin
G626-M03061	f42v	f42v.2	2	8	dain	da	1	2	II	H	A	1	1	d-Wert II; lokal Mengen-/Gradmarker	NICHT_ALS_OPERATION_ODER_UND_LESEN__D_HEAD_OFFEN	dshey tchey y kchey chtchy y dan dain otol daiin
G626-M03062	f42v	f42v.2	2	10	daiin	da	2	3	III	H	A	1	1	d-Wert III; lokal Mengen-/Gradmarker	NICHT_ALS_OPERATION_ODER_UND_LESEN__D_HEAD_OFFEN	dshey tchey y kchey chtchy y dan dain otol daiin
G626-M03073	f42v	f42v.13	13	6	daiin	da	2	3	III	H	A	1	1	d-Wert III; lokal Mengen-/Gradmarker	NICHT_ALS_OPERATION_ODER_UND_LESEN__D_HEAD_OFFEN	sho chey teor shey chey daiin chokeey daiin
G626-M03074	f42v	f42v.13	13	8	daiin	da	2	3	III	H	A	1	1	d-Wert III; lokal Mengen-/Gradmarker	NICHT_ALS_OPERATION_ODER_UND_LESEN__D_HEAD_OFFEN	sho chey teor shey chey daiin chokeey daiin
G626-M03077	f43r	f43r.2	2	11	daiin	da	2	3	III	H	B	2	0	d-Wert III; lokal Mengen-/Gradmarker	NICHT_ALS_OPERATION_ODER_UND_LESEN__D_HEAD_OFFEN	yteody oteol ytedy ar chety dar aiir okaldy daral otchdy daiin dals
G626-M03081	f43r	f43r.8	8	8	dain	da	1	2	II	H	B	2	1	d-Wert II; lokal Mengen-/Gradmarker	NICHT_ALS_OPERATION_ODER_UND_LESEN__D_HEAD_OFFEN	ytchedy chedy cheody shy qoiiin sheeeky chedy dain shy ykolor otaiin old
G626-M03084	f43r	f43r.10	10	8	daiin	da	2	3	III	H	B	2	1	d-Wert III; lokal Mengen-/Gradmarker	NICHT_ALS_OPERATION_ODER_UND_LESEN__D_HEAD_OFFEN	pshdar shed ody qotedy yfchdy qody opchdy daiin qokedy dydydy qotar
G626-M03086	f43r	f43r.13	13	6	daiin	da	2	3	III	H	B	2	1	d-Wert III; lokal Mengen-/Gradmarker	NICHT_ALS_OPERATION_ODER_UND_LESEN__D_HEAD_OFFEN	tshed qosheckhey odeeedy qeokeey qotedy daiin shodody shochol chckhy y kedydy
G626-M03094	f43v	f43v.8	8	6	daiin	da	2	3	III	H	B	2	0	d-Wert III; lokal Mengen-/Gradmarker	NICHT_ALS_OPERATION_ODER_UND_LESEN__D_HEAD_OFFEN	shetcheodchs ochedy oteody chedy chody daiin sheody ykar chef
G626-M03103	f44r	f44r.3	3	5	daiin	da	2	3	III	H	A	1	1	d-Wert III; lokal Mengen-/Gradmarker	NICHT_ALS_OPERATION_ODER_UND_LESEN__D_HEAD_OFFEN	oair ekokeey kshotol otal daiin ototaykal
G626-M03104	f44r	f44r.5	5	8	daiin	da	2	3	III	H	A	1	1	d-Wert III; lokal Mengen-/Gradmarker	NICHT_ALS_OPERATION_ODER_UND_LESEN__D_HEAD_OFFEN	toy shysho qoteey char cheeky sheey ytey daiin
G626-M03106	f44v	f44v.2	2	6	daiin	da	2	3	III	H	A	1	1	d-Wert III; lokal Mengen-/Gradmarker	NICHT_ALS_OPERATION_ODER_UND_LESEN__D_HEAD_OFFEN	yolkol cheol qokchain daly otchol daiin shol qotor ar
G626-M03107	f44v	f44v.3	3	5	daiin	da	2	3	III	H	A	1	1	d-Wert III; lokal Mengen-/Gradmarker	NICHT_ALS_OPERATION_ODER_UND_LESEN__D_HEAD_OFFEN	tol okchor shcthy otol daiin cthy cthy
G626-M03123	f45r	f45r.3	3	4	daiin	da	2	3	III	H	A	1	1	d-Wert III; lokal Mengen-/Gradmarker	NICHT_ALS_OPERATION_ODER_UND_LESEN__D_HEAD_OFFEN	qo chcthy kchol daiin qoaiin cthy chaiin ykeey cthom
G626-M03127	f45r	f45r.5	5	10	daiin	da	2	3	III	H	A	1	0	d-Wert III; lokal Mengen-/Gradmarker	NICHT_ALS_OPERATION_ODER_UND_LESEN__D_HEAD_OFFEN	kol sho pchor kchey ty opchaldy otshy qokchy dol daiin
G626-M03128	f45r	f45r.6	6	3	daiin	da	2	3	III	H	A	1	1	d-Wert III; lokal Mengen-/Gradmarker	NICHT_ALS_OPERATION_ODER_UND_LESEN__D_HEAD_OFFEN	otchar okchar daiin ytchody tcholol otar dal dary
G626-M03130	f45r	f45r.8	8	5	dain	da	1	2	II	H	A	1	0	d-Wert II; lokal Mengen-/Gradmarker	NICHT_ALS_OPERATION_ODER_UND_LESEN__D_HEAD_OFFEN	tchol cthy qodaiin cthy dain ey otydal daiin g
G626-M03131	f45r	f45r.8	8	8	daiin	da	2	3	III	H	A	1	1	d-Wert III; lokal Mengen-/Gradmarker	NICHT_ALS_OPERATION_ODER_UND_LESEN__D_HEAD_OFFEN	tchol cthy qodaiin cthy dain ey otydal daiin g
G626-M03133	f45r	f45r.9	9	4	dain	da	1	2	II	H	A	1	1	d-Wert II; lokal Mengen-/Gradmarker	NICHT_ALS_OPERATION_ODER_UND_LESEN__D_HEAD_OFFEN	or or chain dain ykolody ytaiin qotchol kol dy
G626-M03140	f45v	f45v.2	2	3	daiin	da	2	3	III	H	A	1	1	d-Wert III; lokal Mengen-/Gradmarker	NICHT_ALS_OPERATION_ODER_UND_LESEN__D_HEAD_OFFEN	okol chor daiin cthy okchol chom okolor dy okchol s
G626-M03141	f45v	f45v.4	4	3	dain	da	1	2	II	H	A	1	1	d-Wert II; lokal Mengen-/Gradmarker	NICHT_ALS_OPERATION_ODER_UND_LESEN__D_HEAD_OFFEN	okchy qockhy dain dail dair shy
G626-M03144	f46r	f46r.1	1	10	daiin	da	2	3	III	H	B	2	1	d-Wert III; lokal Mengen-/Gradmarker	NICHT_ALS_OPERATION_ODER_UND_LESEN__D_HEAD_OFFEN	pcheocphy qotedy chety dy chepchx yfcheky osaiin shee qoteol daiin shee dy daly
G626-M03146	f46r	f46r.2	2	7	daiin	da	2	3	III	H	B	2	1	d-Wert III; lokal Mengen-/Gradmarker	NICHT_ALS_OPERATION_ODER_UND_LESEN__D_HEAD_OFFEN	sodaiin sheeoly qoor sheo teoly chckhy daiin sh sheet shedy xor aiin sheckhy
G626-M03148	f46r	f46r.3	3	1	daiin	da	2	3	III	H	B	2	1	d-Wert III; lokal Mengen-/Gradmarker	NICHT_ALS_OPERATION_ODER_UND_LESEN__D_HEAD_OFFEN	daiin shor ykal chey daiin she dalshedy qokol s aiin shee ykar daiin
G626-M03149	f46r	f46r.3	3	5	daiin	da	2	3	III	H	B	2	1	d-Wert III; lokal Mengen-/Gradmarker	NICHT_ALS_OPERATION_ODER_UND_LESEN__D_HEAD_OFFEN	daiin shor ykal chey daiin she dalshedy qokol s aiin shee ykar daiin
G626-M03151	f46r	f46r.3	3	13	daiin	da	2	3	III	H	B	2	0	d-Wert III; lokal Mengen-/Gradmarker	NICHT_ALS_OPERATION_ODER_UND_LESEN__D_HEAD_OFFEN	daiin shor ykal chey daiin she dalshedy qokol s aiin shee ykar daiin
G626-M03154	f46r	f46r.11	11	4	daiin	da	2	3	III	H	B	2	0	d-Wert III; lokal Mengen-/Gradmarker	NICHT_ALS_OPERATION_ODER_UND_LESEN__D_HEAD_OFFEN	pchdair shd shep daiin shdy oedy qopchdy ldy shear opdarshdy s yfchedy
G626-M03155	f46r	f46r.12	12	2	daiin	da	2	3	III	H	B	2	1	d-Wert III; lokal Mengen-/Gradmarker	NICHT_ALS_OPERATION_ODER_UND_LESEN__D_HEAD_OFFEN	techy daiin sheockhy choky r aiin ches shey kar sheckhy chdy chckham
G626-M03159	f46v	f46v.1	1	12	daiin	da	2	3	III	H	B	2	1	d-Wert III; lokal Mengen-/Gradmarker	NICHT_ALS_OPERATION_ODER_UND_LESEN__D_HEAD_OFFEN	pody lshed ypdy shedy opchedy ytedy oepchol yfchey tochsy okas ykchdy daiin
G626-M03161	f46v	f46v.2	2	5	daiin	da	2	3	III	H	B	2	1	d-Wert III; lokal Mengen-/Gradmarker	NICHT_ALS_OPERATION_ODER_UND_LESEN__D_HEAD_OFFEN	ytair aiin otchdy okaly daiin qokedy otar ar oldy otedy saim okey tody daiin
G626-M03162	f46v	f46v.2	2	14	daiin	da	2	3	III	H	B	2	1	d-Wert III; lokal Mengen-/Gradmarker	NICHT_ALS_OPERATION_ODER_UND_LESEN__D_HEAD_OFFEN	ytair aiin otchdy okaly daiin qokedy otar ar oldy otedy saim okey tody daiin
G626-M03164	f46v	f46v.4	4	10	daiin	da	2	3	III	H	B	2	0	d-Wert III; lokal Mengen-/Gradmarker	NICHT_ALS_OPERATION_ODER_UND_LESEN__D_HEAD_OFFEN	ydaiin chckhy chdal olar chckhdy chdody tar cham kedy daiin y kaiir shckhefy
G626-M03166	f46v	f46v.5	5	7	daiin	da	2	3	III	H	B	2	0	d-Wert III; lokal Mengen-/Gradmarker	NICHT_ALS_OPERATION_ODER_UND_LESEN__D_HEAD_OFFEN	lodaiin shedy qokedy chdy okedy dykaly daiin chedy okeedy s ar air cthy
G626-M03170	f47r	f47r.1	1	5	daiin	da	2	3	III	H	A	1	1	d-Wert III; lokal Mengen-/Gradmarker	NICHT_ALS_OPERATION_ODER_UND_LESEN__D_HEAD_OFFEN	chair oly sheaiin shol daiin chdy
G626-M03173	f47r	f47r.3	3	7	dain	da	1	2	II	H	A	1	1	d-Wert II; lokal Mengen-/Gradmarker	NICHT_ALS_OPERATION_ODER_UND_LESEN__D_HEAD_OFFEN	dor chol chy chaiin ckhey chol dain okaiin
G626-M03176	f47r	f47r.4	4	5	daiin	da	2	3	III	H	A	1	1	d-Wert III; lokal Mengen-/Gradmarker	NICHT_ALS_OPERATION_ODER_UND_LESEN__D_HEAD_OFFEN	qokcheo cthey chokain chol daiin kchdal
G626-M03177	f47r	f47r.5	5	1	dain	da	1	2	II	H	A	1	1	d-Wert II; lokal Mengen-/Gradmarker	NICHT_ALS_OPERATION_ODER_UND_LESEN__D_HEAD_OFFEN	dain olshey chokolg
G626-M03181	f47r	f47r.9	9	6	daiin	da	2	3	III	H	A	1	1	d-Wert III; lokal Mengen-/Gradmarker	NICHT_ALS_OPERATION_ODER_UND_LESEN__D_HEAD_OFFEN	qoko kor chaiin okal chol daiin okcho kchorsy
G626-M03182	f47r	f47r.10	10	8	dain	da	1	2	II	H	A	1	1	d-Wert II; lokal Mengen-/Gradmarker	NICHT_ALS_OPERATION_ODER_UND_LESEN__D_HEAD_OFFEN	shy otcho keey tor chey otchy tchol dain dam
G626-M03183	f47r	f47r.11	11	3	daiin	da	2	3	III	H	A	1	1	d-Wert III; lokal Mengen-/Gradmarker	NICHT_ALS_OPERATION_ODER_UND_LESEN__D_HEAD_OFFEN	dsho cphy daiin daiiny
G626-M03184	f47v	f47v.3	3	7	daiin	da	2	3	III	H	A	1	1	d-Wert III; lokal Mengen-/Gradmarker	NICHT_ALS_OPERATION_ODER_UND_LESEN__D_HEAD_OFFEN	shol char oteol dor otchol chkchy daiin
G626-M03187	f47v	f47v.8	8	1	daiin	da	2	3	III	H	A	1	1	d-Wert III; lokal Mengen-/Gradmarker	NICHT_ALS_OPERATION_ODER_UND_LESEN__D_HEAD_OFFEN	daiin cheotar chodaly sal
G626-M03188	f47v	f47v.9	9	5	dain	da	1	2	II	H	A	1	1	d-Wert II; lokal Mengen-/Gradmarker	NICHT_ALS_OPERATION_ODER_UND_LESEN__D_HEAD_OFFEN	qotcheey chety chol chol dain
G626-M03189	f47v	f47v.11	11	8	daiin	da	2	3	III	H	A	1	1	d-Wert III; lokal Mengen-/Gradmarker	NICHT_ALS_OPERATION_ODER_UND_LESEN__D_HEAD_OFFEN	oteey cho chdy chy key chyky dchy daiin chy
G626-M03190	f47v	f47v.12	12	8	daiin	da	2	3	III	H	A	1	0	d-Wert III; lokal Mengen-/Gradmarker	NICHT_ALS_OPERATION_ODER_UND_LESEN__D_HEAD_OFFEN	chy cho keesy chy chy cheky chochy daiin
G626-M03191	f47v	f47v.13	13	2	daiin	da	2	3	III	H	A	1	1	d-Wert III; lokal Mengen-/Gradmarker	NICHT_ALS_OPERATION_ODER_UND_LESEN__D_HEAD_OFFEN	dshy daiin chdlety chaiin dcheey otald
G626-M03196	f48r	f48r.2	2	1	daiin	da	2	3	III	H	B	5	1	d-Wert III; lokal Mengen-/Gradmarker	NICHT_ALS_OPERATION_ODER_UND_LESEN__D_HEAD_OFFEN	daiin yteeol cheody kechodshey qotedy chtaiin otchdy tedain okain ckhy
G626-M03201	f48r	f48r.4	4	2	dain	da	1	2	II	H	B	5	0	d-Wert II; lokal Mengen-/Gradmarker	NICHT_ALS_OPERATION_ODER_UND_LESEN__D_HEAD_OFFEN	tolkeol dain otaiin ykeedy chet ytedy tedy qokdy tshdy chetedy ctheety r
G626-M03210	f48v	f48v.5	5	8	dain	da	1	2	II	H	B	5	0	d-Wert II; lokal Mengen-/Gradmarker	NICHT_ALS_OPERATION_ODER_UND_LESEN__D_HEAD_OFFEN	lkeey qocthedy taiin shed qokar otedy dy dain tolkain otam
G626-M03214	f49r	f49r.2	2	8	daiin	da	2	3	III	H	A	1	1	d-Wert III; lokal Mengen-/Gradmarker	NICHT_ALS_OPERATION_ODER_UND_LESEN__D_HEAD_OFFEN	qotor sho chotchy choshy qopchar qo dor daiin
G626-M03215	f49r	f49r.3	3	4	daiin	da	2	3	III	H	A	1	1	d-Wert III; lokal Mengen-/Gradmarker	NICHT_ALS_OPERATION_ODER_UND_LESEN__D_HEAD_OFFEN	dsho dchor dchor daiin dor cheoraiin
G626-M03221	f49r	f49r.12	12	4	daiin	da	2	3	III	H	A	1	1	d-Wert III; lokal Mengen-/Gradmarker	NICHT_ALS_OPERATION_ODER_UND_LESEN__D_HEAD_OFFEN	podaiin cheo kcho daiin chcthy
G626-M03222	f49r	f49r.13	13	5	daiin	da	2	3	III	H	A	1	1	d-Wert III; lokal Mengen-/Gradmarker	NICHT_ALS_OPERATION_ODER_UND_LESEN__D_HEAD_OFFEN	d chol y tcheol daiin cthodd
G626-M03223	f49r	f49r.14	14	6	daiin	da	2	3	III	H	A	1	1	d-Wert III; lokal Mengen-/Gradmarker	NICHT_ALS_OPERATION_ODER_UND_LESEN__D_HEAD_OFFEN	qo shoqoky shor sheor otol daiin
G626-M03225	f49r	f49r.15	15	5	daiin	da	2	3	III	H	A	1	1	d-Wert III; lokal Mengen-/Gradmarker	NICHT_ALS_OPERATION_ODER_UND_LESEN__D_HEAD_OFFEN	ochol chol chody dchodaiin daiin
G626-M03229	f49v	f49v.14	14	3	dan	da	0	1	I	H	A	1	1	d-Wert I; lokal Mengen-/Gradmarker	NICHT_ALS_OPERATION_ODER_UND_LESEN__D_HEAD_OFFEN	chotchy chodaiin dan
G626-M03230	f49v	f49v.16	16	3	daiin	da	2	3	III	H	A	1	0	d-Wert III; lokal Mengen-/Gradmarker	NICHT_ALS_OPERATION_ODER_UND_LESEN__D_HEAD_OFFEN	qoteees cheo daiin dol
G626-M03231	f49v	f49v.20	20	2	daiin	da	2	3	III	H	A	1	0	d-Wert III; lokal Mengen-/Gradmarker	NICHT_ALS_OPERATION_ODER_UND_LESEN__D_HEAD_OFFEN	qoksho daiin shckhy dar
G626-M03232	f49v	f49v.22	22	3	daiin	da	2	3	III	H	A	1	1	d-Wert III; lokal Mengen-/Gradmarker	NICHT_ALS_OPERATION_ODER_UND_LESEN__D_HEAD_OFFEN	dchol cthol daiin choky
G626-M03233	f49v	f49v.24	24	3	daiin	da	2	3	III	H	A	1	1	d-Wert III; lokal Mengen-/Gradmarker	NICHT_ALS_OPERATION_ODER_UND_LESEN__D_HEAD_OFFEN	ochokeey ckhey daiin dain chokag
G626-M03234	f49v	f49v.24	24	4	dain	da	1	2	II	H	A	1	1	d-Wert II; lokal Mengen-/Gradmarker	NICHT_ALS_OPERATION_ODER_UND_LESEN__D_HEAD_OFFEN	ochokeey ckhey daiin dain chokag
G626-M03235	f49v	f49v.26	26	7	daiin	da	2	3	III	H	A	1	1	d-Wert III; lokal Mengen-/Gradmarker	NICHT_ALS_OPERATION_ODER_UND_LESEN__D_HEAD_OFFEN	qokeol chokeeody otol kcho s chol daiin
G626-M03238	f49v	f49v.38	38	6	daiin	da	2	3	III	H	A	1	1	d-Wert III; lokal Mengen-/Gradmarker	NICHT_ALS_OPERATION_ODER_UND_LESEN__D_HEAD_OFFEN	chokeo sho cheor cheokchet chor daiin dy daiin qokg
G626-M03239	f49v	f49v.38	38	8	daiin	da	2	3	III	H	A	1	0	d-Wert III; lokal Mengen-/Gradmarker	NICHT_ALS_OPERATION_ODER_UND_LESEN__D_HEAD_OFFEN	chokeo sho cheor cheokchet chor daiin dy daiin qokg
G626-M03241	f49v	f49v.40	40	3	daiin	da	2	3	III	H	A	1	1	d-Wert III; lokal Mengen-/Gradmarker	NICHT_ALS_OPERATION_ODER_UND_LESEN__D_HEAD_OFFEN	oaiin chy daiin chol chaiin kshardy chokchy
G626-M03244	f49v	f49v.42	42	6	dain	da	1	2	II	H	A	1	1	d-Wert II; lokal Mengen-/Gradmarker	NICHT_ALS_OPERATION_ODER_UND_LESEN__D_HEAD_OFFEN	qokeaiin cheo chor choteey kcheol dain cho daisin
G626-M03246	f49v	f49v.44	44	5	daiin	da	2	3	III	H	A	1	0	d-Wert III; lokal Mengen-/Gradmarker	NICHT_ALS_OPERATION_ODER_UND_LESEN__D_HEAD_OFFEN	chokaiin cho dls chariin daiin chain dy chetcho dy
G626-M03251	f49v	f49v.52	52	4	daiin	da	2	3	III	H	A	1	1	d-Wert III; lokal Mengen-/Gradmarker	NICHT_ALS_OPERATION_ODER_UND_LESEN__D_HEAD_OFFEN	ykchokeo r cheey daiin
G626-M03256	f4r	f4r.3	3	6	daiin	da	2	3	III	H	A	1	1	d-Wert III; lokal Mengen-/Gradmarker	NICHT_ALS_OPERATION_ODER_UND_LESEN__D_HEAD_OFFEN	otchol chol chy chaiin qotaiin daiin shain
G626-M03258	f4r	f4r.4	4	4	daiin	da	2	3	III	H	A	1	1	d-Wert III; lokal Mengen-/Gradmarker	NICHT_ALS_OPERATION_ODER_UND_LESEN__D_HEAD_OFFEN	qotchol chy yty daiin okaiin cthy
G626-M03262	f4r	f4r.7	7	3	daiin	da	2	3	III	H	A	1	1	d-Wert III; lokal Mengen-/Gradmarker	NICHT_ALS_OPERATION_ODER_UND_LESEN__D_HEAD_OFFEN	qotaiin cthol daiin cthom
G626-M03263	f4r	f4r.9	9	1	daiin	da	2	3	III	H	A	1	1	d-Wert III; lokal Mengen-/Gradmarker	NICHT_ALS_OPERATION_ODER_UND_LESEN__D_HEAD_OFFEN	daiin ckhochy tchy kor aiin
G626-M03268	f4r	f4r.13	13	1	daiin	da	2	3	III	H	A	1	1	d-Wert III; lokal Mengen-/Gradmarker	NICHT_ALS_OPERATION_ODER_UND_LESEN__D_HEAD_OFFEN	daiin cthey
G626-M03271	f4v	f4v.3	3	5	daiin	da	2	3	III	H	A	1	1	d-Wert III; lokal Mengen-/Gradmarker	NICHT_ALS_OPERATION_ODER_UND_LESEN__D_HEAD_OFFEN	sho sho chaiin shaiin daiin qodaiin o aram
G626-M03273	f4v	f4v.4	4	4	daiin	da	2	3	III	H	A	1	1	d-Wert III; lokal Mengen-/Gradmarker	NICHT_ALS_OPERATION_ODER_UND_LESEN__D_HEAD_OFFEN	qokshy qocthy choteol daiin cthey choaiin
G626-M03276	f4v	f4v.9	9	6	daiin	da	2	3	III	H	A	1	1	d-Wert III; lokal Mengen-/Gradmarker	NICHT_ALS_OPERATION_ODER_UND_LESEN__D_HEAD_OFFEN	qooko iiin cheog chcthy shoky daiin
G626-M03279	f4v	f4v.11	11	6	daiin	da	2	3	III	H	A	1	0	d-Wert III; lokal Mengen-/Gradmarker	NICHT_ALS_OPERATION_ODER_UND_LESEN__D_HEAD_OFFEN	sho kcheor shody shtaiin qotol daiin
G626-M03282	f50r	f50r.2	2	9	daiiin	da	3	4	IV	H	B	2	1	d-Wert IV; lokal Mengen-/Gradmarker	NICHT_ALS_OPERATION_ODER_UND_LESEN__D_HEAD_OFFEN	sor orsheckhy ockhody shos alol dy kar oky daiiin okar ar okam
G626-M03288	f50r	f50r.6	6	9	daiin	da	2	3	III	H	B	2	1	d-Wert III; lokal Mengen-/Gradmarker	NICHT_ALS_OPERATION_ODER_UND_LESEN__D_HEAD_OFFEN	ykain shear ol kchedy okal qotor cheeor olkeedy daiin qoky
G626-M03307	f50v	f50v.6	6	1	daiin	da	2	3	III	H	B	2	1	d-Wert III; lokal Mengen-/Gradmarker	NICHT_ALS_OPERATION_ODER_UND_LESEN__D_HEAD_OFFEN	daiin kedair okal chody qokedy okar okchey okedy otar chkeey
G626-M03311	f50v	f50v.7	7	6	daiin	da	2	3	III	H	B	2	1	d-Wert III; lokal Mengen-/Gradmarker	NICHT_ALS_OPERATION_ODER_UND_LESEN__D_HEAD_OFFEN	tedaiin odaiin or okaiin ykor daiin choky qotchdy k dairam
G626-M03319	f51r	f51r.4	4	1	daiin	da	2	3	III	H	A	1	1	d-Wert III; lokal Mengen-/Gradmarker	NICHT_ALS_OPERATION_ODER_UND_LESEN__D_HEAD_OFFEN	daiin es okol cheody ckhy cheeey
G626-M03322	f51r	f51r.6	6	2	daiin	da	2	3	III	H	A	1	1	d-Wert III; lokal Mengen-/Gradmarker	NICHT_ALS_OPERATION_ODER_UND_LESEN__D_HEAD_OFFEN	ycho daiin chokaiin ykchodaiin ykald
G626-M03326	f51r	f51r.9	9	2	daiin	da	2	3	III	H	A	1	1	d-Wert III; lokal Mengen-/Gradmarker	NICHT_ALS_OPERATION_ODER_UND_LESEN__D_HEAD_OFFEN	tol daiin daim qchodal dal qody qoetam
G626-M03330	f51r	f51r.13	13	6	daiin	da	2	3	III	H	A	1	0	d-Wert III; lokal Mengen-/Gradmarker	NICHT_ALS_OPERATION_ODER_UND_LESEN__D_HEAD_OFFEN	oaiin ckhol ykieol otchey cpheo daiin ykeoldy
G626-M03335	f51v	f51v.2	2	7	daiin	da	2	3	III	H	A	1	1	d-Wert III; lokal Mengen-/Gradmarker	NICHT_ALS_OPERATION_ODER_UND_LESEN__D_HEAD_OFFEN	dshody ckhody qokol dykaiin chy qokey daiin cthy
G626-M03338	f51v	f51v.4	4	8	daiin	da	2	3	III	H	A	1	1	d-Wert III; lokal Mengen-/Gradmarker	NICHT_ALS_OPERATION_ODER_UND_LESEN__D_HEAD_OFFEN	otaiin qodal ytol cheodar s ody oteo daiin shokog
G626-M03342	f51v	f51v.6	6	8	daiin	da	2	3	III	H	A	1	0	d-Wert III; lokal Mengen-/Gradmarker	NICHT_ALS_OPERATION_ODER_UND_LESEN__D_HEAD_OFFEN	okor ctheody qocphy qokal qotaiin otykol chol daiin
G626-M03345	f51v	f51v.9	9	1	daiin	da	2	3	III	H	A	1	1	d-Wert III; lokal Mengen-/Gradmarker	NICHT_ALS_OPERATION_ODER_UND_LESEN__D_HEAD_OFFEN	daiin ckhol shain kcholol
G626-M03347	f51v	f51v.12	12	2	daiin	da	2	3	III	H	A	1	1	d-Wert III; lokal Mengen-/Gradmarker	NICHT_ALS_OPERATION_ODER_UND_LESEN__D_HEAD_OFFEN	ochockhy daiin cho ckhey
G626-M03348	f51v	f51v.13	13	1	daiin	da	2	3	III	H	A	1	1	d-Wert III; lokal Mengen-/Gradmarker	NICHT_ALS_OPERATION_ODER_UND_LESEN__D_HEAD_OFFEN	daiin cheol cheodain
G626-M03350	f52r	f52r.1	1	6	daiin	da	2	3	III	H	A	1	0	d-Wert III; lokal Mengen-/Gradmarker	NICHT_ALS_OPERATION_ODER_UND_LESEN__D_HEAD_OFFEN	tdokchcfhy ycphko ytair shar qofy daiin ypchy otchol dar yty
G626-M03351	f52r	f52r.6	6	1	daiin	da	2	3	III	H	A	1	1	d-Wert III; lokal Mengen-/Gradmarker	NICHT_ALS_OPERATION_ODER_UND_LESEN__D_HEAD_OFFEN	daiin shedaiin qodal dy chokam otchordy okchol do
G626-M03353	f52r	f52r.8	8	9	daiin	da	2	3	III	H	A	1	1	d-Wert III; lokal Mengen-/Gradmarker	NICHT_ALS_OPERATION_ODER_UND_LESEN__D_HEAD_OFFEN	or cheey dor shey kom s cheey dchom daiin
G626-M03358	f52v	f52v.9	9	1	daiin	da	2	3	III	H	A	1	1	d-Wert III; lokal Mengen-/Gradmarker	NICHT_ALS_OPERATION_ODER_UND_LESEN__D_HEAD_OFFEN	daiin ckheol chol qokeyl daiin
G626-M03359	f52v	f52v.9	9	5	daiin	da	2	3	III	H	A	1	1	d-Wert III; lokal Mengen-/Gradmarker	NICHT_ALS_OPERATION_ODER_UND_LESEN__D_HEAD_OFFEN	daiin ckheol chol qokeyl daiin
G626-M03361	f52v	f52v.11	11	1	daiin	da	2	3	III	H	A	1	1	d-Wert III; lokal Mengen-/Gradmarker	NICHT_ALS_OPERATION_ODER_UND_LESEN__D_HEAD_OFFEN	daiin shor qodaiin ckhey sal
G626-M03364	f53r	f53r.2	2	2	dain	da	1	2	II	H	A	1	1	d-Wert II; lokal Mengen-/Gradmarker	NICHT_ALS_OPERATION_ODER_UND_LESEN__D_HEAD_OFFEN	dol dain s cho she oty
G626-M03368	f53v	f53v.1	1	6	daiin	da	2	3	III	H	A	1	1	d-Wert III; lokal Mengen-/Gradmarker	NICHT_ALS_OPERATION_ODER_UND_LESEN__D_HEAD_OFFEN	tshor shey qodckhy eo oltshey daiin qopchy
G626-M03369	f53v	f53v.2	2	2	daiin	da	2	3	III	H	A	1	1	d-Wert III; lokal Mengen-/Gradmarker	NICHT_ALS_OPERATION_ODER_UND_LESEN__D_HEAD_OFFEN	okeey daiin sheekol shom shol cthy dchom do
G626-M03371	f53v	f53v.4	4	2	daiiin	da	3	4	IV	H	A	1	0	d-Wert IV; lokal Mengen-/Gradmarker	NICHT_ALS_OPERATION_ODER_UND_LESEN__D_HEAD_OFFEN	qokol daiiin qockhor okchor daiio dain d
G626-M03372	f53v	f53v.4	4	6	dain	da	1	2	II	H	A	1	0	d-Wert II; lokal Mengen-/Gradmarker	NICHT_ALS_OPERATION_ODER_UND_LESEN__D_HEAD_OFFEN	qokol daiiin qockhor okchor daiio dain d
G626-M03373	f53v	f53v.5	5	4	daiin	da	2	3	III	H	A	1	1	d-Wert III; lokal Mengen-/Gradmarker	NICHT_ALS_OPERATION_ODER_UND_LESEN__D_HEAD_OFFEN	ysheey ckhol chckhey daiin ctheody ydy
G626-M03388	f54v	f54v.7	7	1	daiin	da	2	3	III	H	A	1	1	d-Wert III; lokal Mengen-/Gradmarker	NICHT_ALS_OPERATION_ODER_UND_LESEN__D_HEAD_OFFEN	daiin sheody qoctheol s aiin qotchy
G626-M03394	f54v	f54v.16	16	1	daiin	da	2	3	III	H	A	1	0	d-Wert III; lokal Mengen-/Gradmarker	NICHT_ALS_OPERATION_ODER_UND_LESEN__D_HEAD_OFFEN	daiin chol oldaiin
G626-M03401	f55r	f55r.4	4	1	daiin	da	2	3	III	H	B	2	1	d-Wert III; lokal Mengen-/Gradmarker	NICHT_ALS_OPERATION_ODER_UND_LESEN__D_HEAD_OFFEN	daiin or orol char ar kaiin okchd ykar odaiin chdolaiin
G626-M03407	f55r	f55r.6	6	2	daiin	da	2	3	III	H	B	2	1	d-Wert III; lokal Mengen-/Gradmarker	NICHT_ALS_OPERATION_ODER_UND_LESEN__D_HEAD_OFFEN	tcho daiin sho ke y kedy okol chdy
G626-M03408	f55r	f55r.9	9	1	dain	da	1	2	II	H	B	2	1	d-Wert II; lokal Mengen-/Gradmarker	NICHT_ALS_OPERATION_ODER_UND_LESEN__D_HEAD_OFFEN	dain cheky dar chckhy dal qoko lkeedy dar kaiin dy kag
G626-M03412	f55r	f55r.12	12	5	daiin	da	2	3	III	H	B	2	0	d-Wert III; lokal Mengen-/Gradmarker	NICHT_ALS_OPERATION_ODER_UND_LESEN__D_HEAD_OFFEN	oain ckhy dl oiiin daiin okaiin chelal qokaiin okain r
G626-M03416	f55r	f55r.13	13	3	daiin	da	2	3	III	H	B	2	0	d-Wert III; lokal Mengen-/Gradmarker	NICHT_ALS_OPERATION_ODER_UND_LESEN__D_HEAD_OFFEN	lchdal ockhy daiin otol otar shar ain
G626-M03429	f55v	f55v.5	5	6	daiin	da	2	3	III	H	B	2	1	d-Wert III; lokal Mengen-/Gradmarker	NICHT_ALS_OPERATION_ODER_UND_LESEN__D_HEAD_OFFEN	qokaiin chaiin ykain ykan ody daiin chedy talam
G626-M03431	f55v	f55v.6	6	2	daiin	da	2	3	III	H	B	2	1	d-Wert III; lokal Mengen-/Gradmarker	NICHT_ALS_OPERATION_ODER_UND_LESEN__D_HEAD_OFFEN	ykaiin daiin ykair cheky daiiny
G626-M03445	f55v	f55v.12	12	1	daiin	da	2	3	III	H	B	2	1	d-Wert III; lokal Mengen-/Gradmarker	NICHT_ALS_OPERATION_ODER_UND_LESEN__D_HEAD_OFFEN	daiin ar cheky olkeechy sl ar aiin daiin otam
G626-M03447	f55v	f55v.12	12	8	daiin	da	2	3	III	H	B	2	1	d-Wert III; lokal Mengen-/Gradmarker	NICHT_ALS_OPERATION_ODER_UND_LESEN__D_HEAD_OFFEN	daiin ar cheky olkeechy sl ar aiin daiin otam
G626-M03449	f56r	f56r.5	5	4	daiin	da	2	3	III	H	A	1	1	d-Wert III; lokal Mengen-/Gradmarker	NICHT_ALS_OPERATION_ODER_UND_LESEN__D_HEAD_OFFEN	chochor cho chodaly daiin
G626-M03450	f56r	f56r.6	6	5	daiin	da	2	3	III	H	A	1	1	d-Wert III; lokal Mengen-/Gradmarker	NICHT_ALS_OPERATION_ODER_UND_LESEN__D_HEAD_OFFEN	ykcho dy dchey keey daiin y
G626-M03452	f56r	f56r.11	11	3	daiin	da	2	3	III	H	A	1	1	d-Wert III; lokal Mengen-/Gradmarker	NICHT_ALS_OPERATION_ODER_UND_LESEN__D_HEAD_OFFEN	shy kcheey daiin cthol chos chokor
G626-M03455	f56r	f56r.19	19	3	daiin	da	2	3	III	H	A	1	1	d-Wert III; lokal Mengen-/Gradmarker	NICHT_ALS_OPERATION_ODER_UND_LESEN__D_HEAD_OFFEN	otchey keol daiin
G626-M03456	f56v	f56v.2	2	4	daiin	da	2	3	III	H	A	1	1	d-Wert III; lokal Mengen-/Gradmarker	NICHT_ALS_OPERATION_ODER_UND_LESEN__D_HEAD_OFFEN	shodshey qoteeey qoteey daiin qoteey cthar
G626-M03457	f56v	f56v.3	3	5	daiin	da	2	3	III	H	A	1	1	d-Wert III; lokal Mengen-/Gradmarker	NICHT_ALS_OPERATION_ODER_UND_LESEN__D_HEAD_OFFEN	ochey chol chol qotchey daiin choteeey dal
G626-M03458	f56v	f56v.4	4	4	daiin	da	2	3	III	H	A	1	1	d-Wert III; lokal Mengen-/Gradmarker	NICHT_ALS_OPERATION_ODER_UND_LESEN__D_HEAD_OFFEN	schy t chey daiin d eey tad dain
G626-M03459	f56v	f56v.4	4	8	dain	da	1	2	II	H	A	1	1	d-Wert II; lokal Mengen-/Gradmarker	NICHT_ALS_OPERATION_ODER_UND_LESEN__D_HEAD_OFFEN	schy t chey daiin d eey tad dain
G626-M03465	f56v	f56v.13	13	6	daiin	da	2	3	III	H	A	1	1	d-Wert III; lokal Mengen-/Gradmarker	NICHT_ALS_OPERATION_ODER_UND_LESEN__D_HEAD_OFFEN	ykor aiin chorol sho shol daiin
G626-M03466	f56v	f56v.15	15	4	daiin	da	2	3	III	H	A	1	1	d-Wert III; lokal Mengen-/Gradmarker	NICHT_ALS_OPERATION_ODER_UND_LESEN__D_HEAD_OFFEN	otchol chol chol daiin chotaiin
G626-M03468	f56v	f56v.16	16	6	daiin	da	2	3	III	H	A	1	1	d-Wert III; lokal Mengen-/Gradmarker	NICHT_ALS_OPERATION_ODER_UND_LESEN__D_HEAD_OFFEN	s o kchol chol chol daiin
G626-M03475	f58r	f58r.9	9	8	daiin	da	2	3	III	S	A	3	1	d-Wert III; lokal Mengen-/Gradmarker	NICHT_ALS_OPERATION_ODER_UND_LESEN__D_HEAD_OFFEN	sholaiin cheey yteodaiin qoar aiin arary sheey daiin e alam
G626-M03480	f58r	f58r.17	17	3	daiin	da	2	3	III	S	A	3	1	d-Wert III; lokal Mengen-/Gradmarker	NICHT_ALS_OPERATION_ODER_UND_LESEN__D_HEAD_OFFEN	ysholshy qotoly daiin ykal dalchdy qoky dal ytchody s olar aly
G626-M03486	f58r	f58r.21	21	6	daiin	da	2	3	III	S	A	3	1	d-Wert III; lokal Mengen-/Gradmarker	NICHT_ALS_OPERATION_ODER_UND_LESEN__D_HEAD_OFFEN	tcheos ycheor sheain okey qotaily daiin chy cholkor olkeol oty
G626-M03509	f58v	f58v.6	6	5	daiin	da	2	3	III	S	A	3	1	d-Wert III; lokal Mengen-/Gradmarker	NICHT_ALS_OPERATION_ODER_UND_LESEN__D_HEAD_OFFEN	qokair ar aly shor daiin choly dal ykaiin org fchey okaly oky
G626-M03511	f58v	f58v.7	7	2	daiin	da	2	3	III	S	A	3	0	d-Wert III; lokal Mengen-/Gradmarker	NICHT_ALS_OPERATION_ODER_UND_LESEN__D_HEAD_OFFEN	y daiin qokeey qokar lchedy qokalor sheols oteor aiin cheky
G626-M03523	f58v	f58v.17	17	1	daiin	da	2	3	III	S	A	3	0	d-Wert III; lokal Mengen-/Gradmarker	NICHT_ALS_OPERATION_ODER_UND_LESEN__D_HEAD_OFFEN	daiin alal dal qokar otal chodol qokeal cheol chos okeeam
G626-M03533	f58v	f58v.24	24	2	daiin	da	2	3	III	S	A	3	1	d-Wert III; lokal Mengen-/Gradmarker	NICHT_ALS_OPERATION_ODER_UND_LESEN__D_HEAD_OFFEN	qokal daiin qokal cham qokalcheal okor air ain ar als okam daly
G626-M03538	f58v	f58v.30	30	1	daiin	da	2	3	III	S	A	3	1	d-Wert III; lokal Mengen-/Gradmarker	NICHT_ALS_OPERATION_ODER_UND_LESEN__D_HEAD_OFFEN	daiin sheoy ykey sheky qokal qokeey okain okar ol dam
G626-M03541	f58v	f58v.35	35	1	daiin	da	2	3	III	S	A	3	1	d-Wert III; lokal Mengen-/Gradmarker	NICHT_ALS_OPERATION_ODER_UND_LESEN__D_HEAD_OFFEN	daiin otain okain chey okeey qokeeos olar sheo daly dalychs
G626-M03549	f5r	f5r.3	3	4	daiin	da	2	3	III	H	A	1	1	d-Wert III; lokal Mengen-/Gradmarker	NICHT_ALS_OPERATION_ODER_UND_LESEN__D_HEAD_OFFEN	qoaiin otan chy daiin oteeeb chocthy otchy qotchody
G626-M03553	f5r	f5r.5	5	7	daiin	da	2	3	III	H	A	1	0	d-Wert III; lokal Mengen-/Gradmarker	NICHT_ALS_OPERATION_ODER_UND_LESEN__D_HEAD_OFFEN	tchy shody qoaiin cholols sho qotcheo daiin shodaiin
G626-M03556	f5v	f5v.1	1	10	daiin	da	2	3	III	H	A	1	1	d-Wert III; lokal Mengen-/Gradmarker	NICHT_ALS_OPERATION_ODER_UND_LESEN__D_HEAD_OFFEN	k o cheor chor ytchey pshod chols chodaiin ytoiiin daiin
G626-M03558	f5v	f5v.2	2	4	dain	da	1	2	II	H	A	1	0	d-Wert II; lokal Mengen-/Gradmarker	NICHT_ALS_OPERATION_ODER_UND_LESEN__D_HEAD_OFFEN	dchol chol otaiin dain cthor chots ychopordg
G626-M03559	f5v	f5v.3	3	3	daiin	da	2	3	III	H	A	1	1	d-Wert III; lokal Mengen-/Gradmarker	NICHT_ALS_OPERATION_ODER_UND_LESEN__D_HEAD_OFFEN	qotcho ytor daiin daiin otchor daiin qo darchor do
G626-M03560	f5v	f5v.3	3	4	daiin	da	2	3	III	H	A	1	1	d-Wert III; lokal Mengen-/Gradmarker	NICHT_ALS_OPERATION_ODER_UND_LESEN__D_HEAD_OFFEN	qotcho ytor daiin daiin otchor daiin qo darchor do
G626-M03561	f5v	f5v.3	3	6	daiin	da	2	3	III	H	A	1	0	d-Wert III; lokal Mengen-/Gradmarker	NICHT_ALS_OPERATION_ODER_UND_LESEN__D_HEAD_OFFEN	qotcho ytor daiin daiin otchor daiin qo darchor do
G626-M03562	f5v	f5v.4	4	6	daiin	da	2	3	III	H	A	1	1	d-Wert III; lokal Mengen-/Gradmarker	NICHT_ALS_OPERATION_ODER_UND_LESEN__D_HEAD_OFFEN	qotor shees otol ykoiin shol daiin cthor okch y taiin
G626-M03564	f5v	f5v.5	5	5	daiin	da	2	3	III	H	A	1	1	d-Wert III; lokal Mengen-/Gradmarker	NICHT_ALS_OPERATION_ODER_UND_LESEN__D_HEAD_OFFEN	shokeeol chor cheotol otchol daiin dal chol chotaiin
G626-M03572	f66r	f66r.61	61	5	daiin	da	2	3	III	T	B	5	1	d-Wert III; lokal Mengen-/Gradmarker	NICHT_ALS_OPERATION_ODER_UND_LESEN__D_HEAD_OFFEN	qokchey qokaiir cheky daly daiin dal shedy chedy lkar ol okedy
G626-M03573	f66r	f66r.62	62	8	daiin	da	2	3	III	T	B	5	1	d-Wert III; lokal Mengen-/Gradmarker	NICHT_ALS_OPERATION_ODER_UND_LESEN__D_HEAD_OFFEN	ol cheeky daiir chky axor akar y daiin
G626-M03575	f66r	f66r.68	68	3	daiin	da	2	3	III	T	B	5	1	d-Wert III; lokal Mengen-/Gradmarker	NICHT_ALS_OPERATION_ODER_UND_LESEN__D_HEAD_OFFEN	sair ol daiin daiin dal dol cheody dair aly dairal dolarshy dor
G626-M03576	f66r	f66r.68	68	4	daiin	da	2	3	III	T	B	5	0	d-Wert III; lokal Mengen-/Gradmarker	NICHT_ALS_OPERATION_ODER_UND_LESEN__D_HEAD_OFFEN	sair ol daiin daiin dal dol cheody dair aly dairal dolarshy dor
G626-M03578	f66r	f66r.74	74	8	daiin	da	2	3	III	T	B	5	0	d-Wert III; lokal Mengen-/Gradmarker	NICHT_ALS_OPERATION_ODER_UND_LESEN__D_HEAD_OFFEN	ydaiin shedy otchedy oteochey tolchedy lsheody qoky daiin otam
G626-M03579	f66r	f66r.76	76	1	daiin	da	2	3	III	T	B	5	1	d-Wert III; lokal Mengen-/Gradmarker	NICHT_ALS_OPERATION_ODER_UND_LESEN__D_HEAD_OFFEN	daiin sheol qocthedy qokedy lchey qokaly shcthy qotal otchdy
G626-M03583	f66r	f66r.80	80	1	daiin	da	2	3	III	T	B	5	1	d-Wert III; lokal Mengen-/Gradmarker	NICHT_ALS_OPERATION_ODER_UND_LESEN__D_HEAD_OFFEN	daiin shey qoteoly raiin sheedy shcthy lkeol qokol dkar
G626-M03585	f66r	f66r.82	82	2	daiin	da	2	3	III	T	B	5	0	d-Wert III; lokal Mengen-/Gradmarker	NICHT_ALS_OPERATION_ODER_UND_LESEN__D_HEAD_OFFEN	otcheo daiin chty ykees cheg
G626-M03586	f66v	f66v.4	4	2	daiin	da	2	3	III	H	B	5	1	d-Wert III; lokal Mengen-/Gradmarker	NICHT_ALS_OPERATION_ODER_UND_LESEN__D_HEAD_OFFEN	shokeshy daiin cheos chety dol chckhy dal ko dal chekal dal
G626-M03592	f66v	f66v.13	13	3	daiin	da	2	3	III	H	B	5	1	d-Wert III; lokal Mengen-/Gradmarker	NICHT_ALS_OPERATION_ODER_UND_LESEN__D_HEAD_OFFEN	ydees shey daiin dalkal ykedaiin shedar okchdy oty
G626-M03594	f6r	f6r.2	2	1	daiin	da	2	3	III	H	A	1	1	d-Wert III; lokal Mengen-/Gradmarker	NICHT_ALS_OPERATION_ODER_UND_LESEN__D_HEAD_OFFEN	daiin chckhy chor chor kar cthy cthor chotols
G626-M03597	f6r	f6r.6	6	3	daiin	da	2	3	III	H	A	1	0	d-Wert III; lokal Mengen-/Gradmarker	NICHT_ALS_OPERATION_ODER_UND_LESEN__D_HEAD_OFFEN	or al daiin ckham okom cthaiin ydaiin
G626-M03600	f6r	f6r.7	7	1	daiin	da	2	3	III	H	A	1	1	d-Wert III; lokal Mengen-/Gradmarker	NICHT_ALS_OPERATION_ODER_UND_LESEN__D_HEAD_OFFEN	daiin qodaiin cho s chol okaiin s
G626-M03610	f6v	f6v.7	7	3	daiin	da	2	3	III	H	A	1	1	d-Wert III; lokal Mengen-/Gradmarker	NICHT_ALS_OPERATION_ODER_UND_LESEN__D_HEAD_OFFEN	ychos ychol daiin cthol dol
G626-M03613	f6v	f6v.20	20	4	daiin	da	2	3	III	H	A	1	1	d-Wert III; lokal Mengen-/Gradmarker	NICHT_ALS_OPERATION_ODER_UND_LESEN__D_HEAD_OFFEN	dchor choldar okol daiin
G626-M03614	f75r	f75r.2	2	1	dain	da	1	2	II	B	B	2	1	d-Wert II; lokal Mengen-/Gradmarker	NICHT_ALS_OPERATION_ODER_UND_LESEN__D_HEAD_OFFEN	dain shey ly ssheol qoldy chedykar chekeedy ror
G626-M03643	f75r	f75r.26	26	1	dain	da	1	2	II	B	B	2	1	d-Wert II; lokal Mengen-/Gradmarker	NICHT_ALS_OPERATION_ODER_UND_LESEN__D_HEAD_OFFEN	dain ol sheol dain ol qoly dar ajy
G626-M03644	f75r	f75r.26	26	4	dain	da	1	2	II	B	B	2	1	d-Wert II; lokal Mengen-/Gradmarker	NICHT_ALS_OPERATION_ODER_UND_LESEN__D_HEAD_OFFEN	dain ol sheol dain ol qoly dar ajy
G626-M03645	f75r	f75r.29	29	1	dain	da	1	2	II	B	B	2	1	d-Wert II; lokal Mengen-/Gradmarker	NICHT_ALS_OPERATION_ODER_UND_LESEN__D_HEAD_OFFEN	dain chkal dy lo lkaiin ol okeedyqol dain olchey qokeedy chedy qotan
G626-M03647	f75r	f75r.29	29	8	dain	da	1	2	II	B	B	2	0	d-Wert II; lokal Mengen-/Gradmarker	NICHT_ALS_OPERATION_ODER_UND_LESEN__D_HEAD_OFFEN	dain chkal dy lo lkaiin ol okeedyqol dain olchey qokeedy chedy qotan
G626-M03649	f75r	f75r.30	30	2	dain	da	1	2	II	B	B	2	1	d-Wert II; lokal Mengen-/Gradmarker	NICHT_ALS_OPERATION_ODER_UND_LESEN__D_HEAD_OFFEN	qo dain cheeky qokey qokain cheky qokal dain chedy o kalol shedy okar olom
G626-M03651	f75r	f75r.30	30	8	dain	da	1	2	II	B	B	2	0	d-Wert II; lokal Mengen-/Gradmarker	NICHT_ALS_OPERATION_ODER_UND_LESEN__D_HEAD_OFFEN	qo dain cheeky qokey qokain cheky qokal dain chedy o kalol shedy okar olom
G626-M03663	f75r	f75r.46	46	5	dain	da	1	2	II	B	B	2	1	d-Wert II; lokal Mengen-/Gradmarker	NICHT_ALS_OPERATION_ODER_UND_LESEN__D_HEAD_OFFEN	qokey qokedy sheol qokedy dain shedy otol chedy olor
G626-M03664	f75v	f75v.1	1	6	dain	da	1	2	II	B	B	2	1	d-Wert II; lokal Mengen-/Gradmarker	NICHT_ALS_OPERATION_ODER_UND_LESEN__D_HEAD_OFFEN	pchedar opchedy qokedy opchedy qopdy dain chetas chy qotam
G626-M03666	f75v	f75v.3	3	7	daiin	da	2	3	III	B	B	2	1	d-Wert III; lokal Mengen-/Gradmarker	NICHT_ALS_OPERATION_ODER_UND_LESEN__D_HEAD_OFFEN	sor sheky qokain okal dal olchedy daiin chckhy lkar chckhy rom
G626-M03670	f75v	f75v.13	13	4	dain	da	1	2	II	B	B	2	1	d-Wert II; lokal Mengen-/Gradmarker	NICHT_ALS_OPERATION_ODER_UND_LESEN__D_HEAD_OFFEN	ocheain cheedy qokal dain sheeky qoky sshedy tedy otedy tedy taral
G626-M03691	f75v	f75v.48	48	12	daiin	da	2	3	III	B	B	2	1	d-Wert III; lokal Mengen-/Gradmarker	NICHT_ALS_OPERATION_ODER_UND_LESEN__D_HEAD_OFFEN	qokear chedy shckhy dol ycheedy saino ol cheedy qokar otar dal daiin
G626-M03693	f75v	f75v.62	62	3	daiin	da	2	3	III	B	B	2	1	d-Wert III; lokal Mengen-/Gradmarker	NICHT_ALS_OPERATION_ODER_UND_LESEN__D_HEAD_OFFEN	ykeechy qokeedy daiin ol olsheey qoly
G626-M03694	f75v	f75v.65	65	2	dain	da	1	2	II	B	B	2	1	d-Wert II; lokal Mengen-/Gradmarker	NICHT_ALS_OPERATION_ODER_UND_LESEN__D_HEAD_OFFEN	qokal dain dain o qoky daiin
G626-M03695	f75v	f75v.65	65	3	dain	da	1	2	II	B	B	2	1	d-Wert II; lokal Mengen-/Gradmarker	NICHT_ALS_OPERATION_ODER_UND_LESEN__D_HEAD_OFFEN	qokal dain dain o qoky daiin
G626-M03696	f75v	f75v.65	65	6	daiin	da	2	3	III	B	B	2	1	d-Wert III; lokal Mengen-/Gradmarker	NICHT_ALS_OPERATION_ODER_UND_LESEN__D_HEAD_OFFEN	qokal dain dain o qoky daiin
G626-M03700	f76r	f76r.2	2	5	dain	da	1	2	II	T	B	2	1	d-Wert II; lokal Mengen-/Gradmarker	NICHT_ALS_OPERATION_ODER_UND_LESEN__D_HEAD_OFFEN	dshedy qotddyar cthar chep dain okain qokeor shedy qol ain sheals qokeey
G626-M03714	f76r	f76r.11	11	9	dain	da	1	2	II	T	B	2	1	d-Wert II; lokal Mengen-/Gradmarker	NICHT_ALS_OPERATION_ODER_UND_LESEN__D_HEAD_OFFEN	qotedshedy qorain oteedy chedy ol chdy raiiin chekain dain chckhy sal oty
G626-M03715	f76r	f76r.12	12	8	dain	da	1	2	II	T	B	2	0	d-Wert II; lokal Mengen-/Gradmarker	NICHT_ALS_OPERATION_ODER_UND_LESEN__D_HEAD_OFFEN	solshedy qool qctheed shdy qa ol keey dain saiin s ar shedy qokeor okeedy
G626-M03730	f76r	f76r.24	24	6	dain	da	1	2	II	T	B	2	1	d-Wert II; lokal Mengen-/Gradmarker	NICHT_ALS_OPERATION_ODER_UND_LESEN__D_HEAD_OFFEN	dalshedy qol sheedy qokaldy chepy dain alolor olain chedy shecthy qokey lor
G626-M03747	f76r	f76r.32	32	5	dain	da	1	2	II	T	B	2	1	d-Wert II; lokal Mengen-/Gradmarker	NICHT_ALS_OPERATION_ODER_UND_LESEN__D_HEAD_OFFEN	cheo r ain okaiin dain chey dalshedy qokaiin cheol shy chedy rain chedy shy
G626-M03752	f76r	f76r.40	40	6	dain	da	1	2	II	T	B	2	1	d-Wert II; lokal Mengen-/Gradmarker	NICHT_ALS_OPERATION_ODER_UND_LESEN__D_HEAD_OFFEN	qolchey shckhy qokey lchy opchey dain shdy qokedar olchdy sor oty dy lchedy
G626-M03754	f76r	f76r.41	41	11	dain	da	1	2	II	T	B	2	1	d-Wert II; lokal Mengen-/Gradmarker	NICHT_ALS_OPERATION_ODER_UND_LESEN__D_HEAD_OFFEN	sain ar okedy lcheey qokey shckhy otedy qokal shey qoky dain chedy qokchdyl
G626-M03755	f76r	f76r.42	42	1	dain	da	1	2	II	T	B	2	1	d-Wert II; lokal Mengen-/Gradmarker	NICHT_ALS_OPERATION_ODER_UND_LESEN__D_HEAD_OFFEN	dain chey lsh daiin chey lchedy qolain qotal shedy dy shecthy otalam
G626-M03756	f76r	f76r.42	42	4	daiin	da	2	3	III	T	B	2	1	d-Wert III; lokal Mengen-/Gradmarker	NICHT_ALS_OPERATION_ODER_UND_LESEN__D_HEAD_OFFEN	dain chey lsh daiin chey lchedy qolain qotal shedy dy shecthy otalam
G626-M03763	f76r	f76r.46	46	1	dain	da	1	2	II	T	B	2	0	d-Wert II; lokal Mengen-/Gradmarker	NICHT_ALS_OPERATION_ODER_UND_LESEN__D_HEAD_OFFEN	dain shear okedy otedy okedy lchedy chedy okar chedy otarain
G626-M03765	f76r	f76r.47	47	1	dain	da	1	2	II	T	B	2	1	d-Wert II; lokal Mengen-/Gradmarker	NICHT_ALS_OPERATION_ODER_UND_LESEN__D_HEAD_OFFEN	dain chckhy or aiin sheey qockhey olchdar sheey otedy olain oky
G626-M03784	f76v	f76v.4	4	4	daiin	da	2	3	III	B	B	2	1	d-Wert III; lokal Mengen-/Gradmarker	NICHT_ALS_OPERATION_ODER_UND_LESEN__D_HEAD_OFFEN	salkeey sor shecthy daiin okor chpchedy chy oty olor otchy r alchl
G626-M03789	f76v	f76v.10	10	9	daiin	da	2	3	III	B	B	2	1	d-Wert III; lokal Mengen-/Gradmarker	NICHT_ALS_OPERATION_ODER_UND_LESEN__D_HEAD_OFFEN	cphdor shedal qopchdy dshedy shedy tchedy lsheetal shecphy daiin dy
G626-M03790	f76v	f76v.11	11	3	daiin	da	2	3	III	B	B	2	1	d-Wert III; lokal Mengen-/Gradmarker	NICHT_ALS_OPERATION_ODER_UND_LESEN__D_HEAD_OFFEN	cheor sheedy daiin oekeedy qokeey qokedy oteedy shedy qokedy shedam
G626-M03793	f76v	f76v.18	18	8	daiin	da	2	3	III	B	B	2	1	d-Wert III; lokal Mengen-/Gradmarker	NICHT_ALS_OPERATION_ODER_UND_LESEN__D_HEAD_OFFEN	lshey qockhedy qodeey qolkeedy qokedy chol chedchey daiin olkedy
G626-M03796	f76v	f76v.26	26	4	daiin	da	2	3	III	B	B	2	1	d-Wert III; lokal Mengen-/Gradmarker	NICHT_ALS_OPERATION_ODER_UND_LESEN__D_HEAD_OFFEN	dshol qokaiin ches daiin checkhy oteoldy qokeey chckhy lar aly
G626-M03797	f76v	f76v.27	27	1	daiin	da	2	3	III	B	B	2	1	d-Wert III; lokal Mengen-/Gradmarker	NICHT_ALS_OPERATION_ODER_UND_LESEN__D_HEAD_OFFEN	daiin shckhey qokeedy saiin chek ain r ain o kan chlaiiin
G626-M03821	f76v	f76v.36	36	1	daiin	da	2	3	III	B	B	2	1	d-Wert III; lokal Mengen-/Gradmarker	NICHT_ALS_OPERATION_ODER_UND_LESEN__D_HEAD_OFFEN	daiin cheol teey lshety okeey qeedy
G626-M03829	f76v	f76v.40	40	4	daiin	da	2	3	III	B	B	2	1	d-Wert III; lokal Mengen-/Gradmarker	NICHT_ALS_OPERATION_ODER_UND_LESEN__D_HEAD_OFFEN	sol shedy qoky daiin shedy chey qokaiin cheedy qo char aiin
G626-M03844	f77r	f77r.18	18	1	daiin	da	2	3	III	B	B	2	1	d-Wert III; lokal Mengen-/Gradmarker	NICHT_ALS_OPERATION_ODER_UND_LESEN__D_HEAD_OFFEN	daiin cheedy lshey qo l or chees sheckhedy qol cheedy qotaiin
G626-M03852	f77r	f77r.24	24	1	daiin	da	2	3	III	B	B	2	1	d-Wert III; lokal Mengen-/Gradmarker	NICHT_ALS_OPERATION_ODER_UND_LESEN__D_HEAD_OFFEN	daiin dol shor cphey lfcheal shear qolchy
G626-M03862	f77r	f77r.33	33	1	daiin	da	2	3	III	B	B	2	1	d-Wert III; lokal Mengen-/Gradmarker	NICHT_ALS_OPERATION_ODER_UND_LESEN__D_HEAD_OFFEN	daiin chedy qol keedy qoteeedy sar oiiiin cheety dy
G626-M03879	f77r	f77r.40	40	1	daiiin	da	3	4	IV	B	B	2	1	d-Wert IV; lokal Mengen-/Gradmarker	NICHT_ALS_OPERATION_ODER_UND_LESEN__D_HEAD_OFFEN	daiiin ol eeedy okaiin sheeol qotaiin shody qoty
G626-M03882	f77r	f77r.41	41	1	daiin	da	2	3	III	B	B	2	0	d-Wert III; lokal Mengen-/Gradmarker	NICHT_ALS_OPERATION_ODER_UND_LESEN__D_HEAD_OFFEN	daiin sh qolchey qotedy qotal r ain chl s arol
G626-M03890	f77r	f77r.46	46	1	daiin	da	2	3	III	B	B	2	1	d-Wert III; lokal Mengen-/Gradmarker	NICHT_ALS_OPERATION_ODER_UND_LESEN__D_HEAD_OFFEN	daiin chlchpsheey tal cheol dag as otey daiin
G626-M03891	f77r	f77r.46	46	8	daiin	da	2	3	III	B	B	2	1	d-Wert III; lokal Mengen-/Gradmarker	NICHT_ALS_OPERATION_ODER_UND_LESEN__D_HEAD_OFFEN	daiin chlchpsheey tal cheol dag as otey daiin
G626-M03898	f77v	f77v.16	16	2	daiin	da	2	3	III	B	B	2	1	d-Wert III; lokal Mengen-/Gradmarker	NICHT_ALS_OPERATION_ODER_UND_LESEN__D_HEAD_OFFEN	tedal daiin okaiin shedy qokedy qokain otedy dasy
G626-M03901	f77v	f77v.17	17	6	daiin	da	2	3	III	B	B	2	1	d-Wert III; lokal Mengen-/Gradmarker	NICHT_ALS_OPERATION_ODER_UND_LESEN__D_HEAD_OFFEN	olchedy qol shedy qokchedy qokeey daiin olol
G626-M03906	f77v	f77v.20	20	1	daiin	da	2	3	III	B	B	2	1	d-Wert III; lokal Mengen-/Gradmarker	NICHT_ALS_OPERATION_ODER_UND_LESEN__D_HEAD_OFFEN	daiin salchedy qokedy qokal shed keoly
G626-M03910	f77v	f77v.24	24	1	daiin	da	2	3	III	B	B	2	1	d-Wert III; lokal Mengen-/Gradmarker	NICHT_ALS_OPERATION_ODER_UND_LESEN__D_HEAD_OFFEN	daiin sheekey qokeedy daiin dail qokedy qokedy rol
G626-M03911	f77v	f77v.24	24	4	daiin	da	2	3	III	B	B	2	1	d-Wert III; lokal Mengen-/Gradmarker	NICHT_ALS_OPERATION_ODER_UND_LESEN__D_HEAD_OFFEN	daiin sheekey qokeedy daiin dail qokedy qokedy rol
G626-M03918	f77v	f77v.30	30	8	daiin	da	2	3	III	B	B	2	1	d-Wert III; lokal Mengen-/Gradmarker	NICHT_ALS_OPERATION_ODER_UND_LESEN__D_HEAD_OFFEN	shey ol sheey qokedy lchedy qokaiin dal daiin chedy
G626-M03927	f77v	f77v.37	37	7	daiin	da	2	3	III	B	B	2	1	d-Wert III; lokal Mengen-/Gradmarker	NICHT_ALS_OPERATION_ODER_UND_LESEN__D_HEAD_OFFEN	schedy qotar sarolsheedy qokain cheey roiin daiin shey
G626-M03947	f78r	f78r.22	22	3	daiin	da	2	3	III	B	B	2	1	d-Wert III; lokal Mengen-/Gradmarker	NICHT_ALS_OPERATION_ODER_UND_LESEN__D_HEAD_OFFEN	yched qokain daiin chckhdy lr
G626-M03952	f78r	f78r.27	27	1	daiin	da	2	3	III	B	B	2	0	d-Wert III; lokal Mengen-/Gradmarker	NICHT_ALS_OPERATION_ODER_UND_LESEN__D_HEAD_OFFEN	daiin chckhal daiil aldy
G626-M03954	f78r	f78r.29	29	5	dain	da	1	2	II	B	B	2	1	d-Wert II; lokal Mengen-/Gradmarker	NICHT_ALS_OPERATION_ODER_UND_LESEN__D_HEAD_OFFEN	ssheky ol kedy chckhy dain oty qokor oky dain chy ol
G626-M03955	f78r	f78r.29	29	9	dain	da	1	2	II	B	B	2	1	d-Wert II; lokal Mengen-/Gradmarker	NICHT_ALS_OPERATION_ODER_UND_LESEN__D_HEAD_OFFEN	ssheky ol kedy chckhy dain oty qokor oky dain chy ol
G626-M03956	f78r	f78r.30	30	3	daiin	da	2	3	III	B	B	2	1	d-Wert III; lokal Mengen-/Gradmarker	NICHT_ALS_OPERATION_ODER_UND_LESEN__D_HEAD_OFFEN	qokeedy qokey daiin olkain dal chedy ololdal chchty tedy
G626-M03960	f78r	f78r.33	33	2	daiin	da	2	3	III	B	B	2	1	d-Wert III; lokal Mengen-/Gradmarker	NICHT_ALS_OPERATION_ODER_UND_LESEN__D_HEAD_OFFEN	ytedy daiin ykedy y olsheey qokeey okal ol keedy dyky
G626-M03964	f78r	f78r.35	35	6	daiin	da	2	3	III	B	B	2	1	d-Wert III; lokal Mengen-/Gradmarker	NICHT_ALS_OPERATION_ODER_UND_LESEN__D_HEAD_OFFEN	y sain checkhy qokain cheeky daiin daiin y tees ol y
G626-M03965	f78r	f78r.35	35	7	daiin	da	2	3	III	B	B	2	1	d-Wert III; lokal Mengen-/Gradmarker	NICHT_ALS_OPERATION_ODER_UND_LESEN__D_HEAD_OFFEN	y sain checkhy qokain cheeky daiin daiin y tees ol y
G626-M03977	f78r	f78r.42	42	1	dain	da	1	2	II	B	B	2	0	d-Wert II; lokal Mengen-/Gradmarker	NICHT_ALS_OPERATION_ODER_UND_LESEN__D_HEAD_OFFEN	dain chfaiin opaly kotaly
G626-M03984	f78v	f78v.8	8	9	dain	da	1	2	II	B	B	2	1	d-Wert II; lokal Mengen-/Gradmarker	NICHT_ALS_OPERATION_ODER_UND_LESEN__D_HEAD_OFFEN	qokedy otedy qokain oteedy qokeedy dar okedy dkedy dain
G626-M03986	f78v	f78v.11	11	10	daiin	da	2	3	III	B	B	2	1	d-Wert III; lokal Mengen-/Gradmarker	NICHT_ALS_OPERATION_ODER_UND_LESEN__D_HEAD_OFFEN	qol chedy qol okeey ykal ol chdy qokain chcthy daiin
G626-M03990	f78v	f78v.16	16	9	daiin	da	2	3	III	B	B	2	1	d-Wert III; lokal Mengen-/Gradmarker	NICHT_ALS_OPERATION_ODER_UND_LESEN__D_HEAD_OFFEN	lshey r shedy d qokedy okey lchedy qokdy daiin oly
G626-M04013	f79r	f79r.14	14	8	dain	da	1	2	II	B	B	2	1	d-Wert II; lokal Mengen-/Gradmarker	NICHT_ALS_OPERATION_ODER_UND_LESEN__D_HEAD_OFFEN	saral qokain checkhy qotal qol cheey chey dain chedy qol
G626-M04034	f79r	f79r.28	28	5	dain	da	1	2	II	B	B	2	0	d-Wert II; lokal Mengen-/Gradmarker	NICHT_ALS_OPERATION_ODER_UND_LESEN__D_HEAD_OFFEN	y dolsheey qokain o dain yteey chyteey otoldy lchey
G626-M04037	f79r	f79r.32	32	8	daiin	da	2	3	III	B	B	2	1	d-Wert III; lokal Mengen-/Gradmarker	NICHT_ALS_OPERATION_ODER_UND_LESEN__D_HEAD_OFFEN	sol cheedy qoteedy okaiin ol olaiin shey daiin chy ol
G626-M04038	f79r	f79r.33	33	1	daiin	da	2	3	III	B	B	2	1	d-Wert III; lokal Mengen-/Gradmarker	NICHT_ALS_OPERATION_ODER_UND_LESEN__D_HEAD_OFFEN	daiin shedy qotshedy oteeedy oteedy chey qokain ol
G626-M04041	f79r	f79r.37	37	8	dain	da	1	2	II	B	B	2	1	d-Wert II; lokal Mengen-/Gradmarker	NICHT_ALS_OPERATION_ODER_UND_LESEN__D_HEAD_OFFEN	lcheol ol ol sheey olsheey sholkeey okchey dain
G626-M04050	f79r	f79r.43	43	6	daiin	da	2	3	III	B	B	2	1	d-Wert III; lokal Mengen-/Gradmarker	NICHT_ALS_OPERATION_ODER_UND_LESEN__D_HEAD_OFFEN	y shey qokain cheol qoky daiin chkag ar cheedy ldy
G626-M04061	f79v	f79v.13	13	1	dain	da	1	2	II	B	B	2	1	d-Wert II; lokal Mengen-/Gradmarker	NICHT_ALS_OPERATION_ODER_UND_LESEN__D_HEAD_OFFEN	dain ar olshey dytain qokain checthy okeedy qokeedy ror
G626-M04074	f79v	f79v.21	21	7	dain	da	1	2	II	B	B	2	1	d-Wert II; lokal Mengen-/Gradmarker	NICHT_ALS_OPERATION_ODER_UND_LESEN__D_HEAD_OFFEN	dshey qokal sheedy sheky orain otshdy dain cther aror
G626-M04087	f79v	f79v.29	29	1	dain	da	1	2	II	B	B	2	1	d-Wert II; lokal Mengen-/Gradmarker	NICHT_ALS_OPERATION_ODER_UND_LESEN__D_HEAD_OFFEN	dain sheyteedy lky opchedy qotedy otey tal dain oteey oty
G626-M04088	f79v	f79v.29	29	8	dain	da	1	2	II	B	B	2	1	d-Wert II; lokal Mengen-/Gradmarker	NICHT_ALS_OPERATION_ODER_UND_LESEN__D_HEAD_OFFEN	dain sheyteedy lky opchedy qotedy otey tal dain oteey oty
G626-M04095	f79v	f79v.35	35	7	dain	da	1	2	II	B	B	2	1	d-Wert II; lokal Mengen-/Gradmarker	NICHT_ALS_OPERATION_ODER_UND_LESEN__D_HEAD_OFFEN	qor cheey kain chl ol otol dain otain ol oteedy qokan
G626-M04111	f7r	f7r.4	4	4	daiin	da	2	3	III	H	A	1	1	d-Wert III; lokal Mengen-/Gradmarker	NICHT_ALS_OPERATION_ODER_UND_LESEN__D_HEAD_OFFEN	qokcho cho lochey daiin ychey kchos odaiin
G626-M04115	f7r	f7r.7	7	5	dain	da	1	2	II	H	A	1	1	d-Wert II; lokal Mengen-/Gradmarker	NICHT_ALS_OPERATION_ODER_UND_LESEN__D_HEAD_OFFEN	dshoy cthol chol otchol dain shody shol chotchy
G626-M04116	f7r	f7r.8	8	8	dain	da	1	2	II	H	A	1	1	d-Wert II; lokal Mengen-/Gradmarker	NICHT_ALS_OPERATION_ODER_UND_LESEN__D_HEAD_OFFEN	okchey deeeese choty qokchy shol keey choty dain
G626-M04118	f7r	f7r.10	10	4	daiin	da	2	3	III	H	A	1	1	d-Wert III; lokal Mengen-/Gradmarker	NICHT_ALS_OPERATION_ODER_UND_LESEN__D_HEAD_OFFEN	s chain chor daiin chckhy
G626-M04119	f7v	f7v.1	1	7	daiin	da	2	3	III	H	A	1	1	d-Wert III; lokal Mengen-/Gradmarker	NICHT_ALS_OPERATION_ODER_UND_LESEN__D_HEAD_OFFEN	polyshy shey tchody qopchy otshol dy daiin tshodody
G626-M04120	f7v	f7v.2	2	3	daiin	da	2	3	III	H	A	1	1	d-Wert III; lokal Mengen-/Gradmarker	NICHT_ALS_OPERATION_ODER_UND_LESEN__D_HEAD_OFFEN	chochy cthy daiin qoky chy daiin cthol cthy cthd
G626-M04121	f7v	f7v.2	2	6	daiin	da	2	3	III	H	A	1	1	d-Wert III; lokal Mengen-/Gradmarker	NICHT_ALS_OPERATION_ODER_UND_LESEN__D_HEAD_OFFEN	chochy cthy daiin qoky chy daiin cthol cthy cthd
G626-M04122	f7v	f7v.4	4	4	dain	da	1	2	II	H	A	1	1	d-Wert II; lokal Mengen-/Gradmarker	NICHT_ALS_OPERATION_ODER_UND_LESEN__D_HEAD_OFFEN	choteeeb oeear choschy dain sho kshy shol deees dol
G626-M04125	f7v	f7v.6	6	5	daiin	da	2	3	III	H	A	1	0	d-Wert III; lokal Mengen-/Gradmarker	NICHT_ALS_OPERATION_ODER_UND_LESEN__D_HEAD_OFFEN	kchor sheod sheodaiin sho daiin oksho lshol dair qos
G626-M04128	f7v	f7v.8	8	10	daiin	da	2	3	III	H	A	1	1	d-Wert III; lokal Mengen-/Gradmarker	NICHT_ALS_OPERATION_ODER_UND_LESEN__D_HEAD_OFFEN	qoteeeo r cho cheeody qotchey tey o kcho r daiin
G626-M04129	f7v	f7v.9	9	9	daiin	da	2	3	III	H	A	1	0	d-Wert III; lokal Mengen-/Gradmarker	NICHT_ALS_OPERATION_ODER_UND_LESEN__D_HEAD_OFFEN	sho keeo daiir chokchy dor deol dy dol daiin
G626-M04158	f80r	f80r.24	24	6	dain	da	1	2	II	B	B	2	1	d-Wert II; lokal Mengen-/Gradmarker	NICHT_ALS_OPERATION_ODER_UND_LESEN__D_HEAD_OFFEN	lol chey rchy r ol dain oty qoty otalor sheckhy olkeey ral chedyor
G626-M04205	f80r	f80r.51	51	6	daiin	da	2	3	III	B	B	2	1	d-Wert III; lokal Mengen-/Gradmarker	NICHT_ALS_OPERATION_ODER_UND_LESEN__D_HEAD_OFFEN	talkl ol s al cheoly daiin otaly otain chey lkain olom
G626-M04210	f80r	f80r.52	52	10	daiin	da	2	3	III	B	B	2	0	d-Wert III; lokal Mengen-/Gradmarker	NICHT_ALS_OPERATION_ODER_UND_LESEN__D_HEAD_OFFEN	sol tl shey qoklcheey lkaiin ol olor aiin y daiin cheol kain
G626-M04213	f80v	f80v.2	2	7	daiin	da	2	3	III	B	B	2	1	d-Wert III; lokal Mengen-/Gradmarker	NICHT_ALS_OPERATION_ODER_UND_LESEN__D_HEAD_OFFEN	tshedy qotedy olkain otal chckhy qoky daiin doly
G626-M04231	f80v	f80v.15	15	10	dain	da	1	2	II	B	B	2	1	d-Wert II; lokal Mengen-/Gradmarker	NICHT_ALS_OPERATION_ODER_UND_LESEN__D_HEAD_OFFEN	qotaiin chty lchedy s aly tol chey qoteedy otal dain ol dal
G626-M04236	f80v	f80v.20	20	4	daiin	da	2	3	III	B	B	2	1	d-Wert III; lokal Mengen-/Gradmarker	NICHT_ALS_OPERATION_ODER_UND_LESEN__D_HEAD_OFFEN	ysheeyqorar ol cheey daiin shey qokaiin ol okaiin
G626-M04242	f80v	f80v.24	24	10	daiin	da	2	3	III	B	B	2	1	d-Wert III; lokal Mengen-/Gradmarker	NICHT_ALS_OPERATION_ODER_UND_LESEN__D_HEAD_OFFEN	yshedy qokeey qokey qoty qotol otaiin ol chedy qoky daiin
G626-M04282	f81r	f81r.10	10	2	dain	da	1	2	II	B	B	2	1	d-Wert II; lokal Mengen-/Gradmarker	NICHT_ALS_OPERATION_ODER_UND_LESEN__D_HEAD_OFFEN	chol dain otedy cheey qotain ly
G626-M04288	f81r	f81r.22	22	5	daiin	da	2	3	III	B	B	2	1	d-Wert III; lokal Mengen-/Gradmarker	NICHT_ALS_OPERATION_ODER_UND_LESEN__D_HEAD_OFFEN	qotal chedy qol ol daiin ol chedar ol oly
G626-M04295	f81v	f81v.1	1	10	dain	da	1	2	II	B	B	2	0	d-Wert II; lokal Mengen-/Gradmarker	NICHT_ALS_OPERATION_ODER_UND_LESEN__D_HEAD_OFFEN	par shey keedy shekal dal dar ol pchedy shek dain ofalsheky
G626-M04300	f81v	f81v.3	3	2	daiin	da	2	3	III	B	B	2	1	d-Wert III; lokal Mengen-/Gradmarker	NICHT_ALS_OPERATION_ODER_UND_LESEN__D_HEAD_OFFEN	saiin daiin olkeedy okedy dykain shek chdy dalal oldy
G626-M04305	f81v	f81v.4	4	7	dain	da	1	2	II	B	B	2	1	d-Wert II; lokal Mengen-/Gradmarker	NICHT_ALS_OPERATION_ODER_UND_LESEN__D_HEAD_OFFEN	qokaiin okain cheeky dy ol kaiin dain dy daiin chcthy
G626-M04306	f81v	f81v.4	4	9	daiin	da	2	3	III	B	B	2	1	d-Wert III; lokal Mengen-/Gradmarker	NICHT_ALS_OPERATION_ODER_UND_LESEN__D_HEAD_OFFEN	qokaiin okain cheeky dy ol kaiin dain dy daiin chcthy
G626-M04308	f81v	f81v.5	5	2	daiin	da	2	3	III	B	B	2	0	d-Wert III; lokal Mengen-/Gradmarker	NICHT_ALS_OPERATION_ODER_UND_LESEN__D_HEAD_OFFEN	okaiin daiin otain chckhy okeedy qoky kar daiin okar
G626-M04310	f81v	f81v.5	5	8	daiin	da	2	3	III	B	B	2	0	d-Wert III; lokal Mengen-/Gradmarker	NICHT_ALS_OPERATION_ODER_UND_LESEN__D_HEAD_OFFEN	okaiin daiin otain chckhy okeedy qoky kar daiin okar
G626-M04315	f81v	f81v.7	7	4	daiin	da	2	3	III	B	B	2	1	d-Wert III; lokal Mengen-/Gradmarker	NICHT_ALS_OPERATION_ODER_UND_LESEN__D_HEAD_OFFEN	olor ol sheckhal daiin qokeedal daiin chckhy schedy qol
G626-M04316	f81v	f81v.7	7	6	daiin	da	2	3	III	B	B	2	0	d-Wert III; lokal Mengen-/Gradmarker	NICHT_ALS_OPERATION_ODER_UND_LESEN__D_HEAD_OFFEN	olor ol sheckhal daiin qokeedal daiin chckhy schedy qol
G626-M04317	f81v	f81v.8	8	6	daiin	da	2	3	III	B	B	2	0	d-Wert III; lokal Mengen-/Gradmarker	NICHT_ALS_OPERATION_ODER_UND_LESEN__D_HEAD_OFFEN	ykol or shedy sheedy qolkeedy daiin dkain cphedy oldy
G626-M04320	f81v	f81v.9	9	5	daiin	da	2	3	III	B	B	2	0	d-Wert III; lokal Mengen-/Gradmarker	NICHT_ALS_OPERATION_ODER_UND_LESEN__D_HEAD_OFFEN	yar olchey kaiin okeey daiin olor checkhy daiidy
G626-M04321	f81v	f81v.14	14	4	daiin	da	2	3	III	B	B	2	1	d-Wert III; lokal Mengen-/Gradmarker	NICHT_ALS_OPERATION_ODER_UND_LESEN__D_HEAD_OFFEN	dshedy ykeedy sheeky daiin okedy qokeed qokedy lchpchdy
G626-M04327	f82r	f82r.1	1	3	daiin	da	2	3	III	B	B	2	1	d-Wert III; lokal Mengen-/Gradmarker	NICHT_ALS_OPERATION_ODER_UND_LESEN__D_HEAD_OFFEN	qosheedy qokeol daiin shckhy okeeor cheey daiin shey
G626-M04328	f82r	f82r.1	1	7	daiin	da	2	3	III	B	B	2	1	d-Wert III; lokal Mengen-/Gradmarker	NICHT_ALS_OPERATION_ODER_UND_LESEN__D_HEAD_OFFEN	qosheedy qokeol daiin shckhy okeeor cheey daiin shey
G626-M04341	f82r	f82r.15	15	8	daiin	da	2	3	III	B	B	2	1	d-Wert III; lokal Mengen-/Gradmarker	NICHT_ALS_OPERATION_ODER_UND_LESEN__D_HEAD_OFFEN	kedy lchedy qokedy qokeedy lkeedy qokaiin dy daiin chdy dy
G626-M04348	f82r	f82r.21	21	1	daiin	da	2	3	III	B	B	2	1	d-Wert III; lokal Mengen-/Gradmarker	NICHT_ALS_OPERATION_ODER_UND_LESEN__D_HEAD_OFFEN	daiin cheoky lkedy salshey daiin chey qol chedy qokeey dal
G626-M04349	f82r	f82r.21	21	5	daiin	da	2	3	III	B	B	2	1	d-Wert III; lokal Mengen-/Gradmarker	NICHT_ALS_OPERATION_ODER_UND_LESEN__D_HEAD_OFFEN	daiin cheoky lkedy salshey daiin chey qol chedy qokeey dal
G626-M04352	f82r	f82r.23	23	5	daiin	da	2	3	III	B	B	2	1	d-Wert III; lokal Mengen-/Gradmarker	NICHT_ALS_OPERATION_ODER_UND_LESEN__D_HEAD_OFFEN	cheey qcthey qokeey lcheey daiin chey qokeeedy lchedy lar
G626-M04374	f82v	f82v.21	21	1	dain	da	1	2	II	B	B	2	0	d-Wert II; lokal Mengen-/Gradmarker	NICHT_ALS_OPERATION_ODER_UND_LESEN__D_HEAD_OFFEN	dain chey qokeeey qoky okaiin okain olkain otain okar aly
G626-M04389	f82v	f82v.29	29	1	daiin	da	2	3	III	B	B	2	1	d-Wert III; lokal Mengen-/Gradmarker	NICHT_ALS_OPERATION_ODER_UND_LESEN__D_HEAD_OFFEN	daiin chey qoky shedy qokaiin olkeedy qokechedy qotar
G626-M04411	f83r	f83r.3	3	5	daiin	da	2	3	III	B	B	2	1	d-Wert III; lokal Mengen-/Gradmarker	NICHT_ALS_OPERATION_ODER_UND_LESEN__D_HEAD_OFFEN	olkeedy qotal chkeedy chey daiin chey lchedy qokaiin qotal dar
G626-M04413	f83r	f83r.4	4	5	daiin	da	2	3	III	B	B	2	1	d-Wert III; lokal Mengen-/Gradmarker	NICHT_ALS_OPERATION_ODER_UND_LESEN__D_HEAD_OFFEN	qokshedy chedy qokedy chkedy daiin shetar shedy qekaiin chedy
G626-M04418	f83r	f83r.10	10	7	dain	da	1	2	II	B	B	2	1	d-Wert II; lokal Mengen-/Gradmarker	NICHT_ALS_OPERATION_ODER_UND_LESEN__D_HEAD_OFFEN	olkeey rchs cheeb ols aiin skal dain cthal s aiin chky lal sam
G626-M04434	f83r	f83r.27	27	1	dain	da	1	2	II	B	B	2	1	d-Wert II; lokal Mengen-/Gradmarker	NICHT_ALS_OPERATION_ODER_UND_LESEN__D_HEAD_OFFEN	dain chedy qokeedy shckhedy shckhedy
G626-M04445	f83r	f83r.43	43	1	daiin	da	2	3	III	B	B	2	1	d-Wert III; lokal Mengen-/Gradmarker	NICHT_ALS_OPERATION_ODER_UND_LESEN__D_HEAD_OFFEN	daiin sheol chedy qotal sar
G626-M04448	f83r	f83r.49	49	2	daiiin	da	3	4	IV	B	B	2	1	d-Wert IV; lokal Mengen-/Gradmarker	NICHT_ALS_OPERATION_ODER_UND_LESEN__D_HEAD_OFFEN	sol daiiin chedy
G626-M04449	f83r	f83r.54	54	1	daiin	da	2	3	III	B	B	2	1	d-Wert III; lokal Mengen-/Gradmarker	NICHT_ALS_OPERATION_ODER_UND_LESEN__D_HEAD_OFFEN	daiin ol dain chey ldalor
G626-M04450	f83r	f83r.54	54	3	dain	da	1	2	II	B	B	2	1	d-Wert II; lokal Mengen-/Gradmarker	NICHT_ALS_OPERATION_ODER_UND_LESEN__D_HEAD_OFFEN	daiin ol dain chey ldalor
G626-M04454	f83v	f83v.4	4	1	dain	da	1	2	II	B	B	2	1	d-Wert II; lokal Mengen-/Gradmarker	NICHT_ALS_OPERATION_ODER_UND_LESEN__D_HEAD_OFFEN	dain sheedy oteeody doldy qotedy qokeedy qokedar sheoldy qol oly
G626-M04456	f83v	f83v.5	5	6	daiin	da	2	3	III	B	B	2	0	d-Wert III; lokal Mengen-/Gradmarker	NICHT_ALS_OPERATION_ODER_UND_LESEN__D_HEAD_OFFEN	qokal shedy qotain chedy chedol daiin otaiin shedy qokeedy okaiin
G626-M04461	f83v	f83v.12	12	1	daiin	da	2	3	III	B	B	2	1	d-Wert III; lokal Mengen-/Gradmarker	NICHT_ALS_OPERATION_ODER_UND_LESEN__D_HEAD_OFFEN	daiin shckhy qoeeo lldar cheey qoal qokeedy olkar sheedy qokain olal
G626-M04463	f83v	f83v.13	13	9	daiin	da	2	3	III	B	B	2	1	d-Wert III; lokal Mengen-/Gradmarker	NICHT_ALS_OPERATION_ODER_UND_LESEN__D_HEAD_OFFEN	qol chey qo lched qolky qokal chedy chedy daiin chckhy cheor ol lal
G626-M04466	f83v	f83v.16	16	1	daiin	da	2	3	III	B	B	2	1	d-Wert III; lokal Mengen-/Gradmarker	NICHT_ALS_OPERATION_ODER_UND_LESEN__D_HEAD_OFFEN	daiin qokal sheckhey qokeey chal qokeey qokaiin chedy sar al
G626-M04488	f85r1	f85r1.4	4	3	daiin	da	2	3	III	T	B	2	1	d-Wert III; lokal Mengen-/Gradmarker	NICHT_ALS_OPERATION_ODER_UND_LESEN__D_HEAD_OFFEN	odeedaiin qokechy daiin chekchy olshedy qokeedy doltshdy otar otchdy ols
G626-M04493	f85r1	f85r1.8	8	1	daiin	da	2	3	III	T	B	2	1	d-Wert III; lokal Mengen-/Gradmarker	NICHT_ALS_OPERATION_ODER_UND_LESEN__D_HEAD_OFFEN	daiin chckhdy qotchdy opchsd qokchdy otchy qodal daiin dal shdar oram
G626-M04494	f85r1	f85r1.8	8	8	daiin	da	2	3	III	T	B	2	1	d-Wert III; lokal Mengen-/Gradmarker	NICHT_ALS_OPERATION_ODER_UND_LESEN__D_HEAD_OFFEN	daiin chckhdy qotchdy opchsd qokchdy otchy qodal daiin dal shdar oram
G626-M04500	f85r1	f85r1.12	12	9	daiin	da	2	3	III	T	B	2	1	d-Wert III; lokal Mengen-/Gradmarker	NICHT_ALS_OPERATION_ODER_UND_LESEN__D_HEAD_OFFEN	tdain okeody lchdy lkor oeeseary dar shedaiin oto daiin dlar am
G626-M04518	f85r1	f85r1.24	24	3	dain	da	1	2	II	T	B	2	1	d-Wert II; lokal Mengen-/Gradmarker	NICHT_ALS_OPERATION_ODER_UND_LESEN__D_HEAD_OFFEN	tedair ykeedy dain cheedy qokar chedy okar sheekeey qokedy olchedy
G626-M04521	f85r1	f85r1.26	26	13	daiin	da	2	3	III	T	B	2	0	d-Wert III; lokal Mengen-/Gradmarker	NICHT_ALS_OPERATION_ODER_UND_LESEN__D_HEAD_OFFEN	pchdair or shshdar qopchedy opchdy qofchdy dar s aiin chcphdy dar or daiin
G626-M04538	f85r2	f85r2.1	1	26	daiin	da	2	3	III	C	B	2	1	d-Wert III; lokal Mengen-/Gradmarker	NICHT_ALS_OPERATION_ODER_UND_LESEN__D_HEAD_OFFEN	odeedy otedy opaees ar chcthy otchdy otody otar chepaiin otodar otodaiin opaiin otaiin qopchas otchedy olkaiin odar aloees otchedy qotedaiin odar octhody shedaiin olaiin olfor daiin ol lkechch os aiin oteedy dar otees opaiin chcphdar
G626-M04545	f85r2	f85r2.4	4	5	daiin	da	2	3	III	C	B	2	1	d-Wert III; lokal Mengen-/Gradmarker	NICHT_ALS_OPERATION_ODER_UND_LESEN__D_HEAD_OFFEN	dair sheo oraiin chol daiin
G626-M04547	f85r2	f85r2.9	9	1	daiin	da	2	3	III	C	B	2	1	d-Wert III; lokal Mengen-/Gradmarker	NICHT_ALS_OPERATION_ODER_UND_LESEN__D_HEAD_OFFEN	daiin qotaiin tchedy otedy qotchdy chckhey
G626-M04587	f86v3	f86v3.9	9	12	daiin	da	2	3	III	C	B	2	1	d-Wert III; lokal Mengen-/Gradmarker	NICHT_ALS_OPERATION_ODER_UND_LESEN__D_HEAD_OFFEN	tchol olkey cfhy aiin opchedy okchedy or acheody shol shedy yteey daiin dady
G626-M04609	f86v3	f86v3.25	25	6	daiin	da	2	3	III	C	B	2	1	d-Wert III; lokal Mengen-/Gradmarker	NICHT_ALS_OPERATION_ODER_UND_LESEN__D_HEAD_OFFEN	qodaiin y ochedy qotchey qoky daiin chdy oteedy qoty daiin am
G626-M04610	f86v3	f86v3.25	25	10	daiin	da	2	3	III	C	B	2	1	d-Wert III; lokal Mengen-/Gradmarker	NICHT_ALS_OPERATION_ODER_UND_LESEN__D_HEAD_OFFEN	qodaiin y ochedy qotchey qoky daiin chdy oteedy qoty daiin am
G626-M04617	f86v3	f86v3.30	30	6	daiin	da	2	3	III	C	B	2	1	d-Wert III; lokal Mengen-/Gradmarker	NICHT_ALS_OPERATION_ODER_UND_LESEN__D_HEAD_OFFEN	ytchey yteey chdal or cheey daiin cheokaii
G626-M04628	f86v5	f86v5.5	5	1	daiin	da	2	3	III	T	B	2	1	d-Wert III; lokal Mengen-/Gradmarker	NICHT_ALS_OPERATION_ODER_UND_LESEN__D_HEAD_OFFEN	daiin or otol otshey otal olkey chcthody ytar dal ar okary
G626-M04642	f86v5	f86v5.13	13	1	daiin	da	2	3	III	T	B	2	1	d-Wert III; lokal Mengen-/Gradmarker	NICHT_ALS_OPERATION_ODER_UND_LESEN__D_HEAD_OFFEN	daiin shar otam ytaiin otal teody cthy or aiin otar aiiin
G626-M04652	f86v5	f86v5.16	16	3	daiin	da	2	3	III	T	B	2	1	d-Wert III; lokal Mengen-/Gradmarker	NICHT_ALS_OPERATION_ODER_UND_LESEN__D_HEAD_OFFEN	dcheytain qoka daiin ykalkain ykar al kaiin dalkalytam
G626-M04661	f86v5	f86v5.18	18	11	daiin	da	2	3	III	T	B	2	0	d-Wert III; lokal Mengen-/Gradmarker	NICHT_ALS_OPERATION_ODER_UND_LESEN__D_HEAD_OFFEN	poldaiin shea teraiin otcho lkaiin os al ody qotar ytedy daiin
G626-M04696	f86v5	f86v5.33	33	9	daiin	da	2	3	III	T	B	2	1	d-Wert III; lokal Mengen-/Gradmarker	NICHT_ALS_OPERATION_ODER_UND_LESEN__D_HEAD_OFFEN	qokeey ol kaiin ol kain olkeedy qopcheey oty daiin otam
G626-M04709	f86v6	f86v6.5	5	5	daiin	da	2	3	III	T	B	2	1	d-Wert III; lokal Mengen-/Gradmarker	NICHT_ALS_OPERATION_ODER_UND_LESEN__D_HEAD_OFFEN	tar lol chol olkar daiin chear or otshey qokar opchey taiky qotar
G626-M04710	f86v6	f86v6.6	6	1	daiin	da	2	3	III	T	B	2	1	d-Wert III; lokal Mengen-/Gradmarker	NICHT_ALS_OPERATION_ODER_UND_LESEN__D_HEAD_OFFEN	daiin sheol keear or chedy ar sheeeb qotain odaiin olkeshar qokar or
G626-M04749	f86v6	f86v6.21	21	3	daiin	da	2	3	III	T	B	2	1	d-Wert III; lokal Mengen-/Gradmarker	NICHT_ALS_OPERATION_ODER_UND_LESEN__D_HEAD_OFFEN	oreeey lkeeor daiin olteody tar otyteeodaiin yty sheey tar ar am ody
G626-M04775	f86v6	f86v6.36	36	2	daiin	da	2	3	III	T	B	2	1	d-Wert III; lokal Mengen-/Gradmarker	NICHT_ALS_OPERATION_ODER_UND_LESEN__D_HEAD_OFFEN	dairal daiin qokar chol tal cthdy qokeey lkaiin olkaiin araiin
G626-M04786	f86v6	f86v6.40	40	1	daiin	da	2	3	III	T	B	2	1	d-Wert III; lokal Mengen-/Gradmarker	NICHT_ALS_OPERATION_ODER_UND_LESEN__D_HEAD_OFFEN	daiin ar qotal tshdy otar shcthdy qokol chotal kar ol kar alky
G626-M04807	f87r	f87r.5	5	1	daiin	da	2	3	III	H	A	1	1	d-Wert III; lokal Mengen-/Gradmarker	NICHT_ALS_OPERATION_ODER_UND_LESEN__D_HEAD_OFFEN	daiin ctheey ckheckhy cthody chor s al dar chor
G626-M04812	f87r	f87r.13	13	7	daiin	da	2	3	III	H	A	1	1	d-Wert III; lokal Mengen-/Gradmarker	NICHT_ALS_OPERATION_ODER_UND_LESEN__D_HEAD_OFFEN	keor ckheey shody qoeeeety s chody daiin
G626-M04813	f87r	f87r.14	14	1	daiin	da	2	3	III	H	A	1	1	d-Wert III; lokal Mengen-/Gradmarker	NICHT_ALS_OPERATION_ODER_UND_LESEN__D_HEAD_OFFEN	daiin shol cthey okeol cheor okeeo daiim
G626-M04816	f87v	f87v.1	1	2	daiin	da	2	3	III	H	A	1	1	d-Wert III; lokal Mengen-/Gradmarker	NICHT_ALS_OPERATION_ODER_UND_LESEN__D_HEAD_OFFEN	cheey daiin cpheodar shody dcheody todor oeeepchody oldar
G626-M04818	f87v	f87v.12	12	8	dain	da	1	2	II	H	A	1	1	d-Wert II; lokal Mengen-/Gradmarker	NICHT_ALS_OPERATION_ODER_UND_LESEN__D_HEAD_OFFEN	ytcheoqo chos ckheos cheoy s cheol sal dain
G626-M04823	f88r	f88r.8	8	7	daiin	da	2	3	III	P	A	1	0	d-Wert III; lokal Mengen-/Gradmarker	NICHT_ALS_OPERATION_ODER_UND_LESEN__D_HEAD_OFFEN	ral sheom keol chear shekor qokor daiin sar s aiin oky sam
G626-M04827	f88r	f88r.19	19	3	daiin	da	2	3	III	P	A	1	1	d-Wert III; lokal Mengen-/Gradmarker	NICHT_ALS_OPERATION_ODER_UND_LESEN__D_HEAD_OFFEN	dchey chokol daiin qoekol qoekol qockhol okol cheol
G626-M04834	f88v	f88v.7	7	8	daiin	da	2	3	III	P	A	1	0	d-Wert III; lokal Mengen-/Gradmarker	NICHT_ALS_OPERATION_ODER_UND_LESEN__D_HEAD_OFFEN	dshor shor qokeody qokeo lchey chkeor qokeey daiin qokeom
G626-M04847	f88v	f88v.22	22	3	dain	da	1	2	II	P	A	1	1	d-Wert II; lokal Mengen-/Gradmarker	NICHT_ALS_OPERATION_ODER_UND_LESEN__D_HEAD_OFFEN	dairodain ykeodain dain shedy qoteo lchdy qokeo r ain
G626-M04850	f88v	f88v.23	23	5	daiin	da	2	3	III	P	A	1	1	d-Wert III; lokal Mengen-/Gradmarker	NICHT_ALS_OPERATION_ODER_UND_LESEN__D_HEAD_OFFEN	tol keeodaiin qoky sheol daiin chees aiin chokar daimd
G626-M04852	f88v	f88v.24	24	1	daiin	da	2	3	III	P	A	1	1	d-Wert III; lokal Mengen-/Gradmarker	NICHT_ALS_OPERATION_ODER_UND_LESEN__D_HEAD_OFFEN	daiin sheor sheedy daiin shoy qokeody doy dair
G626-M04853	f88v	f88v.24	24	4	daiin	da	2	3	III	P	A	1	1	d-Wert III; lokal Mengen-/Gradmarker	NICHT_ALS_OPERATION_ODER_UND_LESEN__D_HEAD_OFFEN	daiin sheor sheedy daiin shoy qokeody doy dair
G626-M04854	f88v	f88v.25	25	5	dain	da	1	2	II	P	A	1	1	d-Wert II; lokal Mengen-/Gradmarker	NICHT_ALS_OPERATION_ODER_UND_LESEN__D_HEAD_OFFEN	ykeey sheor tos checkhy dain cheos cheockhy saldy
G626-M04861	f89r1	f89r1.8	8	7	daiin	da	2	3	III	P	A	1	0	d-Wert III; lokal Mengen-/Gradmarker	NICHT_ALS_OPERATION_ODER_UND_LESEN__D_HEAD_OFFEN	qokeol chol qodaiin chol cheody qokechy daiin ctheody dam
G626-M04862	f89r1	f89r1.9	9	4	daiin	da	2	3	III	P	A	1	1	d-Wert III; lokal Mengen-/Gradmarker	NICHT_ALS_OPERATION_ODER_UND_LESEN__D_HEAD_OFFEN	yshor s oiiin daiin qokeey daiin ckhol qokain cheamy
G626-M04863	f89r1	f89r1.9	9	6	daiin	da	2	3	III	P	A	1	1	d-Wert III; lokal Mengen-/Gradmarker	NICHT_ALS_OPERATION_ODER_UND_LESEN__D_HEAD_OFFEN	yshor s oiiin daiin qokeey daiin ckhol qokain cheamy
G626-M04866	f89r1	f89r1.10	10	10	daiin	da	2	3	III	P	A	1	1	d-Wert III; lokal Mengen-/Gradmarker	NICHT_ALS_OPERATION_ODER_UND_LESEN__D_HEAD_OFFEN	tdain s chol cheoky cheody qokar dal chor y daiin
G626-M04869	f89r1	f89r1.14	14	2	dan	da	0	1	I	P	A	1	1	d-Wert I; lokal Mengen-/Gradmarker	NICHT_ALS_OPERATION_ODER_UND_LESEN__D_HEAD_OFFEN	okaiin dan
G626-M04871	f89r1	f89r1.16	16	5	daiin	da	2	3	III	P	A	1	0	d-Wert III; lokal Mengen-/Gradmarker	NICHT_ALS_OPERATION_ODER_UND_LESEN__D_HEAD_OFFEN	om sheey qokey l daiin dalchom chy chol cheos aiin dy
G626-M04874	f89r1	f89r1.17	17	6	daiin	da	2	3	III	P	A	1	1	d-Wert III; lokal Mengen-/Gradmarker	NICHT_ALS_OPERATION_ODER_UND_LESEN__D_HEAD_OFFEN	qeaiin cheyl seey qotey qokeeol daiin edy daiin dam
G626-M04875	f89r1	f89r1.17	17	8	daiin	da	2	3	III	P	A	1	1	d-Wert III; lokal Mengen-/Gradmarker	NICHT_ALS_OPERATION_ODER_UND_LESEN__D_HEAD_OFFEN	qeaiin cheyl seey qotey qokeeol daiin edy daiin dam
G626-M04879	f89r1	f89r1.23	23	1	dain	da	1	2	II	P	A	1	1	d-Wert II; lokal Mengen-/Gradmarker	NICHT_ALS_OPERATION_ODER_UND_LESEN__D_HEAD_OFFEN	dain oteos cheody cheodain daiin chodaiin
G626-M04881	f89r1	f89r1.23	23	5	daiin	da	2	3	III	P	A	1	1	d-Wert III; lokal Mengen-/Gradmarker	NICHT_ALS_OPERATION_ODER_UND_LESEN__D_HEAD_OFFEN	dain oteos cheody cheodain daiin chodaiin
G626-M04883	f89v1	f89v1.5	5	6	daiin	da	2	3	III	P	A	1	1	d-Wert III; lokal Mengen-/Gradmarker	NICHT_ALS_OPERATION_ODER_UND_LESEN__D_HEAD_OFFEN	koldal sfal cfhey ofcheol opolsy daiin qopol oldaiin octhody
G626-M04885	f89v1	f89v1.6	6	7	dain	da	1	2	II	P	A	1	1	d-Wert II; lokal Mengen-/Gradmarker	NICHT_ALS_OPERATION_ODER_UND_LESEN__D_HEAD_OFFEN	dor sheey qokol cheol cthody qockhy dain yteey otar cthol
G626-M04886	f89v1	f89v1.7	7	2	daiin	da	2	3	III	P	A	1	1	d-Wert III; lokal Mengen-/Gradmarker	NICHT_ALS_OPERATION_ODER_UND_LESEN__D_HEAD_OFFEN	qokey daiin cheey ctho dy qoor shear s ol chor chearory
G626-M04887	f89v1	f89v1.8	8	7	daiin	da	2	3	III	P	A	1	0	d-Wert III; lokal Mengen-/Gradmarker	NICHT_ALS_OPERATION_ODER_UND_LESEN__D_HEAD_OFFEN	shockhey orarol cheoky qoy chodair choky daiin otarokar
G626-M04890	f89v1	f89v1.10	10	6	daiin	da	2	3	III	P	A	1	0	d-Wert III; lokal Mengen-/Gradmarker	NICHT_ALS_OPERATION_ODER_UND_LESEN__D_HEAD_OFFEN	tor sheor cheeor cthey qokol daiin chekal dals chear qotam
G626-M04895	f89v1	f89v1.11	11	9	daiin	da	2	3	III	P	A	1	0	d-Wert III; lokal Mengen-/Gradmarker	NICHT_ALS_OPERATION_ODER_UND_LESEN__D_HEAD_OFFEN	osheokaiin s ain ol shodain qokar ain chekal daiin dar
G626-M04898	f89v1	f89v1.15	15	2	daiin	da	2	3	III	P	A	1	1	d-Wert III; lokal Mengen-/Gradmarker	NICHT_ALS_OPERATION_ODER_UND_LESEN__D_HEAD_OFFEN	dcheo daiin cthol daiin daldy okeor ytey keor cheyty ochy
G626-M04899	f89v1	f89v1.15	15	4	daiin	da	2	3	III	P	A	1	0	d-Wert III; lokal Mengen-/Gradmarker	NICHT_ALS_OPERATION_ODER_UND_LESEN__D_HEAD_OFFEN	dcheo daiin cthol daiin daldy okeor ytey keor cheyty ochy
G626-M04904	f89v1	f89v1.19	19	3	daiin	da	2	3	III	P	A	1	0	d-Wert III; lokal Mengen-/Gradmarker	NICHT_ALS_OPERATION_ODER_UND_LESEN__D_HEAD_OFFEN	sar a daiin ckhy qotchy okol ycheo cthody okol olkaycthy
G626-M04905	f89v1	f89v1.20	20	5	daiin	da	2	3	III	P	A	1	1	d-Wert III; lokal Mengen-/Gradmarker	NICHT_ALS_OPERATION_ODER_UND_LESEN__D_HEAD_OFFEN	sol chey okchol sair daiin okal choldy
G626-M04909	f8r	f8r.2	2	8	dain	da	1	2	II	H	A	1	1	d-Wert II; lokal Mengen-/Gradmarker	NICHT_ALS_OPERATION_ODER_UND_LESEN__D_HEAD_OFFEN	tchty sh kcheals sho okche do dchy dain al
G626-M04914	f8r	f8r.7	7	4	dain	da	1	2	II	H	A	1	1	d-Wert II; lokal Mengen-/Gradmarker	NICHT_ALS_OPERATION_ODER_UND_LESEN__D_HEAD_OFFEN	choto kchoan choor dain
G626-M04915	f8r	f8r.8	8	2	dain	da	1	2	II	H	A	1	0	d-Wert II; lokal Mengen-/Gradmarker	NICHT_ALS_OPERATION_ODER_UND_LESEN__D_HEAD_OFFEN	dcho dain
G626-M04917	f8r	f8r.10	10	1	daiin	da	2	3	III	H	A	1	1	d-Wert III; lokal Mengen-/Gradmarker	NICHT_ALS_OPERATION_ODER_UND_LESEN__D_HEAD_OFFEN	daiin cheey teeodan dy cheocthy oksheo dol dairg
G626-M04920	f8r	f8r.11	11	3	daiin	da	2	3	III	H	A	1	1	d-Wert III; lokal Mengen-/Gradmarker	NICHT_ALS_OPERATION_ODER_UND_LESEN__D_HEAD_OFFEN	shol cheodaiin daiin do y tchody chot choty otariin
G626-M04922	f8r	f8r.15	15	7	daiin	da	2	3	III	H	A	1	0	d-Wert III; lokal Mengen-/Gradmarker	NICHT_ALS_OPERATION_ODER_UND_LESEN__D_HEAD_OFFEN	dchey ckhol chol chey kc chy daiin dol daiiiry ckhy
G626-M04929	f8r	f8r.18	18	4	daiin	da	2	3	III	H	A	1	1	d-Wert III; lokal Mengen-/Gradmarker	NICHT_ALS_OPERATION_ODER_UND_LESEN__D_HEAD_OFFEN	okar cfhaiin chaiin daiin chor cha rchealcham
G626-M04941	f8v	f8v.4	4	7	daiin	da	2	3	III	H	A	1	1	d-Wert III; lokal Mengen-/Gradmarker	NICHT_ALS_OPERATION_ODER_UND_LESEN__D_HEAD_OFFEN	dshol shol dol chean cthar shealy daiin chary
G626-M04943	f8v	f8v.6	6	1	daiin	da	2	3	III	H	A	1	1	d-Wert III; lokal Mengen-/Gradmarker	NICHT_ALS_OPERATION_ODER_UND_LESEN__D_HEAD_OFFEN	daiin cthan ytchy chey kaiin dain ar
G626-M04946	f8v	f8v.6	6	6	dain	da	1	2	II	H	A	1	1	d-Wert II; lokal Mengen-/Gradmarker	NICHT_ALS_OPERATION_ODER_UND_LESEN__D_HEAD_OFFEN	daiin cthan ytchy chey kaiin dain ar
G626-M04949	f8v	f8v.8	8	6	dain	da	1	2	II	H	A	1	0	d-Wert II; lokal Mengen-/Gradmarker	NICHT_ALS_OPERATION_ODER_UND_LESEN__D_HEAD_OFFEN	okcholksh chol chol chol cthaiin dain
G626-M04953	f8v	f8v.12	12	8	daiin	da	2	3	III	H	A	1	1	d-Wert III; lokal Mengen-/Gradmarker	NICHT_ALS_OPERATION_ODER_UND_LESEN__D_HEAD_OFFEN	pchar cho rol dal shear chchotaiin chal daiin
G626-M04959	f8v	f8v.17	17	1	dain	da	1	2	II	H	A	1	1	d-Wert II; lokal Mengen-/Gradmarker	NICHT_ALS_OPERATION_ODER_UND_LESEN__D_HEAD_OFFEN	dain chear daiin
G626-M04960	f8v	f8v.17	17	3	daiin	da	2	3	III	H	A	1	1	d-Wert III; lokal Mengen-/Gradmarker	NICHT_ALS_OPERATION_ODER_UND_LESEN__D_HEAD_OFFEN	dain chear daiin
G626-M04968	f93r	f93r.21	21	3	daiin	da	2	3	III	H	A	1	1	d-Wert III; lokal Mengen-/Gradmarker	NICHT_ALS_OPERATION_ODER_UND_LESEN__D_HEAD_OFFEN	dol shol daiin shcthy
G626-M04969	f93r	f93r.22	22	4	daiin	da	2	3	III	H	A	1	1	d-Wert III; lokal Mengen-/Gradmarker	NICHT_ALS_OPERATION_ODER_UND_LESEN__D_HEAD_OFFEN	kchor cthy chakal daiin
G626-M04974	f93r	f93r.29	29	1	dain	da	1	2	II	H	A	1	1	d-Wert II; lokal Mengen-/Gradmarker	NICHT_ALS_OPERATION_ODER_UND_LESEN__D_HEAD_OFFEN	dain cho ctho cthosg
G626-M04977	f93v	f93v.2	2	7	daiin	da	2	3	III	H	A	1	0	d-Wert III; lokal Mengen-/Gradmarker	NICHT_ALS_OPERATION_ODER_UND_LESEN__D_HEAD_OFFEN	yteeody qotody qotchol qocthody ytey oky daiin dar cthog
G626-M04979	f93v	f93v.3	3	7	daiin	da	2	3	III	H	A	1	1	d-Wert III; lokal Mengen-/Gradmarker	NICHT_ALS_OPERATION_ODER_UND_LESEN__D_HEAD_OFFEN	dchos chody qockhol oky cheodaiin oty daiin otal dair okol
G626-M04988	f94r	f94r.5	5	1	daiin	da	2	3	III	H	B	3	1	d-Wert III; lokal Mengen-/Gradmarker	NICHT_ALS_OPERATION_ODER_UND_LESEN__D_HEAD_OFFEN	daiin chekar olkaiin olkeody ykaiin otain dar okeedy ykaro
G626-M05004	f94v	f94v.8	8	3	daiin	da	2	3	III	H	B	3	1	d-Wert III; lokal Mengen-/Gradmarker	NICHT_ALS_OPERATION_ODER_UND_LESEN__D_HEAD_OFFEN	pchedaiin sheocthy daiin cphedy fchd otchy qotchy par ar
G626-M05011	f94v	f94v.12	12	1	daiin	da	2	3	III	H	B	3	1	d-Wert III; lokal Mengen-/Gradmarker	NICHT_ALS_OPERATION_ODER_UND_LESEN__D_HEAD_OFFEN	daiin chcthy chdy chckhy okaiin
G626-M05019	f95r1	f95r1.2	2	12	dan	da	0	1	I	H	B	3	1	d-Wert I; lokal Mengen-/Gradmarker	NICHT_ALS_OPERATION_ODER_UND_LESEN__D_HEAD_OFFEN	ol chdy chdy qokaiin shdy qokaiin chdy kol chdy qoty oky dan
G626-M05035	f95r1	f95r1.10	10	1	daiin	da	2	3	III	H	B	3	0	d-Wert III; lokal Mengen-/Gradmarker	NICHT_ALS_OPERATION_ODER_UND_LESEN__D_HEAD_OFFEN	daiin chckhy okaiin chckhy daiin ykedy epiin okaraiin ls
G626-M05037	f95r1	f95r1.10	10	5	daiin	da	2	3	III	H	B	3	0	d-Wert III; lokal Mengen-/Gradmarker	NICHT_ALS_OPERATION_ODER_UND_LESEN__D_HEAD_OFFEN	daiin chckhy okaiin chckhy daiin ykedy epiin okaraiin ls
G626-M05043	f95r2	f95r2.2	2	1	daiin	da	2	3	III	H	B	3	1	d-Wert III; lokal Mengen-/Gradmarker	NICHT_ALS_OPERATION_ODER_UND_LESEN__D_HEAD_OFFEN	daiin shody chkain chol chckhy otain oty oteedy kar okam
G626-M05049	f95r2	f95r2.4	4	1	daiin	da	2	3	III	H	B	3	1	d-Wert III; lokal Mengen-/Gradmarker	NICHT_ALS_OPERATION_ODER_UND_LESEN__D_HEAD_OFFEN	daiin shody tor or okain chckhey
G626-M05059	f95v1	f95v1.3	3	10	dain	da	1	2	II	H	B	3	0	d-Wert II; lokal Mengen-/Gradmarker	NICHT_ALS_OPERATION_ODER_UND_LESEN__D_HEAD_OFFEN	tchody qokaiin y char okain sheody chedy chcthykedy ety dain al
G626-M05071	f95v1	f95v1.10	10	8	daiin	da	2	3	III	H	B	3	0	d-Wert III; lokal Mengen-/Gradmarker	NICHT_ALS_OPERATION_ODER_UND_LESEN__D_HEAD_OFFEN	sain sheyk chody k chedain chedaiin otain daiin
G626-M05088	f95v2	f95v2.4	4	1	daiin	da	2	3	III	H	B	3	1	d-Wert III; lokal Mengen-/Gradmarker	NICHT_ALS_OPERATION_ODER_UND_LESEN__D_HEAD_OFFEN	daiin olkain qokan shar shekydy dain alkain okalaiin s
G626-M05091	f95v2	f95v2.4	4	6	dain	da	1	2	II	H	B	3	1	d-Wert II; lokal Mengen-/Gradmarker	NICHT_ALS_OPERATION_ODER_UND_LESEN__D_HEAD_OFFEN	daiin olkain qokan shar shekydy dain alkain okalaiin s
G626-M05098	f95v2	f95v2.6	6	1	dain	da	1	2	II	H	B	3	1	d-Wert II; lokal Mengen-/Gradmarker	NICHT_ALS_OPERATION_ODER_UND_LESEN__D_HEAD_OFFEN	dain ykaly chals shedain olaiin y okain ldy
G626-M05105	f96r	f96r.5	5	1	daiin	da	2	3	III	H	A	1	1	d-Wert III; lokal Mengen-/Gradmarker	NICHT_ALS_OPERATION_ODER_UND_LESEN__D_HEAD_OFFEN	daiin chodaiin cthey tol sheor qokeol okol
G626-M05107	f96r	f96r.8	8	6	daiin	da	2	3	III	H	A	1	0	d-Wert III; lokal Mengen-/Gradmarker	NICHT_ALS_OPERATION_ODER_UND_LESEN__D_HEAD_OFFEN	ykeor secheeol sheol qokeeey chol daiin
G626-M05110	f96v	f96v.3	3	7	daiin	da	2	3	III	H	A	1	0	d-Wert III; lokal Mengen-/Gradmarker	NICHT_ALS_OPERATION_ODER_UND_LESEN__D_HEAD_OFFEN	dcheoteos cpheos sor chcthory cth ytchey daiin
G626-M05112	f96v	f96v.12	12	3	dain	da	1	2	II	H	A	1	0	d-Wert II; lokal Mengen-/Gradmarker	NICHT_ALS_OPERATION_ODER_UND_LESEN__D_HEAD_OFFEN	sosar cheekeo dain
G626-M05114	f99r	f99r.15	15	3	daiin	da	2	3	III	P	A	1	1	d-Wert III; lokal Mengen-/Gradmarker	NICHT_ALS_OPERATION_ODER_UND_LESEN__D_HEAD_OFFEN	pcheody oteody daiin cpheey tshol dal cfheol olaiin sar
G626-M05117	f99r	f99r.18	18	7	daiin	da	2	3	III	P	A	1	1	d-Wert III; lokal Mengen-/Gradmarker	NICHT_ALS_OPERATION_ODER_UND_LESEN__D_HEAD_OFFEN	qokeor chol ykol cheey chody ckhol daiin okeoly daiin ckhy
G626-M05118	f99r	f99r.18	18	9	daiin	da	2	3	III	P	A	1	1	d-Wert III; lokal Mengen-/Gradmarker	NICHT_ALS_OPERATION_ODER_UND_LESEN__D_HEAD_OFFEN	qokeor chol ykol cheey chody ckhol daiin okeoly daiin ckhy
G626-M05120	f99r	f99r.31	31	5	daiin	da	2	3	III	P	A	1	0	d-Wert III; lokal Mengen-/Gradmarker	NICHT_ALS_OPERATION_ODER_UND_LESEN__D_HEAD_OFFEN	chees okeey qotol sheol daiin qotol okeol
G626-M05121	f99r	f99r.42	42	9	daiin	da	2	3	III	P	A	1	0	d-Wert III; lokal Mengen-/Gradmarker	NICHT_ALS_OPERATION_ODER_UND_LESEN__D_HEAD_OFFEN	sol sheol keshey qokeeey chs chey dalchey ctheey daiin cheom
G626-M05122	f99r	f99r.43	43	1	daiin	da	2	3	III	P	A	1	1	d-Wert III; lokal Mengen-/Gradmarker	NICHT_ALS_OPERATION_ODER_UND_LESEN__D_HEAD_OFFEN	daiin cheeokeey checkhey dor oldy sheey keody okeeey s aiin ols
G626-M05124	f99r	f99r.49	49	5	daiin	da	2	3	III	P	A	1	0	d-Wert III; lokal Mengen-/Gradmarker	NICHT_ALS_OPERATION_ODER_UND_LESEN__D_HEAD_OFFEN	okeeey keey keear okeey daiin okeol s aiin olaiir oolsal
G626-M05127	f99r	f99r.51	51	5	daiin	da	2	3	III	P	A	1	0	d-Wert III; lokal Mengen-/Gradmarker	NICHT_ALS_OPERATION_ODER_UND_LESEN__D_HEAD_OFFEN	yshaiin ey octhey dy daiin okor okeey shsh
G626-M05128	f99v	f99v.10	10	10	dain	da	1	2	II	P	A	1	0	d-Wert II; lokal Mengen-/Gradmarker	NICHT_ALS_OPERATION_ODER_UND_LESEN__D_HEAD_OFFEN	sol cheols ockhey qoy qkoldy s ok oleees oteey dain
G626-M05129	f99v	f99v.11	11	8	daiin	da	2	3	III	P	A	1	1	d-Wert III; lokal Mengen-/Gradmarker	NICHT_ALS_OPERATION_ODER_UND_LESEN__D_HEAD_OFFEN	okoiin choty qokchol qokeol okoldy qoldy toly daiin
G626-M05130	f99v	f99v.12	12	5	daiin	da	2	3	III	P	A	1	1	d-Wert III; lokal Mengen-/Gradmarker	NICHT_ALS_OPERATION_ODER_UND_LESEN__D_HEAD_OFFEN	qokeo qokeol chockhy otol daiin oty otoey da chor aiin
G626-M05143	f99v	f99v.37	37	5	daiin	da	2	3	III	P	A	1	1	d-Wert III; lokal Mengen-/Gradmarker	NICHT_ALS_OPERATION_ODER_UND_LESEN__D_HEAD_OFFEN	eol soey qokol olkeol daiin okoly
G626-M05151	f9r	f9r.5	5	1	daiin	da	2	3	III	H	A	1	1	d-Wert III; lokal Mengen-/Gradmarker	NICHT_ALS_OPERATION_ODER_UND_LESEN__D_HEAD_OFFEN	daiin chor sor cthy chokoiin shol dsholdy otchol ot dy
G626-M05158	f9r	f9r.9	9	7	daiin	da	2	3	III	H	A	1	1	d-Wert III; lokal Mengen-/Gradmarker	NICHT_ALS_OPERATION_ODER_UND_LESEN__D_HEAD_OFFEN	ocho cthy choy chodykchy saiin dchy daiin
G626-M05160	f9v	f9v.1	1	5	daiin	da	2	3	III	H	A	1	1	d-Wert III; lokal Mengen-/Gradmarker	NICHT_ALS_OPERATION_ODER_UND_LESEN__D_HEAD_OFFEN	fochor oporody opy shor daiin qopchypcho qofol shol cfhol daiin
G626-M05161	f9v	f9v.1	1	10	daiin	da	2	3	III	H	A	1	1	d-Wert III; lokal Mengen-/Gradmarker	NICHT_ALS_OPERATION_ODER_UND_LESEN__D_HEAD_OFFEN	fochor oporody opy shor daiin qopchypcho qofol shol cfhol daiin
G626-M05166	f9v	f9v.3	3	4	daiin	da	2	3	III	H	A	1	1	d-Wert III; lokal Mengen-/Gradmarker	NICHT_ALS_OPERATION_ODER_UND_LESEN__D_HEAD_OFFEN	ykey chor ykaiin daiin cthy otaiin oky oeees daiin
G626-M05168	f9v	f9v.3	3	9	daiin	da	2	3	III	H	A	1	1	d-Wert III; lokal Mengen-/Gradmarker	NICHT_ALS_OPERATION_ODER_UND_LESEN__D_HEAD_OFFEN	ykey chor ykaiin daiin cthy otaiin oky oeees daiin
G626-M05170	f9v	f9v.5	5	9	daiiin	da	3	4	IV	H	A	1	1	d-Wert IV; lokal Mengen-/Gradmarker	NICHT_ALS_OPERATION_ODER_UND_LESEN__D_HEAD_OFFEN	pchor ypcheey qotor ypchy olcfholy to ar chty daiiin
G626-M05171	f9v	f9v.6	6	5	dain	da	1	2	II	H	A	1	1	d-Wert II; lokal Mengen-/Gradmarker	NICHT_ALS_OPERATION_ODER_UND_LESEN__D_HEAD_OFFEN	odol choy ksheody chody dain otchy cthod yko
G626-M05172	f9v	f9v.7	7	5	daiin	da	2	3	III	H	A	1	1	d-Wert III; lokal Mengen-/Gradmarker	NICHT_ALS_OPERATION_ODER_UND_LESEN__D_HEAD_OFFEN	qo chol chol chy daiin otal dor daim
G626-M05173	f9v	f9v.8	8	2	daiin	da	2	3	III	H	A	1	1	d-Wert III; lokal Mengen-/Gradmarker	NICHT_ALS_OPERATION_ODER_UND_LESEN__D_HEAD_OFFEN	soiin daiin qokcho rokyd daly
G626-M05174	f9v	f9v.9	9	1	daiin	da	2	3	III	H	A	1	1	d-Wert III; lokal Mengen-/Gradmarker	NICHT_ALS_OPERATION_ODER_UND_LESEN__D_HEAD_OFFEN	daiin chy tor chyty dary ytoldy
