audit_id	round	surface	page	locus	section	language	hand	token_ordinal	line_position	previous	following	zl3b_line	it2a_line	rf1b_line	reader_exact	split_normalized	before_state	before_gloss	after_gloss	known_other_tokens	other_token_positions	context_fraction	local_before_de	local_after_de	flags	verdict	review_reason
G640-A01-001	1	qotomody	f37r	f37r.6	H	A	1	4	MIDDLE	qokchy	dchol	shor shol qokchy qotomody dchol daiin	shor shol qokchy qotomody dchol daiin	shor shol qokchy qotomody dchol daiin	1	1	UNKNOWN_SURFACE	[qotomody:?]	kaltes Ansatzmaß, fertig aufbereitete Grundform	5	5	1.000000	Blüten-/Fruchtstand; reproduktiver Teil | feucht; nominal feuchtes Gut/Material | heiß-trocken | [qotomody:?] | Maß trockenen Materials | Qualitätsgrad III	Blüten-/Fruchtstand; reproduktiver Teil | feucht; nominal feuchtes Gut/Material | heiß-trocken | kaltes Ansatzmaß, fertig aufbereitete Grundform | Maß trockenen Materials | Qualitätsgrad III	INTERNAL_M_ROLE_UNBOUND	UNBOUND_COMPONENT	the complete reading is concrete, but internal m has no independent nonterminal value
G640-A02-001	2	qotor	f104r	f104r.12	S	B	3	9	MIDDLE	octhy	opchey	tshdol qotchedy qokoeey qoteode lo sar al octhy qotor opchey qotam	tshdol qotchedy qokoeey qoteode lo sar al octhy qotor opchey qotam	tshdol qotchedy qokoeey qoteode lo sar al octhy qot r opchey qotam	0	0	UNKNOWN_SURFACE	[qotor:?]	kalte Drogenportion	2	10	0.200000	[tshdol:?] | [qotchedy:?] | [qokoeey:?] | [qoteode:?] | [lo:?] | Samenfraktion I | [al:?] | CTH-Zubereitung/Ansatz, Grundform | [qotor:?] | [opchey:?] | [qotam:?]	[tshdol:?] | [qotchedy:?] | [qokoeey:?] | [qoteode:?] | [lo:?] | Samenfraktion I | [al:?] | CTH-Zubereitung/Ansatz, Grundform | kalte Drogenportion | [opchey:?] | [qotam:?]	READER_SPLIT_OR_FUSION|OR_COMPONENT_EXACT_ONLY	READER_BOUNDARY_WARNING	target surface is split, fused or changed in at least one alternate reading
G640-A02-002	2	qotor	f105v	f105v.25	S	B	3	7	MIDDLE	fchedy	oeeeodr	kchdaldy alfo lfcheedy ofoiir opchey fchedy qotor oeeeodr qopar y dl	kchdaldy alfo lfcheedy ofaiis opchey fchedy qotor oeeeodr qopar aifhhy dl	kchdaldy alfo lfcheedy ofaiir opchey fchedy qotor oeeeodr qopar ay dl	1	1	UNKNOWN_SURFACE	[qotor:?]	kalte Drogenportion	0	10	0.000000	[kchdaldy:?] | [alfo:?] | [lfcheedy:?] | [ofoiir:?] | [opchey:?] | [fchedy:?] | [qotor:?] | [oeeeodr:?] | [qopar:?] | [y:?] | [dl:?]	[kchdaldy:?] | [alfo:?] | [lfcheedy:?] | [ofoiir:?] | [opchey:?] | [fchedy:?] | kalte Drogenportion | [oeeeodr:?] | [qopar:?] | [y:?] | [dl:?]	OPAQUE_OTHER_TOKENS|OR_COMPONENT_EXACT_ONLY	OPAQUE_CONTEXT	too few independently concrete neighbouring positions to test the complete noun phrase
G640-A02-003	2	qotor	f106r	f106r.8	S	B	3	7	MIDDLE	oteedy	qoteedo	porarchy orar ol kaiin shedy oteedy qotor qoteedo qoteedy dair okchdaim	porarchy oror olkaiin shedy oteedy qotor qoteedo qoteedy dair okeedaim	porarchy rar ol kaiin shedy oteedy qotor qoteedo qoteedy dair o eedaim	1	1	UNKNOWN_SURFACE	[qotor:?]	kalte Drogenportion	2	10	0.200000	[porarchy:?] | [orar:?] | Eigenschafts-/Zustands-/Materialträger; als nacktes Wort Gut/Ansatz | heiß, Grad III | [shedy:?] | [oteedy:?] | [qotor:?] | [qoteedo:?] | [qoteedy:?] | [dair:?] | [okchdaim:?]	[porarchy:?] | [orar:?] | Eigenschafts-/Zustands-/Materialträger; als nacktes Wort Gut/Ansatz | heiß, Grad III | [shedy:?] | [oteedy:?] | kalte Drogenportion | [qoteedo:?] | [qoteedy:?] | [dair:?] | [okchdaim:?]	OR_COMPONENT_EXACT_ONLY	CONSISTENT_CONCRETE	all visible candidate fields remain present and no opposite bound component is introduced
G640-A02-004	2	qotor	f10r	f10r.11	H	A	1	3	MIDDLE	qoty	cthyd	otchoshor qoty qotor cthyd otar	rotcho shor qoty qotor cthy d otar	otchoshor qoty qotor cthyd otar	1	1	UNKNOWN_SURFACE	[qotor:?]	kalte Drogenportion	1	4	0.250000	[otchoshor:?] | kalt, Grundform | [qotor:?] | [cthyd:?] | [otar:?]	[otchoshor:?] | kalt, Grundform | kalte Drogenportion | [cthyd:?] | [otar:?]	OPAQUE_OTHER_TOKENS|OR_COMPONENT_EXACT_ONLY	OPAQUE_CONTEXT	too few independently concrete neighbouring positions to test the complete noun phrase
G640-A02-005	2	qotor	f10r	f10r.12	H	A	1	4	LAST	qotchy	<EOS>	odaiin daiin qotchy qotor	rodaiin daiin qotchy qotor	odaiin daiin qotchy qotor	1	1	UNKNOWN_SURFACE	[qotor:?]	kalte Drogenportion	2	3	0.666667	[odaiin:?] | Grad-/Maßwert III | kalt-trocken | [qotor:?]	[odaiin:?] | Grad-/Maßwert III | kalt-trocken | kalte Drogenportion	OR_COMPONENT_EXACT_ONLY	CONSISTENT_CONCRETE	all visible candidate fields remain present and no opposite bound component is introduced
G640-A02-006	2	qotor	f10r	f10r.3	H	A	1	1	FIRST	<BOS>	o	qotor o tchy daiin chocthy qotchy chol or yty dy dy	qotor otchy daiin chocthy qotchy chol or yty dy dy	qotor otchy daiin chocthy qotchy chol or yty dy dy	1	1	UNKNOWN_SURFACE	[qotor:?]	kalte Drogenportion	5	10	0.500000	[qotor:?] | [o:?] | [tchy:?] | Grad-/Maßwert III | trockene CTH-Drogenzubereitung; im Herbal trockene Blatt-/Krautzubereitung | kalt-trocken | trocken; nominal trockenes Gut/Material | Teil-/Nominalträger; genaue Basisbedeutung offen | [yty:?] | [dy:?] | [dy:?]	kalte Drogenportion | [o:?] | [tchy:?] | Grad-/Maßwert III | trockene CTH-Drogenzubereitung; im Herbal trockene Blatt-/Krautzubereitung | kalt-trocken | trocken; nominal trockenes Gut/Material | Teil-/Nominalträger; genaue Basisbedeutung offen | [yty:?] | [dy:?] | [dy:?]	ACTIVE_RIVAL_CONTEXT|OR_COMPONENT_EXACT_ONLY	CONSISTENT_CONCRETE	all visible candidate fields remain present and no opposite bound component is introduced
G640-A02-007	2	qotor	f10v	f10v.5	H	A	1	5	MIDDLE	qotchy	chol	sho ykeey daiin qotchy qotor chol daiin qokchy ky	sho ykeey daiin qotchy qotor chol daiin qokchyky	sho ykeey daiin qotchy qotor chol daiin qokchy ky	1	1	UNKNOWN_SURFACE	[qotor:?]	kalte Drogenportion	6	8	0.750000	feuchter Ansatz | [ykeey:?] | Grad-/Maßwert III | kalt-trocken | [qotor:?] | trocken; nominal trockenes Gut/Material | Qualitätsgrad III | heiß-trocken | [ky:?]	feuchter Ansatz | [ykeey:?] | Grad-/Maßwert III | kalt-trocken | kalte Drogenportion | trocken; nominal trockenes Gut/Material | Qualitätsgrad III | heiß-trocken | [ky:?]	OR_COMPONENT_EXACT_ONLY	CONSISTENT_CONCRETE	all visible candidate fields remain present and no opposite bound component is introduced
G640-A02-008	2	qotor	f113r	f113r.45	S	B	3	8	MIDDLE	shedy	sheol	tchodairos or chey qotaiin opchey chtaiir shedy qotor sheol qotody tedy	tchodairos ar chey qotaiin opchey chtaiir shedy qotor sheol qotody tedy	tchodairos r chey qotaiin opchey chtaiir she y qot r sheol qotody te y	0	0	UNKNOWN_SURFACE	[qotor:?]	kalte Drogenportion	3	10	0.300000	[tchodairos:?] | Teil-/Nominalträger; genaue Basisbedeutung offen | [chey:?] | kalt, Grad III | [opchey:?] | [chtaiir:?] | [shedy:?] | [qotor:?] | feuchtes Material | [qotody:?] | [tedy:?]	[tchodairos:?] | Teil-/Nominalträger; genaue Basisbedeutung offen | [chey:?] | kalt, Grad III | [opchey:?] | [chtaiir:?] | [shedy:?] | kalte Drogenportion | feuchtes Material | [qotody:?] | [tedy:?]	READER_SPLIT_OR_FUSION|OR_COMPONENT_EXACT_ONLY	READER_BOUNDARY_WARNING	target surface is split, fused or changed in at least one alternate reading
G640-A02-009	2	qotor	f113v	f113v.13	S	B	3	8	MIDDLE	otchdy	qoteedar	poraiin otar ar okol shedy qokchedy otchdy qotor qoteedar roral fchee llor	poraiin otar ar okol shedy qokchedy otchdy qotor qoteedar roral fchee llor	poraiin otar ar okol shedy qokchedy otchdy qotor qotee ar roral fchee llor	1	1	UNKNOWN_SURFACE	[qotor:?]	kalte Drogenportion	2	11	0.181818	Pulverportion III | [otar:?] | [ar:?] | [okol:?] | [shedy:?] | [qokchedy:?] | [otchdy:?] | [qotor:?] | [qoteedar:?] | Wurzel-Rohstoffportion | [fchee:?] | [llor:?]	Pulverportion III | [otar:?] | [ar:?] | [okol:?] | [shedy:?] | [qokchedy:?] | [otchdy:?] | kalte Drogenportion | [qoteedar:?] | Wurzel-Rohstoffportion | [fchee:?] | [llor:?]	OR_COMPONENT_EXACT_ONLY	CONSISTENT_CONCRETE	all visible candidate fields remain present and no opposite bound component is introduced
G640-A02-010	2	qotor	f115r	f115r.16	S	B	@	9	MIDDLE	chdy	otchdy	dshedy qotshedy dar oltedy qotar chodar cheocthy chdy qotor otchdy qotolchd	dshedy qotshedy dar oltedy qotor chodar cheocthy chdy qotor otchdy qotolchd	dshedy qotshedy dar olte y qotor chodar cheocthy chdy qotor otchdy qotolchd	1	1	UNKNOWN_SURFACE	[qotor:?]	kalte Drogenportion	1	10	0.100000	[dshedy:?] | [qotshedy:?] | [dar:?] | [oltedy:?] | [qotar:?] | [chodar:?] | attributiv trockene CTH-Drogenzubereitung | [chdy:?] | [qotor:?] | [otchdy:?] | [qotolchd:?]	[dshedy:?] | [qotshedy:?] | [dar:?] | [oltedy:?] | [qotar:?] | [chodar:?] | attributiv trockene CTH-Drogenzubereitung | [chdy:?] | kalte Drogenportion | [otchdy:?] | [qotolchd:?]	OPAQUE_OTHER_TOKENS|OR_COMPONENT_EXACT_ONLY	OPAQUE_CONTEXT	too few independently concrete neighbouring positions to test the complete noun phrase
G640-A02-011	2	qotor	f15r	f15r.12	H	A	1	1	FIRST	<BOS>	shor	qotor shor tcheor chy cthaiin shan	qotor shor tcheor chy cthaiin shan	qotor shor tcheor chy cthaiin shan	1	1	UNKNOWN_SURFACE	[qotor:?]	kalte Drogenportion	4	5	0.800000	[qotor:?] | Blüten-/Fruchtstand; reproduktiver Teil | [tcheor:?] | trocken, Grundform | Blatt-/Krautgut, Menge/Klasse III | feucht, Grad I	kalte Drogenportion | Blüten-/Fruchtstand; reproduktiver Teil | [tcheor:?] | trocken, Grundform | Blatt-/Krautgut, Menge/Klasse III | feucht, Grad I	OR_COMPONENT_EXACT_ONLY	CONSISTENT_CONCRETE	all visible candidate fields remain present and no opposite bound component is introduced
G640-A02-012	2	qotor	f18v	f18v.6	H	A	1	1	FIRST	<BOS>	chor	qotor chor otchy qokeees chy s ar ykar	qotor chor otchy qokeees chy s ar ykar	qotor chor otchy qokeees chy s ar ykar	1	1	UNKNOWN_SURFACE	[qotor:?]	kalte Drogenportion	2	7	0.285714	[qotor:?] | Pflanzen-/Reproduktionsteil | [otchy:?] | [qokeees:?] | trocken, Grundform | [s:?] | [ar:?] | [ykar:?]	kalte Drogenportion | Pflanzen-/Reproduktionsteil | [otchy:?] | [qokeees:?] | trocken, Grundform | [s:?] | [ar:?] | [ykar:?]	OR_COMPONENT_EXACT_ONLY	CONSISTENT_CONCRETE	all visible candidate fields remain present and no opposite bound component is introduced
G640-A02-013	2	qotor	f36v	f36v.2	H	A	1	1	FIRST	<BOS>	chol	qotor chol daiin otaiin qotor ytar ochor chety ckhor dom	qotar chol daiin otaiin qotor ytar ochor chety ckhor dom	qotar chol daiin otaiin qotor ytar ochor chety cthor dom	1	1	UNKNOWN_SURFACE	[qotor:?]	kalte Drogenportion	4	8	0.500000	[qotor:?] | trocken; nominal trockenes Gut/Material | Qualitätsgrad III | kalt im Zubereitungsrahmen, Grad III | [qotor:?] | [ytar:?] | [ochor:?] | trocken-kalte gebundene Form | [ckhor:?] | [dom:?]	kalte Drogenportion | trocken; nominal trockenes Gut/Material | Qualitätsgrad III | kalt im Zubereitungsrahmen, Grad III | kalte Drogenportion | [ytar:?] | [ochor:?] | trocken-kalte gebundene Form | [ckhor:?] | [dom:?]	OR_COMPONENT_EXACT_ONLY	CONSISTENT_CONCRETE	all visible candidate fields remain present and no opposite bound component is introduced
G640-A02-014	2	qotor	f36v	f36v.2	H	A	1	5	MIDDLE	otaiin	ytar	qotor chol daiin otaiin qotor ytar ochor chety ckhor dom	qotar chol daiin otaiin qotor ytar ochor chety ckhor dom	qotar chol daiin otaiin qotor ytar ochor chety cthor dom	0	0	UNKNOWN_SURFACE	[qotor:?]	kalte Drogenportion	4	8	0.500000	[qotor:?] | trocken; nominal trockenes Gut/Material | Qualitätsgrad III | kalt im Zubereitungsrahmen, Grad III | [qotor:?] | [ytar:?] | [ochor:?] | trocken-kalte gebundene Form | [ckhor:?] | [dom:?]	kalte Drogenportion | trocken; nominal trockenes Gut/Material | Qualitätsgrad III | kalt im Zubereitungsrahmen, Grad III | kalte Drogenportion | [ytar:?] | [ochor:?] | trocken-kalte gebundene Form | [ckhor:?] | [dom:?]	READER_SPLIT_OR_FUSION|OR_COMPONENT_EXACT_ONLY	READER_BOUNDARY_WARNING	target surface is split, fused or changed in at least one alternate reading
G640-A02-015	2	qotor	f37r	f37r.1	H	A	1	3	MIDDLE	shaiin	ofchor	tocphol shaiin qotor ofchor oty chory daiin otod or	tocphol shaiin qotor ofchor oty chory daiin otod or	tocphol shaiin qotor ofchor oty chory daiin otod r	1	1	UNKNOWN_SURFACE	[qotor:?]	kalte Drogenportion	4	8	0.500000	[tocphol:?] | feucht, Grad III | [qotor:?] | [ofchor:?] | kalter Ansatz, Grundform | [chory:?] | Grad-/Maßwert III | [otod:?] | Teil-/Nominalträger; genaue Basisbedeutung offen	[tocphol:?] | feucht, Grad III | kalte Drogenportion | [ofchor:?] | kalter Ansatz, Grundform | [chory:?] | Grad-/Maßwert III | [otod:?] | Teil-/Nominalträger; genaue Basisbedeutung offen	OR_COMPONENT_EXACT_ONLY	CONSISTENT_CONCRETE	all visible candidate fields remain present and no opposite bound component is introduced
G640-A02-016	2	qotor	f37v	f37v.16	H	A	1	1	FIRST	<BOS>	daiin	qotor daiin chotaiin	qotor daiin chotaiin	qotor daiin chotaiin	1	1	UNKNOWN_SURFACE	[qotor:?]	kalte Drogenportion	2	2	1.000000	[qotor:?] | Menge/Portion III | trockene Zubereitung: kalt, Grad III	kalte Drogenportion | Menge/Portion III | trockene Zubereitung: kalt, Grad III	OR_COMPONENT_EXACT_ONLY	CONSISTENT_CONCRETE	all visible candidate fields remain present and no opposite bound component is introduced
G640-A02-017	2	qotor	f37v	f37v.8	H	A	1	1	FIRST	<BOS>	choiin	qotor choiin chetchy daiin	qotor choiin chetchy daiin	qotor choiin chetchy daiin	1	1	UNKNOWN_SURFACE	[qotor:?]	kalte Drogenportion	2	3	0.666667	[qotor:?] | trockene Zubereitungsform III | [chetchy:?] | Grad-/Maßwert III	kalte Drogenportion | trockene Zubereitungsform III | [chetchy:?] | Grad-/Maßwert III	OR_COMPONENT_EXACT_ONLY	CONSISTENT_CONCRETE	all visible candidate fields remain present and no opposite bound component is introduced
G640-A02-018	2	qotor	f42r	f42r.11	H	A	1	1	FIRST	<BOS>	cho	qotor cho chody daiin shol ctheey dar chy daiidy	qotor cho chody daiin chol ctheey dar chy daiidy	qotor cho chody daiin shol ctheey dar chy daiidy	1	1	UNKNOWN_SURFACE	[qotor:?]	kalte Drogenportion	4	8	0.500000	[qotor:?] | [cho:?] | [chody:?] | Grad-/Maßwert III | feucht; nominal feuchtes Gut/Material | CTH-Drogenmaterial, Form II | [dar:?] | trocken, Grundform | [daiidy:?]	kalte Drogenportion | [cho:?] | [chody:?] | Grad-/Maßwert III | feucht; nominal feuchtes Gut/Material | CTH-Drogenmaterial, Form II | [dar:?] | trocken, Grundform | [daiidy:?]	OR_COMPONENT_EXACT_ONLY	CONSISTENT_CONCRETE	all visible candidate fields remain present and no opposite bound component is introduced
G640-A02-019	2	qotor	f44v	f44v.2	H	A	1	8	MIDDLE	shol	ar	yolkol cheol qokchain daly otchol daiin shol qotor ar	yolkol cheol qokchain daly otchol daiin shol qotor ar	yolkol cheol qokchain daly otchol daiin shol qotor ar	1	1	UNKNOWN_SURFACE	[qotor:?]	kalte Drogenportion	3	8	0.375000	[yolkol:?] | [cheol:?] | [qokchain:?] | [daly:?] | kalt-trockener Zubereitungsstoff | Qualitätsgrad III | feucht; nominal feuchtes Gut/Material | [qotor:?] | [ar:?]	[yolkol:?] | [cheol:?] | [qokchain:?] | [daly:?] | kalt-trockener Zubereitungsstoff | Qualitätsgrad III | feucht; nominal feuchtes Gut/Material | kalte Drogenportion | [ar:?]	OR_COMPONENT_EXACT_ONLY	CONSISTENT_CONCRETE	all visible candidate fields remain present and no opposite bound component is introduced
G640-A02-020	2	qotor	f49r	f49r.2	H	A	1	1	FIRST	<BOS>	sho	qotor sho chotchy choshy qopchar qo dor daiin	qotor sho chotchy choshy qopchor qo dor daiin	qotor sho chotchy choshy qopchar qo dor daiin	1	1	UNKNOWN_SURFACE	[qotor:?]	kalte Drogenportion	2	7	0.285714	[qotor:?] | feuchter Ansatz | [chotchy:?] | [choshy:?] | [qopchar:?] | [qo:?] | [dor:?] | Menge/Portion III	kalte Drogenportion | feuchter Ansatz | [chotchy:?] | [choshy:?] | [qopchar:?] | [qo:?] | [dor:?] | Menge/Portion III	OR_COMPONENT_EXACT_ONLY	CONSISTENT_CONCRETE	all visible candidate fields remain present and no opposite bound component is introduced
G640-A02-021	2	qotor	f50r	f50r.6	H	B	2	6	MIDDLE	okal	cheeor	ykain shear ol kchedy okal qotor cheeor olkeedy daiin qoky	ykain ssear olkchedy okal qotor cheeor olkady daiin qoky	ykain sheor olkche y okal qotor cheeor olkeedy daiin qoky	1	1	UNKNOWN_SURFACE	[qotor:?]	kalte Drogenportion	3	9	0.333333	[ykain:?] | [shear:?] | Eigenschafts-/Zustands-/Materialträger; als nacktes Wort Gut/Ansatz | [kchedy:?] | [okal:?] | [qotor:?] | [cheeor:?] | [olkeedy:?] | Grad-/Maßwert III | heiße Grundform	[ykain:?] | [shear:?] | Eigenschafts-/Zustands-/Materialträger; als nacktes Wort Gut/Ansatz | [kchedy:?] | [okal:?] | kalte Drogenportion | [cheeor:?] | [olkeedy:?] | Grad-/Maßwert III | heiße Grundform	OR_COMPONENT_EXACT_ONLY	CONSISTENT_CONCRETE	all visible candidate fields remain present and no opposite bound component is introduced
G640-A02-022	2	qotor	f5v	f5v.4	H	A	1	1	FIRST	<BOS>	shees	qotor shees otol ykoiin shol daiin cthor okch y taiin	qotor shees otol ykoiin shol daiin cthor okchy taiin	qotor shees otol ykoiin ol daiin cthor okchytaiin	1	1	UNKNOWN_SURFACE	[qotor:?]	kalte Drogenportion	4	9	0.444444	[qotor:?] | [shees:?] | [otol:?] | [ykoiin:?] | feucht; nominal feuchtes Gut/Material | Qualitätsgrad III | Drogenteil/-portion; im Herbal Portion Blatt-/Krautdroge | [okch:?] | [y:?] | kalt, Grad III	kalte Drogenportion | [shees:?] | [otol:?] | [ykoiin:?] | feucht; nominal feuchtes Gut/Material | Qualitätsgrad III | Drogenteil/-portion; im Herbal Portion Blatt-/Krautdroge | [okch:?] | [y:?] | kalt, Grad III	OR_COMPONENT_EXACT_ONLY	CONSISTENT_CONCRETE	all visible candidate fields remain present and no opposite bound component is introduced
G640-A02-023	2	qotor	f80r	f80r.37	B	B	2	11	MIDDLE	shey	alom	sol olkeeey otar orchey qokeey ltalor olor qokaiin ol shey qotor alom	sol olkeeey otar orchey qokeey ltalor olor qokaiin ol shey qotor alom	sol olkeeey otar orchey qokeey ltalor olor qokaiin ol she qot r al m	0	0	UNKNOWN_SURFACE	[qotor:?]	kalte Drogenportion	5	11	0.454545	Samenmaterial/Saatgut | [olkeeey:?] | [otar:?] | [orchey:?] | [qokeey:?] | [ltalor:?] | Zutat | heiß, Grad III | Eigenschafts-/Zustands-/Materialträger; als nacktes Wort Gut/Ansatz | feucht, attributiv gebunden | [qotor:?] | [alom:?]	Samenmaterial/Saatgut | [olkeeey:?] | [otar:?] | [orchey:?] | [qokeey:?] | [ltalor:?] | Zutat | heiß, Grad III | Eigenschafts-/Zustands-/Materialträger; als nacktes Wort Gut/Ansatz | feucht, attributiv gebunden | kalte Drogenportion | [alom:?]	READER_SPLIT_OR_FUSION|ACTIVE_RIVAL_CONTEXT|OR_COMPONENT_EXACT_ONLY	READER_BOUNDARY_WARNING	target surface is split, fused or changed in at least one alternate reading
G640-A02-024	2	qotor	f85r2	f85r2.3	C	B	2	1	FIRST	<BOS>	sheedy	qotor sheedy shodaiin olfar ary	qotor sheedy shodaiin olfar ary	qotor sheedy shodaiin olfar ary	1	1	UNKNOWN_SURFACE	[qotor:?]	kalte Drogenportion	0	4	0.000000	[qotor:?] | [sheedy:?] | [shodaiin:?] | [olfar:?] | [ary:?]	kalte Drogenportion | [sheedy:?] | [shodaiin:?] | [olfar:?] | [ary:?]	OPAQUE_OTHER_TOKENS|OR_COMPONENT_EXACT_ONLY	OPAQUE_CONTEXT	too few independently concrete neighbouring positions to test the complete noun phrase
G640-A02-025	2	qotor	f8r	f8r.4	H	A	1	1	FIRST	<BOS>	chor	qotor chor chor sheey dchol shesed chof chy dam	qotor chor chor sheey dchol shesed chofchy dam	qotor chor chor sheey dchol shesed chof chy dam	1	1	UNKNOWN_SURFACE	[qotor:?]	kalte Drogenportion	5	8	0.625000	[qotor:?] | Pflanzen-/Reproduktionsteil | Pflanzen-/Reproduktionsteil | feucht, Bindungsstufe II | Maß trockenen Materials | [shesed:?] | [chof:?] | trocken, Grundform | [dam:?]	kalte Drogenportion | Pflanzen-/Reproduktionsteil | Pflanzen-/Reproduktionsteil | feucht, Bindungsstufe II | Maß trockenen Materials | [shesed:?] | [chof:?] | trocken, Grundform | [dam:?]	OR_COMPONENT_EXACT_ONLY	CONSISTENT_CONCRETE	all visible candidate fields remain present and no opposite bound component is introduced
G640-A02-026	2	qotor	f9v	f9v.5	H	A	1	3	MIDDLE	ypcheey	ypchy	pchor ypcheey qotor ypchy olcfholy to ar chty daiiin	pchor ypcheey qotor ypchy olcfholy te ar chty daiiin	pchor ypcheey qotor ypchy olcfholy to ar chty daiiin	1	1	UNKNOWN_SURFACE	[qotor:?]	kalte Drogenportion	1	8	0.125000	[pchor:?] | [ypcheey:?] | [qotor:?] | [ypchy:?] | [olcfholy:?] | [to:?] | [ar:?] | [chty:?] | Grad-/Maßwert IV	[pchor:?] | [ypcheey:?] | kalte Drogenportion | [ypchy:?] | [olcfholy:?] | [to:?] | [ar:?] | [chty:?] | Grad-/Maßwert IV	OPAQUE_OTHER_TOKENS|OR_COMPONENT_EXACT_ONLY	OPAQUE_CONTEXT	too few independently concrete neighbouring positions to test the complete noun phrase
G640-A03-001	3	okal	f103r	f103r.1	S	B	3	11	MIDDLE	dain	daldy	pchedal shdy ytechypchy otey lshey qoteey qotal shedy yshdal dain okal daldy	pchedal shdy yteechypchy otey ylshey qoteey qotal shedy yshdal dain okol dal dy	pchedal dy ytechypchy otey alshey qoteey qotal shedy yshdal ain okal dal y	0	0	UNKNOWN_SURFACE	[okal:?]	Ansatz aus heißem Rohstoff, Form I	3	11	0.272727	[pchedal:?] | [shdy:?] | [ytechypchy:?] | [otey:?] | eingeweichtes Drogenholz, Form I | kalt, Bindungsstufe II | [qotal:?] | [shedy:?] | [yshdal:?] | Grad-/Maßwert II | [okal:?] | [daldy:?]	[pchedal:?] | [shdy:?] | [ytechypchy:?] | [otey:?] | eingeweichtes Drogenholz, Form I | kalt, Bindungsstufe II | [qotal:?] | [shedy:?] | [yshdal:?] | Grad-/Maßwert II | Ansatz aus heißem Rohstoff, Form I | [daldy:?]	READER_SPLIT_OR_FUSION|AL_COMPONENT_EXACT_ONLY	READER_BOUNDARY_WARNING	target surface is split, fused or changed in at least one alternate reading
G640-A03-002	3	okal	f104r	f104r.15	S	B	3	6	MIDDLE	otolkeechdy	kaiin	sor chodaiin chody okar otolkeechdy okal kaiin cheodaiin	sor chodaiin chody okar otol keechdy okal kaiin cheodaiin	s r cho aiin chody okar otolkeechdy okal kaiin cheo aiin	1	1	UNKNOWN_SURFACE	[okal:?]	Ansatz aus heißem Rohstoff, Form I	2	7	0.285714	Samenportion | [chodaiin:?] | [chody:?] | [okar:?] | [otolkeechdy:?] | [okal:?] | heiß, Grad III | [cheodaiin:?]	Samenportion | [chodaiin:?] | [chody:?] | [okar:?] | [otolkeechdy:?] | Ansatz aus heißem Rohstoff, Form I | heiß, Grad III | [cheodaiin:?]	AL_COMPONENT_EXACT_ONLY	CONSISTENT_CONCRETE	all visible candidate fields remain present and no opposite bound component is introduced
G640-A03-003	3	okal	f104r	f104r.3	S	B	3	12	MIDDLE	aky	daram	daiir o cthedy otech ykar otedy otody qoteeor yteeody oteedy aky okal daram	daiir octhedy otech ykar otedy otody qoteeos yteeody oteedy oky okal daram	daiir o cthe y oteee ykar otedy otody qoteeos yteeody oteedy oky okal daram	1	1	UNKNOWN_SURFACE	[okal:?]	Ansatz aus heißem Rohstoff, Form I	1	12	0.083333	[daiir:?] | [o:?] | [cthedy:?] | [otech:?] | [ykar:?] | gekühlter Ansatz | [otody:?] | [qoteeor:?] | [yteeody:?] | [oteedy:?] | [aky:?] | [okal:?] | [daram:?]	[daiir:?] | [o:?] | [cthedy:?] | [otech:?] | [ykar:?] | gekühlter Ansatz | [otody:?] | [qoteeor:?] | [yteeody:?] | [oteedy:?] | [aky:?] | Ansatz aus heißem Rohstoff, Form I | [daram:?]	OPAQUE_OTHER_TOKENS|AL_COMPONENT_EXACT_ONLY	OPAQUE_CONTEXT	too few independently concrete neighbouring positions to test the complete noun phrase
G640-A03-004	3	okal	f104r	f104r.37	S	B	3	9	MIDDLE	qokaiin	qotir	okaiin cheodal qoaiin okar oraiin okar oteody qokaiin okal qotir	okaiin cheodal qoaiin okar oraiin okar oteody qokaiin okal qotir	okaiin cheodal qoaiin okar oraiin okar oteod qokaiin okal qotir	1	1	UNKNOWN_SURFACE	[okal:?]	Ansatz aus heißem Rohstoff, Form I	3	9	0.333333	heiß, Grad III, im Ansatzrahmen | [cheodal:?] | [qoaiin:?] | [okar:?] | Portion III | [okar:?] | [oteody:?] | heiß, Grad III | [okal:?] | [qotir:?]	heiß, Grad III, im Ansatzrahmen | [cheodal:?] | [qoaiin:?] | [okar:?] | Portion III | [okar:?] | [oteody:?] | heiß, Grad III | Ansatz aus heißem Rohstoff, Form I | [qotir:?]	AL_COMPONENT_EXACT_ONLY	CONSISTENT_CONCRETE	all visible candidate fields remain present and no opposite bound component is introduced
G640-A03-005	3	okal	f105r	f105r.31	S	B	3	7	MIDDLE	cpheesy	lkedy	kodeey lchl shx ar aiijy cpheesy okal lkedy lkar chedy qokaiin or fchoky	kodeey lchl shx ar aiidy cpheesy okal lkedy lkor chedy qokaiin or fchoky	todeey lchl shx ar aiijy cpheesy okal lkedy lk r che y qokaiin or fcho y	1	1	UNKNOWN_SURFACE	[okal:?]	Ansatz aus heißem Rohstoff, Form I	3	12	0.250000	[kodeey:?] | [lchl:?] | [shx:?] | [ar:?] | [aiijy:?] | [cpheesy:?] | [okal:?] | [lkedy:?] | [lkar:?] | getrockneter Zustand | heiß, Grad III | Teil-/Nominalträger; genaue Basisbedeutung offen | [fchoky:?]	[kodeey:?] | [lchl:?] | [shx:?] | [ar:?] | [aiijy:?] | [cpheesy:?] | Ansatz aus heißem Rohstoff, Form I | [lkedy:?] | [lkar:?] | getrockneter Zustand | heiß, Grad III | Teil-/Nominalträger; genaue Basisbedeutung offen | [fchoky:?]	ACTIVE_RIVAL_CONTEXT|AL_COMPONENT_EXACT_ONLY	CONSISTENT_CONCRETE	all visible candidate fields remain present and no opposite bound component is introduced
G640-A03-006	3	okal	f105r	f105r.33	S	B	3	6	MIDDLE	ot	or	okeeodair oteey lkeey teeolteedy ot okal or aiiin qokaiin ar airod	okeeodair oteey lkeey teeolteedy otokal oraiiin qokaiin ar airod	okeeodair oteey lkeey teeolteedy ot okal or aiiin qokaiin ar airod	0	0	UNKNOWN_SURFACE	[okal:?]	Ansatz aus heißem Rohstoff, Form I	3	10	0.300000	[okeeodair:?] | [oteey:?] | [lkeey:?] | [teeolteedy:?] | [ot:?] | [okal:?] | Teil-/Nominalträger; genaue Basisbedeutung offen | Menge-/Klassenwert IV | heiß, Grad III | [ar:?] | [airod:?]	[okeeodair:?] | [oteey:?] | [lkeey:?] | [teeolteedy:?] | [ot:?] | Ansatz aus heißem Rohstoff, Form I | Teil-/Nominalträger; genaue Basisbedeutung offen | Menge-/Klassenwert IV | heiß, Grad III | [ar:?] | [airod:?]	READER_SPLIT_OR_FUSION|AL_COMPONENT_EXACT_ONLY	READER_BOUNDARY_WARNING	target surface is split, fused or changed in at least one alternate reading
G640-A03-007	3	okal	f105v	f105v.16	S	B	3	9	MIDDLE	aiin	chodaiin	daiin cheey dal chl okair aiin cpheor aiin okal chodaiin otaiin opaiim	daiin cheey dal chl okair aiin cpheor aiin okal chodaiin otaiin opaiim	daiin cheey dal chl okair aiin cpheor aiin okal chodaiin otaiin opaiim	1	1	UNKNOWN_SURFACE	[okal:?]	Ansatz aus heißem Rohstoff, Form I	4	11	0.363636	Grad-/Maßwert III | [cheey:?] | [dal:?] | [chl:?] | [okair:?] | Menge III | [cpheor:?] | Menge III | [okal:?] | [chodaiin:?] | kalt im Zubereitungsrahmen, Grad III | [opaiim:?]	Grad-/Maßwert III | [cheey:?] | [dal:?] | [chl:?] | [okair:?] | Menge III | [cpheor:?] | Menge III | Ansatz aus heißem Rohstoff, Form I | [chodaiin:?] | kalt im Zubereitungsrahmen, Grad III | [opaiim:?]	AL_COMPONENT_EXACT_ONLY	CONSISTENT_CONCRETE	all visible candidate fields remain present and no opposite bound component is introduced
G640-A03-008	3	okal	f106r	f106r.29	S	B	3	4	MIDDLE	chlal	ykalaiin	saiin chal chlal okal ykalaiin okain qokain ar okaiin char aiiny		saiin chal chlal okal ykalaiin okain qokain ar okaiin chor aiiny	0	0	UNKNOWN_SURFACE	[okal:?]	Ansatz aus heißem Rohstoff, Form I	4	10	0.400000	Samen/Saatgut, Typ/Charge III | [chal:?] | [chlal:?] | [okal:?] | [ykalaiin:?] | heiß im Zubereitungsrahmen, Grad II | heiß, Grad II | [ar:?] | heiß, Grad III, im Ansatzrahmen | [char:?] | [aiiny:?]	Samen/Saatgut, Typ/Charge III | [chal:?] | [chlal:?] | Ansatz aus heißem Rohstoff, Form I | [ykalaiin:?] | heiß im Zubereitungsrahmen, Grad II | heiß, Grad II | [ar:?] | heiß, Grad III, im Ansatzrahmen | [char:?] | [aiiny:?]	READER_SPLIT_OR_FUSION|AL_COMPONENT_EXACT_ONLY	READER_BOUNDARY_WARNING	target surface is split, fused or changed in at least one alternate reading
G640-A03-009	3	okal	f106r	f106r.45	S	B	3	11	LAST	keedy	<EOS>	y sheedal okain okain otar kaiin chdalkair olkai al keedy okal	ysheedal okain okain otar kaiin chdalkair olkair alkeedy okal	ysheedal okain akain otar kaiin ch alkair olkair alkeedy okal	1	1	UNKNOWN_SURFACE	[okal:?]	Ansatz aus heißem Rohstoff, Form I	3	10	0.300000	[y:?] | [sheedal:?] | heiß im Zubereitungsrahmen, Grad II | heiß im Zubereitungsrahmen, Grad II | [otar:?] | heiß, Grad III | [chdalkair:?] | [olkai:?] | [al:?] | [keedy:?] | [okal:?]	[y:?] | [sheedal:?] | heiß im Zubereitungsrahmen, Grad II | heiß im Zubereitungsrahmen, Grad II | [otar:?] | heiß, Grad III | [chdalkair:?] | [olkai:?] | [al:?] | [keedy:?] | Ansatz aus heißem Rohstoff, Form I	AL_COMPONENT_EXACT_ONLY	CONSISTENT_CONCRETE	all visible candidate fields remain present and no opposite bound component is introduced
G640-A03-010	3	okal	f106v	f106v.21	S	B	3	6	MIDDLE	osaiin	sheedy	ycheo lkaiin cheo lchdaiin osaiin okal sheedy qokchedy	ycheo lkaiin cheolchdaiin osaiin okal sheedy qokchedy	ycheolkaiin cheo lchdaiin osaiin okal eedy qokchedy	1	1	UNKNOWN_SURFACE	[okal:?]	Ansatz aus heißem Rohstoff, Form I	1	7	0.142857	[ycheo:?] | [lkaiin:?] | trocken angesetzte Zubereitung | [lchdaiin:?] | [osaiin:?] | [okal:?] | [sheedy:?] | [qokchedy:?]	[ycheo:?] | [lkaiin:?] | trocken angesetzte Zubereitung | [lchdaiin:?] | [osaiin:?] | Ansatz aus heißem Rohstoff, Form I | [sheedy:?] | [qokchedy:?]	OPAQUE_OTHER_TOKENS|AL_COMPONENT_EXACT_ONLY	OPAQUE_CONTEXT	too few independently concrete neighbouring positions to test the complete noun phrase
G640-A03-011	3	okal	f106v	f106v.23	S	B	3	5	MIDDLE	chor	chdy	ol kalol shar chor okal chdy chol chedy qotaiin or aiin okeedy qokain	olkalol shor chor okal chdy chol chedy qotaiin oraiin okeedy qokain	ol kalol shar chor okal chdy chol che y qotaiin or aiin okeedy qokain	1	1	UNKNOWN_SURFACE	[okal:?]	Ansatz aus heißem Rohstoff, Form I	8	12	0.666667	Eigenschafts-/Zustands-/Materialträger; als nacktes Wort Gut/Ansatz | [kalol:?] | [shar:?] | Pflanzen-/Reproduktionsteil | [okal:?] | [chdy:?] | trocken; nominal trockenes Gut/Material | getrockneter Zustand | kalt, Grad III | Teil-/Nominalträger; genaue Basisbedeutung offen | Menge III | [okeedy:?] | heiß, Grad II	Eigenschafts-/Zustands-/Materialträger; als nacktes Wort Gut/Ansatz | [kalol:?] | [shar:?] | Pflanzen-/Reproduktionsteil | Ansatz aus heißem Rohstoff, Form I | [chdy:?] | trocken; nominal trockenes Gut/Material | getrockneter Zustand | kalt, Grad III | Teil-/Nominalträger; genaue Basisbedeutung offen | Menge III | [okeedy:?] | heiß, Grad II	AL_COMPONENT_EXACT_ONLY	CONSISTENT_CONCRETE	all visible candidate fields remain present and no opposite bound component is introduced
G640-A03-012	3	okal	f106v	f106v.26	S	B	3	4	MIDDLE	kshdain	chdy	tar air kshdain okal chdy lchedy kshar chopchy otches aral opchdy	tar air kshdain okal chdy lchedy kshar chopchy otches ar al opchdy	tar air ksh ain okal chdy l che y shar chopchy otches ar al opchdy	1	1	UNKNOWN_SURFACE	[okal:?]	Ansatz aus heißem Rohstoff, Form I	1	10	0.100000	[tar:?] | [air:?] | [kshdain:?] | [okal:?] | [chdy:?] | getrocknetes Drogenholz | [kshar:?] | [chopchy:?] | [otches:?] | [aral:?] | [opchdy:?]	[tar:?] | [air:?] | [kshdain:?] | Ansatz aus heißem Rohstoff, Form I | [chdy:?] | getrocknetes Drogenholz | [kshar:?] | [chopchy:?] | [otches:?] | [aral:?] | [opchdy:?]	OPAQUE_OTHER_TOKENS|AL_COMPONENT_EXACT_ONLY	OPAQUE_CONTEXT	too few independently concrete neighbouring positions to test the complete noun phrase
G640-A03-013	3	okal	f106v	f106v.44	S	B	3	3	MIDDLE	chey	chey	cthey chey okal chey keeyrain okeeo otaiin chedar oteedy otol oty	cthey chey okal chey keey rain okeeo otaiin chedar oteedy otol oty	cthey chey okal chey keeyrain okeeo otaiin che ar oteedy otol oty	1	1	UNKNOWN_SURFACE	[okal:?]	Ansatz aus heißem Rohstoff, Form I	3	10	0.300000	CTH-Drogenmaterial, Form I; im Herbal Blatt-/Krautdroge, Form I | [chey:?] | [okal:?] | [chey:?] | [keeyrain:?] | [okeeo:?] | kalt im Zubereitungsrahmen, Grad III | [chedar:?] | [oteedy:?] | [otol:?] | kalter Ansatz, Grundform	CTH-Drogenmaterial, Form I; im Herbal Blatt-/Krautdroge, Form I | [chey:?] | Ansatz aus heißem Rohstoff, Form I | [chey:?] | [keeyrain:?] | [okeeo:?] | kalt im Zubereitungsrahmen, Grad III | [chedar:?] | [oteedy:?] | [otol:?] | kalter Ansatz, Grundform	AL_COMPONENT_EXACT_ONLY	CONSISTENT_CONCRETE	all visible candidate fields remain present and no opposite bound component is introduced
G640-A03-014	3	okal	f107r	f107r.26	S	B	3	8	MIDDLE	otair	cheody	ol cheor shey cheey olcheol kaiin otair okal cheody	olcheor shey cheey olcheol kaiin otair okal cheody	olcheor shey cheey olcheol kaiin otair okal cheody	1	1	UNKNOWN_SURFACE	[okal:?]	Ansatz aus heißem Rohstoff, Form I	4	8	0.500000	Eigenschafts-/Zustands-/Materialträger; als nacktes Wort Gut/Ansatz | [cheor:?] | feucht, attributiv gebunden | [cheey:?] | [olcheol:?] | heiß, Grad III | [otair:?] | [okal:?] | getrockneter Ansatz	Eigenschafts-/Zustands-/Materialträger; als nacktes Wort Gut/Ansatz | [cheor:?] | feucht, attributiv gebunden | [cheey:?] | [olcheol:?] | heiß, Grad III | [otair:?] | Ansatz aus heißem Rohstoff, Form I | getrockneter Ansatz	AL_COMPONENT_EXACT_ONLY	CONSISTENT_CONCRETE	all visible candidate fields remain present and no opposite bound component is introduced
G640-A03-015	3	okal	f107r	f107r.32	S	B	3	4	MIDDLE	qokaiin	qockhedy	salxar shy qokaiin okal qockhedy okr aiin otar qocthy rolky	salxar shy qokaiin okal qockhedy okraiin otar qocthy ralky	salxarshy qokaiin okal qockhedy okr aiin otar qocthy rolky	1	1	UNKNOWN_SURFACE	[okal:?]	Ansatz aus heißem Rohstoff, Form I	3	9	0.333333	[salxar:?] | feucht, Grundform | heiß, Grad III | [okal:?] | [qockhedy:?] | [okr:?] | Menge III | [otar:?] | [qocthy:?] | [rolky:?]	[salxar:?] | feucht, Grundform | heiß, Grad III | Ansatz aus heißem Rohstoff, Form I | [qockhedy:?] | [okr:?] | Menge III | [otar:?] | [qocthy:?] | [rolky:?]	AL_COMPONENT_EXACT_ONLY	CONSISTENT_CONCRETE	all visible candidate fields remain present and no opposite bound component is introduced
G640-A03-016	3	okal	f107r	f107r.33	S	B	3	11	LAST	lkar	<EOS>	yaiin chekain cheo kaiin chey qol kaiiin chky lcheel lkar okal	yaiin chekain cheo kaiin chey qol kaiiin chky lcheel lkar okal	yaiin chekain cheo kaiin chey qol kaiiin chky lcheel lkar okal	1	1	UNKNOWN_SURFACE	[okal:?]	Ansatz aus heißem Rohstoff, Form I	3	10	0.300000	[yaiin:?] | [chekain:?] | trocken angesetzte Zubereitung | heiß, Grad III | [chey:?] | [qol:?] | heiß, Grad IV | [chky:?] | [lcheel:?] | [lkar:?] | [okal:?]	[yaiin:?] | [chekain:?] | trocken angesetzte Zubereitung | heiß, Grad III | [chey:?] | [qol:?] | heiß, Grad IV | [chky:?] | [lcheel:?] | [lkar:?] | Ansatz aus heißem Rohstoff, Form I	AL_COMPONENT_EXACT_ONLY	CONSISTENT_CONCRETE	all visible candidate fields remain present and no opposite bound component is introduced
G640-A03-017	3	okal	f107r	f107r.40	S	B	3	9	MIDDLE	otair	okal	lolkaiin chey qokaiin chal aiin okaiin olkar otair okal okal	lolkaiin chey qokaiin chal aiin okaiin olkar otair okal okal	lolkaiin chey qokaiin chal aiin otaiin olkar otair kal okal	1	1	UNKNOWN_SURFACE	[okal:?]	Ansatz aus heißem Rohstoff, Form I	3	8	0.375000	[lolkaiin:?] | [chey:?] | heiß, Grad III | [chal:?] | Menge III | heiß, Grad III, im Ansatzrahmen | [olkar:?] | [otair:?] | [okal:?] | [okal:?]	[lolkaiin:?] | [chey:?] | heiß, Grad III | [chal:?] | Menge III | heiß, Grad III, im Ansatzrahmen | [olkar:?] | [otair:?] | Ansatz aus heißem Rohstoff, Form I | Ansatz aus heißem Rohstoff, Form I	AL_COMPONENT_EXACT_ONLY	CONSISTENT_CONCRETE	all visible candidate fields remain present and no opposite bound component is introduced
G640-A03-018	3	okal	f107r	f107r.40	S	B	3	10	LAST	okal	<EOS>	lolkaiin chey qokaiin chal aiin okaiin olkar otair okal okal	lolkaiin chey qokaiin chal aiin okaiin olkar otair okal okal	lolkaiin chey qokaiin chal aiin otaiin olkar otair kal okal	0	0	UNKNOWN_SURFACE	[okal:?]	Ansatz aus heißem Rohstoff, Form I	3	8	0.375000	[lolkaiin:?] | [chey:?] | heiß, Grad III | [chal:?] | Menge III | heiß, Grad III, im Ansatzrahmen | [olkar:?] | [otair:?] | [okal:?] | [okal:?]	[lolkaiin:?] | [chey:?] | heiß, Grad III | [chal:?] | Menge III | heiß, Grad III, im Ansatzrahmen | [olkar:?] | [otair:?] | Ansatz aus heißem Rohstoff, Form I | Ansatz aus heißem Rohstoff, Form I	READER_SPLIT_OR_FUSION|AL_COMPONENT_EXACT_ONLY	READER_BOUNDARY_WARNING	target surface is split, fused or changed in at least one alternate reading
G640-A03-019	3	okal	f107v	f107v.11	S	B	3	2	MIDDLE	tshedy	shedy	tshedy okal shedy qokchey chky qokeey qotaiin otol qoteedy qopchcfhy	tshedy okal shedy qokchey chky qokeey qotaiin otol qoteedy qopchcfhy	tshed okal she y qokchey chky qokeey qotaiin otol qoteedy qopchcfhy	1	1	UNKNOWN_SURFACE	[okal:?]	Ansatz aus heißem Rohstoff, Form I	1	9	0.111111	[tshedy:?] | [okal:?] | [shedy:?] | [qokchey:?] | [chky:?] | [qokeey:?] | kalt, Grad III | [otol:?] | [qoteedy:?] | [qopchcfhy:?]	[tshedy:?] | Ansatz aus heißem Rohstoff, Form I | [shedy:?] | [qokchey:?] | [chky:?] | [qokeey:?] | kalt, Grad III | [otol:?] | [qoteedy:?] | [qopchcfhy:?]	OPAQUE_OTHER_TOKENS|AL_COMPONENT_EXACT_ONLY	OPAQUE_CONTEXT	too few independently concrete neighbouring positions to test the complete noun phrase
G640-A03-020	3	okal	f107v	f107v.16	S	B	3	2	MIDDLE	parair	opchol	parair okal opchol okal opaiin otedy qokeody tolkol lkar aiiraly	parair okal opchol okal opaiin otedy qokeody tolkal lkar aiiraly	parair okal opchol okal opaiin otedy qokeody t lk l lkar aiiraly	1	1	UNKNOWN_SURFACE	[okal:?]	Ansatz aus heißem Rohstoff, Form I	1	8	0.125000	[parair:?] | [okal:?] | [opchol:?] | [okal:?] | [opaiin:?] | gekühlter Ansatz | [qokeody:?] | [tolkol:?] | [lkar:?] | [aiiraly:?]	[parair:?] | Ansatz aus heißem Rohstoff, Form I | [opchol:?] | Ansatz aus heißem Rohstoff, Form I | [opaiin:?] | gekühlter Ansatz | [qokeody:?] | [tolkol:?] | [lkar:?] | [aiiraly:?]	OPAQUE_OTHER_TOKENS|AL_COMPONENT_EXACT_ONLY	OPAQUE_CONTEXT	too few independently concrete neighbouring positions to test the complete noun phrase
G640-A03-021	3	okal	f107v	f107v.16	S	B	3	4	MIDDLE	opchol	opaiin	parair okal opchol okal opaiin otedy qokeody tolkol lkar aiiraly	parair okal opchol okal opaiin otedy qokeody tolkal lkar aiiraly	parair okal opchol okal opaiin otedy qokeody t lk l lkar aiiraly	1	1	UNKNOWN_SURFACE	[okal:?]	Ansatz aus heißem Rohstoff, Form I	1	8	0.125000	[parair:?] | [okal:?] | [opchol:?] | [okal:?] | [opaiin:?] | gekühlter Ansatz | [qokeody:?] | [tolkol:?] | [lkar:?] | [aiiraly:?]	[parair:?] | Ansatz aus heißem Rohstoff, Form I | [opchol:?] | Ansatz aus heißem Rohstoff, Form I | [opaiin:?] | gekühlter Ansatz | [qokeody:?] | [tolkol:?] | [lkar:?] | [aiiraly:?]	OPAQUE_OTHER_TOKENS|AL_COMPONENT_EXACT_ONLY	OPAQUE_CONTEXT	too few independently concrete neighbouring positions to test the complete noun phrase
G640-A03-022	3	okal	f107v	f107v.17	S	B	3	6	MIDDLE	okaiin	qoklaiin	saiin or ykeear chckhy okaiin okal qoklaiin cheol qokar chey lkam	saiin or ykeear chckhy okaiin okal qoklaiin cheol qokar chey lkam	saiin or ykeear chckhy okaiin okal qoklaiin cheol qokar chey lkam	1	1	UNKNOWN_SURFACE	[okal:?]	Ansatz aus heißem Rohstoff, Form I	4	10	0.400000	Samen/Saatgut, Typ/Charge III | Teil-/Nominalträger; genaue Basisbedeutung offen | [ykeear:?] | [chckhy:?] | heiß, Grad III, im Ansatzrahmen | [okal:?] | [qoklaiin:?] | [cheol:?] | heiße Portion | [chey:?] | [lkam:?]	Samen/Saatgut, Typ/Charge III | Teil-/Nominalträger; genaue Basisbedeutung offen | [ykeear:?] | [chckhy:?] | heiß, Grad III, im Ansatzrahmen | Ansatz aus heißem Rohstoff, Form I | [qoklaiin:?] | [cheol:?] | heiße Portion | [chey:?] | [lkam:?]	ACTIVE_RIVAL_CONTEXT|AL_COMPONENT_EXACT_ONLY	CONSISTENT_CONCRETE	all visible candidate fields remain present and no opposite bound component is introduced
G640-A03-023	3	okal	f107v	f107v.21	S	B	3	10	MIDDLE	kaiin	otar	taiin ol kaiin chol kchedy qokol ain air kaiin okal otar otalal	taiin ol kaiin chol kchedy qokol ain air kaiin okal otar otal al	taiin ol kaiin chol kche y qokol ain air kaiin okal otar otalal	1	1	UNKNOWN_SURFACE	[okal:?]	Ansatz aus heißem Rohstoff, Form I	6	11	0.545455	kalt, Grad III | Eigenschafts-/Zustands-/Materialträger; als nacktes Wort Gut/Ansatz | heiß, Grad III | trocken; nominal trockenes Gut/Material | [kchedy:?] | [qokol:?] | Menge-/Klassenwert II | [air:?] | heiß, Grad III | [okal:?] | [otar:?] | [otalal:?]	kalt, Grad III | Eigenschafts-/Zustands-/Materialträger; als nacktes Wort Gut/Ansatz | heiß, Grad III | trocken; nominal trockenes Gut/Material | [kchedy:?] | [qokol:?] | Menge-/Klassenwert II | [air:?] | heiß, Grad III | Ansatz aus heißem Rohstoff, Form I | [otar:?] | [otalal:?]	ACTIVE_RIVAL_CONTEXT|AL_COMPONENT_EXACT_ONLY	CONSISTENT_CONCRETE	all visible candidate fields remain present and no opposite bound component is introduced
G640-A03-024	3	okal	f108r	f108r.12	S	B	3	9	MIDDLE	okaiin	kain	tshey okchey dain aloiin ocheey qokaiin chlam okaiin okal kain alam	tshey okchey dain aloiin ocheey qokaiin chlam okaiin okal kain alam	tshey okchey ain alaiin ochee qokaiin chlam okaiin okal kain alam	1	1	UNKNOWN_SURFACE	[okal:?]	Ansatz aus heißem Rohstoff, Form I	4	10	0.400000	[tshey:?] | [okchey:?] | Grad-/Maßwert II | [aloiin:?] | [ocheey:?] | heiß, Grad III | [chlam:?] | heiß, Grad III, im Ansatzrahmen | [okal:?] | heiß, Grad II | [alam:?]	[tshey:?] | [okchey:?] | Grad-/Maßwert II | [aloiin:?] | [ocheey:?] | heiß, Grad III | [chlam:?] | heiß, Grad III, im Ansatzrahmen | Ansatz aus heißem Rohstoff, Form I | heiß, Grad II | [alam:?]	AL_COMPONENT_EXACT_ONLY	CONSISTENT_CONCRETE	all visible candidate fields remain present and no opposite bound component is introduced
G640-A03-025	3	okal	f108r	f108r.24	S	B	3	8	MIDDLE	qotedy	chdar	folaiin y qokal lkedy qotedy qoked qotedy okal chdar al char aiin	folaiin shkhy qokal lkedy qotedy qoked qotedy okal chdar al char aiin	folaiin y qokal lkedy qote y qoked qotedy okal chdar al char aiin	1	1	UNKNOWN_SURFACE	[okal:?]	Ansatz aus heißem Rohstoff, Form I	2	11	0.181818	[folaiin:?] | [y:?] | heiße Substanz | [lkedy:?] | [qotedy:?] | [qoked:?] | [qotedy:?] | [okal:?] | [chdar:?] | [al:?] | [char:?] | Menge III	[folaiin:?] | [y:?] | heiße Substanz | [lkedy:?] | [qotedy:?] | [qoked:?] | [qotedy:?] | Ansatz aus heißem Rohstoff, Form I | [chdar:?] | [al:?] | [char:?] | Menge III	AL_COMPONENT_EXACT_ONLY	CONSISTENT_CONCRETE	all visible candidate fields remain present and no opposite bound component is introduced
G640-A03-026	3	okal	f108r	f108r.26	S	B	3	2	MIDDLE	dair	chedy	dair okal chedy qokeedy oteor al qokedy qokedy otaiin otedar chalkeedy	dair okal chedy qokeedy oteor al qokedy qokedy otaiin otedar chalkeedy	dair okal che y qo eedy oteor al qokedy qokedy otaiin otedar chalkeedy	1	1	UNKNOWN_SURFACE	[okal:?]	Ansatz aus heißem Rohstoff, Form I	3	10	0.300000	[dair:?] | [okal:?] | getrockneter Zustand | heißer Zustand, Bindungsstufe II | [oteor:?] | [al:?] | [qokedy:?] | [qokedy:?] | kalt im Zubereitungsrahmen, Grad III | [otedar:?] | [chalkeedy:?]	[dair:?] | Ansatz aus heißem Rohstoff, Form I | getrockneter Zustand | heißer Zustand, Bindungsstufe II | [oteor:?] | [al:?] | [qokedy:?] | [qokedy:?] | kalt im Zubereitungsrahmen, Grad III | [otedar:?] | [chalkeedy:?]	AL_COMPONENT_EXACT_ONLY	CONSISTENT_CONCRETE	all visible candidate fields remain present and no opposite bound component is introduced
G640-A03-027	3	okal	f108v	f108v.26	S	B	3	12	MIDDLE	aiin	ldyr	sair okeaiin cheol shedy qokeeey dlaiin ar or lkar char aiin okal ldyr ls	sair okeaiin cheol shedy qokeeey doaiin ar or lkar char aiin okal ldyr ls	sair okeaiin cheol she y qokeeey dlaiin ar or lkar char aiin okal ldar ls	1	1	UNKNOWN_SURFACE	[okal:?]	Ansatz aus heißem Rohstoff, Form I	3	13	0.230769	Samenfraktion II | [okeaiin:?] | [cheol:?] | [shedy:?] | [qokeeey:?] | [dlaiin:?] | [ar:?] | Teil-/Nominalträger; genaue Basisbedeutung offen | [lkar:?] | [char:?] | Menge III | [okal:?] | [ldyr:?] | [ls:?]	Samenfraktion II | [okeaiin:?] | [cheol:?] | [shedy:?] | [qokeeey:?] | [dlaiin:?] | [ar:?] | Teil-/Nominalträger; genaue Basisbedeutung offen | [lkar:?] | [char:?] | Menge III | Ansatz aus heißem Rohstoff, Form I | [ldyr:?] | [ls:?]	ACTIVE_RIVAL_CONTEXT|AL_COMPONENT_EXACT_ONLY	CONSISTENT_CONCRETE	all visible candidate fields remain present and no opposite bound component is introduced
G640-A03-028	3	okal	f108v	f108v.5	S	B	3	3	MIDDLE	okedain	otchedy	polaiin okedain okal otchedy qokeedy raraiin o keedy qokar qokal dam	polaiin okedain okal otchedy qokeedy raraiin okeedy qokar qokal dam	polaiin oke ain okal otchedy qokeedy raraiin o keedy qokar qokal am	1	1	UNKNOWN_SURFACE	[okal:?]	Ansatz aus heißem Rohstoff, Form I	3	10	0.300000	[polaiin:?] | [okedain:?] | [okal:?] | [otchedy:?] | heißer Zustand, Bindungsstufe II | [raraiin:?] | [o:?] | [keedy:?] | heiße Portion | heiße Substanz | [dam:?]	[polaiin:?] | [okedain:?] | Ansatz aus heißem Rohstoff, Form I | [otchedy:?] | heißer Zustand, Bindungsstufe II | [raraiin:?] | [o:?] | [keedy:?] | heiße Portion | heiße Substanz | [dam:?]	AL_COMPONENT_EXACT_ONLY	CONSISTENT_CONCRETE	all visible candidate fields remain present and no opposite bound component is introduced
G640-A03-029	3	okal	f111r	f111r.54	S	B	3	6	LAST	otain	<EOS>	tair chckhaiin dair qokal otain okal	tair chckhaiin dair qokal otain okal	tair chckhaiin dair qo al otain okal	1	1	UNKNOWN_SURFACE	[okal:?]	Ansatz aus heißem Rohstoff, Form I	2	5	0.400000	[tair:?] | [chckhaiin:?] | [dair:?] | heiße Substanz | kalt im Zubereitungsrahmen, Grad II | [okal:?]	[tair:?] | [chckhaiin:?] | [dair:?] | heiße Substanz | kalt im Zubereitungsrahmen, Grad II | Ansatz aus heißem Rohstoff, Form I	AL_COMPONENT_EXACT_ONLY	CONSISTENT_CONCRETE	all visible candidate fields remain present and no opposite bound component is introduced
G640-A03-030	3	okal	f111v	f111v.51	S	B	3	5	MIDDLE	okain	aiin	sain cheal chckhy okain okal aiin choty chckhy	sain cheal chckhy okain okalaiin choty chckhy	sain cheal chckhy okain okalaiin choty chckhy	0	0	UNKNOWN_SURFACE	[okal:?]	Ansatz aus heißem Rohstoff, Form I	2	7	0.285714	[sain:?] | [cheal:?] | [chckhy:?] | heiß im Zubereitungsrahmen, Grad II | [okal:?] | Menge III | [choty:?] | [chckhy:?]	[sain:?] | [cheal:?] | [chckhy:?] | heiß im Zubereitungsrahmen, Grad II | Ansatz aus heißem Rohstoff, Form I | Menge III | [choty:?] | [chckhy:?]	READER_SPLIT_OR_FUSION|AL_COMPONENT_EXACT_ONLY	READER_BOUNDARY_WARNING	target surface is split, fused or changed in at least one alternate reading
G640-A03-031	3	okal	f112r	f112r.18	S	B	3	7	MIDDLE	aiin	chody	saiin al key chey dalchd aiin okal chody chedy cham	saiin al key chey dalchd aiin okal chody chedy cham	saiin al key chey dalchd aiin okal chody chedy cham	1	1	UNKNOWN_SURFACE	[okal:?]	Ansatz aus heißem Rohstoff, Form I	3	9	0.333333	Samen/Saatgut, Typ/Charge III | [al:?] | [key:?] | [chey:?] | [dalchd:?] | Menge III | [okal:?] | [chody:?] | getrockneter Zustand | [cham:?]	Samen/Saatgut, Typ/Charge III | [al:?] | [key:?] | [chey:?] | [dalchd:?] | Menge III | Ansatz aus heißem Rohstoff, Form I | [chody:?] | getrockneter Zustand | [cham:?]	AL_COMPONENT_EXACT_ONLY	CONSISTENT_CONCRETE	all visible candidate fields remain present and no opposite bound component is introduced
G640-A03-032	3	okal	f112r	f112r.38	S	B	3	8	MIDDLE	qokey	okedy	sar ain olkeear okeody qokiin oteedy qokey okal okedy	sar ain olkeear okeody qokeeiin oteedy qokey okal okedy	sar ain olkeear okeody qokeiiin oteedy qokey kalokedy	0	0	UNKNOWN_SURFACE	[okal:?]	Ansatz aus heißem Rohstoff, Form I	2	8	0.250000	Samenfraktion I | Menge-/Klassenwert II | [olkeear:?] | [okeody:?] | [qokiin:?] | [oteedy:?] | [qokey:?] | [okal:?] | [okedy:?]	Samenfraktion I | Menge-/Klassenwert II | [olkeear:?] | [okeody:?] | [qokiin:?] | [oteedy:?] | [qokey:?] | Ansatz aus heißem Rohstoff, Form I | [okedy:?]	READER_SPLIT_OR_FUSION|AL_COMPONENT_EXACT_ONLY	READER_BOUNDARY_WARNING	target surface is split, fused or changed in at least one alternate reading
G640-A03-033	3	okal	f112r	f112r.40	S	B	3	2	MIDDLE	sain	lkeedy	sain okal lkeedy okar okchedy qokal keedy chkey oty oral	sain okal lkeedy okar okchedy qokal keedy chkey oto aral	sain okal lkeedy okar okchedy qokal keedy chkey oto aral	1	1	UNKNOWN_SURFACE	[okal:?]	Ansatz aus heißem Rohstoff, Form I	2	9	0.222222	[sain:?] | [okal:?] | [lkeedy:?] | [okar:?] | [okchedy:?] | heiße Substanz | [keedy:?] | [chkey:?] | kalter Ansatz, Grundform | [oral:?]	[sain:?] | Ansatz aus heißem Rohstoff, Form I | [lkeedy:?] | [okar:?] | [okchedy:?] | heiße Substanz | [keedy:?] | [chkey:?] | kalter Ansatz, Grundform | [oral:?]	AL_COMPONENT_EXACT_ONLY	CONSISTENT_CONCRETE	all visible candidate fields remain present and no opposite bound component is introduced
G640-A03-034	3	okal	f112v	f112v.44	S	B	3	6	MIDDLE	teol	otedar	qokchal qokey qaiin otol teol okal otedar epalchdy alpchdy	qokchal qokey qaiin otol teol okal otedar opalchdy alpchdy	qokchol qokey qaiin otol teol okal ote ar epalchdy alpchdy	1	1	UNKNOWN_SURFACE	[okal:?]	Ansatz aus heißem Rohstoff, Form I	0	8	0.000000	[qokchal:?] | [qokey:?] | [qaiin:?] | [otol:?] | [teol:?] | [okal:?] | [otedar:?] | [epalchdy:?] | [alpchdy:?]	[qokchal:?] | [qokey:?] | [qaiin:?] | [otol:?] | [teol:?] | Ansatz aus heißem Rohstoff, Form I | [otedar:?] | [epalchdy:?] | [alpchdy:?]	OPAQUE_OTHER_TOKENS|AL_COMPONENT_EXACT_ONLY	OPAQUE_CONTEXT	too few independently concrete neighbouring positions to test the complete noun phrase
G640-A03-035	3	okal	f112v	f112v.8	S	B	3	5	MIDDLE	otaiin	okar	ocheor okar aiiin otaiin okal okar otal kedy chekaiiin	ocheor okor aiiin otaiin okal okar otal kedy chekaiiin	ocheor okar aiiin otaiin okal okar otal kedy chekaiiin	1	1	UNKNOWN_SURFACE	[okal:?]	Ansatz aus heißem Rohstoff, Form I	2	8	0.250000	[ocheor:?] | [okar:?] | Menge-/Klassenwert IV | kalt im Zubereitungsrahmen, Grad III | [okal:?] | [okar:?] | [otal:?] | [kedy:?] | [chekaiiin:?]	[ocheor:?] | [okar:?] | Menge-/Klassenwert IV | kalt im Zubereitungsrahmen, Grad III | Ansatz aus heißem Rohstoff, Form I | [okar:?] | [otal:?] | [kedy:?] | [chekaiiin:?]	AL_COMPONENT_EXACT_ONLY	CONSISTENT_CONCRETE	all visible candidate fields remain present and no opposite bound component is introduced
G640-A03-036	3	okal	f113v	f113v.14	S	B	3	10	MIDDLE	qokaiin	o	dar al sheey qotaiin chor cthol okeshos olchedy qokaiin okal o kaiin olo	dar al sheey qotaiin chor cthol okeshos olchedy qokaiin okal okaiin olo	dar al sheey qotaiin chor cthol okeshos olche y qokaiin okal kaiin olo	1	1	UNKNOWN_SURFACE	[okal:?]	Ansatz aus heißem Rohstoff, Form I	5	12	0.416667	[dar:?] | [al:?] | feucht, Bindungsstufe II | kalt, Grad III | Pflanzen-/Reproduktionsteil | [cthol:?] | [okeshos:?] | [olchedy:?] | heiß, Grad III | [okal:?] | [o:?] | heiß, Grad III | [olo:?]	[dar:?] | [al:?] | feucht, Bindungsstufe II | kalt, Grad III | Pflanzen-/Reproduktionsteil | [cthol:?] | [okeshos:?] | [olchedy:?] | heiß, Grad III | Ansatz aus heißem Rohstoff, Form I | [o:?] | heiß, Grad III | [olo:?]	AL_COMPONENT_EXACT_ONLY	CONSISTENT_CONCRETE	all visible candidate fields remain present and no opposite bound component is introduced
G640-A03-037	3	okal	f113v	f113v.19	S	B	3	8	MIDDLE	checthy	ched	daiin qokeeody qokar okaiin qokaiin okar checthy okal ched lchal qckham	daiin qokeeody qokar okaiin qokaiin okar checthy okalched lchal qckham	aiin qokeeody qokar okaiin qokaiin okar checthy okal ched lchal qckham	0	0	UNKNOWN_SURFACE	[okal:?]	Ansatz aus heißem Rohstoff, Form I	5	10	0.500000	Grad-/Maßwert III | [qokeeody:?] | heiße Portion | heiß, Grad III, im Ansatzrahmen | heiß, Grad III | [okar:?] | trockenes CTH-Drogenmaterial; im Herbal trockenes Blatt-/Krautgut | [okal:?] | [ched:?] | [lchal:?] | [qckham:?]	Grad-/Maßwert III | [qokeeody:?] | heiße Portion | heiß, Grad III, im Ansatzrahmen | heiß, Grad III | [okar:?] | trockenes CTH-Drogenmaterial; im Herbal trockenes Blatt-/Krautgut | Ansatz aus heißem Rohstoff, Form I | [ched:?] | [lchal:?] | [qckham:?]	READER_SPLIT_OR_FUSION|AL_COMPONENT_EXACT_ONLY	READER_BOUNDARY_WARNING	target surface is split, fused or changed in at least one alternate reading
G640-A03-038	3	okal	f113v	f113v.2	S	B	3	14	MIDDLE	aiin	cheyor	teoar ain qotar ycheey otaiir otaiin okchy lkchdy oteol ar al ar aiin okal cheyor	teoar ain qotar ycheey otaiir otaiin okchy lkchdy oteol ar al araiin okal cheyor	teoar ain qotar ycheey otaiir otaiin okchy lkchdy oteol ar al ar aiin okal cheyor	1	1	UNKNOWN_SURFACE	[okal:?]	Ansatz aus heißem Rohstoff, Form I	3	14	0.214286	[teoar:?] | Menge-/Klassenwert II | [qotar:?] | [ycheey:?] | [otaiir:?] | kalt im Zubereitungsrahmen, Grad III | [okchy:?] | [lkchdy:?] | [oteol:?] | [ar:?] | [al:?] | [ar:?] | Menge III | [okal:?] | [cheyor:?]	[teoar:?] | Menge-/Klassenwert II | [qotar:?] | [ycheey:?] | [otaiir:?] | kalt im Zubereitungsrahmen, Grad III | [okchy:?] | [lkchdy:?] | [oteol:?] | [ar:?] | [al:?] | [ar:?] | Menge III | Ansatz aus heißem Rohstoff, Form I | [cheyor:?]	AL_COMPONENT_EXACT_ONLY	CONSISTENT_CONCRETE	all visible candidate fields remain present and no opposite bound component is introduced
G640-A03-039	3	okal	f113v	f113v.33	S	B	3	5	MIDDLE	qokaiin	qofcheol	polsairy oteo qokeedy qokaiin okal qofcheol qokaiin opalor lkch ofchr	polsaisy oteo qokeedy qokaiin okal qofcheol qokaiin opalor lkch ofchr	p lsairy oteo qokee qokaiin okal qofcheol qokaiin opalor lkch ofchr	1	1	UNKNOWN_SURFACE	[okal:?]	Ansatz aus heißem Rohstoff, Form I	3	9	0.333333	[polsairy:?] | [oteo:?] | heißer Zustand, Bindungsstufe II | heiß, Grad III | [okal:?] | [qofcheol:?] | heiß, Grad III | [opalor:?] | [lkch:?] | [ofchr:?]	[polsairy:?] | [oteo:?] | heißer Zustand, Bindungsstufe II | heiß, Grad III | Ansatz aus heißem Rohstoff, Form I | [qofcheol:?] | heiß, Grad III | [opalor:?] | [lkch:?] | [ofchr:?]	AL_COMPONENT_EXACT_ONLY	CONSISTENT_CONCRETE	all visible candidate fields remain present and no opposite bound component is introduced
G640-A03-040	3	okal	f113v	f113v.48	S	B	3	11	MIDDLE	lkaiin	dy	y cheol cheey qol lsheedy qokaiin chedy kain qokeeedy lkaiin okal dy	ycheol cheey qol lsheedy qokaiin chedy kain qokeeedy lkaiin okal dy	y cheol cheey qol lshee y qokaiin che y kain qokeee y lkaiin okal dy	1	1	UNKNOWN_SURFACE	[okal:?]	Ansatz aus heißem Rohstoff, Form I	4	11	0.363636	[y:?] | [cheol:?] | [cheey:?] | [qol:?] | [lsheedy:?] | heiß, Grad III | getrockneter Zustand | heiß, Grad II | heißer Zustand, Bindungsstufe III | [lkaiin:?] | [okal:?] | [dy:?]	[y:?] | [cheol:?] | [cheey:?] | [qol:?] | [lsheedy:?] | heiß, Grad III | getrockneter Zustand | heiß, Grad II | heißer Zustand, Bindungsstufe III | [lkaiin:?] | Ansatz aus heißem Rohstoff, Form I | [dy:?]	AL_COMPONENT_EXACT_ONLY	CONSISTENT_CONCRETE	all visible candidate fields remain present and no opposite bound component is introduced
G640-A03-041	3	okal	f114v	f114v.15	S	B	3	3	MIDDLE	chedy	chaiin	ochedain chedy okal chaiin qokod qokol cheedy qotody cheol kchedy ldy	ochedain chedy okal chaiin qokod qokol cheedy qotody cheol kchedy ldy	ochedain che y okal chaiin qokod qokol cheedy qotody cheol kchedy ldy	1	1	UNKNOWN_SURFACE	[okal:?]	Ansatz aus heißem Rohstoff, Form I	2	10	0.200000	[ochedain:?] | getrockneter Zustand | [okal:?] | trocken, Grad III | [qokod:?] | [qokol:?] | [cheedy:?] | [qotody:?] | [cheol:?] | [kchedy:?] | [ldy:?]	[ochedain:?] | getrockneter Zustand | Ansatz aus heißem Rohstoff, Form I | trocken, Grad III | [qokod:?] | [qokol:?] | [cheedy:?] | [qotody:?] | [cheol:?] | [kchedy:?] | [ldy:?]	AL_COMPONENT_EXACT_ONLY	CONSISTENT_CONCRETE	all visible candidate fields remain present and no opposite bound component is introduced
G640-A03-042	3	okal	f114v	f114v.38	S	B	3	7	MIDDLE	otaiin	dals	oteey okedaiin otaiin qotchey qoteeody otaiin okal dals	oteeo okedaiin otaiin qotchey qoteeody otaiin okal dalr	oteeo okedaiin otaiin qotchey qoteeody otaiin okal dalr	1	1	UNKNOWN_SURFACE	[okal:?]	Ansatz aus heißem Rohstoff, Form I	2	7	0.285714	[oteey:?] | [okedaiin:?] | kalt im Zubereitungsrahmen, Grad III | [qotchey:?] | [qoteeody:?] | kalt im Zubereitungsrahmen, Grad III | [okal:?] | [dals:?]	[oteey:?] | [okedaiin:?] | kalt im Zubereitungsrahmen, Grad III | [qotchey:?] | [qoteeody:?] | kalt im Zubereitungsrahmen, Grad III | Ansatz aus heißem Rohstoff, Form I | [dals:?]	AL_COMPONENT_EXACT_ONLY	CONSISTENT_CONCRETE	all visible candidate fields remain present and no opposite bound component is introduced
G640-A03-043	3	okal	f116r	f116r.47	S	B	3	8	MIDDLE	okeey	chedkaly	osain shky qorain chckhey qokey lkechy okeey okal chedkaly	osain shky qorain chckhey qokey lkechy okeey okal chedkaly	sain shky qor ain chckhey qokey lkechy okeey okal chedkaly	1	1	UNKNOWN_SURFACE	[okal:?]	Ansatz aus heißem Rohstoff, Form I	1	8	0.125000	[osain:?] | [shky:?] | [qorain:?] | [chckhey:?] | [qokey:?] | [lkechy:?] | heißer Ansatz, Bindungsstufe II | [okal:?] | [chedkaly:?]	[osain:?] | [shky:?] | [qorain:?] | [chckhey:?] | [qokey:?] | [lkechy:?] | heißer Ansatz, Bindungsstufe II | Ansatz aus heißem Rohstoff, Form I | [chedkaly:?]	OPAQUE_OTHER_TOKENS|AL_COMPONENT_EXACT_ONLY	OPAQUE_CONTEXT	too few independently concrete neighbouring positions to test the complete noun phrase
G640-A03-044	3	okal	f13v	f13v.7	H	A	1	2	MIDDLE	dain	chy	dain okal chy qokchory dchy kokydaiin shon	dain okal chy qokchory dchy koky daiin shoin	dain okal chy qokchory dchy kokydaiin shon	1	1	UNKNOWN_SURFACE	[okal:?]	Ansatz aus heißem Rohstoff, Form I	2	6	0.333333	Grad-/Maßwert II | [okal:?] | trocken, Grundform | [qokchory:?] | [dchy:?] | [kokydaiin:?] | [shon:?]	Grad-/Maßwert II | Ansatz aus heißem Rohstoff, Form I | trocken, Grundform | [qokchory:?] | [dchy:?] | [kokydaiin:?] | [shon:?]	AL_COMPONENT_EXACT_ONLY	CONSISTENT_CONCRETE	all visible candidate fields remain present and no opposite bound component is introduced
G640-A03-045	3	okal	f16r	f16r.10	H	A	1	7	LAST	ypcho	<EOS>	toror daly dal opchy fchol ypcho okal	toror dalydal opchy fchol ypchocfy okal	toror dalydal opchyfchol ypcho okal	1	1	UNKNOWN_SURFACE	[okal:?]	Ansatz aus heißem Rohstoff, Form I	0	6	0.000000	[toror:?] | [daly:?] | [dal:?] | [opchy:?] | [fchol:?] | [ypcho:?] | [okal:?]	[toror:?] | [daly:?] | [dal:?] | [opchy:?] | [fchol:?] | [ypcho:?] | Ansatz aus heißem Rohstoff, Form I	OPAQUE_OTHER_TOKENS|AL_COMPONENT_EXACT_ONLY	OPAQUE_CONTEXT	too few independently concrete neighbouring positions to test the complete noun phrase
G640-A03-046	3	okal	f17v	f17v.2	H	A	1	6	LAST	odaiin	<EOS>	ycheey keeor cthodal okol odaiin okal	ycheey keeor cthodal okol odaiin okal	ycheey teeor cthodal okol odaiin okal	1	1	UNKNOWN_SURFACE	[okal:?]	Ansatz aus heißem Rohstoff, Form I	0	5	0.000000	[ycheey:?] | [keeor:?] | [cthodal:?] | [okol:?] | [odaiin:?] | [okal:?]	[ycheey:?] | [keeor:?] | [cthodal:?] | [okol:?] | [odaiin:?] | Ansatz aus heißem Rohstoff, Form I	OPAQUE_OTHER_TOKENS|AL_COMPONENT_EXACT_ONLY	OPAQUE_CONTEXT	too few independently concrete neighbouring positions to test the complete noun phrase
G640-A03-047	3	okal	f17v	f17v.3	H	A	1	3	MIDDLE	odaiin	oldaiin	oldaig odaiin okal oldaiin chockhol olol	oldaim odaiin okal oldaiin chockhol olol	oldaig o aiin okal oldaiin chockhol olol	1	1	UNKNOWN_SURFACE	[okal:?]	Ansatz aus heißem Rohstoff, Form I	0	5	0.000000	[oldaig:?] | [odaiin:?] | [okal:?] | [oldaiin:?] | [chockhol:?] | [olol:?]	[oldaig:?] | [odaiin:?] | Ansatz aus heißem Rohstoff, Form I | [oldaiin:?] | [chockhol:?] | [olol:?]	OPAQUE_OTHER_TOKENS|AL_COMPONENT_EXACT_ONLY	OPAQUE_CONTEXT	too few independently concrete neighbouring positions to test the complete noun phrase
G640-A03-048	3	okal	f18r	f18r.13	H	A	1	5	MIDDLE	cthal	dar	or shaiin cthar cthal okal dar	or shaiin cthar cthal okal dar	or shaiin cthar cthal okal dar	1	1	UNKNOWN_SURFACE	[okal:?]	Ansatz aus heißem Rohstoff, Form I	3	5	0.600000	Teil-/Nominalträger; genaue Basisbedeutung offen | feucht, Grad III | CTH-Drogenfraktion I; im Herbal Blatt-/Krautfraktion I | [cthal:?] | [okal:?] | [dar:?]	Teil-/Nominalträger; genaue Basisbedeutung offen | feucht, Grad III | CTH-Drogenfraktion I; im Herbal Blatt-/Krautfraktion I | [cthal:?] | Ansatz aus heißem Rohstoff, Form I | [dar:?]	ACTIVE_RIVAL_CONTEXT|AL_COMPONENT_EXACT_ONLY	CONSISTENT_CONCRETE	all visible candidate fields remain present and no opposite bound component is introduced
G640-A03-049	3	okal	f18r	f18r.8	H	A	1	4	MIDDLE	olody	dy	qokchor ckhol olody okal dy dary	qokchor ckhol olody okaldy dary	qokchor ckhol ol dy okal dy dary	0	0	UNKNOWN_SURFACE	[okal:?]	Ansatz aus heißem Rohstoff, Form I	0	5	0.000000	[qokchor:?] | [ckhol:?] | [olody:?] | [okal:?] | [dy:?] | [dary:?]	[qokchor:?] | [ckhol:?] | [olody:?] | Ansatz aus heißem Rohstoff, Form I | [dy:?] | [dary:?]	READER_SPLIT_OR_FUSION|OPAQUE_OTHER_TOKENS|AL_COMPONENT_EXACT_ONLY	READER_BOUNDARY_WARNING	target surface is split, fused or changed in at least one alternate reading
G640-A03-050	3	okal	f23v	f23v.8	H	A	1	4	MIDDLE	qokor	g	qokaiin dain qokor okal g dam chor olol dam	qokaiin dain qokor okal g dam chor olol dam	qokaiin dain qokor okal g dam chor olol dam	1	1	UNKNOWN_SURFACE	[okal:?]	Ansatz aus heißem Rohstoff, Form I	3	8	0.375000	heiß, Grad III | Grad-/Maßwert II | [qokor:?] | [okal:?] | [g:?] | [dam:?] | Pflanzen-/Reproduktionsteil | [olol:?] | [dam:?]	heiß, Grad III | Grad-/Maßwert II | [qokor:?] | Ansatz aus heißem Rohstoff, Form I | [g:?] | [dam:?] | Pflanzen-/Reproduktionsteil | [olol:?] | [dam:?]	AL_COMPONENT_EXACT_ONLY	CONSISTENT_CONCRETE	all visible candidate fields remain present and no opposite bound component is introduced
G640-A03-051	3	okal	f25r	f25r.6	H	A	1	1	FIRST	<BOS>	chotaiin	okal chotaiin	okal chotaiin	okal chotaiin	1	1	UNKNOWN_SURFACE	[okal:?]	Ansatz aus heißem Rohstoff, Form I	1	1	1.000000	[okal:?] | trockene Zubereitung: kalt, Grad III	Ansatz aus heißem Rohstoff, Form I | trockene Zubereitung: kalt, Grad III	AL_COMPONENT_EXACT_ONLY	CONSISTENT_CONCRETE	all visible candidate fields remain present and no opposite bound component is introduced
G640-A03-052	3	okal	f33r	f33r.5	H	B	2	8	MIDDLE	aiin	otal	pair or aiin otaiin ol kor aiin okal otal chdal shekal qokar otam	pair or aiin otaiin ol kor aiin okal otal chdal shekal qakar otam	pair or aiin otaiin ol kor aiin okal otal ch al shekal qokar atam	1	1	UNKNOWN_SURFACE	[okal:?]	Ansatz aus heißem Rohstoff, Form I	7	12	0.583333	Pulverfraktion II | Teil-/Nominalträger; genaue Basisbedeutung offen | Menge III | kalt im Zubereitungsrahmen, Grad III | Eigenschafts-/Zustands-/Materialträger; als nacktes Wort Gut/Ansatz | [kor:?] | Menge III | [okal:?] | [otal:?] | [chdal:?] | [shekal:?] | heiße Portion | [otam:?]	Pulverfraktion II | Teil-/Nominalträger; genaue Basisbedeutung offen | Menge III | kalt im Zubereitungsrahmen, Grad III | Eigenschafts-/Zustands-/Materialträger; als nacktes Wort Gut/Ansatz | [kor:?] | Menge III | Ansatz aus heißem Rohstoff, Form I | [otal:?] | [chdal:?] | [shekal:?] | heiße Portion | [otam:?]	ACTIVE_RIVAL_CONTEXT|AL_COMPONENT_EXACT_ONLY	CONSISTENT_CONCRETE	all visible candidate fields remain present and no opposite bound component is introduced
G640-A03-053	3	okal	f33r	f33r.6	H	B	2	9	LAST	daiin	<EOS>	yteey shody kchedy dy chekar okaiin okaiin daiin okal	yteey shody tchedydy chekar okaiin okaiin daiin okal	yteey shody kche ydy chekar okaiin okaiin aiin okal	1	1	UNKNOWN_SURFACE	[okal:?]	Ansatz aus heißem Rohstoff, Form I	3	8	0.375000	[yteey:?] | [shody:?] | [kchedy:?] | [dy:?] | [chekar:?] | heiß, Grad III, im Ansatzrahmen | heiß, Grad III, im Ansatzrahmen | Grad-/Maßwert III | [okal:?]	[yteey:?] | [shody:?] | [kchedy:?] | [dy:?] | [chekar:?] | heiß, Grad III, im Ansatzrahmen | heiß, Grad III, im Ansatzrahmen | Grad-/Maßwert III | Ansatz aus heißem Rohstoff, Form I	AL_COMPONENT_EXACT_ONLY	CONSISTENT_CONCRETE	all visible candidate fields remain present and no opposite bound component is introduced
G640-A03-054	3	okal	f34v	f34v.11	H	B	2	6	MIDDLE	okey	shedy	yshos ody s aiin okey okal shedy	yshos ody s aiin okoy okal shedy	yshos o y s aiin okey okal she y	1	1	UNKNOWN_SURFACE	[okal:?]	Ansatz aus heißem Rohstoff, Form I	1	6	0.166667	[yshos:?] | [ody:?] | [s:?] | Menge III | [okey:?] | [okal:?] | [shedy:?]	[yshos:?] | [ody:?] | [s:?] | Menge III | [okey:?] | Ansatz aus heißem Rohstoff, Form I | [shedy:?]	OPAQUE_OTHER_TOKENS|AL_COMPONENT_EXACT_ONLY	OPAQUE_CONTEXT	too few independently concrete neighbouring positions to test the complete noun phrase
G640-A03-055	3	okal	f39v	f39v.9	H	B	2	9	MIDDLE	shody	shd	tar aiin dal ar ain cheor ydam shody okal shd y kshy or	tar aiin dal ar ain cheor ydam shody okal shdy kshy or	tar aiin al ar ain cheor dam shody okal sh y kshy or	1	1	UNKNOWN_SURFACE	[okal:?]	Ansatz aus heißem Rohstoff, Form I	3	12	0.250000	[tar:?] | Menge III | [dal:?] | [ar:?] | Menge-/Klassenwert II | [cheor:?] | [ydam:?] | [shody:?] | [okal:?] | [shd:?] | [y:?] | [kshy:?] | Teil-/Nominalträger; genaue Basisbedeutung offen	[tar:?] | Menge III | [dal:?] | [ar:?] | Menge-/Klassenwert II | [cheor:?] | [ydam:?] | [shody:?] | Ansatz aus heißem Rohstoff, Form I | [shd:?] | [y:?] | [kshy:?] | Teil-/Nominalträger; genaue Basisbedeutung offen	ACTIVE_RIVAL_CONTEXT|AL_COMPONENT_EXACT_ONLY	CONSISTENT_CONCRETE	all visible candidate fields remain present and no opposite bound component is introduced
G640-A03-056	3	okal	f3v	f3v.4	H	A	1	5	MIDDLE	kcheol	do	qodar ees eey kcheol okal do r chear een	qodar ees eey kcheol okal do r chear een	qodar chs chy kcheol okal do r cheareeb	1	1	UNKNOWN_SURFACE	[okal:?]	Ansatz aus heißem Rohstoff, Form I	1	8	0.125000	[qodar:?] | [ees:?] | [eey:?] | [kcheol:?] | [okal:?] | [do:?] | [r:?] | trockene Fraktion I | [een:?]	[qodar:?] | [ees:?] | [eey:?] | [kcheol:?] | Ansatz aus heißem Rohstoff, Form I | [do:?] | [r:?] | trockene Fraktion I | [een:?]	OPAQUE_OTHER_TOKENS|AL_COMPONENT_EXACT_ONLY	OPAQUE_CONTEXT	too few independently concrete neighbouring positions to test the complete noun phrase
G640-A03-057	3	okal	f40r	f40r.1	H	B	2	6	MIDDLE	qoky	shdy	pchey k eodar aldydy qoky okal shdy olkedy opches ar ordaiin	pchey keodar aldydy qoky okal shdy olkedy opches ar ordaiin	pchey keodar al ydy qoky okal shdy olkedy opches ar ordaiin	1	1	UNKNOWN_SURFACE	[okal:?]	Ansatz aus heißem Rohstoff, Form I	2	10	0.200000	Pulver, trocken gebunden, Form I | [k:?] | [eodar:?] | [aldydy:?] | heiße Grundform | [okal:?] | [shdy:?] | [olkedy:?] | [opches:?] | [ar:?] | [ordaiin:?]	Pulver, trocken gebunden, Form I | [k:?] | [eodar:?] | [aldydy:?] | heiße Grundform | Ansatz aus heißem Rohstoff, Form I | [shdy:?] | [olkedy:?] | [opches:?] | [ar:?] | [ordaiin:?]	AL_COMPONENT_EXACT_ONLY	CONSISTENT_CONCRETE	all visible candidate fields remain present and no opposite bound component is introduced
G640-A03-058	3	okal	f40v	f40v.18	H	B	2	4	MIDDLE	chckhy	okair	saiin otain chckhy okal okair arol qokey okary	saiin otain chckhy okal okair arol qokey okary	saiin otain chckhy okal okair arol qokey okary	1	1	UNKNOWN_SURFACE	[okal:?]	Ansatz aus heißem Rohstoff, Form I	2	7	0.285714	Samen/Saatgut, Typ/Charge III | kalt im Zubereitungsrahmen, Grad II | [chckhy:?] | [okal:?] | [okair:?] | [arol:?] | [qokey:?] | [okary:?]	Samen/Saatgut, Typ/Charge III | kalt im Zubereitungsrahmen, Grad II | [chckhy:?] | Ansatz aus heißem Rohstoff, Form I | [okair:?] | [arol:?] | [qokey:?] | [okary:?]	AL_COMPONENT_EXACT_ONLY	CONSISTENT_CONCRETE	all visible candidate fields remain present and no opposite bound component is introduced
G640-A03-059	3	okal	f40v	f40v.8	H	B	2	3	LAST	chkalykedy	<EOS>	chodaiin chkalykedy okal	chodaiin chkal ykedy okal	chodaiin chkalykedy okal	1	1	UNKNOWN_SURFACE	[okal:?]	Ansatz aus heißem Rohstoff, Form I	0	2	0.000000	[chodaiin:?] | [chkalykedy:?] | [okal:?]	[chodaiin:?] | [chkalykedy:?] | Ansatz aus heißem Rohstoff, Form I	OPAQUE_OTHER_TOKENS|AL_COMPONENT_EXACT_ONLY	OPAQUE_CONTEXT	too few independently concrete neighbouring positions to test the complete noun phrase
G640-A03-060	3	okal	f41v	f41v.6	H	B	5	5	MIDDLE	yteedy	old	tadaiin ol cheos yteedy okal old oteol qokal or oteody	todaiin ol cheos yteedy okal old oteol qokal or oteody	todaiin ol cheos ytee y okal ld oteol qokal or oteody	1	1	UNKNOWN_SURFACE	[okal:?]	Ansatz aus heißem Rohstoff, Form I	3	9	0.333333	[tadaiin:?] | Eigenschafts-/Zustands-/Materialträger; als nacktes Wort Gut/Ansatz | [cheos:?] | [yteedy:?] | [okal:?] | [old:?] | [oteol:?] | heiße Substanz | Teil-/Nominalträger; genaue Basisbedeutung offen | [oteody:?]	[tadaiin:?] | Eigenschafts-/Zustands-/Materialträger; als nacktes Wort Gut/Ansatz | [cheos:?] | [yteedy:?] | Ansatz aus heißem Rohstoff, Form I | [old:?] | [oteol:?] | heiße Substanz | Teil-/Nominalträger; genaue Basisbedeutung offen | [oteody:?]	ACTIVE_RIVAL_CONTEXT|AL_COMPONENT_EXACT_ONLY	CONSISTENT_CONCRETE	all visible candidate fields remain present and no opposite bound component is introduced
G640-A03-061	3	okal	f44v	f44v.11	H	A	1	1	FIRST	<BOS>	chol	okal chol chol choky okaiin cthy otal	okol chol chol choky okaiin cthy otal	ok l chol chol choky okaiin cthy otal	0	0	UNKNOWN_SURFACE	[okal:?]	Ansatz aus heißem Rohstoff, Form I	4	6	0.666667	[okal:?] | trocken; nominal trockenes Gut/Material | trocken; nominal trockenes Gut/Material | [choky:?] | heiß, Grad III, im Ansatzrahmen | CTH-Drogenmaterial | [otal:?]	Ansatz aus heißem Rohstoff, Form I | trocken; nominal trockenes Gut/Material | trocken; nominal trockenes Gut/Material | [choky:?] | heiß, Grad III, im Ansatzrahmen | CTH-Drogenmaterial | [otal:?]	READER_SPLIT_OR_FUSION|AL_COMPONENT_EXACT_ONLY	READER_BOUNDARY_WARNING	target surface is split, fused or changed in at least one alternate reading
G640-A03-062	3	okal	f46r	f46r.14	H	B	2	5	MIDDLE	cheol	dam	otchealkar sholkshy qokar cheol okal dam chdam qokam	otshealkar sholkshy qokar cheol okal dam chdam qokam	otchealtar sholkshy qokar cheol okal am ch am qokam	1	1	UNKNOWN_SURFACE	[okal:?]	Ansatz aus heißem Rohstoff, Form I	1	7	0.142857	[otchealkar:?] | [sholkshy:?] | heiße Portion | [cheol:?] | [okal:?] | [dam:?] | [chdam:?] | [qokam:?]	[otchealkar:?] | [sholkshy:?] | heiße Portion | [cheol:?] | Ansatz aus heißem Rohstoff, Form I | [dam:?] | [chdam:?] | [qokam:?]	OPAQUE_OTHER_TOKENS|AL_COMPONENT_EXACT_ONLY	OPAQUE_CONTEXT	too few independently concrete neighbouring positions to test the complete noun phrase
G640-A03-063	3	okal	f47r	f47r.9	H	A	1	4	MIDDLE	chaiin	chol	qoko kor chaiin okal chol daiin okcho kchorsy	qoko kor chaiin okal chol daiin okcho kchor sy	qokokor chaiin okal chol daiin okchokchor sy	1	1	UNKNOWN_SURFACE	[okal:?]	Ansatz aus heißem Rohstoff, Form I	3	7	0.428571	[qoko:?] | [kor:?] | trocken, Grad III | [okal:?] | trocken; nominal trockenes Gut/Material | Qualitätsgrad III | [okcho:?] | [kchorsy:?]	[qoko:?] | [kor:?] | trocken, Grad III | Ansatz aus heißem Rohstoff, Form I | trocken; nominal trockenes Gut/Material | Qualitätsgrad III | [okcho:?] | [kchorsy:?]	AL_COMPONENT_EXACT_ONLY	CONSISTENT_CONCRETE	all visible candidate fields remain present and no opposite bound component is introduced
G640-A03-064	3	okal	f48v	f48v.9	H	B	5	3	MIDDLE	shody	otchedy	tor shody okal otchedy cheky oly loldy lol otchdy otoldy ytam otedy	tor shody okal otchedy cheky oly loldy lol otchdy otoldy ytam otedy	tor shody okal otche y cheky oly loldy lol otch y otoldy ytam ote y	1	1	UNKNOWN_SURFACE	[okal:?]	Ansatz aus heißem Rohstoff, Form I	2	11	0.181818	[tor:?] | [shody:?] | [okal:?] | [otchedy:?] | [cheky:?] | [oly:?] | [loldy:?] | Holzstoff | [otchdy:?] | [otoldy:?] | [ytam:?] | gekühlter Ansatz	[tor:?] | [shody:?] | Ansatz aus heißem Rohstoff, Form I | [otchedy:?] | [cheky:?] | [oly:?] | [loldy:?] | Holzstoff | [otchdy:?] | [otoldy:?] | [ytam:?] | gekühlter Ansatz	AL_COMPONENT_EXACT_ONLY	CONSISTENT_CONCRETE	all visible candidate fields remain present and no opposite bound component is introduced
G640-A03-065	3	okal	f50r	f50r.6	H	B	2	5	MIDDLE	kchedy	qotor	ykain shear ol kchedy okal qotor cheeor olkeedy daiin qoky	ykain ssear olkchedy okal qotor cheeor olkady daiin qoky	ykain sheor olkche y okal qotor cheeor olkeedy daiin qoky	1	1	UNKNOWN_SURFACE	[okal:?]	Ansatz aus heißem Rohstoff, Form I	4	9	0.444444	[ykain:?] | [shear:?] | Eigenschafts-/Zustands-/Materialträger; als nacktes Wort Gut/Ansatz | [kchedy:?] | [okal:?] | kalte Drogenportion | [cheeor:?] | [olkeedy:?] | Grad-/Maßwert III | heiße Grundform	[ykain:?] | [shear:?] | Eigenschafts-/Zustands-/Materialträger; als nacktes Wort Gut/Ansatz | [kchedy:?] | Ansatz aus heißem Rohstoff, Form I | kalte Drogenportion | [cheeor:?] | [olkeedy:?] | Grad-/Maßwert III | heiße Grundform	AL_COMPONENT_EXACT_ONLY	CONSISTENT_CONCRETE	all visible candidate fields remain present and no opposite bound component is introduced
G640-A03-066	3	okal	f50v	f50v.3	H	B	2	9	LAST	okain	<EOS>	pochedy qokody checkhy shckhy dalol ykeeey qokedy okain okal	pochedy qokody checkhy shckhy dalol ykeeey qokedy okain okal	poche y qoko y checkhy shckhy dalol ykeeey qoke y okain okal	1	1	UNKNOWN_SURFACE	[okal:?]	Ansatz aus heißem Rohstoff, Form I	1	8	0.125000	[pochedy:?] | [qokody:?] | [checkhy:?] | [shckhy:?] | [dalol:?] | [ykeeey:?] | [qokedy:?] | heiß im Zubereitungsrahmen, Grad II | [okal:?]	[pochedy:?] | [qokody:?] | [checkhy:?] | [shckhy:?] | [dalol:?] | [ykeeey:?] | [qokedy:?] | heiß im Zubereitungsrahmen, Grad II | Ansatz aus heißem Rohstoff, Form I	OPAQUE_OTHER_TOKENS|AL_COMPONENT_EXACT_ONLY	OPAQUE_CONTEXT	too few independently concrete neighbouring positions to test the complete noun phrase
G640-A03-067	3	okal	f50v	f50v.6	H	B	2	3	MIDDLE	kedair	chody	daiin kedair okal chody qokedy okar okchey okedy otar chkeey	daiin kedair okal chody qokedy okar okchey okedy otar chkeey	daiin ke air okal chody qoke y okar okchey oke y tar chkchy	1	1	UNKNOWN_SURFACE	[okal:?]	Ansatz aus heißem Rohstoff, Form I	1	9	0.111111	Grad-/Maßwert III | [kedair:?] | [okal:?] | [chody:?] | [qokedy:?] | [okar:?] | [okchey:?] | [okedy:?] | [otar:?] | [chkeey:?]	Grad-/Maßwert III | [kedair:?] | Ansatz aus heißem Rohstoff, Form I | [chody:?] | [qokedy:?] | [okar:?] | [okchey:?] | [okedy:?] | [otar:?] | [chkeey:?]	OPAQUE_OTHER_TOKENS|AL_COMPONENT_EXACT_ONLY	OPAQUE_CONTEXT	too few independently concrete neighbouring positions to test the complete noun phrase
G640-A03-068	3	okal	f54v	f54v.13	H	A	1	3	MIDDLE	chol	yckhey	y chol okal yckhey	ychol okal yckhey	ychol okal yckhey	1	1	UNKNOWN_SURFACE	[okal:?]	Ansatz aus heißem Rohstoff, Form I	1	3	0.333333	[y:?] | trocken; nominal trockenes Gut/Material | [okal:?] | [yckhey:?]	[y:?] | trocken; nominal trockenes Gut/Material | Ansatz aus heißem Rohstoff, Form I | [yckhey:?]	OPAQUE_OTHER_TOKENS|AL_COMPONENT_EXACT_ONLY	OPAQUE_CONTEXT	too few independently concrete neighbouring positions to test the complete noun phrase
G640-A03-069	3	okal	f54v	f54v.8	H	A	1	6	MIDDLE	yteal	om	daiino d aim qokaiin yteal okal om	daiino daim qokaiin yteal okal om	daiinodaim qokaiin yteal okal om	1	1	UNKNOWN_SURFACE	[okal:?]	Ansatz aus heißem Rohstoff, Form I	1	6	0.166667	[daiino:?] | [d:?] | [aim:?] | heiß, Grad III | [yteal:?] | [okal:?] | [om:?]	[daiino:?] | [d:?] | [aim:?] | heiß, Grad III | [yteal:?] | Ansatz aus heißem Rohstoff, Form I | [om:?]	OPAQUE_OTHER_TOKENS|AL_COMPONENT_EXACT_ONLY	OPAQUE_CONTEXT	too few independently concrete neighbouring positions to test the complete noun phrase
G640-A03-070	3	okal	f54v	f54v.9	H	A	1	5	MIDDLE	ytam	dy	ydaiin qockhey qodal ytam okal dy	ydaiin qockhey qodal ytam okal dy	ydaiin qockhey qodal ytam okal dy	1	1	UNKNOWN_SURFACE	[okal:?]	Ansatz aus heißem Rohstoff, Form I	0	5	0.000000	[ydaiin:?] | [qockhey:?] | [qodal:?] | [ytam:?] | [okal:?] | [dy:?]	[ydaiin:?] | [qockhey:?] | [qodal:?] | [ytam:?] | Ansatz aus heißem Rohstoff, Form I | [dy:?]	OPAQUE_OTHER_TOKENS|AL_COMPONENT_EXACT_ONLY	OPAQUE_CONTEXT	too few independently concrete neighbouring positions to test the complete noun phrase
G640-A03-071	3	okal	f55r	f55r.10	H	B	2	2	MIDDLE	dair	qokar	dair okal qokar or or o ar odaiin okeey darchd ol	dair okal qokar or orai o as odaiin okeey dar chd ol	dair okal qokar r rai o ar odaiin okeey darch ol	1	1	UNKNOWN_SURFACE	[okal:?]	Ansatz aus heißem Rohstoff, Form I	5	10	0.500000	[dair:?] | [okal:?] | heiße Portion | Teil-/Nominalträger; genaue Basisbedeutung offen | Teil-/Nominalträger; genaue Basisbedeutung offen | [o:?] | [ar:?] | [odaiin:?] | heißer Ansatz, Bindungsstufe II | [darchd:?] | Eigenschafts-/Zustands-/Materialträger; als nacktes Wort Gut/Ansatz	[dair:?] | Ansatz aus heißem Rohstoff, Form I | heiße Portion | Teil-/Nominalträger; genaue Basisbedeutung offen | Teil-/Nominalträger; genaue Basisbedeutung offen | [o:?] | [ar:?] | [odaiin:?] | heißer Ansatz, Bindungsstufe II | [darchd:?] | Eigenschafts-/Zustands-/Materialträger; als nacktes Wort Gut/Ansatz	ACTIVE_RIVAL_CONTEXT|AL_COMPONENT_EXACT_ONLY	CONSISTENT_CONCRETE	all visible candidate fields remain present and no opposite bound component is introduced
G640-A03-072	3	okal	f55r	f55r.5	H	B	2	4	MIDDLE	aiin	chol	y or aiin okal chol kchoy pchtchdy oaiin okasor olkam	y or aiin okal chol kchoy pchtchdy oekaiin okasor olkam	y or aiin okal chol kchoy pchtch y oaiin okaror olkam	1	1	UNKNOWN_SURFACE	[okal:?]	Ansatz aus heißem Rohstoff, Form I	5	9	0.555556	[y:?] | Teil-/Nominalträger; genaue Basisbedeutung offen | Menge III | [okal:?] | trocken; nominal trockenes Gut/Material | [kchoy:?] | [pchtchdy:?] | Ansatzmenge III | [okasor:?] | heißes Material [terminal-M]	[y:?] | Teil-/Nominalträger; genaue Basisbedeutung offen | Menge III | Ansatz aus heißem Rohstoff, Form I | trocken; nominal trockenes Gut/Material | [kchoy:?] | [pchtchdy:?] | Ansatzmenge III | [okasor:?] | heißes Material [terminal-M]	ACTIVE_RIVAL_CONTEXT|AL_COMPONENT_EXACT_ONLY	CONSISTENT_CONCRETE	all visible candidate fields remain present and no opposite bound component is introduced
G640-A03-073	3	okal	f55v	f55v.11	H	B	2	6	MIDDLE	aiin	oltchy	ykaiin cheoar cheeky oldy aiin okal oltchy or y orain	ykaiin cheoar cheeky oldy aiin okal oltchy or y orain	ykaiin cheoar cheeky ol y aiin okal oltchy or y orain	1	1	UNKNOWN_SURFACE	[okal:?]	Ansatz aus heißem Rohstoff, Form I	2	9	0.222222	[ykaiin:?] | [cheoar:?] | [cheeky:?] | [oldy:?] | Menge III | [okal:?] | [oltchy:?] | Teil-/Nominalträger; genaue Basisbedeutung offen | [y:?] | [orain:?]	[ykaiin:?] | [cheoar:?] | [cheeky:?] | [oldy:?] | Menge III | Ansatz aus heißem Rohstoff, Form I | [oltchy:?] | Teil-/Nominalträger; genaue Basisbedeutung offen | [y:?] | [orain:?]	ACTIVE_RIVAL_CONTEXT|AL_COMPONENT_EXACT_ONLY	CONSISTENT_CONCRETE	all visible candidate fields remain present and no opposite bound component is introduced
G640-A03-074	3	okal	f55v	f55v.9	H	B	2	3	MIDDLE	qokchy	chey	ykaky qokchy okal chey or or aiin okaiin ykain otaky	ykaky qokchy okal chey or or aiin okaiin ykain otaky	ykaky qokchy okal chey or or aiin okaiin ykain taky	1	1	UNKNOWN_SURFACE	[okal:?]	Ansatz aus heißem Rohstoff, Form I	5	9	0.555556	[ykaky:?] | heiß-trocken | [okal:?] | [chey:?] | Teil-/Nominalträger; genaue Basisbedeutung offen | Teil-/Nominalträger; genaue Basisbedeutung offen | Menge III | heiß, Grad III, im Ansatzrahmen | [ykain:?] | [otaky:?]	[ykaky:?] | heiß-trocken | Ansatz aus heißem Rohstoff, Form I | [chey:?] | Teil-/Nominalträger; genaue Basisbedeutung offen | Teil-/Nominalträger; genaue Basisbedeutung offen | Menge III | heiß, Grad III, im Ansatzrahmen | [ykain:?] | [otaky:?]	ACTIVE_RIVAL_CONTEXT|AL_COMPONENT_EXACT_ONLY	CONSISTENT_CONCRETE	all visible candidate fields remain present and no opposite bound component is introduced
G640-A03-075	3	okal	f58r	f58r.18	S	A	3	9	MIDDLE	aiin	otal	darar shol cholraly cholaiin odaiin chaly dalar aiin okal otal	darar shol cholraly cholaiin odaiin chaly dalar aiin okal otal	darar shol cholraly cholaiin o aiin chaly dalar aiin okal otal	1	1	UNKNOWN_SURFACE	[okal:?]	Ansatz aus heißem Rohstoff, Form I	3	9	0.333333	[darar:?] | feucht; nominal feuchtes Gut/Material | [cholraly:?] | trocken, Grad III | [odaiin:?] | [chaly:?] | [dalar:?] | Menge III | [okal:?] | [otal:?]	[darar:?] | feucht; nominal feuchtes Gut/Material | [cholraly:?] | trocken, Grad III | [odaiin:?] | [chaly:?] | [dalar:?] | Menge III | Ansatz aus heißem Rohstoff, Form I | [otal:?]	AL_COMPONENT_EXACT_ONLY	CONSISTENT_CONCRETE	all visible candidate fields remain present and no opposite bound component is introduced
G640-A03-076	3	okal	f58r	f58r.31	S	A	3	3	MIDDLE	taiin	or	odshchol taiin okal or chol ol ekar otarchol chol kam qokal	odshchol taiin okalor chol olekar otarchol chol kam qokal	odshchol taiin okal or chol olekar otarchol chol kag qokal	0	0	UNKNOWN_SURFACE	[okal:?]	Ansatz aus heißem Rohstoff, Form I	6	10	0.600000	[odshchol:?] | kalt, Grad III | [okal:?] | Teil-/Nominalträger; genaue Basisbedeutung offen | trocken; nominal trockenes Gut/Material | Eigenschafts-/Zustands-/Materialträger; als nacktes Wort Gut/Ansatz | [ekar:?] | [otarchol:?] | trocken; nominal trockenes Gut/Material | [kam:?] | heiße Substanz	[odshchol:?] | kalt, Grad III | Ansatz aus heißem Rohstoff, Form I | Teil-/Nominalträger; genaue Basisbedeutung offen | trocken; nominal trockenes Gut/Material | Eigenschafts-/Zustands-/Materialträger; als nacktes Wort Gut/Ansatz | [ekar:?] | [otarchol:?] | trocken; nominal trockenes Gut/Material | [kam:?] | heiße Substanz	READER_SPLIT_OR_FUSION|AL_COMPONENT_EXACT_ONLY	READER_BOUNDARY_WARNING	target surface is split, fused or changed in at least one alternate reading
G640-A03-077	3	okal	f58r	f58r.41	S	A	3	5	MIDDLE	dal	s	dchol chokal saiin dal okal s alchey	dchol chokal saiin dal okalsalchey	dchol chokal saiin dal okals alchey	0	0	UNKNOWN_SURFACE	[okal:?]	Ansatz aus heißem Rohstoff, Form I	2	6	0.333333	Maß trockenen Materials | [chokal:?] | Samen/Saatgut, Typ/Charge III | [dal:?] | [okal:?] | [s:?] | [alchey:?]	Maß trockenen Materials | [chokal:?] | Samen/Saatgut, Typ/Charge III | [dal:?] | Ansatz aus heißem Rohstoff, Form I | [s:?] | [alchey:?]	READER_SPLIT_OR_FUSION|AL_COMPONENT_EXACT_ONLY	READER_BOUNDARY_WARNING	target surface is split, fused or changed in at least one alternate reading
G640-A03-078	3	okal	f58v	f58v.10	S	A	3	8	MIDDLE	qokaiin	okaldy	ykair shey key ctholy qotalom qokals qokaiin okal okaldy ory	ykair shey key ctholy qotalom qokal qokaiin okal okaldy ory	ykair shey key ctholy qotalog qokals qokaiin okal okaldy ory	1	1	UNKNOWN_SURFACE	[okal:?]	Ansatz aus heißem Rohstoff, Form I	2	9	0.222222	[ykair:?] | feucht, attributiv gebunden | [key:?] | [ctholy:?] | [qotalom:?] | [qokals:?] | heiß, Grad III | [okal:?] | [okaldy:?] | [ory:?]	[ykair:?] | feucht, attributiv gebunden | [key:?] | [ctholy:?] | [qotalom:?] | [qokals:?] | heiß, Grad III | Ansatz aus heißem Rohstoff, Form I | [okaldy:?] | [ory:?]	AL_COMPONENT_EXACT_ONLY	CONSISTENT_CONCRETE	all visible candidate fields remain present and no opposite bound component is introduced
G640-A03-079	3	okal	f58v	f58v.13	S	A	3	6	MIDDLE	alor	chcthy	qoeear alkeain ytal chos alor okal chcthy tal y kar	qoeear alkeain ytal chor alor okal chcthy tal ckshy kar	qoeear alkeain ytal chos alor okal chcthy tal y kar	1	1	UNKNOWN_SURFACE	[okal:?]	Ansatz aus heißem Rohstoff, Form I	1	9	0.111111	[qoeear:?] | [alkeain:?] | [ytal:?] | [chos:?] | [alor:?] | [okal:?] | trockene CTH-Materialform; im Herbal trockenes Blatt-/Krautgut | [tal:?] | [y:?] | [kar:?]	[qoeear:?] | [alkeain:?] | [ytal:?] | [chos:?] | [alor:?] | Ansatz aus heißem Rohstoff, Form I | trockene CTH-Materialform; im Herbal trockenes Blatt-/Krautgut | [tal:?] | [y:?] | [kar:?]	OPAQUE_OTHER_TOKENS|AL_COMPONENT_EXACT_ONLY	OPAQUE_CONTEXT	too few independently concrete neighbouring positions to test the complete noun phrase
G640-A03-080	3	okal	f58v	f58v.15	S	A	3	3	MIDDLE	oiin	aral	qot oiin okal aral s air qoal talchos okal cho ytam dam	qotoiin otal aral s air qoal talchos okal cho ytam dam	qot oiin okal aral s air qoal talchos okal cho ytam am	1	1	UNKNOWN_SURFACE	[okal:?]	Ansatz aus heißem Rohstoff, Form I	0	10	0.000000	[qot:?] | [oiin:?] | [okal:?] | [aral:?] | [s:?] | [air:?] | [qoal:?] | [talchos:?] | [okal:?] | [cho:?] | [ytam:?] | [dam:?]	[qot:?] | [oiin:?] | Ansatz aus heißem Rohstoff, Form I | [aral:?] | [s:?] | [air:?] | [qoal:?] | [talchos:?] | Ansatz aus heißem Rohstoff, Form I | [cho:?] | [ytam:?] | [dam:?]	OPAQUE_OTHER_TOKENS|AL_COMPONENT_EXACT_ONLY	OPAQUE_CONTEXT	too few independently concrete neighbouring positions to test the complete noun phrase
G640-A03-081	3	okal	f58v	f58v.15	S	A	3	9	MIDDLE	talchos	cho	qot oiin okal aral s air qoal talchos okal cho ytam dam	qotoiin otal aral s air qoal talchos okal cho ytam dam	qot oiin okal aral s air qoal talchos okal cho ytam am	0	0	UNKNOWN_SURFACE	[okal:?]	Ansatz aus heißem Rohstoff, Form I	0	10	0.000000	[qot:?] | [oiin:?] | [okal:?] | [aral:?] | [s:?] | [air:?] | [qoal:?] | [talchos:?] | [okal:?] | [cho:?] | [ytam:?] | [dam:?]	[qot:?] | [oiin:?] | Ansatz aus heißem Rohstoff, Form I | [aral:?] | [s:?] | [air:?] | [qoal:?] | [talchos:?] | Ansatz aus heißem Rohstoff, Form I | [cho:?] | [ytam:?] | [dam:?]	READER_SPLIT_OR_FUSION|OPAQUE_OTHER_TOKENS|AL_COMPONENT_EXACT_ONLY	READER_BOUNDARY_WARNING	target surface is split, fused or changed in at least one alternate reading
G640-A03-082	3	okal	f58v	f58v.20	S	A	3	7	MIDDLE	chol	ar	tolain ar ykeain qokeey otal chol okal ar ty chkalarol	tolain ar ykeain qokeey otal chol okal ar chety chkalar ol	tolain ar ykeain qokeey otal chol okal ar ty chkalar ol	1	1	UNKNOWN_SURFACE	[okal:?]	Ansatz aus heißem Rohstoff, Form I	1	9	0.111111	[tolain:?] | [ar:?] | [ykeain:?] | [qokeey:?] | [otal:?] | trocken; nominal trockenes Gut/Material | [okal:?] | [ar:?] | [ty:?] | [chkalarol:?]	[tolain:?] | [ar:?] | [ykeain:?] | [qokeey:?] | [otal:?] | trocken; nominal trockenes Gut/Material | Ansatz aus heißem Rohstoff, Form I | [ar:?] | [ty:?] | [chkalarol:?]	OPAQUE_OTHER_TOKENS|AL_COMPONENT_EXACT_ONLY	OPAQUE_CONTEXT	too few independently concrete neighbouring positions to test the complete noun phrase
G640-A03-083	3	okal	f58v	f58v.26	S	A	3	6	MIDDLE	qokeos	ar	ykaly qokal ol al qokeos okal ar okos al shekar qokair alam	ykaly qokal ol ar qokeos okalar okos al shekar qokair alam	ykaly qokal ol al qokeos okal ar oko s al shekar qokair alam	0	0	UNKNOWN_SURFACE	[okal:?]	Ansatz aus heißem Rohstoff, Form I	2	11	0.181818	[ykaly:?] | heiße Substanz | Eigenschafts-/Zustands-/Materialträger; als nacktes Wort Gut/Ansatz | [al:?] | [qokeos:?] | [okal:?] | [ar:?] | [okos:?] | [al:?] | [shekar:?] | [qokair:?] | [alam:?]	[ykaly:?] | heiße Substanz | Eigenschafts-/Zustands-/Materialträger; als nacktes Wort Gut/Ansatz | [al:?] | [qokeos:?] | Ansatz aus heißem Rohstoff, Form I | [ar:?] | [okos:?] | [al:?] | [shekar:?] | [qokair:?] | [alam:?]	READER_SPLIT_OR_FUSION|ACTIVE_RIVAL_CONTEXT|AL_COMPONENT_EXACT_ONLY	READER_BOUNDARY_WARNING	target surface is split, fused or changed in at least one alternate reading
G640-A03-084	3	okal	f58v	f58v.28	S	A	3	3	MIDDLE	okey	otaly	ycheockhy okey okal otaly okaldy okeor sheey	ycheo ckhy okey okal otaly okaldy okeor sheey	ycheockhy okey okal otaly okaldy okeor sheey	1	1	UNKNOWN_SURFACE	[okal:?]	Ansatz aus heißem Rohstoff, Form I	1	6	0.166667	[ycheockhy:?] | [okey:?] | [okal:?] | [otaly:?] | [okaldy:?] | [okeor:?] | feucht, Bindungsstufe II	[ycheockhy:?] | [okey:?] | Ansatz aus heißem Rohstoff, Form I | [otaly:?] | [okaldy:?] | [okeor:?] | feucht, Bindungsstufe II	OPAQUE_OTHER_TOKENS|AL_COMPONENT_EXACT_ONLY	OPAQUE_CONTEXT	too few independently concrete neighbouring positions to test the complete noun phrase
G640-A03-085	3	okal	f58v	f58v.31	S	A	3	4	MIDDLE	kar	qokeey	tcheor chor kar okal qokeey qokal shol qokain ar oetalchg	tcheor chor kar okal qokeey qotal shol qokain ar oetalchg	tcheor chor kar okal qokeey qokal shol qokain ar oetalchg	1	1	UNKNOWN_SURFACE	[okal:?]	Ansatz aus heißem Rohstoff, Form I	4	9	0.444444	[tcheor:?] | Pflanzen-/Reproduktionsteil | [kar:?] | [okal:?] | [qokeey:?] | heiße Substanz | feucht; nominal feuchtes Gut/Material | heiß, Grad II | [ar:?] | [oetalchg:?]	[tcheor:?] | Pflanzen-/Reproduktionsteil | [kar:?] | Ansatz aus heißem Rohstoff, Form I | [qokeey:?] | heiße Substanz | feucht; nominal feuchtes Gut/Material | heiß, Grad II | [ar:?] | [oetalchg:?]	AL_COMPONENT_EXACT_ONLY	CONSISTENT_CONCRETE	all visible candidate fields remain present and no opposite bound component is introduced
G640-A03-086	3	okal	f58v	f58v.36	S	A	3	5	MIDDLE	qokal	shokey	tcheody okeor ockhy qokal okal shokey qokeey dalar	tcheody okeor ockhy qokal okal shokey qokeey dalas	tcheody okeor ockhy qokal okal shokey qokeey alar	1	1	UNKNOWN_SURFACE	[okal:?]	Ansatz aus heißem Rohstoff, Form I	1	7	0.142857	[tcheody:?] | [okeor:?] | [ockhy:?] | heiße Substanz | [okal:?] | [shokey:?] | [qokeey:?] | [dalar:?]	[tcheody:?] | [okeor:?] | [ockhy:?] | heiße Substanz | Ansatz aus heißem Rohstoff, Form I | [shokey:?] | [qokeey:?] | [dalar:?]	OPAQUE_OTHER_TOKENS|AL_COMPONENT_EXACT_ONLY	OPAQUE_CONTEXT	too few independently concrete neighbouring positions to test the complete noun phrase
G640-A03-087	3	okal	f58v	f58v.38	S	A	3	6	MIDDLE	qokol	okor	ykeeody qokar qoky keey qokol okal okor cheky sydy	ykeeody qokar qoky keey qokol okol okor cheky sydy	ykeeody qokar qoky keey qok l okal okor cheky sy y	0	0	UNKNOWN_SURFACE	[okal:?]	Ansatz aus heißem Rohstoff, Form I	2	8	0.250000	[ykeeody:?] | heiße Portion | heiße Grundform | [keey:?] | [qokol:?] | [okal:?] | [okor:?] | [cheky:?] | [sydy:?]	[ykeeody:?] | heiße Portion | heiße Grundform | [keey:?] | [qokol:?] | Ansatz aus heißem Rohstoff, Form I | [okor:?] | [cheky:?] | [sydy:?]	READER_SPLIT_OR_FUSION|AL_COMPONENT_EXACT_ONLY	READER_BOUNDARY_WARNING	target surface is split, fused or changed in at least one alternate reading
G640-A03-088	3	okal	f58v	f58v.4	S	A	3	12	LAST	olkaly	<EOS>	or aiin okair y dair al qokal qokaiin qokaly okar olkaly okal	or aiin okair y dairal qokal qokaiin qokaly okar olkaly okal	or aiin okair y air al qokal qokaiin qokaly okar olkaly okal	1	1	UNKNOWN_SURFACE	[okal:?]	Ansatz aus heißem Rohstoff, Form I	4	11	0.363636	Teil-/Nominalträger; genaue Basisbedeutung offen | Menge III | [okair:?] | [y:?] | [dair:?] | [al:?] | heiße Substanz | heiß, Grad III | [qokaly:?] | [okar:?] | [olkaly:?] | [okal:?]	Teil-/Nominalträger; genaue Basisbedeutung offen | Menge III | [okair:?] | [y:?] | [dair:?] | [al:?] | heiße Substanz | heiß, Grad III | [qokaly:?] | [okar:?] | [olkaly:?] | Ansatz aus heißem Rohstoff, Form I	ACTIVE_RIVAL_CONTEXT|AL_COMPONENT_EXACT_ONLY	CONSISTENT_CONCRETE	all visible candidate fields remain present and no opposite bound component is introduced
G640-A03-089	3	okal	f58v	f58v.5	S	A	3	8	MIDDLE	yqokaly	qokaly	faiir ofas ar qotaiin sholy qotaiin yqokaly okal qokaly okaly	faiir ofaror qotaiin sholy qotaiin yqokaly okal qokaly okaly	faiir farar qotaiin oly qotaiin yqokaly okal qokaly okaly	1	1	UNKNOWN_SURFACE	[okal:?]	Ansatz aus heißem Rohstoff, Form I	2	9	0.222222	[faiir:?] | [ofas:?] | [ar:?] | kalt, Grad III | [sholy:?] | kalt, Grad III | [yqokaly:?] | [okal:?] | [qokaly:?] | [okaly:?]	[faiir:?] | [ofas:?] | [ar:?] | kalt, Grad III | [sholy:?] | kalt, Grad III | [yqokaly:?] | Ansatz aus heißem Rohstoff, Form I | [qokaly:?] | [okaly:?]	AL_COMPONENT_EXACT_ONLY	CONSISTENT_CONCRETE	all visible candidate fields remain present and no opposite bound component is introduced
G640-A03-090	3	okal	f66r	f66r.51	T	B	5	4	MIDDLE	qokeedar	okedy	sair shekey qokeedar okal okedy qokeedy qokal okedy qokshd	rair shekey qokeedar okal okedy qokeedy qokal okedy qokshd	sair shekey qokeedar okal okedy qokee y qokal oke y qokd	1	1	UNKNOWN_SURFACE	[okal:?]	Ansatz aus heißem Rohstoff, Form I	3	8	0.375000	Samenfraktion II | [shekey:?] | [qokeedar:?] | [okal:?] | [okedy:?] | heißer Zustand, Bindungsstufe II | heiße Substanz | [okedy:?] | [qokshd:?]	Samenfraktion II | [shekey:?] | [qokeedar:?] | Ansatz aus heißem Rohstoff, Form I | [okedy:?] | heißer Zustand, Bindungsstufe II | heiße Substanz | [okedy:?] | [qokshd:?]	AL_COMPONENT_EXACT_ONLY	CONSISTENT_CONCRETE	all visible candidate fields remain present and no opposite bound component is introduced
G640-A03-091	3	okal	f75r	f75r.34	B	B	2	3	MIDDLE	olkedy	dar	s olkedy okal dar oty okar otar ol kain oltedy	solkedy okal dar oty otar otar ol kain olkedy	s olke y okal dar oty okar otar ol kain olkedy	1	1	UNKNOWN_SURFACE	[okal:?]	Ansatz aus heißem Rohstoff, Form I	3	9	0.333333	[s:?] | [olkedy:?] | [okal:?] | [dar:?] | kalter Ansatz, Grundform | [okar:?] | [otar:?] | Eigenschafts-/Zustands-/Materialträger; als nacktes Wort Gut/Ansatz | heiß, Grad II | [oltedy:?]	[s:?] | [olkedy:?] | Ansatz aus heißem Rohstoff, Form I | [dar:?] | kalter Ansatz, Grundform | [okar:?] | [otar:?] | Eigenschafts-/Zustands-/Materialträger; als nacktes Wort Gut/Ansatz | heiß, Grad II | [oltedy:?]	ACTIVE_RIVAL_CONTEXT|AL_COMPONENT_EXACT_ONLY	CONSISTENT_CONCRETE	all visible candidate fields remain present and no opposite bound component is introduced
G640-A03-092	3	okal	f75v	f75v.3	B	B	2	4	MIDDLE	qokain	dal	sor sheky qokain okal dal olchedy daiin chckhy lkar chckhy rom	sor sheky qokain okal dal olchedy daiin chckhy lkar chckhy rom	sor eky qokain okal dal ol chedy daiin chckhy lkar chckhy om	1	1	UNKNOWN_SURFACE	[okal:?]	Ansatz aus heißem Rohstoff, Form I	3	10	0.300000	Samenportion | [sheky:?] | heiß, Grad II | [okal:?] | [dal:?] | [olchedy:?] | Grad-/Maßwert III | [chckhy:?] | [lkar:?] | [chckhy:?] | [rom:?]	Samenportion | [sheky:?] | heiß, Grad II | Ansatz aus heißem Rohstoff, Form I | [dal:?] | [olchedy:?] | Grad-/Maßwert III | [chckhy:?] | [lkar:?] | [chckhy:?] | [rom:?]	AL_COMPONENT_EXACT_ONLY	CONSISTENT_CONCRETE	all visible candidate fields remain present and no opposite bound component is introduced
G640-A03-093	3	okal	f75v	f75v.66	B	B	2	1	FIRST	<BOS>	sheedy	okal sheedy qoteedy qokchy ly	okal sheedy qoteedy qokeey ly	ok l eedy qoteedy qokeey ly	0	0	UNKNOWN_SURFACE	[okal:?]	Ansatz aus heißem Rohstoff, Form I	2	4	0.500000	[okal:?] | [sheedy:?] | [qoteedy:?] | heiß-trocken | rohes Drogenholz	Ansatz aus heißem Rohstoff, Form I | [sheedy:?] | [qoteedy:?] | heiß-trocken | rohes Drogenholz	READER_SPLIT_OR_FUSION|AL_COMPONENT_EXACT_ONLY	READER_BOUNDARY_WARNING	target surface is split, fused or changed in at least one alternate reading
G640-A03-094	3	okal	f76r	f76r.13	T	B	2	4	MIDDLE	chckhey	okaiin	qokeedy checthy chckhey okal okaiin sheckhey okeedy otey dal y kal chedy sar	qokeedy checthy chckhey okol okaiin sheckhey okeedy otey dal ykal chedy sar	qokeedy checthy chckhey okal okaiin sheckhey okeedy otey dal ykal chedy sar	0	0	UNKNOWN_SURFACE	[okal:?]	Ansatz aus heißem Rohstoff, Form I	5	12	0.416667	heißer Zustand, Bindungsstufe II | trockenes CTH-Drogenmaterial; im Herbal trockenes Blatt-/Krautgut | [chckhey:?] | [okal:?] | heiß, Grad III, im Ansatzrahmen | [sheckhey:?] | [okeedy:?] | [otey:?] | [dal:?] | [y:?] | [kal:?] | getrockneter Zustand | Samenfraktion I	heißer Zustand, Bindungsstufe II | trockenes CTH-Drogenmaterial; im Herbal trockenes Blatt-/Krautgut | [chckhey:?] | Ansatz aus heißem Rohstoff, Form I | heiß, Grad III, im Ansatzrahmen | [sheckhey:?] | [okeedy:?] | [otey:?] | [dal:?] | [y:?] | [kal:?] | getrockneter Zustand | Samenfraktion I	READER_SPLIT_OR_FUSION|AL_COMPONENT_EXACT_ONLY	READER_BOUNDARY_WARNING	target surface is split, fused or changed in at least one alternate reading
G640-A03-095	3	okal	f76r	f76r.53	T	B	2	10	MIDDLE	dshdy	chedyl	saiin qol shedy ol chedor chal shed qoteedy dshdy okal chedyl	saiin qol shedy ol chedor chal shed qoteedy dshedy okal chedyl	saiin qol edy ol chedor chal shed qoteedy dshedy okal chedyl	1	1	UNKNOWN_SURFACE	[okal:?]	Ansatz aus heißem Rohstoff, Form I	2	10	0.200000	Samen/Saatgut, Typ/Charge III | [qol:?] | [shedy:?] | Eigenschafts-/Zustands-/Materialträger; als nacktes Wort Gut/Ansatz | [chedor:?] | [chal:?] | [shed:?] | [qoteedy:?] | [dshdy:?] | [okal:?] | [chedyl:?]	Samen/Saatgut, Typ/Charge III | [qol:?] | [shedy:?] | Eigenschafts-/Zustands-/Materialträger; als nacktes Wort Gut/Ansatz | [chedor:?] | [chal:?] | [shed:?] | [qoteedy:?] | [dshdy:?] | Ansatz aus heißem Rohstoff, Form I | [chedyl:?]	ACTIVE_RIVAL_CONTEXT|AL_COMPONENT_EXACT_ONLY	CONSISTENT_CONCRETE	all visible candidate fields remain present and no opposite bound component is introduced
G640-A03-096	3	okal	f76v	f76v.3	B	B	2	10	LAST	oteedy	<EOS>	dchedy qokeedy oteedy chedaiin chey qokeedy olkedy ror oteedy okal	dchedy qokeedy oteedy chedaiin chey qokeedy olkedy ror oteedy okal	dched qokeedy oteedy chedaiin chey qokeedy olke y r r oteedy kal	0	0	UNKNOWN_SURFACE	[okal:?]	Ansatz aus heißem Rohstoff, Form I	3	9	0.333333	[dchedy:?] | heißer Zustand, Bindungsstufe II | [oteedy:?] | [chedaiin:?] | [chey:?] | heißer Zustand, Bindungsstufe II | [olkedy:?] | Wurzelportion | [oteedy:?] | [okal:?]	[dchedy:?] | heißer Zustand, Bindungsstufe II | [oteedy:?] | [chedaiin:?] | [chey:?] | heißer Zustand, Bindungsstufe II | [olkedy:?] | Wurzelportion | [oteedy:?] | Ansatz aus heißem Rohstoff, Form I	READER_SPLIT_OR_FUSION|AL_COMPONENT_EXACT_ONLY	READER_BOUNDARY_WARNING	target surface is split, fused or changed in at least one alternate reading
G640-A03-097	3	okal	f77v	f77v.12	B	B	2	4	MIDDLE	qokedy	chedy	lchedy shedal qokedy okal chedy qokal shedy chedy qol chdy lam	lchedy shedal qokedy okal chedy qokal shedy chedy qol chdy lam	lchedy e al qokedy okal chedy qokal shedy chedy qol ch y lam	1	1	UNKNOWN_SURFACE	[okal:?]	Ansatz aus heißem Rohstoff, Form I	5	10	0.500000	getrocknetes Drogenholz | [shedal:?] | [qokedy:?] | [okal:?] | getrockneter Zustand | heiße Substanz | [shedy:?] | getrockneter Zustand | [qol:?] | [chdy:?] | Drogenholz: Maß-/Einheitsform I	getrocknetes Drogenholz | [shedal:?] | [qokedy:?] | Ansatz aus heißem Rohstoff, Form I | getrockneter Zustand | heiße Substanz | [shedy:?] | getrockneter Zustand | [qol:?] | [chdy:?] | Drogenholz: Maß-/Einheitsform I	AL_COMPONENT_EXACT_ONLY	CONSISTENT_CONCRETE	all visible candidate fields remain present and no opposite bound component is introduced
G640-A03-098	3	okal	f78r	f78r.33	B	B	2	7	MIDDLE	qokeey	ol	ytedy daiin ykedy y olsheey qokeey okal ol keedy dyky	ytedy daiin ykedy yolsheey qokchy okal ol keedy dyky	ytedy daiin yke y yolsheey qokchy okal ol kee yky	1	1	UNKNOWN_SURFACE	[okal:?]	Ansatz aus heißem Rohstoff, Form I	2	9	0.222222	[ytedy:?] | Grad-/Maßwert III | [ykedy:?] | [y:?] | [olsheey:?] | [qokeey:?] | [okal:?] | Eigenschafts-/Zustands-/Materialträger; als nacktes Wort Gut/Ansatz | [keedy:?] | [dyky:?]	[ytedy:?] | Grad-/Maßwert III | [ykedy:?] | [y:?] | [olsheey:?] | [qokeey:?] | Ansatz aus heißem Rohstoff, Form I | Eigenschafts-/Zustands-/Materialträger; als nacktes Wort Gut/Ansatz | [keedy:?] | [dyky:?]	ACTIVE_RIVAL_CONTEXT|AL_COMPONENT_EXACT_ONLY	CONSISTENT_CONCRETE	all visible candidate fields remain present and no opposite bound component is introduced
G640-A03-099	3	okal	f78v	f78v.22	B	B	2	5	MIDDLE	shedy	okchey	okol shey ol shedy okal okchey okeol ol chedy qol	okal shey ol shedy okal okchey okeol olchedy qol	kol shey ol shedy okal okchey o e l ol chedy qol	1	1	UNKNOWN_SURFACE	[okal:?]	Ansatz aus heißem Rohstoff, Form I	4	9	0.444444	[okol:?] | feucht, attributiv gebunden | Eigenschafts-/Zustands-/Materialträger; als nacktes Wort Gut/Ansatz | [shedy:?] | [okal:?] | [okchey:?] | [okeol:?] | Eigenschafts-/Zustands-/Materialträger; als nacktes Wort Gut/Ansatz | getrockneter Zustand | [qol:?]	[okol:?] | feucht, attributiv gebunden | Eigenschafts-/Zustands-/Materialträger; als nacktes Wort Gut/Ansatz | [shedy:?] | Ansatz aus heißem Rohstoff, Form I | [okchey:?] | [okeol:?] | Eigenschafts-/Zustands-/Materialträger; als nacktes Wort Gut/Ansatz | getrockneter Zustand | [qol:?]	ACTIVE_RIVAL_CONTEXT|AL_COMPONENT_EXACT_ONLY	CONSISTENT_CONCRETE	all visible candidate fields remain present and no opposite bound component is introduced
G640-A03-100	3	okal	f78v	f78v.30	B	B	2	7	MIDDLE	oiiin	oltal	sal shol sain sheety or oiiin okal oltal qokar ary	sal shol sain sheety or oiiin okal oltal qokar ary	sal shol sain sheety or oiiin okal oltal qokar ary	1	1	UNKNOWN_SURFACE	[okal:?]	Ansatz aus heißem Rohstoff, Form I	4	9	0.444444	Saat-Rohstoff I | feucht; nominal feuchtes Gut/Material | [sain:?] | [sheety:?] | Teil-/Nominalträger; genaue Basisbedeutung offen | [oiiin:?] | [okal:?] | [oltal:?] | heiße Portion | [ary:?]	Saat-Rohstoff I | feucht; nominal feuchtes Gut/Material | [sain:?] | [sheety:?] | Teil-/Nominalträger; genaue Basisbedeutung offen | [oiiin:?] | Ansatz aus heißem Rohstoff, Form I | [oltal:?] | heiße Portion | [ary:?]	ACTIVE_RIVAL_CONTEXT|AL_COMPONENT_EXACT_ONLY	CONSISTENT_CONCRETE	all visible candidate fields remain present and no opposite bound component is introduced
G640-A03-101	3	okal	f78v	f78v.5	B	B	2	9	MIDDLE	dar	dal	qor olkeey olkain ol chsey ol cheeky dar okal dal olchedy	qor olkeey olkain ol eesey ol cheeky dar okal dal olchedy	qor olkee olkain ol chsey ol cheeky dar okal dal olchedy	1	1	UNKNOWN_SURFACE	[okal:?]	Ansatz aus heißem Rohstoff, Form I	2	10	0.200000	[qor:?] | [olkeey:?] | [olkain:?] | Eigenschafts-/Zustands-/Materialträger; als nacktes Wort Gut/Ansatz | [chsey:?] | Eigenschafts-/Zustands-/Materialträger; als nacktes Wort Gut/Ansatz | [cheeky:?] | [dar:?] | [okal:?] | [dal:?] | [olchedy:?]	[qor:?] | [olkeey:?] | [olkain:?] | Eigenschafts-/Zustands-/Materialträger; als nacktes Wort Gut/Ansatz | [chsey:?] | Eigenschafts-/Zustands-/Materialträger; als nacktes Wort Gut/Ansatz | [cheeky:?] | [dar:?] | Ansatz aus heißem Rohstoff, Form I | [dal:?] | [olchedy:?]	ACTIVE_RIVAL_CONTEXT|AL_COMPONENT_EXACT_ONLY	CONSISTENT_CONCRETE	all visible candidate fields remain present and no opposite bound component is introduced
G640-A03-102	3	okal	f80r	f80r.12	B	B	2	8	MIDDLE	qokain	qotain	dykshy ol otchedy qokain qotain chckhey qokain okal qotain okedy qo l r	dykshy olotchedy qokain qotain chckhy qokain okal qotain okedy qolr	d kshy ol otchedy qokain qotain chckhey qok in okal qotain oke y qolr	1	1	UNKNOWN_SURFACE	[okal:?]	Ansatz aus heißem Rohstoff, Form I	5	12	0.416667	[dykshy:?] | Eigenschafts-/Zustands-/Materialträger; als nacktes Wort Gut/Ansatz | [otchedy:?] | heiß, Grad II | kalt im qo-Rahmen, Grad II | [chckhey:?] | heiß, Grad II | [okal:?] | kalt im qo-Rahmen, Grad II | [okedy:?] | [qo:?] | [l:?] | [r:?]	[dykshy:?] | Eigenschafts-/Zustands-/Materialträger; als nacktes Wort Gut/Ansatz | [otchedy:?] | heiß, Grad II | kalt im qo-Rahmen, Grad II | [chckhey:?] | heiß, Grad II | Ansatz aus heißem Rohstoff, Form I | kalt im qo-Rahmen, Grad II | [okedy:?] | [qo:?] | [l:?] | [r:?]	AL_COMPONENT_EXACT_ONLY	CONSISTENT_CONCRETE	all visible candidate fields remain present and no opposite bound component is introduced
G640-A03-103	3	okal	f80v	f80v.21	B	B	2	3	MIDDLE	kain	y	tar kain okal y rchey qokal olor aiin okal otam	tor kain okal yrchey qokal olor aiin okal otam	t r kain okal y rchey qokal oloraiin okal otam	1	1	UNKNOWN_SURFACE	[okal:?]	Ansatz aus heißem Rohstoff, Form I	5	8	0.625000	[tar:?] | heiß, Grad II | [okal:?] | [y:?] | Wurzel/Wurzeldroge, trocken gebunden, Form I | heiße Substanz | Zutat | Menge III | [okal:?] | [otam:?]	[tar:?] | heiß, Grad II | Ansatz aus heißem Rohstoff, Form I | [y:?] | Wurzel/Wurzeldroge, trocken gebunden, Form I | heiße Substanz | Zutat | Menge III | Ansatz aus heißem Rohstoff, Form I | [otam:?]	AL_COMPONENT_EXACT_ONLY	CONSISTENT_CONCRETE	all visible candidate fields remain present and no opposite bound component is introduced
G640-A03-104	3	okal	f80v	f80v.21	B	B	2	9	MIDDLE	aiin	otam	tar kain okal y rchey qokal olor aiin okal otam	tor kain okal yrchey qokal olor aiin okal otam	t r kain okal y rchey qokal oloraiin okal otam	1	1	UNKNOWN_SURFACE	[okal:?]	Ansatz aus heißem Rohstoff, Form I	5	8	0.625000	[tar:?] | heiß, Grad II | [okal:?] | [y:?] | Wurzel/Wurzeldroge, trocken gebunden, Form I | heiße Substanz | Zutat | Menge III | [okal:?] | [otam:?]	[tar:?] | heiß, Grad II | Ansatz aus heißem Rohstoff, Form I | [y:?] | Wurzel/Wurzeldroge, trocken gebunden, Form I | heiße Substanz | Zutat | Menge III | Ansatz aus heißem Rohstoff, Form I | [otam:?]	AL_COMPONENT_EXACT_ONLY	CONSISTENT_CONCRETE	all visible candidate fields remain present and no opposite bound component is introduced
G640-A03-105	3	okal	f81r	f81r.25	B	B	2	6	MIDDLE	okair	chedy	sar shedy qol otain okair okal chedy dy	sar shedy qol otain okais okal chedy dy	s r shedy qol otain okair okal chedy dy	1	1	UNKNOWN_SURFACE	[okal:?]	Ansatz aus heißem Rohstoff, Form I	3	7	0.428571	Samenfraktion I | [shedy:?] | [qol:?] | kalt im Zubereitungsrahmen, Grad II | [okair:?] | [okal:?] | getrockneter Zustand | [dy:?]	Samenfraktion I | [shedy:?] | [qol:?] | kalt im Zubereitungsrahmen, Grad II | [okair:?] | Ansatz aus heißem Rohstoff, Form I | getrockneter Zustand | [dy:?]	AL_COMPONENT_EXACT_ONLY	CONSISTENT_CONCRETE	all visible candidate fields remain present and no opposite bound component is introduced
G640-A03-106	3	okal	f81v	f81v.13	B	B	2	9	LAST	ykedy	<EOS>	ykeshey dchsed ytedy ytedy dar ykeday qoty ykedy okal	ykecsey dched ytedy ytedy dar ykeda iphy qoty ykedy okal	ykeey chsed yte y yted dar ykedacphy qoty yke y okal	1	1	UNKNOWN_SURFACE	[okal:?]	Ansatz aus heißem Rohstoff, Form I	1	8	0.125000	[ykeshey:?] | [dchsed:?] | [ytedy:?] | [ytedy:?] | [dar:?] | [ykeday:?] | kalt, Grundform | [ykedy:?] | [okal:?]	[ykeshey:?] | [dchsed:?] | [ytedy:?] | [ytedy:?] | [dar:?] | [ykeday:?] | kalt, Grundform | [ykedy:?] | Ansatz aus heißem Rohstoff, Form I	OPAQUE_OTHER_TOKENS|AL_COMPONENT_EXACT_ONLY	OPAQUE_CONTEXT	too few independently concrete neighbouring positions to test the complete noun phrase
G640-A03-107	3	okal	f81v	f81v.2	B	B	2	4	MIDDLE	kair	sar	qokedy okaiin kair okal sar ol kain olkain al ol rol dl	qokedy okaiin kair okal sar ol kain olkain al ol rol dl	qoke y okaiin kair okal sar ol kain olkain al ol rol l	1	1	UNKNOWN_SURFACE	[okal:?]	Ansatz aus heißem Rohstoff, Form I	6	11	0.545455	[qokedy:?] | heiß, Grad III, im Ansatzrahmen | [kair:?] | [okal:?] | Samenfraktion I | Eigenschafts-/Zustands-/Materialträger; als nacktes Wort Gut/Ansatz | heiß, Grad II | [olkain:?] | [al:?] | Eigenschafts-/Zustands-/Materialträger; als nacktes Wort Gut/Ansatz | Wurzelstoff | [dl:?]	[qokedy:?] | heiß, Grad III, im Ansatzrahmen | [kair:?] | Ansatz aus heißem Rohstoff, Form I | Samenfraktion I | Eigenschafts-/Zustands-/Materialträger; als nacktes Wort Gut/Ansatz | heiß, Grad II | [olkain:?] | [al:?] | Eigenschafts-/Zustands-/Materialträger; als nacktes Wort Gut/Ansatz | Wurzelstoff | [dl:?]	ACTIVE_RIVAL_CONTEXT|AL_COMPONENT_EXACT_ONLY	CONSISTENT_CONCRETE	all visible candidate fields remain present and no opposite bound component is introduced
G640-A03-108	3	okal	f82r	f82r.12	B	B	2	7	MIDDLE	lolol	okarchedy	otedy qodched olqo dar checkho lolol okal okarchedy	otedy qodched olqo dar checkho lolol okal okair chedy	ote y qodched olqo dar checkhololol okal okarchedy	1	1	UNKNOWN_SURFACE	[okal:?]	Ansatz aus heißem Rohstoff, Form I	1	7	0.142857	gekühlter Ansatz | [qodched:?] | [olqo:?] | [dar:?] | [checkho:?] | [lolol:?] | [okal:?] | [okarchedy:?]	gekühlter Ansatz | [qodched:?] | [olqo:?] | [dar:?] | [checkho:?] | [lolol:?] | Ansatz aus heißem Rohstoff, Form I | [okarchedy:?]	OPAQUE_OTHER_TOKENS|AL_COMPONENT_EXACT_ONLY	OPAQUE_CONTEXT	too few independently concrete neighbouring positions to test the complete noun phrase
G640-A03-109	3	okal	f82r	f82r.36	B	B	2	1	FIRST	<BOS>	<EOS>	okal	okal	okal	1	1	UNKNOWN_SURFACE	[okal:?]	Ansatz aus heißem Rohstoff, Form I	0	1	0.000000	[okal:?]	Ansatz aus heißem Rohstoff, Form I	OPAQUE_OTHER_TOKENS|AL_COMPONENT_EXACT_ONLY	OPAQUE_CONTEXT	too few independently concrete neighbouring positions to test the complete noun phrase
G640-A03-110	3	okal	f82r	f82r.6	B	B	2	6	MIDDLE	sheckhy	sheky	sar shedy qol shedaiin sheckhy okal sheky qotaiin chedol	sor shedy qol shedaiin sheckhy okal sheky qotaiin chedol	sar shedy qol shedaiin sheckh okal sheky qotaiin ched l	1	1	UNKNOWN_SURFACE	[okal:?]	Ansatz aus heißem Rohstoff, Form I	2	8	0.250000	Samenfraktion I | [shedy:?] | [qol:?] | [shedaiin:?] | [sheckhy:?] | [okal:?] | [sheky:?] | kalt, Grad III | [chedol:?]	Samenfraktion I | [shedy:?] | [qol:?] | [shedaiin:?] | [sheckhy:?] | Ansatz aus heißem Rohstoff, Form I | [sheky:?] | kalt, Grad III | [chedol:?]	AL_COMPONENT_EXACT_ONLY	CONSISTENT_CONCRETE	all visible candidate fields remain present and no opposite bound component is introduced
G640-A03-111	3	okal	f82v	f82v.16	B	B	2	8	MIDDLE	qokain	dy	qokedy lchey cheey raiin shes qokchey qokain okal dy lchedam	qokedy lchey cheey raiin shes qokchey qokain okal dy lchedam	qokedy lchey cheey r aiin es qokchey qokain okal dy lchedam	1	1	UNKNOWN_SURFACE	[okal:?]	Ansatz aus heißem Rohstoff, Form I	3	9	0.333333	[qokedy:?] | Drogenholz, trocken gebunden, Form I | [cheey:?] | Wurzel, Typ/Charge III | [shes:?] | [qokchey:?] | heiß, Grad II | [okal:?] | [dy:?] | [lchedam:?]	[qokedy:?] | Drogenholz, trocken gebunden, Form I | [cheey:?] | Wurzel, Typ/Charge III | [shes:?] | [qokchey:?] | heiß, Grad II | Ansatz aus heißem Rohstoff, Form I | [dy:?] | [lchedam:?]	AL_COMPONENT_EXACT_ONLY	CONSISTENT_CONCRETE	all visible candidate fields remain present and no opposite bound component is introduced
G640-A03-112	3	okal	f85r1	f85r1.15	T	B	2	4	MIDDLE	okaiin	al	qokeeodaiin chey okaiin okal al dl sheokey cheokaiin ol keeo dal olky	qokeeodain chey okaiin okal al dl sheokey cheokain ol keeo dal olky	qokeeodaiin chey okaiin okal al dl sheokey cheokaiin olkeeo al olky	1	1	UNKNOWN_SURFACE	[okal:?]	Ansatz aus heißem Rohstoff, Form I	2	11	0.181818	[qokeeodaiin:?] | [chey:?] | heiß, Grad III, im Ansatzrahmen | [okal:?] | [al:?] | [dl:?] | [sheokey:?] | [cheokaiin:?] | Eigenschafts-/Zustands-/Materialträger; als nacktes Wort Gut/Ansatz | [keeo:?] | [dal:?] | [olky:?]	[qokeeodaiin:?] | [chey:?] | heiß, Grad III, im Ansatzrahmen | Ansatz aus heißem Rohstoff, Form I | [al:?] | [dl:?] | [sheokey:?] | [cheokaiin:?] | Eigenschafts-/Zustands-/Materialträger; als nacktes Wort Gut/Ansatz | [keeo:?] | [dal:?] | [olky:?]	AL_COMPONENT_EXACT_ONLY	CONSISTENT_CONCRETE	all visible candidate fields remain present and no opposite bound component is introduced
G640-A03-113	3	okal	f86v5	f86v5.24	T	B	2	4	MIDDLE	ykain	kchody	oar aiin ykain okal kchody chckhy otaiin olkar otaiin	oar aiin ykain okal kchody chckhy otaiin olkar otaiin	oar aiin ykain okal kchody chckhy otaiin olkar otaiin	1	1	UNKNOWN_SURFACE	[okal:?]	Ansatz aus heißem Rohstoff, Form I	3	8	0.375000	[oar:?] | Menge III | [ykain:?] | [okal:?] | [kchody:?] | [chckhy:?] | kalt im Zubereitungsrahmen, Grad III | [olkar:?] | kalt im Zubereitungsrahmen, Grad III	[oar:?] | Menge III | [ykain:?] | Ansatz aus heißem Rohstoff, Form I | [kchody:?] | [chckhy:?] | kalt im Zubereitungsrahmen, Grad III | [olkar:?] | kalt im Zubereitungsrahmen, Grad III	AL_COMPONENT_EXACT_ONLY	CONSISTENT_CONCRETE	all visible candidate fields remain present and no opposite bound component is introduced
G640-A03-114	3	okal	f86v6	f86v6.14	T	B	2	5	MIDDLE	ykeedy	or	ykchy cholkaiin chey ykeedy okal or chcfhy lkey okar dar ol ain	ykchy cholkaiin chey ykeeedy okal or checfhy lkey okar dar ol ain	ykchy cholkaiin chey ykeedy okal or chcfhy lkey okar dar ol ain	1	1	UNKNOWN_SURFACE	[okal:?]	Ansatz aus heißem Rohstoff, Form I	3	11	0.272727	[ykchy:?] | [cholkaiin:?] | [chey:?] | [ykeedy:?] | [okal:?] | Teil-/Nominalträger; genaue Basisbedeutung offen | [chcfhy:?] | [lkey:?] | [okar:?] | [dar:?] | Eigenschafts-/Zustands-/Materialträger; als nacktes Wort Gut/Ansatz | Menge-/Klassenwert II	[ykchy:?] | [cholkaiin:?] | [chey:?] | [ykeedy:?] | Ansatz aus heißem Rohstoff, Form I | Teil-/Nominalträger; genaue Basisbedeutung offen | [chcfhy:?] | [lkey:?] | [okar:?] | [dar:?] | Eigenschafts-/Zustands-/Materialträger; als nacktes Wort Gut/Ansatz | Menge-/Klassenwert II	ACTIVE_RIVAL_CONTEXT|AL_COMPONENT_EXACT_ONLY	CONSISTENT_CONCRETE	all visible candidate fields remain present and no opposite bound component is introduced
G640-A03-115	3	okal	f89v1	f89v1.16	P	A	1	5	MIDDLE	okaldy	dal	qokaiin ykchol qockhy okaldy okal dal chodar okaiin dalg	qokaiin ykchol qockhy okalda otal dal chodar okaiin dalg	qokaiin ykchol qockhy okal y otal dal chodar okaiin dalg	0	0	UNKNOWN_SURFACE	[okal:?]	Ansatz aus heißem Rohstoff, Form I	2	8	0.250000	heiß, Grad III | [ykchol:?] | [qockhy:?] | [okaldy:?] | [okal:?] | [dal:?] | [chodar:?] | heiß, Grad III, im Ansatzrahmen | [dalg:?]	heiß, Grad III | [ykchol:?] | [qockhy:?] | [okaldy:?] | Ansatz aus heißem Rohstoff, Form I | [dal:?] | [chodar:?] | heiß, Grad III, im Ansatzrahmen | [dalg:?]	READER_SPLIT_OR_FUSION|AL_COMPONENT_EXACT_ONLY	READER_BOUNDARY_WARNING	target surface is split, fused or changed in at least one alternate reading
G640-A03-116	3	okal	f89v1	f89v1.20	P	A	1	6	MIDDLE	daiin	choldy	sol chey okchol sair daiin okal choldy	sol chey okchol sair daiin okal choldy	sol chey okchol sair daiin okalchol y	0	0	UNKNOWN_SURFACE	[okal:?]	Ansatz aus heißem Rohstoff, Form I	3	6	0.500000	Samenmaterial/Saatgut | [chey:?] | [okchol:?] | Samenfraktion II | Grad-/Maßwert III | [okal:?] | [choldy:?]	Samenmaterial/Saatgut | [chey:?] | [okchol:?] | Samenfraktion II | Grad-/Maßwert III | Ansatz aus heißem Rohstoff, Form I | [choldy:?]	READER_SPLIT_OR_FUSION|AL_COMPONENT_EXACT_ONLY	READER_BOUNDARY_WARNING	target surface is split, fused or changed in at least one alternate reading
G640-A03-117	3	okal	f94r	f94r.2	H	B	3	5	MIDDLE	odor	okair	dor cheody okaiin odor okal okair oky daiir qotar okar olaiin	dor cheody okaiin odor okal okair oky daiis qotar okar olaiin	dor cheody okaiin od r okal okair oky daiir qotar okar olaiin	1	1	UNKNOWN_SURFACE	[okal:?]	Ansatz aus heißem Rohstoff, Form I	2	10	0.200000	[dor:?] | getrockneter Ansatz | heiß, Grad III, im Ansatzrahmen | [odor:?] | [okal:?] | [okair:?] | [oky:?] | [daiir:?] | [qotar:?] | [okar:?] | [olaiin:?]	[dor:?] | getrockneter Ansatz | heiß, Grad III, im Ansatzrahmen | [odor:?] | Ansatz aus heißem Rohstoff, Form I | [okair:?] | [oky:?] | [daiir:?] | [qotar:?] | [okar:?] | [olaiin:?]	AL_COMPONENT_EXACT_ONLY	CONSISTENT_CONCRETE	all visible candidate fields remain present and no opposite bound component is introduced
G640-A03-118	3	okal	f94v	f94v.1	H	B	3	5	MIDDLE	qokchedy	dar	tshedy chedar char qokchedy okal dar opchackhy oteedan	tshedy chedar char qokchedy okal dar opchaikhy oteedan	tshe y che ar char qokche y okal ar opchay otee an	1	1	UNKNOWN_SURFACE	[okal:?]	Ansatz aus heißem Rohstoff, Form I	0	7	0.000000	[tshedy:?] | [chedar:?] | [char:?] | [qokchedy:?] | [okal:?] | [dar:?] | [opchackhy:?] | [oteedan:?]	[tshedy:?] | [chedar:?] | [char:?] | [qokchedy:?] | Ansatz aus heißem Rohstoff, Form I | [dar:?] | [opchackhy:?] | [oteedan:?]	OPAQUE_OTHER_TOKENS|AL_COMPONENT_EXACT_ONLY	OPAQUE_CONTEXT	too few independently concrete neighbouring positions to test the complete noun phrase
G640-A03-119	3	okal	f95r2	f95r2.5	H	B	3	5	MIDDLE	chcfhol	chedy	tshod qokal ody chcfhol okal chedy dalshdy qopchdy kary	tshod qokal ody chcfhol okal chedy dalshdy qopchdy kary	tshod qokal o y chcfhol okal chedy dalshdy qopchdy kary	1	1	UNKNOWN_SURFACE	[okal:?]	Ansatz aus heißem Rohstoff, Form I	2	8	0.250000	[tshod:?] | heiße Substanz | [ody:?] | [chcfhol:?] | [okal:?] | getrockneter Zustand | [dalshdy:?] | [qopchdy:?] | [kary:?]	[tshod:?] | heiße Substanz | [ody:?] | [chcfhol:?] | Ansatz aus heißem Rohstoff, Form I | getrockneter Zustand | [dalshdy:?] | [qopchdy:?] | [kary:?]	AL_COMPONENT_EXACT_ONLY	CONSISTENT_CONCRETE	all visible candidate fields remain present and no opposite bound component is introduced
G640-A03-120	3	okal	f95r2	f95r2.8	H	B	3	4	MIDDLE	cheol	chedy	tedykaiin y cheol okal chedy shdy qokchdy otar chctham	tedy kaiin ycheol okal chedy shdy qokchdy otar chctham	te ykaiin y cheol ok l chedy sh y qokchdy otar chcthag	0	0	UNKNOWN_SURFACE	[okal:?]	Ansatz aus heißem Rohstoff, Form I	1	8	0.125000	[tedykaiin:?] | [y:?] | [cheol:?] | [okal:?] | getrockneter Zustand | [shdy:?] | [qokchdy:?] | [otar:?] | [chctham:?]	[tedykaiin:?] | [y:?] | [cheol:?] | Ansatz aus heißem Rohstoff, Form I | getrockneter Zustand | [shdy:?] | [qokchdy:?] | [otar:?] | [chctham:?]	READER_SPLIT_OR_FUSION|OPAQUE_OTHER_TOKENS|AL_COMPONENT_EXACT_ONLY	READER_BOUNDARY_WARNING	target surface is split, fused or changed in at least one alternate reading
G640-A03-121	3	okal	f95v2	f95v2.3	H	B	3	7	MIDDLE	chckhy	otain	archytaiin shekoiin okar or aiin chckhy okal otain okalody	arcsy taiin shekain okar or aiin chckhy okal otain okal ody	archytaiin shekiiin okar or aiin chckhy okal otain okalody	1	1	UNKNOWN_SURFACE	[okal:?]	Ansatz aus heißem Rohstoff, Form I	3	8	0.375000	[archytaiin:?] | [shekoiin:?] | [okar:?] | Teil-/Nominalträger; genaue Basisbedeutung offen | Menge III | [chckhy:?] | [okal:?] | kalt im Zubereitungsrahmen, Grad II | [okalody:?]	[archytaiin:?] | [shekoiin:?] | [okar:?] | Teil-/Nominalträger; genaue Basisbedeutung offen | Menge III | [chckhy:?] | Ansatz aus heißem Rohstoff, Form I | kalt im Zubereitungsrahmen, Grad II | [okalody:?]	ACTIVE_RIVAL_CONTEXT|AL_COMPONENT_EXACT_ONLY	CONSISTENT_CONCRETE	all visible candidate fields remain present and no opposite bound component is introduced
G640-A03-122	3	okal	f99v	f99v.33	P	A	1	4	MIDDLE	okeor	okaiin	dol okeeol okeor okal okaiin ckheol okolaiin okolaiin cheoldy	dol okeeol okeor okol okaiin ckheol okolaiin okolaiin cheol dy	dol okeeol okeor okol okaiin ckheol okalaiin okolaiin cheol y	0	0	UNKNOWN_SURFACE	[okal:?]	Ansatz aus heißem Rohstoff, Form I	2	8	0.250000	Materialmaß | [okeeol:?] | [okeor:?] | [okal:?] | heiß, Grad III, im Ansatzrahmen | [ckheol:?] | [okolaiin:?] | [okolaiin:?] | [cheoldy:?]	Materialmaß | [okeeol:?] | [okeor:?] | Ansatz aus heißem Rohstoff, Form I | heiß, Grad III, im Ansatzrahmen | [ckheol:?] | [okolaiin:?] | [okolaiin:?] | [cheoldy:?]	READER_SPLIT_OR_FUSION|AL_COMPONENT_EXACT_ONLY	READER_BOUNDARY_WARNING	target surface is split, fused or changed in at least one alternate reading
G640-A03-123	3	okal	f99v	f99v.42	P	A	1	8	MIDDLE	ykeol	okaldaly	ol sheol olkeol okol or oraloly ykeol okal okaldaly	olsheol olkeol okol or oraloly ykeol okal okoldaly	ol sheol olkeol okol or oraloly ykeol okal okoldaly	1	1	UNKNOWN_SURFACE	[okal:?]	Ansatz aus heißem Rohstoff, Form I	3	8	0.375000	Eigenschafts-/Zustands-/Materialträger; als nacktes Wort Gut/Ansatz | feuchtes Material | [olkeol:?] | [okol:?] | Teil-/Nominalträger; genaue Basisbedeutung offen | [oraloly:?] | [ykeol:?] | [okal:?] | [okaldaly:?]	Eigenschafts-/Zustands-/Materialträger; als nacktes Wort Gut/Ansatz | feuchtes Material | [olkeol:?] | [okol:?] | Teil-/Nominalträger; genaue Basisbedeutung offen | [oraloly:?] | [ykeol:?] | Ansatz aus heißem Rohstoff, Form I | [okaldaly:?]	ACTIVE_RIVAL_CONTEXT|AL_COMPONENT_EXACT_ONLY	CONSISTENT_CONCRETE	all visible candidate fields remain present and no opposite bound component is introduced
G640-A04-001	4	chotcheol	f49r	f49r.11	H	A	1	1	FIRST	<BOS>	dchol	chotcheol dchol	chotcheol dchol	chotcheol dchol	1	1	UNKNOWN_SURFACE	[chotcheol:?]	Trockenansatz aus kalt-trockenem Drogenstoff	1	1	1.000000	[chotcheol:?] | Maß trockenen Materials	Trockenansatz aus kalt-trockenem Drogenstoff | Maß trockenen Materials	DOUBLE_DRY_SCOPE_EXACT_ONLY	CONSISTENT_CONCRETE	all visible candidate fields remain present and no opposite bound component is introduced
