surface	neighbor_side	side_frequency_rank	exact_pair_expression	neighbor_surface	exact_pair_count	target_exact_neighbor_contexts	conditional_rate	neighbor_background_pairs_same_side	all_exact_adjacent_pairs	baseline_rate	descriptive_lift	neighbor_exact_occurrences	neighbor_is_ordered_value_form	neighbor_is_formula_whole	relation_is_exact_whole_adjacency_only	semantic_equivalence_inferred	component_export_credit
chor	LEFT	1	chol chor	chol	7	139	0.050360	251	16657	0.015069	3.341999	303	0	0	1	0	0
chor	LEFT	2	daiin chor	daiin	5	139	0.035971	412	16657	0.024734	1.454303	602	0	0	1	0	0
chor	LEFT	3	chor chor	chor	4	139	0.028777	141	16657	0.008465	3.399561	176	0	0	1	0	0
chor	LEFT	4	or chor	or	4	139	0.028777	181	16657	0.010866	2.648277	235	0	0	1	0	0
chor	LEFT	5	dal chor	dal	3	139	0.021583	81	16657	0.004863	4.438316	147	0	0	1	0	0
chor	LEFT	6	dar chor	dar	3	139	0.021583	122	16657	0.007324	2.946751	195	0	0	1	0	0
chor	LEFT	7	aiin chor	aiin	2	139	0.014388	253	16657	0.015189	0.947309	338	1	0	1	0	0
chor	LEFT	8	ar chor	ar	2	139	0.014388	176	16657	0.010566	1.361756	242	0	0	1	0	0
chor	LEFT	9	chy chor	chy	2	139	0.014388	76	16657	0.004563	3.153540	114	0	0	1	0	0
chor	LEFT	10	cthy chor	cthy	2	139	0.014388	49	16657	0.002942	4.891205	85	0	0	1	0	0
chor	LEFT	11	doiin chor	doiin	2	139	0.014388	6	16657	0.000360	39.944844	9	0	0	1	0	0
chor	LEFT	12	oky chor	oky	2	139	0.014388	44	16657	0.002642	5.447024	80	0	0	1	0	0
chor	LEFT	13	qokchor chor	qokchor	2	139	0.014388	5	16657	0.000300	47.933813	7	0	1	1	0	0
chor	LEFT	14	qotaiin chor	qotaiin	2	139	0.014388	50	16657	0.003002	4.793381	77	0	0	1	0	0
chor	LEFT	15	qotchor chor	qotchor	2	139	0.014388	10	16657	0.000600	23.966906	11	0	0	1	0	0
chor	LEFT	16	qotor chor	qotor	2	139	0.014388	18	16657	0.001081	13.314948	22	0	0	1	0	0
chor	LEFT	17	s chor	s	2	139	0.014388	99	16657	0.005943	2.420900	154	0	0	1	0	0
chor	LEFT	18	shor chor	shor	2	139	0.014388	63	16657	0.003782	3.804271	77	0	0	1	0	0
chor	LEFT	19	ycheor chor	ycheor	2	139	0.014388	5	16657	0.000300	47.933813	6	0	1	1	0	0
chor	LEFT	20	ychor chor	ychor	2	139	0.014388	13	16657	0.000780	18.436082	13	0	1	1	0	0
chor	LEFT	21	cfhar chor	cfhar	1	139	0.007194	1	16657	0.000060	119.834532	1	0	0	1	0	0
chor	LEFT	22	chckhy chor	chckhy	1	139	0.007194	86	16657	0.005163	1.393425	115	0	0	1	0	0
chor	LEFT	23	chcthey chor	chcthey	1	139	0.007194	5	16657	0.000300	23.966906	6	0	0	1	0	0
chor	LEFT	24	chdal chor	chdal	1	139	0.007194	9	16657	0.000540	13.314948	13	0	0	1	0	0
chor	LEFT	25	chedy chor	chedy	1	139	0.007194	219	16657	0.013148	0.547190	296	0	0	1	0	0
chor	LEFT	26	cheeky chor	cheeky	1	139	0.007194	17	16657	0.001021	7.049090	22	0	0	1	0	0
chor	LEFT	27	cheo chor	cheo	1	139	0.007194	27	16657	0.001621	4.438316	36	0	0	1	0	0
chor	LEFT	28	cheokchet chor	cheokchet	1	139	0.007194	1	16657	0.000060	119.834532	1	0	0	1	0	0
chor	LEFT	29	cheom chor	cheom	1	139	0.007194	2	16657	0.000120	59.917266	7	0	0	1	0	0
chor	LEFT	30	cheor chor	cheor	1	139	0.007194	46	16657	0.002762	2.605099	56	0	0	1	0	0
chor	LEFT	31	chey chor	chey	1	139	0.007194	212	16657	0.012727	0.565257	282	0	0	1	0	0
chor	LEFT	32	chokchol chor	chokchol	1	139	0.007194	4	16657	0.000240	29.958633	4	0	0	1	0	0
chor	LEFT	33	chokor chor	chokor	1	139	0.007194	1	16657	0.000060	119.834532	5	0	0	1	0	0
chor	LEFT	34	chos chor	chos	1	139	0.007194	16	16657	0.000961	7.489658	27	0	0	1	0	0
chor	LEFT	35	choty chor	choty	1	139	0.007194	26	16657	0.001561	4.609020	32	0	0	1	0	0
chor	LEFT	36	chr chor	chr	1	139	0.007194	4	16657	0.000240	29.958633	6	0	0	1	0	0
chor	LEFT	37	chyty chor	chyty	1	139	0.007194	4	16657	0.000240	29.958633	4	0	0	1	0	0
chor	LEFT	38	ckhy chor	ckhy	1	139	0.007194	18	16657	0.001081	6.657474	25	0	0	1	0	0
chor	LEFT	39	cphol chor	cphol	1	139	0.007194	7	16657	0.000420	17.119219	10	0	0	1	0	0
chor	LEFT	40	cthodoaly chor	cthodoaly	1	139	0.007194	1	16657	0.000060	119.834532	1	0	0	1	0	0
chor	LEFT	41	cthody chor	cthody	1	139	0.007194	8	16657	0.000480	14.979317	12	0	0	1	0	0
chor	LEFT	42	cthom chor	cthom	1	139	0.007194	2	16657	0.000120	59.917266	5	0	0	1	0	0
chor	LEFT	43	cthor chor	cthor	1	139	0.007194	32	16657	0.001921	3.744829	39	0	0	1	0	0
chor	LEFT	44	dair chor	dair	1	139	0.007194	39	16657	0.002341	3.072680	63	0	0	1	0	0
chor	LEFT	45	dam chor	dam	1	139	0.007194	11	16657	0.000660	10.894048	37	0	0	1	0	0
chor	LEFT	46	dor chor	dor	1	139	0.007194	43	16657	0.002581	2.786850	48	0	0	1	0	0
chor	LEFT	47	dshy chor	dshy	1	139	0.007194	5	16657	0.000300	23.966906	6	0	0	1	0	0
chor	LEFT	48	dy chor	dy	1	139	0.007194	79	16657	0.004743	1.516893	149	0	0	1	0	0
chor	LEFT	49	kain chor	kain	1	139	0.007194	24	16657	0.001441	4.993106	36	0	0	1	0	0
chor	LEFT	50	kchol chor	kchol	1	139	0.007194	17	16657	0.001021	7.049090	19	0	0	1	0	0
chor	LEFT	51	kchom chor	kchom	1	139	0.007194	1	16657	0.000060	119.834532	1	0	0	1	0	0
chor	LEFT	52	kedy chor	kedy	1	139	0.007194	10	16657	0.000600	11.983453	16	0	0	1	0	0
chor	LEFT	53	keol chor	keol	1	139	0.007194	13	16657	0.000780	9.218041	16	0	0	1	0	0
chor	LEFT	54	ochaiin chor	ochaiin	1	139	0.007194	1	16657	0.000060	119.834532	1	0	0	1	0	0
chor	LEFT	55	ochoaiin chor	ochoaiin	1	139	0.007194	1	16657	0.000060	119.834532	1	0	0	1	0	0
chor	LEFT	56	oees chor	oees	1	139	0.007194	6	16657	0.000360	19.972422	7	0	0	1	0	0
chor	LEFT	57	okol chor	okol	1	139	0.007194	36	16657	0.002161	3.328737	50	0	0	1	0	0
chor	LEFT	58	okor chor	okor	1	139	0.007194	16	16657	0.000961	7.489658	16	0	0	1	0	0
chor	LEFT	59	ol chor	ol	1	139	0.007194	263	16657	0.015789	0.455645	376	0	0	1	0	0
chor	LEFT	60	oldal chor	oldal	1	139	0.007194	1	16657	0.000060	119.834532	2	0	0	1	0	0
chor	LEFT	61	oor chor	oor	1	139	0.007194	2	16657	0.000120	59.917266	2	0	0	1	0	0
chor	LEFT	62	oraiin chor	oraiin	1	139	0.007194	15	16657	0.000901	7.988969	21	0	0	1	0	0
chor	LEFT	63	otcham chor	otcham	1	139	0.007194	3	16657	0.000180	39.944844	5	0	0	1	0	0
chor	LEFT	64	otchor chor	otchor	1	139	0.007194	13	16657	0.000780	9.218041	16	0	0	1	0	0
chor	LEFT	65	otchy chor	otchy	1	139	0.007194	28	16657	0.001681	4.279805	36	0	0	1	0	0
chor	LEFT	66	otor chor	otor	1	139	0.007194	20	16657	0.001201	5.991727	24	0	0	1	0	0
chor	LEFT	67	pchodol chor	pchodol	1	139	0.007194	2	16657	0.000120	59.917266	2	0	0	1	0	0
chor	LEFT	68	pshol chor	pshol	1	139	0.007194	2	16657	0.000120	59.917266	2	0	0	1	0	0
chor	LEFT	69	qockhol chor	qockhol	1	139	0.007194	4	16657	0.000240	29.958633	5	0	0	1	0	0
chor	LEFT	70	qokaiin chor	qokaiin	1	139	0.007194	180	16657	0.010806	0.665747	241	0	0	1	0	0
chor	LEFT	71	qokain chor	qokain	1	139	0.007194	195	16657	0.011707	0.614536	256	0	0	1	0	0
chor	LEFT	72	qokar chor	qokar	1	139	0.007194	102	16657	0.006124	1.174848	132	0	0	1	0	0
chor	LEFT	73	qokchdy chor	qokchdy	1	139	0.007194	24	16657	0.001441	4.993106	29	0	0	1	0	0
chor	LEFT	74	qokchol chor	qokchol	1	139	0.007194	13	16657	0.000780	9.218041	15	0	0	1	0	0
chor	LEFT	75	qokeeol chor	qokeeol	1	139	0.007194	4	16657	0.000240	29.958633	7	0	0	1	0	0
chor	LEFT	76	qokeey chor	qokeey	1	139	0.007194	189	16657	0.011347	0.634045	264	0	0	1	0	0
chor	LEFT	77	qokey chor	qokey	1	139	0.007194	72	16657	0.004323	1.664369	88	0	0	1	0	0
chor	LEFT	78	qokol chor	qokol	1	139	0.007194	63	16657	0.003782	1.902135	82	0	0	1	0	0
chor	LEFT	79	qoky chor	qoky	1	139	0.007194	79	16657	0.004743	1.516893	125	0	0	1	0	0
chor	LEFT	80	qosaiin chor	qosaiin	1	139	0.007194	2	16657	0.000120	59.917266	2	0	0	1	0	0
chor	LEFT	81	qoty chor	qoty	1	139	0.007194	48	16657	0.002882	2.496553	77	0	0	1	0	0
chor	LEFT	82	sar chor	sar	1	139	0.007194	33	16657	0.001981	3.631349	45	0	0	1	0	0
chor	LEFT	83	schey chor	schey	1	139	0.007194	3	16657	0.000180	39.944844	4	0	0	1	0	0
chor	LEFT	84	sheeor chor	sheeor	1	139	0.007194	2	16657	0.000120	59.917266	2	0	0	1	0	0
chor	LEFT	85	shees chor	shees	1	139	0.007194	4	16657	0.000240	29.958633	4	0	0	1	0	0
chor	LEFT	86	sho chor	sho	1	139	0.007194	80	16657	0.004803	1.497932	93	0	0	1	0	0
chor	LEFT	87	shoiin chor	shoiin	1	139	0.007194	4	16657	0.000240	29.958633	6	0	0	1	0	0
chor	LEFT	88	shokchy chor	shokchy	1	139	0.007194	4	16657	0.000240	29.958633	5	0	0	1	0	0
chor	LEFT	89	shokeeol chor	shokeeol	1	139	0.007194	1	16657	0.000060	119.834532	1	0	0	1	0	0
chor	LEFT	90	shy chor	shy	1	139	0.007194	51	16657	0.003062	2.349697	67	0	0	1	0	0
chor	LEFT	91	sor chor	sor	1	139	0.007194	30	16657	0.001801	3.994484	34	0	0	1	0	0
chor	LEFT	92	sy chor	sy	1	139	0.007194	8	16657	0.000480	14.979317	26	0	0	1	0	0
chor	LEFT	93	tcheor chor	tcheor	1	139	0.007194	2	16657	0.000120	59.917266	3	0	0	1	0	0
chor	LEFT	94	tchor chor	tchor	1	139	0.007194	15	16657	0.000901	7.988969	17	0	0	1	0	0
chor	LEFT	95	teol chor	teol	1	139	0.007194	7	16657	0.000420	17.119219	12	0	0	1	0	0
chor	LEFT	96	tochol chor	tochol	1	139	0.007194	1	16657	0.000060	119.834532	1	0	0	1	0	0
chor	LEFT	97	y chor	y	1	139	0.007194	42	16657	0.002521	2.853203	84	0	0	1	0	0
chor	LEFT	98	ychtaiin chor	ychtaiin	1	139	0.007194	1	16657	0.000060	119.834532	1	0	0	1	0	0
chor	LEFT	99	ykchor chor	ykchor	1	139	0.007194	4	16657	0.000240	29.958633	4	0	0	1	0	0
chor	LEFT	100	ykey chor	ykey	1	139	0.007194	4	16657	0.000240	29.958633	5	0	0	1	0	0
chor	LEFT	101	ykor chor	ykor	1	139	0.007194	3	16657	0.000180	39.944844	4	0	0	1	0	0
chor	LEFT	102	ypchol chor	ypchol	1	139	0.007194	3	16657	0.000180	39.944844	3	0	0	1	0	0
chor	LEFT	103	ysaiin chor	ysaiin	1	139	0.007194	4	16657	0.000240	29.958633	4	0	0	1	0	0
chor	LEFT	104	ysheor chor	ysheor	1	139	0.007194	3	16657	0.000180	39.944844	4	0	0	1	0	0
chor	LEFT	105	ytchor chor	ytchor	1	139	0.007194	7	16657	0.000420	17.119219	8	0	0	1	0	0
chor	RIGHT	1	chor chol	chol	8	141	0.056738	239	16657	0.014348	3.954301	303	0	0	1	0	0
chor	RIGHT	2	chor daiin	daiin	8	141	0.056738	379	16657	0.022753	2.493610	602	0	0	1	0	0
chor	RIGHT	3	chor chor	chor	4	141	0.028369	139	16657	0.008345	3.399561	176	0	0	1	0	0
chor	RIGHT	4	chor chy	chy	4	141	0.028369	94	16657	0.005643	5.027011	114	0	0	1	0	0
chor	RIGHT	5	chor aiin	aiin	3	141	0.021277	267	16657	0.016029	1.327357	338	1	0	1	0	0
chor	RIGHT	6	chor ar	ar	3	141	0.021277	193	16657	0.011587	1.836291	242	0	0	1	0	0
chor	RIGHT	7	chor cthol	cthol	3	141	0.021277	44	16657	0.002642	8.054642	50	0	0	1	0	0
chor	RIGHT	8	chor cthor	cthor	3	141	0.021277	33	16657	0.001981	10.739523	39	0	0	1	0	0
chor	RIGHT	9	chor cthy	cthy	3	141	0.021277	77	16657	0.004623	4.602653	85	0	0	1	0	0
chor	RIGHT	10	chor kar	kar	3	141	0.021277	33	16657	0.001981	10.739523	42	0	0	1	0	0
chor	RIGHT	11	chor or	or	3	141	0.021277	171	16657	0.010266	2.072540	235	0	0	1	0	0
chor	RIGHT	12	chor sheey	sheey	3	141	0.021277	87	16657	0.005223	4.073612	105	0	0	1	0	0
chor	RIGHT	13	chor chal	chal	2	141	0.014184	28	16657	0.001681	8.438197	35	0	0	1	0	0
chor	RIGHT	14	chor chckhy	chckhy	2	141	0.014184	88	16657	0.005283	2.684881	115	0	0	1	0	0
chor	RIGHT	15	chor cheky	cheky	2	141	0.014184	42	16657	0.002521	5.625464	50	0	0	1	0	0
chor	RIGHT	16	chor cthom	cthom	2	141	0.014184	5	16657	0.000300	47.253901	5	0	0	1	0	0
chor	RIGHT	17	chor ety	ety	2	141	0.014184	4	16657	0.000240	59.067376	6	0	0	1	0	0
chor	RIGHT	18	chor ol	ol	2	141	0.014184	293	16657	0.017590	0.806381	376	0	0	1	0	0
chor	RIGHT	19	chor al	al	1	141	0.007092	131	16657	0.007865	0.901792	167	0	0	1	0	0
chor	RIGHT	20	chor cfham	cfham	1	141	0.007092	1	16657	0.000060	118.134752	1	0	0	1	0	0
chor	RIGHT	21	chor cha	cha	1	141	0.007092	1	16657	0.000060	118.134752	1	0	0	1	0	0
chor	RIGHT	22	chor char	char	1	141	0.007092	46	16657	0.002762	2.568147	55	0	0	1	0	0
chor	RIGHT	23	chor cheain	cheain	1	141	0.007092	2	16657	0.000120	59.067376	2	0	0	1	0	0
chor	RIGHT	24	chor checkhy	checkhy	1	141	0.007092	31	16657	0.001861	3.810798	43	0	0	1	0	0
chor	RIGHT	25	chor cheol	cheol	1	141	0.007092	90	16657	0.005403	1.312608	118	0	0	1	0	0
chor	RIGHT	26	chor cheor	cheor	1	141	0.007092	43	16657	0.002581	2.747320	56	0	0	1	0	0
chor	RIGHT	27	chor cheotol	cheotol	1	141	0.007092	1	16657	0.000060	118.134752	2	0	0	1	0	0
chor	RIGHT	28	chor ches	ches	1	141	0.007092	23	16657	0.001381	5.136294	28	0	0	1	0	0
chor	RIGHT	29	chor chey	chey	1	141	0.007092	216	16657	0.012968	0.546920	282	0	0	1	0	0
chor	RIGHT	30	chor chkchol	chkchol	1	141	0.007092	2	16657	0.000120	59.067376	2	0	0	1	0	0
chor	RIGHT	31	chor cho	cho	1	141	0.007092	35	16657	0.002101	3.375279	45	0	0	1	0	0
chor	RIGHT	32	chor chochar	chochar	1	141	0.007092	1	16657	0.000060	118.134752	1	0	0	1	0	0
chor	RIGHT	33	chor chokaly	chokaly	1	141	0.007092	1	16657	0.000060	118.134752	1	0	0	1	0	0
chor	RIGHT	34	chor choly	choly	1	141	0.007092	8	16657	0.000480	14.766844	10	0	0	1	0	0
chor	RIGHT	35	chor chopchey	chopchey	1	141	0.007092	1	16657	0.000060	118.134752	1	0	0	1	0	0
chor	RIGHT	36	chor chorol	chorol	1	141	0.007092	3	16657	0.000180	39.378251	3	0	0	1	0	0
chor	RIGHT	37	chor choross	choross	1	141	0.007092	1	16657	0.000060	118.134752	1	0	0	1	0	0
chor	RIGHT	38	chor choteey	choteey	1	141	0.007092	2	16657	0.000120	59.067376	2	0	0	1	0	0
chor	RIGHT	39	chor chs	chs	1	141	0.007092	10	16657	0.000600	11.813475	11	0	0	1	0	0
chor	RIGHT	40	chor ckhos	ckhos	1	141	0.007092	2	16657	0.000120	59.067376	2	0	0	1	0	0
chor	RIGHT	41	chor cphol	cphol	1	141	0.007092	8	16657	0.000480	14.766844	10	0	0	1	0	0
chor	RIGHT	42	chor cthaiin	cthaiin	1	141	0.007092	10	16657	0.000600	11.813475	11	0	0	1	0	0
chor	RIGHT	43	chor ctho	ctho	1	141	0.007092	7	16657	0.000420	16.876393	8	0	0	1	0	0
chor	RIGHT	44	chor cthoiin	cthoiin	1	141	0.007092	2	16657	0.000120	59.067376	2	0	0	1	0	0
chor	RIGHT	45	chor d	d	1	141	0.007092	9	16657	0.000540	13.126084	20	0	0	1	0	0
chor	RIGHT	46	chor dain	dain	1	141	0.007092	93	16657	0.005583	1.270266	149	0	0	1	0	0
chor	RIGHT	47	chor dair	dair	1	141	0.007092	39	16657	0.002341	3.029096	63	0	0	1	0	0
chor	RIGHT	48	chor daky	daky	1	141	0.007092	1	16657	0.000060	118.134752	1	0	0	1	0	0
chor	RIGHT	49	chor dam	dam	1	141	0.007092	31	16657	0.001861	3.810798	37	0	0	1	0	0
chor	RIGHT	50	chor dor	dor	1	141	0.007092	26	16657	0.001561	4.543644	48	0	0	1	0	0
chor	RIGHT	51	chor dorl	dorl	1	141	0.007092	1	16657	0.000060	118.134752	1	0	0	1	0	0
chor	RIGHT	52	chor dy	dy	1	141	0.007092	122	16657	0.007324	0.968318	149	0	0	1	0	0
chor	RIGHT	53	chor g	g	1	141	0.007092	5	16657	0.000300	23.626950	8	0	0	1	0	0
chor	RIGHT	54	chor kal	kal	1	141	0.007092	12	16657	0.000720	9.844563	14	0	0	1	0	0
chor	RIGHT	55	chor lshy	lshy	1	141	0.007092	2	16657	0.000120	59.067376	3	0	0	1	0	0
chor	RIGHT	56	chor o	o	1	141	0.007092	13	16657	0.000780	9.087289	33	0	0	1	0	0
chor	RIGHT	57	chor octham	octham	1	141	0.007092	1	16657	0.000060	118.134752	1	0	0	1	0	0
chor	RIGHT	58	chor od	od	1	141	0.007092	4	16657	0.000240	29.533688	5	0	0	1	0	0
chor	RIGHT	59	chor ody	ody	1	141	0.007092	22	16657	0.001321	5.369761	26	0	0	1	0	0
chor	RIGHT	60	chor oees	oees	1	141	0.007092	2	16657	0.000120	59.067376	7	0	0	1	0	0
chor	RIGHT	61	chor okaiin	okaiin	1	141	0.007092	140	16657	0.008405	0.843820	177	0	0	1	0	0
chor	RIGHT	62	chor okain	okain	1	141	0.007092	77	16657	0.004623	1.534218	112	0	0	1	0	0
chor	RIGHT	63	chor okal	okal	1	141	0.007092	70	16657	0.004202	1.687639	102	0	0	1	0	0
chor	RIGHT	64	chor okchal	okchal	1	141	0.007092	3	16657	0.000180	39.378251	3	0	0	1	0	0
chor	RIGHT	65	chor okchey	okchey	1	141	0.007092	17	16657	0.001021	6.949103	26	0	0	1	0	0
chor	RIGHT	66	chor okchom	okchom	1	141	0.007092	2	16657	0.000120	59.067376	2	0	0	1	0	0
chor	RIGHT	67	chor olchsy	olchsy	1	141	0.007092	1	16657	0.000060	118.134752	1	0	0	1	0	0
chor	RIGHT	68	chor oldor	oldor	1	141	0.007092	1	16657	0.000060	118.134752	1	0	0	1	0	0
chor	RIGHT	69	chor olekor	olekor	1	141	0.007092	1	16657	0.000060	118.134752	1	0	0	1	0	0
chor	RIGHT	70	chor olol	olol	1	141	0.007092	11	16657	0.000660	10.739523	14	0	0	1	0	0
chor	RIGHT	71	chor opchar	opchar	1	141	0.007092	1	16657	0.000060	118.134752	2	0	0	1	0	0
chor	RIGHT	72	chor orom	orom	1	141	0.007092	3	16657	0.000180	39.378251	3	0	0	1	0	0
chor	RIGHT	73	chor otchy	otchy	1	141	0.007092	26	16657	0.001561	4.543644	36	0	0	1	0	0
chor	RIGHT	74	chor oteey	oteey	1	141	0.007092	64	16657	0.003842	1.845855	90	0	0	1	0	0
chor	RIGHT	75	chor oteody	oteody	1	141	0.007092	12	16657	0.000720	9.844563	15	0	0	1	0	0
chor	RIGHT	76	chor oteor	oteor	1	141	0.007092	5	16657	0.000300	23.626950	7	0	0	1	0	0
chor	RIGHT	77	chor otol	otol	1	141	0.007092	38	16657	0.002281	3.108809	56	0	0	1	0	0
chor	RIGHT	78	chor otshal	otshal	1	141	0.007092	1	16657	0.000060	118.134752	1	0	0	1	0	0
chor	RIGHT	79	chor qo	qo	1	141	0.007092	12	16657	0.000720	9.844563	24	0	0	1	0	0
chor	RIGHT	80	chor qokchol	qokchol	1	141	0.007092	9	16657	0.000540	13.126084	15	0	0	1	0	0
chor	RIGHT	81	chor qokeeor	qokeeor	1	141	0.007092	5	16657	0.000300	23.626950	7	0	0	1	0	0
chor	RIGHT	82	chor qotol	qotol	1	141	0.007092	25	16657	0.001501	4.725390	40	0	0	1	0	0
chor	RIGHT	83	chor ry	ry	1	141	0.007092	6	16657	0.000360	19.689125	8	0	0	1	0	0
chor	RIGHT	84	chor s	s	1	141	0.007092	112	16657	0.006724	1.054775	154	0	0	1	0	0
chor	RIGHT	85	chor shcthy	shcthy	1	141	0.007092	21	16657	0.001261	5.625464	26	0	0	1	0	0
chor	RIGHT	86	chor sheaiin	sheaiin	1	141	0.007092	6	16657	0.000360	19.689125	8	0	0	1	0	0
chor	RIGHT	87	chor shefshoro	shefshoro	1	141	0.007092	1	16657	0.000060	118.134752	1	0	0	1	0	0
chor	RIGHT	88	chor sheo	sheo	1	141	0.007092	23	16657	0.001381	5.136294	28	0	0	1	0	0
chor	RIGHT	89	chor sheor	sheor	1	141	0.007092	23	16657	0.001381	5.136294	31	0	0	1	0	0
chor	RIGHT	90	chor sholo	sholo	1	141	0.007092	1	16657	0.000060	118.134752	1	0	0	1	0	0
chor	RIGHT	91	chor shor	shor	1	141	0.007092	55	16657	0.003302	2.147905	77	0	0	1	0	0
chor	RIGHT	92	chor shytchy	shytchy	1	141	0.007092	1	16657	0.000060	118.134752	2	0	0	1	0	0
chor	RIGHT	93	chor sody	sody	1	141	0.007092	3	16657	0.000180	39.378251	4	0	0	1	0	0
chor	RIGHT	94	chor sor	sor	1	141	0.007092	8	16657	0.000480	14.766844	34	0	0	1	0	0
chor	RIGHT	95	chor y	y	1	141	0.007092	47	16657	0.002822	2.513505	84	0	0	1	0	0
chor	RIGHT	96	chor ychdain	ychdain	1	141	0.007092	1	16657	0.000060	118.134752	1	0	0	1	0	0
chor	RIGHT	97	chor ykaiin	ykaiin	1	141	0.007092	14	16657	0.000840	8.438197	33	0	0	1	0	0
chor	RIGHT	98	chor ytchy	ytchy	1	141	0.007092	10	16657	0.000600	11.813475	14	0	0	1	0	0
chor	RIGHT	99	chor ytshy	ytshy	1	141	0.007092	1	16657	0.000060	118.134752	2	0	0	1	0	0
chshoty	LEFT	1	ychor chshoty	ychor	1	1	1.000000	13	16657	0.000780	1281.307692	13	0	1	1	0	0
cthy	LEFT	1	daiin cthy	daiin	10	77	0.129870	412	16657	0.024734	5.250599	602	0	0	1	0	0
cthy	LEFT	2	chol cthy	chol	4	77	0.051948	251	16657	0.015069	3.447405	303	0	0	1	0	0
cthy	LEFT	3	chor cthy	chor	3	77	0.038961	141	16657	0.008465	4.602653	176	0	0	1	0	0
cthy	LEFT	4	okaiin cthy	okaiin	3	77	0.038961	134	16657	0.008045	4.843090	177	0	0	1	0	0
cthy	LEFT	5	shol cthy	shol	3	77	0.038961	120	16657	0.007204	5.408117	146	0	0	1	0	0
cthy	LEFT	6	shor cthy	shor	3	77	0.038961	63	16657	0.003782	10.301175	77	0	0	1	0	0
cthy	LEFT	7	chy cthy	chy	2	77	0.025974	76	16657	0.004563	5.692755	114	0	0	1	0	0
cthy	LEFT	8	dchy cthy	dchy	2	77	0.025974	17	16657	0.001021	25.449962	20	0	0	1	0	0
cthy	LEFT	9	shaiin cthy	shaiin	2	77	0.025974	16	16657	0.000961	27.040584	18	0	0	1	0	0
cthy	LEFT	10	sheey cthy	sheey	2	77	0.025974	88	16657	0.005283	4.916470	105	0	0	1	0	0
cthy	LEFT	11	ychor cthy	ychor	2	77	0.025974	13	16657	0.000780	33.280719	13	0	1	1	0	0
cthy	LEFT	12	air cthy	air	1	77	0.012987	29	16657	0.001741	7.459472	44	0	0	1	0	0
cthy	LEFT	13	arl cthy	arl	1	77	0.012987	2	16657	0.000120	108.162338	2	0	0	1	0	0
cthy	LEFT	14	chdy cthy	chdy	1	77	0.012987	59	16657	0.003542	3.666520	89	0	0	1	0	0
cthy	LEFT	15	chey cthy	chey	1	77	0.012987	212	16657	0.012727	1.020399	282	0	0	1	0	0
cthy	LEFT	16	cho cthy	cho	1	77	0.012987	36	16657	0.002161	6.009019	45	0	0	1	0	0
cthy	LEFT	17	chochy cthy	chochy	1	77	0.012987	3	16657	0.000180	72.108225	4	0	0	1	0	0
cthy	LEFT	18	chodaiin cthy	chodaiin	1	77	0.012987	28	16657	0.001681	7.725881	37	0	0	1	0	0
cthy	LEFT	19	chody cthy	chody	1	77	0.012987	49	16657	0.002942	4.414789	64	0	0	1	0	0
cthy	LEFT	20	choky cthy	choky	1	77	0.012987	21	16657	0.001261	10.301175	30	0	0	1	0	0
cthy	LEFT	21	ctheey cthy	ctheey	1	77	0.012987	6	16657	0.000360	36.054113	9	0	0	1	0	0
cthy	LEFT	22	cthody cthy	cthody	1	77	0.012987	8	16657	0.000480	27.040584	12	0	0	1	0	0
cthy	LEFT	23	cthoiin cthy	cthoiin	1	77	0.012987	2	16657	0.000120	108.162338	2	0	0	1	0	0
cthy	LEFT	24	cthol cthy	cthol	1	77	0.012987	35	16657	0.002101	6.180705	50	0	0	1	0	0
cthy	LEFT	25	cthor cthy	cthor	1	77	0.012987	32	16657	0.001921	6.760146	39	0	0	1	0	0
cthy	LEFT	26	cthy cthy	cthy	1	77	0.012987	49	16657	0.002942	4.414789	85	0	0	1	0	0
cthy	LEFT	27	dain cthy	dain	1	77	0.012987	101	16657	0.006064	2.141828	149	0	0	1	0	0
cthy	LEFT	28	kar cthy	kar	1	77	0.012987	30	16657	0.001801	7.210823	42	0	0	1	0	0
cthy	LEFT	29	kchor cthy	kchor	1	77	0.012987	16	16657	0.000961	13.520292	18	0	0	1	0	0
cthy	LEFT	30	kodaiin cthy	kodaiin	1	77	0.012987	2	16657	0.000120	108.162338	2	0	0	1	0	0
cthy	LEFT	31	lshey cthy	lshey	1	77	0.012987	6	16657	0.000360	36.054113	14	0	0	1	0	0
cthy	LEFT	32	okchol cthy	okchol	1	77	0.012987	8	16657	0.000480	27.040584	9	0	0	1	0	0
cthy	LEFT	33	okey cthy	okey	1	77	0.012987	25	16657	0.001501	8.652987	36	0	0	1	0	0
cthy	LEFT	34	otaiin cthy	otaiin	1	77	0.012987	97	16657	0.005823	2.230151	128	0	0	1	0	0
cthy	LEFT	35	otchy cthy	otchy	1	77	0.012987	28	16657	0.001681	7.725881	36	0	0	1	0	0
cthy	LEFT	36	qoaiin cthy	qoaiin	1	77	0.012987	17	16657	0.001021	12.724981	20	0	0	1	0	0
cthy	LEFT	37	qodaiin cthy	qodaiin	1	77	0.012987	25	16657	0.001501	8.652987	34	0	0	1	0	0
cthy	LEFT	38	qoeor cthy	qoeor	1	77	0.012987	2	16657	0.000120	108.162338	2	0	0	1	0	0
cthy	LEFT	39	qokam cthy	qokam	1	77	0.012987	4	16657	0.000240	54.081169	22	0	0	1	0	0
cthy	LEFT	40	qokchy cthy	qokchy	1	77	0.012987	49	16657	0.002942	4.414789	58	0	0	1	0	0
cthy	LEFT	41	qotchy cthy	qotchy	1	77	0.012987	42	16657	0.002521	5.150588	55	0	0	1	0	0
cthy	LEFT	42	qoty cthy	qoty	1	77	0.012987	48	16657	0.002882	4.506764	77	0	0	1	0	0
cthy	LEFT	43	shkaiin cthy	shkaiin	1	77	0.012987	3	16657	0.000180	72.108225	4	0	0	1	0	0
cthy	LEFT	44	sho cthy	sho	1	77	0.012987	80	16657	0.004803	2.704058	93	0	0	1	0	0
cthy	LEFT	45	sor cthy	sor	1	77	0.012987	30	16657	0.001801	7.210823	34	0	0	1	0	0
cthy	LEFT	46	tchody cthy	tchody	1	77	0.012987	6	16657	0.000360	36.054113	6	0	0	1	0	0
cthy	LEFT	47	tchol cthy	tchol	1	77	0.012987	11	16657	0.000660	19.665880	11	0	0	1	0	0
cthy	LEFT	48	teody cthy	teody	1	77	0.012987	6	16657	0.000360	36.054113	6	0	0	1	0	0
cthy	LEFT	49	ychekchy cthy	ychekchy	1	77	0.012987	1	16657	0.000060	216.324675	1	0	0	1	0	0
cthy	LEFT	50	ycheor cthy	ycheor	1	77	0.012987	5	16657	0.000300	43.264935	6	0	1	1	0	0
cthy	LEFT	51	yodaiin cthy	yodaiin	1	77	0.012987	1	16657	0.000060	216.324675	1	0	0	1	0	0
cthy	LEFT	52	ytchor cthy	ytchor	1	77	0.012987	7	16657	0.000420	30.903525	8	0	0	1	0	0
cthy	RIGHT	1	cthy daiin	daiin	5	49	0.102041	379	16657	0.022753	4.484680	602	0	0	1	0	0
cthy	RIGHT	2	cthy s	s	3	49	0.061224	112	16657	0.006724	9.105503	154	0	0	1	0	0
cthy	RIGHT	3	cthy chol	chol	2	49	0.040816	239	16657	0.014348	2.844676	303	0	0	1	0	0
cthy	RIGHT	4	cthy chor	chor	2	49	0.040816	139	16657	0.008345	4.891205	176	0	0	1	0	0
cthy	RIGHT	5	cthy dy	dy	2	49	0.040816	122	16657	0.007324	5.572767	149	0	0	1	0	0
cthy	RIGHT	6	cthy chaiin	chaiin	1	49	0.020408	37	16657	0.002221	9.187534	42	0	0	1	0	0
cthy	RIGHT	7	cthy chckhey	chckhey	1	49	0.020408	19	16657	0.001141	17.891515	25	0	0	1	0	0
cthy	RIGHT	8	cthy cheeky	cheeky	1	49	0.020408	19	16657	0.001141	17.891515	22	0	0	1	0	0
cthy	RIGHT	9	cthy chey	chey	1	49	0.020408	216	16657	0.012968	1.573791	282	0	0	1	0	0
cthy	RIGHT	10	cthy chocthy	chocthy	1	49	0.020408	11	16657	0.000660	30.903525	14	0	0	1	0	0
cthy	RIGHT	11	cthy chokchy	chokchy	1	49	0.020408	10	16657	0.000600	33.993878	13	0	0	1	0	0
cthy	RIGHT	12	cthy chokoiin	chokoiin	1	49	0.020408	1	16657	0.000060	339.938776	1	0	0	1	0	0
cthy	RIGHT	13	cthy chy	chy	1	49	0.020408	94	16657	0.005643	3.616370	114	0	0	1	0	0
cthy	RIGHT	14	cthy cphaiin	cphaiin	1	49	0.020408	5	16657	0.000300	67.987755	5	0	0	1	0	0
cthy	RIGHT	15	cthy cpholdy	cpholdy	1	49	0.020408	2	16657	0.000120	169.969388	2	0	0	1	0	0
cthy	RIGHT	16	cthy cthd	cthd	1	49	0.020408	1	16657	0.000060	339.938776	1	0	0	1	0	0
cthy	RIGHT	17	cthy cthor	cthor	1	49	0.020408	33	16657	0.001981	10.301175	39	0	0	1	0	0
cthy	RIGHT	18	cthy cthy	cthy	1	49	0.020408	77	16657	0.004623	4.414789	85	0	0	1	0	0
cthy	RIGHT	19	cthy dain	dain	1	49	0.020408	93	16657	0.005583	3.655256	149	0	0	1	0	0
cthy	RIGHT	20	cthy dair	dair	1	49	0.020408	39	16657	0.002341	8.716379	63	0	0	1	0	0
cthy	RIGHT	21	cthy dar	dar	1	49	0.020408	140	16657	0.008405	2.428134	195	0	0	1	0	0
cthy	RIGHT	22	cthy dor	dor	1	49	0.020408	26	16657	0.001561	13.074568	48	0	0	1	0	0
cthy	RIGHT	23	cthy lshedy	lshedy	1	49	0.020408	20	16657	0.001201	16.996939	24	0	0	1	0	0
cthy	RIGHT	24	cthy okchol	okchol	1	49	0.020408	7	16657	0.000420	48.562682	9	0	0	1	0	0
cthy	RIGHT	25	cthy okor	okor	1	49	0.020408	8	16657	0.000480	42.492347	16	0	0	1	0	0
cthy	RIGHT	26	cthy oltchy	oltchy	1	49	0.020408	2	16657	0.000120	169.969388	2	0	0	1	0	0
cthy	RIGHT	27	cthy or	or	1	49	0.020408	171	16657	0.010266	1.987946	235	0	0	1	0	0
cthy	RIGHT	28	cthy otaiin	otaiin	1	49	0.020408	97	16657	0.005823	3.504523	128	0	0	1	0	0
cthy	RIGHT	29	cthy otal	otal	1	49	0.020408	79	16657	0.004743	4.303022	109	0	0	1	0	0
cthy	RIGHT	30	cthy otchy	otchy	1	49	0.020408	26	16657	0.001561	13.074568	36	0	0	1	0	0
cthy	RIGHT	31	cthy otchyky	otchyky	1	49	0.020408	1	16657	0.000060	339.938776	1	0	0	1	0	0
cthy	RIGHT	32	cthy otedy	otedy	1	49	0.020408	55	16657	0.003302	6.180705	75	0	0	1	0	0
cthy	RIGHT	33	cthy qodaiin	qodaiin	1	49	0.020408	30	16657	0.001801	11.331293	34	0	0	1	0	0
cthy	RIGHT	34	cthy qokaiin	qokaiin	1	49	0.020408	149	16657	0.008945	2.281468	241	0	0	1	0	0
cthy	RIGHT	35	cthy qokeey	qokeey	1	49	0.020408	183	16657	0.010986	1.857589	264	0	0	1	0	0
cthy	RIGHT	36	cthy qokol	qokol	1	49	0.020408	56	16657	0.003362	6.070335	82	0	0	1	0	0
cthy	RIGHT	37	cthy sho	sho	1	49	0.020408	54	16657	0.003242	6.295163	93	0	0	1	0	0
cthy	RIGHT	38	cthy sholdy	sholdy	1	49	0.020408	4	16657	0.000240	84.984694	5	0	0	1	0	0
cthy	RIGHT	39	cthy shotshy	shotshy	1	49	0.020408	1	16657	0.000060	339.938776	1	0	0	1	0	0
cthy	RIGHT	40	cthy yteeor	yteeor	1	49	0.020408	1	16657	0.000060	339.938776	1	0	0	1	0	0
oky	LEFT	1	ar oky	ar	3	62	0.048387	176	16657	0.010566	4.579454	242	0	0	1	0	0
oky	LEFT	2	aiiin oky	aiiin	1	62	0.016129	23	16657	0.001381	11.680926	39	1	0	1	0	0
oky	LEFT	3	al oky	al	1	62	0.016129	118	16657	0.007084	2.276791	167	0	0	1	0	0
oky	LEFT	4	char oky	char	1	62	0.016129	44	16657	0.002642	6.105938	55	0	0	1	0	0
oky	LEFT	5	chcphy oky	chcphy	1	62	0.016129	8	16657	0.000480	33.582661	9	0	0	1	0	0
oky	LEFT	6	chedy oky	chedy	1	62	0.016129	219	16657	0.013148	1.226764	296	0	0	1	0	0
oky	LEFT	7	chekaiin oky	chekaiin	1	62	0.016129	4	16657	0.000240	67.165323	6	0	0	1	0	0
oky	LEFT	8	chky oky	chky	1	62	0.016129	10	16657	0.000600	26.866129	15	0	0	1	0	0
oky	LEFT	9	chockhy oky	chockhy	1	62	0.016129	13	16657	0.000780	20.666253	18	0	0	1	0	0
oky	LEFT	10	chol oky	chol	1	62	0.016129	251	16657	0.015069	1.070364	303	0	0	1	0	0
oky	LEFT	11	chotol oky	chotol	1	62	0.016129	4	16657	0.000240	67.165323	5	0	0	1	0	0
oky	LEFT	12	choty oky	choty	1	62	0.016129	26	16657	0.001561	10.333127	32	0	0	1	0	0
oky	LEFT	13	chsey oky	chsey	1	62	0.016129	1	16657	0.000060	268.661290	1	0	0	1	0	0
oky	LEFT	14	ckhor oky	ckhor	1	62	0.016129	5	16657	0.000300	53.732258	6	0	0	1	0	0
oky	LEFT	15	daiin oky	daiin	1	62	0.016129	412	16657	0.024734	0.652091	602	0	0	1	0	0
oky	LEFT	16	dait oky	dait	1	62	0.016129	1	16657	0.000060	268.661290	1	0	0	1	0	0
oky	LEFT	17	kaiin oky	kaiin	1	62	0.016129	32	16657	0.001921	8.395665	44	0	0	1	0	0
oky	LEFT	18	kar oky	kar	1	62	0.016129	30	16657	0.001801	8.955376	42	0	0	1	0	0
oky	LEFT	19	kchy oky	kchy	1	62	0.016129	18	16657	0.001081	14.925627	21	0	0	1	0	0
oky	LEFT	20	ofchar oky	ofchar	1	62	0.016129	1	16657	0.000060	268.661290	2	0	0	1	0	0
oky	LEFT	21	okaiin oky	okaiin	1	62	0.016129	134	16657	0.008045	2.004935	177	0	0	1	0	0
oky	LEFT	22	okair oky	okair	1	62	0.016129	14	16657	0.000840	19.190092	17	0	0	1	0	0
oky	LEFT	23	okaly oky	okaly	1	62	0.016129	7	16657	0.000420	38.380184	14	0	0	1	0	0
oky	LEFT	24	okar oky	okar	1	62	0.016129	71	16657	0.004262	3.783962	91	0	0	1	0	0
oky	LEFT	25	okeey oky	okeey	1	62	0.016129	85	16657	0.005103	3.160721	116	0	0	1	0	0
oky	LEFT	26	okeody oky	okeody	1	62	0.016129	8	16657	0.000480	33.582661	12	0	0	1	0	0
oky	LEFT	27	ol oky	ol	1	62	0.016129	263	16657	0.015789	1.021526	376	0	0	1	0	0
oky	LEFT	28	olaiin oky	olaiin	1	62	0.016129	20	16657	0.001201	13.433065	32	0	0	1	0	0
oky	LEFT	29	olain oky	olain	1	62	0.016129	7	16657	0.000420	38.380184	10	0	0	1	0	0
oky	LEFT	30	oldor oky	oldor	1	62	0.016129	1	16657	0.000060	268.661290	1	0	0	1	0	0
oky	LEFT	31	oltal oky	oltal	1	62	0.016129	2	16657	0.000120	134.330645	2	0	0	1	0	0
oky	LEFT	32	oly oky	oly	1	62	0.016129	14	16657	0.000840	19.190092	48	0	0	1	0	0
oky	LEFT	33	otaiin oky	otaiin	1	62	0.016129	97	16657	0.005823	2.769704	128	0	0	1	0	0
oky	LEFT	34	otchar oky	otchar	1	62	0.016129	4	16657	0.000240	67.165323	6	0	0	1	0	0
oky	LEFT	35	oteey oky	oteey	1	62	0.016129	64	16657	0.003842	4.197833	90	0	0	1	0	0
oky	LEFT	36	otshy oky	otshy	1	62	0.016129	4	16657	0.000240	67.165323	4	0	0	1	0	0
oky	LEFT	37	oty oky	oty	1	62	0.016129	51	16657	0.003062	5.267868	92	0	0	1	0	0
oky	LEFT	38	otytchol oky	otytchol	1	62	0.016129	1	16657	0.000060	268.661290	1	0	0	1	0	0
oky	LEFT	39	qockhol oky	qockhol	1	62	0.016129	4	16657	0.000240	67.165323	5	0	0	1	0	0
oky	LEFT	40	qokaldy oky	qokaldy	1	62	0.016129	3	16657	0.000180	89.553763	5	0	0	1	0	0
oky	LEFT	41	qokchd oky	qokchd	1	62	0.016129	5	16657	0.000300	53.732258	6	0	0	1	0	0
oky	LEFT	42	qokchy oky	qokchy	1	62	0.016129	49	16657	0.002942	5.482883	58	0	0	1	0	0
oky	LEFT	43	qokeedy oky	qokeedy	1	62	0.016129	152	16657	0.009125	1.767508	201	0	0	1	0	0
oky	LEFT	44	qokol oky	qokol	1	62	0.016129	63	16657	0.003782	4.264465	82	0	0	1	0	0
oky	LEFT	45	qokor oky	qokor	1	62	0.016129	18	16657	0.001081	14.925627	21	0	0	1	0	0
oky	LEFT	46	qolkain oky	qolkain	1	62	0.016129	4	16657	0.000240	67.165323	5	0	0	1	0	0
oky	LEFT	47	qotaiin oky	qotaiin	1	62	0.016129	50	16657	0.003002	5.373226	77	0	0	1	0	0
oky	LEFT	48	qotam oky	qotam	1	62	0.016129	2	16657	0.000120	134.330645	10	0	0	1	0	0
oky	LEFT	49	qotedy oky	qotedy	1	62	0.016129	34	16657	0.002041	7.901803	49	0	0	1	0	0
oky	LEFT	50	qotol oky	qotol	1	62	0.016129	35	16657	0.002101	7.676037	40	0	0	1	0	0
oky	LEFT	51	qoty oky	qoty	1	62	0.016129	48	16657	0.002882	5.597110	77	0	0	1	0	0
oky	LEFT	52	sain oky	sain	1	62	0.016129	37	16657	0.002221	7.261116	53	0	0	1	0	0
oky	LEFT	53	shee oky	shee	1	62	0.016129	7	16657	0.000420	38.380184	9	0	0	1	0	0
oky	LEFT	54	shol oky	shol	1	62	0.016129	120	16657	0.007204	2.238844	146	0	0	1	0	0
oky	LEFT	55	tar oky	tar	1	62	0.016129	25	16657	0.001501	10.746452	33	0	0	1	0	0
oky	LEFT	56	tody oky	tody	1	62	0.016129	4	16657	0.000240	67.165323	4	0	0	1	0	0
oky	LEFT	57	ychor oky	ychor	1	62	0.016129	13	16657	0.000780	20.666253	13	0	1	1	0	0
oky	LEFT	58	ykeeor oky	ykeeor	1	62	0.016129	3	16657	0.000180	89.553763	3	0	0	1	0	0
oky	LEFT	59	yky oky	yky	1	62	0.016129	7	16657	0.000420	38.380184	10	0	0	1	0	0
oky	LEFT	60	ytey oky	ytey	1	62	0.016129	4	16657	0.000240	67.165323	9	0	0	1	0	0
oky	RIGHT	1	oky chor	chor	2	44	0.045455	139	16657	0.008345	5.447024	176	0	0	1	0	0
oky	RIGHT	2	oky ytaiin	ytaiin	2	44	0.045455	32	16657	0.001921	23.660511	39	0	0	1	0	0
oky	RIGHT	3	oky aiiin	aiiin	1	44	0.022727	36	16657	0.002161	10.515783	39	1	0	1	0	0
oky	RIGHT	4	oky cham	cham	1	44	0.022727	14	16657	0.000840	27.040584	15	0	0	1	0	0
oky	RIGHT	5	oky char	char	1	44	0.022727	46	16657	0.002762	8.229743	55	0	0	1	0	0
oky	RIGHT	6	oky chdy	chdy	1	44	0.022727	71	16657	0.004262	5.331946	89	0	0	1	0	0
oky	RIGHT	7	oky cheeor	cheeor	1	44	0.022727	10	16657	0.000600	37.856818	11	0	0	1	0	0
oky	RIGHT	8	oky cheo	cheo	1	44	0.022727	28	16657	0.001681	13.520292	36	0	0	1	0	0
oky	RIGHT	9	oky cheodaiin	cheodaiin	1	44	0.022727	6	16657	0.000360	63.094697	6	0	0	1	0	0
oky	RIGHT	10	oky cheokam	cheokam	1	44	0.022727	2	16657	0.000120	189.284091	2	0	0	1	0	0
oky	RIGHT	11	oky cheol	cheol	1	44	0.022727	90	16657	0.005403	4.206313	118	0	0	1	0	0
oky	RIGHT	12	oky ches	ches	1	44	0.022727	23	16657	0.001381	16.459486	28	0	0	1	0	0
oky	RIGHT	13	oky choiin	choiin	1	44	0.022727	9	16657	0.000540	42.063131	10	0	0	1	0	0
oky	RIGHT	14	oky chokain	chokain	1	44	0.022727	7	16657	0.000420	54.081169	8	0	0	1	0	0
oky	RIGHT	15	oky chol	chol	1	44	0.022727	239	16657	0.014348	1.583967	303	0	0	1	0	0
oky	RIGHT	16	oky daiiin	daiiin	1	44	0.022727	9	16657	0.000540	42.063131	12	0	0	1	0	0
oky	RIGHT	17	oky daiin	daiin	1	44	0.022727	379	16657	0.022753	0.998861	602	0	0	1	0	0
oky	RIGHT	18	oky dain	dain	1	44	0.022727	93	16657	0.005583	4.070626	149	0	0	1	0	0
oky	RIGHT	19	oky dam	dam	1	44	0.022727	31	16657	0.001861	12.211877	37	0	0	1	0	0
oky	RIGHT	20	oky dan	dan	1	44	0.022727	12	16657	0.000720	31.547348	14	0	0	1	0	0
oky	RIGHT	21	oky kair	kair	1	44	0.022727	7	16657	0.000420	54.081169	8	0	0	1	0	0
oky	RIGHT	22	oky kody	kody	1	44	0.022727	4	16657	0.000240	94.642045	5	0	0	1	0	0
oky	RIGHT	23	oky lkal	lkal	1	44	0.022727	3	16657	0.000180	126.189394	4	0	0	1	0	0
oky	RIGHT	24	oky oeees	oeees	1	44	0.022727	6	16657	0.000360	63.094697	6	0	0	1	0	0
oky	RIGHT	25	oky okaldy	okaldy	1	44	0.022727	4	16657	0.000240	94.642045	4	0	0	1	0	0
oky	RIGHT	26	oky okchey	okchey	1	44	0.022727	17	16657	0.001021	22.268717	26	0	0	1	0	0
oky	RIGHT	27	oky ol	ol	1	44	0.022727	293	16657	0.017590	1.292042	376	0	0	1	0	0
oky	RIGHT	28	oky otal	otal	1	44	0.022727	79	16657	0.004743	4.792002	109	0	0	1	0	0
oky	RIGHT	29	oky otaly	otaly	1	44	0.022727	9	16657	0.000540	42.063131	11	0	0	1	0	0
oky	RIGHT	30	oky otoldy	otoldy	1	44	0.022727	4	16657	0.000240	94.642045	8	0	0	1	0	0
oky	RIGHT	31	oky qokar	qokar	1	44	0.022727	95	16657	0.005703	3.984928	132	0	0	1	0	0
oky	RIGHT	32	oky raiin	raiin	1	44	0.022727	40	16657	0.002401	9.464205	45	0	0	1	0	0
oky	RIGHT	33	oky sam	sam	1	44	0.022727	2	16657	0.000120	189.284091	4	0	0	1	0	0
oky	RIGHT	34	oky she	she	1	44	0.022727	14	16657	0.000840	27.040584	17	0	0	1	0	0
oky	RIGHT	35	oky sheaiin	sheaiin	1	44	0.022727	6	16657	0.000360	63.094697	8	0	0	1	0	0
oky	RIGHT	36	oky sheeey	sheeey	1	44	0.022727	3	16657	0.000180	126.189394	4	0	0	1	0	0
oky	RIGHT	37	oky shol	shol	1	44	0.022727	113	16657	0.006784	3.350161	146	0	0	1	0	0
oky	RIGHT	38	oky tchy	tchy	1	44	0.022727	13	16657	0.000780	29.120629	15	0	0	1	0	0
oky	RIGHT	39	oky tsholol	tsholol	1	44	0.022727	1	16657	0.000060	378.568182	1	0	0	1	0	0
oky	RIGHT	40	oky ycheey	ycheey	1	44	0.022727	2	16657	0.000120	189.284091	17	0	0	1	0	0
oky	RIGHT	41	oky ykeey	ykeey	1	44	0.022727	23	16657	0.001381	16.459486	41	0	0	1	0	0
oky	RIGHT	42	oky ytoldy	ytoldy	1	44	0.022727	3	16657	0.000180	126.189394	3	0	0	1	0	0
qokchol	LEFT	1	chor qokchol	chor	1	9	0.111111	141	16657	0.008465	13.126084	176	0	0	1	0	0
qokchol	LEFT	2	choty qokchol	choty	1	9	0.111111	26	16657	0.001561	71.183761	32	0	0	1	0	0
qokchol	LEFT	3	dar qokchol	dar	1	9	0.111111	122	16657	0.007324	15.170310	195	0	0	1	0	0
qokchol	LEFT	4	dchy qokchol	dchy	1	9	0.111111	17	16657	0.001021	108.869281	20	0	0	1	0	0
qokchol	LEFT	5	kor qokchol	kor	1	9	0.111111	8	16657	0.000480	231.347222	13	0	0	1	0	0
qokchol	LEFT	6	otshol qokchol	otshol	1	9	0.111111	2	16657	0.000120	925.388889	2	0	0	1	0	0
qokchol	LEFT	7	shaiin qokchol	shaiin	1	9	0.111111	16	16657	0.000961	115.673611	18	0	0	1	0	0
qokchol	LEFT	8	shor qokchol	shor	1	9	0.111111	63	16657	0.003782	29.377425	77	0	0	1	0	0
qokchol	LEFT	9	ychor qokchol	ychor	1	9	0.111111	13	16657	0.000780	142.367521	13	0	1	1	0	0
qokchol	RIGHT	1	qokchol dar	dar	2	13	0.153846	140	16657	0.008405	18.304396	195	0	0	1	0	0
qokchol	RIGHT	2	qokchol chor	chor	1	13	0.076923	139	16657	0.008345	9.218041	176	0	0	1	0	0
qokchol	RIGHT	3	qokchol chory	chory	1	13	0.076923	9	16657	0.000540	142.367521	10	0	0	1	0	0
qokchol	RIGHT	4	qokchol chykchy	chykchy	1	13	0.076923	2	16657	0.000120	640.653846	2	0	0	1	0	0
qokchol	RIGHT	5	qokchol daiin	daiin	1	13	0.076923	379	16657	0.022753	3.380759	602	0	0	1	0	0
qokchol	RIGHT	6	qokchol dairo	dairo	1	13	0.076923	1	16657	0.000060	1281.307692	1	0	0	1	0	0
qokchol	RIGHT	7	qokchol dy	dy	1	13	0.076923	122	16657	0.007324	10.502522	149	0	0	1	0	0
qokchol	RIGHT	8	qokchol kcheody	kcheody	1	13	0.076923	2	16657	0.000120	640.653846	3	0	0	1	0	0
qokchol	RIGHT	9	qokchol ol	ol	1	13	0.076923	293	16657	0.017590	4.373064	376	0	0	1	0	0
qokchol	RIGHT	10	qokchol qodaiin	qodaiin	1	13	0.076923	30	16657	0.001801	42.710256	34	0	0	1	0	0
qokchol	RIGHT	11	qokchol qokchody	qokchody	1	13	0.076923	1	16657	0.000060	1281.307692	2	0	0	1	0	0
qokchol	RIGHT	12	qokchol qokeol	qokeol	1	13	0.076923	21	16657	0.001261	61.014652	34	0	0	1	0	0
s	LEFT	1	ol s	ol	6	112	0.053571	263	16657	0.015789	3.392925	376	0	0	1	0	0
s	LEFT	2	daiin s	daiin	5	112	0.044643	412	16657	0.024734	1.804893	602	0	0	1	0	0
s	LEFT	3	al s	al	3	112	0.026786	118	16657	0.007084	3.781099	167	0	0	1	0	0
s	LEFT	4	chol s	chol	3	112	0.026786	251	16657	0.015069	1.777568	303	0	0	1	0	0
s	LEFT	5	chy s	chy	3	112	0.026786	76	16657	0.004563	5.870653	114	0	0	1	0	0
s	LEFT	6	cthy s	cthy	3	112	0.026786	49	16657	0.002942	9.105503	85	0	0	1	0	0
s	LEFT	7	aiin s	aiin	2	112	0.017857	253	16657	0.015189	1.175678	338	1	0	1	0	0
s	LEFT	8	cho s	cho	2	112	0.017857	36	16657	0.002161	8.262401	45	0	0	1	0	0
s	LEFT	9	dal s	dal	2	112	0.017857	81	16657	0.004863	3.672178	147	0	0	1	0	0
s	LEFT	10	qokeey s	qokeey	2	112	0.017857	189	16657	0.011347	1.573791	264	0	0	1	0	0
s	LEFT	11	ar s	ar	1	112	0.008929	176	16657	0.010566	0.845018	242	0	0	1	0	0
s	LEFT	12	aral s	aral	1	112	0.008929	3	16657	0.000180	49.574405	8	0	0	1	0	0
s	LEFT	13	cfham s	cfham	1	112	0.008929	1	16657	0.000060	148.723214	1	0	0	1	0	0
s	LEFT	14	chaiin s	chaiin	1	112	0.008929	30	16657	0.001801	4.957440	42	0	0	1	0	0
s	LEFT	15	chan s	chan	1	112	0.008929	6	16657	0.000360	24.787202	10	0	0	1	0	0
s	LEFT	16	chapchy s	chapchy	1	112	0.008929	1	16657	0.000060	148.723214	1	0	0	1	0	0
s	LEFT	17	chckhy s	chckhy	1	112	0.008929	86	16657	0.005163	1.729340	115	0	0	1	0	0
s	LEFT	18	chctho s	chctho	1	112	0.008929	3	16657	0.000180	49.574405	3	0	0	1	0	0
s	LEFT	19	chcthody s	chcthody	1	112	0.008929	3	16657	0.000180	49.574405	3	0	0	1	0	0
s	LEFT	20	cheey s	cheey	1	112	0.008929	109	16657	0.006544	1.364433	137	0	0	1	0	0
s	LEFT	21	chetan s	chetan	1	112	0.008929	1	16657	0.000060	148.723214	1	0	0	1	0	0
s	LEFT	22	chkar s	chkar	1	112	0.008929	7	16657	0.000420	21.246173	7	0	0	1	0	0
s	LEFT	23	chkchy s	chkchy	1	112	0.008929	4	16657	0.000240	37.180804	6	0	0	1	0	0
s	LEFT	24	chl s	chl	1	112	0.008929	16	16657	0.000961	9.295201	24	0	0	1	0	0
s	LEFT	25	chockhy s	chockhy	1	112	0.008929	13	16657	0.000780	11.440247	18	0	0	1	0	0
s	LEFT	26	chocthy s	chocthy	1	112	0.008929	11	16657	0.000660	13.520292	14	0	0	1	0	0
s	LEFT	27	chokchor s	chokchor	1	112	0.008929	1	16657	0.000060	148.723214	1	0	0	1	0	0
s	LEFT	28	chololy s	chololy	1	112	0.008929	1	16657	0.000060	148.723214	1	0	0	1	0	0
s	LEFT	29	chor s	chor	1	112	0.008929	141	16657	0.008465	1.054775	176	0	0	1	0	0
s	LEFT	30	chtar s	chtar	1	112	0.008929	3	16657	0.000180	49.574405	3	0	0	1	0	0
s	LEFT	31	ckhal s	ckhal	1	112	0.008929	3	16657	0.000180	49.574405	3	0	0	1	0	0
s	LEFT	32	ckhey s	ckhey	1	112	0.008929	17	16657	0.001021	8.748424	20	0	0	1	0	0
s	LEFT	33	cthdy s	cthdy	1	112	0.008929	4	16657	0.000240	37.180804	5	0	0	1	0	0
s	LEFT	34	cthody s	cthody	1	112	0.008929	8	16657	0.000480	18.590402	12	0	0	1	0	0
s	LEFT	35	cthol s	cthol	1	112	0.008929	35	16657	0.002101	4.249235	50	0	0	1	0	0
s	LEFT	36	ctholy s	ctholy	1	112	0.008929	2	16657	0.000120	74.361607	4	0	0	1	0	0
s	LEFT	37	cthom s	cthom	1	112	0.008929	2	16657	0.000120	74.361607	5	0	0	1	0	0
s	LEFT	38	cthor s	cthor	1	112	0.008929	32	16657	0.001921	4.647600	39	0	0	1	0	0
s	LEFT	39	d s	d	1	112	0.008929	5	16657	0.000300	29.744643	20	0	0	1	0	0
s	LEFT	40	dain s	dain	1	112	0.008929	101	16657	0.006064	1.472507	149	0	0	1	0	0
s	LEFT	41	dar s	dar	1	112	0.008929	122	16657	0.007324	1.219043	195	0	0	1	0	0
s	LEFT	42	dchog s	dchog	1	112	0.008929	1	16657	0.000060	148.723214	2	0	0	1	0	0
s	LEFT	43	deeaiir s	deeaiir	1	112	0.008929	1	16657	0.000060	148.723214	1	0	0	1	0	0
s	LEFT	44	kcham s	kcham	1	112	0.008929	1	16657	0.000060	148.723214	1	0	0	1	0	0
s	LEFT	45	kom s	kom	1	112	0.008929	1	16657	0.000060	148.723214	1	0	0	1	0	0
s	LEFT	46	l s	l	1	112	0.008929	22	16657	0.001321	6.760146	38	0	0	1	0	0
s	LEFT	47	lcheolshedy s	lcheolshedy	1	112	0.008929	1	16657	0.000060	148.723214	1	0	0	1	0	0
s	LEFT	48	lol s	lol	1	112	0.008929	11	16657	0.000660	13.520292	31	0	0	1	0	0
s	LEFT	49	ochor s	ochor	1	112	0.008929	5	16657	0.000300	29.744643	5	0	0	1	0	0
s	LEFT	50	odam s	odam	1	112	0.008929	1	16657	0.000060	148.723214	3	0	0	1	0	0
s	LEFT	51	oiin s	oiin	1	112	0.008929	12	16657	0.000720	12.393601	15	0	0	1	0	0
s	LEFT	52	okaiin s	okaiin	1	112	0.008929	134	16657	0.008045	1.109875	177	0	0	1	0	0
s	LEFT	53	okchol s	okchol	1	112	0.008929	8	16657	0.000480	18.590402	9	0	0	1	0	0
s	LEFT	54	okeeey s	okeeey	1	112	0.008929	14	16657	0.000840	10.623087	20	0	0	1	0	0
s	LEFT	55	orchey s	orchey	1	112	0.008929	3	16657	0.000180	49.574405	3	0	0	1	0	0
s	LEFT	56	orol s	orol	1	112	0.008929	4	16657	0.000240	37.180804	9	0	0	1	0	0
s	LEFT	57	os s	os	1	112	0.008929	10	16657	0.000600	14.872321	14	0	0	1	0	0
s	LEFT	58	otchaiin s	otchaiin	1	112	0.008929	2	16657	0.000120	74.361607	2	0	0	1	0	0
s	LEFT	59	otchy s	otchy	1	112	0.008929	28	16657	0.001681	5.311543	36	0	0	1	0	0
s	LEFT	60	oteodal s	oteodal	1	112	0.008929	1	16657	0.000060	148.723214	2	0	0	1	0	0
s	LEFT	61	otor s	otor	1	112	0.008929	20	16657	0.001201	7.436161	24	0	0	1	0	0
s	LEFT	62	qkoldy s	qkoldy	1	112	0.008929	1	16657	0.000060	148.723214	1	0	0	1	0	0
s	LEFT	63	qocthsy s	qocthsy	1	112	0.008929	1	16657	0.000060	148.723214	1	0	0	1	0	0
s	LEFT	64	qoeeeo s	qoeeeo	1	112	0.008929	1	16657	0.000060	148.723214	1	0	0	1	0	0
s	LEFT	65	qokar s	qokar	1	112	0.008929	102	16657	0.006124	1.458071	132	0	0	1	0	0
s	LEFT	66	qokchod s	qokchod	1	112	0.008929	3	16657	0.000180	49.574405	3	0	0	1	0	0
s	LEFT	67	qokchy s	qokchy	1	112	0.008929	49	16657	0.002942	3.035168	58	0	0	1	0	0
s	LEFT	68	qokeed s	qokeed	1	112	0.008929	12	16657	0.000720	12.393601	14	0	0	1	0	0
s	LEFT	69	qokees s	qokees	1	112	0.008929	7	16657	0.000420	21.246173	7	0	0	1	0	0
s	LEFT	70	qokol s	qokol	1	112	0.008929	63	16657	0.003782	2.360686	82	0	0	1	0	0
s	LEFT	71	qotchar s	qotchar	1	112	0.008929	1	16657	0.000060	148.723214	2	0	0	1	0	0
s	LEFT	72	qotodain s	qotodain	1	112	0.008929	1	16657	0.000060	148.723214	1	0	0	1	0	0
s	LEFT	73	qoy s	qoy	1	112	0.008929	5	16657	0.000300	29.744643	7	0	0	1	0	0
s	LEFT	74	shckhy s	shckhy	1	112	0.008929	39	16657	0.002341	3.813416	44	0	0	1	0	0
s	LEFT	75	sheear s	sheear	1	112	0.008929	2	16657	0.000120	74.361607	2	0	0	1	0	0
s	LEFT	76	sheey s	sheey	1	112	0.008929	88	16657	0.005283	1.690037	105	0	0	1	0	0
s	LEFT	77	sheo s	sheo	1	112	0.008929	23	16657	0.001381	6.466227	28	0	0	1	0	0
s	LEFT	78	shes s	shes	1	112	0.008929	1	16657	0.000060	148.723214	2	0	0	1	0	0
s	LEFT	79	shody s	shody	1	112	0.008929	27	16657	0.001621	5.508267	41	0	0	1	0	0
s	LEFT	80	shoty s	shoty	1	112	0.008929	3	16657	0.000180	49.574405	4	0	0	1	0	0
s	LEFT	81	shoy s	shoy	1	112	0.008929	1	16657	0.000060	148.723214	1	0	0	1	0	0
s	LEFT	82	taiin s	taiin	1	112	0.008929	28	16657	0.001681	5.311543	38	0	0	1	0	0
s	LEFT	83	tey s	tey	1	112	0.008929	6	16657	0.000360	24.787202	7	0	0	1	0	0
s	LEFT	84	ycham s	ycham	1	112	0.008929	1	16657	0.000060	148.723214	1	0	0	1	0	0
s	LEFT	85	ycheey s	ycheey	1	112	0.008929	11	16657	0.000660	13.520292	17	0	0	1	0	0
s	LEFT	86	ychor s	ychor	1	112	0.008929	13	16657	0.000780	11.440247	13	0	1	1	0	0
s	LEFT	87	ycthol s	ycthol	1	112	0.008929	1	16657	0.000060	148.723214	1	0	0	1	0	0
s	LEFT	88	ykchy s	ykchy	1	112	0.008929	11	16657	0.000660	13.520292	15	0	0	1	0	0
s	LEFT	89	ykoaiin s	ykoaiin	1	112	0.008929	1	16657	0.000060	148.723214	1	0	0	1	0	0
s	LEFT	90	ypchseds s	ypchseds	1	112	0.008929	1	16657	0.000060	148.723214	1	0	0	1	0	0
s	LEFT	91	ytor s	ytor	1	112	0.008929	11	16657	0.000660	13.520292	12	0	0	1	0	0
s	RIGHT	1	s aiin	aiin	23	99	0.232323	267	16657	0.016029	14.493663	338	1	0	1	0	0
s	RIGHT	2	s ar	ar	6	99	0.060606	193	16657	0.011587	5.230648	242	0	0	1	0	0
s	RIGHT	3	s or	or	5	99	0.050505	171	16657	0.010266	4.919664	235	0	0	1	0	0
s	RIGHT	4	s chol	chol	4	99	0.040404	239	16657	0.014348	2.815942	303	0	0	1	0	0
s	RIGHT	5	s air	air	3	99	0.030303	34	16657	0.002041	14.845811	44	0	0	1	0	0
s	RIGHT	6	s cheor	cheor	3	99	0.030303	43	16657	0.002581	11.738548	56	0	0	1	0	0
s	RIGHT	7	s am	am	2	99	0.020202	35	16657	0.002101	9.614430	53	0	0	1	0	0
s	RIGHT	8	s chor	chor	2	99	0.020202	139	16657	0.008345	2.420900	176	0	0	1	0	0
s	RIGHT	9	s chy	chy	2	99	0.020202	94	16657	0.005643	3.579841	114	0	0	1	0	0
s	RIGHT	10	s ok	ok	2	99	0.020202	3	16657	0.000180	112.168350	4	0	0	1	0	0
s	RIGHT	11	s y	y	2	99	0.020202	47	16657	0.002822	7.159682	84	0	0	1	0	0
s	RIGHT	12	s aiiin	aiiin	1	99	0.010101	36	16657	0.002161	4.673681	39	1	0	1	0	0
s	RIGHT	13	s ain	ain	1	99	0.010101	53	16657	0.003182	3.174576	67	1	0	1	0	0
s	RIGHT	14	s aldy	aldy	1	99	0.010101	5	16657	0.000300	33.650505	5	0	0	1	0	0
s	RIGHT	15	s ary	ary	1	99	0.010101	11	16657	0.000660	15.295684	14	0	0	1	0	0
s	RIGHT	16	s chain	chain	1	99	0.010101	11	16657	0.000660	15.295684	18	0	0	1	0	0
s	RIGHT	17	s cham	cham	1	99	0.010101	14	16657	0.000840	12.018038	15	0	0	1	0	0
s	RIGHT	18	s chan	chan	1	99	0.010101	9	16657	0.000540	18.694725	10	0	0	1	0	0
s	RIGHT	19	s cheam	cheam	1	99	0.010101	3	16657	0.000180	56.084175	4	0	0	1	0	0
s	RIGHT	20	s chear	chear	1	99	0.010101	31	16657	0.001861	5.427501	38	0	0	1	0	0
s	RIGHT	21	s cheol	cheol	1	99	0.010101	90	16657	0.005403	1.869473	118	0	0	1	0	0
s	RIGHT	22	s cheos	cheos	1	99	0.010101	21	16657	0.001261	8.012025	22	0	0	1	0	0
s	RIGHT	23	s chey	chey	1	99	0.010101	216	16657	0.012968	0.778947	282	0	0	1	0	0
s	RIGHT	24	s chiin	chiin	1	99	0.010101	1	16657	0.000060	168.252525	1	0	0	1	0	0
s	RIGHT	25	s cho	cho	1	99	0.010101	35	16657	0.002101	4.807215	45	0	0	1	0	0
s	RIGHT	26	s chochy	chochy	1	99	0.010101	3	16657	0.000180	56.084175	4	0	0	1	0	0
s	RIGHT	27	s choky	choky	1	99	0.010101	27	16657	0.001621	6.231575	30	0	0	1	0	0
s	RIGHT	28	s choraiin	choraiin	1	99	0.010101	3	16657	0.000180	56.084175	3	0	0	1	0	0
s	RIGHT	29	s dain	dain	1	99	0.010101	93	16657	0.005583	1.809167	149	0	0	1	0	0
s	RIGHT	30	s dar	dar	1	99	0.010101	140	16657	0.008405	1.201804	195	0	0	1	0	0
s	RIGHT	31	s dy	dy	1	99	0.010101	122	16657	0.007324	1.379119	149	0	0	1	0	0
s	RIGHT	32	s g	g	1	99	0.010101	5	16657	0.000300	33.650505	8	0	0	1	0	0
s	RIGHT	33	s oar	oar	1	99	0.010101	5	16657	0.000300	33.650505	9	0	0	1	0	0
s	RIGHT	34	s odan	odan	1	99	0.010101	1	16657	0.000060	168.252525	2	0	0	1	0	0
s	RIGHT	35	s odar	odar	1	99	0.010101	11	16657	0.000660	15.295684	17	0	0	1	0	0
s	RIGHT	36	s ofchoshy	ofchoshy	1	99	0.010101	1	16657	0.000060	168.252525	1	0	0	1	0	0
s	RIGHT	37	s okchey	okchey	1	99	0.010101	17	16657	0.001021	9.897207	26	0	0	1	0	0
s	RIGHT	38	s okeeaiin	okeeaiin	1	99	0.010101	1	16657	0.000060	168.252525	1	0	0	1	0	0
s	RIGHT	39	s okoldy	okoldy	1	99	0.010101	3	16657	0.000180	56.084175	4	0	0	1	0	0
s	RIGHT	40	s ol	ol	1	99	0.010101	293	16657	0.017590	0.574241	376	0	0	1	0	0
s	RIGHT	41	s olcheety	olcheety	1	99	0.010101	1	16657	0.000060	168.252525	1	0	0	1	0	0
s	RIGHT	42	s oleedy	oleedy	1	99	0.010101	2	16657	0.000120	84.126263	2	0	0	1	0	0
s	RIGHT	43	s olo	olo	1	99	0.010101	2	16657	0.000120	84.126263	4	0	0	1	0	0
s	RIGHT	44	s oly	oly	1	99	0.010101	40	16657	0.002401	4.206313	48	0	0	1	0	0
s	RIGHT	45	s om	om	1	99	0.010101	13	16657	0.000780	12.942502	15	0	0	1	0	0
s	RIGHT	46	s os	os	1	99	0.010101	13	16657	0.000780	12.942502	14	0	0	1	0	0
s	RIGHT	47	s otaiin	otaiin	1	99	0.010101	97	16657	0.005823	1.734562	128	0	0	1	0	0
s	RIGHT	48	s otain	otain	1	99	0.010101	68	16657	0.004082	2.474302	88	0	0	1	0	0
s	RIGHT	49	s oteodal	oteodal	1	99	0.010101	2	16657	0.000120	84.126263	2	0	0	1	0	0
s	RIGHT	50	s sary	sary	1	99	0.010101	5	16657	0.000300	33.650505	5	0	0	1	0	0
s	RIGHT	51	s sheaiin	sheaiin	1	99	0.010101	6	16657	0.000360	28.042088	8	0	0	1	0	0
s	RIGHT	52	s shokey	shokey	1	99	0.010101	2	16657	0.000120	84.126263	2	0	0	1	0	0
s	RIGHT	53	s shol	shol	1	99	0.010101	113	16657	0.006784	1.488960	146	0	0	1	0	0
s	RIGHT	54	s shor	shor	1	99	0.010101	55	16657	0.003302	3.059137	77	0	0	1	0	0
s	RIGHT	55	s shy	shy	1	99	0.010101	54	16657	0.003242	3.115788	67	0	0	1	0	0
s	RIGHT	56	s soaiin	soaiin	1	99	0.010101	1	16657	0.000060	168.252525	2	0	0	1	0	0
ar	LEFT	1	otar ar	otar	8	193	0.041451	84	16657	0.005043	8.219590	110	0	0	1	0	0
ar	LEFT	2	al ar	al	6	193	0.031088	118	16657	0.007084	4.388425	167	0	0	1	0	0
ar	LEFT	3	ar ar	ar	6	193	0.031088	176	16657	0.010566	2.942240	242	0	0	1	0	0
ar	LEFT	4	okar ar	okar	6	193	0.031088	71	16657	0.004262	7.293439	91	0	0	1	0	0
ar	LEFT	5	s ar	s	6	193	0.031088	99	16657	0.005943	5.230648	154	0	0	1	0	0
ar	LEFT	6	dar ar	dar	5	193	0.025907	122	16657	0.007324	3.537119	195	0	0	1	0	0
ar	LEFT	7	or ar	or	5	193	0.025907	181	16657	0.010866	2.384135	235	0	0	1	0	0
ar	LEFT	8	otain ar	otain	5	193	0.025907	61	16657	0.003662	7.074238	88	0	0	1	0	0
ar	LEFT	9	qokain ar	qokain	5	193	0.025907	195	16657	0.011707	2.212967	256	0	0	1	0	0
ar	LEFT	10	chor ar	chor	3	193	0.015544	141	16657	0.008465	1.836291	176	0	0	1	0	0
ar	LEFT	11	daiin ar	daiin	3	193	0.015544	412	16657	0.024734	0.628440	602	0	0	1	0	0
ar	LEFT	12	dain ar	dain	3	193	0.015544	101	16657	0.006064	2.563536	149	0	0	1	0	0
ar	LEFT	13	okain ar	okain	3	193	0.015544	80	16657	0.004803	3.236464	112	0	0	1	0	0
ar	LEFT	14	char ar	char	2	193	0.010363	44	16657	0.002642	3.922986	55	0	0	1	0	0
ar	LEFT	15	chees ar	chees	2	193	0.010363	23	16657	0.001381	7.504843	29	0	0	1	0	0
ar	LEFT	16	ches ar	ches	2	193	0.010363	21	16657	0.001261	8.219590	28	0	0	1	0	0
ar	LEFT	17	kar ar	kar	2	193	0.010363	30	16657	0.001801	5.753713	42	0	0	1	0	0
ar	LEFT	18	lkar ar	lkar	2	193	0.010363	24	16657	0.001441	7.192142	29	0	0	1	0	0
ar	LEFT	19	lor ar	lor	2	193	0.010363	24	16657	0.001441	7.192142	30	0	0	1	0	0
ar	LEFT	20	los ar	los	2	193	0.010363	5	16657	0.000300	34.522280	5	0	0	1	0	0
ar	LEFT	21	okaiin ar	okaiin	2	193	0.010363	134	16657	0.008045	1.288145	177	0	0	1	0	0
ar	LEFT	22	ol ar	ol	2	193	0.010363	263	16657	0.015789	0.656317	376	0	0	1	0	0
ar	LEFT	23	olain ar	olain	2	193	0.010363	7	16657	0.000420	24.658771	10	0	0	1	0	0
ar	LEFT	24	qokaiin ar	qokaiin	2	193	0.010363	180	16657	0.010806	0.958952	241	0	0	1	0	0
ar	LEFT	25	qokar ar	qokar	2	193	0.010363	102	16657	0.006124	1.692269	132	0	0	1	0	0
ar	LEFT	26	qotain ar	qotain	2	193	0.010363	43	16657	0.002581	4.014219	60	0	0	1	0	0
ar	LEFT	27	sain ar	sain	2	193	0.010363	37	16657	0.002221	4.665173	53	0	0	1	0	0
ar	LEFT	28	sor ar	sor	2	193	0.010363	30	16657	0.001801	5.753713	34	0	0	1	0	0
ar	LEFT	29	tar ar	tar	2	193	0.010363	25	16657	0.001501	6.904456	33	0	0	1	0	0
ar	LEFT	30	aiin ar	aiin	1	193	0.005181	253	16657	0.015189	0.341129	338	1	0	1	0	0
ar	LEFT	31	aiir ar	aiir	1	193	0.005181	11	16657	0.000660	7.845973	14	0	0	1	0	0
ar	LEFT	32	ain ar	ain	1	193	0.005181	46	16657	0.002762	1.876211	67	1	0	1	0	0
ar	LEFT	33	chaltar ar	chaltar	1	193	0.005181	1	16657	0.000060	86.305699	1	0	0	1	0	0
ar	LEFT	34	chckhy ar	chckhy	1	193	0.005181	86	16657	0.005163	1.003555	115	0	0	1	0	0
ar	LEFT	35	chcphar ar	chcphar	1	193	0.005181	1	16657	0.000060	86.305699	1	0	0	1	0	0
ar	LEFT	36	chear ar	chear	1	193	0.005181	27	16657	0.001621	3.196507	38	0	0	1	0	0
ar	LEFT	37	cheeo ar	cheeo	1	193	0.005181	10	16657	0.000600	8.630570	14	0	0	1	0	0
ar	LEFT	38	cheody ar	cheody	1	193	0.005181	32	16657	0.001921	2.697053	54	0	0	1	0	0
ar	LEFT	39	cheol ar	cheol	1	193	0.005181	94	16657	0.005643	0.918146	118	0	0	1	0	0
ar	LEFT	40	chep ar	chep	1	193	0.005181	3	16657	0.000180	28.768566	3	0	0	1	0	0
ar	LEFT	41	chol ar	chol	1	193	0.005181	251	16657	0.015069	0.343847	303	0	0	1	0	0
ar	LEFT	42	chpchar ar	chpchar	1	193	0.005181	1	16657	0.000060	86.305699	1	0	0	1	0	0
ar	LEFT	43	chs ar	chs	1	193	0.005181	10	16657	0.000600	8.630570	11	0	0	1	0	0
ar	LEFT	44	chtar ar	chtar	1	193	0.005181	3	16657	0.000180	28.768566	3	0	0	1	0	0
ar	LEFT	45	ckheeody ar	ckheeody	1	193	0.005181	1	16657	0.000060	86.305699	1	0	0	1	0	0
ar	LEFT	46	ckhoor ar	ckhoor	1	193	0.005181	1	16657	0.000060	86.305699	1	0	0	1	0	0
ar	LEFT	47	da ar	da	1	193	0.005181	2	16657	0.000120	43.152850	5	0	0	1	0	0
ar	LEFT	48	dair ar	dair	1	193	0.005181	39	16657	0.002341	2.212967	63	0	0	1	0	0
ar	LEFT	49	dal ar	dal	1	193	0.005181	81	16657	0.004863	1.065502	147	0	0	1	0	0
ar	LEFT	50	dshdy ar	dshdy	1	193	0.005181	1	16657	0.000060	86.305699	1	0	0	1	0	0
ar	LEFT	51	kain ar	kain	1	193	0.005181	24	16657	0.001441	3.596071	36	0	0	1	0	0
ar	LEFT	52	kedy ar	kedy	1	193	0.005181	10	16657	0.000600	8.630570	16	0	0	1	0	0
ar	LEFT	53	kol ar	kol	1	193	0.005181	14	16657	0.000840	6.164693	20	0	0	1	0	0
ar	LEFT	54	l ar	l	1	193	0.005181	22	16657	0.001321	3.922986	38	0	0	1	0	0
ar	LEFT	55	lar ar	lar	1	193	0.005181	1	16657	0.000060	86.305699	5	0	0	1	0	0
ar	LEFT	56	lkair ar	lkair	1	193	0.005181	2	16657	0.000120	43.152850	2	0	0	1	0	0
ar	LEFT	57	lr ar	lr	1	193	0.005181	7	16657	0.000420	12.329386	9	0	0	1	0	0
ar	LEFT	58	oar ar	oar	1	193	0.005181	6	16657	0.000360	14.384283	9	0	0	1	0	0
ar	LEFT	59	od ar	od	1	193	0.005181	2	16657	0.000120	43.152850	5	0	0	1	0	0
ar	LEFT	60	ody ar	ody	1	193	0.005181	15	16657	0.000901	5.753713	26	0	0	1	0	0
ar	LEFT	61	oeoar ar	oeoar	1	193	0.005181	1	16657	0.000060	86.305699	1	0	0	1	0	0
ar	LEFT	62	okal ar	okal	1	193	0.005181	73	16657	0.004383	1.182270	102	0	0	1	0	0
ar	LEFT	63	okeal ar	okeal	1	193	0.005181	7	16657	0.000420	12.329386	8	0	0	1	0	0
ar	LEFT	64	okees ar	okees	1	193	0.005181	6	16657	0.000360	14.384283	8	0	0	1	0	0
ar	LEFT	65	okes ar	okes	1	193	0.005181	1	16657	0.000060	86.305699	1	0	0	1	0	0
ar	LEFT	66	oldar ar	oldar	1	193	0.005181	2	16657	0.000120	43.152850	5	0	0	1	0	0
ar	LEFT	67	olkam ar	olkam	1	193	0.005181	3	16657	0.000180	28.768566	9	0	0	1	0	0
ar	LEFT	68	opches ar	opches	1	193	0.005181	2	16657	0.000120	43.152850	2	0	0	1	0	0
ar	LEFT	69	otalar ar	otalar	1	193	0.005181	2	16657	0.000120	43.152850	2	0	0	1	0	0
ar	LEFT	70	otechd ar	otechd	1	193	0.005181	1	16657	0.000060	86.305699	1	0	0	1	0	0
ar	LEFT	71	otedy ar	otedy	1	193	0.005181	55	16657	0.003302	1.569195	75	0	0	1	0	0
ar	LEFT	72	oteedal ar	oteedal	1	193	0.005181	2	16657	0.000120	43.152850	2	0	0	1	0	0
ar	LEFT	73	oteeos ar	oteeos	1	193	0.005181	2	16657	0.000120	43.152850	3	0	0	1	0	0
ar	LEFT	74	otees ar	otees	1	193	0.005181	3	16657	0.000180	28.768566	4	0	0	1	0	0
ar	LEFT	75	oteey ar	oteey	1	193	0.005181	64	16657	0.003842	1.348527	90	0	0	1	0	0
ar	LEFT	76	oteol ar	oteol	1	193	0.005181	15	16657	0.000901	5.753713	24	0	0	1	0	0
ar	LEFT	77	oteolair ar	oteolair	1	193	0.005181	1	16657	0.000060	86.305699	1	0	0	1	0	0
ar	LEFT	78	otor ar	otor	1	193	0.005181	20	16657	0.001201	4.315285	24	0	0	1	0	0
ar	LEFT	79	otos ar	otos	1	193	0.005181	2	16657	0.000120	43.152850	2	0	0	1	0	0
ar	LEFT	80	paiin ar	paiin	1	193	0.005181	6	16657	0.000360	14.384283	6	0	1	1	0	0
ar	LEFT	81	palchar ar	palchar	1	193	0.005181	1	16657	0.000060	86.305699	1	0	0	1	0	0
ar	LEFT	82	par ar	par	1	193	0.005181	4	16657	0.000240	21.576425	4	0	0	1	0	0
ar	LEFT	83	pcholor ar	pcholor	1	193	0.005181	1	16657	0.000060	86.305699	1	0	0	1	0	0
ar	LEFT	84	pchoraiin ar	pchoraiin	1	193	0.005181	1	16657	0.000060	86.305699	1	0	0	1	0	0
ar	LEFT	85	pokar ar	pokar	1	193	0.005181	1	16657	0.000060	86.305699	1	0	0	1	0	0
ar	LEFT	86	por ar	por	1	193	0.005181	3	16657	0.000180	28.768566	5	0	0	1	0	0
ar	LEFT	87	qoair ar	qoair	1	193	0.005181	2	16657	0.000120	43.152850	2	0	0	1	0	0
ar	LEFT	88	qod ar	qod	1	193	0.005181	3	16657	0.000180	28.768566	8	0	0	1	0	0
ar	LEFT	89	qokchd ar	qokchd	1	193	0.005181	5	16657	0.000300	17.261140	6	0	0	1	0	0
ar	LEFT	90	qokedaiin ar	qokedaiin	1	193	0.005181	2	16657	0.000120	43.152850	3	0	0	1	0	0
ar	LEFT	91	qokeey ar	qokeey	1	193	0.005181	189	16657	0.011347	0.456644	264	0	0	1	0	0
ar	LEFT	92	qokey ar	qokey	1	193	0.005181	72	16657	0.004323	1.198690	88	0	0	1	0	0
ar	LEFT	93	qokshd ar	qokshd	1	193	0.005181	2	16657	0.000120	43.152850	2	0	0	1	0	0
ar	LEFT	94	qokshey ar	qokshey	1	193	0.005181	2	16657	0.000120	43.152850	5	0	0	1	0	0
ar	LEFT	95	qotair ar	qotair	1	193	0.005181	4	16657	0.000240	21.576425	4	0	0	1	0	0
ar	LEFT	96	qotar ar	qotar	1	193	0.005181	36	16657	0.002161	2.397381	53	0	0	1	0	0
ar	LEFT	97	qotor ar	qotor	1	193	0.005181	18	16657	0.001081	4.794761	22	0	0	1	0	0
ar	LEFT	98	r ar	r	1	193	0.005181	42	16657	0.002521	2.054898	57	0	0	1	0	0
ar	LEFT	99	raiin ar	raiin	1	193	0.005181	33	16657	0.001981	2.615324	45	0	0	1	0	0
ar	LEFT	100	rar ar	rar	1	193	0.005181	9	16657	0.000540	9.589522	11	0	0	1	0	0
ar	LEFT	101	sa ar	sa	1	193	0.005181	1	16657	0.000060	86.305699	2	0	0	1	0	0
ar	LEFT	102	saiin ar	saiin	1	193	0.005181	69	16657	0.004142	1.250807	89	0	0	1	0	0
ar	LEFT	103	shaiin ar	shaiin	1	193	0.005181	16	16657	0.000961	5.394106	18	0	0	1	0	0
ar	LEFT	104	shear ar	shear	1	193	0.005181	15	16657	0.000901	5.753713	17	0	0	1	0	0
ar	LEFT	105	sheedy ar	sheedy	1	193	0.005181	33	16657	0.001981	2.615324	41	0	0	1	0	0
ar	LEFT	106	sheet ar	sheet	1	193	0.005181	2	16657	0.000120	43.152850	2	0	0	1	0	0
ar	LEFT	107	shey ar	shey	1	193	0.005181	133	16657	0.007985	0.648915	179	0	0	1	0	0
ar	LEFT	108	sho ar	sho	1	193	0.005181	80	16657	0.004803	1.078821	93	0	0	1	0	0
ar	LEFT	109	shoar ar	shoar	1	193	0.005181	2	16657	0.000120	43.152850	2	0	0	1	0	0
ar	LEFT	110	shok ar	shok	1	193	0.005181	2	16657	0.000120	43.152850	2	0	0	1	0	0
ar	LEFT	111	shx ar	shx	1	193	0.005181	1	16657	0.000060	86.305699	1	0	0	1	0	0
ar	LEFT	112	soaiin ar	soaiin	1	193	0.005181	1	16657	0.000060	86.305699	2	0	0	1	0	0
ar	LEFT	113	tain ar	tain	1	193	0.005181	7	16657	0.000420	12.329386	8	0	0	1	0	0
ar	LEFT	114	tal ar	tal	1	193	0.005181	11	16657	0.000660	7.845973	14	0	0	1	0	0
ar	LEFT	115	tchy ar	tchy	1	193	0.005181	12	16657	0.000720	7.192142	15	0	0	1	0	0
ar	LEFT	116	teodeey ar	teodeey	1	193	0.005181	1	16657	0.000060	86.305699	1	0	0	1	0	0
ar	LEFT	117	to ar	to	1	193	0.005181	1	16657	0.000060	86.305699	1	0	0	1	0	0
ar	LEFT	118	tolain ar	tolain	1	193	0.005181	1	16657	0.000060	86.305699	1	0	0	1	0	0
ar	LEFT	119	typchey ar	typchey	1	193	0.005181	1	16657	0.000060	86.305699	1	0	0	1	0	0
ar	LEFT	120	ychor ar	ychor	1	193	0.005181	13	16657	0.000780	6.638900	13	0	1	1	0	0
ar	LEFT	121	ykar ar	ykar	1	193	0.005181	18	16657	0.001081	4.794761	27	0	0	1	0	0
ar	LEFT	122	ykedor ar	ykedor	1	193	0.005181	1	16657	0.000060	86.305699	1	0	0	1	0	0
ar	LEFT	123	ykeeod ar	ykeeod	1	193	0.005181	1	16657	0.000060	86.305699	1	0	0	1	0	0
ar	LEFT	124	ykeshy ar	ykeshy	1	193	0.005181	1	16657	0.000060	86.305699	1	0	0	1	0	0
ar	LEFT	125	ytedy ar	ytedy	1	193	0.005181	9	16657	0.000540	9.589522	12	0	0	1	0	0
ar	LEFT	126	ytor ar	ytor	1	193	0.005181	11	16657	0.000660	7.845973	12	0	0	1	0	0
ar	RIGHT	1	ar aiin	aiin	16	176	0.090909	267	16657	0.016029	5.671433	338	1	0	1	0	0
ar	RIGHT	2	ar al	al	10	176	0.056818	131	16657	0.007865	7.224584	167	0	0	1	0	0
ar	RIGHT	3	ar or	or	8	176	0.045455	171	16657	0.010266	4.427698	235	0	0	1	0	0
ar	RIGHT	4	ar aiiin	aiiin	6	176	0.034091	36	16657	0.002161	15.773674	39	1	0	1	0	0
ar	RIGHT	5	ar ar	ar	6	176	0.034091	193	16657	0.011587	2.942240	242	0	0	1	0	0
ar	RIGHT	6	ar ain	ain	5	176	0.028409	53	16657	0.003182	8.928495	67	1	0	1	0	0
ar	RIGHT	7	ar air	air	3	176	0.017045	34	16657	0.002041	8.350769	44	0	0	1	0	0
ar	RIGHT	8	ar am	am	3	176	0.017045	35	16657	0.002101	8.112175	53	0	0	1	0	0
ar	RIGHT	9	ar oky	oky	3	176	0.017045	62	16657	0.003722	4.579454	80	0	0	1	0	0
ar	RIGHT	10	ar ol	ol	3	176	0.017045	293	16657	0.017590	0.969031	376	0	0	1	0	0
ar	RIGHT	11	ar shey	shey	3	176	0.017045	138	16657	0.008285	2.057436	179	0	0	1	0	0
ar	RIGHT	12	ar y	y	3	176	0.017045	47	16657	0.002822	6.040982	84	0	0	1	0	0
ar	RIGHT	13	ar cheey	cheey	2	176	0.011364	102	16657	0.006124	1.855726	137	0	0	1	0	0
ar	RIGHT	14	ar cheor	cheor	2	176	0.011364	43	16657	0.002581	4.401956	56	0	0	1	0	0
ar	RIGHT	15	ar chor	chor	2	176	0.011364	139	16657	0.008345	1.361756	176	0	0	1	0	0
ar	RIGHT	16	ar keey	keey	2	176	0.011364	23	16657	0.001381	8.229743	27	0	0	1	0	0
ar	RIGHT	17	ar okain	okain	2	176	0.011364	77	16657	0.004623	2.458235	112	0	0	1	0	0
ar	RIGHT	18	ar okol	okol	2	176	0.011364	38	16657	0.002281	4.981160	50	0	0	1	0	0
ar	RIGHT	19	ar otar	otar	2	176	0.011364	82	16657	0.004923	2.308343	110	0	0	1	0	0
ar	RIGHT	20	ar shol	shol	2	176	0.011364	113	16657	0.006784	1.675080	146	0	0	1	0	0
ar	RIGHT	21	ar ykar	ykar	2	176	0.011364	15	16657	0.000901	12.618939	27	0	0	1	0	0
ar	RIGHT	22	ar adam	adam	1	176	0.005682	1	16657	0.000060	94.642045	1	0	0	1	0	0
ar	RIGHT	23	ar aiir	aiir	1	176	0.005682	9	16657	0.000540	10.515783	14	0	0	1	0	0
ar	RIGHT	24	ar aildy	aildy	1	176	0.005682	2	16657	0.000120	47.321023	2	0	0	1	0	0
ar	RIGHT	25	ar aim	aim	1	176	0.005682	2	16657	0.000120	47.321023	2	0	0	1	0	0
ar	RIGHT	26	ar airod	airod	1	176	0.005682	1	16657	0.000060	94.642045	2	0	0	1	0	0
ar	RIGHT	27	ar akair	akair	1	176	0.005682	1	16657	0.000060	94.642045	1	0	0	1	0	0
ar	RIGHT	28	ar akal	akal	1	176	0.005682	1	16657	0.000060	94.642045	1	0	0	1	0	0
ar	RIGHT	29	ar alam	alam	1	176	0.005682	4	16657	0.000240	23.660511	6	0	0	1	0	0
ar	RIGHT	30	ar alchedy	alchedy	1	176	0.005682	3	16657	0.000180	31.547348	3	0	0	1	0	0
ar	RIGHT	31	ar aldar	aldar	1	176	0.005682	1	16657	0.000060	94.642045	1	0	0	1	0	0
ar	RIGHT	32	ar aldy	aldy	1	176	0.005682	5	16657	0.000300	18.928409	5	0	0	1	0	0
ar	RIGHT	33	ar alkair	alkair	1	176	0.005682	1	16657	0.000060	94.642045	1	0	0	1	0	0
ar	RIGHT	34	ar alkam	alkam	1	176	0.005682	3	16657	0.000180	31.547348	4	0	0	1	0	0
ar	RIGHT	35	ar alkey	alkey	1	176	0.005682	1	16657	0.000060	94.642045	1	0	0	1	0	0
ar	RIGHT	36	ar alody	alody	1	176	0.005682	2	16657	0.000120	47.321023	2	0	0	1	0	0
ar	RIGHT	37	ar aloiiin	aloiiin	1	176	0.005682	1	16657	0.000060	94.642045	1	0	0	1	0	0
ar	RIGHT	38	ar alol	alol	1	176	0.005682	6	16657	0.000360	15.773674	7	0	0	1	0	0
ar	RIGHT	39	ar alom	alom	1	176	0.005682	3	16657	0.000180	31.547348	3	0	0	1	0	0
ar	RIGHT	40	ar alor	alor	1	176	0.005682	2	16657	0.000120	47.321023	6	0	0	1	0	0
ar	RIGHT	41	ar alosheey	alosheey	1	176	0.005682	1	16657	0.000060	94.642045	1	0	0	1	0	0
ar	RIGHT	42	ar alsy	alsy	1	176	0.005682	1	16657	0.000060	94.642045	1	0	0	1	0	0
ar	RIGHT	43	ar arodaim	arodaim	1	176	0.005682	1	16657	0.000060	94.642045	1	0	0	1	0	0
ar	RIGHT	44	ar arodl	arodl	1	176	0.005682	2	16657	0.000120	47.321023	2	0	0	1	0	0
ar	RIGHT	45	ar arody	arody	1	176	0.005682	5	16657	0.000300	18.928409	9	0	0	1	0	0
ar	RIGHT	46	ar ary	ary	1	176	0.005682	11	16657	0.000660	8.603822	14	0	0	1	0	0
ar	RIGHT	47	ar chcthy	chcthy	1	176	0.005682	57	16657	0.003422	1.660387	69	0	0	1	0	0
ar	RIGHT	48	ar chdy	chdy	1	176	0.005682	71	16657	0.004262	1.332987	89	0	0	1	0	0
ar	RIGHT	49	ar cheal	cheal	1	176	0.005682	25	16657	0.001501	3.785682	25	0	0	1	0	0
ar	RIGHT	50	ar chear	chear	1	176	0.005682	31	16657	0.001861	3.052969	38	0	0	1	0	0
ar	RIGHT	51	ar chedy	chedy	1	176	0.005682	239	16657	0.014348	0.395992	296	0	0	1	0	0
ar	RIGHT	52	ar cheky	cheky	1	176	0.005682	42	16657	0.002521	2.253382	50	0	0	1	0	0
ar	RIGHT	53	ar cheokey	cheokey	1	176	0.005682	2	16657	0.000120	47.321023	2	0	0	1	0	0
ar	RIGHT	54	ar cheol	cheol	1	176	0.005682	90	16657	0.005403	1.051578	118	0	0	1	0	0
ar	RIGHT	55	ar chety	chety	1	176	0.005682	13	16657	0.000780	7.280157	16	0	0	1	0	0
ar	RIGHT	56	ar chey	chey	1	176	0.005682	216	16657	0.012968	0.438158	282	0	0	1	0	0
ar	RIGHT	57	ar chkeey	chkeey	1	176	0.005682	9	16657	0.000540	10.515783	12	0	0	1	0	0
ar	RIGHT	58	ar choky	choky	1	176	0.005682	27	16657	0.001621	3.505261	30	0	0	1	0	0
ar	RIGHT	59	ar choldal	choldal	1	176	0.005682	1	16657	0.000060	94.642045	1	0	0	1	0	0
ar	RIGHT	60	ar choraiin	choraiin	1	176	0.005682	3	16657	0.000180	31.547348	3	0	0	1	0	0
ar	RIGHT	61	ar chty	chty	1	176	0.005682	10	16657	0.000600	9.464205	12	0	0	1	0	0
ar	RIGHT	62	ar chy	chy	1	176	0.005682	94	16657	0.005643	1.006830	114	0	0	1	0	0
ar	RIGHT	63	ar daiiidy	daiiidy	1	176	0.005682	1	16657	0.000060	94.642045	1	0	0	1	0	0
ar	RIGHT	64	ar dair	dair	1	176	0.005682	39	16657	0.002341	2.426719	63	0	0	1	0	0
ar	RIGHT	65	ar lchal	lchal	1	176	0.005682	4	16657	0.000240	23.660511	6	0	0	1	0	0
ar	RIGHT	66	ar lkain	lkain	1	176	0.005682	25	16657	0.001501	3.785682	27	0	0	1	0	0
ar	RIGHT	67	ar lkchs	lkchs	1	176	0.005682	1	16657	0.000060	94.642045	1	0	0	1	0	0
ar	RIGHT	68	ar lky	lky	1	176	0.005682	15	16657	0.000901	6.309470	16	0	0	1	0	0
ar	RIGHT	69	ar ockhey	ockhey	1	176	0.005682	3	16657	0.000180	31.547348	5	0	0	1	0	0
ar	RIGHT	70	ar odal	odal	1	176	0.005682	7	16657	0.000420	13.520292	11	0	0	1	0	0
ar	RIGHT	71	ar odar	odar	1	176	0.005682	11	16657	0.000660	8.603822	17	0	0	1	0	0
ar	RIGHT	72	ar oetalchg	oetalchg	1	176	0.005682	1	16657	0.000060	94.642045	1	0	0	1	0	0
ar	RIGHT	73	ar okaiin	okaiin	1	176	0.005682	140	16657	0.008405	0.676015	177	0	0	1	0	0
ar	RIGHT	74	ar okaim	okaim	1	176	0.005682	1	16657	0.000060	94.642045	1	0	0	1	0	0
ar	RIGHT	75	ar okam	okam	1	176	0.005682	11	16657	0.000660	8.603822	17	0	0	1	0	0
ar	RIGHT	76	ar okar	okar	1	176	0.005682	74	16657	0.004443	1.278947	91	0	0	1	0	0
ar	RIGHT	77	ar okary	okary	1	176	0.005682	4	16657	0.000240	23.660511	5	0	0	1	0	0
ar	RIGHT	78	ar okeedy	okeedy	1	176	0.005682	40	16657	0.002401	2.366051	49	0	0	1	0	0
ar	RIGHT	79	ar okeeey	okeeey	1	176	0.005682	16	16657	0.000961	5.915128	20	0	0	1	0	0
ar	RIGHT	80	ar olar	olar	1	176	0.005682	6	16657	0.000360	15.773674	7	0	0	1	0	0
ar	RIGHT	81	ar oldy	oldy	1	176	0.005682	12	16657	0.000720	7.886837	17	0	0	1	0	0
ar	RIGHT	82	ar olkain	olkain	1	176	0.005682	25	16657	0.001501	3.785682	30	0	0	1	0	0
ar	RIGHT	83	ar olkeol	olkeol	1	176	0.005682	4	16657	0.000240	23.660511	7	0	0	1	0	0
ar	RIGHT	84	ar olor	olor	1	176	0.005682	17	16657	0.001021	5.567179	22	0	0	1	0	0
ar	RIGHT	85	ar olshey	olshey	1	176	0.005682	8	16657	0.000480	11.830256	9	0	0	1	0	0
ar	RIGHT	86	ar opchdain	opchdain	1	176	0.005682	1	16657	0.000060	94.642045	1	0	0	1	0	0
ar	RIGHT	87	ar opchekan	opchekan	1	176	0.005682	1	16657	0.000060	94.642045	1	0	0	1	0	0
ar	RIGHT	88	ar opchey	opchey	1	176	0.005682	21	16657	0.001261	4.506764	25	0	0	1	0	0
ar	RIGHT	89	ar ordaiin	ordaiin	1	176	0.005682	1	16657	0.000060	94.642045	1	0	0	1	0	0
ar	RIGHT	90	ar otaiin	otaiin	1	176	0.005682	97	16657	0.005823	0.975691	128	0	0	1	0	0
ar	RIGHT	91	ar otalky	otalky	1	176	0.005682	1	16657	0.000060	94.642045	1	0	0	1	0	0
ar	RIGHT	92	ar otalor	otalor	1	176	0.005682	4	16657	0.000240	23.660511	4	0	0	1	0	0
ar	RIGHT	93	ar otchey	otchey	1	176	0.005682	16	16657	0.000961	5.915128	23	0	0	1	0	0
ar	RIGHT	94	ar otchy	otchy	1	176	0.005682	26	16657	0.001561	3.640079	36	0	0	1	0	0
ar	RIGHT	95	ar otedy	otedy	1	176	0.005682	55	16657	0.003302	1.720764	75	0	0	1	0	0
ar	RIGHT	96	ar qekeeey	qekeeey	1	176	0.005682	1	16657	0.000060	94.642045	1	0	0	1	0	0
ar	RIGHT	97	ar qokaiin	qokaiin	1	176	0.005682	149	16657	0.008945	0.635182	241	0	0	1	0	0
ar	RIGHT	98	ar qokchd	qokchd	1	176	0.005682	5	16657	0.000300	18.928409	6	0	0	1	0	0
ar	RIGHT	99	ar qokeo	qokeo	1	176	0.005682	3	16657	0.000180	31.547348	5	0	0	1	0	0
ar	RIGHT	100	ar qotal	qotal	1	176	0.005682	43	16657	0.002581	2.200978	54	0	0	1	0	0
ar	RIGHT	101	ar r	r	1	176	0.005682	44	16657	0.002642	2.150956	57	0	0	1	0	0
ar	RIGHT	102	ar raiin	raiin	1	176	0.005682	40	16657	0.002401	2.366051	45	0	0	1	0	0
ar	RIGHT	103	ar s	s	1	176	0.005682	112	16657	0.006724	0.845018	154	0	0	1	0	0
ar	RIGHT	104	ar shckhy	shckhy	1	176	0.005682	39	16657	0.002341	2.426719	44	0	0	1	0	0
ar	RIGHT	105	ar shdar	shdar	1	176	0.005682	6	16657	0.000360	15.773674	7	0	0	1	0	0
ar	RIGHT	106	ar sheo	sheo	1	176	0.005682	23	16657	0.001381	4.114872	28	0	0	1	0	0
ar	RIGHT	107	ar tol	tol	1	176	0.005682	9	16657	0.000540	10.515783	27	0	0	1	0	0
ar	RIGHT	108	ar ykeain	ykeain	1	176	0.005682	1	16657	0.000060	94.642045	1	0	0	1	0	0
ar	RIGHT	109	ar yteey	yteey	1	176	0.005682	13	16657	0.000780	7.280157	20	0	0	1	0	0
ar	RIGHT	110	ar ytey	ytey	1	176	0.005682	5	16657	0.000300	18.928409	9	0	0	1	0	0
odol	LEFT	1	ychor odol	ychor	1	1	1.000000	13	16657	0.000780	1281.307692	13	0	1	1	0	0
odol	RIGHT	1	odol choy	choy	1	1	1.000000	7	16657	0.000420	2379.571429	8	0	0	1	0	0
ols	LEFT	1	am ols	am	1	9	0.111111	8	16657	0.000480	231.347222	53	0	0	1	0	0
ols	LEFT	2	cheor ols	cheor	1	9	0.111111	46	16657	0.002762	40.234300	56	0	0	1	0	0
ols	LEFT	3	dar ols	dar	1	9	0.111111	122	16657	0.007324	15.170310	195	0	0	1	0	0
ols	LEFT	4	fchor ols	fchor	1	9	0.111111	2	16657	0.000120	925.388889	2	0	0	1	0	0
ols	LEFT	5	ol ols	ol	1	9	0.111111	263	16657	0.015789	7.037178	376	0	0	1	0	0
ols	LEFT	6	shey ols	shey	1	9	0.111111	133	16657	0.007985	13.915622	179	0	0	1	0	0
ols	LEFT	7	tor ols	tor	1	9	0.111111	9	16657	0.000540	205.641975	12	0	0	1	0	0
ols	LEFT	8	ychor ols	ychor	1	9	0.111111	13	16657	0.000780	142.367521	13	0	1	1	0	0
ols	LEFT	9	yky ols	yky	1	9	0.111111	7	16657	0.000420	264.396825	10	0	0	1	0	0
ols	RIGHT	1	ols aiin	aiin	2	5	0.400000	267	16657	0.016029	24.954307	338	1	0	1	0	0
ols	RIGHT	2	ols aiiin	aiiin	1	5	0.200000	36	16657	0.002161	92.538889	39	1	0	1	0	0
ols	RIGHT	3	ols lain	lain	1	5	0.200000	4	16657	0.000240	832.850000	4	0	0	1	0	0
ols	RIGHT	4	ols ol	ol	1	5	0.200000	293	16657	0.017590	11.369966	376	0	0	1	0	0
sheol	LEFT	1	daiin sheol	daiin	4	56	0.071429	412	16657	0.024734	2.887829	602	0	0	1	0	0
sheol	LEFT	2	qokain sheol	qokain	4	56	0.071429	195	16657	0.011707	6.101465	256	0	0	1	0	0
sheol	LEFT	3	ol sheol	ol	2	56	0.035714	263	16657	0.015789	2.261950	376	0	0	1	0	0
sheol	LEFT	4	qokaiin sheol	qokaiin	2	56	0.035714	180	16657	0.010806	3.304960	241	0	0	1	0	0
sheol	LEFT	5	qotol sheol	qotol	2	56	0.035714	35	16657	0.002101	16.996939	40	0	0	1	0	0
sheol	LEFT	6	sheol sheol	sheol	2	56	0.035714	57	16657	0.003422	10.436717	71	0	0	1	0	0
sheol	LEFT	7	ytol sheol	ytol	2	56	0.035714	10	16657	0.000600	59.489286	11	0	0	1	0	0
sheol	LEFT	8	chckhedy sheol	chckhedy	1	56	0.017857	3	16657	0.000180	99.148810	6	0	0	1	0	0
sheol	LEFT	9	checkhey sheol	checkhey	1	56	0.017857	6	16657	0.000360	49.574405	9	0	0	1	0	0
sheol	LEFT	10	cheor sheol	cheor	1	56	0.017857	46	16657	0.002762	6.466227	56	0	0	1	0	0
sheol	LEFT	11	chkor sheol	chkor	1	56	0.017857	1	16657	0.000060	297.446429	1	0	0	1	0	0
sheol	LEFT	12	chokar sheol	chokar	1	56	0.017857	5	16657	0.000300	59.489286	6	0	0	1	0	0
sheol	LEFT	13	dain sheol	dain	1	56	0.017857	101	16657	0.006064	2.945014	149	0	0	1	0	0
sheol	LEFT	14	dalcheeeky sheol	dalcheeeky	1	56	0.017857	1	16657	0.000060	297.446429	1	0	0	1	0	0
sheol	LEFT	15	kor sheol	kor	1	56	0.017857	8	16657	0.000480	37.180804	13	0	0	1	0	0
sheol	LEFT	16	lcheor sheol	lcheor	1	56	0.017857	2	16657	0.000120	148.723214	2	0	0	1	0	0
sheol	LEFT	17	okeol sheol	okeol	1	56	0.017857	28	16657	0.001681	10.623087	41	0	0	1	0	0
sheol	LEFT	18	olaiir sheol	olaiir	1	56	0.017857	3	16657	0.000180	99.148810	3	0	0	1	0	0
sheol	LEFT	19	olain sheol	olain	1	56	0.017857	7	16657	0.000420	42.492347	10	0	0	1	0	0
sheol	LEFT	20	olkeeey sheol	olkeeey	1	56	0.017857	7	16657	0.000420	42.492347	7	0	0	1	0	0
sheol	LEFT	21	olol sheol	olol	1	56	0.017857	7	16657	0.000420	42.492347	14	0	0	1	0	0
sheol	LEFT	22	oltshedy sheol	oltshedy	1	56	0.017857	1	16657	0.000060	297.446429	1	0	0	1	0	0
sheol	LEFT	23	or sheol	or	1	56	0.017857	181	16657	0.010866	1.643350	235	0	0	1	0	0
sheol	LEFT	24	oteeor sheol	oteeor	1	56	0.017857	2	16657	0.000120	148.723214	2	0	0	1	0	0
sheol	LEFT	25	qodair sheol	qodair	1	56	0.017857	2	16657	0.000120	148.723214	2	0	0	1	0	0
sheol	LEFT	26	qoeair sheol	qoeair	1	56	0.017857	1	16657	0.000060	297.446429	1	0	0	1	0	0
sheol	LEFT	27	qok sheol	qok	1	56	0.017857	5	16657	0.000300	59.489286	6	0	0	1	0	0
sheol	LEFT	28	qokam sheol	qokam	1	56	0.017857	4	16657	0.000240	74.361607	22	0	0	1	0	0
sheol	LEFT	29	qokar sheol	qokar	1	56	0.017857	102	16657	0.006124	2.916141	132	0	0	1	0	0
sheol	LEFT	30	qokedy sheol	qokedy	1	56	0.017857	121	16657	0.007264	2.458235	164	0	0	1	0	0
sheol	LEFT	31	r sheol	r	1	56	0.017857	42	16657	0.002521	7.082058	57	0	0	1	0	0
sheol	LEFT	32	sar sheol	sar	1	56	0.017857	33	16657	0.001981	9.013528	45	0	0	1	0	0
sheol	LEFT	33	secheeol sheol	secheeol	1	56	0.017857	1	16657	0.000060	297.446429	1	0	0	1	0	0
sheol	LEFT	34	shckhy sheol	shckhy	1	56	0.017857	39	16657	0.002341	7.626832	44	0	0	1	0	0
sheol	LEFT	35	sheolkain sheol	sheolkain	1	56	0.017857	1	16657	0.000060	297.446429	1	0	0	1	0	0
sheol	LEFT	36	shol sheol	shol	1	56	0.017857	120	16657	0.007204	2.478720	146	0	0	1	0	0
sheol	LEFT	37	shor sheol	shor	1	56	0.017857	63	16657	0.003782	4.721372	77	0	0	1	0	0
sheol	LEFT	38	sol sheol	sol	1	56	0.017857	41	16657	0.002461	7.254791	49	0	0	1	0	0
sheol	LEFT	39	sols sheol	sols	1	56	0.017857	1	16657	0.000060	297.446429	2	0	0	1	0	0
sheol	LEFT	40	sor sheol	sor	1	56	0.017857	30	16657	0.001801	9.914881	34	0	0	1	0	0
sheol	LEFT	41	taiiin sheol	taiiin	1	56	0.017857	1	16657	0.000060	297.446429	1	0	0	1	0	0
sheol	LEFT	42	teeol sheol	teeol	1	56	0.017857	3	16657	0.000180	99.148810	3	0	0	1	0	0
sheol	LEFT	43	teol sheol	teol	1	56	0.017857	7	16657	0.000420	42.492347	12	0	0	1	0	0
sheol	LEFT	44	y sheol	y	1	56	0.017857	42	16657	0.002521	7.082058	84	0	0	1	0	0
sheol	LEFT	45	ychor sheol	ychor	1	56	0.017857	13	16657	0.000780	22.880495	13	0	1	1	0	0
sheol	RIGHT	1	sheol oteey	oteey	2	57	0.035088	64	16657	0.003842	9.132127	90	0	0	1	0	0
sheol	RIGHT	2	sheol qokaiin	qokaiin	2	57	0.035088	149	16657	0.008945	3.922524	241	0	0	1	0	0
sheol	RIGHT	3	sheol qokain	qokain	2	57	0.035088	168	16657	0.010086	3.478906	256	0	0	1	0	0
sheol	RIGHT	4	sheol qokedy	qokedy	2	57	0.035088	111	16657	0.006664	5.265371	164	0	0	1	0	0
sheol	RIGHT	5	sheol sheol	sheol	2	57	0.035088	56	16657	0.003362	10.436717	71	0	0	1	0	0
sheol	RIGHT	6	sheol chedy	chedy	1	57	0.017544	239	16657	0.014348	1.222712	296	0	0	1	0	0
sheol	RIGHT	7	sheol cheeoldair	cheeoldair	1	57	0.017544	1	16657	0.000060	292.228070	1	0	0	1	0	0
sheol	RIGHT	8	sheol chol	chol	1	57	0.017544	239	16657	0.014348	1.222712	303	0	0	1	0	0
sheol	RIGHT	9	sheol daiin	daiin	1	57	0.017544	379	16657	0.022753	0.771050	602	0	0	1	0	0
sheol	RIGHT	10	sheol dain	dain	1	57	0.017544	93	16657	0.005583	3.142237	149	0	0	1	0	0
sheol	RIGHT	11	sheol dairody	dairody	1	57	0.017544	2	16657	0.000120	146.114035	3	0	0	1	0	0
sheol	RIGHT	12	sheol dy	dy	1	57	0.017544	122	16657	0.007324	2.395312	149	0	0	1	0	0
sheol	RIGHT	13	sheol ekedy	ekedy	1	57	0.017544	1	16657	0.000060	292.228070	1	0	0	1	0	0
sheol	RIGHT	14	sheol kechey	kechey	1	57	0.017544	1	16657	0.000060	292.228070	1	0	0	1	0	0
sheol	RIGHT	15	sheol keear	keear	1	57	0.017544	3	16657	0.000180	97.409357	3	0	0	1	0	0
sheol	RIGHT	16	sheol keechey	keechey	1	57	0.017544	1	16657	0.000060	292.228070	1	0	0	1	0	0
sheol	RIGHT	17	sheol keshey	keshey	1	57	0.017544	1	16657	0.000060	292.228070	1	0	0	1	0	0
sheol	RIGHT	18	sheol lchey	lchey	1	57	0.017544	28	16657	0.001681	10.436717	37	0	0	1	0	0
sheol	RIGHT	19	sheol okedy	okedy	1	57	0.017544	39	16657	0.002341	7.493027	47	0	0	1	0	0
sheol	RIGHT	20	sheol okeeol	okeeol	1	57	0.017544	5	16657	0.000300	58.445614	6	0	0	1	0	0
sheol	RIGHT	21	sheol otam	otam	1	57	0.017544	33	16657	0.001981	8.855396	39	0	0	1	0	0
sheol	RIGHT	22	sheol oteoefol	oteoefol	1	57	0.017544	1	16657	0.000060	292.228070	1	0	0	1	0	0
sheol	RIGHT	23	sheol pchedy	pchedy	1	57	0.017544	14	16657	0.000840	20.873434	25	0	0	1	0	0
sheol	RIGHT	24	sheol por	por	1	57	0.017544	3	16657	0.000180	97.409357	5	0	0	1	0	0
sheol	RIGHT	25	sheol qckhy	qckhy	1	57	0.017544	2	16657	0.000120	146.114035	2	0	0	1	0	0
sheol	RIGHT	26	sheol qo	qo	1	57	0.017544	12	16657	0.000720	24.352339	24	0	0	1	0	0
sheol	RIGHT	27	sheol qockhedy	qockhedy	1	57	0.017544	3	16657	0.000180	97.409357	3	0	0	1	0	0
sheol	RIGHT	28	sheol qockhy	qockhy	1	57	0.017544	11	16657	0.000660	26.566188	14	0	0	1	0	0
sheol	RIGHT	29	sheol qocphey	qocphey	1	57	0.017544	1	16657	0.000060	292.228070	1	0	0	1	0	0
sheol	RIGHT	30	sheol qocthedy	qocthedy	1	57	0.017544	2	16657	0.000120	146.114035	3	0	0	1	0	0
sheol	RIGHT	31	sheol qodar	qodar	1	57	0.017544	5	16657	0.000300	58.445614	7	0	0	1	0	0
sheol	RIGHT	32	sheol qokar	qokar	1	57	0.017544	95	16657	0.005703	3.076085	132	0	0	1	0	0
sheol	RIGHT	33	sheol qokchdy	qokchdy	1	57	0.017544	19	16657	0.001141	15.380425	29	0	0	1	0	0
sheol	RIGHT	34	sheol qokchedy	qokchedy	1	57	0.017544	19	16657	0.001141	15.380425	27	0	0	1	0	0
sheol	RIGHT	35	sheol qokchy	qokchy	1	57	0.017544	37	16657	0.002221	7.898056	58	0	0	1	0	0
sheol	RIGHT	36	sheol qokear	qokear	1	57	0.017544	3	16657	0.000180	97.409357	4	0	0	1	0	0
sheol	RIGHT	37	sheol qokeeey	qokeeey	1	57	0.017544	13	16657	0.000780	22.479082	22	0	0	1	0	0
sheol	RIGHT	38	sheol qokeey	qokeey	1	57	0.017544	183	16657	0.010986	1.596875	264	0	0	1	0	0
sheol	RIGHT	39	sheol qokor	qokor	1	57	0.017544	13	16657	0.000780	22.479082	21	0	0	1	0	0
sheol	RIGHT	40	sheol qolchey	qolchey	1	57	0.017544	6	16657	0.000360	48.704678	8	0	0	1	0	0
sheol	RIGHT	41	sheol qotchedy	qotchedy	1	57	0.017544	12	16657	0.000720	24.352339	17	0	0	1	0	0
sheol	RIGHT	42	sheol qotchs	qotchs	1	57	0.017544	1	16657	0.000060	292.228070	1	0	0	1	0	0
sheol	RIGHT	43	sheol qoteedy	qoteedy	1	57	0.017544	31	16657	0.001861	9.426712	51	0	0	1	0	0
sheol	RIGHT	44	sheol qotody	qotody	1	57	0.017544	7	16657	0.000420	41.746867	8	0	0	1	0	0
sheol	RIGHT	45	sheol she	she	1	57	0.017544	14	16657	0.000840	20.873434	17	0	0	1	0	0
sheol	RIGHT	46	sheol shedy	shedy	1	57	0.017544	163	16657	0.009786	1.792810	219	0	0	1	0	0
sheol	RIGHT	47	sheol shey	shey	1	57	0.017544	138	16657	0.008285	2.117595	179	0	0	1	0	0
sheol	RIGHT	48	sheol sho	sho	1	57	0.017544	54	16657	0.003242	5.411631	93	0	0	1	0	0
sheol	RIGHT	49	sheol shol	shol	1	57	0.017544	113	16657	0.006784	2.586089	146	0	0	1	0	0
sheol	RIGHT	50	sheol shor	shor	1	57	0.017544	55	16657	0.003302	5.313238	77	0	0	1	0	0
sheol	RIGHT	51	sheol tcheody	tcheody	1	57	0.017544	2	16657	0.000120	146.114035	5	0	0	1	0	0
sheol	RIGHT	52	sheol ykeey	ykeey	1	57	0.017544	23	16657	0.001381	12.705568	41	0	0	1	0	0
chol	LEFT	1	chol chol	chol	17	239	0.071130	251	16657	0.015069	4.720349	303	0	0	1	0	0
chol	LEFT	2	chor chol	chor	8	239	0.033473	141	16657	0.008465	3.954301	176	0	0	1	0	0
chol	LEFT	3	otol chol	otol	7	239	0.029289	47	16657	0.002822	10.380041	56	0	0	1	0	0
chol	LEFT	4	cheol chol	cheol	5	239	0.020921	94	16657	0.005643	3.707157	118	0	0	1	0	0
chol	LEFT	5	daiin chol	daiin	5	239	0.020921	412	16657	0.024734	0.845808	602	0	0	1	0	0
chol	LEFT	6	cthol chol	cthol	4	239	0.016736	35	16657	0.002101	7.965093	50	0	0	1	0	0
chol	LEFT	7	dor chol	dor	4	239	0.016736	43	16657	0.002581	6.483215	48	0	0	1	0	0
chol	LEFT	8	or chol	or	4	239	0.016736	181	16657	0.010866	1.540211	235	0	0	1	0	0
chol	LEFT	9	s chol	s	4	239	0.016736	99	16657	0.005943	2.815942	154	0	0	1	0	0
chol	LEFT	10	cthor chol	cthor	3	239	0.012552	32	16657	0.001921	6.533865	39	0	0	1	0	0
chol	LEFT	11	okaiin chol	okaiin	3	239	0.012552	134	16657	0.008045	1.560326	177	0	0	1	0	0
chol	LEFT	12	qokaiin chol	qokaiin	3	239	0.012552	180	16657	0.010806	1.161576	241	0	0	1	0	0
chol	LEFT	13	qokol chol	qokol	3	239	0.012552	63	16657	0.003782	3.318789	82	0	0	1	0	0
chol	LEFT	14	shol chol	shol	3	239	0.012552	120	16657	0.007204	1.742364	146	0	0	1	0	0
chol	LEFT	15	chedy chol	chedy	2	239	0.008368	219	16657	0.013148	0.636480	296	0	0	1	0	0
chol	LEFT	16	cheor chol	cheor	2	239	0.008368	46	16657	0.002762	3.030198	56	0	0	1	0	0
chol	LEFT	17	cthy chol	cthy	2	239	0.008368	49	16657	0.002942	2.844676	85	0	0	1	0	0
chol	LEFT	18	dal chol	dal	2	239	0.008368	81	16657	0.004863	1.720853	147	0	0	1	0	0
chol	LEFT	19	dchol chol	dchol	2	239	0.008368	15	16657	0.000901	9.292608	20	0	0	1	0	0
chol	LEFT	20	dy chol	dy	2	239	0.008368	79	16657	0.004743	1.764419	149	0	0	1	0	0
chol	LEFT	21	kchol chol	kchol	2	239	0.008368	17	16657	0.001021	8.199360	19	0	0	1	0	0
chol	LEFT	22	lcheol chol	lcheol	2	239	0.008368	6	16657	0.000360	23.231520	8	0	0	1	0	0
chol	LEFT	23	lkeey chol	lkeey	2	239	0.008368	26	16657	0.001561	5.361120	34	0	0	1	0	0
chol	LEFT	24	okal chol	okal	2	239	0.008368	73	16657	0.004383	1.909440	102	0	0	1	0	0
chol	LEFT	25	ol chol	ol	2	239	0.008368	263	16657	0.015789	0.529997	376	0	0	1	0	0
chol	LEFT	26	olaiin chol	olaiin	2	239	0.008368	20	16657	0.001201	6.969456	32	0	0	1	0	0
chol	LEFT	27	otchol chol	otchol	2	239	0.008368	20	16657	0.001201	6.969456	24	0	0	1	0	0
chol	LEFT	28	qoky chol	qoky	2	239	0.008368	79	16657	0.004743	1.764419	125	0	0	1	0	0
chol	LEFT	29	qotal chol	qotal	2	239	0.008368	36	16657	0.002161	3.871920	54	0	0	1	0	0
chol	LEFT	30	qotor chol	qotor	2	239	0.008368	18	16657	0.001081	7.743840	22	0	0	1	0	0
chol	LEFT	31	sheey chol	sheey	2	239	0.008368	88	16657	0.005283	1.583967	105	0	0	1	0	0
chol	LEFT	32	ychol chol	ychol	2	239	0.008368	8	16657	0.000480	17.423640	9	0	1	1	0	0
chol	LEFT	33	aiiin chol	aiiin	1	239	0.004184	23	16657	0.001381	3.030198	39	1	0	1	0	0
chol	LEFT	34	aiin chol	aiin	1	239	0.004184	253	16657	0.015189	0.275473	338	1	0	1	0	0
chol	LEFT	35	ain chol	ain	1	239	0.004184	46	16657	0.002762	1.515099	67	1	0	1	0	0
chol	LEFT	36	alchey chol	alchey	1	239	0.004184	2	16657	0.000120	34.847280	2	0	0	1	0	0
chol	LEFT	37	alshy chol	alshy	1	239	0.004184	1	16657	0.000060	69.694561	1	0	0	1	0	0
chol	LEFT	38	chdy chol	chdy	1	239	0.004184	59	16657	0.003542	1.181264	89	0	0	1	0	0
chol	LEFT	39	chear chol	chear	1	239	0.004184	27	16657	0.001621	2.581280	38	0	0	1	0	0
chol	LEFT	40	cheekey chol	cheekey	1	239	0.004184	5	16657	0.000300	13.938912	5	0	0	1	0	0
chol	LEFT	41	cheey chol	cheey	1	239	0.004184	109	16657	0.006544	0.639400	137	0	0	1	0	0
chol	LEFT	42	chekeey chol	chekeey	1	239	0.004184	2	16657	0.000120	34.847280	3	0	0	1	0	0
chol	LEFT	43	cheky chol	cheky	1	239	0.004184	31	16657	0.001861	2.248212	50	0	0	1	0	0
chol	LEFT	44	chety chol	chety	1	239	0.004184	14	16657	0.000840	4.978183	16	0	0	1	0	0
chol	LEFT	45	chey chol	chey	1	239	0.004184	212	16657	0.012727	0.328748	282	0	0	1	0	0
chol	LEFT	46	cheykeeed chol	cheykeeed	1	239	0.004184	1	16657	0.000060	69.694561	1	0	0	1	0	0
chol	LEFT	47	chkain chol	chkain	1	239	0.004184	9	16657	0.000540	7.743840	11	0	0	1	0	0
chol	LEFT	48	chocthy chol	chocthy	1	239	0.004184	11	16657	0.000660	6.335869	14	0	0	1	0	0
chol	LEFT	49	chody chol	chody	1	239	0.004184	49	16657	0.002942	1.422338	64	0	0	1	0	0
chol	LEFT	50	chokain chol	chokain	1	239	0.004184	7	16657	0.000420	9.956366	8	0	0	1	0	0
chol	LEFT	51	chokchol chol	chokchol	1	239	0.004184	4	16657	0.000240	17.423640	4	0	0	1	0	0
chol	LEFT	52	chokchy chol	chokchy	1	239	0.004184	10	16657	0.000600	6.969456	13	0	0	1	0	0
chol	LEFT	53	chokey chol	chokey	1	239	0.004184	3	16657	0.000180	23.231520	4	0	0	1	0	0
chol	LEFT	54	choky chol	choky	1	239	0.004184	21	16657	0.001261	3.318789	30	0	0	1	0	0
chol	LEFT	55	cholor chol	cholor	1	239	0.004184	4	16657	0.000240	17.423640	4	0	0	1	0	0
chol	LEFT	56	chotal chol	chotal	1	239	0.004184	3	16657	0.000180	23.231520	4	0	0	1	0	0
chol	LEFT	57	chotcheey chol	chotcheey	1	239	0.004184	1	16657	0.000060	69.694561	1	0	0	1	0	0
chol	LEFT	58	choteol chol	choteol	1	239	0.004184	2	16657	0.000120	34.847280	2	0	0	1	0	0
chol	LEFT	59	chotshol chol	chotshol	1	239	0.004184	2	16657	0.000120	34.847280	2	0	0	1	0	0
chol	LEFT	60	choty chol	choty	1	239	0.004184	26	16657	0.001561	2.680560	32	0	0	1	0	0
chol	LEFT	61	chty chol	chty	1	239	0.004184	7	16657	0.000420	9.956366	12	0	0	1	0	0
chol	LEFT	62	ckheey chol	ckheey	1	239	0.004184	7	16657	0.000420	9.956366	8	0	0	1	0	0
chol	LEFT	63	ckheol chol	ckheol	1	239	0.004184	4	16657	0.000240	17.423640	4	0	0	1	0	0
chol	LEFT	64	ckhey chol	ckhey	1	239	0.004184	17	16657	0.001021	4.099680	20	0	0	1	0	0
chol	LEFT	65	ckhol chol	ckhol	1	239	0.004184	12	16657	0.000720	5.807880	16	0	0	1	0	0
chol	LEFT	66	ckhy chol	ckhy	1	239	0.004184	18	16657	0.001081	3.871920	25	0	0	1	0	0
chol	LEFT	67	cphom chol	cphom	1	239	0.004184	1	16657	0.000060	69.694561	1	0	0	1	0	0
chol	LEFT	68	cthaiin chol	cthaiin	1	239	0.004184	8	16657	0.000480	8.711820	11	0	0	1	0	0
chol	LEFT	69	ctheol chol	ctheol	1	239	0.004184	7	16657	0.000420	9.956366	7	0	0	1	0	0
chol	LEFT	70	d chol	d	1	239	0.004184	5	16657	0.000300	13.938912	20	0	0	1	0	0
chol	LEFT	71	daiim chol	daiim	1	239	0.004184	2	16657	0.000120	34.847280	3	0	0	1	0	0
chol	LEFT	72	daiiny chol	daiiny	1	239	0.004184	1	16657	0.000060	69.694561	1	0	0	1	0	0
chol	LEFT	73	dain chol	dain	1	239	0.004184	101	16657	0.006064	0.690045	149	0	0	1	0	0
chol	LEFT	74	dair chol	dair	1	239	0.004184	39	16657	0.002341	1.787040	63	0	0	1	0	0
chol	LEFT	75	dcheey chol	dcheey	1	239	0.004184	7	16657	0.000420	9.956366	9	0	0	1	0	0
chol	LEFT	76	dchor chol	dchor	1	239	0.004184	17	16657	0.001021	4.099680	22	0	0	1	0	0
chol	LEFT	77	dochod chol	dochod	1	239	0.004184	1	16657	0.000060	69.694561	1	0	0	1	0	0
chol	LEFT	78	kaiin chol	kaiin	1	239	0.004184	32	16657	0.001921	2.177955	44	0	0	1	0	0
chol	LEFT	79	kchokchy chol	kchokchy	1	239	0.004184	1	16657	0.000060	69.694561	1	0	0	1	0	0
chol	LEFT	80	kchor chol	kchor	1	239	0.004184	16	16657	0.000961	4.355910	18	0	0	1	0	0
chol	LEFT	81	kchy chol	kchy	1	239	0.004184	18	16657	0.001081	3.871920	21	0	0	1	0	0
chol	LEFT	82	keol chol	keol	1	239	0.004184	13	16657	0.000780	5.361120	16	0	0	1	0	0
chol	LEFT	83	kshol chol	kshol	1	239	0.004184	2	16657	0.000120	34.847280	2	0	0	1	0	0
chol	LEFT	84	lchedy chol	lchedy	1	239	0.004184	51	16657	0.003062	1.366560	75	0	0	1	0	0
chol	LEFT	85	lkain chol	lkain	1	239	0.004184	22	16657	0.001321	3.167935	27	0	0	1	0	0
chol	LEFT	86	lkl chol	lkl	1	239	0.004184	5	16657	0.000300	13.938912	7	0	0	1	0	0
chol	LEFT	87	lol chol	lol	1	239	0.004184	11	16657	0.000660	6.335869	31	0	0	1	0	0
chol	LEFT	88	lshy chol	lshy	1	239	0.004184	3	16657	0.000180	23.231520	3	0	0	1	0	0
chol	LEFT	89	oain chol	oain	1	239	0.004184	10	16657	0.000600	6.969456	10	0	0	1	0	0
chol	LEFT	90	ochey chol	ochey	1	239	0.004184	5	16657	0.000300	13.938912	5	0	0	1	0	0
chol	LEFT	91	ochody chol	ochody	1	239	0.004184	1	16657	0.000060	69.694561	1	0	0	1	0	0
chol	LEFT	92	ochol chol	ochol	1	239	0.004184	3	16657	0.000180	23.231520	3	0	0	1	0	0
chol	LEFT	93	odaiin chol	odaiin	1	239	0.004184	29	16657	0.001741	2.403261	42	0	0	1	0	0
chol	LEFT	94	okcheol chol	okcheol	1	239	0.004184	1	16657	0.000060	69.694561	1	0	0	1	0	0
chol	LEFT	95	okchop chol	okchop	1	239	0.004184	1	16657	0.000060	69.694561	1	0	0	1	0	0
chol	LEFT	96	okeey chol	okeey	1	239	0.004184	85	16657	0.005103	0.819936	116	0	0	1	0	0
chol	LEFT	97	okeody chol	okeody	1	239	0.004184	8	16657	0.000480	8.711820	12	0	0	1	0	0
chol	LEFT	98	okeoschso chol	okeoschso	1	239	0.004184	1	16657	0.000060	69.694561	1	0	0	1	0	0
chol	LEFT	99	okol chol	okol	1	239	0.004184	36	16657	0.002161	1.935960	50	0	0	1	0	0
chol	LEFT	100	okom chol	okom	1	239	0.004184	2	16657	0.000120	34.847280	2	0	0	1	0	0
chol	LEFT	101	oky chol	oky	1	239	0.004184	44	16657	0.002642	1.583967	80	0	0	1	0	0
chol	LEFT	102	olkal chol	olkal	1	239	0.004184	6	16657	0.000360	11.615760	10	0	0	1	0	0
chol	LEFT	103	oraiin chol	oraiin	1	239	0.004184	15	16657	0.000901	4.646304	21	0	0	1	0	0
chol	LEFT	104	orain chol	orain	1	239	0.004184	5	16657	0.000300	13.938912	14	0	0	1	0	0
chol	LEFT	105	oraroekeol chol	oraroekeol	1	239	0.004184	1	16657	0.000060	69.694561	1	0	0	1	0	0
chol	LEFT	106	otaiin chol	otaiin	1	239	0.004184	97	16657	0.005823	0.718501	128	0	0	1	0	0
chol	LEFT	107	otal chol	otal	1	239	0.004184	72	16657	0.004323	0.967980	109	0	0	1	0	0
chol	LEFT	108	otarchol chol	otarchol	1	239	0.004184	1	16657	0.000060	69.694561	1	0	0	1	0	0
chol	LEFT	109	oteol chol	oteol	1	239	0.004184	15	16657	0.000901	4.646304	24	0	0	1	0	0
chol	LEFT	110	oykeey chol	oykeey	1	239	0.004184	1	16657	0.000060	69.694561	1	0	0	1	0	0
chol	LEFT	111	pcheor chol	pcheor	1	239	0.004184	4	16657	0.000240	17.423640	4	0	0	1	0	0
chol	LEFT	112	polchedy chol	polchedy	1	239	0.004184	3	16657	0.000180	23.231520	3	0	0	1	0	0
chol	LEFT	113	qeeey chol	qeeey	1	239	0.004184	3	16657	0.000180	23.231520	3	0	0	1	0	0
chol	LEFT	114	qkeeody chol	qkeeody	1	239	0.004184	1	16657	0.000060	69.694561	1	0	0	1	0	0
chol	LEFT	115	qochar chol	qochar	1	239	0.004184	1	16657	0.000060	69.694561	1	0	0	1	0	0
chol	LEFT	116	qocheor chol	qocheor	1	239	0.004184	1	16657	0.000060	69.694561	1	0	0	1	0	0
chol	LEFT	117	qodaiin chol	qodaiin	1	239	0.004184	25	16657	0.001501	2.787782	34	0	0	1	0	0
chol	LEFT	118	qokam chol	qokam	1	239	0.004184	4	16657	0.000240	17.423640	22	0	0	1	0	0
chol	LEFT	119	qokchody chol	qokchody	1	239	0.004184	2	16657	0.000120	34.847280	2	0	0	1	0	0
chol	LEFT	120	qokchy chol	qokchy	1	239	0.004184	49	16657	0.002942	1.422338	58	0	0	1	0	0
chol	LEFT	121	qokedy chol	qokedy	1	239	0.004184	121	16657	0.007264	0.575988	164	0	0	1	0	0
chol	LEFT	122	qokeeey chol	qokeeey	1	239	0.004184	14	16657	0.000840	4.978183	22	0	0	1	0	0
chol	LEFT	123	qokeey chol	qokeey	1	239	0.004184	189	16657	0.011347	0.368754	264	0	0	1	0	0
chol	LEFT	124	qokeol chol	qokeol	1	239	0.004184	27	16657	0.001621	2.581280	34	0	0	1	0	0
chol	LEFT	125	qokeor chol	qokeor	1	239	0.004184	8	16657	0.000480	8.711820	14	0	0	1	0	0
chol	LEFT	126	qokody chol	qokody	1	239	0.004184	3	16657	0.000180	23.231520	7	0	0	1	0	0
chol	LEFT	127	qokor chol	qokor	1	239	0.004184	18	16657	0.001081	3.871920	21	0	0	1	0	0
chol	LEFT	128	qoolkeey chol	qoolkeey	1	239	0.004184	1	16657	0.000060	69.694561	1	0	0	1	0	0
chol	LEFT	129	qopal chol	qopal	1	239	0.004184	1	16657	0.000060	69.694561	2	0	0	1	0	0
chol	LEFT	130	qor chol	qor	1	239	0.004184	13	16657	0.000780	5.361120	19	0	0	1	0	0
chol	LEFT	131	qotaiin chol	qotaiin	1	239	0.004184	50	16657	0.003002	1.393891	77	0	0	1	0	0
chol	LEFT	132	qotched chol	qotched	1	239	0.004184	4	16657	0.000240	17.423640	4	0	0	1	0	0
chol	LEFT	133	qotchol chol	qotchol	1	239	0.004184	11	16657	0.000660	6.335869	13	0	0	1	0	0
chol	LEFT	134	qotchy chol	qotchy	1	239	0.004184	42	16657	0.002521	1.659394	55	0	0	1	0	0
chol	LEFT	135	qoty chol	qoty	1	239	0.004184	48	16657	0.002882	1.451970	77	0	0	1	0	0
chol	LEFT	136	saiin chol	saiin	1	239	0.004184	69	16657	0.004142	1.010066	89	0	0	1	0	0
chol	LEFT	137	shar chol	shar	1	239	0.004184	18	16657	0.001081	3.871920	24	0	0	1	0	0
chol	LEFT	138	shckhdchy chol	shckhdchy	1	239	0.004184	1	16657	0.000060	69.694561	1	0	0	1	0	0
chol	LEFT	139	shedy chol	shedy	1	239	0.004184	162	16657	0.009726	0.430213	219	0	0	1	0	0
chol	LEFT	140	sheol chol	sheol	1	239	0.004184	57	16657	0.003422	1.222712	71	0	0	1	0	0
chol	LEFT	141	shey chol	shey	1	239	0.004184	133	16657	0.007985	0.524019	179	0	0	1	0	0
chol	LEFT	142	sho chol	sho	1	239	0.004184	80	16657	0.004803	0.871182	93	0	0	1	0	0
chol	LEFT	143	shodaiin chol	shodaiin	1	239	0.004184	11	16657	0.000660	6.335869	16	0	0	1	0	0
chol	LEFT	144	shody chol	shody	1	239	0.004184	27	16657	0.001621	2.581280	41	0	0	1	0	0
chol	LEFT	145	so chol	so	1	239	0.004184	3	16657	0.000180	23.231520	5	0	0	1	0	0
chol	LEFT	146	soiin chol	soiin	1	239	0.004184	10	16657	0.000600	6.969456	12	0	0	1	0	0
chol	LEFT	147	tchol chol	tchol	1	239	0.004184	11	16657	0.000660	6.335869	11	0	0	1	0	0
chol	LEFT	148	tchor chol	tchor	1	239	0.004184	15	16657	0.000901	4.646304	17	0	0	1	0	0
chol	LEFT	149	tchy chol	tchy	1	239	0.004184	12	16657	0.000720	5.807880	15	0	0	1	0	0
chol	LEFT	150	tdaiin chol	tdaiin	1	239	0.004184	1	16657	0.000060	69.694561	1	0	0	1	0	0
chol	LEFT	151	tol chol	tol	1	239	0.004184	24	16657	0.001441	2.903940	27	0	0	1	0	0
chol	LEFT	152	ty chol	ty	1	239	0.004184	9	16657	0.000540	7.743840	10	0	0	1	0	0
chol	LEFT	153	ycheor chol	ycheor	1	239	0.004184	5	16657	0.000300	13.938912	6	0	1	1	0	0
chol	LEFT	154	ychor chol	ychor	1	239	0.004184	13	16657	0.000780	5.361120	13	0	1	1	0	0
chol	LEFT	155	ykaiir chol	ykaiir	1	239	0.004184	1	16657	0.000060	69.694561	1	0	0	1	0	0
chol	LEFT	156	ykeeol chol	ykeeol	1	239	0.004184	6	16657	0.000360	11.615760	6	0	0	1	0	0
chol	LEFT	157	ykeor chol	ykeor	1	239	0.004184	4	16657	0.000240	17.423640	4	0	0	1	0	0
chol	LEFT	158	ytar chol	ytar	1	239	0.004184	16	16657	0.000961	4.355910	21	0	0	1	0	0
chol	LEFT	159	ytchdy chol	ytchdy	1	239	0.004184	3	16657	0.000180	23.231520	4	0	0	1	0	0
chol	LEFT	160	ytchey chol	ytchey	1	239	0.004184	6	16657	0.000360	11.615760	7	0	0	1	0	0
chol	LEFT	161	yto chol	yto	1	239	0.004184	1	16657	0.000060	69.694561	1	0	0	1	0	0
chol	LEFT	162	ytor chol	ytor	1	239	0.004184	11	16657	0.000660	6.335869	12	0	0	1	0	0
chol	RIGHT	1	chol daiin	daiin	25	251	0.099602	379	16657	0.022753	4.377477	602	0	0	1	0	0
chol	RIGHT	2	chol chol	chol	17	251	0.067729	239	16657	0.014348	4.720349	303	0	0	1	0	0
chol	RIGHT	3	chol chor	chor	7	251	0.027888	139	16657	0.008345	3.341999	176	0	0	1	0	0
chol	RIGHT	4	chol chy	chy	6	251	0.023904	94	16657	0.005643	4.235907	114	0	0	1	0	0
chol	RIGHT	5	chol shol	shol	6	251	0.023904	113	16657	0.006784	3.523675	146	0	0	1	0	0
chol	RIGHT	6	chol chey	chey	5	251	0.019920	216	16657	0.012968	1.536170	282	0	0	1	0	0
chol	RIGHT	7	chol ol	ol	5	251	0.019920	293	16657	0.017590	1.132467	376	0	0	1	0	0
chol	RIGHT	8	chol chody	chody	4	251	0.015936	49	16657	0.002942	5.417351	64	0	0	1	0	0
chol	RIGHT	9	chol cthol	cthol	4	251	0.015936	44	16657	0.002642	6.032959	50	0	0	1	0	0
chol	RIGHT	10	chol cthy	cthy	4	251	0.015936	77	16657	0.004623	3.447405	85	0	0	1	0	0
chol	RIGHT	11	chol dol	dol	4	251	0.015936	44	16657	0.002642	6.032959	64	0	0	1	0	0
chol	RIGHT	12	chol dy	dy	4	251	0.015936	122	16657	0.007324	2.175821	149	0	0	1	0	0
chol	RIGHT	13	chol or	or	4	251	0.015936	171	16657	0.010266	1.552340	235	0	0	1	0	0
chol	RIGHT	14	chol dain	dain	3	251	0.011952	93	16657	0.005583	2.140727	149	0	0	1	0	0
chol	RIGHT	15	chol s	s	3	251	0.011952	112	16657	0.006724	1.777568	154	0	0	1	0	0
chol	RIGHT	16	chol chaiin	chaiin	2	251	0.007968	37	16657	0.002221	3.587165	42	0	0	1	0	0
chol	RIGHT	17	chol chedy	chedy	2	251	0.007968	239	16657	0.014348	0.555335	296	0	0	1	0	0
chol	RIGHT	18	chol cheey	cheey	2	251	0.007968	102	16657	0.006124	1.301226	137	0	0	1	0	0
chol	RIGHT	19	chol cheol	cheol	2	251	0.007968	90	16657	0.005403	1.474723	118	0	0	1	0	0
chol	RIGHT	20	chol choky	choky	2	251	0.007968	27	16657	0.001621	4.915744	30	0	0	1	0	0
chol	RIGHT	21	chol cholody	cholody	2	251	0.007968	3	16657	0.000180	44.241700	4	0	0	1	0	0
chol	RIGHT	22	chol cthaiin	cthaiin	2	251	0.007968	10	16657	0.000600	13.272510	11	0	0	1	0	0
chol	RIGHT	23	chol daiiin	daiiin	2	251	0.007968	9	16657	0.000540	14.747233	12	0	0	1	0	0
chol	RIGHT	24	chol dam	dam	2	251	0.007968	31	16657	0.001861	4.281455	37	0	0	1	0	0
chol	RIGHT	25	chol dan	dan	2	251	0.007968	12	16657	0.000720	11.060425	14	0	0	1	0	0
chol	RIGHT	26	chol dar	dar	2	251	0.007968	140	16657	0.008405	0.948036	195	0	0	1	0	0
chol	RIGHT	27	chol dor	dor	2	251	0.007968	26	16657	0.001561	5.104812	48	0	0	1	0	0
chol	RIGHT	28	chol okaiin	okaiin	2	251	0.007968	140	16657	0.008405	0.948036	177	0	0	1	0	0
chol	RIGHT	29	chol otaiin	otaiin	2	251	0.007968	97	16657	0.005823	1.368300	128	0	0	1	0	0
chol	RIGHT	30	chol otar	otar	2	251	0.007968	82	16657	0.004923	1.618599	110	0	0	1	0	0
chol	RIGHT	31	chol qodaiin	qodaiin	2	251	0.007968	30	16657	0.001801	4.424170	34	0	0	1	0	0
chol	RIGHT	32	chol sho	sho	2	251	0.007968	54	16657	0.003242	2.457872	93	0	0	1	0	0
chol	RIGHT	33	chol aiin	aiin	1	251	0.003984	267	16657	0.016029	0.248549	338	1	0	1	0	0
chol	RIGHT	34	chol ar	ar	1	251	0.003984	193	16657	0.011587	0.343847	242	0	0	1	0	0
chol	RIGHT	35	chol chckhy	chckhy	1	251	0.003984	88	16657	0.005283	0.754120	115	0	0	1	0	0
chol	RIGHT	36	chol chcthal	chcthal	1	251	0.003984	2	16657	0.000120	33.181275	2	0	0	1	0	0
chol	RIGHT	37	chol chedchey	chedchey	1	251	0.003984	1	16657	0.000060	66.362550	1	0	0	1	0	0
chol	RIGHT	38	chol cheo	cheo	1	251	0.003984	28	16657	0.001681	2.370091	36	0	0	1	0	0
chol	RIGHT	39	chol cheodal	cheodal	1	251	0.003984	5	16657	0.000300	13.272510	5	0	0	1	0	0
chol	RIGHT	40	chol cheody	cheody	1	251	0.003984	45	16657	0.002702	1.474723	54	0	0	1	0	0
chol	RIGHT	41	chol cheoky	cheoky	1	251	0.003984	6	16657	0.000360	11.060425	6	0	0	1	0	0
chol	RIGHT	42	chol cheor	cheor	1	251	0.003984	43	16657	0.002581	1.543315	56	0	0	1	0	0
chol	RIGHT	43	chol cheos	cheos	1	251	0.003984	21	16657	0.001261	3.160121	22	0	0	1	0	0
chol	RIGHT	44	chol ches	ches	1	251	0.003984	23	16657	0.001381	2.885328	28	0	0	1	0	0
chol	RIGHT	45	chol chky	chky	1	251	0.003984	12	16657	0.000720	5.530212	15	0	0	1	0	0
chol	RIGHT	46	chol chl	chl	1	251	0.003984	20	16657	0.001201	3.318127	24	0	0	1	0	0
chol	RIGHT	47	chol chodaiin	chodaiin	1	251	0.003984	27	16657	0.001621	2.457872	37	0	0	1	0	0
chol	RIGHT	48	chol choiin	choiin	1	251	0.003984	9	16657	0.000540	7.373617	10	0	0	1	0	0
chol	RIGHT	49	chol chokchodaiin	chokchodaiin	1	251	0.003984	1	16657	0.000060	66.362550	1	0	0	1	0	0
chol	RIGHT	50	chol chokeody	chokeody	1	251	0.003984	2	16657	0.000120	33.181275	2	0	0	1	0	0
chol	RIGHT	51	chol choldy	choldy	1	251	0.003984	5	16657	0.000300	13.272510	5	0	0	1	0	0
chol	RIGHT	52	chol cholor	cholor	1	251	0.003984	4	16657	0.000240	16.590637	4	0	0	1	0	0
chol	RIGHT	53	chol chotaiin	chotaiin	1	251	0.003984	7	16657	0.000420	9.480364	7	0	0	1	0	0
chol	RIGHT	54	chol chotom	chotom	1	251	0.003984	1	16657	0.000060	66.362550	2	0	0	1	0	0
chol	RIGHT	55	chol chotor	chotor	1	251	0.003984	4	16657	0.000240	16.590637	4	0	0	1	0	0
chol	RIGHT	56	chol chpcheor	chpcheor	1	251	0.003984	1	16657	0.000060	66.362550	1	0	0	1	0	0
chol	RIGHT	57	chol cphey	cphey	1	251	0.003984	5	16657	0.000300	13.272510	5	0	0	1	0	0
chol	RIGHT	58	chol cphol	cphol	1	251	0.003984	8	16657	0.000480	8.295319	10	0	0	1	0	0
chol	RIGHT	59	chol ctheees	ctheees	1	251	0.003984	1	16657	0.000060	66.362550	1	0	0	1	0	0
chol	RIGHT	60	chol ctholy	ctholy	1	251	0.003984	4	16657	0.000240	16.590637	4	0	0	1	0	0
chol	RIGHT	61	chol cthor	cthor	1	251	0.003984	33	16657	0.001981	2.010986	39	0	0	1	0	0
chol	RIGHT	62	chol dair	dair	1	251	0.003984	39	16657	0.002341	1.701604	63	0	0	1	0	0
chol	RIGHT	63	chol dairin	dairin	1	251	0.003984	1	16657	0.000060	66.362550	1	0	0	1	0	0
chol	RIGHT	64	chol dairodg	dairodg	1	251	0.003984	1	16657	0.000060	66.362550	1	0	0	1	0	0
chol	RIGHT	65	chol dal	dal	1	251	0.003984	116	16657	0.006964	0.572091	147	0	0	1	0	0
chol	RIGHT	66	chol dchy	dchy	1	251	0.003984	15	16657	0.000901	4.424170	20	0	0	1	0	0
chol	RIGHT	67	chol dl	dl	1	251	0.003984	8	16657	0.000480	8.295319	13	0	0	1	0	0
chol	RIGHT	68	chol dockhy	dockhy	1	251	0.003984	1	16657	0.000060	66.362550	1	0	0	1	0	0
chol	RIGHT	69	chol dolcheey	dolcheey	1	251	0.003984	1	16657	0.000060	66.362550	1	0	0	1	0	0
chol	RIGHT	70	chol dolody	dolody	1	251	0.003984	1	16657	0.000060	66.362550	1	0	0	1	0	0
chol	RIGHT	71	chol dytchy	dytchy	1	251	0.003984	1	16657	0.000060	66.362550	2	0	0	1	0	0
chol	RIGHT	72	chol ekey	ekey	1	251	0.003984	1	16657	0.000060	66.362550	1	0	0	1	0	0
chol	RIGHT	73	chol kaiin	kaiin	1	251	0.003984	36	16657	0.002161	1.843404	44	0	0	1	0	0
chol	RIGHT	74	chol kar	kar	1	251	0.003984	33	16657	0.001981	2.010986	42	0	0	1	0	0
chol	RIGHT	75	chol kchoy	kchoy	1	251	0.003984	2	16657	0.000120	33.181275	2	0	0	1	0	0
chol	RIGHT	76	chol kedy	kedy	1	251	0.003984	13	16657	0.000780	5.104812	16	0	0	1	0	0
chol	RIGHT	77	chol keeaiin	keeaiin	1	251	0.003984	1	16657	0.000060	66.362550	1	0	0	1	0	0
chol	RIGHT	78	chol keedy	keedy	1	251	0.003984	20	16657	0.001201	3.318127	22	0	0	1	0	0
chol	RIGHT	79	chol keol	keol	1	251	0.003984	15	16657	0.000901	4.424170	16	0	0	1	0	0
chol	RIGHT	80	chol kor	kor	1	251	0.003984	11	16657	0.000660	6.032959	13	0	0	1	0	0
chol	RIGHT	81	chol lcholkaiin	lcholkaiin	1	251	0.003984	1	16657	0.000060	66.362550	1	0	0	1	0	0
chol	RIGHT	82	chol lkaiin	lkaiin	1	251	0.003984	32	16657	0.001921	2.073830	43	0	0	1	0	0
chol	RIGHT	83	chol lkain	lkain	1	251	0.003984	25	16657	0.001501	2.654502	27	0	0	1	0	0
chol	RIGHT	84	chol lsheol	lsheol	1	251	0.003984	1	16657	0.000060	66.362550	1	0	0	1	0	0
chol	RIGHT	85	chol odaiin	odaiin	1	251	0.003984	32	16657	0.001921	2.073830	42	0	0	1	0	0
chol	RIGHT	86	chol odor	odor	1	251	0.003984	3	16657	0.000180	22.120850	3	0	0	1	0	0
chol	RIGHT	87	chol oeear	oeear	1	251	0.003984	2	16657	0.000120	33.181275	3	0	0	1	0	0
chol	RIGHT	88	chol okain	okain	1	251	0.003984	77	16657	0.004623	0.861851	112	0	0	1	0	0
chol	RIGHT	89	chol okair	okair	1	251	0.003984	12	16657	0.000720	5.530212	17	0	0	1	0	0
chol	RIGHT	90	chol okal	okal	1	251	0.003984	70	16657	0.004202	0.948036	102	0	0	1	0	0
chol	RIGHT	91	chol okarol	okarol	1	251	0.003984	1	16657	0.000060	66.362550	2	0	0	1	0	0
chol	RIGHT	92	chol okary	okary	1	251	0.003984	4	16657	0.000240	16.590637	5	0	0	1	0	0
chol	RIGHT	93	chol okeol	okeol	1	251	0.003984	28	16657	0.001681	2.370091	41	0	0	1	0	0
chol	RIGHT	94	chol okeoldy	okeoldy	1	251	0.003984	1	16657	0.000060	66.362550	1	0	0	1	0	0
chol	RIGHT	95	chol okey	okey	1	251	0.003984	25	16657	0.001501	2.654502	36	0	0	1	0	0
chol	RIGHT	96	chol oky	oky	1	251	0.003984	62	16657	0.003722	1.070364	80	0	0	1	0	0
chol	RIGHT	97	chol oldaiin	oldaiin	1	251	0.003984	5	16657	0.000300	13.272510	5	0	0	1	0	0
chol	RIGHT	98	chol olkain	olkain	1	251	0.003984	25	16657	0.001501	2.654502	30	0	0	1	0	0
chol	RIGHT	99	chol olkar	olkar	1	251	0.003984	11	16657	0.000660	6.032959	14	0	0	1	0	0
chol	RIGHT	100	chol olkchey	olkchey	1	251	0.003984	2	16657	0.000120	33.181275	3	0	0	1	0	0
chol	RIGHT	101	chol olkol	olkol	1	251	0.003984	2	16657	0.000120	33.181275	3	0	0	1	0	0
chol	RIGHT	102	chol oly	oly	1	251	0.003984	40	16657	0.002401	1.659064	48	0	0	1	0	0
chol	RIGHT	103	chol opcheaiin	opcheaiin	1	251	0.003984	1	16657	0.000060	66.362550	1	0	0	1	0	0
chol	RIGHT	104	chol otchol	otchol	1	251	0.003984	14	16657	0.000840	4.740182	24	0	0	1	0	0
chol	RIGHT	105	chol oteeedchey	oteeedchey	1	251	0.003984	1	16657	0.000060	66.362550	1	0	0	1	0	0
chol	RIGHT	106	chol oteeol	oteeol	1	251	0.003984	4	16657	0.000240	16.590637	5	0	0	1	0	0
chol	RIGHT	107	chol oty	oty	1	251	0.003984	72	16657	0.004323	0.921702	92	0	0	1	0	0
chol	RIGHT	108	chol pchody	pchody	1	251	0.003984	1	16657	0.000060	66.362550	3	0	0	1	0	0
chol	RIGHT	109	chol qekeey	qekeey	1	251	0.003984	2	16657	0.000120	33.181275	2	0	0	1	0	0
chol	RIGHT	110	chol qoar	qoar	1	251	0.003984	5	16657	0.000300	13.272510	7	0	0	1	0	0
chol	RIGHT	111	chol qokain	qokain	1	251	0.003984	168	16657	0.010086	0.395015	256	0	0	1	0	0
chol	RIGHT	112	chol qokeedy	qokeedy	1	251	0.003984	132	16657	0.007925	0.502747	201	0	0	1	0	0
chol	RIGHT	113	chol qokeeody	qokeeody	1	251	0.003984	8	16657	0.000480	8.295319	10	0	0	1	0	0
chol	RIGHT	114	chol qokol	qokol	1	251	0.003984	56	16657	0.003362	1.185046	82	0	0	1	0	0
chol	RIGHT	115	chol qokom	qokom	1	251	0.003984	2	16657	0.000120	33.181275	2	0	0	1	0	0
chol	RIGHT	116	chol qooiin	qooiin	1	251	0.003984	1	16657	0.000060	66.362550	1	0	0	1	0	0
chol	RIGHT	117	chol qotain	qotain	1	251	0.003984	46	16657	0.002762	1.442664	60	0	0	1	0	0
chol	RIGHT	118	chol qotchedy	qotchedy	1	251	0.003984	12	16657	0.000720	5.530212	17	0	0	1	0	0
chol	RIGHT	119	chol qotcheol	qotcheol	1	251	0.003984	2	16657	0.000120	33.181275	3	0	0	1	0	0
chol	RIGHT	120	chol qotchey	qotchey	1	251	0.003984	13	16657	0.000780	5.104812	18	0	0	1	0	0
chol	RIGHT	121	chol qoty	qoty	1	251	0.003984	56	16657	0.003362	1.185046	77	0	0	1	0	0
chol	RIGHT	122	chol raiin	raiin	1	251	0.003984	40	16657	0.002401	1.659064	45	0	0	1	0	0
chol	RIGHT	123	chol rar	rar	1	251	0.003984	11	16657	0.000660	6.032959	11	0	0	1	0	0
chol	RIGHT	124	chol sain	sain	1	251	0.003984	24	16657	0.001441	2.765106	53	0	0	1	0	0
chol	RIGHT	125	chol shar	shar	1	251	0.003984	19	16657	0.001141	3.492766	24	0	0	1	0	0
chol	RIGHT	126	chol shd	shd	1	251	0.003984	4	16657	0.000240	16.590637	5	0	0	1	0	0
chol	RIGHT	127	chol sheeol	sheeol	1	251	0.003984	8	16657	0.000480	8.295319	9	0	0	1	0	0
chol	RIGHT	128	chol sheey	sheey	1	251	0.003984	87	16657	0.005223	0.762788	105	0	0	1	0	0
chol	RIGHT	129	chol sheoees	sheoees	1	251	0.003984	1	16657	0.000060	66.362550	1	0	0	1	0	0
chol	RIGHT	130	chol shoky	shoky	1	251	0.003984	6	16657	0.000360	11.060425	6	0	0	1	0	0
chol	RIGHT	131	chol shom	shom	1	251	0.003984	4	16657	0.000240	16.590637	4	0	0	1	0	0
chol	RIGHT	132	chol shotol	shotol	1	251	0.003984	2	16657	0.000120	33.181275	3	0	0	1	0	0
chol	RIGHT	133	chol shy	shy	1	251	0.003984	54	16657	0.003242	1.228936	67	0	0	1	0	0
chol	RIGHT	134	chol taidy	taidy	1	251	0.003984	1	16657	0.000060	66.362550	1	0	0	1	0	0
chol	RIGHT	135	chol tar	tar	1	251	0.003984	13	16657	0.000780	5.104812	33	0	0	1	0	0
chol	RIGHT	136	chol todaiin	todaiin	1	251	0.003984	1	16657	0.000060	66.362550	5	0	0	1	0	0
chol	RIGHT	137	chol tsho	tsho	1	251	0.003984	2	16657	0.000120	33.181275	5	0	0	1	0	0
chol	RIGHT	138	chol y	y	1	251	0.003984	47	16657	0.002822	1.411969	84	0	0	1	0	0
chol	RIGHT	139	chol ykaiin	ykaiin	1	251	0.003984	14	16657	0.000840	4.740182	33	0	0	1	0	0
chol	RIGHT	140	chol ykcheody	ykcheody	1	251	0.003984	1	16657	0.000060	66.362550	1	0	0	1	0	0
chol	RIGHT	141	chol ykchor	ykchor	1	251	0.003984	2	16657	0.000120	33.181275	4	0	0	1	0	0
chol	RIGHT	142	chol ykchy	ykchy	1	251	0.003984	9	16657	0.000540	7.373617	15	0	0	1	0	0
chol	RIGHT	143	chol ykeeol	ykeeol	1	251	0.003984	1	16657	0.000060	66.362550	6	0	0	1	0	0
chol	RIGHT	144	chol ykol	ykol	1	251	0.003984	5	16657	0.000300	13.272510	9	0	0	1	0	0
chol	RIGHT	145	chol ytaiin	ytaiin	1	251	0.003984	32	16657	0.001921	2.073830	39	0	0	1	0	0
chol	RIGHT	146	chol ytchy	ytchy	1	251	0.003984	10	16657	0.000600	6.636255	14	0	0	1	0	0
chol	RIGHT	147	chol ytedy	ytedy	1	251	0.003984	8	16657	0.000480	8.295319	12	0	0	1	0	0
chol	RIGHT	148	chol ytod	ytod	1	251	0.003984	1	16657	0.000060	66.362550	1	0	0	1	0	0
